01-01 15:00:41.418     0     0 I I00000/HiLog: ========Zeroth log of type: init
09-28 17:52:19.568  1971  1971 W A01b01/HOME: FormModel: get all forms from layout
09-28 17:52:19.568  1971  1971 I A01b01/HOME: PageDesktopViewModel --> index: 1, pageList: 1, is outer: false
09-28 17:52:19.568  1971  1971 W A01b01/HOME: PageDesktopViewModel --> no cards in layout!
09-28 17:52:21.055  1971  1971 E A04200/WINDOW: [SCBMission]SCBSceneMissionManager: findMainSessionGlobalById error, not exist.
09-28 17:52:21.055  1971  1971 E A04200/WINDOW: [SCBMission]SCBScenePanelMissionHandler: [Screen:0][Panel:1] invalid persistentId
09-28 17:52:21.056  1971  1971 I A04200/WINDOW: [SCBMission]SCBScenePanelMissionHandler: [Screen:0][Panel:1] get none existing session.
09-28 17:52:21.056  1971  1971 E A04200/WINDOW: [SCBMission]SCBScenePanelMissionHandler: [Screen:0][Panel:2] invalid persistentId
09-28 17:52:21.056  1971  1971 I A04200/WINDOW: [SCBMission]SCBScenePanelMissionHandler: [Screen:0][Panel:2] get none existing session.
09-28 17:52:21.056  1971  1971 I A04200/WINDOW: [SCBMission]SCBSceneMissionManager: no exist container session match the info to be found.
09-28 17:52:21.056  1971  1971 I A04200/WINDOW: SCBRootSceneSession: onPendingSceneSessionActivation sceneInfo.persistentId:40 callState: 0 callerPersistentId: 0 windowMode: 0 appIndex: 0 needClearInNotShowRecent: falsedeviceTypes:  resizable: 0 supportWindowMode: 
09-28 17:52:21.056  1971  1971 I A04200/WINDOW: SCBRootSceneSession: onPendingSceneSessionActivation sceneInfo.screenName:UNKNOWN
09-28 17:52:21.057  1971  1971 I A04200/WINDOW: SCBRootSceneSession: fileManagerMode: , extraFormIdentity: 
09-28 17:52:21.057  1971  1971 W A04200/WINDOW: SCBSSM: [SCBMain]startSceneFromOther:{persistentId:40, screenId: 0, bundleInfo:com.unity3d.player.UnityPlayerActivity/com.a2hlab.bridge.zigzag/entry/0, unclearableSession:undefined, callerPersistentId:0, callerAbilityName: , toPersistentId:0, launchType:0, isNewInstance:false, fullScreenStart:false, _windowMode:1, isAppUseControl:undefined, isUnclearableInRecent:undefined, focusedOnShow:true, isAtomicService:falseisStartupInstallFree:false, isNewAppInstance:false, appInstanceKey:}, startMode:1
09-28 17:52:21.057  1971  1971 W A04200/WINDOW: SCBSSM: isExclusion, app startup detect
09-28 17:52:21.057  1971  1971 I A01b01/HOME: DeliverUtil: get default const.app_eco.support_ohos: default get default persist.ohos_fusion_mgr.ctl.support_ohos: default
09-28 17:52:21.057  1971  1971 I A01b01/HOME: SampleManager: isSampleMg: false
09-28 17:52:21.057  1971  1971 I A04200/WINDOW: SCBSSM: SCBSSM
09-28 17:52:21.057  1971  1971 I A04200/WINDOW: SCBSSM: SCBSSM
09-28 17:52:21.057  1971  1971 I A04200/WINDOW: SCBSSM: Start scene on screen with screenId: 0!
09-28 17:52:21.057  1971  1971 W A01b01/HOME: SCBScenePanelViewModel: [SCBMain][id:40][sceneInfo:com.a2hlab.bridge.zigzag/entry/com.unity3d.player.UnityPlayerActivity/0][screenId:0]onStartSceneFromOther.
09-28 17:52:21.057  1971  1971 I A04200/WINDOW: [SCBMission]SCBScenePanelMissionHandler: [Screen:0][Panel:1] get none existing session.
09-28 17:52:21.058  1971  1971 I A04200/WINDOW: [SCBMission]SCBScenePanelMissionHandler: [Screen:0][Panel:1] get none existing session.
09-28 17:52:21.058  1971  1971 I A04200/WINDOW: [SCBMission]SCBScenePanelMissionHandler: [Screen:0][Panel:2] get none existing session.
09-28 17:52:21.058  1971  1971 I A04200/WINDOW: [SCBMission]SCBScenePanelMissionHandler: [Screen:0][Panel:2] get none existing session.
09-28 17:52:21.058  1971  1971 I A04200/WINDOW: [SCBMission]SCBSceneMissionManager: no exist container session match the info to be found.
09-28 17:52:21.058  1971  1971 I A01b01/HOME: StartAndExitVisualEffectManager: mIsPowerSaveMode: false
09-28 17:52:21.058  1971  1971 I A01b01/HOME: StartAndExitVisualEffectManager: mIsStartExitBlurDisable: true
09-28 17:52:21.058  1971  1971 W A01b01/HOME: SCBScenePanelViewModel: onStartSceneFromOther get CardId from formID cardId =  isStartCard=false
09-28 17:52:21.058  1971  1971 I A04200/WINDOW: SCBScenePanelViewModel: [SCBMain][id:40][screenId:0]requestSceneSession, callerPersistentId:0, needLinkCaller:true
09-28 17:52:21.058  1971  1971 I A04200/WINDOW: SCBScenePanelViewModel: [SCBMain] find sceneSession from other screen
09-28 17:52:21.058  1971  1971 I A04200/WINDOW: SCBSSM: popSceneFromOtherScreen toScreen: 0 needBackground: true, needUpdateScreenId: true
09-28 17:52:21.058  1971  1971 E A04200/WINDOW: [SCBMission]SCBSceneMissionManager: findMainSessionGlobalById error, not exist.
09-28 17:52:21.058  1971  1971 I A04200/WINDOW: [SCBMission]SCBSceneMissionManager: popSceneFromOtherScreenByPersistentId not found target session
09-28 17:52:21.058  1971  1971 I A04200/WINDOW: [SCBMission]SCBScenePanelMissionHandler: [Screen:0][Panel:1] get none existing session.
09-28 17:52:21.058  1971  1971 I A04200/WINDOW: [SCBMission]SCBScenePanelMissionHandler: [Screen:0][Panel:1] get none existing session.
09-28 17:52:21.058  1971  1971 I A04200/WINDOW: [SCBMission]SCBScenePanelMissionHandler: [Screen:0][Panel:2] get none existing session.
09-28 17:52:21.058  1971  1971 I A04200/WINDOW: [SCBMission]SCBScenePanelMissionHandler: [Screen:0][Panel:2] get none existing session.
09-28 17:52:21.058  1971  1971 I A04200/WINDOW: [SCBMission]SCBSceneMissionManager: no exist container session match the info to be found.
09-28 17:52:21.058  1971  1971 I A04200/WINDOW: [SCBMission]SCBSceneMissionManager: popSceneFromOtherScreenByInfo not found target session
09-28 17:52:21.058  1971  1971 I A04200/WINDOW: SCBSSM: isProjectionBundleName bundleName = com.a2hlab.bridge.zigzag, screenId = 0
09-28 17:52:21.058  1971  1971 I A04200/WINDOW: SCBScenePanelViewModel: [SCBMain]requestSceneSession using exist persistentId: 40
09-28 17:52:21.058  1971  1971 W A04200/WINDOW: SCBScenePanelViewModel: getSceneSessionByPersistentId find nothing, id 40
09-28 17:52:21.059  1971  1971 W A04200/WINDOW: SCBScenePanelViewModel: [SCBMain][id:40][sceneInfo:com.a2hlab.bridge.zigzag/entry/com.unity3d.player.UnityPlayerActivity/0][screenId:0]request New SceneSession.
09-28 17:52:21.059  1971  1971 I A04200/WINDOW: SCBSSM: [SCBMain] set isAbilityHook false
09-28 17:52:21.060  1971  1971 I A04200/WINDOW: [SCBMission]SCBSceneMissionManager: [SCBMain][id:40][sceneInfo:com.a2hlab.bridge.zigzag/entry/com.unity3d.player.UnityPlayerActivity/0][screenId:0]requestSceneSession suceess, udpate persistentId from 40 to 40, udpate appInstanceKey from  to 
09-28 17:52:21.060  1971  1971 I A01b01/HOME: ResourceManager: getAppName bundleName:com.a2hlab.bridge.zigzag, moduleName:com.a2hlab.bridge.zigzag, labelId:16777219
09-28 17:52:21.060  1971  1971 I A04200/WINDOW: ContainerSessionInitBasicStrategy: Initialize the basic data state and mission management data status of the sceneSession.
09-28 17:52:21.061  1971  1971 I A04200/WINDOW: SCBSceneSession: SCBSceneSession registerData category:0.
09-28 17:52:21.061  1971  1971 I A04200/WINDOW: SCBSceneSession: SCBSceneSession registerData category:1.
09-28 17:52:21.061  1971  1971 I A04200/WINDOW: SCBSceneSession: SCBSceneSession registerState category:0.
09-28 17:52:21.061  1971  1971 I A04200/WINDOW: SCBSceneSession: requestOrientation: 0 queryKey: com.a2hlab.bridge.zigzagentrycom.unity3d.player.UnityPlayerActivity
09-28 17:52:21.063  1971  1971 I A04200/WINDOW: [SCBMission]SCBSceneMissionManager: cacheNewSceneSession of id: 40, exist: false.
09-28 17:52:21.064  1971  1971 W A04200/WINDOW: SCBScenePanelViewModel: Failed to get scene containerSession with session id: 40
09-28 17:52:21.064  1971  1971 I A01b01/HOME: SCBScenePanelViewModel: postStartSceneFromOtherEvent: com.a2hlab.bridge.zigzag + com.unity3d.player.UnityPlayerActivity
09-28 17:52:21.065  1971  1971 W A01a01/NC: DropdownPanel-Index: onStartSceneFromOtherEvent return. event: com.a2hlab.bridge.zigzag isViewShowing:false
09-28 17:52:21.065  1971  1971 I A04200/WINDOW: SCBScenePanelViewModel: GuidanceLog set unNeedKnowMore
09-28 17:52:21.065  1971  1971 I A01b00/SCB: SCBTM: findTransitionController. bundleName: com.a2hlab.bridge.zigzag, overlayBundleName: undefined
09-28 17:52:21.065  1971  1971 W A01b01/HOME: PageDesktopModel: findTransitionController shortcutId empty bundleName:com.a2hlab.bridge.zigzag
09-28 17:52:21.065  1971  1971 W A01b01/HOME: PageDesktopModel: findTransitionController bundleName: com.a2hlab.bridge.zigzag, abilityName: com.unity3d.player.UnityPlayerActivity, startType: 0, formCardId: undefined, cardId: undefined, extraId: undefined, appIndex: 0, shortcutId: undefined, appInstanceKey: %{public}s
09-28 17:52:21.065  1971  1971 W A01b00/SCB: SCBTM: Find controller success ? true, findData: {"bundleName":"com.a2hlab.bridge.zigzag","abilityName":"com.unity3d.player.UnityPlayerActivity","appIndex":0,"appIconId":"","iconRadius":0,"appIconNumber":0,"startAppType":0,"isOpenFolder":false}
09-28 17:52:21.066  1971  1971 W A01b01/HOME: SCBScenePanelViewModel: [SCBMain]onStartSceneFromOther isNewWant false. StartApp:com.a2hlab.bridge.zigzag
09-28 17:52:21.068  1971  1971 I A04200/WINDOW: ContainerSessionInitBasicStrategy: Initialize the basic data state and mission management data status of the containerSession.
09-28 17:52:21.068  1971  1971 I A01b00/SCB: SCBSCS: registerData category:0.
09-28 17:52:21.068  1971  1971 I A01b00/SCB: SCBSCS: registerData category:1.
09-28 17:52:21.068  1971  1971 I A01b00/SCB: SCBSCS: registerState category:1.
09-28 17:52:21.068  1971  1971 I A01b00/SCB: SCBSCS: registerState category:0.
09-28 17:52:21.068  1971  1971 I A01b00/SCB: SCBSCS: set NeedRenderClip clipWidth from 0 to 1200
09-28 17:52:21.068  1971  1971 I A01b00/SCB: SCBSCS: set NeedRenderClip clipHeight from 0 to 1920
09-28 17:52:21.068  1971  1971 I A01b00/SCB: SCBSCS: bundleName: com.a2hlab.bridge.zigzag, persistentId: 40
09-28 17:52:21.069  1971  1971 I A04200/WINDOW: SCBSPM: Add scene container session, id: 9
09-28 17:52:21.069  1971  1971 I A01b01/HOME: SCBScenePanelViewModel: [SCBMain]onStartSceneFromOther add new session: 9
09-28 17:52:21.069  1971  1971 I A0421d/WMSRotation: [startSceneWithRotationIfNeed] containerSession com.unity3d.player.UnityPlayerActivity/com.a2hlab.bridge.zigzag/entry/0(persistentId: 40)(containerId: 9), needAnimation false isFromRecent false fromUser false isPageRotation false
09-28 17:52:21.069  1971  1971 I A0421d/WMSRotation: [coverSensorRotation] cover sensor rotation.
09-28 17:52:21.069  1971  1971 I A0421d/WMSRotation: [calculateScreenPropertyWithRotation] before rotation: {"left":0,"top":0,"width":1200,"height":1920,"radius":0,"rotation":0,"screenId":0,"rsId":0,"defaultScreenOrientation":0,"_rotationOffset":0,"_correctingRotation":0,"_defaultRotation":0,"translateX":0,"translateY":0}
09-28 17:52:21.069  1971  1971 I A0421d/WMSRotation: [calculateScreenPropertyWithRotation]after rotation: {"left":0,"top":0,"width":1200,"height":1920,"radius":0,"rotation":0,"screenId":0,"rsId":0,"defaultScreenOrientation":0,"_rotationOffset":0,"_correctingRotation":0,"_defaultRotation":0,"translateX":0,"translateY":0}
09-28 17:52:21.069  1971  1971 I A04200/WINDOW: SCBScreenSession: coverPhoneSensorRotation sensorProperty: {"left":0,"top":0,"width":1200,"height":1920,"radius":0,"rotation":0,"screenId":0,"rsId":0,"defaultScreenOrientation":0,"_rotationOffset":0,"_correctingRotation":0,"_defaultRotation":0,"translateX":0,"translateY":0}
09-28 17:52:21.069  1971  1971 I A04200/WINDOW: SCBScreenSM: screenRotationLocked value:false
09-28 17:52:21.069  1971  1971 W A0421d/WMSRotation: [getTargetRotation] bundleName:com.a2hlab.bridge.zigzag requestOrientation:0 isScreenLocked:false isPlacedRotateFriendlyDevicePlaced:false fixedRotation: -1
09-28 17:52:21.069  1971  1971 I A04200/WINDOW: SCBSceneOrientationPolicy: SCBDefaultOrientationPolicy: currentScreenRotation: 0, sensorRotation: 0, isScreenLocked: false, fromUser: false, isPlacedRotateFriendlyDevicePlaced: false
09-28 17:52:21.070  1971  1971 W A0421d/WMSRotation: [startSceneWithRotationIfNeed] before rotate with targetRotation=0, sensorRotation=0, currentScreenRotation=0, currentContainerRotation=0, name=com.a2hlab.bridge.zigzag
09-28 17:52:21.070  1971  1971 I A0421d/WMSRotation: [rotateWindowPolicy] rotate with window policy.
09-28 17:52:21.070  1971  1971 I A0421d/WMSRotation: [rotateWindowPolicy] no need to rotate with same targetRotation.
09-28 17:52:21.070  1971  1971 W A01b01/HOME: SCBScenePanelViewModel: [SCBMain]onStartSceneFromOther com.unity3d.player.UnityPlayerActivity/com.a2hlab.bridge.zigzag/entry/0(persistentId: 40)(containerId: 9) isActive:false isStartCard:false needBlurAnimation:true scenePanelState:0
09-28 17:52:21.070  1971  1971 I A01b09/RECENT: RecentPanelViewModel: [SCBMain]onStartSceneFromOther com.example.helloworld.MainActivity/com.example.helloworld/entry/0(persistentId: 32)(containerId: 7) notShowSessionDestroy
09-28 17:52:21.070  1971  1971 W A01b01/HOME: SCBScenePanelViewModel: [SCBMain]onStartSceneFromOther do not need minimize former scene, activeContainer is null? true
09-28 17:52:21.070  1971  1971 I A04200/WINDOW: SCBSPM: Remove container id: 9, 40
09-28 17:52:21.070  1971  1971 I A01b09/RECENT: RecentDockRefreshAlarm: start alarm recent dock: com.unity3d.player.UnityPlayerActivity/com.a2hlab.bridge.zigzag/entry/0(persistentId: 40)(containerId: 9)
09-28 17:52:21.070  1971  1971 W A0420a/WMSLife: Request scene container session activation, name: com.unity3d.player.UnityPlayerActivity/com.a2hlab.bridge.zigzag/entry/0(persistentId: 40)(containerId: 9) isNewActive: false, isPersist: true, reason: undefined
09-28 17:52:21.070  1971  1971 I A04200/WINDOW: SCBSceneRecentMissionManager: add id 40 to recentMissionIdSet
09-28 17:52:21.070  1971  1971 I A04200/WINDOW: SCBSceneSession: [SCBMain]requestSceneSessionActivation: isNewActive: false, isPersist: true, reason: undefined, name: com.unity3d.player.UnityPlayerActivity/com.a2hlab.bridge.zigzag/entry/0(persistentId: 40), containerRotation: 0
09-28 17:52:21.071  1971  1971 I A04200/WINDOW: SCBSSM: [SCBMain][id:40]requestSceneSessionActivation.
09-28 17:52:21.071  1971  1971 I A04200/WINDOW: [a92ab738d511617] SCBSSM: [SCBMain]setIsPendingToBackgroundState, state:false
09-28 17:52:21.071  1971  1971 I A04200/WINDOW: [a92ab738d511617] SCBSSM: [SCBMain]setIsActivatedAfterScreenLocked, isScreenLocked: false
09-28 17:52:21.071  1971  1971 I A04200/WINDOW: SCBSceneSession: [SCBMain]isForegroundAndActive: sessionState: undefined, isActive: true
09-28 17:52:21.071  1971  1971 I A04200/WINDOW: SCBScenePersistent: update to persistentMap, bundleName: com.a2hlab.bridge.zigzag moduleName: entry abilityName: com.unity3d.player.UnityPlayerActivity
09-28 17:52:21.071  1971  1971 I A01b01/HOME: SCBScenePanelViewModel: enter FULLSCENE
09-28 17:52:21.071  1971  1971 I A01b09/RECENT: RecentPanel: RecentViewParam init
09-28 17:52:21.072  1971  1971 W A01b00/SCB: SCBSCS: [SCBSCS] sceneAlpha from 0 to 1. reason: init, extra: com.ohos.settings.MainAbility/com.ohos.settings/phone/0(persistentId: 31)(containerId: 1)
09-28 17:52:21.072  1971  1971 W A01b00/SCB: SCBSCS: [SCBSCS] sceneAlpha from 0 to 1. reason: init, extra: EntryAbility/org.westlake.la9/entry/0(persistentId: 36)(containerId: 2)
09-28 17:52:21.072  1971  1971 W A01b00/SCB: SCBSCS: [SCBSCS] sceneAlpha from 0 to 1. reason: init, extra: EntryAbility/org.westlake.la6/entry/0(persistentId: 33)(containerId: 3)
09-28 17:52:21.073  1971  1971 W A01b00/SCB: SCBSCS: [SCBSCS] sceneAlpha from 0 to 1. reason: init, extra: EntryAbility/org.westlake.la0/entry/0(persistentId: 29)(containerId: 4)
09-28 17:52:21.073  1971  1971 W A01b00/SCB: SCBSCS: [SCBSCS] sceneAlpha from 0 to 1. reason: init, extra: EntryAbility/org.westlake.la1/entry/0(persistentId: 42)(containerId: 5)
09-28 17:52:21.073  1971  1971 W A01b00/SCB: SCBSCS: [SCBSCS] sceneAlpha from 0 to 1. reason: init, extra: EntryAbility/org.westlake.imehost/entry/0(persistentId: 30)(containerId: 6)
09-28 17:52:21.074  1971  1971 W A01b00/SCB: SCBSCS: [SCBSCS] sceneAlpha from 0 to 1. reason: init, extra: com.unity3d.player.UnityPlayerActivity/com.a2hlab.bridge.zigzag/entry/0(persistentId: 40)(containerId: 9)
09-28 17:52:21.074  1971  1971 I A01b01/HOME: SCBScenePanelViewModel: updateScenePanelState from 0 to 1
09-28 17:52:21.074  1971  1971 I A01b01/HOME: SCBDesktop: scenePanelState change 1
09-28 17:52:21.074  1971  1971 I A01b01/HOME: SCBDesktop: updateScenePanelState, sceneState:1
09-28 17:52:21.074  1971  1971 W A01c05/FORM: PageDesktopViewModel --> localEventListener receive event: launcher.event.REQUEST_FORM_RECYCLE
09-28 17:52:21.074  1971  1971 I A01c05/FORM: PageDesktopViewModel --> current recycleFormEventHandler, state = true, currentStartApp = false
09-28 17:52:21.074  1971  1971 I A01b00/SCB: LocalEventManager: sendLocalEvent, send local event with no receiver
09-28 17:52:21.074  1971  1971 I A01c05/FORM: FormStackExpandView: formstack expand onScenePanelStateChange: 1
09-28 17:52:21.075  1971  1971 I A01a00/SYS_UI: SystemUIView: onScenePanelStateChange: 1
09-28 17:52:21.075  1971  1971 I A01b0a/GESTURE: AIBarView: ScenepanelState has change to 1
09-28 17:52:21.075  1971  1971 I A01a00/SYS_UI: SystemUIView: onScenePanelStateChange: 1
09-28 17:52:21.075  1971  1971 I A01b0a/GESTURE: FloatingNavigationManager: setScenePanelState 1
09-28 17:52:21.075  1971  1971 I A01b0a/GESTURE: FloatingNavigationManager: sendFloatingIsInApp true
09-28 17:52:21.075  1971  1971 I A01b0a/GESTURE: FloatingNavigationManager: sendFloatingNavIsInApp swich is closed
09-28 17:52:21.075  1971  1971 I A01b01/HOME: SCBScenePanel: is scrolling value is  false  state is  1 
09-28 17:52:21.075  1971  1971 I A01b00/SCB: PerformanceReporter: Enter calledScene:32, currentMemScene:32
09-28 17:52:21.076  1971  1971 W A01b09/RECENT: SCBScenePanelSession: setBgBlurEnable, isBlurEnable: true, caller function name: updateScenePanelState
09-28 17:52:21.076  1971  1971 I A01b00/SCB: GlobalContext: getObject (1): desktopContext is null: false
09-28 17:52:21.076  1971  1971 I A01b00/SCB: GlobalContext: getObject (1): desktopContext is null: false
09-28 17:52:21.079  1971  1971 I A01b01/HOME: SCBScenePanel: [scenePanelCanvasStyles] set Scale to: 1
09-28 17:52:21.084  1971  1971 I A01b0a/GESTURE: AIBarView: checkShowAiBar
09-28 17:52:21.084  1971  1971 I A04200/WINDOW: SCBSSM: getSystemSceneSessionWithId persistentId:18, mainScreenId:0, screenId:0
09-28 17:52:21.084  1971  1971 I A04200/WINDOW: SCBSSM: Find system scene session : 18
09-28 17:52:21.085  1971  1971 I A01b0a/GESTURE: aiBarViewData: powerMode:600 thermalLevel:0 isEnterDeliver:false
09-28 17:52:21.087  1971  1971 I A01b01/HOME: SCBSceneContainer: init.
09-28 17:52:21.087  1971  1971 I A01b0a/GESTURE: SCBEventExclusiveManager: registerEventExclusive, caller:SPLIT_GESTURE
09-28 17:52:21.087  1971  1971 I A04200/WINDOW: SCBScreenSM: registerScreenRotateChangeCallbacks caller: at aboutToAppear (SCBSceneContainer.ts:902:47)
09-28 17:52:21.087  1971  1971 I A04200/WINDOW: SCBScreenSM: registerScreenRotateChangeCallbacks screenId: 0 14
09-28 17:52:21.088  1971  1971 W A01b01/HOME: SCBSceneContainer: [SCBMain] com.unity3d.player.UnityPlayerActivity/com.a2hlab.bridge.zigzag/entry/0(persistentId: 40)(containerId: 9) enableShow change from false to true. Detail:isPrebuildStageEnableShow:false, showInRecent:false, sceneContainerSession.enableShow:true, showInScrolling:false
09-28 17:52:21.096  1971  1971 I A01c06/ICON: CompanionIcon: aboutToAppear
09-28 17:52:21.097  1971  1971 W A01c06/ICON: CompanionIcon: updateIcon startType: 0
09-28 17:52:21.097  1971  1971 I A01c06/ICON: CompanionIcon: aboutToAppear moduleName: undefined, bundleName: undefined, startAppType: undefined
09-28 17:52:21.097  1971  1971 I A04200/WINDOW: SCBSSM: Register func type: 23 with screenId: 0 success.
09-28 17:52:21.097  1971  1971 I A04200/WINDOW: SCBSSM: Register func type: 14 with screenId: 0 success.
09-28 17:52:21.098  1971  1971 I A04200/WINDOW: SCBSceneViewModel: init.
09-28 17:52:21.098  1971  1971 I A04200/WINDOW: SCBSceneSession: registerOnUpdateSessionIconCallback
09-28 17:52:21.098  1971  1971 W A04200/WINDOW: SCBSceneSession: registerCreateSubSessionCallback, id: 40, on panel: undefined
09-28 17:52:21.098  1971  1971 I A04200/WINDOW: SCBSceneSession: [SCBDialog] registerCreateDialogCallback
09-28 17:52:21.098  1971  1971 I A04200/WINDOW: SCBSceneSession: registerSessionTouchableChangeCallback
09-28 17:52:21.098  1971  1971 I A04200/WINDOW: SCBSceneSession: registerSessionSystemBarPropertyCallback
09-28 17:52:21.098  1971  1971 I A04200/WINDOW: SCBSceneSession: registerUpdatePiPTemplateInfoCallback, persistentId: 40
09-28 17:52:21.098  1971  1971 I A04200/WINDOW: SCBKioskModeManager: sceneType=SCBScene40 registerKioskModeChangeEvent success.
09-28 17:52:21.105  1971  1971 I A04200/WINDOW: SCBSPM: onBlurTransitionActive blurScale:1 source:SCBScenePanel > startBlurAnimation leg 1 isForegroundBlurActive:false
09-28 17:52:21.105  1971  1971 W A01b09/RECENT: SCBScenePanelSession: setBgBlurScale, blurScale: 0 to 1,caller function name: SCBScenePanel > startBlurAnimation leg 1
09-28 17:52:21.106  1971  1971 I A01b01/HOME: SCBScenePanelViewModel: setScenePanelTouchableByNavigation is false, scenePanelState is 1 isTouchableByNavBar:false isTouchable:undefined
09-28 17:52:21.106  1971  1971 I A04200/WINDOW: SCBSystemSceneSession: setSessionTouchable:false this.sessionChangeCallback:undefined
09-28 17:52:21.106  1971  1971 I A04200/WINDOW: SCBSSM: [SCBMain]notifyForegroundInteractiveStatus, persistentId:40 interactive:true
09-28 17:52:21.107  1971  1971 I A04209/WMSImms: enterRecent:false
09-28 17:52:21.107  1971  1971 I A04200/WINDOW: SCBSSM: displayData(1200 1920) 
09-28 17:52:21.107  1971  1971 I A01b01/HOME: SCBScenePanelViewModel: close formservice and managerview when fullscene
09-28 17:52:21.107  1971  1971 I A01a00/SYS_UI: OverlayStartAnimHelper: checkStartOverlayTransitionIn
09-28 17:52:21.107  1971  1971 E A01a00/SYS_UI: OverlayStartAnimHelper: overlayCardInfo is invalid
09-28 17:52:21.107  1971  1971 I A04200/WINDOW: SCBSSM: resetStartingSceneFromPiP
09-28 17:52:21.107  1971  1971 I A01b01/HOME: SCBScenePanelViewModel: Not quickAccessMenu
09-28 17:52:21.108  1971  1971 W A01b01/HOME: SCBScenePanelViewModel: [SCBMain]onStartSceneFromOther !isActive call sceneContainerZoomIn
09-28 17:52:21.108  1971  1971 W A01c06/ICON: CompanionIcon: isNeedUpdateIcon name is Empty, return false
09-28 17:52:21.108  1971  1971 W A01c06/ICON: CompanionIcon: isNeedUpdateIcon name is Empty, return false
09-28 17:52:21.108  1971  1971 W A01b00/SCB: SCBSCS: [SCBScenePanelViewModel] sceneAlpha from 1 to 0. reason: sceneContainerZoomIn, extra: com.unity3d.player.UnityPlayerActivity/com.a2hlab.bridge.zigzag/entry/0(persistentId: 40)(containerId: 9)
09-28 17:52:21.108  1971  1971 I A0421d/WMSRotation: [startSceneWithRotationIfNeed] containerSession com.unity3d.player.UnityPlayerActivity/com.a2hlab.bridge.zigzag/entry/0(persistentId: 40)(containerId: 9), needAnimation false isFromRecent false fromUser false isPageRotation false
09-28 17:52:21.108  1971  1971 I A0421d/WMSRotation: [coverSensorRotation] cover sensor rotation.
09-28 17:52:21.109  1971  1971 I A04200/WINDOW: SCBScreenSM: screenRotationLocked value:false
09-28 17:52:21.109  1971  1971 W A0421d/WMSRotation: [getTargetRotation] bundleName:com.a2hlab.bridge.zigzag requestOrientation:0 isScreenLocked:false isPlacedRotateFriendlyDevicePlaced:false fixedRotation: -1
09-28 17:52:21.109  1971  1971 I A04200/WINDOW: SCBSceneOrientationPolicy: SCBDefaultOrientationPolicy: currentScreenRotation: 0, sensorRotation: 0, isScreenLocked: false, fromUser: false, isPlacedRotateFriendlyDevicePlaced: false
09-28 17:52:21.109  1971  1971 W A0421d/WMSRotation: [startSceneWithRotationIfNeed] before rotate with targetRotation=0, sensorRotation=0, currentScreenRotation=0, currentContainerRotation=0, name=com.a2hlab.bridge.zigzag
09-28 17:52:21.109  1971  1971 I A0421d/WMSRotation: [rotateWindowPolicy] rotate with window policy.
09-28 17:52:21.109  1971  1971 I A0421d/WMSRotation: [rotateWindowPolicy] no need to rotate with same targetRotation.
09-28 17:52:21.109  1971  1971 W A04202/WMSMain: add failed. com.unity3d.player.UnityPlayerActivity/com.a2hlab.bridge.zigzag/entry/0(persistentId: 40)(containerId: 9) already existed in array
09-28 17:52:21.109  1971  1971 I A04200/WINDOW: SCBSceneRecentMissionManager: add id 40 to recentMissionIdSet
09-28 17:52:21.109  1971  1971 I A04200/WINDOW: SCBSPM: Remove container id: 9, 40
09-28 17:52:21.110  1971  1971 I A01b09/RECENT: RecentDockRefreshAlarm: refresh recent dock: com.unity3d.player.UnityPlayerActivity/com.a2hlab.bridge.zigzag/entry/0(persistentId: 40)(containerId: 9)
09-28 17:52:21.110  1971  1971 I A01b09/RECENT: RecentDockRefreshAlarm: start alarm recent dock: com.unity3d.player.UnityPlayerActivity/com.a2hlab.bridge.zigzag/entry/0(persistentId: 40)(containerId: 9)
09-28 17:52:21.110  1971  1971 W A01b00/SCB: SCBSCS: Add count 9, 0
09-28 17:52:21.110  1971  1971 I A01b00/SCB: SCBTM: Add count 9, 0
09-28 17:52:21.110  1971  1971 W A01b00/SCB: SCBSCS: getTransitionCount from session 9, 1
09-28 17:52:21.110  1971  1971 W A01b00/SCB: SCBTM: getTransitionCount from animationMap 9, 1
09-28 17:52:21.110  1971  1971 W A01b01/HOME: SCBScenePanelAnimator: sceneContainerZoomIn 
09-28 17:52:21.110  1971  1971 W A01b00/SCB: SCBTM: notifySceneTransitionIn isTransitionInFromOther: true
09-28 17:52:21.110  1971  1971 I A0001b/AA: OutSideWindowManager: globalSearchStatus: 0
09-28 17:52:21.113  1971  1971 E A04200/WINDOW: SCBSSM: image is null.
09-28 17:52:21.113  1971  1971 I A04200/WINDOW: SCBSSM: updateStatusbarColor contentColor: #ffffffff
09-28 17:52:21.113  1971  1971 I A04209/WMSImms: set desktop prop:[5,true,"#00000000","#ffffffff",true,true,null]
09-28 17:52:21.113  1971  1971 I A04209/WMSImms: update force prop:[0,false,"#00000000","#ffffffff",true,true,null],callfrom:RecentTask out
09-28 17:52:21.115  1971  1971 I A01b01/HOME: WallpaperManager --> updateDeskTopWallpaperScale scale = 1.1;
09-28 17:52:21.115  1971  1971 I A0001b/AA: OutSideWindowManager: globalSearchStatus: 0
09-28 17:52:21.115  1971  1971 W A01b01/HOME: SCBDesktop: onDesktopAnimateScaleChanged changeScale to 0.88, due to:onActive
09-28 17:52:21.116  1971  1971 I A01b00/SCB: SCBTM: change currentTransitionController
09-28 17:52:21.116  1971  1971 I A01b00/SCB: SCBTM: cleanTransition ignore
09-28 17:52:21.116  1971  1971 I A04200/WINDOW: SCBSPM: onBlurTransitionActive blurScale:1 source:SCBScenePanel > sceneContainerZoomIn isForegroundBlurActive:false
09-28 17:52:21.116  1971  1971 W A01b00/SCB: SCBSCS: [SCBScenePanelViewModel] sceneAlpha from 0 to 1. reason: sceneContainerZoomIn, extra: com.unity3d.player.UnityPlayerActivity/com.a2hlab.bridge.zigzag/entry/0(persistentId: 40)(containerId: 9)
09-28 17:52:21.116  1971  1971 W A01b00/SCB: SCBSCS: getTransitionCount from session 9, 1
09-28 17:52:21.116  1971  1971 W A01b00/SCB: SCBTM: getTransitionCount from animationMap 9, 1
09-28 17:52:21.116  1971  1971 I A01b01/HOME: SCBScenePanelAnimator: startSceneFromOther animation count: before 1,
09-28 17:52:21.116  1971  1971 I A01b01/HOME:         current 1
09-28 17:52:21.116  1971  1971 W A01b00/SCB: SCBSCS: getTransitionCount from session 9, 1
09-28 17:52:21.116  1971  1971 W A01b00/SCB: SCBTM: getTransitionCount from animationMap 9, 1
09-28 17:52:21.116  1971  1971 W A01b00/SCB: SCBSCS: clearTransitionCount 9, 1
09-28 17:52:21.116  1971  1971 I A01b00/SCB: SCBTM: clearTransitionCount 9, 1
09-28 17:52:21.117  1971  1971 I A01b00/SCB: AnimateToScheduleUtils: raiseAppStartToCPUPriority: 1
09-28 17:52:21.117  1971  1971 I A01b00/SCB: LocalEventManager: sendLocalEvent, send local event with no receiver
09-28 17:52:21.117  1971  1971 I A01b09/RECENT: QuickSwitchRaiseTopAlarm: cancel alarm, reason: start scene from other
09-28 17:52:21.117  1971  1971 I A04200/WINDOW: [SCBMission]SCBSceneMissionManager: startSceneFromOther, to: com.unity3d.player.UnityPlayerActivity/com.a2hlab.bridge.zigzag/entry/0 on screen 0
09-28 17:52:21.117  1971  1971 I A04200/WINDOW: [SCBMission]SCBSceneMissionManager: no need defer start
09-28 17:52:21.117  1971  1971 W A04200/WINDOW: [SCBMission]SCBScenePanelMissionHandler: [Screen:0][Panel:1]getMissionProcessor null, fallback to empty default
09-28 17:52:21.117  1971  1971 W A04200/WINDOW: [SCBMission]SCBScenePanelMissionHandler: [Screen:0][Panel:2]getMissionProcessor null, fallback to empty default
09-28 17:52:21.117  1971  1971 E A01b01/HOME: ResourceManager: getAppName error: {"code":9001001,"message":"GetStringById failed state"}
09-28 17:52:21.118  1971  1971 I A01b01/HOME: ResourceManager: getBundleAppNameFromBms for com.a2hlab.bridge.zigzag resMgrName: com.a2hlab.bridge.zigzag
09-28 17:52:21.118  1971  1971 I A01b01/HOME: ResourceManager: setBundleAppNameCache cacheKey:com.a2hlab.bridge.zigzag, value: com.a2hlab.bridge.zigzag
09-28 17:52:21.118  1971  1971 I A04200/WINDOW: SCBSSM: [SCBMain] get app name: 
09-28 17:52:21.118  1971  1971 I A04200/WINDOW: SCBSSM: [SCBMain]setLabel, label:
09-28 17:52:21.119  1971  1971 I A01b00/SCB: TaskpoolUtil: task sequenceExecute
09-28 17:52:21.119  1971  1971 I A01b00/SCB: TaskpoolUtil: task sequenceExecute finally
09-28 17:52:21.123  1971  1971 I A01b00/SCB: TaskpoolUtil: task sequenceExecute
09-28 17:52:21.123  1971  1971 I A01b00/SCB: TaskpoolUtil: task sequenceExecute finally
09-28 17:52:21.125  1971  1971 I A04200/WINDOW: SCBSSM: onShiftFocus id: 11 -> 40, displayGroupId: 0
09-28 17:52:21.125  1971  1971 I A01b00/SCB: ViewManagerPolicy --> 11 notifyViewLoseFocus
09-28 17:52:21.125  1971  1971 I A01b0a/GESTURE: SCBGestureManager: onLoseFocus
09-28 17:52:21.125  1971  1971 I A01b01/HOME: SCBDesktop: Desktop lose focus, the scenePanelState is 1
09-28 17:52:21.126  1971  1971 I A01a00/SYS_UI: SystemUIView: onDeskTopChange: false
09-28 17:52:21.126  1971  1971 I A01a00/SYS_UI: SystemUIView: onDeskTopChange: false
09-28 17:52:21.126  1971  1971 W A01b01/HOME: ExposureManager --> desktop exposure desktopExposureTimeStart: 574103, lastTime: 3539
09-28 17:52:21.126  1971  1971 W A01b01/HOME: ExposureManager --> desktop exposure displayCount: 1
09-28 17:52:21.126  1971  1971 W A01b01/HOME: ExposureManager --> desktop exposure pageIndexStart: 1, pageIndexEnd: 1, pageCount: 1
09-28 17:52:21.126  1971  1971 I A01b01/HOME: BaseLayoutCacheManager: getAllGridLayoutItemList from exposure, size: 25
09-28 17:52:21.127  1971  1971 W A01b01/HOME: ExposureManager --> desktop exposure save data: {desktopPageIndex:1,exposureTime:19,exposureCount:4,desktopAppInfoList:[{bundleName:com.ohos.clock,coordinate:{column:1,row:2},station:desktop},{bundleName:com.ohos.filemanager,coordinate:{column:0,row:3},station:desktop},{bundleName:com.ohos.calculator,coordinate:{column:1,row:3},station:desktop},{bundleName:com.ohos.note,coordinate:{column:2,row:3},station:desktop},{bundleName:com.ohos.smartperf,coordinate:{column:3,row:3},station:desktop},{bundleName:com.ohos.updateapp,coordinate:{column:0,row:4},station:desktop},{bundleName:ohos.samples.distributedmusicplayer,coordinate:{column:1,row:4},station:desktop},{bundleName:com.ohos.contacts,coordinate:{column:0,row:2},station:desktop},{bundleName:org.westlake.imehost,coordinate:{column:0,row:0},station:desktop},{bundleName:org.westlake.la0,coordinate:{column:1,row:0},station:desktop},{bundleName:org.westlake.la1,coordinate:{column:2,row:0},station:desktop},{bundleName:org.westlake.la2,coordinate:{column:3,row:0},station:desktop},{bundleName:org.westlake.la3,coordinate:{column:0,row:1},station:desktop},{bundleName:org.westlake.la4,coordinate:{column:1,row:1},station:desktop},{bundleName:org.westlake.la5,coordinate:{column:2,row:1},station:desktop},{bundleName:org.westlake.la6,coordinate:{column:3,row:1},station:desktop},{bundleName:org.westlake.la7,coordinate:{column:2,row:2},station:desktop},{bundleName:org.westlake.la8,coordinate:{column:3,row:2},station:desktop},{bundleName:org.westlake.la9,coordinate:{column:2,row:4},station:desktop},{bundleName:org.westlake.la10,coordinate:{column:3,row:4},station:desktop},{bundleName:org.westlake.la11,coordinate:{column:0,row:5},station:desktop},{bundleName:com.example.helloworld,coordinate:{column:1,row:5},station:desktop},{bundleName:com.a2hlab.bridge.zigzag,coordinate:{column:2,row:5},station:desktop},{bundleName:com.ohos.contacts,coordinate:{column:0,row:0},station:dock},{bundleName:com.ohos.mms,coordinate:{column:1,row:0},station:dock},{bundleName:com.ohos.camera,coordinate:{column:2,row:0},station:dock},],desktopFolderInfoList:[],desktopCardInfoList:[],desktopStackInfoList:[]}
09-28 17:52:21.127  1971  1971 I A04200/WINDOW: SCBWindowFocusController: setFocusedSession, displayGroupId: 0, sessionId: 40, displayId: 0, screenId: 0
09-28 17:52:21.128  1971  1971 I A01a00/SYS_UI: AppLifeCycleManager: StateChanged, state is not page com.ohos.sceneboard_phone_sceneboard_com.ohos.sceneboard.MainAbility_1971
09-28 17:52:21.210  1971  1971 I A01b09/RECENT: RecentDockRefreshAlarm: refresh recent dock: com.unity3d.player.UnityPlayerActivity/com.a2hlab.bridge.zigzag/entry/0(persistentId: 40)(containerId: 9)
09-28 17:52:21.218  1971  1971 I A04200/WINDOW: SCBSceneSession: onSessionShowWhenLockedChange, status:false of id:40 ignored.
09-28 17:52:22.116  1971  1971 I A01b09/RECENT: SCBDesktopCacheManager: FreezeTrack setWallPaperScale old:1, new:1.1, reason:onActive
09-28 17:52:22.775  1971  1971 I A01a00/SYS_UI: AppLifeCycleManager: Ability state changed, uid: 20010067, key: com.a2hlab.bridge.zigzag_entry_com.unity3d.player.UnityPlayerActivity_13946, isForeground: true, state 2
09-28 17:52:22.775  1971  1971 I A01a00/SYS_UI: AppLifeCycleManager: Ability state change: new foregroundAbilities: 20010067: com.a2hlab.bridge.zigzag_entry_com.unity3d.player.UnityPlayerActivity_11760,com.a2hlab.bridge.zigzag_entry_com.unity3d.player.UnityPlayerActivity_13946
09-28 17:52:22.860  1971  1971 I A04200/WINDOW: SCBSceneSession: onCreateSpecificSession, callbacks: valid
09-28 17:52:22.861  1971  1971 I A04200/WINDOW: SCBSpecificSession: constructor, id: 41, type: 2, parentId: 40, type: object
09-28 17:52:22.862  1971  1971 I A04200/WINDOW: SCBScene: [SCBSub] create subSession success, + id: 41parentId: 40
09-28 17:52:22.863  1971  1971 I A04208/WMSLayout: rectChangeCallback is undefined, id: 41, reason: 0, rect: [0, 0, 1200, 1920], currRect: [0, 0, 1200, 1920]
09-28 17:52:22.863  1971  1971 I A04200/WINDOW: SCBSpecificSession: id:41 updateSizeChangeReason:0
09-28 17:52:22.864  1971  1971 I A04200/WINDOW: SCBScene: [SCBSub] onSubSessionZLevelChange, index: 0, Id: 41
09-28 17:52:22.864  1971  1971 I A04200/WINDOW: SCBScene: [SCBSub] onSubSessionZLevelChange, index: 0, length: 1
09-28 17:52:22.864  1971  1971 I A04208/WMSLayout: followParentWindowLayout is null
09-28 17:52:22.864  1971  1971 I A04200/WINDOW: SCBSpecificSession: persistentId: 41 follow screen change : false!
09-28 17:52:22.864  1971  1971 I A04200/WINDOW: SCBSpecificSession: onSessionStateChange, id: 41, state: 1
09-28 17:52:22.865  1971  1971 I A04200/WINDOW: SCBScene: [SCBSub] state change, persistentId: 41, state: 1, isActive: false, length: 1
09-28 17:52:22.865  1971  1971 I A04200/WINDOW: SCBSpecificSession: setSubWindowSource, source: 0
09-28 17:52:22.866  1971  1971 I A04200/WINDOW: SCBSpecificScene: aboutToAppear, id: 41, currRect: [0, 0, 1200, 1920]
09-28 17:52:22.866  1971  1971 I A04200/WINDOW: SCBSpecificSession: registerSessionRectChangeCallback screenId:0
09-28 17:52:22.866  1971  1971 I A04200/WINDOW: SCBSpecificSession: registerSessionTouchableChangeCallback
09-28 17:52:22.867  1971  1971 I A04200/WINDOW: SCBSpecificSession: registerCreateSubSessionCallback
09-28 17:52:22.867  1971  1971 I A04200/WINDOW: SCBSpecificSession: registerSetWindowCornerRadiusCallback
09-28 17:52:22.867  1971  1971 I A04208/WMSLayout: register follow rect callback, screenId: undefined}
09-28 17:52:22.867  1971  1971 I A04200/WINDOW: SCBSpecificScene: onFollowParentWindowLayout, isFollow: false
09-28 17:52:22.867  1971  1971 I A04200/WINDOW: SCBSpecificSession: registerSetWindowShadowsCallback
09-28 17:52:22.867  1971  1971 I A04200/WINDOW: SCBSpecificSession: registerMaximizeRectChangeCallback persistentId: 41
09-28 17:52:22.868  1971  1971 I A04200/WINDOW: SCBSpecificScene: enable show is false, id: 41, type: 2
09-28 17:52:22.893  1971  1971 I A04200/WINDOW: SCBSpecificSession: onSessionStateChange, id: 41, state: 2
09-28 17:52:22.894  1971  1971 I A04200/WINDOW: SCBScene: [SCBSub] update subwindow zorder. persistentId: 41
09-28 17:52:22.894  1971  1971 I A04200/WINDOW: SCBScene: [SCBSub] state change, persistentId: 41, state: 2, isActive: true, length: 1
09-28 17:52:22.894  1971  1971 I A04200/WINDOW: SCBSpecificSession: onSessionStateChange, id: 41, state: 3
09-28 17:52:22.894  1971  1971 I A04200/WINDOW: SCBSpecificSession: Skip state change, SessionState: 3
09-28 17:52:22.894  1971  1971 I A04208/WMSLayout: rectChangeCallback exists, id: 41, reason: 0, rect: [0, 0, 1200, 1920], displayId:-1
09-28 17:52:22.894  1971  1971 I A04200/WINDOW: SCBSpecificScene: onSessionRectChange start, id: 41 reason: 0, rect: [0, 0, 1200, 1920], currRect: [0, 0, 1200, 1920]
09-28 17:52:22.894  1971  1971 I A04200/WINDOW: SCBSpecificScene: session rect not change
09-28 17:52:22.894  1971  1971 I A04200/WINDOW: SCBSpecificSession: id:41 updateSizeChangeReason:0
09-28 17:52:22.897  1971  1971 I A04200/WINDOW: SCBSpecificScene: enable show is true, is in active state, id: 41, type: 2
09-28 17:52:22.898  1971  1971 I A04200/WINDOW: WindowAnimationUtils: getSubWindowTransitionEffect start
09-28 17:52:23.333  1971  1971 I A04208/WMSLayout: rectChangeCallback exists, id: 41, reason: 0, rect: [0, 0, 1200, 1920], displayId:-1
09-28 17:52:23.333  1971  1971 I A04200/WINDOW: SCBSpecificScene: onSessionRectChange start, id: 41 reason: 0, rect: [0, 0, 1200, 1920], currRect: [0, 0, 1200, 1920]
09-28 17:52:23.333  1971  1971 I A04200/WINDOW: SCBSpecificScene: session rect not change
09-28 17:52:23.333  1971  1971 I A04200/WINDOW: SCBSpecificSession: id:41 updateSizeChangeReason:0
09-28 17:52:23.366  1971  1971 I A04208/WMSLayout: rectChangeCallback exists, id: 41, reason: 0, rect: [0, 0, 1200, 1920], displayId:-1
09-28 17:52:23.366  1971  1971 I A04200/WINDOW: SCBSpecificScene: onSessionRectChange start, id: 41 reason: 0, rect: [0, 0, 1200, 1920], currRect: [0, 0, 1200, 1920]
09-28 17:52:23.367  1971  1971 I A04200/WINDOW: SCBSpecificScene: session rect not change
09-28 17:52:23.367  1971  1971 I A04200/WINDOW: SCBSpecificSession: id:41 updateSizeChangeReason:0
09-28 17:52:24.075  1971  1971 I A01b01/HOME: PageDesktopViewModel --> index: 1, pageList: 1, is outer: false
09-28 17:52:24.075  1971  1971 W A01b01/HOME: PageDesktopViewModel --> no cards in layout!
09-28 17:52:24.075  1971  1971 W A01b01/HOME: FormModel: get all forms from layout
09-28 17:52:24.075  1971  1971 W A01b01/HOME: PageDesktopViewModel --> cards num not reach limit, no need to recycle
09-28 17:52:26.004  1971  1971 I A04208/WMSLayout: rectChangeCallback exists, id: 41, reason: 0, rect: [0, 0, 1200, 1920], displayId:-1
09-28 17:52:26.004  1971  1971 I A04200/WINDOW: SCBSpecificScene: onSessionRectChange start, id: 41 reason: 0, rect: [0, 0, 1200, 1920], currRect: [0, 0, 1200, 1920]
09-28 17:52:26.004  1971  1971 I A04200/WINDOW: SCBSpecificScene: session rect not change
09-28 17:52:26.004  1971  1971 I A04200/WINDOW: SCBSpecificSession: id:41 updateSizeChangeReason:0
09-28 17:52:48.587   879  1104 E C01406/skia: SurfaceNodeDrawable DrawCommSurfaceWatermark Name:SCBStatusBar15 Id:8465380540646 water mark count is zero
09-28 17:52:48.589   879  1104 E C02515/DISP: [0;32;31m[GetMetadata:109] <private> is not supported[m
09-28 17:52:48.589   879  1104 E C02515/DISP: [0;32;31m[SetMetadata:102] <private> is not supported[m
09-28 17:52:48.589   879  1104 E C02515/METADATA_SRV: [0;32;31m[SetMetadata:136]  fail[m
09-28 17:52:48.589   879  1104 E C01401/Bufferqueue: <surface_buffer_impl.cpp:714-SetMetadata>: SetMetadata Failed with -5
09-28 17:52:48.589   879  1104 E C01406/skia: RSUniRenderComposerAdapter::SetBufferColorSpace set color space fail
09-28 17:52:48.600 13946 14169 I C00f00/OH_DER_VSync: onOhVsync ENTRY ts=<private> data=<private>
09-28 17:52:48.600 13946 14168 I C00f00/OH_DER_VSync: scheduleVsync ENTRY receiverPtr=0x<private>
09-28 17:52:48.600 13946 14168 I C00f00/OH_DER_VSync: scheduleVsync calling RequestFrame ohVsync=<private>
09-28 17:52:48.601 13946 14168 I C00f00/OH_DER_VSync: scheduleVsync RequestFrame rc=<private>
09-28 17:52:48.602   879  1223 E C02515/DISP: [0;32;31m[SetMetadata:102] <private> is not supported[m
09-28 17:52:48.602   879  1223 E C02515/METADATA_SRV: [0;32;31m[SetMetadata:136]  fail[m
09-28 17:52:48.602   879  1223 E C01401/Bufferqueue: <surface_buffer_impl.cpp:714-SetMetadata>: SetMetadata Failed with -5
09-28 17:52:48.602   797  4165 E C02515/DISP: [0;32;31m[SetLayerMaskInfo@display_composer_vdi_impl.cpp:404] <private> is not supported[m
09-28 17:52:48.602   879  1233 E C02515/DISP: [0;32;31m[SetMetadata:102] <private> is not supported[m
09-28 17:52:48.602   879  1233 E C02515/METADATA_SRV: [0;32;31m[SetMetadata:136]  fail[m
09-28 17:52:48.603   879  1233 E C01401/Bufferqueue: <surface_buffer_impl.cpp:714-SetMetadata>: SetMetadata Failed with -5
09-28 17:52:48.603   797  4165 E C02515/DISP: [0;32;31m[SetDisplayClientDamage@display_composer_vdi_impl.cpp:179] <private> is not supported[m
09-28 17:52:48.617 13946 14169 I C00f00/OH_DER_VSync: onOhVsync ENTRY ts=<private> data=<private>
09-28 17:52:48.617 13946 14168 I C00f00/OH_DER_VSync: scheduleVsync ENTRY receiverPtr=0x<private>
09-28 17:52:48.617 13946 14168 I C00f00/OH_DER_VSync: scheduleVsync calling RequestFrame ohVsync=<private>
09-28 17:52:48.617   879   879 E C02515/DISP: [0;32;31m[GetMetadata:109] <private> is not supported[m
09-28 17:52:48.617 13946 14168 I C00f00/OH_DER_VSync: scheduleVsync RequestFrame rc=<private>
09-28 17:52:48.617   879   879 E C02515/DISP: [0;32;31m[GetMetadata:109] <private> is not supported[m
09-28 17:52:48.617   879   879 E C02515/DISP: [0;32;31m[GetMetadata:109] <private> is not supported[m
09-28 17:52:48.618   879   879 E C01406/skia: RSBaseRenderUtil::DealWithSurfaceRotationAndGravity, GetSurfaceBufferOpaque:0
09-28 17:52:48.618   879   879 E C02515/DISP: [0;32;31m[GetMetadata:109] <private> is not supported[m
09-28 17:52:48.619   879   879 E C01406/skia: RSBaseRenderUtil::DealWithSurfaceRotationAndGravity, GetSurfaceBufferOpaque:0
09-28 17:52:48.619   879   879 E C02515/DISP: [0;32;31m[GetMetadata:109] <private> is not supported[m
09-28 17:52:48.620   879  1104 E C02515/DISP: [0;32;31m[SetMetadata:102] <private> is not supported[m
09-28 17:52:48.621   879  1104 E C02515/METADATA_SRV: [0;32;31m[SetMetadata:136]  fail[m
09-28 17:52:48.621   879  1104 E C01401/Bufferqueue: <surface_buffer_impl.cpp:714-SetMetadata>: SetMetadata Failed with -5
09-28 17:52:48.621   879  1104 E C01406/skia: SurfaceNodeDrawable DrawCommSurfaceWatermark Name:BackgroundBlurView2 Id:8465380540424 water mark count is zero
09-28 17:52:48.621   879  1104 E C01406/skia: RSBaseRenderUtil::DealWithSurfaceRotationAndGravity, GetSurfaceBufferOpaque:0
09-28 17:52:48.621   879  1104 I C01406/WRAP: AHardwareBuffer_createFromHandle index = <private> handle = <private>, ahb = <private>
09-28 17:52:48.621   879  1104 E C01406/skia: SurfaceNodeDrawable DrawCommSurfaceWatermark Name:AdapterActivityContent Id:59897613910019 water mark count is zero
09-28 17:52:48.621   879  1104 E C01406/skia: RSBaseRenderUtil::DealWithSurfaceRotationAndGravity, GetSurfaceBufferOpaque:0
09-28 17:52:48.622   879  1104 I C01406/WRAP: AHardwareBuffer_createFromHandle index = <private> handle = <private>, ahb = <private>
09-28 17:52:48.622   879  1104 E C01406/skia: SurfaceNodeDrawable DrawCommSurfaceWatermark Name:AdapterSurfaceView Id:59897613910020 water mark count is zero
09-28 17:52:48.622   879  1104 E C01406/skia: SurfaceNodeDrawable DrawCommSurfaceWatermark Name:com.a2hlab.bridge.zigzag/com.unity3d.player.UnityPlayerActivity Id:59897613910017 water mark count is zero
09-28 17:52:48.622   879  1104 E C01406/skia: SurfaceNodeDrawable DrawCommSurfaceWatermark Name:WindowScene_zigzag40 Id:8465380541336 water mark count is zero
09-28 17:52:48.622   879  1104 E C01406/skia: SurfaceNodeDrawable DrawCommSurfaceWatermark Name:SCBGestureNavBar13 Id:8465380540563 water mark count is zero
09-28 17:52:48.622   879  1104 E C01406/skia: SurfaceNodeDrawable DrawCommSurfaceWatermark Name:SCBStatusBar15 Id:8465380540646 water mark count is zero
09-28 17:52:48.624   879  1104 E C02515/DISP: [0;32;31m[GetMetadata:109] <private> is not supported[m
09-28 17:52:48.624   879  1104 E C02515/DISP: [0;32;31m[SetMetadata:102] <private> is not supported[m
09-28 17:52:48.624   879  1104 E C02515/METADATA_SRV: [0;32;31m[SetMetadata:136]  fail[m
09-28 17:52:48.624   879  1104 E C01401/Bufferqueue: <surface_buffer_impl.cpp:714-SetMetadata>: SetMetadata Failed with -5
09-28 17:52:48.624   879  1104 E C01406/skia: RSUniRenderComposerAdapter::SetBufferColorSpace set color space fail
09-28 17:52:48.633 13946 14169 I C00f00/OH_DER_VSync: onOhVsync ENTRY ts=<private> data=<private>
09-28 17:52:48.634 13946 14168 I C00f00/OH_DER_VSync: scheduleVsync ENTRY receiverPtr=0x<private>
09-28 17:52:48.634 13946 14168 I C00f00/OH_DER_VSync: scheduleVsync calling RequestFrame ohVsync=<private>
09-28 17:52:48.634 13946 14168 I C00f00/OH_DER_VSync: scheduleVsync RequestFrame rc=<private>
09-28 17:52:48.635   879  1223 E C02515/DISP: [0;32;31m[SetMetadata:102] <private> is not supported[m
09-28 17:52:48.635   879  1223 E C02515/METADATA_SRV: [0;32;31m[SetMetadata:136]  fail[m
09-28 17:52:48.635   879  1223 E C01401/Bufferqueue: <surface_buffer_impl.cpp:714-SetMetadata>: SetMetadata Failed with -5
09-28 17:52:48.636   797  4165 E C02515/DISP: [0;32;31m[SetLayerMaskInfo@display_composer_vdi_impl.cpp:404] <private> is not supported[m
09-28 17:52:48.636   879  1233 E C02515/DISP: [0;32;31m[SetMetadata:102] <private> is not supported[m
09-28 17:52:48.636   879  1233 E C02515/METADATA_SRV: [0;32;31m[SetMetadata:136]  fail[m
09-28 17:52:48.637   879  1233 E C01401/Bufferqueue: <surface_buffer_impl.cpp:714-SetMetadata>: SetMetadata Failed with -5
09-28 17:52:48.637   797  4165 E C02515/DISP: [0;32;31m[SetDisplayClientDamage@display_composer_vdi_impl.cpp:179] <private> is not supported[m
09-28 17:52:48.650 13946 14169 I C00f00/OH_DER_VSync: onOhVsync ENTRY ts=<private> data=<private>
09-28 17:52:48.650 13946 14168 I C00f00/OH_DER_VSync: scheduleVsync ENTRY receiverPtr=0x<private>
09-28 17:52:48.650 13946 14168 I C00f00/OH_DER_VSync: scheduleVsync calling RequestFrame ohVsync=<private>
09-28 17:52:48.650   879   879 E C02515/DISP: [0;32;31m[GetMetadata:109] <private> is not supported[m
09-28 17:52:48.650 13946 14168 I C00f00/OH_DER_VSync: scheduleVsync RequestFrame rc=<private>
09-28 17:52:48.650   879   879 E C02515/DISP: [0;32;31m[GetMetadata:109] <private> is not supported[m
09-28 17:52:48.651   879   879 E C02515/DISP: [0;32;31m[GetMetadata:109] <private> is not supported[m
09-28 17:52:48.652   879   879 E C01406/skia: RSBaseRenderUtil::DealWithSurfaceRotationAndGravity, GetSurfaceBufferOpaque:0
09-28 17:52:48.652   879   879 E C02515/DISP: [0;32;31m[GetMetadata:109] <private> is not supported[m
09-28 17:52:48.652   879   879 E C01406/skia: RSBaseRenderUtil::DealWithSurfaceRotationAndGravity, GetSurfaceBufferOpaque:0
09-28 17:52:48.652   879   879 E C02515/DISP: [0;32;31m[GetMetadata:109] <private> is not supported[m
09-28 17:52:48.654   879  1104 E C02515/DISP: [0;32;31m[SetMetadata:102] <private> is not supported[m
09-28 17:52:48.654   879  1104 E C02515/METADATA_SRV: [0;32;31m[SetMetadata:136]  fail[m
09-28 17:52:48.654   879  1104 E C01401/Bufferqueue: <surface_buffer_impl.cpp:714-SetMetadata>: SetMetadata Failed with -5
09-28 17:52:48.654   879  1104 E C01406/skia: SurfaceNodeDrawable DrawCommSurfaceWatermark Name:BackgroundBlurView2 Id:8465380540424 water mark count is zero
09-28 17:52:48.654   879  1104 E C01406/skia: RSBaseRenderUtil::DealWithSurfaceRotationAndGravity, GetSurfaceBufferOpaque:0
09-28 17:52:48.654   879  1104 I C01406/WRAP: AHardwareBuffer_createFromHandle index = <private> handle = <private>, ahb = <private>
09-28 17:52:48.655   879  1104 E C01406/skia: SurfaceNodeDrawable DrawCommSurfaceWatermark Name:AdapterActivityContent Id:59897613910019 water mark count is zero
09-28 17:52:48.655   879  1104 E C01406/skia: RSBaseRenderUtil::DealWithSurfaceRotationAndGravity, GetSurfaceBufferOpaque:0
09-28 17:52:48.655   879  1104 I C01406/WRAP: AHardwareBuffer_createFromHandle index = <private> handle = <private>, ahb = <private>
09-28 17:52:48.655   879  1104 E C01406/skia: SurfaceNodeDrawable DrawCommSurfaceWatermark Name:AdapterSurfaceView Id:59897613910020 water mark count is zero
09-28 17:52:48.655   879  1104 E C01406/skia: SurfaceNodeDrawable DrawCommSurfaceWatermark Name:com.a2hlab.bridge.zigzag/com.unity3d.player.UnityPlayerActivity Id:59897613910017 water mark count is zero
09-28 17:52:48.655   879  1104 E C01406/skia: SurfaceNodeDrawable DrawCommSurfaceWatermark Name:WindowScene_zigzag40 Id:8465380541336 water mark count is zero
09-28 17:52:48.655   879  1104 E C01406/skia: SurfaceNodeDrawable DrawCommSurfaceWatermark Name:SCBGestureNavBar13 Id:8465380540563 water mark count is zero
09-28 17:52:48.655   879  1104 E C01406/skia: SurfaceNodeDrawable DrawCommSurfaceWatermark Name:SCBStatusBar15 Id:8465380540646 water mark count is zero
09-28 17:52:48.657   879  1104 E C02515/DISP: [0;32;31m[GetMetadata:109] <private> is not supported[m
09-28 17:52:48.657   879  1104 E C02515/DISP: [0;32;31m[SetMetadata:102] <private> is not supported[m
09-28 17:52:48.657   879  1104 E C02515/METADATA_SRV: [0;32;31m[SetMetadata:136]  fail[m
09-28 17:52:48.657   879  1104 E C01401/Bufferqueue: <surface_buffer_impl.cpp:714-SetMetadata>: SetMetadata Failed with -5
09-28 17:52:48.657   879  1104 E C01406/skia: RSUniRenderComposerAdapter::SetBufferColorSpace set color space fail
09-28 17:52:48.667 13946 14169 I C00f00/OH_DER_VSync: onOhVsync ENTRY ts=<private> data=<private>
09-28 17:52:48.667 13946 14168 I C00f00/OH_DER_VSync: scheduleVsync ENTRY receiverPtr=0x<private>
09-28 17:52:48.667 13946 14168 I C00f00/OH_DER_VSync: scheduleVsync calling RequestFrame ohVsync=<private>
09-28 17:52:48.667 13946 14168 I C00f00/OH_DER_VSync: scheduleVsync RequestFrame rc=<private>
09-28 17:52:48.669   879  1223 E C02515/DISP: [0;32;31m[SetMetadata:102] <private> is not supported[m
09-28 17:52:48.669   879  1223 E C02515/METADATA_SRV: [0;32;31m[SetMetadata:136]  fail[m
09-28 17:52:48.669   879  1223 E C01401/Bufferqueue: <surface_buffer_impl.cpp:714-SetMetadata>: SetMetadata Failed with -5
09-28 17:52:48.670   797  4165 E C02515/DISP: [0;32;31m[SetLayerMaskInfo@display_composer_vdi_impl.cpp:404] <private> is not supported[m
09-28 17:52:48.670   879  1233 E C02515/DISP: [0;32;31m[SetMetadata:102] <private> is not supported[m
09-28 17:52:48.670   879  1233 E C02515/METADATA_SRV: [0;32;31m[SetMetadata:136]  fail[m
09-28 17:52:48.670   879  1233 E C01401/Bufferqueue: <surface_buffer_impl.cpp:714-SetMetadata>: SetMetadata Failed with -5
09-28 17:52:48.671   797  4165 E C02515/DISP: [0;32;31m[SetDisplayClientDamage@display_composer_vdi_impl.cpp:179] <private> is not supported[m
09-28 17:52:48.683 13946 14169 I C00f00/OH_DER_VSync: onOhVsync ENTRY ts=<private> data=<private>
09-28 17:52:48.684 13946 14168 I C00f00/OH_DER_VSync: scheduleVsync ENTRY receiverPtr=0x<private>
09-28 17:52:48.684 13946 14168 I C00f00/OH_DER_VSync: scheduleVsync calling RequestFrame ohVsync=<private>
09-28 17:52:48.684   879   879 E C02515/DISP: [0;32;31m[GetMetadata:109] <private> is not supported[m
09-28 17:52:48.684 13946 14168 I C00f00/OH_DER_VSync: scheduleVsync RequestFrame rc=<private>
09-28 17:52:48.684   879   879 E C02515/DISP: [0;32;31m[GetMetadata:109] <private> is not supported[m
09-28 17:52:48.684   879   879 E C02515/DISP: [0;32;31m[GetMetadata:109] <private> is not supported[m
09-28 17:52:48.685   879   879 E C01406/skia: RSBaseRenderUtil::DealWithSurfaceRotationAndGravity, GetSurfaceBufferOpaque:0
09-28 17:52:48.685   879   879 E C02515/DISP: [0;32;31m[GetMetadata:109] <private> is not supported[m
09-28 17:52:48.685   879   879 E C01406/skia: RSBaseRenderUtil::DealWithSurfaceRotationAndGravity, GetSurfaceBufferOpaque:0
09-28 17:52:48.685   879   879 E C02515/DISP: [0;32;31m[GetMetadata:109] <private> is not supported[m
09-28 17:52:48.687   879  1104 E C02515/DISP: [0;32;31m[SetMetadata:102] <private> is not supported[m
09-28 17:52:48.687   879  1104 E C02515/METADATA_SRV: [0;32;31m[SetMetadata:136]  fail[m
09-28 17:52:48.687   879  1104 E C01401/Bufferqueue: <surface_buffer_impl.cpp:714-SetMetadata>: SetMetadata Failed with -5
09-28 17:52:48.687   879  1104 E C01406/skia: SurfaceNodeDrawable DrawCommSurfaceWatermark Name:BackgroundBlurView2 Id:8465380540424 water mark count is zero
09-28 17:52:48.688   879  1104 E C01406/skia: RSBaseRenderUtil::DealWithSurfaceRotationAndGravity, GetSurfaceBufferOpaque:0
09-28 17:52:48.688   879  1104 I C01406/WRAP: AHardwareBuffer_createFromHandle index = <private> handle = <private>, ahb = <private>
09-28 17:52:48.688   879  1104 E C01406/skia: SurfaceNodeDrawable DrawCommSurfaceWatermark Name:AdapterActivityContent Id:59897613910019 water mark count is zero
09-28 17:52:48.688   879  1104 E C01406/skia: RSBaseRenderUtil::DealWithSurfaceRotationAndGravity, GetSurfaceBufferOpaque:0
09-28 17:52:48.688   879  1104 I C01406/WRAP: AHardwareBuffer_createFromHandle index = <private> handle = <private>, ahb = <private>
09-28 17:52:48.688   879  1104 E C01406/skia: SurfaceNodeDrawable DrawCommSurfaceWatermark Name:AdapterSurfaceView Id:59897613910020 water mark count is zero
09-28 17:52:48.688   879  1104 E C01406/skia: SurfaceNodeDrawable DrawCommSurfaceWatermark Name:com.a2hlab.bridge.zigzag/com.unity3d.player.UnityPlayerActivity Id:59897613910017 water mark count is zero
09-28 17:52:48.688   879  1104 E C01406/skia: SurfaceNodeDrawable DrawCommSurfaceWatermark Name:WindowScene_zigzag40 Id:8465380541336 water mark count is zero
09-28 17:52:48.689   879  1104 E C01406/skia: SurfaceNodeDrawable DrawCommSurfaceWatermark Name:SCBGestureNavBar13 Id:8465380540563 water mark count is zero
09-28 17:52:48.689   879  1104 E C01406/skia: SurfaceNodeDrawable DrawCommSurfaceWatermark Name:SCBStatusBar15 Id:8465380540646 water mark count is zero
09-28 17:52:48.690   879  1104 E C02515/DISP: [0;32;31m[GetMetadata:109] <private> is not supported[m
09-28 17:52:48.690   879  1104 E C02515/DISP: [0;32;31m[SetMetadata:102] <private> is not supported[m
09-28 17:52:48.690   879  1104 E C02515/METADATA_SRV: [0;32;31m[SetMetadata:136]  fail[m
09-28 17:52:48.690   879  1104 E C01401/Bufferqueue: <surface_buffer_impl.cpp:714-SetMetadata>: SetMetadata Failed with -5
09-28 17:52:48.690   879  1104 E C01406/skia: RSUniRenderComposerAdapter::SetBufferColorSpace set color space fail
09-28 17:52:48.700 13946 14169 I C00f00/OH_DER_VSync: onOhVsync ENTRY ts=<private> data=<private>
09-28 17:52:48.700 13946 14168 I C00f00/OH_DER_VSync: scheduleVsync ENTRY receiverPtr=0x<private>
09-28 17:52:48.700 13946 14168 I C00f00/OH_DER_VSync: scheduleVsync calling RequestFrame ohVsync=<private>
09-28 17:52:48.700 13946 14168 I C00f00/OH_DER_VSync: scheduleVsync RequestFrame rc=<private>
09-28 17:52:48.702   879  1223 E C02515/DISP: [0;32;31m[SetMetadata:102] <private> is not supported[m
09-28 17:52:48.702   879  1223 E C02515/METADATA_SRV: [0;32;31m[SetMetadata:136]  fail[m
09-28 17:52:48.702   879  1223 E C01401/Bufferqueue: <surface_buffer_impl.cpp:714-SetMetadata>: SetMetadata Failed with -5
09-28 17:52:48.703   797  4165 E C02515/DISP: [0;32;31m[SetLayerMaskInfo@display_composer_vdi_impl.cpp:404] <private> is not supported[m
09-28 17:52:48.703   879  1233 E C02515/DISP: [0;32;31m[SetMetadata:102] <private> is not supported[m
09-28 17:52:48.703   879  1233 E C02515/METADATA_SRV: [0;32;31m[SetMetadata:136]  fail[m
09-28 17:52:48.703   879  1233 E C01401/Bufferqueue: <surface_buffer_impl.cpp:714-SetMetadata>: SetMetadata Failed with -5
09-28 17:52:48.704   797  4165 E C02515/DISP: [0;32;31m[SetDisplayClientDamage@display_composer_vdi_impl.cpp:179] <private> is not supported[m
09-28 17:52:48.717 13946 14169 I C00f00/OH_DER_VSync: onOhVsync ENTRY ts=<private> data=<private>
09-28 17:52:48.717   879   879 E C02515/DISP: [0;32;31m[GetMetadata:109] <private> is not supported[m
09-28 17:52:48.717   879   879 E C02515/DISP: [0;32;31m[GetMetadata:109] <private> is not supported[m
09-28 17:52:48.717 13946 14168 I C00f00/OH_DER_VSync: scheduleVsync ENTRY receiverPtr=0x<private>
09-28 17:52:48.717 13946 14168 I C00f00/OH_DER_VSync: scheduleVsync calling RequestFrame ohVsync=<private>
09-28 17:52:48.717   879   879 E C02515/DISP: [0;32;31m[GetMetadata:109] <private> is not supported[m
09-28 17:52:48.717 13946 14168 I C00f00/OH_DER_VSync: scheduleVsync RequestFrame rc=<private>
09-28 17:52:48.718   879   879 E C01406/skia: RSBaseRenderUtil::DealWithSurfaceRotationAndGravity, GetSurfaceBufferOpaque:0
09-28 17:52:48.718   879   879 E C02515/DISP: [0;32;31m[GetMetadata:109] <private> is not supported[m
09-28 17:52:48.718   879   879 E C01406/skia: RSBaseRenderUtil::DealWithSurfaceRotationAndGravity, GetSurfaceBufferOpaque:0
09-28 17:52:48.718   879   879 E C02515/DISP: [0;32;31m[GetMetadata:109] <private> is not supported[m
09-28 17:52:48.719   879  1104 E C02515/DISP: [0;32;31m[SetMetadata:102] <private> is not supported[m
09-28 17:52:48.719   879  1104 E C02515/METADATA_SRV: [0;32;31m[SetMetadata:136]  fail[m
09-28 17:52:48.719   879  1104 E C01401/Bufferqueue: <surface_buffer_impl.cpp:714-SetMetadata>: SetMetadata Failed with -5
09-28 17:52:48.719   879  1104 E C01406/skia: SurfaceNodeDrawable DrawCommSurfaceWatermark Name:BackgroundBlurView2 Id:8465380540424 water mark count is zero
09-28 17:52:48.719   879  1104 E C01406/skia: RSBaseRenderUtil::DealWithSurfaceRotationAndGravity, GetSurfaceBufferOpaque:0
09-28 17:52:48.719   879  1104 I C01406/WRAP: AHardwareBuffer_createFromHandle index = <private> handle = <private>, ahb = <private>
09-28 17:52:48.720   879  1104 E C01406/skia: SurfaceNodeDrawable DrawCommSurfaceWatermark Name:AdapterActivityContent Id:59897613910019 water mark count is zero
09-28 17:52:48.720   879  1104 E C01406/skia: RSBaseRenderUtil::DealWithSurfaceRotationAndGravity, GetSurfaceBufferOpaque:0
09-28 17:52:48.720   879  1104 I C01406/WRAP: AHardwareBuffer_createFromHandle index = <private> handle = <private>, ahb = <private>
09-28 17:52:48.720   879  1104 E C01406/skia: SurfaceNodeDrawable DrawCommSurfaceWatermark Name:AdapterSurfaceView Id:59897613910020 water mark count is zero
09-28 17:52:48.720   879  1104 E C01406/skia: SurfaceNodeDrawable DrawCommSurfaceWatermark Name:com.a2hlab.bridge.zigzag/com.unity3d.player.UnityPlayerActivity Id:59897613910017 water mark count is zero
09-28 17:52:48.720   879  1104 E C01406/skia: SurfaceNodeDrawable DrawCommSurfaceWatermark Name:WindowScene_zigzag40 Id:8465380541336 water mark count is zero
09-28 17:52:48.720   879  1104 E C01406/skia: SurfaceNodeDrawable DrawCommSurfaceWatermark Name:SCBGestureNavBar13 Id:8465380540563 water mark count is zero
09-28 17:52:48.721   879  1104 E C01406/skia: SurfaceNodeDrawable DrawCommSurfaceWatermark Name:SCBStatusBar15 Id:8465380540646 water mark count is zero
09-28 17:52:48.722   879  1104 E C02515/DISP: [0;32;31m[GetMetadata:109] <private> is not supported[m
09-28 17:52:48.722   879  1104 E C02515/DISP: [0;32;31m[SetMetadata:102] <private> is not supported[m
09-28 17:52:48.722   879  1104 E C02515/METADATA_SRV: [0;32;31m[SetMetadata:136]  fail[m
09-28 17:52:48.722   879  1104 E C01401/Bufferqueue: <surface_buffer_impl.cpp:714-SetMetadata>: SetMetadata Failed with -5
09-28 17:52:48.722   879  1104 E C01406/skia: RSUniRenderComposerAdapter::SetBufferColorSpace set color space fail
09-28 17:52:48.733 13946 14169 I C00f00/OH_DER_VSync: onOhVsync ENTRY ts=<private> data=<private>
09-28 17:52:48.734 13946 14168 I C00f00/OH_DER_VSync: scheduleVsync ENTRY receiverPtr=0x<private>
09-28 17:52:48.734 13946 14168 I C00f00/OH_DER_VSync: scheduleVsync calling RequestFrame ohVsync=<private>
09-28 17:52:48.734 13946 14168 I C00f00/OH_DER_VSync: scheduleVsync RequestFrame rc=<private>
09-28 17:52:48.735   879  1223 E C02515/DISP: [0;32;31m[SetMetadata:102] <private> is not supported[m
09-28 17:52:48.735   879  1223 E C02515/METADATA_SRV: [0;32;31m[SetMetadata:136]  fail[m
09-28 17:52:48.735   879  1223 E C01401/Bufferqueue: <surface_buffer_impl.cpp:714-SetMetadata>: SetMetadata Failed with -5
09-28 17:52:48.737   797  4165 E C02515/DISP: [0;32;31m[SetLayerMaskInfo@display_composer_vdi_impl.cpp:404] <private> is not supported[m
09-28 17:52:48.737   879  1233 E C02515/DISP: [0;32;31m[SetMetadata:102] <private> is not supported[m
09-28 17:52:48.737   879  1233 E C02515/METADATA_SRV: [0;32;31m[SetMetadata:136]  fail[m
09-28 17:52:48.737   879  1233 E C01401/Bufferqueue: <surface_buffer_impl.cpp:714-SetMetadata>: SetMetadata Failed with -5
09-28 17:52:48.738   797  4165 E C02515/DISP: [0;32;31m[SetDisplayClientDamage@display_composer_vdi_impl.cpp:179] <private> is not supported[m
09-28 17:52:48.750 13946 14169 I C00f00/OH_DER_VSync: onOhVsync ENTRY ts=<private> data=<private>
09-28 17:52:48.750 13946 14168 I C00f00/OH_DER_VSync: scheduleVsync ENTRY receiverPtr=0x<private>
09-28 17:52:48.750 13946 14168 I C00f00/OH_DER_VSync: scheduleVsync calling RequestFrame ohVsync=<private>
09-28 17:52:48.750   879   879 E C02515/DISP: [0;32;31m[GetMetadata:109] <private> is not supported[m
09-28 17:52:48.750 13946 14168 I C00f00/OH_DER_VSync: scheduleVsync RequestFrame rc=<private>
09-28 17:52:48.751   879   879 E C02515/DISP: [0;32;31m[GetMetadata:109] <private> is not supported[m
09-28 17:52:48.751   879   879 E C02515/DISP: [0;32;31m[GetMetadata:109] <private> is not supported[m
09-28 17:52:48.752   879   879 E C01406/skia: RSBaseRenderUtil::DealWithSurfaceRotationAndGravity, GetSurfaceBufferOpaque:0
09-28 17:52:48.752   879   879 E C02515/DISP: [0;32;31m[GetMetadata:109] <private> is not supported[m
09-28 17:52:48.752   879   879 E C01406/skia: RSBaseRenderUtil::DealWithSurfaceRotationAndGravity, GetSurfaceBufferOpaque:0
09-28 17:52:48.752   879   879 E C02515/DISP: [0;32;31m[GetMetadata:109] <private> is not supported[m
09-28 17:52:48.754   879  1104 E C02515/DISP: [0;32;31m[SetMetadata:102] <private> is not supported[m
09-28 17:52:48.754   879  1104 E C02515/METADATA_SRV: [0;32;31m[SetMetadata:136]  fail[m
09-28 17:52:48.754   879  1104 E C01401/Bufferqueue: <surface_buffer_impl.cpp:714-SetMetadata>: SetMetadata Failed with -5
09-28 17:52:48.754   879  1104 E C01406/skia: SurfaceNodeDrawable DrawCommSurfaceWatermark Name:BackgroundBlurView2 Id:8465380540424 water mark count is zero
09-28 17:52:48.754   879  1104 E C01406/skia: RSBaseRenderUtil::DealWithSurfaceRotationAndGravity, GetSurfaceBufferOpaque:0
09-28 17:52:48.755   879  1104 I C01406/WRAP: AHardwareBuffer_createFromHandle index = <private> handle = <private>, ahb = <private>
09-28 17:52:48.755   879  1104 E C01406/skia: SurfaceNodeDrawable DrawCommSurfaceWatermark Name:AdapterActivityContent Id:59897613910019 water mark count is zero
09-28 17:52:48.755   879  1104 E C01406/skia: RSBaseRenderUtil::DealWithSurfaceRotationAndGravity, GetSurfaceBufferOpaque:0
09-28 17:52:48.755   879  1104 I C01406/WRAP: AHardwareBuffer_createFromHandle index = <private> handle = <private>, ahb = <private>
09-28 17:52:48.755   879  1104 E C01406/skia: SurfaceNodeDrawable DrawCommSurfaceWatermark Name:AdapterSurfaceView Id:59897613910020 water mark count is zero
09-28 17:52:48.755   879  1104 E C01406/skia: SurfaceNodeDrawable DrawCommSurfaceWatermark Name:com.a2hlab.bridge.zigzag/com.unity3d.player.UnityPlayerActivity Id:59897613910017 water mark count is zero
09-28 17:52:48.755   879  1104 E C01406/skia: SurfaceNodeDrawable DrawCommSurfaceWatermark Name:WindowScene_zigzag40 Id:8465380541336 water mark count is zero
09-28 17:52:48.756   879  1104 E C01406/skia: SurfaceNodeDrawable DrawCommSurfaceWatermark Name:SCBGestureNavBar13 Id:8465380540563 water mark count is zero
09-28 17:52:48.756   879  1104 E C01406/skia: SurfaceNodeDrawable DrawCommSurfaceWatermark Name:SCBStatusBar15 Id:8465380540646 water mark count is zero
09-28 17:52:48.757   879  1104 E C02515/DISP: [0;32;31m[GetMetadata:109] <private> is not supported[m
09-28 17:52:48.757   879  1104 E C02515/DISP: [0;32;31m[SetMetadata:102] <private> is not supported[m
09-28 17:52:48.757   879  1104 E C02515/METADATA_SRV: [0;32;31m[SetMetadata:136]  fail[m
09-28 17:52:48.757   879  1104 E C01401/Bufferqueue: <surface_buffer_impl.cpp:714-SetMetadata>: SetMetadata Failed with -5
09-28 17:52:48.757   879  1104 E C01406/skia: RSUniRenderComposerAdapter::SetBufferColorSpace set color space fail
09-28 17:52:48.767 13946 14169 I C00f00/OH_DER_VSync: onOhVsync ENTRY ts=<private> data=<private>
09-28 17:52:48.767 13946 14168 I C00f00/OH_DER_VSync: scheduleVsync ENTRY receiverPtr=0x<private>
09-28 17:52:48.767 13946 14168 I C00f00/OH_DER_VSync: scheduleVsync calling RequestFrame ohVsync=<private>
09-28 17:52:48.767 13946 14168 I C00f00/OH_DER_VSync: scheduleVsync RequestFrame rc=<private>
09-28 17:52:48.769   879  1223 E C02515/DISP: [0;32;31m[SetMetadata:102] <private> is not supported[m
09-28 17:52:48.769   879  1223 E C02515/METADATA_SRV: [0;32;31m[SetMetadata:136]  fail[m
09-28 17:52:48.769   879  1223 E C01401/Bufferqueue: <surface_buffer_impl.cpp:714-SetMetadata>: SetMetadata Failed with -5
09-28 17:52:48.770   797  4165 E C02515/DISP: [0;32;31m[SetLayerMaskInfo@display_composer_vdi_impl.cpp:404] <private> is not supported[m
09-28 17:52:48.770   879  1233 E C02515/DISP: [0;32;31m[SetMetadata:102] <private> is not supported[m
09-28 17:52:48.770   879  1233 E C02515/METADATA_SRV: [0;32;31m[SetMetadata:136]  fail[m
09-28 17:52:48.770   879  1233 E C01401/Bufferqueue: <surface_buffer_impl.cpp:714-SetMetadata>: SetMetadata Failed with -5
09-28 17:52:48.771   797  4165 E C02515/DISP: [0;32;31m[SetDisplayClientDamage@display_composer_vdi_impl.cpp:179] <private> is not supported[m
09-28 17:52:48.783 13946 14169 I C00f00/OH_DER_VSync: onOhVsync ENTRY ts=<private> data=<private>
09-28 17:52:48.784 13946 14168 I C00f00/OH_DER_VSync: scheduleVsync ENTRY receiverPtr=0x<private>
09-28 17:52:48.784 13946 14168 I C00f00/OH_DER_VSync: scheduleVsync calling RequestFrame ohVsync=<private>
09-28 17:52:48.784   879   879 E C02515/DISP: [0;32;31m[GetMetadata:109] <private> is not supported[m
09-28 17:52:48.784 13946 14168 I C00f00/OH_DER_VSync: scheduleVsync RequestFrame rc=<private>
09-28 17:52:48.784   879   879 E C02515/DISP: [0;32;31m[GetMetadata:109] <private> is not supported[m
09-28 17:52:48.784   879   879 E C02515/DISP: [0;32;31m[GetMetadata:109] <private> is not supported[m
09-28 17:52:48.785   879   879 E C01406/skia: RSBaseRenderUtil::DealWithSurfaceRotationAndGravity, GetSurfaceBufferOpaque:0
09-28 17:52:48.785   879   879 E C02515/DISP: [0;32;31m[GetMetadata:109] <private> is not supported[m
09-28 17:52:48.785   879   879 E C01406/skia: RSBaseRenderUtil::DealWithSurfaceRotationAndGravity, GetSurfaceBufferOpaque:0
09-28 17:52:48.785   879   879 E C02515/DISP: [0;32;31m[GetMetadata:109] <private> is not supported[m
09-28 17:52:48.787   879  1104 E C02515/DISP: [0;32;31m[SetMetadata:102] <private> is not supported[m
09-28 17:52:48.787   879  1104 E C02515/METADATA_SRV: [0;32;31m[SetMetadata:136]  fail[m
09-28 17:52:48.787   879  1104 E C01401/Bufferqueue: <surface_buffer_impl.cpp:714-SetMetadata>: SetMetadata Failed with -5
09-28 17:52:48.788   879  1104 E C01406/skia: SurfaceNodeDrawable DrawCommSurfaceWatermark Name:BackgroundBlurView2 Id:8465380540424 water mark count is zero
09-28 17:52:48.788   879  1104 E C01406/skia: RSBaseRenderUtil::DealWithSurfaceRotationAndGravity, GetSurfaceBufferOpaque:0
09-28 17:52:48.788   879  1104 I C01406/WRAP: AHardwareBuffer_createFromHandle index = <private> handle = <private>, ahb = <private>
09-28 17:52:48.788   879  1104 E C01406/skia: SurfaceNodeDrawable DrawCommSurfaceWatermark Name:AdapterActivityContent Id:59897613910019 water mark count is zero
09-28 17:52:48.788   879  1104 E C01406/skia: RSBaseRenderUtil::DealWithSurfaceRotationAndGravity, GetSurfaceBufferOpaque:0
09-28 17:52:48.788   879  1104 I C01406/WRAP: AHardwareBuffer_createFromHandle index = <private> handle = <private>, ahb = <private>
09-28 17:52:48.789   879  1104 E C01406/skia: SurfaceNodeDrawable DrawCommSurfaceWatermark Name:AdapterSurfaceView Id:59897613910020 water mark count is zero
09-28 17:52:48.789   879  1104 E C01406/skia: SurfaceNodeDrawable DrawCommSurfaceWatermark Name:com.a2hlab.bridge.zigzag/com.unity3d.player.UnityPlayerActivity Id:59897613910017 water mark count is zero
09-28 17:52:48.789   879  1104 E C01406/skia: SurfaceNodeDrawable DrawCommSurfaceWatermark Name:WindowScene_zigzag40 Id:8465380541336 water mark count is zero
09-28 17:52:48.789   879  1104 E C01406/skia: SurfaceNodeDrawable DrawCommSurfaceWatermark Name:SCBGestureNavBar13 Id:8465380540563 water mark count is zero
09-28 17:52:48.789   879  1104 E C01406/skia: SurfaceNodeDrawable DrawCommSurfaceWatermark Name:SCBStatusBar15 Id:8465380540646 water mark count is zero
09-28 17:52:48.791   879  1104 E C02515/DISP: [0;32;31m[GetMetadata:109] <private> is not supported[m
09-28 17:52:48.791   879  1104 E C02515/DISP: [0;32;31m[SetMetadata:102] <private> is not supported[m
09-28 17:52:48.791   879  1104 E C02515/METADATA_SRV: [0;32;31m[SetMetadata:136]  fail[m
09-28 17:52:48.791   879  1104 E C01401/Bufferqueue: <surface_buffer_impl.cpp:714-SetMetadata>: SetMetadata Failed with -5
09-28 17:52:48.791   879  1104 E C01406/skia: RSUniRenderComposerAdapter::SetBufferColorSpace set color space fail
09-28 17:52:48.800 13946 14169 I C00f00/OH_DER_VSync: onOhVsync ENTRY ts=<private> data=<private>
09-28 17:52:48.800 13946 14168 I C00f00/OH_DER_VSync: scheduleVsync ENTRY receiverPtr=0x<private>
09-28 17:52:48.800 13946 14168 I C00f00/OH_DER_VSync: scheduleVsync calling RequestFrame ohVsync=<private>
09-28 17:52:48.801 13946 14168 I C00f00/OH_DER_VSync: scheduleVsync RequestFrame rc=<private>
09-28 17:52:48.802   879  1223 E C02515/DISP: [0;32;31m[SetMetadata:102] <private> is not supported[m
09-28 17:52:48.802   879  1223 E C02515/METADATA_SRV: [0;32;31m[SetMetadata:136]  fail[m
09-28 17:52:48.802   879  1223 E C01401/Bufferqueue: <surface_buffer_impl.cpp:714-SetMetadata>: SetMetadata Failed with -5
09-28 17:52:48.803   797  4165 E C02515/DISP: [0;32;31m[SetLayerMaskInfo@display_composer_vdi_impl.cpp:404] <private> is not supported[m
09-28 17:52:48.804   879  1233 E C02515/DISP: [0;32;31m[SetMetadata:102] <private> is not supported[m
09-28 17:52:48.804   879  1233 E C02515/METADATA_SRV: [0;32;31m[SetMetadata:136]  fail[m
09-28 17:52:48.804   879  1233 E C01401/Bufferqueue: <surface_buffer_impl.cpp:714-SetMetadata>: SetMetadata Failed with -5
09-28 17:52:48.805   797  4165 E C02515/DISP: [0;32;31m[SetDisplayClientDamage@display_composer_vdi_impl.cpp:179] <private> is not supported[m
09-28 17:52:48.817 13946 14169 I C00f00/OH_DER_VSync: onOhVsync ENTRY ts=<private> data=<private>
09-28 17:52:48.817   879   879 E C02515/DISP: [0;32;31m[GetMetadata:109] <private> is not supported[m
09-28 17:52:48.817   879   879 E C02515/DISP: [0;32;31m[GetMetadata:109] <private> is not supported[m
09-28 17:52:48.817 13946 14168 I C00f00/OH_DER_VSync: scheduleVsync ENTRY receiverPtr=0x<private>
09-28 17:52:48.817   879   879 E C02515/DISP: [0;32;31m[GetMetadata:109] <private> is not supported[m
09-28 17:52:48.817 13946 14168 I C00f00/OH_DER_VSync: scheduleVsync calling RequestFrame ohVsync=<private>
09-28 17:52:48.817 13946 14168 I C00f00/OH_DER_VSync: scheduleVsync RequestFrame rc=<private>
09-28 17:52:48.818   879   879 E C01406/skia: RSBaseRenderUtil::DealWithSurfaceRotationAndGravity, GetSurfaceBufferOpaque:0
09-28 17:52:48.818   879   879 E C02515/DISP: [0;32;31m[GetMetadata:109] <private> is not supported[m
09-28 17:52:48.818   879   879 E C01406/skia: RSBaseRenderUtil::DealWithSurfaceRotationAndGravity, GetSurfaceBufferOpaque:0
09-28 17:52:48.818   879   879 E C02515/DISP: [0;32;31m[GetMetadata:109] <private> is not supported[m
09-28 17:52:48.819   879  1104 E C02515/DISP: [0;32;31m[SetMetadata:102] <private> is not supported[m
09-28 17:52:48.819   879  1104 E C02515/METADATA_SRV: [0;32;31m[SetMetadata:136]  fail[m
09-28 17:52:48.819   879  1104 E C01401/Bufferqueue: <surface_buffer_impl.cpp:714-SetMetadata>: SetMetadata Failed with -5
09-28 17:52:48.819   879  1104 E C01406/skia: SurfaceNodeDrawable DrawCommSurfaceWatermark Name:BackgroundBlurView2 Id:8465380540424 water mark count is zero
09-28 17:52:48.819   879  1104 E C01406/skia: RSBaseRenderUtil::DealWithSurfaceRotationAndGravity, GetSurfaceBufferOpaque:0
09-28 17:52:48.819   921  1220 I C02d13/HDC_LOG: [daemon.cpp:1142] FetchCommand channelId:239921221 command:1001
09-28 17:52:48.819   921  1220 I C02d13/HDC_LOG: [session.cpp:1652] New HTaskInfo cid:239921221 sid:252******606(L:10) command:1001
09-28 17:52:48.819   921  1220 I C02d13/HDC_LOG: [session.cpp:891] AdminTask add task type:0 cid:239921221 sid:252******606(L:10) mapsize:2
09-28 17:52:48.819   921  1220 I C02d13/HDC_LOG: [task.cpp:34] HdcTaskBase type:0 cid:239921221 sid:252******606(L:10)
09-28 17:52:48.819   921  1220 I C02d13/HDC_LOG: [daemon_unity.cpp:414] Unity CommandDispatch command:1001 cid:239921221 sid:252******606(L:10)
09-28 17:52:48.819   921  1220 W C02d13/HDC_LOG: [async_cmd.cpp:114] GetDevItem false key:persist.hdc.root
09-28 17:52:48.819   879  1104 I C01406/WRAP: AHardwareBuffer_createFromHandle index = <private> handle = <private>, ahb = <private>
09-28 17:52:48.820   879  1104 E C01406/skia: SurfaceNodeDrawable DrawCommSurfaceWatermark Name:AdapterActivityContent Id:59897613910019 water mark count is zero
09-28 17:52:48.820   879  1104 E C01406/skia: RSBaseRenderUtil::DealWithSurfaceRotationAndGravity, GetSurfaceBufferOpaque:0
09-28 17:52:48.820   879  1104 I C01406/WRAP: AHardwareBuffer_createFromHandle index = <private> handle = <private>, ahb = <private>
09-28 17:52:48.820   921 14652 I C02d13/HDC_LOG: [async_cmd.cpp:225] Popen pipe fds[pipeRead]:33 fds[pipeWrite]:34, mode 0
09-28 17:52:48.820   879  1104 E C01406/skia: SurfaceNodeDrawable DrawCommSurfaceWatermark Name:AdapterSurfaceView Id:59897613910020 water mark count is zero
09-28 17:52:48.820   879  1104 E C01406/skia: SurfaceNodeDrawable DrawCommSurfaceWatermark Name:com.a2hlab.bridge.zigzag/com.unity3d.player.UnityPlayerActivity Id:59897613910017 water mark count is zero
09-28 17:52:48.820   879  1104 E C01406/skia: SurfaceNodeDrawable DrawCommSurfaceWatermark Name:WindowScene_zigzag40 Id:8465380541336 water mark count is zero
09-28 17:52:48.821   879  1104 E C01406/skia: SurfaceNodeDrawable DrawCommSurfaceWatermark Name:SCBGestureNavBar13 Id:8465380540563 water mark count is zero
09-28 17:52:48.821   879  1104 E C01406/skia: SurfaceNodeDrawable DrawCommSurfaceWatermark Name:SCBStatusBar15 Id:8465380540646 water mark count is zero
09-28 17:52:48.822   879  1104 E C02515/DISP: [0;32;31m[GetMetadata:109] <private> is not supported[m
09-28 17:52:48.822   879  1104 E C02515/DISP: [0;32;31m[SetMetadata:102] <private> is not supported[m
09-28 17:52:48.822   879  1104 E C02515/METADATA_SRV: [0;32;31m[SetMetadata:136]  fail[m
09-28 17:52:48.822   879  1104 E C01401/Bufferqueue: <surface_buffer_impl.cpp:714-SetMetadata>: SetMetadata Failed with -5
09-28 17:52:48.822   879  1104 E C01406/skia: RSUniRenderComposerAdapter::SetBufferColorSpace set color space fail
09-28 17:52:48.824   921  1220 I C02d13/HDC_LOG: [async_cmd.cpp:291] ExecuteCommand cmd:param get const.product.os.dist.apiname fd:33 pid:14653
09-28 17:52:48.824   921  1220 I C02d13/HDC_LOG: [daemon_unity.cpp:486] Unity CommandDispatch command:1001 finish cid:239921221 sid:252******606(L:10)
09-28 17:52:48.825 14653 14653 W C02d13/HDC_LOG: [async_cmd.cpp:140] SetSelinuxLabel con:u:r:su:s0 isRoot:0
09-28 17:52:48.834 13946 14169 I C00f00/OH_DER_VSync: onOhVsync ENTRY ts=<private> data=<private>
09-28 17:52:48.834 13946 14168 I C00f00/OH_DER_VSync: scheduleVsync ENTRY receiverPtr=0x<private>
09-28 17:52:48.834 13946 14168 I C00f00/OH_DER_VSync: scheduleVsync calling RequestFrame ohVsync=<private>
09-28 17:52:48.834 13946 14168 I C00f00/OH_DER_VSync: scheduleVsync RequestFrame rc=<private>
09-28 17:52:48.836   879  1223 E C02515/DISP: [0;32;31m[SetMetadata:102] <private> is not supported[m
09-28 17:52:48.836   879  1223 E C02515/METADATA_SRV: [0;32;31m[SetMetadata:136]  fail[m
09-28 17:52:48.836   879  1223 E C01401/Bufferqueue: <surface_buffer_impl.cpp:714-SetMetadata>: SetMetadata Failed with -5
09-28 17:52:48.836   797  4165 E C02515/DISP: [0;32;31m[SetLayerMaskInfo@display_composer_vdi_impl.cpp:404] <private> is not supported[m
09-28 17:52:48.837   879  1233 E C02515/DISP: [0;32;31m[SetMetadata:102] <private> is not supported[m
09-28 17:52:48.837   879  1233 E C02515/METADATA_SRV: [0;32;31m[SetMetadata:136]  fail[m
09-28 17:52:48.837   879  1233 E C01401/Bufferqueue: <surface_buffer_impl.cpp:714-SetMetadata>: SetMetadata Failed with -5
09-28 17:52:48.837   797  4165 E C02515/DISP: [0;32;31m[SetDisplayClientDamage@display_composer_vdi_impl.cpp:179] <private> is not supported[m
09-28 17:52:48.850 13946 14169 I C00f00/OH_DER_VSync: onOhVsync ENTRY ts=<private> data=<private>
09-28 17:52:48.850 13946 14168 I C00f00/OH_DER_VSync: scheduleVsync ENTRY receiverPtr=0x<private>
09-28 17:52:48.850 13946 14168 I C00f00/OH_DER_VSync: scheduleVsync calling RequestFrame ohVsync=<private>
09-28 17:52:48.851   879   879 E C02515/DISP: [0;32;31m[GetMetadata:109] <private> is not supported[m
09-28 17:52:48.851 13946 14168 I C00f00/OH_DER_VSync: scheduleVsync RequestFrame rc=<private>
09-28 17:52:48.851   879   879 E C02515/DISP: [0;32;31m[GetMetadata:109] <private> is not supported[m
09-28 17:52:48.851   879   879 E C02515/DISP: [0;32;31m[GetMetadata:109] <private> is not supported[m
09-28 17:52:48.852   879   879 E C01406/skia: RSBaseRenderUtil::DealWithSurfaceRotationAndGravity, GetSurfaceBufferOpaque:0
09-28 17:52:48.852   879   879 E C02515/DISP: [0;32;31m[GetMetadata:109] <private> is not supported[m
09-28 17:52:48.852   879   879 E C01406/skia: RSBaseRenderUtil::DealWithSurfaceRotationAndGravity, GetSurfaceBufferOpaque:0
09-28 17:52:48.852   879   879 E C02515/DISP: [0;32;31m[GetMetadata:109] <private> is not supported[m
09-28 17:52:48.854   879  1104 E C02515/DISP: [0;32;31m[SetMetadata:102] <private> is not supported[m
09-28 17:52:48.854   879  1104 E C02515/METADATA_SRV: [0;32;31m[SetMetadata:136]  fail[m
09-28 17:52:48.854   879  1104 E C01401/Bufferqueue: <surface_buffer_impl.cpp:714-SetMetadata>: SetMetadata Failed with -5
09-28 17:52:48.855   879  1104 E C01406/skia: SurfaceNodeDrawable DrawCommSurfaceWatermark Name:BackgroundBlurView2 Id:8465380540424 water mark count is zero
09-28 17:52:48.855   879  1104 E C01406/skia: RSBaseRenderUtil::DealWithSurfaceRotationAndGravity, GetSurfaceBufferOpaque:0
09-28 17:52:48.855   879  1104 I C01406/WRAP: AHardwareBuffer_createFromHandle index = <private> handle = <private>, ahb = <private>
09-28 17:52:48.855   879  1104 E C01406/skia: SurfaceNodeDrawable DrawCommSurfaceWatermark Name:AdapterActivityContent Id:59897613910019 water mark count is zero
09-28 17:52:48.855   879  1104 E C01406/skia: RSBaseRenderUtil::DealWithSurfaceRotationAndGravity, GetSurfaceBufferOpaque:0
09-28 17:52:48.855   879  1104 I C01406/WRAP: AHardwareBuffer_createFromHandle index = <private> handle = <private>, ahb = <private>
09-28 17:52:48.856   879  1104 E C01406/skia: SurfaceNodeDrawable DrawCommSurfaceWatermark Name:AdapterSurfaceView Id:59897613910020 water mark count is zero
09-28 17:52:48.856   879  1104 E C01406/skia: SurfaceNodeDrawable DrawCommSurfaceWatermark Name:com.a2hlab.bridge.zigzag/com.unity3d.player.UnityPlayerActivity Id:59897613910017 water mark count is zero
09-28 17:52:48.856   879  1104 E C01406/skia: SurfaceNodeDrawable DrawCommSurfaceWatermark Name:WindowScene_zigzag40 Id:8465380541336 water mark count is zero
09-28 17:52:48.856   879  1104 E C01406/skia: SurfaceNodeDrawable DrawCommSurfaceWatermark Name:SCBGestureNavBar13 Id:8465380540563 water mark count is zero
09-28 17:52:48.856   879  1104 E C01406/skia: SurfaceNodeDrawable DrawCommSurfaceWatermark Name:SCBStatusBar15 Id:8465380540646 water mark count is zero
09-28 17:52:48.858   879  1104 E C02515/DISP: [0;32;31m[GetMetadata:109] <private> is not supported[m
09-28 17:52:48.858   879  1104 E C02515/DISP: [0;32;31m[SetMetadata:102] <private> is not supported[m
09-28 17:52:48.858   879  1104 E C02515/METADATA_SRV: [0;32;31m[SetMetadata:136]  fail[m
09-28 17:52:48.858   879  1104 E C01401/Bufferqueue: <surface_buffer_impl.cpp:714-SetMetadata>: SetMetadata Failed with -5
09-28 17:52:48.858   879  1104 E C01406/skia: RSUniRenderComposerAdapter::SetBufferColorSpace set color space fail
09-28 17:52:48.859   921 14654 I C02d13/HDC_LOG: [async_cmd.cpp:88] FinishShellProc finish pipeRead fd:33 pid:14653 count:1
09-28 17:52:48.860   921 14654 I C02d13/HDC_LOG: [task.cpp:55] HdcTaskBase::TaskFinish notify begin type:0 cid:239921221 sid:252******606(L:10)
09-28 17:52:48.860   921 14654 I C02d13/HDC_LOG: [task.cpp:58] HdcTaskBase::TaskFinish notify end type:0 cid:239921221 sid:252******606(L:10)
09-28 17:52:48.863   921  1220 I C02d13/HDC_LOG: [daemon.cpp:1142] FetchCommand channelId:239921221 command:2
09-28 17:52:48.863   921  1220 W C02d13/HDC_LOG: [session.cpp:160] BeginRemoveTask taskType:0 channelId:239921221
09-28 17:52:48.863   921  1220 W C02d13/HDC_LOG: [session.cpp:190] ClearOwnTasks OP_CLEAR finish, sessionId:252******606(L:10) channelIDInput:239921221
09-28 17:52:48.863   921  1220 W C02d13/HDC_LOG: [session.cpp:115] taskClassDeleteRetry start clear task, taskType:0 cid:239921221 sid:252******606(L:10)
09-28 17:52:48.863   921  1220 I C02d13/HDC_LOG: [async_cmd.cpp:69] DoRelease rc:-3 pid:14653
09-28 17:52:48.863   921  1220 I C02d13/HDC_LOG: [session.cpp:126] TaskDelay task remove retry count 0/30, taskType:0 channelId:239921221, sessionId:252******606(L:10)
09-28 17:52:48.863   921  1220 I C02d13/HDC_LOG: [daemon_unity.cpp:31] ~HdcDaemonUnity cid:239921221 sid:252******606(L:10)
09-28 17:52:48.863   921  1220 I C02d13/HDC_LOG: [task.cpp:40] ~HdcTaskBase type:0 cid:239921221 sid:252******606(L:10)
09-28 17:52:48.863   921  1220 W C02d13/HDC_LOG: [session.cpp:134] TaskDelay task remove finish, channelId:239921221
09-28 17:52:48.863   921  1220 I C02d13/HDC_LOG: [base.cpp:969] before uv handle close, the uv handle type is 13
09-28 17:52:48.867 13946 14169 I C00f00/OH_DER_VSync: onOhVsync ENTRY ts=<private> data=<private>
09-28 17:52:48.867 13946 14168 I C00f00/OH_DER_VSync: scheduleVsync ENTRY receiverPtr=0x<private>
09-28 17:52:48.867 13946 14168 I C00f00/OH_DER_VSync: scheduleVsync calling RequestFrame ohVsync=<private>
09-28 17:52:48.867 13946 14168 I C00f00/OH_DER_VSync: scheduleVsync RequestFrame rc=<private>
09-28 17:52:48.867   921  1220 I C02d13/HDC_LOG: [daemon.cpp:1142] FetchCommand channelId:239921221 command:2
09-28 17:52:48.869   879  1223 E C02515/DISP: [0;32;31m[SetMetadata:102] <private> is not supported[m
09-28 17:52:48.869   879  1223 E C02515/METADATA_SRV: [0;32;31m[SetMetadata:136]  fail[m
09-28 17:52:48.869   879  1223 E C01401/Bufferqueue: <surface_buffer_impl.cpp:714-SetMetadata>: SetMetadata Failed with -5
09-28 17:52:48.869   797  4165 E C02515/DISP: [0;32;31m[SetLayerMaskInfo@display_composer_vdi_impl.cpp:404] <private> is not supported[m
09-28 17:52:48.870   879  1233 E C02515/DISP: [0;32;31m[SetMetadata:102] <private> is not supported[m
09-28 17:52:48.870   879  1233 E C02515/METADATA_SRV: [0;32;31m[SetMetadata:136]  fail[m
09-28 17:52:48.870   879  1233 E C01401/Bufferqueue: <surface_buffer_impl.cpp:714-SetMetadata>: SetMetadata Failed with -5
09-28 17:52:48.871   797  4165 E C02515/DISP: [0;32;31m[SetDisplayClientDamage@display_composer_vdi_impl.cpp:179] <private> is not supported[m
09-28 17:52:48.884 13946 14169 I C00f00/OH_DER_VSync: onOhVsync ENTRY ts=<private> data=<private>
09-28 17:52:48.884 13946 14168 I C00f00/OH_DER_VSync: scheduleVsync ENTRY receiverPtr=0x<private>
09-28 17:52:48.884 13946 14168 I C00f00/OH_DER_VSync: scheduleVsync calling RequestFrame ohVsync=<private>
09-28 17:52:48.884   879   879 E C02515/DISP: [0;32;31m[GetMetadata:109] <private> is not supported[m
09-28 17:52:48.884 13946 14168 I C00f00/OH_DER_VSync: scheduleVsync RequestFrame rc=<private>
09-28 17:52:48.884   879   879 E C02515/DISP: [0;32;31m[GetMetadata:109] <private> is not supported[m
09-28 17:52:48.884   879   879 E C02515/DISP: [0;32;31m[GetMetadata:109] <private> is not supported[m
09-28 17:52:48.885   879   879 E C01406/skia: RSBaseRenderUtil::DealWithSurfaceRotationAndGravity, GetSurfaceBufferOpaque:0
09-28 17:52:48.885   879   879 E C02515/DISP: [0;32;31m[GetMetadata:109] <private> is not supported[m
09-28 17:52:48.885   879   879 E C01406/skia: RSBaseRenderUtil::DealWithSurfaceRotationAndGravity, GetSurfaceBufferOpaque:0
09-28 17:52:48.885   879   879 E C02515/DISP: [0;32;31m[GetMetadata:109] <private> is not supported[m
09-28 17:52:48.887   879  1104 E C02515/DISP: [0;32;31m[SetMetadata:102] <private> is not supported[m
09-28 17:52:48.887   879  1104 E C02515/METADATA_SRV: [0;32;31m[SetMetadata:136]  fail[m
09-28 17:52:48.887   879  1104 E C01401/Bufferqueue: <surface_buffer_impl.cpp:714-SetMetadata>: SetMetadata Failed with -5
09-28 17:52:48.888   879  1104 E C01406/skia: SurfaceNodeDrawable DrawCommSurfaceWatermark Name:BackgroundBlurView2 Id:8465380540424 water mark count is zero
09-28 17:52:48.888   879  1104 E C01406/skia: RSBaseRenderUtil::DealWithSurfaceRotationAndGravity, GetSurfaceBufferOpaque:0
09-28 17:52:48.888   879  1104 I C01406/WRAP: AHardwareBuffer_createFromHandle index = <private> handle = <private>, ahb = <private>
09-28 17:52:48.888   879  1104 E C01406/skia: SurfaceNodeDrawable DrawCommSurfaceWatermark Name:AdapterActivityContent Id:59897613910019 water mark count is zero
09-28 17:52:48.888   879  1104 E C01406/skia: RSBaseRenderUtil::DealWithSurfaceRotationAndGravity, GetSurfaceBufferOpaque:0
09-28 17:52:48.888   879  1104 I C01406/WRAP: AHardwareBuffer_createFromHandle index = <private> handle = <private>, ahb = <private>
09-28 17:52:48.889   879  1104 E C01406/skia: SurfaceNodeDrawable DrawCommSurfaceWatermark Name:AdapterSurfaceView Id:59897613910020 water mark count is zero
09-28 17:52:48.889   879  1104 E C01406/skia: SurfaceNodeDrawable DrawCommSurfaceWatermark Name:com.a2hlab.bridge.zigzag/com.unity3d.player.UnityPlayerActivity Id:59897613910017 water mark count is zero
09-28 17:52:48.889   879  1104 E C01406/skia: SurfaceNodeDrawable DrawCommSurfaceWatermark Name:WindowScene_zigzag40 Id:8465380541336 water mark count is zero
09-28 17:52:48.889   879  1104 E C01406/skia: SurfaceNodeDrawable DrawCommSurfaceWatermark Name:SCBGestureNavBar13 Id:8465380540563 water mark count is zero
09-28 17:52:48.889   879  1104 E C01406/skia: SurfaceNodeDrawable DrawCommSurfaceWatermark Name:SCBStatusBar15 Id:8465380540646 water mark count is zero
09-28 17:52:48.891   879  1104 E C02515/DISP: [0;32;31m[GetMetadata:109] <private> is not supported[m
09-28 17:52:48.891   879  1104 E C02515/DISP: [0;32;31m[SetMetadata:102] <private> is not supported[m
09-28 17:52:48.891   879  1104 E C02515/METADATA_SRV: [0;32;31m[SetMetadata:136]  fail[m
09-28 17:52:48.891   879  1104 E C01401/Bufferqueue: <surface_buffer_impl.cpp:714-SetMetadata>: SetMetadata Failed with -5
09-28 17:52:48.891   879  1104 E C01406/skia: RSUniRenderComposerAdapter::SetBufferColorSpace set color space fail
09-28 17:52:48.900 13946 14169 I C00f00/OH_DER_VSync: onOhVsync ENTRY ts=<private> data=<private>
09-28 17:52:48.900 13946 14168 I C00f00/OH_DER_VSync: scheduleVsync ENTRY receiverPtr=0x<private>
09-28 17:52:48.900 13946 14168 I C00f00/OH_DER_VSync: scheduleVsync calling RequestFrame ohVsync=<private>
09-28 17:52:48.901 13946 14168 I C00f00/OH_DER_VSync: scheduleVsync RequestFrame rc=<private>
09-28 17:52:48.902   879  1223 E C02515/DISP: [0;32;31m[SetMetadata:102] <private> is not supported[m
09-28 17:52:48.902   879  1223 E C02515/METADATA_SRV: [0;32;31m[SetMetadata:136]  fail[m
09-28 17:52:48.902   879  1223 E C01401/Bufferqueue: <surface_buffer_impl.cpp:714-SetMetadata>: SetMetadata Failed with -5
09-28 17:52:48.903   797  4165 E C02515/DISP: [0;32;31m[SetLayerMaskInfo@display_composer_vdi_impl.cpp:404] <private> is not supported[m
09-28 17:52:48.904   879  1233 E C02515/DISP: [0;32;31m[SetMetadata:102] <private> is not supported[m
09-28 17:52:48.904   879  1233 E C02515/METADATA_SRV: [0;32;31m[SetMetadata:136]  fail[m
09-28 17:52:48.904   879  1233 E C01401/Bufferqueue: <surface_buffer_impl.cpp:714-SetMetadata>: SetMetadata Failed with -5
09-28 17:52:48.905   797  4165 E C02515/DISP: [0;32;31m[SetDisplayClientDamage@display_composer_vdi_impl.cpp:179] <private> is not supported[m
09-28 17:52:48.917   879   879 E C02515/DISP: [0;32;31m[GetMetadata:109] <private> is not supported[m
09-28 17:52:48.917   879   879 E C02515/DISP: [0;32;31m[GetMetadata:109] <private> is not supported[m
09-28 17:52:48.917   879   879 E C02515/DISP: [0;32;31m[GetMetadata:109] <private> is not supported[m
09-28 17:52:48.918   879   879 E C01406/skia: RSBaseRenderUtil::DealWithSurfaceRotationAndGravity, GetSurfaceBufferOpaque:0
09-28 17:52:48.918   879   879 E C02515/DISP: [0;32;31m[GetMetadata:109] <private> is not supported[m
09-28 17:52:48.918   879   879 E C01406/skia: RSBaseRenderUtil::DealWithSurfaceRotationAndGravity, GetSurfaceBufferOpaque:0
09-28 17:52:48.918   879   879 E C02515/DISP: [0;32;31m[GetMetadata:109] <private> is not supported[m
09-28 17:52:48.918 13946 14169 I C00f00/OH_DER_VSync: onOhVsync ENTRY ts=<private> data=<private>
09-28 17:52:48.919 13946 14168 I C00f00/OH_DER_VSync: scheduleVsync ENTRY receiverPtr=0x<private>
09-28 17:52:48.919 13946 14168 I C00f00/OH_DER_VSync: scheduleVsync calling RequestFrame ohVsync=<private>
09-28 17:52:48.919   879  1104 E C02515/DISP: [0;32;31m[SetMetadata:102] <private> is not supported[m
09-28 17:52:48.919   879  1104 E C02515/METADATA_SRV: [0;32;31m[SetMetadata:136]  fail[m
09-28 17:52:48.919   879  1104 E C01401/Bufferqueue: <surface_buffer_impl.cpp:714-SetMetadata>: SetMetadata Failed with -5
09-28 17:52:48.919 13946 14168 I C00f00/OH_DER_VSync: scheduleVsync RequestFrame rc=<private>
09-28 17:52:48.919   879  1104 E C01406/skia: SurfaceNodeDrawable DrawCommSurfaceWatermark Name:BackgroundBlurView2 Id:8465380540424 water mark count is zero
09-28 17:52:48.919   879  1104 E C01406/skia: RSBaseRenderUtil::DealWithSurfaceRotationAndGravity, GetSurfaceBufferOpaque:0
09-28 17:52:48.920   879  1104 I C01406/WRAP: AHardwareBuffer_createFromHandle index = <private> handle = <private>, ahb = <private>
09-28 17:52:48.920   879  1104 E C01406/skia: SurfaceNodeDrawable DrawCommSurfaceWatermark Name:AdapterActivityContent Id:59897613910019 water mark count is zero
09-28 17:52:48.920   879  1104 E C01406/skia: RSBaseRenderUtil::DealWithSurfaceRotationAndGravity, GetSurfaceBufferOpaque:0
09-28 17:52:48.920   879  1104 I C01406/WRAP: AHardwareBuffer_createFromHandle index = <private> handle = <private>, ahb = <private>
09-28 17:52:48.920   879  1104 E C01406/skia: SurfaceNodeDrawable DrawCommSurfaceWatermark Name:AdapterSurfaceView Id:59897613910020 water mark count is zero
09-28 17:52:48.920   879  1104 E C01406/skia: SurfaceNodeDrawable DrawCommSurfaceWatermark Name:com.a2hlab.bridge.zigzag/com.unity3d.player.UnityPlayerActivity Id:59897613910017 water mark count is zero
09-28 17:52:48.920   879  1104 E C01406/skia: SurfaceNodeDrawable DrawCommSurfaceWatermark Name:WindowScene_zigzag40 Id:8465380541336 water mark count is zero
09-28 17:52:48.921   879  1104 E C01406/skia: SurfaceNodeDrawable DrawCommSurfaceWatermark Name:SCBGestureNavBar13 Id:8465380540563 water mark count is zero
09-28 17:52:48.922   879  1104 E C01406/skia: SurfaceNodeDrawable DrawCommSurfaceWatermark Name:SCBStatusBar15 Id:8465380540646 water mark count is zero
09-28 17:52:48.924   879  1104 E C02515/DISP: [0;32;31m[GetMetadata:109] <private> is not supported[m
09-28 17:52:48.924   879  1104 E C02515/DISP: [0;32;31m[SetMetadata:102] <private> is not supported[m
09-28 17:52:48.924   879  1104 E C02515/METADATA_SRV: [0;32;31m[SetMetadata:136]  fail[m
09-28 17:52:48.924   879  1104 E C01401/Bufferqueue: <surface_buffer_impl.cpp:714-SetMetadata>: SetMetadata Failed with -5
09-28 17:52:48.924   879  1104 E C01406/skia: RSUniRenderComposerAdapter::SetBufferColorSpace set color space fail
09-28 17:52:48.934 13946 14169 I C00f00/OH_DER_VSync: onOhVsync ENTRY ts=<private> data=<private>
09-28 17:52:48.934 13946 14168 I C00f00/OH_DER_VSync: scheduleVsync ENTRY receiverPtr=0x<private>
09-28 17:52:48.934 13946 14168 I C00f00/OH_DER_VSync: scheduleVsync calling RequestFrame ohVsync=<private>
09-28 17:52:48.934 13946 14168 I C00f00/OH_DER_VSync: scheduleVsync RequestFrame rc=<private>
09-28 17:52:48.935   879  1223 E C02515/DISP: [0;32;31m[SetMetadata:102] <private> is not supported[m
09-28 17:52:48.935   879  1223 E C02515/METADATA_SRV: [0;32;31m[SetMetadata:136]  fail[m
09-28 17:52:48.935   879  1223 E C01401/Bufferqueue: <surface_buffer_impl.cpp:714-SetMetadata>: SetMetadata Failed with -5
09-28 17:52:48.937   797  4165 E C02515/DISP: [0;32;31m[SetLayerMaskInfo@display_composer_vdi_impl.cpp:404] <private> is not supported[m
09-28 17:52:48.937   879  1233 E C02515/DISP: [0;32;31m[SetMetadata:102] <private> is not supported[m
09-28 17:52:48.937   879  1233 E C02515/METADATA_SRV: [0;32;31m[SetMetadata:136]  fail[m
09-28 17:52:48.937   879  1233 E C01401/Bufferqueue: <surface_buffer_impl.cpp:714-SetMetadata>: SetMetadata Failed with -5
09-28 17:52:48.938   797  4165 E C02515/DISP: [0;32;31m[SetDisplayClientDamage@display_composer_vdi_impl.cpp:179] <private> is not supported[m
09-28 17:52:48.950 13946 14169 I C00f00/OH_DER_VSync: onOhVsync ENTRY ts=<private> data=<private>
09-28 17:52:48.950   879   879 E C02515/DISP: [0;32;31m[GetMetadata:109] <private> is not supported[m
09-28 17:52:48.950   879   879 E C02515/DISP: [0;32;31m[GetMetadata:109] <private> is not supported[m
09-28 17:52:48.950 13946 14168 I C00f00/OH_DER_VSync: scheduleVsync ENTRY receiverPtr=0x<private>
09-28 17:52:48.950 13946 14168 I C00f00/OH_DER_VSync: scheduleVsync calling RequestFrame ohVsync=<private>
09-28 17:52:48.950   879   879 E C02515/DISP: [0;32;31m[GetMetadata:109] <private> is not supported[m
09-28 17:52:48.951 13946 14168 I C00f00/OH_DER_VSync: scheduleVsync RequestFrame rc=<private>
09-28 17:52:48.951   879   879 E C01406/skia: RSBaseRenderUtil::DealWithSurfaceRotationAndGravity, GetSurfaceBufferOpaque:0
09-28 17:52:48.951   879   879 E C02515/DISP: [0;32;31m[GetMetadata:109] <private> is not supported[m
09-28 17:52:48.951   879   879 E C01406/skia: RSBaseRenderUtil::DealWithSurfaceRotationAndGravity, GetSurfaceBufferOpaque:0
09-28 17:52:48.951   879   879 E C02515/DISP: [0;32;31m[GetMetadata:109] <private> is not supported[m
09-28 17:52:48.952   879  1104 E C02515/DISP: [0;32;31m[SetMetadata:102] <private> is not supported[m
09-28 17:52:48.952   879  1104 E C02515/METADATA_SRV: [0;32;31m[SetMetadata:136]  fail[m
09-28 17:52:48.952   879  1104 E C01401/Bufferqueue: <surface_buffer_impl.cpp:714-SetMetadata>: SetMetadata Failed with -5
09-28 17:52:48.953   879  1104 E C01406/skia: SurfaceNodeDrawable DrawCommSurfaceWatermark Name:BackgroundBlurView2 Id:8465380540424 water mark count is zero
09-28 17:52:48.953   879  1104 E C01406/skia: RSBaseRenderUtil::DealWithSurfaceRotationAndGravity, GetSurfaceBufferOpaque:0
09-28 17:52:48.953   879  1104 I C01406/WRAP: AHardwareBuffer_createFromHandle index = <private> handle = <private>, ahb = <private>
09-28 17:52:48.953   879  1104 E C01406/skia: SurfaceNodeDrawable DrawCommSurfaceWatermark Name:AdapterActivityContent Id:59897613910019 water mark count is zero
09-28 17:52:48.953   879  1104 E C01406/skia: RSBaseRenderUtil::DealWithSurfaceRotationAndGravity, GetSurfaceBufferOpaque:0
09-28 17:52:48.953   879  1104 I C01406/WRAP: AHardwareBuffer_createFromHandle index = <private> handle = <private>, ahb = <private>
09-28 17:52:48.953   879  1104 E C01406/skia: SurfaceNodeDrawable DrawCommSurfaceWatermark Name:AdapterSurfaceView Id:59897613910020 water mark count is zero
09-28 17:52:48.953   879  1104 E C01406/skia: SurfaceNodeDrawable DrawCommSurfaceWatermark Name:com.a2hlab.bridge.zigzag/com.unity3d.player.UnityPlayerActivity Id:59897613910017 water mark count is zero
09-28 17:52:48.953   879  1104 E C01406/skia: SurfaceNodeDrawable DrawCommSurfaceWatermark Name:WindowScene_zigzag40 Id:8465380541336 water mark count is zero
09-28 17:52:48.954   879  1104 E C01406/skia: SurfaceNodeDrawable DrawCommSurfaceWatermark Name:SCBGestureNavBar13 Id:8465380540563 water mark count is zero
09-28 17:52:48.954   879  1104 E C01406/skia: SurfaceNodeDrawable DrawCommSurfaceWatermark Name:SCBStatusBar15 Id:8465380540646 water mark count is zero
09-28 17:52:48.956   879  1104 E C02515/DISP: [0;32;31m[GetMetadata:109] <private> is not supported[m
09-28 17:52:48.956   879  1104 E C02515/DISP: [0;32;31m[SetMetadata:102] <private> is not supported[m
09-28 17:52:48.956   879  1104 E C02515/METADATA_SRV: [0;32;31m[SetMetadata:136]  fail[m
09-28 17:52:48.956   879  1104 E C01401/Bufferqueue: <surface_buffer_impl.cpp:714-SetMetadata>: SetMetadata Failed with -5
09-28 17:52:48.956   879  1104 E C01406/skia: RSUniRenderComposerAdapter::SetBufferColorSpace set color space fail
09-28 17:52:48.967 13946 14169 I C00f00/OH_DER_VSync: onOhVsync ENTRY ts=<private> data=<private>
09-28 17:52:48.967 13946 14168 I C00f00/OH_DER_VSync: scheduleVsync ENTRY receiverPtr=0x<private>
09-28 17:52:48.967 13946 14168 I C00f00/OH_DER_VSync: scheduleVsync calling RequestFrame ohVsync=<private>
09-28 17:52:48.967 13946 14168 I C00f00/OH_DER_VSync: scheduleVsync RequestFrame rc=<private>
09-28 17:52:48.969   879  1223 E C02515/DISP: [0;32;31m[SetMetadata:102] <private> is not supported[m
09-28 17:52:48.969   879  1223 E C02515/METADATA_SRV: [0;32;31m[SetMetadata:136]  fail[m
09-28 17:52:48.969   879  1223 E C01401/Bufferqueue: <surface_buffer_impl.cpp:714-SetMetadata>: SetMetadata Failed with -5
09-28 17:52:48.970   797  4165 E C02515/DISP: [0;32;31m[SetLayerMaskInfo@display_composer_vdi_impl.cpp:404] <private> is not supported[m
09-28 17:52:48.970   879  1233 E C02515/DISP: [0;32;31m[SetMetadata:102] <private> is not supported[m
09-28 17:52:48.970   879  1233 E C02515/METADATA_SRV: [0;32;31m[SetMetadata:136]  fail[m
09-28 17:52:48.970   879  1233 E C01401/Bufferqueue: <surface_buffer_impl.cpp:714-SetMetadata>: SetMetadata Failed with -5
09-28 17:52:48.971   797  4165 E C02515/DISP: [0;32;31m[SetDisplayClientDamage@display_composer_vdi_impl.cpp:179] <private> is not supported[m
09-28 17:52:48.984   879   879 E C02515/DISP: [0;32;31m[GetMetadata:109] <private> is not supported[m
09-28 17:52:48.984   879   879 E C02515/DISP: [0;32;31m[GetMetadata:109] <private> is not supported[m
09-28 17:52:48.984   879   879 E C02515/DISP: [0;32;31m[GetMetadata:109] <private> is not supported[m
09-28 17:52:48.984   879   879 E C01406/skia: RSBaseRenderUtil::DealWithSurfaceRotationAndGravity, GetSurfaceBufferOpaque:0
09-28 17:52:48.984   879   879 E C02515/DISP: [0;32;31m[GetMetadata:109] <private> is not supported[m
09-28 17:52:48.985   879   879 E C01406/skia: RSBaseRenderUtil::DealWithSurfaceRotationAndGravity, GetSurfaceBufferOpaque:0
09-28 17:52:48.985   879   879 E C02515/DISP: [0;32;31m[GetMetadata:109] <private> is not supported[m
09-28 17:52:48.985 13946 14169 I C00f00/OH_DER_VSync: onOhVsync ENTRY ts=<private> data=<private>
09-28 17:52:48.986   879  1104 E C02515/DISP: [0;32;31m[SetMetadata:102] <private> is not supported[m
09-28 17:52:48.986 13946 14168 I C00f00/OH_DER_VSync: scheduleVsync ENTRY receiverPtr=0x<private>
09-28 17:52:48.986   879  1104 E C02515/METADATA_SRV: [0;32;31m[SetMetadata:136]  fail[m
09-28 17:52:48.986 13946 14168 I C00f00/OH_DER_VSync: scheduleVsync calling RequestFrame ohVsync=<private>
09-28 17:52:48.986   879  1104 E C01401/Bufferqueue: <surface_buffer_impl.cpp:714-SetMetadata>: SetMetadata Failed with -5
09-28 17:52:48.986 13946 14168 I C00f00/OH_DER_VSync: scheduleVsync RequestFrame rc=<private>
09-28 17:52:48.986   879  1104 E C01406/skia: SurfaceNodeDrawable DrawCommSurfaceWatermark Name:BackgroundBlurView2 Id:8465380540424 water mark count is zero
09-28 17:52:48.986   879  1104 E C01406/skia: RSBaseRenderUtil::DealWithSurfaceRotationAndGravity, GetSurfaceBufferOpaque:0
09-28 17:52:48.986   879  1104 I C01406/WRAP: AHardwareBuffer_createFromHandle index = <private> handle = <private>, ahb = <private>
09-28 17:52:48.986   879  1104 E C01406/skia: SurfaceNodeDrawable DrawCommSurfaceWatermark Name:AdapterActivityContent Id:59897613910019 water mark count is zero
09-28 17:52:48.987   879  1104 E C01406/skia: RSBaseRenderUtil::DealWithSurfaceRotationAndGravity, GetSurfaceBufferOpaque:0
09-28 17:52:48.987   879  1104 I C01406/WRAP: AHardwareBuffer_createFromHandle index = <private> handle = <private>, ahb = <private>
09-28 17:52:48.987   879  1104 E C01406/skia: SurfaceNodeDrawable DrawCommSurfaceWatermark Name:AdapterSurfaceView Id:59897613910020 water mark count is zero
09-28 17:52:48.987   879  1104 E C01406/skia: SurfaceNodeDrawable DrawCommSurfaceWatermark Name:com.a2hlab.bridge.zigzag/com.unity3d.player.UnityPlayerActivity Id:59897613910017 water mark count is zero
09-28 17:52:48.987   879  1104 E C01406/skia: SurfaceNodeDrawable DrawCommSurfaceWatermark Name:WindowScene_zigzag40 Id:8465380541336 water mark count is zero
09-28 17:52:48.987   879  1104 E C01406/skia: SurfaceNodeDrawable DrawCommSurfaceWatermark Name:SCBGestureNavBar13 Id:8465380540563 water mark count is zero
09-28 17:52:48.988   879  1104 E C01406/skia: SurfaceNodeDrawable DrawCommSurfaceWatermark Name:SCBStatusBar15 Id:8465380540646 water mark count is zero
09-28 17:52:48.989   879  1104 E C02515/DISP: [0;32;31m[GetMetadata:109] <private> is not supported[m
09-28 17:52:48.989   879  1104 E C02515/DISP: [0;32;31m[SetMetadata:102] <private> is not supported[m
09-28 17:52:48.989   879  1104 E C02515/METADATA_SRV: [0;32;31m[SetMetadata:136]  fail[m
09-28 17:52:48.989   879  1104 E C01401/Bufferqueue: <surface_buffer_impl.cpp:714-SetMetadata>: SetMetadata Failed with -5
09-28 17:52:48.989   879  1104 E C01406/skia: RSUniRenderComposerAdapter::SetBufferColorSpace set color space fail
09-28 17:52:48.990   921  1220 I C02d13/HDC_LOG: [daemon.cpp:1142] FetchCommand channelId:3154166398 command:1001
09-28 17:52:48.990   921  1220 I C02d13/HDC_LOG: [session.cpp:1652] New HTaskInfo cid:3154166398 sid:252******606(L:10) command:1001
09-28 17:52:48.990   921  1220 I C02d13/HDC_LOG: [session.cpp:891] AdminTask add task type:0 cid:3154166398 sid:252******606(L:10) mapsize:2
09-28 17:52:48.990   921  1220 I C02d13/HDC_LOG: [task.cpp:34] HdcTaskBase type:0 cid:3154166398 sid:252******606(L:10)
09-28 17:52:48.990   921  1220 I C02d13/HDC_LOG: [daemon_unity.cpp:414] Unity CommandDispatch command:1001 cid:3154166398 sid:252******606(L:10)
09-28 17:52:48.990   921  1220 W C02d13/HDC_LOG: [async_cmd.cpp:114] GetDevItem false key:persist.hdc.root
09-28 17:52:48.990   921 14655 I C02d13/HDC_LOG: [async_cmd.cpp:225] Popen pipe fds[pipeRead]:33 fds[pipeWrite]:34, mode 0
09-28 17:52:48.994   921  1220 I C02d13/HDC_LOG: [async_cmd.cpp:291] ExecuteCommand cmd:param get const.product.os.dist.apiname fd:33 pid:14656
09-28 17:52:48.994   921  1220 I C02d13/HDC_LOG: [daemon_unity.cpp:486] Unity CommandDispatch command:1001 finish cid:3154166398 sid:252******606(L:10)
09-28 17:52:48.995 14656 14656 W C02d13/HDC_LOG: [async_cmd.cpp:140] SetSelinuxLabel con:u:r:su:s0 isRoot:0
09-28 17:52:49.000 13946 14169 I C00f00/OH_DER_VSync: onOhVsync ENTRY ts=<private> data=<private>
09-28 17:52:49.001 13946 14168 I C00f00/OH_DER_VSync: scheduleVsync ENTRY receiverPtr=0x<private>
09-28 17:52:49.001 13946 14168 I C00f00/OH_DER_VSync: scheduleVsync calling RequestFrame ohVsync=<private>
09-28 17:52:49.001 13946 14168 I C00f00/OH_DER_VSync: scheduleVsync RequestFrame rc=<private>
09-28 17:52:49.002   879  1223 E C02515/DISP: [0;32;31m[SetMetadata:102] <private> is not supported[m
09-28 17:52:49.002   879  1223 E C02515/METADATA_SRV: [0;32;31m[SetMetadata:136]  fail[m
09-28 17:52:49.002   879  1223 E C01401/Bufferqueue: <surface_buffer_impl.cpp:714-SetMetadata>: SetMetadata Failed with -5
09-28 17:52:49.004   797  4165 E C02515/DISP: [0;32;31m[SetLayerMaskInfo@display_composer_vdi_impl.cpp:404] <private> is not supported[m
09-28 17:52:49.004   879  1233 E C02515/DISP: [0;32;31m[SetMetadata:102] <private> is not supported[m
09-28 17:52:49.004   879  1233 E C02515/METADATA_SRV: [0;32;31m[SetMetadata:136]  fail[m
09-28 17:52:49.004   879  1233 E C01401/Bufferqueue: <surface_buffer_impl.cpp:714-SetMetadata>: SetMetadata Failed with -5
09-28 17:52:49.005   797  4165 E C02515/DISP: [0;32;31m[SetDisplayClientDamage@display_composer_vdi_impl.cpp:179] <private> is not supported[m
09-28 17:52:49.017 13946 14169 I C00f00/OH_DER_VSync: onOhVsync ENTRY ts=<private> data=<private>
09-28 17:52:49.017 13946 14168 I C00f00/OH_DER_VSync: scheduleVsync ENTRY receiverPtr=0x<private>
09-28 17:52:49.017 13946 14168 I C00f00/OH_DER_VSync: scheduleVsync calling RequestFrame ohVsync=<private>
09-28 17:52:49.017   879   879 E C02515/DISP: [0;32;31m[GetMetadata:109] <private> is not supported[m
09-28 17:52:49.017 13946 14168 I C00f00/OH_DER_VSync: scheduleVsync RequestFrame rc=<private>
09-28 17:52:49.017   879   879 E C02515/DISP: [0;32;31m[GetMetadata:109] <private> is not supported[m
09-28 17:52:49.017   879   879 E C02515/DISP: [0;32;31m[GetMetadata:109] <private> is not supported[m
09-28 17:52:49.019   879   879 E C01406/skia: RSBaseRenderUtil::DealWithSurfaceRotationAndGravity, GetSurfaceBufferOpaque:0
09-28 17:52:49.019   879   879 E C02515/DISP: [0;32;31m[GetMetadata:109] <private> is not supported[m
09-28 17:52:49.019   879   879 E C01406/skia: RSBaseRenderUtil::DealWithSurfaceRotationAndGravity, GetSurfaceBufferOpaque:0
09-28 17:52:49.019   879   879 E C02515/DISP: [0;32;31m[GetMetadata:109] <private> is not supported[m
09-28 17:52:49.021   879  1104 E C02515/DISP: [0;32;31m[SetMetadata:102] <private> is not supported[m
09-28 17:52:49.021   879  1104 E C02515/METADATA_SRV: [0;32;31m[SetMetadata:136]  fail[m
09-28 17:52:49.021   879  1104 E C01401/Bufferqueue: <surface_buffer_impl.cpp:714-SetMetadata>: SetMetadata Failed with -5
09-28 17:52:49.021   879  1104 E C01406/skia: SurfaceNodeDrawable DrawCommSurfaceWatermark Name:BackgroundBlurView2 Id:8465380540424 water mark count is zero
09-28 17:52:49.021   879  1104 E C01406/skia: RSBaseRenderUtil::DealWithSurfaceRotationAndGravity, GetSurfaceBufferOpaque:0
09-28 17:52:49.022   879  1104 I C01406/WRAP: AHardwareBuffer_createFromHandle index = <private> handle = <private>, ahb = <private>
09-28 17:52:49.022   879  1104 E C01406/skia: SurfaceNodeDrawable DrawCommSurfaceWatermark Name:AdapterActivityContent Id:59897613910019 water mark count is zero
09-28 17:52:49.022   879  1104 E C01406/skia: RSBaseRenderUtil::DealWithSurfaceRotationAndGravity, GetSurfaceBufferOpaque:0
09-28 17:52:49.022   879  1104 I C01406/WRAP: AHardwareBuffer_createFromHandle index = <private> handle = <private>, ahb = <private>
09-28 17:52:49.022   879  1104 E C01406/skia: SurfaceNodeDrawable DrawCommSurfaceWatermark Name:AdapterSurfaceView Id:59897613910020 water mark count is zero
09-28 17:52:49.022   879  1104 E C01406/skia: SurfaceNodeDrawable DrawCommSurfaceWatermark Name:com.a2hlab.bridge.zigzag/com.unity3d.player.UnityPlayerActivity Id:59897613910017 water mark count is zero
09-28 17:52:49.022   879  1104 E C01406/skia: SurfaceNodeDrawable DrawCommSurfaceWatermark Name:WindowScene_zigzag40 Id:8465380541336 water mark count is zero
09-28 17:52:49.023   879  1104 E C01406/skia: SurfaceNodeDrawable DrawCommSurfaceWatermark Name:SCBGestureNavBar13 Id:8465380540563 water mark count is zero
09-28 17:52:49.023   879  1104 E C01406/skia: SurfaceNodeDrawable DrawCommSurfaceWatermark Name:SCBStatusBar15 Id:8465380540646 water mark count is zero
09-28 17:52:49.025   879  1104 E C02515/DISP: [0;32;31m[GetMetadata:109] <private> is not supported[m
09-28 17:52:49.025   879  1104 E C02515/DISP: [0;32;31m[SetMetadata:102] <private> is not supported[m
09-28 17:52:49.025   879  1104 E C02515/METADATA_SRV: [0;32;31m[SetMetadata:136]  fail[m
09-28 17:52:49.025   879  1104 E C01401/Bufferqueue: <surface_buffer_impl.cpp:714-SetMetadata>: SetMetadata Failed with -5
09-28 17:52:49.025   879  1104 E C01406/skia: RSUniRenderComposerAdapter::SetBufferColorSpace set color space fail
09-28 17:52:49.033   921 14657 I C02d13/HDC_LOG: [async_cmd.cpp:88] FinishShellProc finish pipeRead fd:33 pid:14656 count:1
09-28 17:52:49.033   921 14657 I C02d13/HDC_LOG: [task.cpp:55] HdcTaskBase::TaskFinish notify begin type:0 cid:3154166398 sid:252******606(L:10)
09-28 17:52:49.033   921 14657 I C02d13/HDC_LOG: [task.cpp:58] HdcTaskBase::TaskFinish notify end type:0 cid:3154166398 sid:252******606(L:10)
09-28 17:52:49.034 13946 14169 I C00f00/OH_DER_VSync: onOhVsync ENTRY ts=<private> data=<private>
09-28 17:52:49.034 13946 14168 I C00f00/OH_DER_VSync: scheduleVsync ENTRY receiverPtr=0x<private>
09-28 17:52:49.034 13946 14168 I C00f00/OH_DER_VSync: scheduleVsync calling RequestFrame ohVsync=<private>
09-28 17:52:49.034 13946 14168 I C00f00/OH_DER_VSync: scheduleVsync RequestFrame rc=<private>
09-28 17:52:49.036   879  1223 E C02515/DISP: [0;32;31m[SetMetadata:102] <private> is not supported[m
09-28 17:52:49.036   879  1223 E C02515/METADATA_SRV: [0;32;31m[SetMetadata:136]  fail[m
09-28 17:52:49.036   879  1223 E C01401/Bufferqueue: <surface_buffer_impl.cpp:714-SetMetadata>: SetMetadata Failed with -5
09-28 17:52:49.036   921  1220 I C02d13/HDC_LOG: [daemon.cpp:1142] FetchCommand channelId:3154166398 command:2
09-28 17:52:49.036   921  1220 W C02d13/HDC_LOG: [session.cpp:160] BeginRemoveTask taskType:0 channelId:3154166398
09-28 17:52:49.036   921  1220 W C02d13/HDC_LOG: [session.cpp:190] ClearOwnTasks OP_CLEAR finish, sessionId:252******606(L:10) channelIDInput:3154166398
09-28 17:52:49.036   921  1220 W C02d13/HDC_LOG: [session.cpp:115] taskClassDeleteRetry start clear task, taskType:0 cid:3154166398 sid:252******606(L:10)
09-28 17:52:49.036   797  4165 E C02515/DISP: [0;32;31m[SetLayerMaskInfo@display_composer_vdi_impl.cpp:404] <private> is not supported[m
09-28 17:52:49.036   921  1220 I C02d13/HDC_LOG: [async_cmd.cpp:69] DoRelease rc:-3 pid:14656
09-28 17:52:49.036   921  1220 I C02d13/HDC_LOG: [session.cpp:126] TaskDelay task remove retry count 0/30, taskType:0 channelId:3154166398, sessionId:252******606(L:10)
09-28 17:52:49.036   921  1220 I C02d13/HDC_LOG: [daemon_unity.cpp:31] ~HdcDaemonUnity cid:3154166398 sid:252******606(L:10)
09-28 17:52:49.036   921  1220 I C02d13/HDC_LOG: [task.cpp:40] ~HdcTaskBase type:0 cid:3154166398 sid:252******606(L:10)
09-28 17:52:49.036   921  1220 W C02d13/HDC_LOG: [session.cpp:134] TaskDelay task remove finish, channelId:3154166398
09-28 17:52:49.036   921  1220 I C02d13/HDC_LOG: [base.cpp:969] before uv handle close, the uv handle type is 13
09-28 17:52:49.037   879  1233 E C02515/DISP: [0;32;31m[SetMetadata:102] <private> is not supported[m
09-28 17:52:49.037   879  1233 E C02515/METADATA_SRV: [0;32;31m[SetMetadata:136]  fail[m
09-28 17:52:49.037   879  1233 E C01401/Bufferqueue: <surface_buffer_impl.cpp:714-SetMetadata>: SetMetadata Failed with -5
09-28 17:52:49.037   797  4165 E C02515/DISP: [0;32;31m[SetDisplayClientDamage@display_composer_vdi_impl.cpp:179] <private> is not supported[m
09-28 17:52:49.041   921  1220 I C02d13/HDC_LOG: [daemon.cpp:1142] FetchCommand channelId:3154166398 command:2
09-28 17:52:49.050 13946 14169 I C00f00/OH_DER_VSync: onOhVsync ENTRY ts=<private> data=<private>
09-28 17:52:49.051 13946 14168 I C00f00/OH_DER_VSync: scheduleVsync ENTRY receiverPtr=0x<private>
09-28 17:52:49.051 13946 14168 I C00f00/OH_DER_VSync: scheduleVsync calling RequestFrame ohVsync=<private>
09-28 17:52:49.051 13946 14168 I C00f00/OH_DER_VSync: scheduleVsync RequestFrame rc=<private>
09-28 17:52:49.051   879   879 E C02515/DISP: [0;32;31m[GetMetadata:109] <private> is not supported[m
09-28 17:52:49.051   879   879 E C02515/DISP: [0;32;31m[GetMetadata:109] <private> is not supported[m
09-28 17:52:49.051   879   879 E C02515/DISP: [0;32;31m[GetMetadata:109] <private> is not supported[m
09-28 17:52:49.052   879   879 E C01406/skia: RSBaseRenderUtil::DealWithSurfaceRotationAndGravity, GetSurfaceBufferOpaque:0
09-28 17:52:49.052   879   879 E C02515/DISP: [0;32;31m[GetMetadata:109] <private> is not supported[m
09-28 17:52:49.052   879   879 E C01406/skia: RSBaseRenderUtil::DealWithSurfaceRotationAndGravity, GetSurfaceBufferOpaque:0
09-28 17:52:49.052   879   879 E C02515/DISP: [0;32;31m[GetMetadata:109] <private> is not supported[m
09-28 17:52:49.054   879  1104 E C02515/DISP: [0;32;31m[SetMetadata:102] <private> is not supported[m
09-28 17:52:49.054   879  1104 E C02515/METADATA_SRV: [0;32;31m[SetMetadata:136]  fail[m
09-28 17:52:49.054   879  1104 E C01401/Bufferqueue: <surface_buffer_impl.cpp:714-SetMetadata>: SetMetadata Failed with -5
09-28 17:52:49.055   879  1104 E C01406/skia: SurfaceNodeDrawable DrawCommSurfaceWatermark Name:BackgroundBlurView2 Id:8465380540424 water mark count is zero
09-28 17:52:49.055   879  1104 E C01406/skia: RSBaseRenderUtil::DealWithSurfaceRotationAndGravity, GetSurfaceBufferOpaque:0
09-28 17:52:49.055   879  1104 I C01406/WRAP: AHardwareBuffer_createFromHandle index = <private> handle = <private>, ahb = <private>
09-28 17:52:49.055   879  1104 E C01406/skia: SurfaceNodeDrawable DrawCommSurfaceWatermark Name:AdapterActivityContent Id:59897613910019 water mark count is zero
09-28 17:52:49.055   879  1104 E C01406/skia: RSBaseRenderUtil::DealWithSurfaceRotationAndGravity, GetSurfaceBufferOpaque:0
09-28 17:52:49.055   879  1104 I C01406/WRAP: AHardwareBuffer_createFromHandle index = <private> handle = <private>, ahb = <private>
09-28 17:52:49.056   879  1104 E C01406/skia: SurfaceNodeDrawable DrawCommSurfaceWatermark Name:AdapterSurfaceView Id:59897613910020 water mark count is zero
09-28 17:52:49.056   879  1104 E C01406/skia: SurfaceNodeDrawable DrawCommSurfaceWatermark Name:com.a2hlab.bridge.zigzag/com.unity3d.player.UnityPlayerActivity Id:59897613910017 water mark count is zero
09-28 17:52:49.056   879  1104 E C01406/skia: SurfaceNodeDrawable DrawCommSurfaceWatermark Name:WindowScene_zigzag40 Id:8465380541336 water mark count is zero
09-28 17:52:49.056   879  1104 E C01406/skia: SurfaceNodeDrawable DrawCommSurfaceWatermark Name:SCBGestureNavBar13 Id:8465380540563 water mark count is zero
09-28 17:52:49.056   879  1104 E C01406/skia: SurfaceNodeDrawable DrawCommSurfaceWatermark Name:SCBStatusBar15 Id:8465380540646 water mark count is zero
09-28 17:52:49.058   879  1104 E C02515/DISP: [0;32;31m[GetMetadata:109] <private> is not supported[m
09-28 17:52:49.058   879  1104 E C02515/DISP: [0;32;31m[SetMetadata:102] <private> is not supported[m
09-28 17:52:49.058   879  1104 E C02515/METADATA_SRV: [0;32;31m[SetMetadata:136]  fail[m
09-28 17:52:49.058   879  1104 E C01401/Bufferqueue: <surface_buffer_impl.cpp:714-SetMetadata>: SetMetadata Failed with -5
09-28 17:52:49.058   879  1104 E C01406/skia: RSUniRenderComposerAdapter::SetBufferColorSpace set color space fail
09-28 17:52:49.067 13946 14169 I C00f00/OH_DER_VSync: onOhVsync ENTRY ts=<private> data=<private>
09-28 17:52:49.067 13946 14168 I C00f00/OH_DER_VSync: scheduleVsync ENTRY receiverPtr=0x<private>
09-28 17:52:49.067 13946 14168 I C00f00/OH_DER_VSync: scheduleVsync calling RequestFrame ohVsync=<private>
09-28 17:52:49.067 13946 14168 I C00f00/OH_DER_VSync: scheduleVsync RequestFrame rc=<private>
09-28 17:52:49.069   879  1223 E C02515/DISP: [0;32;31m[SetMetadata:102] <private> is not supported[m
09-28 17:52:49.069   879  1223 E C02515/METADATA_SRV: [0;32;31m[SetMetadata:136]  fail[m
09-28 17:52:49.069   879  1223 E C01401/Bufferqueue: <surface_buffer_impl.cpp:714-SetMetadata>: SetMetadata Failed with -5
09-28 17:52:49.070   797  4165 E C02515/DISP: [0;32;31m[SetLayerMaskInfo@display_composer_vdi_impl.cpp:404] <private> is not supported[m
09-28 17:52:49.071   879  1233 E C02515/DISP: [0;32;31m[SetMetadata:102] <private> is not supported[m
09-28 17:52:49.071   879  1233 E C02515/METADATA_SRV: [0;32;31m[SetMetadata:136]  fail[m
09-28 17:52:49.071   879  1233 E C01401/Bufferqueue: <surface_buffer_impl.cpp:714-SetMetadata>: SetMetadata Failed with -5
09-28 17:52:49.071   797  4165 E C02515/DISP: [0;32;31m[SetDisplayClientDamage@display_composer_vdi_impl.cpp:179] <private> is not supported[m
09-28 17:52:49.074   921  1220 I C02d13/HDC_LOG: [session.cpp:1521] send heartbeat count is 117 and messages count is 11706 for session 252******606(L:10)
09-28 17:52:49.075   921  1220 I C02d13/HDC_LOG: [daemon.cpp:1142] FetchCommand channelId:0 command:5000
09-28 17:52:49.075   921  1220 I C02d13/HDC_LOG: [daemon.cpp:1163] recv heartbeat count is 117 for session 252******606(L:10)
09-28 17:52:49.084 13946 14169 I C00f00/OH_DER_VSync: onOhVsync ENTRY ts=<private> data=<private>
09-28 17:52:49.084   879   879 E C02515/DISP: [0;32;31m[GetMetadata:109] <private> is not supported[m
09-28 17:52:49.084   879   879 E C02515/DISP: [0;32;31m[GetMetadata:109] <private> is not supported[m
09-28 17:52:49.084   879   879 E C02515/DISP: [0;32;31m[GetMetadata:109] <private> is not supported[m
09-28 17:52:49.084 13946 14168 I C00f00/OH_DER_VSync: scheduleVsync ENTRY receiverPtr=0x<private>
09-28 17:52:49.084 13946 14168 I C00f00/OH_DER_VSync: scheduleVsync calling RequestFrame ohVsync=<private>
09-28 17:52:49.084 13946 14168 I C00f00/OH_DER_VSync: scheduleVsync RequestFrame rc=<private>
09-28 17:52:49.085   879   879 E C01406/skia: RSBaseRenderUtil::DealWithSurfaceRotationAndGravity, GetSurfaceBufferOpaque:0
09-28 17:52:49.085   879   879 E C02515/DISP: [0;32;31m[GetMetadata:109] <private> is not supported[m
09-28 17:52:49.085   879   879 E C01406/skia: RSBaseRenderUtil::DealWithSurfaceRotationAndGravity, GetSurfaceBufferOpaque:0
09-28 17:52:49.085   879   879 E C02515/DISP: [0;32;31m[GetMetadata:109] <private> is not supported[m
09-28 17:52:49.086   879  1104 E C02515/DISP: [0;32;31m[SetMetadata:102] <private> is not supported[m
09-28 17:52:49.086   879  1104 E C02515/METADATA_SRV: [0;32;31m[SetMetadata:136]  fail[m
09-28 17:52:49.086   879  1104 E C01401/Bufferqueue: <surface_buffer_impl.cpp:714-SetMetadata>: SetMetadata Failed with -5
09-28 17:52:49.086   879  1104 E C01406/skia: SurfaceNodeDrawable DrawCommSurfaceWatermark Name:BackgroundBlurView2 Id:8465380540424 water mark count is zero
09-28 17:52:49.086   879  1104 E C01406/skia: RSBaseRenderUtil::DealWithSurfaceRotationAndGravity, GetSurfaceBufferOpaque:0
09-28 17:52:49.086   879  1104 I C01406/WRAP: AHardwareBuffer_createFromHandle index = <private> handle = <private>, ahb = <private>
09-28 17:52:49.087   879  1104 E C01406/skia: SurfaceNodeDrawable DrawCommSurfaceWatermark Name:AdapterActivityContent Id:59897613910019 water mark count is zero
09-28 17:52:49.087   879  1104 E C01406/skia: RSBaseRenderUtil::DealWithSurfaceRotationAndGravity, GetSurfaceBufferOpaque:0
09-28 17:52:49.087   879  1104 I C01406/WRAP: AHardwareBuffer_createFromHandle index = <private> handle = <private>, ahb = <private>
09-28 17:52:49.087   879  1104 E C01406/skia: SurfaceNodeDrawable DrawCommSurfaceWatermark Name:AdapterSurfaceView Id:59897613910020 water mark count is zero
09-28 17:52:49.087   879  1104 E C01406/skia: SurfaceNodeDrawable DrawCommSurfaceWatermark Name:com.a2hlab.bridge.zigzag/com.unity3d.player.UnityPlayerActivity Id:59897613910017 water mark count is zero
09-28 17:52:49.087   879  1104 E C01406/skia: SurfaceNodeDrawable DrawCommSurfaceWatermark Name:WindowScene_zigzag40 Id:8465380541336 water mark count is zero
09-28 17:52:49.087   879  1104 E C01406/skia: SurfaceNodeDrawable DrawCommSurfaceWatermark Name:SCBGestureNavBar13 Id:8465380540563 water mark count is zero
09-28 17:52:49.088   879  1104 E C01406/skia: SurfaceNodeDrawable DrawCommSurfaceWatermark Name:SCBStatusBar15 Id:8465380540646 water mark count is zero
09-28 17:52:49.089   879  1104 E C02515/DISP: [0;32;31m[GetMetadata:109] <private> is not supported[m
09-28 17:52:49.089   879  1104 E C02515/DISP: [0;32;31m[SetMetadata:102] <private> is not supported[m
09-28 17:52:49.089   879  1104 E C02515/METADATA_SRV: [0;32;31m[SetMetadata:136]  fail[m
09-28 17:52:49.089   879  1104 E C01401/Bufferqueue: <surface_buffer_impl.cpp:714-SetMetadata>: SetMetadata Failed with -5
09-28 17:52:49.089   879  1104 E C01406/skia: RSUniRenderComposerAdapter::SetBufferColorSpace set color space fail
09-28 17:52:49.100 13946 14169 I C00f00/OH_DER_VSync: onOhVsync ENTRY ts=<private> data=<private>
09-28 17:52:49.101 13946 14168 I C00f00/OH_DER_VSync: scheduleVsync ENTRY receiverPtr=0x<private>
09-28 17:52:49.101 13946 14168 I C00f00/OH_DER_VSync: scheduleVsync calling RequestFrame ohVsync=<private>
09-28 17:52:49.101 13946 14168 I C00f00/OH_DER_VSync: scheduleVsync RequestFrame rc=<private>
09-28 17:52:49.102 13946 13985 I C00f00/appspawn-x: [<private>:<private>] <private>
09-28 17:52:49.102   879  1223 E C02515/DISP: [0;32;31m[SetMetadata:102] <private> is not supported[m
09-28 17:52:49.102   879  1223 E C02515/METADATA_SRV: [0;32;31m[SetMetadata:136]  fail[m
09-28 17:52:49.102   879  1223 E C01401/Bufferqueue: <surface_buffer_impl.cpp:714-SetMetadata>: SetMetadata Failed with -5
09-28 17:52:49.103   797  4165 E C02515/DISP: [0;32;31m[SetLayerMaskInfo@display_composer_vdi_impl.cpp:404] <private> is not supported[m
09-28 17:52:49.104   879  1233 E C02515/DISP: [0;32;31m[SetMetadata:102] <private> is not supported[m
09-28 17:52:49.104   879  1233 E C02515/METADATA_SRV: [0;32;31m[SetMetadata:136]  fail[m
09-28 17:52:49.104   879  1233 E C01401/Bufferqueue: <surface_buffer_impl.cpp:714-SetMetadata>: SetMetadata Failed with -5
09-28 17:52:49.105   797  4165 E C02515/DISP: [0;32;31m[SetDisplayClientDamage@display_composer_vdi_impl.cpp:179] <private> is not supported[m
09-28 17:52:49.117 13946 14169 I C00f00/OH_DER_VSync: onOhVsync ENTRY ts=<private> data=<private>
09-28 17:52:49.117 13946 14168 I C00f00/OH_DER_VSync: scheduleVsync ENTRY receiverPtr=0x<private>
09-28 17:52:49.117 13946 14168 I C00f00/OH_DER_VSync: scheduleVsync calling RequestFrame ohVsync=<private>
09-28 17:52:49.117   879   879 E C02515/DISP: [0;32;31m[GetMetadata:109] <private> is not supported[m
09-28 17:52:49.117 13946 14168 I C00f00/OH_DER_VSync: scheduleVsync RequestFrame rc=<private>
09-28 17:52:49.117   879   879 E C02515/DISP: [0;32;31m[GetMetadata:109] <private> is not supported[m
09-28 17:52:49.118   879   879 E C02515/DISP: [0;32;31m[GetMetadata:109] <private> is not supported[m
09-28 17:52:49.119   879   879 E C01406/skia: RSBaseRenderUtil::DealWithSurfaceRotationAndGravity, GetSurfaceBufferOpaque:0
09-28 17:52:49.119   879   879 E C02515/DISP: [0;32;31m[GetMetadata:109] <private> is not supported[m
09-28 17:52:49.119   879   879 E C01406/skia: RSBaseRenderUtil::DealWithSurfaceRotationAndGravity, GetSurfaceBufferOpaque:0
09-28 17:52:49.119   879   879 E C02515/DISP: [0;32;31m[GetMetadata:109] <private> is not supported[m
09-28 17:52:49.121   879  1104 E C02515/DISP: [0;32;31m[SetMetadata:102] <private> is not supported[m
09-28 17:52:49.121   879  1104 E C02515/METADATA_SRV: [0;32;31m[SetMetadata:136]  fail[m
09-28 17:52:49.121   879  1104 E C01401/Bufferqueue: <surface_buffer_impl.cpp:714-SetMetadata>: SetMetadata Failed with -5
09-28 17:52:49.121   879  1104 E C01406/skia: SurfaceNodeDrawable DrawCommSurfaceWatermark Name:BackgroundBlurView2 Id:8465380540424 water mark count is zero
09-28 17:52:49.121   879  1104 E C01406/skia: RSBaseRenderUtil::DealWithSurfaceRotationAndGravity, GetSurfaceBufferOpaque:0
09-28 17:52:49.121   879  1104 I C01406/WRAP: AHardwareBuffer_createFromHandle index = <private> handle = <private>, ahb = <private>
09-28 17:52:49.122   879  1104 E C01406/skia: SurfaceNodeDrawable DrawCommSurfaceWatermark Name:AdapterActivityContent Id:59897613910019 water mark count is zero
09-28 17:52:49.122   879  1104 E C01406/skia: RSBaseRenderUtil::DealWithSurfaceRotationAndGravity, GetSurfaceBufferOpaque:0
09-28 17:52:49.122   879  1104 I C01406/WRAP: AHardwareBuffer_createFromHandle index = <private> handle = <private>, ahb = <private>
09-28 17:52:49.122   879  1104 E C01406/skia: SurfaceNodeDrawable DrawCommSurfaceWatermark Name:AdapterSurfaceView Id:59897613910020 water mark count is zero
09-28 17:52:49.122   879  1104 E C01406/skia: SurfaceNodeDrawable DrawCommSurfaceWatermark Name:com.a2hlab.bridge.zigzag/com.unity3d.player.UnityPlayerActivity Id:59897613910017 water mark count is zero
09-28 17:52:49.122   879  1104 E C01406/skia: SurfaceNodeDrawable DrawCommSurfaceWatermark Name:WindowScene_zigzag40 Id:8465380541336 water mark count is zero
09-28 17:52:49.123   879  1104 E C01406/skia: SurfaceNodeDrawable DrawCommSurfaceWatermark Name:SCBGestureNavBar13 Id:8465380540563 water mark count is zero
09-28 17:52:49.123   879  1104 E C01406/skia: SurfaceNodeDrawable DrawCommSurfaceWatermark Name:SCBStatusBar15 Id:8465380540646 water mark count is zero
09-28 17:52:49.124   879  1104 E C02515/DISP: [0;32;31m[GetMetadata:109] <private> is not supported[m
09-28 17:52:49.124   879  1104 E C02515/DISP: [0;32;31m[SetMetadata:102] <private> is not supported[m
09-28 17:52:49.124   879  1104 E C02515/METADATA_SRV: [0;32;31m[SetMetadata:136]  fail[m
09-28 17:52:49.124   879  1104 E C01401/Bufferqueue: <surface_buffer_impl.cpp:714-SetMetadata>: SetMetadata Failed with -5
09-28 17:52:49.124   879  1104 E C01406/skia: RSUniRenderComposerAdapter::SetBufferColorSpace set color space fail
09-28 17:52:49.134 13946 14169 I C00f00/OH_DER_VSync: onOhVsync ENTRY ts=<private> data=<private>
09-28 17:52:49.134 13946 14168 I C00f00/OH_DER_VSync: scheduleVsync ENTRY receiverPtr=0x<private>
09-28 17:52:49.134 13946 14168 I C00f00/OH_DER_VSync: scheduleVsync calling RequestFrame ohVsync=<private>
09-28 17:52:49.134 13946 14168 I C00f00/OH_DER_VSync: scheduleVsync RequestFrame rc=<private>
09-28 17:52:49.136   879  1223 E C02515/DISP: [0;32;31m[SetMetadata:102] <private> is not supported[m
09-28 17:52:49.136   879  1223 E C02515/METADATA_SRV: [0;32;31m[SetMetadata:136]  fail[m
09-28 17:52:49.136   879  1223 E C01401/Bufferqueue: <surface_buffer_impl.cpp:714-SetMetadata>: SetMetadata Failed with -5
09-28 17:52:49.137   797  4165 E C02515/DISP: [0;32;31m[SetLayerMaskInfo@display_composer_vdi_impl.cpp:404] <private> is not supported[m
09-28 17:52:49.137   879  1233 E C02515/DISP: [0;32;31m[SetMetadata:102] <private> is not supported[m
09-28 17:52:49.137   879  1233 E C02515/METADATA_SRV: [0;32;31m[SetMetadata:136]  fail[m
09-28 17:52:49.137   879  1233 E C01401/Bufferqueue: <surface_buffer_impl.cpp:714-SetMetadata>: SetMetadata Failed with -5
09-28 17:52:49.138   797  4165 E C02515/DISP: [0;32;31m[SetDisplayClientDamage@display_composer_vdi_impl.cpp:179] <private> is not supported[m
09-28 17:52:49.150 13946 14169 I C00f00/OH_DER_VSync: onOhVsync ENTRY ts=<private> data=<private>
09-28 17:52:49.151 13946 14168 I C00f00/OH_DER_VSync: scheduleVsync ENTRY receiverPtr=0x<private>
09-28 17:52:49.151 13946 14168 I C00f00/OH_DER_VSync: scheduleVsync calling RequestFrame ohVsync=<private>
09-28 17:52:49.151   879   879 E C02515/DISP: [0;32;31m[GetMetadata:109] <private> is not supported[m
09-28 17:52:49.151 13946 14168 I C00f00/OH_DER_VSync: scheduleVsync RequestFrame rc=<private>
09-28 17:52:49.151   879   879 E C02515/DISP: [0;32;31m[GetMetadata:109] <private> is not supported[m
09-28 17:52:49.151   879   879 E C02515/DISP: [0;32;31m[GetMetadata:109] <private> is not supported[m
09-28 17:52:49.152   879   879 E C01406/skia: RSBaseRenderUtil::DealWithSurfaceRotationAndGravity, GetSurfaceBufferOpaque:0
09-28 17:52:49.152   879   879 E C02515/DISP: [0;32;31m[GetMetadata:109] <private> is not supported[m
09-28 17:52:49.152   879   879 E C01406/skia: RSBaseRenderUtil::DealWithSurfaceRotationAndGravity, GetSurfaceBufferOpaque:0
09-28 17:52:49.152   879   879 E C02515/DISP: [0;32;31m[GetMetadata:109] <private> is not supported[m
09-28 17:52:49.154   879  1104 E C02515/DISP: [0;32;31m[SetMetadata:102] <private> is not supported[m
09-28 17:52:49.154   879  1104 E C02515/METADATA_SRV: [0;32;31m[SetMetadata:136]  fail[m
09-28 17:52:49.154   879  1104 E C01401/Bufferqueue: <surface_buffer_impl.cpp:714-SetMetadata>: SetMetadata Failed with -5
09-28 17:52:49.154   879  1104 E C01406/skia: SurfaceNodeDrawable DrawCommSurfaceWatermark Name:BackgroundBlurView2 Id:8465380540424 water mark count is zero
09-28 17:52:49.155   879  1104 E C01406/skia: RSBaseRenderUtil::DealWithSurfaceRotationAndGravity, GetSurfaceBufferOpaque:0
09-28 17:52:49.155   879  1104 I C01406/WRAP: AHardwareBuffer_createFromHandle index = <private> handle = <private>, ahb = <private>
09-28 17:52:49.155   879  1104 E C01406/skia: SurfaceNodeDrawable DrawCommSurfaceWatermark Name:AdapterActivityContent Id:59897613910019 water mark count is zero
09-28 17:52:49.155   879  1104 E C01406/skia: RSBaseRenderUtil::DealWithSurfaceRotationAndGravity, GetSurfaceBufferOpaque:0
09-28 17:52:49.155   879  1104 I C01406/WRAP: AHardwareBuffer_createFromHandle index = <private> handle = <private>, ahb = <private>
09-28 17:52:49.155   879  1104 E C01406/skia: SurfaceNodeDrawable DrawCommSurfaceWatermark Name:AdapterSurfaceView Id:59897613910020 water mark count is zero
09-28 17:52:49.155   879  1104 E C01406/skia: SurfaceNodeDrawable DrawCommSurfaceWatermark Name:com.a2hlab.bridge.zigzag/com.unity3d.player.UnityPlayerActivity Id:59897613910017 water mark count is zero
09-28 17:52:49.155   879  1104 E C01406/skia: SurfaceNodeDrawable DrawCommSurfaceWatermark Name:WindowScene_zigzag40 Id:8465380541336 water mark count is zero
09-28 17:52:49.156   879  1104 E C01406/skia: SurfaceNodeDrawable DrawCommSurfaceWatermark Name:SCBGestureNavBar13 Id:8465380540563 water mark count is zero
09-28 17:52:49.156   879  1104 E C01406/skia: SurfaceNodeDrawable DrawCommSurfaceWatermark Name:SCBStatusBar15 Id:8465380540646 water mark count is zero
09-28 17:52:49.157   879  1104 E C02515/DISP: [0;32;31m[GetMetadata:109] <private> is not supported[m
09-28 17:52:49.157   879  1104 E C02515/DISP: [0;32;31m[SetMetadata:102] <private> is not supported[m
09-28 17:52:49.157   879  1104 E C02515/METADATA_SRV: [0;32;31m[SetMetadata:136]  fail[m
09-28 17:52:49.157   879  1104 E C01401/Bufferqueue: <surface_buffer_impl.cpp:714-SetMetadata>: SetMetadata Failed with -5
09-28 17:52:49.157   879  1104 E C01406/skia: RSUniRenderComposerAdapter::SetBufferColorSpace set color space fail
09-28 17:52:49.167 13946 14169 I C00f00/OH_DER_VSync: onOhVsync ENTRY ts=<private> data=<private>
09-28 17:52:49.167 13946 14168 I C00f00/OH_DER_VSync: scheduleVsync ENTRY receiverPtr=0x<private>
09-28 17:52:49.167 13946 14168 I C00f00/OH_DER_VSync: scheduleVsync calling RequestFrame ohVsync=<private>
09-28 17:52:49.168 13946 14168 I C00f00/OH_DER_VSync: scheduleVsync RequestFrame rc=<private>
09-28 17:52:49.169   879  1223 E C02515/DISP: [0;32;31m[SetMetadata:102] <private> is not supported[m
09-28 17:52:49.169   879  1223 E C02515/METADATA_SRV: [0;32;31m[SetMetadata:136]  fail[m
09-28 17:52:49.169   879  1223 E C01401/Bufferqueue: <surface_buffer_impl.cpp:714-SetMetadata>: SetMetadata Failed with -5
09-28 17:52:49.170   797  4165 E C02515/DISP: [0;32;31m[SetLayerMaskInfo@display_composer_vdi_impl.cpp:404] <private> is not supported[m
09-28 17:52:49.170   879  1233 E C02515/DISP: [0;32;31m[SetMetadata:102] <private> is not supported[m
09-28 17:52:49.170   879  1233 E C02515/METADATA_SRV: [0;32;31m[SetMetadata:136]  fail[m
09-28 17:52:49.170   879  1233 E C01401/Bufferqueue: <surface_buffer_impl.cpp:714-SetMetadata>: SetMetadata Failed with -5
09-28 17:52:49.171   797  4165 E C02515/DISP: [0;32;31m[SetDisplayClientDamage@display_composer_vdi_impl.cpp:179] <private> is not supported[m
09-28 17:52:49.184 13946 14169 I C00f00/OH_DER_VSync: onOhVsync ENTRY ts=<private> data=<private>
09-28 17:52:49.184 13946 14168 I C00f00/OH_DER_VSync: scheduleVsync ENTRY receiverPtr=0x<private>
09-28 17:52:49.184 13946 14168 I C00f00/OH_DER_VSync: scheduleVsync calling RequestFrame ohVsync=<private>
09-28 17:52:49.184   879   879 E C02515/DISP: [0;32;31m[GetMetadata:109] <private> is not supported[m
09-28 17:52:49.184 13946 14168 I C00f00/OH_DER_VSync: scheduleVsync RequestFrame rc=<private>
09-28 17:52:49.184   879   879 E C02515/DISP: [0;32;31m[GetMetadata:109] <private> is not supported[m
09-28 17:52:49.184   879   879 E C02515/DISP: [0;32;31m[GetMetadata:109] <private> is not supported[m
09-28 17:52:49.185   879   879 E C01406/skia: RSBaseRenderUtil::DealWithSurfaceRotationAndGravity, GetSurfaceBufferOpaque:0
09-28 17:52:49.186   879   879 E C02515/DISP: [0;32;31m[GetMetadata:109] <private> is not supported[m
09-28 17:52:49.186   879   879 E C01406/skia: RSBaseRenderUtil::DealWithSurfaceRotationAndGravity, GetSurfaceBufferOpaque:0
09-28 17:52:49.186   879   879 E C02515/DISP: [0;32;31m[GetMetadata:109] <private> is not supported[m
09-28 17:52:49.187   879  1104 E C02515/DISP: [0;32;31m[SetMetadata:102] <private> is not supported[m
09-28 17:52:49.187   879  1104 E C02515/METADATA_SRV: [0;32;31m[SetMetadata:136]  fail[m
09-28 17:52:49.187   879  1104 E C01401/Bufferqueue: <surface_buffer_impl.cpp:714-SetMetadata>: SetMetadata Failed with -5
09-28 17:52:49.188   879  1104 E C01406/skia: SurfaceNodeDrawable DrawCommSurfaceWatermark Name:BackgroundBlurView2 Id:8465380540424 water mark count is zero
09-28 17:52:49.188   879  1104 E C01406/skia: RSBaseRenderUtil::DealWithSurfaceRotationAndGravity, GetSurfaceBufferOpaque:0
09-28 17:52:49.188   879  1104 I C01406/WRAP: AHardwareBuffer_createFromHandle index = <private> handle = <private>, ahb = <private>
09-28 17:52:49.188   879  1104 E C01406/skia: SurfaceNodeDrawable DrawCommSurfaceWatermark Name:AdapterActivityContent Id:59897613910019 water mark count is zero
09-28 17:52:49.188   879  1104 E C01406/skia: RSBaseRenderUtil::DealWithSurfaceRotationAndGravity, GetSurfaceBufferOpaque:0
09-28 17:52:49.189   879  1104 I C01406/WRAP: AHardwareBuffer_createFromHandle index = <private> handle = <private>, ahb = <private>
09-28 17:52:49.189   879  1104 E C01406/skia: SurfaceNodeDrawable DrawCommSurfaceWatermark Name:AdapterSurfaceView Id:59897613910020 water mark count is zero
09-28 17:52:49.189   879  1104 E C01406/skia: SurfaceNodeDrawable DrawCommSurfaceWatermark Name:com.a2hlab.bridge.zigzag/com.unity3d.player.UnityPlayerActivity Id:59897613910017 water mark count is zero
09-28 17:52:49.189   879  1104 E C01406/skia: SurfaceNodeDrawable DrawCommSurfaceWatermark Name:WindowScene_zigzag40 Id:8465380541336 water mark count is zero
09-28 17:52:49.189   879  1104 E C01406/skia: SurfaceNodeDrawable DrawCommSurfaceWatermark Name:SCBGestureNavBar13 Id:8465380540563 water mark count is zero
09-28 17:52:49.189   879  1104 E C01406/skia: SurfaceNodeDrawable DrawCommSurfaceWatermark Name:SCBStatusBar15 Id:8465380540646 water mark count is zero
09-28 17:52:49.191   879  1104 E C02515/DISP: [0;32;31m[GetMetadata:109] <private> is not supported[m
09-28 17:52:49.191   879  1104 E C02515/DISP: [0;32;31m[SetMetadata:102] <private> is not supported[m
09-28 17:52:49.191   879  1104 E C02515/METADATA_SRV: [0;32;31m[SetMetadata:136]  fail[m
09-28 17:52:49.191   879  1104 E C01401/Bufferqueue: <surface_buffer_impl.cpp:714-SetMetadata>: SetMetadata Failed with -5
09-28 17:52:49.191   879  1104 E C01406/skia: RSUniRenderComposerAdapter::SetBufferColorSpace set color space fail
09-28 17:52:49.200 13946 14169 I C00f00/OH_DER_VSync: onOhVsync ENTRY ts=<private> data=<private>
09-28 17:52:49.201 13946 14168 I C00f00/OH_DER_VSync: scheduleVsync ENTRY receiverPtr=0x<private>
09-28 17:52:49.201 13946 14168 I C00f00/OH_DER_VSync: scheduleVsync calling RequestFrame ohVsync=<private>
09-28 17:52:49.201 13946 14168 I C00f00/OH_DER_VSync: scheduleVsync RequestFrame rc=<private>
09-28 17:52:49.202   879  1223 E C02515/DISP: [0;32;31m[SetMetadata:102] <private> is not supported[m
09-28 17:52:49.202   879  1223 E C02515/METADATA_SRV: [0;32;31m[SetMetadata:136]  fail[m
09-28 17:52:49.202   879  1223 E C01401/Bufferqueue: <surface_buffer_impl.cpp:714-SetMetadata>: SetMetadata Failed with -5
09-28 17:52:49.203   797  4165 E C02515/DISP: [0;32;31m[SetLayerMaskInfo@display_composer_vdi_impl.cpp:404] <private> is not supported[m
09-28 17:52:49.203   879  1233 E C02515/DISP: [0;32;31m[SetMetadata:102] <private> is not supported[m
09-28 17:52:49.203   879  1233 E C02515/METADATA_SRV: [0;32;31m[SetMetadata:136]  fail[m
09-28 17:52:49.203   879  1233 E C01401/Bufferqueue: <surface_buffer_impl.cpp:714-SetMetadata>: SetMetadata Failed with -5
09-28 17:52:49.204   797  4165 E C02515/DISP: [0;32;31m[SetDisplayClientDamage@display_composer_vdi_impl.cpp:179] <private> is not supported[m
09-28 17:52:49.217 13946 14169 I C00f00/OH_DER_VSync: onOhVsync ENTRY ts=<private> data=<private>
09-28 17:52:49.217 13946 14168 I C00f00/OH_DER_VSync: scheduleVsync ENTRY receiverPtr=0x<private>
09-28 17:52:49.217 13946 14168 I C00f00/OH_DER_VSync: scheduleVsync calling RequestFrame ohVsync=<private>
09-28 17:52:49.217   879   879 E C02515/DISP: [0;32;31m[GetMetadata:109] <private> is not supported[m
09-28 17:52:49.218 13946 14168 I C00f00/OH_DER_VSync: scheduleVsync RequestFrame rc=<private>
09-28 17:52:49.218   879   879 E C02515/DISP: [0;32;31m[GetMetadata:109] <private> is not supported[m
09-28 17:52:49.218   879   879 E C02515/DISP: [0;32;31m[GetMetadata:109] <private> is not supported[m
09-28 17:52:49.219   879   879 E C01406/skia: RSBaseRenderUtil::DealWithSurfaceRotationAndGravity, GetSurfaceBufferOpaque:0
09-28 17:52:49.219   879   879 E C02515/DISP: [0;32;31m[GetMetadata:109] <private> is not supported[m
09-28 17:52:49.219   879   879 E C01406/skia: RSBaseRenderUtil::DealWithSurfaceRotationAndGravity, GetSurfaceBufferOpaque:0
09-28 17:52:49.219   879   879 E C02515/DISP: [0;32;31m[GetMetadata:109] <private> is not supported[m
09-28 17:52:49.221   879  1104 E C02515/DISP: [0;32;31m[SetMetadata:102] <private> is not supported[m
09-28 17:52:49.221   879  1104 E C02515/METADATA_SRV: [0;32;31m[SetMetadata:136]  fail[m
09-28 17:52:49.221   879  1104 E C01401/Bufferqueue: <surface_buffer_impl.cpp:714-SetMetadata>: SetMetadata Failed with -5
09-28 17:52:49.221   879  1104 E C01406/skia: SurfaceNodeDrawable DrawCommSurfaceWatermark Name:BackgroundBlurView2 Id:8465380540424 water mark count is zero
09-28 17:52:49.221   879  1104 E C01406/skia: RSBaseRenderUtil::DealWithSurfaceRotationAndGravity, GetSurfaceBufferOpaque:0
09-28 17:52:49.222   879  1104 I C01406/WRAP: AHardwareBuffer_createFromHandle index = <private> handle = <private>, ahb = <private>
09-28 17:52:49.222   879  1104 E C01406/skia: SurfaceNodeDrawable DrawCommSurfaceWatermark Name:AdapterActivityContent Id:59897613910019 water mark count is zero
09-28 17:52:49.222   879  1104 E C01406/skia: RSBaseRenderUtil::DealWithSurfaceRotationAndGravity, GetSurfaceBufferOpaque:0
09-28 17:52:49.222   879  1104 I C01406/WRAP: AHardwareBuffer_createFromHandle index = <private> handle = <private>, ahb = <private>
09-28 17:52:49.222   879  1104 E C01406/skia: SurfaceNodeDrawable DrawCommSurfaceWatermark Name:AdapterSurfaceView Id:59897613910020 water mark count is zero
09-28 17:52:49.222   879  1104 E C01406/skia: SurfaceNodeDrawable DrawCommSurfaceWatermark Name:com.a2hlab.bridge.zigzag/com.unity3d.player.UnityPlayerActivity Id:59897613910017 water mark count is zero
09-28 17:52:49.222   879  1104 E C01406/skia: SurfaceNodeDrawable DrawCommSurfaceWatermark Name:WindowScene_zigzag40 Id:8465380541336 water mark count is zero
09-28 17:52:49.223   879  1104 E C01406/skia: SurfaceNodeDrawable DrawCommSurfaceWatermark Name:SCBGestureNavBar13 Id:8465380540563 water mark count is zero
09-28 17:52:49.223   879  1104 E C01406/skia: SurfaceNodeDrawable DrawCommSurfaceWatermark Name:SCBStatusBar15 Id:8465380540646 water mark count is zero
09-28 17:52:49.224   879  1104 E C02515/DISP: [0;32;31m[GetMetadata:109] <private> is not supported[m
09-28 17:52:49.224   879  1104 E C02515/DISP: [0;32;31m[SetMetadata:102] <private> is not supported[m
09-28 17:52:49.224   879  1104 E C02515/METADATA_SRV: [0;32;31m[SetMetadata:136]  fail[m
09-28 17:52:49.224   879  1104 E C01401/Bufferqueue: <surface_buffer_impl.cpp:714-SetMetadata>: SetMetadata Failed with -5
09-28 17:52:49.224   879  1104 E C01406/skia: RSUniRenderComposerAdapter::SetBufferColorSpace set color space fail
09-28 17:52:49.234 13946 14169 I C00f00/OH_DER_VSync: onOhVsync ENTRY ts=<private> data=<private>
09-28 17:52:49.234 13946 14168 I C00f00/OH_DER_VSync: scheduleVsync ENTRY receiverPtr=0x<private>
09-28 17:52:49.234 13946 14168 I C00f00/OH_DER_VSync: scheduleVsync calling RequestFrame ohVsync=<private>
09-28 17:52:49.234 13946 14168 I C00f00/OH_DER_VSync: scheduleVsync RequestFrame rc=<private>
09-28 17:52:49.236   879  1223 E C02515/DISP: [0;32;31m[SetMetadata:102] <private> is not supported[m
09-28 17:52:49.236   879  1223 E C02515/METADATA_SRV: [0;32;31m[SetMetadata:136]  fail[m
09-28 17:52:49.236   879  1223 E C01401/Bufferqueue: <surface_buffer_impl.cpp:714-SetMetadata>: SetMetadata Failed with -5
09-28 17:52:49.237   797  4165 E C02515/DISP: [0;32;31m[SetLayerMaskInfo@display_composer_vdi_impl.cpp:404] <private> is not supported[m
09-28 17:52:49.237   879  1233 E C02515/DISP: [0;32;31m[SetMetadata:102] <private> is not supported[m
09-28 17:52:49.237   879  1233 E C02515/METADATA_SRV: [0;32;31m[SetMetadata:136]  fail[m
09-28 17:52:49.237   879  1233 E C01401/Bufferqueue: <surface_buffer_impl.cpp:714-SetMetadata>: SetMetadata Failed with -5
09-28 17:52:49.238   797  4165 E C02515/DISP: [0;32;31m[SetDisplayClientDamage@display_composer_vdi_impl.cpp:179] <private> is not supported[m
09-28 17:52:49.251 13946 14169 I C00f00/OH_DER_VSync: onOhVsync ENTRY ts=<private> data=<private>
09-28 17:52:49.251 13946 14168 I C00f00/OH_DER_VSync: scheduleVsync ENTRY receiverPtr=0x<private>
09-28 17:52:49.251 13946 14168 I C00f00/OH_DER_VSync: scheduleVsync calling RequestFrame ohVsync=<private>
09-28 17:52:49.251   879   879 E C02515/DISP: [0;32;31m[GetMetadata:109] <private> is not supported[m
09-28 17:52:49.251 13946 14168 I C00f00/OH_DER_VSync: scheduleVsync RequestFrame rc=<private>
09-28 17:52:49.251   879   879 E C02515/DISP: [0;32;31m[GetMetadata:109] <private> is not supported[m
09-28 17:52:49.251   879   879 E C02515/DISP: [0;32;31m[GetMetadata:109] <private> is not supported[m
09-28 17:52:49.252   879   879 E C01406/skia: RSBaseRenderUtil::DealWithSurfaceRotationAndGravity, GetSurfaceBufferOpaque:0
09-28 17:52:49.252   879   879 E C02515/DISP: [0;32;31m[GetMetadata:109] <private> is not supported[m
09-28 17:52:49.252   879   879 E C01406/skia: RSBaseRenderUtil::DealWithSurfaceRotationAndGravity, GetSurfaceBufferOpaque:0
09-28 17:52:49.252   879   879 E C02515/DISP: [0;32;31m[GetMetadata:109] <private> is not supported[m
09-28 17:52:49.254   879  1104 E C02515/DISP: [0;32;31m[SetMetadata:102] <private> is not supported[m
09-28 17:52:49.254   879  1104 E C02515/METADATA_SRV: [0;32;31m[SetMetadata:136]  fail[m
09-28 17:52:49.254   879  1104 E C01401/Bufferqueue: <surface_buffer_impl.cpp:714-SetMetadata>: SetMetadata Failed with -5
09-28 17:52:49.255   879  1104 E C01406/skia: SurfaceNodeDrawable DrawCommSurfaceWatermark Name:BackgroundBlurView2 Id:8465380540424 water mark count is zero
09-28 17:52:49.255   879  1104 E C01406/skia: RSBaseRenderUtil::DealWithSurfaceRotationAndGravity, GetSurfaceBufferOpaque:0
09-28 17:52:49.255   879  1104 I C01406/WRAP: AHardwareBuffer_createFromHandle index = <private> handle = <private>, ahb = <private>
09-28 17:52:49.255   879  1104 E C01406/skia: SurfaceNodeDrawable DrawCommSurfaceWatermark Name:AdapterActivityContent Id:59897613910019 water mark count is zero
09-28 17:52:49.255   879  1104 E C01406/skia: RSBaseRenderUtil::DealWithSurfaceRotationAndGravity, GetSurfaceBufferOpaque:0
09-28 17:52:49.255   879  1104 I C01406/WRAP: AHardwareBuffer_createFromHandle index = <private> handle = <private>, ahb = <private>
09-28 17:52:49.255   879  1104 E C01406/skia: SurfaceNodeDrawable DrawCommSurfaceWatermark Name:AdapterSurfaceView Id:59897613910020 water mark count is zero
09-28 17:52:49.255   879  1104 E C01406/skia: SurfaceNodeDrawable DrawCommSurfaceWatermark Name:com.a2hlab.bridge.zigzag/com.unity3d.player.UnityPlayerActivity Id:59897613910017 water mark count is zero
09-28 17:52:49.256   879  1104 E C01406/skia: SurfaceNodeDrawable DrawCommSurfaceWatermark Name:WindowScene_zigzag40 Id:8465380541336 water mark count is zero
09-28 17:52:49.256   879  1104 E C01406/skia: SurfaceNodeDrawable DrawCommSurfaceWatermark Name:SCBGestureNavBar13 Id:8465380540563 water mark count is zero
09-28 17:52:49.256   879  1104 E C01406/skia: SurfaceNodeDrawable DrawCommSurfaceWatermark Name:SCBStatusBar15 Id:8465380540646 water mark count is zero
09-28 17:52:49.257   879  1104 E C02515/DISP: [0;32;31m[GetMetadata:109] <private> is not supported[m
09-28 17:52:49.257   879  1104 E C02515/DISP: [0;32;31m[SetMetadata:102] <private> is not supported[m
09-28 17:52:49.258   879  1104 E C02515/METADATA_SRV: [0;32;31m[SetMetadata:136]  fail[m
09-28 17:52:49.258   879  1104 E C01401/Bufferqueue: <surface_buffer_impl.cpp:714-SetMetadata>: SetMetadata Failed with -5
09-28 17:52:49.258   879  1104 E C01406/skia: RSUniRenderComposerAdapter::SetBufferColorSpace set color space fail
09-28 17:52:49.267 13946 14169 I C00f00/OH_DER_VSync: onOhVsync ENTRY ts=<private> data=<private>
09-28 17:52:49.268 13946 14168 I C00f00/OH_DER_VSync: scheduleVsync ENTRY receiverPtr=0x<private>
09-28 17:52:49.268 13946 14168 I C00f00/OH_DER_VSync: scheduleVsync calling RequestFrame ohVsync=<private>
09-28 17:52:49.268 13946 14168 I C00f00/OH_DER_VSync: scheduleVsync RequestFrame rc=<private>
09-28 17:52:49.269   879  1223 E C02515/DISP: [0;32;31m[SetMetadata:102] <private> is not supported[m
09-28 17:52:49.269   879  1223 E C02515/METADATA_SRV: [0;32;31m[SetMetadata:136]  fail[m
09-28 17:52:49.269   879  1223 E C01401/Bufferqueue: <surface_buffer_impl.cpp:714-SetMetadata>: SetMetadata Failed with -5
09-28 17:52:49.270   797  4165 E C02515/DISP: [0;32;31m[SetLayerMaskInfo@display_composer_vdi_impl.cpp:404] <private> is not supported[m
09-28 17:52:49.270   879  1233 E C02515/DISP: [0;32;31m[SetMetadata:102] <private> is not supported[m
09-28 17:52:49.270   879  1233 E C02515/METADATA_SRV: [0;32;31m[SetMetadata:136]  fail[m
09-28 17:52:49.270   879  1233 E C01401/Bufferqueue: <surface_buffer_impl.cpp:714-SetMetadata>: SetMetadata Failed with -5
09-28 17:52:49.271   797  4165 E C02515/DISP: [0;32;31m[SetDisplayClientDamage@display_composer_vdi_impl.cpp:179] <private> is not supported[m
09-28 17:52:49.284 13946 14169 I C00f00/OH_DER_VSync: onOhVsync ENTRY ts=<private> data=<private>
09-28 17:52:49.284 13946 14168 I C00f00/OH_DER_VSync: scheduleVsync ENTRY receiverPtr=0x<private>
09-28 17:52:49.284 13946 14168 I C00f00/OH_DER_VSync: scheduleVsync calling RequestFrame ohVsync=<private>
09-28 17:52:49.284   879   879 E C02515/DISP: [0;32;31m[GetMetadata:109] <private> is not supported[m
09-28 17:52:49.284 13946 14168 I C00f00/OH_DER_VSync: scheduleVsync RequestFrame rc=<private>
09-28 17:52:49.284   879   879 E C02515/DISP: [0;32;31m[GetMetadata:109] <private> is not supported[m
09-28 17:52:49.284   879   879 E C02515/DISP: [0;32;31m[GetMetadata:109] <private> is not supported[m
09-28 17:52:49.286   879   879 E C01406/skia: RSBaseRenderUtil::DealWithSurfaceRotationAndGravity, GetSurfaceBufferOpaque:0
09-28 17:52:49.286   879   879 E C02515/DISP: [0;32;31m[GetMetadata:109] <private> is not supported[m
09-28 17:52:49.286   879   879 E C01406/skia: RSBaseRenderUtil::DealWithSurfaceRotationAndGravity, GetSurfaceBufferOpaque:0
09-28 17:52:49.286   879   879 E C02515/DISP: [0;32;31m[GetMetadata:109] <private> is not supported[m
09-28 17:52:49.287   879  1104 E C02515/DISP: [0;32;31m[SetMetadata:102] <private> is not supported[m
09-28 17:52:49.287   879  1104 E C02515/METADATA_SRV: [0;32;31m[SetMetadata:136]  fail[m
09-28 17:52:49.288   879  1104 E C01401/Bufferqueue: <surface_buffer_impl.cpp:714-SetMetadata>: SetMetadata Failed with -5
09-28 17:52:49.288   879  1104 E C01406/skia: SurfaceNodeDrawable DrawCommSurfaceWatermark Name:BackgroundBlurView2 Id:8465380540424 water mark count is zero
09-28 17:52:49.288   879  1104 E C01406/skia: RSBaseRenderUtil::DealWithSurfaceRotationAndGravity, GetSurfaceBufferOpaque:0
09-28 17:52:49.288   879  1104 I C01406/WRAP: AHardwareBuffer_createFromHandle index = <private> handle = <private>, ahb = <private>
09-28 17:52:49.288   879  1104 E C01406/skia: SurfaceNodeDrawable DrawCommSurfaceWatermark Name:AdapterActivityContent Id:59897613910019 water mark count is zero
09-28 17:52:49.288   879  1104 E C01406/skia: RSBaseRenderUtil::DealWithSurfaceRotationAndGravity, GetSurfaceBufferOpaque:0
09-28 17:52:49.289   879  1104 I C01406/WRAP: AHardwareBuffer_createFromHandle index = <private> handle = <private>, ahb = <private>
09-28 17:52:49.289   879  1104 E C01406/skia: SurfaceNodeDrawable DrawCommSurfaceWatermark Name:AdapterSurfaceView Id:59897613910020 water mark count is zero
09-28 17:52:49.289   879  1104 E C01406/skia: SurfaceNodeDrawable DrawCommSurfaceWatermark Name:com.a2hlab.bridge.zigzag/com.unity3d.player.UnityPlayerActivity Id:59897613910017 water mark count is zero
09-28 17:52:49.289   879  1104 E C01406/skia: SurfaceNodeDrawable DrawCommSurfaceWatermark Name:WindowScene_zigzag40 Id:8465380541336 water mark count is zero
09-28 17:52:49.289   879  1104 E C01406/skia: SurfaceNodeDrawable DrawCommSurfaceWatermark Name:SCBGestureNavBar13 Id:8465380540563 water mark count is zero
09-28 17:52:49.289   879  1104 E C01406/skia: SurfaceNodeDrawable DrawCommSurfaceWatermark Name:SCBStatusBar15 Id:8465380540646 water mark count is zero
09-28 17:52:49.291   879  1104 E C02515/DISP: [0;32;31m[GetMetadata:109] <private> is not supported[m
09-28 17:52:49.291   879  1104 E C02515/DISP: [0;32;31m[SetMetadata:102] <private> is not supported[m
09-28 17:52:49.291   879  1104 E C02515/METADATA_SRV: [0;32;31m[SetMetadata:136]  fail[m
09-28 17:52:49.291   879  1104 E C01401/Bufferqueue: <surface_buffer_impl.cpp:714-SetMetadata>: SetMetadata Failed with -5
09-28 17:52:49.291   879  1104 E C01406/skia: RSUniRenderComposerAdapter::SetBufferColorSpace set color space fail
09-28 17:52:49.301 13946 14169 I C00f00/OH_DER_VSync: onOhVsync ENTRY ts=<private> data=<private>
09-28 17:52:49.301 13946 14168 I C00f00/OH_DER_VSync: scheduleVsync ENTRY receiverPtr=0x<private>
09-28 17:52:49.301 13946 14168 I C00f00/OH_DER_VSync: scheduleVsync calling RequestFrame ohVsync=<private>
09-28 17:52:49.301 13946 14168 I C00f00/OH_DER_VSync: scheduleVsync RequestFrame rc=<private>
09-28 17:52:49.302   879  1223 E C02515/DISP: [0;32;31m[SetMetadata:102] <private> is not supported[m
09-28 17:52:49.302   879  1223 E C02515/METADATA_SRV: [0;32;31m[SetMetadata:136]  fail[m
09-28 17:52:49.302   879  1223 E C01401/Bufferqueue: <surface_buffer_impl.cpp:714-SetMetadata>: SetMetadata Failed with -5
09-28 17:52:49.303   797  4165 E C02515/DISP: [0;32;31m[SetLayerMaskInfo@display_composer_vdi_impl.cpp:404] <private> is not supported[m
09-28 17:52:49.303   879  1233 E C02515/DISP: [0;32;31m[SetMetadata:102] <private> is not supported[m
09-28 17:52:49.304   879  1233 E C02515/METADATA_SRV: [0;32;31m[SetMetadata:136]  fail[m
09-28 17:52:49.304   879  1233 E C01401/Bufferqueue: <surface_buffer_impl.cpp:714-SetMetadata>: SetMetadata Failed with -5
09-28 17:52:49.304   797  4165 E C02515/DISP: [0;32;31m[SetDisplayClientDamage@display_composer_vdi_impl.cpp:179] <private> is not supported[m
09-28 17:52:49.317 13946 14169 I C00f00/OH_DER_VSync: onOhVsync ENTRY ts=<private> data=<private>
09-28 17:52:49.317 13946 14168 I C00f00/OH_DER_VSync: scheduleVsync ENTRY receiverPtr=0x<private>
09-28 17:52:49.317   879   879 E C02515/DISP: [0;32;31m[GetMetadata:109] <private> is not supported[m
09-28 17:52:49.317 13946 14168 I C00f00/OH_DER_VSync: scheduleVsync calling RequestFrame ohVsync=<private>
09-28 17:52:49.318   879   879 E C02515/DISP: [0;32;31m[GetMetadata:109] <private> is not supported[m
09-28 17:52:49.318 13946 14168 I C00f00/OH_DER_VSync: scheduleVsync RequestFrame rc=<private>
09-28 17:52:49.318   879   879 E C02515/DISP: [0;32;31m[GetMetadata:109] <private> is not supported[m
09-28 17:52:49.319   879   879 E C01406/skia: RSBaseRenderUtil::DealWithSurfaceRotationAndGravity, GetSurfaceBufferOpaque:0
09-28 17:52:49.319   879   879 E C02515/DISP: [0;32;31m[GetMetadata:109] <private> is not supported[m
09-28 17:52:49.319   879   879 E C01406/skia: RSBaseRenderUtil::DealWithSurfaceRotationAndGravity, GetSurfaceBufferOpaque:0
09-28 17:52:49.319   879   879 E C02515/DISP: [0;32;31m[GetMetadata:109] <private> is not supported[m
09-28 17:52:49.321   879  1104 E C02515/DISP: [0;32;31m[SetMetadata:102] <private> is not supported[m
09-28 17:52:49.321   879  1104 E C02515/METADATA_SRV: [0;32;31m[SetMetadata:136]  fail[m
09-28 17:52:49.321   879  1104 E C01401/Bufferqueue: <surface_buffer_impl.cpp:714-SetMetadata>: SetMetadata Failed with -5
09-28 17:52:49.322   879  1104 E C01406/skia: SurfaceNodeDrawable DrawCommSurfaceWatermark Name:BackgroundBlurView2 Id:8465380540424 water mark count is zero
09-28 17:52:49.322   879  1104 E C01406/skia: RSBaseRenderUtil::DealWithSurfaceRotationAndGravity, GetSurfaceBufferOpaque:0
09-28 17:52:49.323   879  1104 I C01406/WRAP: AHardwareBuffer_createFromHandle index = <private> handle = <private>, ahb = <private>
09-28 17:52:49.323   879  1104 E C01406/skia: SurfaceNodeDrawable DrawCommSurfaceWatermark Name:AdapterActivityContent Id:59897613910019 water mark count is zero
09-28 17:52:49.323   879  1104 E C01406/skia: RSBaseRenderUtil::DealWithSurfaceRotationAndGravity, GetSurfaceBufferOpaque:0
09-28 17:52:49.323   879  1104 I C01406/WRAP: AHardwareBuffer_createFromHandle index = <private> handle = <private>, ahb = <private>
09-28 17:52:49.324   879  1104 E C01406/skia: SurfaceNodeDrawable DrawCommSurfaceWatermark Name:AdapterSurfaceView Id:59897613910020 water mark count is zero
09-28 17:52:49.324   879  1104 E C01406/skia: SurfaceNodeDrawable DrawCommSurfaceWatermark Name:com.a2hlab.bridge.zigzag/com.unity3d.player.UnityPlayerActivity Id:59897613910017 water mark count is zero
09-28 17:52:49.324   879  1104 E C01406/skia: SurfaceNodeDrawable DrawCommSurfaceWatermark Name:WindowScene_zigzag40 Id:8465380541336 water mark count is zero
09-28 17:52:49.325   879  1104 E C01406/skia: SurfaceNodeDrawable DrawCommSurfaceWatermark Name:SCBGestureNavBar13 Id:8465380540563 water mark count is zero
09-28 17:52:49.325   879  1104 E C01406/skia: SurfaceNodeDrawable DrawCommSurfaceWatermark Name:SCBStatusBar15 Id:8465380540646 water mark count is zero
09-28 17:52:49.327   879  1104 E C02515/DISP: [0;32;31m[GetMetadata:109] <private> is not supported[m
09-28 17:52:49.327   879  1104 E C02515/DISP: [0;32;31m[SetMetadata:102] <private> is not supported[m
09-28 17:52:49.327   879  1104 E C02515/METADATA_SRV: [0;32;31m[SetMetadata:136]  fail[m
09-28 17:52:49.327   879  1104 E C01401/Bufferqueue: <surface_buffer_impl.cpp:714-SetMetadata>: SetMetadata Failed with -5
09-28 17:52:49.327   879  1104 E C01406/skia: RSUniRenderComposerAdapter::SetBufferColorSpace set color space fail
09-28 17:52:49.334 13946 14169 I C00f00/OH_DER_VSync: onOhVsync ENTRY ts=<private> data=<private>
09-28 17:52:49.334 13946 14168 I C00f00/OH_DER_VSync: scheduleVsync ENTRY receiverPtr=0x<private>
09-28 17:52:49.334 13946 14168 I C00f00/OH_DER_VSync: scheduleVsync calling RequestFrame ohVsync=<private>
09-28 17:52:49.334 13946 14168 I C00f00/OH_DER_VSync: scheduleVsync RequestFrame rc=<private>
09-28 17:52:49.336   879  1223 E C02515/DISP: [0;32;31m[SetMetadata:102] <private> is not supported[m
09-28 17:52:49.336   879  1223 E C02515/METADATA_SRV: [0;32;31m[SetMetadata:136]  fail[m
09-28 17:52:49.336   879  1223 E C01401/Bufferqueue: <surface_buffer_impl.cpp:714-SetMetadata>: SetMetadata Failed with -5
09-28 17:52:49.337   797  4165 E C02515/DISP: [0;32;31m[SetLayerMaskInfo@display_composer_vdi_impl.cpp:404] <private> is not supported[m
09-28 17:52:49.337   879  1233 E C02515/DISP: [0;32;31m[SetMetadata:102] <private> is not supported[m
09-28 17:52:49.337   879  1233 E C02515/METADATA_SRV: [0;32;31m[SetMetadata:136]  fail[m
09-28 17:52:49.337   879  1233 E C01401/Bufferqueue: <surface_buffer_impl.cpp:714-SetMetadata>: SetMetadata Failed with -5
09-28 17:52:49.338   797  4165 E C02515/DISP: [0;32;31m[SetDisplayClientDamage@display_composer_vdi_impl.cpp:179] <private> is not supported[m
09-28 17:52:49.351 13946 14169 I C00f00/OH_DER_VSync: onOhVsync ENTRY ts=<private> data=<private>
09-28 17:52:49.351 13946 14168 I C00f00/OH_DER_VSync: scheduleVsync ENTRY receiverPtr=0x<private>
09-28 17:52:49.351 13946 14168 I C00f00/OH_DER_VSync: scheduleVsync calling RequestFrame ohVsync=<private>
09-28 17:52:49.351   879   879 E C02515/DISP: [0;32;31m[GetMetadata:109] <private> is not supported[m
09-28 17:52:49.351 13946 14168 I C00f00/OH_DER_VSync: scheduleVsync RequestFrame rc=<private>
09-28 17:52:49.351   879   879 E C02515/DISP: [0;32;31m[GetMetadata:109] <private> is not supported[m
09-28 17:52:49.351   879   879 E C02515/DISP: [0;32;31m[GetMetadata:109] <private> is not supported[m
09-28 17:52:49.352   879   879 E C01406/skia: RSBaseRenderUtil::DealWithSurfaceRotationAndGravity, GetSurfaceBufferOpaque:0
09-28 17:52:49.352   879   879 E C02515/DISP: [0;32;31m[GetMetadata:109] <private> is not supported[m
09-28 17:52:49.352   879   879 E C01406/skia: RSBaseRenderUtil::DealWithSurfaceRotationAndGravity, GetSurfaceBufferOpaque:0
09-28 17:52:49.352   879   879 E C02515/DISP: [0;32;31m[GetMetadata:109] <private> is not supported[m
09-28 17:52:49.355   879  1104 E C02515/DISP: [0;32;31m[SetMetadata:102] <private> is not supported[m
09-28 17:52:49.355   879  1104 E C02515/METADATA_SRV: [0;32;31m[SetMetadata:136]  fail[m
09-28 17:52:49.355   879  1104 E C01401/Bufferqueue: <surface_buffer_impl.cpp:714-SetMetadata>: SetMetadata Failed with -5
09-28 17:52:49.355   879  1104 E C01406/skia: SurfaceNodeDrawable DrawCommSurfaceWatermark Name:BackgroundBlurView2 Id:8465380540424 water mark count is zero
09-28 17:52:49.356   879  1104 E C01406/skia: RSBaseRenderUtil::DealWithSurfaceRotationAndGravity, GetSurfaceBufferOpaque:0
09-28 17:52:49.356   879  1104 I C01406/WRAP: AHardwareBuffer_createFromHandle index = <private> handle = <private>, ahb = <private>
09-28 17:52:49.357   879  1104 E C01406/skia: SurfaceNodeDrawable DrawCommSurfaceWatermark Name:AdapterActivityContent Id:59897613910019 water mark count is zero
09-28 17:52:49.357   879  1104 E C01406/skia: RSBaseRenderUtil::DealWithSurfaceRotationAndGravity, GetSurfaceBufferOpaque:0
09-28 17:52:49.357   879  1104 I C01406/WRAP: AHardwareBuffer_createFromHandle index = <private> handle = <private>, ahb = <private>
09-28 17:52:49.357   879  1104 E C01406/skia: SurfaceNodeDrawable DrawCommSurfaceWatermark Name:AdapterSurfaceView Id:59897613910020 water mark count is zero
09-28 17:52:49.357   879  1104 E C01406/skia: SurfaceNodeDrawable DrawCommSurfaceWatermark Name:com.a2hlab.bridge.zigzag/com.unity3d.player.UnityPlayerActivity Id:59897613910017 water mark count is zero
09-28 17:52:49.357   879  1104 E C01406/skia: SurfaceNodeDrawable DrawCommSurfaceWatermark Name:WindowScene_zigzag40 Id:8465380541336 water mark count is zero
09-28 17:52:49.358   879  1104 E C01406/skia: SurfaceNodeDrawable DrawCommSurfaceWatermark Name:SCBGestureNavBar13 Id:8465380540563 water mark count is zero
09-28 17:52:49.358   879  1104 E C01406/skia: SurfaceNodeDrawable DrawCommSurfaceWatermark Name:SCBStatusBar15 Id:8465380540646 water mark count is zero
09-28 17:52:49.361   879  1104 E C02515/DISP: [0;32;31m[GetMetadata:109] <private> is not supported[m
09-28 17:52:49.361   879  1104 E C02515/DISP: [0;32;31m[SetMetadata:102] <private> is not supported[m
09-28 17:52:49.361   879  1104 E C02515/METADATA_SRV: [0;32;31m[SetMetadata:136]  fail[m
09-28 17:52:49.361   879  1104 E C01401/Bufferqueue: <surface_buffer_impl.cpp:714-SetMetadata>: SetMetadata Failed with -5
09-28 17:52:49.361   879  1104 E C01406/skia: RSUniRenderComposerAdapter::SetBufferColorSpace set color space fail
09-28 17:52:49.367 13946 14169 I C00f00/OH_DER_VSync: onOhVsync ENTRY ts=<private> data=<private>
09-28 17:52:49.367 13946 14168 I C00f00/OH_DER_VSync: scheduleVsync ENTRY receiverPtr=0x<private>
09-28 17:52:49.367 13946 14168 I C00f00/OH_DER_VSync: scheduleVsync calling RequestFrame ohVsync=<private>
09-28 17:52:49.368 13946 14168 I C00f00/OH_DER_VSync: scheduleVsync RequestFrame rc=<private>
09-28 17:52:49.369   879  1223 E C02515/DISP: [0;32;31m[SetMetadata:102] <private> is not supported[m
09-28 17:52:49.369   879  1223 E C02515/METADATA_SRV: [0;32;31m[SetMetadata:136]  fail[m
09-28 17:52:49.369   879  1223 E C01401/Bufferqueue: <surface_buffer_impl.cpp:714-SetMetadata>: SetMetadata Failed with -5
09-28 17:52:49.371   797  4165 E C02515/DISP: [0;32;31m[SetLayerMaskInfo@display_composer_vdi_impl.cpp:404] <private> is not supported[m
09-28 17:52:49.371   879  1233 E C02515/DISP: [0;32;31m[SetMetadata:102] <private> is not supported[m
09-28 17:52:49.371   879  1233 E C02515/METADATA_SRV: [0;32;31m[SetMetadata:136]  fail[m
09-28 17:52:49.371   879  1233 E C01401/Bufferqueue: <surface_buffer_impl.cpp:714-SetMetadata>: SetMetadata Failed with -5
09-28 17:52:49.372   797  4165 E C02515/DISP: [0;32;31m[SetDisplayClientDamage@display_composer_vdi_impl.cpp:179] <private> is not supported[m
09-28 17:52:49.384 13946 14169 I C00f00/OH_DER_VSync: onOhVsync ENTRY ts=<private> data=<private>
09-28 17:52:49.384   879   879 E C02515/DISP: [0;32;31m[GetMetadata:109] <private> is not supported[m
09-28 17:52:49.384   879   879 E C02515/DISP: [0;32;31m[GetMetadata:109] <private> is not supported[m
09-28 17:52:49.384   879   879 E C02515/DISP: [0;32;31m[GetMetadata:109] <private> is not supported[m
09-28 17:52:49.384 13946 14168 I C00f00/OH_DER_VSync: scheduleVsync ENTRY receiverPtr=0x<private>
09-28 17:52:49.384 13946 14168 I C00f00/OH_DER_VSync: scheduleVsync calling RequestFrame ohVsync=<private>
09-28 17:52:49.384 13946 14168 I C00f00/OH_DER_VSync: scheduleVsync RequestFrame rc=<private>
09-28 17:52:49.385   879   879 E C01406/skia: RSBaseRenderUtil::DealWithSurfaceRotationAndGravity, GetSurfaceBufferOpaque:0
09-28 17:52:49.385   879   879 E C02515/DISP: [0;32;31m[GetMetadata:109] <private> is not supported[m
09-28 17:52:49.385   879   879 E C01406/skia: RSBaseRenderUtil::DealWithSurfaceRotationAndGravity, GetSurfaceBufferOpaque:0
09-28 17:52:49.385   879   879 E C02515/DISP: [0;32;31m[GetMetadata:109] <private> is not supported[m
09-28 17:52:49.386   879  1104 E C02515/DISP: [0;32;31m[SetMetadata:102] <private> is not supported[m
09-28 17:52:49.386   879  1104 E C02515/METADATA_SRV: [0;32;31m[SetMetadata:136]  fail[m
09-28 17:52:49.386   879  1104 E C01401/Bufferqueue: <surface_buffer_impl.cpp:714-SetMetadata>: SetMetadata Failed with -5
09-28 17:52:49.386   879  1104 E C01406/skia: SurfaceNodeDrawable DrawCommSurfaceWatermark Name:BackgroundBlurView2 Id:8465380540424 water mark count is zero
09-28 17:52:49.386   879  1104 E C01406/skia: RSBaseRenderUtil::DealWithSurfaceRotationAndGravity, GetSurfaceBufferOpaque:0
09-28 17:52:49.387   879  1104 I C01406/WRAP: AHardwareBuffer_createFromHandle index = <private> handle = <private>, ahb = <private>
09-28 17:52:49.387   879  1104 E C01406/skia: SurfaceNodeDrawable DrawCommSurfaceWatermark Name:AdapterActivityContent Id:59897613910019 water mark count is zero
09-28 17:52:49.387   879  1104 E C01406/skia: RSBaseRenderUtil::DealWithSurfaceRotationAndGravity, GetSurfaceBufferOpaque:0
09-28 17:52:49.387   879  1104 I C01406/WRAP: AHardwareBuffer_createFromHandle index = <private> handle = <private>, ahb = <private>
09-28 17:52:49.387   879  1104 E C01406/skia: SurfaceNodeDrawable DrawCommSurfaceWatermark Name:AdapterSurfaceView Id:59897613910020 water mark count is zero
09-28 17:52:49.387   879  1104 E C01406/skia: SurfaceNodeDrawable DrawCommSurfaceWatermark Name:com.a2hlab.bridge.zigzag/com.unity3d.player.UnityPlayerActivity Id:59897613910017 water mark count is zero
09-28 17:52:49.387   879  1104 E C01406/skia: SurfaceNodeDrawable DrawCommSurfaceWatermark Name:WindowScene_zigzag40 Id:8465380541336 water mark count is zero
09-28 17:52:49.388   879  1104 E C01406/skia: SurfaceNodeDrawable DrawCommSurfaceWatermark Name:SCBGestureNavBar13 Id:8465380540563 water mark count is zero
09-28 17:52:49.388   879  1104 E C01406/skia: SurfaceNodeDrawable DrawCommSurfaceWatermark Name:SCBStatusBar15 Id:8465380540646 water mark count is zero
09-28 17:52:49.391   879  1104 E C02515/DISP: [0;32;31m[GetMetadata:109] <private> is not supported[m
09-28 17:52:49.391   879  1104 E C02515/DISP: [0;32;31m[SetMetadata:102] <private> is not supported[m
09-28 17:52:49.391   879  1104 E C02515/METADATA_SRV: [0;32;31m[SetMetadata:136]  fail[m
09-28 17:52:49.391   879  1104 E C01401/Bufferqueue: <surface_buffer_impl.cpp:714-SetMetadata>: SetMetadata Failed with -5
09-28 17:52:49.391   879  1104 E C01406/skia: RSUniRenderComposerAdapter::SetBufferColorSpace set color space fail
09-28 17:52:49.401 13946 14169 I C00f00/OH_DER_VSync: onOhVsync ENTRY ts=<private> data=<private>
09-28 17:52:49.401 13946 14168 I C00f00/OH_DER_VSync: scheduleVsync ENTRY receiverPtr=0x<private>
09-28 17:52:49.401 13946 14168 I C00f00/OH_DER_VSync: scheduleVsync calling RequestFrame ohVsync=<private>
09-28 17:52:49.401 13946 14168 I C00f00/OH_DER_VSync: scheduleVsync RequestFrame rc=<private>
09-28 17:52:49.402   879  1223 E C02515/DISP: [0;32;31m[SetMetadata:102] <private> is not supported[m
09-28 17:52:49.403   879  1223 E C02515/METADATA_SRV: [0;32;31m[SetMetadata:136]  fail[m
09-28 17:52:49.403   879  1223 E C01401/Bufferqueue: <surface_buffer_impl.cpp:714-SetMetadata>: SetMetadata Failed with -5
09-28 17:52:49.403   797  4165 E C02515/DISP: [0;32;31m[SetLayerMaskInfo@display_composer_vdi_impl.cpp:404] <private> is not supported[m
09-28 17:52:49.404   879  1233 E C02515/DISP: [0;32;31m[SetMetadata:102] <private> is not supported[m
09-28 17:52:49.404   879  1233 E C02515/METADATA_SRV: [0;32;31m[SetMetadata:136]  fail[m
09-28 17:52:49.404   879  1233 E C01401/Bufferqueue: <surface_buffer_impl.cpp:714-SetMetadata>: SetMetadata Failed with -5
09-28 17:52:49.404   797  4165 E C02515/DISP: [0;32;31m[SetDisplayClientDamage@display_composer_vdi_impl.cpp:179] <private> is not supported[m
09-28 17:52:49.417 13946 14169 I C00f00/OH_DER_VSync: onOhVsync ENTRY ts=<private> data=<private>
09-28 17:52:49.418 13946 14168 I C00f00/OH_DER_VSync: scheduleVsync ENTRY receiverPtr=0x<private>
09-28 17:52:49.418 13946 14168 I C00f00/OH_DER_VSync: scheduleVsync calling RequestFrame ohVsync=<private>
09-28 17:52:49.418   879   879 E C02515/DISP: [0;32;31m[GetMetadata:109] <private> is not supported[m
09-28 17:52:49.418 13946 14168 I C00f00/OH_DER_VSync: scheduleVsync RequestFrame rc=<private>
09-28 17:52:49.418   879   879 E C02515/DISP: [0;32;31m[GetMetadata:109] <private> is not supported[m
09-28 17:52:49.418   879   879 E C02515/DISP: [0;32;31m[GetMetadata:109] <private> is not supported[m
09-28 17:52:49.419   879   879 E C01406/skia: RSBaseRenderUtil::DealWithSurfaceRotationAndGravity, GetSurfaceBufferOpaque:0
09-28 17:52:49.419   879   879 E C02515/DISP: [0;32;31m[GetMetadata:109] <private> is not supported[m
09-28 17:52:49.419   879   879 E C01406/skia: RSBaseRenderUtil::DealWithSurfaceRotationAndGravity, GetSurfaceBufferOpaque:0
09-28 17:52:49.419   879   879 E C02515/DISP: [0;32;31m[GetMetadata:109] <private> is not supported[m
09-28 17:52:49.421   879  1104 E C02515/DISP: [0;32;31m[SetMetadata:102] <private> is not supported[m
09-28 17:52:49.421   879  1104 E C02515/METADATA_SRV: [0;32;31m[SetMetadata:136]  fail[m
09-28 17:52:49.421   879  1104 E C01401/Bufferqueue: <surface_buffer_impl.cpp:714-SetMetadata>: SetMetadata Failed with -5
09-28 17:52:49.422   879  1104 E C01406/skia: SurfaceNodeDrawable DrawCommSurfaceWatermark Name:BackgroundBlurView2 Id:8465380540424 water mark count is zero
09-28 17:52:49.422   879  1104 E C01406/skia: RSBaseRenderUtil::DealWithSurfaceRotationAndGravity, GetSurfaceBufferOpaque:0
09-28 17:52:49.422   879  1104 I C01406/WRAP: AHardwareBuffer_createFromHandle index = <private> handle = <private>, ahb = <private>
09-28 17:52:49.422   879  1104 E C01406/skia: SurfaceNodeDrawable DrawCommSurfaceWatermark Name:AdapterActivityContent Id:59897613910019 water mark count is zero
09-28 17:52:49.422   879  1104 E C01406/skia: RSBaseRenderUtil::DealWithSurfaceRotationAndGravity, GetSurfaceBufferOpaque:0
09-28 17:52:49.422   879  1104 I C01406/WRAP: AHardwareBuffer_createFromHandle index = <private> handle = <private>, ahb = <private>
09-28 17:52:49.422   879  1104 E C01406/skia: SurfaceNodeDrawable DrawCommSurfaceWatermark Name:AdapterSurfaceView Id:59897613910020 water mark count is zero
09-28 17:52:49.422   879  1104 E C01406/skia: SurfaceNodeDrawable DrawCommSurfaceWatermark Name:com.a2hlab.bridge.zigzag/com.unity3d.player.UnityPlayerActivity Id:59897613910017 water mark count is zero
09-28 17:52:49.422   879  1104 E C01406/skia: SurfaceNodeDrawable DrawCommSurfaceWatermark Name:WindowScene_zigzag40 Id:8465380541336 water mark count is zero
09-28 17:52:49.423   879  1104 E C01406/skia: SurfaceNodeDrawable DrawCommSurfaceWatermark Name:SCBGestureNavBar13 Id:8465380540563 water mark count is zero
09-28 17:52:49.423   879  1104 E C01406/skia: SurfaceNodeDrawable DrawCommSurfaceWatermark Name:SCBStatusBar15 Id:8465380540646 water mark count is zero
09-28 17:52:49.425   879  1104 E C02515/DISP: [0;32;31m[GetMetadata:109] <private> is not supported[m
09-28 17:52:49.425   879  1104 E C02515/DISP: [0;32;31m[SetMetadata:102] <private> is not supported[m
09-28 17:52:49.425   879  1104 E C02515/METADATA_SRV: [0;32;31m[SetMetadata:136]  fail[m
09-28 17:52:49.425   879  1104 E C01401/Bufferqueue: <surface_buffer_impl.cpp:714-SetMetadata>: SetMetadata Failed with -5
09-28 17:52:49.425   879  1104 E C01406/skia: RSUniRenderComposerAdapter::SetBufferColorSpace set color space fail
09-28 17:52:49.434 13946 14169 I C00f00/OH_DER_VSync: onOhVsync ENTRY ts=<private> data=<private>
09-28 17:52:49.434 13946 14168 I C00f00/OH_DER_VSync: scheduleVsync ENTRY receiverPtr=0x<private>
09-28 17:52:49.434 13946 14168 I C00f00/OH_DER_VSync: scheduleVsync calling RequestFrame ohVsync=<private>
09-28 17:52:49.434 13946 14168 I C00f00/OH_DER_VSync: scheduleVsync RequestFrame rc=<private>
09-28 17:52:49.436   879  1223 E C02515/DISP: [0;32;31m[SetMetadata:102] <private> is not supported[m
09-28 17:52:49.436   879  1223 E C02515/METADATA_SRV: [0;32;31m[SetMetadata:136]  fail[m
09-28 17:52:49.436   879  1223 E C01401/Bufferqueue: <surface_buffer_impl.cpp:714-SetMetadata>: SetMetadata Failed with -5
09-28 17:52:49.437   797  4165 E C02515/DISP: [0;32;31m[SetLayerMaskInfo@display_composer_vdi_impl.cpp:404] <private> is not supported[m
09-28 17:52:49.437   879  1233 E C02515/DISP: [0;32;31m[SetMetadata:102] <private> is not supported[m
09-28 17:52:49.437   879  1233 E C02515/METADATA_SRV: [0;32;31m[SetMetadata:136]  fail[m
09-28 17:52:49.437   879  1233 E C01401/Bufferqueue: <surface_buffer_impl.cpp:714-SetMetadata>: SetMetadata Failed with -5
09-28 17:52:49.438   797  4165 E C02515/DISP: [0;32;31m[SetDisplayClientDamage@display_composer_vdi_impl.cpp:179] <private> is not supported[m
09-28 17:52:49.451 13946 14169 I C00f00/OH_DER_VSync: onOhVsync ENTRY ts=<private> data=<private>
09-28 17:52:49.451 13946 14168 I C00f00/OH_DER_VSync: scheduleVsync ENTRY receiverPtr=0x<private>
09-28 17:52:49.451 13946 14168 I C00f00/OH_DER_VSync: scheduleVsync calling RequestFrame ohVsync=<private>
09-28 17:52:49.451   879   879 E C02515/DISP: [0;32;31m[GetMetadata:109] <private> is not supported[m
09-28 17:52:49.451 13946 14168 I C00f00/OH_DER_VSync: scheduleVsync RequestFrame rc=<private>
09-28 17:52:49.451   879   879 E C02515/DISP: [0;32;31m[GetMetadata:109] <private> is not supported[m
09-28 17:52:49.451   879   879 E C02515/DISP: [0;32;31m[GetMetadata:109] <private> is not supported[m
09-28 17:52:49.452   879   879 E C01406/skia: RSBaseRenderUtil::DealWithSurfaceRotationAndGravity, GetSurfaceBufferOpaque:0
09-28 17:52:49.452   879   879 E C02515/DISP: [0;32;31m[GetMetadata:109] <private> is not supported[m
09-28 17:52:49.453   879   879 E C01406/skia: RSBaseRenderUtil::DealWithSurfaceRotationAndGravity, GetSurfaceBufferOpaque:0
09-28 17:52:49.453   879   879 E C02515/DISP: [0;32;31m[GetMetadata:109] <private> is not supported[m
09-28 17:52:49.454   879  1104 E C02515/DISP: [0;32;31m[SetMetadata:102] <private> is not supported[m
09-28 17:52:49.454   879  1104 E C02515/METADATA_SRV: [0;32;31m[SetMetadata:136]  fail[m
09-28 17:52:49.454   879  1104 E C01401/Bufferqueue: <surface_buffer_impl.cpp:714-SetMetadata>: SetMetadata Failed with -5
09-28 17:52:49.455   879  1104 E C01406/skia: SurfaceNodeDrawable DrawCommSurfaceWatermark Name:BackgroundBlurView2 Id:8465380540424 water mark count is zero
09-28 17:52:49.455   879  1104 E C01406/skia: RSBaseRenderUtil::DealWithSurfaceRotationAndGravity, GetSurfaceBufferOpaque:0
09-28 17:52:49.455   879  1104 I C01406/WRAP: AHardwareBuffer_createFromHandle index = <private> handle = <private>, ahb = <private>
09-28 17:52:49.455   921  1220 I C02d13/HDC_LOG: [daemon.cpp:1142] FetchCommand channelId:844967650 command:1001
09-28 17:52:49.455   921  1220 I C02d13/HDC_LOG: [session.cpp:1652] New HTaskInfo cid:844967650 sid:252******606(L:10) command:1001
09-28 17:52:49.455   921  1220 I C02d13/HDC_LOG: [session.cpp:891] AdminTask add task type:0 cid:844967650 sid:252******606(L:10) mapsize:2
09-28 17:52:49.455   921  1220 I C02d13/HDC_LOG: [task.cpp:34] HdcTaskBase type:0 cid:844967650 sid:252******606(L:10)
09-28 17:52:49.455   921  1220 I C02d13/HDC_LOG: [daemon_unity.cpp:414] Unity CommandDispatch command:1001 cid:844967650 sid:252******606(L:10)
09-28 17:52:49.455   879  1104 E C01406/skia: SurfaceNodeDrawable DrawCommSurfaceWatermark Name:AdapterActivityContent Id:59897613910019 water mark count is zero
09-28 17:52:49.455   921  1220 W C02d13/HDC_LOG: [async_cmd.cpp:114] GetDevItem false key:persist.hdc.root
09-28 17:52:49.455   879  1104 E C01406/skia: RSBaseRenderUtil::DealWithSurfaceRotationAndGravity, GetSurfaceBufferOpaque:0
09-28 17:52:49.456   879  1104 I C01406/WRAP: AHardwareBuffer_createFromHandle index = <private> handle = <private>, ahb = <private>
09-28 17:52:49.456   879  1104 E C01406/skia: SurfaceNodeDrawable DrawCommSurfaceWatermark Name:AdapterSurfaceView Id:59897613910020 water mark count is zero
09-28 17:52:49.456   879  1104 E C01406/skia: SurfaceNodeDrawable DrawCommSurfaceWatermark Name:com.a2hlab.bridge.zigzag/com.unity3d.player.UnityPlayerActivity Id:59897613910017 water mark count is zero
09-28 17:52:49.456   879  1104 E C01406/skia: SurfaceNodeDrawable DrawCommSurfaceWatermark Name:WindowScene_zigzag40 Id:8465380541336 water mark count is zero
09-28 17:52:49.456   921 14658 I C02d13/HDC_LOG: [async_cmd.cpp:225] Popen pipe fds[pipeRead]:33 fds[pipeWrite]:34, mode 0
09-28 17:52:49.456   879  1104 E C01406/skia: SurfaceNodeDrawable DrawCommSurfaceWatermark Name:SCBGestureNavBar13 Id:8465380540563 water mark count is zero
09-28 17:52:49.456   879  1104 E C01406/skia: SurfaceNodeDrawable DrawCommSurfaceWatermark Name:SCBStatusBar15 Id:8465380540646 water mark count is zero
09-28 17:52:49.458   879  1104 E C02515/DISP: [0;32;31m[GetMetadata:109] <private> is not supported[m
09-28 17:52:49.458   879  1104 E C02515/DISP: [0;32;31m[SetMetadata:102] <private> is not supported[m
09-28 17:52:49.458   879  1104 E C02515/METADATA_SRV: [0;32;31m[SetMetadata:136]  fail[m
09-28 17:52:49.458   879  1104 E C01401/Bufferqueue: <surface_buffer_impl.cpp:714-SetMetadata>: SetMetadata Failed with -5
09-28 17:52:49.458   879  1104 E C01406/skia: RSUniRenderComposerAdapter::SetBufferColorSpace set color space fail
09-28 17:52:49.459   921  1220 I C02d13/HDC_LOG: [async_cmd.cpp:291] ExecuteCommand cmd:param get const.product.os.dist.apiname fd:33 pid:14659
09-28 17:52:49.460   921  1220 I C02d13/HDC_LOG: [daemon_unity.cpp:486] Unity CommandDispatch command:1001 finish cid:844967650 sid:252******606(L:10)
09-28 17:52:49.461 14659 14659 W C02d13/HDC_LOG: [async_cmd.cpp:140] SetSelinuxLabel con:u:r:su:s0 isRoot:0
09-28 17:52:49.467 13946 14169 I C00f00/OH_DER_VSync: onOhVsync ENTRY ts=<private> data=<private>
09-28 17:52:49.468 13946 14168 I C00f00/OH_DER_VSync: scheduleVsync ENTRY receiverPtr=0x<private>
09-28 17:52:49.468 13946 14168 I C00f00/OH_DER_VSync: scheduleVsync calling RequestFrame ohVsync=<private>
09-28 17:52:49.468 13946 14168 I C00f00/OH_DER_VSync: scheduleVsync RequestFrame rc=<private>
09-28 17:52:49.469   879  1223 E C02515/DISP: [0;32;31m[SetMetadata:102] <private> is not supported[m
09-28 17:52:49.470   879  1223 E C02515/METADATA_SRV: [0;32;31m[SetMetadata:136]  fail[m
09-28 17:52:49.470   879  1223 E C01401/Bufferqueue: <surface_buffer_impl.cpp:714-SetMetadata>: SetMetadata Failed with -5
09-28 17:52:49.470   797  4165 E C02515/DISP: [0;32;31m[SetLayerMaskInfo@display_composer_vdi_impl.cpp:404] <private> is not supported[m
09-28 17:52:49.471   879  1233 E C02515/DISP: [0;32;31m[SetMetadata:102] <private> is not supported[m
09-28 17:52:49.471   879  1233 E C02515/METADATA_SRV: [0;32;31m[SetMetadata:136]  fail[m
09-28 17:52:49.471   879  1233 E C01401/Bufferqueue: <surface_buffer_impl.cpp:714-SetMetadata>: SetMetadata Failed with -5
09-28 17:52:49.471   797  4165 E C02515/DISP: [0;32;31m[SetDisplayClientDamage@display_composer_vdi_impl.cpp:179] <private> is not supported[m
09-28 17:52:49.484 13946 14169 I C00f00/OH_DER_VSync: onOhVsync ENTRY ts=<private> data=<private>
09-28 17:52:49.484 13946 14168 I C00f00/OH_DER_VSync: scheduleVsync ENTRY receiverPtr=0x<private>
09-28 17:52:49.484 13946 14168 I C00f00/OH_DER_VSync: scheduleVsync calling RequestFrame ohVsync=<private>
09-28 17:52:49.484   879   879 E C02515/DISP: [0;32;31m[GetMetadata:109] <private> is not supported[m
09-28 17:52:49.484 13946 14168 I C00f00/OH_DER_VSync: scheduleVsync RequestFrame rc=<private>
09-28 17:52:49.484   879   879 E C02515/DISP: [0;32;31m[GetMetadata:109] <private> is not supported[m
09-28 17:52:49.484   879   879 E C02515/DISP: [0;32;31m[GetMetadata:109] <private> is not supported[m
09-28 17:52:49.486   879   879 E C01406/skia: RSBaseRenderUtil::DealWithSurfaceRotationAndGravity, GetSurfaceBufferOpaque:0
09-28 17:52:49.486   879   879 E C02515/DISP: [0;32;31m[GetMetadata:109] <private> is not supported[m
09-28 17:52:49.486   879   879 E C01406/skia: RSBaseRenderUtil::DealWithSurfaceRotationAndGravity, GetSurfaceBufferOpaque:0
09-28 17:52:49.486   879   879 E C02515/DISP: [0;32;31m[GetMetadata:109] <private> is not supported[m
09-28 17:52:49.488   879  1104 E C02515/DISP: [0;32;31m[SetMetadata:102] <private> is not supported[m
09-28 17:52:49.488   879  1104 E C02515/METADATA_SRV: [0;32;31m[SetMetadata:136]  fail[m
09-28 17:52:49.488   879  1104 E C01401/Bufferqueue: <surface_buffer_impl.cpp:714-SetMetadata>: SetMetadata Failed with -5
09-28 17:52:49.488   879  1104 E C01406/skia: SurfaceNodeDrawable DrawCommSurfaceWatermark Name:BackgroundBlurView2 Id:8465380540424 water mark count is zero
09-28 17:52:49.489   879  1104 E C01406/skia: RSBaseRenderUtil::DealWithSurfaceRotationAndGravity, GetSurfaceBufferOpaque:0
09-28 17:52:49.489   879  1104 I C01406/WRAP: AHardwareBuffer_createFromHandle index = <private> handle = <private>, ahb = <private>
09-28 17:52:49.489   879  1104 E C01406/skia: SurfaceNodeDrawable DrawCommSurfaceWatermark Name:AdapterActivityContent Id:59897613910019 water mark count is zero
09-28 17:52:49.489   879  1104 E C01406/skia: RSBaseRenderUtil::DealWithSurfaceRotationAndGravity, GetSurfaceBufferOpaque:0
09-28 17:52:49.489   879  1104 I C01406/WRAP: AHardwareBuffer_createFromHandle index = <private> handle = <private>, ahb = <private>
09-28 17:52:49.489   879  1104 E C01406/skia: SurfaceNodeDrawable DrawCommSurfaceWatermark Name:AdapterSurfaceView Id:59897613910020 water mark count is zero
09-28 17:52:49.489   879  1104 E C01406/skia: SurfaceNodeDrawable DrawCommSurfaceWatermark Name:com.a2hlab.bridge.zigzag/com.unity3d.player.UnityPlayerActivity Id:59897613910017 water mark count is zero
09-28 17:52:49.489   879  1104 E C01406/skia: SurfaceNodeDrawable DrawCommSurfaceWatermark Name:WindowScene_zigzag40 Id:8465380541336 water mark count is zero
09-28 17:52:49.490   879  1104 E C01406/skia: SurfaceNodeDrawable DrawCommSurfaceWatermark Name:SCBGestureNavBar13 Id:8465380540563 water mark count is zero
09-28 17:52:49.490   879  1104 E C01406/skia: SurfaceNodeDrawable DrawCommSurfaceWatermark Name:SCBStatusBar15 Id:8465380540646 water mark count is zero
09-28 17:52:49.491   879  1104 E C02515/DISP: [0;32;31m[GetMetadata:109] <private> is not supported[m
09-28 17:52:49.491   879  1104 E C02515/DISP: [0;32;31m[SetMetadata:102] <private> is not supported[m
09-28 17:52:49.492   879  1104 E C02515/METADATA_SRV: [0;32;31m[SetMetadata:136]  fail[m
09-28 17:52:49.492   879  1104 E C01401/Bufferqueue: <surface_buffer_impl.cpp:714-SetMetadata>: SetMetadata Failed with -5
09-28 17:52:49.492   879  1104 E C01406/skia: RSUniRenderComposerAdapter::SetBufferColorSpace set color space fail
09-28 17:52:49.496   921 14660 I C02d13/HDC_LOG: [async_cmd.cpp:88] FinishShellProc finish pipeRead fd:33 pid:14659 count:1
09-28 17:52:49.496   921 14660 I C02d13/HDC_LOG: [task.cpp:55] HdcTaskBase::TaskFinish notify begin type:0 cid:844967650 sid:252******606(L:10)
09-28 17:52:49.496   921 14660 I C02d13/HDC_LOG: [task.cpp:58] HdcTaskBase::TaskFinish notify end type:0 cid:844967650 sid:252******606(L:10)
09-28 17:52:49.499   921  1220 I C02d13/HDC_LOG: [daemon.cpp:1142] FetchCommand channelId:844967650 command:2
09-28 17:52:49.499   921  1220 W C02d13/HDC_LOG: [session.cpp:160] BeginRemoveTask taskType:0 channelId:844967650
09-28 17:52:49.499   921  1220 W C02d13/HDC_LOG: [session.cpp:190] ClearOwnTasks OP_CLEAR finish, sessionId:252******606(L:10) channelIDInput:844967650
09-28 17:52:49.499   921  1220 W C02d13/HDC_LOG: [session.cpp:115] taskClassDeleteRetry start clear task, taskType:0 cid:844967650 sid:252******606(L:10)
09-28 17:52:49.499   921  1220 I C02d13/HDC_LOG: [async_cmd.cpp:69] DoRelease rc:-3 pid:14659
09-28 17:52:49.499   921  1220 I C02d13/HDC_LOG: [session.cpp:126] TaskDelay task remove retry count 0/30, taskType:0 channelId:844967650, sessionId:252******606(L:10)
09-28 17:52:49.499   921  1220 I C02d13/HDC_LOG: [daemon_unity.cpp:31] ~HdcDaemonUnity cid:844967650 sid:252******606(L:10)
09-28 17:52:49.499   921  1220 I C02d13/HDC_LOG: [task.cpp:40] ~HdcTaskBase type:0 cid:844967650 sid:252******606(L:10)
09-28 17:52:49.499   921  1220 W C02d13/HDC_LOG: [session.cpp:134] TaskDelay task remove finish, channelId:844967650
09-28 17:52:49.499   921  1220 I C02d13/HDC_LOG: [base.cpp:969] before uv handle close, the uv handle type is 13
09-28 17:52:49.501 13946 14169 I C00f00/OH_DER_VSync: onOhVsync ENTRY ts=<private> data=<private>
09-28 17:52:49.501 13946 14168 I C00f00/OH_DER_VSync: scheduleVsync ENTRY receiverPtr=0x<private>
09-28 17:52:49.501 13946 14168 I C00f00/OH_DER_VSync: scheduleVsync calling RequestFrame ohVsync=<private>
09-28 17:52:49.501 13946 14168 I C00f00/OH_DER_VSync: scheduleVsync RequestFrame rc=<private>
09-28 17:52:49.502   879  1223 E C02515/DISP: [0;32;31m[SetMetadata:102] <private> is not supported[m
09-28 17:52:49.502   879  1223 E C02515/METADATA_SRV: [0;32;31m[SetMetadata:136]  fail[m
09-28 17:52:49.502   879  1223 E C01401/Bufferqueue: <surface_buffer_impl.cpp:714-SetMetadata>: SetMetadata Failed with -5
09-28 17:52:49.504   921  1220 I C02d13/HDC_LOG: [daemon.cpp:1142] FetchCommand channelId:844967650 command:2
09-28 17:52:49.504   797  4165 E C02515/DISP: [0;32;31m[SetLayerMaskInfo@display_composer_vdi_impl.cpp:404] <private> is not supported[m
09-28 17:52:49.505   879  1233 E C02515/DISP: [0;32;31m[SetMetadata:102] <private> is not supported[m
09-28 17:52:49.505   879  1233 E C02515/METADATA_SRV: [0;32;31m[SetMetadata:136]  fail[m
09-28 17:52:49.505   879  1233 E C01401/Bufferqueue: <surface_buffer_impl.cpp:714-SetMetadata>: SetMetadata Failed with -5
09-28 17:52:49.506   797  4165 E C02515/DISP: [0;32;31m[SetDisplayClientDamage@display_composer_vdi_impl.cpp:179] <private> is not supported[m
09-28 17:52:49.517 13946 14169 I C00f00/OH_DER_VSync: onOhVsync ENTRY ts=<private> data=<private>
09-28 17:52:49.518 13946 14168 I C00f00/OH_DER_VSync: scheduleVsync ENTRY receiverPtr=0x<private>
09-28 17:52:49.518 13946 14168 I C00f00/OH_DER_VSync: scheduleVsync calling RequestFrame ohVsync=<private>
09-28 17:52:49.518   879   879 E C02515/DISP: [0;32;31m[GetMetadata:109] <private> is not supported[m
09-28 17:52:49.518 13946 14168 I C00f00/OH_DER_VSync: scheduleVsync RequestFrame rc=<private>
09-28 17:52:49.518   879   879 E C02515/DISP: [0;32;31m[GetMetadata:109] <private> is not supported[m
09-28 17:52:49.518   879   879 E C02515/DISP: [0;32;31m[GetMetadata:109] <private> is not supported[m
09-28 17:52:49.519   879   879 E C01406/skia: RSBaseRenderUtil::DealWithSurfaceRotationAndGravity, GetSurfaceBufferOpaque:0
09-28 17:52:49.519   879   879 E C02515/DISP: [0;32;31m[GetMetadata:109] <private> is not supported[m
09-28 17:52:49.519   879   879 E C01406/skia: RSBaseRenderUtil::DealWithSurfaceRotationAndGravity, GetSurfaceBufferOpaque:0
09-28 17:52:49.519   879   879 E C02515/DISP: [0;32;31m[GetMetadata:109] <private> is not supported[m
09-28 17:52:49.521   879  1104 E C02515/DISP: [0;32;31m[SetMetadata:102] <private> is not supported[m
09-28 17:52:49.521   879  1104 E C02515/METADATA_SRV: [0;32;31m[SetMetadata:136]  fail[m
09-28 17:52:49.521   879  1104 E C01401/Bufferqueue: <surface_buffer_impl.cpp:714-SetMetadata>: SetMetadata Failed with -5
09-28 17:52:49.521   879  1104 E C01406/skia: SurfaceNodeDrawable DrawCommSurfaceWatermark Name:BackgroundBlurView2 Id:8465380540424 water mark count is zero
09-28 17:52:49.522   879  1104 E C01406/skia: RSBaseRenderUtil::DealWithSurfaceRotationAndGravity, GetSurfaceBufferOpaque:0
09-28 17:52:49.522   879  1104 I C01406/WRAP: AHardwareBuffer_createFromHandle index = <private> handle = <private>, ahb = <private>
09-28 17:52:49.522   879  1104 E C01406/skia: SurfaceNodeDrawable DrawCommSurfaceWatermark Name:AdapterActivityContent Id:59897613910019 water mark count is zero
09-28 17:52:49.522   879  1104 E C01406/skia: RSBaseRenderUtil::DealWithSurfaceRotationAndGravity, GetSurfaceBufferOpaque:0
09-28 17:52:49.522   879  1104 I C01406/WRAP: AHardwareBuffer_createFromHandle index = <private> handle = <private>, ahb = <private>
09-28 17:52:49.522   879  1104 E C01406/skia: SurfaceNodeDrawable DrawCommSurfaceWatermark Name:AdapterSurfaceView Id:59897613910020 water mark count is zero
09-28 17:52:49.522   879  1104 E C01406/skia: SurfaceNodeDrawable DrawCommSurfaceWatermark Name:com.a2hlab.bridge.zigzag/com.unity3d.player.UnityPlayerActivity Id:59897613910017 water mark count is zero
09-28 17:52:49.522   879  1104 E C01406/skia: SurfaceNodeDrawable DrawCommSurfaceWatermark Name:WindowScene_zigzag40 Id:8465380541336 water mark count is zero
09-28 17:52:49.523   879  1104 E C01406/skia: SurfaceNodeDrawable DrawCommSurfaceWatermark Name:SCBGestureNavBar13 Id:8465380540563 water mark count is zero
09-28 17:52:49.523   879  1104 E C01406/skia: SurfaceNodeDrawable DrawCommSurfaceWatermark Name:SCBStatusBar15 Id:8465380540646 water mark count is zero
09-28 17:52:49.524   879  1104 E C02515/DISP: [0;32;31m[GetMetadata:109] <private> is not supported[m
09-28 17:52:49.525   879  1104 E C02515/DISP: [0;32;31m[SetMetadata:102] <private> is not supported[m
09-28 17:52:49.525   879  1104 E C02515/METADATA_SRV: [0;32;31m[SetMetadata:136]  fail[m
09-28 17:52:49.525   879  1104 E C01401/Bufferqueue: <surface_buffer_impl.cpp:714-SetMetadata>: SetMetadata Failed with -5
09-28 17:52:49.525   879  1104 E C01406/skia: RSUniRenderComposerAdapter::SetBufferColorSpace set color space fail
09-28 17:52:49.534 13946 14169 I C00f00/OH_DER_VSync: onOhVsync ENTRY ts=<private> data=<private>
09-28 17:52:49.534 13946 14168 I C00f00/OH_DER_VSync: scheduleVsync ENTRY receiverPtr=0x<private>
09-28 17:52:49.534 13946 14168 I C00f00/OH_DER_VSync: scheduleVsync calling RequestFrame ohVsync=<private>
09-28 17:52:49.534 13946 14168 I C00f00/OH_DER_VSync: scheduleVsync RequestFrame rc=<private>
09-28 17:52:49.536   879  1223 E C02515/DISP: [0;32;31m[SetMetadata:102] <private> is not supported[m
09-28 17:52:49.536   879  1223 E C02515/METADATA_SRV: [0;32;31m[SetMetadata:136]  fail[m
09-28 17:52:49.536   879  1223 E C01401/Bufferqueue: <surface_buffer_impl.cpp:714-SetMetadata>: SetMetadata Failed with -5
09-28 17:52:49.537   797  4165 E C02515/DISP: [0;32;31m[SetLayerMaskInfo@display_composer_vdi_impl.cpp:404] <private> is not supported[m
09-28 17:52:49.537   879  1233 E C02515/DISP: [0;32;31m[SetMetadata:102] <private> is not supported[m
09-28 17:52:49.537   879  1233 E C02515/METADATA_SRV: [0;32;31m[SetMetadata:136]  fail[m
09-28 17:52:49.537   879  1233 E C01401/Bufferqueue: <surface_buffer_impl.cpp:714-SetMetadata>: SetMetadata Failed with -5
09-28 17:52:49.538   797  4165 E C02515/DISP: [0;32;31m[SetDisplayClientDamage@display_composer_vdi_impl.cpp:179] <private> is not supported[m
09-28 17:52:49.551 13946 14169 I C00f00/OH_DER_VSync: onOhVsync ENTRY ts=<private> data=<private>
09-28 17:52:49.551 13946 14168 I C00f00/OH_DER_VSync: scheduleVsync ENTRY receiverPtr=0x<private>
09-28 17:52:49.551 13946 14168 I C00f00/OH_DER_VSync: scheduleVsync calling RequestFrame ohVsync=<private>
09-28 17:52:49.551   879   879 E C02515/DISP: [0;32;31m[GetMetadata:109] <private> is not supported[m
09-28 17:52:49.551 13946 14168 I C00f00/OH_DER_VSync: scheduleVsync RequestFrame rc=<private>
09-28 17:52:49.551   879   879 E C02515/DISP: [0;32;31m[GetMetadata:109] <private> is not supported[m
09-28 17:52:49.551   879   879 E C02515/DISP: [0;32;31m[GetMetadata:109] <private> is not supported[m
09-28 17:52:49.552   879   879 E C01406/skia: RSBaseRenderUtil::DealWithSurfaceRotationAndGravity, GetSurfaceBufferOpaque:0
09-28 17:52:49.553   879   879 E C02515/DISP: [0;32;31m[GetMetadata:109] <private> is not supported[m
09-28 17:52:49.553   879   879 E C01406/skia: RSBaseRenderUtil::DealWithSurfaceRotationAndGravity, GetSurfaceBufferOpaque:0
09-28 17:52:49.553   879   879 E C02515/DISP: [0;32;31m[GetMetadata:109] <private> is not supported[m
09-28 17:52:49.555   879  1104 E C02515/DISP: [0;32;31m[SetMetadata:102] <private> is not supported[m
09-28 17:52:49.555   879  1104 E C02515/METADATA_SRV: [0;32;31m[SetMetadata:136]  fail[m
09-28 17:52:49.555   879  1104 E C01401/Bufferqueue: <surface_buffer_impl.cpp:714-SetMetadata>: SetMetadata Failed with -5
09-28 17:52:49.556   879  1104 E C01406/skia: SurfaceNodeDrawable DrawCommSurfaceWatermark Name:BackgroundBlurView2 Id:8465380540424 water mark count is zero
09-28 17:52:49.556   879  1104 E C01406/skia: RSBaseRenderUtil::DealWithSurfaceRotationAndGravity, GetSurfaceBufferOpaque:0
09-28 17:52:49.556   879  1104 I C01406/WRAP: AHardwareBuffer_createFromHandle index = <private> handle = <private>, ahb = <private>
09-28 17:52:49.557   879  1104 E C01406/skia: SurfaceNodeDrawable DrawCommSurfaceWatermark Name:AdapterActivityContent Id:59897613910019 water mark count is zero
09-28 17:52:49.557   879  1104 E C01406/skia: RSBaseRenderUtil::DealWithSurfaceRotationAndGravity, GetSurfaceBufferOpaque:0
09-28 17:52:49.557   879  1104 I C01406/WRAP: AHardwareBuffer_createFromHandle index = <private> handle = <private>, ahb = <private>
09-28 17:52:49.558   879  1104 E C01406/skia: SurfaceNodeDrawable DrawCommSurfaceWatermark Name:AdapterSurfaceView Id:59897613910020 water mark count is zero
09-28 17:52:49.558   879  1104 E C01406/skia: SurfaceNodeDrawable DrawCommSurfaceWatermark Name:com.a2hlab.bridge.zigzag/com.unity3d.player.UnityPlayerActivity Id:59897613910017 water mark count is zero
09-28 17:52:49.558   879  1104 E C01406/skia: SurfaceNodeDrawable DrawCommSurfaceWatermark Name:WindowScene_zigzag40 Id:8465380541336 water mark count is zero
09-28 17:52:49.559   879  1104 E C01406/skia: SurfaceNodeDrawable DrawCommSurfaceWatermark Name:SCBGestureNavBar13 Id:8465380540563 water mark count is zero
09-28 17:52:49.559   879  1104 E C01406/skia: SurfaceNodeDrawable DrawCommSurfaceWatermark Name:SCBStatusBar15 Id:8465380540646 water mark count is zero
09-28 17:52:49.561   879  1104 E C02515/DISP: [0;32;31m[GetMetadata:109] <private> is not supported[m
09-28 17:52:49.561   879  1104 E C02515/DISP: [0;32;31m[SetMetadata:102] <private> is not supported[m
09-28 17:52:49.561   879  1104 E C02515/METADATA_SRV: [0;32;31m[SetMetadata:136]  fail[m
09-28 17:52:49.561   879  1104 E C01401/Bufferqueue: <surface_buffer_impl.cpp:714-SetMetadata>: SetMetadata Failed with -5
09-28 17:52:49.561   879  1104 E C01406/skia: RSUniRenderComposerAdapter::SetBufferColorSpace set color space fail
09-28 17:52:49.567 13946 14169 I C00f00/OH_DER_VSync: onOhVsync ENTRY ts=<private> data=<private>
09-28 17:52:49.568 13946 14168 I C00f00/OH_DER_VSync: scheduleVsync ENTRY receiverPtr=0x<private>
09-28 17:52:49.568 13946 14168 I C00f00/OH_DER_VSync: scheduleVsync calling RequestFrame ohVsync=<private>
09-28 17:52:49.568 13946 14168 I C00f00/OH_DER_VSync: scheduleVsync RequestFrame rc=<private>
09-28 17:52:49.569   879  1223 E C02515/DISP: [0;32;31m[SetMetadata:102] <private> is not supported[m
09-28 17:52:49.569   879  1223 E C02515/METADATA_SRV: [0;32;31m[SetMetadata:136]  fail[m
09-28 17:52:49.569   879  1223 E C01401/Bufferqueue: <surface_buffer_impl.cpp:714-SetMetadata>: SetMetadata Failed with -5
09-28 17:52:49.571   797  4165 E C02515/DISP: [0;32;31m[SetLayerMaskInfo@display_composer_vdi_impl.cpp:404] <private> is not supported[m
09-28 17:52:49.571   879  1233 E C02515/DISP: [0;32;31m[SetMetadata:102] <private> is not supported[m
09-28 17:52:49.571   879  1233 E C02515/METADATA_SRV: [0;32;31m[SetMetadata:136]  fail[m
09-28 17:52:49.571   879  1233 E C01401/Bufferqueue: <surface_buffer_impl.cpp:714-SetMetadata>: SetMetadata Failed with -5
09-28 17:52:49.572   797  4165 E C02515/DISP: [0;32;31m[SetDisplayClientDamage@display_composer_vdi_impl.cpp:179] <private> is not supported[m
09-28 17:52:49.584 13946 14169 I C00f00/OH_DER_VSync: onOhVsync ENTRY ts=<private> data=<private>
09-28 17:52:49.584 13946 14168 I C00f00/OH_DER_VSync: scheduleVsync ENTRY receiverPtr=0x<private>
09-28 17:52:49.584 13946 14168 I C00f00/OH_DER_VSync: scheduleVsync calling RequestFrame ohVsync=<private>
09-28 17:52:49.584   879   879 E C02515/DISP: [0;32;31m[GetMetadata:109] <private> is not supported[m
09-28 17:52:49.584   879   879 E C02515/DISP: [0;32;31m[GetMetadata:109] <private> is not supported[m
09-28 17:52:49.584 13946 14168 I C00f00/OH_DER_VSync: scheduleVsync RequestFrame rc=<private>
09-28 17:52:49.585   879   879 E C02515/DISP: [0;32;31m[GetMetadata:109] <private> is not supported[m
09-28 17:52:49.586   879   879 E C01406/skia: RSBaseRenderUtil::DealWithSurfaceRotationAndGravity, GetSurfaceBufferOpaque:0
09-28 17:52:49.586   879   879 E C02515/DISP: [0;32;31m[GetMetadata:109] <private> is not supported[m
09-28 17:52:49.586   879   879 E C01406/skia: RSBaseRenderUtil::DealWithSurfaceRotationAndGravity, GetSurfaceBufferOpaque:0
09-28 17:52:49.586   879   879 E C02515/DISP: [0;32;31m[GetMetadata:109] <private> is not supported[m
09-28 17:52:49.587   613  1810 W C01f04/TelephonySubsystem: [GetSimAccountInfo-(multi_sim_controller.cpp:1079)] slotId 0 is invalid
09-28 17:52:49.587   613  1810 E C01f04/TelephonySubsystem: GetSimAccountInfo fail!
09-28 17:52:49.588   879  1104 E C02515/DISP: [0;32;31m[SetMetadata:102] <private> is not supported[m
09-28 17:52:49.588   879  1104 E C02515/METADATA_SRV: [0;32;31m[SetMetadata:136]  fail[m
09-28 17:52:49.588   879  1104 E C01401/Bufferqueue: <surface_buffer_impl.cpp:714-SetMetadata>: SetMetadata Failed with -5
09-28 17:52:49.589   879  1104 E C01406/skia: SurfaceNodeDrawable DrawCommSurfaceWatermark Name:BackgroundBlurView2 Id:8465380540424 water mark count is zero
09-28 17:52:49.589   879  1104 E C01406/skia: RSBaseRenderUtil::DealWithSurfaceRotationAndGravity, GetSurfaceBufferOpaque:0
09-28 17:52:49.590   879  1104 I C01406/WRAP: AHardwareBuffer_createFromHandle index = <private> handle = <private>, ahb = <private>
09-28 17:52:49.590   879  1104 E C01406/skia: SurfaceNodeDrawable DrawCommSurfaceWatermark Name:AdapterActivityContent Id:59897613910019 water mark count is zero
09-28 17:52:49.590   879  1104 E C01406/skia: RSBaseRenderUtil::DealWithSurfaceRotationAndGravity, GetSurfaceBufferOpaque:0
09-28 17:52:49.591   879  1104 I C01406/WRAP: AHardwareBuffer_createFromHandle index = <private> handle = <private>, ahb = <private>
09-28 17:52:49.591   879  1104 E C01406/skia: SurfaceNodeDrawable DrawCommSurfaceWatermark Name:AdapterSurfaceView Id:59897613910020 water mark count is zero
09-28 17:52:49.591   879  1104 E C01406/skia: SurfaceNodeDrawable DrawCommSurfaceWatermark Name:com.a2hlab.bridge.zigzag/com.unity3d.player.UnityPlayerActivity Id:59897613910017 water mark count is zero
09-28 17:52:49.591   879  1104 E C01406/skia: SurfaceNodeDrawable DrawCommSurfaceWatermark Name:WindowScene_zigzag40 Id:8465380541336 water mark count is zero
09-28 17:52:49.592   879  1104 E C01406/skia: SurfaceNodeDrawable DrawCommSurfaceWatermark Name:SCBGestureNavBar13 Id:8465380540563 water mark count is zero
09-28 17:52:49.592   879  1104 E C01406/skia: SurfaceNodeDrawable DrawCommSurfaceWatermark Name:SCBStatusBar15 Id:8465380540646 water mark count is zero
09-28 17:52:49.594   879  1104 E C02515/DISP: [0;32;31m[GetMetadata:109] <private> is not supported[m
09-28 17:52:49.594   879  1104 E C02515/DISP: [0;32;31m[SetMetadata:102] <private> is not supported[m
09-28 17:52:49.594   879  1104 E C02515/METADATA_SRV: [0;32;31m[SetMetadata:136]  fail[m
09-28 17:52:49.595   879  1104 E C01401/Bufferqueue: <surface_buffer_impl.cpp:714-SetMetadata>: SetMetadata Failed with -5
09-28 17:52:49.595   879  1104 E C01406/skia: RSUniRenderComposerAdapter::SetBufferColorSpace set color space fail
09-28 17:52:49.601 13946 14169 I C00f00/OH_DER_VSync: onOhVsync ENTRY ts=<private> data=<private>
09-28 17:52:49.601 13946 14168 I C00f00/OH_DER_VSync: scheduleVsync ENTRY receiverPtr=0x<private>
09-28 17:52:49.601 13946 14168 I C00f00/OH_DER_VSync: scheduleVsync calling RequestFrame ohVsync=<private>
09-28 17:52:49.601 13946 14168 I C00f00/OH_DER_VSync: scheduleVsync RequestFrame rc=<private>
09-28 17:52:49.602   879  1223 E C02515/DISP: [0;32;31m[SetMetadata:102] <private> is not supported[m
09-28 17:52:49.602   879  1223 E C02515/METADATA_SRV: [0;32;31m[SetMetadata:136]  fail[m
09-28 17:52:49.602   879  1223 E C01401/Bufferqueue: <surface_buffer_impl.cpp:714-SetMetadata>: SetMetadata Failed with -5
09-28 17:52:49.604   797  4165 E C02515/DISP: [0;32;31m[SetLayerMaskInfo@display_composer_vdi_impl.cpp:404] <private> is not supported[m
09-28 17:52:49.604   879  1233 E C02515/DISP: [0;32;31m[SetMetadata:102] <private> is not supported[m
09-28 17:52:49.604   879  1233 E C02515/METADATA_SRV: [0;32;31m[SetMetadata:136]  fail[m
09-28 17:52:49.604   879  1233 E C01401/Bufferqueue: <surface_buffer_impl.cpp:714-SetMetadata>: SetMetadata Failed with -5
09-28 17:52:49.605   797  4165 E C02515/DISP: [0;32;31m[SetDisplayClientDamage@display_composer_vdi_impl.cpp:179] <private> is not supported[m
09-28 17:52:49.612 13127 13127 E C02c11/APPSPAWN: [appspawn_kickdog.c:29]open /sys/kernel/hungtask/userlist fail,errno:2
09-28 17:52:49.617 13946 14169 I C00f00/OH_DER_VSync: onOhVsync ENTRY ts=<private> data=<private>
09-28 17:52:49.618 13946 14168 I C00f00/OH_DER_VSync: scheduleVsync ENTRY receiverPtr=0x<private>
09-28 17:52:49.618 13946 14168 I C00f00/OH_DER_VSync: scheduleVsync calling RequestFrame ohVsync=<private>
09-28 17:52:49.618   879   879 E C02515/DISP: [0;32;31m[GetMetadata:109] <private> is not supported[m
09-28 17:52:49.618 13946 14168 I C00f00/OH_DER_VSync: scheduleVsync RequestFrame rc=<private>
09-28 17:52:49.618   879   879 E C02515/DISP: [0;32;31m[GetMetadata:109] <private> is not supported[m
09-28 17:52:49.618   879   879 E C02515/DISP: [0;32;31m[GetMetadata:109] <private> is not supported[m
09-28 17:52:49.619   879   879 E C01406/skia: RSBaseRenderUtil::DealWithSurfaceRotationAndGravity, GetSurfaceBufferOpaque:0
09-28 17:52:49.619   879   879 E C02515/DISP: [0;32;31m[GetMetadata:109] <private> is not supported[m
09-28 17:52:49.619   879   879 E C01406/skia: RSBaseRenderUtil::DealWithSurfaceRotationAndGravity, GetSurfaceBufferOpaque:0
09-28 17:52:49.619   879   879 E C02515/DISP: [0;32;31m[GetMetadata:109] <private> is not supported[m
09-28 17:52:49.621   879  1104 E C02515/DISP: [0;32;31m[SetMetadata:102] <private> is not supported[m
09-28 17:52:49.621   879  1104 E C02515/METADATA_SRV: [0;32;31m[SetMetadata:136]  fail[m
09-28 17:52:49.621   879  1104 E C01401/Bufferqueue: <surface_buffer_impl.cpp:714-SetMetadata>: SetMetadata Failed with -5
09-28 17:52:49.622   879  1104 E C01406/skia: SurfaceNodeDrawable DrawCommSurfaceWatermark Name:BackgroundBlurView2 Id:8465380540424 water mark count is zero
09-28 17:52:49.622   879  1104 E C01406/skia: RSBaseRenderUtil::DealWithSurfaceRotationAndGravity, GetSurfaceBufferOpaque:0
09-28 17:52:49.622   879  1104 I C01406/WRAP: AHardwareBuffer_createFromHandle index = <private> handle = <private>, ahb = <private>
09-28 17:52:49.622   879  1104 E C01406/skia: SurfaceNodeDrawable DrawCommSurfaceWatermark Name:AdapterActivityContent Id:59897613910019 water mark count is zero
09-28 17:52:49.622   879  1104 E C01406/skia: RSBaseRenderUtil::DealWithSurfaceRotationAndGravity, GetSurfaceBufferOpaque:0
09-28 17:52:49.622   879  1104 I C01406/WRAP: AHardwareBuffer_createFromHandle index = <private> handle = <private>, ahb = <private>
09-28 17:52:49.623   879  1104 E C01406/skia: SurfaceNodeDrawable DrawCommSurfaceWatermark Name:AdapterSurfaceView Id:59897613910020 water mark count is zero
09-28 17:52:49.623   879  1104 E C01406/skia: SurfaceNodeDrawable DrawCommSurfaceWatermark Name:com.a2hlab.bridge.zigzag/com.unity3d.player.UnityPlayerActivity Id:59897613910017 water mark count is zero
09-28 17:52:49.623   879  1104 E C01406/skia: SurfaceNodeDrawable DrawCommSurfaceWatermark Name:WindowScene_zigzag40 Id:8465380541336 water mark count is zero
09-28 17:52:49.623   879  1104 E C01406/skia: SurfaceNodeDrawable DrawCommSurfaceWatermark Name:SCBGestureNavBar13 Id:8465380540563 water mark count is zero
09-28 17:52:49.623   879  1104 E C01406/skia: SurfaceNodeDrawable DrawCommSurfaceWatermark Name:SCBStatusBar15 Id:8465380540646 water mark count is zero
09-28 17:52:49.625   879  1104 E C02515/DISP: [0;32;31m[GetMetadata:109] <private> is not supported[m
09-28 17:52:49.625   879  1104 E C02515/DISP: [0;32;31m[SetMetadata:102] <private> is not supported[m
09-28 17:52:49.625   879  1104 E C02515/METADATA_SRV: [0;32;31m[SetMetadata:136]  fail[m
09-28 17:52:49.625   879  1104 E C01401/Bufferqueue: <surface_buffer_impl.cpp:714-SetMetadata>: SetMetadata Failed with -5
09-28 17:52:49.625   879  1104 E C01406/skia: RSUniRenderComposerAdapter::SetBufferColorSpace set color space fail
09-28 17:52:49.634 13946 14169 I C00f00/OH_DER_VSync: onOhVsync ENTRY ts=<private> data=<private>
09-28 17:52:49.634 13946 14168 I C00f00/OH_DER_VSync: scheduleVsync ENTRY receiverPtr=0x<private>
09-28 17:52:49.634 13946 14168 I C00f00/OH_DER_VSync: scheduleVsync calling RequestFrame ohVsync=<private>
09-28 17:52:49.635 13946 14168 I C00f00/OH_DER_VSync: scheduleVsync RequestFrame rc=<private>
09-28 17:52:49.636   879  1223 E C02515/DISP: [0;32;31m[SetMetadata:102] <private> is not supported[m
09-28 17:52:49.636   879  1223 E C02515/METADATA_SRV: [0;32;31m[SetMetadata:136]  fail[m
09-28 17:52:49.636   879  1223 E C01401/Bufferqueue: <surface_buffer_impl.cpp:714-SetMetadata>: SetMetadata Failed with -5
09-28 17:52:49.637   797  4165 E C02515/DISP: [0;32;31m[SetLayerMaskInfo@display_composer_vdi_impl.cpp:404] <private> is not supported[m
09-28 17:52:49.637   879  1233 E C02515/DISP: [0;32;31m[SetMetadata:102] <private> is not supported[m
09-28 17:52:49.637   879  1233 E C02515/METADATA_SRV: [0;32;31m[SetMetadata:136]  fail[m
09-28 17:52:49.637   879  1233 E C01401/Bufferqueue: <surface_buffer_impl.cpp:714-SetMetadata>: SetMetadata Failed with -5
09-28 17:52:49.638   797  4165 E C02515/DISP: [0;32;31m[SetDisplayClientDamage@display_composer_vdi_impl.cpp:179] <private> is not supported[m
09-28 17:52:49.651 13946 14169 I C00f00/OH_DER_VSync: onOhVsync ENTRY ts=<private> data=<private>
09-28 17:52:49.651   879   879 E C02515/DISP: [0;32;31m[GetMetadata:109] <private> is not supported[m
09-28 17:52:49.651   879   879 E C02515/DISP: [0;32;31m[GetMetadata:109] <private> is not supported[m
09-28 17:52:49.651   879   879 E C02515/DISP: [0;32;31m[GetMetadata:109] <private> is not supported[m
09-28 17:52:49.651 13946 14168 I C00f00/OH_DER_VSync: scheduleVsync ENTRY receiverPtr=0x<private>
09-28 17:52:49.651 13946 14168 I C00f00/OH_DER_VSync: scheduleVsync calling RequestFrame ohVsync=<private>
09-28 17:52:49.651 13946 14168 I C00f00/OH_DER_VSync: scheduleVsync RequestFrame rc=<private>
09-28 17:52:49.652   879   879 E C01406/skia: RSBaseRenderUtil::DealWithSurfaceRotationAndGravity, GetSurfaceBufferOpaque:0
09-28 17:52:49.652   879   879 E C02515/DISP: [0;32;31m[GetMetadata:109] <private> is not supported[m
09-28 17:52:49.652   879   879 E C01406/skia: RSBaseRenderUtil::DealWithSurfaceRotationAndGravity, GetSurfaceBufferOpaque:0
09-28 17:52:49.652   879   879 E C02515/DISP: [0;32;31m[GetMetadata:109] <private> is not supported[m
09-28 17:52:49.653   879  1104 E C02515/DISP: [0;32;31m[SetMetadata:102] <private> is not supported[m
09-28 17:52:49.653   879  1104 E C02515/METADATA_SRV: [0;32;31m[SetMetadata:136]  fail[m
09-28 17:52:49.653   879  1104 E C01401/Bufferqueue: <surface_buffer_impl.cpp:714-SetMetadata>: SetMetadata Failed with -5
09-28 17:52:49.653   879  1104 E C01406/skia: SurfaceNodeDrawable DrawCommSurfaceWatermark Name:BackgroundBlurView2 Id:8465380540424 water mark count is zero
09-28 17:52:49.653   879  1104 E C01406/skia: RSBaseRenderUtil::DealWithSurfaceRotationAndGravity, GetSurfaceBufferOpaque:0
09-28 17:52:49.653   879  1104 I C01406/WRAP: AHardwareBuffer_createFromHandle index = <private> handle = <private>, ahb = <private>
09-28 17:52:49.654   879  1104 E C01406/skia: SurfaceNodeDrawable DrawCommSurfaceWatermark Name:AdapterActivityContent Id:59897613910019 water mark count is zero
09-28 17:52:49.654   879  1104 E C01406/skia: RSBaseRenderUtil::DealWithSurfaceRotationAndGravity, GetSurfaceBufferOpaque:0
09-28 17:52:49.654   879  1104 I C01406/WRAP: AHardwareBuffer_createFromHandle index = <private> handle = <private>, ahb = <private>
09-28 17:52:49.654   879  1104 E C01406/skia: SurfaceNodeDrawable DrawCommSurfaceWatermark Name:AdapterSurfaceView Id:59897613910020 water mark count is zero
09-28 17:52:49.654   879  1104 E C01406/skia: SurfaceNodeDrawable DrawCommSurfaceWatermark Name:com.a2hlab.bridge.zigzag/com.unity3d.player.UnityPlayerActivity Id:59897613910017 water mark count is zero
09-28 17:52:49.654   879  1104 E C01406/skia: SurfaceNodeDrawable DrawCommSurfaceWatermark Name:WindowScene_zigzag40 Id:8465380541336 water mark count is zero
09-28 17:52:49.655   879  1104 E C01406/skia: SurfaceNodeDrawable DrawCommSurfaceWatermark Name:SCBGestureNavBar13 Id:8465380540563 water mark count is zero
09-28 17:52:49.655   879  1104 E C01406/skia: SurfaceNodeDrawable DrawCommSurfaceWatermark Name:SCBStatusBar15 Id:8465380540646 water mark count is zero
09-28 17:52:49.656   879  1104 E C02515/DISP: [0;32;31m[GetMetadata:109] <private> is not supported[m
09-28 17:52:49.656   879  1104 E C02515/DISP: [0;32;31m[SetMetadata:102] <private> is not supported[m
09-28 17:52:49.656   879  1104 E C02515/METADATA_SRV: [0;32;31m[SetMetadata:136]  fail[m
09-28 17:52:49.656   879  1104 E C01401/Bufferqueue: <surface_buffer_impl.cpp:714-SetMetadata>: SetMetadata Failed with -5
09-28 17:52:49.656   879  1104 E C01406/skia: RSUniRenderComposerAdapter::SetBufferColorSpace set color space fail
09-28 17:52:49.668 13946 14169 I C00f00/OH_DER_VSync: onOhVsync ENTRY ts=<private> data=<private>
09-28 17:52:49.668 13946 14168 I C00f00/OH_DER_VSync: scheduleVsync ENTRY receiverPtr=0x<private>
09-28 17:52:49.668 13946 14168 I C00f00/OH_DER_VSync: scheduleVsync calling RequestFrame ohVsync=<private>
09-28 17:52:49.668 13946 14168 I C00f00/OH_DER_VSync: scheduleVsync RequestFrame rc=<private>
09-28 17:52:49.670   879  1223 E C02515/DISP: [0;32;31m[SetMetadata:102] <private> is not supported[m
09-28 17:52:49.670   879  1223 E C02515/METADATA_SRV: [0;32;31m[SetMetadata:136]  fail[m
09-28 17:52:49.670   879  1223 E C01401/Bufferqueue: <surface_buffer_impl.cpp:714-SetMetadata>: SetMetadata Failed with -5
09-28 17:52:49.671   797  4165 E C02515/DISP: [0;32;31m[SetLayerMaskInfo@display_composer_vdi_impl.cpp:404] <private> is not supported[m
09-28 17:52:49.671   879  1233 E C02515/DISP: [0;32;31m[SetMetadata:102] <private> is not supported[m
09-28 17:52:49.671   879  1233 E C02515/METADATA_SRV: [0;32;31m[SetMetadata:136]  fail[m
09-28 17:52:49.671   879  1233 E C01401/Bufferqueue: <surface_buffer_impl.cpp:714-SetMetadata>: SetMetadata Failed with -5
09-28 17:52:49.672   797  4165 E C02515/DISP: [0;32;31m[SetDisplayClientDamage@display_composer_vdi_impl.cpp:179] <private> is not supported[m
09-28 17:52:49.684 13946 14169 I C00f00/OH_DER_VSync: onOhVsync ENTRY ts=<private> data=<private>
09-28 17:52:49.684 13946 14168 I C00f00/OH_DER_VSync: scheduleVsync ENTRY receiverPtr=0x<private>
09-28 17:52:49.684 13946 14168 I C00f00/OH_DER_VSync: scheduleVsync calling RequestFrame ohVsync=<private>
09-28 17:52:49.684   879   879 E C02515/DISP: [0;32;31m[GetMetadata:109] <private> is not supported[m
09-28 17:52:49.685 13946 14168 I C00f00/OH_DER_VSync: scheduleVsync RequestFrame rc=<private>
09-28 17:52:49.685   879   879 E C02515/DISP: [0;32;31m[GetMetadata:109] <private> is not supported[m
09-28 17:52:49.685   879   879 E C02515/DISP: [0;32;31m[GetMetadata:109] <private> is not supported[m
09-28 17:52:49.686   879   879 E C01406/skia: RSBaseRenderUtil::DealWithSurfaceRotationAndGravity, GetSurfaceBufferOpaque:0
09-28 17:52:49.686   879   879 E C02515/DISP: [0;32;31m[GetMetadata:109] <private> is not supported[m
09-28 17:52:49.686   879   879 E C01406/skia: RSBaseRenderUtil::DealWithSurfaceRotationAndGravity, GetSurfaceBufferOpaque:0
09-28 17:52:49.686   879   879 E C02515/DISP: [0;32;31m[GetMetadata:109] <private> is not supported[m
09-28 17:52:49.688   879  1104 E C02515/DISP: [0;32;31m[SetMetadata:102] <private> is not supported[m
09-28 17:52:49.688   879  1104 E C02515/METADATA_SRV: [0;32;31m[SetMetadata:136]  fail[m
09-28 17:52:49.688   879  1104 E C01401/Bufferqueue: <surface_buffer_impl.cpp:714-SetMetadata>: SetMetadata Failed with -5
09-28 17:52:49.688   879  1104 E C01406/skia: SurfaceNodeDrawable DrawCommSurfaceWatermark Name:BackgroundBlurView2 Id:8465380540424 water mark count is zero
09-28 17:52:49.688   879  1104 E C01406/skia: RSBaseRenderUtil::DealWithSurfaceRotationAndGravity, GetSurfaceBufferOpaque:0
09-28 17:52:49.689   879  1104 I C01406/WRAP: AHardwareBuffer_createFromHandle index = <private> handle = <private>, ahb = <private>
09-28 17:52:49.689   879  1104 E C01406/skia: SurfaceNodeDrawable DrawCommSurfaceWatermark Name:AdapterActivityContent Id:59897613910019 water mark count is zero
09-28 17:52:49.689   879  1104 E C01406/skia: RSBaseRenderUtil::DealWithSurfaceRotationAndGravity, GetSurfaceBufferOpaque:0
09-28 17:52:49.689   879  1104 I C01406/WRAP: AHardwareBuffer_createFromHandle index = <private> handle = <private>, ahb = <private>
09-28 17:52:49.689   879  1104 E C01406/skia: SurfaceNodeDrawable DrawCommSurfaceWatermark Name:AdapterSurfaceView Id:59897613910020 water mark count is zero
09-28 17:52:49.689   879  1104 E C01406/skia: SurfaceNodeDrawable DrawCommSurfaceWatermark Name:com.a2hlab.bridge.zigzag/com.unity3d.player.UnityPlayerActivity Id:59897613910017 water mark count is zero
09-28 17:52:49.689   879  1104 E C01406/skia: SurfaceNodeDrawable DrawCommSurfaceWatermark Name:WindowScene_zigzag40 Id:8465380541336 water mark count is zero
09-28 17:52:49.690   879  1104 E C01406/skia: SurfaceNodeDrawable DrawCommSurfaceWatermark Name:SCBGestureNavBar13 Id:8465380540563 water mark count is zero
09-28 17:52:49.690   879  1104 E C01406/skia: SurfaceNodeDrawable DrawCommSurfaceWatermark Name:SCBStatusBar15 Id:8465380540646 water mark count is zero
09-28 17:52:49.691   879  1104 E C02515/DISP: [0;32;31m[GetMetadata:109] <private> is not supported[m
09-28 17:52:49.691   879  1104 E C02515/DISP: [0;32;31m[SetMetadata:102] <private> is not supported[m
09-28 17:52:49.691   879  1104 E C02515/METADATA_SRV: [0;32;31m[SetMetadata:136]  fail[m
09-28 17:52:49.691   879  1104 E C01401/Bufferqueue: <surface_buffer_impl.cpp:714-SetMetadata>: SetMetadata Failed with -5
09-28 17:52:49.691   879  1104 E C01406/skia: RSUniRenderComposerAdapter::SetBufferColorSpace set color space fail
09-28 17:52:49.701 13946 14169 I C00f00/OH_DER_VSync: onOhVsync ENTRY ts=<private> data=<private>
09-28 17:52:49.701 13946 14168 I C00f00/OH_DER_VSync: scheduleVsync ENTRY receiverPtr=0x<private>
09-28 17:52:49.701 13946 14168 I C00f00/OH_DER_VSync: scheduleVsync calling RequestFrame ohVsync=<private>
09-28 17:52:49.701 13946 14168 I C00f00/OH_DER_VSync: scheduleVsync RequestFrame rc=<private>
09-28 17:52:49.703   879  1223 E C02515/DISP: [0;32;31m[SetMetadata:102] <private> is not supported[m
09-28 17:52:49.703   879  1223 E C02515/METADATA_SRV: [0;32;31m[SetMetadata:136]  fail[m
09-28 17:52:49.703   879  1223 E C01401/Bufferqueue: <surface_buffer_impl.cpp:714-SetMetadata>: SetMetadata Failed with -5
09-28 17:52:49.704   797  4165 E C02515/DISP: [0;32;31m[SetLayerMaskInfo@display_composer_vdi_impl.cpp:404] <private> is not supported[m
09-28 17:52:49.704   879  1233 E C02515/DISP: [0;32;31m[SetMetadata:102] <private> is not supported[m
09-28 17:52:49.704   879  1233 E C02515/METADATA_SRV: [0;32;31m[SetMetadata:136]  fail[m
09-28 17:52:49.704   879  1233 E C01401/Bufferqueue: <surface_buffer_impl.cpp:714-SetMetadata>: SetMetadata Failed with -5
09-28 17:52:49.705   797  4165 E C02515/DISP: [0;32;31m[SetDisplayClientDamage@display_composer_vdi_impl.cpp:179] <private> is not supported[m
09-28 17:52:49.718 13946 14169 I C00f00/OH_DER_VSync: onOhVsync ENTRY ts=<private> data=<private>
09-28 17:52:49.718 13946 14168 I C00f00/OH_DER_VSync: scheduleVsync ENTRY receiverPtr=0x<private>
09-28 17:52:49.718   879   879 E C02515/DISP: [0;32;31m[GetMetadata:109] <private> is not supported[m
09-28 17:52:49.718 13946 14168 I C00f00/OH_DER_VSync: scheduleVsync calling RequestFrame ohVsync=<private>
09-28 17:52:49.718   879   879 E C02515/DISP: [0;32;31m[GetMetadata:109] <private> is not supported[m
09-28 17:52:49.718 13946 14168 I C00f00/OH_DER_VSync: scheduleVsync RequestFrame rc=<private>
09-28 17:52:49.718   879   879 E C02515/DISP: [0;32;31m[GetMetadata:109] <private> is not supported[m
09-28 17:52:49.719   879   879 E C01406/skia: RSBaseRenderUtil::DealWithSurfaceRotationAndGravity, GetSurfaceBufferOpaque:0
09-28 17:52:49.719   879   879 E C02515/DISP: [0;32;31m[GetMetadata:109] <private> is not supported[m
09-28 17:52:49.719   879   879 E C01406/skia: RSBaseRenderUtil::DealWithSurfaceRotationAndGravity, GetSurfaceBufferOpaque:0
09-28 17:52:49.720   879   879 E C02515/DISP: [0;32;31m[GetMetadata:109] <private> is not supported[m
09-28 17:52:49.721   879  1104 E C02515/DISP: [0;32;31m[SetMetadata:102] <private> is not supported[m
09-28 17:52:49.721   879  1104 E C02515/METADATA_SRV: [0;32;31m[SetMetadata:136]  fail[m
09-28 17:52:49.721   879  1104 E C01401/Bufferqueue: <surface_buffer_impl.cpp:714-SetMetadata>: SetMetadata Failed with -5
09-28 17:52:49.722   879  1104 E C01406/skia: SurfaceNodeDrawable DrawCommSurfaceWatermark Name:BackgroundBlurView2 Id:8465380540424 water mark count is zero
09-28 17:52:49.722   879  1104 E C01406/skia: RSBaseRenderUtil::DealWithSurfaceRotationAndGravity, GetSurfaceBufferOpaque:0
09-28 17:52:49.722   879  1104 I C01406/WRAP: AHardwareBuffer_createFromHandle index = <private> handle = <private>, ahb = <private>
09-28 17:52:49.722   879  1104 E C01406/skia: SurfaceNodeDrawable DrawCommSurfaceWatermark Name:AdapterActivityContent Id:59897613910019 water mark count is zero
09-28 17:52:49.722   879  1104 E C01406/skia: RSBaseRenderUtil::DealWithSurfaceRotationAndGravity, GetSurfaceBufferOpaque:0
09-28 17:52:49.723   879  1104 I C01406/WRAP: AHardwareBuffer_createFromHandle index = <private> handle = <private>, ahb = <private>
09-28 17:52:49.723   879  1104 E C01406/skia: SurfaceNodeDrawable DrawCommSurfaceWatermark Name:AdapterSurfaceView Id:59897613910020 water mark count is zero
09-28 17:52:49.723   879  1104 E C01406/skia: SurfaceNodeDrawable DrawCommSurfaceWatermark Name:com.a2hlab.bridge.zigzag/com.unity3d.player.UnityPlayerActivity Id:59897613910017 water mark count is zero
09-28 17:52:49.723   879  1104 E C01406/skia: SurfaceNodeDrawable DrawCommSurfaceWatermark Name:WindowScene_zigzag40 Id:8465380541336 water mark count is zero
09-28 17:52:49.723   879  1104 E C01406/skia: SurfaceNodeDrawable DrawCommSurfaceWatermark Name:SCBGestureNavBar13 Id:8465380540563 water mark count is zero
09-28 17:52:49.723   879  1104 E C01406/skia: SurfaceNodeDrawable DrawCommSurfaceWatermark Name:SCBStatusBar15 Id:8465380540646 water mark count is zero
09-28 17:52:49.725   879  1104 E C02515/DISP: [0;32;31m[GetMetadata:109] <private> is not supported[m
09-28 17:52:49.725   879  1104 E C02515/DISP: [0;32;31m[SetMetadata:102] <private> is not supported[m
09-28 17:52:49.725   879  1104 E C02515/METADATA_SRV: [0;32;31m[SetMetadata:136]  fail[m
09-28 17:52:49.725   879  1104 E C01401/Bufferqueue: <surface_buffer_impl.cpp:714-SetMetadata>: SetMetadata Failed with -5
09-28 17:52:49.725   879  1104 E C01406/skia: RSUniRenderComposerAdapter::SetBufferColorSpace set color space fail
09-28 17:52:49.734 13946 14169 I C00f00/OH_DER_VSync: onOhVsync ENTRY ts=<private> data=<private>
09-28 17:52:49.734 13946 14168 I C00f00/OH_DER_VSync: scheduleVsync ENTRY receiverPtr=0x<private>
09-28 17:52:49.734 13946 14168 I C00f00/OH_DER_VSync: scheduleVsync calling RequestFrame ohVsync=<private>
09-28 17:52:49.735 13946 14168 I C00f00/OH_DER_VSync: scheduleVsync RequestFrame rc=<private>
09-28 17:52:49.737   797  4165 E C02515/DISP: [0;32;31m[SetLayerMaskInfo@display_composer_vdi_impl.cpp:404] <private> is not supported[m
09-28 17:52:49.737   879  1233 E C02515/DISP: [0;32;31m[SetMetadata:102] <private> is not supported[m
09-28 17:52:49.737   879  1233 E C02515/METADATA_SRV: [0;32;31m[SetMetadata:136]  fail[m
09-28 17:52:49.737   879  1233 E C01401/Bufferqueue: <surface_buffer_impl.cpp:714-SetMetadata>: SetMetadata Failed with -5
09-28 17:52:49.738   879  1223 E C02515/DISP: [0;32;31m[SetMetadata:102] <private> is not supported[m
09-28 17:52:49.738   879  1223 E C02515/METADATA_SRV: [0;32;31m[SetMetadata:136]  fail[m
09-28 17:52:49.739   879  1223 E C01401/Bufferqueue: <surface_buffer_impl.cpp:714-SetMetadata>: SetMetadata Failed with -5
09-28 17:52:49.739   797  4165 E C02515/DISP: [0;32;31m[SetDisplayClientDamage@display_composer_vdi_impl.cpp:179] <private> is not supported[m
09-28 17:52:49.751 13946 14169 I C00f00/OH_DER_VSync: onOhVsync ENTRY ts=<private> data=<private>
09-28 17:52:49.751 13946 14168 I C00f00/OH_DER_VSync: scheduleVsync ENTRY receiverPtr=0x<private>
09-28 17:52:49.751 13946 14168 I C00f00/OH_DER_VSync: scheduleVsync calling RequestFrame ohVsync=<private>
09-28 17:52:49.751   879   879 E C02515/DISP: [0;32;31m[GetMetadata:109] <private> is not supported[m
09-28 17:52:49.751 13946 14168 I C00f00/OH_DER_VSync: scheduleVsync RequestFrame rc=<private>
09-28 17:52:49.751   879   879 E C02515/DISP: [0;32;31m[GetMetadata:109] <private> is not supported[m
09-28 17:52:49.751   879   879 E C02515/DISP: [0;32;31m[GetMetadata:109] <private> is not supported[m
09-28 17:52:49.753   879   879 E C01406/skia: RSBaseRenderUtil::DealWithSurfaceRotationAndGravity, GetSurfaceBufferOpaque:0
09-28 17:52:49.753   879   879 E C02515/DISP: [0;32;31m[GetMetadata:109] <private> is not supported[m
09-28 17:52:49.753   879   879 E C01406/skia: RSBaseRenderUtil::DealWithSurfaceRotationAndGravity, GetSurfaceBufferOpaque:0
09-28 17:52:49.753   879   879 E C02515/DISP: [0;32;31m[GetMetadata:109] <private> is not supported[m
09-28 17:52:49.755   879  1104 E C02515/DISP: [0;32;31m[SetMetadata:102] <private> is not supported[m
09-28 17:52:49.755   879  1104 E C02515/METADATA_SRV: [0;32;31m[SetMetadata:136]  fail[m
09-28 17:52:49.755   879  1104 E C01401/Bufferqueue: <surface_buffer_impl.cpp:714-SetMetadata>: SetMetadata Failed with -5
09-28 17:52:49.755   879  1104 E C01406/skia: SurfaceNodeDrawable DrawCommSurfaceWatermark Name:BackgroundBlurView2 Id:8465380540424 water mark count is zero
09-28 17:52:49.755   879  1104 E C01406/skia: RSBaseRenderUtil::DealWithSurfaceRotationAndGravity, GetSurfaceBufferOpaque:0
09-28 17:52:49.755   879  1104 I C01406/WRAP: AHardwareBuffer_createFromHandle index = <private> handle = <private>, ahb = <private>
09-28 17:52:49.756   879  1104 E C01406/skia: SurfaceNodeDrawable DrawCommSurfaceWatermark Name:AdapterActivityContent Id:59897613910019 water mark count is zero
09-28 17:52:49.756   879  1104 E C01406/skia: RSBaseRenderUtil::DealWithSurfaceRotationAndGravity, GetSurfaceBufferOpaque:0
09-28 17:52:49.756   879  1104 I C01406/WRAP: AHardwareBuffer_createFromHandle index = <private> handle = <private>, ahb = <private>
09-28 17:52:49.756   879  1104 E C01406/skia: SurfaceNodeDrawable DrawCommSurfaceWatermark Name:AdapterSurfaceView Id:59897613910020 water mark count is zero
09-28 17:52:49.756   879  1104 E C01406/skia: SurfaceNodeDrawable DrawCommSurfaceWatermark Name:com.a2hlab.bridge.zigzag/com.unity3d.player.UnityPlayerActivity Id:59897613910017 water mark count is zero
09-28 17:52:49.756   879  1104 E C01406/skia: SurfaceNodeDrawable DrawCommSurfaceWatermark Name:WindowScene_zigzag40 Id:8465380541336 water mark count is zero
09-28 17:52:49.756   879  1104 E C01406/skia: SurfaceNodeDrawable DrawCommSurfaceWatermark Name:SCBGestureNavBar13 Id:8465380540563 water mark count is zero
09-28 17:52:49.756   879  1104 E C01406/skia: SurfaceNodeDrawable DrawCommSurfaceWatermark Name:SCBStatusBar15 Id:8465380540646 water mark count is zero
09-28 17:52:49.758   879  1104 E C02515/DISP: [0;32;31m[GetMetadata:109] <private> is not supported[m
09-28 17:52:49.758   879  1104 E C02515/DISP: [0;32;31m[SetMetadata:102] <private> is not supported[m
09-28 17:52:49.758   879  1104 E C02515/METADATA_SRV: [0;32;31m[SetMetadata:136]  fail[m
09-28 17:52:49.758   879  1104 E C01401/Bufferqueue: <surface_buffer_impl.cpp:714-SetMetadata>: SetMetadata Failed with -5
09-28 17:52:49.758   879  1104 E C01406/skia: RSUniRenderComposerAdapter::SetBufferColorSpace set color space fail
09-28 17:52:49.768 13946 14169 I C00f00/OH_DER_VSync: onOhVsync ENTRY ts=<private> data=<private>
09-28 17:52:49.768 13946 14168 I C00f00/OH_DER_VSync: scheduleVsync ENTRY receiverPtr=0x<private>
09-28 17:52:49.768 13946 14168 I C00f00/OH_DER_VSync: scheduleVsync calling RequestFrame ohVsync=<private>
09-28 17:52:49.768 13946 14168 I C00f00/OH_DER_VSync: scheduleVsync RequestFrame rc=<private>
09-28 17:52:49.770   879  1223 E C02515/DISP: [0;32;31m[SetMetadata:102] <private> is not supported[m
09-28 17:52:49.770   879  1223 E C02515/METADATA_SRV: [0;32;31m[SetMetadata:136]  fail[m
09-28 17:52:49.770   879  1223 E C01401/Bufferqueue: <surface_buffer_impl.cpp:714-SetMetadata>: SetMetadata Failed with -5
09-28 17:52:49.770   797  4165 E C02515/DISP: [0;32;31m[SetLayerMaskInfo@display_composer_vdi_impl.cpp:404] <private> is not supported[m
09-28 17:52:49.771   879  1233 E C02515/DISP: [0;32;31m[SetMetadata:102] <private> is not supported[m
09-28 17:52:49.771   879  1233 E C02515/METADATA_SRV: [0;32;31m[SetMetadata:136]  fail[m
09-28 17:52:49.771   879  1233 E C01401/Bufferqueue: <surface_buffer_impl.cpp:714-SetMetadata>: SetMetadata Failed with -5
09-28 17:52:49.771   797  4165 E C02515/DISP: [0;32;31m[SetDisplayClientDamage@display_composer_vdi_impl.cpp:179] <private> is not supported[m
09-28 17:52:49.784 13946 14169 I C00f00/OH_DER_VSync: onOhVsync ENTRY ts=<private> data=<private>
09-28 17:52:49.784 13946 14168 I C00f00/OH_DER_VSync: scheduleVsync ENTRY receiverPtr=0x<private>
09-28 17:52:49.784 13946 14168 I C00f00/OH_DER_VSync: scheduleVsync calling RequestFrame ohVsync=<private>
09-28 17:52:49.784   879   879 E C02515/DISP: [0;32;31m[GetMetadata:109] <private> is not supported[m
09-28 17:52:49.785 13946 14168 I C00f00/OH_DER_VSync: scheduleVsync RequestFrame rc=<private>
09-28 17:52:49.785   879   879 E C02515/DISP: [0;32;31m[GetMetadata:109] <private> is not supported[m
09-28 17:52:49.785   879   879 E C02515/DISP: [0;32;31m[GetMetadata:109] <private> is not supported[m
09-28 17:52:49.786   879   879 E C01406/skia: RSBaseRenderUtil::DealWithSurfaceRotationAndGravity, GetSurfaceBufferOpaque:0
09-28 17:52:49.786   879   879 E C02515/DISP: [0;32;31m[GetMetadata:109] <private> is not supported[m
09-28 17:52:49.786   879   879 E C01406/skia: RSBaseRenderUtil::DealWithSurfaceRotationAndGravity, GetSurfaceBufferOpaque:0
09-28 17:52:49.786   879   879 E C02515/DISP: [0;32;31m[GetMetadata:109] <private> is not supported[m
09-28 17:52:49.789   879  1104 E C02515/DISP: [0;32;31m[SetMetadata:102] <private> is not supported[m
09-28 17:52:49.789   879  1104 E C02515/METADATA_SRV: [0;32;31m[SetMetadata:136]  fail[m
09-28 17:52:49.789   879  1104 E C01401/Bufferqueue: <surface_buffer_impl.cpp:714-SetMetadata>: SetMetadata Failed with -5
09-28 17:52:49.789   879  1104 E C01406/skia: SurfaceNodeDrawable DrawCommSurfaceWatermark Name:BackgroundBlurView2 Id:8465380540424 water mark count is zero
09-28 17:52:49.790   879  1104 E C01406/skia: RSBaseRenderUtil::DealWithSurfaceRotationAndGravity, GetSurfaceBufferOpaque:0
09-28 17:52:49.790   879  1104 I C01406/WRAP: AHardwareBuffer_createFromHandle index = <private> handle = <private>, ahb = <private>
09-28 17:52:49.790   879  1104 E C01406/skia: SurfaceNodeDrawable DrawCommSurfaceWatermark Name:AdapterActivityContent Id:59897613910019 water mark count is zero
09-28 17:52:49.790   879  1104 E C01406/skia: RSBaseRenderUtil::DealWithSurfaceRotationAndGravity, GetSurfaceBufferOpaque:0
09-28 17:52:49.791   879  1104 I C01406/WRAP: AHardwareBuffer_createFromHandle index = <private> handle = <private>, ahb = <private>
09-28 17:52:49.791   879  1104 E C01406/skia: SurfaceNodeDrawable DrawCommSurfaceWatermark Name:AdapterSurfaceView Id:59897613910020 water mark count is zero
09-28 17:52:49.791   879  1104 E C01406/skia: SurfaceNodeDrawable DrawCommSurfaceWatermark Name:com.a2hlab.bridge.zigzag/com.unity3d.player.UnityPlayerActivity Id:59897613910017 water mark count is zero
09-28 17:52:49.791   879  1104 E C01406/skia: SurfaceNodeDrawable DrawCommSurfaceWatermark Name:WindowScene_zigzag40 Id:8465380541336 water mark count is zero
09-28 17:52:49.792   879  1104 E C01406/skia: SurfaceNodeDrawable DrawCommSurfaceWatermark Name:SCBGestureNavBar13 Id:8465380540563 water mark count is zero
09-28 17:52:49.792   879  1104 E C01406/skia: SurfaceNodeDrawable DrawCommSurfaceWatermark Name:SCBStatusBar15 Id:8465380540646 water mark count is zero
09-28 17:52:49.794   879  1104 E C02515/DISP: [0;32;31m[GetMetadata:109] <private> is not supported[m
09-28 17:52:49.794   879  1104 E C02515/DISP: [0;32;31m[SetMetadata:102] <private> is not supported[m
09-28 17:52:49.795   879  1104 E C02515/METADATA_SRV: [0;32;31m[SetMetadata:136]  fail[m
09-28 17:52:49.795   879  1104 E C01401/Bufferqueue: <surface_buffer_impl.cpp:714-SetMetadata>: SetMetadata Failed with -5
09-28 17:52:49.795   879  1104 E C01406/skia: RSUniRenderComposerAdapter::SetBufferColorSpace set color space fail
09-28 17:52:49.801 13946 14169 I C00f00/OH_DER_VSync: onOhVsync ENTRY ts=<private> data=<private>
09-28 17:52:49.801 13946 14168 I C00f00/OH_DER_VSync: scheduleVsync ENTRY receiverPtr=0x<private>
09-28 17:52:49.801 13946 14168 I C00f00/OH_DER_VSync: scheduleVsync calling RequestFrame ohVsync=<private>
09-28 17:52:49.801 13946 14168 I C00f00/OH_DER_VSync: scheduleVsync RequestFrame rc=<private>
09-28 17:52:49.803   879  1223 E C02515/DISP: [0;32;31m[SetMetadata:102] <private> is not supported[m
09-28 17:52:49.803   879  1223 E C02515/METADATA_SRV: [0;32;31m[SetMetadata:136]  fail[m
09-28 17:52:49.803   879  1223 E C01401/Bufferqueue: <surface_buffer_impl.cpp:714-SetMetadata>: SetMetadata Failed with -5
09-28 17:52:49.804   797  4165 E C02515/DISP: [0;32;31m[SetLayerMaskInfo@display_composer_vdi_impl.cpp:404] <private> is not supported[m
09-28 17:52:49.804   879  1233 E C02515/DISP: [0;32;31m[SetMetadata:102] <private> is not supported[m
09-28 17:52:49.804   879  1233 E C02515/METADATA_SRV: [0;32;31m[SetMetadata:136]  fail[m
09-28 17:52:49.804   879  1233 E C01401/Bufferqueue: <surface_buffer_impl.cpp:714-SetMetadata>: SetMetadata Failed with -5
09-28 17:52:49.805   797  4165 E C02515/DISP: [0;32;31m[SetDisplayClientDamage@display_composer_vdi_impl.cpp:179] <private> is not supported[m
09-28 17:52:49.818 13946 14169 I C00f00/OH_DER_VSync: onOhVsync ENTRY ts=<private> data=<private>
09-28 17:52:49.818 13946 14168 I C00f00/OH_DER_VSync: scheduleVsync ENTRY receiverPtr=0x<private>
09-28 17:52:49.818 13946 14168 I C00f00/OH_DER_VSync: scheduleVsync calling RequestFrame ohVsync=<private>
09-28 17:52:49.818   879   879 E C02515/DISP: [0;32;31m[GetMetadata:109] <private> is not supported[m
09-28 17:52:49.818   879   879 E C02515/DISP: [0;32;31m[GetMetadata:109] <private> is not supported[m
09-28 17:52:49.818 13946 14168 I C00f00/OH_DER_VSync: scheduleVsync RequestFrame rc=<private>
09-28 17:52:49.818   879   879 E C02515/DISP: [0;32;31m[GetMetadata:109] <private> is not supported[m
09-28 17:52:49.819   879   879 E C01406/skia: RSBaseRenderUtil::DealWithSurfaceRotationAndGravity, GetSurfaceBufferOpaque:0
09-28 17:52:49.819   879   879 E C02515/DISP: [0;32;31m[GetMetadata:109] <private> is not supported[m
09-28 17:52:49.819   879   879 E C01406/skia: RSBaseRenderUtil::DealWithSurfaceRotationAndGravity, GetSurfaceBufferOpaque:0
09-28 17:52:49.819   879   879 E C02515/DISP: [0;32;31m[GetMetadata:109] <private> is not supported[m
09-28 17:52:49.822   879  1104 E C02515/DISP: [0;32;31m[SetMetadata:102] <private> is not supported[m
09-28 17:52:49.822   879  1104 E C02515/METADATA_SRV: [0;32;31m[SetMetadata:136]  fail[m
09-28 17:52:49.822   879  1104 E C01401/Bufferqueue: <surface_buffer_impl.cpp:714-SetMetadata>: SetMetadata Failed with -5
09-28 17:52:49.822   879  1104 E C01406/skia: SurfaceNodeDrawable DrawCommSurfaceWatermark Name:BackgroundBlurView2 Id:8465380540424 water mark count is zero
09-28 17:52:49.823   879  1104 E C01406/skia: RSBaseRenderUtil::DealWithSurfaceRotationAndGravity, GetSurfaceBufferOpaque:0
09-28 17:52:49.823   879  1104 I C01406/WRAP: AHardwareBuffer_createFromHandle index = <private> handle = <private>, ahb = <private>
09-28 17:52:49.823   879  1104 E C01406/skia: SurfaceNodeDrawable DrawCommSurfaceWatermark Name:AdapterActivityContent Id:59897613910019 water mark count is zero
09-28 17:52:49.824   879  1104 E C01406/skia: RSBaseRenderUtil::DealWithSurfaceRotationAndGravity, GetSurfaceBufferOpaque:0
09-28 17:52:49.824   879  1104 I C01406/WRAP: AHardwareBuffer_createFromHandle index = <private> handle = <private>, ahb = <private>
09-28 17:52:49.824   879  1104 E C01406/skia: SurfaceNodeDrawable DrawCommSurfaceWatermark Name:AdapterSurfaceView Id:59897613910020 water mark count is zero
09-28 17:52:49.824   879  1104 E C01406/skia: SurfaceNodeDrawable DrawCommSurfaceWatermark Name:com.a2hlab.bridge.zigzag/com.unity3d.player.UnityPlayerActivity Id:59897613910017 water mark count is zero
09-28 17:52:49.824   879  1104 E C01406/skia: SurfaceNodeDrawable DrawCommSurfaceWatermark Name:WindowScene_zigzag40 Id:8465380541336 water mark count is zero
09-28 17:52:49.825   879  1104 E C01406/skia: SurfaceNodeDrawable DrawCommSurfaceWatermark Name:SCBGestureNavBar13 Id:8465380540563 water mark count is zero
09-28 17:52:49.826   879  1104 E C01406/skia: SurfaceNodeDrawable DrawCommSurfaceWatermark Name:SCBStatusBar15 Id:8465380540646 water mark count is zero
09-28 17:52:49.828   879  1104 E C02515/DISP: [0;32;31m[GetMetadata:109] <private> is not supported[m
09-28 17:52:49.828   879  1104 E C02515/DISP: [0;32;31m[SetMetadata:102] <private> is not supported[m
09-28 17:52:49.828   879  1104 E C02515/METADATA_SRV: [0;32;31m[SetMetadata:136]  fail[m
09-28 17:52:49.828   879  1104 E C01401/Bufferqueue: <surface_buffer_impl.cpp:714-SetMetadata>: SetMetadata Failed with -5
09-28 17:52:49.828   879  1104 E C01406/skia: RSUniRenderComposerAdapter::SetBufferColorSpace set color space fail
09-28 17:52:49.834 13946 14169 I C00f00/OH_DER_VSync: onOhVsync ENTRY ts=<private> data=<private>
09-28 17:52:49.834 13946 14168 I C00f00/OH_DER_VSync: scheduleVsync ENTRY receiverPtr=0x<private>
09-28 17:52:49.834 13946 14168 I C00f00/OH_DER_VSync: scheduleVsync calling RequestFrame ohVsync=<private>
09-28 17:52:49.835 13946 14168 I C00f00/OH_DER_VSync: scheduleVsync RequestFrame rc=<private>
09-28 17:52:49.836   879  1223 E C02515/DISP: [0;32;31m[SetMetadata:102] <private> is not supported[m
09-28 17:52:49.836   879  1223 E C02515/METADATA_SRV: [0;32;31m[SetMetadata:136]  fail[m
09-28 17:52:49.836   879  1223 E C01401/Bufferqueue: <surface_buffer_impl.cpp:714-SetMetadata>: SetMetadata Failed with -5
09-28 17:52:49.837   797  4165 E C02515/DISP: [0;32;31m[SetLayerMaskInfo@display_composer_vdi_impl.cpp:404] <private> is not supported[m
09-28 17:52:49.837   879  1233 E C02515/DISP: [0;32;31m[SetMetadata:102] <private> is not supported[m
09-28 17:52:49.837   879  1233 E C02515/METADATA_SRV: [0;32;31m[SetMetadata:136]  fail[m
09-28 17:52:49.837   879  1233 E C01401/Bufferqueue: <surface_buffer_impl.cpp:714-SetMetadata>: SetMetadata Failed with -5
09-28 17:52:49.838   797  4165 E C02515/DISP: [0;32;31m[SetDisplayClientDamage@display_composer_vdi_impl.cpp:179] <private> is not supported[m
09-28 17:52:49.851 13946 14169 I C00f00/OH_DER_VSync: onOhVsync ENTRY ts=<private> data=<private>
09-28 17:52:49.851 13946 14168 I C00f00/OH_DER_VSync: scheduleVsync ENTRY receiverPtr=0x<private>
09-28 17:52:49.851 13946 14168 I C00f00/OH_DER_VSync: scheduleVsync calling RequestFrame ohVsync=<private>
09-28 17:52:49.851   879   879 E C02515/DISP: [0;32;31m[GetMetadata:109] <private> is not supported[m
09-28 17:52:49.851 13946 14168 I C00f00/OH_DER_VSync: scheduleVsync RequestFrame rc=<private>
09-28 17:52:49.851   879   879 E C02515/DISP: [0;32;31m[GetMetadata:109] <private> is not supported[m
09-28 17:52:49.851   879   879 E C02515/DISP: [0;32;31m[GetMetadata:109] <private> is not supported[m
09-28 17:52:49.853   879   879 E C01406/skia: RSBaseRenderUtil::DealWithSurfaceRotationAndGravity, GetSurfaceBufferOpaque:0
09-28 17:52:49.853   879   879 E C02515/DISP: [0;32;31m[GetMetadata:109] <private> is not supported[m
09-28 17:52:49.853   879   879 E C01406/skia: RSBaseRenderUtil::DealWithSurfaceRotationAndGravity, GetSurfaceBufferOpaque:0
09-28 17:52:49.853   879   879 E C02515/DISP: [0;32;31m[GetMetadata:109] <private> is not supported[m
09-28 17:52:49.855   879  1104 E C02515/DISP: [0;32;31m[SetMetadata:102] <private> is not supported[m
09-28 17:52:49.855   879  1104 E C02515/METADATA_SRV: [0;32;31m[SetMetadata:136]  fail[m
09-28 17:52:49.855   879  1104 E C01401/Bufferqueue: <surface_buffer_impl.cpp:714-SetMetadata>: SetMetadata Failed with -5
09-28 17:52:49.856   879  1104 E C01406/skia: SurfaceNodeDrawable DrawCommSurfaceWatermark Name:BackgroundBlurView2 Id:8465380540424 water mark count is zero
09-28 17:52:49.856   879  1104 E C01406/skia: RSBaseRenderUtil::DealWithSurfaceRotationAndGravity, GetSurfaceBufferOpaque:0
09-28 17:52:49.857   879  1104 I C01406/WRAP: AHardwareBuffer_createFromHandle index = <private> handle = <private>, ahb = <private>
09-28 17:52:49.857   879  1104 E C01406/skia: SurfaceNodeDrawable DrawCommSurfaceWatermark Name:AdapterActivityContent Id:59897613910019 water mark count is zero
09-28 17:52:49.857   879  1104 E C01406/skia: RSBaseRenderUtil::DealWithSurfaceRotationAndGravity, GetSurfaceBufferOpaque:0
09-28 17:52:49.857   879  1104 I C01406/WRAP: AHardwareBuffer_createFromHandle index = <private> handle = <private>, ahb = <private>
09-28 17:52:49.858   879  1104 E C01406/skia: SurfaceNodeDrawable DrawCommSurfaceWatermark Name:AdapterSurfaceView Id:59897613910020 water mark count is zero
09-28 17:52:49.858   879  1104 E C01406/skia: SurfaceNodeDrawable DrawCommSurfaceWatermark Name:com.a2hlab.bridge.zigzag/com.unity3d.player.UnityPlayerActivity Id:59897613910017 water mark count is zero
09-28 17:52:49.858   879  1104 E C01406/skia: SurfaceNodeDrawable DrawCommSurfaceWatermark Name:WindowScene_zigzag40 Id:8465380541336 water mark count is zero
09-28 17:52:49.859   879  1104 E C01406/skia: SurfaceNodeDrawable DrawCommSurfaceWatermark Name:SCBGestureNavBar13 Id:8465380540563 water mark count is zero
09-28 17:52:49.859   879  1104 E C01406/skia: SurfaceNodeDrawable DrawCommSurfaceWatermark Name:SCBStatusBar15 Id:8465380540646 water mark count is zero
09-28 17:52:49.862   879  1104 E C02515/DISP: [0;32;31m[GetMetadata:109] <private> is not supported[m
09-28 17:52:49.862   879  1104 E C02515/DISP: [0;32;31m[SetMetadata:102] <private> is not supported[m
09-28 17:52:49.862   879  1104 E C02515/METADATA_SRV: [0;32;31m[SetMetadata:136]  fail[m
09-28 17:52:49.862   879  1104 E C01401/Bufferqueue: <surface_buffer_impl.cpp:714-SetMetadata>: SetMetadata Failed with -5
09-28 17:52:49.862   879  1104 E C01406/skia: RSUniRenderComposerAdapter::SetBufferColorSpace set color space fail
09-28 17:52:49.863   921  1220 I C02d13/HDC_LOG: [daemon.cpp:1142] FetchCommand channelId:801694389 command:1001
09-28 17:52:49.863   921  1220 I C02d13/HDC_LOG: [session.cpp:1652] New HTaskInfo cid:801694389 sid:252******606(L:10) command:1001
09-28 17:52:49.863   921  1220 I C02d13/HDC_LOG: [session.cpp:891] AdminTask add task type:0 cid:801694389 sid:252******606(L:10) mapsize:2
09-28 17:52:49.863   921  1220 I C02d13/HDC_LOG: [task.cpp:34] HdcTaskBase type:0 cid:801694389 sid:252******606(L:10)
09-28 17:52:49.863   921  1220 I C02d13/HDC_LOG: [daemon_unity.cpp:414] Unity CommandDispatch command:1001 cid:801694389 sid:252******606(L:10)
09-28 17:52:49.863   921  1220 W C02d13/HDC_LOG: [async_cmd.cpp:114] GetDevItem false key:persist.hdc.root
09-28 17:52:49.864   921 14661 I C02d13/HDC_LOG: [async_cmd.cpp:225] Popen pipe fds[pipeRead]:33 fds[pipeWrite]:34, mode 0
09-28 17:52:49.866   921  1220 I C02d13/HDC_LOG: [async_cmd.cpp:291] ExecuteCommand cmd:param get const.product.os.dist.apiname fd:33 pid:14662
09-28 17:52:49.866   921  1220 I C02d13/HDC_LOG: [daemon_unity.cpp:486] Unity CommandDispatch command:1001 finish cid:801694389 sid:252******606(L:10)
09-28 17:52:49.867 14662 14662 W C02d13/HDC_LOG: [async_cmd.cpp:140] SetSelinuxLabel con:u:r:su:s0 isRoot:0
09-28 17:52:49.868 13946 14169 I C00f00/OH_DER_VSync: onOhVsync ENTRY ts=<private> data=<private>
09-28 17:52:49.868 13946 14168 I C00f00/OH_DER_VSync: scheduleVsync ENTRY receiverPtr=0x<private>
09-28 17:52:49.868 13946 14168 I C00f00/OH_DER_VSync: scheduleVsync calling RequestFrame ohVsync=<private>
09-28 17:52:49.868 13946 14168 I C00f00/OH_DER_VSync: scheduleVsync RequestFrame rc=<private>
09-28 17:52:49.870   879  1223 E C02515/DISP: [0;32;31m[SetMetadata:102] <private> is not supported[m
09-28 17:52:49.870   879  1223 E C02515/METADATA_SRV: [0;32;31m[SetMetadata:136]  fail[m
09-28 17:52:49.870   879  1223 E C01401/Bufferqueue: <surface_buffer_impl.cpp:714-SetMetadata>: SetMetadata Failed with -5
09-28 17:52:49.871   797  4165 E C02515/DISP: [0;32;31m[SetLayerMaskInfo@display_composer_vdi_impl.cpp:404] <private> is not supported[m
09-28 17:52:49.871   879  1233 E C02515/DISP: [0;32;31m[SetMetadata:102] <private> is not supported[m
09-28 17:52:49.871   879  1233 E C02515/METADATA_SRV: [0;32;31m[SetMetadata:136]  fail[m
09-28 17:52:49.871   879  1233 E C01401/Bufferqueue: <surface_buffer_impl.cpp:714-SetMetadata>: SetMetadata Failed with -5
09-28 17:52:49.872   797  4165 E C02515/DISP: [0;32;31m[SetDisplayClientDamage@display_composer_vdi_impl.cpp:179] <private> is not supported[m
09-28 17:52:49.884 13946 14169 I C00f00/OH_DER_VSync: onOhVsync ENTRY ts=<private> data=<private>
09-28 17:52:49.885 13946 14168 I C00f00/OH_DER_VSync: scheduleVsync ENTRY receiverPtr=0x<private>
09-28 17:52:49.885   879   879 E C02515/DISP: [0;32;31m[GetMetadata:109] <private> is not supported[m
09-28 17:52:49.885 13946 14168 I C00f00/OH_DER_VSync: scheduleVsync calling RequestFrame ohVsync=<private>
09-28 17:52:49.885   879   879 E C02515/DISP: [0;32;31m[GetMetadata:109] <private> is not supported[m
09-28 17:52:49.885 13946 14168 I C00f00/OH_DER_VSync: scheduleVsync RequestFrame rc=<private>
09-28 17:52:49.885   879   879 E C02515/DISP: [0;32;31m[GetMetadata:109] <private> is not supported[m
09-28 17:52:49.886   879   879 E C01406/skia: RSBaseRenderUtil::DealWithSurfaceRotationAndGravity, GetSurfaceBufferOpaque:0
09-28 17:52:49.886   879   879 E C02515/DISP: [0;32;31m[GetMetadata:109] <private> is not supported[m
09-28 17:52:49.886   879   879 E C01406/skia: RSBaseRenderUtil::DealWithSurfaceRotationAndGravity, GetSurfaceBufferOpaque:0
09-28 17:52:49.886   879   879 E C02515/DISP: [0;32;31m[GetMetadata:109] <private> is not supported[m
09-28 17:52:49.888   879  1104 E C02515/DISP: [0;32;31m[SetMetadata:102] <private> is not supported[m
09-28 17:52:49.888   879  1104 E C02515/METADATA_SRV: [0;32;31m[SetMetadata:136]  fail[m
09-28 17:52:49.888   879  1104 E C01401/Bufferqueue: <surface_buffer_impl.cpp:714-SetMetadata>: SetMetadata Failed with -5
09-28 17:52:49.889   879  1104 E C01406/skia: SurfaceNodeDrawable DrawCommSurfaceWatermark Name:BackgroundBlurView2 Id:8465380540424 water mark count is zero
09-28 17:52:49.889   879  1104 E C01406/skia: RSBaseRenderUtil::DealWithSurfaceRotationAndGravity, GetSurfaceBufferOpaque:0
09-28 17:52:49.889   879  1104 I C01406/WRAP: AHardwareBuffer_createFromHandle index = <private> handle = <private>, ahb = <private>
09-28 17:52:49.889   879  1104 E C01406/skia: SurfaceNodeDrawable DrawCommSurfaceWatermark Name:AdapterActivityContent Id:59897613910019 water mark count is zero
09-28 17:52:49.889   879  1104 E C01406/skia: RSBaseRenderUtil::DealWithSurfaceRotationAndGravity, GetSurfaceBufferOpaque:0
09-28 17:52:49.889   879  1104 I C01406/WRAP: AHardwareBuffer_createFromHandle index = <private> handle = <private>, ahb = <private>
09-28 17:52:49.890   879  1104 E C01406/skia: SurfaceNodeDrawable DrawCommSurfaceWatermark Name:AdapterSurfaceView Id:59897613910020 water mark count is zero
09-28 17:52:49.890   879  1104 E C01406/skia: SurfaceNodeDrawable DrawCommSurfaceWatermark Name:com.a2hlab.bridge.zigzag/com.unity3d.player.UnityPlayerActivity Id:59897613910017 water mark count is zero
09-28 17:52:49.890   879  1104 E C01406/skia: SurfaceNodeDrawable DrawCommSurfaceWatermark Name:WindowScene_zigzag40 Id:8465380541336 water mark count is zero
09-28 17:52:49.890   879  1104 E C01406/skia: SurfaceNodeDrawable DrawCommSurfaceWatermark Name:SCBGestureNavBar13 Id:8465380540563 water mark count is zero
09-28 17:52:49.890   879  1104 E C01406/skia: SurfaceNodeDrawable DrawCommSurfaceWatermark Name:SCBStatusBar15 Id:8465380540646 water mark count is zero
09-28 17:52:49.893   879  1104 E C02515/DISP: [0;32;31m[GetMetadata:109] <private> is not supported[m
09-28 17:52:49.893   879  1104 E C02515/DISP: [0;32;31m[SetMetadata:102] <private> is not supported[m
09-28 17:52:49.893   879  1104 E C02515/METADATA_SRV: [0;32;31m[SetMetadata:136]  fail[m
09-28 17:52:49.893   879  1104 E C01401/Bufferqueue: <surface_buffer_impl.cpp:714-SetMetadata>: SetMetadata Failed with -5
09-28 17:52:49.893   879  1104 E C01406/skia: RSUniRenderComposerAdapter::SetBufferColorSpace set color space fail
09-28 17:52:49.899   921 14663 I C02d13/HDC_LOG: [async_cmd.cpp:88] FinishShellProc finish pipeRead fd:33 pid:14662 count:1
09-28 17:52:49.899   921 14663 I C02d13/HDC_LOG: [task.cpp:55] HdcTaskBase::TaskFinish notify begin type:0 cid:801694389 sid:252******606(L:10)
09-28 17:52:49.899   921 14663 I C02d13/HDC_LOG: [task.cpp:58] HdcTaskBase::TaskFinish notify end type:0 cid:801694389 sid:252******606(L:10)
09-28 17:52:49.900   921  1220 I C02d13/HDC_LOG: [daemon.cpp:1142] FetchCommand channelId:801694389 command:2
09-28 17:52:49.900   921  1220 W C02d13/HDC_LOG: [session.cpp:160] BeginRemoveTask taskType:0 channelId:801694389
09-28 17:52:49.900   921  1220 W C02d13/HDC_LOG: [session.cpp:190] ClearOwnTasks OP_CLEAR finish, sessionId:252******606(L:10) channelIDInput:801694389
09-28 17:52:49.900   921  1220 W C02d13/HDC_LOG: [session.cpp:115] taskClassDeleteRetry start clear task, taskType:0 cid:801694389 sid:252******606(L:10)
09-28 17:52:49.900   921  1220 I C02d13/HDC_LOG: [async_cmd.cpp:69] DoRelease rc:-3 pid:14662
09-28 17:52:49.900   921  1220 I C02d13/HDC_LOG: [session.cpp:126] TaskDelay task remove retry count 0/30, taskType:0 channelId:801694389, sessionId:252******606(L:10)
09-28 17:52:49.900   921  1220 I C02d13/HDC_LOG: [daemon_unity.cpp:31] ~HdcDaemonUnity cid:801694389 sid:252******606(L:10)
09-28 17:52:49.900   921  1220 I C02d13/HDC_LOG: [task.cpp:40] ~HdcTaskBase type:0 cid:801694389 sid:252******606(L:10)
09-28 17:52:49.900   921  1220 W C02d13/HDC_LOG: [session.cpp:134] TaskDelay task remove finish, channelId:801694389
09-28 17:52:49.900   921  1220 I C02d13/HDC_LOG: [base.cpp:969] before uv handle close, the uv handle type is 13
09-28 17:52:49.901 13946 14169 I C00f00/OH_DER_VSync: onOhVsync ENTRY ts=<private> data=<private>
09-28 17:52:49.901 13946 14168 I C00f00/OH_DER_VSync: scheduleVsync ENTRY receiverPtr=0x<private>
09-28 17:52:49.901 13946 14168 I C00f00/OH_DER_VSync: scheduleVsync calling RequestFrame ohVsync=<private>
09-28 17:52:49.901 13946 14168 I C00f00/OH_DER_VSync: scheduleVsync RequestFrame rc=<private>
09-28 17:52:49.903   879  1223 E C02515/DISP: [0;32;31m[SetMetadata:102] <private> is not supported[m
09-28 17:52:49.903   879  1223 E C02515/METADATA_SRV: [0;32;31m[SetMetadata:136]  fail[m
09-28 17:52:49.903   879  1223 E C01401/Bufferqueue: <surface_buffer_impl.cpp:714-SetMetadata>: SetMetadata Failed with -5
09-28 17:52:49.904   797  4165 E C02515/DISP: [0;32;31m[SetLayerMaskInfo@display_composer_vdi_impl.cpp:404] <private> is not supported[m
09-28 17:52:49.904   879  1233 E C02515/DISP: [0;32;31m[SetMetadata:102] <private> is not supported[m
09-28 17:52:49.904   879  1233 E C02515/METADATA_SRV: [0;32;31m[SetMetadata:136]  fail[m
09-28 17:52:49.904   879  1233 E C01401/Bufferqueue: <surface_buffer_impl.cpp:714-SetMetadata>: SetMetadata Failed with -5
09-28 17:52:49.905   797  4165 E C02515/DISP: [0;32;31m[SetDisplayClientDamage@display_composer_vdi_impl.cpp:179] <private> is not supported[m
09-28 17:52:49.906   921  1220 I C02d13/HDC_LOG: [daemon.cpp:1142] FetchCommand channelId:801694389 command:2
09-28 17:52:49.909   921  1220 I C02d13/HDC_LOG: [daemon.cpp:1142] FetchCommand channelId:674270349 command:1001
09-28 17:52:49.909   921  1220 I C02d13/HDC_LOG: [session.cpp:1652] New HTaskInfo cid:674270349 sid:252******606(L:10) command:1001
09-28 17:52:49.909   921  1220 I C02d13/HDC_LOG: [session.cpp:891] AdminTask add task type:0 cid:674270349 sid:252******606(L:10) mapsize:2
09-28 17:52:49.909   921  1220 I C02d13/HDC_LOG: [task.cpp:34] HdcTaskBase type:0 cid:674270349 sid:252******606(L:10)
09-28 17:52:49.909   921  1220 I C02d13/HDC_LOG: [daemon_unity.cpp:414] Unity CommandDispatch command:1001 cid:674270349 sid:252******606(L:10)
09-28 17:52:49.909   921  1220 W C02d13/HDC_LOG: [async_cmd.cpp:114] GetDevItem false key:persist.hdc.root
09-28 17:52:49.909   921 14664 I C02d13/HDC_LOG: [async_cmd.cpp:225] Popen pipe fds[pipeRead]:33 fds[pipeWrite]:34, mode 0
09-28 17:52:49.911   921  1220 I C02d13/HDC_LOG: [async_cmd.cpp:291] ExecuteCommand cmd:param get const.product.os.dist.apiname fd:33 pid:14665
09-28 17:52:49.911   921  1220 I C02d13/HDC_LOG: [daemon_unity.cpp:486] Unity CommandDispatch command:1001 finish cid:674270349 sid:252******606(L:10)
09-28 17:52:49.913 14665 14665 W C02d13/HDC_LOG: [async_cmd.cpp:140] SetSelinuxLabel con:u:r:su:s0 isRoot:0
09-28 17:52:49.918 13946 14169 I C00f00/OH_DER_VSync: onOhVsync ENTRY ts=<private> data=<private>
09-28 17:52:49.918 13946 14168 I C00f00/OH_DER_VSync: scheduleVsync ENTRY receiverPtr=0x<private>
09-28 17:52:49.918 13946 14168 I C00f00/OH_DER_VSync: scheduleVsync calling RequestFrame ohVsync=<private>
09-28 17:52:49.918   879   879 E C02515/DISP: [0;32;31m[GetMetadata:109] <private> is not supported[m
09-28 17:52:49.918   879   879 E C02515/DISP: [0;32;31m[GetMetadata:109] <private> is not supported[m
09-28 17:52:49.918 13946 14168 I C00f00/OH_DER_VSync: scheduleVsync RequestFrame rc=<private>
09-28 17:52:49.918   879   879 E C02515/DISP: [0;32;31m[GetMetadata:109] <private> is not supported[m
09-28 17:52:49.919   879   879 E C01406/skia: RSBaseRenderUtil::DealWithSurfaceRotationAndGravity, GetSurfaceBufferOpaque:0
09-28 17:52:49.919   879   879 E C02515/DISP: [0;32;31m[GetMetadata:109] <private> is not supported[m
09-28 17:52:49.919   879   879 E C01406/skia: RSBaseRenderUtil::DealWithSurfaceRotationAndGravity, GetSurfaceBufferOpaque:0
09-28 17:52:49.920   879   879 E C02515/DISP: [0;32;31m[GetMetadata:109] <private> is not supported[m
09-28 17:52:49.922   879  1104 E C02515/DISP: [0;32;31m[SetMetadata:102] <private> is not supported[m
09-28 17:52:49.922   879  1104 E C02515/METADATA_SRV: [0;32;31m[SetMetadata:136]  fail[m
09-28 17:52:49.922   879  1104 E C01401/Bufferqueue: <surface_buffer_impl.cpp:714-SetMetadata>: SetMetadata Failed with -5
09-28 17:52:49.923   879  1104 E C01406/skia: SurfaceNodeDrawable DrawCommSurfaceWatermark Name:BackgroundBlurView2 Id:8465380540424 water mark count is zero
09-28 17:52:49.923   879  1104 E C01406/skia: RSBaseRenderUtil::DealWithSurfaceRotationAndGravity, GetSurfaceBufferOpaque:0
09-28 17:52:49.923   879  1104 I C01406/WRAP: AHardwareBuffer_createFromHandle index = <private> handle = <private>, ahb = <private>
09-28 17:52:49.924   879  1104 E C01406/skia: SurfaceNodeDrawable DrawCommSurfaceWatermark Name:AdapterActivityContent Id:59897613910019 water mark count is zero
09-28 17:52:49.924   879  1104 E C01406/skia: RSBaseRenderUtil::DealWithSurfaceRotationAndGravity, GetSurfaceBufferOpaque:0
09-28 17:52:49.924   879  1104 I C01406/WRAP: AHardwareBuffer_createFromHandle index = <private> handle = <private>, ahb = <private>
09-28 17:52:49.925   879  1104 E C01406/skia: SurfaceNodeDrawable DrawCommSurfaceWatermark Name:AdapterSurfaceView Id:59897613910020 water mark count is zero
09-28 17:52:49.925   879  1104 E C01406/skia: SurfaceNodeDrawable DrawCommSurfaceWatermark Name:com.a2hlab.bridge.zigzag/com.unity3d.player.UnityPlayerActivity Id:59897613910017 water mark count is zero
09-28 17:52:49.925   879  1104 E C01406/skia: SurfaceNodeDrawable DrawCommSurfaceWatermark Name:WindowScene_zigzag40 Id:8465380541336 water mark count is zero
09-28 17:52:49.926   879  1104 E C01406/skia: SurfaceNodeDrawable DrawCommSurfaceWatermark Name:SCBGestureNavBar13 Id:8465380540563 water mark count is zero
09-28 17:52:49.926   879  1104 E C01406/skia: SurfaceNodeDrawable DrawCommSurfaceWatermark Name:SCBStatusBar15 Id:8465380540646 water mark count is zero
09-28 17:52:49.929   879  1104 E C02515/DISP: [0;32;31m[GetMetadata:109] <private> is not supported[m
09-28 17:52:49.929   879  1104 E C02515/DISP: [0;32;31m[SetMetadata:102] <private> is not supported[m
09-28 17:52:49.929   879  1104 E C02515/METADATA_SRV: [0;32;31m[SetMetadata:136]  fail[m
09-28 17:52:49.929   879  1104 E C01401/Bufferqueue: <surface_buffer_impl.cpp:714-SetMetadata>: SetMetadata Failed with -5
09-28 17:52:49.929   879  1104 E C01406/skia: RSUniRenderComposerAdapter::SetBufferColorSpace set color space fail
09-28 17:52:49.934 13946 14169 I C00f00/OH_DER_VSync: onOhVsync ENTRY ts=<private> data=<private>
09-28 17:52:49.935 13946 14168 I C00f00/OH_DER_VSync: scheduleVsync ENTRY receiverPtr=0x<private>
09-28 17:52:49.935 13946 14168 I C00f00/OH_DER_VSync: scheduleVsync calling RequestFrame ohVsync=<private>
09-28 17:52:49.935 13946 14168 I C00f00/OH_DER_VSync: scheduleVsync RequestFrame rc=<private>
09-28 17:52:49.936   879  1223 E C02515/DISP: [0;32;31m[SetMetadata:102] <private> is not supported[m
09-28 17:52:49.936   879  1223 E C02515/METADATA_SRV: [0;32;31m[SetMetadata:136]  fail[m
09-28 17:52:49.936   879  1223 E C01401/Bufferqueue: <surface_buffer_impl.cpp:714-SetMetadata>: SetMetadata Failed with -5
09-28 17:52:49.937   797  4165 E C02515/DISP: [0;32;31m[SetLayerMaskInfo@display_composer_vdi_impl.cpp:404] <private> is not supported[m
09-28 17:52:49.938   879  1233 E C02515/DISP: [0;32;31m[SetMetadata:102] <private> is not supported[m
09-28 17:52:49.938   879  1233 E C02515/METADATA_SRV: [0;32;31m[SetMetadata:136]  fail[m
09-28 17:52:49.938   879  1233 E C01401/Bufferqueue: <surface_buffer_impl.cpp:714-SetMetadata>: SetMetadata Failed with -5
09-28 17:52:49.938   797  4165 E C02515/DISP: [0;32;31m[SetDisplayClientDamage@display_composer_vdi_impl.cpp:179] <private> is not supported[m
09-28 17:52:49.951 13946 14169 I C00f00/OH_DER_VSync: onOhVsync ENTRY ts=<private> data=<private>
09-28 17:52:49.951   879   879 E C02515/DISP: [0;32;31m[GetMetadata:109] <private> is not supported[m
09-28 17:52:49.951   879   879 E C02515/DISP: [0;32;31m[GetMetadata:109] <private> is not supported[m
09-28 17:52:49.951   879   879 E C02515/DISP: [0;32;31m[GetMetadata:109] <private> is not supported[m
09-28 17:52:49.951 13946 14168 I C00f00/OH_DER_VSync: scheduleVsync ENTRY receiverPtr=0x<private>
09-28 17:52:49.951 13946 14168 I C00f00/OH_DER_VSync: scheduleVsync calling RequestFrame ohVsync=<private>
09-28 17:52:49.951 13946 14168 I C00f00/OH_DER_VSync: scheduleVsync RequestFrame rc=<private>
09-28 17:52:49.952   879   879 E C01406/skia: RSBaseRenderUtil::DealWithSurfaceRotationAndGravity, GetSurfaceBufferOpaque:0
09-28 17:52:49.952   879   879 E C02515/DISP: [0;32;31m[GetMetadata:109] <private> is not supported[m
09-28 17:52:49.952   879   879 E C01406/skia: RSBaseRenderUtil::DealWithSurfaceRotationAndGravity, GetSurfaceBufferOpaque:0
09-28 17:52:49.952   879   879 E C02515/DISP: [0;32;31m[GetMetadata:109] <private> is not supported[m
09-28 17:52:49.952   921 14666 I C02d13/HDC_LOG: [async_cmd.cpp:88] FinishShellProc finish pipeRead fd:33 pid:14665 count:1
09-28 17:52:49.952   921 14666 I C02d13/HDC_LOG: [task.cpp:55] HdcTaskBase::TaskFinish notify begin type:0 cid:674270349 sid:252******606(L:10)
09-28 17:52:49.953   921 14666 I C02d13/HDC_LOG: [task.cpp:58] HdcTaskBase::TaskFinish notify end type:0 cid:674270349 sid:252******606(L:10)
09-28 17:52:49.953   879  1104 E C02515/DISP: [0;32;31m[SetMetadata:102] <private> is not supported[m
09-28 17:52:49.953   879  1104 E C02515/METADATA_SRV: [0;32;31m[SetMetadata:136]  fail[m
09-28 17:52:49.953   879  1104 E C01401/Bufferqueue: <surface_buffer_impl.cpp:714-SetMetadata>: SetMetadata Failed with -5
09-28 17:52:49.954   879  1104 E C01406/skia: SurfaceNodeDrawable DrawCommSurfaceWatermark Name:BackgroundBlurView2 Id:8465380540424 water mark count is zero
09-28 17:52:49.954   879  1104 E C01406/skia: RSBaseRenderUtil::DealWithSurfaceRotationAndGravity, GetSurfaceBufferOpaque:0
09-28 17:52:49.954   879  1104 I C01406/WRAP: AHardwareBuffer_createFromHandle index = <private> handle = <private>, ahb = <private>
09-28 17:52:49.954   879  1104 E C01406/skia: SurfaceNodeDrawable DrawCommSurfaceWatermark Name:AdapterActivityContent Id:59897613910019 water mark count is zero
09-28 17:52:49.954   879  1104 E C01406/skia: RSBaseRenderUtil::DealWithSurfaceRotationAndGravity, GetSurfaceBufferOpaque:0
09-28 17:52:49.954   879  1104 I C01406/WRAP: AHardwareBuffer_createFromHandle index = <private> handle = <private>, ahb = <private>
09-28 17:52:49.955   879  1104 E C01406/skia: SurfaceNodeDrawable DrawCommSurfaceWatermark Name:AdapterSurfaceView Id:59897613910020 water mark count is zero
09-28 17:52:49.955   879  1104 E C01406/skia: SurfaceNodeDrawable DrawCommSurfaceWatermark Name:com.a2hlab.bridge.zigzag/com.unity3d.player.UnityPlayerActivity Id:59897613910017 water mark count is zero
09-28 17:52:49.955   879  1104 E C01406/skia: SurfaceNodeDrawable DrawCommSurfaceWatermark Name:WindowScene_zigzag40 Id:8465380541336 water mark count is zero
09-28 17:52:49.956   879  1104 E C01406/skia: SurfaceNodeDrawable DrawCommSurfaceWatermark Name:SCBGestureNavBar13 Id:8465380540563 water mark count is zero
09-28 17:52:49.956   879  1104 E C01406/skia: SurfaceNodeDrawable DrawCommSurfaceWatermark Name:SCBStatusBar15 Id:8465380540646 water mark count is zero
09-28 17:52:49.958   879  1104 E C02515/DISP: [0;32;31m[GetMetadata:109] <private> is not supported[m
09-28 17:52:49.959   879  1104 E C02515/DISP: [0;32;31m[SetMetadata:102] <private> is not supported[m
09-28 17:52:49.959   879  1104 E C02515/METADATA_SRV: [0;32;31m[SetMetadata:136]  fail[m
09-28 17:52:49.959   879  1104 E C01401/Bufferqueue: <surface_buffer_impl.cpp:714-SetMetadata>: SetMetadata Failed with -5
09-28 17:52:49.959   879  1104 E C01406/skia: RSUniRenderComposerAdapter::SetBufferColorSpace set color space fail
09-28 17:52:49.960   921  1220 I C02d13/HDC_LOG: [daemon.cpp:1142] FetchCommand channelId:674270349 command:2
09-28 17:52:49.960   921  1220 W C02d13/HDC_LOG: [session.cpp:160] BeginRemoveTask taskType:0 channelId:674270349
09-28 17:52:49.960   921  1220 W C02d13/HDC_LOG: [session.cpp:190] ClearOwnTasks OP_CLEAR finish, sessionId:252******606(L:10) channelIDInput:674270349
09-28 17:52:49.960   921  1220 W C02d13/HDC_LOG: [session.cpp:115] taskClassDeleteRetry start clear task, taskType:0 cid:674270349 sid:252******606(L:10)
09-28 17:52:49.960   921  1220 I C02d13/HDC_LOG: [async_cmd.cpp:69] DoRelease rc:-3 pid:14665
09-28 17:52:49.960   921  1220 I C02d13/HDC_LOG: [session.cpp:126] TaskDelay task remove retry count 0/30, taskType:0 channelId:674270349, sessionId:252******606(L:10)
09-28 17:52:49.960   921  1220 I C02d13/HDC_LOG: [daemon_unity.cpp:31] ~HdcDaemonUnity cid:674270349 sid:252******606(L:10)
09-28 17:52:49.960   921  1220 I C02d13/HDC_LOG: [task.cpp:40] ~HdcTaskBase type:0 cid:674270349 sid:252******606(L:10)
09-28 17:52:49.960   921  1220 W C02d13/HDC_LOG: [session.cpp:134] TaskDelay task remove finish, channelId:674270349
09-28 17:52:49.960   921  1220 I C02d13/HDC_LOG: [base.cpp:969] before uv handle close, the uv handle type is 13
09-28 17:52:49.960   921  1220 I C02d13/HDC_LOG: [daemon.cpp:1142] FetchCommand channelId:674270349 command:2
09-28 17:52:49.968 13946 14169 I C00f00/OH_DER_VSync: onOhVsync ENTRY ts=<private> data=<private>
09-28 17:52:49.968 13946 14168 I C00f00/OH_DER_VSync: scheduleVsync ENTRY receiverPtr=0x<private>
09-28 17:52:49.968 13946 14168 I C00f00/OH_DER_VSync: scheduleVsync calling RequestFrame ohVsync=<private>
09-28 17:52:49.968 13946 14168 I C00f00/OH_DER_VSync: scheduleVsync RequestFrame rc=<private>
09-28 17:52:49.970   879  1223 E C02515/DISP: [0;32;31m[SetMetadata:102] <private> is not supported[m
09-28 17:52:49.970   879  1223 E C02515/METADATA_SRV: [0;32;31m[SetMetadata:136]  fail[m
09-28 17:52:49.970   879  1223 E C01401/Bufferqueue: <surface_buffer_impl.cpp:714-SetMetadata>: SetMetadata Failed with -5
09-28 17:52:49.970   797  4165 E C02515/DISP: [0;32;31m[SetLayerMaskInfo@display_composer_vdi_impl.cpp:404] <private> is not supported[m
09-28 17:52:49.971   879  1233 E C02515/DISP: [0;32;31m[SetMetadata:102] <private> is not supported[m
09-28 17:52:49.971   879  1233 E C02515/METADATA_SRV: [0;32;31m[SetMetadata:136]  fail[m
09-28 17:52:49.971   879  1233 E C01401/Bufferqueue: <surface_buffer_impl.cpp:714-SetMetadata>: SetMetadata Failed with -5
09-28 17:52:49.972   797  4165 E C02515/DISP: [0;32;31m[SetDisplayClientDamage@display_composer_vdi_impl.cpp:179] <private> is not supported[m
09-28 17:52:49.985   879   879 E C02515/DISP: [0;32;31m[GetMetadata:109] <private> is not supported[m
09-28 17:52:49.985   879   879 E C02515/DISP: [0;32;31m[GetMetadata:109] <private> is not supported[m
09-28 17:52:49.985   879   879 E C02515/DISP: [0;32;31m[GetMetadata:109] <private> is not supported[m
09-28 17:52:49.985   879   879 E C01406/skia: RSBaseRenderUtil::DealWithSurfaceRotationAndGravity, GetSurfaceBufferOpaque:0
09-28 17:52:49.985   879   879 E C02515/DISP: [0;32;31m[GetMetadata:109] <private> is not supported[m
09-28 17:52:49.985   879   879 E C01406/skia: RSBaseRenderUtil::DealWithSurfaceRotationAndGravity, GetSurfaceBufferOpaque:0
09-28 17:52:49.985   879   879 E C02515/DISP: [0;32;31m[GetMetadata:109] <private> is not supported[m
09-28 17:52:49.986 13946 14169 I C00f00/OH_DER_VSync: onOhVsync ENTRY ts=<private> data=<private>
09-28 17:52:49.986 13946 14168 I C00f00/OH_DER_VSync: scheduleVsync ENTRY receiverPtr=0x<private>
09-28 17:52:49.986 13946 14168 I C00f00/OH_DER_VSync: scheduleVsync calling RequestFrame ohVsync=<private>
09-28 17:52:49.986   879  1104 E C02515/DISP: [0;32;31m[SetMetadata:102] <private> is not supported[m
09-28 17:52:49.986   879  1104 E C02515/METADATA_SRV: [0;32;31m[SetMetadata:136]  fail[m
09-28 17:52:49.986   879  1104 E C01401/Bufferqueue: <surface_buffer_impl.cpp:714-SetMetadata>: SetMetadata Failed with -5
09-28 17:52:49.987 13946 14168 I C00f00/OH_DER_VSync: scheduleVsync RequestFrame rc=<private>
09-28 17:52:49.987   879  1104 E C01406/skia: SurfaceNodeDrawable DrawCommSurfaceWatermark Name:BackgroundBlurView2 Id:8465380540424 water mark count is zero
09-28 17:52:49.987   879  1104 E C01406/skia: RSBaseRenderUtil::DealWithSurfaceRotationAndGravity, GetSurfaceBufferOpaque:0
09-28 17:52:49.987   879  1104 I C01406/WRAP: AHardwareBuffer_createFromHandle index = <private> handle = <private>, ahb = <private>
09-28 17:52:49.987   879  1104 E C01406/skia: SurfaceNodeDrawable DrawCommSurfaceWatermark Name:AdapterActivityContent Id:59897613910019 water mark count is zero
09-28 17:52:49.987   879  1104 E C01406/skia: RSBaseRenderUtil::DealWithSurfaceRotationAndGravity, GetSurfaceBufferOpaque:0
09-28 17:52:49.988   879  1104 I C01406/WRAP: AHardwareBuffer_createFromHandle index = <private> handle = <private>, ahb = <private>
09-28 17:52:49.988   879  1104 E C01406/skia: SurfaceNodeDrawable DrawCommSurfaceWatermark Name:AdapterSurfaceView Id:59897613910020 water mark count is zero
09-28 17:52:49.988   879  1104 E C01406/skia: SurfaceNodeDrawable DrawCommSurfaceWatermark Name:com.a2hlab.bridge.zigzag/com.unity3d.player.UnityPlayerActivity Id:59897613910017 water mark count is zero
09-28 17:52:49.988   879  1104 E C01406/skia: SurfaceNodeDrawable DrawCommSurfaceWatermark Name:WindowScene_zigzag40 Id:8465380541336 water mark count is zero
09-28 17:52:49.988   879  1104 E C01406/skia: SurfaceNodeDrawable DrawCommSurfaceWatermark Name:SCBGestureNavBar13 Id:8465380540563 water mark count is zero
09-28 17:52:49.988   879  1104 E C01406/skia: SurfaceNodeDrawable DrawCommSurfaceWatermark Name:SCBStatusBar15 Id:8465380540646 water mark count is zero
09-28 17:52:49.990   879  1104 E C02515/DISP: [0;32;31m[GetMetadata:109] <private> is not supported[m
09-28 17:52:49.990   879  1104 E C02515/DISP: [0;32;31m[SetMetadata:102] <private> is not supported[m
09-28 17:52:49.990   879  1104 E C02515/METADATA_SRV: [0;32;31m[SetMetadata:136]  fail[m
09-28 17:52:49.990   879  1104 E C01401/Bufferqueue: <surface_buffer_impl.cpp:714-SetMetadata>: SetMetadata Failed with -5
09-28 17:52:49.990   879  1104 E C01406/skia: RSUniRenderComposerAdapter::SetBufferColorSpace set color space fail
09-28 17:52:50.001   921  1220 I C02d13/HDC_LOG: [daemon.cpp:1142] FetchCommand channelId:2012449432 command:1001
09-28 17:52:50.001   921  1220 I C02d13/HDC_LOG: [session.cpp:1652] New HTaskInfo cid:2012449432 sid:252******606(L:10) command:1001
09-28 17:52:50.001   921  1220 I C02d13/HDC_LOG: [session.cpp:891] AdminTask add task type:0 cid:2012449432 sid:252******606(L:10) mapsize:2
09-28 17:52:50.001   921  1220 I C02d13/HDC_LOG: [task.cpp:34] HdcTaskBase type:0 cid:2012449432 sid:252******606(L:10)
09-28 17:52:50.001   921  1220 I C02d13/HDC_LOG: [daemon_unity.cpp:414] Unity CommandDispatch command:1001 cid:2012449432 sid:252******606(L:10)
09-28 17:52:50.001   921  1220 W C02d13/HDC_LOG: [async_cmd.cpp:114] GetDevItem false key:persist.hdc.root
09-28 17:52:50.001 13946 14169 I C00f00/OH_DER_VSync: onOhVsync ENTRY ts=<private> data=<private>
09-28 17:52:50.001 13946 14168 I C00f00/OH_DER_VSync: scheduleVsync ENTRY receiverPtr=0x<private>
09-28 17:52:50.001 13946 14168 I C00f00/OH_DER_VSync: scheduleVsync calling RequestFrame ohVsync=<private>
09-28 17:52:50.001   921 14667 I C02d13/HDC_LOG: [async_cmd.cpp:225] Popen pipe fds[pipeRead]:33 fds[pipeWrite]:34, mode 0
09-28 17:52:50.002 13946 14168 I C00f00/OH_DER_VSync: scheduleVsync RequestFrame rc=<private>
09-28 17:52:50.003   879  1223 E C02515/DISP: [0;32;31m[SetMetadata:102] <private> is not supported[m
09-28 17:52:50.003   879  1223 E C02515/METADATA_SRV: [0;32;31m[SetMetadata:136]  fail[m
09-28 17:52:50.003   879  1223 E C01401/Bufferqueue: <surface_buffer_impl.cpp:714-SetMetadata>: SetMetadata Failed with -5
09-28 17:52:50.004   797  4165 E C02515/DISP: [0;32;31m[SetLayerMaskInfo@display_composer_vdi_impl.cpp:404] <private> is not supported[m
09-28 17:52:50.004   879  1233 E C02515/DISP: [0;32;31m[SetMetadata:102] <private> is not supported[m
09-28 17:52:50.004   879  1233 E C02515/METADATA_SRV: [0;32;31m[SetMetadata:136]  fail[m
09-28 17:52:50.004   879  1233 E C01401/Bufferqueue: <surface_buffer_impl.cpp:714-SetMetadata>: SetMetadata Failed with -5
09-28 17:52:50.005   797  4165 E C02515/DISP: [0;32;31m[SetDisplayClientDamage@display_composer_vdi_impl.cpp:179] <private> is not supported[m
09-28 17:52:50.006   921  1220 I C02d13/HDC_LOG: [async_cmd.cpp:291] ExecuteCommand cmd:param get const.product.os.dist.apiname fd:33 pid:14668
09-28 17:52:50.006   921  1220 I C02d13/HDC_LOG: [daemon_unity.cpp:486] Unity CommandDispatch command:1001 finish cid:2012449432 sid:252******606(L:10)
09-28 17:52:50.007 14668 14668 W C02d13/HDC_LOG: [async_cmd.cpp:140] SetSelinuxLabel con:u:r:su:s0 isRoot:0
09-28 17:52:50.018 13946 14169 I C00f00/OH_DER_VSync: onOhVsync ENTRY ts=<private> data=<private>
09-28 17:52:50.018   879   879 E C02515/DISP: [0;32;31m[GetMetadata:109] <private> is not supported[m
09-28 17:52:50.018   879   879 E C02515/DISP: [0;32;31m[GetMetadata:109] <private> is not supported[m
09-28 17:52:50.018   879   879 E C02515/DISP: [0;32;31m[GetMetadata:109] <private> is not supported[m
09-28 17:52:50.018 13946 14168 I C00f00/OH_DER_VSync: scheduleVsync ENTRY receiverPtr=0x<private>
09-28 17:52:50.018 13946 14168 I C00f00/OH_DER_VSync: scheduleVsync calling RequestFrame ohVsync=<private>
09-28 17:52:50.018 13946 14168 I C00f00/OH_DER_VSync: scheduleVsync RequestFrame rc=<private>
09-28 17:52:50.019   879   879 E C01406/skia: RSBaseRenderUtil::DealWithSurfaceRotationAndGravity, GetSurfaceBufferOpaque:0
09-28 17:52:50.019   879   879 E C02515/DISP: [0;32;31m[GetMetadata:109] <private> is not supported[m
09-28 17:52:50.019   879   879 E C01406/skia: RSBaseRenderUtil::DealWithSurfaceRotationAndGravity, GetSurfaceBufferOpaque:0
09-28 17:52:50.019   879   879 E C02515/DISP: [0;32;31m[GetMetadata:109] <private> is not supported[m
09-28 17:52:50.020   879  1104 E C02515/DISP: [0;32;31m[SetMetadata:102] <private> is not supported[m
09-28 17:52:50.020   879  1104 E C02515/METADATA_SRV: [0;32;31m[SetMetadata:136]  fail[m
09-28 17:52:50.020   879  1104 E C01401/Bufferqueue: <surface_buffer_impl.cpp:714-SetMetadata>: SetMetadata Failed with -5
09-28 17:52:50.020   879  1104 E C01406/skia: SurfaceNodeDrawable DrawCommSurfaceWatermark Name:BackgroundBlurView2 Id:8465380540424 water mark count is zero
09-28 17:52:50.020   879  1104 E C01406/skia: RSBaseRenderUtil::DealWithSurfaceRotationAndGravity, GetSurfaceBufferOpaque:0
09-28 17:52:50.020   879  1104 I C01406/WRAP: AHardwareBuffer_createFromHandle index = <private> handle = <private>, ahb = <private>
09-28 17:52:50.021   879  1104 E C01406/skia: SurfaceNodeDrawable DrawCommSurfaceWatermark Name:AdapterActivityContent Id:59897613910019 water mark count is zero
09-28 17:52:50.021   879  1104 E C01406/skia: RSBaseRenderUtil::DealWithSurfaceRotationAndGravity, GetSurfaceBufferOpaque:0
09-28 17:52:50.021   879  1104 I C01406/WRAP: AHardwareBuffer_createFromHandle index = <private> handle = <private>, ahb = <private>
09-28 17:52:50.021   879  1104 E C01406/skia: SurfaceNodeDrawable DrawCommSurfaceWatermark Name:AdapterSurfaceView Id:59897613910020 water mark count is zero
09-28 17:52:50.021   879  1104 E C01406/skia: SurfaceNodeDrawable DrawCommSurfaceWatermark Name:com.a2hlab.bridge.zigzag/com.unity3d.player.UnityPlayerActivity Id:59897613910017 water mark count is zero
09-28 17:52:50.021   879  1104 E C01406/skia: SurfaceNodeDrawable DrawCommSurfaceWatermark Name:WindowScene_zigzag40 Id:8465380541336 water mark count is zero
09-28 17:52:50.022   879  1104 E C01406/skia: SurfaceNodeDrawable DrawCommSurfaceWatermark Name:SCBGestureNavBar13 Id:8465380540563 water mark count is zero
09-28 17:52:50.022   879  1104 E C01406/skia: SurfaceNodeDrawable DrawCommSurfaceWatermark Name:SCBStatusBar15 Id:8465380540646 water mark count is zero
09-28 17:52:50.023   879  1104 E C02515/DISP: [0;32;31m[GetMetadata:109] <private> is not supported[m
09-28 17:52:50.023   879  1104 E C02515/DISP: [0;32;31m[SetMetadata:102] <private> is not supported[m
09-28 17:52:50.023   879  1104 E C02515/METADATA_SRV: [0;32;31m[SetMetadata:136]  fail[m
09-28 17:52:50.023   879  1104 E C01401/Bufferqueue: <surface_buffer_impl.cpp:714-SetMetadata>: SetMetadata Failed with -5
09-28 17:52:50.023   879  1104 E C01406/skia: RSUniRenderComposerAdapter::SetBufferColorSpace set color space fail
09-28 17:52:50.034 13946 14169 I C00f00/OH_DER_VSync: onOhVsync ENTRY ts=<private> data=<private>
09-28 17:52:50.035 13946 14168 I C00f00/OH_DER_VSync: scheduleVsync ENTRY receiverPtr=0x<private>
09-28 17:52:50.035 13946 14168 I C00f00/OH_DER_VSync: scheduleVsync calling RequestFrame ohVsync=<private>
09-28 17:52:50.035 13946 14168 I C00f00/OH_DER_VSync: scheduleVsync RequestFrame rc=<private>
09-28 17:52:50.037   879  1223 E C02515/DISP: [0;32;31m[SetMetadata:102] <private> is not supported[m
09-28 17:52:50.037   879  1223 E C02515/METADATA_SRV: [0;32;31m[SetMetadata:136]  fail[m
09-28 17:52:50.037   879  1223 E C01401/Bufferqueue: <surface_buffer_impl.cpp:714-SetMetadata>: SetMetadata Failed with -5
09-28 17:52:50.038   797  4165 E C02515/DISP: [0;32;31m[SetLayerMaskInfo@display_composer_vdi_impl.cpp:404] <private> is not supported[m
09-28 17:52:50.038   879  1233 E C02515/DISP: [0;32;31m[SetMetadata:102] <private> is not supported[m
09-28 17:52:50.038   879  1233 E C02515/METADATA_SRV: [0;32;31m[SetMetadata:136]  fail[m
09-28 17:52:50.038   879  1233 E C01401/Bufferqueue: <surface_buffer_impl.cpp:714-SetMetadata>: SetMetadata Failed with -5
09-28 17:52:50.039   921 14669 I C02d13/HDC_LOG: [async_cmd.cpp:88] FinishShellProc finish pipeRead fd:33 pid:14668 count:1
09-28 17:52:50.039   921 14669 I C02d13/HDC_LOG: [task.cpp:55] HdcTaskBase::TaskFinish notify begin type:0 cid:2012449432 sid:252******606(L:10)
09-28 17:52:50.039   921 14669 I C02d13/HDC_LOG: [task.cpp:58] HdcTaskBase::TaskFinish notify end type:0 cid:2012449432 sid:252******606(L:10)
09-28 17:52:50.039   797  4165 E C02515/DISP: [0;32;31m[SetDisplayClientDamage@display_composer_vdi_impl.cpp:179] <private> is not supported[m
09-28 17:52:50.042   921  1220 I C02d13/HDC_LOG: [daemon.cpp:1142] FetchCommand channelId:2012449432 command:2
09-28 17:52:50.042   921  1220 W C02d13/HDC_LOG: [session.cpp:160] BeginRemoveTask taskType:0 channelId:2012449432
09-28 17:52:50.042   921  1220 W C02d13/HDC_LOG: [session.cpp:190] ClearOwnTasks OP_CLEAR finish, sessionId:252******606(L:10) channelIDInput:2012449432
09-28 17:52:50.042   921  1220 W C02d13/HDC_LOG: [session.cpp:115] taskClassDeleteRetry start clear task, taskType:0 cid:2012449432 sid:252******606(L:10)
09-28 17:52:50.042   921  1220 I C02d13/HDC_LOG: [async_cmd.cpp:69] DoRelease rc:-3 pid:14668
09-28 17:52:50.042   921  1220 I C02d13/HDC_LOG: [session.cpp:126] TaskDelay task remove retry count 0/30, taskType:0 channelId:2012449432, sessionId:252******606(L:10)
09-28 17:52:50.042   921  1220 I C02d13/HDC_LOG: [daemon_unity.cpp:31] ~HdcDaemonUnity cid:2012449432 sid:252******606(L:10)
09-28 17:52:50.042   921  1220 I C02d13/HDC_LOG: [task.cpp:40] ~HdcTaskBase type:0 cid:2012449432 sid:252******606(L:10)
09-28 17:52:50.042   921  1220 W C02d13/HDC_LOG: [session.cpp:134] TaskDelay task remove finish, channelId:2012449432
09-28 17:52:50.042   921  1220 I C02d13/HDC_LOG: [base.cpp:969] before uv handle close, the uv handle type is 13
09-28 17:52:50.047   921  1220 I C02d13/HDC_LOG: [daemon.cpp:1142] FetchCommand channelId:2012449432 command:2
09-28 17:52:50.051 13946 14169 I C00f00/OH_DER_VSync: onOhVsync ENTRY ts=<private> data=<private>
09-28 17:52:50.051 13946 14168 I C00f00/OH_DER_VSync: scheduleVsync ENTRY receiverPtr=0x<private>
09-28 17:52:50.051 13946 14168 I C00f00/OH_DER_VSync: scheduleVsync calling RequestFrame ohVsync=<private>
09-28 17:52:50.051   879   879 E C02515/DISP: [0;32;31m[GetMetadata:109] <private> is not supported[m
09-28 17:52:50.052 13946 14168 I C00f00/OH_DER_VSync: scheduleVsync RequestFrame rc=<private>
09-28 17:52:50.052   879   879 E C02515/DISP: [0;32;31m[GetMetadata:109] <private> is not supported[m
09-28 17:52:50.052   879   879 E C02515/DISP: [0;32;31m[GetMetadata:109] <private> is not supported[m
09-28 17:52:50.053   879   879 E C01406/skia: RSBaseRenderUtil::DealWithSurfaceRotationAndGravity, GetSurfaceBufferOpaque:0
09-28 17:52:50.053   879   879 E C02515/DISP: [0;32;31m[GetMetadata:109] <private> is not supported[m
09-28 17:52:50.053   879   879 E C01406/skia: RSBaseRenderUtil::DealWithSurfaceRotationAndGravity, GetSurfaceBufferOpaque:0
09-28 17:52:50.053   879   879 E C02515/DISP: [0;32;31m[GetMetadata:109] <private> is not supported[m
09-28 17:52:50.055   879  1104 E C02515/DISP: [0;32;31m[SetMetadata:102] <private> is not supported[m
09-28 17:52:50.055   879  1104 E C02515/METADATA_SRV: [0;32;31m[SetMetadata:136]  fail[m
09-28 17:52:50.055   879  1104 E C01401/Bufferqueue: <surface_buffer_impl.cpp:714-SetMetadata>: SetMetadata Failed with -5
09-28 17:52:50.055   879  1104 E C01406/skia: SurfaceNodeDrawable DrawCommSurfaceWatermark Name:BackgroundBlurView2 Id:8465380540424 water mark count is zero
09-28 17:52:50.055   879  1104 E C01406/skia: RSBaseRenderUtil::DealWithSurfaceRotationAndGravity, GetSurfaceBufferOpaque:0
09-28 17:52:50.056   879  1104 I C01406/WRAP: AHardwareBuffer_createFromHandle index = <private> handle = <private>, ahb = <private>
09-28 17:52:50.056   879  1104 E C01406/skia: SurfaceNodeDrawable DrawCommSurfaceWatermark Name:AdapterActivityContent Id:59897613910019 water mark count is zero
09-28 17:52:50.056   879  1104 E C01406/skia: RSBaseRenderUtil::DealWithSurfaceRotationAndGravity, GetSurfaceBufferOpaque:0
09-28 17:52:50.056   879  1104 I C01406/WRAP: AHardwareBuffer_createFromHandle index = <private> handle = <private>, ahb = <private>
09-28 17:52:50.056   879  1104 E C01406/skia: SurfaceNodeDrawable DrawCommSurfaceWatermark Name:AdapterSurfaceView Id:59897613910020 water mark count is zero
09-28 17:52:50.056   879  1104 E C01406/skia: SurfaceNodeDrawable DrawCommSurfaceWatermark Name:com.a2hlab.bridge.zigzag/com.unity3d.player.UnityPlayerActivity Id:59897613910017 water mark count is zero
09-28 17:52:50.056   879  1104 E C01406/skia: SurfaceNodeDrawable DrawCommSurfaceWatermark Name:WindowScene_zigzag40 Id:8465380541336 water mark count is zero
09-28 17:52:50.057   879  1104 E C01406/skia: SurfaceNodeDrawable DrawCommSurfaceWatermark Name:SCBGestureNavBar13 Id:8465380540563 water mark count is zero
09-28 17:52:50.057   879  1104 E C01406/skia: SurfaceNodeDrawable DrawCommSurfaceWatermark Name:SCBStatusBar15 Id:8465380540646 water mark count is zero
09-28 17:52:50.058   879  1104 E C02515/DISP: [0;32;31m[GetMetadata:109] <private> is not supported[m
09-28 17:52:50.058   879  1104 E C02515/DISP: [0;32;31m[SetMetadata:102] <private> is not supported[m
09-28 17:52:50.058   879  1104 E C02515/METADATA_SRV: [0;32;31m[SetMetadata:136]  fail[m
09-28 17:52:50.058   879  1104 E C01401/Bufferqueue: <surface_buffer_impl.cpp:714-SetMetadata>: SetMetadata Failed with -5
09-28 17:52:50.058   879  1104 E C01406/skia: RSUniRenderComposerAdapter::SetBufferColorSpace set color space fail
09-28 17:52:50.068 13946 14169 I C00f00/OH_DER_VSync: onOhVsync ENTRY ts=<private> data=<private>
09-28 17:52:50.068 13946 14168 I C00f00/OH_DER_VSync: scheduleVsync ENTRY receiverPtr=0x<private>
09-28 17:52:50.068 13946 14168 I C00f00/OH_DER_VSync: scheduleVsync calling RequestFrame ohVsync=<private>
09-28 17:52:50.068 13946 14168 I C00f00/OH_DER_VSync: scheduleVsync RequestFrame rc=<private>
09-28 17:52:50.070   879  1223 E C02515/DISP: [0;32;31m[SetMetadata:102] <private> is not supported[m
09-28 17:52:50.070   879  1223 E C02515/METADATA_SRV: [0;32;31m[SetMetadata:136]  fail[m
09-28 17:52:50.070   879  1223 E C01401/Bufferqueue: <surface_buffer_impl.cpp:714-SetMetadata>: SetMetadata Failed with -5
09-28 17:52:50.071   797  4165 E C02515/DISP: [0;32;31m[SetLayerMaskInfo@display_composer_vdi_impl.cpp:404] <private> is not supported[m
09-28 17:52:50.071   879  1233 E C02515/DISP: [0;32;31m[SetMetadata:102] <private> is not supported[m
09-28 17:52:50.071   879  1233 E C02515/METADATA_SRV: [0;32;31m[SetMetadata:136]  fail[m
09-28 17:52:50.071   879  1233 E C01401/Bufferqueue: <surface_buffer_impl.cpp:714-SetMetadata>: SetMetadata Failed with -5
09-28 17:52:50.072   797  4165 E C02515/DISP: [0;32;31m[SetDisplayClientDamage@display_composer_vdi_impl.cpp:179] <private> is not supported[m
09-28 17:52:50.085   879   879 E C02515/DISP: [0;32;31m[GetMetadata:109] <private> is not supported[m
09-28 17:52:50.085   879   879 E C02515/DISP: [0;32;31m[GetMetadata:109] <private> is not supported[m
09-28 17:52:50.085   879   879 E C02515/DISP: [0;32;31m[GetMetadata:109] <private> is not supported[m
09-28 17:52:50.085   879   879 E C01406/skia: RSBaseRenderUtil::DealWithSurfaceRotationAndGravity, GetSurfaceBufferOpaque:0
09-28 17:52:50.085   879   879 E C02515/DISP: [0;32;31m[GetMetadata:109] <private> is not supported[m
09-28 17:52:50.085   879   879 E C01406/skia: RSBaseRenderUtil::DealWithSurfaceRotationAndGravity, GetSurfaceBufferOpaque:0
09-28 17:52:50.085   879   879 E C02515/DISP: [0;32;31m[GetMetadata:109] <private> is not supported[m
09-28 17:52:50.086 13946 14169 I C00f00/OH_DER_VSync: onOhVsync ENTRY ts=<private> data=<private>
09-28 17:52:50.086 13946 14168 I C00f00/OH_DER_VSync: scheduleVsync ENTRY receiverPtr=0x<private>
09-28 17:52:50.086 13946 14168 I C00f00/OH_DER_VSync: scheduleVsync calling RequestFrame ohVsync=<private>
09-28 17:52:50.086   879  1104 E C02515/DISP: [0;32;31m[SetMetadata:102] <private> is not supported[m
09-28 17:52:50.086   879  1104 E C02515/METADATA_SRV: [0;32;31m[SetMetadata:136]  fail[m
09-28 17:52:50.086 13946 14168 I C00f00/OH_DER_VSync: scheduleVsync RequestFrame rc=<private>
09-28 17:52:50.086   879  1104 E C01401/Bufferqueue: <surface_buffer_impl.cpp:714-SetMetadata>: SetMetadata Failed with -5
09-28 17:52:50.087   879  1104 E C01406/skia: SurfaceNodeDrawable DrawCommSurfaceWatermark Name:BackgroundBlurView2 Id:8465380540424 water mark count is zero
09-28 17:52:50.087   879  1104 E C01406/skia: RSBaseRenderUtil::DealWithSurfaceRotationAndGravity, GetSurfaceBufferOpaque:0
09-28 17:52:50.087   879  1104 I C01406/WRAP: AHardwareBuffer_createFromHandle index = <private> handle = <private>, ahb = <private>
09-28 17:52:50.087   879  1104 E C01406/skia: SurfaceNodeDrawable DrawCommSurfaceWatermark Name:AdapterActivityContent Id:59897613910019 water mark count is zero
09-28 17:52:50.087   879  1104 E C01406/skia: RSBaseRenderUtil::DealWithSurfaceRotationAndGravity, GetSurfaceBufferOpaque:0
09-28 17:52:50.088   879  1104 I C01406/WRAP: AHardwareBuffer_createFromHandle index = <private> handle = <private>, ahb = <private>
09-28 17:52:50.088   879  1104 E C01406/skia: SurfaceNodeDrawable DrawCommSurfaceWatermark Name:AdapterSurfaceView Id:59897613910020 water mark count is zero
09-28 17:52:50.088   879  1104 E C01406/skia: SurfaceNodeDrawable DrawCommSurfaceWatermark Name:com.a2hlab.bridge.zigzag/com.unity3d.player.UnityPlayerActivity Id:59897613910017 water mark count is zero
09-28 17:52:50.088   879  1104 E C01406/skia: SurfaceNodeDrawable DrawCommSurfaceWatermark Name:WindowScene_zigzag40 Id:8465380541336 water mark count is zero
09-28 17:52:50.088   879  1104 E C01406/skia: SurfaceNodeDrawable DrawCommSurfaceWatermark Name:SCBGestureNavBar13 Id:8465380540563 water mark count is zero
09-28 17:52:50.088   879  1104 E C01406/skia: SurfaceNodeDrawable DrawCommSurfaceWatermark Name:SCBStatusBar15 Id:8465380540646 water mark count is zero
09-28 17:52:50.090   879  1104 E C02515/DISP: [0;32;31m[GetMetadata:109] <private> is not supported[m
09-28 17:52:50.090   879  1104 E C02515/DISP: [0;32;31m[SetMetadata:102] <private> is not supported[m
09-28 17:52:50.090   879  1104 E C02515/METADATA_SRV: [0;32;31m[SetMetadata:136]  fail[m
09-28 17:52:50.090   879  1104 E C01401/Bufferqueue: <surface_buffer_impl.cpp:714-SetMetadata>: SetMetadata Failed with -5
09-28 17:52:50.090   879  1104 E C01406/skia: RSUniRenderComposerAdapter::SetBufferColorSpace set color space fail
09-28 17:52:50.092   921  1220 I C02d13/HDC_LOG: [daemon.cpp:1142] FetchCommand channelId:1301566765 command:1001
09-28 17:52:50.092   921  1220 I C02d13/HDC_LOG: [session.cpp:1652] New HTaskInfo cid:1301566765 sid:252******606(L:10) command:1001
09-28 17:52:50.092   921  1220 I C02d13/HDC_LOG: [session.cpp:891] AdminTask add task type:0 cid:1301566765 sid:252******606(L:10) mapsize:2
09-28 17:52:50.092   921  1220 I C02d13/HDC_LOG: [task.cpp:34] HdcTaskBase type:0 cid:1301566765 sid:252******606(L:10)
09-28 17:52:50.092   921  1220 I C02d13/HDC_LOG: [daemon_unity.cpp:414] Unity CommandDispatch command:1001 cid:1301566765 sid:252******606(L:10)
09-28 17:52:50.092   921  1220 W C02d13/HDC_LOG: [async_cmd.cpp:114] GetDevItem false key:persist.hdc.root
09-28 17:52:50.093   921 14670 I C02d13/HDC_LOG: [async_cmd.cpp:225] Popen pipe fds[pipeRead]:33 fds[pipeWrite]:34, mode 0
09-28 17:52:50.094   921  1220 I C02d13/HDC_LOG: [async_cmd.cpp:291] ExecuteCommand cmd:param get const.product.os.dist.apiname fd:33 pid:14671
09-28 17:52:50.095   921  1220 I C02d13/HDC_LOG: [daemon_unity.cpp:486] Unity CommandDispatch command:1001 finish cid:1301566765 sid:252******606(L:10)
09-28 17:52:50.096 14671 14671 W C02d13/HDC_LOG: [async_cmd.cpp:140] SetSelinuxLabel con:u:r:su:s0 isRoot:0
09-28 17:52:50.101 13946 14169 I C00f00/OH_DER_VSync: onOhVsync ENTRY ts=<private> data=<private>
09-28 17:52:50.101 13946 14168 I C00f00/OH_DER_VSync: scheduleVsync ENTRY receiverPtr=0x<private>
09-28 17:52:50.101 13946 14168 I C00f00/OH_DER_VSync: scheduleVsync calling RequestFrame ohVsync=<private>
09-28 17:52:50.102 13946 14168 I C00f00/OH_DER_VSync: scheduleVsync RequestFrame rc=<private>
09-28 17:52:50.103 13946 13985 I C00f00/appspawn-x: [<private>:<private>] <private>
09-28 17:52:50.103   879  1223 E C02515/DISP: [0;32;31m[SetMetadata:102] <private> is not supported[m
09-28 17:52:50.103   879  1223 E C02515/METADATA_SRV: [0;32;31m[SetMetadata:136]  fail[m
09-28 17:52:50.103   879  1223 E C01401/Bufferqueue: <surface_buffer_impl.cpp:714-SetMetadata>: SetMetadata Failed with -5
09-28 17:52:50.105   797  4165 E C02515/DISP: [0;32;31m[SetLayerMaskInfo@display_composer_vdi_impl.cpp:404] <private> is not supported[m
09-28 17:52:50.105   879  1233 E C02515/DISP: [0;32;31m[SetMetadata:102] <private> is not supported[m
09-28 17:52:50.105   879  1233 E C02515/METADATA_SRV: [0;32;31m[SetMetadata:136]  fail[m
09-28 17:52:50.105   879  1233 E C01401/Bufferqueue: <surface_buffer_impl.cpp:714-SetMetadata>: SetMetadata Failed with -5
09-28 17:52:50.106   797  4165 E C02515/DISP: [0;32;31m[SetDisplayClientDamage@display_composer_vdi_impl.cpp:179] <private> is not supported[m
09-28 17:52:50.118   879   879 E C02515/DISP: [0;32;31m[GetMetadata:109] <private> is not supported[m
09-28 17:52:50.118   879   879 E C02515/DISP: [0;32;31m[GetMetadata:109] <private> is not supported[m
09-28 17:52:50.118   879   879 E C02515/DISP: [0;32;31m[GetMetadata:109] <private> is not supported[m
09-28 17:52:50.119   879   879 E C01406/skia: RSBaseRenderUtil::DealWithSurfaceRotationAndGravity, GetSurfaceBufferOpaque:0
09-28 17:52:50.119   879   879 E C02515/DISP: [0;32;31m[GetMetadata:109] <private> is not supported[m
09-28 17:52:50.119   879   879 E C01406/skia: RSBaseRenderUtil::DealWithSurfaceRotationAndGravity, GetSurfaceBufferOpaque:0
09-28 17:52:50.119   879   879 E C02515/DISP: [0;32;31m[GetMetadata:109] <private> is not supported[m
09-28 17:52:50.119 13946 14169 I C00f00/OH_DER_VSync: onOhVsync ENTRY ts=<private> data=<private>
09-28 17:52:50.120 13946 14168 I C00f00/OH_DER_VSync: scheduleVsync ENTRY receiverPtr=0x<private>
09-28 17:52:50.120 13946 14168 I C00f00/OH_DER_VSync: scheduleVsync calling RequestFrame ohVsync=<private>
09-28 17:52:50.120   879  1104 E C02515/DISP: [0;32;31m[SetMetadata:102] <private> is not supported[m
09-28 17:52:50.120   879  1104 E C02515/METADATA_SRV: [0;32;31m[SetMetadata:136]  fail[m
09-28 17:52:50.120   879  1104 E C01401/Bufferqueue: <surface_buffer_impl.cpp:714-SetMetadata>: SetMetadata Failed with -5
09-28 17:52:50.120 13946 14168 I C00f00/OH_DER_VSync: scheduleVsync RequestFrame rc=<private>
09-28 17:52:50.120   879  1104 E C01406/skia: SurfaceNodeDrawable DrawCommSurfaceWatermark Name:BackgroundBlurView2 Id:8465380540424 water mark count is zero
09-28 17:52:50.120   879  1104 E C01406/skia: RSBaseRenderUtil::DealWithSurfaceRotationAndGravity, GetSurfaceBufferOpaque:0
09-28 17:52:50.121   879  1104 I C01406/WRAP: AHardwareBuffer_createFromHandle index = <private> handle = <private>, ahb = <private>
09-28 17:52:50.121   879  1104 E C01406/skia: SurfaceNodeDrawable DrawCommSurfaceWatermark Name:AdapterActivityContent Id:59897613910019 water mark count is zero
09-28 17:52:50.121   879  1104 E C01406/skia: RSBaseRenderUtil::DealWithSurfaceRotationAndGravity, GetSurfaceBufferOpaque:0
09-28 17:52:50.121   879  1104 I C01406/WRAP: AHardwareBuffer_createFromHandle index = <private> handle = <private>, ahb = <private>
09-28 17:52:50.121   879  1104 E C01406/skia: SurfaceNodeDrawable DrawCommSurfaceWatermark Name:AdapterSurfaceView Id:59897613910020 water mark count is zero
09-28 17:52:50.121   879  1104 E C01406/skia: SurfaceNodeDrawable DrawCommSurfaceWatermark Name:com.a2hlab.bridge.zigzag/com.unity3d.player.UnityPlayerActivity Id:59897613910017 water mark count is zero
09-28 17:52:50.121   879  1104 E C01406/skia: SurfaceNodeDrawable DrawCommSurfaceWatermark Name:WindowScene_zigzag40 Id:8465380541336 water mark count is zero
09-28 17:52:50.122   879  1104 E C01406/skia: SurfaceNodeDrawable DrawCommSurfaceWatermark Name:SCBGestureNavBar13 Id:8465380540563 water mark count is zero
09-28 17:52:50.122   879  1104 E C01406/skia: SurfaceNodeDrawable DrawCommSurfaceWatermark Name:SCBStatusBar15 Id:8465380540646 water mark count is zero
09-28 17:52:50.123   879  1104 E C02515/DISP: [0;32;31m[GetMetadata:109] <private> is not supported[m
09-28 17:52:50.123   879  1104 E C02515/DISP: [0;32;31m[SetMetadata:102] <private> is not supported[m
09-28 17:52:50.123   879  1104 E C02515/METADATA_SRV: [0;32;31m[SetMetadata:136]  fail[m
09-28 17:52:50.123   879  1104 E C01401/Bufferqueue: <surface_buffer_impl.cpp:714-SetMetadata>: SetMetadata Failed with -5
09-28 17:52:50.123   879  1104 E C01406/skia: RSUniRenderComposerAdapter::SetBufferColorSpace set color space fail
09-28 17:52:50.133   921 14672 I C02d13/HDC_LOG: [async_cmd.cpp:88] FinishShellProc finish pipeRead fd:33 pid:14671 count:1
09-28 17:52:50.133   921 14672 I C02d13/HDC_LOG: [task.cpp:55] HdcTaskBase::TaskFinish notify begin type:0 cid:1301566765 sid:252******606(L:10)
09-28 17:52:50.133   921 14672 I C02d13/HDC_LOG: [task.cpp:58] HdcTaskBase::TaskFinish notify end type:0 cid:1301566765 sid:252******606(L:10)
09-28 17:52:50.135 13946 14169 I C00f00/OH_DER_VSync: onOhVsync ENTRY ts=<private> data=<private>
09-28 17:52:50.135 13946 14168 I C00f00/OH_DER_VSync: scheduleVsync ENTRY receiverPtr=0x<private>
09-28 17:52:50.135 13946 14168 I C00f00/OH_DER_VSync: scheduleVsync calling RequestFrame ohVsync=<private>
09-28 17:52:50.135 13946 14168 I C00f00/OH_DER_VSync: scheduleVsync RequestFrame rc=<private>
09-28 17:52:50.135   921  1220 I C02d13/HDC_LOG: [daemon.cpp:1142] FetchCommand channelId:1301566765 command:2
09-28 17:52:50.135   921  1220 W C02d13/HDC_LOG: [session.cpp:160] BeginRemoveTask taskType:0 channelId:1301566765
09-28 17:52:50.135   921  1220 W C02d13/HDC_LOG: [session.cpp:190] ClearOwnTasks OP_CLEAR finish, sessionId:252******606(L:10) channelIDInput:1301566765
09-28 17:52:50.136   921  1220 W C02d13/HDC_LOG: [session.cpp:115] taskClassDeleteRetry start clear task, taskType:0 cid:1301566765 sid:252******606(L:10)
09-28 17:52:50.136   921  1220 I C02d13/HDC_LOG: [async_cmd.cpp:69] DoRelease rc:-3 pid:14671
09-28 17:52:50.136   921  1220 I C02d13/HDC_LOG: [session.cpp:126] TaskDelay task remove retry count 0/30, taskType:0 channelId:1301566765, sessionId:252******606(L:10)
09-28 17:52:50.136   921  1220 I C02d13/HDC_LOG: [daemon_unity.cpp:31] ~HdcDaemonUnity cid:1301566765 sid:252******606(L:10)
09-28 17:52:50.136   921  1220 I C02d13/HDC_LOG: [task.cpp:40] ~HdcTaskBase type:0 cid:1301566765 sid:252******606(L:10)
09-28 17:52:50.136   921  1220 W C02d13/HDC_LOG: [session.cpp:134] TaskDelay task remove finish, channelId:1301566765
09-28 17:52:50.136   921  1220 I C02d13/HDC_LOG: [base.cpp:969] before uv handle close, the uv handle type is 13
09-28 17:52:50.137   879  1223 E C02515/DISP: [0;32;31m[SetMetadata:102] <private> is not supported[m
09-28 17:52:50.137   879  1223 E C02515/METADATA_SRV: [0;32;31m[SetMetadata:136]  fail[m
09-28 17:52:50.137   879  1223 E C01401/Bufferqueue: <surface_buffer_impl.cpp:714-SetMetadata>: SetMetadata Failed with -5
09-28 17:52:50.137   797  4165 E C02515/DISP: [0;32;31m[SetLayerMaskInfo@display_composer_vdi_impl.cpp:404] <private> is not supported[m
09-28 17:52:50.137   879  1233 E C02515/DISP: [0;32;31m[SetMetadata:102] <private> is not supported[m
09-28 17:52:50.137   879  1233 E C02515/METADATA_SRV: [0;32;31m[SetMetadata:136]  fail[m
09-28 17:52:50.137   879  1233 E C01401/Bufferqueue: <surface_buffer_impl.cpp:714-SetMetadata>: SetMetadata Failed with -5
09-28 17:52:50.138   797  4165 E C02515/DISP: [0;32;31m[SetDisplayClientDamage@display_composer_vdi_impl.cpp:179] <private> is not supported[m
09-28 17:52:50.140   921  1220 I C02d13/HDC_LOG: [daemon.cpp:1142] FetchCommand channelId:1301566765 command:2
09-28 17:52:50.141   921  1220 I C02d13/HDC_LOG: [daemon.cpp:1142] FetchCommand channelId:963526518 command:1001
09-28 17:52:50.141   921  1220 I C02d13/HDC_LOG: [session.cpp:1652] New HTaskInfo cid:963526518 sid:252******606(L:10) command:1001
09-28 17:52:50.141   921  1220 I C02d13/HDC_LOG: [session.cpp:891] AdminTask add task type:0 cid:963526518 sid:252******606(L:10) mapsize:2
09-28 17:52:50.141   921  1220 I C02d13/HDC_LOG: [task.cpp:34] HdcTaskBase type:0 cid:963526518 sid:252******606(L:10)
09-28 17:52:50.141   921  1220 I C02d13/HDC_LOG: [daemon_unity.cpp:414] Unity CommandDispatch command:1001 cid:963526518 sid:252******606(L:10)
09-28 17:52:50.141   921  1220 W C02d13/HDC_LOG: [async_cmd.cpp:114] GetDevItem false key:persist.hdc.root
09-28 17:52:50.142   921 14673 I C02d13/HDC_LOG: [async_cmd.cpp:225] Popen pipe fds[pipeRead]:33 fds[pipeWrite]:34, mode 0
09-28 17:52:50.143   921  1220 I C02d13/HDC_LOG: [async_cmd.cpp:291] ExecuteCommand cmd:param get const.product.os.dist.apiname fd:33 pid:14674
09-28 17:52:50.143   921  1220 I C02d13/HDC_LOG: [daemon_unity.cpp:486] Unity CommandDispatch command:1001 finish cid:963526518 sid:252******606(L:10)
09-28 17:52:50.144 14674 14674 W C02d13/HDC_LOG: [async_cmd.cpp:140] SetSelinuxLabel con:u:r:su:s0 isRoot:0
09-28 17:52:50.151 13946 14169 I C00f00/OH_DER_VSync: onOhVsync ENTRY ts=<private> data=<private>
09-28 17:52:50.151   879   879 E C02515/DISP: [0;32;31m[GetMetadata:109] <private> is not supported[m
09-28 17:52:50.151   879   879 E C02515/DISP: [0;32;31m[GetMetadata:109] <private> is not supported[m
09-28 17:52:50.152   879   879 E C02515/DISP: [0;32;31m[GetMetadata:109] <private> is not supported[m
09-28 17:52:50.152 13946 14168 I C00f00/OH_DER_VSync: scheduleVsync ENTRY receiverPtr=0x<private>
09-28 17:52:50.152 13946 14168 I C00f00/OH_DER_VSync: scheduleVsync calling RequestFrame ohVsync=<private>
09-28 17:52:50.152 13946 14168 I C00f00/OH_DER_VSync: scheduleVsync RequestFrame rc=<private>
09-28 17:52:50.152   879   879 E C01406/skia: RSBaseRenderUtil::DealWithSurfaceRotationAndGravity, GetSurfaceBufferOpaque:0
09-28 17:52:50.152   879   879 E C02515/DISP: [0;32;31m[GetMetadata:109] <private> is not supported[m
09-28 17:52:50.152   879   879 E C01406/skia: RSBaseRenderUtil::DealWithSurfaceRotationAndGravity, GetSurfaceBufferOpaque:0
09-28 17:52:50.152   879   879 E C02515/DISP: [0;32;31m[GetMetadata:109] <private> is not supported[m
09-28 17:52:50.153   879  1104 E C02515/DISP: [0;32;31m[SetMetadata:102] <private> is not supported[m
09-28 17:52:50.153   879  1104 E C02515/METADATA_SRV: [0;32;31m[SetMetadata:136]  fail[m
09-28 17:52:50.153   879  1104 E C01401/Bufferqueue: <surface_buffer_impl.cpp:714-SetMetadata>: SetMetadata Failed with -5
09-28 17:52:50.154   879  1104 E C01406/skia: SurfaceNodeDrawable DrawCommSurfaceWatermark Name:BackgroundBlurView2 Id:8465380540424 water mark count is zero
09-28 17:52:50.154   879  1104 E C01406/skia: RSBaseRenderUtil::DealWithSurfaceRotationAndGravity, GetSurfaceBufferOpaque:0
09-28 17:52:50.154   879  1104 I C01406/WRAP: AHardwareBuffer_createFromHandle index = <private> handle = <private>, ahb = <private>
09-28 17:52:50.154   879  1104 E C01406/skia: SurfaceNodeDrawable DrawCommSurfaceWatermark Name:AdapterActivityContent Id:59897613910019 water mark count is zero
09-28 17:52:50.154   879  1104 E C01406/skia: RSBaseRenderUtil::DealWithSurfaceRotationAndGravity, GetSurfaceBufferOpaque:0
09-28 17:52:50.154   879  1104 I C01406/WRAP: AHardwareBuffer_createFromHandle index = <private> handle = <private>, ahb = <private>
09-28 17:52:50.154   879  1104 E C01406/skia: SurfaceNodeDrawable DrawCommSurfaceWatermark Name:AdapterSurfaceView Id:59897613910020 water mark count is zero
09-28 17:52:50.154   879  1104 E C01406/skia: SurfaceNodeDrawable DrawCommSurfaceWatermark Name:com.a2hlab.bridge.zigzag/com.unity3d.player.UnityPlayerActivity Id:59897613910017 water mark count is zero
09-28 17:52:50.154   879  1104 E C01406/skia: SurfaceNodeDrawable DrawCommSurfaceWatermark Name:WindowScene_zigzag40 Id:8465380541336 water mark count is zero
09-28 17:52:50.155   879  1104 E C01406/skia: SurfaceNodeDrawable DrawCommSurfaceWatermark Name:SCBGestureNavBar13 Id:8465380540563 water mark count is zero
09-28 17:52:50.156   879  1104 E C01406/skia: SurfaceNodeDrawable DrawCommSurfaceWatermark Name:SCBStatusBar15 Id:8465380540646 water mark count is zero
09-28 17:52:50.158   879  1104 E C02515/DISP: [0;32;31m[GetMetadata:109] <private> is not supported[m
09-28 17:52:50.158   879  1104 E C02515/DISP: [0;32;31m[SetMetadata:102] <private> is not supported[m
09-28 17:52:50.158   879  1104 E C02515/METADATA_SRV: [0;32;31m[SetMetadata:136]  fail[m
09-28 17:52:50.158   879  1104 E C01401/Bufferqueue: <surface_buffer_impl.cpp:714-SetMetadata>: SetMetadata Failed with -5
09-28 17:52:50.158   879  1104 E C01406/skia: RSUniRenderComposerAdapter::SetBufferColorSpace set color space fail
09-28 17:52:50.166   921 14675 I C02d13/HDC_LOG: [async_cmd.cpp:88] FinishShellProc finish pipeRead fd:33 pid:14674 count:1
09-28 17:52:50.166   921 14675 I C02d13/HDC_LOG: [task.cpp:55] HdcTaskBase::TaskFinish notify begin type:0 cid:963526518 sid:252******606(L:10)
09-28 17:52:50.166   921 14675 I C02d13/HDC_LOG: [task.cpp:58] HdcTaskBase::TaskFinish notify end type:0 cid:963526518 sid:252******606(L:10)
09-28 17:52:50.168 13946 14169 I C00f00/OH_DER_VSync: onOhVsync ENTRY ts=<private> data=<private>
09-28 17:52:50.168 13946 14168 I C00f00/OH_DER_VSync: scheduleVsync ENTRY receiverPtr=0x<private>
09-28 17:52:50.168 13946 14168 I C00f00/OH_DER_VSync: scheduleVsync calling RequestFrame ohVsync=<private>
09-28 17:52:50.168 13946 14168 I C00f00/OH_DER_VSync: scheduleVsync RequestFrame rc=<private>
09-28 17:52:50.169   921  1220 I C02d13/HDC_LOG: [daemon.cpp:1142] FetchCommand channelId:963526518 command:2
09-28 17:52:50.169   921  1220 W C02d13/HDC_LOG: [session.cpp:160] BeginRemoveTask taskType:0 channelId:963526518
09-28 17:52:50.169   921  1220 W C02d13/HDC_LOG: [session.cpp:190] ClearOwnTasks OP_CLEAR finish, sessionId:252******606(L:10) channelIDInput:963526518
09-28 17:52:50.169   921  1220 W C02d13/HDC_LOG: [session.cpp:115] taskClassDeleteRetry start clear task, taskType:0 cid:963526518 sid:252******606(L:10)
09-28 17:52:50.169   921  1220 I C02d13/HDC_LOG: [async_cmd.cpp:69] DoRelease rc:-3 pid:14674
09-28 17:52:50.169   921  1220 I C02d13/HDC_LOG: [session.cpp:126] TaskDelay task remove retry count 0/30, taskType:0 channelId:963526518, sessionId:252******606(L:10)
09-28 17:52:50.169   921  1220 I C02d13/HDC_LOG: [daemon_unity.cpp:31] ~HdcDaemonUnity cid:963526518 sid:252******606(L:10)
09-28 17:52:50.169   921  1220 I C02d13/HDC_LOG: [task.cpp:40] ~HdcTaskBase type:0 cid:963526518 sid:252******606(L:10)
09-28 17:52:50.169   921  1220 W C02d13/HDC_LOG: [session.cpp:134] TaskDelay task remove finish, channelId:963526518
09-28 17:52:50.169   921  1220 I C02d13/HDC_LOG: [base.cpp:969] before uv handle close, the uv handle type is 13
09-28 17:52:50.170   879  1223 E C02515/DISP: [0;32;31m[SetMetadata:102] <private> is not supported[m
09-28 17:52:50.170   879  1223 E C02515/METADATA_SRV: [0;32;31m[SetMetadata:136]  fail[m
09-28 17:52:50.170   879  1223 E C01401/Bufferqueue: <surface_buffer_impl.cpp:714-SetMetadata>: SetMetadata Failed with -5
09-28 17:52:50.171   797  4165 E C02515/DISP: [0;32;31m[SetLayerMaskInfo@display_composer_vdi_impl.cpp:404] <private> is not supported[m
09-28 17:52:50.171   879  1233 E C02515/DISP: [0;32;31m[SetMetadata:102] <private> is not supported[m
09-28 17:52:50.171   879  1233 E C02515/METADATA_SRV: [0;32;31m[SetMetadata:136]  fail[m
09-28 17:52:50.171   879  1233 E C01401/Bufferqueue: <surface_buffer_impl.cpp:714-SetMetadata>: SetMetadata Failed with -5
09-28 17:52:50.172   797  4165 E C02515/DISP: [0;32;31m[SetDisplayClientDamage@display_composer_vdi_impl.cpp:179] <private> is not supported[m
09-28 17:52:50.173   921  1220 I C02d13/HDC_LOG: [daemon.cpp:1142] FetchCommand channelId:963526518 command:2
09-28 17:52:50.185   879   879 E C02515/DISP: [0;32;31m[GetMetadata:109] <private> is not supported[m
09-28 17:52:50.185   879   879 E C02515/DISP: [0;32;31m[GetMetadata:109] <private> is not supported[m
09-28 17:52:50.185   879   879 E C02515/DISP: [0;32;31m[GetMetadata:109] <private> is not supported[m
09-28 17:52:50.185   879   879 E C01406/skia: RSBaseRenderUtil::DealWithSurfaceRotationAndGravity, GetSurfaceBufferOpaque:0
09-28 17:52:50.185   879   879 E C02515/DISP: [0;32;31m[GetMetadata:109] <private> is not supported[m
09-28 17:52:50.185   879   879 E C01406/skia: RSBaseRenderUtil::DealWithSurfaceRotationAndGravity, GetSurfaceBufferOpaque:0
09-28 17:52:50.186   879   879 E C02515/DISP: [0;32;31m[GetMetadata:109] <private> is not supported[m
09-28 17:52:50.186 13946 14169 I C00f00/OH_DER_VSync: onOhVsync ENTRY ts=<private> data=<private>
09-28 17:52:50.186 13946 14168 I C00f00/OH_DER_VSync: scheduleVsync ENTRY receiverPtr=0x<private>
09-28 17:52:50.186 13946 14168 I C00f00/OH_DER_VSync: scheduleVsync calling RequestFrame ohVsync=<private>
09-28 17:52:50.186   879  1104 E C02515/DISP: [0;32;31m[SetMetadata:102] <private> is not supported[m
09-28 17:52:50.187   879  1104 E C02515/METADATA_SRV: [0;32;31m[SetMetadata:136]  fail[m
09-28 17:52:50.187   879  1104 E C01401/Bufferqueue: <surface_buffer_impl.cpp:714-SetMetadata>: SetMetadata Failed with -5
09-28 17:52:50.187 13946 14168 I C00f00/OH_DER_VSync: scheduleVsync RequestFrame rc=<private>
09-28 17:52:50.187   879  1104 E C01406/skia: SurfaceNodeDrawable DrawCommSurfaceWatermark Name:BackgroundBlurView2 Id:8465380540424 water mark count is zero
09-28 17:52:50.187   879  1104 E C01406/skia: RSBaseRenderUtil::DealWithSurfaceRotationAndGravity, GetSurfaceBufferOpaque:0
09-28 17:52:50.187   879  1104 I C01406/WRAP: AHardwareBuffer_createFromHandle index = <private> handle = <private>, ahb = <private>
09-28 17:52:50.187   879  1104 E C01406/skia: SurfaceNodeDrawable DrawCommSurfaceWatermark Name:AdapterActivityContent Id:59897613910019 water mark count is zero
09-28 17:52:50.187   879  1104 E C01406/skia: RSBaseRenderUtil::DealWithSurfaceRotationAndGravity, GetSurfaceBufferOpaque:0
09-28 17:52:50.188   879  1104 I C01406/WRAP: AHardwareBuffer_createFromHandle index = <private> handle = <private>, ahb = <private>
09-28 17:52:50.188   879  1104 E C01406/skia: SurfaceNodeDrawable DrawCommSurfaceWatermark Name:AdapterSurfaceView Id:59897613910020 water mark count is zero
09-28 17:52:50.188   879  1104 E C01406/skia: SurfaceNodeDrawable DrawCommSurfaceWatermark Name:com.a2hlab.bridge.zigzag/com.unity3d.player.UnityPlayerActivity Id:59897613910017 water mark count is zero
09-28 17:52:50.188   879  1104 E C01406/skia: SurfaceNodeDrawable DrawCommSurfaceWatermark Name:WindowScene_zigzag40 Id:8465380541336 water mark count is zero
09-28 17:52:50.188   879  1104 E C01406/skia: SurfaceNodeDrawable DrawCommSurfaceWatermark Name:SCBGestureNavBar13 Id:8465380540563 water mark count is zero
09-28 17:52:50.188   879  1104 E C01406/skia: SurfaceNodeDrawable DrawCommSurfaceWatermark Name:SCBStatusBar15 Id:8465380540646 water mark count is zero
09-28 17:52:50.190   879  1104 E C02515/DISP: [0;32;31m[GetMetadata:109] <private> is not supported[m
09-28 17:52:50.190   879  1104 E C02515/DISP: [0;32;31m[SetMetadata:102] <private> is not supported[m
09-28 17:52:50.190   879  1104 E C02515/METADATA_SRV: [0;32;31m[SetMetadata:136]  fail[m
09-28 17:52:50.190   879  1104 E C01401/Bufferqueue: <surface_buffer_impl.cpp:714-SetMetadata>: SetMetadata Failed with -5
09-28 17:52:50.190   879  1104 E C01406/skia: RSUniRenderComposerAdapter::SetBufferColorSpace set color space fail
09-28 17:52:50.201 13946 14169 I C00f00/OH_DER_VSync: onOhVsync ENTRY ts=<private> data=<private>
09-28 17:52:50.201 13946 14168 I C00f00/OH_DER_VSync: scheduleVsync ENTRY receiverPtr=0x<private>
09-28 17:52:50.201 13946 14168 I C00f00/OH_DER_VSync: scheduleVsync calling RequestFrame ohVsync=<private>
09-28 17:52:50.202 13946 14168 I C00f00/OH_DER_VSync: scheduleVsync RequestFrame rc=<private>
09-28 17:52:50.203   879  1223 E C02515/DISP: [0;32;31m[SetMetadata:102] <private> is not supported[m
09-28 17:52:50.203   879  1223 E C02515/METADATA_SRV: [0;32;31m[SetMetadata:136]  fail[m
09-28 17:52:50.203   879  1223 E C01401/Bufferqueue: <surface_buffer_impl.cpp:714-SetMetadata>: SetMetadata Failed with -5
09-28 17:52:50.204   797  4165 E C02515/DISP: [0;32;31m[SetLayerMaskInfo@display_composer_vdi_impl.cpp:404] <private> is not supported[m
09-28 17:52:50.204   879  1233 E C02515/DISP: [0;32;31m[SetMetadata:102] <private> is not supported[m
09-28 17:52:50.204   879  1233 E C02515/METADATA_SRV: [0;32;31m[SetMetadata:136]  fail[m
09-28 17:52:50.204   879  1233 E C01401/Bufferqueue: <surface_buffer_impl.cpp:714-SetMetadata>: SetMetadata Failed with -5
09-28 17:52:50.205   797  4165 E C02515/DISP: [0;32;31m[SetDisplayClientDamage@display_composer_vdi_impl.cpp:179] <private> is not supported[m
09-28 17:52:50.218 13946 14169 I C00f00/OH_DER_VSync: onOhVsync ENTRY ts=<private> data=<private>
09-28 17:52:50.218 13946 14168 I C00f00/OH_DER_VSync: scheduleVsync ENTRY receiverPtr=0x<private>
09-28 17:52:50.218 13946 14168 I C00f00/OH_DER_VSync: scheduleVsync calling RequestFrame ohVsync=<private>
09-28 17:52:50.218   879   879 E C02515/DISP: [0;32;31m[GetMetadata:109] <private> is not supported[m
09-28 17:52:50.218 13946 14168 I C00f00/OH_DER_VSync: scheduleVsync RequestFrame rc=<private>
09-28 17:52:50.218   879   879 E C02515/DISP: [0;32;31m[GetMetadata:109] <private> is not supported[m
09-28 17:52:50.218   879   879 E C02515/DISP: [0;32;31m[GetMetadata:109] <private> is not supported[m
09-28 17:52:50.220   879   879 E C01406/skia: RSBaseRenderUtil::DealWithSurfaceRotationAndGravity, GetSurfaceBufferOpaque:0
09-28 17:52:50.220   879   879 E C02515/DISP: [0;32;31m[GetMetadata:109] <private> is not supported[m
09-28 17:52:50.220   879   879 E C01406/skia: RSBaseRenderUtil::DealWithSurfaceRotationAndGravity, GetSurfaceBufferOpaque:0
09-28 17:52:50.220   879   879 E C02515/DISP: [0;32;31m[GetMetadata:109] <private> is not supported[m
09-28 17:52:50.222   879  1104 E C02515/DISP: [0;32;31m[SetMetadata:102] <private> is not supported[m
09-28 17:52:50.222   879  1104 E C02515/METADATA_SRV: [0;32;31m[SetMetadata:136]  fail[m
09-28 17:52:50.222   879  1104 E C01401/Bufferqueue: <surface_buffer_impl.cpp:714-SetMetadata>: SetMetadata Failed with -5
09-28 17:52:50.222   879  1104 E C01406/skia: SurfaceNodeDrawable DrawCommSurfaceWatermark Name:BackgroundBlurView2 Id:8465380540424 water mark count is zero
09-28 17:52:50.222   879  1104 E C01406/skia: RSBaseRenderUtil::DealWithSurfaceRotationAndGravity, GetSurfaceBufferOpaque:0
09-28 17:52:50.222   879  1104 I C01406/WRAP: AHardwareBuffer_createFromHandle index = <private> handle = <private>, ahb = <private>
09-28 17:52:50.223   879  1104 E C01406/skia: SurfaceNodeDrawable DrawCommSurfaceWatermark Name:AdapterActivityContent Id:59897613910019 water mark count is zero
09-28 17:52:50.223   879  1104 E C01406/skia: RSBaseRenderUtil::DealWithSurfaceRotationAndGravity, GetSurfaceBufferOpaque:0
09-28 17:52:50.223   879  1104 I C01406/WRAP: AHardwareBuffer_createFromHandle index = <private> handle = <private>, ahb = <private>
09-28 17:52:50.223   879  1104 E C01406/skia: SurfaceNodeDrawable DrawCommSurfaceWatermark Name:AdapterSurfaceView Id:59897613910020 water mark count is zero
09-28 17:52:50.223   879  1104 E C01406/skia: SurfaceNodeDrawable DrawCommSurfaceWatermark Name:com.a2hlab.bridge.zigzag/com.unity3d.player.UnityPlayerActivity Id:59897613910017 water mark count is zero
09-28 17:52:50.223   879  1104 E C01406/skia: SurfaceNodeDrawable DrawCommSurfaceWatermark Name:WindowScene_zigzag40 Id:8465380541336 water mark count is zero
09-28 17:52:50.223   879  1104 E C01406/skia: SurfaceNodeDrawable DrawCommSurfaceWatermark Name:SCBGestureNavBar13 Id:8465380540563 water mark count is zero
09-28 17:52:50.223   879  1104 E C01406/skia: SurfaceNodeDrawable DrawCommSurfaceWatermark Name:SCBStatusBar15 Id:8465380540646 water mark count is zero
09-28 17:52:50.225   879  1104 E C02515/DISP: [0;32;31m[GetMetadata:109] <private> is not supported[m
09-28 17:52:50.225   879  1104 E C02515/DISP: [0;32;31m[SetMetadata:102] <private> is not supported[m
09-28 17:52:50.225   879  1104 E C02515/METADATA_SRV: [0;32;31m[SetMetadata:136]  fail[m
09-28 17:52:50.225   879  1104 E C01401/Bufferqueue: <surface_buffer_impl.cpp:714-SetMetadata>: SetMetadata Failed with -5
09-28 17:52:50.225   879  1104 E C01406/skia: RSUniRenderComposerAdapter::SetBufferColorSpace set color space fail
09-28 17:52:50.235 13946 14169 I C00f00/OH_DER_VSync: onOhVsync ENTRY ts=<private> data=<private>
09-28 17:52:50.235 13946 14168 I C00f00/OH_DER_VSync: scheduleVsync ENTRY receiverPtr=0x<private>
09-28 17:52:50.235 13946 14168 I C00f00/OH_DER_VSync: scheduleVsync calling RequestFrame ohVsync=<private>
09-28 17:52:50.235 13946 14168 I C00f00/OH_DER_VSync: scheduleVsync RequestFrame rc=<private>
09-28 17:52:50.237   879  1223 E C02515/DISP: [0;32;31m[SetMetadata:102] <private> is not supported[m
09-28 17:52:50.237   879  1223 E C02515/METADATA_SRV: [0;32;31m[SetMetadata:136]  fail[m
09-28 17:52:50.237   879  1223 E C01401/Bufferqueue: <surface_buffer_impl.cpp:714-SetMetadata>: SetMetadata Failed with -5
09-28 17:52:50.237   797  4165 E C02515/DISP: [0;32;31m[SetLayerMaskInfo@display_composer_vdi_impl.cpp:404] <private> is not supported[m
09-28 17:52:50.238   879  1233 E C02515/DISP: [0;32;31m[SetMetadata:102] <private> is not supported[m
09-28 17:52:50.238   879  1233 E C02515/METADATA_SRV: [0;32;31m[SetMetadata:136]  fail[m
09-28 17:52:50.238   879  1233 E C01401/Bufferqueue: <surface_buffer_impl.cpp:714-SetMetadata>: SetMetadata Failed with -5
09-28 17:52:50.238   797  4165 E C02515/DISP: [0;32;31m[SetDisplayClientDamage@display_composer_vdi_impl.cpp:179] <private> is not supported[m
09-28 17:52:50.251 13946 14169 I C00f00/OH_DER_VSync: onOhVsync ENTRY ts=<private> data=<private>
09-28 17:52:50.252 13946 14168 I C00f00/OH_DER_VSync: scheduleVsync ENTRY receiverPtr=0x<private>
09-28 17:52:50.252 13946 14168 I C00f00/OH_DER_VSync: scheduleVsync calling RequestFrame ohVsync=<private>
09-28 17:52:50.252 13946 14168 I C00f00/OH_DER_VSync: scheduleVsync RequestFrame rc=<private>
09-28 17:52:50.252   879   879 E C02515/DISP: [0;32;31m[GetMetadata:109] <private> is not supported[m
09-28 17:52:50.252   879   879 E C02515/DISP: [0;32;31m[GetMetadata:109] <private> is not supported[m
09-28 17:52:50.252   879   879 E C02515/DISP: [0;32;31m[GetMetadata:109] <private> is not supported[m
09-28 17:52:50.253   879   879 E C01406/skia: RSBaseRenderUtil::DealWithSurfaceRotationAndGravity, GetSurfaceBufferOpaque:0
09-28 17:52:50.253   879   879 E C02515/DISP: [0;32;31m[GetMetadata:109] <private> is not supported[m
09-28 17:52:50.253   879   879 E C01406/skia: RSBaseRenderUtil::DealWithSurfaceRotationAndGravity, GetSurfaceBufferOpaque:0
09-28 17:52:50.253   879   879 E C02515/DISP: [0;32;31m[GetMetadata:109] <private> is not supported[m
09-28 17:52:50.255   879  1104 E C02515/DISP: [0;32;31m[SetMetadata:102] <private> is not supported[m
09-28 17:52:50.255   879  1104 E C02515/METADATA_SRV: [0;32;31m[SetMetadata:136]  fail[m
09-28 17:52:50.255   879  1104 E C01401/Bufferqueue: <surface_buffer_impl.cpp:714-SetMetadata>: SetMetadata Failed with -5
09-28 17:52:50.255   879  1104 E C01406/skia: SurfaceNodeDrawable DrawCommSurfaceWatermark Name:BackgroundBlurView2 Id:8465380540424 water mark count is zero
09-28 17:52:50.255   879  1104 E C01406/skia: RSBaseRenderUtil::DealWithSurfaceRotationAndGravity, GetSurfaceBufferOpaque:0
09-28 17:52:50.256   879  1104 I C01406/WRAP: AHardwareBuffer_createFromHandle index = <private> handle = <private>, ahb = <private>
09-28 17:52:50.256   879  1104 E C01406/skia: SurfaceNodeDrawable DrawCommSurfaceWatermark Name:AdapterActivityContent Id:59897613910019 water mark count is zero
09-28 17:52:50.256   879  1104 E C01406/skia: RSBaseRenderUtil::DealWithSurfaceRotationAndGravity, GetSurfaceBufferOpaque:0
09-28 17:52:50.256   879  1104 I C01406/WRAP: AHardwareBuffer_createFromHandle index = <private> handle = <private>, ahb = <private>
09-28 17:52:50.256   879  1104 E C01406/skia: SurfaceNodeDrawable DrawCommSurfaceWatermark Name:AdapterSurfaceView Id:59897613910020 water mark count is zero
09-28 17:52:50.256   879  1104 E C01406/skia: SurfaceNodeDrawable DrawCommSurfaceWatermark Name:com.a2hlab.bridge.zigzag/com.unity3d.player.UnityPlayerActivity Id:59897613910017 water mark count is zero
09-28 17:52:50.256   879  1104 E C01406/skia: SurfaceNodeDrawable DrawCommSurfaceWatermark Name:WindowScene_zigzag40 Id:8465380541336 water mark count is zero
09-28 17:52:50.257   879  1104 E C01406/skia: SurfaceNodeDrawable DrawCommSurfaceWatermark Name:SCBGestureNavBar13 Id:8465380540563 water mark count is zero
09-28 17:52:50.257   879  1104 E C01406/skia: SurfaceNodeDrawable DrawCommSurfaceWatermark Name:SCBStatusBar15 Id:8465380540646 water mark count is zero
09-28 17:52:50.258   879  1104 E C02515/DISP: [0;32;31m[GetMetadata:109] <private> is not supported[m
09-28 17:52:50.258   879  1104 E C02515/DISP: [0;32;31m[SetMetadata:102] <private> is not supported[m
09-28 17:52:50.258   879  1104 E C02515/METADATA_SRV: [0;32;31m[SetMetadata:136]  fail[m
09-28 17:52:50.258   879  1104 E C01401/Bufferqueue: <surface_buffer_impl.cpp:714-SetMetadata>: SetMetadata Failed with -5
09-28 17:52:50.258   879  1104 E C01406/skia: RSUniRenderComposerAdapter::SetBufferColorSpace set color space fail
09-28 17:52:50.259   921  1220 I C02d13/HDC_LOG: [daemon.cpp:1142] FetchCommand channelId:723834135 command:1001
09-28 17:52:50.259   921  1220 I C02d13/HDC_LOG: [session.cpp:1652] New HTaskInfo cid:723834135 sid:252******606(L:10) command:1001
09-28 17:52:50.259   921  1220 I C02d13/HDC_LOG: [session.cpp:891] AdminTask add task type:0 cid:723834135 sid:252******606(L:10) mapsize:2
09-28 17:52:50.259   921  1220 I C02d13/HDC_LOG: [task.cpp:34] HdcTaskBase type:0 cid:723834135 sid:252******606(L:10)
09-28 17:52:50.259   921  1220 I C02d13/HDC_LOG: [daemon_unity.cpp:414] Unity CommandDispatch command:1001 cid:723834135 sid:252******606(L:10)
09-28 17:52:50.260   921  1220 W C02d13/HDC_LOG: [async_cmd.cpp:114] GetDevItem false key:persist.hdc.root
09-28 17:52:50.260   921 14676 I C02d13/HDC_LOG: [async_cmd.cpp:225] Popen pipe fds[pipeRead]:33 fds[pipeWrite]:34, mode 0
09-28 17:52:50.262   921  1220 I C02d13/HDC_LOG: [async_cmd.cpp:291] ExecuteCommand cmd:param get const.product.os.dist.apiname fd:33 pid:14677
09-28 17:52:50.262   921  1220 I C02d13/HDC_LOG: [daemon_unity.cpp:486] Unity CommandDispatch command:1001 finish cid:723834135 sid:252******606(L:10)
09-28 17:52:50.262 14677 14677 W C02d13/HDC_LOG: [async_cmd.cpp:140] SetSelinuxLabel con:u:r:su:s0 isRoot:0
09-28 17:52:50.268 13946 14169 I C00f00/OH_DER_VSync: onOhVsync ENTRY ts=<private> data=<private>
09-28 17:52:50.268 13946 14168 I C00f00/OH_DER_VSync: scheduleVsync ENTRY receiverPtr=0x<private>
09-28 17:52:50.268 13946 14168 I C00f00/OH_DER_VSync: scheduleVsync calling RequestFrame ohVsync=<private>
09-28 17:52:50.268 13946 14168 I C00f00/OH_DER_VSync: scheduleVsync RequestFrame rc=<private>
09-28 17:52:50.270   879  1223 E C02515/DISP: [0;32;31m[SetMetadata:102] <private> is not supported[m
09-28 17:52:50.270   879  1223 E C02515/METADATA_SRV: [0;32;31m[SetMetadata:136]  fail[m
09-28 17:52:50.270   879  1223 E C01401/Bufferqueue: <surface_buffer_impl.cpp:714-SetMetadata>: SetMetadata Failed with -5
09-28 17:52:50.271   797  4165 E C02515/DISP: [0;32;31m[SetLayerMaskInfo@display_composer_vdi_impl.cpp:404] <private> is not supported[m
09-28 17:52:50.271   879  1233 E C02515/DISP: [0;32;31m[SetMetadata:102] <private> is not supported[m
09-28 17:52:50.271   879  1233 E C02515/METADATA_SRV: [0;32;31m[SetMetadata:136]  fail[m
09-28 17:52:50.271   879  1233 E C01401/Bufferqueue: <surface_buffer_impl.cpp:714-SetMetadata>: SetMetadata Failed with -5
09-28 17:52:50.272   797  4165 E C02515/DISP: [0;32;31m[SetDisplayClientDamage@display_composer_vdi_impl.cpp:179] <private> is not supported[m
09-28 17:52:50.284   921 14678 I C02d13/HDC_LOG: [async_cmd.cpp:88] FinishShellProc finish pipeRead fd:33 pid:14677 count:1
09-28 17:52:50.284   921 14678 I C02d13/HDC_LOG: [task.cpp:55] HdcTaskBase::TaskFinish notify begin type:0 cid:723834135 sid:252******606(L:10)
09-28 17:52:50.285   921 14678 I C02d13/HDC_LOG: [task.cpp:58] HdcTaskBase::TaskFinish notify end type:0 cid:723834135 sid:252******606(L:10)
09-28 17:52:50.285 13946 14169 I C00f00/OH_DER_VSync: onOhVsync ENTRY ts=<private> data=<private>
09-28 17:52:50.285 13946 14168 I C00f00/OH_DER_VSync: scheduleVsync ENTRY receiverPtr=0x<private>
09-28 17:52:50.285 13946 14168 I C00f00/OH_DER_VSync: scheduleVsync calling RequestFrame ohVsync=<private>
09-28 17:52:50.285   879   879 E C02515/DISP: [0;32;31m[GetMetadata:109] <private> is not supported[m
09-28 17:52:50.285 13946 14168 I C00f00/OH_DER_VSync: scheduleVsync RequestFrame rc=<private>
09-28 17:52:50.285   879   879 E C02515/DISP: [0;32;31m[GetMetadata:109] <private> is not supported[m
09-28 17:52:50.285   879   879 E C02515/DISP: [0;32;31m[GetMetadata:109] <private> is not supported[m
09-28 17:52:50.286   879   879 E C01406/skia: RSBaseRenderUtil::DealWithSurfaceRotationAndGravity, GetSurfaceBufferOpaque:0
09-28 17:52:50.286   879   879 E C02515/DISP: [0;32;31m[GetMetadata:109] <private> is not supported[m
09-28 17:52:50.287   879   879 E C01406/skia: RSBaseRenderUtil::DealWithSurfaceRotationAndGravity, GetSurfaceBufferOpaque:0
09-28 17:52:50.287   879   879 E C02515/DISP: [0;32;31m[GetMetadata:109] <private> is not supported[m
09-28 17:52:50.287   921  1220 I C02d13/HDC_LOG: [daemon.cpp:1142] FetchCommand channelId:723834135 command:2
09-28 17:52:50.287   921  1220 W C02d13/HDC_LOG: [session.cpp:160] BeginRemoveTask taskType:0 channelId:723834135
09-28 17:52:50.287   921  1220 W C02d13/HDC_LOG: [session.cpp:190] ClearOwnTasks OP_CLEAR finish, sessionId:252******606(L:10) channelIDInput:723834135
09-28 17:52:50.287   921  1220 W C02d13/HDC_LOG: [session.cpp:115] taskClassDeleteRetry start clear task, taskType:0 cid:723834135 sid:252******606(L:10)
09-28 17:52:50.287   921  1220 I C02d13/HDC_LOG: [async_cmd.cpp:69] DoRelease rc:-3 pid:14677
09-28 17:52:50.287   921  1220 I C02d13/HDC_LOG: [session.cpp:126] TaskDelay task remove retry count 0/30, taskType:0 channelId:723834135, sessionId:252******606(L:10)
09-28 17:52:50.287   921  1220 I C02d13/HDC_LOG: [daemon_unity.cpp:31] ~HdcDaemonUnity cid:723834135 sid:252******606(L:10)
09-28 17:52:50.287   921  1220 I C02d13/HDC_LOG: [task.cpp:40] ~HdcTaskBase type:0 cid:723834135 sid:252******606(L:10)
09-28 17:52:50.287   921  1220 W C02d13/HDC_LOG: [session.cpp:134] TaskDelay task remove finish, channelId:723834135
09-28 17:52:50.287   921  1220 I C02d13/HDC_LOG: [base.cpp:969] before uv handle close, the uv handle type is 13
09-28 17:52:50.288   879  1104 E C02515/DISP: [0;32;31m[SetMetadata:102] <private> is not supported[m
09-28 17:52:50.288   879  1104 E C02515/METADATA_SRV: [0;32;31m[SetMetadata:136]  fail[m
09-28 17:52:50.288   879  1104 E C01401/Bufferqueue: <surface_buffer_impl.cpp:714-SetMetadata>: SetMetadata Failed with -5
09-28 17:52:50.289   879  1104 E C01406/skia: SurfaceNodeDrawable DrawCommSurfaceWatermark Name:BackgroundBlurView2 Id:8465380540424 water mark count is zero
09-28 17:52:50.289   879  1104 E C01406/skia: RSBaseRenderUtil::DealWithSurfaceRotationAndGravity, GetSurfaceBufferOpaque:0
09-28 17:52:50.289   879  1104 I C01406/WRAP: AHardwareBuffer_createFromHandle index = <private> handle = <private>, ahb = <private>
09-28 17:52:50.289   879  1104 E C01406/skia: SurfaceNodeDrawable DrawCommSurfaceWatermark Name:AdapterActivityContent Id:59897613910019 water mark count is zero
09-28 17:52:50.289   879  1104 E C01406/skia: RSBaseRenderUtil::DealWithSurfaceRotationAndGravity, GetSurfaceBufferOpaque:0
09-28 17:52:50.289   879  1104 I C01406/WRAP: AHardwareBuffer_createFromHandle index = <private> handle = <private>, ahb = <private>
09-28 17:52:50.290   879  1104 E C01406/skia: SurfaceNodeDrawable DrawCommSurfaceWatermark Name:AdapterSurfaceView Id:59897613910020 water mark count is zero
09-28 17:52:50.290   879  1104 E C01406/skia: SurfaceNodeDrawable DrawCommSurfaceWatermark Name:com.a2hlab.bridge.zigzag/com.unity3d.player.UnityPlayerActivity Id:59897613910017 water mark count is zero
09-28 17:52:50.290   879  1104 E C01406/skia: SurfaceNodeDrawable DrawCommSurfaceWatermark Name:WindowScene_zigzag40 Id:8465380541336 water mark count is zero
09-28 17:52:50.290   879  1104 E C01406/skia: SurfaceNodeDrawable DrawCommSurfaceWatermark Name:SCBGestureNavBar13 Id:8465380540563 water mark count is zero
09-28 17:52:50.290   879  1104 E C01406/skia: SurfaceNodeDrawable DrawCommSurfaceWatermark Name:SCBStatusBar15 Id:8465380540646 water mark count is zero
09-28 17:52:50.292   879  1104 E C02515/DISP: [0;32;31m[GetMetadata:109] <private> is not supported[m
09-28 17:52:50.292   879  1104 E C02515/DISP: [0;32;31m[SetMetadata:102] <private> is not supported[m
09-28 17:52:50.292   879  1104 E C02515/METADATA_SRV: [0;32;31m[SetMetadata:136]  fail[m
09-28 17:52:50.292   879  1104 E C01401/Bufferqueue: <surface_buffer_impl.cpp:714-SetMetadata>: SetMetadata Failed with -5
09-28 17:52:50.292   879  1104 E C01406/skia: RSUniRenderComposerAdapter::SetBufferColorSpace set color space fail
09-28 17:52:50.293   921  1220 I C02d13/HDC_LOG: [daemon.cpp:1142] FetchCommand channelId:723834135 command:2
09-28 17:52:50.301 13946 14169 I C00f00/OH_DER_VSync: onOhVsync ENTRY ts=<private> data=<private>
09-28 17:52:50.302 13946 14168 I C00f00/OH_DER_VSync: scheduleVsync ENTRY receiverPtr=0x<private>
09-28 17:52:50.302 13946 14168 I C00f00/OH_DER_VSync: scheduleVsync calling RequestFrame ohVsync=<private>
09-28 17:52:50.302 13946 14168 I C00f00/OH_DER_VSync: scheduleVsync RequestFrame rc=<private>
09-28 17:52:50.303   879  1223 E C02515/DISP: [0;32;31m[SetMetadata:102] <private> is not supported[m
09-28 17:52:50.303   879  1223 E C02515/METADATA_SRV: [0;32;31m[SetMetadata:136]  fail[m
09-28 17:52:50.303   879  1223 E C01401/Bufferqueue: <surface_buffer_impl.cpp:714-SetMetadata>: SetMetadata Failed with -5
09-28 17:52:50.304   797  4165 E C02515/DISP: [0;32;31m[SetLayerMaskInfo@display_composer_vdi_impl.cpp:404] <private> is not supported[m
09-28 17:52:50.304   879  1233 E C02515/DISP: [0;32;31m[SetMetadata:102] <private> is not supported[m
09-28 17:52:50.304   879  1233 E C02515/METADATA_SRV: [0;32;31m[SetMetadata:136]  fail[m
09-28 17:52:50.304   879  1233 E C01401/Bufferqueue: <surface_buffer_impl.cpp:714-SetMetadata>: SetMetadata Failed with -5
09-28 17:52:50.305   797  4165 E C02515/DISP: [0;32;31m[SetDisplayClientDamage@display_composer_vdi_impl.cpp:179] <private> is not supported[m
09-28 17:52:50.318 13946 14169 I C00f00/OH_DER_VSync: onOhVsync ENTRY ts=<private> data=<private>
09-28 17:52:50.318 13946 14168 I C00f00/OH_DER_VSync: scheduleVsync ENTRY receiverPtr=0x<private>
09-28 17:52:50.318 13946 14168 I C00f00/OH_DER_VSync: scheduleVsync calling RequestFrame ohVsync=<private>
09-28 17:52:50.318   879   879 E C02515/DISP: [0;32;31m[GetMetadata:109] <private> is not supported[m
09-28 17:52:50.318 13946 14168 I C00f00/OH_DER_VSync: scheduleVsync RequestFrame rc=<private>
09-28 17:52:50.318   879   879 E C02515/DISP: [0;32;31m[GetMetadata:109] <private> is not supported[m
09-28 17:52:50.318   879   879 E C02515/DISP: [0;32;31m[GetMetadata:109] <private> is not supported[m
09-28 17:52:50.320   879   879 E C01406/skia: RSBaseRenderUtil::DealWithSurfaceRotationAndGravity, GetSurfaceBufferOpaque:0
09-28 17:52:50.320   879   879 E C02515/DISP: [0;32;31m[GetMetadata:109] <private> is not supported[m
09-28 17:52:50.320   879   879 E C01406/skia: RSBaseRenderUtil::DealWithSurfaceRotationAndGravity, GetSurfaceBufferOpaque:0
09-28 17:52:50.320   879   879 E C02515/DISP: [0;32;31m[GetMetadata:109] <private> is not supported[m
09-28 17:52:50.322   879  1104 E C02515/DISP: [0;32;31m[SetMetadata:102] <private> is not supported[m
09-28 17:52:50.322   879  1104 E C02515/METADATA_SRV: [0;32;31m[SetMetadata:136]  fail[m
09-28 17:52:50.322   879  1104 E C01401/Bufferqueue: <surface_buffer_impl.cpp:714-SetMetadata>: SetMetadata Failed with -5
09-28 17:52:50.322   879  1104 E C01406/skia: SurfaceNodeDrawable DrawCommSurfaceWatermark Name:BackgroundBlurView2 Id:8465380540424 water mark count is zero
09-28 17:52:50.322   879  1104 E C01406/skia: RSBaseRenderUtil::DealWithSurfaceRotationAndGravity, GetSurfaceBufferOpaque:0
09-28 17:52:50.323   879  1104 I C01406/WRAP: AHardwareBuffer_createFromHandle index = <private> handle = <private>, ahb = <private>
09-28 17:52:50.323   879  1104 E C01406/skia: SurfaceNodeDrawable DrawCommSurfaceWatermark Name:AdapterActivityContent Id:59897613910019 water mark count is zero
09-28 17:52:50.323   879  1104 E C01406/skia: RSBaseRenderUtil::DealWithSurfaceRotationAndGravity, GetSurfaceBufferOpaque:0
09-28 17:52:50.323   879  1104 I C01406/WRAP: AHardwareBuffer_createFromHandle index = <private> handle = <private>, ahb = <private>
09-28 17:52:50.323   879  1104 E C01406/skia: SurfaceNodeDrawable DrawCommSurfaceWatermark Name:AdapterSurfaceView Id:59897613910020 water mark count is zero
09-28 17:52:50.323   879  1104 E C01406/skia: SurfaceNodeDrawable DrawCommSurfaceWatermark Name:com.a2hlab.bridge.zigzag/com.unity3d.player.UnityPlayerActivity Id:59897613910017 water mark count is zero
09-28 17:52:50.323   879  1104 E C01406/skia: SurfaceNodeDrawable DrawCommSurfaceWatermark Name:WindowScene_zigzag40 Id:8465380541336 water mark count is zero
09-28 17:52:50.323   879  1104 E C01406/skia: SurfaceNodeDrawable DrawCommSurfaceWatermark Name:SCBGestureNavBar13 Id:8465380540563 water mark count is zero
09-28 17:52:50.324   879  1104 E C01406/skia: SurfaceNodeDrawable DrawCommSurfaceWatermark Name:SCBStatusBar15 Id:8465380540646 water mark count is zero
09-28 17:52:50.326   879  1104 E C02515/DISP: [0;32;31m[GetMetadata:109] <private> is not supported[m
09-28 17:52:50.326   879  1104 E C02515/DISP: [0;32;31m[SetMetadata:102] <private> is not supported[m
09-28 17:52:50.326   879  1104 E C02515/METADATA_SRV: [0;32;31m[SetMetadata:136]  fail[m
09-28 17:52:50.326   879  1104 E C01401/Bufferqueue: <surface_buffer_impl.cpp:714-SetMetadata>: SetMetadata Failed with -5
09-28 17:52:50.326   879  1104 E C01406/skia: RSUniRenderComposerAdapter::SetBufferColorSpace set color space fail
09-28 17:52:50.335 13946 14169 I C00f00/OH_DER_VSync: onOhVsync ENTRY ts=<private> data=<private>
09-28 17:52:50.335 13946 14168 I C00f00/OH_DER_VSync: scheduleVsync ENTRY receiverPtr=0x<private>
09-28 17:52:50.335 13946 14168 I C00f00/OH_DER_VSync: scheduleVsync calling RequestFrame ohVsync=<private>
09-28 17:52:50.335 13946 14168 I C00f00/OH_DER_VSync: scheduleVsync RequestFrame rc=<private>
09-28 17:52:50.337   879  1223 E C02515/DISP: [0;32;31m[SetMetadata:102] <private> is not supported[m
09-28 17:52:50.337   879  1223 E C02515/METADATA_SRV: [0;32;31m[SetMetadata:136]  fail[m
09-28 17:52:50.337   879  1223 E C01401/Bufferqueue: <surface_buffer_impl.cpp:714-SetMetadata>: SetMetadata Failed with -5
09-28 17:52:50.337   797  4165 E C02515/DISP: [0;32;31m[SetLayerMaskInfo@display_composer_vdi_impl.cpp:404] <private> is not supported[m
09-28 17:52:50.338   879  1233 E C02515/DISP: [0;32;31m[SetMetadata:102] <private> is not supported[m
09-28 17:52:50.338   879  1233 E C02515/METADATA_SRV: [0;32;31m[SetMetadata:136]  fail[m
09-28 17:52:50.338   879  1233 E C01401/Bufferqueue: <surface_buffer_impl.cpp:714-SetMetadata>: SetMetadata Failed with -5
09-28 17:52:50.338   797  4165 E C02515/DISP: [0;32;31m[SetDisplayClientDamage@display_composer_vdi_impl.cpp:179] <private> is not supported[m
09-28 17:52:50.351 13946 14169 I C00f00/OH_DER_VSync: onOhVsync ENTRY ts=<private> data=<private>
09-28 17:52:50.352   879   879 E C02515/DISP: [0;32;31m[GetMetadata:109] <private> is not supported[m
09-28 17:52:50.352 13946 14168 I C00f00/OH_DER_VSync: scheduleVsync ENTRY receiverPtr=0x<private>
09-28 17:52:50.352 13946 14168 I C00f00/OH_DER_VSync: scheduleVsync calling RequestFrame ohVsync=<private>
09-28 17:52:50.352   879   879 E C02515/DISP: [0;32;31m[GetMetadata:109] <private> is not supported[m
09-28 17:52:50.352 13946 14168 I C00f00/OH_DER_VSync: scheduleVsync RequestFrame rc=<private>
09-28 17:52:50.352   879   879 E C02515/DISP: [0;32;31m[GetMetadata:109] <private> is not supported[m
09-28 17:52:50.353   879   879 E C01406/skia: RSBaseRenderUtil::DealWithSurfaceRotationAndGravity, GetSurfaceBufferOpaque:0
09-28 17:52:50.353   879   879 E C02515/DISP: [0;32;31m[GetMetadata:109] <private> is not supported[m
09-28 17:52:50.353   879   879 E C01406/skia: RSBaseRenderUtil::DealWithSurfaceRotationAndGravity, GetSurfaceBufferOpaque:0
09-28 17:52:50.353   879   879 E C02515/DISP: [0;32;31m[GetMetadata:109] <private> is not supported[m
09-28 17:52:50.355   879  1104 E C02515/DISP: [0;32;31m[SetMetadata:102] <private> is not supported[m
09-28 17:52:50.355   879  1104 E C02515/METADATA_SRV: [0;32;31m[SetMetadata:136]  fail[m
09-28 17:52:50.355   879  1104 E C01401/Bufferqueue: <surface_buffer_impl.cpp:714-SetMetadata>: SetMetadata Failed with -5
09-28 17:52:50.356   879  1104 E C01406/skia: SurfaceNodeDrawable DrawCommSurfaceWatermark Name:BackgroundBlurView2 Id:8465380540424 water mark count is zero
09-28 17:52:50.356   879  1104 E C01406/skia: RSBaseRenderUtil::DealWithSurfaceRotationAndGravity, GetSurfaceBufferOpaque:0
09-28 17:52:50.356   879  1104 I C01406/WRAP: AHardwareBuffer_createFromHandle index = <private> handle = <private>, ahb = <private>
09-28 17:52:50.356   879  1104 E C01406/skia: SurfaceNodeDrawable DrawCommSurfaceWatermark Name:AdapterActivityContent Id:59897613910019 water mark count is zero
09-28 17:52:50.356   879  1104 E C01406/skia: RSBaseRenderUtil::DealWithSurfaceRotationAndGravity, GetSurfaceBufferOpaque:0
09-28 17:52:50.356   879  1104 I C01406/WRAP: AHardwareBuffer_createFromHandle index = <private> handle = <private>, ahb = <private>
09-28 17:52:50.356   879  1104 E C01406/skia: SurfaceNodeDrawable DrawCommSurfaceWatermark Name:AdapterSurfaceView Id:59897613910020 water mark count is zero
09-28 17:52:50.356   879  1104 E C01406/skia: SurfaceNodeDrawable DrawCommSurfaceWatermark Name:com.a2hlab.bridge.zigzag/com.unity3d.player.UnityPlayerActivity Id:59897613910017 water mark count is zero
09-28 17:52:50.356   879  1104 E C01406/skia: SurfaceNodeDrawable DrawCommSurfaceWatermark Name:WindowScene_zigzag40 Id:8465380541336 water mark count is zero
09-28 17:52:50.357   879  1104 E C01406/skia: SurfaceNodeDrawable DrawCommSurfaceWatermark Name:SCBGestureNavBar13 Id:8465380540563 water mark count is zero
09-28 17:52:50.357   879  1104 E C01406/skia: SurfaceNodeDrawable DrawCommSurfaceWatermark Name:SCBStatusBar15 Id:8465380540646 water mark count is zero
09-28 17:52:50.359   879  1104 E C02515/DISP: [0;32;31m[GetMetadata:109] <private> is not supported[m
09-28 17:52:50.359   879  1104 E C02515/DISP: [0;32;31m[SetMetadata:102] <private> is not supported[m
09-28 17:52:50.359   879  1104 E C02515/METADATA_SRV: [0;32;31m[SetMetadata:136]  fail[m
09-28 17:52:50.359   879  1104 E C01401/Bufferqueue: <surface_buffer_impl.cpp:714-SetMetadata>: SetMetadata Failed with -5
09-28 17:52:50.359   879  1104 E C01406/skia: RSUniRenderComposerAdapter::SetBufferColorSpace set color space fail
09-28 17:52:50.368 13946 14169 I C00f00/OH_DER_VSync: onOhVsync ENTRY ts=<private> data=<private>
09-28 17:52:50.368 13946 14168 I C00f00/OH_DER_VSync: scheduleVsync ENTRY receiverPtr=0x<private>
09-28 17:52:50.368 13946 14168 I C00f00/OH_DER_VSync: scheduleVsync calling RequestFrame ohVsync=<private>
09-28 17:52:50.368 13946 14168 I C00f00/OH_DER_VSync: scheduleVsync RequestFrame rc=<private>
09-28 17:52:50.370   879  1223 E C02515/DISP: [0;32;31m[SetMetadata:102] <private> is not supported[m
09-28 17:52:50.370   879  1223 E C02515/METADATA_SRV: [0;32;31m[SetMetadata:136]  fail[m
09-28 17:52:50.370   879  1223 E C01401/Bufferqueue: <surface_buffer_impl.cpp:714-SetMetadata>: SetMetadata Failed with -5
09-28 17:52:50.371   797  4165 E C02515/DISP: [0;32;31m[SetLayerMaskInfo@display_composer_vdi_impl.cpp:404] <private> is not supported[m
09-28 17:52:50.371   879  1233 E C02515/DISP: [0;32;31m[SetMetadata:102] <private> is not supported[m
09-28 17:52:50.371   879  1233 E C02515/METADATA_SRV: [0;32;31m[SetMetadata:136]  fail[m
09-28 17:52:50.371   879  1233 E C01401/Bufferqueue: <surface_buffer_impl.cpp:714-SetMetadata>: SetMetadata Failed with -5
09-28 17:52:50.372   797  4165 E C02515/DISP: [0;32;31m[SetDisplayClientDamage@display_composer_vdi_impl.cpp:179] <private> is not supported[m
09-28 17:52:50.385 13946 14169 I C00f00/OH_DER_VSync: onOhVsync ENTRY ts=<private> data=<private>
09-28 17:52:50.385 13946 14168 I C00f00/OH_DER_VSync: scheduleVsync ENTRY receiverPtr=0x<private>
09-28 17:52:50.385 13946 14168 I C00f00/OH_DER_VSync: scheduleVsync calling RequestFrame ohVsync=<private>
09-28 17:52:50.385   879   879 E C02515/DISP: [0;32;31m[GetMetadata:109] <private> is not supported[m
09-28 17:52:50.385 13946 14168 I C00f00/OH_DER_VSync: scheduleVsync RequestFrame rc=<private>
09-28 17:52:50.385   879   879 E C02515/DISP: [0;32;31m[GetMetadata:109] <private> is not supported[m
09-28 17:52:50.385   879   879 E C02515/DISP: [0;32;31m[GetMetadata:109] <private> is not supported[m
09-28 17:52:50.386   879   879 E C01406/skia: RSBaseRenderUtil::DealWithSurfaceRotationAndGravity, GetSurfaceBufferOpaque:0
09-28 17:52:50.386   879   879 E C02515/DISP: [0;32;31m[GetMetadata:109] <private> is not supported[m
09-28 17:52:50.387   879   879 E C01406/skia: RSBaseRenderUtil::DealWithSurfaceRotationAndGravity, GetSurfaceBufferOpaque:0
09-28 17:52:50.387   879   879 E C02515/DISP: [0;32;31m[GetMetadata:109] <private> is not supported[m
09-28 17:52:50.389   879  1104 E C02515/DISP: [0;32;31m[SetMetadata:102] <private> is not supported[m
09-28 17:52:50.389   879  1104 E C02515/METADATA_SRV: [0;32;31m[SetMetadata:136]  fail[m
09-28 17:52:50.389   879  1104 E C01401/Bufferqueue: <surface_buffer_impl.cpp:714-SetMetadata>: SetMetadata Failed with -5
09-28 17:52:50.389   879  1104 E C01406/skia: SurfaceNodeDrawable DrawCommSurfaceWatermark Name:BackgroundBlurView2 Id:8465380540424 water mark count is zero
09-28 17:52:50.389   879  1104 E C01406/skia: RSBaseRenderUtil::DealWithSurfaceRotationAndGravity, GetSurfaceBufferOpaque:0
09-28 17:52:50.389   879  1104 I C01406/WRAP: AHardwareBuffer_createFromHandle index = <private> handle = <private>, ahb = <private>
09-28 17:52:50.389   879  1104 E C01406/skia: SurfaceNodeDrawable DrawCommSurfaceWatermark Name:AdapterActivityContent Id:59897613910019 water mark count is zero
09-28 17:52:50.389   879  1104 E C01406/skia: RSBaseRenderUtil::DealWithSurfaceRotationAndGravity, GetSurfaceBufferOpaque:0
09-28 17:52:50.390   879  1104 I C01406/WRAP: AHardwareBuffer_createFromHandle index = <private> handle = <private>, ahb = <private>
09-28 17:52:50.390   879  1104 E C01406/skia: SurfaceNodeDrawable DrawCommSurfaceWatermark Name:AdapterSurfaceView Id:59897613910020 water mark count is zero
09-28 17:52:50.390   879  1104 E C01406/skia: SurfaceNodeDrawable DrawCommSurfaceWatermark Name:com.a2hlab.bridge.zigzag/com.unity3d.player.UnityPlayerActivity Id:59897613910017 water mark count is zero
09-28 17:52:50.390   879  1104 E C01406/skia: SurfaceNodeDrawable DrawCommSurfaceWatermark Name:WindowScene_zigzag40 Id:8465380541336 water mark count is zero
09-28 17:52:50.390   879  1104 E C01406/skia: SurfaceNodeDrawable DrawCommSurfaceWatermark Name:SCBGestureNavBar13 Id:8465380540563 water mark count is zero
09-28 17:52:50.390   879  1104 E C01406/skia: SurfaceNodeDrawable DrawCommSurfaceWatermark Name:SCBStatusBar15 Id:8465380540646 water mark count is zero
09-28 17:52:50.393   879  1104 E C02515/DISP: [0;32;31m[GetMetadata:109] <private> is not supported[m
09-28 17:52:50.393   879  1104 E C02515/DISP: [0;32;31m[SetMetadata:102] <private> is not supported[m
09-28 17:52:50.393   879  1104 E C02515/METADATA_SRV: [0;32;31m[SetMetadata:136]  fail[m
09-28 17:52:50.393   879  1104 E C01401/Bufferqueue: <surface_buffer_impl.cpp:714-SetMetadata>: SetMetadata Failed with -5
09-28 17:52:50.393   879  1104 E C01406/skia: RSUniRenderComposerAdapter::SetBufferColorSpace set color space fail
09-28 17:52:50.401 13946 14169 I C00f00/OH_DER_VSync: onOhVsync ENTRY ts=<private> data=<private>
09-28 17:52:50.402 13946 14168 I C00f00/OH_DER_VSync: scheduleVsync ENTRY receiverPtr=0x<private>
09-28 17:52:50.402 13946 14168 I C00f00/OH_DER_VSync: scheduleVsync calling RequestFrame ohVsync=<private>
09-28 17:52:50.402 13946 14168 I C00f00/OH_DER_VSync: scheduleVsync RequestFrame rc=<private>
09-28 17:52:50.403   879  1223 E C02515/DISP: [0;32;31m[SetMetadata:102] <private> is not supported[m
09-28 17:52:50.403   879  1223 E C02515/METADATA_SRV: [0;32;31m[SetMetadata:136]  fail[m
09-28 17:52:50.403   879  1223 E C01401/Bufferqueue: <surface_buffer_impl.cpp:714-SetMetadata>: SetMetadata Failed with -5
09-28 17:52:50.404   797  4165 E C02515/DISP: [0;32;31m[SetLayerMaskInfo@display_composer_vdi_impl.cpp:404] <private> is not supported[m
09-28 17:52:50.404   879  1233 E C02515/DISP: [0;32;31m[SetMetadata:102] <private> is not supported[m
09-28 17:52:50.404   879  1233 E C02515/METADATA_SRV: [0;32;31m[SetMetadata:136]  fail[m
09-28 17:52:50.404   879  1233 E C01401/Bufferqueue: <surface_buffer_impl.cpp:714-SetMetadata>: SetMetadata Failed with -5
09-28 17:52:50.405   797  4165 E C02515/DISP: [0;32;31m[SetDisplayClientDamage@display_composer_vdi_impl.cpp:179] <private> is not supported[m
09-28 17:52:50.418 13946 14169 I C00f00/OH_DER_VSync: onOhVsync ENTRY ts=<private> data=<private>
09-28 17:52:50.418   879   879 E C02515/DISP: [0;32;31m[GetMetadata:109] <private> is not supported[m
09-28 17:52:50.418 13946 14168 I C00f00/OH_DER_VSync: scheduleVsync ENTRY receiverPtr=0x<private>
09-28 17:52:50.418 13946 14168 I C00f00/OH_DER_VSync: scheduleVsync calling RequestFrame ohVsync=<private>
09-28 17:52:50.418 13946 14168 I C00f00/OH_DER_VSync: scheduleVsync RequestFrame rc=<private>
09-28 17:52:50.419   879   879 E C02515/DISP: [0;32;31m[GetMetadata:109] <private> is not supported[m
09-28 17:52:50.419   879   879 E C02515/DISP: [0;32;31m[GetMetadata:109] <private> is not supported[m
09-28 17:52:50.420   879   879 E C01406/skia: RSBaseRenderUtil::DealWithSurfaceRotationAndGravity, GetSurfaceBufferOpaque:0
09-28 17:52:50.420   879   879 E C02515/DISP: [0;32;31m[GetMetadata:109] <private> is not supported[m
09-28 17:52:50.420   879   879 E C01406/skia: RSBaseRenderUtil::DealWithSurfaceRotationAndGravity, GetSurfaceBufferOpaque:0
09-28 17:52:50.420   879   879 E C02515/DISP: [0;32;31m[GetMetadata:109] <private> is not supported[m
09-28 17:52:50.422   879  1104 E C02515/DISP: [0;32;31m[SetMetadata:102] <private> is not supported[m
09-28 17:52:50.422   879  1104 E C02515/METADATA_SRV: [0;32;31m[SetMetadata:136]  fail[m
09-28 17:52:50.422   879  1104 E C01401/Bufferqueue: <surface_buffer_impl.cpp:714-SetMetadata>: SetMetadata Failed with -5
09-28 17:52:50.422   879  1104 E C01406/skia: SurfaceNodeDrawable DrawCommSurfaceWatermark Name:BackgroundBlurView2 Id:8465380540424 water mark count is zero
09-28 17:52:50.422   879  1104 E C01406/skia: RSBaseRenderUtil::DealWithSurfaceRotationAndGravity, GetSurfaceBufferOpaque:0
09-28 17:52:50.423   879  1104 I C01406/WRAP: AHardwareBuffer_createFromHandle index = <private> handle = <private>, ahb = <private>
09-28 17:52:50.423   879  1104 E C01406/skia: SurfaceNodeDrawable DrawCommSurfaceWatermark Name:AdapterActivityContent Id:59897613910019 water mark count is zero
09-28 17:52:50.423   879  1104 E C01406/skia: RSBaseRenderUtil::DealWithSurfaceRotationAndGravity, GetSurfaceBufferOpaque:0
09-28 17:52:50.423   879  1104 I C01406/WRAP: AHardwareBuffer_createFromHandle index = <private> handle = <private>, ahb = <private>
09-28 17:52:50.423   879  1104 E C01406/skia: SurfaceNodeDrawable DrawCommSurfaceWatermark Name:AdapterSurfaceView Id:59897613910020 water mark count is zero
09-28 17:52:50.423   879  1104 E C01406/skia: SurfaceNodeDrawable DrawCommSurfaceWatermark Name:com.a2hlab.bridge.zigzag/com.unity3d.player.UnityPlayerActivity Id:59897613910017 water mark count is zero
09-28 17:52:50.423   879  1104 E C01406/skia: SurfaceNodeDrawable DrawCommSurfaceWatermark Name:WindowScene_zigzag40 Id:8465380541336 water mark count is zero
09-28 17:52:50.424   879  1104 E C01406/skia: SurfaceNodeDrawable DrawCommSurfaceWatermark Name:SCBGestureNavBar13 Id:8465380540563 water mark count is zero
09-28 17:52:50.424   879  1104 E C01406/skia: SurfaceNodeDrawable DrawCommSurfaceWatermark Name:SCBStatusBar15 Id:8465380540646 water mark count is zero
09-28 17:52:50.425   879  1104 E C02515/DISP: [0;32;31m[GetMetadata:109] <private> is not supported[m
09-28 17:52:50.425   879  1104 E C02515/DISP: [0;32;31m[SetMetadata:102] <private> is not supported[m
09-28 17:52:50.425   879  1104 E C02515/METADATA_SRV: [0;32;31m[SetMetadata:136]  fail[m
09-28 17:52:50.425   879  1104 E C01401/Bufferqueue: <surface_buffer_impl.cpp:714-SetMetadata>: SetMetadata Failed with -5
09-28 17:52:50.426   879  1104 E C01406/skia: RSUniRenderComposerAdapter::SetBufferColorSpace set color space fail
09-28 17:52:50.435 13946 14169 I C00f00/OH_DER_VSync: onOhVsync ENTRY ts=<private> data=<private>
09-28 17:52:50.435 13946 14168 I C00f00/OH_DER_VSync: scheduleVsync ENTRY receiverPtr=0x<private>
09-28 17:52:50.435 13946 14168 I C00f00/OH_DER_VSync: scheduleVsync calling RequestFrame ohVsync=<private>
09-28 17:52:50.435 13946 14168 I C00f00/OH_DER_VSync: scheduleVsync RequestFrame rc=<private>
09-28 17:52:50.437   879  1223 E C02515/DISP: [0;32;31m[SetMetadata:102] <private> is not supported[m
09-28 17:52:50.437   879  1223 E C02515/METADATA_SRV: [0;32;31m[SetMetadata:136]  fail[m
09-28 17:52:50.437   879  1223 E C01401/Bufferqueue: <surface_buffer_impl.cpp:714-SetMetadata>: SetMetadata Failed with -5
09-28 17:52:50.438   797  4165 E C02515/DISP: [0;32;31m[SetLayerMaskInfo@display_composer_vdi_impl.cpp:404] <private> is not supported[m
09-28 17:52:50.438   879  1233 E C02515/DISP: [0;32;31m[SetMetadata:102] <private> is not supported[m
09-28 17:52:50.438   879  1233 E C02515/METADATA_SRV: [0;32;31m[SetMetadata:136]  fail[m
09-28 17:52:50.438   879  1233 E C01401/Bufferqueue: <surface_buffer_impl.cpp:714-SetMetadata>: SetMetadata Failed with -5
09-28 17:52:50.440   797  4165 E C02515/DISP: [0;32;31m[SetDisplayClientDamage@display_composer_vdi_impl.cpp:179] <private> is not supported[m
09-28 17:52:50.451 13946 14169 I C00f00/OH_DER_VSync: onOhVsync ENTRY ts=<private> data=<private>
09-28 17:52:50.452   879   879 E C02515/DISP: [0;32;31m[GetMetadata:109] <private> is not supported[m
09-28 17:52:50.452   879   879 E C02515/DISP: [0;32;31m[GetMetadata:109] <private> is not supported[m
09-28 17:52:50.452   879   879 E C02515/DISP: [0;32;31m[GetMetadata:109] <private> is not supported[m
09-28 17:52:50.452 13946 14168 I C00f00/OH_DER_VSync: scheduleVsync ENTRY receiverPtr=0x<private>
09-28 17:52:50.452 13946 14168 I C00f00/OH_DER_VSync: scheduleVsync calling RequestFrame ohVsync=<private>
09-28 17:52:50.452 13946 14168 I C00f00/OH_DER_VSync: scheduleVsync RequestFrame rc=<private>
09-28 17:52:50.452   879   879 E C01406/skia: RSBaseRenderUtil::DealWithSurfaceRotationAndGravity, GetSurfaceBufferOpaque:0
09-28 17:52:50.452   879   879 E C02515/DISP: [0;32;31m[GetMetadata:109] <private> is not supported[m
09-28 17:52:50.452   879   879 E C01406/skia: RSBaseRenderUtil::DealWithSurfaceRotationAndGravity, GetSurfaceBufferOpaque:0
09-28 17:52:50.452   879   879 E C02515/DISP: [0;32;31m[GetMetadata:109] <private> is not supported[m
09-28 17:52:50.453   879  1104 E C02515/DISP: [0;32;31m[SetMetadata:102] <private> is not supported[m
09-28 17:52:50.453   879  1104 E C02515/METADATA_SRV: [0;32;31m[SetMetadata:136]  fail[m
09-28 17:52:50.454   879  1104 E C01401/Bufferqueue: <surface_buffer_impl.cpp:714-SetMetadata>: SetMetadata Failed with -5
09-28 17:52:50.454   879  1104 E C01406/skia: SurfaceNodeDrawable DrawCommSurfaceWatermark Name:BackgroundBlurView2 Id:8465380540424 water mark count is zero
09-28 17:52:50.454   879  1104 E C01406/skia: RSBaseRenderUtil::DealWithSurfaceRotationAndGravity, GetSurfaceBufferOpaque:0
09-28 17:52:50.454   879  1104 I C01406/WRAP: AHardwareBuffer_createFromHandle index = <private> handle = <private>, ahb = <private>
09-28 17:52:50.454   879  1104 E C01406/skia: SurfaceNodeDrawable DrawCommSurfaceWatermark Name:AdapterActivityContent Id:59897613910019 water mark count is zero
09-28 17:52:50.454   879  1104 E C01406/skia: RSBaseRenderUtil::DealWithSurfaceRotationAndGravity, GetSurfaceBufferOpaque:0
09-28 17:52:50.455   879  1104 I C01406/WRAP: AHardwareBuffer_createFromHandle index = <private> handle = <private>, ahb = <private>
09-28 17:52:50.455   879  1104 E C01406/skia: SurfaceNodeDrawable DrawCommSurfaceWatermark Name:AdapterSurfaceView Id:59897613910020 water mark count is zero
09-28 17:52:50.455   879  1104 E C01406/skia: SurfaceNodeDrawable DrawCommSurfaceWatermark Name:com.a2hlab.bridge.zigzag/com.unity3d.player.UnityPlayerActivity Id:59897613910017 water mark count is zero
09-28 17:52:50.455   879  1104 E C01406/skia: SurfaceNodeDrawable DrawCommSurfaceWatermark Name:WindowScene_zigzag40 Id:8465380541336 water mark count is zero
09-28 17:52:50.455   879  1104 E C01406/skia: SurfaceNodeDrawable DrawCommSurfaceWatermark Name:SCBGestureNavBar13 Id:8465380540563 water mark count is zero
09-28 17:52:50.455   879  1104 E C01406/skia: SurfaceNodeDrawable DrawCommSurfaceWatermark Name:SCBStatusBar15 Id:8465380540646 water mark count is zero
09-28 17:52:50.457   879  1104 E C02515/DISP: [0;32;31m[GetMetadata:109] <private> is not supported[m
09-28 17:52:50.457   879  1104 E C02515/DISP: [0;32;31m[SetMetadata:102] <private> is not supported[m
09-28 17:52:50.457   879  1104 E C02515/METADATA_SRV: [0;32;31m[SetMetadata:136]  fail[m
09-28 17:52:50.457   879  1104 E C01401/Bufferqueue: <surface_buffer_impl.cpp:714-SetMetadata>: SetMetadata Failed with -5
09-28 17:52:50.457   879  1104 E C01406/skia: RSUniRenderComposerAdapter::SetBufferColorSpace set color space fail
09-28 17:52:50.468 13946 14169 I C00f00/OH_DER_VSync: onOhVsync ENTRY ts=<private> data=<private>
09-28 17:52:50.468 13946 14168 I C00f00/OH_DER_VSync: scheduleVsync ENTRY receiverPtr=0x<private>
09-28 17:52:50.468 13946 14168 I C00f00/OH_DER_VSync: scheduleVsync calling RequestFrame ohVsync=<private>
09-28 17:52:50.469 13946 14168 I C00f00/OH_DER_VSync: scheduleVsync RequestFrame rc=<private>
09-28 17:52:50.470   879  1223 E C02515/DISP: [0;32;31m[SetMetadata:102] <private> is not supported[m
09-28 17:52:50.470   879  1223 E C02515/METADATA_SRV: [0;32;31m[SetMetadata:136]  fail[m
09-28 17:52:50.470   879  1223 E C01401/Bufferqueue: <surface_buffer_impl.cpp:714-SetMetadata>: SetMetadata Failed with -5
09-28 17:52:50.472   797  4165 E C02515/DISP: [0;32;31m[SetLayerMaskInfo@display_composer_vdi_impl.cpp:404] <private> is not supported[m
09-28 17:52:50.472   879  1233 E C02515/DISP: [0;32;31m[SetMetadata:102] <private> is not supported[m
09-28 17:52:50.472   879  1233 E C02515/METADATA_SRV: [0;32;31m[SetMetadata:136]  fail[m
09-28 17:52:50.472   879  1233 E C01401/Bufferqueue: <surface_buffer_impl.cpp:714-SetMetadata>: SetMetadata Failed with -5
09-28 17:52:50.472   797  4165 E C02515/DISP: [0;32;31m[SetDisplayClientDamage@display_composer_vdi_impl.cpp:179] <private> is not supported[m
09-28 17:52:50.485 13946 14169 I C00f00/OH_DER_VSync: onOhVsync ENTRY ts=<private> data=<private>
09-28 17:52:50.485   879   879 E C02515/DISP: [0;32;31m[GetMetadata:109] <private> is not supported[m
09-28 17:52:50.485   879   879 E C02515/DISP: [0;32;31m[GetMetadata:109] <private> is not supported[m
09-28 17:52:50.485   879   879 E C02515/DISP: [0;32;31m[GetMetadata:109] <private> is not supported[m
09-28 17:52:50.485 13946 14168 I C00f00/OH_DER_VSync: scheduleVsync ENTRY receiverPtr=0x<private>
09-28 17:52:50.485 13946 14168 I C00f00/OH_DER_VSync: scheduleVsync calling RequestFrame ohVsync=<private>
09-28 17:52:50.485 13946 14168 I C00f00/OH_DER_VSync: scheduleVsync RequestFrame rc=<private>
09-28 17:52:50.486   879   879 E C01406/skia: RSBaseRenderUtil::DealWithSurfaceRotationAndGravity, GetSurfaceBufferOpaque:0
09-28 17:52:50.486   879   879 E C02515/DISP: [0;32;31m[GetMetadata:109] <private> is not supported[m
09-28 17:52:50.486   879   879 E C01406/skia: RSBaseRenderUtil::DealWithSurfaceRotationAndGravity, GetSurfaceBufferOpaque:0
09-28 17:52:50.486   879   879 E C02515/DISP: [0;32;31m[GetMetadata:109] <private> is not supported[m
09-28 17:52:50.487   879  1104 E C02515/DISP: [0;32;31m[SetMetadata:102] <private> is not supported[m
09-28 17:52:50.487   879  1104 E C02515/METADATA_SRV: [0;32;31m[SetMetadata:136]  fail[m
09-28 17:52:50.487   879  1104 E C01401/Bufferqueue: <surface_buffer_impl.cpp:714-SetMetadata>: SetMetadata Failed with -5
09-28 17:52:50.487   879  1104 E C01406/skia: SurfaceNodeDrawable DrawCommSurfaceWatermark Name:BackgroundBlurView2 Id:8465380540424 water mark count is zero
09-28 17:52:50.487   879  1104 E C01406/skia: RSBaseRenderUtil::DealWithSurfaceRotationAndGravity, GetSurfaceBufferOpaque:0
09-28 17:52:50.488   879  1104 I C01406/WRAP: AHardwareBuffer_createFromHandle index = <private> handle = <private>, ahb = <private>
09-28 17:52:50.488   879  1104 E C01406/skia: SurfaceNodeDrawable DrawCommSurfaceWatermark Name:AdapterActivityContent Id:59897613910019 water mark count is zero
09-28 17:52:50.488   879  1104 E C01406/skia: RSBaseRenderUtil::DealWithSurfaceRotationAndGravity, GetSurfaceBufferOpaque:0
09-28 17:52:50.488   879  1104 I C01406/WRAP: AHardwareBuffer_createFromHandle index = <private> handle = <private>, ahb = <private>
09-28 17:52:50.488   879  1104 E C01406/skia: SurfaceNodeDrawable DrawCommSurfaceWatermark Name:AdapterSurfaceView Id:59897613910020 water mark count is zero
09-28 17:52:50.488   879  1104 E C01406/skia: SurfaceNodeDrawable DrawCommSurfaceWatermark Name:com.a2hlab.bridge.zigzag/com.unity3d.player.UnityPlayerActivity Id:59897613910017 water mark count is zero
09-28 17:52:50.488   879  1104 E C01406/skia: SurfaceNodeDrawable DrawCommSurfaceWatermark Name:WindowScene_zigzag40 Id:8465380541336 water mark count is zero
09-28 17:52:50.489   879  1104 E C01406/skia: SurfaceNodeDrawable DrawCommSurfaceWatermark Name:SCBGestureNavBar13 Id:8465380540563 water mark count is zero
09-28 17:52:50.489   879  1104 E C01406/skia: SurfaceNodeDrawable DrawCommSurfaceWatermark Name:SCBStatusBar15 Id:8465380540646 water mark count is zero
09-28 17:52:50.490   879  1104 E C02515/DISP: [0;32;31m[GetMetadata:109] <private> is not supported[m
09-28 17:52:50.490   879  1104 E C02515/DISP: [0;32;31m[SetMetadata:102] <private> is not supported[m
09-28 17:52:50.490   879  1104 E C02515/METADATA_SRV: [0;32;31m[SetMetadata:136]  fail[m
09-28 17:52:50.490   879  1104 E C01401/Bufferqueue: <surface_buffer_impl.cpp:714-SetMetadata>: SetMetadata Failed with -5
09-28 17:52:50.490   879  1104 E C01406/skia: RSUniRenderComposerAdapter::SetBufferColorSpace set color space fail
09-28 17:52:50.502 13946 14169 I C00f00/OH_DER_VSync: onOhVsync ENTRY ts=<private> data=<private>
09-28 17:52:50.502 13946 14168 I C00f00/OH_DER_VSync: scheduleVsync ENTRY receiverPtr=0x<private>
09-28 17:52:50.502 13946 14168 I C00f00/OH_DER_VSync: scheduleVsync calling RequestFrame ohVsync=<private>
09-28 17:52:50.502 13946 14168 I C00f00/OH_DER_VSync: scheduleVsync RequestFrame rc=<private>
09-28 17:52:50.503   879  1223 E C02515/DISP: [0;32;31m[SetMetadata:102] <private> is not supported[m
09-28 17:52:50.503   879  1223 E C02515/METADATA_SRV: [0;32;31m[SetMetadata:136]  fail[m
09-28 17:52:50.503   879  1223 E C01401/Bufferqueue: <surface_buffer_impl.cpp:714-SetMetadata>: SetMetadata Failed with -5
09-28 17:52:50.505   797  4165 E C02515/DISP: [0;32;31m[SetLayerMaskInfo@display_composer_vdi_impl.cpp:404] <private> is not supported[m
09-28 17:52:50.505   879  1233 E C02515/DISP: [0;32;31m[SetMetadata:102] <private> is not supported[m
09-28 17:52:50.505   879  1233 E C02515/METADATA_SRV: [0;32;31m[SetMetadata:136]  fail[m
09-28 17:52:50.505   879  1233 E C01401/Bufferqueue: <surface_buffer_impl.cpp:714-SetMetadata>: SetMetadata Failed with -5
09-28 17:52:50.506   797  4165 E C02515/DISP: [0;32;31m[SetDisplayClientDamage@display_composer_vdi_impl.cpp:179] <private> is not supported[m
09-28 17:52:50.518 13946 14169 I C00f00/OH_DER_VSync: onOhVsync ENTRY ts=<private> data=<private>
09-28 17:52:50.518 13946 14168 I C00f00/OH_DER_VSync: scheduleVsync ENTRY receiverPtr=0x<private>
09-28 17:52:50.518 13946 14168 I C00f00/OH_DER_VSync: scheduleVsync calling RequestFrame ohVsync=<private>
09-28 17:52:50.518   879   879 E C02515/DISP: [0;32;31m[GetMetadata:109] <private> is not supported[m
09-28 17:52:50.519 13946 14168 I C00f00/OH_DER_VSync: scheduleVsync RequestFrame rc=<private>
09-28 17:52:50.519   879   879 E C02515/DISP: [0;32;31m[GetMetadata:109] <private> is not supported[m
09-28 17:52:50.519   879   879 E C02515/DISP: [0;32;31m[GetMetadata:109] <private> is not supported[m
09-28 17:52:50.520   879   879 E C01406/skia: RSBaseRenderUtil::DealWithSurfaceRotationAndGravity, GetSurfaceBufferOpaque:0
09-28 17:52:50.520   879   879 E C02515/DISP: [0;32;31m[GetMetadata:109] <private> is not supported[m
09-28 17:52:50.520   879   879 E C01406/skia: RSBaseRenderUtil::DealWithSurfaceRotationAndGravity, GetSurfaceBufferOpaque:0
09-28 17:52:50.520   879   879 E C02515/DISP: [0;32;31m[GetMetadata:109] <private> is not supported[m
09-28 17:52:50.522   879  1104 E C02515/DISP: [0;32;31m[SetMetadata:102] <private> is not supported[m
09-28 17:52:50.522   879  1104 E C02515/METADATA_SRV: [0;32;31m[SetMetadata:136]  fail[m
09-28 17:52:50.522   879  1104 E C01401/Bufferqueue: <surface_buffer_impl.cpp:714-SetMetadata>: SetMetadata Failed with -5
09-28 17:52:50.522   879  1104 E C01406/skia: SurfaceNodeDrawable DrawCommSurfaceWatermark Name:BackgroundBlurView2 Id:8465380540424 water mark count is zero
09-28 17:52:50.522   879  1104 E C01406/skia: RSBaseRenderUtil::DealWithSurfaceRotationAndGravity, GetSurfaceBufferOpaque:0
09-28 17:52:50.523   879  1104 I C01406/WRAP: AHardwareBuffer_createFromHandle index = <private> handle = <private>, ahb = <private>
09-28 17:52:50.523   879  1104 E C01406/skia: SurfaceNodeDrawable DrawCommSurfaceWatermark Name:AdapterActivityContent Id:59897613910019 water mark count is zero
09-28 17:52:50.523   879  1104 E C01406/skia: RSBaseRenderUtil::DealWithSurfaceRotationAndGravity, GetSurfaceBufferOpaque:0
09-28 17:52:50.523   879  1104 I C01406/WRAP: AHardwareBuffer_createFromHandle index = <private> handle = <private>, ahb = <private>
09-28 17:52:50.523   879  1104 E C01406/skia: SurfaceNodeDrawable DrawCommSurfaceWatermark Name:AdapterSurfaceView Id:59897613910020 water mark count is zero
09-28 17:52:50.523   879  1104 E C01406/skia: SurfaceNodeDrawable DrawCommSurfaceWatermark Name:com.a2hlab.bridge.zigzag/com.unity3d.player.UnityPlayerActivity Id:59897613910017 water mark count is zero
09-28 17:52:50.523   879  1104 E C01406/skia: SurfaceNodeDrawable DrawCommSurfaceWatermark Name:WindowScene_zigzag40 Id:8465380541336 water mark count is zero
09-28 17:52:50.524   879  1104 E C01406/skia: SurfaceNodeDrawable DrawCommSurfaceWatermark Name:SCBGestureNavBar13 Id:8465380540563 water mark count is zero
09-28 17:52:50.524   879  1104 E C01406/skia: SurfaceNodeDrawable DrawCommSurfaceWatermark Name:SCBStatusBar15 Id:8465380540646 water mark count is zero
09-28 17:52:50.525   879  1104 E C02515/DISP: [0;32;31m[GetMetadata:109] <private> is not supported[m
09-28 17:52:50.525   879  1104 E C02515/DISP: [0;32;31m[SetMetadata:102] <private> is not supported[m
09-28 17:52:50.525   879  1104 E C02515/METADATA_SRV: [0;32;31m[SetMetadata:136]  fail[m
09-28 17:52:50.525   879  1104 E C01401/Bufferqueue: <surface_buffer_impl.cpp:714-SetMetadata>: SetMetadata Failed with -5
09-28 17:52:50.525   879  1104 E C01406/skia: RSUniRenderComposerAdapter::SetBufferColorSpace set color space fail
09-28 17:52:50.535 13946 14169 I C00f00/OH_DER_VSync: onOhVsync ENTRY ts=<private> data=<private>
09-28 17:52:50.535 13946 14168 I C00f00/OH_DER_VSync: scheduleVsync ENTRY receiverPtr=0x<private>
09-28 17:52:50.535 13946 14168 I C00f00/OH_DER_VSync: scheduleVsync calling RequestFrame ohVsync=<private>
09-28 17:52:50.535 13946 14168 I C00f00/OH_DER_VSync: scheduleVsync RequestFrame rc=<private>
09-28 17:52:50.537   879  1223 E C02515/DISP: [0;32;31m[SetMetadata:102] <private> is not supported[m
09-28 17:52:50.537   879  1223 E C02515/METADATA_SRV: [0;32;31m[SetMetadata:136]  fail[m
09-28 17:52:50.537   879  1223 E C01401/Bufferqueue: <surface_buffer_impl.cpp:714-SetMetadata>: SetMetadata Failed with -5
09-28 17:52:50.538   797  4165 E C02515/DISP: [0;32;31m[SetLayerMaskInfo@display_composer_vdi_impl.cpp:404] <private> is not supported[m
09-28 17:52:50.538   879  1233 E C02515/DISP: [0;32;31m[SetMetadata:102] <private> is not supported[m
09-28 17:52:50.538   879  1233 E C02515/METADATA_SRV: [0;32;31m[SetMetadata:136]  fail[m
09-28 17:52:50.538   879  1233 E C01401/Bufferqueue: <surface_buffer_impl.cpp:714-SetMetadata>: SetMetadata Failed with -5
09-28 17:52:50.539   797  4165 E C02515/DISP: [0;32;31m[SetDisplayClientDamage@display_composer_vdi_impl.cpp:179] <private> is not supported[m
09-28 17:52:50.552 13946 14169 I C00f00/OH_DER_VSync: onOhVsync ENTRY ts=<private> data=<private>
09-28 17:52:50.552 13946 14168 I C00f00/OH_DER_VSync: scheduleVsync ENTRY receiverPtr=0x<private>
09-28 17:52:50.552 13946 14168 I C00f00/OH_DER_VSync: scheduleVsync calling RequestFrame ohVsync=<private>
09-28 17:52:50.552   879   879 E C02515/DISP: [0;32;31m[GetMetadata:109] <private> is not supported[m
09-28 17:52:50.552 13946 14168 I C00f00/OH_DER_VSync: scheduleVsync RequestFrame rc=<private>
09-28 17:52:50.552   879   879 E C02515/DISP: [0;32;31m[GetMetadata:109] <private> is not supported[m
09-28 17:52:50.552   879   879 E C02515/DISP: [0;32;31m[GetMetadata:109] <private> is not supported[m
09-28 17:52:50.553   879   879 E C01406/skia: RSBaseRenderUtil::DealWithSurfaceRotationAndGravity, GetSurfaceBufferOpaque:0
09-28 17:52:50.553   879   879 E C02515/DISP: [0;32;31m[GetMetadata:109] <private> is not supported[m
09-28 17:52:50.553   879   879 E C01406/skia: RSBaseRenderUtil::DealWithSurfaceRotationAndGravity, GetSurfaceBufferOpaque:0
09-28 17:52:50.553   879   879 E C02515/DISP: [0;32;31m[GetMetadata:109] <private> is not supported[m
09-28 17:52:50.556   879  1104 E C02515/DISP: [0;32;31m[SetMetadata:102] <private> is not supported[m
09-28 17:52:50.556   879  1104 E C02515/METADATA_SRV: [0;32;31m[SetMetadata:136]  fail[m
09-28 17:52:50.556   879  1104 E C01401/Bufferqueue: <surface_buffer_impl.cpp:714-SetMetadata>: SetMetadata Failed with -5
09-28 17:52:50.556   879  1104 E C01406/skia: SurfaceNodeDrawable DrawCommSurfaceWatermark Name:BackgroundBlurView2 Id:8465380540424 water mark count is zero
09-28 17:52:50.557   879  1104 E C01406/skia: RSBaseRenderUtil::DealWithSurfaceRotationAndGravity, GetSurfaceBufferOpaque:0
09-28 17:52:50.557   879  1104 I C01406/WRAP: AHardwareBuffer_createFromHandle index = <private> handle = <private>, ahb = <private>
09-28 17:52:50.558   879  1104 E C01406/skia: SurfaceNodeDrawable DrawCommSurfaceWatermark Name:AdapterActivityContent Id:59897613910019 water mark count is zero
09-28 17:52:50.558   879  1104 E C01406/skia: RSBaseRenderUtil::DealWithSurfaceRotationAndGravity, GetSurfaceBufferOpaque:0
09-28 17:52:50.558   879  1104 I C01406/WRAP: AHardwareBuffer_createFromHandle index = <private> handle = <private>, ahb = <private>
09-28 17:52:50.558   879  1104 E C01406/skia: SurfaceNodeDrawable DrawCommSurfaceWatermark Name:AdapterSurfaceView Id:59897613910020 water mark count is zero
09-28 17:52:50.558   879  1104 E C01406/skia: SurfaceNodeDrawable DrawCommSurfaceWatermark Name:com.a2hlab.bridge.zigzag/com.unity3d.player.UnityPlayerActivity Id:59897613910017 water mark count is zero
09-28 17:52:50.558   879  1104 E C01406/skia: SurfaceNodeDrawable DrawCommSurfaceWatermark Name:WindowScene_zigzag40 Id:8465380541336 water mark count is zero
09-28 17:52:50.559   879  1104 E C01406/skia: SurfaceNodeDrawable DrawCommSurfaceWatermark Name:SCBGestureNavBar13 Id:8465380540563 water mark count is zero
09-28 17:52:50.560   879  1104 E C01406/skia: SurfaceNodeDrawable DrawCommSurfaceWatermark Name:SCBStatusBar15 Id:8465380540646 water mark count is zero
09-28 17:52:50.562   879  1104 E C02515/DISP: [0;32;31m[GetMetadata:109] <private> is not supported[m
09-28 17:52:50.562   879  1104 E C02515/DISP: [0;32;31m[SetMetadata:102] <private> is not supported[m
09-28 17:52:50.562   879  1104 E C02515/METADATA_SRV: [0;32;31m[SetMetadata:136]  fail[m
09-28 17:52:50.562   879  1104 E C01401/Bufferqueue: <surface_buffer_impl.cpp:714-SetMetadata>: SetMetadata Failed with -5
09-28 17:52:50.562   879  1104 E C01406/skia: RSUniRenderComposerAdapter::SetBufferColorSpace set color space fail
09-28 17:52:50.568 13946 14169 I C00f00/OH_DER_VSync: onOhVsync ENTRY ts=<private> data=<private>
09-28 17:52:50.568 13946 14168 I C00f00/OH_DER_VSync: scheduleVsync ENTRY receiverPtr=0x<private>
09-28 17:52:50.568 13946 14168 I C00f00/OH_DER_VSync: scheduleVsync calling RequestFrame ohVsync=<private>
09-28 17:52:50.569 13946 14168 I C00f00/OH_DER_VSync: scheduleVsync RequestFrame rc=<private>
09-28 17:52:50.570   879  1223 E C02515/DISP: [0;32;31m[SetMetadata:102] <private> is not supported[m
09-28 17:52:50.570   879  1223 E C02515/METADATA_SRV: [0;32;31m[SetMetadata:136]  fail[m
09-28 17:52:50.570   879  1223 E C01401/Bufferqueue: <surface_buffer_impl.cpp:714-SetMetadata>: SetMetadata Failed with -5
09-28 17:52:50.572   797  4165 E C02515/DISP: [0;32;31m[SetLayerMaskInfo@display_composer_vdi_impl.cpp:404] <private> is not supported[m
09-28 17:52:50.572   879  1233 E C02515/DISP: [0;32;31m[SetMetadata:102] <private> is not supported[m
09-28 17:52:50.572   879  1233 E C02515/METADATA_SRV: [0;32;31m[SetMetadata:136]  fail[m
09-28 17:52:50.572   879  1233 E C01401/Bufferqueue: <surface_buffer_impl.cpp:714-SetMetadata>: SetMetadata Failed with -5
09-28 17:52:50.573   797  4165 E C02515/DISP: [0;32;31m[SetDisplayClientDamage@display_composer_vdi_impl.cpp:179] <private> is not supported[m
09-28 17:52:50.585 13946 14169 I C00f00/OH_DER_VSync: onOhVsync ENTRY ts=<private> data=<private>
09-28 17:52:50.585   879   879 E C02515/DISP: [0;32;31m[GetMetadata:109] <private> is not supported[m
09-28 17:52:50.585   879   879 E C02515/DISP: [0;32;31m[GetMetadata:109] <private> is not supported[m
09-28 17:52:50.585   879   879 E C02515/DISP: [0;32;31m[GetMetadata:109] <private> is not supported[m
09-28 17:52:50.585 13946 14168 I C00f00/OH_DER_VSync: scheduleVsync ENTRY receiverPtr=0x<private>
09-28 17:52:50.585 13946 14168 I C00f00/OH_DER_VSync: scheduleVsync calling RequestFrame ohVsync=<private>
09-28 17:52:50.585 13946 14168 I C00f00/OH_DER_VSync: scheduleVsync RequestFrame rc=<private>
09-28 17:52:50.586   879   879 E C01406/skia: RSBaseRenderUtil::DealWithSurfaceRotationAndGravity, GetSurfaceBufferOpaque:0
09-28 17:52:50.586   879   879 E C02515/DISP: [0;32;31m[GetMetadata:109] <private> is not supported[m
09-28 17:52:50.586   879   879 E C01406/skia: RSBaseRenderUtil::DealWithSurfaceRotationAndGravity, GetSurfaceBufferOpaque:0
09-28 17:52:50.586   879   879 E C02515/DISP: [0;32;31m[GetMetadata:109] <private> is not supported[m
09-28 17:52:50.587   879  1104 E C02515/DISP: [0;32;31m[SetMetadata:102] <private> is not supported[m
09-28 17:52:50.587   879  1104 E C02515/METADATA_SRV: [0;32;31m[SetMetadata:136]  fail[m
09-28 17:52:50.587   879  1104 E C01401/Bufferqueue: <surface_buffer_impl.cpp:714-SetMetadata>: SetMetadata Failed with -5
09-28 17:52:50.587   879  1104 E C01406/skia: SurfaceNodeDrawable DrawCommSurfaceWatermark Name:BackgroundBlurView2 Id:8465380540424 water mark count is zero
09-28 17:52:50.587   879  1104 E C01406/skia: RSBaseRenderUtil::DealWithSurfaceRotationAndGravity, GetSurfaceBufferOpaque:0
09-28 17:52:50.588   879  1104 I C01406/WRAP: AHardwareBuffer_createFromHandle index = <private> handle = <private>, ahb = <private>
09-28 17:52:50.588   879  1104 E C01406/skia: SurfaceNodeDrawable DrawCommSurfaceWatermark Name:AdapterActivityContent Id:59897613910019 water mark count is zero
09-28 17:52:50.588   879  1104 E C01406/skia: RSBaseRenderUtil::DealWithSurfaceRotationAndGravity, GetSurfaceBufferOpaque:0
09-28 17:52:50.588   879  1104 I C01406/WRAP: AHardwareBuffer_createFromHandle index = <private> handle = <private>, ahb = <private>
09-28 17:52:50.588   879  1104 E C01406/skia: SurfaceNodeDrawable DrawCommSurfaceWatermark Name:AdapterSurfaceView Id:59897613910020 water mark count is zero
09-28 17:52:50.588   879  1104 E C01406/skia: SurfaceNodeDrawable DrawCommSurfaceWatermark Name:com.a2hlab.bridge.zigzag/com.unity3d.player.UnityPlayerActivity Id:59897613910017 water mark count is zero
09-28 17:52:50.588   879  1104 E C01406/skia: SurfaceNodeDrawable DrawCommSurfaceWatermark Name:WindowScene_zigzag40 Id:8465380541336 water mark count is zero
09-28 17:52:50.589   879  1104 E C01406/skia: SurfaceNodeDrawable DrawCommSurfaceWatermark Name:SCBGestureNavBar13 Id:8465380540563 water mark count is zero
09-28 17:52:50.589   879  1104 E C01406/skia: SurfaceNodeDrawable DrawCommSurfaceWatermark Name:SCBStatusBar15 Id:8465380540646 water mark count is zero
09-28 17:52:50.592   879  1104 E C02515/DISP: [0;32;31m[GetMetadata:109] <private> is not supported[m
09-28 17:52:50.592   879  1104 E C02515/DISP: [0;32;31m[SetMetadata:102] <private> is not supported[m
09-28 17:52:50.592   879  1104 E C02515/METADATA_SRV: [0;32;31m[SetMetadata:136]  fail[m
09-28 17:52:50.592   879  1104 E C01401/Bufferqueue: <surface_buffer_impl.cpp:714-SetMetadata>: SetMetadata Failed with -5
09-28 17:52:50.592   879  1104 E C01406/skia: RSUniRenderComposerAdapter::SetBufferColorSpace set color space fail
09-28 17:52:50.602 13946 14169 I C00f00/OH_DER_VSync: onOhVsync ENTRY ts=<private> data=<private>
09-28 17:52:50.602 13946 14168 I C00f00/OH_DER_VSync: scheduleVsync ENTRY receiverPtr=0x<private>
09-28 17:52:50.602 13946 14168 I C00f00/OH_DER_VSync: scheduleVsync calling RequestFrame ohVsync=<private>
09-28 17:52:50.602 13946 14168 I C00f00/OH_DER_VSync: scheduleVsync RequestFrame rc=<private>
09-28 17:52:50.604   879  1223 E C02515/DISP: [0;32;31m[SetMetadata:102] <private> is not supported[m
09-28 17:52:50.604   879  1223 E C02515/METADATA_SRV: [0;32;31m[SetMetadata:136]  fail[m
09-28 17:52:50.604   879  1223 E C01401/Bufferqueue: <surface_buffer_impl.cpp:714-SetMetadata>: SetMetadata Failed with -5
09-28 17:52:50.604   797  4165 E C02515/DISP: [0;32;31m[SetLayerMaskInfo@display_composer_vdi_impl.cpp:404] <private> is not supported[m
09-28 17:52:50.605   879  1233 E C02515/DISP: [0;32;31m[SetMetadata:102] <private> is not supported[m
09-28 17:52:50.605   879  1233 E C02515/METADATA_SRV: [0;32;31m[SetMetadata:136]  fail[m
09-28 17:52:50.605   879  1233 E C01401/Bufferqueue: <surface_buffer_impl.cpp:714-SetMetadata>: SetMetadata Failed with -5
09-28 17:52:50.606   797  4165 E C02515/DISP: [0;32;31m[SetDisplayClientDamage@display_composer_vdi_impl.cpp:179] <private> is not supported[m
09-28 17:52:50.618 13946 14169 I C00f00/OH_DER_VSync: onOhVsync ENTRY ts=<private> data=<private>
09-28 17:52:50.618   879   879 E C02515/DISP: [0;32;31m[GetMetadata:109] <private> is not supported[m
09-28 17:52:50.618   879   879 E C02515/DISP: [0;32;31m[GetMetadata:109] <private> is not supported[m
09-28 17:52:50.618   879   879 E C02515/DISP: [0;32;31m[GetMetadata:109] <private> is not supported[m
09-28 17:52:50.618 13946 14168 I C00f00/OH_DER_VSync: scheduleVsync ENTRY receiverPtr=0x<private>
09-28 17:52:50.618 13946 14168 I C00f00/OH_DER_VSync: scheduleVsync calling RequestFrame ohVsync=<private>
09-28 17:52:50.619 13946 14168 I C00f00/OH_DER_VSync: scheduleVsync RequestFrame rc=<private>
09-28 17:52:50.619   879   879 E C01406/skia: RSBaseRenderUtil::DealWithSurfaceRotationAndGravity, GetSurfaceBufferOpaque:0
09-28 17:52:50.619   879   879 E C02515/DISP: [0;32;31m[GetMetadata:109] <private> is not supported[m
09-28 17:52:50.619   879   879 E C01406/skia: RSBaseRenderUtil::DealWithSurfaceRotationAndGravity, GetSurfaceBufferOpaque:0
09-28 17:52:50.619   879   879 E C02515/DISP: [0;32;31m[GetMetadata:109] <private> is not supported[m
09-28 17:52:50.620   879  1104 E C02515/DISP: [0;32;31m[SetMetadata:102] <private> is not supported[m
09-28 17:52:50.620   879  1104 E C02515/METADATA_SRV: [0;32;31m[SetMetadata:136]  fail[m
09-28 17:52:50.620   879  1104 E C01401/Bufferqueue: <surface_buffer_impl.cpp:714-SetMetadata>: SetMetadata Failed with -5
09-28 17:52:50.621   879  1104 E C01406/skia: SurfaceNodeDrawable DrawCommSurfaceWatermark Name:BackgroundBlurView2 Id:8465380540424 water mark count is zero
09-28 17:52:50.621   879  1104 E C01406/skia: RSBaseRenderUtil::DealWithSurfaceRotationAndGravity, GetSurfaceBufferOpaque:0
09-28 17:52:50.621   879  1104 I C01406/WRAP: AHardwareBuffer_createFromHandle index = <private> handle = <private>, ahb = <private>
09-28 17:52:50.621   879  1104 E C01406/skia: SurfaceNodeDrawable DrawCommSurfaceWatermark Name:AdapterActivityContent Id:59897613910019 water mark count is zero
09-28 17:52:50.621   879  1104 E C01406/skia: RSBaseRenderUtil::DealWithSurfaceRotationAndGravity, GetSurfaceBufferOpaque:0
09-28 17:52:50.621   879  1104 I C01406/WRAP: AHardwareBuffer_createFromHandle index = <private> handle = <private>, ahb = <private>
09-28 17:52:50.621   879  1104 E C01406/skia: SurfaceNodeDrawable DrawCommSurfaceWatermark Name:AdapterSurfaceView Id:59897613910020 water mark count is zero
09-28 17:52:50.621   879  1104 E C01406/skia: SurfaceNodeDrawable DrawCommSurfaceWatermark Name:com.a2hlab.bridge.zigzag/com.unity3d.player.UnityPlayerActivity Id:59897613910017 water mark count is zero
09-28 17:52:50.622   879  1104 E C01406/skia: SurfaceNodeDrawable DrawCommSurfaceWatermark Name:WindowScene_zigzag40 Id:8465380541336 water mark count is zero
09-28 17:52:50.622   879  1104 E C01406/skia: SurfaceNodeDrawable DrawCommSurfaceWatermark Name:SCBGestureNavBar13 Id:8465380540563 water mark count is zero
09-28 17:52:50.622   879  1104 E C01406/skia: SurfaceNodeDrawable DrawCommSurfaceWatermark Name:SCBStatusBar15 Id:8465380540646 water mark count is zero
09-28 17:52:50.624   879  1104 E C02515/DISP: [0;32;31m[GetMetadata:109] <private> is not supported[m
09-28 17:52:50.624   879  1104 E C02515/DISP: [0;32;31m[SetMetadata:102] <private> is not supported[m
09-28 17:52:50.624   879  1104 E C02515/METADATA_SRV: [0;32;31m[SetMetadata:136]  fail[m
09-28 17:52:50.624   879  1104 E C01401/Bufferqueue: <surface_buffer_impl.cpp:714-SetMetadata>: SetMetadata Failed with -5
09-28 17:52:50.624   879  1104 E C01406/skia: RSUniRenderComposerAdapter::SetBufferColorSpace set color space fail
09-28 17:52:50.635 13946 14169 I C00f00/OH_DER_VSync: onOhVsync ENTRY ts=<private> data=<private>
09-28 17:52:50.635 13946 14168 I C00f00/OH_DER_VSync: scheduleVsync ENTRY receiverPtr=0x<private>
09-28 17:52:50.635 13946 14168 I C00f00/OH_DER_VSync: scheduleVsync calling RequestFrame ohVsync=<private>
09-28 17:52:50.635 13946 14168 I C00f00/OH_DER_VSync: scheduleVsync RequestFrame rc=<private>
09-28 17:52:50.637   879  1223 E C02515/DISP: [0;32;31m[SetMetadata:102] <private> is not supported[m
09-28 17:52:50.637   879  1223 E C02515/METADATA_SRV: [0;32;31m[SetMetadata:136]  fail[m
09-28 17:52:50.637   879  1223 E C01401/Bufferqueue: <surface_buffer_impl.cpp:714-SetMetadata>: SetMetadata Failed with -5
09-28 17:52:50.637   797  4165 E C02515/DISP: [0;32;31m[SetLayerMaskInfo@display_composer_vdi_impl.cpp:404] <private> is not supported[m
09-28 17:52:50.638   879  1233 E C02515/DISP: [0;32;31m[SetMetadata:102] <private> is not supported[m
09-28 17:52:50.638   879  1233 E C02515/METADATA_SRV: [0;32;31m[SetMetadata:136]  fail[m
09-28 17:52:50.638   879  1233 E C01401/Bufferqueue: <surface_buffer_impl.cpp:714-SetMetadata>: SetMetadata Failed with -5
09-28 17:52:50.639   797  4165 E C02515/DISP: [0;32;31m[SetDisplayClientDamage@display_composer_vdi_impl.cpp:179] <private> is not supported[m
09-28 17:52:50.642   545  1690 I C01f11/CHMG: <private> len:<private> AT< <private>
09-28 17:52:50.642   545  1690 I C01f11/CHMG: [<private>] INDM
09-28 17:52:50.642   545  1690 I C01f11/CHMG: tpye:<private>, num:<private>, sim_id:<private>
09-28 17:52:50.642   545  1690 I C01f11/CHMG: s_ind_pty[<private>]->used:<private>
09-28 17:52:50.642   545  1690 I C01f11/CHMG: get lock
09-28 17:52:50.642   545  1690 I C01f11/CHMG: PS_PTY:<private> length <private> write <:<private>
09-28 17:52:50.643   545  1690 I C01f11/CHMG: write done
09-28 17:52:50.643   545  1690 I C01f11/CHMG: free lock
09-28 17:52:50.643   769  1728 I C01f10/AT-CHANNEL: <private>: AT< <private>
09-28 17:52:50.643   769  1728 I C01f09/TELE-NETWORK: newLine = <private>
09-28 17:52:50.652 13946 14169 I C00f00/OH_DER_VSync: onOhVsync ENTRY ts=<private> data=<private>
09-28 17:52:50.652 13946 14168 I C00f00/OH_DER_VSync: scheduleVsync ENTRY receiverPtr=0x<private>
09-28 17:52:50.652 13946 14168 I C00f00/OH_DER_VSync: scheduleVsync calling RequestFrame ohVsync=<private>
09-28 17:52:50.652   879   879 E C02515/DISP: [0;32;31m[GetMetadata:109] <private> is not supported[m
09-28 17:52:50.652 13946 14168 I C00f00/OH_DER_VSync: scheduleVsync RequestFrame rc=<private>
09-28 17:52:50.652   879   879 E C02515/DISP: [0;32;31m[GetMetadata:109] <private> is not supported[m
09-28 17:52:50.652   879   879 E C02515/DISP: [0;32;31m[GetMetadata:109] <private> is not supported[m
09-28 17:52:50.653   879   879 E C01406/skia: RSBaseRenderUtil::DealWithSurfaceRotationAndGravity, GetSurfaceBufferOpaque:0
09-28 17:52:50.653   879   879 E C02515/DISP: [0;32;31m[GetMetadata:109] <private> is not supported[m
09-28 17:52:50.653   879   879 E C01406/skia: RSBaseRenderUtil::DealWithSurfaceRotationAndGravity, GetSurfaceBufferOpaque:0
09-28 17:52:50.654   879   879 E C02515/DISP: [0;32;31m[GetMetadata:109] <private> is not supported[m
09-28 17:52:50.655   879  1104 E C02515/DISP: [0;32;31m[SetMetadata:102] <private> is not supported[m
09-28 17:52:50.655   879  1104 E C02515/METADATA_SRV: [0;32;31m[SetMetadata:136]  fail[m
09-28 17:52:50.655   879  1104 E C01401/Bufferqueue: <surface_buffer_impl.cpp:714-SetMetadata>: SetMetadata Failed with -5
09-28 17:52:50.656   879  1104 E C01406/skia: SurfaceNodeDrawable DrawCommSurfaceWatermark Name:BackgroundBlurView2 Id:8465380540424 water mark count is zero
09-28 17:52:50.656   879  1104 E C01406/skia: RSBaseRenderUtil::DealWithSurfaceRotationAndGravity, GetSurfaceBufferOpaque:0
09-28 17:52:50.656   879  1104 I C01406/WRAP: AHardwareBuffer_createFromHandle index = <private> handle = <private>, ahb = <private>
09-28 17:52:50.656   879  1104 E C01406/skia: SurfaceNodeDrawable DrawCommSurfaceWatermark Name:AdapterActivityContent Id:59897613910019 water mark count is zero
09-28 17:52:50.656   879  1104 E C01406/skia: RSBaseRenderUtil::DealWithSurfaceRotationAndGravity, GetSurfaceBufferOpaque:0
09-28 17:52:50.657   879  1104 I C01406/WRAP: AHardwareBuffer_createFromHandle index = <private> handle = <private>, ahb = <private>
09-28 17:52:50.657   879  1104 E C01406/skia: SurfaceNodeDrawable DrawCommSurfaceWatermark Name:AdapterSurfaceView Id:59897613910020 water mark count is zero
09-28 17:52:50.657   879  1104 E C01406/skia: SurfaceNodeDrawable DrawCommSurfaceWatermark Name:com.a2hlab.bridge.zigzag/com.unity3d.player.UnityPlayerActivity Id:59897613910017 water mark count is zero
09-28 17:52:50.657   879  1104 E C01406/skia: SurfaceNodeDrawable DrawCommSurfaceWatermark Name:WindowScene_zigzag40 Id:8465380541336 water mark count is zero
09-28 17:52:50.657   879  1104 E C01406/skia: SurfaceNodeDrawable DrawCommSurfaceWatermark Name:SCBGestureNavBar13 Id:8465380540563 water mark count is zero
09-28 17:52:50.657   879  1104 E C01406/skia: SurfaceNodeDrawable DrawCommSurfaceWatermark Name:SCBStatusBar15 Id:8465380540646 water mark count is zero
09-28 17:52:50.659   879  1104 E C02515/DISP: [0;32;31m[GetMetadata:109] <private> is not supported[m
09-28 17:52:50.659   879  1104 E C02515/DISP: [0;32;31m[SetMetadata:102] <private> is not supported[m
09-28 17:52:50.659   879  1104 E C02515/METADATA_SRV: [0;32;31m[SetMetadata:136]  fail[m
09-28 17:52:50.659   879  1104 E C01401/Bufferqueue: <surface_buffer_impl.cpp:714-SetMetadata>: SetMetadata Failed with -5
09-28 17:52:50.659   879  1104 E C01406/skia: RSUniRenderComposerAdapter::SetBufferColorSpace set color space fail
09-28 17:52:50.668 13946 14169 I C00f00/OH_DER_VSync: onOhVsync ENTRY ts=<private> data=<private>
09-28 17:52:50.668 13946 14168 I C00f00/OH_DER_VSync: scheduleVsync ENTRY receiverPtr=0x<private>
09-28 17:52:50.669 13946 14168 I C00f00/OH_DER_VSync: scheduleVsync calling RequestFrame ohVsync=<private>
09-28 17:52:50.669 13946 14168 I C00f00/OH_DER_VSync: scheduleVsync RequestFrame rc=<private>
09-28 17:52:50.670   879  1223 E C02515/DISP: [0;32;31m[SetMetadata:102] <private> is not supported[m
09-28 17:52:50.670   879  1223 E C02515/METADATA_SRV: [0;32;31m[SetMetadata:136]  fail[m
09-28 17:52:50.670   879  1223 E C01401/Bufferqueue: <surface_buffer_impl.cpp:714-SetMetadata>: SetMetadata Failed with -5
09-28 17:52:50.671   797  4165 E C02515/DISP: [0;32;31m[SetLayerMaskInfo@display_composer_vdi_impl.cpp:404] <private> is not supported[m
09-28 17:52:50.672   879  1233 E C02515/DISP: [0;32;31m[SetMetadata:102] <private> is not supported[m
09-28 17:52:50.672   879  1233 E C02515/METADATA_SRV: [0;32;31m[SetMetadata:136]  fail[m
09-28 17:52:50.672   879  1233 E C01401/Bufferqueue: <surface_buffer_impl.cpp:714-SetMetadata>: SetMetadata Failed with -5
09-28 17:52:50.672   797  4165 E C02515/DISP: [0;32;31m[SetDisplayClientDamage@display_composer_vdi_impl.cpp:179] <private> is not supported[m
09-28 17:52:50.685 13946 14169 I C00f00/OH_DER_VSync: onOhVsync ENTRY ts=<private> data=<private>
09-28 17:52:50.685 13946 14168 I C00f00/OH_DER_VSync: scheduleVsync ENTRY receiverPtr=0x<private>
09-28 17:52:50.685 13946 14168 I C00f00/OH_DER_VSync: scheduleVsync calling RequestFrame ohVsync=<private>
09-28 17:52:50.685   879   879 E C02515/DISP: [0;32;31m[GetMetadata:109] <private> is not supported[m
09-28 17:52:50.685 13946 14168 I C00f00/OH_DER_VSync: scheduleVsync RequestFrame rc=<private>
09-28 17:52:50.685   879   879 E C02515/DISP: [0;32;31m[GetMetadata:109] <private> is not supported[m
09-28 17:52:50.685   879   879 E C02515/DISP: [0;32;31m[GetMetadata:109] <private> is not supported[m
09-28 17:52:50.687   879   879 E C01406/skia: RSBaseRenderUtil::DealWithSurfaceRotationAndGravity, GetSurfaceBufferOpaque:0
09-28 17:52:50.687   879   879 E C02515/DISP: [0;32;31m[GetMetadata:109] <private> is not supported[m
09-28 17:52:50.687   879   879 E C01406/skia: RSBaseRenderUtil::DealWithSurfaceRotationAndGravity, GetSurfaceBufferOpaque:0
09-28 17:52:50.687   879   879 E C02515/DISP: [0;32;31m[GetMetadata:109] <private> is not supported[m
09-28 17:52:50.689   879  1104 E C02515/DISP: [0;32;31m[SetMetadata:102] <private> is not supported[m
09-28 17:52:50.689   879  1104 E C02515/METADATA_SRV: [0;32;31m[SetMetadata:136]  fail[m
09-28 17:52:50.689   879  1104 E C01401/Bufferqueue: <surface_buffer_impl.cpp:714-SetMetadata>: SetMetadata Failed with -5
09-28 17:52:50.689   879  1104 E C01406/skia: SurfaceNodeDrawable DrawCommSurfaceWatermark Name:BackgroundBlurView2 Id:8465380540424 water mark count is zero
09-28 17:52:50.689   879  1104 E C01406/skia: RSBaseRenderUtil::DealWithSurfaceRotationAndGravity, GetSurfaceBufferOpaque:0
09-28 17:52:50.690   879  1104 I C01406/WRAP: AHardwareBuffer_createFromHandle index = <private> handle = <private>, ahb = <private>
09-28 17:52:50.690   879  1104 E C01406/skia: SurfaceNodeDrawable DrawCommSurfaceWatermark Name:AdapterActivityContent Id:59897613910019 water mark count is zero
09-28 17:52:50.690   879  1104 E C01406/skia: RSBaseRenderUtil::DealWithSurfaceRotationAndGravity, GetSurfaceBufferOpaque:0
09-28 17:52:50.690   879  1104 I C01406/WRAP: AHardwareBuffer_createFromHandle index = <private> handle = <private>, ahb = <private>
09-28 17:52:50.690   879  1104 E C01406/skia: SurfaceNodeDrawable DrawCommSurfaceWatermark Name:AdapterSurfaceView Id:59897613910020 water mark count is zero
09-28 17:52:50.690   879  1104 E C01406/skia: SurfaceNodeDrawable DrawCommSurfaceWatermark Name:com.a2hlab.bridge.zigzag/com.unity3d.player.UnityPlayerActivity Id:59897613910017 water mark count is zero
09-28 17:52:50.690   879  1104 E C01406/skia: SurfaceNodeDrawable DrawCommSurfaceWatermark Name:WindowScene_zigzag40 Id:8465380541336 water mark count is zero
09-28 17:52:50.691   879  1104 E C01406/skia: SurfaceNodeDrawable DrawCommSurfaceWatermark Name:SCBGestureNavBar13 Id:8465380540563 water mark count is zero
09-28 17:52:50.691   879  1104 E C01406/skia: SurfaceNodeDrawable DrawCommSurfaceWatermark Name:SCBStatusBar15 Id:8465380540646 water mark count is zero
09-28 17:52:50.693   879  1104 E C02515/DISP: [0;32;31m[GetMetadata:109] <private> is not supported[m
09-28 17:52:50.693   879  1104 E C02515/DISP: [0;32;31m[SetMetadata:102] <private> is not supported[m
09-28 17:52:50.693   879  1104 E C02515/METADATA_SRV: [0;32;31m[SetMetadata:136]  fail[m
09-28 17:52:50.693   879  1104 E C01401/Bufferqueue: <surface_buffer_impl.cpp:714-SetMetadata>: SetMetadata Failed with -5
09-28 17:52:50.693   879  1104 E C01406/skia: RSUniRenderComposerAdapter::SetBufferColorSpace set color space fail
09-28 17:52:50.702 13946 14169 I C00f00/OH_DER_VSync: onOhVsync ENTRY ts=<private> data=<private>
09-28 17:52:50.702 13946 14168 I C00f00/OH_DER_VSync: scheduleVsync ENTRY receiverPtr=0x<private>
09-28 17:52:50.702 13946 14168 I C00f00/OH_DER_VSync: scheduleVsync calling RequestFrame ohVsync=<private>
09-28 17:52:50.702 13946 14168 I C00f00/OH_DER_VSync: scheduleVsync RequestFrame rc=<private>
09-28 17:52:50.704   879  1223 E C02515/DISP: [0;32;31m[SetMetadata:102] <private> is not supported[m
09-28 17:52:50.704   879  1223 E C02515/METADATA_SRV: [0;32;31m[SetMetadata:136]  fail[m
09-28 17:52:50.704   879  1223 E C01401/Bufferqueue: <surface_buffer_impl.cpp:714-SetMetadata>: SetMetadata Failed with -5
09-28 17:52:50.705   797  4165 E C02515/DISP: [0;32;31m[SetLayerMaskInfo@display_composer_vdi_impl.cpp:404] <private> is not supported[m
09-28 17:52:50.705   879  1233 E C02515/DISP: [0;32;31m[SetMetadata:102] <private> is not supported[m
09-28 17:52:50.705   879  1233 E C02515/METADATA_SRV: [0;32;31m[SetMetadata:136]  fail[m
09-28 17:52:50.705   879  1233 E C01401/Bufferqueue: <surface_buffer_impl.cpp:714-SetMetadata>: SetMetadata Failed with -5
09-28 17:52:50.706   797  4165 E C02515/DISP: [0;32;31m[SetDisplayClientDamage@display_composer_vdi_impl.cpp:179] <private> is not supported[m
09-28 17:52:50.718 13946 14169 I C00f00/OH_DER_VSync: onOhVsync ENTRY ts=<private> data=<private>
09-28 17:52:50.719 13946 14168 I C00f00/OH_DER_VSync: scheduleVsync ENTRY receiverPtr=0x<private>
09-28 17:52:50.719 13946 14168 I C00f00/OH_DER_VSync: scheduleVsync calling RequestFrame ohVsync=<private>
09-28 17:52:50.719   879   879 E C02515/DISP: [0;32;31m[GetMetadata:109] <private> is not supported[m
09-28 17:52:50.719 13946 14168 I C00f00/OH_DER_VSync: scheduleVsync RequestFrame rc=<private>
09-28 17:52:50.719   879   879 E C02515/DISP: [0;32;31m[GetMetadata:109] <private> is not supported[m
09-28 17:52:50.719   879   879 E C02515/DISP: [0;32;31m[GetMetadata:109] <private> is not supported[m
09-28 17:52:50.720   879   879 E C01406/skia: RSBaseRenderUtil::DealWithSurfaceRotationAndGravity, GetSurfaceBufferOpaque:0
09-28 17:52:50.720   879   879 E C02515/DISP: [0;32;31m[GetMetadata:109] <private> is not supported[m
09-28 17:52:50.720   879   879 E C01406/skia: RSBaseRenderUtil::DealWithSurfaceRotationAndGravity, GetSurfaceBufferOpaque:0
09-28 17:52:50.720   879   879 E C02515/DISP: [0;32;31m[GetMetadata:109] <private> is not supported[m
09-28 17:52:50.722   879  1104 E C02515/DISP: [0;32;31m[SetMetadata:102] <private> is not supported[m
09-28 17:52:50.722   879  1104 E C02515/METADATA_SRV: [0;32;31m[SetMetadata:136]  fail[m
09-28 17:52:50.722   879  1104 E C01401/Bufferqueue: <surface_buffer_impl.cpp:714-SetMetadata>: SetMetadata Failed with -5
09-28 17:52:50.723   879  1104 E C01406/skia: SurfaceNodeDrawable DrawCommSurfaceWatermark Name:BackgroundBlurView2 Id:8465380540424 water mark count is zero
09-28 17:52:50.723   879  1104 E C01406/skia: RSBaseRenderUtil::DealWithSurfaceRotationAndGravity, GetSurfaceBufferOpaque:0
09-28 17:52:50.724   879  1104 I C01406/WRAP: AHardwareBuffer_createFromHandle index = <private> handle = <private>, ahb = <private>
09-28 17:52:50.724   879  1104 E C01406/skia: SurfaceNodeDrawable DrawCommSurfaceWatermark Name:AdapterActivityContent Id:59897613910019 water mark count is zero
09-28 17:52:50.724   879  1104 E C01406/skia: RSBaseRenderUtil::DealWithSurfaceRotationAndGravity, GetSurfaceBufferOpaque:0
09-28 17:52:50.725   879  1104 I C01406/WRAP: AHardwareBuffer_createFromHandle index = <private> handle = <private>, ahb = <private>
09-28 17:52:50.725   879  1104 E C01406/skia: SurfaceNodeDrawable DrawCommSurfaceWatermark Name:AdapterSurfaceView Id:59897613910020 water mark count is zero
09-28 17:52:50.725   879  1104 E C01406/skia: SurfaceNodeDrawable DrawCommSurfaceWatermark Name:com.a2hlab.bridge.zigzag/com.unity3d.player.UnityPlayerActivity Id:59897613910017 water mark count is zero
09-28 17:52:50.725   879  1104 E C01406/skia: SurfaceNodeDrawable DrawCommSurfaceWatermark Name:WindowScene_zigzag40 Id:8465380541336 water mark count is zero
09-28 17:52:50.726   879  1104 E C01406/skia: SurfaceNodeDrawable DrawCommSurfaceWatermark Name:SCBGestureNavBar13 Id:8465380540563 water mark count is zero
09-28 17:52:50.726   879  1104 E C01406/skia: SurfaceNodeDrawable DrawCommSurfaceWatermark Name:SCBStatusBar15 Id:8465380540646 water mark count is zero
09-28 17:52:50.729   879  1104 E C02515/DISP: [0;32;31m[GetMetadata:109] <private> is not supported[m
09-28 17:52:50.729   879  1104 E C02515/DISP: [0;32;31m[SetMetadata:102] <private> is not supported[m
09-28 17:52:50.729   879  1104 E C02515/METADATA_SRV: [0;32;31m[SetMetadata:136]  fail[m
09-28 17:52:50.729   879  1104 E C01401/Bufferqueue: <surface_buffer_impl.cpp:714-SetMetadata>: SetMetadata Failed with -5
09-28 17:52:50.729   879  1104 E C01406/skia: RSUniRenderComposerAdapter::SetBufferColorSpace set color space fail
09-28 17:52:50.735 13946 14169 I C00f00/OH_DER_VSync: onOhVsync ENTRY ts=<private> data=<private>
09-28 17:52:50.735 13946 14168 I C00f00/OH_DER_VSync: scheduleVsync ENTRY receiverPtr=0x<private>
09-28 17:52:50.735 13946 14168 I C00f00/OH_DER_VSync: scheduleVsync calling RequestFrame ohVsync=<private>
09-28 17:52:50.735 13946 14168 I C00f00/OH_DER_VSync: scheduleVsync RequestFrame rc=<private>
09-28 17:52:50.737   879  1223 E C02515/DISP: [0;32;31m[SetMetadata:102] <private> is not supported[m
09-28 17:52:50.737   879  1223 E C02515/METADATA_SRV: [0;32;31m[SetMetadata:136]  fail[m
09-28 17:52:50.737   879  1223 E C01401/Bufferqueue: <surface_buffer_impl.cpp:714-SetMetadata>: SetMetadata Failed with -5
09-28 17:52:50.738   797  4165 E C02515/DISP: [0;32;31m[SetLayerMaskInfo@display_composer_vdi_impl.cpp:404] <private> is not supported[m
09-28 17:52:50.739   879  1233 E C02515/DISP: [0;32;31m[SetMetadata:102] <private> is not supported[m
09-28 17:52:50.739   879  1233 E C02515/METADATA_SRV: [0;32;31m[SetMetadata:136]  fail[m
09-28 17:52:50.739   879  1233 E C01401/Bufferqueue: <surface_buffer_impl.cpp:714-SetMetadata>: SetMetadata Failed with -5
09-28 17:52:50.739   797  4165 E C02515/DISP: [0;32;31m[SetDisplayClientDamage@display_composer_vdi_impl.cpp:179] <private> is not supported[m
09-28 17:52:50.752 13946 14169 I C00f00/OH_DER_VSync: onOhVsync ENTRY ts=<private> data=<private>
09-28 17:52:50.752   879   879 E C02515/DISP: [0;32;31m[GetMetadata:109] <private> is not supported[m
09-28 17:52:50.752 13946 14168 I C00f00/OH_DER_VSync: scheduleVsync ENTRY receiverPtr=0x<private>
09-28 17:52:50.752 13946 14168 I C00f00/OH_DER_VSync: scheduleVsync calling RequestFrame ohVsync=<private>
09-28 17:52:50.752   879   879 E C02515/DISP: [0;32;31m[GetMetadata:109] <private> is not supported[m
09-28 17:52:50.752   879   879 E C02515/DISP: [0;32;31m[GetMetadata:109] <private> is not supported[m
09-28 17:52:50.752 13946 14168 I C00f00/OH_DER_VSync: scheduleVsync RequestFrame rc=<private>
09-28 17:52:50.752   921  1220 I C02d13/HDC_LOG: [daemon.cpp:1142] FetchCommand channelId:2864575130 command:1001
09-28 17:52:50.752   921  1220 I C02d13/HDC_LOG: [session.cpp:1652] New HTaskInfo cid:2864575130 sid:252******606(L:10) command:1001
09-28 17:52:50.753   921  1220 I C02d13/HDC_LOG: [session.cpp:891] AdminTask add task type:0 cid:2864575130 sid:252******606(L:10) mapsize:2
09-28 17:52:50.753   921  1220 I C02d13/HDC_LOG: [task.cpp:34] HdcTaskBase type:0 cid:2864575130 sid:252******606(L:10)
09-28 17:52:50.753   921  1220 I C02d13/HDC_LOG: [daemon_unity.cpp:414] Unity CommandDispatch command:1001 cid:2864575130 sid:252******606(L:10)
09-28 17:52:50.753   921  1220 W C02d13/HDC_LOG: [async_cmd.cpp:114] GetDevItem false key:persist.hdc.root
09-28 17:52:50.753   879   879 E C01406/skia: RSBaseRenderUtil::DealWithSurfaceRotationAndGravity, GetSurfaceBufferOpaque:0
09-28 17:52:50.753   879   879 E C02515/DISP: [0;32;31m[GetMetadata:109] <private> is not supported[m
09-28 17:52:50.753   879   879 E C01406/skia: RSBaseRenderUtil::DealWithSurfaceRotationAndGravity, GetSurfaceBufferOpaque:0
09-28 17:52:50.753   879   879 E C02515/DISP: [0;32;31m[GetMetadata:109] <private> is not supported[m
09-28 17:52:50.753   921 14679 I C02d13/HDC_LOG: [async_cmd.cpp:225] Popen pipe fds[pipeRead]:33 fds[pipeWrite]:34, mode 0
09-28 17:52:50.754   879  1104 E C02515/DISP: [0;32;31m[SetMetadata:102] <private> is not supported[m
09-28 17:52:50.754   879  1104 E C02515/METADATA_SRV: [0;32;31m[SetMetadata:136]  fail[m
09-28 17:52:50.754   879  1104 E C01401/Bufferqueue: <surface_buffer_impl.cpp:714-SetMetadata>: SetMetadata Failed with -5
09-28 17:52:50.754   879  1104 E C01406/skia: SurfaceNodeDrawable DrawCommSurfaceWatermark Name:BackgroundBlurView2 Id:8465380540424 water mark count is zero
09-28 17:52:50.754   879  1104 E C01406/skia: RSBaseRenderUtil::DealWithSurfaceRotationAndGravity, GetSurfaceBufferOpaque:0
09-28 17:52:50.754   879  1104 I C01406/WRAP: AHardwareBuffer_createFromHandle index = <private> handle = <private>, ahb = <private>
09-28 17:52:50.755   879  1104 E C01406/skia: SurfaceNodeDrawable DrawCommSurfaceWatermark Name:AdapterActivityContent Id:59897613910019 water mark count is zero
09-28 17:52:50.755   879  1104 E C01406/skia: RSBaseRenderUtil::DealWithSurfaceRotationAndGravity, GetSurfaceBufferOpaque:0
09-28 17:52:50.755   879  1104 I C01406/WRAP: AHardwareBuffer_createFromHandle index = <private> handle = <private>, ahb = <private>
09-28 17:52:50.755   879  1104 E C01406/skia: SurfaceNodeDrawable DrawCommSurfaceWatermark Name:AdapterSurfaceView Id:59897613910020 water mark count is zero
09-28 17:52:50.755   879  1104 E C01406/skia: SurfaceNodeDrawable DrawCommSurfaceWatermark Name:com.a2hlab.bridge.zigzag/com.unity3d.player.UnityPlayerActivity Id:59897613910017 water mark count is zero
09-28 17:52:50.755   879  1104 E C01406/skia: SurfaceNodeDrawable DrawCommSurfaceWatermark Name:WindowScene_zigzag40 Id:8465380541336 water mark count is zero
09-28 17:52:50.756   879  1104 E C01406/skia: SurfaceNodeDrawable DrawCommSurfaceWatermark Name:SCBGestureNavBar13 Id:8465380540563 water mark count is zero
09-28 17:52:50.756   879  1104 E C01406/skia: SurfaceNodeDrawable DrawCommSurfaceWatermark Name:SCBStatusBar15 Id:8465380540646 water mark count is zero
09-28 17:52:50.757   921  1220 I C02d13/HDC_LOG: [async_cmd.cpp:291] ExecuteCommand cmd:param get const.product.os.dist.apiname fd:33 pid:14680
09-28 17:52:50.757   921  1220 I C02d13/HDC_LOG: [daemon_unity.cpp:486] Unity CommandDispatch command:1001 finish cid:2864575130 sid:252******606(L:10)
09-28 17:52:50.758 14680 14680 W C02d13/HDC_LOG: [async_cmd.cpp:140] SetSelinuxLabel con:u:r:su:s0 isRoot:0
09-28 17:52:50.759   879  1104 E C02515/DISP: [0;32;31m[GetMetadata:109] <private> is not supported[m
09-28 17:52:50.759   879  1104 E C02515/DISP: [0;32;31m[SetMetadata:102] <private> is not supported[m
09-28 17:52:50.759   879  1104 E C02515/METADATA_SRV: [0;32;31m[SetMetadata:136]  fail[m
09-28 17:52:50.759   879  1104 E C01401/Bufferqueue: <surface_buffer_impl.cpp:714-SetMetadata>: SetMetadata Failed with -5
09-28 17:52:50.759   879  1104 E C01406/skia: RSUniRenderComposerAdapter::SetBufferColorSpace set color space fail
09-28 17:52:50.768 13946 14169 I C00f00/OH_DER_VSync: onOhVsync ENTRY ts=<private> data=<private>
09-28 17:52:50.769 13946 14168 I C00f00/OH_DER_VSync: scheduleVsync ENTRY receiverPtr=0x<private>
09-28 17:52:50.769 13946 14168 I C00f00/OH_DER_VSync: scheduleVsync calling RequestFrame ohVsync=<private>
09-28 17:52:50.769 13946 14168 I C00f00/OH_DER_VSync: scheduleVsync RequestFrame rc=<private>
09-28 17:52:50.770   879  1223 E C02515/DISP: [0;32;31m[SetMetadata:102] <private> is not supported[m
09-28 17:52:50.770   879  1223 E C02515/METADATA_SRV: [0;32;31m[SetMetadata:136]  fail[m
09-28 17:52:50.770   879  1223 E C01401/Bufferqueue: <surface_buffer_impl.cpp:714-SetMetadata>: SetMetadata Failed with -5
09-28 17:52:50.771   797  4165 E C02515/DISP: [0;32;31m[SetLayerMaskInfo@display_composer_vdi_impl.cpp:404] <private> is not supported[m
09-28 17:52:50.772   879  1233 E C02515/DISP: [0;32;31m[SetMetadata:102] <private> is not supported[m
09-28 17:52:50.772   879  1233 E C02515/METADATA_SRV: [0;32;31m[SetMetadata:136]  fail[m
09-28 17:52:50.772   879  1233 E C01401/Bufferqueue: <surface_buffer_impl.cpp:714-SetMetadata>: SetMetadata Failed with -5
09-28 17:52:50.773   797  4165 E C02515/DISP: [0;32;31m[SetDisplayClientDamage@display_composer_vdi_impl.cpp:179] <private> is not supported[m
09-28 17:52:50.785 13946 14169 I C00f00/OH_DER_VSync: onOhVsync ENTRY ts=<private> data=<private>
09-28 17:52:50.785   879   879 E C02515/DISP: [0;32;31m[GetMetadata:109] <private> is not supported[m
09-28 17:52:50.785   879   879 E C02515/DISP: [0;32;31m[GetMetadata:109] <private> is not supported[m
09-28 17:52:50.785   879   879 E C02515/DISP: [0;32;31m[GetMetadata:109] <private> is not supported[m
09-28 17:52:50.785 13946 14168 I C00f00/OH_DER_VSync: scheduleVsync ENTRY receiverPtr=0x<private>
09-28 17:52:50.785 13946 14168 I C00f00/OH_DER_VSync: scheduleVsync calling RequestFrame ohVsync=<private>
09-28 17:52:50.786 13946 14168 I C00f00/OH_DER_VSync: scheduleVsync RequestFrame rc=<private>
09-28 17:52:50.786   879   879 E C01406/skia: RSBaseRenderUtil::DealWithSurfaceRotationAndGravity, GetSurfaceBufferOpaque:0
09-28 17:52:50.786   879   879 E C02515/DISP: [0;32;31m[GetMetadata:109] <private> is not supported[m
09-28 17:52:50.786   879   879 E C01406/skia: RSBaseRenderUtil::DealWithSurfaceRotationAndGravity, GetSurfaceBufferOpaque:0
09-28 17:52:50.786   879   879 E C02515/DISP: [0;32;31m[GetMetadata:109] <private> is not supported[m
09-28 17:52:50.787   879  1104 E C02515/DISP: [0;32;31m[SetMetadata:102] <private> is not supported[m
09-28 17:52:50.787   879  1104 E C02515/METADATA_SRV: [0;32;31m[SetMetadata:136]  fail[m
09-28 17:52:50.787   879  1104 E C01401/Bufferqueue: <surface_buffer_impl.cpp:714-SetMetadata>: SetMetadata Failed with -5
09-28 17:52:50.788   879  1104 E C01406/skia: SurfaceNodeDrawable DrawCommSurfaceWatermark Name:BackgroundBlurView2 Id:8465380540424 water mark count is zero
09-28 17:52:50.788   879  1104 E C01406/skia: RSBaseRenderUtil::DealWithSurfaceRotationAndGravity, GetSurfaceBufferOpaque:0
09-28 17:52:50.788   879  1104 I C01406/WRAP: AHardwareBuffer_createFromHandle index = <private> handle = <private>, ahb = <private>
09-28 17:52:50.788   879  1104 E C01406/skia: SurfaceNodeDrawable DrawCommSurfaceWatermark Name:AdapterActivityContent Id:59897613910019 water mark count is zero
09-28 17:52:50.788   879  1104 E C01406/skia: RSBaseRenderUtil::DealWithSurfaceRotationAndGravity, GetSurfaceBufferOpaque:0
09-28 17:52:50.788   879  1104 I C01406/WRAP: AHardwareBuffer_createFromHandle index = <private> handle = <private>, ahb = <private>
09-28 17:52:50.789   879  1104 E C01406/skia: SurfaceNodeDrawable DrawCommSurfaceWatermark Name:AdapterSurfaceView Id:59897613910020 water mark count is zero
09-28 17:52:50.789   879  1104 E C01406/skia: SurfaceNodeDrawable DrawCommSurfaceWatermark Name:com.a2hlab.bridge.zigzag/com.unity3d.player.UnityPlayerActivity Id:59897613910017 water mark count is zero
09-28 17:52:50.789   879  1104 E C01406/skia: SurfaceNodeDrawable DrawCommSurfaceWatermark Name:WindowScene_zigzag40 Id:8465380541336 water mark count is zero
09-28 17:52:50.790   879  1104 E C01406/skia: SurfaceNodeDrawable DrawCommSurfaceWatermark Name:SCBGestureNavBar13 Id:8465380540563 water mark count is zero
09-28 17:52:50.790   879  1104 E C01406/skia: SurfaceNodeDrawable DrawCommSurfaceWatermark Name:SCBStatusBar15 Id:8465380540646 water mark count is zero
09-28 17:52:50.792   879  1104 E C02515/DISP: [0;32;31m[GetMetadata:109] <private> is not supported[m
09-28 17:52:50.792   879  1104 E C02515/DISP: [0;32;31m[SetMetadata:102] <private> is not supported[m
09-28 17:52:50.792   879  1104 E C02515/METADATA_SRV: [0;32;31m[SetMetadata:136]  fail[m
09-28 17:52:50.792   879  1104 E C01401/Bufferqueue: <surface_buffer_impl.cpp:714-SetMetadata>: SetMetadata Failed with -5
09-28 17:52:50.792   879  1104 E C01406/skia: RSUniRenderComposerAdapter::SetBufferColorSpace set color space fail
09-28 17:52:50.798   921 14681 I C02d13/HDC_LOG: [async_cmd.cpp:88] FinishShellProc finish pipeRead fd:33 pid:14680 count:1
09-28 17:52:50.798   921 14681 I C02d13/HDC_LOG: [task.cpp:55] HdcTaskBase::TaskFinish notify begin type:0 cid:2864575130 sid:252******606(L:10)
09-28 17:52:50.798   921 14681 I C02d13/HDC_LOG: [task.cpp:58] HdcTaskBase::TaskFinish notify end type:0 cid:2864575130 sid:252******606(L:10)
09-28 17:52:50.801   921  1220 I C02d13/HDC_LOG: [daemon.cpp:1142] FetchCommand channelId:2864575130 command:2
09-28 17:52:50.801   921  1220 W C02d13/HDC_LOG: [session.cpp:160] BeginRemoveTask taskType:0 channelId:2864575130
09-28 17:52:50.801   921  1220 W C02d13/HDC_LOG: [session.cpp:190] ClearOwnTasks OP_CLEAR finish, sessionId:252******606(L:10) channelIDInput:2864575130
09-28 17:52:50.801   921  1220 W C02d13/HDC_LOG: [session.cpp:115] taskClassDeleteRetry start clear task, taskType:0 cid:2864575130 sid:252******606(L:10)
09-28 17:52:50.801   921  1220 I C02d13/HDC_LOG: [async_cmd.cpp:69] DoRelease rc:-3 pid:14680
09-28 17:52:50.801   921  1220 I C02d13/HDC_LOG: [session.cpp:126] TaskDelay task remove retry count 0/30, taskType:0 channelId:2864575130, sessionId:252******606(L:10)
09-28 17:52:50.801   921  1220 I C02d13/HDC_LOG: [daemon_unity.cpp:31] ~HdcDaemonUnity cid:2864575130 sid:252******606(L:10)
09-28 17:52:50.801   921  1220 I C02d13/HDC_LOG: [task.cpp:40] ~HdcTaskBase type:0 cid:2864575130 sid:252******606(L:10)
09-28 17:52:50.801   921  1220 W C02d13/HDC_LOG: [session.cpp:134] TaskDelay task remove finish, channelId:2864575130
09-28 17:52:50.801   921  1220 I C02d13/HDC_LOG: [base.cpp:969] before uv handle close, the uv handle type is 13
09-28 17:52:50.802 13946 14169 I C00f00/OH_DER_VSync: onOhVsync ENTRY ts=<private> data=<private>
09-28 17:52:50.802 13946 14168 I C00f00/OH_DER_VSync: scheduleVsync ENTRY receiverPtr=0x<private>
09-28 17:52:50.802 13946 14168 I C00f00/OH_DER_VSync: scheduleVsync calling RequestFrame ohVsync=<private>
09-28 17:52:50.802 13946 14168 I C00f00/OH_DER_VSync: scheduleVsync RequestFrame rc=<private>
09-28 17:52:50.804   879  1223 E C02515/DISP: [0;32;31m[SetMetadata:102] <private> is not supported[m
09-28 17:52:50.804   879  1223 E C02515/METADATA_SRV: [0;32;31m[SetMetadata:136]  fail[m
09-28 17:52:50.804   879  1223 E C01401/Bufferqueue: <surface_buffer_impl.cpp:714-SetMetadata>: SetMetadata Failed with -5
09-28 17:52:50.805   797  4165 E C02515/DISP: [0;32;31m[SetLayerMaskInfo@display_composer_vdi_impl.cpp:404] <private> is not supported[m
09-28 17:52:50.805   879  1233 E C02515/DISP: [0;32;31m[SetMetadata:102] <private> is not supported[m
09-28 17:52:50.805   879  1233 E C02515/METADATA_SRV: [0;32;31m[SetMetadata:136]  fail[m
09-28 17:52:50.805   879  1233 E C01401/Bufferqueue: <surface_buffer_impl.cpp:714-SetMetadata>: SetMetadata Failed with -5
09-28 17:52:50.806   921  1220 I C02d13/HDC_LOG: [daemon.cpp:1142] FetchCommand channelId:2864575130 command:2
09-28 17:52:50.806   797  4165 E C02515/DISP: [0;32;31m[SetDisplayClientDamage@display_composer_vdi_impl.cpp:179] <private> is not supported[m
09-28 17:52:50.819   879   879 E C02515/DISP: [0;32;31m[GetMetadata:109] <private> is not supported[m
09-28 17:52:50.819   879   879 E C02515/DISP: [0;32;31m[GetMetadata:109] <private> is not supported[m
09-28 17:52:50.819   879   879 E C02515/DISP: [0;32;31m[GetMetadata:109] <private> is not supported[m
09-28 17:52:50.819   879   879 E C01406/skia: RSBaseRenderUtil::DealWithSurfaceRotationAndGravity, GetSurfaceBufferOpaque:0
09-28 17:52:50.819   879   879 E C02515/DISP: [0;32;31m[GetMetadata:109] <private> is not supported[m
09-28 17:52:50.819   879   879 E C01406/skia: RSBaseRenderUtil::DealWithSurfaceRotationAndGravity, GetSurfaceBufferOpaque:0
09-28 17:52:50.819   879   879 E C02515/DISP: [0;32;31m[GetMetadata:109] <private> is not supported[m
09-28 17:52:50.820 13946 14169 I C00f00/OH_DER_VSync: onOhVsync ENTRY ts=<private> data=<private>
09-28 17:52:50.820 13946 14168 I C00f00/OH_DER_VSync: scheduleVsync ENTRY receiverPtr=0x<private>
09-28 17:52:50.820 13946 14168 I C00f00/OH_DER_VSync: scheduleVsync calling RequestFrame ohVsync=<private>
09-28 17:52:50.820   879  1104 E C02515/DISP: [0;32;31m[SetMetadata:102] <private> is not supported[m
09-28 17:52:50.820   879  1104 E C02515/METADATA_SRV: [0;32;31m[SetMetadata:136]  fail[m
09-28 17:52:50.820   879  1104 E C01401/Bufferqueue: <surface_buffer_impl.cpp:714-SetMetadata>: SetMetadata Failed with -5
09-28 17:52:50.820 13946 14168 I C00f00/OH_DER_VSync: scheduleVsync RequestFrame rc=<private>
09-28 17:52:50.821   879  1104 E C01406/skia: SurfaceNodeDrawable DrawCommSurfaceWatermark Name:BackgroundBlurView2 Id:8465380540424 water mark count is zero
09-28 17:52:50.821   879  1104 E C01406/skia: RSBaseRenderUtil::DealWithSurfaceRotationAndGravity, GetSurfaceBufferOpaque:0
09-28 17:52:50.821   879  1104 I C01406/WRAP: AHardwareBuffer_createFromHandle index = <private> handle = <private>, ahb = <private>
09-28 17:52:50.821   879  1104 E C01406/skia: SurfaceNodeDrawable DrawCommSurfaceWatermark Name:AdapterActivityContent Id:59897613910019 water mark count is zero
09-28 17:52:50.821   879  1104 E C01406/skia: RSBaseRenderUtil::DealWithSurfaceRotationAndGravity, GetSurfaceBufferOpaque:0
09-28 17:52:50.821   879  1104 I C01406/WRAP: AHardwareBuffer_createFromHandle index = <private> handle = <private>, ahb = <private>
09-28 17:52:50.822   879  1104 E C01406/skia: SurfaceNodeDrawable DrawCommSurfaceWatermark Name:AdapterSurfaceView Id:59897613910020 water mark count is zero
09-28 17:52:50.822   879  1104 E C01406/skia: SurfaceNodeDrawable DrawCommSurfaceWatermark Name:com.a2hlab.bridge.zigzag/com.unity3d.player.UnityPlayerActivity Id:59897613910017 water mark count is zero
09-28 17:52:50.822   879  1104 E C01406/skia: SurfaceNodeDrawable DrawCommSurfaceWatermark Name:WindowScene_zigzag40 Id:8465380541336 water mark count is zero
09-28 17:52:50.822   879  1104 E C01406/skia: SurfaceNodeDrawable DrawCommSurfaceWatermark Name:SCBGestureNavBar13 Id:8465380540563 water mark count is zero
09-28 17:52:50.822   879  1104 E C01406/skia: SurfaceNodeDrawable DrawCommSurfaceWatermark Name:SCBStatusBar15 Id:8465380540646 water mark count is zero
09-28 17:52:50.824   879  1104 E C02515/DISP: [0;32;31m[GetMetadata:109] <private> is not supported[m
09-28 17:52:50.824   879  1104 E C02515/DISP: [0;32;31m[SetMetadata:102] <private> is not supported[m
09-28 17:52:50.824   879  1104 E C02515/METADATA_SRV: [0;32;31m[SetMetadata:136]  fail[m
09-28 17:52:50.824   879  1104 E C01401/Bufferqueue: <surface_buffer_impl.cpp:714-SetMetadata>: SetMetadata Failed with -5
09-28 17:52:50.824   879  1104 E C01406/skia: RSUniRenderComposerAdapter::SetBufferColorSpace set color space fail
09-28 17:52:50.835 13946 14169 I C00f00/OH_DER_VSync: onOhVsync ENTRY ts=<private> data=<private>
09-28 17:52:50.835 13946 14168 I C00f00/OH_DER_VSync: scheduleVsync ENTRY receiverPtr=0x<private>
09-28 17:52:50.835 13946 14168 I C00f00/OH_DER_VSync: scheduleVsync calling RequestFrame ohVsync=<private>
09-28 17:52:50.835 13946 14168 I C00f00/OH_DER_VSync: scheduleVsync RequestFrame rc=<private>
09-28 17:52:50.837   879  1223 E C02515/DISP: [0;32;31m[SetMetadata:102] <private> is not supported[m
09-28 17:52:50.837   879  1223 E C02515/METADATA_SRV: [0;32;31m[SetMetadata:136]  fail[m
09-28 17:52:50.837   879  1223 E C01401/Bufferqueue: <surface_buffer_impl.cpp:714-SetMetadata>: SetMetadata Failed with -5
09-28 17:52:50.837   797  4165 E C02515/DISP: [0;32;31m[SetLayerMaskInfo@display_composer_vdi_impl.cpp:404] <private> is not supported[m
09-28 17:52:50.838   879  1233 E C02515/DISP: [0;32;31m[SetMetadata:102] <private> is not supported[m
09-28 17:52:50.838   879  1233 E C02515/METADATA_SRV: [0;32;31m[SetMetadata:136]  fail[m
09-28 17:52:50.838   879  1233 E C01401/Bufferqueue: <surface_buffer_impl.cpp:714-SetMetadata>: SetMetadata Failed with -5
09-28 17:52:50.839   797  4165 E C02515/DISP: [0;32;31m[SetDisplayClientDamage@display_composer_vdi_impl.cpp:179] <private> is not supported[m
09-28 17:52:50.852 13946 14169 I C00f00/OH_DER_VSync: onOhVsync ENTRY ts=<private> data=<private>
09-28 17:52:50.852   879   879 E C02515/DISP: [0;32;31m[GetMetadata:109] <private> is not supported[m
09-28 17:52:50.852   879   879 E C02515/DISP: [0;32;31m[GetMetadata:109] <private> is not supported[m
09-28 17:52:50.852   879   879 E C02515/DISP: [0;32;31m[GetMetadata:109] <private> is not supported[m
09-28 17:52:50.852 13946 14168 I C00f00/OH_DER_VSync: scheduleVsync ENTRY receiverPtr=0x<private>
09-28 17:52:50.852 13946 14168 I C00f00/OH_DER_VSync: scheduleVsync calling RequestFrame ohVsync=<private>
09-28 17:52:50.852 13946 14168 I C00f00/OH_DER_VSync: scheduleVsync RequestFrame rc=<private>
09-28 17:52:50.853   879   879 E C01406/skia: RSBaseRenderUtil::DealWithSurfaceRotationAndGravity, GetSurfaceBufferOpaque:0
09-28 17:52:50.853   879   879 E C02515/DISP: [0;32;31m[GetMetadata:109] <private> is not supported[m
09-28 17:52:50.853   879   879 E C01406/skia: RSBaseRenderUtil::DealWithSurfaceRotationAndGravity, GetSurfaceBufferOpaque:0
09-28 17:52:50.853   879   879 E C02515/DISP: [0;32;31m[GetMetadata:109] <private> is not supported[m
09-28 17:52:50.854   879  1104 E C02515/DISP: [0;32;31m[SetMetadata:102] <private> is not supported[m
09-28 17:52:50.854   879  1104 E C02515/METADATA_SRV: [0;32;31m[SetMetadata:136]  fail[m
09-28 17:52:50.854   879  1104 E C01401/Bufferqueue: <surface_buffer_impl.cpp:714-SetMetadata>: SetMetadata Failed with -5
09-28 17:52:50.854   879  1104 E C01406/skia: SurfaceNodeDrawable DrawCommSurfaceWatermark Name:BackgroundBlurView2 Id:8465380540424 water mark count is zero
09-28 17:52:50.854   879  1104 E C01406/skia: RSBaseRenderUtil::DealWithSurfaceRotationAndGravity, GetSurfaceBufferOpaque:0
09-28 17:52:50.854   879  1104 I C01406/WRAP: AHardwareBuffer_createFromHandle index = <private> handle = <private>, ahb = <private>
09-28 17:52:50.855   879  1104 E C01406/skia: SurfaceNodeDrawable DrawCommSurfaceWatermark Name:AdapterActivityContent Id:59897613910019 water mark count is zero
09-28 17:52:50.855   879  1104 E C01406/skia: RSBaseRenderUtil::DealWithSurfaceRotationAndGravity, GetSurfaceBufferOpaque:0
09-28 17:52:50.855   879  1104 I C01406/WRAP: AHardwareBuffer_createFromHandle index = <private> handle = <private>, ahb = <private>
09-28 17:52:50.855   879  1104 E C01406/skia: SurfaceNodeDrawable DrawCommSurfaceWatermark Name:AdapterSurfaceView Id:59897613910020 water mark count is zero
09-28 17:52:50.855   879  1104 E C01406/skia: SurfaceNodeDrawable DrawCommSurfaceWatermark Name:com.a2hlab.bridge.zigzag/com.unity3d.player.UnityPlayerActivity Id:59897613910017 water mark count is zero
09-28 17:52:50.855   879  1104 E C01406/skia: SurfaceNodeDrawable DrawCommSurfaceWatermark Name:WindowScene_zigzag40 Id:8465380541336 water mark count is zero
09-28 17:52:50.855   879  1104 E C01406/skia: SurfaceNodeDrawable DrawCommSurfaceWatermark Name:SCBGestureNavBar13 Id:8465380540563 water mark count is zero
09-28 17:52:50.856   879  1104 E C01406/skia: SurfaceNodeDrawable DrawCommSurfaceWatermark Name:SCBStatusBar15 Id:8465380540646 water mark count is zero
09-28 17:52:50.857   879  1104 E C02515/DISP: [0;32;31m[GetMetadata:109] <private> is not supported[m
09-28 17:52:50.857   879  1104 E C02515/DISP: [0;32;31m[SetMetadata:102] <private> is not supported[m
09-28 17:52:50.857   879  1104 E C02515/METADATA_SRV: [0;32;31m[SetMetadata:136]  fail[m
09-28 17:52:50.857   879  1104 E C01401/Bufferqueue: <surface_buffer_impl.cpp:714-SetMetadata>: SetMetadata Failed with -5
09-28 17:52:50.857   879  1104 E C01406/skia: RSUniRenderComposerAdapter::SetBufferColorSpace set color space fail
09-28 17:52:50.860   774  1107 E C02943/ThermalHdi: create output dir failed
09-28 17:52:50.860   774  1107 E C02943/ThermalHdi: open uncompressfile failed
09-28 17:52:50.868 13946 14169 I C00f00/OH_DER_VSync: onOhVsync ENTRY ts=<private> data=<private>
09-28 17:52:50.869 13946 14168 I C00f00/OH_DER_VSync: scheduleVsync ENTRY receiverPtr=0x<private>
09-28 17:52:50.869 13946 14168 I C00f00/OH_DER_VSync: scheduleVsync calling RequestFrame ohVsync=<private>
09-28 17:52:50.869 13946 14168 I C00f00/OH_DER_VSync: scheduleVsync RequestFrame rc=<private>
09-28 17:52:50.870   879  1223 E C02515/DISP: [0;32;31m[SetMetadata:102] <private> is not supported[m
09-28 17:52:50.870   879  1223 E C02515/METADATA_SRV: [0;32;31m[SetMetadata:136]  fail[m
09-28 17:52:50.870   879  1223 E C01401/Bufferqueue: <surface_buffer_impl.cpp:714-SetMetadata>: SetMetadata Failed with -5
09-28 17:52:50.872   797  4165 E C02515/DISP: [0;32;31m[SetLayerMaskInfo@display_composer_vdi_impl.cpp:404] <private> is not supported[m
09-28 17:52:50.872   879  1233 E C02515/DISP: [0;32;31m[SetMetadata:102] <private> is not supported[m
09-28 17:52:50.872   879  1233 E C02515/METADATA_SRV: [0;32;31m[SetMetadata:136]  fail[m
09-28 17:52:50.872   879  1233 E C01401/Bufferqueue: <surface_buffer_impl.cpp:714-SetMetadata>: SetMetadata Failed with -5
09-28 17:52:50.873   797  4165 E C02515/DISP: [0;32;31m[SetDisplayClientDamage@display_composer_vdi_impl.cpp:179] <private> is not supported[m
09-28 17:52:50.885 13946 14169 I C00f00/OH_DER_VSync: onOhVsync ENTRY ts=<private> data=<private>
09-28 17:52:50.885 13946 14168 I C00f00/OH_DER_VSync: scheduleVsync ENTRY receiverPtr=0x<private>
09-28 17:52:50.885 13946 14168 I C00f00/OH_DER_VSync: scheduleVsync calling RequestFrame ohVsync=<private>
09-28 17:52:50.885   879   879 E C02515/DISP: [0;32;31m[GetMetadata:109] <private> is not supported[m
09-28 17:52:50.885 13946 14168 I C00f00/OH_DER_VSync: scheduleVsync RequestFrame rc=<private>
09-28 17:52:50.886   879   879 E C02515/DISP: [0;32;31m[GetMetadata:109] <private> is not supported[m
09-28 17:52:50.886   879   879 E C02515/DISP: [0;32;31m[GetMetadata:109] <private> is not supported[m
09-28 17:52:50.887   879   879 E C01406/skia: RSBaseRenderUtil::DealWithSurfaceRotationAndGravity, GetSurfaceBufferOpaque:0
09-28 17:52:50.887   879   879 E C02515/DISP: [0;32;31m[GetMetadata:109] <private> is not supported[m
09-28 17:52:50.887   879   879 E C01406/skia: RSBaseRenderUtil::DealWithSurfaceRotationAndGravity, GetSurfaceBufferOpaque:0
09-28 17:52:50.887   879   879 E C02515/DISP: [0;32;31m[GetMetadata:109] <private> is not supported[m
09-28 17:52:50.889   879  1104 E C02515/DISP: [0;32;31m[SetMetadata:102] <private> is not supported[m
09-28 17:52:50.889   879  1104 E C02515/METADATA_SRV: [0;32;31m[SetMetadata:136]  fail[m
09-28 17:52:50.889   879  1104 E C01401/Bufferqueue: <surface_buffer_impl.cpp:714-SetMetadata>: SetMetadata Failed with -5
09-28 17:52:50.889   879  1104 E C01406/skia: SurfaceNodeDrawable DrawCommSurfaceWatermark Name:BackgroundBlurView2 Id:8465380540424 water mark count is zero
09-28 17:52:50.889   879  1104 E C01406/skia: RSBaseRenderUtil::DealWithSurfaceRotationAndGravity, GetSurfaceBufferOpaque:0
09-28 17:52:50.890   879  1104 I C01406/WRAP: AHardwareBuffer_createFromHandle index = <private> handle = <private>, ahb = <private>
09-28 17:52:50.890   879  1104 E C01406/skia: SurfaceNodeDrawable DrawCommSurfaceWatermark Name:AdapterActivityContent Id:59897613910019 water mark count is zero
09-28 17:52:50.890   879  1104 E C01406/skia: RSBaseRenderUtil::DealWithSurfaceRotationAndGravity, GetSurfaceBufferOpaque:0
09-28 17:52:50.890   879  1104 I C01406/WRAP: AHardwareBuffer_createFromHandle index = <private> handle = <private>, ahb = <private>
09-28 17:52:50.890   879  1104 E C01406/skia: SurfaceNodeDrawable DrawCommSurfaceWatermark Name:AdapterSurfaceView Id:59897613910020 water mark count is zero
09-28 17:52:50.890   879  1104 E C01406/skia: SurfaceNodeDrawable DrawCommSurfaceWatermark Name:com.a2hlab.bridge.zigzag/com.unity3d.player.UnityPlayerActivity Id:59897613910017 water mark count is zero
09-28 17:52:50.890   879  1104 E C01406/skia: SurfaceNodeDrawable DrawCommSurfaceWatermark Name:WindowScene_zigzag40 Id:8465380541336 water mark count is zero
09-28 17:52:50.891   879  1104 E C01406/skia: SurfaceNodeDrawable DrawCommSurfaceWatermark Name:SCBGestureNavBar13 Id:8465380540563 water mark count is zero
09-28 17:52:50.891   879  1104 E C01406/skia: SurfaceNodeDrawable DrawCommSurfaceWatermark Name:SCBStatusBar15 Id:8465380540646 water mark count is zero
09-28 17:52:50.893   879  1104 E C02515/DISP: [0;32;31m[GetMetadata:109] <private> is not supported[m
09-28 17:52:50.893   879  1104 E C02515/DISP: [0;32;31m[SetMetadata:102] <private> is not supported[m
09-28 17:52:50.893   879  1104 E C02515/METADATA_SRV: [0;32;31m[SetMetadata:136]  fail[m
09-28 17:52:50.893   879  1104 E C01401/Bufferqueue: <surface_buffer_impl.cpp:714-SetMetadata>: SetMetadata Failed with -5
09-28 17:52:50.893   879  1104 E C01406/skia: RSUniRenderComposerAdapter::SetBufferColorSpace set color space fail
09-28 17:52:50.902 13946 14169 I C00f00/OH_DER_VSync: onOhVsync ENTRY ts=<private> data=<private>
09-28 17:52:50.902 13946 14168 I C00f00/OH_DER_VSync: scheduleVsync ENTRY receiverPtr=0x<private>
09-28 17:52:50.902 13946 14168 I C00f00/OH_DER_VSync: scheduleVsync calling RequestFrame ohVsync=<private>
09-28 17:52:50.902 13946 14168 I C00f00/OH_DER_VSync: scheduleVsync RequestFrame rc=<private>
09-28 17:52:50.904   879  1223 E C02515/DISP: [0;32;31m[SetMetadata:102] <private> is not supported[m
09-28 17:52:50.904   879  1223 E C02515/METADATA_SRV: [0;32;31m[SetMetadata:136]  fail[m
09-28 17:52:50.904   879  1223 E C01401/Bufferqueue: <surface_buffer_impl.cpp:714-SetMetadata>: SetMetadata Failed with -5
09-28 17:52:50.905   797  4165 E C02515/DISP: [0;32;31m[SetLayerMaskInfo@display_composer_vdi_impl.cpp:404] <private> is not supported[m
09-28 17:52:50.905   879  1233 E C02515/DISP: [0;32;31m[SetMetadata:102] <private> is not supported[m
09-28 17:52:50.905   879  1233 E C02515/METADATA_SRV: [0;32;31m[SetMetadata:136]  fail[m
09-28 17:52:50.905   879  1233 E C01401/Bufferqueue: <surface_buffer_impl.cpp:714-SetMetadata>: SetMetadata Failed with -5
09-28 17:52:50.906   797  4165 E C02515/DISP: [0;32;31m[SetDisplayClientDamage@display_composer_vdi_impl.cpp:179] <private> is not supported[m
09-28 17:52:50.918 13946 14169 I C00f00/OH_DER_VSync: onOhVsync ENTRY ts=<private> data=<private>
09-28 17:52:50.919 13946 14168 I C00f00/OH_DER_VSync: scheduleVsync ENTRY receiverPtr=0x<private>
09-28 17:52:50.919 13946 14168 I C00f00/OH_DER_VSync: scheduleVsync calling RequestFrame ohVsync=<private>
09-28 17:52:50.919   879   879 E C02515/DISP: [0;32;31m[GetMetadata:109] <private> is not supported[m
09-28 17:52:50.919 13946 14168 I C00f00/OH_DER_VSync: scheduleVsync RequestFrame rc=<private>
09-28 17:52:50.919   879   879 E C02515/DISP: [0;32;31m[GetMetadata:109] <private> is not supported[m
09-28 17:52:50.919   879   879 E C02515/DISP: [0;32;31m[GetMetadata:109] <private> is not supported[m
09-28 17:52:50.920   879   879 E C01406/skia: RSBaseRenderUtil::DealWithSurfaceRotationAndGravity, GetSurfaceBufferOpaque:0
09-28 17:52:50.920   879   879 E C02515/DISP: [0;32;31m[GetMetadata:109] <private> is not supported[m
09-28 17:52:50.920   879   879 E C01406/skia: RSBaseRenderUtil::DealWithSurfaceRotationAndGravity, GetSurfaceBufferOpaque:0
09-28 17:52:50.920   879   879 E C02515/DISP: [0;32;31m[GetMetadata:109] <private> is not supported[m
09-28 17:52:50.922   879  1104 E C02515/DISP: [0;32;31m[SetMetadata:102] <private> is not supported[m
09-28 17:52:50.922   879  1104 E C02515/METADATA_SRV: [0;32;31m[SetMetadata:136]  fail[m
09-28 17:52:50.922   879  1104 E C01401/Bufferqueue: <surface_buffer_impl.cpp:714-SetMetadata>: SetMetadata Failed with -5
09-28 17:52:50.923   879  1104 E C01406/skia: SurfaceNodeDrawable DrawCommSurfaceWatermark Name:BackgroundBlurView2 Id:8465380540424 water mark count is zero
09-28 17:52:50.923   879  1104 E C01406/skia: RSBaseRenderUtil::DealWithSurfaceRotationAndGravity, GetSurfaceBufferOpaque:0
09-28 17:52:50.923   879  1104 I C01406/WRAP: AHardwareBuffer_createFromHandle index = <private> handle = <private>, ahb = <private>
09-28 17:52:50.923   879  1104 E C01406/skia: SurfaceNodeDrawable DrawCommSurfaceWatermark Name:AdapterActivityContent Id:59897613910019 water mark count is zero
09-28 17:52:50.923   879  1104 E C01406/skia: RSBaseRenderUtil::DealWithSurfaceRotationAndGravity, GetSurfaceBufferOpaque:0
09-28 17:52:50.923   879  1104 I C01406/WRAP: AHardwareBuffer_createFromHandle index = <private> handle = <private>, ahb = <private>
09-28 17:52:50.924   879  1104 E C01406/skia: SurfaceNodeDrawable DrawCommSurfaceWatermark Name:AdapterSurfaceView Id:59897613910020 water mark count is zero
09-28 17:52:50.924   879  1104 E C01406/skia: SurfaceNodeDrawable DrawCommSurfaceWatermark Name:com.a2hlab.bridge.zigzag/com.unity3d.player.UnityPlayerActivity Id:59897613910017 water mark count is zero
09-28 17:52:50.924   879  1104 E C01406/skia: SurfaceNodeDrawable DrawCommSurfaceWatermark Name:WindowScene_zigzag40 Id:8465380541336 water mark count is zero
09-28 17:52:50.924   879  1104 E C01406/skia: SurfaceNodeDrawable DrawCommSurfaceWatermark Name:SCBGestureNavBar13 Id:8465380540563 water mark count is zero
09-28 17:52:50.924   879  1104 E C01406/skia: SurfaceNodeDrawable DrawCommSurfaceWatermark Name:SCBStatusBar15 Id:8465380540646 water mark count is zero
09-28 17:52:50.926   879  1104 E C02515/DISP: [0;32;31m[GetMetadata:109] <private> is not supported[m
09-28 17:52:50.926   879  1104 E C02515/DISP: [0;32;31m[SetMetadata:102] <private> is not supported[m
09-28 17:52:50.926   879  1104 E C02515/METADATA_SRV: [0;32;31m[SetMetadata:136]  fail[m
09-28 17:52:50.926   879  1104 E C01401/Bufferqueue: <surface_buffer_impl.cpp:714-SetMetadata>: SetMetadata Failed with -5
09-28 17:52:50.926   879  1104 E C01406/skia: RSUniRenderComposerAdapter::SetBufferColorSpace set color space fail
09-28 17:52:50.935 13946 14169 I C00f00/OH_DER_VSync: onOhVsync ENTRY ts=<private> data=<private>
09-28 17:52:50.935 13946 14168 I C00f00/OH_DER_VSync: scheduleVsync ENTRY receiverPtr=0x<private>
09-28 17:52:50.935 13946 14168 I C00f00/OH_DER_VSync: scheduleVsync calling RequestFrame ohVsync=<private>
09-28 17:52:50.936 13946 14168 I C00f00/OH_DER_VSync: scheduleVsync RequestFrame rc=<private>
09-28 17:52:50.937   879  1223 E C02515/DISP: [0;32;31m[SetMetadata:102] <private> is not supported[m
09-28 17:52:50.937   879  1223 E C02515/METADATA_SRV: [0;32;31m[SetMetadata:136]  fail[m
09-28 17:52:50.937   879  1223 E C01401/Bufferqueue: <surface_buffer_impl.cpp:714-SetMetadata>: SetMetadata Failed with -5
09-28 17:52:50.938   797  4165 E C02515/DISP: [0;32;31m[SetLayerMaskInfo@display_composer_vdi_impl.cpp:404] <private> is not supported[m
09-28 17:52:50.938   879  1233 E C02515/DISP: [0;32;31m[SetMetadata:102] <private> is not supported[m
09-28 17:52:50.938   879  1233 E C02515/METADATA_SRV: [0;32;31m[SetMetadata:136]  fail[m
09-28 17:52:50.938   879  1233 E C01401/Bufferqueue: <surface_buffer_impl.cpp:714-SetMetadata>: SetMetadata Failed with -5
09-28 17:52:50.939   797  4165 E C02515/DISP: [0;32;31m[SetDisplayClientDamage@display_composer_vdi_impl.cpp:179] <private> is not supported[m
09-28 17:52:50.952 13946 14169 I C00f00/OH_DER_VSync: onOhVsync ENTRY ts=<private> data=<private>
09-28 17:52:50.952 13946 14168 I C00f00/OH_DER_VSync: scheduleVsync ENTRY receiverPtr=0x<private>
09-28 17:52:50.952 13946 14168 I C00f00/OH_DER_VSync: scheduleVsync calling RequestFrame ohVsync=<private>
09-28 17:52:50.952 13946 14168 I C00f00/OH_DER_VSync: scheduleVsync RequestFrame rc=<private>
09-28 17:52:50.952   879   879 E C02515/DISP: [0;32;31m[GetMetadata:109] <private> is not supported[m
09-28 17:52:50.952   879   879 E C02515/DISP: [0;32;31m[GetMetadata:109] <private> is not supported[m
09-28 17:52:50.952   879   879 E C02515/DISP: [0;32;31m[GetMetadata:109] <private> is not supported[m
09-28 17:52:50.953   879   879 E C01406/skia: RSBaseRenderUtil::DealWithSurfaceRotationAndGravity, GetSurfaceBufferOpaque:0
09-28 17:52:50.954   879   879 E C02515/DISP: [0;32;31m[GetMetadata:109] <private> is not supported[m
09-28 17:52:50.954   879   879 E C01406/skia: RSBaseRenderUtil::DealWithSurfaceRotationAndGravity, GetSurfaceBufferOpaque:0
09-28 17:52:50.954   879   879 E C02515/DISP: [0;32;31m[GetMetadata:109] <private> is not supported[m
09-28 17:52:50.955   879  1104 E C02515/DISP: [0;32;31m[SetMetadata:102] <private> is not supported[m
09-28 17:52:50.955   879  1104 E C02515/METADATA_SRV: [0;32;31m[SetMetadata:136]  fail[m
09-28 17:52:50.955   879  1104 E C01401/Bufferqueue: <surface_buffer_impl.cpp:714-SetMetadata>: SetMetadata Failed with -5
09-28 17:52:50.956   879  1104 E C01406/skia: SurfaceNodeDrawable DrawCommSurfaceWatermark Name:BackgroundBlurView2 Id:8465380540424 water mark count is zero
09-28 17:52:50.956   879  1104 E C01406/skia: RSBaseRenderUtil::DealWithSurfaceRotationAndGravity, GetSurfaceBufferOpaque:0
09-28 17:52:50.956   879  1104 I C01406/WRAP: AHardwareBuffer_createFromHandle index = <private> handle = <private>, ahb = <private>
09-28 17:52:50.956   879  1104 E C01406/skia: SurfaceNodeDrawable DrawCommSurfaceWatermark Name:AdapterActivityContent Id:59897613910019 water mark count is zero
09-28 17:52:50.956   879  1104 E C01406/skia: RSBaseRenderUtil::DealWithSurfaceRotationAndGravity, GetSurfaceBufferOpaque:0
09-28 17:52:50.957   879  1104 I C01406/WRAP: AHardwareBuffer_createFromHandle index = <private> handle = <private>, ahb = <private>
09-28 17:52:50.957   879  1104 E C01406/skia: SurfaceNodeDrawable DrawCommSurfaceWatermark Name:AdapterSurfaceView Id:59897613910020 water mark count is zero
09-28 17:52:50.957   879  1104 E C01406/skia: SurfaceNodeDrawable DrawCommSurfaceWatermark Name:com.a2hlab.bridge.zigzag/com.unity3d.player.UnityPlayerActivity Id:59897613910017 water mark count is zero
09-28 17:52:50.957   879  1104 E C01406/skia: SurfaceNodeDrawable DrawCommSurfaceWatermark Name:WindowScene_zigzag40 Id:8465380541336 water mark count is zero
09-28 17:52:50.957   879  1104 E C01406/skia: SurfaceNodeDrawable DrawCommSurfaceWatermark Name:SCBGestureNavBar13 Id:8465380540563 water mark count is zero
09-28 17:52:50.957   879  1104 E C01406/skia: SurfaceNodeDrawable DrawCommSurfaceWatermark Name:SCBStatusBar15 Id:8465380540646 water mark count is zero
09-28 17:52:50.959   879  1104 E C02515/DISP: [0;32;31m[GetMetadata:109] <private> is not supported[m
09-28 17:52:50.959   879  1104 E C02515/DISP: [0;32;31m[SetMetadata:102] <private> is not supported[m
09-28 17:52:50.959   879  1104 E C02515/METADATA_SRV: [0;32;31m[SetMetadata:136]  fail[m
09-28 17:52:50.959   879  1104 E C01401/Bufferqueue: <surface_buffer_impl.cpp:714-SetMetadata>: SetMetadata Failed with -5
09-28 17:52:50.959   879  1104 E C01406/skia: RSUniRenderComposerAdapter::SetBufferColorSpace set color space fail
09-28 17:52:50.969 13946 14169 I C00f00/OH_DER_VSync: onOhVsync ENTRY ts=<private> data=<private>
09-28 17:52:50.969 13946 14168 I C00f00/OH_DER_VSync: scheduleVsync ENTRY receiverPtr=0x<private>
09-28 17:52:50.969 13946 14168 I C00f00/OH_DER_VSync: scheduleVsync calling RequestFrame ohVsync=<private>
09-28 17:52:50.969 13946 14168 I C00f00/OH_DER_VSync: scheduleVsync RequestFrame rc=<private>
09-28 17:52:50.971   879  1223 E C02515/DISP: [0;32;31m[SetMetadata:102] <private> is not supported[m
09-28 17:52:50.971   879  1223 E C02515/METADATA_SRV: [0;32;31m[SetMetadata:136]  fail[m
09-28 17:52:50.971   879  1223 E C01401/Bufferqueue: <surface_buffer_impl.cpp:714-SetMetadata>: SetMetadata Failed with -5
09-28 17:52:50.971   797  4165 E C02515/DISP: [0;32;31m[SetLayerMaskInfo@display_composer_vdi_impl.cpp:404] <private> is not supported[m
09-28 17:52:50.972   879  1233 E C02515/DISP: [0;32;31m[SetMetadata:102] <private> is not supported[m
09-28 17:52:50.972   879  1233 E C02515/METADATA_SRV: [0;32;31m[SetMetadata:136]  fail[m
09-28 17:52:50.972   879  1233 E C01401/Bufferqueue: <surface_buffer_impl.cpp:714-SetMetadata>: SetMetadata Failed with -5
09-28 17:52:50.972   797  4165 E C02515/DISP: [0;32;31m[SetDisplayClientDamage@display_composer_vdi_impl.cpp:179] <private> is not supported[m
09-28 17:52:50.985 13946 14169 I C00f00/OH_DER_VSync: onOhVsync ENTRY ts=<private> data=<private>
09-28 17:52:50.985 13946 14168 I C00f00/OH_DER_VSync: scheduleVsync ENTRY receiverPtr=0x<private>
09-28 17:52:50.985 13946 14168 I C00f00/OH_DER_VSync: scheduleVsync calling RequestFrame ohVsync=<private>
09-28 17:52:50.986   879   879 E C02515/DISP: [0;32;31m[GetMetadata:109] <private> is not supported[m
09-28 17:52:50.986 13946 14168 I C00f00/OH_DER_VSync: scheduleVsync RequestFrame rc=<private>
09-28 17:52:50.986   879   879 E C02515/DISP: [0;32;31m[GetMetadata:109] <private> is not supported[m
09-28 17:52:50.986   879   879 E C02515/DISP: [0;32;31m[GetMetadata:109] <private> is not supported[m
09-28 17:52:50.987   879   879 E C01406/skia: RSBaseRenderUtil::DealWithSurfaceRotationAndGravity, GetSurfaceBufferOpaque:0
09-28 17:52:50.987   879   879 E C02515/DISP: [0;32;31m[GetMetadata:109] <private> is not supported[m
09-28 17:52:50.987   879   879 E C01406/skia: RSBaseRenderUtil::DealWithSurfaceRotationAndGravity, GetSurfaceBufferOpaque:0
09-28 17:52:50.987   879   879 E C02515/DISP: [0;32;31m[GetMetadata:109] <private> is not supported[m
09-28 17:52:50.989   879  1104 E C02515/DISP: [0;32;31m[SetMetadata:102] <private> is not supported[m
09-28 17:52:50.989   879  1104 E C02515/METADATA_SRV: [0;32;31m[SetMetadata:136]  fail[m
09-28 17:52:50.989   879  1104 E C01401/Bufferqueue: <surface_buffer_impl.cpp:714-SetMetadata>: SetMetadata Failed with -5
09-28 17:52:50.989   879  1104 E C01406/skia: SurfaceNodeDrawable DrawCommSurfaceWatermark Name:BackgroundBlurView2 Id:8465380540424 water mark count is zero
09-28 17:52:50.990   879  1104 E C01406/skia: RSBaseRenderUtil::DealWithSurfaceRotationAndGravity, GetSurfaceBufferOpaque:0
09-28 17:52:50.990   879  1104 I C01406/WRAP: AHardwareBuffer_createFromHandle index = <private> handle = <private>, ahb = <private>
09-28 17:52:50.990   879  1104 E C01406/skia: SurfaceNodeDrawable DrawCommSurfaceWatermark Name:AdapterActivityContent Id:59897613910019 water mark count is zero
09-28 17:52:50.990   879  1104 E C01406/skia: RSBaseRenderUtil::DealWithSurfaceRotationAndGravity, GetSurfaceBufferOpaque:0
09-28 17:52:50.990   879  1104 I C01406/WRAP: AHardwareBuffer_createFromHandle index = <private> handle = <private>, ahb = <private>
09-28 17:52:50.990   879  1104 E C01406/skia: SurfaceNodeDrawable DrawCommSurfaceWatermark Name:AdapterSurfaceView Id:59897613910020 water mark count is zero
09-28 17:52:50.990   879  1104 E C01406/skia: SurfaceNodeDrawable DrawCommSurfaceWatermark Name:com.a2hlab.bridge.zigzag/com.unity3d.player.UnityPlayerActivity Id:59897613910017 water mark count is zero
09-28 17:52:50.990   879  1104 E C01406/skia: SurfaceNodeDrawable DrawCommSurfaceWatermark Name:WindowScene_zigzag40 Id:8465380541336 water mark count is zero
09-28 17:52:50.991   879  1104 E C01406/skia: SurfaceNodeDrawable DrawCommSurfaceWatermark Name:SCBGestureNavBar13 Id:8465380540563 water mark count is zero
09-28 17:52:50.992   879  1104 E C01406/skia: SurfaceNodeDrawable DrawCommSurfaceWatermark Name:SCBStatusBar15 Id:8465380540646 water mark count is zero
09-28 17:52:50.994   879  1104 E C02515/DISP: [0;32;31m[GetMetadata:109] <private> is not supported[m
09-28 17:52:50.994   879  1104 E C02515/DISP: [0;32;31m[SetMetadata:102] <private> is not supported[m
09-28 17:52:50.994   879  1104 E C02515/METADATA_SRV: [0;32;31m[SetMetadata:136]  fail[m
09-28 17:52:50.994   879  1104 E C01401/Bufferqueue: <surface_buffer_impl.cpp:714-SetMetadata>: SetMetadata Failed with -5
09-28 17:52:50.994   879  1104 E C01406/skia: RSUniRenderComposerAdapter::SetBufferColorSpace set color space fail
09-28 17:52:51.002 13946 14169 I C00f00/OH_DER_VSync: onOhVsync ENTRY ts=<private> data=<private>
09-28 17:52:51.002 13946 14168 I C00f00/OH_DER_VSync: scheduleVsync ENTRY receiverPtr=0x<private>
09-28 17:52:51.002 13946 14168 I C00f00/OH_DER_VSync: scheduleVsync calling RequestFrame ohVsync=<private>
09-28 17:52:51.002 13946 14168 I C00f00/OH_DER_VSync: scheduleVsync RequestFrame rc=<private>
09-28 17:52:51.004   879  1223 E C02515/DISP: [0;32;31m[SetMetadata:102] <private> is not supported[m
09-28 17:52:51.004   879  1223 E C02515/METADATA_SRV: [0;32;31m[SetMetadata:136]  fail[m
09-28 17:52:51.004   879  1223 E C01401/Bufferqueue: <surface_buffer_impl.cpp:714-SetMetadata>: SetMetadata Failed with -5
09-28 17:52:51.005   797  4165 E C02515/DISP: [0;32;31m[SetLayerMaskInfo@display_composer_vdi_impl.cpp:404] <private> is not supported[m
09-28 17:52:51.005   879  1233 E C02515/DISP: [0;32;31m[SetMetadata:102] <private> is not supported[m
09-28 17:52:51.005   879  1233 E C02515/METADATA_SRV: [0;32;31m[SetMetadata:136]  fail[m
09-28 17:52:51.005   879  1233 E C01401/Bufferqueue: <surface_buffer_impl.cpp:714-SetMetadata>: SetMetadata Failed with -5
09-28 17:52:51.005   921  1220 I C02d13/HDC_LOG: [daemon.cpp:1142] FetchCommand channelId:3534378771 command:1001
09-28 17:52:51.005   921  1220 I C02d13/HDC_LOG: [session.cpp:1652] New HTaskInfo cid:3534378771 sid:252******606(L:10) command:1001
09-28 17:52:51.005   921  1220 I C02d13/HDC_LOG: [session.cpp:891] AdminTask add task type:0 cid:3534378771 sid:252******606(L:10) mapsize:2
09-28 17:52:51.005   921  1220 I C02d13/HDC_LOG: [task.cpp:34] HdcTaskBase type:0 cid:3534378771 sid:252******606(L:10)
09-28 17:52:51.005   921  1220 I C02d13/HDC_LOG: [daemon_unity.cpp:414] Unity CommandDispatch command:1001 cid:3534378771 sid:252******606(L:10)
09-28 17:52:51.005   921  1220 W C02d13/HDC_LOG: [async_cmd.cpp:114] GetDevItem false key:persist.hdc.root
09-28 17:52:51.006   797  4165 E C02515/DISP: [0;32;31m[SetDisplayClientDamage@display_composer_vdi_impl.cpp:179] <private> is not supported[m
09-28 17:52:51.006   921 14682 I C02d13/HDC_LOG: [async_cmd.cpp:225] Popen pipe fds[pipeRead]:33 fds[pipeWrite]:34, mode 0
09-28 17:52:51.009   921  1220 I C02d13/HDC_LOG: [async_cmd.cpp:291] ExecuteCommand cmd:param get const.product.os.dist.apiname fd:33 pid:14683
09-28 17:52:51.010   921  1220 I C02d13/HDC_LOG: [daemon_unity.cpp:486] Unity CommandDispatch command:1001 finish cid:3534378771 sid:252******606(L:10)
09-28 17:52:51.011 14683 14683 W C02d13/HDC_LOG: [async_cmd.cpp:140] SetSelinuxLabel con:u:r:su:s0 isRoot:0
09-28 17:52:51.019 13946 14169 I C00f00/OH_DER_VSync: onOhVsync ENTRY ts=<private> data=<private>
09-28 17:52:51.019   879   879 E C02515/DISP: [0;32;31m[GetMetadata:109] <private> is not supported[m
09-28 17:52:51.019   879   879 E C02515/DISP: [0;32;31m[GetMetadata:109] <private> is not supported[m
09-28 17:52:51.019 13946 14168 I C00f00/OH_DER_VSync: scheduleVsync ENTRY receiverPtr=0x<private>
09-28 17:52:51.019   879   879 E C02515/DISP: [0;32;31m[GetMetadata:109] <private> is not supported[m
09-28 17:52:51.019 13946 14168 I C00f00/OH_DER_VSync: scheduleVsync calling RequestFrame ohVsync=<private>
09-28 17:52:51.019 13946 14168 I C00f00/OH_DER_VSync: scheduleVsync RequestFrame rc=<private>
09-28 17:52:51.019   879   879 E C01406/skia: RSBaseRenderUtil::DealWithSurfaceRotationAndGravity, GetSurfaceBufferOpaque:0
09-28 17:52:51.019   879   879 E C02515/DISP: [0;32;31m[GetMetadata:109] <private> is not supported[m
09-28 17:52:51.020   879   879 E C01406/skia: RSBaseRenderUtil::DealWithSurfaceRotationAndGravity, GetSurfaceBufferOpaque:0
09-28 17:52:51.020   879   879 E C02515/DISP: [0;32;31m[GetMetadata:109] <private> is not supported[m
09-28 17:52:51.021   879  1104 E C02515/DISP: [0;32;31m[SetMetadata:102] <private> is not supported[m
09-28 17:52:51.021   879  1104 E C02515/METADATA_SRV: [0;32;31m[SetMetadata:136]  fail[m
09-28 17:52:51.021   879  1104 E C01401/Bufferqueue: <surface_buffer_impl.cpp:714-SetMetadata>: SetMetadata Failed with -5
09-28 17:52:51.022   879  1104 E C01406/skia: SurfaceNodeDrawable DrawCommSurfaceWatermark Name:BackgroundBlurView2 Id:8465380540424 water mark count is zero
09-28 17:52:51.022   879  1104 E C01406/skia: RSBaseRenderUtil::DealWithSurfaceRotationAndGravity, GetSurfaceBufferOpaque:0
09-28 17:52:51.023   879  1104 I C01406/WRAP: AHardwareBuffer_createFromHandle index = <private> handle = <private>, ahb = <private>
09-28 17:52:51.023   879  1104 E C01406/skia: SurfaceNodeDrawable DrawCommSurfaceWatermark Name:AdapterActivityContent Id:59897613910019 water mark count is zero
09-28 17:52:51.023   879  1104 E C01406/skia: RSBaseRenderUtil::DealWithSurfaceRotationAndGravity, GetSurfaceBufferOpaque:0
09-28 17:52:51.023   879  1104 I C01406/WRAP: AHardwareBuffer_createFromHandle index = <private> handle = <private>, ahb = <private>
09-28 17:52:51.024   879  1104 E C01406/skia: SurfaceNodeDrawable DrawCommSurfaceWatermark Name:AdapterSurfaceView Id:59897613910020 water mark count is zero
09-28 17:52:51.024   879  1104 E C01406/skia: SurfaceNodeDrawable DrawCommSurfaceWatermark Name:com.a2hlab.bridge.zigzag/com.unity3d.player.UnityPlayerActivity Id:59897613910017 water mark count is zero
09-28 17:52:51.024   879  1104 E C01406/skia: SurfaceNodeDrawable DrawCommSurfaceWatermark Name:WindowScene_zigzag40 Id:8465380541336 water mark count is zero
09-28 17:52:51.025   879  1104 E C01406/skia: SurfaceNodeDrawable DrawCommSurfaceWatermark Name:SCBGestureNavBar13 Id:8465380540563 water mark count is zero
09-28 17:52:51.025   879  1104 E C01406/skia: SurfaceNodeDrawable DrawCommSurfaceWatermark Name:SCBStatusBar15 Id:8465380540646 water mark count is zero
09-28 17:52:51.027   879  1104 E C02515/DISP: [0;32;31m[GetMetadata:109] <private> is not supported[m
09-28 17:52:51.027   879  1104 E C02515/DISP: [0;32;31m[SetMetadata:102] <private> is not supported[m
09-28 17:52:51.027   879  1104 E C02515/METADATA_SRV: [0;32;31m[SetMetadata:136]  fail[m
09-28 17:52:51.027   879  1104 E C01401/Bufferqueue: <surface_buffer_impl.cpp:714-SetMetadata>: SetMetadata Failed with -5
09-28 17:52:51.027   879  1104 E C01406/skia: RSUniRenderComposerAdapter::SetBufferColorSpace set color space fail
09-28 17:52:51.035 13946 14169 I C00f00/OH_DER_VSync: onOhVsync ENTRY ts=<private> data=<private>
09-28 17:52:51.035 13946 14168 I C00f00/OH_DER_VSync: scheduleVsync ENTRY receiverPtr=0x<private>
09-28 17:52:51.035 13946 14168 I C00f00/OH_DER_VSync: scheduleVsync calling RequestFrame ohVsync=<private>
09-28 17:52:51.036 13946 14168 I C00f00/OH_DER_VSync: scheduleVsync RequestFrame rc=<private>
09-28 17:52:51.037   879  1223 E C02515/DISP: [0;32;31m[SetMetadata:102] <private> is not supported[m
09-28 17:52:51.037   879  1223 E C02515/METADATA_SRV: [0;32;31m[SetMetadata:136]  fail[m
09-28 17:52:51.037   879  1223 E C01401/Bufferqueue: <surface_buffer_impl.cpp:714-SetMetadata>: SetMetadata Failed with -5
09-28 17:52:51.038   797  4165 E C02515/DISP: [0;32;31m[SetLayerMaskInfo@display_composer_vdi_impl.cpp:404] <private> is not supported[m
09-28 17:52:51.038   879  1233 E C02515/DISP: [0;32;31m[SetMetadata:102] <private> is not supported[m
09-28 17:52:51.039   879  1233 E C02515/METADATA_SRV: [0;32;31m[SetMetadata:136]  fail[m
09-28 17:52:51.039   879  1233 E C01401/Bufferqueue: <surface_buffer_impl.cpp:714-SetMetadata>: SetMetadata Failed with -5
09-28 17:52:51.039   797  4165 E C02515/DISP: [0;32;31m[SetDisplayClientDamage@display_composer_vdi_impl.cpp:179] <private> is not supported[m
09-28 17:52:51.052   921 14684 I C02d13/HDC_LOG: [async_cmd.cpp:88] FinishShellProc finish pipeRead fd:33 pid:14683 count:1
09-28 17:52:51.052   921 14684 I C02d13/HDC_LOG: [task.cpp:55] HdcTaskBase::TaskFinish notify begin type:0 cid:3534378771 sid:252******606(L:10)
09-28 17:52:51.052 13946 14169 I C00f00/OH_DER_VSync: onOhVsync ENTRY ts=<private> data=<private>
09-28 17:52:51.052   921 14684 I C02d13/HDC_LOG: [task.cpp:58] HdcTaskBase::TaskFinish notify end type:0 cid:3534378771 sid:252******606(L:10)
09-28 17:52:51.052   879   879 E C02515/DISP: [0;32;31m[GetMetadata:109] <private> is not supported[m
09-28 17:52:51.052   879   879 E C02515/DISP: [0;32;31m[GetMetadata:109] <private> is not supported[m
09-28 17:52:51.052   879   879 E C02515/DISP: [0;32;31m[GetMetadata:109] <private> is not supported[m
09-28 17:52:51.052 13946 14168 I C00f00/OH_DER_VSync: scheduleVsync ENTRY receiverPtr=0x<private>
09-28 17:52:51.052 13946 14168 I C00f00/OH_DER_VSync: scheduleVsync calling RequestFrame ohVsync=<private>
09-28 17:52:51.052 13946 14168 I C00f00/OH_DER_VSync: scheduleVsync RequestFrame rc=<private>
09-28 17:52:51.053   879   879 E C01406/skia: RSBaseRenderUtil::DealWithSurfaceRotationAndGravity, GetSurfaceBufferOpaque:0
09-28 17:52:51.053   879   879 E C02515/DISP: [0;32;31m[GetMetadata:109] <private> is not supported[m
09-28 17:52:51.053   879   879 E C01406/skia: RSBaseRenderUtil::DealWithSurfaceRotationAndGravity, GetSurfaceBufferOpaque:0
09-28 17:52:51.053   879   879 E C02515/DISP: [0;32;31m[GetMetadata:109] <private> is not supported[m
09-28 17:52:51.054   879  1104 E C02515/DISP: [0;32;31m[SetMetadata:102] <private> is not supported[m
09-28 17:52:51.054   879  1104 E C02515/METADATA_SRV: [0;32;31m[SetMetadata:136]  fail[m
09-28 17:52:51.054   879  1104 E C01401/Bufferqueue: <surface_buffer_impl.cpp:714-SetMetadata>: SetMetadata Failed with -5
09-28 17:52:51.054   879  1104 E C01406/skia: SurfaceNodeDrawable DrawCommSurfaceWatermark Name:BackgroundBlurView2 Id:8465380540424 water mark count is zero
09-28 17:52:51.054   879  1104 E C01406/skia: RSBaseRenderUtil::DealWithSurfaceRotationAndGravity, GetSurfaceBufferOpaque:0
09-28 17:52:51.055   879  1104 I C01406/WRAP: AHardwareBuffer_createFromHandle index = <private> handle = <private>, ahb = <private>
09-28 17:52:51.055   879  1104 E C01406/skia: SurfaceNodeDrawable DrawCommSurfaceWatermark Name:AdapterActivityContent Id:59897613910019 water mark count is zero
09-28 17:52:51.055   879  1104 E C01406/skia: RSBaseRenderUtil::DealWithSurfaceRotationAndGravity, GetSurfaceBufferOpaque:0
09-28 17:52:51.055   879  1104 I C01406/WRAP: AHardwareBuffer_createFromHandle index = <private> handle = <private>, ahb = <private>
09-28 17:52:51.055   921  1220 I C02d13/HDC_LOG: [daemon.cpp:1142] FetchCommand channelId:3534378771 command:2
09-28 17:52:51.055   921  1220 W C02d13/HDC_LOG: [session.cpp:160] BeginRemoveTask taskType:0 channelId:3534378771
09-28 17:52:51.055   921  1220 W C02d13/HDC_LOG: [session.cpp:190] ClearOwnTasks OP_CLEAR finish, sessionId:252******606(L:10) channelIDInput:3534378771
09-28 17:52:51.055   921  1220 W C02d13/HDC_LOG: [session.cpp:115] taskClassDeleteRetry start clear task, taskType:0 cid:3534378771 sid:252******606(L:10)
09-28 17:52:51.055   921  1220 I C02d13/HDC_LOG: [async_cmd.cpp:69] DoRelease rc:-3 pid:14683
09-28 17:52:51.055   921  1220 I C02d13/HDC_LOG: [session.cpp:126] TaskDelay task remove retry count 0/30, taskType:0 channelId:3534378771, sessionId:252******606(L:10)
09-28 17:52:51.055   921  1220 I C02d13/HDC_LOG: [daemon_unity.cpp:31] ~HdcDaemonUnity cid:3534378771 sid:252******606(L:10)
09-28 17:52:51.055   879  1104 E C01406/skia: SurfaceNodeDrawable DrawCommSurfaceWatermark Name:AdapterSurfaceView Id:59897613910020 water mark count is zero
09-28 17:52:51.055   921  1220 I C02d13/HDC_LOG: [task.cpp:40] ~HdcTaskBase type:0 cid:3534378771 sid:252******606(L:10)
09-28 17:52:51.055   879  1104 E C01406/skia: SurfaceNodeDrawable DrawCommSurfaceWatermark Name:com.a2hlab.bridge.zigzag/com.unity3d.player.UnityPlayerActivity Id:59897613910017 water mark count is zero
09-28 17:52:51.055   921  1220 W C02d13/HDC_LOG: [session.cpp:134] TaskDelay task remove finish, channelId:3534378771
09-28 17:52:51.055   921  1220 I C02d13/HDC_LOG: [base.cpp:969] before uv handle close, the uv handle type is 13
09-28 17:52:51.055   879  1104 E C01406/skia: SurfaceNodeDrawable DrawCommSurfaceWatermark Name:WindowScene_zigzag40 Id:8465380541336 water mark count is zero
09-28 17:52:51.056   879  1104 E C01406/skia: SurfaceNodeDrawable DrawCommSurfaceWatermark Name:SCBGestureNavBar13 Id:8465380540563 water mark count is zero
09-28 17:52:51.056   879  1104 E C01406/skia: SurfaceNodeDrawable DrawCommSurfaceWatermark Name:SCBStatusBar15 Id:8465380540646 water mark count is zero
09-28 17:52:51.058   879  1104 E C02515/DISP: [0;32;31m[GetMetadata:109] <private> is not supported[m
09-28 17:52:51.058   879  1104 E C02515/DISP: [0;32;31m[SetMetadata:102] <private> is not supported[m
09-28 17:52:51.058   879  1104 E C02515/METADATA_SRV: [0;32;31m[SetMetadata:136]  fail[m
09-28 17:52:51.058   879  1104 E C01401/Bufferqueue: <surface_buffer_impl.cpp:714-SetMetadata>: SetMetadata Failed with -5
09-28 17:52:51.058   879  1104 E C01406/skia: RSUniRenderComposerAdapter::SetBufferColorSpace set color space fail
09-28 17:52:51.058   921  1220 I C02d13/HDC_LOG: [daemon.cpp:1142] FetchCommand channelId:3534378771 command:2
09-28 17:52:51.069 13946 14169 I C00f00/OH_DER_VSync: onOhVsync ENTRY ts=<private> data=<private>
09-28 17:52:51.069 13946 14168 I C00f00/OH_DER_VSync: scheduleVsync ENTRY receiverPtr=0x<private>
09-28 17:52:51.069 13946 14168 I C00f00/OH_DER_VSync: scheduleVsync calling RequestFrame ohVsync=<private>
09-28 17:52:51.069 13946 14168 I C00f00/OH_DER_VSync: scheduleVsync RequestFrame rc=<private>
09-28 17:52:51.071   879  1223 E C02515/DISP: [0;32;31m[SetMetadata:102] <private> is not supported[m
09-28 17:52:51.071   879  1223 E C02515/METADATA_SRV: [0;32;31m[SetMetadata:136]  fail[m
09-28 17:52:51.071   879  1223 E C01401/Bufferqueue: <surface_buffer_impl.cpp:714-SetMetadata>: SetMetadata Failed with -5
09-28 17:52:51.071   797  4165 E C02515/DISP: [0;32;31m[SetLayerMaskInfo@display_composer_vdi_impl.cpp:404] <private> is not supported[m
09-28 17:52:51.072   879  1233 E C02515/DISP: [0;32;31m[SetMetadata:102] <private> is not supported[m
09-28 17:52:51.072   879  1233 E C02515/METADATA_SRV: [0;32;31m[SetMetadata:136]  fail[m
09-28 17:52:51.072   879  1233 E C01401/Bufferqueue: <surface_buffer_impl.cpp:714-SetMetadata>: SetMetadata Failed with -5
09-28 17:52:51.073   797  4165 E C02515/DISP: [0;32;31m[SetDisplayClientDamage@display_composer_vdi_impl.cpp:179] <private> is not supported[m
09-28 17:52:51.085 13946 14169 I C00f00/OH_DER_VSync: onOhVsync ENTRY ts=<private> data=<private>
09-28 17:52:51.085   879   879 E C02515/DISP: [0;32;31m[GetMetadata:109] <private> is not supported[m
09-28 17:52:51.085   879   879 E C02515/DISP: [0;32;31m[GetMetadata:109] <private> is not supported[m
09-28 17:52:51.085   879   879 E C02515/DISP: [0;32;31m[GetMetadata:109] <private> is not supported[m
09-28 17:52:51.086 13946 14168 I C00f00/OH_DER_VSync: scheduleVsync ENTRY receiverPtr=0x<private>
09-28 17:52:51.086 13946 14168 I C00f00/OH_DER_VSync: scheduleVsync calling RequestFrame ohVsync=<private>
09-28 17:52:51.086 13946 14168 I C00f00/OH_DER_VSync: scheduleVsync RequestFrame rc=<private>
09-28 17:52:51.086   879   879 E C01406/skia: RSBaseRenderUtil::DealWithSurfaceRotationAndGravity, GetSurfaceBufferOpaque:0
09-28 17:52:51.086   879   879 E C02515/DISP: [0;32;31m[GetMetadata:109] <private> is not supported[m
09-28 17:52:51.086   879   879 E C01406/skia: RSBaseRenderUtil::DealWithSurfaceRotationAndGravity, GetSurfaceBufferOpaque:0
09-28 17:52:51.086   879   879 E C02515/DISP: [0;32;31m[GetMetadata:109] <private> is not supported[m
09-28 17:52:51.087   879  1104 E C02515/DISP: [0;32;31m[SetMetadata:102] <private> is not supported[m
09-28 17:52:51.087   879  1104 E C02515/METADATA_SRV: [0;32;31m[SetMetadata:136]  fail[m
09-28 17:52:51.087   879  1104 E C01401/Bufferqueue: <surface_buffer_impl.cpp:714-SetMetadata>: SetMetadata Failed with -5
09-28 17:52:51.088   879  1104 E C01406/skia: SurfaceNodeDrawable DrawCommSurfaceWatermark Name:BackgroundBlurView2 Id:8465380540424 water mark count is zero
09-28 17:52:51.088   879  1104 E C01406/skia: RSBaseRenderUtil::DealWithSurfaceRotationAndGravity, GetSurfaceBufferOpaque:0
09-28 17:52:51.088   879  1104 I C01406/WRAP: AHardwareBuffer_createFromHandle index = <private> handle = <private>, ahb = <private>
09-28 17:52:51.088   879  1104 E C01406/skia: SurfaceNodeDrawable DrawCommSurfaceWatermark Name:AdapterActivityContent Id:59897613910019 water mark count is zero
09-28 17:52:51.088   879  1104 E C01406/skia: RSBaseRenderUtil::DealWithSurfaceRotationAndGravity, GetSurfaceBufferOpaque:0
09-28 17:52:51.088   879  1104 I C01406/WRAP: AHardwareBuffer_createFromHandle index = <private> handle = <private>, ahb = <private>
09-28 17:52:51.088   879  1104 E C01406/skia: SurfaceNodeDrawable DrawCommSurfaceWatermark Name:AdapterSurfaceView Id:59897613910020 water mark count is zero
09-28 17:52:51.088   879  1104 E C01406/skia: SurfaceNodeDrawable DrawCommSurfaceWatermark Name:com.a2hlab.bridge.zigzag/com.unity3d.player.UnityPlayerActivity Id:59897613910017 water mark count is zero
09-28 17:52:51.088   879  1104 E C01406/skia: SurfaceNodeDrawable DrawCommSurfaceWatermark Name:WindowScene_zigzag40 Id:8465380541336 water mark count is zero
09-28 17:52:51.089   879  1104 E C01406/skia: SurfaceNodeDrawable DrawCommSurfaceWatermark Name:SCBGestureNavBar13 Id:8465380540563 water mark count is zero
09-28 17:52:51.089   879  1104 E C01406/skia: SurfaceNodeDrawable DrawCommSurfaceWatermark Name:SCBStatusBar15 Id:8465380540646 water mark count is zero
09-28 17:52:51.091   879  1104 E C02515/DISP: [0;32;31m[GetMetadata:109] <private> is not supported[m
09-28 17:52:51.091   879  1104 E C02515/DISP: [0;32;31m[SetMetadata:102] <private> is not supported[m
09-28 17:52:51.091   879  1104 E C02515/METADATA_SRV: [0;32;31m[SetMetadata:136]  fail[m
09-28 17:52:51.091   879  1104 E C01401/Bufferqueue: <surface_buffer_impl.cpp:714-SetMetadata>: SetMetadata Failed with -5
09-28 17:52:51.091   879  1104 E C01406/skia: RSUniRenderComposerAdapter::SetBufferColorSpace set color space fail
09-28 17:52:51.102 13946 14169 I C00f00/OH_DER_VSync: onOhVsync ENTRY ts=<private> data=<private>
09-28 17:52:51.102 13946 14168 I C00f00/OH_DER_VSync: scheduleVsync ENTRY receiverPtr=0x<private>
09-28 17:52:51.102 13946 14168 I C00f00/OH_DER_VSync: scheduleVsync calling RequestFrame ohVsync=<private>
09-28 17:52:51.102 13946 14168 I C00f00/OH_DER_VSync: scheduleVsync RequestFrame rc=<private>
09-28 17:52:51.103 13946 13985 I C00f00/appspawn-x: [<private>:<private>] <private>
09-28 17:52:51.104   879  1223 E C02515/DISP: [0;32;31m[SetMetadata:102] <private> is not supported[m
09-28 17:52:51.104   879  1223 E C02515/METADATA_SRV: [0;32;31m[SetMetadata:136]  fail[m
09-28 17:52:51.104   879  1223 E C01401/Bufferqueue: <surface_buffer_impl.cpp:714-SetMetadata>: SetMetadata Failed with -5
09-28 17:52:51.105   797  4165 E C02515/DISP: [0;32;31m[SetLayerMaskInfo@display_composer_vdi_impl.cpp:404] <private> is not supported[m
09-28 17:52:51.105   879  1233 E C02515/DISP: [0;32;31m[SetMetadata:102] <private> is not supported[m
09-28 17:52:51.105   879  1233 E C02515/METADATA_SRV: [0;32;31m[SetMetadata:136]  fail[m
09-28 17:52:51.105   879  1233 E C01401/Bufferqueue: <surface_buffer_impl.cpp:714-SetMetadata>: SetMetadata Failed with -5
09-28 17:52:51.107   797  4165 E C02515/DISP: [0;32;31m[SetDisplayClientDamage@display_composer_vdi_impl.cpp:179] <private> is not supported[m
09-28 17:52:51.117   921  1220 I C02d13/HDC_LOG: [daemon.cpp:1142] FetchCommand channelId:3651558877 command:1001
09-28 17:52:51.117   921  1220 I C02d13/HDC_LOG: [session.cpp:1652] New HTaskInfo cid:3651558877 sid:252******606(L:10) command:1001
09-28 17:52:51.117   921  1220 I C02d13/HDC_LOG: [session.cpp:891] AdminTask add task type:0 cid:3651558877 sid:252******606(L:10) mapsize:2
09-28 17:52:51.117   921  1220 I C02d13/HDC_LOG: [task.cpp:34] HdcTaskBase type:0 cid:3651558877 sid:252******606(L:10)
09-28 17:52:51.117   921  1220 I C02d13/HDC_LOG: [daemon_unity.cpp:414] Unity CommandDispatch command:1001 cid:3651558877 sid:252******606(L:10)
09-28 17:52:51.117   921  1220 W C02d13/HDC_LOG: [async_cmd.cpp:114] GetDevItem false key:persist.hdc.root
09-28 17:52:51.117   921 14685 I C02d13/HDC_LOG: [async_cmd.cpp:225] Popen pipe fds[pipeRead]:33 fds[pipeWrite]:34, mode 0
09-28 17:52:51.119 13946 14169 I C00f00/OH_DER_VSync: onOhVsync ENTRY ts=<private> data=<private>
09-28 17:52:51.119 13946 14168 I C00f00/OH_DER_VSync: scheduleVsync ENTRY receiverPtr=0x<private>
09-28 17:52:51.119 13946 14168 I C00f00/OH_DER_VSync: scheduleVsync calling RequestFrame ohVsync=<private>
09-28 17:52:51.119 13946 14168 I C00f00/OH_DER_VSync: scheduleVsync RequestFrame rc=<private>
09-28 17:52:51.119   879   879 E C02515/DISP: [0;32;31m[GetMetadata:109] <private> is not supported[m
09-28 17:52:51.119   879   879 E C02515/DISP: [0;32;31m[GetMetadata:109] <private> is not supported[m
09-28 17:52:51.119   879   879 E C02515/DISP: [0;32;31m[GetMetadata:109] <private> is not supported[m
09-28 17:52:51.119   921  1220 I C02d13/HDC_LOG: [async_cmd.cpp:291] ExecuteCommand cmd:hilog -x fd:33 pid:14686
09-28 17:52:51.119   921  1220 I C02d13/HDC_LOG: [daemon_unity.cpp:486] Unity CommandDispatch command:1001 finish cid:3651558877 sid:252******606(L:10)
09-28 17:52:51.120   879   879 E C01406/skia: RSBaseRenderUtil::DealWithSurfaceRotationAndGravity, GetSurfaceBufferOpaque:0
09-28 17:52:51.120   879   879 E C02515/DISP: [0;32;31m[GetMetadata:109] <private> is not supported[m
09-28 17:52:51.121   879   879 E C01406/skia: RSBaseRenderUtil::DealWithSurfaceRotationAndGravity, GetSurfaceBufferOpaque:0
09-28 17:52:51.121   879   879 E C02515/DISP: [0;32;31m[GetMetadata:109] <private> is not supported[m
09-28 17:52:51.121 14686 14686 W C02d13/HDC_LOG: [async_cmd.cpp:140] SetSelinuxLabel con:u:r:su:s0 isRoot:0
09-28 17:52:51.122   879  1104 E C02515/DISP: [0;32;31m[SetMetadata:102] <private> is not supported[m
09-28 17:52:51.122   879  1104 E C02515/METADATA_SRV: [0;32;31m[SetMetadata:136]  fail[m
09-28 17:52:51.122   879  1104 E C01401/Bufferqueue: <surface_buffer_impl.cpp:714-SetMetadata>: SetMetadata Failed with -5
09-28 17:52:51.123   879  1104 E C01406/skia: SurfaceNodeDrawable DrawCommSurfaceWatermark Name:BackgroundBlurView2 Id:8465380540424 water mark count is zero
09-28 17:52:51.123   879  1104 E C01406/skia: RSBaseRenderUtil::DealWithSurfaceRotationAndGravity, GetSurfaceBufferOpaque:0
09-28 17:52:51.123   879  1104 I C01406/WRAP: AHardwareBuffer_createFromHandle index = <private> handle = <private>, ahb = <private>
09-28 17:52:51.123   879  1104 E C01406/skia: SurfaceNodeDrawable DrawCommSurfaceWatermark Name:AdapterActivityContent Id:59897613910019 water mark count is zero
09-28 17:52:51.123   879  1104 E C01406/skia: RSBaseRenderUtil::DealWithSurfaceRotationAndGravity, GetSurfaceBufferOpaque:0
09-28 17:52:51.124   879  1104 I C01406/WRAP: AHardwareBuffer_createFromHandle index = <private> handle = <private>, ahb = <private>
09-28 17:52:51.124   879  1104 E C01406/skia: SurfaceNodeDrawable DrawCommSurfaceWatermark Name:AdapterSurfaceView Id:59897613910020 water mark count is zero
09-28 17:52:51.124   879  1104 E C01406/skia: SurfaceNodeDrawable DrawCommSurfaceWatermark Name:com.a2hlab.bridge.zigzag/com.unity3d.player.UnityPlayerActivity Id:59897613910017 water mark count is zero
09-28 17:52:51.124   879  1104 E C01406/skia: SurfaceNodeDrawable DrawCommSurfaceWatermark Name:WindowScene_zigzag40 Id:8465380541336 water mark count is zero
09-28 17:52:51.124   879  1104 E C01406/skia: SurfaceNodeDrawable DrawCommSurfaceWatermark Name:SCBGestureNavBar13 Id:8465380540563 water mark count is zero
09-28 17:52:51.124   879  1104 E C01406/skia: SurfaceNodeDrawable DrawCommSurfaceWatermark Name:SCBStatusBar15 Id:8465380540646 water mark count is zero
09-28 17:52:51.126   879  1104 E C02515/DISP: [0;32;31m[GetMetadata:109] <private> is not supported[m
09-28 17:52:51.126   879  1104 E C02515/DISP: [0;32;31m[SetMetadata:102] <private> is not supported[m
09-28 17:52:51.126   879  1104 E C02515/METADATA_SRV: [0;32;31m[SetMetadata:136]  fail[m
09-28 17:52:51.126   879  1104 E C01401/Bufferqueue: <surface_buffer_impl.cpp:714-SetMetadata>: SetMetadata Failed with -5
09-28 17:52:51.126   879  1104 E C01406/skia: RSUniRenderComposerAdapter::SetBufferColorSpace set color space fail
09-28 17:52:51.135 13946 14169 I C00f00/OH_DER_VSync: onOhVsync ENTRY ts=<private> data=<private>
09-28 17:52:51.136 13946 14168 I C00f00/OH_DER_VSync: scheduleVsync ENTRY receiverPtr=0x<private>
09-28 17:52:51.136 13946 14168 I C00f00/OH_DER_VSync: scheduleVsync calling RequestFrame ohVsync=<private>
09-28 17:52:51.136 13946 14168 I C00f00/OH_DER_VSync: scheduleVsync RequestFrame rc=<private>
09-28 17:52:51.137   879  1223 E C02515/DISP: [0;32;31m[SetMetadata:102] <private> is not supported[m
09-28 17:52:51.137   879  1223 E C02515/METADATA_SRV: [0;32;31m[SetMetadata:136]  fail[m
09-28 17:52:51.137   879  1223 E C01401/Bufferqueue: <surface_buffer_impl.cpp:714-SetMetadata>: SetMetadata Failed with -5
09-28 17:52:51.138   797  4165 E C02515/DISP: [0;32;31m[SetLayerMaskInfo@display_composer_vdi_impl.cpp:404] <private> is not supported[m
09-28 17:52:51.139   879  1233 E C02515/DISP: [0;32;31m[SetMetadata:102] <private> is not supported[m
09-28 17:52:51.139   879  1233 E C02515/METADATA_SRV: [0;32;31m[SetMetadata:136]  fail[m
09-28 17:52:51.139   879  1233 E C01401/Bufferqueue: <surface_buffer_impl.cpp:714-SetMetadata>: SetMetadata Failed with -5
09-28 17:52:51.139   797  4165 E C02515/DISP: [0;32;31m[SetDisplayClientDamage@display_composer_vdi_impl.cpp:179] <private> is not supported[m
09-28 17:52:51.152 13946 14169 I C00f00/OH_DER_VSync: onOhVsync ENTRY ts=<private> data=<private>
09-28 17:52:51.152 13946 14168 I C00f00/OH_DER_VSync: scheduleVsync ENTRY receiverPtr=0x<private>
09-28 17:52:51.152 13946 14168 I C00f00/OH_DER_VSync: scheduleVsync calling RequestFrame ohVsync=<private>
09-28 17:52:51.152   879   879 E C02515/DISP: [0;32;31m[GetMetadata:109] <private> is not supported[m
09-28 17:52:51.152 13946 14168 I C00f00/OH_DER_VSync: scheduleVsync RequestFrame rc=<private>
09-28 17:52:51.152   879   879 E C02515/DISP: [0;32;31m[GetMetadata:109] <private> is not supported[m
09-28 17:52:51.152   879   879 E C02515/DISP: [0;32;31m[GetMetadata:109] <private> is not supported[m
09-28 17:52:51.154   879   879 E C01406/skia: RSBaseRenderUtil::DealWithSurfaceRotationAndGravity, GetSurfaceBufferOpaque:0
09-28 17:52:51.154   879   879 E C02515/DISP: [0;32;31m[GetMetadata:109] <private> is not supported[m
09-28 17:52:51.154   879   879 E C01406/skia: RSBaseRenderUtil::DealWithSurfaceRotationAndGravity, GetSurfaceBufferOpaque:0
09-28 17:52:51.154   879   879 E C02515/DISP: [0;32;31m[GetMetadata:109] <private> is not supported[m
09-28 17:52:51.156   879  1104 E C02515/DISP: [0;32;31m[SetMetadata:102] <private> is not supported[m
09-28 17:52:51.156   879  1104 E C02515/METADATA_SRV: [0;32;31m[SetMetadata:136]  fail[m
09-28 17:52:51.156   879  1104 E C01401/Bufferqueue: <surface_buffer_impl.cpp:714-SetMetadata>: SetMetadata Failed with -5
09-28 17:52:51.156   879  1104 E C01406/skia: SurfaceNodeDrawable DrawCommSurfaceWatermark Name:BackgroundBlurView2 Id:8465380540424 water mark count is zero
09-28 17:52:51.157   879  1104 E C01406/skia: RSBaseRenderUtil::DealWithSurfaceRotationAndGravity, GetSurfaceBufferOpaque:0
09-28 17:52:51.157   879  1104 I C01406/WRAP: AHardwareBuffer_createFromHandle index = <private> handle = <private>, ahb = <private>
09-28 17:52:51.157   879  1104 E C01406/skia: SurfaceNodeDrawable DrawCommSurfaceWatermark Name:AdapterActivityContent Id:59897613910019 water mark count is zero
09-28 17:52:51.157   879  1104 E C01406/skia: RSBaseRenderUtil::DealWithSurfaceRotationAndGravity, GetSurfaceBufferOpaque:0
09-28 17:52:51.157   879  1104 I C01406/WRAP: AHardwareBuffer_createFromHandle index = <private> handle = <private>, ahb = <private>
09-28 17:52:51.157   879  1104 E C01406/skia: SurfaceNodeDrawable DrawCommSurfaceWatermark Name:AdapterSurfaceView Id:59897613910020 water mark count is zero
09-28 17:52:51.157   879  1104 E C01406/skia: SurfaceNodeDrawable DrawCommSurfaceWatermark Name:com.a2hlab.bridge.zigzag/com.unity3d.player.UnityPlayerActivity Id:59897613910017 water mark count is zero
09-28 17:52:51.157   879  1104 E C01406/skia: SurfaceNodeDrawable DrawCommSurfaceWatermark Name:WindowScene_zigzag40 Id:8465380541336 water mark count is zero
09-28 17:52:51.158   879  1104 E C01406/skia: SurfaceNodeDrawable DrawCommSurfaceWatermark Name:SCBGestureNavBar13 Id:8465380540563 water mark count is zero
09-28 17:52:51.158   879  1104 E C01406/skia: SurfaceNodeDrawable DrawCommSurfaceWatermark Name:SCBStatusBar15 Id:8465380540646 water mark count is zero
09-28 17:52:51.160   879  1104 E C02515/DISP: [0;32;31m[GetMetadata:109] <private> is not supported[m
09-28 17:52:51.160   879  1104 E C02515/DISP: [0;32;31m[SetMetadata:102] <private> is not supported[m
09-28 17:52:51.160   879  1104 E C02515/METADATA_SRV: [0;32;31m[SetMetadata:136]  fail[m
09-28 17:52:51.160   879  1104 E C01401/Bufferqueue: <surface_buffer_impl.cpp:714-SetMetadata>: SetMetadata Failed with -5
09-28 17:52:51.160   879  1104 E C01406/skia: RSUniRenderComposerAdapter::SetBufferColorSpace set color space fail
09-28 17:52:51.169 13946 14169 I C00f00/OH_DER_VSync: onOhVsync ENTRY ts=<private> data=<private>
09-28 17:52:51.169 13946 14168 I C00f00/OH_DER_VSync: scheduleVsync ENTRY receiverPtr=0x<private>
09-28 17:52:51.169 13946 14168 I C00f00/OH_DER_VSync: scheduleVsync calling RequestFrame ohVsync=<private>
09-28 17:52:51.169 13946 14168 I C00f00/OH_DER_VSync: scheduleVsync RequestFrame rc=<private>
09-28 17:52:51.171   879  1223 E C02515/DISP: [0;32;31m[SetMetadata:102] <private> is not supported[m
09-28 17:52:51.171   879  1223 E C02515/METADATA_SRV: [0;32;31m[SetMetadata:136]  fail[m
09-28 17:52:51.171   879  1223 E C01401/Bufferqueue: <surface_buffer_impl.cpp:714-SetMetadata>: SetMetadata Failed with -5
09-28 17:52:51.171   797  4165 E C02515/DISP: [0;32;31m[SetLayerMaskInfo@display_composer_vdi_impl.cpp:404] <private> is not supported[m
09-28 17:52:51.171   879  1233 E C02515/DISP: [0;32;31m[SetMetadata:102] <private> is not supported[m
09-28 17:52:51.171   879  1233 E C02515/METADATA_SRV: [0;32;31m[SetMetadata:136]  fail[m
09-28 17:52:51.171   879  1233 E C01401/Bufferqueue: <surface_buffer_impl.cpp:714-SetMetadata>: SetMetadata Failed with -5
09-28 17:52:51.172   797  4165 E C02515/DISP: [0;32;31m[SetDisplayClientDamage@display_composer_vdi_impl.cpp:179] <private> is not supported[m
09-28 17:52:51.185 13946 14169 I C00f00/OH_DER_VSync: onOhVsync ENTRY ts=<private> data=<private>
09-28 17:52:51.186 13946 14168 I C00f00/OH_DER_VSync: scheduleVsync ENTRY receiverPtr=0x<private>
09-28 17:52:51.186 13946 14168 I C00f00/OH_DER_VSync: scheduleVsync calling RequestFrame ohVsync=<private>
09-28 17:52:51.186   879   879 E C02515/DISP: [0;32;31m[GetMetadata:109] <private> is not supported[m
09-28 17:52:51.186 13946 14168 I C00f00/OH_DER_VSync: scheduleVsync RequestFrame rc=<private>
09-28 17:52:51.186   879   879 E C02515/DISP: [0;32;31m[GetMetadata:109] <private> is not supported[m
09-28 17:52:51.186   879   879 E C02515/DISP: [0;32;31m[GetMetadata:109] <private> is not supported[m
09-28 17:52:51.187   879   879 E C01406/skia: RSBaseRenderUtil::DealWithSurfaceRotationAndGravity, GetSurfaceBufferOpaque:0
09-28 17:52:51.187   879   879 E C02515/DISP: [0;32;31m[GetMetadata:109] <private> is not supported[m
09-28 17:52:51.187   879   879 E C01406/skia: RSBaseRenderUtil::DealWithSurfaceRotationAndGravity, GetSurfaceBufferOpaque:0
09-28 17:52:51.187   879   879 E C02515/DISP: [0;32;31m[GetMetadata:109] <private> is not supported[m
09-28 17:52:51.189   879  1104 E C02515/DISP: [0;32;31m[SetMetadata:102] <private> is not supported[m
09-28 17:52:51.189   879  1104 E C02515/METADATA_SRV: [0;32;31m[SetMetadata:136]  fail[m
09-28 17:52:51.189   879  1104 E C01401/Bufferqueue: <surface_buffer_impl.cpp:714-SetMetadata>: SetMetadata Failed with -5
09-28 17:52:51.190   879  1104 E C01406/skia: SurfaceNodeDrawable DrawCommSurfaceWatermark Name:BackgroundBlurView2 Id:8465380540424 water mark count is zero
09-28 17:52:51.190   879  1104 E C01406/skia: RSBaseRenderUtil::DealWithSurfaceRotationAndGravity, GetSurfaceBufferOpaque:0
09-28 17:52:51.190   879  1104 I C01406/WRAP: AHardwareBuffer_createFromHandle index = <private> handle = <private>, ahb = <private>
09-28 17:52:51.190   879  1104 E C01406/skia: SurfaceNodeDrawable DrawCommSurfaceWatermark Name:AdapterActivityContent Id:59897613910019 water mark count is zero
09-28 17:52:51.190   879  1104 E C01406/skia: RSBaseRenderUtil::DealWithSurfaceRotationAndGravity, GetSurfaceBufferOpaque:0
09-28 17:52:51.190   879  1104 I C01406/WRAP: AHardwareBuffer_createFromHandle index = <private> handle = <private>, ahb = <private>
09-28 17:52:51.191   879  1104 E C01406/skia: SurfaceNodeDrawable DrawCommSurfaceWatermark Name:AdapterSurfaceView Id:59897613910020 water mark count is zero
09-28 17:52:51.191   879  1104 E C01406/skia: SurfaceNodeDrawable DrawCommSurfaceWatermark Name:com.a2hlab.bridge.zigzag/com.unity3d.player.UnityPlayerActivity Id:59897613910017 water mark count is zero
09-28 17:52:51.191   879  1104 E C01406/skia: SurfaceNodeDrawable DrawCommSurfaceWatermark Name:WindowScene_zigzag40 Id:8465380541336 water mark count is zero
09-28 17:52:51.191   879  1104 E C01406/skia: SurfaceNodeDrawable DrawCommSurfaceWatermark Name:SCBGestureNavBar13 Id:8465380540563 water mark count is zero
09-28 17:52:51.191   879  1104 E C01406/skia: SurfaceNodeDrawable DrawCommSurfaceWatermark Name:SCBStatusBar15 Id:8465380540646 water mark count is zero
09-28 17:52:51.193   879  1104 E C02515/DISP: [0;32;31m[GetMetadata:109] <private> is not supported[m
09-28 17:52:51.193   879  1104 E C02515/DISP: [0;32;31m[SetMetadata:102] <private> is not supported[m
09-28 17:52:51.193   879  1104 E C02515/METADATA_SRV: [0;32;31m[SetMetadata:136]  fail[m
09-28 17:52:51.193   879  1104 E C01401/Bufferqueue: <surface_buffer_impl.cpp:714-SetMetadata>: SetMetadata Failed with -5
09-28 17:52:51.193   879  1104 E C01406/skia: RSUniRenderComposerAdapter::SetBufferColorSpace set color space fail
09-28 17:52:51.202 13946 14169 I C00f00/OH_DER_VSync: onOhVsync ENTRY ts=<private> data=<private>
09-28 17:52:51.202 13946 14168 I C00f00/OH_DER_VSync: scheduleVsync ENTRY receiverPtr=0x<private>
09-28 17:52:51.202 13946 14168 I C00f00/OH_DER_VSync: scheduleVsync calling RequestFrame ohVsync=<private>
09-28 17:52:51.202 13946 14168 I C00f00/OH_DER_VSync: scheduleVsync RequestFrame rc=<private>
09-28 17:52:51.204   879  1223 E C02515/DISP: [0;32;31m[SetMetadata:102] <private> is not supported[m
09-28 17:52:51.204   879  1223 E C02515/METADATA_SRV: [0;32;31m[SetMetadata:136]  fail[m
09-28 17:52:51.204   879  1223 E C01401/Bufferqueue: <surface_buffer_impl.cpp:714-SetMetadata>: SetMetadata Failed with -5
09-28 17:52:51.204   797  4165 E C02515/DISP: [0;32;31m[SetLayerMaskInfo@display_composer_vdi_impl.cpp:404] <private> is not supported[m
09-28 17:52:51.205   879  1233 E C02515/DISP: [0;32;31m[SetMetadata:102] <private> is not supported[m
09-28 17:52:51.205   879  1233 E C02515/METADATA_SRV: [0;32;31m[SetMetadata:136]  fail[m
09-28 17:52:51.205   879  1233 E C01401/Bufferqueue: <surface_buffer_impl.cpp:714-SetMetadata>: SetMetadata Failed with -5
09-28 17:52:51.205   797  4165 E C02515/DISP: [0;32;31m[SetDisplayClientDamage@display_composer_vdi_impl.cpp:179] <private> is not supported[m
09-28 17:52:51.219 13946 14169 I C00f00/OH_DER_VSync: onOhVsync ENTRY ts=<private> data=<private>
09-28 17:52:51.219 13946 14168 I C00f00/OH_DER_VSync: scheduleVsync ENTRY receiverPtr=0x<private>
09-28 17:52:51.219 13946 14168 I C00f00/OH_DER_VSync: scheduleVsync calling RequestFrame ohVsync=<private>
09-28 17:52:51.219   879   879 E C02515/DISP: [0;32;31m[GetMetadata:109] <private> is not supported[m
09-28 17:52:51.219 13946 14168 I C00f00/OH_DER_VSync: scheduleVsync RequestFrame rc=<private>
09-28 17:52:51.219   879   879 E C02515/DISP: [0;32;31m[GetMetadata:109] <private> is not supported[m
09-28 17:52:51.219   879   879 E C02515/DISP: [0;32;31m[GetMetadata:109] <private> is not supported[m
09-28 17:52:51.220   879   879 E C01406/skia: RSBaseRenderUtil::DealWithSurfaceRotationAndGravity, GetSurfaceBufferOpaque:0
09-28 17:52:51.221   879   879 E C02515/DISP: [0;32;31m[GetMetadata:109] <private> is not supported[m
09-28 17:52:51.221   879   879 E C01406/skia: RSBaseRenderUtil::DealWithSurfaceRotationAndGravity, GetSurfaceBufferOpaque:0
09-28 17:52:51.221   879   879 E C02515/DISP: [0;32;31m[GetMetadata:109] <private> is not supported[m
09-28 17:52:51.223   879  1104 E C02515/DISP: [0;32;31m[SetMetadata:102] <private> is not supported[m
09-28 17:52:51.223   879  1104 E C02515/METADATA_SRV: [0;32;31m[SetMetadata:136]  fail[m
09-28 17:52:51.223   879  1104 E C01401/Bufferqueue: <surface_buffer_impl.cpp:714-SetMetadata>: SetMetadata Failed with -5
09-28 17:52:51.223   879  1104 E C01406/skia: SurfaceNodeDrawable DrawCommSurfaceWatermark Name:BackgroundBlurView2 Id:8465380540424 water mark count is zero
09-28 17:52:51.223   879  1104 E C01406/skia: RSBaseRenderUtil::DealWithSurfaceRotationAndGravity, GetSurfaceBufferOpaque:0
09-28 17:52:51.223   879  1104 I C01406/WRAP: AHardwareBuffer_createFromHandle index = <private> handle = <private>, ahb = <private>
09-28 17:52:51.224   879  1104 E C01406/skia: SurfaceNodeDrawable DrawCommSurfaceWatermark Name:AdapterActivityContent Id:59897613910019 water mark count is zero
09-28 17:52:51.224   879  1104 E C01406/skia: RSBaseRenderUtil::DealWithSurfaceRotationAndGravity, GetSurfaceBufferOpaque:0
09-28 17:52:51.224   879  1104 I C01406/WRAP: AHardwareBuffer_createFromHandle index = <private> handle = <private>, ahb = <private>
09-28 17:52:51.224   879  1104 E C01406/skia: SurfaceNodeDrawable DrawCommSurfaceWatermark Name:AdapterSurfaceView Id:59897613910020 water mark count is zero
09-28 17:52:51.224   879  1104 E C01406/skia: SurfaceNodeDrawable DrawCommSurfaceWatermark Name:com.a2hlab.bridge.zigzag/com.unity3d.player.UnityPlayerActivity Id:59897613910017 water mark count is zero
09-28 17:52:51.224   879  1104 E C01406/skia: SurfaceNodeDrawable DrawCommSurfaceWatermark Name:WindowScene_zigzag40 Id:8465380541336 water mark count is zero
09-28 17:52:51.225   879  1104 E C01406/skia: SurfaceNodeDrawable DrawCommSurfaceWatermark Name:SCBGestureNavBar13 Id:8465380540563 water mark count is zero
09-28 17:52:51.225   879  1104 E C01406/skia: SurfaceNodeDrawable DrawCommSurfaceWatermark Name:SCBStatusBar15 Id:8465380540646 water mark count is zero
09-28 17:52:51.226   879  1104 E C02515/DISP: [0;32;31m[GetMetadata:109] <private> is not supported[m
09-28 17:52:51.226   879  1104 E C02515/DISP: [0;32;31m[SetMetadata:102] <private> is not supported[m
09-28 17:52:51.226   879  1104 E C02515/METADATA_SRV: [0;32;31m[SetMetadata:136]  fail[m
09-28 17:52:51.226   879  1104 E C01401/Bufferqueue: <surface_buffer_impl.cpp:714-SetMetadata>: SetMetadata Failed with -5
09-28 17:52:51.226   879  1104 E C01406/skia: RSUniRenderComposerAdapter::SetBufferColorSpace set color space fail
