09-28 17:52:22.864  1971  1971 I A04200/WINDOW: SCBSpecificSession: onSessionStateChange, id: 41, state: 1
09-28 17:52:22.865  1971  1971 I A04200/WINDOW: SCBScene: [SCBSub] state change, persistentId: 41, state: 1, isActive: false, length: 1
09-28 17:52:22.865  1971  1971 I A04200/WINDOW: SCBSpecificSession: setSubWindowSource, source: 0
09-28 17:52:22.866  1971  1971 I A04200/WINDOW: SCBSpecificScene: aboutToAppear, id: 41, currRect: [0, 0, 1200, 1920]
09-28 17:52:22.866  1971  1971 I A04200/WINDOW: SCBSpecificSession: registerSessionRectChangeCallback screenId:0
09-28 17:52:22.866  1971  1971 I A04200/WINDOW: SCBSpecificSession: registerSessionTouchableChangeCallback
09-28 17:52:22.867  1971  1971 I A04200/WINDOW: SCBSpecificSession: registerCreateSubSessionCallback
09-28 17:52:22.867  1971  1971 I A04200/WINDOW: SCBSpecificSession: registerSetWindowCornerRadiusCallback
09-28 17:52:22.867  1971  1971 I A04208/WMSLayout: register follow rect callback, screenId: undefined}
09-28 17:52:22.867  1971  1971 I A04200/WINDOW: SCBSpecificScene: onFollowParentWindowLayout, isFollow: false
09-28 17:52:22.867  1971  1971 I A04200/WINDOW: SCBSpecificSession: registerSetWindowShadowsCallback
09-28 17:52:22.867  1971  1971 I A04200/WINDOW: SCBSpecificSession: registerMaximizeRectChangeCallback persistentId: 41
09-28 17:52:22.868  1971  1971 I A04200/WINDOW: SCBSpecificScene: enable show is false, id: 41, type: 2
09-28 17:52:22.893  1971  1971 I A04200/WINDOW: SCBSpecificSession: onSessionStateChange, id: 41, state: 2
09-28 17:52:22.894  1971  1971 I A04200/WINDOW: SCBScene: [SCBSub] update subwindow zorder. persistentId: 41
09-28 17:52:22.894  1971  1971 I A04200/WINDOW: SCBScene: [SCBSub] state change, persistentId: 41, state: 2, isActive: true, length: 1
09-28 17:52:22.894  1971  1971 I A04200/WINDOW: SCBSpecificSession: onSessionStateChange, id: 41, state: 3
09-28 17:52:22.894  1971  1971 I A04200/WINDOW: SCBSpecificSession: Skip state change, SessionState: 3
09-28 17:52:22.894  1971  1971 I A04208/WMSLayout: rectChangeCallback exists, id: 41, reason: 0, rect: [0, 0, 1200, 1920], displayId:-1
09-28 17:52:22.894  1971  1971 I A04200/WINDOW: SCBSpecificScene: onSessionRectChange start, id: 41 reason: 0, rect: [0, 0, 1200, 1920], currRect: [0, 0, 1200, 1920]
09-28 17:52:22.894  1971  1971 I A04200/WINDOW: SCBSpecificScene: session rect not change
09-28 17:52:22.894  1971  1971 I A04200/WINDOW: SCBSpecificSession: id:41 updateSizeChangeReason:0
09-28 17:52:22.897  1971  1971 I A04200/WINDOW: SCBSpecificScene: enable show is true, is in active state, id: 41, type: 2
09-28 17:52:22.898  1971  1971 I A04200/WINDOW: WindowAnimationUtils: getSubWindowTransitionEffect start
09-28 17:52:23.333  1971  1971 I A04208/WMSLayout: rectChangeCallback exists, id: 41, reason: 0, rect: [0, 0, 1200, 1920], displayId:-1
09-28 17:52:23.333  1971  1971 I A04200/WINDOW: SCBSpecificScene: onSessionRectChange start, id: 41 reason: 0, rect: [0, 0, 1200, 1920], currRect: [0, 0, 1200, 1920]
09-28 17:52:23.333  1971  1971 I A04200/WINDOW: SCBSpecificScene: session rect not change
09-28 17:52:23.333  1971  1971 I A04200/WINDOW: SCBSpecificSession: id:41 updateSizeChangeReason:0
09-28 17:52:23.366  1971  1971 I A04208/WMSLayout: rectChangeCallback exists, id: 41, reason: 0, rect: [0, 0, 1200, 1920], displayId:-1
09-28 17:52:23.366  1971  1971 I A04200/WINDOW: SCBSpecificScene: onSessionRectChange start, id: 41 reason: 0, rect: [0, 0, 1200, 1920], currRect: [0, 0, 1200, 1920]
09-28 17:52:23.367  1971  1971 I A04200/WINDOW: SCBSpecificScene: session rect not change
09-28 17:52:23.367  1971  1971 I A04200/WINDOW: SCBSpecificSession: id:41 updateSizeChangeReason:0
09-28 17:52:24.075  1971  1971 I A01b01/HOME: PageDesktopViewModel --> index: 1, pageList: 1, is outer: false
09-28 17:52:24.075  1971  1971 W A01b01/HOME: PageDesktopViewModel --> no cards in layout!
09-28 17:52:24.075  1971  1971 W A01b01/HOME: FormModel: get all forms from layout
09-28 17:52:24.075  1971  1971 W A01b01/HOME: PageDesktopViewModel --> cards num not reach limit, no need to recycle
09-28 17:52:26.004  1971  1971 I A04208/WMSLayout: rectChangeCallback exists, id: 41, reason: 0, rect: [0, 0, 1200, 1920], displayId:-1
09-28 17:52:26.004  1971  1971 I A04200/WINDOW: SCBSpecificScene: onSessionRectChange start, id: 41 reason: 0, rect: [0, 0, 1200, 1920], currRect: [0, 0, 1200, 1920]
09-28 17:52:26.004  1971  1971 I A04200/WINDOW: SCBSpecificScene: session rect not change
09-28 17:52:26.004  1971  1971 I A04200/WINDOW: SCBSpecificSession: id:41 updateSizeChangeReason:0
09-28 17:53:00.003  1971  1971 I A01a01/NC: StatusBarSysEventUtil: onTimeChangeEvent
09-28 17:53:00.003  1971  1971 I A01a00/SYS_UI: SysUI_BaseVM_: onTimeChangeEvent, need to update time, event: usual.event.TIME_TICK
09-28 17:53:00.004  1971  1971 I A01a00/SYS_UI: SysUI_BaseVM_: onTimeChangeEvent, need to update time, event: usual.event.TIME_TICK
09-28 17:53:00.005  1971  1971 I A01a01/NC: NotificationTimeVm: Update time text for __0_1018___1: 1970/1/1
09-28 17:53:00.005  1971  1971 I A01a01/NC: NotificationTimeVm: Update time text for __0_1018___0: 1970/1/1
09-28 17:53:30.376  1971  1971 I A04200/WINDOW: SCBSpecificSession: onSessionStateChange, id: 41, state: 4
09-28 17:53:30.376  1971  1971 I A04200/WINDOW: SCBSpecificSession: Skip state change, SessionState: 4
09-28 17:53:30.376  1971  1971 I A04200/WINDOW: SCBSpecificSession: onSessionStateChange, id: 41, state: 5
09-28 17:53:30.377  1971  1971 I A04200/WINDOW: SCBScene: [SCBSub] state change, persistentId: 41, state: 5, isActive: false, length: 1
09-28 17:53:30.377  1971  1971 I A04200/WINDOW: SCBSpecificSession: onSessionStateChange, id: 41, state: 0
09-28 17:53:30.377  1971  1971 I A04200/WINDOW: SCBSSM: sessionDisplayChange reason: 6, persistentIds len:1, curScreenId:0, target screenId: -1
09-28 17:53:30.377  1971  1971 W A04200/WINDOW: SCBSSM: sessionDisplayChange sessionDisplayChangeCallback is undefined
09-28 17:53:30.378  1971  1971 I A04200/WINDOW: SCBSceneSession: on sessionException errorReason: onAbilityDied, shouldSkipKillInStartup: false, needRemoveSession: false needClearCallerLink: true
09-28 17:53:30.378  1971  1971 I A04200/WINDOW: SCBSceneSession: startFail: false isGrayAppIcon: false
09-28 17:53:30.378  1971  1971 I A04200/WINDOW: SCBSSM: [SCBMain]Request to handle session exception, persistentId: 40
09-28 17:53:30.378  1971  1971 I A04200/WINDOW: SCBSSM: executeCallback: 24 0 40
09-28 17:53:30.378  1971  1971 I A04200/WINDOW: SCBScenePanelViewModel: [SCBMain] getSceneSessionByPersistentId from containerSessionList id: 40
09-28 17:53:30.378  1971  1971 W A01b01/HOME: SCBScenePanelViewModel: [SCBMain][id:40]onTerminateScene, containerId=undefined scenePanelState=1 needRemoveSession=false needClearData=true shouldBackToCaller=true needClearCallerLink=true isSessionException=true
09-28 17:53:30.378  1971  1971 I A04200/WINDOW: SCBScenePanelViewModel: getSceneContainerSessionWithPersistentId from containerSessionList id: 40
09-28 17:53:30.378  1971  1971 I A04200/WINDOW: SCBScenePanelViewModel: [SCBMain] getSceneSessionByPersistentId from containerSessionList id: 40
09-28 17:53:30.379  1971  1971 W A01b01/HOME: SCBScenePanelViewModel: [SCBMain]onTerminateScene com.unity3d.player.UnityPlayerActivity/com.a2hlab.bridge.zigzag/entry/0(persistentId: 40)(containerId: 9) isActive=true isFloat=false isSplit=false isMidScene=false needRemoveSession=false isForceClean=false
09-28 17:53:30.379  1971  1971 W A01b01/HOME: SCBScenePanelViewModel: [SCBMain]onTerminateScene sceneInfo.callerPersistentId=0
09-28 17:53:30.379  1971  1971 W A01b01/HOME: SCBScenePanelViewModel: [SCBMain]onTerminateScene, back to desktop.
09-28 17:53:30.379  1971  1971 I A01b01/HOME: SCBScenePanelAnimator: ExitAppAnimation start with destruction, bundleName=undefined, abilityName=undefined, moduleName=undefined, needRemoveSession=false, current Screen=Port
09-28 17:53:30.380  1971  1971 I A01b00/SCB: SCBTM: findTransitionController. bundleName: com.a2hlab.bridge.zigzag, overlayBundleName: undefined
09-28 17:53:30.380  1971  1971 W A01b01/HOME: PageDesktopModel: getExitAppData formCardId:undefined;cardId:undefined
09-28 17:53:30.380  1971  1971 W A01b01/HOME: PageDesktopModel: getExitAppData bundleName: com.a2hlab.bridge.zigzag, abilityName: com.unity3d.player.UnityPlayerActivity, startType: 0, formCardId: undefined, cardId: undefined, extraId: undefined, appIndex: 0, shortcutId: undefined
09-28 17:53:30.380  1971  1971 W A01b00/SCB: SCBTM: Find controller success ? true, findData: {"bundleName":"com.a2hlab.bridge.zigzag","abilityName":"com.unity3d.player.UnityPlayerActivity","appIndex":0,"appIconId":"","iconRadius":0,"appIconNumber":0,"startAppType":0}
09-28 17:53:30.380  1971  1971 W A01b01/HOME: SCBScenePanelViewModel: setTransitionAnimCancel reason: requestSceneContainerDestructionWithTransition
09-28 17:53:30.380  1971  1971 I A01a00/SYS_UI: SwipeAppToCapsuleAnimation: checkIsApp2Capsule bundleName com.a2hlab.bridge.zigzag appIndex 0
09-28 17:53:30.380  1971  1971 I A01a00/SYS_UI: SwipeAppToCapsuleAnimation: not capsule app.
09-28 17:53:30.380  1971  1971 I A01a00/SYS_UI: SwipeAppToCapsuleAnimation: Check SwipeAppToCapsule, bundleName: com.a2hlab.bridge.zigzag, appIndex: 0, result: false
09-28 17:53:30.381  1971  1971 W A01b00/SCB: SCBSCS: [SCBSCS] border radius from topLeft: 0, topRight: 0, bottomLeft: 0, bottomRight: 0 to 38. reason: requestSceneContainerDestructionWithTransition, extra: com.unity3d.player.UnityPlayerActivity/com.a2hlab.bridge.zigzag/entry/0(persistentId: 40)(containerId: 9)
09-28 17:53:30.381  1971  1971 I A01c06/ICON: CompanionIcon: isNeedUpdateIcon need update icon, newBundleName: com.a2hlab.bridge.zigzag, newModuleName: entry, newAbilityName:com.unity3d.player.UnityPlayerActivity
09-28 17:53:30.381  1971  1971 W A01c06/ICON: CompanionIcon: updateIcon startType: 0
09-28 17:53:30.381  1971  1971 I A01c06/ICON: AppIconModel --> bundleName: com.a2hlab.bridge.zigzag, not in dynamicIconList.
09-28 17:53:30.381  1971  1971 I A01b00/SCB: IconResourceManager: getCombIcon is penglai false, bundleName: com.a2hlab.bridge.zigzag, entry, com.unity3d.player.UnityPlayerActivity, 0, CompanionIcon, false, false
09-28 17:53:30.381  1971  1971 I A01b00/SCB: MemoryCache --> getCombIcon cacheKey com.a2hlab.bridge.zigzag#entrycom.unity3d.player.UnityPlayerActivity0
09-28 17:53:30.381  1971  1971 I A01b00/SCB: MemoryCache --> getCacheIconPicTypeSync com.a2hlab.bridge.zigzag
09-28 17:53:30.381  1971  1971 I A01b00/SCB: IconResourceManager: isAdaptiveIcon: bundleName com.a2hlab.bridge.zigzag, isAdaptiveIcon false
09-28 17:53:30.381  1971  1971 W A01c06/ICON: CompanionIcon: checkIsAdaptiveIcon, bundleName:com.a2hlab.bridge.zigzag, isAdaptive:false
09-28 17:53:30.381  1971  1971 W A01c06/ICON: CompanionIcon: non adaptive icon, comIcon is null: true
09-28 17:53:30.382  1971  1971 I A01b00/SCB: MemoryCache --> getCacheIconPicTypeSync com.a2hlab.bridge.zigzag
09-28 17:53:30.382  1971  1971 I A01b00/SCB: IconResourceManager: isAdaptiveIcon: bundleName com.a2hlab.bridge.zigzag, isAdaptiveIcon false
09-28 17:53:30.382  1971  1971 W A01c06/ICON: CompanionIcon: checkIsAdaptiveIcon, bundleName:com.a2hlab.bridge.zigzag, isAdaptive:false
09-28 17:53:30.382  1971  1971 W A01c06/ICON: CompanionIcon: start calcCardAnimParams componentId: AppIcon_Image_com.a2hlab.bridge.zigzagcom.unity3d.player.UnityPlayerActivityentry0_undefined_0
09-28 17:53:30.382  1971  1971 W A01c06/ICON: CompanionIcon: companionIconInfo.iconRect is null
09-28 17:53:30.383  1971  1971 I A01b01/HOME: ItemUtils: getRectById screenOffsetX: 671.4000244140625, width: 130.5, rectLeft: 298.40001085069446
09-28 17:53:30.384  1971  1971 I A01c06/ICON: CompanionIcon: get iconRect: rect left:298.40001085069446, top:659.5555555555555, right:356.40001085069446, bottom:717.5555555555555, width:58, height:58
09-28 17:53:30.384  1971  1971 I A01c06/ICON: CompanionIcon: calcCardAnimParams this.isRelativeVerticalScreen: true, isNeedRotateIcon:
09-28 17:53:30.384  1971  1971 I A01c06/ICON:       false
09-28 17:53:30.384  1971  1971 I A01c06/ICON: CompanionIcon: finish calcCardAnimParams
09-28 17:53:30.384  1971  1971 I A01c06/ICON: CompanionIcon: sceneContainerSessionChange this.isAdaptiveIcon false
09-28 17:53:30.384  1971  1971 I A01b00/SCB: SCBSCS: initCompanionIconInfo transitionAnimationCount:0, iconAnimCount:0
09-28 17:53:30.384  1971  1971 W A01b00/SCB: SCBSCS: initCompanionIconInfo companionIconInfo: com.a2hlab.bridge.zigzag, com.unity3d.player.UnityPlayerActivity, entry, iconId: AppIcon_Image_com.a2hlab.bridge.zigzagcom.unity3d.player.UnityPlayerActivityentry0_undefined_0; persistentId: 40
09-28 17:53:30.384  1971  1971 W A01b01/HOME: QuitAppRectViewModel: buildAppExitInfoInExit iconId AppIcon_Image_com.a2hlab.bridge.zigzagcom.unity3d.player.UnityPlayerActivityentry0_undefined_0
09-28 17:53:30.384  1971  1971 W A01b01/HOME: QuitAppRectViewModel: startAppType 0, iconId AppIcon_Image_com.a2hlab.bridge.zigzagcom.unity3d.player.UnityPlayerActivityentry0_undefined_0
09-28 17:53:30.384  1971  1971 I A0001b/AA: OutSideWindowManager: globalSearchStatus: 0
09-28 17:53:30.384  1971  1971 I A0001b/AA: OutSideWindowManager: globalSearchStatus: 0
09-28 17:53:30.384  1971  1971 W A01b01/HOME: PageDesktopModel: findAppInCurrentShowingPage bundleName: com.a2hlab.bridge.zigzagabilityName: com.unity3d.player.UnityPlayerActivity, moduleName: entry;startAppType: 0; cardId: undefined appIndex: 0, shortcutId: 
09-28 17:53:30.385  1971  1971 W A01b01/HOME: PageDesktopModel: findAppInCurrentShowingPageWithMethod page: 1 msg:findAppInfo
09-28 17:53:30.385  1971  1971 W A01b01/HOME: PageDesktopModel: findAppInCurrentPage, eleInCurrentPage length: 23
09-28 17:53:30.385  1971  1971 W A01b01/HOME: PageDesktopModel: isFoundApp bundleName: com.a2hlab.bridge.zigzag abilityName: com.unity3d.player.UnityPlayerActivity, moduleName: entry; appIconId: 16777221; cardId: undefined appIndex: 0, shortcutId: 
09-28 17:53:30.385  1971  1971 W A01b01/HOME: PageDesktopModel: findAppInCurrentPage icon 16777221, 16777221,undefined, com.a2hlab.bridge.zigzag
09-28 17:53:30.385  1971  1971 W A01b01/HOME: PageDesktopModel: findAppInCurrentShowingPageWithMethod page: 1 componentId:undefined msg:findAppInfo
09-28 17:53:30.385  1971  1971 W A01b01/HOME: PageDesktopModel: searchInCurrentDeskTopPage 16777221, true, 0
09-28 17:53:30.385  1971  1971 W A01b01/HOME: PageDesktopModel: buildAppExitInfo iconId: AppIcon_Image_com.a2hlab.bridge.zigzagcom.unity3d.player.UnityPlayerActivityentry0_undefined_0, isInScreen: true
09-28 17:53:30.385  1971  1971 I A01b01/HOME: ItemUtils: getRectByIdWithAttachedFrameNode position: [298.4000244140625-659.5555419921875], size: [130.5-130.5] Unique:2648
09-28 17:53:30.385  1971  1971 I A01b01/HOME: SCBScenePanelViewModel: AppExitRectInfo VP top: 659.5555419921875, left: 298.4000244140625, width: 58, type: null, pageIndex: 1, isInScreen: true
09-28 17:53:30.385  1971  1971 I A0001b/AA: OutSideWindowManager: globalSearchStatus: 0
09-28 17:53:30.385  1971  1971 I A01b09/RECENT: SCBDesktopCacheManager: setDesktopCacheWithDfx return cacheFlag:true reason:requestSceneContainerDestructionWithTransition animation start
09-28 17:53:30.385  1971  1971 W A01b00/SCB: SCBSCS: Add count 9, 0
09-28 17:53:30.386  1971  1971 I A01b00/SCB: SCBTM: Add count 9, 0
09-28 17:53:30.386  1971  1971 I A01b00/SCB: SCBTM: addStartExitAnimationCount reason:requestSceneContainerDestructionWithTransition animationCount:1
09-28 17:53:30.386  1971  1971 W A01b00/SCB: SCBSCS: getTransitionCount from session 9, 1
09-28 17:53:30.386  1971  1971 W A01b00/SCB: SCBTM: getTransitionCount from animationMap 9, 1
09-28 17:53:30.386  1971  1971 I A04209/WMSImms: enterRecent:false
09-28 17:53:30.386  1971  1971 I A04200/WINDOW: SCBSSM: displayData(1200 1920) 
09-28 17:53:30.387  1971  1971 I A01c06/ICON: CloseAppManager --> isAppIconInFolderOpen isOpenFolder: false isStartFromOpenFolder: true
09-28 17:53:30.387  1971  1971 I A01b01/HOME: LauncherAnimUtil: tag=SCBScenePanelViewModel isUiBusy=true
09-28 17:53:30.387  1971  1971 I A04200/WINDOW: SCBScreenSession: isScreenVertical 0,0
09-28 17:53:30.387  1971  1971 W A01b01/HOME: StartAndExitUtil: get screenStateKey: F_portrait, responseType: 2, response: 0.5
09-28 17:53:30.387  1971  1971 I A01b09/RECENT: RecentGestureEventManager: reportEventForRSSIfNeed event:6 args:com.a2hlab.bridge.zigzag
09-28 17:53:30.387  1971  1971 I A01b00/SCB: AnimateToScheduleUtils: report name: com.a2hlab.bridge.zigzag event:6
09-28 17:53:30.387  1971  1971 I A01b01/HOME: StartAndExitVisualEffectManager: mIsStartExitBlurDisable: true
09-28 17:53:30.388  1971  1971 W A01b09/RECENT: SCBScenePanelSession: setBgBlurEnable, isBlurEnable: false, caller function name: requestSceneContainerDestructionWithTransition
09-28 17:53:30.388  1971  1971 I A01b01/HOME: StartAndExitVisualEffectManager: mIsPowerSaveMode: false
09-28 17:53:30.388  1971  1971 I A01b00/SCB: SCBSCS: setMotionBlurRadius: 0.5, caller: requestSceneContainerDestructionWithTransition
09-28 17:53:30.388  1971  1971 I A01b00/SCB: SceneBoardStateManager: consumeEvent CLOSE_APP start
09-28 17:53:30.388  1971  1971 I A01b00/SCB: SceneBoardStateManager: consumeEvent CLOSE_APP end
09-28 17:53:30.388  1971  1971 I A01b0a/GESTURE: SCBGestureNavBar: [AIBAR] receive EVENT_NAV_BAR_GESTURE_CANCEL event, params=undefined,this.isInNavBarGesture is false
09-28 17:53:30.388  1971  1971 W A01b01/HOME: SCBScenePanelAnimator: requestSceneContainerDestructionWithTransition animateToImmediately uiContext true
09-28 17:53:30.389  1971  1971 W A01b00/SCB: IconResourceManager: combIcon is empty: false, bundleName: com.a2hlab.bridge.zigzag
09-28 17:53:30.389  1971  1971 E A04200/WINDOW: SCBSSM: image is null.
09-28 17:53:30.389  1971  1971 I A04200/WINDOW: SCBSSM: updateStatusbarColor contentColor: #ffffffff
09-28 17:53:30.389  1971  1971 I A04209/WMSImms: set desktop prop:[5,true,"#00000000","#ffffffff",true,true,null]
09-28 17:53:30.389  1971  1971 I A04209/WMSImms: update force prop:[0,false,"#00000000","#ffffffff",true,true,null],callfrom:RecentTask out
09-28 17:53:30.392  1971  1971 W A01b01/HOME: SCBSceneContainer: checkMotionBlurEnable highestMotionBlurEnable:-1, refreshRate:-1
09-28 17:53:30.396  1971  1971 I A04200/WINDOW: SCBSpecificScene: enable show is false, id: 41, type: 2
09-28 17:53:30.397  1971  1971 W A01b00/SCB: SCBSCS: [SCBSCS] border radius from topLeft: 38, topRight: 38, bottomLeft: 38, bottomRight: 38 to 0. reason: onTransitionInactive, extra: com.unity3d.player.UnityPlayerActivity/com.a2hlab.bridge.zigzag/entry/0(persistentId: 40)(containerId: 9)
09-28 17:53:30.398  1971  1971 I A04200/WINDOW: SCBSPM: onBlurTransitionInactive out of focus
09-28 17:53:30.398  1971  1971 W A01b09/RECENT: SCBScenePanelSession: setBgBlurScale, blurScale: 1 to 0,caller function name: onBlurTransitionInactive
09-28 17:53:30.398  1971  1971 W A01b01/HOME: SCBSceneContainer: checkMotionBlurEnable highestMotionBlurEnable:-1, refreshRate:-1
09-28 17:53:30.401  1971  1971 W A01b01/HOME: StartAndExitVisualEffectManager: isStartExitWallpaperBlurDisable mIsStartExitBlurDisable: true, startExitMotionLevel: 1 
09-28 17:53:30.401  1971  1971 W A01b00/SCB: SCBSCS: getTransitionCount from session 9, 1
09-28 17:53:30.401  1971  1971 W A01b00/SCB: SCBTM: getTransitionCount from animationMap 9, 1
09-28 17:53:30.402  1971  1971 I A0420a/WMSLife: Request scene container session destruction with transition out, id: com.unity3d.player.UnityPlayerActivity/com.a2hlab.bridge.zigzag/entry/0(persistentId: 40)(containerId: 9) isActive true delete false isBackToIcon true needClearData false
09-28 17:53:30.402  1971  1971 W A0420a/WMSLife: Request scene container session destruction, name: com.unity3d.player.UnityPlayerActivity/com.a2hlab.bridge.zigzag/entry/0(persistentId: 40)(containerId: 9) delete: false needClearData: false isSaveSnapshot: true isForceClean: false
09-28 17:53:30.402  1971  1971 I A04200/WINDOW: SCBSceneSession: [SCBMain]requestSceneSessionDestruction name: com.unity3d.player.UnityPlayerActivity/com.a2hlab.bridge.zigzag/entry/0(persistentId: 40) isDeletePersistentMap: false isSaveSnapshot: true isForceClean: false
09-28 17:53:30.402  1971  1971 I A04200/WINDOW: SCBScene: [UseControl]Use control isActive:false persistentId:40
09-28 17:53:30.402  1971  1971 W A04200/WINDOW: SCBSSM: [SCBMain][id:40]requestSceneSessionDestruction,isDeletePersistentMap:false, isSaveSnapshot:true, isForceClean:false
09-28 17:53:30.402  1971  1971 I A04200/WINDOW: SCBSSM: [SCBMain]setIsPendingToBackgroundState, state:true
09-28 17:53:30.403  1971  1971 I A04200/WINDOW: SCBSpecificScenePanelViewModel --> onDestroyFloatWindowFromSceneSession
09-28 17:53:30.403  1971  1971 I A04200/WINDOW: SCBScenePersistent: Set persistentId = 40 isAlive to false
09-28 17:53:30.403  1971  1971 W A04200/WINDOW: SCBScenePersistent: The alive status remains unchanged
09-28 17:53:30.403  1971  1971 I A04200/WINDOW: SCBScenePersistent: Set persistentId = 40 lastUsedTimestamp to 0
09-28 17:53:30.403  1971  1971 I A04200/WINDOW: SCBSceneSession: clear immersive session data 40
09-28 17:53:30.403  1971  1971 I A01b01/HOME: SCBSceneResourceManager: clearSceneCache 40
09-28 17:53:30.403  1971  1971 I A01b01/HOME: SCBSceneResourceManager: deleteAppSessionLabelCache cacheKey:40
09-28 17:53:30.403  1971  1971 I A01b01/HOME: SCBSceneResourceManager: deleteSessionIconCache cacheKey:40
09-28 17:53:30.403  1971  1971 I A04200/WINDOW: SCBSceneRecentMissionManager: remove id 40 from recentMissionIdSet
09-28 17:53:30.403  1971  1971 I A01b00/SCB: SCBTM: exitToFolderStart folderId: undefined; index: undefined
09-28 17:53:30.403  1971  1971 W A01b00/SCB: SCBTM: notifySceneTransitionOut isTransitionOutToIcon=true
09-28 17:53:30.403  1971  1971 I A0001b/AA: OutSideWindowManager: globalSearchStatus: 0
09-28 17:53:30.405  1971  1971 W A01b01/HOME: SCBSceneContainer: checkMotionBlurEnable highestMotionBlurEnable:-1, refreshRate:-1
09-28 17:53:30.410  1971  1971 I A01b01/HOME: WallpaperManager --> updateDeskTopWallpaperScale scale = 1;
09-28 17:53:30.410  1971  1971 W A01b09/RECENT: SCBDesktopCacheManager: FreezeTrack checkRotation rotationMode old:-1, now:0
09-28 17:53:30.410  1971  1971 I A0001b/AA: OutSideWindowManager: globalSearchStatus: 0
09-28 17:53:30.411  1971  1971 W A01b01/HOME: SCBDesktop: onDesktopAnimateScaleChanged changeScale to 1, due to:onInactive
09-28 17:53:30.411  1971  1971 W A01c06/ICON: AppIconCommonEvent: onActive bundleName:com.a2hlab.bridge.zigzag, [SCBTM] set icon from show to [hidden], caller: notifySceneTransitionOut, extra info: undefined.
09-28 17:53:30.412  1971  1971 W A01c06/ICON: AppIconData: [SCBTM] set icon opacity from [1] to [0], caller: notifySceneTransitionOut, extra: undefined, iconId: AppIcon_Image_com.a2hlab.bridge.zigzagcom.unity3d.player.UnityPlayerActivityentry0_undefined_0
09-28 17:53:30.419  1971  1971 W A01b01/HOME: SCBSceneContainer: checkMotionBlurEnable highestMotionBlurEnable:-1, refreshRate:-1
09-28 17:53:30.427  1971  1971 W A01b00/SCB: SCBSCS: [SCBScenePanelViewModel] sceneAlpha from 1 to 0. reason: requestSceneContainerDestructionWithTransition, extra: com.unity3d.player.UnityPlayerActivity/com.a2hlab.bridge.zigzag/entry/0(persistentId: 40)(containerId: 9)
09-28 17:53:30.429  1971  1971 I A01b01/HOME: SCBScenePanelViewModel: updateScenePanelState from 1 to 0
09-28 17:53:30.430  1971  1971 I A01b01/HOME: SCBDesktop: scenePanelState change 0
09-28 17:53:30.430  1971  1971 I A01b01/HOME: SCBDesktop: updateScenePanelState, sceneState:0
09-28 17:53:30.430  1971  1971 W A01c05/FORM: PageDesktopViewModel --> localEventListener receive event: launcher.event.REQUEST_FORM_RECYCLE
09-28 17:53:30.430  1971  1971 I A01c05/FORM: PageDesktopViewModel --> current recycleFormEventHandler, state = false, currentStartApp = true
09-28 17:53:30.430  1971  1971 I A01c05/FORM: PageDesktopViewModel --> handle app exit, start form recover, pageIndex: 1
09-28 17:53:30.430  1971  1971 I A01b01/HOME: PageDesktopViewModel --> index: 1, pageList: 1, is outer: false
09-28 17:53:30.430  1971  1971 W A01b01/HOME: PageDesktopViewModel --> no cards in layout!
09-28 17:53:30.430  1971  1971 W A01c05/FORM: FormHostService: formVisibleList empty
09-28 17:53:30.431  1971  1971 I A01b01/HOME: PageDesktopViewModel --> pageIndex 0 change to 1, start a invisible forms timer, id: 2428
09-28 17:53:30.431  1971  1971 I A01b01/HOME: PageDesktopViewModel --> index: 0, pageList: 0, is outer: false
09-28 17:53:30.431  1971  1971 W A01b01/HOME: PageDesktopViewModel --> no cards in layout!
09-28 17:53:30.431  1971  1971 I A01c05/FORM: FormStackExpandView: formstack expand onScenePanelStateChange: 0
09-28 17:53:30.431  1971  1971 I A01a00/SYS_UI: SystemUIView: onScenePanelStateChange: 0
09-28 17:53:30.433  1971  1971 I A01b0a/GESTURE: AIBarView: ScenepanelState has change to 0
09-28 17:53:30.434  1971  1971 I A01a00/SYS_UI: SystemUIView: onScenePanelStateChange: 0
09-28 17:53:30.434  1971  1971 I A01b0a/GESTURE: FloatingNavigationManager: setScenePanelState 0
09-28 17:53:30.434  1971  1971 I A01b0a/GESTURE: FloatingNavigationManager: sendFloatingIsInApp false
09-28 17:53:30.434  1971  1971 I A01b0a/GESTURE: FloatingNavigationManager: sendFloatingNavIsInApp swich is closed
09-28 17:53:30.434  1971  1971 I A01b01/HOME: SCBScenePanel: is scrolling value is  false  state is  0 
09-28 17:53:30.435  1971  1971 I A01b01/HOME: StartAndExitVisualEffectManager: mIsPowerSaveMode: false
09-28 17:53:30.435  1971  1971 I A01b01/HOME: StartAndExitVisualEffectManager: mIsStartExitBlurDisable: true
09-28 17:53:30.435  1971  1971 I A0001b/AA: OutSideWindowManager: globalSearchStatus: 0
09-28 17:53:30.436  1971  1971 I A01b01/HOME: SCBScenePanel: [scenePanelCanvasStyles] set Scale to: 1
09-28 17:53:30.438  1971  1971 I A01b0a/GESTURE: AIBarView: checkShowAiBar
09-28 17:53:30.438  1971  1971 I A04200/WINDOW: SCBSSM: getSystemSceneSessionWithId persistentId:18, mainScreenId:0, screenId:0
09-28 17:53:30.438  1971  1971 I A04200/WINDOW: SCBSSM: Find system scene session : 18
09-28 17:53:30.446  1971  1971 W A01b01/HOME: SCBSceneContainer: checkMotionBlurEnable highestMotionBlurEnable:-1, refreshRate:-1
09-28 17:53:30.451  1971  1971 W A01b01/HOME: StartAndExitVisualEffectManager: isStartExitWallpaperBlurDisable mIsStartExitBlurDisable: true, startExitMotionLevel: 1 
09-28 17:53:30.451  1971  1971 I A04200/WINDOW: SCBSPM: onBlurTransitionInactive out of focus
09-28 17:53:30.451  1971  1971 I A0001b/AA: OutSideWindowManager: globalSearchStatus: 0
09-28 17:53:30.451  1971  1971 I A01b09/RECENT: SCBDesktopCacheManager: FreezeTrack setWallPaperScale old:1.1, new:1, reason:onInactive
09-28 17:53:30.452  1971  1971 W A01b09/RECENT: SCBDesktopCacheManager: FreezeTrack checkRotation rotationMode old:-1, now:0
09-28 17:53:30.452  1971  1971 I A0001b/AA: OutSideWindowManager: globalSearchStatus: 0
09-28 17:53:30.452  1971  1971 W A01b01/HOME: SCBDesktop: onDesktopAnimateScaleChanged changeScale to 1, due to:onInactive
09-28 17:53:30.453  1971  1971 I A0001b/AA: OutSideWindowManager: globalSearchStatus: 0
09-28 17:53:30.453  1971  1971 I A01b01/HOME: EditModeViewEvent: set editSwitchEnable from true to true
09-28 17:53:30.453  1971  1971 I A01b01/HOME: SCBScenePanelViewModel: From Split to Home open desktop edit, editSwitchEnable: true
09-28 17:53:30.454  1971  1971 I A01b01/HOME: SCBScenePanelViewModel: setScenePanelTouchableByNavigation is false, scenePanelState is 0 isTouchableByNavBar:false isTouchable:undefined
09-28 17:53:30.454  1971  1971 I A04200/WINDOW: SCBSystemSceneSession: setSessionTouchable:false this.sessionChangeCallback:undefined
09-28 17:53:30.455  1971  1971 I A04200/WINDOW: SCBScenePanelViewModel: clear session caller persistentId for 40
09-28 17:53:30.455  1971  1971 I A04200/WINDOW: SCBScenePanelViewModel: [SCBMain] getSceneSessionByPersistentId from containerSessionList id: 40
09-28 17:53:30.455  1971  1971 I A04200/WINDOW: SCBScenePanelViewModel: clear session callerPersistentId = 0 for 40
09-28 17:53:30.455  1971  1971 I A04200/WINDOW: SCBSpecialScenePanelViewModel: onCloseScene with persistentId:40 containerId:undefined
09-28 17:53:30.456  1971  1971 W A04200/WINDOW: SCBSpecialScenePanelViewModel: Failed to get scene containerSession with session id:40 from special panel
09-28 17:53:30.456  1971  1971 E A04200/WINDOW: SCBSpecialScenePanelViewModel: cannot find containerSession with persistentId:40
09-28 17:53:30.456  1971  1971 I A04200/WINDOW: SCBSSM: SCBSSM
09-28 17:53:30.456  1971  1971 W A04200/WINDOW: [SCBMission]SCBScenePanelMissionHandler: [Screen:0][Panel:1]getMissionProcessor null, fallback to empty default
09-28 17:53:30.456  1971  1971 W A04200/WINDOW: [SCBMission]SCBScenePanelMissionHandler: [Screen:0][Panel:2]getMissionProcessor null, fallback to empty default
09-28 17:53:30.457  1971  1971 I A04200/WINDOW: SCBSSM: onShiftFocus id: 40 -> 11, displayGroupId: 0
09-28 17:53:30.458  1971  1971 I A04200/WINDOW: SCBWindowFocusController: setFocusedSession, displayGroupId: 0, sessionId: 11, displayId: 0, screenId: 0
09-28 17:53:30.459  1971  1971 I A01b00/SCB: ViewManagerPolicy --> 11 notifyViewGainFocus
09-28 17:53:30.459  1971  1971 I A01b0a/GESTURE: SCBGestureManager: onGainFocus
09-28 17:53:30.459  1971  1971 I A01b0a/GESTURE: SCBGestureManager: resetThirdAppEnable.
09-28 17:53:30.459  1971  1971 W A01b0a/GESTURE: SCBGestureManager: caller is SceneBoard caller.
09-28 17:53:30.459  1971  1971 I A01b01/HOME: SCBDesktop: Desktop focus
09-28 17:53:30.460  1971  1971 I A01a00/SYS_UI: SystemUIView: onDeskTopChange: true
09-28 17:53:30.460  1971  1971 I A01a00/SYS_UI: SystemUIView: onDeskTopChange: true
09-28 17:53:30.461  1971  1971 W A01b01/HOME: ExposureManager --> handleDesktopExposureTimeStart
09-28 17:53:30.461  1971  1971 I A0001b/AA: OutSideWindowManager: OutSideWindowManager
09-28 17:53:30.461  1971  1971 W A01a00/SYS_UI: StatusBar-Index: onControlCenterDataChanged visible = true
09-28 17:53:30.461  1971  1971 I A01a00/SYS_UI: StatusBarHeightVm: forcedSetHeight 0 false
09-28 17:53:30.461  1971  1971 I A01a00/SYS_UI: StatusBarHeightVm: checkHeightChange: cacheUseHeight 58 maxHeight 58 maxHotArea: 39
09-28 17:53:30.461  1971  1971 I A04200/WINDOW: SCBSceneSession: onSessionStateChange state:5
09-28 17:53:30.462  1971  1971 I A04200/WINDOW: SCBScreenSM: unRegisterScreenPropertyChangeCallbacks caller: at onSessionStateChange (SCBSceneSession.ts:3050:55)screenId: undefined true null
09-28 17:53:30.462  1971  1971 I A04200/WINDOW: SCBScreenSM: recordEventFromScb
09-28 17:53:30.462  1971  1971 I A04200/WINDOW: SCBScreenSM: callbackRegisterMap callerStack: at onSessionStateChange (SCBSceneSession.ts:3050:55)
09-28 17:53:30.462  1971  1971 I A04209/WMSImms: win:40 background
09-28 17:53:30.463  1971  1971 I A04200/WINDOW: SCBSSM: displayData(1200 1920) 
09-28 17:53:30.463  1971  1971 E A04200/WINDOW: SCBSSM: image is null.
09-28 17:53:30.463  1971  1971 I A04200/WINDOW: SCBSSM: updateStatusbarColor contentColor: #ffffffff
09-28 17:53:30.463  1971  1971 I A04209/WMSImms: set desktop prop:[5,true,"#00000000","#ffffffff",true,true,null]
09-28 17:53:30.464  1971  1971 I A04200/WINDOW: SCBSSM: fullScreenLayoutChange screenId:0 isFullScreenLayout:false notifyType:SCBStatusBar
09-28 17:53:30.464  1971  1971 I A04200/WINDOW: SCBSSM: fullScreenLayoutChange screenId:0 isFullScreenLayout:false notifyType:FixedLayout
09-28 17:53:30.464  1971  1971 I A04200/WINDOW: SCBSSM: onGestureBarVisibleChange isVisible:false, screenId:0
09-28 17:53:30.464  1971  1971 I A04209/WMSImms: update prop, use desktop
09-28 17:53:30.465  1971  1971 I A04200/WINDOW: SCBSSM: updateNavigationBarProperty undefined
09-28 17:53:30.465  1971  1971 W A04200/WINDOW: SCBSSM: no have match navigationBarCallback
09-28 17:53:30.465  1971  1971 I A01b0a/GESTURE: FloatingNavigationManager: checkShowFloatingNavigation swich is closed
09-28 17:53:30.465  1971  1971 I A04200/WINDOW: SCBSSM: update navi bar, home
09-28 17:53:30.465  1971  1971 I A01b0a/GESTURE: GestureDockPreferenceUtil: onSceneStateChange,isForegroud:false,bundleName:com.a2hlab.bridge.zigzag,appIndex:0 sceneInfo.abilityName:com.unity3d.player.UnityPlayerActivity
09-28 17:53:30.465  1971  1971 I A01b09/RECENT: RecentGestureEventManager: onSceneStateChange,isForegroud:false,bundleName:com.a2hlab.bridge.zigzag abilityName:com.unity3d.player.UnityPlayerActivity
09-28 17:53:30.465  1971  1971 I A04200/WINDOW: SCBSceneSession: onSessionStateChange state:0
09-28 17:53:30.465  1971  1971 I A01a00/SYS_UI: AppLifeCycleManager: StateChanged, state is not page com.ohos.sceneboard_phone_sceneboard_com.ohos.sceneboard.MainAbility_1971
09-28 17:53:30.466  1971  1971 I A04200/WINDOW: SCBSpecificScene: aboutToDisappear, id: 41
09-28 17:53:31.122  1971  1971 W A01b01/HOME: SCBScenePanelAnimator: requestSceneContainerDestructionWithTransition animateToImmediately onFinish
09-28 17:53:31.122  1971  1971 W A01b00/SCB: SCBSCS: getTransitionCount from session 9, 1
09-28 17:53:31.122  1971  1971 W A01b00/SCB: SCBTM: getTransitionCount from animationMap 9, 1
09-28 17:53:31.122  1971  1971 I A01b09/RECENT: RecentGestureEventManager: reportEventForRSSIfNeed event:7 args:com.a2hlab.bridge.zigzag
09-28 17:53:31.122  1971  1971 I A01b00/SCB: AnimateToScheduleUtils: report name: com.a2hlab.bridge.zigzag event:7
09-28 17:53:31.123  1971  1971 I A01b01/HOME: LauncherAnimUtil: tag=SCBScenePanelViewModel isUiBusy=false
09-28 17:53:31.123  1971  1971 W A01b01/HOME: SCBScenePanelAnimator: ExitAppAnimation end.
09-28 17:53:31.123  1971  1971 I A01b00/SCB: SCBTM: reduceStartExitAnimationCount reason:requestSceneContainerDestructionWithTransition end animationCount:0
09-28 17:53:31.123  1971  1971 I A01b00/SCB: LocalEventManager: sendLocalEvent, send local event with no receiver
09-28 17:53:31.123  1971  1971 W A01b00/SCB: SCBSCS: getTransitionCount from session 9, 1
09-28 17:53:31.123  1971  1971 W A01b00/SCB: SCBTM: getTransitionCount from animationMap 9, 1
09-28 17:53:31.123  1971  1971 I A01b00/SCB: SCBTM: getStartExitAnimationCount animationCount:0
09-28 17:53:31.123  1971  1971 I A0001b/AA: OutSideWindowManager: globalSearchStatus: 0
09-28 17:53:31.123  1971  1971 I A01b09/RECENT: SCBDesktopCacheManager: setDesktopCacheWithDfx Validate cacheFlag:false reason:transitionOutFinishIfNeed
09-28 17:53:31.124  1971  1971 I A01b00/SCB: SCBTM: getStartExitAnimationCount animationCount:0
09-28 17:53:31.124  1971  1971 W A01b00/SCB: SCBSCS: transitionOutFinish, id: 9
09-28 17:53:31.124  1971  1971 W A01b00/SCB: SCBSCS: clearTransitionCount 9, 1
09-28 17:53:31.124  1971  1971 I A01b00/SCB: SCBTM: clearTransitionCount 9, 1
09-28 17:53:31.124  1971  1971 I A01b00/SCB: SCBTM: cleanTransition isCurrentController:true, updateAnimSwipe: true
09-28 17:53:31.125  1971  1971 W A01b00/SCB: SCBSCS: [SCBSCS] sceneAlpha from 0 to 1. reason: init, extra: com.unity3d.player.UnityPlayerActivity/com.a2hlab.bridge.zigzag/entry/0(persistentId: 40)(containerId: 9)
09-28 17:53:31.125  1971  1971 W A01b01/HOME: SCBScenePanelAnimator: requestSceneContainerDestructionWithTransition onFinish, animationNum: 1, needRemoved: true, pendingRemove: false
09-28 17:53:31.125  1971  1971 I A01b00/SCB: SCBTM: exitToFolderEnd folderId: undefined; index: undefined
09-28 17:53:31.126  1971  1971 W A01c06/ICON: AppIconCommonEvent: onInactive bundleName:com.a2hlab.bridge.zigzag, [SCBScenePanelViewModel] set icon from hidden to [show], caller: inactiveController, extra info: undefined.
09-28 17:53:31.126  1971  1971 W A01c06/ICON: AppIconData: [SCBScenePanelViewModel] set icon opacity from [0] to [1], caller: inactiveController, extra: undefined, iconId: AppIcon_Image_com.a2hlab.bridge.zigzagcom.unity3d.player.UnityPlayerActivityentry0_undefined_0
09-28 17:53:31.126  1971  1971 I A01b00/SCB: SCBSCS: clearContainerSessionData
09-28 17:53:31.126  1971  1971 E A01c06/ICON: CloseAppManager --> deleteCardCache AppIcon_Image_com.a2hlab.bridge.zigzagcom.unity3d.player.UnityPlayerActivityentry0_undefined_0 is not touched card
09-28 17:53:31.126  1971  1971 E A01c06/ICON: CloseAppManager --> clearAdaptiveIconCache 16777221 is not touched icon
09-28 17:53:31.126  1971  1971 W A01c06/ICON: AppIconCommonEvent: onInactive bundleName:com.a2hlab.bridge.zigzag, [SCBScenePanelViewModel] set icon from show to [show], caller: requestSceneContainerDestructionWithTransition, extra info: undefined.
09-28 17:53:31.126  1971  1971 I A01b01/HOME: SCBScenePanelAnimator: destructionWithTransition onFinish controller is false
09-28 17:53:31.126  1971  1971 I A01b00/SCB: SCBTM: getStartExitAnimationCount animationCount:0
09-28 17:53:31.127  1971  1971 W A01b01/HOME: SCBSceneContainer: [SCBMain] com.unity3d.player.UnityPlayerActivity/com.a2hlab.bridge.zigzag/entry/0(persistentId: 40)(containerId: 9) enableShow change from true to false. Detail:isPrebuildStageEnableShow:false, showInRecent:false, sceneContainerSession.enableShow:false, showInScrolling:false
09-28 17:53:31.134  1971  1971 I A04200/WINDOW: SCBSceneSession: unRegisterAll: 40.
09-28 17:53:31.135  1971  1971 I A04200/WINDOW: SCBSceneSession: nativeRefAvailability checking with active:false, refCount:0, reason:scene goto destroy.
09-28 17:53:31.135  1971  1971 I A04200/WINDOW: SCBKioskModeManager: sceneType=SCBScene40 unRegisterKioskModeChangeEvent success
09-28 17:53:31.135  1971  1971 I A04200/WINDOW: SCBSceneViewModel: release.
09-28 17:53:31.136  1971  1971 I A01c06/ICON: CompanionIcon: aboutToDisappear
09-28 17:53:31.137  1971  1971 I A04200/WINDOW: SCBScreenSM: screenId: 0, rotationChangeCallbacks: Cannot get source code of function, notifyWrapRotateEntry called
09-28 17:53:31.137  1971  1971 I A04200/WINDOW: SCBScreenSM: notifyWrapRotateEntry: at aboutToAppear (SCBScenePanel.ts:4508:47)
09-28 17:53:31.137  1971  1971 I A0421d/WMSRotation: [wrapRotationEntryCallback] rotateFuncType:1, reason:2, containerSession:com.unity3d.player.UnityPlayerActivity/com.a2hlab.bridge.zigzag/entry/0(persistentId: 40)(containerId: 9), needAnimation:false, isFromRecent:false, fromUser:false
09-28 17:53:31.137  1971  1971 I A0421d/WMSRotation: [exitSceneWithRotationRecover] rotateScreenWhenExitScene reason:2
09-28 17:53:31.138  1971  1971 I A0001b/AA: OutSideWindowManager: globalSearchStatus: 0
09-28 17:53:31.138  1971  1971 I A01b09/RECENT: SCBDesktopCacheManager: setDesktopCacheWithDfx Validate cacheFlag:false reason:requestSceneContainerDestructionWithTransition animation onFinish
09-28 17:53:31.138  1971  1971 I A01b00/SCB: UIExceptionDetection --> backgroundBlurCallback is null
09-28 17:53:31.138  1971  1971 I A01b00/SCB: UIExceptionDetection --> clearAllIconCallback is null
09-28 17:53:31.138  1971  1971 W A01b01/HOME: StartAndExitVisualEffectManager: isStartExitWallpaperBlurDisable mIsStartExitBlurDisable: true, startExitMotionLevel: 1 
09-28 17:53:31.138  1971  1971 I A04200/WINDOW: SCBSPM: onBlurTransitionFinish 3 blurComponentTransitionCount:4
09-28 17:53:31.138  1971  1971 I A01b0a/GESTURE: SCBEventExclusiveManager: EventType:APPEXIT_LANDSCAPE setEventExclusive false.
09-28 17:53:31.138  1971  1971 I A01b0a/GESTURE: SCBGestureNavBar: [AIBAR] receive APP_EXIT_LANDSCAPE event, params=false
09-28 17:53:31.138  1971  1971 I A01b0a/GESTURE: SCBGestureNavBar: isInExitLandScape is not change
09-28 17:53:31.138  1971  1971 I A01b09/RECENT: RecentPanelViewModel: requestSceneContainerDestructionWithTransition com.unity3d.player.UnityPlayerActivity/com.a2hlab.bridge.zigzag/entry/0(persistentId: 40)(containerId: 9) notShowSessionDestroy
09-28 17:53:31.139  1971  1971 I A01b00/SCB: SCBSCS: setMotionBlurRadius: 0, caller: requestSceneContainerDestructionWithTransition end
09-28 17:53:31.411  1971  1971 I A01b09/RECENT: SCBDesktopCacheManager: FreezeTrack setWallPaperScale old:1, new:1, reason:onInactive
09-28 17:53:31.452  1971  1971 I A04200/WINDOW: SCBSPM: onBlurTransitionFinish 4 blurComponentTransitionCount:4
09-28 17:53:31.452  1971  1971 W A01b01/HOME: StartAndExitVisualEffectManager: isStartExitWallpaperBlurDisable mIsStartExitBlurDisable: true, startExitMotionLevel: 1 
09-28 17:53:31.452  1971  1971 I A0001b/AA: OutSideWindowManager: globalSearchStatus: 0
09-28 17:53:31.452  1971  1971 I A01b09/RECENT: SCBDesktopCacheManager: setDesktopCacheWithDfx Validate cacheFlag:false reason:startBlurAnimation
09-28 17:53:32.431  1971  1971 W A01b01/HOME: FormModel: get all forms from layout
09-28 17:53:32.431  1971  1971 I A01b01/HOME: PageDesktopViewModel --> index: 1, pageList: 1, is outer: false
09-28 17:53:32.431  1971  1971 W A01b01/HOME: PageDesktopViewModel --> no cards in layout!
09-28 17:54:00.004  1971  1971 I A01a00/SYS_UI: StatisticsMaintenance: report statistics, do not limit
09-28 17:54:00.004  1971  1971 I A01a00/SYS_UI: MaintenanceRecord: Send maintenance event(1), extendType(6), ext: [{"ntfNum":{"__0_1018___1":"0,1#0,0#0,0,0#0,0#32_1#0_1#2_1#0_1##0#6_1#0_1#####0_1#-1_1#0_1","__0_1018___0":"0,1#0,0#0,0,0#0,0#0_1#0_1#2_1#0_1##0#6_1#0_1#####0_1#-1_1#0_1"},"liveViewNum":{},"showPanelTime":[],"userId":0,"queueNum":0,"dropNum":[0,0],"volume":-2,"version":1,"swingStatus":""}]
09-28 17:54:00.004  1971  1971 I A01a01/NC: StatusBarSysEventUtil: onTimeChangeEvent
09-28 17:54:00.004  1971  1971 I A01a00/SYS_UI: SysUI_BaseVM_: onTimeChangeEvent, need to update time, event: usual.event.TIME_TICK
09-28 17:54:00.005  1971  1971 I A01a00/SYS_UI: SysUI_BaseVM_: onTimeChangeEvent, need to update time, event: usual.event.TIME_TICK
09-28 17:54:00.005  1971  1971 I A01a01/NC: NotificationTimeVm: Update time text for __0_1018___1: 1970/1/1
09-28 17:54:00.006  1971  1971 I A01a01/NC: NotificationTimeVm: Update time text for __0_1018___0: 1970/1/1
09-28 17:54:00.006  1971  1971 I A01a00/SYS_UI: MaintenanceRecord: Send maintenance event(1) to push success
09-28 17:54:06.137  1971  1971 I A04200/WINDOW: SCBSystemScene: onTouchOutside SCBGestureTopBar12
09-28 17:54:06.137  1971  1971 I A04200/WINDOW: SCBSystemScene: onTouchOutside SCBGestureNavBar13
09-28 17:54:06.137  1971  1971 I A04200/WINDOW: SCBSystemScene: onTouchOutside SCBStatusBar15
09-28 17:54:06.140  1971  1971 I A01c06/ICON: AppIconTouchEvent --> onTouchDown.
09-28 17:54:06.140  1971  1971 W A01c06/ICON: CloseAppManager --> setAdaptiveIcon, bundleName: org.westlake.la11 iconId: 0 start
09-28 17:54:06.140  1971  1971 I A01b00/SCB: IconResourceManager: getIconResource, bundleName: org.westlake.la11, entry, EntryAbility
09-28 17:54:06.140  1971  1971 I A01b00/SCB: DbCache --> getIconResource org.westlake.la11 entry EntryAbility, tableName: icon_info
09-28 17:54:06.140  1971  1971 I A01c06/ICON: AppIconTouchEvent --> preloadApplication bundleName: org.westlake.la11.
09-28 17:54:06.140  1971  1971 I A01b01/HOME: DropAnimationManager: cancelDropAnimation reason:1 release:true
09-28 17:54:06.141  1971  1971 I A01c06/ICON: AppIconContainerTouchEvent: on icon container touch down start: true
09-28 17:54:06.141  1971  1971 I A01b01/HOME: GridSwiper: onTouch down desktop
09-28 17:54:06.141  1971  1971 I A01b01/HOME: GridSwiper: 1 && false
09-28 17:54:06.142  1971  1971 I A01b00/SCB: LocalEventManager: sendLocalEvent, send local event with no receiver
09-28 17:54:06.144  1971  1971 W A01b00/SCB: DbCache --> getCombIcon bundleName: org.westlake.la11, entry, EntryAbility, combinePicLength:7974
09-28 17:54:06.144  1971  1971 I A01b00/SCB: DbCache --> getIconResource resultSet closed
09-28 17:54:06.144  1971  1971 W A01b00/SCB: IconResourceManager: getIconResource bundleName: org.westlake.la11, resultInfo.iconType = normal, combinePicLength:7974, foregroundLength:0, backgroundLength:0
09-28 17:54:06.144  1971  1971 W A01b00/SCB: MemoryCache --> setCacheIconPicTypeToMemory: cacheKey org.westlake.la11#entryEntryAbility0 iconType normal, foregroundLength:0, backgroundLength:0, combinePicLength:7974
09-28 17:54:06.144  1971  1971 W A01c06/ICON: CloseAppManager --> setAdaptiveIcon, bundleName: org.westlake.la11 end
09-28 17:54:06.257  1971  1971 I A01c06/ICON: AppIconTouchEvent --> onTouchUp.
09-28 17:54:06.259  1971  1971 I A01c06/ICON: AppIconTouchEvent --> onClick. bundleName = org.westlake.la11, appStatus = 0
09-28 17:54:06.259  1971  1971 I A01b01/HOME: DesktopAppIcon: onClick icon
09-28 17:54:06.259  1971  1971 I A01b01/HOME: DesktopAppIcon: dealClickEvent fingers: 1.
09-28 17:54:06.259  1971  1971 W A01b01/HOME: DesktopAppIcon: tap click, bundleName:org.westlake.la11, abilityName:EntryAbility, page:1, row:5, column:0
09-28 17:54:06.260  1971  1971 I A01b00/SCB: StartAbilityUtil: startApplication, launchType: 0}, want.bundleName:%{public}s org.westlake.la11
09-28 17:54:06.260  1971  1971 I A04200/WINDOW: SCBSSM: [SCBMain]startSceneFromIcon:{persistentId:0, screenId: 0, bundleInfo:EntryAbility/org.westlake.la11/entry/0, unclearableSession:undefined, callerPersistentId:0, callerAbilityName: , toPersistentId:0, launchType:0, isNewInstance:false, fullScreenStart:false, _windowMode:1, isAppUseControl:undefined, isUnclearableInRecent:undefined, focusedOnShow:true, isAtomicService:falseisStartupInstallFree:false, isNewAppInstance:false, appInstanceKey:}, startMode:1
09-28 17:54:06.260  1971  1971 W A04200/WINDOW: SCBSSM: isExclusion, app startup detect
09-28 17:54:06.260  1971  1971 I A01b01/HOME: DeliverUtil: get default const.app_eco.support_ohos: default get default persist.ohos_fusion_mgr.ctl.support_ohos: default
09-28 17:54:06.260  1971  1971 I A04200/WINDOW: SCBSSM: SCBSSM
09-28 17:54:06.260  1971  1971 I A04200/WINDOW: SCBSSM: SCBSSM
09-28 17:54:06.260  1971  1971 I A04200/WINDOW: SCBSSM: Start scene on screen with screenId: 0!
09-28 17:54:06.260  1971  1971 W A01b01/HOME: SCBScenePanelViewModel: [SCBMain][id:0][sceneInfo:org.westlake.la11/entry/EntryAbility/0][screenId:0]onStartSceneFromIcon, scenePanelState 0, startMode 1
09-28 17:54:06.260  1971  1971 E A04200/WINDOW: [SCBMission]SCBScenePanelMissionHandler: [Screen:0][Panel:1] invalid persistentId
09-28 17:54:06.261  1971  1971 I A04200/WINDOW: [SCBMission]SCBScenePanelMissionHandler: [Screen:0][Panel:1] get none existing session.
09-28 17:54:06.261  1971  1971 E A04200/WINDOW: [SCBMission]SCBScenePanelMissionHandler: [Screen:0][Panel:2] invalid persistentId
09-28 17:54:06.261  1971  1971 I A04200/WINDOW: [SCBMission]SCBScenePanelMissionHandler: [Screen:0][Panel:2] get none existing session.
09-28 17:54:06.261  1971  1971 I A04200/WINDOW: [SCBMission]SCBSceneMissionManager: no exist container session match the info to be found.
09-28 17:54:06.261  1971  1971 I A04200/WINDOW: SCBScenePanelViewModel: [SCBMain][id:0][screenId:0]requestSceneSession, callerPersistentId:0, needLinkCaller:true
09-28 17:54:06.261  1971  1971 I A04200/WINDOW: SCBScenePanelViewModel: [SCBMain] find sceneSession from other screen
09-28 17:54:06.261  1971  1971 I A04200/WINDOW: SCBSSM: popSceneFromOtherScreen toScreen: 0 needBackground: true, needUpdateScreenId: true
09-28 17:54:06.261  1971  1971 E A04200/WINDOW: [SCBMission]SCBScenePanelMissionHandler: [Screen:0][Panel:1] invalid persistentId
09-28 17:54:06.261  1971  1971 I A04200/WINDOW: [SCBMission]SCBScenePanelMissionHandler: [Screen:0][Panel:1] get none existing session.
09-28 17:54:06.261  1971  1971 E A04200/WINDOW: [SCBMission]SCBScenePanelMissionHandler: [Screen:0][Panel:2] invalid persistentId
09-28 17:54:06.261  1971  1971 I A04200/WINDOW: [SCBMission]SCBScenePanelMissionHandler: [Screen:0][Panel:2] get none existing session.
09-28 17:54:06.261  1971  1971 I A04200/WINDOW: [SCBMission]SCBSceneMissionManager: no exist container session match the info to be found.
09-28 17:54:06.261  1971  1971 I A04200/WINDOW: [SCBMission]SCBSceneMissionManager: popSceneFromOtherScreenByInfo not found target session
09-28 17:54:06.261  1971  1971 I A04200/WINDOW: SCBSSM: isProjectionBundleName bundleName = org.westlake.la11, screenId = 0
09-28 17:54:06.262  1971  1971 W A04200/WINDOW: SCBScenePanelViewModel: getSceneSession find nothing, {persistentId:0, screenId: 0, bundleInfo:EntryAbility/org.westlake.la11/entry/0, unclearableSession:undefined, callerPersistentId:0, callerAbilityName: , toPersistentId:0, launchType:0, isNewInstance:false, fullScreenStart:false, _windowMode:1, isAppUseControl:undefined, isUnclearableInRecent:undefined, focusedOnShow:true, isAtomicService:falseisStartupInstallFree:false, isNewAppInstance:false, appInstanceKey:}, startMode:1
09-28 17:54:06.262  1971  1971 I A04200/WINDOW: SCBScenePanelViewModel: requestSceneSession sceneInfo.isNewInstance false
09-28 17:54:06.262  1971  1971 W A04200/WINDOW: SCBScenePanelViewModel: [SCBMain][id:0][sceneInfo:org.westlake.la11/entry/EntryAbility/0][screenId:0]request New SceneSession.
09-28 17:54:06.262  1971  1971 I A04200/WINDOW: SCBSSM: [SCBMain] set isAbilityHook false
09-28 17:54:06.268  1971  1971 I A04200/WINDOW: [SCBMission]SCBSceneMissionManager: [SCBMain][id:43][sceneInfo:org.westlake.la11/entry/EntryAbility/0][screenId:0]requestSceneSession suceess, udpate persistentId from 0 to 43, udpate appInstanceKey from  to 
09-28 17:54:06.268  1971  1971 I A01b01/HOME: ResourceManager: getAppName bundleName:org.westlake.la11, moduleName:org.westlake.la11, labelId:16777216
09-28 17:54:06.268  1971  1971 I A04200/WINDOW: ContainerSessionInitBasicStrategy: Initialize the basic data state and mission management data status of the sceneSession.
09-28 17:54:06.268  1971  1971 I A04200/WINDOW: SCBSceneSession: SCBSceneSession registerData category:0.
09-28 17:54:06.268  1971  1971 I A04200/WINDOW: SCBSceneSession: SCBSceneSession registerData category:1.
09-28 17:54:06.269  1971  1971 I A04200/WINDOW: SCBSceneSession: SCBSceneSession registerState category:0.
09-28 17:54:06.269  1971  1971 I A04200/WINDOW: SCBSceneSession: requestOrientation: 0 queryKey: org.westlake.la11entryEntryAbility
09-28 17:54:06.271  1971  1971 I A04200/WINDOW: [SCBMission]SCBSceneMissionManager: cacheNewSceneSession of id: 43, exist: false.
09-28 17:54:06.271  1971  1971 I A04200/WINDOW: SCBScenePanelViewModel: updateCallerInfo, persistentId:43, oldCallerId:0, newCallerId:0, toId:0.
09-28 17:54:06.271  1971  1971 W A04200/WINDOW: SCBScenePanelViewModel: getSceneSessionByPersistentId find nothing, id 0
09-28 17:54:06.271  1971  1971 W A04200/WINDOW: SCBScenePanelViewModel: Failed to get scene containerSession with session id: 0
09-28 17:54:06.271  1971  1971 I A04200/WINDOW: SCBScenePanelViewModel: updateCallerInfo, newCallerId:0.
09-28 17:54:06.272  1971  1971 W A04200/WINDOW: SCBScenePanelViewModel: Failed to get scene containerSession with session id: 43
09-28 17:54:06.272  1971  1971 I A01b01/HOME: StartAndExitVisualEffectManager: mIsStartExitBlurDisable: true
09-28 17:54:06.272  1971  1971 I A01b09/RECENT: RecentPanel: RecentViewParam init
09-28 17:54:06.272  1971  1971 W A04200/WINDOW: SCBScenePanelViewModel: Failed to get scene containerSession with session id: 43
09-28 17:54:06.272  1971  1971 I A04200/WINDOW: SCBSceneUtils --> disableSupportSplitWithFixedMultiWindowOrientation disableSupportSplit:true isFixedMultiWindowOrientation:false
09-28 17:54:06.272  1971  1971 I A04200/WINDOW: SCBSceneSession: isSupportSplitMode isSupport: true
09-28 17:54:06.272  1971  1971 I A04200/WINDOW: SCBSceneWindowAiSplitSwitchUtils --> [isTargetScene] not target scene
09-28 17:54:06.272  1971  1971 W A01b01/HOME: SCBScenePanelViewModel: onStartSceneFromIcon isNewWant false scenePanelState 0 startFullScreenFromAppDock false
09-28 17:54:06.273  1971  1971 I A01b01/HOME: SCBScenePanelViewModel: StartApp:org.westlake.la11
09-28 17:54:06.273  1971  1971 I A01b00/SCB: SCBTM: findTransitionController. bundleName: org.westlake.la11, overlayBundleName: undefined
09-28 17:54:06.273  1971  1971 W A01b01/HOME: PageDesktopModel: findTransitionController shortcutId empty bundleName:org.westlake.la11
09-28 17:54:06.273  1971  1971 W A01b01/HOME: PageDesktopModel: findTransitionController bundleName: org.westlake.la11, abilityName: EntryAbility, startType: 0, formCardId: undefined, cardId: undefined, extraId: undefined, appIndex: 0, shortcutId: undefined, appInstanceKey: %{public}s
09-28 17:54:06.273  1971  1971 W A01b00/SCB: SCBTM: Find controller success ? true, findData: {"bundleName":"org.westlake.la11","abilityName":"EntryAbility","appIndex":0,"appIconId":"","iconRadius":0,"appIconNumber":0,"startAppType":0,"isOpenFolder":false}
09-28 17:54:06.273  1971  1971 I A01b01/HOME: SCBScenePanelViewModel: onStartSceneFromIcon failed to get container from list and new one
09-28 17:54:06.274  1971  1971 I A04200/WINDOW: ContainerSessionInitBasicStrategy: Initialize the basic data state and mission management data status of the containerSession.
09-28 17:54:06.274  1971  1971 I A01b00/SCB: SCBSCS: registerData category:0.
09-28 17:54:06.274  1971  1971 I A01b00/SCB: SCBSCS: registerData category:1.
09-28 17:54:06.274  1971  1971 I A01b00/SCB: SCBSCS: registerState category:1.
09-28 17:54:06.274  1971  1971 I A01b00/SCB: SCBSCS: registerState category:0.
09-28 17:54:06.275  1971  1971 I A01b00/SCB: SCBSCS: set NeedRenderClip clipWidth from 0 to 1200
09-28 17:54:06.275  1971  1971 I A01b00/SCB: SCBSCS: set NeedRenderClip clipHeight from 0 to 1920
09-28 17:54:06.275  1971  1971 I A01b00/SCB: SCBSCS: bundleName: org.westlake.la11, persistentId: 43
09-28 17:54:06.275  1971  1971 I A01b00/SCB: SCBSCS: initCompanionIconInfo transitionAnimationCount:0, iconAnimCount:0
09-28 17:54:06.275  1971  1971 W A01b00/SCB: SCBSCS: initCompanionIconInfo companionIconInfo: org.westlake.la11, EntryAbility, entry, iconId: AppIcon_Image_org.westlake.la11EntryAbilityentry0_undefined_0; persistentId: 0
09-28 17:54:06.275  1971  1971 I A0421d/WMSRotation: [startSceneWithRotationIfNeed] containerSession EntryAbility/org.westlake.la11/entry/0(persistentId: 43)(containerId: 10), needAnimation false isFromRecent false fromUser false isPageRotation false
09-28 17:54:06.275  1971  1971 I A0421d/WMSRotation: [coverSensorRotation] cover sensor rotation.
09-28 17:54:06.275  1971  1971 I A0421d/WMSRotation: [calculateScreenPropertyWithRotation] before rotation: {"left":0,"top":0,"width":1200,"height":1920,"radius":0,"rotation":0,"screenId":0,"rsId":0,"defaultScreenOrientation":0,"_rotationOffset":0,"_correctingRotation":0,"_defaultRotation":0,"translateX":0,"translateY":0}
09-28 17:54:06.276  1971  1971 I A0421d/WMSRotation: [calculateScreenPropertyWithRotation]after rotation: {"left":0,"top":0,"width":1200,"height":1920,"radius":0,"rotation":0,"screenId":0,"rsId":0,"defaultScreenOrientation":0,"_rotationOffset":0,"_correctingRotation":0,"_defaultRotation":0,"translateX":0,"translateY":0}
09-28 17:54:06.276  1971  1971 I A04200/WINDOW: SCBScreenSession: coverPhoneSensorRotation sensorProperty: {"left":0,"top":0,"width":1200,"height":1920,"radius":0,"rotation":0,"screenId":0,"rsId":0,"defaultScreenOrientation":0,"_rotationOffset":0,"_correctingRotation":0,"_defaultRotation":0,"translateX":0,"translateY":0}
09-28 17:54:06.276  1971  1971 I A04200/WINDOW: SCBScreenSM: screenRotationLocked value:false
09-28 17:54:06.276  1971  1971 W A0421d/WMSRotation: [getTargetRotation] bundleName:org.westlake.la11 requestOrientation:0 isScreenLocked:false isPlacedRotateFriendlyDevicePlaced:false fixedRotation: -1
09-28 17:54:06.276  1971  1971 I A04200/WINDOW: SCBSceneOrientationPolicy: SCBDefaultOrientationPolicy: currentScreenRotation: 0, sensorRotation: 0, isScreenLocked: false, fromUser: false, isPlacedRotateFriendlyDevicePlaced: false
09-28 17:54:06.276  1971  1971 W A0421d/WMSRotation: [startSceneWithRotationIfNeed] before rotate with targetRotation=0, sensorRotation=0, currentScreenRotation=0, currentContainerRotation=0, name=org.westlake.la11
09-28 17:54:06.276  1971  1971 I A0421d/WMSRotation: [rotateWindowPolicy] rotate with window policy.
09-28 17:54:06.276  1971  1971 I A0421d/WMSRotation: [rotateWindowPolicy] no need to rotate with same targetRotation.
09-28 17:54:06.276  1971  1971 I A01b01/HOME: SCBDesktop: scenePanelState change 1
09-28 17:54:06.276  1971  1971 I A01b01/HOME: SCBDesktop: updateScenePanelState, sceneState:1
09-28 17:54:06.276  1971  1971 W A01c05/FORM: PageDesktopViewModel --> localEventListener receive event: launcher.event.REQUEST_FORM_RECYCLE
09-28 17:54:06.276  1971  1971 I A01c05/FORM: PageDesktopViewModel --> current recycleFormEventHandler, state = true, currentStartApp = false
09-28 17:54:06.276  1971  1971 I A01b00/SCB: LocalEventManager: sendLocalEvent, send local event with no receiver
09-28 17:54:06.277  1971  1971 I A01c05/FORM: FormStackExpandView: formstack expand onScenePanelStateChange: 1
09-28 17:54:06.277  1971  1971 I A01a00/SYS_UI: SystemUIView: onScenePanelStateChange: 1
09-28 17:54:06.277  1971  1971 I A01b0a/GESTURE: AIBarView: ScenepanelState has change to 1
09-28 17:54:06.277  1971  1971 I A01a00/SYS_UI: SystemUIView: onScenePanelStateChange: 1
09-28 17:54:06.277  1971  1971 I A01b0a/GESTURE: FloatingNavigationManager: setScenePanelState 1
09-28 17:54:06.277  1971  1971 I A01b0a/GESTURE: FloatingNavigationManager: sendFloatingIsInApp true
09-28 17:54:06.277  1971  1971 I A01b0a/GESTURE: FloatingNavigationManager: sendFloatingNavIsInApp swich is closed
09-28 17:54:06.277  1971  1971 I A01b01/HOME: SCBScenePanel: is scrolling value is  false  state is  1 
09-28 17:54:06.277  1971  1971 I A01b00/SCB: PerformanceReporter: Enter calledScene:32, currentMemScene:32
09-28 17:54:06.278  1971  1971 W A01b01/HOME: PageDesktopModel: findAppInCurrentShowingPage bundleName: org.westlake.la11abilityName: EntryAbility, moduleName: entry;startAppType: 0; cardId: undefined appIndex: 0, shortcutId: 
09-28 17:54:06.278  1971  1971 W A01b01/HOME: PageDesktopModel: findAppInCurrentShowingPageWithMethod page: 1 msg:findAppInfo
09-28 17:54:06.278  1971  1971 W A01b01/HOME: PageDesktopModel: findAppInCurrentPage, eleInCurrentPage length: 23
09-28 17:54:06.278  1971  1971 W A01b01/HOME: PageDesktopModel: isFoundApp bundleName: org.westlake.la11 abilityName: EntryAbility, moduleName: entry; appIconId: 0; cardId: undefined appIndex: 0, shortcutId: 
09-28 17:54:06.278  1971  1971 W A01b01/HOME: PageDesktopModel: findAppInCurrentPage icon 0, 0,undefined, org.westlake.la11
09-28 17:54:06.278  1971  1971 W A01b01/HOME: PageDesktopModel: findAppInCurrentShowingPageWithMethod page: 1 componentId:undefined msg:findAppInfo
09-28 17:54:06.278  1971  1971 W A01b01/HOME: PageDesktopModel: searchInCurrentDeskTopPage 0, true, 0
09-28 17:54:06.278  1971  1971 I A01b01/HOME: PageDesktopModel: start app from current page: org.westlake.la11:EntryAbility
09-28 17:54:06.278  1971  1971 W A01b01/HOME: SCBScenePanelViewModel: [SCBMain]onStartSceneFromIcon raise priority: start app start
09-28 17:54:06.278  1971  1971 I A01b00/SCB: AnimateToScheduleUtils: raiseAnimateToGCPriority: 0, tid:undefined
09-28 17:54:06.279  1971  1971 W A01b00/SCB: SCBSCS: Add count 10, 0
09-28 17:54:06.279  1971  1971 I A01b00/SCB: SCBTM: Add count 10, 0
09-28 17:54:06.279  1971  1971 W A01b00/SCB: SCBSCS: [SCBSCS] sceneAlpha from 0 to 1. reason: init, extra: EntryAbility/org.westlake.la11/entry/0(persistentId: 43)(containerId: 10)
09-28 17:54:06.279  1971  1971 W A01b00/SCB: SCBSCS: [SCBScenePanelViewModel] sceneAlpha from 1 to 0. reason: sceneContainerTransitionIn, extra: EntryAbility/org.westlake.la11/entry/0(persistentId: 43)(containerId: 10)
09-28 17:54:06.279  1971  1971 W A01b01/HOME: PageDesktopModel: onTransitionActive iconId:AppIcon_Image_org.westlake.la11EntryAbilityentry0_undefined_0, bundleName:org.westlake.la11, isInScreen:true
09-28 17:54:06.279  1971  1971 I A01b01/HOME: ItemUtils: getRectByIdWithAttachedFrameNode position: [55.28888702392578-659.5555419921875], size: [130.5-130.5] Unique:2144
09-28 17:54:06.280  1971  1971 I A01b00/SCB: SCBTM: addStartExitAnimationCount reason:sceneContainerTransitionIn animationCount:1
09-28 17:54:06.280  1971  1971 I A01b00/SCB: SceneBoardStateManager: consumeEvent OPEN_APP start
09-28 17:54:06.280  1971  1971 I A01b00/SCB: StateFsm: set currentState DesktopDefaultState to AppOpenState in DesktopFSM
09-28 17:54:06.280  1971  1971 I A01b00/SCB: StateFsm: DesktopFSM onFsmStateChange called start
09-28 17:54:06.280  1971  1971 I A01b01/HOME: TsSceneBoardStateListenerManager: TsSceneBoardStateListenerManager listen state change 128 -> 256, event: OPEN_APP
09-28 17:54:06.280  1971  1971 I A01b01/HOME: ThemeServiceHelper: listen desktop app state change to OPEN_APP
09-28 17:54:06.280  1971  1971 I A01b00/SCB: StateFsm: DesktopFSM onFsmStateChange called end
09-28 17:54:06.280  1971  1971 I A01b00/SCB: SceneBoardStateManager: consumeEvent OPEN_APP end
09-28 17:54:06.280  1971  1971 I A0001b/AA: OutSideWindowManager: globalSearchStatus: 0
09-28 17:54:06.280  1971  1971 I A01b09/RECENT: SCBDesktopCacheManager: setDesktopCacheWithDfx return cacheFlag:true reason:sceneContainerTransitionIn
09-28 17:54:06.280  1971  1971 W A01b09/RECENT: SCBDesktopCacheManager: FreezeTrack SetFreeze old:false, new:true, reason:sceneContainerTransitionIn,ready:false isWallpaperChanging:false , scbWallPaperStatus:0
09-28 17:54:06.280  1971  1971 W A01b01/HOME: SCBScenePanelAnimator: StartAppAni:start
09-28 17:54:06.280  1971  1971 I A01b01/HOME: LauncherAnimUtil: tag=SCBScenePanelViewModel isUiBusy=true
09-28 17:54:06.280  1971  1971 W A01b00/SCB: SCBTM: notifySceneTransitionIn isTransitionInFromOther: true
09-28 17:54:06.280  1971  1971 I A0001b/AA: OutSideWindowManager: globalSearchStatus: 0
09-28 17:54:06.281  1971  1971 I A01b01/HOME: SCBScenePanel: [scenePanelCanvasStyles] set Scale to: 1
09-28 17:54:06.282  1971  1971 I A01b00/SCB: GlobalContext: getObject (1): desktopContext is null: false
09-28 17:54:06.282  1971  1971 I A01b00/SCB: GlobalContext: getObject (1): desktopContext is null: false
09-28 17:54:06.283  1971  1971 I A01b0a/GESTURE: AIBarView: checkShowAiBar
09-28 17:54:06.283  1971  1971 I A04200/WINDOW: SCBSSM: getSystemSceneSessionWithId persistentId:18, mainScreenId:0, screenId:0
09-28 17:54:06.283  1971  1971 I A04200/WINDOW: SCBSSM: Find system scene session : 18
09-28 17:54:06.284  1971  1971 I A01b0a/GESTURE: aiBarViewData: powerMode:600 thermalLevel:0 isEnterDeliver:false
09-28 17:54:06.286  1971  1971 I A01b01/HOME: WallpaperManager --> updateDeskTopWallpaperScale scale = 1.1;
09-28 17:54:06.286  1971  1971 I A0001b/AA: OutSideWindowManager: globalSearchStatus: 0
09-28 17:54:06.286  1971  1971 W A01b01/HOME: SCBDesktop: onDesktopAnimateScaleChanged changeScale to 0.88, due to:onActive
09-28 17:54:06.286  1971  1971 I A01b00/SCB: SCBTM: change currentTransitionController
09-28 17:54:06.286  1971  1971 I A01b00/SCB: SCBTM: cleanTransition ignore
09-28 17:54:06.287  1971  1971 I A04200/WINDOW: SCBSPM: Add scene container session, id: 10
09-28 17:54:06.287  1971  1971 I A04200/WINDOW: SCBSceneRecentMissionManager: add id 43 to recentMissionIdSet
09-28 17:54:06.287  1971  1971 I A04200/WINDOW: SCBSPM: Remove container id: 10, 43
09-28 17:54:06.287  1971  1971 I A01b09/RECENT: RecentDockRefreshAlarm: start alarm recent dock: EntryAbility/org.westlake.la11/entry/0(persistentId: 43)(containerId: 10)
09-28 17:54:06.287  1971  1971 W A01b00/SCB: SCBSCS: getTransitionCount from session 10, 1
09-28 17:54:06.287  1971  1971 W A01b00/SCB: SCBTM: getTransitionCount from animationMap 10, 1
09-28 17:54:06.287  1971  1971 W A0420a/WMSLife: Request scene container session activation, name: EntryAbility/org.westlake.la11/entry/0(persistentId: 43)(containerId: 10) isNewActive: false, isPersist: true, reason: undefined
09-28 17:54:06.287  1971  1971 I A04200/WINDOW: SCBSceneRecentMissionManager: add id 43 to recentMissionIdSet
09-28 17:54:06.288  1971  1971 I A04200/WINDOW: SCBSceneSession: [SCBMain]requestSceneSessionActivation: isNewActive: false, isPersist: true, reason: undefined, name: EntryAbility/org.westlake.la11/entry/0(persistentId: 43), containerRotation: 0
09-28 17:54:06.288  1971  1971 I A04200/WINDOW: SCBSSM: [SCBMain][id:43]requestSceneSessionActivation.
09-28 17:54:06.288  1971  1971 I A04200/WINDOW: [a92ab8393e46625] SCBSSM: [SCBMain]setIsPendingToBackgroundState, state:false
09-28 17:54:06.288  1971  1971 I A04200/WINDOW: [a92ab8393e46625] SCBSSM: [SCBMain]setIsActivatedAfterScreenLocked, isScreenLocked: false
09-28 17:54:06.288  1971  1971 I A04200/WINDOW: SCBSceneSession: [SCBMain]isForegroundAndActive: sessionState: undefined, isActive: true
09-28 17:54:06.288  1971  1971 I A04200/WINDOW: SCBScenePersistent: update to persistentMap, bundleName: org.westlake.la11 moduleName: entry abilityName: EntryAbility
09-28 17:54:06.288  1971  1971 W A01c06/ICON: AppIconCommonEvent: onActive bundleName:org.westlake.la11, [SCBScenePanelViewModel] set icon from show to [hidden], caller: sceneContainerTransitionIn, extra info: undefined.
09-28 17:54:06.289  1971  1971 W A01c06/ICON: AppIconData: [SCBScenePanelViewModel] set icon opacity from [1] to [0], caller: sceneContainerTransitionIn, extra: undefined, iconId: AppIcon_Image_org.westlake.la11EntryAbilityentry0_undefined_0
09-28 17:54:06.289  1971  1971 W A01b01/HOME: StartAndExitVisualEffectManager: isStartExitWallpaperBlurDisable mIsStartExitBlurDisable: true, startExitMotionLevel: 1 
09-28 17:54:06.289  1971  1971 I A01b00/SCB: SCBSCS: setMotionBlurRadius: 0.5, caller: sceneContainerTransitionIn
09-28 17:54:06.289  1971  1971 W A01b01/HOME: SCBScenePanelAnimator: sceneContainerTransitionIn animateToImmediately this.uiContext true
09-28 17:54:06.289  1971  1971 I A01b01/HOME: StartAndExitVisualEffectManager: mIsStartExitBlurDisable: true
09-28 17:54:06.289  1971  1971 I A01b01/HOME: StartAndExitVisualEffectManager: mIsPowerSaveMode: false
09-28 17:54:06.289  1971  1971 I A04200/WINDOW: SCBSPM: onBlurTransitionActive blurScale:1 source:SCBScenePanel > sceneContainerTransitionIn isForegroundBlurActive:false
09-28 17:54:06.289  1971  1971 W A01b09/RECENT: SCBScenePanelSession: setBgBlurScale, blurScale: 0 to 1,caller function name: SCBScenePanel > sceneContainerTransitionIn
09-28 17:54:06.289  1971  1971 W A01b00/SCB: SCBSCS: [SCBScenePanelViewModel] sceneAlpha from 0 to 1. reason: sceneContainerTransitionIn, extra: EntryAbility/org.westlake.la11/entry/0(persistentId: 43)(containerId: 10)
09-28 17:54:06.289  1971  1971 W A01b01/HOME: SCBScenePanelAnimator: sceneContainerTransitionIn animateToImmediately onFinish
09-28 17:54:06.289  1971  1971 I A04200/WINDOW: SCBWindowRotateController: [landscapeStartSync] screenSession is null or error bundleName.
09-28 17:54:06.289  1971  1971 W A01b01/HOME: PageDesktopModel: findAppInCurrentShowingPage bundleName: org.westlake.la11abilityName: EntryAbility, moduleName: entry;startAppType: 0; cardId: undefined appIndex: 0, shortcutId: 
09-28 17:54:06.290  1971  1971 W A01b01/HOME: PageDesktopModel: findAppInCurrentShowingPageWithMethod page: 1 msg:findAppInfo
09-28 17:54:06.290  1971  1971 W A01b01/HOME: PageDesktopModel: findAppInCurrentPage, eleInCurrentPage length: 23
09-28 17:54:06.290  1971  1971 W A01b01/HOME: PageDesktopModel: isFoundApp bundleName: org.westlake.la11 abilityName: EntryAbility, moduleName: entry; appIconId: 0; cardId: undefined appIndex: 0, shortcutId: 
09-28 17:54:06.290  1971  1971 W A01b01/HOME: PageDesktopModel: findAppInCurrentPage icon 0, 0,undefined, org.westlake.la11
09-28 17:54:06.290  1971  1971 W A01b01/HOME: PageDesktopModel: findAppInCurrentShowingPageWithMethod page: 1 componentId:undefined msg:findAppInfo
09-28 17:54:06.290  1971  1971 W A01b01/HOME: PageDesktopModel: searchInCurrentDeskTopPage 0, true, 0
09-28 17:54:06.290  1971  1971 I A01b01/HOME: PageDesktopModel: start app from current page: org.westlake.la11:EntryAbility
09-28 17:54:06.290  1971  1971 I A01b01/HOME: SCBScenePanelAnimator: raiseAnimateToSchedulePriority:start app end
09-28 17:54:06.290  1971  1971 I A01b00/SCB: AnimateToScheduleUtils: raiseAnimateToGCPriority: 1, tid:undefined
09-28 17:54:06.290  1971  1971 W A01b01/HOME: SCBScenePanelAnimator: StartAppAni:end
09-28 17:54:06.291  1971  1971 I A01b01/HOME: LauncherAnimUtil: tag=SCBScenePanelViewModel isUiBusy=false
09-28 17:54:06.291  1971  1971 I A01b00/SCB: SCBSCS: setMotionBlurRadius: 0, caller: sceneContainerTransitionIn end
09-28 17:54:06.291  1971  1971 I A01b00/SCB: SCBTM: reduceStartExitAnimationCount reason:sceneContainerTransitionIn end animationCount:0
09-28 17:54:06.291  1971  1971 W A01b00/SCB: SCBSCS: getTransitionCount from session 10, 1
09-28 17:54:06.291  1971  1971 W A01b00/SCB: SCBTM: getTransitionCount from animationMap 10, 1
09-28 17:54:06.291  1971  1971 I A01b00/SCB: SCBTM: getStartExitAnimationCount animationCount:0
09-28 17:54:06.291  1971  1971 I A0001b/AA: OutSideWindowManager: globalSearchStatus: 0
09-28 17:54:06.291  1971  1971 I A01b09/RECENT: SCBDesktopCacheManager: setDesktopCacheWithDfx Validate cacheFlag:false reason:transitionInFinishIfNeed
09-28 17:54:06.291  1971  1971 W A01b00/SCB: SCBSCS: clearTransitionCount 10, 1
09-28 17:54:06.291  1971  1971 I A01b00/SCB: SCBTM: clearTransitionCount 10, 1
09-28 17:54:06.291  1971  1971 W A01c06/ICON: AppIconCommonEvent: onInactive bundleName:org.westlake.la11, [SCBSCS] set icon from hidden to [show], caller: transitionInFinish, extra info: undefined.
09-28 17:54:06.291  1971  1971 W A01c06/ICON: AppIconData: [SCBSCS] set icon opacity from [0] to [1], caller: transitionInFinish, extra: undefined, iconId: AppIcon_Image_org.westlake.la11EntryAbilityentry0_undefined_0
09-28 17:54:06.292  1971  1971 I A01b00/SCB: LocalEventManager: sendLocalEvent, send local event with no receiver
09-28 17:54:06.292  1971  1971 I A01b09/RECENT: QuickSwitchRaiseTopAlarm: cancel alarm, reason: start scene from icon
09-28 17:54:06.292  1971  1971 W A01b01/HOME: SCBScenePanelViewModel: onStartSceneFromIcon create session finish
09-28 17:54:06.292  1971  1971 I A01b00/SCB: ViewManagerPolicy --> View RECENT not registerController
09-28 17:54:06.292  1971  1971 I A01b00/SCB: ViewManagerPolicy --> View APP_CENTER not registerController
09-28 17:54:06.292  1971  1971 I A01b00/SCB: ViewManagerPolicy --> View APP_CENTER_EXT not registerController
09-28 17:54:06.293  1971  1971 W A01b00/SCB: MemoryManager --> dispatchTrimMemory -> handle trim by scene:OPEN_APP, memoryLevel:undefined
09-28 17:54:06.293  1971  1971 W A01b00/SCB: MemoryManager --> dispatchTrimMemory -> manager not init.
09-28 17:54:06.294  1971  1971 E A01b01/HOME: ResourceManager: getAppName error: {"code":9001001,"message":"GetStringById failed state"}
09-28 17:54:06.306  1971  1971 I A01b01/HOME: ResourceManager: getBundleAppNameFromBms for org.westlake.la11 resMgrName: Fitness
09-28 17:54:06.306  1971  1971 I A01b01/HOME: ResourceManager: setBundleAppNameCache cacheKey:org.westlake.la11, value: Fitness
09-28 17:54:06.306  1971  1971 W A01b01/HOME: ResourceManager: get appName by bundle, appname is Fitness
09-28 17:54:06.306  1971  1971 I A04200/WINDOW: SCBSSM: [SCBMain] get app name: Fitness
09-28 17:54:06.306  1971  1971 I A04200/WINDOW: SCBSSM: [SCBMain]setLabel, label:Fitness
09-28 17:54:06.306  1971  1971 I A01b00/SCB: TaskpoolUtil: task sequenceExecute
09-28 17:54:06.306  1971  1971 I A01b00/SCB: TaskpoolUtil: task sequenceExecute finally
09-28 17:54:06.312  1971  1971 I A01b01/HOME: SCBSceneContainer: init.
09-28 17:54:06.313  1971  1971 I A01b0a/GESTURE: SCBEventExclusiveManager: registerEventExclusive, caller:SPLIT_GESTURE
09-28 17:54:06.313  1971  1971 I A04200/WINDOW: SCBScreenSM: registerScreenRotateChangeCallbacks caller: at aboutToAppear (SCBSceneContainer.ts:902:47)
09-28 17:54:06.313  1971  1971 I A04200/WINDOW: SCBScreenSM: registerScreenRotateChangeCallbacks screenId: 0 15
09-28 17:54:06.313  1971  1971 W A01b01/HOME: SCBSceneContainer: [SCBMain] EntryAbility/org.westlake.la11/entry/0(persistentId: 43)(containerId: 10) enableShow change from false to true. Detail:isPrebuildStageEnableShow:false, showInRecent:false, sceneContainerSession.enableShow:true, showInScrolling:false
09-28 17:54:06.323  1971  1971 I A01c06/ICON: CompanionIcon: aboutToAppear
09-28 17:54:06.323  1971  1971 W A01c06/ICON: CompanionIcon: updateIcon startType: 0
09-28 17:54:06.323  1971  1971 I A01c06/ICON: AppIconModel --> bundleName: org.westlake.la11, not in dynamicIconList.
09-28 17:54:06.323  1971  1971 I A01b00/SCB: IconResourceManager: getCombIcon is penglai false, bundleName: org.westlake.la11, entry, EntryAbility, 0, CompanionIcon, false, false
09-28 17:54:06.323  1971  1971 I A01b00/SCB: MemoryCache --> getCombIcon cacheKey org.westlake.la11#entryEntryAbility0
09-28 17:54:06.324  1971  1971 I A01b00/SCB: MemoryCache --> getCacheIconPicTypeSync org.westlake.la11
09-28 17:54:06.324  1971  1971 I A01b00/SCB: IconResourceManager: isAdaptiveIcon: bundleName org.westlake.la11, isAdaptiveIcon false
09-28 17:54:06.324  1971  1971 W A01c06/ICON: CompanionIcon: checkIsAdaptiveIcon, bundleName:org.westlake.la11, isAdaptive:false
09-28 17:54:06.324  1971  1971 W A01c06/ICON: CompanionIcon: non adaptive icon, comIcon is null: true
09-28 17:54:06.324  1971  1971 I A01b00/SCB: MemoryCache --> getCacheIconPicTypeSync org.westlake.la11
09-28 17:54:06.324  1971  1971 I A01b00/SCB: IconResourceManager: isAdaptiveIcon: bundleName org.westlake.la11, isAdaptiveIcon false
09-28 17:54:06.324  1971  1971 W A01c06/ICON: CompanionIcon: checkIsAdaptiveIcon, bundleName:org.westlake.la11, isAdaptive:false
09-28 17:54:06.324  1971  1971 W A01c06/ICON: CompanionIcon: start calcCardAnimParams componentId: AppIcon_Image_org.westlake.la11EntryAbilityentry0_undefined_0
09-28 17:54:06.324  1971  1971 W A01c06/ICON: CompanionIcon: companionIconInfo.iconRect is null
09-28 17:54:06.326  1971  1971 I A01b01/HOME: ItemUtils: getRectById screenOffsetX: 124.39999389648438, width: 130.5, rectLeft: 55.28888617621528
09-28 17:54:06.326  1971  1971 I A01c06/ICON: CompanionIcon: get iconRect: rect left:55.28888617621528, top:659.5555555555555, right:113.28888617621527, bottom:717.5555555555555, width:58, height:58
09-28 17:54:06.326  1971  1971 I A01c06/ICON: CompanionIcon: calcCardAnimParams this.isRelativeVerticalScreen: true, isNeedRotateIcon:
09-28 17:54:06.326  1971  1971 I A01c06/ICON:       false
09-28 17:54:06.326  1971  1971 I A01c06/ICON: CompanionIcon: finish calcCardAnimParams
09-28 17:54:06.326  1971  1971 I A01c06/ICON: CompanionIcon: aboutToAppear moduleName: entry, bundleName: org.westlake.la11, startAppType: 0
09-28 17:54:06.326  1971  1971 I A04200/WINDOW: SCBSSM: Register func type: 23 with screenId: 0 success.
09-28 17:54:06.326  1971  1971 I A04200/WINDOW: SCBSSM: Register func type: 14 with screenId: 0 success.
09-28 17:54:06.326  1971  1971 W A01b00/SCB: IconResourceManager: combIcon is empty: false, bundleName: org.westlake.la11
09-28 17:54:06.329  1971  1971 I A04200/WINDOW: SCBSceneViewModel: init.
09-28 17:54:06.329  1971  1971 I A04200/WINDOW: SCBSceneSession: registerOnUpdateSessionIconCallback
09-28 17:54:06.329  1971  1971 W A04200/WINDOW: SCBSceneSession: registerCreateSubSessionCallback, id: 43, on panel: undefined
09-28 17:54:06.329  1971  1971 I A04200/WINDOW: SCBSceneSession: [SCBDialog] registerCreateDialogCallback
09-28 17:54:06.329  1971  1971 I A04200/WINDOW: SCBSceneSession: registerSessionTouchableChangeCallback
09-28 17:54:06.329  1971  1971 I A04200/WINDOW: SCBSceneSession: registerSessionSystemBarPropertyCallback
09-28 17:54:06.330  1971  1971 I A04200/WINDOW: SCBSceneSession: registerUpdatePiPTemplateInfoCallback, persistentId: 43
09-28 17:54:06.330  1971  1971 I A04200/WINDOW: SCBKioskModeManager: sceneType=SCBScene43 registerKioskModeChangeEvent success.
09-28 17:54:06.342  1971  1971 I A01b00/SCB: TaskpoolUtil: task sequenceExecute
09-28 17:54:06.342  1971  1971 I A01b00/SCB: TaskpoolUtil: task sequenceExecute finally
09-28 17:54:06.346  1971  1971 I A01b00/SCB: TaskpoolUtil: task sequenceExecute
09-28 17:54:06.346  1971  1971 I A01b00/SCB: TaskpoolUtil: task sequenceExecute finally
09-28 17:54:06.346  1971  1971 I A04200/WINDOW: SCBSSM: onShiftFocus id: 11 -> 43, displayGroupId: 0
09-28 17:54:06.346  1971  1971 I A01b00/SCB: ViewManagerPolicy --> 11 notifyViewLoseFocus
09-28 17:54:06.347  1971  1971 I A01b0a/GESTURE: SCBGestureManager: onLoseFocus
09-28 17:54:06.347  1971  1971 I A01b01/HOME: SCBDesktop: Desktop lose focus, the scenePanelState is 1
09-28 17:54:06.347  1971  1971 I A01a00/SYS_UI: SystemUIView: onDeskTopChange: false
09-28 17:54:06.347  1971  1971 I A01a00/SYS_UI: SystemUIView: onDeskTopChange: false
09-28 17:54:06.347  1971  1971 W A01b01/HOME: ExposureManager --> desktop exposure desktopExposureTimeStart: 646976, lastTime: 35887
09-28 17:54:06.347  1971  1971 W A01b01/HOME: ExposureManager --> desktop exposure displayCount: 1
09-28 17:54:06.348  1971  1971 W A01b01/HOME: ExposureManager --> desktop exposure pageIndexStart: 1, pageIndexEnd: 1, pageCount: 1
09-28 17:54:06.348  1971  1971 I A01b01/HOME: BaseLayoutCacheManager: getAllGridLayoutItemList from exposure, size: 25
09-28 17:54:06.348  1971  1971 W A01b01/HOME: ExposureManager --> desktop exposure save data: {desktopPageIndex:1,exposureTime:54,exposureCount:5,desktopAppInfoList:[{bundleName:com.ohos.clock,coordinate:{column:1,row:2},station:desktop},{bundleName:com.ohos.filemanager,coordinate:{column:0,row:3},station:desktop},{bundleName:com.ohos.calculator,coordinate:{column:1,row:3},station:desktop},{bundleName:com.ohos.note,coordinate:{column:2,row:3},station:desktop},{bundleName:com.ohos.smartperf,coordinate:{column:3,row:3},station:desktop},{bundleName:com.ohos.updateapp,coordinate:{column:0,row:4},station:desktop},{bundleName:ohos.samples.distributedmusicplayer,coordinate:{column:1,row:4},station:desktop},{bundleName:com.ohos.contacts,coordinate:{column:0,row:2},station:desktop},{bundleName:org.westlake.imehost,coordinate:{column:0,row:0},station:desktop},{bundleName:org.westlake.la0,coordinate:{column:1,row:0},station:desktop},{bundleName:org.westlake.la1,coordinate:{column:2,row:0},station:desktop},{bundleName:org.westlake.la2,coordinate:{column:3,row:0},station:desktop},{bundleName:org.westlake.la3,coordinate:{column:0,row:1},station:desktop},{bundleName:org.westlake.la4,coordinate:{column:1,row:1},station:desktop},{bundleName:org.westlake.la5,coordinate:{column:2,row:1},station:desktop},{bundleName:org.westlake.la6,coordinate:{column:3,row:1},station:desktop},{bundleName:org.westlake.la7,coordinate:{column:2,row:2},station:desktop},{bundleName:org.westlake.la8,coordinate:{column:3,row:2},station:desktop},{bundleName:org.westlake.la9,coordinate:{column:2,row:4},station:desktop},{bundleName:org.westlake.la10,coordinate:{column:3,row:4},station:desktop},{bundleName:org.westlake.la11,coordinate:{column:0,row:5},station:desktop},{bundleName:com.example.helloworld,coordinate:{column:1,row:5},station:desktop},{bundleName:com.a2hlab.bridge.zigzag,coordinate:{column:2,row:5},station:desktop},{bundleName:com.ohos.contacts,coordinate:{column:0,row:0},station:dock},{bundleName:com.ohos.mms,coordinate:{column:1,row:0},station:dock},{bundleName:com.ohos.camera,coordinate:{column:2,row:0},station:dock},],desktopFolderInfoList:[],desktopCardInfoList:[],desktopStackInfoList:[]}
09-28 17:54:06.349  1971  1971 I A04200/WINDOW: SCBWindowFocusController: setFocusedSession, displayGroupId: 0, sessionId: 43, displayId: 0, screenId: 0
09-28 17:54:06.349  1971  1971 I A01a00/SYS_UI: PhoneAppManager: ability[org.westlake.la11|undefined|EntryAbility] state change to 0
09-28 17:54:06.349  1971  1971 I A01a00/SYS_UI: AppLifeCycleManager: StateChanged, state is not page com.ohos.sceneboard_phone_sceneboard_com.ohos.sceneboard.MainAbility_1971
09-28 17:54:06.388  1971  1971 I A01b09/RECENT: RecentDockRefreshAlarm: refresh recent dock: EntryAbility/org.westlake.la11/entry/0(persistentId: 43)(containerId: 10)
09-28 17:54:06.395  1971  1971 I A04200/WINDOW: SCBSceneSession: onSessionShowWhenLockedChange, status:false of id:43 ignored.
09-28 17:54:06.437  1971  1971 I A01a00/SYS_UI: PhoneAppManager: ability[org.westlake.la11|undefined|EntryAbility] state change to 2
09-28 17:54:06.437  1971  1971 I A01a00/SYS_UI: PhoneAppManager: checkAbilityForegroundChange change: 2, org.westlake.la11
09-28 17:54:06.437  1971  1971 I A01a01/NC: NotificationBannerEntryVm --> onForegroundAppEvent. org.westlake.la11
09-28 17:54:06.437  1971  1971 I A01a00/SYS_UI: AppLifeCycleManager: Ability state changed, uid: 20010065, key: org.westlake.la11_entry_EntryAbility_4644, isForeground: true, state 2
09-28 17:54:06.437  1971  1971 I A01a00/SYS_UI: AppLifeCycleManager: Ability state change: new foregroundAbilities: 20010065: org.westlake.la11_entry_EntryAbility_4644
09-28 17:54:06.437  1971  1971 I A01a00/SYS_UI: AppLifeCycleManager: App foreground state changed, uid: 20010065, true
09-28 17:54:06.437  1971  1971 W A01a00/SYS_UI: LiveCapsuleListVm: onAppForegroundStateChange foreground: true, uid: 20010065, bundleName: org.westlake.la11, orientation: 0
09-28 17:54:06.438  1971  1971 W A01a00/SYS_UI: LiveCapsuleListVm: start to toggleCapsuleList, param:  {"isUpwards":false,"isUpdateImmediately":false,"needAnimation":true}
09-28 17:54:06.438  1971  1971 W A01a00/SYS_UI: LiveCapsuleListVm: Visible is not changed, stop toggleCapsuleList.
09-28 17:54:06.442  4644  4644 I A00000/WL_LAUNCHER: wrote fd-fitness -> /data/storage/el2/base/haps/entry/files/wl_open.req
09-28 17:54:06.454  1971  1971 I A04200/WINDOW: SCBSceneSession: onSessionStateChange state:1
09-28 17:54:06.466  1971  1971 I A04200/WINDOW: SCBSSM: onStatusBarEnableChange screenId: 0 statusBarEnable: true
09-28 17:54:06.490  1971  1971 I A04200/WINDOW: SCBSceneSession: onSessionStateChange state:2
09-28 17:54:06.490  1971  1971 I A04200/WINDOW: SCBScreenSM: registerScreenPropertyChangeCallbacks caller: at onSessionStateChange (SCBSceneSession.ts:3033:55)
09-28 17:54:06.490  1971  1971 I A04200/WINDOW: SCBScreenSM: recordEventFromScb
09-28 17:54:06.490  1971  1971 I A04200/WINDOW: SCBScreenSM: registerScreenPropertyChangeCallbacks screenId: 0 true null false18
09-28 17:54:06.491  1971  1971 I A04209/WMSImms: win:43 foreground
09-28 17:54:06.496  1971  1971 I A04200/WINDOW: SCBSSM: displayData(1200 1920) 
09-28 17:54:06.497  1971  1971 E A04200/WINDOW: SCBSSM: image is null.
09-28 17:54:06.497  1971  1971 I A04200/WINDOW: SCBSSM: updateStatusbarColor contentColor: #ffffffff
09-28 17:54:06.497  1971  1971 I A04209/WMSImms: set desktop prop:[5,true,"#00000000","#ffffffff",true,true,null]
09-28 17:54:06.498  1971  1971 I A04200/WINDOW: SCBSSM: updateNavigationBarProperty 0
09-28 17:54:06.498  1971  1971 I A04200/WINDOW: SCBSSM: updateNavigationBarProperty 0
09-28 17:54:06.498  1971  1971 I A01b0a/GESTURE: FloatingNavigationManager: checkShowFloatingNavigation swich is closed
09-28 17:54:06.498  4644  4644 I A00000/WL_LAUNCHER: wrote fd-fitness -> /data/storage/el2/base/haps/entry/files/wl_open.req
09-28 17:54:06.499  1971  1971 I A01b0a/GESTURE: GestureDockPreferenceUtil: onSceneStateChange,isForegroud:true,bundleName:org.westlake.la11,appIndex:0 sceneInfo.abilityName:EntryAbility
09-28 17:54:06.499  1971  1971 I A01b0a/GESTURE: GestureDockPreferenceUtil: addGestureDockRecentPreference
09-28 17:54:06.499  1971  1971 I A01b01/HOME: AppModel: currentBundleInfoList length: 27
09-28 17:54:06.499  1971  1971 I A01b0a/GESTURE: GestureDockPreferenceUtil: addGestureDockRecentPreference, bundleName:org.westlake.la11 appIndex:0 abilityName:EntryAbility.
09-28 17:54:06.499  1971  1971 I A01b0a/GESTURE: GestureDockPreferenceUtil: Index is -1
09-28 17:54:06.499  1971  1971 I A01b0a/GESTURE: GestureDockPreferenceUtil: recent size is 8
09-28 17:54:06.499  1971  1971 I A01b0a/GESTURE: GestureDockPreferenceUtil: recentList length is 8
09-28 17:54:06.500  1971  1971 I A01b09/RECENT: RecentGestureEventManager: onSceneStateChange,isForegroud:true,bundleName:org.westlake.la11 abilityName:EntryAbility
09-28 17:54:06.501  1971  1971 I A01b0a/GESTURE: AIBarView: bundleName:org.westlake.la11 isEnterDeliver:false
09-28 17:54:06.501  1971  1971 I A04200/WINDOW: SCBSceneSession: onSessionStateChange state:3
09-28 17:54:06.501  1971  1971 I A01a00/SYS_UI: PhoneAppManager: ability[org.westlake.la11|undefined|EntryAbility] state change to 2
09-28 17:54:06.558  1971  1971 I A04200/WINDOW: SCBSceneSession: onSessionShowWhenLockedChange, status:false of id:43 ignored.
09-28 17:54:06.617  1971  1971 I A04200/WINDOW: SCBSceneSession: onBufferAvailableChange, isBufferAvailable: true, id: 43,      bundleName: org.westlake.la11
09-28 17:54:06.617  1971  1971 I A04200/WINDOW: SCBScenePersistent: Set persistentId = 43 isAlive to true
09-28 17:54:06.618  1971  1971 I A04200/WINDOW: SCBSceneSession: bufferAvailableCallbackList length: 0
09-28 17:54:06.619  1971  1971 I A04209/WMSImms: win:43 app prop is applied
09-28 17:54:06.622  1971  1971 I A04209/WMSImms: prop is applied, isLayoutFullScreen: false
09-28 17:54:06.623  1971  1971 I A04209/WMSImms: get app prop:[5,true,"#00FFFFFF","#FF000000",false,false,null] isSetEnable:false uiType:phone isSetColor:false isLand:false
09-28 17:54:06.623  1971  1971 I A04209/WMSImms: update prop to callbacks. screenId:0 mainscreenId:0 window:43, prop:[5,true,"#00FFFFFF","#FF000000",false,false,null], size:6
09-28 17:54:06.623  1971  1971 I A01a00/SYS_UI: SystemUI_BannerVm --> onSystemBarProperty
09-28 17:54:06.624  1971  1971 I A01a00/SYS_UI: StatusBar-Index: registerSystemBarPropertyCallbacks, enable: true, enableAnimation:false, scenePanelState: 1
09-28 17:54:06.624  1971  1971 I A04200/WINDOW: SCBSSM: setIsShowStatusBarTemporary 43 false
09-28 17:54:06.624  1971  1971 W A01a00/SYS_UI: StatusBar-Index: isEnable changed: true, statusBarOpacity is 1, immersive is false, enable animation: false
09-28 17:54:06.624  1971  1971 W A01a00/SYS_UI: StatusBarVMV2: System bar property change from #ffffffff to #FF000000 #00FFFFFF
09-28 17:54:06.626  1971  1971 I A01a00/SYS_UI: StatusBarBackgroundVM: background color change from #00000000 to #00FFFFFF.
09-28 17:54:06.626  1971  1971 I A01a00/SYS_UI: StatusBarVMV2: updateTintContentColor enable true, enableAnimation false contentColor #FF000000
09-28 17:54:06.626  1971  1971 W A01a00/SYS_UI: StatusBarBridgeView: onPluginContentColorChange #FF000000
09-28 17:54:06.626  1971  1971 I A01a00/SYS_UI: StatusBarBackgroundVM: content color change from #ffffffff to #FF000000.
09-28 17:54:06.627  1971  1971 I A01a00/SYS_UI: StatusBarBackgroundVM: refresh linear gradient type from 1 to 2
09-28 17:54:06.630  1971  1971 I A01a00/SYS_UI: StatusBarBridgeView: FrameCallback do
09-28 17:54:06.631  1971  1971 I A01a00/SYS_UI: LiveCapsuleListVm: shadow capsule color = #4D000000
09-28 17:54:06.632  1971  1971 I A01a00/SYS_UI: GroupBackgroundEffect --> LightNess: 0 colorStr: #FF000000
09-28 17:54:06.632  1971  1971 I A01a00/SYS_UI: StatusBarHeightVm: clearShowHeight GroupBackgroundEffect
09-28 17:54:06.632  1971  1971 I A01a00/SYS_UI: StatusBarHeightVm: checkHeightChange: cacheUseHeight 58 maxHeight 39 maxHotArea: 39
09-28 17:54:06.632  1971  1971 I A01b00/SCB: BaseViewController: updateArea: STATUS_BAR,left:0,top:0,width:533.3333333333334,height:39
09-28 17:54:06.632  1971  1971 I A04200/WINDOW: SCBSSM: getSystemSceneSessionWithId persistentId:20, mainScreenId:0, screenId:0
09-28 17:54:06.633  1971  1971 I A04200/WINDOW: SCBSSM: Find system scene session : 20
09-28 17:54:06.633  1971  1971 I A01b00/SCB: BaseViewController: updateRect: STATUS_BAR,area:{"left":0,"top":0,"width":533.3333333333334,"height":39}
09-28 17:54:06.633  1971  1971 I A04200/WINDOW: SCBSystemScene: [SCBSystem][WMSLayout]onUpdateRect: {"left":{"value":0},"top":{"value":0},"width":{"value":1200},"height":{"value":87}} name: SCBStatusBar15
09-28 17:54:06.633  1971  1971 I A04200/WINDOW: SCBSystemScene: updateRect finish:{"left":{"value":0},"top":{"value":0},"width":{"value":1200},"height":{"value":87}}
09-28 17:54:06.633  1971  1971 W A04200/WINDOW: SCBSSM: Failed to get system Session with systemBarType: 1}
09-28 17:54:06.633  1971  1971 I A04200/WINDOW: SCBSSM: refreshAvailableArea: statusBarHeight:87 dockHeight:0
09-28 17:54:06.633  1971  1971 I A04200/WINDOW: SCBScreenSession: SCBScreenSession
09-28 17:54:06.633  1971  1971 I A01a00/SYS_UI: StatusBar-Index: refreshStatusBarRegion width 533.3333333333334 height 39
09-28 17:54:06.634  1971  1971 I A01a00/SYS_UI: MaintenanceRecord: add info in queue, cur len 1, max len 4000
09-28 17:54:06.634  1971  1971 I A01a00/SYS_UI: StatusBar-Index: specialResponseRegionForPrivacy: 0
09-28 17:54:06.634  1971  1971 I A01a00/SYS_UI: StatusBar-Index: specialResponseRegion: 0
09-28 17:54:06.634  1971  1971 I A01a00/SYS_UI: StatusBar-Index: reset hot region, specialResponseRegion: 0
09-28 17:54:06.635  1971  2474 I A01a00/SYS_UI: HaReporter: start report event (12), size 1
09-28 17:54:06.635  1971  1971 I A04200/WINDOW: SCBSSM: getSystemSceneSessionWithId persistentId:20, mainScreenId:0, screenId:0
09-28 17:54:06.635  1971  2474 I A01a00/SYS_UI: HaReportBase: start report SYSTEM_UI_NOTIFICATION, params {"operationType":"12","detailType":"0_0_533.3333333333334_39","deliveryTime":"1790589246633","mergeNum":"1"}
09-28 17:54:06.635  1971  1971 I A04200/WINDOW: SCBSSM: Find system scene session : 20
09-28 17:54:06.636  1971  1971 I A04200/WINDOW: SCBSystemSceneSession: SCBSystemSceneSession
09-28 17:54:06.636  1971  1971 I A04200/WINDOW: SCBSystemScene: onResponseRegionChange SCBStatusBar15(20):[{"x":0,"y":0,"width":1200,"height":87.75}]
09-28 17:54:06.636  1971  1971 I A01a00/SYS_UI: StatusBarHeightVm: confirmedStatusBarHeightChange: height 39 hotArea: 39
09-28 17:54:06.637  1971  1971 I A01a00/SYS_UI: GroupBackgroundEffect --> LightNess: 0 colorStr: #FF000000
09-28 17:54:06.637  1971  1971 I A01a00/SYS_UI: StatusBarHeightVm: clearShowHeight GroupBackgroundEffect
09-28 17:54:06.637  1971  1971 I A01a00/SYS_UI: StatusBarHeightVm: checkHeightChange: cacheUseHeight 39 maxHeight 39 maxHotArea: 39
09-28 17:54:06.644  1971  1971 I A04200/WINDOW: SCBScreen: getScreenTranslateOptions: {"x":"0px","y":"0px"}
09-28 17:54:06.644  1971  1971 I A04200/WINDOW: SCBScreenSession: displayRotation rotation0, rotationOffset:0
09-28 17:54:06.644  1971  1971 I A04200/WINDOW: SCBScreen: getScreenRotateOptions: {"x":0,"y":0,"z":1,"angle":0,"centerX":"50%","centerY":"50%"}
09-28 17:54:06.782  1971  1971 I A01b01/HOME: LauncherAnimUtil: SCBScenePanelViewModel reset isUiBusy after 500ms
09-28 17:54:07.287  1971  1971 I A01b09/RECENT: SCBDesktopCacheManager: FreezeTrack setWallPaperScale old:1, new:1.1, reason:onActive
09-28 17:54:09.278  1971  1971 I A01b01/HOME: PageDesktopViewModel --> index: 1, pageList: 1, is outer: false
09-28 17:54:09.278  1971  1971 W A01b01/HOME: PageDesktopViewModel --> no cards in layout!
09-28 17:54:09.278  1971  1971 W A01b01/HOME: FormModel: get all forms from layout
09-28 17:54:09.278  1971  1971 W A01b01/HOME: PageDesktopViewModel --> cards num not reach limit, no need to recycle
09-28 17:54:37.059   921  1220 I C02d13/HDC_LOG: [session.cpp:891] AdminTask add task type:0 cid:4225479753 sid:252******606(L:10) mapsize:2
09-28 17:54:37.060   921  1220 I C02d13/HDC_LOG: [task.cpp:34] HdcTaskBase type:0 cid:4225479753 sid:252******606(L:10)
09-28 17:54:37.060   921  1220 I C02d13/HDC_LOG: [daemon_unity.cpp:414] Unity CommandDispatch command:1001 cid:4225479753 sid:252******606(L:10)
09-28 17:54:37.060   921  1220 W C02d13/HDC_LOG: [async_cmd.cpp:114] GetDevItem false key:persist.hdc.root
09-28 17:54:37.060   921 16275 I C02d13/HDC_LOG: [async_cmd.cpp:225] Popen pipe fds[pipeRead]:34 fds[pipeWrite]:37, mode 0
09-28 17:54:37.062   921  1220 I C02d13/HDC_LOG: [async_cmd.cpp:291] ExecuteCommand cmd:param get const.product.os.dist.apiname fd:34 pid:16276
09-28 17:54:37.062 16276 16276 W C02d13/HDC_LOG: [async_cmd.cpp:140] SetSelinuxLabel con:u:r:su:s0 isRoot:0
09-28 17:54:37.062   921  1220 I C02d13/HDC_LOG: [daemon_unity.cpp:486] Unity CommandDispatch command:1001 finish cid:4225479753 sid:252******606(L:10)
09-28 17:54:37.082   921 16277 I C02d13/HDC_LOG: [async_cmd.cpp:88] FinishShellProc finish pipeRead fd:34 pid:16276 count:1
09-28 17:54:37.082   921 16277 I C02d13/HDC_LOG: [task.cpp:55] HdcTaskBase::TaskFinish notify begin type:0 cid:4225479753 sid:252******606(L:10)
09-28 17:54:37.082   921 16277 I C02d13/HDC_LOG: [task.cpp:58] HdcTaskBase::TaskFinish notify end type:0 cid:4225479753 sid:252******606(L:10)
09-28 17:54:37.084   921  1220 I C02d13/HDC_LOG: [daemon.cpp:1142] FetchCommand channelId:4225479753 command:2
09-28 17:54:37.084   921  1220 W C02d13/HDC_LOG: [session.cpp:160] BeginRemoveTask taskType:0 channelId:4225479753
09-28 17:54:37.084   921  1220 W C02d13/HDC_LOG: [session.cpp:190] ClearOwnTasks OP_CLEAR finish, sessionId:252******606(L:10) channelIDInput:4225479753
09-28 17:54:37.084   921  1220 W C02d13/HDC_LOG: [session.cpp:115] taskClassDeleteRetry start clear task, taskType:0 cid:4225479753 sid:252******606(L:10)
09-28 17:54:37.084   921  1220 I C02d13/HDC_LOG: [async_cmd.cpp:69] DoRelease rc:-3 pid:16276
09-28 17:54:37.084   921  1220 I C02d13/HDC_LOG: [session.cpp:126] TaskDelay task remove retry count 0/30, taskType:0 channelId:4225479753, sessionId:252******606(L:10)
09-28 17:54:37.084   921  1220 I C02d13/HDC_LOG: [daemon_unity.cpp:31] ~HdcDaemonUnity cid:4225479753 sid:252******606(L:10)
09-28 17:54:37.084   921  1220 I C02d13/HDC_LOG: [task.cpp:40] ~HdcTaskBase type:0 cid:4225479753 sid:252******606(L:10)
09-28 17:54:37.084   921  1220 W C02d13/HDC_LOG: [session.cpp:134] TaskDelay task remove finish, channelId:4225479753
09-28 17:54:37.084   921  1220 I C02d13/HDC_LOG: [base.cpp:969] before uv handle close, the uv handle type is 13
09-28 17:54:37.089   921  1220 I C02d13/HDC_LOG: [daemon.cpp:1142] FetchCommand channelId:4225479753 command:2
09-28 17:54:37.523   545  1690 I C01f11/CHMG: <private> len:<private> AT< <private>
09-28 17:54:37.523   545  1690 I C01f11/CHMG: [<private>] INDM
09-28 17:54:37.523   545  1690 I C01f11/CHMG: tpye:<private>, num:<private>, sim_id:<private>
09-28 17:54:37.523   545  1690 I C01f11/CHMG: s_ind_pty[<private>]->used:<private>
09-28 17:54:37.523   545  1690 I C01f11/CHMG: get lock
09-28 17:54:37.523   545  1690 I C01f11/CHMG: PS_PTY:<private> length <private> write <:<private>
09-28 17:54:37.523   545  1690 I C01f11/CHMG: write done
09-28 17:54:37.523   545  1690 I C01f11/CHMG: free lock
09-28 17:54:37.523   769  1728 I C01f10/AT-CHANNEL: <private>: AT< <private>
09-28 17:54:37.523   769  1728 I C01f09/TELE-NETWORK: newLine = <private>
09-28 17:54:37.709   921  1220 I C02d13/HDC_LOG: [daemon.cpp:1142] FetchCommand channelId:4252304453 command:1001
09-28 17:54:37.709   921  1220 I C02d13/HDC_LOG: [session.cpp:1652] New HTaskInfo cid:4252304453 sid:252******606(L:10) command:1001
09-28 17:54:37.709   921  1220 I C02d13/HDC_LOG: [session.cpp:891] AdminTask add task type:0 cid:4252304453 sid:252******606(L:10) mapsize:2
09-28 17:54:37.709   921  1220 I C02d13/HDC_LOG: [task.cpp:34] HdcTaskBase type:0 cid:4252304453 sid:252******606(L:10)
09-28 17:54:37.709   921  1220 I C02d13/HDC_LOG: [daemon_unity.cpp:414] Unity CommandDispatch command:1001 cid:4252304453 sid:252******606(L:10)
09-28 17:54:37.710   921  1220 W C02d13/HDC_LOG: [async_cmd.cpp:114] GetDevItem false key:persist.hdc.root
09-28 17:54:37.710   921 16278 I C02d13/HDC_LOG: [async_cmd.cpp:225] Popen pipe fds[pipeRead]:34 fds[pipeWrite]:37, mode 0
09-28 17:54:37.712   921  1220 I C02d13/HDC_LOG: [async_cmd.cpp:291] ExecuteCommand cmd:param get const.product.os.dist.apiname fd:34 pid:16279
09-28 17:54:37.712 16279 16279 W C02d13/HDC_LOG: [async_cmd.cpp:140] SetSelinuxLabel con:u:r:su:s0 isRoot:0
09-28 17:54:37.712   921  1220 I C02d13/HDC_LOG: [daemon_unity.cpp:486] Unity CommandDispatch command:1001 finish cid:4252304453 sid:252******606(L:10)
09-28 17:54:37.732   921 16280 I C02d13/HDC_LOG: [async_cmd.cpp:88] FinishShellProc finish pipeRead fd:34 pid:16279 count:1
09-28 17:54:37.732   921 16280 I C02d13/HDC_LOG: [task.cpp:55] HdcTaskBase::TaskFinish notify begin type:0 cid:4252304453 sid:252******606(L:10)
09-28 17:54:37.732   921 16280 I C02d13/HDC_LOG: [task.cpp:58] HdcTaskBase::TaskFinish notify end type:0 cid:4252304453 sid:252******606(L:10)
09-28 17:54:37.734   921  1220 I C02d13/HDC_LOG: [daemon.cpp:1142] FetchCommand channelId:4252304453 command:2
09-28 17:54:37.734   921  1220 W C02d13/HDC_LOG: [session.cpp:160] BeginRemoveTask taskType:0 channelId:4252304453
09-28 17:54:37.734   921  1220 W C02d13/HDC_LOG: [session.cpp:190] ClearOwnTasks OP_CLEAR finish, sessionId:252******606(L:10) channelIDInput:4252304453
09-28 17:54:37.734   921  1220 W C02d13/HDC_LOG: [session.cpp:115] taskClassDeleteRetry start clear task, taskType:0 cid:4252304453 sid:252******606(L:10)
09-28 17:54:37.734   921  1220 I C02d13/HDC_LOG: [async_cmd.cpp:69] DoRelease rc:-3 pid:16279
09-28 17:54:37.734   921  1220 I C02d13/HDC_LOG: [session.cpp:126] TaskDelay task remove retry count 0/30, taskType:0 channelId:4252304453, sessionId:252******606(L:10)
09-28 17:54:37.735   921  1220 I C02d13/HDC_LOG: [daemon_unity.cpp:31] ~HdcDaemonUnity cid:4252304453 sid:252******606(L:10)
09-28 17:54:37.735   921  1220 I C02d13/HDC_LOG: [task.cpp:40] ~HdcTaskBase type:0 cid:4252304453 sid:252******606(L:10)
09-28 17:54:37.735   921  1220 W C02d13/HDC_LOG: [session.cpp:134] TaskDelay task remove finish, channelId:4252304453
09-28 17:54:37.735   921  1220 I C02d13/HDC_LOG: [base.cpp:969] before uv handle close, the uv handle type is 13
09-28 17:54:37.739   921  1220 I C02d13/HDC_LOG: [daemon.cpp:1142] FetchCommand channelId:4252304453 command:2
09-28 17:54:37.842   545  1690 I C01f11/CHMG: <private> len:<private> AT< <private>
09-28 17:54:37.842   545  1690 I C01f11/CHMG: [<private>] INDM
09-28 17:54:37.843   545  1690 I C01f11/CHMG: tpye:<private>, num:<private>, sim_id:<private>
09-28 17:54:37.843   545  1690 I C01f11/CHMG: s_ind_pty[<private>]->used:<private>
09-28 17:54:37.843   545  1690 I C01f11/CHMG: get lock
09-28 17:54:37.843   545  1690 I C01f11/CHMG: PS_PTY:<private> length <private> write <:<private>
09-28 17:54:37.843   545  1690 I C01f11/CHMG: write done
09-28 17:54:37.843   545  1690 I C01f11/CHMG: free lock
09-28 17:54:37.843   769  1728 I C01f10/AT-CHANNEL: <private>: AT< <private>
09-28 17:54:37.843   769  1728 I C01f09/TELE-NETWORK: newLine = <private>
09-28 17:54:37.881   921  1220 I C02d13/HDC_LOG: [daemon.cpp:1142] FetchCommand channelId:2310686526 command:1001
09-28 17:54:37.881   921  1220 I C02d13/HDC_LOG: [session.cpp:1652] New HTaskInfo cid:2310686526 sid:252******606(L:10) command:1001
09-28 17:54:37.881   921  1220 I C02d13/HDC_LOG: [session.cpp:891] AdminTask add task type:0 cid:2310686526 sid:252******606(L:10) mapsize:2
09-28 17:54:37.881   921  1220 I C02d13/HDC_LOG: [task.cpp:34] HdcTaskBase type:0 cid:2310686526 sid:252******606(L:10)
09-28 17:54:37.881   921  1220 I C02d13/HDC_LOG: [daemon_unity.cpp:414] Unity CommandDispatch command:1001 cid:2310686526 sid:252******606(L:10)
09-28 17:54:37.881   921  1220 W C02d13/HDC_LOG: [async_cmd.cpp:114] GetDevItem false key:persist.hdc.root
09-28 17:54:37.882   921 16281 I C02d13/HDC_LOG: [async_cmd.cpp:225] Popen pipe fds[pipeRead]:34 fds[pipeWrite]:37, mode 0
09-28 17:54:37.884   921  1220 I C02d13/HDC_LOG: [async_cmd.cpp:291] ExecuteCommand cmd:param get const.product.os.dist.apiname fd:34 pid:16282
09-28 17:54:37.884 16282 16282 W C02d13/HDC_LOG: [async_cmd.cpp:140] SetSelinuxLabel con:u:r:su:s0 isRoot:0
09-28 17:54:37.884   921  1220 I C02d13/HDC_LOG: [daemon_unity.cpp:486] Unity CommandDispatch command:1001 finish cid:2310686526 sid:252******606(L:10)
09-28 17:54:37.904   921 16283 I C02d13/HDC_LOG: [async_cmd.cpp:88] FinishShellProc finish pipeRead fd:34 pid:16282 count:1
09-28 17:54:37.904   921 16283 I C02d13/HDC_LOG: [task.cpp:55] HdcTaskBase::TaskFinish notify begin type:0 cid:2310686526 sid:252******606(L:10)
09-28 17:54:37.904   921 16283 I C02d13/HDC_LOG: [task.cpp:58] HdcTaskBase::TaskFinish notify end type:0 cid:2310686526 sid:252******606(L:10)
09-28 17:54:37.906   921  1220 I C02d13/HDC_LOG: [daemon.cpp:1142] FetchCommand channelId:2310686526 command:2
09-28 17:54:37.906   921  1220 W C02d13/HDC_LOG: [session.cpp:160] BeginRemoveTask taskType:0 channelId:2310686526
09-28 17:54:37.906   921  1220 W C02d13/HDC_LOG: [session.cpp:190] ClearOwnTasks OP_CLEAR finish, sessionId:252******606(L:10) channelIDInput:2310686526
09-28 17:54:37.906   921  1220 W C02d13/HDC_LOG: [session.cpp:115] taskClassDeleteRetry start clear task, taskType:0 cid:2310686526 sid:252******606(L:10)
09-28 17:54:37.906   921  1220 I C02d13/HDC_LOG: [async_cmd.cpp:69] DoRelease rc:-3 pid:16282
09-28 17:54:37.906   921  1220 I C02d13/HDC_LOG: [session.cpp:126] TaskDelay task remove retry count 0/30, taskType:0 channelId:2310686526, sessionId:252******606(L:10)
09-28 17:54:37.906   921  1220 I C02d13/HDC_LOG: [daemon_unity.cpp:31] ~HdcDaemonUnity cid:2310686526 sid:252******606(L:10)
09-28 17:54:37.906   921  1220 I C02d13/HDC_LOG: [task.cpp:40] ~HdcTaskBase type:0 cid:2310686526 sid:252******606(L:10)
09-28 17:54:37.906   921  1220 W C02d13/HDC_LOG: [session.cpp:134] TaskDelay task remove finish, channelId:2310686526
09-28 17:54:37.906   921  1220 I C02d13/HDC_LOG: [base.cpp:969] before uv handle close, the uv handle type is 13
09-28 17:54:37.911   921  1220 I C02d13/HDC_LOG: [daemon.cpp:1142] FetchCommand channelId:2310686526 command:2
09-28 17:54:37.933   921  1220 I C02d13/HDC_LOG: [daemon.cpp:1142] FetchCommand channelId:198655515 command:1001
09-28 17:54:37.933   921  1220 I C02d13/HDC_LOG: [session.cpp:1652] New HTaskInfo cid:198655515 sid:252******606(L:10) command:1001
09-28 17:54:37.933   921  1220 I C02d13/HDC_LOG: [session.cpp:891] AdminTask add task type:0 cid:198655515 sid:252******606(L:10) mapsize:2
09-28 17:54:37.933   921  1220 I C02d13/HDC_LOG: [task.cpp:34] HdcTaskBase type:0 cid:198655515 sid:252******606(L:10)
09-28 17:54:37.933   921  1220 I C02d13/HDC_LOG: [daemon_unity.cpp:414] Unity CommandDispatch command:1001 cid:198655515 sid:252******606(L:10)
09-28 17:54:37.933   921  1220 W C02d13/HDC_LOG: [async_cmd.cpp:114] GetDevItem false key:persist.hdc.root
09-28 17:54:37.934   921 16284 I C02d13/HDC_LOG: [async_cmd.cpp:225] Popen pipe fds[pipeRead]:34 fds[pipeWrite]:37, mode 0
09-28 17:54:37.935   921  1220 I C02d13/HDC_LOG: [async_cmd.cpp:291] ExecuteCommand cmd:param get const.product.os.dist.apiname fd:34 pid:16285
09-28 17:54:37.936 16285 16285 W C02d13/HDC_LOG: [async_cmd.cpp:140] SetSelinuxLabel con:u:r:su:s0 isRoot:0
09-28 17:54:37.936   921  1220 I C02d13/HDC_LOG: [daemon_unity.cpp:486] Unity CommandDispatch command:1001 finish cid:198655515 sid:252******606(L:10)
09-28 17:54:37.955   921 16286 I C02d13/HDC_LOG: [async_cmd.cpp:88] FinishShellProc finish pipeRead fd:34 pid:16285 count:1
09-28 17:54:37.955   921 16286 I C02d13/HDC_LOG: [task.cpp:55] HdcTaskBase::TaskFinish notify begin type:0 cid:198655515 sid:252******606(L:10)
09-28 17:54:37.955   921 16286 I C02d13/HDC_LOG: [task.cpp:58] HdcTaskBase::TaskFinish notify end type:0 cid:198655515 sid:252******606(L:10)
09-28 17:54:37.957   921  1220 I C02d13/HDC_LOG: [daemon.cpp:1142] FetchCommand channelId:198655515 command:2
09-28 17:54:37.957   921  1220 W C02d13/HDC_LOG: [session.cpp:160] BeginRemoveTask taskType:0 channelId:198655515
09-28 17:54:37.957   921  1220 W C02d13/HDC_LOG: [session.cpp:190] ClearOwnTasks OP_CLEAR finish, sessionId:252******606(L:10) channelIDInput:198655515
09-28 17:54:37.957   921  1220 W C02d13/HDC_LOG: [session.cpp:115] taskClassDeleteRetry start clear task, taskType:0 cid:198655515 sid:252******606(L:10)
09-28 17:54:37.957   921  1220 I C02d13/HDC_LOG: [async_cmd.cpp:69] DoRelease rc:-3 pid:16285
09-28 17:54:37.958   921  1220 I C02d13/HDC_LOG: [session.cpp:126] TaskDelay task remove retry count 0/30, taskType:0 channelId:198655515, sessionId:252******606(L:10)
09-28 17:54:37.958   921  1220 I C02d13/HDC_LOG: [daemon_unity.cpp:31] ~HdcDaemonUnity cid:198655515 sid:252******606(L:10)
09-28 17:54:37.958   921  1220 I C02d13/HDC_LOG: [task.cpp:40] ~HdcTaskBase type:0 cid:198655515 sid:252******606(L:10)
09-28 17:54:37.958   921  1220 W C02d13/HDC_LOG: [session.cpp:134] TaskDelay task remove finish, channelId:198655515
09-28 17:54:37.958   921  1220 I C02d13/HDC_LOG: [base.cpp:969] before uv handle close, the uv handle type is 13
09-28 17:54:37.962   921  1220 I C02d13/HDC_LOG: [daemon.cpp:1142] FetchCommand channelId:198655515 command:2
09-28 17:54:38.051   921  1220 I C02d13/HDC_LOG: [daemon.cpp:1142] FetchCommand channelId:514621393 command:1001
09-28 17:54:38.051   921  1220 I C02d13/HDC_LOG: [session.cpp:1652] New HTaskInfo cid:514621393 sid:252******606(L:10) command:1001
09-28 17:54:38.051   921  1220 I C02d13/HDC_LOG: [session.cpp:891] AdminTask add task type:0 cid:514621393 sid:252******606(L:10) mapsize:2
09-28 17:54:38.051   921  1220 I C02d13/HDC_LOG: [task.cpp:34] HdcTaskBase type:0 cid:514621393 sid:252******606(L:10)
09-28 17:54:38.051   921  1220 I C02d13/HDC_LOG: [daemon_unity.cpp:414] Unity CommandDispatch command:1001 cid:514621393 sid:252******606(L:10)
09-28 17:54:38.051   921  1220 W C02d13/HDC_LOG: [async_cmd.cpp:114] GetDevItem false key:persist.hdc.root
09-28 17:54:38.052   921 16287 I C02d13/HDC_LOG: [async_cmd.cpp:225] Popen pipe fds[pipeRead]:34 fds[pipeWrite]:37, mode 0
09-28 17:54:38.054   921  1220 I C02d13/HDC_LOG: [async_cmd.cpp:291] ExecuteCommand cmd:param get const.product.os.dist.apiname fd:34 pid:16288
09-28 17:54:38.054 16288 16288 W C02d13/HDC_LOG: [async_cmd.cpp:140] SetSelinuxLabel con:u:r:su:s0 isRoot:0
09-28 17:54:38.054   921  1220 I C02d13/HDC_LOG: [daemon_unity.cpp:486] Unity CommandDispatch command:1001 finish cid:514621393 sid:252******606(L:10)
09-28 17:54:38.073   921 16289 I C02d13/HDC_LOG: [async_cmd.cpp:88] FinishShellProc finish pipeRead fd:34 pid:16288 count:1
09-28 17:54:38.074   921 16289 I C02d13/HDC_LOG: [task.cpp:55] HdcTaskBase::TaskFinish notify begin type:0 cid:514621393 sid:252******606(L:10)
09-28 17:54:38.074   921 16289 I C02d13/HDC_LOG: [task.cpp:58] HdcTaskBase::TaskFinish notify end type:0 cid:514621393 sid:252******606(L:10)
09-28 17:54:38.075   921  1220 I C02d13/HDC_LOG: [daemon.cpp:1142] FetchCommand channelId:514621393 command:2
09-28 17:54:38.075   921  1220 W C02d13/HDC_LOG: [session.cpp:160] BeginRemoveTask taskType:0 channelId:514621393
09-28 17:54:38.076   921  1220 W C02d13/HDC_LOG: [session.cpp:190] ClearOwnTasks OP_CLEAR finish, sessionId:252******606(L:10) channelIDInput:514621393
09-28 17:54:38.076   921  1220 W C02d13/HDC_LOG: [session.cpp:115] taskClassDeleteRetry start clear task, taskType:0 cid:514621393 sid:252******606(L:10)
09-28 17:54:38.076   921  1220 I C02d13/HDC_LOG: [async_cmd.cpp:69] DoRelease rc:-3 pid:16288
09-28 17:54:38.076   921  1220 I C02d13/HDC_LOG: [session.cpp:126] TaskDelay task remove retry count 0/30, taskType:0 channelId:514621393, sessionId:252******606(L:10)
09-28 17:54:38.076   921  1220 I C02d13/HDC_LOG: [daemon_unity.cpp:31] ~HdcDaemonUnity cid:514621393 sid:252******606(L:10)
09-28 17:54:38.076   921  1220 I C02d13/HDC_LOG: [task.cpp:40] ~HdcTaskBase type:0 cid:514621393 sid:252******606(L:10)
09-28 17:54:38.076   921  1220 W C02d13/HDC_LOG: [session.cpp:134] TaskDelay task remove finish, channelId:514621393
09-28 17:54:38.076   921  1220 I C02d13/HDC_LOG: [base.cpp:969] before uv handle close, the uv handle type is 13
09-28 17:54:38.081   921  1220 I C02d13/HDC_LOG: [daemon.cpp:1142] FetchCommand channelId:514621393 command:2
09-28 17:54:38.084   921  1220 I C02d13/HDC_LOG: [daemon.cpp:1142] FetchCommand channelId:2887197760 command:1001
09-28 17:54:38.084   921  1220 I C02d13/HDC_LOG: [session.cpp:1652] New HTaskInfo cid:2887197760 sid:252******606(L:10) command:1001
09-28 17:54:38.084   921  1220 I C02d13/HDC_LOG: [session.cpp:891] AdminTask add task type:0 cid:2887197760 sid:252******606(L:10) mapsize:2
09-28 17:54:38.084   921  1220 I C02d13/HDC_LOG: [task.cpp:34] HdcTaskBase type:0 cid:2887197760 sid:252******606(L:10)
09-28 17:54:38.084   921  1220 I C02d13/HDC_LOG: [daemon_unity.cpp:414] Unity CommandDispatch command:1001 cid:2887197760 sid:252******606(L:10)
09-28 17:54:38.084   921  1220 W C02d13/HDC_LOG: [async_cmd.cpp:114] GetDevItem false key:persist.hdc.root
09-28 17:54:38.085   921 16290 I C02d13/HDC_LOG: [async_cmd.cpp:225] Popen pipe fds[pipeRead]:34 fds[pipeWrite]:37, mode 0
09-28 17:54:38.088   921  1220 I C02d13/HDC_LOG: [async_cmd.cpp:291] ExecuteCommand cmd:param get const.product.os.dist.apiname fd:34 pid:16291
09-28 17:54:38.089   921  1220 I C02d13/HDC_LOG: [daemon_unity.cpp:486] Unity CommandDispatch command:1001 finish cid:2887197760 sid:252******606(L:10)
09-28 17:54:38.090 16291 16291 W C02d13/HDC_LOG: [async_cmd.cpp:140] SetSelinuxLabel con:u:r:su:s0 isRoot:0
09-28 17:54:38.118   921 16292 I C02d13/HDC_LOG: [async_cmd.cpp:88] FinishShellProc finish pipeRead fd:34 pid:16291 count:1
09-28 17:54:38.118   921 16292 I C02d13/HDC_LOG: [task.cpp:55] HdcTaskBase::TaskFinish notify begin type:0 cid:2887197760 sid:252******606(L:10)
09-28 17:54:38.118   921 16292 I C02d13/HDC_LOG: [task.cpp:58] HdcTaskBase::TaskFinish notify end type:0 cid:2887197760 sid:252******606(L:10)
09-28 17:54:38.120   921  1220 I C02d13/HDC_LOG: [daemon.cpp:1142] FetchCommand channelId:2887197760 command:2
09-28 17:54:38.120   921  1220 W C02d13/HDC_LOG: [session.cpp:160] BeginRemoveTask taskType:0 channelId:2887197760
09-28 17:54:38.120   921  1220 W C02d13/HDC_LOG: [session.cpp:190] ClearOwnTasks OP_CLEAR finish, sessionId:252******606(L:10) channelIDInput:2887197760
09-28 17:54:38.120   921  1220 W C02d13/HDC_LOG: [session.cpp:115] taskClassDeleteRetry start clear task, taskType:0 cid:2887197760 sid:252******606(L:10)
09-28 17:54:38.120   921  1220 I C02d13/HDC_LOG: [async_cmd.cpp:69] DoRelease rc:-3 pid:16291
09-28 17:54:38.120   921  1220 I C02d13/HDC_LOG: [session.cpp:126] TaskDelay task remove retry count 0/30, taskType:0 channelId:2887197760, sessionId:252******606(L:10)
09-28 17:54:38.120   921  1220 I C02d13/HDC_LOG: [daemon_unity.cpp:31] ~HdcDaemonUnity cid:2887197760 sid:252******606(L:10)
09-28 17:54:38.121   921  1220 I C02d13/HDC_LOG: [task.cpp:40] ~HdcTaskBase type:0 cid:2887197760 sid:252******606(L:10)
09-28 17:54:38.121   921  1220 W C02d13/HDC_LOG: [session.cpp:134] TaskDelay task remove finish, channelId:2887197760
09-28 17:54:38.121   921  1220 I C02d13/HDC_LOG: [base.cpp:969] before uv handle close, the uv handle type is 13
09-28 17:54:38.126   921  1220 I C02d13/HDC_LOG: [daemon.cpp:1142] FetchCommand channelId:2887197760 command:2
09-28 17:54:38.174   921  1220 I C02d13/HDC_LOG: [daemon.cpp:1142] FetchCommand channelId:451673258 command:1001
09-28 17:54:38.174   921  1220 I C02d13/HDC_LOG: [session.cpp:1652] New HTaskInfo cid:451673258 sid:252******606(L:10) command:1001
09-28 17:54:38.174   921  1220 I C02d13/HDC_LOG: [session.cpp:891] AdminTask add task type:0 cid:451673258 sid:252******606(L:10) mapsize:2
09-28 17:54:38.174   921  1220 I C02d13/HDC_LOG: [task.cpp:34] HdcTaskBase type:0 cid:451673258 sid:252******606(L:10)
09-28 17:54:38.174   921  1220 I C02d13/HDC_LOG: [daemon_unity.cpp:414] Unity CommandDispatch command:1001 cid:451673258 sid:252******606(L:10)
09-28 17:54:38.174   921  1220 W C02d13/HDC_LOG: [async_cmd.cpp:114] GetDevItem false key:persist.hdc.root
09-28 17:54:38.174   921 16293 I C02d13/HDC_LOG: [async_cmd.cpp:225] Popen pipe fds[pipeRead]:34 fds[pipeWrite]:37, mode 0
09-28 17:54:38.178   921  1220 I C02d13/HDC_LOG: [async_cmd.cpp:291] ExecuteCommand cmd:param get const.product.os.dist.apiname fd:34 pid:16294
09-28 17:54:38.178   921  1220 I C02d13/HDC_LOG: [daemon_unity.cpp:486] Unity CommandDispatch command:1001 finish cid:451673258 sid:252******606(L:10)
09-28 17:54:38.179 16294 16294 W C02d13/HDC_LOG: [async_cmd.cpp:140] SetSelinuxLabel con:u:r:su:s0 isRoot:0
09-28 17:54:38.214   921 16295 I C02d13/HDC_LOG: [async_cmd.cpp:88] FinishShellProc finish pipeRead fd:34 pid:16294 count:1
09-28 17:54:38.214   921 16295 I C02d13/HDC_LOG: [task.cpp:55] HdcTaskBase::TaskFinish notify begin type:0 cid:451673258 sid:252******606(L:10)
09-28 17:54:38.214   921 16295 I C02d13/HDC_LOG: [task.cpp:58] HdcTaskBase::TaskFinish notify end type:0 cid:451673258 sid:252******606(L:10)
09-28 17:54:38.216   921  1220 I C02d13/HDC_LOG: [daemon.cpp:1142] FetchCommand channelId:451673258 command:2
09-28 17:54:38.216   921  1220 W C02d13/HDC_LOG: [session.cpp:160] BeginRemoveTask taskType:0 channelId:451673258
09-28 17:54:38.216   921  1220 W C02d13/HDC_LOG: [session.cpp:190] ClearOwnTasks OP_CLEAR finish, sessionId:252******606(L:10) channelIDInput:451673258
09-28 17:54:38.216   921  1220 W C02d13/HDC_LOG: [session.cpp:115] taskClassDeleteRetry start clear task, taskType:0 cid:451673258 sid:252******606(L:10)
09-28 17:54:38.216   921  1220 I C02d13/HDC_LOG: [async_cmd.cpp:69] DoRelease rc:-3 pid:16294
09-28 17:54:38.216   921  1220 I C02d13/HDC_LOG: [session.cpp:126] TaskDelay task remove retry count 0/30, taskType:0 channelId:451673258, sessionId:252******606(L:10)
09-28 17:54:38.216   921  1220 I C02d13/HDC_LOG: [daemon_unity.cpp:31] ~HdcDaemonUnity cid:451673258 sid:252******606(L:10)
09-28 17:54:38.216   921  1220 I C02d13/HDC_LOG: [task.cpp:40] ~HdcTaskBase type:0 cid:451673258 sid:252******606(L:10)
09-28 17:54:38.216   921  1220 W C02d13/HDC_LOG: [session.cpp:134] TaskDelay task remove finish, channelId:451673258
09-28 17:54:38.216   921  1220 I C02d13/HDC_LOG: [base.cpp:969] before uv handle close, the uv handle type is 13
09-28 17:54:38.221   921  1220 I C02d13/HDC_LOG: [daemon.cpp:1142] FetchCommand channelId:451673258 command:2
09-28 17:54:38.326   921  1220 I C02d13/HDC_LOG: [daemon.cpp:1142] FetchCommand channelId:3277714342 command:1001
09-28 17:54:38.327   921  1220 I C02d13/HDC_LOG: [session.cpp:1652] New HTaskInfo cid:3277714342 sid:252******606(L:10) command:1001
09-28 17:54:38.327   921  1220 I C02d13/HDC_LOG: [session.cpp:891] AdminTask add task type:0 cid:3277714342 sid:252******606(L:10) mapsize:2
09-28 17:54:38.327   921  1220 I C02d13/HDC_LOG: [task.cpp:34] HdcTaskBase type:0 cid:3277714342 sid:252******606(L:10)
09-28 17:54:38.327   921  1220 I C02d13/HDC_LOG: [daemon_unity.cpp:414] Unity CommandDispatch command:1001 cid:3277714342 sid:252******606(L:10)
09-28 17:54:38.327   921  1220 W C02d13/HDC_LOG: [async_cmd.cpp:114] GetDevItem false key:persist.hdc.root
09-28 17:54:38.327   921 16296 I C02d13/HDC_LOG: [async_cmd.cpp:225] Popen pipe fds[pipeRead]:34 fds[pipeWrite]:37, mode 0
09-28 17:54:38.331   921  1220 I C02d13/HDC_LOG: [async_cmd.cpp:291] ExecuteCommand cmd:param get const.product.os.dist.apiname fd:34 pid:16297
09-28 17:54:38.331   921  1220 I C02d13/HDC_LOG: [daemon_unity.cpp:486] Unity CommandDispatch command:1001 finish cid:3277714342 sid:252******606(L:10)
09-28 17:54:38.332 16297 16297 W C02d13/HDC_LOG: [async_cmd.cpp:140] SetSelinuxLabel con:u:r:su:s0 isRoot:0
09-28 17:54:38.370   921 16298 I C02d13/HDC_LOG: [async_cmd.cpp:88] FinishShellProc finish pipeRead fd:34 pid:16297 count:1
09-28 17:54:38.370   921 16298 I C02d13/HDC_LOG: [task.cpp:55] HdcTaskBase::TaskFinish notify begin type:0 cid:3277714342 sid:252******606(L:10)
09-28 17:54:38.371   921 16298 I C02d13/HDC_LOG: [task.cpp:58] HdcTaskBase::TaskFinish notify end type:0 cid:3277714342 sid:252******606(L:10)
09-28 17:54:38.373   921  1220 I C02d13/HDC_LOG: [daemon.cpp:1142] FetchCommand channelId:3277714342 command:2
09-28 17:54:38.373   921  1220 W C02d13/HDC_LOG: [session.cpp:160] BeginRemoveTask taskType:0 channelId:3277714342
09-28 17:54:38.373   921  1220 W C02d13/HDC_LOG: [session.cpp:190] ClearOwnTasks OP_CLEAR finish, sessionId:252******606(L:10) channelIDInput:3277714342
09-28 17:54:38.373   921  1220 W C02d13/HDC_LOG: [session.cpp:115] taskClassDeleteRetry start clear task, taskType:0 cid:3277714342 sid:252******606(L:10)
09-28 17:54:38.373   921  1220 I C02d13/HDC_LOG: [async_cmd.cpp:69] DoRelease rc:-3 pid:16297
09-28 17:54:38.373   921  1220 I C02d13/HDC_LOG: [session.cpp:126] TaskDelay task remove retry count 0/30, taskType:0 channelId:3277714342, sessionId:252******606(L:10)
09-28 17:54:38.373   921  1220 I C02d13/HDC_LOG: [daemon_unity.cpp:31] ~HdcDaemonUnity cid:3277714342 sid:252******606(L:10)
09-28 17:54:38.373   921  1220 I C02d13/HDC_LOG: [task.cpp:40] ~HdcTaskBase type:0 cid:3277714342 sid:252******606(L:10)
09-28 17:54:38.373   921  1220 W C02d13/HDC_LOG: [session.cpp:134] TaskDelay task remove finish, channelId:3277714342
09-28 17:54:38.373   921  1220 I C02d13/HDC_LOG: [base.cpp:969] before uv handle close, the uv handle type is 13
09-28 17:54:38.377   921  1220 I C02d13/HDC_LOG: [daemon.cpp:1142] FetchCommand channelId:3277714342 command:2
09-28 17:54:38.562   381   381 E C02c11/APPSPAWN: [appspawn_kickdog.c:29]open /sys/kernel/hungtask/userlist fail,errno:2
09-28 17:54:38.956   921  1220 I C02d13/HDC_LOG: [daemon.cpp:1142] FetchCommand channelId:930476588 command:1001
09-28 17:54:38.956   921  1220 I C02d13/HDC_LOG: [session.cpp:1652] New HTaskInfo cid:930476588 sid:252******606(L:10) command:1001
09-28 17:54:38.956   921  1220 I C02d13/HDC_LOG: [session.cpp:891] AdminTask add task type:0 cid:930476588 sid:252******606(L:10) mapsize:2
09-28 17:54:38.956   921  1220 I C02d13/HDC_LOG: [task.cpp:34] HdcTaskBase type:0 cid:930476588 sid:252******606(L:10)
09-28 17:54:38.956   921  1220 I C02d13/HDC_LOG: [daemon_unity.cpp:414] Unity CommandDispatch command:1001 cid:930476588 sid:252******606(L:10)
09-28 17:54:38.956   921  1220 W C02d13/HDC_LOG: [async_cmd.cpp:114] GetDevItem false key:persist.hdc.root
09-28 17:54:38.957   921 16300 I C02d13/HDC_LOG: [async_cmd.cpp:225] Popen pipe fds[pipeRead]:34 fds[pipeWrite]:37, mode 0
09-28 17:54:38.961   921  1220 I C02d13/HDC_LOG: [async_cmd.cpp:291] ExecuteCommand cmd:param get const.product.os.dist.apiname fd:34 pid:16301
09-28 17:54:38.961   921  1220 I C02d13/HDC_LOG: [daemon_unity.cpp:486] Unity CommandDispatch command:1001 finish cid:930476588 sid:252******606(L:10)
09-28 17:54:38.962 16301 16301 W C02d13/HDC_LOG: [async_cmd.cpp:140] SetSelinuxLabel con:u:r:su:s0 isRoot:0
09-28 17:54:38.995   921 16302 I C02d13/HDC_LOG: [async_cmd.cpp:88] FinishShellProc finish pipeRead fd:34 pid:16301 count:1
09-28 17:54:38.995   921 16302 I C02d13/HDC_LOG: [task.cpp:55] HdcTaskBase::TaskFinish notify begin type:0 cid:930476588 sid:252******606(L:10)
09-28 17:54:38.995   921 16302 I C02d13/HDC_LOG: [task.cpp:58] HdcTaskBase::TaskFinish notify end type:0 cid:930476588 sid:252******606(L:10)
09-28 17:54:38.997   921  1220 I C02d13/HDC_LOG: [daemon.cpp:1142] FetchCommand channelId:930476588 command:2
09-28 17:54:38.997   921  1220 W C02d13/HDC_LOG: [session.cpp:160] BeginRemoveTask taskType:0 channelId:930476588
09-28 17:54:38.997   921  1220 W C02d13/HDC_LOG: [session.cpp:190] ClearOwnTasks OP_CLEAR finish, sessionId:252******606(L:10) channelIDInput:930476588
09-28 17:54:38.997   921  1220 W C02d13/HDC_LOG: [session.cpp:115] taskClassDeleteRetry start clear task, taskType:0 cid:930476588 sid:252******606(L:10)
09-28 17:54:38.998   921  1220 I C02d13/HDC_LOG: [async_cmd.cpp:69] DoRelease rc:-3 pid:16301
09-28 17:54:38.998   921  1220 I C02d13/HDC_LOG: [session.cpp:126] TaskDelay task remove retry count 0/30, taskType:0 channelId:930476588, sessionId:252******606(L:10)
09-28 17:54:38.998   921  1220 I C02d13/HDC_LOG: [daemon_unity.cpp:31] ~HdcDaemonUnity cid:930476588 sid:252******606(L:10)
09-28 17:54:38.998   921  1220 I C02d13/HDC_LOG: [task.cpp:40] ~HdcTaskBase type:0 cid:930476588 sid:252******606(L:10)
09-28 17:54:38.998   921  1220 W C02d13/HDC_LOG: [session.cpp:134] TaskDelay task remove finish, channelId:930476588
09-28 17:54:38.998   921  1220 I C02d13/HDC_LOG: [base.cpp:969] before uv handle close, the uv handle type is 13
09-28 17:54:39.003   921  1220 I C02d13/HDC_LOG: [daemon.cpp:1142] FetchCommand channelId:930476588 command:2
09-28 17:54:39.088   921  1220 I C02d13/HDC_LOG: [daemon.cpp:1142] FetchCommand channelId:0 command:5000
09-28 17:54:39.088   921  1220 I C02d13/HDC_LOG: [daemon.cpp:1163] recv heartbeat count is 139 for session 252******606(L:10)
09-28 17:54:39.089   921  1220 I C02d13/HDC_LOG: [daemon.cpp:1142] FetchCommand channelId:882878072 command:1001
09-28 17:54:39.089   921  1220 I C02d13/HDC_LOG: [session.cpp:1652] New HTaskInfo cid:882878072 sid:252******606(L:10) command:1001
09-28 17:54:39.089   921  1220 I C02d13/HDC_LOG: [session.cpp:891] AdminTask add task type:0 cid:882878072 sid:252******606(L:10) mapsize:2
09-28 17:54:39.089   921  1220 I C02d13/HDC_LOG: [task.cpp:34] HdcTaskBase type:0 cid:882878072 sid:252******606(L:10)
09-28 17:54:39.089   921  1220 I C02d13/HDC_LOG: [daemon_unity.cpp:414] Unity CommandDispatch command:1001 cid:882878072 sid:252******606(L:10)
09-28 17:54:39.089   921  1220 W C02d13/HDC_LOG: [async_cmd.cpp:114] GetDevItem false key:persist.hdc.root
09-28 17:54:39.089   921 16303 I C02d13/HDC_LOG: [async_cmd.cpp:225] Popen pipe fds[pipeRead]:34 fds[pipeWrite]:37, mode 0
09-28 17:54:39.093   921  1220 I C02d13/HDC_LOG: [async_cmd.cpp:291] ExecuteCommand cmd:param get const.product.os.dist.apiname fd:34 pid:16304
09-28 17:54:39.094   921  1220 I C02d13/HDC_LOG: [daemon_unity.cpp:486] Unity CommandDispatch command:1001 finish cid:882878072 sid:252******606(L:10)
09-28 17:54:39.094   921  1220 I C02d13/HDC_LOG: [session.cpp:1521] send heartbeat count is 139 and messages count is 13286 for session 252******606(L:10)
09-28 17:54:39.094 16304 16304 W C02d13/HDC_LOG: [async_cmd.cpp:140] SetSelinuxLabel con:u:r:su:s0 isRoot:0
09-28 17:54:39.131   921 16305 I C02d13/HDC_LOG: [async_cmd.cpp:88] FinishShellProc finish pipeRead fd:34 pid:16304 count:1
09-28 17:54:39.132   921 16305 I C02d13/HDC_LOG: [task.cpp:55] HdcTaskBase::TaskFinish notify begin type:0 cid:882878072 sid:252******606(L:10)
09-28 17:54:39.132   921 16305 I C02d13/HDC_LOG: [task.cpp:58] HdcTaskBase::TaskFinish notify end type:0 cid:882878072 sid:252******606(L:10)
09-28 17:54:39.134   921  1220 I C02d13/HDC_LOG: [daemon.cpp:1142] FetchCommand channelId:882878072 command:2
09-28 17:54:39.134   921  1220 W C02d13/HDC_LOG: [session.cpp:160] BeginRemoveTask taskType:0 channelId:882878072
09-28 17:54:39.134   921  1220 W C02d13/HDC_LOG: [session.cpp:190] ClearOwnTasks OP_CLEAR finish, sessionId:252******606(L:10) channelIDInput:882878072
09-28 17:54:39.134   921  1220 W C02d13/HDC_LOG: [session.cpp:115] taskClassDeleteRetry start clear task, taskType:0 cid:882878072 sid:252******606(L:10)
09-28 17:54:39.134   921  1220 I C02d13/HDC_LOG: [async_cmd.cpp:69] DoRelease rc:-3 pid:16304
09-28 17:54:39.134   921  1220 I C02d13/HDC_LOG: [session.cpp:126] TaskDelay task remove retry count 0/30, taskType:0 channelId:882878072, sessionId:252******606(L:10)
09-28 17:54:39.134   921  1220 I C02d13/HDC_LOG: [daemon_unity.cpp:31] ~HdcDaemonUnity cid:882878072 sid:252******606(L:10)
09-28 17:54:39.134   921  1220 I C02d13/HDC_LOG: [task.cpp:40] ~HdcTaskBase type:0 cid:882878072 sid:252******606(L:10)
09-28 17:54:39.134   921  1220 W C02d13/HDC_LOG: [session.cpp:134] TaskDelay task remove finish, channelId:882878072
09-28 17:54:39.134   921  1220 I C02d13/HDC_LOG: [base.cpp:969] before uv handle close, the uv handle type is 13
09-28 17:54:39.139   921  1220 I C02d13/HDC_LOG: [daemon.cpp:1142] FetchCommand channelId:882878072 command:2
09-28 17:54:39.442   545  1690 I C01f11/CHMG: <private> len:<private> AT< <private>
09-28 17:54:39.443   545  1690 I C01f11/CHMG: [<private>] INDM
09-28 17:54:39.443   545  1690 I C01f11/CHMG: tpye:<private>, num:<private>, sim_id:<private>
09-28 17:54:39.443   545  1690 I C01f11/CHMG: s_ind_pty[<private>]->used:<private>
09-28 17:54:39.443   545  1690 I C01f11/CHMG: get lock
09-28 17:54:39.443   545  1690 I C01f11/CHMG: PS_PTY:<private> length <private> write <:<private>
09-28 17:54:39.443   545  1690 I C01f11/CHMG: write done
09-28 17:54:39.443   545  1690 I C01f11/CHMG: free lock
09-28 17:54:39.443   769  1728 I C01f10/AT-CHANNEL: <private>: AT< <private>
09-28 17:54:39.443   769  1728 I C01f09/TELE-NETWORK: newLine = <private>
09-28 17:54:39.579   921  1220 I C02d13/HDC_LOG: [daemon.cpp:1142] FetchCommand channelId:3883219514 command:1001
09-28 17:54:39.579   921  1220 I C02d13/HDC_LOG: [session.cpp:1652] New HTaskInfo cid:3883219514 sid:252******606(L:10) command:1001
09-28 17:54:39.579   921  1220 I C02d13/HDC_LOG: [session.cpp:891] AdminTask add task type:0 cid:3883219514 sid:252******606(L:10) mapsize:2
09-28 17:54:39.579   921  1220 I C02d13/HDC_LOG: [task.cpp:34] HdcTaskBase type:0 cid:3883219514 sid:252******606(L:10)
09-28 17:54:39.579   921  1220 I C02d13/HDC_LOG: [daemon_unity.cpp:414] Unity CommandDispatch command:1001 cid:3883219514 sid:252******606(L:10)
09-28 17:54:39.579   921  1220 W C02d13/HDC_LOG: [async_cmd.cpp:114] GetDevItem false key:persist.hdc.root
09-28 17:54:39.580   921 16306 I C02d13/HDC_LOG: [async_cmd.cpp:225] Popen pipe fds[pipeRead]:34 fds[pipeWrite]:37, mode 0
09-28 17:54:39.583   921  1220 I C02d13/HDC_LOG: [async_cmd.cpp:291] ExecuteCommand cmd:param get const.product.os.dist.apiname fd:34 pid:16307
09-28 17:54:39.584   921  1220 I C02d13/HDC_LOG: [daemon_unity.cpp:486] Unity CommandDispatch command:1001 finish cid:3883219514 sid:252******606(L:10)
09-28 17:54:39.584 16307 16307 W C02d13/HDC_LOG: [async_cmd.cpp:140] SetSelinuxLabel con:u:r:su:s0 isRoot:0
09-28 17:54:39.607   613  1054 W C01f04/TelephonySubsystem: [GetSimAccountInfo-(multi_sim_controller.cpp:1079)] slotId 0 is invalid
09-28 17:54:39.607   613  1054 E C01f04/TelephonySubsystem: GetSimAccountInfo fail!
09-28 17:54:39.616   921 16308 I C02d13/HDC_LOG: [async_cmd.cpp:88] FinishShellProc finish pipeRead fd:34 pid:16307 count:1
09-28 17:54:39.616   921 16308 I C02d13/HDC_LOG: [task.cpp:55] HdcTaskBase::TaskFinish notify begin type:0 cid:3883219514 sid:252******606(L:10)
09-28 17:54:39.617   921 16308 I C02d13/HDC_LOG: [task.cpp:58] HdcTaskBase::TaskFinish notify end type:0 cid:3883219514 sid:252******606(L:10)
09-28 17:54:39.617 13127 13127 E C02c11/APPSPAWN: [appspawn_kickdog.c:29]open /sys/kernel/hungtask/userlist fail,errno:2
09-28 17:54:39.618   921  1220 I C02d13/HDC_LOG: [daemon.cpp:1142] FetchCommand channelId:3883219514 command:2
09-28 17:54:39.618   921  1220 W C02d13/HDC_LOG: [session.cpp:160] BeginRemoveTask taskType:0 channelId:3883219514
09-28 17:54:39.618   921  1220 W C02d13/HDC_LOG: [session.cpp:190] ClearOwnTasks OP_CLEAR finish, sessionId:252******606(L:10) channelIDInput:3883219514
09-28 17:54:39.618   921  1220 W C02d13/HDC_LOG: [session.cpp:115] taskClassDeleteRetry start clear task, taskType:0 cid:3883219514 sid:252******606(L:10)
09-28 17:54:39.618   921  1220 I C02d13/HDC_LOG: [async_cmd.cpp:69] DoRelease rc:-3 pid:16307
09-28 17:54:39.618   921  1220 I C02d13/HDC_LOG: [session.cpp:126] TaskDelay task remove retry count 0/30, taskType:0 channelId:3883219514, sessionId:252******606(L:10)
09-28 17:54:39.618   921  1220 I C02d13/HDC_LOG: [daemon_unity.cpp:31] ~HdcDaemonUnity cid:3883219514 sid:252******606(L:10)
09-28 17:54:39.619   921  1220 I C02d13/HDC_LOG: [task.cpp:40] ~HdcTaskBase type:0 cid:3883219514 sid:252******606(L:10)
09-28 17:54:39.619   921  1220 W C02d13/HDC_LOG: [session.cpp:134] TaskDelay task remove finish, channelId:3883219514
09-28 17:54:39.619   921  1220 I C02d13/HDC_LOG: [base.cpp:969] before uv handle close, the uv handle type is 13
09-28 17:54:39.624   921  1220 I C02d13/HDC_LOG: [daemon.cpp:1142] FetchCommand channelId:3883219514 command:2
09-28 17:54:39.763   545  1690 I C01f11/CHMG: <private> len:<private> AT< <private>
09-28 17:54:39.763   545  1690 I C01f11/CHMG: [<private>] INDM
09-28 17:54:39.763   545  1690 I C01f11/CHMG: tpye:<private>, num:<private>, sim_id:<private>
09-28 17:54:39.763   545  1690 I C01f11/CHMG: s_ind_pty[<private>]->used:<private>
09-28 17:54:39.763   545  1690 I C01f11/CHMG: get lock
09-28 17:54:39.763   545  1690 I C01f11/CHMG: PS_PTY:<private> length <private> write <:<private>
09-28 17:54:39.763   545  1690 I C01f11/CHMG: write done
09-28 17:54:39.763   545  1690 I C01f11/CHMG: free lock
09-28 17:54:39.763   769  1728 I C01f10/AT-CHANNEL: <private>: AT< <private>
09-28 17:54:39.763   769  1728 I C01f09/TELE-NETWORK: newLine = <private>
09-28 17:54:39.880   921  1220 I C02d13/HDC_LOG: [daemon.cpp:1142] FetchCommand channelId:1204093222 command:1001
09-28 17:54:39.880   921  1220 I C02d13/HDC_LOG: [session.cpp:1652] New HTaskInfo cid:1204093222 sid:252******606(L:10) command:1001
09-28 17:54:39.880   921  1220 I C02d13/HDC_LOG: [session.cpp:891] AdminTask add task type:0 cid:1204093222 sid:252******606(L:10) mapsize:2
09-28 17:54:39.880   921  1220 I C02d13/HDC_LOG: [task.cpp:34] HdcTaskBase type:0 cid:1204093222 sid:252******606(L:10)
09-28 17:54:39.880   921  1220 I C02d13/HDC_LOG: [daemon_unity.cpp:414] Unity CommandDispatch command:1001 cid:1204093222 sid:252******606(L:10)
09-28 17:54:39.880   921  1220 W C02d13/HDC_LOG: [async_cmd.cpp:114] GetDevItem false key:persist.hdc.root
09-28 17:54:39.881   921 16309 I C02d13/HDC_LOG: [async_cmd.cpp:225] Popen pipe fds[pipeRead]:34 fds[pipeWrite]:37, mode 0
09-28 17:54:39.884   921  1220 I C02d13/HDC_LOG: [async_cmd.cpp:291] ExecuteCommand cmd:param get const.product.os.dist.apiname fd:34 pid:16310
09-28 17:54:39.885   921  1220 I C02d13/HDC_LOG: [daemon_unity.cpp:486] Unity CommandDispatch command:1001 finish cid:1204093222 sid:252******606(L:10)
09-28 17:54:39.886 16310 16310 W C02d13/HDC_LOG: [async_cmd.cpp:140] SetSelinuxLabel con:u:r:su:s0 isRoot:0
09-28 17:54:39.915   921 16311 I C02d13/HDC_LOG: [async_cmd.cpp:88] FinishShellProc finish pipeRead fd:34 pid:16310 count:1
09-28 17:54:39.915   921 16311 I C02d13/HDC_LOG: [task.cpp:55] HdcTaskBase::TaskFinish notify begin type:0 cid:1204093222 sid:252******606(L:10)
09-28 17:54:39.915   921 16311 I C02d13/HDC_LOG: [task.cpp:58] HdcTaskBase::TaskFinish notify end type:0 cid:1204093222 sid:252******606(L:10)
09-28 17:54:39.917   921  1220 I C02d13/HDC_LOG: [daemon.cpp:1142] FetchCommand channelId:1204093222 command:2
09-28 17:54:39.917   921  1220 W C02d13/HDC_LOG: [session.cpp:160] BeginRemoveTask taskType:0 channelId:1204093222
09-28 17:54:39.917   921  1220 W C02d13/HDC_LOG: [session.cpp:190] ClearOwnTasks OP_CLEAR finish, sessionId:252******606(L:10) channelIDInput:1204093222
09-28 17:54:39.917   921  1220 W C02d13/HDC_LOG: [session.cpp:115] taskClassDeleteRetry start clear task, taskType:0 cid:1204093222 sid:252******606(L:10)
09-28 17:54:39.917   921  1220 I C02d13/HDC_LOG: [async_cmd.cpp:69] DoRelease rc:-3 pid:16310
09-28 17:54:39.918   921  1220 I C02d13/HDC_LOG: [session.cpp:126] TaskDelay task remove retry count 0/30, taskType:0 channelId:1204093222, sessionId:252******606(L:10)
09-28 17:54:39.918   921  1220 I C02d13/HDC_LOG: [daemon_unity.cpp:31] ~HdcDaemonUnity cid:1204093222 sid:252******606(L:10)
09-28 17:54:39.918   921  1220 I C02d13/HDC_LOG: [task.cpp:40] ~HdcTaskBase type:0 cid:1204093222 sid:252******606(L:10)
09-28 17:54:39.918   921  1220 W C02d13/HDC_LOG: [session.cpp:134] TaskDelay task remove finish, channelId:1204093222
09-28 17:54:39.918   921  1220 I C02d13/HDC_LOG: [base.cpp:969] before uv handle close, the uv handle type is 13
09-28 17:54:39.922   921  1220 I C02d13/HDC_LOG: [daemon.cpp:1142] FetchCommand channelId:1204093222 command:2
09-28 17:54:39.925   921  1220 I C02d13/HDC_LOG: [daemon.cpp:1142] FetchCommand channelId:1599679928 command:1001
09-28 17:54:39.925   921  1220 I C02d13/HDC_LOG: [session.cpp:1652] New HTaskInfo cid:1599679928 sid:252******606(L:10) command:1001
09-28 17:54:39.925   921  1220 I C02d13/HDC_LOG: [session.cpp:891] AdminTask add task type:0 cid:1599679928 sid:252******606(L:10) mapsize:2
09-28 17:54:39.925   921  1220 I C02d13/HDC_LOG: [task.cpp:34] HdcTaskBase type:0 cid:1599679928 sid:252******606(L:10)
09-28 17:54:39.925   921  1220 I C02d13/HDC_LOG: [daemon_unity.cpp:414] Unity CommandDispatch command:1001 cid:1599679928 sid:252******606(L:10)
09-28 17:54:39.925   921  1220 W C02d13/HDC_LOG: [async_cmd.cpp:114] GetDevItem false key:persist.hdc.root
09-28 17:54:39.926   921 16312 I C02d13/HDC_LOG: [async_cmd.cpp:225] Popen pipe fds[pipeRead]:34 fds[pipeWrite]:37, mode 0
09-28 17:54:39.929   921  1220 I C02d13/HDC_LOG: [async_cmd.cpp:291] ExecuteCommand cmd:param get const.product.os.dist.apiname fd:34 pid:16313
09-28 17:54:39.930   921  1220 I C02d13/HDC_LOG: [daemon_unity.cpp:486] Unity CommandDispatch command:1001 finish cid:1599679928 sid:252******606(L:10)
09-28 17:54:39.931 16313 16313 W C02d13/HDC_LOG: [async_cmd.cpp:140] SetSelinuxLabel con:u:r:su:s0 isRoot:0
09-28 17:54:39.970   921 16314 I C02d13/HDC_LOG: [async_cmd.cpp:88] FinishShellProc finish pipeRead fd:34 pid:16313 count:1
09-28 17:54:39.970   921 16314 I C02d13/HDC_LOG: [task.cpp:55] HdcTaskBase::TaskFinish notify begin type:0 cid:1599679928 sid:252******606(L:10)
09-28 17:54:39.971   921 16314 I C02d13/HDC_LOG: [task.cpp:58] HdcTaskBase::TaskFinish notify end type:0 cid:1599679928 sid:252******606(L:10)
09-28 17:54:39.973   921  1220 I C02d13/HDC_LOG: [daemon.cpp:1142] FetchCommand channelId:1599679928 command:2
09-28 17:54:39.973   921  1220 W C02d13/HDC_LOG: [session.cpp:160] BeginRemoveTask taskType:0 channelId:1599679928
09-28 17:54:39.973   921  1220 W C02d13/HDC_LOG: [session.cpp:190] ClearOwnTasks OP_CLEAR finish, sessionId:252******606(L:10) channelIDInput:1599679928
09-28 17:54:39.973   921  1220 W C02d13/HDC_LOG: [session.cpp:115] taskClassDeleteRetry start clear task, taskType:0 cid:1599679928 sid:252******606(L:10)
09-28 17:54:39.973   921  1220 I C02d13/HDC_LOG: [async_cmd.cpp:69] DoRelease rc:-3 pid:16313
09-28 17:54:39.973   921  1220 I C02d13/HDC_LOG: [session.cpp:126] TaskDelay task remove retry count 0/30, taskType:0 channelId:1599679928, sessionId:252******606(L:10)
09-28 17:54:39.973   921  1220 I C02d13/HDC_LOG: [daemon_unity.cpp:31] ~HdcDaemonUnity cid:1599679928 sid:252******606(L:10)
09-28 17:54:39.973   921  1220 I C02d13/HDC_LOG: [task.cpp:40] ~HdcTaskBase type:0 cid:1599679928 sid:252******606(L:10)
09-28 17:54:39.973   921  1220 W C02d13/HDC_LOG: [session.cpp:134] TaskDelay task remove finish, channelId:1599679928
09-28 17:54:39.973   921  1220 I C02d13/HDC_LOG: [base.cpp:969] before uv handle close, the uv handle type is 13
09-28 17:54:39.978   921  1220 I C02d13/HDC_LOG: [daemon.cpp:1142] FetchCommand channelId:1599679928 command:2
09-28 17:54:39.982   921  1220 I C02d13/HDC_LOG: [daemon.cpp:1142] FetchCommand channelId:1121549984 command:1001
09-28 17:54:39.982   921  1220 I C02d13/HDC_LOG: [session.cpp:1652] New HTaskInfo cid:1121549984 sid:252******606(L:10) command:1001
09-28 17:54:39.982   921  1220 I C02d13/HDC_LOG: [session.cpp:891] AdminTask add task type:0 cid:1121549984 sid:252******606(L:10) mapsize:2
09-28 17:54:39.982   921  1220 I C02d13/HDC_LOG: [task.cpp:34] HdcTaskBase type:0 cid:1121549984 sid:252******606(L:10)
09-28 17:54:39.982   921  1220 I C02d13/HDC_LOG: [daemon_unity.cpp:414] Unity CommandDispatch command:1001 cid:1121549984 sid:252******606(L:10)
09-28 17:54:39.982   921  1220 W C02d13/HDC_LOG: [async_cmd.cpp:114] GetDevItem false key:persist.hdc.root
09-28 17:54:39.983   921 16315 I C02d13/HDC_LOG: [async_cmd.cpp:225] Popen pipe fds[pipeRead]:34 fds[pipeWrite]:37, mode 0
09-28 17:54:39.986   921  1220 I C02d13/HDC_LOG: [async_cmd.cpp:291] ExecuteCommand cmd:param get const.product.os.dist.apiname fd:34 pid:16316
09-28 17:54:39.987   921  1220 I C02d13/HDC_LOG: [daemon_unity.cpp:486] Unity CommandDispatch command:1001 finish cid:1121549984 sid:252******606(L:10)
09-28 17:54:39.987 16316 16316 W C02d13/HDC_LOG: [async_cmd.cpp:140] SetSelinuxLabel con:u:r:su:s0 isRoot:0
09-28 17:54:40.017   921 16317 I C02d13/HDC_LOG: [async_cmd.cpp:88] FinishShellProc finish pipeRead fd:34 pid:16316 count:1
09-28 17:54:40.017   921 16317 I C02d13/HDC_LOG: [task.cpp:55] HdcTaskBase::TaskFinish notify begin type:0 cid:1121549984 sid:252******606(L:10)
09-28 17:54:40.017   921 16317 I C02d13/HDC_LOG: [task.cpp:58] HdcTaskBase::TaskFinish notify end type:0 cid:1121549984 sid:252******606(L:10)
09-28 17:54:40.019   921  1220 I C02d13/HDC_LOG: [daemon.cpp:1142] FetchCommand channelId:1121549984 command:2
09-28 17:54:40.019   921  1220 W C02d13/HDC_LOG: [session.cpp:160] BeginRemoveTask taskType:0 channelId:1121549984
09-28 17:54:40.019   921  1220 W C02d13/HDC_LOG: [session.cpp:190] ClearOwnTasks OP_CLEAR finish, sessionId:252******606(L:10) channelIDInput:1121549984
09-28 17:54:40.019   921  1220 W C02d13/HDC_LOG: [session.cpp:115] taskClassDeleteRetry start clear task, taskType:0 cid:1121549984 sid:252******606(L:10)
09-28 17:54:40.019   921  1220 I C02d13/HDC_LOG: [async_cmd.cpp:69] DoRelease rc:-3 pid:16316
09-28 17:54:40.020   921  1220 I C02d13/HDC_LOG: [session.cpp:126] TaskDelay task remove retry count 0/30, taskType:0 channelId:1121549984, sessionId:252******606(L:10)
09-28 17:54:40.020   921  1220 I C02d13/HDC_LOG: [daemon_unity.cpp:31] ~HdcDaemonUnity cid:1121549984 sid:252******606(L:10)
09-28 17:54:40.020   921  1220 I C02d13/HDC_LOG: [task.cpp:40] ~HdcTaskBase type:0 cid:1121549984 sid:252******606(L:10)
09-28 17:54:40.020   921  1220 W C02d13/HDC_LOG: [session.cpp:134] TaskDelay task remove finish, channelId:1121549984
09-28 17:54:40.020   921  1220 I C02d13/HDC_LOG: [base.cpp:969] before uv handle close, the uv handle type is 13
09-28 17:54:40.025   921  1220 I C02d13/HDC_LOG: [daemon.cpp:1142] FetchCommand channelId:1121549984 command:2
09-28 17:54:40.059   921  1220 I C02d13/HDC_LOG: [daemon.cpp:1142] FetchCommand channelId:295041057 command:1001
09-28 17:54:40.059   921  1220 I C02d13/HDC_LOG: [session.cpp:1652] New HTaskInfo cid:295041057 sid:252******606(L:10) command:1001
09-28 17:54:40.060   921  1220 I C02d13/HDC_LOG: [session.cpp:891] AdminTask add task type:0 cid:295041057 sid:252******606(L:10) mapsize:2
09-28 17:54:40.060   921  1220 I C02d13/HDC_LOG: [task.cpp:34] HdcTaskBase type:0 cid:295041057 sid:252******606(L:10)
09-28 17:54:40.060   921  1220 I C02d13/HDC_LOG: [daemon_unity.cpp:414] Unity CommandDispatch command:1001 cid:295041057 sid:252******606(L:10)
09-28 17:54:40.060   921  1220 W C02d13/HDC_LOG: [async_cmd.cpp:114] GetDevItem false key:persist.hdc.root
09-28 17:54:40.060   921 16318 I C02d13/HDC_LOG: [async_cmd.cpp:225] Popen pipe fds[pipeRead]:34 fds[pipeWrite]:37, mode 0
09-28 17:54:40.064   921  1220 I C02d13/HDC_LOG: [async_cmd.cpp:291] ExecuteCommand cmd:param get const.product.os.dist.apiname fd:34 pid:16319
09-28 17:54:40.064   921  1220 I C02d13/HDC_LOG: [daemon_unity.cpp:486] Unity CommandDispatch command:1001 finish cid:295041057 sid:252******606(L:10)
09-28 17:54:40.065 16319 16319 W C02d13/HDC_LOG: [async_cmd.cpp:140] SetSelinuxLabel con:u:r:su:s0 isRoot:0
09-28 17:54:40.082   545  1690 I C01f11/CHMG: <private> len:<private> AT< <private>
09-28 17:54:40.082   545  1690 I C01f11/CHMG: [<private>] INDM
09-28 17:54:40.082   545  1690 I C01f11/CHMG: tpye:<private>, num:<private>, sim_id:<private>
09-28 17:54:40.082   545  1690 I C01f11/CHMG: s_ind_pty[<private>]->used:<private>
09-28 17:54:40.082   545  1690 I C01f11/CHMG: get lock
09-28 17:54:40.082   545  1690 I C01f11/CHMG: PS_PTY:<private> length <private> write <:<private>
09-28 17:54:40.082   545  1690 I C01f11/CHMG: write done
09-28 17:54:40.082   545  1690 I C01f11/CHMG: free lock
09-28 17:54:40.082   769  1728 I C01f10/AT-CHANNEL: <private>: AT< <private>
09-28 17:54:40.082   769  1728 I C01f09/TELE-NETWORK: newLine = <private>
09-28 17:54:40.096   921 16320 I C02d13/HDC_LOG: [async_cmd.cpp:88] FinishShellProc finish pipeRead fd:34 pid:16319 count:1
09-28 17:54:40.096   921 16320 I C02d13/HDC_LOG: [task.cpp:55] HdcTaskBase::TaskFinish notify begin type:0 cid:295041057 sid:252******606(L:10)
09-28 17:54:40.096   921 16320 I C02d13/HDC_LOG: [task.cpp:58] HdcTaskBase::TaskFinish notify end type:0 cid:295041057 sid:252******606(L:10)
09-28 17:54:40.098   921  1220 I C02d13/HDC_LOG: [daemon.cpp:1142] FetchCommand channelId:295041057 command:2
09-28 17:54:40.098   921  1220 W C02d13/HDC_LOG: [session.cpp:160] BeginRemoveTask taskType:0 channelId:295041057
09-28 17:54:40.098   921  1220 W C02d13/HDC_LOG: [session.cpp:190] ClearOwnTasks OP_CLEAR finish, sessionId:252******606(L:10) channelIDInput:295041057
09-28 17:54:40.098   921  1220 W C02d13/HDC_LOG: [session.cpp:115] taskClassDeleteRetry start clear task, taskType:0 cid:295041057 sid:252******606(L:10)
09-28 17:54:40.098   921  1220 I C02d13/HDC_LOG: [async_cmd.cpp:69] DoRelease rc:-3 pid:16319
09-28 17:54:40.099   921  1220 I C02d13/HDC_LOG: [session.cpp:126] TaskDelay task remove retry count 0/30, taskType:0 channelId:295041057, sessionId:252******606(L:10)
09-28 17:54:40.099   921  1220 I C02d13/HDC_LOG: [daemon_unity.cpp:31] ~HdcDaemonUnity cid:295041057 sid:252******606(L:10)
09-28 17:54:40.099   921  1220 I C02d13/HDC_LOG: [task.cpp:40] ~HdcTaskBase type:0 cid:295041057 sid:252******606(L:10)
09-28 17:54:40.099   921  1220 W C02d13/HDC_LOG: [session.cpp:134] TaskDelay task remove finish, channelId:295041057
09-28 17:54:40.099   921  1220 I C02d13/HDC_LOG: [base.cpp:969] before uv handle close, the uv handle type is 13
09-28 17:54:40.103   921  1220 I C02d13/HDC_LOG: [daemon.cpp:1142] FetchCommand channelId:295041057 command:2
09-28 17:54:40.211   921  1220 I C02d13/HDC_LOG: [daemon.cpp:1142] FetchCommand channelId:634701997 command:1001
09-28 17:54:40.211   921  1220 I C02d13/HDC_LOG: [session.cpp:1652] New HTaskInfo cid:634701997 sid:252******606(L:10) command:1001
09-28 17:54:40.211   921  1220 I C02d13/HDC_LOG: [session.cpp:891] AdminTask add task type:0 cid:634701997 sid:252******606(L:10) mapsize:2
09-28 17:54:40.211   921  1220 I C02d13/HDC_LOG: [task.cpp:34] HdcTaskBase type:0 cid:634701997 sid:252******606(L:10)
09-28 17:54:40.211   921  1220 I C02d13/HDC_LOG: [daemon_unity.cpp:414] Unity CommandDispatch command:1001 cid:634701997 sid:252******606(L:10)
09-28 17:54:40.211   921  1220 W C02d13/HDC_LOG: [async_cmd.cpp:114] GetDevItem false key:persist.hdc.root
09-28 17:54:40.212   921 16321 I C02d13/HDC_LOG: [async_cmd.cpp:225] Popen pipe fds[pipeRead]:34 fds[pipeWrite]:37, mode 0
09-28 17:54:40.216   921  1220 I C02d13/HDC_LOG: [async_cmd.cpp:291] ExecuteCommand cmd:param get const.product.os.dist.apiname fd:34 pid:16322
09-28 17:54:40.216   921  1220 I C02d13/HDC_LOG: [daemon_unity.cpp:486] Unity CommandDispatch command:1001 finish cid:634701997 sid:252******606(L:10)
09-28 17:54:40.217 16322 16322 W C02d13/HDC_LOG: [async_cmd.cpp:140] SetSelinuxLabel con:u:r:su:s0 isRoot:0
09-28 17:54:40.253   921 16323 I C02d13/HDC_LOG: [async_cmd.cpp:88] FinishShellProc finish pipeRead fd:34 pid:16322 count:1
09-28 17:54:40.253   921 16323 I C02d13/HDC_LOG: [task.cpp:55] HdcTaskBase::TaskFinish notify begin type:0 cid:634701997 sid:252******606(L:10)
09-28 17:54:40.253   921 16323 I C02d13/HDC_LOG: [task.cpp:58] HdcTaskBase::TaskFinish notify end type:0 cid:634701997 sid:252******606(L:10)
09-28 17:54:40.255   921  1220 I C02d13/HDC_LOG: [daemon.cpp:1142] FetchCommand channelId:634701997 command:2
09-28 17:54:40.255   921  1220 W C02d13/HDC_LOG: [session.cpp:160] BeginRemoveTask taskType:0 channelId:634701997
09-28 17:54:40.255   921  1220 W C02d13/HDC_LOG: [session.cpp:190] ClearOwnTasks OP_CLEAR finish, sessionId:252******606(L:10) channelIDInput:634701997
09-28 17:54:40.255   921  1220 W C02d13/HDC_LOG: [session.cpp:115] taskClassDeleteRetry start clear task, taskType:0 cid:634701997 sid:252******606(L:10)
09-28 17:54:40.255   921  1220 I C02d13/HDC_LOG: [async_cmd.cpp:69] DoRelease rc:-3 pid:16322
09-28 17:54:40.255   921  1220 I C02d13/HDC_LOG: [session.cpp:126] TaskDelay task remove retry count 0/30, taskType:0 channelId:634701997, sessionId:252******606(L:10)
09-28 17:54:40.255   921  1220 I C02d13/HDC_LOG: [daemon_unity.cpp:31] ~HdcDaemonUnity cid:634701997 sid:252******606(L:10)
09-28 17:54:40.255   921  1220 I C02d13/HDC_LOG: [task.cpp:40] ~HdcTaskBase type:0 cid:634701997 sid:252******606(L:10)
09-28 17:54:40.255   921  1220 W C02d13/HDC_LOG: [session.cpp:134] TaskDelay task remove finish, channelId:634701997
09-28 17:54:40.255   921  1220 I C02d13/HDC_LOG: [base.cpp:969] before uv handle close, the uv handle type is 13
09-28 17:54:40.260   921  1220 I C02d13/HDC_LOG: [daemon.cpp:1142] FetchCommand channelId:634701997 command:2
09-28 17:54:40.263   921  1220 I C02d13/HDC_LOG: [daemon.cpp:1142] FetchCommand channelId:2639496946 command:1001
09-28 17:54:40.263   921  1220 I C02d13/HDC_LOG: [session.cpp:1652] New HTaskInfo cid:2639496946 sid:252******606(L:10) command:1001
09-28 17:54:40.263   921  1220 I C02d13/HDC_LOG: [session.cpp:891] AdminTask add task type:0 cid:2639496946 sid:252******606(L:10) mapsize:2
09-28 17:54:40.263   921  1220 I C02d13/HDC_LOG: [task.cpp:34] HdcTaskBase type:0 cid:2639496946 sid:252******606(L:10)
09-28 17:54:40.263   921  1220 I C02d13/HDC_LOG: [daemon_unity.cpp:414] Unity CommandDispatch command:1001 cid:2639496946 sid:252******606(L:10)
09-28 17:54:40.263   921  1220 W C02d13/HDC_LOG: [async_cmd.cpp:114] GetDevItem false key:persist.hdc.root
09-28 17:54:40.263   921 16324 I C02d13/HDC_LOG: [async_cmd.cpp:225] Popen pipe fds[pipeRead]:34 fds[pipeWrite]:37, mode 0
09-28 17:54:40.265   921  1220 I C02d13/HDC_LOG: [async_cmd.cpp:291] ExecuteCommand cmd:param get const.product.os.dist.apiname fd:34 pid:16325
09-28 17:54:40.266 16325 16325 W C02d13/HDC_LOG: [async_cmd.cpp:140] SetSelinuxLabel con:u:r:su:s0 isRoot:0
09-28 17:54:40.266   921  1220 I C02d13/HDC_LOG: [daemon_unity.cpp:486] Unity CommandDispatch command:1001 finish cid:2639496946 sid:252******606(L:10)
09-28 17:54:40.285   921 16326 I C02d13/HDC_LOG: [async_cmd.cpp:88] FinishShellProc finish pipeRead fd:34 pid:16325 count:1
09-28 17:54:40.285   921 16326 I C02d13/HDC_LOG: [task.cpp:55] HdcTaskBase::TaskFinish notify begin type:0 cid:2639496946 sid:252******606(L:10)
09-28 17:54:40.285   921 16326 I C02d13/HDC_LOG: [task.cpp:58] HdcTaskBase::TaskFinish notify end type:0 cid:2639496946 sid:252******606(L:10)
09-28 17:54:40.287   921  1220 I C02d13/HDC_LOG: [daemon.cpp:1142] FetchCommand channelId:2639496946 command:2
09-28 17:54:40.287   921  1220 W C02d13/HDC_LOG: [session.cpp:160] BeginRemoveTask taskType:0 channelId:2639496946
09-28 17:54:40.287   921  1220 W C02d13/HDC_LOG: [session.cpp:190] ClearOwnTasks OP_CLEAR finish, sessionId:252******606(L:10) channelIDInput:2639496946
09-28 17:54:40.287   921  1220 W C02d13/HDC_LOG: [session.cpp:115] taskClassDeleteRetry start clear task, taskType:0 cid:2639496946 sid:252******606(L:10)
09-28 17:54:40.287   921  1220 I C02d13/HDC_LOG: [async_cmd.cpp:69] DoRelease rc:-3 pid:16325
09-28 17:54:40.287   921  1220 I C02d13/HDC_LOG: [session.cpp:126] TaskDelay task remove retry count 0/30, taskType:0 channelId:2639496946, sessionId:252******606(L:10)
09-28 17:54:40.287   921  1220 I C02d13/HDC_LOG: [daemon_unity.cpp:31] ~HdcDaemonUnity cid:2639496946 sid:252******606(L:10)
09-28 17:54:40.287   921  1220 I C02d13/HDC_LOG: [task.cpp:40] ~HdcTaskBase type:0 cid:2639496946 sid:252******606(L:10)
09-28 17:54:40.287   921  1220 W C02d13/HDC_LOG: [session.cpp:134] TaskDelay task remove finish, channelId:2639496946
09-28 17:54:40.287   921  1220 I C02d13/HDC_LOG: [base.cpp:969] before uv handle close, the uv handle type is 13
09-28 17:54:40.292   921  1220 I C02d13/HDC_LOG: [daemon.cpp:1142] FetchCommand channelId:2639496946 command:2
09-28 17:54:40.722   545  1690 I C01f11/CHMG: <private> len:<private> AT< <private>
09-28 17:54:40.722   545  1690 I C01f11/CHMG: [<private>] INDM
09-28 17:54:40.722   545  1690 I C01f11/CHMG: tpye:<private>, num:<private>, sim_id:<private>
09-28 17:54:40.722   545  1690 I C01f11/CHMG: s_ind_pty[<private>]->used:<private>
09-28 17:54:40.722   545  1690 I C01f11/CHMG: get lock
09-28 17:54:40.722   545  1690 I C01f11/CHMG: PS_PTY:<private> length <private> write <:<private>
09-28 17:54:40.722   545  1690 I C01f11/CHMG: write done
09-28 17:54:40.722   545  1690 I C01f11/CHMG: free lock
09-28 17:54:40.722   769  1728 I C01f10/AT-CHANNEL: <private>: AT< <private>
09-28 17:54:40.722   769  1728 I C01f09/TELE-NETWORK: newLine = <private>
09-28 17:54:40.847   921  1220 I C02d13/HDC_LOG: [daemon.cpp:1142] FetchCommand channelId:2107632253 command:1001
09-28 17:54:40.847   921  1220 I C02d13/HDC_LOG: [session.cpp:1652] New HTaskInfo cid:2107632253 sid:252******606(L:10) command:1001
09-28 17:54:40.847   921  1220 I C02d13/HDC_LOG: [session.cpp:891] AdminTask add task type:0 cid:2107632253 sid:252******606(L:10) mapsize:2
09-28 17:54:40.847   921  1220 I C02d13/HDC_LOG: [task.cpp:34] HdcTaskBase type:0 cid:2107632253 sid:252******606(L:10)
09-28 17:54:40.847   921  1220 I C02d13/HDC_LOG: [daemon_unity.cpp:414] Unity CommandDispatch command:1001 cid:2107632253 sid:252******606(L:10)
09-28 17:54:40.847   921  1220 W C02d13/HDC_LOG: [async_cmd.cpp:114] GetDevItem false key:persist.hdc.root
09-28 17:54:40.848   921 16327 I C02d13/HDC_LOG: [async_cmd.cpp:225] Popen pipe fds[pipeRead]:34 fds[pipeWrite]:37, mode 0
09-28 17:54:40.849   921  1220 I C02d13/HDC_LOG: [async_cmd.cpp:291] ExecuteCommand cmd:param get const.product.os.dist.apiname fd:34 pid:16328
09-28 17:54:40.850 16328 16328 W C02d13/HDC_LOG: [async_cmd.cpp:140] SetSelinuxLabel con:u:r:su:s0 isRoot:0
09-28 17:54:40.850   921  1220 I C02d13/HDC_LOG: [daemon_unity.cpp:486] Unity CommandDispatch command:1001 finish cid:2107632253 sid:252******606(L:10)
09-28 17:54:40.869   921 16329 I C02d13/HDC_LOG: [async_cmd.cpp:88] FinishShellProc finish pipeRead fd:34 pid:16328 count:1
09-28 17:54:40.869   921 16329 I C02d13/HDC_LOG: [task.cpp:55] HdcTaskBase::TaskFinish notify begin type:0 cid:2107632253 sid:252******606(L:10)
09-28 17:54:40.870   921 16329 I C02d13/HDC_LOG: [task.cpp:58] HdcTaskBase::TaskFinish notify end type:0 cid:2107632253 sid:252******606(L:10)
09-28 17:54:40.872   921  1220 I C02d13/HDC_LOG: [daemon.cpp:1142] FetchCommand channelId:2107632253 command:2
09-28 17:54:40.872   921  1220 W C02d13/HDC_LOG: [session.cpp:160] BeginRemoveTask taskType:0 channelId:2107632253
09-28 17:54:40.872   921  1220 W C02d13/HDC_LOG: [session.cpp:190] ClearOwnTasks OP_CLEAR finish, sessionId:252******606(L:10) channelIDInput:2107632253
09-28 17:54:40.872   921  1220 W C02d13/HDC_LOG: [session.cpp:115] taskClassDeleteRetry start clear task, taskType:0 cid:2107632253 sid:252******606(L:10)
09-28 17:54:40.872   921  1220 I C02d13/HDC_LOG: [async_cmd.cpp:69] DoRelease rc:-3 pid:16328
09-28 17:54:40.872   921  1220 I C02d13/HDC_LOG: [session.cpp:126] TaskDelay task remove retry count 0/30, taskType:0 channelId:2107632253, sessionId:252******606(L:10)
09-28 17:54:40.872   921  1220 I C02d13/HDC_LOG: [daemon_unity.cpp:31] ~HdcDaemonUnity cid:2107632253 sid:252******606(L:10)
09-28 17:54:40.872   921  1220 I C02d13/HDC_LOG: [task.cpp:40] ~HdcTaskBase type:0 cid:2107632253 sid:252******606(L:10)
09-28 17:54:40.872   921  1220 W C02d13/HDC_LOG: [session.cpp:134] TaskDelay task remove finish, channelId:2107632253
09-28 17:54:40.872   921  1220 I C02d13/HDC_LOG: [base.cpp:969] before uv handle close, the uv handle type is 13
09-28 17:54:40.877   921  1220 I C02d13/HDC_LOG: [daemon.cpp:1142] FetchCommand channelId:2107632253 command:2
09-28 17:54:40.886   774  1107 E C02943/ThermalHdi: create output dir failed
09-28 17:54:40.886   774  1107 E C02943/ThermalHdi: open uncompressfile failed
09-28 17:54:41.005   921  1220 I C02d13/HDC_LOG: [daemon.cpp:1142] FetchCommand channelId:416979551 command:1001
09-28 17:54:41.005   921  1220 I C02d13/HDC_LOG: [session.cpp:1652] New HTaskInfo cid:416979551 sid:252******606(L:10) command:1001
09-28 17:54:41.006   921  1220 I C02d13/HDC_LOG: [session.cpp:891] AdminTask add task type:0 cid:416979551 sid:252******606(L:10) mapsize:2
09-28 17:54:41.006   921  1220 I C02d13/HDC_LOG: [task.cpp:34] HdcTaskBase type:0 cid:416979551 sid:252******606(L:10)
09-28 17:54:41.006   921  1220 I C02d13/HDC_LOG: [daemon_unity.cpp:414] Unity CommandDispatch command:1001 cid:416979551 sid:252******606(L:10)
09-28 17:54:41.006   921  1220 W C02d13/HDC_LOG: [async_cmd.cpp:114] GetDevItem false key:persist.hdc.root
09-28 17:54:41.006   921 16330 I C02d13/HDC_LOG: [async_cmd.cpp:225] Popen pipe fds[pipeRead]:34 fds[pipeWrite]:37, mode 0
09-28 17:54:41.008   921  1220 I C02d13/HDC_LOG: [async_cmd.cpp:291] ExecuteCommand cmd:param get const.product.os.dist.apiname fd:34 pid:16331
09-28 17:54:41.008 16331 16331 W C02d13/HDC_LOG: [async_cmd.cpp:140] SetSelinuxLabel con:u:r:su:s0 isRoot:0
09-28 17:54:41.009   921  1220 I C02d13/HDC_LOG: [daemon_unity.cpp:486] Unity CommandDispatch command:1001 finish cid:416979551 sid:252******606(L:10)
09-28 17:54:41.027   921 16332 I C02d13/HDC_LOG: [async_cmd.cpp:88] FinishShellProc finish pipeRead fd:34 pid:16331 count:1
09-28 17:54:41.028   921 16332 I C02d13/HDC_LOG: [task.cpp:55] HdcTaskBase::TaskFinish notify begin type:0 cid:416979551 sid:252******606(L:10)
09-28 17:54:41.028   921 16332 I C02d13/HDC_LOG: [task.cpp:58] HdcTaskBase::TaskFinish notify end type:0 cid:416979551 sid:252******606(L:10)
09-28 17:54:41.030   921  1220 I C02d13/HDC_LOG: [daemon.cpp:1142] FetchCommand channelId:416979551 command:2
09-28 17:54:41.030   921  1220 W C02d13/HDC_LOG: [session.cpp:160] BeginRemoveTask taskType:0 channelId:416979551
09-28 17:54:41.030   921  1220 W C02d13/HDC_LOG: [session.cpp:190] ClearOwnTasks OP_CLEAR finish, sessionId:252******606(L:10) channelIDInput:416979551
09-28 17:54:41.030   921  1220 W C02d13/HDC_LOG: [session.cpp:115] taskClassDeleteRetry start clear task, taskType:0 cid:416979551 sid:252******606(L:10)
09-28 17:54:41.030   921  1220 I C02d13/HDC_LOG: [async_cmd.cpp:69] DoRelease rc:-3 pid:16331
09-28 17:54:41.030   921  1220 I C02d13/HDC_LOG: [session.cpp:126] TaskDelay task remove retry count 0/30, taskType:0 channelId:416979551, sessionId:252******606(L:10)
09-28 17:54:41.030   921  1220 I C02d13/HDC_LOG: [daemon_unity.cpp:31] ~HdcDaemonUnity cid:416979551 sid:252******606(L:10)
09-28 17:54:41.030   921  1220 I C02d13/HDC_LOG: [task.cpp:40] ~HdcTaskBase type:0 cid:416979551 sid:252******606(L:10)
09-28 17:54:41.030   921  1220 W C02d13/HDC_LOG: [session.cpp:134] TaskDelay task remove finish, channelId:416979551
09-28 17:54:41.030   921  1220 I C02d13/HDC_LOG: [base.cpp:969] before uv handle close, the uv handle type is 13
09-28 17:54:41.034   921  1220 I C02d13/HDC_LOG: [daemon.cpp:1142] FetchCommand channelId:416979551 command:2
09-28 17:54:41.466   921  1220 I C02d13/HDC_LOG: [daemon.cpp:1142] FetchCommand channelId:2125873870 command:1001
09-28 17:54:41.467   921  1220 I C02d13/HDC_LOG: [session.cpp:1652] New HTaskInfo cid:2125873870 sid:252******606(L:10) command:1001
09-28 17:54:41.467   921  1220 I C02d13/HDC_LOG: [session.cpp:891] AdminTask add task type:0 cid:2125873870 sid:252******606(L:10) mapsize:2
09-28 17:54:41.467   921  1220 I C02d13/HDC_LOG: [task.cpp:34] HdcTaskBase type:0 cid:2125873870 sid:252******606(L:10)
09-28 17:54:41.467   921  1220 I C02d13/HDC_LOG: [daemon_unity.cpp:414] Unity CommandDispatch command:1001 cid:2125873870 sid:252******606(L:10)
09-28 17:54:41.467   921  1220 W C02d13/HDC_LOG: [async_cmd.cpp:114] GetDevItem false key:persist.hdc.root
09-28 17:54:41.467   921 16333 I C02d13/HDC_LOG: [async_cmd.cpp:225] Popen pipe fds[pipeRead]:34 fds[pipeWrite]:37, mode 0
09-28 17:54:41.469   921  1220 I C02d13/HDC_LOG: [async_cmd.cpp:291] ExecuteCommand cmd:param get const.product.os.dist.apiname fd:34 pid:16334
09-28 17:54:41.469 16334 16334 W C02d13/HDC_LOG: [async_cmd.cpp:140] SetSelinuxLabel con:u:r:su:s0 isRoot:0
09-28 17:54:41.469   921  1220 I C02d13/HDC_LOG: [daemon_unity.cpp:486] Unity CommandDispatch command:1001 finish cid:2125873870 sid:252******606(L:10)
09-28 17:54:41.489   921 16335 I C02d13/HDC_LOG: [async_cmd.cpp:88] FinishShellProc finish pipeRead fd:34 pid:16334 count:1
09-28 17:54:41.489   921 16335 I C02d13/HDC_LOG: [task.cpp:55] HdcTaskBase::TaskFinish notify begin type:0 cid:2125873870 sid:252******606(L:10)
09-28 17:54:41.490   921 16335 I C02d13/HDC_LOG: [task.cpp:58] HdcTaskBase::TaskFinish notify end type:0 cid:2125873870 sid:252******606(L:10)
09-28 17:54:41.491   921  1220 I C02d13/HDC_LOG: [daemon.cpp:1142] FetchCommand channelId:2125873870 command:2
09-28 17:54:41.491   921  1220 W C02d13/HDC_LOG: [session.cpp:160] BeginRemoveTask taskType:0 channelId:2125873870
09-28 17:54:41.491   921  1220 W C02d13/HDC_LOG: [session.cpp:190] ClearOwnTasks OP_CLEAR finish, sessionId:252******606(L:10) channelIDInput:2125873870
09-28 17:54:41.491   921  1220 W C02d13/HDC_LOG: [session.cpp:115] taskClassDeleteRetry start clear task, taskType:0 cid:2125873870 sid:252******606(L:10)
09-28 17:54:41.492   921  1220 I C02d13/HDC_LOG: [async_cmd.cpp:69] DoRelease rc:-3 pid:16334
09-28 17:54:41.492   921  1220 I C02d13/HDC_LOG: [session.cpp:126] TaskDelay task remove retry count 0/30, taskType:0 channelId:2125873870, sessionId:252******606(L:10)
09-28 17:54:41.492   921  1220 I C02d13/HDC_LOG: [daemon_unity.cpp:31] ~HdcDaemonUnity cid:2125873870 sid:252******606(L:10)
09-28 17:54:41.492   921  1220 I C02d13/HDC_LOG: [task.cpp:40] ~HdcTaskBase type:0 cid:2125873870 sid:252******606(L:10)
09-28 17:54:41.492   921  1220 W C02d13/HDC_LOG: [session.cpp:134] TaskDelay task remove finish, channelId:2125873870
09-28 17:54:41.492   921  1220 I C02d13/HDC_LOG: [base.cpp:969] before uv handle close, the uv handle type is 13
09-28 17:54:41.497   921  1220 I C02d13/HDC_LOG: [daemon.cpp:1142] FetchCommand channelId:2125873870 command:2
09-28 17:54:41.889   921  1220 I C02d13/HDC_LOG: [daemon.cpp:1142] FetchCommand channelId:2300638386 command:1001
09-28 17:54:41.889   921  1220 I C02d13/HDC_LOG: [session.cpp:1652] New HTaskInfo cid:2300638386 sid:252******606(L:10) command:1001
09-28 17:54:41.889   921  1220 I C02d13/HDC_LOG: [session.cpp:891] AdminTask add task type:0 cid:2300638386 sid:252******606(L:10) mapsize:2
09-28 17:54:41.889   921  1220 I C02d13/HDC_LOG: [task.cpp:34] HdcTaskBase type:0 cid:2300638386 sid:252******606(L:10)
09-28 17:54:41.889   921  1220 I C02d13/HDC_LOG: [daemon_unity.cpp:414] Unity CommandDispatch command:1001 cid:2300638386 sid:252******606(L:10)
09-28 17:54:41.889   921  1220 W C02d13/HDC_LOG: [async_cmd.cpp:114] GetDevItem false key:persist.hdc.root
09-28 17:54:41.890   921 16336 I C02d13/HDC_LOG: [async_cmd.cpp:225] Popen pipe fds[pipeRead]:34 fds[pipeWrite]:37, mode 0
09-28 17:54:41.891   921  1220 I C02d13/HDC_LOG: [async_cmd.cpp:291] ExecuteCommand cmd:param get const.product.os.dist.apiname fd:34 pid:16337
09-28 17:54:41.892 16337 16337 W C02d13/HDC_LOG: [async_cmd.cpp:140] SetSelinuxLabel con:u:r:su:s0 isRoot:0
09-28 17:54:41.892   921  1220 I C02d13/HDC_LOG: [daemon_unity.cpp:486] Unity CommandDispatch command:1001 finish cid:2300638386 sid:252******606(L:10)
09-28 17:54:41.911   921 16338 I C02d13/HDC_LOG: [async_cmd.cpp:88] FinishShellProc finish pipeRead fd:34 pid:16337 count:1
09-28 17:54:41.911   921 16338 I C02d13/HDC_LOG: [task.cpp:55] HdcTaskBase::TaskFinish notify begin type:0 cid:2300638386 sid:252******606(L:10)
09-28 17:54:41.912   921 16338 I C02d13/HDC_LOG: [task.cpp:58] HdcTaskBase::TaskFinish notify end type:0 cid:2300638386 sid:252******606(L:10)
09-28 17:54:41.914   921  1220 I C02d13/HDC_LOG: [daemon.cpp:1142] FetchCommand channelId:2300638386 command:2
09-28 17:54:41.914   921  1220 W C02d13/HDC_LOG: [session.cpp:160] BeginRemoveTask taskType:0 channelId:2300638386
09-28 17:54:41.914   921  1220 W C02d13/HDC_LOG: [session.cpp:190] ClearOwnTasks OP_CLEAR finish, sessionId:252******606(L:10) channelIDInput:2300638386
09-28 17:54:41.914   921  1220 W C02d13/HDC_LOG: [session.cpp:115] taskClassDeleteRetry start clear task, taskType:0 cid:2300638386 sid:252******606(L:10)
09-28 17:54:41.914   921  1220 I C02d13/HDC_LOG: [async_cmd.cpp:69] DoRelease rc:-3 pid:16337
09-28 17:54:41.914   921  1220 I C02d13/HDC_LOG: [session.cpp:126] TaskDelay task remove retry count 0/30, taskType:0 channelId:2300638386, sessionId:252******606(L:10)
09-28 17:54:41.914   921  1220 I C02d13/HDC_LOG: [daemon_unity.cpp:31] ~HdcDaemonUnity cid:2300638386 sid:252******606(L:10)
09-28 17:54:41.914   921  1220 I C02d13/HDC_LOG: [task.cpp:40] ~HdcTaskBase type:0 cid:2300638386 sid:252******606(L:10)
09-28 17:54:41.914   921  1220 W C02d13/HDC_LOG: [session.cpp:134] TaskDelay task remove finish, channelId:2300638386
09-28 17:54:41.914   921  1220 I C02d13/HDC_LOG: [base.cpp:969] before uv handle close, the uv handle type is 13
09-28 17:54:41.919   921  1220 I C02d13/HDC_LOG: [daemon.cpp:1142] FetchCommand channelId:2300638386 command:2
09-28 17:54:41.922   921  1220 I C02d13/HDC_LOG: [daemon.cpp:1142] FetchCommand channelId:1262434039 command:1001
09-28 17:54:41.922   921  1220 I C02d13/HDC_LOG: [session.cpp:1652] New HTaskInfo cid:1262434039 sid:252******606(L:10) command:1001
09-28 17:54:41.922   921  1220 I C02d13/HDC_LOG: [session.cpp:891] AdminTask add task type:0 cid:1262434039 sid:252******606(L:10) mapsize:2
09-28 17:54:41.922   921  1220 I C02d13/HDC_LOG: [task.cpp:34] HdcTaskBase type:0 cid:1262434039 sid:252******606(L:10)
09-28 17:54:41.922   921  1220 I C02d13/HDC_LOG: [daemon_unity.cpp:414] Unity CommandDispatch command:1001 cid:1262434039 sid:252******606(L:10)
09-28 17:54:41.922   921  1220 W C02d13/HDC_LOG: [async_cmd.cpp:114] GetDevItem false key:persist.hdc.root
09-28 17:54:41.922   921 16339 I C02d13/HDC_LOG: [async_cmd.cpp:225] Popen pipe fds[pipeRead]:34 fds[pipeWrite]:37, mode 0
09-28 17:54:41.924   921  1220 I C02d13/HDC_LOG: [async_cmd.cpp:291] ExecuteCommand cmd:param get const.product.os.dist.apiname fd:34 pid:16340
09-28 17:54:41.924 16340 16340 W C02d13/HDC_LOG: [async_cmd.cpp:140] SetSelinuxLabel con:u:r:su:s0 isRoot:0
09-28 17:54:41.924   921  1220 I C02d13/HDC_LOG: [daemon_unity.cpp:486] Unity CommandDispatch command:1001 finish cid:1262434039 sid:252******606(L:10)
09-28 17:54:41.944   921 16341 I C02d13/HDC_LOG: [async_cmd.cpp:88] FinishShellProc finish pipeRead fd:34 pid:16340 count:1
09-28 17:54:41.944   921 16341 I C02d13/HDC_LOG: [task.cpp:55] HdcTaskBase::TaskFinish notify begin type:0 cid:1262434039 sid:252******606(L:10)
09-28 17:54:41.944   921 16341 I C02d13/HDC_LOG: [task.cpp:58] HdcTaskBase::TaskFinish notify end type:0 cid:1262434039 sid:252******606(L:10)
09-28 17:54:41.946   921  1220 I C02d13/HDC_LOG: [daemon.cpp:1142] FetchCommand channelId:1262434039 command:2
09-28 17:54:41.946   921  1220 W C02d13/HDC_LOG: [session.cpp:160] BeginRemoveTask taskType:0 channelId:1262434039
09-28 17:54:41.946   921  1220 W C02d13/HDC_LOG: [session.cpp:190] ClearOwnTasks OP_CLEAR finish, sessionId:252******606(L:10) channelIDInput:1262434039
09-28 17:54:41.946   921  1220 W C02d13/HDC_LOG: [session.cpp:115] taskClassDeleteRetry start clear task, taskType:0 cid:1262434039 sid:252******606(L:10)
09-28 17:54:41.946   921  1220 I C02d13/HDC_LOG: [async_cmd.cpp:69] DoRelease rc:-3 pid:16340
09-28 17:54:41.946   921  1220 I C02d13/HDC_LOG: [session.cpp:126] TaskDelay task remove retry count 0/30, taskType:0 channelId:1262434039, sessionId:252******606(L:10)
09-28 17:54:41.946   921  1220 I C02d13/HDC_LOG: [daemon_unity.cpp:31] ~HdcDaemonUnity cid:1262434039 sid:252******606(L:10)
09-28 17:54:41.946   921  1220 I C02d13/HDC_LOG: [task.cpp:40] ~HdcTaskBase type:0 cid:1262434039 sid:252******606(L:10)
09-28 17:54:41.946   921  1220 W C02d13/HDC_LOG: [session.cpp:134] TaskDelay task remove finish, channelId:1262434039
09-28 17:54:41.946   921  1220 I C02d13/HDC_LOG: [base.cpp:969] before uv handle close, the uv handle type is 13
09-28 17:54:41.951   921  1220 I C02d13/HDC_LOG: [daemon.cpp:1142] FetchCommand channelId:1262434039 command:2
09-28 17:54:42.052   921  1220 I C02d13/HDC_LOG: [daemon.cpp:1142] FetchCommand channelId:4215517465 command:1001
09-28 17:54:42.052   921  1220 I C02d13/HDC_LOG: [session.cpp:1652] New HTaskInfo cid:4215517465 sid:252******606(L:10) command:1001
09-28 17:54:42.052   921  1220 I C02d13/HDC_LOG: [session.cpp:891] AdminTask add task type:0 cid:4215517465 sid:252******606(L:10) mapsize:2
09-28 17:54:42.052   921  1220 I C02d13/HDC_LOG: [task.cpp:34] HdcTaskBase type:0 cid:4215517465 sid:252******606(L:10)
09-28 17:54:42.052   921  1220 I C02d13/HDC_LOG: [daemon_unity.cpp:414] Unity CommandDispatch command:1001 cid:4215517465 sid:252******606(L:10)
09-28 17:54:42.052   921  1220 W C02d13/HDC_LOG: [async_cmd.cpp:114] GetDevItem false key:persist.hdc.root
09-28 17:54:42.053   921 16342 I C02d13/HDC_LOG: [async_cmd.cpp:225] Popen pipe fds[pipeRead]:34 fds[pipeWrite]:37, mode 0
09-28 17:54:42.056   921  1220 I C02d13/HDC_LOG: [async_cmd.cpp:291] ExecuteCommand cmd:param get const.product.os.dist.apiname fd:34 pid:16343
09-28 17:54:42.056   921  1220 I C02d13/HDC_LOG: [daemon_unity.cpp:486] Unity CommandDispatch command:1001 finish cid:4215517465 sid:252******606(L:10)
09-28 17:54:42.057 16343 16343 W C02d13/HDC_LOG: [async_cmd.cpp:140] SetSelinuxLabel con:u:r:su:s0 isRoot:0
09-28 17:54:42.093   921 16344 I C02d13/HDC_LOG: [async_cmd.cpp:88] FinishShellProc finish pipeRead fd:34 pid:16343 count:1
09-28 17:54:42.093   921 16344 I C02d13/HDC_LOG: [task.cpp:55] HdcTaskBase::TaskFinish notify begin type:0 cid:4215517465 sid:252******606(L:10)
09-28 17:54:42.093   921 16344 I C02d13/HDC_LOG: [task.cpp:58] HdcTaskBase::TaskFinish notify end type:0 cid:4215517465 sid:252******606(L:10)
09-28 17:54:42.095   921  1220 I C02d13/HDC_LOG: [daemon.cpp:1142] FetchCommand channelId:4215517465 command:2
09-28 17:54:42.095   921  1220 W C02d13/HDC_LOG: [session.cpp:160] BeginRemoveTask taskType:0 channelId:4215517465
09-28 17:54:42.095   921  1220 W C02d13/HDC_LOG: [session.cpp:190] ClearOwnTasks OP_CLEAR finish, sessionId:252******606(L:10) channelIDInput:4215517465
09-28 17:54:42.095   921  1220 W C02d13/HDC_LOG: [session.cpp:115] taskClassDeleteRetry start clear task, taskType:0 cid:4215517465 sid:252******606(L:10)
09-28 17:54:42.095   921  1220 I C02d13/HDC_LOG: [async_cmd.cpp:69] DoRelease rc:-3 pid:16343
09-28 17:54:42.095   921  1220 I C02d13/HDC_LOG: [session.cpp:126] TaskDelay task remove retry count 0/30, taskType:0 channelId:4215517465, sessionId:252******606(L:10)
09-28 17:54:42.095   921  1220 I C02d13/HDC_LOG: [daemon_unity.cpp:31] ~HdcDaemonUnity cid:4215517465 sid:252******606(L:10)
09-28 17:54:42.095   921  1220 I C02d13/HDC_LOG: [task.cpp:40] ~HdcTaskBase type:0 cid:4215517465 sid:252******606(L:10)
09-28 17:54:42.095   921  1220 W C02d13/HDC_LOG: [session.cpp:134] TaskDelay task remove finish, channelId:4215517465
09-28 17:54:42.095   921  1220 I C02d13/HDC_LOG: [base.cpp:969] before uv handle close, the uv handle type is 13
09-28 17:54:42.099   921  1220 I C02d13/HDC_LOG: [daemon.cpp:1142] FetchCommand channelId:4215517465 command:2
09-28 17:54:42.101   921  1220 I C02d13/HDC_LOG: [daemon.cpp:1142] FetchCommand channelId:402195990 command:1001
09-28 17:54:42.101   921  1220 I C02d13/HDC_LOG: [session.cpp:1652] New HTaskInfo cid:402195990 sid:252******606(L:10) command:1001
09-28 17:54:42.101   921  1220 I C02d13/HDC_LOG: [session.cpp:891] AdminTask add task type:0 cid:402195990 sid:252******606(L:10) mapsize:2
09-28 17:54:42.101   921  1220 I C02d13/HDC_LOG: [task.cpp:34] HdcTaskBase type:0 cid:402195990 sid:252******606(L:10)
09-28 17:54:42.101   921  1220 I C02d13/HDC_LOG: [daemon_unity.cpp:414] Unity CommandDispatch command:1001 cid:402195990 sid:252******606(L:10)
09-28 17:54:42.101   921  1220 W C02d13/HDC_LOG: [async_cmd.cpp:114] GetDevItem false key:persist.hdc.root
09-28 17:54:42.102   921 16345 I C02d13/HDC_LOG: [async_cmd.cpp:225] Popen pipe fds[pipeRead]:34 fds[pipeWrite]:37, mode 0
09-28 17:54:42.105   921  1220 I C02d13/HDC_LOG: [async_cmd.cpp:291] ExecuteCommand cmd:param get const.product.os.dist.apiname fd:34 pid:16346
09-28 17:54:42.106   921  1220 I C02d13/HDC_LOG: [daemon_unity.cpp:486] Unity CommandDispatch command:1001 finish cid:402195990 sid:252******606(L:10)
09-28 17:54:42.106 16346 16346 W C02d13/HDC_LOG: [async_cmd.cpp:140] SetSelinuxLabel con:u:r:su:s0 isRoot:0
09-28 17:54:42.139   921 16347 I C02d13/HDC_LOG: [async_cmd.cpp:88] FinishShellProc finish pipeRead fd:34 pid:16346 count:1
09-28 17:54:42.139   921 16347 I C02d13/HDC_LOG: [task.cpp:55] HdcTaskBase::TaskFinish notify begin type:0 cid:402195990 sid:252******606(L:10)
09-28 17:54:42.139   921 16347 I C02d13/HDC_LOG: [task.cpp:58] HdcTaskBase::TaskFinish notify end type:0 cid:402195990 sid:252******606(L:10)
09-28 17:54:42.141   921  1220 I C02d13/HDC_LOG: [daemon.cpp:1142] FetchCommand channelId:402195990 command:2
09-28 17:54:42.141   921  1220 W C02d13/HDC_LOG: [session.cpp:160] BeginRemoveTask taskType:0 channelId:402195990
09-28 17:54:42.141   921  1220 W C02d13/HDC_LOG: [session.cpp:190] ClearOwnTasks OP_CLEAR finish, sessionId:252******606(L:10) channelIDInput:402195990
09-28 17:54:42.141   921  1220 W C02d13/HDC_LOG: [session.cpp:115] taskClassDeleteRetry start clear task, taskType:0 cid:402195990 sid:252******606(L:10)
09-28 17:54:42.141   921  1220 I C02d13/HDC_LOG: [async_cmd.cpp:69] DoRelease rc:-3 pid:16346
09-28 17:54:42.141   921  1220 I C02d13/HDC_LOG: [session.cpp:126] TaskDelay task remove retry count 0/30, taskType:0 channelId:402195990, sessionId:252******606(L:10)
09-28 17:54:42.141   921  1220 I C02d13/HDC_LOG: [daemon_unity.cpp:31] ~HdcDaemonUnity cid:402195990 sid:252******606(L:10)
09-28 17:54:42.141   921  1220 I C02d13/HDC_LOG: [task.cpp:40] ~HdcTaskBase type:0 cid:402195990 sid:252******606(L:10)
09-28 17:54:42.141   921  1220 W C02d13/HDC_LOG: [session.cpp:134] TaskDelay task remove finish, channelId:402195990
09-28 17:54:42.142   921  1220 I C02d13/HDC_LOG: [base.cpp:969] before uv handle close, the uv handle type is 13
09-28 17:54:42.146   921  1220 I C02d13/HDC_LOG: [daemon.cpp:1142] FetchCommand channelId:402195990 command:2
09-28 17:54:42.150   921  1220 I C02d13/HDC_LOG: [daemon.cpp:1142] FetchCommand channelId:817211578 command:1001
09-28 17:54:42.150   921  1220 I C02d13/HDC_LOG: [session.cpp:1652] New HTaskInfo cid:817211578 sid:252******606(L:10) command:1001
09-28 17:54:42.150   921  1220 I C02d13/HDC_LOG: [session.cpp:891] AdminTask add task type:0 cid:817211578 sid:252******606(L:10) mapsize:2
09-28 17:54:42.150   921  1220 I C02d13/HDC_LOG: [task.cpp:34] HdcTaskBase type:0 cid:817211578 sid:252******606(L:10)
09-28 17:54:42.150   921  1220 I C02d13/HDC_LOG: [daemon_unity.cpp:414] Unity CommandDispatch command:1001 cid:817211578 sid:252******606(L:10)
09-28 17:54:42.150   921  1220 W C02d13/HDC_LOG: [async_cmd.cpp:114] GetDevItem false key:persist.hdc.root
09-28 17:54:42.150   921 16348 I C02d13/HDC_LOG: [async_cmd.cpp:225] Popen pipe fds[pipeRead]:34 fds[pipeWrite]:37, mode 0
09-28 17:54:42.154   921  1220 I C02d13/HDC_LOG: [async_cmd.cpp:291] ExecuteCommand cmd:param get const.product.os.dist.apiname fd:34 pid:16349
09-28 17:54:42.155   921  1220 I C02d13/HDC_LOG: [daemon_unity.cpp:486] Unity CommandDispatch command:1001 finish cid:817211578 sid:252******606(L:10)
09-28 17:54:42.155 16349 16349 W C02d13/HDC_LOG: [async_cmd.cpp:140] SetSelinuxLabel con:u:r:su:s0 isRoot:0
09-28 17:54:42.191   921 16350 I C02d13/HDC_LOG: [async_cmd.cpp:88] FinishShellProc finish pipeRead fd:34 pid:16349 count:1
09-28 17:54:42.191   921 16350 I C02d13/HDC_LOG: [task.cpp:55] HdcTaskBase::TaskFinish notify begin type:0 cid:817211578 sid:252******606(L:10)
09-28 17:54:42.191   921 16350 I C02d13/HDC_LOG: [task.cpp:58] HdcTaskBase::TaskFinish notify end type:0 cid:817211578 sid:252******606(L:10)
09-28 17:54:42.193   921  1220 I C02d13/HDC_LOG: [daemon.cpp:1142] FetchCommand channelId:817211578 command:2
09-28 17:54:42.193   921  1220 W C02d13/HDC_LOG: [session.cpp:160] BeginRemoveTask taskType:0 channelId:817211578
09-28 17:54:42.193   921  1220 W C02d13/HDC_LOG: [session.cpp:190] ClearOwnTasks OP_CLEAR finish, sessionId:252******606(L:10) channelIDInput:817211578
09-28 17:54:42.193   921  1220 W C02d13/HDC_LOG: [session.cpp:115] taskClassDeleteRetry start clear task, taskType:0 cid:817211578 sid:252******606(L:10)
09-28 17:54:42.193   921  1220 I C02d13/HDC_LOG: [async_cmd.cpp:69] DoRelease rc:-3 pid:16349
09-28 17:54:42.193   921  1220 I C02d13/HDC_LOG: [session.cpp:126] TaskDelay task remove retry count 0/30, taskType:0 channelId:817211578, sessionId:252******606(L:10)
09-28 17:54:42.193   921  1220 I C02d13/HDC_LOG: [daemon_unity.cpp:31] ~HdcDaemonUnity cid:817211578 sid:252******606(L:10)
09-28 17:54:42.193   921  1220 I C02d13/HDC_LOG: [task.cpp:40] ~HdcTaskBase type:0 cid:817211578 sid:252******606(L:10)
09-28 17:54:42.193   921  1220 W C02d13/HDC_LOG: [session.cpp:134] TaskDelay task remove finish, channelId:817211578
09-28 17:54:42.193   921  1220 I C02d13/HDC_LOG: [base.cpp:969] before uv handle close, the uv handle type is 13
09-28 17:54:42.198   921  1220 I C02d13/HDC_LOG: [daemon.cpp:1142] FetchCommand channelId:817211578 command:2
09-28 17:54:42.256   921  1220 I C02d13/HDC_LOG: [daemon.cpp:1142] FetchCommand channelId:3834346751 command:1001
09-28 17:54:42.256   921  1220 I C02d13/HDC_LOG: [session.cpp:1652] New HTaskInfo cid:3834346751 sid:252******606(L:10) command:1001
09-28 17:54:42.256   921  1220 I C02d13/HDC_LOG: [session.cpp:891] AdminTask add task type:0 cid:3834346751 sid:252******606(L:10) mapsize:2
09-28 17:54:42.256   921  1220 I C02d13/HDC_LOG: [task.cpp:34] HdcTaskBase type:0 cid:3834346751 sid:252******606(L:10)
09-28 17:54:42.256   921  1220 I C02d13/HDC_LOG: [daemon_unity.cpp:414] Unity CommandDispatch command:1001 cid:3834346751 sid:252******606(L:10)
09-28 17:54:42.256   921  1220 W C02d13/HDC_LOG: [async_cmd.cpp:114] GetDevItem false key:persist.hdc.root
09-28 17:54:42.257   921 16351 I C02d13/HDC_LOG: [async_cmd.cpp:225] Popen pipe fds[pipeRead]:34 fds[pipeWrite]:37, mode 0
09-28 17:54:42.261   921  1220 I C02d13/HDC_LOG: [async_cmd.cpp:291] ExecuteCommand cmd:param get const.product.os.dist.apiname fd:34 pid:16352
09-28 17:54:42.261   921  1220 I C02d13/HDC_LOG: [daemon_unity.cpp:486] Unity CommandDispatch command:1001 finish cid:3834346751 sid:252******606(L:10)
09-28 17:54:42.262 16352 16352 W C02d13/HDC_LOG: [async_cmd.cpp:140] SetSelinuxLabel con:u:r:su:s0 isRoot:0
09-28 17:54:42.295   921 16353 I C02d13/HDC_LOG: [async_cmd.cpp:88] FinishShellProc finish pipeRead fd:34 pid:16352 count:1
09-28 17:54:42.295   921 16353 I C02d13/HDC_LOG: [task.cpp:55] HdcTaskBase::TaskFinish notify begin type:0 cid:3834346751 sid:252******606(L:10)
09-28 17:54:42.295   921 16353 I C02d13/HDC_LOG: [task.cpp:58] HdcTaskBase::TaskFinish notify end type:0 cid:3834346751 sid:252******606(L:10)
09-28 17:54:42.297   921  1220 I C02d13/HDC_LOG: [daemon.cpp:1142] FetchCommand channelId:3834346751 command:2
09-28 17:54:42.297   921  1220 W C02d13/HDC_LOG: [session.cpp:160] BeginRemoveTask taskType:0 channelId:3834346751
09-28 17:54:42.297   921  1220 W C02d13/HDC_LOG: [session.cpp:190] ClearOwnTasks OP_CLEAR finish, sessionId:252******606(L:10) channelIDInput:3834346751
09-28 17:54:42.297   921  1220 W C02d13/HDC_LOG: [session.cpp:115] taskClassDeleteRetry start clear task, taskType:0 cid:3834346751 sid:252******606(L:10)
09-28 17:54:42.297   921  1220 I C02d13/HDC_LOG: [async_cmd.cpp:69] DoRelease rc:-3 pid:16352
09-28 17:54:42.297   921  1220 I C02d13/HDC_LOG: [session.cpp:126] TaskDelay task remove retry count 0/30, taskType:0 channelId:3834346751, sessionId:252******606(L:10)
09-28 17:54:42.297   921  1220 I C02d13/HDC_LOG: [daemon_unity.cpp:31] ~HdcDaemonUnity cid:3834346751 sid:252******606(L:10)
09-28 17:54:42.297   921  1220 I C02d13/HDC_LOG: [task.cpp:40] ~HdcTaskBase type:0 cid:3834346751 sid:252******606(L:10)
09-28 17:54:42.297   921  1220 W C02d13/HDC_LOG: [session.cpp:134] TaskDelay task remove finish, channelId:3834346751
09-28 17:54:42.297   921  1220 I C02d13/HDC_LOG: [base.cpp:969] before uv handle close, the uv handle type is 13
09-28 17:54:42.301   921  1220 I C02d13/HDC_LOG: [daemon.cpp:1142] FetchCommand channelId:3834346751 command:2
09-28 17:54:42.403   921  1220 I C02d13/HDC_LOG: [daemon.cpp:1142] FetchCommand channelId:3676442548 command:1001
09-28 17:54:42.403   921  1220 I C02d13/HDC_LOG: [session.cpp:1652] New HTaskInfo cid:3676442548 sid:252******606(L:10) command:1001
09-28 17:54:42.403   921  1220 I C02d13/HDC_LOG: [session.cpp:891] AdminTask add task type:0 cid:3676442548 sid:252******606(L:10) mapsize:2
09-28 17:54:42.403   921  1220 I C02d13/HDC_LOG: [task.cpp:34] HdcTaskBase type:0 cid:3676442548 sid:252******606(L:10)
09-28 17:54:42.403   921  1220 I C02d13/HDC_LOG: [daemon_unity.cpp:414] Unity CommandDispatch command:1001 cid:3676442548 sid:252******606(L:10)
09-28 17:54:42.403   921  1220 W C02d13/HDC_LOG: [async_cmd.cpp:114] GetDevItem false key:persist.hdc.root
09-28 17:54:42.404   921 16354 I C02d13/HDC_LOG: [async_cmd.cpp:225] Popen pipe fds[pipeRead]:34 fds[pipeWrite]:37, mode 0
09-28 17:54:42.407   921  1220 I C02d13/HDC_LOG: [async_cmd.cpp:291] ExecuteCommand cmd:snapshot_display -f /data/local/tmp/cx19-61b-handoff.jpeg fd:34 pid:16355
09-28 17:54:42.408   921  1220 I C02d13/HDC_LOG: [daemon_unity.cpp:486] Unity CommandDispatch command:1001 finish cid:3676442548 sid:252******606(L:10)
09-28 17:54:42.409 16355 16355 W C02d13/HDC_LOG: [async_cmd.cpp:140] SetSelinuxLabel con:u:r:su:s0 isRoot:0
09-28 17:54:42.581 16355 16355 W C03f07/MUSL-SIGCHAIN: signal_chain_handler call 3 rd sigchain action for signal: 4 sca_sigaction=7f9eda45a8 noreturn=0 FREEZE_signo_4 thread_list_lock_status:-1 tl_lock_count=0 tl_lock_waiters=0 tl_lock_tid_fail=-1 tl_lock_count_tid=-1 tl_lock_count_fail=-10000 tl_lock_count_tid_sub=-1 thread_list_lock_after_lock=-1 thread_list_lock_pre_unlock=-1 thread_list_lock_pthread_exit=-1 thread_list_lock_tid_overlimit=-1 tl_lock_unlock_count=0 __pthread_gettid_np_tl_lock=0 __pthread_exit_tl_lock=0 __pthread_create_tl_lock=0 __pthread_key_delete_tl_lock=0 __synccall_tl_lock=0 __membarrier_tl_lock=0 install_new_tls_tl_lock=0 set_syscall_hooks_tl_lock=0 set_syscall_hooks_linux_tl_lock=0 fork_tl_lock=0 register_count=0 __custom_hook_flag=0g_dlcloseLockStatus=0g_dlcloseLockLastExitTid=0
09-28 17:54:42.581 16355 16355 W C03f07/MUSL-SIGCHAIN: signal_chain_handler call usr sa_handler: 7f9d556fb4 for signal: 4
09-28 17:54:42.601   915  1472 W C04201/DMS: screen_session_manager_stub.cpp OnRemoteRequestInner: enter!
09-28 17:54:42.601   915  1472 E C04200/WMS: sys_cap_util.cpp UpdateBundleInfo: Failed
09-28 17:54:42.601   915  1472 W C04201/DMS: screen_session.cpp: call BMS
09-28 17:54:42.601   915  1472 I C04201/DMS: screen_session.cpp: pid:0, bundle:, api:0
09-28 17:54:42.602   915  1472 E C05a01/ATM: [VerifyAccessToken]PermissionName(ohos.permission.CUSTOM_SCREEN_RECORDING) is not exist.
09-28 17:54:42.602   915  1472 W C04201/DMS:  GetScreenSnapshot: dma=0, displayId:0
09-28 17:54:42.602   879   879 I C01406/skia: RSSurfaceCaptureTaskParallel::CreatePixelMapByDisplayNode NodeId[3929895075841],pixelmap[1200, 1920], scale[1.000000, 1.000000], rect[0.000000, 0.000000, 0.000000, 0.000000], dma[0], rotation[0], correction[0], blackList[0], isHDRCapture[0], contentRect[0, 0, 0, 0]
09-28 17:54:42.603   879  1104 I C01406/skia: RSLogicalDisplayRenderNodeDrawable::DrawHardwareEnabledNodes:         process RSScreenRenderNode(id:[3929895075841])         Using UniRender buffer with hwcNodes(0), hwcTopNodes(0).
09-28 17:54:42.603   879  1104 I C01406/WRAP: AHardwareBuffer_createFromHandle index = <private> handle = <private>, ahb = <private>
09-28 17:54:42.603   879  1104 I C03200/VULKAN_DRIVER: vkAllocateMemory with VkImportNativeBufferInfoOHOS
09-28 17:54:42.603   879  1104 I C01406/WRAP: AHardwareBuffer_createFromHandle index = <private> handle = <private>, ahb = <private>
09-28 17:54:42.604   879  1104 I C03200/VULKAN_DRIVER: vkAllocateMemory with VkImportNativeBufferInfoOHOS
09-28 17:54:42.672   915   961 E C02b61/PixelMap: set ashmem name failed
09-28 17:54:42.672   915  1472 E C04201/DMS: screen_session_manager_adapter.cpp OnScreenshot: agent is null
09-28 17:54:42.673   915  1472 E C04201/DMS: screen_session_manager_adapter.cpp NotifyCaptureStatusChanged: agent is null
09-28 17:54:42.716   915  1472 I C057c2/IPCObjectProxy: hd:508 ct:1 D:
09-28 17:54:42.716   921 16356 I C02d13/HDC_LOG: [async_cmd.cpp:88] FinishShellProc finish pipeRead fd:34 pid:16355 count:1
09-28 17:54:42.716   921 16356 I C02d13/HDC_LOG: [task.cpp:55] HdcTaskBase::TaskFinish notify begin type:0 cid:3676442548 sid:252******606(L:10)
09-28 17:54:42.717   921 16356 I C02d13/HDC_LOG: [task.cpp:58] HdcTaskBase::TaskFinish notify end type:0 cid:3676442548 sid:252******606(L:10)
09-28 17:54:42.718   921  1220 I C02d13/HDC_LOG: [daemon.cpp:1142] FetchCommand channelId:3676442548 command:2
09-28 17:54:42.718   921  1220 W C02d13/HDC_LOG: [session.cpp:160] BeginRemoveTask taskType:0 channelId:3676442548
09-28 17:54:42.718   921  1220 W C02d13/HDC_LOG: [session.cpp:190] ClearOwnTasks OP_CLEAR finish, sessionId:252******606(L:10) channelIDInput:3676442548
09-28 17:54:42.718   921  1220 W C02d13/HDC_LOG: [session.cpp:115] taskClassDeleteRetry start clear task, taskType:0 cid:3676442548 sid:252******606(L:10)
09-28 17:54:42.718   921  1220 I C02d13/HDC_LOG: [async_cmd.cpp:69] DoRelease rc:0 pid:16355
09-28 17:54:42.718   921  1220 I C02d13/HDC_LOG: [session.cpp:126] TaskDelay task remove retry count 0/30, taskType:0 channelId:3676442548, sessionId:252******606(L:10)
09-28 17:54:42.718   921  1220 I C02d13/HDC_LOG: [daemon_unity.cpp:31] ~HdcDaemonUnity cid:3676442548 sid:252******606(L:10)
09-28 17:54:42.718   921  1220 I C02d13/HDC_LOG: [task.cpp:40] ~HdcTaskBase type:0 cid:3676442548 sid:252******606(L:10)
09-28 17:54:42.718   921  1220 W C02d13/HDC_LOG: [session.cpp:134] TaskDelay task remove finish, channelId:3676442548
09-28 17:54:42.718   921  1220 I C02d13/HDC_LOG: [base.cpp:969] before uv handle close, the uv handle type is 13
09-28 17:54:42.724   921  1220 I C02d13/HDC_LOG: [daemon.cpp:1142] FetchCommand channelId:3676442548 command:2
09-28 17:54:42.810   921  1220 I C02d13/HDC_LOG: [daemon.cpp:1142] FetchCommand channelId:2597589885 command:1001
09-28 17:54:42.810   921  1220 I C02d13/HDC_LOG: [session.cpp:1652] New HTaskInfo cid:2597589885 sid:252******606(L:10) command:1001
09-28 17:54:42.810   921  1220 I C02d13/HDC_LOG: [session.cpp:891] AdminTask add task type:0 cid:2597589885 sid:252******606(L:10) mapsize:2
09-28 17:54:42.810   921  1220 I C02d13/HDC_LOG: [task.cpp:34] HdcTaskBase type:0 cid:2597589885 sid:252******606(L:10)
09-28 17:54:42.810   921  1220 I C02d13/HDC_LOG: [daemon_unity.cpp:414] Unity CommandDispatch command:1001 cid:2597589885 sid:252******606(L:10)
09-28 17:54:42.810   921  1220 W C02d13/HDC_LOG: [async_cmd.cpp:114] GetDevItem false key:persist.hdc.root
09-28 17:54:42.810   921 16359 I C02d13/HDC_LOG: [async_cmd.cpp:225] Popen pipe fds[pipeRead]:34 fds[pipeWrite]:37, mode 0
09-28 17:54:42.815   921  1220 I C02d13/HDC_LOG: [async_cmd.cpp:291] ExecuteCommand cmd:param get const.product.os.dist.apiname fd:34 pid:16360
09-28 17:54:42.815   921  1220 I C02d13/HDC_LOG: [daemon_unity.cpp:486] Unity CommandDispatch command:1001 finish cid:2597589885 sid:252******606(L:10)
09-28 17:54:42.816 16360 16360 W C02d13/HDC_LOG: [async_cmd.cpp:140] SetSelinuxLabel con:u:r:su:s0 isRoot:0
09-28 17:54:42.853   921 16361 I C02d13/HDC_LOG: [async_cmd.cpp:88] FinishShellProc finish pipeRead fd:34 pid:16360 count:1
09-28 17:54:42.853   921 16361 I C02d13/HDC_LOG: [task.cpp:55] HdcTaskBase::TaskFinish notify begin type:0 cid:2597589885 sid:252******606(L:10)
09-28 17:54:42.853   921 16361 I C02d13/HDC_LOG: [task.cpp:58] HdcTaskBase::TaskFinish notify end type:0 cid:2597589885 sid:252******606(L:10)
09-28 17:54:42.855   921  1220 I C02d13/HDC_LOG: [daemon.cpp:1142] FetchCommand channelId:2597589885 command:2
09-28 17:54:42.855   921  1220 W C02d13/HDC_LOG: [session.cpp:160] BeginRemoveTask taskType:0 channelId:2597589885
09-28 17:54:42.855   921  1220 W C02d13/HDC_LOG: [session.cpp:190] ClearOwnTasks OP_CLEAR finish, sessionId:252******606(L:10) channelIDInput:2597589885
09-28 17:54:42.855   921  1220 W C02d13/HDC_LOG: [session.cpp:115] taskClassDeleteRetry start clear task, taskType:0 cid:2597589885 sid:252******606(L:10)
09-28 17:54:42.855   921  1220 I C02d13/HDC_LOG: [async_cmd.cpp:69] DoRelease rc:-3 pid:16360
09-28 17:54:42.855   921  1220 I C02d13/HDC_LOG: [session.cpp:126] TaskDelay task remove retry count 0/30, taskType:0 channelId:2597589885, sessionId:252******606(L:10)
09-28 17:54:42.855   921  1220 I C02d13/HDC_LOG: [daemon_unity.cpp:31] ~HdcDaemonUnity cid:2597589885 sid:252******606(L:10)
09-28 17:54:42.855   921  1220 I C02d13/HDC_LOG: [task.cpp:40] ~HdcTaskBase type:0 cid:2597589885 sid:252******606(L:10)
09-28 17:54:42.855   921  1220 W C02d13/HDC_LOG: [session.cpp:134] TaskDelay task remove finish, channelId:2597589885
09-28 17:54:42.855   921  1220 I C02d13/HDC_LOG: [base.cpp:969] before uv handle close, the uv handle type is 13
09-28 17:54:42.860   921  1220 I C02d13/HDC_LOG: [daemon.cpp:1142] FetchCommand channelId:2597589885 command:2
09-28 17:54:42.987   921  1220 I C02d13/HDC_LOG: [daemon.cpp:1142] FetchCommand channelId:2144474062 command:3000
09-28 17:54:42.987   921  1220 I C02d13/HDC_LOG: [session.cpp:1652] New HTaskInfo cid:2144474062 sid:252******606(L:10) command:3000
09-28 17:54:42.987   921  1220 I C02d13/HDC_LOG: [session.cpp:891] AdminTask add task type:0 cid:2144474062 sid:252******606(L:10) mapsize:2
09-28 17:54:42.988   921  1220 I C02d13/HDC_LOG: [task.cpp:34] HdcTaskBase type:2 cid:2144474062 sid:252******606(L:10)
09-28 17:54:42.988   921  1220 I C02d13/HDC_LOG: [file.cpp:76] BeginTransfer cid:2144474062 sid:252******606(L:10) uv_fs_open local:/da******peg(L:37) remote:/Us******peg(L:138)
09-28 17:54:42.988   921  1220 I C02d13/HDC_LOG: [transfer.cpp:513] Filemod openfile:/Us******peg(L:138) channelId:2144474062 result:34
09-28 17:54:42.988   921  1220 I C02d13/HDC_LOG: [transfer.cpp:544] uv_fs_fstat result:34 fileSize:40431
09-28 17:54:42.990   921  1220 I C02d13/HDC_LOG: [daemon.cpp:1142] FetchCommand channelId:2144474062 command:3002
09-28 17:54:42.990   921  1220 I C02d13/HDC_LOG: [transfer.cpp:1056] isStableBuf:0, hugeBuf:1
09-28 17:54:42.992   921  1220 I C02d13/HDC_LOG: [transfer.cpp:274] channelId:2144474062 result:34, closeReqSubmitted:0, context->isFdOpen 1
09-28 17:54:42.992   921  1220 I C02d13/HDC_LOG: [transfer.h:158] CloseCtxFd, localPath:/da******peg(L:37) result:34, closeReqSubmitted:0
09-28 17:54:42.992   921  1220 I C02d13/HDC_LOG: [transfer.cpp:278] OnFileIO fs_close, channelId:2144474062
09-28 17:54:42.992   921  1220 I C02d13/HDC_LOG: [transfer.cpp:171] OnFileClose channelId:2144474062 closeNotify:0
09-28 17:54:43.002   921  1220 I C02d13/HDC_LOG: [daemon.cpp:1142] FetchCommand channelId:2144474062 command:3004
09-28 17:54:43.002   921  1220 I C02d13/HDC_LOG: [file.cpp:650] Dir = 0 taskQueue size = 0
09-28 17:54:43.003   921  1220 I C02d13/HDC_LOG: [daemon.cpp:1142] FetchCommand channelId:2144474062 command:2
09-28 17:54:43.003   921  1220 W C02d13/HDC_LOG: [session.cpp:160] BeginRemoveTask taskType:2 channelId:2144474062
09-28 17:54:43.003   921  1220 W C02d13/HDC_LOG: [session.cpp:190] ClearOwnTasks OP_CLEAR finish, sessionId:252******606(L:10) channelIDInput:2144474062
09-28 17:54:43.003   921  1220 W C02d13/HDC_LOG: [session.cpp:115] taskClassDeleteRetry start clear task, taskType:2 cid:2144474062 sid:252******606(L:10)
09-28 17:54:43.003   921  1220 I C02d13/HDC_LOG: [file.cpp:38] StopTask channelId:2144474062
09-28 17:54:43.004   921  1220 I C02d13/HDC_LOG: [session.cpp:126] TaskDelay task remove retry count 0/30, taskType:2 channelId:2144474062, sessionId:252******606(L:10)
09-28 17:54:43.004   921  1220 I C02d13/HDC_LOG: [file.cpp:33] ~HdcFile channelId:2144474062
09-28 17:54:43.004   921  1220 I C02d13/HDC_LOG: [transfer.cpp:53] ~HdcTransferBase channelId:2144474062 lastErrno:0 ioFinish:1
09-28 17:54:43.004   921  1220 I C02d13/HDC_LOG: [task.cpp:40] ~HdcTaskBase type:2 cid:2144474062 sid:252******606(L:10)
09-28 17:54:43.004   921  1220 W C02d13/HDC_LOG: [session.cpp:134] TaskDelay task remove finish, channelId:2144474062
09-28 17:54:43.004   921  1220 I C02d13/HDC_LOG: [base.cpp:969] before uv handle close, the uv handle type is 13
09-28 17:54:43.006   921  1220 I C02d13/HDC_LOG: [daemon.cpp:1142] FetchCommand channelId:3478614960 command:1001
09-28 17:54:43.006   921  1220 I C02d13/HDC_LOG: [session.cpp:1652] New HTaskInfo cid:3478614960 sid:252******606(L:10) command:1001
09-28 17:54:43.006   921  1220 I C02d13/HDC_LOG: [session.cpp:891] AdminTask add task type:0 cid:3478614960 sid:252******606(L:10) mapsize:2
09-28 17:54:43.006   921  1220 I C02d13/HDC_LOG: [task.cpp:34] HdcTaskBase type:0 cid:3478614960 sid:252******606(L:10)
09-28 17:54:43.006   921  1220 I C02d13/HDC_LOG: [daemon_unity.cpp:414] Unity CommandDispatch command:1001 cid:3478614960 sid:252******606(L:10)
09-28 17:54:43.006   921  1220 W C02d13/HDC_LOG: [async_cmd.cpp:114] GetDevItem false key:persist.hdc.root
09-28 17:54:43.006   921 16363 I C02d13/HDC_LOG: [async_cmd.cpp:225] Popen pipe fds[pipeRead]:34 fds[pipeWrite]:37, mode 0
09-28 17:54:43.010   921  1220 I C02d13/HDC_LOG: [async_cmd.cpp:291] ExecuteCommand cmd:param get const.product.os.dist.apiname fd:34 pid:16364
09-28 17:54:43.010   921  1220 I C02d13/HDC_LOG: [daemon_unity.cpp:486] Unity CommandDispatch command:1001 finish cid:3478614960 sid:252******606(L:10)
09-28 17:54:43.010   921  1220 I C02d13/HDC_LOG: [daemon.cpp:1142] FetchCommand channelId:2144474062 command:2
09-28 17:54:43.011 16364 16364 W C02d13/HDC_LOG: [async_cmd.cpp:140] SetSelinuxLabel con:u:r:su:s0 isRoot:0
09-28 17:54:43.052   921 16365 I C02d13/HDC_LOG: [async_cmd.cpp:88] FinishShellProc finish pipeRead fd:34 pid:16364 count:1
09-28 17:54:43.052   921 16365 I C02d13/HDC_LOG: [task.cpp:55] HdcTaskBase::TaskFinish notify begin type:0 cid:3478614960 sid:252******606(L:10)
09-28 17:54:43.052   921 16365 I C02d13/HDC_LOG: [task.cpp:58] HdcTaskBase::TaskFinish notify end type:0 cid:3478614960 sid:252******606(L:10)
09-28 17:54:43.054   921  1220 I C02d13/HDC_LOG: [daemon.cpp:1142] FetchCommand channelId:3478614960 command:2
09-28 17:54:43.054   921  1220 W C02d13/HDC_LOG: [session.cpp:160] BeginRemoveTask taskType:0 channelId:3478614960
09-28 17:54:43.054   921  1220 W C02d13/HDC_LOG: [session.cpp:190] ClearOwnTasks OP_CLEAR finish, sessionId:252******606(L:10) channelIDInput:3478614960
09-28 17:54:43.054   921  1220 W C02d13/HDC_LOG: [session.cpp:115] taskClassDeleteRetry start clear task, taskType:0 cid:3478614960 sid:252******606(L:10)
09-28 17:54:43.054   921  1220 I C02d13/HDC_LOG: [async_cmd.cpp:69] DoRelease rc:-3 pid:16364
09-28 17:54:43.054   921  1220 I C02d13/HDC_LOG: [session.cpp:126] TaskDelay task remove retry count 0/30, taskType:0 channelId:3478614960, sessionId:252******606(L:10)
09-28 17:54:43.054   921  1220 I C02d13/HDC_LOG: [daemon_unity.cpp:31] ~HdcDaemonUnity cid:3478614960 sid:252******606(L:10)
09-28 17:54:43.054   921  1220 I C02d13/HDC_LOG: [task.cpp:40] ~HdcTaskBase type:0 cid:3478614960 sid:252******606(L:10)
09-28 17:54:43.054   921  1220 W C02d13/HDC_LOG: [session.cpp:134] TaskDelay task remove finish, channelId:3478614960
09-28 17:54:43.054   921  1220 I C02d13/HDC_LOG: [base.cpp:969] before uv handle close, the uv handle type is 13
09-28 17:54:43.058   921  1220 I C02d13/HDC_LOG: [daemon.cpp:1142] FetchCommand channelId:3478614960 command:2
09-28 17:54:43.450   921  1220 I C02d13/HDC_LOG: [daemon.cpp:1142] FetchCommand channelId:4052450358 command:1001
09-28 17:54:43.450   921  1220 I C02d13/HDC_LOG: [session.cpp:1652] New HTaskInfo cid:4052450358 sid:252******606(L:10) command:1001
09-28 17:54:43.450   921  1220 I C02d13/HDC_LOG: [session.cpp:891] AdminTask add task type:0 cid:4052450358 sid:252******606(L:10) mapsize:2
09-28 17:54:43.450   921  1220 I C02d13/HDC_LOG: [task.cpp:34] HdcTaskBase type:0 cid:4052450358 sid:252******606(L:10)
09-28 17:54:43.450   921  1220 I C02d13/HDC_LOG: [daemon_unity.cpp:414] Unity CommandDispatch command:1001 cid:4052450358 sid:252******606(L:10)
09-28 17:54:43.450   921  1220 W C02d13/HDC_LOG: [async_cmd.cpp:114] GetDevItem false key:persist.hdc.root
09-28 17:54:43.451   921 16366 I C02d13/HDC_LOG: [async_cmd.cpp:225] Popen pipe fds[pipeRead]:34 fds[pipeWrite]:37, mode 0
09-28 17:54:43.454   921  1220 I C02d13/HDC_LOG: [async_cmd.cpp:291] ExecuteCommand cmd:param get const.product.os.dist.apiname fd:34 pid:16367
09-28 17:54:43.454   921  1220 I C02d13/HDC_LOG: [daemon_unity.cpp:486] Unity CommandDispatch command:1001 finish cid:4052450358 sid:252******606(L:10)
09-28 17:54:43.456 16367 16367 W C02d13/HDC_LOG: [async_cmd.cpp:140] SetSelinuxLabel con:u:r:su:s0 isRoot:0
09-28 17:54:43.493   921 16368 I C02d13/HDC_LOG: [async_cmd.cpp:88] FinishShellProc finish pipeRead fd:34 pid:16367 count:1
09-28 17:54:43.493   921 16368 I C02d13/HDC_LOG: [task.cpp:55] HdcTaskBase::TaskFinish notify begin type:0 cid:4052450358 sid:252******606(L:10)
09-28 17:54:43.493   921 16368 I C02d13/HDC_LOG: [task.cpp:58] HdcTaskBase::TaskFinish notify end type:0 cid:4052450358 sid:252******606(L:10)
09-28 17:54:43.495   921  1220 I C02d13/HDC_LOG: [daemon.cpp:1142] FetchCommand channelId:4052450358 command:2
09-28 17:54:43.495   921  1220 W C02d13/HDC_LOG: [session.cpp:160] BeginRemoveTask taskType:0 channelId:4052450358
09-28 17:54:43.495   921  1220 W C02d13/HDC_LOG: [session.cpp:190] ClearOwnTasks OP_CLEAR finish, sessionId:252******606(L:10) channelIDInput:4052450358
09-28 17:54:43.495   921  1220 W C02d13/HDC_LOG: [session.cpp:115] taskClassDeleteRetry start clear task, taskType:0 cid:4052450358 sid:252******606(L:10)
09-28 17:54:43.495   921  1220 I C02d13/HDC_LOG: [async_cmd.cpp:69] DoRelease rc:-3 pid:16367
09-28 17:54:43.495   921  1220 I C02d13/HDC_LOG: [session.cpp:126] TaskDelay task remove retry count 0/30, taskType:0 channelId:4052450358, sessionId:252******606(L:10)
09-28 17:54:43.495   921  1220 I C02d13/HDC_LOG: [daemon_unity.cpp:31] ~HdcDaemonUnity cid:4052450358 sid:252******606(L:10)
09-28 17:54:43.495   921  1220 I C02d13/HDC_LOG: [task.cpp:40] ~HdcTaskBase type:0 cid:4052450358 sid:252******606(L:10)
09-28 17:54:43.495   921  1220 W C02d13/HDC_LOG: [session.cpp:134] TaskDelay task remove finish, channelId:4052450358
09-28 17:54:43.495   921  1220 I C02d13/HDC_LOG: [base.cpp:969] before uv handle close, the uv handle type is 13
09-28 17:54:43.500   921  1220 I C02d13/HDC_LOG: [daemon.cpp:1142] FetchCommand channelId:4052450358 command:2
09-28 17:54:43.860   921  1220 I C02d13/HDC_LOG: [daemon.cpp:1142] FetchCommand channelId:428674374 command:1001
09-28 17:54:43.860   921  1220 I C02d13/HDC_LOG: [session.cpp:1652] New HTaskInfo cid:428674374 sid:252******606(L:10) command:1001
09-28 17:54:43.860   921  1220 I C02d13/HDC_LOG: [session.cpp:891] AdminTask add task type:0 cid:428674374 sid:252******606(L:10) mapsize:2
09-28 17:54:43.860   921  1220 I C02d13/HDC_LOG: [task.cpp:34] HdcTaskBase type:0 cid:428674374 sid:252******606(L:10)
09-28 17:54:43.860   921  1220 I C02d13/HDC_LOG: [daemon_unity.cpp:414] Unity CommandDispatch command:1001 cid:428674374 sid:252******606(L:10)
09-28 17:54:43.860   921  1220 W C02d13/HDC_LOG: [async_cmd.cpp:114] GetDevItem false key:persist.hdc.root
09-28 17:54:43.861   921 16369 I C02d13/HDC_LOG: [async_cmd.cpp:225] Popen pipe fds[pipeRead]:34 fds[pipeWrite]:37, mode 0
09-28 17:54:43.865   921  1220 I C02d13/HDC_LOG: [async_cmd.cpp:291] ExecuteCommand cmd:param get const.product.os.dist.apiname fd:34 pid:16370
09-28 17:54:43.865   921  1220 I C02d13/HDC_LOG: [daemon_unity.cpp:486] Unity CommandDispatch command:1001 finish cid:428674374 sid:252******606(L:10)
09-28 17:54:43.866 16370 16370 W C02d13/HDC_LOG: [async_cmd.cpp:140] SetSelinuxLabel con:u:r:su:s0 isRoot:0
09-28 17:54:43.897   921 16371 I C02d13/HDC_LOG: [async_cmd.cpp:88] FinishShellProc finish pipeRead fd:34 pid:16370 count:1
09-28 17:54:43.897   921 16371 I C02d13/HDC_LOG: [task.cpp:55] HdcTaskBase::TaskFinish notify begin type:0 cid:428674374 sid:252******606(L:10)
09-28 17:54:43.897   921 16371 I C02d13/HDC_LOG: [task.cpp:58] HdcTaskBase::TaskFinish notify end type:0 cid:428674374 sid:252******606(L:10)
09-28 17:54:43.899   921  1220 I C02d13/HDC_LOG: [daemon.cpp:1142] FetchCommand channelId:428674374 command:2
09-28 17:54:43.899   921  1220 W C02d13/HDC_LOG: [session.cpp:160] BeginRemoveTask taskType:0 channelId:428674374
09-28 17:54:43.899   921  1220 W C02d13/HDC_LOG: [session.cpp:190] ClearOwnTasks OP_CLEAR finish, sessionId:252******606(L:10) channelIDInput:428674374
09-28 17:54:43.899   921  1220 W C02d13/HDC_LOG: [session.cpp:115] taskClassDeleteRetry start clear task, taskType:0 cid:428674374 sid:252******606(L:10)
09-28 17:54:43.899   921  1220 I C02d13/HDC_LOG: [async_cmd.cpp:69] DoRelease rc:-3 pid:16370
09-28 17:54:43.899   921  1220 I C02d13/HDC_LOG: [session.cpp:126] TaskDelay task remove retry count 0/30, taskType:0 channelId:428674374, sessionId:252******606(L:10)
09-28 17:54:43.899   921  1220 I C02d13/HDC_LOG: [daemon_unity.cpp:31] ~HdcDaemonUnity cid:428674374 sid:252******606(L:10)
09-28 17:54:43.899   921  1220 I C02d13/HDC_LOG: [task.cpp:40] ~HdcTaskBase type:0 cid:428674374 sid:252******606(L:10)
09-28 17:54:43.899   921  1220 W C02d13/HDC_LOG: [session.cpp:134] TaskDelay task remove finish, channelId:428674374
09-28 17:54:43.899   921  1220 I C02d13/HDC_LOG: [base.cpp:969] before uv handle close, the uv handle type is 13
09-28 17:54:43.904   921  1220 I C02d13/HDC_LOG: [daemon.cpp:1142] FetchCommand channelId:428674374 command:2
09-28 17:54:43.907   921  1220 I C02d13/HDC_LOG: [daemon.cpp:1142] FetchCommand channelId:1343696626 command:1001
09-28 17:54:43.907   921  1220 I C02d13/HDC_LOG: [session.cpp:1652] New HTaskInfo cid:1343696626 sid:252******606(L:10) command:1001
09-28 17:54:43.907   921  1220 I C02d13/HDC_LOG: [session.cpp:891] AdminTask add task type:0 cid:1343696626 sid:252******606(L:10) mapsize:2
09-28 17:54:43.907   921  1220 I C02d13/HDC_LOG: [task.cpp:34] HdcTaskBase type:0 cid:1343696626 sid:252******606(L:10)
09-28 17:54:43.907   921  1220 I C02d13/HDC_LOG: [daemon_unity.cpp:414] Unity CommandDispatch command:1001 cid:1343696626 sid:252******606(L:10)
09-28 17:54:43.907   921  1220 W C02d13/HDC_LOG: [async_cmd.cpp:114] GetDevItem false key:persist.hdc.root
09-28 17:54:43.908   921 16372 I C02d13/HDC_LOG: [async_cmd.cpp:225] Popen pipe fds[pipeRead]:34 fds[pipeWrite]:37, mode 0
09-28 17:54:43.911   921  1220 I C02d13/HDC_LOG: [async_cmd.cpp:291] ExecuteCommand cmd:param get const.product.os.dist.apiname fd:34 pid:16373
09-28 17:54:43.911   921  1220 I C02d13/HDC_LOG: [daemon_unity.cpp:486] Unity CommandDispatch command:1001 finish cid:1343696626 sid:252******606(L:10)
09-28 17:54:43.912 16373 16373 W C02d13/HDC_LOG: [async_cmd.cpp:140] SetSelinuxLabel con:u:r:su:s0 isRoot:0
09-28 17:54:43.951   921 16374 I C02d13/HDC_LOG: [async_cmd.cpp:88] FinishShellProc finish pipeRead fd:34 pid:16373 count:1
09-28 17:54:43.951   921 16374 I C02d13/HDC_LOG: [task.cpp:55] HdcTaskBase::TaskFinish notify begin type:0 cid:1343696626 sid:252******606(L:10)
09-28 17:54:43.951   921 16374 I C02d13/HDC_LOG: [task.cpp:58] HdcTaskBase::TaskFinish notify end type:0 cid:1343696626 sid:252******606(L:10)
09-28 17:54:43.953   921  1220 I C02d13/HDC_LOG: [daemon.cpp:1142] FetchCommand channelId:1343696626 command:2
09-28 17:54:43.953   921  1220 W C02d13/HDC_LOG: [session.cpp:160] BeginRemoveTask taskType:0 channelId:1343696626
09-28 17:54:43.953   921  1220 W C02d13/HDC_LOG: [session.cpp:190] ClearOwnTasks OP_CLEAR finish, sessionId:252******606(L:10) channelIDInput:1343696626
09-28 17:54:43.953   921  1220 W C02d13/HDC_LOG: [session.cpp:115] taskClassDeleteRetry start clear task, taskType:0 cid:1343696626 sid:252******606(L:10)
09-28 17:54:43.953   921  1220 I C02d13/HDC_LOG: [async_cmd.cpp:69] DoRelease rc:-3 pid:16373
09-28 17:54:43.953   921  1220 I C02d13/HDC_LOG: [session.cpp:126] TaskDelay task remove retry count 0/30, taskType:0 channelId:1343696626, sessionId:252******606(L:10)
09-28 17:54:43.953   921  1220 I C02d13/HDC_LOG: [daemon_unity.cpp:31] ~HdcDaemonUnity cid:1343696626 sid:252******606(L:10)
09-28 17:54:43.953   921  1220 I C02d13/HDC_LOG: [task.cpp:40] ~HdcTaskBase type:0 cid:1343696626 sid:252******606(L:10)
09-28 17:54:43.953   921  1220 W C02d13/HDC_LOG: [session.cpp:134] TaskDelay task remove finish, channelId:1343696626
09-28 17:54:43.953   921  1220 I C02d13/HDC_LOG: [base.cpp:969] before uv handle close, the uv handle type is 13
09-28 17:54:43.958   921  1220 I C02d13/HDC_LOG: [daemon.cpp:1142] FetchCommand channelId:1343696626 command:2
09-28 17:54:43.978   921  1220 I C02d13/HDC_LOG: [daemon.cpp:1142] FetchCommand channelId:3289398757 command:1001
09-28 17:54:43.978   921  1220 I C02d13/HDC_LOG: [session.cpp:1652] New HTaskInfo cid:3289398757 sid:252******606(L:10) command:1001
09-28 17:54:43.978   921  1220 I C02d13/HDC_LOG: [session.cpp:891] AdminTask add task type:0 cid:3289398757 sid:252******606(L:10) mapsize:2
09-28 17:54:43.978   921  1220 I C02d13/HDC_LOG: [task.cpp:34] HdcTaskBase type:0 cid:3289398757 sid:252******606(L:10)
09-28 17:54:43.978   921  1220 I C02d13/HDC_LOG: [daemon_unity.cpp:414] Unity CommandDispatch command:1001 cid:3289398757 sid:252******606(L:10)
09-28 17:54:43.978   921  1220 W C02d13/HDC_LOG: [async_cmd.cpp:114] GetDevItem false key:persist.hdc.root
09-28 17:54:43.978   921 16375 I C02d13/HDC_LOG: [async_cmd.cpp:225] Popen pipe fds[pipeRead]:34 fds[pipeWrite]:37, mode 0
09-28 17:54:43.982   921  1220 I C02d13/HDC_LOG: [async_cmd.cpp:291] ExecuteCommand cmd:param get const.product.os.dist.apiname fd:34 pid:16376
09-28 17:54:43.982   921  1220 I C02d13/HDC_LOG: [daemon_unity.cpp:486] Unity CommandDispatch command:1001 finish cid:3289398757 sid:252******606(L:10)
09-28 17:54:43.983 16376 16376 W C02d13/HDC_LOG: [async_cmd.cpp:140] SetSelinuxLabel con:u:r:su:s0 isRoot:0
09-28 17:54:44.016   921 16377 I C02d13/HDC_LOG: [async_cmd.cpp:88] FinishShellProc finish pipeRead fd:34 pid:16376 count:1
09-28 17:54:44.016   921 16377 I C02d13/HDC_LOG: [task.cpp:55] HdcTaskBase::TaskFinish notify begin type:0 cid:3289398757 sid:252******606(L:10)
09-28 17:54:44.017   921 16377 I C02d13/HDC_LOG: [task.cpp:58] HdcTaskBase::TaskFinish notify end type:0 cid:3289398757 sid:252******606(L:10)
09-28 17:54:44.018   921  1220 I C02d13/HDC_LOG: [daemon.cpp:1142] FetchCommand channelId:3289398757 command:2
09-28 17:54:44.018   921  1220 W C02d13/HDC_LOG: [session.cpp:160] BeginRemoveTask taskType:0 channelId:3289398757
09-28 17:54:44.018   921  1220 W C02d13/HDC_LOG: [session.cpp:190] ClearOwnTasks OP_CLEAR finish, sessionId:252******606(L:10) channelIDInput:3289398757
09-28 17:54:44.018   921  1220 W C02d13/HDC_LOG: [session.cpp:115] taskClassDeleteRetry start clear task, taskType:0 cid:3289398757 sid:252******606(L:10)
09-28 17:54:44.018   921  1220 I C02d13/HDC_LOG: [async_cmd.cpp:69] DoRelease rc:-3 pid:16376
09-28 17:54:44.019   921  1220 I C02d13/HDC_LOG: [session.cpp:126] TaskDelay task remove retry count 0/30, taskType:0 channelId:3289398757, sessionId:252******606(L:10)
09-28 17:54:44.019   921  1220 I C02d13/HDC_LOG: [daemon_unity.cpp:31] ~HdcDaemonUnity cid:3289398757 sid:252******606(L:10)
09-28 17:54:44.019   921  1220 I C02d13/HDC_LOG: [task.cpp:40] ~HdcTaskBase type:0 cid:3289398757 sid:252******606(L:10)
09-28 17:54:44.019   921  1220 W C02d13/HDC_LOG: [session.cpp:134] TaskDelay task remove finish, channelId:3289398757
09-28 17:54:44.019   921  1220 I C02d13/HDC_LOG: [base.cpp:969] before uv handle close, the uv handle type is 13
09-28 17:54:44.024   921  1220 I C02d13/HDC_LOG: [daemon.cpp:1142] FetchCommand channelId:3289398757 command:2
09-28 17:54:44.089   921  1220 I C02d13/HDC_LOG: [daemon.cpp:1142] FetchCommand channelId:0 command:5000
09-28 17:54:44.089   921  1220 I C02d13/HDC_LOG: [daemon.cpp:1163] recv heartbeat count is 140 for session 252******606(L:10)
09-28 17:54:44.093   921  1220 I C02d13/HDC_LOG: [daemon.cpp:1142] FetchCommand channelId:1936666416 command:1001
09-28 17:54:44.093   921  1220 I C02d13/HDC_LOG: [session.cpp:1652] New HTaskInfo cid:1936666416 sid:252******606(L:10) command:1001
09-28 17:54:44.093   921  1220 I C02d13/HDC_LOG: [session.cpp:891] AdminTask add task type:0 cid:1936666416 sid:252******606(L:10) mapsize:2
09-28 17:54:44.093   921  1220 I C02d13/HDC_LOG: [task.cpp:34] HdcTaskBase type:0 cid:1936666416 sid:252******606(L:10)
09-28 17:54:44.093   921  1220 I C02d13/HDC_LOG: [daemon_unity.cpp:414] Unity CommandDispatch command:1001 cid:1936666416 sid:252******606(L:10)
09-28 17:54:44.093   921  1220 W C02d13/HDC_LOG: [async_cmd.cpp:114] GetDevItem false key:persist.hdc.root
09-28 17:54:44.093   921 16378 I C02d13/HDC_LOG: [async_cmd.cpp:225] Popen pipe fds[pipeRead]:34 fds[pipeWrite]:37, mode 0
09-28 17:54:44.097   921  1220 I C02d13/HDC_LOG: [async_cmd.cpp:291] ExecuteCommand cmd:param get const.product.os.dist.apiname fd:34 pid:16379
09-28 17:54:44.098   921  1220 I C02d13/HDC_LOG: [daemon_unity.cpp:486] Unity CommandDispatch command:1001 finish cid:1936666416 sid:252******606(L:10)
09-28 17:54:44.098   921  1220 I C02d13/HDC_LOG: [session.cpp:1521] send heartbeat count is 140 and messages count is 13364 for session 252******606(L:10)
09-28 17:54:44.098 16379 16379 W C02d13/HDC_LOG: [async_cmd.cpp:140] SetSelinuxLabel con:u:r:su:s0 isRoot:0
09-28 17:54:44.134   921 16380 I C02d13/HDC_LOG: [async_cmd.cpp:88] FinishShellProc finish pipeRead fd:34 pid:16379 count:1
09-28 17:54:44.134   921 16380 I C02d13/HDC_LOG: [task.cpp:55] HdcTaskBase::TaskFinish notify begin type:0 cid:1936666416 sid:252******606(L:10)
09-28 17:54:44.134   921 16380 I C02d13/HDC_LOG: [task.cpp:58] HdcTaskBase::TaskFinish notify end type:0 cid:1936666416 sid:252******606(L:10)
09-28 17:54:44.136   921  1220 I C02d13/HDC_LOG: [daemon.cpp:1142] FetchCommand channelId:1936666416 command:2
09-28 17:54:44.136   921  1220 W C02d13/HDC_LOG: [session.cpp:160] BeginRemoveTask taskType:0 channelId:1936666416
09-28 17:54:44.136   921  1220 W C02d13/HDC_LOG: [session.cpp:190] ClearOwnTasks OP_CLEAR finish, sessionId:252******606(L:10) channelIDInput:1936666416
09-28 17:54:44.136   921  1220 W C02d13/HDC_LOG: [session.cpp:115] taskClassDeleteRetry start clear task, taskType:0 cid:1936666416 sid:252******606(L:10)
09-28 17:54:44.136   921  1220 I C02d13/HDC_LOG: [async_cmd.cpp:69] DoRelease rc:-3 pid:16379
09-28 17:54:44.136   921  1220 I C02d13/HDC_LOG: [session.cpp:126] TaskDelay task remove retry count 0/30, taskType:0 channelId:1936666416, sessionId:252******606(L:10)
09-28 17:54:44.136   921  1220 I C02d13/HDC_LOG: [daemon_unity.cpp:31] ~HdcDaemonUnity cid:1936666416 sid:252******606(L:10)
09-28 17:54:44.136   921  1220 I C02d13/HDC_LOG: [task.cpp:40] ~HdcTaskBase type:0 cid:1936666416 sid:252******606(L:10)
09-28 17:54:44.136   921  1220 W C02d13/HDC_LOG: [session.cpp:134] TaskDelay task remove finish, channelId:1936666416
09-28 17:54:44.136   921  1220 I C02d13/HDC_LOG: [base.cpp:969] before uv handle close, the uv handle type is 13
09-28 17:54:44.140   921  1220 I C02d13/HDC_LOG: [daemon.cpp:1142] FetchCommand channelId:1936666416 command:2
09-28 17:54:44.142   921  1220 I C02d13/HDC_LOG: [daemon.cpp:1142] FetchCommand channelId:756803705 command:1001
09-28 17:54:44.142   921  1220 I C02d13/HDC_LOG: [session.cpp:1652] New HTaskInfo cid:756803705 sid:252******606(L:10) command:1001
09-28 17:54:44.142   921  1220 I C02d13/HDC_LOG: [session.cpp:891] AdminTask add task type:0 cid:756803705 sid:252******606(L:10) mapsize:2
09-28 17:54:44.142   921  1220 I C02d13/HDC_LOG: [task.cpp:34] HdcTaskBase type:0 cid:756803705 sid:252******606(L:10)
09-28 17:54:44.142   921  1220 I C02d13/HDC_LOG: [daemon_unity.cpp:414] Unity CommandDispatch command:1001 cid:756803705 sid:252******606(L:10)
09-28 17:54:44.142   921  1220 W C02d13/HDC_LOG: [async_cmd.cpp:114] GetDevItem false key:persist.hdc.root
09-28 17:54:44.142   921 16381 I C02d13/HDC_LOG: [async_cmd.cpp:225] Popen pipe fds[pipeRead]:34 fds[pipeWrite]:37, mode 0
09-28 17:54:44.146   921  1220 I C02d13/HDC_LOG: [async_cmd.cpp:291] ExecuteCommand cmd:param get const.product.os.dist.apiname fd:34 pid:16382
09-28 17:54:44.146   921  1220 I C02d13/HDC_LOG: [daemon_unity.cpp:486] Unity CommandDispatch command:1001 finish cid:756803705 sid:252******606(L:10)
09-28 17:54:44.147 16382 16382 W C02d13/HDC_LOG: [async_cmd.cpp:140] SetSelinuxLabel con:u:r:su:s0 isRoot:0
09-28 17:54:44.177   921 16383 I C02d13/HDC_LOG: [async_cmd.cpp:88] FinishShellProc finish pipeRead fd:34 pid:16382 count:1
09-28 17:54:44.177   921 16383 I C02d13/HDC_LOG: [task.cpp:55] HdcTaskBase::TaskFinish notify begin type:0 cid:756803705 sid:252******606(L:10)
09-28 17:54:44.178   921 16383 I C02d13/HDC_LOG: [task.cpp:58] HdcTaskBase::TaskFinish notify end type:0 cid:756803705 sid:252******606(L:10)
09-28 17:54:44.179   921  1220 I C02d13/HDC_LOG: [daemon.cpp:1142] FetchCommand channelId:756803705 command:2
09-28 17:54:44.179   921  1220 W C02d13/HDC_LOG: [session.cpp:160] BeginRemoveTask taskType:0 channelId:756803705
09-28 17:54:44.179   921  1220 W C02d13/HDC_LOG: [session.cpp:190] ClearOwnTasks OP_CLEAR finish, sessionId:252******606(L:10) channelIDInput:756803705
09-28 17:54:44.179   921  1220 W C02d13/HDC_LOG: [session.cpp:115] taskClassDeleteRetry start clear task, taskType:0 cid:756803705 sid:252******606(L:10)
09-28 17:54:44.179   921  1220 I C02d13/HDC_LOG: [async_cmd.cpp:69] DoRelease rc:-3 pid:16382
09-28 17:54:44.179   921  1220 I C02d13/HDC_LOG: [session.cpp:126] TaskDelay task remove retry count 0/30, taskType:0 channelId:756803705, sessionId:252******606(L:10)
09-28 17:54:44.179   921  1220 I C02d13/HDC_LOG: [daemon_unity.cpp:31] ~HdcDaemonUnity cid:756803705 sid:252******606(L:10)
09-28 17:54:44.179   921  1220 I C02d13/HDC_LOG: [task.cpp:40] ~HdcTaskBase type:0 cid:756803705 sid:252******606(L:10)
09-28 17:54:44.179   921  1220 W C02d13/HDC_LOG: [session.cpp:134] TaskDelay task remove finish, channelId:756803705
09-28 17:54:44.179   921  1220 I C02d13/HDC_LOG: [base.cpp:969] before uv handle close, the uv handle type is 13
09-28 17:54:44.184   921  1220 I C02d13/HDC_LOG: [daemon.cpp:1142] FetchCommand channelId:756803705 command:2
09-28 17:54:44.205   921  1220 I C02d13/HDC_LOG: [daemon.cpp:1142] FetchCommand channelId:725614911 command:1001
09-28 17:54:44.205   921  1220 I C02d13/HDC_LOG: [session.cpp:1652] New HTaskInfo cid:725614911 sid:252******606(L:10) command:1001
09-28 17:54:44.205   921  1220 I C02d13/HDC_LOG: [session.cpp:891] AdminTask add task type:0 cid:725614911 sid:252******606(L:10) mapsize:2
09-28 17:54:44.205   921  1220 I C02d13/HDC_LOG: [task.cpp:34] HdcTaskBase type:0 cid:725614911 sid:252******606(L:10)
09-28 17:54:44.205   921  1220 I C02d13/HDC_LOG: [daemon_unity.cpp:414] Unity CommandDispatch command:1001 cid:725614911 sid:252******606(L:10)
09-28 17:54:44.205   921  1220 W C02d13/HDC_LOG: [async_cmd.cpp:114] GetDevItem false key:persist.hdc.root
09-28 17:54:44.206   921 16384 I C02d13/HDC_LOG: [async_cmd.cpp:225] Popen pipe fds[pipeRead]:34 fds[pipeWrite]:37, mode 0
09-28 17:54:44.209   921  1220 I C02d13/HDC_LOG: [async_cmd.cpp:291] ExecuteCommand cmd:param get const.product.os.dist.apiname fd:34 pid:16385
09-28 17:54:44.210   921  1220 I C02d13/HDC_LOG: [daemon_unity.cpp:486] Unity CommandDispatch command:1001 finish cid:725614911 sid:252******606(L:10)
09-28 17:54:44.211 16385 16385 W C02d13/HDC_LOG: [async_cmd.cpp:140] SetSelinuxLabel con:u:r:su:s0 isRoot:0
09-28 17:54:44.250   921 16386 I C02d13/HDC_LOG: [async_cmd.cpp:88] FinishShellProc finish pipeRead fd:34 pid:16385 count:1
09-28 17:54:44.250   921 16386 I C02d13/HDC_LOG: [task.cpp:55] HdcTaskBase::TaskFinish notify begin type:0 cid:725614911 sid:252******606(L:10)
09-28 17:54:44.251   921 16386 I C02d13/HDC_LOG: [task.cpp:58] HdcTaskBase::TaskFinish notify end type:0 cid:725614911 sid:252******606(L:10)
09-28 17:54:44.253   921  1220 I C02d13/HDC_LOG: [daemon.cpp:1142] FetchCommand channelId:725614911 command:2
09-28 17:54:44.253   921  1220 W C02d13/HDC_LOG: [session.cpp:160] BeginRemoveTask taskType:0 channelId:725614911
09-28 17:54:44.253   921  1220 W C02d13/HDC_LOG: [session.cpp:190] ClearOwnTasks OP_CLEAR finish, sessionId:252******606(L:10) channelIDInput:725614911
09-28 17:54:44.253   921  1220 W C02d13/HDC_LOG: [session.cpp:115] taskClassDeleteRetry start clear task, taskType:0 cid:725614911 sid:252******606(L:10)
09-28 17:54:44.253   921  1220 I C02d13/HDC_LOG: [async_cmd.cpp:69] DoRelease rc:-3 pid:16385
09-28 17:54:44.253   921  1220 I C02d13/HDC_LOG: [session.cpp:126] TaskDelay task remove retry count 0/30, taskType:0 channelId:725614911, sessionId:252******606(L:10)
09-28 17:54:44.253   921  1220 I C02d13/HDC_LOG: [daemon_unity.cpp:31] ~HdcDaemonUnity cid:725614911 sid:252******606(L:10)
09-28 17:54:44.253   921  1220 I C02d13/HDC_LOG: [task.cpp:40] ~HdcTaskBase type:0 cid:725614911 sid:252******606(L:10)
09-28 17:54:44.253   921  1220 W C02d13/HDC_LOG: [session.cpp:134] TaskDelay task remove finish, channelId:725614911
09-28 17:54:44.253   921  1220 I C02d13/HDC_LOG: [base.cpp:969] before uv handle close, the uv handle type is 13
09-28 17:54:44.258   921  1220 I C02d13/HDC_LOG: [daemon.cpp:1142] FetchCommand channelId:725614911 command:2
09-28 17:54:44.353  2316  2316 E C02c11/APPSPAWN: [appspawn_kickdog.c:29]open /sys/kernel/hungtask/userlist fail,errno:2
09-28 17:54:44.765   921  1220 I C02d13/HDC_LOG: [daemon.cpp:1142] FetchCommand channelId:1506727371 command:1001
09-28 17:54:44.765   921  1220 I C02d13/HDC_LOG: [session.cpp:1652] New HTaskInfo cid:1506727371 sid:252******606(L:10) command:1001
09-28 17:54:44.765   921  1220 I C02d13/HDC_LOG: [session.cpp:891] AdminTask add task type:0 cid:1506727371 sid:252******606(L:10) mapsize:2
09-28 17:54:44.765   921  1220 I C02d13/HDC_LOG: [task.cpp:34] HdcTaskBase type:0 cid:1506727371 sid:252******606(L:10)
09-28 17:54:44.765   921  1220 I C02d13/HDC_LOG: [daemon_unity.cpp:414] Unity CommandDispatch command:1001 cid:1506727371 sid:252******606(L:10)
09-28 17:54:44.765   921  1220 W C02d13/HDC_LOG: [async_cmd.cpp:114] GetDevItem false key:persist.hdc.root
09-28 17:54:44.765   921 16387 I C02d13/HDC_LOG: [async_cmd.cpp:225] Popen pipe fds[pipeRead]:34 fds[pipeWrite]:37, mode 0
09-28 17:54:44.769   921  1220 I C02d13/HDC_LOG: [async_cmd.cpp:291] ExecuteCommand cmd:param get const.product.os.dist.apiname fd:34 pid:16388
09-28 17:54:44.769   921  1220 I C02d13/HDC_LOG: [daemon_unity.cpp:486] Unity CommandDispatch command:1001 finish cid:1506727371 sid:252******606(L:10)
09-28 17:54:44.770 16388 16388 W C02d13/HDC_LOG: [async_cmd.cpp:140] SetSelinuxLabel con:u:r:su:s0 isRoot:0
09-28 17:54:44.810   921 16389 I C02d13/HDC_LOG: [async_cmd.cpp:88] FinishShellProc finish pipeRead fd:34 pid:16388 count:1
09-28 17:54:44.811   921 16389 I C02d13/HDC_LOG: [task.cpp:55] HdcTaskBase::TaskFinish notify begin type:0 cid:1506727371 sid:252******606(L:10)
09-28 17:54:44.811   921 16389 I C02d13/HDC_LOG: [task.cpp:58] HdcTaskBase::TaskFinish notify end type:0 cid:1506727371 sid:252******606(L:10)
09-28 17:54:44.813   921  1220 I C02d13/HDC_LOG: [daemon.cpp:1142] FetchCommand channelId:1506727371 command:2
09-28 17:54:44.813   921  1220 W C02d13/HDC_LOG: [session.cpp:160] BeginRemoveTask taskType:0 channelId:1506727371
09-28 17:54:44.813   921  1220 W C02d13/HDC_LOG: [session.cpp:190] ClearOwnTasks OP_CLEAR finish, sessionId:252******606(L:10) channelIDInput:1506727371
09-28 17:54:44.813   921  1220 W C02d13/HDC_LOG: [session.cpp:115] taskClassDeleteRetry start clear task, taskType:0 cid:1506727371 sid:252******606(L:10)
09-28 17:54:44.813   921  1220 I C02d13/HDC_LOG: [async_cmd.cpp:69] DoRelease rc:-3 pid:16388
09-28 17:54:44.813   921  1220 I C02d13/HDC_LOG: [session.cpp:126] TaskDelay task remove retry count 0/30, taskType:0 channelId:1506727371, sessionId:252******606(L:10)
09-28 17:54:44.813   921  1220 I C02d13/HDC_LOG: [daemon_unity.cpp:31] ~HdcDaemonUnity cid:1506727371 sid:252******606(L:10)
09-28 17:54:44.813   921  1220 I C02d13/HDC_LOG: [task.cpp:40] ~HdcTaskBase type:0 cid:1506727371 sid:252******606(L:10)
09-28 17:54:44.813   921  1220 W C02d13/HDC_LOG: [session.cpp:134] TaskDelay task remove finish, channelId:1506727371
09-28 17:54:44.813   921  1220 I C02d13/HDC_LOG: [base.cpp:969] before uv handle close, the uv handle type is 13
09-28 17:54:44.818   921  1220 I C02d13/HDC_LOG: [daemon.cpp:1142] FetchCommand channelId:1506727371 command:2
09-28 17:54:44.983   921  1220 I C02d13/HDC_LOG: [daemon.cpp:1142] FetchCommand channelId:574305372 command:1001
09-28 17:54:44.983   921  1220 I C02d13/HDC_LOG: [session.cpp:1652] New HTaskInfo cid:574305372 sid:252******606(L:10) command:1001
09-28 17:54:44.983   921  1220 I C02d13/HDC_LOG: [session.cpp:891] AdminTask add task type:0 cid:574305372 sid:252******606(L:10) mapsize:2
09-28 17:54:44.983   921  1220 I C02d13/HDC_LOG: [task.cpp:34] HdcTaskBase type:0 cid:574305372 sid:252******606(L:10)
09-28 17:54:44.983   921  1220 I C02d13/HDC_LOG: [daemon_unity.cpp:414] Unity CommandDispatch command:1001 cid:574305372 sid:252******606(L:10)
09-28 17:54:44.983   921  1220 W C02d13/HDC_LOG: [async_cmd.cpp:114] GetDevItem false key:persist.hdc.root
09-28 17:54:44.983   921 16390 I C02d13/HDC_LOG: [async_cmd.cpp:225] Popen pipe fds[pipeRead]:34 fds[pipeWrite]:37, mode 0
09-28 17:54:44.987   921  1220 I C02d13/HDC_LOG: [async_cmd.cpp:291] ExecuteCommand cmd:param get const.product.os.dist.apiname fd:34 pid:16391
09-28 17:54:44.987   921  1220 I C02d13/HDC_LOG: [daemon_unity.cpp:486] Unity CommandDispatch command:1001 finish cid:574305372 sid:252******606(L:10)
09-28 17:54:44.988 16391 16391 W C02d13/HDC_LOG: [async_cmd.cpp:140] SetSelinuxLabel con:u:r:su:s0 isRoot:0
09-28 17:54:45.018   921 16392 I C02d13/HDC_LOG: [async_cmd.cpp:88] FinishShellProc finish pipeRead fd:34 pid:16391 count:1
09-28 17:54:45.018   921 16392 I C02d13/HDC_LOG: [task.cpp:55] HdcTaskBase::TaskFinish notify begin type:0 cid:574305372 sid:252******606(L:10)
09-28 17:54:45.018   921 16392 I C02d13/HDC_LOG: [task.cpp:58] HdcTaskBase::TaskFinish notify end type:0 cid:574305372 sid:252******606(L:10)
09-28 17:54:45.020   921  1220 I C02d13/HDC_LOG: [daemon.cpp:1142] FetchCommand channelId:574305372 command:2
09-28 17:54:45.020   921  1220 W C02d13/HDC_LOG: [session.cpp:160] BeginRemoveTask taskType:0 channelId:574305372
09-28 17:54:45.020   921  1220 W C02d13/HDC_LOG: [session.cpp:190] ClearOwnTasks OP_CLEAR finish, sessionId:252******606(L:10) channelIDInput:574305372
09-28 17:54:45.020   921  1220 W C02d13/HDC_LOG: [session.cpp:115] taskClassDeleteRetry start clear task, taskType:0 cid:574305372 sid:252******606(L:10)
09-28 17:54:45.020   921  1220 I C02d13/HDC_LOG: [async_cmd.cpp:69] DoRelease rc:-3 pid:16391
09-28 17:54:45.020   921  1220 I C02d13/HDC_LOG: [session.cpp:126] TaskDelay task remove retry count 0/30, taskType:0 channelId:574305372, sessionId:252******606(L:10)
09-28 17:54:45.020   921  1220 I C02d13/HDC_LOG: [daemon_unity.cpp:31] ~HdcDaemonUnity cid:574305372 sid:252******606(L:10)
09-28 17:54:45.020   921  1220 I C02d13/HDC_LOG: [task.cpp:40] ~HdcTaskBase type:0 cid:574305372 sid:252******606(L:10)
09-28 17:54:45.020   921  1220 W C02d13/HDC_LOG: [session.cpp:134] TaskDelay task remove finish, channelId:574305372
09-28 17:54:45.020   921  1220 I C02d13/HDC_LOG: [base.cpp:969] before uv handle close, the uv handle type is 13
09-28 17:54:45.025   921  1220 I C02d13/HDC_LOG: [daemon.cpp:1142] FetchCommand channelId:574305372 command:2
09-28 17:54:45.112   383  1500 I C02d10/CpuCollector: CalculateProcessCpuStatInfos: startTime=1790589275107, endTime=1790589285112, startBootTime=711623, endBootTime=721628, period=10005, isNeedUpdate=1
09-28 17:54:45.411   921  1220 I C02d13/HDC_LOG: [daemon.cpp:1142] FetchCommand channelId:3815056604 command:1001
09-28 17:54:45.411   921  1220 I C02d13/HDC_LOG: [session.cpp:1652] New HTaskInfo cid:3815056604 sid:252******606(L:10) command:1001
09-28 17:54:45.411   921  1220 I C02d13/HDC_LOG: [session.cpp:891] AdminTask add task type:0 cid:3815056604 sid:252******606(L:10) mapsize:2
09-28 17:54:45.411   921  1220 I C02d13/HDC_LOG: [task.cpp:34] HdcTaskBase type:0 cid:3815056604 sid:252******606(L:10)
09-28 17:54:45.411   921  1220 I C02d13/HDC_LOG: [daemon_unity.cpp:414] Unity CommandDispatch command:1001 cid:3815056604 sid:252******606(L:10)
09-28 17:54:45.411   921  1220 W C02d13/HDC_LOG: [async_cmd.cpp:114] GetDevItem false key:persist.hdc.root
09-28 17:54:45.411   921 16393 I C02d13/HDC_LOG: [async_cmd.cpp:225] Popen pipe fds[pipeRead]:34 fds[pipeWrite]:37, mode 0
09-28 17:54:45.415   921  1220 I C02d13/HDC_LOG: [async_cmd.cpp:291] ExecuteCommand cmd:param get const.product.os.dist.apiname fd:34 pid:16394
09-28 17:54:45.415   921  1220 I C02d13/HDC_LOG: [daemon_unity.cpp:486] Unity CommandDispatch command:1001 finish cid:3815056604 sid:252******606(L:10)
09-28 17:54:45.416 16394 16394 W C02d13/HDC_LOG: [async_cmd.cpp:140] SetSelinuxLabel con:u:r:su:s0 isRoot:0
09-28 17:54:45.453   921 16395 I C02d13/HDC_LOG: [async_cmd.cpp:88] FinishShellProc finish pipeRead fd:34 pid:16394 count:1
09-28 17:54:45.453   921 16395 I C02d13/HDC_LOG: [task.cpp:55] HdcTaskBase::TaskFinish notify begin type:0 cid:3815056604 sid:252******606(L:10)
09-28 17:54:45.453   921 16395 I C02d13/HDC_LOG: [task.cpp:58] HdcTaskBase::TaskFinish notify end type:0 cid:3815056604 sid:252******606(L:10)
09-28 17:54:45.455   921  1220 I C02d13/HDC_LOG: [daemon.cpp:1142] FetchCommand channelId:3815056604 command:2
09-28 17:54:45.455   921  1220 W C02d13/HDC_LOG: [session.cpp:160] BeginRemoveTask taskType:0 channelId:3815056604
09-28 17:54:45.455   921  1220 W C02d13/HDC_LOG: [session.cpp:190] ClearOwnTasks OP_CLEAR finish, sessionId:252******606(L:10) channelIDInput:3815056604
09-28 17:54:45.455   921  1220 W C02d13/HDC_LOG: [session.cpp:115] taskClassDeleteRetry start clear task, taskType:0 cid:3815056604 sid:252******606(L:10)
09-28 17:54:45.455   921  1220 I C02d13/HDC_LOG: [async_cmd.cpp:69] DoRelease rc:-3 pid:16394
09-28 17:54:45.455   921  1220 I C02d13/HDC_LOG: [session.cpp:126] TaskDelay task remove retry count 0/30, taskType:0 channelId:3815056604, sessionId:252******606(L:10)
09-28 17:54:45.455   921  1220 I C02d13/HDC_LOG: [daemon_unity.cpp:31] ~HdcDaemonUnity cid:3815056604 sid:252******606(L:10)
09-28 17:54:45.455   921  1220 I C02d13/HDC_LOG: [task.cpp:40] ~HdcTaskBase type:0 cid:3815056604 sid:252******606(L:10)
09-28 17:54:45.455   921  1220 W C02d13/HDC_LOG: [session.cpp:134] TaskDelay task remove finish, channelId:3815056604
09-28 17:54:45.455   921  1220 I C02d13/HDC_LOG: [base.cpp:969] before uv handle close, the uv handle type is 13
09-28 17:54:45.461   921  1220 I C02d13/HDC_LOG: [daemon.cpp:1142] FetchCommand channelId:3815056604 command:2
09-28 17:54:45.859   921  1220 I C02d13/HDC_LOG: [daemon.cpp:1142] FetchCommand channelId:4293554294 command:1001
09-28 17:54:45.859   921  1220 I C02d13/HDC_LOG: [session.cpp:1652] New HTaskInfo cid:4293554294 sid:252******606(L:10) command:1001
09-28 17:54:45.859   921  1220 I C02d13/HDC_LOG: [session.cpp:891] AdminTask add task type:0 cid:4293554294 sid:252******606(L:10) mapsize:2
09-28 17:54:45.859   921  1220 I C02d13/HDC_LOG: [task.cpp:34] HdcTaskBase type:0 cid:4293554294 sid:252******606(L:10)
09-28 17:54:45.859   921  1220 I C02d13/HDC_LOG: [daemon_unity.cpp:414] Unity CommandDispatch command:1001 cid:4293554294 sid:252******606(L:10)
09-28 17:54:45.859   921  1220 W C02d13/HDC_LOG: [async_cmd.cpp:114] GetDevItem false key:persist.hdc.root
09-28 17:54:45.860   921 16396 I C02d13/HDC_LOG: [async_cmd.cpp:225] Popen pipe fds[pipeRead]:34 fds[pipeWrite]:37, mode 0
09-28 17:54:45.863   921  1220 I C02d13/HDC_LOG: [async_cmd.cpp:291] ExecuteCommand cmd:param get const.product.os.dist.apiname fd:34 pid:16397
09-28 17:54:45.863   921  1220 I C02d13/HDC_LOG: [daemon_unity.cpp:486] Unity CommandDispatch command:1001 finish cid:4293554294 sid:252******606(L:10)
09-28 17:54:45.865 16397 16397 W C02d13/HDC_LOG: [async_cmd.cpp:140] SetSelinuxLabel con:u:r:su:s0 isRoot:0
09-28 17:54:45.876   544   752 I C02801/MMIService: [|534]Set thread status flag to true
09-28 17:54:45.886   774  1107 E C02943/ThermalHdi: create output dir failed
09-28 17:54:45.886   774  1107 E C02943/ThermalHdi: open uncompressfile failed
09-28 17:54:45.894   921 16398 I C02d13/HDC_LOG: [async_cmd.cpp:88] FinishShellProc finish pipeRead fd:34 pid:16397 count:1
09-28 17:54:45.894   921 16398 I C02d13/HDC_LOG: [task.cpp:55] HdcTaskBase::TaskFinish notify begin type:0 cid:4293554294 sid:252******606(L:10)
09-28 17:54:45.895   921 16398 I C02d13/HDC_LOG: [task.cpp:58] HdcTaskBase::TaskFinish notify end type:0 cid:4293554294 sid:252******606(L:10)
09-28 17:54:45.897   921  1220 I C02d13/HDC_LOG: [daemon.cpp:1142] FetchCommand channelId:4293554294 command:2
09-28 17:54:45.897   921  1220 W C02d13/HDC_LOG: [session.cpp:160] BeginRemoveTask taskType:0 channelId:4293554294
09-28 17:54:45.897   921  1220 W C02d13/HDC_LOG: [session.cpp:190] ClearOwnTasks OP_CLEAR finish, sessionId:252******606(L:10) channelIDInput:4293554294
09-28 17:54:45.897   921  1220 W C02d13/HDC_LOG: [session.cpp:115] taskClassDeleteRetry start clear task, taskType:0 cid:4293554294 sid:252******606(L:10)
09-28 17:54:45.897   921  1220 I C02d13/HDC_LOG: [async_cmd.cpp:69] DoRelease rc:-3 pid:16397
09-28 17:54:45.897   921  1220 I C02d13/HDC_LOG: [session.cpp:126] TaskDelay task remove retry count 0/30, taskType:0 channelId:4293554294, sessionId:252******606(L:10)
09-28 17:54:45.897   921  1220 I C02d13/HDC_LOG: [daemon_unity.cpp:31] ~HdcDaemonUnity cid:4293554294 sid:252******606(L:10)
09-28 17:54:45.897   921  1220 I C02d13/HDC_LOG: [task.cpp:40] ~HdcTaskBase type:0 cid:4293554294 sid:252******606(L:10)
09-28 17:54:45.897   921  1220 W C02d13/HDC_LOG: [session.cpp:134] TaskDelay task remove finish, channelId:4293554294
09-28 17:54:45.897   921  1220 I C02d13/HDC_LOG: [base.cpp:969] before uv handle close, the uv handle type is 13
09-28 17:54:45.902   921  1220 I C02d13/HDC_LOG: [daemon.cpp:1142] FetchCommand channelId:4293554294 command:2
09-28 17:54:45.905   921  1220 I C02d13/HDC_LOG: [daemon.cpp:1142] FetchCommand channelId:2971123399 command:1001
09-28 17:54:45.905   921  1220 I C02d13/HDC_LOG: [session.cpp:1652] New HTaskInfo cid:2971123399 sid:252******606(L:10) command:1001
09-28 17:54:45.905   921  1220 I C02d13/HDC_LOG: [session.cpp:891] AdminTask add task type:0 cid:2971123399 sid:252******606(L:10) mapsize:2
09-28 17:54:45.905   921  1220 I C02d13/HDC_LOG: [task.cpp:34] HdcTaskBase type:0 cid:2971123399 sid:252******606(L:10)
09-28 17:54:45.905   921  1220 I C02d13/HDC_LOG: [daemon_unity.cpp:414] Unity CommandDispatch command:1001 cid:2971123399 sid:252******606(L:10)
09-28 17:54:45.905   921  1220 W C02d13/HDC_LOG: [async_cmd.cpp:114] GetDevItem false key:persist.hdc.root
09-28 17:54:45.906   921 16399 I C02d13/HDC_LOG: [async_cmd.cpp:225] Popen pipe fds[pipeRead]:34 fds[pipeWrite]:37, mode 0
09-28 17:54:45.909   921  1220 I C02d13/HDC_LOG: [async_cmd.cpp:291] ExecuteCommand cmd:param get const.product.os.dist.apiname fd:34 pid:16400
09-28 17:54:45.910   921  1220 I C02d13/HDC_LOG: [daemon_unity.cpp:486] Unity CommandDispatch command:1001 finish cid:2971123399 sid:252******606(L:10)
09-28 17:54:45.911 16400 16400 W C02d13/HDC_LOG: [async_cmd.cpp:140] SetSelinuxLabel con:u:r:su:s0 isRoot:0
09-28 17:54:45.950   921 16401 I C02d13/HDC_LOG: [async_cmd.cpp:88] FinishShellProc finish pipeRead fd:34 pid:16400 count:1
09-28 17:54:45.950   921 16401 I C02d13/HDC_LOG: [task.cpp:55] HdcTaskBase::TaskFinish notify begin type:0 cid:2971123399 sid:252******606(L:10)
09-28 17:54:45.951   921 16401 I C02d13/HDC_LOG: [task.cpp:58] HdcTaskBase::TaskFinish notify end type:0 cid:2971123399 sid:252******606(L:10)
09-28 17:54:45.952   921  1220 I C02d13/HDC_LOG: [daemon.cpp:1142] FetchCommand channelId:2971123399 command:2
09-28 17:54:45.952   921  1220 W C02d13/HDC_LOG: [session.cpp:160] BeginRemoveTask taskType:0 channelId:2971123399
09-28 17:54:45.952   921  1220 W C02d13/HDC_LOG: [session.cpp:190] ClearOwnTasks OP_CLEAR finish, sessionId:252******606(L:10) channelIDInput:2971123399
09-28 17:54:45.952   921  1220 W C02d13/HDC_LOG: [session.cpp:115] taskClassDeleteRetry start clear task, taskType:0 cid:2971123399 sid:252******606(L:10)
09-28 17:54:45.952   921  1220 I C02d13/HDC_LOG: [async_cmd.cpp:69] DoRelease rc:-3 pid:16400
09-28 17:54:45.952   921  1220 I C02d13/HDC_LOG: [session.cpp:126] TaskDelay task remove retry count 0/30, taskType:0 channelId:2971123399, sessionId:252******606(L:10)
09-28 17:54:45.952   921  1220 I C02d13/HDC_LOG: [daemon_unity.cpp:31] ~HdcDaemonUnity cid:2971123399 sid:252******606(L:10)
09-28 17:54:45.952   921  1220 I C02d13/HDC_LOG: [task.cpp:40] ~HdcTaskBase type:0 cid:2971123399 sid:252******606(L:10)
09-28 17:54:45.952   921  1220 W C02d13/HDC_LOG: [session.cpp:134] TaskDelay task remove finish, channelId:2971123399
09-28 17:54:45.952   921  1220 I C02d13/HDC_LOG: [base.cpp:969] before uv handle close, the uv handle type is 13
09-28 17:54:45.957   921  1220 I C02d13/HDC_LOG: [daemon.cpp:1142] FetchCommand channelId:2971123399 command:2
09-28 17:54:45.983   921  1220 I C02d13/HDC_LOG: [daemon.cpp:1142] FetchCommand channelId:3713645570 command:1001
09-28 17:54:45.983   921  1220 I C02d13/HDC_LOG: [session.cpp:1652] New HTaskInfo cid:3713645570 sid:252******606(L:10) command:1001
09-28 17:54:45.983   921  1220 I C02d13/HDC_LOG: [session.cpp:891] AdminTask add task type:0 cid:3713645570 sid:252******606(L:10) mapsize:2
09-28 17:54:45.983   921  1220 I C02d13/HDC_LOG: [task.cpp:34] HdcTaskBase type:0 cid:3713645570 sid:252******606(L:10)
09-28 17:54:45.983   921  1220 I C02d13/HDC_LOG: [daemon_unity.cpp:414] Unity CommandDispatch command:1001 cid:3713645570 sid:252******606(L:10)
09-28 17:54:45.983   921  1220 W C02d13/HDC_LOG: [async_cmd.cpp:114] GetDevItem false key:persist.hdc.root
09-28 17:54:45.984   921 16402 I C02d13/HDC_LOG: [async_cmd.cpp:225] Popen pipe fds[pipeRead]:34 fds[pipeWrite]:37, mode 0
09-28 17:54:45.987   921  1220 I C02d13/HDC_LOG: [async_cmd.cpp:291] ExecuteCommand cmd:param get const.product.os.dist.apiname fd:34 pid:16403
09-28 17:54:45.987   921  1220 I C02d13/HDC_LOG: [daemon_unity.cpp:486] Unity CommandDispatch command:1001 finish cid:3713645570 sid:252******606(L:10)
09-28 17:54:45.988 16403 16403 W C02d13/HDC_LOG: [async_cmd.cpp:140] SetSelinuxLabel con:u:r:su:s0 isRoot:0
09-28 17:54:46.017   921 16404 I C02d13/HDC_LOG: [async_cmd.cpp:88] FinishShellProc finish pipeRead fd:34 pid:16403 count:1
09-28 17:54:46.017   921 16404 I C02d13/HDC_LOG: [task.cpp:55] HdcTaskBase::TaskFinish notify begin type:0 cid:3713645570 sid:252******606(L:10)
09-28 17:54:46.018   921 16404 I C02d13/HDC_LOG: [task.cpp:58] HdcTaskBase::TaskFinish notify end type:0 cid:3713645570 sid:252******606(L:10)
09-28 17:54:46.019   921  1220 I C02d13/HDC_LOG: [daemon.cpp:1142] FetchCommand channelId:3713645570 command:2
09-28 17:54:46.019   921  1220 W C02d13/HDC_LOG: [session.cpp:160] BeginRemoveTask taskType:0 channelId:3713645570
09-28 17:54:46.019   921  1220 W C02d13/HDC_LOG: [session.cpp:190] ClearOwnTasks OP_CLEAR finish, sessionId:252******606(L:10) channelIDInput:3713645570
09-28 17:54:46.019   921  1220 W C02d13/HDC_LOG: [session.cpp:115] taskClassDeleteRetry start clear task, taskType:0 cid:3713645570 sid:252******606(L:10)
09-28 17:54:46.019   921  1220 I C02d13/HDC_LOG: [async_cmd.cpp:69] DoRelease rc:-3 pid:16403
09-28 17:54:46.019   921  1220 I C02d13/HDC_LOG: [session.cpp:126] TaskDelay task remove retry count 0/30, taskType:0 channelId:3713645570, sessionId:252******606(L:10)
09-28 17:54:46.019   921  1220 I C02d13/HDC_LOG: [daemon_unity.cpp:31] ~HdcDaemonUnity cid:3713645570 sid:252******606(L:10)
09-28 17:54:46.019   921  1220 I C02d13/HDC_LOG: [task.cpp:40] ~HdcTaskBase type:0 cid:3713645570 sid:252******606(L:10)
09-28 17:54:46.019   921  1220 W C02d13/HDC_LOG: [session.cpp:134] TaskDelay task remove finish, channelId:3713645570
09-28 17:54:46.019   921  1220 I C02d13/HDC_LOG: [base.cpp:969] before uv handle close, the uv handle type is 13
09-28 17:54:46.024   921  1220 I C02d13/HDC_LOG: [daemon.cpp:1142] FetchCommand channelId:3713645570 command:2
09-28 17:54:46.050   921  1220 I C02d13/HDC_LOG: [daemon.cpp:1142] FetchCommand channelId:4289933196 command:1001
09-28 17:54:46.050   921  1220 I C02d13/HDC_LOG: [session.cpp:1652] New HTaskInfo cid:4289933196 sid:252******606(L:10) command:1001
09-28 17:54:46.050   921  1220 I C02d13/HDC_LOG: [session.cpp:891] AdminTask add task type:0 cid:4289933196 sid:252******606(L:10) mapsize:2
09-28 17:54:46.050   921  1220 I C02d13/HDC_LOG: [task.cpp:34] HdcTaskBase type:0 cid:4289933196 sid:252******606(L:10)
09-28 17:54:46.050   921  1220 I C02d13/HDC_LOG: [daemon_unity.cpp:414] Unity CommandDispatch command:1001 cid:4289933196 sid:252******606(L:10)
09-28 17:54:46.050   921  1220 W C02d13/HDC_LOG: [async_cmd.cpp:114] GetDevItem false key:persist.hdc.root
09-28 17:54:46.050   921 16405 I C02d13/HDC_LOG: [async_cmd.cpp:225] Popen pipe fds[pipeRead]:34 fds[pipeWrite]:37, mode 0
09-28 17:54:46.054   921  1220 I C02d13/HDC_LOG: [async_cmd.cpp:291] ExecuteCommand cmd:param get const.product.os.dist.apiname fd:34 pid:16406
09-28 17:54:46.054   921  1220 I C02d13/HDC_LOG: [daemon_unity.cpp:486] Unity CommandDispatch command:1001 finish cid:4289933196 sid:252******606(L:10)
09-28 17:54:46.055 16406 16406 W C02d13/HDC_LOG: [async_cmd.cpp:140] SetSelinuxLabel con:u:r:su:s0 isRoot:0
09-28 17:54:46.092   921 16407 I C02d13/HDC_LOG: [async_cmd.cpp:88] FinishShellProc finish pipeRead fd:34 pid:16406 count:1
09-28 17:54:46.093   921 16407 I C02d13/HDC_LOG: [task.cpp:55] HdcTaskBase::TaskFinish notify begin type:0 cid:4289933196 sid:252******606(L:10)
09-28 17:54:46.093   921 16407 I C02d13/HDC_LOG: [task.cpp:58] HdcTaskBase::TaskFinish notify end type:0 cid:4289933196 sid:252******606(L:10)
09-28 17:54:46.094   921  1220 I C02d13/HDC_LOG: [daemon.cpp:1142] FetchCommand channelId:4289933196 command:2
09-28 17:54:46.094   921  1220 W C02d13/HDC_LOG: [session.cpp:160] BeginRemoveTask taskType:0 channelId:4289933196
09-28 17:54:46.094   921  1220 W C02d13/HDC_LOG: [session.cpp:190] ClearOwnTasks OP_CLEAR finish, sessionId:252******606(L:10) channelIDInput:4289933196
09-28 17:54:46.094   921  1220 W C02d13/HDC_LOG: [session.cpp:115] taskClassDeleteRetry start clear task, taskType:0 cid:4289933196 sid:252******606(L:10)
09-28 17:54:46.094   921  1220 I C02d13/HDC_LOG: [async_cmd.cpp:69] DoRelease rc:-3 pid:16406
09-28 17:54:46.094   921  1220 I C02d13/HDC_LOG: [session.cpp:126] TaskDelay task remove retry count 0/30, taskType:0 channelId:4289933196, sessionId:252******606(L:10)
09-28 17:54:46.094   921  1220 I C02d13/HDC_LOG: [daemon_unity.cpp:31] ~HdcDaemonUnity cid:4289933196 sid:252******606(L:10)
09-28 17:54:46.095   921  1220 I C02d13/HDC_LOG: [task.cpp:40] ~HdcTaskBase type:0 cid:4289933196 sid:252******606(L:10)
09-28 17:54:46.095   921  1220 W C02d13/HDC_LOG: [session.cpp:134] TaskDelay task remove finish, channelId:4289933196
09-28 17:54:46.095   921  1220 I C02d13/HDC_LOG: [base.cpp:969] before uv handle close, the uv handle type is 13
09-28 17:54:46.099   921  1220 I C02d13/HDC_LOG: [daemon.cpp:1142] FetchCommand channelId:4289933196 command:2
09-28 17:54:46.101   921  1220 I C02d13/HDC_LOG: [daemon.cpp:1142] FetchCommand channelId:59467144 command:1001
09-28 17:54:46.101   921  1220 I C02d13/HDC_LOG: [session.cpp:1652] New HTaskInfo cid:59467144 sid:252******606(L:10) command:1001
09-28 17:54:46.101   921  1220 I C02d13/HDC_LOG: [session.cpp:891] AdminTask add task type:0 cid:59467144 sid:252******606(L:10) mapsize:2
09-28 17:54:46.101   921  1220 I C02d13/HDC_LOG: [task.cpp:34] HdcTaskBase type:0 cid:59467144 sid:252******606(L:10)
09-28 17:54:46.101   921  1220 I C02d13/HDC_LOG: [daemon_unity.cpp:414] Unity CommandDispatch command:1001 cid:59467144 sid:252******606(L:10)
09-28 17:54:46.101   921  1220 W C02d13/HDC_LOG: [async_cmd.cpp:114] GetDevItem false key:persist.hdc.root
09-28 17:54:46.101   921 16408 I C02d13/HDC_LOG: [async_cmd.cpp:225] Popen pipe fds[pipeRead]:34 fds[pipeWrite]:37, mode 0
09-28 17:54:46.105   921  1220 I C02d13/HDC_LOG: [async_cmd.cpp:291] ExecuteCommand cmd:param get const.product.os.dist.apiname fd:34 pid:16409
09-28 17:54:46.105   921  1220 I C02d13/HDC_LOG: [daemon_unity.cpp:486] Unity CommandDispatch command:1001 finish cid:59467144 sid:252******606(L:10)
09-28 17:54:46.106 16409 16409 W C02d13/HDC_LOG: [async_cmd.cpp:140] SetSelinuxLabel con:u:r:su:s0 isRoot:0
09-28 17:54:46.135   921 16410 I C02d13/HDC_LOG: [async_cmd.cpp:88] FinishShellProc finish pipeRead fd:34 pid:16409 count:1
09-28 17:54:46.135   921 16410 I C02d13/HDC_LOG: [task.cpp:55] HdcTaskBase::TaskFinish notify begin type:0 cid:59467144 sid:252******606(L:10)
09-28 17:54:46.135   921 16410 I C02d13/HDC_LOG: [task.cpp:58] HdcTaskBase::TaskFinish notify end type:0 cid:59467144 sid:252******606(L:10)
09-28 17:54:46.137   921  1220 I C02d13/HDC_LOG: [daemon.cpp:1142] FetchCommand channelId:59467144 command:2
09-28 17:54:46.137   921  1220 W C02d13/HDC_LOG: [session.cpp:160] BeginRemoveTask taskType:0 channelId:59467144
09-28 17:54:46.137   921  1220 W C02d13/HDC_LOG: [session.cpp:190] ClearOwnTasks OP_CLEAR finish, sessionId:252******606(L:10) channelIDInput:59467144
09-28 17:54:46.137   921  1220 W C02d13/HDC_LOG: [session.cpp:115] taskClassDeleteRetry start clear task, taskType:0 cid:59467144 sid:252******606(L:10)
09-28 17:54:46.137   921  1220 I C02d13/HDC_LOG: [async_cmd.cpp:69] DoRelease rc:-3 pid:16409
09-28 17:54:46.137   921  1220 I C02d13/HDC_LOG: [session.cpp:126] TaskDelay task remove retry count 0/30, taskType:0 channelId:59467144, sessionId:252******606(L:10)
09-28 17:54:46.137   921  1220 I C02d13/HDC_LOG: [daemon_unity.cpp:31] ~HdcDaemonUnity cid:59467144 sid:252******606(L:10)
09-28 17:54:46.137   921  1220 I C02d13/HDC_LOG: [task.cpp:40] ~HdcTaskBase type:0 cid:59467144 sid:252******606(L:10)
09-28 17:54:46.137   921  1220 W C02d13/HDC_LOG: [session.cpp:134] TaskDelay task remove finish, channelId:59467144
09-28 17:54:46.137   921  1220 I C02d13/HDC_LOG: [base.cpp:969] before uv handle close, the uv handle type is 13
09-28 17:54:46.142   921  1220 I C02d13/HDC_LOG: [daemon.cpp:1142] FetchCommand channelId:59467144 command:2
09-28 17:54:46.212   921  1220 I C02d13/HDC_LOG: [daemon.cpp:1142] FetchCommand channelId:3022883185 command:1001
09-28 17:54:46.212   921  1220 I C02d13/HDC_LOG: [session.cpp:1652] New HTaskInfo cid:3022883185 sid:252******606(L:10) command:1001
09-28 17:54:46.212   921  1220 I C02d13/HDC_LOG: [session.cpp:891] AdminTask add task type:0 cid:3022883185 sid:252******606(L:10) mapsize:2
09-28 17:54:46.212   921  1220 I C02d13/HDC_LOG: [task.cpp:34] HdcTaskBase type:0 cid:3022883185 sid:252******606(L:10)
09-28 17:54:46.212   921  1220 I C02d13/HDC_LOG: [daemon_unity.cpp:414] Unity CommandDispatch command:1001 cid:3022883185 sid:252******606(L:10)
09-28 17:54:46.212   921  1220 W C02d13/HDC_LOG: [async_cmd.cpp:114] GetDevItem false key:persist.hdc.root
09-28 17:54:46.212   921 16411 I C02d13/HDC_LOG: [async_cmd.cpp:225] Popen pipe fds[pipeRead]:34 fds[pipeWrite]:37, mode 0
09-28 17:54:46.216   921  1220 I C02d13/HDC_LOG: [async_cmd.cpp:291] ExecuteCommand cmd:param get const.product.os.dist.apiname fd:34 pid:16412
09-28 17:54:46.216   921  1220 I C02d13/HDC_LOG: [daemon_unity.cpp:486] Unity CommandDispatch command:1001 finish cid:3022883185 sid:252******606(L:10)
09-28 17:54:46.217 16412 16412 W C02d13/HDC_LOG: [async_cmd.cpp:140] SetSelinuxLabel con:u:r:su:s0 isRoot:0
09-28 17:54:46.253   921 16413 I C02d13/HDC_LOG: [async_cmd.cpp:88] FinishShellProc finish pipeRead fd:34 pid:16412 count:1
09-28 17:54:46.253   921 16413 I C02d13/HDC_LOG: [task.cpp:55] HdcTaskBase::TaskFinish notify begin type:0 cid:3022883185 sid:252******606(L:10)
09-28 17:54:46.253   921 16413 I C02d13/HDC_LOG: [task.cpp:58] HdcTaskBase::TaskFinish notify end type:0 cid:3022883185 sid:252******606(L:10)
09-28 17:54:46.255   921  1220 I C02d13/HDC_LOG: [daemon.cpp:1142] FetchCommand channelId:3022883185 command:2
09-28 17:54:46.255   921  1220 W C02d13/HDC_LOG: [session.cpp:160] BeginRemoveTask taskType:0 channelId:3022883185
09-28 17:54:46.255   921  1220 W C02d13/HDC_LOG: [session.cpp:190] ClearOwnTasks OP_CLEAR finish, sessionId:252******606(L:10) channelIDInput:3022883185
09-28 17:54:46.255   921  1220 W C02d13/HDC_LOG: [session.cpp:115] taskClassDeleteRetry start clear task, taskType:0 cid:3022883185 sid:252******606(L:10)
09-28 17:54:46.255   921  1220 I C02d13/HDC_LOG: [async_cmd.cpp:69] DoRelease rc:-3 pid:16412
09-28 17:54:46.255   921  1220 I C02d13/HDC_LOG: [session.cpp:126] TaskDelay task remove retry count 0/30, taskType:0 channelId:3022883185, sessionId:252******606(L:10)
09-28 17:54:46.255   921  1220 I C02d13/HDC_LOG: [daemon_unity.cpp:31] ~HdcDaemonUnity cid:3022883185 sid:252******606(L:10)
09-28 17:54:46.255   921  1220 I C02d13/HDC_LOG: [task.cpp:40] ~HdcTaskBase type:0 cid:3022883185 sid:252******606(L:10)
09-28 17:54:46.255   921  1220 W C02d13/HDC_LOG: [session.cpp:134] TaskDelay task remove finish, channelId:3022883185
09-28 17:54:46.255   921  1220 I C02d13/HDC_LOG: [base.cpp:969] before uv handle close, the uv handle type is 13
09-28 17:54:46.260   921  1220 I C02d13/HDC_LOG: [daemon.cpp:1142] FetchCommand channelId:3022883185 command:2
09-28 17:54:46.679   921  1220 I C02d13/HDC_LOG: [daemon.cpp:1142] FetchCommand channelId:891765458 command:1001
09-28 17:54:46.679   921  1220 I C02d13/HDC_LOG: [session.cpp:1652] New HTaskInfo cid:891765458 sid:252******606(L:10) command:1001
09-28 17:54:46.679   921  1220 I C02d13/HDC_LOG: [session.cpp:891] AdminTask add task type:0 cid:891765458 sid:252******606(L:10) mapsize:2
09-28 17:54:46.679   921  1220 I C02d13/HDC_LOG: [task.cpp:34] HdcTaskBase type:0 cid:891765458 sid:252******606(L:10)
09-28 17:54:46.680   921  1220 I C02d13/HDC_LOG: [daemon_unity.cpp:414] Unity CommandDispatch command:1001 cid:891765458 sid:252******606(L:10)
09-28 17:54:46.680   921  1220 W C02d13/HDC_LOG: [async_cmd.cpp:114] GetDevItem false key:persist.hdc.root
09-28 17:54:46.680   921 16414 I C02d13/HDC_LOG: [async_cmd.cpp:225] Popen pipe fds[pipeRead]:34 fds[pipeWrite]:37, mode 0
09-28 17:54:46.684   921  1220 I C02d13/HDC_LOG: [async_cmd.cpp:291] ExecuteCommand cmd:param get const.product.os.dist.apiname fd:34 pid:16415
09-28 17:54:46.684   921  1220 I C02d13/HDC_LOG: [daemon_unity.cpp:486] Unity CommandDispatch command:1001 finish cid:891765458 sid:252******606(L:10)
09-28 17:54:46.685 16415 16415 W C02d13/HDC_LOG: [async_cmd.cpp:140] SetSelinuxLabel con:u:r:su:s0 isRoot:0
09-28 17:54:46.715   921 16416 I C02d13/HDC_LOG: [async_cmd.cpp:88] FinishShellProc finish pipeRead fd:34 pid:16415 count:1
09-28 17:54:46.715   921 16416 I C02d13/HDC_LOG: [task.cpp:55] HdcTaskBase::TaskFinish notify begin type:0 cid:891765458 sid:252******606(L:10)
09-28 17:54:46.715   921 16416 I C02d13/HDC_LOG: [task.cpp:58] HdcTaskBase::TaskFinish notify end type:0 cid:891765458 sid:252******606(L:10)
09-28 17:54:46.717   921  1220 I C02d13/HDC_LOG: [daemon.cpp:1142] FetchCommand channelId:891765458 command:2
09-28 17:54:46.717   921  1220 W C02d13/HDC_LOG: [session.cpp:160] BeginRemoveTask taskType:0 channelId:891765458
09-28 17:54:46.717   921  1220 W C02d13/HDC_LOG: [session.cpp:190] ClearOwnTasks OP_CLEAR finish, sessionId:252******606(L:10) channelIDInput:891765458
09-28 17:54:46.717   921  1220 W C02d13/HDC_LOG: [session.cpp:115] taskClassDeleteRetry start clear task, taskType:0 cid:891765458 sid:252******606(L:10)
09-28 17:54:46.717   921  1220 I C02d13/HDC_LOG: [async_cmd.cpp:69] DoRelease rc:-3 pid:16415
09-28 17:54:46.717   921  1220 I C02d13/HDC_LOG: [session.cpp:126] TaskDelay task remove retry count 0/30, taskType:0 channelId:891765458, sessionId:252******606(L:10)
09-28 17:54:46.718   921  1220 I C02d13/HDC_LOG: [daemon_unity.cpp:31] ~HdcDaemonUnity cid:891765458 sid:252******606(L:10)
09-28 17:54:46.718   921  1220 I C02d13/HDC_LOG: [task.cpp:40] ~HdcTaskBase type:0 cid:891765458 sid:252******606(L:10)
09-28 17:54:46.718   921  1220 W C02d13/HDC_LOG: [session.cpp:134] TaskDelay task remove finish, channelId:891765458
09-28 17:54:46.718   921  1220 I C02d13/HDC_LOG: [base.cpp:969] before uv handle close, the uv handle type is 13
09-28 17:54:46.722   921  1220 I C02d13/HDC_LOG: [daemon.cpp:1142] FetchCommand channelId:891765458 command:2
09-28 17:54:47.010   921  1220 I C02d13/HDC_LOG: [daemon.cpp:1142] FetchCommand channelId:185723959 command:1001
09-28 17:54:47.010   921  1220 I C02d13/HDC_LOG: [session.cpp:1652] New HTaskInfo cid:185723959 sid:252******606(L:10) command:1001
09-28 17:54:47.010   921  1220 I C02d13/HDC_LOG: [session.cpp:891] AdminTask add task type:0 cid:185723959 sid:252******606(L:10) mapsize:2
09-28 17:54:47.010   921  1220 I C02d13/HDC_LOG: [task.cpp:34] HdcTaskBase type:0 cid:185723959 sid:252******606(L:10)
09-28 17:54:47.010   921  1220 I C02d13/HDC_LOG: [daemon_unity.cpp:414] Unity CommandDispatch command:1001 cid:185723959 sid:252******606(L:10)
09-28 17:54:47.010   921  1220 W C02d13/HDC_LOG: [async_cmd.cpp:114] GetDevItem false key:persist.hdc.root
09-28 17:54:47.011   921 16417 I C02d13/HDC_LOG: [async_cmd.cpp:225] Popen pipe fds[pipeRead]:34 fds[pipeWrite]:37, mode 0
09-28 17:54:47.015   921  1220 I C02d13/HDC_LOG: [async_cmd.cpp:291] ExecuteCommand cmd:param get const.product.os.dist.apiname fd:34 pid:16418
09-28 17:54:47.015   921  1220 I C02d13/HDC_LOG: [daemon_unity.cpp:486] Unity CommandDispatch command:1001 finish cid:185723959 sid:252******606(L:10)
09-28 17:54:47.016 16418 16418 W C02d13/HDC_LOG: [async_cmd.cpp:140] SetSelinuxLabel con:u:r:su:s0 isRoot:0
09-28 17:54:47.053   921 16419 I C02d13/HDC_LOG: [async_cmd.cpp:88] FinishShellProc finish pipeRead fd:34 pid:16418 count:1
09-28 17:54:47.053   921 16419 I C02d13/HDC_LOG: [task.cpp:55] HdcTaskBase::TaskFinish notify begin type:0 cid:185723959 sid:252******606(L:10)
09-28 17:54:47.054   921 16419 I C02d13/HDC_LOG: [task.cpp:58] HdcTaskBase::TaskFinish notify end type:0 cid:185723959 sid:252******606(L:10)
09-28 17:54:47.056   921  1220 I C02d13/HDC_LOG: [daemon.cpp:1142] FetchCommand channelId:185723959 command:2
09-28 17:54:47.056   921  1220 W C02d13/HDC_LOG: [session.cpp:160] BeginRemoveTask taskType:0 channelId:185723959
09-28 17:54:47.056   921  1220 W C02d13/HDC_LOG: [session.cpp:190] ClearOwnTasks OP_CLEAR finish, sessionId:252******606(L:10) channelIDInput:185723959
09-28 17:54:47.056   921  1220 W C02d13/HDC_LOG: [session.cpp:115] taskClassDeleteRetry start clear task, taskType:0 cid:185723959 sid:252******606(L:10)
09-28 17:54:47.056   921  1220 I C02d13/HDC_LOG: [async_cmd.cpp:69] DoRelease rc:-3 pid:16418
09-28 17:54:47.056   921  1220 I C02d13/HDC_LOG: [session.cpp:126] TaskDelay task remove retry count 0/30, taskType:0 channelId:185723959, sessionId:252******606(L:10)
09-28 17:54:47.056   921  1220 I C02d13/HDC_LOG: [daemon_unity.cpp:31] ~HdcDaemonUnity cid:185723959 sid:252******606(L:10)
09-28 17:54:47.056   921  1220 I C02d13/HDC_LOG: [task.cpp:40] ~HdcTaskBase type:0 cid:185723959 sid:252******606(L:10)
09-28 17:54:47.056   921  1220 W C02d13/HDC_LOG: [session.cpp:134] TaskDelay task remove finish, channelId:185723959
09-28 17:54:47.056   921  1220 I C02d13/HDC_LOG: [base.cpp:969] before uv handle close, the uv handle type is 13
09-28 17:54:47.060   921  1220 I C02d13/HDC_LOG: [daemon.cpp:1142] FetchCommand channelId:185723959 command:2
09-28 17:54:47.311   921  1220 I C02d13/HDC_LOG: [daemon.cpp:1142] FetchCommand channelId:2563799618 command:1001
09-28 17:54:47.311   921  1220 I C02d13/HDC_LOG: [session.cpp:1652] New HTaskInfo cid:2563799618 sid:252******606(L:10) command:1001
09-28 17:54:47.311   921  1220 I C02d13/HDC_LOG: [session.cpp:891] AdminTask add task type:0 cid:2563799618 sid:252******606(L:10) mapsize:2
09-28 17:54:47.311   921  1220 I C02d13/HDC_LOG: [task.cpp:34] HdcTaskBase type:0 cid:2563799618 sid:252******606(L:10)
09-28 17:54:47.311   921  1220 I C02d13/HDC_LOG: [daemon_unity.cpp:414] Unity CommandDispatch command:1001 cid:2563799618 sid:252******606(L:10)
09-28 17:54:47.311   921  1220 W C02d13/HDC_LOG: [async_cmd.cpp:114] GetDevItem false key:persist.hdc.root
09-28 17:54:47.311   921 16420 I C02d13/HDC_LOG: [async_cmd.cpp:225] Popen pipe fds[pipeRead]:34 fds[pipeWrite]:37, mode 0
09-28 17:54:47.315   921  1220 I C02d13/HDC_LOG: [async_cmd.cpp:291] ExecuteCommand cmd:param get const.product.os.dist.apiname fd:34 pid:16421
09-28 17:54:47.315   921  1220 I C02d13/HDC_LOG: [daemon_unity.cpp:486] Unity CommandDispatch command:1001 finish cid:2563799618 sid:252******606(L:10)
09-28 17:54:47.316 16421 16421 W C02d13/HDC_LOG: [async_cmd.cpp:140] SetSelinuxLabel con:u:r:su:s0 isRoot:0
09-28 17:54:47.352   921 16422 I C02d13/HDC_LOG: [async_cmd.cpp:88] FinishShellProc finish pipeRead fd:34 pid:16421 count:1
09-28 17:54:47.352   921 16422 I C02d13/HDC_LOG: [task.cpp:55] HdcTaskBase::TaskFinish notify begin type:0 cid:2563799618 sid:252******606(L:10)
09-28 17:54:47.352   921 16422 I C02d13/HDC_LOG: [task.cpp:58] HdcTaskBase::TaskFinish notify end type:0 cid:2563799618 sid:252******606(L:10)
09-28 17:54:47.354   921  1220 I C02d13/HDC_LOG: [daemon.cpp:1142] FetchCommand channelId:2563799618 command:2
09-28 17:54:47.354   921  1220 W C02d13/HDC_LOG: [session.cpp:160] BeginRemoveTask taskType:0 channelId:2563799618
09-28 17:54:47.354   921  1220 W C02d13/HDC_LOG: [session.cpp:190] ClearOwnTasks OP_CLEAR finish, sessionId:252******606(L:10) channelIDInput:2563799618
09-28 17:54:47.354   921  1220 W C02d13/HDC_LOG: [session.cpp:115] taskClassDeleteRetry start clear task, taskType:0 cid:2563799618 sid:252******606(L:10)
09-28 17:54:47.354   921  1220 I C02d13/HDC_LOG: [async_cmd.cpp:69] DoRelease rc:-3 pid:16421
09-28 17:54:47.354   921  1220 I C02d13/HDC_LOG: [session.cpp:126] TaskDelay task remove retry count 0/30, taskType:0 channelId:2563799618, sessionId:252******606(L:10)
09-28 17:54:47.354   921  1220 I C02d13/HDC_LOG: [daemon_unity.cpp:31] ~HdcDaemonUnity cid:2563799618 sid:252******606(L:10)
09-28 17:54:47.354   921  1220 I C02d13/HDC_LOG: [task.cpp:40] ~HdcTaskBase type:0 cid:2563799618 sid:252******606(L:10)
09-28 17:54:47.354   921  1220 W C02d13/HDC_LOG: [session.cpp:134] TaskDelay task remove finish, channelId:2563799618
09-28 17:54:47.354   921  1220 I C02d13/HDC_LOG: [base.cpp:969] before uv handle close, the uv handle type is 13
09-28 17:54:47.359   921  1220 I C02d13/HDC_LOG: [daemon.cpp:1142] FetchCommand channelId:2563799618 command:2
09-28 17:54:47.862   921  1220 I C02d13/HDC_LOG: [daemon.cpp:1142] FetchCommand channelId:3784621377 command:1001
09-28 17:54:47.862   921  1220 I C02d13/HDC_LOG: [session.cpp:1652] New HTaskInfo cid:3784621377 sid:252******606(L:10) command:1001
09-28 17:54:47.862   921  1220 I C02d13/HDC_LOG: [session.cpp:891] AdminTask add task type:0 cid:3784621377 sid:252******606(L:10) mapsize:2
09-28 17:54:47.862   921  1220 I C02d13/HDC_LOG: [task.cpp:34] HdcTaskBase type:0 cid:3784621377 sid:252******606(L:10)
09-28 17:54:47.862   921  1220 I C02d13/HDC_LOG: [daemon_unity.cpp:414] Unity CommandDispatch command:1001 cid:3784621377 sid:252******606(L:10)
09-28 17:54:47.862   921  1220 W C02d13/HDC_LOG: [async_cmd.cpp:114] GetDevItem false key:persist.hdc.root
09-28 17:54:47.862   921 16423 I C02d13/HDC_LOG: [async_cmd.cpp:225] Popen pipe fds[pipeRead]:34 fds[pipeWrite]:37, mode 0
09-28 17:54:47.865   921  1220 I C02d13/HDC_LOG: [async_cmd.cpp:291] ExecuteCommand cmd:param get const.product.os.dist.apiname fd:34 pid:16424
09-28 17:54:47.866   921  1220 I C02d13/HDC_LOG: [daemon_unity.cpp:486] Unity CommandDispatch command:1001 finish cid:3784621377 sid:252******606(L:10)
09-28 17:54:47.867 16424 16424 W C02d13/HDC_LOG: [async_cmd.cpp:140] SetSelinuxLabel con:u:r:su:s0 isRoot:0
09-28 17:54:47.897   921 16425 I C02d13/HDC_LOG: [async_cmd.cpp:88] FinishShellProc finish pipeRead fd:34 pid:16424 count:1
09-28 17:54:47.897   921 16425 I C02d13/HDC_LOG: [task.cpp:55] HdcTaskBase::TaskFinish notify begin type:0 cid:3784621377 sid:252******606(L:10)
09-28 17:54:47.897   921 16425 I C02d13/HDC_LOG: [task.cpp:58] HdcTaskBase::TaskFinish notify end type:0 cid:3784621377 sid:252******606(L:10)
09-28 17:54:47.899   921  1220 I C02d13/HDC_LOG: [daemon.cpp:1142] FetchCommand channelId:3784621377 command:2
09-28 17:54:47.899   921  1220 W C02d13/HDC_LOG: [session.cpp:160] BeginRemoveTask taskType:0 channelId:3784621377
09-28 17:54:47.899   921  1220 W C02d13/HDC_LOG: [session.cpp:190] ClearOwnTasks OP_CLEAR finish, sessionId:252******606(L:10) channelIDInput:3784621377
09-28 17:54:47.899   921  1220 W C02d13/HDC_LOG: [session.cpp:115] taskClassDeleteRetry start clear task, taskType:0 cid:3784621377 sid:252******606(L:10)
09-28 17:54:47.899   921  1220 I C02d13/HDC_LOG: [async_cmd.cpp:69] DoRelease rc:-3 pid:16424
09-28 17:54:47.899   921  1220 I C02d13/HDC_LOG: [session.cpp:126] TaskDelay task remove retry count 0/30, taskType:0 channelId:3784621377, sessionId:252******606(L:10)
09-28 17:54:47.899   921  1220 I C02d13/HDC_LOG: [daemon_unity.cpp:31] ~HdcDaemonUnity cid:3784621377 sid:252******606(L:10)
09-28 17:54:47.899   921  1220 I C02d13/HDC_LOG: [task.cpp:40] ~HdcTaskBase type:0 cid:3784621377 sid:252******606(L:10)
09-28 17:54:47.899   921  1220 W C02d13/HDC_LOG: [session.cpp:134] TaskDelay task remove finish, channelId:3784621377
09-28 17:54:47.899   921  1220 I C02d13/HDC_LOG: [base.cpp:969] before uv handle close, the uv handle type is 13
09-28 17:54:47.904   921  1220 I C02d13/HDC_LOG: [daemon.cpp:1142] FetchCommand channelId:3784621377 command:2
09-28 17:54:47.906   921  1220 I C02d13/HDC_LOG: [daemon.cpp:1142] FetchCommand channelId:2388168899 command:1001
09-28 17:54:47.906   921  1220 I C02d13/HDC_LOG: [session.cpp:1652] New HTaskInfo cid:2388168899 sid:252******606(L:10) command:1001
09-28 17:54:47.906   921  1220 I C02d13/HDC_LOG: [session.cpp:891] AdminTask add task type:0 cid:2388168899 sid:252******606(L:10) mapsize:2
09-28 17:54:47.906   921  1220 I C02d13/HDC_LOG: [task.cpp:34] HdcTaskBase type:0 cid:2388168899 sid:252******606(L:10)
09-28 17:54:47.906   921  1220 I C02d13/HDC_LOG: [daemon_unity.cpp:414] Unity CommandDispatch command:1001 cid:2388168899 sid:252******606(L:10)
09-28 17:54:47.906   921  1220 W C02d13/HDC_LOG: [async_cmd.cpp:114] GetDevItem false key:persist.hdc.root
09-28 17:54:47.906   921 16426 I C02d13/HDC_LOG: [async_cmd.cpp:225] Popen pipe fds[pipeRead]:34 fds[pipeWrite]:37, mode 0
09-28 17:54:47.909   921  1220 I C02d13/HDC_LOG: [async_cmd.cpp:291] ExecuteCommand cmd:param get const.product.os.dist.apiname fd:34 pid:16427
09-28 17:54:47.910   921  1220 I C02d13/HDC_LOG: [daemon_unity.cpp:486] Unity CommandDispatch command:1001 finish cid:2388168899 sid:252******606(L:10)
09-28 17:54:47.911 16427 16427 W C02d13/HDC_LOG: [async_cmd.cpp:140] SetSelinuxLabel con:u:r:su:s0 isRoot:0
09-28 17:54:47.950   921 16428 I C02d13/HDC_LOG: [async_cmd.cpp:88] FinishShellProc finish pipeRead fd:34 pid:16427 count:1
09-28 17:54:47.950   921 16428 I C02d13/HDC_LOG: [task.cpp:55] HdcTaskBase::TaskFinish notify begin type:0 cid:2388168899 sid:252******606(L:10)
09-28 17:54:47.950   921 16428 I C02d13/HDC_LOG: [task.cpp:58] HdcTaskBase::TaskFinish notify end type:0 cid:2388168899 sid:252******606(L:10)
09-28 17:54:47.952   921  1220 I C02d13/HDC_LOG: [daemon.cpp:1142] FetchCommand channelId:2388168899 command:2
09-28 17:54:47.952   921  1220 W C02d13/HDC_LOG: [session.cpp:160] BeginRemoveTask taskType:0 channelId:2388168899
09-28 17:54:47.952   921  1220 W C02d13/HDC_LOG: [session.cpp:190] ClearOwnTasks OP_CLEAR finish, sessionId:252******606(L:10) channelIDInput:2388168899
09-28 17:54:47.952   921  1220 W C02d13/HDC_LOG: [session.cpp:115] taskClassDeleteRetry start clear task, taskType:0 cid:2388168899 sid:252******606(L:10)
09-28 17:54:47.952   921  1220 I C02d13/HDC_LOG: [async_cmd.cpp:69] DoRelease rc:-3 pid:16427
09-28 17:54:47.952   921  1220 I C02d13/HDC_LOG: [session.cpp:126] TaskDelay task remove retry count 0/30, taskType:0 channelId:2388168899, sessionId:252******606(L:10)
09-28 17:54:47.952   921  1220 I C02d13/HDC_LOG: [daemon_unity.cpp:31] ~HdcDaemonUnity cid:2388168899 sid:252******606(L:10)
09-28 17:54:47.952   921  1220 I C02d13/HDC_LOG: [task.cpp:40] ~HdcTaskBase type:0 cid:2388168899 sid:252******606(L:10)
09-28 17:54:47.952   921  1220 W C02d13/HDC_LOG: [session.cpp:134] TaskDelay task remove finish, channelId:2388168899
09-28 17:54:47.952   921  1220 I C02d13/HDC_LOG: [base.cpp:969] before uv handle close, the uv handle type is 13
09-28 17:54:47.956   921  1220 I C02d13/HDC_LOG: [daemon.cpp:1142] FetchCommand channelId:2388168899 command:2
09-28 17:54:47.959   921  1220 I C02d13/HDC_LOG: [daemon.cpp:1142] FetchCommand channelId:3760519444 command:1001
09-28 17:54:47.959   921  1220 I C02d13/HDC_LOG: [session.cpp:1652] New HTaskInfo cid:3760519444 sid:252******606(L:10) command:1001
09-28 17:54:47.959   921  1220 I C02d13/HDC_LOG: [session.cpp:891] AdminTask add task type:0 cid:3760519444 sid:252******606(L:10) mapsize:2
09-28 17:54:47.959   921  1220 I C02d13/HDC_LOG: [task.cpp:34] HdcTaskBase type:0 cid:3760519444 sid:252******606(L:10)
09-28 17:54:47.959   921  1220 I C02d13/HDC_LOG: [daemon_unity.cpp:414] Unity CommandDispatch command:1001 cid:3760519444 sid:252******606(L:10)
09-28 17:54:47.959   921  1220 W C02d13/HDC_LOG: [async_cmd.cpp:114] GetDevItem false key:persist.hdc.root
09-28 17:54:47.960   921 16429 I C02d13/HDC_LOG: [async_cmd.cpp:225] Popen pipe fds[pipeRead]:34 fds[pipeWrite]:37, mode 0
09-28 17:54:47.963   921  1220 I C02d13/HDC_LOG: [async_cmd.cpp:291] ExecuteCommand cmd:param get const.product.os.dist.apiname fd:34 pid:16430
09-28 17:54:47.963   921  1220 I C02d13/HDC_LOG: [daemon_unity.cpp:486] Unity CommandDispatch command:1001 finish cid:3760519444 sid:252******606(L:10)
09-28 17:54:47.964 16430 16430 W C02d13/HDC_LOG: [async_cmd.cpp:140] SetSelinuxLabel con:u:r:su:s0 isRoot:0
09-28 17:54:47.994   921 16431 I C02d13/HDC_LOG: [async_cmd.cpp:88] FinishShellProc finish pipeRead fd:34 pid:16430 count:1
09-28 17:54:47.994   921 16431 I C02d13/HDC_LOG: [task.cpp:55] HdcTaskBase::TaskFinish notify begin type:0 cid:3760519444 sid:252******606(L:10)
09-28 17:54:47.994   921 16431 I C02d13/HDC_LOG: [task.cpp:58] HdcTaskBase::TaskFinish notify end type:0 cid:3760519444 sid:252******606(L:10)
09-28 17:54:47.996   921  1220 I C02d13/HDC_LOG: [daemon.cpp:1142] FetchCommand channelId:3760519444 command:2
09-28 17:54:47.996   921  1220 W C02d13/HDC_LOG: [session.cpp:160] BeginRemoveTask taskType:0 channelId:3760519444
09-28 17:54:47.996   921  1220 W C02d13/HDC_LOG: [session.cpp:190] ClearOwnTasks OP_CLEAR finish, sessionId:252******606(L:10) channelIDInput:3760519444
09-28 17:54:47.996   921  1220 W C02d13/HDC_LOG: [session.cpp:115] taskClassDeleteRetry start clear task, taskType:0 cid:3760519444 sid:252******606(L:10)
09-28 17:54:47.996   921  1220 I C02d13/HDC_LOG: [async_cmd.cpp:69] DoRelease rc:-3 pid:16430
09-28 17:54:47.996   921  1220 I C02d13/HDC_LOG: [session.cpp:126] TaskDelay task remove retry count 0/30, taskType:0 channelId:3760519444, sessionId:252******606(L:10)
09-28 17:54:47.996   921  1220 I C02d13/HDC_LOG: [daemon_unity.cpp:31] ~HdcDaemonUnity cid:3760519444 sid:252******606(L:10)
09-28 17:54:47.996   921  1220 I C02d13/HDC_LOG: [task.cpp:40] ~HdcTaskBase type:0 cid:3760519444 sid:252******606(L:10)
09-28 17:54:47.996   921  1220 W C02d13/HDC_LOG: [session.cpp:134] TaskDelay task remove finish, channelId:3760519444
09-28 17:54:47.996   921  1220 I C02d13/HDC_LOG: [base.cpp:969] before uv handle close, the uv handle type is 13
09-28 17:54:48.001   921  1220 I C02d13/HDC_LOG: [daemon.cpp:1142] FetchCommand channelId:3760519444 command:2
09-28 17:54:48.030   921  1220 I C02d13/HDC_LOG: [daemon.cpp:1142] FetchCommand channelId:2260448620 command:1001
09-28 17:54:48.030   921  1220 I C02d13/HDC_LOG: [session.cpp:1652] New HTaskInfo cid:2260448620 sid:252******606(L:10) command:1001
09-28 17:54:48.030   921  1220 I C02d13/HDC_LOG: [session.cpp:891] AdminTask add task type:0 cid:2260448620 sid:252******606(L:10) mapsize:2
09-28 17:54:48.030   921  1220 I C02d13/HDC_LOG: [task.cpp:34] HdcTaskBase type:0 cid:2260448620 sid:252******606(L:10)
09-28 17:54:48.030   921  1220 I C02d13/HDC_LOG: [daemon_unity.cpp:414] Unity CommandDispatch command:1001 cid:2260448620 sid:252******606(L:10)
09-28 17:54:48.030   921  1220 W C02d13/HDC_LOG: [async_cmd.cpp:114] GetDevItem false key:persist.hdc.root
09-28 17:54:48.030   921 16432 I C02d13/HDC_LOG: [async_cmd.cpp:225] Popen pipe fds[pipeRead]:34 fds[pipeWrite]:37, mode 0
09-28 17:54:48.034   921  1220 I C02d13/HDC_LOG: [async_cmd.cpp:291] ExecuteCommand cmd:param get const.product.os.dist.apiname fd:34 pid:16433
09-28 17:54:48.034   921  1220 I C02d13/HDC_LOG: [daemon_unity.cpp:486] Unity CommandDispatch command:1001 finish cid:2260448620 sid:252******606(L:10)
09-28 17:54:48.035 16433 16433 W C02d13/HDC_LOG: [async_cmd.cpp:140] SetSelinuxLabel con:u:r:su:s0 isRoot:0
09-28 17:54:48.072   921 16434 I C02d13/HDC_LOG: [async_cmd.cpp:88] FinishShellProc finish pipeRead fd:34 pid:16433 count:1
09-28 17:54:48.072   921 16434 I C02d13/HDC_LOG: [task.cpp:55] HdcTaskBase::TaskFinish notify begin type:0 cid:2260448620 sid:252******606(L:10)
09-28 17:54:48.073   921 16434 I C02d13/HDC_LOG: [task.cpp:58] HdcTaskBase::TaskFinish notify end type:0 cid:2260448620 sid:252******606(L:10)
09-28 17:54:48.074   921  1220 I C02d13/HDC_LOG: [daemon.cpp:1142] FetchCommand channelId:2260448620 command:2
09-28 17:54:48.074   921  1220 W C02d13/HDC_LOG: [session.cpp:160] BeginRemoveTask taskType:0 channelId:2260448620
09-28 17:54:48.074   921  1220 W C02d13/HDC_LOG: [session.cpp:190] ClearOwnTasks OP_CLEAR finish, sessionId:252******606(L:10) channelIDInput:2260448620
09-28 17:54:48.074   921  1220 W C02d13/HDC_LOG: [session.cpp:115] taskClassDeleteRetry start clear task, taskType:0 cid:2260448620 sid:252******606(L:10)
09-28 17:54:48.074   921  1220 I C02d13/HDC_LOG: [async_cmd.cpp:69] DoRelease rc:-3 pid:16433
09-28 17:54:48.074   921  1220 I C02d13/HDC_LOG: [session.cpp:126] TaskDelay task remove retry count 0/30, taskType:0 channelId:2260448620, sessionId:252******606(L:10)
09-28 17:54:48.074   921  1220 I C02d13/HDC_LOG: [daemon_unity.cpp:31] ~HdcDaemonUnity cid:2260448620 sid:252******606(L:10)
09-28 17:54:48.074   921  1220 I C02d13/HDC_LOG: [task.cpp:40] ~HdcTaskBase type:0 cid:2260448620 sid:252******606(L:10)
09-28 17:54:48.074   921  1220 W C02d13/HDC_LOG: [session.cpp:134] TaskDelay task remove finish, channelId:2260448620
09-28 17:54:48.074   921  1220 I C02d13/HDC_LOG: [base.cpp:969] before uv handle close, the uv handle type is 13
09-28 17:54:48.074   921  1220 I C02d13/HDC_LOG: [daemon.cpp:1142] FetchCommand channelId:2260448620 command:2
09-28 17:54:48.097   921  1220 I C02d13/HDC_LOG: [daemon.cpp:1142] FetchCommand channelId:1286910902 command:1001
09-28 17:54:48.097   921  1220 I C02d13/HDC_LOG: [session.cpp:1652] New HTaskInfo cid:1286910902 sid:252******606(L:10) command:1001
09-28 17:54:48.097   921  1220 I C02d13/HDC_LOG: [session.cpp:891] AdminTask add task type:0 cid:1286910902 sid:252******606(L:10) mapsize:2
09-28 17:54:48.097   921  1220 I C02d13/HDC_LOG: [task.cpp:34] HdcTaskBase type:0 cid:1286910902 sid:252******606(L:10)
09-28 17:54:48.097   921  1220 I C02d13/HDC_LOG: [daemon_unity.cpp:414] Unity CommandDispatch command:1001 cid:1286910902 sid:252******606(L:10)
09-28 17:54:48.097   921  1220 W C02d13/HDC_LOG: [async_cmd.cpp:114] GetDevItem false key:persist.hdc.root
09-28 17:54:48.098   921 16435 I C02d13/HDC_LOG: [async_cmd.cpp:225] Popen pipe fds[pipeRead]:34 fds[pipeWrite]:37, mode 0
09-28 17:54:48.102   921  1220 I C02d13/HDC_LOG: [async_cmd.cpp:291] ExecuteCommand cmd:param get const.product.os.dist.apiname fd:34 pid:16436
09-28 17:54:48.102   921  1220 I C02d13/HDC_LOG: [daemon_unity.cpp:486] Unity CommandDispatch command:1001 finish cid:1286910902 sid:252******606(L:10)
09-28 17:54:48.103 16436 16436 W C02d13/HDC_LOG: [async_cmd.cpp:140] SetSelinuxLabel con:u:r:su:s0 isRoot:0
09-28 17:54:48.135   921 16437 I C02d13/HDC_LOG: [async_cmd.cpp:88] FinishShellProc finish pipeRead fd:34 pid:16436 count:1
09-28 17:54:48.135   921 16437 I C02d13/HDC_LOG: [task.cpp:55] HdcTaskBase::TaskFinish notify begin type:0 cid:1286910902 sid:252******606(L:10)
09-28 17:54:48.135   921 16437 I C02d13/HDC_LOG: [task.cpp:58] HdcTaskBase::TaskFinish notify end type:0 cid:1286910902 sid:252******606(L:10)
09-28 17:54:48.137   921  1220 I C02d13/HDC_LOG: [daemon.cpp:1142] FetchCommand channelId:1286910902 command:2
09-28 17:54:48.137   921  1220 W C02d13/HDC_LOG: [session.cpp:160] BeginRemoveTask taskType:0 channelId:1286910902
09-28 17:54:48.137   921  1220 W C02d13/HDC_LOG: [session.cpp:190] ClearOwnTasks OP_CLEAR finish, sessionId:252******606(L:10) channelIDInput:1286910902
09-28 17:54:48.137   921  1220 W C02d13/HDC_LOG: [session.cpp:115] taskClassDeleteRetry start clear task, taskType:0 cid:1286910902 sid:252******606(L:10)
09-28 17:54:48.137   921  1220 I C02d13/HDC_LOG: [async_cmd.cpp:69] DoRelease rc:-3 pid:16436
09-28 17:54:48.137   921  1220 I C02d13/HDC_LOG: [session.cpp:126] TaskDelay task remove retry count 0/30, taskType:0 channelId:1286910902, sessionId:252******606(L:10)
09-28 17:54:48.137   921  1220 I C02d13/HDC_LOG: [daemon_unity.cpp:31] ~HdcDaemonUnity cid:1286910902 sid:252******606(L:10)
09-28 17:54:48.137   921  1220 I C02d13/HDC_LOG: [task.cpp:40] ~HdcTaskBase type:0 cid:1286910902 sid:252******606(L:10)
09-28 17:54:48.137   921  1220 W C02d13/HDC_LOG: [session.cpp:134] TaskDelay task remove finish, channelId:1286910902
09-28 17:54:48.137   921  1220 I C02d13/HDC_LOG: [base.cpp:969] before uv handle close, the uv handle type is 13
09-28 17:54:48.142   921  1220 I C02d13/HDC_LOG: [daemon.cpp:1142] FetchCommand channelId:1286910902 command:2
09-28 17:54:48.178   921  1220 I C02d13/HDC_LOG: [daemon.cpp:1142] FetchCommand channelId:79120558 command:1001
09-28 17:54:48.178   921  1220 I C02d13/HDC_LOG: [session.cpp:1652] New HTaskInfo cid:79120558 sid:252******606(L:10) command:1001
09-28 17:54:48.178   921  1220 I C02d13/HDC_LOG: [session.cpp:891] AdminTask add task type:0 cid:79120558 sid:252******606(L:10) mapsize:2
09-28 17:54:48.178   921  1220 I C02d13/HDC_LOG: [task.cpp:34] HdcTaskBase type:0 cid:79120558 sid:252******606(L:10)
09-28 17:54:48.178   921  1220 I C02d13/HDC_LOG: [daemon_unity.cpp:414] Unity CommandDispatch command:1001 cid:79120558 sid:252******606(L:10)
09-28 17:54:48.178   921  1220 W C02d13/HDC_LOG: [async_cmd.cpp:114] GetDevItem false key:persist.hdc.root
09-28 17:54:48.178   921 16438 I C02d13/HDC_LOG: [async_cmd.cpp:225] Popen pipe fds[pipeRead]:34 fds[pipeWrite]:37, mode 0
09-28 17:54:48.182   921  1220 I C02d13/HDC_LOG: [async_cmd.cpp:291] ExecuteCommand cmd:param get const.product.os.dist.apiname fd:34 pid:16439
09-28 17:54:48.182   921  1220 I C02d13/HDC_LOG: [daemon_unity.cpp:486] Unity CommandDispatch command:1001 finish cid:79120558 sid:252******606(L:10)
09-28 17:54:48.183 16439 16439 W C02d13/HDC_LOG: [async_cmd.cpp:140] SetSelinuxLabel con:u:r:su:s0 isRoot:0
09-28 17:54:48.216   921 16440 I C02d13/HDC_LOG: [async_cmd.cpp:88] FinishShellProc finish pipeRead fd:34 pid:16439 count:1
09-28 17:54:48.216   921 16440 I C02d13/HDC_LOG: [task.cpp:55] HdcTaskBase::TaskFinish notify begin type:0 cid:79120558 sid:252******606(L:10)
09-28 17:54:48.216   921 16440 I C02d13/HDC_LOG: [task.cpp:58] HdcTaskBase::TaskFinish notify end type:0 cid:79120558 sid:252******606(L:10)
09-28 17:54:48.218   921  1220 I C02d13/HDC_LOG: [daemon.cpp:1142] FetchCommand channelId:79120558 command:2
09-28 17:54:48.218   921  1220 W C02d13/HDC_LOG: [session.cpp:160] BeginRemoveTask taskType:0 channelId:79120558
09-28 17:54:48.218   921  1220 W C02d13/HDC_LOG: [session.cpp:190] ClearOwnTasks OP_CLEAR finish, sessionId:252******606(L:10) channelIDInput:79120558
09-28 17:54:48.218   921  1220 W C02d13/HDC_LOG: [session.cpp:115] taskClassDeleteRetry start clear task, taskType:0 cid:79120558 sid:252******606(L:10)
09-28 17:54:48.218   921  1220 I C02d13/HDC_LOG: [async_cmd.cpp:69] DoRelease rc:-3 pid:16439
09-28 17:54:48.218   921  1220 I C02d13/HDC_LOG: [session.cpp:126] TaskDelay task remove retry count 0/30, taskType:0 channelId:79120558, sessionId:252******606(L:10)
09-28 17:54:48.218   921  1220 I C02d13/HDC_LOG: [daemon_unity.cpp:31] ~HdcDaemonUnity cid:79120558 sid:252******606(L:10)
09-28 17:54:48.218   921  1220 I C02d13/HDC_LOG: [task.cpp:40] ~HdcTaskBase type:0 cid:79120558 sid:252******606(L:10)
09-28 17:54:48.218   921  1220 W C02d13/HDC_LOG: [session.cpp:134] TaskDelay task remove finish, channelId:79120558
09-28 17:54:48.218   921  1220 I C02d13/HDC_LOG: [base.cpp:969] before uv handle close, the uv handle type is 13
09-28 17:54:48.223   921  1220 I C02d13/HDC_LOG: [daemon.cpp:1142] FetchCommand channelId:79120558 command:2
09-28 17:54:48.562   381   381 E C02c11/APPSPAWN: [appspawn_kickdog.c:29]open /sys/kernel/hungtask/userlist fail,errno:2
09-28 17:54:48.606   921  1220 I C02d13/HDC_LOG: [daemon.cpp:1142] FetchCommand channelId:4183323471 command:1001
09-28 17:54:48.606   921  1220 I C02d13/HDC_LOG: [session.cpp:1652] New HTaskInfo cid:4183323471 sid:252******606(L:10) command:1001
09-28 17:54:48.606   921  1220 I C02d13/HDC_LOG: [session.cpp:891] AdminTask add task type:0 cid:4183323471 sid:252******606(L:10) mapsize:2
09-28 17:54:48.606   921  1220 I C02d13/HDC_LOG: [task.cpp:34] HdcTaskBase type:0 cid:4183323471 sid:252******606(L:10)
09-28 17:54:48.606   921  1220 I C02d13/HDC_LOG: [daemon_unity.cpp:414] Unity CommandDispatch command:1001 cid:4183323471 sid:252******606(L:10)
09-28 17:54:48.606   921  1220 W C02d13/HDC_LOG: [async_cmd.cpp:114] GetDevItem false key:persist.hdc.root
09-28 17:54:48.607   921 16441 I C02d13/HDC_LOG: [async_cmd.cpp:225] Popen pipe fds[pipeRead]:34 fds[pipeWrite]:37, mode 0
09-28 17:54:48.611   921  1220 I C02d13/HDC_LOG: [async_cmd.cpp:291] ExecuteCommand cmd:param get const.product.os.dist.apiname fd:34 pid:16442
09-28 17:54:48.611   921  1220 I C02d13/HDC_LOG: [daemon_unity.cpp:486] Unity CommandDispatch command:1001 finish cid:4183323471 sid:252******606(L:10)
09-28 17:54:48.612 16442 16442 W C02d13/HDC_LOG: [async_cmd.cpp:140] SetSelinuxLabel con:u:r:su:s0 isRoot:0
09-28 17:54:48.651   921 16443 I C02d13/HDC_LOG: [async_cmd.cpp:88] FinishShellProc finish pipeRead fd:34 pid:16442 count:1
09-28 17:54:48.651   921 16443 I C02d13/HDC_LOG: [task.cpp:55] HdcTaskBase::TaskFinish notify begin type:0 cid:4183323471 sid:252******606(L:10)
09-28 17:54:48.651   921 16443 I C02d13/HDC_LOG: [task.cpp:58] HdcTaskBase::TaskFinish notify end type:0 cid:4183323471 sid:252******606(L:10)
09-28 17:54:48.653   921  1220 I C02d13/HDC_LOG: [daemon.cpp:1142] FetchCommand channelId:4183323471 command:2
09-28 17:54:48.653   921  1220 W C02d13/HDC_LOG: [session.cpp:160] BeginRemoveTask taskType:0 channelId:4183323471
09-28 17:54:48.653   921  1220 W C02d13/HDC_LOG: [session.cpp:190] ClearOwnTasks OP_CLEAR finish, sessionId:252******606(L:10) channelIDInput:4183323471
09-28 17:54:48.653   921  1220 W C02d13/HDC_LOG: [session.cpp:115] taskClassDeleteRetry start clear task, taskType:0 cid:4183323471 sid:252******606(L:10)
09-28 17:54:48.653   921  1220 I C02d13/HDC_LOG: [async_cmd.cpp:69] DoRelease rc:-3 pid:16442
09-28 17:54:48.653   921  1220 I C02d13/HDC_LOG: [session.cpp:126] TaskDelay task remove retry count 0/30, taskType:0 channelId:4183323471, sessionId:252******606(L:10)
09-28 17:54:48.653   921  1220 I C02d13/HDC_LOG: [daemon_unity.cpp:31] ~HdcDaemonUnity cid:4183323471 sid:252******606(L:10)
09-28 17:54:48.653   921  1220 I C02d13/HDC_LOG: [task.cpp:40] ~HdcTaskBase type:0 cid:4183323471 sid:252******606(L:10)
09-28 17:54:48.653   921  1220 W C02d13/HDC_LOG: [session.cpp:134] TaskDelay task remove finish, channelId:4183323471
09-28 17:54:48.653   921  1220 I C02d13/HDC_LOG: [base.cpp:969] before uv handle close, the uv handle type is 13
09-28 17:54:48.658   921  1220 I C02d13/HDC_LOG: [daemon.cpp:1142] FetchCommand channelId:4183323471 command:2
09-28 17:54:48.986   921  1220 I C02d13/HDC_LOG: [daemon.cpp:1142] FetchCommand channelId:2491557024 command:1001
09-28 17:54:48.986   921  1220 I C02d13/HDC_LOG: [session.cpp:1652] New HTaskInfo cid:2491557024 sid:252******606(L:10) command:1001
09-28 17:54:48.986   921  1220 I C02d13/HDC_LOG: [session.cpp:891] AdminTask add task type:0 cid:2491557024 sid:252******606(L:10) mapsize:2
09-28 17:54:48.986   921  1220 I C02d13/HDC_LOG: [task.cpp:34] HdcTaskBase type:0 cid:2491557024 sid:252******606(L:10)
09-28 17:54:48.986   921  1220 I C02d13/HDC_LOG: [daemon_unity.cpp:414] Unity CommandDispatch command:1001 cid:2491557024 sid:252******606(L:10)
09-28 17:54:48.986   921  1220 W C02d13/HDC_LOG: [async_cmd.cpp:114] GetDevItem false key:persist.hdc.root
09-28 17:54:48.987   921 16445 I C02d13/HDC_LOG: [async_cmd.cpp:225] Popen pipe fds[pipeRead]:34 fds[pipeWrite]:37, mode 0
09-28 17:54:48.990   921  1220 I C02d13/HDC_LOG: [async_cmd.cpp:291] ExecuteCommand cmd:param get const.product.os.dist.apiname fd:34 pid:16446
09-28 17:54:48.991   921  1220 I C02d13/HDC_LOG: [daemon_unity.cpp:486] Unity CommandDispatch command:1001 finish cid:2491557024 sid:252******606(L:10)
09-28 17:54:48.992 16446 16446 W C02d13/HDC_LOG: [async_cmd.cpp:140] SetSelinuxLabel con:u:r:su:s0 isRoot:0
09-28 17:54:49.031   921 16447 I C02d13/HDC_LOG: [async_cmd.cpp:88] FinishShellProc finish pipeRead fd:34 pid:16446 count:1
09-28 17:54:49.031   921 16447 I C02d13/HDC_LOG: [task.cpp:55] HdcTaskBase::TaskFinish notify begin type:0 cid:2491557024 sid:252******606(L:10)
09-28 17:54:49.031   921 16447 I C02d13/HDC_LOG: [task.cpp:58] HdcTaskBase::TaskFinish notify end type:0 cid:2491557024 sid:252******606(L:10)
09-28 17:54:49.033   921  1220 I C02d13/HDC_LOG: [daemon.cpp:1142] FetchCommand channelId:2491557024 command:2
09-28 17:54:49.033   921  1220 W C02d13/HDC_LOG: [session.cpp:160] BeginRemoveTask taskType:0 channelId:2491557024
09-28 17:54:49.033   921  1220 W C02d13/HDC_LOG: [session.cpp:190] ClearOwnTasks OP_CLEAR finish, sessionId:252******606(L:10) channelIDInput:2491557024
09-28 17:54:49.033   921  1220 W C02d13/HDC_LOG: [session.cpp:115] taskClassDeleteRetry start clear task, taskType:0 cid:2491557024 sid:252******606(L:10)
09-28 17:54:49.033   921  1220 I C02d13/HDC_LOG: [async_cmd.cpp:69] DoRelease rc:-3 pid:16446
09-28 17:54:49.033   921  1220 I C02d13/HDC_LOG: [session.cpp:126] TaskDelay task remove retry count 0/30, taskType:0 channelId:2491557024, sessionId:252******606(L:10)
09-28 17:54:49.033   921  1220 I C02d13/HDC_LOG: [daemon_unity.cpp:31] ~HdcDaemonUnity cid:2491557024 sid:252******606(L:10)
09-28 17:54:49.033   921  1220 I C02d13/HDC_LOG: [task.cpp:40] ~HdcTaskBase type:0 cid:2491557024 sid:252******606(L:10)
09-28 17:54:49.033   921  1220 W C02d13/HDC_LOG: [session.cpp:134] TaskDelay task remove finish, channelId:2491557024
09-28 17:54:49.033   921  1220 I C02d13/HDC_LOG: [base.cpp:969] before uv handle close, the uv handle type is 13
09-28 17:54:49.037   921  1220 I C02d13/HDC_LOG: [daemon.cpp:1142] FetchCommand channelId:2491557024 command:2
09-28 17:54:49.090   921  1220 I C02d13/HDC_LOG: [daemon.cpp:1142] FetchCommand channelId:0 command:5000
09-28 17:54:49.090   921  1220 I C02d13/HDC_LOG: [daemon.cpp:1163] recv heartbeat count is 141 for session 252******606(L:10)
09-28 17:54:49.097   921  1220 I C02d13/HDC_LOG: [session.cpp:1521] send heartbeat count is 141 and messages count is 13433 for session 252******606(L:10)
09-28 17:54:49.261   921  1220 I C02d13/HDC_LOG: [daemon.cpp:1142] FetchCommand channelId:2353196318 command:1001
09-28 17:54:49.261   921  1220 I C02d13/HDC_LOG: [session.cpp:1652] New HTaskInfo cid:2353196318 sid:252******606(L:10) command:1001
09-28 17:54:49.261   921  1220 I C02d13/HDC_LOG: [session.cpp:891] AdminTask add task type:0 cid:2353196318 sid:252******606(L:10) mapsize:2
09-28 17:54:49.261   921  1220 I C02d13/HDC_LOG: [task.cpp:34] HdcTaskBase type:0 cid:2353196318 sid:252******606(L:10)
09-28 17:54:49.261   921  1220 I C02d13/HDC_LOG: [daemon_unity.cpp:414] Unity CommandDispatch command:1001 cid:2353196318 sid:252******606(L:10)
09-28 17:54:49.261   921  1220 W C02d13/HDC_LOG: [async_cmd.cpp:114] GetDevItem false key:persist.hdc.root
09-28 17:54:49.262   921 16448 I C02d13/HDC_LOG: [async_cmd.cpp:225] Popen pipe fds[pipeRead]:34 fds[pipeWrite]:37, mode 0
09-28 17:54:49.265   921  1220 I C02d13/HDC_LOG: [async_cmd.cpp:291] ExecuteCommand cmd:param get const.product.os.dist.apiname fd:34 pid:16449
09-28 17:54:49.266   921  1220 I C02d13/HDC_LOG: [daemon_unity.cpp:486] Unity CommandDispatch command:1001 finish cid:2353196318 sid:252******606(L:10)
09-28 17:54:49.267 16449 16449 W C02d13/HDC_LOG: [async_cmd.cpp:140] SetSelinuxLabel con:u:r:su:s0 isRoot:0
09-28 17:54:49.297   921 16450 I C02d13/HDC_LOG: [async_cmd.cpp:88] FinishShellProc finish pipeRead fd:34 pid:16449 count:1
09-28 17:54:49.297   921 16450 I C02d13/HDC_LOG: [task.cpp:55] HdcTaskBase::TaskFinish notify begin type:0 cid:2353196318 sid:252******606(L:10)
09-28 17:54:49.297   921 16450 I C02d13/HDC_LOG: [task.cpp:58] HdcTaskBase::TaskFinish notify end type:0 cid:2353196318 sid:252******606(L:10)
09-28 17:54:49.299   921  1220 I C02d13/HDC_LOG: [daemon.cpp:1142] FetchCommand channelId:2353196318 command:2
09-28 17:54:49.299   921  1220 W C02d13/HDC_LOG: [session.cpp:160] BeginRemoveTask taskType:0 channelId:2353196318
09-28 17:54:49.299   921  1220 W C02d13/HDC_LOG: [session.cpp:190] ClearOwnTasks OP_CLEAR finish, sessionId:252******606(L:10) channelIDInput:2353196318
09-28 17:54:49.299   921  1220 W C02d13/HDC_LOG: [session.cpp:115] taskClassDeleteRetry start clear task, taskType:0 cid:2353196318 sid:252******606(L:10)
09-28 17:54:49.299   921  1220 I C02d13/HDC_LOG: [async_cmd.cpp:69] DoRelease rc:-3 pid:16449
09-28 17:54:49.299   921  1220 I C02d13/HDC_LOG: [session.cpp:126] TaskDelay task remove retry count 0/30, taskType:0 channelId:2353196318, sessionId:252******606(L:10)
09-28 17:54:49.299   921  1220 I C02d13/HDC_LOG: [daemon_unity.cpp:31] ~HdcDaemonUnity cid:2353196318 sid:252******606(L:10)
09-28 17:54:49.299   921  1220 I C02d13/HDC_LOG: [task.cpp:40] ~HdcTaskBase type:0 cid:2353196318 sid:252******606(L:10)
09-28 17:54:49.299   921  1220 W C02d13/HDC_LOG: [session.cpp:134] TaskDelay task remove finish, channelId:2353196318
09-28 17:54:49.299   921  1220 I C02d13/HDC_LOG: [base.cpp:969] before uv handle close, the uv handle type is 13
09-28 17:54:49.304   921  1220 I C02d13/HDC_LOG: [daemon.cpp:1142] FetchCommand channelId:2353196318 command:2
09-28 17:54:49.609   613  1054 W C01f04/TelephonySubsystem: [GetSimAccountInfo-(multi_sim_controller.cpp:1079)] slotId 0 is invalid
09-28 17:54:49.609   613  1054 E C01f04/TelephonySubsystem: GetSimAccountInfo fail!
09-28 17:54:49.617 13127 13127 E C02c11/APPSPAWN: [appspawn_kickdog.c:29]open /sys/kernel/hungtask/userlist fail,errno:2
09-28 17:54:49.899   921  1220 I C02d13/HDC_LOG: [daemon.cpp:1142] FetchCommand channelId:2480843115 command:1001
09-28 17:54:49.899   921  1220 I C02d13/HDC_LOG: [session.cpp:1652] New HTaskInfo cid:2480843115 sid:252******606(L:10) command:1001
09-28 17:54:49.899   921  1220 I C02d13/HDC_LOG: [session.cpp:891] AdminTask add task type:0 cid:2480843115 sid:252******606(L:10) mapsize:2
09-28 17:54:49.899   921  1220 I C02d13/HDC_LOG: [task.cpp:34] HdcTaskBase type:0 cid:2480843115 sid:252******606(L:10)
09-28 17:54:49.899   921  1220 I C02d13/HDC_LOG: [daemon_unity.cpp:414] Unity CommandDispatch command:1001 cid:2480843115 sid:252******606(L:10)
09-28 17:54:49.899   921  1220 W C02d13/HDC_LOG: [async_cmd.cpp:114] GetDevItem false key:persist.hdc.root
09-28 17:54:49.900   921 16451 I C02d13/HDC_LOG: [async_cmd.cpp:225] Popen pipe fds[pipeRead]:34 fds[pipeWrite]:37, mode 0
09-28 17:54:49.901   921  1220 I C02d13/HDC_LOG: [async_cmd.cpp:291] ExecuteCommand cmd:param get const.product.os.dist.apiname fd:34 pid:16452
09-28 17:54:49.901   921  1220 I C02d13/HDC_LOG: [daemon_unity.cpp:486] Unity CommandDispatch command:1001 finish cid:2480843115 sid:252******606(L:10)
09-28 17:54:49.903 16452 16452 W C02d13/HDC_LOG: [async_cmd.cpp:140] SetSelinuxLabel con:u:r:su:s0 isRoot:0
09-28 17:54:49.938   921 16453 I C02d13/HDC_LOG: [async_cmd.cpp:88] FinishShellProc finish pipeRead fd:34 pid:16452 count:1
09-28 17:54:49.938   921 16453 I C02d13/HDC_LOG: [task.cpp:55] HdcTaskBase::TaskFinish notify begin type:0 cid:2480843115 sid:252******606(L:10)
09-28 17:54:49.938   921 16453 I C02d13/HDC_LOG: [task.cpp:58] HdcTaskBase::TaskFinish notify end type:0 cid:2480843115 sid:252******606(L:10)
09-28 17:54:49.940   921  1220 I C02d13/HDC_LOG: [daemon.cpp:1142] FetchCommand channelId:2480843115 command:2
09-28 17:54:49.940   921  1220 W C02d13/HDC_LOG: [session.cpp:160] BeginRemoveTask taskType:0 channelId:2480843115
09-28 17:54:49.940   921  1220 W C02d13/HDC_LOG: [session.cpp:190] ClearOwnTasks OP_CLEAR finish, sessionId:252******606(L:10) channelIDInput:2480843115
09-28 17:54:49.940   921  1220 W C02d13/HDC_LOG: [session.cpp:115] taskClassDeleteRetry start clear task, taskType:0 cid:2480843115 sid:252******606(L:10)
09-28 17:54:49.940   921  1220 I C02d13/HDC_LOG: [async_cmd.cpp:69] DoRelease rc:-3 pid:16452
09-28 17:54:49.940   921  1220 I C02d13/HDC_LOG: [session.cpp:126] TaskDelay task remove retry count 0/30, taskType:0 channelId:2480843115, sessionId:252******606(L:10)
09-28 17:54:49.940   921  1220 I C02d13/HDC_LOG: [daemon_unity.cpp:31] ~HdcDaemonUnity cid:2480843115 sid:252******606(L:10)
09-28 17:54:49.940   921  1220 I C02d13/HDC_LOG: [task.cpp:40] ~HdcTaskBase type:0 cid:2480843115 sid:252******606(L:10)
09-28 17:54:49.940   921  1220 W C02d13/HDC_LOG: [session.cpp:134] TaskDelay task remove finish, channelId:2480843115
09-28 17:54:49.940   921  1220 I C02d13/HDC_LOG: [base.cpp:969] before uv handle close, the uv handle type is 13
09-28 17:54:49.945   921  1220 I C02d13/HDC_LOG: [daemon.cpp:1142] FetchCommand channelId:2480843115 command:2
09-28 17:54:50.047   921  1220 I C02d13/HDC_LOG: [daemon.cpp:1142] FetchCommand channelId:1869930517 command:1001
09-28 17:54:50.047   921  1220 I C02d13/HDC_LOG: [session.cpp:1652] New HTaskInfo cid:1869930517 sid:252******606(L:10) command:1001
09-28 17:54:50.047   921  1220 I C02d13/HDC_LOG: [session.cpp:891] AdminTask add task type:0 cid:1869930517 sid:252******606(L:10) mapsize:2
09-28 17:54:50.047   921  1220 I C02d13/HDC_LOG: [task.cpp:34] HdcTaskBase type:0 cid:1869930517 sid:252******606(L:10)
09-28 17:54:50.047   921  1220 I C02d13/HDC_LOG: [daemon_unity.cpp:414] Unity CommandDispatch command:1001 cid:1869930517 sid:252******606(L:10)
09-28 17:54:50.047   921  1220 W C02d13/HDC_LOG: [async_cmd.cpp:114] GetDevItem false key:persist.hdc.root
09-28 17:54:50.047   921 16454 I C02d13/HDC_LOG: [async_cmd.cpp:225] Popen pipe fds[pipeRead]:34 fds[pipeWrite]:37, mode 0
09-28 17:54:50.049   921  1220 I C02d13/HDC_LOG: [async_cmd.cpp:291] ExecuteCommand cmd:param get const.product.os.dist.apiname fd:34 pid:16455
09-28 17:54:50.049   921  1220 I C02d13/HDC_LOG: [daemon_unity.cpp:486] Unity CommandDispatch command:1001 finish cid:1869930517 sid:252******606(L:10)
09-28 17:54:50.050 16455 16455 W C02d13/HDC_LOG: [async_cmd.cpp:140] SetSelinuxLabel con:u:r:su:s0 isRoot:0
09-28 17:54:50.091   921 16456 I C02d13/HDC_LOG: [async_cmd.cpp:88] FinishShellProc finish pipeRead fd:34 pid:16455 count:1
09-28 17:54:50.091   921 16456 I C02d13/HDC_LOG: [task.cpp:55] HdcTaskBase::TaskFinish notify begin type:0 cid:1869930517 sid:252******606(L:10)
09-28 17:54:50.091   921 16456 I C02d13/HDC_LOG: [task.cpp:58] HdcTaskBase::TaskFinish notify end type:0 cid:1869930517 sid:252******606(L:10)
09-28 17:54:50.093   921  1220 I C02d13/HDC_LOG: [daemon.cpp:1142] FetchCommand channelId:1869930517 command:2
09-28 17:54:50.093   921  1220 W C02d13/HDC_LOG: [session.cpp:160] BeginRemoveTask taskType:0 channelId:1869930517
09-28 17:54:50.093   921  1220 W C02d13/HDC_LOG: [session.cpp:190] ClearOwnTasks OP_CLEAR finish, sessionId:252******606(L:10) channelIDInput:1869930517
09-28 17:54:50.093   921  1220 W C02d13/HDC_LOG: [session.cpp:115] taskClassDeleteRetry start clear task, taskType:0 cid:1869930517 sid:252******606(L:10)
09-28 17:54:50.093   921  1220 I C02d13/HDC_LOG: [async_cmd.cpp:69] DoRelease rc:-3 pid:16455
09-28 17:54:50.093   921  1220 I C02d13/HDC_LOG: [session.cpp:126] TaskDelay task remove retry count 0/30, taskType:0 channelId:1869930517, sessionId:252******606(L:10)
09-28 17:54:50.093   921  1220 I C02d13/HDC_LOG: [daemon_unity.cpp:31] ~HdcDaemonUnity cid:1869930517 sid:252******606(L:10)
09-28 17:54:50.093   921  1220 I C02d13/HDC_LOG: [task.cpp:40] ~HdcTaskBase type:0 cid:1869930517 sid:252******606(L:10)
09-28 17:54:50.093   921  1220 W C02d13/HDC_LOG: [session.cpp:134] TaskDelay task remove finish, channelId:1869930517
09-28 17:54:50.093   921  1220 I C02d13/HDC_LOG: [base.cpp:969] before uv handle close, the uv handle type is 13
09-28 17:54:50.098   921  1220 I C02d13/HDC_LOG: [daemon.cpp:1142] FetchCommand channelId:1869930517 command:2
09-28 17:54:50.101   921  1220 I C02d13/HDC_LOG: [daemon.cpp:1142] FetchCommand channelId:473081643 command:1001
09-28 17:54:50.101   921  1220 I C02d13/HDC_LOG: [session.cpp:1652] New HTaskInfo cid:473081643 sid:252******606(L:10) command:1001
09-28 17:54:50.101   921  1220 I C02d13/HDC_LOG: [session.cpp:891] AdminTask add task type:0 cid:473081643 sid:252******606(L:10) mapsize:2
09-28 17:54:50.101   921  1220 I C02d13/HDC_LOG: [task.cpp:34] HdcTaskBase type:0 cid:473081643 sid:252******606(L:10)
09-28 17:54:50.101   921  1220 I C02d13/HDC_LOG: [daemon_unity.cpp:414] Unity CommandDispatch command:1001 cid:473081643 sid:252******606(L:10)
09-28 17:54:50.101   921  1220 W C02d13/HDC_LOG: [async_cmd.cpp:114] GetDevItem false key:persist.hdc.root
09-28 17:54:50.101   921 16457 I C02d13/HDC_LOG: [async_cmd.cpp:225] Popen pipe fds[pipeRead]:34 fds[pipeWrite]:37, mode 0
09-28 17:54:50.103   921  1220 I C02d13/HDC_LOG: [async_cmd.cpp:291] ExecuteCommand cmd:param get const.product.os.dist.apiname fd:34 pid:16458
09-28 17:54:50.103   921  1220 I C02d13/HDC_LOG: [daemon_unity.cpp:486] Unity CommandDispatch command:1001 finish cid:473081643 sid:252******606(L:10)
09-28 17:54:50.103 16458 16458 W C02d13/HDC_LOG: [async_cmd.cpp:140] SetSelinuxLabel con:u:r:su:s0 isRoot:0
09-28 17:54:50.120   921 16459 I C02d13/HDC_LOG: [async_cmd.cpp:88] FinishShellProc finish pipeRead fd:34 pid:16458 count:1
09-28 17:54:50.120   921 16459 I C02d13/HDC_LOG: [task.cpp:55] HdcTaskBase::TaskFinish notify begin type:0 cid:473081643 sid:252******606(L:10)
09-28 17:54:50.121   921 16459 I C02d13/HDC_LOG: [task.cpp:58] HdcTaskBase::TaskFinish notify end type:0 cid:473081643 sid:252******606(L:10)
09-28 17:54:50.122   921  1220 I C02d13/HDC_LOG: [daemon.cpp:1142] FetchCommand channelId:473081643 command:2
09-28 17:54:50.122   921  1220 W C02d13/HDC_LOG: [session.cpp:160] BeginRemoveTask taskType:0 channelId:473081643
09-28 17:54:50.122   921  1220 W C02d13/HDC_LOG: [session.cpp:190] ClearOwnTasks OP_CLEAR finish, sessionId:252******606(L:10) channelIDInput:473081643
09-28 17:54:50.122   921  1220 W C02d13/HDC_LOG: [session.cpp:115] taskClassDeleteRetry start clear task, taskType:0 cid:473081643 sid:252******606(L:10)
09-28 17:54:50.122   921  1220 I C02d13/HDC_LOG: [async_cmd.cpp:69] DoRelease rc:-3 pid:16458
09-28 17:54:50.122   921  1220 I C02d13/HDC_LOG: [session.cpp:126] TaskDelay task remove retry count 0/30, taskType:0 channelId:473081643, sessionId:252******606(L:10)
09-28 17:54:50.122   921  1220 I C02d13/HDC_LOG: [daemon_unity.cpp:31] ~HdcDaemonUnity cid:473081643 sid:252******606(L:10)
09-28 17:54:50.122   921  1220 I C02d13/HDC_LOG: [task.cpp:40] ~HdcTaskBase type:0 cid:473081643 sid:252******606(L:10)
09-28 17:54:50.122   921  1220 W C02d13/HDC_LOG: [session.cpp:134] TaskDelay task remove finish, channelId:473081643
09-28 17:54:50.122   921  1220 I C02d13/HDC_LOG: [base.cpp:969] before uv handle close, the uv handle type is 13
09-28 17:54:50.127   921  1220 I C02d13/HDC_LOG: [daemon.cpp:1142] FetchCommand channelId:473081643 command:2
09-28 17:54:50.128   921  1220 I C02d13/HDC_LOG: [daemon.cpp:1142] FetchCommand channelId:265455932 command:1001
09-28 17:54:50.128   921  1220 I C02d13/HDC_LOG: [session.cpp:1652] New HTaskInfo cid:265455932 sid:252******606(L:10) command:1001
09-28 17:54:50.128   921  1220 I C02d13/HDC_LOG: [session.cpp:891] AdminTask add task type:0 cid:265455932 sid:252******606(L:10) mapsize:2
09-28 17:54:50.128   921  1220 I C02d13/HDC_LOG: [task.cpp:34] HdcTaskBase type:0 cid:265455932 sid:252******606(L:10)
09-28 17:54:50.128   921  1220 I C02d13/HDC_LOG: [daemon_unity.cpp:414] Unity CommandDispatch command:1001 cid:265455932 sid:252******606(L:10)
09-28 17:54:50.128   921  1220 W C02d13/HDC_LOG: [async_cmd.cpp:114] GetDevItem false key:persist.hdc.root
09-28 17:54:50.129   921 16460 I C02d13/HDC_LOG: [async_cmd.cpp:225] Popen pipe fds[pipeRead]:34 fds[pipeWrite]:37, mode 0
09-28 17:54:50.132   921  1220 I C02d13/HDC_LOG: [async_cmd.cpp:291] ExecuteCommand cmd:param get const.product.os.dist.apiname fd:34 pid:16461
09-28 17:54:50.132   921  1220 I C02d13/HDC_LOG: [daemon_unity.cpp:486] Unity CommandDispatch command:1001 finish cid:265455932 sid:252******606(L:10)
09-28 17:54:50.134 16461 16461 W C02d13/HDC_LOG: [async_cmd.cpp:140] SetSelinuxLabel con:u:r:su:s0 isRoot:0
09-28 17:54:50.172   921 16462 I C02d13/HDC_LOG: [async_cmd.cpp:88] FinishShellProc finish pipeRead fd:34 pid:16461 count:1
09-28 17:54:50.172   921 16462 I C02d13/HDC_LOG: [task.cpp:55] HdcTaskBase::TaskFinish notify begin type:0 cid:265455932 sid:252******606(L:10)
09-28 17:54:50.172   921 16462 I C02d13/HDC_LOG: [task.cpp:58] HdcTaskBase::TaskFinish notify end type:0 cid:265455932 sid:252******606(L:10)
09-28 17:54:50.174   921  1220 I C02d13/HDC_LOG: [daemon.cpp:1142] FetchCommand channelId:265455932 command:2
09-28 17:54:50.174   921  1220 W C02d13/HDC_LOG: [session.cpp:160] BeginRemoveTask taskType:0 channelId:265455932
09-28 17:54:50.174   921  1220 W C02d13/HDC_LOG: [session.cpp:190] ClearOwnTasks OP_CLEAR finish, sessionId:252******606(L:10) channelIDInput:265455932
09-28 17:54:50.174   921  1220 W C02d13/HDC_LOG: [session.cpp:115] taskClassDeleteRetry start clear task, taskType:0 cid:265455932 sid:252******606(L:10)
09-28 17:54:50.174   921  1220 I C02d13/HDC_LOG: [async_cmd.cpp:69] DoRelease rc:-3 pid:16461
09-28 17:54:50.174   921  1220 I C02d13/HDC_LOG: [session.cpp:126] TaskDelay task remove retry count 0/30, taskType:0 channelId:265455932, sessionId:252******606(L:10)
09-28 17:54:50.174   921  1220 I C02d13/HDC_LOG: [daemon_unity.cpp:31] ~HdcDaemonUnity cid:265455932 sid:252******606(L:10)
09-28 17:54:50.174   921  1220 I C02d13/HDC_LOG: [task.cpp:40] ~HdcTaskBase type:0 cid:265455932 sid:252******606(L:10)
09-28 17:54:50.174   921  1220 W C02d13/HDC_LOG: [session.cpp:134] TaskDelay task remove finish, channelId:265455932
09-28 17:54:50.174   921  1220 I C02d13/HDC_LOG: [base.cpp:969] before uv handle close, the uv handle type is 13
09-28 17:54:50.179   921  1220 I C02d13/HDC_LOG: [daemon.cpp:1142] FetchCommand channelId:265455932 command:2
09-28 17:54:50.258   921  1220 I C02d13/HDC_LOG: [daemon.cpp:1142] FetchCommand channelId:2269625263 command:1001
09-28 17:54:50.258   921  1220 I C02d13/HDC_LOG: [session.cpp:1652] New HTaskInfo cid:2269625263 sid:252******606(L:10) command:1001
09-28 17:54:50.258   921  1220 I C02d13/HDC_LOG: [session.cpp:891] AdminTask add task type:0 cid:2269625263 sid:252******606(L:10) mapsize:2
09-28 17:54:50.258   921  1220 I C02d13/HDC_LOG: [task.cpp:34] HdcTaskBase type:0 cid:2269625263 sid:252******606(L:10)
09-28 17:54:50.258   921  1220 I C02d13/HDC_LOG: [daemon_unity.cpp:414] Unity CommandDispatch command:1001 cid:2269625263 sid:252******606(L:10)
09-28 17:54:50.258   921  1220 W C02d13/HDC_LOG: [async_cmd.cpp:114] GetDevItem false key:persist.hdc.root
09-28 17:54:50.258   921 16463 I C02d13/HDC_LOG: [async_cmd.cpp:225] Popen pipe fds[pipeRead]:34 fds[pipeWrite]:37, mode 0
09-28 17:54:50.262   921  1220 I C02d13/HDC_LOG: [async_cmd.cpp:291] ExecuteCommand cmd:param get const.product.os.dist.apiname fd:34 pid:16464
09-28 17:54:50.262   921  1220 I C02d13/HDC_LOG: [daemon_unity.cpp:486] Unity CommandDispatch command:1001 finish cid:2269625263 sid:252******606(L:10)
09-28 17:54:50.263 16464 16464 W C02d13/HDC_LOG: [async_cmd.cpp:140] SetSelinuxLabel con:u:r:su:s0 isRoot:0
09-28 17:54:50.294   921 16465 I C02d13/HDC_LOG: [async_cmd.cpp:88] FinishShellProc finish pipeRead fd:34 pid:16464 count:1
09-28 17:54:50.294   921 16465 I C02d13/HDC_LOG: [task.cpp:55] HdcTaskBase::TaskFinish notify begin type:0 cid:2269625263 sid:252******606(L:10)
09-28 17:54:50.294   921 16465 I C02d13/HDC_LOG: [task.cpp:58] HdcTaskBase::TaskFinish notify end type:0 cid:2269625263 sid:252******606(L:10)
09-28 17:54:50.296   921  1220 I C02d13/HDC_LOG: [daemon.cpp:1142] FetchCommand channelId:2269625263 command:2
09-28 17:54:50.296   921  1220 W C02d13/HDC_LOG: [session.cpp:160] BeginRemoveTask taskType:0 channelId:2269625263
09-28 17:54:50.296   921  1220 W C02d13/HDC_LOG: [session.cpp:190] ClearOwnTasks OP_CLEAR finish, sessionId:252******606(L:10) channelIDInput:2269625263
09-28 17:54:50.296   921  1220 W C02d13/HDC_LOG: [session.cpp:115] taskClassDeleteRetry start clear task, taskType:0 cid:2269625263 sid:252******606(L:10)
09-28 17:54:50.296   921  1220 I C02d13/HDC_LOG: [async_cmd.cpp:69] DoRelease rc:-3 pid:16464
09-28 17:54:50.296   921  1220 I C02d13/HDC_LOG: [session.cpp:126] TaskDelay task remove retry count 0/30, taskType:0 channelId:2269625263, sessionId:252******606(L:10)
09-28 17:54:50.296   921  1220 I C02d13/HDC_LOG: [daemon_unity.cpp:31] ~HdcDaemonUnity cid:2269625263 sid:252******606(L:10)
09-28 17:54:50.296   921  1220 I C02d13/HDC_LOG: [task.cpp:40] ~HdcTaskBase type:0 cid:2269625263 sid:252******606(L:10)
09-28 17:54:50.297   921  1220 W C02d13/HDC_LOG: [session.cpp:134] TaskDelay task remove finish, channelId:2269625263
09-28 17:54:50.297   921  1220 I C02d13/HDC_LOG: [base.cpp:969] before uv handle close, the uv handle type is 13
09-28 17:54:50.301   921  1220 I C02d13/HDC_LOG: [daemon.cpp:1142] FetchCommand channelId:2269625263 command:2
09-28 17:54:50.396   921  1220 I C02d13/HDC_LOG: [daemon.cpp:1142] FetchCommand channelId:910947148 command:1001
09-28 17:54:50.396   921  1220 I C02d13/HDC_LOG: [session.cpp:1652] New HTaskInfo cid:910947148 sid:252******606(L:10) command:1001
09-28 17:54:50.396   921  1220 I C02d13/HDC_LOG: [session.cpp:891] AdminTask add task type:0 cid:910947148 sid:252******606(L:10) mapsize:2
09-28 17:54:50.396   921  1220 I C02d13/HDC_LOG: [task.cpp:34] HdcTaskBase type:0 cid:910947148 sid:252******606(L:10)
09-28 17:54:50.397   921  1220 I C02d13/HDC_LOG: [daemon_unity.cpp:414] Unity CommandDispatch command:1001 cid:910947148 sid:252******606(L:10)
09-28 17:54:50.397   921  1220 W C02d13/HDC_LOG: [async_cmd.cpp:114] GetDevItem false key:persist.hdc.root
09-28 17:54:50.397   921 16466 I C02d13/HDC_LOG: [async_cmd.cpp:225] Popen pipe fds[pipeRead]:34 fds[pipeWrite]:37, mode 0
09-28 17:54:50.401   921  1220 I C02d13/HDC_LOG: [async_cmd.cpp:291] ExecuteCommand cmd:param get const.product.os.dist.apiname fd:34 pid:16467
09-28 17:54:50.401   921  1220 I C02d13/HDC_LOG: [daemon_unity.cpp:486] Unity CommandDispatch command:1001 finish cid:910947148 sid:252******606(L:10)
09-28 17:54:50.402 16467 16467 W C02d13/HDC_LOG: [async_cmd.cpp:140] SetSelinuxLabel con:u:r:su:s0 isRoot:0
09-28 17:54:50.435   921 16468 I C02d13/HDC_LOG: [async_cmd.cpp:88] FinishShellProc finish pipeRead fd:34 pid:16467 count:1
09-28 17:54:50.435   921 16468 I C02d13/HDC_LOG: [task.cpp:55] HdcTaskBase::TaskFinish notify begin type:0 cid:910947148 sid:252******606(L:10)
09-28 17:54:50.435   921 16468 I C02d13/HDC_LOG: [task.cpp:58] HdcTaskBase::TaskFinish notify end type:0 cid:910947148 sid:252******606(L:10)
09-28 17:54:50.437   921  1220 I C02d13/HDC_LOG: [daemon.cpp:1142] FetchCommand channelId:910947148 command:2
09-28 17:54:50.437   921  1220 W C02d13/HDC_LOG: [session.cpp:160] BeginRemoveTask taskType:0 channelId:910947148
09-28 17:54:50.437   921  1220 W C02d13/HDC_LOG: [session.cpp:190] ClearOwnTasks OP_CLEAR finish, sessionId:252******606(L:10) channelIDInput:910947148
09-28 17:54:50.437   921  1220 W C02d13/HDC_LOG: [session.cpp:115] taskClassDeleteRetry start clear task, taskType:0 cid:910947148 sid:252******606(L:10)
09-28 17:54:50.437   921  1220 I C02d13/HDC_LOG: [async_cmd.cpp:69] DoRelease rc:-3 pid:16467
09-28 17:54:50.437   921  1220 I C02d13/HDC_LOG: [session.cpp:126] TaskDelay task remove retry count 0/30, taskType:0 channelId:910947148, sessionId:252******606(L:10)
09-28 17:54:50.437   921  1220 I C02d13/HDC_LOG: [daemon_unity.cpp:31] ~HdcDaemonUnity cid:910947148 sid:252******606(L:10)
09-28 17:54:50.437   921  1220 I C02d13/HDC_LOG: [task.cpp:40] ~HdcTaskBase type:0 cid:910947148 sid:252******606(L:10)
09-28 17:54:50.437   921  1220 W C02d13/HDC_LOG: [session.cpp:134] TaskDelay task remove finish, channelId:910947148
09-28 17:54:50.437   921  1220 I C02d13/HDC_LOG: [base.cpp:969] before uv handle close, the uv handle type is 13
09-28 17:54:50.442   921  1220 I C02d13/HDC_LOG: [daemon.cpp:1142] FetchCommand channelId:910947148 command:2
09-28 17:54:50.531   921  1220 I C02d13/HDC_LOG: [daemon.cpp:1142] FetchCommand channelId:2963383614 command:1001
09-28 17:54:50.531   921  1220 I C02d13/HDC_LOG: [session.cpp:1652] New HTaskInfo cid:2963383614 sid:252******606(L:10) command:1001
09-28 17:54:50.531   921  1220 I C02d13/HDC_LOG: [session.cpp:891] AdminTask add task type:0 cid:2963383614 sid:252******606(L:10) mapsize:2
09-28 17:54:50.531   921  1220 I C02d13/HDC_LOG: [task.cpp:34] HdcTaskBase type:0 cid:2963383614 sid:252******606(L:10)
09-28 17:54:50.531   921  1220 I C02d13/HDC_LOG: [daemon_unity.cpp:414] Unity CommandDispatch command:1001 cid:2963383614 sid:252******606(L:10)
09-28 17:54:50.531   921  1220 W C02d13/HDC_LOG: [async_cmd.cpp:114] GetDevItem false key:persist.hdc.root
09-28 17:54:50.532   921 16469 I C02d13/HDC_LOG: [async_cmd.cpp:225] Popen pipe fds[pipeRead]:34 fds[pipeWrite]:37, mode 0
09-28 17:54:50.536   921  1220 I C02d13/HDC_LOG: [async_cmd.cpp:291] ExecuteCommand cmd:param get const.product.os.dist.apiname fd:34 pid:16470
09-28 17:54:50.536   921  1220 I C02d13/HDC_LOG: [daemon_unity.cpp:486] Unity CommandDispatch command:1001 finish cid:2963383614 sid:252******606(L:10)
09-28 17:54:50.537 16470 16470 W C02d13/HDC_LOG: [async_cmd.cpp:140] SetSelinuxLabel con:u:r:su:s0 isRoot:0
09-28 17:54:50.573   921 16471 I C02d13/HDC_LOG: [async_cmd.cpp:88] FinishShellProc finish pipeRead fd:34 pid:16470 count:1
09-28 17:54:50.573   921 16471 I C02d13/HDC_LOG: [task.cpp:55] HdcTaskBase::TaskFinish notify begin type:0 cid:2963383614 sid:252******606(L:10)
09-28 17:54:50.573   921 16471 I C02d13/HDC_LOG: [task.cpp:58] HdcTaskBase::TaskFinish notify end type:0 cid:2963383614 sid:252******606(L:10)
09-28 17:54:50.575   921  1220 I C02d13/HDC_LOG: [daemon.cpp:1142] FetchCommand channelId:2963383614 command:2
09-28 17:54:50.575   921  1220 W C02d13/HDC_LOG: [session.cpp:160] BeginRemoveTask taskType:0 channelId:2963383614
09-28 17:54:50.575   921  1220 W C02d13/HDC_LOG: [session.cpp:190] ClearOwnTasks OP_CLEAR finish, sessionId:252******606(L:10) channelIDInput:2963383614
09-28 17:54:50.575   921  1220 W C02d13/HDC_LOG: [session.cpp:115] taskClassDeleteRetry start clear task, taskType:0 cid:2963383614 sid:252******606(L:10)
09-28 17:54:50.575   921  1220 I C02d13/HDC_LOG: [async_cmd.cpp:69] DoRelease rc:-3 pid:16470
09-28 17:54:50.575   921  1220 I C02d13/HDC_LOG: [session.cpp:126] TaskDelay task remove retry count 0/30, taskType:0 channelId:2963383614, sessionId:252******606(L:10)
09-28 17:54:50.575   921  1220 I C02d13/HDC_LOG: [daemon_unity.cpp:31] ~HdcDaemonUnity cid:2963383614 sid:252******606(L:10)
09-28 17:54:50.575   921  1220 I C02d13/HDC_LOG: [task.cpp:40] ~HdcTaskBase type:0 cid:2963383614 sid:252******606(L:10)
09-28 17:54:50.575   921  1220 W C02d13/HDC_LOG: [session.cpp:134] TaskDelay task remove finish, channelId:2963383614
09-28 17:54:50.575   921  1220 I C02d13/HDC_LOG: [base.cpp:969] before uv handle close, the uv handle type is 13
09-28 17:54:50.580   921  1220 I C02d13/HDC_LOG: [daemon.cpp:1142] FetchCommand channelId:2963383614 command:2
09-28 17:54:50.887   774  1107 E C02943/ThermalHdi: create output dir failed
09-28 17:54:50.887   774  1107 E C02943/ThermalHdi: open uncompressfile failed
09-28 17:54:50.987   921  1220 I C02d13/HDC_LOG: [daemon.cpp:1142] FetchCommand channelId:3935414189 command:1001
09-28 17:54:50.987   921  1220 I C02d13/HDC_LOG: [session.cpp:1652] New HTaskInfo cid:3935414189 sid:252******606(L:10) command:1001
09-28 17:54:50.987   921  1220 I C02d13/HDC_LOG: [session.cpp:891] AdminTask add task type:0 cid:3935414189 sid:252******606(L:10) mapsize:2
09-28 17:54:50.987   921  1220 I C02d13/HDC_LOG: [task.cpp:34] HdcTaskBase type:0 cid:3935414189 sid:252******606(L:10)
09-28 17:54:50.987   921  1220 I C02d13/HDC_LOG: [daemon_unity.cpp:414] Unity CommandDispatch command:1001 cid:3935414189 sid:252******606(L:10)
09-28 17:54:50.987   921  1220 W C02d13/HDC_LOG: [async_cmd.cpp:114] GetDevItem false key:persist.hdc.root
09-28 17:54:50.988   921 16472 I C02d13/HDC_LOG: [async_cmd.cpp:225] Popen pipe fds[pipeRead]:34 fds[pipeWrite]:37, mode 0
09-28 17:54:50.991   921  1220 I C02d13/HDC_LOG: [async_cmd.cpp:291] ExecuteCommand cmd:param get const.product.os.dist.apiname fd:34 pid:16473
09-28 17:54:50.991   921  1220 I C02d13/HDC_LOG: [daemon_unity.cpp:486] Unity CommandDispatch command:1001 finish cid:3935414189 sid:252******606(L:10)
09-28 17:54:50.993 16473 16473 W C02d13/HDC_LOG: [async_cmd.cpp:140] SetSelinuxLabel con:u:r:su:s0 isRoot:0
09-28 17:54:51.032   921 16474 I C02d13/HDC_LOG: [async_cmd.cpp:88] FinishShellProc finish pipeRead fd:34 pid:16473 count:1
09-28 17:54:51.032   921 16474 I C02d13/HDC_LOG: [task.cpp:55] HdcTaskBase::TaskFinish notify begin type:0 cid:3935414189 sid:252******606(L:10)
09-28 17:54:51.032   921 16474 I C02d13/HDC_LOG: [task.cpp:58] HdcTaskBase::TaskFinish notify end type:0 cid:3935414189 sid:252******606(L:10)
09-28 17:54:51.034   921  1220 I C02d13/HDC_LOG: [daemon.cpp:1142] FetchCommand channelId:3935414189 command:2
09-28 17:54:51.034   921  1220 W C02d13/HDC_LOG: [session.cpp:160] BeginRemoveTask taskType:0 channelId:3935414189
09-28 17:54:51.034   921  1220 W C02d13/HDC_LOG: [session.cpp:190] ClearOwnTasks OP_CLEAR finish, sessionId:252******606(L:10) channelIDInput:3935414189
09-28 17:54:51.034   921  1220 W C02d13/HDC_LOG: [session.cpp:115] taskClassDeleteRetry start clear task, taskType:0 cid:3935414189 sid:252******606(L:10)
09-28 17:54:51.034   921  1220 I C02d13/HDC_LOG: [async_cmd.cpp:69] DoRelease rc:-3 pid:16473
09-28 17:54:51.034   921  1220 I C02d13/HDC_LOG: [session.cpp:126] TaskDelay task remove retry count 0/30, taskType:0 channelId:3935414189, sessionId:252******606(L:10)
09-28 17:54:51.034   921  1220 I C02d13/HDC_LOG: [daemon_unity.cpp:31] ~HdcDaemonUnity cid:3935414189 sid:252******606(L:10)
09-28 17:54:51.034   921  1220 I C02d13/HDC_LOG: [task.cpp:40] ~HdcTaskBase type:0 cid:3935414189 sid:252******606(L:10)
09-28 17:54:51.034   921  1220 W C02d13/HDC_LOG: [session.cpp:134] TaskDelay task remove finish, channelId:3935414189
09-28 17:54:51.034   921  1220 I C02d13/HDC_LOG: [base.cpp:969] before uv handle close, the uv handle type is 13
09-28 17:54:51.039   921  1220 I C02d13/HDC_LOG: [daemon.cpp:1142] FetchCommand channelId:3935414189 command:2
09-28 17:54:51.170   921  1220 I C02d13/HDC_LOG: [daemon.cpp:1142] FetchCommand channelId:1505951254 command:1001
09-28 17:54:51.170   921  1220 I C02d13/HDC_LOG: [session.cpp:1652] New HTaskInfo cid:1505951254 sid:252******606(L:10) command:1001
09-28 17:54:51.170   921  1220 I C02d13/HDC_LOG: [session.cpp:891] AdminTask add task type:0 cid:1505951254 sid:252******606(L:10) mapsize:2
09-28 17:54:51.170   921  1220 I C02d13/HDC_LOG: [task.cpp:34] HdcTaskBase type:0 cid:1505951254 sid:252******606(L:10)
09-28 17:54:51.170   921  1220 I C02d13/HDC_LOG: [daemon_unity.cpp:414] Unity CommandDispatch command:1001 cid:1505951254 sid:252******606(L:10)
09-28 17:54:51.170   921  1220 W C02d13/HDC_LOG: [async_cmd.cpp:114] GetDevItem false key:persist.hdc.root
09-28 17:54:51.170   921 16475 I C02d13/HDC_LOG: [async_cmd.cpp:225] Popen pipe fds[pipeRead]:34 fds[pipeWrite]:37, mode 0
09-28 17:54:51.174   921  1220 I C02d13/HDC_LOG: [async_cmd.cpp:291] ExecuteCommand cmd:param get const.product.os.dist.apiname fd:34 pid:16476
09-28 17:54:51.174   921  1220 I C02d13/HDC_LOG: [daemon_unity.cpp:486] Unity CommandDispatch command:1001 finish cid:1505951254 sid:252******606(L:10)
09-28 17:54:51.175 16476 16476 W C02d13/HDC_LOG: [async_cmd.cpp:140] SetSelinuxLabel con:u:r:su:s0 isRoot:0
09-28 17:54:51.212   921 16477 I C02d13/HDC_LOG: [async_cmd.cpp:88] FinishShellProc finish pipeRead fd:34 pid:16476 count:1
09-28 17:54:51.212   921 16477 I C02d13/HDC_LOG: [task.cpp:55] HdcTaskBase::TaskFinish notify begin type:0 cid:1505951254 sid:252******606(L:10)
09-28 17:54:51.213   921 16477 I C02d13/HDC_LOG: [task.cpp:58] HdcTaskBase::TaskFinish notify end type:0 cid:1505951254 sid:252******606(L:10)
09-28 17:54:51.215   921  1220 I C02d13/HDC_LOG: [daemon.cpp:1142] FetchCommand channelId:1505951254 command:2
09-28 17:54:51.215   921  1220 W C02d13/HDC_LOG: [session.cpp:160] BeginRemoveTask taskType:0 channelId:1505951254
09-28 17:54:51.215   921  1220 W C02d13/HDC_LOG: [session.cpp:190] ClearOwnTasks OP_CLEAR finish, sessionId:252******606(L:10) channelIDInput:1505951254
09-28 17:54:51.215   921  1220 W C02d13/HDC_LOG: [session.cpp:115] taskClassDeleteRetry start clear task, taskType:0 cid:1505951254 sid:252******606(L:10)
09-28 17:54:51.215   921  1220 I C02d13/HDC_LOG: [async_cmd.cpp:69] DoRelease rc:-3 pid:16476
09-28 17:54:51.215   921  1220 I C02d13/HDC_LOG: [session.cpp:126] TaskDelay task remove retry count 0/30, taskType:0 channelId:1505951254, sessionId:252******606(L:10)
09-28 17:54:51.215   921  1220 I C02d13/HDC_LOG: [daemon_unity.cpp:31] ~HdcDaemonUnity cid:1505951254 sid:252******606(L:10)
09-28 17:54:51.215   921  1220 I C02d13/HDC_LOG: [task.cpp:40] ~HdcTaskBase type:0 cid:1505951254 sid:252******606(L:10)
09-28 17:54:51.215   921  1220 W C02d13/HDC_LOG: [session.cpp:134] TaskDelay task remove finish, channelId:1505951254
09-28 17:54:51.215   921  1220 I C02d13/HDC_LOG: [base.cpp:969] before uv handle close, the uv handle type is 13
09-28 17:54:51.220   921  1220 I C02d13/HDC_LOG: [daemon.cpp:1142] FetchCommand channelId:1505951254 command:2
09-28 17:54:51.807   921  1220 I C02d13/HDC_LOG: [daemon.cpp:1142] FetchCommand channelId:56622999 command:1001
09-28 17:54:51.807   921  1220 I C02d13/HDC_LOG: [session.cpp:1652] New HTaskInfo cid:56622999 sid:252******606(L:10) command:1001
09-28 17:54:51.807   921  1220 I C02d13/HDC_LOG: [session.cpp:891] AdminTask add task type:0 cid:56622999 sid:252******606(L:10) mapsize:2
09-28 17:54:51.807   921  1220 I C02d13/HDC_LOG: [task.cpp:34] HdcTaskBase type:0 cid:56622999 sid:252******606(L:10)
09-28 17:54:51.807   921  1220 I C02d13/HDC_LOG: [daemon_unity.cpp:414] Unity CommandDispatch command:1001 cid:56622999 sid:252******606(L:10)
09-28 17:54:51.807   921  1220 W C02d13/HDC_LOG: [async_cmd.cpp:114] GetDevItem false key:persist.hdc.root
09-28 17:54:51.807   921 16478 I C02d13/HDC_LOG: [async_cmd.cpp:225] Popen pipe fds[pipeRead]:34 fds[pipeWrite]:37, mode 0
09-28 17:54:51.811   921  1220 I C02d13/HDC_LOG: [async_cmd.cpp:291] ExecuteCommand cmd:param get const.product.os.dist.apiname fd:34 pid:16479
09-28 17:54:51.812   921  1220 I C02d13/HDC_LOG: [daemon_unity.cpp:486] Unity CommandDispatch command:1001 finish cid:56622999 sid:252******606(L:10)
09-28 17:54:51.812 16479 16479 W C02d13/HDC_LOG: [async_cmd.cpp:140] SetSelinuxLabel con:u:r:su:s0 isRoot:0
09-28 17:54:51.851   921 16480 I C02d13/HDC_LOG: [async_cmd.cpp:88] FinishShellProc finish pipeRead fd:34 pid:16479 count:1
09-28 17:54:51.851   921 16480 I C02d13/HDC_LOG: [task.cpp:55] HdcTaskBase::TaskFinish notify begin type:0 cid:56622999 sid:252******606(L:10)
09-28 17:54:51.851   921 16480 I C02d13/HDC_LOG: [task.cpp:58] HdcTaskBase::TaskFinish notify end type:0 cid:56622999 sid:252******606(L:10)
09-28 17:54:51.854   921  1220 I C02d13/HDC_LOG: [daemon.cpp:1142] FetchCommand channelId:56622999 command:2
09-28 17:54:51.854   921  1220 W C02d13/HDC_LOG: [session.cpp:160] BeginRemoveTask taskType:0 channelId:56622999
09-28 17:54:51.854   921  1220 W C02d13/HDC_LOG: [session.cpp:190] ClearOwnTasks OP_CLEAR finish, sessionId:252******606(L:10) channelIDInput:56622999
09-28 17:54:51.854   921  1220 W C02d13/HDC_LOG: [session.cpp:115] taskClassDeleteRetry start clear task, taskType:0 cid:56622999 sid:252******606(L:10)
09-28 17:54:51.854   921  1220 I C02d13/HDC_LOG: [async_cmd.cpp:69] DoRelease rc:-3 pid:16479
09-28 17:54:51.854   921  1220 I C02d13/HDC_LOG: [session.cpp:126] TaskDelay task remove retry count 0/30, taskType:0 channelId:56622999, sessionId:252******606(L:10)
09-28 17:54:51.854   921  1220 I C02d13/HDC_LOG: [daemon_unity.cpp:31] ~HdcDaemonUnity cid:56622999 sid:252******606(L:10)
09-28 17:54:51.854   921  1220 I C02d13/HDC_LOG: [task.cpp:40] ~HdcTaskBase type:0 cid:56622999 sid:252******606(L:10)
09-28 17:54:51.854   921  1220 W C02d13/HDC_LOG: [session.cpp:134] TaskDelay task remove finish, channelId:56622999
09-28 17:54:51.854   921  1220 I C02d13/HDC_LOG: [base.cpp:969] before uv handle close, the uv handle type is 13
09-28 17:54:51.859   921  1220 I C02d13/HDC_LOG: [daemon.cpp:1142] FetchCommand channelId:56622999 command:2
09-28 17:54:51.950   921  1220 I C02d13/HDC_LOG: [daemon.cpp:1142] FetchCommand channelId:421352768 command:1001
09-28 17:54:51.950   921  1220 I C02d13/HDC_LOG: [session.cpp:1652] New HTaskInfo cid:421352768 sid:252******606(L:10) command:1001
09-28 17:54:51.950   921  1220 I C02d13/HDC_LOG: [session.cpp:891] AdminTask add task type:0 cid:421352768 sid:252******606(L:10) mapsize:2
09-28 17:54:51.950   921  1220 I C02d13/HDC_LOG: [task.cpp:34] HdcTaskBase type:0 cid:421352768 sid:252******606(L:10)
09-28 17:54:51.950   921  1220 I C02d13/HDC_LOG: [daemon_unity.cpp:414] Unity CommandDispatch command:1001 cid:421352768 sid:252******606(L:10)
09-28 17:54:51.950   921  1220 W C02d13/HDC_LOG: [async_cmd.cpp:114] GetDevItem false key:persist.hdc.root
09-28 17:54:51.951   921 16481 I C02d13/HDC_LOG: [async_cmd.cpp:225] Popen pipe fds[pipeRead]:34 fds[pipeWrite]:37, mode 0
09-28 17:54:51.954   921  1220 I C02d13/HDC_LOG: [async_cmd.cpp:291] ExecuteCommand cmd:param get const.product.os.dist.apiname fd:34 pid:16482
09-28 17:54:51.955   921  1220 I C02d13/HDC_LOG: [daemon_unity.cpp:486] Unity CommandDispatch command:1001 finish cid:421352768 sid:252******606(L:10)
09-28 17:54:51.956 16482 16482 W C02d13/HDC_LOG: [async_cmd.cpp:140] SetSelinuxLabel con:u:r:su:s0 isRoot:0
09-28 17:54:51.992   921 16483 I C02d13/HDC_LOG: [async_cmd.cpp:88] FinishShellProc finish pipeRead fd:34 pid:16482 count:1
09-28 17:54:51.992   921 16483 I C02d13/HDC_LOG: [task.cpp:55] HdcTaskBase::TaskFinish notify begin type:0 cid:421352768 sid:252******606(L:10)
09-28 17:54:51.993   921 16483 I C02d13/HDC_LOG: [task.cpp:58] HdcTaskBase::TaskFinish notify end type:0 cid:421352768 sid:252******606(L:10)
09-28 17:54:51.995   921  1220 I C02d13/HDC_LOG: [daemon.cpp:1142] FetchCommand channelId:421352768 command:2
09-28 17:54:51.995   921  1220 W C02d13/HDC_LOG: [session.cpp:160] BeginRemoveTask taskType:0 channelId:421352768
09-28 17:54:51.995   921  1220 W C02d13/HDC_LOG: [session.cpp:190] ClearOwnTasks OP_CLEAR finish, sessionId:252******606(L:10) channelIDInput:421352768
09-28 17:54:51.995   921  1220 W C02d13/HDC_LOG: [session.cpp:115] taskClassDeleteRetry start clear task, taskType:0 cid:421352768 sid:252******606(L:10)
09-28 17:54:51.995   921  1220 I C02d13/HDC_LOG: [async_cmd.cpp:69] DoRelease rc:-3 pid:16482
09-28 17:54:51.995   921  1220 I C02d13/HDC_LOG: [session.cpp:126] TaskDelay task remove retry count 0/30, taskType:0 channelId:421352768, sessionId:252******606(L:10)
09-28 17:54:51.995   921  1220 I C02d13/HDC_LOG: [daemon_unity.cpp:31] ~HdcDaemonUnity cid:421352768 sid:252******606(L:10)
09-28 17:54:51.995   921  1220 I C02d13/HDC_LOG: [task.cpp:40] ~HdcTaskBase type:0 cid:421352768 sid:252******606(L:10)
09-28 17:54:51.995   921  1220 W C02d13/HDC_LOG: [session.cpp:134] TaskDelay task remove finish, channelId:421352768
09-28 17:54:51.995   921  1220 I C02d13/HDC_LOG: [base.cpp:969] before uv handle close, the uv handle type is 13
09-28 17:54:52.000   921  1220 I C02d13/HDC_LOG: [daemon.cpp:1142] FetchCommand channelId:421352768 command:2
09-28 17:54:52.013   921  1220 I C02d13/HDC_LOG: [daemon.cpp:1142] FetchCommand channelId:1722664748 command:1001
09-28 17:54:52.013   921  1220 I C02d13/HDC_LOG: [session.cpp:1652] New HTaskInfo cid:1722664748 sid:252******606(L:10) command:1001
09-28 17:54:52.013   921  1220 I C02d13/HDC_LOG: [session.cpp:891] AdminTask add task type:0 cid:1722664748 sid:252******606(L:10) mapsize:2
09-28 17:54:52.013   921  1220 I C02d13/HDC_LOG: [task.cpp:34] HdcTaskBase type:0 cid:1722664748 sid:252******606(L:10)
09-28 17:54:52.013   921  1220 I C02d13/HDC_LOG: [daemon_unity.cpp:414] Unity CommandDispatch command:1001 cid:1722664748 sid:252******606(L:10)
09-28 17:54:52.013   921  1220 W C02d13/HDC_LOG: [async_cmd.cpp:114] GetDevItem false key:persist.hdc.root
09-28 17:54:52.013   921 16484 I C02d13/HDC_LOG: [async_cmd.cpp:225] Popen pipe fds[pipeRead]:34 fds[pipeWrite]:37, mode 0
09-28 17:54:52.017   921  1220 I C02d13/HDC_LOG: [async_cmd.cpp:291] ExecuteCommand cmd:param get const.product.os.dist.apiname fd:34 pid:16485
09-28 17:54:52.017   921  1220 I C02d13/HDC_LOG: [daemon_unity.cpp:486] Unity CommandDispatch command:1001 finish cid:1722664748 sid:252******606(L:10)
09-28 17:54:52.018 16485 16485 W C02d13/HDC_LOG: [async_cmd.cpp:140] SetSelinuxLabel con:u:r:su:s0 isRoot:0
09-28 17:54:52.053   921 16486 I C02d13/HDC_LOG: [async_cmd.cpp:88] FinishShellProc finish pipeRead fd:34 pid:16485 count:1
09-28 17:54:52.053   921 16486 I C02d13/HDC_LOG: [task.cpp:55] HdcTaskBase::TaskFinish notify begin type:0 cid:1722664748 sid:252******606(L:10)
09-28 17:54:52.053   921 16486 I C02d13/HDC_LOG: [task.cpp:58] HdcTaskBase::TaskFinish notify end type:0 cid:1722664748 sid:252******606(L:10)
09-28 17:54:52.055   921  1220 I C02d13/HDC_LOG: [daemon.cpp:1142] FetchCommand channelId:1722664748 command:2
09-28 17:54:52.055   921  1220 W C02d13/HDC_LOG: [session.cpp:160] BeginRemoveTask taskType:0 channelId:1722664748
09-28 17:54:52.055   921  1220 W C02d13/HDC_LOG: [session.cpp:190] ClearOwnTasks OP_CLEAR finish, sessionId:252******606(L:10) channelIDInput:1722664748
09-28 17:54:52.055   921  1220 W C02d13/HDC_LOG: [session.cpp:115] taskClassDeleteRetry start clear task, taskType:0 cid:1722664748 sid:252******606(L:10)
09-28 17:54:52.055   921  1220 I C02d13/HDC_LOG: [async_cmd.cpp:69] DoRelease rc:-3 pid:16485
09-28 17:54:52.055   921  1220 I C02d13/HDC_LOG: [session.cpp:126] TaskDelay task remove retry count 0/30, taskType:0 channelId:1722664748, sessionId:252******606(L:10)
09-28 17:54:52.055   921  1220 I C02d13/HDC_LOG: [daemon_unity.cpp:31] ~HdcDaemonUnity cid:1722664748 sid:252******606(L:10)
09-28 17:54:52.055   921  1220 I C02d13/HDC_LOG: [task.cpp:40] ~HdcTaskBase type:0 cid:1722664748 sid:252******606(L:10)
09-28 17:54:52.055   921  1220 W C02d13/HDC_LOG: [session.cpp:134] TaskDelay task remove finish, channelId:1722664748
09-28 17:54:52.055   921  1220 I C02d13/HDC_LOG: [base.cpp:969] before uv handle close, the uv handle type is 13
09-28 17:54:52.060   921  1220 I C02d13/HDC_LOG: [daemon.cpp:1142] FetchCommand channelId:1722664748 command:2
09-28 17:54:52.061   921  1220 I C02d13/HDC_LOG: [daemon.cpp:1142] FetchCommand channelId:307304779 command:1001
09-28 17:54:52.062   921  1220 I C02d13/HDC_LOG: [session.cpp:1652] New HTaskInfo cid:307304779 sid:252******606(L:10) command:1001
09-28 17:54:52.062   921  1220 I C02d13/HDC_LOG: [session.cpp:891] AdminTask add task type:0 cid:307304779 sid:252******606(L:10) mapsize:2
09-28 17:54:52.062   921  1220 I C02d13/HDC_LOG: [task.cpp:34] HdcTaskBase type:0 cid:307304779 sid:252******606(L:10)
09-28 17:54:52.062   921  1220 I C02d13/HDC_LOG: [daemon_unity.cpp:414] Unity CommandDispatch command:1001 cid:307304779 sid:252******606(L:10)
09-28 17:54:52.062   921  1220 W C02d13/HDC_LOG: [async_cmd.cpp:114] GetDevItem false key:persist.hdc.root
09-28 17:54:52.062   921 16487 I C02d13/HDC_LOG: [async_cmd.cpp:225] Popen pipe fds[pipeRead]:34 fds[pipeWrite]:37, mode 0
09-28 17:54:52.066   921  1220 I C02d13/HDC_LOG: [async_cmd.cpp:291] ExecuteCommand cmd:param get const.product.os.dist.apiname fd:34 pid:16488
09-28 17:54:52.066   921  1220 I C02d13/HDC_LOG: [daemon_unity.cpp:486] Unity CommandDispatch command:1001 finish cid:307304779 sid:252******606(L:10)
09-28 17:54:52.067 16488 16488 W C02d13/HDC_LOG: [async_cmd.cpp:140] SetSelinuxLabel con:u:r:su:s0 isRoot:0
09-28 17:54:52.097   921 16489 I C02d13/HDC_LOG: [async_cmd.cpp:88] FinishShellProc finish pipeRead fd:34 pid:16488 count:1
09-28 17:54:52.097   921 16489 I C02d13/HDC_LOG: [task.cpp:55] HdcTaskBase::TaskFinish notify begin type:0 cid:307304779 sid:252******606(L:10)
09-28 17:54:52.097   921 16489 I C02d13/HDC_LOG: [task.cpp:58] HdcTaskBase::TaskFinish notify end type:0 cid:307304779 sid:252******606(L:10)
09-28 17:54:52.098   921  1220 I C02d13/HDC_LOG: [daemon.cpp:1142] FetchCommand channelId:307304779 command:2
09-28 17:54:52.098   921  1220 W C02d13/HDC_LOG: [session.cpp:160] BeginRemoveTask taskType:0 channelId:307304779
09-28 17:54:52.099   921  1220 W C02d13/HDC_LOG: [session.cpp:190] ClearOwnTasks OP_CLEAR finish, sessionId:252******606(L:10) channelIDInput:307304779
09-28 17:54:52.099   921  1220 W C02d13/HDC_LOG: [session.cpp:115] taskClassDeleteRetry start clear task, taskType:0 cid:307304779 sid:252******606(L:10)
09-28 17:54:52.099   921  1220 I C02d13/HDC_LOG: [async_cmd.cpp:69] DoRelease rc:-3 pid:16488
09-28 17:54:52.099   921  1220 I C02d13/HDC_LOG: [session.cpp:126] TaskDelay task remove retry count 0/30, taskType:0 channelId:307304779, sessionId:252******606(L:10)
09-28 17:54:52.099   921  1220 I C02d13/HDC_LOG: [daemon_unity.cpp:31] ~HdcDaemonUnity cid:307304779 sid:252******606(L:10)
09-28 17:54:52.099   921  1220 I C02d13/HDC_LOG: [task.cpp:40] ~HdcTaskBase type:0 cid:307304779 sid:252******606(L:10)
09-28 17:54:52.099   921  1220 W C02d13/HDC_LOG: [session.cpp:134] TaskDelay task remove finish, channelId:307304779
09-28 17:54:52.099   921  1220 I C02d13/HDC_LOG: [base.cpp:969] before uv handle close, the uv handle type is 13
09-28 17:54:52.099   921  1220 I C02d13/HDC_LOG: [daemon.cpp:1142] FetchCommand channelId:307304779 command:2
09-28 17:54:52.159   921  1220 I C02d13/HDC_LOG: [daemon.cpp:1142] FetchCommand channelId:1455870675 command:1001
09-28 17:54:52.159   921  1220 I C02d13/HDC_LOG: [session.cpp:1652] New HTaskInfo cid:1455870675 sid:252******606(L:10) command:1001
09-28 17:54:52.159   921  1220 I C02d13/HDC_LOG: [session.cpp:891] AdminTask add task type:0 cid:1455870675 sid:252******606(L:10) mapsize:2
09-28 17:54:52.159   921  1220 I C02d13/HDC_LOG: [task.cpp:34] HdcTaskBase type:0 cid:1455870675 sid:252******606(L:10)
09-28 17:54:52.159   921  1220 I C02d13/HDC_LOG: [daemon_unity.cpp:414] Unity CommandDispatch command:1001 cid:1455870675 sid:252******606(L:10)
09-28 17:54:52.160   921  1220 W C02d13/HDC_LOG: [async_cmd.cpp:114] GetDevItem false key:persist.hdc.root
09-28 17:54:52.160   921 16490 I C02d13/HDC_LOG: [async_cmd.cpp:225] Popen pipe fds[pipeRead]:34 fds[pipeWrite]:37, mode 0
09-28 17:54:52.164   921  1220 I C02d13/HDC_LOG: [async_cmd.cpp:291] ExecuteCommand cmd:param get const.product.os.dist.apiname fd:34 pid:16491
09-28 17:54:52.164   921  1220 I C02d13/HDC_LOG: [daemon_unity.cpp:486] Unity CommandDispatch command:1001 finish cid:1455870675 sid:252******606(L:10)
09-28 17:54:52.165 16491 16491 W C02d13/HDC_LOG: [async_cmd.cpp:140] SetSelinuxLabel con:u:r:su:s0 isRoot:0
09-28 17:54:52.196   921 16492 I C02d13/HDC_LOG: [async_cmd.cpp:88] FinishShellProc finish pipeRead fd:34 pid:16491 count:1
09-28 17:54:52.196   921 16492 I C02d13/HDC_LOG: [task.cpp:55] HdcTaskBase::TaskFinish notify begin type:0 cid:1455870675 sid:252******606(L:10)
09-28 17:54:52.196   921 16492 I C02d13/HDC_LOG: [task.cpp:58] HdcTaskBase::TaskFinish notify end type:0 cid:1455870675 sid:252******606(L:10)
09-28 17:54:52.198   921  1220 I C02d13/HDC_LOG: [daemon.cpp:1142] FetchCommand channelId:1455870675 command:2
09-28 17:54:52.198   921  1220 W C02d13/HDC_LOG: [session.cpp:160] BeginRemoveTask taskType:0 channelId:1455870675
09-28 17:54:52.198   921  1220 W C02d13/HDC_LOG: [session.cpp:190] ClearOwnTasks OP_CLEAR finish, sessionId:252******606(L:10) channelIDInput:1455870675
09-28 17:54:52.198   921  1220 W C02d13/HDC_LOG: [session.cpp:115] taskClassDeleteRetry start clear task, taskType:0 cid:1455870675 sid:252******606(L:10)
09-28 17:54:52.198   921  1220 I C02d13/HDC_LOG: [async_cmd.cpp:69] DoRelease rc:-3 pid:16491
09-28 17:54:52.198   921  1220 I C02d13/HDC_LOG: [session.cpp:126] TaskDelay task remove retry count 0/30, taskType:0 channelId:1455870675, sessionId:252******606(L:10)
09-28 17:54:52.198   921  1220 I C02d13/HDC_LOG: [daemon_unity.cpp:31] ~HdcDaemonUnity cid:1455870675 sid:252******606(L:10)
09-28 17:54:52.199   921  1220 I C02d13/HDC_LOG: [task.cpp:40] ~HdcTaskBase type:0 cid:1455870675 sid:252******606(L:10)
09-28 17:54:52.199   921  1220 W C02d13/HDC_LOG: [session.cpp:134] TaskDelay task remove finish, channelId:1455870675
09-28 17:54:52.199   921  1220 I C02d13/HDC_LOG: [base.cpp:969] before uv handle close, the uv handle type is 13
09-28 17:54:52.203   921  1220 I C02d13/HDC_LOG: [daemon.cpp:1142] FetchCommand channelId:1455870675 command:2
09-28 17:54:52.270   921  1220 I C02d13/HDC_LOG: [daemon.cpp:1142] FetchCommand channelId:4112478011 command:1001
09-28 17:54:52.270   921  1220 I C02d13/HDC_LOG: [session.cpp:1652] New HTaskInfo cid:4112478011 sid:252******606(L:10) command:1001
09-28 17:54:52.270   921  1220 I C02d13/HDC_LOG: [session.cpp:891] AdminTask add task type:0 cid:4112478011 sid:252******606(L:10) mapsize:2
09-28 17:54:52.270   921  1220 I C02d13/HDC_LOG: [task.cpp:34] HdcTaskBase type:0 cid:4112478011 sid:252******606(L:10)
09-28 17:54:52.270   921  1220 I C02d13/HDC_LOG: [daemon_unity.cpp:414] Unity CommandDispatch command:1001 cid:4112478011 sid:252******606(L:10)
09-28 17:54:52.270   921  1220 W C02d13/HDC_LOG: [async_cmd.cpp:114] GetDevItem false key:persist.hdc.root
09-28 17:54:52.271   921 16493 I C02d13/HDC_LOG: [async_cmd.cpp:225] Popen pipe fds[pipeRead]:34 fds[pipeWrite]:37, mode 0
09-28 17:54:52.274   921  1220 I C02d13/HDC_LOG: [async_cmd.cpp:291] ExecuteCommand cmd:param get const.product.os.dist.apiname fd:34 pid:16494
09-28 17:54:52.275   921  1220 I C02d13/HDC_LOG: [daemon_unity.cpp:486] Unity CommandDispatch command:1001 finish cid:4112478011 sid:252******606(L:10)
09-28 17:54:52.276 16494 16494 W C02d13/HDC_LOG: [async_cmd.cpp:140] SetSelinuxLabel con:u:r:su:s0 isRoot:0
09-28 17:54:52.313   921 16495 I C02d13/HDC_LOG: [async_cmd.cpp:88] FinishShellProc finish pipeRead fd:34 pid:16494 count:1
09-28 17:54:52.313   921 16495 I C02d13/HDC_LOG: [task.cpp:55] HdcTaskBase::TaskFinish notify begin type:0 cid:4112478011 sid:252******606(L:10)
09-28 17:54:52.313   921 16495 I C02d13/HDC_LOG: [task.cpp:58] HdcTaskBase::TaskFinish notify end type:0 cid:4112478011 sid:252******606(L:10)
09-28 17:54:52.315   921  1220 I C02d13/HDC_LOG: [daemon.cpp:1142] FetchCommand channelId:4112478011 command:2
09-28 17:54:52.315   921  1220 W C02d13/HDC_LOG: [session.cpp:160] BeginRemoveTask taskType:0 channelId:4112478011
09-28 17:54:52.315   921  1220 W C02d13/HDC_LOG: [session.cpp:190] ClearOwnTasks OP_CLEAR finish, sessionId:252******606(L:10) channelIDInput:4112478011
09-28 17:54:52.315   921  1220 W C02d13/HDC_LOG: [session.cpp:115] taskClassDeleteRetry start clear task, taskType:0 cid:4112478011 sid:252******606(L:10)
09-28 17:54:52.315   921  1220 I C02d13/HDC_LOG: [async_cmd.cpp:69] DoRelease rc:-3 pid:16494
09-28 17:54:52.315   921  1220 I C02d13/HDC_LOG: [session.cpp:126] TaskDelay task remove retry count 0/30, taskType:0 channelId:4112478011, sessionId:252******606(L:10)
09-28 17:54:52.315   921  1220 I C02d13/HDC_LOG: [daemon_unity.cpp:31] ~HdcDaemonUnity cid:4112478011 sid:252******606(L:10)
09-28 17:54:52.315   921  1220 I C02d13/HDC_LOG: [task.cpp:40] ~HdcTaskBase type:0 cid:4112478011 sid:252******606(L:10)
09-28 17:54:52.315   921  1220 W C02d13/HDC_LOG: [session.cpp:134] TaskDelay task remove finish, channelId:4112478011
09-28 17:54:52.315   921  1220 I C02d13/HDC_LOG: [base.cpp:969] before uv handle close, the uv handle type is 13
09-28 17:54:52.320   921  1220 I C02d13/HDC_LOG: [daemon.cpp:1142] FetchCommand channelId:4112478011 command:2
09-28 17:54:52.487   921  1220 I C02d13/HDC_LOG: [daemon.cpp:1142] FetchCommand channelId:1396102940 command:1001
09-28 17:54:52.487   921  1220 I C02d13/HDC_LOG: [session.cpp:1652] New HTaskInfo cid:1396102940 sid:252******606(L:10) command:1001
09-28 17:54:52.487   921  1220 I C02d13/HDC_LOG: [session.cpp:891] AdminTask add task type:0 cid:1396102940 sid:252******606(L:10) mapsize:2
09-28 17:54:52.487   921  1220 I C02d13/HDC_LOG: [task.cpp:34] HdcTaskBase type:0 cid:1396102940 sid:252******606(L:10)
09-28 17:54:52.487   921  1220 I C02d13/HDC_LOG: [daemon_unity.cpp:414] Unity CommandDispatch command:1001 cid:1396102940 sid:252******606(L:10)
09-28 17:54:52.487   921  1220 W C02d13/HDC_LOG: [async_cmd.cpp:114] GetDevItem false key:persist.hdc.root
09-28 17:54:52.488   921 16496 I C02d13/HDC_LOG: [async_cmd.cpp:225] Popen pipe fds[pipeRead]:34 fds[pipeWrite]:37, mode 0
09-28 17:54:52.492   921  1220 I C02d13/HDC_LOG: [async_cmd.cpp:291] ExecuteCommand cmd:param get const.product.os.dist.apiname fd:34 pid:16497
09-28 17:54:52.492   921  1220 I C02d13/HDC_LOG: [daemon_unity.cpp:486] Unity CommandDispatch command:1001 finish cid:1396102940 sid:252******606(L:10)
09-28 17:54:52.493 16497 16497 W C02d13/HDC_LOG: [async_cmd.cpp:140] SetSelinuxLabel con:u:r:su:s0 isRoot:0
09-28 17:54:52.531   921 16498 I C02d13/HDC_LOG: [async_cmd.cpp:88] FinishShellProc finish pipeRead fd:34 pid:16497 count:1
09-28 17:54:52.531   921 16498 I C02d13/HDC_LOG: [task.cpp:55] HdcTaskBase::TaskFinish notify begin type:0 cid:1396102940 sid:252******606(L:10)
09-28 17:54:52.531   921 16498 I C02d13/HDC_LOG: [task.cpp:58] HdcTaskBase::TaskFinish notify end type:0 cid:1396102940 sid:252******606(L:10)
09-28 17:54:52.534   921  1220 I C02d13/HDC_LOG: [daemon.cpp:1142] FetchCommand channelId:1396102940 command:2
09-28 17:54:52.534   921  1220 W C02d13/HDC_LOG: [session.cpp:160] BeginRemoveTask taskType:0 channelId:1396102940
09-28 17:54:52.534   921  1220 W C02d13/HDC_LOG: [session.cpp:190] ClearOwnTasks OP_CLEAR finish, sessionId:252******606(L:10) channelIDInput:1396102940
09-28 17:54:52.534   921  1220 W C02d13/HDC_LOG: [session.cpp:115] taskClassDeleteRetry start clear task, taskType:0 cid:1396102940 sid:252******606(L:10)
09-28 17:54:52.534   921  1220 I C02d13/HDC_LOG: [async_cmd.cpp:69] DoRelease rc:-3 pid:16497
09-28 17:54:52.534   921  1220 I C02d13/HDC_LOG: [session.cpp:126] TaskDelay task remove retry count 0/30, taskType:0 channelId:1396102940, sessionId:252******606(L:10)
09-28 17:54:52.534   921  1220 I C02d13/HDC_LOG: [daemon_unity.cpp:31] ~HdcDaemonUnity cid:1396102940 sid:252******606(L:10)
09-28 17:54:52.534   921  1220 I C02d13/HDC_LOG: [task.cpp:40] ~HdcTaskBase type:0 cid:1396102940 sid:252******606(L:10)
09-28 17:54:52.534   921  1220 W C02d13/HDC_LOG: [session.cpp:134] TaskDelay task remove finish, channelId:1396102940
09-28 17:54:52.534   921  1220 I C02d13/HDC_LOG: [base.cpp:969] before uv handle close, the uv handle type is 13
09-28 17:54:52.539   921  1220 I C02d13/HDC_LOG: [daemon.cpp:1142] FetchCommand channelId:1396102940 command:2
09-28 17:54:53.007   921  1220 I C02d13/HDC_LOG: [daemon.cpp:1142] FetchCommand channelId:605658429 command:1001
09-28 17:54:53.007   921  1220 I C02d13/HDC_LOG: [session.cpp:1652] New HTaskInfo cid:605658429 sid:252******606(L:10) command:1001
09-28 17:54:53.007   921  1220 I C02d13/HDC_LOG: [session.cpp:891] AdminTask add task type:0 cid:605658429 sid:252******606(L:10) mapsize:2
09-28 17:54:53.007   921  1220 I C02d13/HDC_LOG: [task.cpp:34] HdcTaskBase type:0 cid:605658429 sid:252******606(L:10)
09-28 17:54:53.007   921  1220 I C02d13/HDC_LOG: [daemon_unity.cpp:414] Unity CommandDispatch command:1001 cid:605658429 sid:252******606(L:10)
09-28 17:54:53.008   921  1220 W C02d13/HDC_LOG: [async_cmd.cpp:114] GetDevItem false key:persist.hdc.root
09-28 17:54:53.008   921 16499 I C02d13/HDC_LOG: [async_cmd.cpp:225] Popen pipe fds[pipeRead]:34 fds[pipeWrite]:37, mode 0
09-28 17:54:53.012   921  1220 I C02d13/HDC_LOG: [async_cmd.cpp:291] ExecuteCommand cmd:param get const.product.os.dist.apiname fd:34 pid:16500
09-28 17:54:53.012   921  1220 I C02d13/HDC_LOG: [daemon_unity.cpp:486] Unity CommandDispatch command:1001 finish cid:605658429 sid:252******606(L:10)
09-28 17:54:53.013 16500 16500 W C02d13/HDC_LOG: [async_cmd.cpp:140] SetSelinuxLabel con:u:r:su:s0 isRoot:0
09-28 17:54:53.051   921 16501 I C02d13/HDC_LOG: [async_cmd.cpp:88] FinishShellProc finish pipeRead fd:34 pid:16500 count:1
09-28 17:54:53.051   921 16501 I C02d13/HDC_LOG: [task.cpp:55] HdcTaskBase::TaskFinish notify begin type:0 cid:605658429 sid:252******606(L:10)
09-28 17:54:53.052   921 16501 I C02d13/HDC_LOG: [task.cpp:58] HdcTaskBase::TaskFinish notify end type:0 cid:605658429 sid:252******606(L:10)
09-28 17:54:53.054   921  1220 I C02d13/HDC_LOG: [daemon.cpp:1142] FetchCommand channelId:605658429 command:2
09-28 17:54:53.054   921  1220 W C02d13/HDC_LOG: [session.cpp:160] BeginRemoveTask taskType:0 channelId:605658429
09-28 17:54:53.054   921  1220 W C02d13/HDC_LOG: [session.cpp:190] ClearOwnTasks OP_CLEAR finish, sessionId:252******606(L:10) channelIDInput:605658429
09-28 17:54:53.054   921  1220 W C02d13/HDC_LOG: [session.cpp:115] taskClassDeleteRetry start clear task, taskType:0 cid:605658429 sid:252******606(L:10)
09-28 17:54:53.054   921  1220 I C02d13/HDC_LOG: [async_cmd.cpp:69] DoRelease rc:-3 pid:16500
09-28 17:54:53.054   921  1220 I C02d13/HDC_LOG: [session.cpp:126] TaskDelay task remove retry count 0/30, taskType:0 channelId:605658429, sessionId:252******606(L:10)
09-28 17:54:53.054   921  1220 I C02d13/HDC_LOG: [daemon_unity.cpp:31] ~HdcDaemonUnity cid:605658429 sid:252******606(L:10)
09-28 17:54:53.054   921  1220 I C02d13/HDC_LOG: [task.cpp:40] ~HdcTaskBase type:0 cid:605658429 sid:252******606(L:10)
09-28 17:54:53.054   921  1220 W C02d13/HDC_LOG: [session.cpp:134] TaskDelay task remove finish, channelId:605658429
09-28 17:54:53.054   921  1220 I C02d13/HDC_LOG: [base.cpp:969] before uv handle close, the uv handle type is 13
09-28 17:54:53.059   921  1220 I C02d13/HDC_LOG: [daemon.cpp:1142] FetchCommand channelId:605658429 command:2
09-28 17:54:53.146   921  1220 I C02d13/HDC_LOG: [daemon.cpp:1142] FetchCommand channelId:3003518324 command:1001
09-28 17:54:53.147   921  1220 I C02d13/HDC_LOG: [session.cpp:1652] New HTaskInfo cid:3003518324 sid:252******606(L:10) command:1001
09-28 17:54:53.147   921  1220 I C02d13/HDC_LOG: [session.cpp:891] AdminTask add task type:0 cid:3003518324 sid:252******606(L:10) mapsize:2
09-28 17:54:53.147   921  1220 I C02d13/HDC_LOG: [task.cpp:34] HdcTaskBase type:0 cid:3003518324 sid:252******606(L:10)
09-28 17:54:53.147   921  1220 I C02d13/HDC_LOG: [daemon_unity.cpp:414] Unity CommandDispatch command:1001 cid:3003518324 sid:252******606(L:10)
09-28 17:54:53.147   921  1220 W C02d13/HDC_LOG: [async_cmd.cpp:114] GetDevItem false key:persist.hdc.root
09-28 17:54:53.147   921 16502 I C02d13/HDC_LOG: [async_cmd.cpp:225] Popen pipe fds[pipeRead]:34 fds[pipeWrite]:37, mode 0
09-28 17:54:53.151   921  1220 I C02d13/HDC_LOG: [async_cmd.cpp:291] ExecuteCommand cmd:param get const.product.os.dist.apiname fd:34 pid:16503
09-28 17:54:53.151   921  1220 I C02d13/HDC_LOG: [daemon_unity.cpp:486] Unity CommandDispatch command:1001 finish cid:3003518324 sid:252******606(L:10)
09-28 17:54:53.152 16503 16503 W C02d13/HDC_LOG: [async_cmd.cpp:140] SetSelinuxLabel con:u:r:su:s0 isRoot:0
09-28 17:54:53.191   921 16504 I C02d13/HDC_LOG: [async_cmd.cpp:88] FinishShellProc finish pipeRead fd:34 pid:16503 count:1
09-28 17:54:53.191   921 16504 I C02d13/HDC_LOG: [task.cpp:55] HdcTaskBase::TaskFinish notify begin type:0 cid:3003518324 sid:252******606(L:10)
09-28 17:54:53.191   921 16504 I C02d13/HDC_LOG: [task.cpp:58] HdcTaskBase::TaskFinish notify end type:0 cid:3003518324 sid:252******606(L:10)
09-28 17:54:53.193   921  1220 I C02d13/HDC_LOG: [daemon.cpp:1142] FetchCommand channelId:3003518324 command:2
09-28 17:54:53.193   921  1220 W C02d13/HDC_LOG: [session.cpp:160] BeginRemoveTask taskType:0 channelId:3003518324
09-28 17:54:53.193   921  1220 W C02d13/HDC_LOG: [session.cpp:190] ClearOwnTasks OP_CLEAR finish, sessionId:252******606(L:10) channelIDInput:3003518324
09-28 17:54:53.193   921  1220 W C02d13/HDC_LOG: [session.cpp:115] taskClassDeleteRetry start clear task, taskType:0 cid:3003518324 sid:252******606(L:10)
09-28 17:54:53.193   921  1220 I C02d13/HDC_LOG: [async_cmd.cpp:69] DoRelease rc:-3 pid:16503
09-28 17:54:53.193   921  1220 I C02d13/HDC_LOG: [session.cpp:126] TaskDelay task remove retry count 0/30, taskType:0 channelId:3003518324, sessionId:252******606(L:10)
09-28 17:54:53.193   921  1220 I C02d13/HDC_LOG: [daemon_unity.cpp:31] ~HdcDaemonUnity cid:3003518324 sid:252******606(L:10)
09-28 17:54:53.194   921  1220 I C02d13/HDC_LOG: [task.cpp:40] ~HdcTaskBase type:0 cid:3003518324 sid:252******606(L:10)
09-28 17:54:53.194   921  1220 W C02d13/HDC_LOG: [session.cpp:134] TaskDelay task remove finish, channelId:3003518324
09-28 17:54:53.194   921  1220 I C02d13/HDC_LOG: [base.cpp:969] before uv handle close, the uv handle type is 13
09-28 17:54:53.198   921  1220 I C02d13/HDC_LOG: [daemon.cpp:1142] FetchCommand channelId:3003518324 command:2
09-28 17:54:53.609   385   465 I C04300/StorageManager: [GetSizeOfPath:111] StorageStatusManager::GetSizeOfPath path is /data, type is total space, size is 249515999232.
09-28 17:54:53.609   385   465 I C04300/StorageManager: [GetSizeOfPath:111] StorageStatusManager::GetSizeOfPath path is /, type is total space, size is 2881249280.
09-28 17:54:53.609   385   465 E C04300/StorageManager: [GetTotalSize:76] StorageTotalStatusService::GetTotalSize success, roundSize=256000000000, (/data)totalDataSize=249515999232, (/)totalRootSize=2881249280
09-28 17:54:53.609   385   465 I C04300/StorageManager: [GetSizeOfPath:111] StorageStatusManager::GetSizeOfPath path is /data, type is free space, size is 163916759040.
09-28 17:54:53.609   385   465 E C04300/StorageManager: [GetFreeSize:88] StorageTotalStatusService::GetFreeSize success, (/data)freeSize=163916759040
09-28 17:54:53.609   385   465 I C04300/StorageManager: [MonitorAndManageStorage:158] clean_l, size=786432000, clean_m, size=12800000000, clean_h, size=25600000000
09-28 17:54:53.609   385   465 I C04300/StorageManager: [MonitorAndManageStorage:167] notify_l, size=524288000, notify_m, size=2147483648, notify_h, size=25600000000
09-28 17:54:53.797   921  1220 I C02d13/HDC_LOG: [daemon.cpp:1142] FetchCommand channelId:1070581827 command:1001
09-28 17:54:53.797   921  1220 I C02d13/HDC_LOG: [session.cpp:1652] New HTaskInfo cid:1070581827 sid:252******606(L:10) command:1001
09-28 17:54:53.797   921  1220 I C02d13/HDC_LOG: [session.cpp:891] AdminTask add task type:0 cid:1070581827 sid:252******606(L:10) mapsize:2
09-28 17:54:53.797   921  1220 I C02d13/HDC_LOG: [task.cpp:34] HdcTaskBase type:0 cid:1070581827 sid:252******606(L:10)
09-28 17:54:53.797   921  1220 I C02d13/HDC_LOG: [daemon_unity.cpp:414] Unity CommandDispatch command:1001 cid:1070581827 sid:252******606(L:10)
09-28 17:54:53.797   921  1220 W C02d13/HDC_LOG: [async_cmd.cpp:114] GetDevItem false key:persist.hdc.root
09-28 17:54:53.797   921 16505 I C02d13/HDC_LOG: [async_cmd.cpp:225] Popen pipe fds[pipeRead]:34 fds[pipeWrite]:37, mode 0
09-28 17:54:53.801   921  1220 I C02d13/HDC_LOG: [async_cmd.cpp:291] ExecuteCommand cmd:param get const.product.os.dist.apiname fd:34 pid:16506
09-28 17:54:53.802   921  1220 I C02d13/HDC_LOG: [daemon_unity.cpp:486] Unity CommandDispatch command:1001 finish cid:1070581827 sid:252******606(L:10)
09-28 17:54:53.802 16506 16506 W C02d13/HDC_LOG: [async_cmd.cpp:140] SetSelinuxLabel con:u:r:su:s0 isRoot:0
09-28 17:54:53.835   921 16507 I C02d13/HDC_LOG: [async_cmd.cpp:88] FinishShellProc finish pipeRead fd:34 pid:16506 count:1
09-28 17:54:53.835   921 16507 I C02d13/HDC_LOG: [task.cpp:55] HdcTaskBase::TaskFinish notify begin type:0 cid:1070581827 sid:252******606(L:10)
09-28 17:54:53.835   921 16507 I C02d13/HDC_LOG: [task.cpp:58] HdcTaskBase::TaskFinish notify end type:0 cid:1070581827 sid:252******606(L:10)
09-28 17:54:53.838   921  1220 I C02d13/HDC_LOG: [daemon.cpp:1142] FetchCommand channelId:1070581827 command:2
09-28 17:54:53.838   921  1220 W C02d13/HDC_LOG: [session.cpp:160] BeginRemoveTask taskType:0 channelId:1070581827
09-28 17:54:53.838   921  1220 W C02d13/HDC_LOG: [session.cpp:190] ClearOwnTasks OP_CLEAR finish, sessionId:252******606(L:10) channelIDInput:1070581827
09-28 17:54:53.838   921  1220 W C02d13/HDC_LOG: [session.cpp:115] taskClassDeleteRetry start clear task, taskType:0 cid:1070581827 sid:252******606(L:10)
09-28 17:54:53.838   921  1220 I C02d13/HDC_LOG: [async_cmd.cpp:69] DoRelease rc:-3 pid:16506
09-28 17:54:53.838   921  1220 I C02d13/HDC_LOG: [session.cpp:126] TaskDelay task remove retry count 0/30, taskType:0 channelId:1070581827, sessionId:252******606(L:10)
09-28 17:54:53.838   921  1220 I C02d13/HDC_LOG: [daemon_unity.cpp:31] ~HdcDaemonUnity cid:1070581827 sid:252******606(L:10)
09-28 17:54:53.838   921  1220 I C02d13/HDC_LOG: [task.cpp:40] ~HdcTaskBase type:0 cid:1070581827 sid:252******606(L:10)
09-28 17:54:53.838   921  1220 W C02d13/HDC_LOG: [session.cpp:134] TaskDelay task remove finish, channelId:1070581827
09-28 17:54:53.838   921  1220 I C02d13/HDC_LOG: [base.cpp:969] before uv handle close, the uv handle type is 13
09-28 17:54:53.843   921  1220 I C02d13/HDC_LOG: [daemon.cpp:1142] FetchCommand channelId:1070581827 command:2
09-28 17:54:53.933   921  1220 I C02d13/HDC_LOG: [daemon.cpp:1142] FetchCommand channelId:3017707893 command:1001
09-28 17:54:53.933   921  1220 I C02d13/HDC_LOG: [session.cpp:1652] New HTaskInfo cid:3017707893 sid:252******606(L:10) command:1001
09-28 17:54:53.933   921  1220 I C02d13/HDC_LOG: [session.cpp:891] AdminTask add task type:0 cid:3017707893 sid:252******606(L:10) mapsize:2
09-28 17:54:53.933   921  1220 I C02d13/HDC_LOG: [task.cpp:34] HdcTaskBase type:0 cid:3017707893 sid:252******606(L:10)
09-28 17:54:53.933   921  1220 I C02d13/HDC_LOG: [daemon_unity.cpp:414] Unity CommandDispatch command:1001 cid:3017707893 sid:252******606(L:10)
09-28 17:54:53.934   921  1220 W C02d13/HDC_LOG: [async_cmd.cpp:114] GetDevItem false key:persist.hdc.root
09-28 17:54:53.934   921 16508 I C02d13/HDC_LOG: [async_cmd.cpp:225] Popen pipe fds[pipeRead]:34 fds[pipeWrite]:37, mode 0
09-28 17:54:53.938   921  1220 I C02d13/HDC_LOG: [async_cmd.cpp:291] ExecuteCommand cmd:param get const.product.os.dist.apiname fd:34 pid:16509
09-28 17:54:53.938   921  1220 I C02d13/HDC_LOG: [daemon_unity.cpp:486] Unity CommandDispatch command:1001 finish cid:3017707893 sid:252******606(L:10)
09-28 17:54:53.939 16509 16509 W C02d13/HDC_LOG: [async_cmd.cpp:140] SetSelinuxLabel con:u:r:su:s0 isRoot:0
09-28 17:54:53.973   921 16510 I C02d13/HDC_LOG: [async_cmd.cpp:88] FinishShellProc finish pipeRead fd:34 pid:16509 count:1
09-28 17:54:53.973   921 16510 I C02d13/HDC_LOG: [task.cpp:55] HdcTaskBase::TaskFinish notify begin type:0 cid:3017707893 sid:252******606(L:10)
09-28 17:54:53.974   921 16510 I C02d13/HDC_LOG: [task.cpp:58] HdcTaskBase::TaskFinish notify end type:0 cid:3017707893 sid:252******606(L:10)
09-28 17:54:53.975   921  1220 I C02d13/HDC_LOG: [daemon.cpp:1142] FetchCommand channelId:3017707893 command:2
09-28 17:54:53.975   921  1220 W C02d13/HDC_LOG: [session.cpp:160] BeginRemoveTask taskType:0 channelId:3017707893
09-28 17:54:53.975   921  1220 W C02d13/HDC_LOG: [session.cpp:190] ClearOwnTasks OP_CLEAR finish, sessionId:252******606(L:10) channelIDInput:3017707893
09-28 17:54:53.975   921  1220 W C02d13/HDC_LOG: [session.cpp:115] taskClassDeleteRetry start clear task, taskType:0 cid:3017707893 sid:252******606(L:10)
09-28 17:54:53.975   921  1220 I C02d13/HDC_LOG: [async_cmd.cpp:69] DoRelease rc:-3 pid:16509
09-28 17:54:53.975   921  1220 I C02d13/HDC_LOG: [session.cpp:126] TaskDelay task remove retry count 0/30, taskType:0 channelId:3017707893, sessionId:252******606(L:10)
09-28 17:54:53.975   921  1220 I C02d13/HDC_LOG: [daemon_unity.cpp:31] ~HdcDaemonUnity cid:3017707893 sid:252******606(L:10)
09-28 17:54:53.975   921  1220 I C02d13/HDC_LOG: [task.cpp:40] ~HdcTaskBase type:0 cid:3017707893 sid:252******606(L:10)
09-28 17:54:53.975   921  1220 W C02d13/HDC_LOG: [session.cpp:134] TaskDelay task remove finish, channelId:3017707893
09-28 17:54:53.975   921  1220 I C02d13/HDC_LOG: [base.cpp:969] before uv handle close, the uv handle type is 13
09-28 17:54:53.980   921  1220 I C02d13/HDC_LOG: [daemon.cpp:1142] FetchCommand channelId:3017707893 command:2
09-28 17:54:53.982   921  1220 I C02d13/HDC_LOG: [daemon.cpp:1142] FetchCommand channelId:3557054131 command:1001
09-28 17:54:53.982   921  1220 I C02d13/HDC_LOG: [session.cpp:1652] New HTaskInfo cid:3557054131 sid:252******606(L:10) command:1001
09-28 17:54:53.982   921  1220 I C02d13/HDC_LOG: [session.cpp:891] AdminTask add task type:0 cid:3557054131 sid:252******606(L:10) mapsize:2
09-28 17:54:53.982   921  1220 I C02d13/HDC_LOG: [task.cpp:34] HdcTaskBase type:0 cid:3557054131 sid:252******606(L:10)
09-28 17:54:53.982   921  1220 I C02d13/HDC_LOG: [daemon_unity.cpp:414] Unity CommandDispatch command:1001 cid:3557054131 sid:252******606(L:10)
09-28 17:54:53.982   921  1220 W C02d13/HDC_LOG: [async_cmd.cpp:114] GetDevItem false key:persist.hdc.root
09-28 17:54:53.983   921 16511 I C02d13/HDC_LOG: [async_cmd.cpp:225] Popen pipe fds[pipeRead]:34 fds[pipeWrite]:37, mode 0
09-28 17:54:53.986   921  1220 I C02d13/HDC_LOG: [async_cmd.cpp:291] ExecuteCommand cmd:param get const.product.os.dist.apiname fd:34 pid:16512
09-28 17:54:53.987   921  1220 I C02d13/HDC_LOG: [daemon_unity.cpp:486] Unity CommandDispatch command:1001 finish cid:3557054131 sid:252******606(L:10)
09-28 17:54:53.988 16512 16512 W C02d13/HDC_LOG: [async_cmd.cpp:140] SetSelinuxLabel con:u:r:su:s0 isRoot:0
09-28 17:54:54.017   921 16513 I C02d13/HDC_LOG: [async_cmd.cpp:88] FinishShellProc finish pipeRead fd:34 pid:16512 count:1
09-28 17:54:54.017   921 16513 I C02d13/HDC_LOG: [task.cpp:55] HdcTaskBase::TaskFinish notify begin type:0 cid:3557054131 sid:252******606(L:10)
09-28 17:54:54.018   921 16513 I C02d13/HDC_LOG: [task.cpp:58] HdcTaskBase::TaskFinish notify end type:0 cid:3557054131 sid:252******606(L:10)
09-28 17:54:54.019   921  1220 I C02d13/HDC_LOG: [daemon.cpp:1142] FetchCommand channelId:3557054131 command:2
09-28 17:54:54.019   921  1220 W C02d13/HDC_LOG: [session.cpp:160] BeginRemoveTask taskType:0 channelId:3557054131
09-28 17:54:54.019   921  1220 W C02d13/HDC_LOG: [session.cpp:190] ClearOwnTasks OP_CLEAR finish, sessionId:252******606(L:10) channelIDInput:3557054131
09-28 17:54:54.020   921  1220 W C02d13/HDC_LOG: [session.cpp:115] taskClassDeleteRetry start clear task, taskType:0 cid:3557054131 sid:252******606(L:10)
09-28 17:54:54.020   921  1220 I C02d13/HDC_LOG: [async_cmd.cpp:69] DoRelease rc:-3 pid:16512
09-28 17:54:54.020   921  1220 I C02d13/HDC_LOG: [session.cpp:126] TaskDelay task remove retry count 0/30, taskType:0 channelId:3557054131, sessionId:252******606(L:10)
09-28 17:54:54.020   921  1220 I C02d13/HDC_LOG: [daemon_unity.cpp:31] ~HdcDaemonUnity cid:3557054131 sid:252******606(L:10)
09-28 17:54:54.020   921  1220 I C02d13/HDC_LOG: [task.cpp:40] ~HdcTaskBase type:0 cid:3557054131 sid:252******606(L:10)
09-28 17:54:54.020   921  1220 W C02d13/HDC_LOG: [session.cpp:134] TaskDelay task remove finish, channelId:3557054131
09-28 17:54:54.020   921  1220 I C02d13/HDC_LOG: [base.cpp:969] before uv handle close, the uv handle type is 13
09-28 17:54:54.025   921  1220 I C02d13/HDC_LOG: [daemon.cpp:1142] FetchCommand channelId:3557054131 command:2
09-28 17:54:54.027   921  1220 I C02d13/HDC_LOG: [daemon.cpp:1142] FetchCommand channelId:2827944596 command:1001
09-28 17:54:54.027   921  1220 I C02d13/HDC_LOG: [session.cpp:1652] New HTaskInfo cid:2827944596 sid:252******606(L:10) command:1001
09-28 17:54:54.027   921  1220 I C02d13/HDC_LOG: [session.cpp:891] AdminTask add task type:0 cid:2827944596 sid:252******606(L:10) mapsize:2
09-28 17:54:54.027   921  1220 I C02d13/HDC_LOG: [task.cpp:34] HdcTaskBase type:0 cid:2827944596 sid:252******606(L:10)
09-28 17:54:54.027   921  1220 I C02d13/HDC_LOG: [daemon_unity.cpp:414] Unity CommandDispatch command:1001 cid:2827944596 sid:252******606(L:10)
09-28 17:54:54.028   921  1220 W C02d13/HDC_LOG: [async_cmd.cpp:114] GetDevItem false key:persist.hdc.root
09-28 17:54:54.028   921 16514 I C02d13/HDC_LOG: [async_cmd.cpp:225] Popen pipe fds[pipeRead]:34 fds[pipeWrite]:37, mode 0
09-28 17:54:54.032   921  1220 I C02d13/HDC_LOG: [async_cmd.cpp:291] ExecuteCommand cmd:param get const.product.os.dist.apiname fd:34 pid:16515
09-28 17:54:54.032   921  1220 I C02d13/HDC_LOG: [daemon_unity.cpp:486] Unity CommandDispatch command:1001 finish cid:2827944596 sid:252******606(L:10)
09-28 17:54:54.033 16515 16515 W C02d13/HDC_LOG: [async_cmd.cpp:140] SetSelinuxLabel con:u:r:su:s0 isRoot:0
09-28 17:54:54.075   921 16516 I C02d13/HDC_LOG: [async_cmd.cpp:88] FinishShellProc finish pipeRead fd:34 pid:16515 count:1
09-28 17:54:54.076   921 16516 I C02d13/HDC_LOG: [task.cpp:55] HdcTaskBase::TaskFinish notify begin type:0 cid:2827944596 sid:252******606(L:10)
09-28 17:54:54.076   921 16516 I C02d13/HDC_LOG: [task.cpp:58] HdcTaskBase::TaskFinish notify end type:0 cid:2827944596 sid:252******606(L:10)
09-28 17:54:54.077   921  1220 I C02d13/HDC_LOG: [daemon.cpp:1142] FetchCommand channelId:2827944596 command:2
09-28 17:54:54.077   921  1220 W C02d13/HDC_LOG: [session.cpp:160] BeginRemoveTask taskType:0 channelId:2827944596
09-28 17:54:54.078   921  1220 W C02d13/HDC_LOG: [session.cpp:190] ClearOwnTasks OP_CLEAR finish, sessionId:252******606(L:10) channelIDInput:2827944596
09-28 17:54:54.078   921  1220 W C02d13/HDC_LOG: [session.cpp:115] taskClassDeleteRetry start clear task, taskType:0 cid:2827944596 sid:252******606(L:10)
09-28 17:54:54.078   921  1220 I C02d13/HDC_LOG: [async_cmd.cpp:69] DoRelease rc:-3 pid:16515
09-28 17:54:54.078   921  1220 I C02d13/HDC_LOG: [session.cpp:126] TaskDelay task remove retry count 0/30, taskType:0 channelId:2827944596, sessionId:252******606(L:10)
09-28 17:54:54.078   921  1220 I C02d13/HDC_LOG: [daemon_unity.cpp:31] ~HdcDaemonUnity cid:2827944596 sid:252******606(L:10)
09-28 17:54:54.078   921  1220 I C02d13/HDC_LOG: [task.cpp:40] ~HdcTaskBase type:0 cid:2827944596 sid:252******606(L:10)
09-28 17:54:54.078   921  1220 W C02d13/HDC_LOG: [session.cpp:134] TaskDelay task remove finish, channelId:2827944596
09-28 17:54:54.078   921  1220 I C02d13/HDC_LOG: [base.cpp:969] before uv handle close, the uv handle type is 13
09-28 17:54:54.082   921  1220 I C02d13/HDC_LOG: [daemon.cpp:1142] FetchCommand channelId:2827944596 command:2
09-28 17:54:54.090   921  1220 I C02d13/HDC_LOG: [daemon.cpp:1142] FetchCommand channelId:0 command:5000
09-28 17:54:54.090   921  1220 I C02d13/HDC_LOG: [daemon.cpp:1163] recv heartbeat count is 142 for session 252******606(L:10)
09-28 17:54:54.097   921  1220 I C02d13/HDC_LOG: [session.cpp:1521] send heartbeat count is 142 and messages count is 13503 for session 252******606(L:10)
09-28 17:54:54.167   921  1220 I C02d13/HDC_LOG: [daemon.cpp:1142] FetchCommand channelId:3177125666 command:1001
09-28 17:54:54.167   921  1220 I C02d13/HDC_LOG: [session.cpp:1652] New HTaskInfo cid:3177125666 sid:252******606(L:10) command:1001
09-28 17:54:54.167   921  1220 I C02d13/HDC_LOG: [session.cpp:891] AdminTask add task type:0 cid:3177125666 sid:252******606(L:10) mapsize:2
09-28 17:54:54.167   921  1220 I C02d13/HDC_LOG: [task.cpp:34] HdcTaskBase type:0 cid:3177125666 sid:252******606(L:10)
09-28 17:54:54.167   921  1220 I C02d13/HDC_LOG: [daemon_unity.cpp:414] Unity CommandDispatch command:1001 cid:3177125666 sid:252******606(L:10)
09-28 17:54:54.167   921  1220 W C02d13/HDC_LOG: [async_cmd.cpp:114] GetDevItem false key:persist.hdc.root
09-28 17:54:54.168   921 16517 I C02d13/HDC_LOG: [async_cmd.cpp:225] Popen pipe fds[pipeRead]:34 fds[pipeWrite]:37, mode 0
09-28 17:54:54.172   921  1220 I C02d13/HDC_LOG: [async_cmd.cpp:291] ExecuteCommand cmd:param get const.product.os.dist.apiname fd:34 pid:16518
09-28 17:54:54.172   921  1220 I C02d13/HDC_LOG: [daemon_unity.cpp:486] Unity CommandDispatch command:1001 finish cid:3177125666 sid:252******606(L:10)
09-28 17:54:54.173 16518 16518 W C02d13/HDC_LOG: [async_cmd.cpp:140] SetSelinuxLabel con:u:r:su:s0 isRoot:0
09-28 17:54:54.210   921 16519 I C02d13/HDC_LOG: [async_cmd.cpp:88] FinishShellProc finish pipeRead fd:34 pid:16518 count:1
09-28 17:54:54.211   921 16519 I C02d13/HDC_LOG: [task.cpp:55] HdcTaskBase::TaskFinish notify begin type:0 cid:3177125666 sid:252******606(L:10)
09-28 17:54:54.211   921 16519 I C02d13/HDC_LOG: [task.cpp:58] HdcTaskBase::TaskFinish notify end type:0 cid:3177125666 sid:252******606(L:10)
09-28 17:54:54.213   921  1220 I C02d13/HDC_LOG: [daemon.cpp:1142] FetchCommand channelId:3177125666 command:2
09-28 17:54:54.213   921  1220 W C02d13/HDC_LOG: [session.cpp:160] BeginRemoveTask taskType:0 channelId:3177125666
09-28 17:54:54.213   921  1220 W C02d13/HDC_LOG: [session.cpp:190] ClearOwnTasks OP_CLEAR finish, sessionId:252******606(L:10) channelIDInput:3177125666
09-28 17:54:54.213   921  1220 W C02d13/HDC_LOG: [session.cpp:115] taskClassDeleteRetry start clear task, taskType:0 cid:3177125666 sid:252******606(L:10)
09-28 17:54:54.213   921  1220 I C02d13/HDC_LOG: [async_cmd.cpp:69] DoRelease rc:-3 pid:16518
09-28 17:54:54.213   921  1220 I C02d13/HDC_LOG: [session.cpp:126] TaskDelay task remove retry count 0/30, taskType:0 channelId:3177125666, sessionId:252******606(L:10)
09-28 17:54:54.213   921  1220 I C02d13/HDC_LOG: [daemon_unity.cpp:31] ~HdcDaemonUnity cid:3177125666 sid:252******606(L:10)
09-28 17:54:54.214   921  1220 I C02d13/HDC_LOG: [task.cpp:40] ~HdcTaskBase type:0 cid:3177125666 sid:252******606(L:10)
09-28 17:54:54.214   921  1220 W C02d13/HDC_LOG: [session.cpp:134] TaskDelay task remove finish, channelId:3177125666
09-28 17:54:54.214   921  1220 I C02d13/HDC_LOG: [base.cpp:969] before uv handle close, the uv handle type is 13
09-28 17:54:54.218   921  1220 I C02d13/HDC_LOG: [daemon.cpp:1142] FetchCommand channelId:3177125666 command:2
09-28 17:54:54.313   921  1220 I C02d13/HDC_LOG: [daemon.cpp:1142] FetchCommand channelId:2109306902 command:1001
09-28 17:54:54.313   921  1220 I C02d13/HDC_LOG: [session.cpp:1652] New HTaskInfo cid:2109306902 sid:252******606(L:10) command:1001
09-28 17:54:54.313   921  1220 I C02d13/HDC_LOG: [session.cpp:891] AdminTask add task type:0 cid:2109306902 sid:252******606(L:10) mapsize:2
09-28 17:54:54.313   921  1220 I C02d13/HDC_LOG: [task.cpp:34] HdcTaskBase type:0 cid:2109306902 sid:252******606(L:10)
09-28 17:54:54.313   921  1220 I C02d13/HDC_LOG: [daemon_unity.cpp:414] Unity CommandDispatch command:1001 cid:2109306902 sid:252******606(L:10)
09-28 17:54:54.313   921  1220 W C02d13/HDC_LOG: [async_cmd.cpp:114] GetDevItem false key:persist.hdc.root
09-28 17:54:54.314   921 16520 I C02d13/HDC_LOG: [async_cmd.cpp:225] Popen pipe fds[pipeRead]:34 fds[pipeWrite]:37, mode 0
09-28 17:54:54.318   921  1220 I C02d13/HDC_LOG: [async_cmd.cpp:291] ExecuteCommand cmd:param get const.product.os.dist.apiname fd:34 pid:16521
09-28 17:54:54.318   921  1220 I C02d13/HDC_LOG: [daemon_unity.cpp:486] Unity CommandDispatch command:1001 finish cid:2109306902 sid:252******606(L:10)
09-28 17:54:54.319 16521 16521 W C02d13/HDC_LOG: [async_cmd.cpp:140] SetSelinuxLabel con:u:r:su:s0 isRoot:0
09-28 17:54:54.353   921 16522 I C02d13/HDC_LOG: [async_cmd.cpp:88] FinishShellProc finish pipeRead fd:34 pid:16521 count:1
09-28 17:54:54.353   921 16522 I C02d13/HDC_LOG: [task.cpp:55] HdcTaskBase::TaskFinish notify begin type:0 cid:2109306902 sid:252******606(L:10)
09-28 17:54:54.353   921 16522 I C02d13/HDC_LOG: [task.cpp:58] HdcTaskBase::TaskFinish notify end type:0 cid:2109306902 sid:252******606(L:10)
09-28 17:54:54.355   921  1220 I C02d13/HDC_LOG: [daemon.cpp:1142] FetchCommand channelId:2109306902 command:2
09-28 17:54:54.355   921  1220 W C02d13/HDC_LOG: [session.cpp:160] BeginRemoveTask taskType:0 channelId:2109306902
09-28 17:54:54.355   921  1220 W C02d13/HDC_LOG: [session.cpp:190] ClearOwnTasks OP_CLEAR finish, sessionId:252******606(L:10) channelIDInput:2109306902
09-28 17:54:54.355   921  1220 W C02d13/HDC_LOG: [session.cpp:115] taskClassDeleteRetry start clear task, taskType:0 cid:2109306902 sid:252******606(L:10)
09-28 17:54:54.355   921  1220 I C02d13/HDC_LOG: [async_cmd.cpp:69] DoRelease rc:-3 pid:16521
09-28 17:54:54.355   921  1220 I C02d13/HDC_LOG: [session.cpp:126] TaskDelay task remove retry count 0/30, taskType:0 channelId:2109306902, sessionId:252******606(L:10)
09-28 17:54:54.355   921  1220 I C02d13/HDC_LOG: [daemon_unity.cpp:31] ~HdcDaemonUnity cid:2109306902 sid:252******606(L:10)
09-28 17:54:54.355   921  1220 I C02d13/HDC_LOG: [task.cpp:40] ~HdcTaskBase type:0 cid:2109306902 sid:252******606(L:10)
09-28 17:54:54.355   921  1220 W C02d13/HDC_LOG: [session.cpp:134] TaskDelay task remove finish, channelId:2109306902
09-28 17:54:54.355   921  1220 I C02d13/HDC_LOG: [base.cpp:969] before uv handle close, the uv handle type is 13
09-28 17:54:54.360   921  1220 I C02d13/HDC_LOG: [daemon.cpp:1142] FetchCommand channelId:2109306902 command:2
09-28 17:54:54.360  2316  2316 E C02c11/APPSPAWN: [appspawn_kickdog.c:29]open /sys/kernel/hungtask/userlist fail,errno:2
09-28 17:54:54.441   921  1220 I C02d13/HDC_LOG: [daemon.cpp:1142] FetchCommand channelId:3290207297 command:1001
09-28 17:54:54.441   921  1220 I C02d13/HDC_LOG: [session.cpp:1652] New HTaskInfo cid:3290207297 sid:252******606(L:10) command:1001
09-28 17:54:54.441   921  1220 I C02d13/HDC_LOG: [session.cpp:891] AdminTask add task type:0 cid:3290207297 sid:252******606(L:10) mapsize:2
09-28 17:54:54.441   921  1220 I C02d13/HDC_LOG: [task.cpp:34] HdcTaskBase type:0 cid:3290207297 sid:252******606(L:10)
09-28 17:54:54.441   921  1220 I C02d13/HDC_LOG: [daemon_unity.cpp:414] Unity CommandDispatch command:1001 cid:3290207297 sid:252******606(L:10)
09-28 17:54:54.441   921  1220 W C02d13/HDC_LOG: [async_cmd.cpp:114] GetDevItem false key:persist.hdc.root
09-28 17:54:54.442   921 16523 I C02d13/HDC_LOG: [async_cmd.cpp:225] Popen pipe fds[pipeRead]:34 fds[pipeWrite]:37, mode 0
09-28 17:54:54.445   921  1220 I C02d13/HDC_LOG: [async_cmd.cpp:291] ExecuteCommand cmd:param get const.product.os.dist.apiname fd:34 pid:16524
09-28 17:54:54.446   921  1220 I C02d13/HDC_LOG: [daemon_unity.cpp:486] Unity CommandDispatch command:1001 finish cid:3290207297 sid:252******606(L:10)
09-28 17:54:54.447 16524 16524 W C02d13/HDC_LOG: [async_cmd.cpp:140] SetSelinuxLabel con:u:r:su:s0 isRoot:0
09-28 17:54:54.477   921 16525 I C02d13/HDC_LOG: [async_cmd.cpp:88] FinishShellProc finish pipeRead fd:34 pid:16524 count:1
09-28 17:54:54.477   921 16525 I C02d13/HDC_LOG: [task.cpp:55] HdcTaskBase::TaskFinish notify begin type:0 cid:3290207297 sid:252******606(L:10)
09-28 17:54:54.477   921 16525 I C02d13/HDC_LOG: [task.cpp:58] HdcTaskBase::TaskFinish notify end type:0 cid:3290207297 sid:252******606(L:10)
09-28 17:54:54.479   921  1220 I C02d13/HDC_LOG: [daemon.cpp:1142] FetchCommand channelId:3290207297 command:2
09-28 17:54:54.479   921  1220 W C02d13/HDC_LOG: [session.cpp:160] BeginRemoveTask taskType:0 channelId:3290207297
09-28 17:54:54.479   921  1220 W C02d13/HDC_LOG: [session.cpp:190] ClearOwnTasks OP_CLEAR finish, sessionId:252******606(L:10) channelIDInput:3290207297
09-28 17:54:54.479   921  1220 W C02d13/HDC_LOG: [session.cpp:115] taskClassDeleteRetry start clear task, taskType:0 cid:3290207297 sid:252******606(L:10)
09-28 17:54:54.479   921  1220 I C02d13/HDC_LOG: [async_cmd.cpp:69] DoRelease rc:-3 pid:16524
09-28 17:54:54.479   921  1220 I C02d13/HDC_LOG: [session.cpp:126] TaskDelay task remove retry count 0/30, taskType:0 channelId:3290207297, sessionId:252******606(L:10)
09-28 17:54:54.479   921  1220 I C02d13/HDC_LOG: [daemon_unity.cpp:31] ~HdcDaemonUnity cid:3290207297 sid:252******606(L:10)
09-28 17:54:54.479   921  1220 I C02d13/HDC_LOG: [task.cpp:40] ~HdcTaskBase type:0 cid:3290207297 sid:252******606(L:10)
09-28 17:54:54.479   921  1220 W C02d13/HDC_LOG: [session.cpp:134] TaskDelay task remove finish, channelId:3290207297
09-28 17:54:54.479   921  1220 I C02d13/HDC_LOG: [base.cpp:969] before uv handle close, the uv handle type is 13
09-28 17:54:54.484   921  1220 I C02d13/HDC_LOG: [daemon.cpp:1142] FetchCommand channelId:3290207297 command:2
09-28 17:54:55.021   921  1220 I C02d13/HDC_LOG: [daemon.cpp:1142] FetchCommand channelId:1126858002 command:1001
09-28 17:54:55.021   921  1220 I C02d13/HDC_LOG: [session.cpp:1652] New HTaskInfo cid:1126858002 sid:252******606(L:10) command:1001
09-28 17:54:55.021   921  1220 I C02d13/HDC_LOG: [session.cpp:891] AdminTask add task type:0 cid:1126858002 sid:252******606(L:10) mapsize:2
09-28 17:54:55.021   921  1220 I C02d13/HDC_LOG: [task.cpp:34] HdcTaskBase type:0 cid:1126858002 sid:252******606(L:10)
09-28 17:54:55.021   921  1220 I C02d13/HDC_LOG: [daemon_unity.cpp:414] Unity CommandDispatch command:1001 cid:1126858002 sid:252******606(L:10)
09-28 17:54:55.021   921  1220 W C02d13/HDC_LOG: [async_cmd.cpp:114] GetDevItem false key:persist.hdc.root
09-28 17:54:55.022   921 16526 I C02d13/HDC_LOG: [async_cmd.cpp:225] Popen pipe fds[pipeRead]:34 fds[pipeWrite]:37, mode 0
09-28 17:54:55.023   921  1220 I C02d13/HDC_LOG: [async_cmd.cpp:291] ExecuteCommand cmd:param get const.product.os.dist.apiname fd:34 pid:16527
09-28 17:54:55.023   921  1220 I C02d13/HDC_LOG: [daemon_unity.cpp:486] Unity CommandDispatch command:1001 finish cid:1126858002 sid:252******606(L:10)
09-28 17:54:55.024 16527 16527 W C02d13/HDC_LOG: [async_cmd.cpp:140] SetSelinuxLabel con:u:r:su:s0 isRoot:0
09-28 17:54:55.041   921 16528 I C02d13/HDC_LOG: [async_cmd.cpp:88] FinishShellProc finish pipeRead fd:34 pid:16527 count:1
09-28 17:54:55.041   921 16528 I C02d13/HDC_LOG: [task.cpp:55] HdcTaskBase::TaskFinish notify begin type:0 cid:1126858002 sid:252******606(L:10)
09-28 17:54:55.041   921 16528 I C02d13/HDC_LOG: [task.cpp:58] HdcTaskBase::TaskFinish notify end type:0 cid:1126858002 sid:252******606(L:10)
09-28 17:54:55.043   921  1220 I C02d13/HDC_LOG: [daemon.cpp:1142] FetchCommand channelId:1126858002 command:2
09-28 17:54:55.043   921  1220 W C02d13/HDC_LOG: [session.cpp:160] BeginRemoveTask taskType:0 channelId:1126858002
09-28 17:54:55.043   921  1220 W C02d13/HDC_LOG: [session.cpp:190] ClearOwnTasks OP_CLEAR finish, sessionId:252******606(L:10) channelIDInput:1126858002
09-28 17:54:55.043   921  1220 W C02d13/HDC_LOG: [session.cpp:115] taskClassDeleteRetry start clear task, taskType:0 cid:1126858002 sid:252******606(L:10)
09-28 17:54:55.043   921  1220 I C02d13/HDC_LOG: [async_cmd.cpp:69] DoRelease rc:-3 pid:16527
09-28 17:54:55.043   921  1220 I C02d13/HDC_LOG: [session.cpp:126] TaskDelay task remove retry count 0/30, taskType:0 channelId:1126858002, sessionId:252******606(L:10)
09-28 17:54:55.043   921  1220 I C02d13/HDC_LOG: [daemon_unity.cpp:31] ~HdcDaemonUnity cid:1126858002 sid:252******606(L:10)
09-28 17:54:55.043   921  1220 I C02d13/HDC_LOG: [task.cpp:40] ~HdcTaskBase type:0 cid:1126858002 sid:252******606(L:10)
09-28 17:54:55.043   921  1220 W C02d13/HDC_LOG: [session.cpp:134] TaskDelay task remove finish, channelId:1126858002
09-28 17:54:55.043   921  1220 I C02d13/HDC_LOG: [base.cpp:969] before uv handle close, the uv handle type is 13
09-28 17:54:55.048   921  1220 I C02d13/HDC_LOG: [daemon.cpp:1142] FetchCommand channelId:1126858002 command:2
09-28 17:54:55.056 16530 16530 I C05b00/tcu_authentication: file not exist: /vendor/etc/native_packages.xml
09-28 17:54:55.056 16530 16530 I C05b00/tcu_authentication: file not exist: /system/etc/native_packages.xml
09-28 17:54:55.056 16530 16530 I C05b00/tcu_authentication: file not exist: /vendor/root/res/native_packages.xml
09-28 17:54:55.056 16530 16530 I C05b00/tcu_authentication: file not exist: /vendor/etc/passthrough/teeos/source/native_packages.xml
09-28 17:54:55.056 16530 16530 E C05b00/teecd: open tee client dev failed, fd is -1
09-28 17:54:55.056 16530 16530 E C05b00/teecd: fs agent init failed
09-28 17:54:55.056 16530 16530 E C05b00/teecd: open tee client dev failed, fd is -1
09-28 17:54:55.056 16530 16530 E C05b00/teecd: misc agent init failed
09-28 17:54:55.070 16534 16534 I C05b00/tcu_authentication: file not exist: /vendor/etc/native_packages.xml
09-28 17:54:55.070 16534 16534 I C05b00/tcu_authentication: file not exist: /system/etc/native_packages.xml
09-28 17:54:55.070 16534 16534 I C05b00/tcu_authentication: file not exist: /vendor/root/res/native_packages.xml
09-28 17:54:55.070 16534 16534 I C05b00/tcu_authentication: file not exist: /vendor/etc/passthrough/teeos/source/native_packages.xml
09-28 17:54:55.070 16534 16534 E C05b00/teecd: open tee client dev failed, fd is -1
09-28 17:54:55.070 16534 16534 E C05b00/teecd: fs agent init failed
09-28 17:54:55.070 16534 16534 E C05b00/teecd: open tee client dev failed, fd is -1
09-28 17:54:55.070 16534 16534 E C05b00/teecd: misc agent init failed
09-28 17:54:55.081 16535 16535 I C05b00/tcu_authentication: file not exist: /vendor/etc/native_packages.xml
09-28 17:54:55.081 16535 16535 I C05b00/tcu_authentication: file not exist: /system/etc/native_packages.xml
09-28 17:54:55.081 16535 16535 I C05b00/tcu_authentication: file not exist: /vendor/root/res/native_packages.xml
09-28 17:54:55.081 16535 16535 I C05b00/tcu_authentication: file not exist: /vendor/etc/passthrough/teeos/source/native_packages.xml
09-28 17:54:55.081 16535 16535 E C05b00/teecd: open tee client dev failed, fd is -1
09-28 17:54:55.081 16535 16535 E C05b00/teecd: fs agent init failed
09-28 17:54:55.081 16535 16535 E C05b00/teecd: open tee client dev failed, fd is -1
09-28 17:54:55.081 16535 16535 E C05b00/teecd: misc agent init failed
09-28 17:54:55.085   921  1220 I C02d13/HDC_LOG: [daemon.cpp:1142] FetchCommand channelId:3584707516 command:1001
09-28 17:54:55.086   921  1220 I C02d13/HDC_LOG: [session.cpp:1652] New HTaskInfo cid:3584707516 sid:252******606(L:10) command:1001
09-28 17:54:55.086   921  1220 I C02d13/HDC_LOG: [session.cpp:891] AdminTask add task type:0 cid:3584707516 sid:252******606(L:10) mapsize:2
09-28 17:54:55.086   921  1220 I C02d13/HDC_LOG: [task.cpp:34] HdcTaskBase type:0 cid:3584707516 sid:252******606(L:10)
09-28 17:54:55.086   921  1220 I C02d13/HDC_LOG: [daemon_unity.cpp:414] Unity CommandDispatch command:1001 cid:3584707516 sid:252******606(L:10)
09-28 17:54:55.086   921  1220 W C02d13/HDC_LOG: [async_cmd.cpp:114] GetDevItem false key:persist.hdc.root
09-28 17:54:55.087   921 16537 I C02d13/HDC_LOG: [async_cmd.cpp:225] Popen pipe fds[pipeRead]:34 fds[pipeWrite]:37, mode 0
09-28 17:54:55.091   921  1220 I C02d13/HDC_LOG: [async_cmd.cpp:291] ExecuteCommand cmd:param get const.product.os.dist.apiname fd:34 pid:16538
09-28 17:54:55.091   921  1220 I C02d13/HDC_LOG: [daemon_unity.cpp:486] Unity CommandDispatch command:1001 finish cid:3584707516 sid:252******606(L:10)
09-28 17:54:55.092 16536 16536 I C05b00/tcu_authentication: file not exist: /vendor/etc/native_packages.xml
09-28 17:54:55.092 16536 16536 I C05b00/tcu_authentication: file not exist: /system/etc/native_packages.xml
09-28 17:54:55.092 16536 16536 I C05b00/tcu_authentication: file not exist: /vendor/root/res/native_packages.xml
09-28 17:54:55.092 16536 16536 I C05b00/tcu_authentication: file not exist: /vendor/etc/passthrough/teeos/source/native_packages.xml
09-28 17:54:55.092 16536 16536 E C05b00/teecd: open tee client dev failed, fd is -1
09-28 17:54:55.092 16536 16536 E C05b00/teecd: fs agent init failed
09-28 17:54:55.092 16536 16536 E C05b00/teecd: open tee client dev failed, fd is -1
09-28 17:54:55.092 16536 16536 E C05b00/teecd: misc agent init failed
09-28 17:54:55.092 16538 16538 W C02d13/HDC_LOG: [async_cmd.cpp:140] SetSelinuxLabel con:u:r:su:s0 isRoot:0
09-28 17:54:55.117   383   818 I C02d10/CpuCollector: CalculateProcessCpuStatInfos: startTime=1790589285112, endTime=1790589295117, startBootTime=721628, endBootTime=731633, period=10005, isNeedUpdate=1
09-28 17:54:55.131   921 16539 I C02d13/HDC_LOG: [async_cmd.cpp:88] FinishShellProc finish pipeRead fd:34 pid:16538 count:1
09-28 17:54:55.131   921 16539 I C02d13/HDC_LOG: [task.cpp:55] HdcTaskBase::TaskFinish notify begin type:0 cid:3584707516 sid:252******606(L:10)
09-28 17:54:55.131   921 16539 I C02d13/HDC_LOG: [task.cpp:58] HdcTaskBase::TaskFinish notify end type:0 cid:3584707516 sid:252******606(L:10)
09-28 17:54:55.134   921  1220 I C02d13/HDC_LOG: [daemon.cpp:1142] FetchCommand channelId:3584707516 command:2
09-28 17:54:55.134   921  1220 W C02d13/HDC_LOG: [session.cpp:160] BeginRemoveTask taskType:0 channelId:3584707516
09-28 17:54:55.134   921  1220 W C02d13/HDC_LOG: [session.cpp:190] ClearOwnTasks OP_CLEAR finish, sessionId:252******606(L:10) channelIDInput:3584707516
09-28 17:54:55.134   921  1220 W C02d13/HDC_LOG: [session.cpp:115] taskClassDeleteRetry start clear task, taskType:0 cid:3584707516 sid:252******606(L:10)
09-28 17:54:55.134   921  1220 I C02d13/HDC_LOG: [async_cmd.cpp:69] DoRelease rc:-3 pid:16538
09-28 17:54:55.134   921  1220 I C02d13/HDC_LOG: [session.cpp:126] TaskDelay task remove retry count 0/30, taskType:0 channelId:3584707516, sessionId:252******606(L:10)
09-28 17:54:55.134   921  1220 I C02d13/HDC_LOG: [daemon_unity.cpp:31] ~HdcDaemonUnity cid:3584707516 sid:252******606(L:10)
09-28 17:54:55.134   921  1220 I C02d13/HDC_LOG: [task.cpp:40] ~HdcTaskBase type:0 cid:3584707516 sid:252******606(L:10)
09-28 17:54:55.134   921  1220 W C02d13/HDC_LOG: [session.cpp:134] TaskDelay task remove finish, channelId:3584707516
09-28 17:54:55.134   921  1220 I C02d13/HDC_LOG: [base.cpp:969] before uv handle close, the uv handle type is 13
09-28 17:54:55.138   921  1220 I C02d13/HDC_LOG: [daemon.cpp:1142] FetchCommand channelId:3584707516 command:2
09-28 17:54:55.138   915   962 E C02d06/XCollie: can't open hungtask file, errno:2
09-28 17:54:55.749   921  1220 I C02d13/HDC_LOG: [daemon.cpp:1142] FetchCommand channelId:3123347125 command:1001
09-28 17:54:55.749   921  1220 I C02d13/HDC_LOG: [session.cpp:1652] New HTaskInfo cid:3123347125 sid:252******606(L:10) command:1001
09-28 17:54:55.749   921  1220 I C02d13/HDC_LOG: [session.cpp:891] AdminTask add task type:0 cid:3123347125 sid:252******606(L:10) mapsize:2
09-28 17:54:55.749   921  1220 I C02d13/HDC_LOG: [task.cpp:34] HdcTaskBase type:0 cid:3123347125 sid:252******606(L:10)
09-28 17:54:55.749   921  1220 I C02d13/HDC_LOG: [daemon_unity.cpp:414] Unity CommandDispatch command:1001 cid:3123347125 sid:252******606(L:10)
09-28 17:54:55.749   921  1220 W C02d13/HDC_LOG: [async_cmd.cpp:114] GetDevItem false key:persist.hdc.root
09-28 17:54:55.749   921 16540 I C02d13/HDC_LOG: [async_cmd.cpp:225] Popen pipe fds[pipeRead]:34 fds[pipeWrite]:37, mode 0
09-28 17:54:55.751   921  1220 I C02d13/HDC_LOG: [async_cmd.cpp:291] ExecuteCommand cmd:param get const.product.os.dist.apiname fd:34 pid:16541
09-28 17:54:55.751   921  1220 I C02d13/HDC_LOG: [daemon_unity.cpp:486] Unity CommandDispatch command:1001 finish cid:3123347125 sid:252******606(L:10)
09-28 17:54:55.751 16541 16541 W C02d13/HDC_LOG: [async_cmd.cpp:140] SetSelinuxLabel con:u:r:su:s0 isRoot:0
09-28 17:54:55.768   921 16542 I C02d13/HDC_LOG: [async_cmd.cpp:88] FinishShellProc finish pipeRead fd:34 pid:16541 count:1
09-28 17:54:55.769   921 16542 I C02d13/HDC_LOG: [task.cpp:55] HdcTaskBase::TaskFinish notify begin type:0 cid:3123347125 sid:252******606(L:10)
09-28 17:54:55.769   921 16542 I C02d13/HDC_LOG: [task.cpp:58] HdcTaskBase::TaskFinish notify end type:0 cid:3123347125 sid:252******606(L:10)
09-28 17:54:55.772   921  1220 I C02d13/HDC_LOG: [daemon.cpp:1142] FetchCommand channelId:3123347125 command:2
09-28 17:54:55.772   921  1220 W C02d13/HDC_LOG: [session.cpp:160] BeginRemoveTask taskType:0 channelId:3123347125
09-28 17:54:55.772   921  1220 W C02d13/HDC_LOG: [session.cpp:190] ClearOwnTasks OP_CLEAR finish, sessionId:252******606(L:10) channelIDInput:3123347125
09-28 17:54:55.772   921  1220 W C02d13/HDC_LOG: [session.cpp:115] taskClassDeleteRetry start clear task, taskType:0 cid:3123347125 sid:252******606(L:10)
09-28 17:54:55.772   921  1220 I C02d13/HDC_LOG: [async_cmd.cpp:69] DoRelease rc:-3 pid:16541
09-28 17:54:55.772   921  1220 I C02d13/HDC_LOG: [session.cpp:126] TaskDelay task remove retry count 0/30, taskType:0 channelId:3123347125, sessionId:252******606(L:10)
09-28 17:54:55.772   921  1220 I C02d13/HDC_LOG: [daemon_unity.cpp:31] ~HdcDaemonUnity cid:3123347125 sid:252******606(L:10)
09-28 17:54:55.772   921  1220 I C02d13/HDC_LOG: [task.cpp:40] ~HdcTaskBase type:0 cid:3123347125 sid:252******606(L:10)
09-28 17:54:55.772   921  1220 W C02d13/HDC_LOG: [session.cpp:134] TaskDelay task remove finish, channelId:3123347125
09-28 17:54:55.772   921  1220 I C02d13/HDC_LOG: [base.cpp:969] before uv handle close, the uv handle type is 13
09-28 17:54:55.776   921  1220 I C02d13/HDC_LOG: [daemon.cpp:1142] FetchCommand channelId:3123347125 command:2
09-28 17:54:55.883   921  1220 I C02d13/HDC_LOG: [daemon.cpp:1142] FetchCommand channelId:4012326552 command:1001
09-28 17:54:55.883   921  1220 I C02d13/HDC_LOG: [session.cpp:1652] New HTaskInfo cid:4012326552 sid:252******606(L:10) command:1001
09-28 17:54:55.883   921  1220 I C02d13/HDC_LOG: [session.cpp:891] AdminTask add task type:0 cid:4012326552 sid:252******606(L:10) mapsize:2
09-28 17:54:55.883   921  1220 I C02d13/HDC_LOG: [task.cpp:34] HdcTaskBase type:0 cid:4012326552 sid:252******606(L:10)
09-28 17:54:55.883   921  1220 I C02d13/HDC_LOG: [daemon_unity.cpp:414] Unity CommandDispatch command:1001 cid:4012326552 sid:252******606(L:10)
09-28 17:54:55.883   921  1220 W C02d13/HDC_LOG: [async_cmd.cpp:114] GetDevItem false key:persist.hdc.root
09-28 17:54:55.884   921 16543 I C02d13/HDC_LOG: [async_cmd.cpp:225] Popen pipe fds[pipeRead]:34 fds[pipeWrite]:37, mode 0
09-28 17:54:55.885   544   681 I C02801/MMIService: [|4877]The application main thread and event reading thread are separated, such as:programName:accessibility, pid:463, mainThreadId:463, readThreadId:2415
09-28 17:54:55.885   544   752 I C02801/MMIService: [|534]Set thread status flag to true
09-28 17:54:55.886   921  1220 I C02d13/HDC_LOG: [async_cmd.cpp:291] ExecuteCommand cmd:param get const.product.os.dist.apiname fd:34 pid:16544
09-28 17:54:55.886   921  1220 I C02d13/HDC_LOG: [daemon_unity.cpp:486] Unity CommandDispatch command:1001 finish cid:4012326552 sid:252******606(L:10)
09-28 17:54:55.887   774  1107 E C02943/ThermalHdi: create output dir failed
09-28 17:54:55.887   774  1107 E C02943/ThermalHdi: open uncompressfile failed
09-28 17:54:55.887 16544 16544 W C02d13/HDC_LOG: [async_cmd.cpp:140] SetSelinuxLabel con:u:r:su:s0 isRoot:0
09-28 17:54:55.915   921 16545 I C02d13/HDC_LOG: [async_cmd.cpp:88] FinishShellProc finish pipeRead fd:34 pid:16544 count:1
09-28 17:54:55.915   921 16545 I C02d13/HDC_LOG: [task.cpp:55] HdcTaskBase::TaskFinish notify begin type:0 cid:4012326552 sid:252******606(L:10)
09-28 17:54:55.916   921 16545 I C02d13/HDC_LOG: [task.cpp:58] HdcTaskBase::TaskFinish notify end type:0 cid:4012326552 sid:252******606(L:10)
09-28 17:54:55.919   921  1220 I C02d13/HDC_LOG: [daemon.cpp:1142] FetchCommand channelId:4012326552 command:2
09-28 17:54:55.919   921  1220 W C02d13/HDC_LOG: [session.cpp:160] BeginRemoveTask taskType:0 channelId:4012326552
09-28 17:54:55.919   921  1220 W C02d13/HDC_LOG: [session.cpp:190] ClearOwnTasks OP_CLEAR finish, sessionId:252******606(L:10) channelIDInput:4012326552
09-28 17:54:55.919   921  1220 W C02d13/HDC_LOG: [session.cpp:115] taskClassDeleteRetry start clear task, taskType:0 cid:4012326552 sid:252******606(L:10)
09-28 17:54:55.919   921  1220 I C02d13/HDC_LOG: [async_cmd.cpp:69] DoRelease rc:-3 pid:16544
09-28 17:54:55.919   921  1220 I C02d13/HDC_LOG: [session.cpp:126] TaskDelay task remove retry count 0/30, taskType:0 channelId:4012326552, sessionId:252******606(L:10)
09-28 17:54:55.919   921  1220 I C02d13/HDC_LOG: [daemon_unity.cpp:31] ~HdcDaemonUnity cid:4012326552 sid:252******606(L:10)
09-28 17:54:55.919   921  1220 I C02d13/HDC_LOG: [task.cpp:40] ~HdcTaskBase type:0 cid:4012326552 sid:252******606(L:10)
09-28 17:54:55.919   921  1220 W C02d13/HDC_LOG: [session.cpp:134] TaskDelay task remove finish, channelId:4012326552
09-28 17:54:55.919   921  1220 I C02d13/HDC_LOG: [base.cpp:969] before uv handle close, the uv handle type is 13
09-28 17:54:55.922   921  1220 I C02d13/HDC_LOG: [daemon.cpp:1142] FetchCommand channelId:4012326552 command:2
09-28 17:54:55.925   921  1220 I C02d13/HDC_LOG: [daemon.cpp:1142] FetchCommand channelId:183991933 command:1001
09-28 17:54:55.925   921  1220 I C02d13/HDC_LOG: [session.cpp:1652] New HTaskInfo cid:183991933 sid:252******606(L:10) command:1001
09-28 17:54:55.925   921  1220 I C02d13/HDC_LOG: [session.cpp:891] AdminTask add task type:0 cid:183991933 sid:252******606(L:10) mapsize:2
09-28 17:54:55.925   921  1220 I C02d13/HDC_LOG: [task.cpp:34] HdcTaskBase type:0 cid:183991933 sid:252******606(L:10)
09-28 17:54:55.925   921  1220 I C02d13/HDC_LOG: [daemon_unity.cpp:414] Unity CommandDispatch command:1001 cid:183991933 sid:252******606(L:10)
09-28 17:54:55.925   921  1220 W C02d13/HDC_LOG: [async_cmd.cpp:114] GetDevItem false key:persist.hdc.root
09-28 17:54:55.926   921 16546 I C02d13/HDC_LOG: [async_cmd.cpp:225] Popen pipe fds[pipeRead]:34 fds[pipeWrite]:37, mode 0
09-28 17:54:55.927   921  1220 I C02d13/HDC_LOG: [async_cmd.cpp:291] ExecuteCommand cmd:param get const.product.os.dist.apiname fd:34 pid:16547
09-28 17:54:55.927   921  1220 I C02d13/HDC_LOG: [daemon_unity.cpp:486] Unity CommandDispatch command:1001 finish cid:183991933 sid:252******606(L:10)
09-28 17:54:55.927 16547 16547 W C02d13/HDC_LOG: [async_cmd.cpp:140] SetSelinuxLabel con:u:r:su:s0 isRoot:0
09-28 17:54:55.945   921 16548 I C02d13/HDC_LOG: [async_cmd.cpp:88] FinishShellProc finish pipeRead fd:34 pid:16547 count:1
09-28 17:54:55.945   921 16548 I C02d13/HDC_LOG: [task.cpp:55] HdcTaskBase::TaskFinish notify begin type:0 cid:183991933 sid:252******606(L:10)
09-28 17:54:55.945   921 16548 I C02d13/HDC_LOG: [task.cpp:58] HdcTaskBase::TaskFinish notify end type:0 cid:183991933 sid:252******606(L:10)
09-28 17:54:55.948   921  1220 I C02d13/HDC_LOG: [daemon.cpp:1142] FetchCommand channelId:183991933 command:2
09-28 17:54:55.948   921  1220 W C02d13/HDC_LOG: [session.cpp:160] BeginRemoveTask taskType:0 channelId:183991933
09-28 17:54:55.948   921  1220 W C02d13/HDC_LOG: [session.cpp:190] ClearOwnTasks OP_CLEAR finish, sessionId:252******606(L:10) channelIDInput:183991933
09-28 17:54:55.948   921  1220 W C02d13/HDC_LOG: [session.cpp:115] taskClassDeleteRetry start clear task, taskType:0 cid:183991933 sid:252******606(L:10)
09-28 17:54:55.948   921  1220 I C02d13/HDC_LOG: [async_cmd.cpp:69] DoRelease rc:-3 pid:16547
09-28 17:54:55.948   921  1220 I C02d13/HDC_LOG: [session.cpp:126] TaskDelay task remove retry count 0/30, taskType:0 channelId:183991933, sessionId:252******606(L:10)
09-28 17:54:55.948   921  1220 I C02d13/HDC_LOG: [daemon_unity.cpp:31] ~HdcDaemonUnity cid:183991933 sid:252******606(L:10)
09-28 17:54:55.948   921  1220 I C02d13/HDC_LOG: [task.cpp:40] ~HdcTaskBase type:0 cid:183991933 sid:252******606(L:10)
09-28 17:54:55.948   921  1220 W C02d13/HDC_LOG: [session.cpp:134] TaskDelay task remove finish, channelId:183991933
09-28 17:54:55.948   921  1220 I C02d13/HDC_LOG: [base.cpp:969] before uv handle close, the uv handle type is 13
09-28 17:54:55.952   921  1220 I C02d13/HDC_LOG: [daemon.cpp:1142] FetchCommand channelId:183991933 command:2
09-28 17:54:56.007   921  1220 I C02d13/HDC_LOG: [daemon.cpp:1142] FetchCommand channelId:3754626345 command:1001
09-28 17:54:56.007   921  1220 I C02d13/HDC_LOG: [session.cpp:1652] New HTaskInfo cid:3754626345 sid:252******606(L:10) command:1001
09-28 17:54:56.007   921  1220 I C02d13/HDC_LOG: [session.cpp:891] AdminTask add task type:0 cid:3754626345 sid:252******606(L:10) mapsize:2
09-28 17:54:56.007   921  1220 I C02d13/HDC_LOG: [task.cpp:34] HdcTaskBase type:0 cid:3754626345 sid:252******606(L:10)
09-28 17:54:56.007   921  1220 I C02d13/HDC_LOG: [daemon_unity.cpp:414] Unity CommandDispatch command:1001 cid:3754626345 sid:252******606(L:10)
09-28 17:54:56.007   921  1220 W C02d13/HDC_LOG: [async_cmd.cpp:114] GetDevItem false key:persist.hdc.root
09-28 17:54:56.007   921 16549 I C02d13/HDC_LOG: [async_cmd.cpp:225] Popen pipe fds[pipeRead]:34 fds[pipeWrite]:37, mode 0
09-28 17:54:56.009   921  1220 I C02d13/HDC_LOG: [async_cmd.cpp:291] ExecuteCommand cmd:param get const.product.os.dist.apiname fd:34 pid:16550
09-28 17:54:56.009   921  1220 I C02d13/HDC_LOG: [daemon_unity.cpp:486] Unity CommandDispatch command:1001 finish cid:3754626345 sid:252******606(L:10)
09-28 17:54:56.010 16550 16550 W C02d13/HDC_LOG: [async_cmd.cpp:140] SetSelinuxLabel con:u:r:su:s0 isRoot:0
09-28 17:54:56.027   921 16551 I C02d13/HDC_LOG: [async_cmd.cpp:88] FinishShellProc finish pipeRead fd:34 pid:16550 count:1
09-28 17:54:56.027   921 16551 I C02d13/HDC_LOG: [task.cpp:55] HdcTaskBase::TaskFinish notify begin type:0 cid:3754626345 sid:252******606(L:10)
09-28 17:54:56.027   921 16551 I C02d13/HDC_LOG: [task.cpp:58] HdcTaskBase::TaskFinish notify end type:0 cid:3754626345 sid:252******606(L:10)
09-28 17:54:56.030   921  1220 I C02d13/HDC_LOG: [daemon.cpp:1142] FetchCommand channelId:3754626345 command:2
09-28 17:54:56.030   921  1220 W C02d13/HDC_LOG: [session.cpp:160] BeginRemoveTask taskType:0 channelId:3754626345
09-28 17:54:56.030   921  1220 W C02d13/HDC_LOG: [session.cpp:190] ClearOwnTasks OP_CLEAR finish, sessionId:252******606(L:10) channelIDInput:3754626345
09-28 17:54:56.030   921  1220 W C02d13/HDC_LOG: [session.cpp:115] taskClassDeleteRetry start clear task, taskType:0 cid:3754626345 sid:252******606(L:10)
09-28 17:54:56.030   921  1220 I C02d13/HDC_LOG: [async_cmd.cpp:69] DoRelease rc:-3 pid:16550
09-28 17:54:56.030   921  1220 I C02d13/HDC_LOG: [session.cpp:126] TaskDelay task remove retry count 0/30, taskType:0 channelId:3754626345, sessionId:252******606(L:10)
09-28 17:54:56.030   921  1220 I C02d13/HDC_LOG: [daemon_unity.cpp:31] ~HdcDaemonUnity cid:3754626345 sid:252******606(L:10)
09-28 17:54:56.030   921  1220 I C02d13/HDC_LOG: [task.cpp:40] ~HdcTaskBase type:0 cid:3754626345 sid:252******606(L:10)
09-28 17:54:56.030   921  1220 W C02d13/HDC_LOG: [session.cpp:134] TaskDelay task remove finish, channelId:3754626345
09-28 17:54:56.030   921  1220 I C02d13/HDC_LOG: [base.cpp:969] before uv handle close, the uv handle type is 13
09-28 17:54:56.034   921  1220 I C02d13/HDC_LOG: [daemon.cpp:1142] FetchCommand channelId:3754626345 command:2
09-28 17:54:56.098   921  1220 I C02d13/HDC_LOG: [daemon.cpp:1142] FetchCommand channelId:709911945 command:1001
09-28 17:54:56.098   921  1220 I C02d13/HDC_LOG: [session.cpp:1652] New HTaskInfo cid:709911945 sid:252******606(L:10) command:1001
09-28 17:54:56.098   921  1220 I C02d13/HDC_LOG: [session.cpp:891] AdminTask add task type:0 cid:709911945 sid:252******606(L:10) mapsize:2
09-28 17:54:56.098   921  1220 I C02d13/HDC_LOG: [task.cpp:34] HdcTaskBase type:0 cid:709911945 sid:252******606(L:10)
09-28 17:54:56.098   921  1220 I C02d13/HDC_LOG: [daemon_unity.cpp:414] Unity CommandDispatch command:1001 cid:709911945 sid:252******606(L:10)
09-28 17:54:56.098   921  1220 W C02d13/HDC_LOG: [async_cmd.cpp:114] GetDevItem false key:persist.hdc.root
09-28 17:54:56.098   921 16552 I C02d13/HDC_LOG: [async_cmd.cpp:225] Popen pipe fds[pipeRead]:34 fds[pipeWrite]:37, mode 0
09-28 17:54:56.100   921  1220 I C02d13/HDC_LOG: [async_cmd.cpp:291] ExecuteCommand cmd:param get const.product.os.dist.apiname fd:34 pid:16553
09-28 17:54:56.100   921  1220 I C02d13/HDC_LOG: [daemon_unity.cpp:486] Unity CommandDispatch command:1001 finish cid:709911945 sid:252******606(L:10)
09-28 17:54:56.101 16553 16553 W C02d13/HDC_LOG: [async_cmd.cpp:140] SetSelinuxLabel con:u:r:su:s0 isRoot:0
09-28 17:54:56.118   921 16554 I C02d13/HDC_LOG: [async_cmd.cpp:88] FinishShellProc finish pipeRead fd:34 pid:16553 count:1
09-28 17:54:56.118   921 16554 I C02d13/HDC_LOG: [task.cpp:55] HdcTaskBase::TaskFinish notify begin type:0 cid:709911945 sid:252******606(L:10)
09-28 17:54:56.118   921 16554 I C02d13/HDC_LOG: [task.cpp:58] HdcTaskBase::TaskFinish notify end type:0 cid:709911945 sid:252******606(L:10)
09-28 17:54:56.121   921  1220 I C02d13/HDC_LOG: [daemon.cpp:1142] FetchCommand channelId:709911945 command:2
09-28 17:54:56.121   921  1220 W C02d13/HDC_LOG: [session.cpp:160] BeginRemoveTask taskType:0 channelId:709911945
09-28 17:54:56.121   921  1220 W C02d13/HDC_LOG: [session.cpp:190] ClearOwnTasks OP_CLEAR finish, sessionId:252******606(L:10) channelIDInput:709911945
09-28 17:54:56.121   921  1220 W C02d13/HDC_LOG: [session.cpp:115] taskClassDeleteRetry start clear task, taskType:0 cid:709911945 sid:252******606(L:10)
09-28 17:54:56.121   921  1220 I C02d13/HDC_LOG: [async_cmd.cpp:69] DoRelease rc:-3 pid:16553
09-28 17:54:56.121   921  1220 I C02d13/HDC_LOG: [session.cpp:126] TaskDelay task remove retry count 0/30, taskType:0 channelId:709911945, sessionId:252******606(L:10)
09-28 17:54:56.121   921  1220 I C02d13/HDC_LOG: [daemon_unity.cpp:31] ~HdcDaemonUnity cid:709911945 sid:252******606(L:10)
09-28 17:54:56.121   921  1220 I C02d13/HDC_LOG: [task.cpp:40] ~HdcTaskBase type:0 cid:709911945 sid:252******606(L:10)
09-28 17:54:56.121   921  1220 W C02d13/HDC_LOG: [session.cpp:134] TaskDelay task remove finish, channelId:709911945
09-28 17:54:56.121   921  1220 I C02d13/HDC_LOG: [base.cpp:969] before uv handle close, the uv handle type is 13
09-28 17:54:56.125   921  1220 I C02d13/HDC_LOG: [daemon.cpp:1142] FetchCommand channelId:709911945 command:2
09-28 17:54:56.236   921  1220 I C02d13/HDC_LOG: [daemon.cpp:1142] FetchCommand channelId:3963640743 command:1001
09-28 17:54:56.236   921  1220 I C02d13/HDC_LOG: [session.cpp:1652] New HTaskInfo cid:3963640743 sid:252******606(L:10) command:1001
09-28 17:54:56.236   921  1220 I C02d13/HDC_LOG: [session.cpp:891] AdminTask add task type:0 cid:3963640743 sid:252******606(L:10) mapsize:2
09-28 17:54:56.236   921  1220 I C02d13/HDC_LOG: [task.cpp:34] HdcTaskBase type:0 cid:3963640743 sid:252******606(L:10)
09-28 17:54:56.236   921  1220 I C02d13/HDC_LOG: [daemon_unity.cpp:414] Unity CommandDispatch command:1001 cid:3963640743 sid:252******606(L:10)
09-28 17:54:56.236   921  1220 W C02d13/HDC_LOG: [async_cmd.cpp:114] GetDevItem false key:persist.hdc.root
09-28 17:54:56.237   921 16555 I C02d13/HDC_LOG: [async_cmd.cpp:225] Popen pipe fds[pipeRead]:34 fds[pipeWrite]:37, mode 0
09-28 17:54:56.240   921  1220 I C02d13/HDC_LOG: [async_cmd.cpp:291] ExecuteCommand cmd:param get const.product.os.dist.apiname fd:34 pid:16556
09-28 17:54:56.240   921  1220 I C02d13/HDC_LOG: [daemon_unity.cpp:486] Unity CommandDispatch command:1001 finish cid:3963640743 sid:252******606(L:10)
09-28 17:54:56.242 16556 16556 W C02d13/HDC_LOG: [async_cmd.cpp:140] SetSelinuxLabel con:u:r:su:s0 isRoot:0
09-28 17:54:56.275   921 16557 I C02d13/HDC_LOG: [async_cmd.cpp:88] FinishShellProc finish pipeRead fd:34 pid:16556 count:1
09-28 17:54:56.275   921 16557 I C02d13/HDC_LOG: [task.cpp:55] HdcTaskBase::TaskFinish notify begin type:0 cid:3963640743 sid:252******606(L:10)
09-28 17:54:56.275   921 16557 I C02d13/HDC_LOG: [task.cpp:58] HdcTaskBase::TaskFinish notify end type:0 cid:3963640743 sid:252******606(L:10)
09-28 17:54:56.279   921  1220 I C02d13/HDC_LOG: [daemon.cpp:1142] FetchCommand channelId:3963640743 command:2
09-28 17:54:56.279   921  1220 W C02d13/HDC_LOG: [session.cpp:160] BeginRemoveTask taskType:0 channelId:3963640743
09-28 17:54:56.279   921  1220 W C02d13/HDC_LOG: [session.cpp:190] ClearOwnTasks OP_CLEAR finish, sessionId:252******606(L:10) channelIDInput:3963640743
09-28 17:54:56.279   921  1220 W C02d13/HDC_LOG: [session.cpp:115] taskClassDeleteRetry start clear task, taskType:0 cid:3963640743 sid:252******606(L:10)
09-28 17:54:56.279   921  1220 I C02d13/HDC_LOG: [async_cmd.cpp:69] DoRelease rc:-3 pid:16556
09-28 17:54:56.279   921  1220 I C02d13/HDC_LOG: [session.cpp:126] TaskDelay task remove retry count 0/30, taskType:0 channelId:3963640743, sessionId:252******606(L:10)
09-28 17:54:56.279   921  1220 I C02d13/HDC_LOG: [daemon_unity.cpp:31] ~HdcDaemonUnity cid:3963640743 sid:252******606(L:10)
09-28 17:54:56.279   921  1220 I C02d13/HDC_LOG: [task.cpp:40] ~HdcTaskBase type:0 cid:3963640743 sid:252******606(L:10)
09-28 17:54:56.279   921  1220 W C02d13/HDC_LOG: [session.cpp:134] TaskDelay task remove finish, channelId:3963640743
09-28 17:54:56.279   921  1220 I C02d13/HDC_LOG: [base.cpp:969] before uv handle close, the uv handle type is 13
09-28 17:54:56.282   921  1220 I C02d13/HDC_LOG: [daemon.cpp:1142] FetchCommand channelId:3963640743 command:2
09-28 17:54:56.388   921  1220 I C02d13/HDC_LOG: [daemon.cpp:1142] FetchCommand channelId:501552786 command:1001
09-28 17:54:56.388   921  1220 I C02d13/HDC_LOG: [session.cpp:1652] New HTaskInfo cid:501552786 sid:252******606(L:10) command:1001
09-28 17:54:56.388   921  1220 I C02d13/HDC_LOG: [session.cpp:891] AdminTask add task type:0 cid:501552786 sid:252******606(L:10) mapsize:2
09-28 17:54:56.388   921  1220 I C02d13/HDC_LOG: [task.cpp:34] HdcTaskBase type:0 cid:501552786 sid:252******606(L:10)
09-28 17:54:56.388   921  1220 I C02d13/HDC_LOG: [daemon_unity.cpp:414] Unity CommandDispatch command:1001 cid:501552786 sid:252******606(L:10)
09-28 17:54:56.388   921  1220 W C02d13/HDC_LOG: [async_cmd.cpp:114] GetDevItem false key:persist.hdc.root
09-28 17:54:56.388   921 16558 I C02d13/HDC_LOG: [async_cmd.cpp:225] Popen pipe fds[pipeRead]:34 fds[pipeWrite]:37, mode 0
09-28 17:54:56.390   921  1220 I C02d13/HDC_LOG: [async_cmd.cpp:291] ExecuteCommand cmd:param get const.product.os.dist.apiname fd:34 pid:16559
09-28 17:54:56.390   921  1220 I C02d13/HDC_LOG: [daemon_unity.cpp:486] Unity CommandDispatch command:1001 finish cid:501552786 sid:252******606(L:10)
09-28 17:54:56.391 16559 16559 W C02d13/HDC_LOG: [async_cmd.cpp:140] SetSelinuxLabel con:u:r:su:s0 isRoot:0
09-28 17:54:56.408   921 16560 I C02d13/HDC_LOG: [async_cmd.cpp:88] FinishShellProc finish pipeRead fd:34 pid:16559 count:1
09-28 17:54:56.408   921 16560 I C02d13/HDC_LOG: [task.cpp:55] HdcTaskBase::TaskFinish notify begin type:0 cid:501552786 sid:252******606(L:10)
09-28 17:54:56.408   921 16560 I C02d13/HDC_LOG: [task.cpp:58] HdcTaskBase::TaskFinish notify end type:0 cid:501552786 sid:252******606(L:10)
09-28 17:54:56.411   921  1220 I C02d13/HDC_LOG: [daemon.cpp:1142] FetchCommand channelId:501552786 command:2
09-28 17:54:56.411   921  1220 W C02d13/HDC_LOG: [session.cpp:160] BeginRemoveTask taskType:0 channelId:501552786
09-28 17:54:56.411   921  1220 W C02d13/HDC_LOG: [session.cpp:190] ClearOwnTasks OP_CLEAR finish, sessionId:252******606(L:10) channelIDInput:501552786
09-28 17:54:56.411   921  1220 W C02d13/HDC_LOG: [session.cpp:115] taskClassDeleteRetry start clear task, taskType:0 cid:501552786 sid:252******606(L:10)
09-28 17:54:56.411   921  1220 I C02d13/HDC_LOG: [async_cmd.cpp:69] DoRelease rc:-3 pid:16559
09-28 17:54:56.411   921  1220 I C02d13/HDC_LOG: [session.cpp:126] TaskDelay task remove retry count 0/30, taskType:0 channelId:501552786, sessionId:252******606(L:10)
09-28 17:54:56.411   921  1220 I C02d13/HDC_LOG: [daemon_unity.cpp:31] ~HdcDaemonUnity cid:501552786 sid:252******606(L:10)
09-28 17:54:56.411   921  1220 I C02d13/HDC_LOG: [task.cpp:40] ~HdcTaskBase type:0 cid:501552786 sid:252******606(L:10)
09-28 17:54:56.411   921  1220 W C02d13/HDC_LOG: [session.cpp:134] TaskDelay task remove finish, channelId:501552786
09-28 17:54:56.411   921  1220 I C02d13/HDC_LOG: [base.cpp:969] before uv handle close, the uv handle type is 13
09-28 17:54:56.415   921  1220 I C02d13/HDC_LOG: [daemon.cpp:1142] FetchCommand channelId:501552786 command:2
09-28 17:54:56.983   921  1220 I C02d13/HDC_LOG: [daemon.cpp:1142] FetchCommand channelId:4263826600 command:1001
09-28 17:54:56.983   921  1220 I C02d13/HDC_LOG: [session.cpp:1652] New HTaskInfo cid:4263826600 sid:252******606(L:10) command:1001
09-28 17:54:56.983   921  1220 I C02d13/HDC_LOG: [session.cpp:891] AdminTask add task type:0 cid:4263826600 sid:252******606(L:10) mapsize:2
09-28 17:54:56.983   921  1220 I C02d13/HDC_LOG: [task.cpp:34] HdcTaskBase type:0 cid:4263826600 sid:252******606(L:10)
09-28 17:54:56.983   921  1220 I C02d13/HDC_LOG: [daemon_unity.cpp:414] Unity CommandDispatch command:1001 cid:4263826600 sid:252******606(L:10)
09-28 17:54:56.983   921  1220 W C02d13/HDC_LOG: [async_cmd.cpp:114] GetDevItem false key:persist.hdc.root
09-28 17:54:56.984   921 16561 I C02d13/HDC_LOG: [async_cmd.cpp:225] Popen pipe fds[pipeRead]:34 fds[pipeWrite]:37, mode 0
09-28 17:54:56.986   921  1220 I C02d13/HDC_LOG: [async_cmd.cpp:291] ExecuteCommand cmd:param get const.product.os.dist.apiname fd:34 pid:16562
09-28 17:54:56.986   921  1220 I C02d13/HDC_LOG: [daemon_unity.cpp:486] Unity CommandDispatch command:1001 finish cid:4263826600 sid:252******606(L:10)
09-28 17:54:56.986 16562 16562 W C02d13/HDC_LOG: [async_cmd.cpp:140] SetSelinuxLabel con:u:r:su:s0 isRoot:0
09-28 17:54:57.003   921 16563 I C02d13/HDC_LOG: [async_cmd.cpp:88] FinishShellProc finish pipeRead fd:34 pid:16562 count:1
09-28 17:54:57.003   921 16563 I C02d13/HDC_LOG: [task.cpp:55] HdcTaskBase::TaskFinish notify begin type:0 cid:4263826600 sid:252******606(L:10)
09-28 17:54:57.003   921 16563 I C02d13/HDC_LOG: [task.cpp:58] HdcTaskBase::TaskFinish notify end type:0 cid:4263826600 sid:252******606(L:10)
09-28 17:54:57.006   921  1220 I C02d13/HDC_LOG: [daemon.cpp:1142] FetchCommand channelId:4263826600 command:2
09-28 17:54:57.006   921  1220 W C02d13/HDC_LOG: [session.cpp:160] BeginRemoveTask taskType:0 channelId:4263826600
09-28 17:54:57.006   921  1220 W C02d13/HDC_LOG: [session.cpp:190] ClearOwnTasks OP_CLEAR finish, sessionId:252******606(L:10) channelIDInput:4263826600
09-28 17:54:57.006   921  1220 W C02d13/HDC_LOG: [session.cpp:115] taskClassDeleteRetry start clear task, taskType:0 cid:4263826600 sid:252******606(L:10)
09-28 17:54:57.006   921  1220 I C02d13/HDC_LOG: [async_cmd.cpp:69] DoRelease rc:-3 pid:16562
09-28 17:54:57.007   921  1220 I C02d13/HDC_LOG: [session.cpp:126] TaskDelay task remove retry count 0/30, taskType:0 channelId:4263826600, sessionId:252******606(L:10)
09-28 17:54:57.007   921  1220 I C02d13/HDC_LOG: [daemon_unity.cpp:31] ~HdcDaemonUnity cid:4263826600 sid:252******606(L:10)
09-28 17:54:57.007   921  1220 I C02d13/HDC_LOG: [task.cpp:40] ~HdcTaskBase type:0 cid:4263826600 sid:252******606(L:10)
09-28 17:54:57.007   921  1220 W C02d13/HDC_LOG: [session.cpp:134] TaskDelay task remove finish, channelId:4263826600
09-28 17:54:57.007   921  1220 I C02d13/HDC_LOG: [base.cpp:969] before uv handle close, the uv handle type is 13
09-28 17:54:57.010   921  1220 I C02d13/HDC_LOG: [daemon.cpp:1142] FetchCommand channelId:4263826600 command:2
09-28 17:54:57.019   921  1220 I C02d13/HDC_LOG: [daemon.cpp:1142] FetchCommand channelId:3080367810 command:1001
09-28 17:54:57.019   921  1220 I C02d13/HDC_LOG: [session.cpp:1652] New HTaskInfo cid:3080367810 sid:252******606(L:10) command:1001
09-28 17:54:57.019   921  1220 I C02d13/HDC_LOG: [session.cpp:891] AdminTask add task type:0 cid:3080367810 sid:252******606(L:10) mapsize:2
09-28 17:54:57.019   921  1220 I C02d13/HDC_LOG: [task.cpp:34] HdcTaskBase type:0 cid:3080367810 sid:252******606(L:10)
09-28 17:54:57.019   921  1220 I C02d13/HDC_LOG: [daemon_unity.cpp:414] Unity CommandDispatch command:1001 cid:3080367810 sid:252******606(L:10)
09-28 17:54:57.019   921  1220 W C02d13/HDC_LOG: [async_cmd.cpp:114] GetDevItem false key:persist.hdc.root
09-28 17:54:57.019   921 16564 I C02d13/HDC_LOG: [async_cmd.cpp:225] Popen pipe fds[pipeRead]:34 fds[pipeWrite]:37, mode 0
09-28 17:54:57.021   921  1220 I C02d13/HDC_LOG: [async_cmd.cpp:291] ExecuteCommand cmd:param get const.product.os.dist.apiname fd:34 pid:16565
09-28 17:54:57.021   921  1220 I C02d13/HDC_LOG: [daemon_unity.cpp:486] Unity CommandDispatch command:1001 finish cid:3080367810 sid:252******606(L:10)
09-28 17:54:57.021 16565 16565 W C02d13/HDC_LOG: [async_cmd.cpp:140] SetSelinuxLabel con:u:r:su:s0 isRoot:0
09-28 17:54:57.041   921 16566 I C02d13/HDC_LOG: [async_cmd.cpp:88] FinishShellProc finish pipeRead fd:34 pid:16565 count:1
09-28 17:54:57.041   921 16566 I C02d13/HDC_LOG: [task.cpp:55] HdcTaskBase::TaskFinish notify begin type:0 cid:3080367810 sid:252******606(L:10)
09-28 17:54:57.041   921 16566 I C02d13/HDC_LOG: [task.cpp:58] HdcTaskBase::TaskFinish notify end type:0 cid:3080367810 sid:252******606(L:10)
09-28 17:54:57.043   921  1220 I C02d13/HDC_LOG: [daemon.cpp:1142] FetchCommand channelId:3080367810 command:2
09-28 17:54:57.043   921  1220 W C02d13/HDC_LOG: [session.cpp:160] BeginRemoveTask taskType:0 channelId:3080367810
09-28 17:54:57.043   921  1220 W C02d13/HDC_LOG: [session.cpp:190] ClearOwnTasks OP_CLEAR finish, sessionId:252******606(L:10) channelIDInput:3080367810
09-28 17:54:57.043   921  1220 W C02d13/HDC_LOG: [session.cpp:115] taskClassDeleteRetry start clear task, taskType:0 cid:3080367810 sid:252******606(L:10)
09-28 17:54:57.043   921  1220 I C02d13/HDC_LOG: [async_cmd.cpp:69] DoRelease rc:-3 pid:16565
09-28 17:54:57.043   921  1220 I C02d13/HDC_LOG: [session.cpp:126] TaskDelay task remove retry count 0/30, taskType:0 channelId:3080367810, sessionId:252******606(L:10)
09-28 17:54:57.043   921  1220 I C02d13/HDC_LOG: [daemon_unity.cpp:31] ~HdcDaemonUnity cid:3080367810 sid:252******606(L:10)
09-28 17:54:57.043   921  1220 I C02d13/HDC_LOG: [task.cpp:40] ~HdcTaskBase type:0 cid:3080367810 sid:252******606(L:10)
09-28 17:54:57.043   921  1220 W C02d13/HDC_LOG: [session.cpp:134] TaskDelay task remove finish, channelId:3080367810
09-28 17:54:57.043   921  1220 I C02d13/HDC_LOG: [base.cpp:969] before uv handle close, the uv handle type is 13
09-28 17:54:57.047   921  1220 I C02d13/HDC_LOG: [daemon.cpp:1142] FetchCommand channelId:3080367810 command:2
09-28 17:54:57.645   921  1220 I C02d13/HDC_LOG: [daemon.cpp:1142] FetchCommand channelId:2480473112 command:1001
09-28 17:54:57.645   921  1220 I C02d13/HDC_LOG: [session.cpp:1652] New HTaskInfo cid:2480473112 sid:252******606(L:10) command:1001
09-28 17:54:57.645   921  1220 I C02d13/HDC_LOG: [session.cpp:891] AdminTask add task type:0 cid:2480473112 sid:252******606(L:10) mapsize:2
09-28 17:54:57.645   921  1220 I C02d13/HDC_LOG: [task.cpp:34] HdcTaskBase type:0 cid:2480473112 sid:252******606(L:10)
09-28 17:54:57.645   921  1220 I C02d13/HDC_LOG: [daemon_unity.cpp:414] Unity CommandDispatch command:1001 cid:2480473112 sid:252******606(L:10)
09-28 17:54:57.645   921  1220 W C02d13/HDC_LOG: [async_cmd.cpp:114] GetDevItem false key:persist.hdc.root
09-28 17:54:57.645   921 16567 I C02d13/HDC_LOG: [async_cmd.cpp:225] Popen pipe fds[pipeRead]:34 fds[pipeWrite]:37, mode 0
09-28 17:54:57.647   921  1220 I C02d13/HDC_LOG: [async_cmd.cpp:291] ExecuteCommand cmd:param get const.product.os.dist.apiname fd:34 pid:16568
09-28 17:54:57.647   921  1220 I C02d13/HDC_LOG: [daemon_unity.cpp:486] Unity CommandDispatch command:1001 finish cid:2480473112 sid:252******606(L:10)
09-28 17:54:57.647 16568 16568 W C02d13/HDC_LOG: [async_cmd.cpp:140] SetSelinuxLabel con:u:r:su:s0 isRoot:0
09-28 17:54:57.664   921 16569 I C02d13/HDC_LOG: [async_cmd.cpp:88] FinishShellProc finish pipeRead fd:34 pid:16568 count:1
09-28 17:54:57.664   921 16569 I C02d13/HDC_LOG: [task.cpp:55] HdcTaskBase::TaskFinish notify begin type:0 cid:2480473112 sid:252******606(L:10)
09-28 17:54:57.664   921 16569 I C02d13/HDC_LOG: [task.cpp:58] HdcTaskBase::TaskFinish notify end type:0 cid:2480473112 sid:252******606(L:10)
09-28 17:54:57.667   921  1220 I C02d13/HDC_LOG: [daemon.cpp:1142] FetchCommand channelId:2480473112 command:2
09-28 17:54:57.667   921  1220 W C02d13/HDC_LOG: [session.cpp:160] BeginRemoveTask taskType:0 channelId:2480473112
09-28 17:54:57.667   921  1220 W C02d13/HDC_LOG: [session.cpp:190] ClearOwnTasks OP_CLEAR finish, sessionId:252******606(L:10) channelIDInput:2480473112
09-28 17:54:57.667   921  1220 W C02d13/HDC_LOG: [session.cpp:115] taskClassDeleteRetry start clear task, taskType:0 cid:2480473112 sid:252******606(L:10)
09-28 17:54:57.667   921  1220 I C02d13/HDC_LOG: [async_cmd.cpp:69] DoRelease rc:-3 pid:16568
09-28 17:54:57.667   921  1220 I C02d13/HDC_LOG: [session.cpp:126] TaskDelay task remove retry count 0/30, taskType:0 channelId:2480473112, sessionId:252******606(L:10)
09-28 17:54:57.667   921  1220 I C02d13/HDC_LOG: [daemon_unity.cpp:31] ~HdcDaemonUnity cid:2480473112 sid:252******606(L:10)
09-28 17:54:57.668   921  1220 I C02d13/HDC_LOG: [task.cpp:40] ~HdcTaskBase type:0 cid:2480473112 sid:252******606(L:10)
09-28 17:54:57.668   921  1220 W C02d13/HDC_LOG: [session.cpp:134] TaskDelay task remove finish, channelId:2480473112
09-28 17:54:57.668   921  1220 I C02d13/HDC_LOG: [base.cpp:969] before uv handle close, the uv handle type is 13
09-28 17:54:57.671   921  1220 I C02d13/HDC_LOG: [daemon.cpp:1142] FetchCommand channelId:2480473112 command:2
09-28 17:54:57.874   828  1981 I C02700/PrintSensorData: in ControlSensorHdiPrint, sensorType:1, hdiTimes:294
09-28 17:54:57.874   915  1444 I C02700/PrintSensorData: in ControlSensorClientPrint, sensorType:1, clientTimes:294
09-28 17:54:57.876   921  1220 I C02d13/HDC_LOG: [daemon.cpp:1142] FetchCommand channelId:1235894528 command:1001
09-28 17:54:57.876   921  1220 I C02d13/HDC_LOG: [session.cpp:1652] New HTaskInfo cid:1235894528 sid:252******606(L:10) command:1001
09-28 17:54:57.876   921  1220 I C02d13/HDC_LOG: [session.cpp:891] AdminTask add task type:0 cid:1235894528 sid:252******606(L:10) mapsize:2
09-28 17:54:57.876   921  1220 I C02d13/HDC_LOG: [task.cpp:34] HdcTaskBase type:0 cid:1235894528 sid:252******606(L:10)
09-28 17:54:57.876   921  1220 I C02d13/HDC_LOG: [daemon_unity.cpp:414] Unity CommandDispatch command:1001 cid:1235894528 sid:252******606(L:10)
09-28 17:54:57.876   921  1220 W C02d13/HDC_LOG: [async_cmd.cpp:114] GetDevItem false key:persist.hdc.root
09-28 17:54:57.877   921 16570 I C02d13/HDC_LOG: [async_cmd.cpp:225] Popen pipe fds[pipeRead]:34 fds[pipeWrite]:37, mode 0
09-28 17:54:57.878   921  1220 I C02d13/HDC_LOG: [async_cmd.cpp:291] ExecuteCommand cmd:param get const.product.os.dist.apiname fd:34 pid:16571
09-28 17:54:57.878   921  1220 I C02d13/HDC_LOG: [daemon_unity.cpp:486] Unity CommandDispatch command:1001 finish cid:1235894528 sid:252******606(L:10)
09-28 17:54:57.879 16571 16571 W C02d13/HDC_LOG: [async_cmd.cpp:140] SetSelinuxLabel con:u:r:su:s0 isRoot:0
09-28 17:54:57.896   921 16572 I C02d13/HDC_LOG: [async_cmd.cpp:88] FinishShellProc finish pipeRead fd:34 pid:16571 count:1
09-28 17:54:57.896   921 16572 I C02d13/HDC_LOG: [task.cpp:55] HdcTaskBase::TaskFinish notify begin type:0 cid:1235894528 sid:252******606(L:10)
09-28 17:54:57.896   921 16572 I C02d13/HDC_LOG: [task.cpp:58] HdcTaskBase::TaskFinish notify end type:0 cid:1235894528 sid:252******606(L:10)
09-28 17:54:57.899   921  1220 I C02d13/HDC_LOG: [daemon.cpp:1142] FetchCommand channelId:1235894528 command:2
09-28 17:54:57.899   921  1220 W C02d13/HDC_LOG: [session.cpp:160] BeginRemoveTask taskType:0 channelId:1235894528
09-28 17:54:57.899   921  1220 W C02d13/HDC_LOG: [session.cpp:190] ClearOwnTasks OP_CLEAR finish, sessionId:252******606(L:10) channelIDInput:1235894528
09-28 17:54:57.899   921  1220 W C02d13/HDC_LOG: [session.cpp:115] taskClassDeleteRetry start clear task, taskType:0 cid:1235894528 sid:252******606(L:10)
09-28 17:54:57.899   921  1220 I C02d13/HDC_LOG: [async_cmd.cpp:69] DoRelease rc:-3 pid:16571
09-28 17:54:57.899   921  1220 I C02d13/HDC_LOG: [session.cpp:126] TaskDelay task remove retry count 0/30, taskType:0 channelId:1235894528, sessionId:252******606(L:10)
09-28 17:54:57.899   921  1220 I C02d13/HDC_LOG: [daemon_unity.cpp:31] ~HdcDaemonUnity cid:1235894528 sid:252******606(L:10)
09-28 17:54:57.899   921  1220 I C02d13/HDC_LOG: [task.cpp:40] ~HdcTaskBase type:0 cid:1235894528 sid:252******606(L:10)
09-28 17:54:57.899   921  1220 W C02d13/HDC_LOG: [session.cpp:134] TaskDelay task remove finish, channelId:1235894528
09-28 17:54:57.899   921  1220 I C02d13/HDC_LOG: [base.cpp:969] before uv handle close, the uv handle type is 13
09-28 17:54:57.903   921  1220 I C02d13/HDC_LOG: [daemon.cpp:1142] FetchCommand channelId:1235894528 command:2
09-28 17:54:57.933   921  1220 I C02d13/HDC_LOG: [daemon.cpp:1142] FetchCommand channelId:2071685012 command:1001
09-28 17:54:57.933   921  1220 I C02d13/HDC_LOG: [session.cpp:1652] New HTaskInfo cid:2071685012 sid:252******606(L:10) command:1001
09-28 17:54:57.933   921  1220 I C02d13/HDC_LOG: [session.cpp:891] AdminTask add task type:0 cid:2071685012 sid:252******606(L:10) mapsize:2
09-28 17:54:57.933   921  1220 I C02d13/HDC_LOG: [task.cpp:34] HdcTaskBase type:0 cid:2071685012 sid:252******606(L:10)
09-28 17:54:57.933   921  1220 I C02d13/HDC_LOG: [daemon_unity.cpp:414] Unity CommandDispatch command:1001 cid:2071685012 sid:252******606(L:10)
09-28 17:54:57.933   921  1220 W C02d13/HDC_LOG: [async_cmd.cpp:114] GetDevItem false key:persist.hdc.root
09-28 17:54:57.934   921 16573 I C02d13/HDC_LOG: [async_cmd.cpp:225] Popen pipe fds[pipeRead]:34 fds[pipeWrite]:37, mode 0
09-28 17:54:57.935   921  1220 I C02d13/HDC_LOG: [async_cmd.cpp:291] ExecuteCommand cmd:param get const.product.os.dist.apiname fd:34 pid:16574
09-28 17:54:57.935   921  1220 I C02d13/HDC_LOG: [daemon_unity.cpp:486] Unity CommandDispatch command:1001 finish cid:2071685012 sid:252******606(L:10)
09-28 17:54:57.936 16574 16574 W C02d13/HDC_LOG: [async_cmd.cpp:140] SetSelinuxLabel con:u:r:su:s0 isRoot:0
09-28 17:54:57.953   921 16575 I C02d13/HDC_LOG: [async_cmd.cpp:88] FinishShellProc finish pipeRead fd:34 pid:16574 count:1
09-28 17:54:57.953   921 16575 I C02d13/HDC_LOG: [task.cpp:55] HdcTaskBase::TaskFinish notify begin type:0 cid:2071685012 sid:252******606(L:10)
09-28 17:54:57.953   921 16575 I C02d13/HDC_LOG: [task.cpp:58] HdcTaskBase::TaskFinish notify end type:0 cid:2071685012 sid:252******606(L:10)
09-28 17:54:57.956   921  1220 I C02d13/HDC_LOG: [daemon.cpp:1142] FetchCommand channelId:2071685012 command:2
09-28 17:54:57.956   921  1220 W C02d13/HDC_LOG: [session.cpp:160] BeginRemoveTask taskType:0 channelId:2071685012
09-28 17:54:57.956   921  1220 W C02d13/HDC_LOG: [session.cpp:190] ClearOwnTasks OP_CLEAR finish, sessionId:252******606(L:10) channelIDInput:2071685012
09-28 17:54:57.956   921  1220 W C02d13/HDC_LOG: [session.cpp:115] taskClassDeleteRetry start clear task, taskType:0 cid:2071685012 sid:252******606(L:10)
09-28 17:54:57.956   921  1220 I C02d13/HDC_LOG: [async_cmd.cpp:69] DoRelease rc:-3 pid:16574
09-28 17:54:57.956   921  1220 I C02d13/HDC_LOG: [session.cpp:126] TaskDelay task remove retry count 0/30, taskType:0 channelId:2071685012, sessionId:252******606(L:10)
09-28 17:54:57.956   921  1220 I C02d13/HDC_LOG: [daemon_unity.cpp:31] ~HdcDaemonUnity cid:2071685012 sid:252******606(L:10)
09-28 17:54:57.956   921  1220 I C02d13/HDC_LOG: [task.cpp:40] ~HdcTaskBase type:0 cid:2071685012 sid:252******606(L:10)
09-28 17:54:57.956   921  1220 W C02d13/HDC_LOG: [session.cpp:134] TaskDelay task remove finish, channelId:2071685012
09-28 17:54:57.956   921  1220 I C02d13/HDC_LOG: [base.cpp:969] before uv handle close, the uv handle type is 13
09-28 17:54:57.960   921  1220 I C02d13/HDC_LOG: [daemon.cpp:1142] FetchCommand channelId:2071685012 command:2
09-28 17:54:58.031   921  1220 I C02d13/HDC_LOG: [daemon.cpp:1142] FetchCommand channelId:2176753551 command:1001
09-28 17:54:58.032   921  1220 I C02d13/HDC_LOG: [session.cpp:1652] New HTaskInfo cid:2176753551 sid:252******606(L:10) command:1001
09-28 17:54:58.032   921  1220 I C02d13/HDC_LOG: [session.cpp:891] AdminTask add task type:0 cid:2176753551 sid:252******606(L:10) mapsize:2
09-28 17:54:58.032   921  1220 I C02d13/HDC_LOG: [task.cpp:34] HdcTaskBase type:0 cid:2176753551 sid:252******606(L:10)
09-28 17:54:58.032   921  1220 I C02d13/HDC_LOG: [daemon_unity.cpp:414] Unity CommandDispatch command:1001 cid:2176753551 sid:252******606(L:10)
09-28 17:54:58.032   921  1220 W C02d13/HDC_LOG: [async_cmd.cpp:114] GetDevItem false key:persist.hdc.root
09-28 17:54:58.032   921 16576 I C02d13/HDC_LOG: [async_cmd.cpp:225] Popen pipe fds[pipeRead]:34 fds[pipeWrite]:37, mode 0
09-28 17:54:58.034   921  1220 I C02d13/HDC_LOG: [async_cmd.cpp:291] ExecuteCommand cmd:param get const.product.os.dist.apiname fd:34 pid:16577
09-28 17:54:58.034   921  1220 I C02d13/HDC_LOG: [daemon_unity.cpp:486] Unity CommandDispatch command:1001 finish cid:2176753551 sid:252******606(L:10)
09-28 17:54:58.034 16577 16577 W C02d13/HDC_LOG: [async_cmd.cpp:140] SetSelinuxLabel con:u:r:su:s0 isRoot:0
09-28 17:54:58.051   921 16578 I C02d13/HDC_LOG: [async_cmd.cpp:88] FinishShellProc finish pipeRead fd:34 pid:16577 count:1
09-28 17:54:58.051   921 16578 I C02d13/HDC_LOG: [task.cpp:55] HdcTaskBase::TaskFinish notify begin type:0 cid:2176753551 sid:252******606(L:10)
09-28 17:54:58.051   921 16578 I C02d13/HDC_LOG: [task.cpp:58] HdcTaskBase::TaskFinish notify end type:0 cid:2176753551 sid:252******606(L:10)
09-28 17:54:58.055   921  1220 I C02d13/HDC_LOG: [daemon.cpp:1142] FetchCommand channelId:2176753551 command:2
09-28 17:54:58.055   921  1220 W C02d13/HDC_LOG: [session.cpp:160] BeginRemoveTask taskType:0 channelId:2176753551
09-28 17:54:58.055   921  1220 W C02d13/HDC_LOG: [session.cpp:190] ClearOwnTasks OP_CLEAR finish, sessionId:252******606(L:10) channelIDInput:2176753551
09-28 17:54:58.055   921  1220 W C02d13/HDC_LOG: [session.cpp:115] taskClassDeleteRetry start clear task, taskType:0 cid:2176753551 sid:252******606(L:10)
09-28 17:54:58.055   921  1220 I C02d13/HDC_LOG: [async_cmd.cpp:69] DoRelease rc:-3 pid:16577
09-28 17:54:58.055   921  1220 I C02d13/HDC_LOG: [session.cpp:126] TaskDelay task remove retry count 0/30, taskType:0 channelId:2176753551, sessionId:252******606(L:10)
09-28 17:54:58.055   921  1220 I C02d13/HDC_LOG: [daemon_unity.cpp:31] ~HdcDaemonUnity cid:2176753551 sid:252******606(L:10)
09-28 17:54:58.055   921  1220 I C02d13/HDC_LOG: [task.cpp:40] ~HdcTaskBase type:0 cid:2176753551 sid:252******606(L:10)
09-28 17:54:58.055   921  1220 W C02d13/HDC_LOG: [session.cpp:134] TaskDelay task remove finish, channelId:2176753551
09-28 17:54:58.055   921  1220 I C02d13/HDC_LOG: [base.cpp:969] before uv handle close, the uv handle type is 13
09-28 17:54:58.058   921  1220 I C02d13/HDC_LOG: [daemon.cpp:1142] FetchCommand channelId:2176753551 command:2
09-28 17:54:58.062   921  1220 I C02d13/HDC_LOG: [daemon.cpp:1142] FetchCommand channelId:914462968 command:1001
09-28 17:54:58.062   921  1220 I C02d13/HDC_LOG: [session.cpp:1652] New HTaskInfo cid:914462968 sid:252******606(L:10) command:1001
09-28 17:54:58.062   921  1220 I C02d13/HDC_LOG: [session.cpp:891] AdminTask add task type:0 cid:914462968 sid:252******606(L:10) mapsize:2
09-28 17:54:58.062   921  1220 I C02d13/HDC_LOG: [task.cpp:34] HdcTaskBase type:0 cid:914462968 sid:252******606(L:10)
09-28 17:54:58.062   921  1220 I C02d13/HDC_LOG: [daemon_unity.cpp:414] Unity CommandDispatch command:1001 cid:914462968 sid:252******606(L:10)
09-28 17:54:58.063   921  1220 W C02d13/HDC_LOG: [async_cmd.cpp:114] GetDevItem false key:persist.hdc.root
09-28 17:54:58.063   921 16579 I C02d13/HDC_LOG: [async_cmd.cpp:225] Popen pipe fds[pipeRead]:34 fds[pipeWrite]:37, mode 0
09-28 17:54:58.064   921  1220 I C02d13/HDC_LOG: [async_cmd.cpp:291] ExecuteCommand cmd:param get const.product.os.dist.apiname fd:34 pid:16580
09-28 17:54:58.065   921  1220 I C02d13/HDC_LOG: [daemon_unity.cpp:486] Unity CommandDispatch command:1001 finish cid:914462968 sid:252******606(L:10)
09-28 17:54:58.065 16580 16580 W C02d13/HDC_LOG: [async_cmd.cpp:140] SetSelinuxLabel con:u:r:su:s0 isRoot:0
09-28 17:54:58.082   921 16581 I C02d13/HDC_LOG: [async_cmd.cpp:88] FinishShellProc finish pipeRead fd:34 pid:16580 count:1
09-28 17:54:58.082   921 16581 I C02d13/HDC_LOG: [task.cpp:55] HdcTaskBase::TaskFinish notify begin type:0 cid:914462968 sid:252******606(L:10)
09-28 17:54:58.083   921 16581 I C02d13/HDC_LOG: [task.cpp:58] HdcTaskBase::TaskFinish notify end type:0 cid:914462968 sid:252******606(L:10)
09-28 17:54:58.085   921  1220 I C02d13/HDC_LOG: [daemon.cpp:1142] FetchCommand channelId:914462968 command:2
09-28 17:54:58.085   921  1220 W C02d13/HDC_LOG: [session.cpp:160] BeginRemoveTask taskType:0 channelId:914462968
09-28 17:54:58.085   921  1220 W C02d13/HDC_LOG: [session.cpp:190] ClearOwnTasks OP_CLEAR finish, sessionId:252******606(L:10) channelIDInput:914462968
09-28 17:54:58.085   921  1220 W C02d13/HDC_LOG: [session.cpp:115] taskClassDeleteRetry start clear task, taskType:0 cid:914462968 sid:252******606(L:10)
09-28 17:54:58.085   921  1220 I C02d13/HDC_LOG: [async_cmd.cpp:69] DoRelease rc:-3 pid:16580
09-28 17:54:58.085   921  1220 I C02d13/HDC_LOG: [session.cpp:126] TaskDelay task remove retry count 0/30, taskType:0 channelId:914462968, sessionId:252******606(L:10)
09-28 17:54:58.085   921  1220 I C02d13/HDC_LOG: [daemon_unity.cpp:31] ~HdcDaemonUnity cid:914462968 sid:252******606(L:10)
09-28 17:54:58.085   921  1220 I C02d13/HDC_LOG: [task.cpp:40] ~HdcTaskBase type:0 cid:914462968 sid:252******606(L:10)
09-28 17:54:58.085   921  1220 W C02d13/HDC_LOG: [session.cpp:134] TaskDelay task remove finish, channelId:914462968
09-28 17:54:58.085   921  1220 I C02d13/HDC_LOG: [base.cpp:969] before uv handle close, the uv handle type is 13
09-28 17:54:58.090   921  1220 I C02d13/HDC_LOG: [daemon.cpp:1142] FetchCommand channelId:914462968 command:2
09-28 17:54:58.133   921  1220 I C02d13/HDC_LOG: [daemon.cpp:1142] FetchCommand channelId:4008625190 command:1001
09-28 17:54:58.133   921  1220 I C02d13/HDC_LOG: [session.cpp:1652] New HTaskInfo cid:4008625190 sid:252******606(L:10) command:1001
09-28 17:54:58.133   921  1220 I C02d13/HDC_LOG: [session.cpp:891] AdminTask add task type:0 cid:4008625190 sid:252******606(L:10) mapsize:2
09-28 17:54:58.133   921  1220 I C02d13/HDC_LOG: [task.cpp:34] HdcTaskBase type:0 cid:4008625190 sid:252******606(L:10)
09-28 17:54:58.133   921  1220 I C02d13/HDC_LOG: [daemon_unity.cpp:414] Unity CommandDispatch command:1001 cid:4008625190 sid:252******606(L:10)
09-28 17:54:58.133   921  1220 W C02d13/HDC_LOG: [async_cmd.cpp:114] GetDevItem false key:persist.hdc.root
09-28 17:54:58.134   921 16582 I C02d13/HDC_LOG: [async_cmd.cpp:225] Popen pipe fds[pipeRead]:34 fds[pipeWrite]:37, mode 0
09-28 17:54:58.136   921  1220 I C02d13/HDC_LOG: [async_cmd.cpp:291] ExecuteCommand cmd:param get const.product.os.dist.apiname fd:34 pid:16583
09-28 17:54:58.136   921  1220 I C02d13/HDC_LOG: [daemon_unity.cpp:486] Unity CommandDispatch command:1001 finish cid:4008625190 sid:252******606(L:10)
09-28 17:54:58.136 16583 16583 W C02d13/HDC_LOG: [async_cmd.cpp:140] SetSelinuxLabel con:u:r:su:s0 isRoot:0
09-28 17:54:58.153   921 16584 I C02d13/HDC_LOG: [async_cmd.cpp:88] FinishShellProc finish pipeRead fd:34 pid:16583 count:1
09-28 17:54:58.153   921 16584 I C02d13/HDC_LOG: [task.cpp:55] HdcTaskBase::TaskFinish notify begin type:0 cid:4008625190 sid:252******606(L:10)
09-28 17:54:58.153   921 16584 I C02d13/HDC_LOG: [task.cpp:58] HdcTaskBase::TaskFinish notify end type:0 cid:4008625190 sid:252******606(L:10)
09-28 17:54:58.156   921  1220 I C02d13/HDC_LOG: [daemon.cpp:1142] FetchCommand channelId:4008625190 command:2
09-28 17:54:58.156   921  1220 W C02d13/HDC_LOG: [session.cpp:160] BeginRemoveTask taskType:0 channelId:4008625190
09-28 17:54:58.156   921  1220 W C02d13/HDC_LOG: [session.cpp:190] ClearOwnTasks OP_CLEAR finish, sessionId:252******606(L:10) channelIDInput:4008625190
09-28 17:54:58.156   921  1220 W C02d13/HDC_LOG: [session.cpp:115] taskClassDeleteRetry start clear task, taskType:0 cid:4008625190 sid:252******606(L:10)
09-28 17:54:58.156   921  1220 I C02d13/HDC_LOG: [async_cmd.cpp:69] DoRelease rc:-3 pid:16583
09-28 17:54:58.156   921  1220 I C02d13/HDC_LOG: [session.cpp:126] TaskDelay task remove retry count 0/30, taskType:0 channelId:4008625190, sessionId:252******606(L:10)
09-28 17:54:58.156   921  1220 I C02d13/HDC_LOG: [daemon_unity.cpp:31] ~HdcDaemonUnity cid:4008625190 sid:252******606(L:10)
09-28 17:54:58.156   921  1220 I C02d13/HDC_LOG: [task.cpp:40] ~HdcTaskBase type:0 cid:4008625190 sid:252******606(L:10)
09-28 17:54:58.156   921  1220 W C02d13/HDC_LOG: [session.cpp:134] TaskDelay task remove finish, channelId:4008625190
09-28 17:54:58.156   921  1220 I C02d13/HDC_LOG: [base.cpp:969] before uv handle close, the uv handle type is 13
09-28 17:54:58.160   921  1220 I C02d13/HDC_LOG: [daemon.cpp:1142] FetchCommand channelId:4008625190 command:2
09-28 17:54:58.254   921  1220 I C02d13/HDC_LOG: [daemon.cpp:1142] FetchCommand channelId:1352439765 command:1001
09-28 17:54:58.254   921  1220 I C02d13/HDC_LOG: [session.cpp:1652] New HTaskInfo cid:1352439765 sid:252******606(L:10) command:1001
09-28 17:54:58.254   921  1220 I C02d13/HDC_LOG: [session.cpp:891] AdminTask add task type:0 cid:1352439765 sid:252******606(L:10) mapsize:2
09-28 17:54:58.254   921  1220 I C02d13/HDC_LOG: [task.cpp:34] HdcTaskBase type:0 cid:1352439765 sid:252******606(L:10)
09-28 17:54:58.254   921  1220 I C02d13/HDC_LOG: [daemon_unity.cpp:414] Unity CommandDispatch command:1001 cid:1352439765 sid:252******606(L:10)
09-28 17:54:58.254   921  1220 W C02d13/HDC_LOG: [async_cmd.cpp:114] GetDevItem false key:persist.hdc.root
09-28 17:54:58.254   921 16585 I C02d13/HDC_LOG: [async_cmd.cpp:225] Popen pipe fds[pipeRead]:34 fds[pipeWrite]:37, mode 0
09-28 17:54:58.256   921  1220 I C02d13/HDC_LOG: [async_cmd.cpp:291] ExecuteCommand cmd:param get const.product.os.dist.apiname fd:34 pid:16586
09-28 17:54:58.257   921  1220 I C02d13/HDC_LOG: [daemon_unity.cpp:486] Unity CommandDispatch command:1001 finish cid:1352439765 sid:252******606(L:10)
09-28 17:54:58.257 16586 16586 W C02d13/HDC_LOG: [async_cmd.cpp:140] SetSelinuxLabel con:u:r:su:s0 isRoot:0
09-28 17:54:58.274   921 16587 I C02d13/HDC_LOG: [async_cmd.cpp:88] FinishShellProc finish pipeRead fd:34 pid:16586 count:1
09-28 17:54:58.274   921 16587 I C02d13/HDC_LOG: [task.cpp:55] HdcTaskBase::TaskFinish notify begin type:0 cid:1352439765 sid:252******606(L:10)
09-28 17:54:58.275   921 16587 I C02d13/HDC_LOG: [task.cpp:58] HdcTaskBase::TaskFinish notify end type:0 cid:1352439765 sid:252******606(L:10)
09-28 17:54:58.277   921  1220 I C02d13/HDC_LOG: [daemon.cpp:1142] FetchCommand channelId:1352439765 command:2
09-28 17:54:58.277   921  1220 W C02d13/HDC_LOG: [session.cpp:160] BeginRemoveTask taskType:0 channelId:1352439765
09-28 17:54:58.277   921  1220 W C02d13/HDC_LOG: [session.cpp:190] ClearOwnTasks OP_CLEAR finish, sessionId:252******606(L:10) channelIDInput:1352439765
09-28 17:54:58.277   921  1220 W C02d13/HDC_LOG: [session.cpp:115] taskClassDeleteRetry start clear task, taskType:0 cid:1352439765 sid:252******606(L:10)
09-28 17:54:58.277   921  1220 I C02d13/HDC_LOG: [async_cmd.cpp:69] DoRelease rc:-3 pid:16586
09-28 17:54:58.277   921  1220 I C02d13/HDC_LOG: [session.cpp:126] TaskDelay task remove retry count 0/30, taskType:0 channelId:1352439765, sessionId:252******606(L:10)
09-28 17:54:58.277   921  1220 I C02d13/HDC_LOG: [daemon_unity.cpp:31] ~HdcDaemonUnity cid:1352439765 sid:252******606(L:10)
09-28 17:54:58.277   921  1220 I C02d13/HDC_LOG: [task.cpp:40] ~HdcTaskBase type:0 cid:1352439765 sid:252******606(L:10)
09-28 17:54:58.277   921  1220 W C02d13/HDC_LOG: [session.cpp:134] TaskDelay task remove finish, channelId:1352439765
09-28 17:54:58.277   921  1220 I C02d13/HDC_LOG: [base.cpp:969] before uv handle close, the uv handle type is 13
09-28 17:54:58.281   921  1220 I C02d13/HDC_LOG: [daemon.cpp:1142] FetchCommand channelId:1352439765 command:2
09-28 17:54:58.285   759  1029 I C02516/cb: {-1,1,0,1}: s=3530 r=828-3530 
09-28 17:54:58.563   381   381 E C02c11/APPSPAWN: [appspawn_kickdog.c:29]open /sys/kernel/hungtask/userlist fail,errno:2
09-28 17:54:58.860   921  1220 I C02d13/HDC_LOG: [daemon.cpp:1142] FetchCommand channelId:2993380502 command:1001
09-28 17:54:58.860   921  1220 I C02d13/HDC_LOG: [session.cpp:1652] New HTaskInfo cid:2993380502 sid:252******606(L:10) command:1001
09-28 17:54:58.860   921  1220 I C02d13/HDC_LOG: [session.cpp:891] AdminTask add task type:0 cid:2993380502 sid:252******606(L:10) mapsize:2
09-28 17:54:58.860   921  1220 I C02d13/HDC_LOG: [task.cpp:34] HdcTaskBase type:0 cid:2993380502 sid:252******606(L:10)
09-28 17:54:58.860   921  1220 I C02d13/HDC_LOG: [daemon_unity.cpp:414] Unity CommandDispatch command:1001 cid:2993380502 sid:252******606(L:10)
09-28 17:54:58.860   921  1220 W C02d13/HDC_LOG: [async_cmd.cpp:114] GetDevItem false key:persist.hdc.root
09-28 17:54:58.860   921 16589 I C02d13/HDC_LOG: [async_cmd.cpp:225] Popen pipe fds[pipeRead]:34 fds[pipeWrite]:37, mode 0
09-28 17:54:58.862   921  1220 I C02d13/HDC_LOG: [async_cmd.cpp:291] ExecuteCommand cmd:param get const.product.os.dist.apiname fd:34 pid:16590
09-28 17:54:58.862   921  1220 I C02d13/HDC_LOG: [daemon_unity.cpp:486] Unity CommandDispatch command:1001 finish cid:2993380502 sid:252******606(L:10)
09-28 17:54:58.863 16590 16590 W C02d13/HDC_LOG: [async_cmd.cpp:140] SetSelinuxLabel con:u:r:su:s0 isRoot:0
09-28 17:54:58.879   921 16591 I C02d13/HDC_LOG: [async_cmd.cpp:88] FinishShellProc finish pipeRead fd:34 pid:16590 count:1
09-28 17:54:58.879   921 16591 I C02d13/HDC_LOG: [task.cpp:55] HdcTaskBase::TaskFinish notify begin type:0 cid:2993380502 sid:252******606(L:10)
09-28 17:54:58.880   921 16591 I C02d13/HDC_LOG: [task.cpp:58] HdcTaskBase::TaskFinish notify end type:0 cid:2993380502 sid:252******606(L:10)
09-28 17:54:58.883   921  1220 I C02d13/HDC_LOG: [daemon.cpp:1142] FetchCommand channelId:2993380502 command:2
09-28 17:54:58.883   921  1220 W C02d13/HDC_LOG: [session.cpp:160] BeginRemoveTask taskType:0 channelId:2993380502
09-28 17:54:58.883   921  1220 W C02d13/HDC_LOG: [session.cpp:190] ClearOwnTasks OP_CLEAR finish, sessionId:252******606(L:10) channelIDInput:2993380502
09-28 17:54:58.883   921  1220 W C02d13/HDC_LOG: [session.cpp:115] taskClassDeleteRetry start clear task, taskType:0 cid:2993380502 sid:252******606(L:10)
09-28 17:54:58.883   921  1220 I C02d13/HDC_LOG: [async_cmd.cpp:69] DoRelease rc:-3 pid:16590
09-28 17:54:58.883   921  1220 I C02d13/HDC_LOG: [session.cpp:126] TaskDelay task remove retry count 0/30, taskType:0 channelId:2993380502, sessionId:252******606(L:10)
09-28 17:54:58.883   921  1220 I C02d13/HDC_LOG: [daemon_unity.cpp:31] ~HdcDaemonUnity cid:2993380502 sid:252******606(L:10)
09-28 17:54:58.883   921  1220 I C02d13/HDC_LOG: [task.cpp:40] ~HdcTaskBase type:0 cid:2993380502 sid:252******606(L:10)
09-28 17:54:58.883   921  1220 W C02d13/HDC_LOG: [session.cpp:134] TaskDelay task remove finish, channelId:2993380502
09-28 17:54:58.883   921  1220 I C02d13/HDC_LOG: [base.cpp:969] before uv handle close, the uv handle type is 13
09-28 17:54:58.887   921  1220 I C02d13/HDC_LOG: [daemon.cpp:1142] FetchCommand channelId:2993380502 command:2
09-28 17:54:59.005   921  1220 I C02d13/HDC_LOG: [daemon.cpp:1142] FetchCommand channelId:503487934 command:1001
09-28 17:54:59.005   921  1220 I C02d13/HDC_LOG: [session.cpp:1652] New HTaskInfo cid:503487934 sid:252******606(L:10) command:1001
09-28 17:54:59.005   921  1220 I C02d13/HDC_LOG: [session.cpp:891] AdminTask add task type:0 cid:503487934 sid:252******606(L:10) mapsize:2
09-28 17:54:59.005   921  1220 I C02d13/HDC_LOG: [task.cpp:34] HdcTaskBase type:0 cid:503487934 sid:252******606(L:10)
09-28 17:54:59.005   921  1220 I C02d13/HDC_LOG: [daemon_unity.cpp:414] Unity CommandDispatch command:1001 cid:503487934 sid:252******606(L:10)
09-28 17:54:59.005   921  1220 W C02d13/HDC_LOG: [async_cmd.cpp:114] GetDevItem false key:persist.hdc.root
09-28 17:54:59.005   921 16592 I C02d13/HDC_LOG: [async_cmd.cpp:225] Popen pipe fds[pipeRead]:34 fds[pipeWrite]:37, mode 0
09-28 17:54:59.009   921  1220 I C02d13/HDC_LOG: [async_cmd.cpp:291] ExecuteCommand cmd:param get const.product.os.dist.apiname fd:34 pid:16593
09-28 17:54:59.009   921  1220 I C02d13/HDC_LOG: [daemon_unity.cpp:486] Unity CommandDispatch command:1001 finish cid:503487934 sid:252******606(L:10)
09-28 17:54:59.011 16593 16593 W C02d13/HDC_LOG: [async_cmd.cpp:140] SetSelinuxLabel con:u:r:su:s0 isRoot:0
09-28 17:54:59.050   921 16594 I C02d13/HDC_LOG: [async_cmd.cpp:88] FinishShellProc finish pipeRead fd:34 pid:16593 count:1
09-28 17:54:59.050   921 16594 I C02d13/HDC_LOG: [task.cpp:55] HdcTaskBase::TaskFinish notify begin type:0 cid:503487934 sid:252******606(L:10)
09-28 17:54:59.051   921 16594 I C02d13/HDC_LOG: [task.cpp:58] HdcTaskBase::TaskFinish notify end type:0 cid:503487934 sid:252******606(L:10)
09-28 17:54:59.054   921  1220 I C02d13/HDC_LOG: [daemon.cpp:1142] FetchCommand channelId:503487934 command:2
09-28 17:54:59.054   921  1220 W C02d13/HDC_LOG: [session.cpp:160] BeginRemoveTask taskType:0 channelId:503487934
09-28 17:54:59.054   921  1220 W C02d13/HDC_LOG: [session.cpp:190] ClearOwnTasks OP_CLEAR finish, sessionId:252******606(L:10) channelIDInput:503487934
09-28 17:54:59.054   921  1220 W C02d13/HDC_LOG: [session.cpp:115] taskClassDeleteRetry start clear task, taskType:0 cid:503487934 sid:252******606(L:10)
09-28 17:54:59.054   921  1220 I C02d13/HDC_LOG: [async_cmd.cpp:69] DoRelease rc:-3 pid:16593
09-28 17:54:59.054   921  1220 I C02d13/HDC_LOG: [session.cpp:126] TaskDelay task remove retry count 0/30, taskType:0 channelId:503487934, sessionId:252******606(L:10)
09-28 17:54:59.054   921  1220 I C02d13/HDC_LOG: [daemon_unity.cpp:31] ~HdcDaemonUnity cid:503487934 sid:252******606(L:10)
09-28 17:54:59.054   921  1220 I C02d13/HDC_LOG: [task.cpp:40] ~HdcTaskBase type:0 cid:503487934 sid:252******606(L:10)
09-28 17:54:59.054   921  1220 W C02d13/HDC_LOG: [session.cpp:134] TaskDelay task remove finish, channelId:503487934
09-28 17:54:59.054   921  1220 I C02d13/HDC_LOG: [base.cpp:969] before uv handle close, the uv handle type is 13
09-28 17:54:59.058   921  1220 I C02d13/HDC_LOG: [daemon.cpp:1142] FetchCommand channelId:503487934 command:2
09-28 17:54:59.090   921  1220 I C02d13/HDC_LOG: [daemon.cpp:1142] FetchCommand channelId:0 command:5000
09-28 17:54:59.090   921  1220 I C02d13/HDC_LOG: [daemon.cpp:1163] recv heartbeat count is 143 for session 252******606(L:10)
09-28 17:54:59.097   921  1220 I C02d13/HDC_LOG: [session.cpp:1521] send heartbeat count is 143 and messages count is 13573 for session 252******606(L:10)
09-28 17:54:59.489   921  1220 I C02d13/HDC_LOG: [daemon.cpp:1142] FetchCommand channelId:1986456718 command:1001
09-28 17:54:59.489   921  1220 I C02d13/HDC_LOG: [session.cpp:1652] New HTaskInfo cid:1986456718 sid:252******606(L:10) command:1001
09-28 17:54:59.489   921  1220 I C02d13/HDC_LOG: [session.cpp:891] AdminTask add task type:0 cid:1986456718 sid:252******606(L:10) mapsize:2
09-28 17:54:59.489   921  1220 I C02d13/HDC_LOG: [task.cpp:34] HdcTaskBase type:0 cid:1986456718 sid:252******606(L:10)
09-28 17:54:59.489   921  1220 I C02d13/HDC_LOG: [daemon_unity.cpp:414] Unity CommandDispatch command:1001 cid:1986456718 sid:252******606(L:10)
09-28 17:54:59.489   921  1220 W C02d13/HDC_LOG: [async_cmd.cpp:114] GetDevItem false key:persist.hdc.root
09-28 17:54:59.489   921 16595 I C02d13/HDC_LOG: [async_cmd.cpp:225] Popen pipe fds[pipeRead]:34 fds[pipeWrite]:37, mode 0
09-28 17:54:59.491   921  1220 I C02d13/HDC_LOG: [async_cmd.cpp:291] ExecuteCommand cmd:param get const.product.os.dist.apiname fd:34 pid:16596
09-28 17:54:59.491   921  1220 I C02d13/HDC_LOG: [daemon_unity.cpp:486] Unity CommandDispatch command:1001 finish cid:1986456718 sid:252******606(L:10)
09-28 17:54:59.491 16596 16596 W C02d13/HDC_LOG: [async_cmd.cpp:140] SetSelinuxLabel con:u:r:su:s0 isRoot:0
09-28 17:54:59.509   921 16597 I C02d13/HDC_LOG: [async_cmd.cpp:88] FinishShellProc finish pipeRead fd:34 pid:16596 count:1
09-28 17:54:59.509   921 16597 I C02d13/HDC_LOG: [task.cpp:55] HdcTaskBase::TaskFinish notify begin type:0 cid:1986456718 sid:252******606(L:10)
09-28 17:54:59.509   921 16597 I C02d13/HDC_LOG: [task.cpp:58] HdcTaskBase::TaskFinish notify end type:0 cid:1986456718 sid:252******606(L:10)
09-28 17:54:59.510   921  1220 I C02d13/HDC_LOG: [daemon.cpp:1142] FetchCommand channelId:1986456718 command:2
09-28 17:54:59.510   921  1220 W C02d13/HDC_LOG: [session.cpp:160] BeginRemoveTask taskType:0 channelId:1986456718
09-28 17:54:59.510   921  1220 W C02d13/HDC_LOG: [session.cpp:190] ClearOwnTasks OP_CLEAR finish, sessionId:252******606(L:10) channelIDInput:1986456718
09-28 17:54:59.510   921  1220 W C02d13/HDC_LOG: [session.cpp:115] taskClassDeleteRetry start clear task, taskType:0 cid:1986456718 sid:252******606(L:10)
09-28 17:54:59.510   921  1220 I C02d13/HDC_LOG: [async_cmd.cpp:69] DoRelease rc:-3 pid:16596
09-28 17:54:59.510   921  1220 I C02d13/HDC_LOG: [session.cpp:126] TaskDelay task remove retry count 0/30, taskType:0 channelId:1986456718, sessionId:252******606(L:10)
09-28 17:54:59.510   921  1220 I C02d13/HDC_LOG: [daemon_unity.cpp:31] ~HdcDaemonUnity cid:1986456718 sid:252******606(L:10)
09-28 17:54:59.510   921  1220 I C02d13/HDC_LOG: [task.cpp:40] ~HdcTaskBase type:0 cid:1986456718 sid:252******606(L:10)
09-28 17:54:59.510   921  1220 W C02d13/HDC_LOG: [session.cpp:134] TaskDelay task remove finish, channelId:1986456718
09-28 17:54:59.510   921  1220 I C02d13/HDC_LOG: [base.cpp:969] before uv handle close, the uv handle type is 13
09-28 17:54:59.515   921  1220 I C02d13/HDC_LOG: [daemon.cpp:1142] FetchCommand channelId:1986456718 command:2
09-28 17:54:59.610   613  1054 W C01f04/TelephonySubsystem: [GetSimAccountInfo-(multi_sim_controller.cpp:1079)] slotId 0 is invalid
09-28 17:54:59.610   613  1054 E C01f04/TelephonySubsystem: GetSimAccountInfo fail!
09-28 17:54:59.617 13127 13127 E C02c11/APPSPAWN: [appspawn_kickdog.c:29]open /sys/kernel/hungtask/userlist fail,errno:2
09-28 17:54:59.718   828  1981 I C02700/PrintSensorData: in PrintHdiData, -1 1 0 1  ts:736.232361, 0.000000, 0.000000, 0.000088
09-28 17:54:59.719   915  1440 I C02700/PrintSensorData: in PrintClientData, -1 1 0 1  ts:736.232361, 0.000000, 0.000000, 0.000088
09-28 17:54:59.874   921  1220 I C02d13/HDC_LOG: [daemon.cpp:1142] FetchCommand channelId:1319149332 command:1001
09-28 17:54:59.874   921  1220 I C02d13/HDC_LOG: [session.cpp:1652] New HTaskInfo cid:1319149332 sid:252******606(L:10) command:1001
09-28 17:54:59.874   921  1220 I C02d13/HDC_LOG: [session.cpp:891] AdminTask add task type:0 cid:1319149332 sid:252******606(L:10) mapsize:2
09-28 17:54:59.874   921  1220 I C02d13/HDC_LOG: [task.cpp:34] HdcTaskBase type:0 cid:1319149332 sid:252******606(L:10)
09-28 17:54:59.874   921  1220 I C02d13/HDC_LOG: [daemon_unity.cpp:414] Unity CommandDispatch command:1001 cid:1319149332 sid:252******606(L:10)
09-28 17:54:59.874   921  1220 W C02d13/HDC_LOG: [async_cmd.cpp:114] GetDevItem false key:persist.hdc.root
09-28 17:54:59.874   921 16598 I C02d13/HDC_LOG: [async_cmd.cpp:225] Popen pipe fds[pipeRead]:34 fds[pipeWrite]:37, mode 0
09-28 17:54:59.876   921  1220 I C02d13/HDC_LOG: [async_cmd.cpp:291] ExecuteCommand cmd:param get const.product.os.dist.apiname fd:34 pid:16599
09-28 17:54:59.876   921  1220 I C02d13/HDC_LOG: [daemon_unity.cpp:486] Unity CommandDispatch command:1001 finish cid:1319149332 sid:252******606(L:10)
09-28 17:54:59.878 16599 16599 W C02d13/HDC_LOG: [async_cmd.cpp:140] SetSelinuxLabel con:u:r:su:s0 isRoot:0
09-28 17:54:59.913   921 16600 I C02d13/HDC_LOG: [async_cmd.cpp:88] FinishShellProc finish pipeRead fd:34 pid:16599 count:1
09-28 17:54:59.913   921 16600 I C02d13/HDC_LOG: [task.cpp:55] HdcTaskBase::TaskFinish notify begin type:0 cid:1319149332 sid:252******606(L:10)
09-28 17:54:59.913   921 16600 I C02d13/HDC_LOG: [task.cpp:58] HdcTaskBase::TaskFinish notify end type:0 cid:1319149332 sid:252******606(L:10)
09-28 17:54:59.916   921  1220 I C02d13/HDC_LOG: [daemon.cpp:1142] FetchCommand channelId:1319149332 command:2
09-28 17:54:59.916   921  1220 W C02d13/HDC_LOG: [session.cpp:160] BeginRemoveTask taskType:0 channelId:1319149332
09-28 17:54:59.916   921  1220 W C02d13/HDC_LOG: [session.cpp:190] ClearOwnTasks OP_CLEAR finish, sessionId:252******606(L:10) channelIDInput:1319149332
09-28 17:54:59.916   921  1220 W C02d13/HDC_LOG: [session.cpp:115] taskClassDeleteRetry start clear task, taskType:0 cid:1319149332 sid:252******606(L:10)
09-28 17:54:59.916   921  1220 I C02d13/HDC_LOG: [async_cmd.cpp:69] DoRelease rc:-3 pid:16599
09-28 17:54:59.916   921  1220 I C02d13/HDC_LOG: [session.cpp:126] TaskDelay task remove retry count 0/30, taskType:0 channelId:1319149332, sessionId:252******606(L:10)
09-28 17:54:59.916   921  1220 I C02d13/HDC_LOG: [daemon_unity.cpp:31] ~HdcDaemonUnity cid:1319149332 sid:252******606(L:10)
09-28 17:54:59.916   921  1220 I C02d13/HDC_LOG: [task.cpp:40] ~HdcTaskBase type:0 cid:1319149332 sid:252******606(L:10)
09-28 17:54:59.916   921  1220 W C02d13/HDC_LOG: [session.cpp:134] TaskDelay task remove finish, channelId:1319149332
09-28 17:54:59.916   921  1220 I C02d13/HDC_LOG: [base.cpp:969] before uv handle close, the uv handle type is 13
09-28 17:54:59.920   921  1220 I C02d13/HDC_LOG: [daemon.cpp:1142] FetchCommand channelId:1319149332 command:2
09-28 17:54:59.922   921  1220 I C02d13/HDC_LOG: [daemon.cpp:1142] FetchCommand channelId:33737091 command:1001
09-28 17:54:59.922   921  1220 I C02d13/HDC_LOG: [session.cpp:1652] New HTaskInfo cid:33737091 sid:252******606(L:10) command:1001
09-28 17:54:59.922   921  1220 I C02d13/HDC_LOG: [session.cpp:891] AdminTask add task type:0 cid:33737091 sid:252******606(L:10) mapsize:2
09-28 17:54:59.922   921  1220 I C02d13/HDC_LOG: [task.cpp:34] HdcTaskBase type:0 cid:33737091 sid:252******606(L:10)
09-28 17:54:59.922   921  1220 I C02d13/HDC_LOG: [daemon_unity.cpp:414] Unity CommandDispatch command:1001 cid:33737091 sid:252******606(L:10)
09-28 17:54:59.922   921  1220 W C02d13/HDC_LOG: [async_cmd.cpp:114] GetDevItem false key:persist.hdc.root
09-28 17:54:59.923   921 16601 I C02d13/HDC_LOG: [async_cmd.cpp:225] Popen pipe fds[pipeRead]:34 fds[pipeWrite]:37, mode 0
09-28 17:54:59.924   921  1220 I C02d13/HDC_LOG: [async_cmd.cpp:291] ExecuteCommand cmd:param get const.product.os.dist.apiname fd:34 pid:16602
09-28 17:54:59.924   921  1220 I C02d13/HDC_LOG: [daemon_unity.cpp:486] Unity CommandDispatch command:1001 finish cid:33737091 sid:252******606(L:10)
09-28 17:54:59.925 16602 16602 W C02d13/HDC_LOG: [async_cmd.cpp:140] SetSelinuxLabel con:u:r:su:s0 isRoot:0
09-28 17:54:59.944   921 16603 I C02d13/HDC_LOG: [async_cmd.cpp:88] FinishShellProc finish pipeRead fd:34 pid:16602 count:1
09-28 17:54:59.944   921 16603 I C02d13/HDC_LOG: [task.cpp:55] HdcTaskBase::TaskFinish notify begin type:0 cid:33737091 sid:252******606(L:10)
09-28 17:54:59.945   921 16603 I C02d13/HDC_LOG: [task.cpp:58] HdcTaskBase::TaskFinish notify end type:0 cid:33737091 sid:252******606(L:10)
09-28 17:54:59.948   921  1220 I C02d13/HDC_LOG: [daemon.cpp:1142] FetchCommand channelId:33737091 command:2
09-28 17:54:59.948   921  1220 W C02d13/HDC_LOG: [session.cpp:160] BeginRemoveTask taskType:0 channelId:33737091
09-28 17:54:59.948   921  1220 W C02d13/HDC_LOG: [session.cpp:190] ClearOwnTasks OP_CLEAR finish, sessionId:252******606(L:10) channelIDInput:33737091
09-28 17:54:59.948   921  1220 W C02d13/HDC_LOG: [session.cpp:115] taskClassDeleteRetry start clear task, taskType:0 cid:33737091 sid:252******606(L:10)
09-28 17:54:59.948   921  1220 I C02d13/HDC_LOG: [async_cmd.cpp:69] DoRelease rc:-3 pid:16602
09-28 17:54:59.948   921  1220 I C02d13/HDC_LOG: [session.cpp:126] TaskDelay task remove retry count 0/30, taskType:0 channelId:33737091, sessionId:252******606(L:10)
09-28 17:54:59.948   921  1220 I C02d13/HDC_LOG: [daemon_unity.cpp:31] ~HdcDaemonUnity cid:33737091 sid:252******606(L:10)
09-28 17:54:59.948   921  1220 I C02d13/HDC_LOG: [task.cpp:40] ~HdcTaskBase type:0 cid:33737091 sid:252******606(L:10)
09-28 17:54:59.948   921  1220 W C02d13/HDC_LOG: [session.cpp:134] TaskDelay task remove finish, channelId:33737091
09-28 17:54:59.948   921  1220 I C02d13/HDC_LOG: [base.cpp:969] before uv handle close, the uv handle type is 13
09-28 17:54:59.952   921  1220 I C02d13/HDC_LOG: [daemon.cpp:1142] FetchCommand channelId:33737091 command:2
09-28 17:55:00.000   719   749 I C01c42/TimeService: TK
09-28 17:55:00.000   719   749 W C01c42/TimeService: id:1218456582 we:796515
09-28 17:55:00.000   719   749 W C01c42/TimeService: t3 796515
09-28 17:55:00.000   719   749 I C01c42/TimeService: tick id:1218456582 time:1790589360
09-28 17:55:00.001   915  1732 I C01202/Unordered: Pid 719 publish usual.event.TIME_TICK to -1 end(3,3,0,0)
09-28 17:55:00.002  1971  1971 I C03942/AceTextClock: [text_clock_pattern.cpp(377)-(100000:100000:scope)] newTime:05
09-28 17:55:00.002  1971  1971 I C03942/AceTextClock: [text_clock_pattern.cpp(377)-(100000:100000:scope)] newTime:55
09-28 17:55:00.003  1971  1971 I C03913/AceText: [data_detector_adapter.cpp(52)-(100000:100000:scope)] Get AI entity menu from ai_engine
09-28 17:55:00.004  1971  1971 I A01a01/NC: StatusBarSysEventUtil: onTimeChangeEvent
09-28 17:55:00.004  1971  1971 I A01a00/SYS_UI: SysUI_BaseVM_: onTimeChangeEvent, need to update time, event: usual.event.TIME_TICK
09-28 17:55:00.005  1971  1971 I A01a00/SYS_UI: SysUI_BaseVM_: onTimeChangeEvent, need to update time, event: usual.event.TIME_TICK
09-28 17:55:00.005  1971  1971 I A01a01/NC: NotificationTimeVm: Update time text for __0_1018___1: 1970/1/1
09-28 17:55:00.005  1971  1971 I A01a01/NC: NotificationTimeVm: Update time text for __0_1018___0: 1970/1/1
09-28 17:55:00.021   879  1104 E C02515/DISP: [0;32;31m[SetMetadata:102] <private> is not supported[m
09-28 17:55:00.021   879  1104 E C02515/METADATA_SRV: [0;32;31m[SetMetadata:136]  fail[m
09-28 17:55:00.021   879  1104 E C01401/Bufferqueue: <surface_buffer_impl.cpp:714-SetMetadata>: SetMetadata Failed with -5
09-28 17:55:00.022   879  1104 E C01406/skia: SurfaceNodeDrawable DrawCommSurfaceWatermark Name:la110 Id:19945828122625 water mark count is zero
09-28 17:55:00.022   879  1104 I C01406/skia: RSSurfaceRenderNodeDrawable::OnDraw name:la110, the number of total processedNodes: 2
09-28 17:55:00.022   879  1104 E C01406/skia: SurfaceNodeDrawable DrawCommSurfaceWatermark Name:WindowScene_la1143 Id:8465380541359 water mark count is zero
09-28 17:55:00.022   879  1104 E C01406/skia: SurfaceNodeDrawable DrawCommSurfaceWatermark Name:SCBGestureNavBar13 Id:8465380540563 water mark count is zero
09-28 17:55:00.023   879  1104 I C03200/VULKAN_DRIVER: vkAllocateMemory with VkImportNativeBufferInfoOHOS
09-28 17:55:00.023   879  1104 I C03200/VULKAN_DRIVER: vkAllocateMemory with VkImportNativeBufferInfoOHOS
09-28 17:55:00.024   879  1104 E C01406/skia: SurfaceNodeDrawable DrawCommSurfaceWatermark Name:SCBStatusBar15 Id:8465380540646 water mark count is zero
09-28 17:55:00.026   921  1220 I C02d13/HDC_LOG: [daemon.cpp:1142] FetchCommand channelId:1907971593 command:1001
09-28 17:55:00.026   921  1220 I C02d13/HDC_LOG: [session.cpp:1652] New HTaskInfo cid:1907971593 sid:252******606(L:10) command:1001
09-28 17:55:00.026   921  1220 I C02d13/HDC_LOG: [session.cpp:891] AdminTask add task type:0 cid:1907971593 sid:252******606(L:10) mapsize:2
09-28 17:55:00.026   921  1220 I C02d13/HDC_LOG: [task.cpp:34] HdcTaskBase type:0 cid:1907971593 sid:252******606(L:10)
09-28 17:55:00.026   921  1220 I C02d13/HDC_LOG: [daemon_unity.cpp:414] Unity CommandDispatch command:1001 cid:1907971593 sid:252******606(L:10)
09-28 17:55:00.026   921  1220 W C02d13/HDC_LOG: [async_cmd.cpp:114] GetDevItem false key:persist.hdc.root
09-28 17:55:00.027   921 16604 I C02d13/HDC_LOG: [async_cmd.cpp:225] Popen pipe fds[pipeRead]:34 fds[pipeWrite]:37, mode 0
09-28 17:55:00.029   879  1104 E C02515/DISP: [0;32;31m[GetMetadata:109] <private> is not supported[m
09-28 17:55:00.029   879  1104 E C02515/DISP: [0;32;31m[SetMetadata:102] <private> is not supported[m
09-28 17:55:00.029   879  1104 E C02515/METADATA_SRV: [0;32;31m[SetMetadata:136]  fail[m
09-28 17:55:00.029   879  1104 E C01401/Bufferqueue: <surface_buffer_impl.cpp:714-SetMetadata>: SetMetadata Failed with -5
09-28 17:55:00.030   879  1104 E C01406/skia: RSUniRenderComposerAdapter::SetBufferColorSpace set color space fail
09-28 17:55:00.031 16605 16605 W C02d13/HDC_LOG: [async_cmd.cpp:140] SetSelinuxLabel con:u:r:su:s0 isRoot:0
09-28 17:55:00.033   921  1220 I C02d13/HDC_LOG: [async_cmd.cpp:291] ExecuteCommand cmd:param get const.product.os.dist.apiname fd:34 pid:16605
09-28 17:55:00.033   921  1220 I C02d13/HDC_LOG: [daemon_unity.cpp:486] Unity CommandDispatch command:1001 finish cid:1907971593 sid:252******606(L:10)
09-28 17:55:00.039   797  4165 E C02515/DISP: [0;32;31m[SetLayerMaskInfo@display_composer_vdi_impl.cpp:404] <private> is not supported[m
09-28 17:55:00.043   796  4776 I C01400/DISP: [InitBufferhandle@sprd_allocator.cpp:227] buffer handle size 9216000, width 1200, height 1920, stride 4800, fd 10, format: 12, phy 0x0, usage 0x49, viraddr 0000000000000000
09-28 17:55:00.044   879  1233 E C02515/DISP: [0;32;31m[RegisterBuffer:95] <private> is not supported[m
09-28 17:55:00.044   879  1233 E C02515/METADATA_SRV: [0;32;31m[RegisterBuffer:123]  fail[m
09-28 17:55:00.044   879  1233 I C01400/DISP: [Mmap@allocator.cpp:282] buffer handle size 9216000, width 1200, height 1920, stride 4800, fd 76, format: <private>, phy 0x0, usage 0x49, viraddr 0x0000000000000000
09-28 17:55:00.044   879  1233 E C02515/DISP: [0;32;31m[SetMetadata:102] <private> is not supported[m
09-28 17:55:00.044   879  1233 E C02515/METADATA_SRV: [0;32;31m[SetMetadata:136]  fail[m
09-28 17:55:00.044   879  1233 E C01401/Bufferqueue: <surface_buffer_impl.cpp:714-SetMetadata>: SetMetadata Failed with -5
09-28 17:55:00.044   879  1233 I C01406/WRAP: AHardwareBuffer_createFromHandle index = <private> handle = <private>, ahb = <private>
09-28 17:55:00.044   879  1233 I C03200/VULKAN_DRIVER: vkAllocateMemory with VkImportNativeBufferInfoOHOS
09-28 17:55:00.044   879  1233 I C01406/WRAP: AHardwareBuffer_createFromHandle index = <private> handle = <private>, ahb = <private>
09-28 17:55:00.046   797  4165 E C02515/DISP: [0;32;31m[SetDisplayClientDamage@display_composer_vdi_impl.cpp:179] <private> is not supported[m
09-28 17:55:00.046   797  4165 I C02515/DISP_CACHE_MGR: SetDisplayClientBuffer, seqNo 0, fd 35, size 9216000
09-28 17:55:00.046   797  4165 E C02515/DISP: [0;32;31m[RegisterBuffer:95] <private> is not supported[m
09-28 17:55:00.046   797  4165 E C02515/METADATA_SRV: [0;32;31m[RegisterBuffer:123]  fail[m
09-28 17:55:00.046   797  4165 E C02515/DISP_CACHE_MGR: Register Buffer failed!
09-28 17:55:00.046   797  4165 E C02515/DISP_CACHE_MGR: NativeBufferInit: RegisterBuffer failed with -5!
09-28 17:55:00.052   921 16606 I C02d13/HDC_LOG: [async_cmd.cpp:88] FinishShellProc finish pipeRead fd:34 pid:16605 count:1
09-28 17:55:00.052   921 16606 I C02d13/HDC_LOG: [task.cpp:55] HdcTaskBase::TaskFinish notify begin type:0 cid:1907971593 sid:252******606(L:10)
09-28 17:55:00.052   921 16606 I C02d13/HDC_LOG: [task.cpp:58] HdcTaskBase::TaskFinish notify end type:0 cid:1907971593 sid:252******606(L:10)
09-28 17:55:00.055   921  1220 I C02d13/HDC_LOG: [daemon.cpp:1142] FetchCommand channelId:1907971593 command:2
09-28 17:55:00.055   921  1220 W C02d13/HDC_LOG: [session.cpp:160] BeginRemoveTask taskType:0 channelId:1907971593
09-28 17:55:00.055   921  1220 W C02d13/HDC_LOG: [session.cpp:190] ClearOwnTasks OP_CLEAR finish, sessionId:252******606(L:10) channelIDInput:1907971593
09-28 17:55:00.055   921  1220 W C02d13/HDC_LOG: [session.cpp:115] taskClassDeleteRetry start clear task, taskType:0 cid:1907971593 sid:252******606(L:10)
09-28 17:55:00.055   921  1220 I C02d13/HDC_LOG: [async_cmd.cpp:69] DoRelease rc:-3 pid:16605
09-28 17:55:00.055   921  1220 I C02d13/HDC_LOG: [session.cpp:126] TaskDelay task remove retry count 0/30, taskType:0 channelId:1907971593, sessionId:252******606(L:10)
09-28 17:55:00.055   921  1220 I C02d13/HDC_LOG: [daemon_unity.cpp:31] ~HdcDaemonUnity cid:1907971593 sid:252******606(L:10)
09-28 17:55:00.056   921  1220 I C02d13/HDC_LOG: [task.cpp:40] ~HdcTaskBase type:0 cid:1907971593 sid:252******606(L:10)
09-28 17:55:00.056   921  1220 W C02d13/HDC_LOG: [session.cpp:134] TaskDelay task remove finish, channelId:1907971593
09-28 17:55:00.056   921  1220 I C02d13/HDC_LOG: [base.cpp:969] before uv handle close, the uv handle type is 13
09-28 17:55:00.059   921  1220 I C02d13/HDC_LOG: [daemon.cpp:1142] FetchCommand channelId:1907971593 command:2
09-28 17:55:00.062   921  1220 I C02d13/HDC_LOG: [daemon.cpp:1142] FetchCommand channelId:3235408959 command:1001
09-28 17:55:00.062   921  1220 I C02d13/HDC_LOG: [session.cpp:1652] New HTaskInfo cid:3235408959 sid:252******606(L:10) command:1001
09-28 17:55:00.062   921  1220 I C02d13/HDC_LOG: [session.cpp:891] AdminTask add task type:0 cid:3235408959 sid:252******606(L:10) mapsize:2
09-28 17:55:00.062   921  1220 I C02d13/HDC_LOG: [task.cpp:34] HdcTaskBase type:0 cid:3235408959 sid:252******606(L:10)
09-28 17:55:00.062   921  1220 I C02d13/HDC_LOG: [daemon_unity.cpp:414] Unity CommandDispatch command:1001 cid:3235408959 sid:252******606(L:10)
09-28 17:55:00.062   921  1220 W C02d13/HDC_LOG: [async_cmd.cpp:114] GetDevItem false key:persist.hdc.root
09-28 17:55:00.063   921 16607 I C02d13/HDC_LOG: [async_cmd.cpp:225] Popen pipe fds[pipeRead]:34 fds[pipeWrite]:37, mode 0
09-28 17:55:00.067   921  1220 I C02d13/HDC_LOG: [async_cmd.cpp:291] ExecuteCommand cmd:param get const.product.os.dist.apiname fd:34 pid:16608
09-28 17:55:00.067   921  1220 I C02d13/HDC_LOG: [daemon_unity.cpp:486] Unity CommandDispatch command:1001 finish cid:3235408959 sid:252******606(L:10)
09-28 17:55:00.068 16608 16608 W C02d13/HDC_LOG: [async_cmd.cpp:140] SetSelinuxLabel con:u:r:su:s0 isRoot:0
09-28 17:55:00.096   921 16609 I C02d13/HDC_LOG: [async_cmd.cpp:88] FinishShellProc finish pipeRead fd:34 pid:16608 count:1
09-28 17:55:00.096   921 16609 I C02d13/HDC_LOG: [task.cpp:55] HdcTaskBase::TaskFinish notify begin type:0 cid:3235408959 sid:252******606(L:10)
09-28 17:55:00.096   921 16609 I C02d13/HDC_LOG: [task.cpp:58] HdcTaskBase::TaskFinish notify end type:0 cid:3235408959 sid:252******606(L:10)
09-28 17:55:00.098   921  1220 I C02d13/HDC_LOG: [daemon.cpp:1142] FetchCommand channelId:3235408959 command:2
09-28 17:55:00.098   921  1220 W C02d13/HDC_LOG: [session.cpp:160] BeginRemoveTask taskType:0 channelId:3235408959
09-28 17:55:00.098   921  1220 W C02d13/HDC_LOG: [session.cpp:190] ClearOwnTasks OP_CLEAR finish, sessionId:252******606(L:10) channelIDInput:3235408959
09-28 17:55:00.098   921  1220 W C02d13/HDC_LOG: [session.cpp:115] taskClassDeleteRetry start clear task, taskType:0 cid:3235408959 sid:252******606(L:10)
09-28 17:55:00.098   921  1220 I C02d13/HDC_LOG: [async_cmd.cpp:69] DoRelease rc:-3 pid:16608
09-28 17:55:00.098   921  1220 I C02d13/HDC_LOG: [session.cpp:126] TaskDelay task remove retry count 0/30, taskType:0 channelId:3235408959, sessionId:252******606(L:10)
09-28 17:55:00.098   921  1220 I C02d13/HDC_LOG: [daemon_unity.cpp:31] ~HdcDaemonUnity cid:3235408959 sid:252******606(L:10)
09-28 17:55:00.098   921  1220 I C02d13/HDC_LOG: [task.cpp:40] ~HdcTaskBase type:0 cid:3235408959 sid:252******606(L:10)
09-28 17:55:00.098   921  1220 W C02d13/HDC_LOG: [session.cpp:134] TaskDelay task remove finish, channelId:3235408959
09-28 17:55:00.098   921  1220 I C02d13/HDC_LOG: [base.cpp:969] before uv handle close, the uv handle type is 13
09-28 17:55:00.102   921  1220 I C02d13/HDC_LOG: [daemon.cpp:1142] FetchCommand channelId:3235408959 command:2
09-28 17:55:00.125   921  1220 I C02d13/HDC_LOG: [daemon.cpp:1142] FetchCommand channelId:1164283011 command:1001
09-28 17:55:00.125   921  1220 I C02d13/HDC_LOG: [session.cpp:1652] New HTaskInfo cid:1164283011 sid:252******606(L:10) command:1001
09-28 17:55:00.125   921  1220 I C02d13/HDC_LOG: [session.cpp:891] AdminTask add task type:0 cid:1164283011 sid:252******606(L:10) mapsize:2
09-28 17:55:00.125   921  1220 I C02d13/HDC_LOG: [task.cpp:34] HdcTaskBase type:0 cid:1164283011 sid:252******606(L:10)
09-28 17:55:00.125   921  1220 I C02d13/HDC_LOG: [daemon_unity.cpp:414] Unity CommandDispatch command:1001 cid:1164283011 sid:252******606(L:10)
09-28 17:55:00.125   921  1220 W C02d13/HDC_LOG: [async_cmd.cpp:114] GetDevItem false key:persist.hdc.root
09-28 17:55:00.125   921 16610 I C02d13/HDC_LOG: [async_cmd.cpp:225] Popen pipe fds[pipeRead]:34 fds[pipeWrite]:37, mode 0
09-28 17:55:00.129   921  1220 I C02d13/HDC_LOG: [async_cmd.cpp:291] ExecuteCommand cmd:param get const.product.os.dist.apiname fd:34 pid:16611
09-28 17:55:00.129   921  1220 I C02d13/HDC_LOG: [daemon_unity.cpp:486] Unity CommandDispatch command:1001 finish cid:1164283011 sid:252******606(L:10)
09-28 17:55:00.129 16611 16611 W C02d13/HDC_LOG: [async_cmd.cpp:140] SetSelinuxLabel con:u:r:su:s0 isRoot:0
09-28 17:55:00.149   921 16612 I C02d13/HDC_LOG: [async_cmd.cpp:88] FinishShellProc finish pipeRead fd:34 pid:16611 count:1
09-28 17:55:00.149   921 16612 I C02d13/HDC_LOG: [task.cpp:55] HdcTaskBase::TaskFinish notify begin type:0 cid:1164283011 sid:252******606(L:10)
09-28 17:55:00.149   921 16612 I C02d13/HDC_LOG: [task.cpp:58] HdcTaskBase::TaskFinish notify end type:0 cid:1164283011 sid:252******606(L:10)
09-28 17:55:00.150   921  1220 I C02d13/HDC_LOG: [daemon.cpp:1142] FetchCommand channelId:1164283011 command:2
09-28 17:55:00.150   921  1220 W C02d13/HDC_LOG: [session.cpp:160] BeginRemoveTask taskType:0 channelId:1164283011
09-28 17:55:00.150   921  1220 W C02d13/HDC_LOG: [session.cpp:190] ClearOwnTasks OP_CLEAR finish, sessionId:252******606(L:10) channelIDInput:1164283011
09-28 17:55:00.150   921  1220 W C02d13/HDC_LOG: [session.cpp:115] taskClassDeleteRetry start clear task, taskType:0 cid:1164283011 sid:252******606(L:10)
09-28 17:55:00.150   921  1220 I C02d13/HDC_LOG: [async_cmd.cpp:69] DoRelease rc:-3 pid:16611
09-28 17:55:00.150   921  1220 I C02d13/HDC_LOG: [session.cpp:126] TaskDelay task remove retry count 0/30, taskType:0 channelId:1164283011, sessionId:252******606(L:10)
09-28 17:55:00.150   921  1220 I C02d13/HDC_LOG: [daemon_unity.cpp:31] ~HdcDaemonUnity cid:1164283011 sid:252******606(L:10)
09-28 17:55:00.150   921  1220 I C02d13/HDC_LOG: [task.cpp:40] ~HdcTaskBase type:0 cid:1164283011 sid:252******606(L:10)
09-28 17:55:00.151   921  1220 W C02d13/HDC_LOG: [session.cpp:134] TaskDelay task remove finish, channelId:1164283011
09-28 17:55:00.151   921  1220 I C02d13/HDC_LOG: [base.cpp:969] before uv handle close, the uv handle type is 13
09-28 17:55:00.156   921  1220 I C02d13/HDC_LOG: [daemon.cpp:1142] FetchCommand channelId:1164283011 command:2
09-28 17:55:00.192   921  1220 I C02d13/HDC_LOG: [daemon.cpp:1142] FetchCommand channelId:2027442515 command:1001
09-28 17:55:00.192   921  1220 I C02d13/HDC_LOG: [session.cpp:1652] New HTaskInfo cid:2027442515 sid:252******606(L:10) command:1001
09-28 17:55:00.192   921  1220 I C02d13/HDC_LOG: [session.cpp:891] AdminTask add task type:0 cid:2027442515 sid:252******606(L:10) mapsize:2
09-28 17:55:00.192   921  1220 I C02d13/HDC_LOG: [task.cpp:34] HdcTaskBase type:0 cid:2027442515 sid:252******606(L:10)
09-28 17:55:00.192   921  1220 I C02d13/HDC_LOG: [daemon_unity.cpp:414] Unity CommandDispatch command:1001 cid:2027442515 sid:252******606(L:10)
09-28 17:55:00.192   921  1220 W C02d13/HDC_LOG: [async_cmd.cpp:114] GetDevItem false key:persist.hdc.root
09-28 17:55:00.192   921 16613 I C02d13/HDC_LOG: [async_cmd.cpp:225] Popen pipe fds[pipeRead]:34 fds[pipeWrite]:37, mode 0
09-28 17:55:00.196   921  1220 I C02d13/HDC_LOG: [async_cmd.cpp:291] ExecuteCommand cmd:param get const.product.os.dist.apiname fd:34 pid:16614
09-28 17:55:00.196   921  1220 I C02d13/HDC_LOG: [daemon_unity.cpp:486] Unity CommandDispatch command:1001 finish cid:2027442515 sid:252******606(L:10)
09-28 17:55:00.197 16614 16614 W C02d13/HDC_LOG: [async_cmd.cpp:140] SetSelinuxLabel con:u:r:su:s0 isRoot:0
09-28 17:55:00.233   921 16615 I C02d13/HDC_LOG: [async_cmd.cpp:88] FinishShellProc finish pipeRead fd:34 pid:16614 count:1
09-28 17:55:00.233   921 16615 I C02d13/HDC_LOG: [task.cpp:55] HdcTaskBase::TaskFinish notify begin type:0 cid:2027442515 sid:252******606(L:10)
09-28 17:55:00.234   921 16615 I C02d13/HDC_LOG: [task.cpp:58] HdcTaskBase::TaskFinish notify end type:0 cid:2027442515 sid:252******606(L:10)
09-28 17:55:00.235   921  1220 I C02d13/HDC_LOG: [daemon.cpp:1142] FetchCommand channelId:2027442515 command:2
09-28 17:55:00.235   921  1220 W C02d13/HDC_LOG: [session.cpp:160] BeginRemoveTask taskType:0 channelId:2027442515
09-28 17:55:00.235   921  1220 W C02d13/HDC_LOG: [session.cpp:190] ClearOwnTasks OP_CLEAR finish, sessionId:252******606(L:10) channelIDInput:2027442515
09-28 17:55:00.235   921  1220 W C02d13/HDC_LOG: [session.cpp:115] taskClassDeleteRetry start clear task, taskType:0 cid:2027442515 sid:252******606(L:10)
09-28 17:55:00.235   921  1220 I C02d13/HDC_LOG: [async_cmd.cpp:69] DoRelease rc:-3 pid:16614
09-28 17:55:00.235   921  1220 I C02d13/HDC_LOG: [session.cpp:126] TaskDelay task remove retry count 0/30, taskType:0 channelId:2027442515, sessionId:252******606(L:10)
09-28 17:55:00.235   921  1220 I C02d13/HDC_LOG: [daemon_unity.cpp:31] ~HdcDaemonUnity cid:2027442515 sid:252******606(L:10)
09-28 17:55:00.235   921  1220 I C02d13/HDC_LOG: [task.cpp:40] ~HdcTaskBase type:0 cid:2027442515 sid:252******606(L:10)
09-28 17:55:00.235   921  1220 W C02d13/HDC_LOG: [session.cpp:134] TaskDelay task remove finish, channelId:2027442515
09-28 17:55:00.235   921  1220 I C02d13/HDC_LOG: [base.cpp:969] before uv handle close, the uv handle type is 13
09-28 17:55:00.240   921  1220 I C02d13/HDC_LOG: [daemon.cpp:1142] FetchCommand channelId:2027442515 command:2
09-28 17:55:00.557  1971  2158 I C03f05/NAPI: taskpool:: A:2, R:0, I:2, O:0
09-28 17:55:00.740   921  1220 I C02d13/HDC_LOG: [daemon.cpp:1142] FetchCommand channelId:2866795530 command:1001
09-28 17:55:00.740   921  1220 I C02d13/HDC_LOG: [session.cpp:1652] New HTaskInfo cid:2866795530 sid:252******606(L:10) command:1001
09-28 17:55:00.740   921  1220 I C02d13/HDC_LOG: [session.cpp:891] AdminTask add task type:0 cid:2866795530 sid:252******606(L:10) mapsize:2
09-28 17:55:00.740   921  1220 I C02d13/HDC_LOG: [task.cpp:34] HdcTaskBase type:0 cid:2866795530 sid:252******606(L:10)
09-28 17:55:00.740   921  1220 I C02d13/HDC_LOG: [daemon_unity.cpp:414] Unity CommandDispatch command:1001 cid:2866795530 sid:252******606(L:10)
09-28 17:55:00.740   921  1220 W C02d13/HDC_LOG: [async_cmd.cpp:114] GetDevItem false key:persist.hdc.root
09-28 17:55:00.741   921 16616 I C02d13/HDC_LOG: [async_cmd.cpp:225] Popen pipe fds[pipeRead]:34 fds[pipeWrite]:37, mode 0
09-28 17:55:00.744   921  1220 I C02d13/HDC_LOG: [async_cmd.cpp:291] ExecuteCommand cmd:param get const.product.os.dist.apiname fd:34 pid:16617
09-28 17:55:00.745   921  1220 I C02d13/HDC_LOG: [daemon_unity.cpp:486] Unity CommandDispatch command:1001 finish cid:2866795530 sid:252******606(L:10)
09-28 17:55:00.746 16617 16617 W C02d13/HDC_LOG: [async_cmd.cpp:140] SetSelinuxLabel con:u:r:su:s0 isRoot:0
09-28 17:55:00.777   921 16618 I C02d13/HDC_LOG: [async_cmd.cpp:88] FinishShellProc finish pipeRead fd:34 pid:16617 count:1
09-28 17:55:00.777   921 16618 I C02d13/HDC_LOG: [task.cpp:55] HdcTaskBase::TaskFinish notify begin type:0 cid:2866795530 sid:252******606(L:10)
09-28 17:55:00.777   921 16618 I C02d13/HDC_LOG: [task.cpp:58] HdcTaskBase::TaskFinish notify end type:0 cid:2866795530 sid:252******606(L:10)
09-28 17:55:00.779   921  1220 I C02d13/HDC_LOG: [daemon.cpp:1142] FetchCommand channelId:2866795530 command:2
09-28 17:55:00.779   921  1220 W C02d13/HDC_LOG: [session.cpp:160] BeginRemoveTask taskType:0 channelId:2866795530
09-28 17:55:00.779   921  1220 W C02d13/HDC_LOG: [session.cpp:190] ClearOwnTasks OP_CLEAR finish, sessionId:252******606(L:10) channelIDInput:2866795530
09-28 17:55:00.779   921  1220 W C02d13/HDC_LOG: [session.cpp:115] taskClassDeleteRetry start clear task, taskType:0 cid:2866795530 sid:252******606(L:10)
09-28 17:55:00.779   921  1220 I C02d13/HDC_LOG: [async_cmd.cpp:69] DoRelease rc:-3 pid:16617
09-28 17:55:00.779   921  1220 I C02d13/HDC_LOG: [session.cpp:126] TaskDelay task remove retry count 0/30, taskType:0 channelId:2866795530, sessionId:252******606(L:10)
09-28 17:55:00.779   921  1220 I C02d13/HDC_LOG: [daemon_unity.cpp:31] ~HdcDaemonUnity cid:2866795530 sid:252******606(L:10)
09-28 17:55:00.779   921  1220 I C02d13/HDC_LOG: [task.cpp:40] ~HdcTaskBase type:0 cid:2866795530 sid:252******606(L:10)
09-28 17:55:00.779   921  1220 W C02d13/HDC_LOG: [session.cpp:134] TaskDelay task remove finish, channelId:2866795530
09-28 17:55:00.779   921  1220 I C02d13/HDC_LOG: [base.cpp:969] before uv handle close, the uv handle type is 13
09-28 17:55:00.784   921  1220 I C02d13/HDC_LOG: [daemon.cpp:1142] FetchCommand channelId:2866795530 command:2
09-28 17:55:00.892   774  1107 E C02943/ThermalHdi: create output dir failed
09-28 17:55:00.892   774  1107 E C02943/ThermalHdi: open uncompressfile failed
09-28 17:55:01.004   921  1220 I C02d13/HDC_LOG: [daemon.cpp:1142] FetchCommand channelId:3151780942 command:1001
09-28 17:55:01.004   921  1220 I C02d13/HDC_LOG: [session.cpp:1652] New HTaskInfo cid:3151780942 sid:252******606(L:10) command:1001
09-28 17:55:01.004   921  1220 I C02d13/HDC_LOG: [session.cpp:891] AdminTask add task type:0 cid:3151780942 sid:252******606(L:10) mapsize:2
09-28 17:55:01.004   921  1220 I C02d13/HDC_LOG: [task.cpp:34] HdcTaskBase type:0 cid:3151780942 sid:252******606(L:10)
09-28 17:55:01.004   921  1220 I C02d13/HDC_LOG: [daemon_unity.cpp:414] Unity CommandDispatch command:1001 cid:3151780942 sid:252******606(L:10)
09-28 17:55:01.004   921  1220 W C02d13/HDC_LOG: [async_cmd.cpp:114] GetDevItem false key:persist.hdc.root
09-28 17:55:01.005   921 16619 I C02d13/HDC_LOG: [async_cmd.cpp:225] Popen pipe fds[pipeRead]:34 fds[pipeWrite]:37, mode 0
09-28 17:55:01.009   921  1220 I C02d13/HDC_LOG: [async_cmd.cpp:291] ExecuteCommand cmd:param get const.product.os.dist.apiname fd:34 pid:16620
09-28 17:55:01.009   921  1220 I C02d13/HDC_LOG: [daemon_unity.cpp:486] Unity CommandDispatch command:1001 finish cid:3151780942 sid:252******606(L:10)
09-28 17:55:01.010 16620 16620 W C02d13/HDC_LOG: [async_cmd.cpp:140] SetSelinuxLabel con:u:r:su:s0 isRoot:0
09-28 17:55:01.049   921 16621 I C02d13/HDC_LOG: [async_cmd.cpp:88] FinishShellProc finish pipeRead fd:34 pid:16620 count:1
09-28 17:55:01.049   921 16621 I C02d13/HDC_LOG: [task.cpp:55] HdcTaskBase::TaskFinish notify begin type:0 cid:3151780942 sid:252******606(L:10)
09-28 17:55:01.050   921 16621 I C02d13/HDC_LOG: [task.cpp:58] HdcTaskBase::TaskFinish notify end type:0 cid:3151780942 sid:252******606(L:10)
09-28 17:55:01.051   921  1220 I C02d13/HDC_LOG: [daemon.cpp:1142] FetchCommand channelId:3151780942 command:2
09-28 17:55:01.051   921  1220 W C02d13/HDC_LOG: [session.cpp:160] BeginRemoveTask taskType:0 channelId:3151780942
09-28 17:55:01.051   921  1220 W C02d13/HDC_LOG: [session.cpp:190] ClearOwnTasks OP_CLEAR finish, sessionId:252******606(L:10) channelIDInput:3151780942
09-28 17:55:01.051   921  1220 W C02d13/HDC_LOG: [session.cpp:115] taskClassDeleteRetry start clear task, taskType:0 cid:3151780942 sid:252******606(L:10)
09-28 17:55:01.051   921  1220 I C02d13/HDC_LOG: [async_cmd.cpp:69] DoRelease rc:-3 pid:16620
09-28 17:55:01.051   921  1220 I C02d13/HDC_LOG: [session.cpp:126] TaskDelay task remove retry count 0/30, taskType:0 channelId:3151780942, sessionId:252******606(L:10)
09-28 17:55:01.051   921  1220 I C02d13/HDC_LOG: [daemon_unity.cpp:31] ~HdcDaemonUnity cid:3151780942 sid:252******606(L:10)
09-28 17:55:01.051   921  1220 I C02d13/HDC_LOG: [task.cpp:40] ~HdcTaskBase type:0 cid:3151780942 sid:252******606(L:10)
09-28 17:55:01.051   921  1220 W C02d13/HDC_LOG: [session.cpp:134] TaskDelay task remove finish, channelId:3151780942
09-28 17:55:01.051   921  1220 I C02d13/HDC_LOG: [base.cpp:969] before uv handle close, the uv handle type is 13
09-28 17:55:01.057   921  1220 I C02d13/HDC_LOG: [daemon.cpp:1142] FetchCommand channelId:3151780942 command:2
09-28 17:55:01.389   921  1220 I C02d13/HDC_LOG: [daemon.cpp:1142] FetchCommand channelId:2914860439 command:1001
09-28 17:55:01.389   921  1220 I C02d13/HDC_LOG: [session.cpp:1652] New HTaskInfo cid:2914860439 sid:252******606(L:10) command:1001
09-28 17:55:01.389   921  1220 I C02d13/HDC_LOG: [session.cpp:891] AdminTask add task type:0 cid:2914860439 sid:252******606(L:10) mapsize:2
09-28 17:55:01.389   921  1220 I C02d13/HDC_LOG: [task.cpp:34] HdcTaskBase type:0 cid:2914860439 sid:252******606(L:10)
09-28 17:55:01.389   921  1220 I C02d13/HDC_LOG: [daemon_unity.cpp:414] Unity CommandDispatch command:1001 cid:2914860439 sid:252******606(L:10)
09-28 17:55:01.389   921  1220 W C02d13/HDC_LOG: [async_cmd.cpp:114] GetDevItem false key:persist.hdc.root
09-28 17:55:01.390   921 16622 I C02d13/HDC_LOG: [async_cmd.cpp:225] Popen pipe fds[pipeRead]:34 fds[pipeWrite]:37, mode 0
09-28 17:55:01.393   921  1220 I C02d13/HDC_LOG: [async_cmd.cpp:291] ExecuteCommand cmd:param get const.product.os.dist.apiname fd:34 pid:16623
09-28 17:55:01.394   921  1220 I C02d13/HDC_LOG: [daemon_unity.cpp:486] Unity CommandDispatch command:1001 finish cid:2914860439 sid:252******606(L:10)
09-28 17:55:01.395 16623 16623 W C02d13/HDC_LOG: [async_cmd.cpp:140] SetSelinuxLabel con:u:r:su:s0 isRoot:0
09-28 17:55:01.432   921 16624 I C02d13/HDC_LOG: [async_cmd.cpp:88] FinishShellProc finish pipeRead fd:34 pid:16623 count:1
09-28 17:55:01.432   921 16624 I C02d13/HDC_LOG: [task.cpp:55] HdcTaskBase::TaskFinish notify begin type:0 cid:2914860439 sid:252******606(L:10)
09-28 17:55:01.432   921 16624 I C02d13/HDC_LOG: [task.cpp:58] HdcTaskBase::TaskFinish notify end type:0 cid:2914860439 sid:252******606(L:10)
09-28 17:55:01.434   921  1220 I C02d13/HDC_LOG: [daemon.cpp:1142] FetchCommand channelId:2914860439 command:2
09-28 17:55:01.434   921  1220 W C02d13/HDC_LOG: [session.cpp:160] BeginRemoveTask taskType:0 channelId:2914860439
09-28 17:55:01.434   921  1220 W C02d13/HDC_LOG: [session.cpp:190] ClearOwnTasks OP_CLEAR finish, sessionId:252******606(L:10) channelIDInput:2914860439
09-28 17:55:01.434   921  1220 W C02d13/HDC_LOG: [session.cpp:115] taskClassDeleteRetry start clear task, taskType:0 cid:2914860439 sid:252******606(L:10)
09-28 17:55:01.434   921  1220 I C02d13/HDC_LOG: [async_cmd.cpp:69] DoRelease rc:-3 pid:16623
09-28 17:55:01.434   921  1220 I C02d13/HDC_LOG: [session.cpp:126] TaskDelay task remove retry count 0/30, taskType:0 channelId:2914860439, sessionId:252******606(L:10)
09-28 17:55:01.434   921  1220 I C02d13/HDC_LOG: [daemon_unity.cpp:31] ~HdcDaemonUnity cid:2914860439 sid:252******606(L:10)
09-28 17:55:01.434   921  1220 I C02d13/HDC_LOG: [task.cpp:40] ~HdcTaskBase type:0 cid:2914860439 sid:252******606(L:10)
09-28 17:55:01.434   921  1220 W C02d13/HDC_LOG: [session.cpp:134] TaskDelay task remove finish, channelId:2914860439
09-28 17:55:01.434   921  1220 I C02d13/HDC_LOG: [base.cpp:969] before uv handle close, the uv handle type is 13
09-28 17:55:01.440   921  1220 I C02d13/HDC_LOG: [daemon.cpp:1142] FetchCommand channelId:2914860439 command:2
09-28 17:55:01.887   921  1220 I C02d13/HDC_LOG: [daemon.cpp:1142] FetchCommand channelId:2038278880 command:1001
09-28 17:55:01.887   921  1220 I C02d13/HDC_LOG: [session.cpp:1652] New HTaskInfo cid:2038278880 sid:252******606(L:10) command:1001
09-28 17:55:01.887   921  1220 I C02d13/HDC_LOG: [session.cpp:891] AdminTask add task type:0 cid:2038278880 sid:252******606(L:10) mapsize:2
09-28 17:55:01.887   921  1220 I C02d13/HDC_LOG: [task.cpp:34] HdcTaskBase type:0 cid:2038278880 sid:252******606(L:10)
09-28 17:55:01.887   921  1220 I C02d13/HDC_LOG: [daemon_unity.cpp:414] Unity CommandDispatch command:1001 cid:2038278880 sid:252******606(L:10)
09-28 17:55:01.887   921  1220 W C02d13/HDC_LOG: [async_cmd.cpp:114] GetDevItem false key:persist.hdc.root
09-28 17:55:01.887   921 16625 I C02d13/HDC_LOG: [async_cmd.cpp:225] Popen pipe fds[pipeRead]:34 fds[pipeWrite]:37, mode 0
09-28 17:55:01.891   921  1220 I C02d13/HDC_LOG: [async_cmd.cpp:291] ExecuteCommand cmd:param get const.product.os.dist.apiname fd:34 pid:16626
09-28 17:55:01.891   921  1220 I C02d13/HDC_LOG: [daemon_unity.cpp:486] Unity CommandDispatch command:1001 finish cid:2038278880 sid:252******606(L:10)
09-28 17:55:01.892 16626 16626 W C02d13/HDC_LOG: [async_cmd.cpp:140] SetSelinuxLabel con:u:r:su:s0 isRoot:0
09-28 17:55:01.931   921 16627 I C02d13/HDC_LOG: [async_cmd.cpp:88] FinishShellProc finish pipeRead fd:34 pid:16626 count:1
09-28 17:55:01.931   921 16627 I C02d13/HDC_LOG: [task.cpp:55] HdcTaskBase::TaskFinish notify begin type:0 cid:2038278880 sid:252******606(L:10)
09-28 17:55:01.932   921 16627 I C02d13/HDC_LOG: [task.cpp:58] HdcTaskBase::TaskFinish notify end type:0 cid:2038278880 sid:252******606(L:10)
09-28 17:55:01.935   921  1220 I C02d13/HDC_LOG: [daemon.cpp:1142] FetchCommand channelId:2038278880 command:2
09-28 17:55:01.935   921  1220 W C02d13/HDC_LOG: [session.cpp:160] BeginRemoveTask taskType:0 channelId:2038278880
09-28 17:55:01.935   921  1220 W C02d13/HDC_LOG: [session.cpp:190] ClearOwnTasks OP_CLEAR finish, sessionId:252******606(L:10) channelIDInput:2038278880
09-28 17:55:01.935   921  1220 W C02d13/HDC_LOG: [session.cpp:115] taskClassDeleteRetry start clear task, taskType:0 cid:2038278880 sid:252******606(L:10)
09-28 17:55:01.935   921  1220 I C02d13/HDC_LOG: [async_cmd.cpp:69] DoRelease rc:-3 pid:16626
09-28 17:55:01.935   921  1220 I C02d13/HDC_LOG: [session.cpp:126] TaskDelay task remove retry count 0/30, taskType:0 channelId:2038278880, sessionId:252******606(L:10)
09-28 17:55:01.935   921  1220 I C02d13/HDC_LOG: [daemon_unity.cpp:31] ~HdcDaemonUnity cid:2038278880 sid:252******606(L:10)
09-28 17:55:01.935   921  1220 I C02d13/HDC_LOG: [task.cpp:40] ~HdcTaskBase type:0 cid:2038278880 sid:252******606(L:10)
09-28 17:55:01.935   921  1220 W C02d13/HDC_LOG: [session.cpp:134] TaskDelay task remove finish, channelId:2038278880
09-28 17:55:01.935   921  1220 I C02d13/HDC_LOG: [base.cpp:969] before uv handle close, the uv handle type is 13
09-28 17:55:01.939   921  1220 I C02d13/HDC_LOG: [daemon.cpp:1142] FetchCommand channelId:2038278880 command:2
09-28 17:55:01.941   921  1220 I C02d13/HDC_LOG: [daemon.cpp:1142] FetchCommand channelId:1742063570 command:1001
09-28 17:55:01.941   921  1220 I C02d13/HDC_LOG: [session.cpp:1652] New HTaskInfo cid:1742063570 sid:252******606(L:10) command:1001
09-28 17:55:01.941   921  1220 I C02d13/HDC_LOG: [session.cpp:891] AdminTask add task type:0 cid:1742063570 sid:252******606(L:10) mapsize:2
09-28 17:55:01.941   921  1220 I C02d13/HDC_LOG: [task.cpp:34] HdcTaskBase type:0 cid:1742063570 sid:252******606(L:10)
09-28 17:55:01.941   921  1220 I C02d13/HDC_LOG: [daemon_unity.cpp:414] Unity CommandDispatch command:1001 cid:1742063570 sid:252******606(L:10)
09-28 17:55:01.941   921  1220 W C02d13/HDC_LOG: [async_cmd.cpp:114] GetDevItem false key:persist.hdc.root
09-28 17:55:01.942   921 16628 I C02d13/HDC_LOG: [async_cmd.cpp:225] Popen pipe fds[pipeRead]:34 fds[pipeWrite]:37, mode 0
09-28 17:55:01.945   921  1220 I C02d13/HDC_LOG: [async_cmd.cpp:291] ExecuteCommand cmd:param get const.product.os.dist.apiname fd:34 pid:16629
09-28 17:55:01.945   921  1220 I C02d13/HDC_LOG: [daemon_unity.cpp:486] Unity CommandDispatch command:1001 finish cid:1742063570 sid:252******606(L:10)
09-28 17:55:01.947 16629 16629 W C02d13/HDC_LOG: [async_cmd.cpp:140] SetSelinuxLabel con:u:r:su:s0 isRoot:0
09-28 17:55:01.976   921 16630 I C02d13/HDC_LOG: [async_cmd.cpp:88] FinishShellProc finish pipeRead fd:34 pid:16629 count:1
09-28 17:55:01.976   921 16630 I C02d13/HDC_LOG: [task.cpp:55] HdcTaskBase::TaskFinish notify begin type:0 cid:1742063570 sid:252******606(L:10)
09-28 17:55:01.977   921 16630 I C02d13/HDC_LOG: [task.cpp:58] HdcTaskBase::TaskFinish notify end type:0 cid:1742063570 sid:252******606(L:10)
09-28 17:55:01.979   921  1220 I C02d13/HDC_LOG: [daemon.cpp:1142] FetchCommand channelId:1742063570 command:2
09-28 17:55:01.979   921  1220 W C02d13/HDC_LOG: [session.cpp:160] BeginRemoveTask taskType:0 channelId:1742063570
09-28 17:55:01.979   921  1220 W C02d13/HDC_LOG: [session.cpp:190] ClearOwnTasks OP_CLEAR finish, sessionId:252******606(L:10) channelIDInput:1742063570
09-28 17:55:01.979   921  1220 W C02d13/HDC_LOG: [session.cpp:115] taskClassDeleteRetry start clear task, taskType:0 cid:1742063570 sid:252******606(L:10)
09-28 17:55:01.979   921  1220 I C02d13/HDC_LOG: [async_cmd.cpp:69] DoRelease rc:-3 pid:16629
09-28 17:55:01.980   921  1220 I C02d13/HDC_LOG: [session.cpp:126] TaskDelay task remove retry count 0/30, taskType:0 channelId:1742063570, sessionId:252******606(L:10)
09-28 17:55:01.980   921  1220 I C02d13/HDC_LOG: [daemon_unity.cpp:31] ~HdcDaemonUnity cid:1742063570 sid:252******606(L:10)
09-28 17:55:01.980   921  1220 I C02d13/HDC_LOG: [task.cpp:40] ~HdcTaskBase type:0 cid:1742063570 sid:252******606(L:10)
09-28 17:55:01.980   921  1220 W C02d13/HDC_LOG: [session.cpp:134] TaskDelay task remove finish, channelId:1742063570
09-28 17:55:01.980   921  1220 I C02d13/HDC_LOG: [base.cpp:969] before uv handle close, the uv handle type is 13
09-28 17:55:01.984   921  1220 I C02d13/HDC_LOG: [daemon.cpp:1142] FetchCommand channelId:1742063570 command:2
09-28 17:55:01.989   921  1220 I C02d13/HDC_LOG: [daemon.cpp:1142] FetchCommand channelId:1228317293 command:1001
09-28 17:55:01.989   921  1220 I C02d13/HDC_LOG: [session.cpp:1652] New HTaskInfo cid:1228317293 sid:252******606(L:10) command:1001
09-28 17:55:01.990   921  1220 I C02d13/HDC_LOG: [session.cpp:891] AdminTask add task type:0 cid:1228317293 sid:252******606(L:10) mapsize:2
09-28 17:55:01.990   921  1220 I C02d13/HDC_LOG: [task.cpp:34] HdcTaskBase type:0 cid:1228317293 sid:252******606(L:10)
09-28 17:55:01.990   921  1220 I C02d13/HDC_LOG: [daemon_unity.cpp:414] Unity CommandDispatch command:1001 cid:1228317293 sid:252******606(L:10)
09-28 17:55:01.990   921  1220 W C02d13/HDC_LOG: [async_cmd.cpp:114] GetDevItem false key:persist.hdc.root
09-28 17:55:01.990   921 16631 I C02d13/HDC_LOG: [async_cmd.cpp:225] Popen pipe fds[pipeRead]:34 fds[pipeWrite]:37, mode 0
09-28 17:55:01.993   921  1220 I C02d13/HDC_LOG: [async_cmd.cpp:291] ExecuteCommand cmd:param get const.product.os.dist.apiname fd:34 pid:16632
09-28 17:55:01.994   921  1220 I C02d13/HDC_LOG: [daemon_unity.cpp:486] Unity CommandDispatch command:1001 finish cid:1228317293 sid:252******606(L:10)
09-28 17:55:01.995 16632 16632 W C02d13/HDC_LOG: [async_cmd.cpp:140] SetSelinuxLabel con:u:r:su:s0 isRoot:0
09-28 17:55:02.031   921 16633 I C02d13/HDC_LOG: [async_cmd.cpp:88] FinishShellProc finish pipeRead fd:34 pid:16632 count:1
09-28 17:55:02.031   921 16633 I C02d13/HDC_LOG: [task.cpp:55] HdcTaskBase::TaskFinish notify begin type:0 cid:1228317293 sid:252******606(L:10)
09-28 17:55:02.031   921 16633 I C02d13/HDC_LOG: [task.cpp:58] HdcTaskBase::TaskFinish notify end type:0 cid:1228317293 sid:252******606(L:10)
09-28 17:55:02.034   921  1220 I C02d13/HDC_LOG: [daemon.cpp:1142] FetchCommand channelId:1228317293 command:2
09-28 17:55:02.034   921  1220 W C02d13/HDC_LOG: [session.cpp:160] BeginRemoveTask taskType:0 channelId:1228317293
09-28 17:55:02.034   921  1220 W C02d13/HDC_LOG: [session.cpp:190] ClearOwnTasks OP_CLEAR finish, sessionId:252******606(L:10) channelIDInput:1228317293
09-28 17:55:02.034   921  1220 W C02d13/HDC_LOG: [session.cpp:115] taskClassDeleteRetry start clear task, taskType:0 cid:1228317293 sid:252******606(L:10)
09-28 17:55:02.034   921  1220 I C02d13/HDC_LOG: [async_cmd.cpp:69] DoRelease rc:-3 pid:16632
09-28 17:55:02.034   921  1220 I C02d13/HDC_LOG: [session.cpp:126] TaskDelay task remove retry count 0/30, taskType:0 channelId:1228317293, sessionId:252******606(L:10)
09-28 17:55:02.034   921  1220 I C02d13/HDC_LOG: [daemon_unity.cpp:31] ~HdcDaemonUnity cid:1228317293 sid:252******606(L:10)
09-28 17:55:02.034   921  1220 I C02d13/HDC_LOG: [task.cpp:40] ~HdcTaskBase type:0 cid:1228317293 sid:252******606(L:10)
09-28 17:55:02.034   921  1220 W C02d13/HDC_LOG: [session.cpp:134] TaskDelay task remove finish, channelId:1228317293
09-28 17:55:02.034   921  1220 I C02d13/HDC_LOG: [base.cpp:969] before uv handle close, the uv handle type is 13
09-28 17:55:02.038   921  1220 I C02d13/HDC_LOG: [daemon.cpp:1142] FetchCommand channelId:1228317293 command:2
09-28 17:55:02.055   921  1220 I C02d13/HDC_LOG: [daemon.cpp:1142] FetchCommand channelId:3953054520 command:1001
09-28 17:55:02.055   921  1220 I C02d13/HDC_LOG: [session.cpp:1652] New HTaskInfo cid:3953054520 sid:252******606(L:10) command:1001
09-28 17:55:02.055   921  1220 I C02d13/HDC_LOG: [session.cpp:891] AdminTask add task type:0 cid:3953054520 sid:252******606(L:10) mapsize:2
09-28 17:55:02.055   921  1220 I C02d13/HDC_LOG: [task.cpp:34] HdcTaskBase type:0 cid:3953054520 sid:252******606(L:10)
09-28 17:55:02.055   921  1220 I C02d13/HDC_LOG: [daemon_unity.cpp:414] Unity CommandDispatch command:1001 cid:3953054520 sid:252******606(L:10)
09-28 17:55:02.055   921  1220 W C02d13/HDC_LOG: [async_cmd.cpp:114] GetDevItem false key:persist.hdc.root
09-28 17:55:02.056   921 16634 I C02d13/HDC_LOG: [async_cmd.cpp:225] Popen pipe fds[pipeRead]:34 fds[pipeWrite]:37, mode 0
09-28 17:55:02.059   921  1220 I C02d13/HDC_LOG: [async_cmd.cpp:291] ExecuteCommand cmd:param get const.product.os.dist.apiname fd:34 pid:16635
09-28 17:55:02.059   921  1220 I C02d13/HDC_LOG: [daemon_unity.cpp:486] Unity CommandDispatch command:1001 finish cid:3953054520 sid:252******606(L:10)
09-28 17:55:02.060 16635 16635 W C02d13/HDC_LOG: [async_cmd.cpp:140] SetSelinuxLabel con:u:r:su:s0 isRoot:0
09-28 17:55:02.094   921 16636 I C02d13/HDC_LOG: [async_cmd.cpp:88] FinishShellProc finish pipeRead fd:34 pid:16635 count:1
09-28 17:55:02.094   921 16636 I C02d13/HDC_LOG: [task.cpp:55] HdcTaskBase::TaskFinish notify begin type:0 cid:3953054520 sid:252******606(L:10)
09-28 17:55:02.096   921 16636 I C02d13/HDC_LOG: [task.cpp:58] HdcTaskBase::TaskFinish notify end type:0 cid:3953054520 sid:252******606(L:10)
09-28 17:55:02.099   921  1220 I C02d13/HDC_LOG: [daemon.cpp:1142] FetchCommand channelId:3953054520 command:2
09-28 17:55:02.099   921  1220 W C02d13/HDC_LOG: [session.cpp:160] BeginRemoveTask taskType:0 channelId:3953054520
09-28 17:55:02.099   921  1220 W C02d13/HDC_LOG: [session.cpp:190] ClearOwnTasks OP_CLEAR finish, sessionId:252******606(L:10) channelIDInput:3953054520
09-28 17:55:02.099   921  1220 W C02d13/HDC_LOG: [session.cpp:115] taskClassDeleteRetry start clear task, taskType:0 cid:3953054520 sid:252******606(L:10)
09-28 17:55:02.099   921  1220 I C02d13/HDC_LOG: [async_cmd.cpp:69] DoRelease rc:-3 pid:16635
09-28 17:55:02.099   921  1220 I C02d13/HDC_LOG: [session.cpp:126] TaskDelay task remove retry count 0/30, taskType:0 channelId:3953054520, sessionId:252******606(L:10)
09-28 17:55:02.099   921  1220 I C02d13/HDC_LOG: [daemon_unity.cpp:31] ~HdcDaemonUnity cid:3953054520 sid:252******606(L:10)
09-28 17:55:02.099   921  1220 I C02d13/HDC_LOG: [task.cpp:40] ~HdcTaskBase type:0 cid:3953054520 sid:252******606(L:10)
09-28 17:55:02.099   921  1220 W C02d13/HDC_LOG: [session.cpp:134] TaskDelay task remove finish, channelId:3953054520
09-28 17:55:02.099   921  1220 I C02d13/HDC_LOG: [base.cpp:969] before uv handle close, the uv handle type is 13
09-28 17:55:02.103   921  1220 I C02d13/HDC_LOG: [daemon.cpp:1142] FetchCommand channelId:3953054520 command:2
09-28 17:55:02.103   921  1220 I C02d13/HDC_LOG: [daemon.cpp:1142] FetchCommand channelId:158197501 command:1001
09-28 17:55:02.104   921  1220 I C02d13/HDC_LOG: [session.cpp:1652] New HTaskInfo cid:158197501 sid:252******606(L:10) command:1001
09-28 17:55:02.104   921  1220 I C02d13/HDC_LOG: [session.cpp:891] AdminTask add task type:0 cid:158197501 sid:252******606(L:10) mapsize:2
09-28 17:55:02.104   921  1220 I C02d13/HDC_LOG: [task.cpp:34] HdcTaskBase type:0 cid:158197501 sid:252******606(L:10)
09-28 17:55:02.104   921  1220 I C02d13/HDC_LOG: [daemon_unity.cpp:414] Unity CommandDispatch command:1001 cid:158197501 sid:252******606(L:10)
09-28 17:55:02.104   921  1220 W C02d13/HDC_LOG: [async_cmd.cpp:114] GetDevItem false key:persist.hdc.root
09-28 17:55:02.104   921 16637 I C02d13/HDC_LOG: [async_cmd.cpp:225] Popen pipe fds[pipeRead]:34 fds[pipeWrite]:37, mode 0
09-28 17:55:02.107   921  1220 I C02d13/HDC_LOG: [async_cmd.cpp:291] ExecuteCommand cmd:param get const.product.os.dist.apiname fd:34 pid:16638
09-28 17:55:02.108   921  1220 I C02d13/HDC_LOG: [daemon_unity.cpp:486] Unity CommandDispatch command:1001 finish cid:158197501 sid:252******606(L:10)
09-28 17:55:02.109 16638 16638 W C02d13/HDC_LOG: [async_cmd.cpp:140] SetSelinuxLabel con:u:r:su:s0 isRoot:0
09-28 17:55:02.136   921 16639 I C02d13/HDC_LOG: [async_cmd.cpp:88] FinishShellProc finish pipeRead fd:34 pid:16638 count:1
09-28 17:55:02.136   921 16639 I C02d13/HDC_LOG: [task.cpp:55] HdcTaskBase::TaskFinish notify begin type:0 cid:158197501 sid:252******606(L:10)
09-28 17:55:02.136   921 16639 I C02d13/HDC_LOG: [task.cpp:58] HdcTaskBase::TaskFinish notify end type:0 cid:158197501 sid:252******606(L:10)
09-28 17:55:02.138   921  1220 I C02d13/HDC_LOG: [daemon.cpp:1142] FetchCommand channelId:158197501 command:2
09-28 17:55:02.138   921  1220 W C02d13/HDC_LOG: [session.cpp:160] BeginRemoveTask taskType:0 channelId:158197501
09-28 17:55:02.138   921  1220 W C02d13/HDC_LOG: [session.cpp:190] ClearOwnTasks OP_CLEAR finish, sessionId:252******606(L:10) channelIDInput:158197501
09-28 17:55:02.138   921  1220 W C02d13/HDC_LOG: [session.cpp:115] taskClassDeleteRetry start clear task, taskType:0 cid:158197501 sid:252******606(L:10)
09-28 17:55:02.138   921  1220 I C02d13/HDC_LOG: [async_cmd.cpp:69] DoRelease rc:-3 pid:16638
09-28 17:55:02.138   921  1220 I C02d13/HDC_LOG: [session.cpp:126] TaskDelay task remove retry count 0/30, taskType:0 channelId:158197501, sessionId:252******606(L:10)
09-28 17:55:02.138   921  1220 I C02d13/HDC_LOG: [daemon_unity.cpp:31] ~HdcDaemonUnity cid:158197501 sid:252******606(L:10)
09-28 17:55:02.138   921  1220 I C02d13/HDC_LOG: [task.cpp:40] ~HdcTaskBase type:0 cid:158197501 sid:252******606(L:10)
09-28 17:55:02.138   921  1220 W C02d13/HDC_LOG: [session.cpp:134] TaskDelay task remove finish, channelId:158197501
09-28 17:55:02.138   921  1220 I C02d13/HDC_LOG: [base.cpp:969] before uv handle close, the uv handle type is 13
09-28 17:55:02.143   921  1220 I C02d13/HDC_LOG: [daemon.cpp:1142] FetchCommand channelId:158197501 command:2
09-28 17:55:02.225   921  1220 I C02d13/HDC_LOG: [daemon.cpp:1142] FetchCommand channelId:2207095062 command:1001
09-28 17:55:02.225   921  1220 I C02d13/HDC_LOG: [session.cpp:1652] New HTaskInfo cid:2207095062 sid:252******606(L:10) command:1001
09-28 17:55:02.225   921  1220 I C02d13/HDC_LOG: [session.cpp:891] AdminTask add task type:0 cid:2207095062 sid:252******606(L:10) mapsize:2
09-28 17:55:02.225   921  1220 I C02d13/HDC_LOG: [task.cpp:34] HdcTaskBase type:0 cid:2207095062 sid:252******606(L:10)
09-28 17:55:02.225   921  1220 I C02d13/HDC_LOG: [daemon_unity.cpp:414] Unity CommandDispatch command:1001 cid:2207095062 sid:252******606(L:10)
09-28 17:55:02.225   921  1220 W C02d13/HDC_LOG: [async_cmd.cpp:114] GetDevItem false key:persist.hdc.root
09-28 17:55:02.225   921 16640 I C02d13/HDC_LOG: [async_cmd.cpp:225] Popen pipe fds[pipeRead]:34 fds[pipeWrite]:37, mode 0
09-28 17:55:02.229   921  1220 I C02d13/HDC_LOG: [async_cmd.cpp:291] ExecuteCommand cmd:param get const.product.os.dist.apiname fd:34 pid:16641
09-28 17:55:02.229   921  1220 I C02d13/HDC_LOG: [daemon_unity.cpp:486] Unity CommandDispatch command:1001 finish cid:2207095062 sid:252******606(L:10)
09-28 17:55:02.230 16641 16641 W C02d13/HDC_LOG: [async_cmd.cpp:140] SetSelinuxLabel con:u:r:su:s0 isRoot:0
09-28 17:55:02.272   921 16642 I C02d13/HDC_LOG: [async_cmd.cpp:88] FinishShellProc finish pipeRead fd:34 pid:16641 count:1
09-28 17:55:02.272   921 16642 I C02d13/HDC_LOG: [task.cpp:55] HdcTaskBase::TaskFinish notify begin type:0 cid:2207095062 sid:252******606(L:10)
09-28 17:55:02.273   921 16642 I C02d13/HDC_LOG: [task.cpp:58] HdcTaskBase::TaskFinish notify end type:0 cid:2207095062 sid:252******606(L:10)
09-28 17:55:02.276   921  1220 I C02d13/HDC_LOG: [daemon.cpp:1142] FetchCommand channelId:2207095062 command:2
09-28 17:55:02.276   921  1220 W C02d13/HDC_LOG: [session.cpp:160] BeginRemoveTask taskType:0 channelId:2207095062
09-28 17:55:02.276   921  1220 W C02d13/HDC_LOG: [session.cpp:190] ClearOwnTasks OP_CLEAR finish, sessionId:252******606(L:10) channelIDInput:2207095062
09-28 17:55:02.276   921  1220 W C02d13/HDC_LOG: [session.cpp:115] taskClassDeleteRetry start clear task, taskType:0 cid:2207095062 sid:252******606(L:10)
09-28 17:55:02.276   921  1220 I C02d13/HDC_LOG: [async_cmd.cpp:69] DoRelease rc:-3 pid:16641
09-28 17:55:02.276   921  1220 I C02d13/HDC_LOG: [session.cpp:126] TaskDelay task remove retry count 0/30, taskType:0 channelId:2207095062, sessionId:252******606(L:10)
09-28 17:55:02.276   921  1220 I C02d13/HDC_LOG: [daemon_unity.cpp:31] ~HdcDaemonUnity cid:2207095062 sid:252******606(L:10)
09-28 17:55:02.276   921  1220 I C02d13/HDC_LOG: [task.cpp:40] ~HdcTaskBase type:0 cid:2207095062 sid:252******606(L:10)
09-28 17:55:02.276   921  1220 W C02d13/HDC_LOG: [session.cpp:134] TaskDelay task remove finish, channelId:2207095062
09-28 17:55:02.276   921  1220 I C02d13/HDC_LOG: [base.cpp:969] before uv handle close, the uv handle type is 13
09-28 17:55:02.280   921  1220 I C02d13/HDC_LOG: [daemon.cpp:1142] FetchCommand channelId:2207095062 command:2
09-28 17:55:02.398  2362  2446 I C011fd/ADVAgtSrv: [app_domain_verify_agent_service.cpp(OnDelayUnloadSA:273)]on unload task
09-28 17:55:02.398  2362  2446 I C011fd/ADVComm: [app_domain_verify_task_mgr.cpp(IsIdle:178)]IsIdle.
09-28 17:55:02.398  2362  2446 I C011fd/ADVAgtSrv: [app_domain_verify_agent_service.cpp(CanUnloadSa:267)]can unload? isDoSyncDone:0, retryCnt:3, IsIdle:1, reachedMaxCnt:0, maxCnt:10
09-28 17:55:02.398  2362  2446 I C011fd/ADVAgtSrv: [app_domain_verify_agent_service.cpp(DoSync:253)]do sync
09-28 17:55:02.399  2362  2446 I C011fd/ADVAgtSrv: [app_domain_verify_agent_service.cpp(IsNetAvailable:247)]IsNetAvailable:0
09-28 17:55:02.399  2362  2446 I C011fd/ADVAgtSrv: [app_domain_verify_agent_service.cpp(OnDelayUnloadSA:283)]on unload task, delay unload
09-28 17:55:02.703   921  1220 I C02d13/HDC_LOG: [daemon.cpp:1142] FetchCommand channelId:454975970 command:1001
09-28 17:55:02.704   921  1220 I C02d13/HDC_LOG: [session.cpp:1652] New HTaskInfo cid:454975970 sid:252******606(L:10) command:1001
09-28 17:55:02.704   921  1220 I C02d13/HDC_LOG: [session.cpp:891] AdminTask add task type:0 cid:454975970 sid:252******606(L:10) mapsize:2
09-28 17:55:02.704   921  1220 I C02d13/HDC_LOG: [task.cpp:34] HdcTaskBase type:0 cid:454975970 sid:252******606(L:10)
09-28 17:55:02.704   921  1220 I C02d13/HDC_LOG: [daemon_unity.cpp:414] Unity CommandDispatch command:1001 cid:454975970 sid:252******606(L:10)
09-28 17:55:02.704   921  1220 W C02d13/HDC_LOG: [async_cmd.cpp:114] GetDevItem false key:persist.hdc.root
09-28 17:55:02.704   921 16643 I C02d13/HDC_LOG: [async_cmd.cpp:225] Popen pipe fds[pipeRead]:34 fds[pipeWrite]:37, mode 0
09-28 17:55:02.708   921  1220 I C02d13/HDC_LOG: [async_cmd.cpp:291] ExecuteCommand cmd:param get const.product.os.dist.apiname fd:34 pid:16644
09-28 17:55:02.708   921  1220 I C02d13/HDC_LOG: [daemon_unity.cpp:486] Unity CommandDispatch command:1001 finish cid:454975970 sid:252******606(L:10)
09-28 17:55:02.709 16644 16644 W C02d13/HDC_LOG: [async_cmd.cpp:140] SetSelinuxLabel con:u:r:su:s0 isRoot:0
09-28 17:55:02.738   921 16645 I C02d13/HDC_LOG: [async_cmd.cpp:88] FinishShellProc finish pipeRead fd:34 pid:16644 count:1
09-28 17:55:02.738   921 16645 I C02d13/HDC_LOG: [task.cpp:55] HdcTaskBase::TaskFinish notify begin type:0 cid:454975970 sid:252******606(L:10)
09-28 17:55:02.738   921 16645 I C02d13/HDC_LOG: [task.cpp:58] HdcTaskBase::TaskFinish notify end type:0 cid:454975970 sid:252******606(L:10)
09-28 17:55:02.740   921  1220 I C02d13/HDC_LOG: [daemon.cpp:1142] FetchCommand channelId:454975970 command:2
09-28 17:55:02.740   921  1220 W C02d13/HDC_LOG: [session.cpp:160] BeginRemoveTask taskType:0 channelId:454975970
09-28 17:55:02.740   921  1220 W C02d13/HDC_LOG: [session.cpp:190] ClearOwnTasks OP_CLEAR finish, sessionId:252******606(L:10) channelIDInput:454975970
09-28 17:55:02.740   921  1220 W C02d13/HDC_LOG: [session.cpp:115] taskClassDeleteRetry start clear task, taskType:0 cid:454975970 sid:252******606(L:10)
09-28 17:55:02.740   921  1220 I C02d13/HDC_LOG: [async_cmd.cpp:69] DoRelease rc:-3 pid:16644
09-28 17:55:02.740   921  1220 I C02d13/HDC_LOG: [session.cpp:126] TaskDelay task remove retry count 0/30, taskType:0 channelId:454975970, sessionId:252******606(L:10)
09-28 17:55:02.740   921  1220 I C02d13/HDC_LOG: [daemon_unity.cpp:31] ~HdcDaemonUnity cid:454975970 sid:252******606(L:10)
09-28 17:55:02.740   921  1220 I C02d13/HDC_LOG: [task.cpp:40] ~HdcTaskBase type:0 cid:454975970 sid:252******606(L:10)
09-28 17:55:02.740   921  1220 W C02d13/HDC_LOG: [session.cpp:134] TaskDelay task remove finish, channelId:454975970
09-28 17:55:02.740   921  1220 I C02d13/HDC_LOG: [base.cpp:969] before uv handle close, the uv handle type is 13
09-28 17:55:02.745   921  1220 I C02d13/HDC_LOG: [daemon.cpp:1142] FetchCommand channelId:454975970 command:2
09-28 17:55:03.025   921  1220 I C02d13/HDC_LOG: [daemon.cpp:1142] FetchCommand channelId:4106684871 command:1001
09-28 17:55:03.025   921  1220 I C02d13/HDC_LOG: [session.cpp:1652] New HTaskInfo cid:4106684871 sid:252******606(L:10) command:1001
09-28 17:55:03.025   921  1220 I C02d13/HDC_LOG: [session.cpp:891] AdminTask add task type:0 cid:4106684871 sid:252******606(L:10) mapsize:2
09-28 17:55:03.025   921  1220 I C02d13/HDC_LOG: [task.cpp:34] HdcTaskBase type:0 cid:4106684871 sid:252******606(L:10)
09-28 17:55:03.025   921  1220 I C02d13/HDC_LOG: [daemon_unity.cpp:414] Unity CommandDispatch command:1001 cid:4106684871 sid:252******606(L:10)
09-28 17:55:03.025   921  1220 W C02d13/HDC_LOG: [async_cmd.cpp:114] GetDevItem false key:persist.hdc.root
09-28 17:55:03.026   921 16646 I C02d13/HDC_LOG: [async_cmd.cpp:225] Popen pipe fds[pipeRead]:34 fds[pipeWrite]:37, mode 0
09-28 17:55:03.030   921  1220 I C02d13/HDC_LOG: [async_cmd.cpp:291] ExecuteCommand cmd:param get const.product.os.dist.apiname fd:34 pid:16647
09-28 17:55:03.030   921  1220 I C02d13/HDC_LOG: [daemon_unity.cpp:486] Unity CommandDispatch command:1001 finish cid:4106684871 sid:252******606(L:10)
09-28 17:55:03.031 16647 16647 W C02d13/HDC_LOG: [async_cmd.cpp:140] SetSelinuxLabel con:u:r:su:s0 isRoot:0
09-28 17:55:03.070   921 16648 I C02d13/HDC_LOG: [async_cmd.cpp:88] FinishShellProc finish pipeRead fd:34 pid:16647 count:1
09-28 17:55:03.070   921 16648 I C02d13/HDC_LOG: [task.cpp:55] HdcTaskBase::TaskFinish notify begin type:0 cid:4106684871 sid:252******606(L:10)
09-28 17:55:03.071   921 16648 I C02d13/HDC_LOG: [task.cpp:58] HdcTaskBase::TaskFinish notify end type:0 cid:4106684871 sid:252******606(L:10)
09-28 17:55:03.072   921  1220 I C02d13/HDC_LOG: [daemon.cpp:1142] FetchCommand channelId:4106684871 command:2
09-28 17:55:03.072   921  1220 W C02d13/HDC_LOG: [session.cpp:160] BeginRemoveTask taskType:0 channelId:4106684871
09-28 17:55:03.072   921  1220 W C02d13/HDC_LOG: [session.cpp:190] ClearOwnTasks OP_CLEAR finish, sessionId:252******606(L:10) channelIDInput:4106684871
09-28 17:55:03.072   921  1220 W C02d13/HDC_LOG: [session.cpp:115] taskClassDeleteRetry start clear task, taskType:0 cid:4106684871 sid:252******606(L:10)
09-28 17:55:03.072   921  1220 I C02d13/HDC_LOG: [async_cmd.cpp:69] DoRelease rc:-3 pid:16647
09-28 17:55:03.072   921  1220 I C02d13/HDC_LOG: [session.cpp:126] TaskDelay task remove retry count 0/30, taskType:0 channelId:4106684871, sessionId:252******606(L:10)
09-28 17:55:03.072   921  1220 I C02d13/HDC_LOG: [daemon_unity.cpp:31] ~HdcDaemonUnity cid:4106684871 sid:252******606(L:10)
09-28 17:55:03.072   921  1220 I C02d13/HDC_LOG: [task.cpp:40] ~HdcTaskBase type:0 cid:4106684871 sid:252******606(L:10)
09-28 17:55:03.073   921  1220 W C02d13/HDC_LOG: [session.cpp:134] TaskDelay task remove finish, channelId:4106684871
09-28 17:55:03.073   921  1220 I C02d13/HDC_LOG: [base.cpp:969] before uv handle close, the uv handle type is 13
09-28 17:55:03.077   921  1220 I C02d13/HDC_LOG: [daemon.cpp:1142] FetchCommand channelId:4106684871 command:2
09-28 17:55:03.332   921  1220 I C02d13/HDC_LOG: [daemon.cpp:1142] FetchCommand channelId:106975660 command:1001
09-28 17:55:03.332   921  1220 I C02d13/HDC_LOG: [session.cpp:1652] New HTaskInfo cid:106975660 sid:252******606(L:10) command:1001
09-28 17:55:03.332   921  1220 I C02d13/HDC_LOG: [session.cpp:891] AdminTask add task type:0 cid:106975660 sid:252******606(L:10) mapsize:2
09-28 17:55:03.332   921  1220 I C02d13/HDC_LOG: [task.cpp:34] HdcTaskBase type:0 cid:106975660 sid:252******606(L:10)
09-28 17:55:03.332   921  1220 I C02d13/HDC_LOG: [daemon_unity.cpp:414] Unity CommandDispatch command:1001 cid:106975660 sid:252******606(L:10)
09-28 17:55:03.332   921  1220 W C02d13/HDC_LOG: [async_cmd.cpp:114] GetDevItem false key:persist.hdc.root
09-28 17:55:03.332   921 16649 I C02d13/HDC_LOG: [async_cmd.cpp:225] Popen pipe fds[pipeRead]:34 fds[pipeWrite]:37, mode 0
09-28 17:55:03.336   921  1220 I C02d13/HDC_LOG: [async_cmd.cpp:291] ExecuteCommand cmd:param get const.product.os.dist.apiname fd:34 pid:16650
09-28 17:55:03.336   921  1220 I C02d13/HDC_LOG: [daemon_unity.cpp:486] Unity CommandDispatch command:1001 finish cid:106975660 sid:252******606(L:10)
09-28 17:55:03.337 16650 16650 W C02d13/HDC_LOG: [async_cmd.cpp:140] SetSelinuxLabel con:u:r:su:s0 isRoot:0
09-28 17:55:03.373   921 16651 I C02d13/HDC_LOG: [async_cmd.cpp:88] FinishShellProc finish pipeRead fd:34 pid:16650 count:1
09-28 17:55:03.373   921 16651 I C02d13/HDC_LOG: [task.cpp:55] HdcTaskBase::TaskFinish notify begin type:0 cid:106975660 sid:252******606(L:10)
09-28 17:55:03.374   921 16651 I C02d13/HDC_LOG: [task.cpp:58] HdcTaskBase::TaskFinish notify end type:0 cid:106975660 sid:252******606(L:10)
09-28 17:55:03.375   921  1220 I C02d13/HDC_LOG: [daemon.cpp:1142] FetchCommand channelId:106975660 command:2
09-28 17:55:03.375   921  1220 W C02d13/HDC_LOG: [session.cpp:160] BeginRemoveTask taskType:0 channelId:106975660
09-28 17:55:03.375   921  1220 W C02d13/HDC_LOG: [session.cpp:190] ClearOwnTasks OP_CLEAR finish, sessionId:252******606(L:10) channelIDInput:106975660
09-28 17:55:03.375   921  1220 W C02d13/HDC_LOG: [session.cpp:115] taskClassDeleteRetry start clear task, taskType:0 cid:106975660 sid:252******606(L:10)
09-28 17:55:03.375   921  1220 I C02d13/HDC_LOG: [async_cmd.cpp:69] DoRelease rc:-3 pid:16650
09-28 17:55:03.375   921  1220 I C02d13/HDC_LOG: [session.cpp:126] TaskDelay task remove retry count 0/30, taskType:0 channelId:106975660, sessionId:252******606(L:10)
09-28 17:55:03.375   921  1220 I C02d13/HDC_LOG: [daemon_unity.cpp:31] ~HdcDaemonUnity cid:106975660 sid:252******606(L:10)
09-28 17:55:03.375   921  1220 I C02d13/HDC_LOG: [task.cpp:40] ~HdcTaskBase type:0 cid:106975660 sid:252******606(L:10)
09-28 17:55:03.375   921  1220 W C02d13/HDC_LOG: [session.cpp:134] TaskDelay task remove finish, channelId:106975660
09-28 17:55:03.375   921  1220 I C02d13/HDC_LOG: [base.cpp:969] before uv handle close, the uv handle type is 13
09-28 17:55:03.381   921  1220 I C02d13/HDC_LOG: [daemon.cpp:1142] FetchCommand channelId:106975660 command:2
09-28 17:55:03.875   921  1220 I C02d13/HDC_LOG: [daemon.cpp:1142] FetchCommand channelId:260869473 command:1001
09-28 17:55:03.875   921  1220 I C02d13/HDC_LOG: [session.cpp:1652] New HTaskInfo cid:260869473 sid:252******606(L:10) command:1001
09-28 17:55:03.875   921  1220 I C02d13/HDC_LOG: [session.cpp:891] AdminTask add task type:0 cid:260869473 sid:252******606(L:10) mapsize:2
09-28 17:55:03.875   921  1220 I C02d13/HDC_LOG: [task.cpp:34] HdcTaskBase type:0 cid:260869473 sid:252******606(L:10)
09-28 17:55:03.875   921  1220 I C02d13/HDC_LOG: [daemon_unity.cpp:414] Unity CommandDispatch command:1001 cid:260869473 sid:252******606(L:10)
09-28 17:55:03.875   921  1220 W C02d13/HDC_LOG: [async_cmd.cpp:114] GetDevItem false key:persist.hdc.root
09-28 17:55:03.876   921 16652 I C02d13/HDC_LOG: [async_cmd.cpp:225] Popen pipe fds[pipeRead]:34 fds[pipeWrite]:37, mode 0
09-28 17:55:03.880   921  1220 I C02d13/HDC_LOG: [async_cmd.cpp:291] ExecuteCommand cmd:param get const.product.os.dist.apiname fd:34 pid:16653
09-28 17:55:03.880   921  1220 I C02d13/HDC_LOG: [daemon_unity.cpp:486] Unity CommandDispatch command:1001 finish cid:260869473 sid:252******606(L:10)
09-28 17:55:03.881 16653 16653 W C02d13/HDC_LOG: [async_cmd.cpp:140] SetSelinuxLabel con:u:r:su:s0 isRoot:0
09-28 17:55:03.914   921 16654 I C02d13/HDC_LOG: [async_cmd.cpp:88] FinishShellProc finish pipeRead fd:34 pid:16653 count:1
09-28 17:55:03.914   921 16654 I C02d13/HDC_LOG: [task.cpp:55] HdcTaskBase::TaskFinish notify begin type:0 cid:260869473 sid:252******606(L:10)
09-28 17:55:03.915   921 16654 I C02d13/HDC_LOG: [task.cpp:58] HdcTaskBase::TaskFinish notify end type:0 cid:260869473 sid:252******606(L:10)
09-28 17:55:03.918   921  1220 I C02d13/HDC_LOG: [daemon.cpp:1142] FetchCommand channelId:260869473 command:2
09-28 17:55:03.918   921  1220 W C02d13/HDC_LOG: [session.cpp:160] BeginRemoveTask taskType:0 channelId:260869473
09-28 17:55:03.918   921  1220 W C02d13/HDC_LOG: [session.cpp:190] ClearOwnTasks OP_CLEAR finish, sessionId:252******606(L:10) channelIDInput:260869473
09-28 17:55:03.918   921  1220 W C02d13/HDC_LOG: [session.cpp:115] taskClassDeleteRetry start clear task, taskType:0 cid:260869473 sid:252******606(L:10)
09-28 17:55:03.918   921  1220 I C02d13/HDC_LOG: [async_cmd.cpp:69] DoRelease rc:-3 pid:16653
09-28 17:55:03.918   921  1220 I C02d13/HDC_LOG: [session.cpp:126] TaskDelay task remove retry count 0/30, taskType:0 channelId:260869473, sessionId:252******606(L:10)
09-28 17:55:03.918   921  1220 I C02d13/HDC_LOG: [daemon_unity.cpp:31] ~HdcDaemonUnity cid:260869473 sid:252******606(L:10)
09-28 17:55:03.918   921  1220 I C02d13/HDC_LOG: [task.cpp:40] ~HdcTaskBase type:0 cid:260869473 sid:252******606(L:10)
09-28 17:55:03.918   921  1220 W C02d13/HDC_LOG: [session.cpp:134] TaskDelay task remove finish, channelId:260869473
09-28 17:55:03.918   921  1220 I C02d13/HDC_LOG: [base.cpp:969] before uv handle close, the uv handle type is 13
09-28 17:55:03.922   921  1220 I C02d13/HDC_LOG: [daemon.cpp:1142] FetchCommand channelId:260869473 command:2
09-28 17:55:03.925   921  1220 I C02d13/HDC_LOG: [daemon.cpp:1142] FetchCommand channelId:1246729796 command:1001
09-28 17:55:03.925   921  1220 I C02d13/HDC_LOG: [session.cpp:1652] New HTaskInfo cid:1246729796 sid:252******606(L:10) command:1001
09-28 17:55:03.925   921  1220 I C02d13/HDC_LOG: [session.cpp:891] AdminTask add task type:0 cid:1246729796 sid:252******606(L:10) mapsize:2
09-28 17:55:03.925   921  1220 I C02d13/HDC_LOG: [task.cpp:34] HdcTaskBase type:0 cid:1246729796 sid:252******606(L:10)
09-28 17:55:03.925   921  1220 I C02d13/HDC_LOG: [daemon_unity.cpp:414] Unity CommandDispatch command:1001 cid:1246729796 sid:252******606(L:10)
09-28 17:55:03.925   921  1220 W C02d13/HDC_LOG: [async_cmd.cpp:114] GetDevItem false key:persist.hdc.root
09-28 17:55:03.926   921 16655 I C02d13/HDC_LOG: [async_cmd.cpp:225] Popen pipe fds[pipeRead]:34 fds[pipeWrite]:37, mode 0
09-28 17:55:03.930   921  1220 I C02d13/HDC_LOG: [async_cmd.cpp:291] ExecuteCommand cmd:param get const.product.os.dist.apiname fd:34 pid:16656
09-28 17:55:03.930   921  1220 I C02d13/HDC_LOG: [daemon_unity.cpp:486] Unity CommandDispatch command:1001 finish cid:1246729796 sid:252******606(L:10)
09-28 17:55:03.931 16656 16656 W C02d13/HDC_LOG: [async_cmd.cpp:140] SetSelinuxLabel con:u:r:su:s0 isRoot:0
09-28 17:55:03.970   921 16657 I C02d13/HDC_LOG: [async_cmd.cpp:88] FinishShellProc finish pipeRead fd:34 pid:16656 count:1
09-28 17:55:03.970   921 16657 I C02d13/HDC_LOG: [task.cpp:55] HdcTaskBase::TaskFinish notify begin type:0 cid:1246729796 sid:252******606(L:10)
09-28 17:55:03.970   921 16657 I C02d13/HDC_LOG: [task.cpp:58] HdcTaskBase::TaskFinish notify end type:0 cid:1246729796 sid:252******606(L:10)
09-28 17:55:03.973   921  1220 I C02d13/HDC_LOG: [daemon.cpp:1142] FetchCommand channelId:1246729796 command:2
09-28 17:55:03.974   921  1220 W C02d13/HDC_LOG: [session.cpp:160] BeginRemoveTask taskType:0 channelId:1246729796
09-28 17:55:03.974   921  1220 W C02d13/HDC_LOG: [session.cpp:190] ClearOwnTasks OP_CLEAR finish, sessionId:252******606(L:10) channelIDInput:1246729796
09-28 17:55:03.974   921  1220 W C02d13/HDC_LOG: [session.cpp:115] taskClassDeleteRetry start clear task, taskType:0 cid:1246729796 sid:252******606(L:10)
09-28 17:55:03.974   921  1220 I C02d13/HDC_LOG: [async_cmd.cpp:69] DoRelease rc:-3 pid:16656
09-28 17:55:03.974   921  1220 I C02d13/HDC_LOG: [session.cpp:126] TaskDelay task remove retry count 0/30, taskType:0 channelId:1246729796, sessionId:252******606(L:10)
09-28 17:55:03.974   921  1220 I C02d13/HDC_LOG: [daemon_unity.cpp:31] ~HdcDaemonUnity cid:1246729796 sid:252******606(L:10)
09-28 17:55:03.974   921  1220 I C02d13/HDC_LOG: [task.cpp:40] ~HdcTaskBase type:0 cid:1246729796 sid:252******606(L:10)
09-28 17:55:03.974   921  1220 W C02d13/HDC_LOG: [session.cpp:134] TaskDelay task remove finish, channelId:1246729796
09-28 17:55:03.974   921  1220 I C02d13/HDC_LOG: [base.cpp:969] before uv handle close, the uv handle type is 13
09-28 17:55:03.974   921  1220 I C02d13/HDC_LOG: [daemon.cpp:1142] FetchCommand channelId:1246729796 command:2
09-28 17:55:03.978   921  1220 I C02d13/HDC_LOG: [daemon.cpp:1142] FetchCommand channelId:2124304975 command:1001
09-28 17:55:03.978   921  1220 I C02d13/HDC_LOG: [session.cpp:1652] New HTaskInfo cid:2124304975 sid:252******606(L:10) command:1001
09-28 17:55:03.978   921  1220 I C02d13/HDC_LOG: [session.cpp:891] AdminTask add task type:0 cid:2124304975 sid:252******606(L:10) mapsize:2
09-28 17:55:03.978   921  1220 I C02d13/HDC_LOG: [task.cpp:34] HdcTaskBase type:0 cid:2124304975 sid:252******606(L:10)
09-28 17:55:03.978   921  1220 I C02d13/HDC_LOG: [daemon_unity.cpp:414] Unity CommandDispatch command:1001 cid:2124304975 sid:252******606(L:10)
09-28 17:55:03.978   921  1220 W C02d13/HDC_LOG: [async_cmd.cpp:114] GetDevItem false key:persist.hdc.root
09-28 17:55:03.979   921 16658 I C02d13/HDC_LOG: [async_cmd.cpp:225] Popen pipe fds[pipeRead]:34 fds[pipeWrite]:37, mode 0
09-28 17:55:03.983   921  1220 I C02d13/HDC_LOG: [async_cmd.cpp:291] ExecuteCommand cmd:param get const.product.os.dist.apiname fd:34 pid:16659
09-28 17:55:03.983   921  1220 I C02d13/HDC_LOG: [daemon_unity.cpp:486] Unity CommandDispatch command:1001 finish cid:2124304975 sid:252******606(L:10)
09-28 17:55:03.984 16659 16659 W C02d13/HDC_LOG: [async_cmd.cpp:140] SetSelinuxLabel con:u:r:su:s0 isRoot:0
09-28 17:55:04.016   921 16660 I C02d13/HDC_LOG: [async_cmd.cpp:88] FinishShellProc finish pipeRead fd:34 pid:16659 count:1
09-28 17:55:04.016   921 16660 I C02d13/HDC_LOG: [task.cpp:55] HdcTaskBase::TaskFinish notify begin type:0 cid:2124304975 sid:252******606(L:10)
09-28 17:55:04.017   921 16660 I C02d13/HDC_LOG: [task.cpp:58] HdcTaskBase::TaskFinish notify end type:0 cid:2124304975 sid:252******606(L:10)
09-28 17:55:04.018   921  1220 I C02d13/HDC_LOG: [daemon.cpp:1142] FetchCommand channelId:2124304975 command:2
09-28 17:55:04.018   921  1220 W C02d13/HDC_LOG: [session.cpp:160] BeginRemoveTask taskType:0 channelId:2124304975
09-28 17:55:04.018   921  1220 W C02d13/HDC_LOG: [session.cpp:190] ClearOwnTasks OP_CLEAR finish, sessionId:252******606(L:10) channelIDInput:2124304975
09-28 17:55:04.018   921  1220 W C02d13/HDC_LOG: [session.cpp:115] taskClassDeleteRetry start clear task, taskType:0 cid:2124304975 sid:252******606(L:10)
09-28 17:55:04.018   921  1220 I C02d13/HDC_LOG: [async_cmd.cpp:69] DoRelease rc:-3 pid:16659
09-28 17:55:04.018   921  1220 I C02d13/HDC_LOG: [session.cpp:126] TaskDelay task remove retry count 0/30, taskType:0 channelId:2124304975, sessionId:252******606(L:10)
09-28 17:55:04.018   921  1220 I C02d13/HDC_LOG: [daemon_unity.cpp:31] ~HdcDaemonUnity cid:2124304975 sid:252******606(L:10)
09-28 17:55:04.019   921  1220 I C02d13/HDC_LOG: [task.cpp:40] ~HdcTaskBase type:0 cid:2124304975 sid:252******606(L:10)
09-28 17:55:04.019   921  1220 W C02d13/HDC_LOG: [session.cpp:134] TaskDelay task remove finish, channelId:2124304975
09-28 17:55:04.019   921  1220 I C02d13/HDC_LOG: [base.cpp:969] before uv handle close, the uv handle type is 13
09-28 17:55:04.023   921  1220 I C02d13/HDC_LOG: [daemon.cpp:1142] FetchCommand channelId:2124304975 command:2
09-28 17:55:04.056   921  1220 I C02d13/HDC_LOG: [daemon.cpp:1142] FetchCommand channelId:1480466782 command:1001
09-28 17:55:04.056   921  1220 I C02d13/HDC_LOG: [session.cpp:1652] New HTaskInfo cid:1480466782 sid:252******606(L:10) command:1001
09-28 17:55:04.056   921  1220 I C02d13/HDC_LOG: [session.cpp:891] AdminTask add task type:0 cid:1480466782 sid:252******606(L:10) mapsize:2
09-28 17:55:04.056   921  1220 I C02d13/HDC_LOG: [task.cpp:34] HdcTaskBase type:0 cid:1480466782 sid:252******606(L:10)
09-28 17:55:04.056   921  1220 I C02d13/HDC_LOG: [daemon_unity.cpp:414] Unity CommandDispatch command:1001 cid:1480466782 sid:252******606(L:10)
09-28 17:55:04.056   921  1220 W C02d13/HDC_LOG: [async_cmd.cpp:114] GetDevItem false key:persist.hdc.root
09-28 17:55:04.056   921 16661 I C02d13/HDC_LOG: [async_cmd.cpp:225] Popen pipe fds[pipeRead]:34 fds[pipeWrite]:37, mode 0
09-28 17:55:04.060   921  1220 I C02d13/HDC_LOG: [async_cmd.cpp:291] ExecuteCommand cmd:param get const.product.os.dist.apiname fd:34 pid:16662
09-28 17:55:04.061   921  1220 I C02d13/HDC_LOG: [daemon_unity.cpp:486] Unity CommandDispatch command:1001 finish cid:1480466782 sid:252******606(L:10)
09-28 17:55:04.061 16662 16662 W C02d13/HDC_LOG: [async_cmd.cpp:140] SetSelinuxLabel con:u:r:su:s0 isRoot:0
09-28 17:55:04.091   921  1220 I C02d13/HDC_LOG: [daemon.cpp:1142] FetchCommand channelId:0 command:5000
09-28 17:55:04.091   921  1220 I C02d13/HDC_LOG: [daemon.cpp:1163] recv heartbeat count is 144 for session 252******606(L:10)
09-28 17:55:04.094   921 16663 I C02d13/HDC_LOG: [async_cmd.cpp:88] FinishShellProc finish pipeRead fd:34 pid:16662 count:1
09-28 17:55:04.094   921 16663 I C02d13/HDC_LOG: [task.cpp:55] HdcTaskBase::TaskFinish notify begin type:0 cid:1480466782 sid:252******606(L:10)
09-28 17:55:04.095   921 16663 I C02d13/HDC_LOG: [task.cpp:58] HdcTaskBase::TaskFinish notify end type:0 cid:1480466782 sid:252******606(L:10)
09-28 17:55:04.095   921  1220 I C02d13/HDC_LOG: [daemon.cpp:1142] FetchCommand channelId:1480466782 command:2
09-28 17:55:04.095   921  1220 W C02d13/HDC_LOG: [session.cpp:160] BeginRemoveTask taskType:0 channelId:1480466782
09-28 17:55:04.095   921  1220 W C02d13/HDC_LOG: [session.cpp:190] ClearOwnTasks OP_CLEAR finish, sessionId:252******606(L:10) channelIDInput:1480466782
09-28 17:55:04.095   921  1220 W C02d13/HDC_LOG: [session.cpp:115] taskClassDeleteRetry start clear task, taskType:0 cid:1480466782 sid:252******606(L:10)
09-28 17:55:04.096   921  1220 I C02d13/HDC_LOG: [async_cmd.cpp:69] DoRelease rc:-3 pid:16662
09-28 17:55:04.096   921  1220 I C02d13/HDC_LOG: [session.cpp:126] TaskDelay task remove retry count 0/30, taskType:0 channelId:1480466782, sessionId:252******606(L:10)
09-28 17:55:04.096   921  1220 I C02d13/HDC_LOG: [daemon_unity.cpp:31] ~HdcDaemonUnity cid:1480466782 sid:252******606(L:10)
09-28 17:55:04.096   921  1220 I C02d13/HDC_LOG: [task.cpp:40] ~HdcTaskBase type:0 cid:1480466782 sid:252******606(L:10)
09-28 17:55:04.096   921  1220 W C02d13/HDC_LOG: [session.cpp:134] TaskDelay task remove finish, channelId:1480466782
09-28 17:55:04.096   921  1220 I C02d13/HDC_LOG: [base.cpp:969] before uv handle close, the uv handle type is 13
09-28 17:55:04.097   921  1220 I C02d13/HDC_LOG: [session.cpp:1521] send heartbeat count is 144 and messages count is 13642 for session 252******606(L:10)
09-28 17:55:04.102   921  1220 I C02d13/HDC_LOG: [daemon.cpp:1142] FetchCommand channelId:1480466782 command:2
09-28 17:55:04.174   921  1220 I C02d13/HDC_LOG: [daemon.cpp:1142] FetchCommand channelId:2886050592 command:1001
09-28 17:55:04.174   921  1220 I C02d13/HDC_LOG: [session.cpp:1652] New HTaskInfo cid:2886050592 sid:252******606(L:10) command:1001
09-28 17:55:04.174   921  1220 I C02d13/HDC_LOG: [session.cpp:891] AdminTask add task type:0 cid:2886050592 sid:252******606(L:10) mapsize:2
09-28 17:55:04.174   921  1220 I C02d13/HDC_LOG: [task.cpp:34] HdcTaskBase type:0 cid:2886050592 sid:252******606(L:10)
09-28 17:55:04.174   921  1220 I C02d13/HDC_LOG: [daemon_unity.cpp:414] Unity CommandDispatch command:1001 cid:2886050592 sid:252******606(L:10)
09-28 17:55:04.174   921  1220 W C02d13/HDC_LOG: [async_cmd.cpp:114] GetDevItem false key:persist.hdc.root
09-28 17:55:04.174   921 16664 I C02d13/HDC_LOG: [async_cmd.cpp:225] Popen pipe fds[pipeRead]:34 fds[pipeWrite]:37, mode 0
09-28 17:55:04.178   921  1220 I C02d13/HDC_LOG: [async_cmd.cpp:291] ExecuteCommand cmd:param get const.product.os.dist.apiname fd:34 pid:16665
09-28 17:55:04.178   921  1220 I C02d13/HDC_LOG: [daemon_unity.cpp:486] Unity CommandDispatch command:1001 finish cid:2886050592 sid:252******606(L:10)
09-28 17:55:04.179 16665 16665 W C02d13/HDC_LOG: [async_cmd.cpp:140] SetSelinuxLabel con:u:r:su:s0 isRoot:0
09-28 17:55:04.214   921 16666 I C02d13/HDC_LOG: [async_cmd.cpp:88] FinishShellProc finish pipeRead fd:34 pid:16665 count:1
09-28 17:55:04.214   921 16666 I C02d13/HDC_LOG: [task.cpp:55] HdcTaskBase::TaskFinish notify begin type:0 cid:2886050592 sid:252******606(L:10)
09-28 17:55:04.214   921 16666 I C02d13/HDC_LOG: [task.cpp:58] HdcTaskBase::TaskFinish notify end type:0 cid:2886050592 sid:252******606(L:10)
09-28 17:55:04.216   921  1220 I C02d13/HDC_LOG: [daemon.cpp:1142] FetchCommand channelId:2886050592 command:2
09-28 17:55:04.216   921  1220 W C02d13/HDC_LOG: [session.cpp:160] BeginRemoveTask taskType:0 channelId:2886050592
09-28 17:55:04.216   921  1220 W C02d13/HDC_LOG: [session.cpp:190] ClearOwnTasks OP_CLEAR finish, sessionId:252******606(L:10) channelIDInput:2886050592
09-28 17:55:04.216   921  1220 W C02d13/HDC_LOG: [session.cpp:115] taskClassDeleteRetry start clear task, taskType:0 cid:2886050592 sid:252******606(L:10)
09-28 17:55:04.216   921  1220 I C02d13/HDC_LOG: [async_cmd.cpp:69] DoRelease rc:-3 pid:16665
09-28 17:55:04.216   921  1220 I C02d13/HDC_LOG: [session.cpp:126] TaskDelay task remove retry count 0/30, taskType:0 channelId:2886050592, sessionId:252******606(L:10)
09-28 17:55:04.216   921  1220 I C02d13/HDC_LOG: [daemon_unity.cpp:31] ~HdcDaemonUnity cid:2886050592 sid:252******606(L:10)
09-28 17:55:04.216   921  1220 I C02d13/HDC_LOG: [task.cpp:40] ~HdcTaskBase type:0 cid:2886050592 sid:252******606(L:10)
09-28 17:55:04.216   921  1220 W C02d13/HDC_LOG: [session.cpp:134] TaskDelay task remove finish, channelId:2886050592
09-28 17:55:04.216   921  1220 I C02d13/HDC_LOG: [base.cpp:969] before uv handle close, the uv handle type is 13
09-28 17:55:04.221   921  1220 I C02d13/HDC_LOG: [daemon.cpp:1142] FetchCommand channelId:2886050592 command:2
09-28 17:55:04.225   921  1220 I C02d13/HDC_LOG: [daemon.cpp:1142] FetchCommand channelId:603964285 command:1001
09-28 17:55:04.225   921  1220 I C02d13/HDC_LOG: [session.cpp:1652] New HTaskInfo cid:603964285 sid:252******606(L:10) command:1001
09-28 17:55:04.225   921  1220 I C02d13/HDC_LOG: [session.cpp:891] AdminTask add task type:0 cid:603964285 sid:252******606(L:10) mapsize:2
09-28 17:55:04.225   921  1220 I C02d13/HDC_LOG: [task.cpp:34] HdcTaskBase type:0 cid:603964285 sid:252******606(L:10)
09-28 17:55:04.225   921  1220 I C02d13/HDC_LOG: [daemon_unity.cpp:414] Unity CommandDispatch command:1001 cid:603964285 sid:252******606(L:10)
09-28 17:55:04.225   921  1220 W C02d13/HDC_LOG: [async_cmd.cpp:114] GetDevItem false key:persist.hdc.root
09-28 17:55:04.226   921 16667 I C02d13/HDC_LOG: [async_cmd.cpp:225] Popen pipe fds[pipeRead]:34 fds[pipeWrite]:37, mode 0
09-28 17:55:04.229   921  1220 I C02d13/HDC_LOG: [async_cmd.cpp:291] ExecuteCommand cmd:param get const.product.os.dist.apiname fd:34 pid:16668
09-28 17:55:04.230   921  1220 I C02d13/HDC_LOG: [daemon_unity.cpp:486] Unity CommandDispatch command:1001 finish cid:603964285 sid:252******606(L:10)
09-28 17:55:04.230 16668 16668 W C02d13/HDC_LOG: [async_cmd.cpp:140] SetSelinuxLabel con:u:r:su:s0 isRoot:0
09-28 17:55:04.270   921 16669 I C02d13/HDC_LOG: [async_cmd.cpp:88] FinishShellProc finish pipeRead fd:34 pid:16668 count:1
09-28 17:55:04.270   921 16669 I C02d13/HDC_LOG: [task.cpp:55] HdcTaskBase::TaskFinish notify begin type:0 cid:603964285 sid:252******606(L:10)
09-28 17:55:04.270   921 16669 I C02d13/HDC_LOG: [task.cpp:58] HdcTaskBase::TaskFinish notify end type:0 cid:603964285 sid:252******606(L:10)
09-28 17:55:04.272   921  1220 I C02d13/HDC_LOG: [daemon.cpp:1142] FetchCommand channelId:603964285 command:2
09-28 17:55:04.272   921  1220 W C02d13/HDC_LOG: [session.cpp:160] BeginRemoveTask taskType:0 channelId:603964285
09-28 17:55:04.272   921  1220 W C02d13/HDC_LOG: [session.cpp:190] ClearOwnTasks OP_CLEAR finish, sessionId:252******606(L:10) channelIDInput:603964285
09-28 17:55:04.272   921  1220 W C02d13/HDC_LOG: [session.cpp:115] taskClassDeleteRetry start clear task, taskType:0 cid:603964285 sid:252******606(L:10)
09-28 17:55:04.272   921  1220 I C02d13/HDC_LOG: [async_cmd.cpp:69] DoRelease rc:-3 pid:16668
09-28 17:55:04.272   921  1220 I C02d13/HDC_LOG: [session.cpp:126] TaskDelay task remove retry count 0/30, taskType:0 channelId:603964285, sessionId:252******606(L:10)
09-28 17:55:04.272   921  1220 I C02d13/HDC_LOG: [daemon_unity.cpp:31] ~HdcDaemonUnity cid:603964285 sid:252******606(L:10)
09-28 17:55:04.273   921  1220 I C02d13/HDC_LOG: [task.cpp:40] ~HdcTaskBase type:0 cid:603964285 sid:252******606(L:10)
09-28 17:55:04.273   921  1220 W C02d13/HDC_LOG: [session.cpp:134] TaskDelay task remove finish, channelId:603964285
09-28 17:55:04.273   921  1220 I C02d13/HDC_LOG: [base.cpp:969] before uv handle close, the uv handle type is 13
09-28 17:55:04.276   921  1220 I C02d13/HDC_LOG: [daemon.cpp:1142] FetchCommand channelId:603964285 command:2
09-28 17:55:04.330   921  1220 I C02d13/HDC_LOG: [daemon.cpp:1142] FetchCommand channelId:722514145 command:1001
09-28 17:55:04.330   921  1220 I C02d13/HDC_LOG: [session.cpp:1652] New HTaskInfo cid:722514145 sid:252******606(L:10) command:1001
09-28 17:55:04.331   921  1220 I C02d13/HDC_LOG: [session.cpp:891] AdminTask add task type:0 cid:722514145 sid:252******606(L:10) mapsize:2
09-28 17:55:04.331   921  1220 I C02d13/HDC_LOG: [task.cpp:34] HdcTaskBase type:0 cid:722514145 sid:252******606(L:10)
09-28 17:55:04.331   921  1220 I C02d13/HDC_LOG: [daemon_unity.cpp:414] Unity CommandDispatch command:1001 cid:722514145 sid:252******606(L:10)
09-28 17:55:04.331   921  1220 W C02d13/HDC_LOG: [async_cmd.cpp:114] GetDevItem false key:persist.hdc.root
09-28 17:55:04.331   921 16670 I C02d13/HDC_LOG: [async_cmd.cpp:225] Popen pipe fds[pipeRead]:34 fds[pipeWrite]:37, mode 0
09-28 17:55:04.332   921  1220 I C02d13/HDC_LOG: [async_cmd.cpp:291] ExecuteCommand cmd:hilog -x | tail -n 4000; ls -lt /data/log/faultlog/temp | head -n 8 fd:34 pid:16671
09-28 17:55:04.333   921  1220 I C02d13/HDC_LOG: [daemon_unity.cpp:486] Unity CommandDispatch command:1001 finish cid:722514145 sid:252******606(L:10)
09-28 17:55:04.333 16671 16671 W C02d13/HDC_LOG: [async_cmd.cpp:140] SetSelinuxLabel con:u:r:su:s0 isRoot:0
09-28 17:55:04.368  2316  2316 E C02c11/APPSPAWN: [appspawn_kickdog.c:29]open /sys/kernel/hungtask/userlist fail,errno:2
09-28 17:55:04.369 16674 16674 W C03f07/MUSL-SIGCHAIN: signal_chain_handler call 3 rd sigchain action for signal: 4 sca_sigaction=7f8d26d5a8 noreturn=0 FREEZE_signo_4 thread_list_lock_status:-1 tl_lock_count=0 tl_lock_waiters=0 tl_lock_tid_fail=-1 tl_lock_count_tid=16674 tl_lock_count_fail=-10000 tl_lock_count_tid_sub=16674 thread_list_lock_after_lock=16674 thread_list_lock_pre_unlock=16674 thread_list_lock_pthread_exit=-1 thread_list_lock_tid_overlimit=-1 tl_lock_unlock_count=0 __pthread_gettid_np_tl_lock=0 __pthread_exit_tl_lock=0 __pthread_create_tl_lock=0 __pthread_key_delete_tl_lock=0 __synccall_tl_lock=0 __membarrier_tl_lock=0 install_new_tls_tl_lock=0 set_syscall_hooks_tl_lock=0 set_syscall_hooks_linux_tl_lock=0 fork_tl_lock=0 register_count=0 __custom_hook_flag=0g_dlcloseLockStatus=0g_dlcloseLockLastExitTid=0
09-28 17:55:04.369 16674 16674 W C03f07/MUSL-SIGCHAIN: signal_chain_handler call usr sa_handler: 7f8cbd6fb4 for signal: 4
total 12509184
-rw-r----- 1 faultloggerd system 303846 2026-09-28 17:52 cppcrash-13946-1790589146018
-rw-r----- 1 faultloggerd system 305086 2026-09-28 17:50 cppcrash-11760-1790589056094
-rw-r----- 1 faultloggerd system 195528 2026-09-28 17:23 cppcrash-2897-1790587425001
-rw-r----- 1 faultloggerd system 387020 2026-09-28 07:22 cppcrash-7088-1790551340974
-rw-r----- 1 faultloggerd system 382573 2026-09-28 02:54 cppcrash-27270-1790535265814
-rw-r----- 1 faultloggerd system 387997 2026-09-28 02:40 cppcrash-8329-1790534442542
-rw-r----- 1 faultloggerd system 342590 2026-09-27 05:25 cppcrash-24426-1790457948359
