[AppSpawnX] [CHILD] native stderr redirected to /data/local/tmp/adapter_child_6689.stderr
[AppSpawnX][W] [CHILD] oh_typeface_mark_child unavailable — Typeface real-init won't fire (font rendering will degrade): do_dlsym failed: Symbol not found: oh_typeface_mark_child, version: null so=/data/local/tmp/asx/liboh_hwui_shim.so
[AppSpawnX] applyAccessToken: id=0x20091bce apl=normal
[AppSpawnX] applyAccessToken: SetSelfTokenID(0x20091bce) OK
[WESTLAKE-APP-PRIV] cpuProfile=top-app before app credentials uid=0
[AppSpawnX] Applying DAC: uid=20010053 gid=20010053 gids_count=1
[AppSpawnX][D] Set 4 supplementary groups (incl netsys_socket 1097, inet 3003/3004)
[AppSpawnX] [NET-FIX] granted oh_sock_permission_map[20010053]=1 at spawn (rc=32512)
[AppSpawnX][D] Set GID to 20010053
[AppSpawnX][D] Set UID to 20010053
[AppSpawnX] DAC applied: running as uid=20010053 gid=20010053
[AppSpawnX] Setting up sandbox for org.westlake.imehost
[AppSpawnX][D] Sandbox setup: TODO – filesystem isolation not yet implemented
[AppSpawnX][D]   APK path: 
[AppSpawnX][D]   Native libs: 
[AppSpawnX][D]   Bundle data: /data/data/org.westlake.imehost/
[AppSpawnX] applySELinux: apl=normal pkg=org.westlake.imehost hapFlags=0 uid=20010053
[AppSpawnX] applySELinux: child secon transitioned successfully (apl=normal)
[WESTLAKE-APP-PRIV] cpu affinity=0-5 reserve=2
[WESTLAKE-APP-PRIV] finalized uid=20010053 CapEff=0 CapPrm=0 boundingDropped=41 niceFloor=-4 cpuProfile=top-app
[AppSpawnX] [ZYG] >>> ZygoteHooks.postForkChild() (child)
nullptr I 09-25 23:46:51  6689  6689 heap.cc:4755] Using CollectorType(2) GC.
nullptr W 09-25 23:46:51  6689  6689 jit_memory_region.cc:152] [WESTLAKE-OH-JIT] memfd RX denied (13); using ART anonymous cache with RWX updates permitted by caller
nullptr D 09-25 23:46:51  6689  6689 reporter.cc:65] Received session metadata: 346469778831048084
[AppSpawnX] [ZYG] <<< ZygoteHooks.postForkChild() OK
[AppSpawnX] [ZYG] >>> ZygoteHooks.postForkCommon()
[AppSpawnX] [ZYG] <<< ZygoteHooks.postForkCommon() OK
[AppSpawnX] [CHILD] post-fork framework services installed
[CHILD] SigchainStartReassert not found
[AppSpawnX] Child post-fork initialization starting
[AppSpawnX][D] Thread already attached to VM in child process
[AppSpawnX] Child post-fork initialization complete (OH IPC mode)
[CHILD] startReg re-register: libRt=0x2cd3ffdad0b97d35 (ok)
[liboh_android_runtime] startReg entering (38 modules)
[liboh_android_runtime] cached JavaVM=0x7f7dc48c50
[liboh_android_runtime]   ok register_android_util_Log
[WESTLAKE-504] libcore.io.Memory bound 3/3 (essential failures=0)
[liboh_android_runtime]   ok register_libcore_io_Memory
[liboh_android_runtime]   ok register_westlake_class_library_services
SOURCE_LIBCORE_LINUX_REGISTERED
[liboh_android_runtime]   ok register_westlake_linux_memory
[liboh_android_runtime] register_android_util_EventLog: 7 methods (5 writeEvent overloads + 2 readEvents)
[liboh_android_runtime]   ok register_android_util_EventLog
[liboh_android_runtime]   ok register_android_app_Activity
[liboh_android_runtime]   ok register_android_os_SystemProperties
[liboh_android_runtime]   ok register_android_os_Trace
[liboh_android_runtime]   ok register_android_os_Process
[liboh_android_runtime]   ok register_android_os_incremental_IncrementalManager
[liboh_android_runtime]   ok register_android_os_SystemClock
[liboh_android_runtime]   ok register_android_os_Binder
[liboh_android_runtime]   ok register_android_os_Parcel
[liboh_android_runtime]   ok register_android_hardware_HardwareBuffer
[liboh_android_runtime]   ok register_android_hardware_OverlayProperties
[liboh_android_runtime]   ok register_android_os_SharedMemory
[liboh_android_runtime]   ok register_android_view_SurfaceControl
[liboh_android_runtime] register_android_view_SurfaceSession: 2 methods (nativeCreate, nativeDestroy)
[liboh_android_runtime]   ok register_android_view_SurfaceSession
[WESTLAKE-SURFACETEXTURE] registered 12/12 JNI methods
[liboh_android_runtime]   ok register_android_graphics_SurfaceTexture_oh
[WESTLAKE-TEXTUREVIEW] register rc=0
[liboh_android_runtime]   ok register_android_view_TextureView_oh
[liboh_android_runtime] register_android_view_DisplayEventReceiver: 4 methods (Init, Finalizer, ScheduleVsync, GetLatestVsyncEventData)
[liboh_android_runtime]   ok register_android_view_DisplayEventReceiver
[liboh_android_runtime] register_android_view_InputChannel: 8 methods (NO_INPUT_EVENT_TRANSPORT baseline)
[liboh_android_runtime]   ok register_android_view_InputChannel
[liboh_android_runtime]   ok register_android_view_KeyCharacterMap
[liboh_android_runtime]   ok register_android_view_MotionEvent
[liboh_android_runtime]   ok register_android_view_VelocityTracker
[liboh_android_runtime]   ok register_android_view_InputEventReceiver
[liboh_android_runtime]   ok register_android_content_AssetManager
[liboh_android_runtime]   ok register_android_os_MessageQueue
[liboh_android_runtime]   ok register_android_content_res_ApkAssets
[liboh_android_runtime]   ok register_android_content_StringBlock
[liboh_android_runtime]   ok register_android_content_XmlBlock
[liboh_android_runtime]   ok register_com_android_internal_os_ClassLoaderFactory
[liboh_android_runtime]   ok register_com_android_internal_util_VirtualRefBasePtr
[liboh_android_runtime]   ok register_android_os_GraphicsEnvironment
[liboh_android_runtime]   ok register_libcore_util_NativeAllocationRegistry_guard
[liboh_android_runtime]   ok register_android_animation_PropertyValuesHolder
[SQLiteConnection] registered 31/31 framework-declared natives
[liboh_android_runtime]   ok register_android_database_SQLiteConnection
[liboh_android_runtime]   ok register_android_database_CursorWindow
[liboh_android_runtime] kRegJNI loop done: 38 ok, 0 failed
[liboh_android_runtime] dlopen libhwui.so OK
[SOURCE-HWUI] register module 1/52
[SOURCE-HWUI] register module 2/52
[SOURCE-HWUI] register module 3/52
[SOURCE-HWUI] register module 4/52
[SOURCE-HWUI] register module 5/52
[SOURCE-HWUI] register module 6/52
[SOURCE-HWUI] register module 7/52
[SOURCE-HWUI] register module 8/52
[SOURCE-HWUI] register module 9/52
[SOURCE-HWUI] register module 10/52
[SOURCE-HWUI] register module 11/52
[SOURCE-HWUI] register module 12/52
[SOURCE-HWUI] register module 13/52
[SOURCE-HWUI] register module 14/52
[SOURCE-HWUI] register module 15/52
[SOURCE-HWUI] register module 16/52
[SOURCE-HWUI] register module 17/52
[SOURCE-HWUI] register module 18/52
[SOURCE-HWUI] register module 19/52
[SOURCE-HWUI] register module 20/52
[SOURCE-HWUI] register module 21/52
[SOURCE-HWUI] register module 22/52
[SOURCE-HWUI] register module 23/52
[SOURCE-HWUI] register module 24/52
[SOURCE-HWUI] register module 25/52
[SOURCE-HWUI] register module 26/52
[SOURCE-HWUI] register module 27/52
[SOURCE-HWUI] register module 28/52
[SOURCE-HWUI] register module 29/52
[SOURCE-HWUI] register module 30/52
[SOURCE-HWUI] register module 31/52
[SOURCE-HWUI] register module 32/52
[SOURCE-HWUI] register module 33/52
[SOURCE-HWUI] register module 34/52
[SOURCE-HWUI] register module 35/52
[SOURCE-HWUI] register module 36/52
[SOURCE-HWUI] register module 37/52
[SOURCE-HWUI] register module 38/52
[SOURCE-HWUI] register module 39/52
[SOURCE-HWUI] register module 40/52
[SOURCE-HWUI] register module 41/52
[SOURCE-HWUI] register module 42/52
[SOURCE-HWUI] register module 43/52
[SOURCE-HWUI] register module 44/52
[SOURCE-HWUI] register module 45/52
[SOURCE-HWUI] register module 46/52
[SOURCE-HWUI] register module 47/52
[SOURCE-HWUI] register module 48/52
[SOURCE-HWUI] register module 49/52
[SOURCE-HWUI] register module 50/52
[SOURCE-HWUI] register module 51/52
[SOURCE-HWUI] register module 52/52
[liboh_android_runtime] source HWUI canonical registration PASS
[WESTLAKE-677] sensorless SystemSensorManager boundary managerRc=0 queueRc=0
[WESTLAKE-414] KeyEvent.nativeNextId RegisterNatives rc=0
[WESTLAKE-416] seeded ServiceManager.sCache['user'] (replaced=1 threw=0)
[WESTLAKE-416] seeded ServiceManager.sCache['shortcut'] (replaced=1 threw=0)
[WESTLAKE-416] seeded ServiceManager.sCache['notification'] (replaced=1 threw=0)
[WESTLAKE-416] seeded ServiceManager.sCache['content'] (replaced=1 threw=0)
[WESTLAKE-468] RegisterNatives(android/media/audiopolicy/AudioProductStrategy.native_list_audio_product_strategies) rc=0
[WESTLAKE-468] RegisterNatives(android/media/audiopolicy/AudioVolumeGroup.native_list_audio_volume_groups) rc=0
[WESTLAKE-678] RegisterNatives(AudioPortEventHandler setup/finalize) rc=0
[WESTLAKE-679] RegisterNatives(AudioSystem empty ports/patches) rc=0
[WESTLAKE-494] register_MediaCodec_shim rc=0
[WESTLAKE-467] media session: installed media_session, queryLocalInterface=OK; fetcher: already registered
[WESTLAKE-454] shortcut service: installed, queryLocalInterface=OK
[liboh_android_runtime] startReg exiting (ok)
[CHILD] re-ran startReg in child, rc=0
[AppSpawnX] Initializing adapter layer (OHEnvironment)
[WESTLAKE-WEBVIEW-PROVIDER] primed ServiceManager webviewupdate cache public-readback=OK
[WESTLAKE-WEBVIEW-FEATURE] application=pending feature=held-unsupported
[WESTLAKE-WEBVIEW-PROVIDER] startup service cache=OK previous=null
[WESTLAKE-WEBVIEW-STARTUP] mandatory child cache=OK
[WESTLAKE-WMC] hop1 GetSessionManagerService: SendRequest err=0 status=0 -> obj=0x7f7f2db460 descriptor='OHOS.ISessionManagerService'
[WESTLAKE-WMC] hop2 GetSceneSessionManager: SendRequest err=0 status=0 -> obj=0x7f7f2db5f0 descriptor='OHOS.ISceneSessionManager'
[WESTLAKE-WMC] SceneSessionManager acquired
[AppSpawnX] Adapter layer initialized successfully
[AppSpawnX] Launching ActivityThread for org.westlake.imehost
[CM-BIGSTACK] java thread stack = 8 MB
[CM-BIGSTACK] launcher DetachCurrentThread before join rc=0
[WESTLAKE-APP-PRIV] ActivityThread nice=-4
[CM-BIGSTACK] ActivityThread on dedicated pthread, stack=8390992 bytes
[CHILD-SECURITY] source runtime uses Conscrypt/OhTrustBridge; legacy WestlakeJSSE skipped
[AppSpawnX] Launching target class: android.app.ActivityThread (proc=org.westlake.imehost, sdkVersion=0)
[AppSpawnX] Calling AppSpawnXInit.initChild("org.westlake.imehost", "android.app.ActivityThread", 0)
[AppSpawnX] [CHILD_CK] CK_BEFORE_initChild_call (about to enter Java)
[CHILD] EnsureFrontOfChain(SEGV/BUS) before initChild: symbol-missing
[SOURCE-JAVA] AppSpawnXJava: [FIX-AII] J_initChild_TOP proc=org.westlake.imehost
[SOURCE-JAVA] AppSpawnXJava: [FIX-AII] Resources.getSystem() = non-null
[SOURCE-JAVA] AppSpawnXJava: [B35-J] redirectLogStreamsToHiLog probe
[SOURCE-JAVA] AppSpawnXJava: [B32-J] J_initChild_entry proc=org.westlake.imehost
[SOURCE-JAVA] AppSpawnXJava: [B32-J] J_before_setArgV0
[SOURCE-JAVA] AppSpawnXJava: [B32-J] J_after_setArgV0
[SOURCE-JAVA] AppSpawnXJava: [B32-J] J_after_setTargetSdkVersion
[SOURCE-JAVA] AppSpawnXJava: [B32-J] J_after_initCommonRuntime
[WESTLAKE-WEBVIEW-PROVIDER] primed ServiceManager webviewupdate cache public-readback=OK
[WESTLAKE-WEBVIEW-FEATURE] application=pending feature=held-unsupported
[WESTLAKE-WEBVIEW-PROVIDER] startup service cache=OK previous=same
[WESTLAKE-WEBVIEW-STARTUP] mandatory child cache=OK
[WESTLAKE-WMC] hop1 GetSessionManagerService: SendRequest err=0 status=0 -> obj=0x7f7f2db780 descriptor='OHOS.ISessionManagerService'
[WESTLAKE-WMC] hop2 GetSceneSessionManager: SendRequest err=0 status=0 -> obj=0x7f7f2db5f0 descriptor='OHOS.ISceneSessionManager'
[WESTLAKE-WMC] SceneSessionManager acquired
[SOURCE-JAVA] AppSpawnXJava: [B32-J] J_after_initAdapterLayer
[SOURCE-JAVA] AppSpawnXJava: [B32-J] J_before_installActivityManagerStub
[AdapterIAM] real adapter ctor FAILED, falling back to Proxy stub: java.lang.RuntimeException: direct-launch: skipping real AMS adapter (samgr)
[AdapterIAM-stub_MPS] m1_before_loadIface android.app.IActivityManager
[AdapterIAM-stub_MPS] m2_loaded_iface=interface android.app.IActivityManager
[AdapterIAM-stub_MPS] m3_loaded_iBinder
[AdapterIAM-stub_MPS] m4_made_handler
[AdapterIAM-stub_MPS] m5_proxy_made=AdapterIAM-stub
[AdapterIAM] IActivityManagerSingleton.mInstance installed = AdapterIAM-stub
[SOURCE-JAVA] AppSpawnXJava: [B32-J] J_after_installActivityManagerStub
[AdapterIPM] real PackageManagerAdapter (getInstance singleton): adapter.packagemanager.PackageManagerAdapter@6ad1bbc
[AdapterIPM] ActivityThread.sPackageManager installed = adapter.packagemanager.PackageManagerAdapter@6ad1bbc
[SOURCE-JAVA] AppSpawnXJava: [B32-J] J_after_installPackageManagerStub
[AdapterIWM] real WindowManagerAdapter (getInstance singleton): adapter.window.WindowManagerAdapter@5904745
[AdapterIWM] WindowManagerGlobal.sWindowManagerService installed = adapter.window.WindowManagerAdapter@5904745
[SOURCE-JAVA] AppSpawnXJava: [B32-J] J_after_installWindowManagerStub
[OH_IIMAdapter] instantiated, nativeBridge=0x7f7a436370
[AdapterIIM] real InputManagerAdapter (getInstance singleton): adapter.window.InputManagerAdapter@8838e9a
[AdapterIIM] InputManagerGlobal.sService not found: java.lang.NoSuchFieldException: No field sService in class Landroid/hardware/input/InputManagerGlobal; (declaration of 'android.hardware.input.InputManagerGlobal' appears in /system/framework/framework.jar!classes2.dex)
[AdapterIIM] InputManagerGlobal sInstance=android.hardware.input.InputManagerGlobal@a92d3cb sService=adapter.window.InputManagerAdapter@8838e9a
[SOURCE-JAVA] AppSpawnXJava: [B32-J] J_after_installInputManagerAdapter
[AdapterIAudioSvc] AudioManager.sService stamped with Proxy stub=IAudioServiceStub@e7bfa66
[SOURCE-JAVA] AppSpawnXJava: [B32-J] J_after_installAudioServiceStub
[JobSchedulerStub] installed local scheduler for jobscheduler
[SOURCE-JAVA] AppSpawnXJava: [B32-J] J_after_installJobSchedulerStub
[AdapterISM] CK1_enter (B.14 real OHServiceManager)
[OHServiceManager] instantiated (real-routed adapter, not Proxy)
[AdapterISM] CK2_after_OHServiceManager_new = adapter.core.OHServiceManager@bc7f143
[AdapterISM] CK3_installed sServiceManager = adapter.core.OHServiceManager@bc7f143
[AdapterISM] webviewupdate service cache=OK
[SOURCE-JAVA] AppSpawnXJava: [B32-J] J_after_installServiceManagerAdapter
[WESTLAKE-WEBVIEW-PROVIDER] primed ServiceManager webviewupdate cache public-readback=OK
[WESTLAKE-WEBVIEW-FEATURE] application=pending feature=held-unsupported
[WESTLAKE-WEBVIEW-PROVIDER] startup service cache=OK previous=same
[WESTLAKE-WEBVIEW-STARTUP] checkpoint=[B32-J] J_after_installServiceManagerAdapter result=OK
[SOURCE-JAVA] AppSpawnXJava: [WESTLAKE-CONTENT] published local IContentService
[SOURCE-JAVA] AppSpawnXJava: [B32-J] J_after_installContentServiceAdapter
[WESTLAKE-STORAGE-750] published local mount service OHStorageManagerAdapter@44cebec
[SOURCE-JAVA] AppSpawnXJava: [B32-J] J_after_installStorageManagerAdapter
[AdapterIACC] CK1_enter (real Adapter extends Stub)
[AdapterIACC] CK2_real Adapter (getInstance singleton) = adapter.activity.ActivityClientControllerAdapter@92a8bb5
[AdapterIACC] CK3_installed mKnownInstance = adapter.activity.ActivityClientControllerAdapter@92a8bb5
[AdapterIACC] CK4_installed Singleton.mInstance = adapter.activity.ActivityClientControllerAdapter@92a8bb5
[SOURCE-JAVA] AppSpawnXJava: [B32-J] J_after_installActivityClientControllerStub
[SettingsCache] enter
[SettingsCache] installSettingsContentProviderStub enter
[SettingsCache]   injected mContentProvider into android.provider.Settings$Global holder
[SettingsCache]   injected mContentProvider into android.provider.Settings$Secure holder
[SettingsCache]   injected mContentProvider into android.provider.Settings$System holder
[SettingsCache] IContentProvider Proxy installed in 3 holders
[SettingsCache] OK android.provider.Settings$Global populated 5 keys, sample=1
[SettingsCache] OK android.provider.Settings$Secure populated 3 keys, sample=0
[SettingsCache] OK android.provider.Settings$System populated 2 keys, sample=0
[SOURCE-JAVA] AppSpawnXJava: [B32-J] J_after_preInitSettingsCache
[InitSysAM] current sSystemApkAssets length=1
[InitSysAM] post-init sSystem apkPaths=[/data/local/tmp/asx/framework-res.apk]  (should be exactly 1 framework-res, no duplicates)
[SOURCE-JAVA] AppSpawnXJava: [B32-J] J_after_installAdapters
[SOURCE-JAVA] AppSpawnXJava: [B32-J] J_direct_launch_armed pkg=com.ss.android.article.news apk=/data/local/tmp/asx/toutiao.apk act=com.ss.android.article.news.activity.MainActivity
[SOURCE-JAVA] AppSpawnXJava: [B32-J] J_before_invokeStaticMain target=android.app.ActivityThread
[CHILD_CK] J_invokeStaticMain_entry className=android.app.ActivityThread
[CHILD_CK] J_invokeStaticMain_classForName_OK
[CHILD_CK] J_invokeStaticMain_getMethod_OK
[CHILD_CK] J_probe_complete
[CHILD_CK] J_invokeStaticMain_BEFORE_main_invoke
[AdapterIAM-stub] attachApplication (no-op)
[TOUCH21-POLL] enter now=79489563 tid=6705 ptr=0x7f84835690 looper=0x7f851fe7f0 timeout=0
[TOUCH21-POLL] exit now=79489563 tid=6705 ptr=0x7f84835690
[TOUCH21-POLL] enter now=79489563 tid=6705 ptr=0x7f84835690 looper=0x7f851fe7f0 timeout=-1
[TOUCH21-WAKE] now=79489564 tid=6721 ptr=0x7f84835690 looper=0x7f851fe7f0
[TOUCH21-POLL] exit now=79489564 tid=6705 ptr=0x7f84835690
[DIRECT-LAUNCH] START pkg=com.ss.android.article.news apk=/data/local/tmp/asx/toutiao.apk act=com.ss.android.article.news.activity.MainActivity uid=20010053 sdk=0
[SOURCE-NATIVE-LOAD] path=/data/local/tmp/asx/liboh_account_state.so search=/data/local/tmp/asx:/system/lib64:/system/lib64/platformsdk:/system/lib64/chipset-sdk:/system/lib64/chipset-sdk-sp:/system/lib64/ndk:/vendor/lib64/chipsetsdk:/vendor/lib64/hw:/vendor/lib64:/data/local/tmp/asx/lib/arm64-v8a:/data/local/tmp/asx/webview-t-lib
[SOURCE-NATIVE-LOADER] path=/data/local/tmp/asx/liboh_account_state.so class_paths=<none>
[SOURCE-NATIVE-ABI] errno=0x7f7ec86550 provider=/data/local/tmp/asx/webview-t-lib/libwebview_bionic_shim.so
[SOURCE-USER] androidUser=200 ohAccount=100 active=1 storageVerified=1
[OHServiceManager] getService("permissionmgr") → adapter (real-routed)
[SOURCE-PACKAGE] parsed com.ss.android.article.news uid=20010053 version=13900 targetSdk=30 nativeLibraryDir=/data/local/tmp/asx/lib/arm64-v8a
[WESTLAKE-PM] split APKs com.ss.android.article.news source=scanned count=0 paths=[]
[DIRECT-LAUNCH] ApplicationInfo built, sourceDir=/data/local/tmp/asx/toutiao.apk splits=0
[B43-BIND] ensureBindApplication start bundle=com.ss.android.article.news
[B43-BIND] resolved ApplicationInfo pkg=com.ss.android.article.news uid=20010053 process=com.ss.android.article.news targetSdk=30 sourceDir=/data/local/tmp/asx/toutiao.apk nativeLibraryDir=/data/local/tmp/asx/lib/arm64-v8a
[SOURCE-NATIVE-LOAD] path=/data/local/tmp/asx/libwl_missing_natives.so search=/data/local/tmp/asx:/system/lib64:/system/lib64/platformsdk:/system/lib64/chipset-sdk:/system/lib64/chipset-sdk-sp:/system/lib64/ndk:/vendor/lib64/chipsetsdk:/vendor/lib64/hw:/vendor/lib64:/data/local/tmp/asx/lib/arm64-v8a:/data/local/tmp/asx/webview-t-lib
[SOURCE-NATIVE-LOADER] path=/data/local/tmp/asx/libwl_missing_natives.so class_paths=<none>
[SOURCE-NATIVE-ABI] errno=0x7f7ec86550 provider=/data/local/tmp/asx/webview-t-lib/libwebview_bionic_shim.so
[WL-NATIVES] bound Math=23/23 StrictMath=20/20 SurfaceControl=1/1
[WL-JAVACORE] libcore natives loaded for the boot loader
[SOURCE-NATIVE-LOAD] path=/data/local/tmp/asx/libwl_opengl_jni.so search=/data/local/tmp/asx:/system/lib64:/system/lib64/platformsdk:/system/lib64/chipset-sdk:/system/lib64/chipset-sdk-sp:/system/lib64/ndk:/vendor/lib64/chipsetsdk:/vendor/lib64/hw:/vendor/lib64:/data/local/tmp/asx/lib/arm64-v8a:/data/local/tmp/asx/webview-t-lib
[SOURCE-NATIVE-LOADER] path=/data/local/tmp/asx/libwl_opengl_jni.so class_paths=<none>
[SOURCE-NATIVE-ABI] errno=0x7f7ec86550 provider=/data/local/tmp/asx/webview-t-lib/libwebview_bionic_shim.so
[WL-OPENGL] registered EGLImpl=ok GLImpl=ok GLES10=ok GLES10Ext=ok GLES11=ok GLES11Ext=ok GLES20=ok GLES30=ok GLES31=ok GLES31Ext=ok GLES32=ok
[WL-KEYSTORE] installed software AndroidKeyStore provider, keys in /data/data/com.ss.android.article.news/no_backup/westlake-android-keystore
[OH_DisplayMgrAdapter] instantiated (real-routed via OH Rosen DisplayManager)
[B43] Configuration: locale=en_US fontScale=1.0 densityDpi=360 orient=1 uiMode=0x11
[B43-BIND] providers populated: 43
[B43-BIND] compat: targetSdk=30 disabled 250 of 290 gated changes
[B43-BIND] AppBindData constructed (real Configuration + flags + autofill defaults)
[B43-BIND] mCoreSettings seeded (TIME_12_24=null, keys=0)
[OHServiceManager] getService("network_management") → null (stub — see doc/shortcuts_inventory.html#chC)
nullptr E 09-25 23:46:52  6689  6705 oat_file_assistant.cc:675] Could not check odex file /data/misc/apexdata/com.android.art/dalvik-cache/arm64/data@local@tmp@asx@toutiao.apk@classes.odex: Permission denied
ziparchive: +++ Found EOCD at buf+65535
ziparchive: +++ num_entries=24801 dir_size=2674598 dir_offset=135966720
ziparchive: +++ zip good scan 24801 entries
ziparchive: Zip: Unable to find entry classes22.dex
ziparchive: Zip: Could not find entry classes22.dex
ziparchive: Closing archive 0x7f84836730
[IMG] Loaded /data/local/tmp/asx/oat/arm64/toutiao.art at 0x3c000000 (size=0x507c)
ziparchive: +++ Found EOCD at buf+65535
ziparchive: +++ num_entries=24801 dir_size=2674598 dir_offset=135966720
ziparchive: +++ zip good scan 24801 entries
ziparchive: Zip: Unable to find entry classes22.dex
ziparchive: Zip: Could not find entry classes22.dex
ziparchive: Closing archive 0x7f84b93b30
[B43-BIND] WebView support hold released (was false)
[SOURCE-NATIVE-LOAD] path=libstats_jni.so search=/data/local/tmp/asx:/system/lib64:/system/lib64/platformsdk:/system/lib64/chipset-sdk:/system/lib64/chipset-sdk-sp:/system/lib64/ndk:/vendor/lib64/chipsetsdk:/vendor/lib64/hw:/vendor/lib64:/data/local/tmp/asx/lib/arm64-v8a:/data/local/tmp/asx/webview-t-lib
[SOURCE-NATIVE-LOADER] path=libstats_jni.so class_paths=<none>
[SOURCE-NATIVE-ABI] errno=0x7f7ec86550 provider=/data/local/tmp/asx/webview-t-lib/libwebview_bionic_shim.so
[OHServiceManager] getService("display") → adapter (real-routed)
[OHServiceManager] getService("network_management") → null (stub — see doc/shortcuts_inventory.html#chC)
[SOURCE-NATIVE-LOAD] path=/data/local/tmp/asx/liboh_connectivity_state.so search=/data/local/tmp/asx:/system/lib64:/system/lib64/platformsdk:/system/lib64/chipset-sdk:/system/lib64/chipset-sdk-sp:/system/lib64/ndk:/vendor/lib64/chipsetsdk:/vendor/lib64/hw:/vendor/lib64:/data/local/tmp/asx/lib/arm64-v8a:/data/local/tmp/asx/webview-t-lib
[SOURCE-NATIVE-LOADER] path=/data/local/tmp/asx/liboh_connectivity_state.so class_paths=<none>
[SOURCE-NATIVE-ABI] errno=0x7f7ec86550 provider=/data/local/tmp/asx/webview-t-lib/libwebview_bionic_shim.so
[OhConnectivityState] loaded source OH network helper from /data/local/tmp/asx/liboh_connectivity_state.so
[OhConnectivityState] kernel route enumeration iface=wlan0 index=33 netlink=4 phase=7 routes=4 uid=20010053
[OhConnectivityState] OH direct default link reconciliation netId=118 iface=wlan0 oh_counts=3/2/0 observed_counts=4/2/4 merged_counts=7/4/4 mtu=1500
[OhConnectivityState] OH proxy/permission probe rc=0 configured=0 port=0 self_network_info=1 uid=20010053
[OhConnectivityState] OH snapshot ok=true available=true backend=oh-netconn netId=118 iface=wlan0 mtu=1500 caps=0x19000 bearers=0x2 metered=true counts=4/2/4 proxy=0/false rc=0/0/0/0/0
[AdapterCM] connectivity service bound to OH state: ok=true available=true backend=oh-netconn netId=118 iface=wlan0 mtu=1500 caps=0x19000 bearers=0x2 metered=true counts=4/2/4 proxy=0/false rc=0/0/0/0/0
[OHServiceManager] getService("connectivity") → adapter (real-routed)
[OHServiceManager] getService("connectivity") → adapter (real-routed)
[SOURCE-NATIVE-LOAD] path=libframework-connectivity-jni.so search=/data/local/tmp/asx:/system/lib64:/system/lib64/platformsdk:/system/lib64/chipset-sdk:/system/lib64/chipset-sdk-sp:/system/lib64/ndk:/vendor/lib64/chipsetsdk:/vendor/lib64/hw:/vendor/lib64:/data/local/tmp/asx/lib/arm64-v8a:/data/local/tmp/asx/webview-t-lib
[SOURCE-NATIVE-LOADER] path=libframework-connectivity-jni.so class_paths=<none>
[SOURCE-NATIVE-ABI] errno=0x7f7ec86550 provider=/data/local/tmp/asx/webview-t-lib/libwebview_bionic_shim.so
[AdapterCM] call getProxyForNetwork
[SOURCE-NATIVE-LOAD] path=libframework-connectivity-tiramisu-jni.so search=/data/local/tmp/asx:/system/lib64:/system/lib64/platformsdk:/system/lib64/chipset-sdk:/system/lib64/chipset-sdk-sp:/system/lib64/ndk:/vendor/lib64/chipsetsdk:/vendor/lib64/hw:/vendor/lib64:/data/local/tmp/asx/lib/arm64-v8a:/data/local/tmp/asx/webview-t-lib
[SOURCE-NATIVE-LOADER] path=libframework-connectivity-tiramisu-jni.so class_paths=<none>
[SOURCE-NATIVE-ABI] errno=0x7f7ec86550 provider=/data/local/tmp/asx/webview-t-lib/libwebview_bionic_shim.so
[OHServiceManager] getService("netstats") → null (stub — see doc/shortcuts_inventory.html#chC)
[WESTLAKE-STORAGE-750] getVolumeList user=200 package=com.ss.android.article.news root=/data/data/com.ss.android.article.news/external writable=true
[WESTLAKE-LOCAL-SERVICE] appops bound in process
[OHServiceManager] getService("appops") → adapter (real-routed)
[SOURCE-NATIVE-LOAD] path=/data/local/tmp/asx/lib/arm64-v8a/libsafe-mode-native-lib.so search=/data/local/tmp/asx:/system/lib64:/system/lib64/platformsdk:/system/lib64/chipset-sdk:/system/lib64/chipset-sdk-sp:/system/lib64/ndk:/vendor/lib64/chipsetsdk:/vendor/lib64/hw:/vendor/lib64:/data/local/tmp/asx/lib/arm64-v8a:/data/local/tmp/asx/webview-t-lib
[SOURCE-NATIVE-LOADER] path=/data/local/tmp/asx/lib/arm64-v8a/libsafe-mode-native-lib.so class_paths=/data/local/tmp/asx/lib/arm64-v8a:/data/local/tmp/asx/toutiao.apk!/lib/arm64-v8a
[SOURCE-NATIVE-ABI] errno=0x7f7ec86550 provider=/data/local/tmp/asx/webview-t-lib/libwebview_bionic_shim.so
[WESTLAKE-WEBVIEW-SIGNAL] sigaction #1 signal=4 flags=0x18000004 callback=0x7ec9540b28 rc=0 errno=22
[WESTLAKE-WEBVIEW-SIGNAL] sigaction #2 signal=5 flags=0x18000004 callback=0x7ec9540b28 rc=0 errno=22
[WESTLAKE-WEBVIEW-SIGNAL] sigaction #3 signal=6 flags=0x18000004 callback=0x7ec9540b28 rc=0 errno=22
[WESTLAKE-WEBVIEW-SIGNAL] sigaction #4 signal=7 flags=0x18000004 callback=0x7ec9540b28 rc=0 errno=22
[WESTLAKE-WEBVIEW-SIGNAL] sigaction #5 signal=8 flags=0x18000004 callback=0x7ec9540b28 rc=0 errno=22
[WESTLAKE-WEBVIEW-SIGNAL] sigaction #6 signal=11 flags=0x18000004 callback=0x7ec9540b28 rc=0 errno=22
[WESTLAKE-WEBVIEW-SIGNAL] sigaction #7 signal=16 flags=0x18000004 callback=0x7ec9540b28 rc=0 errno=22
[WESTLAKE-WEBVIEW-SIGNAL] sigaction #8 signal=31 flags=0x18000004 callback=0x7ec9540b28 rc=0 errno=22
[SOURCE-NATIVE-LOAD] path=/data/local/tmp/asx/lib/arm64-v8a/libflipped.so search=/data/local/tmp/asx:/system/lib64:/system/lib64/platformsdk:/system/lib64/chipset-sdk:/system/lib64/chipset-sdk-sp:/system/lib64/ndk:/vendor/lib64/chipsetsdk:/vendor/lib64/hw:/vendor/lib64:/data/local/tmp/asx/lib/arm64-v8a:/data/local/tmp/asx/webview-t-lib
[SOURCE-NATIVE-LOADER] path=/data/local/tmp/asx/lib/arm64-v8a/libflipped.so class_paths=/data/local/tmp/asx/lib/arm64-v8a:/data/local/tmp/asx/toutiao.apk!/lib/arm64-v8a
[SOURCE-NATIVE-ABI] errno=0x7f7ec86550 provider=/data/local/tmp/asx/webview-t-lib/libwebview_bionic_shim.so
ClassDefAttachInitTask isOpenODexSuccess cost: 2
[SOURCE-NATIVE-LOAD] path=/data/local/tmp/asx/lib/arm64-v8a/libkeva.so search=/data/local/tmp/asx:/system/lib64:/system/lib64/platformsdk:/system/lib64/chipset-sdk:/system/lib64/chipset-sdk-sp:/system/lib64/ndk:/vendor/lib64/chipsetsdk:/vendor/lib64/hw:/vendor/lib64:/data/local/tmp/asx/lib/arm64-v8a:/data/local/tmp/asx/webview-t-lib
[SOURCE-NATIVE-LOADER] path=/data/local/tmp/asx/lib/arm64-v8a/libkeva.so class_paths=/data/local/tmp/asx/lib/arm64-v8a:/data/local/tmp/asx/toutiao.apk!/lib/arm64-v8a
[SOURCE-NATIVE-ABI] errno=0x7f7ec86550 provider=/data/local/tmp/asx/webview-t-lib/libwebview_bionic_shim.so
[TOUCH21-WAKE] now=79490686 tid=6753 ptr=0x7f7ebb4180 looper=0x7f851ff330
[TOUCH21-WAKE] now=79490733 tid=6760 ptr=0x7f7ebb4180 looper=0x7f851ff330
[TOUCH21-WAKE] now=79490734 tid=6760 ptr=0x7f7ebb4180 looper=0x7f851ff330
[TOUCH21-WAKE] now=79490743 tid=6705 ptr=0x7f84ce5340 looper=0x7f85d2ee80
[TOUCH21-WAKE] now=79490759 tid=6766 ptr=0x7f7ebb4680 looper=0x7f84d54130
[WESTLAKE-WEBVIEW-PROVIDER] primed ServiceManager webviewupdate cache public-readback=OK
[WESTLAKE-WEBVIEW-FEATURE] application=pending feature=held-unsupported
[WESTLAKE-WEBVIEW-PROVIDER] startup service cache=OK previous=same
[WESTLAKE-WEBVIEW-STARTUP] application-ready cache-republish=OK attempt=1232
System.log(W): ClassLoader referenced unknown path: 
nullptr W 09-25 23:46:53  6689  6770 class_loader_context.cc:1122] Unsupported class loader
[TOUCH21-WAKE] now=79491033 tid=6705 ptr=0x7f84ce5340 looper=0x7f85d2ee80
[OHServiceManager] getService("netstats") → null (stub — see doc/shortcuts_inventory.html#chC)
[SOURCE-NATIVE-LOAD] path=/data/local/tmp/asx/lib/arm64-v8a/libalog.so search=/data/local/tmp/asx:/system/lib64:/system/lib64/platformsdk:/system/lib64/chipset-sdk:/system/lib64/chipset-sdk-sp:/system/lib64/ndk:/vendor/lib64/chipsetsdk:/vendor/lib64/hw:/vendor/lib64:/data/local/tmp/asx/lib/arm64-v8a:/data/local/tmp/asx/webview-t-lib
[SOURCE-NATIVE-LOADER] path=/data/local/tmp/asx/lib/arm64-v8a/libalog.so class_paths=/data/local/tmp/asx/lib/arm64-v8a:/data/local/tmp/asx/toutiao.apk!/lib/arm64-v8a
[SOURCE-NATIVE-ABI] errno=0x7f7ec86550 provider=/data/local/tmp/asx/webview-t-lib/libwebview_bionic_shim.so
[SOURCE-NATIVE-LOAD] path=/data/local/tmp/asx/lib/arm64-v8a/libmetasec_ml.so search=/data/local/tmp/asx:/system/lib64:/system/lib64/platformsdk:/system/lib64/chipset-sdk:/system/lib64/chipset-sdk-sp:/system/lib64/ndk:/vendor/lib64/chipsetsdk:/vendor/lib64/hw:/vendor/lib64:/data/local/tmp/asx/lib/arm64-v8a:/data/local/tmp/asx/webview-t-lib
[SOURCE-NATIVE-LOADER] path=/data/local/tmp/asx/lib/arm64-v8a/libmetasec_ml.so class_paths=/data/local/tmp/asx/lib/arm64-v8a:/data/local/tmp/asx/toutiao.apk!/lib/arm64-v8a
[SOURCE-NATIVE-ABI] errno=0x7f7ec86550 provider=/data/local/tmp/asx/webview-t-lib/libwebview_bionic_shim.so
[SOURCE-NATIVE-LOAD] path=/data/local/tmp/asx/lib/arm64-v8a/libhost_abi.so search=/data/local/tmp/asx:/system/lib64:/system/lib64/platformsdk:/system/lib64/chipset-sdk:/system/lib64/chipset-sdk-sp:/system/lib64/ndk:/vendor/lib64/chipsetsdk:/vendor/lib64/hw:/vendor/lib64:/data/local/tmp/asx/lib/arm64-v8a:/data/local/tmp/asx/webview-t-lib
[SOURCE-NATIVE-LOADER] path=/data/local/tmp/asx/lib/arm64-v8a/libhost_abi.so class_paths=/data/local/tmp/asx/lib/arm64-v8a:/data/local/tmp/asx/toutiao.apk!/lib/arm64-v8a
[SOURCE-NATIVE-ABI] errno=0x7f7ec86550 provider=/data/local/tmp/asx/webview-t-lib/libwebview_bionic_shim.so
[OHServiceManager] getService("connectivity") → adapter (real-routed)
[WESTLAKE-COLLATE] LOCALIZED + PHONEBOOK registered
[AdapterCM] call getActiveNetworkInfo
[TOUCH21-WAKE] now=79491276 tid=6797 ptr=0x7f7cbf6e80 looper=0x7f7f1f28d0
[WESTLAKE-COLLATE] LOCALIZED + PHONEBOOK registered
[TOUCH21-WAKE] now=79491306 tid=6799 ptr=0x7f84ce5340 looper=0x7f85d2ee80
[TOUCH21-WAKE] now=79491313 tid=6705 ptr=0x7f7ebb4090 looper=0x7f84d544a0
[WESTLAKE-COLLATE] LOCALIZED + PHONEBOOK registered
[SOURCE-NATIVE-LOAD] path=/data/local/tmp/asx/lib/arm64-v8a/libjato.so search=/data/local/tmp/asx:/system/lib64:/system/lib64/platformsdk:/system/lib64/chipset-sdk:/system/lib64/chipset-sdk-sp:/system/lib64/ndk:/vendor/lib64/chipsetsdk:/vendor/lib64/hw:/vendor/lib64:/data/local/tmp/asx/lib/arm64-v8a:/data/local/tmp/asx/webview-t-lib
[SOURCE-NATIVE-LOADER] path=/data/local/tmp/asx/lib/arm64-v8a/libjato.so class_paths=/data/local/tmp/asx/lib/arm64-v8a:/data/local/tmp/asx/toutiao.apk!/lib/arm64-v8a
[SOURCE-NATIVE-ABI] errno=0x7f7ec86550 provider=/data/local/tmp/asx/webview-t-lib/libwebview_bionic_shim.so
ClassDefAttachInitTask isOpenODexSuccess cost: 16
[TOUCH21-WAKE] now=79491384 tid=6705 ptr=0x7f7ebb4680 looper=0x7f84d54130
[WESTLAKE-COLLATE] LOCALIZED + PHONEBOOK registered
[WESTLAKE-WEBVIEW-BIONIC] property ro.build.version.sdk=34
[WESTLAKE-WEBVIEW-BIONIC] property ro.arch=arm64
[WESTLAKE-WEBVIEW-BIONIC] sysconf selector=39 translated bionic->musl selector=30 result=4096 caller=/data/local/tmp/asx/lib/arm64-v8a/libjato.so
[WESTLAKE-WEBVIEW-BIONIC] property ro.build.version.sdk=34
[WESTLAKE-LOCAL-SERVICE] power bound in process
[OHServiceManager] getService("power") → adapter (real-routed)
[WESTLAKE-LOCAL-SERVICE] thermalservice bound in process
[OHServiceManager] getService("thermalservice") → adapter (real-routed)
[WESTLAKE-LOCAL-SERVICE] batterystats bound in process
[OHServiceManager] getService("batterystats") → adapter (real-routed)
[WESTLAKE-LOCAL-SERVICE] batteryproperties bound in process
[OHServiceManager] getService("batteryproperties") → adapter (real-routed)
[TOUCH21-WAKE] now=79491690 tid=6705 ptr=0x7f7ebb4090 looper=0x7f84d544a0
[WESTLAKE-PM] resolveContentProvider com.ss.android.article.news.hwid.sdk.otafileprovider -> com.bytedance.article.dex.account.huawei.OtaFileProvider metadata=1
[WESTLAKE-PM] resolveContentProvider com.ss.android.article.news.pm.PPMP -> com.bytedance.mira.pm.PluginPackageManagerProvider metadata=0
plugin_exception_monitor,PluginPackageManager isPluginPackage failed.,Unknown authority com.ss.android.article.news.pm.PPMP
null
android.content.ContentResolver.call(Unknown Source:75)
android.content.ContentResolver.call(Unknown Source:4)
com.bytedance.mira.core.BinderProvider.b(SourceFile:33947773)
com.bytedance.mira.pm.PluginPackageManager.generatePluginPackageManager(SourceFile:327722)
com.bytedance.mira.pm.PluginPackageManager.getInstance(SourceFile:327742)
com.bytedance.mira.pm.PluginPackageManager.isPluginPackage(SourceFile:16973824)
X.3Kq.beforeInvoke(SourceFile:50725011)
com.bytedance.mira.hook.proxy.AbsObjectProxy.invoke(SourceFile:50724929)
java.lang.reflect.Proxy.invoke(Unknown Source:2)
$Proxy31.registerReceiverWithFeature(Unknown Source)
android.app.ContextImpl.registerReceiverInternal(Unknown Source:100)
android.app.ContextImpl.registerReceiver(Unknown Source:14)
android.app.ContextImpl.registerReceiver(Unknown Source:1)
X.A7k.l(SourceFile:67633539)
com.ss.android.article.news.ArticleApplication.registerReceiver(SourceFile:33947779)
com.ss.android.common.util.NetworkStatusMonitor.INVOKEVIRTUAL_com_ss_android_common_util_NetworkStatusMonitor_com_bytedance_sysoptimizer_ReceiverRegisterLancet_registerReceiver(SourceFile:50593818)
com.ss.android.common.util.NetworkStatusMonitor.start(SourceFile:262179)
com.ss.android.common.util.NetworkStatusMonitor.getIns(SourceFile:17039391)
com.bytedance.news.foundation.init.AppLaunchInit.init(SourceFile:327697)
com.ss.android.init.tasks.AppLaunchInitTask.run(SourceFile:196625)
com.bytedance.lego.init.InitTaskDispatcher.runTask(SourceFile:17236146)
com.bytedance.lego.init.InitTaskDispatcher.a(SourceFile:33554432)
X.A9q.run(SourceFile:196629)
java.util.concurrent.ThreadPoolExecutor.runWorker(Unknown Source:75)
java.util.concurrent.ThreadPoolExecutor$Worker.run(Unknown Source:2)
java.lang.Thread.run(Unknown Source:4)
X.1wi.run(SourceFile:196625)

[OHServiceManager] getService("wifi") → null (stub — see doc/shortcuts_inventory.html#chC)
[TOUCH21-WAKE] now=79491941 tid=6780 ptr=0x7f7b8d4c40 looper=0x7f7cccb6d0
[OHServiceManager] getService("isub") → null (stub — see doc/shortcuts_inventory.html#chC)
[WESTLAKE-VSYNC] scheduleVsync ENTRY receiverPtr=0x7f7c01df60 state=0x7f7c01df60
[WESTLAKE-VSYNC] watchdog thread started
[WESTLAKE-VSYNC] onOhVsync ENTRY ts=79492091521355 data=0x7f7c01df60
[WESTLAKE-VSYNC] ts_oh=79492091521355 ms=79492091 | mono=79492092169141 ms=79492092
[TOUCH21-WAKE] now=79492118 tid=6809 ptr=0x7f84ce5340 looper=0x7f85d2ee80
[WESTLAKE-VSYNC] tick state=0x7f7c01df60 destroyed=0 scheduled=0
[AdapterCM] call getActiveNetwork
[AdapterCM] call getNetworkInfoForUid
[AdapterCM] call getNetworkCapabilities
[WESTLAKE-VSYNC] tick state=0x7f7c01df60 destroyed=0 scheduled=0
[SOURCE-NATIVE-LOAD] path=/data/local/tmp/asx/lib/arm64-v8a/libsscronet.so search=/data/local/tmp/asx:/system/lib64:/system/lib64/platformsdk:/system/lib64/chipset-sdk:/system/lib64/chipset-sdk-sp:/system/lib64/ndk:/vendor/lib64/chipsetsdk:/vendor/lib64/hw:/vendor/lib64:/data/local/tmp/asx/lib/arm64-v8a:/data/local/tmp/asx/webview-t-lib
[SOURCE-NATIVE-LOADER] path=/data/local/tmp/asx/lib/arm64-v8a/libsscronet.so class_paths=/data/local/tmp/asx/lib/arm64-v8a:/data/local/tmp/asx/toutiao.apk!/lib/arm64-v8a
[SOURCE-NATIVE-ABI] errno=0x7f7ec86550 provider=/data/local/tmp/asx/webview-t-lib/libwebview_bionic_shim.so
[AdapterCM] call getLinkProperties
[WESTLAKE-VSYNC] tick state=0x7f7c01df60 destroyed=0 scheduled=0
[WESTLAKE-VSYNC] tick state=0x7f7c01df60 destroyed=0 scheduled=0
[AdapterCM] call requestNetwork
[AdapterCM] register(requestNetwork, TRACK_DEFAULT, timeoutMs=0) -> requestId=1
[WESTLAKE-VSYNC] tick state=0x7f7c01df60 destroyed=0 scheduled=0
[AdapterCM] call getAllNetworks
[WESTLAKE-WEBVIEW-BIONIC] sysconf selector=96 translated bionic->musl selector=83 result=8 caller=/data/local/tmp/asx/lib/arm64-v8a/libsscronet.so
[SOURCE-NATIVE-LOAD] path=/data/data/com.ss.android.article.news/app_lib/libmetasec_ml.so search=/data/local/tmp/asx:/system/lib64:/system/lib64/platformsdk:/system/lib64/chipset-sdk:/system/lib64/chipset-sdk-sp:/system/lib64/ndk:/vendor/lib64/chipsetsdk:/vendor/lib64/hw:/vendor/lib64:/data/local/tmp/asx/lib/arm64-v8a:/data/local/tmp/asx/webview-t-lib
[WESTLAKE-NATIVENET-807] epoll_create size=32000 result=77 errno=0
[SOURCE-NATIVE-LOADER] path=/data/data/com.ss.android.article.news/app_lib/libmetasec_ml.so class_paths=/data/local/tmp/asx/lib/arm64-v8a:/data/local/tmp/asx/toutiao.apk!/lib/arm64-v8a
[SOURCE-NATIVE-ABI] errno=0x7f7ec86550 provider=/data/local/tmp/asx/webview-t-lib/libwebview_bionic_shim.so
[AdapterCM] call listenForNetwork
[WESTLAKE-NATIVENET-807] epoll_ctl epfd=77 op=1 fd=81 events=0x1 data_fd=81 result=0 errno=0
[AdapterCM] register(listenForNetwork, LISTEN, timeoutMs=0) -> requestId=2
[WESTLAKE-VSYNC] tick state=0x7f7c01df60 destroyed=0 scheduled=0
[WESTLAKE-LOCAL-SERVICE] uimode bound in process
[OHServiceManager] getService("uimode") → adapter (real-routed)
[WESTLAKE-LOCAL-SERVICE] uimode.addCallback
[WESTLAKE-LOCAL-SERVICE] uimode.getContrast
[WESTLAKE-LOCAL-SERVICE] uimode.getCurrentModeType
[WESTLAKE-WEBVIEW-NDK] ALooper_prepare opts=0 looper=0x7f7a838a00 backend=0x7f7b48deb0
[WESTLAKE-WEBVIEW-NDK] ALooper_addFd looper=0x7f7a838a00 backend=0x7f7b48deb0 fd=80 ident=0 events=1 callback=0x7e553ef1ec data=0x7f7aa32cd0 result=1
[WESTLAKE-WEBVIEW-NDK] ALooper_addFd looper=0x7f7a838a00 backend=0x7f7b48deb0 fd=83 ident=0 events=1 callback=0x7e553ef220 data=0x7f7aa32cd0 result=1
[WESTLAKE-NATIVENET-807] epoll_create size=32000 result=84 errno=0
[WESTLAKE-NATIVENET-807] epoll_ctl epfd=84 op=1 fd=88 events=0x1 data_fd=88 result=0 errno=0
[SOURCE-NATIVE-LOAD] path=/data/local/tmp/asx/lib/arm64-v8a/libmetasec_ml.so search=/data/local/tmp/asx:/system/lib64:/system/lib64/platformsdk:/system/lib64/chipset-sdk:/system/lib64/chipset-sdk-sp:/system/lib64/ndk:/vendor/lib64/chipsetsdk:/vendor/lib64/hw:/vendor/lib64:/data/local/tmp/asx/lib/arm64-v8a:/data/local/tmp/asx/webview-t-lib
[SOURCE-NATIVE-LOADER] path=/data/local/tmp/asx/lib/arm64-v8a/libmetasec_ml.so class_paths=/data/local/tmp/asx/lib/arm64-v8a:/data/local/tmp/asx/toutiao.apk!/lib/arm64-v8a
[SOURCE-NATIVE-ABI] errno=0x7f7ec86550 provider=/data/local/tmp/asx/webview-t-lib/libwebview_bionic_shim.so
[SOURCE-NATIVE-LOAD] path=/data/data/com.ss.android.article.news/app_lib/libmetasec_ml.so search=/data/local/tmp/asx:/system/lib64:/system/lib64/platformsdk:/system/lib64/chipset-sdk:/system/lib64/chipset-sdk-sp:/system/lib64/ndk:/vendor/lib64/chipsetsdk:/vendor/lib64/hw:/vendor/lib64:/data/local/tmp/asx/lib/arm64-v8a:/data/local/tmp/asx/webview-t-lib
[SOURCE-NATIVE-LOADER] path=/data/data/com.ss.android.article.news/app_lib/libmetasec_ml.so class_paths=/data/local/tmp/asx/lib/arm64-v8a:/data/local/tmp/asx/toutiao.apk!/lib/arm64-v8a
[SOURCE-NATIVE-ABI] errno=0x7f7ec86550 provider=/data/local/tmp/asx/webview-t-lib/libwebview_bionic_shim.so
[AdapterCM] delivered callback=2 requestId=1 netId=118
[WESTLAKE-NATIVENET-807] epoll_wait epfd=84 max=32 timeout=-1 result=1 errno=0
[WESTLAKE-NATIVENET-807] epoll_event[0] events=0x1 data_fd=88 data_u64=88
[WESTLAKE-NATIVENET-807] epoll_wait epfd=84 max=32 timeout=-1 result=1 errno=0
[WESTLAKE-NATIVENET-807] epoll_event[0] events=0x1 data_fd=88 data_u64=88
[WESTLAKE-NATIVENET-807] epoll_wait epfd=77 max=32 timeout=-1 result=1 errno=0
[WESTLAKE-NATIVENET-807] epoll_event[0] events=0x1 data_fd=81 data_u64=81
nullptr D 09-25 23:46:54  6689  6780 compat_framework.cc:54] Compat change id reported: 142365358; UID 20010053; state: ENABLED
[SOURCE-NATIVE-LOAD] path=/data/local/tmp/asx/lib/arm64-v8a/libmetasec_ml.so search=/data/local/tmp/asx:/system/lib64:/system/lib64/platformsdk:/system/lib64/chipset-sdk:/system/lib64/chipset-sdk-sp:/system/lib64/ndk:/vendor/lib64/chipsetsdk:/vendor/lib64/hw:/vendor/lib64:/data/local/tmp/asx/lib/arm64-v8a:/data/local/tmp/asx/webview-t-lib
[SOURCE-NATIVE-LOADER] path=/data/local/tmp/asx/lib/arm64-v8a/libmetasec_ml.so class_paths=/data/local/tmp/asx/lib/arm64-v8a:/data/local/tmp/asx/toutiao.apk!/lib/arm64-v8a
[SOURCE-NATIVE-ABI] errno=0x7f7ec86550 provider=/data/local/tmp/asx/webview-t-lib/libwebview_bionic_shim.so
[WESTLAKE-NATIVENET-767] socket domain=2 type=0x2 protocol=0 result=92 errno=0
[WESTLAKE-NATIVENET-767] connect fd=92 family=2 len=16 address=8.8.8.8 port=53 result=0 errno=0
[WESTLAKE-NATIVENET-767] socket domain=10 type=0x2 protocol=0 result=92 errno=0
[WESTLAKE-NATIVENET-767] connect fd=92 family=10 len=28 address=2001:4860:4860::8888 port=53 result=0 errno=0
[WESTLAKE-NATIVENET-807] epoll_wait epfd=77 max=32 timeout=-1 result=1 errno=0
[WESTLAKE-NATIVENET-807] epoll_event[0] events=0x1 data_fd=81 data_u64=81
[TOUCH21-WAKE] now=79492689 tid=6801 ptr=0x7f84ce5340 looper=0x7f85d2ee80
[OHServiceManager] getService("phone") → null (stub — see doc/shortcuts_inventory.html#chC)
[OHServiceManager] getService("iphonesubinfo") → null (stub — see doc/shortcuts_inventory.html#chC)
[SOURCE-NATIVE-LOAD] path=/data/local/tmp/asx/lib/arm64-v8a/libjnativehook.so search=/data/local/tmp/asx:/system/lib64:/system/lib64/platformsdk:/system/lib64/chipset-sdk:/system/lib64/chipset-sdk-sp:/system/lib64/ndk:/vendor/lib64/chipsetsdk:/vendor/lib64/hw:/vendor/lib64:/data/local/tmp/asx/lib/arm64-v8a:/data/local/tmp/asx/webview-t-lib
[SOURCE-NATIVE-LOADER] path=/data/local/tmp/asx/lib/arm64-v8a/libjnativehook.so class_paths=/data/local/tmp/asx/lib/arm64-v8a:/data/local/tmp/asx/toutiao.apk!/lib/arm64-v8a
[SOURCE-NATIVE-ABI] errno=0x7f7ec86550 provider=/data/local/tmp/asx/webview-t-lib/libwebview_bionic_shim.so
[WESTLAKE-WEBVIEW-BIONIC] property ro.build.version.sdk=34
[WESTLAKE-WEBVIEW-BIONIC] property persist.sys.dalvik.vm.lib=
[WESTLAKE-WEBVIEW-BIONIC] property persist.sys.dalvik.vm.lib.2=
[SOURCE-NATIVE-LOAD] path=/data/data/com.ss.android.article.news/app_lib/libmetasec_ml.so search=/data/local/tmp/asx:/system/lib64:/system/lib64/platformsdk:/system/lib64/chipset-sdk:/system/lib64/chipset-sdk-sp:/system/lib64/ndk:/vendor/lib64/chipsetsdk:/vendor/lib64/hw:/vendor/lib64:/data/local/tmp/asx/lib/arm64-v8a:/data/local/tmp/asx/webview-t-lib
[SOURCE-NATIVE-LOADER] path=/data/data/com.ss.android.article.news/app_lib/libmetasec_ml.so class_paths=/data/local/tmp/asx/lib/arm64-v8a:/data/local/tmp/asx/toutiao.apk!/lib/arm64-v8a
[SOURCE-NATIVE-ABI] errno=0x7f7ec86550 provider=/data/local/tmp/asx/webview-t-lib/libwebview_bionic_shim.so
[WESTLAKE-NATIVENET-767] socket domain=1 type=0x1 protocol=0 result=96 errno=0
[WESTLAKE-NATIVENET-807] epoll_ctl epfd=84 op=1 fd=96 events=0x1 data_fd=96 result=0 errno=0
[WESTLAKE-NATIVENET-767] getaddrinfo node=dig.bdurl.net service=(null) hints_family=0 hints_socktype=1 hints_protocol=0 hints_flags=0x400 rc=0
[WESTLAKE-NATIVENET-767] addr[0] family=2 socktype=1 protocol=6 flags=0x0 len=16 address=120.233.65.160 port=0
[WESTLAKE-NATIVEADDRINFO-769] translated OH addrinfo to Bionic field order
[WESTLAKE-NATIVENET-767] socket domain=2 type=0x1 protocol=6 result=103 errno=0
[WESTLAKE-NATIVENET-767] setsockopt fd=103 level=6 option=1 len=4 result=0 errno=0
[WESTLAKE-NATIVENET-767] connect fd=103 family=2 len=16 address=120.233.65.160 port=443 result=-1 errno=115
[WESTLAKE-NATIVENET-807] epoll_ctl epfd=84 op=1 fd=103 events=0x4 data_fd=103 result=0 errno=0
[WESTLAKE-NATIVENET-807] getsockopt fd=103 level=1 option=4 len=4 value=0 result=0 errno=0
[WESTLAKE-NATIVENET-767] socket domain=2 type=0x1 protocol=6 result=104 errno=0
[WESTLAKE-NATIVENET-767] setsockopt fd=104 level=6 option=1 len=4 result=0 errno=0
[WESTLAKE-NATIVENET-767] connect fd=104 family=2 len=16 address=120.233.65.160 port=443 result=-1 errno=115
[WESTLAKE-NATIVENET-807] epoll_ctl epfd=84 op=1 fd=104 events=0x4 data_fd=104 result=0 errno=0
[WESTLAKE-NATIVENET-807] getsockopt fd=104 level=1 option=4 len=4 value=0 result=0 errno=0
[WESTLAKE-NATIVENET-767] socket domain=2 type=0x1 protocol=6 result=105 errno=0
[WESTLAKE-NATIVENET-767] setsockopt fd=105 level=6 option=1 len=4 result=0 errno=0
[WESTLAKE-NATIVENET-767] connect fd=105 family=2 len=16 address=120.233.65.160 port=443 result=-1 errno=115
[WESTLAKE-NATIVENET-807] epoll_ctl epfd=84 op=1 fd=105 events=0x4 data_fd=105 result=0 errno=0
[WESTLAKE-NATIVENET-807] getsockopt fd=105 level=1 option=4 len=4 value=0 result=0 errno=0
[WESTLAKE-NATIVENET-767] socket domain=2 type=0x1 protocol=6 result=107 errno=0
[WESTLAKE-NATIVENET-767] setsockopt fd=107 level=6 option=1 len=4 result=0 errno=0
[WESTLAKE-NATIVENET-767] connect fd=107 family=2 len=16 address=120.233.65.160 port=443 result=-1 errno=115
[WESTLAKE-NATIVENET-807] epoll_ctl epfd=84 op=1 fd=107 events=0x4 data_fd=107 result=0 errno=0
[WESTLAKE-NATIVENET-807] getsockopt fd=107 level=1 option=4 len=4 value=0 result=0 errno=0
[TOUCH21-WAKE] now=79492907 tid=6795 ptr=0x7f7cbf6e80 looper=0x7f7f1f28d0
[TOUCH21-WAKE] now=79492915 tid=6802 ptr=0x7f7ebb4090 looper=0x7f84d544a0
[WESTLAKE-NATIVENET-807] epoll_wait epfd=84 max=32 timeout=150 result=1 errno=0
[WESTLAKE-NATIVENET-807] epoll_event[0] events=0x4 data_fd=103 data_u64=103
[WESTLAKE-NATIVENET-807] getsockopt fd=103 level=1 option=4 len=4 value=0 result=0 errno=0
[WESTLAKE-NATIVENET-807] epoll_ctl epfd=84 op=2 fd=103 events=0x4 data_fd=103 result=0 errno=0
[WESTLAKE-NATIVENET-807] getsockopt fd=103 level=6 option=11 len=232 value=1 result=0 errno=0
[WESTLAKE-NATIVENET-807] getsockopt fd=103 level=6 option=11 len=232 value=1 result=0 errno=0
[WESTLAKE-NATIVENET-807] epoll_ctl epfd=84 op=1 fd=103 events=0x1 data_fd=103 result=0 errno=0
[WESTLAKE-NATIVENET-807] epoll_wait epfd=84 max=32 timeout=0 result=4 errno=0
[WESTLAKE-NATIVENET-807] epoll_event[0] events=0x4 data_fd=104 data_u64=104
[WESTLAKE-NATIVENET-807] epoll_event[1] events=0x1 data_fd=88 data_u64=88
[WESTLAKE-NATIVENET-807] epoll_event[2] events=0x4 data_fd=107 data_u64=107
[WESTLAKE-NATIVENET-807] epoll_event[3] events=0x4 data_fd=105 data_u64=105
[WESTLAKE-NATIVENET-807] getsockopt fd=104 level=1 option=4 len=4 value=0 result=0 errno=0
[WESTLAKE-NATIVENET-807] epoll_ctl epfd=84 op=2 fd=104 events=0x4 data_fd=104 result=0 errno=0
[WESTLAKE-NATIVENET-807] getsockopt fd=104 level=6 option=11 len=232 value=1 result=0 errno=0
[WESTLAKE-NATIVENET-807] getsockopt fd=104 level=6 option=11 len=232 value=1 result=0 errno=0
[WESTLAKE-NATIVENET-807] epoll_ctl epfd=84 op=1 fd=104 events=0x1 data_fd=104 result=0 errno=0
[WESTLAKE-NATIVENET-807] epoll_wait epfd=84 max=32 timeout=0 result=2 errno=0
[WESTLAKE-NATIVENET-807] epoll_event[0] events=0x4 data_fd=107 data_u64=107
[WESTLAKE-NATIVENET-807] epoll_event[1] events=0x4 data_fd=105 data_u64=105
[WESTLAKE-NATIVENET-807] getsockopt fd=107 level=1 option=4 len=4 value=0 result=0 errno=0
[WESTLAKE-NATIVENET-807] epoll_ctl epfd=84 op=2 fd=107 events=0x4 data_fd=107 result=0 errno=0
[WESTLAKE-NATIVENET-807] getsockopt fd=107 level=6 option=11 len=232 value=1 result=0 errno=0
[WESTLAKE-NATIVENET-807] epoll_ctl epfd=84 op=1 fd=107 events=0x1 data_fd=107 result=0 errno=0
[WESTLAKE-NATIVENET-807] getsockopt fd=105 level=1 option=4 len=4 value=0 result=0 errno=0
[WESTLAKE-NATIVENET-807] epoll_ctl epfd=84 op=2 fd=105 events=0x4 data_fd=105 result=0 errno=0
[WESTLAKE-NATIVENET-807] getsockopt fd=105 level=6 option=11 len=232 value=1 result=0 errno=0
[WESTLAKE-NATIVENET-807] epoll_ctl epfd=84 op=1 fd=105 events=0x1 data_fd=105 result=0 errno=0
[WESTLAKE-NATIVENET-807] epoll_wait epfd=84 max=32 timeout=0 result=0 errno=0
[WESTLAKE-NATIVENET-807] epoll_wait epfd=84 max=32 timeout=0 result=0 errno=0
[WESTLAKE-NATIVENET-807] epoll_wait epfd=84 max=32 timeout=0 result=0 errno=0
[WESTLAKE-NATIVENET-807] epoll_wait epfd=84 max=32 timeout=0 result=0 errno=0
[WESTLAKE-NATIVENET-807] epoll_wait epfd=84 max=32 timeout=0 result=1 errno=0
[WESTLAKE-NATIVENET-807] epoll_event[0] events=0x1 data_fd=103 data_u64=103
[WESTLAKE-NATIVENET-807] epoll_ctl epfd=84 op=2 fd=103 events=0x1 data_fd=103 result=0 errno=0
[TOUCH21-WAKE] now=79492967 tid=6795 ptr=0x7f7cbf6e80 looper=0x7f7f1f28d0
[WESTLAKE-NATIVENET-807] epoll_wait epfd=84 max=32 timeout=78 result=1 errno=0
[WESTLAKE-NATIVENET-807] epoll_event[0] events=0x1 data_fd=107 data_u64=107
[WESTLAKE-NATIVENET-807] epoll_ctl epfd=84 op=2 fd=107 events=0x1 data_fd=107 result=0 errno=0
[WESTLAKE-NATIVENET-807] epoll_wait epfd=84 max=32 timeout=0 result=1 errno=0
[WESTLAKE-NATIVENET-807] epoll_event[0] events=0x1 data_fd=104 data_u64=104
[WESTLAKE-NATIVENET-807] epoll_ctl epfd=84 op=2 fd=104 events=0x1 data_fd=104 result=0 errno=0
[WESTLAKE-NATIVENET-807] epoll_wait epfd=84 max=32 timeout=61 result=1 errno=0
[WESTLAKE-NATIVENET-807] epoll_event[0] events=0x1 data_fd=105 data_u64=105
[WESTLAKE-NATIVENET-807] epoll_ctl epfd=84 op=2 fd=105 events=0x1 data_fd=105 result=0 errno=0
[TOUCH21-WAKE] now=79493057 tid=6805 ptr=0x7f84ce5340 looper=0x7f85d2ee80
[WESTLAKE-NATIVENET-807] epoll_wait epfd=84 max=32 timeout=218 result=1 errno=0
[WESTLAKE-NATIVENET-807] epoll_event[0] events=0x1 data_fd=88 data_u64=88
[WESTLAKE-NATIVENET-807] getsockopt fd=103 level=6 option=11 len=232 value=1 result=0 errno=0
[WESTLAKE-NATIVENET-807] getsockopt fd=107 level=6 option=11 len=232 value=1 result=0 errno=0
[WESTLAKE-NATIVENET-807] getsockopt fd=104 level=6 option=11 len=232 value=1 result=0 errno=0
[WESTLAKE-NATIVENET-807] getsockopt fd=105 level=6 option=11 len=232 value=1 result=0 errno=0
[WESTLAKE-NATIVENET-807] epoll_wait epfd=84 max=32 timeout=0 result=0 errno=0
[WESTLAKE-NATIVENET-807] epoll_wait epfd=84 max=32 timeout=0 result=0 errno=0
[WESTLAKE-NATIVENET-807] epoll_ctl epfd=84 op=1 fd=103 events=0x1 data_fd=103 result=0 errno=0
[WESTLAKE-NATIVENET-807] epoll_wait epfd=84 max=32 timeout=0 result=0 errno=0
[WESTLAKE-NATIVENET-807] epoll_wait epfd=84 max=32 timeout=0 result=0 errno=0
[WESTLAKE-NATIVENET-807] epoll_wait epfd=84 max=32 timeout=0 result=0 errno=0
[WESTLAKE-NATIVENET-807] epoll_wait epfd=84 max=32 timeout=0 result=0 errno=0
[WESTLAKE-NATIVENET-807] epoll_ctl epfd=84 op=1 fd=107 events=0x1 data_fd=107 result=0 errno=0
[WESTLAKE-NATIVENET-807] epoll_wait epfd=84 max=32 timeout=0 result=0 errno=0
[WESTLAKE-NATIVENET-807] getsockopt fd=107 level=6 option=11 len=232 value=1 result=0 errno=0
[WESTLAKE-NATIVENET-807] epoll_ctl epfd=84 op=2 fd=107 events=0x1 data_fd=107 result=0 errno=0
[WESTLAKE-NATIVENET-807] epoll_wait epfd=84 max=32 timeout=0 result=0 errno=0
[WESTLAKE-NATIVENET-807] epoll_wait epfd=84 max=32 timeout=0 result=0 errno=0
[WESTLAKE-NATIVENET-807] epoll_wait epfd=84 max=32 timeout=0 result=0 errno=0
[WESTLAKE-NATIVENET-807] epoll_ctl epfd=84 op=1 fd=104 events=0x1 data_fd=104 result=0 errno=0
[WESTLAKE-NATIVENET-807] epoll_wait epfd=84 max=32 timeout=0 result=0 errno=0
[WESTLAKE-NATIVENET-807] getsockopt fd=104 level=6 option=11 len=232 value=1 result=0 errno=0
[WESTLAKE-NATIVENET-807] epoll_ctl epfd=84 op=2 fd=104 events=0x1 data_fd=104 result=0 errno=0
[WESTLAKE-NATIVENET-807] epoll_wait epfd=84 max=32 timeout=0 result=0 errno=0
[WESTLAKE-NATIVENET-807] epoll_wait epfd=84 max=32 timeout=0 result=0 errno=0
[WESTLAKE-NATIVENET-807] epoll_wait epfd=84 max=32 timeout=0 result=0 errno=0
[WESTLAKE-NATIVENET-807] epoll_ctl epfd=84 op=1 fd=105 events=0x1 data_fd=105 result=0 errno=0
[WESTLAKE-NATIVENET-807] epoll_wait epfd=84 max=32 timeout=0 result=0 errno=0
[WESTLAKE-NATIVENET-807] getsockopt fd=105 level=6 option=11 len=232 value=1 result=0 errno=0
[WESTLAKE-NATIVENET-807] epoll_ctl epfd=84 op=2 fd=105 events=0x1 data_fd=105 result=0 errno=0
[WESTLAKE-NATIVENET-807] epoll_wait epfd=84 max=32 timeout=0 result=0 errno=0
[WESTLAKE-NATIVENET-807] epoll_wait epfd=84 max=32 timeout=0 result=0 errno=0
[WESTLAKE-NATIVENET-807] epoll_wait epfd=84 max=32 timeout=0 result=0 errno=0
[WESTLAKE-NATIVENET-807] epoll_wait epfd=84 max=32 timeout=0 result=1 errno=0
[WESTLAKE-NATIVENET-807] epoll_event[0] events=0x1 data_fd=103 data_u64=103
[WESTLAKE-NATIVENET-807] epoll_ctl epfd=84 op=2 fd=103 events=0x1 data_fd=103 result=0 errno=0
[WESTLAKE-NATIVENET-807] epoll_ctl epfd=84 op=1 fd=103 events=0x1 data_fd=103 result=0 errno=0
[WESTLAKE-NATIVENET-807] epoll_wait epfd=84 max=32 timeout=0 result=0 errno=0
[WESTLAKE-NATIVENET-807] epoll_wait epfd=84 max=32 timeout=0 result=0 errno=0
[WESTLAKE-NATIVENET-807] epoll_wait epfd=84 max=32 timeout=96 result=1 errno=0
[WESTLAKE-NATIVENET-807] epoll_event[0] events=0x1 data_fd=103 data_u64=103
[WESTLAKE-NATIVENET-807] epoll_ctl epfd=84 op=2 fd=103 events=0x1 data_fd=103 result=0 errno=0
[WESTLAKE-NATIVENET-807] epoll_ctl epfd=84 op=1 fd=103 events=0x1 data_fd=103 result=0 errno=0
[WESTLAKE-NATIVENET-807] epoll_wait epfd=84 max=32 timeout=0 result=0 errno=0
[WESTLAKE-NATIVENET-807] epoll_wait epfd=84 max=32 timeout=0 result=0 errno=0
[WESTLAKE-NATIVENET-807] epoll_wait epfd=84 max=32 timeout=95 result=1 errno=0
[WESTLAKE-NATIVENET-807] epoll_event[0] events=0x1 data_fd=103 data_u64=103
[WESTLAKE-NATIVENET-807] epoll_ctl epfd=84 op=2 fd=103 events=0x1 data_fd=103 result=0 errno=0
[WESTLAKE-NATIVENET-807] epoll_wait epfd=84 max=32 timeout=0 result=1 errno=0
[WESTLAKE-NATIVENET-807] epoll_event[0] events=0x1 data_fd=88 data_u64=88
[WESTLAKE-NATIVENET-767] socket domain=10 type=0x1 protocol=6 result=104 errno=0
[WESTLAKE-NATIVENET-767] setsockopt fd=104 level=6 option=1 len=4 result=0 errno=0
[WESTLAKE-NATIVENET-767] connect fd=104 family=10 len=28 address=2409:8c62:e10:a01:3::27 port=443 result=-1 errno=115
[WESTLAKE-NATIVENET-807] epoll_ctl epfd=84 op=1 fd=104 events=0x4 data_fd=104 result=0 errno=0
[WESTLAKE-NATIVENET-807] getsockopt fd=104 level=1 option=4 len=4 value=0 result=0 errno=0
[WESTLAKE-NATIVENET-767] socket domain=10 type=0x1 protocol=6 result=46 errno=0
[WESTLAKE-NATIVENET-767] setsockopt fd=46 level=6 option=1 len=4 result=0 errno=0
[WESTLAKE-NATIVENET-767] connect fd=46 family=10 len=28 address=2409:8c4c:e00:210:8000:0:b00:140 port=443 result=-1 errno=115
[WESTLAKE-NATIVENET-807] epoll_ctl epfd=84 op=1 fd=46 events=0x4 data_fd=46 result=0 errno=0
[WESTLAKE-NATIVENET-807] getsockopt fd=46 level=1 option=4 len=4 value=0 result=0 errno=0
[WESTLAKE-NATIVENET-807] epoll_ctl epfd=84 op=1 fd=103 events=0x1 data_fd=103 result=0 errno=0
[WESTLAKE-NATIVENET-807] epoll_wait epfd=84 max=32 timeout=0 result=0 errno=0
[WESTLAKE-NATIVENET-807] epoll_wait epfd=84 max=32 timeout=0 result=0 errno=0
[WESTLAKE-NATIVENET-807] epoll_wait epfd=84 max=32 timeout=0 result=0 errno=0
[WESTLAKE-NATIVENET-807] epoll_wait epfd=84 max=32 timeout=0 result=0 errno=0
[WESTLAKE-NATIVENET-807] epoll_wait epfd=84 max=32 timeout=0 result=0 errno=0
[WESTLAKE-NATIVENET-767] socket domain=10 type=0x1 protocol=6 result=105 errno=0
[WESTLAKE-NATIVENET-767] setsockopt fd=105 level=6 option=1 len=4 result=0 errno=0
[WESTLAKE-NATIVENET-767] connect fd=105 family=10 len=28 address=2409:8c4c:e00:210:8000:0:b00:140 port=443 result=-1 errno=115
[WESTLAKE-NATIVENET-807] epoll_ctl epfd=84 op=1 fd=105 events=0x4 data_fd=105 result=0 errno=0
[WESTLAKE-NATIVENET-807] getsockopt fd=105 level=1 option=4 len=4 value=0 result=0 errno=0
[WESTLAKE-NATIVENET-767] socket domain=10 type=0x1 protocol=6 result=107 errno=0
[WESTLAKE-NATIVENET-767] setsockopt fd=107 level=6 option=1 len=4 result=0 errno=0
[WESTLAKE-NATIVENET-767] connect fd=107 family=10 len=28 address=2409:8c54:2000:602:3::5c port=443 result=-1 errno=115
[WESTLAKE-NATIVENET-807] epoll_ctl epfd=84 op=1 fd=107 events=0x4 data_fd=107 result=0 errno=0
[WESTLAKE-NATIVENET-807] getsockopt fd=107 level=1 option=4 len=4 value=0 result=0 errno=0
[WESTLAKE-NATIVENET-767] socket domain=10 type=0x1 protocol=6 result=111 errno=0
[WESTLAKE-NATIVENET-767] setsockopt fd=111 level=6 option=1 len=4 result=0 errno=0
[WESTLAKE-NATIVENET-767] connect fd=111 family=10 len=28 address=2409:8c54:2000:602:3::5c port=443 result=-1 errno=115
[WESTLAKE-NATIVENET-807] epoll_ctl epfd=84 op=1 fd=111 events=0x4 data_fd=111 result=0 errno=0
[WESTLAKE-NATIVENET-807] getsockopt fd=111 level=1 option=4 len=4 value=0 result=0 errno=0
[WESTLAKE-NATIVENET-807] epoll_wait epfd=84 max=32 timeout=247 result=1 errno=0
[WESTLAKE-NATIVENET-807] epoll_event[0] events=0x1 data_fd=88 data_u64=88
[WESTLAKE-NATIVENET-807] epoll_wait epfd=84 max=32 timeout=0 result=1 errno=0
[WESTLAKE-NATIVENET-807] epoll_event[0] events=0x4 data_fd=46 data_u64=46
[WESTLAKE-NATIVENET-807] getsockopt fd=46 level=1 option=4 len=4 value=0 result=0 errno=0
[WESTLAKE-NATIVENET-807] epoll_ctl epfd=84 op=2 fd=46 events=0x4 data_fd=46 result=0 errno=0
[WESTLAKE-NATIVENET-807] getsockopt fd=46 level=6 option=11 len=232 value=1 result=0 errno=0
[WESTLAKE-NATIVENET-807] getsockopt fd=46 level=6 option=11 len=232 value=1 result=0 errno=0
[WESTLAKE-NATIVENET-807] epoll_ctl epfd=84 op=1 fd=46 events=0x1 data_fd=46 result=0 errno=0
[WESTLAKE-NATIVENET-807] epoll_wait epfd=84 max=32 timeout=0 result=0 errno=0
[WESTLAKE-NATIVENET-807] epoll_wait epfd=84 max=32 timeout=0 result=0 errno=0
[WESTLAKE-NATIVENET-807] epoll_wait epfd=84 max=32 timeout=0 result=0 errno=0
[WESTLAKE-NATIVENET-807] epoll_wait epfd=84 max=32 timeout=0 result=0 errno=0
[WESTLAKE-NATIVENET-807] epoll_wait epfd=84 max=32 timeout=0 result=0 errno=0
[WESTLAKE-NATIVENET-807] epoll_wait epfd=84 max=32 timeout=0 result=0 errno=0
[WESTLAKE-NATIVENET-807] epoll_wait epfd=84 max=32 timeout=0 result=0 errno=0
[WESTLAKE-NATIVENET-807] epoll_wait epfd=84 max=32 timeout=0 result=3 errno=0
[WESTLAKE-NATIVENET-807] epoll_event[0] events=0x4 data_fd=104 data_u64=104
[WESTLAKE-NATIVENET-807] epoll_event[1] events=0x4 data_fd=107 data_u64=107
[WESTLAKE-NATIVENET-807] epoll_event[2] events=0x4 data_fd=105 data_u64=105
[WESTLAKE-NATIVENET-807] getsockopt fd=104 level=1 option=4 len=4 value=0 result=0 errno=0
[WESTLAKE-NATIVENET-807] epoll_ctl epfd=84 op=2 fd=104 events=0x4 data_fd=104 result=0 errno=0
[WESTLAKE-NATIVENET-807] getsockopt fd=104 level=6 option=11 len=232 value=1 result=0 errno=0
[WESTLAKE-NATIVENET-807] epoll_ctl epfd=84 op=1 fd=104 events=0x1 data_fd=104 result=0 errno=0
[WESTLAKE-NATIVENET-807] getsockopt fd=107 level=1 option=4 len=4 value=0 result=0 errno=0
[WESTLAKE-NATIVENET-807] epoll_ctl epfd=84 op=2 fd=107 events=0x4 data_fd=107 result=0 errno=0
[WESTLAKE-NATIVENET-807] getsockopt fd=107 level=6 option=11 len=232 value=1 result=0 errno=0
[WESTLAKE-NATIVENET-807] epoll_ctl epfd=84 op=1 fd=107 events=0x1 data_fd=107 result=0 errno=0
[WESTLAKE-NATIVENET-807] getsockopt fd=105 level=1 option=4 len=4 value=0 result=0 errno=0
[WESTLAKE-NATIVENET-807] epoll_ctl epfd=84 op=2 fd=105 events=0x4 data_fd=105 result=0 errno=0
[WESTLAKE-NATIVENET-807] getsockopt fd=105 level=6 option=11 len=232 value=1 result=0 errno=0
[WESTLAKE-NATIVENET-807] epoll_ctl epfd=84 op=1 fd=105 events=0x1 data_fd=105 result=0 errno=0
[WESTLAKE-NATIVENET-807] epoll_wait epfd=84 max=32 timeout=0 result=1 errno=0
[WESTLAKE-NATIVENET-807] epoll_event[0] events=0x4 data_fd=111 data_u64=111
[WESTLAKE-NATIVENET-807] getsockopt fd=111 level=1 option=4 len=4 value=0 result=0 errno=0
[WESTLAKE-NATIVENET-807] epoll_ctl epfd=84 op=2 fd=111 events=0x4 data_fd=111 result=0 errno=0
[WESTLAKE-NATIVENET-807] getsockopt fd=111 level=6 option=11 len=232 value=1 result=0 errno=0
[WESTLAKE-NATIVENET-807] epoll_ctl epfd=84 op=1 fd=111 events=0x1 data_fd=111 result=0 errno=0
[WESTLAKE-NATIVENET-807] epoll_wait epfd=84 max=32 timeout=0 result=0 errno=0
[WESTLAKE-NATIVENET-807] epoll_wait epfd=84 max=32 timeout=0 result=0 errno=0
[WESTLAKE-NATIVENET-807] epoll_wait epfd=84 max=32 timeout=0 result=0 errno=0
[WESTLAKE-NATIVENET-807] epoll_wait epfd=84 max=32 timeout=0 result=0 errno=0
[WESTLAKE-NATIVENET-807] epoll_wait epfd=84 max=32 timeout=0 result=0 errno=0
[WESTLAKE-NATIVENET-807] epoll_wait epfd=84 max=32 timeout=0 result=0 errno=0
[WESTLAKE-NATIVENET-807] epoll_wait epfd=84 max=32 timeout=0 result=0 errno=0
[WESTLAKE-NATIVENET-807] epoll_wait epfd=84 max=32 timeout=0 result=0 errno=0
[WESTLAKE-NATIVENET-807] epoll_wait epfd=84 max=32 timeout=0 result=0 errno=0
[WESTLAKE-NATIVENET-807] epoll_wait epfd=84 max=32 timeout=0 result=0 errno=0
[WESTLAKE-NATIVENET-807] epoll_wait epfd=84 max=32 timeout=0 result=0 errno=0
[WESTLAKE-NATIVENET-807] epoll_wait epfd=84 max=32 timeout=0 result=0 errno=0
[WESTLAKE-NATIVENET-807] epoll_wait epfd=84 max=32 timeout=0 result=1 errno=0
[WESTLAKE-NATIVENET-807] epoll_event[0] events=0x1 data_fd=107 data_u64=107
[WESTLAKE-NATIVENET-807] epoll_ctl epfd=84 op=2 fd=107 events=0x1 data_fd=107 result=0 errno=0
[WESTLAKE-NATIVENET-807] epoll_wait epfd=84 max=32 timeout=0 result=1 errno=0
[WESTLAKE-NATIVENET-807] epoll_event[0] events=0x1 data_fd=111 data_u64=111
[WESTLAKE-NATIVENET-807] epoll_ctl epfd=84 op=2 fd=111 events=0x1 data_fd=111 result=0 errno=0
[WESTLAKE-NATIVENET-807] epoll_wait epfd=84 max=32 timeout=0 result=1 errno=0
[WESTLAKE-NATIVENET-807] epoll_event[0] events=0x1 data_fd=105 data_u64=105
[WESTLAKE-NATIVENET-807] epoll_ctl epfd=84 op=2 fd=105 events=0x1 data_fd=105 result=0 errno=0
[WESTLAKE-NATIVENET-807] epoll_wait epfd=84 max=32 timeout=0 result=3 errno=0
[WESTLAKE-NATIVENET-807] epoll_event[0] events=0x1 data_fd=46 data_u64=46
[WESTLAKE-NATIVENET-807] epoll_event[1] events=0x1 data_fd=104 data_u64=104
[WESTLAKE-NATIVENET-807] epoll_event[2] events=0x1 data_fd=103 data_u64=103
[WESTLAKE-NATIVENET-807] epoll_ctl epfd=84 op=2 fd=46 events=0x1 data_fd=46 result=0 errno=0
[WESTLAKE-NATIVENET-807] epoll_ctl epfd=84 op=2 fd=104 events=0x1 data_fd=104 result=0 errno=0
[WESTLAKE-NATIVENET-807] epoll_ctl epfd=84 op=2 fd=103 events=0x1 data_fd=103 result=0 errno=0
[WESTLAKE-NATIVENET-767] socket domain=2 type=0x1 protocol=6 result=114 errno=0
[WESTLAKE-NATIVENET-767] setsockopt fd=114 level=6 option=1 len=4 result=0 errno=0
[WESTLAKE-NATIVENET-767] connect fd=114 family=2 len=16 address=120.220.145.116 port=443 result=-1 errno=115
[WESTLAKE-NATIVENET-807] epoll_ctl epfd=84 op=1 fd=114 events=0x4 data_fd=114 result=0 errno=0
[WESTLAKE-NATIVENET-807] getsockopt fd=114 level=1 option=4 len=4 value=0 result=0 errno=0
[WESTLAKE-NATIVENET-767] socket domain=2 type=0x1 protocol=6 result=115 errno=0
[WESTLAKE-NATIVENET-767] setsockopt fd=115 level=6 option=1 len=4 result=0 errno=0
[WESTLAKE-NATIVENET-767] connect fd=115 family=2 len=16 address=171.15.110.180 port=443 result=-1 errno=115
[WESTLAKE-NATIVENET-807] epoll_ctl epfd=84 op=1 fd=115 events=0x4 data_fd=115 result=0 errno=0
[WESTLAKE-NATIVENET-807] getsockopt fd=115 level=1 option=4 len=4 value=0 result=0 errno=0
[WESTLAKE-NATIVENET-807] epoll_ctl epfd=84 op=1 fd=103 events=0x1 data_fd=103 result=0 errno=0
[WESTLAKE-NATIVENET-807] epoll_wait epfd=84 max=32 timeout=0 result=0 errno=0
[WESTLAKE-NATIVENET-807] epoll_wait epfd=84 max=32 timeout=0 result=0 errno=0
[WESTLAKE-NATIVENET-807] epoll_wait epfd=84 max=32 timeout=0 result=0 errno=0
[WESTLAKE-NATIVENET-807] epoll_wait epfd=84 max=32 timeout=0 result=0 errno=0
[WESTLAKE-NATIVENET-807] epoll_ctl epfd=84 op=1 fd=107 events=0x1 data_fd=107 result=0 errno=0
[WESTLAKE-NATIVENET-807] epoll_wait epfd=84 max=32 timeout=0 result=0 errno=0
[WESTLAKE-NATIVENET-807] epoll_wait epfd=84 max=32 timeout=0 result=0 errno=0
[WESTLAKE-NATIVENET-807] epoll_wait epfd=84 max=32 timeout=0 result=0 errno=0
[WESTLAKE-NATIVENET-807] epoll_wait epfd=84 max=32 timeout=0 result=0 errno=0
[WESTLAKE-NATIVENET-807] epoll_wait epfd=84 max=32 timeout=0 result=0 errno=0
[WESTLAKE-NATIVENET-807] epoll_wait epfd=84 max=32 timeout=0 result=0 errno=0
[WESTLAKE-NATIVENET-807] epoll_wait epfd=84 max=32 timeout=0 result=0 errno=0
[WESTLAKE-NATIVENET-807] epoll_wait epfd=84 max=32 timeout=22 result=1 errno=0
[WESTLAKE-NATIVENET-807] epoll_event[0] events=0x1 data_fd=88 data_u64=88
[WESTLAKE-NATIVENET-807] getsockopt fd=111 level=6 option=11 len=232 value=1 result=0 errno=0
[WESTLAKE-NATIVENET-807] epoll_wait epfd=84 max=32 timeout=0 result=0 errno=0
[WESTLAKE-NATIVENET-807] epoll_wait epfd=84 max=32 timeout=0 result=0 errno=0
[WESTLAKE-NATIVENET-807] epoll_ctl epfd=84 op=1 fd=111 events=0x1 data_fd=111 result=0 errno=0
[WESTLAKE-NATIVENET-807] epoll_wait epfd=84 max=32 timeout=0 result=0 errno=0
[WESTLAKE-NATIVENET-807] epoll_wait epfd=84 max=32 timeout=0 result=0 errno=0
[WESTLAKE-NATIVENET-807] epoll_wait epfd=84 max=32 timeout=0 result=0 errno=0
[WESTLAKE-NATIVENET-807] epoll_wait epfd=84 max=32 timeout=5 result=0 errno=0
[WESTLAKE-NATIVENET-767] socket domain=2 type=0x1 protocol=6 result=73 errno=0
[WESTLAKE-NATIVENET-767] setsockopt fd=73 level=6 option=1 len=4 result=0 errno=0
[WESTLAKE-NATIVENET-767] connect fd=73 family=2 len=16 address=120.220.145.116 port=443 result=-1 errno=115
[WESTLAKE-NATIVENET-807] epoll_ctl epfd=84 op=1 fd=73 events=0x4 data_fd=73 result=0 errno=0
[WESTLAKE-NATIVENET-807] getsockopt fd=73 level=1 option=4 len=4 value=0 result=0 errno=0
[WESTLAKE-NATIVENET-807] epoll_wait epfd=84 max=32 timeout=9 result=1 errno=0
[WESTLAKE-NATIVENET-807] epoll_event[0] events=0x1 data_fd=107 data_u64=107
[WESTLAKE-NATIVENET-807] epoll_ctl epfd=84 op=2 fd=107 events=0x1 data_fd=107 result=0 errno=0
[WESTLAKE-NATIVENET-807] epoll_ctl epfd=84 op=1 fd=107 events=0x1 data_fd=107 result=0 errno=0
[WESTLAKE-NATIVENET-807] epoll_wait epfd=84 max=32 timeout=0 result=1 errno=0
[WESTLAKE-NATIVENET-807] epoll_event[0] events=0x1 data_fd=88 data_u64=88
[WESTLAKE-NATIVENET-767] socket domain=2 type=0x1 protocol=6 result=116 errno=0
[WESTLAKE-NATIVENET-767] setsockopt fd=116 level=6 option=1 len=4 result=0 errno=0
[WESTLAKE-NATIVENET-767] connect fd=116 family=2 len=16 address=171.15.110.180 port=443 result=-1 errno=115
[WESTLAKE-NATIVENET-807] epoll_ctl epfd=84 op=1 fd=116 events=0x4 data_fd=116 result=0 errno=0
[WESTLAKE-NATIVENET-807] getsockopt fd=116 level=1 option=4 len=4 value=0 result=0 errno=0
[WESTLAKE-NATIVENET-807] epoll_wait epfd=84 max=32 timeout=21 result=1 errno=0
[WESTLAKE-NATIVENET-807] epoll_event[0] events=0x1 data_fd=103 data_u64=103
[WESTLAKE-NATIVENET-807] epoll_ctl epfd=84 op=2 fd=103 events=0x1 data_fd=103 result=0 errno=0
[WESTLAKE-NATIVENET-807] epoll_wait epfd=84 max=32 timeout=0 result=5 errno=0
[WESTLAKE-NATIVENET-807] epoll_event[0] events=0x1 data_fd=107 data_u64=107
[WESTLAKE-NATIVENET-807] epoll_event[1] events=0x1 data_fd=88 data_u64=88
[WESTLAKE-NATIVENET-807] epoll_event[2] events=0x4 data_fd=115 data_u64=115
[WESTLAKE-NATIVENET-807] epoll_event[3] events=0x1 data_fd=111 data_u64=111
[WESTLAKE-NATIVENET-807] epoll_event[4] events=0x4 data_fd=114 data_u64=114
[WESTLAKE-NATIVENET-807] epoll_ctl epfd=84 op=2 fd=107 events=0x1 data_fd=107 result=0 errno=0
[WESTLAKE-NATIVENET-807] epoll_ctl epfd=84 op=1 fd=107 events=0x1 data_fd=107 result=0 errno=0
[WESTLAKE-NATIVENET-807] epoll_wait epfd=84 max=32 timeout=0 result=3 errno=0
[WESTLAKE-NATIVENET-807] epoll_event[0] events=0x4 data_fd=115 data_u64=115
[WESTLAKE-NATIVENET-807] epoll_event[1] events=0x1 data_fd=111 data_u64=111
[WESTLAKE-NATIVENET-807] epoll_event[2] events=0x4 data_fd=114 data_u64=114
[WESTLAKE-NATIVENET-807] getsockopt fd=115 level=1 option=4 len=4 value=0 result=0 errno=0
[WESTLAKE-NATIVENET-807] epoll_ctl epfd=84 op=2 fd=115 events=0x4 data_fd=115 result=0 errno=0
[WESTLAKE-NATIVENET-807] getsockopt fd=115 level=6 option=11 len=232 value=1 result=0 errno=0
[WESTLAKE-NATIVENET-807] epoll_ctl epfd=84 op=1 fd=115 events=0x1 data_fd=115 result=0 errno=0
[WESTLAKE-NATIVENET-807] epoll_ctl epfd=84 op=2 fd=111 events=0x1 data_fd=111 result=0 errno=0
[WESTLAKE-NATIVENET-807] getsockopt fd=114 level=1 option=4 len=4 value=0 result=0 errno=0
[WESTLAKE-NATIVENET-807] epoll_ctl epfd=84 op=2 fd=114 events=0x4 data_fd=114 result=0 errno=0
[WESTLAKE-NATIVENET-807] getsockopt fd=114 level=6 option=11 len=232 value=1 result=0 errno=0
[WESTLAKE-NATIVENET-807] epoll_ctl epfd=84 op=1 fd=114 events=0x1 data_fd=114 result=0 errno=0
[WESTLAKE-NATIVENET-807] epoll_wait epfd=84 max=32 timeout=0 result=0 errno=0
[WESTLAKE-NATIVENET-767] socket domain=2 type=0x1 protocol=6 result=117 errno=0
[WESTLAKE-NATIVENET-767] setsockopt fd=117 level=6 option=1 len=4 result=0 errno=0
[WESTLAKE-NATIVENET-767] connect fd=117 family=2 len=16 address=112.50.108.45 port=443 result=-1 errno=115
[WESTLAKE-NATIVENET-807] epoll_ctl epfd=84 op=1 fd=117 events=0x4 data_fd=117 result=0 errno=0
[WESTLAKE-NATIVENET-807] getsockopt fd=117 level=1 option=4 len=4 value=0 result=0 errno=0
[WESTLAKE-NATIVENET-807] epoll_ctl epfd=84 op=1 fd=103 events=0x1 data_fd=103 result=0 errno=0
[WESTLAKE-NATIVENET-807] epoll_wait epfd=84 max=32 timeout=0 result=0 errno=0
[WESTLAKE-NATIVENET-807] epoll_wait epfd=84 max=32 timeout=0 result=0 errno=0
[WESTLAKE-NATIVENET-807] epoll_wait epfd=84 max=32 timeout=0 result=0 errno=0
[WESTLAKE-NATIVENET-807] epoll_wait epfd=84 max=32 timeout=0 result=0 errno=0
[WESTLAKE-NATIVENET-807] epoll_wait epfd=84 max=32 timeout=0 result=0 errno=0
[WESTLAKE-NATIVENET-807] epoll_wait epfd=84 max=32 timeout=0 result=0 errno=0
[WESTLAKE-NATIVENET-807] epoll_wait epfd=84 max=32 timeout=0 result=0 errno=0
[WESTLAKE-NATIVENET-807] epoll_wait epfd=84 max=32 timeout=0 result=0 errno=0
[WESTLAKE-NATIVENET-807] epoll_wait epfd=84 max=32 timeout=0 result=0 errno=0
[WESTLAKE-NATIVENET-807] epoll_wait epfd=84 max=32 timeout=0 result=0 errno=0
[WESTLAKE-NATIVENET-807] epoll_wait epfd=84 max=32 timeout=158 result=1 errno=0
[WESTLAKE-NATIVENET-807] epoll_event[0] events=0x4 data_fd=73 data_u64=73
[WESTLAKE-NATIVENET-807] getsockopt fd=73 level=1 option=4 len=4 value=0 result=0 errno=0
[WESTLAKE-NATIVENET-807] epoll_ctl epfd=84 op=2 fd=73 events=0x4 data_fd=73 result=0 errno=0
[WESTLAKE-NATIVENET-807] getsockopt fd=73 level=6 option=11 len=232 value=1 result=0 errno=0
[WESTLAKE-NATIVENET-807] epoll_ctl epfd=84 op=1 fd=73 events=0x1 data_fd=73 result=0 errno=0
[WESTLAKE-NATIVENET-807] epoll_wait epfd=84 max=32 timeout=0 result=1 errno=0
[WESTLAKE-NATIVENET-807] epoll_event[0] events=0x1 data_fd=88 data_u64=88
[WESTLAKE-NATIVENET-807] epoll_wait epfd=84 max=32 timeout=0 result=0 errno=0
[WESTLAKE-NATIVENET-807] epoll_wait epfd=84 max=32 timeout=154 result=1 errno=0
[WESTLAKE-NATIVENET-807] epoll_event[0] events=0x4 data_fd=116 data_u64=116
[WESTLAKE-NATIVENET-807] getsockopt fd=116 level=1 option=4 len=4 value=0 result=0 errno=0
[WESTLAKE-NATIVENET-807] epoll_ctl epfd=84 op=2 fd=116 events=0x4 data_fd=116 result=0 errno=0
[WESTLAKE-NATIVENET-807] getsockopt fd=116 level=6 option=11 len=232 value=1 result=0 errno=0
[WESTLAKE-NATIVENET-807] epoll_ctl epfd=84 op=1 fd=116 events=0x1 data_fd=116 result=0 errno=0
[WESTLAKE-NATIVENET-807] epoll_wait epfd=84 max=32 timeout=0 result=1 errno=0
[WESTLAKE-NATIVENET-807] epoll_event[0] events=0x1 data_fd=88 data_u64=88
[WESTLAKE-NATIVENET-807] epoll_wait epfd=84 max=32 timeout=0 result=0 errno=0
[WESTLAKE-NATIVENET-807] epoll_wait epfd=84 max=32 timeout=138 result=1 errno=0
[WESTLAKE-NATIVENET-807] epoll_event[0] events=0x4 data_fd=117 data_u64=117
[WESTLAKE-NATIVENET-807] getsockopt fd=117 level=1 option=4 len=4 value=0 result=0 errno=0
[WESTLAKE-NATIVENET-807] epoll_ctl epfd=84 op=2 fd=117 events=0x4 data_fd=117 result=0 errno=0
[WESTLAKE-NATIVENET-807] getsockopt fd=117 level=6 option=11 len=232 value=1 result=0 errno=0
[WESTLAKE-NATIVENET-807] epoll_ctl epfd=84 op=1 fd=117 events=0x1 data_fd=117 result=0 errno=0
[WESTLAKE-NATIVENET-807] epoll_wait epfd=84 max=32 timeout=0 result=1 errno=0
[WESTLAKE-NATIVENET-807] epoll_event[0] events=0x1 data_fd=88 data_u64=88
[WESTLAKE-NATIVENET-807] epoll_wait epfd=84 max=32 timeout=0 result=0 errno=0
[WESTLAKE-NATIVENET-807] epoll_wait epfd=84 max=32 timeout=103 result=1 errno=0
[WESTLAKE-NATIVENET-807] epoll_event[0] events=0x1 data_fd=107 data_u64=107
[WESTLAKE-NATIVENET-807] epoll_ctl epfd=84 op=2 fd=107 events=0x1 data_fd=107 result=0 errno=0
[WESTLAKE-NATIVENET-807] epoll_ctl epfd=84 op=1 fd=107 events=0x1 data_fd=107 result=0 errno=0
[WESTLAKE-NATIVENET-807] epoll_wait epfd=84 max=32 timeout=0 result=3 errno=0
[WESTLAKE-NATIVENET-807] epoll_event[0] events=0x1 data_fd=115 data_u64=115
[WESTLAKE-NATIVENET-807] epoll_event[1] events=0x1 data_fd=73 data_u64=73
[WESTLAKE-NATIVENET-807] epoll_event[2] events=0x1 data_fd=88 data_u64=88
[WESTLAKE-NATIVENET-807] epoll_ctl epfd=84 op=2 fd=115 events=0x1 data_fd=115 result=0 errno=0
[WESTLAKE-NATIVENET-807] epoll_ctl epfd=84 op=2 fd=73 events=0x1 data_fd=73 result=0 errno=0
[WESTLAKE-NATIVENET-807] epoll_wait epfd=84 max=32 timeout=0 result=1 errno=0
[WESTLAKE-NATIVENET-807] epoll_event[0] events=0x1 data_fd=116 data_u64=116
[WESTLAKE-NATIVENET-807] epoll_ctl epfd=84 op=2 fd=116 events=0x1 data_fd=116 result=0 errno=0
[WESTLAKE-NATIVENET-807] epoll_wait epfd=84 max=32 timeout=0 result=1 errno=0
[WESTLAKE-NATIVENET-807] epoll_event[0] events=0x1 data_fd=114 data_u64=114
[WESTLAKE-NATIVENET-807] epoll_ctl epfd=84 op=2 fd=114 events=0x1 data_fd=114 result=0 errno=0
[WESTLAKE-NATIVENET-807] epoll_ctl epfd=84 op=1 fd=105 events=0x1 data_fd=105 result=0 errno=0
[WESTLAKE-NATIVENET-807] epoll_wait epfd=84 max=32 timeout=0 result=0 errno=0
[WESTLAKE-NATIVENET-807] getsockopt fd=46 level=6 option=11 len=232 value=1 result=0 errno=0
[WESTLAKE-NATIVENET-807] epoll_wait epfd=84 max=32 timeout=0 result=0 errno=0
[WESTLAKE-NATIVENET-807] epoll_wait epfd=84 max=32 timeout=0 result=1 errno=0
[WESTLAKE-NATIVENET-807] epoll_event[0] events=0x1 data_fd=117 data_u64=117
[WESTLAKE-NATIVENET-807] epoll_ctl epfd=84 op=2 fd=117 events=0x1 data_fd=117 result=0 errno=0
[WESTLAKE-NATIVENET-807] epoll_wait epfd=84 max=32 timeout=0 result=0 errno=0
[WESTLAKE-NATIVENET-807] epoll_wait epfd=84 max=32 timeout=0 result=1 errno=0
[WESTLAKE-NATIVENET-807] epoll_event[0] events=0x1 data_fd=105 data_u64=105
[WESTLAKE-NATIVENET-807] epoll_ctl epfd=84 op=2 fd=105 events=0x1 data_fd=105 result=0 errno=0
[WESTLAKE-NATIVENET-807] epoll_ctl epfd=84 op=1 fd=105 events=0x1 data_fd=105 result=0 errno=0
[WESTLAKE-NATIVENET-807] epoll_wait epfd=84 max=32 timeout=0 result=0 errno=0
[WESTLAKE-NATIVENET-807] epoll_wait epfd=84 max=32 timeout=12 result=1 errno=0
[WESTLAKE-NATIVENET-807] epoll_event[0] events=0x1 data_fd=105 data_u64=105
[WESTLAKE-NATIVENET-807] epoll_ctl epfd=84 op=2 fd=105 events=0x1 data_fd=105 result=0 errno=0
[WESTLAKE-NATIVENET-807] epoll_ctl epfd=84 op=1 fd=105 events=0x1 data_fd=105 result=0 errno=0
[WESTLAKE-NATIVENET-807] epoll_wait epfd=84 max=32 timeout=0 result=0 errno=0
[WESTLAKE-NATIVENET-807] epoll_wait epfd=84 max=32 timeout=0 result=0 errno=0
[WESTLAKE-NATIVENET-807] epoll_wait epfd=84 max=32 timeout=8 result=0 errno=0
[WESTLAKE-NATIVENET-807] epoll_wait epfd=84 max=32 timeout=65 result=1 errno=0
[WESTLAKE-NATIVENET-807] epoll_event[0] events=0x1 data_fd=88 data_u64=88
[WESTLAKE-NATIVENET-807] epoll_ctl epfd=84 op=1 fd=104 events=0x1 data_fd=104 result=0 errno=0
[WESTLAKE-NATIVENET-807] epoll_wait epfd=84 max=32 timeout=0 result=0 errno=0
[WESTLAKE-NATIVENET-807] epoll_wait epfd=84 max=32 timeout=0 result=0 errno=0
[WESTLAKE-NATIVENET-807] epoll_wait epfd=84 max=32 timeout=0 result=0 errno=0
[SOURCE-PKG] packageInfo flags=0xc0084 parsedServices=233 genServices=231 discoveryMeta pre-parcel=-2 post-parcel=-2
[WESTLAKE-NATIVENET-807] epoll_wait epfd=84 max=32 timeout=2 result=0 errno=0
[WESTLAKE-NATIVENET-807] epoll_wait epfd=84 max=32 timeout=1 result=0 errno=0
[SOURCE-PM] getServiceInfo HIT com.huawei.agconnect.core.ServiceDiscovery flags=0x80 meta=-1
[B43-BIND] WebView support hold released before onCreate (was false)
[TOUCH21-WAKE] now=79494199 tid=6705 ptr=0x7f7a0f79b0 looper=0x7f7a25b380
[WESTLAKE-NATIVENET-807] epoll_wait epfd=84 max=32 timeout=39 result=1 errno=0
[WESTLAKE-NATIVENET-807] epoll_event[0] events=0x1 data_fd=105 data_u64=105
[WESTLAKE-NATIVENET-807] epoll_ctl epfd=84 op=2 fd=105 events=0x1 data_fd=105 result=0 errno=0
[WESTLAKE-NATIVENET-807] getsockopt fd=105 level=6 option=11 len=232 value=1 result=0 errno=0
[WESTLAKE-NATIVENET-807] epoll_ctl epfd=84 op=1 fd=105 events=0x1 data_fd=105 result=0 errno=0
[WESTLAKE-NATIVENET-807] epoll_wait epfd=84 max=32 timeout=0 result=1 errno=0
[WESTLAKE-NATIVENET-807] epoll_event[0] events=0x1 data_fd=88 data_u64=88
[WESTLAKE-NATIVENET-807] epoll_wait epfd=84 max=32 timeout=0 result=0 errno=0
[WESTLAKE-NATIVENET-807] epoll_wait epfd=84 max=32 timeout=0 result=0 errno=0
[WESTLAKE-NATIVENET-807] epoll_wait epfd=84 max=32 timeout=0 result=0 errno=0
[WESTLAKE-NATIVENET-807] epoll_wait epfd=84 max=32 timeout=44 result=1 errno=0
[WESTLAKE-NATIVENET-807] epoll_event[0] events=0x1 data_fd=104 data_u64=104
[WESTLAKE-NATIVENET-807] epoll_ctl epfd=84 op=2 fd=104 events=0x1 data_fd=104 result=0 errno=0
[WESTLAKE-NATIVENET-807] epoll_wait epfd=84 max=32 timeout=37 result=1 errno=0
[WESTLAKE-NATIVENET-807] epoll_event[0] events=0x1 data_fd=88 data_u64=88
[WESTLAKE-NATIVENET-807] epoll_wait epfd=84 max=32 timeout=28 result=1 errno=0
[WESTLAKE-NATIVENET-807] epoll_event[0] events=0x1 data_fd=88 data_u64=88
[WESTLAKE-NATIVENET-807] epoll_wait epfd=84 max=32 timeout=27 result=1 errno=0
[WESTLAKE-NATIVENET-807] epoll_event[0] events=0x1 data_fd=88 data_u64=88
[TOUCH21-WAKE] now=79494250 tid=6705 ptr=0x7f7a0f79b0 looper=0x7f7a25b380
[TOUCH21-WAKE] now=79494252 tid=6705 ptr=0x7f7a0f79b0 looper=0x7f7a25b380
[TOUCH21-WAKE] now=79494252 tid=6705 ptr=0x7f7a0f79b0 looper=0x7f7a25b380
[WESTLAKE-NATIVENET-807] epoll_wait epfd=84 max=32 timeout=10 result=1 errno=0
[WESTLAKE-NATIVENET-807] epoll_event[0] events=0x1 data_fd=88 data_u64=88
[WESTLAKE-NATIVENET-807] epoll_ctl epfd=84 op=1 fd=73 events=0x1 data_fd=73 result=0 errno=0
[WESTLAKE-NATIVENET-807] epoll_wait epfd=84 max=32 timeout=0 result=0 errno=0
[WESTLAKE-NATIVENET-807] epoll_wait epfd=84 max=32 timeout=0 result=0 errno=0
[WESTLAKE-NATIVENET-807] epoll_ctl epfd=84 op=1 fd=114 events=0x1 data_fd=114 result=0 errno=0
[WESTLAKE-NATIVENET-807] epoll_wait epfd=84 max=32 timeout=0 result=0 errno=0
[WESTLAKE-NATIVENET-807] epoll_wait epfd=84 max=32 timeout=0 result=0 errno=0
[TOUCH21-WAKE] now=79494273 tid=6705 ptr=0x7f7a0f79b0 looper=0x7f7a25b380
[TOUCH21-WAKE] now=79494325 tid=6705 ptr=0x7f7a0f79b0 looper=0x7f7a25b380
[WESTLAKE-NATIVENET-807] epoll_wait epfd=84 max=32 timeout=500 result=1 errno=0
[WESTLAKE-NATIVENET-807] epoll_event[0] events=0x1 data_fd=73 data_u64=73
[WESTLAKE-NATIVENET-807] epoll_ctl epfd=84 op=2 fd=73 events=0x1 data_fd=73 result=0 errno=0
[WESTLAKE-NATIVENET-807] epoll_ctl epfd=84 op=1 fd=73 events=0x1 data_fd=73 result=0 errno=0
[WESTLAKE-NATIVENET-807] epoll_wait epfd=84 max=32 timeout=444 result=1 errno=0
[WESTLAKE-NATIVENET-807] epoll_event[0] events=0x1 data_fd=88 data_u64=88
[WESTLAKE-NATIVENET-807] epoll_ctl epfd=84 op=1 fd=117 events=0x1 data_fd=117 result=0 errno=0
[WESTLAKE-NATIVENET-807] epoll_wait epfd=84 max=32 timeout=0 result=0 errno=0
[WESTLAKE-NATIVENET-807] epoll_wait epfd=84 max=32 timeout=0 result=0 errno=0
[WESTLAKE-NATIVENET-807] epoll_wait epfd=84 max=32 timeout=0 result=0 errno=0
[TOUCH21-WAKE] now=79494335 tid=6878 ptr=0x7f77e62760 looper=0x7f77e65fd0
[TOUCH21-WAKE] now=79494335 tid=6705 ptr=0x7f7a0f79b0 looper=0x7f7a25b380
[TOUCH21-WAKE] now=79494335 tid=6705 ptr=0x7f7a0f79b0 looper=0x7f7a25b380
[TOUCH21-WAKE] now=79494336 tid=6705 ptr=0x7f7a0f79b0 looper=0x7f7a25b380
[WESTLAKE-NATIVENET-807] epoll_wait epfd=84 max=32 timeout=438 result=1 errno=0
[WESTLAKE-NATIVENET-807] epoll_event[0] events=0x1 data_fd=114 data_u64=114
[WESTLAKE-NATIVENET-807] epoll_ctl epfd=84 op=2 fd=114 events=0x1 data_fd=114 result=0 errno=0
[WESTLAKE-NATIVENET-807] epoll_ctl epfd=84 op=1 fd=114 events=0x1 data_fd=114 result=0 errno=0
[WESTLAKE-NATIVENET-807] epoll_wait epfd=84 max=32 timeout=0 result=0 errno=0
[WESTLAKE-NATIVENET-807] epoll_wait epfd=84 max=32 timeout=0 result=0 errno=0
[TOUCH21-WAKE] now=79494337 tid=6705 ptr=0x7f7a0f79b0 looper=0x7f7a25b380
[TOUCH21-WAKE] now=79494337 tid=6705 ptr=0x7f7a0f79b0 looper=0x7f7a25b380
[TOUCH21-WAKE] now=79494338 tid=6705 ptr=0x7f7a0f79b0 looper=0x7f7a25b380
nullptr W 09-25 23:46:56  6689  6697 code_generator_arm64.cc:4802] Missing inline cache for X.Afu com.bytedance.ruler.strategy.utils.RuleParseUtil.d(com.google.gson.JsonElement)
[WESTLAKE-NATIVENET-807] epoll_wait epfd=84 max=32 timeout=434 result=1 errno=0
[WESTLAKE-NATIVENET-807] epoll_event[0] events=0x1 data_fd=88 data_u64=88
[WESTLAKE-NATIVENET-807] epoll_ctl epfd=84 op=1 fd=115 events=0x1 data_fd=115 result=0 errno=0
[WESTLAKE-NATIVENET-807] epoll_wait epfd=84 max=32 timeout=0 result=0 errno=0
[WESTLAKE-NATIVENET-807] epoll_wait epfd=84 max=32 timeout=0 result=0 errno=0
[WESTLAKE-NATIVENET-807] epoll_ctl epfd=84 op=1 fd=116 events=0x1 data_fd=116 result=0 errno=0
[WESTLAKE-NATIVENET-807] epoll_wait epfd=84 max=32 timeout=0 result=0 errno=0
[WESTLAKE-NATIVENET-807] epoll_wait epfd=84 max=32 timeout=427 result=1 errno=0
[WESTLAKE-NATIVENET-807] epoll_event[0] events=0x1 data_fd=117 data_u64=117
[WESTLAKE-NATIVENET-807] epoll_ctl epfd=84 op=2 fd=117 events=0x1 data_fd=117 result=0 errno=0
[WESTLAKE-NATIVENET-807] epoll_ctl epfd=84 op=1 fd=117 events=0x1 data_fd=117 result=0 errno=0
[WESTLAKE-NATIVENET-807] epoll_wait epfd=84 max=32 timeout=0 result=1 errno=0
[WESTLAKE-NATIVENET-807] epoll_event[0] events=0x1 data_fd=88 data_u64=88
[WESTLAKE-NATIVENET-807] epoll_wait epfd=84 max=32 timeout=398 result=1 errno=0
[WESTLAKE-NATIVENET-807] epoll_event[0] events=0x1 data_fd=73 data_u64=73
[WESTLAKE-NATIVENET-807] epoll_ctl epfd=84 op=2 fd=73 events=0x1 data_fd=73 result=0 errno=0
[TOUCH21-WAKE] now=79494387 tid=6934 ptr=0x7f84ce5340 looper=0x7f85d2ee80
[WESTLAKE-NATIVENET-807] epoll_wait epfd=84 max=32 timeout=379 result=2 errno=0
[WESTLAKE-NATIVENET-807] epoll_event[0] events=0x1 data_fd=115 data_u64=115
[WESTLAKE-NATIVENET-807] epoll_event[1] events=0x1 data_fd=116 data_u64=116
[WESTLAKE-NATIVENET-807] epoll_ctl epfd=84 op=2 fd=115 events=0x1 data_fd=115 result=0 errno=0
[WESTLAKE-NATIVENET-807] epoll_ctl epfd=84 op=1 fd=115 events=0x1 data_fd=115 result=0 errno=0
[WESTLAKE-NATIVENET-807] epoll_ctl epfd=84 op=2 fd=116 events=0x1 data_fd=116 result=0 errno=0
[WESTLAKE-NATIVENET-807] epoll_ctl epfd=84 op=1 fd=116 events=0x1 data_fd=116 result=0 errno=0
[WESTLAKE-NATIVENET-807] epoll_wait epfd=84 max=32 timeout=0 result=1 errno=0
[WESTLAKE-NATIVENET-807] epoll_event[0] events=0x1 data_fd=88 data_u64=88
[WESTLAKE-NATIVENET-807] epoll_wait epfd=84 max=32 timeout=0 result=0 errno=0
[WESTLAKE-NATIVENET-807] epoll_wait epfd=84 max=32 timeout=363 result=1 errno=0
[WESTLAKE-NATIVENET-807] epoll_event[0] events=0x1 data_fd=88 data_u64=88
[TOUCH21-WAKE] now=79494408 tid=6878 ptr=0x7f77e61e10 looper=0x7f77e6c6e0
[WESTLAKE-NATIVENET-807] epoll_wait epfd=84 max=32 timeout=346 result=1 errno=0
[WESTLAKE-NATIVENET-807] epoll_event[0] events=0x1 data_fd=88 data_u64=88
[TOUCH21-WAKE] now=79494425 tid=6705 ptr=0x7f7a0f79b0 looper=0x7f7a25b380
[WESTLAKE-NATIVENET-807] epoll_wait epfd=84 max=32 timeout=0 result=1 errno=0
[WESTLAKE-NATIVENET-807] epoll_event[0] events=0x1 data_fd=88 data_u64=88
[TOUCH21-WAKE] now=79494442 tid=6809 ptr=0x7f7cbf6e80 looper=0x7f7f1f28d0
[TOUCH21-WAKE] now=79494446 tid=6705 ptr=0x7f7a0f79b0 looper=0x7f7a25b380
[TOUCH21-WAKE] now=79494446 tid=6705 ptr=0x7f7a0f79b0 looper=0x7f7a25b380
[WESTLAKE-NATIVENET-807] epoll_wait epfd=84 max=32 timeout=0 result=2 errno=0
[WESTLAKE-NATIVENET-807] epoll_event[0] events=0x1 data_fd=117 data_u64=117
[WESTLAKE-NATIVENET-807] epoll_event[1] events=0x1 data_fd=115 data_u64=115
[WESTLAKE-NATIVENET-807] epoll_ctl epfd=84 op=2 fd=117 events=0x1 data_fd=117 result=0 errno=0
[WESTLAKE-NATIVENET-807] getsockopt fd=117 level=6 option=11 len=232 value=1 result=0 errno=0
[TOUCH21-WAKE] now=79494480 tid=6705 ptr=0x7f7a0f79b0 looper=0x7f7a25b380
[WESTLAKE-NATIVENET-807] epoll_ctl epfd=84 op=2 fd=115 events=0x1 data_fd=115 result=0 errno=0
[WESTLAKE-NATIVENET-807] getsockopt fd=115 level=6 option=11 len=232 value=1 result=0 errno=0
[WESTLAKE-NATIVENET-807] epoll_wait epfd=84 max=32 timeout=0 result=1 errno=0
[WESTLAKE-NATIVENET-807] epoll_event[0] events=0x1 data_fd=88 data_u64=88
[WESTLAKE-NATIVENET-807] epoll_ctl epfd=84 op=1 fd=117 events=0x1 data_fd=117 result=0 errno=0
[TOUCH21-WAKE] now=79494483 tid=6705 ptr=0x7f7a0f79b0 looper=0x7f7a25b380
[WESTLAKE-NATIVENET-807] epoll_wait epfd=84 max=32 timeout=0 result=0 errno=0
[WESTLAKE-NATIVENET-807] epoll_wait epfd=84 max=32 timeout=0 result=0 errno=0
[WESTLAKE-NATIVENET-807] epoll_wait epfd=84 max=32 timeout=0 result=0 errno=0
[TOUCH21-WAKE] now=79494484 tid=6935 ptr=0x7f77e55d10 looper=0x7f77e6ca40
[WESTLAKE-NATIVENET-807] epoll_wait epfd=84 max=32 timeout=0 result=0 errno=0
[TOUCH21-WAKE] now=79494484 tid=6705 ptr=0x7f7a0f79b0 looper=0x7f7a25b380
[WESTLAKE-NATIVENET-807] epoll_wait epfd=84 max=32 timeout=286 result=1 errno=0
[WESTLAKE-NATIVENET-807] epoll_event[0] events=0x1 data_fd=88 data_u64=88
[TOUCH21-WAKE] now=79494485 tid=6705 ptr=0x7f7a0f79b0 looper=0x7f7a25b380
[TOUCH21-WAKE] now=79494501 tid=6705 ptr=0x7f77e636a0 looper=0x7f77d5aa40
[WESTLAKE-NATIVENET-807] epoll_wait epfd=84 max=32 timeout=0 result=0 errno=0
[TOUCH21-WAKE] now=79494515 tid=6705 ptr=0x7f7a0f79b0 looper=0x7f7a25b380
[WESTLAKE-NATIVENET-807] epoll_wait epfd=84 max=32 timeout=0 result=0 errno=0
[WESTLAKE-NATIVENET-807] epoll_wait epfd=84 max=32 timeout=0 result=0 errno=0
[WESTLAKE-NATIVENET-807] epoll_wait epfd=84 max=32 timeout=249 result=1 errno=0
[WESTLAKE-NATIVENET-807] epoll_event[0] events=0x1 data_fd=88 data_u64=88
[TOUCH21-WAKE] now=79494539 tid=6882 ptr=0x7f7cbf6e80 looper=0x7f7f1f28d0
[WESTLAKE-NATIVENET-807] epoll_wait epfd=84 max=32 timeout=0 result=0 errno=0
[TOUCH21-WAKE] now=79494565 tid=6805 ptr=0x7f7cbf6e80 looper=0x7f7f1f28d0
[TOUCH21-WAKE] now=79494575 tid=6853 ptr=0x7f7cbf6e80 looper=0x7f7f1f28d0
[TOUCH21-WAKE] now=79494586 tid=6705 ptr=0x7f7a0f79b0 looper=0x7f7a25b380
[TOUCH21-WAKE] now=79494588 tid=6705 ptr=0x7f7a0f79b0 looper=0x7f7a25b380
[OHServiceManager] getService("midi") → null (stub — see doc/shortcuts_inventory.html#chC)
[TOUCH21-WAKE] now=79494598 tid=6935 ptr=0x7f77e39e70 looper=0x7f782e9220
[TOUCH21-WAKE] now=79494610 tid=6878 ptr=0x7f7a0facc0 looper=0x7f7a25c690
[TOUCH21-WAKE] now=79494610 tid=6878 ptr=0x7f7a0facc0 looper=0x7f7a25c690
[TOUCH21-WAKE] now=79494610 tid=6878 ptr=0x7f7a0facc0 looper=0x7f7a25c690
[TOUCH21-WAKE] now=79494610 tid=6878 ptr=0x7f7a0facc0 looper=0x7f7a25c690
[TOUCH21-WAKE] now=79494630 tid=6705 ptr=0x7f7a0f79b0 looper=0x7f7a25b380
[TOUCH21-WAKE] now=79494630 tid=6878 ptr=0x7f7a0facc0 looper=0x7f7a25c690
[TOUCH21-WAKE] now=79494631 tid=6878 ptr=0x7f7a0facc0 looper=0x7f7a25c690
[TOUCH21-WAKE] now=79494650 tid=6705 ptr=0x7f7a0f79b0 looper=0x7f7a25b380
[TOUCH21-WAKE] now=79494660 tid=6705 ptr=0x7f7a0f79b0 looper=0x7f7a25b380
[TOUCH21-WAKE] now=79494660 tid=6705 ptr=0x7f77e636a0 looper=0x7f77d5aa40
[TOUCH21-WAKE] now=79494660 tid=6705 ptr=0x7f7a0f79b0 looper=0x7f7a25b380
[TOUCH21-WAKE] now=79494669 tid=6705 ptr=0x7f7a0f79b0 looper=0x7f7a25b380
[TOUCH21-WAKE] now=79494670 tid=6705 ptr=0x7f7a0f79b0 looper=0x7f7a25b380
[TOUCH21-WAKE] now=79494674 tid=6705 ptr=0x7f7a0f79b0 looper=0x7f7a25b380
[TOUCH21-WAKE] now=79494674 tid=6705 ptr=0x7f7a0f79b0 looper=0x7f7a25b380
[TOUCH21-WAKE] now=79494687 tid=6705 ptr=0x7f77e636a0 looper=0x7f77d5aa40
[TOUCH21-WAKE] now=79494688 tid=6705 ptr=0x7f7a0f79b0 looper=0x7f7a25b380
[TOUCH21-WAKE] now=79494689 tid=6705 ptr=0x7f77e636a0 looper=0x7f77d5aa40
[TOUCH21-WAKE] now=79494693 tid=6705 ptr=0x7f7a0f79b0 looper=0x7f7a25b380
[TOUCH21-WAKE] now=79494723 tid=6705 ptr=0x7f7a0f79b0 looper=0x7f7a25b380
[TOUCH21-WAKE] now=79494725 tid=6705 ptr=0x7f7a0f79b0 looper=0x7f7a25b380
[TOUCH21-WAKE] now=79494734 tid=6934 ptr=0x7f84ce5340 looper=0x7f85d2ee80
[WESTLAKE-NATIVENET-807] epoll_wait epfd=84 max=32 timeout=226 result=0 errno=0
[WESTLAKE-NATIVENET-767] socket domain=10 type=0x2 protocol=0 result=135 errno=0
[WESTLAKE-NATIVENET-767] socket domain=10 type=0x2 protocol=0 result=135 errno=0
[WESTLAKE-NATIVENET-767] socket domain=10 type=0x2 protocol=0 result=135 errno=0
[WESTLAKE-NATIVENET-767] socket domain=10 type=0x2 protocol=0 result=135 errno=0
[WESTLAKE-NATIVENET-767] socket domain=10 type=0x2 protocol=0 result=135 errno=0
[WESTLAKE-NATIVENET-767] socket domain=10 type=0x2 protocol=0 result=135 errno=0
[WESTLAKE-NATIVENET-767] socket domain=10 type=0x2 protocol=0 result=135 errno=0
[WESTLAKE-NATIVENET-767] socket domain=10 type=0x2 protocol=0 result=135 errno=0
[WESTLAKE-NATIVENET-767] socket domain=10 type=0x2 protocol=0 result=135 errno=0
[WESTLAKE-NATIVENET-767] socket domain=10 type=0x2 protocol=0 result=135 errno=0
[WESTLAKE-NATIVENET-767] socket domain=10 type=0x2 protocol=0 result=135 errno=0
[WESTLAKE-NATIVENET-767] socket domain=10 type=0x2 protocol=0 result=135 errno=0
[WESTLAKE-NATIVENET-767] socket domain=10 type=0x2 protocol=0 result=135 errno=0
[WESTLAKE-NATIVENET-767] socket domain=10 type=0x2 protocol=0 result=135 errno=0
[WESTLAKE-NATIVENET-767] socket domain=10 type=0x2 protocol=0 result=135 errno=0
[WESTLAKE-NATIVENET-767] socket domain=10 type=0x2 protocol=0 result=135 errno=0
[WESTLAKE-NATIVENET-767] socket domain=10 type=0x2 protocol=0 result=135 errno=0
[WESTLAKE-NATIVENET-767] socket domain=10 type=0x2 protocol=0 result=135 errno=0
[WESTLAKE-NATIVENET-767] socket domain=10 type=0x2 protocol=0 result=135 errno=0
[WESTLAKE-NATIVENET-767] socket domain=10 type=0x2 protocol=0 result=135 errno=0
[WESTLAKE-NATIVENET-767] socket domain=10 type=0x2 protocol=0 result=135 errno=0
[WESTLAKE-NATIVENET-767] socket domain=10 type=0x2 protocol=0 result=135 errno=0
[TOUCH21-WAKE] now=79494819 tid=6705 ptr=0x7f7a0f79b0 looper=0x7f7a25b380
[TOUCH21-WAKE] now=79494819 tid=6705 ptr=0x7f7a0f79b0 looper=0x7f7a25b380
[TOUCH21-WAKE] now=79494820 tid=6705 ptr=0x7f7a0f79b0 looper=0x7f7a25b380
[TOUCH21-WAKE] now=79494837 tid=6705 ptr=0x7f7a0f79b0 looper=0x7f7a25b380
[TOUCH21-WAKE] now=79494854 tid=6705 ptr=0x7f7a0f79b0 looper=0x7f7a25b380
[TOUCH21-WAKE] now=79494854 tid=6705 ptr=0x7f7a0f79b0 looper=0x7f7a25b380
[TOUCH21-WAKE] now=79494855 tid=6705 ptr=0x7f7a0f79b0 looper=0x7f7a25b380
[TOUCH21-WAKE] now=79494855 tid=6705 ptr=0x7f7a0f79b0 looper=0x7f7a25b380
[TOUCH21-WAKE] now=79494871 tid=6705 ptr=0x7f7a0f79b0 looper=0x7f7a25b380
[TOUCH21-WAKE] now=79494875 tid=6705 ptr=0x7f7a0f79b0 looper=0x7f7a25b380
[TOUCH21-WAKE] now=79494887 tid=6705 ptr=0x7f7a0f79b0 looper=0x7f7a25b380
[TOUCH21-WAKE] now=79494887 tid=6959 ptr=0x7f7ebb4680 looper=0x7f84d54130
[TOUCH21-WAKE] now=79494919 tid=6705 ptr=0x7f7a0f79b0 looper=0x7f7a25b380
[TOUCH21-WAKE] now=79494921 tid=6705 ptr=0x7f7a0f79b0 looper=0x7f7a25b380
[TOUCH21-WAKE] now=79494938 tid=6705 ptr=0x7f7a0f79b0 looper=0x7f7a25b380
[TOUCH21-WAKE] now=79494939 tid=6705 ptr=0x7f7a0f79b0 looper=0x7f7a25b380
[TOUCH21-WAKE] now=79494940 tid=6705 ptr=0x7f7a0f79b0 looper=0x7f7a25b380
[SOURCE-NATIVE-LOAD] path=/data/local/tmp/asx/lib/arm64-v8a/libdelta.so search=/data/local/tmp/asx:/system/lib64:/system/lib64/platformsdk:/system/lib64/chipset-sdk:/system/lib64/chipset-sdk-sp:/system/lib64/ndk:/vendor/lib64/chipsetsdk:/vendor/lib64/hw:/vendor/lib64:/data/local/tmp/asx/lib/arm64-v8a:/data/local/tmp/asx/webview-t-lib
[SOURCE-NATIVE-LOADER] path=/data/local/tmp/asx/lib/arm64-v8a/libdelta.so class_paths=/data/local/tmp/asx/lib/arm64-v8a:/data/local/tmp/asx/toutiao.apk!/lib/arm64-v8a
[SOURCE-NATIVE-ABI] errno=0x7f7ec86550 provider=/data/local/tmp/asx/webview-t-lib/libwebview_bionic_shim.so
[TOUCH21-WAKE] now=79494975 tid=6705 ptr=0x7f7a0f79b0 looper=0x7f7a25b380
[TOUCH21-WAKE] now=79495109 tid=6705 ptr=0x7f77e39a60 looper=0x7f77e6d6a0
[TOUCH21-WAKE] now=79495208 tid=6801 ptr=0x7f7ebb4090 looper=0x7f84d544a0
[TOUCH21-WAKE] now=79495208 tid=6801 ptr=0x7f7ebb4680 looper=0x7f84d54130
[TOUCH21-WAKE] now=79495228 tid=6801 ptr=0x7f7ebb4090 looper=0x7f84d544a0
[TOUCH21-WAKE] now=79495228 tid=6801 ptr=0x7f7ebb4680 looper=0x7f84d54130
[WESTLAKE-NATIVENET-807] epoll_wait epfd=84 max=32 timeout=492 result=0 errno=0
[TOUCH21-WAKE] now=79495380 tid=6705 ptr=0x7f84ce5340 looper=0x7f85d2ee80
[SOURCE-NATIVE-LOAD] path=/data/local/tmp/asx/lib/arm64-v8a/libdelta.so search=/data/local/tmp/asx:/system/lib64:/system/lib64/platformsdk:/system/lib64/chipset-sdk:/system/lib64/chipset-sdk-sp:/system/lib64/ndk:/vendor/lib64/chipsetsdk:/vendor/lib64/hw:/vendor/lib64:/data/local/tmp/asx/lib/arm64-v8a:/data/local/tmp/asx/webview-t-lib
[TOUCH21-WAKE] now=79495452 tid=6959 ptr=0x7f7ebb4680 looper=0x7f84d54130
[TOUCH21-WAKE] now=79495468 tid=6705 ptr=0x7f7a0f79b0 looper=0x7f7a25b380
[TOUCH21-WAKE] now=79495469 tid=6705 ptr=0x7f7a0f79b0 looper=0x7f7a25b380
[TOUCH21-WAKE] now=79495485 tid=6959 ptr=0x7f7ebb4680 looper=0x7f84d54130
[TOUCH21-WAKE] now=79495502 tid=6705 ptr=0x7f7a0f79b0 looper=0x7f7a25b380
[TOUCH21-WAKE] now=79495520 tid=6705 ptr=0x7f7a0f79b0 looper=0x7f7a25b380
[TOUCH21-WAKE] now=79495522 tid=6705 ptr=0x7f7a0f79b0 looper=0x7f7a25b380
[TOUCH21-WAKE] now=79495523 tid=6882 ptr=0x7f77e61e10 looper=0x7f77e6c6e0
[TOUCH21-WAKE] now=79495524 tid=6705 ptr=0x7f7a0f79b0 looper=0x7f7a25b380
[TOUCH21-WAKE] now=79495525 tid=6705 ptr=0x7f7a0f79b0 looper=0x7f7a25b380
[TOUCH21-WAKE] now=79495525 tid=6705 ptr=0x7f84ce5340 looper=0x7f85d2ee80
[TOUCH21-WAKE] now=79495531 tid=6705 ptr=0x7f7a0f79b0 looper=0x7f7a25b380
[WESTLAKE-COLLATE] LOCALIZED + PHONEBOOK registered
[TOUCH21-WAKE] now=79495626 tid=6705 ptr=0x7f7b8d1500 looper=0x7f7e4d5eb0
[WESTLAKE-COLLATE] LOCALIZED + PHONEBOOK registered
[TOUCH21-WAKE] now=79495626 tid=6705 ptr=0x7f7a0f79b0 looper=0x7f7a25b380
VISION-plugin: com.bytedance.vision.VisionDynamicPlugin wait refresh because mira plugin not loaded
[TOUCH21-WAKE] now=79495627 tid=6705 ptr=0x7f7a0f79b0 looper=0x7f7a25b380
VISION-plugin: com.bytedance.vision.VisionNativePlugin wait refresh because mira plugin not loaded
[TOUCH21-WAKE] now=79495628 tid=6705 ptr=0x7f7a0f79b0 looper=0x7f7a25b380
[WESTLAKE-NATIVENET-807] epoll_wait epfd=84 max=32 timeout=336 result=0 errno=0
[TOUCH21-WAKE] now=79495664 tid=6705 ptr=0x7f7ebb4090 looper=0x7f84d544a0
[TOUCH21-WAKE] now=79495664 tid=6705 ptr=0x7f7a0f79b0 looper=0x7f7a25b380
[TOUCH21-WAKE] now=79495665 tid=6705 ptr=0x7f7a0f79b0 looper=0x7f7a25b380
[SOURCE-NATIVE-LOAD] path=/data/local/tmp/asx/lib/arm64-v8a/libvision_core.so search=/data/local/tmp/asx:/system/lib64:/system/lib64/platformsdk:/system/lib64/chipset-sdk:/system/lib64/chipset-sdk-sp:/system/lib64/ndk:/vendor/lib64/chipsetsdk:/vendor/lib64/hw:/vendor/lib64:/data/local/tmp/asx/lib/arm64-v8a:/data/local/tmp/asx/webview-t-lib
[SOURCE-NATIVE-LOADER] path=/data/local/tmp/asx/lib/arm64-v8a/libvision_core.so class_paths=/data/local/tmp/asx/lib/arm64-v8a:/data/local/tmp/asx/toutiao.apk!/lib/arm64-v8a
[SOURCE-NATIVE-ABI] errno=0x7f7ec86550 provider=/data/local/tmp/asx/webview-t-lib/libwebview_bionic_shim.so
[TOUCH21-WAKE] now=79495671 tid=6759 ptr=0x7f7ebb4090 looper=0x7f84d544a0
[WESTLAKE-NATIVENET-807] epoll_wait epfd=84 max=32 timeout=140 result=1 errno=0
[WESTLAKE-NATIVENET-807] epoll_event[0] events=0x1 data_fd=88 data_u64=88
[WESTLAKE-NATIVENET-807] epoll_wait epfd=84 max=32 timeout=0 result=0 errno=0
[TOUCH21-WAKE] now=79495710 tid=6819 ptr=0x7f84ce5340 looper=0x7f85d2ee80
[WESTLAKE-WEBVIEW-BIONIC] property debug.vision.sendId=
[TOUCH21-WAKE] now=79495711 tid=6959 ptr=0x7f7ebb4680 looper=0x7f84d54130
[TOUCH21-WAKE] now=79495746 tid=6705 ptr=0x7f7a0f79b0 looper=0x7f7a25b380
[TOUCH21-WAKE] now=79495747 tid=6705 ptr=0x7f7a0f79b0 looper=0x7f7a25b380
[WESTLAKE-COLLATE] LOCALIZED + PHONEBOOK registered
[TOUCH21-WAKE] now=79495767 tid=6705 ptr=0x7f7a0f79b0 looper=0x7f7a25b380
[TOUCH21-WAKE] now=79495784 tid=6705 ptr=0x7f7a0f79b0 looper=0x7f7a25b380
[WESTLAKE-NATIVENET-807] epoll_wait epfd=84 max=32 timeout=98 result=0 errno=0
[WESTLAKE-COLLATE] LOCALIZED + PHONEBOOK registered
[TOUCH21-WAKE] now=79495821 tid=6705 ptr=0x7f7a0f79b0 looper=0x7f7a25b380
[TOUCH21-WAKE] now=79495842 tid=6705 ptr=0x7f7a0f79b0 looper=0x7f7a25b380
[TOUCH21-WAKE] now=79495858 tid=6705 ptr=0x7f7a0f79b0 looper=0x7f7a25b380
[TOUCH21-WAKE] now=79495870 tid=6705 ptr=0x7f7a0f79b0 looper=0x7f7a25b380
[SOURCE-JAVA] AppSpawnXJava: [B43-BIND] handleBindApplication returned OK
[WESTLAKE-WEBVIEW-PROVIDER] primed ServiceManager webviewupdate cache public-readback=OK
[WESTLAKE-WEBVIEW-FEATURE] application=ready feature=published
[WESTLAKE-WEBVIEW-PROVIDER] startup service cache=OK previous=same
[WESTLAKE-WEBVIEW-STARTUP] checkpoint=[B43-BIND] handleBindApplication returned OK result=OK
[DIRECT-LAUNCH] bind done sBindAppDone=true
[B47-SLA] ENTRY bundle=com.ss.android.article.news ability=com.ss.android.article.news.activity.MainActivity recordId=1 abilityJson.len=-1 wantJson.len=-1 ohTokenAddr=0x0
[B47-SLA] intent.component=ComponentInfo{com.ss.android.article.news/com.ss.android.article.news.activity.MainActivity} action=null categories=null data=null extrasKeys=0 activityInfo.theme=0x0 launchMode=0 orientation=-1 flags=0x0 (HW_ACCEL=false)
[G2.5-SLA-PRE] activityInfo  icon=0x0 iconResource=0x7f020013 labelRes=0x0 theme=0x0 | appInfo icon=0x7f020013 iconRes=0x7f020013 logo=0x0 banner=0x0 theme=0x7f090002
[B47-SLA] ASX_KEEP_THEME=1: preserving theme 0x7f090002/0x7f090002
[B47-SLA] BEFORE scheduleTransaction className=com.ss.android.article.news.activity.MainActivity
[B47-SLA] AFTER scheduleTransaction OK
[DIRECT-LAUNCH] scheduleLaunchAbility posted for com.ss.android.article.news.activity.MainActivity
[DIRECT-LAUNCH] resume transaction scheduled for recordId=1
[TOUCH21-QUEUE] now=79495897 tid=6705 timeout=0
[TOUCH21-QUEUE] 0 { when=-22h4m55s897ms callback=X.NZC target=android.os.Handler }
[TOUCH21-QUEUE] 1 { when=-22h4m55s898ms callback=X.NZC target=android.os.Handler }
[TOUCH21-QUEUE] 2 { when=-22h4m55s898ms callback=X.NZC target=android.os.Handler }
[TOUCH21-QUEUE] 3 { when=-22h4m55s898ms callback=X.NZC target=android.os.Handler }
[TOUCH21-QUEUE] 4 { when=-22h4m55s898ms callback=X.NZC target=android.os.Handler }
[TOUCH21-QUEUE] 5 { when=-22h4m55s898ms callback=X.NZC target=android.os.Handler }
[TOUCH21-QUEUE] 6 { when=-22h4m55s898ms callback=X.NZC target=android.os.Handler }
[TOUCH21-QUEUE] 7 { when=-22h4m55s898ms callback=X.NZC target=android.os.Handler }
[TOUCH21-QUEUE] 8 { when=-22h4m55s898ms callback=X.BIn target=android.os.Handler }
[TOUCH21-QUEUE] 9 { when=-5s268ms callback=X.A54 target=android.os.Handler }
[TOUCH21-QUEUE] 10 { when=-5s257ms callback=X.4YR target=android.os.Handler }
[TOUCH21-QUEUE] 11 { when=-5s220ms callback=X.4Un target=android.os.Handler }
[TOUCH21-QUEUE] 12 { when=-5s164ms callback=X.Ftn target=android.os.Handler }
[TOUCH21-QUEUE] 13 { when=-4s730ms callback=X.AND target=android.os.Handler }
[TOUCH21-QUEUE] 14 { when=-4s212ms what=164 obj=com.ss.android.article.news target=android.app.ActivityThread$H }
[TOUCH21-QUEUE] 15 { when=-4s132ms callback=X.TKB target=android.os.Handler }
[TOUCH21-POLL] enter now=79495904 tid=6705 ptr=0x7f84835690 looper=0x7f851fe7f0 timeout=0
[TOUCH21-POLL] exit now=79495904 tid=6705 ptr=0x7f84835690
[TOUCH21-POLL] enter now=79495904 tid=6705 ptr=0x7f84835690 looper=0x7f851fe7f0 timeout=0
[TOUCH21-POLL] exit now=79495904 tid=6705 ptr=0x7f84835690
[TOUCH21-POLL] enter now=79495905 tid=6705 ptr=0x7f84835690 looper=0x7f851fe7f0 timeout=0
[TOUCH21-POLL] exit now=79495905 tid=6705 ptr=0x7f84835690
[TOUCH21-POLL] enter now=79495912 tid=6705 ptr=0x7f84835690 looper=0x7f851fe7f0 timeout=0
[TOUCH21-POLL] exit now=79495912 tid=6705 ptr=0x7f84835690
[TOUCH21-POLL] enter now=79495912 tid=6705 ptr=0x7f84835690 looper=0x7f851fe7f0 timeout=0
[TOUCH21-POLL] exit now=79495912 tid=6705 ptr=0x7f84835690
[TOUCH21-POLL] enter now=79495912 tid=6705 ptr=0x7f84835690 looper=0x7f851fe7f0 timeout=0
[TOUCH21-POLL] exit now=79495912 tid=6705 ptr=0x7f84835690
[TOUCH21-POLL] enter now=79495913 tid=6705 ptr=0x7f84835690 looper=0x7f851fe7f0 timeout=0
[TOUCH21-POLL] exit now=79495913 tid=6705 ptr=0x7f84835690
[TOUCH21-POLL] enter now=79495916 tid=6705 ptr=0x7f84835690 looper=0x7f851fe7f0 timeout=0
[TOUCH21-POLL] exit now=79495916 tid=6705 ptr=0x7f84835690
[TOUCH21-POLL] enter now=79495916 tid=6705 ptr=0x7f84835690 looper=0x7f851fe7f0 timeout=0
[TOUCH21-POLL] exit now=79495916 tid=6705 ptr=0x7f84835690
[TOUCH21-WAKE] now=79495917 tid=6959 ptr=0x7f7ebb4680 looper=0x7f84d54130
[TOUCH21-WAKE] now=79495918 tid=6959 ptr=0x7f84ce5340 looper=0x7f85d2ee80
[TOUCH21-WAKE] now=79495936 tid=6801 ptr=0x7f7ebb4090 looper=0x7f84d544a0
[TOUCH21-POLL] enter now=79495969 tid=6705 ptr=0x7f84835690 looper=0x7f851fe7f0 timeout=0
[TOUCH21-POLL] exit now=79495969 tid=6705 ptr=0x7f84835690
[TOUCH21-POLL] enter now=79495973 tid=6705 ptr=0x7f84835690 looper=0x7f851fe7f0 timeout=0
[TOUCH21-POLL] exit now=79495973 tid=6705 ptr=0x7f84835690
[TOUCH21-POLL] enter now=79495985 tid=6705 ptr=0x7f84835690 looper=0x7f851fe7f0 timeout=0
[TOUCH21-POLL] exit now=79495986 tid=6705 ptr=0x7f84835690
[TOUCH21-POLL] enter now=79496001 tid=6705 ptr=0x7f84835690 looper=0x7f851fe7f0 timeout=0
[TOUCH21-POLL] exit now=79496001 tid=6705 ptr=0x7f84835690
[TOUCH21-WAKE] now=79496002 tid=6705 ptr=0x7f7ebb4090 looper=0x7f84d544a0
TT_DISK_CLEAN force update sEnableGeckoAutoClean = false
TT_DISK_CLEAN getExperimentValue res =-1
MANUAL_CLEANisDiskSensitiveUser() sIsLowDeviceModelScore = false,sHasUsedManualClean = false
[SOURCE-NATIVE-LOAD] path=/data/local/tmp/asx/lib/arm64-v8a/libgecko_encrypt.so search=/data/local/tmp/asx:/system/lib64:/system/lib64/platformsdk:/system/lib64/chipset-sdk:/system/lib64/chipset-sdk-sp:/system/lib64/ndk:/vendor/lib64/chipsetsdk:/vendor/lib64/hw:/vendor/lib64:/data/local/tmp/asx/lib/arm64-v8a:/data/local/tmp/asx/webview-t-lib
[SOURCE-NATIVE-LOADER] path=/data/local/tmp/asx/lib/arm64-v8a/libgecko_encrypt.so class_paths=/data/local/tmp/asx/lib/arm64-v8a:/data/local/tmp/asx/toutiao.apk!/lib/arm64-v8a
[SOURCE-NATIVE-ABI] errno=0x7f7ec86550 provider=/data/local/tmp/asx/webview-t-lib/libwebview_bionic_shim.so
[TOUCH21-WAKE] now=79496065 tid=6705 ptr=0x7f84ce5340 looper=0x7f85d2ee80
[TOUCH21-POLL] enter now=79496070 tid=6705 ptr=0x7f84835690 looper=0x7f851fe7f0 timeout=0
[TOUCH21-POLL] exit now=79496070 tid=6705 ptr=0x7f84835690
[TOUCH21-POLL] enter now=79496071 tid=6705 ptr=0x7f84835690 looper=0x7f851fe7f0 timeout=0
[TOUCH21-POLL] exit now=79496071 tid=6705 ptr=0x7f84835690
[TOUCH21-WAKE] now=79496071 tid=6705 ptr=0x7f7a0f79b0 looper=0x7f7a25b380
[TOUCH21-WAKE] now=79496072 tid=6705 ptr=0x7f7a0f79b0 looper=0x7f7a25b380
[TOUCH21-WAKE] now=79496096 tid=6705 ptr=0x7f7a0f79b0 looper=0x7f7a25b380
[TOUCH21-WAKE] now=79496104 tid=6705 ptr=0x7f7a0f79b0 looper=0x7f7a25b380
[TOUCH21-WAKE] now=79496120 tid=6801 ptr=0x7f7ebb4090 looper=0x7f84d544a0
[OHServiceManager] getService("content_capture") → null (stub — see doc/shortcuts_inventory.html#chC)
[TOUCH21-POLL] enter now=79496121 tid=6705 ptr=0x7f84835690 looper=0x7f851fe7f0 timeout=0
[TOUCH21-POLL] exit now=79496121 tid=6705 ptr=0x7f84835690
[TOUCH21-POLL] enter now=79496122 tid=6705 ptr=0x7f84835690 looper=0x7f851fe7f0 timeout=0
[TOUCH21-POLL] exit now=79496122 tid=6705 ptr=0x7f84835690
[WESTLAKE-WEBVIEW] waitForAndGetProvider package=com.android.webview
[WESTLAKE-WEBVIEW] IPackageManager.getPackageInfo -> /data/local/tmp/asx/webview-t.apk
[TOUCH21-WAKE] now=79496212 tid=6801 ptr=0x7f7ebb4090 looper=0x7f84d544a0
[SOURCE-NATIVE-LOAD] path=/data/local/tmp/asx/lib/arm64-v8a/libEncryptor.so search=/data/local/tmp/asx:/system/lib64:/system/lib64/platformsdk:/system/lib64/chipset-sdk:/system/lib64/chipset-sdk-sp:/system/lib64/ndk:/vendor/lib64/chipsetsdk:/vendor/lib64/hw:/vendor/lib64:/data/local/tmp/asx/lib/arm64-v8a:/data/local/tmp/asx/webview-t-lib
[SOURCE-NATIVE-LOADER] path=/data/local/tmp/asx/lib/arm64-v8a/libEncryptor.so class_paths=/data/local/tmp/asx/lib/arm64-v8a:/data/local/tmp/asx/toutiao.apk!/lib/arm64-v8a
[SOURCE-NATIVE-ABI] errno=0x7f7ec86550 provider=/data/local/tmp/asx/webview-t-lib/libwebview_bionic_shim.so
[SOURCE-NATIVE-INITARRAY] /data/local/tmp/asx/lib/arm64-v8a/libEncryptor.so: dropped 1 null init entry (bionic skips them)
[OHServiceManager] getService("network_management") → null (stub — see doc/shortcuts_inventory.html#chC)
nullptr E 09-25 23:46:58  6689  6705 oat_file_assistant.cc:675] Could not check odex file /data/misc/apexdata/com.android.art/dalvik-cache/arm64/data@local@tmp@asx@webview-t.apk@classes.odex: Permission denied
ziparchive: Unable to open '/data/local/tmp/asx/webview-t.dm': No such file or directory
ziparchive: Closing archive 0x7f778e5000
ziparchive: +++ Found EOCD at buf+65535
ziparchive: +++ num_entries=2078 dir_size=188766 dir_offset=97579008
ziparchive: +++ zip good scan 2078 entries
ziparchive: Zip: Unable to find entry classes3.dex
ziparchive: Zip: Could not find entry classes3.dex
ziparchive: Closing archive 0x7f778e50c0
ziparchive: +++ Found EOCD at buf+65535
ziparchive: +++ num_entries=2078 dir_size=188766 dir_offset=97579008
ziparchive: +++ zip good scan 2078 entries
[TOUCH21-WAKE] now=79497092 tid=6784 ptr=0x7f84ce5340 looper=0x7f85d2ee80
ziparchive: Zip: Unable to find entry classes3.dex
ziparchive: Zip: Could not find entry classes3.dex
ziparchive: Closing archive 0x7f778e5120
ziparchive: +++ Found EOCD at buf+65535
ziparchive: +++ num_entries=2078 dir_size=188766 dir_offset=97579008
ziparchive: +++ zip good scan 2078 entries
ziparchive: Zip: Unable to find entry classes3.dex
ziparchive: Zip: Could not find entry classes3.dex
ziparchive: Closing archive 0x7f84f980c0
[WESTLAKE-NATIVENET-807] epoll_wait epfd=84 max=32 timeout=2008 result=0 errno=0
[WESTLAKE-NATIVENET-807] epoll_wait epfd=84 max=32 timeout=0 result=0 errno=0
[WESTLAKE-NATIVENET-807] epoll_wait epfd=84 max=32 timeout=0 result=0 errno=0
[WESTLAKE-NATIVENET-807] epoll_wait epfd=84 max=32 timeout=0 result=0 errno=0
[WESTLAKE-NATIVENET-807] epoll_wait epfd=84 max=32 timeout=0 result=0 errno=0
[WESTLAKE-NATIVENET-807] epoll_wait epfd=84 max=32 timeout=0 result=0 errno=0
[WESTLAKE-NATIVENET-807] epoll_wait epfd=84 max=32 timeout=0 result=0 errno=0
[WESTLAKE-NATIVENET-807] getsockopt fd=103 level=6 option=11 len=232 value=1 result=0 errno=0
[WESTLAKE-NATIVENET-807] epoll_wait epfd=84 max=32 timeout=219 result=1 errno=0
[WESTLAKE-NATIVENET-807] epoll_event[0] events=0x1 data_fd=103 data_u64=103
[WESTLAKE-NATIVENET-807] epoll_ctl epfd=84 op=2 fd=103 events=0x1 data_fd=103 result=0 errno=0
[WESTLAKE-NATIVENET-807] epoll_wait epfd=84 max=32 timeout=0 result=1 errno=0
[WESTLAKE-NATIVENET-807] epoll_event[0] events=0x1 data_fd=88 data_u64=88
[WESTLAKE-NATIVENET-767] socket domain=10 type=0x1 protocol=6 result=147 errno=0
[WESTLAKE-NATIVENET-767] setsockopt fd=147 level=6 option=1 len=4 result=0 errno=0
[WESTLAKE-NATIVENET-767] connect fd=147 family=10 len=28 address=2409:8c62:e10:69:3::c port=443 result=-1 errno=115
[WESTLAKE-NATIVENET-807] epoll_ctl epfd=84 op=1 fd=147 events=0x4 data_fd=147 result=0 errno=0
[WESTLAKE-NATIVENET-807] getsockopt fd=147 level=1 option=4 len=4 value=0 result=0 errno=0
[WESTLAKE-NATIVENET-807] epoll_ctl epfd=84 op=1 fd=103 events=0x1 data_fd=103 result=0 errno=0
[WESTLAKE-NATIVENET-807] epoll_wait epfd=84 max=32 timeout=0 result=0 errno=0
[WESTLAKE-NATIVENET-807] epoll_wait epfd=84 max=32 timeout=136 result=1 errno=0
[WESTLAKE-NATIVENET-807] epoll_event[0] events=0x4 data_fd=147 data_u64=147
[WESTLAKE-NATIVENET-807] getsockopt fd=147 level=1 option=4 len=4 value=0 result=0 errno=0
[WESTLAKE-NATIVENET-807] epoll_ctl epfd=84 op=2 fd=147 events=0x4 data_fd=147 result=0 errno=0
[WESTLAKE-NATIVENET-807] getsockopt fd=147 level=6 option=11 len=232 value=1 result=0 errno=0
[WESTLAKE-NATIVENET-807] epoll_ctl epfd=84 op=1 fd=147 events=0x1 data_fd=147 result=0 errno=0
[WESTLAKE-NATIVENET-807] epoll_wait epfd=84 max=32 timeout=0 result=1 errno=0
[WESTLAKE-NATIVENET-807] epoll_event[0] events=0x1 data_fd=88 data_u64=88
[WESTLAKE-NATIVENET-807] epoll_wait epfd=84 max=32 timeout=0 result=0 errno=0
[WESTLAKE-NATIVENET-807] epoll_wait epfd=84 max=32 timeout=94 result=1 errno=0
[WESTLAKE-NATIVENET-807] epoll_event[0] events=0x1 data_fd=147 data_u64=147
[WESTLAKE-NATIVENET-807] epoll_ctl epfd=84 op=2 fd=147 events=0x1 data_fd=147 result=0 errno=0
[WESTLAKE-NATIVENET-807] epoll_wait epfd=84 max=32 timeout=172 result=1 errno=0
[WESTLAKE-NATIVENET-807] epoll_event[0] events=0x1 data_fd=88 data_u64=88
[WESTLAKE-NATIVENET-807] getsockopt fd=147 level=6 option=11 len=232 value=1 result=0 errno=0
[WESTLAKE-NATIVENET-807] epoll_wait epfd=84 max=32 timeout=0 result=0 errno=0
[WESTLAKE-NATIVENET-807] epoll_wait epfd=84 max=32 timeout=0 result=0 errno=0
[WESTLAKE-NATIVENET-807] epoll_ctl epfd=84 op=1 fd=147 events=0x1 data_fd=147 result=0 errno=0
[WESTLAKE-NATIVENET-807] epoll_wait epfd=84 max=32 timeout=0 result=0 errno=0
[WESTLAKE-NATIVENET-807] epoll_wait epfd=84 max=32 timeout=0 result=0 errno=0
[WESTLAKE-NATIVENET-807] epoll_wait epfd=84 max=32 timeout=0 result=0 errno=0
[WESTLAKE-NATIVENET-807] epoll_wait epfd=84 max=32 timeout=381 result=1 errno=0
[WESTLAKE-NATIVENET-807] epoll_event[0] events=0x1 data_fd=147 data_u64=147
[WESTLAKE-NATIVENET-807] epoll_ctl epfd=84 op=2 fd=147 events=0x1 data_fd=147 result=0 errno=0
[WESTLAKE-NATIVENET-807] epoll_ctl epfd=84 op=1 fd=147 events=0x1 data_fd=147 result=0 errno=0
[WESTLAKE-NATIVENET-807] epoll_wait epfd=84 max=32 timeout=0 result=1 errno=0
[WESTLAKE-NATIVENET-807] epoll_event[0] events=0x1 data_fd=88 data_u64=88
[WESTLAKE-NATIVENET-807] epoll_wait epfd=84 max=32 timeout=353 result=1 errno=0
[WESTLAKE-NATIVENET-807] epoll_event[0] events=0x1 data_fd=147 data_u64=147
[WESTLAKE-NATIVENET-807] epoll_ctl epfd=84 op=2 fd=147 events=0x1 data_fd=147 result=0 errno=0
[WESTLAKE-NATIVENET-807] epoll_ctl epfd=84 op=1 fd=147 events=0x1 data_fd=147 result=0 errno=0
[WESTLAKE-NATIVENET-807] epoll_wait epfd=84 max=32 timeout=0 result=2 errno=0
[WESTLAKE-NATIVENET-807] epoll_event[0] events=0x1 data_fd=147 data_u64=147
[WESTLAKE-NATIVENET-807] epoll_event[1] events=0x1 data_fd=88 data_u64=88
[WESTLAKE-NATIVENET-807] epoll_ctl epfd=84 op=2 fd=147 events=0x1 data_fd=147 result=0 errno=0
[WESTLAKE-NATIVENET-807] getsockopt fd=147 level=6 option=11 len=232 value=1 result=0 errno=0
[WESTLAKE-NATIVENET-807] epoll_ctl epfd=84 op=1 fd=147 events=0x1 data_fd=147 result=0 errno=0
[WESTLAKE-NATIVENET-807] epoll_wait epfd=84 max=32 timeout=0 result=0 errno=0
[WESTLAKE-NATIVENET-807] epoll_wait epfd=84 max=32 timeout=0 result=0 errno=0
[WESTLAKE-NATIVENET-807] epoll_wait epfd=84 max=32 timeout=0 result=0 errno=0
[WESTLAKE-NATIVENET-807] epoll_wait epfd=84 max=32 timeout=0 result=0 errno=0
[WESTLAKE-NATIVENET-807] epoll_wait epfd=84 max=32 timeout=0 result=0 errno=0
[WESTLAKE-NATIVENET-807] epoll_wait epfd=84 max=32 timeout=208 result=1 errno=0
[WESTLAKE-NATIVENET-807] epoll_event[0] events=0x1 data_fd=147 data_u64=147
[WESTLAKE-NATIVENET-807] epoll_ctl epfd=84 op=2 fd=147 events=0x1 data_fd=147 result=0 errno=0
[WESTLAKE-NATIVENET-807] epoll_ctl epfd=84 op=1 fd=147 events=0x1 data_fd=147 result=0 errno=0
[WESTLAKE-NATIVENET-807] epoll_wait epfd=84 max=32 timeout=190 result=1 errno=0
[WESTLAKE-NATIVENET-807] epoll_event[0] events=0x1 data_fd=147 data_u64=147
[WESTLAKE-NATIVENET-807] epoll_ctl epfd=84 op=2 fd=147 events=0x1 data_fd=147 result=0 errno=0
[WESTLAKE-NATIVENET-807] epoll_wait epfd=84 max=32 timeout=0 result=1 errno=0
[WESTLAKE-NATIVENET-807] epoll_event[0] events=0x1 data_fd=88 data_u64=88
[WESTLAKE-NATIVENET-807] epoll_ctl epfd=84 op=1 fd=147 events=0x1 data_fd=147 result=0 errno=0
[WESTLAKE-NATIVENET-807] epoll_wait epfd=84 max=32 timeout=0 result=0 errno=0
nullptr I 09-25 23:47:01  6689  6698 heap.cc:2959] Background partial concurrent mark sweep GC freed 38MB AllocSpace bytes, 242(16MB) LOS objects, 66% free, 20MB/61MB, paused 2.858ms total 2.600s
nullptr I 09-25 23:47:01  6689  6705 heap.cc:3696] WaitForGcToComplete blocked ClassLinker on Background for 1.399s
[TOUCH21-WAKE] now=79498800 tid=6795 ptr=0x7f84ce5340 looper=0x7f85d2ee80
nullptr W 09-25 23:47:01  6689  6705 method_verifier.cc:5148] Verification of void com.android.webview.chromium.WebViewChromiumFactoryProvider.<init>(android.webkit.WebViewDelegate) took 131.762ms (5251.87 bytecodes/s) (21896B approximate peak alloc)
[WESTLAKE-NATIVENET-807] epoll_wait epfd=84 max=32 timeout=0 result=0 errno=0
[WESTLAKE-NATIVENET-807] epoll_wait epfd=84 max=32 timeout=0 result=0 errno=0
[WESTLAKE-NATIVENET-807] epoll_wait epfd=84 max=32 timeout=0 result=0 errno=0
[WESTLAKE-NATIVENET-807] epoll_wait epfd=84 max=32 timeout=0 result=0 errno=0
[WESTLAKE-NATIVENET-807] epoll_wait epfd=84 max=32 timeout=0 result=0 errno=0
[WESTLAKE-NATIVENET-807] epoll_wait epfd=84 max=32 timeout=0 result=0 errno=0
[WESTLAKE-NATIVENET-807] epoll_wait epfd=84 max=32 timeout=0 result=0 errno=0
[WESTLAKE-NATIVENET-807] epoll_wait epfd=84 max=32 timeout=2951 result=1 errno=0
[WESTLAKE-NATIVENET-807] epoll_event[0] events=0x1 data_fd=88 data_u64=88
[WESTLAKE-NATIVENET-807] epoll_wait epfd=84 max=32 timeout=0 result=0 errno=0
System.log(W): A resource failed to call close. 
System.log(W): A resource failed to call close. 
[TOUCH21-WAKE] now=79499115 tid=6795 ptr=0x7f84ce5340 looper=0x7f85d2ee80
[SOURCE-NATIVE-LOAD] path=/data/local/tmp/asx/webview-t-lib/libwebviewchromium.so search=/data/local/tmp/asx:/system/lib64:/system/lib64/platformsdk:/system/lib64/chipset-sdk:/system/lib64/chipset-sdk-sp:/system/lib64/ndk:/vendor/lib64/chipsetsdk:/vendor/lib64/hw:/vendor/lib64:/data/local/tmp/asx/lib/arm64-v8a:/data/local/tmp/asx/webview-t-lib
[SOURCE-NATIVE-LOADER] path=/data/local/tmp/asx/webview-t-lib/libwebviewchromium.so class_paths=/data/local/tmp/asx/webview-t-lib:/data/local/tmp/asx/webview-t.apk!/lib/arm64-v8a
[SOURCE-NATIVE-ABI] errno=0x7f7ec86550 provider=/data/local/tmp/asx/webview-t-lib/libwebview_bionic_shim.so
[TOUCH21-WAKE] now=79501327 tid=6784 ptr=0x7f84ce5340 looper=0x7f85d2ee80
[TOUCH21-WAKE] now=79501601 tid=6784 ptr=0x7f84ce5340 looper=0x7f85d2ee80
[WESTLAKE-NATIVENET-807] epoll_wait epfd=84 max=32 timeout=2948 result=0 errno=0
[WESTLAKE-NATIVENET-807] epoll_wait epfd=84 max=32 timeout=0 result=0 errno=0
[WESTLAKE-NATIVENET-807] epoll_wait epfd=84 max=32 timeout=0 result=0 errno=0
[WESTLAKE-NATIVENET-807] epoll_wait epfd=84 max=32 timeout=0 result=0 errno=0
[WESTLAKE-NATIVENET-807] epoll_wait epfd=84 max=32 timeout=0 result=0 errno=0
[WESTLAKE-NATIVENET-807] epoll_wait epfd=84 max=32 timeout=0 result=0 errno=0
[WESTLAKE-NATIVENET-807] epoll_wait epfd=84 max=32 timeout=0 result=0 errno=0
[WESTLAKE-NATIVENET-807] getsockopt fd=103 level=6 option=11 len=232 value=1 result=0 errno=0
[WESTLAKE-NATIVENET-807] epoll_wait epfd=84 max=32 timeout=195 result=1 errno=0
[WESTLAKE-NATIVENET-807] epoll_event[0] events=0x1 data_fd=88 data_u64=88
[WESTLAKE-NATIVENET-807] epoll_wait epfd=84 max=32 timeout=189 result=1 errno=0
[WESTLAKE-NATIVENET-807] epoll_event[0] events=0x1 data_fd=103 data_u64=103
[WESTLAKE-NATIVENET-807] epoll_ctl epfd=84 op=2 fd=103 events=0x1 data_fd=103 result=0 errno=0
[WESTLAKE-NATIVENET-807] epoll_wait epfd=84 max=32 timeout=0 result=1 errno=0
[WESTLAKE-NATIVENET-807] epoll_event[0] events=0x1 data_fd=88 data_u64=88
[WESTLAKE-NATIVENET-807] getsockopt fd=103 level=6 option=11 len=232 value=1 result=0 errno=0
[TOUCH21-WAKE] now=79502450 tid=6860 ptr=0x7f7cbf6e80 looper=0x7f7f1f28d0
[WESTLAKE-NATIVENET-767] socket domain=10 type=0x1 protocol=6 result=157 errno=0
[WESTLAKE-NATIVENET-767] setsockopt fd=157 level=6 option=1 len=4 result=0 errno=0
[WESTLAKE-NATIVENET-767] connect fd=157 family=10 len=28 address=2409:8c30:40:3500::55 port=443 result=-1 errno=115
[WESTLAKE-NATIVENET-807] epoll_ctl epfd=84 op=1 fd=157 events=0x4 data_fd=157 result=0 errno=0
[WESTLAKE-NATIVENET-807] getsockopt fd=157 level=1 option=4 len=4 value=0 result=0 errno=0
[WESTLAKE-NATIVENET-807] epoll_ctl epfd=84 op=1 fd=103 events=0x1 data_fd=103 result=0 errno=0
[WESTLAKE-NATIVENET-807] epoll_wait epfd=84 max=32 timeout=0 result=0 errno=0
[WESTLAKE-NATIVENET-767] socket domain=10 type=0x1 protocol=6 result=158 errno=0
[WESTLAKE-NATIVENET-767] setsockopt fd=158 level=6 option=1 len=4 result=0 errno=0
[WESTLAKE-NATIVENET-767] connect fd=158 family=10 len=28 address=2409:8c30:40:3500::55 port=443 result=-1 errno=115
[WESTLAKE-NATIVENET-807] epoll_ctl epfd=84 op=1 fd=158 events=0x4 data_fd=158 result=0 errno=0
[WESTLAKE-NATIVENET-807] getsockopt fd=158 level=1 option=4 len=4 value=0 result=0 errno=0
[WESTLAKE-NATIVENET-807] epoll_wait epfd=84 max=32 timeout=228 result=1 errno=0
[WESTLAKE-NATIVENET-807] epoll_event[0] events=0x4 data_fd=157 data_u64=157
[WESTLAKE-NATIVENET-807] getsockopt fd=157 level=1 option=4 len=4 value=0 result=0 errno=0
[WESTLAKE-NATIVENET-807] epoll_ctl epfd=84 op=2 fd=157 events=0x4 data_fd=157 result=0 errno=0
[WESTLAKE-NATIVENET-807] getsockopt fd=157 level=6 option=11 len=232 value=1 result=0 errno=0
[WESTLAKE-NATIVENET-807] epoll_ctl epfd=84 op=1 fd=157 events=0x1 data_fd=157 result=0 errno=0
[WESTLAKE-NATIVENET-807] epoll_wait epfd=84 max=32 timeout=0 result=1 errno=0
[WESTLAKE-NATIVENET-807] epoll_event[0] events=0x1 data_fd=88 data_u64=88
[WESTLAKE-NATIVENET-807] epoll_wait epfd=84 max=32 timeout=0 result=0 errno=0
[WESTLAKE-NATIVENET-807] epoll_wait epfd=84 max=32 timeout=196 result=2 errno=0
[WESTLAKE-NATIVENET-807] epoll_event[0] events=0x4 data_fd=158 data_u64=158
[WESTLAKE-NATIVENET-807] epoll_event[1] events=0x1 data_fd=157 data_u64=157
[WESTLAKE-NATIVENET-807] getsockopt fd=158 level=1 option=4 len=4 value=0 result=0 errno=0
[WESTLAKE-NATIVENET-807] epoll_ctl epfd=84 op=2 fd=158 events=0x4 data_fd=158 result=0 errno=0
[WESTLAKE-NATIVENET-807] getsockopt fd=158 level=6 option=11 len=232 value=1 result=0 errno=0
[WESTLAKE-NATIVENET-807] epoll_ctl epfd=84 op=1 fd=158 events=0x1 data_fd=158 result=0 errno=0
[WESTLAKE-NATIVENET-807] epoll_ctl epfd=84 op=2 fd=157 events=0x1 data_fd=157 result=0 errno=0
[WESTLAKE-NATIVENET-807] epoll_wait epfd=84 max=32 timeout=0 result=1 errno=0
[WESTLAKE-NATIVENET-807] epoll_event[0] events=0x1 data_fd=88 data_u64=88
[WESTLAKE-NATIVENET-807] epoll_wait epfd=84 max=32 timeout=110 result=1 errno=0
[WESTLAKE-NATIVENET-807] epoll_event[0] events=0x1 data_fd=88 data_u64=88
[WESTLAKE-NATIVENET-807] epoll_ctl epfd=84 op=1 fd=157 events=0x1 data_fd=157 result=0 errno=0
[WESTLAKE-NATIVENET-807] epoll_wait epfd=84 max=32 timeout=0 result=0 errno=0
[WESTLAKE-NATIVENET-807] epoll_wait epfd=84 max=32 timeout=0 result=0 errno=0
[WESTLAKE-NATIVENET-807] epoll_wait epfd=84 max=32 timeout=0 result=0 errno=0
[WESTLAKE-NATIVENET-807] epoll_wait epfd=84 max=32 timeout=75 result=1 errno=0
[WESTLAKE-NATIVENET-807] epoll_event[0] events=0x1 data_fd=158 data_u64=158
[WESTLAKE-NATIVENET-807] epoll_ctl epfd=84 op=2 fd=158 events=0x1 data_fd=158 result=0 errno=0
[WESTLAKE-NATIVENET-807] epoll_ctl epfd=84 op=1 fd=158 events=0x1 data_fd=158 result=0 errno=0
[WESTLAKE-NATIVENET-807] epoll_wait epfd=84 max=32 timeout=0 result=1 errno=0
[WESTLAKE-NATIVENET-807] epoll_event[0] events=0x1 data_fd=88 data_u64=88
[WESTLAKE-NATIVENET-807] epoll_wait epfd=84 max=32 timeout=618 result=1 errno=0
[WESTLAKE-NATIVENET-807] epoll_event[0] events=0x1 data_fd=157 data_u64=157
[WESTLAKE-NATIVENET-807] epoll_ctl epfd=84 op=2 fd=157 events=0x1 data_fd=157 result=0 errno=0
[WESTLAKE-NATIVENET-807] getsockopt fd=157 level=6 option=11 len=232 value=1 result=0 errno=0
[WESTLAKE-NATIVENET-807] epoll_wait epfd=84 max=32 timeout=0 result=2 errno=0
[WESTLAKE-NATIVENET-807] epoll_event[0] events=0x1 data_fd=158 data_u64=158
[WESTLAKE-NATIVENET-807] epoll_event[1] events=0x1 data_fd=88 data_u64=88
[WESTLAKE-NATIVENET-807] epoll_ctl epfd=84 op=2 fd=158 events=0x1 data_fd=158 result=0 errno=0
[WESTLAKE-NATIVENET-807] getsockopt fd=158 level=6 option=11 len=232 value=1 result=0 errno=0
[TOUCH21-WAKE] now=79503064 tid=6860 ptr=0x7f7cbf6e80 looper=0x7f7f1f28d0
[WESTLAKE-NATIVENET-807] epoll_wait epfd=84 max=32 timeout=0 result=0 errno=0
[WESTLAKE-NATIVENET-807] epoll_ctl epfd=84 op=1 fd=157 events=0x1 data_fd=157 result=0 errno=0
[WESTLAKE-NATIVENET-807] epoll_wait epfd=84 max=32 timeout=0 result=0 errno=0
[WESTLAKE-NATIVENET-807] epoll_wait epfd=84 max=32 timeout=0 result=0 errno=0
[WESTLAKE-NATIVENET-807] epoll_wait epfd=84 max=32 timeout=0 result=0 errno=0
[WESTLAKE-NATIVENET-807] epoll_wait epfd=84 max=32 timeout=0 result=0 errno=0
[WESTLAKE-NATIVENET-807] epoll_wait epfd=84 max=32 timeout=0 result=0 errno=0
[WESTLAKE-NATIVENET-807] epoll_wait epfd=84 max=32 timeout=0 result=0 errno=0
[WESTLAKE-NATIVENET-807] epoll_wait epfd=84 max=32 timeout=0 result=0 errno=0
[WESTLAKE-NATIVENET-807] epoll_wait epfd=84 max=32 timeout=0 result=0 errno=0
[WESTLAKE-NATIVENET-807] epoll_wait epfd=84 max=32 timeout=0 result=0 errno=0
[WESTLAKE-NATIVENET-807] epoll_wait epfd=84 max=32 timeout=0 result=0 errno=0
[WESTLAKE-NATIVENET-807] getsockopt fd=103 level=6 option=11 len=232 value=1 result=0 errno=0
[WESTLAKE-NATIVENET-807] epoll_wait epfd=84 max=32 timeout=219 result=1 errno=0
[WESTLAKE-NATIVENET-807] epoll_event[0] events=0x1 data_fd=103 data_u64=103
[WESTLAKE-NATIVENET-807] epoll_ctl epfd=84 op=2 fd=103 events=0x1 data_fd=103 result=0 errno=0
[WESTLAKE-NATIVENET-807] epoll_wait epfd=84 max=32 timeout=0 result=1 errno=0
[WESTLAKE-NATIVENET-807] epoll_event[0] events=0x1 data_fd=88 data_u64=88
[TOUCH21-WAKE] now=79503233 tid=6860 ptr=0x7f7cbf6e80 looper=0x7f7f1f28d0
[WESTLAKE-NATIVENET-807] epoll_ctl epfd=84 op=1 fd=103 events=0x1 data_fd=103 result=0 errno=0
[WESTLAKE-NATIVENET-807] epoll_wait epfd=84 max=32 timeout=0 result=0 errno=0
[WESTLAKE-NATIVENET-807] epoll_wait epfd=84 max=32 timeout=0 result=0 errno=0
[WESTLAKE-NATIVENET-807] epoll_wait epfd=84 max=32 timeout=0 result=0 errno=0
[WESTLAKE-NATIVENET-807] getsockopt fd=105 level=6 option=11 len=232 value=1 result=0 errno=0
[WESTLAKE-NATIVENET-807] epoll_wait epfd=84 max=32 timeout=94 result=1 errno=0
[WESTLAKE-NATIVENET-807] epoll_event[0] events=0x1 data_fd=105 data_u64=105
[WESTLAKE-NATIVENET-807] epoll_ctl epfd=84 op=2 fd=105 events=0x1 data_fd=105 result=0 errno=0
[WESTLAKE-NATIVENET-807] epoll_wait epfd=84 max=32 timeout=0 result=1 errno=0
[WESTLAKE-NATIVENET-807] epoll_event[0] events=0x1 data_fd=88 data_u64=88
[WESTLAKE-NATIVENET-807] getsockopt fd=105 level=6 option=11 len=232 value=1 result=0 errno=0
[TOUCH21-WAKE] now=79503564 tid=6860 ptr=0x7f7cbf6e80 looper=0x7f7f1f28d0
[WESTLAKE-NATIVENET-807] epoll_wait epfd=84 max=32 timeout=0 result=0 errno=0
[WESTLAKE-NATIVENET-807] epoll_ctl epfd=84 op=1 fd=105 events=0x1 data_fd=105 result=0 errno=0
[WESTLAKE-NATIVENET-807] epoll_wait epfd=84 max=32 timeout=0 result=0 errno=0
[WESTLAKE-NATIVENET-807] epoll_wait epfd=84 max=32 timeout=0 result=0 errno=0
[WESTLAKE-NATIVENET-807] epoll_wait epfd=84 max=32 timeout=0 result=0 errno=0
[WESTLAKE-NATIVENET-807] epoll_wait epfd=84 max=32 timeout=0 result=0 errno=0
[WESTLAKE-NATIVENET-807] epoll_wait epfd=84 max=32 timeout=0 result=0 errno=0
[WESTLAKE-NATIVENET-807] epoll_wait epfd=84 max=32 timeout=0 result=0 errno=0
[WESTLAKE-NATIVENET-807] epoll_wait epfd=84 max=32 timeout=0 result=0 errno=0
[WESTLAKE-NATIVENET-807] epoll_wait epfd=84 max=32 timeout=0 result=0 errno=0
nullptr W 09-25 23:47:05  6689  6697 code_generator_arm64.cc:4802] Missing inline cache for java.lang.Object libcore.reflect.AnnotationMember.copyValue()
nullptr W 09-25 23:47:05  6689  6697 code_generator_arm64.cc:4802] Missing inline cache for java.lang.Object libcore.reflect.AnnotationMember.copyValue()
nullptr W 09-25 23:47:05  6689  6697 code_generator_arm64.cc:4802] Missing inline cache for java.lang.Object libcore.reflect.AnnotationMember.copyValue()
nullptr W 09-25 23:47:05  6689  6697 code_generator_arm64.cc:4802] Missing inline cache for java.lang.Object libcore.reflect.AnnotationMember.copyValue()
nullptr W 09-25 23:47:05  6689  6697 code_generator_arm64.cc:4802] Missing inline cache for java.lang.Object libcore.reflect.AnnotationMember.copyValue()
nullptr W 09-25 23:47:05  6689  6697 code_generator_arm64.cc:4802] Missing inline cache for java.lang.Object libcore.reflect.AnnotationMember.copyValue()
nullptr W 09-25 23:47:05  6689  6697 code_generator_arm64.cc:4802] Missing inline cache for java.lang.Object libcore.reflect.AnnotationMember.copyValue()
nullptr W 09-25 23:47:05  6689  6697 code_generator_arm64.cc:4802] Missing inline cache for java.lang.Object libcore.reflect.AnnotationMember.copyValue()
[WESTLAKE-NATIVENET-807] epoll_wait epfd=84 max=32 timeout=0 result=0 errno=0
[WESTLAKE-NATIVENET-807] epoll_wait epfd=84 max=32 timeout=0 result=0 errno=0
[WESTLAKE-NATIVENET-807] epoll_wait epfd=84 max=32 timeout=0 result=0 errno=0
[WESTLAKE-NATIVENET-807] epoll_wait epfd=84 max=32 timeout=0 result=0 errno=0
[WESTLAKE-NATIVENET-807] getsockopt fd=103 level=6 option=11 len=232 value=1 result=0 errno=0
[WESTLAKE-NATIVENET-807] epoll_wait epfd=84 max=32 timeout=93 result=1 errno=0
[WESTLAKE-NATIVENET-807] epoll_event[0] events=0x1 data_fd=103 data_u64=103
[WESTLAKE-NATIVENET-807] epoll_ctl epfd=84 op=2 fd=103 events=0x1 data_fd=103 result=0 errno=0
[WESTLAKE-NATIVENET-807] epoll_wait epfd=84 max=32 timeout=0 result=1 errno=0
[WESTLAKE-NATIVENET-807] epoll_event[0] events=0x1 data_fd=88 data_u64=88
[TOUCH21-WAKE] now=79503951 tid=6860 ptr=0x7f7cbf6e80 looper=0x7f7f1f28d0
[WESTLAKE-NATIVENET-767] socket domain=2 type=0x1 protocol=6 result=159 errno=0
[WESTLAKE-NATIVENET-767] setsockopt fd=159 level=6 option=1 len=4 result=0 errno=0
[WESTLAKE-NATIVENET-767] connect fd=159 family=2 len=16 address=171.220.248.101 port=443 result=-1 errno=115
[WESTLAKE-NATIVENET-807] epoll_ctl epfd=84 op=1 fd=159 events=0x4 data_fd=159 result=0 errno=0
[WESTLAKE-NATIVENET-807] getsockopt fd=159 level=1 option=4 len=4 value=0 result=0 errno=0
[WESTLAKE-NATIVENET-807] epoll_ctl epfd=84 op=1 fd=103 events=0x1 data_fd=103 result=0 errno=0
[WESTLAKE-NATIVENET-807] epoll_wait epfd=84 max=32 timeout=0 result=0 errno=0
[WESTLAKE-NATIVENET-807] epoll_wait epfd=84 max=32 timeout=0 result=0 errno=0
[WESTLAKE-NATIVENET-767] socket domain=2 type=0x1 protocol=6 result=160 errno=0
[WESTLAKE-NATIVENET-767] setsockopt fd=160 level=6 option=1 len=4 result=0 errno=0
[WESTLAKE-NATIVENET-767] connect fd=160 family=2 len=16 address=171.220.248.101 port=443 result=-1 errno=115
[WESTLAKE-NATIVENET-807] epoll_ctl epfd=84 op=1 fd=160 events=0x4 data_fd=160 result=0 errno=0
[WESTLAKE-NATIVENET-807] getsockopt fd=160 level=1 option=4 len=4 value=0 result=0 errno=0
[WESTLAKE-NATIVENET-807] epoll_wait epfd=84 max=32 timeout=0 result=1 errno=0
[WESTLAKE-NATIVENET-807] epoll_event[0] events=0x4 data_fd=159 data_u64=159
[WESTLAKE-NATIVENET-807] getsockopt fd=159 level=1 option=4 len=4 value=0 result=0 errno=0
[WESTLAKE-NATIVENET-807] epoll_ctl epfd=84 op=2 fd=159 events=0x4 data_fd=159 result=0 errno=0
[WESTLAKE-NATIVENET-807] getsockopt fd=159 level=6 option=11 len=232 value=1 result=0 errno=0
[WESTLAKE-NATIVENET-807] getsockopt fd=159 level=6 option=11 len=232 value=1 result=0 errno=0
[WESTLAKE-NATIVENET-807] epoll_ctl epfd=84 op=1 fd=159 events=0x1 data_fd=159 result=0 errno=0
[WESTLAKE-NATIVENET-807] epoll_wait epfd=84 max=32 timeout=0 result=1 errno=0
[WESTLAKE-NATIVENET-807] epoll_event[0] events=0x1 data_fd=88 data_u64=88
[WESTLAKE-NATIVENET-807] epoll_wait epfd=84 max=32 timeout=0 result=0 errno=0
[WESTLAKE-NATIVENET-807] epoll_wait epfd=84 max=32 timeout=0 result=0 errno=0
[WESTLAKE-NATIVENET-807] epoll_wait epfd=84 max=32 timeout=0 result=0 errno=0
[WESTLAKE-NATIVENET-807] epoll_wait epfd=84 max=32 timeout=0 result=0 errno=0
[WESTLAKE-NATIVENET-807] epoll_wait epfd=84 max=32 timeout=884 result=1 errno=0
[WESTLAKE-NATIVENET-807] epoll_event[0] events=0x4 data_fd=160 data_u64=160
[WESTLAKE-NATIVENET-807] getsockopt fd=160 level=1 option=4 len=4 value=0 result=0 errno=0
[WESTLAKE-NATIVENET-807] epoll_ctl epfd=84 op=2 fd=160 events=0x4 data_fd=160 result=0 errno=0
[WESTLAKE-NATIVENET-807] getsockopt fd=160 level=6 option=11 len=232 value=1 result=0 errno=0
[WESTLAKE-NATIVENET-807] epoll_ctl epfd=84 op=1 fd=160 events=0x1 data_fd=160 result=0 errno=0
[WESTLAKE-NATIVENET-807] epoll_wait epfd=84 max=32 timeout=0 result=2 errno=0
[WESTLAKE-NATIVENET-807] epoll_event[0] events=0x1 data_fd=88 data_u64=88
[WESTLAKE-NATIVENET-807] epoll_event[1] events=0x1 data_fd=159 data_u64=159
[WESTLAKE-NATIVENET-807] epoll_wait epfd=84 max=32 timeout=0 result=1 errno=0
[WESTLAKE-NATIVENET-807] epoll_event[0] events=0x1 data_fd=159 data_u64=159
[WESTLAKE-NATIVENET-807] epoll_ctl epfd=84 op=2 fd=159 events=0x1 data_fd=159 result=0 errno=0
[WESTLAKE-NATIVENET-807] epoll_wait epfd=84 max=32 timeout=819 result=1 errno=0
[WESTLAKE-NATIVENET-807] epoll_event[0] events=0x1 data_fd=160 data_u64=160
[WESTLAKE-NATIVENET-807] epoll_ctl epfd=84 op=2 fd=160 events=0x1 data_fd=160 result=0 errno=0
[WESTLAKE-NATIVENET-807] epoll_wait epfd=84 max=32 timeout=757 result=1 errno=0
[WESTLAKE-NATIVENET-807] epoll_event[0] events=0x1 data_fd=88 data_u64=88
[WESTLAKE-NATIVENET-807] getsockopt fd=159 level=6 option=11 len=232 value=1 result=0 errno=0
[WESTLAKE-NATIVENET-807] getsockopt fd=160 level=6 option=11 len=232 value=1 result=0 errno=0
[WESTLAKE-NATIVENET-807] epoll_wait epfd=84 max=32 timeout=0 result=0 errno=0
[WESTLAKE-NATIVENET-807] epoll_wait epfd=84 max=32 timeout=0 result=0 errno=0
[WESTLAKE-NATIVENET-807] epoll_ctl epfd=84 op=1 fd=159 events=0x1 data_fd=159 result=0 errno=0
[WESTLAKE-NATIVENET-807] epoll_wait epfd=84 max=32 timeout=0 result=0 errno=0
[WESTLAKE-NATIVENET-807] getsockopt fd=160 level=6 option=11 len=232 value=1 result=0 errno=0
[WESTLAKE-NATIVENET-807] epoll_wait epfd=84 max=32 timeout=0 result=0 errno=0
[WESTLAKE-NATIVENET-807] epoll_wait epfd=84 max=32 timeout=0 result=0 errno=0
[WESTLAKE-NATIVENET-807] epoll_wait epfd=84 max=32 timeout=0 result=0 errno=0
[WESTLAKE-NATIVENET-807] epoll_wait epfd=84 max=32 timeout=0 result=0 errno=0
[WESTLAKE-NATIVENET-807] epoll_wait epfd=84 max=32 timeout=260 result=1 errno=0
[WESTLAKE-NATIVENET-807] epoll_event[0] events=0x1 data_fd=159 data_u64=159
[WESTLAKE-NATIVENET-807] epoll_ctl epfd=84 op=2 fd=159 events=0x1 data_fd=159 result=0 errno=0
[WESTLAKE-NATIVENET-807] epoll_ctl epfd=84 op=1 fd=159 events=0x1 data_fd=159 result=0 errno=0
[WESTLAKE-NATIVENET-807] epoll_wait epfd=84 max=32 timeout=0 result=1 errno=0
[WESTLAKE-NATIVENET-807] epoll_event[0] events=0x1 data_fd=88 data_u64=88
[WESTLAKE-NATIVENET-807] epoll_wait epfd=84 max=32 timeout=192 result=1 errno=0
[WESTLAKE-NATIVENET-807] epoll_event[0] events=0x1 data_fd=159 data_u64=159
[WESTLAKE-NATIVENET-807] epoll_ctl epfd=84 op=2 fd=159 events=0x1 data_fd=159 result=0 errno=0
[WESTLAKE-NATIVENET-807] getsockopt fd=159 level=6 option=11 len=232 value=1 result=0 errno=0
[WESTLAKE-NATIVENET-807] epoll_wait epfd=84 max=32 timeout=0 result=1 errno=0
[WESTLAKE-NATIVENET-807] epoll_event[0] events=0x1 data_fd=88 data_u64=88
[TOUCH21-WAKE] now=79505013 tid=6860 ptr=0x7f7cbf6e80 looper=0x7f7f1f28d0
[WESTLAKE-NATIVENET-807] epoll_wait epfd=84 max=32 timeout=0 result=0 errno=0
[WESTLAKE-NATIVENET-807] epoll_ctl epfd=84 op=1 fd=159 events=0x1 data_fd=159 result=0 errno=0
[WESTLAKE-NATIVENET-807] epoll_wait epfd=84 max=32 timeout=0 result=0 errno=0
[WESTLAKE-NATIVENET-807] epoll_wait epfd=84 max=32 timeout=0 result=0 errno=0
[WESTLAKE-NATIVENET-807] epoll_wait epfd=84 max=32 timeout=0 result=0 errno=0
[WESTLAKE-NATIVENET-807] epoll_wait epfd=84 max=32 timeout=0 result=0 errno=0
[WESTLAKE-NATIVENET-807] epoll_wait epfd=84 max=32 timeout=0 result=0 errno=0
[WESTLAKE-NATIVENET-807] epoll_wait epfd=84 max=32 timeout=0 result=0 errno=0
[WESTLAKE-NATIVENET-807] epoll_wait epfd=84 max=32 timeout=0 result=0 errno=0
[WESTLAKE-NATIVENET-807] epoll_wait epfd=84 max=32 timeout=0 result=0 errno=0
[WESTLAKE-NATIVENET-807] epoll_wait epfd=84 max=32 timeout=0 result=0 errno=0
[WESTLAKE-NATIVENET-807] epoll_wait epfd=84 max=32 timeout=0 result=0 errno=0
[WESTLAKE-NATIVENET-807] getsockopt fd=103 level=6 option=11 len=232 value=1 result=0 errno=0
[WESTLAKE-NATIVENET-807] epoll_wait epfd=84 max=32 timeout=229 result=1 errno=0
[WESTLAKE-NATIVENET-807] epoll_event[0] events=0x1 data_fd=103 data_u64=103
[WESTLAKE-NATIVENET-807] epoll_ctl epfd=84 op=2 fd=103 events=0x1 data_fd=103 result=0 errno=0
[WESTLAKE-NATIVENET-807] epoll_wait epfd=84 max=32 timeout=0 result=1 errno=0
[WESTLAKE-NATIVENET-807] epoll_event[0] events=0x1 data_fd=88 data_u64=88
[TOUCH21-WAKE] now=79505339 tid=6860 ptr=0x7f7cbf6e80 looper=0x7f7f1f28d0
[WESTLAKE-NATIVENET-807] epoll_ctl epfd=84 op=1 fd=103 events=0x1 data_fd=103 result=0 errno=0
[WESTLAKE-NATIVENET-807] epoll_wait epfd=84 max=32 timeout=0 result=0 errno=0
[WESTLAKE-NATIVENET-807] epoll_wait epfd=84 max=32 timeout=0 result=0 errno=0
[WESTLAKE-NATIVENET-807] epoll_wait epfd=84 max=32 timeout=0 result=0 errno=0
[WESTLAKE-NATIVENET-807] getsockopt fd=105 level=6 option=11 len=232 value=1 result=0 errno=0
[WESTLAKE-NATIVENET-807] epoll_wait epfd=84 max=32 timeout=116 result=1 errno=0
[WESTLAKE-NATIVENET-807] epoll_event[0] events=0x1 data_fd=105 data_u64=105
[WESTLAKE-WEBVIEW-BIONIC] property debug.vision.sendId=
[WESTLAKE-WEBVIEW-BIONIC] property ro.arch=arm64
[WESTLAKE-NATIVENET-807] epoll_ctl epfd=84 op=2 fd=105 events=0x1 data_fd=105 result=0 errno=0
[WESTLAKE-NATIVENET-807] getsockopt fd=105 level=6 option=11 len=232 value=1 result=0 errno=0
[WESTLAKE-NATIVENET-807] epoll_wait epfd=84 max=32 timeout=0 result=1 errno=0
[WESTLAKE-NATIVENET-807] epoll_event[0] events=0x1 data_fd=88 data_u64=88
[SOURCE-NATIVE-LOAD] path=/data/local/tmp/asx/webview-t-lib/libwebviewchromium_plat_support.so search=/data/local/tmp/asx:/system/lib64:/system/lib64/platformsdk:/system/lib64/chipset-sdk:/system/lib64/chipset-sdk-sp:/system/lib64/ndk:/vendor/lib64/chipsetsdk:/vendor/lib64/hw:/vendor/lib64:/data/local/tmp/asx/lib/arm64-v8a:/data/local/tmp/asx/webview-t-lib
[SOURCE-NATIVE-LOADER] path=/data/local/tmp/asx/webview-t-lib/libwebviewchromium_plat_support.so class_paths=/data/local/tmp/asx/webview-t-lib:/data/local/tmp/asx/webview-t.apk!/lib/arm64-v8a
[SOURCE-NATIVE-ABI] errno=0x7f7ec86550 provider=/data/local/tmp/asx/webview-t-lib/libwebview_bionic_shim.so
[TOUCH21-WAKE] now=79505912 tid=6860 ptr=0x7f7cbf6e80 looper=0x7f7f1f28d0
[WESTLAKE-NATIVENET-807] epoll_wait epfd=84 max=32 timeout=0 result=0 errno=0
[SOURCE-WEBVIEW-PLATFORM] JNI_OnLoad enter vm=0x7f7dc48c50
[WESTLAKE-NATIVENET-807] epoll_ctl epfd=84 op=1 fd=105 events=0x1 data_fd=105 result=0 errno=0
[WESTLAKE-NATIVENET-807] epoll_wait epfd=84 max=32 timeout=0 result=0 errno=0
[WESTLAKE-NATIVENET-807] epoll_wait epfd=84 max=32 timeout=0 result=0 errno=0
[WESTLAKE-WEBVIEW] waitForAndGetProvider package=com.android.webview
[WESTLAKE-WEBVIEW] IPackageManager.getPackageInfo -> /data/local/tmp/asx/webview-t.apk
[WESTLAKE-NATIVENET-807] epoll_wait epfd=84 max=32 timeout=0 result=0 errno=0
[WESTLAKE-NATIVENET-807] epoll_wait epfd=84 max=32 timeout=0 result=0 errno=0
[SOURCE-WEBVIEW-CMD] --single-process
[SOURCE-WEBVIEW-CMD] --disable-features=AndroidSurfaceControl
[SOURCE-WEBVIEW-PLATFORM] registered draw_fn draw_gl graphics_utils
[TOUCH21-WAKE] now=79506093 tid=6705 ptr=0x7f84ce5340 looper=0x7f85d2ee80
[TOUCH21-WAKE] now=79506098 tid=6770 ptr=0x7f7cbf6e80 looper=0x7f7f1f28d0
[WESTLAKE-NATIVENET-807] epoll_wait epfd=84 max=32 timeout=0 result=0 errno=0
[WESTLAKE-NATIVENET-807] epoll_wait epfd=84 max=32 timeout=0 result=0 errno=0
[WESTLAKE-NATIVENET-807] epoll_wait epfd=84 max=32 timeout=0 result=0 errno=0
[WESTLAKE-NATIVENET-807] epoll_wait epfd=84 max=32 timeout=0 result=0 errno=0
[WESTLAKE-NATIVENET-807] getsockopt fd=103 level=6 option=11 len=232 value=1 result=0 errno=0
[WESTLAKE-NATIVENET-807] epoll_wait epfd=84 max=32 timeout=217 result=1 errno=0
[WESTLAKE-NATIVENET-807] epoll_event[0] events=0x1 data_fd=103 data_u64=103
[WESTLAKE-NATIVENET-807] epoll_ctl epfd=84 op=2 fd=103 events=0x1 data_fd=103 result=0 errno=0
[TOUCH21-WAKE] now=79506231 tid=6705 ptr=0x7f7a0f79b0 looper=0x7f7a25b380
[WESTLAKE-NATIVENET-807] epoll_wait epfd=84 max=32 timeout=0 result=1 errno=0
[WESTLAKE-NATIVENET-807] epoll_event[0] events=0x1 data_fd=88 data_u64=88
[TOUCH21-WAKE] now=79506331 tid=6860 ptr=0x7f7cbf6e80 looper=0x7f7f1f28d0
[WESTLAKE-NATIVENET-767] socket domain=10 type=0x1 protocol=6 result=162 errno=0
[WESTLAKE-NATIVENET-767] setsockopt fd=162 level=6 option=1 len=4 result=0 errno=0
[WESTLAKE-NATIVENET-767] connect fd=162 family=10 len=28 address=2409:8c4d:5200:38:8000:0:b00:121 port=443 result=-1 errno=115
[WESTLAKE-NATIVENET-807] epoll_ctl epfd=84 op=1 fd=162 events=0x4 data_fd=162 result=0 errno=0
[WESTLAKE-NATIVENET-807] getsockopt fd=162 level=1 option=4 len=4 value=0 result=0 errno=0
[WESTLAKE-NATIVENET-807] epoll_ctl epfd=84 op=1 fd=103 events=0x1 data_fd=103 result=0 errno=0
[WESTLAKE-NATIVENET-807] epoll_wait epfd=84 max=32 timeout=0 result=0 errno=0
[WESTLAKE-NATIVENET-807] epoll_wait epfd=84 max=32 timeout=45 result=0 errno=0
[WESTLAKE-NATIVENET-767] socket domain=10 type=0x1 protocol=6 result=161 errno=0
[WESTLAKE-NATIVENET-767] setsockopt fd=161 level=6 option=1 len=4 result=0 errno=0
[WESTLAKE-NATIVENET-767] connect fd=161 family=10 len=28 address=2409:8c4d:5200:38:8000:0:b00:121 port=443 result=-1 errno=115
[WESTLAKE-NATIVENET-807] epoll_ctl epfd=84 op=1 fd=161 events=0x4 data_fd=161 result=0 errno=0
[WESTLAKE-NATIVENET-807] getsockopt fd=161 level=1 option=4 len=4 value=0 result=0 errno=0
[WESTLAKE-NATIVENET-807] epoll_wait epfd=84 max=32 timeout=239 result=1 errno=0
[WESTLAKE-NATIVENET-807] epoll_event[0] events=0x4 data_fd=162 data_u64=162
[WESTLAKE-NATIVENET-807] getsockopt fd=162 level=1 option=4 len=4 value=0 result=0 errno=0
[WESTLAKE-NATIVENET-807] epoll_ctl epfd=84 op=2 fd=162 events=0x4 data_fd=162 result=0 errno=0
[WESTLAKE-NATIVENET-807] getsockopt fd=162 level=6 option=11 len=232 value=1 result=0 errno=0
[TOUCH21-WAKE] now=79506410 tid=6989 ptr=0x7f7a85fe40 looper=0x7f7b48ea00
[WESTLAKE-NATIVENET-807] getsockopt fd=162 level=6 option=11 len=232 value=1 result=0 errno=0
[WESTLAKE-NATIVENET-807] epoll_ctl epfd=84 op=1 fd=162 events=0x1 data_fd=162 result=0 errno=0
[WESTLAKE-NATIVENET-807] epoll_wait epfd=84 max=32 timeout=0 result=1 errno=0
[WESTLAKE-NATIVENET-807] epoll_event[0] events=0x1 data_fd=88 data_u64=88
[WESTLAKE-NATIVENET-807] epoll_wait epfd=84 max=32 timeout=0 result=0 errno=0
[WESTLAKE-NATIVENET-807] epoll_wait epfd=84 max=32 timeout=0 result=0 errno=0
[WESTLAKE-NATIVENET-807] epoll_wait epfd=84 max=32 timeout=0 result=0 errno=0
[WESTLAKE-NATIVENET-807] epoll_wait epfd=84 max=32 timeout=238 result=1 errno=0
[WESTLAKE-NATIVENET-807] epoll_event[0] events=0x1 data_fd=88 data_u64=88
[TOUCH21-QUEUE] now=79506443 tid=6705 timeout=0
[TOUCH21-QUEUE] 0 { when=-14s408ms callback=X.Aof target=android.os.Handler }
[TOUCH21-QUEUE] 1 { when=-14s351ms callback=android.view.Choreographer$FrameDisplayEventReceiver target=android.view.Choreographer$FrameHandler }
[TOUCH21-QUEUE] 2 { when=-14s261ms callback=X.Aof target=android.os.Handler }
[TOUCH21-QUEUE] 3 { when=-14s39ms callback=X.DzG target=android.os.Handler }
[TOUCH21-QUEUE] 4 { when=-13s757ms callback=X.ANU target=android.os.Handler }
[TOUCH21-QUEUE] 5 { when=-13s644ms callback=X.Ana target=android.os.Handler }
[TOUCH21-QUEUE] 6 { when=-13s615ms what=101 target=com.bytedance.common.utility.collection.WeakHandler }
[TOUCH21-QUEUE] 7 { when=-13s591ms callback=X.SpO target=android.os.Handler }
[TOUCH21-QUEUE] 8 { when=-13s475ms callback=X.2ds target=android.os.Handler }
[TOUCH21-QUEUE] 9 { when=-13s451ms callback=X.ROm target=android.os.Handler }
[TOUCH21-QUEUE] 10 { when=-13s450ms callback=X.ROm target=android.os.Handler }
[TOUCH21-QUEUE] 11 { when=-12s426ms callback=X.ROm target=android.os.Handler }
[TOUCH21-QUEUE] 12 { when=-11s962ms callback=X.AeX target=android.os.Handler }
[TOUCH21-QUEUE] 13 { when=-11s814ms what=100 obj=X.S51@a7c4f93 target=com.bytedance.common.utility.collection.WeakHandler }
[TOUCH21-QUEUE] 14 { when=-11s712ms what=999 obj=default target=android.os.Handler }
[TOUCH21-QUEUE] 15 { when=-10s634ms callback=X.4HW target=android.os.Handler }
[TOUCH21-POLL] enter now=79506447 tid=6705 ptr=0x7f84835690 looper=0x7f851fe7f0 timeout=0
[TOUCH21-POLL] exit now=79506447 tid=6705 ptr=0x7f84835690
[TOUCH21-WAKE] now=79506447 tid=6705 ptr=0x7f7ebb4680 looper=0x7f84d54130
[TOUCH21-POLL] enter now=79506447 tid=6705 ptr=0x7f84835690 looper=0x7f851fe7f0 timeout=0
[TOUCH21-POLL] exit now=79506447 tid=6705 ptr=0x7f84835690
[WESTLAKE-NATIVENET-807] epoll_wait epfd=84 max=32 timeout=0 result=0 errno=0
[WESTLAKE-NATIVENET-807] epoll_wait epfd=84 max=32 timeout=0 result=2 errno=0
[WESTLAKE-NATIVENET-807] epoll_event[0] events=0x4 data_fd=161 data_u64=161
[WESTLAKE-NATIVENET-807] epoll_event[1] events=0x1 data_fd=162 data_u64=162
[TOUCH21-POLL] enter now=79506476 tid=6705 ptr=0x7f84835690 looper=0x7f851fe7f0 timeout=0
[WESTLAKE-NATIVENET-807] getsockopt fd=161 level=1 option=4 len=4 value=0 result=0 errno=0
[TOUCH21-POLL] exit now=79506476 tid=6705 ptr=0x7f84835690
[WESTLAKE-NATIVENET-807] epoll_ctl epfd=84 op=2 fd=161 events=0x4 data_fd=161 result=0 errno=0
[WESTLAKE-NATIVENET-807] getsockopt fd=161 level=6 option=11 len=232 value=1 result=0 errno=0
[TOUCH21-WAKE] now=79506476 tid=6705 ptr=0x7f7ebb4680 looper=0x7f84d54130
[TOUCH21-POLL] enter now=79506476 tid=6705 ptr=0x7f84835690 looper=0x7f851fe7f0 timeout=0
[TOUCH21-POLL] exit now=79506476 tid=6705 ptr=0x7f84835690
[WESTLAKE-NATIVENET-807] epoll_ctl epfd=84 op=1 fd=161 events=0x1 data_fd=161 result=0 errno=0
[WESTLAKE-NATIVENET-807] epoll_ctl epfd=84 op=2 fd=162 events=0x1 data_fd=162 result=0 errno=0
[TOUCH21-POLL] enter now=79506492 tid=6705 ptr=0x7f84835690 looper=0x7f851fe7f0 timeout=0
[TOUCH21-POLL] exit now=79506492 tid=6705 ptr=0x7f84835690
[TOUCH21-POLL] enter now=79506493 tid=6705 ptr=0x7f84835690 looper=0x7f851fe7f0 timeout=0
[TOUCH21-POLL] exit now=79506493 tid=6705 ptr=0x7f84835690
[WESTLAKE-NATIVENET-807] epoll_wait epfd=84 max=32 timeout=0 result=0 errno=0
[WESTLAKE-NATIVENET-807] epoll_wait epfd=84 max=32 timeout=0 result=0 errno=0
[WESTLAKE-NATIVENET-807] epoll_wait epfd=84 max=32 timeout=0 result=0 errno=0
[WESTLAKE-NATIVENET-807] epoll_wait epfd=84 max=32 timeout=0 result=0 errno=0
[WESTLAKE-NATIVENET-807] epoll_wait epfd=84 max=32 timeout=0 result=0 errno=0
[WESTLAKE-NATIVENET-807] epoll_wait epfd=84 max=32 timeout=0 result=0 errno=0
[WESTLAKE-NATIVENET-807] getsockopt fd=105 level=6 option=11 len=232 value=1 result=0 errno=0
[WESTLAKE-NATIVENET-807] epoll_wait epfd=84 max=32 timeout=123 result=1 errno=0
[WESTLAKE-NATIVENET-807] epoll_event[0] events=0x1 data_fd=88 data_u64=88
[WESTLAKE-NATIVENET-807] epoll_wait epfd=84 max=32 timeout=123 result=1 errno=0
[WESTLAKE-NATIVENET-807] epoll_event[0] events=0x1 data_fd=161 data_u64=161
[WESTLAKE-NATIVENET-807] epoll_ctl epfd=84 op=2 fd=161 events=0x1 data_fd=161 result=0 errno=0
[TOUCH21-POLL] enter now=79506541 tid=6705 ptr=0x7f84835690 looper=0x7f851fe7f0 timeout=0
[TOUCH21-POLL] exit now=79506542 tid=6705 ptr=0x7f84835690
[TOUCH21-POLL] enter now=79506542 tid=6705 ptr=0x7f84835690 looper=0x7f851fe7f0 timeout=0
[TOUCH21-POLL] exit now=79506542 tid=6705 ptr=0x7f84835690
[TOUCH21-POLL] enter now=79506542 tid=6705 ptr=0x7f84835690 looper=0x7f851fe7f0 timeout=0
[TOUCH21-POLL] exit now=79506542 tid=6705 ptr=0x7f84835690
[TOUCH21-POLL] enter now=79506557 tid=6705 ptr=0x7f84835690 looper=0x7f851fe7f0 timeout=0
[TOUCH21-POLL] exit now=79506557 tid=6705 ptr=0x7f84835690
[TOUCH21-POLL] enter now=79506561 tid=6705 ptr=0x7f84835690 looper=0x7f851fe7f0 timeout=0
[TOUCH21-POLL] exit now=79506561 tid=6705 ptr=0x7f84835690
[TOUCH21-POLL] enter now=79506561 tid=6705 ptr=0x7f84835690 looper=0x7f851fe7f0 timeout=0
[TOUCH21-POLL] exit now=79506561 tid=6705 ptr=0x7f84835690
[TOUCH21-POLL] enter now=79506561 tid=6705 ptr=0x7f84835690 looper=0x7f851fe7f0 timeout=0
[TOUCH21-POLL] exit now=79506561 tid=6705 ptr=0x7f84835690
[WESTLAKE-NATIVENET-807] epoll_wait epfd=84 max=32 timeout=108 result=1 errno=0
[WESTLAKE-NATIVENET-807] epoll_event[0] events=0x1 data_fd=103 data_u64=103
[WESTLAKE-NATIVENET-807] epoll_ctl epfd=84 op=2 fd=103 events=0x1 data_fd=103 result=0 errno=0
[WESTLAKE-NATIVENET-807] epoll_wait epfd=84 max=32 timeout=0 result=1 errno=0
[WESTLAKE-NATIVENET-807] epoll_event[0] events=0x1 data_fd=88 data_u64=88
[WESTLAKE-NATIVENET-807] epoll_wait epfd=84 max=32 timeout=0 result=0 errno=0
[TOUCH21-POLL] enter now=79506628 tid=6705 ptr=0x7f84835690 looper=0x7f851fe7f0 timeout=0
[TOUCH21-POLL] exit now=79506628 tid=6705 ptr=0x7f84835690
[TOUCH21-WAKE] now=79506645 tid=6705 ptr=0x7f84ce5340 looper=0x7f85d2ee80
[TOUCH21-POLL] enter now=79506645 tid=6705 ptr=0x7f84835690 looper=0x7f851fe7f0 timeout=0
[TOUCH21-POLL] exit now=79506645 tid=6705 ptr=0x7f84835690
[TOUCH21-WAKE] now=79506662 tid=6860 ptr=0x7f7cbf6e80 looper=0x7f7f1f28d0
[TOUCH21-POLL] enter now=79506679 tid=6705 ptr=0x7f84835690 looper=0x7f851fe7f0 timeout=0
[TOUCH21-POLL] exit now=79506679 tid=6705 ptr=0x7f84835690
[WESTLAKE-NATIVENET-767] socket domain=10 type=0x1 protocol=6 result=163 errno=0
[WESTLAKE-NATIVENET-767] setsockopt fd=163 level=6 option=1 len=4 result=0 errno=0
[WESTLAKE-NATIVENET-767] connect fd=163 family=10 len=28 address=2409:8c34:2220:30d:3::13 port=443 result=-1 errno=115
[WESTLAKE-NATIVENET-807] epoll_ctl epfd=84 op=1 fd=163 events=0x4 data_fd=163 result=0 errno=0
[WESTLAKE-NATIVENET-807] getsockopt fd=163 level=1 option=4 len=4 value=0 result=0 errno=0
[TOUCH21-WAKE] now=79506681 tid=6705 ptr=0x7f7ebb4680 looper=0x7f84d54130
[WESTLAKE-NATIVENET-807] epoll_wait epfd=84 max=32 timeout=0 result=1 errno=0
[WESTLAKE-NATIVENET-807] epoll_event[0] events=0x1 data_fd=105 data_u64=105
[WESTLAKE-NATIVENET-807] epoll_ctl epfd=84 op=2 fd=105 events=0x1 data_fd=105 result=0 errno=0
[TOUCH21-POLL] enter now=79506681 tid=6705 ptr=0x7f84835690 looper=0x7f851fe7f0 timeout=0
[TOUCH21-POLL] exit now=79506681 tid=6705 ptr=0x7f84835690
[TOUCH21-WAKE] now=79506682 tid=6705 ptr=0x7f7ebb4680 looper=0x7f84d54130
[TOUCH21-POLL] enter now=79506682 tid=6705 ptr=0x7f84835690 looper=0x7f851fe7f0 timeout=0
[WESTLAKE-NATIVENET-807] epoll_ctl epfd=84 op=1 fd=105 events=0x1 data_fd=105 result=0 errno=0
[WESTLAKE-NATIVENET-807] epoll_wait epfd=84 max=32 timeout=0 result=0 errno=0
[TOUCH21-POLL] exit now=79506682 tid=6705 ptr=0x7f84835690
[WESTLAKE-NATIVENET-807] epoll_ctl epfd=84 op=1 fd=103 events=0x1 data_fd=103 result=0 errno=0
[WESTLAKE-NATIVENET-807] epoll_wait epfd=84 max=32 timeout=0 result=0 errno=0
[TOUCH21-WAKE] now=79506682 tid=6705 ptr=0x7f7a0f79b0 looper=0x7f7a25b380
[WESTLAKE-NATIVENET-807] epoll_ctl epfd=84 op=1 fd=162 events=0x1 data_fd=162 result=0 errno=0
[WESTLAKE-NATIVENET-807] epoll_wait epfd=84 max=32 timeout=0 result=0 errno=0
[WESTLAKE-NATIVENET-807] epoll_wait epfd=84 max=32 timeout=0 result=0 errno=0
[WESTLAKE-NATIVENET-807] epoll_ctl epfd=84 op=1 fd=161 events=0x1 data_fd=161 result=0 errno=0
[WESTLAKE-NATIVENET-807] epoll_wait epfd=84 max=32 timeout=0 result=0 errno=0
nullptr I 09-25 23:47:08  6689  6698 heap.cc:2959] Background sticky concurrent mark sweep GC freed 15MB AllocSpace bytes, 33(9784KB) LOS objects, 38% free, 37MB/61MB, paused 2.531ms total 579.190ms
[TOUCH21-WAKE] now=79506694 tid=6705 ptr=0x7f7a0f79b0 looper=0x7f7a25b380
[TOUCH21-WAKE] now=79506699 tid=6705 ptr=0x7f7a0f79b0 looper=0x7f7a25b380
[TOUCH21-WAKE] now=79506699 tid=6996 ptr=0x7f7ebb4090 looper=0x7f84d544a0
[TOUCH21-WAKE] now=79506754 tid=6705 ptr=0x7f7a0f79b0 looper=0x7f7a25b380
[WESTLAKE-NATIVENET-767] socket domain=10 type=0x1 protocol=6 result=166 errno=0
[WESTLAKE-NATIVENET-767] setsockopt fd=166 level=6 option=1 len=4 result=0 errno=0
[WESTLAKE-NATIVENET-767] connect fd=166 family=10 len=28 address=2409:8c34:2220:30d:3::13 port=443 result=-1 errno=115
[WESTLAKE-NATIVENET-807] epoll_ctl epfd=84 op=1 fd=166 events=0x4 data_fd=166 result=0 errno=0
[WESTLAKE-NATIVENET-807] getsockopt fd=166 level=1 option=4 len=4 value=0 result=0 errno=0
[WESTLAKE-NATIVENET-807] epoll_wait epfd=84 max=32 timeout=207 result=1 errno=0
[WESTLAKE-NATIVENET-807] epoll_event[0] events=0x4 data_fd=163 data_u64=163
[WESTLAKE-NATIVENET-807] getsockopt fd=163 level=1 option=4 len=4 value=0 result=0 errno=0
[WESTLAKE-NATIVENET-807] epoll_ctl epfd=84 op=2 fd=163 events=0x4 data_fd=163 result=0 errno=0
[WESTLAKE-NATIVENET-807] getsockopt fd=163 level=6 option=11 len=232 value=1 result=0 errno=0
[WESTLAKE-NATIVENET-807] getsockopt fd=163 level=6 option=11 len=232 value=1 result=0 errno=0
[WESTLAKE-NATIVENET-807] epoll_ctl epfd=84 op=1 fd=163 events=0x1 data_fd=163 result=0 errno=0
[WESTLAKE-NATIVENET-807] epoll_wait epfd=84 max=32 timeout=0 result=1 errno=0
[WESTLAKE-NATIVENET-807] epoll_event[0] events=0x1 data_fd=88 data_u64=88
[WESTLAKE-NATIVENET-807] epoll_wait epfd=84 max=32 timeout=0 result=0 errno=0
[WESTLAKE-NATIVENET-807] epoll_wait epfd=84 max=32 timeout=0 result=0 errno=0
[WESTLAKE-NATIVENET-807] epoll_wait epfd=84 max=32 timeout=0 result=0 errno=0
[WESTLAKE-NATIVENET-807] epoll_wait epfd=84 max=32 timeout=206 result=1 errno=0
[WESTLAKE-NATIVENET-807] epoll_event[0] events=0x1 data_fd=162 data_u64=162
[WESTLAKE-NATIVENET-807] epoll_ctl epfd=84 op=2 fd=162 events=0x1 data_fd=162 result=0 errno=0
[WESTLAKE-NATIVENET-807] epoll_wait epfd=84 max=32 timeout=0 result=3 errno=0
[WESTLAKE-NATIVENET-807] epoll_event[0] events=0x1 data_fd=88 data_u64=88
[WESTLAKE-NATIVENET-807] epoll_event[1] events=0x4 data_fd=166 data_u64=166
[WESTLAKE-NATIVENET-807] epoll_event[2] events=0x1 data_fd=163 data_u64=163
[WESTLAKE-NATIVENET-807] epoll_wait epfd=84 max=32 timeout=0 result=2 errno=0
[WESTLAKE-NATIVENET-807] epoll_event[0] events=0x4 data_fd=166 data_u64=166
[WESTLAKE-NATIVENET-807] epoll_event[1] events=0x1 data_fd=163 data_u64=163
[WESTLAKE-NATIVENET-807] getsockopt fd=166 level=1 option=4 len=4 value=0 result=0 errno=0
[WESTLAKE-NATIVENET-807] epoll_ctl epfd=84 op=2 fd=166 events=0x4 data_fd=166 result=0 errno=0
[WESTLAKE-NATIVENET-807] getsockopt fd=166 level=6 option=11 len=232 value=1 result=0 errno=0
[WESTLAKE-NATIVENET-807] epoll_ctl epfd=84 op=1 fd=166 events=0x1 data_fd=166 result=0 errno=0
[WESTLAKE-NATIVENET-807] epoll_ctl epfd=84 op=2 fd=163 events=0x1 data_fd=163 result=0 errno=0
[TOUCH21-WAKE] now=79506877 tid=6754 ptr=0x7f7ebb4090 looper=0x7f84d544a0
[TOUCH21-WAKE] now=79506880 tid=6705 ptr=0x7f7ebb4090 looper=0x7f84d544a0
[TOUCH21-WAKE] now=79506890 tid=6805 ptr=0x7f84ce5340 looper=0x7f85d2ee80
[TOUCH21-WAKE] now=79506893 tid=6860 ptr=0x7f7cbf6e80 looper=0x7f7f1f28d0
[WESTLAKE-NATIVENET-807] epoll_wait epfd=84 max=32 timeout=0 result=0 errno=0
[WESTLAKE-NATIVENET-807] epoll_wait epfd=84 max=32 timeout=0 result=0 errno=0
[WESTLAKE-NATIVENET-807] epoll_wait epfd=84 max=32 timeout=0 result=0 errno=0
[WESTLAKE-NATIVENET-807] epoll_wait epfd=84 max=32 timeout=0 result=0 errno=0
[WESTLAKE-NATIVENET-807] epoll_wait epfd=84 max=32 timeout=0 result=0 errno=0
[TOUCH21-WAKE] now=79506903 tid=6762 ptr=0x7f7ebb4680 looper=0x7f84d54130
[WESTLAKE-NATIVENET-807] epoll_wait epfd=84 max=32 timeout=0 result=1 errno=0
[WESTLAKE-NATIVENET-807] epoll_event[0] events=0x1 data_fd=166 data_u64=166
[WESTLAKE-NATIVENET-807] epoll_ctl epfd=84 op=2 fd=166 events=0x1 data_fd=166 result=0 errno=0
[WESTLAKE-NATIVENET-807] epoll_ctl epfd=84 op=1 fd=166 events=0x1 data_fd=166 result=0 errno=0
[WESTLAKE-NATIVENET-807] epoll_wait epfd=84 max=32 timeout=0 result=0 errno=0
[WESTLAKE-NATIVENET-807] epoll_ctl epfd=84 op=1 fd=163 events=0x1 data_fd=163 result=0 errno=0
[WESTLAKE-NATIVENET-807] epoll_wait epfd=84 max=32 timeout=0 result=0 errno=0
[WESTLAKE-NATIVENET-807] getsockopt fd=166 level=6 option=11 len=232 value=1 result=0 errno=0
[WESTLAKE-NATIVENET-807] epoll_ctl epfd=84 op=2 fd=166 events=0x1 data_fd=166 result=0 errno=0
[WESTLAKE-NATIVENET-807] epoll_wait epfd=84 max=32 timeout=0 result=0 errno=0
[WESTLAKE-NATIVENET-807] epoll_wait epfd=84 max=32 timeout=0 result=0 errno=0
[WESTLAKE-NATIVENET-807] epoll_wait epfd=84 max=32 timeout=0 result=0 errno=0
[WESTLAKE-NATIVENET-807] epoll_wait epfd=84 max=32 timeout=0 result=1 errno=0
[WESTLAKE-NATIVENET-807] epoll_event[0] events=0x1 data_fd=163 data_u64=163
[WESTLAKE-NATIVENET-807] epoll_ctl epfd=84 op=2 fd=163 events=0x1 data_fd=163 result=0 errno=0
[WESTLAKE-NATIVENET-807] epoll_ctl epfd=84 op=1 fd=163 events=0x1 data_fd=163 result=0 errno=0
[WESTLAKE-NATIVENET-807] epoll_wait epfd=84 max=32 timeout=0 result=0 errno=0
[TOUCH21-WAKE] now=79507040 tid=6705 ptr=0x7f7a0f79b0 looper=0x7f7a25b380
[WESTLAKE-NATIVENET-807] epoll_wait epfd=84 max=32 timeout=0 result=0 errno=0
[WESTLAKE-NATIVENET-807] epoll_wait epfd=84 max=32 timeout=0 result=0 errno=0
[WESTLAKE-NATIVENET-807] getsockopt fd=103 level=6 option=11 len=232 value=1 result=0 errno=0
[WESTLAKE-NATIVENET-807] epoll_wait epfd=84 max=32 timeout=204 result=1 errno=0
[WESTLAKE-NATIVENET-807] epoll_event[0] events=0x1 data_fd=103 data_u64=103
[WESTLAKE-NATIVENET-807] epoll_ctl epfd=84 op=2 fd=103 events=0x1 data_fd=103 result=0 errno=0
[TOUCH21-WAKE] now=79507089 tid=6705 ptr=0x7f7a0f79b0 looper=0x7f7a25b380
[TOUCH21-WAKE] now=79507089 tid=6705 ptr=0x7f7a0f79b0 looper=0x7f7a25b380
[TOUCH21-WAKE] now=79507105 tid=6705 ptr=0x7f7a0f79b0 looper=0x7f7a25b380
[TOUCH21-WAKE] now=79507114 tid=7242 ptr=0x7f7ebb4680 looper=0x7f84d54130
[TOUCH21-WAKE] now=79507123 tid=7242 ptr=0x7f7ebb4090 looper=0x7f84d544a0
[WESTLAKE-NATIVENET-807] epoll_wait epfd=84 max=32 timeout=0 result=1 errno=0
[WESTLAKE-NATIVENET-807] epoll_event[0] events=0x1 data_fd=88 data_u64=88
[TOUCH21-WAKE] now=79507207 tid=6705 ptr=0x7f7a0f79b0 looper=0x7f7a25b380
[TOUCH21-WAKE] now=79507224 tid=6705 ptr=0x7f7a0f79b0 looper=0x7f7a25b380
[TOUCH21-WAKE] now=79507240 tid=6860 ptr=0x7f7cbf6e80 looper=0x7f7f1f28d0
[WESTLAKE-NATIVENET-767] socket domain=10 type=0x1 protocol=6 result=164 errno=0
[WESTLAKE-NATIVENET-767] setsockopt fd=164 level=6 option=1 len=4 result=0 errno=0
[WESTLAKE-NATIVENET-767] connect fd=164 family=10 len=28 address=2409:8c3c:900:110:8000:0:b00:118 port=443 result=-1 errno=115
[WESTLAKE-NATIVENET-807] epoll_ctl epfd=84 op=1 fd=164 events=0x4 data_fd=164 result=0 errno=0
[WESTLAKE-NATIVENET-807] getsockopt fd=164 level=1 option=4 len=4 value=0 result=0 errno=0
[WESTLAKE-NATIVENET-807] epoll_wait epfd=84 max=32 timeout=0 result=1 errno=0
[WESTLAKE-NATIVENET-807] epoll_event[0] events=0x1 data_fd=163 data_u64=163
[WESTLAKE-NATIVENET-807] epoll_ctl epfd=84 op=2 fd=163 events=0x1 data_fd=163 result=0 errno=0
[WESTLAKE-NATIVENET-807] getsockopt fd=163 level=6 option=11 len=232 value=1 result=0 errno=0
[WESTLAKE-NATIVENET-807] epoll_ctl epfd=84 op=1 fd=163 events=0x1 data_fd=163 result=0 errno=0
[WESTLAKE-NATIVENET-807] epoll_wait epfd=84 max=32 timeout=0 result=0 errno=0
[WESTLAKE-NATIVENET-807] epoll_ctl epfd=84 op=1 fd=103 events=0x1 data_fd=103 result=0 errno=0
[WESTLAKE-NATIVENET-807] epoll_wait epfd=84 max=32 timeout=0 result=0 errno=0
[WESTLAKE-NATIVENET-807] epoll_wait epfd=84 max=32 timeout=0 result=0 errno=0
[WESTLAKE-NATIVENET-807] epoll_wait epfd=84 max=32 timeout=0 result=0 errno=0
[WESTLAKE-NATIVENET-807] epoll_wait epfd=84 max=32 timeout=0 result=0 errno=0
[TOUCH21-WAKE] now=79507340 tid=7242 ptr=0x7f7ebb4680 looper=0x7f84d54130
[WESTLAKE-NATIVENET-767] socket domain=10 type=0x1 protocol=6 result=166 errno=0
[WESTLAKE-NATIVENET-767] setsockopt fd=166 level=6 option=1 len=4 result=0 errno=0
[WESTLAKE-NATIVENET-767] connect fd=166 family=10 len=28 address=2409:8c3c:900:110:8000:0:b00:118 port=443 result=-1 errno=115
[WESTLAKE-NATIVENET-807] epoll_ctl epfd=84 op=1 fd=166 events=0x4 data_fd=166 result=0 errno=0
[WESTLAKE-NATIVENET-807] getsockopt fd=166 level=1 option=4 len=4 value=0 result=0 errno=0
[WESTLAKE-NATIVENET-807] epoll_wait epfd=84 max=32 timeout=0 result=1 errno=0
[WESTLAKE-NATIVENET-807] epoll_event[0] events=0x4 data_fd=164 data_u64=164
[WESTLAKE-NATIVENET-807] getsockopt fd=164 level=1 option=4 len=4 value=0 result=0 errno=0
[WESTLAKE-NATIVENET-807] epoll_ctl epfd=84 op=2 fd=164 events=0x4 data_fd=164 result=0 errno=0
[WESTLAKE-NATIVENET-807] getsockopt fd=164 level=6 option=11 len=232 value=1 result=0 errno=0
[WESTLAKE-NATIVENET-807] epoll_ctl epfd=84 op=1 fd=164 events=0x1 data_fd=164 result=0 errno=0
[WESTLAKE-NATIVENET-807] epoll_wait epfd=84 max=32 timeout=0 result=0 errno=0
[WESTLAKE-NATIVENET-807] epoll_wait epfd=84 max=32 timeout=0 result=0 errno=0
[TOUCH21-WAKE] now=79507360 tid=7242 ptr=0x7f7ebb4090 looper=0x7f84d544a0
[WESTLAKE-NATIVENET-807] epoll_wait epfd=84 max=32 timeout=0 result=0 errno=0
[WESTLAKE-NATIVENET-807] epoll_wait epfd=84 max=32 timeout=0 result=0 errno=0
[WESTLAKE-NATIVENET-807] epoll_wait epfd=84 max=32 timeout=0 result=0 errno=0
[WESTLAKE-NATIVENET-807] epoll_wait epfd=84 max=32 timeout=0 result=0 errno=0
[WESTLAKE-NATIVENET-807] epoll_wait epfd=84 max=32 timeout=0 result=0 errno=0
[WESTLAKE-NATIVENET-807] epoll_wait epfd=84 max=32 timeout=41 result=1 errno=0
[WESTLAKE-NATIVENET-807] epoll_event[0] events=0x1 data_fd=88 data_u64=88
[WESTLAKE-NATIVENET-807] epoll_wait epfd=84 max=32 timeout=0 result=0 errno=0
[WESTLAKE-NATIVENET-807] epoll_wait epfd=84 max=32 timeout=15 result=1 errno=0
[WESTLAKE-NATIVENET-807] epoll_event[0] events=0x1 data_fd=88 data_u64=88
[WESTLAKE-NATIVENET-807] epoll_wait epfd=84 max=32 timeout=0 result=0 errno=0
[WESTLAKE-NATIVENET-807] epoll_wait epfd=84 max=32 timeout=232 result=1 errno=0
[WESTLAKE-NATIVENET-807] epoll_event[0] events=0x4 data_fd=166 data_u64=166
[WESTLAKE-NATIVENET-807] getsockopt fd=166 level=1 option=4 len=4 value=0 result=0 errno=0
[WESTLAKE-NATIVENET-807] epoll_ctl epfd=84 op=2 fd=166 events=0x4 data_fd=166 result=0 errno=0
[WESTLAKE-NATIVENET-807] getsockopt fd=166 level=6 option=11 len=232 value=1 result=0 errno=0
[WESTLAKE-NATIVENET-807] epoll_ctl epfd=84 op=1 fd=166 events=0x1 data_fd=166 result=0 errno=0
[WESTLAKE-NATIVENET-807] epoll_wait epfd=84 max=32 timeout=0 result=2 errno=0
[WESTLAKE-NATIVENET-807] epoll_event[0] events=0x1 data_fd=164 data_u64=164
[WESTLAKE-NATIVENET-807] epoll_event[1] events=0x1 data_fd=88 data_u64=88
[WESTLAKE-NATIVENET-807] epoll_ctl epfd=84 op=2 fd=164 events=0x1 data_fd=164 result=0 errno=0
[WESTLAKE-NATIVENET-807] epoll_wait epfd=84 max=32 timeout=226 result=1 errno=0
[WESTLAKE-NATIVENET-807] epoll_event[0] events=0x1 data_fd=88 data_u64=88
[WESTLAKE-NATIVENET-807] epoll_ctl epfd=84 op=1 fd=164 events=0x1 data_fd=164 result=0 errno=0
[WESTLAKE-NATIVENET-807] epoll_wait epfd=84 max=32 timeout=0 result=0 errno=0
[WESTLAKE-NATIVENET-807] epoll_wait epfd=84 max=32 timeout=0 result=0 errno=0
[WESTLAKE-NATIVENET-807] epoll_wait epfd=84 max=32 timeout=0 result=0 errno=0
[TOUCH21-WAKE] now=79507471 tid=7242 ptr=0x7f7ebb4680 looper=0x7f84d54130
[WESTLAKE-NATIVENET-807] epoll_wait epfd=84 max=32 timeout=196 result=1 errno=0
[WESTLAKE-NATIVENET-807] epoll_event[0] events=0x1 data_fd=164 data_u64=164
[WESTLAKE-NATIVENET-807] epoll_ctl epfd=84 op=2 fd=164 events=0x1 data_fd=164 result=0 errno=0
[WESTLAKE-NATIVENET-807] epoll_ctl epfd=84 op=1 fd=164 events=0x1 data_fd=164 result=0 errno=0
[WESTLAKE-NATIVENET-807] epoll_wait epfd=84 max=32 timeout=0 result=2 errno=0
[WESTLAKE-NATIVENET-807] epoll_event[0] events=0x1 data_fd=166 data_u64=166
[WESTLAKE-NATIVENET-807] epoll_event[1] events=0x1 data_fd=88 data_u64=88
[WESTLAKE-NATIVENET-807] epoll_ctl epfd=84 op=2 fd=166 events=0x1 data_fd=166 result=0 errno=0
[WESTLAKE-NATIVENET-807] epoll_ctl epfd=84 op=1 fd=166 events=0x1 data_fd=166 result=0 errno=0
[WESTLAKE-NATIVENET-807] epoll_wait epfd=84 max=32 timeout=0 result=1 errno=0
[WESTLAKE-NATIVENET-807] epoll_event[0] events=0x1 data_fd=88 data_u64=88
[WESTLAKE-NATIVENET-807] epoll_wait epfd=84 max=32 timeout=133 result=1 errno=0
[WESTLAKE-NATIVENET-807] epoll_event[0] events=0x1 data_fd=164 data_u64=164
[WESTLAKE-NATIVENET-807] epoll_ctl epfd=84 op=2 fd=164 events=0x1 data_fd=164 result=0 errno=0
[TOUCH21-WAKE] now=79507528 tid=6996 ptr=0x7f7cbf6e80 looper=0x7f7f1f28d0
[TOUCH21-WAKE] now=79507534 tid=6989 ptr=0x7f7cbf6e80 looper=0x7f7f1f28d0
[TOUCH21-WAKE] now=79507559 tid=6996 ptr=0x7f7ebb4680 looper=0x7f84d54130
[WESTLAKE-NATIVENET-807] epoll_wait epfd=84 max=32 timeout=0 result=1 errno=0
[WESTLAKE-NATIVENET-807] epoll_event[0] events=0x1 data_fd=88 data_u64=88
[TOUCH21-WAKE] now=79507571 tid=6860 ptr=0x7f7cbf6e80 looper=0x7f7f1f28d0
[WESTLAKE-NATIVENET-807] epoll_ctl epfd=84 op=1 fd=164 events=0x1 data_fd=164 result=0 errno=0
[WESTLAKE-NATIVENET-807] epoll_wait epfd=84 max=32 timeout=0 result=0 errno=0
[WESTLAKE-NATIVENET-807] epoll_wait epfd=84 max=32 timeout=0 result=0 errno=0
[TOUCH21-WAKE] now=79507584 tid=6705 ptr=0x7f7a0f79b0 looper=0x7f7a25b380
[TOUCH21-WAKE] now=79507584 tid=6996 ptr=0x7f84ce5340 looper=0x7f85d2ee80
[TOUCH21-WAKE] now=79507588 tid=6996 ptr=0x7f7ebb4680 looper=0x7f84d54130
[TOUCH21-WAKE] now=79507605 tid=6705 ptr=0x7f7a0f79b0 looper=0x7f7a25b380
[WESTLAKE-NATIVENET-807] epoll_wait epfd=84 max=32 timeout=0 result=1 errno=0
[WESTLAKE-NATIVENET-807] epoll_event[0] events=0x1 data_fd=166 data_u64=166
[WESTLAKE-NATIVENET-807] epoll_ctl epfd=84 op=2 fd=166 events=0x1 data_fd=166 result=0 errno=0
[WESTLAKE-NATIVENET-807] epoll_wait epfd=84 max=32 timeout=0 result=0 errno=0
[WESTLAKE-NATIVENET-807] epoll_wait epfd=84 max=32 timeout=0 result=0 errno=0
[WESTLAKE-NATIVENET-807] getsockopt fd=105 level=6 option=11 len=232 value=1 result=0 errno=0
[TOUCH21-WAKE] now=79507691 tid=6705 ptr=0x7f7a0f79b0 looper=0x7f7a25b380
[WESTLAKE-NATIVENET-807] epoll_wait epfd=84 max=32 timeout=402 result=1 errno=0
[WESTLAKE-NATIVENET-807] epoll_event[0] events=0x1 data_fd=105 data_u64=105
[WESTLAKE-NATIVENET-807] epoll_ctl epfd=84 op=2 fd=105 events=0x1 data_fd=105 result=0 errno=0
[TOUCH21-WAKE] now=79507714 tid=6705 ptr=0x7f7b8d1500 looper=0x7f7e4d5eb0
*** *** *** *** *** *** *** *** *** *** *** *** *** *** *** ***
Fatal signal 11 (SIGSEGV), code 1 (SEGV_MAPERR) fault addr 0x28
OS: Linux 5.15.180 (aarch64)
Cmdline: <unset>
Thread: 6996 "TicketGuardNetw"
Registers:
     x0: 0x0000000000000000     x1: 0x0000007f7eb05bd0     x2: 0x0000000000000000     x3: 0x0000000000000000
     x4: 0x0000007dcd3ba9b0     x5: 0x0000007dcd3ba940     x6: 0x9116db725b806985     x7: 0x5309434368b11c46
     x8: 0x0000000000000090     x9: 0x0000007dcd3ba920    x10: 0x0000000000000036    x11: 0x0000007dcd3ba9b0
    x12: 0x0000000000000036    x13: 0x16bf56d7d0419f33    x14: 0x0000000000000000    x15: 0x16ea7b771ffb98b9
    x16: 0x0000007f7eb44ca8    x17: 0x0000007f7e9deb40    x18: 0x0000000000000000    x19: 0x0000000000000000
    x20: 0x0000007dcd3baa98    x21: 0x0000000000000000    x22: 0x0000000000000000    x23: 0x0000000000000020
    x24: 0x0000000000000000    x25: 0x0000007f7eb05bd0    x26: 0x0000007dcd3babb8    x27: 0x0000007dcd3bbad8
    x28: 0x0000000000000001    x29: 0x0000007dcd3ba8d0    x30: 0x0000007f7ea07e74
     sp: 0x0000007dcd3ba8d0     pc: 0x0000007f7e9de524
 pstate: 0x0000000060001000 [ Z C ]

Backtrace:

Fault message: 
