generation,method,status,app_direct_callers,candidate_compiled_tables,reason,matrix_evidence
6cb40cd6,adapter/activity/ActivityManagerAdapter.nativePublishCommonEvent(Ljava/lang/String;Ljava/lang/String;Ljava/lang/String;ILjava/lang/String;ZZ[Ljava/lang/String;)I,unknown,[],1,No class-attributed compiled registration proof; absence of Java_ export alone does not prove a missing dynamically registered method.,jni-results.json#/6cb40cd6/methods (id=adapter/activity/ActivityManagerAdapter.nativePublishCommonEvent(Ljava/lang/String;Ljava/lang/String;Ljava/lang/String;ILjava/lang/String;ZZ[Ljava/lang/String;)I)
6cb40cd6,adapter/activity/ActivityManagerAdapter.nativeStartAbility(Ljava/lang/String;Ljava/lang/String;Ljava/lang/String;Ljava/lang/String;Ljava/lang/String;J)I,unknown,[],1,No class-attributed compiled registration proof; absence of Java_ export alone does not prove a missing dynamically registered method.,jni-results.json#/6cb40cd6/methods (id=adapter/activity/ActivityManagerAdapter.nativeStartAbility(Ljava/lang/String;Ljava/lang/String;Ljava/lang/String;Ljava/lang/String;Ljava/lang/String;J)I)
6cb40cd6,adapter/activity/ActivityTaskManagerAdapter.nativeStartAbility(Ljava/lang/String;Ljava/lang/String;Ljava/lang/String;Ljava/lang/String;Ljava/lang/String;JI)I,unknown,[],1,No class-attributed compiled registration proof; absence of Java_ export alone does not prove a missing dynamically registered method.,jni-results.json#/6cb40cd6/methods (id=adapter/activity/ActivityTaskManagerAdapter.nativeStartAbility(Ljava/lang/String;Ljava/lang/String;Ljava/lang/String;Ljava/lang/String;Ljava/lang/String;JI)I)
6cb40cd6,adapter/activity/ActivityTaskManagerAdapter.nativeStartAbilityInMission(Ljava/lang/String;Ljava/lang/String;Ljava/lang/String;Ljava/lang/String;Ljava/lang/String;I)I,unknown,[],1,No class-attributed compiled registration proof; absence of Java_ export alone does not prove a missing dynamically registered method.,jni-results.json#/6cb40cd6/methods (id=adapter/activity/ActivityTaskManagerAdapter.nativeStartAbilityInMission(Ljava/lang/String;Ljava/lang/String;Ljava/lang/String;Ljava/lang/String;Ljava/lang/String;I)I)
6cb40cd6,adapter/activity/AppSchedulerBridge.nativeGetSysProp(Ljava/lang/String;Ljava/lang/String;)Ljava/lang/String;,missing,[],0,No export or concrete matching native table in any packaged ELF; adapter direct-binding declaration.,jni-results.json#/6cb40cd6/methods (id=adapter/activity/AppSchedulerBridge.nativeGetSysProp(Ljava/lang/String;Ljava/lang/String;)Ljava/lang/String;)
6cb40cd6,adapter/activity/AppSchedulerBridge.nativeParseManifestJson(Ljava/lang/String;)Ljava/lang/String;,missing,[],0,No export or concrete matching native table in any packaged ELF; adapter direct-binding declaration.,jni-results.json#/6cb40cd6/methods (id=adapter/activity/AppSchedulerBridge.nativeParseManifestJson(Ljava/lang/String;)Ljava/lang/String;)
6cb40cd6,adapter/packagemanager/PackageManagerAdapter.nativeGetOhSystemProperty(Ljava/lang/String;Ljava/lang/String;)Ljava/lang/String;,missing,[],0,No export or concrete matching native table in any packaged ELF; adapter direct-binding declaration.,jni-results.json#/6cb40cd6/methods (id=adapter/packagemanager/PackageManagerAdapter.nativeGetOhSystemProperty(Ljava/lang/String;Ljava/lang/String;)Ljava/lang/String;)
6cb40cd6,adapter/packagemanager/PackageManagerAdapter.nativeParseApkManifestJson(Ljava/lang/String;)Ljava/lang/String;,missing,[],0,No export or concrete matching native table in any packaged ELF; adapter direct-binding declaration.,jni-results.json#/6cb40cd6/methods (id=adapter/packagemanager/PackageManagerAdapter.nativeParseApkManifestJson(Ljava/lang/String;)Ljava/lang/String;)
6cb40cd6,adapter/window/WindowSessionAdapter.nativeCreateSession(Ljava/lang/Object;Ljava/lang/String;Ljava/lang/String;Ljava/lang/String;Ljava/lang/String;IIIIIJ)[I,unknown,[],1,No class-attributed compiled registration proof; absence of Java_ export alone does not prove a missing dynamically registered method.,jni-results.json#/6cb40cd6/methods (id=adapter/window/WindowSessionAdapter.nativeCreateSession(Ljava/lang/Object;Ljava/lang/String;Ljava/lang/String;Ljava/lang/String;Ljava/lang/String;IIIIIJ)[I)
6cb40cd6,android/database/CursorWindow.nativeAllocRow(J)Z,stub,[],1,Only weak no-op registration found for this class; no matching export or proven real table.,jni-results.json#/6cb40cd6/methods (id=android/database/CursorWindow.nativeAllocRow(J)Z)
6cb40cd6,android/database/CursorWindow.nativeClear(J)V,stub,[],1,Only weak no-op registration found for this class; no matching export or proven real table.,jni-results.json#/6cb40cd6/methods (id=android/database/CursorWindow.nativeClear(J)V)
6cb40cd6,android/database/CursorWindow.nativeCopyStringToBuffer(JIILandroid/database/CharArrayBuffer;)V,stub,[],1,Only weak no-op registration found for this class; no matching export or proven real table.,jni-results.json#/6cb40cd6/methods (id=android/database/CursorWindow.nativeCopyStringToBuffer(JIILandroid/database/CharArrayBuffer;)V)
6cb40cd6,android/database/CursorWindow.nativeCreate(Ljava/lang/String;I)J,stub,[],1,Only weak no-op registration found for this class; no matching export or proven real table.,jni-results.json#/6cb40cd6/methods (id=android/database/CursorWindow.nativeCreate(Ljava/lang/String;I)J)
6cb40cd6,android/database/CursorWindow.nativeCreateFromParcel(Landroid/os/Parcel;)J,stub,[],1,Only weak no-op registration found for this class; no matching export or proven real table.,jni-results.json#/6cb40cd6/methods (id=android/database/CursorWindow.nativeCreateFromParcel(Landroid/os/Parcel;)J)
6cb40cd6,android/database/CursorWindow.nativeDispose(J)V,stub,[],1,Only weak no-op registration found for this class; no matching export or proven real table.,jni-results.json#/6cb40cd6/methods (id=android/database/CursorWindow.nativeDispose(J)V)
6cb40cd6,android/database/CursorWindow.nativeFreeLastRow(J)V,stub,[],1,Only weak no-op registration found for this class; no matching export or proven real table.,jni-results.json#/6cb40cd6/methods (id=android/database/CursorWindow.nativeFreeLastRow(J)V)
6cb40cd6,android/database/CursorWindow.nativeGetBlob(JII)[B,stub,[],1,Only weak no-op registration found for this class; no matching export or proven real table.,jni-results.json#/6cb40cd6/methods (id=android/database/CursorWindow.nativeGetBlob(JII)[B)
6cb40cd6,android/database/CursorWindow.nativeGetDouble(JII)D,stub,[],1,Only weak no-op registration found for this class; no matching export or proven real table.,jni-results.json#/6cb40cd6/methods (id=android/database/CursorWindow.nativeGetDouble(JII)D)
6cb40cd6,android/database/CursorWindow.nativeGetLong(JII)J,stub,[],1,Only weak no-op registration found for this class; no matching export or proven real table.,jni-results.json#/6cb40cd6/methods (id=android/database/CursorWindow.nativeGetLong(JII)J)
6cb40cd6,android/database/CursorWindow.nativeGetName(J)Ljava/lang/String;,stub,[],1,Only weak no-op registration found for this class; no matching export or proven real table.,jni-results.json#/6cb40cd6/methods (id=android/database/CursorWindow.nativeGetName(J)Ljava/lang/String;)
6cb40cd6,android/database/CursorWindow.nativeGetNumRows(J)I,stub,[],1,Only weak no-op registration found for this class; no matching export or proven real table.,jni-results.json#/6cb40cd6/methods (id=android/database/CursorWindow.nativeGetNumRows(J)I)
6cb40cd6,android/database/CursorWindow.nativeGetString(JII)Ljava/lang/String;,stub,[],1,Only weak no-op registration found for this class; no matching export or proven real table.,jni-results.json#/6cb40cd6/methods (id=android/database/CursorWindow.nativeGetString(JII)Ljava/lang/String;)
6cb40cd6,android/database/CursorWindow.nativeGetType(JII)I,stub,[],1,Only weak no-op registration found for this class; no matching export or proven real table.,jni-results.json#/6cb40cd6/methods (id=android/database/CursorWindow.nativeGetType(JII)I)
6cb40cd6,android/database/CursorWindow.nativePutBlob(J[BII)Z,stub,[],1,Only weak no-op registration found for this class; no matching export or proven real table.,jni-results.json#/6cb40cd6/methods (id=android/database/CursorWindow.nativePutBlob(J[BII)Z)
6cb40cd6,android/database/CursorWindow.nativePutDouble(JDII)Z,stub,[],1,Only weak no-op registration found for this class; no matching export or proven real table.,jni-results.json#/6cb40cd6/methods (id=android/database/CursorWindow.nativePutDouble(JDII)Z)
6cb40cd6,android/database/CursorWindow.nativePutLong(JJII)Z,stub,[],1,Only weak no-op registration found for this class; no matching export or proven real table.,jni-results.json#/6cb40cd6/methods (id=android/database/CursorWindow.nativePutLong(JJII)Z)
6cb40cd6,android/database/CursorWindow.nativePutNull(JII)Z,stub,[],1,Only weak no-op registration found for this class; no matching export or proven real table.,jni-results.json#/6cb40cd6/methods (id=android/database/CursorWindow.nativePutNull(JII)Z)
6cb40cd6,android/database/CursorWindow.nativePutString(JLjava/lang/String;II)Z,stub,[],1,Only weak no-op registration found for this class; no matching export or proven real table.,jni-results.json#/6cb40cd6/methods (id=android/database/CursorWindow.nativePutString(JLjava/lang/String;II)Z)
6cb40cd6,android/database/CursorWindow.nativeSetNumColumns(JI)Z,stub,[],1,Only weak no-op registration found for this class; no matching export or proven real table.,jni-results.json#/6cb40cd6/methods (id=android/database/CursorWindow.nativeSetNumColumns(JI)Z)
6cb40cd6,android/database/CursorWindow.nativeWriteToParcel(JLandroid/os/Parcel;)V,stub,[],1,Only weak no-op registration found for this class; no matching export or proven real table.,jni-results.json#/6cb40cd6/methods (id=android/database/CursorWindow.nativeWriteToParcel(JLandroid/os/Parcel;)V)
6cb40cd6,android/database/sqlite/SQLiteConnection.nativeBindBlob(JJI[B)V,stub,[],1,Only weak no-op registration found for this class; no matching export or proven real table.,jni-results.json#/6cb40cd6/methods (id=android/database/sqlite/SQLiteConnection.nativeBindBlob(JJI[B)V)
6cb40cd6,android/database/sqlite/SQLiteConnection.nativeBindDouble(JJID)V,stub,[],1,Only weak no-op registration found for this class; no matching export or proven real table.,jni-results.json#/6cb40cd6/methods (id=android/database/sqlite/SQLiteConnection.nativeBindDouble(JJID)V)
6cb40cd6,android/database/sqlite/SQLiteConnection.nativeBindLong(JJIJ)V,stub,[],1,Only weak no-op registration found for this class; no matching export or proven real table.,jni-results.json#/6cb40cd6/methods (id=android/database/sqlite/SQLiteConnection.nativeBindLong(JJIJ)V)
6cb40cd6,android/database/sqlite/SQLiteConnection.nativeBindNull(JJI)V,stub,[],1,Only weak no-op registration found for this class; no matching export or proven real table.,jni-results.json#/6cb40cd6/methods (id=android/database/sqlite/SQLiteConnection.nativeBindNull(JJI)V)
6cb40cd6,android/database/sqlite/SQLiteConnection.nativeBindString(JJILjava/lang/String;)V,stub,[],1,Only weak no-op registration found for this class; no matching export or proven real table.,jni-results.json#/6cb40cd6/methods (id=android/database/sqlite/SQLiteConnection.nativeBindString(JJILjava/lang/String;)V)
6cb40cd6,android/database/sqlite/SQLiteConnection.nativeCancel(J)V,stub,[],1,Only weak no-op registration found for this class; no matching export or proven real table.,jni-results.json#/6cb40cd6/methods (id=android/database/sqlite/SQLiteConnection.nativeCancel(J)V)
6cb40cd6,android/database/sqlite/SQLiteConnection.nativeClose(J)V,stub,[],1,Only weak no-op registration found for this class; no matching export or proven real table.,jni-results.json#/6cb40cd6/methods (id=android/database/sqlite/SQLiteConnection.nativeClose(J)V)
6cb40cd6,android/database/sqlite/SQLiteConnection.nativeExecute(JJZ)V,stub,[],1,Only weak no-op registration found for this class; no matching export or proven real table.,jni-results.json#/6cb40cd6/methods (id=android/database/sqlite/SQLiteConnection.nativeExecute(JJZ)V)
6cb40cd6,android/database/sqlite/SQLiteConnection.nativeExecuteForBlobFileDescriptor(JJ)I,stub,[],1,Only weak no-op registration found for this class; no matching export or proven real table.,jni-results.json#/6cb40cd6/methods (id=android/database/sqlite/SQLiteConnection.nativeExecuteForBlobFileDescriptor(JJ)I)
6cb40cd6,android/database/sqlite/SQLiteConnection.nativeExecuteForChangedRowCount(JJ)I,stub,[],1,Only weak no-op registration found for this class; no matching export or proven real table.,jni-results.json#/6cb40cd6/methods (id=android/database/sqlite/SQLiteConnection.nativeExecuteForChangedRowCount(JJ)I)
6cb40cd6,android/database/sqlite/SQLiteConnection.nativeExecuteForCursorWindow(JJJIIZ)J,stub,[],1,Only weak no-op registration found for this class; no matching export or proven real table.,jni-results.json#/6cb40cd6/methods (id=android/database/sqlite/SQLiteConnection.nativeExecuteForCursorWindow(JJJIIZ)J)
6cb40cd6,android/database/sqlite/SQLiteConnection.nativeExecuteForLastInsertedRowId(JJ)J,stub,[],1,Only weak no-op registration found for this class; no matching export or proven real table.,jni-results.json#/6cb40cd6/methods (id=android/database/sqlite/SQLiteConnection.nativeExecuteForLastInsertedRowId(JJ)J)
6cb40cd6,android/database/sqlite/SQLiteConnection.nativeExecuteForLong(JJ)J,stub,[],1,Only weak no-op registration found for this class; no matching export or proven real table.,jni-results.json#/6cb40cd6/methods (id=android/database/sqlite/SQLiteConnection.nativeExecuteForLong(JJ)J)
6cb40cd6,android/database/sqlite/SQLiteConnection.nativeExecuteForString(JJ)Ljava/lang/String;,stub,[],1,Only weak no-op registration found for this class; no matching export or proven real table.,jni-results.json#/6cb40cd6/methods (id=android/database/sqlite/SQLiteConnection.nativeExecuteForString(JJ)Ljava/lang/String;)
6cb40cd6,android/database/sqlite/SQLiteConnection.nativeFinalizeStatement(JJ)V,stub,[],1,Only weak no-op registration found for this class; no matching export or proven real table.,jni-results.json#/6cb40cd6/methods (id=android/database/sqlite/SQLiteConnection.nativeFinalizeStatement(JJ)V)
6cb40cd6,android/database/sqlite/SQLiteConnection.nativeGetColumnCount(JJ)I,stub,[],1,Only weak no-op registration found for this class; no matching export or proven real table.,jni-results.json#/6cb40cd6/methods (id=android/database/sqlite/SQLiteConnection.nativeGetColumnCount(JJ)I)
6cb40cd6,android/database/sqlite/SQLiteConnection.nativeGetColumnName(JJI)Ljava/lang/String;,stub,[],1,Only weak no-op registration found for this class; no matching export or proven real table.,jni-results.json#/6cb40cd6/methods (id=android/database/sqlite/SQLiteConnection.nativeGetColumnName(JJI)Ljava/lang/String;)
6cb40cd6,android/database/sqlite/SQLiteConnection.nativeGetDbLookaside(J)I,stub,[],1,Only weak no-op registration found for this class; no matching export or proven real table.,jni-results.json#/6cb40cd6/methods (id=android/database/sqlite/SQLiteConnection.nativeGetDbLookaside(J)I)
6cb40cd6,android/database/sqlite/SQLiteConnection.nativeGetParameterCount(JJ)I,stub,[],1,Only weak no-op registration found for this class; no matching export or proven real table.,jni-results.json#/6cb40cd6/methods (id=android/database/sqlite/SQLiteConnection.nativeGetParameterCount(JJ)I)
6cb40cd6,android/database/sqlite/SQLiteConnection.nativeIsReadOnly(JJ)Z,stub,[],1,Only weak no-op registration found for this class; no matching export or proven real table.,jni-results.json#/6cb40cd6/methods (id=android/database/sqlite/SQLiteConnection.nativeIsReadOnly(JJ)Z)
6cb40cd6,android/database/sqlite/SQLiteConnection.nativeOpen(Ljava/lang/String;ILjava/lang/String;ZZII)J,stub,[],1,Only weak no-op registration found for this class; no matching export or proven real table.,jni-results.json#/6cb40cd6/methods (id=android/database/sqlite/SQLiteConnection.nativeOpen(Ljava/lang/String;ILjava/lang/String;ZZII)J)
6cb40cd6,android/database/sqlite/SQLiteConnection.nativePrepareStatement(JLjava/lang/String;)J,stub,[],1,Only weak no-op registration found for this class; no matching export or proven real table.,jni-results.json#/6cb40cd6/methods (id=android/database/sqlite/SQLiteConnection.nativePrepareStatement(JLjava/lang/String;)J)
6cb40cd6,android/database/sqlite/SQLiteConnection.nativeRegisterCustomAggregateFunction(JLjava/lang/String;Ljava/util/function/BinaryOperator;)V,stub,[],1,Only weak no-op registration found for this class; no matching export or proven real table.,jni-results.json#/6cb40cd6/methods (id=android/database/sqlite/SQLiteConnection.nativeRegisterCustomAggregateFunction(JLjava/lang/String;Ljava/util/function/BinaryOperator;)V)
6cb40cd6,android/database/sqlite/SQLiteConnection.nativeRegisterCustomScalarFunction(JLjava/lang/String;Ljava/util/function/UnaryOperator;)V,stub,[],1,Only weak no-op registration found for this class; no matching export or proven real table.,jni-results.json#/6cb40cd6/methods (id=android/database/sqlite/SQLiteConnection.nativeRegisterCustomScalarFunction(JLjava/lang/String;Ljava/util/function/UnaryOperator;)V)
6cb40cd6,android/database/sqlite/SQLiteConnection.nativeRegisterLocalizedCollators(JLjava/lang/String;)V,stub,[],1,Only weak no-op registration found for this class; no matching export or proven real table.,jni-results.json#/6cb40cd6/methods (id=android/database/sqlite/SQLiteConnection.nativeRegisterLocalizedCollators(JLjava/lang/String;)V)
6cb40cd6,android/database/sqlite/SQLiteConnection.nativeResetCancel(JZ)V,stub,[],1,Only weak no-op registration found for this class; no matching export or proven real table.,jni-results.json#/6cb40cd6/methods (id=android/database/sqlite/SQLiteConnection.nativeResetCancel(JZ)V)
6cb40cd6,android/database/sqlite/SQLiteConnection.nativeResetStatementAndClearBindings(JJ)V,stub,[],1,Only weak no-op registration found for this class; no matching export or proven real table.,jni-results.json#/6cb40cd6/methods (id=android/database/sqlite/SQLiteConnection.nativeResetStatementAndClearBindings(JJ)V)
6cb40cd6,android/database/sqlite/SQLiteDebug.nativeGetPagerStats(Landroid/database/sqlite/SQLiteDebug$PagerStats;)V,stub,[],1,Only weak no-op registration found for this class; no matching export or proven real table.,jni-results.json#/6cb40cd6/methods (id=android/database/sqlite/SQLiteDebug.nativeGetPagerStats(Landroid/database/sqlite/SQLiteDebug$PagerStats;)V)
6cb40cd6,android/database/sqlite/SQLiteGlobal.nativeReleaseMemory()I,stub,[],1,Only weak no-op registration found for this class; no matching export or proven real table.,jni-results.json#/6cb40cd6/methods (id=android/database/sqlite/SQLiteGlobal.nativeReleaseMemory()I)
6cb40cd6,android/graphics/BLASTBufferQueue.nativeApplyPendingTransactions(JJ)V,unknown,[],1,No class-attributed compiled registration proof; absence of Java_ export alone does not prove a missing dynamically registered method.,jni-results.json#/6cb40cd6/methods (id=android/graphics/BLASTBufferQueue.nativeApplyPendingTransactions(JJ)V)
6cb40cd6,android/graphics/BLASTBufferQueue.nativeClearSyncTransaction(J)V,unknown,[],0,No class-attributed compiled registration proof; absence of Java_ export alone does not prove a missing dynamically registered method.,jni-results.json#/6cb40cd6/methods (id=android/graphics/BLASTBufferQueue.nativeClearSyncTransaction(J)V)
6cb40cd6,android/graphics/BLASTBufferQueue.nativeCreate(Ljava/lang/String;Z)J,unknown,[],1,No class-attributed compiled registration proof; absence of Java_ export alone does not prove a missing dynamically registered method.,jni-results.json#/6cb40cd6/methods (id=android/graphics/BLASTBufferQueue.nativeCreate(Ljava/lang/String;Z)J)
6cb40cd6,android/graphics/BLASTBufferQueue.nativeDestroy(J)V,unknown,[],9,No class-attributed compiled registration proof; absence of Java_ export alone does not prove a missing dynamically registered method.,jni-results.json#/6cb40cd6/methods (id=android/graphics/BLASTBufferQueue.nativeDestroy(J)V)
6cb40cd6,android/graphics/BLASTBufferQueue.nativeGatherPendingTransactions(JJ)Landroid/view/SurfaceControl$Transaction;,unknown,[],0,No class-attributed compiled registration proof; absence of Java_ export alone does not prove a missing dynamically registered method.,jni-results.json#/6cb40cd6/methods (id=android/graphics/BLASTBufferQueue.nativeGatherPendingTransactions(JJ)Landroid/view/SurfaceControl$Transaction;)
6cb40cd6,android/graphics/BLASTBufferQueue.nativeGetLastAcquiredFrameNum(J)J,unknown,[],1,No class-attributed compiled registration proof; absence of Java_ export alone does not prove a missing dynamically registered method.,jni-results.json#/6cb40cd6/methods (id=android/graphics/BLASTBufferQueue.nativeGetLastAcquiredFrameNum(J)J)
6cb40cd6,android/graphics/BLASTBufferQueue.nativeGetSurface(JZ)Landroid/view/Surface;,unknown,[],1,No class-attributed compiled registration proof; absence of Java_ export alone does not prove a missing dynamically registered method.,jni-results.json#/6cb40cd6/methods (id=android/graphics/BLASTBufferQueue.nativeGetSurface(JZ)Landroid/view/Surface;)
6cb40cd6,android/graphics/BLASTBufferQueue.nativeIsSameSurfaceControl(JJ)Z,unknown,[],1,No class-attributed compiled registration proof; absence of Java_ export alone does not prove a missing dynamically registered method.,jni-results.json#/6cb40cd6/methods (id=android/graphics/BLASTBufferQueue.nativeIsSameSurfaceControl(JJ)Z)
6cb40cd6,android/graphics/BLASTBufferQueue.nativeMergeWithNextTransaction(JJJ)V,unknown,[],1,No class-attributed compiled registration proof; absence of Java_ export alone does not prove a missing dynamically registered method.,jni-results.json#/6cb40cd6/methods (id=android/graphics/BLASTBufferQueue.nativeMergeWithNextTransaction(JJJ)V)
6cb40cd6,android/graphics/BLASTBufferQueue.nativeSetTransactionHangCallback(JLandroid/graphics/BLASTBufferQueue$TransactionHangCallback;)V,unknown,[],1,No class-attributed compiled registration proof; absence of Java_ export alone does not prove a missing dynamically registered method.,jni-results.json#/6cb40cd6/methods (id=android/graphics/BLASTBufferQueue.nativeSetTransactionHangCallback(JLandroid/graphics/BLASTBufferQueue$TransactionHangCallback;)V)
6cb40cd6,android/graphics/BLASTBufferQueue.nativeStopContinuousSyncTransaction(J)V,unknown,[],0,No class-attributed compiled registration proof; absence of Java_ export alone does not prove a missing dynamically registered method.,jni-results.json#/6cb40cd6/methods (id=android/graphics/BLASTBufferQueue.nativeStopContinuousSyncTransaction(J)V)
6cb40cd6,android/graphics/BLASTBufferQueue.nativeSyncNextTransaction(JLjava/util/function/Consumer;Z)Z,unknown,[],0,No class-attributed compiled registration proof; absence of Java_ export alone does not prove a missing dynamically registered method.,jni-results.json#/6cb40cd6/methods (id=android/graphics/BLASTBufferQueue.nativeSyncNextTransaction(JLjava/util/function/Consumer;Z)Z)
6cb40cd6,android/graphics/BLASTBufferQueue.nativeUpdate(JJJJI)V,unknown,[],1,No class-attributed compiled registration proof; absence of Java_ export alone does not prove a missing dynamically registered method.,jni-results.json#/6cb40cd6/methods (id=android/graphics/BLASTBufferQueue.nativeUpdate(JJJJI)V)
6cb40cd6,android/graphics/BitmapRegionDecoder.nativeClean(J)V,unknown,[],0,No class-attributed compiled registration proof; absence of Java_ export alone does not prove a missing dynamically registered method.,jni-results.json#/6cb40cd6/methods (id=android/graphics/BitmapRegionDecoder.nativeClean(J)V)
6cb40cd6,android/graphics/BitmapRegionDecoder.nativeDecodeRegion(JIIIILandroid/graphics/BitmapFactory$Options;JJ)Landroid/graphics/Bitmap;,unknown,[],0,No class-attributed compiled registration proof; absence of Java_ export alone does not prove a missing dynamically registered method.,jni-results.json#/6cb40cd6/methods (id=android/graphics/BitmapRegionDecoder.nativeDecodeRegion(JIIIILandroid/graphics/BitmapFactory$Options;JJ)Landroid/graphics/Bitmap;)
6cb40cd6,android/graphics/BitmapRegionDecoder.nativeGetHeight(J)I,unknown,[],2,No class-attributed compiled registration proof; absence of Java_ export alone does not prove a missing dynamically registered method.,jni-results.json#/6cb40cd6/methods (id=android/graphics/BitmapRegionDecoder.nativeGetHeight(J)I)
6cb40cd6,android/graphics/BitmapRegionDecoder.nativeGetWidth(J)I,unknown,[],2,No class-attributed compiled registration proof; absence of Java_ export alone does not prove a missing dynamically registered method.,jni-results.json#/6cb40cd6/methods (id=android/graphics/BitmapRegionDecoder.nativeGetWidth(J)I)
6cb40cd6,android/graphics/BitmapRegionDecoder.nativeNewInstance(J)Landroid/graphics/BitmapRegionDecoder;,unknown,[],0,No class-attributed compiled registration proof; absence of Java_ export alone does not prove a missing dynamically registered method.,jni-results.json#/6cb40cd6/methods (id=android/graphics/BitmapRegionDecoder.nativeNewInstance(J)Landroid/graphics/BitmapRegionDecoder;)
6cb40cd6,android/graphics/BitmapRegionDecoder.nativeNewInstance(Ljava/io/FileDescriptor;)Landroid/graphics/BitmapRegionDecoder;,unknown,[],0,No class-attributed compiled registration proof; absence of Java_ export alone does not prove a missing dynamically registered method.,jni-results.json#/6cb40cd6/methods (id=android/graphics/BitmapRegionDecoder.nativeNewInstance(Ljava/io/FileDescriptor;)Landroid/graphics/BitmapRegionDecoder;)
6cb40cd6,android/graphics/BitmapRegionDecoder.nativeNewInstance(Ljava/io/InputStream;[B)Landroid/graphics/BitmapRegionDecoder;,unknown,[],0,No class-attributed compiled registration proof; absence of Java_ export alone does not prove a missing dynamically registered method.,jni-results.json#/6cb40cd6/methods (id=android/graphics/BitmapRegionDecoder.nativeNewInstance(Ljava/io/InputStream;[B)Landroid/graphics/BitmapRegionDecoder;)
6cb40cd6,android/graphics/BitmapRegionDecoder.nativeNewInstance([BII)Landroid/graphics/BitmapRegionDecoder;,unknown,[],0,No class-attributed compiled registration proof; absence of Java_ export alone does not prove a missing dynamically registered method.,jni-results.json#/6cb40cd6/methods (id=android/graphics/BitmapRegionDecoder.nativeNewInstance([BII)Landroid/graphics/BitmapRegionDecoder;)
6cb40cd6,android/graphics/BitmapShader.nativeCreate(JJIIZZ)J,unknown,[],1,No class-attributed compiled registration proof; absence of Java_ export alone does not prove a missing dynamically registered method.,jni-results.json#/6cb40cd6/methods (id=android/graphics/BitmapShader.nativeCreate(JJIIZZ)J)
6cb40cd6,android/graphics/BitmapShader.nativeCreateWithMaxAniso(JJIIIZ)J,unknown,[],1,No class-attributed compiled registration proof; absence of Java_ export alone does not prove a missing dynamically registered method.,jni-results.json#/6cb40cd6/methods (id=android/graphics/BitmapShader.nativeCreateWithMaxAniso(JJIIIZ)J)
6cb40cd6,android/graphics/BlendModeColorFilter.native_CreateBlendModeFilter(II)J,unknown,[],1,No class-attributed compiled registration proof; absence of Java_ export alone does not prove a missing dynamically registered method.,jni-results.json#/6cb40cd6/methods (id=android/graphics/BlendModeColorFilter.native_CreateBlendModeFilter(II)J)
6cb40cd6,android/graphics/Color.nativeHSVToColor(I[F)I,unknown,[],1,No class-attributed compiled registration proof; absence of Java_ export alone does not prove a missing dynamically registered method.,jni-results.json#/6cb40cd6/methods (id=android/graphics/Color.nativeHSVToColor(I[F)I)
6cb40cd6,android/graphics/Color.nativeRGBToHSV(III[F)V,unknown,[],1,No class-attributed compiled registration proof; absence of Java_ export alone does not prove a missing dynamically registered method.,jni-results.json#/6cb40cd6/methods (id=android/graphics/Color.nativeRGBToHSV(III[F)V)
6cb40cd6,android/graphics/ColorFilter.nativeGetFinalizer()J,unknown,[],7,No class-attributed compiled registration proof; absence of Java_ export alone does not prove a missing dynamically registered method.,jni-results.json#/6cb40cd6/methods (id=android/graphics/ColorFilter.nativeGetFinalizer()J)
6cb40cd6,android/graphics/ColorMatrixColorFilter.nativeColorMatrixFilter([F)J,unknown,[],1,No class-attributed compiled registration proof; absence of Java_ export alone does not prove a missing dynamically registered method.,jni-results.json#/6cb40cd6/methods (id=android/graphics/ColorMatrixColorFilter.nativeColorMatrixFilter([F)J)
6cb40cd6,android/graphics/ColorSpace$Rgb.nativeCreate(FFFFFFF[F)J,unknown,[],1,No class-attributed compiled registration proof; absence of Java_ export alone does not prove a missing dynamically registered method.,jni-results.json#/6cb40cd6/methods (id=android/graphics/ColorSpace$Rgb.nativeCreate(FFFFFFF[F)J)
6cb40cd6,android/graphics/ColorSpace$Rgb.nativeGetNativeFinalizer()J,unknown,[],2,No class-attributed compiled registration proof; absence of Java_ export alone does not prove a missing dynamically registered method.,jni-results.json#/6cb40cd6/methods (id=android/graphics/ColorSpace$Rgb.nativeGetNativeFinalizer()J)
6cb40cd6,android/graphics/GraphicBuffer.nCreateFromHardwareBuffer(Landroid/hardware/HardwareBuffer;)Landroid/graphics/GraphicBuffer;,unknown,[],0,No class-attributed compiled registration proof; absence of Java_ export alone does not prove a missing dynamically registered method.,jni-results.json#/6cb40cd6/methods (id=android/graphics/GraphicBuffer.nCreateFromHardwareBuffer(Landroid/hardware/HardwareBuffer;)Landroid/graphics/GraphicBuffer;)
6cb40cd6,android/graphics/GraphicBuffer.nCreateGraphicBuffer(IIII)J,unknown,[],0,No class-attributed compiled registration proof; absence of Java_ export alone does not prove a missing dynamically registered method.,jni-results.json#/6cb40cd6/methods (id=android/graphics/GraphicBuffer.nCreateGraphicBuffer(IIII)J)
6cb40cd6,android/graphics/GraphicBuffer.nDestroyGraphicBuffer(J)V,unknown,[],0,No class-attributed compiled registration proof; absence of Java_ export alone does not prove a missing dynamically registered method.,jni-results.json#/6cb40cd6/methods (id=android/graphics/GraphicBuffer.nDestroyGraphicBuffer(J)V)
6cb40cd6,android/graphics/GraphicBuffer.nLockCanvas(JLandroid/graphics/Canvas;Landroid/graphics/Rect;)Z,unknown,[],0,No class-attributed compiled registration proof; absence of Java_ export alone does not prove a missing dynamically registered method.,jni-results.json#/6cb40cd6/methods (id=android/graphics/GraphicBuffer.nLockCanvas(JLandroid/graphics/Canvas;Landroid/graphics/Rect;)Z)
6cb40cd6,android/graphics/GraphicBuffer.nReadGraphicBufferFromParcel(Landroid/os/Parcel;)J,unknown,[],0,No class-attributed compiled registration proof; absence of Java_ export alone does not prove a missing dynamically registered method.,jni-results.json#/6cb40cd6/methods (id=android/graphics/GraphicBuffer.nReadGraphicBufferFromParcel(Landroid/os/Parcel;)J)
6cb40cd6,android/graphics/GraphicBuffer.nUnlockCanvasAndPost(JLandroid/graphics/Canvas;)Z,unknown,[],0,No class-attributed compiled registration proof; absence of Java_ export alone does not prove a missing dynamically registered method.,jni-results.json#/6cb40cd6/methods (id=android/graphics/GraphicBuffer.nUnlockCanvasAndPost(JLandroid/graphics/Canvas;)Z)
6cb40cd6,android/graphics/GraphicBuffer.nWriteGraphicBufferToParcel(JLandroid/os/Parcel;)V,unknown,[],0,No class-attributed compiled registration proof; absence of Java_ export alone does not prove a missing dynamically registered method.,jni-results.json#/6cb40cd6/methods (id=android/graphics/GraphicBuffer.nWriteGraphicBufferToParcel(JLandroid/os/Parcel;)V)
6cb40cd6,android/graphics/GraphicsStatsService.nAddToDump(JLjava/lang/String;Ljava/lang/String;JJJ[B)V,unknown,[],1,No class-attributed compiled registration proof; absence of Java_ export alone does not prove a missing dynamically registered method.,jni-results.json#/6cb40cd6/methods (id=android/graphics/GraphicsStatsService.nAddToDump(JLjava/lang/String;Ljava/lang/String;JJJ[B)V)
6cb40cd6,android/graphics/GraphicsStatsService.nSaveBuffer(Ljava/lang/String;Ljava/lang/String;JJJ[B)V,unknown,[],1,No class-attributed compiled registration proof; absence of Java_ export alone does not prove a missing dynamically registered method.,jni-results.json#/6cb40cd6/methods (id=android/graphics/GraphicsStatsService.nSaveBuffer(Ljava/lang/String;Ljava/lang/String;JJJ[B)V)
6cb40cd6,android/graphics/HardwareRenderer.nInitDisplayInfo(IIFIJJZZ)V,unknown,[],1,No class-attributed compiled registration proof; absence of Java_ export alone does not prove a missing dynamically registered method.,jni-results.json#/6cb40cd6/methods (id=android/graphics/HardwareRenderer.nInitDisplayInfo(IIFIJJZZ)V)
6cb40cd6,android/graphics/HardwareRenderer.nSetForceDark(JZ)V,unknown,[],2,No class-attributed compiled registration proof; absence of Java_ export alone does not prove a missing dynamically registered method.,jni-results.json#/6cb40cd6/methods (id=android/graphics/HardwareRenderer.nSetForceDark(JZ)V)
6cb40cd6,android/graphics/HardwareRendererObserver.nCreateObserver(Ljava/lang/ref/WeakReference;Z)J,unknown,[],1,No class-attributed compiled registration proof; absence of Java_ export alone does not prove a missing dynamically registered method.,jni-results.json#/6cb40cd6/methods (id=android/graphics/HardwareRendererObserver.nCreateObserver(Ljava/lang/ref/WeakReference;Z)J)
6cb40cd6,android/graphics/HardwareRendererObserver.nGetNextBuffer(J[J)I,unknown,[],1,No class-attributed compiled registration proof; absence of Java_ export alone does not prove a missing dynamically registered method.,jni-results.json#/6cb40cd6/methods (id=android/graphics/HardwareRendererObserver.nGetNextBuffer(J[J)I)
6cb40cd6,android/graphics/LightingColorFilter.native_CreateLightingFilter(II)J,unknown,[],1,No class-attributed compiled registration proof; absence of Java_ export alone does not prove a missing dynamically registered method.,jni-results.json#/6cb40cd6/methods (id=android/graphics/LightingColorFilter.native_CreateLightingFilter(II)J)
6cb40cd6,android/graphics/Matrix.nCreate(J)J,unknown,[],2,No class-attributed compiled registration proof; absence of Java_ export alone does not prove a missing dynamically registered method.,jni-results.json#/6cb40cd6/methods (id=android/graphics/Matrix.nCreate(J)J)
6cb40cd6,android/graphics/Matrix.nGetNativeFinalizer()J,unknown,[],5,No class-attributed compiled registration proof; absence of Java_ export alone does not prove a missing dynamically registered method.,jni-results.json#/6cb40cd6/methods (id=android/graphics/Matrix.nGetNativeFinalizer()J)
6cb40cd6,android/graphics/Movie.decodeByteArray([BII)Landroid/graphics/Movie;,unknown,[],0,No class-attributed compiled registration proof; absence of Java_ export alone does not prove a missing dynamically registered method.,jni-results.json#/6cb40cd6/methods (id=android/graphics/Movie.decodeByteArray([BII)Landroid/graphics/Movie;)
6cb40cd6,android/graphics/Movie.duration()I,unknown,"[""fd-android"",""fd-k9""]",0,No class-attributed compiled registration proof; absence of Java_ export alone does not prove a missing dynamically registered method.,jni-results.json#/6cb40cd6/methods (id=android/graphics/Movie.duration()I)
6cb40cd6,android/graphics/Movie.height()I,unknown,"[""fd-android"",""fd-k9""]",0,No class-attributed compiled registration proof; absence of Java_ export alone does not prove a missing dynamically registered method.,jni-results.json#/6cb40cd6/methods (id=android/graphics/Movie.height()I)
6cb40cd6,android/graphics/Movie.isOpaque()Z,unknown,"[""fd-android"",""fd-k9""]",0,No class-attributed compiled registration proof; absence of Java_ export alone does not prove a missing dynamically registered method.,jni-results.json#/6cb40cd6/methods (id=android/graphics/Movie.isOpaque()Z)
6cb40cd6,android/graphics/Movie.nDraw(JFFJ)V,unknown,[],0,No class-attributed compiled registration proof; absence of Java_ export alone does not prove a missing dynamically registered method.,jni-results.json#/6cb40cd6/methods (id=android/graphics/Movie.nDraw(JFFJ)V)
6cb40cd6,android/graphics/Movie.nativeDecodeAsset(J)Landroid/graphics/Movie;,unknown,[],0,No class-attributed compiled registration proof; absence of Java_ export alone does not prove a missing dynamically registered method.,jni-results.json#/6cb40cd6/methods (id=android/graphics/Movie.nativeDecodeAsset(J)Landroid/graphics/Movie;)
6cb40cd6,android/graphics/Movie.nativeDecodeStream(Ljava/io/InputStream;)Landroid/graphics/Movie;,unknown,[],0,No class-attributed compiled registration proof; absence of Java_ export alone does not prove a missing dynamically registered method.,jni-results.json#/6cb40cd6/methods (id=android/graphics/Movie.nativeDecodeStream(Ljava/io/InputStream;)Landroid/graphics/Movie;)
6cb40cd6,android/graphics/Movie.nativeDestructor(J)V,unknown,[],7,No class-attributed compiled registration proof; absence of Java_ export alone does not prove a missing dynamically registered method.,jni-results.json#/6cb40cd6/methods (id=android/graphics/Movie.nativeDestructor(J)V)
6cb40cd6,android/graphics/Movie.setTime(I)Z,unknown,"[""fd-android"",""fd-k9""]",0,No class-attributed compiled registration proof; absence of Java_ export alone does not prove a missing dynamically registered method.,jni-results.json#/6cb40cd6/methods (id=android/graphics/Movie.setTime(I)Z)
6cb40cd6,android/graphics/Movie.width()I,unknown,"[""fd-android"",""fd-k9""]",0,No class-attributed compiled registration proof; absence of Java_ export alone does not prove a missing dynamically registered method.,jni-results.json#/6cb40cd6/methods (id=android/graphics/Movie.width()I)
6cb40cd6,android/graphics/Paint.nGetFontMetrics(JLandroid/graphics/Paint$FontMetrics;)F,unknown,[],1,No class-attributed compiled registration proof; absence of Java_ export alone does not prove a missing dynamically registered method.,jni-results.json#/6cb40cd6/methods (id=android/graphics/Paint.nGetFontMetrics(JLandroid/graphics/Paint$FontMetrics;)F)
6cb40cd6,android/graphics/Paint.nGetFontMetricsInt(JLandroid/graphics/Paint$FontMetricsInt;)I,unknown,[],1,No class-attributed compiled registration proof; absence of Java_ export alone does not prove a missing dynamically registered method.,jni-results.json#/6cb40cd6/methods (id=android/graphics/Paint.nGetFontMetricsInt(JLandroid/graphics/Paint$FontMetricsInt;)I)
6cb40cd6,android/graphics/Paint.nGetRunCharacterAdvance(J[CIIIIZI[FI)F,unknown,[],1,No class-attributed compiled registration proof; absence of Java_ export alone does not prove a missing dynamically registered method.,jni-results.json#/6cb40cd6/methods (id=android/graphics/Paint.nGetRunCharacterAdvance(J[CIIIIZI[FI)F)
6cb40cd6,android/graphics/Paint.nIsElegantTextHeight(J)Z,unknown,[],1,No class-attributed compiled registration proof; absence of Java_ export alone does not prove a missing dynamically registered method.,jni-results.json#/6cb40cd6/methods (id=android/graphics/Paint.nIsElegantTextHeight(J)Z)
6cb40cd6,android/graphics/Paint.nSetElegantTextHeight(JZ)V,unknown,[],1,No class-attributed compiled registration proof; absence of Java_ export alone does not prove a missing dynamically registered method.,jni-results.json#/6cb40cd6/methods (id=android/graphics/Paint.nSetElegantTextHeight(JZ)V)
6cb40cd6,android/graphics/Picture.nativeBeginRecording(JII)J,unknown,[],1,No class-attributed compiled registration proof; absence of Java_ export alone does not prove a missing dynamically registered method.,jni-results.json#/6cb40cd6/methods (id=android/graphics/Picture.nativeBeginRecording(JII)J)
6cb40cd6,android/graphics/Picture.nativeConstructor(J)J,unknown,[],2,No class-attributed compiled registration proof; absence of Java_ export alone does not prove a missing dynamically registered method.,jni-results.json#/6cb40cd6/methods (id=android/graphics/Picture.nativeConstructor(J)J)
6cb40cd6,android/graphics/Picture.nativeCreateFromStream(Ljava/io/InputStream;[B)J,unknown,[],1,No class-attributed compiled registration proof; absence of Java_ export alone does not prove a missing dynamically registered method.,jni-results.json#/6cb40cd6/methods (id=android/graphics/Picture.nativeCreateFromStream(Ljava/io/InputStream;[B)J)
6cb40cd6,android/graphics/Picture.nativeDestructor(J)V,unknown,[],7,No class-attributed compiled registration proof; absence of Java_ export alone does not prove a missing dynamically registered method.,jni-results.json#/6cb40cd6/methods (id=android/graphics/Picture.nativeDestructor(J)V)
6cb40cd6,android/graphics/Picture.nativeDraw(JJ)V,unknown,[],1,No class-attributed compiled registration proof; absence of Java_ export alone does not prove a missing dynamically registered method.,jni-results.json#/6cb40cd6/methods (id=android/graphics/Picture.nativeDraw(JJ)V)
6cb40cd6,android/graphics/Picture.nativeEndRecording(J)V,unknown,[],1,No class-attributed compiled registration proof; absence of Java_ export alone does not prove a missing dynamically registered method.,jni-results.json#/6cb40cd6/methods (id=android/graphics/Picture.nativeEndRecording(J)V)
6cb40cd6,android/graphics/Picture.nativeGetHeight(J)I,unknown,[],2,No class-attributed compiled registration proof; absence of Java_ export alone does not prove a missing dynamically registered method.,jni-results.json#/6cb40cd6/methods (id=android/graphics/Picture.nativeGetHeight(J)I)
6cb40cd6,android/graphics/Picture.nativeGetWidth(J)I,unknown,[],2,No class-attributed compiled registration proof; absence of Java_ export alone does not prove a missing dynamically registered method.,jni-results.json#/6cb40cd6/methods (id=android/graphics/Picture.nativeGetWidth(J)I)
6cb40cd6,android/graphics/Picture.nativeWriteToStream(JLjava/io/OutputStream;[B)Z,unknown,[],1,No class-attributed compiled registration proof; absence of Java_ export alone does not prove a missing dynamically registered method.,jni-results.json#/6cb40cd6/methods (id=android/graphics/Picture.nativeWriteToStream(JLjava/io/OutputStream;[B)Z)
6cb40cd6,android/graphics/PorterDuffColorFilter.native_CreateBlendModeFilter(II)J,unknown,[],1,No class-attributed compiled registration proof; absence of Java_ export alone does not prove a missing dynamically registered method.,jni-results.json#/6cb40cd6/methods (id=android/graphics/PorterDuffColorFilter.native_CreateBlendModeFilter(II)J)
6cb40cd6,android/graphics/RuntimeShader.nativeCreateShader(JJ)J,unknown,[],1,No class-attributed compiled registration proof; absence of Java_ export alone does not prove a missing dynamically registered method.,jni-results.json#/6cb40cd6/methods (id=android/graphics/RuntimeShader.nativeCreateShader(JJ)J)
6cb40cd6,android/graphics/SurfaceTexture.nativeAttachToGLContext(I)I,unknown,[],0,No class-attributed compiled registration proof; absence of Java_ export alone does not prove a missing dynamically registered method.,jni-results.json#/6cb40cd6/methods (id=android/graphics/SurfaceTexture.nativeAttachToGLContext(I)I)
6cb40cd6,android/graphics/SurfaceTexture.nativeDetachFromGLContext()I,unknown,[],0,No class-attributed compiled registration proof; absence of Java_ export alone does not prove a missing dynamically registered method.,jni-results.json#/6cb40cd6/methods (id=android/graphics/SurfaceTexture.nativeDetachFromGLContext()I)
6cb40cd6,android/graphics/SurfaceTexture.nativeFinalize()V,unknown,[],0,No class-attributed compiled registration proof; absence of Java_ export alone does not prove a missing dynamically registered method.,jni-results.json#/6cb40cd6/methods (id=android/graphics/SurfaceTexture.nativeFinalize()V)
6cb40cd6,android/graphics/SurfaceTexture.nativeGetDataSpace()I,unknown,[],0,No class-attributed compiled registration proof; absence of Java_ export alone does not prove a missing dynamically registered method.,jni-results.json#/6cb40cd6/methods (id=android/graphics/SurfaceTexture.nativeGetDataSpace()I)
6cb40cd6,android/graphics/SurfaceTexture.nativeGetTimestamp()J,unknown,[],0,No class-attributed compiled registration proof; absence of Java_ export alone does not prove a missing dynamically registered method.,jni-results.json#/6cb40cd6/methods (id=android/graphics/SurfaceTexture.nativeGetTimestamp()J)
6cb40cd6,android/graphics/SurfaceTexture.nativeGetTransformMatrix([F)V,unknown,[],0,No class-attributed compiled registration proof; absence of Java_ export alone does not prove a missing dynamically registered method.,jni-results.json#/6cb40cd6/methods (id=android/graphics/SurfaceTexture.nativeGetTransformMatrix([F)V)
6cb40cd6,android/graphics/SurfaceTexture.nativeInit(ZIZLjava/lang/ref/WeakReference;)V,unknown,[],0,No class-attributed compiled registration proof; absence of Java_ export alone does not prove a missing dynamically registered method.,jni-results.json#/6cb40cd6/methods (id=android/graphics/SurfaceTexture.nativeInit(ZIZLjava/lang/ref/WeakReference;)V)
6cb40cd6,android/graphics/SurfaceTexture.nativeIsReleased()Z,unknown,[],0,No class-attributed compiled registration proof; absence of Java_ export alone does not prove a missing dynamically registered method.,jni-results.json#/6cb40cd6/methods (id=android/graphics/SurfaceTexture.nativeIsReleased()Z)
6cb40cd6,android/graphics/SurfaceTexture.nativeRelease()V,unknown,[],0,No class-attributed compiled registration proof; absence of Java_ export alone does not prove a missing dynamically registered method.,jni-results.json#/6cb40cd6/methods (id=android/graphics/SurfaceTexture.nativeRelease()V)
6cb40cd6,android/graphics/SurfaceTexture.nativeReleaseTexImage()V,unknown,[],0,No class-attributed compiled registration proof; absence of Java_ export alone does not prove a missing dynamically registered method.,jni-results.json#/6cb40cd6/methods (id=android/graphics/SurfaceTexture.nativeReleaseTexImage()V)
6cb40cd6,android/graphics/SurfaceTexture.nativeSetDefaultBufferSize(II)V,unknown,[],0,No class-attributed compiled registration proof; absence of Java_ export alone does not prove a missing dynamically registered method.,jni-results.json#/6cb40cd6/methods (id=android/graphics/SurfaceTexture.nativeSetDefaultBufferSize(II)V)
6cb40cd6,android/graphics/SurfaceTexture.nativeUpdateTexImage()V,unknown,[],0,No class-attributed compiled registration proof; absence of Java_ export alone does not prove a missing dynamically registered method.,jni-results.json#/6cb40cd6/methods (id=android/graphics/SurfaceTexture.nativeUpdateTexImage()V)
6cb40cd6,android/graphics/TextureLayer.nPrepare(JIIZ)Z,unknown,[],0,No class-attributed compiled registration proof; absence of Java_ export alone does not prove a missing dynamically registered method.,jni-results.json#/6cb40cd6/methods (id=android/graphics/TextureLayer.nPrepare(JIIZ)Z)
6cb40cd6,android/graphics/TextureLayer.nSetLayerPaint(JJ)V,unknown,[],0,No class-attributed compiled registration proof; absence of Java_ export alone does not prove a missing dynamically registered method.,jni-results.json#/6cb40cd6/methods (id=android/graphics/TextureLayer.nSetLayerPaint(JJ)V)
6cb40cd6,android/graphics/TextureLayer.nSetSurfaceTexture(JLandroid/graphics/SurfaceTexture;)V,unknown,[],0,No class-attributed compiled registration proof; absence of Java_ export alone does not prove a missing dynamically registered method.,jni-results.json#/6cb40cd6/methods (id=android/graphics/TextureLayer.nSetSurfaceTexture(JLandroid/graphics/SurfaceTexture;)V)
6cb40cd6,android/graphics/TextureLayer.nSetTransform(JJ)V,unknown,[],0,No class-attributed compiled registration proof; absence of Java_ export alone does not prove a missing dynamically registered method.,jni-results.json#/6cb40cd6/methods (id=android/graphics/TextureLayer.nSetTransform(JJ)V)
6cb40cd6,android/graphics/TextureLayer.nUpdateSurfaceTexture(J)V,unknown,[],0,No class-attributed compiled registration proof; absence of Java_ export alone does not prove a missing dynamically registered method.,jni-results.json#/6cb40cd6/methods (id=android/graphics/TextureLayer.nUpdateSurfaceTexture(J)V)
6cb40cd6,android/graphics/YuvImage.nativeCompressToJpeg([BIII[I[IILjava/io/OutputStream;[B)Z,unknown,[],0,No class-attributed compiled registration proof; absence of Java_ export alone does not prove a missing dynamically registered method.,jni-results.json#/6cb40cd6/methods (id=android/graphics/YuvImage.nativeCompressToJpeg([BIII[I[IILjava/io/OutputStream;[B)Z)
6cb40cd6,android/graphics/YuvImage.nativeCompressToJpegR([BI[BIIIILjava/io/OutputStream;[B)Z,unknown,[],0,No class-attributed compiled registration proof; absence of Java_ export alone does not prove a missing dynamically registered method.,jni-results.json#/6cb40cd6/methods (id=android/graphics/YuvImage.nativeCompressToJpegR([BI[BIIIILjava/io/OutputStream;[B)Z)
6cb40cd6,android/graphics/fonts/FontFamily$Builder.nBuild(JLjava/lang/String;IZZ)J,unknown,[],1,No class-attributed compiled registration proof; absence of Java_ export alone does not prove a missing dynamically registered method.,jni-results.json#/6cb40cd6/methods (id=android/graphics/fonts/FontFamily$Builder.nBuild(JLjava/lang/String;IZZ)J)
6cb40cd6,android/graphics/pdf/PdfDocument.nativeClose(J)V,unknown,[],0,No class-attributed compiled registration proof; absence of Java_ export alone does not prove a missing dynamically registered method.,jni-results.json#/6cb40cd6/methods (id=android/graphics/pdf/PdfDocument.nativeClose(J)V)
6cb40cd6,android/graphics/pdf/PdfDocument.nativeCreateDocument()J,unknown,[],0,No class-attributed compiled registration proof; absence of Java_ export alone does not prove a missing dynamically registered method.,jni-results.json#/6cb40cd6/methods (id=android/graphics/pdf/PdfDocument.nativeCreateDocument()J)
6cb40cd6,android/graphics/pdf/PdfDocument.nativeFinishPage(J)V,unknown,[],0,No class-attributed compiled registration proof; absence of Java_ export alone does not prove a missing dynamically registered method.,jni-results.json#/6cb40cd6/methods (id=android/graphics/pdf/PdfDocument.nativeFinishPage(J)V)
6cb40cd6,android/graphics/pdf/PdfDocument.nativeStartPage(JIIIIII)J,unknown,[],0,No class-attributed compiled registration proof; absence of Java_ export alone does not prove a missing dynamically registered method.,jni-results.json#/6cb40cd6/methods (id=android/graphics/pdf/PdfDocument.nativeStartPage(JIIIIII)J)
6cb40cd6,android/graphics/pdf/PdfDocument.nativeWriteTo(JLjava/io/OutputStream;[B)V,unknown,[],0,No class-attributed compiled registration proof; absence of Java_ export alone does not prove a missing dynamically registered method.,jni-results.json#/6cb40cd6/methods (id=android/graphics/pdf/PdfDocument.nativeWriteTo(JLjava/io/OutputStream;[B)V)
6cb40cd6,android/graphics/pdf/PdfEditor.nativeClose(J)V,unknown,[],0,No class-attributed compiled registration proof; absence of Java_ export alone does not prove a missing dynamically registered method.,jni-results.json#/6cb40cd6/methods (id=android/graphics/pdf/PdfEditor.nativeClose(J)V)
6cb40cd6,android/graphics/pdf/PdfEditor.nativeGetPageCount(J)I,unknown,[],0,No class-attributed compiled registration proof; absence of Java_ export alone does not prove a missing dynamically registered method.,jni-results.json#/6cb40cd6/methods (id=android/graphics/pdf/PdfEditor.nativeGetPageCount(J)I)
6cb40cd6,android/graphics/pdf/PdfEditor.nativeGetPageCropBox(JILandroid/graphics/Rect;)Z,unknown,[],0,No class-attributed compiled registration proof; absence of Java_ export alone does not prove a missing dynamically registered method.,jni-results.json#/6cb40cd6/methods (id=android/graphics/pdf/PdfEditor.nativeGetPageCropBox(JILandroid/graphics/Rect;)Z)
6cb40cd6,android/graphics/pdf/PdfEditor.nativeGetPageMediaBox(JILandroid/graphics/Rect;)Z,unknown,[],0,No class-attributed compiled registration proof; absence of Java_ export alone does not prove a missing dynamically registered method.,jni-results.json#/6cb40cd6/methods (id=android/graphics/pdf/PdfEditor.nativeGetPageMediaBox(JILandroid/graphics/Rect;)Z)
6cb40cd6,android/graphics/pdf/PdfEditor.nativeGetPageSize(JILandroid/graphics/Point;)V,unknown,[],0,No class-attributed compiled registration proof; absence of Java_ export alone does not prove a missing dynamically registered method.,jni-results.json#/6cb40cd6/methods (id=android/graphics/pdf/PdfEditor.nativeGetPageSize(JILandroid/graphics/Point;)V)
6cb40cd6,android/graphics/pdf/PdfEditor.nativeOpen(IJ)J,unknown,[],0,No class-attributed compiled registration proof; absence of Java_ export alone does not prove a missing dynamically registered method.,jni-results.json#/6cb40cd6/methods (id=android/graphics/pdf/PdfEditor.nativeOpen(IJ)J)
6cb40cd6,android/graphics/pdf/PdfEditor.nativeRemovePage(JI)I,unknown,[],0,No class-attributed compiled registration proof; absence of Java_ export alone does not prove a missing dynamically registered method.,jni-results.json#/6cb40cd6/methods (id=android/graphics/pdf/PdfEditor.nativeRemovePage(JI)I)
6cb40cd6,android/graphics/pdf/PdfEditor.nativeScaleForPrinting(J)Z,unknown,[],0,No class-attributed compiled registration proof; absence of Java_ export alone does not prove a missing dynamically registered method.,jni-results.json#/6cb40cd6/methods (id=android/graphics/pdf/PdfEditor.nativeScaleForPrinting(J)Z)
6cb40cd6,android/graphics/pdf/PdfEditor.nativeSetPageCropBox(JILandroid/graphics/Rect;)V,unknown,[],0,No class-attributed compiled registration proof; absence of Java_ export alone does not prove a missing dynamically registered method.,jni-results.json#/6cb40cd6/methods (id=android/graphics/pdf/PdfEditor.nativeSetPageCropBox(JILandroid/graphics/Rect;)V)
6cb40cd6,android/graphics/pdf/PdfEditor.nativeSetPageMediaBox(JILandroid/graphics/Rect;)V,unknown,[],0,No class-attributed compiled registration proof; absence of Java_ export alone does not prove a missing dynamically registered method.,jni-results.json#/6cb40cd6/methods (id=android/graphics/pdf/PdfEditor.nativeSetPageMediaBox(JILandroid/graphics/Rect;)V)
6cb40cd6,android/graphics/pdf/PdfEditor.nativeSetTransformAndClip(JIJIIII)V,unknown,[],0,No class-attributed compiled registration proof; absence of Java_ export alone does not prove a missing dynamically registered method.,jni-results.json#/6cb40cd6/methods (id=android/graphics/pdf/PdfEditor.nativeSetTransformAndClip(JIJIIII)V)
6cb40cd6,android/graphics/pdf/PdfEditor.nativeWrite(JI)V,unknown,[],0,No class-attributed compiled registration proof; absence of Java_ export alone does not prove a missing dynamically registered method.,jni-results.json#/6cb40cd6/methods (id=android/graphics/pdf/PdfEditor.nativeWrite(JI)V)
6cb40cd6,android/graphics/pdf/PdfRenderer.nativeClose(J)V,unknown,[],0,No class-attributed compiled registration proof; absence of Java_ export alone does not prove a missing dynamically registered method.,jni-results.json#/6cb40cd6/methods (id=android/graphics/pdf/PdfRenderer.nativeClose(J)V)
6cb40cd6,android/graphics/pdf/PdfRenderer.nativeClosePage(J)V,unknown,[],0,No class-attributed compiled registration proof; absence of Java_ export alone does not prove a missing dynamically registered method.,jni-results.json#/6cb40cd6/methods (id=android/graphics/pdf/PdfRenderer.nativeClosePage(J)V)
6cb40cd6,android/graphics/pdf/PdfRenderer.nativeCreate(IJ)J,unknown,[],0,No class-attributed compiled registration proof; absence of Java_ export alone does not prove a missing dynamically registered method.,jni-results.json#/6cb40cd6/methods (id=android/graphics/pdf/PdfRenderer.nativeCreate(IJ)J)
6cb40cd6,android/graphics/pdf/PdfRenderer.nativeGetPageCount(J)I,unknown,[],0,No class-attributed compiled registration proof; absence of Java_ export alone does not prove a missing dynamically registered method.,jni-results.json#/6cb40cd6/methods (id=android/graphics/pdf/PdfRenderer.nativeGetPageCount(J)I)
6cb40cd6,android/graphics/pdf/PdfRenderer.nativeOpenPageAndGetSize(JILandroid/graphics/Point;)J,unknown,[],0,No class-attributed compiled registration proof; absence of Java_ export alone does not prove a missing dynamically registered method.,jni-results.json#/6cb40cd6/methods (id=android/graphics/pdf/PdfRenderer.nativeOpenPageAndGetSize(JILandroid/graphics/Point;)J)
6cb40cd6,android/graphics/pdf/PdfRenderer.nativeRenderPage(JJJIIIIJI)V,unknown,[],0,No class-attributed compiled registration proof; absence of Java_ export alone does not prove a missing dynamically registered method.,jni-results.json#/6cb40cd6/methods (id=android/graphics/pdf/PdfRenderer.nativeRenderPage(JJJIIIIJI)V)
6cb40cd6,android/graphics/pdf/PdfRenderer.nativeScaleForPrinting(J)Z,unknown,[],0,No class-attributed compiled registration proof; absence of Java_ export alone does not prove a missing dynamically registered method.,jni-results.json#/6cb40cd6/methods (id=android/graphics/pdf/PdfRenderer.nativeScaleForPrinting(J)Z)
6cb40cd6,android/graphics/text/LineBreaker.nInit(IIZ[I)J,unknown,[],1,No class-attributed compiled registration proof; absence of Java_ export alone does not prove a missing dynamically registered method.,jni-results.json#/6cb40cd6/methods (id=android/graphics/text/LineBreaker.nInit(IIZ[I)J)
6cb40cd6,android/graphics/text/MeasuredText$Builder.nAddStyleRun(JJIIIIZ)V,unknown,[],1,No class-attributed compiled registration proof; absence of Java_ export alone does not prove a missing dynamically registered method.,jni-results.json#/6cb40cd6/methods (id=android/graphics/text/MeasuredText$Builder.nAddStyleRun(JJIIIIZ)V)
6cb40cd6,android/graphics/text/MeasuredText$Builder.nBuildMeasuredText(JJ[CZZZ)J,unknown,[],1,No class-attributed compiled registration proof; absence of Java_ export alone does not prove a missing dynamically registered method.,jni-results.json#/6cb40cd6/methods (id=android/graphics/text/MeasuredText$Builder.nBuildMeasuredText(JJ[CZZZ)J)
6cb40cd6,android/hardware/Camera.reconnect()V,unknown,"[""opencamera""]",0,No class-attributed compiled registration proof; absence of Java_ export alone does not prove a missing dynamically registered method.,jni-results.json#/6cb40cd6/methods (id=android/hardware/Camera.reconnect()V)
6cb40cd6,android/hardware/Camera.setDisplayOrientation(I)V,unknown,"[""fd-catima"",""fd-fennec_fdroid"",""fd-fluffychat"",""opencamera""]",0,No class-attributed compiled registration proof; absence of Java_ export alone does not prove a missing dynamically registered method.,jni-results.json#/6cb40cd6/methods (id=android/hardware/Camera.setDisplayOrientation(I)V)
6cb40cd6,android/hardware/Camera.setPreviewTexture(Landroid/graphics/SurfaceTexture;)V,unknown,"[""fd-catima"",""fd-fennec_fdroid"",""fd-fluffychat"",""opencamera""]",0,No class-attributed compiled registration proof; absence of Java_ export alone does not prove a missing dynamically registered method.,jni-results.json#/6cb40cd6/methods (id=android/hardware/Camera.setPreviewTexture(Landroid/graphics/SurfaceTexture;)V)
6cb40cd6,android/hardware/Camera.startPreview()V,unknown,"[""fd-catima"",""fd-fennec_fdroid"",""fd-fluffychat"",""opencamera""]",0,No class-attributed compiled registration proof; absence of Java_ export alone does not prove a missing dynamically registered method.,jni-results.json#/6cb40cd6/methods (id=android/hardware/Camera.startPreview()V)
6cb40cd6,android/hardware/Camera.unlock()V,unknown,"[""opencamera""]",0,No class-attributed compiled registration proof; absence of Java_ export alone does not prove a missing dynamically registered method.,jni-results.json#/6cb40cd6/methods (id=android/hardware/Camera.unlock()V)
6cb40cd6,android/media/MediaCodec.createInputSurface()Landroid/view/Surface;,unknown,"[""burgerking"",""fd-fluffychat"",""opencamera""]",0,No class-attributed compiled registration proof; absence of Java_ export alone does not prove a missing dynamically registered method.,jni-results.json#/6cb40cd6/methods (id=android/media/MediaCodec.createInputSurface()Landroid/view/Surface;)
6cb40cd6,android/media/MediaCodec.setVideoScalingMode(I)V,unknown,"[""burgerking"",""fd-fennec_fdroid"",""fd-fluffychat"",""fd-immich"",""fd-mobile"",""localsend""]",0,No class-attributed compiled registration proof; absence of Java_ export alone does not prove a missing dynamically registered method.,jni-results.json#/6cb40cd6/methods (id=android/media/MediaCodec.setVideoScalingMode(I)V)
6cb40cd6,android/media/MediaCodec.signalEndOfInputStream()V,unknown,"[""burgerking"",""fd-fluffychat"",""opencamera""]",0,No class-attributed compiled registration proof; absence of Java_ export alone does not prove a missing dynamically registered method.,jni-results.json#/6cb40cd6/methods (id=android/media/MediaCodec.signalEndOfInputStream()V)
6cb40cd6,android/media/MediaCrypto.release()V,unknown,"[""burgerking"",""fd-fennec_fdroid"",""fd-fluffychat"",""fd-immich"",""fd-mobile"",""localsend"",""noice""]",0,No class-attributed compiled registration proof; absence of Java_ export alone does not prove a missing dynamically registered method.,jni-results.json#/6cb40cd6/methods (id=android/media/MediaCrypto.release()V)
6cb40cd6,android/media/MediaCrypto.requiresSecureDecoderComponent(Ljava/lang/String;)Z,unknown,"[""burgerking"",""fd-fluffychat"",""fd-mobile"",""noice""]",0,No class-attributed compiled registration proof; absence of Java_ export alone does not prove a missing dynamically registered method.,jni-results.json#/6cb40cd6/methods (id=android/media/MediaCrypto.requiresSecureDecoderComponent(Ljava/lang/String;)Z)
6cb40cd6,android/media/MediaCrypto.setMediaDrmSession([B)V,unknown,"[""burgerking"",""fd-fennec_fdroid"",""fd-fluffychat"",""fd-immich"",""fd-mobile"",""localsend"",""noice""]",0,No class-attributed compiled registration proof; absence of Java_ export alone does not prove a missing dynamically registered method.,jni-results.json#/6cb40cd6/methods (id=android/media/MediaCrypto.setMediaDrmSession([B)V)
6cb40cd6,android/media/MediaDrm.getPropertyByteArray(Ljava/lang/String;)[B,unknown,"[""burgerking""]",0,No class-attributed compiled registration proof; absence of Java_ export alone does not prove a missing dynamically registered method.,jni-results.json#/6cb40cd6/methods (id=android/media/MediaDrm.getPropertyByteArray(Ljava/lang/String;)[B)
6cb40cd6,android/media/MediaDrm.getPropertyString(Ljava/lang/String;)Ljava/lang/String;,unknown,"[""burgerking"",""fd-fluffychat"",""fd-mobile"",""noice""]",0,No class-attributed compiled registration proof; absence of Java_ export alone does not prove a missing dynamically registered method.,jni-results.json#/6cb40cd6/methods (id=android/media/MediaDrm.getPropertyString(Ljava/lang/String;)Ljava/lang/String;)
6cb40cd6,android/media/MediaDrm.getSecurityLevel([B)I,unknown,"[""burgerking"",""fd-fluffychat"",""fd-mobile""]",0,No class-attributed compiled registration proof; absence of Java_ export alone does not prove a missing dynamically registered method.,jni-results.json#/6cb40cd6/methods (id=android/media/MediaDrm.getSecurityLevel([B)I)
6cb40cd6,android/media/MediaDrm.provideKeyResponse([B[B)[B,unknown,"[""burgerking"",""fd-fennec_fdroid"",""fd-fluffychat"",""fd-mobile"",""noice""]",0,No class-attributed compiled registration proof; absence of Java_ export alone does not prove a missing dynamically registered method.,jni-results.json#/6cb40cd6/methods (id=android/media/MediaDrm.provideKeyResponse([B[B)[B)
6cb40cd6,android/media/MediaDrm.queryKeyStatus([B)Ljava/util/HashMap;,unknown,"[""burgerking"",""fd-fluffychat"",""fd-mobile"",""noice""]",0,No class-attributed compiled registration proof; absence of Java_ export alone does not prove a missing dynamically registered method.,jni-results.json#/6cb40cd6/methods (id=android/media/MediaDrm.queryKeyStatus([B)Ljava/util/HashMap;)
6cb40cd6,android/media/MediaDrm.requiresSecureDecoder(Ljava/lang/String;I)Z,unknown,"[""burgerking"",""fd-fluffychat"",""fd-mobile""]",0,No class-attributed compiled registration proof; absence of Java_ export alone does not prove a missing dynamically registered method.,jni-results.json#/6cb40cd6/methods (id=android/media/MediaDrm.requiresSecureDecoder(Ljava/lang/String;I)Z)
6cb40cd6,android/media/MediaDrm.restoreKeys([B[B)V,unknown,"[""burgerking"",""fd-fluffychat"",""fd-mobile"",""noice""]",0,No class-attributed compiled registration proof; absence of Java_ export alone does not prove a missing dynamically registered method.,jni-results.json#/6cb40cd6/methods (id=android/media/MediaDrm.restoreKeys([B[B)V)
6cb40cd6,android/media/MediaDrm.setPropertyByteArray(Ljava/lang/String;[B)V,unknown,"[""fd-fennec_fdroid""]",0,No class-attributed compiled registration proof; absence of Java_ export alone does not prove a missing dynamically registered method.,jni-results.json#/6cb40cd6/methods (id=android/media/MediaDrm.setPropertyByteArray(Ljava/lang/String;[B)V)
6cb40cd6,android/media/MediaDrm.setPropertyString(Ljava/lang/String;Ljava/lang/String;)V,unknown,"[""burgerking"",""fd-fennec_fdroid"",""fd-fluffychat"",""fd-mobile"",""noice""]",0,No class-attributed compiled registration proof; absence of Java_ export alone does not prove a missing dynamically registered method.,jni-results.json#/6cb40cd6/methods (id=android/media/MediaDrm.setPropertyString(Ljava/lang/String;Ljava/lang/String;)V)
6cb40cd6,android/media/MediaExtractor.advance()Z,unknown,"[""fd-fluffychat""]",0,No class-attributed compiled registration proof; absence of Java_ export alone does not prove a missing dynamically registered method.,jni-results.json#/6cb40cd6/methods (id=android/media/MediaExtractor.advance()Z)
6cb40cd6,android/media/MediaExtractor.getSampleFlags()I,unknown,"[""fd-fluffychat""]",0,No class-attributed compiled registration proof; absence of Java_ export alone does not prove a missing dynamically registered method.,jni-results.json#/6cb40cd6/methods (id=android/media/MediaExtractor.getSampleFlags()I)
6cb40cd6,android/media/MediaExtractor.getSampleTime()J,unknown,"[""fd-fluffychat""]",0,No class-attributed compiled registration proof; absence of Java_ export alone does not prove a missing dynamically registered method.,jni-results.json#/6cb40cd6/methods (id=android/media/MediaExtractor.getSampleTime()J)
6cb40cd6,android/media/MediaExtractor.getSampleTrackIndex()I,unknown,"[""fd-fluffychat""]",0,No class-attributed compiled registration proof; absence of Java_ export alone does not prove a missing dynamically registered method.,jni-results.json#/6cb40cd6/methods (id=android/media/MediaExtractor.getSampleTrackIndex()I)
6cb40cd6,android/media/MediaExtractor.getTrackCount()I,unknown,"[""burgerking"",""fd-android"",""fd-fluffychat"",""fd-immich"",""fd-k9"",""fd-kitchenowl"",""fd-libre"",""fd-saber"",""localsend""]",0,No class-attributed compiled registration proof; absence of Java_ export alone does not prove a missing dynamically registered method.,jni-results.json#/6cb40cd6/methods (id=android/media/MediaExtractor.getTrackCount()I)
6cb40cd6,android/media/MediaExtractor.readSampleData(Ljava/nio/ByteBuffer;I)I,unknown,"[""fd-fluffychat""]",0,No class-attributed compiled registration proof; absence of Java_ export alone does not prove a missing dynamically registered method.,jni-results.json#/6cb40cd6/methods (id=android/media/MediaExtractor.readSampleData(Ljava/nio/ByteBuffer;I)I)
6cb40cd6,android/media/MediaExtractor.release()V,unknown,"[""burgerking"",""fd-android"",""fd-fluffychat"",""fd-immich"",""fd-k9"",""fd-libre"",""localsend""]",0,No class-attributed compiled registration proof; absence of Java_ export alone does not prove a missing dynamically registered method.,jni-results.json#/6cb40cd6/methods (id=android/media/MediaExtractor.release()V)
6cb40cd6,android/media/MediaExtractor.seekTo(JI)V,unknown,"[""fd-fluffychat""]",0,No class-attributed compiled registration proof; absence of Java_ export alone does not prove a missing dynamically registered method.,jni-results.json#/6cb40cd6/methods (id=android/media/MediaExtractor.seekTo(JI)V)
6cb40cd6,android/media/MediaExtractor.selectTrack(I)V,unknown,"[""fd-fluffychat""]",0,No class-attributed compiled registration proof; absence of Java_ export alone does not prove a missing dynamically registered method.,jni-results.json#/6cb40cd6/methods (id=android/media/MediaExtractor.selectTrack(I)V)
6cb40cd6,android/media/MediaExtractor.setDataSource(Landroid/media/MediaDataSource;)V,unknown,"[""burgerking"",""fd-android"",""fd-fluffychat"",""fd-immich"",""fd-k9"",""fd-kitchenowl"",""fd-libre"",""fd-saber"",""localsend""]",0,No class-attributed compiled registration proof; absence of Java_ export alone does not prove a missing dynamically registered method.,jni-results.json#/6cb40cd6/methods (id=android/media/MediaExtractor.setDataSource(Landroid/media/MediaDataSource;)V)
6cb40cd6,android/media/MediaExtractor.setDataSource(Ljava/io/FileDescriptor;JJ)V,unknown,"[""burgerking"",""fd-android"",""fd-immich"",""fd-k9"",""fd-libre"",""localsend""]",0,No class-attributed compiled registration proof; absence of Java_ export alone does not prove a missing dynamically registered method.,jni-results.json#/6cb40cd6/methods (id=android/media/MediaExtractor.setDataSource(Ljava/io/FileDescriptor;JJ)V)
6cb40cd6,android/media/MediaExtractor.unselectTrack(I)V,unknown,"[""fd-fluffychat""]",0,No class-attributed compiled registration proof; absence of Java_ export alone does not prove a missing dynamically registered method.,jni-results.json#/6cb40cd6/methods (id=android/media/MediaExtractor.unselectTrack(I)V)
6cb40cd6,android/media/MediaMetadataRetriever.release()V,unknown,"[""burgerking"",""fd-android"",""fd-binaryeye"",""fd-catima"",""fd-etar"",""fd-fennec_fdroid"",""fd-fluffychat"",""fd-immich"",""fd-k9"",""fd-kitchenowl"",""fd-libre"",""fd-minetest"",""fd-mobile"",""fd-saber"",""localsend"",""ooniprobe"",""opencamera""]",0,No class-attributed compiled registration proof; absence of Java_ export alone does not prove a missing dynamically registered method.,jni-results.json#/6cb40cd6/methods (id=android/media/MediaMetadataRetriever.release()V)
6cb40cd6,android/media/MediaRecorder.getMaxAmplitude()I,unknown,"[""burgerking"",""fd-fluffychat"",""opencamera""]",0,No class-attributed compiled registration proof; absence of Java_ export alone does not prove a missing dynamically registered method.,jni-results.json#/6cb40cd6/methods (id=android/media/MediaRecorder.getMaxAmplitude()I)
6cb40cd6,android/media/MediaRecorder.getSurface()Landroid/view/Surface;,unknown,"[""opencamera""]",0,No class-attributed compiled registration proof; absence of Java_ export alone does not prove a missing dynamically registered method.,jni-results.json#/6cb40cd6/methods (id=android/media/MediaRecorder.getSurface()Landroid/view/Surface;)
6cb40cd6,android/media/MediaRecorder.pause()V,unknown,"[""burgerking"",""fd-fluffychat"",""opencamera""]",0,No class-attributed compiled registration proof; absence of Java_ export alone does not prove a missing dynamically registered method.,jni-results.json#/6cb40cd6/methods (id=android/media/MediaRecorder.pause()V)
6cb40cd6,android/media/MediaRecorder.release()V,unknown,"[""burgerking"",""fd-fluffychat"",""opencamera""]",0,No class-attributed compiled registration proof; absence of Java_ export alone does not prove a missing dynamically registered method.,jni-results.json#/6cb40cd6/methods (id=android/media/MediaRecorder.release()V)
6cb40cd6,android/media/MediaRecorder.resume()V,unknown,"[""burgerking"",""fd-fluffychat"",""opencamera""]",0,No class-attributed compiled registration proof; absence of Java_ export alone does not prove a missing dynamically registered method.,jni-results.json#/6cb40cd6/methods (id=android/media/MediaRecorder.resume()V)
6cb40cd6,android/media/MediaRecorder.setAudioEncoder(I)V,unknown,"[""burgerking"",""fd-fluffychat"",""opencamera""]",0,No class-attributed compiled registration proof; absence of Java_ export alone does not prove a missing dynamically registered method.,jni-results.json#/6cb40cd6/methods (id=android/media/MediaRecorder.setAudioEncoder(I)V)
6cb40cd6,android/media/MediaRecorder.setAudioSource(I)V,unknown,"[""burgerking"",""fd-fluffychat"",""opencamera""]",0,No class-attributed compiled registration proof; absence of Java_ export alone does not prove a missing dynamically registered method.,jni-results.json#/6cb40cd6/methods (id=android/media/MediaRecorder.setAudioSource(I)V)
6cb40cd6,android/media/MediaRecorder.setCamera(Landroid/hardware/Camera;)V,unknown,"[""opencamera""]",0,No class-attributed compiled registration proof; absence of Java_ export alone does not prove a missing dynamically registered method.,jni-results.json#/6cb40cd6/methods (id=android/media/MediaRecorder.setCamera(Landroid/hardware/Camera;)V)
6cb40cd6,android/media/MediaRecorder.setMaxDuration(I)V,unknown,"[""opencamera""]",0,No class-attributed compiled registration proof; absence of Java_ export alone does not prove a missing dynamically registered method.,jni-results.json#/6cb40cd6/methods (id=android/media/MediaRecorder.setMaxDuration(I)V)
6cb40cd6,android/media/MediaRecorder.setMaxFileSize(J)V,unknown,"[""burgerking"",""opencamera""]",0,No class-attributed compiled registration proof; absence of Java_ export alone does not prove a missing dynamically registered method.,jni-results.json#/6cb40cd6/methods (id=android/media/MediaRecorder.setMaxFileSize(J)V)
6cb40cd6,android/media/MediaRecorder.setOutputFormat(I)V,unknown,"[""burgerking"",""fd-fluffychat"",""opencamera""]",0,No class-attributed compiled registration proof; absence of Java_ export alone does not prove a missing dynamically registered method.,jni-results.json#/6cb40cd6/methods (id=android/media/MediaRecorder.setOutputFormat(I)V)
6cb40cd6,android/media/MediaRecorder.setVideoEncoder(I)V,unknown,"[""opencamera""]",0,No class-attributed compiled registration proof; absence of Java_ export alone does not prove a missing dynamically registered method.,jni-results.json#/6cb40cd6/methods (id=android/media/MediaRecorder.setVideoEncoder(I)V)
6cb40cd6,android/media/MediaRecorder.setVideoFrameRate(I)V,unknown,"[""opencamera""]",0,No class-attributed compiled registration proof; absence of Java_ export alone does not prove a missing dynamically registered method.,jni-results.json#/6cb40cd6/methods (id=android/media/MediaRecorder.setVideoFrameRate(I)V)
6cb40cd6,android/media/MediaRecorder.setVideoSize(II)V,unknown,"[""opencamera""]",0,No class-attributed compiled registration proof; absence of Java_ export alone does not prove a missing dynamically registered method.,jni-results.json#/6cb40cd6/methods (id=android/media/MediaRecorder.setVideoSize(II)V)
6cb40cd6,android/media/MediaRecorder.setVideoSource(I)V,unknown,"[""opencamera""]",0,No class-attributed compiled registration proof; absence of Java_ export alone does not prove a missing dynamically registered method.,jni-results.json#/6cb40cd6/methods (id=android/media/MediaRecorder.setVideoSource(I)V)
6cb40cd6,android/media/MediaRecorder.start()V,unknown,"[""burgerking"",""fd-fluffychat"",""opencamera""]",0,No class-attributed compiled registration proof; absence of Java_ export alone does not prove a missing dynamically registered method.,jni-results.json#/6cb40cd6/methods (id=android/media/MediaRecorder.start()V)
6cb40cd6,android/media/MediaRecorder.stop()V,unknown,"[""burgerking"",""fd-fluffychat"",""opencamera""]",0,No class-attributed compiled registration proof; absence of Java_ export alone does not prove a missing dynamically registered method.,jni-results.json#/6cb40cd6/methods (id=android/media/MediaRecorder.stop()V)
6cb40cd6,android/media/ToneGenerator.release()V,unknown,"[""fd-binaryeye""]",0,No class-attributed compiled registration proof; absence of Java_ export alone does not prove a missing dynamically registered method.,jni-results.json#/6cb40cd6/methods (id=android/media/ToneGenerator.release()V)
6cb40cd6,android/media/ToneGenerator.startTone(II)Z,unknown,"[""fd-binaryeye""]",0,No class-attributed compiled registration proof; absence of Java_ export alone does not prove a missing dynamically registered method.,jni-results.json#/6cb40cd6/methods (id=android/media/ToneGenerator.startTone(II)Z)
6cb40cd6,android/opengl/EGLExt.eglPresentationTimeANDROID(Landroid/opengl/EGLDisplay;Landroid/opengl/EGLSurface;J)Z,unknown,"[""burgerking"",""fd-android"",""fd-binaryeye"",""fd-fluffychat"",""fd-k9""]",0,No class-attributed compiled registration proof; absence of Java_ export alone does not prove a missing dynamically registered method.,jni-results.json#/6cb40cd6/methods (id=android/opengl/EGLExt.eglPresentationTimeANDROID(Landroid/opengl/EGLDisplay;Landroid/opengl/EGLSurface;J)Z)
6cb40cd6,android/os/Debug.getMemoryInfo(Landroid/os/Debug$MemoryInfo;)V,unknown,"[""burgerking"",""fd-fennec_fdroid""]",0,No class-attributed compiled registration proof; absence of Java_ export alone does not prove a missing dynamically registered method.,jni-results.json#/6cb40cd6/methods (id=android/os/Debug.getMemoryInfo(Landroid/os/Debug$MemoryInfo;)V)
6cb40cd6,android/os/Process.getThreadPriority(I)I,unknown,"[""burgerking"",""fd-immich""]",0,No class-attributed compiled registration proof; absence of Java_ export alone does not prove a missing dynamically registered method.,jni-results.json#/6cb40cd6/methods (id=android/os/Process.getThreadPriority(I)I)
6cb40cd6,android/view/CompositionSamplingListener.nativeCreate(Landroid/view/CompositionSamplingListener;)J,unknown,[],0,No class-attributed compiled registration proof; absence of Java_ export alone does not prove a missing dynamically registered method.,jni-results.json#/6cb40cd6/methods (id=android/view/CompositionSamplingListener.nativeCreate(Landroid/view/CompositionSamplingListener;)J)
6cb40cd6,android/view/CompositionSamplingListener.nativeDestroy(J)V,unknown,[],9,No class-attributed compiled registration proof; absence of Java_ export alone does not prove a missing dynamically registered method.,jni-results.json#/6cb40cd6/methods (id=android/view/CompositionSamplingListener.nativeDestroy(J)V)
6cb40cd6,android/view/CompositionSamplingListener.nativeRegister(JJIIII)V,unknown,[],0,No class-attributed compiled registration proof; absence of Java_ export alone does not prove a missing dynamically registered method.,jni-results.json#/6cb40cd6/methods (id=android/view/CompositionSamplingListener.nativeRegister(JJIIII)V)
6cb40cd6,android/view/CompositionSamplingListener.nativeUnregister(J)V,unknown,[],0,No class-attributed compiled registration proof; absence of Java_ export alone does not prove a missing dynamically registered method.,jni-results.json#/6cb40cd6/methods (id=android/view/CompositionSamplingListener.nativeUnregister(J)V)
6cb40cd6,android/view/DisplayEventReceiver.nativeInit(Ljava/lang/ref/WeakReference;Ljava/lang/ref/WeakReference;Landroid/os/MessageQueue;IIJ)J,unknown,[],1,No class-attributed compiled registration proof; absence of Java_ export alone does not prove a missing dynamically registered method.,jni-results.json#/6cb40cd6/methods (id=android/view/DisplayEventReceiver.nativeInit(Ljava/lang/ref/WeakReference;Ljava/lang/ref/WeakReference;Landroid/os/MessageQueue;IIJ)J)
6cb40cd6,android/view/InputApplicationHandle.nativeDispose()V,unknown,[],0,No class-attributed compiled registration proof; absence of Java_ export alone does not prove a missing dynamically registered method.,jni-results.json#/6cb40cd6/methods (id=android/view/InputApplicationHandle.nativeDispose()V)
6cb40cd6,android/view/InputEventSender.nativeDispose(J)V,unknown,[],4,No class-attributed compiled registration proof; absence of Java_ export alone does not prove a missing dynamically registered method.,jni-results.json#/6cb40cd6/methods (id=android/view/InputEventSender.nativeDispose(J)V)
6cb40cd6,android/view/InputEventSender.nativeInit(Ljava/lang/ref/WeakReference;Landroid/view/InputChannel;Landroid/os/MessageQueue;)J,unknown,[],1,No class-attributed compiled registration proof; absence of Java_ export alone does not prove a missing dynamically registered method.,jni-results.json#/6cb40cd6/methods (id=android/view/InputEventSender.nativeInit(Ljava/lang/ref/WeakReference;Landroid/view/InputChannel;Landroid/os/MessageQueue;)J)
6cb40cd6,android/view/InputEventSender.nativeSendKeyEvent(JILandroid/view/KeyEvent;)Z,unknown,[],0,No class-attributed compiled registration proof; absence of Java_ export alone does not prove a missing dynamically registered method.,jni-results.json#/6cb40cd6/methods (id=android/view/InputEventSender.nativeSendKeyEvent(JILandroid/view/KeyEvent;)Z)
6cb40cd6,android/view/InputEventSender.nativeSendMotionEvent(JILandroid/view/MotionEvent;)Z,unknown,[],0,No class-attributed compiled registration proof; absence of Java_ export alone does not prove a missing dynamically registered method.,jni-results.json#/6cb40cd6/methods (id=android/view/InputEventSender.nativeSendMotionEvent(JILandroid/view/MotionEvent;)Z)
6cb40cd6,android/view/InputQueue.nativeDispose(J)V,unknown,[],4,No class-attributed compiled registration proof; absence of Java_ export alone does not prove a missing dynamically registered method.,jni-results.json#/6cb40cd6/methods (id=android/view/InputQueue.nativeDispose(J)V)
6cb40cd6,android/view/InputQueue.nativeInit(Ljava/lang/ref/WeakReference;Landroid/os/MessageQueue;)J,unknown,[],0,No class-attributed compiled registration proof; absence of Java_ export alone does not prove a missing dynamically registered method.,jni-results.json#/6cb40cd6/methods (id=android/view/InputQueue.nativeInit(Ljava/lang/ref/WeakReference;Landroid/os/MessageQueue;)J)
6cb40cd6,android/view/InputQueue.nativeSendKeyEvent(JLandroid/view/KeyEvent;Z)J,unknown,[],0,No class-attributed compiled registration proof; absence of Java_ export alone does not prove a missing dynamically registered method.,jni-results.json#/6cb40cd6/methods (id=android/view/InputQueue.nativeSendKeyEvent(JLandroid/view/KeyEvent;Z)J)
6cb40cd6,android/view/InputQueue.nativeSendMotionEvent(JLandroid/view/MotionEvent;)J,unknown,[],0,No class-attributed compiled registration proof; absence of Java_ export alone does not prove a missing dynamically registered method.,jni-results.json#/6cb40cd6/methods (id=android/view/InputQueue.nativeSendMotionEvent(JLandroid/view/MotionEvent;)J)
6cb40cd6,android/view/InputWindowHandle.nativeDispose()V,unknown,[],0,No class-attributed compiled registration proof; absence of Java_ export alone does not prove a missing dynamically registered method.,jni-results.json#/6cb40cd6/methods (id=android/view/InputWindowHandle.nativeDispose()V)
6cb40cd6,android/view/MotionPredictor.nativeGetNativeMotionPredictorFinalizer()J,unknown,[],0,No class-attributed compiled registration proof; absence of Java_ export alone does not prove a missing dynamically registered method.,jni-results.json#/6cb40cd6/methods (id=android/view/MotionPredictor.nativeGetNativeMotionPredictorFinalizer()J)
6cb40cd6,android/view/MotionPredictor.nativeInitialize(I)J,unknown,[],0,No class-attributed compiled registration proof; absence of Java_ export alone does not prove a missing dynamically registered method.,jni-results.json#/6cb40cd6/methods (id=android/view/MotionPredictor.nativeInitialize(I)J)
6cb40cd6,android/view/MotionPredictor.nativeIsPredictionAvailable(JII)Z,unknown,[],0,No class-attributed compiled registration proof; absence of Java_ export alone does not prove a missing dynamically registered method.,jni-results.json#/6cb40cd6/methods (id=android/view/MotionPredictor.nativeIsPredictionAvailable(JII)Z)
6cb40cd6,android/view/MotionPredictor.nativePredict(JJ)Landroid/view/MotionEvent;,unknown,[],0,No class-attributed compiled registration proof; absence of Java_ export alone does not prove a missing dynamically registered method.,jni-results.json#/6cb40cd6/methods (id=android/view/MotionPredictor.nativePredict(JJ)Landroid/view/MotionEvent;)
6cb40cd6,android/view/MotionPredictor.nativeRecord(JLandroid/view/MotionEvent;)V,unknown,[],0,No class-attributed compiled registration proof; absence of Java_ export alone does not prove a missing dynamically registered method.,jni-results.json#/6cb40cd6/methods (id=android/view/MotionPredictor.nativeRecord(JLandroid/view/MotionEvent;)V)
6cb40cd6,android/view/Surface.nativeAllocateBuffers(J)V,unknown,[],1,No class-attributed compiled registration proof; absence of Java_ export alone does not prove a missing dynamically registered method.,jni-results.json#/6cb40cd6/methods (id=android/view/Surface.nativeAllocateBuffers(J)V)
6cb40cd6,android/view/Surface.nativeAttachAndQueueBufferWithColorSpace(JLandroid/hardware/HardwareBuffer;I)I,unknown,[],1,No class-attributed compiled registration proof; absence of Java_ export alone does not prove a missing dynamically registered method.,jni-results.json#/6cb40cd6/methods (id=android/view/Surface.nativeAttachAndQueueBufferWithColorSpace(JLandroid/hardware/HardwareBuffer;I)I)
6cb40cd6,android/view/Surface.nativeCreateFromSurfaceControl(J)J,unknown,[],1,No class-attributed compiled registration proof; absence of Java_ export alone does not prove a missing dynamically registered method.,jni-results.json#/6cb40cd6/methods (id=android/view/Surface.nativeCreateFromSurfaceControl(J)J)
6cb40cd6,android/view/Surface.nativeCreateFromSurfaceTexture(Landroid/graphics/SurfaceTexture;)J,unknown,[],1,No class-attributed compiled registration proof; absence of Java_ export alone does not prove a missing dynamically registered method.,jni-results.json#/6cb40cd6/methods (id=android/view/Surface.nativeCreateFromSurfaceTexture(Landroid/graphics/SurfaceTexture;)J)
6cb40cd6,android/view/Surface.nativeDestroy(J)V,unknown,[],9,No class-attributed compiled registration proof; absence of Java_ export alone does not prove a missing dynamically registered method.,jni-results.json#/6cb40cd6/methods (id=android/view/Surface.nativeDestroy(J)V)
6cb40cd6,android/view/Surface.nativeForceScopedDisconnect(J)I,unknown,[],1,No class-attributed compiled registration proof; absence of Java_ export alone does not prove a missing dynamically registered method.,jni-results.json#/6cb40cd6/methods (id=android/view/Surface.nativeForceScopedDisconnect(J)I)
6cb40cd6,android/view/Surface.nativeGetFromBlastBufferQueue(JJ)J,unknown,[],1,No class-attributed compiled registration proof; absence of Java_ export alone does not prove a missing dynamically registered method.,jni-results.json#/6cb40cd6/methods (id=android/view/Surface.nativeGetFromBlastBufferQueue(JJ)J)
6cb40cd6,android/view/Surface.nativeGetFromSurfaceControl(JJ)J,unknown,[],1,No class-attributed compiled registration proof; absence of Java_ export alone does not prove a missing dynamically registered method.,jni-results.json#/6cb40cd6/methods (id=android/view/Surface.nativeGetFromSurfaceControl(JJ)J)
6cb40cd6,android/view/Surface.nativeGetHeight(J)I,unknown,[],2,No class-attributed compiled registration proof; absence of Java_ export alone does not prove a missing dynamically registered method.,jni-results.json#/6cb40cd6/methods (id=android/view/Surface.nativeGetHeight(J)I)
6cb40cd6,android/view/Surface.nativeGetNextFrameNumber(J)J,unknown,[],1,No class-attributed compiled registration proof; absence of Java_ export alone does not prove a missing dynamically registered method.,jni-results.json#/6cb40cd6/methods (id=android/view/Surface.nativeGetNextFrameNumber(J)J)
6cb40cd6,android/view/Surface.nativeGetWidth(J)I,unknown,[],2,No class-attributed compiled registration proof; absence of Java_ export alone does not prove a missing dynamically registered method.,jni-results.json#/6cb40cd6/methods (id=android/view/Surface.nativeGetWidth(J)I)
6cb40cd6,android/view/Surface.nativeIsConsumerRunningBehind(J)Z,unknown,[],1,No class-attributed compiled registration proof; absence of Java_ export alone does not prove a missing dynamically registered method.,jni-results.json#/6cb40cd6/methods (id=android/view/Surface.nativeIsConsumerRunningBehind(J)Z)
6cb40cd6,android/view/Surface.nativeIsValid(J)Z,unknown,[],1,No class-attributed compiled registration proof; absence of Java_ export alone does not prove a missing dynamically registered method.,jni-results.json#/6cb40cd6/methods (id=android/view/Surface.nativeIsValid(J)Z)
6cb40cd6,android/view/Surface.nativeLockCanvas(JLandroid/graphics/Canvas;Landroid/graphics/Rect;)J,unknown,[],1,No class-attributed compiled registration proof; absence of Java_ export alone does not prove a missing dynamically registered method.,jni-results.json#/6cb40cd6/methods (id=android/view/Surface.nativeLockCanvas(JLandroid/graphics/Canvas;Landroid/graphics/Rect;)J)
6cb40cd6,android/view/Surface.nativeReadFromParcel(JLandroid/os/Parcel;)J,unknown,[],2,No class-attributed compiled registration proof; absence of Java_ export alone does not prove a missing dynamically registered method.,jni-results.json#/6cb40cd6/methods (id=android/view/Surface.nativeReadFromParcel(JLandroid/os/Parcel;)J)
6cb40cd6,android/view/Surface.nativeRelease(J)V,unknown,[],1,No class-attributed compiled registration proof; absence of Java_ export alone does not prove a missing dynamically registered method.,jni-results.json#/6cb40cd6/methods (id=android/view/Surface.nativeRelease(J)V)
6cb40cd6,android/view/Surface.nativeSetAutoRefreshEnabled(JZ)I,unknown,[],1,No class-attributed compiled registration proof; absence of Java_ export alone does not prove a missing dynamically registered method.,jni-results.json#/6cb40cd6/methods (id=android/view/Surface.nativeSetAutoRefreshEnabled(JZ)I)
6cb40cd6,android/view/Surface.nativeSetFrameRate(JFII)I,unknown,[],1,No class-attributed compiled registration proof; absence of Java_ export alone does not prove a missing dynamically registered method.,jni-results.json#/6cb40cd6/methods (id=android/view/Surface.nativeSetFrameRate(JFII)I)
6cb40cd6,android/view/Surface.nativeSetScalingMode(JI)I,unknown,[],1,No class-attributed compiled registration proof; absence of Java_ export alone does not prove a missing dynamically registered method.,jni-results.json#/6cb40cd6/methods (id=android/view/Surface.nativeSetScalingMode(JI)I)
6cb40cd6,android/view/Surface.nativeSetSharedBufferModeEnabled(JZ)I,unknown,[],1,No class-attributed compiled registration proof; absence of Java_ export alone does not prove a missing dynamically registered method.,jni-results.json#/6cb40cd6/methods (id=android/view/Surface.nativeSetSharedBufferModeEnabled(JZ)I)
6cb40cd6,android/view/Surface.nativeUnlockCanvasAndPost(JLandroid/graphics/Canvas;)V,unknown,[],1,No class-attributed compiled registration proof; absence of Java_ export alone does not prove a missing dynamically registered method.,jni-results.json#/6cb40cd6/methods (id=android/view/Surface.nativeUnlockCanvasAndPost(JLandroid/graphics/Canvas;)V)
6cb40cd6,android/view/Surface.nativeWriteToParcel(JLandroid/os/Parcel;)V,unknown,[],4,No class-attributed compiled registration proof; absence of Java_ export alone does not prove a missing dynamically registered method.,jni-results.json#/6cb40cd6/methods (id=android/view/Surface.nativeWriteToParcel(JLandroid/os/Parcel;)V)
6cb40cd6,android/view/SurfaceControl.nativeGetDesiredDisplayModeSpecs(Landroid/os/IBinder;)Landroid/view/SurfaceControl$DesiredDisplayModeSpecs;,unknown,[],0,No class-attributed compiled registration proof; absence of Java_ export alone does not prove a missing dynamically registered method.,jni-results.json#/6cb40cd6/methods (id=android/view/SurfaceControl.nativeGetDesiredDisplayModeSpecs(Landroid/os/IBinder;)Landroid/view/SurfaceControl$DesiredDisplayModeSpecs;)
6cb40cd6,android/view/SurfaceControl.nativeGetDisplayedContentSamplingAttributes(Landroid/os/IBinder;)Landroid/hardware/display/DisplayedContentSamplingAttributes;,unknown,[],0,No class-attributed compiled registration proof; absence of Java_ export alone does not prove a missing dynamically registered method.,jni-results.json#/6cb40cd6/methods (id=android/view/SurfaceControl.nativeGetDisplayedContentSamplingAttributes(Landroid/os/IBinder;)Landroid/hardware/display/DisplayedContentSamplingAttributes;)
6cb40cd6,android/view/SurfaceControlHdrLayerInfoListener.nGetDestructor()J,unknown,[],0,No class-attributed compiled registration proof; absence of Java_ export alone does not prove a missing dynamically registered method.,jni-results.json#/6cb40cd6/methods (id=android/view/SurfaceControlHdrLayerInfoListener.nGetDestructor()J)
6cb40cd6,android/view/SurfaceControlHdrLayerInfoListener.nRegister(Landroid/os/IBinder;)J,unknown,[],0,No class-attributed compiled registration proof; absence of Java_ export alone does not prove a missing dynamically registered method.,jni-results.json#/6cb40cd6/methods (id=android/view/SurfaceControlHdrLayerInfoListener.nRegister(Landroid/os/IBinder;)J)
6cb40cd6,android/view/TextureView.nCreateNativeWindow(Landroid/graphics/SurfaceTexture;)V,unknown,[],0,No class-attributed compiled registration proof; absence of Java_ export alone does not prove a missing dynamically registered method.,jni-results.json#/6cb40cd6/methods (id=android/view/TextureView.nCreateNativeWindow(Landroid/graphics/SurfaceTexture;)V)
6cb40cd6,android/view/TextureView.nDestroyNativeWindow()V,unknown,[],0,No class-attributed compiled registration proof; absence of Java_ export alone does not prove a missing dynamically registered method.,jni-results.json#/6cb40cd6/methods (id=android/view/TextureView.nDestroyNativeWindow()V)
6cb40cd6,android/view/TextureView.nLockCanvas(JLandroid/graphics/Canvas;Landroid/graphics/Rect;)Z,unknown,[],0,No class-attributed compiled registration proof; absence of Java_ export alone does not prove a missing dynamically registered method.,jni-results.json#/6cb40cd6/methods (id=android/view/TextureView.nLockCanvas(JLandroid/graphics/Canvas;Landroid/graphics/Rect;)Z)
6cb40cd6,android/view/TextureView.nUnlockCanvasAndPost(JLandroid/graphics/Canvas;)V,unknown,[],0,No class-attributed compiled registration proof; absence of Java_ export alone does not prove a missing dynamically registered method.,jni-results.json#/6cb40cd6/methods (id=android/view/TextureView.nUnlockCanvasAndPost(JLandroid/graphics/Canvas;)V)
6cb40cd6,android/view/TunnelModeEnabledListener.nativeCreate(Landroid/view/TunnelModeEnabledListener;)J,unknown,[],0,No class-attributed compiled registration proof; absence of Java_ export alone does not prove a missing dynamically registered method.,jni-results.json#/6cb40cd6/methods (id=android/view/TunnelModeEnabledListener.nativeCreate(Landroid/view/TunnelModeEnabledListener;)J)
6cb40cd6,android/view/TunnelModeEnabledListener.nativeDestroy(J)V,unknown,[],9,No class-attributed compiled registration proof; absence of Java_ export alone does not prove a missing dynamically registered method.,jni-results.json#/6cb40cd6/methods (id=android/view/TunnelModeEnabledListener.nativeDestroy(J)V)
6cb40cd6,android/view/TunnelModeEnabledListener.nativeRegister(J)V,unknown,[],0,No class-attributed compiled registration proof; absence of Java_ export alone does not prove a missing dynamically registered method.,jni-results.json#/6cb40cd6/methods (id=android/view/TunnelModeEnabledListener.nativeRegister(J)V)
6cb40cd6,android/view/TunnelModeEnabledListener.nativeUnregister(J)V,unknown,[],0,No class-attributed compiled registration proof; absence of Java_ export alone does not prove a missing dynamically registered method.,jni-results.json#/6cb40cd6/methods (id=android/view/TunnelModeEnabledListener.nativeUnregister(J)V)
6cb40cd6,android/view/VelocityTracker.nativeAddMovement(JLandroid/view/MotionEvent;)V,unknown,[],0,No class-attributed compiled registration proof; absence of Java_ export alone does not prove a missing dynamically registered method.,jni-results.json#/6cb40cd6/methods (id=android/view/VelocityTracker.nativeAddMovement(JLandroid/view/MotionEvent;)V)
6cb40cd6,android/view/VelocityTracker.nativeClear(J)V,unknown,[],0,No class-attributed compiled registration proof; absence of Java_ export alone does not prove a missing dynamically registered method.,jni-results.json#/6cb40cd6/methods (id=android/view/VelocityTracker.nativeClear(J)V)
6cb40cd6,android/view/VelocityTracker.nativeComputeCurrentVelocity(JIF)V,unknown,[],0,No class-attributed compiled registration proof; absence of Java_ export alone does not prove a missing dynamically registered method.,jni-results.json#/6cb40cd6/methods (id=android/view/VelocityTracker.nativeComputeCurrentVelocity(JIF)V)
6cb40cd6,android/view/VelocityTracker.nativeDispose(J)V,unknown,[],4,No class-attributed compiled registration proof; absence of Java_ export alone does not prove a missing dynamically registered method.,jni-results.json#/6cb40cd6/methods (id=android/view/VelocityTracker.nativeDispose(J)V)
6cb40cd6,android/view/VelocityTracker.nativeGetVelocity(JII)F,unknown,[],0,No class-attributed compiled registration proof; absence of Java_ export alone does not prove a missing dynamically registered method.,jni-results.json#/6cb40cd6/methods (id=android/view/VelocityTracker.nativeGetVelocity(JII)F)
6cb40cd6,android/view/VelocityTracker.nativeInitialize(I)J,unknown,[],0,No class-attributed compiled registration proof; absence of Java_ export alone does not prove a missing dynamically registered method.,jni-results.json#/6cb40cd6/methods (id=android/view/VelocityTracker.nativeInitialize(I)J)
6cb40cd6,android/view/VelocityTracker.nativeIsAxisSupported(I)Z,unknown,[],0,No class-attributed compiled registration proof; absence of Java_ export alone does not prove a missing dynamically registered method.,jni-results.json#/6cb40cd6/methods (id=android/view/VelocityTracker.nativeIsAxisSupported(I)Z)
6cb40cd6,java/io/FileDescriptor.sync()V,unknown,"[""burgerking"",""fd-android"",""fd-etar"",""fd-fennec_fdroid"",""fd-fluffychat"",""fd-immich"",""fd-k9"",""fd-kitchenowl"",""fd-libre"",""fd-minetest"",""fd-mobile"",""fd-saber"",""localsend"",""noice"",""ooniprobe"",""opencamera""]",1,No class-attributed compiled registration proof; absence of Java_ export alone does not prove a missing dynamically registered method.,jni-results.json#/6cb40cd6/methods (id=java/io/FileDescriptor.sync()V)
6cb40cd6,java/lang/Class.getDeclaredAnnotations()[Ljava/lang/annotation/Annotation;,unknown,"[""burgerking""]",2,No class-attributed compiled registration proof; absence of Java_ export alone does not prove a missing dynamically registered method.,jni-results.json#/6cb40cd6/methods (id=java/lang/Class.getDeclaredAnnotations()[Ljava/lang/annotation/Annotation;)
6cb40cd6,java/lang/Class.getDeclaredClasses()[Ljava/lang/Class;,unknown,"[""burgerking"",""fd-android"",""fd-etar"",""fd-fennec_fdroid"",""fd-k9"",""fd-mobile"",""mindustry"",""ooniprobe""]",1,No class-attributed compiled registration proof; absence of Java_ export alone does not prove a missing dynamically registered method.,jni-results.json#/6cb40cd6/methods (id=java/lang/Class.getDeclaredClasses()[Ljava/lang/Class;)
6cb40cd6,java/lang/Class.getDeclaredField(Ljava/lang/String;)Ljava/lang/reflect/Field;,unknown,"[""burgerking"",""fd-android"",""fd-binaryeye"",""fd-catima"",""fd-etar"",""fd-fennec_fdroid"",""fd-fluffychat"",""fd-immich"",""fd-k9"",""fd-kitchenowl"",""fd-libre"",""fd-minetest"",""fd-mobile"",""fd-saber"",""localsend"",""mindustry"",""noice"",""ooniprobe"",""opencamera""]",1,No class-attributed compiled registration proof; absence of Java_ export alone does not prove a missing dynamically registered method.,jni-results.json#/6cb40cd6/methods (id=java/lang/Class.getDeclaredField(Ljava/lang/String;)Ljava/lang/reflect/Field;)
6cb40cd6,java/lang/Class.getDeclaredFields()[Ljava/lang/reflect/Field;,unknown,"[""burgerking"",""fd-android"",""fd-binaryeye"",""fd-catima"",""fd-etar"",""fd-fennec_fdroid"",""fd-fluffychat"",""fd-immich"",""fd-k9"",""fd-kitchenowl"",""fd-libre"",""fd-minetest"",""fd-mobile"",""fd-saber"",""localsend"",""mindustry"",""noice"",""ooniprobe"",""opencamera""]",1,No class-attributed compiled registration proof; absence of Java_ export alone does not prove a missing dynamically registered method.,jni-results.json#/6cb40cd6/methods (id=java/lang/Class.getDeclaredFields()[Ljava/lang/reflect/Field;)
6cb40cd6,java/lang/Class.getDeclaringClass()Ljava/lang/Class;,unknown,"[""burgerking"",""fd-etar"",""fd-fennec_fdroid"",""fd-fluffychat"",""fd-minetest"",""mindustry"",""ooniprobe"",""opencamera""]",1,No class-attributed compiled registration proof; absence of Java_ export alone does not prove a missing dynamically registered method.,jni-results.json#/6cb40cd6/methods (id=java/lang/Class.getDeclaringClass()Ljava/lang/Class;)
6cb40cd6,java/lang/Class.getEnclosingClass()Ljava/lang/Class;,unknown,"[""burgerking"",""fd-android"",""fd-fennec_fdroid"",""fd-immich"",""fd-k9"",""noice""]",1,No class-attributed compiled registration proof; absence of Java_ export alone does not prove a missing dynamically registered method.,jni-results.json#/6cb40cd6/methods (id=java/lang/Class.getEnclosingClass()Ljava/lang/Class;)
6cb40cd6,java/lang/Class.isAnonymousClass()Z,unknown,"[""burgerking"",""fd-android"",""fd-binaryeye"",""fd-catima"",""fd-etar"",""fd-fennec_fdroid"",""fd-fluffychat"",""fd-immich"",""fd-k9"",""fd-kitchenowl"",""fd-libre"",""fd-minetest"",""fd-mobile"",""fd-saber"",""localsend"",""mindustry"",""noice"",""ooniprobe"",""opencamera""]",1,No class-attributed compiled registration proof; absence of Java_ export alone does not prove a missing dynamically registered method.,jni-results.json#/6cb40cd6/methods (id=java/lang/Class.isAnonymousClass()Z)
6cb40cd6,java/lang/Class.newInstance()Ljava/lang/Object;,unknown,"[""burgerking"",""fd-android"",""fd-binaryeye"",""fd-catima"",""fd-etar"",""fd-fennec_fdroid"",""fd-fluffychat"",""fd-immich"",""fd-k9"",""fd-kitchenowl"",""fd-libre"",""fd-minetest"",""fd-mobile"",""fd-saber"",""localsend"",""mindustry"",""noice"",""ooniprobe"",""opencamera""]",1,No class-attributed compiled registration proof; absence of Java_ export alone does not prove a missing dynamically registered method.,jni-results.json#/6cb40cd6/methods (id=java/lang/Class.newInstance()Ljava/lang/Object;)
6cb40cd6,java/lang/Double.doubleToRawLongBits(D)J,unknown,"[""burgerking"",""fd-android"",""fd-catima"",""fd-etar"",""fd-fennec_fdroid"",""fd-fluffychat"",""fd-immich"",""fd-k9"",""fd-kitchenowl"",""fd-libre"",""fd-minetest"",""fd-mobile"",""fd-saber"",""localsend"",""mindustry"",""ooniprobe"",""opencamera""]",1,No class-attributed compiled registration proof; absence of Java_ export alone does not prove a missing dynamically registered method.,jni-results.json#/6cb40cd6/methods (id=java/lang/Double.doubleToRawLongBits(D)J)
6cb40cd6,java/lang/Double.longBitsToDouble(J)D,unknown,"[""burgerking"",""fd-android"",""fd-catima"",""fd-etar"",""fd-fennec_fdroid"",""fd-fluffychat"",""fd-immich"",""fd-k9"",""fd-kitchenowl"",""fd-libre"",""fd-minetest"",""fd-mobile"",""fd-saber"",""localsend"",""mindustry"",""ooniprobe"",""opencamera""]",1,No class-attributed compiled registration proof; absence of Java_ export alone does not prove a missing dynamically registered method.,jni-results.json#/6cb40cd6/methods (id=java/lang/Double.longBitsToDouble(J)D)
6cb40cd6,java/lang/Float.floatToRawIntBits(F)I,unknown,"[""burgerking"",""fd-android"",""fd-catima"",""fd-etar"",""fd-fennec_fdroid"",""fd-fluffychat"",""fd-immich"",""fd-k9"",""fd-kitchenowl"",""fd-libre"",""fd-minetest"",""fd-mobile"",""fd-saber"",""localsend"",""mindustry"",""noice"",""ooniprobe"",""opencamera""]",1,No class-attributed compiled registration proof; absence of Java_ export alone does not prove a missing dynamically registered method.,jni-results.json#/6cb40cd6/methods (id=java/lang/Float.floatToRawIntBits(F)I)
6cb40cd6,java/lang/Float.intBitsToFloat(I)F,unknown,"[""burgerking"",""fd-android"",""fd-catima"",""fd-etar"",""fd-fennec_fdroid"",""fd-fluffychat"",""fd-immich"",""fd-k9"",""fd-kitchenowl"",""fd-libre"",""fd-minetest"",""fd-mobile"",""fd-saber"",""localsend"",""mindustry"",""ooniprobe"",""opencamera""]",1,No class-attributed compiled registration proof; absence of Java_ export alone does not prove a missing dynamically registered method.,jni-results.json#/6cb40cd6/methods (id=java/lang/Float.intBitsToFloat(I)F)
6cb40cd6,java/lang/Math.IEEEremainder(DD)D,unknown,"[""fd-etar"",""fd-minetest"",""opencamera""]",2,No class-attributed compiled registration proof; absence of Java_ export alone does not prove a missing dynamically registered method.,jni-results.json#/6cb40cd6/methods (id=java/lang/Math.IEEEremainder(DD)D)
6cb40cd6,java/lang/Math.acos(D)D,unknown,"[""burgerking"",""fd-android"",""fd-binaryeye"",""fd-catima"",""fd-etar"",""fd-fennec_fdroid"",""fd-fluffychat"",""fd-immich"",""fd-k9"",""fd-libre"",""fd-minetest"",""fd-mobile"",""mindustry"",""noice"",""ooniprobe"",""opencamera""]",2,No class-attributed compiled registration proof; absence of Java_ export alone does not prove a missing dynamically registered method.,jni-results.json#/6cb40cd6/methods (id=java/lang/Math.acos(D)D)
6cb40cd6,java/lang/Math.asin(D)D,unknown,"[""burgerking"",""fd-android"",""fd-binaryeye"",""fd-catima"",""fd-etar"",""fd-fennec_fdroid"",""fd-fluffychat"",""fd-immich"",""fd-k9"",""fd-libre"",""fd-minetest"",""fd-mobile"",""mindustry"",""noice"",""ooniprobe"",""opencamera""]",2,No class-attributed compiled registration proof; absence of Java_ export alone does not prove a missing dynamically registered method.,jni-results.json#/6cb40cd6/methods (id=java/lang/Math.asin(D)D)
6cb40cd6,java/lang/Math.atan(D)D,unknown,"[""burgerking"",""fd-android"",""fd-binaryeye"",""fd-catima"",""fd-etar"",""fd-fennec_fdroid"",""fd-fluffychat"",""fd-immich"",""fd-k9"",""fd-kitchenowl"",""fd-libre"",""fd-minetest"",""fd-mobile"",""fd-saber"",""localsend"",""mindustry"",""noice"",""ooniprobe"",""opencamera""]",2,No class-attributed compiled registration proof; absence of Java_ export alone does not prove a missing dynamically registered method.,jni-results.json#/6cb40cd6/methods (id=java/lang/Math.atan(D)D)
6cb40cd6,java/lang/Math.atan2(DD)D,unknown,"[""burgerking"",""fd-android"",""fd-binaryeye"",""fd-catima"",""fd-etar"",""fd-fennec_fdroid"",""fd-fluffychat"",""fd-immich"",""fd-k9"",""fd-kitchenowl"",""fd-libre"",""fd-minetest"",""fd-mobile"",""fd-saber"",""localsend"",""mindustry"",""noice"",""ooniprobe"",""opencamera""]",2,No class-attributed compiled registration proof; absence of Java_ export alone does not prove a missing dynamically registered method.,jni-results.json#/6cb40cd6/methods (id=java/lang/Math.atan2(DD)D)
6cb40cd6,java/lang/Math.cbrt(D)D,unknown,"[""burgerking"",""fd-android"",""fd-binaryeye"",""fd-catima"",""fd-etar"",""fd-fennec_fdroid"",""fd-fluffychat"",""fd-immich"",""fd-k9"",""fd-kitchenowl"",""fd-libre"",""fd-minetest"",""fd-mobile"",""fd-saber"",""localsend"",""mindustry"",""noice"",""ooniprobe"",""opencamera""]",2,No class-attributed compiled registration proof; absence of Java_ export alone does not prove a missing dynamically registered method.,jni-results.json#/6cb40cd6/methods (id=java/lang/Math.cbrt(D)D)
6cb40cd6,java/lang/Math.ceil(D)D,unknown,"[""burgerking"",""fd-android"",""fd-binaryeye"",""fd-catima"",""fd-etar"",""fd-fennec_fdroid"",""fd-fluffychat"",""fd-immich"",""fd-k9"",""fd-kitchenowl"",""fd-libre"",""fd-minetest"",""fd-mobile"",""fd-saber"",""localsend"",""mindustry"",""noice"",""ooniprobe"",""opencamera""]",1,No class-attributed compiled registration proof; absence of Java_ export alone does not prove a missing dynamically registered method.,jni-results.json#/6cb40cd6/methods (id=java/lang/Math.ceil(D)D)
6cb40cd6,java/lang/Math.cos(D)D,unknown,"[""burgerking"",""fd-android"",""fd-binaryeye"",""fd-catima"",""fd-etar"",""fd-fennec_fdroid"",""fd-fluffychat"",""fd-immich"",""fd-k9"",""fd-kitchenowl"",""fd-libre"",""fd-minetest"",""fd-mobile"",""fd-saber"",""localsend"",""mindustry"",""noice"",""ooniprobe"",""opencamera""]",2,No class-attributed compiled registration proof; absence of Java_ export alone does not prove a missing dynamically registered method.,jni-results.json#/6cb40cd6/methods (id=java/lang/Math.cos(D)D)
6cb40cd6,java/lang/Math.cosh(D)D,unknown,"[""fd-etar"",""fd-minetest"",""mindustry"",""ooniprobe"",""opencamera""]",2,No class-attributed compiled registration proof; absence of Java_ export alone does not prove a missing dynamically registered method.,jni-results.json#/6cb40cd6/methods (id=java/lang/Math.cosh(D)D)
6cb40cd6,java/lang/Math.exp(D)D,unknown,"[""burgerking"",""fd-android"",""fd-binaryeye"",""fd-catima"",""fd-etar"",""fd-fennec_fdroid"",""fd-fluffychat"",""fd-immich"",""fd-k9"",""fd-kitchenowl"",""fd-libre"",""fd-minetest"",""fd-mobile"",""fd-saber"",""localsend"",""mindustry"",""noice"",""ooniprobe"",""opencamera""]",2,No class-attributed compiled registration proof; absence of Java_ export alone does not prove a missing dynamically registered method.,jni-results.json#/6cb40cd6/methods (id=java/lang/Math.exp(D)D)
6cb40cd6,java/lang/Math.expm1(D)D,unknown,"[""fd-etar"",""fd-minetest"",""mindustry"",""ooniprobe"",""opencamera""]",2,No class-attributed compiled registration proof; absence of Java_ export alone does not prove a missing dynamically registered method.,jni-results.json#/6cb40cd6/methods (id=java/lang/Math.expm1(D)D)
6cb40cd6,java/lang/Math.floor(D)D,unknown,"[""burgerking"",""fd-android"",""fd-binaryeye"",""fd-catima"",""fd-etar"",""fd-fennec_fdroid"",""fd-fluffychat"",""fd-immich"",""fd-k9"",""fd-kitchenowl"",""fd-libre"",""fd-minetest"",""fd-mobile"",""fd-saber"",""localsend"",""mindustry"",""noice"",""ooniprobe"",""opencamera""]",1,No class-attributed compiled registration proof; absence of Java_ export alone does not prove a missing dynamically registered method.,jni-results.json#/6cb40cd6/methods (id=java/lang/Math.floor(D)D)
6cb40cd6,java/lang/Math.hypot(DD)D,unknown,"[""burgerking"",""fd-android"",""fd-binaryeye"",""fd-catima"",""fd-etar"",""fd-fennec_fdroid"",""fd-fluffychat"",""fd-immich"",""fd-k9"",""fd-kitchenowl"",""fd-libre"",""fd-minetest"",""fd-mobile"",""fd-saber"",""localsend"",""noice"",""ooniprobe"",""opencamera""]",2,No class-attributed compiled registration proof; absence of Java_ export alone does not prove a missing dynamically registered method.,jni-results.json#/6cb40cd6/methods (id=java/lang/Math.hypot(DD)D)
6cb40cd6,java/lang/Math.log(D)D,unknown,"[""burgerking"",""fd-android"",""fd-binaryeye"",""fd-catima"",""fd-etar"",""fd-fennec_fdroid"",""fd-fluffychat"",""fd-immich"",""fd-k9"",""fd-kitchenowl"",""fd-libre"",""fd-minetest"",""fd-mobile"",""fd-saber"",""localsend"",""mindustry"",""noice"",""ooniprobe"",""opencamera""]",2,No class-attributed compiled registration proof; absence of Java_ export alone does not prove a missing dynamically registered method.,jni-results.json#/6cb40cd6/methods (id=java/lang/Math.log(D)D)
6cb40cd6,java/lang/Math.log10(D)D,unknown,"[""burgerking"",""fd-etar"",""fd-fennec_fdroid"",""fd-fluffychat"",""fd-minetest"",""mindustry"",""ooniprobe"",""opencamera""]",2,No class-attributed compiled registration proof; absence of Java_ export alone does not prove a missing dynamically registered method.,jni-results.json#/6cb40cd6/methods (id=java/lang/Math.log10(D)D)
6cb40cd6,java/lang/Math.log1p(D)D,unknown,"[""burgerking"",""fd-android"",""fd-binaryeye"",""fd-catima"",""fd-etar"",""fd-fennec_fdroid"",""fd-fluffychat"",""fd-immich"",""fd-k9"",""fd-kitchenowl"",""fd-libre"",""fd-minetest"",""fd-mobile"",""fd-saber"",""localsend"",""mindustry"",""noice"",""ooniprobe"",""opencamera""]",2,No class-attributed compiled registration proof; absence of Java_ export alone does not prove a missing dynamically registered method.,jni-results.json#/6cb40cd6/methods (id=java/lang/Math.log1p(D)D)
6cb40cd6,java/lang/Math.pow(DD)D,unknown,"[""burgerking"",""fd-android"",""fd-binaryeye"",""fd-catima"",""fd-etar"",""fd-fennec_fdroid"",""fd-fluffychat"",""fd-immich"",""fd-k9"",""fd-kitchenowl"",""fd-libre"",""fd-minetest"",""fd-mobile"",""fd-saber"",""localsend"",""mindustry"",""noice"",""ooniprobe"",""opencamera""]",2,No class-attributed compiled registration proof; absence of Java_ export alone does not prove a missing dynamically registered method.,jni-results.json#/6cb40cd6/methods (id=java/lang/Math.pow(DD)D)
6cb40cd6,java/lang/Math.rint(D)D,unknown,"[""burgerking"",""fd-android"",""fd-catima"",""fd-etar"",""fd-fennec_fdroid"",""fd-fluffychat"",""fd-immich"",""fd-k9"",""fd-libre"",""fd-minetest"",""fd-mobile"",""localsend"",""ooniprobe"",""opencamera""]",1,No class-attributed compiled registration proof; absence of Java_ export alone does not prove a missing dynamically registered method.,jni-results.json#/6cb40cd6/methods (id=java/lang/Math.rint(D)D)
6cb40cd6,java/lang/Math.sin(D)D,unknown,"[""burgerking"",""fd-android"",""fd-binaryeye"",""fd-catima"",""fd-etar"",""fd-fennec_fdroid"",""fd-fluffychat"",""fd-immich"",""fd-k9"",""fd-kitchenowl"",""fd-libre"",""fd-minetest"",""fd-mobile"",""fd-saber"",""localsend"",""mindustry"",""noice"",""ooniprobe"",""opencamera""]",2,No class-attributed compiled registration proof; absence of Java_ export alone does not prove a missing dynamically registered method.,jni-results.json#/6cb40cd6/methods (id=java/lang/Math.sin(D)D)
6cb40cd6,java/lang/Math.sinh(D)D,unknown,"[""fd-etar"",""fd-minetest"",""mindustry"",""ooniprobe"",""opencamera""]",2,No class-attributed compiled registration proof; absence of Java_ export alone does not prove a missing dynamically registered method.,jni-results.json#/6cb40cd6/methods (id=java/lang/Math.sinh(D)D)
6cb40cd6,java/lang/Math.sqrt(D)D,unknown,"[""burgerking"",""fd-android"",""fd-binaryeye"",""fd-catima"",""fd-etar"",""fd-fennec_fdroid"",""fd-fluffychat"",""fd-immich"",""fd-k9"",""fd-kitchenowl"",""fd-libre"",""fd-minetest"",""fd-mobile"",""fd-saber"",""fd-stk"",""localsend"",""mindustry"",""noice"",""ooniprobe"",""opencamera""]",2,No class-attributed compiled registration proof; absence of Java_ export alone does not prove a missing dynamically registered method.,jni-results.json#/6cb40cd6/methods (id=java/lang/Math.sqrt(D)D)
6cb40cd6,java/lang/Math.tan(D)D,unknown,"[""burgerking"",""fd-android"",""fd-binaryeye"",""fd-catima"",""fd-etar"",""fd-fennec_fdroid"",""fd-fluffychat"",""fd-immich"",""fd-k9"",""fd-kitchenowl"",""fd-libre"",""fd-minetest"",""fd-mobile"",""fd-saber"",""mindustry"",""noice"",""ooniprobe"",""opencamera""]",2,No class-attributed compiled registration proof; absence of Java_ export alone does not prove a missing dynamically registered method.,jni-results.json#/6cb40cd6/methods (id=java/lang/Math.tan(D)D)
6cb40cd6,java/lang/Math.tanh(D)D,unknown,"[""fd-etar"",""fd-minetest"",""mindustry"",""ooniprobe"",""opencamera""]",2,No class-attributed compiled registration proof; absence of Java_ export alone does not prove a missing dynamically registered method.,jni-results.json#/6cb40cd6/methods (id=java/lang/Math.tanh(D)D)
6cb40cd6,java/lang/Object.notify()V,unknown,"[""burgerking"",""fd-android"",""fd-etar"",""fd-fennec_fdroid"",""fd-fluffychat"",""fd-immich"",""fd-k9"",""fd-minetest"",""fd-mobile"",""fd-stk"",""localsend"",""mindustry"",""noice""]",1,No class-attributed compiled registration proof; absence of Java_ export alone does not prove a missing dynamically registered method.,jni-results.json#/6cb40cd6/methods (id=java/lang/Object.notify()V)
6cb40cd6,java/lang/Object.notifyAll()V,unknown,"[""burgerking"",""fd-android"",""fd-binaryeye"",""fd-catima"",""fd-etar"",""fd-fennec_fdroid"",""fd-fluffychat"",""fd-immich"",""fd-k9"",""fd-kitchenowl"",""fd-libre"",""fd-minetest"",""fd-mobile"",""fd-saber"",""fd-stk"",""localsend"",""mindustry"",""noice"",""ooniprobe"",""opencamera""]",1,No class-attributed compiled registration proof; absence of Java_ export alone does not prove a missing dynamically registered method.,jni-results.json#/6cb40cd6/methods (id=java/lang/Object.notifyAll()V)
6cb40cd6,java/lang/Object.wait(JI)V,unknown,"[""burgerking"",""fd-android"",""fd-immich"",""fd-k9"",""fd-mobile"",""noice""]",1,No class-attributed compiled registration proof; absence of Java_ export alone does not prove a missing dynamically registered method.,jni-results.json#/6cb40cd6/methods (id=java/lang/Object.wait(JI)V)
6cb40cd6,java/lang/Runtime.freeMemory()J,unknown,"[""burgerking"",""fd-fennec_fdroid"",""fd-libre"",""localsend"",""mindustry""]",1,No class-attributed compiled registration proof; absence of Java_ export alone does not prove a missing dynamically registered method.,jni-results.json#/6cb40cd6/methods (id=java/lang/Runtime.freeMemory()J)
6cb40cd6,java/lang/Runtime.maxMemory()J,unknown,"[""burgerking"",""fd-fennec_fdroid"",""fd-libre"",""mindustry"",""ooniprobe""]",1,No class-attributed compiled registration proof; absence of Java_ export alone does not prove a missing dynamically registered method.,jni-results.json#/6cb40cd6/methods (id=java/lang/Runtime.maxMemory()J)
6cb40cd6,java/lang/Runtime.totalMemory()J,unknown,"[""burgerking"",""fd-fennec_fdroid"",""fd-libre"",""mindustry""]",1,No class-attributed compiled registration proof; absence of Java_ export alone does not prove a missing dynamically registered method.,jni-results.json#/6cb40cd6/methods (id=java/lang/Runtime.totalMemory()J)
6cb40cd6,java/lang/StrictMath.log(D)D,unknown,"[""fd-android"",""fd-catima"",""fd-etar"",""fd-k9"",""fd-mobile""]",2,No class-attributed compiled registration proof; absence of Java_ export alone does not prove a missing dynamically registered method.,jni-results.json#/6cb40cd6/methods (id=java/lang/StrictMath.log(D)D)
6cb40cd6,java/lang/StrictMath.sqrt(D)D,unknown,"[""fd-android"",""fd-catima"",""fd-etar"",""fd-k9"",""fd-mobile""]",2,No class-attributed compiled registration proof; absence of Java_ export alone does not prove a missing dynamically registered method.,jni-results.json#/6cb40cd6/methods (id=java/lang/StrictMath.sqrt(D)D)
6cb40cd6,java/lang/String.charAt(I)C,unknown,"[""burgerking"",""fd-android"",""fd-binaryeye"",""fd-catima"",""fd-etar"",""fd-fennec_fdroid"",""fd-fluffychat"",""fd-immich"",""fd-k9"",""fd-kitchenowl"",""fd-libre"",""fd-minetest"",""fd-mobile"",""fd-saber"",""fd-stk"",""localsend"",""mindustry"",""noice"",""ooniprobe"",""opencamera""]",1,No class-attributed compiled registration proof; absence of Java_ export alone does not prove a missing dynamically registered method.,jni-results.json#/6cb40cd6/methods (id=java/lang/String.charAt(I)C)
6cb40cd6,java/lang/String.compareTo(Ljava/lang/String;)I,unknown,"[""burgerking"",""fd-android"",""fd-binaryeye"",""fd-catima"",""fd-etar"",""fd-fennec_fdroid"",""fd-fluffychat"",""fd-immich"",""fd-k9"",""fd-kitchenowl"",""fd-libre"",""fd-minetest"",""fd-mobile"",""fd-saber"",""fd-stk"",""localsend"",""mindustry"",""noice"",""ooniprobe"",""opencamera""]",1,No class-attributed compiled registration proof; absence of Java_ export alone does not prove a missing dynamically registered method.,jni-results.json#/6cb40cd6/methods (id=java/lang/String.compareTo(Ljava/lang/String;)I)
6cb40cd6,java/lang/String.concat(Ljava/lang/String;)Ljava/lang/String;,unknown,"[""burgerking"",""fd-android"",""fd-binaryeye"",""fd-catima"",""fd-etar"",""fd-fennec_fdroid"",""fd-fluffychat"",""fd-immich"",""fd-k9"",""fd-kitchenowl"",""fd-libre"",""fd-mobile"",""fd-saber"",""localsend"",""mindustry"",""noice"",""ooniprobe"",""opencamera""]",1,No class-attributed compiled registration proof; absence of Java_ export alone does not prove a missing dynamically registered method.,jni-results.json#/6cb40cd6/methods (id=java/lang/String.concat(Ljava/lang/String;)Ljava/lang/String;)
6cb40cd6,java/lang/String.intern()Ljava/lang/String;,unknown,"[""fd-etar"",""fd-minetest"",""mindustry"",""opencamera""]",1,No class-attributed compiled registration proof; absence of Java_ export alone does not prove a missing dynamically registered method.,jni-results.json#/6cb40cd6/methods (id=java/lang/String.intern()Ljava/lang/String;)
6cb40cd6,java/lang/String.toCharArray()[C,unknown,"[""burgerking"",""fd-android"",""fd-binaryeye"",""fd-catima"",""fd-etar"",""fd-fennec_fdroid"",""fd-fluffychat"",""fd-immich"",""fd-k9"",""fd-kitchenowl"",""fd-libre"",""fd-minetest"",""fd-mobile"",""localsend"",""mindustry"",""noice"",""ooniprobe"",""opencamera""]",1,No class-attributed compiled registration proof; absence of Java_ export alone does not prove a missing dynamically registered method.,jni-results.json#/6cb40cd6/methods (id=java/lang/String.toCharArray()[C)
6cb40cd6,java/lang/System.arraycopy(Ljava/lang/Object;ILjava/lang/Object;II)V,unknown,"[""burgerking"",""fd-android"",""fd-binaryeye"",""fd-catima"",""fd-etar"",""fd-fennec_fdroid"",""fd-fluffychat"",""fd-immich"",""fd-k9"",""fd-kitchenowl"",""fd-libre"",""fd-minetest"",""fd-mobile"",""fd-saber"",""fd-stk"",""localsend"",""mindustry"",""noice"",""ooniprobe"",""opencamera""]",1,No class-attributed compiled registration proof; absence of Java_ export alone does not prove a missing dynamically registered method.,jni-results.json#/6cb40cd6/methods (id=java/lang/System.arraycopy(Ljava/lang/Object;ILjava/lang/Object;II)V)
6cb40cd6,java/lang/System.mapLibraryName(Ljava/lang/String;)Ljava/lang/String;,unknown,"[""burgerking"",""fd-fennec_fdroid"",""fd-fluffychat"",""fd-immich"",""fd-kitchenowl"",""fd-libre"",""fd-saber"",""localsend"",""ooniprobe""]",1,No class-attributed compiled registration proof; absence of Java_ export alone does not prove a missing dynamically registered method.,jni-results.json#/6cb40cd6/methods (id=java/lang/System.mapLibraryName(Ljava/lang/String;)Ljava/lang/String;)
6cb40cd6,java/lang/Thread.holdsLock(Ljava/lang/Object;)Z,unknown,"[""burgerking"",""fd-immich""]",1,No class-attributed compiled registration proof; absence of Java_ export alone does not prove a missing dynamically registered method.,jni-results.json#/6cb40cd6/methods (id=java/lang/Thread.holdsLock(Ljava/lang/Object;)Z)
6cb40cd6,java/lang/Thread.isInterrupted()Z,unknown,"[""burgerking"",""fd-android"",""fd-catima"",""fd-fennec_fdroid"",""fd-fluffychat"",""fd-immich"",""fd-k9"",""fd-kitchenowl"",""fd-mobile"",""localsend"",""noice"",""ooniprobe""]",1,No class-attributed compiled registration proof; absence of Java_ export alone does not prove a missing dynamically registered method.,jni-results.json#/6cb40cd6/methods (id=java/lang/Thread.isInterrupted()Z)
6cb40cd6,java/lang/reflect/Field.get(Ljava/lang/Object;)Ljava/lang/Object;,unknown,"[""burgerking"",""fd-android"",""fd-binaryeye"",""fd-catima"",""fd-etar"",""fd-fennec_fdroid"",""fd-fluffychat"",""fd-immich"",""fd-k9"",""fd-kitchenowl"",""fd-libre"",""fd-minetest"",""fd-mobile"",""fd-saber"",""localsend"",""mindustry"",""noice"",""ooniprobe"",""opencamera""]",1,No class-attributed compiled registration proof; absence of Java_ export alone does not prove a missing dynamically registered method.,jni-results.json#/6cb40cd6/methods (id=java/lang/reflect/Field.get(Ljava/lang/Object;)Ljava/lang/Object;)
6cb40cd6,java/lang/reflect/Field.getBoolean(Ljava/lang/Object;)Z,unknown,"[""burgerking"",""fd-android"",""fd-binaryeye"",""fd-catima"",""fd-etar"",""fd-fennec_fdroid"",""fd-fluffychat"",""fd-immich"",""fd-k9"",""fd-kitchenowl"",""fd-libre"",""fd-minetest"",""fd-mobile"",""fd-saber"",""localsend"",""noice"",""opencamera""]",1,No class-attributed compiled registration proof; absence of Java_ export alone does not prove a missing dynamically registered method.,jni-results.json#/6cb40cd6/methods (id=java/lang/reflect/Field.getBoolean(Ljava/lang/Object;)Z)
6cb40cd6,java/lang/reflect/Field.getByte(Ljava/lang/Object;)B,unknown,"[""fd-etar"",""opencamera""]",1,No class-attributed compiled registration proof; absence of Java_ export alone does not prove a missing dynamically registered method.,jni-results.json#/6cb40cd6/methods (id=java/lang/reflect/Field.getByte(Ljava/lang/Object;)B)
6cb40cd6,java/lang/reflect/Field.getDeclaredAnnotations()[Ljava/lang/annotation/Annotation;,unknown,"[""burgerking"",""mindustry""]",2,No class-attributed compiled registration proof; absence of Java_ export alone does not prove a missing dynamically registered method.,jni-results.json#/6cb40cd6/methods (id=java/lang/reflect/Field.getDeclaredAnnotations()[Ljava/lang/annotation/Annotation;)
6cb40cd6,java/lang/reflect/Field.getInt(Ljava/lang/Object;)I,unknown,"[""burgerking"",""fd-android"",""fd-binaryeye"",""fd-catima"",""fd-etar"",""fd-fennec_fdroid"",""fd-fluffychat"",""fd-immich"",""fd-k9"",""fd-minetest"",""fd-mobile"",""fd-saber"",""fd-stk"",""localsend"",""noice"",""opencamera""]",1,No class-attributed compiled registration proof; absence of Java_ export alone does not prove a missing dynamically registered method.,jni-results.json#/6cb40cd6/methods (id=java/lang/reflect/Field.getInt(Ljava/lang/Object;)I)
6cb40cd6,java/lang/reflect/Field.getLong(Ljava/lang/Object;)J,unknown,"[""burgerking"",""fd-android"",""fd-binaryeye"",""fd-catima"",""fd-etar"",""fd-fennec_fdroid"",""fd-fluffychat"",""fd-immich"",""fd-k9"",""fd-kitchenowl"",""fd-libre"",""fd-minetest"",""fd-mobile"",""fd-saber"",""localsend"",""noice"",""ooniprobe"",""opencamera""]",1,No class-attributed compiled registration proof; absence of Java_ export alone does not prove a missing dynamically registered method.,jni-results.json#/6cb40cd6/methods (id=java/lang/reflect/Field.getLong(Ljava/lang/Object;)J)
6cb40cd6,java/lang/reflect/Field.set(Ljava/lang/Object;Ljava/lang/Object;)V,unknown,"[""burgerking"",""fd-android"",""fd-binaryeye"",""fd-catima"",""fd-etar"",""fd-fennec_fdroid"",""fd-fluffychat"",""fd-immich"",""fd-k9"",""fd-kitchenowl"",""fd-libre"",""fd-minetest"",""fd-mobile"",""fd-saber"",""localsend"",""mindustry"",""noice"",""ooniprobe"",""opencamera""]",1,No class-attributed compiled registration proof; absence of Java_ export alone does not prove a missing dynamically registered method.,jni-results.json#/6cb40cd6/methods (id=java/lang/reflect/Field.set(Ljava/lang/Object;Ljava/lang/Object;)V)
6cb40cd6,java/lang/reflect/Field.setBoolean(Ljava/lang/Object;Z)V,unknown,"[""fd-fennec_fdroid"",""fd-mobile""]",1,No class-attributed compiled registration proof; absence of Java_ export alone does not prove a missing dynamically registered method.,jni-results.json#/6cb40cd6/methods (id=java/lang/reflect/Field.setBoolean(Ljava/lang/Object;Z)V)
6cb40cd6,java/lang/reflect/Field.setByte(Ljava/lang/Object;B)V,unknown,"[""fd-etar"",""opencamera""]",1,No class-attributed compiled registration proof; absence of Java_ export alone does not prove a missing dynamically registered method.,jni-results.json#/6cb40cd6/methods (id=java/lang/reflect/Field.setByte(Ljava/lang/Object;B)V)
6cb40cd6,java/lang/reflect/Field.setInt(Ljava/lang/Object;I)V,unknown,"[""burgerking"",""fd-android"",""fd-catima"",""fd-etar"",""fd-fennec_fdroid"",""fd-fluffychat"",""fd-immich"",""fd-k9"",""fd-mobile"",""fd-saber"",""localsend"",""noice"",""opencamera""]",1,No class-attributed compiled registration proof; absence of Java_ export alone does not prove a missing dynamically registered method.,jni-results.json#/6cb40cd6/methods (id=java/lang/reflect/Field.setInt(Ljava/lang/Object;I)V)
6cb40cd6,java/lang/reflect/Method.getDefaultValue()Ljava/lang/Object;,unknown,"[""burgerking""]",1,No class-attributed compiled registration proof; absence of Java_ export alone does not prove a missing dynamically registered method.,jni-results.json#/6cb40cd6/methods (id=java/lang/reflect/Method.getDefaultValue()Ljava/lang/Object;)
6cb40cd6,java/lang/reflect/Method.getExceptionTypes()[Ljava/lang/Class;,unknown,"[""fd-fennec_fdroid"",""ooniprobe""]",2,No class-attributed compiled registration proof; absence of Java_ export alone does not prove a missing dynamically registered method.,jni-results.json#/6cb40cd6/methods (id=java/lang/reflect/Method.getExceptionTypes()[Ljava/lang/Class;)
6cb40cd6,java/lang/reflect/Method.invoke(Ljava/lang/Object;[Ljava/lang/Object;)Ljava/lang/Object;,unknown,"[""burgerking"",""fd-android"",""fd-binaryeye"",""fd-catima"",""fd-etar"",""fd-fennec_fdroid"",""fd-fluffychat"",""fd-immich"",""fd-k9"",""fd-kitchenowl"",""fd-libre"",""fd-minetest"",""fd-mobile"",""fd-saber"",""fd-stk"",""localsend"",""mindustry"",""noice"",""ooniprobe"",""opencamera""]",1,No class-attributed compiled registration proof; absence of Java_ export alone does not prove a missing dynamically registered method.,jni-results.json#/6cb40cd6/methods (id=java/lang/reflect/Method.invoke(Ljava/lang/Object;[Ljava/lang/Object;)Ljava/lang/Object;)
6cb40cd6,sun/misc/Unsafe.allocateInstance(Ljava/lang/Class;)Ljava/lang/Object;,unknown,"[""burgerking"",""fd-android"",""fd-fennec_fdroid"",""fd-fluffychat"",""fd-immich"",""fd-k9"",""fd-kitchenowl"",""fd-libre"",""fd-saber"",""localsend"",""ooniprobe""]",1,No class-attributed compiled registration proof; absence of Java_ export alone does not prove a missing dynamically registered method.,jni-results.json#/6cb40cd6/methods (id=sun/misc/Unsafe.allocateInstance(Ljava/lang/Class;)Ljava/lang/Object;)
6cb40cd6,sun/misc/Unsafe.compareAndSwapInt(Ljava/lang/Object;JII)Z,unknown,"[""fd-android"",""fd-binaryeye"",""fd-catima"",""fd-etar"",""fd-k9"",""fd-libre"",""fd-mobile"",""fd-saber""]",2,No class-attributed compiled registration proof; absence of Java_ export alone does not prove a missing dynamically registered method.,jni-results.json#/6cb40cd6/methods (id=sun/misc/Unsafe.compareAndSwapInt(Ljava/lang/Object;JII)Z)
6cb40cd6,sun/misc/Unsafe.compareAndSwapLong(Ljava/lang/Object;JJJ)Z,unknown,"[""burgerking"",""fd-android"",""fd-binaryeye"",""fd-catima"",""fd-etar"",""fd-k9"",""fd-libre"",""fd-mobile"",""fd-saber""]",2,No class-attributed compiled registration proof; absence of Java_ export alone does not prove a missing dynamically registered method.,jni-results.json#/6cb40cd6/methods (id=sun/misc/Unsafe.compareAndSwapLong(Ljava/lang/Object;JJJ)Z)
6cb40cd6,sun/misc/Unsafe.compareAndSwapObject(Ljava/lang/Object;JLjava/lang/Object;Ljava/lang/Object;)Z,unknown,"[""burgerking"",""fd-android"",""fd-binaryeye"",""fd-catima"",""fd-etar"",""fd-fennec_fdroid"",""fd-immich"",""fd-k9"",""fd-libre"",""fd-mobile"",""fd-saber""]",2,No class-attributed compiled registration proof; absence of Java_ export alone does not prove a missing dynamically registered method.,jni-results.json#/6cb40cd6/methods (id=sun/misc/Unsafe.compareAndSwapObject(Ljava/lang/Object;JLjava/lang/Object;Ljava/lang/Object;)Z)
6cb40cd6,sun/misc/Unsafe.copyMemory(JJJ)V,unknown,"[""mindustry""]",1,No class-attributed compiled registration proof; absence of Java_ export alone does not prove a missing dynamically registered method.,jni-results.json#/6cb40cd6/methods (id=sun/misc/Unsafe.copyMemory(JJJ)V)
6cb40cd6,sun/misc/Unsafe.getBoolean(Ljava/lang/Object;J)Z,unknown,"[""burgerking"",""fd-android"",""fd-fennec_fdroid"",""fd-fluffychat"",""fd-immich"",""fd-k9"",""fd-kitchenowl"",""fd-libre"",""fd-saber"",""localsend"",""ooniprobe""]",2,No class-attributed compiled registration proof; absence of Java_ export alone does not prove a missing dynamically registered method.,jni-results.json#/6cb40cd6/methods (id=sun/misc/Unsafe.getBoolean(Ljava/lang/Object;J)Z)
6cb40cd6,sun/misc/Unsafe.getByte(Ljava/lang/Object;J)B,unknown,"[""burgerking"",""fd-immich"",""fd-kitchenowl"",""fd-libre"",""mindustry""]",2,No class-attributed compiled registration proof; absence of Java_ export alone does not prove a missing dynamically registered method.,jni-results.json#/6cb40cd6/methods (id=sun/misc/Unsafe.getByte(Ljava/lang/Object;J)B)
6cb40cd6,sun/misc/Unsafe.getDouble(Ljava/lang/Object;J)D,unknown,"[""burgerking"",""fd-android"",""fd-fennec_fdroid"",""fd-fluffychat"",""fd-immich"",""fd-k9"",""fd-kitchenowl"",""fd-libre"",""fd-saber"",""localsend"",""ooniprobe""]",2,No class-attributed compiled registration proof; absence of Java_ export alone does not prove a missing dynamically registered method.,jni-results.json#/6cb40cd6/methods (id=sun/misc/Unsafe.getDouble(Ljava/lang/Object;J)D)
6cb40cd6,sun/misc/Unsafe.getFloat(Ljava/lang/Object;J)F,unknown,"[""burgerking"",""fd-android"",""fd-fennec_fdroid"",""fd-fluffychat"",""fd-immich"",""fd-k9"",""fd-kitchenowl"",""fd-libre"",""fd-saber"",""localsend"",""ooniprobe""]",2,No class-attributed compiled registration proof; absence of Java_ export alone does not prove a missing dynamically registered method.,jni-results.json#/6cb40cd6/methods (id=sun/misc/Unsafe.getFloat(Ljava/lang/Object;J)F)
6cb40cd6,sun/misc/Unsafe.getInt(Ljava/lang/Object;J)I,unknown,"[""burgerking"",""fd-android"",""fd-fennec_fdroid"",""fd-fluffychat"",""fd-immich"",""fd-k9"",""fd-kitchenowl"",""fd-libre"",""fd-saber"",""localsend"",""mindustry"",""ooniprobe""]",2,No class-attributed compiled registration proof; absence of Java_ export alone does not prove a missing dynamically registered method.,jni-results.json#/6cb40cd6/methods (id=sun/misc/Unsafe.getInt(Ljava/lang/Object;J)I)
6cb40cd6,sun/misc/Unsafe.getIntVolatile(Ljava/lang/Object;J)I,unknown,"[""fd-android"",""fd-binaryeye"",""fd-catima"",""fd-etar"",""fd-k9"",""fd-libre"",""fd-mobile"",""fd-saber""]",2,No class-attributed compiled registration proof; absence of Java_ export alone does not prove a missing dynamically registered method.,jni-results.json#/6cb40cd6/methods (id=sun/misc/Unsafe.getIntVolatile(Ljava/lang/Object;J)I)
6cb40cd6,sun/misc/Unsafe.getLong(Ljava/lang/Object;J)J,unknown,"[""burgerking"",""fd-android"",""fd-fennec_fdroid"",""fd-fluffychat"",""fd-immich"",""fd-k9"",""fd-kitchenowl"",""fd-libre"",""fd-saber"",""localsend"",""mindustry"",""ooniprobe""]",2,No class-attributed compiled registration proof; absence of Java_ export alone does not prove a missing dynamically registered method.,jni-results.json#/6cb40cd6/methods (id=sun/misc/Unsafe.getLong(Ljava/lang/Object;J)J)
6cb40cd6,sun/misc/Unsafe.getLongVolatile(Ljava/lang/Object;J)J,unknown,"[""fd-binaryeye"",""fd-catima"",""fd-libre"",""fd-mobile"",""fd-saber""]",2,No class-attributed compiled registration proof; absence of Java_ export alone does not prove a missing dynamically registered method.,jni-results.json#/6cb40cd6/methods (id=sun/misc/Unsafe.getLongVolatile(Ljava/lang/Object;J)J)
6cb40cd6,sun/misc/Unsafe.getObject(Ljava/lang/Object;J)Ljava/lang/Object;,unknown,"[""burgerking"",""fd-android"",""fd-catima"",""fd-etar"",""fd-fennec_fdroid"",""fd-fluffychat"",""fd-immich"",""fd-k9"",""fd-kitchenowl"",""fd-libre"",""fd-mobile"",""fd-saber"",""localsend"",""ooniprobe""]",1,No class-attributed compiled registration proof; absence of Java_ export alone does not prove a missing dynamically registered method.,jni-results.json#/6cb40cd6/methods (id=sun/misc/Unsafe.getObject(Ljava/lang/Object;J)Ljava/lang/Object;)
6cb40cd6,sun/misc/Unsafe.getObjectVolatile(Ljava/lang/Object;J)Ljava/lang/Object;,unknown,"[""burgerking"",""fd-android"",""fd-binaryeye"",""fd-catima"",""fd-etar"",""fd-fennec_fdroid"",""fd-k9"",""fd-libre"",""fd-mobile"",""fd-saber""]",1,No class-attributed compiled registration proof; absence of Java_ export alone does not prove a missing dynamically registered method.,jni-results.json#/6cb40cd6/methods (id=sun/misc/Unsafe.getObjectVolatile(Ljava/lang/Object;J)Ljava/lang/Object;)
6cb40cd6,sun/misc/Unsafe.getShort(Ljava/lang/Object;J)S,unknown,"[""mindustry""]",2,No class-attributed compiled registration proof; absence of Java_ export alone does not prove a missing dynamically registered method.,jni-results.json#/6cb40cd6/methods (id=sun/misc/Unsafe.getShort(Ljava/lang/Object;J)S)
6cb40cd6,sun/misc/Unsafe.putBoolean(Ljava/lang/Object;JZ)V,unknown,"[""burgerking"",""fd-android"",""fd-fennec_fdroid"",""fd-fluffychat"",""fd-immich"",""fd-k9"",""fd-kitchenowl"",""fd-libre"",""fd-saber"",""localsend"",""ooniprobe""]",2,No class-attributed compiled registration proof; absence of Java_ export alone does not prove a missing dynamically registered method.,jni-results.json#/6cb40cd6/methods (id=sun/misc/Unsafe.putBoolean(Ljava/lang/Object;JZ)V)
6cb40cd6,sun/misc/Unsafe.putByte(Ljava/lang/Object;JB)V,unknown,"[""burgerking"",""fd-android"",""fd-fennec_fdroid"",""fd-fluffychat"",""fd-immich"",""fd-k9"",""fd-kitchenowl"",""fd-libre"",""fd-saber"",""localsend"",""mindustry"",""ooniprobe""]",2,No class-attributed compiled registration proof; absence of Java_ export alone does not prove a missing dynamically registered method.,jni-results.json#/6cb40cd6/methods (id=sun/misc/Unsafe.putByte(Ljava/lang/Object;JB)V)
6cb40cd6,sun/misc/Unsafe.putDouble(Ljava/lang/Object;JD)V,unknown,"[""burgerking"",""fd-android"",""fd-fennec_fdroid"",""fd-fluffychat"",""fd-immich"",""fd-k9"",""fd-kitchenowl"",""fd-libre"",""fd-saber"",""localsend"",""ooniprobe""]",2,No class-attributed compiled registration proof; absence of Java_ export alone does not prove a missing dynamically registered method.,jni-results.json#/6cb40cd6/methods (id=sun/misc/Unsafe.putDouble(Ljava/lang/Object;JD)V)
6cb40cd6,sun/misc/Unsafe.putFloat(Ljava/lang/Object;JF)V,unknown,"[""burgerking"",""fd-android"",""fd-fennec_fdroid"",""fd-fluffychat"",""fd-immich"",""fd-k9"",""fd-kitchenowl"",""fd-libre"",""fd-saber"",""localsend"",""ooniprobe""]",2,No class-attributed compiled registration proof; absence of Java_ export alone does not prove a missing dynamically registered method.,jni-results.json#/6cb40cd6/methods (id=sun/misc/Unsafe.putFloat(Ljava/lang/Object;JF)V)
6cb40cd6,sun/misc/Unsafe.putInt(Ljava/lang/Object;JI)V,unknown,"[""burgerking"",""fd-android"",""fd-fennec_fdroid"",""fd-fluffychat"",""fd-immich"",""fd-k9"",""fd-kitchenowl"",""fd-libre"",""fd-saber"",""localsend"",""mindustry"",""ooniprobe""]",2,No class-attributed compiled registration proof; absence of Java_ export alone does not prove a missing dynamically registered method.,jni-results.json#/6cb40cd6/methods (id=sun/misc/Unsafe.putInt(Ljava/lang/Object;JI)V)
6cb40cd6,sun/misc/Unsafe.putIntVolatile(Ljava/lang/Object;JI)V,unknown,"[""fd-binaryeye"",""fd-catima"",""fd-libre"",""fd-mobile"",""fd-saber""]",2,No class-attributed compiled registration proof; absence of Java_ export alone does not prove a missing dynamically registered method.,jni-results.json#/6cb40cd6/methods (id=sun/misc/Unsafe.putIntVolatile(Ljava/lang/Object;JI)V)
6cb40cd6,sun/misc/Unsafe.putLong(Ljava/lang/Object;JJ)V,unknown,"[""burgerking"",""fd-android"",""fd-fennec_fdroid"",""fd-fluffychat"",""fd-immich"",""fd-k9"",""fd-kitchenowl"",""fd-libre"",""fd-saber"",""localsend"",""mindustry"",""ooniprobe""]",2,No class-attributed compiled registration proof; absence of Java_ export alone does not prove a missing dynamically registered method.,jni-results.json#/6cb40cd6/methods (id=sun/misc/Unsafe.putLong(Ljava/lang/Object;JJ)V)
6cb40cd6,sun/misc/Unsafe.putLongVolatile(Ljava/lang/Object;JJ)V,unknown,"[""fd-binaryeye"",""fd-catima"",""fd-libre"",""fd-mobile"",""fd-saber""]",2,No class-attributed compiled registration proof; absence of Java_ export alone does not prove a missing dynamically registered method.,jni-results.json#/6cb40cd6/methods (id=sun/misc/Unsafe.putLongVolatile(Ljava/lang/Object;JJ)V)
6cb40cd6,sun/misc/Unsafe.putObject(Ljava/lang/Object;JLjava/lang/Object;)V,unknown,"[""burgerking"",""fd-android"",""fd-fennec_fdroid"",""fd-fluffychat"",""fd-immich"",""fd-k9"",""fd-kitchenowl"",""fd-libre"",""fd-mobile"",""fd-saber"",""localsend"",""ooniprobe""]",1,No class-attributed compiled registration proof; absence of Java_ export alone does not prove a missing dynamically registered method.,jni-results.json#/6cb40cd6/methods (id=sun/misc/Unsafe.putObject(Ljava/lang/Object;JLjava/lang/Object;)V)
6cb40cd6,sun/misc/Unsafe.putObjectVolatile(Ljava/lang/Object;JLjava/lang/Object;)V,unknown,"[""fd-android"",""fd-binaryeye"",""fd-catima"",""fd-etar"",""fd-fennec_fdroid"",""fd-k9"",""fd-libre"",""fd-mobile"",""fd-saber""]",1,No class-attributed compiled registration proof; absence of Java_ export alone does not prove a missing dynamically registered method.,jni-results.json#/6cb40cd6/methods (id=sun/misc/Unsafe.putObjectVolatile(Ljava/lang/Object;JLjava/lang/Object;)V)
6cb40cd6,sun/misc/Unsafe.putOrderedLong(Ljava/lang/Object;JJ)V,unknown,"[""burgerking""]",2,No class-attributed compiled registration proof; absence of Java_ export alone does not prove a missing dynamically registered method.,jni-results.json#/6cb40cd6/methods (id=sun/misc/Unsafe.putOrderedLong(Ljava/lang/Object;JJ)V)
6cb40cd6,sun/misc/Unsafe.putOrderedObject(Ljava/lang/Object;JLjava/lang/Object;)V,unknown,"[""burgerking""]",2,No class-attributed compiled registration proof; absence of Java_ export alone does not prove a missing dynamically registered method.,jni-results.json#/6cb40cd6/methods (id=sun/misc/Unsafe.putOrderedObject(Ljava/lang/Object;JLjava/lang/Object;)V)
6cb40cd6,sun/misc/Unsafe.putShort(Ljava/lang/Object;JS)V,unknown,"[""mindustry""]",2,No class-attributed compiled registration proof; absence of Java_ export alone does not prove a missing dynamically registered method.,jni-results.json#/6cb40cd6/methods (id=sun/misc/Unsafe.putShort(Ljava/lang/Object;JS)V)
v3-74d1d6d4,adapter/activity/ActivityManagerAdapter.nativePublishCommonEvent(Ljava/lang/String;Ljava/lang/String;Ljava/lang/String;ILjava/lang/String;ZZ[Ljava/lang/String;)I,unknown,[],1,No class-attributed compiled registration proof; absence of Java_ export alone does not prove a missing dynamically registered method.,jni-results.json#/v3-74d1d6d4/methods (id=adapter/activity/ActivityManagerAdapter.nativePublishCommonEvent(Ljava/lang/String;Ljava/lang/String;Ljava/lang/String;ILjava/lang/String;ZZ[Ljava/lang/String;)I)
v3-74d1d6d4,adapter/activity/ActivityManagerAdapter.nativeStartAbility(Ljava/lang/String;Ljava/lang/String;Ljava/lang/String;Ljava/lang/String;Ljava/lang/String;J)I,unknown,[],1,No class-attributed compiled registration proof; absence of Java_ export alone does not prove a missing dynamically registered method.,jni-results.json#/v3-74d1d6d4/methods (id=adapter/activity/ActivityManagerAdapter.nativeStartAbility(Ljava/lang/String;Ljava/lang/String;Ljava/lang/String;Ljava/lang/String;Ljava/lang/String;J)I)
v3-74d1d6d4,adapter/activity/ActivityTaskManagerAdapter.nativeStartAbility(Ljava/lang/String;Ljava/lang/String;Ljava/lang/String;Ljava/lang/String;Ljava/lang/String;JI)I,unknown,[],1,No class-attributed compiled registration proof; absence of Java_ export alone does not prove a missing dynamically registered method.,jni-results.json#/v3-74d1d6d4/methods (id=adapter/activity/ActivityTaskManagerAdapter.nativeStartAbility(Ljava/lang/String;Ljava/lang/String;Ljava/lang/String;Ljava/lang/String;Ljava/lang/String;JI)I)
v3-74d1d6d4,adapter/activity/ActivityTaskManagerAdapter.nativeStartAbilityInMission(Ljava/lang/String;Ljava/lang/String;Ljava/lang/String;Ljava/lang/String;Ljava/lang/String;I)I,unknown,[],1,No class-attributed compiled registration proof; absence of Java_ export alone does not prove a missing dynamically registered method.,jni-results.json#/v3-74d1d6d4/methods (id=adapter/activity/ActivityTaskManagerAdapter.nativeStartAbilityInMission(Ljava/lang/String;Ljava/lang/String;Ljava/lang/String;Ljava/lang/String;Ljava/lang/String;I)I)
v3-74d1d6d4,adapter/window/WindowSessionAdapter.nativeCreateSession(Ljava/lang/Object;Ljava/lang/String;Ljava/lang/String;Ljava/lang/String;Ljava/lang/String;IIIIIJ)[I,unknown,[],1,No class-attributed compiled registration proof; absence of Java_ export alone does not prove a missing dynamically registered method.,jni-results.json#/v3-74d1d6d4/methods (id=adapter/window/WindowSessionAdapter.nativeCreateSession(Ljava/lang/Object;Ljava/lang/String;Ljava/lang/String;Ljava/lang/String;Ljava/lang/String;IIIIIJ)[I)
v3-74d1d6d4,android/graphics/BLASTBufferQueue.nativeApplyPendingTransactions(JJ)V,unknown,[],2,No class-attributed compiled registration proof; absence of Java_ export alone does not prove a missing dynamically registered method.,jni-results.json#/v3-74d1d6d4/methods (id=android/graphics/BLASTBufferQueue.nativeApplyPendingTransactions(JJ)V)
v3-74d1d6d4,android/graphics/BLASTBufferQueue.nativeClearSyncTransaction(J)V,unknown,[],0,No class-attributed compiled registration proof; absence of Java_ export alone does not prove a missing dynamically registered method.,jni-results.json#/v3-74d1d6d4/methods (id=android/graphics/BLASTBufferQueue.nativeClearSyncTransaction(J)V)
v3-74d1d6d4,android/graphics/BLASTBufferQueue.nativeCreate(Ljava/lang/String;Z)J,unknown,[],2,No class-attributed compiled registration proof; absence of Java_ export alone does not prove a missing dynamically registered method.,jni-results.json#/v3-74d1d6d4/methods (id=android/graphics/BLASTBufferQueue.nativeCreate(Ljava/lang/String;Z)J)
v3-74d1d6d4,android/graphics/BLASTBufferQueue.nativeDestroy(J)V,unknown,[],18,No class-attributed compiled registration proof; absence of Java_ export alone does not prove a missing dynamically registered method.,jni-results.json#/v3-74d1d6d4/methods (id=android/graphics/BLASTBufferQueue.nativeDestroy(J)V)
v3-74d1d6d4,android/graphics/BLASTBufferQueue.nativeGatherPendingTransactions(JJ)Landroid/view/SurfaceControl$Transaction;,unknown,[],0,No class-attributed compiled registration proof; absence of Java_ export alone does not prove a missing dynamically registered method.,jni-results.json#/v3-74d1d6d4/methods (id=android/graphics/BLASTBufferQueue.nativeGatherPendingTransactions(JJ)Landroid/view/SurfaceControl$Transaction;)
v3-74d1d6d4,android/graphics/BLASTBufferQueue.nativeGetLastAcquiredFrameNum(J)J,unknown,[],2,No class-attributed compiled registration proof; absence of Java_ export alone does not prove a missing dynamically registered method.,jni-results.json#/v3-74d1d6d4/methods (id=android/graphics/BLASTBufferQueue.nativeGetLastAcquiredFrameNum(J)J)
v3-74d1d6d4,android/graphics/BLASTBufferQueue.nativeGetSurface(JZ)Landroid/view/Surface;,unknown,[],2,No class-attributed compiled registration proof; absence of Java_ export alone does not prove a missing dynamically registered method.,jni-results.json#/v3-74d1d6d4/methods (id=android/graphics/BLASTBufferQueue.nativeGetSurface(JZ)Landroid/view/Surface;)
v3-74d1d6d4,android/graphics/BLASTBufferQueue.nativeIsSameSurfaceControl(JJ)Z,unknown,[],2,No class-attributed compiled registration proof; absence of Java_ export alone does not prove a missing dynamically registered method.,jni-results.json#/v3-74d1d6d4/methods (id=android/graphics/BLASTBufferQueue.nativeIsSameSurfaceControl(JJ)Z)
v3-74d1d6d4,android/graphics/BLASTBufferQueue.nativeMergeWithNextTransaction(JJJ)V,unknown,[],2,No class-attributed compiled registration proof; absence of Java_ export alone does not prove a missing dynamically registered method.,jni-results.json#/v3-74d1d6d4/methods (id=android/graphics/BLASTBufferQueue.nativeMergeWithNextTransaction(JJJ)V)
v3-74d1d6d4,android/graphics/BLASTBufferQueue.nativeSetTransactionHangCallback(JLandroid/graphics/BLASTBufferQueue$TransactionHangCallback;)V,unknown,[],2,No class-attributed compiled registration proof; absence of Java_ export alone does not prove a missing dynamically registered method.,jni-results.json#/v3-74d1d6d4/methods (id=android/graphics/BLASTBufferQueue.nativeSetTransactionHangCallback(JLandroid/graphics/BLASTBufferQueue$TransactionHangCallback;)V)
v3-74d1d6d4,android/graphics/BLASTBufferQueue.nativeStopContinuousSyncTransaction(J)V,unknown,[],0,No class-attributed compiled registration proof; absence of Java_ export alone does not prove a missing dynamically registered method.,jni-results.json#/v3-74d1d6d4/methods (id=android/graphics/BLASTBufferQueue.nativeStopContinuousSyncTransaction(J)V)
v3-74d1d6d4,android/graphics/BLASTBufferQueue.nativeSyncNextTransaction(JLjava/util/function/Consumer;Z)Z,unknown,[],0,No class-attributed compiled registration proof; absence of Java_ export alone does not prove a missing dynamically registered method.,jni-results.json#/v3-74d1d6d4/methods (id=android/graphics/BLASTBufferQueue.nativeSyncNextTransaction(JLjava/util/function/Consumer;Z)Z)
v3-74d1d6d4,android/graphics/BLASTBufferQueue.nativeUpdate(JJJJI)V,unknown,[],2,No class-attributed compiled registration proof; absence of Java_ export alone does not prove a missing dynamically registered method.,jni-results.json#/v3-74d1d6d4/methods (id=android/graphics/BLASTBufferQueue.nativeUpdate(JJJJI)V)
v3-74d1d6d4,android/graphics/BitmapRegionDecoder.nativeClean(J)V,unknown,[],0,No class-attributed compiled registration proof; absence of Java_ export alone does not prove a missing dynamically registered method.,jni-results.json#/v3-74d1d6d4/methods (id=android/graphics/BitmapRegionDecoder.nativeClean(J)V)
v3-74d1d6d4,android/graphics/BitmapRegionDecoder.nativeDecodeRegion(JIIIILandroid/graphics/BitmapFactory$Options;JJ)Landroid/graphics/Bitmap;,unknown,[],0,No class-attributed compiled registration proof; absence of Java_ export alone does not prove a missing dynamically registered method.,jni-results.json#/v3-74d1d6d4/methods (id=android/graphics/BitmapRegionDecoder.nativeDecodeRegion(JIIIILandroid/graphics/BitmapFactory$Options;JJ)Landroid/graphics/Bitmap;)
v3-74d1d6d4,android/graphics/BitmapRegionDecoder.nativeGetHeight(J)I,unknown,[],3,No class-attributed compiled registration proof; absence of Java_ export alone does not prove a missing dynamically registered method.,jni-results.json#/v3-74d1d6d4/methods (id=android/graphics/BitmapRegionDecoder.nativeGetHeight(J)I)
v3-74d1d6d4,android/graphics/BitmapRegionDecoder.nativeGetWidth(J)I,unknown,[],3,No class-attributed compiled registration proof; absence of Java_ export alone does not prove a missing dynamically registered method.,jni-results.json#/v3-74d1d6d4/methods (id=android/graphics/BitmapRegionDecoder.nativeGetWidth(J)I)
v3-74d1d6d4,android/graphics/BitmapRegionDecoder.nativeNewInstance(J)Landroid/graphics/BitmapRegionDecoder;,unknown,[],0,No class-attributed compiled registration proof; absence of Java_ export alone does not prove a missing dynamically registered method.,jni-results.json#/v3-74d1d6d4/methods (id=android/graphics/BitmapRegionDecoder.nativeNewInstance(J)Landroid/graphics/BitmapRegionDecoder;)
v3-74d1d6d4,android/graphics/BitmapRegionDecoder.nativeNewInstance(Ljava/io/FileDescriptor;)Landroid/graphics/BitmapRegionDecoder;,unknown,[],0,No class-attributed compiled registration proof; absence of Java_ export alone does not prove a missing dynamically registered method.,jni-results.json#/v3-74d1d6d4/methods (id=android/graphics/BitmapRegionDecoder.nativeNewInstance(Ljava/io/FileDescriptor;)Landroid/graphics/BitmapRegionDecoder;)
v3-74d1d6d4,android/graphics/BitmapRegionDecoder.nativeNewInstance(Ljava/io/InputStream;[B)Landroid/graphics/BitmapRegionDecoder;,unknown,[],0,No class-attributed compiled registration proof; absence of Java_ export alone does not prove a missing dynamically registered method.,jni-results.json#/v3-74d1d6d4/methods (id=android/graphics/BitmapRegionDecoder.nativeNewInstance(Ljava/io/InputStream;[B)Landroid/graphics/BitmapRegionDecoder;)
v3-74d1d6d4,android/graphics/BitmapRegionDecoder.nativeNewInstance([BII)Landroid/graphics/BitmapRegionDecoder;,unknown,[],0,No class-attributed compiled registration proof; absence of Java_ export alone does not prove a missing dynamically registered method.,jni-results.json#/v3-74d1d6d4/methods (id=android/graphics/BitmapRegionDecoder.nativeNewInstance([BII)Landroid/graphics/BitmapRegionDecoder;)
v3-74d1d6d4,android/graphics/BitmapShader.nativeCreate(JJIIZZ)J,unknown,[],1,No class-attributed compiled registration proof; absence of Java_ export alone does not prove a missing dynamically registered method.,jni-results.json#/v3-74d1d6d4/methods (id=android/graphics/BitmapShader.nativeCreate(JJIIZZ)J)
v3-74d1d6d4,android/graphics/BitmapShader.nativeCreateWithMaxAniso(JJIIIZ)J,unknown,[],1,No class-attributed compiled registration proof; absence of Java_ export alone does not prove a missing dynamically registered method.,jni-results.json#/v3-74d1d6d4/methods (id=android/graphics/BitmapShader.nativeCreateWithMaxAniso(JJIIIZ)J)
v3-74d1d6d4,android/graphics/BlendModeColorFilter.native_CreateBlendModeFilter(II)J,unknown,[],1,No class-attributed compiled registration proof; absence of Java_ export alone does not prove a missing dynamically registered method.,jni-results.json#/v3-74d1d6d4/methods (id=android/graphics/BlendModeColorFilter.native_CreateBlendModeFilter(II)J)
v3-74d1d6d4,android/graphics/Color.nativeHSVToColor(I[F)I,unknown,[],1,No class-attributed compiled registration proof; absence of Java_ export alone does not prove a missing dynamically registered method.,jni-results.json#/v3-74d1d6d4/methods (id=android/graphics/Color.nativeHSVToColor(I[F)I)
v3-74d1d6d4,android/graphics/Color.nativeRGBToHSV(III[F)V,unknown,[],1,No class-attributed compiled registration proof; absence of Java_ export alone does not prove a missing dynamically registered method.,jni-results.json#/v3-74d1d6d4/methods (id=android/graphics/Color.nativeRGBToHSV(III[F)V)
v3-74d1d6d4,android/graphics/ColorFilter.nativeGetFinalizer()J,unknown,[],8,No class-attributed compiled registration proof; absence of Java_ export alone does not prove a missing dynamically registered method.,jni-results.json#/v3-74d1d6d4/methods (id=android/graphics/ColorFilter.nativeGetFinalizer()J)
v3-74d1d6d4,android/graphics/ColorMatrixColorFilter.nativeColorMatrixFilter([F)J,unknown,[],1,No class-attributed compiled registration proof; absence of Java_ export alone does not prove a missing dynamically registered method.,jni-results.json#/v3-74d1d6d4/methods (id=android/graphics/ColorMatrixColorFilter.nativeColorMatrixFilter([F)J)
v3-74d1d6d4,android/graphics/ColorSpace$Rgb.nativeCreate(FFFFFFF[F)J,unknown,[],1,No class-attributed compiled registration proof; absence of Java_ export alone does not prove a missing dynamically registered method.,jni-results.json#/v3-74d1d6d4/methods (id=android/graphics/ColorSpace$Rgb.nativeCreate(FFFFFFF[F)J)
v3-74d1d6d4,android/graphics/ColorSpace$Rgb.nativeGetNativeFinalizer()J,unknown,[],2,No class-attributed compiled registration proof; absence of Java_ export alone does not prove a missing dynamically registered method.,jni-results.json#/v3-74d1d6d4/methods (id=android/graphics/ColorSpace$Rgb.nativeGetNativeFinalizer()J)
v3-74d1d6d4,android/graphics/GraphicBuffer.nCreateFromHardwareBuffer(Landroid/hardware/HardwareBuffer;)Landroid/graphics/GraphicBuffer;,unknown,[],0,No class-attributed compiled registration proof; absence of Java_ export alone does not prove a missing dynamically registered method.,jni-results.json#/v3-74d1d6d4/methods (id=android/graphics/GraphicBuffer.nCreateFromHardwareBuffer(Landroid/hardware/HardwareBuffer;)Landroid/graphics/GraphicBuffer;)
v3-74d1d6d4,android/graphics/GraphicBuffer.nCreateGraphicBuffer(IIII)J,unknown,[],0,No class-attributed compiled registration proof; absence of Java_ export alone does not prove a missing dynamically registered method.,jni-results.json#/v3-74d1d6d4/methods (id=android/graphics/GraphicBuffer.nCreateGraphicBuffer(IIII)J)
v3-74d1d6d4,android/graphics/GraphicBuffer.nDestroyGraphicBuffer(J)V,unknown,[],0,No class-attributed compiled registration proof; absence of Java_ export alone does not prove a missing dynamically registered method.,jni-results.json#/v3-74d1d6d4/methods (id=android/graphics/GraphicBuffer.nDestroyGraphicBuffer(J)V)
v3-74d1d6d4,android/graphics/GraphicBuffer.nLockCanvas(JLandroid/graphics/Canvas;Landroid/graphics/Rect;)Z,unknown,[],0,No class-attributed compiled registration proof; absence of Java_ export alone does not prove a missing dynamically registered method.,jni-results.json#/v3-74d1d6d4/methods (id=android/graphics/GraphicBuffer.nLockCanvas(JLandroid/graphics/Canvas;Landroid/graphics/Rect;)Z)
v3-74d1d6d4,android/graphics/GraphicBuffer.nReadGraphicBufferFromParcel(Landroid/os/Parcel;)J,unknown,[],0,No class-attributed compiled registration proof; absence of Java_ export alone does not prove a missing dynamically registered method.,jni-results.json#/v3-74d1d6d4/methods (id=android/graphics/GraphicBuffer.nReadGraphicBufferFromParcel(Landroid/os/Parcel;)J)
v3-74d1d6d4,android/graphics/GraphicBuffer.nUnlockCanvasAndPost(JLandroid/graphics/Canvas;)Z,unknown,[],0,No class-attributed compiled registration proof; absence of Java_ export alone does not prove a missing dynamically registered method.,jni-results.json#/v3-74d1d6d4/methods (id=android/graphics/GraphicBuffer.nUnlockCanvasAndPost(JLandroid/graphics/Canvas;)Z)
v3-74d1d6d4,android/graphics/GraphicBuffer.nWriteGraphicBufferToParcel(JLandroid/os/Parcel;)V,unknown,[],0,No class-attributed compiled registration proof; absence of Java_ export alone does not prove a missing dynamically registered method.,jni-results.json#/v3-74d1d6d4/methods (id=android/graphics/GraphicBuffer.nWriteGraphicBufferToParcel(JLandroid/os/Parcel;)V)
v3-74d1d6d4,android/graphics/GraphicsStatsService.nAddToDump(JLjava/lang/String;Ljava/lang/String;JJJ[B)V,unknown,[],1,No class-attributed compiled registration proof; absence of Java_ export alone does not prove a missing dynamically registered method.,jni-results.json#/v3-74d1d6d4/methods (id=android/graphics/GraphicsStatsService.nAddToDump(JLjava/lang/String;Ljava/lang/String;JJJ[B)V)
v3-74d1d6d4,android/graphics/GraphicsStatsService.nSaveBuffer(Ljava/lang/String;Ljava/lang/String;JJJ[B)V,unknown,[],1,No class-attributed compiled registration proof; absence of Java_ export alone does not prove a missing dynamically registered method.,jni-results.json#/v3-74d1d6d4/methods (id=android/graphics/GraphicsStatsService.nSaveBuffer(Ljava/lang/String;Ljava/lang/String;JJJ[B)V)
v3-74d1d6d4,android/graphics/HardwareRenderer.nInitDisplayInfo(IIFIJJZZ)V,unknown,[],1,No class-attributed compiled registration proof; absence of Java_ export alone does not prove a missing dynamically registered method.,jni-results.json#/v3-74d1d6d4/methods (id=android/graphics/HardwareRenderer.nInitDisplayInfo(IIFIJJZZ)V)
v3-74d1d6d4,android/graphics/HardwareRenderer.nSetForceDark(JZ)V,unknown,[],3,No class-attributed compiled registration proof; absence of Java_ export alone does not prove a missing dynamically registered method.,jni-results.json#/v3-74d1d6d4/methods (id=android/graphics/HardwareRenderer.nSetForceDark(JZ)V)
v3-74d1d6d4,android/graphics/HardwareRendererObserver.nCreateObserver(Ljava/lang/ref/WeakReference;Z)J,unknown,[],1,No class-attributed compiled registration proof; absence of Java_ export alone does not prove a missing dynamically registered method.,jni-results.json#/v3-74d1d6d4/methods (id=android/graphics/HardwareRendererObserver.nCreateObserver(Ljava/lang/ref/WeakReference;Z)J)
v3-74d1d6d4,android/graphics/HardwareRendererObserver.nGetNextBuffer(J[J)I,unknown,[],1,No class-attributed compiled registration proof; absence of Java_ export alone does not prove a missing dynamically registered method.,jni-results.json#/v3-74d1d6d4/methods (id=android/graphics/HardwareRendererObserver.nGetNextBuffer(J[J)I)
v3-74d1d6d4,android/graphics/LightingColorFilter.native_CreateLightingFilter(II)J,unknown,[],1,No class-attributed compiled registration proof; absence of Java_ export alone does not prove a missing dynamically registered method.,jni-results.json#/v3-74d1d6d4/methods (id=android/graphics/LightingColorFilter.native_CreateLightingFilter(II)J)
v3-74d1d6d4,android/graphics/Matrix.nCreate(J)J,unknown,[],2,No class-attributed compiled registration proof; absence of Java_ export alone does not prove a missing dynamically registered method.,jni-results.json#/v3-74d1d6d4/methods (id=android/graphics/Matrix.nCreate(J)J)
v3-74d1d6d4,android/graphics/Matrix.nGetNativeFinalizer()J,unknown,[],5,No class-attributed compiled registration proof; absence of Java_ export alone does not prove a missing dynamically registered method.,jni-results.json#/v3-74d1d6d4/methods (id=android/graphics/Matrix.nGetNativeFinalizer()J)
v3-74d1d6d4,android/graphics/Movie.decodeByteArray([BII)Landroid/graphics/Movie;,unknown,[],0,No class-attributed compiled registration proof; absence of Java_ export alone does not prove a missing dynamically registered method.,jni-results.json#/v3-74d1d6d4/methods (id=android/graphics/Movie.decodeByteArray([BII)Landroid/graphics/Movie;)
v3-74d1d6d4,android/graphics/Movie.duration()I,unknown,"[""fd-android"",""fd-k9""]",0,No class-attributed compiled registration proof; absence of Java_ export alone does not prove a missing dynamically registered method.,jni-results.json#/v3-74d1d6d4/methods (id=android/graphics/Movie.duration()I)
v3-74d1d6d4,android/graphics/Movie.height()I,unknown,"[""fd-android"",""fd-k9""]",0,No class-attributed compiled registration proof; absence of Java_ export alone does not prove a missing dynamically registered method.,jni-results.json#/v3-74d1d6d4/methods (id=android/graphics/Movie.height()I)
v3-74d1d6d4,android/graphics/Movie.isOpaque()Z,unknown,"[""fd-android"",""fd-k9""]",0,No class-attributed compiled registration proof; absence of Java_ export alone does not prove a missing dynamically registered method.,jni-results.json#/v3-74d1d6d4/methods (id=android/graphics/Movie.isOpaque()Z)
v3-74d1d6d4,android/graphics/Movie.nDraw(JFFJ)V,unknown,[],0,No class-attributed compiled registration proof; absence of Java_ export alone does not prove a missing dynamically registered method.,jni-results.json#/v3-74d1d6d4/methods (id=android/graphics/Movie.nDraw(JFFJ)V)
v3-74d1d6d4,android/graphics/Movie.nativeDecodeAsset(J)Landroid/graphics/Movie;,unknown,[],0,No class-attributed compiled registration proof; absence of Java_ export alone does not prove a missing dynamically registered method.,jni-results.json#/v3-74d1d6d4/methods (id=android/graphics/Movie.nativeDecodeAsset(J)Landroid/graphics/Movie;)
v3-74d1d6d4,android/graphics/Movie.nativeDecodeStream(Ljava/io/InputStream;)Landroid/graphics/Movie;,unknown,[],0,No class-attributed compiled registration proof; absence of Java_ export alone does not prove a missing dynamically registered method.,jni-results.json#/v3-74d1d6d4/methods (id=android/graphics/Movie.nativeDecodeStream(Ljava/io/InputStream;)Landroid/graphics/Movie;)
v3-74d1d6d4,android/graphics/Movie.nativeDestructor(J)V,unknown,[],7,No class-attributed compiled registration proof; absence of Java_ export alone does not prove a missing dynamically registered method.,jni-results.json#/v3-74d1d6d4/methods (id=android/graphics/Movie.nativeDestructor(J)V)
v3-74d1d6d4,android/graphics/Movie.setTime(I)Z,unknown,"[""fd-android"",""fd-k9""]",0,No class-attributed compiled registration proof; absence of Java_ export alone does not prove a missing dynamically registered method.,jni-results.json#/v3-74d1d6d4/methods (id=android/graphics/Movie.setTime(I)Z)
v3-74d1d6d4,android/graphics/Movie.width()I,unknown,"[""fd-android"",""fd-k9""]",0,No class-attributed compiled registration proof; absence of Java_ export alone does not prove a missing dynamically registered method.,jni-results.json#/v3-74d1d6d4/methods (id=android/graphics/Movie.width()I)
v3-74d1d6d4,android/graphics/Paint.nGetFontMetrics(JLandroid/graphics/Paint$FontMetrics;)F,unknown,[],1,No class-attributed compiled registration proof; absence of Java_ export alone does not prove a missing dynamically registered method.,jni-results.json#/v3-74d1d6d4/methods (id=android/graphics/Paint.nGetFontMetrics(JLandroid/graphics/Paint$FontMetrics;)F)
v3-74d1d6d4,android/graphics/Paint.nGetFontMetricsInt(JLandroid/graphics/Paint$FontMetricsInt;)I,unknown,[],1,No class-attributed compiled registration proof; absence of Java_ export alone does not prove a missing dynamically registered method.,jni-results.json#/v3-74d1d6d4/methods (id=android/graphics/Paint.nGetFontMetricsInt(JLandroid/graphics/Paint$FontMetricsInt;)I)
v3-74d1d6d4,android/graphics/Paint.nGetRunCharacterAdvance(J[CIIIIZI[FI)F,unknown,[],1,No class-attributed compiled registration proof; absence of Java_ export alone does not prove a missing dynamically registered method.,jni-results.json#/v3-74d1d6d4/methods (id=android/graphics/Paint.nGetRunCharacterAdvance(J[CIIIIZI[FI)F)
v3-74d1d6d4,android/graphics/Paint.nIsElegantTextHeight(J)Z,unknown,[],1,No class-attributed compiled registration proof; absence of Java_ export alone does not prove a missing dynamically registered method.,jni-results.json#/v3-74d1d6d4/methods (id=android/graphics/Paint.nIsElegantTextHeight(J)Z)
v3-74d1d6d4,android/graphics/Paint.nSetElegantTextHeight(JZ)V,unknown,[],1,No class-attributed compiled registration proof; absence of Java_ export alone does not prove a missing dynamically registered method.,jni-results.json#/v3-74d1d6d4/methods (id=android/graphics/Paint.nSetElegantTextHeight(JZ)V)
v3-74d1d6d4,android/graphics/Picture.nativeBeginRecording(JII)J,unknown,[],1,No class-attributed compiled registration proof; absence of Java_ export alone does not prove a missing dynamically registered method.,jni-results.json#/v3-74d1d6d4/methods (id=android/graphics/Picture.nativeBeginRecording(JII)J)
v3-74d1d6d4,android/graphics/Picture.nativeConstructor(J)J,unknown,[],2,No class-attributed compiled registration proof; absence of Java_ export alone does not prove a missing dynamically registered method.,jni-results.json#/v3-74d1d6d4/methods (id=android/graphics/Picture.nativeConstructor(J)J)
v3-74d1d6d4,android/graphics/Picture.nativeCreateFromStream(Ljava/io/InputStream;[B)J,unknown,[],1,No class-attributed compiled registration proof; absence of Java_ export alone does not prove a missing dynamically registered method.,jni-results.json#/v3-74d1d6d4/methods (id=android/graphics/Picture.nativeCreateFromStream(Ljava/io/InputStream;[B)J)
v3-74d1d6d4,android/graphics/Picture.nativeDestructor(J)V,unknown,[],7,No class-attributed compiled registration proof; absence of Java_ export alone does not prove a missing dynamically registered method.,jni-results.json#/v3-74d1d6d4/methods (id=android/graphics/Picture.nativeDestructor(J)V)
v3-74d1d6d4,android/graphics/Picture.nativeDraw(JJ)V,unknown,[],1,No class-attributed compiled registration proof; absence of Java_ export alone does not prove a missing dynamically registered method.,jni-results.json#/v3-74d1d6d4/methods (id=android/graphics/Picture.nativeDraw(JJ)V)
v3-74d1d6d4,android/graphics/Picture.nativeEndRecording(J)V,unknown,[],1,No class-attributed compiled registration proof; absence of Java_ export alone does not prove a missing dynamically registered method.,jni-results.json#/v3-74d1d6d4/methods (id=android/graphics/Picture.nativeEndRecording(J)V)
v3-74d1d6d4,android/graphics/Picture.nativeGetHeight(J)I,unknown,[],3,No class-attributed compiled registration proof; absence of Java_ export alone does not prove a missing dynamically registered method.,jni-results.json#/v3-74d1d6d4/methods (id=android/graphics/Picture.nativeGetHeight(J)I)
v3-74d1d6d4,android/graphics/Picture.nativeGetWidth(J)I,unknown,[],3,No class-attributed compiled registration proof; absence of Java_ export alone does not prove a missing dynamically registered method.,jni-results.json#/v3-74d1d6d4/methods (id=android/graphics/Picture.nativeGetWidth(J)I)
v3-74d1d6d4,android/graphics/Picture.nativeWriteToStream(JLjava/io/OutputStream;[B)Z,unknown,[],1,No class-attributed compiled registration proof; absence of Java_ export alone does not prove a missing dynamically registered method.,jni-results.json#/v3-74d1d6d4/methods (id=android/graphics/Picture.nativeWriteToStream(JLjava/io/OutputStream;[B)Z)
v3-74d1d6d4,android/graphics/PorterDuffColorFilter.native_CreateBlendModeFilter(II)J,unknown,[],1,No class-attributed compiled registration proof; absence of Java_ export alone does not prove a missing dynamically registered method.,jni-results.json#/v3-74d1d6d4/methods (id=android/graphics/PorterDuffColorFilter.native_CreateBlendModeFilter(II)J)
v3-74d1d6d4,android/graphics/RuntimeShader.nativeCreateShader(JJ)J,unknown,[],1,No class-attributed compiled registration proof; absence of Java_ export alone does not prove a missing dynamically registered method.,jni-results.json#/v3-74d1d6d4/methods (id=android/graphics/RuntimeShader.nativeCreateShader(JJ)J)
v3-74d1d6d4,android/graphics/SurfaceTexture.nativeAttachToGLContext(I)I,unknown,[],0,No class-attributed compiled registration proof; absence of Java_ export alone does not prove a missing dynamically registered method.,jni-results.json#/v3-74d1d6d4/methods (id=android/graphics/SurfaceTexture.nativeAttachToGLContext(I)I)
v3-74d1d6d4,android/graphics/SurfaceTexture.nativeDetachFromGLContext()I,unknown,[],0,No class-attributed compiled registration proof; absence of Java_ export alone does not prove a missing dynamically registered method.,jni-results.json#/v3-74d1d6d4/methods (id=android/graphics/SurfaceTexture.nativeDetachFromGLContext()I)
v3-74d1d6d4,android/graphics/SurfaceTexture.nativeFinalize()V,unknown,[],0,No class-attributed compiled registration proof; absence of Java_ export alone does not prove a missing dynamically registered method.,jni-results.json#/v3-74d1d6d4/methods (id=android/graphics/SurfaceTexture.nativeFinalize()V)
v3-74d1d6d4,android/graphics/SurfaceTexture.nativeGetDataSpace()I,unknown,[],0,No class-attributed compiled registration proof; absence of Java_ export alone does not prove a missing dynamically registered method.,jni-results.json#/v3-74d1d6d4/methods (id=android/graphics/SurfaceTexture.nativeGetDataSpace()I)
v3-74d1d6d4,android/graphics/SurfaceTexture.nativeGetTimestamp()J,unknown,[],0,No class-attributed compiled registration proof; absence of Java_ export alone does not prove a missing dynamically registered method.,jni-results.json#/v3-74d1d6d4/methods (id=android/graphics/SurfaceTexture.nativeGetTimestamp()J)
v3-74d1d6d4,android/graphics/SurfaceTexture.nativeGetTransformMatrix([F)V,unknown,[],0,No class-attributed compiled registration proof; absence of Java_ export alone does not prove a missing dynamically registered method.,jni-results.json#/v3-74d1d6d4/methods (id=android/graphics/SurfaceTexture.nativeGetTransformMatrix([F)V)
v3-74d1d6d4,android/graphics/SurfaceTexture.nativeInit(ZIZLjava/lang/ref/WeakReference;)V,unknown,[],0,No class-attributed compiled registration proof; absence of Java_ export alone does not prove a missing dynamically registered method.,jni-results.json#/v3-74d1d6d4/methods (id=android/graphics/SurfaceTexture.nativeInit(ZIZLjava/lang/ref/WeakReference;)V)
v3-74d1d6d4,android/graphics/SurfaceTexture.nativeIsReleased()Z,unknown,[],0,No class-attributed compiled registration proof; absence of Java_ export alone does not prove a missing dynamically registered method.,jni-results.json#/v3-74d1d6d4/methods (id=android/graphics/SurfaceTexture.nativeIsReleased()Z)
v3-74d1d6d4,android/graphics/SurfaceTexture.nativeRelease()V,unknown,[],0,No class-attributed compiled registration proof; absence of Java_ export alone does not prove a missing dynamically registered method.,jni-results.json#/v3-74d1d6d4/methods (id=android/graphics/SurfaceTexture.nativeRelease()V)
v3-74d1d6d4,android/graphics/SurfaceTexture.nativeReleaseTexImage()V,unknown,[],0,No class-attributed compiled registration proof; absence of Java_ export alone does not prove a missing dynamically registered method.,jni-results.json#/v3-74d1d6d4/methods (id=android/graphics/SurfaceTexture.nativeReleaseTexImage()V)
v3-74d1d6d4,android/graphics/SurfaceTexture.nativeSetDefaultBufferSize(II)V,unknown,[],0,No class-attributed compiled registration proof; absence of Java_ export alone does not prove a missing dynamically registered method.,jni-results.json#/v3-74d1d6d4/methods (id=android/graphics/SurfaceTexture.nativeSetDefaultBufferSize(II)V)
v3-74d1d6d4,android/graphics/SurfaceTexture.nativeUpdateTexImage()V,unknown,[],0,No class-attributed compiled registration proof; absence of Java_ export alone does not prove a missing dynamically registered method.,jni-results.json#/v3-74d1d6d4/methods (id=android/graphics/SurfaceTexture.nativeUpdateTexImage()V)
v3-74d1d6d4,android/graphics/TextureLayer.nPrepare(JIIZ)Z,unknown,[],0,No class-attributed compiled registration proof; absence of Java_ export alone does not prove a missing dynamically registered method.,jni-results.json#/v3-74d1d6d4/methods (id=android/graphics/TextureLayer.nPrepare(JIIZ)Z)
v3-74d1d6d4,android/graphics/TextureLayer.nSetLayerPaint(JJ)V,unknown,[],0,No class-attributed compiled registration proof; absence of Java_ export alone does not prove a missing dynamically registered method.,jni-results.json#/v3-74d1d6d4/methods (id=android/graphics/TextureLayer.nSetLayerPaint(JJ)V)
v3-74d1d6d4,android/graphics/TextureLayer.nSetSurfaceTexture(JLandroid/graphics/SurfaceTexture;)V,unknown,[],0,No class-attributed compiled registration proof; absence of Java_ export alone does not prove a missing dynamically registered method.,jni-results.json#/v3-74d1d6d4/methods (id=android/graphics/TextureLayer.nSetSurfaceTexture(JLandroid/graphics/SurfaceTexture;)V)
v3-74d1d6d4,android/graphics/TextureLayer.nSetTransform(JJ)V,unknown,[],0,No class-attributed compiled registration proof; absence of Java_ export alone does not prove a missing dynamically registered method.,jni-results.json#/v3-74d1d6d4/methods (id=android/graphics/TextureLayer.nSetTransform(JJ)V)
v3-74d1d6d4,android/graphics/TextureLayer.nUpdateSurfaceTexture(J)V,unknown,[],0,No class-attributed compiled registration proof; absence of Java_ export alone does not prove a missing dynamically registered method.,jni-results.json#/v3-74d1d6d4/methods (id=android/graphics/TextureLayer.nUpdateSurfaceTexture(J)V)
v3-74d1d6d4,android/graphics/YuvImage.nativeCompressToJpeg([BIII[I[IILjava/io/OutputStream;[B)Z,unknown,[],0,No class-attributed compiled registration proof; absence of Java_ export alone does not prove a missing dynamically registered method.,jni-results.json#/v3-74d1d6d4/methods (id=android/graphics/YuvImage.nativeCompressToJpeg([BIII[I[IILjava/io/OutputStream;[B)Z)
v3-74d1d6d4,android/graphics/YuvImage.nativeCompressToJpegR([BI[BIIIILjava/io/OutputStream;[B)Z,unknown,[],0,No class-attributed compiled registration proof; absence of Java_ export alone does not prove a missing dynamically registered method.,jni-results.json#/v3-74d1d6d4/methods (id=android/graphics/YuvImage.nativeCompressToJpegR([BI[BIIIILjava/io/OutputStream;[B)Z)
v3-74d1d6d4,android/graphics/fonts/FontFamily$Builder.nBuild(JLjava/lang/String;IZZ)J,unknown,[],1,No class-attributed compiled registration proof; absence of Java_ export alone does not prove a missing dynamically registered method.,jni-results.json#/v3-74d1d6d4/methods (id=android/graphics/fonts/FontFamily$Builder.nBuild(JLjava/lang/String;IZZ)J)
v3-74d1d6d4,android/graphics/pdf/PdfDocument.nativeClose(J)V,unknown,[],1,No class-attributed compiled registration proof; absence of Java_ export alone does not prove a missing dynamically registered method.,jni-results.json#/v3-74d1d6d4/methods (id=android/graphics/pdf/PdfDocument.nativeClose(J)V)
v3-74d1d6d4,android/graphics/pdf/PdfDocument.nativeCreateDocument()J,unknown,[],0,No class-attributed compiled registration proof; absence of Java_ export alone does not prove a missing dynamically registered method.,jni-results.json#/v3-74d1d6d4/methods (id=android/graphics/pdf/PdfDocument.nativeCreateDocument()J)
v3-74d1d6d4,android/graphics/pdf/PdfDocument.nativeFinishPage(J)V,unknown,[],0,No class-attributed compiled registration proof; absence of Java_ export alone does not prove a missing dynamically registered method.,jni-results.json#/v3-74d1d6d4/methods (id=android/graphics/pdf/PdfDocument.nativeFinishPage(J)V)
v3-74d1d6d4,android/graphics/pdf/PdfDocument.nativeStartPage(JIIIIII)J,unknown,[],0,No class-attributed compiled registration proof; absence of Java_ export alone does not prove a missing dynamically registered method.,jni-results.json#/v3-74d1d6d4/methods (id=android/graphics/pdf/PdfDocument.nativeStartPage(JIIIIII)J)
v3-74d1d6d4,android/graphics/pdf/PdfDocument.nativeWriteTo(JLjava/io/OutputStream;[B)V,unknown,[],0,No class-attributed compiled registration proof; absence of Java_ export alone does not prove a missing dynamically registered method.,jni-results.json#/v3-74d1d6d4/methods (id=android/graphics/pdf/PdfDocument.nativeWriteTo(JLjava/io/OutputStream;[B)V)
v3-74d1d6d4,android/graphics/pdf/PdfEditor.nativeClose(J)V,unknown,[],1,No class-attributed compiled registration proof; absence of Java_ export alone does not prove a missing dynamically registered method.,jni-results.json#/v3-74d1d6d4/methods (id=android/graphics/pdf/PdfEditor.nativeClose(J)V)
v3-74d1d6d4,android/graphics/pdf/PdfEditor.nativeGetPageCount(J)I,unknown,[],0,No class-attributed compiled registration proof; absence of Java_ export alone does not prove a missing dynamically registered method.,jni-results.json#/v3-74d1d6d4/methods (id=android/graphics/pdf/PdfEditor.nativeGetPageCount(J)I)
v3-74d1d6d4,android/graphics/pdf/PdfEditor.nativeGetPageCropBox(JILandroid/graphics/Rect;)Z,unknown,[],0,No class-attributed compiled registration proof; absence of Java_ export alone does not prove a missing dynamically registered method.,jni-results.json#/v3-74d1d6d4/methods (id=android/graphics/pdf/PdfEditor.nativeGetPageCropBox(JILandroid/graphics/Rect;)Z)
v3-74d1d6d4,android/graphics/pdf/PdfEditor.nativeGetPageMediaBox(JILandroid/graphics/Rect;)Z,unknown,[],0,No class-attributed compiled registration proof; absence of Java_ export alone does not prove a missing dynamically registered method.,jni-results.json#/v3-74d1d6d4/methods (id=android/graphics/pdf/PdfEditor.nativeGetPageMediaBox(JILandroid/graphics/Rect;)Z)
v3-74d1d6d4,android/graphics/pdf/PdfEditor.nativeGetPageSize(JILandroid/graphics/Point;)V,unknown,[],0,No class-attributed compiled registration proof; absence of Java_ export alone does not prove a missing dynamically registered method.,jni-results.json#/v3-74d1d6d4/methods (id=android/graphics/pdf/PdfEditor.nativeGetPageSize(JILandroid/graphics/Point;)V)
v3-74d1d6d4,android/graphics/pdf/PdfEditor.nativeOpen(IJ)J,unknown,[],0,No class-attributed compiled registration proof; absence of Java_ export alone does not prove a missing dynamically registered method.,jni-results.json#/v3-74d1d6d4/methods (id=android/graphics/pdf/PdfEditor.nativeOpen(IJ)J)
v3-74d1d6d4,android/graphics/pdf/PdfEditor.nativeRemovePage(JI)I,unknown,[],0,No class-attributed compiled registration proof; absence of Java_ export alone does not prove a missing dynamically registered method.,jni-results.json#/v3-74d1d6d4/methods (id=android/graphics/pdf/PdfEditor.nativeRemovePage(JI)I)
v3-74d1d6d4,android/graphics/pdf/PdfEditor.nativeScaleForPrinting(J)Z,unknown,[],0,No class-attributed compiled registration proof; absence of Java_ export alone does not prove a missing dynamically registered method.,jni-results.json#/v3-74d1d6d4/methods (id=android/graphics/pdf/PdfEditor.nativeScaleForPrinting(J)Z)
v3-74d1d6d4,android/graphics/pdf/PdfEditor.nativeSetPageCropBox(JILandroid/graphics/Rect;)V,unknown,[],0,No class-attributed compiled registration proof; absence of Java_ export alone does not prove a missing dynamically registered method.,jni-results.json#/v3-74d1d6d4/methods (id=android/graphics/pdf/PdfEditor.nativeSetPageCropBox(JILandroid/graphics/Rect;)V)
v3-74d1d6d4,android/graphics/pdf/PdfEditor.nativeSetPageMediaBox(JILandroid/graphics/Rect;)V,unknown,[],0,No class-attributed compiled registration proof; absence of Java_ export alone does not prove a missing dynamically registered method.,jni-results.json#/v3-74d1d6d4/methods (id=android/graphics/pdf/PdfEditor.nativeSetPageMediaBox(JILandroid/graphics/Rect;)V)
v3-74d1d6d4,android/graphics/pdf/PdfEditor.nativeSetTransformAndClip(JIJIIII)V,unknown,[],0,No class-attributed compiled registration proof; absence of Java_ export alone does not prove a missing dynamically registered method.,jni-results.json#/v3-74d1d6d4/methods (id=android/graphics/pdf/PdfEditor.nativeSetTransformAndClip(JIJIIII)V)
v3-74d1d6d4,android/graphics/pdf/PdfEditor.nativeWrite(JI)V,unknown,[],0,No class-attributed compiled registration proof; absence of Java_ export alone does not prove a missing dynamically registered method.,jni-results.json#/v3-74d1d6d4/methods (id=android/graphics/pdf/PdfEditor.nativeWrite(JI)V)
v3-74d1d6d4,android/graphics/pdf/PdfRenderer.nativeClose(J)V,unknown,[],1,No class-attributed compiled registration proof; absence of Java_ export alone does not prove a missing dynamically registered method.,jni-results.json#/v3-74d1d6d4/methods (id=android/graphics/pdf/PdfRenderer.nativeClose(J)V)
v3-74d1d6d4,android/graphics/pdf/PdfRenderer.nativeClosePage(J)V,unknown,[],0,No class-attributed compiled registration proof; absence of Java_ export alone does not prove a missing dynamically registered method.,jni-results.json#/v3-74d1d6d4/methods (id=android/graphics/pdf/PdfRenderer.nativeClosePage(J)V)
v3-74d1d6d4,android/graphics/pdf/PdfRenderer.nativeCreate(IJ)J,unknown,[],0,No class-attributed compiled registration proof; absence of Java_ export alone does not prove a missing dynamically registered method.,jni-results.json#/v3-74d1d6d4/methods (id=android/graphics/pdf/PdfRenderer.nativeCreate(IJ)J)
v3-74d1d6d4,android/graphics/pdf/PdfRenderer.nativeGetPageCount(J)I,unknown,[],0,No class-attributed compiled registration proof; absence of Java_ export alone does not prove a missing dynamically registered method.,jni-results.json#/v3-74d1d6d4/methods (id=android/graphics/pdf/PdfRenderer.nativeGetPageCount(J)I)
v3-74d1d6d4,android/graphics/pdf/PdfRenderer.nativeOpenPageAndGetSize(JILandroid/graphics/Point;)J,unknown,[],0,No class-attributed compiled registration proof; absence of Java_ export alone does not prove a missing dynamically registered method.,jni-results.json#/v3-74d1d6d4/methods (id=android/graphics/pdf/PdfRenderer.nativeOpenPageAndGetSize(JILandroid/graphics/Point;)J)
v3-74d1d6d4,android/graphics/pdf/PdfRenderer.nativeRenderPage(JJJIIIIJI)V,unknown,[],0,No class-attributed compiled registration proof; absence of Java_ export alone does not prove a missing dynamically registered method.,jni-results.json#/v3-74d1d6d4/methods (id=android/graphics/pdf/PdfRenderer.nativeRenderPage(JJJIIIIJI)V)
v3-74d1d6d4,android/graphics/pdf/PdfRenderer.nativeScaleForPrinting(J)Z,unknown,[],0,No class-attributed compiled registration proof; absence of Java_ export alone does not prove a missing dynamically registered method.,jni-results.json#/v3-74d1d6d4/methods (id=android/graphics/pdf/PdfRenderer.nativeScaleForPrinting(J)Z)
v3-74d1d6d4,android/graphics/text/LineBreaker.nInit(IIZ[I)J,unknown,[],1,No class-attributed compiled registration proof; absence of Java_ export alone does not prove a missing dynamically registered method.,jni-results.json#/v3-74d1d6d4/methods (id=android/graphics/text/LineBreaker.nInit(IIZ[I)J)
v3-74d1d6d4,android/graphics/text/MeasuredText$Builder.nAddStyleRun(JJIIIIZ)V,unknown,[],1,No class-attributed compiled registration proof; absence of Java_ export alone does not prove a missing dynamically registered method.,jni-results.json#/v3-74d1d6d4/methods (id=android/graphics/text/MeasuredText$Builder.nAddStyleRun(JJIIIIZ)V)
v3-74d1d6d4,android/graphics/text/MeasuredText$Builder.nBuildMeasuredText(JJ[CZZZ)J,unknown,[],1,No class-attributed compiled registration proof; absence of Java_ export alone does not prove a missing dynamically registered method.,jni-results.json#/v3-74d1d6d4/methods (id=android/graphics/text/MeasuredText$Builder.nBuildMeasuredText(JJ[CZZZ)J)
v3-74d1d6d4,android/hardware/Camera.reconnect()V,unknown,"[""opencamera""]",0,No class-attributed compiled registration proof; absence of Java_ export alone does not prove a missing dynamically registered method.,jni-results.json#/v3-74d1d6d4/methods (id=android/hardware/Camera.reconnect()V)
v3-74d1d6d4,android/hardware/Camera.setDisplayOrientation(I)V,unknown,"[""fd-catima"",""fd-fennec_fdroid"",""fd-fluffychat"",""opencamera""]",0,No class-attributed compiled registration proof; absence of Java_ export alone does not prove a missing dynamically registered method.,jni-results.json#/v3-74d1d6d4/methods (id=android/hardware/Camera.setDisplayOrientation(I)V)
v3-74d1d6d4,android/hardware/Camera.setPreviewTexture(Landroid/graphics/SurfaceTexture;)V,unknown,"[""fd-catima"",""fd-fennec_fdroid"",""fd-fluffychat"",""opencamera""]",0,No class-attributed compiled registration proof; absence of Java_ export alone does not prove a missing dynamically registered method.,jni-results.json#/v3-74d1d6d4/methods (id=android/hardware/Camera.setPreviewTexture(Landroid/graphics/SurfaceTexture;)V)
v3-74d1d6d4,android/hardware/Camera.startPreview()V,unknown,"[""fd-catima"",""fd-fennec_fdroid"",""fd-fluffychat"",""opencamera""]",0,No class-attributed compiled registration proof; absence of Java_ export alone does not prove a missing dynamically registered method.,jni-results.json#/v3-74d1d6d4/methods (id=android/hardware/Camera.startPreview()V)
v3-74d1d6d4,android/hardware/Camera.unlock()V,unknown,"[""opencamera""]",0,No class-attributed compiled registration proof; absence of Java_ export alone does not prove a missing dynamically registered method.,jni-results.json#/v3-74d1d6d4/methods (id=android/hardware/Camera.unlock()V)
v3-74d1d6d4,android/media/MediaCodec.createInputSurface()Landroid/view/Surface;,unknown,"[""burgerking"",""fd-fluffychat"",""opencamera""]",0,No class-attributed compiled registration proof; absence of Java_ export alone does not prove a missing dynamically registered method.,jni-results.json#/v3-74d1d6d4/methods (id=android/media/MediaCodec.createInputSurface()Landroid/view/Surface;)
v3-74d1d6d4,android/media/MediaCodec.setVideoScalingMode(I)V,unknown,"[""burgerking"",""fd-fennec_fdroid"",""fd-fluffychat"",""fd-immich"",""fd-mobile"",""localsend""]",0,No class-attributed compiled registration proof; absence of Java_ export alone does not prove a missing dynamically registered method.,jni-results.json#/v3-74d1d6d4/methods (id=android/media/MediaCodec.setVideoScalingMode(I)V)
v3-74d1d6d4,android/media/MediaCodec.signalEndOfInputStream()V,unknown,"[""burgerking"",""fd-fluffychat"",""opencamera""]",0,No class-attributed compiled registration proof; absence of Java_ export alone does not prove a missing dynamically registered method.,jni-results.json#/v3-74d1d6d4/methods (id=android/media/MediaCodec.signalEndOfInputStream()V)
v3-74d1d6d4,android/media/MediaCrypto.release()V,unknown,"[""burgerking"",""fd-fennec_fdroid"",""fd-fluffychat"",""fd-immich"",""fd-mobile"",""localsend"",""noice""]",0,No class-attributed compiled registration proof; absence of Java_ export alone does not prove a missing dynamically registered method.,jni-results.json#/v3-74d1d6d4/methods (id=android/media/MediaCrypto.release()V)
v3-74d1d6d4,android/media/MediaCrypto.requiresSecureDecoderComponent(Ljava/lang/String;)Z,unknown,"[""burgerking"",""fd-fluffychat"",""fd-mobile"",""noice""]",0,No class-attributed compiled registration proof; absence of Java_ export alone does not prove a missing dynamically registered method.,jni-results.json#/v3-74d1d6d4/methods (id=android/media/MediaCrypto.requiresSecureDecoderComponent(Ljava/lang/String;)Z)
v3-74d1d6d4,android/media/MediaCrypto.setMediaDrmSession([B)V,unknown,"[""burgerking"",""fd-fennec_fdroid"",""fd-fluffychat"",""fd-immich"",""fd-mobile"",""localsend"",""noice""]",0,No class-attributed compiled registration proof; absence of Java_ export alone does not prove a missing dynamically registered method.,jni-results.json#/v3-74d1d6d4/methods (id=android/media/MediaCrypto.setMediaDrmSession([B)V)
v3-74d1d6d4,android/media/MediaDrm.getPropertyByteArray(Ljava/lang/String;)[B,unknown,"[""burgerking""]",0,No class-attributed compiled registration proof; absence of Java_ export alone does not prove a missing dynamically registered method.,jni-results.json#/v3-74d1d6d4/methods (id=android/media/MediaDrm.getPropertyByteArray(Ljava/lang/String;)[B)
v3-74d1d6d4,android/media/MediaDrm.getPropertyString(Ljava/lang/String;)Ljava/lang/String;,unknown,"[""burgerking"",""fd-fluffychat"",""fd-mobile"",""noice""]",0,No class-attributed compiled registration proof; absence of Java_ export alone does not prove a missing dynamically registered method.,jni-results.json#/v3-74d1d6d4/methods (id=android/media/MediaDrm.getPropertyString(Ljava/lang/String;)Ljava/lang/String;)
v3-74d1d6d4,android/media/MediaDrm.getSecurityLevel([B)I,unknown,"[""burgerking"",""fd-fluffychat"",""fd-mobile""]",0,No class-attributed compiled registration proof; absence of Java_ export alone does not prove a missing dynamically registered method.,jni-results.json#/v3-74d1d6d4/methods (id=android/media/MediaDrm.getSecurityLevel([B)I)
v3-74d1d6d4,android/media/MediaDrm.provideKeyResponse([B[B)[B,unknown,"[""burgerking"",""fd-fennec_fdroid"",""fd-fluffychat"",""fd-mobile"",""noice""]",0,No class-attributed compiled registration proof; absence of Java_ export alone does not prove a missing dynamically registered method.,jni-results.json#/v3-74d1d6d4/methods (id=android/media/MediaDrm.provideKeyResponse([B[B)[B)
v3-74d1d6d4,android/media/MediaDrm.queryKeyStatus([B)Ljava/util/HashMap;,unknown,"[""burgerking"",""fd-fluffychat"",""fd-mobile"",""noice""]",0,No class-attributed compiled registration proof; absence of Java_ export alone does not prove a missing dynamically registered method.,jni-results.json#/v3-74d1d6d4/methods (id=android/media/MediaDrm.queryKeyStatus([B)Ljava/util/HashMap;)
v3-74d1d6d4,android/media/MediaDrm.requiresSecureDecoder(Ljava/lang/String;I)Z,unknown,"[""burgerking"",""fd-fluffychat"",""fd-mobile""]",0,No class-attributed compiled registration proof; absence of Java_ export alone does not prove a missing dynamically registered method.,jni-results.json#/v3-74d1d6d4/methods (id=android/media/MediaDrm.requiresSecureDecoder(Ljava/lang/String;I)Z)
v3-74d1d6d4,android/media/MediaDrm.restoreKeys([B[B)V,unknown,"[""burgerking"",""fd-fluffychat"",""fd-mobile"",""noice""]",0,No class-attributed compiled registration proof; absence of Java_ export alone does not prove a missing dynamically registered method.,jni-results.json#/v3-74d1d6d4/methods (id=android/media/MediaDrm.restoreKeys([B[B)V)
v3-74d1d6d4,android/media/MediaDrm.setPropertyByteArray(Ljava/lang/String;[B)V,unknown,"[""fd-fennec_fdroid""]",0,No class-attributed compiled registration proof; absence of Java_ export alone does not prove a missing dynamically registered method.,jni-results.json#/v3-74d1d6d4/methods (id=android/media/MediaDrm.setPropertyByteArray(Ljava/lang/String;[B)V)
v3-74d1d6d4,android/media/MediaDrm.setPropertyString(Ljava/lang/String;Ljava/lang/String;)V,unknown,"[""burgerking"",""fd-fennec_fdroid"",""fd-fluffychat"",""fd-mobile"",""noice""]",0,No class-attributed compiled registration proof; absence of Java_ export alone does not prove a missing dynamically registered method.,jni-results.json#/v3-74d1d6d4/methods (id=android/media/MediaDrm.setPropertyString(Ljava/lang/String;Ljava/lang/String;)V)
v3-74d1d6d4,android/media/MediaExtractor.advance()Z,unknown,"[""fd-fluffychat""]",0,No class-attributed compiled registration proof; absence of Java_ export alone does not prove a missing dynamically registered method.,jni-results.json#/v3-74d1d6d4/methods (id=android/media/MediaExtractor.advance()Z)
v3-74d1d6d4,android/media/MediaExtractor.getSampleFlags()I,unknown,"[""fd-fluffychat""]",0,No class-attributed compiled registration proof; absence of Java_ export alone does not prove a missing dynamically registered method.,jni-results.json#/v3-74d1d6d4/methods (id=android/media/MediaExtractor.getSampleFlags()I)
v3-74d1d6d4,android/media/MediaExtractor.getSampleTime()J,unknown,"[""fd-fluffychat""]",0,No class-attributed compiled registration proof; absence of Java_ export alone does not prove a missing dynamically registered method.,jni-results.json#/v3-74d1d6d4/methods (id=android/media/MediaExtractor.getSampleTime()J)
v3-74d1d6d4,android/media/MediaExtractor.getSampleTrackIndex()I,unknown,"[""fd-fluffychat""]",0,No class-attributed compiled registration proof; absence of Java_ export alone does not prove a missing dynamically registered method.,jni-results.json#/v3-74d1d6d4/methods (id=android/media/MediaExtractor.getSampleTrackIndex()I)
v3-74d1d6d4,android/media/MediaExtractor.getTrackCount()I,unknown,"[""burgerking"",""fd-android"",""fd-fluffychat"",""fd-immich"",""fd-k9"",""fd-kitchenowl"",""fd-libre"",""fd-saber"",""localsend""]",0,No class-attributed compiled registration proof; absence of Java_ export alone does not prove a missing dynamically registered method.,jni-results.json#/v3-74d1d6d4/methods (id=android/media/MediaExtractor.getTrackCount()I)
v3-74d1d6d4,android/media/MediaExtractor.readSampleData(Ljava/nio/ByteBuffer;I)I,unknown,"[""fd-fluffychat""]",0,No class-attributed compiled registration proof; absence of Java_ export alone does not prove a missing dynamically registered method.,jni-results.json#/v3-74d1d6d4/methods (id=android/media/MediaExtractor.readSampleData(Ljava/nio/ByteBuffer;I)I)
v3-74d1d6d4,android/media/MediaExtractor.release()V,unknown,"[""burgerking"",""fd-android"",""fd-fluffychat"",""fd-immich"",""fd-k9"",""fd-libre"",""localsend""]",0,No class-attributed compiled registration proof; absence of Java_ export alone does not prove a missing dynamically registered method.,jni-results.json#/v3-74d1d6d4/methods (id=android/media/MediaExtractor.release()V)
v3-74d1d6d4,android/media/MediaExtractor.seekTo(JI)V,unknown,"[""fd-fluffychat""]",0,No class-attributed compiled registration proof; absence of Java_ export alone does not prove a missing dynamically registered method.,jni-results.json#/v3-74d1d6d4/methods (id=android/media/MediaExtractor.seekTo(JI)V)
v3-74d1d6d4,android/media/MediaExtractor.selectTrack(I)V,unknown,"[""fd-fluffychat""]",0,No class-attributed compiled registration proof; absence of Java_ export alone does not prove a missing dynamically registered method.,jni-results.json#/v3-74d1d6d4/methods (id=android/media/MediaExtractor.selectTrack(I)V)
v3-74d1d6d4,android/media/MediaExtractor.setDataSource(Landroid/media/MediaDataSource;)V,unknown,"[""burgerking"",""fd-android"",""fd-fluffychat"",""fd-immich"",""fd-k9"",""fd-kitchenowl"",""fd-libre"",""fd-saber"",""localsend""]",0,No class-attributed compiled registration proof; absence of Java_ export alone does not prove a missing dynamically registered method.,jni-results.json#/v3-74d1d6d4/methods (id=android/media/MediaExtractor.setDataSource(Landroid/media/MediaDataSource;)V)
v3-74d1d6d4,android/media/MediaExtractor.setDataSource(Ljava/io/FileDescriptor;JJ)V,unknown,"[""burgerking"",""fd-android"",""fd-immich"",""fd-k9"",""fd-libre"",""localsend""]",0,No class-attributed compiled registration proof; absence of Java_ export alone does not prove a missing dynamically registered method.,jni-results.json#/v3-74d1d6d4/methods (id=android/media/MediaExtractor.setDataSource(Ljava/io/FileDescriptor;JJ)V)
v3-74d1d6d4,android/media/MediaExtractor.unselectTrack(I)V,unknown,"[""fd-fluffychat""]",0,No class-attributed compiled registration proof; absence of Java_ export alone does not prove a missing dynamically registered method.,jni-results.json#/v3-74d1d6d4/methods (id=android/media/MediaExtractor.unselectTrack(I)V)
v3-74d1d6d4,android/media/MediaMetadataRetriever.release()V,unknown,"[""burgerking"",""fd-android"",""fd-binaryeye"",""fd-catima"",""fd-etar"",""fd-fennec_fdroid"",""fd-fluffychat"",""fd-immich"",""fd-k9"",""fd-kitchenowl"",""fd-libre"",""fd-minetest"",""fd-mobile"",""fd-saber"",""localsend"",""ooniprobe"",""opencamera""]",0,No class-attributed compiled registration proof; absence of Java_ export alone does not prove a missing dynamically registered method.,jni-results.json#/v3-74d1d6d4/methods (id=android/media/MediaMetadataRetriever.release()V)
v3-74d1d6d4,android/media/MediaRecorder.getMaxAmplitude()I,unknown,"[""burgerking"",""fd-fluffychat"",""opencamera""]",0,No class-attributed compiled registration proof; absence of Java_ export alone does not prove a missing dynamically registered method.,jni-results.json#/v3-74d1d6d4/methods (id=android/media/MediaRecorder.getMaxAmplitude()I)
v3-74d1d6d4,android/media/MediaRecorder.getSurface()Landroid/view/Surface;,unknown,"[""opencamera""]",0,No class-attributed compiled registration proof; absence of Java_ export alone does not prove a missing dynamically registered method.,jni-results.json#/v3-74d1d6d4/methods (id=android/media/MediaRecorder.getSurface()Landroid/view/Surface;)
v3-74d1d6d4,android/media/MediaRecorder.pause()V,unknown,"[""burgerking"",""fd-fluffychat"",""opencamera""]",0,No class-attributed compiled registration proof; absence of Java_ export alone does not prove a missing dynamically registered method.,jni-results.json#/v3-74d1d6d4/methods (id=android/media/MediaRecorder.pause()V)
v3-74d1d6d4,android/media/MediaRecorder.release()V,unknown,"[""burgerking"",""fd-fluffychat"",""opencamera""]",0,No class-attributed compiled registration proof; absence of Java_ export alone does not prove a missing dynamically registered method.,jni-results.json#/v3-74d1d6d4/methods (id=android/media/MediaRecorder.release()V)
v3-74d1d6d4,android/media/MediaRecorder.resume()V,unknown,"[""burgerking"",""fd-fluffychat"",""opencamera""]",0,No class-attributed compiled registration proof; absence of Java_ export alone does not prove a missing dynamically registered method.,jni-results.json#/v3-74d1d6d4/methods (id=android/media/MediaRecorder.resume()V)
v3-74d1d6d4,android/media/MediaRecorder.setAudioEncoder(I)V,unknown,"[""burgerking"",""fd-fluffychat"",""opencamera""]",0,No class-attributed compiled registration proof; absence of Java_ export alone does not prove a missing dynamically registered method.,jni-results.json#/v3-74d1d6d4/methods (id=android/media/MediaRecorder.setAudioEncoder(I)V)
v3-74d1d6d4,android/media/MediaRecorder.setAudioSource(I)V,unknown,"[""burgerking"",""fd-fluffychat"",""opencamera""]",0,No class-attributed compiled registration proof; absence of Java_ export alone does not prove a missing dynamically registered method.,jni-results.json#/v3-74d1d6d4/methods (id=android/media/MediaRecorder.setAudioSource(I)V)
v3-74d1d6d4,android/media/MediaRecorder.setCamera(Landroid/hardware/Camera;)V,unknown,"[""opencamera""]",0,No class-attributed compiled registration proof; absence of Java_ export alone does not prove a missing dynamically registered method.,jni-results.json#/v3-74d1d6d4/methods (id=android/media/MediaRecorder.setCamera(Landroid/hardware/Camera;)V)
v3-74d1d6d4,android/media/MediaRecorder.setMaxDuration(I)V,unknown,"[""opencamera""]",0,No class-attributed compiled registration proof; absence of Java_ export alone does not prove a missing dynamically registered method.,jni-results.json#/v3-74d1d6d4/methods (id=android/media/MediaRecorder.setMaxDuration(I)V)
v3-74d1d6d4,android/media/MediaRecorder.setMaxFileSize(J)V,unknown,"[""burgerking"",""opencamera""]",0,No class-attributed compiled registration proof; absence of Java_ export alone does not prove a missing dynamically registered method.,jni-results.json#/v3-74d1d6d4/methods (id=android/media/MediaRecorder.setMaxFileSize(J)V)
v3-74d1d6d4,android/media/MediaRecorder.setOutputFormat(I)V,unknown,"[""burgerking"",""fd-fluffychat"",""opencamera""]",0,No class-attributed compiled registration proof; absence of Java_ export alone does not prove a missing dynamically registered method.,jni-results.json#/v3-74d1d6d4/methods (id=android/media/MediaRecorder.setOutputFormat(I)V)
v3-74d1d6d4,android/media/MediaRecorder.setVideoEncoder(I)V,unknown,"[""opencamera""]",0,No class-attributed compiled registration proof; absence of Java_ export alone does not prove a missing dynamically registered method.,jni-results.json#/v3-74d1d6d4/methods (id=android/media/MediaRecorder.setVideoEncoder(I)V)
v3-74d1d6d4,android/media/MediaRecorder.setVideoFrameRate(I)V,unknown,"[""opencamera""]",0,No class-attributed compiled registration proof; absence of Java_ export alone does not prove a missing dynamically registered method.,jni-results.json#/v3-74d1d6d4/methods (id=android/media/MediaRecorder.setVideoFrameRate(I)V)
v3-74d1d6d4,android/media/MediaRecorder.setVideoSize(II)V,unknown,"[""opencamera""]",0,No class-attributed compiled registration proof; absence of Java_ export alone does not prove a missing dynamically registered method.,jni-results.json#/v3-74d1d6d4/methods (id=android/media/MediaRecorder.setVideoSize(II)V)
v3-74d1d6d4,android/media/MediaRecorder.setVideoSource(I)V,unknown,"[""opencamera""]",0,No class-attributed compiled registration proof; absence of Java_ export alone does not prove a missing dynamically registered method.,jni-results.json#/v3-74d1d6d4/methods (id=android/media/MediaRecorder.setVideoSource(I)V)
v3-74d1d6d4,android/media/MediaRecorder.start()V,unknown,"[""burgerking"",""fd-fluffychat"",""opencamera""]",0,No class-attributed compiled registration proof; absence of Java_ export alone does not prove a missing dynamically registered method.,jni-results.json#/v3-74d1d6d4/methods (id=android/media/MediaRecorder.start()V)
v3-74d1d6d4,android/media/MediaRecorder.stop()V,unknown,"[""burgerking"",""fd-fluffychat"",""opencamera""]",0,No class-attributed compiled registration proof; absence of Java_ export alone does not prove a missing dynamically registered method.,jni-results.json#/v3-74d1d6d4/methods (id=android/media/MediaRecorder.stop()V)
v3-74d1d6d4,android/media/ToneGenerator.release()V,unknown,"[""fd-binaryeye""]",0,No class-attributed compiled registration proof; absence of Java_ export alone does not prove a missing dynamically registered method.,jni-results.json#/v3-74d1d6d4/methods (id=android/media/ToneGenerator.release()V)
v3-74d1d6d4,android/media/ToneGenerator.startTone(II)Z,unknown,"[""fd-binaryeye""]",0,No class-attributed compiled registration proof; absence of Java_ export alone does not prove a missing dynamically registered method.,jni-results.json#/v3-74d1d6d4/methods (id=android/media/ToneGenerator.startTone(II)Z)
v3-74d1d6d4,android/opengl/EGLExt.eglPresentationTimeANDROID(Landroid/opengl/EGLDisplay;Landroid/opengl/EGLSurface;J)Z,unknown,"[""burgerking"",""fd-android"",""fd-binaryeye"",""fd-fluffychat"",""fd-k9""]",0,No class-attributed compiled registration proof; absence of Java_ export alone does not prove a missing dynamically registered method.,jni-results.json#/v3-74d1d6d4/methods (id=android/opengl/EGLExt.eglPresentationTimeANDROID(Landroid/opengl/EGLDisplay;Landroid/opengl/EGLSurface;J)Z)
v3-74d1d6d4,android/os/Debug.getMemoryInfo(Landroid/os/Debug$MemoryInfo;)V,unknown,"[""burgerking"",""fd-fennec_fdroid""]",0,No class-attributed compiled registration proof; absence of Java_ export alone does not prove a missing dynamically registered method.,jni-results.json#/v3-74d1d6d4/methods (id=android/os/Debug.getMemoryInfo(Landroid/os/Debug$MemoryInfo;)V)
v3-74d1d6d4,android/os/Process.getThreadPriority(I)I,unknown,"[""burgerking"",""fd-immich""]",0,No class-attributed compiled registration proof; absence of Java_ export alone does not prove a missing dynamically registered method.,jni-results.json#/v3-74d1d6d4/methods (id=android/os/Process.getThreadPriority(I)I)
v3-74d1d6d4,android/view/CompositionSamplingListener.nativeCreate(Landroid/view/CompositionSamplingListener;)J,unknown,[],0,No class-attributed compiled registration proof; absence of Java_ export alone does not prove a missing dynamically registered method.,jni-results.json#/v3-74d1d6d4/methods (id=android/view/CompositionSamplingListener.nativeCreate(Landroid/view/CompositionSamplingListener;)J)
v3-74d1d6d4,android/view/CompositionSamplingListener.nativeDestroy(J)V,unknown,[],18,No class-attributed compiled registration proof; absence of Java_ export alone does not prove a missing dynamically registered method.,jni-results.json#/v3-74d1d6d4/methods (id=android/view/CompositionSamplingListener.nativeDestroy(J)V)
v3-74d1d6d4,android/view/CompositionSamplingListener.nativeRegister(JJIIII)V,unknown,[],0,No class-attributed compiled registration proof; absence of Java_ export alone does not prove a missing dynamically registered method.,jni-results.json#/v3-74d1d6d4/methods (id=android/view/CompositionSamplingListener.nativeRegister(JJIIII)V)
v3-74d1d6d4,android/view/CompositionSamplingListener.nativeUnregister(J)V,unknown,[],0,No class-attributed compiled registration proof; absence of Java_ export alone does not prove a missing dynamically registered method.,jni-results.json#/v3-74d1d6d4/methods (id=android/view/CompositionSamplingListener.nativeUnregister(J)V)
v3-74d1d6d4,android/view/DisplayEventReceiver.nativeInit(Ljava/lang/ref/WeakReference;Ljava/lang/ref/WeakReference;Landroid/os/MessageQueue;IIJ)J,unknown,[],2,No class-attributed compiled registration proof; absence of Java_ export alone does not prove a missing dynamically registered method.,jni-results.json#/v3-74d1d6d4/methods (id=android/view/DisplayEventReceiver.nativeInit(Ljava/lang/ref/WeakReference;Ljava/lang/ref/WeakReference;Landroid/os/MessageQueue;IIJ)J)
v3-74d1d6d4,android/view/InputApplicationHandle.nativeDispose()V,unknown,[],0,No class-attributed compiled registration proof; absence of Java_ export alone does not prove a missing dynamically registered method.,jni-results.json#/v3-74d1d6d4/methods (id=android/view/InputApplicationHandle.nativeDispose()V)
v3-74d1d6d4,android/view/InputEventSender.nativeDispose(J)V,unknown,[],9,No class-attributed compiled registration proof; absence of Java_ export alone does not prove a missing dynamically registered method.,jni-results.json#/v3-74d1d6d4/methods (id=android/view/InputEventSender.nativeDispose(J)V)
v3-74d1d6d4,android/view/InputEventSender.nativeInit(Ljava/lang/ref/WeakReference;Landroid/view/InputChannel;Landroid/os/MessageQueue;)J,unknown,[],2,No class-attributed compiled registration proof; absence of Java_ export alone does not prove a missing dynamically registered method.,jni-results.json#/v3-74d1d6d4/methods (id=android/view/InputEventSender.nativeInit(Ljava/lang/ref/WeakReference;Landroid/view/InputChannel;Landroid/os/MessageQueue;)J)
v3-74d1d6d4,android/view/InputEventSender.nativeSendKeyEvent(JILandroid/view/KeyEvent;)Z,unknown,[],0,No class-attributed compiled registration proof; absence of Java_ export alone does not prove a missing dynamically registered method.,jni-results.json#/v3-74d1d6d4/methods (id=android/view/InputEventSender.nativeSendKeyEvent(JILandroid/view/KeyEvent;)Z)
v3-74d1d6d4,android/view/InputEventSender.nativeSendMotionEvent(JILandroid/view/MotionEvent;)Z,unknown,[],0,No class-attributed compiled registration proof; absence of Java_ export alone does not prove a missing dynamically registered method.,jni-results.json#/v3-74d1d6d4/methods (id=android/view/InputEventSender.nativeSendMotionEvent(JILandroid/view/MotionEvent;)Z)
v3-74d1d6d4,android/view/InputQueue.nativeDispose(J)V,unknown,[],9,No class-attributed compiled registration proof; absence of Java_ export alone does not prove a missing dynamically registered method.,jni-results.json#/v3-74d1d6d4/methods (id=android/view/InputQueue.nativeDispose(J)V)
v3-74d1d6d4,android/view/InputQueue.nativeInit(Ljava/lang/ref/WeakReference;Landroid/os/MessageQueue;)J,unknown,[],0,No class-attributed compiled registration proof; absence of Java_ export alone does not prove a missing dynamically registered method.,jni-results.json#/v3-74d1d6d4/methods (id=android/view/InputQueue.nativeInit(Ljava/lang/ref/WeakReference;Landroid/os/MessageQueue;)J)
v3-74d1d6d4,android/view/InputQueue.nativeSendKeyEvent(JLandroid/view/KeyEvent;Z)J,unknown,[],0,No class-attributed compiled registration proof; absence of Java_ export alone does not prove a missing dynamically registered method.,jni-results.json#/v3-74d1d6d4/methods (id=android/view/InputQueue.nativeSendKeyEvent(JLandroid/view/KeyEvent;Z)J)
v3-74d1d6d4,android/view/InputQueue.nativeSendMotionEvent(JLandroid/view/MotionEvent;)J,unknown,[],0,No class-attributed compiled registration proof; absence of Java_ export alone does not prove a missing dynamically registered method.,jni-results.json#/v3-74d1d6d4/methods (id=android/view/InputQueue.nativeSendMotionEvent(JLandroid/view/MotionEvent;)J)
v3-74d1d6d4,android/view/InputWindowHandle.nativeDispose()V,unknown,[],0,No class-attributed compiled registration proof; absence of Java_ export alone does not prove a missing dynamically registered method.,jni-results.json#/v3-74d1d6d4/methods (id=android/view/InputWindowHandle.nativeDispose()V)
v3-74d1d6d4,android/view/MotionPredictor.nativeGetNativeMotionPredictorFinalizer()J,unknown,[],0,No class-attributed compiled registration proof; absence of Java_ export alone does not prove a missing dynamically registered method.,jni-results.json#/v3-74d1d6d4/methods (id=android/view/MotionPredictor.nativeGetNativeMotionPredictorFinalizer()J)
v3-74d1d6d4,android/view/MotionPredictor.nativeInitialize(I)J,unknown,[],0,No class-attributed compiled registration proof; absence of Java_ export alone does not prove a missing dynamically registered method.,jni-results.json#/v3-74d1d6d4/methods (id=android/view/MotionPredictor.nativeInitialize(I)J)
v3-74d1d6d4,android/view/MotionPredictor.nativeIsPredictionAvailable(JII)Z,unknown,[],0,No class-attributed compiled registration proof; absence of Java_ export alone does not prove a missing dynamically registered method.,jni-results.json#/v3-74d1d6d4/methods (id=android/view/MotionPredictor.nativeIsPredictionAvailable(JII)Z)
v3-74d1d6d4,android/view/MotionPredictor.nativePredict(JJ)Landroid/view/MotionEvent;,unknown,[],0,No class-attributed compiled registration proof; absence of Java_ export alone does not prove a missing dynamically registered method.,jni-results.json#/v3-74d1d6d4/methods (id=android/view/MotionPredictor.nativePredict(JJ)Landroid/view/MotionEvent;)
v3-74d1d6d4,android/view/MotionPredictor.nativeRecord(JLandroid/view/MotionEvent;)V,unknown,[],0,No class-attributed compiled registration proof; absence of Java_ export alone does not prove a missing dynamically registered method.,jni-results.json#/v3-74d1d6d4/methods (id=android/view/MotionPredictor.nativeRecord(JLandroid/view/MotionEvent;)V)
v3-74d1d6d4,android/view/Surface.nativeAllocateBuffers(J)V,unknown,[],2,No class-attributed compiled registration proof; absence of Java_ export alone does not prove a missing dynamically registered method.,jni-results.json#/v3-74d1d6d4/methods (id=android/view/Surface.nativeAllocateBuffers(J)V)
v3-74d1d6d4,android/view/Surface.nativeAttachAndQueueBufferWithColorSpace(JLandroid/hardware/HardwareBuffer;I)I,unknown,[],2,No class-attributed compiled registration proof; absence of Java_ export alone does not prove a missing dynamically registered method.,jni-results.json#/v3-74d1d6d4/methods (id=android/view/Surface.nativeAttachAndQueueBufferWithColorSpace(JLandroid/hardware/HardwareBuffer;I)I)
v3-74d1d6d4,android/view/Surface.nativeCreateFromSurfaceControl(J)J,unknown,[],2,No class-attributed compiled registration proof; absence of Java_ export alone does not prove a missing dynamically registered method.,jni-results.json#/v3-74d1d6d4/methods (id=android/view/Surface.nativeCreateFromSurfaceControl(J)J)
v3-74d1d6d4,android/view/Surface.nativeCreateFromSurfaceTexture(Landroid/graphics/SurfaceTexture;)J,unknown,[],2,No class-attributed compiled registration proof; absence of Java_ export alone does not prove a missing dynamically registered method.,jni-results.json#/v3-74d1d6d4/methods (id=android/view/Surface.nativeCreateFromSurfaceTexture(Landroid/graphics/SurfaceTexture;)J)
v3-74d1d6d4,android/view/Surface.nativeDestroy(J)V,unknown,[],18,No class-attributed compiled registration proof; absence of Java_ export alone does not prove a missing dynamically registered method.,jni-results.json#/v3-74d1d6d4/methods (id=android/view/Surface.nativeDestroy(J)V)
v3-74d1d6d4,android/view/Surface.nativeForceScopedDisconnect(J)I,unknown,[],2,No class-attributed compiled registration proof; absence of Java_ export alone does not prove a missing dynamically registered method.,jni-results.json#/v3-74d1d6d4/methods (id=android/view/Surface.nativeForceScopedDisconnect(J)I)
v3-74d1d6d4,android/view/Surface.nativeGetFromBlastBufferQueue(JJ)J,unknown,[],2,No class-attributed compiled registration proof; absence of Java_ export alone does not prove a missing dynamically registered method.,jni-results.json#/v3-74d1d6d4/methods (id=android/view/Surface.nativeGetFromBlastBufferQueue(JJ)J)
v3-74d1d6d4,android/view/Surface.nativeGetFromSurfaceControl(JJ)J,unknown,[],2,No class-attributed compiled registration proof; absence of Java_ export alone does not prove a missing dynamically registered method.,jni-results.json#/v3-74d1d6d4/methods (id=android/view/Surface.nativeGetFromSurfaceControl(JJ)J)
v3-74d1d6d4,android/view/Surface.nativeGetHeight(J)I,unknown,[],3,No class-attributed compiled registration proof; absence of Java_ export alone does not prove a missing dynamically registered method.,jni-results.json#/v3-74d1d6d4/methods (id=android/view/Surface.nativeGetHeight(J)I)
v3-74d1d6d4,android/view/Surface.nativeGetNextFrameNumber(J)J,unknown,[],2,No class-attributed compiled registration proof; absence of Java_ export alone does not prove a missing dynamically registered method.,jni-results.json#/v3-74d1d6d4/methods (id=android/view/Surface.nativeGetNextFrameNumber(J)J)
v3-74d1d6d4,android/view/Surface.nativeGetWidth(J)I,unknown,[],3,No class-attributed compiled registration proof; absence of Java_ export alone does not prove a missing dynamically registered method.,jni-results.json#/v3-74d1d6d4/methods (id=android/view/Surface.nativeGetWidth(J)I)
v3-74d1d6d4,android/view/Surface.nativeIsConsumerRunningBehind(J)Z,unknown,[],2,No class-attributed compiled registration proof; absence of Java_ export alone does not prove a missing dynamically registered method.,jni-results.json#/v3-74d1d6d4/methods (id=android/view/Surface.nativeIsConsumerRunningBehind(J)Z)
v3-74d1d6d4,android/view/Surface.nativeIsValid(J)Z,unknown,[],2,No class-attributed compiled registration proof; absence of Java_ export alone does not prove a missing dynamically registered method.,jni-results.json#/v3-74d1d6d4/methods (id=android/view/Surface.nativeIsValid(J)Z)
v3-74d1d6d4,android/view/Surface.nativeLockCanvas(JLandroid/graphics/Canvas;Landroid/graphics/Rect;)J,unknown,[],2,No class-attributed compiled registration proof; absence of Java_ export alone does not prove a missing dynamically registered method.,jni-results.json#/v3-74d1d6d4/methods (id=android/view/Surface.nativeLockCanvas(JLandroid/graphics/Canvas;Landroid/graphics/Rect;)J)
v3-74d1d6d4,android/view/Surface.nativeReadFromParcel(JLandroid/os/Parcel;)J,unknown,[],4,No class-attributed compiled registration proof; absence of Java_ export alone does not prove a missing dynamically registered method.,jni-results.json#/v3-74d1d6d4/methods (id=android/view/Surface.nativeReadFromParcel(JLandroid/os/Parcel;)J)
v3-74d1d6d4,android/view/Surface.nativeRelease(J)V,unknown,[],2,No class-attributed compiled registration proof; absence of Java_ export alone does not prove a missing dynamically registered method.,jni-results.json#/v3-74d1d6d4/methods (id=android/view/Surface.nativeRelease(J)V)
v3-74d1d6d4,android/view/Surface.nativeSetAutoRefreshEnabled(JZ)I,unknown,[],2,No class-attributed compiled registration proof; absence of Java_ export alone does not prove a missing dynamically registered method.,jni-results.json#/v3-74d1d6d4/methods (id=android/view/Surface.nativeSetAutoRefreshEnabled(JZ)I)
v3-74d1d6d4,android/view/Surface.nativeSetFrameRate(JFII)I,unknown,[],2,No class-attributed compiled registration proof; absence of Java_ export alone does not prove a missing dynamically registered method.,jni-results.json#/v3-74d1d6d4/methods (id=android/view/Surface.nativeSetFrameRate(JFII)I)
v3-74d1d6d4,android/view/Surface.nativeSetScalingMode(JI)I,unknown,[],2,No class-attributed compiled registration proof; absence of Java_ export alone does not prove a missing dynamically registered method.,jni-results.json#/v3-74d1d6d4/methods (id=android/view/Surface.nativeSetScalingMode(JI)I)
v3-74d1d6d4,android/view/Surface.nativeSetSharedBufferModeEnabled(JZ)I,unknown,[],2,No class-attributed compiled registration proof; absence of Java_ export alone does not prove a missing dynamically registered method.,jni-results.json#/v3-74d1d6d4/methods (id=android/view/Surface.nativeSetSharedBufferModeEnabled(JZ)I)
v3-74d1d6d4,android/view/Surface.nativeUnlockCanvasAndPost(JLandroid/graphics/Canvas;)V,unknown,[],2,No class-attributed compiled registration proof; absence of Java_ export alone does not prove a missing dynamically registered method.,jni-results.json#/v3-74d1d6d4/methods (id=android/view/Surface.nativeUnlockCanvasAndPost(JLandroid/graphics/Canvas;)V)
v3-74d1d6d4,android/view/Surface.nativeWriteToParcel(JLandroid/os/Parcel;)V,unknown,[],9,No class-attributed compiled registration proof; absence of Java_ export alone does not prove a missing dynamically registered method.,jni-results.json#/v3-74d1d6d4/methods (id=android/view/Surface.nativeWriteToParcel(JLandroid/os/Parcel;)V)
v3-74d1d6d4,android/view/SurfaceControl.nativeGetDesiredDisplayModeSpecs(Landroid/os/IBinder;)Landroid/view/SurfaceControl$DesiredDisplayModeSpecs;,unknown,[],0,No class-attributed compiled registration proof; absence of Java_ export alone does not prove a missing dynamically registered method.,jni-results.json#/v3-74d1d6d4/methods (id=android/view/SurfaceControl.nativeGetDesiredDisplayModeSpecs(Landroid/os/IBinder;)Landroid/view/SurfaceControl$DesiredDisplayModeSpecs;)
v3-74d1d6d4,android/view/SurfaceControl.nativeGetDisplayedContentSamplingAttributes(Landroid/os/IBinder;)Landroid/hardware/display/DisplayedContentSamplingAttributes;,unknown,[],0,No class-attributed compiled registration proof; absence of Java_ export alone does not prove a missing dynamically registered method.,jni-results.json#/v3-74d1d6d4/methods (id=android/view/SurfaceControl.nativeGetDisplayedContentSamplingAttributes(Landroid/os/IBinder;)Landroid/hardware/display/DisplayedContentSamplingAttributes;)
v3-74d1d6d4,android/view/SurfaceControlHdrLayerInfoListener.nGetDestructor()J,unknown,[],0,No class-attributed compiled registration proof; absence of Java_ export alone does not prove a missing dynamically registered method.,jni-results.json#/v3-74d1d6d4/methods (id=android/view/SurfaceControlHdrLayerInfoListener.nGetDestructor()J)
v3-74d1d6d4,android/view/SurfaceControlHdrLayerInfoListener.nRegister(Landroid/os/IBinder;)J,unknown,[],0,No class-attributed compiled registration proof; absence of Java_ export alone does not prove a missing dynamically registered method.,jni-results.json#/v3-74d1d6d4/methods (id=android/view/SurfaceControlHdrLayerInfoListener.nRegister(Landroid/os/IBinder;)J)
v3-74d1d6d4,android/view/TextureView.nCreateNativeWindow(Landroid/graphics/SurfaceTexture;)V,unknown,[],0,No class-attributed compiled registration proof; absence of Java_ export alone does not prove a missing dynamically registered method.,jni-results.json#/v3-74d1d6d4/methods (id=android/view/TextureView.nCreateNativeWindow(Landroid/graphics/SurfaceTexture;)V)
v3-74d1d6d4,android/view/TextureView.nDestroyNativeWindow()V,unknown,[],0,No class-attributed compiled registration proof; absence of Java_ export alone does not prove a missing dynamically registered method.,jni-results.json#/v3-74d1d6d4/methods (id=android/view/TextureView.nDestroyNativeWindow()V)
v3-74d1d6d4,android/view/TextureView.nLockCanvas(JLandroid/graphics/Canvas;Landroid/graphics/Rect;)Z,unknown,[],0,No class-attributed compiled registration proof; absence of Java_ export alone does not prove a missing dynamically registered method.,jni-results.json#/v3-74d1d6d4/methods (id=android/view/TextureView.nLockCanvas(JLandroid/graphics/Canvas;Landroid/graphics/Rect;)Z)
v3-74d1d6d4,android/view/TextureView.nUnlockCanvasAndPost(JLandroid/graphics/Canvas;)V,unknown,[],0,No class-attributed compiled registration proof; absence of Java_ export alone does not prove a missing dynamically registered method.,jni-results.json#/v3-74d1d6d4/methods (id=android/view/TextureView.nUnlockCanvasAndPost(JLandroid/graphics/Canvas;)V)
v3-74d1d6d4,android/view/TunnelModeEnabledListener.nativeCreate(Landroid/view/TunnelModeEnabledListener;)J,unknown,[],0,No class-attributed compiled registration proof; absence of Java_ export alone does not prove a missing dynamically registered method.,jni-results.json#/v3-74d1d6d4/methods (id=android/view/TunnelModeEnabledListener.nativeCreate(Landroid/view/TunnelModeEnabledListener;)J)
v3-74d1d6d4,android/view/TunnelModeEnabledListener.nativeDestroy(J)V,unknown,[],18,No class-attributed compiled registration proof; absence of Java_ export alone does not prove a missing dynamically registered method.,jni-results.json#/v3-74d1d6d4/methods (id=android/view/TunnelModeEnabledListener.nativeDestroy(J)V)
v3-74d1d6d4,android/view/TunnelModeEnabledListener.nativeRegister(J)V,unknown,[],0,No class-attributed compiled registration proof; absence of Java_ export alone does not prove a missing dynamically registered method.,jni-results.json#/v3-74d1d6d4/methods (id=android/view/TunnelModeEnabledListener.nativeRegister(J)V)
v3-74d1d6d4,android/view/TunnelModeEnabledListener.nativeUnregister(J)V,unknown,[],0,No class-attributed compiled registration proof; absence of Java_ export alone does not prove a missing dynamically registered method.,jni-results.json#/v3-74d1d6d4/methods (id=android/view/TunnelModeEnabledListener.nativeUnregister(J)V)
v3-74d1d6d4,android/view/VelocityTracker.nativeAddMovement(JLandroid/view/MotionEvent;)V,unknown,[],0,No class-attributed compiled registration proof; absence of Java_ export alone does not prove a missing dynamically registered method.,jni-results.json#/v3-74d1d6d4/methods (id=android/view/VelocityTracker.nativeAddMovement(JLandroid/view/MotionEvent;)V)
v3-74d1d6d4,android/view/VelocityTracker.nativeClear(J)V,unknown,[],1,No class-attributed compiled registration proof; absence of Java_ export alone does not prove a missing dynamically registered method.,jni-results.json#/v3-74d1d6d4/methods (id=android/view/VelocityTracker.nativeClear(J)V)
v3-74d1d6d4,android/view/VelocityTracker.nativeComputeCurrentVelocity(JIF)V,unknown,[],0,No class-attributed compiled registration proof; absence of Java_ export alone does not prove a missing dynamically registered method.,jni-results.json#/v3-74d1d6d4/methods (id=android/view/VelocityTracker.nativeComputeCurrentVelocity(JIF)V)
v3-74d1d6d4,android/view/VelocityTracker.nativeDispose(J)V,unknown,[],9,No class-attributed compiled registration proof; absence of Java_ export alone does not prove a missing dynamically registered method.,jni-results.json#/v3-74d1d6d4/methods (id=android/view/VelocityTracker.nativeDispose(J)V)
v3-74d1d6d4,android/view/VelocityTracker.nativeGetVelocity(JII)F,unknown,[],0,No class-attributed compiled registration proof; absence of Java_ export alone does not prove a missing dynamically registered method.,jni-results.json#/v3-74d1d6d4/methods (id=android/view/VelocityTracker.nativeGetVelocity(JII)F)
v3-74d1d6d4,android/view/VelocityTracker.nativeInitialize(I)J,unknown,[],0,No class-attributed compiled registration proof; absence of Java_ export alone does not prove a missing dynamically registered method.,jni-results.json#/v3-74d1d6d4/methods (id=android/view/VelocityTracker.nativeInitialize(I)J)
v3-74d1d6d4,android/view/VelocityTracker.nativeIsAxisSupported(I)Z,unknown,[],0,No class-attributed compiled registration proof; absence of Java_ export alone does not prove a missing dynamically registered method.,jni-results.json#/v3-74d1d6d4/methods (id=android/view/VelocityTracker.nativeIsAxisSupported(I)Z)
v3-74d1d6d4,java/io/FileDescriptor.sync()V,unknown,"[""burgerking"",""fd-android"",""fd-etar"",""fd-fennec_fdroid"",""fd-fluffychat"",""fd-immich"",""fd-k9"",""fd-kitchenowl"",""fd-libre"",""fd-minetest"",""fd-mobile"",""fd-saber"",""localsend"",""noice"",""ooniprobe"",""opencamera""]",1,No class-attributed compiled registration proof; absence of Java_ export alone does not prove a missing dynamically registered method.,jni-results.json#/v3-74d1d6d4/methods (id=java/io/FileDescriptor.sync()V)
v3-74d1d6d4,java/lang/Class.getDeclaredAnnotations()[Ljava/lang/annotation/Annotation;,unknown,"[""burgerking""]",2,No class-attributed compiled registration proof; absence of Java_ export alone does not prove a missing dynamically registered method.,jni-results.json#/v3-74d1d6d4/methods (id=java/lang/Class.getDeclaredAnnotations()[Ljava/lang/annotation/Annotation;)
v3-74d1d6d4,java/lang/Class.getDeclaredClasses()[Ljava/lang/Class;,unknown,"[""burgerking"",""fd-android"",""fd-etar"",""fd-fennec_fdroid"",""fd-k9"",""fd-mobile"",""mindustry"",""ooniprobe""]",1,No class-attributed compiled registration proof; absence of Java_ export alone does not prove a missing dynamically registered method.,jni-results.json#/v3-74d1d6d4/methods (id=java/lang/Class.getDeclaredClasses()[Ljava/lang/Class;)
v3-74d1d6d4,java/lang/Class.getDeclaredField(Ljava/lang/String;)Ljava/lang/reflect/Field;,unknown,"[""burgerking"",""fd-android"",""fd-binaryeye"",""fd-catima"",""fd-etar"",""fd-fennec_fdroid"",""fd-fluffychat"",""fd-immich"",""fd-k9"",""fd-kitchenowl"",""fd-libre"",""fd-minetest"",""fd-mobile"",""fd-saber"",""localsend"",""mindustry"",""noice"",""ooniprobe"",""opencamera""]",1,No class-attributed compiled registration proof; absence of Java_ export alone does not prove a missing dynamically registered method.,jni-results.json#/v3-74d1d6d4/methods (id=java/lang/Class.getDeclaredField(Ljava/lang/String;)Ljava/lang/reflect/Field;)
v3-74d1d6d4,java/lang/Class.getDeclaredFields()[Ljava/lang/reflect/Field;,unknown,"[""burgerking"",""fd-android"",""fd-binaryeye"",""fd-catima"",""fd-etar"",""fd-fennec_fdroid"",""fd-fluffychat"",""fd-immich"",""fd-k9"",""fd-kitchenowl"",""fd-libre"",""fd-minetest"",""fd-mobile"",""fd-saber"",""localsend"",""mindustry"",""noice"",""ooniprobe"",""opencamera""]",1,No class-attributed compiled registration proof; absence of Java_ export alone does not prove a missing dynamically registered method.,jni-results.json#/v3-74d1d6d4/methods (id=java/lang/Class.getDeclaredFields()[Ljava/lang/reflect/Field;)
v3-74d1d6d4,java/lang/Class.getDeclaringClass()Ljava/lang/Class;,unknown,"[""burgerking"",""fd-etar"",""fd-fennec_fdroid"",""fd-fluffychat"",""fd-minetest"",""mindustry"",""ooniprobe"",""opencamera""]",1,No class-attributed compiled registration proof; absence of Java_ export alone does not prove a missing dynamically registered method.,jni-results.json#/v3-74d1d6d4/methods (id=java/lang/Class.getDeclaringClass()Ljava/lang/Class;)
v3-74d1d6d4,java/lang/Class.getEnclosingClass()Ljava/lang/Class;,unknown,"[""burgerking"",""fd-android"",""fd-fennec_fdroid"",""fd-immich"",""fd-k9"",""noice""]",1,No class-attributed compiled registration proof; absence of Java_ export alone does not prove a missing dynamically registered method.,jni-results.json#/v3-74d1d6d4/methods (id=java/lang/Class.getEnclosingClass()Ljava/lang/Class;)
v3-74d1d6d4,java/lang/Class.isAnonymousClass()Z,unknown,"[""burgerking"",""fd-android"",""fd-binaryeye"",""fd-catima"",""fd-etar"",""fd-fennec_fdroid"",""fd-fluffychat"",""fd-immich"",""fd-k9"",""fd-kitchenowl"",""fd-libre"",""fd-minetest"",""fd-mobile"",""fd-saber"",""localsend"",""mindustry"",""noice"",""ooniprobe"",""opencamera""]",1,No class-attributed compiled registration proof; absence of Java_ export alone does not prove a missing dynamically registered method.,jni-results.json#/v3-74d1d6d4/methods (id=java/lang/Class.isAnonymousClass()Z)
v3-74d1d6d4,java/lang/Class.newInstance()Ljava/lang/Object;,unknown,"[""burgerking"",""fd-android"",""fd-binaryeye"",""fd-catima"",""fd-etar"",""fd-fennec_fdroid"",""fd-fluffychat"",""fd-immich"",""fd-k9"",""fd-kitchenowl"",""fd-libre"",""fd-minetest"",""fd-mobile"",""fd-saber"",""localsend"",""mindustry"",""noice"",""ooniprobe"",""opencamera""]",1,No class-attributed compiled registration proof; absence of Java_ export alone does not prove a missing dynamically registered method.,jni-results.json#/v3-74d1d6d4/methods (id=java/lang/Class.newInstance()Ljava/lang/Object;)
v3-74d1d6d4,java/lang/Double.doubleToRawLongBits(D)J,unknown,"[""burgerking"",""fd-android"",""fd-catima"",""fd-etar"",""fd-fennec_fdroid"",""fd-fluffychat"",""fd-immich"",""fd-k9"",""fd-kitchenowl"",""fd-libre"",""fd-minetest"",""fd-mobile"",""fd-saber"",""localsend"",""mindustry"",""ooniprobe"",""opencamera""]",1,No class-attributed compiled registration proof; absence of Java_ export alone does not prove a missing dynamically registered method.,jni-results.json#/v3-74d1d6d4/methods (id=java/lang/Double.doubleToRawLongBits(D)J)
v3-74d1d6d4,java/lang/Double.longBitsToDouble(J)D,unknown,"[""burgerking"",""fd-android"",""fd-catima"",""fd-etar"",""fd-fennec_fdroid"",""fd-fluffychat"",""fd-immich"",""fd-k9"",""fd-kitchenowl"",""fd-libre"",""fd-minetest"",""fd-mobile"",""fd-saber"",""localsend"",""mindustry"",""ooniprobe"",""opencamera""]",1,No class-attributed compiled registration proof; absence of Java_ export alone does not prove a missing dynamically registered method.,jni-results.json#/v3-74d1d6d4/methods (id=java/lang/Double.longBitsToDouble(J)D)
v3-74d1d6d4,java/lang/Float.floatToRawIntBits(F)I,unknown,"[""burgerking"",""fd-android"",""fd-catima"",""fd-etar"",""fd-fennec_fdroid"",""fd-fluffychat"",""fd-immich"",""fd-k9"",""fd-kitchenowl"",""fd-libre"",""fd-minetest"",""fd-mobile"",""fd-saber"",""localsend"",""mindustry"",""noice"",""ooniprobe"",""opencamera""]",1,No class-attributed compiled registration proof; absence of Java_ export alone does not prove a missing dynamically registered method.,jni-results.json#/v3-74d1d6d4/methods (id=java/lang/Float.floatToRawIntBits(F)I)
v3-74d1d6d4,java/lang/Float.intBitsToFloat(I)F,unknown,"[""burgerking"",""fd-android"",""fd-catima"",""fd-etar"",""fd-fennec_fdroid"",""fd-fluffychat"",""fd-immich"",""fd-k9"",""fd-kitchenowl"",""fd-libre"",""fd-minetest"",""fd-mobile"",""fd-saber"",""localsend"",""mindustry"",""ooniprobe"",""opencamera""]",1,No class-attributed compiled registration proof; absence of Java_ export alone does not prove a missing dynamically registered method.,jni-results.json#/v3-74d1d6d4/methods (id=java/lang/Float.intBitsToFloat(I)F)
v3-74d1d6d4,java/lang/Math.IEEEremainder(DD)D,unknown,"[""fd-etar"",""fd-minetest"",""opencamera""]",2,No class-attributed compiled registration proof; absence of Java_ export alone does not prove a missing dynamically registered method.,jni-results.json#/v3-74d1d6d4/methods (id=java/lang/Math.IEEEremainder(DD)D)
v3-74d1d6d4,java/lang/Math.acos(D)D,unknown,"[""burgerking"",""fd-android"",""fd-binaryeye"",""fd-catima"",""fd-etar"",""fd-fennec_fdroid"",""fd-fluffychat"",""fd-immich"",""fd-k9"",""fd-libre"",""fd-minetest"",""fd-mobile"",""mindustry"",""noice"",""ooniprobe"",""opencamera""]",2,No class-attributed compiled registration proof; absence of Java_ export alone does not prove a missing dynamically registered method.,jni-results.json#/v3-74d1d6d4/methods (id=java/lang/Math.acos(D)D)
v3-74d1d6d4,java/lang/Math.asin(D)D,unknown,"[""burgerking"",""fd-android"",""fd-binaryeye"",""fd-catima"",""fd-etar"",""fd-fennec_fdroid"",""fd-fluffychat"",""fd-immich"",""fd-k9"",""fd-libre"",""fd-minetest"",""fd-mobile"",""mindustry"",""noice"",""ooniprobe"",""opencamera""]",2,No class-attributed compiled registration proof; absence of Java_ export alone does not prove a missing dynamically registered method.,jni-results.json#/v3-74d1d6d4/methods (id=java/lang/Math.asin(D)D)
v3-74d1d6d4,java/lang/Math.atan(D)D,unknown,"[""burgerking"",""fd-android"",""fd-binaryeye"",""fd-catima"",""fd-etar"",""fd-fennec_fdroid"",""fd-fluffychat"",""fd-immich"",""fd-k9"",""fd-kitchenowl"",""fd-libre"",""fd-minetest"",""fd-mobile"",""fd-saber"",""localsend"",""mindustry"",""noice"",""ooniprobe"",""opencamera""]",2,No class-attributed compiled registration proof; absence of Java_ export alone does not prove a missing dynamically registered method.,jni-results.json#/v3-74d1d6d4/methods (id=java/lang/Math.atan(D)D)
v3-74d1d6d4,java/lang/Math.atan2(DD)D,unknown,"[""burgerking"",""fd-android"",""fd-binaryeye"",""fd-catima"",""fd-etar"",""fd-fennec_fdroid"",""fd-fluffychat"",""fd-immich"",""fd-k9"",""fd-kitchenowl"",""fd-libre"",""fd-minetest"",""fd-mobile"",""fd-saber"",""localsend"",""mindustry"",""noice"",""ooniprobe"",""opencamera""]",2,No class-attributed compiled registration proof; absence of Java_ export alone does not prove a missing dynamically registered method.,jni-results.json#/v3-74d1d6d4/methods (id=java/lang/Math.atan2(DD)D)
v3-74d1d6d4,java/lang/Math.cbrt(D)D,unknown,"[""burgerking"",""fd-android"",""fd-binaryeye"",""fd-catima"",""fd-etar"",""fd-fennec_fdroid"",""fd-fluffychat"",""fd-immich"",""fd-k9"",""fd-kitchenowl"",""fd-libre"",""fd-minetest"",""fd-mobile"",""fd-saber"",""localsend"",""mindustry"",""noice"",""ooniprobe"",""opencamera""]",2,No class-attributed compiled registration proof; absence of Java_ export alone does not prove a missing dynamically registered method.,jni-results.json#/v3-74d1d6d4/methods (id=java/lang/Math.cbrt(D)D)
v3-74d1d6d4,java/lang/Math.ceil(D)D,unknown,"[""burgerking"",""fd-android"",""fd-binaryeye"",""fd-catima"",""fd-etar"",""fd-fennec_fdroid"",""fd-fluffychat"",""fd-immich"",""fd-k9"",""fd-kitchenowl"",""fd-libre"",""fd-minetest"",""fd-mobile"",""fd-saber"",""localsend"",""mindustry"",""noice"",""ooniprobe"",""opencamera""]",1,No class-attributed compiled registration proof; absence of Java_ export alone does not prove a missing dynamically registered method.,jni-results.json#/v3-74d1d6d4/methods (id=java/lang/Math.ceil(D)D)
v3-74d1d6d4,java/lang/Math.cos(D)D,unknown,"[""burgerking"",""fd-android"",""fd-binaryeye"",""fd-catima"",""fd-etar"",""fd-fennec_fdroid"",""fd-fluffychat"",""fd-immich"",""fd-k9"",""fd-kitchenowl"",""fd-libre"",""fd-minetest"",""fd-mobile"",""fd-saber"",""localsend"",""mindustry"",""noice"",""ooniprobe"",""opencamera""]",2,No class-attributed compiled registration proof; absence of Java_ export alone does not prove a missing dynamically registered method.,jni-results.json#/v3-74d1d6d4/methods (id=java/lang/Math.cos(D)D)
v3-74d1d6d4,java/lang/Math.cosh(D)D,unknown,"[""fd-etar"",""fd-minetest"",""mindustry"",""ooniprobe"",""opencamera""]",2,No class-attributed compiled registration proof; absence of Java_ export alone does not prove a missing dynamically registered method.,jni-results.json#/v3-74d1d6d4/methods (id=java/lang/Math.cosh(D)D)
v3-74d1d6d4,java/lang/Math.exp(D)D,unknown,"[""burgerking"",""fd-android"",""fd-binaryeye"",""fd-catima"",""fd-etar"",""fd-fennec_fdroid"",""fd-fluffychat"",""fd-immich"",""fd-k9"",""fd-kitchenowl"",""fd-libre"",""fd-minetest"",""fd-mobile"",""fd-saber"",""localsend"",""mindustry"",""noice"",""ooniprobe"",""opencamera""]",2,No class-attributed compiled registration proof; absence of Java_ export alone does not prove a missing dynamically registered method.,jni-results.json#/v3-74d1d6d4/methods (id=java/lang/Math.exp(D)D)
v3-74d1d6d4,java/lang/Math.expm1(D)D,unknown,"[""fd-etar"",""fd-minetest"",""mindustry"",""ooniprobe"",""opencamera""]",2,No class-attributed compiled registration proof; absence of Java_ export alone does not prove a missing dynamically registered method.,jni-results.json#/v3-74d1d6d4/methods (id=java/lang/Math.expm1(D)D)
v3-74d1d6d4,java/lang/Math.floor(D)D,unknown,"[""burgerking"",""fd-android"",""fd-binaryeye"",""fd-catima"",""fd-etar"",""fd-fennec_fdroid"",""fd-fluffychat"",""fd-immich"",""fd-k9"",""fd-kitchenowl"",""fd-libre"",""fd-minetest"",""fd-mobile"",""fd-saber"",""localsend"",""mindustry"",""noice"",""ooniprobe"",""opencamera""]",1,No class-attributed compiled registration proof; absence of Java_ export alone does not prove a missing dynamically registered method.,jni-results.json#/v3-74d1d6d4/methods (id=java/lang/Math.floor(D)D)
v3-74d1d6d4,java/lang/Math.hypot(DD)D,unknown,"[""burgerking"",""fd-android"",""fd-binaryeye"",""fd-catima"",""fd-etar"",""fd-fennec_fdroid"",""fd-fluffychat"",""fd-immich"",""fd-k9"",""fd-kitchenowl"",""fd-libre"",""fd-minetest"",""fd-mobile"",""fd-saber"",""localsend"",""noice"",""ooniprobe"",""opencamera""]",2,No class-attributed compiled registration proof; absence of Java_ export alone does not prove a missing dynamically registered method.,jni-results.json#/v3-74d1d6d4/methods (id=java/lang/Math.hypot(DD)D)
v3-74d1d6d4,java/lang/Math.log(D)D,unknown,"[""burgerking"",""fd-android"",""fd-binaryeye"",""fd-catima"",""fd-etar"",""fd-fennec_fdroid"",""fd-fluffychat"",""fd-immich"",""fd-k9"",""fd-kitchenowl"",""fd-libre"",""fd-minetest"",""fd-mobile"",""fd-saber"",""localsend"",""mindustry"",""noice"",""ooniprobe"",""opencamera""]",2,No class-attributed compiled registration proof; absence of Java_ export alone does not prove a missing dynamically registered method.,jni-results.json#/v3-74d1d6d4/methods (id=java/lang/Math.log(D)D)
v3-74d1d6d4,java/lang/Math.log10(D)D,unknown,"[""burgerking"",""fd-etar"",""fd-fennec_fdroid"",""fd-fluffychat"",""fd-minetest"",""mindustry"",""ooniprobe"",""opencamera""]",2,No class-attributed compiled registration proof; absence of Java_ export alone does not prove a missing dynamically registered method.,jni-results.json#/v3-74d1d6d4/methods (id=java/lang/Math.log10(D)D)
v3-74d1d6d4,java/lang/Math.log1p(D)D,unknown,"[""burgerking"",""fd-android"",""fd-binaryeye"",""fd-catima"",""fd-etar"",""fd-fennec_fdroid"",""fd-fluffychat"",""fd-immich"",""fd-k9"",""fd-kitchenowl"",""fd-libre"",""fd-minetest"",""fd-mobile"",""fd-saber"",""localsend"",""mindustry"",""noice"",""ooniprobe"",""opencamera""]",2,No class-attributed compiled registration proof; absence of Java_ export alone does not prove a missing dynamically registered method.,jni-results.json#/v3-74d1d6d4/methods (id=java/lang/Math.log1p(D)D)
v3-74d1d6d4,java/lang/Math.pow(DD)D,unknown,"[""burgerking"",""fd-android"",""fd-binaryeye"",""fd-catima"",""fd-etar"",""fd-fennec_fdroid"",""fd-fluffychat"",""fd-immich"",""fd-k9"",""fd-kitchenowl"",""fd-libre"",""fd-minetest"",""fd-mobile"",""fd-saber"",""localsend"",""mindustry"",""noice"",""ooniprobe"",""opencamera""]",2,No class-attributed compiled registration proof; absence of Java_ export alone does not prove a missing dynamically registered method.,jni-results.json#/v3-74d1d6d4/methods (id=java/lang/Math.pow(DD)D)
v3-74d1d6d4,java/lang/Math.rint(D)D,unknown,"[""burgerking"",""fd-android"",""fd-catima"",""fd-etar"",""fd-fennec_fdroid"",""fd-fluffychat"",""fd-immich"",""fd-k9"",""fd-libre"",""fd-minetest"",""fd-mobile"",""localsend"",""ooniprobe"",""opencamera""]",1,No class-attributed compiled registration proof; absence of Java_ export alone does not prove a missing dynamically registered method.,jni-results.json#/v3-74d1d6d4/methods (id=java/lang/Math.rint(D)D)
v3-74d1d6d4,java/lang/Math.sin(D)D,unknown,"[""burgerking"",""fd-android"",""fd-binaryeye"",""fd-catima"",""fd-etar"",""fd-fennec_fdroid"",""fd-fluffychat"",""fd-immich"",""fd-k9"",""fd-kitchenowl"",""fd-libre"",""fd-minetest"",""fd-mobile"",""fd-saber"",""localsend"",""mindustry"",""noice"",""ooniprobe"",""opencamera""]",2,No class-attributed compiled registration proof; absence of Java_ export alone does not prove a missing dynamically registered method.,jni-results.json#/v3-74d1d6d4/methods (id=java/lang/Math.sin(D)D)
v3-74d1d6d4,java/lang/Math.sinh(D)D,unknown,"[""fd-etar"",""fd-minetest"",""mindustry"",""ooniprobe"",""opencamera""]",2,No class-attributed compiled registration proof; absence of Java_ export alone does not prove a missing dynamically registered method.,jni-results.json#/v3-74d1d6d4/methods (id=java/lang/Math.sinh(D)D)
v3-74d1d6d4,java/lang/Math.sqrt(D)D,unknown,"[""burgerking"",""fd-android"",""fd-binaryeye"",""fd-catima"",""fd-etar"",""fd-fennec_fdroid"",""fd-fluffychat"",""fd-immich"",""fd-k9"",""fd-kitchenowl"",""fd-libre"",""fd-minetest"",""fd-mobile"",""fd-saber"",""fd-stk"",""localsend"",""mindustry"",""noice"",""ooniprobe"",""opencamera""]",2,No class-attributed compiled registration proof; absence of Java_ export alone does not prove a missing dynamically registered method.,jni-results.json#/v3-74d1d6d4/methods (id=java/lang/Math.sqrt(D)D)
v3-74d1d6d4,java/lang/Math.tan(D)D,unknown,"[""burgerking"",""fd-android"",""fd-binaryeye"",""fd-catima"",""fd-etar"",""fd-fennec_fdroid"",""fd-fluffychat"",""fd-immich"",""fd-k9"",""fd-kitchenowl"",""fd-libre"",""fd-minetest"",""fd-mobile"",""fd-saber"",""mindustry"",""noice"",""ooniprobe"",""opencamera""]",2,No class-attributed compiled registration proof; absence of Java_ export alone does not prove a missing dynamically registered method.,jni-results.json#/v3-74d1d6d4/methods (id=java/lang/Math.tan(D)D)
v3-74d1d6d4,java/lang/Math.tanh(D)D,unknown,"[""fd-etar"",""fd-minetest"",""mindustry"",""ooniprobe"",""opencamera""]",2,No class-attributed compiled registration proof; absence of Java_ export alone does not prove a missing dynamically registered method.,jni-results.json#/v3-74d1d6d4/methods (id=java/lang/Math.tanh(D)D)
v3-74d1d6d4,java/lang/Object.notify()V,unknown,"[""burgerking"",""fd-android"",""fd-etar"",""fd-fennec_fdroid"",""fd-fluffychat"",""fd-immich"",""fd-k9"",""fd-minetest"",""fd-mobile"",""fd-stk"",""localsend"",""mindustry"",""noice""]",1,No class-attributed compiled registration proof; absence of Java_ export alone does not prove a missing dynamically registered method.,jni-results.json#/v3-74d1d6d4/methods (id=java/lang/Object.notify()V)
v3-74d1d6d4,java/lang/Object.notifyAll()V,unknown,"[""burgerking"",""fd-android"",""fd-binaryeye"",""fd-catima"",""fd-etar"",""fd-fennec_fdroid"",""fd-fluffychat"",""fd-immich"",""fd-k9"",""fd-kitchenowl"",""fd-libre"",""fd-minetest"",""fd-mobile"",""fd-saber"",""fd-stk"",""localsend"",""mindustry"",""noice"",""ooniprobe"",""opencamera""]",1,No class-attributed compiled registration proof; absence of Java_ export alone does not prove a missing dynamically registered method.,jni-results.json#/v3-74d1d6d4/methods (id=java/lang/Object.notifyAll()V)
v3-74d1d6d4,java/lang/Object.wait(JI)V,unknown,"[""burgerking"",""fd-android"",""fd-immich"",""fd-k9"",""fd-mobile"",""noice""]",1,No class-attributed compiled registration proof; absence of Java_ export alone does not prove a missing dynamically registered method.,jni-results.json#/v3-74d1d6d4/methods (id=java/lang/Object.wait(JI)V)
v3-74d1d6d4,java/lang/Runtime.freeMemory()J,unknown,"[""burgerking"",""fd-fennec_fdroid"",""fd-libre"",""localsend"",""mindustry""]",1,No class-attributed compiled registration proof; absence of Java_ export alone does not prove a missing dynamically registered method.,jni-results.json#/v3-74d1d6d4/methods (id=java/lang/Runtime.freeMemory()J)
v3-74d1d6d4,java/lang/Runtime.maxMemory()J,unknown,"[""burgerking"",""fd-fennec_fdroid"",""fd-libre"",""mindustry"",""ooniprobe""]",1,No class-attributed compiled registration proof; absence of Java_ export alone does not prove a missing dynamically registered method.,jni-results.json#/v3-74d1d6d4/methods (id=java/lang/Runtime.maxMemory()J)
v3-74d1d6d4,java/lang/Runtime.totalMemory()J,unknown,"[""burgerking"",""fd-fennec_fdroid"",""fd-libre"",""mindustry""]",1,No class-attributed compiled registration proof; absence of Java_ export alone does not prove a missing dynamically registered method.,jni-results.json#/v3-74d1d6d4/methods (id=java/lang/Runtime.totalMemory()J)
v3-74d1d6d4,java/lang/StrictMath.log(D)D,unknown,"[""fd-android"",""fd-catima"",""fd-etar"",""fd-k9"",""fd-mobile""]",2,No class-attributed compiled registration proof; absence of Java_ export alone does not prove a missing dynamically registered method.,jni-results.json#/v3-74d1d6d4/methods (id=java/lang/StrictMath.log(D)D)
v3-74d1d6d4,java/lang/StrictMath.sqrt(D)D,unknown,"[""fd-android"",""fd-catima"",""fd-etar"",""fd-k9"",""fd-mobile""]",2,No class-attributed compiled registration proof; absence of Java_ export alone does not prove a missing dynamically registered method.,jni-results.json#/v3-74d1d6d4/methods (id=java/lang/StrictMath.sqrt(D)D)
v3-74d1d6d4,java/lang/String.charAt(I)C,unknown,"[""burgerking"",""fd-android"",""fd-binaryeye"",""fd-catima"",""fd-etar"",""fd-fennec_fdroid"",""fd-fluffychat"",""fd-immich"",""fd-k9"",""fd-kitchenowl"",""fd-libre"",""fd-minetest"",""fd-mobile"",""fd-saber"",""fd-stk"",""localsend"",""mindustry"",""noice"",""ooniprobe"",""opencamera""]",1,No class-attributed compiled registration proof; absence of Java_ export alone does not prove a missing dynamically registered method.,jni-results.json#/v3-74d1d6d4/methods (id=java/lang/String.charAt(I)C)
v3-74d1d6d4,java/lang/String.compareTo(Ljava/lang/String;)I,unknown,"[""burgerking"",""fd-android"",""fd-binaryeye"",""fd-catima"",""fd-etar"",""fd-fennec_fdroid"",""fd-fluffychat"",""fd-immich"",""fd-k9"",""fd-kitchenowl"",""fd-libre"",""fd-minetest"",""fd-mobile"",""fd-saber"",""fd-stk"",""localsend"",""mindustry"",""noice"",""ooniprobe"",""opencamera""]",1,No class-attributed compiled registration proof; absence of Java_ export alone does not prove a missing dynamically registered method.,jni-results.json#/v3-74d1d6d4/methods (id=java/lang/String.compareTo(Ljava/lang/String;)I)
v3-74d1d6d4,java/lang/String.concat(Ljava/lang/String;)Ljava/lang/String;,unknown,"[""burgerking"",""fd-android"",""fd-binaryeye"",""fd-catima"",""fd-etar"",""fd-fennec_fdroid"",""fd-fluffychat"",""fd-immich"",""fd-k9"",""fd-kitchenowl"",""fd-libre"",""fd-mobile"",""fd-saber"",""localsend"",""mindustry"",""noice"",""ooniprobe"",""opencamera""]",1,No class-attributed compiled registration proof; absence of Java_ export alone does not prove a missing dynamically registered method.,jni-results.json#/v3-74d1d6d4/methods (id=java/lang/String.concat(Ljava/lang/String;)Ljava/lang/String;)
v3-74d1d6d4,java/lang/String.intern()Ljava/lang/String;,unknown,"[""fd-etar"",""fd-minetest"",""mindustry"",""opencamera""]",1,No class-attributed compiled registration proof; absence of Java_ export alone does not prove a missing dynamically registered method.,jni-results.json#/v3-74d1d6d4/methods (id=java/lang/String.intern()Ljava/lang/String;)
v3-74d1d6d4,java/lang/String.toCharArray()[C,unknown,"[""burgerking"",""fd-android"",""fd-binaryeye"",""fd-catima"",""fd-etar"",""fd-fennec_fdroid"",""fd-fluffychat"",""fd-immich"",""fd-k9"",""fd-kitchenowl"",""fd-libre"",""fd-minetest"",""fd-mobile"",""localsend"",""mindustry"",""noice"",""ooniprobe"",""opencamera""]",1,No class-attributed compiled registration proof; absence of Java_ export alone does not prove a missing dynamically registered method.,jni-results.json#/v3-74d1d6d4/methods (id=java/lang/String.toCharArray()[C)
v3-74d1d6d4,java/lang/System.arraycopy(Ljava/lang/Object;ILjava/lang/Object;II)V,unknown,"[""burgerking"",""fd-android"",""fd-binaryeye"",""fd-catima"",""fd-etar"",""fd-fennec_fdroid"",""fd-fluffychat"",""fd-immich"",""fd-k9"",""fd-kitchenowl"",""fd-libre"",""fd-minetest"",""fd-mobile"",""fd-saber"",""fd-stk"",""localsend"",""mindustry"",""noice"",""ooniprobe"",""opencamera""]",1,No class-attributed compiled registration proof; absence of Java_ export alone does not prove a missing dynamically registered method.,jni-results.json#/v3-74d1d6d4/methods (id=java/lang/System.arraycopy(Ljava/lang/Object;ILjava/lang/Object;II)V)
v3-74d1d6d4,java/lang/System.mapLibraryName(Ljava/lang/String;)Ljava/lang/String;,unknown,"[""burgerking"",""fd-fennec_fdroid"",""fd-fluffychat"",""fd-immich"",""fd-kitchenowl"",""fd-libre"",""fd-saber"",""localsend"",""ooniprobe""]",1,No class-attributed compiled registration proof; absence of Java_ export alone does not prove a missing dynamically registered method.,jni-results.json#/v3-74d1d6d4/methods (id=java/lang/System.mapLibraryName(Ljava/lang/String;)Ljava/lang/String;)
v3-74d1d6d4,java/lang/Thread.holdsLock(Ljava/lang/Object;)Z,unknown,"[""burgerking"",""fd-immich""]",1,No class-attributed compiled registration proof; absence of Java_ export alone does not prove a missing dynamically registered method.,jni-results.json#/v3-74d1d6d4/methods (id=java/lang/Thread.holdsLock(Ljava/lang/Object;)Z)
v3-74d1d6d4,java/lang/Thread.isInterrupted()Z,unknown,"[""burgerking"",""fd-android"",""fd-catima"",""fd-fennec_fdroid"",""fd-fluffychat"",""fd-immich"",""fd-k9"",""fd-kitchenowl"",""fd-mobile"",""localsend"",""noice"",""ooniprobe""]",1,No class-attributed compiled registration proof; absence of Java_ export alone does not prove a missing dynamically registered method.,jni-results.json#/v3-74d1d6d4/methods (id=java/lang/Thread.isInterrupted()Z)
v3-74d1d6d4,java/lang/reflect/Field.get(Ljava/lang/Object;)Ljava/lang/Object;,unknown,"[""burgerking"",""fd-android"",""fd-binaryeye"",""fd-catima"",""fd-etar"",""fd-fennec_fdroid"",""fd-fluffychat"",""fd-immich"",""fd-k9"",""fd-kitchenowl"",""fd-libre"",""fd-minetest"",""fd-mobile"",""fd-saber"",""localsend"",""mindustry"",""noice"",""ooniprobe"",""opencamera""]",1,No class-attributed compiled registration proof; absence of Java_ export alone does not prove a missing dynamically registered method.,jni-results.json#/v3-74d1d6d4/methods (id=java/lang/reflect/Field.get(Ljava/lang/Object;)Ljava/lang/Object;)
v3-74d1d6d4,java/lang/reflect/Field.getBoolean(Ljava/lang/Object;)Z,unknown,"[""burgerking"",""fd-android"",""fd-binaryeye"",""fd-catima"",""fd-etar"",""fd-fennec_fdroid"",""fd-fluffychat"",""fd-immich"",""fd-k9"",""fd-kitchenowl"",""fd-libre"",""fd-minetest"",""fd-mobile"",""fd-saber"",""localsend"",""noice"",""opencamera""]",1,No class-attributed compiled registration proof; absence of Java_ export alone does not prove a missing dynamically registered method.,jni-results.json#/v3-74d1d6d4/methods (id=java/lang/reflect/Field.getBoolean(Ljava/lang/Object;)Z)
v3-74d1d6d4,java/lang/reflect/Field.getByte(Ljava/lang/Object;)B,unknown,"[""fd-etar"",""opencamera""]",1,No class-attributed compiled registration proof; absence of Java_ export alone does not prove a missing dynamically registered method.,jni-results.json#/v3-74d1d6d4/methods (id=java/lang/reflect/Field.getByte(Ljava/lang/Object;)B)
v3-74d1d6d4,java/lang/reflect/Field.getDeclaredAnnotations()[Ljava/lang/annotation/Annotation;,unknown,"[""burgerking"",""mindustry""]",2,No class-attributed compiled registration proof; absence of Java_ export alone does not prove a missing dynamically registered method.,jni-results.json#/v3-74d1d6d4/methods (id=java/lang/reflect/Field.getDeclaredAnnotations()[Ljava/lang/annotation/Annotation;)
v3-74d1d6d4,java/lang/reflect/Field.getInt(Ljava/lang/Object;)I,unknown,"[""burgerking"",""fd-android"",""fd-binaryeye"",""fd-catima"",""fd-etar"",""fd-fennec_fdroid"",""fd-fluffychat"",""fd-immich"",""fd-k9"",""fd-minetest"",""fd-mobile"",""fd-saber"",""fd-stk"",""localsend"",""noice"",""opencamera""]",1,No class-attributed compiled registration proof; absence of Java_ export alone does not prove a missing dynamically registered method.,jni-results.json#/v3-74d1d6d4/methods (id=java/lang/reflect/Field.getInt(Ljava/lang/Object;)I)
v3-74d1d6d4,java/lang/reflect/Field.getLong(Ljava/lang/Object;)J,unknown,"[""burgerking"",""fd-android"",""fd-binaryeye"",""fd-catima"",""fd-etar"",""fd-fennec_fdroid"",""fd-fluffychat"",""fd-immich"",""fd-k9"",""fd-kitchenowl"",""fd-libre"",""fd-minetest"",""fd-mobile"",""fd-saber"",""localsend"",""noice"",""ooniprobe"",""opencamera""]",1,No class-attributed compiled registration proof; absence of Java_ export alone does not prove a missing dynamically registered method.,jni-results.json#/v3-74d1d6d4/methods (id=java/lang/reflect/Field.getLong(Ljava/lang/Object;)J)
v3-74d1d6d4,java/lang/reflect/Field.set(Ljava/lang/Object;Ljava/lang/Object;)V,unknown,"[""burgerking"",""fd-android"",""fd-binaryeye"",""fd-catima"",""fd-etar"",""fd-fennec_fdroid"",""fd-fluffychat"",""fd-immich"",""fd-k9"",""fd-kitchenowl"",""fd-libre"",""fd-minetest"",""fd-mobile"",""fd-saber"",""localsend"",""mindustry"",""noice"",""ooniprobe"",""opencamera""]",1,No class-attributed compiled registration proof; absence of Java_ export alone does not prove a missing dynamically registered method.,jni-results.json#/v3-74d1d6d4/methods (id=java/lang/reflect/Field.set(Ljava/lang/Object;Ljava/lang/Object;)V)
v3-74d1d6d4,java/lang/reflect/Field.setBoolean(Ljava/lang/Object;Z)V,unknown,"[""fd-fennec_fdroid"",""fd-mobile""]",1,No class-attributed compiled registration proof; absence of Java_ export alone does not prove a missing dynamically registered method.,jni-results.json#/v3-74d1d6d4/methods (id=java/lang/reflect/Field.setBoolean(Ljava/lang/Object;Z)V)
v3-74d1d6d4,java/lang/reflect/Field.setByte(Ljava/lang/Object;B)V,unknown,"[""fd-etar"",""opencamera""]",1,No class-attributed compiled registration proof; absence of Java_ export alone does not prove a missing dynamically registered method.,jni-results.json#/v3-74d1d6d4/methods (id=java/lang/reflect/Field.setByte(Ljava/lang/Object;B)V)
v3-74d1d6d4,java/lang/reflect/Field.setInt(Ljava/lang/Object;I)V,unknown,"[""burgerking"",""fd-android"",""fd-catima"",""fd-etar"",""fd-fennec_fdroid"",""fd-fluffychat"",""fd-immich"",""fd-k9"",""fd-mobile"",""fd-saber"",""localsend"",""noice"",""opencamera""]",1,No class-attributed compiled registration proof; absence of Java_ export alone does not prove a missing dynamically registered method.,jni-results.json#/v3-74d1d6d4/methods (id=java/lang/reflect/Field.setInt(Ljava/lang/Object;I)V)
v3-74d1d6d4,java/lang/reflect/Method.getDefaultValue()Ljava/lang/Object;,unknown,"[""burgerking""]",1,No class-attributed compiled registration proof; absence of Java_ export alone does not prove a missing dynamically registered method.,jni-results.json#/v3-74d1d6d4/methods (id=java/lang/reflect/Method.getDefaultValue()Ljava/lang/Object;)
v3-74d1d6d4,java/lang/reflect/Method.getExceptionTypes()[Ljava/lang/Class;,unknown,"[""fd-fennec_fdroid"",""ooniprobe""]",2,No class-attributed compiled registration proof; absence of Java_ export alone does not prove a missing dynamically registered method.,jni-results.json#/v3-74d1d6d4/methods (id=java/lang/reflect/Method.getExceptionTypes()[Ljava/lang/Class;)
v3-74d1d6d4,java/lang/reflect/Method.invoke(Ljava/lang/Object;[Ljava/lang/Object;)Ljava/lang/Object;,unknown,"[""burgerking"",""fd-android"",""fd-binaryeye"",""fd-catima"",""fd-etar"",""fd-fennec_fdroid"",""fd-fluffychat"",""fd-immich"",""fd-k9"",""fd-kitchenowl"",""fd-libre"",""fd-minetest"",""fd-mobile"",""fd-saber"",""fd-stk"",""localsend"",""mindustry"",""noice"",""ooniprobe"",""opencamera""]",1,No class-attributed compiled registration proof; absence of Java_ export alone does not prove a missing dynamically registered method.,jni-results.json#/v3-74d1d6d4/methods (id=java/lang/reflect/Method.invoke(Ljava/lang/Object;[Ljava/lang/Object;)Ljava/lang/Object;)
v3-74d1d6d4,sun/misc/Unsafe.allocateInstance(Ljava/lang/Class;)Ljava/lang/Object;,unknown,"[""burgerking"",""fd-android"",""fd-fennec_fdroid"",""fd-fluffychat"",""fd-immich"",""fd-k9"",""fd-kitchenowl"",""fd-libre"",""fd-saber"",""localsend"",""ooniprobe""]",1,No class-attributed compiled registration proof; absence of Java_ export alone does not prove a missing dynamically registered method.,jni-results.json#/v3-74d1d6d4/methods (id=sun/misc/Unsafe.allocateInstance(Ljava/lang/Class;)Ljava/lang/Object;)
v3-74d1d6d4,sun/misc/Unsafe.compareAndSwapInt(Ljava/lang/Object;JII)Z,unknown,"[""fd-android"",""fd-binaryeye"",""fd-catima"",""fd-etar"",""fd-k9"",""fd-libre"",""fd-mobile"",""fd-saber""]",2,No class-attributed compiled registration proof; absence of Java_ export alone does not prove a missing dynamically registered method.,jni-results.json#/v3-74d1d6d4/methods (id=sun/misc/Unsafe.compareAndSwapInt(Ljava/lang/Object;JII)Z)
v3-74d1d6d4,sun/misc/Unsafe.compareAndSwapLong(Ljava/lang/Object;JJJ)Z,unknown,"[""burgerking"",""fd-android"",""fd-binaryeye"",""fd-catima"",""fd-etar"",""fd-k9"",""fd-libre"",""fd-mobile"",""fd-saber""]",2,No class-attributed compiled registration proof; absence of Java_ export alone does not prove a missing dynamically registered method.,jni-results.json#/v3-74d1d6d4/methods (id=sun/misc/Unsafe.compareAndSwapLong(Ljava/lang/Object;JJJ)Z)
v3-74d1d6d4,sun/misc/Unsafe.compareAndSwapObject(Ljava/lang/Object;JLjava/lang/Object;Ljava/lang/Object;)Z,unknown,"[""burgerking"",""fd-android"",""fd-binaryeye"",""fd-catima"",""fd-etar"",""fd-fennec_fdroid"",""fd-immich"",""fd-k9"",""fd-libre"",""fd-mobile"",""fd-saber""]",2,No class-attributed compiled registration proof; absence of Java_ export alone does not prove a missing dynamically registered method.,jni-results.json#/v3-74d1d6d4/methods (id=sun/misc/Unsafe.compareAndSwapObject(Ljava/lang/Object;JLjava/lang/Object;Ljava/lang/Object;)Z)
v3-74d1d6d4,sun/misc/Unsafe.copyMemory(JJJ)V,unknown,"[""mindustry""]",1,No class-attributed compiled registration proof; absence of Java_ export alone does not prove a missing dynamically registered method.,jni-results.json#/v3-74d1d6d4/methods (id=sun/misc/Unsafe.copyMemory(JJJ)V)
v3-74d1d6d4,sun/misc/Unsafe.getBoolean(Ljava/lang/Object;J)Z,unknown,"[""burgerking"",""fd-android"",""fd-fennec_fdroid"",""fd-fluffychat"",""fd-immich"",""fd-k9"",""fd-kitchenowl"",""fd-libre"",""fd-saber"",""localsend"",""ooniprobe""]",2,No class-attributed compiled registration proof; absence of Java_ export alone does not prove a missing dynamically registered method.,jni-results.json#/v3-74d1d6d4/methods (id=sun/misc/Unsafe.getBoolean(Ljava/lang/Object;J)Z)
v3-74d1d6d4,sun/misc/Unsafe.getByte(Ljava/lang/Object;J)B,unknown,"[""burgerking"",""fd-immich"",""fd-kitchenowl"",""fd-libre"",""mindustry""]",2,No class-attributed compiled registration proof; absence of Java_ export alone does not prove a missing dynamically registered method.,jni-results.json#/v3-74d1d6d4/methods (id=sun/misc/Unsafe.getByte(Ljava/lang/Object;J)B)
v3-74d1d6d4,sun/misc/Unsafe.getDouble(Ljava/lang/Object;J)D,unknown,"[""burgerking"",""fd-android"",""fd-fennec_fdroid"",""fd-fluffychat"",""fd-immich"",""fd-k9"",""fd-kitchenowl"",""fd-libre"",""fd-saber"",""localsend"",""ooniprobe""]",2,No class-attributed compiled registration proof; absence of Java_ export alone does not prove a missing dynamically registered method.,jni-results.json#/v3-74d1d6d4/methods (id=sun/misc/Unsafe.getDouble(Ljava/lang/Object;J)D)
v3-74d1d6d4,sun/misc/Unsafe.getFloat(Ljava/lang/Object;J)F,unknown,"[""burgerking"",""fd-android"",""fd-fennec_fdroid"",""fd-fluffychat"",""fd-immich"",""fd-k9"",""fd-kitchenowl"",""fd-libre"",""fd-saber"",""localsend"",""ooniprobe""]",2,No class-attributed compiled registration proof; absence of Java_ export alone does not prove a missing dynamically registered method.,jni-results.json#/v3-74d1d6d4/methods (id=sun/misc/Unsafe.getFloat(Ljava/lang/Object;J)F)
v3-74d1d6d4,sun/misc/Unsafe.getInt(Ljava/lang/Object;J)I,unknown,"[""burgerking"",""fd-android"",""fd-fennec_fdroid"",""fd-fluffychat"",""fd-immich"",""fd-k9"",""fd-kitchenowl"",""fd-libre"",""fd-saber"",""localsend"",""mindustry"",""ooniprobe""]",2,No class-attributed compiled registration proof; absence of Java_ export alone does not prove a missing dynamically registered method.,jni-results.json#/v3-74d1d6d4/methods (id=sun/misc/Unsafe.getInt(Ljava/lang/Object;J)I)
v3-74d1d6d4,sun/misc/Unsafe.getIntVolatile(Ljava/lang/Object;J)I,unknown,"[""fd-android"",""fd-binaryeye"",""fd-catima"",""fd-etar"",""fd-k9"",""fd-libre"",""fd-mobile"",""fd-saber""]",2,No class-attributed compiled registration proof; absence of Java_ export alone does not prove a missing dynamically registered method.,jni-results.json#/v3-74d1d6d4/methods (id=sun/misc/Unsafe.getIntVolatile(Ljava/lang/Object;J)I)
v3-74d1d6d4,sun/misc/Unsafe.getLong(Ljava/lang/Object;J)J,unknown,"[""burgerking"",""fd-android"",""fd-fennec_fdroid"",""fd-fluffychat"",""fd-immich"",""fd-k9"",""fd-kitchenowl"",""fd-libre"",""fd-saber"",""localsend"",""mindustry"",""ooniprobe""]",2,No class-attributed compiled registration proof; absence of Java_ export alone does not prove a missing dynamically registered method.,jni-results.json#/v3-74d1d6d4/methods (id=sun/misc/Unsafe.getLong(Ljava/lang/Object;J)J)
v3-74d1d6d4,sun/misc/Unsafe.getLongVolatile(Ljava/lang/Object;J)J,unknown,"[""fd-binaryeye"",""fd-catima"",""fd-libre"",""fd-mobile"",""fd-saber""]",2,No class-attributed compiled registration proof; absence of Java_ export alone does not prove a missing dynamically registered method.,jni-results.json#/v3-74d1d6d4/methods (id=sun/misc/Unsafe.getLongVolatile(Ljava/lang/Object;J)J)
v3-74d1d6d4,sun/misc/Unsafe.getObject(Ljava/lang/Object;J)Ljava/lang/Object;,unknown,"[""burgerking"",""fd-android"",""fd-catima"",""fd-etar"",""fd-fennec_fdroid"",""fd-fluffychat"",""fd-immich"",""fd-k9"",""fd-kitchenowl"",""fd-libre"",""fd-mobile"",""fd-saber"",""localsend"",""ooniprobe""]",1,No class-attributed compiled registration proof; absence of Java_ export alone does not prove a missing dynamically registered method.,jni-results.json#/v3-74d1d6d4/methods (id=sun/misc/Unsafe.getObject(Ljava/lang/Object;J)Ljava/lang/Object;)
v3-74d1d6d4,sun/misc/Unsafe.getObjectVolatile(Ljava/lang/Object;J)Ljava/lang/Object;,unknown,"[""burgerking"",""fd-android"",""fd-binaryeye"",""fd-catima"",""fd-etar"",""fd-fennec_fdroid"",""fd-k9"",""fd-libre"",""fd-mobile"",""fd-saber""]",1,No class-attributed compiled registration proof; absence of Java_ export alone does not prove a missing dynamically registered method.,jni-results.json#/v3-74d1d6d4/methods (id=sun/misc/Unsafe.getObjectVolatile(Ljava/lang/Object;J)Ljava/lang/Object;)
v3-74d1d6d4,sun/misc/Unsafe.getShort(Ljava/lang/Object;J)S,unknown,"[""mindustry""]",2,No class-attributed compiled registration proof; absence of Java_ export alone does not prove a missing dynamically registered method.,jni-results.json#/v3-74d1d6d4/methods (id=sun/misc/Unsafe.getShort(Ljava/lang/Object;J)S)
v3-74d1d6d4,sun/misc/Unsafe.putBoolean(Ljava/lang/Object;JZ)V,unknown,"[""burgerking"",""fd-android"",""fd-fennec_fdroid"",""fd-fluffychat"",""fd-immich"",""fd-k9"",""fd-kitchenowl"",""fd-libre"",""fd-saber"",""localsend"",""ooniprobe""]",2,No class-attributed compiled registration proof; absence of Java_ export alone does not prove a missing dynamically registered method.,jni-results.json#/v3-74d1d6d4/methods (id=sun/misc/Unsafe.putBoolean(Ljava/lang/Object;JZ)V)
v3-74d1d6d4,sun/misc/Unsafe.putByte(Ljava/lang/Object;JB)V,unknown,"[""burgerking"",""fd-android"",""fd-fennec_fdroid"",""fd-fluffychat"",""fd-immich"",""fd-k9"",""fd-kitchenowl"",""fd-libre"",""fd-saber"",""localsend"",""mindustry"",""ooniprobe""]",2,No class-attributed compiled registration proof; absence of Java_ export alone does not prove a missing dynamically registered method.,jni-results.json#/v3-74d1d6d4/methods (id=sun/misc/Unsafe.putByte(Ljava/lang/Object;JB)V)
v3-74d1d6d4,sun/misc/Unsafe.putDouble(Ljava/lang/Object;JD)V,unknown,"[""burgerking"",""fd-android"",""fd-fennec_fdroid"",""fd-fluffychat"",""fd-immich"",""fd-k9"",""fd-kitchenowl"",""fd-libre"",""fd-saber"",""localsend"",""ooniprobe""]",2,No class-attributed compiled registration proof; absence of Java_ export alone does not prove a missing dynamically registered method.,jni-results.json#/v3-74d1d6d4/methods (id=sun/misc/Unsafe.putDouble(Ljava/lang/Object;JD)V)
v3-74d1d6d4,sun/misc/Unsafe.putFloat(Ljava/lang/Object;JF)V,unknown,"[""burgerking"",""fd-android"",""fd-fennec_fdroid"",""fd-fluffychat"",""fd-immich"",""fd-k9"",""fd-kitchenowl"",""fd-libre"",""fd-saber"",""localsend"",""ooniprobe""]",2,No class-attributed compiled registration proof; absence of Java_ export alone does not prove a missing dynamically registered method.,jni-results.json#/v3-74d1d6d4/methods (id=sun/misc/Unsafe.putFloat(Ljava/lang/Object;JF)V)
v3-74d1d6d4,sun/misc/Unsafe.putInt(Ljava/lang/Object;JI)V,unknown,"[""burgerking"",""fd-android"",""fd-fennec_fdroid"",""fd-fluffychat"",""fd-immich"",""fd-k9"",""fd-kitchenowl"",""fd-libre"",""fd-saber"",""localsend"",""mindustry"",""ooniprobe""]",2,No class-attributed compiled registration proof; absence of Java_ export alone does not prove a missing dynamically registered method.,jni-results.json#/v3-74d1d6d4/methods (id=sun/misc/Unsafe.putInt(Ljava/lang/Object;JI)V)
v3-74d1d6d4,sun/misc/Unsafe.putIntVolatile(Ljava/lang/Object;JI)V,unknown,"[""fd-binaryeye"",""fd-catima"",""fd-libre"",""fd-mobile"",""fd-saber""]",2,No class-attributed compiled registration proof; absence of Java_ export alone does not prove a missing dynamically registered method.,jni-results.json#/v3-74d1d6d4/methods (id=sun/misc/Unsafe.putIntVolatile(Ljava/lang/Object;JI)V)
v3-74d1d6d4,sun/misc/Unsafe.putLong(Ljava/lang/Object;JJ)V,unknown,"[""burgerking"",""fd-android"",""fd-fennec_fdroid"",""fd-fluffychat"",""fd-immich"",""fd-k9"",""fd-kitchenowl"",""fd-libre"",""fd-saber"",""localsend"",""mindustry"",""ooniprobe""]",2,No class-attributed compiled registration proof; absence of Java_ export alone does not prove a missing dynamically registered method.,jni-results.json#/v3-74d1d6d4/methods (id=sun/misc/Unsafe.putLong(Ljava/lang/Object;JJ)V)
v3-74d1d6d4,sun/misc/Unsafe.putLongVolatile(Ljava/lang/Object;JJ)V,unknown,"[""fd-binaryeye"",""fd-catima"",""fd-libre"",""fd-mobile"",""fd-saber""]",2,No class-attributed compiled registration proof; absence of Java_ export alone does not prove a missing dynamically registered method.,jni-results.json#/v3-74d1d6d4/methods (id=sun/misc/Unsafe.putLongVolatile(Ljava/lang/Object;JJ)V)
v3-74d1d6d4,sun/misc/Unsafe.putObject(Ljava/lang/Object;JLjava/lang/Object;)V,unknown,"[""burgerking"",""fd-android"",""fd-fennec_fdroid"",""fd-fluffychat"",""fd-immich"",""fd-k9"",""fd-kitchenowl"",""fd-libre"",""fd-mobile"",""fd-saber"",""localsend"",""ooniprobe""]",1,No class-attributed compiled registration proof; absence of Java_ export alone does not prove a missing dynamically registered method.,jni-results.json#/v3-74d1d6d4/methods (id=sun/misc/Unsafe.putObject(Ljava/lang/Object;JLjava/lang/Object;)V)
v3-74d1d6d4,sun/misc/Unsafe.putObjectVolatile(Ljava/lang/Object;JLjava/lang/Object;)V,unknown,"[""fd-android"",""fd-binaryeye"",""fd-catima"",""fd-etar"",""fd-fennec_fdroid"",""fd-k9"",""fd-libre"",""fd-mobile"",""fd-saber""]",1,No class-attributed compiled registration proof; absence of Java_ export alone does not prove a missing dynamically registered method.,jni-results.json#/v3-74d1d6d4/methods (id=sun/misc/Unsafe.putObjectVolatile(Ljava/lang/Object;JLjava/lang/Object;)V)
v3-74d1d6d4,sun/misc/Unsafe.putOrderedLong(Ljava/lang/Object;JJ)V,unknown,"[""burgerking""]",2,No class-attributed compiled registration proof; absence of Java_ export alone does not prove a missing dynamically registered method.,jni-results.json#/v3-74d1d6d4/methods (id=sun/misc/Unsafe.putOrderedLong(Ljava/lang/Object;JJ)V)
v3-74d1d6d4,sun/misc/Unsafe.putOrderedObject(Ljava/lang/Object;JLjava/lang/Object;)V,unknown,"[""burgerking""]",2,No class-attributed compiled registration proof; absence of Java_ export alone does not prove a missing dynamically registered method.,jni-results.json#/v3-74d1d6d4/methods (id=sun/misc/Unsafe.putOrderedObject(Ljava/lang/Object;JLjava/lang/Object;)V)
v3-74d1d6d4,sun/misc/Unsafe.putShort(Ljava/lang/Object;JS)V,unknown,"[""mindustry""]",2,No class-attributed compiled registration proof; absence of Java_ export alone does not prove a missing dynamically registered method.,jni-results.json#/v3-74d1d6d4/methods (id=sun/misc/Unsafe.putShort(Ljava/lang/Object;JS)V)
