key,new_record_status,new_lit,old_lit,old_observed,old_wall,old_launcher,new_launcher,launcher_changed,apk_same,new_captured,new_t5_alive,new_t20_alive,old_t5_alive,old_t20_alive,new_startability_codes,old_startability_codes,new_background_denials,old_background_denials,installer_effect_causal,new_record,old_record,old_source_run,new_screenshots,old_screenshot,same_profile_score_eligible,new_background,old_background,new_internet,old_internet,new_apk_sha256,old_apk_sha256,new_clicked,new_clicked_at,new_record_errors,new_captures_verified,new_record_error,new_target_pids,new_log_sha256,new_clue_count,new_first_observed_clue,first_clue_policy,recorded_apk_sha_same,comparison_identity_verified,installer_mechanism
wikipedia,foreground_unconfirmed,pending_outer_review,no,不变,EGL_NO_SURFACE / hwui abort,org.wikipedia.DefaultIcon,org.wikipedia.DefaultIcon,False,True,2,True,False,False,False,[0],[0],"[{""line"": 51702, ""trace"": ""a92ab12e3082cbf"", ""text"": ""09-30 05:31:28.545  1945  2292 W C0420a/WMSLife: [a92ab12e3082cbf, 3fbed01, 3d4328b] scene_session.cpp DisallowActivationFromPendingBackground: no permission to start ability from Background, id:286""}]",[],unknown; board/JAR/installer/protocol/app state change together,/Users/zhaoyue/orca/workspaces/westlake-harness/benchmark/2026-09-30-r17p-61b-sweep/runs/r17p-all-61b/61b0657200000000000000000324012c/wikipedia/record.json,/Users/zhaoyue/orca/workspaces/westlake-harness-bms/benchmark/2026-09-30-v3c-r17j-prospective/backtests/v2-5ea/source-records/wikipedia/record.json,/Users/zhaoyue/orca/workspaces/westlake-harness/benchmark/2026-09-30-v3c-5ea-sweep/runs/v3c-all-5ea/5ea34a4500000000000000001123012c,"[{""path"": ""/Users/zhaoyue/orca/workspaces/westlake-harness/benchmark/2026-09-30-r17p-61b-sweep/runs/r17p-all-61b/61b0657200000000000000000324012c/wikipedia/t5.jpeg"", ""sha256"": ""68e302abbbf0530283f8650295ca22367d2c3578d0ebce03d439b1e68b7367ec"", ""valid"": true, ""scheduled_seconds"": 5.0}, {""path"": ""/Users/zhaoyue/orca/workspaces/westlake-harness/benchmark/2026-09-30-r17p-61b-sweep/runs/r17p-all-61b/61b0657200000000000000000324012c/wikipedia/t20.jpeg"", ""sha256"": ""9b1d5042f926a88d01294470b8d5182100f73b7caccc3b565b8599b96481d06e"", ""valid"": true, ""scheduled_seconds"": 20.0}]",/Users/zhaoyue/orca/workspaces/westlake-harness/benchmark/2026-09-30-v3c-5ea-sweep/runs/v3c-all-5ea/5ea34a4500000000000000001123012c/wikipedia/t20.jpeg,False,absent,granted,granted,granted,eba82a0f77940d8a6be5bd2e53723675a59859a6c8a51be5e50bd034fc77101f,eba82a0f77940d8a6be5bd2e53723675a59859a6c8a51be5e50bd034fc77101f,True,1790717485.783084,[],2,unknown,[5923],9733ec975b88ea9d54c674355b5838a5f031078e3645cbf7de898e234cd1b075,7,"{""line"": 16687, ""pid"": 5923, ""text"": ""09-30 05:31:25.822  5923  5923 E C05a05/SecCompEnhanceAdapter: [InitEnhanceHandler]init enhance lib libsecurity_component_client_enhance.z.so failed, error Error loading shared library libsecurity_component_client_enhance.z.so: No such file or directory""}","chronological observed diagnostic, may be tolerated; not adjudicated first blocking wall",True,True,background_grant_lost_and_trace_linked_WMS_denial; UI_effect_pending
termux,foreground_unconfirmed,pending_outer_review,no,不变,StartAbility returned 2097205,com.termux.app.TermuxActivity,com.termux.app.TermuxActivity,False,True,2,True,True,True,True,[2097205],[2097205],[],[],unknown; board/JAR/installer/protocol/app state change together,/Users/zhaoyue/orca/workspaces/westlake-harness/benchmark/2026-09-30-r17p-61b-sweep/runs/r17p-all-61b/61b0657200000000000000000324012c/termux/record.json,/Users/zhaoyue/orca/workspaces/westlake-harness-bms/benchmark/2026-09-30-v3c-r17j-prospective/backtests/v2-5ea/source-records/termux/record.json,/Users/zhaoyue/orca/workspaces/westlake-harness/benchmark/2026-09-30-v3c-5ea-sweep/runs/v3c-all-5ea/5ea34a4500000000000000001123012c,"[{""path"": ""/Users/zhaoyue/orca/workspaces/westlake-harness/benchmark/2026-09-30-r17p-61b-sweep/runs/r17p-all-61b/61b0657200000000000000000324012c/termux/t5.jpeg"", ""sha256"": ""cef842f894bdd5d8a186e1a9b42ed8c1b0e88fba34ed4b0a246e43beaf884e48"", ""valid"": true, ""scheduled_seconds"": 5.0}, {""path"": ""/Users/zhaoyue/orca/workspaces/westlake-harness/benchmark/2026-09-30-r17p-61b-sweep/runs/r17p-all-61b/61b0657200000000000000000324012c/termux/t20.jpeg"", ""sha256"": ""cef842f894bdd5d8a186e1a9b42ed8c1b0e88fba34ed4b0a246e43beaf884e48"", ""valid"": true, ""scheduled_seconds"": 20.0}]",/Users/zhaoyue/orca/workspaces/westlake-harness/benchmark/2026-09-30-v3c-5ea-sweep/runs/v3c-all-5ea/5ea34a4500000000000000001123012c/termux/t20.jpeg,False,absent,granted,granted,granted,e6265a57eb5ca363808488e3b01955958bed93bc0c8a0d281849b363b11027ec,e6265a57eb5ca363808488e3b01955958bed93bc0c8a0d281849b363b11027ec,True,1790717532.722039,[],2,unknown,[7455],4105a864c6a487fbf2aee9654e7ab2c66c84a90dd9525d0d3aff9c5051f59369,6,"{""line"": 10097, ""pid"": 7455, ""text"": ""09-30 05:32:12.767  7455  7455 E C05a05/SecCompEnhanceAdapter: [InitEnhanceHandler]init enhance lib libsecurity_component_client_enhance.z.so failed, error Error loading shared library libsecurity_component_client_enhance.z.so: No such file or directory""}","chronological observed diagnostic, may be tolerated; not adjudicated first blocking wall",True,True,background_grant_lost_and_nonzero_dispatch; causal_link_unproven
ooniprobe,foreground_unconfirmed,pending_outer_review,yes,亮,JNA background error tolerated on introduction page,org.ooni.probe.MainActivity,org.ooni.probe.MainActivity,False,True,2,True,True,True,True,[],[],[],[],unknown; board/JAR/installer/protocol/app state change together,/Users/zhaoyue/orca/workspaces/westlake-harness/benchmark/2026-09-30-r17p-61b-sweep/runs/r17p-all-61b/61b0657200000000000000000324012c/ooniprobe/record.json,/Users/zhaoyue/orca/workspaces/westlake-harness-bms/benchmark/2026-09-30-v3c-r17j-prospective/backtests/v2-5ea/source-records/ooniprobe/record.json,/Users/zhaoyue/orca/workspaces/westlake-harness/benchmark/2026-09-30-v3c-5ea-sweep/runs/v3c-all-5ea/5ea34a4500000000000000001123012c,"[{""path"": ""/Users/zhaoyue/orca/workspaces/westlake-harness/benchmark/2026-09-30-r17p-61b-sweep/runs/r17p-all-61b/61b0657200000000000000000324012c/ooniprobe/t5.jpeg"", ""sha256"": ""e8809ffa0c2048254c7035909a0df53f2f7fd954c0ef152df4cbcb8bc856d68b"", ""valid"": true, ""scheduled_seconds"": 5.0}, {""path"": ""/Users/zhaoyue/orca/workspaces/westlake-harness/benchmark/2026-09-30-r17p-61b-sweep/runs/r17p-all-61b/61b0657200000000000000000324012c/ooniprobe/t20.jpeg"", ""sha256"": ""e8809ffa0c2048254c7035909a0df53f2f7fd954c0ef152df4cbcb8bc856d68b"", ""valid"": true, ""scheduled_seconds"": 20.0}]",/Users/zhaoyue/orca/workspaces/westlake-harness/benchmark/2026-09-30-v3c-5ea-sweep/runs/v3c-all-5ea/5ea34a4500000000000000001123012c/ooniprobe/t20.jpeg,False,absent,granted,granted,granted,7a5bc50be59ad5ed7526dd510a2128a6dc92ba08bd272e3645622783ba91a319,7a5bc50be59ad5ed7526dd510a2128a6dc92ba08bd272e3645622783ba91a319,True,1790717585.220639,[],2,unknown,[9213],e50c8ff021c14d319e83260125f92b645f43cf3f3b50010ce6a7f69c954d9b22,8,"{""line"": 16608, ""pid"": 9213, ""text"": ""09-30 05:33:05.236  9213  9213 E C05a05/SecCompEnhanceAdapter: [InitEnhanceHandler]init enhance lib libsecurity_component_client_enhance.z.so failed, error Error loading shared library libsecurity_component_client_enhance.z.so: No such file or directory""}","chronological observed diagnostic, may be tolerated; not adjudicated first blocking wall",True,True,background_grant_lost; impact_unproven
antennapod,foreground_unconfirmed,pending_outer_review,no,unknown,OpenSSLProvider missing; FeedUpdateManager null,de.danoeh.antennapod.activity.SplashActivity,de.danoeh.antennapod.activity.SplashActivity,False,True,2,False,False,False,False,[0],[0],[],[],unknown; board/JAR/installer/protocol/app state change together,/Users/zhaoyue/orca/workspaces/westlake-harness/benchmark/2026-09-30-r17p-61b-sweep/runs/r17p-all-61b/61b0657200000000000000000324012c/antennapod/record.json,/Users/zhaoyue/orca/workspaces/westlake-harness-bms/benchmark/2026-09-30-v3c-r17j-prospective/backtests/v2-5ea/source-records/antennapod/record.json,/Users/zhaoyue/orca/workspaces/westlake-harness/benchmark/2026-09-30-v3c-5ea-sweep/runs/v3c-all-5ea/5ea34a4500000000000000001123012c,"[{""path"": ""/Users/zhaoyue/orca/workspaces/westlake-harness/benchmark/2026-09-30-r17p-61b-sweep/runs/r17p-all-61b/61b0657200000000000000000324012c/antennapod/t5.jpeg"", ""sha256"": ""2ae5db87e0ea7f50ca717d198d371f52c10302a72107ec3a9ddeb78274118abf"", ""valid"": true, ""scheduled_seconds"": 5.0}, {""path"": ""/Users/zhaoyue/orca/workspaces/westlake-harness/benchmark/2026-09-30-r17p-61b-sweep/runs/r17p-all-61b/61b0657200000000000000000324012c/antennapod/t20.jpeg"", ""sha256"": ""be6218ac1cbf95e8c06d9de87dff45b107792cd6bacc8813281e6c4dc2d2c808"", ""valid"": true, ""scheduled_seconds"": 20.0}]",/Users/zhaoyue/orca/workspaces/westlake-harness/benchmark/2026-09-30-v3c-5ea-sweep/runs/v3c-all-5ea/5ea34a4500000000000000001123012c/antennapod/t20.jpeg,False,absent,granted,granted,granted,3f43a4337a693cdb49141afe06cb596e88c796009ed77bff51e9444ce2d1ebfc,3f43a4337a693cdb49141afe06cb596e88c796009ed77bff51e9444ce2d1ebfc,True,1790717631.610549,[],2,unknown,[10763],87c86614e1e167deffe00b29c9d84d192f532aed4fcbb3576d8985b082c2bc7b,5,"{""line"": 16502, ""pid"": 10763, ""text"": ""09-30 05:33:51.628 10763 10763 E C05a05/SecCompEnhanceAdapter: [InitEnhanceHandler]init enhance lib libsecurity_component_client_enhance.z.so failed, error Error loading shared library libsecurity_component_client_enhance.z.so: No such file or directory""}","chronological observed diagnostic, may be tolerated; not adjudicated first blocking wall",True,True,background_grant_lost; impact_unproven
aegis,foreground_unconfirmed,pending_outer_review,yes,亮,,com.beemdevelopment.aegis.ui.MainActivity,com.beemdevelopment.aegis.ui.MainActivity,False,True,2,True,True,True,True,[0],[0],"[{""line"": 36286, ""trace"": ""a92ab12ef0650b0"", ""text"": ""09-30 05:34:40.419  1945  2292 W C0420a/WMSLife: [a92ab12ef0650b0, 262ad90, 1b632b4] scene_session.cpp DisallowActivationFromPendingBackground: no permission to start ability from Background, id:295""}]",[],unknown; board/JAR/installer/protocol/app state change together,/Users/zhaoyue/orca/workspaces/westlake-harness/benchmark/2026-09-30-r17p-61b-sweep/runs/r17p-all-61b/61b0657200000000000000000324012c/aegis/record.json,/Users/zhaoyue/orca/workspaces/westlake-harness-bms/benchmark/2026-09-30-v3c-r17j-prospective/backtests/v2-5ea/source-records/aegis/record.json,/Users/zhaoyue/orca/workspaces/westlake-harness/benchmark/2026-09-30-v3c-5ea-sweep/runs/v3c-all-5ea/5ea34a4500000000000000001123012c,"[{""path"": ""/Users/zhaoyue/orca/workspaces/westlake-harness/benchmark/2026-09-30-r17p-61b-sweep/runs/r17p-all-61b/61b0657200000000000000000324012c/aegis/t5.jpeg"", ""sha256"": ""6e19b9a28eb002e2165cc0a2e0a48de2514c17c025eddfe9c44946a901dc52a7"", ""valid"": true, ""scheduled_seconds"": 5.0}, {""path"": ""/Users/zhaoyue/orca/workspaces/westlake-harness/benchmark/2026-09-30-r17p-61b-sweep/runs/r17p-all-61b/61b0657200000000000000000324012c/aegis/t20.jpeg"", ""sha256"": ""6e19b9a28eb002e2165cc0a2e0a48de2514c17c025eddfe9c44946a901dc52a7"", ""valid"": true, ""scheduled_seconds"": 20.0}]",/Users/zhaoyue/orca/workspaces/westlake-harness/benchmark/2026-09-30-v3c-5ea-sweep/runs/v3c-all-5ea/5ea34a4500000000000000001123012c/aegis/t20.jpeg,False,absent,granted,absent,absent,0eecec45de0da3ff1358004b51e2960d9178551643a6ed44f6496ea9ec999c19,0eecec45de0da3ff1358004b51e2960d9178551643a6ed44f6496ea9ec999c19,True,1790717678.266975,[],2,unknown,[12399],82cc46c85c73eec3a30095263032b3dac7e66bb425736d5fea57b242e3fce7bd,5,"{""line"": 16543, ""pid"": 12399, ""text"": ""09-30 05:34:38.269 12399 12399 E C05a05/SecCompEnhanceAdapter: [InitEnhanceHandler]init enhance lib libsecurity_component_client_enhance.z.so failed, error Error loading shared library libsecurity_component_client_enhance.z.so: No such file or directory""}","chronological observed diagnostic, may be tolerated; not adjudicated first blocking wall",True,True,background_grant_lost_and_trace_linked_WMS_denial; UI_effect_pending
fd-AppManager,foreground_unconfirmed,pending_outer_review,no,unknown,Blank KeyStoreActivity after successful background dispatch,io.github.muntashirakon.AppManager.main.SplashActivity,io.github.muntashirakon.AppManager.main.SplashActivity,False,True,2,True,True,True,True,[0],[0],"[{""line"": 41296, ""trace"": ""a92ab12f248946d"", ""text"": ""09-30 05:35:32.567  1945  2292 W C0420a/WMSLife: [a92ab12f248946d, 20d9077, 3d3ec6b] scene_session.cpp DisallowActivationFromPendingBackground: no permission to start ability from Background, id:297""}]",[],unknown; board/JAR/installer/protocol/app state change together,/Users/zhaoyue/orca/workspaces/westlake-harness/benchmark/2026-09-30-r17p-61b-sweep/runs/r17p-all-61b/61b0657200000000000000000324012c/fd-AppManager/record.json,/Users/zhaoyue/orca/workspaces/westlake-harness-bms/benchmark/2026-09-30-v3c-r17j-prospective/backtests/v2-5ea/source-records/fd-AppManager/record.json,/Users/zhaoyue/orca/workspaces/westlake-harness/benchmark/2026-09-30-v3c-5ea-sweep/runs/v3c-all-5ea/5ea34a4500000000000000001123012c,"[{""path"": ""/Users/zhaoyue/orca/workspaces/westlake-harness/benchmark/2026-09-30-r17p-61b-sweep/runs/r17p-all-61b/61b0657200000000000000000324012c/fd-AppManager/t5.jpeg"", ""sha256"": ""fba4049f2708bfe5f693872e6eab08185c5900f68e3af63ba2a9f47d0c3ec948"", ""valid"": true, ""scheduled_seconds"": 5.0}, {""path"": ""/Users/zhaoyue/orca/workspaces/westlake-harness/benchmark/2026-09-30-r17p-61b-sweep/runs/r17p-all-61b/61b0657200000000000000000324012c/fd-AppManager/t20.jpeg"", ""sha256"": ""fba4049f2708bfe5f693872e6eab08185c5900f68e3af63ba2a9f47d0c3ec948"", ""valid"": true, ""scheduled_seconds"": 20.0}]",/Users/zhaoyue/orca/workspaces/westlake-harness/benchmark/2026-09-30-v3c-5ea-sweep/runs/v3c-all-5ea/5ea34a4500000000000000001123012c/fd-AppManager/t20.jpeg,False,absent,granted,granted,granted,e1f6ba10812c74016ad626e11e27a1ae450aec2c0964a11466abb9e7a9c8ef84,e1f6ba10812c74016ad626e11e27a1ae450aec2c0964a11466abb9e7a9c8ef84,True,1790717729.0213702,[],2,unknown,[14103],03c07ee80dcd98c4c9e3b3726d2308bc5026dee68ce3456f439eb9c112bd586f,5,"{""line"": 16660, ""pid"": 14103, ""text"": ""09-30 05:35:29.059 14103 14103 E C05a05/SecCompEnhanceAdapter: [InitEnhanceHandler]init enhance lib libsecurity_component_client_enhance.z.so failed, error Error loading shared library libsecurity_component_client_enhance.z.so: No such file or directory""}","chronological observed diagnostic, may be tolerated; not adjudicated first blocking wall",True,True,background_grant_lost_and_trace_linked_WMS_denial; UI_effect_pending
fd-auxio,foreground_unconfirmed,pending_outer_review,yes,亮,,org.oxycblt.auxio.MainActivity,org.oxycblt.auxio.MainActivity,False,True,2,True,True,True,True,[2097205],[2097205],[],[],unknown; board/JAR/installer/protocol/app state change together,/Users/zhaoyue/orca/workspaces/westlake-harness/benchmark/2026-09-30-r17p-61b-sweep/runs/r17p-all-61b/61b0657200000000000000000324012c/fd-auxio/record.json,/Users/zhaoyue/orca/workspaces/westlake-harness-bms/benchmark/2026-09-30-v3c-r17j-prospective/backtests/v2-5ea/source-records/fd-auxio/record.json,/Users/zhaoyue/orca/workspaces/westlake-harness/benchmark/2026-09-30-v3c-5ea-sweep/runs/v3c-all-5ea/5ea34a4500000000000000001123012c,"[{""path"": ""/Users/zhaoyue/orca/workspaces/westlake-harness/benchmark/2026-09-30-r17p-61b-sweep/runs/r17p-all-61b/61b0657200000000000000000324012c/fd-auxio/t5.jpeg"", ""sha256"": ""611cf64bf0f2e82f3273b6b0baed8af41519e9983a2176bc4b1d50fd6a21c93d"", ""valid"": true, ""scheduled_seconds"": 5.0}, {""path"": ""/Users/zhaoyue/orca/workspaces/westlake-harness/benchmark/2026-09-30-r17p-61b-sweep/runs/r17p-all-61b/61b0657200000000000000000324012c/fd-auxio/t20.jpeg"", ""sha256"": ""611cf64bf0f2e82f3273b6b0baed8af41519e9983a2176bc4b1d50fd6a21c93d"", ""valid"": true, ""scheduled_seconds"": 20.0}]",/Users/zhaoyue/orca/workspaces/westlake-harness/benchmark/2026-09-30-v3c-5ea-sweep/runs/v3c-all-5ea/5ea34a4500000000000000001123012c/fd-auxio/t20.jpeg,False,absent,granted,absent,absent,c2053d36c28dbe74de40eadcd8978ec874c465ed3352bba655d4b2b364780b45,c2053d36c28dbe74de40eadcd8978ec874c465ed3352bba655d4b2b364780b45,True,1790717774.488193,[],2,unknown,[15656],5d12803dbb5fc2268922c8b8418a0fd02223911c83fe31023cf3bd8df39c3418,5,"{""line"": 16264, ""pid"": 15656, ""text"": ""09-30 05:36:14.479 15656 15656 E C05a05/SecCompEnhanceAdapter: [InitEnhanceHandler]init enhance lib libsecurity_component_client_enhance.z.so failed, error Error loading shared library libsecurity_component_client_enhance.z.so: No such file or directory""}","chronological observed diagnostic, may be tolerated; not adjudicated first blocking wall",True,True,background_grant_lost_and_nonzero_dispatch; causal_link_unproven
fd-com-amaze-filemanager,foreground_unconfirmed,pending_outer_review,no,unknown,AppConfig / OpenSSLProvider class initialization,com.amaze.filemanager.ui.activities.MainActivity,com.amaze.filemanager.ui.activities.MainActivity,False,True,2,True,True,False,False,[],[],[],[],unknown; board/JAR/installer/protocol/app state change together,/Users/zhaoyue/orca/workspaces/westlake-harness/benchmark/2026-09-30-r17p-61b-sweep/runs/r17p-all-61b/61b0657200000000000000000324012c/fd-com-amaze-filemanager/record.json,/Users/zhaoyue/orca/workspaces/westlake-harness-bms/benchmark/2026-09-30-v3c-r17j-prospective/backtests/v2-5ea/source-records/fd-com-amaze-filemanager/record.json,/Users/zhaoyue/orca/workspaces/westlake-harness/benchmark/2026-09-30-v3c-5ea-sweep/runs/v3c-all-5ea/5ea34a4500000000000000001123012c,"[{""path"": ""/Users/zhaoyue/orca/workspaces/westlake-harness/benchmark/2026-09-30-r17p-61b-sweep/runs/r17p-all-61b/61b0657200000000000000000324012c/fd-com-amaze-filemanager/t5.jpeg"", ""sha256"": ""ac83072a7e83becd4d8d6254781ec57d03f8d47a87a380399e40aaa8444ecd10"", ""valid"": true, ""scheduled_seconds"": 5.0}, {""path"": ""/Users/zhaoyue/orca/workspaces/westlake-harness/benchmark/2026-09-30-r17p-61b-sweep/runs/r17p-all-61b/61b0657200000000000000000324012c/fd-com-amaze-filemanager/t20.jpeg"", ""sha256"": ""ac83072a7e83becd4d8d6254781ec57d03f8d47a87a380399e40aaa8444ecd10"", ""valid"": true, ""scheduled_seconds"": 20.0}]",/Users/zhaoyue/orca/workspaces/westlake-harness/benchmark/2026-09-30-v3c-5ea-sweep/runs/v3c-all-5ea/5ea34a4500000000000000001123012c/fd-com-amaze-filemanager/t20.jpeg,False,absent,granted,granted,granted,35e0338dac1bf026f22d91e1b096c1c6eff1424ad7d6be52a7f8d3fe50987530,35e0338dac1bf026f22d91e1b096c1c6eff1424ad7d6be52a7f8d3fe50987530,True,1790717823.046154,[],2,unknown,[17192],6a1770f5353fc5236adc3b3171effd733976cfbbe37047304eb5b7bb14212291,16,"{""line"": 16467, ""pid"": 17192, ""text"": ""09-30 05:37:03.048 17192 17192 E C05a05/SecCompEnhanceAdapter: [InitEnhanceHandler]init enhance lib libsecurity_component_client_enhance.z.so failed, error Error loading shared library libsecurity_component_client_enhance.z.so: No such file or directory""}","chronological observed diagnostic, may be tolerated; not adjudicated first blocking wall",True,True,background_grant_lost; impact_unproven
fd-com-kunzisoft-keepass-libre,foreground_unconfirmed,pending_outer_review,yes,亮,,com.kunzisoft.keepass.activities.FileDatabaseSelectActivity,com.kunzisoft.keepass.activities.FileDatabaseSelectActivity,False,True,2,True,True,True,True,[],[],[],[],unknown; board/JAR/installer/protocol/app state change together,/Users/zhaoyue/orca/workspaces/westlake-harness/benchmark/2026-09-30-r17p-61b-sweep/runs/r17p-all-61b/61b0657200000000000000000324012c/fd-com-kunzisoft-keepass-libre/record.json,/Users/zhaoyue/orca/workspaces/westlake-harness-bms/benchmark/2026-09-30-v3c-r17j-prospective/backtests/v2-5ea/source-records/fd-com-kunzisoft-keepass-libre/record.json,/Users/zhaoyue/orca/workspaces/westlake-harness/benchmark/2026-09-30-v3c-5ea-sweep/runs/v3c-all-5ea/5ea34a4500000000000000001123012c,"[{""path"": ""/Users/zhaoyue/orca/workspaces/westlake-harness/benchmark/2026-09-30-r17p-61b-sweep/runs/r17p-all-61b/61b0657200000000000000000324012c/fd-com-kunzisoft-keepass-libre/t5.jpeg"", ""sha256"": ""d81f32f5f0151f35327c64fe2813651852d3e372980adba5f493ac00d0da2591"", ""valid"": true, ""scheduled_seconds"": 5.0}, {""path"": ""/Users/zhaoyue/orca/workspaces/westlake-harness/benchmark/2026-09-30-r17p-61b-sweep/runs/r17p-all-61b/61b0657200000000000000000324012c/fd-com-kunzisoft-keepass-libre/t20.jpeg"", ""sha256"": ""c241cf0797e3fcf4603d4f82c929364636408f86a61fa846b2b7266bae773ec4"", ""valid"": true, ""scheduled_seconds"": 20.0}]",/Users/zhaoyue/orca/workspaces/westlake-harness/benchmark/2026-09-30-v3c-5ea-sweep/runs/v3c-all-5ea/5ea34a4500000000000000001123012c/fd-com-kunzisoft-keepass-libre/t20.jpeg,False,absent,granted,absent,absent,862f87a30baef06181f049adf7c460611605b25a807eaf3c25841a9dd84bed9e,862f87a30baef06181f049adf7c460611605b25a807eaf3c25841a9dd84bed9e,True,1790717870.268831,[],2,unknown,[18809],0c20430426fac331555b125310e22af9a245b0d8f931babd3e5a1b8672991b13,4,"{""line"": 16436, ""pid"": 18809, ""text"": ""09-30 05:37:50.265 18809 18809 E C05a05/SecCompEnhanceAdapter: [InitEnhanceHandler]init enhance lib libsecurity_component_client_enhance.z.so failed, error Error loading shared library libsecurity_component_client_enhance.z.so: No such file or directory""}","chronological observed diagnostic, may be tolerated; not adjudicated first blocking wall",True,True,background_grant_lost; impact_unproven
fd-droidify,foreground_unconfirmed,pending_outer_review,no,unknown,OpenSSLProvider class initialization,com.looker.droidify.MainActivity,com.looker.droidify.MainActivity,False,True,2,True,True,False,False,"[2097205, 2097205, 2097205, 2097205]",[],[],[],unknown; board/JAR/installer/protocol/app state change together,/Users/zhaoyue/orca/workspaces/westlake-harness/benchmark/2026-09-30-r17p-61b-sweep/runs/r17p-all-61b/61b0657200000000000000000324012c/fd-droidify/record.json,/Users/zhaoyue/orca/workspaces/westlake-harness-bms/benchmark/2026-09-30-v3c-r17j-prospective/backtests/v2-5ea/source-records/fd-droidify/record.json,/Users/zhaoyue/orca/workspaces/westlake-harness/benchmark/2026-09-30-v3c-5ea-sweep/runs/v3c-all-5ea/5ea34a4500000000000000001123012c,"[{""path"": ""/Users/zhaoyue/orca/workspaces/westlake-harness/benchmark/2026-09-30-r17p-61b-sweep/runs/r17p-all-61b/61b0657200000000000000000324012c/fd-droidify/t5.jpeg"", ""sha256"": ""fce38c74b58b274be11953ef622495c553f941afdc92a8d486535a40d31ab012"", ""valid"": true, ""scheduled_seconds"": 5.0}, {""path"": ""/Users/zhaoyue/orca/workspaces/westlake-harness/benchmark/2026-09-30-r17p-61b-sweep/runs/r17p-all-61b/61b0657200000000000000000324012c/fd-droidify/t20.jpeg"", ""sha256"": ""17aa6fa3540f39fc013c2a46b093b6e606e6f8adf302f1ae29ffaf8045320582"", ""valid"": true, ""scheduled_seconds"": 20.0}]",/Users/zhaoyue/orca/workspaces/westlake-harness/benchmark/2026-09-30-v3c-5ea-sweep/runs/v3c-all-5ea/5ea34a4500000000000000001123012c/fd-droidify/t20.jpeg,False,absent,granted,granted,granted,da3070f3f18bdbed1eab666677afd39e4b19a60c70f0bfca68a5730147f81f10,da3070f3f18bdbed1eab666677afd39e4b19a60c70f0bfca68a5730147f81f10,True,1790717923.470952,[],2,unknown,[20598],2082f3fefb60969921f2d660fac789ec71db97ab1f2b4cec7dcf7e365655e407,10,"{""line"": 24553, ""pid"": 20598, ""text"": ""09-30 05:38:43.465 20598 20598 E C05a05/SecCompEnhanceAdapter: [InitEnhanceHandler]init enhance lib libsecurity_component_client_enhance.z.so failed, error Error loading shared library libsecurity_component_client_enhance.z.so: No such file or directory""}","chronological observed diagnostic, may be tolerated; not adjudicated first blocking wall",True,True,background_grant_lost_and_nonzero_dispatch; causal_link_unproven
fd-fitness,foreground_unconfirmed,pending_outer_review,yes,亮,,de.tadris.fitness.ui.MainActivity,de.tadris.fitness.ui.MainActivity,False,True,2,True,True,True,True,[],[],[],[],unknown; board/JAR/installer/protocol/app state change together,/Users/zhaoyue/orca/workspaces/westlake-harness/benchmark/2026-09-30-r17p-61b-sweep/runs/r17p-all-61b/61b0657200000000000000000324012c/fd-fitness/record.json,/Users/zhaoyue/orca/workspaces/westlake-harness-bms/benchmark/2026-09-30-v3c-r17j-prospective/backtests/v2-5ea/source-records/fd-fitness/record.json,/Users/zhaoyue/orca/workspaces/westlake-harness/benchmark/2026-09-30-v3c-5ea-sweep/runs/v3c-all-5ea/5ea34a4500000000000000001123012c,"[{""path"": ""/Users/zhaoyue/orca/workspaces/westlake-harness/benchmark/2026-09-30-r17p-61b-sweep/runs/r17p-all-61b/61b0657200000000000000000324012c/fd-fitness/t5.jpeg"", ""sha256"": ""7aba1960e071cc7bb9f1943e62d89890b533d8239fd7277cb11a1fdbdf7d5aac"", ""valid"": true, ""scheduled_seconds"": 5.0}, {""path"": ""/Users/zhaoyue/orca/workspaces/westlake-harness/benchmark/2026-09-30-r17p-61b-sweep/runs/r17p-all-61b/61b0657200000000000000000324012c/fd-fitness/t20.jpeg"", ""sha256"": ""d6156eed4e26a517f3a8301a704e46003817ffc760720cac581df3e3eb076f63"", ""valid"": true, ""scheduled_seconds"": 20.0}]",/Users/zhaoyue/orca/workspaces/westlake-harness/benchmark/2026-09-30-v3c-5ea-sweep/runs/v3c-all-5ea/5ea34a4500000000000000001123012c/fd-fitness/t20.jpeg,False,absent,granted,granted,granted,e1708c7c4256748a5825e3f898a6898dac8a0988f6499c78d63ea48bbf8f352b,e1708c7c4256748a5825e3f898a6898dac8a0988f6499c78d63ea48bbf8f352b,True,1790717970.1334982,[],2,unknown,[22220],00d77b2464a09141d3b381cd086f4bee6adf12cf2c13ec501e49985ccb308408,4,"{""line"": 20750, ""pid"": 22220, ""text"": ""09-30 05:39:30.179 22220 22220 E C05a05/SecCompEnhanceAdapter: [InitEnhanceHandler]init enhance lib libsecurity_component_client_enhance.z.so failed, error Error loading shared library libsecurity_component_client_enhance.z.so: No such file or directory""}","chronological observed diagnostic, may be tolerated; not adjudicated first blocking wall",True,True,background_grant_lost; impact_unproven
fd-netguard,foreground_unconfirmed,pending_outer_review,yes,亮,,eu.faircode.netguard.ActivityMain,eu.faircode.netguard.ActivityMain,False,True,2,True,True,True,True,[2097205],[2097205],[],[],unknown; board/JAR/installer/protocol/app state change together,/Users/zhaoyue/orca/workspaces/westlake-harness/benchmark/2026-09-30-r17p-61b-sweep/runs/r17p-all-61b/61b0657200000000000000000324012c/fd-netguard/record.json,/Users/zhaoyue/orca/workspaces/westlake-harness-bms/benchmark/2026-09-30-v3c-r17j-prospective/backtests/v2-5ea/source-records/fd-netguard/record.json,/Users/zhaoyue/orca/workspaces/westlake-harness/benchmark/2026-09-30-v3c-5ea-sweep/runs/v3c-all-5ea/5ea34a4500000000000000001123012c,"[{""path"": ""/Users/zhaoyue/orca/workspaces/westlake-harness/benchmark/2026-09-30-r17p-61b-sweep/runs/r17p-all-61b/61b0657200000000000000000324012c/fd-netguard/t5.jpeg"", ""sha256"": ""6f9d05cb8b829fd50040b0e93c4393d2a4e73c40327f9d2e53fe16dc288f4b54"", ""valid"": true, ""scheduled_seconds"": 5.0}, {""path"": ""/Users/zhaoyue/orca/workspaces/westlake-harness/benchmark/2026-09-30-r17p-61b-sweep/runs/r17p-all-61b/61b0657200000000000000000324012c/fd-netguard/t20.jpeg"", ""sha256"": ""6f9d05cb8b829fd50040b0e93c4393d2a4e73c40327f9d2e53fe16dc288f4b54"", ""valid"": true, ""scheduled_seconds"": 20.0}]",/Users/zhaoyue/orca/workspaces/westlake-harness/benchmark/2026-09-30-v3c-5ea-sweep/runs/v3c-all-5ea/5ea34a4500000000000000001123012c/fd-netguard/t20.jpeg,False,absent,granted,granted,granted,158b4308da0006298d22ed557adbff24b282fddeb1bc0b3468829a60f405a8c4,158b4308da0006298d22ed557adbff24b282fddeb1bc0b3468829a60f405a8c4,True,1790718018.7571359,[],2,unknown,[23839],951e4aaa76d8c2b9b8d7b38d66214b4bc5bf3a320d831f676a93915a6b0470b6,6,"{""line"": 23003, ""pid"": 23839, ""text"": ""09-30 05:40:18.835 23839 23839 E C05a05/SecCompEnhanceAdapter: [InitEnhanceHandler]init enhance lib libsecurity_component_client_enhance.z.so failed, error Error loading shared library libsecurity_component_client_enhance.z.so: No such file or directory""}","chronological observed diagnostic, may be tolerated; not adjudicated first blocking wall",True,True,background_grant_lost_and_nonzero_dispatch; causal_link_unproven
fd-noice,foreground_unconfirmed,pending_outer_review,no,unknown,Construct-only TLS socket then EGL_NO_SURFACE,com.github.ashutoshgngwr.noice.activity.MainActivity,com.github.ashutoshgngwr.noice.activity.MainActivity,False,True,2,False,False,False,False,[0],[0],"[{""line"": 43991, ""trace"": ""a92ab130744e68c"", ""text"": ""09-30 05:41:08.326  1945  2292 W C0420a/WMSLife: [a92ab130744e68c, d8ad95, 3ffe16e] scene_session.cpp DisallowActivationFromPendingBackground: no permission to start ability from Background, id:313""}]",[],unknown; board/JAR/installer/protocol/app state change together,/Users/zhaoyue/orca/workspaces/westlake-harness/benchmark/2026-09-30-r17p-61b-sweep/runs/r17p-all-61b/61b0657200000000000000000324012c/fd-noice/record.json,/Users/zhaoyue/orca/workspaces/westlake-harness-bms/benchmark/2026-09-30-v3c-r17j-prospective/backtests/v2-5ea/source-records/fd-noice/record.json,/Users/zhaoyue/orca/workspaces/westlake-harness/benchmark/2026-09-30-v3c-5ea-sweep/runs/v3c-all-5ea/5ea34a4500000000000000001123012c,"[{""path"": ""/Users/zhaoyue/orca/workspaces/westlake-harness/benchmark/2026-09-30-r17p-61b-sweep/runs/r17p-all-61b/61b0657200000000000000000324012c/fd-noice/t5.jpeg"", ""sha256"": ""6486b6c903f5a8d552164b22d6e91fe2986e69194cb1db8ac32efdc91791ced0"", ""valid"": true, ""scheduled_seconds"": 5.0}, {""path"": ""/Users/zhaoyue/orca/workspaces/westlake-harness/benchmark/2026-09-30-r17p-61b-sweep/runs/r17p-all-61b/61b0657200000000000000000324012c/fd-noice/t20.jpeg"", ""sha256"": ""e1ec2d99066be9b769f0fc1f526811a6448613182bda21e399fd4ac22f52d3bf"", ""valid"": true, ""scheduled_seconds"": 20.0}]",/Users/zhaoyue/orca/workspaces/westlake-harness/benchmark/2026-09-30-v3c-5ea-sweep/runs/v3c-all-5ea/5ea34a4500000000000000001123012c/fd-noice/t20.jpeg,False,absent,granted,granted,granted,8e11b3136977e9f5dc897de85c26add9a219ea61884feabcbcd4e33566d5d2ca,8e11b3136977e9f5dc897de85c26add9a219ea61884feabcbcd4e33566d5d2ca,True,1790718066.036577,[],2,unknown,[25383],882e57ceda39ca716372417ee11278fdca4e47ec05920d161219d9cc948ffb79,9,"{""line"": 22846, ""pid"": 25383, ""text"": ""09-30 05:41:06.130 25383 25383 E C05a05/SecCompEnhanceAdapter: [InitEnhanceHandler]init enhance lib libsecurity_component_client_enhance.z.so failed, error Error loading shared library libsecurity_component_client_enhance.z.so: No such file or directory""}","chronological observed diagnostic, may be tolerated; not adjudicated first blocking wall",True,True,background_grant_lost_and_trace_linked_WMS_denial; UI_effect_pending
anki,foreground_unconfirmed,pending_outer_review,no,不变,librsdroid cannot resolve liblog; DeckPicker lateinit,com.ichi2.anki.IntentHandler,leakcanary.internal.activity.LeakLauncherActivity,True,True,2,True,True,True,True,[],[0],[],[],unknown; board/JAR/installer/protocol/app state change together,/Users/zhaoyue/orca/workspaces/westlake-harness/benchmark/2026-09-30-r17p-61b-sweep/runs/r17p-all-61b/61b0657200000000000000000324012c/anki/record.json,/Users/zhaoyue/orca/workspaces/westlake-harness-bms/benchmark/2026-09-30-v3c-r17j-prospective/backtests/v2-5ea/source-records/anki/record.json,/Users/zhaoyue/orca/workspaces/westlake-harness/benchmark/2026-09-30-v3c-5ea-sweep/runs/v3c-all-5ea/5ea34a4500000000000000001123012c,"[{""path"": ""/Users/zhaoyue/orca/workspaces/westlake-harness/benchmark/2026-09-30-r17p-61b-sweep/runs/r17p-all-61b/61b0657200000000000000000324012c/anki/t5.jpeg"", ""sha256"": ""467ed99d321475bee9797b9c4a9c22fc83e5215c54db005d4509bbee8daa80d4"", ""valid"": true, ""scheduled_seconds"": 5.0}, {""path"": ""/Users/zhaoyue/orca/workspaces/westlake-harness/benchmark/2026-09-30-r17p-61b-sweep/runs/r17p-all-61b/61b0657200000000000000000324012c/anki/t20.jpeg"", ""sha256"": ""467ed99d321475bee9797b9c4a9c22fc83e5215c54db005d4509bbee8daa80d4"", ""valid"": true, ""scheduled_seconds"": 20.0}]",/Users/zhaoyue/orca/workspaces/westlake-harness/benchmark/2026-09-30-v3c-5ea-sweep/runs/v3c-all-5ea/5ea34a4500000000000000001123012c/anki/t20.jpeg,False,absent,granted,granted,granted,f00faccb681117acc445b22c3e4930cf3fd45e2837afa41bdc12bbf805c71ed3,f00faccb681117acc445b22c3e4930cf3fd45e2837afa41bdc12bbf805c71ed3,True,1790718116.301255,[],2,unknown,[26947],ab829624a0d1e1ab25ffe6b48109a18349d9b4e26e147d9e48463d68f5b91929,6,"{""line"": 16736, ""pid"": 26947, ""text"": ""09-30 05:41:56.389 26947 26947 E C05a05/SecCompEnhanceAdapter: [InitEnhanceHandler]init enhance lib libsecurity_component_client_enhance.z.so failed, error Error loading shared library libsecurity_component_client_enhance.z.so: No such file or directory""}","chronological observed diagnostic, may be tolerated; not adjudicated first blocking wall",True,True,launcher_selection_changed; outcome_confounded
newpipe,foreground_unconfirmed,pending_outer_review,no,unknown,OpenSSLProvider class initialization,org.schabi.newpipe.MainActivity,org.schabi.newpipe.MainActivity,False,True,2,True,False,False,False,[],[],[],[],unknown; board/JAR/installer/protocol/app state change together,/Users/zhaoyue/orca/workspaces/westlake-harness/benchmark/2026-09-30-r17p-61b-sweep/runs/r17p-all-61b/61b0657200000000000000000324012c/newpipe/record.json,/Users/zhaoyue/orca/workspaces/westlake-harness-bms/benchmark/2026-09-30-v3c-r17j-prospective/backtests/v2-5ea/source-records/newpipe/record.json,/Users/zhaoyue/orca/workspaces/westlake-harness/benchmark/2026-09-30-v3c-5ea-sweep/runs/v3c-all-5ea/5ea34a4500000000000000001123012c,"[{""path"": ""/Users/zhaoyue/orca/workspaces/westlake-harness/benchmark/2026-09-30-r17p-61b-sweep/runs/r17p-all-61b/61b0657200000000000000000324012c/newpipe/t5.jpeg"", ""sha256"": ""0b8f408774f1a8f12d5bd95726085492f9dcf26dde9c04f9cc404e5b2b5c6397"", ""valid"": true, ""scheduled_seconds"": 5.0}, {""path"": ""/Users/zhaoyue/orca/workspaces/westlake-harness/benchmark/2026-09-30-r17p-61b-sweep/runs/r17p-all-61b/61b0657200000000000000000324012c/newpipe/t20.jpeg"", ""sha256"": ""74ad17a89f557f9156c5b7f5eb6f504e3b352a47077fd11f904257b9304a8e05"", ""valid"": true, ""scheduled_seconds"": 20.0}]",/Users/zhaoyue/orca/workspaces/westlake-harness/benchmark/2026-09-30-v3c-5ea-sweep/runs/v3c-all-5ea/5ea34a4500000000000000001123012c/newpipe/t20.jpeg,False,absent,granted,granted,granted,1d66d19eedbab969b1be2e44e0ea35f5f8921cbe83b5c5ac810767ca1a84b7e8,1d66d19eedbab969b1be2e44e0ea35f5f8921cbe83b5c5ac810767ca1a84b7e8,True,1790718165.211094,[],2,unknown,[28564],4694e809be4c322512541df178700123e326aea1c66c141d2e6bad4f638f5f07,8,"{""line"": 22908, ""pid"": 28564, ""text"": ""09-30 05:42:45.236 28564 28564 E C05a05/SecCompEnhanceAdapter: [InitEnhanceHandler]init enhance lib libsecurity_component_client_enhance.z.so failed, error Error loading shared library libsecurity_component_client_enhance.z.so: No such file or directory""}","chronological observed diagnostic, may be tolerated; not adjudicated first blocking wall",True,True,background_grant_lost; impact_unproven
markor,foreground_unconfirmed,pending_outer_review,no,不变,Window type 1 rejected,net.gsantner.markor.activity.MainActivity,net.gsantner.markor.activity.MainActivity,False,True,2,False,False,False,False,[0],[0],"[{""line"": 38066, ""trace"": ""a92ab131078d10a"", ""text"": ""09-30 05:43:35.586  1945  2292 W C0420a/WMSLife: [a92ab131078d10a, 432833, 2950cd2] scene_session.cpp DisallowActivationFromPendingBackground: no permission to start ability from Background, id:320""}]",[],unknown; board/JAR/installer/protocol/app state change together,/Users/zhaoyue/orca/workspaces/westlake-harness/benchmark/2026-09-30-r17p-61b-sweep/runs/r17p-all-61b/61b0657200000000000000000324012c/markor/record.json,/Users/zhaoyue/orca/workspaces/westlake-harness-bms/benchmark/2026-09-30-v3c-r17j-prospective/backtests/v2-5ea/source-records/markor/record.json,/Users/zhaoyue/orca/workspaces/westlake-harness/benchmark/2026-09-30-v3c-5ea-sweep/runs/v3c-all-5ea/5ea34a4500000000000000001123012c,"[{""path"": ""/Users/zhaoyue/orca/workspaces/westlake-harness/benchmark/2026-09-30-r17p-61b-sweep/runs/r17p-all-61b/61b0657200000000000000000324012c/markor/t5.jpeg"", ""sha256"": ""74ad17a89f557f9156c5b7f5eb6f504e3b352a47077fd11f904257b9304a8e05"", ""valid"": true, ""scheduled_seconds"": 5.0}, {""path"": ""/Users/zhaoyue/orca/workspaces/westlake-harness/benchmark/2026-09-30-r17p-61b-sweep/runs/r17p-all-61b/61b0657200000000000000000324012c/markor/t20.jpeg"", ""sha256"": ""74ad17a89f557f9156c5b7f5eb6f504e3b352a47077fd11f904257b9304a8e05"", ""valid"": true, ""scheduled_seconds"": 20.0}]",/Users/zhaoyue/orca/workspaces/westlake-harness/benchmark/2026-09-30-v3c-5ea-sweep/runs/v3c-all-5ea/5ea34a4500000000000000001123012c/markor/t20.jpeg,False,absent,granted,granted,granted,3f9f260dc3e32a1281cb8803eea6f926eef897579f68a5d35f922523974b84b9,3f9f260dc3e32a1281cb8803eea6f926eef897579f68a5d35f922523974b84b9,True,1790718213.3550222,[],2,unknown,[30092],03ed50f3397b96c42f432c1878af1791e0110e85e503ccd4cc3d372b2ce24fad,7,"{""line"": 22908, ""pid"": 30092, ""text"": ""09-30 05:43:33.377 30092 30092 E C05a05/SecCompEnhanceAdapter: [InitEnhanceHandler]init enhance lib libsecurity_component_client_enhance.z.so failed, error Error loading shared library libsecurity_component_client_enhance.z.so: No such file or directory""}","chronological observed diagnostic, may be tolerated; not adjudicated first blocking wall",True,True,background_grant_lost_and_trace_linked_WMS_denial; UI_effect_pending
opencamera,foreground_unconfirmed,pending_outer_review,no,unknown,AudioProductStrategy JNI missing onResume,net.sourceforge.opencamera.MainActivity,net.sourceforge.opencamera.MainActivity,False,True,2,False,False,False,False,[],[],[],[],unknown; board/JAR/installer/protocol/app state change together,/Users/zhaoyue/orca/workspaces/westlake-harness/benchmark/2026-09-30-r17p-61b-sweep/runs/r17p-all-61b/61b0657200000000000000000324012c/opencamera/record.json,/Users/zhaoyue/orca/workspaces/westlake-harness-bms/benchmark/2026-09-30-v3c-r17j-prospective/backtests/v2-5ea/source-records/opencamera/record.json,/Users/zhaoyue/orca/workspaces/westlake-harness/benchmark/2026-09-30-v3c-5ea-sweep/runs/v3c-all-5ea/5ea34a4500000000000000001123012c,"[{""path"": ""/Users/zhaoyue/orca/workspaces/westlake-harness/benchmark/2026-09-30-r17p-61b-sweep/runs/r17p-all-61b/61b0657200000000000000000324012c/opencamera/t5.jpeg"", ""sha256"": ""9c42e407c4a007ca91960e400bcc14f2f678197a9eaa227360f2feb7a3361e83"", ""valid"": true, ""scheduled_seconds"": 5.0}, {""path"": ""/Users/zhaoyue/orca/workspaces/westlake-harness/benchmark/2026-09-30-r17p-61b-sweep/runs/r17p-all-61b/61b0657200000000000000000324012c/opencamera/t20.jpeg"", ""sha256"": ""85e98f8ee0802eeefb67c6562538bb05832a5801dd03fd953d039b621051fd05"", ""valid"": true, ""scheduled_seconds"": 20.0}]",/Users/zhaoyue/orca/workspaces/westlake-harness/benchmark/2026-09-30-v3c-5ea-sweep/runs/v3c-all-5ea/5ea34a4500000000000000001123012c/opencamera/t20.jpeg,False,absent,granted,absent,absent,ca5672ca8c7174554ca0b07b5b26e505817a05142f571cf2abe67e790c30249c,ca5672ca8c7174554ca0b07b5b26e505817a05142f571cf2abe67e790c30249c,True,1790718256.8187032,[],2,unknown,[31488],5d13b9cb096a8feb236f24410d2b9717f22086c46c5b0709ef8acaff7cc942e4,8,"{""line"": 16550, ""pid"": 31488, ""text"": ""09-30 05:44:16.822 31488 31488 E C05a05/SecCompEnhanceAdapter: [InitEnhanceHandler]init enhance lib libsecurity_component_client_enhance.z.so failed, error Error loading shared library libsecurity_component_client_enhance.z.so: No such file or directory""}","chronological observed diagnostic, may be tolerated; not adjudicated first blocking wall",True,True,background_grant_lost; impact_unproven
fd-android,foreground_unconfirmed,pending_outer_review,yes,亮,,net.thunderbird.app.common.MainActivity,net.thunderbird.app.common.MainActivity,False,True,2,True,True,True,True,[0],[2097205],"[{""line"": 60691, ""trace"": ""a92ab131684f279"", ""text"": ""09-30 05:45:12.331  1945  2292 W C0420a/WMSLife: [a92ab131684f279, 16efa0b, 688012] scene_session.cpp DisallowActivationFromPendingBackground: no permission to start ability from Background, id:323""}]",[],unknown; board/JAR/installer/protocol/app state change together,/Users/zhaoyue/orca/workspaces/westlake-harness/benchmark/2026-09-30-r17p-61b-sweep/runs/r17p-all-61b/61b0657200000000000000000324012c/fd-android/record.json,/Users/zhaoyue/orca/workspaces/westlake-harness-bms/benchmark/2026-09-30-v3c-r17j-prospective/backtests/v2-5ea/source-records/fd-android/record.json,/Users/zhaoyue/orca/workspaces/westlake-harness/benchmark/2026-09-30-v3c-5ea-sweep/runs/v3c-all-5ea/5ea34a4500000000000000001123012c,"[{""path"": ""/Users/zhaoyue/orca/workspaces/westlake-harness/benchmark/2026-09-30-r17p-61b-sweep/runs/r17p-all-61b/61b0657200000000000000000324012c/fd-android/t5.jpeg"", ""sha256"": ""7f13be27083242edd975986d67c9967699b68099c0c3301d457b37969b78e2c7"", ""valid"": true, ""scheduled_seconds"": 5.0}, {""path"": ""/Users/zhaoyue/orca/workspaces/westlake-harness/benchmark/2026-09-30-r17p-61b-sweep/runs/r17p-all-61b/61b0657200000000000000000324012c/fd-android/t20.jpeg"", ""sha256"": ""7f13be27083242edd975986d67c9967699b68099c0c3301d457b37969b78e2c7"", ""valid"": true, ""scheduled_seconds"": 20.0}]",/Users/zhaoyue/orca/workspaces/westlake-harness/benchmark/2026-09-30-v3c-5ea-sweep/runs/v3c-all-5ea/5ea34a4500000000000000001123012c/fd-android/t20.jpeg,False,absent,granted,granted,granted,1e4a2e23a4bff8c8d96eae7ed809f1ebd05a4ab24650ab792c226749dd51d936,1e4a2e23a4bff8c8d96eae7ed809f1ebd05a4ab24650ab792c226749dd51d936,True,1790718309.138408,[],2,unknown,[1365],5200317e2bd2169bea4c4551a3e9a2dedd2dea3b4e9d9d504ed8605014261734,5,"{""line"": 22989, ""pid"": 1365, ""text"": ""09-30 05:45:09.207  1365  1365 E C05a05/SecCompEnhanceAdapter: [InitEnhanceHandler]init enhance lib libsecurity_component_client_enhance.z.so failed, error Error loading shared library libsecurity_component_client_enhance.z.so: No such file or directory""}","chronological observed diagnostic, may be tolerated; not adjudicated first blocking wall",True,True,background_grant_lost_and_trace_linked_WMS_denial; UI_effect_pending
fd-api,foreground_unconfirmed,pending_outer_review,no,不变,Theme.AppCompat required,com.termux.api.activities.TermuxAPILauncherActivity,com.termux.api.activities.TermuxAPILauncherActivity,False,True,2,False,False,False,False,[],[],[],[],unknown; board/JAR/installer/protocol/app state change together,/Users/zhaoyue/orca/workspaces/westlake-harness/benchmark/2026-09-30-r17p-61b-sweep/runs/r17p-all-61b/61b0657200000000000000000324012c/fd-api/record.json,/Users/zhaoyue/orca/workspaces/westlake-harness-bms/benchmark/2026-09-30-v3c-r17j-prospective/backtests/v2-5ea/source-records/fd-api/record.json,/Users/zhaoyue/orca/workspaces/westlake-harness/benchmark/2026-09-30-v3c-5ea-sweep/runs/v3c-all-5ea/5ea34a4500000000000000001123012c,"[{""path"": ""/Users/zhaoyue/orca/workspaces/westlake-harness/benchmark/2026-09-30-r17p-61b-sweep/runs/r17p-all-61b/61b0657200000000000000000324012c/fd-api/t5.jpeg"", ""sha256"": ""a14db7af84ca54b8a44f7a8c7f1808172c1e4231024777f0f26228d372e32338"", ""valid"": true, ""scheduled_seconds"": 5.0}, {""path"": ""/Users/zhaoyue/orca/workspaces/westlake-harness/benchmark/2026-09-30-r17p-61b-sweep/runs/r17p-all-61b/61b0657200000000000000000324012c/fd-api/t20.jpeg"", ""sha256"": ""aba42f552ef08768994b78c3acc25b632396a074c52e98a53de620a003dd9042"", ""valid"": true, ""scheduled_seconds"": 20.0}]",/Users/zhaoyue/orca/workspaces/westlake-harness/benchmark/2026-09-30-v3c-5ea-sweep/runs/v3c-all-5ea/5ea34a4500000000000000001123012c/fd-api/t20.jpeg,False,absent,granted,granted,granted,4497dbbf81906df52e59ed387a5223d225aa0de3aca817cc557a621e4dadda44,4497dbbf81906df52e59ed387a5223d225aa0de3aca817cc557a621e4dadda44,True,1790718357.4738932,[],2,unknown,[3294],cefee616efd86b44ed9823289792973093e0943c2f0a412719692ffc1cc58333,12,"{""line"": 22789, ""pid"": 3294, ""text"": ""09-30 05:45:57.502  3294  3294 E C05a05/SecCompEnhanceAdapter: [InitEnhanceHandler]init enhance lib libsecurity_component_client_enhance.z.so failed, error Error loading shared library libsecurity_component_client_enhance.z.so: No such file or directory""}","chronological observed diagnostic, may be tolerated; not adjudicated first blocking wall",True,True,background_grant_lost; impact_unproven
fd-app,foreground_unconfirmed,pending_outer_review,no,不变,libgdx cannot resolve libstdc++,com.unciv.app.AndroidLauncher,com.unciv.app.AndroidLauncher,False,True,2,False,False,False,False,[],[],[],[],unknown; board/JAR/installer/protocol/app state change together,/Users/zhaoyue/orca/workspaces/westlake-harness/benchmark/2026-09-30-r17p-61b-sweep/runs/r17p-all-61b/61b0657200000000000000000324012c/fd-app/record.json,/Users/zhaoyue/orca/workspaces/westlake-harness-bms/benchmark/2026-09-30-v3c-r17j-prospective/backtests/v2-5ea/source-records/fd-app/record.json,/Users/zhaoyue/orca/workspaces/westlake-harness/benchmark/2026-09-30-v3c-5ea-sweep/runs/v3c-all-5ea/5ea34a4500000000000000001123012c,"[{""path"": ""/Users/zhaoyue/orca/workspaces/westlake-harness/benchmark/2026-09-30-r17p-61b-sweep/runs/r17p-all-61b/61b0657200000000000000000324012c/fd-app/t5.jpeg"", ""sha256"": ""d432cebf361dbd2466f442b8416b26ae6a5964e82e148f7814b4e1f406284cd0"", ""valid"": true, ""scheduled_seconds"": 5.0}, {""path"": ""/Users/zhaoyue/orca/workspaces/westlake-harness/benchmark/2026-09-30-r17p-61b-sweep/runs/r17p-all-61b/61b0657200000000000000000324012c/fd-app/t20.jpeg"", ""sha256"": ""26a0b6ce8f57a29fcbc43168b70ff15ebc9a1d395953c486ef98a25b1de17e16"", ""valid"": true, ""scheduled_seconds"": 20.0}]",/Users/zhaoyue/orca/workspaces/westlake-harness/benchmark/2026-09-30-v3c-5ea-sweep/runs/v3c-all-5ea/5ea34a4500000000000000001123012c/fd-app/t20.jpeg,False,absent,granted,granted,granted,0eb71e65786a7879eae99bab48bbc30a6fa76bd2771d562a807fb7e93fb04add,0eb71e65786a7879eae99bab48bbc30a6fa76bd2771d562a807fb7e93fb04add,True,1790718402.2753081,[],2,unknown,[4791],11f4ce18394cd8dba3bb1e894a271a0a254fa5d4e387f5953782c9e737864b74,12,"{""line"": 16623, ""pid"": 4791, ""text"": ""09-30 05:46:42.312  4791  4791 E C05a05/SecCompEnhanceAdapter: [InitEnhanceHandler]init enhance lib libsecurity_component_client_enhance.z.so failed, error Error loading shared library libsecurity_component_client_enhance.z.so: No such file or directory""}","chronological observed diagnostic, may be tolerated; not adjudicated first blocking wall",True,True,background_grant_lost; impact_unproven
fd-breezyweather,foreground_unconfirmed,pending_outer_review,no,unknown,MainActivity service getClass NPE,org.breezyweather.ui.main.MainActivity,org.breezyweather.ui.main.MainActivity,False,True,2,False,False,False,False,[],[],[],[],unknown; board/JAR/installer/protocol/app state change together,/Users/zhaoyue/orca/workspaces/westlake-harness/benchmark/2026-09-30-r17p-61b-sweep/runs/r17p-all-61b/61b0657200000000000000000324012c/fd-breezyweather/record.json,/Users/zhaoyue/orca/workspaces/westlake-harness-bms/benchmark/2026-09-30-v3c-r17j-prospective/backtests/v2-5ea/source-records/fd-breezyweather/record.json,/Users/zhaoyue/orca/workspaces/westlake-harness/benchmark/2026-09-30-v3c-5ea-sweep/runs/v3c-all-5ea/5ea34a4500000000000000001123012c,"[{""path"": ""/Users/zhaoyue/orca/workspaces/westlake-harness/benchmark/2026-09-30-r17p-61b-sweep/runs/r17p-all-61b/61b0657200000000000000000324012c/fd-breezyweather/t5.jpeg"", ""sha256"": ""fe9d8e5696802e865c9d073461cc0078f57b97f405035351d270f6604e354966"", ""valid"": true, ""scheduled_seconds"": 5.0}, {""path"": ""/Users/zhaoyue/orca/workspaces/westlake-harness/benchmark/2026-09-30-r17p-61b-sweep/runs/r17p-all-61b/61b0657200000000000000000324012c/fd-breezyweather/t20.jpeg"", ""sha256"": ""fe9d8e5696802e865c9d073461cc0078f57b97f405035351d270f6604e354966"", ""valid"": true, ""scheduled_seconds"": 20.0}]",/Users/zhaoyue/orca/workspaces/westlake-harness/benchmark/2026-09-30-v3c-5ea-sweep/runs/v3c-all-5ea/5ea34a4500000000000000001123012c/fd-breezyweather/t20.jpeg,False,absent,granted,granted,granted,1369d817d426498715f8ccb6750baff19dadd78e85f707088e9bca43977570c0,1369d817d426498715f8ccb6750baff19dadd78e85f707088e9bca43977570c0,True,1790718454.0452769,[],2,unknown,[6530],1424bcf0140b88199b62e60a97bcca7270f23ea0d07eeba41ed058dca75387f6,10,"{""line"": 22969, ""pid"": 6530, ""text"": ""09-30 05:47:34.071  6530  6530 E C05a05/SecCompEnhanceAdapter: [InitEnhanceHandler]init enhance lib libsecurity_component_client_enhance.z.so failed, error Error loading shared library libsecurity_component_client_enhance.z.so: No such file or directory""}","chronological observed diagnostic, may be tolerated; not adjudicated first blocking wall",True,True,background_grant_lost; impact_unproven
fd-calendar,foreground_unconfirmed,pending_outer_review,no,不变,JobScheduler.cancel on null,org.fossify.calendar.activities.SplashActivity.Green,org.fossify.calendar.activities.SplashActivity.Green,False,True,2,True,True,False,False,[0],[0],[],[],unknown; board/JAR/installer/protocol/app state change together,/Users/zhaoyue/orca/workspaces/westlake-harness/benchmark/2026-09-30-r17p-61b-sweep/runs/r17p-all-61b/61b0657200000000000000000324012c/fd-calendar/record.json,/Users/zhaoyue/orca/workspaces/westlake-harness-bms/benchmark/2026-09-30-v3c-r17j-prospective/backtests/v2-5ea/source-records/fd-calendar/record.json,/Users/zhaoyue/orca/workspaces/westlake-harness/benchmark/2026-09-30-v3c-5ea-sweep/runs/v3c-all-5ea/5ea34a4500000000000000001123012c,"[{""path"": ""/Users/zhaoyue/orca/workspaces/westlake-harness/benchmark/2026-09-30-r17p-61b-sweep/runs/r17p-all-61b/61b0657200000000000000000324012c/fd-calendar/t5.jpeg"", ""sha256"": ""ee3f60a6cbf9b665bb08afcd4bc77da62bb766e5b7a0374367cea7281006b23a"", ""valid"": true, ""scheduled_seconds"": 5.0}, {""path"": ""/Users/zhaoyue/orca/workspaces/westlake-harness/benchmark/2026-09-30-r17p-61b-sweep/runs/r17p-all-61b/61b0657200000000000000000324012c/fd-calendar/t20.jpeg"", ""sha256"": ""ee3f60a6cbf9b665bb08afcd4bc77da62bb766e5b7a0374367cea7281006b23a"", ""valid"": true, ""scheduled_seconds"": 20.0}]",/Users/zhaoyue/orca/workspaces/westlake-harness/benchmark/2026-09-30-v3c-5ea-sweep/runs/v3c-all-5ea/5ea34a4500000000000000001123012c/fd-calendar/t20.jpeg,False,absent,granted,absent,absent,2acbd47fa2abc6dd4846e406ed2fd60c5c01b8613158d10e012135923ee24894,2acbd47fa2abc6dd4846e406ed2fd60c5c01b8613158d10e012135923ee24894,True,1790718505.148814,[],2,unknown,[8106],8234245d78d762006a233408774b8bcf91239a7ee0a28ec96a49564d8842de4d,6,"{""line"": 22966, ""pid"": 8106, ""text"": ""09-30 05:48:25.168  8106  8106 E C05a05/SecCompEnhanceAdapter: [InitEnhanceHandler]init enhance lib libsecurity_component_client_enhance.z.so failed, error Error loading shared library libsecurity_component_client_enhance.z.so: No such file or directory""}","chronological observed diagnostic, may be tolerated; not adjudicated first blocking wall",True,True,background_grant_lost; impact_unproven
fd-catima,foreground_unconfirmed,pending_outer_review,no,不变,MainActivity resume getClass NPE,protect.card_locker.MainActivity,protect.card_locker.MainActivity,False,True,2,False,False,False,False,[],[],[],[],unknown; board/JAR/installer/protocol/app state change together,/Users/zhaoyue/orca/workspaces/westlake-harness/benchmark/2026-09-30-r17p-61b-sweep/runs/r17p-all-61b/61b0657200000000000000000324012c/fd-catima/record.json,/Users/zhaoyue/orca/workspaces/westlake-harness-bms/benchmark/2026-09-30-v3c-r17j-prospective/backtests/v2-5ea/source-records/fd-catima/record.json,/Users/zhaoyue/orca/workspaces/westlake-harness/benchmark/2026-09-30-v3c-5ea-sweep/runs/v3c-all-5ea/5ea34a4500000000000000001123012c,"[{""path"": ""/Users/zhaoyue/orca/workspaces/westlake-harness/benchmark/2026-09-30-r17p-61b-sweep/runs/r17p-all-61b/61b0657200000000000000000324012c/fd-catima/t5.jpeg"", ""sha256"": ""0de932e3aafb7bc41578d7992cfc45e3ffac25b9292a11cd18f887f1e0db06ef"", ""valid"": true, ""scheduled_seconds"": 5.0}, {""path"": ""/Users/zhaoyue/orca/workspaces/westlake-harness/benchmark/2026-09-30-r17p-61b-sweep/runs/r17p-all-61b/61b0657200000000000000000324012c/fd-catima/t20.jpeg"", ""sha256"": ""0de932e3aafb7bc41578d7992cfc45e3ffac25b9292a11cd18f887f1e0db06ef"", ""valid"": true, ""scheduled_seconds"": 20.0}]",/Users/zhaoyue/orca/workspaces/westlake-harness/benchmark/2026-09-30-v3c-5ea-sweep/runs/v3c-all-5ea/5ea34a4500000000000000001123012c/fd-catima/t20.jpeg,False,absent,granted,absent,absent,4f01f40d06d82fc5b8cfbbc5eccd083151a86564fbd4fa420eb54aaebf668b71,4f01f40d06d82fc5b8cfbbc5eccd083151a86564fbd4fa420eb54aaebf668b71,True,1790718550.748699,[],2,unknown,[9633],0a1c04296b53be315677366c88e562db32766736ca9ea378ef9e5c40299542f6,9,"{""line"": 16753, ""pid"": 9633, ""text"": ""09-30 05:49:10.798  9633  9633 E C05a05/SecCompEnhanceAdapter: [InitEnhanceHandler]init enhance lib libsecurity_component_client_enhance.z.so failed, error Error loading shared library libsecurity_component_client_enhance.z.so: No such file or directory""}","chronological observed diagnostic, may be tolerated; not adjudicated first blocking wall",True,True,background_grant_lost; impact_unproven
fd-etar,foreground_unconfirmed,pending_outer_review,no,不变,PowerExemptionManager.isAllowListed null,com.android.calendar.AllInOneActivity,com.android.calendar.AllInOneActivity,False,True,2,False,False,False,False,[2097199],[2097199],[],[],unknown; board/JAR/installer/protocol/app state change together,/Users/zhaoyue/orca/workspaces/westlake-harness/benchmark/2026-09-30-r17p-61b-sweep/runs/r17p-all-61b/61b0657200000000000000000324012c/fd-etar/record.json,/Users/zhaoyue/orca/workspaces/westlake-harness-bms/benchmark/2026-09-30-v3c-r17j-prospective/backtests/v2-5ea/source-records/fd-etar/record.json,/Users/zhaoyue/orca/workspaces/westlake-harness/benchmark/2026-09-30-v3c-5ea-sweep/runs/v3c-all-5ea/5ea34a4500000000000000001123012c,"[{""path"": ""/Users/zhaoyue/orca/workspaces/westlake-harness/benchmark/2026-09-30-r17p-61b-sweep/runs/r17p-all-61b/61b0657200000000000000000324012c/fd-etar/t5.jpeg"", ""sha256"": ""4bc76edc69c3fe8db3c8d5280af965cd85bf9ca73010b249215f763f3dfa6f51"", ""valid"": true, ""scheduled_seconds"": 5.0}, {""path"": ""/Users/zhaoyue/orca/workspaces/westlake-harness/benchmark/2026-09-30-r17p-61b-sweep/runs/r17p-all-61b/61b0657200000000000000000324012c/fd-etar/t20.jpeg"", ""sha256"": ""4bc76edc69c3fe8db3c8d5280af965cd85bf9ca73010b249215f763f3dfa6f51"", ""valid"": true, ""scheduled_seconds"": 20.0}]",/Users/zhaoyue/orca/workspaces/westlake-harness/benchmark/2026-09-30-v3c-5ea-sweep/runs/v3c-all-5ea/5ea34a4500000000000000001123012c/fd-etar/t20.jpeg,False,absent,granted,absent,absent,dae01d93c8920aa63845868db2190bcc4aa6ff8410b1289de1ce27b1bb89c599,dae01d93c8920aa63845868db2190bcc4aa6ff8410b1289de1ce27b1bb89c599,True,1790718598.826539,[],2,unknown,[11151],d7c08bb8a695f7dc151d46c0ffb23ab987e642f4e691725a45023a78d5315194,7,"{""line"": 23683, ""pid"": 11151, ""text"": ""09-30 05:49:58.938 11151 11151 E C05a05/SecCompEnhanceAdapter: [InitEnhanceHandler]init enhance lib libsecurity_component_client_enhance.z.so failed, error Error loading shared library libsecurity_component_client_enhance.z.so: No such file or directory""}","chronological observed diagnostic, may be tolerated; not adjudicated first blocking wall",True,True,background_grant_lost_and_nonzero_dispatch; causal_link_unproven
fd-feeder,foreground_unconfirmed,pending_outer_review,no,unknown,Unresolved current fatal,com.nononsenseapps.feeder.ui.MainActivity,com.nononsenseapps.feeder.ui.MainActivity,False,True,2,False,False,False,False,[],[],[],[],unknown; board/JAR/installer/protocol/app state change together,/Users/zhaoyue/orca/workspaces/westlake-harness/benchmark/2026-09-30-r17p-61b-sweep/runs/r17p-all-61b/61b0657200000000000000000324012c/fd-feeder/record.json,/Users/zhaoyue/orca/workspaces/westlake-harness-bms/benchmark/2026-09-30-v3c-r17j-prospective/backtests/v2-5ea/source-records/fd-feeder/record.json,/Users/zhaoyue/orca/workspaces/westlake-harness/benchmark/2026-09-30-v3c-5ea-sweep/runs/v3c-all-5ea/5ea34a4500000000000000001123012c,"[{""path"": ""/Users/zhaoyue/orca/workspaces/westlake-harness/benchmark/2026-09-30-r17p-61b-sweep/runs/r17p-all-61b/61b0657200000000000000000324012c/fd-feeder/t5.jpeg"", ""sha256"": ""435ccb5fffd7c0469ecb6e3890cf8ab6cd80d77b45c743046a64aa314dd98c1e"", ""valid"": true, ""scheduled_seconds"": 5.0}, {""path"": ""/Users/zhaoyue/orca/workspaces/westlake-harness/benchmark/2026-09-30-r17p-61b-sweep/runs/r17p-all-61b/61b0657200000000000000000324012c/fd-feeder/t20.jpeg"", ""sha256"": ""f517fe15534556162214fe87785286f3c8e13e7ebd6ec72eadd44367e1e2a9fd"", ""valid"": true, ""scheduled_seconds"": 20.0}]",/Users/zhaoyue/orca/workspaces/westlake-harness/benchmark/2026-09-30-v3c-5ea-sweep/runs/v3c-all-5ea/5ea34a4500000000000000001123012c/fd-feeder/t20.jpeg,False,absent,granted,granted,granted,0aa5eb094f94ca29ab7956d75b9e5d7c19785ebdac74b9ae512930084338bf3c,0aa5eb094f94ca29ab7956d75b9e5d7c19785ebdac74b9ae512930084338bf3c,True,1790718651.312777,[],2,unknown,[12890],8a73d5b4a67277ad99e7788d4205f23fb09524db3ebe60e51e3e6e44825af745,5,"{""line"": 23040, ""pid"": 12890, ""text"": ""09-30 05:50:51.404 12890 12890 E C05a05/SecCompEnhanceAdapter: [InitEnhanceHandler]init enhance lib libsecurity_component_client_enhance.z.so failed, error Error loading shared library libsecurity_component_client_enhance.z.so: No such file or directory""}","chronological observed diagnostic, may be tolerated; not adjudicated first blocking wall",True,True,background_grant_lost; impact_unproven
fd-fennec_fdroid,foreground_unconfirmed,pending_outer_review,no,不变,JNA libjnidispatch resource absent,org.mozilla.fennec_fdroid.App,org.mozilla.fennec_fdroid.App,False,True,2,False,False,False,False,[],[],[],[],unknown; board/JAR/installer/protocol/app state change together,/Users/zhaoyue/orca/workspaces/westlake-harness/benchmark/2026-09-30-r17p-61b-sweep/runs/r17p-all-61b/61b0657200000000000000000324012c/fd-fennec_fdroid/record.json,/Users/zhaoyue/orca/workspaces/westlake-harness-bms/benchmark/2026-09-30-v3c-r17j-prospective/backtests/v2-5ea/source-records/fd-fennec_fdroid/record.json,/Users/zhaoyue/orca/workspaces/westlake-harness/benchmark/2026-09-30-v3c-5ea-sweep/runs/v3c-all-5ea/5ea34a4500000000000000001123012c,"[{""path"": ""/Users/zhaoyue/orca/workspaces/westlake-harness/benchmark/2026-09-30-r17p-61b-sweep/runs/r17p-all-61b/61b0657200000000000000000324012c/fd-fennec_fdroid/t5.jpeg"", ""sha256"": ""b3a80cc4ffa8792da09378ef077b8b9e7a506cf7f28e7a155cc5604ca9aa4559"", ""valid"": true, ""scheduled_seconds"": 5.0}, {""path"": ""/Users/zhaoyue/orca/workspaces/westlake-harness/benchmark/2026-09-30-r17p-61b-sweep/runs/r17p-all-61b/61b0657200000000000000000324012c/fd-fennec_fdroid/t20.jpeg"", ""sha256"": ""b3a80cc4ffa8792da09378ef077b8b9e7a506cf7f28e7a155cc5604ca9aa4559"", ""valid"": true, ""scheduled_seconds"": 20.0}]",/Users/zhaoyue/orca/workspaces/westlake-harness/benchmark/2026-09-30-v3c-5ea-sweep/runs/v3c-all-5ea/5ea34a4500000000000000001123012c/fd-fennec_fdroid/t20.jpeg,False,absent,granted,granted,granted,27f2951376ca1085e0933066c902fdfe4d260916d381e233475c5fd6964f5745,27f2951376ca1085e0933066c902fdfe4d260916d381e233475c5fd6964f5745,True,1790718720.3292758,[],2,unknown,[15256],5648f21ae9543a39fb059f61edd936aa0e2f5a79e17eb7be6824f7091ea19a81,9,"{""line"": 16666, ""pid"": 15256, ""text"": ""09-30 05:52:00.425 15256 15256 E C05a05/SecCompEnhanceAdapter: [InitEnhanceHandler]init enhance lib libsecurity_component_client_enhance.z.so failed, error Error loading shared library libsecurity_component_client_enhance.z.so: No such file or directory""}","chronological observed diagnostic, may be tolerated; not adjudicated first blocking wall",True,True,background_grant_lost; impact_unproven
fd-filemanager,foreground_unconfirmed,pending_outer_review,yes,亮,,org.fossify.filemanager.activities.SplashActivity.Green,org.fossify.filemanager.activities.SplashActivity.Green,False,True,2,True,True,True,True,[0],[0],"[{""line"": 38890, ""trace"": ""a92ab1333447e2a"", ""text"": ""09-30 05:52:52.299  1945  2292 W C0420a/WMSLife: [a92ab1333447e2a, 3a5c071, 253fff] scene_session.cpp DisallowActivationFromPendingBackground: no permission to start ability from Background, id:336""}]",[],unknown; board/JAR/installer/protocol/app state change together,/Users/zhaoyue/orca/workspaces/westlake-harness/benchmark/2026-09-30-r17p-61b-sweep/runs/r17p-all-61b/61b0657200000000000000000324012c/fd-filemanager/record.json,/Users/zhaoyue/orca/workspaces/westlake-harness-bms/benchmark/2026-09-30-v3c-r17j-prospective/backtests/v2-5ea/source-records/fd-filemanager/record.json,/Users/zhaoyue/orca/workspaces/westlake-harness/benchmark/2026-09-30-v3c-5ea-sweep/runs/v3c-all-5ea/5ea34a4500000000000000001123012c,"[{""path"": ""/Users/zhaoyue/orca/workspaces/westlake-harness/benchmark/2026-09-30-r17p-61b-sweep/runs/r17p-all-61b/61b0657200000000000000000324012c/fd-filemanager/t5.jpeg"", ""sha256"": ""60101bde1fea5e148ae22f119ba7ccf266bb7b9be38c0f3f9d2a3e2e28cbdc72"", ""valid"": true, ""scheduled_seconds"": 5.0}, {""path"": ""/Users/zhaoyue/orca/workspaces/westlake-harness/benchmark/2026-09-30-r17p-61b-sweep/runs/r17p-all-61b/61b0657200000000000000000324012c/fd-filemanager/t20.jpeg"", ""sha256"": ""08d0bcb632d4b86d3342b301878c351cda2fc15679ceb93f9b41e1585109d9fd"", ""valid"": true, ""scheduled_seconds"": 20.0}]",/Users/zhaoyue/orca/workspaces/westlake-harness/benchmark/2026-09-30-v3c-5ea-sweep/runs/v3c-all-5ea/5ea34a4500000000000000001123012c/fd-filemanager/t20.jpeg,False,absent,granted,absent,absent,9e97d2faf55fb2702386c3dc51e38a6b073781016b125701d3ab668419a70008,9e97d2faf55fb2702386c3dc51e38a6b073781016b125701d3ab668419a70008,True,1790718770.1583219,[],2,unknown,[16829],95f7cf2c29c9b24398b85f620bae96dff8f7378901495ecbdc030a03a35d7aa8,6,"{""line"": 23215, ""pid"": 16829, ""text"": ""09-30 05:52:50.295 16829 16829 E C05a05/SecCompEnhanceAdapter: [InitEnhanceHandler]init enhance lib libsecurity_component_client_enhance.z.so failed, error Error loading shared library libsecurity_component_client_enhance.z.so: No such file or directory""}","chronological observed diagnostic, may be tolerated; not adjudicated first blocking wall",True,True,background_grant_lost_and_trace_linked_WMS_denial; UI_effect_pending
fd-fluffychat,foreground_unconfirmed,pending_outer_review,no,unknown,libflutter cannot resolve libandroid,chat.fluffy.fluffychat.MainActivity,chat.fluffy.fluffychat.MainActivity,False,True,2,False,False,False,False,[],[],[],[],unknown; board/JAR/installer/protocol/app state change together,/Users/zhaoyue/orca/workspaces/westlake-harness/benchmark/2026-09-30-r17p-61b-sweep/runs/r17p-all-61b/61b0657200000000000000000324012c/fd-fluffychat/record.json,/Users/zhaoyue/orca/workspaces/westlake-harness-bms/benchmark/2026-09-30-v3c-r17j-prospective/backtests/v2-5ea/source-records/fd-fluffychat/record.json,/Users/zhaoyue/orca/workspaces/westlake-harness/benchmark/2026-09-30-v3c-5ea-sweep/runs/v3c-all-5ea-c/5ea34a4500000000000000001123012c,"[{""path"": ""/Users/zhaoyue/orca/workspaces/westlake-harness/benchmark/2026-09-30-r17p-61b-sweep/runs/r17p-all-61b/61b0657200000000000000000324012c/fd-fluffychat/t5.jpeg"", ""sha256"": ""983a04386be09266f3e9424eb4edb0bb16f18c80b321703f3e3b1d91c35a2df8"", ""valid"": true, ""scheduled_seconds"": 5.0}, {""path"": ""/Users/zhaoyue/orca/workspaces/westlake-harness/benchmark/2026-09-30-r17p-61b-sweep/runs/r17p-all-61b/61b0657200000000000000000324012c/fd-fluffychat/t20.jpeg"", ""sha256"": ""16ca93f9252a488fef3e763802d65b663edfc63ec38b049dc4c812e8c4012247"", ""valid"": true, ""scheduled_seconds"": 20.0}]",/Users/zhaoyue/orca/workspaces/westlake-harness/benchmark/2026-09-30-v3c-5ea-sweep/runs/v3c-all-5ea-c/5ea34a4500000000000000001123012c/fd-fluffychat/t20.jpeg,False,absent,granted,granted,granted,edcdf6171c09ab39ed76447c1ee11c66503d922dfe4f36f2dd429f2f9c652481,edcdf6171c09ab39ed76447c1ee11c66503d922dfe4f36f2dd429f2f9c652481,True,1790718832.168745,[],2,unknown,[18898],9777d42e1d6a3e9e79a70ed6910855b206d7f9f2231f3863092dc28c7576fd06,16,"{""line"": 22957, ""pid"": 18898, ""text"": ""09-30 05:53:52.277 18898 18898 E C05a05/SecCompEnhanceAdapter: [InitEnhanceHandler]init enhance lib libsecurity_component_client_enhance.z.so failed, error Error loading shared library libsecurity_component_client_enhance.z.so: No such file or directory""}","chronological observed diagnostic, may be tolerated; not adjudicated first blocking wall",True,True,background_grant_lost; impact_unproven
fd-gallery,foreground_unconfirmed,pending_outer_review,no,不变,MediaStore.Images.Media.EXTERNAL_CONTENT_URI missing,org.fossify.gallery.activities.SplashActivity.Green,org.fossify.gallery.activities.SplashActivity.Green,False,True,2,True,True,True,True,[0],[0],"[{""line"": 36180, ""trace"": ""a92ab133ac60729"", ""text"": ""09-30 05:54:52.403  1945  2292 W C0420a/WMSLife: [a92ab133ac60729, 3501e5, cc3bdb] scene_session.cpp DisallowActivationFromPendingBackground: no permission to start ability from Background, id:338""}]",[],unknown; board/JAR/installer/protocol/app state change together,/Users/zhaoyue/orca/workspaces/westlake-harness/benchmark/2026-09-30-r17p-61b-sweep/runs/r17p-all-61b/61b0657200000000000000000324012c/fd-gallery/record.json,/Users/zhaoyue/orca/workspaces/westlake-harness-bms/benchmark/2026-09-30-v3c-r17j-prospective/backtests/v2-5ea/source-records/fd-gallery/record.json,/Users/zhaoyue/orca/workspaces/westlake-harness/benchmark/2026-09-30-v3c-5ea-sweep/runs/v3c-all-5ea-c/5ea34a4500000000000000001123012c,"[{""path"": ""/Users/zhaoyue/orca/workspaces/westlake-harness/benchmark/2026-09-30-r17p-61b-sweep/runs/r17p-all-61b/61b0657200000000000000000324012c/fd-gallery/t5.jpeg"", ""sha256"": ""b2669fffe920088bd61109b9fd09752445ae7ca344c01c0ec38b643bb24bbe18"", ""valid"": true, ""scheduled_seconds"": 5.0}, {""path"": ""/Users/zhaoyue/orca/workspaces/westlake-harness/benchmark/2026-09-30-r17p-61b-sweep/runs/r17p-all-61b/61b0657200000000000000000324012c/fd-gallery/t20.jpeg"", ""sha256"": ""ed1f00761cf1b9120594889e3ab046e5753cfbc76dc6013a028ebc0772798fb5"", ""valid"": true, ""scheduled_seconds"": 20.0}]",/Users/zhaoyue/orca/workspaces/westlake-harness/benchmark/2026-09-30-v3c-5ea-sweep/runs/v3c-all-5ea-c/5ea34a4500000000000000001123012c/fd-gallery/t20.jpeg,False,absent,granted,absent,absent,ae7e699599e81f70e2b82626bb1dfa883fe096cd938387133e123c116e5641d9,ae7e699599e81f70e2b82626bb1dfa883fe096cd938387133e123c116e5641d9,True,1790718890.1652029,[],2,unknown,[21070],112a419d8f25b92c46a333a3621e90e575eadf75b3f29ed3a66c3b4c8a7d34a6,6,"{""line"": 18631, ""pid"": 21070, ""text"": ""09-30 05:54:50.290 21070 21070 E C05a05/SecCompEnhanceAdapter: [InitEnhanceHandler]init enhance lib libsecurity_component_client_enhance.z.so failed, error Error loading shared library libsecurity_component_client_enhance.z.so: No such file or directory""}","chronological observed diagnostic, may be tolerated; not adjudicated first blocking wall",True,True,background_grant_lost_and_trace_linked_WMS_denial; UI_effect_pending
fd-im-vector-app,foreground_unconfirmed,pending_outer_review,no,unknown,OpenSSLProvider class initialization,im.vector.application.features.Alias,im.vector.application.features.Alias,False,True,2,False,False,False,False,[],[],[],[],unknown; board/JAR/installer/protocol/app state change together,/Users/zhaoyue/orca/workspaces/westlake-harness/benchmark/2026-09-30-r17p-61b-sweep/runs/r17p-all-61b/61b0657200000000000000000324012c/fd-im-vector-app/record.json,/Users/zhaoyue/orca/workspaces/westlake-harness-bms/benchmark/2026-09-30-v3c-r17j-prospective/backtests/v2-5ea/source-records/fd-im-vector-app/record.json,/Users/zhaoyue/orca/workspaces/westlake-harness/benchmark/2026-09-30-v3c-5ea-sweep/runs/v3c-all-5ea-c/5ea34a4500000000000000001123012c,"[{""path"": ""/Users/zhaoyue/orca/workspaces/westlake-harness/benchmark/2026-09-30-r17p-61b-sweep/runs/r17p-all-61b/61b0657200000000000000000324012c/fd-im-vector-app/t5.jpeg"", ""sha256"": ""eb0e2fb9d7e894de3952f8ddbca2d7a49982c6b3a08ac033cf456ec4bd93b8e1"", ""valid"": true, ""scheduled_seconds"": 5.0}, {""path"": ""/Users/zhaoyue/orca/workspaces/westlake-harness/benchmark/2026-09-30-r17p-61b-sweep/runs/r17p-all-61b/61b0657200000000000000000324012c/fd-im-vector-app/t20.jpeg"", ""sha256"": ""eb0e2fb9d7e894de3952f8ddbca2d7a49982c6b3a08ac033cf456ec4bd93b8e1"", ""valid"": true, ""scheduled_seconds"": 20.0}]",/Users/zhaoyue/orca/workspaces/westlake-harness/benchmark/2026-09-30-v3c-5ea-sweep/runs/v3c-all-5ea-c/5ea34a4500000000000000001123012c/fd-im-vector-app/t20.jpeg,False,absent,granted,granted,granted,ff73751599211c709c1e691d1a2b7412df0bab979ffbe8ff0d4b7f31c6a444c9,ff73751599211c709c1e691d1a2b7412df0bab979ffbe8ff0d4b7f31c6a444c9,True,1790718964.005237,[],2,unknown,[23842],b80841c787eb414fc0e1393e827a21b1f3cc2b27c73635689700398225eb754d,9,"{""line"": 23038, ""pid"": 23842, ""text"": ""09-30 05:56:04.120 23842 23842 E C05a05/SecCompEnhanceAdapter: [InitEnhanceHandler]init enhance lib libsecurity_component_client_enhance.z.so failed, error Error loading shared library libsecurity_component_client_enhance.z.so: No such file or directory""}","chronological observed diagnostic, may be tolerated; not adjudicated first blocking wall",True,True,background_grant_lost; impact_unproven
fd-immich,foreground_unconfirmed,pending_outer_review,no,不变,libflutter cannot resolve libGLESv2,app.alextran.immich.MainActivity,app.alextran.immich.MainActivity,False,True,2,False,False,False,False,[],[],[],[],unknown; board/JAR/installer/protocol/app state change together,/Users/zhaoyue/orca/workspaces/westlake-harness/benchmark/2026-09-30-r17p-61b-sweep/runs/r17p-all-61b/61b0657200000000000000000324012c/fd-immich/record.json,/Users/zhaoyue/orca/workspaces/westlake-harness-bms/benchmark/2026-09-30-v3c-r17j-prospective/backtests/v2-5ea/source-records/fd-immich/record.json,/Users/zhaoyue/orca/workspaces/westlake-harness/benchmark/2026-09-30-v3c-5ea-sweep/runs/v3c-all-5ea-c/5ea34a4500000000000000001123012c,"[{""path"": ""/Users/zhaoyue/orca/workspaces/westlake-harness/benchmark/2026-09-30-r17p-61b-sweep/runs/r17p-all-61b/61b0657200000000000000000324012c/fd-immich/t5.jpeg"", ""sha256"": ""26605d1ba2821433b8b42681ee2b5dcb888ab626abab84d3bd492a9abd23e095"", ""valid"": true, ""scheduled_seconds"": 5.0}, {""path"": ""/Users/zhaoyue/orca/workspaces/westlake-harness/benchmark/2026-09-30-r17p-61b-sweep/runs/r17p-all-61b/61b0657200000000000000000324012c/fd-immich/t20.jpeg"", ""sha256"": ""26605d1ba2821433b8b42681ee2b5dcb888ab626abab84d3bd492a9abd23e095"", ""valid"": true, ""scheduled_seconds"": 20.0}]",/Users/zhaoyue/orca/workspaces/westlake-harness/benchmark/2026-09-30-v3c-5ea-sweep/runs/v3c-all-5ea-c/5ea34a4500000000000000001123012c/fd-immich/t20.jpeg,False,absent,granted,granted,granted,36b0d1368881ad6388b011d9a5bb91f7bd6133371d1eb585390c80232b9f22ea,36b0d1368881ad6388b011d9a5bb91f7bd6133371d1eb585390c80232b9f22ea,True,1790719026.877386,[],2,unknown,[25991],5d3b403d62216842bba77f919d07959dff13d73534d4ab54348c529c52502499,18,"{""line"": 22792, ""pid"": 25991, ""text"": ""09-30 05:57:06.991 25991 25991 E C05a05/SecCompEnhanceAdapter: [InitEnhanceHandler]init enhance lib libsecurity_component_client_enhance.z.so failed, error Error loading shared library libsecurity_component_client_enhance.z.so: No such file or directory""}","chronological observed diagnostic, may be tolerated; not adjudicated first blocking wall",True,True,background_grant_lost; impact_unproven
fd-k9,foreground_unconfirmed,pending_outer_review,yes,亮,,net.thunderbird.app.common.MainActivity,net.thunderbird.app.common.MainActivity,False,True,2,True,True,True,True,[0],[2097205],"[{""line"": 54330, ""trace"": ""a92ab13467a8b58"", ""text"": ""09-30 05:57:59.696  1945  2292 W C0420a/WMSLife: [a92ab13467a8b58, 36b2a6d, 3385f67] scene_session.cpp DisallowActivationFromPendingBackground: no permission to start ability from Background, id:341""}]",[],unknown; board/JAR/installer/protocol/app state change together,/Users/zhaoyue/orca/workspaces/westlake-harness/benchmark/2026-09-30-r17p-61b-sweep/runs/r17p-all-61b/61b0657200000000000000000324012c/fd-k9/record.json,/Users/zhaoyue/orca/workspaces/westlake-harness-bms/benchmark/2026-09-30-v3c-r17j-prospective/backtests/v2-5ea/source-records/fd-k9/record.json,/Users/zhaoyue/orca/workspaces/westlake-harness/benchmark/2026-09-30-v3c-5ea-sweep/runs/v3c-all-5ea-c/5ea34a4500000000000000001123012c,"[{""path"": ""/Users/zhaoyue/orca/workspaces/westlake-harness/benchmark/2026-09-30-r17p-61b-sweep/runs/r17p-all-61b/61b0657200000000000000000324012c/fd-k9/t5.jpeg"", ""sha256"": ""058c0e1d643146bcc0085283f4cb2219e6128f89b9440134d7b8aca88b4d9c43"", ""valid"": true, ""scheduled_seconds"": 5.0}, {""path"": ""/Users/zhaoyue/orca/workspaces/westlake-harness/benchmark/2026-09-30-r17p-61b-sweep/runs/r17p-all-61b/61b0657200000000000000000324012c/fd-k9/t20.jpeg"", ""sha256"": ""058c0e1d643146bcc0085283f4cb2219e6128f89b9440134d7b8aca88b4d9c43"", ""valid"": true, ""scheduled_seconds"": 20.0}]",/Users/zhaoyue/orca/workspaces/westlake-harness/benchmark/2026-09-30-v3c-5ea-sweep/runs/v3c-all-5ea-c/5ea34a4500000000000000001123012c/fd-k9/t20.jpeg,False,absent,granted,granted,granted,92cd3a81c7a8d066e517a50932fe85424de7752cb72e76032174d53ec36a2741,92cd3a81c7a8d066e517a50932fe85424de7752cb72e76032174d53ec36a2741,True,1790719076.3512,[],2,unknown,[27648],317fa804a3a74921a5c67a605887a76d42b4b9165ee2593a8be2a2703099763e,5,"{""line"": 16670, ""pid"": 27648, ""text"": ""09-30 05:57:56.452 27648 27648 E C05a05/SecCompEnhanceAdapter: [InitEnhanceHandler]init enhance lib libsecurity_component_client_enhance.z.so failed, error Error loading shared library libsecurity_component_client_enhance.z.so: No such file or directory""}","chronological observed diagnostic, may be tolerated; not adjudicated first blocking wall",True,True,background_grant_lost_and_trace_linked_WMS_denial; UI_effect_pending
fd-kitchenowl,foreground_unconfirmed,pending_outer_review,no,不变,libflutter cannot resolve libandroid,com.tombursch.kitchenowl.MainActivity,com.tombursch.kitchenowl.MainActivity,False,True,2,False,False,False,False,[],[],[],[],unknown; board/JAR/installer/protocol/app state change together,/Users/zhaoyue/orca/workspaces/westlake-harness/benchmark/2026-09-30-r17p-61b-sweep/runs/r17p-all-61b/61b0657200000000000000000324012c/fd-kitchenowl/record.json,/Users/zhaoyue/orca/workspaces/westlake-harness-bms/benchmark/2026-09-30-v3c-r17j-prospective/backtests/v2-5ea/source-records/fd-kitchenowl/record.json,/Users/zhaoyue/orca/workspaces/westlake-harness/benchmark/2026-09-30-v3c-5ea-sweep/runs/v3c-all-5ea-c/5ea34a4500000000000000001123012c,"[{""path"": ""/Users/zhaoyue/orca/workspaces/westlake-harness/benchmark/2026-09-30-r17p-61b-sweep/runs/r17p-all-61b/61b0657200000000000000000324012c/fd-kitchenowl/t5.jpeg"", ""sha256"": ""c9a55746a9f1ef055e268993bb4cd35cbaf42db2991b3dfb0a83e8bacca8aad8"", ""valid"": true, ""scheduled_seconds"": 5.0}, {""path"": ""/Users/zhaoyue/orca/workspaces/westlake-harness/benchmark/2026-09-30-r17p-61b-sweep/runs/r17p-all-61b/61b0657200000000000000000324012c/fd-kitchenowl/t20.jpeg"", ""sha256"": ""8cd2e211cbdddb6729c31c667e5f374753dc397d4039a39b02cb3649d57865d5"", ""valid"": true, ""scheduled_seconds"": 20.0}]",/Users/zhaoyue/orca/workspaces/westlake-harness/benchmark/2026-09-30-v3c-5ea-sweep/runs/v3c-all-5ea-c/5ea34a4500000000000000001123012c/fd-kitchenowl/t20.jpeg,False,absent,granted,granted,granted,c7fbb7a62636fc74f33ce443e4a844979782fd5ff3616d4c9cf80e0cf93645e1,c7fbb7a62636fc74f33ce443e4a844979782fd5ff3616d4c9cf80e0cf93645e1,True,1790719130.565366,[],2,unknown,[29423],3b15ebf04cb77292c60ba4f69ad827e57dcf0517560ecf9685db26cd75582a0c,18,"{""line"": 22955, ""pid"": 29423, ""text"": ""09-30 05:58:50.657 29423 29423 E C05a05/SecCompEnhanceAdapter: [InitEnhanceHandler]init enhance lib libsecurity_component_client_enhance.z.so failed, error Error loading shared library libsecurity_component_client_enhance.z.so: No such file or directory""}","chronological observed diagnostic, may be tolerated; not adjudicated first blocking wall",True,True,background_grant_lost; impact_unproven
fd-libre,foreground_unconfirmed,pending_outer_review,no,unknown,libflutter cannot resolve libGLESv2,deckers.thibault.aves.MainActivity,deckers.thibault.aves.MainActivity,False,True,2,False,False,False,False,[],[],[],[],unknown; board/JAR/installer/protocol/app state change together,/Users/zhaoyue/orca/workspaces/westlake-harness/benchmark/2026-09-30-r17p-61b-sweep/runs/r17p-all-61b/61b0657200000000000000000324012c/fd-libre/record.json,/Users/zhaoyue/orca/workspaces/westlake-harness-bms/benchmark/2026-09-30-v3c-r17j-prospective/backtests/v2-5ea/source-records/fd-libre/record.json,/Users/zhaoyue/orca/workspaces/westlake-harness/benchmark/2026-09-30-v3c-5ea-sweep/runs/v3c-all-5ea-c/5ea34a4500000000000000001123012c,"[{""path"": ""/Users/zhaoyue/orca/workspaces/westlake-harness/benchmark/2026-09-30-r17p-61b-sweep/runs/r17p-all-61b/61b0657200000000000000000324012c/fd-libre/t5.jpeg"", ""sha256"": ""97760e05809b0053eeafceeec890844ac36725def4ba138832a29899bac52643"", ""valid"": true, ""scheduled_seconds"": 5.0}, {""path"": ""/Users/zhaoyue/orca/workspaces/westlake-harness/benchmark/2026-09-30-r17p-61b-sweep/runs/r17p-all-61b/61b0657200000000000000000324012c/fd-libre/t20.jpeg"", ""sha256"": ""0c313ffdeaeaa88a1dd9b1a53063581e6b5a3ed3919c3af9246df75d66303998"", ""valid"": true, ""scheduled_seconds"": 20.0}]",/Users/zhaoyue/orca/workspaces/westlake-harness/benchmark/2026-09-30-v3c-5ea-sweep/runs/v3c-all-5ea-c/5ea34a4500000000000000001123012c/fd-libre/t20.jpeg,False,absent,granted,granted,granted,25f986a8cae2c2086c939b0ca17f10d1cafdf82e7db20679810cb93018e6a39a,25f986a8cae2c2086c939b0ca17f10d1cafdf82e7db20679810cb93018e6a39a,True,1790719190.890625,[],2,unknown,[31515],f011b903a88563db9c09ecc5ed1d1a01eaab83dd2fc77df123a131dcd594a495,16,"{""line"": 22931, ""pid"": 31515, ""text"": ""09-30 05:59:50.997 31515 31515 E C05a05/SecCompEnhanceAdapter: [InitEnhanceHandler]init enhance lib libsecurity_component_client_enhance.z.so failed, error Error loading shared library libsecurity_component_client_enhance.z.so: No such file or directory""}","chronological observed diagnostic, may be tolerated; not adjudicated first blocking wall",True,True,background_grant_lost; impact_unproven
fd-libretube,foreground_unconfirmed,pending_outer_review,no,不变,tagsoup Parser.setProperty missing,com.github.libretube.Default,com.github.libretube.Default,False,True,2,False,False,False,False,[],[],[],[],unknown; board/JAR/installer/protocol/app state change together,/Users/zhaoyue/orca/workspaces/westlake-harness/benchmark/2026-09-30-r17p-61b-sweep/runs/r17p-all-61b/61b0657200000000000000000324012c/fd-libretube/record.json,/Users/zhaoyue/orca/workspaces/westlake-harness-bms/benchmark/2026-09-30-v3c-r17j-prospective/backtests/v2-5ea/source-records/fd-libretube/record.json,/Users/zhaoyue/orca/workspaces/westlake-harness/benchmark/2026-09-30-v3c-5ea-sweep/runs/v3c-all-5ea-c/5ea34a4500000000000000001123012c,"[{""path"": ""/Users/zhaoyue/orca/workspaces/westlake-harness/benchmark/2026-09-30-r17p-61b-sweep/runs/r17p-all-61b/61b0657200000000000000000324012c/fd-libretube/t5.jpeg"", ""sha256"": ""04ab9d05d1bb82dd5d93aa987800ea25820178262a89dc91b594dcfc86a62a15"", ""valid"": true, ""scheduled_seconds"": 5.0}, {""path"": ""/Users/zhaoyue/orca/workspaces/westlake-harness/benchmark/2026-09-30-r17p-61b-sweep/runs/r17p-all-61b/61b0657200000000000000000324012c/fd-libretube/t20.jpeg"", ""sha256"": ""04ab9d05d1bb82dd5d93aa987800ea25820178262a89dc91b594dcfc86a62a15"", ""valid"": true, ""scheduled_seconds"": 20.0}]",/Users/zhaoyue/orca/workspaces/westlake-harness/benchmark/2026-09-30-v3c-5ea-sweep/runs/v3c-all-5ea-c/5ea34a4500000000000000001123012c/fd-libretube/t20.jpeg,False,absent,granted,granted,granted,792b1e37e7bd6a26d8da1c826a68677465c333633cb2198224cc96c84257d615,792b1e37e7bd6a26d8da1c826a68677465c333633cb2198224cc96c84257d615,True,1790719235.589073,[],2,unknown,[608],b6d80d674c52ec29ad9125901992360ed64c223a61316f5756965f5302a62d2d,8,"{""line"": 16668, ""pid"": 608, ""text"": ""09-30 06:00:35.678   608   608 E C05a05/SecCompEnhanceAdapter: [InitEnhanceHandler]init enhance lib libsecurity_component_client_enhance.z.so failed, error Error loading shared library libsecurity_component_client_enhance.z.so: No such file or directory""}","chronological observed diagnostic, may be tolerated; not adjudicated first blocking wall",True,True,background_grant_lost; impact_unproven
fd-meet,foreground_unconfirmed,pending_outer_review,no,不变,RestrictionsManager.getApplicationRestrictions null,org.jitsi.meet.MainActivity,org.jitsi.meet.MainActivity,False,True,2,False,False,False,False,[],[],[],[],unknown; board/JAR/installer/protocol/app state change together,/Users/zhaoyue/orca/workspaces/westlake-harness/benchmark/2026-09-30-r17p-61b-sweep/runs/r17p-all-61b/61b0657200000000000000000324012c/fd-meet/record.json,/Users/zhaoyue/orca/workspaces/westlake-harness-bms/benchmark/2026-09-30-v3c-r17j-prospective/backtests/v2-5ea/source-records/fd-meet/record.json,/Users/zhaoyue/orca/workspaces/westlake-harness/benchmark/2026-09-30-v3c-5ea-sweep/runs/v3c-all-5ea-c/5ea34a4500000000000000001123012c,"[{""path"": ""/Users/zhaoyue/orca/workspaces/westlake-harness/benchmark/2026-09-30-r17p-61b-sweep/runs/r17p-all-61b/61b0657200000000000000000324012c/fd-meet/t5.jpeg"", ""sha256"": ""005a44b99dbaaa654bce27ac7c0859b381ab9855432ff20a011f89c843771a5b"", ""valid"": true, ""scheduled_seconds"": 5.0}, {""path"": ""/Users/zhaoyue/orca/workspaces/westlake-harness/benchmark/2026-09-30-r17p-61b-sweep/runs/r17p-all-61b/61b0657200000000000000000324012c/fd-meet/t20.jpeg"", ""sha256"": ""005a44b99dbaaa654bce27ac7c0859b381ab9855432ff20a011f89c843771a5b"", ""valid"": true, ""scheduled_seconds"": 20.0}]",/Users/zhaoyue/orca/workspaces/westlake-harness/benchmark/2026-09-30-v3c-5ea-sweep/runs/v3c-all-5ea-c/5ea34a4500000000000000001123012c/fd-meet/t20.jpeg,False,absent,granted,granted,granted,72a89e53ca532b3ab44e9204644edeef282d7d66a366939ea55f062057c47df4,72a89e53ca532b3ab44e9204644edeef282d7d66a366939ea55f062057c47df4,True,1790719296.6439302,[],2,unknown,[3680],629d8d81319b717ff2f87adba61ca945349f522307bcb84203815422432db7db,10,"{""line"": 23106, ""pid"": 3680, ""text"": ""09-30 06:01:36.763  3680  3680 E C05a05/SecCompEnhanceAdapter: [InitEnhanceHandler]init enhance lib libsecurity_component_client_enhance.z.so failed, error Error loading shared library libsecurity_component_client_enhance.z.so: No such file or directory""}","chronological observed diagnostic, may be tolerated; not adjudicated first blocking wall",True,True,background_grant_lost; impact_unproven
fd-minetest,foreground_unconfirmed,pending_outer_review,yes,亮,,net.minetest.minetest.MainActivity,net.minetest.minetest.MainActivity,False,True,2,True,True,True,True,[2097205],[2097205],[],[],unknown; board/JAR/installer/protocol/app state change together,/Users/zhaoyue/orca/workspaces/westlake-harness/benchmark/2026-09-30-r17p-61b-sweep/runs/r17p-all-61b/61b0657200000000000000000324012c/fd-minetest/record.json,/Users/zhaoyue/orca/workspaces/westlake-harness-bms/benchmark/2026-09-30-v3c-r17j-prospective/backtests/v2-5ea/source-records/fd-minetest/record.json,/Users/zhaoyue/orca/workspaces/westlake-harness/benchmark/2026-09-30-v3c-5ea-sweep/runs/v3c-all-5ea-c/5ea34a4500000000000000001123012c,"[{""path"": ""/Users/zhaoyue/orca/workspaces/westlake-harness/benchmark/2026-09-30-r17p-61b-sweep/runs/r17p-all-61b/61b0657200000000000000000324012c/fd-minetest/t5.jpeg"", ""sha256"": ""d350f90da63a68b1417a71ca89c831ff5c207596953402782347500e03151b84"", ""valid"": true, ""scheduled_seconds"": 5.0}, {""path"": ""/Users/zhaoyue/orca/workspaces/westlake-harness/benchmark/2026-09-30-r17p-61b-sweep/runs/r17p-all-61b/61b0657200000000000000000324012c/fd-minetest/t20.jpeg"", ""sha256"": ""d350f90da63a68b1417a71ca89c831ff5c207596953402782347500e03151b84"", ""valid"": true, ""scheduled_seconds"": 20.0}]",/Users/zhaoyue/orca/workspaces/westlake-harness/benchmark/2026-09-30-v3c-5ea-sweep/runs/v3c-all-5ea-c/5ea34a4500000000000000001123012c/fd-minetest/t20.jpeg,False,absent,granted,granted,granted,87a136d408ed560d3d56e55ca2ac780deb7a8941635b16960c88831fb33f9233,87a136d408ed560d3d56e55ca2ac780deb7a8941635b16960c88831fb33f9233,True,1790719347.312138,[],2,unknown,[5348],58718a36aa521ec025ee04dbae9ee222a51ae99be752f1cb0015ff1d7f3d8cbc,5,"{""line"": 22887, ""pid"": 5348, ""text"": ""09-30 06:02:27.424  5348  5348 E C05a05/SecCompEnhanceAdapter: [InitEnhanceHandler]init enhance lib libsecurity_component_client_enhance.z.so failed, error Error loading shared library libsecurity_component_client_enhance.z.so: No such file or directory""}","chronological observed diagnostic, may be tolerated; not adjudicated first blocking wall",True,True,background_grant_lost_and_nonzero_dispatch; causal_link_unproven
fd-mpv,foreground_unconfirmed,pending_outer_review,yes,亮,,is.xyz.mpv.MainActivity,is.xyz.mpv.MainActivity,False,True,2,True,True,True,True,[],[],[],[],unknown; board/JAR/installer/protocol/app state change together,/Users/zhaoyue/orca/workspaces/westlake-harness/benchmark/2026-09-30-r17p-61b-sweep/runs/r17p-all-61b/61b0657200000000000000000324012c/fd-mpv/record.json,/Users/zhaoyue/orca/workspaces/westlake-harness-bms/benchmark/2026-09-30-v3c-r17j-prospective/backtests/v2-5ea/source-records/fd-mpv/record.json,/Users/zhaoyue/orca/workspaces/westlake-harness/benchmark/2026-09-30-v3c-5ea-sweep/runs/v3c-all-5ea-c/5ea34a4500000000000000001123012c,"[{""path"": ""/Users/zhaoyue/orca/workspaces/westlake-harness/benchmark/2026-09-30-r17p-61b-sweep/runs/r17p-all-61b/61b0657200000000000000000324012c/fd-mpv/t5.jpeg"", ""sha256"": ""26385f1dff0e027f0577080fcc579cbb183dcb10d908c0172bfe3df2796cb2ae"", ""valid"": true, ""scheduled_seconds"": 5.0}, {""path"": ""/Users/zhaoyue/orca/workspaces/westlake-harness/benchmark/2026-09-30-r17p-61b-sweep/runs/r17p-all-61b/61b0657200000000000000000324012c/fd-mpv/t20.jpeg"", ""sha256"": ""26385f1dff0e027f0577080fcc579cbb183dcb10d908c0172bfe3df2796cb2ae"", ""valid"": true, ""scheduled_seconds"": 20.0}]",/Users/zhaoyue/orca/workspaces/westlake-harness/benchmark/2026-09-30-v3c-5ea-sweep/runs/v3c-all-5ea-c/5ea34a4500000000000000001123012c/fd-mpv/t20.jpeg,False,absent,granted,granted,granted,5cba2237b20ba34b79eaccfbd39bdb5b09d2a9a774bdccee09ca450eac4edd34,5cba2237b20ba34b79eaccfbd39bdb5b09d2a9a774bdccee09ca450eac4edd34,True,1790719405.17121,[],2,unknown,[7387],9b0a09a9b590c5d2af89acd4dfab1e0e971d98fc33ef1a91b6b20a01f6bb47d4,5,"{""line"": 16668, ""pid"": 7387, ""text"": ""09-30 06:03:25.271  7387  7387 E C05a05/SecCompEnhanceAdapter: [InitEnhanceHandler]init enhance lib libsecurity_component_client_enhance.z.so failed, error Error loading shared library libsecurity_component_client_enhance.z.so: No such file or directory""}","chronological observed diagnostic, may be tolerated; not adjudicated first blocking wall",True,True,background_grant_lost; impact_unproven
fd-musicplayer,foreground_unconfirmed,pending_outer_review,no,不变,Bitmap color space missing,org.fossify.musicplayer.activities.SplashActivity.Green,org.fossify.musicplayer.activities.SplashActivity.Green,False,True,2,False,False,False,False,[0],[0],[],[],unknown; board/JAR/installer/protocol/app state change together,/Users/zhaoyue/orca/workspaces/westlake-harness/benchmark/2026-09-30-r17p-61b-sweep/runs/r17p-all-61b/61b0657200000000000000000324012c/fd-musicplayer/record.json,/Users/zhaoyue/orca/workspaces/westlake-harness-bms/benchmark/2026-09-30-v3c-r17j-prospective/backtests/v2-5ea/source-records/fd-musicplayer/record.json,/Users/zhaoyue/orca/workspaces/westlake-harness/benchmark/2026-09-30-v3c-5ea-sweep/runs/v3c-all-5ea-c/5ea34a4500000000000000001123012c,"[{""path"": ""/Users/zhaoyue/orca/workspaces/westlake-harness/benchmark/2026-09-30-r17p-61b-sweep/runs/r17p-all-61b/61b0657200000000000000000324012c/fd-musicplayer/t5.jpeg"", ""sha256"": ""92d2ee64e6e8c12ddf2f5c0fcaac7a5782a5365c192c21205297c42fcc00ce77"", ""valid"": true, ""scheduled_seconds"": 5.0}, {""path"": ""/Users/zhaoyue/orca/workspaces/westlake-harness/benchmark/2026-09-30-r17p-61b-sweep/runs/r17p-all-61b/61b0657200000000000000000324012c/fd-musicplayer/t20.jpeg"", ""sha256"": ""5f9d195efdb609ab84f52d4ddab20f97cbb6ab73046bc1e88744752c63b4e662"", ""valid"": true, ""scheduled_seconds"": 20.0}]",/Users/zhaoyue/orca/workspaces/westlake-harness/benchmark/2026-09-30-v3c-5ea-sweep/runs/v3c-all-5ea-c/5ea34a4500000000000000001123012c/fd-musicplayer/t20.jpeg,False,absent,granted,absent,absent,b5d0ce367544df1ac162adf71d642878c5b963a304ca0ddf8f8556f07bbba79b,b5d0ce367544df1ac162adf71d642878c5b963a304ca0ddf8f8556f07bbba79b,True,1790719455.804491,[],2,unknown,[9011],4134cde4ddda37ad9844a7eaf2d0a322b8897c7f4479f58597f707bdd1abf0ad,13,"{""line"": 22841, ""pid"": 9011, ""text"": ""09-30 06:04:15.943  9011  9011 E C05a05/SecCompEnhanceAdapter: [InitEnhanceHandler]init enhance lib libsecurity_component_client_enhance.z.so failed, error Error loading shared library libsecurity_component_client_enhance.z.so: No such file or directory""}","chronological observed diagnostic, may be tolerated; not adjudicated first blocking wall",True,True,background_grant_lost; impact_unproven
fd-notes,foreground_unconfirmed,pending_outer_review,yes,亮,,org.fossify.notes.activities.SplashActivity.Green,org.fossify.notes.activities.SplashActivity.Green,False,True,2,True,True,True,True,[0],[0],[],[],unknown; board/JAR/installer/protocol/app state change together,/Users/zhaoyue/orca/workspaces/westlake-harness/benchmark/2026-09-30-r17p-61b-sweep/runs/r17p-all-61b/61b0657200000000000000000324012c/fd-notes/record.json,/Users/zhaoyue/orca/workspaces/westlake-harness-bms/benchmark/2026-09-30-v3c-r17j-prospective/backtests/v2-5ea/source-records/fd-notes/record.json,/Users/zhaoyue/orca/workspaces/westlake-harness/benchmark/2026-09-30-v3c-5ea-sweep/runs/v3c-all-5ea-c/5ea34a4500000000000000001123012c,"[{""path"": ""/Users/zhaoyue/orca/workspaces/westlake-harness/benchmark/2026-09-30-r17p-61b-sweep/runs/r17p-all-61b/61b0657200000000000000000324012c/fd-notes/t5.jpeg"", ""sha256"": ""316344265ed076ad19fea06a09cc72b4f52730843b1c3daf7de0456457ccaa14"", ""valid"": true, ""scheduled_seconds"": 5.0}, {""path"": ""/Users/zhaoyue/orca/workspaces/westlake-harness/benchmark/2026-09-30-r17p-61b-sweep/runs/r17p-all-61b/61b0657200000000000000000324012c/fd-notes/t20.jpeg"", ""sha256"": ""316344265ed076ad19fea06a09cc72b4f52730843b1c3daf7de0456457ccaa14"", ""valid"": true, ""scheduled_seconds"": 20.0}]",/Users/zhaoyue/orca/workspaces/westlake-harness/benchmark/2026-09-30-v3c-5ea-sweep/runs/v3c-all-5ea-c/5ea34a4500000000000000001123012c/fd-notes/t20.jpeg,False,absent,granted,absent,absent,5a56e0e39cc488e1f3b947d3801006d3b7450ec73c67f03195c64c5fd3b6bced,5a56e0e39cc488e1f3b947d3801006d3b7450ec73c67f03195c64c5fd3b6bced,True,1790719506.5196211,[],2,unknown,[10649],ea32ad9e92338884e9b4672231c629cebcaf2800947d8a24bb5a02912811eb50,6,"{""line"": 22979, ""pid"": 10649, ""text"": ""09-30 06:05:06.674 10649 10649 E C05a05/SecCompEnhanceAdapter: [InitEnhanceHandler]init enhance lib libsecurity_component_client_enhance.z.so failed, error Error loading shared library libsecurity_component_client_enhance.z.so: No such file or directory""}","chronological observed diagnostic, may be tolerated; not adjudicated first blocking wall",True,True,background_grant_lost; impact_unproven
fd-organicmaps,foreground_unconfirmed,pending_outer_review,no,不变,liborganicmaps cannot resolve libGLESv2; DisplayManager null,app.organicmaps.DownloadResourcesActivity,app.organicmaps.DownloadResourcesActivity,False,True,2,False,False,False,False,[],[],[],[],unknown; board/JAR/installer/protocol/app state change together,/Users/zhaoyue/orca/workspaces/westlake-harness/benchmark/2026-09-30-r17p-61b-sweep/runs/r17p-all-61b/61b0657200000000000000000324012c/fd-organicmaps/record.json,/Users/zhaoyue/orca/workspaces/westlake-harness-bms/benchmark/2026-09-30-v3c-r17j-prospective/backtests/v2-5ea/source-records/fd-organicmaps/record.json,/Users/zhaoyue/orca/workspaces/westlake-harness/benchmark/2026-09-30-v3c-5ea-sweep/runs/v3c-all-5ea-c/5ea34a4500000000000000001123012c,"[{""path"": ""/Users/zhaoyue/orca/workspaces/westlake-harness/benchmark/2026-09-30-r17p-61b-sweep/runs/r17p-all-61b/61b0657200000000000000000324012c/fd-organicmaps/t5.jpeg"", ""sha256"": ""d6d8708a5e6de9d817df5de5334652f77a99716fe22621e2d800b74529bdab6a"", ""valid"": true, ""scheduled_seconds"": 5.0}, {""path"": ""/Users/zhaoyue/orca/workspaces/westlake-harness/benchmark/2026-09-30-r17p-61b-sweep/runs/r17p-all-61b/61b0657200000000000000000324012c/fd-organicmaps/t20.jpeg"", ""sha256"": ""d6d8708a5e6de9d817df5de5334652f77a99716fe22621e2d800b74529bdab6a"", ""valid"": true, ""scheduled_seconds"": 20.0}]",/Users/zhaoyue/orca/workspaces/westlake-harness/benchmark/2026-09-30-v3c-5ea-sweep/runs/v3c-all-5ea-c/5ea34a4500000000000000001123012c/fd-organicmaps/t20.jpeg,False,absent,granted,granted,granted,c1fc03a8bad4dac3c400c50764a929ec7a07b02ba572336bfdd9e722a4f96519,c1fc03a8bad4dac3c400c50764a929ec7a07b02ba572336bfdd9e722a4f96519,True,1790719554.657214,[],2,unknown,[12208],984e4b05fabeb66a12b92388622c85fbffda7f743439bf3cee5b6dfa10eb64f9,11,"{""line"": 16648, ""pid"": 12208, ""text"": ""09-30 06:05:54.721 12208 12208 E C05a05/SecCompEnhanceAdapter: [InitEnhanceHandler]init enhance lib libsecurity_component_client_enhance.z.so failed, error Error loading shared library libsecurity_component_client_enhance.z.so: No such file or directory""}","chronological observed diagnostic, may be tolerated; not adjudicated first blocking wall",True,True,background_grant_lost; impact_unproven
fd-plus,foreground_unconfirmed,pending_outer_review,no,不变,DayNightHelper null,net.osmand.plus.activities.MapActivity,net.osmand.plus.activities.MapActivity,False,True,2,False,False,False,False,[],[],[],[],unknown; board/JAR/installer/protocol/app state change together,/Users/zhaoyue/orca/workspaces/westlake-harness/benchmark/2026-09-30-r17p-61b-sweep/runs/r17p-all-61b/61b0657200000000000000000324012c/fd-plus/record.json,/Users/zhaoyue/orca/workspaces/westlake-harness-bms/benchmark/2026-09-30-v3c-r17j-prospective/backtests/v2-5ea/source-records/fd-plus/record.json,/Users/zhaoyue/orca/workspaces/westlake-harness/benchmark/2026-09-30-v3c-5ea-sweep/runs/v3c-all-5ea-c/5ea34a4500000000000000001123012c,"[{""path"": ""/Users/zhaoyue/orca/workspaces/westlake-harness/benchmark/2026-09-30-r17p-61b-sweep/runs/r17p-all-61b/61b0657200000000000000000324012c/fd-plus/t5.jpeg"", ""sha256"": ""91a29a80579f57007fe213a99027767dcbfa6db38c5db087130ecb7a2a4ce225"", ""valid"": true, ""scheduled_seconds"": 5.0}, {""path"": ""/Users/zhaoyue/orca/workspaces/westlake-harness/benchmark/2026-09-30-r17p-61b-sweep/runs/r17p-all-61b/61b0657200000000000000000324012c/fd-plus/t20.jpeg"", ""sha256"": ""91a29a80579f57007fe213a99027767dcbfa6db38c5db087130ecb7a2a4ce225"", ""valid"": true, ""scheduled_seconds"": 20.0}]",/Users/zhaoyue/orca/workspaces/westlake-harness/benchmark/2026-09-30-v3c-5ea-sweep/runs/v3c-all-5ea-c/5ea34a4500000000000000001123012c/fd-plus/t20.jpeg,False,absent,granted,granted,granted,27f1eb82d288a9939b7c0bdd0fb94f78749824ffc753d32d421e01cbe487e5e0,27f1eb82d288a9939b7c0bdd0fb94f78749824ffc753d32d421e01cbe487e5e0,True,1790719616.232571,[],2,unknown,[14185],d1f2ef9295b97a7f185e32150b9704cdcad393f02903159b718507b24570c46e,10,"{""line"": 22941, ""pid"": 14185, ""text"": ""09-30 06:06:56.347 14185 14185 E C05a05/SecCompEnhanceAdapter: [InitEnhanceHandler]init enhance lib libsecurity_component_client_enhance.z.so failed, error Error loading shared library libsecurity_component_client_enhance.z.so: No such file or directory""}","chronological observed diagnostic, may be tolerated; not adjudicated first blocking wall",True,True,background_grant_lost; impact_unproven
fd-reader,foreground_unconfirmed,pending_outer_review,no,unknown,OpenSSLProvider / MainDispatcherLoader initialization,me.ash.reader.infrastructure.android.MainActivity,me.ash.reader.infrastructure.android.MainActivity,False,True,2,False,False,False,False,[],[],[],[],unknown; board/JAR/installer/protocol/app state change together,/Users/zhaoyue/orca/workspaces/westlake-harness/benchmark/2026-09-30-r17p-61b-sweep/runs/r17p-all-61b/61b0657200000000000000000324012c/fd-reader/record.json,/Users/zhaoyue/orca/workspaces/westlake-harness-bms/benchmark/2026-09-30-v3c-r17j-prospective/backtests/v2-5ea/source-records/fd-reader/record.json,/Users/zhaoyue/orca/workspaces/westlake-harness/benchmark/2026-09-30-v3c-5ea-sweep/runs/v3c-all-5ea-c/5ea34a4500000000000000001123012c,"[{""path"": ""/Users/zhaoyue/orca/workspaces/westlake-harness/benchmark/2026-09-30-r17p-61b-sweep/runs/r17p-all-61b/61b0657200000000000000000324012c/fd-reader/t5.jpeg"", ""sha256"": ""17a53c9e08f2f5c0649a45ae80dfa8a15123df38bc589572d2690f4db5000ed0"", ""valid"": true, ""scheduled_seconds"": 5.0}, {""path"": ""/Users/zhaoyue/orca/workspaces/westlake-harness/benchmark/2026-09-30-r17p-61b-sweep/runs/r17p-all-61b/61b0657200000000000000000324012c/fd-reader/t20.jpeg"", ""sha256"": ""491af2b761730a0016b1607d7130ef68b4472880b83b3141939262611030d1ef"", ""valid"": true, ""scheduled_seconds"": 20.0}]",/Users/zhaoyue/orca/workspaces/westlake-harness/benchmark/2026-09-30-v3c-5ea-sweep/runs/v3c-all-5ea-c/5ea34a4500000000000000001123012c/fd-reader/t20.jpeg,False,absent,granted,granted,granted,78b1b8b9b6f6d18baaba31427895f1f10e9ca6cc1e01b3ceeb96df26e8fca075,78b1b8b9b6f6d18baaba31427895f1f10e9ca6cc1e01b3ceeb96df26e8fca075,True,1790719665.5468318,[],2,unknown,[15810],882a3ad8a405e651100dd4d7f38c7a6069d5a02c12c1c63069ca42bd8615bde5,6,"{""line"": 22984, ""pid"": 15810, ""text"": ""09-30 06:07:45.613 15810 15810 E C05a05/SecCompEnhanceAdapter: [InitEnhanceHandler]init enhance lib libsecurity_component_client_enhance.z.so failed, error Error loading shared library libsecurity_component_client_enhance.z.so: No such file or directory""}","chronological observed diagnostic, may be tolerated; not adjudicated first blocking wall",True,True,background_grant_lost; impact_unproven
fd-saber,foreground_unconfirmed,pending_outer_review,no,不变,libflutter cannot resolve libGLESv2,com.adilhanney.saber.MainActivity,com.adilhanney.saber.MainActivity,False,True,2,False,False,False,False,[2097205],[2097205],[],[],unknown; board/JAR/installer/protocol/app state change together,/Users/zhaoyue/orca/workspaces/westlake-harness/benchmark/2026-09-30-r17p-61b-sweep/runs/r17p-all-61b/61b0657200000000000000000324012c/fd-saber/record.json,/Users/zhaoyue/orca/workspaces/westlake-harness-bms/benchmark/2026-09-30-v3c-r17j-prospective/backtests/v2-5ea/source-records/fd-saber/record.json,/Users/zhaoyue/orca/workspaces/westlake-harness/benchmark/2026-09-30-v3c-5ea-sweep/runs/v3c-all-5ea-c/5ea34a4500000000000000001123012c,"[{""path"": ""/Users/zhaoyue/orca/workspaces/westlake-harness/benchmark/2026-09-30-r17p-61b-sweep/runs/r17p-all-61b/61b0657200000000000000000324012c/fd-saber/t5.jpeg"", ""sha256"": ""4ca81fcfca3f0bf35791d4da195142207bbaaf81e894da43b7bb9ac09610123e"", ""valid"": true, ""scheduled_seconds"": 5.0}, {""path"": ""/Users/zhaoyue/orca/workspaces/westlake-harness/benchmark/2026-09-30-r17p-61b-sweep/runs/r17p-all-61b/61b0657200000000000000000324012c/fd-saber/t20.jpeg"", ""sha256"": ""4ca81fcfca3f0bf35791d4da195142207bbaaf81e894da43b7bb9ac09610123e"", ""valid"": true, ""scheduled_seconds"": 20.0}]",/Users/zhaoyue/orca/workspaces/westlake-harness/benchmark/2026-09-30-v3c-5ea-sweep/runs/v3c-all-5ea-c/5ea34a4500000000000000001123012c/fd-saber/t20.jpeg,False,absent,granted,granted,granted,5e2e3691288fdac77f988bbe26a3c557942b4fd5b4151f37ef0b8f6352127092,5e2e3691288fdac77f988bbe26a3c557942b4fd5b4151f37ef0b8f6352127092,True,1790719717.488183,[],2,unknown,[17605],af3c3eda803c695bb93cbf043cafac4dcef9b99b7a2cc25bc2f1a2ad725b0e3a,19,"{""line"": 16698, ""pid"": 17605, ""text"": ""09-30 06:08:37.571 17605 17605 E C05a05/SecCompEnhanceAdapter: [InitEnhanceHandler]init enhance lib libsecurity_component_client_enhance.z.so failed, error Error loading shared library libsecurity_component_client_enhance.z.so: No such file or directory""}","chronological observed diagnostic, may be tolerated; not adjudicated first blocking wall",True,True,background_grant_lost_and_nonzero_dispatch; causal_link_unproven
fd-seal,app_failed,not_observed_prelaunch,unknown,unknown,Host rejects libaria2c.zip.so,unknown,unknown,unknown,unknown,0,unknown,unknown,unknown,unknown,[],[],[],[],unknown; board/JAR/installer/protocol/app state change together,/Users/zhaoyue/orca/workspaces/westlake-harness/benchmark/2026-09-30-r17p-61b-sweep/runs/r17p-all-61b/61b0657200000000000000000324012c/fd-seal/record.json,/Users/zhaoyue/orca/workspaces/westlake-harness-bms/benchmark/2026-09-30-v3c-r17j-prospective/backtests/v2-5ea/source-records/fd-seal/record.json,/Users/zhaoyue/orca/workspaces/westlake-harness/benchmark/2026-09-30-v3c-5ea-sweep/runs/v3c-all-5ea-c/5ea34a4500000000000000001123012c,[],unknown,False,unknown,unknown,unknown,unknown,7070a3d4f079046912b4b8dde4edc8d1ef6eade3c9c98b02bfcaba3669c11d98,7070a3d4f079046912b4b8dde4edc8d1ef6eade3c9c98b02bfcaba3669c11d98,False,unknown,"[""record_not_clicked""]",0,native sidecar is not an AArch64 shared ELF: libaria2c.zip.so,[],unknown,0,unknown,"chronological observed diagnostic, may be tolerated; not adjudicated first blocking wall",True,False,identity_unknown_or_changed
fd-shatteredpixeldungeon,foreground_unconfirmed,pending_outer_review,no,推进,GLImpl._nativeClassInit JNI missing,com.shatteredpixel.shatteredpixeldungeon.android.AndroidLauncher,com.shatteredpixel.shatteredpixeldungeon.android.AndroidLauncher,False,True,2,False,False,False,False,[0],[0],"[{""line"": 29510, ""trace"": ""a92ab1371872c41"", ""text"": ""09-30 06:09:28.473  1945  2292 W C0420a/WMSLife: [a92ab1371872c41, bbf5bf, 3bfda17] scene_session.cpp DisallowActivationFromPendingBackground: no permission to start ability from Background, id:362""}]",[],unknown; board/JAR/installer/protocol/app state change together,/Users/zhaoyue/orca/workspaces/westlake-harness/benchmark/2026-09-30-r17p-61b-sweep/runs/r17p-all-61b/61b0657200000000000000000324012c/fd-shatteredpixeldungeon/record.json,/Users/zhaoyue/orca/workspaces/westlake-harness-bms/benchmark/2026-09-30-v3c-r17j-prospective/backtests/v2-5ea/source-records/fd-shatteredpixeldungeon/record.json,/Users/zhaoyue/orca/workspaces/westlake-harness/benchmark/2026-09-30-v3c-5ea-sweep/runs/v3c-all-5ea-c/5ea34a4500000000000000001123012c,"[{""path"": ""/Users/zhaoyue/orca/workspaces/westlake-harness/benchmark/2026-09-30-r17p-61b-sweep/runs/r17p-all-61b/61b0657200000000000000000324012c/fd-shatteredpixeldungeon/t5.jpeg"", ""sha256"": ""afeace84f41237a02fd95052aeba69a57f5dcb7cf236ab7c1b0dfc3200398549"", ""valid"": true, ""scheduled_seconds"": 5.0}, {""path"": ""/Users/zhaoyue/orca/workspaces/westlake-harness/benchmark/2026-09-30-r17p-61b-sweep/runs/r17p-all-61b/61b0657200000000000000000324012c/fd-shatteredpixeldungeon/t20.jpeg"", ""sha256"": ""8c0def22a23e723cbe3e9e51a0e3d46f7917f0791277cbceaa235ea658454152"", ""valid"": true, ""scheduled_seconds"": 20.0}]",/Users/zhaoyue/orca/workspaces/westlake-harness/benchmark/2026-09-30-v3c-5ea-sweep/runs/v3c-all-5ea-c/5ea34a4500000000000000001123012c/fd-shatteredpixeldungeon/t20.jpeg,False,absent,granted,granted,granted,ed1b43d7312a70e86c5cd159d4ac29d7d69fae1033331a4e70f9a00dd346b207,ed1b43d7312a70e86c5cd159d4ac29d7d69fae1033331a4e70f9a00dd346b207,True,1790719766.793534,[],2,unknown,[19205],7c9ac0c6867e33ddf66567202ea4dc330cef6499118cc8340c5d2bd809ebccc1,13,"{""line"": 23028, ""pid"": 19205, ""text"": ""09-30 06:09:26.895 19205 19205 E C05a05/SecCompEnhanceAdapter: [InitEnhanceHandler]init enhance lib libsecurity_component_client_enhance.z.so failed, error Error loading shared library libsecurity_component_client_enhance.z.so: No such file or directory""}","chronological observed diagnostic, may be tolerated; not adjudicated first blocking wall",True,True,background_grant_lost_and_trace_linked_WMS_denial; UI_effect_pending
fd-tasks,foreground_unconfirmed,pending_outer_review,no,不变,AndroidKeyStore not found,com.todoroo.astrid.activity.TaskListActivity,com.todoroo.astrid.activity.TaskListActivity,False,True,2,True,True,False,False,[],[],[],[],unknown; board/JAR/installer/protocol/app state change together,/Users/zhaoyue/orca/workspaces/westlake-harness/benchmark/2026-09-30-r17p-61b-sweep/runs/r17p-all-61b/61b0657200000000000000000324012c/fd-tasks/record.json,/Users/zhaoyue/orca/workspaces/westlake-harness-bms/benchmark/2026-09-30-v3c-r17j-prospective/backtests/v2-5ea/source-records/fd-tasks/record.json,/Users/zhaoyue/orca/workspaces/westlake-harness/benchmark/2026-09-30-v3c-5ea-sweep/runs/v3c-all-5ea-c/5ea34a4500000000000000001123012c,"[{""path"": ""/Users/zhaoyue/orca/workspaces/westlake-harness/benchmark/2026-09-30-r17p-61b-sweep/runs/r17p-all-61b/61b0657200000000000000000324012c/fd-tasks/t5.jpeg"", ""sha256"": ""77fa8b06879268348cf189f6cdfa1faed56a32661b41e85a15aedcb4cbfb32cd"", ""valid"": true, ""scheduled_seconds"": 5.0}, {""path"": ""/Users/zhaoyue/orca/workspaces/westlake-harness/benchmark/2026-09-30-r17p-61b-sweep/runs/r17p-all-61b/61b0657200000000000000000324012c/fd-tasks/t20.jpeg"", ""sha256"": ""a1405966808fef55dd9ec80fc960854f3c4770bdc10cda7a1ba8cf81928c117d"", ""valid"": true, ""scheduled_seconds"": 20.0}]",/Users/zhaoyue/orca/workspaces/westlake-harness/benchmark/2026-09-30-v3c-5ea-sweep/runs/v3c-all-5ea-c/5ea34a4500000000000000001123012c/fd-tasks/t20.jpeg,False,absent,granted,granted,granted,ed972cc1cec3456a11992435a3fcf132d1311f1e8dfd27758265122fbc206ce0,ed972cc1cec3456a11992435a3fcf132d1311f1e8dfd27758265122fbc206ce0,True,1790719818.1057658,[],2,unknown,[20881],927cdd3d118d66b7cab42caa13c1004d727e3132293137cd3be59852f9ffea84,4,"{""line"": 16811, ""pid"": 20881, ""text"": ""09-30 06:10:18.178 20881 20881 E C05a05/SecCompEnhanceAdapter: [InitEnhanceHandler]init enhance lib libsecurity_component_client_enhance.z.so failed, error Error loading shared library libsecurity_component_client_enhance.z.so: No such file or directory""}","chronological observed diagnostic, may be tolerated; not adjudicated first blocking wall",True,True,background_grant_lost; impact_unproven
fd-tusky,foreground_unconfirmed,pending_outer_review,no,不变,OpenSSLProvider class initialization,com.keylesspalace.tusky.MainActivity,com.keylesspalace.tusky.MainActivity,False,True,2,True,True,False,False,[0],[],"[{""line"": 60195, ""trace"": ""a92ab137877cebd"", ""text"": ""09-30 06:11:19.518  1945  2292 W C0420a/WMSLife: [a92ab137877cebd, a0877, 242cb0c] scene_session.cpp DisallowActivationFromPendingBackground: no permission to start ability from Background, id:365""}]",[],unknown; board/JAR/installer/protocol/app state change together,/Users/zhaoyue/orca/workspaces/westlake-harness/benchmark/2026-09-30-r17p-61b-sweep/runs/r17p-all-61b/61b0657200000000000000000324012c/fd-tusky/record.json,/Users/zhaoyue/orca/workspaces/westlake-harness-bms/benchmark/2026-09-30-v3c-r17j-prospective/backtests/v2-5ea/source-records/fd-tusky/record.json,/Users/zhaoyue/orca/workspaces/westlake-harness/benchmark/2026-09-30-v3c-5ea-sweep/runs/v3c-all-5ea-c/5ea34a4500000000000000001123012c,"[{""path"": ""/Users/zhaoyue/orca/workspaces/westlake-harness/benchmark/2026-09-30-r17p-61b-sweep/runs/r17p-all-61b/61b0657200000000000000000324012c/fd-tusky/t5.jpeg"", ""sha256"": ""e5aa94e6c3b525b2fe36e2a65892b24921dd12c8c0bb2e9f45450ae12464f333"", ""valid"": true, ""scheduled_seconds"": 5.0}, {""path"": ""/Users/zhaoyue/orca/workspaces/westlake-harness/benchmark/2026-09-30-r17p-61b-sweep/runs/r17p-all-61b/61b0657200000000000000000324012c/fd-tusky/t20.jpeg"", ""sha256"": ""fd55493186f513b33b04a2a8a79492af3710db777c99df71646560a73b4f3ac6"", ""valid"": true, ""scheduled_seconds"": 20.0}]",/Users/zhaoyue/orca/workspaces/westlake-harness/benchmark/2026-09-30-v3c-5ea-sweep/runs/v3c-all-5ea-c/5ea34a4500000000000000001123012c/fd-tusky/t20.jpeg,False,absent,granted,granted,granted,3e8fcc49a80d4c30ab6f6037e51402c77e2694d27ec19ae5b8a93cd08b6caffa,3e8fcc49a80d4c30ab6f6037e51402c77e2694d27ec19ae5b8a93cd08b6caffa,True,1790719876.955581,[],2,unknown,[22824],88f62dd516d1d6b317dfe99b47bceea0e74fd054d1bda5af59f37a632c4ed26b,6,"{""line"": 29418, ""pid"": 22824, ""text"": ""09-30 06:11:16.997 22824 22824 E C05a05/SecCompEnhanceAdapter: [InitEnhanceHandler]init enhance lib libsecurity_component_client_enhance.z.so failed, error Error loading shared library libsecurity_component_client_enhance.z.so: No such file or directory""}","chronological observed diagnostic, may be tolerated; not adjudicated first blocking wall",True,True,background_grant_lost_and_trace_linked_WMS_denial; UI_effect_pending
fd-tutanota,foreground_unconfirmed,pending_outer_review,no,不变,WebViewFactory.getProvider unsupported,de.tutao.tutanota.MainActivity,de.tutao.tutanota.MainActivity,False,True,2,False,False,False,False,[],[],[],[],unknown; board/JAR/installer/protocol/app state change together,/Users/zhaoyue/orca/workspaces/westlake-harness/benchmark/2026-09-30-r17p-61b-sweep/runs/r17p-all-61b/61b0657200000000000000000324012c/fd-tutanota/record.json,/Users/zhaoyue/orca/workspaces/westlake-harness-bms/benchmark/2026-09-30-v3c-r17j-prospective/backtests/v2-5ea/source-records/fd-tutanota/record.json,/Users/zhaoyue/orca/workspaces/westlake-harness/benchmark/2026-09-30-v3c-5ea-sweep/runs/v3c-all-5ea-c/5ea34a4500000000000000001123012c,"[{""path"": ""/Users/zhaoyue/orca/workspaces/westlake-harness/benchmark/2026-09-30-r17p-61b-sweep/runs/r17p-all-61b/61b0657200000000000000000324012c/fd-tutanota/t5.jpeg"", ""sha256"": ""15d7831ce427d59ad8aed1eb89c65c846589f757637bd13809f7f5e6baeb07ab"", ""valid"": true, ""scheduled_seconds"": 5.0}, {""path"": ""/Users/zhaoyue/orca/workspaces/westlake-harness/benchmark/2026-09-30-r17p-61b-sweep/runs/r17p-all-61b/61b0657200000000000000000324012c/fd-tutanota/t20.jpeg"", ""sha256"": ""aefff834b978d319f2eb8880feba36dc55bceebbd661e01107a6bc32b1459f4d"", ""valid"": true, ""scheduled_seconds"": 20.0}]",/Users/zhaoyue/orca/workspaces/westlake-harness/benchmark/2026-09-30-v3c-5ea-sweep/runs/v3c-all-5ea-c/5ea34a4500000000000000001123012c/fd-tutanota/t20.jpeg,False,absent,granted,granted,granted,6e2b9cb23ddbdb1a1389426a913eebd7f7b7becf387acb668e512a84013e4033,6e2b9cb23ddbdb1a1389426a913eebd7f7b7becf387acb668e512a84013e4033,True,1790719937.616102,[],2,unknown,[24828],13e3fead6f54feba5ae63f2234b7ff5f0818fbec0404503bf3534a88e145b2ba,9,"{""line"": 29389, ""pid"": 24828, ""text"": ""09-30 06:12:17.704 24828 24828 E C05a05/SecCompEnhanceAdapter: [InitEnhanceHandler]init enhance lib libsecurity_component_client_enhance.z.so failed, error Error loading shared library libsecurity_component_client_enhance.z.so: No such file or directory""}","chronological observed diagnostic, may be tolerated; not adjudicated first blocking wall",True,True,background_grant_lost; impact_unproven
fd-uhabits,foreground_unconfirmed,pending_outer_review,no,unknown,OpenSSLProvider class initialization,org.isoron.uhabits.MainActivity,org.isoron.uhabits.MainActivity,False,True,2,False,False,False,False,[],[],[],[],unknown; board/JAR/installer/protocol/app state change together,/Users/zhaoyue/orca/workspaces/westlake-harness/benchmark/2026-09-30-r17p-61b-sweep/runs/r17p-all-61b/61b0657200000000000000000324012c/fd-uhabits/record.json,/Users/zhaoyue/orca/workspaces/westlake-harness-bms/benchmark/2026-09-30-v3c-r17j-prospective/backtests/v2-5ea/source-records/fd-uhabits/record.json,/Users/zhaoyue/orca/workspaces/westlake-harness/benchmark/2026-09-30-v3c-5ea-sweep/runs/v3c-all-5ea-c/5ea34a4500000000000000001123012c,"[{""path"": ""/Users/zhaoyue/orca/workspaces/westlake-harness/benchmark/2026-09-30-r17p-61b-sweep/runs/r17p-all-61b/61b0657200000000000000000324012c/fd-uhabits/t5.jpeg"", ""sha256"": ""26f5cc37a7e13121c80bc2d39f6735f4195673791e5968c51866a2ec785708fb"", ""valid"": true, ""scheduled_seconds"": 5.0}, {""path"": ""/Users/zhaoyue/orca/workspaces/westlake-harness/benchmark/2026-09-30-r17p-61b-sweep/runs/r17p-all-61b/61b0657200000000000000000324012c/fd-uhabits/t20.jpeg"", ""sha256"": ""000d5635d515706097df4503f0c1d8d87124e7f4c9a05eb9a583c920eca48438"", ""valid"": true, ""scheduled_seconds"": 20.0}]",/Users/zhaoyue/orca/workspaces/westlake-harness/benchmark/2026-09-30-v3c-5ea-sweep/runs/v3c-all-5ea-c/5ea34a4500000000000000001123012c/fd-uhabits/t20.jpeg,False,absent,granted,absent,absent,3903d3be3db0f1622ad61cf5bb267515c95a4069e8dd46f73249721b1bb8173e,3903d3be3db0f1622ad61cf5bb267515c95a4069e8dd46f73249721b1bb8173e,True,1790719981.979796,[],2,unknown,[26201],6c079bb7266c6e3fd0bfc07100dbb1e1553b9a70105032d22e17442956cf3cbe,10,"{""line"": 16630, ""pid"": 26201, ""text"": ""09-30 06:13:02.043 26201 26201 E C05a05/SecCompEnhanceAdapter: [InitEnhanceHandler]init enhance lib libsecurity_component_client_enhance.z.so failed, error Error loading shared library libsecurity_component_client_enhance.z.so: No such file or directory""}","chronological observed diagnostic, may be tolerated; not adjudicated first blocking wall",True,True,background_grant_lost; impact_unproven
fd-wifianalyzer,foreground_unconfirmed,pending_outer_review,no,不变,MainActivity service getClass NPE,com.vrem.wifianalyzer.MainActivity,com.vrem.wifianalyzer.MainActivity,False,True,2,False,False,False,False,[],[],[],[],unknown; board/JAR/installer/protocol/app state change together,/Users/zhaoyue/orca/workspaces/westlake-harness/benchmark/2026-09-30-r17p-61b-sweep/runs/r17p-all-61b/61b0657200000000000000000324012c/fd-wifianalyzer/record.json,/Users/zhaoyue/orca/workspaces/westlake-harness-bms/benchmark/2026-09-30-v3c-r17j-prospective/backtests/v2-5ea/source-records/fd-wifianalyzer/record.json,/Users/zhaoyue/orca/workspaces/westlake-harness/benchmark/2026-09-30-v3c-5ea-sweep/runs/v3c-all-5ea-c/5ea34a4500000000000000001123012c,"[{""path"": ""/Users/zhaoyue/orca/workspaces/westlake-harness/benchmark/2026-09-30-r17p-61b-sweep/runs/r17p-all-61b/61b0657200000000000000000324012c/fd-wifianalyzer/t5.jpeg"", ""sha256"": ""afed055847706ec59415279c929ebcacddab04a09c29ddd69a191ce4ff713ca9"", ""valid"": true, ""scheduled_seconds"": 5.0}, {""path"": ""/Users/zhaoyue/orca/workspaces/westlake-harness/benchmark/2026-09-30-r17p-61b-sweep/runs/r17p-all-61b/61b0657200000000000000000324012c/fd-wifianalyzer/t20.jpeg"", ""sha256"": ""55b0757702a34886068f4673ecebb6d3366b17026c6d60b5abaa97b2f5f6da89"", ""valid"": true, ""scheduled_seconds"": 20.0}]",/Users/zhaoyue/orca/workspaces/westlake-harness/benchmark/2026-09-30-v3c-5ea-sweep/runs/v3c-all-5ea-c/5ea34a4500000000000000001123012c/fd-wifianalyzer/t20.jpeg,False,absent,granted,absent,absent,282a06fcc5ce5d889799113a1c6edf5e408b0902acc542308ad21051a2a7cc2b,282a06fcc5ce5d889799113a1c6edf5e408b0902acc542308ad21051a2a7cc2b,True,1790720031.998799,[],2,unknown,[27741],466415a4c94a546f5d5cb681831880473489dcd87872ba6b0c5c84e4c33efe2a,10,"{""line"": 29380, ""pid"": 27741, ""text"": ""09-30 06:13:52.062 27741 27741 E C05a05/SecCompEnhanceAdapter: [InitEnhanceHandler]init enhance lib libsecurity_component_client_enhance.z.so failed, error Error loading shared library libsecurity_component_client_enhance.z.so: No such file or directory""}","chronological observed diagnostic, may be tolerated; not adjudicated first blocking wall",True,True,background_grant_lost; impact_unproven
fd-stk,foreground_unconfirmed,pending_outer_review,yes,亮,,org.supertuxkart.stk.SuperTuxKartActivity,org.supertuxkart.stk.SuperTuxKartActivity,False,True,2,True,True,True,True,[],[],[],[],unknown; board/JAR/installer/protocol/app state change together,/Users/zhaoyue/orca/workspaces/westlake-harness/benchmark/2026-09-30-r17p-61b-sweep/runs/r17p-all-61b/61b0657200000000000000000324012c/fd-stk/record.json,/Users/zhaoyue/orca/workspaces/westlake-harness-bms/benchmark/2026-09-30-v3c-r17j-prospective/backtests/v2-5ea/source-records/fd-stk/record.json,/Users/zhaoyue/orca/workspaces/westlake-harness/benchmark/2026-09-30-v3c-5ea-sweep/runs/v3c-all-5ea-c/5ea34a4500000000000000001123012c,"[{""path"": ""/Users/zhaoyue/orca/workspaces/westlake-harness/benchmark/2026-09-30-r17p-61b-sweep/runs/r17p-all-61b/61b0657200000000000000000324012c/fd-stk/t5.jpeg"", ""sha256"": ""5eec41a83ceca48f0e0271b1d10093c322ec62444b3f3bbae3653d2f51a0306d"", ""valid"": true, ""scheduled_seconds"": 5.0}, {""path"": ""/Users/zhaoyue/orca/workspaces/westlake-harness/benchmark/2026-09-30-r17p-61b-sweep/runs/r17p-all-61b/61b0657200000000000000000324012c/fd-stk/t20.jpeg"", ""sha256"": ""11f2020349caf4f08cf4b7d1153c8e387cbcd65db8519e100b364db422a1885b"", ""valid"": true, ""scheduled_seconds"": 20.0}]",/Users/zhaoyue/orca/workspaces/westlake-harness/benchmark/2026-09-30-v3c-5ea-sweep/runs/v3c-all-5ea-c/5ea34a4500000000000000001123012c/fd-stk/t20.jpeg,False,absent,granted,granted,granted,4a01fa9b566a694f0576d86ef84cc867c7dc37ef446e7cbbbb2449e7bbb9d3c6,4a01fa9b566a694f0576d86ef84cc867c7dc37ef446e7cbbbb2449e7bbb9d3c6,True,1790720090.737951,[],2,unknown,[29564],34fb039fc670e0b2543b410c33a2d6497d6e24c2c4ef6c565624ca5925bd92c5,7,"{""line"": 29284, ""pid"": 29564, ""text"": ""09-30 06:14:50.832 29564 29564 E C05a05/SecCompEnhanceAdapter: [InitEnhanceHandler]init enhance lib libsecurity_component_client_enhance.z.so failed, error Error loading shared library libsecurity_component_client_enhance.z.so: No such file or directory""}","chronological observed diagnostic, may be tolerated; not adjudicated first blocking wall",True,True,background_grant_lost; impact_unproven
fd-mobile,foreground_unconfirmed,pending_outer_review,no,推进,Black page despite nonzero ViewRoot frame,org.jellyfin.mobile.MainActivity,org.jellyfin.mobile.MainActivity,False,True,2,True,True,True,True,[],[],[],[],unknown; board/JAR/installer/protocol/app state change together,/Users/zhaoyue/orca/workspaces/westlake-harness/benchmark/2026-09-30-r17p-61b-sweep/runs/r17p-all-61b/61b0657200000000000000000324012c/fd-mobile/record.json,/Users/zhaoyue/orca/workspaces/westlake-harness-bms/benchmark/2026-09-30-v3c-r17j-prospective/backtests/v2-5ea/source-records/fd-mobile/record.json,/Users/zhaoyue/orca/workspaces/westlake-harness/benchmark/2026-09-30-v3c-5ea-sweep/runs/v3c-all-5ea-c/5ea34a4500000000000000001123012c,"[{""path"": ""/Users/zhaoyue/orca/workspaces/westlake-harness/benchmark/2026-09-30-r17p-61b-sweep/runs/r17p-all-61b/61b0657200000000000000000324012c/fd-mobile/t5.jpeg"", ""sha256"": ""098ec95bddd1f46257a05f7bd6e0e723e05818af0fd48e788c2ea38b6109dce5"", ""valid"": true, ""scheduled_seconds"": 5.0}, {""path"": ""/Users/zhaoyue/orca/workspaces/westlake-harness/benchmark/2026-09-30-r17p-61b-sweep/runs/r17p-all-61b/61b0657200000000000000000324012c/fd-mobile/t20.jpeg"", ""sha256"": ""098ec95bddd1f46257a05f7bd6e0e723e05818af0fd48e788c2ea38b6109dce5"", ""valid"": true, ""scheduled_seconds"": 20.0}]",/Users/zhaoyue/orca/workspaces/westlake-harness/benchmark/2026-09-30-v3c-5ea-sweep/runs/v3c-all-5ea-c/5ea34a4500000000000000001123012c/fd-mobile/t20.jpeg,False,absent,granted,granted,granted,f9f4b3ab46cc9434df811194c2d4351417f4db83a4c1a0facd0a662d69533f7f,f9f4b3ab46cc9434df811194c2d4351417f4db83a4c1a0facd0a662d69533f7f,True,1790720136.41343,[],2,unknown,[31130],9bfc7f4d634769873ee39d13e249f2b5ccc6a6f022c9cf60405d1f79be33f1e6,5,"{""line"": 16608, ""pid"": 31130, ""text"": ""09-30 06:15:36.497 31130 31130 E C05a05/SecCompEnhanceAdapter: [InitEnhanceHandler]init enhance lib libsecurity_component_client_enhance.z.so failed, error Error loading shared library libsecurity_component_client_enhance.z.so: No such file or directory""}","chronological observed diagnostic, may be tolerated; not adjudicated first blocking wall",True,True,background_grant_lost; impact_unproven
fd-client,foreground_unconfirmed,pending_outer_review,no,不变,SessionMixin accountManager null,com.nmc.android.ui.LauncherActivity,com.nmc.android.ui.LauncherActivity,False,True,2,False,False,False,False,[],[],[],[],unknown; board/JAR/installer/protocol/app state change together,/Users/zhaoyue/orca/workspaces/westlake-harness/benchmark/2026-09-30-r17p-61b-sweep/runs/r17p-all-61b/61b0657200000000000000000324012c/fd-client/record.json,/Users/zhaoyue/orca/workspaces/westlake-harness-bms/benchmark/2026-09-30-v3c-r17j-prospective/backtests/v2-5ea/source-records/fd-client/record.json,/Users/zhaoyue/orca/workspaces/westlake-harness/benchmark/2026-09-30-v3c-5ea-sweep/runs/v3c-all-5ea-c/5ea34a4500000000000000001123012c,"[{""path"": ""/Users/zhaoyue/orca/workspaces/westlake-harness/benchmark/2026-09-30-r17p-61b-sweep/runs/r17p-all-61b/61b0657200000000000000000324012c/fd-client/t5.jpeg"", ""sha256"": ""0caa836686fe021eb2de19d4278b81fe932015f34de84f9ccfeffef8233df9b9"", ""valid"": true, ""scheduled_seconds"": 5.0}, {""path"": ""/Users/zhaoyue/orca/workspaces/westlake-harness/benchmark/2026-09-30-r17p-61b-sweep/runs/r17p-all-61b/61b0657200000000000000000324012c/fd-client/t20.jpeg"", ""sha256"": ""0caa836686fe021eb2de19d4278b81fe932015f34de84f9ccfeffef8233df9b9"", ""valid"": true, ""scheduled_seconds"": 20.0}]",/Users/zhaoyue/orca/workspaces/westlake-harness/benchmark/2026-09-30-v3c-5ea-sweep/runs/v3c-all-5ea-c/5ea34a4500000000000000001123012c/fd-client/t20.jpeg,False,absent,granted,granted,granted,2d08059c9a0a94ef4316e5c8491e3c6aee99a87b58bb796163c44e08deb1615c,2d08059c9a0a94ef4316e5c8491e3c6aee99a87b58bb796163c44e08deb1615c,True,1790720196.9873369,[],2,unknown,[1114],51e320ec2bc827f5d36d290f92fe5883c4596116e0bf0fd3e64f88ee45c50107,11,"{""line"": 29302, ""pid"": 1114, ""text"": ""09-30 06:16:37.036  1114  1114 E C05a05/SecCompEnhanceAdapter: [InitEnhanceHandler]init enhance lib libsecurity_component_client_enhance.z.so failed, error Error loading shared library libsecurity_component_client_enhance.z.so: No such file or directory""}","chronological observed diagnostic, may be tolerated; not adjudicated first blocking wall",True,True,background_grant_lost; impact_unproven
fd-binaryeye,foreground_unconfirmed,pending_outer_review,no,不变,CameraX is not configured properly,de.markusfisch.android.binaryeye.activity.SplashActivity,de.markusfisch.android.binaryeye.activity.SplashActivity,False,True,2,True,True,True,True,[0],[0],"[{""line"": 40154, ""trace"": ""a92ab138fdb6c1a"", ""text"": ""09-30 06:17:33.754  1945  2292 W C0420a/WMSLife: [a92ab138fdb6c1a, 3ea7ef8, 270f8f6] scene_session.cpp DisallowActivationFromPendingBackground: no permission to start ability from Background, id:376""}]",[],unknown; board/JAR/installer/protocol/app state change together,/Users/zhaoyue/orca/workspaces/westlake-harness/benchmark/2026-09-30-r17p-61b-sweep/runs/r17p-all-61b/61b0657200000000000000000324012c/fd-binaryeye/record.json,/Users/zhaoyue/orca/workspaces/westlake-harness-bms/benchmark/2026-09-30-v3c-r17j-prospective/backtests/v2-5ea/source-records/fd-binaryeye/record.json,/Users/zhaoyue/orca/workspaces/westlake-harness/benchmark/2026-09-30-v3c-5ea-sweep/runs/v3c-all-5ea-c/5ea34a4500000000000000001123012c,"[{""path"": ""/Users/zhaoyue/orca/workspaces/westlake-harness/benchmark/2026-09-30-r17p-61b-sweep/runs/r17p-all-61b/61b0657200000000000000000324012c/fd-binaryeye/t5.jpeg"", ""sha256"": ""96beec7e247eac1cc79d170fe00b109f874e864bfd776f029d4a0f2aac7cceab"", ""valid"": true, ""scheduled_seconds"": 5.0}, {""path"": ""/Users/zhaoyue/orca/workspaces/westlake-harness/benchmark/2026-09-30-r17p-61b-sweep/runs/r17p-all-61b/61b0657200000000000000000324012c/fd-binaryeye/t20.jpeg"", ""sha256"": ""59668e132a7fc513236b3596ef15917102ccbc9c409dc0ecd9c02add997f1820"", ""valid"": true, ""scheduled_seconds"": 20.0}]",/Users/zhaoyue/orca/workspaces/westlake-harness/benchmark/2026-09-30-v3c-5ea-sweep/runs/v3c-all-5ea-c/5ea34a4500000000000000001123012c/fd-binaryeye/t20.jpeg,False,absent,granted,granted,granted,428c26249c706bd79610d03a1a985dcc0efd9dd5469fc9be92c703459a4d5f93,428c26249c706bd79610d03a1a985dcc0efd9dd5469fc9be92c703459a4d5f93,True,1790720251.921962,[],2,unknown,[3467],b76855bb262d5a3e6dae24724206ecd648c69472b92ed0f72a7cc49aab37dfbe,6,"{""line"": 29197, ""pid"": 3467, ""text"": ""09-30 06:17:32.012  3467  3467 E C05a05/SecCompEnhanceAdapter: [InitEnhanceHandler]init enhance lib libsecurity_component_client_enhance.z.so failed, error Error loading shared library libsecurity_component_client_enhance.z.so: No such file or directory""}","chronological observed diagnostic, may be tolerated; not adjudicated first blocking wall",True,True,background_grant_lost_and_trace_linked_WMS_denial; UI_effect_pending
toutiao,app_failed,not_observed_prelaunch,unknown,unknown,Host rejects libcvt.so,unknown,unknown,unknown,unknown,0,unknown,unknown,unknown,unknown,[],[],[],[],unknown; board/JAR/installer/protocol/app state change together,/Users/zhaoyue/orca/workspaces/westlake-harness/benchmark/2026-09-30-r17p-61b-sweep/runs/r17p-all-61b/61b0657200000000000000000324012c/toutiao/record.json,/Users/zhaoyue/orca/workspaces/westlake-harness-bms/benchmark/2026-09-30-v3c-r17j-prospective/backtests/v2-5ea/source-records/toutiao/record.json,/Users/zhaoyue/orca/workspaces/westlake-harness/benchmark/2026-09-30-v3c-5ea-sweep/runs/v3c-all-5ea-c/5ea34a4500000000000000001123012c,[],unknown,False,unknown,unknown,unknown,unknown,a1112a0c941f865847c2fab9138cf815735268fbfcd41d697412fb80992c7395,a1112a0c941f865847c2fab9138cf815735268fbfcd41d697412fb80992c7395,False,unknown,"[""record_not_clicked""]",0,native sidecar is not an AArch64 shared ELF: libcvt.so,[],unknown,0,unknown,"chronological observed diagnostic, may be tolerated; not adjudicated first blocking wall",True,False,identity_unknown_or_changed
mcdonalds,foreground_unconfirmed,pending_outer_review,no,不变,librealmc cannot resolve liblog; Splash DI null,com.mcdonalds.mcdcoreapp.common.activity.SplashActivity,com.mcdonalds.mcdcoreapp.common.activity.SplashActivity,False,True,2,False,False,False,False,[],[],[],[],unknown; board/JAR/installer/protocol/app state change together,/Users/zhaoyue/orca/workspaces/westlake-harness/benchmark/2026-09-30-r17p-61b-sweep/runs/r17p-all-61b/61b0657200000000000000000324012c/mcdonalds/record.json,/Users/zhaoyue/orca/workspaces/westlake-harness-bms/benchmark/2026-09-30-v3c-r17j-prospective/backtests/v2-5ea/source-records/mcdonalds/record.json,/Users/zhaoyue/orca/workspaces/westlake-harness/benchmark/2026-09-30-v3c-5ea-sweep/runs/v3c-all-5ea-c/5ea34a4500000000000000001123012c,"[{""path"": ""/Users/zhaoyue/orca/workspaces/westlake-harness/benchmark/2026-09-30-r17p-61b-sweep/runs/r17p-all-61b/61b0657200000000000000000324012c/mcdonalds/t5.jpeg"", ""sha256"": ""1f45d70d5105ad6a8a9d7098d8af21caca98bc37a1a03a9d6ec3d778bd8deae1"", ""valid"": true, ""scheduled_seconds"": 5.0}, {""path"": ""/Users/zhaoyue/orca/workspaces/westlake-harness/benchmark/2026-09-30-r17p-61b-sweep/runs/r17p-all-61b/61b0657200000000000000000324012c/mcdonalds/t20.jpeg"", ""sha256"": ""3c4ba5c67b72560d3d06e913353defe1c413286bf9af4a8a75c5999688b60bcd"", ""valid"": true, ""scheduled_seconds"": 20.0}]",/Users/zhaoyue/orca/workspaces/westlake-harness/benchmark/2026-09-30-v3c-5ea-sweep/runs/v3c-all-5ea-c/5ea34a4500000000000000001123012c/mcdonalds/t20.jpeg,False,absent,granted,granted,granted,2fdb9b0be1d4f7cd61854c18d6a180e915e68d521d87d17ff193f969b1e89f72,2fdb9b0be1d4f7cd61854c18d6a180e915e68d521d87d17ff193f969b1e89f72,True,1790720326.2351842,[],2,unknown,[5946],9e4ae2561cfa06c3075543600030a4a3d2a149340f07ea9aebf98310d76238e4,13,"{""line"": 29330, ""pid"": 5946, ""text"": ""09-30 06:18:46.367  5946  5946 E C05a05/SecCompEnhanceAdapter: [InitEnhanceHandler]init enhance lib libsecurity_component_client_enhance.z.so failed, error Error loading shared library libsecurity_component_client_enhance.z.so: No such file or directory""}","chronological observed diagnostic, may be tolerated; not adjudicated first blocking wall",True,True,background_grant_lost; impact_unproven
burgerking,foreground_unconfirmed,pending_outer_review,no,不变,__register_atfork unresolved,com.emn8.mobilem8.nativeapp.bk.MainActivity,com.emn8.mobilem8.nativeapp.bk.MainActivity,False,True,2,False,False,False,False,[],[],[],[],unknown; board/JAR/installer/protocol/app state change together,/Users/zhaoyue/orca/workspaces/westlake-harness/benchmark/2026-09-30-r17p-61b-sweep/runs/r17p-all-61b/61b0657200000000000000000324012c/burgerking/record.json,/Users/zhaoyue/orca/workspaces/westlake-harness-bms/benchmark/2026-09-30-v3c-r17j-prospective/backtests/v2-5ea/source-records/burgerking/record.json,/Users/zhaoyue/orca/workspaces/westlake-harness/benchmark/2026-09-30-v3c-5ea-sweep/runs/v3c-all-5ea-c/5ea34a4500000000000000001123012c,"[{""path"": ""/Users/zhaoyue/orca/workspaces/westlake-harness/benchmark/2026-09-30-r17p-61b-sweep/runs/r17p-all-61b/61b0657200000000000000000324012c/burgerking/t5.jpeg"", ""sha256"": ""48eccd5b5d6f06667e084d32d8631b0c7cde0e7a8a586487f282d5e33ea58da8"", ""valid"": true, ""scheduled_seconds"": 5.0}, {""path"": ""/Users/zhaoyue/orca/workspaces/westlake-harness/benchmark/2026-09-30-r17p-61b-sweep/runs/r17p-all-61b/61b0657200000000000000000324012c/burgerking/t20.jpeg"", ""sha256"": ""923c87f79098234adf4afe57385410a5687d6c4f096fc58cfd75a10d6785336b"", ""valid"": true, ""scheduled_seconds"": 20.0}]",/Users/zhaoyue/orca/workspaces/westlake-harness/benchmark/2026-09-30-v3c-5ea-sweep/runs/v3c-all-5ea-c/5ea34a4500000000000000001123012c/burgerking/t20.jpeg,False,absent,granted,granted,granted,635fe97c7cb00bbcd5ee0d1e00815addef23a930ef2225c6d7e3dd5c376c4502,635fe97c7cb00bbcd5ee0d1e00815addef23a930ef2225c6d7e3dd5c376c4502,True,1790720416.9095511,[],2,unknown,[9837],6792fcf33010154849f067421458eb0202fbf7840327773b11150a338e19501b,17,"{""line"": 29340, ""pid"": 9837, ""text"": ""09-30 06:20:16.987  9837  9837 E C05a05/SecCompEnhanceAdapter: [InitEnhanceHandler]init enhance lib libsecurity_component_client_enhance.z.so failed, error Error loading shared library libsecurity_component_client_enhance.z.so: No such file or directory""}","chronological observed diagnostic, may be tolerated; not adjudicated first blocking wall",True,True,background_grant_lost; impact_unproven
subwaysurfers,app_failed,not_observed_prelaunch,unknown,unknown,Pinned APK identity changed,unknown,unknown,unknown,unknown,0,unknown,unknown,unknown,unknown,[],[],[],[],unknown; board/JAR/installer/protocol/app state change together,/Users/zhaoyue/orca/workspaces/westlake-harness/benchmark/2026-09-30-r17p-61b-sweep/runs/r17p-all-61b/61b0657200000000000000000324012c/subwaysurfers/record.json,/Users/zhaoyue/orca/workspaces/westlake-harness-bms/benchmark/2026-09-30-v3c-r17j-prospective/backtests/v2-5ea/source-records/subwaysurfers/record.json,/Users/zhaoyue/orca/workspaces/westlake-harness/benchmark/2026-09-30-v3c-5ea-sweep/runs/v3c-all-5ea-c/5ea34a4500000000000000001123012c,[],unknown,False,unknown,unknown,unknown,unknown,5904cda2c0f2a8898f49c06eef80df13f864be9d874370ac6430c427d34a2a4b,5904cda2c0f2a8898f49c06eef80df13f864be9d874370ac6430c427d34a2a4b,False,unknown,"[""record_not_clicked""]",0,pinned identity changed: apk_sha256,[],unknown,0,unknown,"chronological observed diagnostic, may be tolerated; not adjudicated first blocking wall",True,False,identity_unknown_or_changed
firefox,foreground_unconfirmed,pending_outer_review,no,不变,JNA libjnidispatch resource absent,org.mozilla.firefox.App,org.mozilla.firefox.App,False,True,2,False,False,False,False,[],[],[],[],unknown; board/JAR/installer/protocol/app state change together,/Users/zhaoyue/orca/workspaces/westlake-harness/benchmark/2026-09-30-r17p-61b-sweep/runs/r17p-all-61b/61b0657200000000000000000324012c/firefox/record.json,/Users/zhaoyue/orca/workspaces/westlake-harness-bms/benchmark/2026-09-30-v3c-r17j-prospective/backtests/v2-5ea/source-records/firefox/record.json,/Users/zhaoyue/orca/workspaces/westlake-harness/benchmark/2026-09-30-v3c-5ea-sweep/runs/v3c-all-5ea-c/5ea34a4500000000000000001123012c,"[{""path"": ""/Users/zhaoyue/orca/workspaces/westlake-harness/benchmark/2026-09-30-r17p-61b-sweep/runs/r17p-all-61b/61b0657200000000000000000324012c/firefox/t5.jpeg"", ""sha256"": ""d457290dec3c1b3704a6a2c1fcd28dfd703b1fd106d6508c8cb41012eed48c97"", ""valid"": true, ""scheduled_seconds"": 5.0}, {""path"": ""/Users/zhaoyue/orca/workspaces/westlake-harness/benchmark/2026-09-30-r17p-61b-sweep/runs/r17p-all-61b/61b0657200000000000000000324012c/firefox/t20.jpeg"", ""sha256"": ""d457290dec3c1b3704a6a2c1fcd28dfd703b1fd106d6508c8cb41012eed48c97"", ""valid"": true, ""scheduled_seconds"": 20.0}]",/Users/zhaoyue/orca/workspaces/westlake-harness/benchmark/2026-09-30-v3c-5ea-sweep/runs/v3c-all-5ea-c/5ea34a4500000000000000001123012c/firefox/t20.jpeg,False,absent,granted,granted,granted,eba96cc660d0a49116db37c97535d01d809b21e217d4f24909eb33bf912882fc,eba96cc660d0a49116db37c97535d01d809b21e217d4f24909eb33bf912882fc,True,1790720495.411493,[],2,unknown,[12757],bb1be2aacdc3ac3e33fd00120712c45fee9d9d373e002f9ae7a215ad8f0da7cb,9,"{""line"": 29268, ""pid"": 12757, ""text"": ""09-30 06:21:35.509 12757 12757 E C05a05/SecCompEnhanceAdapter: [InitEnhanceHandler]init enhance lib libsecurity_component_client_enhance.z.so failed, error Error loading shared library libsecurity_component_client_enhance.z.so: No such file or directory""}","chronological observed diagnostic, may be tolerated; not adjudicated first blocking wall",True,True,background_grant_lost; impact_unproven
vlc,foreground_unconfirmed,pending_outer_review,no,unknown,OpenSSLProvider failure then Onboarding theme inflation,org.videolan.vlc.StartActivity,org.videolan.vlc.StartActivity,False,True,2,False,False,False,False,[0],[0],"[{""line"": 43685, ""trace"": ""a92ab13a2dbc73b"", ""text"": ""09-30 06:22:37.776  1945  2292 W C0420a/WMSLife: [a92ab13a2dbc73b, 14dec41, 37bc7cd] scene_session.cpp DisallowActivationFromPendingBackground: no permission to start ability from Background, id:380""}]",[],unknown; board/JAR/installer/protocol/app state change together,/Users/zhaoyue/orca/workspaces/westlake-harness/benchmark/2026-09-30-r17p-61b-sweep/runs/r17p-all-61b/61b0657200000000000000000324012c/vlc/record.json,/Users/zhaoyue/orca/workspaces/westlake-harness-bms/benchmark/2026-09-30-v3c-r17j-prospective/backtests/v2-5ea/source-records/vlc/record.json,/Users/zhaoyue/orca/workspaces/westlake-harness/benchmark/2026-09-30-v3c-5ea-sweep/runs/v3c-all-5ea-c/5ea34a4500000000000000001123012c,"[{""path"": ""/Users/zhaoyue/orca/workspaces/westlake-harness/benchmark/2026-09-30-r17p-61b-sweep/runs/r17p-all-61b/61b0657200000000000000000324012c/vlc/t5.jpeg"", ""sha256"": ""7d7569038b41dc7cd729f861b6e8902e4e7ae7261c62db6806f1aeae10f19fff"", ""valid"": true, ""scheduled_seconds"": 5.0}, {""path"": ""/Users/zhaoyue/orca/workspaces/westlake-harness/benchmark/2026-09-30-r17p-61b-sweep/runs/r17p-all-61b/61b0657200000000000000000324012c/vlc/t20.jpeg"", ""sha256"": ""7d7569038b41dc7cd729f861b6e8902e4e7ae7261c62db6806f1aeae10f19fff"", ""valid"": true, ""scheduled_seconds"": 20.0}]",/Users/zhaoyue/orca/workspaces/westlake-harness/benchmark/2026-09-30-v3c-5ea-sweep/runs/v3c-all-5ea-c/5ea34a4500000000000000001123012c/vlc/t20.jpeg,False,absent,granted,granted,granted,c493c167de52724dbdd727fd6e20ec43d89200a847fb7b7d88da850faf336bcd,c493c167de52724dbdd727fd6e20ec43d89200a847fb7b7d88da850faf336bcd,True,1790720555.0884008,[],2,unknown,[14636],78ad42ae512d1906ae8116adf9f6513477e65a2b2c4e78e2b10ac6204442f4ba,11,"{""line"": 29442, ""pid"": 14636, ""text"": ""09-30 06:22:35.168 14636 14636 E C05a05/SecCompEnhanceAdapter: [InitEnhanceHandler]init enhance lib libsecurity_component_client_enhance.z.so failed, error Error loading shared library libsecurity_component_client_enhance.z.so: No such file or directory""}","chronological observed diagnostic, may be tolerated; not adjudicated first blocking wall",True,True,background_grant_lost_and_trace_linked_WMS_denial; UI_effect_pending
localsend,foreground_unconfirmed,pending_outer_review,no,不变,libflutter cannot resolve libandroid,org.localsend.localsend_app.MainActivity,org.localsend.localsend_app.MainActivity,False,True,2,False,False,False,False,[],[],[],[],unknown; board/JAR/installer/protocol/app state change together,/Users/zhaoyue/orca/workspaces/westlake-harness/benchmark/2026-09-30-r17p-61b-sweep/runs/r17p-all-61b/61b0657200000000000000000324012c/localsend/record.json,/Users/zhaoyue/orca/workspaces/westlake-harness-bms/benchmark/2026-09-30-v3c-r17j-prospective/backtests/v2-5ea/source-records/localsend/record.json,/Users/zhaoyue/orca/workspaces/westlake-harness/benchmark/2026-09-30-v3c-5ea-sweep/runs/v3c-all-5ea-c/5ea34a4500000000000000001123012c,"[{""path"": ""/Users/zhaoyue/orca/workspaces/westlake-harness/benchmark/2026-09-30-r17p-61b-sweep/runs/r17p-all-61b/61b0657200000000000000000324012c/localsend/t5.jpeg"", ""sha256"": ""8c2e9b529948c37226f649136ba261579a5666ef76b76d8efd432c73b7039a46"", ""valid"": true, ""scheduled_seconds"": 5.0}, {""path"": ""/Users/zhaoyue/orca/workspaces/westlake-harness/benchmark/2026-09-30-r17p-61b-sweep/runs/r17p-all-61b/61b0657200000000000000000324012c/localsend/t20.jpeg"", ""sha256"": ""85ea075aa461de41818257421a94f5804144eaf74ada092e49c3b2f39adc2ef8"", ""valid"": true, ""scheduled_seconds"": 20.0}]",/Users/zhaoyue/orca/workspaces/westlake-harness/benchmark/2026-09-30-v3c-5ea-sweep/runs/v3c-all-5ea-c/5ea34a4500000000000000001123012c/localsend/t20.jpeg,False,absent,granted,granted,granted,82ec3568fba2aa5295b9aae8b76f701d7a4703d86b9f8bad749472038fbaeab3,82ec3568fba2aa5295b9aae8b76f701d7a4703d86b9f8bad749472038fbaeab3,True,1790720604.702674,[],2,unknown,[16321],7d863afafdef1f66ac1731dc5104460d71fd6c06f2f1d374a1cb712073a958aa,18,"{""line"": 16458, ""pid"": 16321, ""text"": ""09-30 06:23:24.742 16321 16321 E C05a05/SecCompEnhanceAdapter: [InitEnhanceHandler]init enhance lib libsecurity_component_client_enhance.z.so failed, error Error loading shared library libsecurity_component_client_enhance.z.so: No such file or directory""}","chronological observed diagnostic, may be tolerated; not adjudicated first blocking wall",True,True,background_grant_lost; impact_unproven
ppsspp,foreground_unconfirmed,pending_outer_review,no,不变,libppsspp_jni cannot resolve libGLESv2,org.ppsspp.ppsspp.PpssppActivity,org.ppsspp.ppsspp.PpssppActivity,False,True,2,False,False,False,False,[],[],[],[],unknown; board/JAR/installer/protocol/app state change together,/Users/zhaoyue/orca/workspaces/westlake-harness/benchmark/2026-09-30-r17p-61b-sweep/runs/r17p-all-61b/61b0657200000000000000000324012c/ppsspp/record.json,/Users/zhaoyue/orca/workspaces/westlake-harness-bms/benchmark/2026-09-30-v3c-r17j-prospective/backtests/v2-5ea/source-records/ppsspp/record.json,/Users/zhaoyue/orca/workspaces/westlake-harness/benchmark/2026-09-30-v3c-5ea-sweep/runs/v3c-all-5ea-c/5ea34a4500000000000000001123012c,"[{""path"": ""/Users/zhaoyue/orca/workspaces/westlake-harness/benchmark/2026-09-30-r17p-61b-sweep/runs/r17p-all-61b/61b0657200000000000000000324012c/ppsspp/t5.jpeg"", ""sha256"": ""2fe19eb8f475bd4322c798ad5a1d7d9c5948e0a1336f98f62554201a5ce8d8c6"", ""valid"": true, ""scheduled_seconds"": 5.0}, {""path"": ""/Users/zhaoyue/orca/workspaces/westlake-harness/benchmark/2026-09-30-r17p-61b-sweep/runs/r17p-all-61b/61b0657200000000000000000324012c/ppsspp/t20.jpeg"", ""sha256"": ""2fe19eb8f475bd4322c798ad5a1d7d9c5948e0a1336f98f62554201a5ce8d8c6"", ""valid"": true, ""scheduled_seconds"": 20.0}]",/Users/zhaoyue/orca/workspaces/westlake-harness/benchmark/2026-09-30-v3c-5ea-sweep/runs/v3c-all-5ea-c/5ea34a4500000000000000001123012c/ppsspp/t20.jpeg,False,absent,granted,granted,granted,44e1ecb9268702fb65adcee14cffb6cdc3607e87abcf409004c9bdb6b2543f6c,44e1ecb9268702fb65adcee14cffb6cdc3607e87abcf409004c9bdb6b2543f6c,True,1790720662.452924,[],2,unknown,[18231],24720fe1662b35ba0830e722fdba1848b974ca1e260ea5f1a2bfc11f172b3685,7,"{""line"": 29288, ""pid"": 18231, ""text"": ""09-30 06:24:22.514 18231 18231 E C05a05/SecCompEnhanceAdapter: [InitEnhanceHandler]init enhance lib libsecurity_component_client_enhance.z.so failed, error Error loading shared library libsecurity_component_client_enhance.z.so: No such file or directory""}","chronological observed diagnostic, may be tolerated; not adjudicated first blocking wall",True,True,background_grant_lost; impact_unproven
mindustry,foreground_unconfirmed,pending_outer_review,no,不变,libarc cannot resolve libOpenSLES,mindustry.android.AndroidLauncher,mindustry.android.AndroidLauncher,False,True,2,False,False,False,False,[],[],[],[],unknown; board/JAR/installer/protocol/app state change together,/Users/zhaoyue/orca/workspaces/westlake-harness/benchmark/2026-09-30-r17p-61b-sweep/runs/r17p-all-61b/61b0657200000000000000000324012c/mindustry/record.json,/Users/zhaoyue/orca/workspaces/westlake-harness-bms/benchmark/2026-09-30-v3c-r17j-prospective/backtests/v2-5ea/source-records/mindustry/record.json,/Users/zhaoyue/orca/workspaces/westlake-harness/benchmark/2026-09-30-v3c-5ea-sweep/runs/v3c-all-5ea-c/5ea34a4500000000000000001123012c,"[{""path"": ""/Users/zhaoyue/orca/workspaces/westlake-harness/benchmark/2026-09-30-r17p-61b-sweep/runs/r17p-all-61b/61b0657200000000000000000324012c/mindustry/t5.jpeg"", ""sha256"": ""d4e5e491595767895c312a374ef509e18fe5ae65537faebe9485f8a67c823082"", ""valid"": true, ""scheduled_seconds"": 5.0}, {""path"": ""/Users/zhaoyue/orca/workspaces/westlake-harness/benchmark/2026-09-30-r17p-61b-sweep/runs/r17p-all-61b/61b0657200000000000000000324012c/mindustry/t20.jpeg"", ""sha256"": ""d4e5e491595767895c312a374ef509e18fe5ae65537faebe9485f8a67c823082"", ""valid"": true, ""scheduled_seconds"": 20.0}]",/Users/zhaoyue/orca/workspaces/westlake-harness/benchmark/2026-09-30-v3c-5ea-sweep/runs/v3c-all-5ea-c/5ea34a4500000000000000001123012c/mindustry/t20.jpeg,False,absent,granted,granted,granted,96f8dacbd2de964a26079dcd1928b3e5ca7d9b99207571acc802f7c7cff34508,96f8dacbd2de964a26079dcd1928b3e5ca7d9b99207571acc802f7c7cff34508,True,1790720716.733352,[],2,unknown,[19934],282a1579dea4435707ea0a9277d327a69fcd82155242bc136a50da37314b4979,12,"{""line"": 29034, ""pid"": 19934, ""text"": ""09-30 06:25:16.815 19934 19934 E C05a05/SecCompEnhanceAdapter: [InitEnhanceHandler]init enhance lib libsecurity_component_client_enhance.z.so failed, error Error loading shared library libsecurity_component_client_enhance.z.so: No such file or directory""}","chronological observed diagnostic, may be tolerated; not adjudicated first blocking wall",True,True,background_grant_lost; impact_unproven
x,foreground_unconfirmed,pending_outer_review,no,不变,NetworkCapabilities.getLinkUpstreamBandwidthKbps missing; object graph unset,com.twitter.android.StartActivity,com.twitter.android.StartActivity,False,True,2,False,False,False,False,[],[],[],[],unknown; board/JAR/installer/protocol/app state change together,/Users/zhaoyue/orca/workspaces/westlake-harness/benchmark/2026-09-30-r17p-61b-sweep/runs/r17p-all-61b/61b0657200000000000000000324012c/x/record.json,/Users/zhaoyue/orca/workspaces/westlake-harness-bms/benchmark/2026-09-30-v3c-r17j-prospective/backtests/v2-5ea/source-records/x/record.json,/Users/zhaoyue/orca/workspaces/westlake-harness/benchmark/2026-09-30-v3c-5ea-sweep/runs/v3c-all-5ea-c/5ea34a4500000000000000001123012c,"[{""path"": ""/Users/zhaoyue/orca/workspaces/westlake-harness/benchmark/2026-09-30-r17p-61b-sweep/runs/r17p-all-61b/61b0657200000000000000000324012c/x/t5.jpeg"", ""sha256"": ""0096e792babf1096d3a07f50d31ed9dc75d890ce1497e00c249b8c4be653e49c"", ""valid"": true, ""scheduled_seconds"": 5.0}, {""path"": ""/Users/zhaoyue/orca/workspaces/westlake-harness/benchmark/2026-09-30-r17p-61b-sweep/runs/r17p-all-61b/61b0657200000000000000000324012c/x/t20.jpeg"", ""sha256"": ""0096e792babf1096d3a07f50d31ed9dc75d890ce1497e00c249b8c4be653e49c"", ""valid"": true, ""scheduled_seconds"": 20.0}]",/Users/zhaoyue/orca/workspaces/westlake-harness/benchmark/2026-09-30-v3c-5ea-sweep/runs/v3c-all-5ea-c/5ea34a4500000000000000001123012c/x/t20.jpeg,False,absent,granted,granted,granted,5e9c8e4bbb525a2140292f8f96ab6cc0af403dfcd07667b8678aebb44fb52354,5e9c8e4bbb525a2140292f8f96ab6cc0af403dfcd07667b8678aebb44fb52354,True,1790720832.76559,[],2,unknown,[24130],c41fddf17f7df21f4b9965ecc3447fc9fa16cd05f3da857a8e85972beefa4db8,9,"{""line"": 29348, ""pid"": 24130, ""text"": ""09-30 06:27:12.878 24130 24130 E C05a05/SecCompEnhanceAdapter: [InitEnhanceHandler]init enhance lib libsecurity_component_client_enhance.z.so failed, error Error loading shared library libsecurity_component_client_enhance.z.so: No such file or directory""}","chronological observed diagnostic, may be tolerated; not adjudicated first blocking wall",True,True,background_grant_lost; impact_unproven
noice,foreground_unconfirmed,pending_outer_review,no,unknown,EGL_NO_SURFACE / hwui abort,com.github.ashutoshgngwr.noice.activity.MainActivity,com.github.ashutoshgngwr.noice.activity.MainActivity,False,True,2,False,False,False,False,[0],[0],"[{""line"": 42279, ""trace"": ""a92ab13b73d7aaa"", ""text"": ""09-30 06:28:03.888  1945  2292 W C0420a/WMSLife: [a92ab13b73d7aaa, d0eb66, 15d251] scene_session.cpp DisallowActivationFromPendingBackground: no permission to start ability from Background, id:386""}]",[],unknown; board/JAR/installer/protocol/app state change together,/Users/zhaoyue/orca/workspaces/westlake-harness/benchmark/2026-09-30-r17p-61b-sweep/runs/r17p-all-61b/61b0657200000000000000000324012c/noice/record.json,/Users/zhaoyue/orca/workspaces/westlake-harness-bms/benchmark/2026-09-30-v3c-r17j-prospective/backtests/v2-5ea/source-records/noice/record.json,/Users/zhaoyue/orca/workspaces/westlake-harness/benchmark/2026-09-30-v3c-5ea-sweep/runs/v3c-all-5ea-c/5ea34a4500000000000000001123012c,"[{""path"": ""/Users/zhaoyue/orca/workspaces/westlake-harness/benchmark/2026-09-30-r17p-61b-sweep/runs/r17p-all-61b/61b0657200000000000000000324012c/noice/t5.jpeg"", ""sha256"": ""88e2fcf16b759a8730e31838f462333ac9a4eb6e2fcedc149d5da276b663bb49"", ""valid"": true, ""scheduled_seconds"": 5.0}, {""path"": ""/Users/zhaoyue/orca/workspaces/westlake-harness/benchmark/2026-09-30-r17p-61b-sweep/runs/r17p-all-61b/61b0657200000000000000000324012c/noice/t20.jpeg"", ""sha256"": ""88e2fcf16b759a8730e31838f462333ac9a4eb6e2fcedc149d5da276b663bb49"", ""valid"": true, ""scheduled_seconds"": 20.0}]",/Users/zhaoyue/orca/workspaces/westlake-harness/benchmark/2026-09-30-v3c-5ea-sweep/runs/v3c-all-5ea-c/5ea34a4500000000000000001123012c/noice/t20.jpeg,False,absent,granted,granted,granted,bbb21d7321668031774b5fc2e44ce632d7b2538853e09083a258f127631e845d,bbb21d7321668031774b5fc2e44ce632d7b2538853e09083a258f127631e845d,True,1790720881.6736152,[],2,unknown,[25640],9d88b011bdf266096fcb13bf186a81c28424da63d390457e851ca0ee3158c675,9,"{""line"": 22958, ""pid"": 25640, ""text"": ""09-30 06:28:01.732 25640 25640 E C05a05/SecCompEnhanceAdapter: [InitEnhanceHandler]init enhance lib libsecurity_component_client_enhance.z.so failed, error Error loading shared library libsecurity_component_client_enhance.z.so: No such file or directory""}","chronological observed diagnostic, may be tolerated; not adjudicated first blocking wall",True,True,background_grant_lost_and_trace_linked_WMS_denial; UI_effect_pending
