key,apk_sha256,status,static_risk,manifest_risk,strength,launchers,launcher_aliases,manifest_hints,dex_witnesses,manifest_source,stub_ok,needs_real
wikipedia,eba82a0f77940d8a6be5bd2e53723675a59859a6c8a51be5e50bd034fc77101f,conditional-installer-wall,True,False,explicit-startup-target,"[""org/wikipedia/main/MainActivity""]","[{""tag"": ""activity-alias"", ""line"": 124, ""attrs"": {""icon"": ""@0x7f0f0000"", ""name"": ""org.wikipedia.DefaultIcon"", ""exported"": ""true"", ""targetActivity"": ""org.wikipedia.main.MainActivity""}, ""class"": ""org/wikipedia/DefaultIcon"", ""target"": ""org/wikipedia/main/MainActivity""}]",[],"[{""method"": ""org/wikipedia/main/MainActivity.onCreate(Landroid/os/Bundle;)V"", ""dex"": ""classes.dex"", ""line"": 4442219, ""targets"": [""org/wikipedia/onboarding/InitialOnboardingActivity""], ""class_hints"": [""org/wikipedia/onboarding/InitialOnboardingActivity""], ""startup_reachable"": ""conditional-static"", ""strength"": ""explicit-startup-target"", ""finish_order"": ""not_in_method"", ""api"": ""androidx/activity/result/ActivityResultRegistry$register$2.launch(Ljava/lang/Object;Landroidx/core/app/ActivityOptionsCompat$ActivityOptionsCompatImpl;)V""}]",/Users/zhaoyue/orca/workspaces/westlake-harness-bms/benchmark/2026-09-30-background-start-prospective/evidence/manifest-wikipedia.txt,False,True
termux,e6265a57eb5ca363808488e3b01955958bed93bc0c8a0d281849b363b11027ec,no-static-hit,False,False,no-static-hit,"[""com/termux/app/TermuxActivity""]",[],[],[],/Users/zhaoyue/orca/workspaces/westlake-harness-bms/benchmark/2026-09-30-background-start-prospective/evidence/manifest-termux.txt,False,False
ooniprobe,7a5bc50be59ad5ed7526dd510a2128a6dc92ba08bd272e3645622783ba91a319,no-static-hit,False,False,no-static-hit,"[""org/ooni/probe/MainActivity""]",[],[],[],/Users/zhaoyue/orca/workspaces/westlake-harness-bms/benchmark/2026-09-30-background-start-prospective/evidence/manifest-ooniprobe.txt,False,False
antennapod,3f43a4337a693cdb49141afe06cb596e88c796009ed77bff51e9444ce2d1ebfc,conditional-installer-wall,True,True,candidate,"[""de/danoeh/antennapod/activity/SplashActivity""]",[],"[{""kind"": ""splash-to-main-candidate"", ""entry"": ""de/danoeh/antennapod/activity/SplashActivity"", ""possible_targets"": [""androidx/car/app/CarAppPermissionActivity"", ""de/danoeh/antennapod/activity/MainActivity"", ""de/danoeh/antennapod/activity/OpmlImportActivity"", ""de/danoeh/antennapod/activity/SelectSubscriptionActivity"", ""de/danoeh/antennapod/ui/echo/EchoActivity"", ""de/danoeh/antennapod/ui/screen/onlinefeedview/OnlineFeedViewActivity"", ""de/danoeh/antennapod/ui/screen/playback/PlaybackSpeedDialogActivity"", ""de/danoeh/antennapod/ui/screen/playback/video/Media3VideoPlayerActivity"", ""de/danoeh/antennapod/ui/screen/playback/video/VideoplayerActivity"", ""de/danoeh/antennapod/ui/screen/preferences/PreferenceActivity"", ""de/danoeh/antennapod/ui/widget/WidgetConfigActivity""], ""manifest_lines"": [111, 79, 131, 168, 179, 207, 221, 232, 317, 414, 422, 546]}]","[{""method"": ""de/danoeh/antennapod/activity/SplashActivity.lambda$onCreate$2()V"", ""dex"": ""classes.dex"", ""line"": 1797124, ""targets"": [""de/danoeh/antennapod/activity/MainActivity""], ""class_hints"": [""de/danoeh/antennapod/activity/MainActivity""], ""startup_reachable"": ""unknown"", ""strength"": ""callback-or-target-candidate"", ""finish_order"": ""after_start"", ""api"": ""android/content/Context.startActivity(Landroid/content/Intent;)V""}]",/Users/zhaoyue/orca/workspaces/westlake-harness-bms/benchmark/2026-09-30-background-start-prospective/evidence/manifest-antennapod.txt,False,True
aegis,0eecec45de0da3ff1358004b51e2960d9178551643a6ed44f6496ea9ec999c19,conditional-installer-wall,True,False,explicit-startup-target,"[""com/beemdevelopment/aegis/ui/MainActivity""]",[],[],"[{""method"": ""com/beemdevelopment/aegis/ui/MainActivity.onStart()V"", ""dex"": ""classes.dex"", ""line"": 949667, ""targets"": [""com/beemdevelopment/aegis/ui/IntroActivity""], ""class_hints"": [""com/beemdevelopment/aegis/ui/AuthActivity"", ""com/beemdevelopment/aegis/ui/IntroActivity""], ""startup_reachable"": ""conditional-static"", ""strength"": ""explicit-startup-target"", ""finish_order"": ""not_in_method"", ""api"": ""androidx/activity/result/ActivityResultRegistry$register$2.launch(Landroid/content/Intent;)V""}, {""method"": ""com/beemdevelopment/aegis/ui/MainActivity.onStart()V"", ""dex"": ""classes.dex"", ""line"": 949725, ""targets"": [""com/beemdevelopment/aegis/ui/AuthActivity""], ""class_hints"": [""com/beemdevelopment/aegis/ui/AuthActivity"", ""com/beemdevelopment/aegis/ui/IntroActivity""], ""startup_reachable"": ""conditional-static"", ""strength"": ""explicit-startup-target"", ""finish_order"": ""not_in_method"", ""api"": ""androidx/activity/result/ActivityResultRegistry$register$2.launch(Landroid/content/Intent;)V""}, {""method"": ""com/beemdevelopment/aegis/ui/MainActivity.startEditEntryActivityForNew(Lcom/beemdevelopment/aegis/vault/VaultEntry;)V"", ""dex"": ""classes.dex"", ""line"": 951643, ""targets"": [""com/beemdevelopment/aegis/ui/EditEntryActivity""], ""class_hints"": [""com/beemdevelopment/aegis/ui/EditEntryActivity""], ""startup_reachable"": ""conditional-static"", ""strength"": ""explicit-startup-target"", ""finish_order"": ""not_in_method"", ""api"": ""androidx/activity/result/ActivityResultRegistry$register$2.launch(Landroid/content/Intent;)V""}, {""method"": ""com/beemdevelopment/aegis/ui/MainActivity.startScanActivity()V"", ""dex"": ""classes.dex"", ""line"": 951762, ""targets"": [""com/beemdevelopment/aegis/ui/ScannerActivity""], ""class_hints"": [""com/beemdevelopment/aegis/ui/ScannerActivity""], ""startup_reachable"": ""conditional-static"", ""strength"": ""explicit-startup-target"", ""finish_order"": ""not_in_method"", ""api"": ""androidx/activity/result/ActivityResultRegistry$register$2.launch(Landroid/content/Intent;)V""}]",/Users/zhaoyue/orca/workspaces/westlake-harness-bms/benchmark/2026-09-30-background-start-prospective/evidence/manifest-aegis.txt,False,True
fd-AppManager,e1f6ba10812c74016ad626e11e27a1ae450aec2c0964a11466abb9e7a9c8ef84,conditional-installer-wall,True,True,explicit-startup-target,"[""io/github/muntashirakon/AppManager/main/SplashActivity""]",[],"[{""kind"": ""splash-to-main-candidate"", ""entry"": ""io/github/muntashirakon/AppManager/main/SplashActivity"", ""possible_targets"": [""io/github/muntashirakon/AppManager/DummyActivity"", ""io/github/muntashirakon/AppManager/accessibility/activity/LeadingActivityTrackerActivity"", ""io/github/muntashirakon/AppManager/apk/behavior/FreezeUnfreezeActivity"", ""io/github/muntashirakon/AppManager/apk/installer/PackageInstallerActivity"", ""io/github/muntashirakon/AppManager/batchops/BatchOpsResultsActivity"", ""io/github/muntashirakon/AppManager/crypto/OpenPGPCryptoActivity"", ""io/github/muntashirakon/AppManager/crypto/auth/AuthFeatureDemultiplexer"", ""io/github/muntashirakon/AppManager/crypto/auth/AuthManagerActivity"", ""io/github/muntashirakon/AppManager/crypto/ks/KeyStoreActivity"", ""io/github/muntashirakon/AppManager/debloat/DebloaterActivity"", ""io/github/muntashirakon/AppManager/details/ActivityLauncherShortcutActivity"", ""io/github/muntashirakon/AppManager/details/AppDetailsActivity"", ""io/github/muntashirakon/AppManager/details/manifest/ManifestViewerActivity"", ""io/github/muntashirakon/AppManager/editor/CodeEditorActivity"", ""io/github/muntashirakon/AppManager/filters/FinderActivity"", ""io/github/muntashirakon/AppManager/fm/FmActivity"", ""io/github/muntashirakon/AppManager/fm/OpenWithActivity"", ""io/github/muntashirakon/AppManager/history/ops/OpHistoryActivity"", ""io/github/muntashirakon/AppManager/intercept/ActivityInterceptor"", ""io/github/muntashirakon/AppManager/logcat/LogViewerActivity"", ""io/github/muntashirakon/AppManager/logcat/RecordLogDialogActivity"", ""io/github/muntashirakon/AppManager/main/MainActivity"", ""io/github/muntashirakon/AppManager/misc/HelpActivity"", ""io/github/muntashirakon/AppManager/misc/LabsActivity"", ""io/github/muntashirakon/AppManager/oneclickops/OneClickOpsActivity"", ""io/github/muntashirakon/AppManager/profiles/AppsFilterProfileActivity"", ""io/github/muntashirakon/AppManager/profiles/AppsProfileActivity"", ""io/github/muntashirakon/AppManager/profiles/ProfileApplierActivity"", ""io/github/muntashirakon/AppManager/profiles/ProfilesActivity"", ""io/github/muntashirakon/AppManager/runningapps/RunningAppsActivity"", ""io/github/muntashirakon/AppManager/scanner/ScannerActivity"", ""io/github/muntashirakon/AppManager/settings/SettingsActivity"", ""io/github/muntashirakon/AppManager/sharedpref/SharedPrefsActivity"", ""io/github/muntashirakon/AppManager/sysconfig/SysConfigActivity"", ""io/github/muntashirakon/AppManager/terminal/TermActivity"", ""io/github/muntashirakon/AppManager/usage/AppUsageActivity"", ""io/github/muntashirakon/AppManager/viewer/ExplorerActivity"", ""io/github/muntashirakon/AppManager/viewer/audio/AudioPlayerActivity""], ""manifest_lines"": [1560, 168, 173, 178, 183, 205, 210, 214, 499, 530, 576, 591, 598, 605, 610, 615, 735, 766, 884, 892, 900, 905, 909, 913, 918, 925, 931, 1520, 1526, 1531, 1535, 1544, 1552, 1576, 1638, 1643, 1697, 1703, 1749]}]","[{""method"": ""io/github/muntashirakon/AppManager/main/SplashActivity.doAuthenticate()V"", ""dex"": ""classes5.dex"", ""line"": 726453, ""targets"": [""io/github/muntashirakon/AppManager/crypto/ks/KeyStoreActivity""], ""class_hints"": [""io/github/muntashirakon/AppManager/crypto/ks/KeyStoreActivity""], ""startup_reachable"": ""conditional-static"", ""strength"": ""explicit-startup-target"", ""finish_order"": ""not_in_method"", ""api"": ""androidx/activity/result/ActivityResultLauncher.launch(Ljava/lang/Object;)V""}, {""method"": ""io/github/muntashirakon/AppManager/main/SplashActivity.lambda$doAuthenticate$3$io-github-muntashirakon-AppManager-main-SplashActivity(Ljava/lang/Integer;)V"", ""dex"": ""classes5.dex"", ""line"": 726715, ""targets"": [""io/github/muntashirakon/AppManager/main/MainActivity""], ""class_hints"": [""io/github/muntashirakon/AppManager/main/MainActivity""], ""startup_reachable"": ""unknown"", ""strength"": ""callback-or-target-candidate"", ""finish_order"": ""after_start"", ""api"": ""io/github/muntashirakon/AppManager/main/SplashActivity.startActivity(Landroid/content/Intent;)V""}, {""method"": ""io/github/muntashirakon/AppManager/main/SplashActivity.onCreate(Landroid/os/Bundle;)V"", ""dex"": ""classes5.dex"", ""line"": 726865, ""targets"": [""io/github/muntashirakon/AppManager/main/MainActivity""], ""class_hints"": [""io/github/muntashirakon/AppManager/main/MainActivity""], ""startup_reachable"": ""conditional-static"", ""strength"": ""explicit-startup-target"", ""finish_order"": ""after_start"", ""api"": ""io/github/muntashirakon/AppManager/main/SplashActivity.startActivity(Landroid/content/Intent;)V""}]",/Users/zhaoyue/orca/workspaces/westlake-harness-bms/benchmark/2026-09-30-background-start-prospective/evidence/manifest-fd-AppManager.txt,False,True
fd-auxio,c2053d36c28dbe74de40eadcd8978ec874c465ed3352bba655d4b2b364780b45,no-static-hit,False,False,no-static-hit,"[""org/oxycblt/auxio/MainActivity""]",[],[],[],/Users/zhaoyue/orca/workspaces/westlake-harness-bms/benchmark/2026-09-30-background-start-prospective/evidence/manifest-fd-auxio.txt,False,False
fd-com-amaze-filemanager,35e0338dac1bf026f22d91e1b096c1c6eff1424ad7d6be52a7f8d3fe50987530,conditional-installer-wall,True,False,explicit-startup-target,"[""com/amaze/filemanager/ui/activities/MainActivity""]",[],[],"[{""method"": ""com/amaze/filemanager/filesystem/files/FileUtils.openFile(Ljava/io/File;Lcom/amaze/filemanager/ui/activities/MainActivity;Landroid/content/SharedPreferences;)V"", ""dex"": ""classes.dex"", ""line"": 421055, ""targets"": [""com/amaze/filemanager/ui/activities/DatabaseViewerActivity""], ""class_hints"": [""com/amaze/filemanager/ui/activities/DatabaseViewerActivity""], ""startup_reachable"": ""conditional-static"", ""strength"": ""explicit-startup-target"", ""finish_order"": ""not_in_method"", ""api"": ""android/content/Context.startActivity(Landroid/content/Intent;)V""}, {""method"": ""com/amaze/filemanager/ui/activities/PreferencesActivity.recreate()V"", ""dex"": ""classes.dex"", ""line"": 2064517, ""targets"": [""com/amaze/filemanager/ui/activities/PreferencesActivity""], ""class_hints"": [""com/amaze/filemanager/ui/activities/PreferencesActivity""], ""startup_reachable"": ""conditional-static"", ""strength"": ""explicit-startup-target"", ""finish_order"": ""before_start"", ""api"": ""android/content/Context.startActivity(Landroid/content/Intent;)V""}]",/Users/zhaoyue/orca/workspaces/westlake-harness-bms/benchmark/2026-09-30-background-start-prospective/evidence/manifest-fd-com-amaze-filemanager.txt,False,True
fd-com-kunzisoft-keepass-libre,862f87a30baef06181f049adf7c460611605b25a807eaf3c25841a9dd84bed9e,conditional-installer-wall,True,False,candidate,"[""com/kunzisoft/keepass/activities/FileDatabaseSelectActivity""]",[],[],"[{""method"": ""com/kunzisoft/keepass/credentialprovider/activity/EntrySelectionLauncherActivity$Companion.launch(Landroid/content/Context;Lcom/kunzisoft/keepass/model/SearchInfo;)V"", ""dex"": ""classes2.dex"", ""line"": 158502, ""targets"": [""com/kunzisoft/keepass/credentialprovider/activity/EntrySelectionLauncherActivity""], ""class_hints"": [""com/kunzisoft/keepass/credentialprovider/activity/EntrySelectionLauncherActivity""], ""startup_reachable"": ""unknown"", ""strength"": ""callback-or-target-candidate"", ""finish_order"": ""not_in_method"", ""api"": ""android/content/Context.startActivity(Landroid/content/Intent;)V""}]",/Users/zhaoyue/orca/workspaces/westlake-harness-bms/benchmark/2026-09-30-background-start-prospective/evidence/manifest-fd-com-kunzisoft-keepass-libre.txt,False,True
fd-droidify,da3070f3f18bdbed1eab666677afd39e4b19a60c70f0bfca68a5730147f81f10,no-static-hit,False,False,no-static-hit,"[""com/looker/droidify/MainActivity""]",[],[],[],/Users/zhaoyue/orca/workspaces/westlake-harness-bms/benchmark/2026-09-30-background-start-prospective/evidence/manifest-fd-droidify.txt,False,False
fd-fitness,e1708c7c4256748a5825e3f898a6898dac8a0988f6499c78d63ea48bbf8f352b,conditional-installer-wall,True,False,explicit-startup-target,"[""de/tadris/fitness/ui/MainActivity""]",[],[],"[{""method"": ""de/tadris/fitness/ui/navigation/AppNavigationKt$$ExternalSyntheticLambda36.invoke()Ljava/lang/Object;"", ""dex"": ""classes.dex"", ""line"": 2930356, ""targets"": [""de/tadris/fitness/ui/settings/debug/DebugPressureActivity""], ""class_hints"": [""de/tadris/fitness/ui/settings/debug/DebugPressureActivity"", ""de/tadris/fitness/ui/settings/debug/SensorDebugActivity"", ""de/tadris/fitness/ui/statistics/StatisticsActivity""], ""startup_reachable"": ""conditional-static"", ""strength"": ""explicit-startup-target"", ""finish_order"": ""not_in_method"", ""api"": ""android/content/Context.startActivity(Landroid/content/Intent;)V""}, {""method"": ""de/tadris/fitness/ui/navigation/AppNavigationKt$$ExternalSyntheticLambda36.invoke()Ljava/lang/Object;"", ""dex"": ""classes.dex"", ""line"": 2930361, ""targets"": [""de/tadris/fitness/ui/settings/debug/SensorDebugActivity""], ""class_hints"": [""de/tadris/fitness/ui/settings/debug/DebugPressureActivity"", ""de/tadris/fitness/ui/settings/debug/SensorDebugActivity"", ""de/tadris/fitness/ui/statistics/StatisticsActivity""], ""startup_reachable"": ""conditional-static"", ""strength"": ""explicit-startup-target"", ""finish_order"": ""not_in_method"", ""api"": ""android/content/Context.startActivity(Landroid/content/Intent;)V""}, {""method"": ""de/tadris/fitness/ui/navigation/AppNavigationKt$$ExternalSyntheticLambda36.invoke()Ljava/lang/Object;"", ""dex"": ""classes.dex"", ""line"": 2930377, ""targets"": [], ""class_hints"": [""de/tadris/fitness/ui/settings/debug/DebugPressureActivity"", ""de/tadris/fitness/ui/settings/debug/SensorDebugActivity"", ""de/tadris/fitness/ui/statistics/StatisticsActivity""], ""startup_reachable"": ""conditional-static"", ""strength"": ""callback-or-target-candidate"", ""finish_order"": ""not_in_method"", ""api"": ""android/content/Context.startActivity(Landroid/content/Intent;)V""}, {""method"": ""de/tadris/fitness/ui/navigation/AppNavigationKt$$ExternalSyntheticLambda36.invoke()Ljava/lang/Object;"", ""dex"": ""classes.dex"", ""line"": 2930385, ""targets"": [""de/tadris/fitness/ui/statistics/StatisticsActivity""], ""class_hints"": [""de/tadris/fitness/ui/settings/debug/DebugPressureActivity"", ""de/tadris/fitness/ui/settings/debug/SensorDebugActivity"", ""de/tadris/fitness/ui/statistics/StatisticsActivity""], ""startup_reachable"": ""conditional-static"", ""strength"": ""explicit-startup-target"", ""finish_order"": ""not_in_method"", ""api"": ""android/content/Context.startActivity(Landroid/content/Intent;)V""}]",/Users/zhaoyue/orca/workspaces/westlake-harness-bms/benchmark/2026-09-30-background-start-prospective/evidence/manifest-fd-fitness.txt,False,True
fd-netguard,158b4308da0006298d22ed557adbff24b282fddeb1bc0b3468829a60f405a8c4,no-static-hit,False,False,no-static-hit,"[""eu/faircode/netguard/ActivityMain""]",[],[],[],/Users/zhaoyue/orca/workspaces/westlake-harness-bms/benchmark/2026-09-30-background-start-prospective/evidence/manifest-fd-netguard.txt,False,False
fd-noice,8e11b3136977e9f5dc897de85c26add9a219ea61884feabcbcd4e33566d5d2ca,conditional-installer-wall,True,False,explicit-startup-target,"[""com/github/ashutoshgngwr/noice/activity/MainActivity""]",[],[],"[{""method"": ""com/github/ashutoshgngwr/noice/activity/MainActivity.onCreate(Landroid/os/Bundle;)V"", ""dex"": ""classes.dex"", ""line"": 2210101, ""targets"": [""com/github/ashutoshgngwr/noice/activity/AppIntroActivity""], ""class_hints"": [""com/github/ashutoshgngwr/noice/activity/AppIntroActivity""], ""startup_reachable"": ""conditional-static"", ""strength"": ""explicit-startup-target"", ""finish_order"": ""not_in_method"", ""api"": ""android/content/Context.startActivity(Landroid/content/Intent;)V""}]",/Users/zhaoyue/orca/workspaces/westlake-harness-bms/benchmark/2026-09-30-background-start-prospective/evidence/manifest-fd-noice.txt,False,True
anki,f00faccb681117acc445b22c3e4930cf3fd45e2837afa41bdc12bbf805c71ed3,conditional-installer-wall,True,True,candidate,"[""com/ichi2/anki/IntentHandler"", ""leakcanary/internal/activity/LeakActivity""]","[{""tag"": ""activity-alias"", ""line"": 816, ""attrs"": {""theme"": ""@0x7f130559"", ""label"": ""@0x7f120337"", ""icon"": ""@0x7f100002"", ""name"": ""leakcanary.internal.activity.LeakLauncherActivity"", ""enabled"": ""@0x7f05000a"", ""exported"": ""true"", ""taskAffinity"": ""com.squareup.leakcanary.com.ichi2.anki"", ""targetActivity"": ""leakcanary.internal.activity.LeakActivity"", ""banner"": ""@0x7f08023c""}, ""class"": ""leakcanary/internal/activity/LeakLauncherActivity"", ""target"": ""leakcanary/internal/activity/LeakActivity""}]","[{""kind"": ""intent-handler-entry"", ""entry"": ""com/ichi2/anki/IntentHandler"", ""possible_targets"": [""com/canhub/cropper/CropImageActivity"", ""com/ichi2/anki/CardBrowser"", ""com/ichi2/anki/CardTemplateBrowserAppearanceEditor"", ""com/ichi2/anki/CardTemplateEditor"", ""com/ichi2/anki/DeckPicker"", ""com/ichi2/anki/Info"", ""com/ichi2/anki/IntentHandler2"", ""com/ichi2/anki/IntroductionActivity"", ""com/ichi2/anki/NoteEditorActivity"", ""com/ichi2/anki/NoteTypeFieldEditor"", ""com/ichi2/anki/Reviewer"", ""com/ichi2/anki/SharedDecksActivity"", ""com/ichi2/anki/SingleFragmentActivity"", ""com/ichi2/anki/StudyOptionsActivity"", ""com/ichi2/anki/account/AccountActivity"", ""com/ichi2/anki/analytics/AnkiDroidCrashReportDialog"", ""com/ichi2/anki/instantnoteeditor/InstantNoteEditorActivity"", ""com/ichi2/anki/multimedia/MultimediaActivity"", ""com/ichi2/anki/notetype/ManageNotetypes"", ""com/ichi2/anki/preferences/PreferencesActivity"", ""com/ichi2/anki/previewer/CardViewerActivity"", ""com/ichi2/anki/ui/windows/managespace/ManageSpaceActivity"", ""com/ichi2/anki/ui/windows/permissions/AllPermissionsExplanationActivity"", ""com/ichi2/anki/ui/windows/permissions/PermissionsActivity"", ""com/ichi2/anki/utils/ConfigAwareSingleFragmentActivity"", ""com/ichi2/widget/cardanalysis/CardAnalysisWidgetConfig"", ""com/ichi2/widget/deckpicker/DeckPickerWidgetConfig"", ""leakcanary/internal/RequestPermissionActivity"", ""org/acra/dialog/CrashReportDialog""], ""manifest_lines"": [131, 128, 308, 313, 318, 349, 354, 365, 368, 372, 384, 389, 393, 400, 404, 459, 466, 470, 473, 478, 482, 488, 493, 498, 548, 564, 630, 669, 725, 833]}]",[],/Users/zhaoyue/orca/workspaces/westlake-harness-bms/benchmark/2026-09-30-background-start-prospective/evidence/manifest-anki.txt,False,True
newpipe,1d66d19eedbab969b1be2e44e0ea35f5f8921cbe83b5c5ac810767ca1a84b7e8,no-static-hit,False,False,no-static-hit,"[""org/schabi/newpipe/MainActivity""]",[],[],[],/Users/zhaoyue/orca/workspaces/westlake-harness-bms/benchmark/2026-09-30-background-start-prospective/evidence/manifest-newpipe.txt,False,False
markor,3f9f260dc3e32a1281cb8803eea6f926eef897579f68a5d35f922523974b84b9,conditional-installer-wall,True,False,explicit-startup-target,"[""net/gsantner/markor/activity/MainActivity""]",[],[],"[{""method"": ""net/gsantner/markor/activity/IntroActivity.optStart(Landroid/app/Activity;)Z"", ""dex"": ""classes.dex"", ""line"": 2130144, ""targets"": [""net/gsantner/markor/activity/IntroActivity""], ""class_hints"": [""net/gsantner/markor/activity/IntroActivity""], ""startup_reachable"": ""conditional-static"", ""strength"": ""explicit-startup-target"", ""finish_order"": ""not_in_method"", ""api"": ""android/app/Activity.startActivityForResult(Landroid/content/Intent;I)V""}, {""method"": ""net/gsantner/markor/activity/StoragePermissionActivity.requestPermissions(Lnet/gsantner/markor/activity/MarkorBaseActivity;)V"", ""dex"": ""classes.dex"", ""line"": 2136386, ""targets"": [""net/gsantner/markor/activity/StoragePermissionActivity""], ""class_hints"": [""net/gsantner/markor/activity/StoragePermissionActivity""], ""startup_reachable"": ""conditional-static"", ""strength"": ""explicit-startup-target"", ""finish_order"": ""after_start"", ""api"": ""android/content/Context.startActivity(Landroid/content/Intent;)V""}]",/Users/zhaoyue/orca/workspaces/westlake-harness-bms/benchmark/2026-09-30-background-start-prospective/evidence/manifest-markor.txt,False,True
opencamera,ca5672ca8c7174554ca0b07b5b26e505817a05142f571cf2abe67e790c30249c,no-static-hit,False,False,no-static-hit,"[""net/sourceforge/opencamera/MainActivity""]",[],[],[],/Users/zhaoyue/orca/workspaces/westlake-harness-bms/benchmark/2026-09-30-background-start-prospective/evidence/manifest-opencamera.txt,False,False
fd-android,1e4a2e23a4bff8c8d96eae7ed809f1ebd05a4ab24650ab792c226749dd51d936,conditional-installer-wall,True,False,explicit-startup-target,"[""net/thunderbird/app/common/MainActivity""]",[],[],"[{""method"": ""com/fsck/k9/activity/MessageHomeActivity$$ExternalSyntheticLambda5.invoke()Ljava/lang/Object;"", ""dex"": ""classes.dex"", ""line"": 3012328, ""targets"": [], ""class_hints"": [""app/k9mail/feature/launcher/FeatureLauncherActivity"", ""com/fsck/k9/ui/managefolders/ManageFoldersActivity"", ""com/fsck/k9/ui/settings/SettingsActivity""], ""startup_reachable"": ""conditional-static"", ""strength"": ""callback-or-target-candidate"", ""finish_order"": ""not_in_method"", ""api"": ""android/content/Context.startActivity(Landroid/content/Intent;)V""}, {""method"": ""com/fsck/k9/activity/MessageHomeActivity$$ExternalSyntheticLambda5.invoke()Ljava/lang/Object;"", ""dex"": ""classes.dex"", ""line"": 3012334, ""targets"": [""com/fsck/k9/ui/settings/SettingsActivity""], ""class_hints"": [""app/k9mail/feature/launcher/FeatureLauncherActivity"", ""com/fsck/k9/ui/managefolders/ManageFoldersActivity"", ""com/fsck/k9/ui/settings/SettingsActivity""], ""startup_reachable"": ""conditional-static"", ""strength"": ""explicit-startup-target"", ""finish_order"": ""not_in_method"", ""api"": ""android/app/Activity.startActivity(Landroid/content/Intent;)V""}, {""method"": ""com/fsck/k9/activity/MessageHomeActivity$$ExternalSyntheticLambda5.invoke()Ljava/lang/Object;"", ""dex"": ""classes.dex"", ""line"": 3012348, ""targets"": [""com/fsck/k9/ui/managefolders/ManageFoldersActivity""], ""class_hints"": [""app/k9mail/feature/launcher/FeatureLauncherActivity"", ""com/fsck/k9/ui/managefolders/ManageFoldersActivity"", ""com/fsck/k9/ui/settings/SettingsActivity""], ""startup_reachable"": ""conditional-static"", ""strength"": ""explicit-startup-target"", ""finish_order"": ""not_in_method"", ""api"": ""android/app/Activity.startActivity(Landroid/content/Intent;)V""}, {""method"": ""com/fsck/k9/activity/MessageHomeActivity$Companion.launch(Landroid/content/Context;)V"", ""dex"": ""classes.dex"", ""line"": 3012751, ""targets"": [""com/fsck/k9/activity/MessageHomeActivity""], ""class_hints"": [""com/fsck/k9/activity/MessageHomeActivity""], ""startup_reachable"": ""conditional-static"", ""strength"": ""explicit-startup-target"", ""finish_order"": ""not_in_method"", ""api"": ""android/content/Context.startActivity(Landroid/content/Intent;)V""}, {""method"": ""net/thunderbird/app/common/MainActivity.onCreate(Landroid/os/Bundle;)V"", ""dex"": ""classes.dex"", ""line"": 4204793, ""targets"": [], ""class_hints"": [""app/k9mail/feature/launcher/FeatureLauncherActivity""], ""startup_reachable"": ""conditional-static"", ""strength"": ""callback-or-target-candidate"", ""finish_order"": ""after_start"", ""api"": ""android/content/Context.startActivity(Landroid/content/Intent;)V""}, {""method"": ""net/thunderbird/app/common/feature/MessageListLauncher.launch(Ljava/lang/String;)V"", ""dex"": ""classes.dex"", ""line"": 4214555, ""targets"": [""com/fsck/k9/activity/MessageHomeActivity""], ""class_hints"": [], ""startup_reachable"": ""unknown"", ""strength"": ""callback-or-target-candidate"", ""finish_order"": ""not_in_method"", ""api"": ""android/content/Context.startActivity(Landroid/content/Intent;)V""}, {""method"": ""net/thunderbird/app/common/startup/DefaultDatabaseUpgradeInterceptor.checkAndHandleUpgrade(Lcom/fsck/k9/ui/base/BaseActivity;Landroid/content/Intent;)Z"", ""dex"": ""classes.dex"", ""line"": 4216516, ""targets"": [""com/fsck/k9/activity/UpgradeDatabaseActivity""], ""class_hints"": [""com/fsck/k9/activity/UpgradeDatabaseActivity""], ""startup_reachable"": ""conditional-static"", ""strength"": ""explicit-startup-target"", ""finish_order"": ""not_in_method"", ""api"": ""android/content/Context.startActivity(Landroid/content/Intent;)V""}]",/Users/zhaoyue/orca/workspaces/westlake-harness-bms/benchmark/2026-09-30-background-start-prospective/evidence/manifest-fd-android.txt,False,True
fd-api,4497dbbf81906df52e59ed387a5223d225aa0de3aca817cc557a621e4dadda44,no-static-hit,False,False,no-static-hit,"[""com/termux/api/activities/TermuxAPIMainActivity""]","[{""tag"": ""activity-alias"", ""line"": 133, ""attrs"": {""name"": ""com.termux.api.activities.TermuxAPILauncherActivity"", ""exported"": ""true"", ""targetActivity"": ""com.termux.api.activities.TermuxAPIMainActivity""}, ""class"": ""com/termux/api/activities/TermuxAPILauncherActivity"", ""target"": ""com/termux/api/activities/TermuxAPIMainActivity""}]",[],[],/Users/zhaoyue/orca/workspaces/westlake-harness-bms/benchmark/2026-09-30-background-start-prospective/evidence/manifest-fd-api.txt,False,False
fd-app,0eb71e65786a7879eae99bab48bbc30a6fa76bd2771d562a807fb7e93fb04add,no-static-hit,False,False,no-static-hit,"[""com/unciv/app/AndroidLauncher""]",[],[],[],/Users/zhaoyue/orca/workspaces/westlake-harness-bms/benchmark/2026-09-30-background-start-prospective/evidence/manifest-fd-app.txt,False,False
fd-breezyweather,1369d817d426498715f8ccb6750baff19dadd78e85f707088e9bca43977570c0,conditional-installer-wall,True,False,explicit-startup-target,"[""org/breezyweather/ui/main/MainActivity""]",[],[],"[{""method"": ""org/breezyweather/ui/main/MainActivity.y(Landroid/content/Intent;)V"", ""dex"": ""classes.dex"", ""line"": 2919852, ""targets"": [""org/breezyweather/ui/details/DetailsActivity""], ""class_hints"": [""org/breezyweather/ui/alert/AlertActivity"", ""org/breezyweather/ui/details/DetailsActivity""], ""startup_reachable"": ""conditional-static"", ""strength"": ""explicit-startup-target"", ""finish_order"": ""not_in_method"", ""api"": ""android/app/Activity.startActivity(Landroid/content/Intent;)V""}, {""method"": ""org/breezyweather/ui/main/MainActivity.y(Landroid/content/Intent;)V"", ""dex"": ""classes.dex"", ""line"": 2919881, ""targets"": [], ""class_hints"": [""org/breezyweather/ui/alert/AlertActivity"", ""org/breezyweather/ui/details/DetailsActivity""], ""startup_reachable"": ""conditional-static"", ""strength"": ""callback-or-target-candidate"", ""finish_order"": ""not_in_method"", ""api"": ""android/app/Activity.startActivity(Landroid/content/Intent;)V""}, {""method"": ""org/breezyweather/ui/main/MainActivity.y(Landroid/content/Intent;)V"", ""dex"": ""classes.dex"", ""line"": 2919886, ""targets"": [], ""class_hints"": [""org/breezyweather/ui/alert/AlertActivity"", ""org/breezyweather/ui/details/DetailsActivity""], ""startup_reachable"": ""conditional-static"", ""strength"": ""callback-or-target-candidate"", ""finish_order"": ""not_in_method"", ""api"": ""android/app/Activity.startActivity(Landroid/content/Intent;)V""}]",/Users/zhaoyue/orca/workspaces/westlake-harness-bms/benchmark/2026-09-30-background-start-prospective/evidence/manifest-fd-breezyweather.txt,False,True
fd-calendar,2acbd47fa2abc6dd4846e406ed2fd60c5c01b8613158d10e012135923ee24894,conditional-installer-wall,True,True,explicit-startup-target,"[""org/fossify/calendar/activities/SplashActivity""]","[{""tag"": ""activity-alias"", ""line"": 206, ""attrs"": {""icon"": ""@0x7f0f0000"", ""name"": ""org.fossify.calendar.activities.SplashActivity.Green"", ""enabled"": ""true"", ""exported"": ""true"", ""targetActivity"": ""org.fossify.calendar.activities.SplashActivity"", ""roundIcon"": ""@0x7f0f0000""}, ""class"": ""org/fossify/calendar/activities/SplashActivity/Green"", ""target"": ""org/fossify/calendar/activities/SplashActivity""}]","[{""kind"": ""splash-to-main-candidate"", ""entry"": ""org/fossify/calendar/activities/SplashActivity"", ""possible_targets"": [""org/fossify/calendar/activities/CalendarPickerActivity"", ""org/fossify/calendar/activities/EventActivity"", ""org/fossify/calendar/activities/MainActivity"", ""org/fossify/calendar/activities/ManageCalendarsActivity"", ""org/fossify/calendar/activities/SelectTimeZoneActivity"", ""org/fossify/calendar/activities/SettingsActivity"", ""org/fossify/calendar/activities/SnoozeReminderActivity"", ""org/fossify/calendar/activities/TaskActivity"", ""org/fossify/calendar/activities/WidgetDateConfigureActivity"", ""org/fossify/calendar/activities/WidgetListConfigureActivity"", ""org/fossify/calendar/activities/WidgetMonthlyConfigureActivity"", ""org/fossify/commons/activities/AboutActivity"", ""org/fossify/commons/activities/AppLockActivity"", ""org/fossify/commons/activities/ContributorsActivity"", ""org/fossify/commons/activities/CustomizationActivity"", ""org/fossify/commons/activities/DonationActivity"", ""org/fossify/commons/activities/FAQActivity"", ""org/fossify/commons/activities/LicenseActivity"", ""org/fossify/commons/activities/ManageBlockedNumbersActivity""], ""manifest_lines"": [206, 346, 384, 392, 400, 408, 414, 420, 445, 452, 463, 474, 480, 486, 577, 583, 589, 595, 601, 605]}]","[{""method"": ""a3/e.a()Ljava/lang/Object;"", ""dex"": ""classes.dex"", ""line"": 33885, ""targets"": [], ""class_hints"": [""org/fossify/calendar/activities/EventActivity"", ""org/fossify/calendar/activities/MainActivity"", ""org/fossify/calendar/activities/TaskActivity""], ""startup_reachable"": ""conditional-static"", ""strength"": ""callback-or-target-candidate"", ""finish_order"": ""after_start"", ""api"": ""android/content/Context.startActivity(Landroid/content/Intent;)V""}, {""method"": ""a3/e.a()Ljava/lang/Object;"", ""dex"": ""classes.dex"", ""line"": 33915, ""targets"": [], ""class_hints"": [""org/fossify/calendar/activities/EventActivity"", ""org/fossify/calendar/activities/MainActivity"", ""org/fossify/calendar/activities/TaskActivity""], ""startup_reachable"": ""conditional-static"", ""strength"": ""callback-or-target-candidate"", ""finish_order"": ""after_start"", ""api"": ""android/content/Context.startActivity(Landroid/content/Intent;)V""}, {""method"": ""a3/e.a()Ljava/lang/Object;"", ""dex"": ""classes.dex"", ""line"": 33937, ""targets"": [""org/fossify/calendar/activities/EventActivity""], ""class_hints"": [""org/fossify/calendar/activities/EventActivity"", ""org/fossify/calendar/activities/MainActivity"", ""org/fossify/calendar/activities/TaskActivity""], ""startup_reachable"": ""conditional-static"", ""strength"": ""explicit-startup-target"", ""finish_order"": ""after_start"", ""api"": ""android/content/Context.startActivity(Landroid/content/Intent;)V""}, {""method"": ""a3/e.a()Ljava/lang/Object;"", ""dex"": ""classes.dex"", ""line"": 33959, ""targets"": [""org/fossify/calendar/activities/TaskActivity""], ""class_hints"": [""org/fossify/calendar/activities/EventActivity"", ""org/fossify/calendar/activities/MainActivity"", ""org/fossify/calendar/activities/TaskActivity""], ""startup_reachable"": ""conditional-static"", ""strength"": ""explicit-startup-target"", ""finish_order"": ""after_start"", ""api"": ""android/content/Context.startActivity(Landroid/content/Intent;)V""}, {""method"": ""a3/e.a()Ljava/lang/Object;"", ""dex"": ""classes.dex"", ""line"": 33963, ""targets"": [], ""class_hints"": [""org/fossify/calendar/activities/EventActivity"", ""org/fossify/calendar/activities/MainActivity"", ""org/fossify/calendar/activities/TaskActivity""], ""startup_reachable"": ""conditional-static"", ""strength"": ""callback-or-target-candidate"", ""finish_order"": ""after_start"", ""api"": ""android/content/Context.startActivity(Landroid/content/Intent;)V""}, {""method"": ""org/fossify/commons/activities/AboutActivity.s()V"", ""dex"": ""classes.dex"", ""line"": 1638759, ""targets"": [], ""class_hints"": [""org/fossify/commons/activities/FAQActivity""], ""startup_reachable"": ""conditional-static"", ""strength"": ""callback-or-target-candidate"", ""finish_order"": ""not_in_method"", ""api"": ""android/content/Context.startActivity(Landroid/content/Intent;)V""}, {""method"": ""tb/c.B(Landroid/content/Context;Ljava/lang/String;Z)V"", ""dex"": ""classes.dex"", ""line"": 2276831, ""targets"": [""org/fossify/calendar/activities/TaskActivity""], ""class_hints"": [""org/fossify/calendar/activities/TaskActivity""], ""startup_reachable"": ""conditional-static"", ""strength"": ""explicit-startup-target"", ""finish_order"": ""not_in_method"", ""api"": ""android/content/Context.startActivity(Landroid/content/Intent;)V""}, {""method"": ""tb/c.y(Landroid/content/Context;Ljava/lang/String;Z)V"", ""dex"": ""classes.dex"", ""line"": 2283266, ""targets"": [""org/fossify/calendar/activities/EventActivity""], ""class_hints"": [""org/fossify/calendar/activities/EventActivity""], ""startup_reachable"": ""conditional-static"", ""strength"": ""explicit-startup-target"", ""finish_order"": ""not_in_method"", ""api"": ""android/content/Context.startActivity(Landroid/content/Intent;)V""}]",/Users/zhaoyue/orca/workspaces/westlake-harness-bms/benchmark/2026-09-30-background-start-prospective/evidence/manifest-fd-calendar.txt,False,True
fd-catima,4f01f40d06d82fc5b8cfbbc5eccd083151a86564fbd4fa420eb54aaebf668b71,conditional-installer-wall,True,False,candidate,"[""protect/card_locker/MainActivity""]",[],[],"[{""method"": ""androidx/core/splashscreen/SplashScreen$Impl.onActionItemClicked(Landroidx/appcompat/view/ActionMode;Landroid/view/MenuItem;)Z"", ""dex"": ""classes.dex"", ""line"": 994337, ""targets"": [], ""class_hints"": [""protect/card_locker/LoyaltyCardEditActivity""], ""startup_reachable"": ""unknown"", ""strength"": ""callback-or-target-candidate"", ""finish_order"": ""after_start"", ""api"": ""android/content/Context.startActivity(Landroid/content/Intent;)V""}, {""method"": ""androidx/core/splashscreen/SplashScreen$Impl.onActionItemClicked(Landroidx/appcompat/view/ActionMode;Landroid/view/MenuItem;)Z"", ""dex"": ""classes.dex"", ""line"": 994373, ""targets"": [], ""class_hints"": [""protect/card_locker/LoyaltyCardEditActivity""], ""startup_reachable"": ""unknown"", ""strength"": ""callback-or-target-candidate"", ""finish_order"": ""after_start"", ""api"": ""android/content/Context.startActivity(Landroid/content/Intent;)V""}, {""method"": ""androidx/core/splashscreen/SplashScreen$Impl.onUserChoseParseResult(Lprotect/card_locker/ParseResult;)V"", ""dex"": ""classes.dex"", ""line"": 995387, ""targets"": [""protect/card_locker/LoyaltyCardEditActivity""], ""class_hints"": [""protect/card_locker/LoyaltyCardEditActivity""], ""startup_reachable"": ""unknown"", ""strength"": ""callback-or-target-candidate"", ""finish_order"": ""not_in_method"", ""api"": ""android/content/Context.startActivity(Landroid/content/Intent;)V""}]",/Users/zhaoyue/orca/workspaces/westlake-harness-bms/benchmark/2026-09-30-background-start-prospective/evidence/manifest-fd-catima.txt,False,True
fd-etar,dae01d93c8920aa63845868db2190bcc4aa6ff8410b1289de1ce27b1bb89c599,conditional-installer-wall,True,False,explicit-startup-target,"[""com/android/calendar/AllInOneActivity""]",[],[],"[{""method"": ""com/android/calendar/CalendarController.launchCreateEvent(JJZLjava/lang/String;J)V"", ""dex"": ""classes.dex"", ""line"": 1416544, ""targets"": [""com/android/calendar/event/EditEventActivity""], ""class_hints"": [], ""startup_reachable"": ""conditional-static"", ""strength"": ""explicit-startup-target"", ""finish_order"": ""not_in_method"", ""api"": ""android/content/Context.startActivity(Landroid/content/Intent;)V""}, {""method"": ""com/android/calendar/CalendarController.launchEditEvent(JJJZ)V"", ""dex"": ""classes.dex"", ""line"": 1416651, ""targets"": [""com/android/calendar/event/EditEventActivity""], ""class_hints"": [""com/android/calendar/event/EditEventActivity""], ""startup_reachable"": ""conditional-static"", ""strength"": ""explicit-startup-target"", ""finish_order"": ""not_in_method"", ""api"": ""android/content/Context.startActivity(Landroid/content/Intent;)V""}, {""method"": ""com/android/calendar/CalendarController.launchSettings()V"", ""dex"": ""classes.dex"", ""line"": 1416735, ""targets"": [""com/android/calendar/settings/SettingsActivity""], ""class_hints"": [""com/android/calendar/settings/SettingsActivity""], ""startup_reachable"": ""conditional-static"", ""strength"": ""explicit-startup-target"", ""finish_order"": ""not_in_method"", ""api"": ""android/content/Context.startActivity(Landroid/content/Intent;)V""}]",/Users/zhaoyue/orca/workspaces/westlake-harness-bms/benchmark/2026-09-30-background-start-prospective/evidence/manifest-fd-etar.txt,False,True
fd-feeder,0aa5eb094f94ca29ab7956d75b9e5d7c19785ebdac74b9ae512930084338bf3c,no-static-hit,False,False,no-static-hit,"[""com/nononsenseapps/feeder/ui/MainActivity""]",[],[],[],/Users/zhaoyue/orca/workspaces/westlake-harness-bms/benchmark/2026-09-30-background-start-prospective/evidence/manifest-fd-feeder.txt,False,False
fd-fennec_fdroid,27f2951376ca1085e0933066c902fdfe4d260916d381e233475c5fd6964f5745,no-static-hit,False,False,no-static-hit,"[""org/mozilla/fenix/HomeActivity""]","[{""tag"": ""activity-alias"", ""line"": 576, ""attrs"": {""name"": ""org.mozilla.fennec_fdroid.App"", ""exported"": ""true"", ""targetActivity"": ""org.mozilla.fenix.HomeActivity""}, ""class"": ""org/mozilla/fennec_fdroid/App"", ""target"": ""org/mozilla/fenix/HomeActivity""}]",[],[],/Users/zhaoyue/orca/workspaces/westlake-harness-bms/benchmark/2026-09-30-background-start-prospective/evidence/manifest-fd-fennec_fdroid.txt,False,False
fd-filemanager,9e97d2faf55fb2702386c3dc51e38a6b073781016b125701d3ab668419a70008,conditional-installer-wall,True,True,candidate,"[""org/fossify/filemanager/activities/SplashActivity""]","[{""tag"": ""activity-alias"", ""line"": 169, ""attrs"": {""icon"": ""@0x7f0f0000"", ""name"": ""org.fossify.filemanager.activities.SplashActivity.Green"", ""enabled"": ""true"", ""exported"": ""true"", ""targetActivity"": ""org.fossify.filemanager.activities.SplashActivity"", ""roundIcon"": ""@0x7f0f0000""}, ""class"": ""org/fossify/filemanager/activities/SplashActivity/Green"", ""target"": ""org/fossify/filemanager/activities/SplashActivity""}]","[{""kind"": ""splash-to-main-candidate"", ""entry"": ""org/fossify/filemanager/activities/SplashActivity"", ""possible_targets"": [""org/fossify/commons/activities/AboutActivity"", ""org/fossify/commons/activities/AppLockActivity"", ""org/fossify/commons/activities/ContributorsActivity"", ""org/fossify/commons/activities/CustomizationActivity"", ""org/fossify/commons/activities/DonationActivity"", ""org/fossify/commons/activities/FAQActivity"", ""org/fossify/commons/activities/LicenseActivity"", ""org/fossify/commons/activities/ManageBlockedNumbersActivity"", ""org/fossify/filemanager/activities/DecompressActivity"", ""org/fossify/filemanager/activities/FavoritesActivity"", ""org/fossify/filemanager/activities/MainActivity"", ""org/fossify/filemanager/activities/MimeTypesActivity"", ""org/fossify/filemanager/activities/ReadTextActivity"", ""org/fossify/filemanager/activities/SaveAsActivity"", ""org/fossify/filemanager/activities/SettingsActivity""], ""manifest_lines"": [169, 289, 332, 337, 357, 369, 381, 392, 398, 404, 418, 424, 430, 436, 442, 446]}]","[{""method"": ""org/fossify/filemanager/activities/SplashActivity.initActivity()V"", ""dex"": ""classes.dex"", ""line"": 2149616, ""targets"": [], ""class_hints"": [""org/fossify/filemanager/activities/MainActivity""], ""startup_reachable"": ""unknown"", ""strength"": ""callback-or-target-candidate"", ""finish_order"": ""after_start"", ""api"": ""android/content/Context.startActivity(Landroid/content/Intent;)V""}, {""method"": ""org/fossify/filemanager/activities/SplashActivity.initActivity()V"", ""dex"": ""classes.dex"", ""line"": 2149620, ""targets"": [], ""class_hints"": [""org/fossify/filemanager/activities/MainActivity""], ""startup_reachable"": ""unknown"", ""strength"": ""callback-or-target-candidate"", ""finish_order"": ""after_start"", ""api"": ""android/content/Context.startActivity(Landroid/content/Intent;)V""}]",/Users/zhaoyue/orca/workspaces/westlake-harness-bms/benchmark/2026-09-30-background-start-prospective/evidence/manifest-fd-filemanager.txt,False,True
fd-fluffychat,edcdf6171c09ab39ed76447c1ee11c66503d922dfe4f36f2dd429f2f9c652481,no-static-hit,False,False,no-static-hit,"[""chat/fluffy/fluffychat/MainActivity""]",[],[],[],/Users/zhaoyue/orca/workspaces/westlake-harness-bms/benchmark/2026-09-30-background-start-prospective/evidence/manifest-fd-fluffychat.txt,False,False
fd-gallery,ae7e699599e81f70e2b82626bb1dfa883fe096cd938387133e123c116e5641d9,conditional-installer-wall,True,True,candidate,"[""org/fossify/gallery/activities/SplashActivity""]","[{""tag"": ""activity-alias"", ""line"": 194, ""attrs"": {""icon"": ""@0x7f0f0000"", ""name"": ""org.fossify.gallery.activities.SplashActivity.Green"", ""enabled"": ""true"", ""exported"": ""true"", ""targetActivity"": ""org.fossify.gallery.activities.SplashActivity"", ""roundIcon"": ""@0x7f0f0000""}, ""class"": ""org/fossify/gallery/activities/SplashActivity/Green"", ""target"": ""org/fossify/gallery/activities/SplashActivity""}]","[{""kind"": ""splash-to-main-candidate"", ""entry"": ""org/fossify/gallery/activities/SplashActivity"", ""possible_targets"": [""com/canhub/cropper/CropImageActivity"", ""org/fossify/commons/activities/AboutActivity"", ""org/fossify/commons/activities/AppLockActivity"", ""org/fossify/commons/activities/ContributorsActivity"", ""org/fossify/commons/activities/CustomizationActivity"", ""org/fossify/commons/activities/DonationActivity"", ""org/fossify/commons/activities/FAQActivity"", ""org/fossify/commons/activities/LicenseActivity"", ""org/fossify/commons/activities/ManageBlockedNumbersActivity"", ""org/fossify/gallery/activities/EditActivity"", ""org/fossify/gallery/activities/ExcludedFoldersActivity"", ""org/fossify/gallery/activities/HiddenFoldersActivity"", ""org/fossify/gallery/activities/IncludedFoldersActivity"", ""org/fossify/gallery/activities/MainActivity"", ""org/fossify/gallery/activities/MediaActivity"", ""org/fossify/gallery/activities/PhotoActivity"", ""org/fossify/gallery/activities/PhotoVideoActivity"", ""org/fossify/gallery/activities/SearchActivity"", ""org/fossify/gallery/activities/SetWallpaperActivity"", ""org/fossify/gallery/activities/SettingsActivity"", ""org/fossify/gallery/activities/VideoActivity"", ""org/fossify/gallery/activities/VideoPlayerActivity"", ""org/fossify/gallery/activities/ViewPagerActivity"", ""org/fossify/gallery/activities/WidgetConfigureActivity""], ""manifest_lines"": [194, 314, 347, 352, 359, 387, 393, 399, 410, 415, 421, 427, 433, 439, 467, 480, 508, 525, 571, 577, 583, 589, 595, 599, 616]}]","[{""method"": ""org/fossify/gallery/activities/SplashActivity.launchActivity()V"", ""dex"": ""classes.dex"", ""line"": 2589187, ""targets"": [""org/fossify/gallery/activities/MainActivity""], ""class_hints"": [""org/fossify/gallery/activities/MainActivity""], ""startup_reachable"": ""unknown"", ""strength"": ""callback-or-target-candidate"", ""finish_order"": ""after_start"", ""api"": ""android/content/Context.startActivity(Landroid/content/Intent;)V""}]",/Users/zhaoyue/orca/workspaces/westlake-harness-bms/benchmark/2026-09-30-background-start-prospective/evidence/manifest-fd-gallery.txt,False,True
fd-im-vector-app,ff73751599211c709c1e691d1a2b7412df0bab979ffbe8ff0d4b7f31c6a444c9,no-static-hit,False,False,no-static-hit,"[""im/vector/app/features/MainActivity""]","[{""tag"": ""activity-alias"", ""line"": 181, ""attrs"": {""name"": ""im.vector.application.features.Alias"", ""exported"": ""true"", ""targetActivity"": ""im.vector.app.features.MainActivity""}, ""class"": ""im/vector/application/features/Alias"", ""target"": ""im/vector/app/features/MainActivity""}]",[],[],/Users/zhaoyue/orca/workspaces/westlake-harness-bms/benchmark/2026-09-30-background-start-prospective/evidence/manifest-fd-im-vector-app.txt,False,False
fd-immich,36b0d1368881ad6388b011d9a5bb91f7bd6133371d1eb585390c80232b9f22ea,no-static-hit,False,False,no-static-hit,"[""app/alextran/immich/MainActivity""]",[],[],[],/Users/zhaoyue/orca/workspaces/westlake-harness-bms/benchmark/2026-09-30-background-start-prospective/evidence/manifest-fd-immich.txt,False,False
fd-k9,92cd3a81c7a8d066e517a50932fe85424de7752cb72e76032174d53ec36a2741,conditional-installer-wall,True,False,explicit-startup-target,"[""net/thunderbird/app/common/MainActivity""]",[],[],"[{""method"": ""com/fsck/k9/activity/MessageHomeActivity$$ExternalSyntheticLambda5.invoke()Ljava/lang/Object;"", ""dex"": ""classes.dex"", ""line"": 3016172, ""targets"": [], ""class_hints"": [""app/k9mail/feature/launcher/FeatureLauncherActivity"", ""com/fsck/k9/ui/managefolders/ManageFoldersActivity"", ""com/fsck/k9/ui/settings/SettingsActivity""], ""startup_reachable"": ""conditional-static"", ""strength"": ""callback-or-target-candidate"", ""finish_order"": ""not_in_method"", ""api"": ""android/content/Context.startActivity(Landroid/content/Intent;)V""}, {""method"": ""com/fsck/k9/activity/MessageHomeActivity$$ExternalSyntheticLambda5.invoke()Ljava/lang/Object;"", ""dex"": ""classes.dex"", ""line"": 3016178, ""targets"": [""com/fsck/k9/ui/settings/SettingsActivity""], ""class_hints"": [""app/k9mail/feature/launcher/FeatureLauncherActivity"", ""com/fsck/k9/ui/managefolders/ManageFoldersActivity"", ""com/fsck/k9/ui/settings/SettingsActivity""], ""startup_reachable"": ""conditional-static"", ""strength"": ""explicit-startup-target"", ""finish_order"": ""not_in_method"", ""api"": ""android/app/Activity.startActivity(Landroid/content/Intent;)V""}, {""method"": ""com/fsck/k9/activity/MessageHomeActivity$$ExternalSyntheticLambda5.invoke()Ljava/lang/Object;"", ""dex"": ""classes.dex"", ""line"": 3016192, ""targets"": [""com/fsck/k9/ui/managefolders/ManageFoldersActivity""], ""class_hints"": [""app/k9mail/feature/launcher/FeatureLauncherActivity"", ""com/fsck/k9/ui/managefolders/ManageFoldersActivity"", ""com/fsck/k9/ui/settings/SettingsActivity""], ""startup_reachable"": ""conditional-static"", ""strength"": ""explicit-startup-target"", ""finish_order"": ""not_in_method"", ""api"": ""android/app/Activity.startActivity(Landroid/content/Intent;)V""}, {""method"": ""com/fsck/k9/activity/MessageHomeActivity$Companion.launch(Landroid/content/Context;)V"", ""dex"": ""classes.dex"", ""line"": 3016595, ""targets"": [""com/fsck/k9/activity/MessageHomeActivity""], ""class_hints"": [""com/fsck/k9/activity/MessageHomeActivity""], ""startup_reachable"": ""conditional-static"", ""strength"": ""explicit-startup-target"", ""finish_order"": ""not_in_method"", ""api"": ""android/content/Context.startActivity(Landroid/content/Intent;)V""}, {""method"": ""net/thunderbird/app/common/MainActivity.onCreate(Landroid/os/Bundle;)V"", ""dex"": ""classes.dex"", ""line"": 4195100, ""targets"": [], ""class_hints"": [""app/k9mail/feature/launcher/FeatureLauncherActivity""], ""startup_reachable"": ""conditional-static"", ""strength"": ""callback-or-target-candidate"", ""finish_order"": ""after_start"", ""api"": ""android/content/Context.startActivity(Landroid/content/Intent;)V""}, {""method"": ""net/thunderbird/app/common/feature/MessageListLauncher.launch(Ljava/lang/String;)V"", ""dex"": ""classes.dex"", ""line"": 4204861, ""targets"": [""com/fsck/k9/activity/MessageHomeActivity""], ""class_hints"": [], ""startup_reachable"": ""unknown"", ""strength"": ""callback-or-target-candidate"", ""finish_order"": ""not_in_method"", ""api"": ""android/content/Context.startActivity(Landroid/content/Intent;)V""}, {""method"": ""net/thunderbird/app/common/startup/DefaultDatabaseUpgradeInterceptor.checkAndHandleUpgrade(Lcom/fsck/k9/ui/base/BaseActivity;Landroid/content/Intent;)Z"", ""dex"": ""classes.dex"", ""line"": 4206822, ""targets"": [""com/fsck/k9/activity/UpgradeDatabaseActivity""], ""class_hints"": [""com/fsck/k9/activity/UpgradeDatabaseActivity""], ""startup_reachable"": ""conditional-static"", ""strength"": ""explicit-startup-target"", ""finish_order"": ""not_in_method"", ""api"": ""android/content/Context.startActivity(Landroid/content/Intent;)V""}]",/Users/zhaoyue/orca/workspaces/westlake-harness-bms/benchmark/2026-09-30-background-start-prospective/evidence/manifest-fd-k9.txt,False,True
fd-kitchenowl,c7fbb7a62636fc74f33ce443e4a844979782fd5ff3616d4c9cf80e0cf93645e1,no-static-hit,False,False,no-static-hit,"[""com/tombursch/kitchenowl/MainActivity""]",[],[],[],/Users/zhaoyue/orca/workspaces/westlake-harness-bms/benchmark/2026-09-30-background-start-prospective/evidence/manifest-fd-kitchenowl.txt,False,False
fd-libre,25f986a8cae2c2086c939b0ca17f10d1cafdf82e7db20679810cb93018e6a39a,no-static-hit,False,False,no-static-hit,"[""deckers/thibault/aves/MainActivity""]",[],[],[],/Users/zhaoyue/orca/workspaces/westlake-harness-bms/benchmark/2026-09-30-background-start-prospective/evidence/manifest-fd-libre.txt,False,False
fd-libretube,792b1e37e7bd6a26d8da1c826a68677465c333633cb2198224cc96c84257d615,conditional-installer-wall,True,False,explicit-startup-target,"[""com/github/libretube/ui/activities/MainActivity""]","[{""tag"": ""activity-alias"", ""line"": 287, ""attrs"": {""theme"": ""@0x7f140256"", ""icon"": ""@0x7f10000c"", ""name"": ""com.github.libretube.Default"", ""enabled"": ""true"", ""exported"": ""true"", ""configChanges"": ""0x00000fb0"", ""targetActivity"": ""com.github.libretube.ui.activities.MainActivity"", ""windowSoftInputMode"": ""0x00000020"", ""supportsPictureInPicture"": ""true"", ""roundIcon"": ""@0x7f100010""}, ""class"": ""com/github/libretube/Default"", ""target"": ""com/github/libretube/ui/activities/MainActivity""}]",[],"[{""method"": ""com/github/libretube/ui/activities/MainActivity.onCreate(Landroid/os/Bundle;)V"", ""dex"": ""classes.dex"", ""line"": 563350, ""targets"": [""com/github/libretube/ui/activities/NoInternetActivity""], ""class_hints"": [""com/github/libretube/ui/activities/NoInternetActivity""], ""startup_reachable"": ""conditional-static"", ""strength"": ""explicit-startup-target"", ""finish_order"": ""after_start"", ""api"": ""android/content/Context.startActivity(Landroid/content/Intent;)V""}]",/Users/zhaoyue/orca/workspaces/westlake-harness-bms/benchmark/2026-09-30-background-start-prospective/evidence/manifest-fd-libretube.txt,False,True
fd-meet,72a89e53ca532b3ab44e9204644edeef282d7d66a366939ea55f062057c47df4,no-static-hit,False,False,no-static-hit,"[""org/jitsi/meet/MainActivity""]",[],[],[],/Users/zhaoyue/orca/workspaces/westlake-harness-bms/benchmark/2026-09-30-background-start-prospective/evidence/manifest-fd-meet.txt,False,False
fd-minetest,87a136d408ed560d3d56e55ca2ac780deb7a8941635b16960c88831fb33f9233,conditional-installer-wall,True,False,explicit-startup-target,"[""net/minetest/minetest/MainActivity""]",[],[],"[{""method"": ""net/minetest/minetest/MainActivity.startNative()V"", ""dex"": ""classes.dex"", ""line"": 1011724, ""targets"": [""net/minetest/minetest/GameActivity""], ""class_hints"": [""net/minetest/minetest/GameActivity""], ""startup_reachable"": ""conditional-static"", ""strength"": ""explicit-startup-target"", ""finish_order"": ""not_in_method"", ""api"": ""net/minetest/minetest/MainActivity.startActivity(Landroid/content/Intent;)V""}]",/Users/zhaoyue/orca/workspaces/westlake-harness-bms/benchmark/2026-09-30-background-start-prospective/evidence/manifest-fd-minetest.txt,False,True
fd-mpv,5cba2237b20ba34b79eaccfbd39bdb5b09d2a9a774bdccee09ca450eac4edd34,no-static-hit,False,False,no-static-hit,"[""is/xyz/mpv/MainActivity""]",[],[],[],/Users/zhaoyue/orca/workspaces/westlake-harness-bms/benchmark/2026-09-30-background-start-prospective/evidence/manifest-fd-mpv.txt,False,False
fd-musicplayer,b5d0ce367544df1ac162adf71d642878c5b963a304ca0ddf8f8556f07bbba79b,conditional-installer-wall,True,True,explicit-startup-target,"[""org/fossify/musicplayer/activities/SplashActivity""]","[{""tag"": ""activity-alias"", ""line"": 171, ""attrs"": {""icon"": ""@0x7f0f0000"", ""name"": ""org.fossify.musicplayer.activities.SplashActivity.Green"", ""enabled"": ""true"", ""exported"": ""true"", ""targetActivity"": ""org.fossify.musicplayer.activities.SplashActivity"", ""roundIcon"": ""@0x7f0f0000""}, ""class"": ""org/fossify/musicplayer/activities/SplashActivity/Green"", ""target"": ""org/fossify/musicplayer/activities/SplashActivity""}]","[{""kind"": ""splash-to-main-candidate"", ""entry"": ""org/fossify/musicplayer/activities/SplashActivity"", ""possible_targets"": [""org/fossify/commons/activities/AboutActivity"", ""org/fossify/commons/activities/AppLockActivity"", ""org/fossify/commons/activities/ContributorsActivity"", ""org/fossify/commons/activities/CustomizationActivity"", ""org/fossify/commons/activities/DonationActivity"", ""org/fossify/commons/activities/FAQActivity"", ""org/fossify/commons/activities/LicenseActivity"", ""org/fossify/commons/activities/ManageBlockedNumbersActivity"", ""org/fossify/musicplayer/activities/AlbumsActivity"", ""org/fossify/musicplayer/activities/EqualizerActivity"", ""org/fossify/musicplayer/activities/ExcludedFoldersActivity"", ""org/fossify/musicplayer/activities/MainActivity"", ""org/fossify/musicplayer/activities/QueueActivity"", ""org/fossify/musicplayer/activities/SettingsActivity"", ""org/fossify/musicplayer/activities/TrackActivity"", ""org/fossify/musicplayer/activities/TracksActivity"", ""org/fossify/musicplayer/activities/WidgetConfigureActivity""], ""manifest_lines"": [171, 291, 296, 304, 310, 316, 327, 333, 339, 345, 351, 387, 426, 432, 438, 444, 450, 454]}]","[{""method"": ""cf/c.b(Ljava/lang/Object;)Ljava/lang/Object;"", ""dex"": ""classes.dex"", ""line"": 494777, ""targets"": [""org/fossify/musicplayer/activities/TracksActivity""], ""class_hints"": [""org/fossify/musicplayer/activities/TracksActivity""], ""startup_reachable"": ""conditional-static"", ""strength"": ""explicit-startup-target"", ""finish_order"": ""not_in_method"", ""api"": ""android/content/Context.startActivity(Landroid/content/Intent;)V""}, {""method"": ""ge/k.a()Ljava/lang/Object;"", ""dex"": ""classes.dex"", ""line"": 1150196, ""targets"": [""org/fossify/musicplayer/activities/MainActivity""], ""class_hints"": [""org/fossify/musicplayer/activities/MainActivity""], ""startup_reachable"": ""conditional-static"", ""strength"": ""explicit-startup-target"", ""finish_order"": ""after_start"", ""api"": ""android/content/Context.startActivity(Landroid/content/Intent;)V""}, {""method"": ""org/fossify/commons/activities/AboutActivity.Z()V"", ""dex"": ""classes.dex"", ""line"": 2066374, ""targets"": [], ""class_hints"": [""org/fossify/commons/activities/FAQActivity""], ""startup_reachable"": ""conditional-static"", ""strength"": ""callback-or-target-candidate"", ""finish_order"": ""not_in_method"", ""api"": ""android/content/Context.startActivity(Landroid/content/Intent;)V""}]",/Users/zhaoyue/orca/workspaces/westlake-harness-bms/benchmark/2026-09-30-background-start-prospective/evidence/manifest-fd-musicplayer.txt,False,True
fd-notes,5a56e0e39cc488e1f3b947d3801006d3b7450ec73c67f03195c64c5fd3b6bced,conditional-installer-wall,True,True,candidate,"[""org/fossify/notes/activities/SplashActivity""]","[{""tag"": ""activity-alias"", ""line"": 170, ""attrs"": {""icon"": ""@0x7f0f0000"", ""name"": ""org.fossify.notes.activities.SplashActivity.Green"", ""enabled"": ""true"", ""exported"": ""true"", ""targetActivity"": ""org.fossify.notes.activities.SplashActivity"", ""roundIcon"": ""@0x7f0f0000""}, ""class"": ""org/fossify/notes/activities/SplashActivity/Green"", ""target"": ""org/fossify/notes/activities/SplashActivity""}]","[{""kind"": ""splash-to-main-candidate"", ""entry"": ""org/fossify/notes/activities/SplashActivity"", ""possible_targets"": [""org/fossify/commons/activities/AboutActivity"", ""org/fossify/commons/activities/AppLockActivity"", ""org/fossify/commons/activities/ContributorsActivity"", ""org/fossify/commons/activities/CustomizationActivity"", ""org/fossify/commons/activities/DonationActivity"", ""org/fossify/commons/activities/FAQActivity"", ""org/fossify/commons/activities/LicenseActivity"", ""org/fossify/commons/activities/ManageBlockedNumbersActivity"", ""org/fossify/notes/activities/MainActivity"", ""org/fossify/notes/activities/SettingsActivity"", ""org/fossify/notes/activities/WidgetConfigureActivity""], ""manifest_lines"": [170, 290, 309, 317, 323, 329, 369, 375, 381, 387, 393, 397]}]","[{""method"": ""Z4/i.a()Ljava/lang/Object;"", ""dex"": ""classes.dex"", ""line"": 591234, ""targets"": [], ""class_hints"": [""org/fossify/notes/activities/MainActivity""], ""startup_reachable"": ""conditional-static"", ""strength"": ""callback-or-target-candidate"", ""finish_order"": ""after_start"", ""api"": ""android/content/Context.startActivity(Landroid/content/Intent;)V""}, {""method"": ""Z4/i.a()Ljava/lang/Object;"", ""dex"": ""classes.dex"", ""line"": 591238, ""targets"": [], ""class_hints"": [""org/fossify/notes/activities/MainActivity""], ""startup_reachable"": ""conditional-static"", ""strength"": ""callback-or-target-candidate"", ""finish_order"": ""after_start"", ""api"": ""android/content/Context.startActivity(Landroid/content/Intent;)V""}, {""method"": ""org/fossify/commons/activities/AboutActivity.r()V"", ""dex"": ""classes.dex"", ""line"": 927908, ""targets"": [], ""class_hints"": [""org/fossify/commons/activities/FAQActivity""], ""startup_reachable"": ""conditional-static"", ""strength"": ""callback-or-target-candidate"", ""finish_order"": ""not_in_method"", ""api"": ""android/content/Context.startActivity(Landroid/content/Intent;)V""}]",/Users/zhaoyue/orca/workspaces/westlake-harness-bms/benchmark/2026-09-30-background-start-prospective/evidence/manifest-fd-notes.txt,False,True
fd-organicmaps,c1fc03a8bad4dac3c400c50764a929ec7a07b02ba572336bfdd9e722a4f96519,conditional-installer-wall,True,False,explicit-startup-target,"[""app/organicmaps/SplashActivity""]","[{""tag"": ""activity-alias"", ""line"": 637, ""attrs"": {""label"": ""@0x7f140031"", ""name"": ""app.organicmaps.DownloadResourcesActivity"", ""exported"": ""true"", ""targetActivity"": ""app.organicmaps.SplashActivity""}, ""class"": ""app/organicmaps/DownloadResourcesActivity"", ""target"": ""app/organicmaps/SplashActivity""}]",[],"[{""method"": ""app/organicmaps/SplashActivity.onCreate(Landroid/os/Bundle;)V"", ""dex"": ""classes.dex"", ""line"": 704010, ""targets"": [""app/organicmaps/MapPlaceholderActivity""], ""class_hints"": [""app/organicmaps/MapPlaceholderActivity""], ""startup_reachable"": ""conditional-static"", ""strength"": ""explicit-startup-target"", ""finish_order"": ""after_start"", ""api"": ""android/content/Context.startActivity(Landroid/content/Intent;)V""}, {""method"": ""app/organicmaps/SplashActivity.processNavigation()V"", ""dex"": ""classes.dex"", ""line"": 704174, ""targets"": [], ""class_hints"": [""app/organicmaps/DownloadResourcesLegacyActivity"", ""app/organicmaps/downloader/DownloaderActivity""], ""startup_reachable"": ""unknown"", ""strength"": ""callback-or-target-candidate"", ""finish_order"": ""after_start"", ""api"": ""androidx/activity/result/ActivityResultLauncher.launch(Ljava/lang/Object;)V""}, {""method"": ""app/organicmaps/SplashActivity.processNavigation()V"", ""dex"": ""classes.dex"", ""line"": 704177, ""targets"": [], ""class_hints"": [""app/organicmaps/DownloadResourcesLegacyActivity"", ""app/organicmaps/downloader/DownloaderActivity""], ""startup_reachable"": ""unknown"", ""strength"": ""callback-or-target-candidate"", ""finish_order"": ""after_start"", ""api"": ""android/content/Context.startActivity(Landroid/content/Intent;)V""}]",/Users/zhaoyue/orca/workspaces/westlake-harness-bms/benchmark/2026-09-30-background-start-prospective/evidence/manifest-fd-organicmaps.txt,False,True
fd-plus,27f1eb82d288a9939b7c0bdd0fb94f78749824ffc753d32d421e01cbe487e5e0,no-static-hit,False,False,no-static-hit,"[""net/osmand/plus/activities/MapActivity""]",[],[],[],/Users/zhaoyue/orca/workspaces/westlake-harness-bms/benchmark/2026-09-30-background-start-prospective/evidence/manifest-fd-plus.txt,False,False
fd-reader,78b1b8b9b6f6d18baaba31427895f1f10e9ca6cc1e01b3ceeb96df26e8fca075,conditional-installer-wall,True,False,candidate,"[""me/ash/reader/infrastructure/android/MainActivity""]",[],[],"[{""method"": ""me/ash/reader/infrastructure/android/CrashHandler.uncaughtException(Ljava/lang/Thread;Ljava/lang/Throwable;)V"", ""dex"": ""classes.dex"", ""line"": 3424711, ""targets"": [], ""class_hints"": [""me/ash/reader/infrastructure/android/CrashReportActivity""], ""startup_reachable"": ""conditional-static"", ""strength"": ""callback-or-target-candidate"", ""finish_order"": ""not_in_method"", ""api"": ""android/content/Context.startActivity(Landroid/content/Intent;)V""}, {""method"": ""me/ash/reader/infrastructure/android/CrashHandler.uncaughtException(Ljava/lang/Thread;Ljava/lang/Throwable;)V"", ""dex"": ""classes.dex"", ""line"": 3424721, ""targets"": [], ""class_hints"": [""me/ash/reader/infrastructure/android/CrashReportActivity""], ""startup_reachable"": ""conditional-static"", ""strength"": ""callback-or-target-candidate"", ""finish_order"": ""not_in_method"", ""api"": ""android/content/Context.startActivity(Landroid/content/Intent;)V""}]",/Users/zhaoyue/orca/workspaces/westlake-harness-bms/benchmark/2026-09-30-background-start-prospective/evidence/manifest-fd-reader.txt,False,True
fd-saber,5e2e3691288fdac77f988bbe26a3c557942b4fd5b4151f37ef0b8f6352127092,no-static-hit,False,False,no-static-hit,"[""com/adilhanney/saber/MainActivity""]",[],[],[],/Users/zhaoyue/orca/workspaces/westlake-harness-bms/benchmark/2026-09-30-background-start-prospective/evidence/manifest-fd-saber.txt,False,False
fd-seal,7070a3d4f079046912b4b8dde4edc8d1ef6eade3c9c98b02bfcaba3669c11d98,conditional-installer-wall,True,False,explicit-startup-target,"[""com/junkfood/seal/MainActivity""]",[],[],"[{""method"": ""com/junkfood/seal/App.startCrashReportActivity(Ljava/lang/Throwable;)V"", ""dex"": ""classes.dex"", ""line"": 1651205, ""targets"": [""com/junkfood/seal/CrashReportActivity""], ""class_hints"": [""com/junkfood/seal/CrashReportActivity""], ""startup_reachable"": ""conditional-static"", ""strength"": ""explicit-startup-target"", ""finish_order"": ""not_in_method"", ""api"": ""android/content/Context.startActivity(Landroid/content/Intent;)V""}]",/Users/zhaoyue/orca/workspaces/westlake-harness-bms/benchmark/2026-09-30-background-start-prospective/evidence/manifest-fd-seal.txt,False,True
fd-shatteredpixeldungeon,ed1b43d7312a70e86c5cd159d4ac29d7d69fae1033331a4e70f9a00dd346b207,conditional-installer-wall,True,False,explicit-startup-target,"[""com/shatteredpixel/shatteredpixeldungeon/android/AndroidLauncher""]",[],[],"[{""method"": ""com/shatteredpixel/shatteredpixeldungeon/android/AndroidLauncher.onCreate(Landroid/os/Bundle;)V"", ""dex"": ""classes.dex"", ""line"": 427335, ""targets"": [""com/shatteredpixel/shatteredpixeldungeon/android/AndroidMissingNativesHandler""], ""class_hints"": [""com/shatteredpixel/shatteredpixeldungeon/android/AndroidMissingNativesHandler""], ""startup_reachable"": ""conditional-static"", ""strength"": ""explicit-startup-target"", ""finish_order"": ""after_start"", ""api"": ""android/content/Context.startActivity(Landroid/content/Intent;)V""}]",/Users/zhaoyue/orca/workspaces/westlake-harness-bms/benchmark/2026-09-30-background-start-prospective/evidence/manifest-fd-shatteredpixeldungeon.txt,False,True
fd-tasks,ed972cc1cec3456a11992435a3fcf132d1311f1e8dfd27758265122fbc206ce0,no-static-hit,False,False,no-static-hit,"[""com/todoroo/astrid/activity/MainActivity""]","[{""tag"": ""activity-alias"", ""line"": 896, ""attrs"": {""icon"": ""@0x7f100001"", ""name"": ""com.todoroo.astrid.activity.TaskListActivity"", ""enabled"": ""true"", ""exported"": ""true"", ""targetActivity"": ""com.todoroo.astrid.activity.MainActivity"", ""roundIcon"": ""@0x7f100001""}, ""class"": ""com/todoroo/astrid/activity/TaskListActivity"", ""target"": ""com/todoroo/astrid/activity/MainActivity""}]",[],[],/Users/zhaoyue/orca/workspaces/westlake-harness-bms/benchmark/2026-09-30-background-start-prospective/evidence/manifest-fd-tasks.txt,False,False
fd-tusky,3e8fcc49a80d4c30ab6f6037e51402c77e2694d27ec19ae5b8a93cd08b6caffa,conditional-installer-wall,True,False,explicit-startup-target,"[""com/keylesspalace/tusky/MainActivity""]",[],[],"[{""method"": ""ie/j.onCreate(Landroid/os/Bundle;)V"", ""dex"": ""classes.dex"", ""line"": 990034, ""targets"": [""com/keylesspalace/tusky/components/login/LoginActivity""], ""class_hints"": [""com/keylesspalace/tusky/components/login/LoginActivity""], ""startup_reachable"": ""conditional-static"", ""strength"": ""explicit-startup-target"", ""finish_order"": ""after_start"", ""api"": ""android/content/Context.startActivity(Landroid/content/Intent;)V""}, {""method"": ""com/keylesspalace/tusky/MainActivity.v0(Landroid/content/Intent;)V"", ""dex"": ""classes.dex"", ""line"": 998379, ""targets"": [], ""class_hints"": [""com/keylesspalace/tusky/components/compose/ComposeActivity""], ""startup_reachable"": ""conditional-static"", ""strength"": ""callback-or-target-candidate"", ""finish_order"": ""not_in_method"", ""api"": ""android/content/Context.startActivity(Landroid/content/Intent;)V""}, {""method"": ""com/keylesspalace/tusky/MainActivity.y0(Landroid/content/Intent;Lbg/a;)Z"", ""dex"": ""classes.dex"", ""line"": 998589, ""targets"": [""com/keylesspalace/tusky/components/drafts/DraftsActivity""], ""class_hints"": [""com/keylesspalace/tusky/components/accountlist/AccountListActivity"", ""com/keylesspalace/tusky/components/drafts/DraftsActivity""], ""startup_reachable"": ""conditional-static"", ""strength"": ""explicit-startup-target"", ""finish_order"": ""not_in_method"", ""api"": ""android/content/Context.startActivity(Landroid/content/Intent;)V""}]",/Users/zhaoyue/orca/workspaces/westlake-harness-bms/benchmark/2026-09-30-background-start-prospective/evidence/manifest-fd-tusky.txt,False,True
fd-tutanota,6e2b9cb23ddbdb1a1389426a913eebd7f7b7becf387acb668e512a84013e4033,no-static-hit,False,False,no-static-hit,"[""de/tutao/tutanota/MainActivity""]",[],[],[],/Users/zhaoyue/orca/workspaces/westlake-harness-bms/benchmark/2026-09-30-background-start-prospective/evidence/manifest-fd-tutanota.txt,False,False
fd-uhabits,3903d3be3db0f1622ad61cf5bb267515c95a4069e8dd46f73249721b1bb8173e,conditional-installer-wall,True,False,explicit-startup-target,"[""org/isoron/uhabits/activities/habits/list/ListHabitsActivity""]","[{""tag"": ""activity-alias"", ""line"": 53, ""attrs"": {""label"": ""@0x7f1100c6"", ""name"": ""org.isoron.uhabits.MainActivity"", ""exported"": ""true"", ""launchMode"": ""1"", ""targetActivity"": ""org.isoron.uhabits.activities.habits.list.ListHabitsActivity""}, ""class"": ""org/isoron/uhabits/MainActivity"", ""target"": ""org/isoron/uhabits/activities/habits/list/ListHabitsActivity""}]",[],"[{""method"": ""org/isoron/uhabits/activities/habits/list/ListHabitsScreen.showIntroScreen()V"", ""dex"": ""classes.dex"", ""line"": 1465403, ""targets"": [""org/isoron/uhabits/activities/intro/IntroActivity""], ""class_hints"": [], ""startup_reachable"": ""conditional-static"", ""strength"": ""explicit-startup-target"", ""finish_order"": ""not_in_method"", ""api"": ""android/content/Context.startActivity(Landroid/content/Intent;)V""}]",/Users/zhaoyue/orca/workspaces/westlake-harness-bms/benchmark/2026-09-30-background-start-prospective/evidence/manifest-fd-uhabits.txt,False,True
fd-wifianalyzer,282a06fcc5ce5d889799113a1c6edf5e408b0902acc542308ad21051a2a7cc2b,no-static-hit,False,False,no-static-hit,"[""com/vrem/wifianalyzer/MainActivity""]",[],[],[],/Users/zhaoyue/orca/workspaces/westlake-harness-bms/benchmark/2026-09-30-background-start-prospective/evidence/manifest-fd-wifianalyzer.txt,False,False
fd-stk,4a01fa9b566a694f0576d86ef84cc867c7dc37ef446e7cbbbb2449e7bbb9d3c6,no-static-hit,False,False,no-static-hit,"[""org/supertuxkart/stk/SuperTuxKartActivity""]",[],[],[],/Users/zhaoyue/orca/workspaces/westlake-harness-bms/benchmark/2026-09-30-background-start-prospective/evidence/manifest-fd-stk.txt,False,False
fd-mobile,f9f4b3ab46cc9434df811194c2d4351417f4db83a4c1a0facd0a662d69533f7f,no-static-hit,False,False,no-static-hit,"[""org/jellyfin/mobile/MainActivity""]",[],[],[],/Users/zhaoyue/orca/workspaces/westlake-harness-bms/benchmark/2026-09-30-background-start-prospective/evidence/manifest-fd-mobile.txt,False,False
fd-client,2d08059c9a0a94ef4316e5c8491e3c6aee99a87b58bb796163c44e08deb1615c,conditional-installer-wall,True,False,explicit-startup-target,"[""com/nmc/android/ui/LauncherActivity""]",[],[],"[{""method"": ""com/nextcloud/client/account/UserAccountManagerImpl.startAccountCreation(Landroid/app/Activity;)V"", ""dex"": ""classes4.dex"", ""line"": 716196, ""targets"": [""com/owncloud/android/authentication/AuthenticatorActivity""], ""class_hints"": [""com/owncloud/android/authentication/AuthenticatorActivity""], ""startup_reachable"": ""conditional-static"", ""strength"": ""explicit-startup-target"", ""finish_order"": ""not_in_method"", ""api"": ""android/content/Context.startActivity(Landroid/content/Intent;)V""}, {""method"": ""com/nextcloud/client/player/ui/PlayerLauncher$launch$1.invokeSuspend(Ljava/lang/Object;)Ljava/lang/Object;"", ""dex"": ""classes4.dex"", ""line"": 1064939, ""targets"": [""com/nextcloud/client/player/ui/PlayerActivity""], ""class_hints"": [], ""startup_reachable"": ""unknown"", ""strength"": ""callback-or-target-candidate"", ""finish_order"": ""not_in_method"", ""api"": ""androidx/appcompat/app/AppCompatActivity.startActivity(Landroid/content/Intent;)V""}, {""method"": ""com/nmc/android/ui/LauncherActivity.scheduleSplashScreen$lambda$0(Lcom/nmc/android/ui/LauncherActivity;)V"", ""dex"": ""classes4.dex"", ""line"": 1190975, ""targets"": [""com/owncloud/android/ui/activity/SettingsActivity""], ""class_hints"": [""com/owncloud/android/authentication/AuthenticatorActivity"", ""com/owncloud/android/ui/activity/FileDisplayActivity"", ""com/owncloud/android/ui/activity/SettingsActivity""], ""startup_reachable"": ""unknown"", ""strength"": ""callback-or-target-candidate"", ""finish_order"": ""after_start"", ""api"": ""com/nmc/android/ui/LauncherActivity.startActivity(Landroid/content/Intent;)V""}, {""method"": ""com/nmc/android/ui/LauncherActivity.scheduleSplashScreen$lambda$0(Lcom/nmc/android/ui/LauncherActivity;)V"", ""dex"": ""classes4.dex"", ""line"": 1190980, ""targets"": [""com/owncloud/android/ui/activity/FileDisplayActivity""], ""class_hints"": [""com/owncloud/android/authentication/AuthenticatorActivity"", ""com/owncloud/android/ui/activity/FileDisplayActivity"", ""com/owncloud/android/ui/activity/SettingsActivity""], ""startup_reachable"": ""unknown"", ""strength"": ""callback-or-target-candidate"", ""finish_order"": ""after_start"", ""api"": ""com/nmc/android/ui/LauncherActivity.startActivity(Landroid/content/Intent;)V""}, {""method"": ""com/nmc/android/ui/LauncherActivity.scheduleSplashScreen$lambda$0(Lcom/nmc/android/ui/LauncherActivity;)V"", ""dex"": ""classes4.dex"", ""line"": 1190987, ""targets"": [""com/owncloud/android/authentication/AuthenticatorActivity""], ""class_hints"": [""com/owncloud/android/authentication/AuthenticatorActivity"", ""com/owncloud/android/ui/activity/FileDisplayActivity"", ""com/owncloud/android/ui/activity/SettingsActivity""], ""startup_reachable"": ""unknown"", ""strength"": ""callback-or-target-candidate"", ""finish_order"": ""after_start"", ""api"": ""com/nmc/android/ui/LauncherActivity.startActivity(Landroid/content/Intent;)V""}]",/Users/zhaoyue/orca/workspaces/westlake-harness-bms/benchmark/2026-09-30-background-start-prospective/evidence/manifest-fd-client.txt,False,True
fd-binaryeye,428c26249c706bd79610d03a1a985dcc0efd9dd5469fc9be92c703459a4d5f93,conditional-installer-wall,True,False,explicit-startup-target,"[""de/markusfisch/android/binaryeye/activity/SplashActivity""]",[],[],"[{""method"": ""de/markusfisch/android/binaryeye/activity/SplashActivity.onCreate(Landroid/os/Bundle;)V"", ""dex"": ""classes.dex"", ""line"": 442168, ""targets"": [""de/markusfisch/android/binaryeye/activity/CameraActivity""], ""class_hints"": [""de/markusfisch/android/binaryeye/activity/CameraActivity""], ""startup_reachable"": ""conditional-static"", ""strength"": ""explicit-startup-target"", ""finish_order"": ""after_start"", ""api"": ""android/content/Context.startActivity(Landroid/content/Intent;)V""}]",/Users/zhaoyue/orca/workspaces/westlake-harness-bms/benchmark/2026-09-30-background-start-prospective/evidence/manifest-fd-binaryeye.txt,False,True
toutiao,a1112a0c941f865847c2fab9138cf815735268fbfcd41d697412fb80992c7395,conditional-installer-wall,True,False,explicit-startup-target,"[""com/ss/android/article/news/activity/MainActivity""]",[],[],"[{""method"": ""com/ss/android/splashad/splash/SplashAdDependImpl.startSplashAdActivity(Landroid/content/Context;)V"", ""dex"": ""classes15.dex"", ""line"": 3713703, ""targets"": [], ""class_hints"": [""com/ss/android/splashad/splash/view/SplashAdActivity""], ""startup_reachable"": ""unknown"", ""strength"": ""callback-or-target-candidate"", ""finish_order"": ""not_in_method"", ""api"": ""android/content/Context.startActivity(Landroid/content/Intent;)V""}, {""method"": ""com/ss/android/splashad/splash/SplashAdDependImpl.startSplashAdPreviewActivity(Landroid/content/Context;)V"", ""dex"": ""classes15.dex"", ""line"": 3713788, ""targets"": [""com/ss/android/splashad/splash/view/SplashAdPreviewActivity""], ""class_hints"": [""com/ss/android/splashad/splash/view/SplashAdPreviewActivity""], ""startup_reachable"": ""unknown"", ""strength"": ""callback-or-target-candidate"", ""finish_order"": ""not_in_method"", ""api"": ""android/content/Context.startActivity(Landroid/content/Intent;)V""}, {""method"": ""com/ss/android/splashad/splash/view/SplashAdActivity.J2(LX/2u9;Ljava/lang/String;)V"", ""dex"": ""classes15.dex"", ""line"": 3717895, ""targets"": [], ""class_hints"": [""com/ss/android/newmedia/activity/browser/BrowserActivity""], ""startup_reachable"": ""unknown"", ""strength"": ""callback-or-target-candidate"", ""finish_order"": ""not_in_method"", ""api"": ""android/app/Activity.startActivityForResult(Landroid/content/Intent;I)V""}, {""method"": ""com/ss/android/splashad/splash/view/SplashAdFragment.kp(LX/2u9;Ljava/lang/String;)V"", ""dex"": ""classes15.dex"", ""line"": 3723472, ""targets"": [], ""class_hints"": [""com/ss/android/newmedia/activity/browser/BrowserActivity""], ""startup_reachable"": ""unknown"", ""strength"": ""callback-or-target-candidate"", ""finish_order"": ""not_in_method"", ""api"": ""androidx/fragment/app/Fragment.startActivityForResult(Landroid/content/Intent;I)V""}, {""method"": ""com/ss/android/splashad/splash/view/SplashAdPreviewActivity.I2(LX/2u1;)V"", ""dex"": ""classes15.dex"", ""line"": 3725237, ""targets"": [], ""class_hints"": [""com/ss/android/newmedia/activity/browser/BrowserActivity""], ""startup_reachable"": ""unknown"", ""strength"": ""callback-or-target-candidate"", ""finish_order"": ""not_in_method"", ""api"": ""android/app/Activity.startActivity(Landroid/content/Intent;)V""}, {""method"": ""com/bytedance/basicmode/manager/BasicModeManager.i(Landroid/app/Activity;Z)Z"", ""dex"": ""classes20.dex"", ""line"": 2483389, ""targets"": [""com/bytedance/basicmode/activity/BasicModeFeedActivity""], ""class_hints"": [""com/bytedance/basicmode/activity/BasicModeFeedActivity""], ""startup_reachable"": ""conditional-static"", ""strength"": ""explicit-startup-target"", ""finish_order"": ""before_start"", ""api"": ""android/content/Context.startActivity(Landroid/content/Intent;)V""}]",/Users/zhaoyue/orca/workspaces/westlake-harness-bms/benchmark/2026-09-30-background-start-prospective/evidence/manifest-toutiao.txt,False,True
mcdonalds,2fdb9b0be1d4f7cd61854c18d6a180e915e68d521d87d17ff193f969b1e89f72,conditional-installer-wall,True,True,candidate,"[""com/mcdonalds/mcdcoreapp/common/activity/SplashActivity""]",[],"[{""kind"": ""splash-to-main-candidate"", ""entry"": ""com/mcdonalds/mcdcoreapp/common/activity/SplashActivity"", ""possible_targets"": [""androidx/compose/ui/tooling/PreviewActivity"", ""androidx/credentials/playservices/HiddenActivity"", ""androidx/credentials/playservices/IdentityCredentialApiHiddenActivity"", ""apptentive/com/android/feedback/enjoyment/EnjoymentDialogSupportFragmentManagerActivity"", ""apptentive/com/android/feedback/link/view/NavigateTolinkActivity"", ""apptentive/com/android/feedback/messagecenter/view/ImagePreviewActivity"", ""apptentive/com/android/feedback/messagecenter/view/MessageCenterActivity"", ""apptentive/com/android/feedback/messagecenter/view/ProfileActivity"", ""apptentive/com/android/feedback/notifications/ApptentiveNotificationActivity"", ""apptentive/com/android/feedback/survey/SurveyActivity"", ""apptentive/com/android/feedback/textmodal/TextModalSupportFragmentManagerActivity"", ""com/adyen/threeds2/internal/ui/activity/ChallengeActivity"", ""com/amplifyframework/devmenu/DeveloperMenuActivity"", ""com/braintreepayments/api/BraintreeDeepLinkActivity"", ""com/braze/push/NotificationTrampolineActivity"", ""com/braze/ui/BrazeWebViewActivity"", ""com/braze/ui/activities/BrazeFeedActivity"", ""com/braze/ui/activities/ContentCardsActivity"", ""com/cyberfend/cyfsecurity/CCADialogActivity"", ""com/facebook/CustomTabActivity"", ""com/facebook/CustomTabMainActivity"", ""com/facebook/FacebookActivity"", ""com/forter/forter3ds/view/ChallengeActivity"", ""com/google/android/gms/auth/api/signin/internal/SignInHubActivity"", ""com/google/android/gms/common/api/GoogleApiActivity"", ""com/google/android/libraries/places/widget/AutocompleteActivity"", ""com/google/android/play/core/common/PlayCoreDialogWrapperActivity"", ""com/google/firebase/auth/internal/GenericIdpActivity"", ""com/google/firebase/auth/internal/RecaptchaActivity"", ""com/mcdonalds/account/activity/AccountActivity"", ""com/mcdonalds/account/activity/AgeGateConsentActivity"", ""com/mcdonalds/account/activity/CCPAGamingUserOptinActivity"", ""com/mcdonalds/account/activity/ChangeBirthdayActivity"", ""com/mcdonalds/account/activity/DeeplinkLoginActivity"", ""com/mcdonalds/account/activity/EmailVerificationActivity"", ""com/mcdonalds/account/activity/FeedbackSurveyWebViewActivity"", ""com/mcdonalds/account/activity/LoginFinalStepActivity"", ""com/mcdonalds/account/activity/LoginRegistrationActivity"", ""com/mcdonalds/account/activity/LoginRegistrationTabActivity"", ""com/mcdonalds/account/activity/RecentAndFavActivity"", ""com/mcdonalds/account/activity/SocialRegExtraDetailsActivity"", ""com/mcdonalds/account/activity/TermsAndConditionsActivity"", ""com/mcdonalds/account/activity/TermsAndConditionsWebViewActivity"", ""com/mcdonalds/account/activity/VoiceFeedbackSurveyActivity"", ""com/mcdonalds/account/activity/WebViewActivity"", ""com/mcdonalds/account/aet/activity/RegistrationRedesignActivity"", ""com/mcdonalds/account/consentprivacy/presentation/accountSettings/AccountSettingsActivity"", ""com/mcdonalds/account/loginregistration/presentation/LoginRegistrationActivity"", ""com/mcdonalds/account/profile/presentation/ProfileActivity"", ""com/mcdonalds/app/activities/CampaignActivity"", ""com/mcdonalds/app/activities/CampaignScanActivity"", ""com/mcdonalds/app/activities/RDIConfigActivity"", ""com/mcdonalds/app/aet/activities/AETCalendarActivity"", ""com/mcdonalds/app/aet/activities/AETPlaylistActivity"", ""com/mcdonalds/app/aet/activities/AETPollActivity"", ""com/mcdonalds/app/aet/activities/AETPollWinnerActivity"", ""com/mcdonalds/app/aet/activities/AETSweepsActivity"", ""com/mcdonalds/app/aet/activities/AETSweepsHelpActivity"", ""com/mcdonalds/app/aet/activities/AETSweepsManualScanActivity"", ""com/mcdonalds/app/aet/activities/AETSweepsScanActivity"", ""com/mcdonalds/app/aet/activities/AETTOTWWebViewActivity"", ""com/mcdonalds/app/aet/activities/AETTriviaActivity"", ""com/mcdonalds/app/aet/activities/AETWebViewActivity"", ""com/mcdonalds/campaignsframework/campaigns/bonus/ui/BonusDealDetailsActivity"", ""com/mcdonalds/campaignsframework/campaigns/bonus/ui/BonusDealListActivity"", ""com/mcdonalds/campaignsframework/ui/CampaignGamingActivity"", ""com/mcdonalds/homedashboard/activity/CoachmarkActivity"", ""com/mcdonalds/homedashboard/activity/HomeDashboardActivity"", ""com/mcdonalds/homedashboard/activity/LegalRoadBlockActivity"", ""com/mcdonalds/homedashboard/activity/PushNotificationActivity"", ""com/mcdonalds/loyalty/dashboard/activity/DealsLoyaltyDashboardActivity"", ""com/mcdonalds/loyalty/dashboard/activity/DealsLoyaltyViewAllActivity"", ""com/mcdonalds/loyalty/dashboard/activity/LogMissedVisitActivity"", ""com/mcdonalds/loyalty/dashboard/activity/LoyaltyHistoryActivity"", ""com/mcdonalds/loyalty/dashboard/activity/LoyaltyProgramBenefitsActivity"", ""com/mcdonalds/loyalty/dashboard/activity/LoyaltyTncPrivacyActivity"", ""com/mcdonalds/loyalty/dashboard/activity/LoyaltyTutorialActivity"", ""com/mcdonalds/loyalty/dashboard/activity/McCafeLoyaltyEducationActivityAU"", ""com/mcdonalds/loyalty/dashboard/activity/QRCodeActivity"", ""com/mcdonalds/loyalty/dashboard/dashboardv2/bonus/presentation/ui/BonusesActivity"", ""com/mcdonalds/loyalty/dashboard/dashboardv2/nglDashboard/presentation/NGLDashboardActivity"", ""com/mcdonalds/loyalty/dashboard/digitalRewards/presentation/activity/DetailDigitalRewardActivity"", ""com/mcdonalds/loyalty/dashboard/digitalRewards/presentation/activity/RedeemDigitalRewardDetailActivity"", ""com/mcdonalds/loyalty/dashboard/linkedPartnership/presentation/activity/PartnerLandingActivity"", ""com/mcdonalds/loyalty/dashboard/linkedPartnership/presentation/activity/PartnerLoginActivity"", ""com/mcdonalds/loyalty/dashboard/linkedPartnership/presentation/activity/PartnershipHubActivity"", ""com/mcdonalds/mcdcoreapp/about/activity/AboutActivity"", ""com/mcdonalds/mcdcoreapp/common/activity/CvvActivity"", ""com/mcdonalds/mcdcoreapp/common/activity/DeepLinkRouter"", ""com/mcdonalds/mcdcoreapp/common/activity/FeedbackActivity"", ""com/mcdonalds/mcdcoreapp/common/activity/JustFlipDebugActivity"", ""com/mcdonalds/mcdcoreapp/common/activity/MoreLandingActivity"", ""com/mcdonalds/mcdcoreapp/common/activity/PaidMediaWebViewActivity"", ""com/mcdonalds/mcdcoreapp/common/activity/PlaceHolderActivity"", ""com/mcdonalds/mcdcoreapp/common/activity/PoisonPillDebugActivity"", ""com/mcdonalds/mcdcoreapp/common/activity/ROAInAppDeeplinkNotificationActivity"", ""com/mcdonalds/mcdcoreapp/common/activity/TermsAndConditionsActivity"", ""com/mcdonalds/mcdcoreapp/helpcenter/HelpCenterActivity"", ""com/mcdonalds/mcdcoreapp/tutorial/activity/TutorialPagerActivity"", ""com/mcdonalds/more/morelanding/presentation/MoreActivityV2"", ""com/mcdonalds/nutrition/activity/NutritionLandingActivity"", ""com/mcdonalds/nutrition/activity/OrderProductNutritionActivity"", ""com/mcdonalds/offer/activity/DealTermsActivity"", ""com/mcdonalds/offer/activity/DealsActivity"", ""com/mcdonalds/offer/activity/LockScreenActivity"", ""com/mcdonalds/offer/activity/OfferHalfSheetActivity"", ""com/mcdonalds/offer/activity/OfferRewardBonusDetailActivity"", ""com/mcdonalds/offer/activity/ScanViewActivity"", ""com/mcdonalds/offer/monopoly/MonopolyActivity"", ""com/mcdonalds/offer/monopolygaming/MonopolyLandingActivity"", ""com/mcdonalds/offer/monopolygaming/scanner/activity/MonopolyManualScanActivity"", ""com/mcdonalds/offer/monopolygaming/scanner/activity/MonopolyScanActivity"", ""com/mcdonalds/offer/monopolygaming/scanner/activity/MonopolyScannerHelpActivity"", ""com/mcdonalds/offer/voucher/VoucherActivity"", ""com/mcdonalds/oneappdelivery/activity/CountryCodeSelectionActivity"", ""com/mcdonalds/oneappdelivery/activity/ErrorStateActivity"", ""com/mcdonalds/oneappdelivery/activity/ExistingOrderPopOverActivity"", ""com/mcdonalds/oneappdelivery/activity/FlexDataConsentActivity"", ""com/mcdonalds/oneappdelivery/activity/FlexUberAddressActivity"", ""com/mcdonalds/oneappdelivery/activity/OneAppDeliveryActivity"", ""com/mcdonalds/order/activity/CaliforniaPrivacyActivity"", ""com/mcdonalds/order/activity/FoeErrorStateActivity"", ""com/mcdonalds/order/activity/FulFillmentSelectorActivity"", ""com/mcdonalds/order/activity/IntermediateAnimationActivity"", ""com/mcdonalds/order/activity/LearnMoreFTUActivity"", ""com/mcdonalds/order/activity/NotHereYetActivity"", ""com/mcdonalds/order/activity/OrderActionActivity"", ""com/mcdonalds/order/activity/OrderActivity"", ""com/mcdonalds/order/activity/OrderCheckInActivity"", ""com/mcdonalds/order/activity/OrderCurbsideConfirmActivity"", ""com/mcdonalds/order/activity/OrderDetailActivity"", ""com/mcdonalds/order/activity/OrderPODSelectionActivity"", ""com/mcdonalds/order/activity/OrderPostCheckOutActivity"", ""com/mcdonalds/order/activity/OrderProductDetailsActivity"", ""com/mcdonalds/order/activity/OrderReceiptActivity"", ""com/mcdonalds/order/activity/OrderSentActivity"", ""com/mcdonalds/order/activity/OrderSentHelpCenterActivity"", ""com/mcdonalds/order/activity/ShareLocationActivity"", ""com/mcdonalds/order/activity/TrackAndTraceActivity"", ""com/mcdonalds/orderv2/delivery/OIntermediateAnimationActivity"", ""com/mcdonalds/orderv2/delivery/OneAppDeliveryOrderV2Activity"", ""com/mcdonalds/orderv2/delivery/activity/CountryCodeSelectionActivityV2"", ""com/mcdonalds/orderv2/delivery/activity/ErrorStateActivityV2"", ""com/mcdonalds/orderv2/delivery/activity/ExistingOrderPopOverActivityV2"", ""com/mcdonalds/orderv2/delivery/activity/FlexUberAddressActivityV2"", ""com/mcdonalds/orderv2/delivery/address/activity/AddressConfirmationActivity"", ""com/mcdonalds/orderv2/fulfillmentSelector/FulFillmentSelectorActivityV2"", ""com/mcdonalds/orderv2/navigation/entry_points/NavHostActivity"", ""com/mcdonalds/orderv2/payments/activity/ThreeDSHandlerV2Activity"", ""com/mcdonalds/orderv2/readyonarrival/errorhandling/view/FoeErrorScreen"", ""com/mcdonalds/orderv2/readyonarrival/errorhandling/view/FoeErrorStateActivityV2"", ""com/mcdonalds/orderv2/readyonarrival/fulfillment/view/FulfillmentSelectionActivityV2"", ""com/mcdonalds/orderv2/readyonarrival/orderTracker/view/LocationFarAwayActivityV2"", ""com/mcdonalds/orderv2/readyonarrival/orderTracker/view/OrderConfirmationActivityV2"", ""com/mcdonalds/orderv2/readyonarrival/orderTracker/view/OrderTimingTutorialActivity"", ""com/mcdonalds/orderv2/readyonarrival/orderTracker/view/WrongLocationActivityV2"", ""com/mcdonalds/orderv2/readyonarrival/ordercancel/view/OrderCancellationActivityV2"", ""com/mcdonalds/orderv2/readyonarrival/ordersummary/view/ROAIntermediateAnimationActivityV2"", ""com/mcdonalds/orderv2/readyonarrival/ordersummary/view/SpotPickerEntryFormActivityV2"", ""com/mcdonalds/orderv2/recentAndFav/ui/RecentAndFavActivity"", ""com/mcdonalds/orderv2/ui/activity/TestGoToMcDonaldsActivity"", ""com/mcdonalds/payment/storedvalue/presentation/GiftCardNavHostActivity"", ""com/mcdonalds/payments/ui/activity/AdyenCardActivity"", ""com/mcdonalds/payments/ui/activity/GooglePayActivity"", ""com/mcdonalds/payments/ui/activity/LinkPaymentOnBoardingActivity"", ""com/mcdonalds/payments/ui/activity/PayPalActivity"", ""com/mcdonalds/payments/ui/activity/PaymentSelectorActivity"", ""com/mcdonalds/payments/ui/activity/ThreeDsHandlerActivity"", ""com/mcdonalds/payments/ui/activity/VenmoActivity"", ""com/mcdonalds/readyonarrival/view/activity/FulfillmentSelectionActivity"", ""com/mcdonalds/readyonarrival/view/activity/GetHelpWebActivity"", ""com/mcdonalds/readyonarrival/view/activity/LocationFarAwayActivity"", ""com/mcdonalds/readyonarrival/view/activity/OrderCancellationActivity"", ""com/mcdonalds/readyonarrival/view/activity/OrderConfirmationActivity"", ""com/mcdonalds/readyonarrival/view/activity/ROAIntermediateAnimationActivity"", ""com/mcdonalds/readyonarrival/view/activity/SpotPickerEntryFormActivity"", ""com/mcdonalds/readyonarrival/view/activity/WrongLocationActivity"", ""com/mcdonalds/restaurant/activity/FilterActivity"", ""com/mcdonalds/restaurant/activity/MockLocationActivity"", ""com/mcdonalds/restaurant/activity/MockRestaurantActivity"", ""com/mcdonalds/restaurant/activity/OpenStoreSelectionActivity"", ""com/mcdonalds/restaurant/activity/OrderMultiStoreListSelectionActivity"", ""com/mcdonalds/restaurant/activity/OrderSentMapActivity"", ""com/mcdonalds/restaurant/activity/RestaurantDetailsActivity"", ""com/mcdonalds/restaurant/activity/RestaurantSearchActivity"", ""com/mcdonalds/restaurant/activity/StoreClosePopupActivity"", ""com/mcdonalds/restaurant/activity/StoreSelectionActivity"", ""com/uber/sdk/android/core/auth/LoginActivity"", ""com/uber/sdk/android/core/auth/LoginRedirectReceiverActivity"", ""com/uber/sdk/android/rides/RideRequestActivity""], ""manifest_lines"": [192, 204, 208, 215, 221, 227, 233, 239, 245, 251, 257, 263, 269, 275, 280, 286, 292, 298, 312, 317, 322, 327, 332, 337, 343, 348, 504, 510, 519, 528, 534, 540, 546, 552, 558, 564, 570, 580, 585, 591, 596, 602, 608, 614, 620, 626, 632, 638, 644, 650, 669, 675, 682, 690, 697, 704, 711, 718, 725, 731, 737, 743, 749, 755, 761, 767, 773, 779, 785, 791, 797, 806, 812, 818, 824, 830, 836, 842, 848, 854, 860, 866, 872, 878, 884, 890, 896, 902, 908, 913, 919, 926, 932, 939, 945, 951, 957, 962, 968, 973, 979, 984, 990, 996, 1003, 1009, 1015, 1021, 1028, 1035, 1051, 1058, 1065, 1071, 1077, 1083, 1089, 1095, 1101, 1107, 1113, 1120, 1126, 1132, 1136, 1153, 1159, 1165, 1171, 1177, 1183, 1187, 1223, 1227, 1233, 1254, 1258, 1265, 1271, 1279, 1286, 1292, 1298, 1304, 1310, 1316, 1321, 1327, 1333, 1339, 1345, 1349, 1352, 1357, 1363, 1369, 1375, 1388, 1395, 1401, 1408, 1425, 1431, 1434, 1437, 1442, 1446, 1450, 1455, 1459, 1463, 1485, 1491, 1502, 1506, 1522, 1535, 1540, 1553, 1562, 1569, 1594, 1611, 1631, 1634, 1637, 1640, 1676, 1790, 1883, 1886]}]","[{""method"": ""apptentive/com/android/feedback/enjoyment/EnjoymentDialogInteractionLauncher$launchInteraction$1.invoke()V"", ""dex"": ""classes2.dex"", ""line"": 1078031, ""targets"": [""apptentive/com/android/feedback/enjoyment/EnjoymentDialogSupportFragmentManagerActivity""], ""class_hints"": [""apptentive/com/android/feedback/enjoyment/EnjoymentDialogSupportFragmentManagerActivity""], ""startup_reachable"": ""unknown"", ""strength"": ""callback-or-target-candidate"", ""finish_order"": ""not_in_method"", ""api"": ""android/app/Activity.startActivity(Landroid/content/Intent;)V""}, {""method"": ""apptentive/com/android/feedback/messagecenter/interaction/MessageCenterInteractionLauncher$launchMessageCenterWithARetry$1.invoke()V"", ""dex"": ""classes2.dex"", ""line"": 1204213, ""targets"": [], ""class_hints"": [""apptentive/com/android/feedback/messagecenter/view/MessageCenterActivity""], ""startup_reachable"": ""unknown"", ""strength"": ""callback-or-target-candidate"", ""finish_order"": ""not_in_method"", ""api"": ""android/content/Context.startActivity(Landroid/content/Intent;)V""}, {""method"": ""apptentive/com/android/feedback/survey/interaction/SurveyInteractionLauncher$launcSurveyWithARetry$1.invoke()V"", ""dex"": ""classes2.dex"", ""line"": 1372442, ""targets"": [], ""class_hints"": [""apptentive/com/android/feedback/survey/SurveyActivity""], ""startup_reachable"": ""unknown"", ""strength"": ""callback-or-target-candidate"", ""finish_order"": ""not_in_method"", ""api"": ""android/content/Context.startActivity(Landroid/content/Intent;)V""}, {""method"": ""apptentive/com/android/feedback/textmodal/TextModalInteractionLauncher$launchHostActivityWithARetry$1.invoke()V"", ""dex"": ""classes2.dex"", ""line"": 1396765, ""targets"": [""apptentive/com/android/feedback/textmodal/TextModalSupportFragmentManagerActivity""], ""class_hints"": [""apptentive/com/android/feedback/textmodal/TextModalSupportFragmentManagerActivity""], ""startup_reachable"": ""unknown"", ""strength"": ""callback-or-target-candidate"", ""finish_order"": ""not_in_method"", ""api"": ""android/app/Activity.startActivity(Landroid/content/Intent;)V""}]",/Users/zhaoyue/orca/workspaces/westlake-harness-bms/benchmark/2026-09-30-background-start-prospective/evidence/manifest-mcdonalds.txt,False,True
burgerking,635fe97c7cb00bbcd5ee0d1e00815addef23a930ef2225c6d7e3dd5c376c4502,no-static-hit,False,False,no-static-hit,"[""com/emn8/mobilem8/nativeapp/bk/MainActivity""]",[],[],[],/Users/zhaoyue/orca/workspaces/westlake-harness-bms/benchmark/2026-09-30-background-start-prospective/evidence/manifest-burgerking.txt,False,False
subwaysurfers,5904cda2c0f2a8898f49c06eef80df13f864be9d874370ac6430c427d34a2a4b,unknown-input,,,unknown,,,,,,,
firefox,eba96cc660d0a49116db37c97535d01d809b21e217d4f24909eb33bf912882fc,no-static-hit,False,False,no-static-hit,"[""org/mozilla/fenix/HomeActivity""]","[{""tag"": ""activity-alias"", ""line"": 575, ""attrs"": {""name"": ""org.mozilla.firefox.App"", ""exported"": ""true"", ""targetActivity"": ""org.mozilla.fenix.HomeActivity""}, ""class"": ""org/mozilla/firefox/App"", ""target"": ""org/mozilla/fenix/HomeActivity""}]",[],[],/Users/zhaoyue/orca/workspaces/westlake-harness-bms/benchmark/2026-09-30-background-start-prospective/evidence/manifest-firefox.txt,False,False
vlc,c493c167de52724dbdd727fd6e20ec43d89200a847fb7b7d88da850faf336bcd,conditional-installer-wall,True,False,explicit-startup-target,"[""org/videolan/vlc/StartActivity""]",[],[],"[{""method"": ""org/videolan/vlc/StartActivity.resume()V"", ""dex"": ""classes6.dex"", ""line"": 130608, ""targets"": [], ""class_hints"": [""org/videolan/vlc/gui/video/VideoPlayerActivity""], ""startup_reachable"": ""conditional-static"", ""strength"": ""callback-or-target-candidate"", ""finish_order"": ""after_start"", ""api"": ""org/videolan/vlc/StartActivity.startActivity(Landroid/content/Intent;)V""}, {""method"": ""org/videolan/vlc/StartActivity.resume()V"", ""dex"": ""classes6.dex"", ""line"": 130649, ""targets"": [""org/videolan/vlc/gui/video/VideoPlayerActivity""], ""class_hints"": [""org/videolan/vlc/gui/video/VideoPlayerActivity""], ""startup_reachable"": ""conditional-static"", ""strength"": ""explicit-startup-target"", ""finish_order"": ""after_start"", ""api"": ""org/videolan/vlc/StartActivity.startActivity(Landroid/content/Intent;)V""}, {""method"": ""org/videolan/vlc/StartActivity.resume()V"", ""dex"": ""classes6.dex"", ""line"": 130679, ""targets"": [], ""class_hints"": [""org/videolan/vlc/gui/video/VideoPlayerActivity""], ""startup_reachable"": ""conditional-static"", ""strength"": ""callback-or-target-candidate"", ""finish_order"": ""after_start"", ""api"": ""org/videolan/vlc/StartActivity.startActivity(Landroid/content/Intent;)V""}, {""method"": ""org/videolan/vlc/StartActivity.startApplication(ZZZIZ)V"", ""dex"": ""classes6.dex"", ""line"": 130849, ""targets"": [""org/videolan/television/ui/OnboardingActivity""], ""class_hints"": [], ""startup_reachable"": ""conditional-static"", ""strength"": ""explicit-startup-target"", ""finish_order"": ""not_in_method"", ""api"": ""org/videolan/vlc/StartActivity.startActivity(Landroid/content/Intent;)V""}, {""method"": ""org/videolan/vlc/gui/onboarding/OnboardingActivityKt.startOnboarding(Landroid/app/Activity;)V"", ""dex"": ""classes6.dex"", ""line"": 478944, ""targets"": [""org/videolan/vlc/gui/onboarding/OnboardingActivity""], ""class_hints"": [""org/videolan/vlc/gui/onboarding/OnboardingActivity""], ""startup_reachable"": ""conditional-static"", ""strength"": ""explicit-startup-target"", ""finish_order"": ""not_in_method"", ""api"": ""android/app/Activity.startActivityForResult(Landroid/content/Intent;I)V""}]",/Users/zhaoyue/orca/workspaces/westlake-harness-bms/benchmark/2026-09-30-background-start-prospective/evidence/manifest-vlc.txt,False,True
localsend,82ec3568fba2aa5295b9aae8b76f701d7a4703d86b9f8bad749472038fbaeab3,no-static-hit,False,False,no-static-hit,"[""org/localsend/localsend_app/MainActivity""]",[],[],[],/Users/zhaoyue/orca/workspaces/westlake-harness-bms/benchmark/2026-09-30-background-start-prospective/evidence/manifest-localsend.txt,False,False
ppsspp,44e1ecb9268702fb65adcee14cffb6cdc3607e87abcf409004c9bdb6b2543f6c,no-static-hit,False,False,no-static-hit,"[""org/ppsspp/ppsspp/PpssppActivity""]",[],[],[],/Users/zhaoyue/orca/workspaces/westlake-harness-bms/benchmark/2026-09-30-background-start-prospective/evidence/manifest-ppsspp.txt,False,False
mindustry,96f8dacbd2de964a26079dcd1928b3e5ca7d9b99207571acc802f7c7cff34508,no-static-hit,False,False,no-static-hit,"[""mindustry/android/AndroidLauncher""]",[],[],[],/Users/zhaoyue/orca/workspaces/westlake-harness-bms/benchmark/2026-09-30-background-start-prospective/evidence/manifest-mindustry.txt,False,False
x,5e9c8e4bbb525a2140292f8f96ab6cc0af403dfcd07667b8678aebb44fb52354,no-static-hit,False,False,no-static-hit,"[""com/twitter/android/StartActivity""]",[],[],[],/Users/zhaoyue/orca/workspaces/westlake-harness-bms/benchmark/2026-09-30-background-start-prospective/evidence/manifest-x.txt,False,False
noice,bbb21d7321668031774b5fc2e44ce632d7b2538853e09083a258f127631e845d,conditional-installer-wall,True,False,explicit-startup-target,"[""com/github/ashutoshgngwr/noice/activity/MainActivity""]",[],[],"[{""method"": ""com/github/ashutoshgngwr/noice/activity/MainActivity.onCreate(Landroid/os/Bundle;)V"", ""dex"": ""classes.dex"", ""line"": 2185791, ""targets"": [""com/github/ashutoshgngwr/noice/activity/AppIntroActivity""], ""class_hints"": [""com/github/ashutoshgngwr/noice/activity/AppIntroActivity""], ""startup_reachable"": ""conditional-static"", ""strength"": ""explicit-startup-target"", ""finish_order"": ""not_in_method"", ""api"": ""android/content/Context.startActivity(Landroid/content/Intent;)V""}]",/Users/zhaoyue/orca/workspaces/westlake-harness-bms/benchmark/2026-09-30-background-start-prospective/evidence/manifest-noice.txt,False,True
