app,apk_sha256,kind,service,class,availability,startup_reachable,full_method_reference_count,startup_method_reference_count,runtime_load,evidence,stub_ok,needs_real
aegis,0eecec45de0da3ff1358004b51e2960d9178551643a6ed44f6496ea9ec999c19,direct-framework-reference,,android/accessibilityservice/AccessibilityServiceInfo,definition-present,unknown,1,0,unknown,aegis-evidence.json#/rows/0,False,unknown
aegis,0eecec45de0da3ff1358004b51e2960d9178551643a6ed44f6496ea9ec999c19,direct-framework-reference,,android/animation/Animator,definition-present,yes-static,81,7,unknown,aegis-evidence.json#/rows/1,False,unknown
aegis,0eecec45de0da3ff1358004b51e2960d9178551643a6ed44f6496ea9ec999c19,direct-framework-reference,,android/animation/Animator$AnimatorListener,definition-present,unknown,1,0,unknown,aegis-evidence.json#/rows/2,False,unknown
aegis,0eecec45de0da3ff1358004b51e2960d9178551643a6ed44f6496ea9ec999c19,direct-framework-reference,,android/animation/AnimatorInflater,definition-present,yes-static,4,2,unknown,aegis-evidence.json#/rows/3,False,unknown
aegis,0eecec45de0da3ff1358004b51e2960d9178551643a6ed44f6496ea9ec999c19,direct-framework-reference,,android/animation/AnimatorListenerAdapter,definition-present,yes-static,44,3,unknown,aegis-evidence.json#/rows/4,False,unknown
aegis,0eecec45de0da3ff1358004b51e2960d9178551643a6ed44f6496ea9ec999c19,direct-framework-reference,,android/animation/AnimatorSet,definition-present,yes-static,33,6,unknown,aegis-evidence.json#/rows/5,False,unknown
aegis,0eecec45de0da3ff1358004b51e2960d9178551643a6ed44f6496ea9ec999c19,direct-framework-reference,,android/animation/AnimatorSet$Builder,definition-present,unknown,1,0,unknown,aegis-evidence.json#/rows/6,False,unknown
aegis,0eecec45de0da3ff1358004b51e2960d9178551643a6ed44f6496ea9ec999c19,direct-framework-reference,,android/animation/ArgbEvaluator,definition-present,yes-static,1,1,unknown,aegis-evidence.json#/rows/7,False,unknown
aegis,0eecec45de0da3ff1358004b51e2960d9178551643a6ed44f6496ea9ec999c19,direct-framework-reference,,android/animation/FloatEvaluator,definition-present,yes-static,2,1,unknown,aegis-evidence.json#/rows/8,False,unknown
aegis,0eecec45de0da3ff1358004b51e2960d9178551643a6ed44f6496ea9ec999c19,direct-framework-reference,,android/animation/Keyframe,definition-present,yes-static,1,1,unknown,aegis-evidence.json#/rows/9,False,unknown
aegis,0eecec45de0da3ff1358004b51e2960d9178551643a6ed44f6496ea9ec999c19,direct-framework-reference,,android/animation/LayoutTransition,definition-present,unknown,1,0,unknown,aegis-evidence.json#/rows/10,False,unknown
aegis,0eecec45de0da3ff1358004b51e2960d9178551643a6ed44f6496ea9ec999c19,direct-framework-reference,,android/animation/ObjectAnimator,definition-present,yes-static,42,5,unknown,aegis-evidence.json#/rows/11,False,unknown
aegis,0eecec45de0da3ff1358004b51e2960d9178551643a6ed44f6496ea9ec999c19,direct-framework-reference,,android/animation/PropertyValuesHolder,definition-present,yes-static,4,3,unknown,aegis-evidence.json#/rows/12,False,unknown
aegis,0eecec45de0da3ff1358004b51e2960d9178551643a6ed44f6496ea9ec999c19,direct-framework-reference,,android/animation/StateListAnimator,definition-present,unknown,4,0,unknown,aegis-evidence.json#/rows/13,False,unknown
aegis,0eecec45de0da3ff1358004b51e2960d9178551643a6ed44f6496ea9ec999c19,direct-framework-reference,,android/animation/TimeInterpolator,definition-present,yes-static,67,6,unknown,aegis-evidence.json#/rows/14,False,unknown
aegis,0eecec45de0da3ff1358004b51e2960d9178551643a6ed44f6496ea9ec999c19,direct-framework-reference,,android/animation/TypeConverter,definition-present,unknown,1,0,unknown,aegis-evidence.json#/rows/15,False,unknown
aegis,0eecec45de0da3ff1358004b51e2960d9178551643a6ed44f6496ea9ec999c19,direct-framework-reference,,android/animation/TypeEvaluator,definition-present,yes-static,4,3,unknown,aegis-evidence.json#/rows/16,False,unknown
aegis,0eecec45de0da3ff1358004b51e2960d9178551643a6ed44f6496ea9ec999c19,direct-framework-reference,,android/animation/ValueAnimator,definition-present,yes-static,66,7,unknown,aegis-evidence.json#/rows/17,False,unknown
aegis,0eecec45de0da3ff1358004b51e2960d9178551643a6ed44f6496ea9ec999c19,direct-framework-reference,,android/app/ActionBar,definition-present,unknown,1,0,unknown,aegis-evidence.json#/rows/18,False,unknown
aegis,0eecec45de0da3ff1358004b51e2960d9178551643a6ed44f6496ea9ec999c19,direct-framework-reference,,android/app/Activity,definition-present,yes-static,184,34,unknown,aegis-evidence.json#/rows/19,False,unknown
aegis,0eecec45de0da3ff1358004b51e2960d9178551643a6ed44f6496ea9ec999c19,direct-framework-reference,,android/app/ActivityManager,definition-present,unknown,3,0,unknown,aegis-evidence.json#/rows/20,False,unknown
aegis,0eecec45de0da3ff1358004b51e2960d9178551643a6ed44f6496ea9ec999c19,direct-framework-reference,,android/app/AppComponentFactory,definition-present,unknown,1,0,unknown,aegis-evidence.json#/rows/21,False,unknown
aegis,0eecec45de0da3ff1358004b51e2960d9178551643a6ed44f6496ea9ec999c19,direct-framework-reference,,android/app/AppOpsManager,definition-present,yes-static,2,2,unknown,aegis-evidence.json#/rows/22,False,unknown
aegis,0eecec45de0da3ff1358004b51e2960d9178551643a6ed44f6496ea9ec999c19,direct-framework-reference,,android/app/Application,definition-present,yes-static,29,8,unknown,aegis-evidence.json#/rows/23,False,unknown
aegis,0eecec45de0da3ff1358004b51e2960d9178551643a6ed44f6496ea9ec999c19,direct-framework-reference,,android/app/Dialog,definition-present,yes-static,116,15,unknown,aegis-evidence.json#/rows/24,False,unknown
aegis,0eecec45de0da3ff1358004b51e2960d9178551643a6ed44f6496ea9ec999c19,direct-framework-reference,,android/app/Fragment,definition-present,yes-static,10,2,unknown,aegis-evidence.json#/rows/25,False,unknown
aegis,0eecec45de0da3ff1358004b51e2960d9178551643a6ed44f6496ea9ec999c19,direct-framework-reference,,android/app/FragmentManager,definition-present,yes-static,2,1,unknown,aegis-evidence.json#/rows/26,False,unknown
aegis,0eecec45de0da3ff1358004b51e2960d9178551643a6ed44f6496ea9ec999c19,direct-framework-reference,,android/app/FragmentTransaction,definition-present,yes-static,1,1,unknown,aegis-evidence.json#/rows/27,False,unknown
aegis,0eecec45de0da3ff1358004b51e2960d9178551643a6ed44f6496ea9ec999c19,direct-framework-reference,,android/app/KeyguardManager,definition-present,unknown,6,0,unknown,aegis-evidence.json#/rows/28,False,unknown
aegis,0eecec45de0da3ff1358004b51e2960d9178551643a6ed44f6496ea9ec999c19,direct-framework-reference,,android/app/LocaleManager,definition-present,unknown,2,0,unknown,aegis-evidence.json#/rows/29,False,unknown
aegis,0eecec45de0da3ff1358004b51e2960d9178551643a6ed44f6496ea9ec999c19,direct-framework-reference,,android/app/NotificationManager,definition-present,yes-static,3,3,unknown,aegis-evidence.json#/rows/30,False,unknown
aegis,0eecec45de0da3ff1358004b51e2960d9178551643a6ed44f6496ea9ec999c19,direct-framework-reference,,android/app/PendingIntent,definition-present,unknown,7,0,unknown,aegis-evidence.json#/rows/31,False,unknown
aegis,0eecec45de0da3ff1358004b51e2960d9178551643a6ed44f6496ea9ec999c19,direct-framework-reference,,android/app/SearchableInfo,definition-present,unknown,13,0,unknown,aegis-evidence.json#/rows/32,False,unknown
aegis,0eecec45de0da3ff1358004b51e2960d9178551643a6ed44f6496ea9ec999c19,direct-framework-reference,,android/app/Service,definition-present,unknown,2,0,unknown,aegis-evidence.json#/rows/33,False,unknown
aegis,0eecec45de0da3ff1358004b51e2960d9178551643a6ed44f6496ea9ec999c19,direct-framework-reference,,android/app/UiModeManager,definition-present,yes-static,1,1,unknown,aegis-evidence.json#/rows/34,False,unknown
aegis,0eecec45de0da3ff1358004b51e2960d9178551643a6ed44f6496ea9ec999c19,direct-framework-reference,,android/app/backup/BackupAgent,definition-present,unknown,5,0,unknown,aegis-evidence.json#/rows/35,False,unknown
aegis,0eecec45de0da3ff1358004b51e2960d9178551643a6ed44f6496ea9ec999c19,direct-framework-reference,,android/app/backup/BackupManager,definition-present,yes-static,3,1,unknown,aegis-evidence.json#/rows/36,False,unknown
aegis,0eecec45de0da3ff1358004b51e2960d9178551643a6ed44f6496ea9ec999c19,direct-framework-reference,,android/app/backup/FullBackupDataOutput,definition-present,unknown,4,0,unknown,aegis-evidence.json#/rows/37,False,unknown
aegis,0eecec45de0da3ff1358004b51e2960d9178551643a6ed44f6496ea9ec999c19,direct-framework-reference,,android/content/BroadcastReceiver,definition-present,yes-static,11,6,unknown,aegis-evidence.json#/rows/38,False,unknown
aegis,0eecec45de0da3ff1358004b51e2960d9178551643a6ed44f6496ea9ec999c19,direct-framework-reference,,android/content/ClipData,definition-present,unknown,20,0,unknown,aegis-evidence.json#/rows/39,False,unknown
aegis,0eecec45de0da3ff1358004b51e2960d9178551643a6ed44f6496ea9ec999c19,direct-framework-reference,,android/content/ClipData$Item,definition-present,unknown,4,0,unknown,aegis-evidence.json#/rows/40,False,unknown
aegis,0eecec45de0da3ff1358004b51e2960d9178551643a6ed44f6496ea9ec999c19,direct-framework-reference,,android/content/ClipDescription,definition-present,unknown,10,0,unknown,aegis-evidence.json#/rows/41,False,unknown
aegis,0eecec45de0da3ff1358004b51e2960d9178551643a6ed44f6496ea9ec999c19,direct-framework-reference,,android/content/ClipboardManager,definition-present,unknown,8,0,unknown,aegis-evidence.json#/rows/42,False,unknown
aegis,0eecec45de0da3ff1358004b51e2960d9178551643a6ed44f6496ea9ec999c19,direct-framework-reference,,android/content/ComponentCallbacks,definition-present,unknown,1,0,unknown,aegis-evidence.json#/rows/43,False,unknown
aegis,0eecec45de0da3ff1358004b51e2960d9178551643a6ed44f6496ea9ec999c19,direct-framework-reference,,android/content/ComponentName,definition-present,yes-static,19,4,unknown,aegis-evidence.json#/rows/44,False,unknown
aegis,0eecec45de0da3ff1358004b51e2960d9178551643a6ed44f6496ea9ec999c19,direct-framework-reference,,android/content/ContentProvider,definition-present,yes-static,5,3,unknown,aegis-evidence.json#/rows/45,False,unknown
aegis,0eecec45de0da3ff1358004b51e2960d9178551643a6ed44f6496ea9ec999c19,direct-framework-reference,,android/content/ContentProviderClient,definition-present,yes-static,5,5,unknown,aegis-evidence.json#/rows/46,False,unknown
aegis,0eecec45de0da3ff1358004b51e2960d9178551643a6ed44f6496ea9ec999c19,direct-framework-reference,,android/content/ContentResolver,definition-present,yes-static,39,3,unknown,aegis-evidence.json#/rows/47,False,unknown
aegis,0eecec45de0da3ff1358004b51e2960d9178551643a6ed44f6496ea9ec999c19,direct-framework-reference,,android/content/ContentUris,definition-present,yes-static,1,1,unknown,aegis-evidence.json#/rows/48,False,unknown
aegis,0eecec45de0da3ff1358004b51e2960d9178551643a6ed44f6496ea9ec999c19,direct-framework-reference,,android/content/Context,definition-present,yes-static,1314,187,unknown,aegis-evidence.json#/rows/49,False,unknown
aegis,0eecec45de0da3ff1358004b51e2960d9178551643a6ed44f6496ea9ec999c19,direct-framework-reference,,android/content/ContextWrapper,definition-present,yes-static,36,6,unknown,aegis-evidence.json#/rows/50,False,unknown
aegis,0eecec45de0da3ff1358004b51e2960d9178551643a6ed44f6496ea9ec999c19,direct-framework-reference,,android/content/DialogInterface,definition-present,unknown,38,0,unknown,aegis-evidence.json#/rows/51,False,unknown
aegis,0eecec45de0da3ff1358004b51e2960d9178551643a6ed44f6496ea9ec999c19,direct-framework-reference,,android/content/DialogInterface$OnCancelListener,definition-present,unknown,15,0,unknown,aegis-evidence.json#/rows/52,False,unknown
aegis,0eecec45de0da3ff1358004b51e2960d9178551643a6ed44f6496ea9ec999c19,direct-framework-reference,,android/content/DialogInterface$OnClickListener,definition-present,yes-static,89,4,unknown,aegis-evidence.json#/rows/53,False,unknown
aegis,0eecec45de0da3ff1358004b51e2960d9178551643a6ed44f6496ea9ec999c19,direct-framework-reference,,android/content/DialogInterface$OnDismissListener,definition-present,unknown,1,0,unknown,aegis-evidence.json#/rows/54,False,unknown
aegis,0eecec45de0da3ff1358004b51e2960d9178551643a6ed44f6496ea9ec999c19,direct-framework-reference,,android/content/DialogInterface$OnKeyListener,definition-present,unknown,1,0,unknown,aegis-evidence.json#/rows/55,False,unknown
aegis,0eecec45de0da3ff1358004b51e2960d9178551643a6ed44f6496ea9ec999c19,direct-framework-reference,,android/content/DialogInterface$OnMultiChoiceClickListener,definition-present,unknown,5,0,unknown,aegis-evidence.json#/rows/56,False,unknown
aegis,0eecec45de0da3ff1358004b51e2960d9178551643a6ed44f6496ea9ec999c19,direct-framework-reference,,android/content/Intent,definition-present,yes-static,125,17,unknown,aegis-evidence.json#/rows/57,False,unknown
aegis,0eecec45de0da3ff1358004b51e2960d9178551643a6ed44f6496ea9ec999c19,direct-framework-reference,,android/content/IntentFilter,definition-present,yes-static,5,4,unknown,aegis-evidence.json#/rows/58,False,unknown
aegis,0eecec45de0da3ff1358004b51e2960d9178551643a6ed44f6496ea9ec999c19,direct-framework-reference,,android/content/IntentSender,definition-present,yes-static,7,4,unknown,aegis-evidence.json#/rows/59,False,unknown
aegis,0eecec45de0da3ff1358004b51e2960d9178551643a6ed44f6496ea9ec999c19,direct-framework-reference,,android/content/IntentSender$SendIntentException,definition-present,unknown,1,0,unknown,aegis-evidence.json#/rows/60,False,unknown
aegis,0eecec45de0da3ff1358004b51e2960d9178551643a6ed44f6496ea9ec999c19,direct-framework-reference,,android/content/ServiceConnection,definition-present,unknown,2,0,unknown,aegis-evidence.json#/rows/61,False,unknown
aegis,0eecec45de0da3ff1358004b51e2960d9178551643a6ed44f6496ea9ec999c19,direct-framework-reference,,android/content/SharedPreferences,definition-present,yes-static,75,21,unknown,aegis-evidence.json#/rows/62,False,unknown
aegis,0eecec45de0da3ff1358004b51e2960d9178551643a6ed44f6496ea9ec999c19,direct-framework-reference,,android/content/SharedPreferences$Editor,definition-present,yes-static,31,4,unknown,aegis-evidence.json#/rows/63,False,unknown
aegis,0eecec45de0da3ff1358004b51e2960d9178551643a6ed44f6496ea9ec999c19,direct-framework-reference,,android/content/UriMatcher,definition-present,unknown,2,0,unknown,aegis-evidence.json#/rows/64,False,unknown
aegis,0eecec45de0da3ff1358004b51e2960d9178551643a6ed44f6496ea9ec999c19,direct-framework-reference,,android/content/UriPermission,definition-present,unknown,1,0,unknown,aegis-evidence.json#/rows/65,False,unknown
aegis,0eecec45de0da3ff1358004b51e2960d9178551643a6ed44f6496ea9ec999c19,direct-framework-reference,,android/content/pm/ActivityInfo,definition-present,yes-static,5,2,unknown,aegis-evidence.json#/rows/66,False,unknown
aegis,0eecec45de0da3ff1358004b51e2960d9178551643a6ed44f6496ea9ec999c19,direct-framework-reference,,android/content/pm/ApplicationInfo,definition-present,yes-static,11,2,unknown,aegis-evidence.json#/rows/67,False,unknown
aegis,0eecec45de0da3ff1358004b51e2960d9178551643a6ed44f6496ea9ec999c19,direct-framework-reference,,android/content/pm/ComponentInfo,definition-present,unknown,1,0,unknown,aegis-evidence.json#/rows/68,False,unknown
aegis,0eecec45de0da3ff1358004b51e2960d9178551643a6ed44f6496ea9ec999c19,direct-framework-reference,,android/content/pm/PackageInfo,definition-present,yes-static,13,1,unknown,aegis-evidence.json#/rows/69,False,unknown
aegis,0eecec45de0da3ff1358004b51e2960d9178551643a6ed44f6496ea9ec999c19,direct-framework-reference,,android/content/pm/PackageItemInfo,definition-present,unknown,2,0,unknown,aegis-evidence.json#/rows/70,False,unknown
aegis,0eecec45de0da3ff1358004b51e2960d9178551643a6ed44f6496ea9ec999c19,direct-framework-reference,,android/content/pm/PackageManager,definition-present,yes-static,40,6,unknown,aegis-evidence.json#/rows/71,False,unknown
aegis,0eecec45de0da3ff1358004b51e2960d9178551643a6ed44f6496ea9ec999c19,direct-framework-reference,,android/content/pm/PackageManager$NameNotFoundException,definition-present,yes-static,1,1,unknown,aegis-evidence.json#/rows/72,False,unknown
aegis,0eecec45de0da3ff1358004b51e2960d9178551643a6ed44f6496ea9ec999c19,direct-framework-reference,,android/content/pm/PackageManager$PackageInfoFlags,definition-present,unknown,1,0,unknown,aegis-evidence.json#/rows/73,False,unknown
aegis,0eecec45de0da3ff1358004b51e2960d9178551643a6ed44f6496ea9ec999c19,direct-framework-reference,,android/content/pm/ProviderInfo,definition-present,yes-static,6,3,unknown,aegis-evidence.json#/rows/74,False,unknown
aegis,0eecec45de0da3ff1358004b51e2960d9178551643a6ed44f6496ea9ec999c19,direct-framework-reference,,android/content/pm/ResolveInfo,definition-present,unknown,4,0,unknown,aegis-evidence.json#/rows/75,False,unknown
aegis,0eecec45de0da3ff1358004b51e2960d9178551643a6ed44f6496ea9ec999c19,direct-framework-reference,,android/content/pm/ServiceInfo,definition-present,unknown,2,0,unknown,aegis-evidence.json#/rows/76,False,unknown
aegis,0eecec45de0da3ff1358004b51e2960d9178551643a6ed44f6496ea9ec999c19,direct-framework-reference,,android/content/pm/ShortcutInfo,definition-present,yes-static,2,2,unknown,aegis-evidence.json#/rows/77,False,unknown
aegis,0eecec45de0da3ff1358004b51e2960d9178551643a6ed44f6496ea9ec999c19,direct-framework-reference,,android/content/pm/ShortcutInfo$Builder,definition-present,yes-static,7,7,unknown,aegis-evidence.json#/rows/78,False,unknown
aegis,0eecec45de0da3ff1358004b51e2960d9178551643a6ed44f6496ea9ec999c19,direct-framework-reference,,android/content/pm/ShortcutManager,definition-present,yes-static,4,3,unknown,aegis-evidence.json#/rows/79,False,unknown
aegis,0eecec45de0da3ff1358004b51e2960d9178551643a6ed44f6496ea9ec999c19,direct-framework-reference,,android/content/pm/Signature,definition-present,yes-static,5,1,unknown,aegis-evidence.json#/rows/80,False,unknown
aegis,0eecec45de0da3ff1358004b51e2960d9178551643a6ed44f6496ea9ec999c19,direct-framework-reference,,android/content/res/AssetFileDescriptor,definition-present,unknown,17,0,unknown,aegis-evidence.json#/rows/81,False,unknown
aegis,0eecec45de0da3ff1358004b51e2960d9178551643a6ed44f6496ea9ec999c19,direct-framework-reference,,android/content/res/AssetManager,definition-present,yes-static,13,1,unknown,aegis-evidence.json#/rows/82,False,unknown
aegis,0eecec45de0da3ff1358004b51e2960d9178551643a6ed44f6496ea9ec999c19,direct-framework-reference,,android/content/res/AssetManager$AssetInputStream,definition-present,unknown,2,0,unknown,aegis-evidence.json#/rows/83,False,unknown
aegis,0eecec45de0da3ff1358004b51e2960d9178551643a6ed44f6496ea9ec999c19,direct-framework-reference,,android/content/res/ColorStateList,definition-present,yes-static,280,33,unknown,aegis-evidence.json#/rows/84,False,unknown
aegis,0eecec45de0da3ff1358004b51e2960d9178551643a6ed44f6496ea9ec999c19,direct-framework-reference,,android/content/res/Configuration,definition-present,yes-static,64,16,unknown,aegis-evidence.json#/rows/85,False,unknown
aegis,0eecec45de0da3ff1358004b51e2960d9178551643a6ed44f6496ea9ec999c19,direct-framework-reference,,android/content/res/Resources,definition-present,yes-static,336,60,unknown,aegis-evidence.json#/rows/86,False,unknown
aegis,0eecec45de0da3ff1358004b51e2960d9178551643a6ed44f6496ea9ec999c19,direct-framework-reference,,android/content/res/Resources$NotFoundException,definition-present,yes-static,2,2,unknown,aegis-evidence.json#/rows/87,False,unknown
aegis,0eecec45de0da3ff1358004b51e2960d9178551643a6ed44f6496ea9ec999c19,direct-framework-reference,,android/content/res/Resources$Theme,definition-present,yes-static,111,40,unknown,aegis-evidence.json#/rows/88,False,unknown
aegis,0eecec45de0da3ff1358004b51e2960d9178551643a6ed44f6496ea9ec999c19,direct-framework-reference,,android/content/res/TypedArray,definition-present,yes-static,191,49,unknown,aegis-evidence.json#/rows/89,False,unknown
aegis,0eecec45de0da3ff1358004b51e2960d9178551643a6ed44f6496ea9ec999c19,direct-framework-reference,,android/content/res/XmlResourceParser,definition-present,yes-static,26,13,unknown,aegis-evidence.json#/rows/90,False,unknown
aegis,0eecec45de0da3ff1358004b51e2960d9178551643a6ed44f6496ea9ec999c19,direct-framework-reference,,android/database/ContentObserver,definition-present,unknown,2,0,unknown,aegis-evidence.json#/rows/91,False,unknown
aegis,0eecec45de0da3ff1358004b51e2960d9178551643a6ed44f6496ea9ec999c19,direct-framework-reference,,android/database/Cursor,definition-present,yes-static,49,1,unknown,aegis-evidence.json#/rows/92,False,unknown
aegis,0eecec45de0da3ff1358004b51e2960d9178551643a6ed44f6496ea9ec999c19,direct-framework-reference,,android/database/DataSetObserver,definition-present,unknown,5,0,unknown,aegis-evidence.json#/rows/93,False,unknown
aegis,0eecec45de0da3ff1358004b51e2960d9178551643a6ed44f6496ea9ec999c19,direct-framework-reference,,android/database/DatabaseErrorHandler,definition-present,yes-static,1,1,unknown,aegis-evidence.json#/rows/94,False,unknown
aegis,0eecec45de0da3ff1358004b51e2960d9178551643a6ed44f6496ea9ec999c19,direct-framework-reference,,android/database/MatrixCursor,definition-present,unknown,1,0,unknown,aegis-evidence.json#/rows/95,False,unknown
aegis,0eecec45de0da3ff1358004b51e2960d9178551643a6ed44f6496ea9ec999c19,direct-framework-reference,,android/database/Observable,definition-present,yes-static,13,4,unknown,aegis-evidence.json#/rows/96,False,unknown
aegis,0eecec45de0da3ff1358004b51e2960d9178551643a6ed44f6496ea9ec999c19,direct-framework-reference,,android/database/SQLException,definition-present,unknown,1,0,unknown,aegis-evidence.json#/rows/97,False,unknown
aegis,0eecec45de0da3ff1358004b51e2960d9178551643a6ed44f6496ea9ec999c19,direct-framework-reference,,android/database/sqlite/SQLiteClosable,definition-present,unknown,3,0,unknown,aegis-evidence.json#/rows/98,False,unknown
aegis,0eecec45de0da3ff1358004b51e2960d9178551643a6ed44f6496ea9ec999c19,direct-framework-reference,,android/database/sqlite/SQLiteCursor,definition-present,unknown,1,0,unknown,aegis-evidence.json#/rows/99,False,unknown
aegis,0eecec45de0da3ff1358004b51e2960d9178551643a6ed44f6496ea9ec999c19,direct-framework-reference,,android/database/sqlite/SQLiteCursorDriver,definition-present,unknown,1,0,unknown,aegis-evidence.json#/rows/100,False,unknown
aegis,0eecec45de0da3ff1358004b51e2960d9178551643a6ed44f6496ea9ec999c19,direct-framework-reference,,android/database/sqlite/SQLiteDatabase,definition-present,unknown,23,0,unknown,aegis-evidence.json#/rows/101,False,unknown
aegis,0eecec45de0da3ff1358004b51e2960d9178551643a6ed44f6496ea9ec999c19,direct-framework-reference,,android/database/sqlite/SQLiteDatabase$CursorFactory,definition-present,yes-static,3,1,unknown,aegis-evidence.json#/rows/102,False,unknown
aegis,0eecec45de0da3ff1358004b51e2960d9178551643a6ed44f6496ea9ec999c19,direct-framework-reference,,android/database/sqlite/SQLiteException,definition-present,unknown,1,0,unknown,aegis-evidence.json#/rows/103,False,unknown
aegis,0eecec45de0da3ff1358004b51e2960d9178551643a6ed44f6496ea9ec999c19,direct-framework-reference,,android/database/sqlite/SQLiteOpenHelper,definition-present,yes-static,6,2,unknown,aegis-evidence.json#/rows/104,False,unknown
aegis,0eecec45de0da3ff1358004b51e2960d9178551643a6ed44f6496ea9ec999c19,direct-framework-reference,,android/database/sqlite/SQLiteProgram,definition-present,unknown,9,0,unknown,aegis-evidence.json#/rows/105,False,unknown
aegis,0eecec45de0da3ff1358004b51e2960d9178551643a6ed44f6496ea9ec999c19,direct-framework-reference,,android/database/sqlite/SQLiteQuery,definition-present,unknown,1,0,unknown,aegis-evidence.json#/rows/106,False,unknown
aegis,0eecec45de0da3ff1358004b51e2960d9178551643a6ed44f6496ea9ec999c19,direct-framework-reference,,android/database/sqlite/SQLiteStatement,definition-present,unknown,3,0,unknown,aegis-evidence.json#/rows/107,False,unknown
aegis,0eecec45de0da3ff1358004b51e2960d9178551643a6ed44f6496ea9ec999c19,direct-framework-reference,,android/database/sqlite/SQLiteTransactionListener,definition-present,unknown,1,0,unknown,aegis-evidence.json#/rows/108,False,unknown
aegis,0eecec45de0da3ff1358004b51e2960d9178551643a6ed44f6496ea9ec999c19,direct-framework-reference,,android/drm/DrmManagerClient,definition-present,yes-static,2,2,unknown,aegis-evidence.json#/rows/109,False,unknown
aegis,0eecec45de0da3ff1358004b51e2960d9178551643a6ed44f6496ea9ec999c19,direct-framework-reference,,android/graphics/Bitmap,definition-present,yes-static,103,1,unknown,aegis-evidence.json#/rows/110,False,unknown
aegis,0eecec45de0da3ff1358004b51e2960d9178551643a6ed44f6496ea9ec999c19,direct-framework-reference,,android/graphics/Bitmap$CompressFormat,definition-present,unknown,6,0,unknown,aegis-evidence.json#/rows/111,False,unknown
aegis,0eecec45de0da3ff1358004b51e2960d9178551643a6ed44f6496ea9ec999c19,direct-framework-reference,,android/graphics/Bitmap$Config,definition-present,yes-static,44,1,unknown,aegis-evidence.json#/rows/112,False,unknown
aegis,0eecec45de0da3ff1358004b51e2960d9178551643a6ed44f6496ea9ec999c19,direct-framework-reference,,android/graphics/BitmapFactory,definition-present,unknown,5,0,unknown,aegis-evidence.json#/rows/113,False,unknown
aegis,0eecec45de0da3ff1358004b51e2960d9178551643a6ed44f6496ea9ec999c19,direct-framework-reference,,android/graphics/BitmapFactory$Options,definition-present,unknown,15,0,unknown,aegis-evidence.json#/rows/114,False,unknown
aegis,0eecec45de0da3ff1358004b51e2960d9178551643a6ed44f6496ea9ec999c19,direct-framework-reference,,android/graphics/BitmapShader,definition-present,unknown,1,0,unknown,aegis-evidence.json#/rows/115,False,unknown
aegis,0eecec45de0da3ff1358004b51e2960d9178551643a6ed44f6496ea9ec999c19,direct-framework-reference,,android/graphics/Canvas,definition-present,yes-static,92,1,unknown,aegis-evidence.json#/rows/116,False,unknown
aegis,0eecec45de0da3ff1358004b51e2960d9178551643a6ed44f6496ea9ec999c19,direct-framework-reference,,android/graphics/Color,definition-present,yes-static,19,8,unknown,aegis-evidence.json#/rows/117,False,unknown
aegis,0eecec45de0da3ff1358004b51e2960d9178551643a6ed44f6496ea9ec999c19,direct-framework-reference,,android/graphics/ColorFilter,definition-present,yes-static,27,5,unknown,aegis-evidence.json#/rows/118,False,unknown
aegis,0eecec45de0da3ff1358004b51e2960d9178551643a6ed44f6496ea9ec999c19,direct-framework-reference,,android/graphics/ColorMatrix,definition-present,unknown,1,0,unknown,aegis-evidence.json#/rows/119,False,unknown
aegis,0eecec45de0da3ff1358004b51e2960d9178551643a6ed44f6496ea9ec999c19,direct-framework-reference,,android/graphics/ColorMatrixColorFilter,definition-present,unknown,1,0,unknown,aegis-evidence.json#/rows/120,False,unknown
aegis,0eecec45de0da3ff1358004b51e2960d9178551643a6ed44f6496ea9ec999c19,direct-framework-reference,,android/graphics/ColorSpace,definition-present,unknown,11,0,unknown,aegis-evidence.json#/rows/121,False,unknown
aegis,0eecec45de0da3ff1358004b51e2960d9178551643a6ed44f6496ea9ec999c19,direct-framework-reference,,android/graphics/ColorSpace$Named,definition-present,unknown,6,0,unknown,aegis-evidence.json#/rows/122,False,unknown
aegis,0eecec45de0da3ff1358004b51e2960d9178551643a6ed44f6496ea9ec999c19,direct-framework-reference,,android/graphics/DashPathEffect,definition-present,unknown,1,0,unknown,aegis-evidence.json#/rows/123,False,unknown
aegis,0eecec45de0da3ff1358004b51e2960d9178551643a6ed44f6496ea9ec999c19,direct-framework-reference,,android/graphics/ImageDecoder,definition-present,unknown,10,0,unknown,aegis-evidence.json#/rows/124,False,unknown
aegis,0eecec45de0da3ff1358004b51e2960d9178551643a6ed44f6496ea9ec999c19,direct-framework-reference,,android/graphics/ImageDecoder$ImageInfo,definition-present,unknown,3,0,unknown,aegis-evidence.json#/rows/125,False,unknown
aegis,0eecec45de0da3ff1358004b51e2960d9178551643a6ed44f6496ea9ec999c19,direct-framework-reference,,android/graphics/ImageDecoder$OnHeaderDecodedListener,definition-present,unknown,2,0,unknown,aegis-evidence.json#/rows/126,False,unknown
aegis,0eecec45de0da3ff1358004b51e2960d9178551643a6ed44f6496ea9ec999c19,direct-framework-reference,,android/graphics/ImageDecoder$Source,definition-present,unknown,10,0,unknown,aegis-evidence.json#/rows/127,False,unknown
aegis,0eecec45de0da3ff1358004b51e2960d9178551643a6ed44f6496ea9ec999c19,direct-framework-reference,,android/graphics/Insets,definition-present,unknown,40,0,unknown,aegis-evidence.json#/rows/128,False,unknown
aegis,0eecec45de0da3ff1358004b51e2960d9178551643a6ed44f6496ea9ec999c19,direct-framework-reference,,android/graphics/LinearGradient,definition-present,yes-static,4,1,unknown,aegis-evidence.json#/rows/129,False,unknown
aegis,0eecec45de0da3ff1358004b51e2960d9178551643a6ed44f6496ea9ec999c19,direct-framework-reference,,android/graphics/Matrix,definition-present,yes-static,156,15,unknown,aegis-evidence.json#/rows/130,False,unknown
aegis,0eecec45de0da3ff1358004b51e2960d9178551643a6ed44f6496ea9ec999c19,direct-framework-reference,,android/graphics/Matrix$ScaleToFit,definition-present,yes-static,7,1,unknown,aegis-evidence.json#/rows/131,False,unknown
aegis,0eecec45de0da3ff1358004b51e2960d9178551643a6ed44f6496ea9ec999c19,direct-framework-reference,,android/graphics/Outline,definition-present,unknown,15,0,unknown,aegis-evidence.json#/rows/132,False,unknown
aegis,0eecec45de0da3ff1358004b51e2960d9178551643a6ed44f6496ea9ec999c19,direct-framework-reference,,android/graphics/Paint,definition-present,yes-static,120,18,unknown,aegis-evidence.json#/rows/133,False,unknown
aegis,0eecec45de0da3ff1358004b51e2960d9178551643a6ed44f6496ea9ec999c19,direct-framework-reference,,android/graphics/Paint$Align,definition-present,unknown,2,0,unknown,aegis-evidence.json#/rows/134,False,unknown
aegis,0eecec45de0da3ff1358004b51e2960d9178551643a6ed44f6496ea9ec999c19,direct-framework-reference,,android/graphics/Paint$Cap,definition-present,yes-static,5,1,unknown,aegis-evidence.json#/rows/135,False,unknown
aegis,0eecec45de0da3ff1358004b51e2960d9178551643a6ed44f6496ea9ec999c19,direct-framework-reference,,android/graphics/Paint$FontMetrics,definition-present,yes-static,5,1,unknown,aegis-evidence.json#/rows/136,False,unknown
aegis,0eecec45de0da3ff1358004b51e2960d9178551643a6ed44f6496ea9ec999c19,direct-framework-reference,,android/graphics/Paint$FontMetricsInt,definition-present,yes-static,7,3,unknown,aegis-evidence.json#/rows/137,False,unknown
aegis,0eecec45de0da3ff1358004b51e2960d9178551643a6ed44f6496ea9ec999c19,direct-framework-reference,,android/graphics/Paint$Join,definition-present,yes-static,4,1,unknown,aegis-evidence.json#/rows/138,False,unknown
aegis,0eecec45de0da3ff1358004b51e2960d9178551643a6ed44f6496ea9ec999c19,direct-framework-reference,,android/graphics/Paint$Style,definition-present,yes-static,19,4,unknown,aegis-evidence.json#/rows/139,False,unknown
aegis,0eecec45de0da3ff1358004b51e2960d9178551643a6ed44f6496ea9ec999c19,direct-framework-reference,,android/graphics/Path,definition-present,yes-static,71,9,unknown,aegis-evidence.json#/rows/140,False,unknown
aegis,0eecec45de0da3ff1358004b51e2960d9178551643a6ed44f6496ea9ec999c19,direct-framework-reference,,android/graphics/Path$Direction,definition-present,unknown,2,0,unknown,aegis-evidence.json#/rows/141,False,unknown
aegis,0eecec45de0da3ff1358004b51e2960d9178551643a6ed44f6496ea9ec999c19,direct-framework-reference,,android/graphics/Path$FillType,definition-present,unknown,4,0,unknown,aegis-evidence.json#/rows/142,False,unknown
aegis,0eecec45de0da3ff1358004b51e2960d9178551643a6ed44f6496ea9ec999c19,direct-framework-reference,,android/graphics/Path$Op,definition-present,unknown,4,0,unknown,aegis-evidence.json#/rows/143,False,unknown
aegis,0eecec45de0da3ff1358004b51e2960d9178551643a6ed44f6496ea9ec999c19,direct-framework-reference,,android/graphics/PathEffect,definition-present,unknown,1,0,unknown,aegis-evidence.json#/rows/144,False,unknown
aegis,0eecec45de0da3ff1358004b51e2960d9178551643a6ed44f6496ea9ec999c19,direct-framework-reference,,android/graphics/PathMeasure,definition-present,yes-static,6,1,unknown,aegis-evidence.json#/rows/145,False,unknown
aegis,0eecec45de0da3ff1358004b51e2960d9178551643a6ed44f6496ea9ec999c19,direct-framework-reference,,android/graphics/Picture,definition-present,unknown,4,0,unknown,aegis-evidence.json#/rows/146,False,unknown
aegis,0eecec45de0da3ff1358004b51e2960d9178551643a6ed44f6496ea9ec999c19,direct-framework-reference,,android/graphics/Point,definition-present,yes-static,7,2,unknown,aegis-evidence.json#/rows/147,False,unknown
aegis,0eecec45de0da3ff1358004b51e2960d9178551643a6ed44f6496ea9ec999c19,direct-framework-reference,,android/graphics/PointF,definition-present,unknown,24,0,unknown,aegis-evidence.json#/rows/148,False,unknown
aegis,0eecec45de0da3ff1358004b51e2960d9178551643a6ed44f6496ea9ec999c19,direct-framework-reference,,android/graphics/PorterDuff$Mode,definition-present,yes-static,193,25,unknown,aegis-evidence.json#/rows/149,False,unknown
aegis,0eecec45de0da3ff1358004b51e2960d9178551643a6ed44f6496ea9ec999c19,direct-framework-reference,,android/graphics/PorterDuffColorFilter,definition-present,yes-static,24,9,unknown,aegis-evidence.json#/rows/150,False,unknown
aegis,0eecec45de0da3ff1358004b51e2960d9178551643a6ed44f6496ea9ec999c19,direct-framework-reference,,android/graphics/PorterDuffXfermode,definition-present,yes-static,5,1,unknown,aegis-evidence.json#/rows/151,False,unknown
aegis,0eecec45de0da3ff1358004b51e2960d9178551643a6ed44f6496ea9ec999c19,direct-framework-reference,,android/graphics/RadialGradient,definition-present,yes-static,4,1,unknown,aegis-evidence.json#/rows/152,False,unknown
aegis,0eecec45de0da3ff1358004b51e2960d9178551643a6ed44f6496ea9ec999c19,direct-framework-reference,,android/graphics/Rect,definition-present,yes-static,347,31,unknown,aegis-evidence.json#/rows/153,False,unknown
aegis,0eecec45de0da3ff1358004b51e2960d9178551643a6ed44f6496ea9ec999c19,direct-framework-reference,,android/graphics/RectF,definition-present,yes-static,145,16,unknown,aegis-evidence.json#/rows/154,False,unknown
aegis,0eecec45de0da3ff1358004b51e2960d9178551643a6ed44f6496ea9ec999c19,direct-framework-reference,,android/graphics/Region,definition-present,yes-static,4,1,unknown,aegis-evidence.json#/rows/155,False,unknown
aegis,0eecec45de0da3ff1358004b51e2960d9178551643a6ed44f6496ea9ec999c19,direct-framework-reference,,android/graphics/Region$Op,definition-present,unknown,4,0,unknown,aegis-evidence.json#/rows/156,False,unknown
aegis,0eecec45de0da3ff1358004b51e2960d9178551643a6ed44f6496ea9ec999c19,direct-framework-reference,,android/graphics/Shader,definition-present,unknown,9,0,unknown,aegis-evidence.json#/rows/157,False,unknown
aegis,0eecec45de0da3ff1358004b51e2960d9178551643a6ed44f6496ea9ec999c19,direct-framework-reference,,android/graphics/Shader$TileMode,definition-present,yes-static,8,2,unknown,aegis-evidence.json#/rows/158,False,unknown
aegis,0eecec45de0da3ff1358004b51e2960d9178551643a6ed44f6496ea9ec999c19,direct-framework-reference,,android/graphics/SurfaceTexture,definition-present,yes-static,19,1,unknown,aegis-evidence.json#/rows/159,False,unknown
aegis,0eecec45de0da3ff1358004b51e2960d9178551643a6ed44f6496ea9ec999c19,direct-framework-reference,,android/graphics/SweepGradient,definition-present,yes-static,1,1,unknown,aegis-evidence.json#/rows/160,False,unknown
aegis,0eecec45de0da3ff1358004b51e2960d9178551643a6ed44f6496ea9ec999c19,direct-framework-reference,,android/graphics/Typeface,definition-present,yes-static,78,13,unknown,aegis-evidence.json#/rows/161,False,unknown
aegis,0eecec45de0da3ff1358004b51e2960d9178551643a6ed44f6496ea9ec999c19,direct-framework-reference,,android/graphics/Typeface$Builder,definition-present,unknown,1,0,unknown,aegis-evidence.json#/rows/162,False,unknown
aegis,0eecec45de0da3ff1358004b51e2960d9178551643a6ed44f6496ea9ec999c19,direct-framework-reference,,android/graphics/Typeface$CustomFallbackBuilder,definition-present,unknown,4,0,unknown,aegis-evidence.json#/rows/163,False,unknown
aegis,0eecec45de0da3ff1358004b51e2960d9178551643a6ed44f6496ea9ec999c19,direct-framework-reference,,android/graphics/Xfermode,definition-present,yes-static,5,1,unknown,aegis-evidence.json#/rows/164,False,unknown
aegis,0eecec45de0da3ff1358004b51e2960d9178551643a6ed44f6496ea9ec999c19,direct-framework-reference,,android/graphics/drawable/Animatable,definition-present,yes-static,11,2,unknown,aegis-evidence.json#/rows/165,False,unknown
aegis,0eecec45de0da3ff1358004b51e2960d9178551643a6ed44f6496ea9ec999c19,direct-framework-reference,,android/graphics/drawable/Animatable2$AnimationCallback,definition-present,unknown,2,0,unknown,aegis-evidence.json#/rows/166,False,unknown
aegis,0eecec45de0da3ff1358004b51e2960d9178551643a6ed44f6496ea9ec999c19,direct-framework-reference,,android/graphics/drawable/AnimatedImageDrawable,definition-present,unknown,10,0,unknown,aegis-evidence.json#/rows/167,False,unknown
aegis,0eecec45de0da3ff1358004b51e2960d9178551643a6ed44f6496ea9ec999c19,direct-framework-reference,,android/graphics/drawable/AnimatedStateListDrawable,definition-present,unknown,1,0,unknown,aegis-evidence.json#/rows/168,False,unknown
aegis,0eecec45de0da3ff1358004b51e2960d9178551643a6ed44f6496ea9ec999c19,direct-framework-reference,,android/graphics/drawable/AnimatedVectorDrawable,definition-present,unknown,5,0,unknown,aegis-evidence.json#/rows/169,False,unknown
aegis,0eecec45de0da3ff1358004b51e2960d9178551643a6ed44f6496ea9ec999c19,direct-framework-reference,,android/graphics/drawable/AnimationDrawable,definition-present,yes-static,3,2,unknown,aegis-evidence.json#/rows/170,False,unknown
aegis,0eecec45de0da3ff1358004b51e2960d9178551643a6ed44f6496ea9ec999c19,direct-framework-reference,,android/graphics/drawable/BitmapDrawable,definition-present,yes-static,14,1,unknown,aegis-evidence.json#/rows/171,False,unknown
aegis,0eecec45de0da3ff1358004b51e2960d9178551643a6ed44f6496ea9ec999c19,direct-framework-reference,,android/graphics/drawable/ClipDrawable,definition-present,unknown,1,0,unknown,aegis-evidence.json#/rows/172,False,unknown
aegis,0eecec45de0da3ff1358004b51e2960d9178551643a6ed44f6496ea9ec999c19,direct-framework-reference,,android/graphics/drawable/ColorDrawable,definition-present,yes-static,13,1,unknown,aegis-evidence.json#/rows/173,False,unknown
aegis,0eecec45de0da3ff1358004b51e2960d9178551643a6ed44f6496ea9ec999c19,direct-framework-reference,,android/graphics/drawable/ColorStateListDrawable,definition-present,unknown,4,0,unknown,aegis-evidence.json#/rows/174,False,unknown
aegis,0eecec45de0da3ff1358004b51e2960d9178551643a6ed44f6496ea9ec999c19,direct-framework-reference,,android/graphics/drawable/Drawable,definition-present,yes-static,814,82,unknown,aegis-evidence.json#/rows/175,False,unknown
aegis,0eecec45de0da3ff1358004b51e2960d9178551643a6ed44f6496ea9ec999c19,direct-framework-reference,,android/graphics/drawable/Drawable$Callback,definition-present,yes-static,32,7,unknown,aegis-evidence.json#/rows/176,False,unknown
aegis,0eecec45de0da3ff1358004b51e2960d9178551643a6ed44f6496ea9ec999c19,direct-framework-reference,,android/graphics/drawable/Drawable$ConstantState,definition-present,yes-static,41,11,unknown,aegis-evidence.json#/rows/177,False,unknown
aegis,0eecec45de0da3ff1358004b51e2960d9178551643a6ed44f6496ea9ec999c19,direct-framework-reference,,android/graphics/drawable/DrawableWrapper,definition-present,yes-static,19,2,unknown,aegis-evidence.json#/rows/178,False,unknown
aegis,0eecec45de0da3ff1358004b51e2960d9178551643a6ed44f6496ea9ec999c19,direct-framework-reference,,android/graphics/drawable/GradientDrawable,definition-present,unknown,4,0,unknown,aegis-evidence.json#/rows/179,False,unknown
aegis,0eecec45de0da3ff1358004b51e2960d9178551643a6ed44f6496ea9ec999c19,direct-framework-reference,,android/graphics/drawable/Icon,definition-present,yes-static,3,2,unknown,aegis-evidence.json#/rows/180,False,unknown
aegis,0eecec45de0da3ff1358004b51e2960d9178551643a6ed44f6496ea9ec999c19,direct-framework-reference,,android/graphics/drawable/InsetDrawable,definition-present,yes-static,10,5,unknown,aegis-evidence.json#/rows/181,False,unknown
aegis,0eecec45de0da3ff1358004b51e2960d9178551643a6ed44f6496ea9ec999c19,direct-framework-reference,,android/graphics/drawable/LayerDrawable,definition-present,yes-static,22,7,unknown,aegis-evidence.json#/rows/182,False,unknown
aegis,0eecec45de0da3ff1358004b51e2960d9178551643a6ed44f6496ea9ec999c19,direct-framework-reference,,android/graphics/drawable/PictureDrawable,definition-present,unknown,2,0,unknown,aegis-evidence.json#/rows/183,False,unknown
aegis,0eecec45de0da3ff1358004b51e2960d9178551643a6ed44f6496ea9ec999c19,direct-framework-reference,,android/graphics/drawable/RippleDrawable,definition-present,yes-static,28,4,unknown,aegis-evidence.json#/rows/184,False,unknown
aegis,0eecec45de0da3ff1358004b51e2960d9178551643a6ed44f6496ea9ec999c19,direct-framework-reference,,android/graphics/drawable/ShapeDrawable,definition-present,yes-static,7,1,unknown,aegis-evidence.json#/rows/185,False,unknown
aegis,0eecec45de0da3ff1358004b51e2960d9178551643a6ed44f6496ea9ec999c19,direct-framework-reference,,android/graphics/drawable/StateListDrawable,definition-present,unknown,9,0,unknown,aegis-evidence.json#/rows/186,False,unknown
aegis,0eecec45de0da3ff1358004b51e2960d9178551643a6ed44f6496ea9ec999c19,direct-framework-reference,,android/graphics/drawable/VectorDrawable,definition-present,unknown,3,0,unknown,aegis-evidence.json#/rows/187,False,unknown
aegis,0eecec45de0da3ff1358004b51e2960d9178551643a6ed44f6496ea9ec999c19,direct-framework-reference,,android/graphics/drawable/shapes/OvalShape,definition-present,yes-static,2,1,unknown,aegis-evidence.json#/rows/188,False,unknown
aegis,0eecec45de0da3ff1358004b51e2960d9178551643a6ed44f6496ea9ec999c19,direct-framework-reference,,android/graphics/drawable/shapes/RectShape,definition-present,unknown,2,0,unknown,aegis-evidence.json#/rows/189,False,unknown
aegis,0eecec45de0da3ff1358004b51e2960d9178551643a6ed44f6496ea9ec999c19,direct-framework-reference,,android/graphics/drawable/shapes/RoundRectShape,definition-present,unknown,1,0,unknown,aegis-evidence.json#/rows/190,False,unknown
aegis,0eecec45de0da3ff1358004b51e2960d9178551643a6ed44f6496ea9ec999c19,direct-framework-reference,,android/graphics/drawable/shapes/Shape,definition-present,yes-static,3,1,unknown,aegis-evidence.json#/rows/191,False,unknown
aegis,0eecec45de0da3ff1358004b51e2960d9178551643a6ed44f6496ea9ec999c19,direct-framework-reference,,android/graphics/fonts/Font,definition-present,unknown,6,0,unknown,aegis-evidence.json#/rows/192,False,unknown
aegis,0eecec45de0da3ff1358004b51e2960d9178551643a6ed44f6496ea9ec999c19,direct-framework-reference,,android/graphics/fonts/Font$Builder,definition-present,unknown,3,0,unknown,aegis-evidence.json#/rows/193,False,unknown
aegis,0eecec45de0da3ff1358004b51e2960d9178551643a6ed44f6496ea9ec999c19,direct-framework-reference,,android/graphics/fonts/FontFamily,definition-present,unknown,6,0,unknown,aegis-evidence.json#/rows/194,False,unknown
aegis,0eecec45de0da3ff1358004b51e2960d9178551643a6ed44f6496ea9ec999c19,direct-framework-reference,,android/graphics/fonts/FontFamily$Builder,definition-present,unknown,3,0,unknown,aegis-evidence.json#/rows/195,False,unknown
aegis,0eecec45de0da3ff1358004b51e2960d9178551643a6ed44f6496ea9ec999c19,direct-framework-reference,,android/graphics/fonts/FontStyle,definition-present,unknown,6,0,unknown,aegis-evidence.json#/rows/196,False,unknown
aegis,0eecec45de0da3ff1358004b51e2960d9178551643a6ed44f6496ea9ec999c19,direct-framework-reference,,android/graphics/fonts/FontVariationAxis,definition-present,yes-static,4,2,unknown,aegis-evidence.json#/rows/197,False,unknown
aegis,0eecec45de0da3ff1358004b51e2960d9178551643a6ed44f6496ea9ec999c19,direct-framework-reference,,android/hardware/biometrics/BiometricManager,definition-present,unknown,6,0,unknown,aegis-evidence.json#/rows/198,False,unknown
aegis,0eecec45de0da3ff1358004b51e2960d9178551643a6ed44f6496ea9ec999c19,direct-framework-reference,,android/hardware/biometrics/BiometricPrompt,definition-present,unknown,4,0,unknown,aegis-evidence.json#/rows/199,False,unknown
aegis,0eecec45de0da3ff1358004b51e2960d9178551643a6ed44f6496ea9ec999c19,direct-framework-reference,,android/hardware/biometrics/BiometricPrompt$AuthenticationCallback,definition-present,unknown,4,0,unknown,aegis-evidence.json#/rows/200,False,unknown
aegis,0eecec45de0da3ff1358004b51e2960d9178551643a6ed44f6496ea9ec999c19,direct-framework-reference,,android/hardware/biometrics/BiometricPrompt$AuthenticationResult,definition-present,unknown,2,0,unknown,aegis-evidence.json#/rows/201,False,unknown
aegis,0eecec45de0da3ff1358004b51e2960d9178551643a6ed44f6496ea9ec999c19,direct-framework-reference,,android/hardware/biometrics/BiometricPrompt$Builder,definition-present,unknown,8,0,unknown,aegis-evidence.json#/rows/202,False,unknown
aegis,0eecec45de0da3ff1358004b51e2960d9178551643a6ed44f6496ea9ec999c19,direct-framework-reference,,android/hardware/biometrics/BiometricPrompt$CryptoObject,definition-present,unknown,14,0,unknown,aegis-evidence.json#/rows/203,False,unknown
aegis,0eecec45de0da3ff1358004b51e2960d9178551643a6ed44f6496ea9ec999c19,direct-framework-reference,,android/hardware/camera2/CameraAccessException,definition-present,unknown,13,0,unknown,aegis-evidence.json#/rows/204,False,unknown
aegis,0eecec45de0da3ff1358004b51e2960d9178551643a6ed44f6496ea9ec999c19,direct-framework-reference,,android/hardware/camera2/CameraCaptureSession,definition-present,unknown,56,0,unknown,aegis-evidence.json#/rows/205,False,unknown
aegis,0eecec45de0da3ff1358004b51e2960d9178551643a6ed44f6496ea9ec999c19,direct-framework-reference,,android/hardware/camera2/CameraCaptureSession$CaptureCallback,definition-present,yes-static,41,3,unknown,aegis-evidence.json#/rows/206,False,unknown
aegis,0eecec45de0da3ff1358004b51e2960d9178551643a6ed44f6496ea9ec999c19,direct-framework-reference,,android/hardware/camera2/CameraCaptureSession$StateCallback,definition-present,yes-static,29,2,unknown,aegis-evidence.json#/rows/207,False,unknown
aegis,0eecec45de0da3ff1358004b51e2960d9178551643a6ed44f6496ea9ec999c19,direct-framework-reference,,android/hardware/camera2/CameraCharacteristics,definition-present,yes-static,33,7,unknown,aegis-evidence.json#/rows/208,False,unknown
aegis,0eecec45de0da3ff1358004b51e2960d9178551643a6ed44f6496ea9ec999c19,direct-framework-reference,,android/hardware/camera2/CameraCharacteristics$Key,definition-present,yes-static,27,8,unknown,aegis-evidence.json#/rows/209,False,unknown
aegis,0eecec45de0da3ff1358004b51e2960d9178551643a6ed44f6496ea9ec999c19,direct-framework-reference,,android/hardware/camera2/CameraDevice,definition-present,unknown,31,0,unknown,aegis-evidence.json#/rows/210,False,unknown
aegis,0eecec45de0da3ff1358004b51e2960d9178551643a6ed44f6496ea9ec999c19,direct-framework-reference,,android/hardware/camera2/CameraDevice$StateCallback,definition-present,yes-static,21,2,unknown,aegis-evidence.json#/rows/211,False,unknown
aegis,0eecec45de0da3ff1358004b51e2960d9178551643a6ed44f6496ea9ec999c19,direct-framework-reference,,android/hardware/camera2/CameraManager,definition-present,unknown,12,0,unknown,aegis-evidence.json#/rows/212,False,unknown
aegis,0eecec45de0da3ff1358004b51e2960d9178551643a6ed44f6496ea9ec999c19,direct-framework-reference,,android/hardware/camera2/CameraManager$AvailabilityCallback,definition-present,unknown,8,0,unknown,aegis-evidence.json#/rows/213,False,unknown
aegis,0eecec45de0da3ff1358004b51e2960d9178551643a6ed44f6496ea9ec999c19,direct-framework-reference,,android/hardware/camera2/CaptureFailure,definition-present,unknown,3,0,unknown,aegis-evidence.json#/rows/214,False,unknown
aegis,0eecec45de0da3ff1358004b51e2960d9178551643a6ed44f6496ea9ec999c19,direct-framework-reference,,android/hardware/camera2/CaptureRequest,definition-present,yes-static,38,1,unknown,aegis-evidence.json#/rows/215,False,unknown
aegis,0eecec45de0da3ff1358004b51e2960d9178551643a6ed44f6496ea9ec999c19,direct-framework-reference,,android/hardware/camera2/CaptureRequest$Builder,definition-present,unknown,4,0,unknown,aegis-evidence.json#/rows/216,False,unknown
aegis,0eecec45de0da3ff1358004b51e2960d9178551643a6ed44f6496ea9ec999c19,direct-framework-reference,,android/hardware/camera2/CaptureRequest$Key,definition-present,yes-static,33,9,unknown,aegis-evidence.json#/rows/217,False,unknown
aegis,0eecec45de0da3ff1358004b51e2960d9178551643a6ed44f6496ea9ec999c19,direct-framework-reference,,android/hardware/camera2/CaptureResult,definition-present,unknown,10,0,unknown,aegis-evidence.json#/rows/218,False,unknown
aegis,0eecec45de0da3ff1358004b51e2960d9178551643a6ed44f6496ea9ec999c19,direct-framework-reference,,android/hardware/camera2/CaptureResult$Key,definition-present,unknown,4,0,unknown,aegis-evidence.json#/rows/219,False,unknown
aegis,0eecec45de0da3ff1358004b51e2960d9178551643a6ed44f6496ea9ec999c19,direct-framework-reference,,android/hardware/camera2/TotalCaptureResult,definition-present,unknown,11,0,unknown,aegis-evidence.json#/rows/220,False,unknown
aegis,0eecec45de0da3ff1358004b51e2960d9178551643a6ed44f6496ea9ec999c19,direct-framework-reference,,android/hardware/camera2/params/DynamicRangeProfiles,definition-present,unknown,9,0,unknown,aegis-evidence.json#/rows/221,False,unknown
aegis,0eecec45de0da3ff1358004b51e2960d9178551643a6ed44f6496ea9ec999c19,direct-framework-reference,,android/hardware/camera2/params/InputConfiguration,definition-present,yes-static,18,2,unknown,aegis-evidence.json#/rows/222,False,unknown
aegis,0eecec45de0da3ff1358004b51e2960d9178551643a6ed44f6496ea9ec999c19,direct-framework-reference,,android/hardware/camera2/params/MeteringRectangle,definition-present,unknown,4,0,unknown,aegis-evidence.json#/rows/223,False,unknown
aegis,0eecec45de0da3ff1358004b51e2960d9178551643a6ed44f6496ea9ec999c19,direct-framework-reference,,android/hardware/camera2/params/MultiResolutionStreamInfo,definition-present,unknown,1,0,unknown,aegis-evidence.json#/rows/224,False,unknown
aegis,0eecec45de0da3ff1358004b51e2960d9178551643a6ed44f6496ea9ec999c19,direct-framework-reference,,android/hardware/camera2/params/OutputConfiguration,definition-present,unknown,27,0,unknown,aegis-evidence.json#/rows/225,False,unknown
aegis,0eecec45de0da3ff1358004b51e2960d9178551643a6ed44f6496ea9ec999c19,direct-framework-reference,,android/hardware/camera2/params/SessionConfiguration,definition-present,unknown,11,0,unknown,aegis-evidence.json#/rows/226,False,unknown
aegis,0eecec45de0da3ff1358004b51e2960d9178551643a6ed44f6496ea9ec999c19,direct-framework-reference,,android/hardware/camera2/params/StreamConfigurationMap,definition-present,yes-static,10,7,unknown,aegis-evidence.json#/rows/227,False,unknown
aegis,0eecec45de0da3ff1358004b51e2960d9178551643a6ed44f6496ea9ec999c19,direct-framework-reference,,android/hardware/display/DisplayManager,definition-present,yes-static,5,1,unknown,aegis-evidence.json#/rows/228,False,unknown
aegis,0eecec45de0da3ff1358004b51e2960d9178551643a6ed44f6496ea9ec999c19,direct-framework-reference,,android/hardware/fingerprint/FingerprintManager,definition-present,unknown,4,0,unknown,aegis-evidence.json#/rows/229,False,unknown
aegis,0eecec45de0da3ff1358004b51e2960d9178551643a6ed44f6496ea9ec999c19,direct-framework-reference,,android/hardware/fingerprint/FingerprintManager$AuthenticationCallback,definition-present,unknown,2,0,unknown,aegis-evidence.json#/rows/230,False,unknown
aegis,0eecec45de0da3ff1358004b51e2960d9178551643a6ed44f6496ea9ec999c19,direct-framework-reference,,android/hardware/fingerprint/FingerprintManager$AuthenticationResult,definition-present,unknown,1,0,unknown,aegis-evidence.json#/rows/231,False,unknown
aegis,0eecec45de0da3ff1358004b51e2960d9178551643a6ed44f6496ea9ec999c19,direct-framework-reference,,android/hardware/fingerprint/FingerprintManager$CryptoObject,definition-present,unknown,2,0,unknown,aegis-evidence.json#/rows/232,False,unknown
aegis,0eecec45de0da3ff1358004b51e2960d9178551643a6ed44f6496ea9ec999c19,direct-framework-reference,,android/icu/text/DateFormat,definition-present,unknown,5,0,unknown,aegis-evidence.json#/rows/233,False,unknown
aegis,0eecec45de0da3ff1358004b51e2960d9178551643a6ed44f6496ea9ec999c19,direct-framework-reference,,android/icu/text/DecimalFormatSymbols,definition-present,yes-static,3,3,unknown,aegis-evidence.json#/rows/234,False,unknown
aegis,0eecec45de0da3ff1358004b51e2960d9178551643a6ed44f6496ea9ec999c19,direct-framework-reference,,android/icu/text/DisplayContext,definition-present,unknown,3,0,unknown,aegis-evidence.json#/rows/235,False,unknown
aegis,0eecec45de0da3ff1358004b51e2960d9178551643a6ed44f6496ea9ec999c19,direct-framework-reference,,android/icu/util/TimeZone,definition-present,unknown,3,0,unknown,aegis-evidence.json#/rows/236,False,unknown
aegis,0eecec45de0da3ff1358004b51e2960d9178551643a6ed44f6496ea9ec999c19,direct-framework-reference,,android/location/Location,definition-present,yes-static,1,1,unknown,aegis-evidence.json#/rows/237,False,unknown
aegis,0eecec45de0da3ff1358004b51e2960d9178551643a6ed44f6496ea9ec999c19,direct-framework-reference,,android/location/LocationManager,definition-present,yes-static,2,2,unknown,aegis-evidence.json#/rows/238,False,unknown
aegis,0eecec45de0da3ff1358004b51e2960d9178551643a6ed44f6496ea9ec999c19,direct-framework-reference,,android/media/AudioManager,definition-present,unknown,1,0,unknown,aegis-evidence.json#/rows/239,False,unknown
aegis,0eecec45de0da3ff1358004b51e2960d9178551643a6ed44f6496ea9ec999c19,direct-framework-reference,,android/media/CamcorderProfile,definition-present,yes-static,3,3,unknown,aegis-evidence.json#/rows/240,False,unknown
aegis,0eecec45de0da3ff1358004b51e2960d9178551643a6ed44f6496ea9ec999c19,direct-framework-reference,,android/media/Image,definition-present,unknown,8,0,unknown,aegis-evidence.json#/rows/241,False,unknown
aegis,0eecec45de0da3ff1358004b51e2960d9178551643a6ed44f6496ea9ec999c19,direct-framework-reference,,android/media/Image$Plane,definition-present,unknown,5,0,unknown,aegis-evidence.json#/rows/242,False,unknown
aegis,0eecec45de0da3ff1358004b51e2960d9178551643a6ed44f6496ea9ec999c19,direct-framework-reference,,android/media/ImageReader,definition-present,unknown,12,0,unknown,aegis-evidence.json#/rows/243,False,unknown
aegis,0eecec45de0da3ff1358004b51e2960d9178551643a6ed44f6496ea9ec999c19,direct-framework-reference,,android/media/ImageWriter,definition-present,unknown,5,0,unknown,aegis-evidence.json#/rows/244,False,unknown
aegis,0eecec45de0da3ff1358004b51e2960d9178551643a6ed44f6496ea9ec999c19,direct-framework-reference,,android/media/MediaCodec,definition-present,unknown,1,0,unknown,aegis-evidence.json#/rows/245,False,unknown
aegis,0eecec45de0da3ff1358004b51e2960d9178551643a6ed44f6496ea9ec999c19,direct-framework-reference,,android/media/MediaDataSource,definition-present,unknown,6,0,unknown,aegis-evidence.json#/rows/246,False,unknown
aegis,0eecec45de0da3ff1358004b51e2960d9178551643a6ed44f6496ea9ec999c19,direct-framework-reference,,android/media/MediaDrm,definition-present,yes-static,2,2,unknown,aegis-evidence.json#/rows/247,False,unknown
aegis,0eecec45de0da3ff1358004b51e2960d9178551643a6ed44f6496ea9ec999c19,direct-framework-reference,,android/media/MediaExtractor,definition-present,unknown,1,0,unknown,aegis-evidence.json#/rows/248,False,unknown
aegis,0eecec45de0da3ff1358004b51e2960d9178551643a6ed44f6496ea9ec999c19,direct-framework-reference,,android/media/MediaFormat,definition-present,unknown,1,0,unknown,aegis-evidence.json#/rows/249,False,unknown
aegis,0eecec45de0da3ff1358004b51e2960d9178551643a6ed44f6496ea9ec999c19,direct-framework-reference,,android/media/MediaMetadataRetriever,definition-present,yes-static,7,2,unknown,aegis-evidence.json#/rows/250,False,unknown
aegis,0eecec45de0da3ff1358004b51e2960d9178551643a6ed44f6496ea9ec999c19,direct-framework-reference,,android/media/MediaRecorder,definition-present,yes-static,1,1,unknown,aegis-evidence.json#/rows/251,False,unknown
aegis,0eecec45de0da3ff1358004b51e2960d9178551643a6ed44f6496ea9ec999c19,direct-framework-reference,,android/net/ConnectivityManager,definition-present,unknown,5,0,unknown,aegis-evidence.json#/rows/252,False,unknown
aegis,0eecec45de0da3ff1358004b51e2960d9178551643a6ed44f6496ea9ec999c19,direct-framework-reference,,android/net/ConnectivityManager$NetworkCallback,definition-present,unknown,3,0,unknown,aegis-evidence.json#/rows/253,False,unknown
aegis,0eecec45de0da3ff1358004b51e2960d9178551643a6ed44f6496ea9ec999c19,direct-framework-reference,,android/net/Network,definition-present,unknown,1,0,unknown,aegis-evidence.json#/rows/254,False,unknown
aegis,0eecec45de0da3ff1358004b51e2960d9178551643a6ed44f6496ea9ec999c19,direct-framework-reference,,android/net/NetworkInfo,definition-present,unknown,1,0,unknown,aegis-evidence.json#/rows/255,False,unknown
aegis,0eecec45de0da3ff1358004b51e2960d9178551643a6ed44f6496ea9ec999c19,direct-framework-reference,,android/net/Uri,definition-present,yes-static,125,13,unknown,aegis-evidence.json#/rows/256,False,unknown
aegis,0eecec45de0da3ff1358004b51e2960d9178551643a6ed44f6496ea9ec999c19,direct-framework-reference,,android/net/Uri$Builder,definition-present,yes-static,5,1,unknown,aegis-evidence.json#/rows/257,False,unknown
aegis,0eecec45de0da3ff1358004b51e2960d9178551643a6ed44f6496ea9ec999c19,direct-framework-reference,,android/opengl/EGL14,definition-present,unknown,13,0,unknown,aegis-evidence.json#/rows/258,False,unknown
aegis,0eecec45de0da3ff1358004b51e2960d9178551643a6ed44f6496ea9ec999c19,direct-framework-reference,,android/opengl/EGLConfig,definition-present,unknown,5,0,unknown,aegis-evidence.json#/rows/259,False,unknown
aegis,0eecec45de0da3ff1358004b51e2960d9178551643a6ed44f6496ea9ec999c19,direct-framework-reference,,android/opengl/EGLContext,definition-present,unknown,4,0,unknown,aegis-evidence.json#/rows/260,False,unknown
aegis,0eecec45de0da3ff1358004b51e2960d9178551643a6ed44f6496ea9ec999c19,direct-framework-reference,,android/opengl/EGLDisplay,definition-present,unknown,11,0,unknown,aegis-evidence.json#/rows/261,False,unknown
aegis,0eecec45de0da3ff1358004b51e2960d9178551643a6ed44f6496ea9ec999c19,direct-framework-reference,,android/opengl/EGLExt,definition-present,unknown,2,0,unknown,aegis-evidence.json#/rows/262,False,unknown
aegis,0eecec45de0da3ff1358004b51e2960d9178551643a6ed44f6496ea9ec999c19,direct-framework-reference,,android/opengl/EGLSurface,definition-present,unknown,16,0,unknown,aegis-evidence.json#/rows/263,False,unknown
aegis,0eecec45de0da3ff1358004b51e2960d9178551643a6ed44f6496ea9ec999c19,direct-framework-reference,,android/opengl/GLES20,definition-present,unknown,16,0,unknown,aegis-evidence.json#/rows/264,False,unknown
aegis,0eecec45de0da3ff1358004b51e2960d9178551643a6ed44f6496ea9ec999c19,direct-framework-reference,,android/opengl/Matrix,definition-present,unknown,6,0,unknown,aegis-evidence.json#/rows/265,False,unknown
aegis,0eecec45de0da3ff1358004b51e2960d9178551643a6ed44f6496ea9ec999c19,direct-framework-reference,,android/os/AsyncTask,definition-present,yes-static,6,2,unknown,aegis-evidence.json#/rows/266,False,unknown
aegis,0eecec45de0da3ff1358004b51e2960d9178551643a6ed44f6496ea9ec999c19,direct-framework-reference,,android/os/BaseBundle,definition-present,yes-static,75,12,unknown,aegis-evidence.json#/rows/267,False,unknown
aegis,0eecec45de0da3ff1358004b51e2960d9178551643a6ed44f6496ea9ec999c19,direct-framework-reference,,android/os/Binder,definition-present,yes-static,5,1,unknown,aegis-evidence.json#/rows/268,False,unknown
aegis,0eecec45de0da3ff1358004b51e2960d9178551643a6ed44f6496ea9ec999c19,direct-framework-reference,,android/os/Build,definition-present,yes-static,33,3,unknown,aegis-evidence.json#/rows/269,False,unknown
aegis,0eecec45de0da3ff1358004b51e2960d9178551643a6ed44f6496ea9ec999c19,direct-framework-reference,,android/os/Build$VERSION,definition-present,yes-static,328,66,unknown,aegis-evidence.json#/rows/270,False,unknown
aegis,0eecec45de0da3ff1358004b51e2960d9178551643a6ed44f6496ea9ec999c19,direct-framework-reference,,android/os/Bundle,definition-present,yes-static,202,41,unknown,aegis-evidence.json#/rows/271,False,unknown
aegis,0eecec45de0da3ff1358004b51e2960d9178551643a6ed44f6496ea9ec999c19,direct-framework-reference,,android/os/CancellationSignal,definition-present,yes-static,14,2,unknown,aegis-evidence.json#/rows/272,False,unknown
aegis,0eecec45de0da3ff1358004b51e2960d9178551643a6ed44f6496ea9ec999c19,direct-framework-reference,,android/os/Environment,definition-present,unknown,2,0,unknown,aegis-evidence.json#/rows/273,False,unknown
aegis,0eecec45de0da3ff1358004b51e2960d9178551643a6ed44f6496ea9ec999c19,direct-framework-reference,,android/os/Handler,definition-present,yes-static,177,28,unknown,aegis-evidence.json#/rows/274,False,unknown
aegis,0eecec45de0da3ff1358004b51e2960d9178551643a6ed44f6496ea9ec999c19,direct-framework-reference,,android/os/Handler$Callback,definition-present,yes-static,7,1,unknown,aegis-evidence.json#/rows/275,False,unknown
aegis,0eecec45de0da3ff1358004b51e2960d9178551643a6ed44f6496ea9ec999c19,direct-framework-reference,,android/os/HandlerThread,definition-present,unknown,6,0,unknown,aegis-evidence.json#/rows/276,False,unknown
aegis,0eecec45de0da3ff1358004b51e2960d9178551643a6ed44f6496ea9ec999c19,direct-framework-reference,,android/os/IBinder,definition-present,yes-static,20,2,unknown,aegis-evidence.json#/rows/277,False,unknown
aegis,0eecec45de0da3ff1358004b51e2960d9178551643a6ed44f6496ea9ec999c19,direct-framework-reference,,android/os/IInterface,definition-present,unknown,9,0,unknown,aegis-evidence.json#/rows/278,False,unknown
aegis,0eecec45de0da3ff1358004b51e2960d9178551643a6ed44f6496ea9ec999c19,direct-framework-reference,,android/os/LocaleList,definition-present,yes-static,35,14,unknown,aegis-evidence.json#/rows/279,False,unknown
aegis,0eecec45de0da3ff1358004b51e2960d9178551643a6ed44f6496ea9ec999c19,direct-framework-reference,,android/os/Looper,definition-present,yes-static,68,13,unknown,aegis-evidence.json#/rows/280,False,unknown
aegis,0eecec45de0da3ff1358004b51e2960d9178551643a6ed44f6496ea9ec999c19,direct-framework-reference,,android/os/Message,definition-present,yes-static,13,1,unknown,aegis-evidence.json#/rows/281,False,unknown
aegis,0eecec45de0da3ff1358004b51e2960d9178551643a6ed44f6496ea9ec999c19,direct-framework-reference,,android/os/Parcel,definition-present,unknown,94,0,unknown,aegis-evidence.json#/rows/282,False,unknown
aegis,0eecec45de0da3ff1358004b51e2960d9178551643a6ed44f6496ea9ec999c19,direct-framework-reference,,android/os/ParcelFileDescriptor,definition-present,unknown,29,0,unknown,aegis-evidence.json#/rows/283,False,unknown
aegis,0eecec45de0da3ff1358004b51e2960d9178551643a6ed44f6496ea9ec999c19,direct-framework-reference,,android/os/Parcelable,definition-present,yes-static,117,8,unknown,aegis-evidence.json#/rows/284,False,unknown
aegis,0eecec45de0da3ff1358004b51e2960d9178551643a6ed44f6496ea9ec999c19,direct-framework-reference,,android/os/Parcelable$Creator,definition-present,yes-static,45,2,unknown,aegis-evidence.json#/rows/285,False,unknown
aegis,0eecec45de0da3ff1358004b51e2960d9178551643a6ed44f6496ea9ec999c19,direct-framework-reference,,android/os/PersistableBundle,definition-present,unknown,3,0,unknown,aegis-evidence.json#/rows/286,False,unknown
aegis,0eecec45de0da3ff1358004b51e2960d9178551643a6ed44f6496ea9ec999c19,direct-framework-reference,,android/os/PowerManager,definition-present,yes-static,3,3,unknown,aegis-evidence.json#/rows/287,False,unknown
aegis,0eecec45de0da3ff1358004b51e2960d9178551643a6ed44f6496ea9ec999c19,direct-framework-reference,,android/os/Process,definition-present,yes-static,8,2,unknown,aegis-evidence.json#/rows/288,False,unknown
aegis,0eecec45de0da3ff1358004b51e2960d9178551643a6ed44f6496ea9ec999c19,direct-framework-reference,,android/os/RemoteCallbackList,definition-present,unknown,4,0,unknown,aegis-evidence.json#/rows/289,False,unknown
aegis,0eecec45de0da3ff1358004b51e2960d9178551643a6ed44f6496ea9ec999c19,direct-framework-reference,,android/os/ResultReceiver,definition-present,unknown,1,0,unknown,aegis-evidence.json#/rows/290,False,unknown
aegis,0eecec45de0da3ff1358004b51e2960d9178551643a6ed44f6496ea9ec999c19,direct-framework-reference,,android/os/StrictMode,definition-present,unknown,4,0,unknown,aegis-evidence.json#/rows/291,False,unknown
aegis,0eecec45de0da3ff1358004b51e2960d9178551643a6ed44f6496ea9ec999c19,direct-framework-reference,,android/os/StrictMode$ThreadPolicy,definition-present,unknown,4,0,unknown,aegis-evidence.json#/rows/292,False,unknown
aegis,0eecec45de0da3ff1358004b51e2960d9178551643a6ed44f6496ea9ec999c19,direct-framework-reference,,android/os/StrictMode$ThreadPolicy$Builder,definition-present,unknown,4,0,unknown,aegis-evidence.json#/rows/293,False,unknown
aegis,0eecec45de0da3ff1358004b51e2960d9178551643a6ed44f6496ea9ec999c19,direct-framework-reference,,android/os/SystemClock,definition-present,yes-static,42,3,unknown,aegis-evidence.json#/rows/294,False,unknown
aegis,0eecec45de0da3ff1358004b51e2960d9178551643a6ed44f6496ea9ec999c19,direct-framework-reference,,android/os/Trace,definition-present,yes-static,30,11,unknown,aegis-evidence.json#/rows/295,False,unknown
aegis,0eecec45de0da3ff1358004b51e2960d9178551643a6ed44f6496ea9ec999c19,direct-framework-reference,,android/os/VibrationEffect,definition-present,unknown,3,0,unknown,aegis-evidence.json#/rows/296,False,unknown
aegis,0eecec45de0da3ff1358004b51e2960d9178551643a6ed44f6496ea9ec999c19,direct-framework-reference,,android/os/Vibrator,definition-present,unknown,3,0,unknown,aegis-evidence.json#/rows/297,False,unknown
aegis,0eecec45de0da3ff1358004b51e2960d9178551643a6ed44f6496ea9ec999c19,direct-framework-reference,,android/os/VibratorManager,definition-present,unknown,3,0,unknown,aegis-evidence.json#/rows/298,False,unknown
aegis,0eecec45de0da3ff1358004b51e2960d9178551643a6ed44f6496ea9ec999c19,direct-framework-reference,,android/os/ext/SdkExtensions,definition-present,unknown,1,0,unknown,aegis-evidence.json#/rows/299,False,unknown
aegis,0eecec45de0da3ff1358004b51e2960d9178551643a6ed44f6496ea9ec999c19,direct-framework-reference,,android/provider/ContactsContract$Contacts,definition-present,unknown,1,0,unknown,aegis-evidence.json#/rows/300,False,unknown
aegis,0eecec45de0da3ff1358004b51e2960d9178551643a6ed44f6496ea9ec999c19,direct-framework-reference,,android/provider/DocumentsContract,definition-present,yes-static,4,1,unknown,aegis-evidence.json#/rows/301,False,unknown
aegis,0eecec45de0da3ff1358004b51e2960d9178551643a6ed44f6496ea9ec999c19,direct-framework-reference,,android/provider/MediaStore,definition-present,unknown,1,0,unknown,aegis-evidence.json#/rows/302,False,unknown
aegis,0eecec45de0da3ff1358004b51e2960d9178551643a6ed44f6496ea9ec999c19,direct-framework-reference,,android/provider/MediaStore$Images$Media,definition-present,unknown,2,0,unknown,aegis-evidence.json#/rows/303,False,unknown
aegis,0eecec45de0da3ff1358004b51e2960d9178551643a6ed44f6496ea9ec999c19,direct-framework-reference,,android/provider/MediaStore$Images$Thumbnails,definition-present,unknown,1,0,unknown,aegis-evidence.json#/rows/304,False,unknown
aegis,0eecec45de0da3ff1358004b51e2960d9178551643a6ed44f6496ea9ec999c19,direct-framework-reference,,android/provider/MediaStore$Video$Thumbnails,definition-absent,unknown,1,0,unresolvable-in-scanned-inputs,aegis-evidence.json#/rows/305,False,unknown
aegis,0eecec45de0da3ff1358004b51e2960d9178551643a6ed44f6496ea9ec999c19,direct-framework-reference,,android/provider/Settings$Global,definition-present,yes-static,8,2,unknown,aegis-evidence.json#/rows/306,False,unknown
aegis,0eecec45de0da3ff1358004b51e2960d9178551643a6ed44f6496ea9ec999c19,direct-framework-reference,,android/provider/Settings$System,definition-present,unknown,1,0,unknown,aegis-evidence.json#/rows/307,False,unknown
aegis,0eecec45de0da3ff1358004b51e2960d9178551643a6ed44f6496ea9ec999c19,direct-framework-reference,,android/security/identity/IdentityCredential,definition-present,unknown,5,0,unknown,aegis-evidence.json#/rows/308,False,unknown
aegis,0eecec45de0da3ff1358004b51e2960d9178551643a6ed44f6496ea9ec999c19,direct-framework-reference,,android/security/keystore/KeyGenParameterSpec,definition-present,unknown,3,0,unknown,aegis-evidence.json#/rows/309,False,unknown
aegis,0eecec45de0da3ff1358004b51e2960d9178551643a6ed44f6496ea9ec999c19,direct-framework-reference,,android/security/keystore/KeyGenParameterSpec$Builder,definition-present,unknown,6,0,unknown,aegis-evidence.json#/rows/310,False,unknown
aegis,0eecec45de0da3ff1358004b51e2960d9178551643a6ed44f6496ea9ec999c19,direct-framework-reference,,android/service/quicksettings/Tile,definition-present,unknown,2,0,unknown,aegis-evidence.json#/rows/311,False,unknown
aegis,0eecec45de0da3ff1358004b51e2960d9178551643a6ed44f6496ea9ec999c19,direct-framework-reference,,android/service/quicksettings/TileService,definition-present,unknown,9,0,unknown,aegis-evidence.json#/rows/312,False,unknown
aegis,0eecec45de0da3ff1358004b51e2960d9178551643a6ed44f6496ea9ec999c19,direct-framework-reference,,android/system/Os,definition-present,unknown,6,0,unknown,aegis-evidence.json#/rows/313,False,unknown
aegis,0eecec45de0da3ff1358004b51e2960d9178551643a6ed44f6496ea9ec999c19,direct-framework-reference,,android/system/OsConstants,definition-present,unknown,3,0,unknown,aegis-evidence.json#/rows/314,False,unknown
aegis,0eecec45de0da3ff1358004b51e2960d9178551643a6ed44f6496ea9ec999c19,direct-framework-reference,,android/system/StructStat,definition-present,unknown,1,0,unknown,aegis-evidence.json#/rows/315,False,unknown
aegis,0eecec45de0da3ff1358004b51e2960d9178551643a6ed44f6496ea9ec999c19,direct-framework-reference,,android/text/Editable,definition-present,unknown,46,0,unknown,aegis-evidence.json#/rows/316,False,unknown
aegis,0eecec45de0da3ff1358004b51e2960d9178551643a6ed44f6496ea9ec999c19,direct-framework-reference,,android/text/Editable$Factory,definition-present,unknown,2,0,unknown,aegis-evidence.json#/rows/317,False,unknown
aegis,0eecec45de0da3ff1358004b51e2960d9178551643a6ed44f6496ea9ec999c19,direct-framework-reference,,android/text/GetChars,definition-present,unknown,1,0,unknown,aegis-evidence.json#/rows/318,False,unknown
aegis,0eecec45de0da3ff1358004b51e2960d9178551643a6ed44f6496ea9ec999c19,direct-framework-reference,,android/text/Html,definition-present,unknown,2,0,unknown,aegis-evidence.json#/rows/319,False,unknown
aegis,0eecec45de0da3ff1358004b51e2960d9178551643a6ed44f6496ea9ec999c19,direct-framework-reference,,android/text/InputFilter,definition-present,unknown,11,0,unknown,aegis-evidence.json#/rows/320,False,unknown
aegis,0eecec45de0da3ff1358004b51e2960d9178551643a6ed44f6496ea9ec999c19,direct-framework-reference,,android/text/Layout,definition-present,yes-static,12,1,unknown,aegis-evidence.json#/rows/321,False,unknown
aegis,0eecec45de0da3ff1358004b51e2960d9178551643a6ed44f6496ea9ec999c19,direct-framework-reference,,android/text/Layout$Alignment,definition-present,yes-static,10,2,unknown,aegis-evidence.json#/rows/322,False,unknown
aegis,0eecec45de0da3ff1358004b51e2960d9178551643a6ed44f6496ea9ec999c19,direct-framework-reference,,android/text/PrecomputedText,definition-present,unknown,1,0,unknown,aegis-evidence.json#/rows/323,False,unknown
aegis,0eecec45de0da3ff1358004b51e2960d9178551643a6ed44f6496ea9ec999c19,direct-framework-reference,,android/text/PrecomputedText$Params,definition-present,yes-static,8,8,unknown,aegis-evidence.json#/rows/324,False,unknown
aegis,0eecec45de0da3ff1358004b51e2960d9178551643a6ed44f6496ea9ec999c19,direct-framework-reference,,android/text/PrecomputedText$Params$Builder,definition-present,yes-static,6,6,unknown,aegis-evidence.json#/rows/325,False,unknown
aegis,0eecec45de0da3ff1358004b51e2960d9178551643a6ed44f6496ea9ec999c19,direct-framework-reference,,android/text/Selection,definition-present,unknown,6,0,unknown,aegis-evidence.json#/rows/326,False,unknown
aegis,0eecec45de0da3ff1358004b51e2960d9178551643a6ed44f6496ea9ec999c19,direct-framework-reference,,android/text/SpanWatcher,definition-present,unknown,3,0,unknown,aegis-evidence.json#/rows/327,False,unknown
aegis,0eecec45de0da3ff1358004b51e2960d9178551643a6ed44f6496ea9ec999c19,direct-framework-reference,,android/text/Spannable,definition-present,unknown,29,0,unknown,aegis-evidence.json#/rows/328,False,unknown
aegis,0eecec45de0da3ff1358004b51e2960d9178551643a6ed44f6496ea9ec999c19,direct-framework-reference,,android/text/SpannableString,definition-present,yes-static,8,1,unknown,aegis-evidence.json#/rows/329,False,unknown
aegis,0eecec45de0da3ff1358004b51e2960d9178551643a6ed44f6496ea9ec999c19,direct-framework-reference,,android/text/SpannableStringBuilder,definition-present,unknown,41,0,unknown,aegis-evidence.json#/rows/330,False,unknown
aegis,0eecec45de0da3ff1358004b51e2960d9178551643a6ed44f6496ea9ec999c19,direct-framework-reference,,android/text/Spanned,definition-present,unknown,19,0,unknown,aegis-evidence.json#/rows/331,False,unknown
aegis,0eecec45de0da3ff1358004b51e2960d9178551643a6ed44f6496ea9ec999c19,direct-framework-reference,,android/text/StaticLayout,definition-present,yes-static,10,2,unknown,aegis-evidence.json#/rows/332,False,unknown
aegis,0eecec45de0da3ff1358004b51e2960d9178551643a6ed44f6496ea9ec999c19,direct-framework-reference,,android/text/StaticLayout$Builder,definition-present,yes-static,4,1,unknown,aegis-evidence.json#/rows/333,False,unknown
aegis,0eecec45de0da3ff1358004b51e2960d9178551643a6ed44f6496ea9ec999c19,direct-framework-reference,,android/text/TextDirectionHeuristic,definition-present,yes-static,13,5,unknown,aegis-evidence.json#/rows/334,False,unknown
aegis,0eecec45de0da3ff1358004b51e2960d9178551643a6ed44f6496ea9ec999c19,direct-framework-reference,,android/text/TextDirectionHeuristics,definition-present,yes-static,4,1,unknown,aegis-evidence.json#/rows/335,False,unknown
aegis,0eecec45de0da3ff1358004b51e2960d9178551643a6ed44f6496ea9ec999c19,direct-framework-reference,,android/text/TextPaint,definition-present,yes-static,56,13,unknown,aegis-evidence.json#/rows/336,False,unknown
aegis,0eecec45de0da3ff1358004b51e2960d9178551643a6ed44f6496ea9ec999c19,direct-framework-reference,,android/text/TextUtils,definition-present,yes-static,131,14,unknown,aegis-evidence.json#/rows/337,False,unknown
aegis,0eecec45de0da3ff1358004b51e2960d9178551643a6ed44f6496ea9ec999c19,direct-framework-reference,,android/text/TextUtils$TruncateAt,definition-present,yes-static,12,2,unknown,aegis-evidence.json#/rows/338,False,unknown
aegis,0eecec45de0da3ff1358004b51e2960d9178551643a6ed44f6496ea9ec999c19,direct-framework-reference,,android/text/TextWatcher,definition-present,unknown,3,0,unknown,aegis-evidence.json#/rows/339,False,unknown
aegis,0eecec45de0da3ff1358004b51e2960d9178551643a6ed44f6496ea9ec999c19,direct-framework-reference,,android/text/format/DateUtils,definition-present,unknown,1,0,unknown,aegis-evidence.json#/rows/340,False,unknown
aegis,0eecec45de0da3ff1358004b51e2960d9178551643a6ed44f6496ea9ec999c19,direct-framework-reference,,android/text/format/Formatter,definition-present,unknown,1,0,unknown,aegis-evidence.json#/rows/341,False,unknown
aegis,0eecec45de0da3ff1358004b51e2960d9178551643a6ed44f6496ea9ec999c19,direct-framework-reference,,android/text/method/KeyListener,definition-present,unknown,12,0,unknown,aegis-evidence.json#/rows/342,False,unknown
aegis,0eecec45de0da3ff1358004b51e2960d9178551643a6ed44f6496ea9ec999c19,direct-framework-reference,,android/text/method/LinkMovementMethod,definition-present,unknown,4,0,unknown,aegis-evidence.json#/rows/343,False,unknown
aegis,0eecec45de0da3ff1358004b51e2960d9178551643a6ed44f6496ea9ec999c19,direct-framework-reference,,android/text/method/MetaKeyKeyListener,definition-present,unknown,1,0,unknown,aegis-evidence.json#/rows/344,False,unknown
aegis,0eecec45de0da3ff1358004b51e2960d9178551643a6ed44f6496ea9ec999c19,direct-framework-reference,,android/text/method/MovementMethod,definition-present,unknown,3,0,unknown,aegis-evidence.json#/rows/345,False,unknown
aegis,0eecec45de0da3ff1358004b51e2960d9178551643a6ed44f6496ea9ec999c19,direct-framework-reference,,android/text/method/NumberKeyListener,definition-present,unknown,4,0,unknown,aegis-evidence.json#/rows/346,False,unknown
aegis,0eecec45de0da3ff1358004b51e2960d9178551643a6ed44f6496ea9ec999c19,direct-framework-reference,,android/text/method/PasswordTransformationMethod,definition-present,yes-static,9,2,unknown,aegis-evidence.json#/rows/347,False,unknown
aegis,0eecec45de0da3ff1358004b51e2960d9178551643a6ed44f6496ea9ec999c19,direct-framework-reference,,android/text/method/TransformationMethod,definition-present,yes-static,19,3,unknown,aegis-evidence.json#/rows/348,False,unknown
aegis,0eecec45de0da3ff1358004b51e2960d9178551643a6ed44f6496ea9ec999c19,direct-framework-reference,,android/text/style/CharacterStyle,definition-present,unknown,1,0,unknown,aegis-evidence.json#/rows/349,False,unknown
aegis,0eecec45de0da3ff1358004b51e2960d9178551643a6ed44f6496ea9ec999c19,direct-framework-reference,,android/text/style/ClickableSpan,definition-present,unknown,3,0,unknown,aegis-evidence.json#/rows/350,False,unknown
aegis,0eecec45de0da3ff1358004b51e2960d9178551643a6ed44f6496ea9ec999c19,direct-framework-reference,,android/text/style/ForegroundColorSpan,definition-present,unknown,1,0,unknown,aegis-evidence.json#/rows/351,False,unknown
aegis,0eecec45de0da3ff1358004b51e2960d9178551643a6ed44f6496ea9ec999c19,direct-framework-reference,,android/text/style/ImageSpan,definition-present,unknown,1,0,unknown,aegis-evidence.json#/rows/352,False,unknown
aegis,0eecec45de0da3ff1358004b51e2960d9178551643a6ed44f6496ea9ec999c19,direct-framework-reference,,android/text/style/MetricAffectingSpan,definition-present,yes-static,1,1,unknown,aegis-evidence.json#/rows/353,False,unknown
aegis,0eecec45de0da3ff1358004b51e2960d9178551643a6ed44f6496ea9ec999c19,direct-framework-reference,,android/text/style/RelativeSizeSpan,definition-present,yes-static,1,1,unknown,aegis-evidence.json#/rows/354,False,unknown
aegis,0eecec45de0da3ff1358004b51e2960d9178551643a6ed44f6496ea9ec999c19,direct-framework-reference,,android/text/style/ReplacementSpan,definition-present,unknown,1,0,unknown,aegis-evidence.json#/rows/355,False,unknown
aegis,0eecec45de0da3ff1358004b51e2960d9178551643a6ed44f6496ea9ec999c19,direct-framework-reference,,android/text/style/StyleSpan,definition-present,unknown,3,0,unknown,aegis-evidence.json#/rows/356,False,unknown
aegis,0eecec45de0da3ff1358004b51e2960d9178551643a6ed44f6496ea9ec999c19,direct-framework-reference,,android/text/style/TextAppearanceSpan,definition-present,unknown,1,0,unknown,aegis-evidence.json#/rows/357,False,unknown
aegis,0eecec45de0da3ff1358004b51e2960d9178551643a6ed44f6496ea9ec999c19,direct-framework-reference,,android/transition/Transition,definition-present,unknown,4,0,unknown,aegis-evidence.json#/rows/358,False,unknown
aegis,0eecec45de0da3ff1358004b51e2960d9178551643a6ed44f6496ea9ec999c19,direct-framework-reference,,android/util/AndroidRuntimeException,definition-present,yes-static,13,13,unknown,aegis-evidence.json#/rows/359,False,unknown
aegis,0eecec45de0da3ff1358004b51e2960d9178551643a6ed44f6496ea9ec999c19,direct-framework-reference,,android/util/ArrayMap,definition-present,yes-static,27,6,unknown,aegis-evidence.json#/rows/360,False,unknown
aegis,0eecec45de0da3ff1358004b51e2960d9178551643a6ed44f6496ea9ec999c19,direct-framework-reference,,android/util/AttributeSet,definition-present,yes-static,280,42,unknown,aegis-evidence.json#/rows/361,False,unknown
aegis,0eecec45de0da3ff1358004b51e2960d9178551643a6ed44f6496ea9ec999c19,direct-framework-reference,,android/util/Base64,definition-present,yes-static,5,1,unknown,aegis-evidence.json#/rows/362,False,unknown
aegis,0eecec45de0da3ff1358004b51e2960d9178551643a6ed44f6496ea9ec999c19,direct-framework-reference,,android/util/DisplayMetrics,definition-present,yes-static,58,14,unknown,aegis-evidence.json#/rows/363,False,unknown
aegis,0eecec45de0da3ff1358004b51e2960d9178551643a6ed44f6496ea9ec999c19,direct-framework-reference,,android/util/FloatProperty,definition-present,yes-static,1,1,unknown,aegis-evidence.json#/rows/364,False,unknown
aegis,0eecec45de0da3ff1358004b51e2960d9178551643a6ed44f6496ea9ec999c19,direct-framework-reference,,android/util/Log,definition-present,yes-static,416,83,unknown,aegis-evidence.json#/rows/365,False,unknown
aegis,0eecec45de0da3ff1358004b51e2960d9178551643a6ed44f6496ea9ec999c19,direct-framework-reference,,android/util/LongSparseArray,definition-present,yes-static,6,1,unknown,aegis-evidence.json#/rows/366,False,unknown
aegis,0eecec45de0da3ff1358004b51e2960d9178551643a6ed44f6496ea9ec999c19,direct-framework-reference,,android/util/Pair,definition-present,yes-static,21,4,unknown,aegis-evidence.json#/rows/367,False,unknown
aegis,0eecec45de0da3ff1358004b51e2960d9178551643a6ed44f6496ea9ec999c19,direct-framework-reference,,android/util/Property,definition-present,unknown,21,0,unknown,aegis-evidence.json#/rows/368,False,unknown
aegis,0eecec45de0da3ff1358004b51e2960d9178551643a6ed44f6496ea9ec999c19,direct-framework-reference,,android/util/Range,definition-present,yes-static,37,14,unknown,aegis-evidence.json#/rows/369,False,unknown
aegis,0eecec45de0da3ff1358004b51e2960d9178551643a6ed44f6496ea9ec999c19,direct-framework-reference,,android/util/Rational,definition-present,yes-static,30,14,unknown,aegis-evidence.json#/rows/370,False,unknown
aegis,0eecec45de0da3ff1358004b51e2960d9178551643a6ed44f6496ea9ec999c19,direct-framework-reference,,android/util/Size,definition-present,yes-static,163,47,unknown,aegis-evidence.json#/rows/371,False,unknown
aegis,0eecec45de0da3ff1358004b51e2960d9178551643a6ed44f6496ea9ec999c19,direct-framework-reference,,android/util/SizeF,definition-present,yes-static,1,1,unknown,aegis-evidence.json#/rows/372,False,unknown
aegis,0eecec45de0da3ff1358004b51e2960d9178551643a6ed44f6496ea9ec999c19,direct-framework-reference,,android/util/SparseArray,definition-present,yes-static,73,12,unknown,aegis-evidence.json#/rows/373,False,unknown
aegis,0eecec45de0da3ff1358004b51e2960d9178551643a6ed44f6496ea9ec999c19,direct-framework-reference,,android/util/SparseBooleanArray,definition-present,unknown,2,0,unknown,aegis-evidence.json#/rows/374,False,unknown
aegis,0eecec45de0da3ff1358004b51e2960d9178551643a6ed44f6496ea9ec999c19,direct-framework-reference,,android/util/SparseIntArray,definition-present,yes-static,32,3,unknown,aegis-evidence.json#/rows/375,False,unknown
aegis,0eecec45de0da3ff1358004b51e2960d9178551643a6ed44f6496ea9ec999c19,direct-framework-reference,,android/util/StateSet,definition-present,yes-static,13,4,unknown,aegis-evidence.json#/rows/376,False,unknown
aegis,0eecec45de0da3ff1358004b51e2960d9178551643a6ed44f6496ea9ec999c19,direct-framework-reference,,android/util/TypedValue,definition-present,yes-static,97,42,unknown,aegis-evidence.json#/rows/377,False,unknown
aegis,0eecec45de0da3ff1358004b51e2960d9178551643a6ed44f6496ea9ec999c19,direct-framework-reference,,android/util/Xml,definition-present,yes-static,26,7,unknown,aegis-evidence.json#/rows/378,False,unknown
aegis,0eecec45de0da3ff1358004b51e2960d9178551643a6ed44f6496ea9ec999c19,direct-framework-reference,,android/view/AbsSavedState,definition-present,unknown,45,0,unknown,aegis-evidence.json#/rows/379,False,unknown
aegis,0eecec45de0da3ff1358004b51e2960d9178551643a6ed44f6496ea9ec999c19,direct-framework-reference,,android/view/ActionMode,definition-present,unknown,14,0,unknown,aegis-evidence.json#/rows/380,False,unknown
aegis,0eecec45de0da3ff1358004b51e2960d9178551643a6ed44f6496ea9ec999c19,direct-framework-reference,,android/view/ActionMode$Callback,definition-present,unknown,26,0,unknown,aegis-evidence.json#/rows/381,False,unknown
aegis,0eecec45de0da3ff1358004b51e2960d9178551643a6ed44f6496ea9ec999c19,direct-framework-reference,,android/view/ActionProvider,definition-present,unknown,9,0,unknown,aegis-evidence.json#/rows/382,False,unknown
aegis,0eecec45de0da3ff1358004b51e2960d9178551643a6ed44f6496ea9ec999c19,direct-framework-reference,,android/view/Choreographer,definition-present,yes-static,4,2,unknown,aegis-evidence.json#/rows/383,False,unknown
aegis,0eecec45de0da3ff1358004b51e2960d9178551643a6ed44f6496ea9ec999c19,direct-framework-reference,,android/view/Choreographer$FrameCallback,definition-present,yes-static,3,2,unknown,aegis-evidence.json#/rows/384,False,unknown
aegis,0eecec45de0da3ff1358004b51e2960d9178551643a6ed44f6496ea9ec999c19,direct-framework-reference,,android/view/CollapsibleActionView,definition-present,unknown,6,0,unknown,aegis-evidence.json#/rows/385,False,unknown
aegis,0eecec45de0da3ff1358004b51e2960d9178551643a6ed44f6496ea9ec999c19,direct-framework-reference,,android/view/ContentInfo,definition-present,unknown,13,0,unknown,aegis-evidence.json#/rows/386,False,unknown
aegis,0eecec45de0da3ff1358004b51e2960d9178551643a6ed44f6496ea9ec999c19,direct-framework-reference,,android/view/ContentInfo$Builder,definition-present,unknown,10,0,unknown,aegis-evidence.json#/rows/387,False,unknown
aegis,0eecec45de0da3ff1358004b51e2960d9178551643a6ed44f6496ea9ec999c19,direct-framework-reference,,android/view/ContextMenu,definition-present,unknown,2,0,unknown,aegis-evidence.json#/rows/388,False,unknown
aegis,0eecec45de0da3ff1358004b51e2960d9178551643a6ed44f6496ea9ec999c19,direct-framework-reference,,android/view/ContextMenu$ContextMenuInfo,definition-present,unknown,2,0,unknown,aegis-evidence.json#/rows/389,False,unknown
aegis,0eecec45de0da3ff1358004b51e2960d9178551643a6ed44f6496ea9ec999c19,direct-framework-reference,,android/view/ContextThemeWrapper,definition-present,yes-static,32,13,unknown,aegis-evidence.json#/rows/390,False,unknown
aegis,0eecec45de0da3ff1358004b51e2960d9178551643a6ed44f6496ea9ec999c19,direct-framework-reference,,android/view/Display,definition-present,yes-static,13,3,unknown,aegis-evidence.json#/rows/391,False,unknown
aegis,0eecec45de0da3ff1358004b51e2960d9178551643a6ed44f6496ea9ec999c19,direct-framework-reference,,android/view/DisplayCutout,definition-present,unknown,12,0,unknown,aegis-evidence.json#/rows/392,False,unknown
aegis,0eecec45de0da3ff1358004b51e2960d9178551643a6ed44f6496ea9ec999c19,direct-framework-reference,,android/view/DragAndDropPermissions,definition-present,unknown,2,0,unknown,aegis-evidence.json#/rows/393,False,unknown
aegis,0eecec45de0da3ff1358004b51e2960d9178551643a6ed44f6496ea9ec999c19,direct-framework-reference,,android/view/DragEvent,definition-present,unknown,3,0,unknown,aegis-evidence.json#/rows/394,False,unknown
aegis,0eecec45de0da3ff1358004b51e2960d9178551643a6ed44f6496ea9ec999c19,direct-framework-reference,,android/view/FocusFinder,definition-present,unknown,4,0,unknown,aegis-evidence.json#/rows/395,False,unknown
aegis,0eecec45de0da3ff1358004b51e2960d9178551643a6ed44f6496ea9ec999c19,direct-framework-reference,,android/view/GestureDetector,definition-present,unknown,11,0,unknown,aegis-evidence.json#/rows/396,False,unknown
aegis,0eecec45de0da3ff1358004b51e2960d9178551643a6ed44f6496ea9ec999c19,direct-framework-reference,,android/view/GestureDetector$OnDoubleTapListener,definition-present,unknown,3,0,unknown,aegis-evidence.json#/rows/397,False,unknown
aegis,0eecec45de0da3ff1358004b51e2960d9178551643a6ed44f6496ea9ec999c19,direct-framework-reference,,android/view/GestureDetector$OnGestureListener,definition-present,unknown,5,0,unknown,aegis-evidence.json#/rows/398,False,unknown
aegis,0eecec45de0da3ff1358004b51e2960d9178551643a6ed44f6496ea9ec999c19,direct-framework-reference,,android/view/GestureDetector$SimpleOnGestureListener,definition-present,unknown,9,0,unknown,aegis-evidence.json#/rows/399,False,unknown
aegis,0eecec45de0da3ff1358004b51e2960d9178551643a6ed44f6496ea9ec999c19,direct-framework-reference,,android/view/Gravity,definition-present,unknown,23,0,unknown,aegis-evidence.json#/rows/400,False,unknown
aegis,0eecec45de0da3ff1358004b51e2960d9178551643a6ed44f6496ea9ec999c19,direct-framework-reference,,android/view/InflateException,definition-present,yes-static,7,2,unknown,aegis-evidence.json#/rows/401,False,unknown
aegis,0eecec45de0da3ff1358004b51e2960d9178551643a6ed44f6496ea9ec999c19,direct-framework-reference,,android/view/InputDevice,definition-present,unknown,1,0,unknown,aegis-evidence.json#/rows/402,False,unknown
aegis,0eecec45de0da3ff1358004b51e2960d9178551643a6ed44f6496ea9ec999c19,direct-framework-reference,,android/view/InputDevice$MotionRange,definition-present,unknown,1,0,unknown,aegis-evidence.json#/rows/403,False,unknown
aegis,0eecec45de0da3ff1358004b51e2960d9178551643a6ed44f6496ea9ec999c19,direct-framework-reference,,android/view/KeyCharacterMap,definition-present,unknown,3,0,unknown,aegis-evidence.json#/rows/404,False,unknown
aegis,0eecec45de0da3ff1358004b51e2960d9178551643a6ed44f6496ea9ec999c19,direct-framework-reference,,android/view/KeyCharacterMap$KeyData,definition-present,unknown,2,0,unknown,aegis-evidence.json#/rows/405,False,unknown
aegis,0eecec45de0da3ff1358004b51e2960d9178551643a6ed44f6496ea9ec999c19,direct-framework-reference,,android/view/KeyEvent,definition-present,unknown,58,0,unknown,aegis-evidence.json#/rows/406,False,unknown
aegis,0eecec45de0da3ff1358004b51e2960d9178551643a6ed44f6496ea9ec999c19,direct-framework-reference,,android/view/KeyEvent$Callback,definition-present,yes-static,16,2,unknown,aegis-evidence.json#/rows/407,False,unknown
aegis,0eecec45de0da3ff1358004b51e2960d9178551643a6ed44f6496ea9ec999c19,direct-framework-reference,,android/view/KeyEvent$DispatcherState,definition-present,unknown,3,0,unknown,aegis-evidence.json#/rows/408,False,unknown
aegis,0eecec45de0da3ff1358004b51e2960d9178551643a6ed44f6496ea9ec999c19,direct-framework-reference,,android/view/LayoutInflater,definition-present,yes-static,112,13,unknown,aegis-evidence.json#/rows/409,False,unknown
aegis,0eecec45de0da3ff1358004b51e2960d9178551643a6ed44f6496ea9ec999c19,direct-framework-reference,,android/view/LayoutInflater$Factory,definition-present,unknown,1,0,unknown,aegis-evidence.json#/rows/410,False,unknown
aegis,0eecec45de0da3ff1358004b51e2960d9178551643a6ed44f6496ea9ec999c19,direct-framework-reference,,android/view/LayoutInflater$Factory2,definition-present,unknown,2,0,unknown,aegis-evidence.json#/rows/411,False,unknown
aegis,0eecec45de0da3ff1358004b51e2960d9178551643a6ed44f6496ea9ec999c19,direct-framework-reference,,android/view/Menu,definition-present,yes-static,52,3,unknown,aegis-evidence.json#/rows/412,False,unknown
aegis,0eecec45de0da3ff1358004b51e2960d9178551643a6ed44f6496ea9ec999c19,direct-framework-reference,,android/view/MenuInflater,definition-present,unknown,14,0,unknown,aegis-evidence.json#/rows/413,False,unknown
aegis,0eecec45de0da3ff1358004b51e2960d9178551643a6ed44f6496ea9ec999c19,direct-framework-reference,,android/view/MenuItem,definition-present,yes-static,133,3,unknown,aegis-evidence.json#/rows/414,False,unknown
aegis,0eecec45de0da3ff1358004b51e2960d9178551643a6ed44f6496ea9ec999c19,direct-framework-reference,,android/view/MenuItem$OnActionExpandListener,definition-present,unknown,6,0,unknown,aegis-evidence.json#/rows/415,False,unknown
aegis,0eecec45de0da3ff1358004b51e2960d9178551643a6ed44f6496ea9ec999c19,direct-framework-reference,,android/view/MenuItem$OnMenuItemClickListener,definition-present,unknown,4,0,unknown,aegis-evidence.json#/rows/416,False,unknown
aegis,0eecec45de0da3ff1358004b51e2960d9178551643a6ed44f6496ea9ec999c19,direct-framework-reference,,android/view/MotionEvent,definition-present,unknown,95,0,unknown,aegis-evidence.json#/rows/417,False,unknown
aegis,0eecec45de0da3ff1358004b51e2960d9178551643a6ed44f6496ea9ec999c19,direct-framework-reference,,android/view/PixelCopy,definition-present,unknown,1,0,unknown,aegis-evidence.json#/rows/418,False,unknown
aegis,0eecec45de0da3ff1358004b51e2960d9178551643a6ed44f6496ea9ec999c19,direct-framework-reference,,android/view/PixelCopy$OnPixelCopyFinishedListener,definition-present,unknown,1,0,unknown,aegis-evidence.json#/rows/419,False,unknown
aegis,0eecec45de0da3ff1358004b51e2960d9178551643a6ed44f6496ea9ec999c19,direct-framework-reference,,android/view/PointerIcon,definition-present,unknown,1,0,unknown,aegis-evidence.json#/rows/420,False,unknown
aegis,0eecec45de0da3ff1358004b51e2960d9178551643a6ed44f6496ea9ec999c19,direct-framework-reference,,android/view/RoundedCorner,definition-present,yes-static,4,4,unknown,aegis-evidence.json#/rows/421,False,unknown
aegis,0eecec45de0da3ff1358004b51e2960d9178551643a6ed44f6496ea9ec999c19,direct-framework-reference,,android/view/ScaleGestureDetector,definition-present,unknown,4,0,unknown,aegis-evidence.json#/rows/422,False,unknown
aegis,0eecec45de0da3ff1358004b51e2960d9178551643a6ed44f6496ea9ec999c19,direct-framework-reference,,android/view/ScaleGestureDetector$OnScaleGestureListener,definition-present,unknown,1,0,unknown,aegis-evidence.json#/rows/423,False,unknown
aegis,0eecec45de0da3ff1358004b51e2960d9178551643a6ed44f6496ea9ec999c19,direct-framework-reference,,android/view/ScaleGestureDetector$SimpleOnScaleGestureListener,definition-present,unknown,2,0,unknown,aegis-evidence.json#/rows/424,False,unknown
aegis,0eecec45de0da3ff1358004b51e2960d9178551643a6ed44f6496ea9ec999c19,direct-framework-reference,,android/view/ScrollFeedbackProvider,definition-absent,unknown,3,0,unresolvable-in-scanned-inputs,aegis-evidence.json#/rows/425,False,unknown
aegis,0eecec45de0da3ff1358004b51e2960d9178551643a6ed44f6496ea9ec999c19,direct-framework-reference,,android/view/SearchEvent,definition-present,unknown,2,0,unknown,aegis-evidence.json#/rows/426,False,unknown
aegis,0eecec45de0da3ff1358004b51e2960d9178551643a6ed44f6496ea9ec999c19,direct-framework-reference,,android/view/SubMenu,definition-present,unknown,15,0,unknown,aegis-evidence.json#/rows/427,False,unknown
aegis,0eecec45de0da3ff1358004b51e2960d9178551643a6ed44f6496ea9ec999c19,direct-framework-reference,,android/view/Surface,definition-present,unknown,80,0,unknown,aegis-evidence.json#/rows/428,False,unknown
aegis,0eecec45de0da3ff1358004b51e2960d9178551643a6ed44f6496ea9ec999c19,direct-framework-reference,,android/view/SurfaceHolder,definition-present,unknown,4,0,unknown,aegis-evidence.json#/rows/429,False,unknown
aegis,0eecec45de0da3ff1358004b51e2960d9178551643a6ed44f6496ea9ec999c19,direct-framework-reference,,android/view/SurfaceHolder$Callback,definition-present,unknown,1,0,unknown,aegis-evidence.json#/rows/430,False,unknown
aegis,0eecec45de0da3ff1358004b51e2960d9178551643a6ed44f6496ea9ec999c19,direct-framework-reference,,android/view/SurfaceView,definition-present,unknown,6,0,unknown,aegis-evidence.json#/rows/431,False,unknown
aegis,0eecec45de0da3ff1358004b51e2960d9178551643a6ed44f6496ea9ec999c19,direct-framework-reference,,android/view/TextureView,definition-present,unknown,7,0,unknown,aegis-evidence.json#/rows/432,False,unknown
aegis,0eecec45de0da3ff1358004b51e2960d9178551643a6ed44f6496ea9ec999c19,direct-framework-reference,,android/view/TouchDelegate,definition-present,unknown,2,0,unknown,aegis-evidence.json#/rows/433,False,unknown
aegis,0eecec45de0da3ff1358004b51e2960d9178551643a6ed44f6496ea9ec999c19,direct-framework-reference,,android/view/VelocityTracker,definition-present,yes-static,31,1,unknown,aegis-evidence.json#/rows/434,False,unknown
aegis,0eecec45de0da3ff1358004b51e2960d9178551643a6ed44f6496ea9ec999c19,direct-framework-reference,,android/view/View,definition-present,yes-static,2300,210,unknown,aegis-evidence.json#/rows/435,False,unknown
aegis,0eecec45de0da3ff1358004b51e2960d9178551643a6ed44f6496ea9ec999c19,direct-framework-reference,,android/view/View$AccessibilityDelegate,definition-present,yes-static,33,10,unknown,aegis-evidence.json#/rows/436,False,unknown
aegis,0eecec45de0da3ff1358004b51e2960d9178551643a6ed44f6496ea9ec999c19,direct-framework-reference,,android/view/View$BaseSavedState,definition-present,unknown,22,0,unknown,aegis-evidence.json#/rows/437,False,unknown
aegis,0eecec45de0da3ff1358004b51e2960d9178551643a6ed44f6496ea9ec999c19,direct-framework-reference,,android/view/View$MeasureSpec,definition-present,unknown,54,0,unknown,aegis-evidence.json#/rows/438,False,unknown
aegis,0eecec45de0da3ff1358004b51e2960d9178551643a6ed44f6496ea9ec999c19,direct-framework-reference,,android/view/View$OnApplyWindowInsetsListener,definition-present,yes-static,3,1,unknown,aegis-evidence.json#/rows/439,False,unknown
aegis,0eecec45de0da3ff1358004b51e2960d9178551643a6ed44f6496ea9ec999c19,direct-framework-reference,,android/view/View$OnClickListener,definition-present,yes-static,8,2,unknown,aegis-evidence.json#/rows/440,False,unknown
aegis,0eecec45de0da3ff1358004b51e2960d9178551643a6ed44f6496ea9ec999c19,direct-framework-reference,,android/view/View$OnFocusChangeListener,definition-present,unknown,1,0,unknown,aegis-evidence.json#/rows/441,False,unknown
aegis,0eecec45de0da3ff1358004b51e2960d9178551643a6ed44f6496ea9ec999c19,direct-framework-reference,,android/view/View$OnLongClickListener,definition-present,unknown,14,0,unknown,aegis-evidence.json#/rows/442,False,unknown
aegis,0eecec45de0da3ff1358004b51e2960d9178551643a6ed44f6496ea9ec999c19,direct-framework-reference,,android/view/View$OnTouchListener,definition-present,unknown,3,0,unknown,aegis-evidence.json#/rows/443,False,unknown
aegis,0eecec45de0da3ff1358004b51e2960d9178551643a6ed44f6496ea9ec999c19,direct-framework-reference,,android/view/ViewConfiguration,definition-present,yes-static,31,4,unknown,aegis-evidence.json#/rows/444,False,unknown
aegis,0eecec45de0da3ff1358004b51e2960d9178551643a6ed44f6496ea9ec999c19,direct-framework-reference,,android/view/ViewGroup,definition-present,yes-static,547,51,unknown,aegis-evidence.json#/rows/445,False,unknown
aegis,0eecec45de0da3ff1358004b51e2960d9178551643a6ed44f6496ea9ec999c19,direct-framework-reference,,android/view/ViewGroup$LayoutParams,definition-present,yes-static,77,7,unknown,aegis-evidence.json#/rows/446,False,unknown
aegis,0eecec45de0da3ff1358004b51e2960d9178551643a6ed44f6496ea9ec999c19,direct-framework-reference,,android/view/ViewGroup$MarginLayoutParams,definition-present,yes-static,116,6,unknown,aegis-evidence.json#/rows/447,False,unknown
aegis,0eecec45de0da3ff1358004b51e2960d9178551643a6ed44f6496ea9ec999c19,direct-framework-reference,,android/view/ViewGroup$OnHierarchyChangeListener,definition-present,unknown,4,0,unknown,aegis-evidence.json#/rows/448,False,unknown
aegis,0eecec45de0da3ff1358004b51e2960d9178551643a6ed44f6496ea9ec999c19,direct-framework-reference,,android/view/ViewGroupOverlay,definition-present,unknown,5,0,unknown,aegis-evidence.json#/rows/449,False,unknown
aegis,0eecec45de0da3ff1358004b51e2960d9178551643a6ed44f6496ea9ec999c19,direct-framework-reference,,android/view/ViewManager,definition-present,yes-static,4,1,unknown,aegis-evidence.json#/rows/450,False,unknown
aegis,0eecec45de0da3ff1358004b51e2960d9178551643a6ed44f6496ea9ec999c19,direct-framework-reference,,android/view/ViewOutlineProvider,definition-present,unknown,6,0,unknown,aegis-evidence.json#/rows/451,False,unknown
aegis,0eecec45de0da3ff1358004b51e2960d9178551643a6ed44f6496ea9ec999c19,direct-framework-reference,,android/view/ViewParent,definition-present,yes-static,115,11,unknown,aegis-evidence.json#/rows/452,False,unknown
aegis,0eecec45de0da3ff1358004b51e2960d9178551643a6ed44f6496ea9ec999c19,direct-framework-reference,,android/view/ViewPropertyAnimator,definition-present,yes-static,38,10,unknown,aegis-evidence.json#/rows/453,False,unknown
aegis,0eecec45de0da3ff1358004b51e2960d9178551643a6ed44f6496ea9ec999c19,direct-framework-reference,,android/view/ViewStructure,definition-present,unknown,1,0,unknown,aegis-evidence.json#/rows/454,False,unknown
aegis,0eecec45de0da3ff1358004b51e2960d9178551643a6ed44f6496ea9ec999c19,direct-framework-reference,,android/view/ViewStub,definition-present,unknown,2,0,unknown,aegis-evidence.json#/rows/455,False,unknown
aegis,0eecec45de0da3ff1358004b51e2960d9178551643a6ed44f6496ea9ec999c19,direct-framework-reference,,android/view/ViewTreeObserver,definition-present,yes-static,38,1,unknown,aegis-evidence.json#/rows/456,False,unknown
aegis,0eecec45de0da3ff1358004b51e2960d9178551643a6ed44f6496ea9ec999c19,direct-framework-reference,,android/view/Window,definition-present,yes-static,94,23,unknown,aegis-evidence.json#/rows/457,False,unknown
aegis,0eecec45de0da3ff1358004b51e2960d9178551643a6ed44f6496ea9ec999c19,direct-framework-reference,,android/view/Window$Callback,definition-present,yes-static,52,9,unknown,aegis-evidence.json#/rows/458,False,unknown
aegis,0eecec45de0da3ff1358004b51e2960d9178551643a6ed44f6496ea9ec999c19,direct-framework-reference,,android/view/WindowId,definition-present,unknown,2,0,unknown,aegis-evidence.json#/rows/459,False,unknown
aegis,0eecec45de0da3ff1358004b51e2960d9178551643a6ed44f6496ea9ec999c19,direct-framework-reference,,android/view/WindowInsets,definition-present,yes-static,72,3,unknown,aegis-evidence.json#/rows/460,False,unknown
aegis,0eecec45de0da3ff1358004b51e2960d9178551643a6ed44f6496ea9ec999c19,direct-framework-reference,,android/view/WindowInsets$Builder,definition-present,unknown,20,0,unknown,aegis-evidence.json#/rows/461,False,unknown
aegis,0eecec45de0da3ff1358004b51e2960d9178551643a6ed44f6496ea9ec999c19,direct-framework-reference,,android/view/WindowInsets$Type,definition-present,unknown,10,0,unknown,aegis-evidence.json#/rows/462,False,unknown
aegis,0eecec45de0da3ff1358004b51e2960d9178551643a6ed44f6496ea9ec999c19,direct-framework-reference,,android/view/WindowInsetsAnimation,definition-present,unknown,20,0,unknown,aegis-evidence.json#/rows/463,False,unknown
aegis,0eecec45de0da3ff1358004b51e2960d9178551643a6ed44f6496ea9ec999c19,direct-framework-reference,,android/view/WindowInsetsAnimation$Bounds,definition-present,unknown,6,0,unknown,aegis-evidence.json#/rows/464,False,unknown
aegis,0eecec45de0da3ff1358004b51e2960d9178551643a6ed44f6496ea9ec999c19,direct-framework-reference,,android/view/WindowInsetsAnimation$Callback,definition-present,unknown,2,0,unknown,aegis-evidence.json#/rows/465,False,unknown
aegis,0eecec45de0da3ff1358004b51e2960d9178551643a6ed44f6496ea9ec999c19,direct-framework-reference,,android/view/WindowInsetsController,definition-present,unknown,13,0,unknown,aegis-evidence.json#/rows/466,False,unknown
aegis,0eecec45de0da3ff1358004b51e2960d9178551643a6ed44f6496ea9ec999c19,direct-framework-reference,,android/view/WindowManager,definition-present,yes-static,9,1,unknown,aegis-evidence.json#/rows/467,False,unknown
aegis,0eecec45de0da3ff1358004b51e2960d9178551643a6ed44f6496ea9ec999c19,direct-framework-reference,,android/view/WindowManager$LayoutParams,definition-present,unknown,8,0,unknown,aegis-evidence.json#/rows/468,False,unknown
aegis,0eecec45de0da3ff1358004b51e2960d9178551643a6ed44f6496ea9ec999c19,direct-framework-reference,,android/view/WindowMetrics,definition-present,unknown,3,0,unknown,aegis-evidence.json#/rows/469,False,unknown
aegis,0eecec45de0da3ff1358004b51e2960d9178551643a6ed44f6496ea9ec999c19,direct-framework-reference,,android/view/accessibility/AccessibilityEvent,definition-present,yes-static,38,1,unknown,aegis-evidence.json#/rows/470,False,unknown
aegis,0eecec45de0da3ff1358004b51e2960d9178551643a6ed44f6496ea9ec999c19,direct-framework-reference,,android/view/accessibility/AccessibilityManager,definition-present,yes-static,36,1,unknown,aegis-evidence.json#/rows/471,False,unknown
aegis,0eecec45de0da3ff1358004b51e2960d9178551643a6ed44f6496ea9ec999c19,direct-framework-reference,,android/view/accessibility/AccessibilityNodeInfo,definition-present,unknown,65,0,unknown,aegis-evidence.json#/rows/472,False,unknown
aegis,0eecec45de0da3ff1358004b51e2960d9178551643a6ed44f6496ea9ec999c19,direct-framework-reference,,android/view/accessibility/AccessibilityNodeInfo$AccessibilityAction,definition-present,yes-static,22,4,unknown,aegis-evidence.json#/rows/473,False,unknown
aegis,0eecec45de0da3ff1358004b51e2960d9178551643a6ed44f6496ea9ec999c19,direct-framework-reference,,android/view/accessibility/AccessibilityNodeInfo$CollectionInfo,definition-present,unknown,6,0,unknown,aegis-evidence.json#/rows/474,False,unknown
aegis,0eecec45de0da3ff1358004b51e2960d9178551643a6ed44f6496ea9ec999c19,direct-framework-reference,,android/view/accessibility/AccessibilityNodeInfo$CollectionItemInfo,definition-present,unknown,3,0,unknown,aegis-evidence.json#/rows/475,False,unknown
aegis,0eecec45de0da3ff1358004b51e2960d9178551643a6ed44f6496ea9ec999c19,direct-framework-reference,,android/view/accessibility/AccessibilityNodeProvider,definition-present,unknown,3,0,unknown,aegis-evidence.json#/rows/476,False,unknown
aegis,0eecec45de0da3ff1358004b51e2960d9178551643a6ed44f6496ea9ec999c19,direct-framework-reference,,android/view/accessibility/AccessibilityRecord,definition-present,yes-static,15,1,unknown,aegis-evidence.json#/rows/477,False,unknown
aegis,0eecec45de0da3ff1358004b51e2960d9178551643a6ed44f6496ea9ec999c19,direct-framework-reference,,android/view/animation/AccelerateDecelerateInterpolator,definition-present,unknown,2,0,unknown,aegis-evidence.json#/rows/478,False,unknown
aegis,0eecec45de0da3ff1358004b51e2960d9178551643a6ed44f6496ea9ec999c19,direct-framework-reference,,android/view/animation/AccelerateInterpolator,definition-present,yes-static,8,3,unknown,aegis-evidence.json#/rows/479,False,unknown
aegis,0eecec45de0da3ff1358004b51e2960d9178551643a6ed44f6496ea9ec999c19,direct-framework-reference,,android/view/animation/AlphaAnimation,definition-present,unknown,1,0,unknown,aegis-evidence.json#/rows/480,False,unknown
aegis,0eecec45de0da3ff1358004b51e2960d9178551643a6ed44f6496ea9ec999c19,direct-framework-reference,,android/view/animation/Animation,definition-present,yes-static,12,4,unknown,aegis-evidence.json#/rows/481,False,unknown
aegis,0eecec45de0da3ff1358004b51e2960d9178551643a6ed44f6496ea9ec999c19,direct-framework-reference,,android/view/animation/AnimationSet,definition-present,yes-static,3,1,unknown,aegis-evidence.json#/rows/482,False,unknown
aegis,0eecec45de0da3ff1358004b51e2960d9178551643a6ed44f6496ea9ec999c19,direct-framework-reference,,android/view/animation/AnimationUtils,definition-present,yes-static,10,4,unknown,aegis-evidence.json#/rows/483,False,unknown
aegis,0eecec45de0da3ff1358004b51e2960d9178551643a6ed44f6496ea9ec999c19,direct-framework-reference,,android/view/animation/BaseInterpolator,definition-present,yes-static,7,2,unknown,aegis-evidence.json#/rows/484,False,unknown
aegis,0eecec45de0da3ff1358004b51e2960d9178551643a6ed44f6496ea9ec999c19,direct-framework-reference,,android/view/animation/DecelerateInterpolator,definition-present,yes-static,9,3,unknown,aegis-evidence.json#/rows/485,False,unknown
aegis,0eecec45de0da3ff1358004b51e2960d9178551643a6ed44f6496ea9ec999c19,direct-framework-reference,,android/view/animation/Interpolator,definition-present,yes-static,43,2,unknown,aegis-evidence.json#/rows/486,False,unknown
aegis,0eecec45de0da3ff1358004b51e2960d9178551643a6ed44f6496ea9ec999c19,direct-framework-reference,,android/view/animation/LayoutAnimationController,definition-present,yes-static,1,1,unknown,aegis-evidence.json#/rows/487,False,unknown
aegis,0eecec45de0da3ff1358004b51e2960d9178551643a6ed44f6496ea9ec999c19,direct-framework-reference,,android/view/animation/LinearInterpolator,definition-present,yes-static,6,1,unknown,aegis-evidence.json#/rows/488,False,unknown
aegis,0eecec45de0da3ff1358004b51e2960d9178551643a6ed44f6496ea9ec999c19,direct-framework-reference,,android/view/animation/OvershootInterpolator,definition-present,yes-static,2,1,unknown,aegis-evidence.json#/rows/489,False,unknown
aegis,0eecec45de0da3ff1358004b51e2960d9178551643a6ed44f6496ea9ec999c19,direct-framework-reference,,android/view/animation/PathInterpolator,definition-present,unknown,5,0,unknown,aegis-evidence.json#/rows/490,False,unknown
aegis,0eecec45de0da3ff1358004b51e2960d9178551643a6ed44f6496ea9ec999c19,direct-framework-reference,,android/view/animation/Transformation,definition-present,unknown,2,0,unknown,aegis-evidence.json#/rows/491,False,unknown
aegis,0eecec45de0da3ff1358004b51e2960d9178551643a6ed44f6496ea9ec999c19,direct-framework-reference,,android/view/autofill/AutofillId,definition-present,unknown,1,0,unknown,aegis-evidence.json#/rows/492,False,unknown
aegis,0eecec45de0da3ff1358004b51e2960d9178551643a6ed44f6496ea9ec999c19,direct-framework-reference,,android/view/autofill/AutofillManager,definition-present,unknown,1,0,unknown,aegis-evidence.json#/rows/493,False,unknown
aegis,0eecec45de0da3ff1358004b51e2960d9178551643a6ed44f6496ea9ec999c19,direct-framework-reference,,android/view/inputmethod/EditorInfo,definition-present,unknown,15,0,unknown,aegis-evidence.json#/rows/494,False,unknown
aegis,0eecec45de0da3ff1358004b51e2960d9178551643a6ed44f6496ea9ec999c19,direct-framework-reference,,android/view/inputmethod/InputConnection,definition-present,unknown,11,0,unknown,aegis-evidence.json#/rows/495,False,unknown
aegis,0eecec45de0da3ff1358004b51e2960d9178551643a6ed44f6496ea9ec999c19,direct-framework-reference,,android/view/inputmethod/InputConnectionWrapper,definition-present,unknown,8,0,unknown,aegis-evidence.json#/rows/496,False,unknown
aegis,0eecec45de0da3ff1358004b51e2960d9178551643a6ed44f6496ea9ec999c19,direct-framework-reference,,android/view/inputmethod/InputContentInfo,definition-present,unknown,8,0,unknown,aegis-evidence.json#/rows/497,False,unknown
aegis,0eecec45de0da3ff1358004b51e2960d9178551643a6ed44f6496ea9ec999c19,direct-framework-reference,,android/view/inputmethod/InputMethodManager,definition-present,unknown,13,0,unknown,aegis-evidence.json#/rows/498,False,unknown
aegis,0eecec45de0da3ff1358004b51e2960d9178551643a6ed44f6496ea9ec999c19,direct-framework-reference,,android/view/textclassifier/TextClassificationManager,definition-present,unknown,1,0,unknown,aegis-evidence.json#/rows/499,False,unknown
aegis,0eecec45de0da3ff1358004b51e2960d9178551643a6ed44f6496ea9ec999c19,direct-framework-reference,,android/view/textclassifier/TextClassifier,definition-present,unknown,5,0,unknown,aegis-evidence.json#/rows/500,False,unknown
aegis,0eecec45de0da3ff1358004b51e2960d9178551643a6ed44f6496ea9ec999c19,direct-framework-reference,,android/webkit/MimeTypeMap,definition-present,unknown,2,0,unknown,aegis-evidence.json#/rows/501,False,unknown
aegis,0eecec45de0da3ff1358004b51e2960d9178551643a6ed44f6496ea9ec999c19,direct-framework-reference,,android/webkit/WebView,definition-present,unknown,1,0,unknown,aegis-evidence.json#/rows/502,False,unknown
aegis,0eecec45de0da3ff1358004b51e2960d9178551643a6ed44f6496ea9ec999c19,direct-framework-reference,,android/widget/AbsListView,definition-present,yes-static,31,1,unknown,aegis-evidence.json#/rows/503,False,unknown
aegis,0eecec45de0da3ff1358004b51e2960d9178551643a6ed44f6496ea9ec999c19,direct-framework-reference,,android/widget/AbsSeekBar,definition-present,unknown,5,0,unknown,aegis-evidence.json#/rows/504,False,unknown
aegis,0eecec45de0da3ff1358004b51e2960d9178551643a6ed44f6496ea9ec999c19,direct-framework-reference,,android/widget/AbsSpinner,definition-present,unknown,1,0,unknown,aegis-evidence.json#/rows/505,False,unknown
aegis,0eecec45de0da3ff1358004b51e2960d9178551643a6ed44f6496ea9ec999c19,direct-framework-reference,,android/widget/Adapter,definition-present,unknown,15,0,unknown,aegis-evidence.json#/rows/506,False,unknown
aegis,0eecec45de0da3ff1358004b51e2960d9178551643a6ed44f6496ea9ec999c19,direct-framework-reference,,android/widget/AdapterView,definition-present,yes-static,24,1,unknown,aegis-evidence.json#/rows/507,False,unknown
aegis,0eecec45de0da3ff1358004b51e2960d9178551643a6ed44f6496ea9ec999c19,direct-framework-reference,,android/widget/AdapterView$OnItemClickListener,definition-present,unknown,1,0,unknown,aegis-evidence.json#/rows/508,False,unknown
aegis,0eecec45de0da3ff1358004b51e2960d9178551643a6ed44f6496ea9ec999c19,direct-framework-reference,,android/widget/ArrayAdapter,definition-present,yes-static,13,2,unknown,aegis-evidence.json#/rows/509,False,unknown
aegis,0eecec45de0da3ff1358004b51e2960d9178551643a6ed44f6496ea9ec999c19,direct-framework-reference,,android/widget/AutoCompleteTextView,definition-present,yes-static,75,2,unknown,aegis-evidence.json#/rows/510,False,unknown
aegis,0eecec45de0da3ff1358004b51e2960d9178551643a6ed44f6496ea9ec999c19,direct-framework-reference,,android/widget/BaseAdapter,definition-present,unknown,19,0,unknown,aegis-evidence.json#/rows/511,False,unknown
aegis,0eecec45de0da3ff1358004b51e2960d9178551643a6ed44f6496ea9ec999c19,direct-framework-reference,,android/widget/Button,definition-present,unknown,74,0,unknown,aegis-evidence.json#/rows/512,False,unknown
aegis,0eecec45de0da3ff1358004b51e2960d9178551643a6ed44f6496ea9ec999c19,direct-framework-reference,,android/widget/CheckBox,definition-present,yes-static,83,3,unknown,aegis-evidence.json#/rows/513,False,unknown
aegis,0eecec45de0da3ff1358004b51e2960d9178551643a6ed44f6496ea9ec999c19,direct-framework-reference,,android/widget/Checkable,definition-present,yes-static,7,1,unknown,aegis-evidence.json#/rows/514,False,unknown
aegis,0eecec45de0da3ff1358004b51e2960d9178551643a6ed44f6496ea9ec999c19,direct-framework-reference,,android/widget/CheckedTextView,definition-present,unknown,23,0,unknown,aegis-evidence.json#/rows/515,False,unknown
aegis,0eecec45de0da3ff1358004b51e2960d9178551643a6ed44f6496ea9ec999c19,direct-framework-reference,,android/widget/CompoundButton,definition-present,unknown,66,0,unknown,aegis-evidence.json#/rows/516,False,unknown
aegis,0eecec45de0da3ff1358004b51e2960d9178551643a6ed44f6496ea9ec999c19,direct-framework-reference,,android/widget/CompoundButton$OnCheckedChangeListener,definition-present,unknown,2,0,unknown,aegis-evidence.json#/rows/517,False,unknown
aegis,0eecec45de0da3ff1358004b51e2960d9178551643a6ed44f6496ea9ec999c19,direct-framework-reference,,android/widget/EdgeEffect,definition-present,unknown,31,0,unknown,aegis-evidence.json#/rows/518,False,unknown
aegis,0eecec45de0da3ff1358004b51e2960d9178551643a6ed44f6496ea9ec999c19,direct-framework-reference,,android/widget/EditText,definition-present,yes-static,154,1,unknown,aegis-evidence.json#/rows/519,False,unknown
aegis,0eecec45de0da3ff1358004b51e2960d9178551643a6ed44f6496ea9ec999c19,direct-framework-reference,,android/widget/Filter,definition-present,unknown,6,0,unknown,aegis-evidence.json#/rows/520,False,unknown
aegis,0eecec45de0da3ff1358004b51e2960d9178551643a6ed44f6496ea9ec999c19,direct-framework-reference,,android/widget/Filter$FilterResults,definition-present,unknown,5,0,unknown,aegis-evidence.json#/rows/521,False,unknown
aegis,0eecec45de0da3ff1358004b51e2960d9178551643a6ed44f6496ea9ec999c19,direct-framework-reference,,android/widget/FrameLayout,definition-present,yes-static,155,3,unknown,aegis-evidence.json#/rows/522,False,unknown
aegis,0eecec45de0da3ff1358004b51e2960d9178551643a6ed44f6496ea9ec999c19,direct-framework-reference,,android/widget/FrameLayout$LayoutParams,definition-present,unknown,18,0,unknown,aegis-evidence.json#/rows/523,False,unknown
aegis,0eecec45de0da3ff1358004b51e2960d9178551643a6ed44f6496ea9ec999c19,direct-framework-reference,,android/widget/GridView,definition-present,unknown,16,0,unknown,aegis-evidence.json#/rows/524,False,unknown
aegis,0eecec45de0da3ff1358004b51e2960d9178551643a6ed44f6496ea9ec999c19,direct-framework-reference,,android/widget/HeaderViewListAdapter,definition-present,unknown,5,0,unknown,aegis-evidence.json#/rows/525,False,unknown
aegis,0eecec45de0da3ff1358004b51e2960d9178551643a6ed44f6496ea9ec999c19,direct-framework-reference,,android/widget/ImageButton,definition-present,yes-static,35,2,unknown,aegis-evidence.json#/rows/526,False,unknown
aegis,0eecec45de0da3ff1358004b51e2960d9178551643a6ed44f6496ea9ec999c19,direct-framework-reference,,android/widget/ImageView,definition-present,yes-static,152,8,unknown,aegis-evidence.json#/rows/527,False,unknown
aegis,0eecec45de0da3ff1358004b51e2960d9178551643a6ed44f6496ea9ec999c19,direct-framework-reference,,android/widget/ImageView$ScaleType,definition-present,unknown,27,0,unknown,aegis-evidence.json#/rows/528,False,unknown
aegis,0eecec45de0da3ff1358004b51e2960d9178551643a6ed44f6496ea9ec999c19,direct-framework-reference,,android/widget/LinearLayout,definition-present,yes-static,76,1,unknown,aegis-evidence.json#/rows/529,False,unknown
aegis,0eecec45de0da3ff1358004b51e2960d9178551643a6ed44f6496ea9ec999c19,direct-framework-reference,,android/widget/LinearLayout$LayoutParams,definition-present,unknown,43,0,unknown,aegis-evidence.json#/rows/530,False,unknown
aegis,0eecec45de0da3ff1358004b51e2960d9178551643a6ed44f6496ea9ec999c19,direct-framework-reference,,android/widget/ListAdapter,definition-present,yes-static,46,1,unknown,aegis-evidence.json#/rows/531,False,unknown
aegis,0eecec45de0da3ff1358004b51e2960d9178551643a6ed44f6496ea9ec999c19,direct-framework-reference,,android/widget/ListView,definition-present,unknown,28,0,unknown,aegis-evidence.json#/rows/532,False,unknown
aegis,0eecec45de0da3ff1358004b51e2960d9178551643a6ed44f6496ea9ec999c19,direct-framework-reference,,android/widget/MultiAutoCompleteTextView,definition-present,unknown,9,0,unknown,aegis-evidence.json#/rows/533,False,unknown
aegis,0eecec45de0da3ff1358004b51e2960d9178551643a6ed44f6496ea9ec999c19,direct-framework-reference,,android/widget/NumberPicker,definition-present,unknown,4,0,unknown,aegis-evidence.json#/rows/534,False,unknown
aegis,0eecec45de0da3ff1358004b51e2960d9178551643a6ed44f6496ea9ec999c19,direct-framework-reference,,android/widget/OverScroller,definition-present,yes-static,28,2,unknown,aegis-evidence.json#/rows/535,False,unknown
aegis,0eecec45de0da3ff1358004b51e2960d9178551643a6ed44f6496ea9ec999c19,direct-framework-reference,,android/widget/PopupWindow,definition-present,yes-static,41,3,unknown,aegis-evidence.json#/rows/536,False,unknown
aegis,0eecec45de0da3ff1358004b51e2960d9178551643a6ed44f6496ea9ec999c19,direct-framework-reference,,android/widget/PopupWindow$OnDismissListener,definition-present,unknown,1,0,unknown,aegis-evidence.json#/rows/537,False,unknown
aegis,0eecec45de0da3ff1358004b51e2960d9178551643a6ed44f6496ea9ec999c19,direct-framework-reference,,android/widget/ProgressBar,definition-present,yes-static,31,1,unknown,aegis-evidence.json#/rows/538,False,unknown
aegis,0eecec45de0da3ff1358004b51e2960d9178551643a6ed44f6496ea9ec999c19,direct-framework-reference,,android/widget/RadioButton,definition-present,unknown,21,0,unknown,aegis-evidence.json#/rows/539,False,unknown
aegis,0eecec45de0da3ff1358004b51e2960d9178551643a6ed44f6496ea9ec999c19,direct-framework-reference,,android/widget/RadioGroup,definition-present,unknown,8,0,unknown,aegis-evidence.json#/rows/540,False,unknown
aegis,0eecec45de0da3ff1358004b51e2960d9178551643a6ed44f6496ea9ec999c19,direct-framework-reference,,android/widget/RatingBar,definition-present,unknown,2,0,unknown,aegis-evidence.json#/rows/541,False,unknown
aegis,0eecec45de0da3ff1358004b51e2960d9178551643a6ed44f6496ea9ec999c19,direct-framework-reference,,android/widget/RelativeLayout,definition-present,unknown,5,0,unknown,aegis-evidence.json#/rows/542,False,unknown
aegis,0eecec45de0da3ff1358004b51e2960d9178551643a6ed44f6496ea9ec999c19,direct-framework-reference,,android/widget/RelativeLayout$LayoutParams,definition-present,unknown,1,0,unknown,aegis-evidence.json#/rows/543,False,unknown
aegis,0eecec45de0da3ff1358004b51e2960d9178551643a6ed44f6496ea9ec999c19,direct-framework-reference,,android/widget/ScrollView,definition-present,unknown,4,0,unknown,aegis-evidence.json#/rows/544,False,unknown
aegis,0eecec45de0da3ff1358004b51e2960d9178551643a6ed44f6496ea9ec999c19,direct-framework-reference,,android/widget/Scroller,definition-present,unknown,1,0,unknown,aegis-evidence.json#/rows/545,False,unknown
aegis,0eecec45de0da3ff1358004b51e2960d9178551643a6ed44f6496ea9ec999c19,direct-framework-reference,,android/widget/SeekBar,definition-present,unknown,8,0,unknown,aegis-evidence.json#/rows/546,False,unknown
aegis,0eecec45de0da3ff1358004b51e2960d9178551643a6ed44f6496ea9ec999c19,direct-framework-reference,,android/widget/Spinner,definition-present,unknown,24,0,unknown,aegis-evidence.json#/rows/547,False,unknown
aegis,0eecec45de0da3ff1358004b51e2960d9178551643a6ed44f6496ea9ec999c19,direct-framework-reference,,android/widget/SpinnerAdapter,definition-present,unknown,13,0,unknown,aegis-evidence.json#/rows/548,False,unknown
aegis,0eecec45de0da3ff1358004b51e2960d9178551643a6ed44f6496ea9ec999c19,direct-framework-reference,,android/widget/Switch,definition-present,unknown,1,0,unknown,aegis-evidence.json#/rows/549,False,unknown
aegis,0eecec45de0da3ff1358004b51e2960d9178551643a6ed44f6496ea9ec999c19,direct-framework-reference,,android/widget/TextView,definition-present,yes-static,385,59,unknown,aegis-evidence.json#/rows/550,False,unknown
aegis,0eecec45de0da3ff1358004b51e2960d9178551643a6ed44f6496ea9ec999c19,direct-framework-reference,,android/widget/TextView$BufferType,definition-present,unknown,2,0,unknown,aegis-evidence.json#/rows/551,False,unknown
aegis,0eecec45de0da3ff1358004b51e2960d9178551643a6ed44f6496ea9ec999c19,direct-framework-reference,,android/widget/ThemedSpinnerAdapter,definition-present,unknown,2,0,unknown,aegis-evidence.json#/rows/552,False,unknown
aegis,0eecec45de0da3ff1358004b51e2960d9178551643a6ed44f6496ea9ec999c19,direct-framework-reference,,android/widget/Toast,definition-present,yes-static,25,3,unknown,aegis-evidence.json#/rows/553,False,unknown
aegis,0eecec45de0da3ff1358004b51e2960d9178551643a6ed44f6496ea9ec999c19,direct-framework-reference,,android/widget/ToggleButton,definition-present,unknown,9,0,unknown,aegis-evidence.json#/rows/554,False,unknown
aegis,0eecec45de0da3ff1358004b51e2960d9178551643a6ed44f6496ea9ec999c19,direct-framework-reference,,android/window/BackEvent,definition-present,unknown,9,0,unknown,aegis-evidence.json#/rows/555,False,unknown
aegis,0eecec45de0da3ff1358004b51e2960d9178551643a6ed44f6496ea9ec999c19,direct-framework-reference,,android/window/OnBackInvokedCallback,definition-present,yes-static,19,16,unknown,aegis-evidence.json#/rows/556,False,unknown
aegis,0eecec45de0da3ff1358004b51e2960d9178551643a6ed44f6496ea9ec999c19,direct-framework-reference,,android/window/OnBackInvokedDispatcher,definition-present,yes-static,24,20,unknown,aegis-evidence.json#/rows/557,False,unknown
aegis,0eecec45de0da3ff1358004b51e2960d9178551643a6ed44f6496ea9ec999c19,direct-framework-reference,,java/io/BufferedInputStream,definition-present,unknown,4,0,unknown,aegis-evidence.json#/rows/558,False,unknown
aegis,0eecec45de0da3ff1358004b51e2960d9178551643a6ed44f6496ea9ec999c19,direct-framework-reference,,java/io/BufferedOutputStream,definition-present,unknown,1,0,unknown,aegis-evidence.json#/rows/559,False,unknown
aegis,0eecec45de0da3ff1358004b51e2960d9178551643a6ed44f6496ea9ec999c19,direct-framework-reference,,java/io/BufferedReader,definition-present,yes-static,5,1,unknown,aegis-evidence.json#/rows/560,False,unknown
aegis,0eecec45de0da3ff1358004b51e2960d9178551643a6ed44f6496ea9ec999c19,direct-framework-reference,,java/io/BufferedWriter,definition-present,unknown,8,0,unknown,aegis-evidence.json#/rows/561,False,unknown
aegis,0eecec45de0da3ff1358004b51e2960d9178551643a6ed44f6496ea9ec999c19,direct-framework-reference,,java/io/ByteArrayInputStream,definition-present,yes-static,22,2,unknown,aegis-evidence.json#/rows/562,False,unknown
aegis,0eecec45de0da3ff1358004b51e2960d9178551643a6ed44f6496ea9ec999c19,direct-framework-reference,,java/io/ByteArrayOutputStream,definition-present,yes-static,37,2,unknown,aegis-evidence.json#/rows/563,False,unknown
aegis,0eecec45de0da3ff1358004b51e2960d9178551643a6ed44f6496ea9ec999c19,direct-framework-reference,,java/io/Closeable,definition-present,yes-static,7,1,unknown,aegis-evidence.json#/rows/564,False,unknown
aegis,0eecec45de0da3ff1358004b51e2960d9178551643a6ed44f6496ea9ec999c19,direct-framework-reference,,java/io/DataInput,definition-present,unknown,9,0,unknown,aegis-evidence.json#/rows/565,False,unknown
aegis,0eecec45de0da3ff1358004b51e2960d9178551643a6ed44f6496ea9ec999c19,direct-framework-reference,,java/io/DataInputStream,definition-present,unknown,35,0,unknown,aegis-evidence.json#/rows/566,False,unknown
aegis,0eecec45de0da3ff1358004b51e2960d9178551643a6ed44f6496ea9ec999c19,direct-framework-reference,,java/io/DataOutput,definition-present,unknown,10,0,unknown,aegis-evidence.json#/rows/567,False,unknown
aegis,0eecec45de0da3ff1358004b51e2960d9178551643a6ed44f6496ea9ec999c19,direct-framework-reference,,java/io/DataOutputStream,definition-present,unknown,2,0,unknown,aegis-evidence.json#/rows/568,False,unknown
aegis,0eecec45de0da3ff1358004b51e2960d9178551643a6ed44f6496ea9ec999c19,direct-framework-reference,,java/io/EOFException,definition-present,unknown,19,0,unknown,aegis-evidence.json#/rows/569,False,unknown
aegis,0eecec45de0da3ff1358004b51e2960d9178551643a6ed44f6496ea9ec999c19,direct-framework-reference,,java/io/File,definition-present,yes-static,170,22,unknown,aegis-evidence.json#/rows/570,False,unknown
aegis,0eecec45de0da3ff1358004b51e2960d9178551643a6ed44f6496ea9ec999c19,direct-framework-reference,,java/io/FileDescriptor,definition-present,yes-static,18,1,unknown,aegis-evidence.json#/rows/571,False,unknown
aegis,0eecec45de0da3ff1358004b51e2960d9178551643a6ed44f6496ea9ec999c19,direct-framework-reference,,java/io/FileFilter,definition-present,unknown,1,0,unknown,aegis-evidence.json#/rows/572,False,unknown
aegis,0eecec45de0da3ff1358004b51e2960d9178551643a6ed44f6496ea9ec999c19,direct-framework-reference,,java/io/FileInputStream,definition-present,yes-static,30,1,unknown,aegis-evidence.json#/rows/573,False,unknown
aegis,0eecec45de0da3ff1358004b51e2960d9178551643a6ed44f6496ea9ec999c19,direct-framework-reference,,java/io/FileNotFoundException,definition-present,unknown,11,0,unknown,aegis-evidence.json#/rows/574,False,unknown
aegis,0eecec45de0da3ff1358004b51e2960d9178551643a6ed44f6496ea9ec999c19,direct-framework-reference,,java/io/FileOutputStream,definition-present,yes-static,27,8,unknown,aegis-evidence.json#/rows/575,False,unknown
aegis,0eecec45de0da3ff1358004b51e2960d9178551643a6ed44f6496ea9ec999c19,direct-framework-reference,,java/io/FilenameFilter,definition-present,yes-static,9,2,unknown,aegis-evidence.json#/rows/576,False,unknown
aegis,0eecec45de0da3ff1358004b51e2960d9178551643a6ed44f6496ea9ec999c19,direct-framework-reference,,java/io/FilterInputStream,definition-present,yes-static,27,1,unknown,aegis-evidence.json#/rows/577,False,unknown
aegis,0eecec45de0da3ff1358004b51e2960d9178551643a6ed44f6496ea9ec999c19,direct-framework-reference,,java/io/FilterOutputStream,definition-present,yes-static,4,1,unknown,aegis-evidence.json#/rows/578,False,unknown
aegis,0eecec45de0da3ff1358004b51e2960d9178551643a6ed44f6496ea9ec999c19,direct-framework-reference,,java/io/IOException,definition-present,yes-static,126,5,unknown,aegis-evidence.json#/rows/579,False,unknown
aegis,0eecec45de0da3ff1358004b51e2960d9178551643a6ed44f6496ea9ec999c19,direct-framework-reference,,java/io/InputStream,definition-present,yes-static,501,8,unknown,aegis-evidence.json#/rows/580,False,unknown
aegis,0eecec45de0da3ff1358004b51e2960d9178551643a6ed44f6496ea9ec999c19,direct-framework-reference,,java/io/InputStreamReader,definition-present,yes-static,6,1,unknown,aegis-evidence.json#/rows/581,False,unknown
aegis,0eecec45de0da3ff1358004b51e2960d9178551643a6ed44f6496ea9ec999c19,direct-framework-reference,,java/io/InvalidClassException,definition-present,unknown,3,0,unknown,aegis-evidence.json#/rows/582,False,unknown
aegis,0eecec45de0da3ff1358004b51e2960d9178551643a6ed44f6496ea9ec999c19,direct-framework-reference,,java/io/InvalidObjectException,definition-present,unknown,34,0,unknown,aegis-evidence.json#/rows/583,False,unknown
aegis,0eecec45de0da3ff1358004b51e2960d9178551643a6ed44f6496ea9ec999c19,direct-framework-reference,,java/io/ObjectInput,definition-present,unknown,4,0,unknown,aegis-evidence.json#/rows/584,False,unknown
aegis,0eecec45de0da3ff1358004b51e2960d9178551643a6ed44f6496ea9ec999c19,direct-framework-reference,,java/io/ObjectInputStream,definition-present,yes-static,5,1,unknown,aegis-evidence.json#/rows/585,False,unknown
aegis,0eecec45de0da3ff1358004b51e2960d9178551643a6ed44f6496ea9ec999c19,direct-framework-reference,,java/io/ObjectOutput,definition-present,unknown,3,0,unknown,aegis-evidence.json#/rows/586,False,unknown
aegis,0eecec45de0da3ff1358004b51e2960d9178551643a6ed44f6496ea9ec999c19,direct-framework-reference,,java/io/ObjectOutputStream,definition-present,yes-static,5,1,unknown,aegis-evidence.json#/rows/587,False,unknown
aegis,0eecec45de0da3ff1358004b51e2960d9178551643a6ed44f6496ea9ec999c19,direct-framework-reference,,java/io/ObjectOutputStream$PutField,definition-present,unknown,2,0,unknown,aegis-evidence.json#/rows/588,False,unknown
aegis,0eecec45de0da3ff1358004b51e2960d9178551643a6ed44f6496ea9ec999c19,direct-framework-reference,,java/io/ObjectStreamField,definition-present,yes-static,2,1,unknown,aegis-evidence.json#/rows/589,False,unknown
aegis,0eecec45de0da3ff1358004b51e2960d9178551643a6ed44f6496ea9ec999c19,direct-framework-reference,,java/io/OutputStream,definition-present,yes-static,61,11,unknown,aegis-evidence.json#/rows/590,False,unknown
aegis,0eecec45de0da3ff1358004b51e2960d9178551643a6ed44f6496ea9ec999c19,direct-framework-reference,,java/io/OutputStreamWriter,definition-present,unknown,2,0,unknown,aegis-evidence.json#/rows/591,False,unknown
aegis,0eecec45de0da3ff1358004b51e2960d9178551643a6ed44f6496ea9ec999c19,direct-framework-reference,,java/io/PrintStream,definition-present,yes-static,10,1,unknown,aegis-evidence.json#/rows/592,False,unknown
aegis,0eecec45de0da3ff1358004b51e2960d9178551643a6ed44f6496ea9ec999c19,direct-framework-reference,,java/io/PrintWriter,definition-present,yes-static,8,2,unknown,aegis-evidence.json#/rows/593,False,unknown
aegis,0eecec45de0da3ff1358004b51e2960d9178551643a6ed44f6496ea9ec999c19,direct-framework-reference,,java/io/PushbackInputStream,definition-present,unknown,10,0,unknown,aegis-evidence.json#/rows/594,False,unknown
aegis,0eecec45de0da3ff1358004b51e2960d9178551643a6ed44f6496ea9ec999c19,direct-framework-reference,,java/io/RandomAccessFile,definition-present,unknown,19,0,unknown,aegis-evidence.json#/rows/595,False,unknown
aegis,0eecec45de0da3ff1358004b51e2960d9178551643a6ed44f6496ea9ec999c19,direct-framework-reference,,java/io/Reader,definition-present,yes-static,6,1,unknown,aegis-evidence.json#/rows/596,False,unknown
aegis,0eecec45de0da3ff1358004b51e2960d9178551643a6ed44f6496ea9ec999c19,direct-framework-reference,,java/io/Serializable,definition-present,yes-static,95,15,unknown,aegis-evidence.json#/rows/597,False,unknown
aegis,0eecec45de0da3ff1358004b51e2960d9178551643a6ed44f6496ea9ec999c19,direct-framework-reference,,java/io/StreamCorruptedException,definition-present,unknown,3,0,unknown,aegis-evidence.json#/rows/598,False,unknown
aegis,0eecec45de0da3ff1358004b51e2960d9178551643a6ed44f6496ea9ec999c19,direct-framework-reference,,java/io/StringWriter,definition-present,yes-static,2,1,unknown,aegis-evidence.json#/rows/599,False,unknown
aegis,0eecec45de0da3ff1358004b51e2960d9178551643a6ed44f6496ea9ec999c19,direct-framework-reference,,java/io/Writer,definition-present,yes-static,14,3,unknown,aegis-evidence.json#/rows/600,False,unknown
aegis,0eecec45de0da3ff1358004b51e2960d9178551643a6ed44f6496ea9ec999c19,direct-framework-reference,,java/lang/Appendable,definition-present,yes-static,16,2,unknown,aegis-evidence.json#/rows/601,False,unknown
aegis,0eecec45de0da3ff1358004b51e2960d9178551643a6ed44f6496ea9ec999c19,direct-framework-reference,,java/lang/ArithmeticException,definition-present,yes-static,11,2,unknown,aegis-evidence.json#/rows/602,False,unknown
aegis,0eecec45de0da3ff1358004b51e2960d9178551643a6ed44f6496ea9ec999c19,direct-framework-reference,,java/lang/ArrayIndexOutOfBoundsException,definition-present,yes-static,14,2,unknown,aegis-evidence.json#/rows/603,False,unknown
aegis,0eecec45de0da3ff1358004b51e2960d9178551643a6ed44f6496ea9ec999c19,direct-framework-reference,,java/lang/AssertionError,definition-present,yes-static,33,11,unknown,aegis-evidence.json#/rows/604,False,unknown
aegis,0eecec45de0da3ff1358004b51e2960d9178551643a6ed44f6496ea9ec999c19,direct-framework-reference,,java/lang/AutoCloseable,definition-present,yes-static,38,7,unknown,aegis-evidence.json#/rows/605,False,unknown
aegis,0eecec45de0da3ff1358004b51e2960d9178551643a6ed44f6496ea9ec999c19,direct-framework-reference,,java/lang/Boolean,definition-present,yes-static,252,33,unknown,aegis-evidence.json#/rows/606,False,unknown
aegis,0eecec45de0da3ff1358004b51e2960d9178551643a6ed44f6496ea9ec999c19,direct-framework-reference,,java/lang/Byte,definition-present,yes-static,81,2,unknown,aegis-evidence.json#/rows/607,False,unknown
aegis,0eecec45de0da3ff1358004b51e2960d9178551643a6ed44f6496ea9ec999c19,direct-framework-reference,,java/lang/CharSequence,definition-present,yes-static,788,79,unknown,aegis-evidence.json#/rows/608,False,unknown
aegis,0eecec45de0da3ff1358004b51e2960d9178551643a6ed44f6496ea9ec999c19,direct-framework-reference,,java/lang/Character,definition-present,yes-static,71,15,unknown,aegis-evidence.json#/rows/609,False,unknown
aegis,0eecec45de0da3ff1358004b51e2960d9178551643a6ed44f6496ea9ec999c19,direct-framework-reference,,java/lang/Class,definition-present,yes-static,2125,247,unknown,aegis-evidence.json#/rows/610,False,unknown
aegis,0eecec45de0da3ff1358004b51e2960d9178551643a6ed44f6496ea9ec999c19,direct-framework-reference,,java/lang/ClassCastException,definition-present,yes-static,86,11,unknown,aegis-evidence.json#/rows/611,False,unknown
aegis,0eecec45de0da3ff1358004b51e2960d9178551643a6ed44f6496ea9ec999c19,direct-framework-reference,,java/lang/ClassLoader,definition-present,yes-static,50,6,unknown,aegis-evidence.json#/rows/612,False,unknown
aegis,0eecec45de0da3ff1358004b51e2960d9178551643a6ed44f6496ea9ec999c19,direct-framework-reference,,java/lang/Comparable,definition-present,yes-static,59,10,unknown,aegis-evidence.json#/rows/613,False,unknown
aegis,0eecec45de0da3ff1358004b51e2960d9178551643a6ed44f6496ea9ec999c19,direct-framework-reference,,java/lang/Deprecated,definition-present,unknown,1,0,unknown,aegis-evidence.json#/rows/614,False,unknown
aegis,0eecec45de0da3ff1358004b51e2960d9178551643a6ed44f6496ea9ec999c19,direct-framework-reference,,java/lang/Double,definition-present,yes-static,100,2,unknown,aegis-evidence.json#/rows/615,False,unknown
aegis,0eecec45de0da3ff1358004b51e2960d9178551643a6ed44f6496ea9ec999c19,direct-framework-reference,,java/lang/Enum,definition-present,yes-static,534,27,unknown,aegis-evidence.json#/rows/616,False,unknown
aegis,0eecec45de0da3ff1358004b51e2960d9178551643a6ed44f6496ea9ec999c19,direct-framework-reference,,java/lang/Error,definition-present,yes-static,12,1,unknown,aegis-evidence.json#/rows/617,False,unknown
aegis,0eecec45de0da3ff1358004b51e2960d9178551643a6ed44f6496ea9ec999c19,direct-framework-reference,,java/lang/Exception,definition-present,yes-static,140,33,unknown,aegis-evidence.json#/rows/618,False,unknown
aegis,0eecec45de0da3ff1358004b51e2960d9178551643a6ed44f6496ea9ec999c19,direct-framework-reference,,java/lang/ExceptionInInitializerError,definition-present,yes-static,1,1,unknown,aegis-evidence.json#/rows/619,False,unknown
aegis,0eecec45de0da3ff1358004b51e2960d9178551643a6ed44f6496ea9ec999c19,direct-framework-reference,,java/lang/Float,definition-present,yes-static,141,9,unknown,aegis-evidence.json#/rows/620,False,unknown
aegis,0eecec45de0da3ff1358004b51e2960d9178551643a6ed44f6496ea9ec999c19,direct-framework-reference,,java/lang/IllegalArgumentException,definition-present,yes-static,520,84,unknown,aegis-evidence.json#/rows/621,False,unknown
aegis,0eecec45de0da3ff1358004b51e2960d9178551643a6ed44f6496ea9ec999c19,direct-framework-reference,,java/lang/IllegalStateException,definition-present,yes-static,553,72,unknown,aegis-evidence.json#/rows/622,False,unknown
aegis,0eecec45de0da3ff1358004b51e2960d9178551643a6ed44f6496ea9ec999c19,direct-framework-reference,,java/lang/IndexOutOfBoundsException,definition-present,yes-static,89,3,unknown,aegis-evidence.json#/rows/623,False,unknown
aegis,0eecec45de0da3ff1358004b51e2960d9178551643a6ed44f6496ea9ec999c19,direct-framework-reference,,java/lang/Integer,definition-present,yes-static,693,103,unknown,aegis-evidence.json#/rows/624,False,unknown
aegis,0eecec45de0da3ff1358004b51e2960d9178551643a6ed44f6496ea9ec999c19,direct-framework-reference,,java/lang/InterruptedException,definition-present,yes-static,4,1,unknown,aegis-evidence.json#/rows/625,False,unknown
aegis,0eecec45de0da3ff1358004b51e2960d9178551643a6ed44f6496ea9ec999c19,direct-framework-reference,,java/lang/Iterable,definition-present,yes-static,165,16,unknown,aegis-evidence.json#/rows/626,False,unknown
aegis,0eecec45de0da3ff1358004b51e2960d9178551643a6ed44f6496ea9ec999c19,direct-framework-reference,,java/lang/LinkageError,definition-present,unknown,1,0,unknown,aegis-evidence.json#/rows/627,False,unknown
aegis,0eecec45de0da3ff1358004b51e2960d9178551643a6ed44f6496ea9ec999c19,direct-framework-reference,,java/lang/Long,definition-present,yes-static,218,17,unknown,aegis-evidence.json#/rows/628,False,unknown
aegis,0eecec45de0da3ff1358004b51e2960d9178551643a6ed44f6496ea9ec999c19,direct-framework-reference,,java/lang/Math,definition-present,yes-static,531,51,unknown,aegis-evidence.json#/rows/629,False,unknown
aegis,0eecec45de0da3ff1358004b51e2960d9178551643a6ed44f6496ea9ec999c19,direct-framework-reference,,java/lang/NoClassDefFoundError,definition-present,yes-static,9,1,unknown,aegis-evidence.json#/rows/630,False,unknown
aegis,0eecec45de0da3ff1358004b51e2960d9178551643a6ed44f6496ea9ec999c19,direct-framework-reference,,java/lang/NullPointerException,definition-present,yes-static,63,23,unknown,aegis-evidence.json#/rows/631,False,unknown
aegis,0eecec45de0da3ff1358004b51e2960d9178551643a6ed44f6496ea9ec999c19,direct-framework-reference,,java/lang/Number,definition-present,yes-static,21,7,unknown,aegis-evidence.json#/rows/632,False,unknown
aegis,0eecec45de0da3ff1358004b51e2960d9178551643a6ed44f6496ea9ec999c19,direct-framework-reference,,java/lang/NumberFormatException,definition-present,unknown,4,0,unknown,aegis-evidence.json#/rows/633,False,unknown
aegis,0eecec45de0da3ff1358004b51e2960d9178551643a6ed44f6496ea9ec999c19,direct-framework-reference,,java/lang/Object,definition-present,yes-static,10242,1380,unknown,aegis-evidence.json#/rows/634,False,unknown
aegis,0eecec45de0da3ff1358004b51e2960d9178551643a6ed44f6496ea9ec999c19,direct-framework-reference,,java/lang/OutOfMemoryError,definition-present,yes-static,12,2,unknown,aegis-evidence.json#/rows/635,False,unknown
aegis,0eecec45de0da3ff1358004b51e2960d9178551643a6ed44f6496ea9ec999c19,direct-framework-reference,,java/lang/Package,definition-present,yes-static,6,1,unknown,aegis-evidence.json#/rows/636,False,unknown
aegis,0eecec45de0da3ff1358004b51e2960d9178551643a6ed44f6496ea9ec999c19,direct-framework-reference,,java/lang/Process,definition-present,yes-static,4,1,unknown,aegis-evidence.json#/rows/637,False,unknown
aegis,0eecec45de0da3ff1358004b51e2960d9178551643a6ed44f6496ea9ec999c19,direct-framework-reference,,java/lang/ReflectiveOperationException,definition-present,unknown,1,0,unknown,aegis-evidence.json#/rows/638,False,unknown
aegis,0eecec45de0da3ff1358004b51e2960d9178551643a6ed44f6496ea9ec999c19,direct-framework-reference,,java/lang/Runnable,definition-present,yes-static,367,49,unknown,aegis-evidence.json#/rows/639,False,unknown
aegis,0eecec45de0da3ff1358004b51e2960d9178551643a6ed44f6496ea9ec999c19,direct-framework-reference,,java/lang/Runtime,definition-present,yes-static,4,1,unknown,aegis-evidence.json#/rows/640,False,unknown
aegis,0eecec45de0da3ff1358004b51e2960d9178551643a6ed44f6496ea9ec999c19,direct-framework-reference,,java/lang/RuntimeException,definition-present,yes-static,290,40,unknown,aegis-evidence.json#/rows/641,False,unknown
aegis,0eecec45de0da3ff1358004b51e2960d9178551643a6ed44f6496ea9ec999c19,direct-framework-reference,,java/lang/SecurityException,definition-present,unknown,2,0,unknown,aegis-evidence.json#/rows/642,False,unknown
aegis,0eecec45de0da3ff1358004b51e2960d9178551643a6ed44f6496ea9ec999c19,direct-framework-reference,,java/lang/Short,definition-present,yes-static,7,2,unknown,aegis-evidence.json#/rows/643,False,unknown
aegis,0eecec45de0da3ff1358004b51e2960d9178551643a6ed44f6496ea9ec999c19,direct-framework-reference,,java/lang/StackTraceElement,definition-present,yes-static,15,2,unknown,aegis-evidence.json#/rows/644,False,unknown
aegis,0eecec45de0da3ff1358004b51e2960d9178551643a6ed44f6496ea9ec999c19,direct-framework-reference,,java/lang/StrictMath,definition-present,unknown,1,0,unknown,aegis-evidence.json#/rows/645,False,unknown
aegis,0eecec45de0da3ff1358004b51e2960d9178551643a6ed44f6496ea9ec999c19,direct-framework-reference,,java/lang/String,definition-present,yes-static,5949,713,unknown,aegis-evidence.json#/rows/646,False,unknown
aegis,0eecec45de0da3ff1358004b51e2960d9178551643a6ed44f6496ea9ec999c19,direct-framework-reference,,java/lang/StringBuffer,definition-present,unknown,6,0,unknown,aegis-evidence.json#/rows/647,False,unknown
aegis,0eecec45de0da3ff1358004b51e2960d9178551643a6ed44f6496ea9ec999c19,direct-framework-reference,,java/lang/StringBuilder,definition-present,yes-static,1263,185,unknown,aegis-evidence.json#/rows/648,False,unknown
aegis,0eecec45de0da3ff1358004b51e2960d9178551643a6ed44f6496ea9ec999c19,direct-framework-reference,,java/lang/StringIndexOutOfBoundsException,definition-present,unknown,1,0,unknown,aegis-evidence.json#/rows/649,False,unknown
aegis,0eecec45de0da3ff1358004b51e2960d9178551643a6ed44f6496ea9ec999c19,direct-framework-reference,,java/lang/System,definition-present,yes-static,220,19,unknown,aegis-evidence.json#/rows/650,False,unknown
aegis,0eecec45de0da3ff1358004b51e2960d9178551643a6ed44f6496ea9ec999c19,direct-framework-reference,,java/lang/Thread,definition-present,yes-static,85,13,unknown,aegis-evidence.json#/rows/651,False,unknown
aegis,0eecec45de0da3ff1358004b51e2960d9178551643a6ed44f6496ea9ec999c19,direct-framework-reference,,java/lang/Thread$State,definition-present,unknown,1,0,unknown,aegis-evidence.json#/rows/652,False,unknown
aegis,0eecec45de0da3ff1358004b51e2960d9178551643a6ed44f6496ea9ec999c19,direct-framework-reference,,java/lang/Thread$UncaughtExceptionHandler,definition-present,yes-static,4,2,unknown,aegis-evidence.json#/rows/653,False,unknown
aegis,0eecec45de0da3ff1358004b51e2960d9178551643a6ed44f6496ea9ec999c19,direct-framework-reference,,java/lang/ThreadLocal,definition-present,yes-static,65,16,unknown,aegis-evidence.json#/rows/654,False,unknown
aegis,0eecec45de0da3ff1358004b51e2960d9178551643a6ed44f6496ea9ec999c19,direct-framework-reference,,java/lang/Throwable,definition-present,yes-static,747,139,unknown,aegis-evidence.json#/rows/655,False,unknown
aegis,0eecec45de0da3ff1358004b51e2960d9178551643a6ed44f6496ea9ec999c19,direct-framework-reference,,java/lang/TypeNotPresentException,definition-present,unknown,1,0,unknown,aegis-evidence.json#/rows/656,False,unknown
aegis,0eecec45de0da3ff1358004b51e2960d9178551643a6ed44f6496ea9ec999c19,direct-framework-reference,,java/lang/UnsupportedClassVersionError,definition-present,unknown,1,0,unknown,aegis-evidence.json#/rows/657,False,unknown
aegis,0eecec45de0da3ff1358004b51e2960d9178551643a6ed44f6496ea9ec999c19,direct-framework-reference,,java/lang/UnsupportedOperationException,definition-present,yes-static,249,7,unknown,aegis-evidence.json#/rows/658,False,unknown
aegis,0eecec45de0da3ff1358004b51e2960d9178551643a6ed44f6496ea9ec999c19,direct-framework-reference,,java/lang/Void,definition-present,yes-static,19,1,unknown,aegis-evidence.json#/rows/659,False,unknown
aegis,0eecec45de0da3ff1358004b51e2960d9178551643a6ed44f6496ea9ec999c19,direct-framework-reference,,java/lang/annotation/Annotation,definition-present,yes-static,6,3,unknown,aegis-evidence.json#/rows/660,False,unknown
aegis,0eecec45de0da3ff1358004b51e2960d9178551643a6ed44f6496ea9ec999c19,direct-framework-reference,,java/lang/ref/Reference,definition-present,yes-static,100,22,unknown,aegis-evidence.json#/rows/661,False,unknown
aegis,0eecec45de0da3ff1358004b51e2960d9178551643a6ed44f6496ea9ec999c19,direct-framework-reference,,java/lang/ref/ReferenceQueue,definition-present,unknown,4,0,unknown,aegis-evidence.json#/rows/662,False,unknown
aegis,0eecec45de0da3ff1358004b51e2960d9178551643a6ed44f6496ea9ec999c19,direct-framework-reference,,java/lang/ref/SoftReference,definition-present,unknown,1,0,unknown,aegis-evidence.json#/rows/663,False,unknown
aegis,0eecec45de0da3ff1358004b51e2960d9178551643a6ed44f6496ea9ec999c19,direct-framework-reference,,java/lang/ref/WeakReference,definition-present,yes-static,143,31,unknown,aegis-evidence.json#/rows/664,False,unknown
aegis,0eecec45de0da3ff1358004b51e2960d9178551643a6ed44f6496ea9ec999c19,direct-framework-reference,,java/lang/reflect/AccessibleObject,definition-present,yes-static,34,8,unknown,aegis-evidence.json#/rows/665,False,unknown
aegis,0eecec45de0da3ff1358004b51e2960d9178551643a6ed44f6496ea9ec999c19,direct-framework-reference,,java/lang/reflect/Array,definition-present,yes-static,24,2,unknown,aegis-evidence.json#/rows/666,False,unknown
aegis,0eecec45de0da3ff1358004b51e2960d9178551643a6ed44f6496ea9ec999c19,direct-framework-reference,,java/lang/reflect/Constructor,definition-present,yes-static,49,10,unknown,aegis-evidence.json#/rows/667,False,unknown
aegis,0eecec45de0da3ff1358004b51e2960d9178551643a6ed44f6496ea9ec999c19,direct-framework-reference,,java/lang/reflect/Field,definition-present,yes-static,43,7,unknown,aegis-evidence.json#/rows/668,False,unknown
aegis,0eecec45de0da3ff1358004b51e2960d9178551643a6ed44f6496ea9ec999c19,direct-framework-reference,,java/lang/reflect/GenericArrayType,definition-present,unknown,1,0,unknown,aegis-evidence.json#/rows/669,False,unknown
aegis,0eecec45de0da3ff1358004b51e2960d9178551643a6ed44f6496ea9ec999c19,direct-framework-reference,,java/lang/reflect/InvocationTargetException,definition-present,unknown,8,0,unknown,aegis-evidence.json#/rows/670,False,unknown
aegis,0eecec45de0da3ff1358004b51e2960d9178551643a6ed44f6496ea9ec999c19,direct-framework-reference,,java/lang/reflect/Method,definition-present,yes-static,102,18,unknown,aegis-evidence.json#/rows/671,False,unknown
aegis,0eecec45de0da3ff1358004b51e2960d9178551643a6ed44f6496ea9ec999c19,direct-framework-reference,,java/lang/reflect/Modifier,definition-present,yes-static,4,1,unknown,aegis-evidence.json#/rows/672,False,unknown
aegis,0eecec45de0da3ff1358004b51e2960d9178551643a6ed44f6496ea9ec999c19,direct-framework-reference,,java/lang/reflect/ParameterizedType,definition-present,yes-static,3,1,unknown,aegis-evidence.json#/rows/673,False,unknown
aegis,0eecec45de0da3ff1358004b51e2960d9178551643a6ed44f6496ea9ec999c19,direct-framework-reference,,java/lang/reflect/Type,definition-present,yes-static,8,1,unknown,aegis-evidence.json#/rows/674,False,unknown
aegis,0eecec45de0da3ff1358004b51e2960d9178551643a6ed44f6496ea9ec999c19,direct-framework-reference,,java/lang/reflect/TypeVariable,definition-present,unknown,1,0,unknown,aegis-evidence.json#/rows/675,False,unknown
aegis,0eecec45de0da3ff1358004b51e2960d9178551643a6ed44f6496ea9ec999c19,direct-framework-reference,,java/lang/reflect/UndeclaredThrowableException,definition-present,unknown,1,0,unknown,aegis-evidence.json#/rows/676,False,unknown
aegis,0eecec45de0da3ff1358004b51e2960d9178551643a6ed44f6496ea9ec999c19,direct-framework-reference,,java/lang/reflect/WildcardType,definition-present,unknown,1,0,unknown,aegis-evidence.json#/rows/677,False,unknown
aegis,0eecec45de0da3ff1358004b51e2960d9178551643a6ed44f6496ea9ec999c19,direct-framework-reference,,java/math/BigDecimal,definition-present,unknown,2,0,unknown,aegis-evidence.json#/rows/678,False,unknown
aegis,0eecec45de0da3ff1358004b51e2960d9178551643a6ed44f6496ea9ec999c19,direct-framework-reference,,java/math/BigInteger,definition-present,unknown,14,0,unknown,aegis-evidence.json#/rows/679,False,unknown
aegis,0eecec45de0da3ff1358004b51e2960d9178551643a6ed44f6496ea9ec999c19,direct-framework-reference,,java/math/RoundingMode,definition-present,yes-static,7,4,unknown,aegis-evidence.json#/rows/680,False,unknown
aegis,0eecec45de0da3ff1358004b51e2960d9178551643a6ed44f6496ea9ec999c19,direct-framework-reference,,java/net/HttpURLConnection,definition-present,unknown,3,0,unknown,aegis-evidence.json#/rows/681,False,unknown
aegis,0eecec45de0da3ff1358004b51e2960d9178551643a6ed44f6496ea9ec999c19,direct-framework-reference,,java/net/URI,definition-present,unknown,1,0,unknown,aegis-evidence.json#/rows/682,False,unknown
aegis,0eecec45de0da3ff1358004b51e2960d9178551643a6ed44f6496ea9ec999c19,direct-framework-reference,,java/net/URL,definition-present,unknown,9,0,unknown,aegis-evidence.json#/rows/683,False,unknown
aegis,0eecec45de0da3ff1358004b51e2960d9178551643a6ed44f6496ea9ec999c19,direct-framework-reference,,java/net/URLConnection,definition-present,unknown,1,0,unknown,aegis-evidence.json#/rows/684,False,unknown
aegis,0eecec45de0da3ff1358004b51e2960d9178551643a6ed44f6496ea9ec999c19,direct-framework-reference,,java/nio/Buffer,definition-present,unknown,40,0,unknown,aegis-evidence.json#/rows/685,False,unknown
aegis,0eecec45de0da3ff1358004b51e2960d9178551643a6ed44f6496ea9ec999c19,direct-framework-reference,,java/nio/ByteBuffer,definition-present,yes-static,238,2,unknown,aegis-evidence.json#/rows/686,False,unknown
aegis,0eecec45de0da3ff1358004b51e2960d9178551643a6ed44f6496ea9ec999c19,direct-framework-reference,,java/nio/ByteOrder,definition-present,unknown,45,0,unknown,aegis-evidence.json#/rows/687,False,unknown
aegis,0eecec45de0da3ff1358004b51e2960d9178551643a6ed44f6496ea9ec999c19,direct-framework-reference,,java/nio/CharBuffer,definition-present,unknown,4,0,unknown,aegis-evidence.json#/rows/688,False,unknown
aegis,0eecec45de0da3ff1358004b51e2960d9178551643a6ed44f6496ea9ec999c19,direct-framework-reference,,java/nio/FloatBuffer,definition-present,unknown,3,0,unknown,aegis-evidence.json#/rows/689,False,unknown
aegis,0eecec45de0da3ff1358004b51e2960d9178551643a6ed44f6496ea9ec999c19,direct-framework-reference,,java/nio/MappedByteBuffer,definition-present,unknown,7,0,unknown,aegis-evidence.json#/rows/690,False,unknown
aegis,0eecec45de0da3ff1358004b51e2960d9178551643a6ed44f6496ea9ec999c19,direct-framework-reference,,java/nio/channels/FileChannel,definition-present,yes-static,10,2,unknown,aegis-evidence.json#/rows/691,False,unknown
aegis,0eecec45de0da3ff1358004b51e2960d9178551643a6ed44f6496ea9ec999c19,direct-framework-reference,,java/nio/channels/FileChannel$MapMode,definition-present,unknown,3,0,unknown,aegis-evidence.json#/rows/692,False,unknown
aegis,0eecec45de0da3ff1358004b51e2960d9178551643a6ed44f6496ea9ec999c19,direct-framework-reference,,java/nio/channels/FileLock,definition-present,yes-static,3,1,unknown,aegis-evidence.json#/rows/693,False,unknown
aegis,0eecec45de0da3ff1358004b51e2960d9178551643a6ed44f6496ea9ec999c19,direct-framework-reference,,java/nio/channels/spi/AbstractInterruptibleChannel,definition-present,yes-static,6,2,unknown,aegis-evidence.json#/rows/694,False,unknown
aegis,0eecec45de0da3ff1358004b51e2960d9178551643a6ed44f6496ea9ec999c19,direct-framework-reference,,java/nio/charset/Charset,definition-present,yes-static,120,8,unknown,aegis-evidence.json#/rows/695,False,unknown
aegis,0eecec45de0da3ff1358004b51e2960d9178551643a6ed44f6496ea9ec999c19,direct-framework-reference,,java/nio/charset/StandardCharsets,definition-present,yes-static,55,7,unknown,aegis-evidence.json#/rows/696,False,unknown
aegis,0eecec45de0da3ff1358004b51e2960d9178551643a6ed44f6496ea9ec999c19,direct-framework-reference,,java/nio/file/FileSystem,definition-present,unknown,5,0,unknown,aegis-evidence.json#/rows/697,False,unknown
aegis,0eecec45de0da3ff1358004b51e2960d9178551643a6ed44f6496ea9ec999c19,direct-framework-reference,,java/nio/file/FileSystems,definition-present,unknown,1,0,unknown,aegis-evidence.json#/rows/698,False,unknown
aegis,0eecec45de0da3ff1358004b51e2960d9178551643a6ed44f6496ea9ec999c19,direct-framework-reference,,java/nio/file/Files,definition-present,unknown,1,0,unknown,aegis-evidence.json#/rows/699,False,unknown
aegis,0eecec45de0da3ff1358004b51e2960d9178551643a6ed44f6496ea9ec999c19,direct-framework-reference,,java/nio/file/Path,definition-present,unknown,4,0,unknown,aegis-evidence.json#/rows/700,False,unknown
aegis,0eecec45de0da3ff1358004b51e2960d9178551643a6ed44f6496ea9ec999c19,direct-framework-reference,,java/nio/file/Paths,definition-present,unknown,1,0,unknown,aegis-evidence.json#/rows/701,False,unknown
aegis,0eecec45de0da3ff1358004b51e2960d9178551643a6ed44f6496ea9ec999c19,direct-framework-reference,,java/nio/file/attribute/AclEntry,definition-present,unknown,3,0,unknown,aegis-evidence.json#/rows/702,False,unknown
aegis,0eecec45de0da3ff1358004b51e2960d9178551643a6ed44f6496ea9ec999c19,direct-framework-reference,,java/nio/file/attribute/AclEntry$Builder,definition-present,unknown,7,0,unknown,aegis-evidence.json#/rows/703,False,unknown
aegis,0eecec45de0da3ff1358004b51e2960d9178551643a6ed44f6496ea9ec999c19,direct-framework-reference,,java/nio/file/attribute/AclEntryFlag,definition-present,unknown,4,0,unknown,aegis-evidence.json#/rows/704,False,unknown
aegis,0eecec45de0da3ff1358004b51e2960d9178551643a6ed44f6496ea9ec999c19,direct-framework-reference,,java/nio/file/attribute/AclEntryPermission,definition-present,unknown,1,0,unknown,aegis-evidence.json#/rows/705,False,unknown
aegis,0eecec45de0da3ff1358004b51e2960d9178551643a6ed44f6496ea9ec999c19,direct-framework-reference,,java/nio/file/attribute/AclEntryType,definition-present,unknown,3,0,unknown,aegis-evidence.json#/rows/706,False,unknown
aegis,0eecec45de0da3ff1358004b51e2960d9178551643a6ed44f6496ea9ec999c19,direct-framework-reference,,java/nio/file/attribute/FileAttribute,definition-present,unknown,4,0,unknown,aegis-evidence.json#/rows/707,False,unknown
aegis,0eecec45de0da3ff1358004b51e2960d9178551643a6ed44f6496ea9ec999c19,direct-framework-reference,,java/nio/file/attribute/PosixFilePermissions,definition-present,unknown,2,0,unknown,aegis-evidence.json#/rows/708,False,unknown
aegis,0eecec45de0da3ff1358004b51e2960d9178551643a6ed44f6496ea9ec999c19,direct-framework-reference,,java/nio/file/attribute/UserPrincipal,definition-present,unknown,3,0,unknown,aegis-evidence.json#/rows/709,False,unknown
aegis,0eecec45de0da3ff1358004b51e2960d9178551643a6ed44f6496ea9ec999c19,direct-framework-reference,,java/nio/file/attribute/UserPrincipalLookupService,definition-present,unknown,2,0,unknown,aegis-evidence.json#/rows/710,False,unknown
aegis,0eecec45de0da3ff1358004b51e2960d9178551643a6ed44f6496ea9ec999c19,direct-framework-reference,,java/security/AccessController,definition-present,unknown,7,0,unknown,aegis-evidence.json#/rows/711,False,unknown
aegis,0eecec45de0da3ff1358004b51e2960d9178551643a6ed44f6496ea9ec999c19,direct-framework-reference,,java/security/Key,definition-present,yes-static,15,1,unknown,aegis-evidence.json#/rows/712,False,unknown
aegis,0eecec45de0da3ff1358004b51e2960d9178551643a6ed44f6496ea9ec999c19,direct-framework-reference,,java/security/KeyStore,definition-present,unknown,7,0,unknown,aegis-evidence.json#/rows/713,False,unknown
aegis,0eecec45de0da3ff1358004b51e2960d9178551643a6ed44f6496ea9ec999c19,direct-framework-reference,,java/security/KeyStore$LoadStoreParameter,definition-present,unknown,2,0,unknown,aegis-evidence.json#/rows/714,False,unknown
aegis,0eecec45de0da3ff1358004b51e2960d9178551643a6ed44f6496ea9ec999c19,direct-framework-reference,,java/security/MessageDigest,definition-present,yes-static,22,1,unknown,aegis-evidence.json#/rows/715,False,unknown
aegis,0eecec45de0da3ff1358004b51e2960d9178551643a6ed44f6496ea9ec999c19,direct-framework-reference,,java/security/Permission,definition-present,unknown,2,0,unknown,aegis-evidence.json#/rows/716,False,unknown
aegis,0eecec45de0da3ff1358004b51e2960d9178551643a6ed44f6496ea9ec999c19,direct-framework-reference,,java/security/PrivilegedAction,definition-present,unknown,6,0,unknown,aegis-evidence.json#/rows/717,False,unknown
aegis,0eecec45de0da3ff1358004b51e2960d9178551643a6ed44f6496ea9ec999c19,direct-framework-reference,,java/security/PrivilegedExceptionAction,definition-present,unknown,1,0,unknown,aegis-evidence.json#/rows/718,False,unknown
aegis,0eecec45de0da3ff1358004b51e2960d9178551643a6ed44f6496ea9ec999c19,direct-framework-reference,,java/security/SecureRandom,definition-present,unknown,2,0,unknown,aegis-evidence.json#/rows/719,False,unknown
aegis,0eecec45de0da3ff1358004b51e2960d9178551643a6ed44f6496ea9ec999c19,direct-framework-reference,,java/security/Security,definition-present,unknown,1,0,unknown,aegis-evidence.json#/rows/720,False,unknown
aegis,0eecec45de0da3ff1358004b51e2960d9178551643a6ed44f6496ea9ec999c19,direct-framework-reference,,java/security/Signature,definition-present,unknown,7,0,unknown,aegis-evidence.json#/rows/721,False,unknown
aegis,0eecec45de0da3ff1358004b51e2960d9178551643a6ed44f6496ea9ec999c19,direct-framework-reference,,java/security/cert/CertificateException,definition-present,unknown,1,0,unknown,aegis-evidence.json#/rows/722,False,unknown
aegis,0eecec45de0da3ff1358004b51e2960d9178551643a6ed44f6496ea9ec999c19,direct-framework-reference,,java/security/spec/AlgorithmParameterSpec,definition-present,yes-static,10,1,unknown,aegis-evidence.json#/rows/723,False,unknown
aegis,0eecec45de0da3ff1358004b51e2960d9178551643a6ed44f6496ea9ec999c19,direct-framework-reference,,java/security/spec/KeySpec,definition-present,unknown,3,0,unknown,aegis-evidence.json#/rows/724,False,unknown
aegis,0eecec45de0da3ff1358004b51e2960d9178551643a6ed44f6496ea9ec999c19,direct-framework-reference,,java/text/BreakIterator,definition-present,unknown,1,0,unknown,aegis-evidence.json#/rows/725,False,unknown
aegis,0eecec45de0da3ff1358004b51e2960d9178551643a6ed44f6496ea9ec999c19,direct-framework-reference,,java/text/DateFormat,definition-present,unknown,10,0,unknown,aegis-evidence.json#/rows/726,False,unknown
aegis,0eecec45de0da3ff1358004b51e2960d9178551643a6ed44f6496ea9ec999c19,direct-framework-reference,,java/text/DateFormatSymbols,definition-present,unknown,1,0,unknown,aegis-evidence.json#/rows/727,False,unknown
aegis,0eecec45de0da3ff1358004b51e2960d9178551643a6ed44f6496ea9ec999c19,direct-framework-reference,,java/text/DecimalFormat,definition-present,unknown,2,0,unknown,aegis-evidence.json#/rows/728,False,unknown
aegis,0eecec45de0da3ff1358004b51e2960d9178551643a6ed44f6496ea9ec999c19,direct-framework-reference,,java/text/NumberFormat,definition-present,unknown,2,0,unknown,aegis-evidence.json#/rows/729,False,unknown
aegis,0eecec45de0da3ff1358004b51e2960d9178551643a6ed44f6496ea9ec999c19,direct-framework-reference,,java/text/ParseException,definition-present,unknown,2,0,unknown,aegis-evidence.json#/rows/730,False,unknown
aegis,0eecec45de0da3ff1358004b51e2960d9178551643a6ed44f6496ea9ec999c19,direct-framework-reference,,java/text/ParsePosition,definition-present,unknown,1,0,unknown,aegis-evidence.json#/rows/731,False,unknown
aegis,0eecec45de0da3ff1358004b51e2960d9178551643a6ed44f6496ea9ec999c19,direct-framework-reference,,java/text/SimpleDateFormat,definition-present,unknown,7,0,unknown,aegis-evidence.json#/rows/732,False,unknown
aegis,0eecec45de0da3ff1358004b51e2960d9178551643a6ed44f6496ea9ec999c19,direct-framework-reference,,java/util/AbstractCollection,definition-present,yes-static,85,10,unknown,aegis-evidence.json#/rows/733,False,unknown
aegis,0eecec45de0da3ff1358004b51e2960d9178551643a6ed44f6496ea9ec999c19,direct-framework-reference,,java/util/AbstractList,definition-present,yes-static,76,11,unknown,aegis-evidence.json#/rows/734,False,unknown
aegis,0eecec45de0da3ff1358004b51e2960d9178551643a6ed44f6496ea9ec999c19,direct-framework-reference,,java/util/AbstractMap,definition-present,yes-static,46,9,unknown,aegis-evidence.json#/rows/735,False,unknown
aegis,0eecec45de0da3ff1358004b51e2960d9178551643a6ed44f6496ea9ec999c19,direct-framework-reference,,java/util/AbstractMap$SimpleImmutableEntry,definition-present,unknown,8,0,unknown,aegis-evidence.json#/rows/736,False,unknown
aegis,0eecec45de0da3ff1358004b51e2960d9178551643a6ed44f6496ea9ec999c19,direct-framework-reference,,java/util/AbstractSet,definition-present,yes-static,36,12,unknown,aegis-evidence.json#/rows/737,False,unknown
aegis,0eecec45de0da3ff1358004b51e2960d9178551643a6ed44f6496ea9ec999c19,direct-framework-reference,,java/util/ArrayDeque,definition-present,yes-static,66,11,unknown,aegis-evidence.json#/rows/738,False,unknown
aegis,0eecec45de0da3ff1358004b51e2960d9178551643a6ed44f6496ea9ec999c19,direct-framework-reference,,java/util/ArrayList,definition-present,yes-static,1347,193,unknown,aegis-evidence.json#/rows/739,False,unknown
aegis,0eecec45de0da3ff1358004b51e2960d9178551643a6ed44f6496ea9ec999c19,direct-framework-reference,,java/util/Arrays,definition-present,yes-static,345,43,unknown,aegis-evidence.json#/rows/740,False,unknown
aegis,0eecec45de0da3ff1358004b51e2960d9178551643a6ed44f6496ea9ec999c19,direct-framework-reference,,java/util/BitSet,definition-present,yes-static,8,1,unknown,aegis-evidence.json#/rows/741,False,unknown
aegis,0eecec45de0da3ff1358004b51e2960d9178551643a6ed44f6496ea9ec999c19,direct-framework-reference,,java/util/Calendar,definition-present,yes-static,34,1,unknown,aegis-evidence.json#/rows/742,False,unknown
aegis,0eecec45de0da3ff1358004b51e2960d9178551643a6ed44f6496ea9ec999c19,direct-framework-reference,,java/util/Collection,definition-present,yes-static,533,96,unknown,aegis-evidence.json#/rows/743,False,unknown
aegis,0eecec45de0da3ff1358004b51e2960d9178551643a6ed44f6496ea9ec999c19,direct-framework-reference,,java/util/Collections,definition-present,yes-static,152,32,unknown,aegis-evidence.json#/rows/744,False,unknown
aegis,0eecec45de0da3ff1358004b51e2960d9178551643a6ed44f6496ea9ec999c19,direct-framework-reference,,java/util/Comparator,definition-present,yes-static,90,16,unknown,aegis-evidence.json#/rows/745,False,unknown
aegis,0eecec45de0da3ff1358004b51e2960d9178551643a6ed44f6496ea9ec999c19,direct-framework-reference,,java/util/ConcurrentModificationException,definition-present,yes-static,22,7,unknown,aegis-evidence.json#/rows/746,False,unknown
aegis,0eecec45de0da3ff1358004b51e2960d9178551643a6ed44f6496ea9ec999c19,direct-framework-reference,,java/util/Date,definition-present,yes-static,27,7,unknown,aegis-evidence.json#/rows/747,False,unknown
aegis,0eecec45de0da3ff1358004b51e2960d9178551643a6ed44f6496ea9ec999c19,direct-framework-reference,,java/util/DoubleSummaryStatistics,definition-present,unknown,1,0,unknown,aegis-evidence.json#/rows/748,False,unknown
aegis,0eecec45de0da3ff1358004b51e2960d9178551643a6ed44f6496ea9ec999c19,direct-framework-reference,,java/util/EnumMap,definition-present,yes-static,16,5,unknown,aegis-evidence.json#/rows/749,False,unknown
aegis,0eecec45de0da3ff1358004b51e2960d9178551643a6ed44f6496ea9ec999c19,direct-framework-reference,,java/util/EnumSet,definition-present,yes-static,3,1,unknown,aegis-evidence.json#/rows/750,False,unknown
aegis,0eecec45de0da3ff1358004b51e2960d9178551643a6ed44f6496ea9ec999c19,direct-framework-reference,,java/util/Enumeration,definition-present,unknown,1,0,unknown,aegis-evidence.json#/rows/751,False,unknown
aegis,0eecec45de0da3ff1358004b51e2960d9178551643a6ed44f6496ea9ec999c19,direct-framework-reference,,java/util/Formatter,definition-present,unknown,2,0,unknown,aegis-evidence.json#/rows/752,False,unknown
aegis,0eecec45de0da3ff1358004b51e2960d9178551643a6ed44f6496ea9ec999c19,direct-framework-reference,,java/util/GregorianCalendar,definition-present,unknown,1,0,unknown,aegis-evidence.json#/rows/753,False,unknown
aegis,0eecec45de0da3ff1358004b51e2960d9178551643a6ed44f6496ea9ec999c19,direct-framework-reference,,java/util/HashMap,definition-present,yes-static,382,92,unknown,aegis-evidence.json#/rows/754,False,unknown
aegis,0eecec45de0da3ff1358004b51e2960d9178551643a6ed44f6496ea9ec999c19,direct-framework-reference,,java/util/HashSet,definition-present,yes-static,251,55,unknown,aegis-evidence.json#/rows/755,False,unknown
aegis,0eecec45de0da3ff1358004b51e2960d9178551643a6ed44f6496ea9ec999c19,direct-framework-reference,,java/util/Hashtable,definition-present,unknown,1,0,unknown,aegis-evidence.json#/rows/756,False,unknown
aegis,0eecec45de0da3ff1358004b51e2960d9178551643a6ed44f6496ea9ec999c19,direct-framework-reference,,java/util/IdentityHashMap,definition-present,yes-static,3,1,unknown,aegis-evidence.json#/rows/757,False,unknown
aegis,0eecec45de0da3ff1358004b51e2960d9178551643a6ed44f6496ea9ec999c19,direct-framework-reference,,java/util/IntSummaryStatistics,definition-present,unknown,1,0,unknown,aegis-evidence.json#/rows/758,False,unknown
aegis,0eecec45de0da3ff1358004b51e2960d9178551643a6ed44f6496ea9ec999c19,direct-framework-reference,,java/util/Iterator,definition-present,yes-static,559,116,unknown,aegis-evidence.json#/rows/759,False,unknown
aegis,0eecec45de0da3ff1358004b51e2960d9178551643a6ed44f6496ea9ec999c19,direct-framework-reference,,java/util/LinkedHashMap,definition-present,yes-static,158,44,unknown,aegis-evidence.json#/rows/760,False,unknown
aegis,0eecec45de0da3ff1358004b51e2960d9178551643a6ed44f6496ea9ec999c19,direct-framework-reference,,java/util/LinkedHashSet,definition-present,yes-static,85,29,unknown,aegis-evidence.json#/rows/761,False,unknown
aegis,0eecec45de0da3ff1358004b51e2960d9178551643a6ed44f6496ea9ec999c19,direct-framework-reference,,java/util/LinkedList,definition-present,yes-static,3,1,unknown,aegis-evidence.json#/rows/762,False,unknown
aegis,0eecec45de0da3ff1358004b51e2960d9178551643a6ed44f6496ea9ec999c19,direct-framework-reference,,java/util/List,definition-present,yes-static,1144,110,unknown,aegis-evidence.json#/rows/763,False,unknown
aegis,0eecec45de0da3ff1358004b51e2960d9178551643a6ed44f6496ea9ec999c19,direct-framework-reference,,java/util/ListIterator,definition-present,yes-static,32,4,unknown,aegis-evidence.json#/rows/764,False,unknown
aegis,0eecec45de0da3ff1358004b51e2960d9178551643a6ed44f6496ea9ec999c19,direct-framework-reference,,java/util/Locale,definition-present,yes-static,104,24,unknown,aegis-evidence.json#/rows/765,False,unknown
aegis,0eecec45de0da3ff1358004b51e2960d9178551643a6ed44f6496ea9ec999c19,direct-framework-reference,,java/util/LongSummaryStatistics,definition-present,unknown,1,0,unknown,aegis-evidence.json#/rows/766,False,unknown
aegis,0eecec45de0da3ff1358004b51e2960d9178551643a6ed44f6496ea9ec999c19,direct-framework-reference,,java/util/Map,definition-present,yes-static,329,38,unknown,aegis-evidence.json#/rows/767,False,unknown
aegis,0eecec45de0da3ff1358004b51e2960d9178551643a6ed44f6496ea9ec999c19,direct-framework-reference,,java/util/Map$Entry,definition-present,yes-static,143,15,unknown,aegis-evidence.json#/rows/768,False,unknown
aegis,0eecec45de0da3ff1358004b51e2960d9178551643a6ed44f6496ea9ec999c19,direct-framework-reference,,java/util/NavigableMap,definition-present,yes-static,9,3,unknown,aegis-evidence.json#/rows/769,False,unknown
aegis,0eecec45de0da3ff1358004b51e2960d9178551643a6ed44f6496ea9ec999c19,direct-framework-reference,,java/util/NavigableSet,definition-present,yes-static,1,1,unknown,aegis-evidence.json#/rows/770,False,unknown
aegis,0eecec45de0da3ff1358004b51e2960d9178551643a6ed44f6496ea9ec999c19,direct-framework-reference,,java/util/NoSuchElementException,definition-present,yes-static,55,7,unknown,aegis-evidence.json#/rows/771,False,unknown
aegis,0eecec45de0da3ff1358004b51e2960d9178551643a6ed44f6496ea9ec999c19,direct-framework-reference,,java/util/Optional,definition-present,unknown,12,0,unknown,aegis-evidence.json#/rows/772,False,unknown
aegis,0eecec45de0da3ff1358004b51e2960d9178551643a6ed44f6496ea9ec999c19,direct-framework-reference,,java/util/OptionalDouble,definition-present,unknown,18,0,unknown,aegis-evidence.json#/rows/773,False,unknown
aegis,0eecec45de0da3ff1358004b51e2960d9178551643a6ed44f6496ea9ec999c19,direct-framework-reference,,java/util/OptionalInt,definition-present,unknown,12,0,unknown,aegis-evidence.json#/rows/774,False,unknown
aegis,0eecec45de0da3ff1358004b51e2960d9178551643a6ed44f6496ea9ec999c19,direct-framework-reference,,java/util/OptionalLong,definition-present,unknown,12,0,unknown,aegis-evidence.json#/rows/775,False,unknown
aegis,0eecec45de0da3ff1358004b51e2960d9178551643a6ed44f6496ea9ec999c19,direct-framework-reference,,java/util/PrimitiveIterator$OfDouble,definition-present,unknown,13,0,unknown,aegis-evidence.json#/rows/776,False,unknown
aegis,0eecec45de0da3ff1358004b51e2960d9178551643a6ed44f6496ea9ec999c19,direct-framework-reference,,java/util/PrimitiveIterator$OfInt,definition-present,unknown,13,0,unknown,aegis-evidence.json#/rows/777,False,unknown
aegis,0eecec45de0da3ff1358004b51e2960d9178551643a6ed44f6496ea9ec999c19,direct-framework-reference,,java/util/PrimitiveIterator$OfLong,definition-present,unknown,13,0,unknown,aegis-evidence.json#/rows/778,False,unknown
aegis,0eecec45de0da3ff1358004b51e2960d9178551643a6ed44f6496ea9ec999c19,direct-framework-reference,,java/util/Random,definition-present,unknown,8,0,unknown,aegis-evidence.json#/rows/779,False,unknown
aegis,0eecec45de0da3ff1358004b51e2960d9178551643a6ed44f6496ea9ec999c19,direct-framework-reference,,java/util/RandomAccess,definition-present,yes-static,9,2,unknown,aegis-evidence.json#/rows/780,False,unknown
aegis,0eecec45de0da3ff1358004b51e2960d9178551643a6ed44f6496ea9ec999c19,direct-framework-reference,,java/util/ResourceBundle,definition-present,unknown,1,0,unknown,aegis-evidence.json#/rows/781,False,unknown
aegis,0eecec45de0da3ff1358004b51e2960d9178551643a6ed44f6496ea9ec999c19,direct-framework-reference,,java/util/ResourceBundle$Control,definition-present,unknown,2,0,unknown,aegis-evidence.json#/rows/782,False,unknown
aegis,0eecec45de0da3ff1358004b51e2960d9178551643a6ed44f6496ea9ec999c19,direct-framework-reference,,java/util/ServiceConfigurationError,definition-present,unknown,3,0,unknown,aegis-evidence.json#/rows/783,False,unknown
aegis,0eecec45de0da3ff1358004b51e2960d9178551643a6ed44f6496ea9ec999c19,direct-framework-reference,,java/util/ServiceLoader,definition-present,unknown,1,0,unknown,aegis-evidence.json#/rows/784,False,unknown
aegis,0eecec45de0da3ff1358004b51e2960d9178551643a6ed44f6496ea9ec999c19,direct-framework-reference,,java/util/Set,definition-present,yes-static,375,75,unknown,aegis-evidence.json#/rows/785,False,unknown
aegis,0eecec45de0da3ff1358004b51e2960d9178551643a6ed44f6496ea9ec999c19,direct-framework-reference,,java/util/SortedMap,definition-present,unknown,4,0,unknown,aegis-evidence.json#/rows/786,False,unknown
aegis,0eecec45de0da3ff1358004b51e2960d9178551643a6ed44f6496ea9ec999c19,direct-framework-reference,,java/util/SortedSet,definition-present,yes-static,3,2,unknown,aegis-evidence.json#/rows/787,False,unknown
aegis,0eecec45de0da3ff1358004b51e2960d9178551643a6ed44f6496ea9ec999c19,direct-framework-reference,,java/util/Spliterator,definition-present,unknown,62,0,unknown,aegis-evidence.json#/rows/788,False,unknown
aegis,0eecec45de0da3ff1358004b51e2960d9178551643a6ed44f6496ea9ec999c19,direct-framework-reference,,java/util/Spliterator$OfDouble,definition-present,unknown,24,0,unknown,aegis-evidence.json#/rows/789,False,unknown
aegis,0eecec45de0da3ff1358004b51e2960d9178551643a6ed44f6496ea9ec999c19,direct-framework-reference,,java/util/Spliterator$OfInt,definition-present,unknown,24,0,unknown,aegis-evidence.json#/rows/790,False,unknown
aegis,0eecec45de0da3ff1358004b51e2960d9178551643a6ed44f6496ea9ec999c19,direct-framework-reference,,java/util/Spliterator$OfLong,definition-present,unknown,24,0,unknown,aegis-evidence.json#/rows/791,False,unknown
aegis,0eecec45de0da3ff1358004b51e2960d9178551643a6ed44f6496ea9ec999c19,direct-framework-reference,,java/util/Spliterator$OfPrimitive,definition-present,unknown,25,0,unknown,aegis-evidence.json#/rows/792,False,unknown
aegis,0eecec45de0da3ff1358004b51e2960d9178551643a6ed44f6496ea9ec999c19,direct-framework-reference,,java/util/Stack,definition-present,unknown,9,0,unknown,aegis-evidence.json#/rows/793,False,unknown
aegis,0eecec45de0da3ff1358004b51e2960d9178551643a6ed44f6496ea9ec999c19,direct-framework-reference,,java/util/TimeZone,definition-present,unknown,23,0,unknown,aegis-evidence.json#/rows/794,False,unknown
aegis,0eecec45de0da3ff1358004b51e2960d9178551643a6ed44f6496ea9ec999c19,direct-framework-reference,,java/util/TreeMap,definition-present,yes-static,33,12,unknown,aegis-evidence.json#/rows/795,False,unknown
aegis,0eecec45de0da3ff1358004b51e2960d9178551643a6ed44f6496ea9ec999c19,direct-framework-reference,,java/util/TreeSet,definition-present,yes-static,3,2,unknown,aegis-evidence.json#/rows/796,False,unknown
aegis,0eecec45de0da3ff1358004b51e2960d9178551643a6ed44f6496ea9ec999c19,direct-framework-reference,,java/util/UUID,definition-present,yes-static,82,27,unknown,aegis-evidence.json#/rows/797,False,unknown
aegis,0eecec45de0da3ff1358004b51e2960d9178551643a6ed44f6496ea9ec999c19,direct-framework-reference,,java/util/WeakHashMap,definition-present,yes-static,140,27,unknown,aegis-evidence.json#/rows/798,False,unknown
aegis,0eecec45de0da3ff1358004b51e2960d9178551643a6ed44f6496ea9ec999c19,direct-framework-reference,,java/util/concurrent/AbstractExecutorService,definition-present,unknown,4,0,unknown,aegis-evidence.json#/rows/799,False,unknown
aegis,0eecec45de0da3ff1358004b51e2960d9178551643a6ed44f6496ea9ec999c19,direct-framework-reference,,java/util/concurrent/BlockingQueue,definition-present,yes-static,8,1,unknown,aegis-evidence.json#/rows/800,False,unknown
aegis,0eecec45de0da3ff1358004b51e2960d9178551643a6ed44f6496ea9ec999c19,direct-framework-reference,,java/util/concurrent/Callable,definition-present,yes-static,17,2,unknown,aegis-evidence.json#/rows/801,False,unknown
aegis,0eecec45de0da3ff1358004b51e2960d9178551643a6ed44f6496ea9ec999c19,direct-framework-reference,,java/util/concurrent/CancellationException,definition-present,yes-static,47,8,unknown,aegis-evidence.json#/rows/802,False,unknown
aegis,0eecec45de0da3ff1358004b51e2960d9178551643a6ed44f6496ea9ec999c19,direct-framework-reference,,java/util/concurrent/ConcurrentMap,definition-present,yes-static,14,1,unknown,aegis-evidence.json#/rows/803,False,unknown
aegis,0eecec45de0da3ff1358004b51e2960d9178551643a6ed44f6496ea9ec999c19,direct-framework-reference,,java/util/concurrent/CopyOnWriteArrayList,definition-present,yes-static,62,24,unknown,aegis-evidence.json#/rows/804,False,unknown
aegis,0eecec45de0da3ff1358004b51e2960d9178551643a6ed44f6496ea9ec999c19,direct-framework-reference,,java/util/concurrent/CopyOnWriteArraySet,definition-present,yes-static,7,3,unknown,aegis-evidence.json#/rows/805,False,unknown
aegis,0eecec45de0da3ff1358004b51e2960d9178551643a6ed44f6496ea9ec999c19,direct-framework-reference,,java/util/concurrent/CountDownLatch,definition-present,yes-static,4,1,unknown,aegis-evidence.json#/rows/806,False,unknown
aegis,0eecec45de0da3ff1358004b51e2960d9178551643a6ed44f6496ea9ec999c19,direct-framework-reference,,java/util/concurrent/CountedCompleter,definition-present,unknown,26,0,unknown,aegis-evidence.json#/rows/807,False,unknown
aegis,0eecec45de0da3ff1358004b51e2960d9178551643a6ed44f6496ea9ec999c19,direct-framework-reference,,java/util/concurrent/Delayed,definition-present,unknown,3,0,unknown,aegis-evidence.json#/rows/808,False,unknown
aegis,0eecec45de0da3ff1358004b51e2960d9178551643a6ed44f6496ea9ec999c19,direct-framework-reference,,java/util/concurrent/ExecutionException,definition-present,unknown,4,0,unknown,aegis-evidence.json#/rows/809,False,unknown
aegis,0eecec45de0da3ff1358004b51e2960d9178551643a6ed44f6496ea9ec999c19,direct-framework-reference,,java/util/concurrent/Executor,definition-present,yes-static,181,20,unknown,aegis-evidence.json#/rows/810,False,unknown
aegis,0eecec45de0da3ff1358004b51e2960d9178551643a6ed44f6496ea9ec999c19,direct-framework-reference,,java/util/concurrent/ExecutorService,definition-present,yes-static,38,14,unknown,aegis-evidence.json#/rows/811,False,unknown
aegis,0eecec45de0da3ff1358004b51e2960d9178551643a6ed44f6496ea9ec999c19,direct-framework-reference,,java/util/concurrent/Executors,definition-present,unknown,8,0,unknown,aegis-evidence.json#/rows/812,False,unknown
aegis,0eecec45de0da3ff1358004b51e2960d9178551643a6ed44f6496ea9ec999c19,direct-framework-reference,,java/util/concurrent/ForkJoinPool,definition-present,yes-static,4,1,unknown,aegis-evidence.json#/rows/813,False,unknown
aegis,0eecec45de0da3ff1358004b51e2960d9178551643a6ed44f6496ea9ec999c19,direct-framework-reference,,java/util/concurrent/ForkJoinTask,definition-present,unknown,34,0,unknown,aegis-evidence.json#/rows/814,False,unknown
aegis,0eecec45de0da3ff1358004b51e2960d9178551643a6ed44f6496ea9ec999c19,direct-framework-reference,,java/util/concurrent/Future,definition-present,yes-static,41,9,unknown,aegis-evidence.json#/rows/815,False,unknown
aegis,0eecec45de0da3ff1358004b51e2960d9178551643a6ed44f6496ea9ec999c19,direct-framework-reference,,java/util/concurrent/FutureTask,definition-present,unknown,3,0,unknown,aegis-evidence.json#/rows/816,False,unknown
aegis,0eecec45de0da3ff1358004b51e2960d9178551643a6ed44f6496ea9ec999c19,direct-framework-reference,,java/util/concurrent/LinkedBlockingDeque,definition-present,yes-static,3,1,unknown,aegis-evidence.json#/rows/817,False,unknown
aegis,0eecec45de0da3ff1358004b51e2960d9178551643a6ed44f6496ea9ec999c19,direct-framework-reference,,java/util/concurrent/LinkedBlockingQueue,definition-present,unknown,8,0,unknown,aegis-evidence.json#/rows/818,False,unknown
aegis,0eecec45de0da3ff1358004b51e2960d9178551643a6ed44f6496ea9ec999c19,direct-framework-reference,,java/util/concurrent/PriorityBlockingQueue,definition-present,unknown,1,0,unknown,aegis-evidence.json#/rows/819,False,unknown
aegis,0eecec45de0da3ff1358004b51e2960d9178551643a6ed44f6496ea9ec999c19,direct-framework-reference,,java/util/concurrent/RejectedExecutionException,definition-present,yes-static,8,2,unknown,aegis-evidence.json#/rows/820,False,unknown
aegis,0eecec45de0da3ff1358004b51e2960d9178551643a6ed44f6496ea9ec999c19,direct-framework-reference,,java/util/concurrent/RejectedExecutionHandler,definition-present,unknown,2,0,unknown,aegis-evidence.json#/rows/821,False,unknown
aegis,0eecec45de0da3ff1358004b51e2960d9178551643a6ed44f6496ea9ec999c19,direct-framework-reference,,java/util/concurrent/ScheduledExecutorService,definition-present,unknown,1,0,unknown,aegis-evidence.json#/rows/822,False,unknown
aegis,0eecec45de0da3ff1358004b51e2960d9178551643a6ed44f6496ea9ec999c19,direct-framework-reference,,java/util/concurrent/ScheduledFuture,definition-present,unknown,12,0,unknown,aegis-evidence.json#/rows/823,False,unknown
aegis,0eecec45de0da3ff1358004b51e2960d9178551643a6ed44f6496ea9ec999c19,direct-framework-reference,,java/util/concurrent/ScheduledThreadPoolExecutor,definition-present,unknown,2,0,unknown,aegis-evidence.json#/rows/824,False,unknown
aegis,0eecec45de0da3ff1358004b51e2960d9178551643a6ed44f6496ea9ec999c19,direct-framework-reference,,java/util/concurrent/Semaphore,definition-present,unknown,3,0,unknown,aegis-evidence.json#/rows/825,False,unknown
aegis,0eecec45de0da3ff1358004b51e2960d9178551643a6ed44f6496ea9ec999c19,direct-framework-reference,,java/util/concurrent/SynchronousQueue,definition-present,unknown,1,0,unknown,aegis-evidence.json#/rows/826,False,unknown
aegis,0eecec45de0da3ff1358004b51e2960d9178551643a6ed44f6496ea9ec999c19,direct-framework-reference,,java/util/concurrent/ThreadFactory,definition-present,yes-static,11,1,unknown,aegis-evidence.json#/rows/827,False,unknown
aegis,0eecec45de0da3ff1358004b51e2960d9178551643a6ed44f6496ea9ec999c19,direct-framework-reference,,java/util/concurrent/ThreadPoolExecutor,definition-present,yes-static,33,7,unknown,aegis-evidence.json#/rows/828,False,unknown
aegis,0eecec45de0da3ff1358004b51e2960d9178551643a6ed44f6496ea9ec999c19,direct-framework-reference,,java/util/concurrent/TimeUnit,definition-present,yes-static,42,4,unknown,aegis-evidence.json#/rows/829,False,unknown
aegis,0eecec45de0da3ff1358004b51e2960d9178551643a6ed44f6496ea9ec999c19,direct-framework-reference,,java/util/concurrent/TimeoutException,definition-present,unknown,4,0,unknown,aegis-evidence.json#/rows/830,False,unknown
aegis,0eecec45de0da3ff1358004b51e2960d9178551643a6ed44f6496ea9ec999c19,direct-framework-reference,,java/util/concurrent/atomic/AtomicBoolean,definition-present,yes-static,88,4,unknown,aegis-evidence.json#/rows/831,False,unknown
aegis,0eecec45de0da3ff1358004b51e2960d9178551643a6ed44f6496ea9ec999c19,direct-framework-reference,,java/util/concurrent/atomic/AtomicInteger,definition-present,yes-static,40,8,unknown,aegis-evidence.json#/rows/832,False,unknown
aegis,0eecec45de0da3ff1358004b51e2960d9178551643a6ed44f6496ea9ec999c19,direct-framework-reference,,java/util/concurrent/atomic/AtomicIntegerFieldUpdater,definition-present,yes-static,58,9,unknown,aegis-evidence.json#/rows/833,False,unknown
aegis,0eecec45de0da3ff1358004b51e2960d9178551643a6ed44f6496ea9ec999c19,direct-framework-reference,,java/util/concurrent/atomic/AtomicLong,definition-present,unknown,11,0,unknown,aegis-evidence.json#/rows/834,False,unknown
aegis,0eecec45de0da3ff1358004b51e2960d9178551643a6ed44f6496ea9ec999c19,direct-framework-reference,,java/util/concurrent/atomic/AtomicLongFieldUpdater,definition-present,unknown,43,0,unknown,aegis-evidence.json#/rows/835,False,unknown
aegis,0eecec45de0da3ff1358004b51e2960d9178551643a6ed44f6496ea9ec999c19,direct-framework-reference,,java/util/concurrent/atomic/AtomicReference,definition-present,yes-static,84,7,unknown,aegis-evidence.json#/rows/836,False,unknown
aegis,0eecec45de0da3ff1358004b51e2960d9178551643a6ed44f6496ea9ec999c19,direct-framework-reference,,java/util/concurrent/atomic/AtomicReferenceArray,definition-present,unknown,26,0,unknown,aegis-evidence.json#/rows/837,False,unknown
aegis,0eecec45de0da3ff1358004b51e2960d9178551643a6ed44f6496ea9ec999c19,direct-framework-reference,,java/util/concurrent/atomic/AtomicReferenceFieldUpdater,definition-present,yes-static,111,34,unknown,aegis-evidence.json#/rows/838,False,unknown
aegis,0eecec45de0da3ff1358004b51e2960d9178551643a6ed44f6496ea9ec999c19,direct-framework-reference,,java/util/concurrent/locks/Condition,definition-present,yes-static,4,3,unknown,aegis-evidence.json#/rows/839,False,unknown
aegis,0eecec45de0da3ff1358004b51e2960d9178551643a6ed44f6496ea9ec999c19,direct-framework-reference,,java/util/concurrent/locks/Lock,definition-present,yes-static,13,4,unknown,aegis-evidence.json#/rows/840,False,unknown
aegis,0eecec45de0da3ff1358004b51e2960d9178551643a6ed44f6496ea9ec999c19,direct-framework-reference,,java/util/concurrent/locks/LockSupport,definition-present,yes-static,13,2,unknown,aegis-evidence.json#/rows/841,False,unknown
aegis,0eecec45de0da3ff1358004b51e2960d9178551643a6ed44f6496ea9ec999c19,direct-framework-reference,,java/util/concurrent/locks/ReentrantLock,definition-present,yes-static,26,5,unknown,aegis-evidence.json#/rows/842,False,unknown
aegis,0eecec45de0da3ff1358004b51e2960d9178551643a6ed44f6496ea9ec999c19,direct-framework-reference,,java/util/concurrent/locks/ReentrantReadWriteLock,definition-present,yes-static,7,3,unknown,aegis-evidence.json#/rows/843,False,unknown
aegis,0eecec45de0da3ff1358004b51e2960d9178551643a6ed44f6496ea9ec999c19,direct-framework-reference,,java/util/function/BiConsumer,definition-present,yes-static,57,7,unknown,aegis-evidence.json#/rows/844,False,unknown
aegis,0eecec45de0da3ff1358004b51e2960d9178551643a6ed44f6496ea9ec999c19,direct-framework-reference,,java/util/function/BiFunction,definition-present,unknown,37,0,unknown,aegis-evidence.json#/rows/845,False,unknown
aegis,0eecec45de0da3ff1358004b51e2960d9178551643a6ed44f6496ea9ec999c19,direct-framework-reference,,java/util/function/BinaryOperator,definition-present,yes-static,39,3,unknown,aegis-evidence.json#/rows/846,False,unknown
aegis,0eecec45de0da3ff1358004b51e2960d9178551643a6ed44f6496ea9ec999c19,direct-framework-reference,,java/util/function/BooleanSupplier,definition-present,unknown,5,0,unknown,aegis-evidence.json#/rows/847,False,unknown
aegis,0eecec45de0da3ff1358004b51e2960d9178551643a6ed44f6496ea9ec999c19,direct-framework-reference,,java/util/function/Consumer,definition-present,unknown,243,0,unknown,aegis-evidence.json#/rows/848,False,unknown
aegis,0eecec45de0da3ff1358004b51e2960d9178551643a6ed44f6496ea9ec999c19,direct-framework-reference,,java/util/function/DoubleBinaryOperator,definition-present,unknown,14,0,unknown,aegis-evidence.json#/rows/849,False,unknown
aegis,0eecec45de0da3ff1358004b51e2960d9178551643a6ed44f6496ea9ec999c19,direct-framework-reference,,java/util/function/DoubleConsumer,definition-present,unknown,80,0,unknown,aegis-evidence.json#/rows/850,False,unknown
aegis,0eecec45de0da3ff1358004b51e2960d9178551643a6ed44f6496ea9ec999c19,direct-framework-reference,,java/util/function/DoubleFunction,definition-present,unknown,6,0,unknown,aegis-evidence.json#/rows/851,False,unknown
aegis,0eecec45de0da3ff1358004b51e2960d9178551643a6ed44f6496ea9ec999c19,direct-framework-reference,,java/util/function/DoublePredicate,definition-present,unknown,11,0,unknown,aegis-evidence.json#/rows/852,False,unknown
aegis,0eecec45de0da3ff1358004b51e2960d9178551643a6ed44f6496ea9ec999c19,direct-framework-reference,,java/util/function/DoubleToIntFunction,definition-present,unknown,2,0,unknown,aegis-evidence.json#/rows/853,False,unknown
aegis,0eecec45de0da3ff1358004b51e2960d9178551643a6ed44f6496ea9ec999c19,direct-framework-reference,,java/util/function/DoubleToLongFunction,definition-present,unknown,1,0,unknown,aegis-evidence.json#/rows/854,False,unknown
aegis,0eecec45de0da3ff1358004b51e2960d9178551643a6ed44f6496ea9ec999c19,direct-framework-reference,,java/util/function/DoubleUnaryOperator,definition-present,unknown,2,0,unknown,aegis-evidence.json#/rows/855,False,unknown
aegis,0eecec45de0da3ff1358004b51e2960d9178551643a6ed44f6496ea9ec999c19,direct-framework-reference,,java/util/function/Function,definition-present,yes-static,76,6,unknown,aegis-evidence.json#/rows/856,False,unknown
aegis,0eecec45de0da3ff1358004b51e2960d9178551643a6ed44f6496ea9ec999c19,direct-framework-reference,,java/util/function/IntBinaryOperator,definition-present,unknown,15,0,unknown,aegis-evidence.json#/rows/857,False,unknown
aegis,0eecec45de0da3ff1358004b51e2960d9178551643a6ed44f6496ea9ec999c19,direct-framework-reference,,java/util/function/IntConsumer,definition-present,unknown,81,0,unknown,aegis-evidence.json#/rows/858,False,unknown
aegis,0eecec45de0da3ff1358004b51e2960d9178551643a6ed44f6496ea9ec999c19,direct-framework-reference,,java/util/function/IntFunction,definition-present,unknown,88,0,unknown,aegis-evidence.json#/rows/859,False,unknown
aegis,0eecec45de0da3ff1358004b51e2960d9178551643a6ed44f6496ea9ec999c19,direct-framework-reference,,java/util/function/IntPredicate,definition-present,unknown,11,0,unknown,aegis-evidence.json#/rows/860,False,unknown
aegis,0eecec45de0da3ff1358004b51e2960d9178551643a6ed44f6496ea9ec999c19,direct-framework-reference,,java/util/function/IntToDoubleFunction,definition-present,unknown,2,0,unknown,aegis-evidence.json#/rows/861,False,unknown
aegis,0eecec45de0da3ff1358004b51e2960d9178551643a6ed44f6496ea9ec999c19,direct-framework-reference,,java/util/function/IntToLongFunction,definition-present,unknown,1,0,unknown,aegis-evidence.json#/rows/862,False,unknown
aegis,0eecec45de0da3ff1358004b51e2960d9178551643a6ed44f6496ea9ec999c19,direct-framework-reference,,java/util/function/IntUnaryOperator,definition-present,unknown,2,0,unknown,aegis-evidence.json#/rows/863,False,unknown
aegis,0eecec45de0da3ff1358004b51e2960d9178551643a6ed44f6496ea9ec999c19,direct-framework-reference,,java/util/function/LongBinaryOperator,definition-present,unknown,15,0,unknown,aegis-evidence.json#/rows/864,False,unknown
aegis,0eecec45de0da3ff1358004b51e2960d9178551643a6ed44f6496ea9ec999c19,direct-framework-reference,,java/util/function/LongConsumer,definition-present,unknown,80,0,unknown,aegis-evidence.json#/rows/865,False,unknown
aegis,0eecec45de0da3ff1358004b51e2960d9178551643a6ed44f6496ea9ec999c19,direct-framework-reference,,java/util/function/LongFunction,definition-present,unknown,14,0,unknown,aegis-evidence.json#/rows/866,False,unknown
aegis,0eecec45de0da3ff1358004b51e2960d9178551643a6ed44f6496ea9ec999c19,direct-framework-reference,,java/util/function/LongPredicate,definition-present,unknown,11,0,unknown,aegis-evidence.json#/rows/867,False,unknown
aegis,0eecec45de0da3ff1358004b51e2960d9178551643a6ed44f6496ea9ec999c19,direct-framework-reference,,java/util/function/LongToDoubleFunction,definition-present,unknown,2,0,unknown,aegis-evidence.json#/rows/868,False,unknown
aegis,0eecec45de0da3ff1358004b51e2960d9178551643a6ed44f6496ea9ec999c19,direct-framework-reference,,java/util/function/LongToIntFunction,definition-present,unknown,2,0,unknown,aegis-evidence.json#/rows/869,False,unknown
aegis,0eecec45de0da3ff1358004b51e2960d9178551643a6ed44f6496ea9ec999c19,direct-framework-reference,,java/util/function/LongUnaryOperator,definition-present,unknown,2,0,unknown,aegis-evidence.json#/rows/870,False,unknown
aegis,0eecec45de0da3ff1358004b51e2960d9178551643a6ed44f6496ea9ec999c19,direct-framework-reference,,java/util/function/ObjDoubleConsumer,definition-present,unknown,8,0,unknown,aegis-evidence.json#/rows/871,False,unknown
aegis,0eecec45de0da3ff1358004b51e2960d9178551643a6ed44f6496ea9ec999c19,direct-framework-reference,,java/util/function/ObjIntConsumer,definition-present,unknown,7,0,unknown,aegis-evidence.json#/rows/872,False,unknown
aegis,0eecec45de0da3ff1358004b51e2960d9178551643a6ed44f6496ea9ec999c19,direct-framework-reference,,java/util/function/ObjLongConsumer,definition-present,unknown,7,0,unknown,aegis-evidence.json#/rows/873,False,unknown
aegis,0eecec45de0da3ff1358004b51e2960d9178551643a6ed44f6496ea9ec999c19,direct-framework-reference,,java/util/function/Predicate,definition-present,yes-static,104,6,unknown,aegis-evidence.json#/rows/874,False,unknown
aegis,0eecec45de0da3ff1358004b51e2960d9178551643a6ed44f6496ea9ec999c19,direct-framework-reference,,java/util/function/Supplier,definition-present,yes-static,62,3,unknown,aegis-evidence.json#/rows/875,False,unknown
aegis,0eecec45de0da3ff1358004b51e2960d9178551643a6ed44f6496ea9ec999c19,direct-framework-reference,,java/util/function/ToDoubleFunction,definition-present,unknown,5,0,unknown,aegis-evidence.json#/rows/876,False,unknown
aegis,0eecec45de0da3ff1358004b51e2960d9178551643a6ed44f6496ea9ec999c19,direct-framework-reference,,java/util/function/ToIntFunction,definition-present,unknown,6,0,unknown,aegis-evidence.json#/rows/877,False,unknown
aegis,0eecec45de0da3ff1358004b51e2960d9178551643a6ed44f6496ea9ec999c19,direct-framework-reference,,java/util/function/ToLongFunction,definition-present,unknown,2,0,unknown,aegis-evidence.json#/rows/878,False,unknown
aegis,0eecec45de0da3ff1358004b51e2960d9178551643a6ed44f6496ea9ec999c19,direct-framework-reference,,java/util/function/UnaryOperator,definition-present,unknown,3,0,unknown,aegis-evidence.json#/rows/879,False,unknown
aegis,0eecec45de0da3ff1358004b51e2960d9178551643a6ed44f6496ea9ec999c19,direct-framework-reference,,java/util/logging/Level,definition-present,yes-static,5,3,unknown,aegis-evidence.json#/rows/880,False,unknown
aegis,0eecec45de0da3ff1358004b51e2960d9178551643a6ed44f6496ea9ec999c19,direct-framework-reference,,java/util/logging/Logger,definition-present,yes-static,19,3,unknown,aegis-evidence.json#/rows/881,False,unknown
aegis,0eecec45de0da3ff1358004b51e2960d9178551643a6ed44f6496ea9ec999c19,direct-framework-reference,,java/util/regex/Matcher,definition-present,unknown,9,0,unknown,aegis-evidence.json#/rows/882,False,unknown
aegis,0eecec45de0da3ff1358004b51e2960d9178551643a6ed44f6496ea9ec999c19,direct-framework-reference,,java/util/regex/Pattern,definition-present,unknown,18,0,unknown,aegis-evidence.json#/rows/883,False,unknown
aegis,0eecec45de0da3ff1358004b51e2960d9178551643a6ed44f6496ea9ec999c19,direct-framework-reference,,java/util/stream/BaseStream,definition-present,unknown,59,0,unknown,aegis-evidence.json#/rows/884,False,unknown
aegis,0eecec45de0da3ff1358004b51e2960d9178551643a6ed44f6496ea9ec999c19,direct-framework-reference,,java/util/stream/Collector,definition-present,unknown,10,0,unknown,aegis-evidence.json#/rows/885,False,unknown
aegis,0eecec45de0da3ff1358004b51e2960d9178551643a6ed44f6496ea9ec999c19,direct-framework-reference,,java/util/stream/Collector$Characteristics,definition-present,unknown,1,0,unknown,aegis-evidence.json#/rows/886,False,unknown
aegis,0eecec45de0da3ff1358004b51e2960d9178551643a6ed44f6496ea9ec999c19,direct-framework-reference,,java/util/stream/DoubleStream,definition-present,unknown,80,0,unknown,aegis-evidence.json#/rows/887,False,unknown
aegis,0eecec45de0da3ff1358004b51e2960d9178551643a6ed44f6496ea9ec999c19,direct-framework-reference,,java/util/stream/IntStream,definition-present,unknown,82,0,unknown,aegis-evidence.json#/rows/888,False,unknown
aegis,0eecec45de0da3ff1358004b51e2960d9178551643a6ed44f6496ea9ec999c19,direct-framework-reference,,java/util/stream/LongStream,definition-present,unknown,79,0,unknown,aegis-evidence.json#/rows/889,False,unknown
aegis,0eecec45de0da3ff1358004b51e2960d9178551643a6ed44f6496ea9ec999c19,direct-framework-reference,,java/util/stream/Stream,definition-present,unknown,86,0,unknown,aegis-evidence.json#/rows/890,False,unknown
aegis,0eecec45de0da3ff1358004b51e2960d9178551643a6ed44f6496ea9ec999c19,direct-framework-reference,,java/util/zip/CRC32,definition-present,unknown,5,0,unknown,aegis-evidence.json#/rows/891,False,unknown
aegis,0eecec45de0da3ff1358004b51e2960d9178551643a6ed44f6496ea9ec999c19,direct-framework-reference,,java/util/zip/Deflater,definition-present,unknown,1,0,unknown,aegis-evidence.json#/rows/892,False,unknown
aegis,0eecec45de0da3ff1358004b51e2960d9178551643a6ed44f6496ea9ec999c19,direct-framework-reference,,java/util/zip/DeflaterOutputStream,definition-present,unknown,1,0,unknown,aegis-evidence.json#/rows/893,False,unknown
aegis,0eecec45de0da3ff1358004b51e2960d9178551643a6ed44f6496ea9ec999c19,direct-framework-reference,,java/util/zip/GZIPInputStream,definition-present,unknown,1,0,unknown,aegis-evidence.json#/rows/894,False,unknown
aegis,0eecec45de0da3ff1358004b51e2960d9178551643a6ed44f6496ea9ec999c19,direct-framework-reference,,java/util/zip/Inflater,definition-present,unknown,6,0,unknown,aegis-evidence.json#/rows/895,False,unknown
aegis,0eecec45de0da3ff1358004b51e2960d9178551643a6ed44f6496ea9ec999c19,direct-framework-reference,,javax/crypto/Cipher,definition-present,yes-static,45,5,unknown,aegis-evidence.json#/rows/896,False,unknown
aegis,0eecec45de0da3ff1358004b51e2960d9178551643a6ed44f6496ea9ec999c19,direct-framework-reference,,javax/crypto/KeyGenerator,definition-present,unknown,4,0,unknown,aegis-evidence.json#/rows/897,False,unknown
aegis,0eecec45de0da3ff1358004b51e2960d9178551643a6ed44f6496ea9ec999c19,direct-framework-reference,,javax/crypto/Mac,definition-present,unknown,13,0,unknown,aegis-evidence.json#/rows/898,False,unknown
aegis,0eecec45de0da3ff1358004b51e2960d9178551643a6ed44f6496ea9ec999c19,direct-framework-reference,,javax/crypto/SecretKey,definition-present,yes-static,46,2,unknown,aegis-evidence.json#/rows/899,False,unknown
aegis,0eecec45de0da3ff1358004b51e2960d9178551643a6ed44f6496ea9ec999c19,direct-framework-reference,,javax/crypto/SecretKeyFactory,definition-present,unknown,3,0,unknown,aegis-evidence.json#/rows/900,False,unknown
aegis,0eecec45de0da3ff1358004b51e2960d9178551643a6ed44f6496ea9ec999c19,direct-framework-reference,,javax/crypto/spec/GCMParameterSpec,definition-present,yes-static,2,1,unknown,aegis-evidence.json#/rows/901,False,unknown
aegis,0eecec45de0da3ff1358004b51e2960d9178551643a6ed44f6496ea9ec999c19,direct-framework-reference,,javax/crypto/spec/IvParameterSpec,definition-present,unknown,6,0,unknown,aegis-evidence.json#/rows/902,False,unknown
aegis,0eecec45de0da3ff1358004b51e2960d9178551643a6ed44f6496ea9ec999c19,direct-framework-reference,,javax/crypto/spec/PBEKeySpec,definition-present,unknown,3,0,unknown,aegis-evidence.json#/rows/903,False,unknown
aegis,0eecec45de0da3ff1358004b51e2960d9178551643a6ed44f6496ea9ec999c19,direct-framework-reference,,javax/crypto/spec/SecretKeySpec,definition-present,unknown,19,0,unknown,aegis-evidence.json#/rows/904,False,unknown
aegis,0eecec45de0da3ff1358004b51e2960d9178551643a6ed44f6496ea9ec999c19,direct-framework-reference,,javax/xml/parsers/SAXParser,definition-present,unknown,1,0,unknown,aegis-evidence.json#/rows/905,False,unknown
aegis,0eecec45de0da3ff1358004b51e2960d9178551643a6ed44f6496ea9ec999c19,direct-framework-reference,,javax/xml/parsers/SAXParserFactory,definition-present,unknown,1,0,unknown,aegis-evidence.json#/rows/906,False,unknown
aegis,0eecec45de0da3ff1358004b51e2960d9178551643a6ed44f6496ea9ec999c19,direct-framework-reference,,org/xml/sax/Attributes,definition-present,unknown,13,0,unknown,aegis-evidence.json#/rows/907,False,unknown
aegis,0eecec45de0da3ff1358004b51e2960d9178551643a6ed44f6496ea9ec999c19,direct-framework-reference,,org/xml/sax/ContentHandler,definition-present,unknown,1,0,unknown,aegis-evidence.json#/rows/908,False,unknown
aegis,0eecec45de0da3ff1358004b51e2960d9178551643a6ed44f6496ea9ec999c19,direct-framework-reference,,org/xml/sax/InputSource,definition-present,unknown,1,0,unknown,aegis-evidence.json#/rows/909,False,unknown
aegis,0eecec45de0da3ff1358004b51e2960d9178551643a6ed44f6496ea9ec999c19,direct-framework-reference,,org/xml/sax/SAXException,definition-present,unknown,17,0,unknown,aegis-evidence.json#/rows/910,False,unknown
aegis,0eecec45de0da3ff1358004b51e2960d9178551643a6ed44f6496ea9ec999c19,direct-framework-reference,,org/xml/sax/XMLReader,definition-present,unknown,1,0,unknown,aegis-evidence.json#/rows/911,False,unknown
aegis,0eecec45de0da3ff1358004b51e2960d9178551643a6ed44f6496ea9ec999c19,direct-framework-reference,,org/xml/sax/ext/DefaultHandler2,definition-present,unknown,1,0,unknown,aegis-evidence.json#/rows/912,False,unknown
aegis,0eecec45de0da3ff1358004b51e2960d9178551643a6ed44f6496ea9ec999c19,manager-interface-prerequisite,appops,com/android/internal/app/IAppOpsService,definition-present,yes-static,2,2,unknown,aegis-evidence.json#/rows/913,True,False
aegis,0eecec45de0da3ff1358004b51e2960d9178551643a6ed44f6496ea9ec999c19,manager-interface-prerequisite,audio,android/media/IAudioService,definition-present,unknown,1,0,unknown,aegis-evidence.json#/rows/914,True,False
aegis,0eecec45de0da3ff1358004b51e2960d9178551643a6ed44f6496ea9ec999c19,manager-interface-prerequisite,clipboard,android/content/IClipboard,definition-present,unknown,8,0,unknown,aegis-evidence.json#/rows/915,True,False
aegis,0eecec45de0da3ff1358004b51e2960d9178551643a6ed44f6496ea9ec999c19,manager-interface-prerequisite,connectivity,android/net/IConnectivityManager,definition-absent,unknown,5,0,unresolvable-in-scanned-inputs,aegis-evidence.json#/rows/916,True,False
aegis,0eecec45de0da3ff1358004b51e2960d9178551643a6ed44f6496ea9ec999c19,manager-interface-prerequisite,locale,android/app/ILocaleManager,definition-present,unknown,2,0,unknown,aegis-evidence.json#/rows/917,True,False
aegis,0eecec45de0da3ff1358004b51e2960d9178551643a6ed44f6496ea9ec999c19,manager-interface-prerequisite,location,android/location/ILocationManager,definition-present,yes-static,2,2,unknown,aegis-evidence.json#/rows/918,True,False
aegis,0eecec45de0da3ff1358004b51e2960d9178551643a6ed44f6496ea9ec999c19,manager-interface-prerequisite,notification,android/app/INotificationManager,definition-present,yes-static,3,3,unknown,aegis-evidence.json#/rows/919,True,False
aegis,0eecec45de0da3ff1358004b51e2960d9178551643a6ed44f6496ea9ec999c19,manager-interface-prerequisite,power,android/os/IPowerManager,definition-present,yes-static,3,3,unknown,aegis-evidence.json#/rows/920,True,False
aegis,0eecec45de0da3ff1358004b51e2960d9178551643a6ed44f6496ea9ec999c19,manager-interface-prerequisite,uimode,android/app/IUiModeManager,definition-present,yes-static,1,1,unknown,aegis-evidence.json#/rows/921,True,False
aegis,0eecec45de0da3ff1358004b51e2960d9178551643a6ed44f6496ea9ec999c19,service-call,accessibility,,unknown,yes-static,16,1,unknown,aegis-evidence.json#/rows/922,False,False
aegis,0eecec45de0da3ff1358004b51e2960d9178551643a6ed44f6496ea9ec999c19,service-call,activity,,unknown,unknown,2,0,unknown,aegis-evidence.json#/rows/923,False,False
aegis,0eecec45de0da3ff1358004b51e2960d9178551643a6ed44f6496ea9ec999c19,service-call,biometric,,unknown,unknown,1,0,unknown,aegis-evidence.json#/rows/924,False,False
aegis,0eecec45de0da3ff1358004b51e2960d9178551643a6ed44f6496ea9ec999c19,service-call,camera,,unknown,unknown,1,0,unknown,aegis-evidence.json#/rows/925,False,False
aegis,0eecec45de0da3ff1358004b51e2960d9178551643a6ed44f6496ea9ec999c19,service-call,display,,unknown,unknown,2,0,unknown,aegis-evidence.json#/rows/926,False,False
aegis,0eecec45de0da3ff1358004b51e2960d9178551643a6ed44f6496ea9ec999c19,service-call,input_method,,unknown,unknown,8,0,unknown,aegis-evidence.json#/rows/927,False,False
aegis,0eecec45de0da3ff1358004b51e2960d9178551643a6ed44f6496ea9ec999c19,service-call,keyguard,,unknown,unknown,1,0,unknown,aegis-evidence.json#/rows/928,False,False
aegis,0eecec45de0da3ff1358004b51e2960d9178551643a6ed44f6496ea9ec999c19,service-call,layout_inflater,,unknown,yes-static,2,1,unknown,aegis-evidence.json#/rows/929,False,False
aegis,0eecec45de0da3ff1358004b51e2960d9178551643a6ed44f6496ea9ec999c19,service-call,unknown,,unknown,yes-static,25,4,unknown,aegis-evidence.json#/rows/930,False,False
aegis,0eecec45de0da3ff1358004b51e2960d9178551643a6ed44f6496ea9ec999c19,service-call,vibrator,,unknown,unknown,1,0,unknown,aegis-evidence.json#/rows/931,False,False
aegis,0eecec45de0da3ff1358004b51e2960d9178551643a6ed44f6496ea9ec999c19,service-call,vibrator_manager,,unknown,unknown,1,0,unknown,aegis-evidence.json#/rows/932,False,False
aegis,0eecec45de0da3ff1358004b51e2960d9178551643a6ed44f6496ea9ec999c19,service-call,window,,unknown,yes-static,6,1,unknown,aegis-evidence.json#/rows/933,False,False
aegis,0eecec45de0da3ff1358004b51e2960d9178551643a6ed44f6496ea9ec999c19,service-interface-prerequisite,appops,com/android/internal/app/IAppOpsService,definition-present,yes-static,1,1,unknown,aegis-evidence.json#/rows/934,True,False
aegis,0eecec45de0da3ff1358004b51e2960d9178551643a6ed44f6496ea9ec999c19,service-interface-prerequisite,audio,android/media/IAudioService,definition-present,unknown,1,0,unknown,aegis-evidence.json#/rows/935,True,False
aegis,0eecec45de0da3ff1358004b51e2960d9178551643a6ed44f6496ea9ec999c19,service-interface-prerequisite,clipboard,android/content/IClipboard,definition-present,unknown,3,0,unknown,aegis-evidence.json#/rows/936,True,False
aegis,0eecec45de0da3ff1358004b51e2960d9178551643a6ed44f6496ea9ec999c19,service-interface-prerequisite,connectivity,android/net/IConnectivityManager,definition-absent,unknown,1,0,unresolvable-in-scanned-inputs,aegis-evidence.json#/rows/937,True,False
aegis,0eecec45de0da3ff1358004b51e2960d9178551643a6ed44f6496ea9ec999c19,service-interface-prerequisite,location,android/location/ILocationManager,definition-present,yes-static,1,1,unknown,aegis-evidence.json#/rows/938,True,False
aegis,0eecec45de0da3ff1358004b51e2960d9178551643a6ed44f6496ea9ec999c19,service-interface-prerequisite,notification,android/app/INotificationManager,definition-present,yes-static,1,1,unknown,aegis-evidence.json#/rows/939,True,False
aegis,0eecec45de0da3ff1358004b51e2960d9178551643a6ed44f6496ea9ec999c19,service-interface-prerequisite,power,android/os/IPowerManager,definition-present,yes-static,1,1,unknown,aegis-evidence.json#/rows/940,True,False
aegis,0eecec45de0da3ff1358004b51e2960d9178551643a6ed44f6496ea9ec999c19,service-interface-prerequisite,uimode,android/app/IUiModeManager,definition-present,yes-static,1,1,unknown,aegis-evidence.json#/rows/941,True,False
