app,apk_sha256,kind,service,class,availability,startup_reachable,full_method_reference_count,startup_method_reference_count,runtime_load,evidence,stub_ok,needs_real
burgerking,635fe97c7cb00bbcd5ee0d1e00815addef23a930ef2225c6d7e3dd5c376c4502,direct-framework-reference,,android/adservices/measurement/MeasurementManager,definition-absent,unknown,16,0,unresolvable-in-scanned-inputs,burgerking-evidence.json#/rows/3,False,unknown
burgerking,635fe97c7cb00bbcd5ee0d1e00815addef23a930ef2225c6d7e3dd5c376c4502,direct-framework-reference,,android/hardware/camera2/CameraDevice$CameraDeviceSetup,definition-absent,unknown,11,0,unresolvable-in-scanned-inputs,burgerking-evidence.json#/rows/312,False,unknown
burgerking,635fe97c7cb00bbcd5ee0d1e00815addef23a930ef2225c6d7e3dd5c376c4502,direct-framework-reference,,android/media/LoudnessCodecController,definition-absent,unknown,8,0,unresolvable-in-scanned-inputs,burgerking-evidence.json#/rows/400,False,unknown
burgerking,635fe97c7cb00bbcd5ee0d1e00815addef23a930ef2225c6d7e3dd5c376c4502,direct-framework-reference,,android/net/DhcpInfo,definition-absent,unknown,1,0,unresolvable-in-scanned-inputs,burgerking-evidence.json#/rows/479,False,unknown
burgerking,635fe97c7cb00bbcd5ee0d1e00815addef23a930ef2225c6d7e3dd5c376c4502,direct-framework-reference,,android/net/nsd/NsdManager,definition-absent,unknown,13,0,unresolvable-in-scanned-inputs,burgerking-evidence.json#/rows/494,False,unknown
burgerking,635fe97c7cb00bbcd5ee0d1e00815addef23a930ef2225c6d7e3dd5c376c4502,direct-framework-reference,,android/net/nsd/NsdManager$DiscoveryListener,definition-absent,unknown,2,0,unresolvable-in-scanned-inputs,burgerking-evidence.json#/rows/495,False,unknown
burgerking,635fe97c7cb00bbcd5ee0d1e00815addef23a930ef2225c6d7e3dd5c376c4502,direct-framework-reference,,android/net/nsd/NsdManager$ResolveListener,definition-absent,unknown,1,0,unresolvable-in-scanned-inputs,burgerking-evidence.json#/rows/496,False,unknown
burgerking,635fe97c7cb00bbcd5ee0d1e00815addef23a930ef2225c6d7e3dd5c376c4502,direct-framework-reference,,android/net/nsd/NsdServiceInfo,definition-absent,unknown,15,0,unresolvable-in-scanned-inputs,burgerking-evidence.json#/rows/498,False,unknown
burgerking,635fe97c7cb00bbcd5ee0d1e00815addef23a930ef2225c6d7e3dd5c376c4502,direct-framework-reference,,android/net/ssl/SSLSockets,definition-absent,unknown,2,0,unresolvable-in-scanned-inputs,burgerking-evidence.json#/rows/499,False,unknown
burgerking,635fe97c7cb00bbcd5ee0d1e00815addef23a930ef2225c6d7e3dd5c376c4502,direct-framework-reference,,android/net/wifi/WifiConfiguration$KeyMgmt,definition-absent,unknown,2,0,unresolvable-in-scanned-inputs,burgerking-evidence.json#/rows/502,False,unknown
burgerking,635fe97c7cb00bbcd5ee0d1e00815addef23a930ef2225c6d7e3dd5c376c4502,direct-framework-reference,,android/net/wifi/WifiEnterpriseConfig,definition-absent,unknown,2,0,unresolvable-in-scanned-inputs,burgerking-evidence.json#/rows/503,False,unknown
burgerking,635fe97c7cb00bbcd5ee0d1e00815addef23a930ef2225c6d7e3dd5c376c4502,direct-framework-reference,,android/net/wifi/WifiManager$MulticastLock,definition-absent,unknown,3,0,unresolvable-in-scanned-inputs,burgerking-evidence.json#/rows/506,False,unknown
burgerking,635fe97c7cb00bbcd5ee0d1e00815addef23a930ef2225c6d7e3dd5c376c4502,direct-framework-reference,,android/net/wifi/WifiManager$WifiLock,definition-absent,unknown,1,0,unresolvable-in-scanned-inputs,burgerking-evidence.json#/rows/507,False,unknown
burgerking,635fe97c7cb00bbcd5ee0d1e00815addef23a930ef2225c6d7e3dd5c376c4502,direct-framework-reference,,android/provider/MediaStore$Video$Thumbnails,definition-absent,unknown,1,0,unresolvable-in-scanned-inputs,burgerking-evidence.json#/rows/582,False,unknown
burgerking,635fe97c7cb00bbcd5ee0d1e00815addef23a930ef2225c6d7e3dd5c376c4502,direct-framework-reference,,android/view/ScrollFeedbackProvider,definition-absent,unknown,3,0,unresolvable-in-scanned-inputs,burgerking-evidence.json#/rows/796,False,unknown
burgerking,635fe97c7cb00bbcd5ee0d1e00815addef23a930ef2225c6d7e3dd5c376c4502,direct-framework-reference,,org/apache/http/Header,definition-absent,unknown,2,0,unresolvable-in-scanned-inputs,burgerking-evidence.json#/rows/1441,False,unknown
burgerking,635fe97c7cb00bbcd5ee0d1e00815addef23a930ef2225c6d7e3dd5c376c4502,direct-framework-reference,,org/apache/http/HttpHost,definition-absent,unknown,8,0,unresolvable-in-scanned-inputs,burgerking-evidence.json#/rows/1442,False,unknown
burgerking,635fe97c7cb00bbcd5ee0d1e00815addef23a930ef2225c6d7e3dd5c376c4502,direct-framework-reference,,org/apache/http/HttpMessage,definition-absent,unknown,10,0,unresolvable-in-scanned-inputs,burgerking-evidence.json#/rows/1443,False,unknown
burgerking,635fe97c7cb00bbcd5ee0d1e00815addef23a930ef2225c6d7e3dd5c376c4502,direct-framework-reference,,org/apache/http/HttpRequest,definition-absent,unknown,8,0,unresolvable-in-scanned-inputs,burgerking-evidence.json#/rows/1444,False,unknown
burgerking,635fe97c7cb00bbcd5ee0d1e00815addef23a930ef2225c6d7e3dd5c376c4502,direct-framework-reference,,org/apache/http/HttpResponse,definition-absent,unknown,10,0,unresolvable-in-scanned-inputs,burgerking-evidence.json#/rows/1445,False,unknown
burgerking,635fe97c7cb00bbcd5ee0d1e00815addef23a930ef2225c6d7e3dd5c376c4502,direct-framework-reference,,org/apache/http/RequestLine,definition-absent,unknown,4,0,unresolvable-in-scanned-inputs,burgerking-evidence.json#/rows/1446,False,unknown
burgerking,635fe97c7cb00bbcd5ee0d1e00815addef23a930ef2225c6d7e3dd5c376c4502,direct-framework-reference,,org/apache/http/StatusLine,definition-absent,unknown,5,0,unresolvable-in-scanned-inputs,burgerking-evidence.json#/rows/1447,False,unknown
burgerking,635fe97c7cb00bbcd5ee0d1e00815addef23a930ef2225c6d7e3dd5c376c4502,direct-framework-reference,,org/apache/http/client/HttpClient,definition-absent,unknown,16,0,unresolvable-in-scanned-inputs,burgerking-evidence.json#/rows/1448,False,unknown
burgerking,635fe97c7cb00bbcd5ee0d1e00815addef23a930ef2225c6d7e3dd5c376c4502,direct-framework-reference,,org/apache/http/client/ResponseHandler,definition-absent,unknown,10,0,unresolvable-in-scanned-inputs,burgerking-evidence.json#/rows/1449,False,unknown
burgerking,635fe97c7cb00bbcd5ee0d1e00815addef23a930ef2225c6d7e3dd5c376c4502,direct-framework-reference,,org/apache/http/client/methods/HttpUriRequest,definition-absent,unknown,8,0,unresolvable-in-scanned-inputs,burgerking-evidence.json#/rows/1450,False,unknown
burgerking,635fe97c7cb00bbcd5ee0d1e00815addef23a930ef2225c6d7e3dd5c376c4502,direct-framework-reference,,org/apache/http/protocol/HttpContext,definition-absent,unknown,8,0,unresolvable-in-scanned-inputs,burgerking-evidence.json#/rows/1451,False,unknown
burgerking,635fe97c7cb00bbcd5ee0d1e00815addef23a930ef2225c6d7e3dd5c376c4502,manager-interface-prerequisite,connectivity,android/net/IConnectivityManager,definition-absent,yes-static,57,1,unresolvable-in-scanned-inputs,burgerking-evidence.json#/rows/1464,True,False
burgerking,635fe97c7cb00bbcd5ee0d1e00815addef23a930ef2225c6d7e3dd5c376c4502,service-call,accessibility,,unknown,yes-static,13,1,unknown,burgerking-evidence.json#/rows/1471,False,False
burgerking,635fe97c7cb00bbcd5ee0d1e00815addef23a930ef2225c6d7e3dd5c376c4502,service-call,activity,,unknown,yes-static,23,4,unknown,burgerking-evidence.json#/rows/1472,False,False
burgerking,635fe97c7cb00bbcd5ee0d1e00815addef23a930ef2225c6d7e3dd5c376c4502,service-call,batterymanager,,unknown,unknown,2,0,unknown,burgerking-evidence.json#/rows/1473,False,False
burgerking,635fe97c7cb00bbcd5ee0d1e00815addef23a930ef2225c6d7e3dd5c376c4502,service-call,biometric,,unknown,unknown,1,0,unknown,burgerking-evidence.json#/rows/1474,False,False
burgerking,635fe97c7cb00bbcd5ee0d1e00815addef23a930ef2225c6d7e3dd5c376c4502,service-call,camera,,unknown,unknown,3,0,unknown,burgerking-evidence.json#/rows/1475,False,False
burgerking,635fe97c7cb00bbcd5ee0d1e00815addef23a930ef2225c6d7e3dd5c376c4502,service-call,captioning,,unknown,unknown,8,0,unknown,burgerking-evidence.json#/rows/1476,False,False
burgerking,635fe97c7cb00bbcd5ee0d1e00815addef23a930ef2225c6d7e3dd5c376c4502,service-call,display,,unknown,unknown,9,0,unknown,burgerking-evidence.json#/rows/1477,False,False
burgerking,635fe97c7cb00bbcd5ee0d1e00815addef23a930ef2225c6d7e3dd5c376c4502,service-call,download,,unknown,unknown,1,0,unknown,burgerking-evidence.json#/rows/1478,False,False
burgerking,635fe97c7cb00bbcd5ee0d1e00815addef23a930ef2225c6d7e3dd5c376c4502,service-call,fingerprint,,unknown,unknown,1,0,unknown,burgerking-evidence.json#/rows/1479,False,False
burgerking,635fe97c7cb00bbcd5ee0d1e00815addef23a930ef2225c6d7e3dd5c376c4502,service-call,input_method,,unknown,unknown,12,0,unknown,burgerking-evidence.json#/rows/1480,False,False
burgerking,635fe97c7cb00bbcd5ee0d1e00815addef23a930ef2225c6d7e3dd5c376c4502,service-call,keyguard,,unknown,unknown,2,0,unknown,burgerking-evidence.json#/rows/1481,False,False
burgerking,635fe97c7cb00bbcd5ee0d1e00815addef23a930ef2225c6d7e3dd5c376c4502,service-call,layout_inflater,,unknown,unknown,4,0,unknown,burgerking-evidence.json#/rows/1482,False,False
burgerking,635fe97c7cb00bbcd5ee0d1e00815addef23a930ef2225c6d7e3dd5c376c4502,service-call,media_metrics,,unknown,unknown,1,0,unknown,burgerking-evidence.json#/rows/1483,False,False
burgerking,635fe97c7cb00bbcd5ee0d1e00815addef23a930ef2225c6d7e3dd5c376c4502,service-call,phone,,unknown,unknown,13,0,unknown,burgerking-evidence.json#/rows/1484,False,False
burgerking,635fe97c7cb00bbcd5ee0d1e00815addef23a930ef2225c6d7e3dd5c376c4502,service-call,sensor,,unknown,unknown,10,0,unknown,burgerking-evidence.json#/rows/1485,False,False
burgerking,635fe97c7cb00bbcd5ee0d1e00815addef23a930ef2225c6d7e3dd5c376c4502,service-call,shortcut,,unknown,unknown,3,0,unknown,burgerking-evidence.json#/rows/1486,False,False
burgerking,635fe97c7cb00bbcd5ee0d1e00815addef23a930ef2225c6d7e3dd5c376c4502,service-call,unknown,,unknown,unknown,10,0,unknown,burgerking-evidence.json#/rows/1487,False,False
burgerking,635fe97c7cb00bbcd5ee0d1e00815addef23a930ef2225c6d7e3dd5c376c4502,service-call,user,,unknown,yes-static,4,1,unknown,burgerking-evidence.json#/rows/1488,False,False
burgerking,635fe97c7cb00bbcd5ee0d1e00815addef23a930ef2225c6d7e3dd5c376c4502,service-call,vibrator,,unknown,unknown,2,0,unknown,burgerking-evidence.json#/rows/1489,False,False
burgerking,635fe97c7cb00bbcd5ee0d1e00815addef23a930ef2225c6d7e3dd5c376c4502,service-call,vibrator_manager,,unknown,unknown,2,0,unknown,burgerking-evidence.json#/rows/1490,False,False
burgerking,635fe97c7cb00bbcd5ee0d1e00815addef23a930ef2225c6d7e3dd5c376c4502,service-call,wifi,,unknown,unknown,4,0,unknown,burgerking-evidence.json#/rows/1491,False,False
burgerking,635fe97c7cb00bbcd5ee0d1e00815addef23a930ef2225c6d7e3dd5c376c4502,service-call,window,,unknown,yes-static,28,1,unknown,burgerking-evidence.json#/rows/1492,False,False
burgerking,635fe97c7cb00bbcd5ee0d1e00815addef23a930ef2225c6d7e3dd5c376c4502,service-interface-prerequisite,connectivity,android/net/IConnectivityManager,definition-absent,yes-static,21,1,unresolvable-in-scanned-inputs,burgerking-evidence.json#/rows/1497,True,False
fd-android,1e4a2e23a4bff8c8d96eae7ed809f1ebd05a4ab24650ab792c226749dd51d936,direct-framework-reference,,android/hardware/camera2/CameraDevice$CameraDeviceSetup,definition-absent,unknown,5,0,unresolvable-in-scanned-inputs,fd-android-evidence.json#/rows/259,False,unknown
fd-android,1e4a2e23a4bff8c8d96eae7ed809f1ebd05a4ab24650ab792c226749dd51d936,direct-framework-reference,,android/net/ssl/SSLSockets,definition-absent,unknown,2,0,unresolvable-in-scanned-inputs,fd-android-evidence.json#/rows/322,False,unknown
fd-android,1e4a2e23a4bff8c8d96eae7ed809f1ebd05a4ab24650ab792c226749dd51d936,direct-framework-reference,,android/provider/MediaStore$Video$Thumbnails,definition-absent,unknown,1,0,unresolvable-in-scanned-inputs,fd-android-evidence.json#/rows/386,False,unknown
fd-android,1e4a2e23a4bff8c8d96eae7ed809f1ebd05a4ab24650ab792c226749dd51d936,direct-framework-reference,,android/view/DisplayListCanvas,definition-absent,unknown,2,0,unresolvable-in-scanned-inputs,fd-android-evidence.json#/rows/505,False,unknown
fd-android,1e4a2e23a4bff8c8d96eae7ed809f1ebd05a4ab24650ab792c226749dd51d936,direct-framework-reference,,android/view/RenderNode,definition-absent,yes-static,29,8,unresolvable-in-scanned-inputs,fd-android-evidence.json#/rows/537,False,unknown
fd-android,1e4a2e23a4bff8c8d96eae7ed809f1ebd05a4ab24650ab792c226749dd51d936,direct-framework-reference,,android/view/ScrollFeedbackProvider,definition-absent,unknown,3,0,unresolvable-in-scanned-inputs,fd-android-evidence.json#/rows/542,False,unknown
fd-android,1e4a2e23a4bff8c8d96eae7ed809f1ebd05a4ab24650ab792c226749dd51d936,manager-interface-prerequisite,connectivity,android/net/IConnectivityManager,definition-absent,yes-static,37,4,unresolvable-in-scanned-inputs,fd-android-evidence.json#/rows/1287,True,False
fd-android,1e4a2e23a4bff8c8d96eae7ed809f1ebd05a4ab24650ab792c226749dd51d936,service-call,accessibility,,unknown,yes-static,19,3,unknown,fd-android-evidence.json#/rows/1294,False,False
fd-android,1e4a2e23a4bff8c8d96eae7ed809f1ebd05a4ab24650ab792c226749dd51d936,service-call,activity,,unknown,yes-static,6,3,unknown,fd-android-evidence.json#/rows/1295,False,False
fd-android,1e4a2e23a4bff8c8d96eae7ed809f1ebd05a4ab24650ab792c226749dd51d936,service-call,biometric,,unknown,unknown,1,0,unknown,fd-android-evidence.json#/rows/1296,False,False
fd-android,1e4a2e23a4bff8c8d96eae7ed809f1ebd05a4ab24650ab792c226749dd51d936,service-call,camera,,unknown,unknown,4,0,unknown,fd-android-evidence.json#/rows/1297,False,False
fd-android,1e4a2e23a4bff8c8d96eae7ed809f1ebd05a4ab24650ab792c226749dd51d936,service-call,display,,unknown,unknown,2,0,unknown,fd-android-evidence.json#/rows/1298,False,False
fd-android,1e4a2e23a4bff8c8d96eae7ed809f1ebd05a4ab24650ab792c226749dd51d936,service-call,download,,unknown,unknown,1,0,unknown,fd-android-evidence.json#/rows/1299,False,False
fd-android,1e4a2e23a4bff8c8d96eae7ed809f1ebd05a4ab24650ab792c226749dd51d936,service-call,input_method,,unknown,yes-static,20,1,unknown,fd-android-evidence.json#/rows/1300,False,False
fd-android,1e4a2e23a4bff8c8d96eae7ed809f1ebd05a4ab24650ab792c226749dd51d936,service-call,keyguard,,unknown,unknown,1,0,unknown,fd-android-evidence.json#/rows/1301,False,False
fd-android,1e4a2e23a4bff8c8d96eae7ed809f1ebd05a4ab24650ab792c226749dd51d936,service-call,layout_inflater,,unknown,unknown,6,0,unknown,fd-android-evidence.json#/rows/1302,False,False
fd-android,1e4a2e23a4bff8c8d96eae7ed809f1ebd05a4ab24650ab792c226749dd51d936,service-call,unknown,,unknown,yes-static,33,7,unknown,fd-android-evidence.json#/rows/1303,False,False
fd-android,1e4a2e23a4bff8c8d96eae7ed809f1ebd05a4ab24650ab792c226749dd51d936,service-call,user,,unknown,unknown,1,0,unknown,fd-android-evidence.json#/rows/1304,False,False
fd-android,1e4a2e23a4bff8c8d96eae7ed809f1ebd05a4ab24650ab792c226749dd51d936,service-call,window,,unknown,yes-static,11,1,unknown,fd-android-evidence.json#/rows/1305,False,False
fd-android,1e4a2e23a4bff8c8d96eae7ed809f1ebd05a4ab24650ab792c226749dd51d936,service-interface-prerequisite,connectivity,android/net/IConnectivityManager,definition-absent,yes-static,5,3,unresolvable-in-scanned-inputs,fd-android-evidence.json#/rows/1310,True,False
fd-binaryeye,428c26249c706bd79610d03a1a985dcc0efd9dd5469fc9be92c703459a4d5f93,direct-framework-reference,,android/bluetooth/BluetoothAdapter,definition-absent,unknown,3,0,unresolvable-in-scanned-inputs,fd-binaryeye-evidence.json#/rows/42,False,unknown
fd-binaryeye,428c26249c706bd79610d03a1a985dcc0efd9dd5469fc9be92c703459a4d5f93,direct-framework-reference,,android/bluetooth/BluetoothManager,definition-absent,unknown,1,0,unresolvable-in-scanned-inputs,fd-binaryeye-evidence.json#/rows/44,False,unknown
fd-binaryeye,428c26249c706bd79610d03a1a985dcc0efd9dd5469fc9be92c703459a4d5f93,direct-framework-reference,,android/bluetooth/BluetoothSocket,definition-absent,unknown,3,0,unresolvable-in-scanned-inputs,fd-binaryeye-evidence.json#/rows/45,False,unknown
fd-binaryeye,428c26249c706bd79610d03a1a985dcc0efd9dd5469fc9be92c703459a4d5f93,direct-framework-reference,,android/net/nsd/NsdManager,definition-absent,unknown,1,0,unresolvable-in-scanned-inputs,fd-binaryeye-evidence.json#/rows/227,False,unknown
fd-binaryeye,428c26249c706bd79610d03a1a985dcc0efd9dd5469fc9be92c703459a4d5f93,direct-framework-reference,,android/net/wifi/WifiEnterpriseConfig,definition-absent,unknown,4,0,unresolvable-in-scanned-inputs,fd-binaryeye-evidence.json#/rows/229,False,unknown
fd-binaryeye,428c26249c706bd79610d03a1a985dcc0efd9dd5469fc9be92c703459a4d5f93,direct-framework-reference,,android/net/wifi/WifiNetworkSuggestion,definition-absent,unknown,11,0,unresolvable-in-scanned-inputs,fd-binaryeye-evidence.json#/rows/231,False,unknown
fd-binaryeye,428c26249c706bd79610d03a1a985dcc0efd9dd5469fc9be92c703459a4d5f93,direct-framework-reference,,android/net/wifi/WifiNetworkSuggestion$Builder,definition-absent,unknown,12,0,unresolvable-in-scanned-inputs,fd-binaryeye-evidence.json#/rows/232,False,unknown
fd-binaryeye,428c26249c706bd79610d03a1a985dcc0efd9dd5469fc9be92c703459a4d5f93,direct-framework-reference,,android/net/wifi/p2p/WifiP2pManager,definition-absent,unknown,1,0,unresolvable-in-scanned-inputs,fd-binaryeye-evidence.json#/rows/233,False,unknown
fd-binaryeye,428c26249c706bd79610d03a1a985dcc0efd9dd5469fc9be92c703459a4d5f93,direct-framework-reference,,android/provider/MediaStore$Downloads,definition-absent,unknown,1,0,unresolvable-in-scanned-inputs,fd-binaryeye-evidence.json#/rows/279,False,unknown
fd-binaryeye,428c26249c706bd79610d03a1a985dcc0efd9dd5469fc9be92c703459a4d5f93,direct-framework-reference,,android/view/ScrollFeedbackProvider,definition-absent,unknown,3,0,unresolvable-in-scanned-inputs,fd-binaryeye-evidence.json#/rows/382,False,unknown
fd-binaryeye,428c26249c706bd79610d03a1a985dcc0efd9dd5469fc9be92c703459a4d5f93,manager-interface-prerequisite,connectivity,android/net/IConnectivityManager,definition-absent,unknown,1,0,unresolvable-in-scanned-inputs,fd-binaryeye-evidence.json#/rows/771,True,False
fd-binaryeye,428c26249c706bd79610d03a1a985dcc0efd9dd5469fc9be92c703459a4d5f93,service-call,accessibility,,unknown,unknown,8,0,unknown,fd-binaryeye-evidence.json#/rows/778,False,False
fd-binaryeye,428c26249c706bd79610d03a1a985dcc0efd9dd5469fc9be92c703459a4d5f93,service-call,camera,,unknown,unknown,2,0,unknown,fd-binaryeye-evidence.json#/rows/779,False,False
fd-binaryeye,428c26249c706bd79610d03a1a985dcc0efd9dd5469fc9be92c703459a4d5f93,service-call,display,,unknown,unknown,2,0,unknown,fd-binaryeye-evidence.json#/rows/780,False,False
fd-binaryeye,428c26249c706bd79610d03a1a985dcc0efd9dd5469fc9be92c703459a4d5f93,service-call,input_method,,unknown,unknown,7,0,unknown,fd-binaryeye-evidence.json#/rows/781,False,False
fd-binaryeye,428c26249c706bd79610d03a1a985dcc0efd9dd5469fc9be92c703459a4d5f93,service-call,layout_inflater,,unknown,unknown,2,0,unknown,fd-binaryeye-evidence.json#/rows/782,False,False
fd-binaryeye,428c26249c706bd79610d03a1a985dcc0efd9dd5469fc9be92c703459a4d5f93,service-call,search,,unknown,unknown,1,0,unknown,fd-binaryeye-evidence.json#/rows/783,False,False
fd-binaryeye,428c26249c706bd79610d03a1a985dcc0efd9dd5469fc9be92c703459a4d5f93,service-call,unknown,,unknown,unknown,10,0,unknown,fd-binaryeye-evidence.json#/rows/784,False,False
fd-binaryeye,428c26249c706bd79610d03a1a985dcc0efd9dd5469fc9be92c703459a4d5f93,service-call,vibrator,,unknown,unknown,2,0,unknown,fd-binaryeye-evidence.json#/rows/785,False,False
fd-binaryeye,428c26249c706bd79610d03a1a985dcc0efd9dd5469fc9be92c703459a4d5f93,service-call,wifi,,unknown,unknown,1,0,unknown,fd-binaryeye-evidence.json#/rows/786,False,False
fd-binaryeye,428c26249c706bd79610d03a1a985dcc0efd9dd5469fc9be92c703459a4d5f93,service-call,window,,unknown,unknown,4,0,unknown,fd-binaryeye-evidence.json#/rows/787,False,False
fd-catima,4f01f40d06d82fc5b8cfbbc5eccd083151a86564fbd4fa420eb54aaebf668b71,direct-framework-reference,,android/bluetooth/BluetoothAdapter,definition-absent,unknown,3,0,unresolvable-in-scanned-inputs,fd-catima-evidence.json#/rows/52,False,unknown
fd-catima,4f01f40d06d82fc5b8cfbbc5eccd083151a86564fbd4fa420eb54aaebf668b71,direct-framework-reference,,android/bluetooth/BluetoothManager,definition-absent,unknown,2,0,unresolvable-in-scanned-inputs,fd-catima-evidence.json#/rows/54,False,unknown
fd-catima,4f01f40d06d82fc5b8cfbbc5eccd083151a86564fbd4fa420eb54aaebf668b71,direct-framework-reference,,android/bluetooth/BluetoothServerSocket,definition-absent,unknown,4,0,unresolvable-in-scanned-inputs,fd-catima-evidence.json#/rows/55,False,unknown
fd-catima,4f01f40d06d82fc5b8cfbbc5eccd083151a86564fbd4fa420eb54aaebf668b71,direct-framework-reference,,android/bluetooth/BluetoothSocket,definition-absent,unknown,2,0,unresolvable-in-scanned-inputs,fd-catima-evidence.json#/rows/56,False,unknown
fd-catima,4f01f40d06d82fc5b8cfbbc5eccd083151a86564fbd4fa420eb54aaebf668b71,direct-framework-reference,,android/view/DisplayListCanvas,definition-absent,unknown,2,0,unresolvable-in-scanned-inputs,fd-catima-evidence.json#/rows/406,False,unknown
fd-catima,4f01f40d06d82fc5b8cfbbc5eccd083151a86564fbd4fa420eb54aaebf668b71,direct-framework-reference,,android/view/RenderNode,definition-absent,yes-static,29,8,unresolvable-in-scanned-inputs,fd-catima-evidence.json#/rows/436,False,unknown
fd-catima,4f01f40d06d82fc5b8cfbbc5eccd083151a86564fbd4fa420eb54aaebf668b71,direct-framework-reference,,android/view/ScrollFeedbackProvider,definition-absent,unknown,3,0,unresolvable-in-scanned-inputs,fd-catima-evidence.json#/rows/444,False,unknown
fd-catima,4f01f40d06d82fc5b8cfbbc5eccd083151a86564fbd4fa420eb54aaebf668b71,direct-framework-reference,,javax/annotation/processing/AbstractProcessor,definition-absent,unknown,1,0,unresolvable-in-scanned-inputs,fd-catima-evidence.json#/rows/903,False,unknown
fd-catima,4f01f40d06d82fc5b8cfbbc5eccd083151a86564fbd4fa420eb54aaebf668b71,service-call,accessibility,,unknown,yes-static,18,1,unknown,fd-catima-evidence.json#/rows/929,False,False
fd-catima,4f01f40d06d82fc5b8cfbbc5eccd083151a86564fbd4fa420eb54aaebf668b71,service-call,activity,,unknown,yes-static,1,1,unknown,fd-catima-evidence.json#/rows/930,False,False
fd-catima,4f01f40d06d82fc5b8cfbbc5eccd083151a86564fbd4fa420eb54aaebf668b71,service-call,bluetooth,,unknown,unknown,2,0,unknown,fd-catima-evidence.json#/rows/931,False,False
fd-catima,4f01f40d06d82fc5b8cfbbc5eccd083151a86564fbd4fa420eb54aaebf668b71,service-call,camera,,unknown,unknown,1,0,unknown,fd-catima-evidence.json#/rows/932,False,False
fd-catima,4f01f40d06d82fc5b8cfbbc5eccd083151a86564fbd4fa420eb54aaebf668b71,service-call,display,,unknown,unknown,1,0,unknown,fd-catima-evidence.json#/rows/933,False,False
fd-catima,4f01f40d06d82fc5b8cfbbc5eccd083151a86564fbd4fa420eb54aaebf668b71,service-call,dropbox,,unknown,unknown,1,0,unknown,fd-catima-evidence.json#/rows/934,False,False
fd-catima,4f01f40d06d82fc5b8cfbbc5eccd083151a86564fbd4fa420eb54aaebf668b71,service-call,input_method,,unknown,unknown,8,0,unknown,fd-catima-evidence.json#/rows/935,False,False
fd-catima,4f01f40d06d82fc5b8cfbbc5eccd083151a86564fbd4fa420eb54aaebf668b71,service-call,layout_inflater,,unknown,yes-static,2,1,unknown,fd-catima-evidence.json#/rows/936,False,False
fd-catima,4f01f40d06d82fc5b8cfbbc5eccd083151a86564fbd4fa420eb54aaebf668b71,service-call,phone,,unknown,unknown,1,0,unknown,fd-catima-evidence.json#/rows/937,False,False
fd-catima,4f01f40d06d82fc5b8cfbbc5eccd083151a86564fbd4fa420eb54aaebf668b71,service-call,search,,unknown,unknown,1,0,unknown,fd-catima-evidence.json#/rows/938,False,False
fd-catima,4f01f40d06d82fc5b8cfbbc5eccd083151a86564fbd4fa420eb54aaebf668b71,service-call,unknown,,unknown,yes-static,23,5,unknown,fd-catima-evidence.json#/rows/939,False,False
fd-catima,4f01f40d06d82fc5b8cfbbc5eccd083151a86564fbd4fa420eb54aaebf668b71,service-call,window,,unknown,yes-static,13,1,unknown,fd-catima-evidence.json#/rows/940,False,False
fd-etar,dae01d93c8920aa63845868db2190bcc4aa6ff8410b1289de1ce27b1bb89c599,direct-framework-reference,,android/app/Notification$Metric,definition-absent,unknown,2,0,unresolvable-in-scanned-inputs,fd-etar-evidence.json#/rows/62,False,unknown
fd-etar,dae01d93c8920aa63845868db2190bcc4aa6ff8410b1289de1ce27b1bb89c599,direct-framework-reference,,android/app/Notification$Metric$FixedDate,definition-absent,unknown,1,0,unresolvable-in-scanned-inputs,fd-etar-evidence.json#/rows/63,False,unknown
fd-etar,dae01d93c8920aa63845868db2190bcc4aa6ff8410b1289de1ce27b1bb89c599,direct-framework-reference,,android/app/Notification$Metric$FixedFloat,definition-absent,unknown,1,0,unresolvable-in-scanned-inputs,fd-etar-evidence.json#/rows/64,False,unknown
fd-etar,dae01d93c8920aa63845868db2190bcc4aa6ff8410b1289de1ce27b1bb89c599,direct-framework-reference,,android/app/Notification$Metric$FixedInt,definition-absent,unknown,1,0,unresolvable-in-scanned-inputs,fd-etar-evidence.json#/rows/65,False,unknown
fd-etar,dae01d93c8920aa63845868db2190bcc4aa6ff8410b1289de1ce27b1bb89c599,direct-framework-reference,,android/app/Notification$Metric$FixedText,definition-absent,unknown,1,0,unresolvable-in-scanned-inputs,fd-etar-evidence.json#/rows/66,False,unknown
fd-etar,dae01d93c8920aa63845868db2190bcc4aa6ff8410b1289de1ce27b1bb89c599,direct-framework-reference,,android/app/Notification$Metric$FixedTime,definition-absent,unknown,1,0,unresolvable-in-scanned-inputs,fd-etar-evidence.json#/rows/67,False,unknown
fd-etar,dae01d93c8920aa63845868db2190bcc4aa6ff8410b1289de1ce27b1bb89c599,direct-framework-reference,,android/app/Notification$Metric$MetricValue,definition-absent,unknown,2,0,unresolvable-in-scanned-inputs,fd-etar-evidence.json#/rows/68,False,unknown
fd-etar,dae01d93c8920aa63845868db2190bcc4aa6ff8410b1289de1ce27b1bb89c599,direct-framework-reference,,android/app/Notification$Metric$TimeDifference,definition-absent,unknown,5,0,unresolvable-in-scanned-inputs,fd-etar-evidence.json#/rows/69,False,unknown
fd-etar,dae01d93c8920aa63845868db2190bcc4aa6ff8410b1289de1ce27b1bb89c599,direct-framework-reference,,android/app/Notification$MetricStyle,definition-absent,unknown,2,0,unresolvable-in-scanned-inputs,fd-etar-evidence.json#/rows/70,False,unknown
fd-etar,dae01d93c8920aa63845868db2190bcc4aa6ff8410b1289de1ce27b1bb89c599,direct-framework-reference,,android/app/Notification$ProgressStyle,definition-absent,unknown,13,0,unresolvable-in-scanned-inputs,fd-etar-evidence.json#/rows/71,False,unknown
fd-etar,dae01d93c8920aa63845868db2190bcc4aa6ff8410b1289de1ce27b1bb89c599,direct-framework-reference,,android/app/Notification$ProgressStyle$Point,definition-absent,unknown,4,0,unresolvable-in-scanned-inputs,fd-etar-evidence.json#/rows/72,False,unknown
fd-etar,dae01d93c8920aa63845868db2190bcc4aa6ff8410b1289de1ce27b1bb89c599,direct-framework-reference,,android/app/Notification$ProgressStyle$Segment,definition-absent,unknown,4,0,unresolvable-in-scanned-inputs,fd-etar-evidence.json#/rows/73,False,unknown
fd-etar,dae01d93c8920aa63845868db2190bcc4aa6ff8410b1289de1ce27b1bb89c599,direct-framework-reference,,android/os/ProfilingManager,definition-absent,unknown,12,0,unresolvable-in-scanned-inputs,fd-etar-evidence.json#/rows/370,False,unknown
fd-etar,dae01d93c8920aa63845868db2190bcc4aa6ff8410b1289de1ce27b1bb89c599,direct-framework-reference,,android/os/ProfilingResult,definition-absent,unknown,1,0,unresolvable-in-scanned-inputs,fd-etar-evidence.json#/rows/371,False,unknown
fd-etar,dae01d93c8920aa63845868db2190bcc4aa6ff8410b1289de1ce27b1bb89c599,direct-framework-reference,,android/os/flagging/AconfigPackage,definition-absent,unknown,7,0,unresolvable-in-scanned-inputs,fd-etar-evidence.json#/rows/383,False,unknown
fd-etar,dae01d93c8920aa63845868db2190bcc4aa6ff8410b1289de1ce27b1bb89c599,direct-framework-reference,,android/view/ScrollFeedbackProvider,definition-absent,unknown,4,0,unresolvable-in-scanned-inputs,fd-etar-evidence.json#/rows/576,False,unknown
fd-etar,dae01d93c8920aa63845868db2190bcc4aa6ff8410b1289de1ce27b1bb89c599,direct-framework-reference,,android/view/accessibility/AccessibilityNodeInfo$CollectionInfo$Builder,definition-absent,unknown,1,0,unresolvable-in-scanned-inputs,fd-etar-evidence.json#/rows/634,False,unknown
fd-etar,dae01d93c8920aa63845868db2190bcc4aa6ff8410b1289de1ce27b1bb89c599,direct-framework-reference,,android/view/accessibility/AccessibilityNodeInfo$MathInfo,definition-absent,unknown,5,0,unresolvable-in-scanned-inputs,fd-etar-evidence.json#/rows/638,False,unknown
fd-etar,dae01d93c8920aa63845868db2190bcc4aa6ff8410b1289de1ce27b1bb89c599,direct-framework-reference,,android/view/accessibility/AccessibilityNodeInfo$Selection,definition-absent,unknown,17,0,unresolvable-in-scanned-inputs,fd-etar-evidence.json#/rows/640,False,unknown
fd-etar,dae01d93c8920aa63845868db2190bcc4aa6ff8410b1289de1ce27b1bb89c599,direct-framework-reference,,android/view/accessibility/AccessibilityNodeInfo$SelectionPosition,definition-absent,unknown,26,0,unresolvable-in-scanned-inputs,fd-etar-evidence.json#/rows/641,False,unknown
fd-etar,dae01d93c8920aa63845868db2190bcc4aa6ff8410b1289de1ce27b1bb89c599,direct-framework-reference,,android/view/accessibility/AccessibilityNodeInfo$StructuredDataInfo,definition-absent,unknown,20,0,unresolvable-in-scanned-inputs,fd-etar-evidence.json#/rows/642,False,unknown
fd-etar,dae01d93c8920aa63845868db2190bcc4aa6ff8410b1289de1ce27b1bb89c599,direct-framework-reference,,java/lang/instrument/ClassFileTransformer,definition-absent,unknown,1,0,unresolvable-in-scanned-inputs,fd-etar-evidence.json#/rows/1386,False,unknown
fd-etar,dae01d93c8920aa63845868db2190bcc4aa6ff8410b1289de1ce27b1bb89c599,direct-framework-reference,,java/lang/instrument/Instrumentation,definition-absent,unknown,1,0,unresolvable-in-scanned-inputs,fd-etar-evidence.json#/rows/1387,False,unknown
fd-etar,dae01d93c8920aa63845868db2190bcc4aa6ff8410b1289de1ce27b1bb89c599,manager-interface-prerequisite,connectivity,android/net/IConnectivityManager,definition-absent,yes-static,31,2,unresolvable-in-scanned-inputs,fd-etar-evidence.json#/rows/1650,True,False
fd-etar,dae01d93c8920aa63845868db2190bcc4aa6ff8410b1289de1ce27b1bb89c599,service-call,accessibility,,unknown,yes-static,26,1,unknown,fd-etar-evidence.json#/rows/1657,False,False
fd-etar,dae01d93c8920aa63845868db2190bcc4aa6ff8410b1289de1ce27b1bb89c599,service-call,activity,,unknown,yes-static,5,2,unknown,fd-etar-evidence.json#/rows/1658,False,False
fd-etar,dae01d93c8920aa63845868db2190bcc4aa6ff8410b1289de1ce27b1bb89c599,service-call,display,,unknown,unknown,4,0,unknown,fd-etar-evidence.json#/rows/1659,False,False
fd-etar,dae01d93c8920aa63845868db2190bcc4aa6ff8410b1289de1ce27b1bb89c599,service-call,input_method,,unknown,unknown,13,0,unknown,fd-etar-evidence.json#/rows/1660,False,False
fd-etar,dae01d93c8920aa63845868db2190bcc4aa6ff8410b1289de1ce27b1bb89c599,service-call,layout_inflater,,unknown,yes-static,17,1,unknown,fd-etar-evidence.json#/rows/1661,False,False
fd-etar,dae01d93c8920aa63845868db2190bcc4aa6ff8410b1289de1ce27b1bb89c599,service-call,phone,,unknown,unknown,2,0,unknown,fd-etar-evidence.json#/rows/1662,False,False
fd-etar,dae01d93c8920aa63845868db2190bcc4aa6ff8410b1289de1ce27b1bb89c599,service-call,search,,unknown,yes-static,2,1,unknown,fd-etar-evidence.json#/rows/1663,False,False
fd-etar,dae01d93c8920aa63845868db2190bcc4aa6ff8410b1289de1ce27b1bb89c599,service-call,unknown,,unknown,yes-static,33,1,unknown,fd-etar-evidence.json#/rows/1664,False,False
fd-etar,dae01d93c8920aa63845868db2190bcc4aa6ff8410b1289de1ce27b1bb89c599,service-call,user,,unknown,unknown,1,0,unknown,fd-etar-evidence.json#/rows/1665,False,False
fd-etar,dae01d93c8920aa63845868db2190bcc4aa6ff8410b1289de1ce27b1bb89c599,service-call,vibrator,,unknown,unknown,1,0,unknown,fd-etar-evidence.json#/rows/1666,False,False
fd-etar,dae01d93c8920aa63845868db2190bcc4aa6ff8410b1289de1ce27b1bb89c599,service-call,window,,unknown,yes-static,9,1,unknown,fd-etar-evidence.json#/rows/1667,False,False
fd-etar,dae01d93c8920aa63845868db2190bcc4aa6ff8410b1289de1ce27b1bb89c599,service-interface-prerequisite,connectivity,android/net/IConnectivityManager,definition-absent,yes-static,3,2,unresolvable-in-scanned-inputs,fd-etar-evidence.json#/rows/1672,True,False
fd-fennec_fdroid,27f2951376ca1085e0933066c902fdfe4d260916d381e233475c5fd6964f5745,direct-framework-reference,,android/media/LoudnessCodecController,definition-absent,unknown,9,0,unresolvable-in-scanned-inputs,fd-fennec_fdroid-evidence.json#/rows/356,False,unknown
fd-fennec_fdroid,27f2951376ca1085e0933066c902fdfe4d260916d381e233475c5fd6964f5745,direct-framework-reference,,android/net/DhcpInfo,definition-absent,unknown,1,0,unresolvable-in-scanned-inputs,fd-fennec_fdroid-evidence.json#/rows/423,False,unknown
fd-fennec_fdroid,27f2951376ca1085e0933066c902fdfe4d260916d381e233475c5fd6964f5745,direct-framework-reference,,android/provider/MediaStore$Downloads,definition-absent,unknown,2,0,unresolvable-in-scanned-inputs,fd-fennec_fdroid-evidence.json#/rows/511,False,unknown
fd-fennec_fdroid,27f2951376ca1085e0933066c902fdfe4d260916d381e233475c5fd6964f5745,direct-framework-reference,,android/view/DisplayListCanvas,definition-absent,unknown,2,0,unresolvable-in-scanned-inputs,fd-fennec_fdroid-evidence.json#/rows/747,False,unknown
fd-fennec_fdroid,27f2951376ca1085e0933066c902fdfe4d260916d381e233475c5fd6964f5745,direct-framework-reference,,android/view/RenderNode,definition-absent,unknown,30,0,unresolvable-in-scanned-inputs,fd-fennec_fdroid-evidence.json#/rows/777,False,unknown
fd-fennec_fdroid,27f2951376ca1085e0933066c902fdfe4d260916d381e233475c5fd6964f5745,direct-framework-reference,,android/view/ScrollFeedbackProvider,definition-absent,unknown,3,0,unresolvable-in-scanned-inputs,fd-fennec_fdroid-evidence.json#/rows/785,False,unknown
fd-fennec_fdroid,27f2951376ca1085e0933066c902fdfe4d260916d381e233475c5fd6964f5745,direct-framework-reference,,java/awt/Component,definition-absent,unknown,1,0,unresolvable-in-scanned-inputs,fd-fennec_fdroid-evidence.json#/rows/989,False,unknown
fd-fennec_fdroid,27f2951376ca1085e0933066c902fdfe4d260916d381e233475c5fd6964f5745,direct-framework-reference,,java/awt/GraphicsEnvironment,definition-absent,unknown,1,0,unresolvable-in-scanned-inputs,fd-fennec_fdroid-evidence.json#/rows/990,False,unknown
fd-fennec_fdroid,27f2951376ca1085e0933066c902fdfe4d260916d381e233475c5fd6964f5745,direct-framework-reference,,java/awt/HeadlessException,definition-absent,unknown,1,0,unresolvable-in-scanned-inputs,fd-fennec_fdroid-evidence.json#/rows/991,False,unknown
fd-fennec_fdroid,27f2951376ca1085e0933066c902fdfe4d260916d381e233475c5fd6964f5745,direct-framework-reference,,java/awt/Window,definition-absent,unknown,2,0,unresolvable-in-scanned-inputs,fd-fennec_fdroid-evidence.json#/rows/992,False,unknown
fd-fennec_fdroid,27f2951376ca1085e0933066c902fdfe4d260916d381e233475c5fd6964f5745,direct-framework-reference,,java/beans/BeanInfo,definition-absent,unknown,1,0,unresolvable-in-scanned-inputs,fd-fennec_fdroid-evidence.json#/rows/993,False,unknown
fd-fennec_fdroid,27f2951376ca1085e0933066c902fdfe4d260916d381e233475c5fd6964f5745,direct-framework-reference,,java/beans/FeatureDescriptor,definition-absent,unknown,2,0,unresolvable-in-scanned-inputs,fd-fennec_fdroid-evidence.json#/rows/994,False,unknown
fd-fennec_fdroid,27f2951376ca1085e0933066c902fdfe4d260916d381e233475c5fd6964f5745,direct-framework-reference,,java/beans/Introspector,definition-absent,unknown,1,0,unresolvable-in-scanned-inputs,fd-fennec_fdroid-evidence.json#/rows/995,False,unknown
fd-fennec_fdroid,27f2951376ca1085e0933066c902fdfe4d260916d381e233475c5fd6964f5745,direct-framework-reference,,java/beans/PropertyDescriptor,definition-absent,unknown,4,0,unresolvable-in-scanned-inputs,fd-fennec_fdroid-evidence.json#/rows/996,False,unknown
fd-fennec_fdroid,27f2951376ca1085e0933066c902fdfe4d260916d381e233475c5fd6964f5745,manager-interface-prerequisite,connectivity,android/net/IConnectivityManager,definition-absent,yes-static,39,3,unresolvable-in-scanned-inputs,fd-fennec_fdroid-evidence.json#/rows/1432,True,False
fd-fennec_fdroid,27f2951376ca1085e0933066c902fdfe4d260916d381e233475c5fd6964f5745,service-call,accessibility,,unknown,yes-static,27,1,unknown,fd-fennec_fdroid-evidence.json#/rows/1439,False,False
fd-fennec_fdroid,27f2951376ca1085e0933066c902fdfe4d260916d381e233475c5fd6964f5745,service-call,activity,,unknown,yes-static,17,5,unknown,fd-fennec_fdroid-evidence.json#/rows/1440,False,False
fd-fennec_fdroid,27f2951376ca1085e0933066c902fdfe4d260916d381e233475c5fd6964f5745,service-call,biometric,,unknown,unknown,1,0,unknown,fd-fennec_fdroid-evidence.json#/rows/1441,False,False
fd-fennec_fdroid,27f2951376ca1085e0933066c902fdfe4d260916d381e233475c5fd6964f5745,service-call,camera,,unknown,unknown,9,0,unknown,fd-fennec_fdroid-evidence.json#/rows/1442,False,False
fd-fennec_fdroid,27f2951376ca1085e0933066c902fdfe4d260916d381e233475c5fd6964f5745,service-call,captioning,,unknown,unknown,1,0,unknown,fd-fennec_fdroid-evidence.json#/rows/1443,False,False
fd-fennec_fdroid,27f2951376ca1085e0933066c902fdfe4d260916d381e233475c5fd6964f5745,service-call,credential,,unknown,unknown,3,0,unknown,fd-fennec_fdroid-evidence.json#/rows/1444,False,False
fd-fennec_fdroid,27f2951376ca1085e0933066c902fdfe4d260916d381e233475c5fd6964f5745,service-call,display,,unknown,unknown,9,0,unknown,fd-fennec_fdroid-evidence.json#/rows/1445,False,False
fd-fennec_fdroid,27f2951376ca1085e0933066c902fdfe4d260916d381e233475c5fd6964f5745,service-call,download,,unknown,unknown,1,0,unknown,fd-fennec_fdroid-evidence.json#/rows/1446,False,False
fd-fennec_fdroid,27f2951376ca1085e0933066c902fdfe4d260916d381e233475c5fd6964f5745,service-call,input,,unknown,unknown,3,0,unknown,fd-fennec_fdroid-evidence.json#/rows/1447,False,False
fd-fennec_fdroid,27f2951376ca1085e0933066c902fdfe4d260916d381e233475c5fd6964f5745,service-call,input_method,,unknown,unknown,20,0,unknown,fd-fennec_fdroid-evidence.json#/rows/1448,False,False
fd-fennec_fdroid,27f2951376ca1085e0933066c902fdfe4d260916d381e233475c5fd6964f5745,service-call,keyguard,,unknown,unknown,9,0,unknown,fd-fennec_fdroid-evidence.json#/rows/1449,False,False
fd-fennec_fdroid,27f2951376ca1085e0933066c902fdfe4d260916d381e233475c5fd6964f5745,service-call,layout_inflater,,unknown,unknown,2,0,unknown,fd-fennec_fdroid-evidence.json#/rows/1450,False,False
fd-fennec_fdroid,27f2951376ca1085e0933066c902fdfe4d260916d381e233475c5fd6964f5745,service-call,media_metrics,,unknown,unknown,1,0,unknown,fd-fennec_fdroid-evidence.json#/rows/1451,False,False
fd-fennec_fdroid,27f2951376ca1085e0933066c902fdfe4d260916d381e233475c5fd6964f5745,service-call,phone,,unknown,unknown,1,0,unknown,fd-fennec_fdroid-evidence.json#/rows/1452,False,False
fd-fennec_fdroid,27f2951376ca1085e0933066c902fdfe4d260916d381e233475c5fd6964f5745,service-call,print,,unknown,unknown,1,0,unknown,fd-fennec_fdroid-evidence.json#/rows/1453,False,False
fd-fennec_fdroid,27f2951376ca1085e0933066c902fdfe4d260916d381e233475c5fd6964f5745,service-call,sensor,,unknown,unknown,5,0,unknown,fd-fennec_fdroid-evidence.json#/rows/1454,False,False
fd-fennec_fdroid,27f2951376ca1085e0933066c902fdfe4d260916d381e233475c5fd6964f5745,service-call,unknown,,unknown,yes-static,59,5,unknown,fd-fennec_fdroid-evidence.json#/rows/1455,False,False
fd-fennec_fdroid,27f2951376ca1085e0933066c902fdfe4d260916d381e233475c5fd6964f5745,service-call,user,,unknown,unknown,2,0,unknown,fd-fennec_fdroid-evidence.json#/rows/1456,False,False
fd-fennec_fdroid,27f2951376ca1085e0933066c902fdfe4d260916d381e233475c5fd6964f5745,service-call,vibrator,,unknown,unknown,4,0,unknown,fd-fennec_fdroid-evidence.json#/rows/1457,False,False
fd-fennec_fdroid,27f2951376ca1085e0933066c902fdfe4d260916d381e233475c5fd6964f5745,service-call,wifi,,unknown,unknown,1,0,unknown,fd-fennec_fdroid-evidence.json#/rows/1458,False,False
fd-fennec_fdroid,27f2951376ca1085e0933066c902fdfe4d260916d381e233475c5fd6964f5745,service-call,window,,unknown,unknown,19,0,unknown,fd-fennec_fdroid-evidence.json#/rows/1459,False,False
fd-fennec_fdroid,27f2951376ca1085e0933066c902fdfe4d260916d381e233475c5fd6964f5745,service-interface-prerequisite,connectivity,android/net/IConnectivityManager,definition-absent,yes-static,9,2,unresolvable-in-scanned-inputs,fd-fennec_fdroid-evidence.json#/rows/1463,True,False
fd-fluffychat,edcdf6171c09ab39ed76447c1ee11c66503d922dfe4f36f2dd429f2f9c652481,direct-framework-reference,,android/app/Notification$ProgressStyle,definition-absent,unknown,11,0,unresolvable-in-scanned-inputs,fd-fluffychat-evidence.json#/rows/49,False,unknown
fd-fluffychat,edcdf6171c09ab39ed76447c1ee11c66503d922dfe4f36f2dd429f2f9c652481,direct-framework-reference,,android/app/Notification$ProgressStyle$Point,definition-absent,unknown,1,0,unresolvable-in-scanned-inputs,fd-fluffychat-evidence.json#/rows/50,False,unknown
fd-fluffychat,edcdf6171c09ab39ed76447c1ee11c66503d922dfe4f36f2dd429f2f9c652481,direct-framework-reference,,android/app/Notification$ProgressStyle$Segment,definition-absent,unknown,1,0,unresolvable-in-scanned-inputs,fd-fluffychat-evidence.json#/rows/51,False,unknown
fd-fluffychat,edcdf6171c09ab39ed76447c1ee11c66503d922dfe4f36f2dd429f2f9c652481,direct-framework-reference,,android/media/LoudnessCodecController,definition-absent,unknown,8,0,unresolvable-in-scanned-inputs,fd-fluffychat-evidence.json#/rows/289,False,unknown
fd-fluffychat,edcdf6171c09ab39ed76447c1ee11c66503d922dfe4f36f2dd429f2f9c652481,direct-framework-reference,,android/net/wifi/WifiManager$WifiLock,definition-absent,unknown,7,0,unresolvable-in-scanned-inputs,fd-fluffychat-evidence.json#/rows/379,False,unknown
fd-fluffychat,edcdf6171c09ab39ed76447c1ee11c66503d922dfe4f36f2dd429f2f9c652481,direct-framework-reference,,android/net/wifi/p2p/WifiP2pGroup,definition-absent,unknown,5,0,unresolvable-in-scanned-inputs,fd-fluffychat-evidence.json#/rows/380,False,unknown
fd-fluffychat,edcdf6171c09ab39ed76447c1ee11c66503d922dfe4f36f2dd429f2f9c652481,direct-framework-reference,,android/net/wifi/p2p/WifiP2pManager,definition-absent,unknown,1,0,unresolvable-in-scanned-inputs,fd-fluffychat-evidence.json#/rows/381,False,unknown
fd-fluffychat,edcdf6171c09ab39ed76447c1ee11c66503d922dfe4f36f2dd429f2f9c652481,direct-framework-reference,,android/net/wifi/p2p/WifiP2pManager$Channel,definition-absent,unknown,1,0,unresolvable-in-scanned-inputs,fd-fluffychat-evidence.json#/rows/382,False,unknown
fd-fluffychat,edcdf6171c09ab39ed76447c1ee11c66503d922dfe4f36f2dd429f2f9c652481,direct-framework-reference,,android/net/wifi/p2p/WifiP2pManager$ChannelListener,definition-absent,unknown,1,0,unresolvable-in-scanned-inputs,fd-fluffychat-evidence.json#/rows/383,False,unknown
fd-fluffychat,edcdf6171c09ab39ed76447c1ee11c66503d922dfe4f36f2dd429f2f9c652481,direct-framework-reference,,android/net/wifi/p2p/WifiP2pManager$GroupInfoListener,definition-absent,unknown,1,0,unresolvable-in-scanned-inputs,fd-fluffychat-evidence.json#/rows/384,False,unknown
fd-fluffychat,edcdf6171c09ab39ed76447c1ee11c66503d922dfe4f36f2dd429f2f9c652481,direct-framework-reference,,android/view/ScrollFeedbackProvider,definition-absent,unknown,3,0,unresolvable-in-scanned-inputs,fd-fluffychat-evidence.json#/rows/596,False,unknown
fd-fluffychat,edcdf6171c09ab39ed76447c1ee11c66503d922dfe4f36f2dd429f2f9c652481,direct-framework-reference,,javax/xml/stream/XMLInputFactory,definition-absent,unknown,5,0,unresolvable-in-scanned-inputs,fd-fluffychat-evidence.json#/rows/1163,False,unknown
fd-fluffychat,edcdf6171c09ab39ed76447c1ee11c66503d922dfe4f36f2dd429f2f9c652481,manager-interface-prerequisite,connectivity,android/net/IConnectivityManager,definition-absent,unknown,13,0,unresolvable-in-scanned-inputs,fd-fluffychat-evidence.json#/rows/1681,True,False
fd-fluffychat,edcdf6171c09ab39ed76447c1ee11c66503d922dfe4f36f2dd429f2f9c652481,service-call,accessibility,,unknown,unknown,11,0,unknown,fd-fluffychat-evidence.json#/rows/1686,False,False
fd-fluffychat,edcdf6171c09ab39ed76447c1ee11c66503d922dfe4f36f2dd429f2f9c652481,service-call,activity,,unknown,unknown,5,0,unknown,fd-fluffychat-evidence.json#/rows/1687,False,False
fd-fluffychat,edcdf6171c09ab39ed76447c1ee11c66503d922dfe4f36f2dd429f2f9c652481,service-call,biometric,,unknown,unknown,1,0,unknown,fd-fluffychat-evidence.json#/rows/1688,False,False
fd-fluffychat,edcdf6171c09ab39ed76447c1ee11c66503d922dfe4f36f2dd429f2f9c652481,service-call,camera,,unknown,unknown,5,0,unknown,fd-fluffychat-evidence.json#/rows/1689,False,False
fd-fluffychat,edcdf6171c09ab39ed76447c1ee11c66503d922dfe4f36f2dd429f2f9c652481,service-call,captioning,,unknown,unknown,1,0,unknown,fd-fluffychat-evidence.json#/rows/1690,False,False
fd-fluffychat,edcdf6171c09ab39ed76447c1ee11c66503d922dfe4f36f2dd429f2f9c652481,service-call,display,,unknown,unknown,8,0,unknown,fd-fluffychat-evidence.json#/rows/1691,False,False
fd-fluffychat,edcdf6171c09ab39ed76447c1ee11c66503d922dfe4f36f2dd429f2f9c652481,service-call,input_method,,unknown,unknown,6,0,unknown,fd-fluffychat-evidence.json#/rows/1692,False,False
fd-fluffychat,edcdf6171c09ab39ed76447c1ee11c66503d922dfe4f36f2dd429f2f9c652481,service-call,keyguard,,unknown,unknown,4,0,unknown,fd-fluffychat-evidence.json#/rows/1693,False,False
fd-fluffychat,edcdf6171c09ab39ed76447c1ee11c66503d922dfe4f36f2dd429f2f9c652481,service-call,layout_inflater,,unknown,unknown,2,0,unknown,fd-fluffychat-evidence.json#/rows/1694,False,False
fd-fluffychat,edcdf6171c09ab39ed76447c1ee11c66503d922dfe4f36f2dd429f2f9c652481,service-call,media_metrics,,unknown,unknown,1,0,unknown,fd-fluffychat-evidence.json#/rows/1695,False,False
fd-fluffychat,edcdf6171c09ab39ed76447c1ee11c66503d922dfe4f36f2dd429f2f9c652481,service-call,media_projection,,unknown,unknown,3,0,unknown,fd-fluffychat-evidence.json#/rows/1696,False,False
fd-fluffychat,edcdf6171c09ab39ed76447c1ee11c66503d922dfe4f36f2dd429f2f9c652481,service-call,phone,,unknown,unknown,2,0,unknown,fd-fluffychat-evidence.json#/rows/1697,False,False
fd-fluffychat,edcdf6171c09ab39ed76447c1ee11c66503d922dfe4f36f2dd429f2f9c652481,service-call,sensor,,unknown,unknown,2,0,unknown,fd-fluffychat-evidence.json#/rows/1698,False,False
fd-fluffychat,edcdf6171c09ab39ed76447c1ee11c66503d922dfe4f36f2dd429f2f9c652481,service-call,textservices,,unknown,unknown,1,0,unknown,fd-fluffychat-evidence.json#/rows/1699,False,False
fd-fluffychat,edcdf6171c09ab39ed76447c1ee11c66503d922dfe4f36f2dd429f2f9c652481,service-call,unknown,,unknown,unknown,26,0,unknown,fd-fluffychat-evidence.json#/rows/1700,False,False
fd-fluffychat,edcdf6171c09ab39ed76447c1ee11c66503d922dfe4f36f2dd429f2f9c652481,service-call,vibrator,,unknown,unknown,1,0,unknown,fd-fluffychat-evidence.json#/rows/1701,False,False
fd-fluffychat,edcdf6171c09ab39ed76447c1ee11c66503d922dfe4f36f2dd429f2f9c652481,service-call,wifi,,unknown,unknown,3,0,unknown,fd-fluffychat-evidence.json#/rows/1702,False,False
fd-fluffychat,edcdf6171c09ab39ed76447c1ee11c66503d922dfe4f36f2dd429f2f9c652481,service-call,wifip2p,,unknown,unknown,1,0,unknown,fd-fluffychat-evidence.json#/rows/1703,False,False
fd-fluffychat,edcdf6171c09ab39ed76447c1ee11c66503d922dfe4f36f2dd429f2f9c652481,service-call,window,,unknown,unknown,19,0,unknown,fd-fluffychat-evidence.json#/rows/1704,False,False
fd-fluffychat,edcdf6171c09ab39ed76447c1ee11c66503d922dfe4f36f2dd429f2f9c652481,service-interface-prerequisite,connectivity,android/net/IConnectivityManager,definition-absent,unknown,2,0,unresolvable-in-scanned-inputs,fd-fluffychat-evidence.json#/rows/1709,True,False
fd-immich,36b0d1368881ad6388b011d9a5bb91f7bd6133371d1eb585390c80232b9f22ea,direct-framework-reference,,android/app/Notification$ProgressStyle,definition-absent,unknown,10,0,unresolvable-in-scanned-inputs,fd-immich-evidence.json#/rows/51,False,unknown
fd-immich,36b0d1368881ad6388b011d9a5bb91f7bd6133371d1eb585390c80232b9f22ea,direct-framework-reference,,android/app/Notification$ProgressStyle$Point,definition-absent,unknown,1,0,unresolvable-in-scanned-inputs,fd-immich-evidence.json#/rows/52,False,unknown
fd-immich,36b0d1368881ad6388b011d9a5bb91f7bd6133371d1eb585390c80232b9f22ea,direct-framework-reference,,android/app/Notification$ProgressStyle$Segment,definition-absent,unknown,1,0,unresolvable-in-scanned-inputs,fd-immich-evidence.json#/rows/53,False,unknown
fd-immich,36b0d1368881ad6388b011d9a5bb91f7bd6133371d1eb585390c80232b9f22ea,direct-framework-reference,,android/bluetooth/BluetoothAdapter,definition-absent,unknown,1,0,unresolvable-in-scanned-inputs,fd-immich-evidence.json#/rows/79,False,unknown
fd-immich,36b0d1368881ad6388b011d9a5bb91f7bd6133371d1eb585390c80232b9f22ea,direct-framework-reference,,android/bluetooth/BluetoothManager,definition-absent,unknown,1,0,unresolvable-in-scanned-inputs,fd-immich-evidence.json#/rows/80,False,unknown
fd-immich,36b0d1368881ad6388b011d9a5bb91f7bd6133371d1eb585390c80232b9f22ea,direct-framework-reference,,android/media/LoudnessCodecController,definition-absent,unknown,9,0,unresolvable-in-scanned-inputs,fd-immich-evidence.json#/rows/304,False,unknown
fd-immich,36b0d1368881ad6388b011d9a5bb91f7bd6133371d1eb585390c80232b9f22ea,direct-framework-reference,,android/net/DhcpInfo,definition-absent,unknown,1,0,unresolvable-in-scanned-inputs,fd-immich-evidence.json#/rows/355,False,unknown
fd-immich,36b0d1368881ad6388b011d9a5bb91f7bd6133371d1eb585390c80232b9f22ea,direct-framework-reference,,android/net/http/CallbackException,definition-absent,unknown,5,0,unresolvable-in-scanned-inputs,fd-immich-evidence.json#/rows/369,False,unknown
fd-immich,36b0d1368881ad6388b011d9a5bb91f7bd6133371d1eb585390c80232b9f22ea,direct-framework-reference,,android/net/http/ConnectionMigrationOptions,definition-absent,unknown,3,0,unresolvable-in-scanned-inputs,fd-immich-evidence.json#/rows/370,False,unknown
fd-immich,36b0d1368881ad6388b011d9a5bb91f7bd6133371d1eb585390c80232b9f22ea,direct-framework-reference,,android/net/http/ConnectionMigrationOptions$Builder,definition-absent,unknown,6,0,unresolvable-in-scanned-inputs,fd-immich-evidence.json#/rows/371,False,unknown
fd-immich,36b0d1368881ad6388b011d9a5bb91f7bd6133371d1eb585390c80232b9f22ea,direct-framework-reference,,android/net/http/DnsOptions,definition-absent,unknown,3,0,unresolvable-in-scanned-inputs,fd-immich-evidence.json#/rows/372,False,unknown
fd-immich,36b0d1368881ad6388b011d9a5bb91f7bd6133371d1eb585390c80232b9f22ea,direct-framework-reference,,android/net/http/DnsOptions$Builder,definition-absent,unknown,9,0,unresolvable-in-scanned-inputs,fd-immich-evidence.json#/rows/373,False,unknown
fd-immich,36b0d1368881ad6388b011d9a5bb91f7bd6133371d1eb585390c80232b9f22ea,direct-framework-reference,,android/net/http/DnsOptions$StaleDnsOptions,definition-absent,unknown,3,0,unresolvable-in-scanned-inputs,fd-immich-evidence.json#/rows/374,False,unknown
fd-immich,36b0d1368881ad6388b011d9a5bb91f7bd6133371d1eb585390c80232b9f22ea,direct-framework-reference,,android/net/http/DnsOptions$StaleDnsOptions$Builder,definition-absent,unknown,7,0,unresolvable-in-scanned-inputs,fd-immich-evidence.json#/rows/375,False,unknown
fd-immich,36b0d1368881ad6388b011d9a5bb91f7bd6133371d1eb585390c80232b9f22ea,direct-framework-reference,,android/net/http/HeaderBlock,definition-absent,unknown,5,0,unresolvable-in-scanned-inputs,fd-immich-evidence.json#/rows/376,False,unknown
fd-immich,36b0d1368881ad6388b011d9a5bb91f7bd6133371d1eb585390c80232b9f22ea,direct-framework-reference,,android/net/http/HttpEngine,definition-absent,unknown,8,0,unresolvable-in-scanned-inputs,fd-immich-evidence.json#/rows/377,False,unknown
fd-immich,36b0d1368881ad6388b011d9a5bb91f7bd6133371d1eb585390c80232b9f22ea,direct-framework-reference,,android/net/http/HttpEngine$Builder,definition-absent,unknown,22,0,unresolvable-in-scanned-inputs,fd-immich-evidence.json#/rows/378,False,unknown
fd-immich,36b0d1368881ad6388b011d9a5bb91f7bd6133371d1eb585390c80232b9f22ea,direct-framework-reference,,android/net/http/HttpException,definition-absent,unknown,4,0,unresolvable-in-scanned-inputs,fd-immich-evidence.json#/rows/379,False,unknown
fd-immich,36b0d1368881ad6388b011d9a5bb91f7bd6133371d1eb585390c80232b9f22ea,direct-framework-reference,,android/net/http/InlineExecutionProhibitedException,definition-absent,unknown,1,0,unresolvable-in-scanned-inputs,fd-immich-evidence.json#/rows/380,False,unknown
fd-immich,36b0d1368881ad6388b011d9a5bb91f7bd6133371d1eb585390c80232b9f22ea,direct-framework-reference,,android/net/http/NetworkException,definition-absent,unknown,9,0,unresolvable-in-scanned-inputs,fd-immich-evidence.json#/rows/381,False,unknown
fd-immich,36b0d1368881ad6388b011d9a5bb91f7bd6133371d1eb585390c80232b9f22ea,direct-framework-reference,,android/net/http/QuicException,definition-absent,unknown,6,0,unresolvable-in-scanned-inputs,fd-immich-evidence.json#/rows/382,False,unknown
fd-immich,36b0d1368881ad6388b011d9a5bb91f7bd6133371d1eb585390c80232b9f22ea,direct-framework-reference,,android/net/http/QuicOptions,definition-absent,unknown,3,0,unresolvable-in-scanned-inputs,fd-immich-evidence.json#/rows/383,False,unknown
fd-immich,36b0d1368881ad6388b011d9a5bb91f7bd6133371d1eb585390c80232b9f22ea,direct-framework-reference,,android/net/http/QuicOptions$Builder,definition-absent,unknown,7,0,unresolvable-in-scanned-inputs,fd-immich-evidence.json#/rows/384,False,unknown
fd-immich,36b0d1368881ad6388b011d9a5bb91f7bd6133371d1eb585390c80232b9f22ea,direct-framework-reference,,android/net/http/UploadDataSink,definition-absent,unknown,7,0,unresolvable-in-scanned-inputs,fd-immich-evidence.json#/rows/386,False,unknown
fd-immich,36b0d1368881ad6388b011d9a5bb91f7bd6133371d1eb585390c80232b9f22ea,direct-framework-reference,,android/net/http/UrlRequest,definition-absent,unknown,13,0,unresolvable-in-scanned-inputs,fd-immich-evidence.json#/rows/387,False,unknown
fd-immich,36b0d1368881ad6388b011d9a5bb91f7bd6133371d1eb585390c80232b9f22ea,direct-framework-reference,,android/net/http/UrlRequest$Builder,definition-absent,unknown,9,0,unresolvable-in-scanned-inputs,fd-immich-evidence.json#/rows/388,False,unknown
fd-immich,36b0d1368881ad6388b011d9a5bb91f7bd6133371d1eb585390c80232b9f22ea,direct-framework-reference,,android/net/http/UrlResponseInfo,definition-absent,unknown,17,0,unresolvable-in-scanned-inputs,fd-immich-evidence.json#/rows/391,False,unknown
fd-immich,36b0d1368881ad6388b011d9a5bb91f7bd6133371d1eb585390c80232b9f22ea,direct-framework-reference,,android/net/nsd/NsdManager,definition-absent,yes-static,8,1,unresolvable-in-scanned-inputs,fd-immich-evidence.json#/rows/393,False,unknown
fd-immich,36b0d1368881ad6388b011d9a5bb91f7bd6133371d1eb585390c80232b9f22ea,direct-framework-reference,,android/net/nsd/NsdManager$DiscoveryListener,definition-absent,unknown,2,0,unresolvable-in-scanned-inputs,fd-immich-evidence.json#/rows/394,False,unknown
fd-immich,36b0d1368881ad6388b011d9a5bb91f7bd6133371d1eb585390c80232b9f22ea,direct-framework-reference,,android/net/nsd/NsdManager$RegistrationListener,definition-absent,unknown,2,0,unresolvable-in-scanned-inputs,fd-immich-evidence.json#/rows/395,False,unknown
fd-immich,36b0d1368881ad6388b011d9a5bb91f7bd6133371d1eb585390c80232b9f22ea,direct-framework-reference,,android/net/nsd/NsdManager$ResolveListener,definition-absent,yes-static,3,1,unresolvable-in-scanned-inputs,fd-immich-evidence.json#/rows/396,False,unknown
fd-immich,36b0d1368881ad6388b011d9a5bb91f7bd6133371d1eb585390c80232b9f22ea,direct-framework-reference,,android/net/nsd/NsdServiceInfo,definition-absent,yes-static,7,1,unresolvable-in-scanned-inputs,fd-immich-evidence.json#/rows/397,False,unknown
fd-immich,36b0d1368881ad6388b011d9a5bb91f7bd6133371d1eb585390c80232b9f22ea,direct-framework-reference,,android/net/ssl/SSLSockets,definition-absent,unknown,2,0,unresolvable-in-scanned-inputs,fd-immich-evidence.json#/rows/398,False,unknown
fd-immich,36b0d1368881ad6388b011d9a5bb91f7bd6133371d1eb585390c80232b9f22ea,direct-framework-reference,,android/net/wifi/WifiManager$MulticastLock,definition-absent,unknown,3,0,unresolvable-in-scanned-inputs,fd-immich-evidence.json#/rows/401,False,unknown
fd-immich,36b0d1368881ad6388b011d9a5bb91f7bd6133371d1eb585390c80232b9f22ea,direct-framework-reference,,android/net/wifi/WifiManager$WifiLock,definition-absent,unknown,5,0,unresolvable-in-scanned-inputs,fd-immich-evidence.json#/rows/402,False,unknown
fd-immich,36b0d1368881ad6388b011d9a5bb91f7bd6133371d1eb585390c80232b9f22ea,direct-framework-reference,,android/provider/MediaStore$Downloads,definition-absent,unknown,2,0,unresolvable-in-scanned-inputs,fd-immich-evidence.json#/rows/470,False,unknown
fd-immich,36b0d1368881ad6388b011d9a5bb91f7bd6133371d1eb585390c80232b9f22ea,direct-framework-reference,,android/provider/MediaStore$Video$Thumbnails,definition-absent,unknown,3,0,unresolvable-in-scanned-inputs,fd-immich-evidence.json#/rows/475,False,unknown
fd-immich,36b0d1368881ad6388b011d9a5bb91f7bd6133371d1eb585390c80232b9f22ea,direct-framework-reference,,android/view/DisplayListCanvas,definition-absent,unknown,2,0,unresolvable-in-scanned-inputs,fd-immich-evidence.json#/rows/615,False,unknown
fd-immich,36b0d1368881ad6388b011d9a5bb91f7bd6133371d1eb585390c80232b9f22ea,direct-framework-reference,,android/view/RenderNode,definition-absent,yes-static,28,7,unresolvable-in-scanned-inputs,fd-immich-evidence.json#/rows/645,False,unknown
fd-immich,36b0d1368881ad6388b011d9a5bb91f7bd6133371d1eb585390c80232b9f22ea,direct-framework-reference,,android/view/ScrollFeedbackProvider,definition-absent,unknown,3,0,unresolvable-in-scanned-inputs,fd-immich-evidence.json#/rows/650,False,unknown
fd-immich,36b0d1368881ad6388b011d9a5bb91f7bd6133371d1eb585390c80232b9f22ea,manager-interface-prerequisite,connectivity,android/net/IConnectivityManager,definition-absent,yes-static,51,3,unresolvable-in-scanned-inputs,fd-immich-evidence.json#/rows/1255,True,False
fd-immich,36b0d1368881ad6388b011d9a5bb91f7bd6133371d1eb585390c80232b9f22ea,service-call,accessibility,,unknown,yes-static,10,1,unknown,fd-immich-evidence.json#/rows/1261,False,False
fd-immich,36b0d1368881ad6388b011d9a5bb91f7bd6133371d1eb585390c80232b9f22ea,service-call,activity,,unknown,yes-static,7,2,unknown,fd-immich-evidence.json#/rows/1262,False,False
fd-immich,36b0d1368881ad6388b011d9a5bb91f7bd6133371d1eb585390c80232b9f22ea,service-call,appwidget,,unknown,unknown,2,0,unknown,fd-immich-evidence.json#/rows/1263,False,False
fd-immich,36b0d1368881ad6388b011d9a5bb91f7bd6133371d1eb585390c80232b9f22ea,service-call,biometric,,unknown,unknown,1,0,unknown,fd-immich-evidence.json#/rows/1264,False,False
fd-immich,36b0d1368881ad6388b011d9a5bb91f7bd6133371d1eb585390c80232b9f22ea,service-call,captioning,,unknown,unknown,3,0,unknown,fd-immich-evidence.json#/rows/1265,False,False
fd-immich,36b0d1368881ad6388b011d9a5bb91f7bd6133371d1eb585390c80232b9f22ea,service-call,display,,unknown,unknown,8,0,unknown,fd-immich-evidence.json#/rows/1266,False,False
fd-immich,36b0d1368881ad6388b011d9a5bb91f7bd6133371d1eb585390c80232b9f22ea,service-call,input_method,,unknown,yes-static,8,1,unknown,fd-immich-evidence.json#/rows/1267,False,False
fd-immich,36b0d1368881ad6388b011d9a5bb91f7bd6133371d1eb585390c80232b9f22ea,service-call,keyguard,,unknown,unknown,3,0,unknown,fd-immich-evidence.json#/rows/1268,False,False
fd-immich,36b0d1368881ad6388b011d9a5bb91f7bd6133371d1eb585390c80232b9f22ea,service-call,layout_inflater,,unknown,unknown,3,0,unknown,fd-immich-evidence.json#/rows/1269,False,False
fd-immich,36b0d1368881ad6388b011d9a5bb91f7bd6133371d1eb585390c80232b9f22ea,service-call,media_metrics,,unknown,unknown,1,0,unknown,fd-immich-evidence.json#/rows/1270,False,False
fd-immich,36b0d1368881ad6388b011d9a5bb91f7bd6133371d1eb585390c80232b9f22ea,service-call,phone,,unknown,unknown,3,0,unknown,fd-immich-evidence.json#/rows/1271,False,False
fd-immich,36b0d1368881ad6388b011d9a5bb91f7bd6133371d1eb585390c80232b9f22ea,service-call,sensor,,unknown,unknown,2,0,unknown,fd-immich-evidence.json#/rows/1272,False,False
fd-immich,36b0d1368881ad6388b011d9a5bb91f7bd6133371d1eb585390c80232b9f22ea,service-call,storage,,unknown,unknown,2,0,unknown,fd-immich-evidence.json#/rows/1273,False,False
fd-immich,36b0d1368881ad6388b011d9a5bb91f7bd6133371d1eb585390c80232b9f22ea,service-call,textservices,,unknown,unknown,1,0,unknown,fd-immich-evidence.json#/rows/1274,False,False
fd-immich,36b0d1368881ad6388b011d9a5bb91f7bd6133371d1eb585390c80232b9f22ea,service-call,unknown,,unknown,yes-static,42,1,unknown,fd-immich-evidence.json#/rows/1275,False,False
fd-immich,36b0d1368881ad6388b011d9a5bb91f7bd6133371d1eb585390c80232b9f22ea,service-call,user,,unknown,unknown,1,0,unknown,fd-immich-evidence.json#/rows/1276,False,False
fd-immich,36b0d1368881ad6388b011d9a5bb91f7bd6133371d1eb585390c80232b9f22ea,service-call,vibrator,,unknown,unknown,1,0,unknown,fd-immich-evidence.json#/rows/1277,False,False
fd-immich,36b0d1368881ad6388b011d9a5bb91f7bd6133371d1eb585390c80232b9f22ea,service-call,wifi,,unknown,unknown,6,0,unknown,fd-immich-evidence.json#/rows/1278,False,False
fd-immich,36b0d1368881ad6388b011d9a5bb91f7bd6133371d1eb585390c80232b9f22ea,service-call,window,,unknown,unknown,17,0,unknown,fd-immich-evidence.json#/rows/1279,False,False
fd-immich,36b0d1368881ad6388b011d9a5bb91f7bd6133371d1eb585390c80232b9f22ea,service-interface-prerequisite,connectivity,android/net/IConnectivityManager,definition-absent,yes-static,17,2,unresolvable-in-scanned-inputs,fd-immich-evidence.json#/rows/1283,True,False
fd-k9,92cd3a81c7a8d066e517a50932fe85424de7752cb72e76032174d53ec36a2741,direct-framework-reference,,android/hardware/camera2/CameraDevice$CameraDeviceSetup,definition-absent,unknown,5,0,unresolvable-in-scanned-inputs,fd-k9-evidence.json#/rows/259,False,unknown
fd-k9,92cd3a81c7a8d066e517a50932fe85424de7752cb72e76032174d53ec36a2741,direct-framework-reference,,android/net/ssl/SSLSockets,definition-absent,unknown,2,0,unresolvable-in-scanned-inputs,fd-k9-evidence.json#/rows/322,False,unknown
fd-k9,92cd3a81c7a8d066e517a50932fe85424de7752cb72e76032174d53ec36a2741,direct-framework-reference,,android/provider/MediaStore$Video$Thumbnails,definition-absent,unknown,1,0,unresolvable-in-scanned-inputs,fd-k9-evidence.json#/rows/386,False,unknown
fd-k9,92cd3a81c7a8d066e517a50932fe85424de7752cb72e76032174d53ec36a2741,direct-framework-reference,,android/view/DisplayListCanvas,definition-absent,unknown,2,0,unresolvable-in-scanned-inputs,fd-k9-evidence.json#/rows/505,False,unknown
fd-k9,92cd3a81c7a8d066e517a50932fe85424de7752cb72e76032174d53ec36a2741,direct-framework-reference,,android/view/RenderNode,definition-absent,yes-static,29,8,unresolvable-in-scanned-inputs,fd-k9-evidence.json#/rows/537,False,unknown
fd-k9,92cd3a81c7a8d066e517a50932fe85424de7752cb72e76032174d53ec36a2741,direct-framework-reference,,android/view/ScrollFeedbackProvider,definition-absent,unknown,3,0,unresolvable-in-scanned-inputs,fd-k9-evidence.json#/rows/542,False,unknown
fd-k9,92cd3a81c7a8d066e517a50932fe85424de7752cb72e76032174d53ec36a2741,manager-interface-prerequisite,connectivity,android/net/IConnectivityManager,definition-absent,yes-static,37,4,unresolvable-in-scanned-inputs,fd-k9-evidence.json#/rows/1287,True,False
fd-k9,92cd3a81c7a8d066e517a50932fe85424de7752cb72e76032174d53ec36a2741,service-call,accessibility,,unknown,yes-static,19,3,unknown,fd-k9-evidence.json#/rows/1294,False,False
fd-k9,92cd3a81c7a8d066e517a50932fe85424de7752cb72e76032174d53ec36a2741,service-call,activity,,unknown,yes-static,6,3,unknown,fd-k9-evidence.json#/rows/1295,False,False
fd-k9,92cd3a81c7a8d066e517a50932fe85424de7752cb72e76032174d53ec36a2741,service-call,biometric,,unknown,unknown,1,0,unknown,fd-k9-evidence.json#/rows/1296,False,False
fd-k9,92cd3a81c7a8d066e517a50932fe85424de7752cb72e76032174d53ec36a2741,service-call,camera,,unknown,unknown,4,0,unknown,fd-k9-evidence.json#/rows/1297,False,False
fd-k9,92cd3a81c7a8d066e517a50932fe85424de7752cb72e76032174d53ec36a2741,service-call,display,,unknown,unknown,2,0,unknown,fd-k9-evidence.json#/rows/1298,False,False
fd-k9,92cd3a81c7a8d066e517a50932fe85424de7752cb72e76032174d53ec36a2741,service-call,download,,unknown,unknown,1,0,unknown,fd-k9-evidence.json#/rows/1299,False,False
fd-k9,92cd3a81c7a8d066e517a50932fe85424de7752cb72e76032174d53ec36a2741,service-call,input_method,,unknown,yes-static,20,1,unknown,fd-k9-evidence.json#/rows/1300,False,False
fd-k9,92cd3a81c7a8d066e517a50932fe85424de7752cb72e76032174d53ec36a2741,service-call,keyguard,,unknown,unknown,1,0,unknown,fd-k9-evidence.json#/rows/1301,False,False
fd-k9,92cd3a81c7a8d066e517a50932fe85424de7752cb72e76032174d53ec36a2741,service-call,layout_inflater,,unknown,unknown,6,0,unknown,fd-k9-evidence.json#/rows/1302,False,False
fd-k9,92cd3a81c7a8d066e517a50932fe85424de7752cb72e76032174d53ec36a2741,service-call,unknown,,unknown,yes-static,33,7,unknown,fd-k9-evidence.json#/rows/1303,False,False
fd-k9,92cd3a81c7a8d066e517a50932fe85424de7752cb72e76032174d53ec36a2741,service-call,user,,unknown,unknown,1,0,unknown,fd-k9-evidence.json#/rows/1304,False,False
fd-k9,92cd3a81c7a8d066e517a50932fe85424de7752cb72e76032174d53ec36a2741,service-call,window,,unknown,yes-static,11,1,unknown,fd-k9-evidence.json#/rows/1305,False,False
fd-k9,92cd3a81c7a8d066e517a50932fe85424de7752cb72e76032174d53ec36a2741,service-interface-prerequisite,connectivity,android/net/IConnectivityManager,definition-absent,yes-static,5,3,unresolvable-in-scanned-inputs,fd-k9-evidence.json#/rows/1310,True,False
fd-kitchenowl,c7fbb7a62636fc74f33ce443e4a844979782fd5ff3616d4c9cf80e0cf93645e1,direct-framework-reference,,javax/xml/stream/XMLInputFactory,definition-absent,unknown,5,0,unresolvable-in-scanned-inputs,fd-kitchenowl-evidence.json#/rows/745,False,unknown
fd-kitchenowl,c7fbb7a62636fc74f33ce443e4a844979782fd5ff3616d4c9cf80e0cf93645e1,service-call,accessibility,,unknown,yes-static,3,1,unknown,fd-kitchenowl-evidence.json#/rows/1211,False,False
fd-kitchenowl,c7fbb7a62636fc74f33ce443e4a844979782fd5ff3616d4c9cf80e0cf93645e1,service-call,activity,,unknown,yes-static,3,1,unknown,fd-kitchenowl-evidence.json#/rows/1212,False,False
fd-kitchenowl,c7fbb7a62636fc74f33ce443e4a844979782fd5ff3616d4c9cf80e0cf93645e1,service-call,display,,unknown,yes-static,5,1,unknown,fd-kitchenowl-evidence.json#/rows/1213,False,False
fd-kitchenowl,c7fbb7a62636fc74f33ce443e4a844979782fd5ff3616d4c9cf80e0cf93645e1,service-call,input_method,,unknown,yes-static,5,1,unknown,fd-kitchenowl-evidence.json#/rows/1214,False,False
fd-kitchenowl,c7fbb7a62636fc74f33ce443e4a844979782fd5ff3616d4c9cf80e0cf93645e1,service-call,keyguard,,unknown,unknown,2,0,unknown,fd-kitchenowl-evidence.json#/rows/1215,False,False
fd-kitchenowl,c7fbb7a62636fc74f33ce443e4a844979782fd5ff3616d4c9cf80e0cf93645e1,service-call,layout_inflater,,unknown,unknown,1,0,unknown,fd-kitchenowl-evidence.json#/rows/1216,False,False
fd-kitchenowl,c7fbb7a62636fc74f33ce443e4a844979782fd5ff3616d4c9cf80e0cf93645e1,service-call,textservices,,unknown,yes-static,1,1,unknown,fd-kitchenowl-evidence.json#/rows/1217,False,False
fd-kitchenowl,c7fbb7a62636fc74f33ce443e4a844979782fd5ff3616d4c9cf80e0cf93645e1,service-call,unknown,,unknown,yes-static,15,1,unknown,fd-kitchenowl-evidence.json#/rows/1218,False,False
fd-kitchenowl,c7fbb7a62636fc74f33ce443e4a844979782fd5ff3616d4c9cf80e0cf93645e1,service-call,window,,unknown,yes-static,9,3,unknown,fd-kitchenowl-evidence.json#/rows/1219,False,False
fd-libre,25f986a8cae2c2086c939b0ca17f10d1cafdf82e7db20679810cb93018e6a39a,direct-framework-reference,,android/bluetooth/BluetoothAdapter,definition-absent,unknown,1,0,unresolvable-in-scanned-inputs,fd-libre-evidence.json#/rows/57,False,unknown
fd-libre,25f986a8cae2c2086c939b0ca17f10d1cafdf82e7db20679810cb93018e6a39a,direct-framework-reference,,android/bluetooth/BluetoothManager,definition-absent,unknown,1,0,unresolvable-in-scanned-inputs,fd-libre-evidence.json#/rows/58,False,unknown
fd-libre,25f986a8cae2c2086c939b0ca17f10d1cafdf82e7db20679810cb93018e6a39a,direct-framework-reference,,android/net/DhcpInfo,definition-absent,unknown,1,0,unresolvable-in-scanned-inputs,fd-libre-evidence.json#/rows/280,False,unknown
fd-libre,25f986a8cae2c2086c939b0ca17f10d1cafdf82e7db20679810cb93018e6a39a,direct-framework-reference,,android/provider/MediaStore$Downloads,definition-absent,unknown,1,0,unresolvable-in-scanned-inputs,fd-libre-evidence.json#/rows/354,False,unknown
fd-libre,25f986a8cae2c2086c939b0ca17f10d1cafdf82e7db20679810cb93018e6a39a,direct-framework-reference,,android/provider/MediaStore$Video$Thumbnails,definition-absent,unknown,2,0,unresolvable-in-scanned-inputs,fd-libre-evidence.json#/rows/358,False,unknown
fd-libre,25f986a8cae2c2086c939b0ca17f10d1cafdf82e7db20679810cb93018e6a39a,direct-framework-reference,,android/view/ScrollFeedbackProvider,definition-absent,unknown,3,0,unresolvable-in-scanned-inputs,fd-libre-evidence.json#/rows/488,False,unknown
fd-libre,25f986a8cae2c2086c939b0ca17f10d1cafdf82e7db20679810cb93018e6a39a,manager-interface-prerequisite,connectivity,android/net/IConnectivityManager,definition-absent,yes-static,27,1,unresolvable-in-scanned-inputs,fd-libre-evidence.json#/rows/952,True,False
fd-libre,25f986a8cae2c2086c939b0ca17f10d1cafdf82e7db20679810cb93018e6a39a,service-call,accessibility,,unknown,unknown,5,0,unknown,fd-libre-evidence.json#/rows/959,False,False
fd-libre,25f986a8cae2c2086c939b0ca17f10d1cafdf82e7db20679810cb93018e6a39a,service-call,activity,,unknown,yes-static,6,2,unknown,fd-libre-evidence.json#/rows/960,False,False
fd-libre,25f986a8cae2c2086c939b0ca17f10d1cafdf82e7db20679810cb93018e6a39a,service-call,biometric,,unknown,unknown,1,0,unknown,fd-libre-evidence.json#/rows/961,False,False
fd-libre,25f986a8cae2c2086c939b0ca17f10d1cafdf82e7db20679810cb93018e6a39a,service-call,bluetooth,,unknown,unknown,1,0,unknown,fd-libre-evidence.json#/rows/962,False,False
fd-libre,25f986a8cae2c2086c939b0ca17f10d1cafdf82e7db20679810cb93018e6a39a,service-call,crossprofileapps,,unknown,unknown,3,0,unknown,fd-libre-evidence.json#/rows/963,False,False
fd-libre,25f986a8cae2c2086c939b0ca17f10d1cafdf82e7db20679810cb93018e6a39a,service-call,display,,unknown,yes-static,2,1,unknown,fd-libre-evidence.json#/rows/964,False,False
fd-libre,25f986a8cae2c2086c939b0ca17f10d1cafdf82e7db20679810cb93018e6a39a,service-call,input_method,,unknown,unknown,6,0,unknown,fd-libre-evidence.json#/rows/965,False,False
fd-libre,25f986a8cae2c2086c939b0ca17f10d1cafdf82e7db20679810cb93018e6a39a,service-call,keyguard,,unknown,unknown,3,0,unknown,fd-libre-evidence.json#/rows/966,False,False
fd-libre,25f986a8cae2c2086c939b0ca17f10d1cafdf82e7db20679810cb93018e6a39a,service-call,layout_inflater,,unknown,unknown,1,0,unknown,fd-libre-evidence.json#/rows/967,False,False
fd-libre,25f986a8cae2c2086c939b0ca17f10d1cafdf82e7db20679810cb93018e6a39a,service-call,phone,,unknown,unknown,1,0,unknown,fd-libre-evidence.json#/rows/968,False,False
fd-libre,25f986a8cae2c2086c939b0ca17f10d1cafdf82e7db20679810cb93018e6a39a,service-call,print,,unknown,unknown,1,0,unknown,fd-libre-evidence.json#/rows/969,False,False
fd-libre,25f986a8cae2c2086c939b0ca17f10d1cafdf82e7db20679810cb93018e6a39a,service-call,sensor,,unknown,unknown,1,0,unknown,fd-libre-evidence.json#/rows/970,False,False
fd-libre,25f986a8cae2c2086c939b0ca17f10d1cafdf82e7db20679810cb93018e6a39a,service-call,storage,,unknown,yes-static,6,4,unknown,fd-libre-evidence.json#/rows/971,False,False
fd-libre,25f986a8cae2c2086c939b0ca17f10d1cafdf82e7db20679810cb93018e6a39a,service-call,textservices,,unknown,unknown,1,0,unknown,fd-libre-evidence.json#/rows/972,False,False
fd-libre,25f986a8cae2c2086c939b0ca17f10d1cafdf82e7db20679810cb93018e6a39a,service-call,unknown,,unknown,yes-static,29,1,unknown,fd-libre-evidence.json#/rows/973,False,False
fd-libre,25f986a8cae2c2086c939b0ca17f10d1cafdf82e7db20679810cb93018e6a39a,service-call,user,,unknown,unknown,1,0,unknown,fd-libre-evidence.json#/rows/974,False,False
fd-libre,25f986a8cae2c2086c939b0ca17f10d1cafdf82e7db20679810cb93018e6a39a,service-call,wifi,,unknown,unknown,1,0,unknown,fd-libre-evidence.json#/rows/975,False,False
fd-libre,25f986a8cae2c2086c939b0ca17f10d1cafdf82e7db20679810cb93018e6a39a,service-call,window,,unknown,yes-static,14,3,unknown,fd-libre-evidence.json#/rows/976,False,False
fd-libre,25f986a8cae2c2086c939b0ca17f10d1cafdf82e7db20679810cb93018e6a39a,service-interface-prerequisite,connectivity,android/net/IConnectivityManager,definition-absent,unknown,5,0,unresolvable-in-scanned-inputs,fd-libre-evidence.json#/rows/980,True,False
fd-minetest,87a136d408ed560d3d56e55ca2ac780deb7a8941635b16960c88831fb33f9233,direct-framework-reference,,android/bluetooth/BluetoothAdapter,definition-absent,unknown,1,0,unresolvable-in-scanned-inputs,fd-minetest-evidence.json#/rows/74,False,unknown
fd-minetest,87a136d408ed560d3d56e55ca2ac780deb7a8941635b16960c88831fb33f9233,direct-framework-reference,,android/bluetooth/BluetoothGatt,definition-absent,unknown,23,0,unresolvable-in-scanned-inputs,fd-minetest-evidence.json#/rows/76,False,unknown
fd-minetest,87a136d408ed560d3d56e55ca2ac780deb7a8941635b16960c88831fb33f9233,direct-framework-reference,,android/bluetooth/BluetoothGattCallback,definition-absent,unknown,3,0,unresolvable-in-scanned-inputs,fd-minetest-evidence.json#/rows/77,False,unknown
fd-minetest,87a136d408ed560d3d56e55ca2ac780deb7a8941635b16960c88831fb33f9233,direct-framework-reference,,android/bluetooth/BluetoothGattCharacteristic,definition-absent,unknown,7,0,unresolvable-in-scanned-inputs,fd-minetest-evidence.json#/rows/78,False,unknown
fd-minetest,87a136d408ed560d3d56e55ca2ac780deb7a8941635b16960c88831fb33f9233,direct-framework-reference,,android/bluetooth/BluetoothGattDescriptor,definition-absent,unknown,3,0,unresolvable-in-scanned-inputs,fd-minetest-evidence.json#/rows/79,False,unknown
fd-minetest,87a136d408ed560d3d56e55ca2ac780deb7a8941635b16960c88831fb33f9233,direct-framework-reference,,android/bluetooth/BluetoothGattService,definition-absent,unknown,3,0,unresolvable-in-scanned-inputs,fd-minetest-evidence.json#/rows/80,False,unknown
fd-minetest,87a136d408ed560d3d56e55ca2ac780deb7a8941635b16960c88831fb33f9233,direct-framework-reference,,android/bluetooth/BluetoothManager,definition-absent,unknown,4,0,unresolvable-in-scanned-inputs,fd-minetest-evidence.json#/rows/81,False,unknown
fd-minetest,87a136d408ed560d3d56e55ca2ac780deb7a8941635b16960c88831fb33f9233,direct-framework-reference,,android/net/nsd/NsdManager,definition-absent,unknown,1,0,unresolvable-in-scanned-inputs,fd-minetest-evidence.json#/rows/271,False,unknown
fd-minetest,87a136d408ed560d3d56e55ca2ac780deb7a8941635b16960c88831fb33f9233,direct-framework-reference,,android/net/wifi/p2p/WifiP2pManager,definition-absent,unknown,1,0,unresolvable-in-scanned-inputs,fd-minetest-evidence.json#/rows/273,False,unknown
fd-minetest,87a136d408ed560d3d56e55ca2ac780deb7a8941635b16960c88831fb33f9233,direct-framework-reference,,java/lang/instrument/ClassFileTransformer,definition-absent,unknown,1,0,unresolvable-in-scanned-inputs,fd-minetest-evidence.json#/rows/698,False,unknown
fd-minetest,87a136d408ed560d3d56e55ca2ac780deb7a8941635b16960c88831fb33f9233,direct-framework-reference,,java/lang/instrument/Instrumentation,definition-absent,unknown,1,0,unresolvable-in-scanned-inputs,fd-minetest-evidence.json#/rows/699,False,unknown
fd-minetest,87a136d408ed560d3d56e55ca2ac780deb7a8941635b16960c88831fb33f9233,manager-interface-prerequisite,connectivity,android/net/IConnectivityManager,definition-absent,unknown,6,0,unresolvable-in-scanned-inputs,fd-minetest-evidence.json#/rows/881,True,False
fd-minetest,87a136d408ed560d3d56e55ca2ac780deb7a8941635b16960c88831fb33f9233,service-call,accessibility,,unknown,yes-static,3,1,unknown,fd-minetest-evidence.json#/rows/888,False,False
fd-minetest,87a136d408ed560d3d56e55ca2ac780deb7a8941635b16960c88831fb33f9233,service-call,activity,,unknown,unknown,2,0,unknown,fd-minetest-evidence.json#/rows/889,False,False
fd-minetest,87a136d408ed560d3d56e55ca2ac780deb7a8941635b16960c88831fb33f9233,service-call,bluetooth,,unknown,unknown,2,0,unknown,fd-minetest-evidence.json#/rows/890,False,False
fd-minetest,87a136d408ed560d3d56e55ca2ac780deb7a8941635b16960c88831fb33f9233,service-call,display,,unknown,unknown,3,0,unknown,fd-minetest-evidence.json#/rows/891,False,False
fd-minetest,87a136d408ed560d3d56e55ca2ac780deb7a8941635b16960c88831fb33f9233,service-call,fingerprint,,unknown,unknown,2,0,unknown,fd-minetest-evidence.json#/rows/892,False,False
fd-minetest,87a136d408ed560d3d56e55ca2ac780deb7a8941635b16960c88831fb33f9233,service-call,input_method,,unknown,unknown,12,0,unknown,fd-minetest-evidence.json#/rows/893,False,False
fd-minetest,87a136d408ed560d3d56e55ca2ac780deb7a8941635b16960c88831fb33f9233,service-call,layout_inflater,,unknown,unknown,4,0,unknown,fd-minetest-evidence.json#/rows/894,False,False
fd-minetest,87a136d408ed560d3d56e55ca2ac780deb7a8941635b16960c88831fb33f9233,service-call,sensor,,unknown,unknown,1,0,unknown,fd-minetest-evidence.json#/rows/895,False,False
fd-minetest,87a136d408ed560d3d56e55ca2ac780deb7a8941635b16960c88831fb33f9233,service-call,unknown,,unknown,unknown,9,0,unknown,fd-minetest-evidence.json#/rows/896,False,False
fd-minetest,87a136d408ed560d3d56e55ca2ac780deb7a8941635b16960c88831fb33f9233,service-call,usb,,unknown,unknown,1,0,unknown,fd-minetest-evidence.json#/rows/897,False,False
fd-minetest,87a136d408ed560d3d56e55ca2ac780deb7a8941635b16960c88831fb33f9233,service-call,user,,unknown,unknown,1,0,unknown,fd-minetest-evidence.json#/rows/898,False,False
fd-minetest,87a136d408ed560d3d56e55ca2ac780deb7a8941635b16960c88831fb33f9233,service-call,vibrator,,unknown,unknown,1,0,unknown,fd-minetest-evidence.json#/rows/899,False,False
fd-minetest,87a136d408ed560d3d56e55ca2ac780deb7a8941635b16960c88831fb33f9233,service-call,window,,unknown,yes-static,7,1,unknown,fd-minetest-evidence.json#/rows/900,False,False
fd-mobile,f9f4b3ab46cc9434df811194c2d4351417f4db83a4c1a0facd0a662d69533f7f,direct-framework-reference,,android/bluetooth/BluetoothManager,definition-absent,unknown,1,0,unresolvable-in-scanned-inputs,fd-mobile-evidence.json#/rows/62,False,unknown
fd-mobile,f9f4b3ab46cc9434df811194c2d4351417f4db83a4c1a0facd0a662d69533f7f,direct-framework-reference,,android/media/LoudnessCodecController,definition-absent,unknown,4,0,unresolvable-in-scanned-inputs,fd-mobile-evidence.json#/rows/255,False,unknown
fd-mobile,f9f4b3ab46cc9434df811194c2d4351417f4db83a4c1a0facd0a662d69533f7f,direct-framework-reference,,android/media/LoudnessCodecController$OnLoudnessCodecUpdateListener,definition-absent,unknown,1,0,unresolvable-in-scanned-inputs,fd-mobile-evidence.json#/rows/256,False,unknown
fd-mobile,f9f4b3ab46cc9434df811194c2d4351417f4db83a4c1a0facd0a662d69533f7f,direct-framework-reference,,android/net/nsd/NsdManager,definition-absent,unknown,1,0,unresolvable-in-scanned-inputs,fd-mobile-evidence.json#/rows/335,False,unknown
fd-mobile,f9f4b3ab46cc9434df811194c2d4351417f4db83a4c1a0facd0a662d69533f7f,direct-framework-reference,,android/net/ssl/SSLSockets,definition-absent,unknown,2,0,unresolvable-in-scanned-inputs,fd-mobile-evidence.json#/rows/336,False,unknown
fd-mobile,f9f4b3ab46cc9434df811194c2d4351417f4db83a4c1a0facd0a662d69533f7f,direct-framework-reference,,android/net/wifi/WifiManager$WifiLock,definition-absent,unknown,1,0,unresolvable-in-scanned-inputs,fd-mobile-evidence.json#/rows/338,False,unknown
fd-mobile,f9f4b3ab46cc9434df811194c2d4351417f4db83a4c1a0facd0a662d69533f7f,direct-framework-reference,,android/net/wifi/p2p/WifiP2pManager,definition-absent,unknown,1,0,unresolvable-in-scanned-inputs,fd-mobile-evidence.json#/rows/339,False,unknown
fd-mobile,f9f4b3ab46cc9434df811194c2d4351417f4db83a4c1a0facd0a662d69533f7f,direct-framework-reference,,android/view/DisplayListCanvas,definition-absent,unknown,4,0,unresolvable-in-scanned-inputs,fd-mobile-evidence.json#/rows/520,False,unknown
fd-mobile,f9f4b3ab46cc9434df811194c2d4351417f4db83a4c1a0facd0a662d69533f7f,direct-framework-reference,,android/view/HardwareCanvas,definition-absent,yes-static,1,1,unresolvable-in-scanned-inputs,fd-mobile-evidence.json#/rows/528,False,unknown
fd-mobile,f9f4b3ab46cc9434df811194c2d4351417f4db83a4c1a0facd0a662d69533f7f,direct-framework-reference,,android/view/RenderNode,definition-absent,yes-static,67,15,unresolvable-in-scanned-inputs,fd-mobile-evidence.json#/rows/551,False,unknown
fd-mobile,f9f4b3ab46cc9434df811194c2d4351417f4db83a4c1a0facd0a662d69533f7f,direct-framework-reference,,android/view/ScrollFeedbackProvider,definition-absent,unknown,3,0,unresolvable-in-scanned-inputs,fd-mobile-evidence.json#/rows/558,False,unknown
fd-mobile,f9f4b3ab46cc9434df811194c2d4351417f4db83a4c1a0facd0a662d69533f7f,manager-interface-prerequisite,connectivity,android/net/IConnectivityManager,definition-absent,unknown,24,0,unresolvable-in-scanned-inputs,fd-mobile-evidence.json#/rows/1110,True,False
fd-mobile,f9f4b3ab46cc9434df811194c2d4351417f4db83a4c1a0facd0a662d69533f7f,service-call,accessibility,,unknown,yes-static,8,1,unknown,fd-mobile-evidence.json#/rows/1117,False,False
fd-mobile,f9f4b3ab46cc9434df811194c2d4351417f4db83a4c1a0facd0a662d69533f7f,service-call,activity,,unknown,unknown,3,0,unknown,fd-mobile-evidence.json#/rows/1118,False,False
fd-mobile,f9f4b3ab46cc9434df811194c2d4351417f4db83a4c1a0facd0a662d69533f7f,service-call,captioning,,unknown,unknown,3,0,unknown,fd-mobile-evidence.json#/rows/1119,False,False
fd-mobile,f9f4b3ab46cc9434df811194c2d4351417f4db83a4c1a0facd0a662d69533f7f,service-call,display,,unknown,unknown,3,0,unknown,fd-mobile-evidence.json#/rows/1120,False,False
fd-mobile,f9f4b3ab46cc9434df811194c2d4351417f4db83a4c1a0facd0a662d69533f7f,service-call,input_method,,unknown,unknown,7,0,unknown,fd-mobile-evidence.json#/rows/1121,False,False
fd-mobile,f9f4b3ab46cc9434df811194c2d4351417f4db83a4c1a0facd0a662d69533f7f,service-call,layout_inflater,,unknown,yes-static,1,1,unknown,fd-mobile-evidence.json#/rows/1122,False,False
fd-mobile,f9f4b3ab46cc9434df811194c2d4351417f4db83a4c1a0facd0a662d69533f7f,service-call,media_metrics,,unknown,unknown,1,0,unknown,fd-mobile-evidence.json#/rows/1123,False,False
fd-mobile,f9f4b3ab46cc9434df811194c2d4351417f4db83a4c1a0facd0a662d69533f7f,service-call,phone,,unknown,unknown,1,0,unknown,fd-mobile-evidence.json#/rows/1124,False,False
fd-mobile,f9f4b3ab46cc9434df811194c2d4351417f4db83a4c1a0facd0a662d69533f7f,service-call,sensor,,unknown,unknown,1,0,unknown,fd-mobile-evidence.json#/rows/1125,False,False
fd-mobile,f9f4b3ab46cc9434df811194c2d4351417f4db83a4c1a0facd0a662d69533f7f,service-call,unknown,,unknown,yes-static,21,4,unknown,fd-mobile-evidence.json#/rows/1126,False,False
fd-mobile,f9f4b3ab46cc9434df811194c2d4351417f4db83a4c1a0facd0a662d69533f7f,service-call,user,,unknown,unknown,1,0,unknown,fd-mobile-evidence.json#/rows/1127,False,False
fd-mobile,f9f4b3ab46cc9434df811194c2d4351417f4db83a4c1a0facd0a662d69533f7f,service-call,vibrator,,unknown,unknown,1,0,unknown,fd-mobile-evidence.json#/rows/1128,False,False
fd-mobile,f9f4b3ab46cc9434df811194c2d4351417f4db83a4c1a0facd0a662d69533f7f,service-call,wifi,,unknown,unknown,1,0,unknown,fd-mobile-evidence.json#/rows/1129,False,False
fd-mobile,f9f4b3ab46cc9434df811194c2d4351417f4db83a4c1a0facd0a662d69533f7f,service-call,window,,unknown,yes-static,7,1,unknown,fd-mobile-evidence.json#/rows/1130,False,False
fd-mobile,f9f4b3ab46cc9434df811194c2d4351417f4db83a4c1a0facd0a662d69533f7f,service-interface-prerequisite,connectivity,android/net/IConnectivityManager,definition-absent,unknown,3,0,unresolvable-in-scanned-inputs,fd-mobile-evidence.json#/rows/1135,True,False
fd-saber,5e2e3691288fdac77f988bbe26a3c557942b4fd5b4151f37ef0b8f6352127092,direct-framework-reference,,android/bluetooth/BluetoothAdapter,definition-absent,unknown,1,0,unresolvable-in-scanned-inputs,fd-saber-evidence.json#/rows/45,False,unknown
fd-saber,5e2e3691288fdac77f988bbe26a3c557942b4fd5b4151f37ef0b8f6352127092,direct-framework-reference,,android/bluetooth/BluetoothManager,definition-absent,unknown,1,0,unresolvable-in-scanned-inputs,fd-saber-evidence.json#/rows/46,False,unknown
fd-saber,5e2e3691288fdac77f988bbe26a3c557942b4fd5b4151f37ef0b8f6352127092,direct-framework-reference,,android/provider/MediaStore$Downloads,definition-absent,unknown,2,0,unresolvable-in-scanned-inputs,fd-saber-evidence.json#/rows/270,False,unknown
fd-saber,5e2e3691288fdac77f988bbe26a3c557942b4fd5b4151f37ef0b8f6352127092,direct-framework-reference,,android/view/ScrollFeedbackProvider,definition-absent,unknown,3,0,unresolvable-in-scanned-inputs,fd-saber-evidence.json#/rows/377,False,unknown
fd-saber,5e2e3691288fdac77f988bbe26a3c557942b4fd5b4151f37ef0b8f6352127092,manager-interface-prerequisite,connectivity,android/net/IConnectivityManager,definition-absent,unknown,12,0,unresolvable-in-scanned-inputs,fd-saber-evidence.json#/rows/766,True,False
fd-saber,5e2e3691288fdac77f988bbe26a3c557942b4fd5b4151f37ef0b8f6352127092,service-call,accessibility,,unknown,yes-static,9,1,unknown,fd-saber-evidence.json#/rows/772,False,False
fd-saber,5e2e3691288fdac77f988bbe26a3c557942b4fd5b4151f37ef0b8f6352127092,service-call,activity,,unknown,yes-static,5,1,unknown,fd-saber-evidence.json#/rows/773,False,False
fd-saber,5e2e3691288fdac77f988bbe26a3c557942b4fd5b4151f37ef0b8f6352127092,service-call,display,,unknown,yes-static,2,1,unknown,fd-saber-evidence.json#/rows/774,False,False
fd-saber,5e2e3691288fdac77f988bbe26a3c557942b4fd5b4151f37ef0b8f6352127092,service-call,input_method,,unknown,yes-static,6,1,unknown,fd-saber-evidence.json#/rows/775,False,False
fd-saber,5e2e3691288fdac77f988bbe26a3c557942b4fd5b4151f37ef0b8f6352127092,service-call,keyguard,,unknown,unknown,2,0,unknown,fd-saber-evidence.json#/rows/776,False,False
fd-saber,5e2e3691288fdac77f988bbe26a3c557942b4fd5b4151f37ef0b8f6352127092,service-call,print,,unknown,unknown,1,0,unknown,fd-saber-evidence.json#/rows/777,False,False
fd-saber,5e2e3691288fdac77f988bbe26a3c557942b4fd5b4151f37ef0b8f6352127092,service-call,textservices,,unknown,yes-static,1,1,unknown,fd-saber-evidence.json#/rows/778,False,False
fd-saber,5e2e3691288fdac77f988bbe26a3c557942b4fd5b4151f37ef0b8f6352127092,service-call,unknown,,unknown,yes-static,25,1,unknown,fd-saber-evidence.json#/rows/779,False,False
fd-saber,5e2e3691288fdac77f988bbe26a3c557942b4fd5b4151f37ef0b8f6352127092,service-call,user,,unknown,unknown,1,0,unknown,fd-saber-evidence.json#/rows/780,False,False
fd-saber,5e2e3691288fdac77f988bbe26a3c557942b4fd5b4151f37ef0b8f6352127092,service-call,window,,unknown,yes-static,9,3,unknown,fd-saber-evidence.json#/rows/781,False,False
fd-saber,5e2e3691288fdac77f988bbe26a3c557942b4fd5b4151f37ef0b8f6352127092,service-interface-prerequisite,connectivity,android/net/IConnectivityManager,definition-absent,unknown,2,0,unresolvable-in-scanned-inputs,fd-saber-evidence.json#/rows/784,True,False
fd-stk,4a01fa9b566a694f0576d86ef84cc867c7dc37ef446e7cbbbb2449e7bbb9d3c6,direct-framework-reference,,android/bluetooth/BluetoothAdapter,definition-absent,unknown,1,0,unresolvable-in-scanned-inputs,fd-stk-evidence.json#/rows/7,False,unknown
fd-stk,4a01fa9b566a694f0576d86ef84cc867c7dc37ef446e7cbbbb2449e7bbb9d3c6,direct-framework-reference,,android/bluetooth/BluetoothGatt,definition-absent,unknown,22,0,unresolvable-in-scanned-inputs,fd-stk-evidence.json#/rows/9,False,unknown
fd-stk,4a01fa9b566a694f0576d86ef84cc867c7dc37ef446e7cbbbb2449e7bbb9d3c6,direct-framework-reference,,android/bluetooth/BluetoothGattCallback,definition-absent,unknown,2,0,unresolvable-in-scanned-inputs,fd-stk-evidence.json#/rows/10,False,unknown
fd-stk,4a01fa9b566a694f0576d86ef84cc867c7dc37ef446e7cbbbb2449e7bbb9d3c6,direct-framework-reference,,android/bluetooth/BluetoothGattCharacteristic,definition-absent,unknown,7,0,unresolvable-in-scanned-inputs,fd-stk-evidence.json#/rows/11,False,unknown
fd-stk,4a01fa9b566a694f0576d86ef84cc867c7dc37ef446e7cbbbb2449e7bbb9d3c6,direct-framework-reference,,android/bluetooth/BluetoothGattDescriptor,definition-absent,unknown,3,0,unresolvable-in-scanned-inputs,fd-stk-evidence.json#/rows/12,False,unknown
fd-stk,4a01fa9b566a694f0576d86ef84cc867c7dc37ef446e7cbbbb2449e7bbb9d3c6,direct-framework-reference,,android/bluetooth/BluetoothGattService,definition-absent,unknown,3,0,unresolvable-in-scanned-inputs,fd-stk-evidence.json#/rows/13,False,unknown
fd-stk,4a01fa9b566a694f0576d86ef84cc867c7dc37ef446e7cbbbb2449e7bbb9d3c6,direct-framework-reference,,android/bluetooth/BluetoothManager,definition-absent,unknown,3,0,unresolvable-in-scanned-inputs,fd-stk-evidence.json#/rows/14,False,unknown
fd-stk,4a01fa9b566a694f0576d86ef84cc867c7dc37ef446e7cbbbb2449e7bbb9d3c6,service-call,bluetooth,,unknown,unknown,2,0,unknown,fd-stk-evidence.json#/rows/238,False,False
fd-stk,4a01fa9b566a694f0576d86ef84cc867c7dc37ef446e7cbbbb2449e7bbb9d3c6,service-call,input_method,,unknown,unknown,6,0,unknown,fd-stk-evidence.json#/rows/239,False,False
fd-stk,4a01fa9b566a694f0576d86ef84cc867c7dc37ef446e7cbbbb2449e7bbb9d3c6,service-call,sensor,,unknown,yes-static,1,1,unknown,fd-stk-evidence.json#/rows/240,False,False
fd-stk,4a01fa9b566a694f0576d86ef84cc867c7dc37ef446e7cbbbb2449e7bbb9d3c6,service-call,usb,,unknown,unknown,1,0,unknown,fd-stk-evidence.json#/rows/241,False,False
fd-stk,4a01fa9b566a694f0576d86ef84cc867c7dc37ef446e7cbbbb2449e7bbb9d3c6,service-call,vibrator,,unknown,unknown,1,0,unknown,fd-stk-evidence.json#/rows/242,False,False
fd-stk,4a01fa9b566a694f0576d86ef84cc867c7dc37ef446e7cbbbb2449e7bbb9d3c6,service-call,window,,unknown,yes-static,4,3,unknown,fd-stk-evidence.json#/rows/243,False,False
localsend,82ec3568fba2aa5295b9aae8b76f701d7a4703d86b9f8bad749472038fbaeab3,direct-framework-reference,,android/bluetooth/BluetoothAdapter,definition-absent,unknown,1,0,unresolvable-in-scanned-inputs,localsend-evidence.json#/rows/47,False,unknown
localsend,82ec3568fba2aa5295b9aae8b76f701d7a4703d86b9f8bad749472038fbaeab3,direct-framework-reference,,android/bluetooth/BluetoothManager,definition-absent,unknown,1,0,unresolvable-in-scanned-inputs,localsend-evidence.json#/rows/48,False,unknown
localsend,82ec3568fba2aa5295b9aae8b76f701d7a4703d86b9f8bad749472038fbaeab3,direct-framework-reference,,android/media/LoudnessCodecController,definition-absent,unknown,9,0,unresolvable-in-scanned-inputs,localsend-evidence.json#/rows/207,False,unknown
localsend,82ec3568fba2aa5295b9aae8b76f701d7a4703d86b9f8bad749472038fbaeab3,direct-framework-reference,,android/net/DhcpInfo,definition-absent,unknown,1,0,unresolvable-in-scanned-inputs,localsend-evidence.json#/rows/255,False,unknown
localsend,82ec3568fba2aa5295b9aae8b76f701d7a4703d86b9f8bad749472038fbaeab3,direct-framework-reference,,android/net/wifi/WifiManager$WifiLock,definition-absent,unknown,2,0,unresolvable-in-scanned-inputs,localsend-evidence.json#/rows/266,False,unknown
localsend,82ec3568fba2aa5295b9aae8b76f701d7a4703d86b9f8bad749472038fbaeab3,direct-framework-reference,,android/provider/MediaStore$Video$Thumbnails,definition-absent,unknown,1,0,unresolvable-in-scanned-inputs,localsend-evidence.json#/rows/312,False,unknown
localsend,82ec3568fba2aa5295b9aae8b76f701d7a4703d86b9f8bad749472038fbaeab3,direct-framework-reference,,android/view/ScrollFeedbackProvider,definition-absent,unknown,3,0,unresolvable-in-scanned-inputs,localsend-evidence.json#/rows/434,False,unknown
localsend,82ec3568fba2aa5295b9aae8b76f701d7a4703d86b9f8bad749472038fbaeab3,manager-interface-prerequisite,connectivity,android/net/IConnectivityManager,definition-absent,unknown,12,0,unresolvable-in-scanned-inputs,localsend-evidence.json#/rows/840,True,False
localsend,82ec3568fba2aa5295b9aae8b76f701d7a4703d86b9f8bad749472038fbaeab3,service-call,accessibility,,unknown,yes-static,7,1,unknown,localsend-evidence.json#/rows/845,False,False
localsend,82ec3568fba2aa5295b9aae8b76f701d7a4703d86b9f8bad749472038fbaeab3,service-call,activity,,unknown,yes-static,4,1,unknown,localsend-evidence.json#/rows/846,False,False
localsend,82ec3568fba2aa5295b9aae8b76f701d7a4703d86b9f8bad749472038fbaeab3,service-call,captioning,,unknown,unknown,1,0,unknown,localsend-evidence.json#/rows/847,False,False
localsend,82ec3568fba2aa5295b9aae8b76f701d7a4703d86b9f8bad749472038fbaeab3,service-call,display,,unknown,yes-static,8,1,unknown,localsend-evidence.json#/rows/848,False,False
localsend,82ec3568fba2aa5295b9aae8b76f701d7a4703d86b9f8bad749472038fbaeab3,service-call,input_method,,unknown,yes-static,5,1,unknown,localsend-evidence.json#/rows/849,False,False
localsend,82ec3568fba2aa5295b9aae8b76f701d7a4703d86b9f8bad749472038fbaeab3,service-call,layout_inflater,,unknown,unknown,1,0,unknown,localsend-evidence.json#/rows/850,False,False
localsend,82ec3568fba2aa5295b9aae8b76f701d7a4703d86b9f8bad749472038fbaeab3,service-call,media_metrics,,unknown,unknown,1,0,unknown,localsend-evidence.json#/rows/851,False,False
localsend,82ec3568fba2aa5295b9aae8b76f701d7a4703d86b9f8bad749472038fbaeab3,service-call,phone,,unknown,unknown,1,0,unknown,localsend-evidence.json#/rows/852,False,False
localsend,82ec3568fba2aa5295b9aae8b76f701d7a4703d86b9f8bad749472038fbaeab3,service-call,textservices,,unknown,yes-static,1,1,unknown,localsend-evidence.json#/rows/853,False,False
localsend,82ec3568fba2aa5295b9aae8b76f701d7a4703d86b9f8bad749472038fbaeab3,service-call,unknown,,unknown,yes-static,30,1,unknown,localsend-evidence.json#/rows/854,False,False
localsend,82ec3568fba2aa5295b9aae8b76f701d7a4703d86b9f8bad749472038fbaeab3,service-call,wifi,,unknown,unknown,2,0,unknown,localsend-evidence.json#/rows/855,False,False
localsend,82ec3568fba2aa5295b9aae8b76f701d7a4703d86b9f8bad749472038fbaeab3,service-call,window,,unknown,yes-static,11,3,unknown,localsend-evidence.json#/rows/856,False,False
localsend,82ec3568fba2aa5295b9aae8b76f701d7a4703d86b9f8bad749472038fbaeab3,service-interface-prerequisite,connectivity,android/net/IConnectivityManager,definition-absent,unknown,3,0,unresolvable-in-scanned-inputs,localsend-evidence.json#/rows/860,True,False
mindustry,96f8dacbd2de964a26079dcd1928b3e5ca7d9b99207571acc802f7c7cff34508,direct-framework-reference,,java/lang/CharSequence$-CC,definition-absent,unknown,3,0,unresolvable-in-scanned-inputs,mindustry-evidence.json#/rows/697,False,unknown
mindustry,96f8dacbd2de964a26079dcd1928b3e5ca7d9b99207571acc802f7c7cff34508,direct-framework-reference,,java/lang/Iterable$-CC,definition-absent,unknown,90,0,unresolvable-in-scanned-inputs,mindustry-evidence.json#/rows/719,False,unknown
mindustry,96f8dacbd2de964a26079dcd1928b3e5ca7d9b99207571acc802f7c7cff34508,direct-framework-reference,,java/util/Collection$-CC,definition-absent,unknown,8,0,unresolvable-in-scanned-inputs,mindustry-evidence.json#/rows/833,False,unknown
mindustry,96f8dacbd2de964a26079dcd1928b3e5ca7d9b99207571acc802f7c7cff34508,direct-framework-reference,,java/util/Comparator$-CC,definition-absent,unknown,196,0,unresolvable-in-scanned-inputs,mindustry-evidence.json#/rows/836,False,unknown
mindustry,96f8dacbd2de964a26079dcd1928b3e5ca7d9b99207571acc802f7c7cff34508,direct-framework-reference,,java/util/Iterator$-CC,definition-absent,unknown,33,0,unresolvable-in-scanned-inputs,mindustry-evidence.json#/rows/847,False,unknown
mindustry,96f8dacbd2de964a26079dcd1928b3e5ca7d9b99207571acc802f7c7cff34508,direct-framework-reference,,java/util/List$-CC,definition-absent,unknown,22,0,unresolvable-in-scanned-inputs,mindustry-evidence.json#/rows/851,False,unknown
mindustry,96f8dacbd2de964a26079dcd1928b3e5ca7d9b99207571acc802f7c7cff34508,direct-framework-reference,,java/util/Map$-CC,definition-absent,unknown,11,0,unresolvable-in-scanned-inputs,mindustry-evidence.json#/rows/855,False,unknown
mindustry,96f8dacbd2de964a26079dcd1928b3e5ca7d9b99207571acc802f7c7cff34508,direct-framework-reference,,java/util/SequencedCollection,definition-absent,unknown,2,0,unresolvable-in-scanned-inputs,mindustry-evidence.json#/rows/862,False,unknown
mindustry,96f8dacbd2de964a26079dcd1928b3e5ca7d9b99207571acc802f7c7cff34508,direct-framework-reference,,java/util/function/Consumer$-CC,definition-absent,unknown,1,0,unresolvable-in-scanned-inputs,mindustry-evidence.json#/rows/903,False,unknown
mindustry,96f8dacbd2de964a26079dcd1928b3e5ca7d9b99207571acc802f7c7cff34508,direct-framework-reference,,java/util/zip/Checksum$-CC,definition-absent,unknown,4,0,unresolvable-in-scanned-inputs,mindustry-evidence.json#/rows/926,False,unknown
mindustry,96f8dacbd2de964a26079dcd1928b3e5ca7d9b99207571acc802f7c7cff34508,direct-framework-reference,,javax/naming/directory/DirContext,definition-absent,unknown,1,0,unresolvable-in-scanned-inputs,mindustry-evidence.json#/rows/939,False,unknown
mindustry,96f8dacbd2de964a26079dcd1928b3e5ca7d9b99207571acc802f7c7cff34508,direct-framework-reference,,javax/naming/directory/InitialDirContext,definition-absent,unknown,1,0,unresolvable-in-scanned-inputs,mindustry-evidence.json#/rows/940,False,unknown
mindustry,96f8dacbd2de964a26079dcd1928b3e5ca7d9b99207571acc802f7c7cff34508,manager-interface-prerequisite,connectivity,android/net/IConnectivityManager,definition-absent,unknown,1,0,unresolvable-in-scanned-inputs,mindustry-evidence.json#/rows/942,True,False
mindustry,96f8dacbd2de964a26079dcd1928b3e5ca7d9b99207571acc802f7c7cff34508,service-call,input_method,,unknown,unknown,1,0,unknown,mindustry-evidence.json#/rows/943,False,False
mindustry,96f8dacbd2de964a26079dcd1928b3e5ca7d9b99207571acc802f7c7cff34508,service-call,phone,,unknown,yes-static,1,1,unknown,mindustry-evidence.json#/rows/944,False,False
mindustry,96f8dacbd2de964a26079dcd1928b3e5ca7d9b99207571acc802f7c7cff34508,service-call,unknown,,unknown,yes-static,4,4,unknown,mindustry-evidence.json#/rows/945,False,False
mindustry,96f8dacbd2de964a26079dcd1928b3e5ca7d9b99207571acc802f7c7cff34508,service-call,vibrator,,unknown,yes-static,1,1,unknown,mindustry-evidence.json#/rows/946,False,False
mindustry,96f8dacbd2de964a26079dcd1928b3e5ca7d9b99207571acc802f7c7cff34508,service-call,window,,unknown,yes-static,1,1,unknown,mindustry-evidence.json#/rows/947,False,False
mindustry,96f8dacbd2de964a26079dcd1928b3e5ca7d9b99207571acc802f7c7cff34508,service-interface-prerequisite,connectivity,android/net/IConnectivityManager,definition-absent,unknown,1,0,unresolvable-in-scanned-inputs,mindustry-evidence.json#/rows/949,True,False
noice,bbb21d7321668031774b5fc2e44ce632d7b2538853e09083a258f127631e845d,direct-framework-reference,,android/bluetooth/BluetoothManager,definition-absent,unknown,1,0,unresolvable-in-scanned-inputs,noice-evidence.json#/rows/66,False,unknown
noice,bbb21d7321668031774b5fc2e44ce632d7b2538853e09083a258f127631e845d,direct-framework-reference,,android/net/nsd/NsdManager,definition-absent,unknown,1,0,unresolvable-in-scanned-inputs,noice-evidence.json#/rows/337,False,unknown
noice,bbb21d7321668031774b5fc2e44ce632d7b2538853e09083a258f127631e845d,direct-framework-reference,,android/net/ssl/SSLSockets,definition-absent,unknown,2,0,unresolvable-in-scanned-inputs,noice-evidence.json#/rows/338,False,unknown
noice,bbb21d7321668031774b5fc2e44ce632d7b2538853e09083a258f127631e845d,direct-framework-reference,,android/net/wifi/p2p/WifiP2pManager,definition-absent,unknown,1,0,unresolvable-in-scanned-inputs,noice-evidence.json#/rows/340,False,unknown
noice,bbb21d7321668031774b5fc2e44ce632d7b2538853e09083a258f127631e845d,manager-interface-prerequisite,connectivity,android/net/IConnectivityManager,definition-absent,yes-static,26,2,unresolvable-in-scanned-inputs,noice-evidence.json#/rows/1016,True,False
noice,bbb21d7321668031774b5fc2e44ce632d7b2538853e09083a258f127631e845d,service-call,accessibility,,unknown,yes-static,14,3,unknown,noice-evidence.json#/rows/1023,False,False
noice,bbb21d7321668031774b5fc2e44ce632d7b2538853e09083a258f127631e845d,service-call,activity,,unknown,yes-static,4,1,unknown,noice-evidence.json#/rows/1024,False,False
noice,bbb21d7321668031774b5fc2e44ce632d7b2538853e09083a258f127631e845d,service-call,captioning,,unknown,unknown,1,0,unknown,noice-evidence.json#/rows/1025,False,False
noice,bbb21d7321668031774b5fc2e44ce632d7b2538853e09083a258f127631e845d,service-call,display,,unknown,unknown,1,0,unknown,noice-evidence.json#/rows/1026,False,False
noice,bbb21d7321668031774b5fc2e44ce632d7b2538853e09083a258f127631e845d,service-call,input_method,,unknown,unknown,6,0,unknown,noice-evidence.json#/rows/1027,False,False
noice,bbb21d7321668031774b5fc2e44ce632d7b2538853e09083a258f127631e845d,service-call,layout_inflater,,unknown,unknown,2,0,unknown,noice-evidence.json#/rows/1028,False,False
noice,bbb21d7321668031774b5fc2e44ce632d7b2538853e09083a258f127631e845d,service-call,media_metrics,,unknown,unknown,1,0,unknown,noice-evidence.json#/rows/1029,False,False
noice,bbb21d7321668031774b5fc2e44ce632d7b2538853e09083a258f127631e845d,service-call,media_router,,unknown,unknown,1,0,unknown,noice-evidence.json#/rows/1030,False,False
noice,bbb21d7321668031774b5fc2e44ce632d7b2538853e09083a258f127631e845d,service-call,unknown,,unknown,unknown,14,0,unknown,noice-evidence.json#/rows/1031,False,False
noice,bbb21d7321668031774b5fc2e44ce632d7b2538853e09083a258f127631e845d,service-call,vibrator,,unknown,unknown,1,0,unknown,noice-evidence.json#/rows/1032,False,False
noice,bbb21d7321668031774b5fc2e44ce632d7b2538853e09083a258f127631e845d,service-call,wifi,,unknown,unknown,1,0,unknown,noice-evidence.json#/rows/1033,False,False
noice,bbb21d7321668031774b5fc2e44ce632d7b2538853e09083a258f127631e845d,service-call,window,,unknown,yes-static,6,1,unknown,noice-evidence.json#/rows/1034,False,False
noice,bbb21d7321668031774b5fc2e44ce632d7b2538853e09083a258f127631e845d,service-interface-prerequisite,connectivity,android/net/IConnectivityManager,definition-absent,yes-static,4,2,unresolvable-in-scanned-inputs,noice-evidence.json#/rows/1039,True,False
ooniprobe,7a5bc50be59ad5ed7526dd510a2128a6dc92ba08bd272e3645622783ba91a319,direct-framework-reference,,android/view/DisplayListCanvas,definition-absent,unknown,2,0,unresolvable-in-scanned-inputs,ooniprobe-evidence.json#/rows/316,False,unknown
ooniprobe,7a5bc50be59ad5ed7526dd510a2128a6dc92ba08bd272e3645622783ba91a319,direct-framework-reference,,android/view/RenderNode,definition-absent,yes-static,29,7,unresolvable-in-scanned-inputs,ooniprobe-evidence.json#/rows/336,False,unknown
ooniprobe,7a5bc50be59ad5ed7526dd510a2128a6dc92ba08bd272e3645622783ba91a319,direct-framework-reference,,android/view/ScrollFeedbackProvider,definition-absent,unknown,3,0,unresolvable-in-scanned-inputs,ooniprobe-evidence.json#/rows/341,False,unknown
ooniprobe,7a5bc50be59ad5ed7526dd510a2128a6dc92ba08bd272e3645622783ba91a319,direct-framework-reference,,java/awt/Component,definition-absent,unknown,1,0,unresolvable-in-scanned-inputs,ooniprobe-evidence.json#/rows/450,False,unknown
ooniprobe,7a5bc50be59ad5ed7526dd510a2128a6dc92ba08bd272e3645622783ba91a319,direct-framework-reference,,java/awt/GraphicsEnvironment,definition-absent,unknown,1,0,unresolvable-in-scanned-inputs,ooniprobe-evidence.json#/rows/451,False,unknown
ooniprobe,7a5bc50be59ad5ed7526dd510a2128a6dc92ba08bd272e3645622783ba91a319,direct-framework-reference,,java/awt/HeadlessException,definition-absent,unknown,1,0,unresolvable-in-scanned-inputs,ooniprobe-evidence.json#/rows/452,False,unknown
ooniprobe,7a5bc50be59ad5ed7526dd510a2128a6dc92ba08bd272e3645622783ba91a319,direct-framework-reference,,java/awt/Window,definition-absent,unknown,2,0,unresolvable-in-scanned-inputs,ooniprobe-evidence.json#/rows/453,False,unknown
ooniprobe,7a5bc50be59ad5ed7526dd510a2128a6dc92ba08bd272e3645622783ba91a319,manager-interface-prerequisite,connectivity,android/net/IConnectivityManager,definition-absent,yes-static,18,3,unresolvable-in-scanned-inputs,ooniprobe-evidence.json#/rows/745,True,False
ooniprobe,7a5bc50be59ad5ed7526dd510a2128a6dc92ba08bd272e3645622783ba91a319,service-call,accessibility,,unknown,yes-static,3,2,unknown,ooniprobe-evidence.json#/rows/750,False,False
ooniprobe,7a5bc50be59ad5ed7526dd510a2128a6dc92ba08bd272e3645622783ba91a319,service-call,activity,,unknown,unknown,3,0,unknown,ooniprobe-evidence.json#/rows/751,False,False
ooniprobe,7a5bc50be59ad5ed7526dd510a2128a6dc92ba08bd272e3645622783ba91a319,service-call,input_method,,unknown,unknown,5,0,unknown,ooniprobe-evidence.json#/rows/752,False,False
ooniprobe,7a5bc50be59ad5ed7526dd510a2128a6dc92ba08bd272e3645622783ba91a319,service-call,unknown,,unknown,yes-static,17,8,unknown,ooniprobe-evidence.json#/rows/753,False,False
ooniprobe,7a5bc50be59ad5ed7526dd510a2128a6dc92ba08bd272e3645622783ba91a319,service-call,user,,unknown,unknown,1,0,unknown,ooniprobe-evidence.json#/rows/754,False,False
ooniprobe,7a5bc50be59ad5ed7526dd510a2128a6dc92ba08bd272e3645622783ba91a319,service-call,window,,unknown,unknown,6,0,unknown,ooniprobe-evidence.json#/rows/755,False,False
ooniprobe,7a5bc50be59ad5ed7526dd510a2128a6dc92ba08bd272e3645622783ba91a319,service-interface-prerequisite,connectivity,android/net/IConnectivityManager,definition-absent,unknown,3,0,unresolvable-in-scanned-inputs,ooniprobe-evidence.json#/rows/758,True,False
opencamera,ca5672ca8c7174554ca0b07b5b26e505817a05142f571cf2abe67e790c30249c,direct-framework-reference,,android/bluetooth/BluetoothAdapter,definition-absent,unknown,9,0,unresolvable-in-scanned-inputs,opencamera-evidence.json#/rows/80,False,unknown
opencamera,ca5672ca8c7174554ca0b07b5b26e505817a05142f571cf2abe67e790c30249c,direct-framework-reference,,android/bluetooth/BluetoothGatt,definition-absent,unknown,6,0,unresolvable-in-scanned-inputs,opencamera-evidence.json#/rows/82,False,unknown
opencamera,ca5672ca8c7174554ca0b07b5b26e505817a05142f571cf2abe67e790c30249c,direct-framework-reference,,android/bluetooth/BluetoothGattCallback,definition-absent,unknown,3,0,unresolvable-in-scanned-inputs,opencamera-evidence.json#/rows/83,False,unknown
opencamera,ca5672ca8c7174554ca0b07b5b26e505817a05142f571cf2abe67e790c30249c,direct-framework-reference,,android/bluetooth/BluetoothGattCharacteristic,definition-absent,unknown,8,0,unresolvable-in-scanned-inputs,opencamera-evidence.json#/rows/84,False,unknown
opencamera,ca5672ca8c7174554ca0b07b5b26e505817a05142f571cf2abe67e790c30249c,direct-framework-reference,,android/bluetooth/BluetoothGattDescriptor,definition-absent,unknown,1,0,unresolvable-in-scanned-inputs,opencamera-evidence.json#/rows/85,False,unknown
opencamera,ca5672ca8c7174554ca0b07b5b26e505817a05142f571cf2abe67e790c30249c,direct-framework-reference,,android/bluetooth/BluetoothGattService,definition-absent,unknown,1,0,unresolvable-in-scanned-inputs,opencamera-evidence.json#/rows/86,False,unknown
opencamera,ca5672ca8c7174554ca0b07b5b26e505817a05142f571cf2abe67e790c30249c,direct-framework-reference,,android/bluetooth/BluetoothManager,definition-absent,unknown,3,0,unresolvable-in-scanned-inputs,opencamera-evidence.json#/rows/87,False,unknown
opencamera,ca5672ca8c7174554ca0b07b5b26e505817a05142f571cf2abe67e790c30249c,direct-framework-reference,,android/net/nsd/NsdManager,definition-absent,unknown,1,0,unresolvable-in-scanned-inputs,opencamera-evidence.json#/rows/377,False,unknown
opencamera,ca5672ca8c7174554ca0b07b5b26e505817a05142f571cf2abe67e790c30249c,direct-framework-reference,,android/net/wifi/p2p/WifiP2pManager,definition-absent,unknown,1,0,unresolvable-in-scanned-inputs,opencamera-evidence.json#/rows/379,False,unknown
opencamera,ca5672ca8c7174554ca0b07b5b26e505817a05142f571cf2abe67e790c30249c,direct-framework-reference,,android/provider/MediaStore$Video$Thumbnails,definition-absent,unknown,1,0,unresolvable-in-scanned-inputs,opencamera-evidence.json#/rows/454,False,unknown
opencamera,ca5672ca8c7174554ca0b07b5b26e505817a05142f571cf2abe67e790c30249c,direct-framework-reference,,java/lang/instrument/ClassFileTransformer,definition-absent,unknown,1,0,unresolvable-in-scanned-inputs,opencamera-evidence.json#/rows/1021,False,unknown
opencamera,ca5672ca8c7174554ca0b07b5b26e505817a05142f571cf2abe67e790c30249c,direct-framework-reference,,java/lang/instrument/Instrumentation,definition-absent,unknown,1,0,unresolvable-in-scanned-inputs,opencamera-evidence.json#/rows/1022,False,unknown
opencamera,ca5672ca8c7174554ca0b07b5b26e505817a05142f571cf2abe67e790c30249c,manager-interface-prerequisite,connectivity,android/net/IConnectivityManager,definition-absent,unknown,5,0,unresolvable-in-scanned-inputs,opencamera-evidence.json#/rows/1224,True,False
opencamera,ca5672ca8c7174554ca0b07b5b26e505817a05142f571cf2abe67e790c30249c,service-call,accessibility,,unknown,yes-static,3,1,unknown,opencamera-evidence.json#/rows/1231,False,False
opencamera,ca5672ca8c7174554ca0b07b5b26e505817a05142f571cf2abe67e790c30249c,service-call,activity,,unknown,yes-static,4,2,unknown,opencamera-evidence.json#/rows/1232,False,False
opencamera,ca5672ca8c7174554ca0b07b5b26e505817a05142f571cf2abe67e790c30249c,service-call,bluetooth,,unknown,unknown,2,0,unknown,opencamera-evidence.json#/rows/1233,False,False
opencamera,ca5672ca8c7174554ca0b07b5b26e505817a05142f571cf2abe67e790c30249c,service-call,camera,,unknown,yes-static,7,2,unknown,opencamera-evidence.json#/rows/1234,False,False
opencamera,ca5672ca8c7174554ca0b07b5b26e505817a05142f571cf2abe67e790c30249c,service-call,display,,unknown,yes-static,6,1,unknown,opencamera-evidence.json#/rows/1235,False,False
opencamera,ca5672ca8c7174554ca0b07b5b26e505817a05142f571cf2abe67e790c30249c,service-call,fingerprint,,unknown,unknown,2,0,unknown,opencamera-evidence.json#/rows/1236,False,False
opencamera,ca5672ca8c7174554ca0b07b5b26e505817a05142f571cf2abe67e790c30249c,service-call,input_method,,unknown,unknown,9,0,unknown,opencamera-evidence.json#/rows/1237,False,False
opencamera,ca5672ca8c7174554ca0b07b5b26e505817a05142f571cf2abe67e790c30249c,service-call,keyguard,,unknown,unknown,2,0,unknown,opencamera-evidence.json#/rows/1238,False,False
opencamera,ca5672ca8c7174554ca0b07b5b26e505817a05142f571cf2abe67e790c30249c,service-call,layout_inflater,,unknown,unknown,4,0,unknown,opencamera-evidence.json#/rows/1239,False,False
opencamera,ca5672ca8c7174554ca0b07b5b26e505817a05142f571cf2abe67e790c30249c,service-call,media_session,,unknown,unknown,1,0,unknown,opencamera-evidence.json#/rows/1240,False,False
opencamera,ca5672ca8c7174554ca0b07b5b26e505817a05142f571cf2abe67e790c30249c,service-call,print,,unknown,unknown,2,0,unknown,opencamera-evidence.json#/rows/1241,False,False
opencamera,ca5672ca8c7174554ca0b07b5b26e505817a05142f571cf2abe67e790c30249c,service-call,sensor,,unknown,yes-static,2,2,unknown,opencamera-evidence.json#/rows/1242,False,False
opencamera,ca5672ca8c7174554ca0b07b5b26e505817a05142f571cf2abe67e790c30249c,service-call,unknown,,unknown,unknown,31,0,unknown,opencamera-evidence.json#/rows/1243,False,False
opencamera,ca5672ca8c7174554ca0b07b5b26e505817a05142f571cf2abe67e790c30249c,service-call,user,,unknown,unknown,1,0,unknown,opencamera-evidence.json#/rows/1244,False,False
opencamera,ca5672ca8c7174554ca0b07b5b26e505817a05142f571cf2abe67e790c30249c,service-call,window,,unknown,yes-static,7,2,unknown,opencamera-evidence.json#/rows/1245,False,False
wikipedia,eba82a0f77940d8a6be5bd2e53723675a59859a6c8a51be5e50bd034fc77101f,direct-framework-reference,,android/app/Notification$Metric,definition-absent,unknown,2,0,unresolvable-in-scanned-inputs,wikipedia-evidence.json#/rows/58,False,unknown
wikipedia,eba82a0f77940d8a6be5bd2e53723675a59859a6c8a51be5e50bd034fc77101f,direct-framework-reference,,android/app/Notification$Metric$FixedDate,definition-absent,unknown,1,0,unresolvable-in-scanned-inputs,wikipedia-evidence.json#/rows/59,False,unknown
wikipedia,eba82a0f77940d8a6be5bd2e53723675a59859a6c8a51be5e50bd034fc77101f,direct-framework-reference,,android/app/Notification$Metric$FixedFloat,definition-absent,unknown,1,0,unresolvable-in-scanned-inputs,wikipedia-evidence.json#/rows/60,False,unknown
wikipedia,eba82a0f77940d8a6be5bd2e53723675a59859a6c8a51be5e50bd034fc77101f,direct-framework-reference,,android/app/Notification$Metric$FixedInt,definition-absent,unknown,1,0,unresolvable-in-scanned-inputs,wikipedia-evidence.json#/rows/61,False,unknown
wikipedia,eba82a0f77940d8a6be5bd2e53723675a59859a6c8a51be5e50bd034fc77101f,direct-framework-reference,,android/app/Notification$Metric$FixedText,definition-absent,unknown,1,0,unresolvable-in-scanned-inputs,wikipedia-evidence.json#/rows/62,False,unknown
wikipedia,eba82a0f77940d8a6be5bd2e53723675a59859a6c8a51be5e50bd034fc77101f,direct-framework-reference,,android/app/Notification$Metric$FixedTime,definition-absent,unknown,1,0,unresolvable-in-scanned-inputs,wikipedia-evidence.json#/rows/63,False,unknown
wikipedia,eba82a0f77940d8a6be5bd2e53723675a59859a6c8a51be5e50bd034fc77101f,direct-framework-reference,,android/app/Notification$Metric$MetricValue,definition-absent,unknown,2,0,unresolvable-in-scanned-inputs,wikipedia-evidence.json#/rows/64,False,unknown
wikipedia,eba82a0f77940d8a6be5bd2e53723675a59859a6c8a51be5e50bd034fc77101f,direct-framework-reference,,android/app/Notification$Metric$TimeDifference,definition-absent,unknown,5,0,unresolvable-in-scanned-inputs,wikipedia-evidence.json#/rows/65,False,unknown
wikipedia,eba82a0f77940d8a6be5bd2e53723675a59859a6c8a51be5e50bd034fc77101f,direct-framework-reference,,android/app/Notification$MetricStyle,definition-absent,unknown,2,0,unresolvable-in-scanned-inputs,wikipedia-evidence.json#/rows/66,False,unknown
wikipedia,eba82a0f77940d8a6be5bd2e53723675a59859a6c8a51be5e50bd034fc77101f,direct-framework-reference,,android/app/Notification$ProgressStyle,definition-absent,unknown,12,0,unresolvable-in-scanned-inputs,wikipedia-evidence.json#/rows/67,False,unknown
wikipedia,eba82a0f77940d8a6be5bd2e53723675a59859a6c8a51be5e50bd034fc77101f,direct-framework-reference,,android/app/Notification$ProgressStyle$Point,definition-absent,unknown,4,0,unresolvable-in-scanned-inputs,wikipedia-evidence.json#/rows/68,False,unknown
wikipedia,eba82a0f77940d8a6be5bd2e53723675a59859a6c8a51be5e50bd034fc77101f,direct-framework-reference,,android/app/Notification$ProgressStyle$Segment,definition-absent,unknown,4,0,unresolvable-in-scanned-inputs,wikipedia-evidence.json#/rows/69,False,unknown
wikipedia,eba82a0f77940d8a6be5bd2e53723675a59859a6c8a51be5e50bd034fc77101f,direct-framework-reference,,android/net/ssl/EchConfigList,definition-absent,unknown,2,0,unresolvable-in-scanned-inputs,wikipedia-evidence.json#/rows/333,False,unknown
wikipedia,eba82a0f77940d8a6be5bd2e53723675a59859a6c8a51be5e50bd034fc77101f,direct-framework-reference,,android/net/ssl/EchConfigMismatchException,definition-absent,unknown,1,0,unresolvable-in-scanned-inputs,wikipedia-evidence.json#/rows/334,False,unknown
wikipedia,eba82a0f77940d8a6be5bd2e53723675a59859a6c8a51be5e50bd034fc77101f,direct-framework-reference,,android/net/ssl/SSLSockets,definition-absent,unknown,4,0,unresolvable-in-scanned-inputs,wikipedia-evidence.json#/rows/335,False,unknown
wikipedia,eba82a0f77940d8a6be5bd2e53723675a59859a6c8a51be5e50bd034fc77101f,direct-framework-reference,,android/provider/MediaStore$Downloads,definition-absent,unknown,1,0,unresolvable-in-scanned-inputs,wikipedia-evidence.json#/rows/379,False,unknown
wikipedia,eba82a0f77940d8a6be5bd2e53723675a59859a6c8a51be5e50bd034fc77101f,direct-framework-reference,,android/view/DisplayListCanvas,definition-absent,unknown,2,0,unresolvable-in-scanned-inputs,wikipedia-evidence.json#/rows/503,False,unknown
wikipedia,eba82a0f77940d8a6be5bd2e53723675a59859a6c8a51be5e50bd034fc77101f,direct-framework-reference,,android/view/RenderNode,definition-absent,unknown,31,0,unresolvable-in-scanned-inputs,wikipedia-evidence.json#/rows/534,False,unknown
wikipedia,eba82a0f77940d8a6be5bd2e53723675a59859a6c8a51be5e50bd034fc77101f,direct-framework-reference,,android/view/ScrollFeedbackProvider,definition-absent,unknown,3,0,unresolvable-in-scanned-inputs,wikipedia-evidence.json#/rows/541,False,unknown
wikipedia,eba82a0f77940d8a6be5bd2e53723675a59859a6c8a51be5e50bd034fc77101f,manager-interface-prerequisite,connectivity,android/net/IConnectivityManager,definition-absent,yes-static,28,6,unresolvable-in-scanned-inputs,wikipedia-evidence.json#/rows/1167,True,False
wikipedia,eba82a0f77940d8a6be5bd2e53723675a59859a6c8a51be5e50bd034fc77101f,service-call,accessibility,,unknown,yes-static,19,1,unknown,wikipedia-evidence.json#/rows/1174,False,False
wikipedia,eba82a0f77940d8a6be5bd2e53723675a59859a6c8a51be5e50bd034fc77101f,service-call,activity,,unknown,yes-static,3,2,unknown,wikipedia-evidence.json#/rows/1175,False,False
wikipedia,eba82a0f77940d8a6be5bd2e53723675a59859a6c8a51be5e50bd034fc77101f,service-call,appwidget,,unknown,unknown,1,0,unknown,wikipedia-evidence.json#/rows/1176,False,False
wikipedia,eba82a0f77940d8a6be5bd2e53723675a59859a6c8a51be5e50bd034fc77101f,service-call,download,,unknown,unknown,1,0,unknown,wikipedia-evidence.json#/rows/1177,False,False
wikipedia,eba82a0f77940d8a6be5bd2e53723675a59859a6c8a51be5e50bd034fc77101f,service-call,input_method,,unknown,unknown,19,0,unknown,wikipedia-evidence.json#/rows/1178,False,False
wikipedia,eba82a0f77940d8a6be5bd2e53723675a59859a6c8a51be5e50bd034fc77101f,service-call,layout_inflater,,unknown,yes-static,2,1,unknown,wikipedia-evidence.json#/rows/1179,False,False
wikipedia,eba82a0f77940d8a6be5bd2e53723675a59859a6c8a51be5e50bd034fc77101f,service-call,permission_controller,,unknown,unknown,1,0,unknown,wikipedia-evidence.json#/rows/1180,False,False
wikipedia,eba82a0f77940d8a6be5bd2e53723675a59859a6c8a51be5e50bd034fc77101f,service-call,sensor,,unknown,unknown,1,0,unknown,wikipedia-evidence.json#/rows/1181,False,False
wikipedia,eba82a0f77940d8a6be5bd2e53723675a59859a6c8a51be5e50bd034fc77101f,service-call,unknown,,unknown,yes-static,50,6,unknown,wikipedia-evidence.json#/rows/1182,False,False
wikipedia,eba82a0f77940d8a6be5bd2e53723675a59859a6c8a51be5e50bd034fc77101f,service-call,user,,unknown,yes-static,2,1,unknown,wikipedia-evidence.json#/rows/1183,False,False
wikipedia,eba82a0f77940d8a6be5bd2e53723675a59859a6c8a51be5e50bd034fc77101f,service-call,vibrator,,unknown,unknown,1,0,unknown,wikipedia-evidence.json#/rows/1184,False,False
wikipedia,eba82a0f77940d8a6be5bd2e53723675a59859a6c8a51be5e50bd034fc77101f,service-call,window,,unknown,yes-static,12,1,unknown,wikipedia-evidence.json#/rows/1185,False,False
wikipedia,eba82a0f77940d8a6be5bd2e53723675a59859a6c8a51be5e50bd034fc77101f,service-interface-prerequisite,connectivity,android/net/IConnectivityManager,definition-absent,yes-static,11,5,unresolvable-in-scanned-inputs,wikipedia-evidence.json#/rows/1190,True,False
termux,e6265a57eb5ca363808488e3b01955958bed93bc0c8a0d281849b363b11027ec,direct-framework-reference,,android/net/wifi/WifiManager$WifiLock,definition-absent,unknown,2,0,unresolvable-in-scanned-inputs,termux-evidence.json#/rows/176,False,unknown
termux,e6265a57eb5ca363808488e3b01955958bed93bc0c8a0d281849b363b11027ec,service-call,accessibility,,unknown,yes-static,10,1,unknown,termux-evidence.json#/rows/680,False,False
termux,e6265a57eb5ca363808488e3b01955958bed93bc0c8a0d281849b363b11027ec,service-call,activity,,unknown,unknown,1,0,unknown,termux-evidence.json#/rows/681,False,False
termux,e6265a57eb5ca363808488e3b01955958bed93bc0c8a0d281849b363b11027ec,service-call,device_policy,,unknown,unknown,1,0,unknown,termux-evidence.json#/rows/682,False,False
termux,e6265a57eb5ca363808488e3b01955958bed93bc0c8a0d281849b363b11027ec,service-call,input_method,,unknown,yes-static,6,1,unknown,termux-evidence.json#/rows/683,False,False
termux,e6265a57eb5ca363808488e3b01955958bed93bc0c8a0d281849b363b11027ec,service-call,layout_inflater,,unknown,yes-static,3,1,unknown,termux-evidence.json#/rows/684,False,False
termux,e6265a57eb5ca363808488e3b01955958bed93bc0c8a0d281849b363b11027ec,service-call,unknown,,unknown,unknown,5,0,unknown,termux-evidence.json#/rows/685,False,False
termux,e6265a57eb5ca363808488e3b01955958bed93bc0c8a0d281849b363b11027ec,service-call,user,,unknown,unknown,1,0,unknown,termux-evidence.json#/rows/686,False,False
termux,e6265a57eb5ca363808488e3b01955958bed93bc0c8a0d281849b363b11027ec,service-call,vibrator,,unknown,unknown,1,0,unknown,termux-evidence.json#/rows/687,False,False
termux,e6265a57eb5ca363808488e3b01955958bed93bc0c8a0d281849b363b11027ec,service-call,wifi,,unknown,unknown,1,0,unknown,termux-evidence.json#/rows/688,False,False
termux,e6265a57eb5ca363808488e3b01955958bed93bc0c8a0d281849b363b11027ec,service-call,window,,unknown,unknown,6,0,unknown,termux-evidence.json#/rows/689,False,False
antennapod,3f43a4337a693cdb49141afe06cb596e88c796009ed77bff51e9444ce2d1ebfc,direct-framework-reference,,android/media/LoudnessCodecController,definition-absent,unknown,8,0,unresolvable-in-scanned-inputs,antennapod-evidence.json#/rows/276,False,unknown
antennapod,3f43a4337a693cdb49141afe06cb596e88c796009ed77bff51e9444ce2d1ebfc,direct-framework-reference,,android/net/ssl/SSLSockets,definition-absent,unknown,2,0,unresolvable-in-scanned-inputs,antennapod-evidence.json#/rows/366,False,unknown
antennapod,3f43a4337a693cdb49141afe06cb596e88c796009ed77bff51e9444ce2d1ebfc,direct-framework-reference,,android/net/wifi/WifiManager$WifiLock,definition-absent,unknown,5,0,unresolvable-in-scanned-inputs,antennapod-evidence.json#/rows/368,False,unknown
antennapod,3f43a4337a693cdb49141afe06cb596e88c796009ed77bff51e9444ce2d1ebfc,direct-framework-reference,,android/provider/MediaStore$Video$Thumbnails,definition-absent,unknown,1,0,unresolvable-in-scanned-inputs,antennapod-evidence.json#/rows/427,False,unknown
antennapod,3f43a4337a693cdb49141afe06cb596e88c796009ed77bff51e9444ce2d1ebfc,direct-framework-reference,,android/view/ScrollFeedbackProvider,definition-absent,unknown,3,0,unresolvable-in-scanned-inputs,antennapod-evidence.json#/rows/643,False,unknown
antennapod,3f43a4337a693cdb49141afe06cb596e88c796009ed77bff51e9444ce2d1ebfc,direct-framework-reference,,com/android/org/conscrypt/SSLParametersImpl,definition-absent,unknown,1,0,unresolvable-in-scanned-inputs,antennapod-evidence.json#/rows/796,False,unknown
antennapod,3f43a4337a693cdb49141afe06cb596e88c796009ed77bff51e9444ce2d1ebfc,direct-framework-reference,,org/apache/harmony/xnet/provider/jsse/OpenSSLSocketImpl,definition-absent,unknown,1,0,unresolvable-in-scanned-inputs,antennapod-evidence.json#/rows/1395,False,unknown
antennapod,3f43a4337a693cdb49141afe06cb596e88c796009ed77bff51e9444ce2d1ebfc,direct-framework-reference,,org/apache/harmony/xnet/provider/jsse/SSLParametersImpl,definition-absent,unknown,1,0,unresolvable-in-scanned-inputs,antennapod-evidence.json#/rows/1396,False,unknown
antennapod,3f43a4337a693cdb49141afe06cb596e88c796009ed77bff51e9444ce2d1ebfc,manager-interface-prerequisite,connectivity,android/net/IConnectivityManager,definition-absent,yes-static,41,5,unresolvable-in-scanned-inputs,antennapod-evidence.json#/rows/1404,True,False
antennapod,3f43a4337a693cdb49141afe06cb596e88c796009ed77bff51e9444ce2d1ebfc,service-call,accessibility,,unknown,yes-static,13,1,unknown,antennapod-evidence.json#/rows/1411,False,False
antennapod,3f43a4337a693cdb49141afe06cb596e88c796009ed77bff51e9444ce2d1ebfc,service-call,activity,,unknown,yes-static,5,2,unknown,antennapod-evidence.json#/rows/1412,False,False
antennapod,3f43a4337a693cdb49141afe06cb596e88c796009ed77bff51e9444ce2d1ebfc,service-call,captioning,,unknown,unknown,3,0,unknown,antennapod-evidence.json#/rows/1413,False,False
antennapod,3f43a4337a693cdb49141afe06cb596e88c796009ed77bff51e9444ce2d1ebfc,service-call,display,,unknown,unknown,3,0,unknown,antennapod-evidence.json#/rows/1414,False,False
antennapod,3f43a4337a693cdb49141afe06cb596e88c796009ed77bff51e9444ce2d1ebfc,service-call,input_method,,unknown,unknown,13,0,unknown,antennapod-evidence.json#/rows/1415,False,False
antennapod,3f43a4337a693cdb49141afe06cb596e88c796009ed77bff51e9444ce2d1ebfc,service-call,layout_inflater,,unknown,unknown,2,0,unknown,antennapod-evidence.json#/rows/1416,False,False
antennapod,3f43a4337a693cdb49141afe06cb596e88c796009ed77bff51e9444ce2d1ebfc,service-call,media_metrics,,unknown,unknown,1,0,unknown,antennapod-evidence.json#/rows/1417,False,False
antennapod,3f43a4337a693cdb49141afe06cb596e88c796009ed77bff51e9444ce2d1ebfc,service-call,phone,,unknown,unknown,2,0,unknown,antennapod-evidence.json#/rows/1418,False,False
antennapod,3f43a4337a693cdb49141afe06cb596e88c796009ed77bff51e9444ce2d1ebfc,service-call,sensor,,unknown,unknown,2,0,unknown,antennapod-evidence.json#/rows/1419,False,False
antennapod,3f43a4337a693cdb49141afe06cb596e88c796009ed77bff51e9444ce2d1ebfc,service-call,unknown,,unknown,unknown,9,0,unknown,antennapod-evidence.json#/rows/1420,False,False
antennapod,3f43a4337a693cdb49141afe06cb596e88c796009ed77bff51e9444ce2d1ebfc,service-call,user,,unknown,unknown,1,0,unknown,antennapod-evidence.json#/rows/1421,False,False
antennapod,3f43a4337a693cdb49141afe06cb596e88c796009ed77bff51e9444ce2d1ebfc,service-call,vibrator,,unknown,unknown,3,0,unknown,antennapod-evidence.json#/rows/1422,False,False
antennapod,3f43a4337a693cdb49141afe06cb596e88c796009ed77bff51e9444ce2d1ebfc,service-call,vibrator_manager,,unknown,unknown,2,0,unknown,antennapod-evidence.json#/rows/1423,False,False
antennapod,3f43a4337a693cdb49141afe06cb596e88c796009ed77bff51e9444ce2d1ebfc,service-call,wifi,,unknown,unknown,3,0,unknown,antennapod-evidence.json#/rows/1424,False,False
antennapod,3f43a4337a693cdb49141afe06cb596e88c796009ed77bff51e9444ce2d1ebfc,service-call,window,,unknown,yes-static,11,1,unknown,antennapod-evidence.json#/rows/1425,False,False
antennapod,3f43a4337a693cdb49141afe06cb596e88c796009ed77bff51e9444ce2d1ebfc,service-interface-prerequisite,connectivity,android/net/IConnectivityManager,definition-absent,yes-static,10,3,unresolvable-in-scanned-inputs,antennapod-evidence.json#/rows/1430,True,False
aegis,0eecec45de0da3ff1358004b51e2960d9178551643a6ed44f6496ea9ec999c19,direct-framework-reference,,android/provider/MediaStore$Video$Thumbnails,definition-absent,unknown,1,0,unresolvable-in-scanned-inputs,aegis-evidence.json#/rows/305,False,unknown
aegis,0eecec45de0da3ff1358004b51e2960d9178551643a6ed44f6496ea9ec999c19,direct-framework-reference,,android/view/ScrollFeedbackProvider,definition-absent,unknown,3,0,unresolvable-in-scanned-inputs,aegis-evidence.json#/rows/425,False,unknown
aegis,0eecec45de0da3ff1358004b51e2960d9178551643a6ed44f6496ea9ec999c19,manager-interface-prerequisite,connectivity,android/net/IConnectivityManager,definition-absent,unknown,5,0,unresolvable-in-scanned-inputs,aegis-evidence.json#/rows/916,True,False
aegis,0eecec45de0da3ff1358004b51e2960d9178551643a6ed44f6496ea9ec999c19,service-call,accessibility,,unknown,yes-static,16,1,unknown,aegis-evidence.json#/rows/922,False,False
aegis,0eecec45de0da3ff1358004b51e2960d9178551643a6ed44f6496ea9ec999c19,service-call,activity,,unknown,unknown,2,0,unknown,aegis-evidence.json#/rows/923,False,False
aegis,0eecec45de0da3ff1358004b51e2960d9178551643a6ed44f6496ea9ec999c19,service-call,biometric,,unknown,unknown,1,0,unknown,aegis-evidence.json#/rows/924,False,False
aegis,0eecec45de0da3ff1358004b51e2960d9178551643a6ed44f6496ea9ec999c19,service-call,camera,,unknown,unknown,1,0,unknown,aegis-evidence.json#/rows/925,False,False
aegis,0eecec45de0da3ff1358004b51e2960d9178551643a6ed44f6496ea9ec999c19,service-call,display,,unknown,unknown,2,0,unknown,aegis-evidence.json#/rows/926,False,False
aegis,0eecec45de0da3ff1358004b51e2960d9178551643a6ed44f6496ea9ec999c19,service-call,input_method,,unknown,unknown,8,0,unknown,aegis-evidence.json#/rows/927,False,False
aegis,0eecec45de0da3ff1358004b51e2960d9178551643a6ed44f6496ea9ec999c19,service-call,keyguard,,unknown,unknown,1,0,unknown,aegis-evidence.json#/rows/928,False,False
aegis,0eecec45de0da3ff1358004b51e2960d9178551643a6ed44f6496ea9ec999c19,service-call,layout_inflater,,unknown,yes-static,2,1,unknown,aegis-evidence.json#/rows/929,False,False
aegis,0eecec45de0da3ff1358004b51e2960d9178551643a6ed44f6496ea9ec999c19,service-call,unknown,,unknown,yes-static,25,4,unknown,aegis-evidence.json#/rows/930,False,False
aegis,0eecec45de0da3ff1358004b51e2960d9178551643a6ed44f6496ea9ec999c19,service-call,vibrator,,unknown,unknown,1,0,unknown,aegis-evidence.json#/rows/931,False,False
aegis,0eecec45de0da3ff1358004b51e2960d9178551643a6ed44f6496ea9ec999c19,service-call,vibrator_manager,,unknown,unknown,1,0,unknown,aegis-evidence.json#/rows/932,False,False
aegis,0eecec45de0da3ff1358004b51e2960d9178551643a6ed44f6496ea9ec999c19,service-call,window,,unknown,yes-static,6,1,unknown,aegis-evidence.json#/rows/933,False,False
aegis,0eecec45de0da3ff1358004b51e2960d9178551643a6ed44f6496ea9ec999c19,service-interface-prerequisite,connectivity,android/net/IConnectivityManager,definition-absent,unknown,1,0,unresolvable-in-scanned-inputs,aegis-evidence.json#/rows/937,True,False
fd-AppManager,e1f6ba10812c74016ad626e11e27a1ae450aec2c0964a11466abb9e7a9c8ef84,direct-framework-reference,,android/app/IActivityManager$ContentProviderHolder,definition-absent,unknown,1,0,unresolvable-in-scanned-inputs,fd-AppManager-evidence.json#/rows/61,False,unknown
fd-AppManager,e1f6ba10812c74016ad626e11e27a1ae450aec2c0964a11466abb9e7a9c8ef84,direct-framework-reference,,android/app/Notification$ProgressStyle,definition-absent,unknown,11,0,unresolvable-in-scanned-inputs,fd-AppManager-evidence.json#/rows/81,False,unknown
fd-AppManager,e1f6ba10812c74016ad626e11e27a1ae450aec2c0964a11466abb9e7a9c8ef84,direct-framework-reference,,android/app/Notification$ProgressStyle$Point,definition-absent,unknown,1,0,unresolvable-in-scanned-inputs,fd-AppManager-evidence.json#/rows/82,False,unknown
fd-AppManager,e1f6ba10812c74016ad626e11e27a1ae450aec2c0964a11466abb9e7a9c8ef84,direct-framework-reference,,android/app/Notification$ProgressStyle$Segment,definition-absent,unknown,1,0,unresolvable-in-scanned-inputs,fd-AppManager-evidence.json#/rows/83,False,unknown
fd-AppManager,e1f6ba10812c74016ad626e11e27a1ae450aec2c0964a11466abb9e7a9c8ef84,direct-framework-reference,,android/bluetooth/BluetoothManager,definition-absent,unknown,1,0,unresolvable-in-scanned-inputs,fd-AppManager-evidence.json#/rows/126,False,unknown
fd-AppManager,e1f6ba10812c74016ad626e11e27a1ae450aec2c0964a11466abb9e7a9c8ef84,direct-framework-reference,,android/content/pm/PackageInfoList,definition-absent,unknown,1,0,unresolvable-in-scanned-inputs,fd-AppManager-evidence.json#/rows/188,False,unknown
fd-AppManager,e1f6ba10812c74016ad626e11e27a1ae450aec2c0964a11466abb9e7a9c8ef84,direct-framework-reference,,android/hardware/biometrics/PromptContentItemBulletedText,definition-absent,unknown,1,0,unresolvable-in-scanned-inputs,fd-AppManager-evidence.json#/rows/365,False,unknown
fd-AppManager,e1f6ba10812c74016ad626e11e27a1ae450aec2c0964a11466abb9e7a9c8ef84,direct-framework-reference,,android/hardware/biometrics/PromptContentItemPlainText,definition-absent,unknown,1,0,unresolvable-in-scanned-inputs,fd-AppManager-evidence.json#/rows/366,False,unknown
fd-AppManager,e1f6ba10812c74016ad626e11e27a1ae450aec2c0964a11466abb9e7a9c8ef84,direct-framework-reference,,android/hardware/biometrics/PromptContentView,definition-absent,yes-static,5,5,unresolvable-in-scanned-inputs,fd-AppManager-evidence.json#/rows/367,False,unknown
fd-AppManager,e1f6ba10812c74016ad626e11e27a1ae450aec2c0964a11466abb9e7a9c8ef84,direct-framework-reference,,android/hardware/biometrics/PromptContentViewWithMoreOptionsButton,definition-absent,yes-static,1,1,unresolvable-in-scanned-inputs,fd-AppManager-evidence.json#/rows/368,False,unknown
fd-AppManager,e1f6ba10812c74016ad626e11e27a1ae450aec2c0964a11466abb9e7a9c8ef84,direct-framework-reference,,android/hardware/biometrics/PromptContentViewWithMoreOptionsButton$Builder,definition-absent,yes-static,1,1,unresolvable-in-scanned-inputs,fd-AppManager-evidence.json#/rows/369,False,unknown
fd-AppManager,e1f6ba10812c74016ad626e11e27a1ae450aec2c0964a11466abb9e7a9c8ef84,direct-framework-reference,,android/hardware/biometrics/PromptVerticalListContentView,definition-absent,yes-static,1,1,unresolvable-in-scanned-inputs,fd-AppManager-evidence.json#/rows/370,False,unknown
fd-AppManager,e1f6ba10812c74016ad626e11e27a1ae450aec2c0964a11466abb9e7a9c8ef84,direct-framework-reference,,android/hardware/biometrics/PromptVerticalListContentView$Builder,definition-absent,yes-static,4,2,unresolvable-in-scanned-inputs,fd-AppManager-evidence.json#/rows/371,False,unknown
fd-AppManager,e1f6ba10812c74016ad626e11e27a1ae450aec2c0964a11466abb9e7a9c8ef84,direct-framework-reference,,android/miui/AppOpsUtils,definition-absent,unknown,1,0,unresolvable-in-scanned-inputs,fd-AppManager-evidence.json#/rows/424,False,unknown
fd-AppManager,e1f6ba10812c74016ad626e11e27a1ae450aec2c0964a11466abb9e7a9c8ef84,direct-framework-reference,,android/net/IConnectivityManager,definition-absent,unknown,6,0,unresolvable-in-scanned-inputs,fd-AppManager-evidence.json#/rows/427,False,unknown
fd-AppManager,e1f6ba10812c74016ad626e11e27a1ae450aec2c0964a11466abb9e7a9c8ef84,direct-framework-reference,,android/net/IConnectivityManager$Stub,definition-absent,unknown,1,0,unresolvable-in-scanned-inputs,fd-AppManager-evidence.json#/rows/428,False,unknown
fd-AppManager,e1f6ba10812c74016ad626e11e27a1ae450aec2c0964a11466abb9e7a9c8ef84,direct-framework-reference,,android/net/INetworkStatsService,definition-absent,unknown,2,0,unresolvable-in-scanned-inputs,fd-AppManager-evidence.json#/rows/431,False,unknown
fd-AppManager,e1f6ba10812c74016ad626e11e27a1ae450aec2c0964a11466abb9e7a9c8ef84,direct-framework-reference,,android/net/INetworkStatsService$Stub,definition-absent,unknown,1,0,unresolvable-in-scanned-inputs,fd-AppManager-evidence.json#/rows/432,False,unknown
fd-AppManager,e1f6ba10812c74016ad626e11e27a1ae450aec2c0964a11466abb9e7a9c8ef84,direct-framework-reference,,android/net/INetworkStatsSession,definition-absent,unknown,3,0,unresolvable-in-scanned-inputs,fd-AppManager-evidence.json#/rows/433,False,unknown
fd-AppManager,e1f6ba10812c74016ad626e11e27a1ae450aec2c0964a11466abb9e7a9c8ef84,direct-framework-reference,,android/net/nsd/NsdManager,definition-absent,unknown,5,0,unresolvable-in-scanned-inputs,fd-AppManager-evidence.json#/rows/446,False,unknown
fd-AppManager,e1f6ba10812c74016ad626e11e27a1ae450aec2c0964a11466abb9e7a9c8ef84,direct-framework-reference,,android/net/nsd/NsdManager$DiscoveryListener,definition-absent,unknown,2,0,unresolvable-in-scanned-inputs,fd-AppManager-evidence.json#/rows/447,False,unknown
fd-AppManager,e1f6ba10812c74016ad626e11e27a1ae450aec2c0964a11466abb9e7a9c8ef84,direct-framework-reference,,android/net/nsd/NsdManager$ResolveListener,definition-absent,unknown,1,0,unresolvable-in-scanned-inputs,fd-AppManager-evidence.json#/rows/448,False,unknown
fd-AppManager,e1f6ba10812c74016ad626e11e27a1ae450aec2c0964a11466abb9e7a9c8ef84,direct-framework-reference,,android/net/nsd/NsdServiceInfo,definition-absent,unknown,8,0,unresolvable-in-scanned-inputs,fd-AppManager-evidence.json#/rows/449,False,unknown
fd-AppManager,e1f6ba10812c74016ad626e11e27a1ae450aec2c0964a11466abb9e7a9c8ef84,direct-framework-reference,,android/net/wifi/p2p/WifiP2pManager,definition-absent,unknown,1,0,unresolvable-in-scanned-inputs,fd-AppManager-evidence.json#/rows/451,False,unknown
fd-AppManager,e1f6ba10812c74016ad626e11e27a1ae450aec2c0964a11466abb9e7a9c8ef84,direct-framework-reference,,android/os/ProfilingManager,definition-absent,unknown,13,0,unresolvable-in-scanned-inputs,fd-AppManager-evidence.json#/rows/505,False,unknown
fd-AppManager,e1f6ba10812c74016ad626e11e27a1ae450aec2c0964a11466abb9e7a9c8ef84,direct-framework-reference,,android/os/ProfilingResult,definition-absent,unknown,2,0,unresolvable-in-scanned-inputs,fd-AppManager-evidence.json#/rows/506,False,unknown
fd-AppManager,e1f6ba10812c74016ad626e11e27a1ae450aec2c0964a11466abb9e7a9c8ef84,direct-framework-reference,,android/os/flagging/AconfigPackage,definition-absent,unknown,7,0,unresolvable-in-scanned-inputs,fd-AppManager-evidence.json#/rows/525,False,unknown
fd-AppManager,e1f6ba10812c74016ad626e11e27a1ae450aec2c0964a11466abb9e7a9c8ef84,direct-framework-reference,,android/view/ScrollFeedbackProvider,definition-absent,unknown,4,0,unresolvable-in-scanned-inputs,fd-AppManager-evidence.json#/rows/889,False,unknown
fd-AppManager,e1f6ba10812c74016ad626e11e27a1ae450aec2c0964a11466abb9e7a9c8ef84,direct-framework-reference,,android/view/accessibility/AccessibilityNodeInfo$CollectionInfo$Builder,definition-absent,unknown,1,0,unresolvable-in-scanned-inputs,fd-AppManager-evidence.json#/rows/950,False,unknown
fd-AppManager,e1f6ba10812c74016ad626e11e27a1ae450aec2c0964a11466abb9e7a9c8ef84,direct-framework-reference,,java/awt/BorderLayout,definition-absent,unknown,2,0,unresolvable-in-scanned-inputs,fd-AppManager-evidence.json#/rows/2854,False,unknown
fd-AppManager,e1f6ba10812c74016ad626e11e27a1ae450aec2c0964a11466abb9e7a9c8ef84,direct-framework-reference,,java/awt/Component,definition-absent,unknown,5,0,unresolvable-in-scanned-inputs,fd-AppManager-evidence.json#/rows/2855,False,unknown
fd-AppManager,e1f6ba10812c74016ad626e11e27a1ae450aec2c0964a11466abb9e7a9c8ef84,direct-framework-reference,,java/awt/Container,definition-absent,unknown,3,0,unresolvable-in-scanned-inputs,fd-AppManager-evidence.json#/rows/2856,False,unknown
fd-AppManager,e1f6ba10812c74016ad626e11e27a1ae450aec2c0964a11466abb9e7a9c8ef84,direct-framework-reference,,java/awt/Frame,definition-absent,unknown,2,0,unresolvable-in-scanned-inputs,fd-AppManager-evidence.json#/rows/2857,False,unknown
fd-AppManager,e1f6ba10812c74016ad626e11e27a1ae450aec2c0964a11466abb9e7a9c8ef84,direct-framework-reference,,java/awt/GridBagConstraints,definition-absent,unknown,1,0,unresolvable-in-scanned-inputs,fd-AppManager-evidence.json#/rows/2858,False,unknown
fd-AppManager,e1f6ba10812c74016ad626e11e27a1ae450aec2c0964a11466abb9e7a9c8ef84,direct-framework-reference,,java/awt/GridBagLayout,definition-absent,unknown,1,0,unresolvable-in-scanned-inputs,fd-AppManager-evidence.json#/rows/2859,False,unknown
fd-AppManager,e1f6ba10812c74016ad626e11e27a1ae450aec2c0964a11466abb9e7a9c8ef84,direct-framework-reference,,java/awt/Insets,definition-absent,unknown,1,0,unresolvable-in-scanned-inputs,fd-AppManager-evidence.json#/rows/2860,False,unknown
fd-AppManager,e1f6ba10812c74016ad626e11e27a1ae450aec2c0964a11466abb9e7a9c8ef84,direct-framework-reference,,java/awt/Rectangle,definition-absent,unknown,1,0,unresolvable-in-scanned-inputs,fd-AppManager-evidence.json#/rows/2861,False,unknown
fd-AppManager,e1f6ba10812c74016ad626e11e27a1ae450aec2c0964a11466abb9e7a9c8ef84,direct-framework-reference,,java/awt/Window,definition-absent,unknown,1,0,unresolvable-in-scanned-inputs,fd-AppManager-evidence.json#/rows/2862,False,unknown
fd-AppManager,e1f6ba10812c74016ad626e11e27a1ae450aec2c0964a11466abb9e7a9c8ef84,direct-framework-reference,,java/awt/event/WindowAdapter,definition-absent,unknown,3,0,unresolvable-in-scanned-inputs,fd-AppManager-evidence.json#/rows/2863,False,unknown
fd-AppManager,e1f6ba10812c74016ad626e11e27a1ae450aec2c0964a11466abb9e7a9c8ef84,direct-framework-reference,,java/awt/event/WindowEvent,definition-absent,unknown,2,0,unresolvable-in-scanned-inputs,fd-AppManager-evidence.json#/rows/2864,False,unknown
fd-AppManager,e1f6ba10812c74016ad626e11e27a1ae450aec2c0964a11466abb9e7a9c8ef84,direct-framework-reference,,java/beans/BeanInfo,definition-absent,unknown,1,0,unresolvable-in-scanned-inputs,fd-AppManager-evidence.json#/rows/2865,False,unknown
fd-AppManager,e1f6ba10812c74016ad626e11e27a1ae450aec2c0964a11466abb9e7a9c8ef84,direct-framework-reference,,java/beans/FeatureDescriptor,definition-absent,unknown,2,0,unresolvable-in-scanned-inputs,fd-AppManager-evidence.json#/rows/2866,False,unknown
fd-AppManager,e1f6ba10812c74016ad626e11e27a1ae450aec2c0964a11466abb9e7a9c8ef84,direct-framework-reference,,java/beans/Introspector,definition-absent,unknown,1,0,unresolvable-in-scanned-inputs,fd-AppManager-evidence.json#/rows/2867,False,unknown
fd-AppManager,e1f6ba10812c74016ad626e11e27a1ae450aec2c0964a11466abb9e7a9c8ef84,direct-framework-reference,,java/beans/PropertyDescriptor,definition-absent,unknown,7,0,unresolvable-in-scanned-inputs,fd-AppManager-evidence.json#/rows/2868,False,unknown
fd-AppManager,e1f6ba10812c74016ad626e11e27a1ae450aec2c0964a11466abb9e7a9c8ef84,direct-framework-reference,,java/lang/instrument/ClassFileTransformer,definition-absent,unknown,1,0,unresolvable-in-scanned-inputs,fd-AppManager-evidence.json#/rows/3003,False,unknown
fd-AppManager,e1f6ba10812c74016ad626e11e27a1ae450aec2c0964a11466abb9e7a9c8ef84,direct-framework-reference,,java/lang/instrument/Instrumentation,definition-absent,unknown,1,0,unresolvable-in-scanned-inputs,fd-AppManager-evidence.json#/rows/3004,False,unknown
fd-AppManager,e1f6ba10812c74016ad626e11e27a1ae450aec2c0964a11466abb9e7a9c8ef84,direct-framework-reference,,java/lang/reflect/AnnotatedType,definition-absent,unknown,6,0,unresolvable-in-scanned-inputs,fd-AppManager-evidence.json#/rows/3016,False,unknown
fd-AppManager,e1f6ba10812c74016ad626e11e27a1ae450aec2c0964a11466abb9e7a9c8ef84,direct-framework-reference,,javax/naming/Binding,definition-absent,unknown,1,0,unresolvable-in-scanned-inputs,fd-AppManager-evidence.json#/rows/3527,False,unknown
fd-AppManager,e1f6ba10812c74016ad626e11e27a1ae450aec2c0964a11466abb9e7a9c8ef84,direct-framework-reference,,javax/naming/NamingEnumeration,definition-absent,unknown,3,0,unresolvable-in-scanned-inputs,fd-AppManager-evidence.json#/rows/3528,False,unknown
fd-AppManager,e1f6ba10812c74016ad626e11e27a1ae450aec2c0964a11466abb9e7a9c8ef84,direct-framework-reference,,javax/naming/NamingException,definition-absent,unknown,1,0,unresolvable-in-scanned-inputs,fd-AppManager-evidence.json#/rows/3529,False,unknown
fd-AppManager,e1f6ba10812c74016ad626e11e27a1ae450aec2c0964a11466abb9e7a9c8ef84,direct-framework-reference,,javax/naming/directory/Attribute,definition-absent,unknown,7,0,unresolvable-in-scanned-inputs,fd-AppManager-evidence.json#/rows/3530,False,unknown
fd-AppManager,e1f6ba10812c74016ad626e11e27a1ae450aec2c0964a11466abb9e7a9c8ef84,direct-framework-reference,,javax/naming/directory/Attributes,definition-absent,unknown,5,0,unresolvable-in-scanned-inputs,fd-AppManager-evidence.json#/rows/3531,False,unknown
fd-AppManager,e1f6ba10812c74016ad626e11e27a1ae450aec2c0964a11466abb9e7a9c8ef84,direct-framework-reference,,javax/naming/directory/DirContext,definition-absent,unknown,5,0,unresolvable-in-scanned-inputs,fd-AppManager-evidence.json#/rows/3532,False,unknown
fd-AppManager,e1f6ba10812c74016ad626e11e27a1ae450aec2c0964a11466abb9e7a9c8ef84,direct-framework-reference,,javax/naming/directory/InitialDirContext,definition-absent,unknown,5,0,unresolvable-in-scanned-inputs,fd-AppManager-evidence.json#/rows/3533,False,unknown
fd-AppManager,e1f6ba10812c74016ad626e11e27a1ae450aec2c0964a11466abb9e7a9c8ef84,direct-framework-reference,,javax/naming/directory/SearchControls,definition-absent,unknown,2,0,unresolvable-in-scanned-inputs,fd-AppManager-evidence.json#/rows/3534,False,unknown
fd-AppManager,e1f6ba10812c74016ad626e11e27a1ae450aec2c0964a11466abb9e7a9c8ef84,direct-framework-reference,,javax/naming/directory/SearchResult,definition-absent,unknown,2,0,unresolvable-in-scanned-inputs,fd-AppManager-evidence.json#/rows/3535,False,unknown
fd-AppManager,e1f6ba10812c74016ad626e11e27a1ae450aec2c0964a11466abb9e7a9c8ef84,direct-framework-reference,,javax/swing/BorderFactory,definition-absent,unknown,1,0,unresolvable-in-scanned-inputs,fd-AppManager-evidence.json#/rows/3556,False,unknown
fd-AppManager,e1f6ba10812c74016ad626e11e27a1ae450aec2c0964a11466abb9e7a9c8ef84,direct-framework-reference,,javax/swing/BoxLayout,definition-absent,unknown,1,0,unresolvable-in-scanned-inputs,fd-AppManager-evidence.json#/rows/3557,False,unknown
fd-AppManager,e1f6ba10812c74016ad626e11e27a1ae450aec2c0964a11466abb9e7a9c8ef84,direct-framework-reference,,javax/swing/DefaultListModel,definition-absent,unknown,1,0,unresolvable-in-scanned-inputs,fd-AppManager-evidence.json#/rows/3558,False,unknown
fd-AppManager,e1f6ba10812c74016ad626e11e27a1ae450aec2c0964a11466abb9e7a9c8ef84,direct-framework-reference,,javax/swing/JEditorPane,definition-absent,unknown,3,0,unresolvable-in-scanned-inputs,fd-AppManager-evidence.json#/rows/3559,False,unknown
fd-AppManager,e1f6ba10812c74016ad626e11e27a1ae450aec2c0964a11466abb9e7a9c8ef84,direct-framework-reference,,javax/swing/JFrame,definition-absent,unknown,3,0,unresolvable-in-scanned-inputs,fd-AppManager-evidence.json#/rows/3560,False,unknown
fd-AppManager,e1f6ba10812c74016ad626e11e27a1ae450aec2c0964a11466abb9e7a9c8ef84,direct-framework-reference,,javax/swing/JList,definition-absent,unknown,3,0,unresolvable-in-scanned-inputs,fd-AppManager-evidence.json#/rows/3561,False,unknown
fd-AppManager,e1f6ba10812c74016ad626e11e27a1ae450aec2c0964a11466abb9e7a9c8ef84,direct-framework-reference,,javax/swing/JPanel,definition-absent,unknown,3,0,unresolvable-in-scanned-inputs,fd-AppManager-evidence.json#/rows/3562,False,unknown
fd-AppManager,e1f6ba10812c74016ad626e11e27a1ae450aec2c0964a11466abb9e7a9c8ef84,direct-framework-reference,,javax/swing/JScrollPane,definition-absent,unknown,4,0,unresolvable-in-scanned-inputs,fd-AppManager-evidence.json#/rows/3563,False,unknown
fd-AppManager,e1f6ba10812c74016ad626e11e27a1ae450aec2c0964a11466abb9e7a9c8ef84,direct-framework-reference,,javax/swing/JSplitPane,definition-absent,unknown,2,0,unresolvable-in-scanned-inputs,fd-AppManager-evidence.json#/rows/3564,False,unknown
fd-AppManager,e1f6ba10812c74016ad626e11e27a1ae450aec2c0964a11466abb9e7a9c8ef84,direct-framework-reference,,javax/swing/JTabbedPane,definition-absent,unknown,2,0,unresolvable-in-scanned-inputs,fd-AppManager-evidence.json#/rows/3565,False,unknown
fd-AppManager,e1f6ba10812c74016ad626e11e27a1ae450aec2c0964a11466abb9e7a9c8ef84,direct-framework-reference,,javax/swing/JTextPane,definition-absent,unknown,5,0,unresolvable-in-scanned-inputs,fd-AppManager-evidence.json#/rows/3566,False,unknown
fd-AppManager,e1f6ba10812c74016ad626e11e27a1ae450aec2c0964a11466abb9e7a9c8ef84,direct-framework-reference,,javax/swing/JToolBar,definition-absent,unknown,1,0,unresolvable-in-scanned-inputs,fd-AppManager-evidence.json#/rows/3567,False,unknown
fd-AppManager,e1f6ba10812c74016ad626e11e27a1ae450aec2c0964a11466abb9e7a9c8ef84,direct-framework-reference,,javax/swing/JTree,definition-absent,unknown,8,0,unresolvable-in-scanned-inputs,fd-AppManager-evidence.json#/rows/3568,False,unknown
fd-AppManager,e1f6ba10812c74016ad626e11e27a1ae450aec2c0964a11466abb9e7a9c8ef84,direct-framework-reference,,javax/swing/JViewport,definition-absent,unknown,2,0,unresolvable-in-scanned-inputs,fd-AppManager-evidence.json#/rows/3569,False,unknown
fd-AppManager,e1f6ba10812c74016ad626e11e27a1ae450aec2c0964a11466abb9e7a9c8ef84,direct-framework-reference,,javax/swing/ListModel,definition-absent,unknown,2,0,unresolvable-in-scanned-inputs,fd-AppManager-evidence.json#/rows/3570,False,unknown
fd-AppManager,e1f6ba10812c74016ad626e11e27a1ae450aec2c0964a11466abb9e7a9c8ef84,direct-framework-reference,,javax/swing/border/Border,definition-absent,unknown,1,0,unresolvable-in-scanned-inputs,fd-AppManager-evidence.json#/rows/3571,False,unknown
fd-AppManager,e1f6ba10812c74016ad626e11e27a1ae450aec2c0964a11466abb9e7a9c8ef84,direct-framework-reference,,javax/swing/event/CaretEvent,definition-absent,unknown,1,0,unresolvable-in-scanned-inputs,fd-AppManager-evidence.json#/rows/3572,False,unknown
fd-AppManager,e1f6ba10812c74016ad626e11e27a1ae450aec2c0964a11466abb9e7a9c8ef84,direct-framework-reference,,javax/swing/event/TreeSelectionEvent,definition-absent,unknown,2,0,unresolvable-in-scanned-inputs,fd-AppManager-evidence.json#/rows/3573,False,unknown
fd-AppManager,e1f6ba10812c74016ad626e11e27a1ae450aec2c0964a11466abb9e7a9c8ef84,direct-framework-reference,,javax/swing/event/TreeSelectionListener,definition-absent,unknown,2,0,unresolvable-in-scanned-inputs,fd-AppManager-evidence.json#/rows/3574,False,unknown
fd-AppManager,e1f6ba10812c74016ad626e11e27a1ae450aec2c0964a11466abb9e7a9c8ef84,direct-framework-reference,,javax/swing/text/DefaultHighlighter,definition-absent,unknown,1,0,unresolvable-in-scanned-inputs,fd-AppManager-evidence.json#/rows/3575,False,unknown
fd-AppManager,e1f6ba10812c74016ad626e11e27a1ae450aec2c0964a11466abb9e7a9c8ef84,direct-framework-reference,,javax/swing/text/Document,definition-absent,unknown,2,0,unresolvable-in-scanned-inputs,fd-AppManager-evidence.json#/rows/3576,False,unknown
fd-AppManager,e1f6ba10812c74016ad626e11e27a1ae450aec2c0964a11466abb9e7a9c8ef84,direct-framework-reference,,javax/swing/text/Highlighter,definition-absent,unknown,1,0,unresolvable-in-scanned-inputs,fd-AppManager-evidence.json#/rows/3577,False,unknown
fd-AppManager,e1f6ba10812c74016ad626e11e27a1ae450aec2c0964a11466abb9e7a9c8ef84,direct-framework-reference,,javax/swing/text/Highlighter$HighlightPainter,definition-absent,unknown,1,0,unresolvable-in-scanned-inputs,fd-AppManager-evidence.json#/rows/3578,False,unknown
fd-AppManager,e1f6ba10812c74016ad626e11e27a1ae450aec2c0964a11466abb9e7a9c8ef84,direct-framework-reference,,javax/swing/text/JTextComponent,definition-absent,unknown,8,0,unresolvable-in-scanned-inputs,fd-AppManager-evidence.json#/rows/3579,False,unknown
fd-AppManager,e1f6ba10812c74016ad626e11e27a1ae450aec2c0964a11466abb9e7a9c8ef84,direct-framework-reference,,javax/swing/text/LayeredHighlighter$LayerPainter,definition-absent,unknown,1,0,unresolvable-in-scanned-inputs,fd-AppManager-evidence.json#/rows/3580,False,unknown
fd-AppManager,e1f6ba10812c74016ad626e11e27a1ae450aec2c0964a11466abb9e7a9c8ef84,direct-framework-reference,,javax/swing/tree/TreeModel,definition-absent,unknown,7,0,unresolvable-in-scanned-inputs,fd-AppManager-evidence.json#/rows/3581,False,unknown
fd-AppManager,e1f6ba10812c74016ad626e11e27a1ae450aec2c0964a11466abb9e7a9c8ef84,direct-framework-reference,,javax/swing/tree/TreePath,definition-absent,unknown,3,0,unresolvable-in-scanned-inputs,fd-AppManager-evidence.json#/rows/3582,False,unknown
fd-AppManager,e1f6ba10812c74016ad626e11e27a1ae450aec2c0964a11466abb9e7a9c8ef84,direct-framework-reference,,org/apache/commons/logging/Log,definition-absent,unknown,4,0,unresolvable-in-scanned-inputs,fd-AppManager-evidence.json#/rows/3632,False,unknown
fd-AppManager,e1f6ba10812c74016ad626e11e27a1ae450aec2c0964a11466abb9e7a9c8ef84,direct-framework-reference,,org/apache/commons/logging/LogFactory,definition-absent,unknown,1,0,unresolvable-in-scanned-inputs,fd-AppManager-evidence.json#/rows/3633,False,unknown
fd-AppManager,e1f6ba10812c74016ad626e11e27a1ae450aec2c0964a11466abb9e7a9c8ef84,direct-framework-reference,,org/apache/log4j/Level,definition-absent,unknown,4,0,unresolvable-in-scanned-inputs,fd-AppManager-evidence.json#/rows/3634,False,unknown
fd-AppManager,e1f6ba10812c74016ad626e11e27a1ae450aec2c0964a11466abb9e7a9c8ef84,direct-framework-reference,,org/apache/log4j/Logger,definition-absent,unknown,4,0,unresolvable-in-scanned-inputs,fd-AppManager-evidence.json#/rows/3635,False,unknown
fd-AppManager,e1f6ba10812c74016ad626e11e27a1ae450aec2c0964a11466abb9e7a9c8ef84,direct-framework-reference,,org/apache/log4j/Priority,definition-absent,unknown,3,0,unresolvable-in-scanned-inputs,fd-AppManager-evidence.json#/rows/3636,False,unknown
fd-AppManager,e1f6ba10812c74016ad626e11e27a1ae450aec2c0964a11466abb9e7a9c8ef84,direct-framework-reference,,org/apache/logging/log4j/LogManager,definition-absent,unknown,1,0,unresolvable-in-scanned-inputs,fd-AppManager-evidence.json#/rows/3637,False,unknown
fd-AppManager,e1f6ba10812c74016ad626e11e27a1ae450aec2c0964a11466abb9e7a9c8ef84,direct-framework-reference,,org/apache/logging/log4j/Logger,definition-absent,unknown,4,0,unresolvable-in-scanned-inputs,fd-AppManager-evidence.json#/rows/3638,False,unknown
fd-AppManager,e1f6ba10812c74016ad626e11e27a1ae450aec2c0964a11466abb9e7a9c8ef84,manager-interface-prerequisite,connectivity,android/net/IConnectivityManager,definition-absent,unknown,11,0,unresolvable-in-scanned-inputs,fd-AppManager-evidence.json#/rows/3651,True,False
fd-AppManager,e1f6ba10812c74016ad626e11e27a1ae450aec2c0964a11466abb9e7a9c8ef84,service-call,accessibility,,unknown,yes-static,20,1,unknown,fd-AppManager-evidence.json#/rows/3658,False,False
fd-AppManager,e1f6ba10812c74016ad626e11e27a1ae450aec2c0964a11466abb9e7a9c8ef84,service-call,activity,,unknown,unknown,6,0,unknown,fd-AppManager-evidence.json#/rows/3659,False,False
fd-AppManager,e1f6ba10812c74016ad626e11e27a1ae450aec2c0964a11466abb9e7a9c8ef84,service-call,biometric,,unknown,yes-static,1,1,unknown,fd-AppManager-evidence.json#/rows/3660,False,False
fd-AppManager,e1f6ba10812c74016ad626e11e27a1ae450aec2c0964a11466abb9e7a9c8ef84,service-call,display,,unknown,unknown,4,0,unknown,fd-AppManager-evidence.json#/rows/3661,False,False
fd-AppManager,e1f6ba10812c74016ad626e11e27a1ae450aec2c0964a11466abb9e7a9c8ef84,service-call,fingerprint,,unknown,yes-static,2,2,unknown,fd-AppManager-evidence.json#/rows/3662,False,False
fd-AppManager,e1f6ba10812c74016ad626e11e27a1ae450aec2c0964a11466abb9e7a9c8ef84,service-call,input_method,,unknown,unknown,16,0,unknown,fd-AppManager-evidence.json#/rows/3663,False,False
fd-AppManager,e1f6ba10812c74016ad626e11e27a1ae450aec2c0964a11466abb9e7a9c8ef84,service-call,keyguard,,unknown,yes-static,5,3,unknown,fd-AppManager-evidence.json#/rows/3664,False,False
fd-AppManager,e1f6ba10812c74016ad626e11e27a1ae450aec2c0964a11466abb9e7a9c8ef84,service-call,launcherapps,,unknown,unknown,1,0,unknown,fd-AppManager-evidence.json#/rows/3665,False,False
fd-AppManager,e1f6ba10812c74016ad626e11e27a1ae450aec2c0964a11466abb9e7a9c8ef84,service-call,layout_inflater,,unknown,yes-static,4,1,unknown,fd-AppManager-evidence.json#/rows/3666,False,False
fd-AppManager,e1f6ba10812c74016ad626e11e27a1ae450aec2c0964a11466abb9e7a9c8ef84,service-call,phone,,unknown,unknown,1,0,unknown,fd-AppManager-evidence.json#/rows/3667,False,False
fd-AppManager,e1f6ba10812c74016ad626e11e27a1ae450aec2c0964a11466abb9e7a9c8ef84,service-call,print,,unknown,unknown,2,0,unknown,fd-AppManager-evidence.json#/rows/3668,False,False
fd-AppManager,e1f6ba10812c74016ad626e11e27a1ae450aec2c0964a11466abb9e7a9c8ef84,service-call,search,,unknown,unknown,1,0,unknown,fd-AppManager-evidence.json#/rows/3669,False,False
fd-AppManager,e1f6ba10812c74016ad626e11e27a1ae450aec2c0964a11466abb9e7a9c8ef84,service-call,servicediscovery,,unknown,unknown,1,0,unknown,fd-AppManager-evidence.json#/rows/3670,False,False
fd-AppManager,e1f6ba10812c74016ad626e11e27a1ae450aec2c0964a11466abb9e7a9c8ef84,service-call,storage,,unknown,unknown,1,0,unknown,fd-AppManager-evidence.json#/rows/3671,False,False
fd-AppManager,e1f6ba10812c74016ad626e11e27a1ae450aec2c0964a11466abb9e7a9c8ef84,service-call,unknown,,unknown,yes-static,15,2,unknown,fd-AppManager-evidence.json#/rows/3672,False,False
fd-AppManager,e1f6ba10812c74016ad626e11e27a1ae450aec2c0964a11466abb9e7a9c8ef84,service-call,user,,unknown,unknown,1,0,unknown,fd-AppManager-evidence.json#/rows/3673,False,False
fd-AppManager,e1f6ba10812c74016ad626e11e27a1ae450aec2c0964a11466abb9e7a9c8ef84,service-call,window,,unknown,yes-static,10,1,unknown,fd-AppManager-evidence.json#/rows/3674,False,False
fd-AppManager,e1f6ba10812c74016ad626e11e27a1ae450aec2c0964a11466abb9e7a9c8ef84,service-interface-prerequisite,connectivity,android/net/IConnectivityManager,definition-absent,unknown,3,0,unresolvable-in-scanned-inputs,fd-AppManager-evidence.json#/rows/3679,True,False
fd-auxio,c2053d36c28dbe74de40eadcd8978ec874c465ed3352bba655d4b2b364780b45,direct-framework-reference,,android/media/LoudnessCodecController,definition-absent,unknown,4,0,unresolvable-in-scanned-inputs,fd-auxio-evidence.json#/rows/223,False,unknown
fd-auxio,c2053d36c28dbe74de40eadcd8978ec874c465ed3352bba655d4b2b364780b45,direct-framework-reference,,android/net/wifi/WifiManager$WifiLock,definition-absent,unknown,2,0,unresolvable-in-scanned-inputs,fd-auxio-evidence.json#/rows/287,False,unknown
fd-auxio,c2053d36c28dbe74de40eadcd8978ec874c465ed3352bba655d4b2b364780b45,direct-framework-reference,,android/view/ScrollFeedbackProvider,definition-absent,unknown,3,0,unresolvable-in-scanned-inputs,fd-auxio-evidence.json#/rows/476,False,unknown
fd-auxio,c2053d36c28dbe74de40eadcd8978ec874c465ed3352bba655d4b2b364780b45,manager-interface-prerequisite,connectivity,android/net/IConnectivityManager,definition-absent,unknown,1,0,unresolvable-in-scanned-inputs,fd-auxio-evidence.json#/rows/847,True,False
fd-auxio,c2053d36c28dbe74de40eadcd8978ec874c465ed3352bba655d4b2b364780b45,service-call,accessibility,,unknown,yes-static,14,1,unknown,fd-auxio-evidence.json#/rows/853,False,False
fd-auxio,c2053d36c28dbe74de40eadcd8978ec874c465ed3352bba655d4b2b364780b45,service-call,activity,,unknown,unknown,1,0,unknown,fd-auxio-evidence.json#/rows/854,False,False
fd-auxio,c2053d36c28dbe74de40eadcd8978ec874c465ed3352bba655d4b2b364780b45,service-call,captioning,,unknown,unknown,1,0,unknown,fd-auxio-evidence.json#/rows/855,False,False
fd-auxio,c2053d36c28dbe74de40eadcd8978ec874c465ed3352bba655d4b2b364780b45,service-call,display,,unknown,unknown,1,0,unknown,fd-auxio-evidence.json#/rows/856,False,False
fd-auxio,c2053d36c28dbe74de40eadcd8978ec874c465ed3352bba655d4b2b364780b45,service-call,input_method,,unknown,unknown,4,0,unknown,fd-auxio-evidence.json#/rows/857,False,False
fd-auxio,c2053d36c28dbe74de40eadcd8978ec874c465ed3352bba655d4b2b364780b45,service-call,layout_inflater,,unknown,unknown,1,0,unknown,fd-auxio-evidence.json#/rows/858,False,False
fd-auxio,c2053d36c28dbe74de40eadcd8978ec874c465ed3352bba655d4b2b364780b45,service-call,media_metrics,,unknown,unknown,1,0,unknown,fd-auxio-evidence.json#/rows/859,False,False
fd-auxio,c2053d36c28dbe74de40eadcd8978ec874c465ed3352bba655d4b2b364780b45,service-call,phone,,unknown,yes-static,2,1,unknown,fd-auxio-evidence.json#/rows/860,False,False
fd-auxio,c2053d36c28dbe74de40eadcd8978ec874c465ed3352bba655d4b2b364780b45,service-call,storage,,unknown,unknown,4,0,unknown,fd-auxio-evidence.json#/rows/861,False,False
fd-auxio,c2053d36c28dbe74de40eadcd8978ec874c465ed3352bba655d4b2b364780b45,service-call,unknown,,unknown,yes-static,20,6,unknown,fd-auxio-evidence.json#/rows/862,False,False
fd-auxio,c2053d36c28dbe74de40eadcd8978ec874c465ed3352bba655d4b2b364780b45,service-call,wifi,,unknown,unknown,1,0,unknown,fd-auxio-evidence.json#/rows/863,False,False
fd-auxio,c2053d36c28dbe74de40eadcd8978ec874c465ed3352bba655d4b2b364780b45,service-call,window,,unknown,yes-static,5,1,unknown,fd-auxio-evidence.json#/rows/864,False,False
fd-com-amaze-filemanager,35e0338dac1bf026f22d91e1b096c1c6eff1424ad7d6be52a7f8d3fe50987530,direct-framework-reference,,android/net/ssl/SSLSockets,definition-absent,unknown,2,0,unresolvable-in-scanned-inputs,fd-com-amaze-filemanager-evidence.json#/rows/270,False,unknown
fd-com-amaze-filemanager,35e0338dac1bf026f22d91e1b096c1c6eff1424ad7d6be52a7f8d3fe50987530,direct-framework-reference,,android/provider/MediaStore$Video$Thumbnails,definition-absent,unknown,1,0,unresolvable-in-scanned-inputs,fd-com-amaze-filemanager-evidence.json#/rows/327,False,unknown
fd-com-amaze-filemanager,35e0338dac1bf026f22d91e1b096c1c6eff1424ad7d6be52a7f8d3fe50987530,direct-framework-reference,,javax/annotation/processing/AbstractProcessor,definition-absent,unknown,1,0,unresolvable-in-scanned-inputs,fd-com-amaze-filemanager-evidence.json#/rows/1119,False,unknown
fd-com-amaze-filemanager,35e0338dac1bf026f22d91e1b096c1c6eff1424ad7d6be52a7f8d3fe50987530,direct-framework-reference,,javax/naming/NamingEnumeration,definition-absent,unknown,2,0,unresolvable-in-scanned-inputs,fd-com-amaze-filemanager-evidence.json#/rows/1157,False,unknown
fd-com-amaze-filemanager,35e0338dac1bf026f22d91e1b096c1c6eff1424ad7d6be52a7f8d3fe50987530,direct-framework-reference,,javax/naming/directory/Attribute,definition-absent,unknown,3,0,unresolvable-in-scanned-inputs,fd-com-amaze-filemanager-evidence.json#/rows/1158,False,unknown
fd-com-amaze-filemanager,35e0338dac1bf026f22d91e1b096c1c6eff1424ad7d6be52a7f8d3fe50987530,direct-framework-reference,,javax/naming/directory/Attributes,definition-absent,unknown,3,0,unresolvable-in-scanned-inputs,fd-com-amaze-filemanager-evidence.json#/rows/1159,False,unknown
fd-com-amaze-filemanager,35e0338dac1bf026f22d91e1b096c1c6eff1424ad7d6be52a7f8d3fe50987530,direct-framework-reference,,javax/naming/directory/DirContext,definition-absent,unknown,3,0,unresolvable-in-scanned-inputs,fd-com-amaze-filemanager-evidence.json#/rows/1160,False,unknown
fd-com-amaze-filemanager,35e0338dac1bf026f22d91e1b096c1c6eff1424ad7d6be52a7f8d3fe50987530,direct-framework-reference,,javax/naming/directory/InitialDirContext,definition-absent,unknown,3,0,unresolvable-in-scanned-inputs,fd-com-amaze-filemanager-evidence.json#/rows/1161,False,unknown
fd-com-amaze-filemanager,35e0338dac1bf026f22d91e1b096c1c6eff1424ad7d6be52a7f8d3fe50987530,direct-framework-reference,,javax/naming/directory/SearchControls,definition-absent,unknown,2,0,unresolvable-in-scanned-inputs,fd-com-amaze-filemanager-evidence.json#/rows/1162,False,unknown
fd-com-amaze-filemanager,35e0338dac1bf026f22d91e1b096c1c6eff1424ad7d6be52a7f8d3fe50987530,direct-framework-reference,,javax/naming/directory/SearchResult,definition-absent,unknown,2,0,unresolvable-in-scanned-inputs,fd-com-amaze-filemanager-evidence.json#/rows/1163,False,unknown
fd-com-amaze-filemanager,35e0338dac1bf026f22d91e1b096c1c6eff1424ad7d6be52a7f8d3fe50987530,manager-interface-prerequisite,connectivity,android/net/IConnectivityManager,definition-absent,unknown,10,0,unresolvable-in-scanned-inputs,fd-com-amaze-filemanager-evidence.json#/rows/1662,True,False
fd-com-amaze-filemanager,35e0338dac1bf026f22d91e1b096c1c6eff1424ad7d6be52a7f8d3fe50987530,service-call,accessibility,,unknown,yes-static,12,4,unknown,fd-com-amaze-filemanager-evidence.json#/rows/1669,False,False
fd-com-amaze-filemanager,35e0338dac1bf026f22d91e1b096c1c6eff1424ad7d6be52a7f8d3fe50987530,service-call,activity,,unknown,yes-static,3,2,unknown,fd-com-amaze-filemanager-evidence.json#/rows/1670,False,False
fd-com-amaze-filemanager,35e0338dac1bf026f22d91e1b096c1c6eff1424ad7d6be52a7f8d3fe50987530,service-call,biometric,,unknown,unknown,1,0,unknown,fd-com-amaze-filemanager-evidence.json#/rows/1671,False,False
fd-com-amaze-filemanager,35e0338dac1bf026f22d91e1b096c1c6eff1424ad7d6be52a7f8d3fe50987530,service-call,display,,unknown,unknown,1,0,unknown,fd-com-amaze-filemanager-evidence.json#/rows/1672,False,False
fd-com-amaze-filemanager,35e0338dac1bf026f22d91e1b096c1c6eff1424ad7d6be52a7f8d3fe50987530,service-call,fingerprint,,unknown,unknown,3,0,unknown,fd-com-amaze-filemanager-evidence.json#/rows/1673,False,False
fd-com-amaze-filemanager,35e0338dac1bf026f22d91e1b096c1c6eff1424ad7d6be52a7f8d3fe50987530,service-call,input_method,,unknown,unknown,13,0,unknown,fd-com-amaze-filemanager-evidence.json#/rows/1674,False,False
fd-com-amaze-filemanager,35e0338dac1bf026f22d91e1b096c1c6eff1424ad7d6be52a7f8d3fe50987530,service-call,keyguard,,unknown,unknown,3,0,unknown,fd-com-amaze-filemanager-evidence.json#/rows/1675,False,False
fd-com-amaze-filemanager,35e0338dac1bf026f22d91e1b096c1c6eff1424ad7d6be52a7f8d3fe50987530,service-call,layout_inflater,,unknown,unknown,10,0,unknown,fd-com-amaze-filemanager-evidence.json#/rows/1676,False,False
fd-com-amaze-filemanager,35e0338dac1bf026f22d91e1b096c1c6eff1424ad7d6be52a7f8d3fe50987530,service-call,unknown,,unknown,yes-static,9,5,unknown,fd-com-amaze-filemanager-evidence.json#/rows/1677,False,False
fd-com-amaze-filemanager,35e0338dac1bf026f22d91e1b096c1c6eff1424ad7d6be52a7f8d3fe50987530,service-call,usb,,unknown,yes-static,1,1,unknown,fd-com-amaze-filemanager-evidence.json#/rows/1678,False,False
fd-com-amaze-filemanager,35e0338dac1bf026f22d91e1b096c1c6eff1424ad7d6be52a7f8d3fe50987530,service-call,wifi,,unknown,unknown,1,0,unknown,fd-com-amaze-filemanager-evidence.json#/rows/1679,False,False
fd-com-amaze-filemanager,35e0338dac1bf026f22d91e1b096c1c6eff1424ad7d6be52a7f8d3fe50987530,service-call,window,,unknown,yes-static,8,1,unknown,fd-com-amaze-filemanager-evidence.json#/rows/1680,False,False
fd-com-amaze-filemanager,35e0338dac1bf026f22d91e1b096c1c6eff1424ad7d6be52a7f8d3fe50987530,service-interface-prerequisite,connectivity,android/net/IConnectivityManager,definition-absent,unknown,2,0,unresolvable-in-scanned-inputs,fd-com-amaze-filemanager-evidence.json#/rows/1685,True,False
fd-com-kunzisoft-keepass-libre,862f87a30baef06181f049adf7c460611605b25a807eaf3c25841a9dd84bed9e,direct-framework-reference,,android/bluetooth/BluetoothManager,definition-absent,unknown,1,0,unresolvable-in-scanned-inputs,fd-com-kunzisoft-keepass-libre-evidence.json#/rows/98,False,unknown
fd-com-kunzisoft-keepass-libre,862f87a30baef06181f049adf7c460611605b25a807eaf3c25841a9dd84bed9e,direct-framework-reference,,android/net/nsd/NsdManager,definition-absent,unknown,1,0,unresolvable-in-scanned-inputs,fd-com-kunzisoft-keepass-libre-evidence.json#/rows/368,False,unknown
fd-com-kunzisoft-keepass-libre,862f87a30baef06181f049adf7c460611605b25a807eaf3c25841a9dd84bed9e,direct-framework-reference,,android/net/wifi/p2p/WifiP2pManager,definition-absent,unknown,1,0,unresolvable-in-scanned-inputs,fd-com-kunzisoft-keepass-libre-evidence.json#/rows/370,False,unknown
fd-com-kunzisoft-keepass-libre,862f87a30baef06181f049adf7c460611605b25a807eaf3c25841a9dd84bed9e,direct-framework-reference,,java/lang/instrument/ClassFileTransformer,definition-absent,unknown,1,0,unresolvable-in-scanned-inputs,fd-com-kunzisoft-keepass-libre-evidence.json#/rows/1043,False,unknown
fd-com-kunzisoft-keepass-libre,862f87a30baef06181f049adf7c460611605b25a807eaf3c25841a9dd84bed9e,direct-framework-reference,,java/lang/instrument/Instrumentation,definition-absent,unknown,1,0,unresolvable-in-scanned-inputs,fd-com-kunzisoft-keepass-libre-evidence.json#/rows/1044,False,unknown
fd-com-kunzisoft-keepass-libre,862f87a30baef06181f049adf7c460611605b25a807eaf3c25841a9dd84bed9e,direct-framework-reference,,javax/naming/Binding,definition-absent,unknown,1,0,unresolvable-in-scanned-inputs,fd-com-kunzisoft-keepass-libre-evidence.json#/rows/1484,False,unknown
fd-com-kunzisoft-keepass-libre,862f87a30baef06181f049adf7c460611605b25a807eaf3c25841a9dd84bed9e,direct-framework-reference,,javax/naming/NamingEnumeration,definition-absent,unknown,3,0,unresolvable-in-scanned-inputs,fd-com-kunzisoft-keepass-libre-evidence.json#/rows/1485,False,unknown
fd-com-kunzisoft-keepass-libre,862f87a30baef06181f049adf7c460611605b25a807eaf3c25841a9dd84bed9e,direct-framework-reference,,javax/naming/NamingException,definition-absent,unknown,1,0,unresolvable-in-scanned-inputs,fd-com-kunzisoft-keepass-libre-evidence.json#/rows/1486,False,unknown
fd-com-kunzisoft-keepass-libre,862f87a30baef06181f049adf7c460611605b25a807eaf3c25841a9dd84bed9e,direct-framework-reference,,javax/naming/directory/Attribute,definition-absent,unknown,7,0,unresolvable-in-scanned-inputs,fd-com-kunzisoft-keepass-libre-evidence.json#/rows/1487,False,unknown
fd-com-kunzisoft-keepass-libre,862f87a30baef06181f049adf7c460611605b25a807eaf3c25841a9dd84bed9e,direct-framework-reference,,javax/naming/directory/Attributes,definition-absent,unknown,5,0,unresolvable-in-scanned-inputs,fd-com-kunzisoft-keepass-libre-evidence.json#/rows/1488,False,unknown
fd-com-kunzisoft-keepass-libre,862f87a30baef06181f049adf7c460611605b25a807eaf3c25841a9dd84bed9e,direct-framework-reference,,javax/naming/directory/DirContext,definition-absent,unknown,5,0,unresolvable-in-scanned-inputs,fd-com-kunzisoft-keepass-libre-evidence.json#/rows/1489,False,unknown
fd-com-kunzisoft-keepass-libre,862f87a30baef06181f049adf7c460611605b25a807eaf3c25841a9dd84bed9e,direct-framework-reference,,javax/naming/directory/InitialDirContext,definition-absent,unknown,5,0,unresolvable-in-scanned-inputs,fd-com-kunzisoft-keepass-libre-evidence.json#/rows/1490,False,unknown
fd-com-kunzisoft-keepass-libre,862f87a30baef06181f049adf7c460611605b25a807eaf3c25841a9dd84bed9e,direct-framework-reference,,javax/naming/directory/SearchControls,definition-absent,unknown,2,0,unresolvable-in-scanned-inputs,fd-com-kunzisoft-keepass-libre-evidence.json#/rows/1491,False,unknown
fd-com-kunzisoft-keepass-libre,862f87a30baef06181f049adf7c460611605b25a807eaf3c25841a9dd84bed9e,direct-framework-reference,,javax/naming/directory/SearchResult,definition-absent,unknown,2,0,unresolvable-in-scanned-inputs,fd-com-kunzisoft-keepass-libre-evidence.json#/rows/1492,False,unknown
fd-com-kunzisoft-keepass-libre,862f87a30baef06181f049adf7c460611605b25a807eaf3c25841a9dd84bed9e,manager-interface-prerequisite,connectivity,android/net/IConnectivityManager,definition-absent,unknown,6,0,unresolvable-in-scanned-inputs,fd-com-kunzisoft-keepass-libre-evidence.json#/rows/2260,True,False
fd-com-kunzisoft-keepass-libre,862f87a30baef06181f049adf7c460611605b25a807eaf3c25841a9dd84bed9e,service-call,accessibility,,unknown,yes-static,16,1,unknown,fd-com-kunzisoft-keepass-libre-evidence.json#/rows/2267,False,False
fd-com-kunzisoft-keepass-libre,862f87a30baef06181f049adf7c460611605b25a807eaf3c25841a9dd84bed9e,service-call,activity,,unknown,unknown,4,0,unknown,fd-com-kunzisoft-keepass-libre-evidence.json#/rows/2268,False,False
fd-com-kunzisoft-keepass-libre,862f87a30baef06181f049adf7c460611605b25a807eaf3c25841a9dd84bed9e,service-call,biometric,,unknown,unknown,1,0,unknown,fd-com-kunzisoft-keepass-libre-evidence.json#/rows/2269,False,False
fd-com-kunzisoft-keepass-libre,862f87a30baef06181f049adf7c460611605b25a807eaf3c25841a9dd84bed9e,service-call,credential,,unknown,unknown,1,0,unknown,fd-com-kunzisoft-keepass-libre-evidence.json#/rows/2270,False,False
fd-com-kunzisoft-keepass-libre,862f87a30baef06181f049adf7c460611605b25a807eaf3c25841a9dd84bed9e,service-call,display,,unknown,unknown,3,0,unknown,fd-com-kunzisoft-keepass-libre-evidence.json#/rows/2271,False,False
fd-com-kunzisoft-keepass-libre,862f87a30baef06181f049adf7c460611605b25a807eaf3c25841a9dd84bed9e,service-call,fingerprint,,unknown,unknown,2,0,unknown,fd-com-kunzisoft-keepass-libre-evidence.json#/rows/2272,False,False
fd-com-kunzisoft-keepass-libre,862f87a30baef06181f049adf7c460611605b25a807eaf3c25841a9dd84bed9e,service-call,input_method,,unknown,unknown,16,0,unknown,fd-com-kunzisoft-keepass-libre-evidence.json#/rows/2273,False,False
fd-com-kunzisoft-keepass-libre,862f87a30baef06181f049adf7c460611605b25a807eaf3c25841a9dd84bed9e,service-call,keyguard,,unknown,unknown,4,0,unknown,fd-com-kunzisoft-keepass-libre-evidence.json#/rows/2274,False,False
fd-com-kunzisoft-keepass-libre,862f87a30baef06181f049adf7c460611605b25a807eaf3c25841a9dd84bed9e,service-call,layout_inflater,,unknown,unknown,17,0,unknown,fd-com-kunzisoft-keepass-libre-evidence.json#/rows/2275,False,False
fd-com-kunzisoft-keepass-libre,862f87a30baef06181f049adf7c460611605b25a807eaf3c25841a9dd84bed9e,service-call,media_session,,unknown,unknown,1,0,unknown,fd-com-kunzisoft-keepass-libre-evidence.json#/rows/2276,False,False
fd-com-kunzisoft-keepass-libre,862f87a30baef06181f049adf7c460611605b25a807eaf3c25841a9dd84bed9e,service-call,print,,unknown,unknown,2,0,unknown,fd-com-kunzisoft-keepass-libre-evidence.json#/rows/2277,False,False
fd-com-kunzisoft-keepass-libre,862f87a30baef06181f049adf7c460611605b25a807eaf3c25841a9dd84bed9e,service-call,unknown,,unknown,unknown,12,0,unknown,fd-com-kunzisoft-keepass-libre-evidence.json#/rows/2278,False,False
fd-com-kunzisoft-keepass-libre,862f87a30baef06181f049adf7c460611605b25a807eaf3c25841a9dd84bed9e,service-call,user,,unknown,unknown,1,0,unknown,fd-com-kunzisoft-keepass-libre-evidence.json#/rows/2279,False,False
fd-com-kunzisoft-keepass-libre,862f87a30baef06181f049adf7c460611605b25a807eaf3c25841a9dd84bed9e,service-call,window,,unknown,yes-static,10,1,unknown,fd-com-kunzisoft-keepass-libre-evidence.json#/rows/2280,False,False
fd-droidify,da3070f3f18bdbed1eab666677afd39e4b19a60c70f0bfca68a5730147f81f10,direct-framework-reference,,android/hardware/camera2/CameraDevice$CameraDeviceSetup,definition-absent,unknown,5,0,unresolvable-in-scanned-inputs,fd-droidify-evidence.json#/rows/234,False,unknown
fd-droidify,da3070f3f18bdbed1eab666677afd39e4b19a60c70f0bfca68a5730147f81f10,direct-framework-reference,,android/net/ssl/SSLSockets,definition-absent,unknown,2,0,unresolvable-in-scanned-inputs,fd-droidify-evidence.json#/rows/279,False,unknown
fd-droidify,da3070f3f18bdbed1eab666677afd39e4b19a60c70f0bfca68a5730147f81f10,direct-framework-reference,,android/view/DisplayListCanvas,definition-absent,unknown,2,0,unresolvable-in-scanned-inputs,fd-droidify-evidence.json#/rows/430,False,unknown
fd-droidify,da3070f3f18bdbed1eab666677afd39e4b19a60c70f0bfca68a5730147f81f10,direct-framework-reference,,android/view/RenderNode,definition-absent,yes-static,29,8,unresolvable-in-scanned-inputs,fd-droidify-evidence.json#/rows/461,False,unknown
fd-droidify,da3070f3f18bdbed1eab666677afd39e4b19a60c70f0bfca68a5730147f81f10,direct-framework-reference,,android/view/ScrollFeedbackProvider,definition-absent,unknown,3,0,unresolvable-in-scanned-inputs,fd-droidify-evidence.json#/rows/469,False,unknown
fd-droidify,da3070f3f18bdbed1eab666677afd39e4b19a60c70f0bfca68a5730147f81f10,manager-interface-prerequisite,connectivity,android/net/IConnectivityManager,definition-absent,yes-static,20,4,unresolvable-in-scanned-inputs,fd-droidify-evidence.json#/rows/1034,True,False
fd-droidify,da3070f3f18bdbed1eab666677afd39e4b19a60c70f0bfca68a5730147f81f10,service-call,accessibility,,unknown,yes-static,13,3,unknown,fd-droidify-evidence.json#/rows/1041,False,False
fd-droidify,da3070f3f18bdbed1eab666677afd39e4b19a60c70f0bfca68a5730147f81f10,service-call,activity,,unknown,yes-static,4,2,unknown,fd-droidify-evidence.json#/rows/1042,False,False
fd-droidify,da3070f3f18bdbed1eab666677afd39e4b19a60c70f0bfca68a5730147f81f10,service-call,camera,,unknown,unknown,2,0,unknown,fd-droidify-evidence.json#/rows/1043,False,False
fd-droidify,da3070f3f18bdbed1eab666677afd39e4b19a60c70f0bfca68a5730147f81f10,service-call,display,,unknown,unknown,2,0,unknown,fd-droidify-evidence.json#/rows/1044,False,False
fd-droidify,da3070f3f18bdbed1eab666677afd39e4b19a60c70f0bfca68a5730147f81f10,service-call,input_method,,unknown,yes-static,8,2,unknown,fd-droidify-evidence.json#/rows/1045,False,False
fd-droidify,da3070f3f18bdbed1eab666677afd39e4b19a60c70f0bfca68a5730147f81f10,service-call,layout_inflater,,unknown,unknown,2,0,unknown,fd-droidify-evidence.json#/rows/1046,False,False
fd-droidify,da3070f3f18bdbed1eab666677afd39e4b19a60c70f0bfca68a5730147f81f10,service-call,unknown,,unknown,yes-static,25,11,unknown,fd-droidify-evidence.json#/rows/1047,False,False
fd-droidify,da3070f3f18bdbed1eab666677afd39e4b19a60c70f0bfca68a5730147f81f10,service-call,user,,unknown,unknown,1,0,unknown,fd-droidify-evidence.json#/rows/1048,False,False
fd-droidify,da3070f3f18bdbed1eab666677afd39e4b19a60c70f0bfca68a5730147f81f10,service-call,window,,unknown,yes-static,9,2,unknown,fd-droidify-evidence.json#/rows/1049,False,False
fd-droidify,da3070f3f18bdbed1eab666677afd39e4b19a60c70f0bfca68a5730147f81f10,service-interface-prerequisite,connectivity,android/net/IConnectivityManager,definition-absent,yes-static,4,3,unresolvable-in-scanned-inputs,fd-droidify-evidence.json#/rows/1054,True,False
fd-fitness,e1708c7c4256748a5825e3f898a6898dac8a0988f6499c78d63ea48bbf8f352b,direct-framework-reference,,android/bluetooth/BluetoothAdapter,definition-absent,unknown,7,0,unresolvable-in-scanned-inputs,fd-fitness-evidence.json#/rows/48,False,unknown
fd-fitness,e1708c7c4256748a5825e3f898a6898dac8a0988f6499c78d63ea48bbf8f352b,direct-framework-reference,,android/bluetooth/BluetoothGatt,definition-absent,unknown,25,0,unresolvable-in-scanned-inputs,fd-fitness-evidence.json#/rows/50,False,unknown
fd-fitness,e1708c7c4256748a5825e3f898a6898dac8a0988f6499c78d63ea48bbf8f352b,direct-framework-reference,,android/bluetooth/BluetoothGattCallback,definition-absent,unknown,2,0,unresolvable-in-scanned-inputs,fd-fitness-evidence.json#/rows/51,False,unknown
fd-fitness,e1708c7c4256748a5825e3f898a6898dac8a0988f6499c78d63ea48bbf8f352b,direct-framework-reference,,android/bluetooth/BluetoothGattCharacteristic,definition-absent,unknown,19,0,unresolvable-in-scanned-inputs,fd-fitness-evidence.json#/rows/52,False,unknown
fd-fitness,e1708c7c4256748a5825e3f898a6898dac8a0988f6499c78d63ea48bbf8f352b,direct-framework-reference,,android/bluetooth/BluetoothGattDescriptor,definition-absent,unknown,8,0,unresolvable-in-scanned-inputs,fd-fitness-evidence.json#/rows/53,False,unknown
fd-fitness,e1708c7c4256748a5825e3f898a6898dac8a0988f6499c78d63ea48bbf8f352b,direct-framework-reference,,android/bluetooth/BluetoothGattService,definition-absent,unknown,3,0,unresolvable-in-scanned-inputs,fd-fitness-evidence.json#/rows/54,False,unknown
fd-fitness,e1708c7c4256748a5825e3f898a6898dac8a0988f6499c78d63ea48bbf8f352b,direct-framework-reference,,android/bluetooth/le/BluetoothLeScanner,definition-absent,unknown,3,0,unresolvable-in-scanned-inputs,fd-fitness-evidence.json#/rows/55,False,unknown
fd-fitness,e1708c7c4256748a5825e3f898a6898dac8a0988f6499c78d63ea48bbf8f352b,direct-framework-reference,,android/bluetooth/le/ScanCallback,definition-absent,unknown,4,0,unresolvable-in-scanned-inputs,fd-fitness-evidence.json#/rows/56,False,unknown
fd-fitness,e1708c7c4256748a5825e3f898a6898dac8a0988f6499c78d63ea48bbf8f352b,direct-framework-reference,,android/bluetooth/le/ScanSettings,definition-absent,unknown,1,0,unresolvable-in-scanned-inputs,fd-fitness-evidence.json#/rows/58,False,unknown
fd-fitness,e1708c7c4256748a5825e3f898a6898dac8a0988f6499c78d63ea48bbf8f352b,direct-framework-reference,,android/bluetooth/le/ScanSettings$Builder,definition-absent,unknown,1,0,unresolvable-in-scanned-inputs,fd-fitness-evidence.json#/rows/59,False,unknown
fd-fitness,e1708c7c4256748a5825e3f898a6898dac8a0988f6499c78d63ea48bbf8f352b,direct-framework-reference,,android/provider/MediaStore$Downloads,definition-absent,unknown,1,0,unresolvable-in-scanned-inputs,fd-fitness-evidence.json#/rows/284,False,unknown
fd-fitness,e1708c7c4256748a5825e3f898a6898dac8a0988f6499c78d63ea48bbf8f352b,direct-framework-reference,,android/view/DisplayListCanvas,definition-absent,unknown,2,0,unresolvable-in-scanned-inputs,fd-fitness-evidence.json#/rows/385,False,unknown
fd-fitness,e1708c7c4256748a5825e3f898a6898dac8a0988f6499c78d63ea48bbf8f352b,direct-framework-reference,,android/view/RenderNode,definition-absent,yes-static,28,7,unresolvable-in-scanned-inputs,fd-fitness-evidence.json#/rows/416,False,unknown
fd-fitness,e1708c7c4256748a5825e3f898a6898dac8a0988f6499c78d63ea48bbf8f352b,direct-framework-reference,,android/view/ScrollFeedbackProvider,definition-absent,unknown,3,0,unresolvable-in-scanned-inputs,fd-fitness-evidence.json#/rows/423,False,unknown
fd-fitness,e1708c7c4256748a5825e3f898a6898dac8a0988f6499c78d63ea48bbf8f352b,direct-framework-reference,,javax/xml/bind/DatatypeConverter,definition-absent,unknown,1,0,unresolvable-in-scanned-inputs,fd-fitness-evidence.json#/rows/931,False,unknown
fd-fitness,e1708c7c4256748a5825e3f898a6898dac8a0988f6499c78d63ea48bbf8f352b,direct-framework-reference,,org/apache/commons/codec/binary/Base64,definition-absent,unknown,3,0,unresolvable-in-scanned-inputs,fd-fitness-evidence.json#/rows/987,False,unknown
fd-fitness,e1708c7c4256748a5825e3f898a6898dac8a0988f6499c78d63ea48bbf8f352b,manager-interface-prerequisite,connectivity,android/net/IConnectivityManager,definition-absent,yes-static,12,3,unresolvable-in-scanned-inputs,fd-fitness-evidence.json#/rows/1034,True,False
fd-fitness,e1708c7c4256748a5825e3f898a6898dac8a0988f6499c78d63ea48bbf8f352b,service-call,accessibility,,unknown,yes-static,6,3,unknown,fd-fitness-evidence.json#/rows/1041,False,False
fd-fitness,e1708c7c4256748a5825e3f898a6898dac8a0988f6499c78d63ea48bbf8f352b,service-call,activity,,unknown,yes-static,4,3,unknown,fd-fitness-evidence.json#/rows/1042,False,False
fd-fitness,e1708c7c4256748a5825e3f898a6898dac8a0988f6499c78d63ea48bbf8f352b,service-call,input_method,,unknown,unknown,7,0,unknown,fd-fitness-evidence.json#/rows/1043,False,False
fd-fitness,e1708c7c4256748a5825e3f898a6898dac8a0988f6499c78d63ea48bbf8f352b,service-call,layout_inflater,,unknown,unknown,1,0,unknown,fd-fitness-evidence.json#/rows/1044,False,False
fd-fitness,e1708c7c4256748a5825e3f898a6898dac8a0988f6499c78d63ea48bbf8f352b,service-call,sensor,,unknown,unknown,2,0,unknown,fd-fitness-evidence.json#/rows/1045,False,False
fd-fitness,e1708c7c4256748a5825e3f898a6898dac8a0988f6499c78d63ea48bbf8f352b,service-call,unknown,,unknown,yes-static,20,7,unknown,fd-fitness-evidence.json#/rows/1046,False,False
fd-fitness,e1708c7c4256748a5825e3f898a6898dac8a0988f6499c78d63ea48bbf8f352b,service-call,user,,unknown,unknown,1,0,unknown,fd-fitness-evidence.json#/rows/1047,False,False
fd-fitness,e1708c7c4256748a5825e3f898a6898dac8a0988f6499c78d63ea48bbf8f352b,service-call,vibrator,,unknown,unknown,1,0,unknown,fd-fitness-evidence.json#/rows/1048,False,False
fd-fitness,e1708c7c4256748a5825e3f898a6898dac8a0988f6499c78d63ea48bbf8f352b,service-call,window,,unknown,unknown,10,0,unknown,fd-fitness-evidence.json#/rows/1049,False,False
fd-fitness,e1708c7c4256748a5825e3f898a6898dac8a0988f6499c78d63ea48bbf8f352b,service-interface-prerequisite,connectivity,android/net/IConnectivityManager,definition-absent,yes-static,2,2,unresolvable-in-scanned-inputs,fd-fitness-evidence.json#/rows/1053,True,False
fd-netguard,158b4308da0006298d22ed557adbff24b282fddeb1bc0b3468829a60f405a8c4,direct-framework-reference,,android/provider/MediaStore$Video$Thumbnails,definition-absent,unknown,1,0,unresolvable-in-scanned-inputs,fd-netguard-evidence.json#/rows/242,False,unknown
fd-netguard,158b4308da0006298d22ed557adbff24b282fddeb1bc0b3468829a60f405a8c4,manager-interface-prerequisite,connectivity,android/net/IConnectivityManager,definition-absent,yes-static,29,2,unresolvable-in-scanned-inputs,fd-netguard-evidence.json#/rows/668,True,False
fd-netguard,158b4308da0006298d22ed557adbff24b282fddeb1bc0b3468829a60f405a8c4,service-call,accessibility,,unknown,yes-static,3,1,unknown,fd-netguard-evidence.json#/rows/674,False,False
fd-netguard,158b4308da0006298d22ed557adbff24b282fddeb1bc0b3468829a60f405a8c4,service-call,activity,,unknown,unknown,1,0,unknown,fd-netguard-evidence.json#/rows/675,False,False
fd-netguard,158b4308da0006298d22ed557adbff24b282fddeb1bc0b3468829a60f405a8c4,service-call,input_method,,unknown,unknown,5,0,unknown,fd-netguard-evidence.json#/rows/676,False,False
fd-netguard,158b4308da0006298d22ed557adbff24b282fddeb1bc0b3468829a60f405a8c4,service-call,layout_inflater,,unknown,yes-static,4,1,unknown,fd-netguard-evidence.json#/rows/677,False,False
fd-netguard,158b4308da0006298d22ed557adbff24b282fddeb1bc0b3468829a60f405a8c4,service-call,phone,,unknown,unknown,7,0,unknown,fd-netguard-evidence.json#/rows/678,False,False
fd-netguard,158b4308da0006298d22ed557adbff24b282fddeb1bc0b3468829a60f405a8c4,service-call,unknown,,unknown,yes-static,8,1,unknown,fd-netguard-evidence.json#/rows/679,False,False
fd-netguard,158b4308da0006298d22ed557adbff24b282fddeb1bc0b3468829a60f405a8c4,service-call,vibrator,,unknown,unknown,1,0,unknown,fd-netguard-evidence.json#/rows/680,False,False
fd-netguard,158b4308da0006298d22ed557adbff24b282fddeb1bc0b3468829a60f405a8c4,service-call,wifi,,unknown,unknown,2,0,unknown,fd-netguard-evidence.json#/rows/681,False,False
fd-netguard,158b4308da0006298d22ed557adbff24b282fddeb1bc0b3468829a60f405a8c4,service-call,window,,unknown,yes-static,6,1,unknown,fd-netguard-evidence.json#/rows/682,False,False
fd-netguard,158b4308da0006298d22ed557adbff24b282fddeb1bc0b3468829a60f405a8c4,service-interface-prerequisite,connectivity,android/net/IConnectivityManager,definition-absent,yes-static,23,1,unresolvable-in-scanned-inputs,fd-netguard-evidence.json#/rows/687,True,False
fd-noice,8e11b3136977e9f5dc897de85c26add9a219ea61884feabcbcd4e33566d5d2ca,direct-framework-reference,,android/bluetooth/BluetoothManager,definition-absent,unknown,1,0,unresolvable-in-scanned-inputs,fd-noice-evidence.json#/rows/67,False,unknown
fd-noice,8e11b3136977e9f5dc897de85c26add9a219ea61884feabcbcd4e33566d5d2ca,direct-framework-reference,,android/net/nsd/NsdManager,definition-absent,unknown,1,0,unresolvable-in-scanned-inputs,fd-noice-evidence.json#/rows/332,False,unknown
fd-noice,8e11b3136977e9f5dc897de85c26add9a219ea61884feabcbcd4e33566d5d2ca,direct-framework-reference,,android/net/ssl/SSLSockets,definition-absent,unknown,2,0,unresolvable-in-scanned-inputs,fd-noice-evidence.json#/rows/333,False,unknown
fd-noice,8e11b3136977e9f5dc897de85c26add9a219ea61884feabcbcd4e33566d5d2ca,direct-framework-reference,,android/net/wifi/WifiManager$WifiLock,definition-absent,yes-static,2,1,unresolvable-in-scanned-inputs,fd-noice-evidence.json#/rows/335,False,unknown
fd-noice,8e11b3136977e9f5dc897de85c26add9a219ea61884feabcbcd4e33566d5d2ca,direct-framework-reference,,android/net/wifi/p2p/WifiP2pManager,definition-absent,unknown,1,0,unresolvable-in-scanned-inputs,fd-noice-evidence.json#/rows/336,False,unknown
fd-noice,8e11b3136977e9f5dc897de85c26add9a219ea61884feabcbcd4e33566d5d2ca,manager-interface-prerequisite,connectivity,android/net/IConnectivityManager,definition-absent,yes-static,26,2,unresolvable-in-scanned-inputs,fd-noice-evidence.json#/rows/1010,True,False
fd-noice,8e11b3136977e9f5dc897de85c26add9a219ea61884feabcbcd4e33566d5d2ca,service-call,accessibility,,unknown,yes-static,13,3,unknown,fd-noice-evidence.json#/rows/1017,False,False
fd-noice,8e11b3136977e9f5dc897de85c26add9a219ea61884feabcbcd4e33566d5d2ca,service-call,activity,,unknown,yes-static,3,1,unknown,fd-noice-evidence.json#/rows/1018,False,False
fd-noice,8e11b3136977e9f5dc897de85c26add9a219ea61884feabcbcd4e33566d5d2ca,service-call,captioning,,unknown,unknown,1,0,unknown,fd-noice-evidence.json#/rows/1019,False,False
fd-noice,8e11b3136977e9f5dc897de85c26add9a219ea61884feabcbcd4e33566d5d2ca,service-call,display,,unknown,unknown,1,0,unknown,fd-noice-evidence.json#/rows/1020,False,False
fd-noice,8e11b3136977e9f5dc897de85c26add9a219ea61884feabcbcd4e33566d5d2ca,service-call,input_method,,unknown,unknown,7,0,unknown,fd-noice-evidence.json#/rows/1021,False,False
fd-noice,8e11b3136977e9f5dc897de85c26add9a219ea61884feabcbcd4e33566d5d2ca,service-call,layout_inflater,,unknown,unknown,2,0,unknown,fd-noice-evidence.json#/rows/1022,False,False
fd-noice,8e11b3136977e9f5dc897de85c26add9a219ea61884feabcbcd4e33566d5d2ca,service-call,media_metrics,,unknown,unknown,1,0,unknown,fd-noice-evidence.json#/rows/1023,False,False
fd-noice,8e11b3136977e9f5dc897de85c26add9a219ea61884feabcbcd4e33566d5d2ca,service-call,media_session,,unknown,unknown,1,0,unknown,fd-noice-evidence.json#/rows/1024,False,False
fd-noice,8e11b3136977e9f5dc897de85c26add9a219ea61884feabcbcd4e33566d5d2ca,service-call,phone,,unknown,unknown,1,0,unknown,fd-noice-evidence.json#/rows/1025,False,False
fd-noice,8e11b3136977e9f5dc897de85c26add9a219ea61884feabcbcd4e33566d5d2ca,service-call,unknown,,unknown,yes-static,19,1,unknown,fd-noice-evidence.json#/rows/1026,False,False
fd-noice,8e11b3136977e9f5dc897de85c26add9a219ea61884feabcbcd4e33566d5d2ca,service-call,user,,unknown,unknown,1,0,unknown,fd-noice-evidence.json#/rows/1027,False,False
fd-noice,8e11b3136977e9f5dc897de85c26add9a219ea61884feabcbcd4e33566d5d2ca,service-call,vibrator,,unknown,unknown,1,0,unknown,fd-noice-evidence.json#/rows/1028,False,False
fd-noice,8e11b3136977e9f5dc897de85c26add9a219ea61884feabcbcd4e33566d5d2ca,service-call,wifi,,unknown,unknown,1,0,unknown,fd-noice-evidence.json#/rows/1029,False,False
fd-noice,8e11b3136977e9f5dc897de85c26add9a219ea61884feabcbcd4e33566d5d2ca,service-call,window,,unknown,yes-static,5,1,unknown,fd-noice-evidence.json#/rows/1030,False,False
fd-noice,8e11b3136977e9f5dc897de85c26add9a219ea61884feabcbcd4e33566d5d2ca,service-interface-prerequisite,connectivity,android/net/IConnectivityManager,definition-absent,yes-static,4,2,unresolvable-in-scanned-inputs,fd-noice-evidence.json#/rows/1035,True,False
