app,apk_sha256,kind,service,class,availability,startup_reachable,full_method_reference_count,startup_method_reference_count,runtime_load,evidence,stub_ok,needs_real
fd-binaryeye,428c26249c706bd79610d03a1a985dcc0efd9dd5469fc9be92c703459a4d5f93,direct-framework-reference,,android/accessibilityservice/AccessibilityServiceInfo,definition-present,unknown,1,0,unknown,fd-binaryeye-evidence.json#/rows/0,False,unknown
fd-binaryeye,428c26249c706bd79610d03a1a985dcc0efd9dd5469fc9be92c703459a4d5f93,direct-framework-reference,,android/accounts/AccountManager,definition-present,unknown,1,0,unknown,fd-binaryeye-evidence.json#/rows/1,False,unknown
fd-binaryeye,428c26249c706bd79610d03a1a985dcc0efd9dd5469fc9be92c703459a4d5f93,direct-framework-reference,,android/animation/Animator,definition-present,unknown,30,0,unknown,fd-binaryeye-evidence.json#/rows/2,False,unknown
fd-binaryeye,428c26249c706bd79610d03a1a985dcc0efd9dd5469fc9be92c703459a4d5f93,direct-framework-reference,,android/animation/Animator$AnimatorListener,definition-present,unknown,1,0,unknown,fd-binaryeye-evidence.json#/rows/3,False,unknown
fd-binaryeye,428c26249c706bd79610d03a1a985dcc0efd9dd5469fc9be92c703459a4d5f93,direct-framework-reference,,android/animation/AnimatorInflater,definition-present,unknown,3,0,unknown,fd-binaryeye-evidence.json#/rows/4,False,unknown
fd-binaryeye,428c26249c706bd79610d03a1a985dcc0efd9dd5469fc9be92c703459a4d5f93,direct-framework-reference,,android/animation/AnimatorListenerAdapter,definition-present,unknown,17,0,unknown,fd-binaryeye-evidence.json#/rows/5,False,unknown
fd-binaryeye,428c26249c706bd79610d03a1a985dcc0efd9dd5469fc9be92c703459a4d5f93,direct-framework-reference,,android/animation/AnimatorSet,definition-present,unknown,19,0,unknown,fd-binaryeye-evidence.json#/rows/6,False,unknown
fd-binaryeye,428c26249c706bd79610d03a1a985dcc0efd9dd5469fc9be92c703459a4d5f93,direct-framework-reference,,android/animation/AnimatorSet$Builder,definition-present,unknown,1,0,unknown,fd-binaryeye-evidence.json#/rows/7,False,unknown
fd-binaryeye,428c26249c706bd79610d03a1a985dcc0efd9dd5469fc9be92c703459a4d5f93,direct-framework-reference,,android/animation/FloatEvaluator,definition-present,unknown,2,0,unknown,fd-binaryeye-evidence.json#/rows/8,False,unknown
fd-binaryeye,428c26249c706bd79610d03a1a985dcc0efd9dd5469fc9be92c703459a4d5f93,direct-framework-reference,,android/animation/Keyframe,definition-present,unknown,1,0,unknown,fd-binaryeye-evidence.json#/rows/9,False,unknown
fd-binaryeye,428c26249c706bd79610d03a1a985dcc0efd9dd5469fc9be92c703459a4d5f93,direct-framework-reference,,android/animation/ObjectAnimator,definition-present,unknown,14,0,unknown,fd-binaryeye-evidence.json#/rows/10,False,unknown
fd-binaryeye,428c26249c706bd79610d03a1a985dcc0efd9dd5469fc9be92c703459a4d5f93,direct-framework-reference,,android/animation/PropertyValuesHolder,definition-present,unknown,4,0,unknown,fd-binaryeye-evidence.json#/rows/11,False,unknown
fd-binaryeye,428c26249c706bd79610d03a1a985dcc0efd9dd5469fc9be92c703459a4d5f93,direct-framework-reference,,android/animation/StateListAnimator,definition-present,unknown,1,0,unknown,fd-binaryeye-evidence.json#/rows/12,False,unknown
fd-binaryeye,428c26249c706bd79610d03a1a985dcc0efd9dd5469fc9be92c703459a4d5f93,direct-framework-reference,,android/animation/TimeInterpolator,definition-present,unknown,23,0,unknown,fd-binaryeye-evidence.json#/rows/13,False,unknown
fd-binaryeye,428c26249c706bd79610d03a1a985dcc0efd9dd5469fc9be92c703459a4d5f93,direct-framework-reference,,android/animation/TypeEvaluator,definition-present,unknown,3,0,unknown,fd-binaryeye-evidence.json#/rows/14,False,unknown
fd-binaryeye,428c26249c706bd79610d03a1a985dcc0efd9dd5469fc9be92c703459a4d5f93,direct-framework-reference,,android/animation/ValueAnimator,definition-present,unknown,24,0,unknown,fd-binaryeye-evidence.json#/rows/15,False,unknown
fd-binaryeye,428c26249c706bd79610d03a1a985dcc0efd9dd5469fc9be92c703459a4d5f93,direct-framework-reference,,android/app/ActionBar,definition-present,unknown,1,0,unknown,fd-binaryeye-evidence.json#/rows/16,False,unknown
fd-binaryeye,428c26249c706bd79610d03a1a985dcc0efd9dd5469fc9be92c703459a4d5f93,direct-framework-reference,,android/app/Activity,definition-present,yes-static,169,2,unknown,fd-binaryeye-evidence.json#/rows/17,False,unknown
fd-binaryeye,428c26249c706bd79610d03a1a985dcc0efd9dd5469fc9be92c703459a4d5f93,direct-framework-reference,,android/app/ActivityManager,definition-present,unknown,1,0,unknown,fd-binaryeye-evidence.json#/rows/18,False,unknown
fd-binaryeye,428c26249c706bd79610d03a1a985dcc0efd9dd5469fc9be92c703459a4d5f93,direct-framework-reference,,android/app/AlarmManager,definition-present,unknown,1,0,unknown,fd-binaryeye-evidence.json#/rows/19,False,unknown
fd-binaryeye,428c26249c706bd79610d03a1a985dcc0efd9dd5469fc9be92c703459a4d5f93,direct-framework-reference,,android/app/AppComponentFactory,definition-present,unknown,1,0,unknown,fd-binaryeye-evidence.json#/rows/20,False,unknown
fd-binaryeye,428c26249c706bd79610d03a1a985dcc0efd9dd5469fc9be92c703459a4d5f93,direct-framework-reference,,android/app/AppOpsManager,definition-present,unknown,7,0,unknown,fd-binaryeye-evidence.json#/rows/21,False,unknown
fd-binaryeye,428c26249c706bd79610d03a1a985dcc0efd9dd5469fc9be92c703459a4d5f93,direct-framework-reference,,android/app/Application,definition-present,yes-static,11,2,unknown,fd-binaryeye-evidence.json#/rows/22,False,unknown
fd-binaryeye,428c26249c706bd79610d03a1a985dcc0efd9dd5469fc9be92c703459a4d5f93,direct-framework-reference,,android/app/Application$ActivityLifecycleCallbacks,definition-present,unknown,1,0,unknown,fd-binaryeye-evidence.json#/rows/23,False,unknown
fd-binaryeye,428c26249c706bd79610d03a1a985dcc0efd9dd5469fc9be92c703459a4d5f93,direct-framework-reference,,android/app/Dialog,definition-present,unknown,49,0,unknown,fd-binaryeye-evidence.json#/rows/24,False,unknown
fd-binaryeye,428c26249c706bd79610d03a1a985dcc0efd9dd5469fc9be92c703459a4d5f93,direct-framework-reference,,android/app/DownloadManager,definition-present,unknown,1,0,unknown,fd-binaryeye-evidence.json#/rows/25,False,unknown
fd-binaryeye,428c26249c706bd79610d03a1a985dcc0efd9dd5469fc9be92c703459a4d5f93,direct-framework-reference,,android/app/Fragment,definition-present,unknown,10,0,unknown,fd-binaryeye-evidence.json#/rows/26,False,unknown
fd-binaryeye,428c26249c706bd79610d03a1a985dcc0efd9dd5469fc9be92c703459a4d5f93,direct-framework-reference,,android/app/FragmentManager,definition-present,unknown,2,0,unknown,fd-binaryeye-evidence.json#/rows/27,False,unknown
fd-binaryeye,428c26249c706bd79610d03a1a985dcc0efd9dd5469fc9be92c703459a4d5f93,direct-framework-reference,,android/app/FragmentTransaction,definition-present,unknown,1,0,unknown,fd-binaryeye-evidence.json#/rows/28,False,unknown
fd-binaryeye,428c26249c706bd79610d03a1a985dcc0efd9dd5469fc9be92c703459a4d5f93,direct-framework-reference,,android/app/KeyguardManager,definition-present,unknown,1,0,unknown,fd-binaryeye-evidence.json#/rows/29,False,unknown
fd-binaryeye,428c26249c706bd79610d03a1a985dcc0efd9dd5469fc9be92c703459a4d5f93,direct-framework-reference,,android/app/LocaleManager,definition-present,unknown,2,0,unknown,fd-binaryeye-evidence.json#/rows/30,False,unknown
fd-binaryeye,428c26249c706bd79610d03a1a985dcc0efd9dd5469fc9be92c703459a4d5f93,direct-framework-reference,,android/app/NotificationManager,definition-present,unknown,4,0,unknown,fd-binaryeye-evidence.json#/rows/31,False,unknown
fd-binaryeye,428c26249c706bd79610d03a1a985dcc0efd9dd5469fc9be92c703459a4d5f93,direct-framework-reference,,android/app/PendingIntent,definition-present,unknown,5,0,unknown,fd-binaryeye-evidence.json#/rows/32,False,unknown
fd-binaryeye,428c26249c706bd79610d03a1a985dcc0efd9dd5469fc9be92c703459a4d5f93,direct-framework-reference,,android/app/SearchManager,definition-present,unknown,2,0,unknown,fd-binaryeye-evidence.json#/rows/33,False,unknown
fd-binaryeye,428c26249c706bd79610d03a1a985dcc0efd9dd5469fc9be92c703459a4d5f93,direct-framework-reference,,android/app/SearchableInfo,definition-present,unknown,14,0,unknown,fd-binaryeye-evidence.json#/rows/34,False,unknown
fd-binaryeye,428c26249c706bd79610d03a1a985dcc0efd9dd5469fc9be92c703459a4d5f93,direct-framework-reference,,android/app/Service,definition-present,unknown,1,0,unknown,fd-binaryeye-evidence.json#/rows/35,False,unknown
fd-binaryeye,428c26249c706bd79610d03a1a985dcc0efd9dd5469fc9be92c703459a4d5f93,direct-framework-reference,,android/app/UiModeManager,definition-present,unknown,2,0,unknown,fd-binaryeye-evidence.json#/rows/36,False,unknown
fd-binaryeye,428c26249c706bd79610d03a1a985dcc0efd9dd5469fc9be92c703459a4d5f93,direct-framework-reference,,android/app/WallpaperManager,definition-present,unknown,1,0,unknown,fd-binaryeye-evidence.json#/rows/37,False,unknown
fd-binaryeye,428c26249c706bd79610d03a1a985dcc0efd9dd5469fc9be92c703459a4d5f93,direct-framework-reference,,android/app/admin/DevicePolicyManager,definition-present,unknown,1,0,unknown,fd-binaryeye-evidence.json#/rows/38,False,unknown
fd-binaryeye,428c26249c706bd79610d03a1a985dcc0efd9dd5469fc9be92c703459a4d5f93,direct-framework-reference,,android/app/job/JobScheduler,definition-present,unknown,1,0,unknown,fd-binaryeye-evidence.json#/rows/39,False,unknown
fd-binaryeye,428c26249c706bd79610d03a1a985dcc0efd9dd5469fc9be92c703459a4d5f93,direct-framework-reference,,android/app/usage/UsageStatsManager,definition-present,unknown,1,0,unknown,fd-binaryeye-evidence.json#/rows/40,False,unknown
fd-binaryeye,428c26249c706bd79610d03a1a985dcc0efd9dd5469fc9be92c703459a4d5f93,direct-framework-reference,,android/appwidget/AppWidgetManager,definition-present,unknown,1,0,unknown,fd-binaryeye-evidence.json#/rows/41,False,unknown
fd-binaryeye,428c26249c706bd79610d03a1a985dcc0efd9dd5469fc9be92c703459a4d5f93,direct-framework-reference,,android/bluetooth/BluetoothAdapter,definition-absent,unknown,3,0,unresolvable-in-scanned-inputs,fd-binaryeye-evidence.json#/rows/42,False,unknown
fd-binaryeye,428c26249c706bd79610d03a1a985dcc0efd9dd5469fc9be92c703459a4d5f93,direct-framework-reference,,android/bluetooth/BluetoothDevice,definition-present,unknown,2,0,unknown,fd-binaryeye-evidence.json#/rows/43,False,unknown
fd-binaryeye,428c26249c706bd79610d03a1a985dcc0efd9dd5469fc9be92c703459a4d5f93,direct-framework-reference,,android/bluetooth/BluetoothManager,definition-absent,unknown,1,0,unresolvable-in-scanned-inputs,fd-binaryeye-evidence.json#/rows/44,False,unknown
fd-binaryeye,428c26249c706bd79610d03a1a985dcc0efd9dd5469fc9be92c703459a4d5f93,direct-framework-reference,,android/bluetooth/BluetoothSocket,definition-absent,unknown,3,0,unresolvable-in-scanned-inputs,fd-binaryeye-evidence.json#/rows/45,False,unknown
fd-binaryeye,428c26249c706bd79610d03a1a985dcc0efd9dd5469fc9be92c703459a4d5f93,direct-framework-reference,,android/content/BroadcastReceiver,definition-present,unknown,6,0,unknown,fd-binaryeye-evidence.json#/rows/46,False,unknown
fd-binaryeye,428c26249c706bd79610d03a1a985dcc0efd9dd5469fc9be92c703459a4d5f93,direct-framework-reference,,android/content/ClipData,definition-present,unknown,14,0,unknown,fd-binaryeye-evidence.json#/rows/47,False,unknown
fd-binaryeye,428c26249c706bd79610d03a1a985dcc0efd9dd5469fc9be92c703459a4d5f93,direct-framework-reference,,android/content/ClipData$Item,definition-present,unknown,2,0,unknown,fd-binaryeye-evidence.json#/rows/48,False,unknown
fd-binaryeye,428c26249c706bd79610d03a1a985dcc0efd9dd5469fc9be92c703459a4d5f93,direct-framework-reference,,android/content/ClipDescription,definition-present,unknown,9,0,unknown,fd-binaryeye-evidence.json#/rows/49,False,unknown
fd-binaryeye,428c26249c706bd79610d03a1a985dcc0efd9dd5469fc9be92c703459a4d5f93,direct-framework-reference,,android/content/ClipboardManager,definition-present,unknown,4,0,unknown,fd-binaryeye-evidence.json#/rows/50,False,unknown
fd-binaryeye,428c26249c706bd79610d03a1a985dcc0efd9dd5469fc9be92c703459a4d5f93,direct-framework-reference,,android/content/ComponentName,definition-present,yes-static,18,1,unknown,fd-binaryeye-evidence.json#/rows/51,False,unknown
fd-binaryeye,428c26249c706bd79610d03a1a985dcc0efd9dd5469fc9be92c703459a4d5f93,direct-framework-reference,,android/content/ContentProvider,definition-present,yes-static,5,3,unknown,fd-binaryeye-evidence.json#/rows/52,False,unknown
fd-binaryeye,428c26249c706bd79610d03a1a985dcc0efd9dd5469fc9be92c703459a4d5f93,direct-framework-reference,,android/content/ContentProviderClient,definition-present,unknown,7,0,unknown,fd-binaryeye-evidence.json#/rows/53,False,unknown
fd-binaryeye,428c26249c706bd79610d03a1a985dcc0efd9dd5469fc9be92c703459a4d5f93,direct-framework-reference,,android/content/ContentResolver,definition-present,unknown,19,0,unknown,fd-binaryeye-evidence.json#/rows/54,False,unknown
fd-binaryeye,428c26249c706bd79610d03a1a985dcc0efd9dd5469fc9be92c703459a4d5f93,direct-framework-reference,,android/content/ContentUris,definition-present,unknown,1,0,unknown,fd-binaryeye-evidence.json#/rows/55,False,unknown
fd-binaryeye,428c26249c706bd79610d03a1a985dcc0efd9dd5469fc9be92c703459a4d5f93,direct-framework-reference,,android/content/ContentValues,definition-present,unknown,6,0,unknown,fd-binaryeye-evidence.json#/rows/56,False,unknown
fd-binaryeye,428c26249c706bd79610d03a1a985dcc0efd9dd5469fc9be92c703459a4d5f93,direct-framework-reference,,android/content/Context,definition-present,yes-static,767,8,unknown,fd-binaryeye-evidence.json#/rows/57,False,unknown
fd-binaryeye,428c26249c706bd79610d03a1a985dcc0efd9dd5469fc9be92c703459a4d5f93,direct-framework-reference,,android/content/ContextWrapper,definition-present,unknown,18,0,unknown,fd-binaryeye-evidence.json#/rows/58,False,unknown
fd-binaryeye,428c26249c706bd79610d03a1a985dcc0efd9dd5469fc9be92c703459a4d5f93,direct-framework-reference,,android/content/DialogInterface,definition-present,unknown,10,0,unknown,fd-binaryeye-evidence.json#/rows/59,False,unknown
fd-binaryeye,428c26249c706bd79610d03a1a985dcc0efd9dd5469fc9be92c703459a4d5f93,direct-framework-reference,,android/content/DialogInterface$OnCancelListener,definition-present,unknown,4,0,unknown,fd-binaryeye-evidence.json#/rows/60,False,unknown
fd-binaryeye,428c26249c706bd79610d03a1a985dcc0efd9dd5469fc9be92c703459a4d5f93,direct-framework-reference,,android/content/DialogInterface$OnClickListener,definition-present,unknown,30,0,unknown,fd-binaryeye-evidence.json#/rows/61,False,unknown
fd-binaryeye,428c26249c706bd79610d03a1a985dcc0efd9dd5469fc9be92c703459a4d5f93,direct-framework-reference,,android/content/DialogInterface$OnKeyListener,definition-present,unknown,1,0,unknown,fd-binaryeye-evidence.json#/rows/62,False,unknown
fd-binaryeye,428c26249c706bd79610d03a1a985dcc0efd9dd5469fc9be92c703459a4d5f93,direct-framework-reference,,android/content/Intent,definition-present,yes-static,91,1,unknown,fd-binaryeye-evidence.json#/rows/63,False,unknown
fd-binaryeye,428c26249c706bd79610d03a1a985dcc0efd9dd5469fc9be92c703459a4d5f93,direct-framework-reference,,android/content/IntentFilter,definition-present,unknown,2,0,unknown,fd-binaryeye-evidence.json#/rows/64,False,unknown
fd-binaryeye,428c26249c706bd79610d03a1a985dcc0efd9dd5469fc9be92c703459a4d5f93,direct-framework-reference,,android/content/IntentSender,definition-present,unknown,5,0,unknown,fd-binaryeye-evidence.json#/rows/65,False,unknown
fd-binaryeye,428c26249c706bd79610d03a1a985dcc0efd9dd5469fc9be92c703459a4d5f93,direct-framework-reference,,android/content/IntentSender$SendIntentException,definition-present,unknown,1,0,unknown,fd-binaryeye-evidence.json#/rows/66,False,unknown
fd-binaryeye,428c26249c706bd79610d03a1a985dcc0efd9dd5469fc9be92c703459a4d5f93,direct-framework-reference,,android/content/RestrictionsManager,definition-present,unknown,1,0,unknown,fd-binaryeye-evidence.json#/rows/67,False,unknown
fd-binaryeye,428c26249c706bd79610d03a1a985dcc0efd9dd5469fc9be92c703459a4d5f93,direct-framework-reference,,android/content/SharedPreferences,definition-present,yes-static,33,8,unknown,fd-binaryeye-evidence.json#/rows/68,False,unknown
fd-binaryeye,428c26249c706bd79610d03a1a985dcc0efd9dd5469fc9be92c703459a4d5f93,direct-framework-reference,,android/content/SharedPreferences$Editor,definition-present,yes-static,22,7,unknown,fd-binaryeye-evidence.json#/rows/69,False,unknown
fd-binaryeye,428c26249c706bd79610d03a1a985dcc0efd9dd5469fc9be92c703459a4d5f93,direct-framework-reference,,android/content/pm/ActivityInfo,definition-present,unknown,5,0,unknown,fd-binaryeye-evidence.json#/rows/70,False,unknown
fd-binaryeye,428c26249c706bd79610d03a1a985dcc0efd9dd5469fc9be92c703459a4d5f93,direct-framework-reference,,android/content/pm/ApplicationInfo,definition-present,unknown,6,0,unknown,fd-binaryeye-evidence.json#/rows/71,False,unknown
fd-binaryeye,428c26249c706bd79610d03a1a985dcc0efd9dd5469fc9be92c703459a4d5f93,direct-framework-reference,,android/content/pm/ComponentInfo,definition-present,unknown,1,0,unknown,fd-binaryeye-evidence.json#/rows/72,False,unknown
fd-binaryeye,428c26249c706bd79610d03a1a985dcc0efd9dd5469fc9be92c703459a4d5f93,direct-framework-reference,,android/content/pm/LauncherApps,definition-present,unknown,1,0,unknown,fd-binaryeye-evidence.json#/rows/73,False,unknown
fd-binaryeye,428c26249c706bd79610d03a1a985dcc0efd9dd5469fc9be92c703459a4d5f93,direct-framework-reference,,android/content/pm/PackageInfo,definition-present,unknown,9,0,unknown,fd-binaryeye-evidence.json#/rows/74,False,unknown
fd-binaryeye,428c26249c706bd79610d03a1a985dcc0efd9dd5469fc9be92c703459a4d5f93,direct-framework-reference,,android/content/pm/PackageItemInfo,definition-present,unknown,1,0,unknown,fd-binaryeye-evidence.json#/rows/75,False,unknown
fd-binaryeye,428c26249c706bd79610d03a1a985dcc0efd9dd5469fc9be92c703459a4d5f93,direct-framework-reference,,android/content/pm/PackageManager,definition-present,yes-static,28,1,unknown,fd-binaryeye-evidence.json#/rows/76,False,unknown
fd-binaryeye,428c26249c706bd79610d03a1a985dcc0efd9dd5469fc9be92c703459a4d5f93,direct-framework-reference,,android/content/pm/PackageManager$NameNotFoundException,definition-present,unknown,1,0,unknown,fd-binaryeye-evidence.json#/rows/77,False,unknown
fd-binaryeye,428c26249c706bd79610d03a1a985dcc0efd9dd5469fc9be92c703459a4d5f93,direct-framework-reference,,android/content/pm/PackageManager$PackageInfoFlags,definition-present,unknown,1,0,unknown,fd-binaryeye-evidence.json#/rows/78,False,unknown
fd-binaryeye,428c26249c706bd79610d03a1a985dcc0efd9dd5469fc9be92c703459a4d5f93,direct-framework-reference,,android/content/pm/ProviderInfo,definition-present,yes-static,6,1,unknown,fd-binaryeye-evidence.json#/rows/79,False,unknown
fd-binaryeye,428c26249c706bd79610d03a1a985dcc0efd9dd5469fc9be92c703459a4d5f93,direct-framework-reference,,android/content/pm/ResolveInfo,definition-present,unknown,4,0,unknown,fd-binaryeye-evidence.json#/rows/80,False,unknown
fd-binaryeye,428c26249c706bd79610d03a1a985dcc0efd9dd5469fc9be92c703459a4d5f93,direct-framework-reference,,android/content/pm/ServiceInfo,definition-present,unknown,2,0,unknown,fd-binaryeye-evidence.json#/rows/81,False,unknown
fd-binaryeye,428c26249c706bd79610d03a1a985dcc0efd9dd5469fc9be92c703459a4d5f93,direct-framework-reference,,android/content/pm/Signature,definition-present,unknown,4,0,unknown,fd-binaryeye-evidence.json#/rows/82,False,unknown
fd-binaryeye,428c26249c706bd79610d03a1a985dcc0efd9dd5469fc9be92c703459a4d5f93,direct-framework-reference,,android/content/res/AssetFileDescriptor,definition-present,unknown,1,0,unknown,fd-binaryeye-evidence.json#/rows/83,False,unknown
fd-binaryeye,428c26249c706bd79610d03a1a985dcc0efd9dd5469fc9be92c703459a4d5f93,direct-framework-reference,,android/content/res/AssetManager,definition-present,unknown,6,0,unknown,fd-binaryeye-evidence.json#/rows/84,False,unknown
fd-binaryeye,428c26249c706bd79610d03a1a985dcc0efd9dd5469fc9be92c703459a4d5f93,direct-framework-reference,,android/content/res/ColorStateList,definition-present,unknown,210,0,unknown,fd-binaryeye-evidence.json#/rows/85,False,unknown
fd-binaryeye,428c26249c706bd79610d03a1a985dcc0efd9dd5469fc9be92c703459a4d5f93,direct-framework-reference,,android/content/res/Configuration,definition-present,unknown,41,0,unknown,fd-binaryeye-evidence.json#/rows/86,False,unknown
fd-binaryeye,428c26249c706bd79610d03a1a985dcc0efd9dd5469fc9be92c703459a4d5f93,direct-framework-reference,,android/content/res/Resources,definition-present,unknown,177,0,unknown,fd-binaryeye-evidence.json#/rows/87,False,unknown
fd-binaryeye,428c26249c706bd79610d03a1a985dcc0efd9dd5469fc9be92c703459a4d5f93,direct-framework-reference,,android/content/res/Resources$NotFoundException,definition-present,unknown,3,0,unknown,fd-binaryeye-evidence.json#/rows/88,False,unknown
fd-binaryeye,428c26249c706bd79610d03a1a985dcc0efd9dd5469fc9be92c703459a4d5f93,direct-framework-reference,,android/content/res/Resources$Theme,definition-present,unknown,70,0,unknown,fd-binaryeye-evidence.json#/rows/89,False,unknown
fd-binaryeye,428c26249c706bd79610d03a1a985dcc0efd9dd5469fc9be92c703459a4d5f93,direct-framework-reference,,android/content/res/TypedArray,definition-present,unknown,122,0,unknown,fd-binaryeye-evidence.json#/rows/90,False,unknown
fd-binaryeye,428c26249c706bd79610d03a1a985dcc0efd9dd5469fc9be92c703459a4d5f93,direct-framework-reference,,android/content/res/XmlResourceParser,definition-present,unknown,13,0,unknown,fd-binaryeye-evidence.json#/rows/91,False,unknown
fd-binaryeye,428c26249c706bd79610d03a1a985dcc0efd9dd5469fc9be92c703459a4d5f93,direct-framework-reference,,android/database/ContentObserver,definition-present,unknown,2,0,unknown,fd-binaryeye-evidence.json#/rows/92,False,unknown
fd-binaryeye,428c26249c706bd79610d03a1a985dcc0efd9dd5469fc9be92c703459a4d5f93,direct-framework-reference,,android/database/Cursor,definition-present,unknown,44,0,unknown,fd-binaryeye-evidence.json#/rows/93,False,unknown
fd-binaryeye,428c26249c706bd79610d03a1a985dcc0efd9dd5469fc9be92c703459a4d5f93,direct-framework-reference,,android/database/DataSetObserver,definition-present,unknown,5,0,unknown,fd-binaryeye-evidence.json#/rows/94,False,unknown
fd-binaryeye,428c26249c706bd79610d03a1a985dcc0efd9dd5469fc9be92c703459a4d5f93,direct-framework-reference,,android/database/MatrixCursor,definition-present,unknown,1,0,unknown,fd-binaryeye-evidence.json#/rows/95,False,unknown
fd-binaryeye,428c26249c706bd79610d03a1a985dcc0efd9dd5469fc9be92c703459a4d5f93,direct-framework-reference,,android/database/Observable,definition-present,unknown,5,0,unknown,fd-binaryeye-evidence.json#/rows/96,False,unknown
fd-binaryeye,428c26249c706bd79610d03a1a985dcc0efd9dd5469fc9be92c703459a4d5f93,direct-framework-reference,,android/database/sqlite/SQLiteDatabase,definition-present,yes-static,14,1,unknown,fd-binaryeye-evidence.json#/rows/97,False,unknown
fd-binaryeye,428c26249c706bd79610d03a1a985dcc0efd9dd5469fc9be92c703459a4d5f93,direct-framework-reference,,android/database/sqlite/SQLiteDatabase$CursorFactory,definition-present,yes-static,1,1,unknown,fd-binaryeye-evidence.json#/rows/98,False,unknown
fd-binaryeye,428c26249c706bd79610d03a1a985dcc0efd9dd5469fc9be92c703459a4d5f93,direct-framework-reference,,android/database/sqlite/SQLiteOpenHelper,definition-present,yes-static,1,1,unknown,fd-binaryeye-evidence.json#/rows/99,False,unknown
fd-binaryeye,428c26249c706bd79610d03a1a985dcc0efd9dd5469fc9be92c703459a4d5f93,direct-framework-reference,,android/drm/DrmManagerClient,definition-present,unknown,4,0,unknown,fd-binaryeye-evidence.json#/rows/100,False,unknown
fd-binaryeye,428c26249c706bd79610d03a1a985dcc0efd9dd5469fc9be92c703459a4d5f93,direct-framework-reference,,android/graphics/Bitmap,definition-present,unknown,44,0,unknown,fd-binaryeye-evidence.json#/rows/101,False,unknown
fd-binaryeye,428c26249c706bd79610d03a1a985dcc0efd9dd5469fc9be92c703459a4d5f93,direct-framework-reference,,android/graphics/Bitmap$CompressFormat,definition-present,unknown,3,0,unknown,fd-binaryeye-evidence.json#/rows/102,False,unknown
fd-binaryeye,428c26249c706bd79610d03a1a985dcc0efd9dd5469fc9be92c703459a4d5f93,direct-framework-reference,,android/graphics/Bitmap$Config,definition-present,unknown,10,0,unknown,fd-binaryeye-evidence.json#/rows/103,False,unknown
fd-binaryeye,428c26249c706bd79610d03a1a985dcc0efd9dd5469fc9be92c703459a4d5f93,direct-framework-reference,,android/graphics/BitmapFactory,definition-present,unknown,1,0,unknown,fd-binaryeye-evidence.json#/rows/104,False,unknown
fd-binaryeye,428c26249c706bd79610d03a1a985dcc0efd9dd5469fc9be92c703459a4d5f93,direct-framework-reference,,android/graphics/BitmapFactory$Options,definition-present,unknown,1,0,unknown,fd-binaryeye-evidence.json#/rows/105,False,unknown
fd-binaryeye,428c26249c706bd79610d03a1a985dcc0efd9dd5469fc9be92c703459a4d5f93,direct-framework-reference,,android/graphics/BitmapShader,definition-present,unknown,1,0,unknown,fd-binaryeye-evidence.json#/rows/106,False,unknown
fd-binaryeye,428c26249c706bd79610d03a1a985dcc0efd9dd5469fc9be92c703459a4d5f93,direct-framework-reference,,android/graphics/Canvas,definition-present,unknown,44,0,unknown,fd-binaryeye-evidence.json#/rows/107,False,unknown
fd-binaryeye,428c26249c706bd79610d03a1a985dcc0efd9dd5469fc9be92c703459a4d5f93,direct-framework-reference,,android/graphics/Color,definition-present,unknown,9,0,unknown,fd-binaryeye-evidence.json#/rows/108,False,unknown
fd-binaryeye,428c26249c706bd79610d03a1a985dcc0efd9dd5469fc9be92c703459a4d5f93,direct-framework-reference,,android/graphics/ColorFilter,definition-present,unknown,18,0,unknown,fd-binaryeye-evidence.json#/rows/109,False,unknown
fd-binaryeye,428c26249c706bd79610d03a1a985dcc0efd9dd5469fc9be92c703459a4d5f93,direct-framework-reference,,android/graphics/Insets,definition-present,unknown,40,0,unknown,fd-binaryeye-evidence.json#/rows/110,False,unknown
fd-binaryeye,428c26249c706bd79610d03a1a985dcc0efd9dd5469fc9be92c703459a4d5f93,direct-framework-reference,,android/graphics/LinearGradient,definition-present,unknown,3,0,unknown,fd-binaryeye-evidence.json#/rows/111,False,unknown
fd-binaryeye,428c26249c706bd79610d03a1a985dcc0efd9dd5469fc9be92c703459a4d5f93,direct-framework-reference,,android/graphics/Matrix,definition-present,unknown,109,0,unknown,fd-binaryeye-evidence.json#/rows/112,False,unknown
fd-binaryeye,428c26249c706bd79610d03a1a985dcc0efd9dd5469fc9be92c703459a4d5f93,direct-framework-reference,,android/graphics/Matrix$ScaleToFit,definition-present,unknown,7,0,unknown,fd-binaryeye-evidence.json#/rows/113,False,unknown
fd-binaryeye,428c26249c706bd79610d03a1a985dcc0efd9dd5469fc9be92c703459a4d5f93,direct-framework-reference,,android/graphics/Outline,definition-present,unknown,9,0,unknown,fd-binaryeye-evidence.json#/rows/114,False,unknown
fd-binaryeye,428c26249c706bd79610d03a1a985dcc0efd9dd5469fc9be92c703459a4d5f93,direct-framework-reference,,android/graphics/Paint,definition-present,unknown,50,0,unknown,fd-binaryeye-evidence.json#/rows/115,False,unknown
fd-binaryeye,428c26249c706bd79610d03a1a985dcc0efd9dd5469fc9be92c703459a4d5f93,direct-framework-reference,,android/graphics/Paint$Cap,definition-present,unknown,3,0,unknown,fd-binaryeye-evidence.json#/rows/116,False,unknown
fd-binaryeye,428c26249c706bd79610d03a1a985dcc0efd9dd5469fc9be92c703459a4d5f93,direct-framework-reference,,android/graphics/Paint$FontMetricsInt,definition-present,unknown,7,0,unknown,fd-binaryeye-evidence.json#/rows/117,False,unknown
fd-binaryeye,428c26249c706bd79610d03a1a985dcc0efd9dd5469fc9be92c703459a4d5f93,direct-framework-reference,,android/graphics/Paint$Join,definition-present,unknown,3,0,unknown,fd-binaryeye-evidence.json#/rows/118,False,unknown
fd-binaryeye,428c26249c706bd79610d03a1a985dcc0efd9dd5469fc9be92c703459a4d5f93,direct-framework-reference,,android/graphics/Paint$Style,definition-present,unknown,10,0,unknown,fd-binaryeye-evidence.json#/rows/119,False,unknown
fd-binaryeye,428c26249c706bd79610d03a1a985dcc0efd9dd5469fc9be92c703459a4d5f93,direct-framework-reference,,android/graphics/Path,definition-present,unknown,29,0,unknown,fd-binaryeye-evidence.json#/rows/120,False,unknown
fd-binaryeye,428c26249c706bd79610d03a1a985dcc0efd9dd5469fc9be92c703459a4d5f93,direct-framework-reference,,android/graphics/Path$Direction,definition-present,unknown,1,0,unknown,fd-binaryeye-evidence.json#/rows/121,False,unknown
fd-binaryeye,428c26249c706bd79610d03a1a985dcc0efd9dd5469fc9be92c703459a4d5f93,direct-framework-reference,,android/graphics/Path$FillType,definition-present,unknown,1,0,unknown,fd-binaryeye-evidence.json#/rows/122,False,unknown
fd-binaryeye,428c26249c706bd79610d03a1a985dcc0efd9dd5469fc9be92c703459a4d5f93,direct-framework-reference,,android/graphics/Path$Op,definition-present,unknown,2,0,unknown,fd-binaryeye-evidence.json#/rows/123,False,unknown
fd-binaryeye,428c26249c706bd79610d03a1a985dcc0efd9dd5469fc9be92c703459a4d5f93,direct-framework-reference,,android/graphics/PathMeasure,definition-present,unknown,2,0,unknown,fd-binaryeye-evidence.json#/rows/124,False,unknown
fd-binaryeye,428c26249c706bd79610d03a1a985dcc0efd9dd5469fc9be92c703459a4d5f93,direct-framework-reference,,android/graphics/Point,definition-present,unknown,24,0,unknown,fd-binaryeye-evidence.json#/rows/125,False,unknown
fd-binaryeye,428c26249c706bd79610d03a1a985dcc0efd9dd5469fc9be92c703459a4d5f93,direct-framework-reference,,android/graphics/PointF,definition-present,unknown,7,0,unknown,fd-binaryeye-evidence.json#/rows/126,False,unknown
fd-binaryeye,428c26249c706bd79610d03a1a985dcc0efd9dd5469fc9be92c703459a4d5f93,direct-framework-reference,,android/graphics/PorterDuff$Mode,definition-present,unknown,155,0,unknown,fd-binaryeye-evidence.json#/rows/127,False,unknown
fd-binaryeye,428c26249c706bd79610d03a1a985dcc0efd9dd5469fc9be92c703459a4d5f93,direct-framework-reference,,android/graphics/PorterDuffColorFilter,definition-present,unknown,14,0,unknown,fd-binaryeye-evidence.json#/rows/128,False,unknown
fd-binaryeye,428c26249c706bd79610d03a1a985dcc0efd9dd5469fc9be92c703459a4d5f93,direct-framework-reference,,android/graphics/PorterDuffXfermode,definition-present,unknown,1,0,unknown,fd-binaryeye-evidence.json#/rows/129,False,unknown
fd-binaryeye,428c26249c706bd79610d03a1a985dcc0efd9dd5469fc9be92c703459a4d5f93,direct-framework-reference,,android/graphics/RadialGradient,definition-present,unknown,2,0,unknown,fd-binaryeye-evidence.json#/rows/130,False,unknown
fd-binaryeye,428c26249c706bd79610d03a1a985dcc0efd9dd5469fc9be92c703459a4d5f93,direct-framework-reference,,android/graphics/Rect,definition-present,unknown,265,0,unknown,fd-binaryeye-evidence.json#/rows/131,False,unknown
fd-binaryeye,428c26249c706bd79610d03a1a985dcc0efd9dd5469fc9be92c703459a4d5f93,direct-framework-reference,,android/graphics/RectF,definition-present,unknown,84,0,unknown,fd-binaryeye-evidence.json#/rows/132,False,unknown
fd-binaryeye,428c26249c706bd79610d03a1a985dcc0efd9dd5469fc9be92c703459a4d5f93,direct-framework-reference,,android/graphics/Region,definition-present,unknown,5,0,unknown,fd-binaryeye-evidence.json#/rows/133,False,unknown
fd-binaryeye,428c26249c706bd79610d03a1a985dcc0efd9dd5469fc9be92c703459a4d5f93,direct-framework-reference,,android/graphics/Region$Op,definition-present,unknown,4,0,unknown,fd-binaryeye-evidence.json#/rows/134,False,unknown
fd-binaryeye,428c26249c706bd79610d03a1a985dcc0efd9dd5469fc9be92c703459a4d5f93,direct-framework-reference,,android/graphics/Shader,definition-present,unknown,8,0,unknown,fd-binaryeye-evidence.json#/rows/135,False,unknown
fd-binaryeye,428c26249c706bd79610d03a1a985dcc0efd9dd5469fc9be92c703459a4d5f93,direct-framework-reference,,android/graphics/Shader$TileMode,definition-present,unknown,6,0,unknown,fd-binaryeye-evidence.json#/rows/136,False,unknown
fd-binaryeye,428c26249c706bd79610d03a1a985dcc0efd9dd5469fc9be92c703459a4d5f93,direct-framework-reference,,android/graphics/SurfaceTexture,definition-present,unknown,20,0,unknown,fd-binaryeye-evidence.json#/rows/137,False,unknown
fd-binaryeye,428c26249c706bd79610d03a1a985dcc0efd9dd5469fc9be92c703459a4d5f93,direct-framework-reference,,android/graphics/SweepGradient,definition-present,unknown,1,0,unknown,fd-binaryeye-evidence.json#/rows/138,False,unknown
fd-binaryeye,428c26249c706bd79610d03a1a985dcc0efd9dd5469fc9be92c703459a4d5f93,direct-framework-reference,,android/graphics/Typeface,definition-present,unknown,45,0,unknown,fd-binaryeye-evidence.json#/rows/139,False,unknown
fd-binaryeye,428c26249c706bd79610d03a1a985dcc0efd9dd5469fc9be92c703459a4d5f93,direct-framework-reference,,android/graphics/Typeface$Builder,definition-present,unknown,1,0,unknown,fd-binaryeye-evidence.json#/rows/140,False,unknown
fd-binaryeye,428c26249c706bd79610d03a1a985dcc0efd9dd5469fc9be92c703459a4d5f93,direct-framework-reference,,android/graphics/Typeface$CustomFallbackBuilder,definition-present,unknown,5,0,unknown,fd-binaryeye-evidence.json#/rows/141,False,unknown
fd-binaryeye,428c26249c706bd79610d03a1a985dcc0efd9dd5469fc9be92c703459a4d5f93,direct-framework-reference,,android/graphics/Xfermode,definition-present,unknown,1,0,unknown,fd-binaryeye-evidence.json#/rows/142,False,unknown
fd-binaryeye,428c26249c706bd79610d03a1a985dcc0efd9dd5469fc9be92c703459a4d5f93,direct-framework-reference,,android/graphics/drawable/Animatable,definition-present,unknown,4,0,unknown,fd-binaryeye-evidence.json#/rows/143,False,unknown
fd-binaryeye,428c26249c706bd79610d03a1a985dcc0efd9dd5469fc9be92c703459a4d5f93,direct-framework-reference,,android/graphics/drawable/Animatable2$AnimationCallback,definition-present,unknown,4,0,unknown,fd-binaryeye-evidence.json#/rows/144,False,unknown
fd-binaryeye,428c26249c706bd79610d03a1a985dcc0efd9dd5469fc9be92c703459a4d5f93,direct-framework-reference,,android/graphics/drawable/AnimatedStateListDrawable,definition-present,unknown,1,0,unknown,fd-binaryeye-evidence.json#/rows/145,False,unknown
fd-binaryeye,428c26249c706bd79610d03a1a985dcc0efd9dd5469fc9be92c703459a4d5f93,direct-framework-reference,,android/graphics/drawable/AnimatedVectorDrawable,definition-present,unknown,6,0,unknown,fd-binaryeye-evidence.json#/rows/146,False,unknown
fd-binaryeye,428c26249c706bd79610d03a1a985dcc0efd9dd5469fc9be92c703459a4d5f93,direct-framework-reference,,android/graphics/drawable/AnimationDrawable,definition-present,unknown,3,0,unknown,fd-binaryeye-evidence.json#/rows/147,False,unknown
fd-binaryeye,428c26249c706bd79610d03a1a985dcc0efd9dd5469fc9be92c703459a4d5f93,direct-framework-reference,,android/graphics/drawable/BitmapDrawable,definition-present,unknown,6,0,unknown,fd-binaryeye-evidence.json#/rows/148,False,unknown
fd-binaryeye,428c26249c706bd79610d03a1a985dcc0efd9dd5469fc9be92c703459a4d5f93,direct-framework-reference,,android/graphics/drawable/ClipDrawable,definition-present,unknown,1,0,unknown,fd-binaryeye-evidence.json#/rows/149,False,unknown
fd-binaryeye,428c26249c706bd79610d03a1a985dcc0efd9dd5469fc9be92c703459a4d5f93,direct-framework-reference,,android/graphics/drawable/ColorDrawable,definition-present,unknown,3,0,unknown,fd-binaryeye-evidence.json#/rows/150,False,unknown
fd-binaryeye,428c26249c706bd79610d03a1a985dcc0efd9dd5469fc9be92c703459a4d5f93,direct-framework-reference,,android/graphics/drawable/Drawable,definition-present,unknown,538,0,unknown,fd-binaryeye-evidence.json#/rows/151,False,unknown
fd-binaryeye,428c26249c706bd79610d03a1a985dcc0efd9dd5469fc9be92c703459a4d5f93,direct-framework-reference,,android/graphics/drawable/Drawable$Callback,definition-present,unknown,24,0,unknown,fd-binaryeye-evidence.json#/rows/152,False,unknown
fd-binaryeye,428c26249c706bd79610d03a1a985dcc0efd9dd5469fc9be92c703459a4d5f93,direct-framework-reference,,android/graphics/drawable/Drawable$ConstantState,definition-present,unknown,38,0,unknown,fd-binaryeye-evidence.json#/rows/153,False,unknown
fd-binaryeye,428c26249c706bd79610d03a1a985dcc0efd9dd5469fc9be92c703459a4d5f93,direct-framework-reference,,android/graphics/drawable/DrawableContainer,definition-present,unknown,2,0,unknown,fd-binaryeye-evidence.json#/rows/154,False,unknown
fd-binaryeye,428c26249c706bd79610d03a1a985dcc0efd9dd5469fc9be92c703459a4d5f93,direct-framework-reference,,android/graphics/drawable/DrawableContainer$DrawableContainerState,definition-present,unknown,1,0,unknown,fd-binaryeye-evidence.json#/rows/155,False,unknown
fd-binaryeye,428c26249c706bd79610d03a1a985dcc0efd9dd5469fc9be92c703459a4d5f93,direct-framework-reference,,android/graphics/drawable/GradientDrawable,definition-present,unknown,1,0,unknown,fd-binaryeye-evidence.json#/rows/156,False,unknown
fd-binaryeye,428c26249c706bd79610d03a1a985dcc0efd9dd5469fc9be92c703459a4d5f93,direct-framework-reference,,android/graphics/drawable/Icon,definition-present,unknown,1,0,unknown,fd-binaryeye-evidence.json#/rows/157,False,unknown
fd-binaryeye,428c26249c706bd79610d03a1a985dcc0efd9dd5469fc9be92c703459a4d5f93,direct-framework-reference,,android/graphics/drawable/InsetDrawable,definition-present,unknown,6,0,unknown,fd-binaryeye-evidence.json#/rows/158,False,unknown
fd-binaryeye,428c26249c706bd79610d03a1a985dcc0efd9dd5469fc9be92c703459a4d5f93,direct-framework-reference,,android/graphics/drawable/LayerDrawable,definition-present,unknown,13,0,unknown,fd-binaryeye-evidence.json#/rows/159,False,unknown
fd-binaryeye,428c26249c706bd79610d03a1a985dcc0efd9dd5469fc9be92c703459a4d5f93,direct-framework-reference,,android/graphics/drawable/RippleDrawable,definition-present,unknown,13,0,unknown,fd-binaryeye-evidence.json#/rows/160,False,unknown
fd-binaryeye,428c26249c706bd79610d03a1a985dcc0efd9dd5469fc9be92c703459a4d5f93,direct-framework-reference,,android/graphics/drawable/ShapeDrawable,definition-present,unknown,1,0,unknown,fd-binaryeye-evidence.json#/rows/161,False,unknown
fd-binaryeye,428c26249c706bd79610d03a1a985dcc0efd9dd5469fc9be92c703459a4d5f93,direct-framework-reference,,android/graphics/drawable/StateListDrawable,definition-present,unknown,5,0,unknown,fd-binaryeye-evidence.json#/rows/162,False,unknown
fd-binaryeye,428c26249c706bd79610d03a1a985dcc0efd9dd5469fc9be92c703459a4d5f93,direct-framework-reference,,android/graphics/drawable/VectorDrawable,definition-present,unknown,3,0,unknown,fd-binaryeye-evidence.json#/rows/163,False,unknown
fd-binaryeye,428c26249c706bd79610d03a1a985dcc0efd9dd5469fc9be92c703459a4d5f93,direct-framework-reference,,android/graphics/drawable/shapes/RoundRectShape,definition-present,unknown,1,0,unknown,fd-binaryeye-evidence.json#/rows/164,False,unknown
fd-binaryeye,428c26249c706bd79610d03a1a985dcc0efd9dd5469fc9be92c703459a4d5f93,direct-framework-reference,,android/graphics/drawable/shapes/Shape,definition-present,unknown,1,0,unknown,fd-binaryeye-evidence.json#/rows/165,False,unknown
fd-binaryeye,428c26249c706bd79610d03a1a985dcc0efd9dd5469fc9be92c703459a4d5f93,direct-framework-reference,,android/graphics/fonts/Font,definition-present,unknown,12,0,unknown,fd-binaryeye-evidence.json#/rows/166,False,unknown
fd-binaryeye,428c26249c706bd79610d03a1a985dcc0efd9dd5469fc9be92c703459a4d5f93,direct-framework-reference,,android/graphics/fonts/Font$Builder,definition-present,unknown,6,0,unknown,fd-binaryeye-evidence.json#/rows/167,False,unknown
fd-binaryeye,428c26249c706bd79610d03a1a985dcc0efd9dd5469fc9be92c703459a4d5f93,direct-framework-reference,,android/graphics/fonts/FontFamily,definition-present,unknown,7,0,unknown,fd-binaryeye-evidence.json#/rows/168,False,unknown
fd-binaryeye,428c26249c706bd79610d03a1a985dcc0efd9dd5469fc9be92c703459a4d5f93,direct-framework-reference,,android/graphics/fonts/FontFamily$Builder,definition-present,unknown,4,0,unknown,fd-binaryeye-evidence.json#/rows/169,False,unknown
fd-binaryeye,428c26249c706bd79610d03a1a985dcc0efd9dd5469fc9be92c703459a4d5f93,direct-framework-reference,,android/graphics/fonts/FontStyle,definition-present,unknown,6,0,unknown,fd-binaryeye-evidence.json#/rows/170,False,unknown
fd-binaryeye,428c26249c706bd79610d03a1a985dcc0efd9dd5469fc9be92c703459a4d5f93,direct-framework-reference,,android/graphics/fonts/FontVariationAxis,definition-present,unknown,4,0,unknown,fd-binaryeye-evidence.json#/rows/171,False,unknown
fd-binaryeye,428c26249c706bd79610d03a1a985dcc0efd9dd5469fc9be92c703459a4d5f93,direct-framework-reference,,android/graphics/text/PositionedGlyphs,definition-present,unknown,4,0,unknown,fd-binaryeye-evidence.json#/rows/172,False,unknown
fd-binaryeye,428c26249c706bd79610d03a1a985dcc0efd9dd5469fc9be92c703459a4d5f93,direct-framework-reference,,android/graphics/text/TextRunShaper,definition-present,unknown,1,0,unknown,fd-binaryeye-evidence.json#/rows/173,False,unknown
fd-binaryeye,428c26249c706bd79610d03a1a985dcc0efd9dd5469fc9be92c703459a4d5f93,direct-framework-reference,,android/hardware/ConsumerIrManager,definition-present,unknown,1,0,unknown,fd-binaryeye-evidence.json#/rows/174,False,unknown
fd-binaryeye,428c26249c706bd79610d03a1a985dcc0efd9dd5469fc9be92c703459a4d5f93,direct-framework-reference,,android/hardware/SensorManager,definition-present,unknown,1,0,unknown,fd-binaryeye-evidence.json#/rows/175,False,unknown
fd-binaryeye,428c26249c706bd79610d03a1a985dcc0efd9dd5469fc9be92c703459a4d5f93,direct-framework-reference,,android/hardware/camera2/CameraAccessException,definition-present,unknown,14,0,unknown,fd-binaryeye-evidence.json#/rows/176,False,unknown
fd-binaryeye,428c26249c706bd79610d03a1a985dcc0efd9dd5469fc9be92c703459a4d5f93,direct-framework-reference,,android/hardware/camera2/CameraCaptureSession,definition-present,unknown,58,0,unknown,fd-binaryeye-evidence.json#/rows/177,False,unknown
fd-binaryeye,428c26249c706bd79610d03a1a985dcc0efd9dd5469fc9be92c703459a4d5f93,direct-framework-reference,,android/hardware/camera2/CameraCaptureSession$CaptureCallback,definition-present,unknown,41,0,unknown,fd-binaryeye-evidence.json#/rows/178,False,unknown
fd-binaryeye,428c26249c706bd79610d03a1a985dcc0efd9dd5469fc9be92c703459a4d5f93,direct-framework-reference,,android/hardware/camera2/CameraCaptureSession$StateCallback,definition-present,unknown,31,0,unknown,fd-binaryeye-evidence.json#/rows/179,False,unknown
fd-binaryeye,428c26249c706bd79610d03a1a985dcc0efd9dd5469fc9be92c703459a4d5f93,direct-framework-reference,,android/hardware/camera2/CameraCharacteristics,definition-present,unknown,38,0,unknown,fd-binaryeye-evidence.json#/rows/180,False,unknown
fd-binaryeye,428c26249c706bd79610d03a1a985dcc0efd9dd5469fc9be92c703459a4d5f93,direct-framework-reference,,android/hardware/camera2/CameraCharacteristics$Key,definition-present,unknown,32,0,unknown,fd-binaryeye-evidence.json#/rows/181,False,unknown
fd-binaryeye,428c26249c706bd79610d03a1a985dcc0efd9dd5469fc9be92c703459a4d5f93,direct-framework-reference,,android/hardware/camera2/CameraDevice,definition-present,unknown,34,0,unknown,fd-binaryeye-evidence.json#/rows/182,False,unknown
fd-binaryeye,428c26249c706bd79610d03a1a985dcc0efd9dd5469fc9be92c703459a4d5f93,direct-framework-reference,,android/hardware/camera2/CameraDevice$StateCallback,definition-present,unknown,21,0,unknown,fd-binaryeye-evidence.json#/rows/183,False,unknown
fd-binaryeye,428c26249c706bd79610d03a1a985dcc0efd9dd5469fc9be92c703459a4d5f93,direct-framework-reference,,android/hardware/camera2/CameraManager,definition-present,unknown,14,0,unknown,fd-binaryeye-evidence.json#/rows/184,False,unknown
fd-binaryeye,428c26249c706bd79610d03a1a985dcc0efd9dd5469fc9be92c703459a4d5f93,direct-framework-reference,,android/hardware/camera2/CameraManager$AvailabilityCallback,definition-present,unknown,8,0,unknown,fd-binaryeye-evidence.json#/rows/185,False,unknown
fd-binaryeye,428c26249c706bd79610d03a1a985dcc0efd9dd5469fc9be92c703459a4d5f93,direct-framework-reference,,android/hardware/camera2/CaptureFailure,definition-present,unknown,3,0,unknown,fd-binaryeye-evidence.json#/rows/186,False,unknown
fd-binaryeye,428c26249c706bd79610d03a1a985dcc0efd9dd5469fc9be92c703459a4d5f93,direct-framework-reference,,android/hardware/camera2/CaptureRequest,definition-present,unknown,43,0,unknown,fd-binaryeye-evidence.json#/rows/187,False,unknown
fd-binaryeye,428c26249c706bd79610d03a1a985dcc0efd9dd5469fc9be92c703459a4d5f93,direct-framework-reference,,android/hardware/camera2/CaptureRequest$Builder,definition-present,unknown,5,0,unknown,fd-binaryeye-evidence.json#/rows/188,False,unknown
fd-binaryeye,428c26249c706bd79610d03a1a985dcc0efd9dd5469fc9be92c703459a4d5f93,direct-framework-reference,,android/hardware/camera2/CaptureRequest$Key,definition-present,unknown,34,0,unknown,fd-binaryeye-evidence.json#/rows/189,False,unknown
fd-binaryeye,428c26249c706bd79610d03a1a985dcc0efd9dd5469fc9be92c703459a4d5f93,direct-framework-reference,,android/hardware/camera2/CaptureResult,definition-present,unknown,15,0,unknown,fd-binaryeye-evidence.json#/rows/190,False,unknown
fd-binaryeye,428c26249c706bd79610d03a1a985dcc0efd9dd5469fc9be92c703459a4d5f93,direct-framework-reference,,android/hardware/camera2/CaptureResult$Key,definition-present,unknown,6,0,unknown,fd-binaryeye-evidence.json#/rows/191,False,unknown
fd-binaryeye,428c26249c706bd79610d03a1a985dcc0efd9dd5469fc9be92c703459a4d5f93,direct-framework-reference,,android/hardware/camera2/TotalCaptureResult,definition-present,unknown,10,0,unknown,fd-binaryeye-evidence.json#/rows/192,False,unknown
fd-binaryeye,428c26249c706bd79610d03a1a985dcc0efd9dd5469fc9be92c703459a4d5f93,direct-framework-reference,,android/hardware/camera2/params/DynamicRangeProfiles,definition-present,unknown,9,0,unknown,fd-binaryeye-evidence.json#/rows/193,False,unknown
fd-binaryeye,428c26249c706bd79610d03a1a985dcc0efd9dd5469fc9be92c703459a4d5f93,direct-framework-reference,,android/hardware/camera2/params/InputConfiguration,definition-present,unknown,19,0,unknown,fd-binaryeye-evidence.json#/rows/194,False,unknown
fd-binaryeye,428c26249c706bd79610d03a1a985dcc0efd9dd5469fc9be92c703459a4d5f93,direct-framework-reference,,android/hardware/camera2/params/MeteringRectangle,definition-present,unknown,7,0,unknown,fd-binaryeye-evidence.json#/rows/195,False,unknown
fd-binaryeye,428c26249c706bd79610d03a1a985dcc0efd9dd5469fc9be92c703459a4d5f93,direct-framework-reference,,android/hardware/camera2/params/MultiResolutionStreamInfo,definition-present,unknown,1,0,unknown,fd-binaryeye-evidence.json#/rows/196,False,unknown
fd-binaryeye,428c26249c706bd79610d03a1a985dcc0efd9dd5469fc9be92c703459a4d5f93,direct-framework-reference,,android/hardware/camera2/params/OutputConfiguration,definition-present,unknown,27,0,unknown,fd-binaryeye-evidence.json#/rows/197,False,unknown
fd-binaryeye,428c26249c706bd79610d03a1a985dcc0efd9dd5469fc9be92c703459a4d5f93,direct-framework-reference,,android/hardware/camera2/params/SessionConfiguration,definition-present,unknown,11,0,unknown,fd-binaryeye-evidence.json#/rows/198,False,unknown
fd-binaryeye,428c26249c706bd79610d03a1a985dcc0efd9dd5469fc9be92c703459a4d5f93,direct-framework-reference,,android/hardware/camera2/params/StreamConfigurationMap,definition-present,unknown,17,0,unknown,fd-binaryeye-evidence.json#/rows/199,False,unknown
fd-binaryeye,428c26249c706bd79610d03a1a985dcc0efd9dd5469fc9be92c703459a4d5f93,direct-framework-reference,,android/hardware/display/DisplayManager,definition-present,unknown,6,0,unknown,fd-binaryeye-evidence.json#/rows/200,False,unknown
fd-binaryeye,428c26249c706bd79610d03a1a985dcc0efd9dd5469fc9be92c703459a4d5f93,direct-framework-reference,,android/hardware/input/InputManager,definition-present,unknown,1,0,unknown,fd-binaryeye-evidence.json#/rows/201,False,unknown
fd-binaryeye,428c26249c706bd79610d03a1a985dcc0efd9dd5469fc9be92c703459a4d5f93,direct-framework-reference,,android/hardware/usb/UsbManager,definition-present,unknown,1,0,unknown,fd-binaryeye-evidence.json#/rows/202,False,unknown
fd-binaryeye,428c26249c706bd79610d03a1a985dcc0efd9dd5469fc9be92c703459a4d5f93,direct-framework-reference,,android/icu/text/DecimalFormatSymbols,definition-present,unknown,3,0,unknown,fd-binaryeye-evidence.json#/rows/203,False,unknown
fd-binaryeye,428c26249c706bd79610d03a1a985dcc0efd9dd5469fc9be92c703459a4d5f93,direct-framework-reference,,android/location/Location,definition-present,unknown,1,0,unknown,fd-binaryeye-evidence.json#/rows/204,False,unknown
fd-binaryeye,428c26249c706bd79610d03a1a985dcc0efd9dd5469fc9be92c703459a4d5f93,direct-framework-reference,,android/location/LocationManager,definition-present,unknown,3,0,unknown,fd-binaryeye-evidence.json#/rows/205,False,unknown
fd-binaryeye,428c26249c706bd79610d03a1a985dcc0efd9dd5469fc9be92c703459a4d5f93,direct-framework-reference,,android/media/AudioAttributes,definition-present,unknown,1,0,unknown,fd-binaryeye-evidence.json#/rows/206,False,unknown
fd-binaryeye,428c26249c706bd79610d03a1a985dcc0efd9dd5469fc9be92c703459a4d5f93,direct-framework-reference,,android/media/AudioAttributes$Builder,definition-present,unknown,1,0,unknown,fd-binaryeye-evidence.json#/rows/207,False,unknown
fd-binaryeye,428c26249c706bd79610d03a1a985dcc0efd9dd5469fc9be92c703459a4d5f93,direct-framework-reference,,android/media/AudioManager,definition-present,unknown,3,0,unknown,fd-binaryeye-evidence.json#/rows/208,False,unknown
fd-binaryeye,428c26249c706bd79610d03a1a985dcc0efd9dd5469fc9be92c703459a4d5f93,direct-framework-reference,,android/media/CamcorderProfile,definition-present,unknown,3,0,unknown,fd-binaryeye-evidence.json#/rows/209,False,unknown
fd-binaryeye,428c26249c706bd79610d03a1a985dcc0efd9dd5469fc9be92c703459a4d5f93,direct-framework-reference,,android/media/Image,definition-present,unknown,11,0,unknown,fd-binaryeye-evidence.json#/rows/210,False,unknown
fd-binaryeye,428c26249c706bd79610d03a1a985dcc0efd9dd5469fc9be92c703459a4d5f93,direct-framework-reference,,android/media/Image$Plane,definition-present,unknown,5,0,unknown,fd-binaryeye-evidence.json#/rows/211,False,unknown
fd-binaryeye,428c26249c706bd79610d03a1a985dcc0efd9dd5469fc9be92c703459a4d5f93,direct-framework-reference,,android/media/ImageReader,definition-present,unknown,12,0,unknown,fd-binaryeye-evidence.json#/rows/212,False,unknown
fd-binaryeye,428c26249c706bd79610d03a1a985dcc0efd9dd5469fc9be92c703459a4d5f93,direct-framework-reference,,android/media/ImageWriter,definition-present,unknown,12,0,unknown,fd-binaryeye-evidence.json#/rows/213,False,unknown
fd-binaryeye,428c26249c706bd79610d03a1a985dcc0efd9dd5469fc9be92c703459a4d5f93,direct-framework-reference,,android/media/MediaCodec,definition-present,unknown,1,0,unknown,fd-binaryeye-evidence.json#/rows/214,False,unknown
fd-binaryeye,428c26249c706bd79610d03a1a985dcc0efd9dd5469fc9be92c703459a4d5f93,direct-framework-reference,,android/media/MediaDrm,definition-present,unknown,4,0,unknown,fd-binaryeye-evidence.json#/rows/215,False,unknown
fd-binaryeye,428c26249c706bd79610d03a1a985dcc0efd9dd5469fc9be92c703459a4d5f93,direct-framework-reference,,android/media/MediaMetadataRetriever,definition-present,unknown,4,0,unknown,fd-binaryeye-evidence.json#/rows/216,False,unknown
fd-binaryeye,428c26249c706bd79610d03a1a985dcc0efd9dd5469fc9be92c703459a4d5f93,direct-framework-reference,,android/media/MediaPlayer,definition-present,unknown,4,0,unknown,fd-binaryeye-evidence.json#/rows/217,False,unknown
fd-binaryeye,428c26249c706bd79610d03a1a985dcc0efd9dd5469fc9be92c703459a4d5f93,direct-framework-reference,,android/media/MediaRecorder,definition-present,unknown,1,0,unknown,fd-binaryeye-evidence.json#/rows/218,False,unknown
fd-binaryeye,428c26249c706bd79610d03a1a985dcc0efd9dd5469fc9be92c703459a4d5f93,direct-framework-reference,,android/media/MediaRouter,definition-present,unknown,1,0,unknown,fd-binaryeye-evidence.json#/rows/219,False,unknown
fd-binaryeye,428c26249c706bd79610d03a1a985dcc0efd9dd5469fc9be92c703459a4d5f93,direct-framework-reference,,android/media/ToneGenerator,definition-present,unknown,3,0,unknown,fd-binaryeye-evidence.json#/rows/220,False,unknown
fd-binaryeye,428c26249c706bd79610d03a1a985dcc0efd9dd5469fc9be92c703459a4d5f93,direct-framework-reference,,android/media/projection/MediaProjectionManager,definition-present,unknown,1,0,unknown,fd-binaryeye-evidence.json#/rows/221,False,unknown
fd-binaryeye,428c26249c706bd79610d03a1a985dcc0efd9dd5469fc9be92c703459a4d5f93,direct-framework-reference,,android/media/session/MediaSessionManager,definition-present,unknown,1,0,unknown,fd-binaryeye-evidence.json#/rows/222,False,unknown
fd-binaryeye,428c26249c706bd79610d03a1a985dcc0efd9dd5469fc9be92c703459a4d5f93,direct-framework-reference,,android/media/tv/TvInputManager,definition-present,unknown,1,0,unknown,fd-binaryeye-evidence.json#/rows/223,False,unknown
fd-binaryeye,428c26249c706bd79610d03a1a985dcc0efd9dd5469fc9be92c703459a4d5f93,direct-framework-reference,,android/net/ConnectivityManager,definition-present,unknown,1,0,unknown,fd-binaryeye-evidence.json#/rows/224,False,unknown
fd-binaryeye,428c26249c706bd79610d03a1a985dcc0efd9dd5469fc9be92c703459a4d5f93,direct-framework-reference,,android/net/Uri,definition-present,unknown,63,0,unknown,fd-binaryeye-evidence.json#/rows/225,False,unknown
fd-binaryeye,428c26249c706bd79610d03a1a985dcc0efd9dd5469fc9be92c703459a4d5f93,direct-framework-reference,,android/net/Uri$Builder,definition-present,unknown,6,0,unknown,fd-binaryeye-evidence.json#/rows/226,False,unknown
fd-binaryeye,428c26249c706bd79610d03a1a985dcc0efd9dd5469fc9be92c703459a4d5f93,direct-framework-reference,,android/net/nsd/NsdManager,definition-absent,unknown,1,0,unresolvable-in-scanned-inputs,fd-binaryeye-evidence.json#/rows/227,False,unknown
fd-binaryeye,428c26249c706bd79610d03a1a985dcc0efd9dd5469fc9be92c703459a4d5f93,direct-framework-reference,,android/net/wifi/WifiConfiguration,definition-present,unknown,2,0,unknown,fd-binaryeye-evidence.json#/rows/228,False,unknown
fd-binaryeye,428c26249c706bd79610d03a1a985dcc0efd9dd5469fc9be92c703459a4d5f93,direct-framework-reference,,android/net/wifi/WifiEnterpriseConfig,definition-absent,unknown,4,0,unresolvable-in-scanned-inputs,fd-binaryeye-evidence.json#/rows/229,False,unknown
fd-binaryeye,428c26249c706bd79610d03a1a985dcc0efd9dd5469fc9be92c703459a4d5f93,direct-framework-reference,,android/net/wifi/WifiManager,definition-present,unknown,10,0,unknown,fd-binaryeye-evidence.json#/rows/230,False,unknown
fd-binaryeye,428c26249c706bd79610d03a1a985dcc0efd9dd5469fc9be92c703459a4d5f93,direct-framework-reference,,android/net/wifi/WifiNetworkSuggestion,definition-absent,unknown,11,0,unresolvable-in-scanned-inputs,fd-binaryeye-evidence.json#/rows/231,False,unknown
fd-binaryeye,428c26249c706bd79610d03a1a985dcc0efd9dd5469fc9be92c703459a4d5f93,direct-framework-reference,,android/net/wifi/WifiNetworkSuggestion$Builder,definition-absent,unknown,12,0,unresolvable-in-scanned-inputs,fd-binaryeye-evidence.json#/rows/232,False,unknown
fd-binaryeye,428c26249c706bd79610d03a1a985dcc0efd9dd5469fc9be92c703459a4d5f93,direct-framework-reference,,android/net/wifi/p2p/WifiP2pManager,definition-absent,unknown,1,0,unresolvable-in-scanned-inputs,fd-binaryeye-evidence.json#/rows/233,False,unknown
fd-binaryeye,428c26249c706bd79610d03a1a985dcc0efd9dd5469fc9be92c703459a4d5f93,direct-framework-reference,,android/nfc/NfcManager,definition-present,unknown,1,0,unknown,fd-binaryeye-evidence.json#/rows/234,False,unknown
fd-binaryeye,428c26249c706bd79610d03a1a985dcc0efd9dd5469fc9be92c703459a4d5f93,direct-framework-reference,,android/opengl/EGL14,definition-present,unknown,13,0,unknown,fd-binaryeye-evidence.json#/rows/235,False,unknown
fd-binaryeye,428c26249c706bd79610d03a1a985dcc0efd9dd5469fc9be92c703459a4d5f93,direct-framework-reference,,android/opengl/EGLConfig,definition-present,unknown,5,0,unknown,fd-binaryeye-evidence.json#/rows/236,False,unknown
fd-binaryeye,428c26249c706bd79610d03a1a985dcc0efd9dd5469fc9be92c703459a4d5f93,direct-framework-reference,,android/opengl/EGLContext,definition-present,unknown,4,0,unknown,fd-binaryeye-evidence.json#/rows/237,False,unknown
fd-binaryeye,428c26249c706bd79610d03a1a985dcc0efd9dd5469fc9be92c703459a4d5f93,direct-framework-reference,,android/opengl/EGLDisplay,definition-present,unknown,11,0,unknown,fd-binaryeye-evidence.json#/rows/238,False,unknown
fd-binaryeye,428c26249c706bd79610d03a1a985dcc0efd9dd5469fc9be92c703459a4d5f93,direct-framework-reference,,android/opengl/EGLExt,definition-present,unknown,2,0,unknown,fd-binaryeye-evidence.json#/rows/239,False,unknown
fd-binaryeye,428c26249c706bd79610d03a1a985dcc0efd9dd5469fc9be92c703459a4d5f93,direct-framework-reference,,android/opengl/EGLSurface,definition-present,unknown,16,0,unknown,fd-binaryeye-evidence.json#/rows/240,False,unknown
fd-binaryeye,428c26249c706bd79610d03a1a985dcc0efd9dd5469fc9be92c703459a4d5f93,direct-framework-reference,,android/opengl/GLES20,definition-present,unknown,16,0,unknown,fd-binaryeye-evidence.json#/rows/241,False,unknown
fd-binaryeye,428c26249c706bd79610d03a1a985dcc0efd9dd5469fc9be92c703459a4d5f93,direct-framework-reference,,android/opengl/Matrix,definition-present,unknown,6,0,unknown,fd-binaryeye-evidence.json#/rows/242,False,unknown
fd-binaryeye,428c26249c706bd79610d03a1a985dcc0efd9dd5469fc9be92c703459a4d5f93,direct-framework-reference,,android/os/BaseBundle,definition-present,yes-static,48,1,unknown,fd-binaryeye-evidence.json#/rows/243,False,unknown
fd-binaryeye,428c26249c706bd79610d03a1a985dcc0efd9dd5469fc9be92c703459a4d5f93,direct-framework-reference,,android/os/BatteryManager,definition-present,unknown,1,0,unknown,fd-binaryeye-evidence.json#/rows/244,False,unknown
fd-binaryeye,428c26249c706bd79610d03a1a985dcc0efd9dd5469fc9be92c703459a4d5f93,direct-framework-reference,,android/os/Binder,definition-present,unknown,1,0,unknown,fd-binaryeye-evidence.json#/rows/245,False,unknown
fd-binaryeye,428c26249c706bd79610d03a1a985dcc0efd9dd5469fc9be92c703459a4d5f93,direct-framework-reference,,android/os/Build,definition-present,unknown,21,0,unknown,fd-binaryeye-evidence.json#/rows/246,False,unknown
fd-binaryeye,428c26249c706bd79610d03a1a985dcc0efd9dd5469fc9be92c703459a4d5f93,direct-framework-reference,,android/os/Build$VERSION,definition-present,unknown,291,0,unknown,fd-binaryeye-evidence.json#/rows/247,False,unknown
fd-binaryeye,428c26249c706bd79610d03a1a985dcc0efd9dd5469fc9be92c703459a4d5f93,direct-framework-reference,,android/os/Bundle,definition-present,yes-static,141,2,unknown,fd-binaryeye-evidence.json#/rows/248,False,unknown
fd-binaryeye,428c26249c706bd79610d03a1a985dcc0efd9dd5469fc9be92c703459a4d5f93,direct-framework-reference,,android/os/CancellationSignal,definition-present,unknown,5,0,unknown,fd-binaryeye-evidence.json#/rows/249,False,unknown
fd-binaryeye,428c26249c706bd79610d03a1a985dcc0efd9dd5469fc9be92c703459a4d5f93,direct-framework-reference,,android/os/DropBoxManager,definition-present,unknown,1,0,unknown,fd-binaryeye-evidence.json#/rows/250,False,unknown
fd-binaryeye,428c26249c706bd79610d03a1a985dcc0efd9dd5469fc9be92c703459a4d5f93,direct-framework-reference,,android/os/Environment,definition-present,unknown,4,0,unknown,fd-binaryeye-evidence.json#/rows/251,False,unknown
fd-binaryeye,428c26249c706bd79610d03a1a985dcc0efd9dd5469fc9be92c703459a4d5f93,direct-framework-reference,,android/os/Handler,definition-present,unknown,114,0,unknown,fd-binaryeye-evidence.json#/rows/252,False,unknown
fd-binaryeye,428c26249c706bd79610d03a1a985dcc0efd9dd5469fc9be92c703459a4d5f93,direct-framework-reference,,android/os/Handler$Callback,definition-present,unknown,4,0,unknown,fd-binaryeye-evidence.json#/rows/253,False,unknown
fd-binaryeye,428c26249c706bd79610d03a1a985dcc0efd9dd5469fc9be92c703459a4d5f93,direct-framework-reference,,android/os/HandlerThread,definition-present,unknown,6,0,unknown,fd-binaryeye-evidence.json#/rows/254,False,unknown
fd-binaryeye,428c26249c706bd79610d03a1a985dcc0efd9dd5469fc9be92c703459a4d5f93,direct-framework-reference,,android/os/IBinder,definition-present,unknown,7,0,unknown,fd-binaryeye-evidence.json#/rows/255,False,unknown
fd-binaryeye,428c26249c706bd79610d03a1a985dcc0efd9dd5469fc9be92c703459a4d5f93,direct-framework-reference,,android/os/LocaleList,definition-present,unknown,32,0,unknown,fd-binaryeye-evidence.json#/rows/256,False,unknown
fd-binaryeye,428c26249c706bd79610d03a1a985dcc0efd9dd5469fc9be92c703459a4d5f93,direct-framework-reference,,android/os/Looper,definition-present,unknown,47,0,unknown,fd-binaryeye-evidence.json#/rows/257,False,unknown
fd-binaryeye,428c26249c706bd79610d03a1a985dcc0efd9dd5469fc9be92c703459a4d5f93,direct-framework-reference,,android/os/Message,definition-present,unknown,6,0,unknown,fd-binaryeye-evidence.json#/rows/258,False,unknown
fd-binaryeye,428c26249c706bd79610d03a1a985dcc0efd9dd5469fc9be92c703459a4d5f93,direct-framework-reference,,android/os/Parcel,definition-present,unknown,65,0,unknown,fd-binaryeye-evidence.json#/rows/259,False,unknown
fd-binaryeye,428c26249c706bd79610d03a1a985dcc0efd9dd5469fc9be92c703459a4d5f93,direct-framework-reference,,android/os/ParcelFileDescriptor,definition-present,unknown,6,0,unknown,fd-binaryeye-evidence.json#/rows/260,False,unknown
fd-binaryeye,428c26249c706bd79610d03a1a985dcc0efd9dd5469fc9be92c703459a4d5f93,direct-framework-reference,,android/os/Parcelable,definition-present,unknown,94,0,unknown,fd-binaryeye-evidence.json#/rows/261,False,unknown
fd-binaryeye,428c26249c706bd79610d03a1a985dcc0efd9dd5469fc9be92c703459a4d5f93,direct-framework-reference,,android/os/Parcelable$Creator,definition-present,unknown,36,0,unknown,fd-binaryeye-evidence.json#/rows/262,False,unknown
fd-binaryeye,428c26249c706bd79610d03a1a985dcc0efd9dd5469fc9be92c703459a4d5f93,direct-framework-reference,,android/os/PersistableBundle,definition-present,unknown,3,0,unknown,fd-binaryeye-evidence.json#/rows/263,False,unknown
fd-binaryeye,428c26249c706bd79610d03a1a985dcc0efd9dd5469fc9be92c703459a4d5f93,direct-framework-reference,,android/os/PowerManager,definition-present,unknown,4,0,unknown,fd-binaryeye-evidence.json#/rows/264,False,unknown
fd-binaryeye,428c26249c706bd79610d03a1a985dcc0efd9dd5469fc9be92c703459a4d5f93,direct-framework-reference,,android/os/Process,definition-present,unknown,5,0,unknown,fd-binaryeye-evidence.json#/rows/265,False,unknown
fd-binaryeye,428c26249c706bd79610d03a1a985dcc0efd9dd5469fc9be92c703459a4d5f93,direct-framework-reference,,android/os/ResultReceiver,definition-present,unknown,1,0,unknown,fd-binaryeye-evidence.json#/rows/266,False,unknown
fd-binaryeye,428c26249c706bd79610d03a1a985dcc0efd9dd5469fc9be92c703459a4d5f93,direct-framework-reference,,android/os/StrictMode,definition-present,unknown,1,0,unknown,fd-binaryeye-evidence.json#/rows/267,False,unknown
fd-binaryeye,428c26249c706bd79610d03a1a985dcc0efd9dd5469fc9be92c703459a4d5f93,direct-framework-reference,,android/os/StrictMode$ThreadPolicy,definition-present,unknown,1,0,unknown,fd-binaryeye-evidence.json#/rows/268,False,unknown
fd-binaryeye,428c26249c706bd79610d03a1a985dcc0efd9dd5469fc9be92c703459a4d5f93,direct-framework-reference,,android/os/SystemClock,definition-present,unknown,23,0,unknown,fd-binaryeye-evidence.json#/rows/269,False,unknown
fd-binaryeye,428c26249c706bd79610d03a1a985dcc0efd9dd5469fc9be92c703459a4d5f93,direct-framework-reference,,android/os/Trace,definition-present,yes-static,27,2,unknown,fd-binaryeye-evidence.json#/rows/270,False,unknown
fd-binaryeye,428c26249c706bd79610d03a1a985dcc0efd9dd5469fc9be92c703459a4d5f93,direct-framework-reference,,android/os/UserManager,definition-present,unknown,1,0,unknown,fd-binaryeye-evidence.json#/rows/271,False,unknown
fd-binaryeye,428c26249c706bd79610d03a1a985dcc0efd9dd5469fc9be92c703459a4d5f93,direct-framework-reference,,android/os/VibrationEffect,definition-present,unknown,5,0,unknown,fd-binaryeye-evidence.json#/rows/272,False,unknown
fd-binaryeye,428c26249c706bd79610d03a1a985dcc0efd9dd5469fc9be92c703459a4d5f93,direct-framework-reference,,android/os/Vibrator,definition-present,unknown,4,0,unknown,fd-binaryeye-evidence.json#/rows/273,False,unknown
fd-binaryeye,428c26249c706bd79610d03a1a985dcc0efd9dd5469fc9be92c703459a4d5f93,direct-framework-reference,,android/os/ext/SdkExtensions,definition-present,unknown,1,0,unknown,fd-binaryeye-evidence.json#/rows/274,False,unknown
fd-binaryeye,428c26249c706bd79610d03a1a985dcc0efd9dd5469fc9be92c703459a4d5f93,direct-framework-reference,,android/os/storage/StorageManager,definition-present,unknown,1,0,unknown,fd-binaryeye-evidence.json#/rows/275,False,unknown
fd-binaryeye,428c26249c706bd79610d03a1a985dcc0efd9dd5469fc9be92c703459a4d5f93,direct-framework-reference,,android/preference/PreferenceManager,definition-present,yes-static,1,1,unknown,fd-binaryeye-evidence.json#/rows/276,False,unknown
fd-binaryeye,428c26249c706bd79610d03a1a985dcc0efd9dd5469fc9be92c703459a4d5f93,direct-framework-reference,,android/print/PrintManager,definition-present,unknown,1,0,unknown,fd-binaryeye-evidence.json#/rows/277,False,unknown
fd-binaryeye,428c26249c706bd79610d03a1a985dcc0efd9dd5469fc9be92c703459a4d5f93,direct-framework-reference,,android/provider/DocumentsContract,definition-present,unknown,1,0,unknown,fd-binaryeye-evidence.json#/rows/278,False,unknown
fd-binaryeye,428c26249c706bd79610d03a1a985dcc0efd9dd5469fc9be92c703459a4d5f93,direct-framework-reference,,android/provider/MediaStore$Downloads,definition-absent,unknown,1,0,unresolvable-in-scanned-inputs,fd-binaryeye-evidence.json#/rows/279,False,unknown
fd-binaryeye,428c26249c706bd79610d03a1a985dcc0efd9dd5469fc9be92c703459a4d5f93,direct-framework-reference,,android/provider/Settings$System,definition-present,unknown,1,0,unknown,fd-binaryeye-evidence.json#/rows/280,False,unknown
fd-binaryeye,428c26249c706bd79610d03a1a985dcc0efd9dd5469fc9be92c703459a4d5f93,direct-framework-reference,,android/service/quicksettings/TileService,definition-present,unknown,3,0,unknown,fd-binaryeye-evidence.json#/rows/281,False,unknown
fd-binaryeye,428c26249c706bd79610d03a1a985dcc0efd9dd5469fc9be92c703459a4d5f93,direct-framework-reference,,android/system/Os,definition-present,unknown,1,0,unknown,fd-binaryeye-evidence.json#/rows/282,False,unknown
fd-binaryeye,428c26249c706bd79610d03a1a985dcc0efd9dd5469fc9be92c703459a4d5f93,direct-framework-reference,,android/system/OsConstants,definition-present,unknown,1,0,unknown,fd-binaryeye-evidence.json#/rows/283,False,unknown
fd-binaryeye,428c26249c706bd79610d03a1a985dcc0efd9dd5469fc9be92c703459a4d5f93,direct-framework-reference,,android/system/StructStat,definition-present,unknown,1,0,unknown,fd-binaryeye-evidence.json#/rows/284,False,unknown
fd-binaryeye,428c26249c706bd79610d03a1a985dcc0efd9dd5469fc9be92c703459a4d5f93,direct-framework-reference,,android/telecom/TelecomManager,definition-present,unknown,1,0,unknown,fd-binaryeye-evidence.json#/rows/285,False,unknown
fd-binaryeye,428c26249c706bd79610d03a1a985dcc0efd9dd5469fc9be92c703459a4d5f93,direct-framework-reference,,android/telephony/SubscriptionManager,definition-present,unknown,1,0,unknown,fd-binaryeye-evidence.json#/rows/286,False,unknown
fd-binaryeye,428c26249c706bd79610d03a1a985dcc0efd9dd5469fc9be92c703459a4d5f93,direct-framework-reference,,android/telephony/TelephonyManager,definition-present,unknown,1,0,unknown,fd-binaryeye-evidence.json#/rows/287,False,unknown
fd-binaryeye,428c26249c706bd79610d03a1a985dcc0efd9dd5469fc9be92c703459a4d5f93,direct-framework-reference,,android/text/Editable,definition-present,unknown,37,0,unknown,fd-binaryeye-evidence.json#/rows/288,False,unknown
fd-binaryeye,428c26249c706bd79610d03a1a985dcc0efd9dd5469fc9be92c703459a4d5f93,direct-framework-reference,,android/text/Editable$Factory,definition-present,unknown,2,0,unknown,fd-binaryeye-evidence.json#/rows/289,False,unknown
fd-binaryeye,428c26249c706bd79610d03a1a985dcc0efd9dd5469fc9be92c703459a4d5f93,direct-framework-reference,,android/text/InputFilter,definition-present,unknown,11,0,unknown,fd-binaryeye-evidence.json#/rows/290,False,unknown
fd-binaryeye,428c26249c706bd79610d03a1a985dcc0efd9dd5469fc9be92c703459a4d5f93,direct-framework-reference,,android/text/Layout,definition-present,unknown,6,0,unknown,fd-binaryeye-evidence.json#/rows/291,False,unknown
fd-binaryeye,428c26249c706bd79610d03a1a985dcc0efd9dd5469fc9be92c703459a4d5f93,direct-framework-reference,,android/text/Layout$Alignment,definition-present,unknown,6,0,unknown,fd-binaryeye-evidence.json#/rows/292,False,unknown
fd-binaryeye,428c26249c706bd79610d03a1a985dcc0efd9dd5469fc9be92c703459a4d5f93,direct-framework-reference,,android/text/PrecomputedText,definition-present,unknown,1,0,unknown,fd-binaryeye-evidence.json#/rows/293,False,unknown
fd-binaryeye,428c26249c706bd79610d03a1a985dcc0efd9dd5469fc9be92c703459a4d5f93,direct-framework-reference,,android/text/PrecomputedText$Params,definition-present,unknown,8,0,unknown,fd-binaryeye-evidence.json#/rows/294,False,unknown
fd-binaryeye,428c26249c706bd79610d03a1a985dcc0efd9dd5469fc9be92c703459a4d5f93,direct-framework-reference,,android/text/PrecomputedText$Params$Builder,definition-present,unknown,1,0,unknown,fd-binaryeye-evidence.json#/rows/295,False,unknown
fd-binaryeye,428c26249c706bd79610d03a1a985dcc0efd9dd5469fc9be92c703459a4d5f93,direct-framework-reference,,android/text/Selection,definition-present,unknown,6,0,unknown,fd-binaryeye-evidence.json#/rows/296,False,unknown
fd-binaryeye,428c26249c706bd79610d03a1a985dcc0efd9dd5469fc9be92c703459a4d5f93,direct-framework-reference,,android/text/SpanWatcher,definition-present,unknown,3,0,unknown,fd-binaryeye-evidence.json#/rows/297,False,unknown
fd-binaryeye,428c26249c706bd79610d03a1a985dcc0efd9dd5469fc9be92c703459a4d5f93,direct-framework-reference,,android/text/Spannable,definition-present,unknown,26,0,unknown,fd-binaryeye-evidence.json#/rows/298,False,unknown
fd-binaryeye,428c26249c706bd79610d03a1a985dcc0efd9dd5469fc9be92c703459a4d5f93,direct-framework-reference,,android/text/SpannableString,definition-present,unknown,6,0,unknown,fd-binaryeye-evidence.json#/rows/299,False,unknown
fd-binaryeye,428c26249c706bd79610d03a1a985dcc0efd9dd5469fc9be92c703459a4d5f93,direct-framework-reference,,android/text/SpannableStringBuilder,definition-present,unknown,32,0,unknown,fd-binaryeye-evidence.json#/rows/300,False,unknown
fd-binaryeye,428c26249c706bd79610d03a1a985dcc0efd9dd5469fc9be92c703459a4d5f93,direct-framework-reference,,android/text/Spanned,definition-present,unknown,12,0,unknown,fd-binaryeye-evidence.json#/rows/301,False,unknown
fd-binaryeye,428c26249c706bd79610d03a1a985dcc0efd9dd5469fc9be92c703459a4d5f93,direct-framework-reference,,android/text/StaticLayout,definition-present,unknown,6,0,unknown,fd-binaryeye-evidence.json#/rows/302,False,unknown
fd-binaryeye,428c26249c706bd79610d03a1a985dcc0efd9dd5469fc9be92c703459a4d5f93,direct-framework-reference,,android/text/StaticLayout$Builder,definition-present,unknown,4,0,unknown,fd-binaryeye-evidence.json#/rows/303,False,unknown
fd-binaryeye,428c26249c706bd79610d03a1a985dcc0efd9dd5469fc9be92c703459a4d5f93,direct-framework-reference,,android/text/TextDirectionHeuristic,definition-present,unknown,12,0,unknown,fd-binaryeye-evidence.json#/rows/304,False,unknown
fd-binaryeye,428c26249c706bd79610d03a1a985dcc0efd9dd5469fc9be92c703459a4d5f93,direct-framework-reference,,android/text/TextDirectionHeuristics,definition-present,unknown,3,0,unknown,fd-binaryeye-evidence.json#/rows/305,False,unknown
fd-binaryeye,428c26249c706bd79610d03a1a985dcc0efd9dd5469fc9be92c703459a4d5f93,direct-framework-reference,,android/text/TextPaint,definition-present,unknown,26,0,unknown,fd-binaryeye-evidence.json#/rows/306,False,unknown
fd-binaryeye,428c26249c706bd79610d03a1a985dcc0efd9dd5469fc9be92c703459a4d5f93,direct-framework-reference,,android/text/TextUtils,definition-present,unknown,76,0,unknown,fd-binaryeye-evidence.json#/rows/307,False,unknown
fd-binaryeye,428c26249c706bd79610d03a1a985dcc0efd9dd5469fc9be92c703459a4d5f93,direct-framework-reference,,android/text/TextUtils$TruncateAt,definition-present,unknown,2,0,unknown,fd-binaryeye-evidence.json#/rows/308,False,unknown
fd-binaryeye,428c26249c706bd79610d03a1a985dcc0efd9dd5469fc9be92c703459a4d5f93,direct-framework-reference,,android/text/TextWatcher,definition-present,unknown,3,0,unknown,fd-binaryeye-evidence.json#/rows/309,False,unknown
fd-binaryeye,428c26249c706bd79610d03a1a985dcc0efd9dd5469fc9be92c703459a4d5f93,direct-framework-reference,,android/text/format/DateFormat,definition-present,unknown,1,0,unknown,fd-binaryeye-evidence.json#/rows/310,False,unknown
fd-binaryeye,428c26249c706bd79610d03a1a985dcc0efd9dd5469fc9be92c703459a4d5f93,direct-framework-reference,,android/text/method/KeyListener,definition-present,unknown,13,0,unknown,fd-binaryeye-evidence.json#/rows/311,False,unknown
fd-binaryeye,428c26249c706bd79610d03a1a985dcc0efd9dd5469fc9be92c703459a4d5f93,direct-framework-reference,,android/text/method/MetaKeyKeyListener,definition-present,unknown,1,0,unknown,fd-binaryeye-evidence.json#/rows/312,False,unknown
fd-binaryeye,428c26249c706bd79610d03a1a985dcc0efd9dd5469fc9be92c703459a4d5f93,direct-framework-reference,,android/text/method/NumberKeyListener,definition-present,unknown,4,0,unknown,fd-binaryeye-evidence.json#/rows/313,False,unknown
fd-binaryeye,428c26249c706bd79610d03a1a985dcc0efd9dd5469fc9be92c703459a4d5f93,direct-framework-reference,,android/text/method/PasswordTransformationMethod,definition-present,unknown,3,0,unknown,fd-binaryeye-evidence.json#/rows/314,False,unknown
fd-binaryeye,428c26249c706bd79610d03a1a985dcc0efd9dd5469fc9be92c703459a4d5f93,direct-framework-reference,,android/text/method/TransformationMethod,definition-present,unknown,13,0,unknown,fd-binaryeye-evidence.json#/rows/315,False,unknown
fd-binaryeye,428c26249c706bd79610d03a1a985dcc0efd9dd5469fc9be92c703459a4d5f93,direct-framework-reference,,android/text/style/CharacterStyle,definition-present,unknown,1,0,unknown,fd-binaryeye-evidence.json#/rows/316,False,unknown
fd-binaryeye,428c26249c706bd79610d03a1a985dcc0efd9dd5469fc9be92c703459a4d5f93,direct-framework-reference,,android/text/style/ClickableSpan,definition-present,unknown,3,0,unknown,fd-binaryeye-evidence.json#/rows/317,False,unknown
fd-binaryeye,428c26249c706bd79610d03a1a985dcc0efd9dd5469fc9be92c703459a4d5f93,direct-framework-reference,,android/text/style/ImageSpan,definition-present,unknown,1,0,unknown,fd-binaryeye-evidence.json#/rows/318,False,unknown
fd-binaryeye,428c26249c706bd79610d03a1a985dcc0efd9dd5469fc9be92c703459a4d5f93,direct-framework-reference,,android/text/style/ReplacementSpan,definition-present,unknown,1,0,unknown,fd-binaryeye-evidence.json#/rows/319,False,unknown
fd-binaryeye,428c26249c706bd79610d03a1a985dcc0efd9dd5469fc9be92c703459a4d5f93,direct-framework-reference,,android/text/style/TextAppearanceSpan,definition-present,unknown,1,0,unknown,fd-binaryeye-evidence.json#/rows/320,False,unknown
fd-binaryeye,428c26249c706bd79610d03a1a985dcc0efd9dd5469fc9be92c703459a4d5f93,direct-framework-reference,,android/text/style/TypefaceSpan,definition-present,unknown,1,0,unknown,fd-binaryeye-evidence.json#/rows/321,False,unknown
fd-binaryeye,428c26249c706bd79610d03a1a985dcc0efd9dd5469fc9be92c703459a4d5f93,direct-framework-reference,,android/transition/Transition,definition-present,unknown,4,0,unknown,fd-binaryeye-evidence.json#/rows/322,False,unknown
fd-binaryeye,428c26249c706bd79610d03a1a985dcc0efd9dd5469fc9be92c703459a4d5f93,direct-framework-reference,,android/util/AndroidRuntimeException,definition-present,unknown,11,0,unknown,fd-binaryeye-evidence.json#/rows/323,False,unknown
fd-binaryeye,428c26249c706bd79610d03a1a985dcc0efd9dd5469fc9be92c703459a4d5f93,direct-framework-reference,,android/util/ArrayMap,definition-present,unknown,27,0,unknown,fd-binaryeye-evidence.json#/rows/324,False,unknown
fd-binaryeye,428c26249c706bd79610d03a1a985dcc0efd9dd5469fc9be92c703459a4d5f93,direct-framework-reference,,android/util/AttributeSet,definition-present,unknown,212,0,unknown,fd-binaryeye-evidence.json#/rows/325,False,unknown
fd-binaryeye,428c26249c706bd79610d03a1a985dcc0efd9dd5469fc9be92c703459a4d5f93,direct-framework-reference,,android/util/Base64,definition-present,unknown,2,0,unknown,fd-binaryeye-evidence.json#/rows/326,False,unknown
fd-binaryeye,428c26249c706bd79610d03a1a985dcc0efd9dd5469fc9be92c703459a4d5f93,direct-framework-reference,,android/util/DisplayMetrics,definition-present,unknown,37,0,unknown,fd-binaryeye-evidence.json#/rows/327,False,unknown
fd-binaryeye,428c26249c706bd79610d03a1a985dcc0efd9dd5469fc9be92c703459a4d5f93,direct-framework-reference,,android/util/Log,definition-present,unknown,224,0,unknown,fd-binaryeye-evidence.json#/rows/328,False,unknown
fd-binaryeye,428c26249c706bd79610d03a1a985dcc0efd9dd5469fc9be92c703459a4d5f93,direct-framework-reference,,android/util/LongSparseArray,definition-present,unknown,6,0,unknown,fd-binaryeye-evidence.json#/rows/329,False,unknown
fd-binaryeye,428c26249c706bd79610d03a1a985dcc0efd9dd5469fc9be92c703459a4d5f93,direct-framework-reference,,android/util/Pair,definition-present,unknown,16,0,unknown,fd-binaryeye-evidence.json#/rows/330,False,unknown
fd-binaryeye,428c26249c706bd79610d03a1a985dcc0efd9dd5469fc9be92c703459a4d5f93,direct-framework-reference,,android/util/Property,definition-present,unknown,9,0,unknown,fd-binaryeye-evidence.json#/rows/331,False,unknown
fd-binaryeye,428c26249c706bd79610d03a1a985dcc0efd9dd5469fc9be92c703459a4d5f93,direct-framework-reference,,android/util/Range,definition-present,unknown,37,0,unknown,fd-binaryeye-evidence.json#/rows/332,False,unknown
fd-binaryeye,428c26249c706bd79610d03a1a985dcc0efd9dd5469fc9be92c703459a4d5f93,direct-framework-reference,,android/util/Rational,definition-present,unknown,36,0,unknown,fd-binaryeye-evidence.json#/rows/333,False,unknown
fd-binaryeye,428c26249c706bd79610d03a1a985dcc0efd9dd5469fc9be92c703459a4d5f93,direct-framework-reference,,android/util/Size,definition-present,unknown,164,0,unknown,fd-binaryeye-evidence.json#/rows/334,False,unknown
fd-binaryeye,428c26249c706bd79610d03a1a985dcc0efd9dd5469fc9be92c703459a4d5f93,direct-framework-reference,,android/util/SparseArray,definition-present,unknown,42,0,unknown,fd-binaryeye-evidence.json#/rows/335,False,unknown
fd-binaryeye,428c26249c706bd79610d03a1a985dcc0efd9dd5469fc9be92c703459a4d5f93,direct-framework-reference,,android/util/SparseBooleanArray,definition-present,unknown,3,0,unknown,fd-binaryeye-evidence.json#/rows/336,False,unknown
fd-binaryeye,428c26249c706bd79610d03a1a985dcc0efd9dd5469fc9be92c703459a4d5f93,direct-framework-reference,,android/util/SparseIntArray,definition-present,unknown,17,0,unknown,fd-binaryeye-evidence.json#/rows/337,False,unknown
fd-binaryeye,428c26249c706bd79610d03a1a985dcc0efd9dd5469fc9be92c703459a4d5f93,direct-framework-reference,,android/util/StateSet,definition-present,unknown,6,0,unknown,fd-binaryeye-evidence.json#/rows/338,False,unknown
fd-binaryeye,428c26249c706bd79610d03a1a985dcc0efd9dd5469fc9be92c703459a4d5f93,direct-framework-reference,,android/util/TypedValue,definition-present,unknown,52,0,unknown,fd-binaryeye-evidence.json#/rows/339,False,unknown
fd-binaryeye,428c26249c706bd79610d03a1a985dcc0efd9dd5469fc9be92c703459a4d5f93,direct-framework-reference,,android/util/Xml,definition-present,unknown,12,0,unknown,fd-binaryeye-evidence.json#/rows/340,False,unknown
fd-binaryeye,428c26249c706bd79610d03a1a985dcc0efd9dd5469fc9be92c703459a4d5f93,direct-framework-reference,,android/view/AbsSavedState,definition-present,unknown,37,0,unknown,fd-binaryeye-evidence.json#/rows/341,False,unknown
fd-binaryeye,428c26249c706bd79610d03a1a985dcc0efd9dd5469fc9be92c703459a4d5f93,direct-framework-reference,,android/view/ActionMode,definition-present,unknown,14,0,unknown,fd-binaryeye-evidence.json#/rows/342,False,unknown
fd-binaryeye,428c26249c706bd79610d03a1a985dcc0efd9dd5469fc9be92c703459a4d5f93,direct-framework-reference,,android/view/ActionMode$Callback,definition-present,unknown,27,0,unknown,fd-binaryeye-evidence.json#/rows/343,False,unknown
fd-binaryeye,428c26249c706bd79610d03a1a985dcc0efd9dd5469fc9be92c703459a4d5f93,direct-framework-reference,,android/view/ActionProvider,definition-present,unknown,9,0,unknown,fd-binaryeye-evidence.json#/rows/344,False,unknown
fd-binaryeye,428c26249c706bd79610d03a1a985dcc0efd9dd5469fc9be92c703459a4d5f93,direct-framework-reference,,android/view/Choreographer,definition-present,unknown,4,0,unknown,fd-binaryeye-evidence.json#/rows/345,False,unknown
fd-binaryeye,428c26249c706bd79610d03a1a985dcc0efd9dd5469fc9be92c703459a4d5f93,direct-framework-reference,,android/view/Choreographer$FrameCallback,definition-present,unknown,3,0,unknown,fd-binaryeye-evidence.json#/rows/346,False,unknown
fd-binaryeye,428c26249c706bd79610d03a1a985dcc0efd9dd5469fc9be92c703459a4d5f93,direct-framework-reference,,android/view/CollapsibleActionView,definition-present,unknown,6,0,unknown,fd-binaryeye-evidence.json#/rows/347,False,unknown
fd-binaryeye,428c26249c706bd79610d03a1a985dcc0efd9dd5469fc9be92c703459a4d5f93,direct-framework-reference,,android/view/ContentInfo,definition-present,unknown,13,0,unknown,fd-binaryeye-evidence.json#/rows/348,False,unknown
fd-binaryeye,428c26249c706bd79610d03a1a985dcc0efd9dd5469fc9be92c703459a4d5f93,direct-framework-reference,,android/view/ContentInfo$Builder,definition-present,unknown,10,0,unknown,fd-binaryeye-evidence.json#/rows/349,False,unknown
fd-binaryeye,428c26249c706bd79610d03a1a985dcc0efd9dd5469fc9be92c703459a4d5f93,direct-framework-reference,,android/view/ContextMenu,definition-present,unknown,2,0,unknown,fd-binaryeye-evidence.json#/rows/350,False,unknown
fd-binaryeye,428c26249c706bd79610d03a1a985dcc0efd9dd5469fc9be92c703459a4d5f93,direct-framework-reference,,android/view/ContextMenu$ContextMenuInfo,definition-present,unknown,2,0,unknown,fd-binaryeye-evidence.json#/rows/351,False,unknown
fd-binaryeye,428c26249c706bd79610d03a1a985dcc0efd9dd5469fc9be92c703459a4d5f93,direct-framework-reference,,android/view/ContextThemeWrapper,definition-present,unknown,17,0,unknown,fd-binaryeye-evidence.json#/rows/352,False,unknown
fd-binaryeye,428c26249c706bd79610d03a1a985dcc0efd9dd5469fc9be92c703459a4d5f93,direct-framework-reference,,android/view/Display,definition-present,unknown,10,0,unknown,fd-binaryeye-evidence.json#/rows/353,False,unknown
fd-binaryeye,428c26249c706bd79610d03a1a985dcc0efd9dd5469fc9be92c703459a4d5f93,direct-framework-reference,,android/view/DisplayCutout,definition-present,unknown,12,0,unknown,fd-binaryeye-evidence.json#/rows/354,False,unknown
fd-binaryeye,428c26249c706bd79610d03a1a985dcc0efd9dd5469fc9be92c703459a4d5f93,direct-framework-reference,,android/view/DragAndDropPermissions,definition-present,unknown,2,0,unknown,fd-binaryeye-evidence.json#/rows/355,False,unknown
fd-binaryeye,428c26249c706bd79610d03a1a985dcc0efd9dd5469fc9be92c703459a4d5f93,direct-framework-reference,,android/view/DragEvent,definition-present,unknown,3,0,unknown,fd-binaryeye-evidence.json#/rows/356,False,unknown
fd-binaryeye,428c26249c706bd79610d03a1a985dcc0efd9dd5469fc9be92c703459a4d5f93,direct-framework-reference,,android/view/FocusFinder,definition-present,unknown,4,0,unknown,fd-binaryeye-evidence.json#/rows/357,False,unknown
fd-binaryeye,428c26249c706bd79610d03a1a985dcc0efd9dd5469fc9be92c703459a4d5f93,direct-framework-reference,,android/view/GestureDetector,definition-present,unknown,3,0,unknown,fd-binaryeye-evidence.json#/rows/358,False,unknown
fd-binaryeye,428c26249c706bd79610d03a1a985dcc0efd9dd5469fc9be92c703459a4d5f93,direct-framework-reference,,android/view/GestureDetector$OnGestureListener,definition-present,unknown,2,0,unknown,fd-binaryeye-evidence.json#/rows/359,False,unknown
fd-binaryeye,428c26249c706bd79610d03a1a985dcc0efd9dd5469fc9be92c703459a4d5f93,direct-framework-reference,,android/view/GestureDetector$SimpleOnGestureListener,definition-present,unknown,1,0,unknown,fd-binaryeye-evidence.json#/rows/360,False,unknown
fd-binaryeye,428c26249c706bd79610d03a1a985dcc0efd9dd5469fc9be92c703459a4d5f93,direct-framework-reference,,android/view/Gravity,definition-present,unknown,14,0,unknown,fd-binaryeye-evidence.json#/rows/361,False,unknown
fd-binaryeye,428c26249c706bd79610d03a1a985dcc0efd9dd5469fc9be92c703459a4d5f93,direct-framework-reference,,android/view/InflateException,definition-present,unknown,7,0,unknown,fd-binaryeye-evidence.json#/rows/362,False,unknown
fd-binaryeye,428c26249c706bd79610d03a1a985dcc0efd9dd5469fc9be92c703459a4d5f93,direct-framework-reference,,android/view/InputDevice,definition-present,unknown,1,0,unknown,fd-binaryeye-evidence.json#/rows/363,False,unknown
fd-binaryeye,428c26249c706bd79610d03a1a985dcc0efd9dd5469fc9be92c703459a4d5f93,direct-framework-reference,,android/view/InputDevice$MotionRange,definition-present,unknown,1,0,unknown,fd-binaryeye-evidence.json#/rows/364,False,unknown
fd-binaryeye,428c26249c706bd79610d03a1a985dcc0efd9dd5469fc9be92c703459a4d5f93,direct-framework-reference,,android/view/KeyCharacterMap,definition-present,unknown,3,0,unknown,fd-binaryeye-evidence.json#/rows/365,False,unknown
fd-binaryeye,428c26249c706bd79610d03a1a985dcc0efd9dd5469fc9be92c703459a4d5f93,direct-framework-reference,,android/view/KeyCharacterMap$KeyData,definition-present,unknown,2,0,unknown,fd-binaryeye-evidence.json#/rows/366,False,unknown
fd-binaryeye,428c26249c706bd79610d03a1a985dcc0efd9dd5469fc9be92c703459a4d5f93,direct-framework-reference,,android/view/KeyEvent,definition-present,unknown,50,0,unknown,fd-binaryeye-evidence.json#/rows/367,False,unknown
fd-binaryeye,428c26249c706bd79610d03a1a985dcc0efd9dd5469fc9be92c703459a4d5f93,direct-framework-reference,,android/view/KeyEvent$Callback,definition-present,unknown,13,0,unknown,fd-binaryeye-evidence.json#/rows/368,False,unknown
fd-binaryeye,428c26249c706bd79610d03a1a985dcc0efd9dd5469fc9be92c703459a4d5f93,direct-framework-reference,,android/view/KeyEvent$DispatcherState,definition-present,unknown,3,0,unknown,fd-binaryeye-evidence.json#/rows/369,False,unknown
fd-binaryeye,428c26249c706bd79610d03a1a985dcc0efd9dd5469fc9be92c703459a4d5f93,direct-framework-reference,,android/view/LayoutInflater,definition-present,unknown,57,0,unknown,fd-binaryeye-evidence.json#/rows/370,False,unknown
fd-binaryeye,428c26249c706bd79610d03a1a985dcc0efd9dd5469fc9be92c703459a4d5f93,direct-framework-reference,,android/view/LayoutInflater$Factory,definition-present,unknown,1,0,unknown,fd-binaryeye-evidence.json#/rows/371,False,unknown
fd-binaryeye,428c26249c706bd79610d03a1a985dcc0efd9dd5469fc9be92c703459a4d5f93,direct-framework-reference,,android/view/LayoutInflater$Factory2,definition-present,unknown,2,0,unknown,fd-binaryeye-evidence.json#/rows/372,False,unknown
fd-binaryeye,428c26249c706bd79610d03a1a985dcc0efd9dd5469fc9be92c703459a4d5f93,direct-framework-reference,,android/view/Menu,definition-present,unknown,51,0,unknown,fd-binaryeye-evidence.json#/rows/373,False,unknown
fd-binaryeye,428c26249c706bd79610d03a1a985dcc0efd9dd5469fc9be92c703459a4d5f93,direct-framework-reference,,android/view/MenuInflater,definition-present,unknown,14,0,unknown,fd-binaryeye-evidence.json#/rows/374,False,unknown
fd-binaryeye,428c26249c706bd79610d03a1a985dcc0efd9dd5469fc9be92c703459a4d5f93,direct-framework-reference,,android/view/MenuItem,definition-present,unknown,129,0,unknown,fd-binaryeye-evidence.json#/rows/375,False,unknown
fd-binaryeye,428c26249c706bd79610d03a1a985dcc0efd9dd5469fc9be92c703459a4d5f93,direct-framework-reference,,android/view/MenuItem$OnActionExpandListener,definition-present,unknown,7,0,unknown,fd-binaryeye-evidence.json#/rows/376,False,unknown
fd-binaryeye,428c26249c706bd79610d03a1a985dcc0efd9dd5469fc9be92c703459a4d5f93,direct-framework-reference,,android/view/MenuItem$OnMenuItemClickListener,definition-present,unknown,4,0,unknown,fd-binaryeye-evidence.json#/rows/377,False,unknown
fd-binaryeye,428c26249c706bd79610d03a1a985dcc0efd9dd5469fc9be92c703459a4d5f93,direct-framework-reference,,android/view/MotionEvent,definition-present,unknown,66,0,unknown,fd-binaryeye-evidence.json#/rows/378,False,unknown
fd-binaryeye,428c26249c706bd79610d03a1a985dcc0efd9dd5469fc9be92c703459a4d5f93,direct-framework-reference,,android/view/PixelCopy,definition-present,unknown,1,0,unknown,fd-binaryeye-evidence.json#/rows/379,False,unknown
fd-binaryeye,428c26249c706bd79610d03a1a985dcc0efd9dd5469fc9be92c703459a4d5f93,direct-framework-reference,,android/view/PixelCopy$OnPixelCopyFinishedListener,definition-present,unknown,1,0,unknown,fd-binaryeye-evidence.json#/rows/380,False,unknown
fd-binaryeye,428c26249c706bd79610d03a1a985dcc0efd9dd5469fc9be92c703459a4d5f93,direct-framework-reference,,android/view/RoundedCorner,definition-present,unknown,4,0,unknown,fd-binaryeye-evidence.json#/rows/381,False,unknown
fd-binaryeye,428c26249c706bd79610d03a1a985dcc0efd9dd5469fc9be92c703459a4d5f93,direct-framework-reference,,android/view/ScrollFeedbackProvider,definition-absent,unknown,3,0,unresolvable-in-scanned-inputs,fd-binaryeye-evidence.json#/rows/382,False,unknown
fd-binaryeye,428c26249c706bd79610d03a1a985dcc0efd9dd5469fc9be92c703459a4d5f93,direct-framework-reference,,android/view/SearchEvent,definition-present,unknown,2,0,unknown,fd-binaryeye-evidence.json#/rows/383,False,unknown
fd-binaryeye,428c26249c706bd79610d03a1a985dcc0efd9dd5469fc9be92c703459a4d5f93,direct-framework-reference,,android/view/SubMenu,definition-present,unknown,15,0,unknown,fd-binaryeye-evidence.json#/rows/384,False,unknown
fd-binaryeye,428c26249c706bd79610d03a1a985dcc0efd9dd5469fc9be92c703459a4d5f93,direct-framework-reference,,android/view/Surface,definition-present,unknown,80,0,unknown,fd-binaryeye-evidence.json#/rows/385,False,unknown
fd-binaryeye,428c26249c706bd79610d03a1a985dcc0efd9dd5469fc9be92c703459a4d5f93,direct-framework-reference,,android/view/SurfaceHolder,definition-present,unknown,4,0,unknown,fd-binaryeye-evidence.json#/rows/386,False,unknown
fd-binaryeye,428c26249c706bd79610d03a1a985dcc0efd9dd5469fc9be92c703459a4d5f93,direct-framework-reference,,android/view/SurfaceHolder$Callback,definition-present,unknown,1,0,unknown,fd-binaryeye-evidence.json#/rows/387,False,unknown
fd-binaryeye,428c26249c706bd79610d03a1a985dcc0efd9dd5469fc9be92c703459a4d5f93,direct-framework-reference,,android/view/SurfaceView,definition-present,unknown,6,0,unknown,fd-binaryeye-evidence.json#/rows/388,False,unknown
fd-binaryeye,428c26249c706bd79610d03a1a985dcc0efd9dd5469fc9be92c703459a4d5f93,direct-framework-reference,,android/view/TextureView,definition-present,unknown,7,0,unknown,fd-binaryeye-evidence.json#/rows/389,False,unknown
fd-binaryeye,428c26249c706bd79610d03a1a985dcc0efd9dd5469fc9be92c703459a4d5f93,direct-framework-reference,,android/view/TouchDelegate,definition-present,unknown,2,0,unknown,fd-binaryeye-evidence.json#/rows/390,False,unknown
fd-binaryeye,428c26249c706bd79610d03a1a985dcc0efd9dd5469fc9be92c703459a4d5f93,direct-framework-reference,,android/view/VelocityTracker,definition-present,unknown,24,0,unknown,fd-binaryeye-evidence.json#/rows/391,False,unknown
fd-binaryeye,428c26249c706bd79610d03a1a985dcc0efd9dd5469fc9be92c703459a4d5f93,direct-framework-reference,,android/view/View,definition-present,unknown,1372,0,unknown,fd-binaryeye-evidence.json#/rows/392,False,unknown
fd-binaryeye,428c26249c706bd79610d03a1a985dcc0efd9dd5469fc9be92c703459a4d5f93,direct-framework-reference,,android/view/View$AccessibilityDelegate,definition-present,unknown,25,0,unknown,fd-binaryeye-evidence.json#/rows/393,False,unknown
fd-binaryeye,428c26249c706bd79610d03a1a985dcc0efd9dd5469fc9be92c703459a4d5f93,direct-framework-reference,,android/view/View$BaseSavedState,definition-present,unknown,10,0,unknown,fd-binaryeye-evidence.json#/rows/394,False,unknown
fd-binaryeye,428c26249c706bd79610d03a1a985dcc0efd9dd5469fc9be92c703459a4d5f93,direct-framework-reference,,android/view/View$MeasureSpec,definition-present,unknown,35,0,unknown,fd-binaryeye-evidence.json#/rows/395,False,unknown
fd-binaryeye,428c26249c706bd79610d03a1a985dcc0efd9dd5469fc9be92c703459a4d5f93,direct-framework-reference,,android/view/View$OnApplyWindowInsetsListener,definition-present,unknown,4,0,unknown,fd-binaryeye-evidence.json#/rows/396,False,unknown
fd-binaryeye,428c26249c706bd79610d03a1a985dcc0efd9dd5469fc9be92c703459a4d5f93,direct-framework-reference,,android/view/View$OnClickListener,definition-present,unknown,3,0,unknown,fd-binaryeye-evidence.json#/rows/397,False,unknown
fd-binaryeye,428c26249c706bd79610d03a1a985dcc0efd9dd5469fc9be92c703459a4d5f93,direct-framework-reference,,android/view/View$OnFocusChangeListener,definition-present,unknown,2,0,unknown,fd-binaryeye-evidence.json#/rows/398,False,unknown
fd-binaryeye,428c26249c706bd79610d03a1a985dcc0efd9dd5469fc9be92c703459a4d5f93,direct-framework-reference,,android/view/View$OnLayoutChangeListener,definition-present,unknown,4,0,unknown,fd-binaryeye-evidence.json#/rows/399,False,unknown
fd-binaryeye,428c26249c706bd79610d03a1a985dcc0efd9dd5469fc9be92c703459a4d5f93,direct-framework-reference,,android/view/View$OnTouchListener,definition-present,unknown,1,0,unknown,fd-binaryeye-evidence.json#/rows/400,False,unknown
fd-binaryeye,428c26249c706bd79610d03a1a985dcc0efd9dd5469fc9be92c703459a4d5f93,direct-framework-reference,,android/view/ViewConfiguration,definition-present,unknown,29,0,unknown,fd-binaryeye-evidence.json#/rows/401,False,unknown
fd-binaryeye,428c26249c706bd79610d03a1a985dcc0efd9dd5469fc9be92c703459a4d5f93,direct-framework-reference,,android/view/ViewGroup,definition-present,unknown,331,0,unknown,fd-binaryeye-evidence.json#/rows/402,False,unknown
fd-binaryeye,428c26249c706bd79610d03a1a985dcc0efd9dd5469fc9be92c703459a4d5f93,direct-framework-reference,,android/view/ViewGroup$LayoutParams,definition-present,unknown,52,0,unknown,fd-binaryeye-evidence.json#/rows/403,False,unknown
fd-binaryeye,428c26249c706bd79610d03a1a985dcc0efd9dd5469fc9be92c703459a4d5f93,direct-framework-reference,,android/view/ViewGroup$MarginLayoutParams,definition-present,unknown,71,0,unknown,fd-binaryeye-evidence.json#/rows/404,False,unknown
fd-binaryeye,428c26249c706bd79610d03a1a985dcc0efd9dd5469fc9be92c703459a4d5f93,direct-framework-reference,,android/view/ViewGroup$OnHierarchyChangeListener,definition-present,unknown,3,0,unknown,fd-binaryeye-evidence.json#/rows/405,False,unknown
fd-binaryeye,428c26249c706bd79610d03a1a985dcc0efd9dd5469fc9be92c703459a4d5f93,direct-framework-reference,,android/view/ViewManager,definition-present,unknown,4,0,unknown,fd-binaryeye-evidence.json#/rows/406,False,unknown
fd-binaryeye,428c26249c706bd79610d03a1a985dcc0efd9dd5469fc9be92c703459a4d5f93,direct-framework-reference,,android/view/ViewParent,definition-present,unknown,76,0,unknown,fd-binaryeye-evidence.json#/rows/407,False,unknown
fd-binaryeye,428c26249c706bd79610d03a1a985dcc0efd9dd5469fc9be92c703459a4d5f93,direct-framework-reference,,android/view/ViewPropertyAnimator,definition-present,unknown,29,0,unknown,fd-binaryeye-evidence.json#/rows/408,False,unknown
fd-binaryeye,428c26249c706bd79610d03a1a985dcc0efd9dd5469fc9be92c703459a4d5f93,direct-framework-reference,,android/view/ViewStub,definition-present,unknown,1,0,unknown,fd-binaryeye-evidence.json#/rows/409,False,unknown
fd-binaryeye,428c26249c706bd79610d03a1a985dcc0efd9dd5469fc9be92c703459a4d5f93,direct-framework-reference,,android/view/ViewTreeObserver,definition-present,unknown,25,0,unknown,fd-binaryeye-evidence.json#/rows/410,False,unknown
fd-binaryeye,428c26249c706bd79610d03a1a985dcc0efd9dd5469fc9be92c703459a4d5f93,direct-framework-reference,,android/view/Window,definition-present,unknown,70,0,unknown,fd-binaryeye-evidence.json#/rows/411,False,unknown
fd-binaryeye,428c26249c706bd79610d03a1a985dcc0efd9dd5469fc9be92c703459a4d5f93,direct-framework-reference,,android/view/Window$Callback,definition-present,unknown,56,0,unknown,fd-binaryeye-evidence.json#/rows/412,False,unknown
fd-binaryeye,428c26249c706bd79610d03a1a985dcc0efd9dd5469fc9be92c703459a4d5f93,direct-framework-reference,,android/view/WindowInsets,definition-present,unknown,67,0,unknown,fd-binaryeye-evidence.json#/rows/413,False,unknown
fd-binaryeye,428c26249c706bd79610d03a1a985dcc0efd9dd5469fc9be92c703459a4d5f93,direct-framework-reference,,android/view/WindowInsets$Builder,definition-present,unknown,20,0,unknown,fd-binaryeye-evidence.json#/rows/414,False,unknown
fd-binaryeye,428c26249c706bd79610d03a1a985dcc0efd9dd5469fc9be92c703459a4d5f93,direct-framework-reference,,android/view/WindowInsets$Type,definition-present,unknown,11,0,unknown,fd-binaryeye-evidence.json#/rows/415,False,unknown
fd-binaryeye,428c26249c706bd79610d03a1a985dcc0efd9dd5469fc9be92c703459a4d5f93,direct-framework-reference,,android/view/WindowInsetsAnimation,definition-present,unknown,18,0,unknown,fd-binaryeye-evidence.json#/rows/416,False,unknown
fd-binaryeye,428c26249c706bd79610d03a1a985dcc0efd9dd5469fc9be92c703459a4d5f93,direct-framework-reference,,android/view/WindowInsetsAnimation$Bounds,definition-present,unknown,5,0,unknown,fd-binaryeye-evidence.json#/rows/417,False,unknown
fd-binaryeye,428c26249c706bd79610d03a1a985dcc0efd9dd5469fc9be92c703459a4d5f93,direct-framework-reference,,android/view/WindowInsetsAnimation$Callback,definition-present,unknown,2,0,unknown,fd-binaryeye-evidence.json#/rows/418,False,unknown
fd-binaryeye,428c26249c706bd79610d03a1a985dcc0efd9dd5469fc9be92c703459a4d5f93,direct-framework-reference,,android/view/WindowInsetsController,definition-present,unknown,1,0,unknown,fd-binaryeye-evidence.json#/rows/419,False,unknown
fd-binaryeye,428c26249c706bd79610d03a1a985dcc0efd9dd5469fc9be92c703459a4d5f93,direct-framework-reference,,android/view/WindowManager,definition-present,unknown,6,0,unknown,fd-binaryeye-evidence.json#/rows/420,False,unknown
fd-binaryeye,428c26249c706bd79610d03a1a985dcc0efd9dd5469fc9be92c703459a4d5f93,direct-framework-reference,,android/view/WindowManager$LayoutParams,definition-present,unknown,10,0,unknown,fd-binaryeye-evidence.json#/rows/421,False,unknown
fd-binaryeye,428c26249c706bd79610d03a1a985dcc0efd9dd5469fc9be92c703459a4d5f93,direct-framework-reference,,android/view/accessibility/AccessibilityEvent,definition-present,unknown,30,0,unknown,fd-binaryeye-evidence.json#/rows/422,False,unknown
fd-binaryeye,428c26249c706bd79610d03a1a985dcc0efd9dd5469fc9be92c703459a4d5f93,direct-framework-reference,,android/view/accessibility/AccessibilityManager,definition-present,unknown,19,0,unknown,fd-binaryeye-evidence.json#/rows/423,False,unknown
fd-binaryeye,428c26249c706bd79610d03a1a985dcc0efd9dd5469fc9be92c703459a4d5f93,direct-framework-reference,,android/view/accessibility/AccessibilityNodeInfo,definition-present,unknown,36,0,unknown,fd-binaryeye-evidence.json#/rows/424,False,unknown
fd-binaryeye,428c26249c706bd79610d03a1a985dcc0efd9dd5469fc9be92c703459a4d5f93,direct-framework-reference,,android/view/accessibility/AccessibilityNodeInfo$AccessibilityAction,definition-present,unknown,30,0,unknown,fd-binaryeye-evidence.json#/rows/425,False,unknown
fd-binaryeye,428c26249c706bd79610d03a1a985dcc0efd9dd5469fc9be92c703459a4d5f93,direct-framework-reference,,android/view/accessibility/AccessibilityNodeInfo$CollectionInfo,definition-present,unknown,1,0,unknown,fd-binaryeye-evidence.json#/rows/426,False,unknown
fd-binaryeye,428c26249c706bd79610d03a1a985dcc0efd9dd5469fc9be92c703459a4d5f93,direct-framework-reference,,android/view/accessibility/AccessibilityNodeInfo$CollectionItemInfo,definition-present,unknown,1,0,unknown,fd-binaryeye-evidence.json#/rows/427,False,unknown
fd-binaryeye,428c26249c706bd79610d03a1a985dcc0efd9dd5469fc9be92c703459a4d5f93,direct-framework-reference,,android/view/accessibility/AccessibilityNodeProvider,definition-present,unknown,2,0,unknown,fd-binaryeye-evidence.json#/rows/428,False,unknown
fd-binaryeye,428c26249c706bd79610d03a1a985dcc0efd9dd5469fc9be92c703459a4d5f93,direct-framework-reference,,android/view/accessibility/AccessibilityRecord,definition-present,unknown,11,0,unknown,fd-binaryeye-evidence.json#/rows/429,False,unknown
fd-binaryeye,428c26249c706bd79610d03a1a985dcc0efd9dd5469fc9be92c703459a4d5f93,direct-framework-reference,,android/view/accessibility/CaptioningManager,definition-present,unknown,1,0,unknown,fd-binaryeye-evidence.json#/rows/430,False,unknown
fd-binaryeye,428c26249c706bd79610d03a1a985dcc0efd9dd5469fc9be92c703459a4d5f93,direct-framework-reference,,android/view/animation/AccelerateInterpolator,definition-present,unknown,6,0,unknown,fd-binaryeye-evidence.json#/rows/431,False,unknown
fd-binaryeye,428c26249c706bd79610d03a1a985dcc0efd9dd5469fc9be92c703459a4d5f93,direct-framework-reference,,android/view/animation/Animation,definition-present,unknown,3,0,unknown,fd-binaryeye-evidence.json#/rows/432,False,unknown
fd-binaryeye,428c26249c706bd79610d03a1a985dcc0efd9dd5469fc9be92c703459a4d5f93,direct-framework-reference,,android/view/animation/AnimationSet,definition-present,unknown,3,0,unknown,fd-binaryeye-evidence.json#/rows/433,False,unknown
fd-binaryeye,428c26249c706bd79610d03a1a985dcc0efd9dd5469fc9be92c703459a4d5f93,direct-framework-reference,,android/view/animation/AnimationUtils,definition-present,unknown,7,0,unknown,fd-binaryeye-evidence.json#/rows/434,False,unknown
fd-binaryeye,428c26249c706bd79610d03a1a985dcc0efd9dd5469fc9be92c703459a4d5f93,direct-framework-reference,,android/view/animation/DecelerateInterpolator,definition-present,unknown,5,0,unknown,fd-binaryeye-evidence.json#/rows/435,False,unknown
fd-binaryeye,428c26249c706bd79610d03a1a985dcc0efd9dd5469fc9be92c703459a4d5f93,direct-framework-reference,,android/view/animation/Interpolator,definition-present,unknown,16,0,unknown,fd-binaryeye-evidence.json#/rows/436,False,unknown
fd-binaryeye,428c26249c706bd79610d03a1a985dcc0efd9dd5469fc9be92c703459a4d5f93,direct-framework-reference,,android/view/animation/LinearInterpolator,definition-present,unknown,1,0,unknown,fd-binaryeye-evidence.json#/rows/437,False,unknown
fd-binaryeye,428c26249c706bd79610d03a1a985dcc0efd9dd5469fc9be92c703459a4d5f93,direct-framework-reference,,android/view/animation/PathInterpolator,definition-present,unknown,6,0,unknown,fd-binaryeye-evidence.json#/rows/438,False,unknown
fd-binaryeye,428c26249c706bd79610d03a1a985dcc0efd9dd5469fc9be92c703459a4d5f93,direct-framework-reference,,android/view/animation/Transformation,definition-present,unknown,2,0,unknown,fd-binaryeye-evidence.json#/rows/439,False,unknown
fd-binaryeye,428c26249c706bd79610d03a1a985dcc0efd9dd5469fc9be92c703459a4d5f93,direct-framework-reference,,android/view/autofill/AutofillManager,definition-present,unknown,1,0,unknown,fd-binaryeye-evidence.json#/rows/440,False,unknown
fd-binaryeye,428c26249c706bd79610d03a1a985dcc0efd9dd5469fc9be92c703459a4d5f93,direct-framework-reference,,android/view/inputmethod/EditorInfo,definition-present,unknown,14,0,unknown,fd-binaryeye-evidence.json#/rows/441,False,unknown
fd-binaryeye,428c26249c706bd79610d03a1a985dcc0efd9dd5469fc9be92c703459a4d5f93,direct-framework-reference,,android/view/inputmethod/InputConnection,definition-present,unknown,10,0,unknown,fd-binaryeye-evidence.json#/rows/442,False,unknown
fd-binaryeye,428c26249c706bd79610d03a1a985dcc0efd9dd5469fc9be92c703459a4d5f93,direct-framework-reference,,android/view/inputmethod/InputConnectionWrapper,definition-present,unknown,8,0,unknown,fd-binaryeye-evidence.json#/rows/443,False,unknown
fd-binaryeye,428c26249c706bd79610d03a1a985dcc0efd9dd5469fc9be92c703459a4d5f93,direct-framework-reference,,android/view/inputmethod/InputContentInfo,definition-present,unknown,8,0,unknown,fd-binaryeye-evidence.json#/rows/444,False,unknown
fd-binaryeye,428c26249c706bd79610d03a1a985dcc0efd9dd5469fc9be92c703459a4d5f93,direct-framework-reference,,android/view/inputmethod/InputMethodManager,definition-present,unknown,8,0,unknown,fd-binaryeye-evidence.json#/rows/445,False,unknown
fd-binaryeye,428c26249c706bd79610d03a1a985dcc0efd9dd5469fc9be92c703459a4d5f93,direct-framework-reference,,android/view/textclassifier/TextClassificationManager,definition-present,unknown,1,0,unknown,fd-binaryeye-evidence.json#/rows/446,False,unknown
fd-binaryeye,428c26249c706bd79610d03a1a985dcc0efd9dd5469fc9be92c703459a4d5f93,direct-framework-reference,,android/view/textclassifier/TextClassifier,definition-present,unknown,5,0,unknown,fd-binaryeye-evidence.json#/rows/447,False,unknown
fd-binaryeye,428c26249c706bd79610d03a1a985dcc0efd9dd5469fc9be92c703459a4d5f93,direct-framework-reference,,android/view/textservice/TextServicesManager,definition-present,unknown,1,0,unknown,fd-binaryeye-evidence.json#/rows/448,False,unknown
fd-binaryeye,428c26249c706bd79610d03a1a985dcc0efd9dd5469fc9be92c703459a4d5f93,direct-framework-reference,,android/webkit/MimeTypeMap,definition-present,unknown,1,0,unknown,fd-binaryeye-evidence.json#/rows/449,False,unknown
fd-binaryeye,428c26249c706bd79610d03a1a985dcc0efd9dd5469fc9be92c703459a4d5f93,direct-framework-reference,,android/widget/AbsListView,definition-present,unknown,31,0,unknown,fd-binaryeye-evidence.json#/rows/450,False,unknown
fd-binaryeye,428c26249c706bd79610d03a1a985dcc0efd9dd5469fc9be92c703459a4d5f93,direct-framework-reference,,android/widget/AbsSeekBar,definition-present,unknown,5,0,unknown,fd-binaryeye-evidence.json#/rows/451,False,unknown
fd-binaryeye,428c26249c706bd79610d03a1a985dcc0efd9dd5469fc9be92c703459a4d5f93,direct-framework-reference,,android/widget/AbsSpinner,definition-present,unknown,2,0,unknown,fd-binaryeye-evidence.json#/rows/452,False,unknown
fd-binaryeye,428c26249c706bd79610d03a1a985dcc0efd9dd5469fc9be92c703459a4d5f93,direct-framework-reference,,android/widget/Adapter,definition-present,unknown,14,0,unknown,fd-binaryeye-evidence.json#/rows/453,False,unknown
fd-binaryeye,428c26249c706bd79610d03a1a985dcc0efd9dd5469fc9be92c703459a4d5f93,direct-framework-reference,,android/widget/AdapterView,definition-present,unknown,39,0,unknown,fd-binaryeye-evidence.json#/rows/454,False,unknown
fd-binaryeye,428c26249c706bd79610d03a1a985dcc0efd9dd5469fc9be92c703459a4d5f93,direct-framework-reference,,android/widget/AdapterView$OnItemClickListener,definition-present,unknown,6,0,unknown,fd-binaryeye-evidence.json#/rows/455,False,unknown
fd-binaryeye,428c26249c706bd79610d03a1a985dcc0efd9dd5469fc9be92c703459a4d5f93,direct-framework-reference,,android/widget/AdapterView$OnItemSelectedListener,definition-present,unknown,2,0,unknown,fd-binaryeye-evidence.json#/rows/456,False,unknown
fd-binaryeye,428c26249c706bd79610d03a1a985dcc0efd9dd5469fc9be92c703459a4d5f93,direct-framework-reference,,android/widget/ArrayAdapter,definition-present,unknown,22,0,unknown,fd-binaryeye-evidence.json#/rows/457,False,unknown
fd-binaryeye,428c26249c706bd79610d03a1a985dcc0efd9dd5469fc9be92c703459a4d5f93,direct-framework-reference,,android/widget/AutoCompleteTextView,definition-present,unknown,50,0,unknown,fd-binaryeye-evidence.json#/rows/458,False,unknown
fd-binaryeye,428c26249c706bd79610d03a1a985dcc0efd9dd5469fc9be92c703459a4d5f93,direct-framework-reference,,android/widget/BaseAdapter,definition-present,unknown,14,0,unknown,fd-binaryeye-evidence.json#/rows/459,False,unknown
fd-binaryeye,428c26249c706bd79610d03a1a985dcc0efd9dd5469fc9be92c703459a4d5f93,direct-framework-reference,,android/widget/Button,definition-present,unknown,39,0,unknown,fd-binaryeye-evidence.json#/rows/460,False,unknown
fd-binaryeye,428c26249c706bd79610d03a1a985dcc0efd9dd5469fc9be92c703459a4d5f93,direct-framework-reference,,android/widget/CheckBox,definition-present,unknown,25,0,unknown,fd-binaryeye-evidence.json#/rows/461,False,unknown
fd-binaryeye,428c26249c706bd79610d03a1a985dcc0efd9dd5469fc9be92c703459a4d5f93,direct-framework-reference,,android/widget/Checkable,definition-present,unknown,3,0,unknown,fd-binaryeye-evidence.json#/rows/462,False,unknown
fd-binaryeye,428c26249c706bd79610d03a1a985dcc0efd9dd5469fc9be92c703459a4d5f93,direct-framework-reference,,android/widget/CheckedTextView,definition-present,unknown,13,0,unknown,fd-binaryeye-evidence.json#/rows/463,False,unknown
fd-binaryeye,428c26249c706bd79610d03a1a985dcc0efd9dd5469fc9be92c703459a4d5f93,direct-framework-reference,,android/widget/CompoundButton,definition-present,unknown,47,0,unknown,fd-binaryeye-evidence.json#/rows/464,False,unknown
fd-binaryeye,428c26249c706bd79610d03a1a985dcc0efd9dd5469fc9be92c703459a4d5f93,direct-framework-reference,,android/widget/CompoundButton$OnCheckedChangeListener,definition-present,unknown,2,0,unknown,fd-binaryeye-evidence.json#/rows/465,False,unknown
fd-binaryeye,428c26249c706bd79610d03a1a985dcc0efd9dd5469fc9be92c703459a4d5f93,direct-framework-reference,,android/widget/CursorAdapter,definition-present,unknown,6,0,unknown,fd-binaryeye-evidence.json#/rows/466,False,unknown
fd-binaryeye,428c26249c706bd79610d03a1a985dcc0efd9dd5469fc9be92c703459a4d5f93,direct-framework-reference,,android/widget/EdgeEffect,definition-present,unknown,25,0,unknown,fd-binaryeye-evidence.json#/rows/467,False,unknown
fd-binaryeye,428c26249c706bd79610d03a1a985dcc0efd9dd5469fc9be92c703459a4d5f93,direct-framework-reference,,android/widget/EditText,definition-present,unknown,79,0,unknown,fd-binaryeye-evidence.json#/rows/468,False,unknown
fd-binaryeye,428c26249c706bd79610d03a1a985dcc0efd9dd5469fc9be92c703459a4d5f93,direct-framework-reference,,android/widget/Filter,definition-present,unknown,1,0,unknown,fd-binaryeye-evidence.json#/rows/469,False,unknown
fd-binaryeye,428c26249c706bd79610d03a1a985dcc0efd9dd5469fc9be92c703459a4d5f93,direct-framework-reference,,android/widget/Filter$FilterResults,definition-present,unknown,2,0,unknown,fd-binaryeye-evidence.json#/rows/470,False,unknown
fd-binaryeye,428c26249c706bd79610d03a1a985dcc0efd9dd5469fc9be92c703459a4d5f93,direct-framework-reference,,android/widget/FrameLayout,definition-present,unknown,74,0,unknown,fd-binaryeye-evidence.json#/rows/471,False,unknown
fd-binaryeye,428c26249c706bd79610d03a1a985dcc0efd9dd5469fc9be92c703459a4d5f93,direct-framework-reference,,android/widget/FrameLayout$LayoutParams,definition-present,unknown,15,0,unknown,fd-binaryeye-evidence.json#/rows/472,False,unknown
fd-binaryeye,428c26249c706bd79610d03a1a985dcc0efd9dd5469fc9be92c703459a4d5f93,direct-framework-reference,,android/widget/HeaderViewListAdapter,definition-present,unknown,5,0,unknown,fd-binaryeye-evidence.json#/rows/473,False,unknown
fd-binaryeye,428c26249c706bd79610d03a1a985dcc0efd9dd5469fc9be92c703459a4d5f93,direct-framework-reference,,android/widget/ImageButton,definition-present,unknown,31,0,unknown,fd-binaryeye-evidence.json#/rows/474,False,unknown
fd-binaryeye,428c26249c706bd79610d03a1a985dcc0efd9dd5469fc9be92c703459a4d5f93,direct-framework-reference,,android/widget/ImageView,definition-present,unknown,75,0,unknown,fd-binaryeye-evidence.json#/rows/475,False,unknown
fd-binaryeye,428c26249c706bd79610d03a1a985dcc0efd9dd5469fc9be92c703459a4d5f93,direct-framework-reference,,android/widget/ImageView$ScaleType,definition-present,unknown,6,0,unknown,fd-binaryeye-evidence.json#/rows/476,False,unknown
fd-binaryeye,428c26249c706bd79610d03a1a985dcc0efd9dd5469fc9be92c703459a4d5f93,direct-framework-reference,,android/widget/LinearLayout,definition-present,unknown,21,0,unknown,fd-binaryeye-evidence.json#/rows/477,False,unknown
fd-binaryeye,428c26249c706bd79610d03a1a985dcc0efd9dd5469fc9be92c703459a4d5f93,direct-framework-reference,,android/widget/LinearLayout$LayoutParams,definition-present,unknown,21,0,unknown,fd-binaryeye-evidence.json#/rows/478,False,unknown
fd-binaryeye,428c26249c706bd79610d03a1a985dcc0efd9dd5469fc9be92c703459a4d5f93,direct-framework-reference,,android/widget/ListAdapter,definition-present,unknown,33,0,unknown,fd-binaryeye-evidence.json#/rows/479,False,unknown
fd-binaryeye,428c26249c706bd79610d03a1a985dcc0efd9dd5469fc9be92c703459a4d5f93,direct-framework-reference,,android/widget/ListView,definition-present,unknown,30,0,unknown,fd-binaryeye-evidence.json#/rows/480,False,unknown
fd-binaryeye,428c26249c706bd79610d03a1a985dcc0efd9dd5469fc9be92c703459a4d5f93,direct-framework-reference,,android/widget/MultiAutoCompleteTextView,definition-present,unknown,9,0,unknown,fd-binaryeye-evidence.json#/rows/481,False,unknown
fd-binaryeye,428c26249c706bd79610d03a1a985dcc0efd9dd5469fc9be92c703459a4d5f93,direct-framework-reference,,android/widget/OverScroller,definition-present,unknown,22,0,unknown,fd-binaryeye-evidence.json#/rows/482,False,unknown
fd-binaryeye,428c26249c706bd79610d03a1a985dcc0efd9dd5469fc9be92c703459a4d5f93,direct-framework-reference,,android/widget/PopupWindow,definition-present,unknown,40,0,unknown,fd-binaryeye-evidence.json#/rows/483,False,unknown
fd-binaryeye,428c26249c706bd79610d03a1a985dcc0efd9dd5469fc9be92c703459a4d5f93,direct-framework-reference,,android/widget/PopupWindow$OnDismissListener,definition-present,unknown,7,0,unknown,fd-binaryeye-evidence.json#/rows/484,False,unknown
fd-binaryeye,428c26249c706bd79610d03a1a985dcc0efd9dd5469fc9be92c703459a4d5f93,direct-framework-reference,,android/widget/ProgressBar,definition-present,unknown,13,0,unknown,fd-binaryeye-evidence.json#/rows/485,False,unknown
fd-binaryeye,428c26249c706bd79610d03a1a985dcc0efd9dd5469fc9be92c703459a4d5f93,direct-framework-reference,,android/widget/RadioButton,definition-present,unknown,12,0,unknown,fd-binaryeye-evidence.json#/rows/486,False,unknown
fd-binaryeye,428c26249c706bd79610d03a1a985dcc0efd9dd5469fc9be92c703459a4d5f93,direct-framework-reference,,android/widget/RadioGroup,definition-present,unknown,5,0,unknown,fd-binaryeye-evidence.json#/rows/487,False,unknown
fd-binaryeye,428c26249c706bd79610d03a1a985dcc0efd9dd5469fc9be92c703459a4d5f93,direct-framework-reference,,android/widget/RatingBar,definition-present,unknown,2,0,unknown,fd-binaryeye-evidence.json#/rows/488,False,unknown
fd-binaryeye,428c26249c706bd79610d03a1a985dcc0efd9dd5469fc9be92c703459a4d5f93,direct-framework-reference,,android/widget/ScrollView,definition-present,unknown,4,0,unknown,fd-binaryeye-evidence.json#/rows/489,False,unknown
fd-binaryeye,428c26249c706bd79610d03a1a985dcc0efd9dd5469fc9be92c703459a4d5f93,direct-framework-reference,,android/widget/SeekBar,definition-present,unknown,17,0,unknown,fd-binaryeye-evidence.json#/rows/490,False,unknown
fd-binaryeye,428c26249c706bd79610d03a1a985dcc0efd9dd5469fc9be92c703459a4d5f93,direct-framework-reference,,android/widget/Spinner,definition-present,unknown,44,0,unknown,fd-binaryeye-evidence.json#/rows/491,False,unknown
fd-binaryeye,428c26249c706bd79610d03a1a985dcc0efd9dd5469fc9be92c703459a4d5f93,direct-framework-reference,,android/widget/SpinnerAdapter,definition-present,unknown,17,0,unknown,fd-binaryeye-evidence.json#/rows/492,False,unknown
fd-binaryeye,428c26249c706bd79610d03a1a985dcc0efd9dd5469fc9be92c703459a4d5f93,direct-framework-reference,,android/widget/Switch,definition-present,unknown,1,0,unknown,fd-binaryeye-evidence.json#/rows/493,False,unknown
fd-binaryeye,428c26249c706bd79610d03a1a985dcc0efd9dd5469fc9be92c703459a4d5f93,direct-framework-reference,,android/widget/TableLayout,definition-present,unknown,1,0,unknown,fd-binaryeye-evidence.json#/rows/494,False,unknown
fd-binaryeye,428c26249c706bd79610d03a1a985dcc0efd9dd5469fc9be92c703459a4d5f93,direct-framework-reference,,android/widget/TableRow,definition-present,unknown,1,0,unknown,fd-binaryeye-evidence.json#/rows/495,False,unknown
fd-binaryeye,428c26249c706bd79610d03a1a985dcc0efd9dd5469fc9be92c703459a4d5f93,direct-framework-reference,,android/widget/TextView,definition-present,unknown,224,0,unknown,fd-binaryeye-evidence.json#/rows/496,False,unknown
fd-binaryeye,428c26249c706bd79610d03a1a985dcc0efd9dd5469fc9be92c703459a4d5f93,direct-framework-reference,,android/widget/ThemedSpinnerAdapter,definition-present,unknown,4,0,unknown,fd-binaryeye-evidence.json#/rows/497,False,unknown
fd-binaryeye,428c26249c706bd79610d03a1a985dcc0efd9dd5469fc9be92c703459a4d5f93,direct-framework-reference,,android/widget/Toast,definition-present,unknown,2,0,unknown,fd-binaryeye-evidence.json#/rows/498,False,unknown
fd-binaryeye,428c26249c706bd79610d03a1a985dcc0efd9dd5469fc9be92c703459a4d5f93,direct-framework-reference,,android/widget/ToggleButton,definition-present,unknown,8,0,unknown,fd-binaryeye-evidence.json#/rows/499,False,unknown
fd-binaryeye,428c26249c706bd79610d03a1a985dcc0efd9dd5469fc9be92c703459a4d5f93,direct-framework-reference,,android/window/BackEvent,definition-present,unknown,8,0,unknown,fd-binaryeye-evidence.json#/rows/500,False,unknown
fd-binaryeye,428c26249c706bd79610d03a1a985dcc0efd9dd5469fc9be92c703459a4d5f93,direct-framework-reference,,android/window/OnBackInvokedCallback,definition-present,unknown,13,0,unknown,fd-binaryeye-evidence.json#/rows/501,False,unknown
fd-binaryeye,428c26249c706bd79610d03a1a985dcc0efd9dd5469fc9be92c703459a4d5f93,direct-framework-reference,,android/window/OnBackInvokedDispatcher,definition-present,unknown,20,0,unknown,fd-binaryeye-evidence.json#/rows/502,False,unknown
fd-binaryeye,428c26249c706bd79610d03a1a985dcc0efd9dd5469fc9be92c703459a4d5f93,direct-framework-reference,,java/io/BufferedReader,definition-present,unknown,2,0,unknown,fd-binaryeye-evidence.json#/rows/503,False,unknown
fd-binaryeye,428c26249c706bd79610d03a1a985dcc0efd9dd5469fc9be92c703459a4d5f93,direct-framework-reference,,java/io/ByteArrayInputStream,definition-present,unknown,19,0,unknown,fd-binaryeye-evidence.json#/rows/504,False,unknown
fd-binaryeye,428c26249c706bd79610d03a1a985dcc0efd9dd5469fc9be92c703459a4d5f93,direct-framework-reference,,java/io/ByteArrayOutputStream,definition-present,unknown,34,0,unknown,fd-binaryeye-evidence.json#/rows/505,False,unknown
fd-binaryeye,428c26249c706bd79610d03a1a985dcc0efd9dd5469fc9be92c703459a4d5f93,direct-framework-reference,,java/io/Closeable,definition-present,unknown,17,0,unknown,fd-binaryeye-evidence.json#/rows/506,False,unknown
fd-binaryeye,428c26249c706bd79610d03a1a985dcc0efd9dd5469fc9be92c703459a4d5f93,direct-framework-reference,,java/io/DataInputStream,definition-present,unknown,8,0,unknown,fd-binaryeye-evidence.json#/rows/507,False,unknown
fd-binaryeye,428c26249c706bd79610d03a1a985dcc0efd9dd5469fc9be92c703459a4d5f93,direct-framework-reference,,java/io/DataOutputStream,definition-present,unknown,2,0,unknown,fd-binaryeye-evidence.json#/rows/508,False,unknown
fd-binaryeye,428c26249c706bd79610d03a1a985dcc0efd9dd5469fc9be92c703459a4d5f93,direct-framework-reference,,java/io/EOFException,definition-present,unknown,12,0,unknown,fd-binaryeye-evidence.json#/rows/509,False,unknown
fd-binaryeye,428c26249c706bd79610d03a1a985dcc0efd9dd5469fc9be92c703459a4d5f93,direct-framework-reference,,java/io/File,definition-present,yes-static,32,1,unknown,fd-binaryeye-evidence.json#/rows/510,False,unknown
fd-binaryeye,428c26249c706bd79610d03a1a985dcc0efd9dd5469fc9be92c703459a4d5f93,direct-framework-reference,,java/io/FileDescriptor,definition-present,unknown,7,0,unknown,fd-binaryeye-evidence.json#/rows/511,False,unknown
fd-binaryeye,428c26249c706bd79610d03a1a985dcc0efd9dd5469fc9be92c703459a4d5f93,direct-framework-reference,,java/io/FileInputStream,definition-present,unknown,11,0,unknown,fd-binaryeye-evidence.json#/rows/512,False,unknown
fd-binaryeye,428c26249c706bd79610d03a1a985dcc0efd9dd5469fc9be92c703459a4d5f93,direct-framework-reference,,java/io/FileNotFoundException,definition-present,unknown,3,0,unknown,fd-binaryeye-evidence.json#/rows/513,False,unknown
fd-binaryeye,428c26249c706bd79610d03a1a985dcc0efd9dd5469fc9be92c703459a4d5f93,direct-framework-reference,,java/io/FileOutputStream,definition-present,unknown,8,0,unknown,fd-binaryeye-evidence.json#/rows/514,False,unknown
fd-binaryeye,428c26249c706bd79610d03a1a985dcc0efd9dd5469fc9be92c703459a4d5f93,direct-framework-reference,,java/io/FilterInputStream,definition-present,unknown,1,0,unknown,fd-binaryeye-evidence.json#/rows/515,False,unknown
fd-binaryeye,428c26249c706bd79610d03a1a985dcc0efd9dd5469fc9be92c703459a4d5f93,direct-framework-reference,,java/io/IOException,definition-present,unknown,38,0,unknown,fd-binaryeye-evidence.json#/rows/516,False,unknown
fd-binaryeye,428c26249c706bd79610d03a1a985dcc0efd9dd5469fc9be92c703459a4d5f93,direct-framework-reference,,java/io/InputStream,definition-present,unknown,64,0,unknown,fd-binaryeye-evidence.json#/rows/517,False,unknown
fd-binaryeye,428c26249c706bd79610d03a1a985dcc0efd9dd5469fc9be92c703459a4d5f93,direct-framework-reference,,java/io/InputStreamReader,definition-present,unknown,2,0,unknown,fd-binaryeye-evidence.json#/rows/518,False,unknown
fd-binaryeye,428c26249c706bd79610d03a1a985dcc0efd9dd5469fc9be92c703459a4d5f93,direct-framework-reference,,java/io/InvalidClassException,definition-present,unknown,1,0,unknown,fd-binaryeye-evidence.json#/rows/519,False,unknown
fd-binaryeye,428c26249c706bd79610d03a1a985dcc0efd9dd5469fc9be92c703459a4d5f93,direct-framework-reference,,java/io/ObjectInputStream,definition-present,unknown,3,0,unknown,fd-binaryeye-evidence.json#/rows/520,False,unknown
fd-binaryeye,428c26249c706bd79610d03a1a985dcc0efd9dd5469fc9be92c703459a4d5f93,direct-framework-reference,,java/io/ObjectOutputStream,definition-present,unknown,2,0,unknown,fd-binaryeye-evidence.json#/rows/521,False,unknown
fd-binaryeye,428c26249c706bd79610d03a1a985dcc0efd9dd5469fc9be92c703459a4d5f93,direct-framework-reference,,java/io/ObjectStreamClass,definition-present,unknown,1,0,unknown,fd-binaryeye-evidence.json#/rows/522,False,unknown
fd-binaryeye,428c26249c706bd79610d03a1a985dcc0efd9dd5469fc9be92c703459a4d5f93,direct-framework-reference,,java/io/OutputStream,definition-present,unknown,46,0,unknown,fd-binaryeye-evidence.json#/rows/523,False,unknown
fd-binaryeye,428c26249c706bd79610d03a1a985dcc0efd9dd5469fc9be92c703459a4d5f93,direct-framework-reference,,java/io/OutputStreamWriter,definition-present,unknown,2,0,unknown,fd-binaryeye-evidence.json#/rows/524,False,unknown
fd-binaryeye,428c26249c706bd79610d03a1a985dcc0efd9dd5469fc9be92c703459a4d5f93,direct-framework-reference,,java/io/PrintStream,definition-present,unknown,1,0,unknown,fd-binaryeye-evidence.json#/rows/525,False,unknown
fd-binaryeye,428c26249c706bd79610d03a1a985dcc0efd9dd5469fc9be92c703459a4d5f93,direct-framework-reference,,java/io/PrintWriter,definition-present,unknown,6,0,unknown,fd-binaryeye-evidence.json#/rows/526,False,unknown
fd-binaryeye,428c26249c706bd79610d03a1a985dcc0efd9dd5469fc9be92c703459a4d5f93,direct-framework-reference,,java/io/Reader,definition-present,unknown,7,0,unknown,fd-binaryeye-evidence.json#/rows/527,False,unknown
fd-binaryeye,428c26249c706bd79610d03a1a985dcc0efd9dd5469fc9be92c703459a4d5f93,direct-framework-reference,,java/io/Serializable,definition-present,unknown,35,0,unknown,fd-binaryeye-evidence.json#/rows/528,False,unknown
fd-binaryeye,428c26249c706bd79610d03a1a985dcc0efd9dd5469fc9be92c703459a4d5f93,direct-framework-reference,,java/io/StringReader,definition-present,unknown,1,0,unknown,fd-binaryeye-evidence.json#/rows/529,False,unknown
fd-binaryeye,428c26249c706bd79610d03a1a985dcc0efd9dd5469fc9be92c703459a4d5f93,direct-framework-reference,,java/io/StringWriter,definition-present,unknown,1,0,unknown,fd-binaryeye-evidence.json#/rows/530,False,unknown
fd-binaryeye,428c26249c706bd79610d03a1a985dcc0efd9dd5469fc9be92c703459a4d5f93,direct-framework-reference,,java/io/Writer,definition-present,unknown,6,0,unknown,fd-binaryeye-evidence.json#/rows/531,False,unknown
fd-binaryeye,428c26249c706bd79610d03a1a985dcc0efd9dd5469fc9be92c703459a4d5f93,direct-framework-reference,,java/lang/Appendable,definition-present,unknown,6,0,unknown,fd-binaryeye-evidence.json#/rows/532,False,unknown
fd-binaryeye,428c26249c706bd79610d03a1a985dcc0efd9dd5469fc9be92c703459a4d5f93,direct-framework-reference,,java/lang/ArithmeticException,definition-present,unknown,11,0,unknown,fd-binaryeye-evidence.json#/rows/533,False,unknown
fd-binaryeye,428c26249c706bd79610d03a1a985dcc0efd9dd5469fc9be92c703459a4d5f93,direct-framework-reference,,java/lang/ArrayIndexOutOfBoundsException,definition-present,unknown,3,0,unknown,fd-binaryeye-evidence.json#/rows/534,False,unknown
fd-binaryeye,428c26249c706bd79610d03a1a985dcc0efd9dd5469fc9be92c703459a4d5f93,direct-framework-reference,,java/lang/AssertionError,definition-present,unknown,8,0,unknown,fd-binaryeye-evidence.json#/rows/535,False,unknown
fd-binaryeye,428c26249c706bd79610d03a1a985dcc0efd9dd5469fc9be92c703459a4d5f93,direct-framework-reference,,java/lang/AutoCloseable,definition-present,unknown,19,0,unknown,fd-binaryeye-evidence.json#/rows/536,False,unknown
fd-binaryeye,428c26249c706bd79610d03a1a985dcc0efd9dd5469fc9be92c703459a4d5f93,direct-framework-reference,,java/lang/Boolean,definition-present,unknown,144,0,unknown,fd-binaryeye-evidence.json#/rows/537,False,unknown
fd-binaryeye,428c26249c706bd79610d03a1a985dcc0efd9dd5469fc9be92c703459a4d5f93,direct-framework-reference,,java/lang/Byte,definition-present,unknown,19,0,unknown,fd-binaryeye-evidence.json#/rows/538,False,unknown
fd-binaryeye,428c26249c706bd79610d03a1a985dcc0efd9dd5469fc9be92c703459a4d5f93,direct-framework-reference,,java/lang/CharSequence,definition-present,yes-static,584,2,unknown,fd-binaryeye-evidence.json#/rows/539,False,unknown
fd-binaryeye,428c26249c706bd79610d03a1a985dcc0efd9dd5469fc9be92c703459a4d5f93,direct-framework-reference,,java/lang/Character,definition-present,yes-static,31,1,unknown,fd-binaryeye-evidence.json#/rows/540,False,unknown
fd-binaryeye,428c26249c706bd79610d03a1a985dcc0efd9dd5469fc9be92c703459a4d5f93,direct-framework-reference,,java/lang/Class,definition-present,yes-static,2013,15,unknown,fd-binaryeye-evidence.json#/rows/541,False,unknown
fd-binaryeye,428c26249c706bd79610d03a1a985dcc0efd9dd5469fc9be92c703459a4d5f93,direct-framework-reference,,java/lang/ClassCastException,definition-present,unknown,23,0,unknown,fd-binaryeye-evidence.json#/rows/542,False,unknown
fd-binaryeye,428c26249c706bd79610d03a1a985dcc0efd9dd5469fc9be92c703459a4d5f93,direct-framework-reference,,java/lang/ClassLoader,definition-present,unknown,36,0,unknown,fd-binaryeye-evidence.json#/rows/543,False,unknown
fd-binaryeye,428c26249c706bd79610d03a1a985dcc0efd9dd5469fc9be92c703459a4d5f93,direct-framework-reference,,java/lang/Comparable,definition-present,unknown,12,0,unknown,fd-binaryeye-evidence.json#/rows/544,False,unknown
fd-binaryeye,428c26249c706bd79610d03a1a985dcc0efd9dd5469fc9be92c703459a4d5f93,direct-framework-reference,,java/lang/Double,definition-present,unknown,8,0,unknown,fd-binaryeye-evidence.json#/rows/545,False,unknown
fd-binaryeye,428c26249c706bd79610d03a1a985dcc0efd9dd5469fc9be92c703459a4d5f93,direct-framework-reference,,java/lang/Enum,definition-present,yes-static,226,2,unknown,fd-binaryeye-evidence.json#/rows/546,False,unknown
fd-binaryeye,428c26249c706bd79610d03a1a985dcc0efd9dd5469fc9be92c703459a4d5f93,direct-framework-reference,,java/lang/Error,definition-present,unknown,2,0,unknown,fd-binaryeye-evidence.json#/rows/547,False,unknown
fd-binaryeye,428c26249c706bd79610d03a1a985dcc0efd9dd5469fc9be92c703459a4d5f93,direct-framework-reference,,java/lang/Exception,definition-present,unknown,67,0,unknown,fd-binaryeye-evidence.json#/rows/548,False,unknown
fd-binaryeye,428c26249c706bd79610d03a1a985dcc0efd9dd5469fc9be92c703459a4d5f93,direct-framework-reference,,java/lang/Float,definition-present,unknown,45,0,unknown,fd-binaryeye-evidence.json#/rows/549,False,unknown
fd-binaryeye,428c26249c706bd79610d03a1a985dcc0efd9dd5469fc9be92c703459a4d5f93,direct-framework-reference,,java/lang/IllegalArgumentException,definition-present,unknown,161,0,unknown,fd-binaryeye-evidence.json#/rows/550,False,unknown
fd-binaryeye,428c26249c706bd79610d03a1a985dcc0efd9dd5469fc9be92c703459a4d5f93,direct-framework-reference,,java/lang/IllegalStateException,definition-present,yes-static,152,1,unknown,fd-binaryeye-evidence.json#/rows/551,False,unknown
fd-binaryeye,428c26249c706bd79610d03a1a985dcc0efd9dd5469fc9be92c703459a4d5f93,direct-framework-reference,,java/lang/IndexOutOfBoundsException,definition-present,unknown,45,0,unknown,fd-binaryeye-evidence.json#/rows/552,False,unknown
fd-binaryeye,428c26249c706bd79610d03a1a985dcc0efd9dd5469fc9be92c703459a4d5f93,direct-framework-reference,,java/lang/Integer,definition-present,unknown,594,0,unknown,fd-binaryeye-evidence.json#/rows/553,False,unknown
fd-binaryeye,428c26249c706bd79610d03a1a985dcc0efd9dd5469fc9be92c703459a4d5f93,direct-framework-reference,,java/lang/InternalError,definition-present,unknown,1,0,unknown,fd-binaryeye-evidence.json#/rows/554,False,unknown
fd-binaryeye,428c26249c706bd79610d03a1a985dcc0efd9dd5469fc9be92c703459a4d5f93,direct-framework-reference,,java/lang/InterruptedException,definition-present,unknown,3,0,unknown,fd-binaryeye-evidence.json#/rows/555,False,unknown
fd-binaryeye,428c26249c706bd79610d03a1a985dcc0efd9dd5469fc9be92c703459a4d5f93,direct-framework-reference,,java/lang/Iterable,definition-present,yes-static,121,2,unknown,fd-binaryeye-evidence.json#/rows/556,False,unknown
fd-binaryeye,428c26249c706bd79610d03a1a985dcc0efd9dd5469fc9be92c703459a4d5f93,direct-framework-reference,,java/lang/Long,definition-present,unknown,66,0,unknown,fd-binaryeye-evidence.json#/rows/557,False,unknown
fd-binaryeye,428c26249c706bd79610d03a1a985dcc0efd9dd5469fc9be92c703459a4d5f93,direct-framework-reference,,java/lang/Math,definition-present,unknown,303,0,unknown,fd-binaryeye-evidence.json#/rows/558,False,unknown
fd-binaryeye,428c26249c706bd79610d03a1a985dcc0efd9dd5469fc9be92c703459a4d5f93,direct-framework-reference,,java/lang/NullPointerException,definition-present,unknown,3,0,unknown,fd-binaryeye-evidence.json#/rows/559,False,unknown
fd-binaryeye,428c26249c706bd79610d03a1a985dcc0efd9dd5469fc9be92c703459a4d5f93,direct-framework-reference,,java/lang/Number,definition-present,unknown,62,0,unknown,fd-binaryeye-evidence.json#/rows/560,False,unknown
fd-binaryeye,428c26249c706bd79610d03a1a985dcc0efd9dd5469fc9be92c703459a4d5f93,direct-framework-reference,,java/lang/NumberFormatException,definition-present,unknown,3,0,unknown,fd-binaryeye-evidence.json#/rows/561,False,unknown
fd-binaryeye,428c26249c706bd79610d03a1a985dcc0efd9dd5469fc9be92c703459a4d5f93,direct-framework-reference,,java/lang/Object,definition-present,yes-static,6545,38,unknown,fd-binaryeye-evidence.json#/rows/562,False,unknown
fd-binaryeye,428c26249c706bd79610d03a1a985dcc0efd9dd5469fc9be92c703459a4d5f93,direct-framework-reference,,java/lang/OutOfMemoryError,definition-present,unknown,5,0,unknown,fd-binaryeye-evidence.json#/rows/563,False,unknown
fd-binaryeye,428c26249c706bd79610d03a1a985dcc0efd9dd5469fc9be92c703459a4d5f93,direct-framework-reference,,java/lang/Package,definition-present,unknown,5,0,unknown,fd-binaryeye-evidence.json#/rows/564,False,unknown
fd-binaryeye,428c26249c706bd79610d03a1a985dcc0efd9dd5469fc9be92c703459a4d5f93,direct-framework-reference,,java/lang/Runnable,definition-present,yes-static,330,1,unknown,fd-binaryeye-evidence.json#/rows/565,False,unknown
fd-binaryeye,428c26249c706bd79610d03a1a985dcc0efd9dd5469fc9be92c703459a4d5f93,direct-framework-reference,,java/lang/Runtime,definition-present,unknown,4,0,unknown,fd-binaryeye-evidence.json#/rows/566,False,unknown
fd-binaryeye,428c26249c706bd79610d03a1a985dcc0efd9dd5469fc9be92c703459a4d5f93,direct-framework-reference,,java/lang/RuntimeException,definition-present,yes-static,56,4,unknown,fd-binaryeye-evidence.json#/rows/567,False,unknown
fd-binaryeye,428c26249c706bd79610d03a1a985dcc0efd9dd5469fc9be92c703459a4d5f93,direct-framework-reference,,java/lang/SecurityException,definition-present,unknown,2,0,unknown,fd-binaryeye-evidence.json#/rows/568,False,unknown
fd-binaryeye,428c26249c706bd79610d03a1a985dcc0efd9dd5469fc9be92c703459a4d5f93,direct-framework-reference,,java/lang/Short,definition-present,unknown,12,0,unknown,fd-binaryeye-evidence.json#/rows/569,False,unknown
fd-binaryeye,428c26249c706bd79610d03a1a985dcc0efd9dd5469fc9be92c703459a4d5f93,direct-framework-reference,,java/lang/StackTraceElement,definition-present,yes-static,5,1,unknown,fd-binaryeye-evidence.json#/rows/570,False,unknown
fd-binaryeye,428c26249c706bd79610d03a1a985dcc0efd9dd5469fc9be92c703459a4d5f93,direct-framework-reference,,java/lang/String,definition-present,yes-static,4210,26,unknown,fd-binaryeye-evidence.json#/rows/571,False,unknown
fd-binaryeye,428c26249c706bd79610d03a1a985dcc0efd9dd5469fc9be92c703459a4d5f93,direct-framework-reference,,java/lang/StringBuffer,definition-present,unknown,1,0,unknown,fd-binaryeye-evidence.json#/rows/572,False,unknown
fd-binaryeye,428c26249c706bd79610d03a1a985dcc0efd9dd5469fc9be92c703459a4d5f93,direct-framework-reference,,java/lang/StringBuilder,definition-present,yes-static,886,3,unknown,fd-binaryeye-evidence.json#/rows/573,False,unknown
fd-binaryeye,428c26249c706bd79610d03a1a985dcc0efd9dd5469fc9be92c703459a4d5f93,direct-framework-reference,,java/lang/System,definition-present,unknown,117,0,unknown,fd-binaryeye-evidence.json#/rows/574,False,unknown
fd-binaryeye,428c26249c706bd79610d03a1a985dcc0efd9dd5469fc9be92c703459a4d5f93,direct-framework-reference,,java/lang/Thread,definition-present,yes-static,62,1,unknown,fd-binaryeye-evidence.json#/rows/575,False,unknown
fd-binaryeye,428c26249c706bd79610d03a1a985dcc0efd9dd5469fc9be92c703459a4d5f93,direct-framework-reference,,java/lang/Thread$State,definition-present,unknown,1,0,unknown,fd-binaryeye-evidence.json#/rows/576,False,unknown
fd-binaryeye,428c26249c706bd79610d03a1a985dcc0efd9dd5469fc9be92c703459a4d5f93,direct-framework-reference,,java/lang/Thread$UncaughtExceptionHandler,definition-present,unknown,4,0,unknown,fd-binaryeye-evidence.json#/rows/577,False,unknown
fd-binaryeye,428c26249c706bd79610d03a1a985dcc0efd9dd5469fc9be92c703459a4d5f93,direct-framework-reference,,java/lang/ThreadLocal,definition-present,unknown,44,0,unknown,fd-binaryeye-evidence.json#/rows/578,False,unknown
fd-binaryeye,428c26249c706bd79610d03a1a985dcc0efd9dd5469fc9be92c703459a4d5f93,direct-framework-reference,,java/lang/Throwable,definition-present,yes-static,466,4,unknown,fd-binaryeye-evidence.json#/rows/579,False,unknown
fd-binaryeye,428c26249c706bd79610d03a1a985dcc0efd9dd5469fc9be92c703459a4d5f93,direct-framework-reference,,java/lang/UnsupportedClassVersionError,definition-present,unknown,1,0,unknown,fd-binaryeye-evidence.json#/rows/580,False,unknown
fd-binaryeye,428c26249c706bd79610d03a1a985dcc0efd9dd5469fc9be92c703459a4d5f93,direct-framework-reference,,java/lang/UnsupportedOperationException,definition-present,unknown,153,0,unknown,fd-binaryeye-evidence.json#/rows/581,False,unknown
fd-binaryeye,428c26249c706bd79610d03a1a985dcc0efd9dd5469fc9be92c703459a4d5f93,direct-framework-reference,,java/lang/Void,definition-present,unknown,18,0,unknown,fd-binaryeye-evidence.json#/rows/582,False,unknown
fd-binaryeye,428c26249c706bd79610d03a1a985dcc0efd9dd5469fc9be92c703459a4d5f93,direct-framework-reference,,java/lang/annotation/Annotation,definition-present,unknown,7,0,unknown,fd-binaryeye-evidence.json#/rows/583,False,unknown
fd-binaryeye,428c26249c706bd79610d03a1a985dcc0efd9dd5469fc9be92c703459a4d5f93,direct-framework-reference,,java/lang/ref/Reference,definition-present,unknown,59,0,unknown,fd-binaryeye-evidence.json#/rows/584,False,unknown
fd-binaryeye,428c26249c706bd79610d03a1a985dcc0efd9dd5469fc9be92c703459a4d5f93,direct-framework-reference,,java/lang/ref/WeakReference,definition-present,unknown,81,0,unknown,fd-binaryeye-evidence.json#/rows/585,False,unknown
fd-binaryeye,428c26249c706bd79610d03a1a985dcc0efd9dd5469fc9be92c703459a4d5f93,direct-framework-reference,,java/lang/reflect/AccessibleObject,definition-present,unknown,33,0,unknown,fd-binaryeye-evidence.json#/rows/586,False,unknown
fd-binaryeye,428c26249c706bd79610d03a1a985dcc0efd9dd5469fc9be92c703459a4d5f93,direct-framework-reference,,java/lang/reflect/Array,definition-present,unknown,27,0,unknown,fd-binaryeye-evidence.json#/rows/587,False,unknown
fd-binaryeye,428c26249c706bd79610d03a1a985dcc0efd9dd5469fc9be92c703459a4d5f93,direct-framework-reference,,java/lang/reflect/Constructor,definition-present,yes-static,31,1,unknown,fd-binaryeye-evidence.json#/rows/588,False,unknown
fd-binaryeye,428c26249c706bd79610d03a1a985dcc0efd9dd5469fc9be92c703459a4d5f93,direct-framework-reference,,java/lang/reflect/Field,definition-present,unknown,39,0,unknown,fd-binaryeye-evidence.json#/rows/589,False,unknown
fd-binaryeye,428c26249c706bd79610d03a1a985dcc0efd9dd5469fc9be92c703459a4d5f93,direct-framework-reference,,java/lang/reflect/InvocationTargetException,definition-present,unknown,5,0,unknown,fd-binaryeye-evidence.json#/rows/590,False,unknown
fd-binaryeye,428c26249c706bd79610d03a1a985dcc0efd9dd5469fc9be92c703459a4d5f93,direct-framework-reference,,java/lang/reflect/Method,definition-present,unknown,84,0,unknown,fd-binaryeye-evidence.json#/rows/591,False,unknown
fd-binaryeye,428c26249c706bd79610d03a1a985dcc0efd9dd5469fc9be92c703459a4d5f93,direct-framework-reference,,java/lang/reflect/Modifier,definition-present,unknown,3,0,unknown,fd-binaryeye-evidence.json#/rows/592,False,unknown
fd-binaryeye,428c26249c706bd79610d03a1a985dcc0efd9dd5469fc9be92c703459a4d5f93,direct-framework-reference,,java/lang/reflect/Type,definition-present,unknown,1,0,unknown,fd-binaryeye-evidence.json#/rows/593,False,unknown
fd-binaryeye,428c26249c706bd79610d03a1a985dcc0efd9dd5469fc9be92c703459a4d5f93,direct-framework-reference,,java/lang/reflect/UndeclaredThrowableException,definition-present,unknown,1,0,unknown,fd-binaryeye-evidence.json#/rows/594,False,unknown
fd-binaryeye,428c26249c706bd79610d03a1a985dcc0efd9dd5469fc9be92c703459a4d5f93,direct-framework-reference,,java/math/BigInteger,definition-present,unknown,352,0,unknown,fd-binaryeye-evidence.json#/rows/595,False,unknown
fd-binaryeye,428c26249c706bd79610d03a1a985dcc0efd9dd5469fc9be92c703459a4d5f93,direct-framework-reference,,java/net/HttpURLConnection,definition-present,unknown,2,0,unknown,fd-binaryeye-evidence.json#/rows/596,False,unknown
fd-binaryeye,428c26249c706bd79610d03a1a985dcc0efd9dd5469fc9be92c703459a4d5f93,direct-framework-reference,,java/net/URL,definition-present,unknown,1,0,unknown,fd-binaryeye-evidence.json#/rows/597,False,unknown
fd-binaryeye,428c26249c706bd79610d03a1a985dcc0efd9dd5469fc9be92c703459a4d5f93,direct-framework-reference,,java/net/URLConnection,definition-present,unknown,2,0,unknown,fd-binaryeye-evidence.json#/rows/598,False,unknown
fd-binaryeye,428c26249c706bd79610d03a1a985dcc0efd9dd5469fc9be92c703459a4d5f93,direct-framework-reference,,java/net/URLEncoder,definition-present,unknown,1,0,unknown,fd-binaryeye-evidence.json#/rows/599,False,unknown
fd-binaryeye,428c26249c706bd79610d03a1a985dcc0efd9dd5469fc9be92c703459a4d5f93,direct-framework-reference,,java/nio/Buffer,definition-present,unknown,8,0,unknown,fd-binaryeye-evidence.json#/rows/600,False,unknown
fd-binaryeye,428c26249c706bd79610d03a1a985dcc0efd9dd5469fc9be92c703459a4d5f93,direct-framework-reference,,java/nio/ByteBuffer,definition-present,unknown,31,0,unknown,fd-binaryeye-evidence.json#/rows/601,False,unknown
fd-binaryeye,428c26249c706bd79610d03a1a985dcc0efd9dd5469fc9be92c703459a4d5f93,direct-framework-reference,,java/nio/ByteOrder,definition-present,unknown,2,0,unknown,fd-binaryeye-evidence.json#/rows/602,False,unknown
fd-binaryeye,428c26249c706bd79610d03a1a985dcc0efd9dd5469fc9be92c703459a4d5f93,direct-framework-reference,,java/nio/FloatBuffer,definition-present,unknown,3,0,unknown,fd-binaryeye-evidence.json#/rows/603,False,unknown
fd-binaryeye,428c26249c706bd79610d03a1a985dcc0efd9dd5469fc9be92c703459a4d5f93,direct-framework-reference,,java/nio/MappedByteBuffer,definition-present,unknown,5,0,unknown,fd-binaryeye-evidence.json#/rows/604,False,unknown
fd-binaryeye,428c26249c706bd79610d03a1a985dcc0efd9dd5469fc9be92c703459a4d5f93,direct-framework-reference,,java/nio/channels/FileChannel,definition-present,unknown,2,0,unknown,fd-binaryeye-evidence.json#/rows/605,False,unknown
fd-binaryeye,428c26249c706bd79610d03a1a985dcc0efd9dd5469fc9be92c703459a4d5f93,direct-framework-reference,,java/nio/channels/FileChannel$MapMode,definition-present,unknown,2,0,unknown,fd-binaryeye-evidence.json#/rows/606,False,unknown
fd-binaryeye,428c26249c706bd79610d03a1a985dcc0efd9dd5469fc9be92c703459a4d5f93,direct-framework-reference,,java/nio/charset/Charset,definition-present,unknown,56,0,unknown,fd-binaryeye-evidence.json#/rows/607,False,unknown
fd-binaryeye,428c26249c706bd79610d03a1a985dcc0efd9dd5469fc9be92c703459a4d5f93,direct-framework-reference,,java/nio/charset/StandardCharsets,definition-present,unknown,6,0,unknown,fd-binaryeye-evidence.json#/rows/608,False,unknown
fd-binaryeye,428c26249c706bd79610d03a1a985dcc0efd9dd5469fc9be92c703459a4d5f93,direct-framework-reference,,java/security/AccessController,definition-present,unknown,6,0,unknown,fd-binaryeye-evidence.json#/rows/609,False,unknown
fd-binaryeye,428c26249c706bd79610d03a1a985dcc0efd9dd5469fc9be92c703459a4d5f93,direct-framework-reference,,java/security/AlgorithmParameters,definition-present,unknown,10,0,unknown,fd-binaryeye-evidence.json#/rows/610,False,unknown
fd-binaryeye,428c26249c706bd79610d03a1a985dcc0efd9dd5469fc9be92c703459a4d5f93,direct-framework-reference,,java/security/BasicPermission,definition-present,unknown,1,0,unknown,fd-binaryeye-evidence.json#/rows/611,False,unknown
fd-binaryeye,428c26249c706bd79610d03a1a985dcc0efd9dd5469fc9be92c703459a4d5f93,direct-framework-reference,,java/security/InvalidKeyException,definition-present,unknown,14,0,unknown,fd-binaryeye-evidence.json#/rows/612,False,unknown
fd-binaryeye,428c26249c706bd79610d03a1a985dcc0efd9dd5469fc9be92c703459a4d5f93,direct-framework-reference,,java/security/Key,definition-present,unknown,18,0,unknown,fd-binaryeye-evidence.json#/rows/613,False,unknown
fd-binaryeye,428c26249c706bd79610d03a1a985dcc0efd9dd5469fc9be92c703459a4d5f93,direct-framework-reference,,java/security/KeyFactory,definition-present,unknown,4,0,unknown,fd-binaryeye-evidence.json#/rows/614,False,unknown
fd-binaryeye,428c26249c706bd79610d03a1a985dcc0efd9dd5469fc9be92c703459a4d5f93,direct-framework-reference,,java/security/KeyFactorySpi,definition-present,unknown,3,0,unknown,fd-binaryeye-evidence.json#/rows/615,False,unknown
fd-binaryeye,428c26249c706bd79610d03a1a985dcc0efd9dd5469fc9be92c703459a4d5f93,direct-framework-reference,,java/security/MessageDigest,definition-present,unknown,5,0,unknown,fd-binaryeye-evidence.json#/rows/616,False,unknown
fd-binaryeye,428c26249c706bd79610d03a1a985dcc0efd9dd5469fc9be92c703459a4d5f93,direct-framework-reference,,java/security/NoSuchProviderException,definition-present,unknown,2,0,unknown,fd-binaryeye-evidence.json#/rows/617,False,unknown
fd-binaryeye,428c26249c706bd79610d03a1a985dcc0efd9dd5469fc9be92c703459a4d5f93,direct-framework-reference,,java/security/Permission,definition-present,unknown,5,0,unknown,fd-binaryeye-evidence.json#/rows/618,False,unknown
fd-binaryeye,428c26249c706bd79610d03a1a985dcc0efd9dd5469fc9be92c703459a4d5f93,direct-framework-reference,,java/security/PrivateKey,definition-present,unknown,11,0,unknown,fd-binaryeye-evidence.json#/rows/619,False,unknown
fd-binaryeye,428c26249c706bd79610d03a1a985dcc0efd9dd5469fc9be92c703459a4d5f93,direct-framework-reference,,java/security/PrivilegedAction,definition-present,unknown,6,0,unknown,fd-binaryeye-evidence.json#/rows/620,False,unknown
fd-binaryeye,428c26249c706bd79610d03a1a985dcc0efd9dd5469fc9be92c703459a4d5f93,direct-framework-reference,,java/security/Provider,definition-present,unknown,19,0,unknown,fd-binaryeye-evidence.json#/rows/621,False,unknown
fd-binaryeye,428c26249c706bd79610d03a1a985dcc0efd9dd5469fc9be92c703459a4d5f93,direct-framework-reference,,java/security/Provider$Service,definition-present,unknown,4,0,unknown,fd-binaryeye-evidence.json#/rows/622,False,unknown
fd-binaryeye,428c26249c706bd79610d03a1a985dcc0efd9dd5469fc9be92c703459a4d5f93,direct-framework-reference,,java/security/PublicKey,definition-present,unknown,12,0,unknown,fd-binaryeye-evidence.json#/rows/623,False,unknown
fd-binaryeye,428c26249c706bd79610d03a1a985dcc0efd9dd5469fc9be92c703459a4d5f93,direct-framework-reference,,java/security/SecureRandom,definition-present,unknown,26,0,unknown,fd-binaryeye-evidence.json#/rows/624,False,unknown
fd-binaryeye,428c26249c706bd79610d03a1a985dcc0efd9dd5469fc9be92c703459a4d5f93,direct-framework-reference,,java/security/SecureRandomSpi,definition-present,unknown,2,0,unknown,fd-binaryeye-evidence.json#/rows/625,False,unknown
fd-binaryeye,428c26249c706bd79610d03a1a985dcc0efd9dd5469fc9be92c703459a4d5f93,direct-framework-reference,,java/security/Security,definition-present,unknown,2,0,unknown,fd-binaryeye-evidence.json#/rows/626,False,unknown
fd-binaryeye,428c26249c706bd79610d03a1a985dcc0efd9dd5469fc9be92c703459a4d5f93,direct-framework-reference,,java/security/Signature,definition-present,unknown,8,0,unknown,fd-binaryeye-evidence.json#/rows/627,False,unknown
fd-binaryeye,428c26249c706bd79610d03a1a985dcc0efd9dd5469fc9be92c703459a4d5f93,direct-framework-reference,,java/security/cert/Certificate,definition-present,unknown,2,0,unknown,fd-binaryeye-evidence.json#/rows/628,False,unknown
fd-binaryeye,428c26249c706bd79610d03a1a985dcc0efd9dd5469fc9be92c703459a4d5f93,direct-framework-reference,,java/security/cert/CertificateException,definition-present,unknown,1,0,unknown,fd-binaryeye-evidence.json#/rows/629,False,unknown
fd-binaryeye,428c26249c706bd79610d03a1a985dcc0efd9dd5469fc9be92c703459a4d5f93,direct-framework-reference,,java/security/cert/CertificateFactory,definition-present,unknown,3,0,unknown,fd-binaryeye-evidence.json#/rows/630,False,unknown
fd-binaryeye,428c26249c706bd79610d03a1a985dcc0efd9dd5469fc9be92c703459a4d5f93,direct-framework-reference,,java/security/cert/CertificateParsingException,definition-present,unknown,1,0,unknown,fd-binaryeye-evidence.json#/rows/631,False,unknown
fd-binaryeye,428c26249c706bd79610d03a1a985dcc0efd9dd5469fc9be92c703459a4d5f93,direct-framework-reference,,java/security/cert/X509Certificate,definition-present,unknown,3,0,unknown,fd-binaryeye-evidence.json#/rows/632,False,unknown
fd-binaryeye,428c26249c706bd79610d03a1a985dcc0efd9dd5469fc9be92c703459a4d5f93,direct-framework-reference,,java/security/interfaces/ECKey,definition-present,unknown,8,0,unknown,fd-binaryeye-evidence.json#/rows/633,False,unknown
fd-binaryeye,428c26249c706bd79610d03a1a985dcc0efd9dd5469fc9be92c703459a4d5f93,direct-framework-reference,,java/security/interfaces/ECPrivateKey,definition-present,unknown,3,0,unknown,fd-binaryeye-evidence.json#/rows/634,False,unknown
fd-binaryeye,428c26249c706bd79610d03a1a985dcc0efd9dd5469fc9be92c703459a4d5f93,direct-framework-reference,,java/security/interfaces/ECPublicKey,definition-present,unknown,3,0,unknown,fd-binaryeye-evidence.json#/rows/635,False,unknown
fd-binaryeye,428c26249c706bd79610d03a1a985dcc0efd9dd5469fc9be92c703459a4d5f93,direct-framework-reference,,java/security/spec/AlgorithmParameterSpec,definition-present,unknown,8,0,unknown,fd-binaryeye-evidence.json#/rows/636,False,unknown
fd-binaryeye,428c26249c706bd79610d03a1a985dcc0efd9dd5469fc9be92c703459a4d5f93,direct-framework-reference,,java/security/spec/ECField,definition-present,unknown,2,0,unknown,fd-binaryeye-evidence.json#/rows/637,False,unknown
fd-binaryeye,428c26249c706bd79610d03a1a985dcc0efd9dd5469fc9be92c703459a4d5f93,direct-framework-reference,,java/security/spec/ECFieldFp,definition-present,unknown,1,0,unknown,fd-binaryeye-evidence.json#/rows/638,False,unknown
fd-binaryeye,428c26249c706bd79610d03a1a985dcc0efd9dd5469fc9be92c703459a4d5f93,direct-framework-reference,,java/security/spec/ECGenParameterSpec,definition-present,unknown,2,0,unknown,fd-binaryeye-evidence.json#/rows/639,False,unknown
fd-binaryeye,428c26249c706bd79610d03a1a985dcc0efd9dd5469fc9be92c703459a4d5f93,direct-framework-reference,,java/security/spec/ECParameterSpec,definition-present,unknown,11,0,unknown,fd-binaryeye-evidence.json#/rows/640,False,unknown
fd-binaryeye,428c26249c706bd79610d03a1a985dcc0efd9dd5469fc9be92c703459a4d5f93,direct-framework-reference,,java/security/spec/ECPoint,definition-present,unknown,4,0,unknown,fd-binaryeye-evidence.json#/rows/641,False,unknown
fd-binaryeye,428c26249c706bd79610d03a1a985dcc0efd9dd5469fc9be92c703459a4d5f93,direct-framework-reference,,java/security/spec/ECPrivateKeySpec,definition-present,unknown,1,0,unknown,fd-binaryeye-evidence.json#/rows/642,False,unknown
fd-binaryeye,428c26249c706bd79610d03a1a985dcc0efd9dd5469fc9be92c703459a4d5f93,direct-framework-reference,,java/security/spec/ECPublicKeySpec,definition-present,unknown,2,0,unknown,fd-binaryeye-evidence.json#/rows/643,False,unknown
fd-binaryeye,428c26249c706bd79610d03a1a985dcc0efd9dd5469fc9be92c703459a4d5f93,direct-framework-reference,,java/security/spec/EllipticCurve,definition-present,unknown,2,0,unknown,fd-binaryeye-evidence.json#/rows/644,False,unknown
fd-binaryeye,428c26249c706bd79610d03a1a985dcc0efd9dd5469fc9be92c703459a4d5f93,direct-framework-reference,,java/security/spec/InvalidKeySpecException,definition-present,unknown,21,0,unknown,fd-binaryeye-evidence.json#/rows/645,False,unknown
fd-binaryeye,428c26249c706bd79610d03a1a985dcc0efd9dd5469fc9be92c703459a4d5f93,direct-framework-reference,,java/security/spec/KeySpec,definition-present,unknown,6,0,unknown,fd-binaryeye-evidence.json#/rows/646,False,unknown
fd-binaryeye,428c26249c706bd79610d03a1a985dcc0efd9dd5469fc9be92c703459a4d5f93,direct-framework-reference,,java/security/spec/PKCS8EncodedKeySpec,definition-present,unknown,18,0,unknown,fd-binaryeye-evidence.json#/rows/647,False,unknown
fd-binaryeye,428c26249c706bd79610d03a1a985dcc0efd9dd5469fc9be92c703459a4d5f93,direct-framework-reference,,java/security/spec/X509EncodedKeySpec,definition-present,unknown,18,0,unknown,fd-binaryeye-evidence.json#/rows/648,False,unknown
fd-binaryeye,428c26249c706bd79610d03a1a985dcc0efd9dd5469fc9be92c703459a4d5f93,direct-framework-reference,,java/text/DateFormat,definition-present,unknown,5,0,unknown,fd-binaryeye-evidence.json#/rows/649,False,unknown
fd-binaryeye,428c26249c706bd79610d03a1a985dcc0efd9dd5469fc9be92c703459a4d5f93,direct-framework-reference,,java/text/SimpleDateFormat,definition-present,unknown,5,0,unknown,fd-binaryeye-evidence.json#/rows/650,False,unknown
fd-binaryeye,428c26249c706bd79610d03a1a985dcc0efd9dd5469fc9be92c703459a4d5f93,direct-framework-reference,,java/time/DateTimeException,definition-present,unknown,1,0,unknown,fd-binaryeye-evidence.json#/rows/651,False,unknown
fd-binaryeye,428c26249c706bd79610d03a1a985dcc0efd9dd5469fc9be92c703459a4d5f93,direct-framework-reference,,java/time/DayOfWeek,definition-present,unknown,3,0,unknown,fd-binaryeye-evidence.json#/rows/652,False,unknown
fd-binaryeye,428c26249c706bd79610d03a1a985dcc0efd9dd5469fc9be92c703459a4d5f93,direct-framework-reference,,java/time/Instant,definition-present,unknown,5,0,unknown,fd-binaryeye-evidence.json#/rows/653,False,unknown
fd-binaryeye,428c26249c706bd79610d03a1a985dcc0efd9dd5469fc9be92c703459a4d5f93,direct-framework-reference,,java/time/LocalDate,definition-present,unknown,32,0,unknown,fd-binaryeye-evidence.json#/rows/654,False,unknown
fd-binaryeye,428c26249c706bd79610d03a1a985dcc0efd9dd5469fc9be92c703459a4d5f93,direct-framework-reference,,java/time/LocalDateTime,definition-present,unknown,26,0,unknown,fd-binaryeye-evidence.json#/rows/655,False,unknown
fd-binaryeye,428c26249c706bd79610d03a1a985dcc0efd9dd5469fc9be92c703459a4d5f93,direct-framework-reference,,java/time/LocalTime,definition-present,unknown,15,0,unknown,fd-binaryeye-evidence.json#/rows/656,False,unknown
fd-binaryeye,428c26249c706bd79610d03a1a985dcc0efd9dd5469fc9be92c703459a4d5f93,direct-framework-reference,,java/time/Month,definition-present,unknown,5,0,unknown,fd-binaryeye-evidence.json#/rows/657,False,unknown
fd-binaryeye,428c26249c706bd79610d03a1a985dcc0efd9dd5469fc9be92c703459a4d5f93,direct-framework-reference,,java/time/YearMonth,definition-present,unknown,9,0,unknown,fd-binaryeye-evidence.json#/rows/658,False,unknown
fd-binaryeye,428c26249c706bd79610d03a1a985dcc0efd9dd5469fc9be92c703459a4d5f93,direct-framework-reference,,java/time/ZoneId,definition-present,unknown,15,0,unknown,fd-binaryeye-evidence.json#/rows/659,False,unknown
fd-binaryeye,428c26249c706bd79610d03a1a985dcc0efd9dd5469fc9be92c703459a4d5f93,direct-framework-reference,,java/time/ZoneOffset,definition-present,unknown,15,0,unknown,fd-binaryeye-evidence.json#/rows/660,False,unknown
fd-binaryeye,428c26249c706bd79610d03a1a985dcc0efd9dd5469fc9be92c703459a4d5f93,direct-framework-reference,,java/time/chrono/ChronoLocalDate,definition-present,unknown,3,0,unknown,fd-binaryeye-evidence.json#/rows/661,False,unknown
fd-binaryeye,428c26249c706bd79610d03a1a985dcc0efd9dd5469fc9be92c703459a4d5f93,direct-framework-reference,,java/time/chrono/ChronoLocalDateTime,definition-present,unknown,3,0,unknown,fd-binaryeye-evidence.json#/rows/662,False,unknown
fd-binaryeye,428c26249c706bd79610d03a1a985dcc0efd9dd5469fc9be92c703459a4d5f93,direct-framework-reference,,java/time/format/DateTimeFormatter,definition-present,unknown,11,0,unknown,fd-binaryeye-evidence.json#/rows/663,False,unknown
fd-binaryeye,428c26249c706bd79610d03a1a985dcc0efd9dd5469fc9be92c703459a4d5f93,direct-framework-reference,,java/time/format/DateTimeFormatterBuilder,definition-present,unknown,5,0,unknown,fd-binaryeye-evidence.json#/rows/664,False,unknown
fd-binaryeye,428c26249c706bd79610d03a1a985dcc0efd9dd5469fc9be92c703459a4d5f93,direct-framework-reference,,java/time/format/SignStyle,definition-present,unknown,1,0,unknown,fd-binaryeye-evidence.json#/rows/665,False,unknown
fd-binaryeye,428c26249c706bd79610d03a1a985dcc0efd9dd5469fc9be92c703459a4d5f93,direct-framework-reference,,java/time/temporal/ChronoField,definition-present,unknown,1,0,unknown,fd-binaryeye-evidence.json#/rows/666,False,unknown
fd-binaryeye,428c26249c706bd79610d03a1a985dcc0efd9dd5469fc9be92c703459a4d5f93,direct-framework-reference,,java/time/temporal/TemporalAccessor,definition-present,unknown,5,0,unknown,fd-binaryeye-evidence.json#/rows/667,False,unknown
fd-binaryeye,428c26249c706bd79610d03a1a985dcc0efd9dd5469fc9be92c703459a4d5f93,direct-framework-reference,,java/time/temporal/TemporalField,definition-present,unknown,1,0,unknown,fd-binaryeye-evidence.json#/rows/668,False,unknown
fd-binaryeye,428c26249c706bd79610d03a1a985dcc0efd9dd5469fc9be92c703459a4d5f93,direct-framework-reference,,java/time/temporal/TemporalQuery,definition-present,unknown,1,0,unknown,fd-binaryeye-evidence.json#/rows/669,False,unknown
fd-binaryeye,428c26249c706bd79610d03a1a985dcc0efd9dd5469fc9be92c703459a4d5f93,direct-framework-reference,,java/time/zone/ZoneRules,definition-present,unknown,3,0,unknown,fd-binaryeye-evidence.json#/rows/670,False,unknown
fd-binaryeye,428c26249c706bd79610d03a1a985dcc0efd9dd5469fc9be92c703459a4d5f93,direct-framework-reference,,java/util/AbstractCollection,definition-present,unknown,35,0,unknown,fd-binaryeye-evidence.json#/rows/671,False,unknown
fd-binaryeye,428c26249c706bd79610d03a1a985dcc0efd9dd5469fc9be92c703459a4d5f93,direct-framework-reference,,java/util/AbstractList,definition-present,unknown,25,0,unknown,fd-binaryeye-evidence.json#/rows/672,False,unknown
fd-binaryeye,428c26249c706bd79610d03a1a985dcc0efd9dd5469fc9be92c703459a4d5f93,direct-framework-reference,,java/util/AbstractMap,definition-present,unknown,11,0,unknown,fd-binaryeye-evidence.json#/rows/673,False,unknown
fd-binaryeye,428c26249c706bd79610d03a1a985dcc0efd9dd5469fc9be92c703459a4d5f93,direct-framework-reference,,java/util/AbstractSet,definition-present,unknown,4,0,unknown,fd-binaryeye-evidence.json#/rows/674,False,unknown
fd-binaryeye,428c26249c706bd79610d03a1a985dcc0efd9dd5469fc9be92c703459a4d5f93,direct-framework-reference,,java/util/ArrayDeque,definition-present,unknown,22,0,unknown,fd-binaryeye-evidence.json#/rows/675,False,unknown
fd-binaryeye,428c26249c706bd79610d03a1a985dcc0efd9dd5469fc9be92c703459a4d5f93,direct-framework-reference,,java/util/ArrayList,definition-present,yes-static,822,7,unknown,fd-binaryeye-evidence.json#/rows/676,False,unknown
fd-binaryeye,428c26249c706bd79610d03a1a985dcc0efd9dd5469fc9be92c703459a4d5f93,direct-framework-reference,,java/util/Arrays,definition-present,yes-static,246,2,unknown,fd-binaryeye-evidence.json#/rows/677,False,unknown
fd-binaryeye,428c26249c706bd79610d03a1a985dcc0efd9dd5469fc9be92c703459a4d5f93,direct-framework-reference,,java/util/BitSet,definition-present,unknown,10,0,unknown,fd-binaryeye-evidence.json#/rows/678,False,unknown
fd-binaryeye,428c26249c706bd79610d03a1a985dcc0efd9dd5469fc9be92c703459a4d5f93,direct-framework-reference,,java/util/Calendar,definition-present,unknown,1,0,unknown,fd-binaryeye-evidence.json#/rows/679,False,unknown
fd-binaryeye,428c26249c706bd79610d03a1a985dcc0efd9dd5469fc9be92c703459a4d5f93,direct-framework-reference,,java/util/Collection,definition-present,yes-static,298,5,unknown,fd-binaryeye-evidence.json#/rows/680,False,unknown
fd-binaryeye,428c26249c706bd79610d03a1a985dcc0efd9dd5469fc9be92c703459a4d5f93,direct-framework-reference,,java/util/Collections,definition-present,yes-static,141,1,unknown,fd-binaryeye-evidence.json#/rows/681,False,unknown
fd-binaryeye,428c26249c706bd79610d03a1a985dcc0efd9dd5469fc9be92c703459a4d5f93,direct-framework-reference,,java/util/Comparator,definition-present,unknown,23,0,unknown,fd-binaryeye-evidence.json#/rows/682,False,unknown
fd-binaryeye,428c26249c706bd79610d03a1a985dcc0efd9dd5469fc9be92c703459a4d5f93,direct-framework-reference,,java/util/ConcurrentModificationException,definition-present,unknown,13,0,unknown,fd-binaryeye-evidence.json#/rows/683,False,unknown
fd-binaryeye,428c26249c706bd79610d03a1a985dcc0efd9dd5469fc9be92c703459a4d5f93,direct-framework-reference,,java/util/Date,definition-present,unknown,6,0,unknown,fd-binaryeye-evidence.json#/rows/684,False,unknown
fd-binaryeye,428c26249c706bd79610d03a1a985dcc0efd9dd5469fc9be92c703459a4d5f93,direct-framework-reference,,java/util/Dictionary,definition-present,unknown,1,0,unknown,fd-binaryeye-evidence.json#/rows/685,False,unknown
fd-binaryeye,428c26249c706bd79610d03a1a985dcc0efd9dd5469fc9be92c703459a4d5f93,direct-framework-reference,,java/util/Enumeration,definition-present,unknown,6,0,unknown,fd-binaryeye-evidence.json#/rows/686,False,unknown
fd-binaryeye,428c26249c706bd79610d03a1a985dcc0efd9dd5469fc9be92c703459a4d5f93,direct-framework-reference,,java/util/HashMap,definition-present,yes-static,259,4,unknown,fd-binaryeye-evidence.json#/rows/687,False,unknown
fd-binaryeye,428c26249c706bd79610d03a1a985dcc0efd9dd5469fc9be92c703459a4d5f93,direct-framework-reference,,java/util/HashSet,definition-present,yes-static,163,3,unknown,fd-binaryeye-evidence.json#/rows/688,False,unknown
fd-binaryeye,428c26249c706bd79610d03a1a985dcc0efd9dd5469fc9be92c703459a4d5f93,direct-framework-reference,,java/util/Hashtable,definition-present,unknown,26,0,unknown,fd-binaryeye-evidence.json#/rows/689,False,unknown
fd-binaryeye,428c26249c706bd79610d03a1a985dcc0efd9dd5469fc9be92c703459a4d5f93,direct-framework-reference,,java/util/IdentityHashMap,definition-present,unknown,1,0,unknown,fd-binaryeye-evidence.json#/rows/690,False,unknown
fd-binaryeye,428c26249c706bd79610d03a1a985dcc0efd9dd5469fc9be92c703459a4d5f93,direct-framework-reference,,java/util/Iterator,definition-present,yes-static,402,4,unknown,fd-binaryeye-evidence.json#/rows/691,False,unknown
fd-binaryeye,428c26249c706bd79610d03a1a985dcc0efd9dd5469fc9be92c703459a4d5f93,direct-framework-reference,,java/util/LinkedHashMap,definition-present,yes-static,96,1,unknown,fd-binaryeye-evidence.json#/rows/692,False,unknown
fd-binaryeye,428c26249c706bd79610d03a1a985dcc0efd9dd5469fc9be92c703459a4d5f93,direct-framework-reference,,java/util/LinkedHashSet,definition-present,yes-static,79,2,unknown,fd-binaryeye-evidence.json#/rows/693,False,unknown
fd-binaryeye,428c26249c706bd79610d03a1a985dcc0efd9dd5469fc9be92c703459a4d5f93,direct-framework-reference,,java/util/LinkedList,definition-present,unknown,6,0,unknown,fd-binaryeye-evidence.json#/rows/694,False,unknown
fd-binaryeye,428c26249c706bd79610d03a1a985dcc0efd9dd5469fc9be92c703459a4d5f93,direct-framework-reference,,java/util/List,definition-present,yes-static,678,3,unknown,fd-binaryeye-evidence.json#/rows/695,False,unknown
fd-binaryeye,428c26249c706bd79610d03a1a985dcc0efd9dd5469fc9be92c703459a4d5f93,direct-framework-reference,,java/util/ListIterator,definition-present,unknown,31,0,unknown,fd-binaryeye-evidence.json#/rows/696,False,unknown
fd-binaryeye,428c26249c706bd79610d03a1a985dcc0efd9dd5469fc9be92c703459a4d5f93,direct-framework-reference,,java/util/Locale,definition-present,yes-static,96,1,unknown,fd-binaryeye-evidence.json#/rows/697,False,unknown
fd-binaryeye,428c26249c706bd79610d03a1a985dcc0efd9dd5469fc9be92c703459a4d5f93,direct-framework-reference,,java/util/Map,definition-present,yes-static,187,3,unknown,fd-binaryeye-evidence.json#/rows/698,False,unknown
fd-binaryeye,428c26249c706bd79610d03a1a985dcc0efd9dd5469fc9be92c703459a4d5f93,direct-framework-reference,,java/util/Map$Entry,definition-present,unknown,62,0,unknown,fd-binaryeye-evidence.json#/rows/699,False,unknown
fd-binaryeye,428c26249c706bd79610d03a1a985dcc0efd9dd5469fc9be92c703459a4d5f93,direct-framework-reference,,java/util/NoSuchElementException,definition-present,unknown,32,0,unknown,fd-binaryeye-evidence.json#/rows/700,False,unknown
fd-binaryeye,428c26249c706bd79610d03a1a985dcc0efd9dd5469fc9be92c703459a4d5f93,direct-framework-reference,,java/util/Objects,definition-present,unknown,92,0,unknown,fd-binaryeye-evidence.json#/rows/701,False,unknown
fd-binaryeye,428c26249c706bd79610d03a1a985dcc0efd9dd5469fc9be92c703459a4d5f93,direct-framework-reference,,java/util/Random,definition-present,unknown,7,0,unknown,fd-binaryeye-evidence.json#/rows/702,False,unknown
fd-binaryeye,428c26249c706bd79610d03a1a985dcc0efd9dd5469fc9be92c703459a4d5f93,direct-framework-reference,,java/util/RandomAccess,definition-present,unknown,1,0,unknown,fd-binaryeye-evidence.json#/rows/703,False,unknown
fd-binaryeye,428c26249c706bd79610d03a1a985dcc0efd9dd5469fc9be92c703459a4d5f93,direct-framework-reference,,java/util/Scanner,definition-present,unknown,1,0,unknown,fd-binaryeye-evidence.json#/rows/704,False,unknown
fd-binaryeye,428c26249c706bd79610d03a1a985dcc0efd9dd5469fc9be92c703459a4d5f93,direct-framework-reference,,java/util/ServiceConfigurationError,definition-present,unknown,4,0,unknown,fd-binaryeye-evidence.json#/rows/705,False,unknown
fd-binaryeye,428c26249c706bd79610d03a1a985dcc0efd9dd5469fc9be92c703459a4d5f93,direct-framework-reference,,java/util/ServiceLoader,definition-present,unknown,1,0,unknown,fd-binaryeye-evidence.json#/rows/706,False,unknown
fd-binaryeye,428c26249c706bd79610d03a1a985dcc0efd9dd5469fc9be92c703459a4d5f93,direct-framework-reference,,java/util/Set,definition-present,yes-static,274,5,unknown,fd-binaryeye-evidence.json#/rows/707,False,unknown
fd-binaryeye,428c26249c706bd79610d03a1a985dcc0efd9dd5469fc9be92c703459a4d5f93,direct-framework-reference,,java/util/SimpleTimeZone,definition-present,unknown,1,0,unknown,fd-binaryeye-evidence.json#/rows/708,False,unknown
fd-binaryeye,428c26249c706bd79610d03a1a985dcc0efd9dd5469fc9be92c703459a4d5f93,direct-framework-reference,,java/util/SortedMap,definition-present,unknown,2,0,unknown,fd-binaryeye-evidence.json#/rows/709,False,unknown
fd-binaryeye,428c26249c706bd79610d03a1a985dcc0efd9dd5469fc9be92c703459a4d5f93,direct-framework-reference,,java/util/Stack,definition-present,unknown,6,0,unknown,fd-binaryeye-evidence.json#/rows/710,False,unknown
fd-binaryeye,428c26249c706bd79610d03a1a985dcc0efd9dd5469fc9be92c703459a4d5f93,direct-framework-reference,,java/util/StringTokenizer,definition-present,unknown,1,0,unknown,fd-binaryeye-evidence.json#/rows/711,False,unknown
fd-binaryeye,428c26249c706bd79610d03a1a985dcc0efd9dd5469fc9be92c703459a4d5f93,direct-framework-reference,,java/util/TimeZone,definition-present,unknown,2,0,unknown,fd-binaryeye-evidence.json#/rows/712,False,unknown
fd-binaryeye,428c26249c706bd79610d03a1a985dcc0efd9dd5469fc9be92c703459a4d5f93,direct-framework-reference,,java/util/TreeMap,definition-present,unknown,36,0,unknown,fd-binaryeye-evidence.json#/rows/713,False,unknown
fd-binaryeye,428c26249c706bd79610d03a1a985dcc0efd9dd5469fc9be92c703459a4d5f93,direct-framework-reference,,java/util/UUID,definition-present,unknown,13,0,unknown,fd-binaryeye-evidence.json#/rows/714,False,unknown
fd-binaryeye,428c26249c706bd79610d03a1a985dcc0efd9dd5469fc9be92c703459a4d5f93,direct-framework-reference,,java/util/Vector,definition-present,unknown,4,0,unknown,fd-binaryeye-evidence.json#/rows/715,False,unknown
fd-binaryeye,428c26249c706bd79610d03a1a985dcc0efd9dd5469fc9be92c703459a4d5f93,direct-framework-reference,,java/util/WeakHashMap,definition-present,unknown,121,0,unknown,fd-binaryeye-evidence.json#/rows/716,False,unknown
fd-binaryeye,428c26249c706bd79610d03a1a985dcc0efd9dd5469fc9be92c703459a4d5f93,direct-framework-reference,,java/util/concurrent/AbstractExecutorService,definition-present,unknown,1,0,unknown,fd-binaryeye-evidence.json#/rows/717,False,unknown
fd-binaryeye,428c26249c706bd79610d03a1a985dcc0efd9dd5469fc9be92c703459a4d5f93,direct-framework-reference,,java/util/concurrent/BlockingQueue,definition-present,unknown,6,0,unknown,fd-binaryeye-evidence.json#/rows/718,False,unknown
fd-binaryeye,428c26249c706bd79610d03a1a985dcc0efd9dd5469fc9be92c703459a4d5f93,direct-framework-reference,,java/util/concurrent/Callable,definition-present,unknown,7,0,unknown,fd-binaryeye-evidence.json#/rows/719,False,unknown
fd-binaryeye,428c26249c706bd79610d03a1a985dcc0efd9dd5469fc9be92c703459a4d5f93,direct-framework-reference,,java/util/concurrent/CancellationException,definition-present,unknown,25,0,unknown,fd-binaryeye-evidence.json#/rows/720,False,unknown
fd-binaryeye,428c26249c706bd79610d03a1a985dcc0efd9dd5469fc9be92c703459a4d5f93,direct-framework-reference,,java/util/concurrent/ConcurrentHashMap,definition-present,unknown,25,0,unknown,fd-binaryeye-evidence.json#/rows/721,False,unknown
fd-binaryeye,428c26249c706bd79610d03a1a985dcc0efd9dd5469fc9be92c703459a4d5f93,direct-framework-reference,,java/util/concurrent/CopyOnWriteArrayList,definition-present,unknown,51,0,unknown,fd-binaryeye-evidence.json#/rows/722,False,unknown
fd-binaryeye,428c26249c706bd79610d03a1a985dcc0efd9dd5469fc9be92c703459a4d5f93,direct-framework-reference,,java/util/concurrent/CopyOnWriteArraySet,definition-present,unknown,7,0,unknown,fd-binaryeye-evidence.json#/rows/723,False,unknown
fd-binaryeye,428c26249c706bd79610d03a1a985dcc0efd9dd5469fc9be92c703459a4d5f93,direct-framework-reference,,java/util/concurrent/CountDownLatch,definition-present,unknown,4,0,unknown,fd-binaryeye-evidence.json#/rows/724,False,unknown
fd-binaryeye,428c26249c706bd79610d03a1a985dcc0efd9dd5469fc9be92c703459a4d5f93,direct-framework-reference,,java/util/concurrent/Delayed,definition-present,unknown,3,0,unknown,fd-binaryeye-evidence.json#/rows/725,False,unknown
fd-binaryeye,428c26249c706bd79610d03a1a985dcc0efd9dd5469fc9be92c703459a4d5f93,direct-framework-reference,,java/util/concurrent/ExecutionException,definition-present,unknown,4,0,unknown,fd-binaryeye-evidence.json#/rows/726,False,unknown
fd-binaryeye,428c26249c706bd79610d03a1a985dcc0efd9dd5469fc9be92c703459a4d5f93,direct-framework-reference,,java/util/concurrent/Executor,definition-present,unknown,153,0,unknown,fd-binaryeye-evidence.json#/rows/727,False,unknown
fd-binaryeye,428c26249c706bd79610d03a1a985dcc0efd9dd5469fc9be92c703459a4d5f93,direct-framework-reference,,java/util/concurrent/ExecutorService,definition-present,unknown,17,0,unknown,fd-binaryeye-evidence.json#/rows/728,False,unknown
fd-binaryeye,428c26249c706bd79610d03a1a985dcc0efd9dd5469fc9be92c703459a4d5f93,direct-framework-reference,,java/util/concurrent/Executors,definition-present,unknown,4,0,unknown,fd-binaryeye-evidence.json#/rows/729,False,unknown
fd-binaryeye,428c26249c706bd79610d03a1a985dcc0efd9dd5469fc9be92c703459a4d5f93,direct-framework-reference,,java/util/concurrent/ForkJoinPool,definition-present,unknown,3,0,unknown,fd-binaryeye-evidence.json#/rows/730,False,unknown
fd-binaryeye,428c26249c706bd79610d03a1a985dcc0efd9dd5469fc9be92c703459a4d5f93,direct-framework-reference,,java/util/concurrent/Future,definition-present,unknown,36,0,unknown,fd-binaryeye-evidence.json#/rows/731,False,unknown
fd-binaryeye,428c26249c706bd79610d03a1a985dcc0efd9dd5469fc9be92c703459a4d5f93,direct-framework-reference,,java/util/concurrent/LinkedBlockingDeque,definition-present,unknown,3,0,unknown,fd-binaryeye-evidence.json#/rows/732,False,unknown
fd-binaryeye,428c26249c706bd79610d03a1a985dcc0efd9dd5469fc9be92c703459a4d5f93,direct-framework-reference,,java/util/concurrent/LinkedBlockingQueue,definition-present,unknown,7,0,unknown,fd-binaryeye-evidence.json#/rows/733,False,unknown
fd-binaryeye,428c26249c706bd79610d03a1a985dcc0efd9dd5469fc9be92c703459a4d5f93,direct-framework-reference,,java/util/concurrent/RejectedExecutionException,definition-present,unknown,7,0,unknown,fd-binaryeye-evidence.json#/rows/734,False,unknown
fd-binaryeye,428c26249c706bd79610d03a1a985dcc0efd9dd5469fc9be92c703459a4d5f93,direct-framework-reference,,java/util/concurrent/RejectedExecutionHandler,definition-present,unknown,2,0,unknown,fd-binaryeye-evidence.json#/rows/735,False,unknown
fd-binaryeye,428c26249c706bd79610d03a1a985dcc0efd9dd5469fc9be92c703459a4d5f93,direct-framework-reference,,java/util/concurrent/ScheduledExecutorService,definition-present,unknown,19,0,unknown,fd-binaryeye-evidence.json#/rows/736,False,unknown
fd-binaryeye,428c26249c706bd79610d03a1a985dcc0efd9dd5469fc9be92c703459a4d5f93,direct-framework-reference,,java/util/concurrent/ScheduledFuture,definition-present,unknown,12,0,unknown,fd-binaryeye-evidence.json#/rows/737,False,unknown
fd-binaryeye,428c26249c706bd79610d03a1a985dcc0efd9dd5469fc9be92c703459a4d5f93,direct-framework-reference,,java/util/concurrent/Semaphore,definition-present,unknown,3,0,unknown,fd-binaryeye-evidence.json#/rows/738,False,unknown
fd-binaryeye,428c26249c706bd79610d03a1a985dcc0efd9dd5469fc9be92c703459a4d5f93,direct-framework-reference,,java/util/concurrent/ThreadFactory,definition-present,unknown,8,0,unknown,fd-binaryeye-evidence.json#/rows/739,False,unknown
fd-binaryeye,428c26249c706bd79610d03a1a985dcc0efd9dd5469fc9be92c703459a4d5f93,direct-framework-reference,,java/util/concurrent/ThreadLocalRandom,definition-present,unknown,1,0,unknown,fd-binaryeye-evidence.json#/rows/740,False,unknown
fd-binaryeye,428c26249c706bd79610d03a1a985dcc0efd9dd5469fc9be92c703459a4d5f93,direct-framework-reference,,java/util/concurrent/ThreadPoolExecutor,definition-present,unknown,13,0,unknown,fd-binaryeye-evidence.json#/rows/741,False,unknown
fd-binaryeye,428c26249c706bd79610d03a1a985dcc0efd9dd5469fc9be92c703459a4d5f93,direct-framework-reference,,java/util/concurrent/TimeUnit,definition-present,unknown,32,0,unknown,fd-binaryeye-evidence.json#/rows/742,False,unknown
fd-binaryeye,428c26249c706bd79610d03a1a985dcc0efd9dd5469fc9be92c703459a4d5f93,direct-framework-reference,,java/util/concurrent/TimeoutException,definition-present,unknown,4,0,unknown,fd-binaryeye-evidence.json#/rows/743,False,unknown
fd-binaryeye,428c26249c706bd79610d03a1a985dcc0efd9dd5469fc9be92c703459a4d5f93,direct-framework-reference,,java/util/concurrent/atomic/AtomicBoolean,definition-present,unknown,43,0,unknown,fd-binaryeye-evidence.json#/rows/744,False,unknown
fd-binaryeye,428c26249c706bd79610d03a1a985dcc0efd9dd5469fc9be92c703459a4d5f93,direct-framework-reference,,java/util/concurrent/atomic/AtomicInteger,definition-present,unknown,26,0,unknown,fd-binaryeye-evidence.json#/rows/745,False,unknown
fd-binaryeye,428c26249c706bd79610d03a1a985dcc0efd9dd5469fc9be92c703459a4d5f93,direct-framework-reference,,java/util/concurrent/atomic/AtomicIntegerFieldUpdater,definition-present,unknown,17,0,unknown,fd-binaryeye-evidence.json#/rows/746,False,unknown
fd-binaryeye,428c26249c706bd79610d03a1a985dcc0efd9dd5469fc9be92c703459a4d5f93,direct-framework-reference,,java/util/concurrent/atomic/AtomicLong,definition-present,unknown,2,0,unknown,fd-binaryeye-evidence.json#/rows/747,False,unknown
fd-binaryeye,428c26249c706bd79610d03a1a985dcc0efd9dd5469fc9be92c703459a4d5f93,direct-framework-reference,,java/util/concurrent/atomic/AtomicLongFieldUpdater,definition-present,unknown,13,0,unknown,fd-binaryeye-evidence.json#/rows/748,False,unknown
fd-binaryeye,428c26249c706bd79610d03a1a985dcc0efd9dd5469fc9be92c703459a4d5f93,direct-framework-reference,,java/util/concurrent/atomic/AtomicReference,definition-present,unknown,38,0,unknown,fd-binaryeye-evidence.json#/rows/749,False,unknown
fd-binaryeye,428c26249c706bd79610d03a1a985dcc0efd9dd5469fc9be92c703459a4d5f93,direct-framework-reference,,java/util/concurrent/atomic/AtomicReferenceArray,definition-present,unknown,13,0,unknown,fd-binaryeye-evidence.json#/rows/750,False,unknown
fd-binaryeye,428c26249c706bd79610d03a1a985dcc0efd9dd5469fc9be92c703459a4d5f93,direct-framework-reference,,java/util/concurrent/atomic/AtomicReferenceFieldUpdater,definition-present,unknown,12,0,unknown,fd-binaryeye-evidence.json#/rows/751,False,unknown
fd-binaryeye,428c26249c706bd79610d03a1a985dcc0efd9dd5469fc9be92c703459a4d5f93,direct-framework-reference,,java/util/concurrent/locks/Lock,definition-present,unknown,7,0,unknown,fd-binaryeye-evidence.json#/rows/752,False,unknown
fd-binaryeye,428c26249c706bd79610d03a1a985dcc0efd9dd5469fc9be92c703459a4d5f93,direct-framework-reference,,java/util/concurrent/locks/LockSupport,definition-present,unknown,9,0,unknown,fd-binaryeye-evidence.json#/rows/753,False,unknown
fd-binaryeye,428c26249c706bd79610d03a1a985dcc0efd9dd5469fc9be92c703459a4d5f93,direct-framework-reference,,java/util/concurrent/locks/ReentrantReadWriteLock,definition-present,unknown,7,0,unknown,fd-binaryeye-evidence.json#/rows/754,False,unknown
fd-binaryeye,428c26249c706bd79610d03a1a985dcc0efd9dd5469fc9be92c703459a4d5f93,direct-framework-reference,,java/util/logging/Level,definition-present,unknown,2,0,unknown,fd-binaryeye-evidence.json#/rows/755,False,unknown
fd-binaryeye,428c26249c706bd79610d03a1a985dcc0efd9dd5469fc9be92c703459a4d5f93,direct-framework-reference,,java/util/logging/Logger,definition-present,unknown,4,0,unknown,fd-binaryeye-evidence.json#/rows/756,False,unknown
fd-binaryeye,428c26249c706bd79610d03a1a985dcc0efd9dd5469fc9be92c703459a4d5f93,direct-framework-reference,,java/util/regex/Matcher,definition-present,unknown,24,0,unknown,fd-binaryeye-evidence.json#/rows/757,False,unknown
fd-binaryeye,428c26249c706bd79610d03a1a985dcc0efd9dd5469fc9be92c703459a4d5f93,direct-framework-reference,,java/util/regex/Pattern,definition-present,unknown,26,0,unknown,fd-binaryeye-evidence.json#/rows/758,False,unknown
fd-binaryeye,428c26249c706bd79610d03a1a985dcc0efd9dd5469fc9be92c703459a4d5f93,direct-framework-reference,,java/util/stream/IntStream,definition-present,unknown,4,0,unknown,fd-binaryeye-evidence.json#/rows/759,False,unknown
fd-binaryeye,428c26249c706bd79610d03a1a985dcc0efd9dd5469fc9be92c703459a4d5f93,direct-framework-reference,,java/util/zip/Deflater,definition-present,unknown,5,0,unknown,fd-binaryeye-evidence.json#/rows/760,False,unknown
fd-binaryeye,428c26249c706bd79610d03a1a985dcc0efd9dd5469fc9be92c703459a4d5f93,direct-framework-reference,,java/util/zip/DeflaterOutputStream,definition-present,unknown,1,0,unknown,fd-binaryeye-evidence.json#/rows/761,False,unknown
fd-binaryeye,428c26249c706bd79610d03a1a985dcc0efd9dd5469fc9be92c703459a4d5f93,direct-framework-reference,,java/util/zip/Inflater,definition-present,unknown,4,0,unknown,fd-binaryeye-evidence.json#/rows/762,False,unknown
fd-binaryeye,428c26249c706bd79610d03a1a985dcc0efd9dd5469fc9be92c703459a4d5f93,direct-framework-reference,,javax/crypto/KeyAgreement,definition-present,unknown,2,0,unknown,fd-binaryeye-evidence.json#/rows/763,False,unknown
fd-binaryeye,428c26249c706bd79610d03a1a985dcc0efd9dd5469fc9be92c703459a4d5f93,direct-framework-reference,,javax/security/auth/x500/X500Principal,definition-present,unknown,1,0,unknown,fd-binaryeye-evidence.json#/rows/764,False,unknown
fd-binaryeye,428c26249c706bd79610d03a1a985dcc0efd9dd5469fc9be92c703459a4d5f93,direct-framework-reference,,javax/xml/namespace/QName,definition-present,unknown,1,0,unknown,fd-binaryeye-evidence.json#/rows/765,False,unknown
fd-binaryeye,428c26249c706bd79610d03a1a985dcc0efd9dd5469fc9be92c703459a4d5f93,manager-interface-prerequisite,account,android/accounts/IAccountManager,definition-present,unknown,1,0,unknown,fd-binaryeye-evidence.json#/rows/766,True,False
fd-binaryeye,428c26249c706bd79610d03a1a985dcc0efd9dd5469fc9be92c703459a4d5f93,manager-interface-prerequisite,alarm,android/app/IAlarmManager,definition-present,unknown,1,0,unknown,fd-binaryeye-evidence.json#/rows/767,True,False
fd-binaryeye,428c26249c706bd79610d03a1a985dcc0efd9dd5469fc9be92c703459a4d5f93,manager-interface-prerequisite,appops,com/android/internal/app/IAppOpsService,definition-present,unknown,7,0,unknown,fd-binaryeye-evidence.json#/rows/768,True,False
fd-binaryeye,428c26249c706bd79610d03a1a985dcc0efd9dd5469fc9be92c703459a4d5f93,manager-interface-prerequisite,audio,android/media/IAudioService,definition-present,unknown,3,0,unknown,fd-binaryeye-evidence.json#/rows/769,True,False
fd-binaryeye,428c26249c706bd79610d03a1a985dcc0efd9dd5469fc9be92c703459a4d5f93,manager-interface-prerequisite,clipboard,android/content/IClipboard,definition-present,unknown,4,0,unknown,fd-binaryeye-evidence.json#/rows/770,True,False
fd-binaryeye,428c26249c706bd79610d03a1a985dcc0efd9dd5469fc9be92c703459a4d5f93,manager-interface-prerequisite,connectivity,android/net/IConnectivityManager,definition-absent,unknown,1,0,unresolvable-in-scanned-inputs,fd-binaryeye-evidence.json#/rows/771,True,False
fd-binaryeye,428c26249c706bd79610d03a1a985dcc0efd9dd5469fc9be92c703459a4d5f93,manager-interface-prerequisite,jobscheduler,android/app/job/IJobScheduler,definition-present,unknown,1,0,unknown,fd-binaryeye-evidence.json#/rows/772,True,False
fd-binaryeye,428c26249c706bd79610d03a1a985dcc0efd9dd5469fc9be92c703459a4d5f93,manager-interface-prerequisite,locale,android/app/ILocaleManager,definition-present,unknown,2,0,unknown,fd-binaryeye-evidence.json#/rows/773,True,False
fd-binaryeye,428c26249c706bd79610d03a1a985dcc0efd9dd5469fc9be92c703459a4d5f93,manager-interface-prerequisite,location,android/location/ILocationManager,definition-present,unknown,3,0,unknown,fd-binaryeye-evidence.json#/rows/774,True,False
fd-binaryeye,428c26249c706bd79610d03a1a985dcc0efd9dd5469fc9be92c703459a4d5f93,manager-interface-prerequisite,notification,android/app/INotificationManager,definition-present,unknown,4,0,unknown,fd-binaryeye-evidence.json#/rows/775,True,False
fd-binaryeye,428c26249c706bd79610d03a1a985dcc0efd9dd5469fc9be92c703459a4d5f93,manager-interface-prerequisite,power,android/os/IPowerManager,definition-present,unknown,4,0,unknown,fd-binaryeye-evidence.json#/rows/776,True,False
fd-binaryeye,428c26249c706bd79610d03a1a985dcc0efd9dd5469fc9be92c703459a4d5f93,manager-interface-prerequisite,uimode,android/app/IUiModeManager,definition-present,unknown,2,0,unknown,fd-binaryeye-evidence.json#/rows/777,True,False
fd-binaryeye,428c26249c706bd79610d03a1a985dcc0efd9dd5469fc9be92c703459a4d5f93,service-call,accessibility,,unknown,unknown,8,0,unknown,fd-binaryeye-evidence.json#/rows/778,False,False
fd-binaryeye,428c26249c706bd79610d03a1a985dcc0efd9dd5469fc9be92c703459a4d5f93,service-call,camera,,unknown,unknown,2,0,unknown,fd-binaryeye-evidence.json#/rows/779,False,False
fd-binaryeye,428c26249c706bd79610d03a1a985dcc0efd9dd5469fc9be92c703459a4d5f93,service-call,display,,unknown,unknown,2,0,unknown,fd-binaryeye-evidence.json#/rows/780,False,False
fd-binaryeye,428c26249c706bd79610d03a1a985dcc0efd9dd5469fc9be92c703459a4d5f93,service-call,input_method,,unknown,unknown,7,0,unknown,fd-binaryeye-evidence.json#/rows/781,False,False
fd-binaryeye,428c26249c706bd79610d03a1a985dcc0efd9dd5469fc9be92c703459a4d5f93,service-call,layout_inflater,,unknown,unknown,2,0,unknown,fd-binaryeye-evidence.json#/rows/782,False,False
fd-binaryeye,428c26249c706bd79610d03a1a985dcc0efd9dd5469fc9be92c703459a4d5f93,service-call,search,,unknown,unknown,1,0,unknown,fd-binaryeye-evidence.json#/rows/783,False,False
fd-binaryeye,428c26249c706bd79610d03a1a985dcc0efd9dd5469fc9be92c703459a4d5f93,service-call,unknown,,unknown,unknown,10,0,unknown,fd-binaryeye-evidence.json#/rows/784,False,False
fd-binaryeye,428c26249c706bd79610d03a1a985dcc0efd9dd5469fc9be92c703459a4d5f93,service-call,vibrator,,unknown,unknown,2,0,unknown,fd-binaryeye-evidence.json#/rows/785,False,False
fd-binaryeye,428c26249c706bd79610d03a1a985dcc0efd9dd5469fc9be92c703459a4d5f93,service-call,wifi,,unknown,unknown,1,0,unknown,fd-binaryeye-evidence.json#/rows/786,False,False
fd-binaryeye,428c26249c706bd79610d03a1a985dcc0efd9dd5469fc9be92c703459a4d5f93,service-call,window,,unknown,unknown,4,0,unknown,fd-binaryeye-evidence.json#/rows/787,False,False
fd-binaryeye,428c26249c706bd79610d03a1a985dcc0efd9dd5469fc9be92c703459a4d5f93,service-interface-prerequisite,appops,com/android/internal/app/IAppOpsService,definition-present,unknown,3,0,unknown,fd-binaryeye-evidence.json#/rows/788,True,False
fd-binaryeye,428c26249c706bd79610d03a1a985dcc0efd9dd5469fc9be92c703459a4d5f93,service-interface-prerequisite,audio,android/media/IAudioService,definition-present,unknown,2,0,unknown,fd-binaryeye-evidence.json#/rows/789,True,False
fd-binaryeye,428c26249c706bd79610d03a1a985dcc0efd9dd5469fc9be92c703459a4d5f93,service-interface-prerequisite,clipboard,android/content/IClipboard,definition-present,unknown,3,0,unknown,fd-binaryeye-evidence.json#/rows/790,True,False
fd-binaryeye,428c26249c706bd79610d03a1a985dcc0efd9dd5469fc9be92c703459a4d5f93,service-interface-prerequisite,location,android/location/ILocationManager,definition-present,unknown,1,0,unknown,fd-binaryeye-evidence.json#/rows/791,True,False
fd-binaryeye,428c26249c706bd79610d03a1a985dcc0efd9dd5469fc9be92c703459a4d5f93,service-interface-prerequisite,notification,android/app/INotificationManager,definition-present,unknown,1,0,unknown,fd-binaryeye-evidence.json#/rows/792,True,False
fd-binaryeye,428c26249c706bd79610d03a1a985dcc0efd9dd5469fc9be92c703459a4d5f93,service-interface-prerequisite,power,android/os/IPowerManager,definition-present,unknown,1,0,unknown,fd-binaryeye-evidence.json#/rows/793,True,False
fd-binaryeye,428c26249c706bd79610d03a1a985dcc0efd9dd5469fc9be92c703459a4d5f93,service-interface-prerequisite,uimode,android/app/IUiModeManager,definition-present,unknown,1,0,unknown,fd-binaryeye-evidence.json#/rows/794,True,False
