app,apk_sha256,kind,service,class,availability,startup_reachable,full_method_reference_count,startup_method_reference_count,runtime_load,evidence,stub_ok,needs_real
fd-com-kunzisoft-keepass-libre,862f87a30baef06181f049adf7c460611605b25a807eaf3c25841a9dd84bed9e,direct-framework-reference,,android/accessibilityservice/AccessibilityServiceInfo,definition-present,unknown,2,0,unknown,fd-com-kunzisoft-keepass-libre-evidence.json#/rows/0,False,unknown
fd-com-kunzisoft-keepass-libre,862f87a30baef06181f049adf7c460611605b25a807eaf3c25841a9dd84bed9e,direct-framework-reference,,android/accounts/AccountManager,definition-present,unknown,1,0,unknown,fd-com-kunzisoft-keepass-libre-evidence.json#/rows/1,False,unknown
fd-com-kunzisoft-keepass-libre,862f87a30baef06181f049adf7c460611605b25a807eaf3c25841a9dd84bed9e,direct-framework-reference,,android/animation/Animator,definition-present,yes-static,202,5,unknown,fd-com-kunzisoft-keepass-libre-evidence.json#/rows/2,False,unknown
fd-com-kunzisoft-keepass-libre,862f87a30baef06181f049adf7c460611605b25a807eaf3c25841a9dd84bed9e,direct-framework-reference,,android/animation/Animator$AnimatorListener,definition-present,yes-static,21,1,unknown,fd-com-kunzisoft-keepass-libre-evidence.json#/rows/3,False,unknown
fd-com-kunzisoft-keepass-libre,862f87a30baef06181f049adf7c460611605b25a807eaf3c25841a9dd84bed9e,direct-framework-reference,,android/animation/Animator$AnimatorPauseListener,definition-present,unknown,4,0,unknown,fd-com-kunzisoft-keepass-libre-evidence.json#/rows/4,False,unknown
fd-com-kunzisoft-keepass-libre,862f87a30baef06181f049adf7c460611605b25a807eaf3c25841a9dd84bed9e,direct-framework-reference,,android/animation/AnimatorInflater,definition-present,yes-static,4,1,unknown,fd-com-kunzisoft-keepass-libre-evidence.json#/rows/5,False,unknown
fd-com-kunzisoft-keepass-libre,862f87a30baef06181f049adf7c460611605b25a807eaf3c25841a9dd84bed9e,direct-framework-reference,,android/animation/AnimatorListenerAdapter,definition-present,yes-static,95,2,unknown,fd-com-kunzisoft-keepass-libre-evidence.json#/rows/6,False,unknown
fd-com-kunzisoft-keepass-libre,862f87a30baef06181f049adf7c460611605b25a807eaf3c25841a9dd84bed9e,direct-framework-reference,,android/animation/AnimatorSet,definition-present,unknown,63,0,unknown,fd-com-kunzisoft-keepass-libre-evidence.json#/rows/7,False,unknown
fd-com-kunzisoft-keepass-libre,862f87a30baef06181f049adf7c460611605b25a807eaf3c25841a9dd84bed9e,direct-framework-reference,,android/animation/AnimatorSet$Builder,definition-present,unknown,4,0,unknown,fd-com-kunzisoft-keepass-libre-evidence.json#/rows/8,False,unknown
fd-com-kunzisoft-keepass-libre,862f87a30baef06181f049adf7c460611605b25a807eaf3c25841a9dd84bed9e,direct-framework-reference,,android/animation/ArgbEvaluator,definition-present,unknown,2,0,unknown,fd-com-kunzisoft-keepass-libre-evidence.json#/rows/9,False,unknown
fd-com-kunzisoft-keepass-libre,862f87a30baef06181f049adf7c460611605b25a807eaf3c25841a9dd84bed9e,direct-framework-reference,,android/animation/FloatEvaluator,definition-present,unknown,2,0,unknown,fd-com-kunzisoft-keepass-libre-evidence.json#/rows/10,False,unknown
fd-com-kunzisoft-keepass-libre,862f87a30baef06181f049adf7c460611605b25a807eaf3c25841a9dd84bed9e,direct-framework-reference,,android/animation/Keyframe,definition-present,unknown,5,0,unknown,fd-com-kunzisoft-keepass-libre-evidence.json#/rows/11,False,unknown
fd-com-kunzisoft-keepass-libre,862f87a30baef06181f049adf7c460611605b25a807eaf3c25841a9dd84bed9e,direct-framework-reference,,android/animation/LayoutTransition,definition-present,unknown,4,0,unknown,fd-com-kunzisoft-keepass-libre-evidence.json#/rows/12,False,unknown
fd-com-kunzisoft-keepass-libre,862f87a30baef06181f049adf7c460611605b25a807eaf3c25841a9dd84bed9e,direct-framework-reference,,android/animation/ObjectAnimator,definition-present,unknown,66,0,unknown,fd-com-kunzisoft-keepass-libre-evidence.json#/rows/13,False,unknown
fd-com-kunzisoft-keepass-libre,862f87a30baef06181f049adf7c460611605b25a807eaf3c25841a9dd84bed9e,direct-framework-reference,,android/animation/PropertyValuesHolder,definition-present,unknown,22,0,unknown,fd-com-kunzisoft-keepass-libre-evidence.json#/rows/14,False,unknown
fd-com-kunzisoft-keepass-libre,862f87a30baef06181f049adf7c460611605b25a807eaf3c25841a9dd84bed9e,direct-framework-reference,,android/animation/StateListAnimator,definition-present,unknown,6,0,unknown,fd-com-kunzisoft-keepass-libre-evidence.json#/rows/15,False,unknown
fd-com-kunzisoft-keepass-libre,862f87a30baef06181f049adf7c460611605b25a807eaf3c25841a9dd84bed9e,direct-framework-reference,,android/animation/TimeInterpolator,definition-present,yes-static,130,2,unknown,fd-com-kunzisoft-keepass-libre-evidence.json#/rows/16,False,unknown
fd-com-kunzisoft-keepass-libre,862f87a30baef06181f049adf7c460611605b25a807eaf3c25841a9dd84bed9e,direct-framework-reference,,android/animation/TypeConverter,definition-present,unknown,4,0,unknown,fd-com-kunzisoft-keepass-libre-evidence.json#/rows/17,False,unknown
fd-com-kunzisoft-keepass-libre,862f87a30baef06181f049adf7c460611605b25a807eaf3c25841a9dd84bed9e,direct-framework-reference,,android/animation/TypeEvaluator,definition-present,unknown,15,0,unknown,fd-com-kunzisoft-keepass-libre-evidence.json#/rows/18,False,unknown
fd-com-kunzisoft-keepass-libre,862f87a30baef06181f049adf7c460611605b25a807eaf3c25841a9dd84bed9e,direct-framework-reference,,android/animation/ValueAnimator,definition-present,yes-static,221,1,unknown,fd-com-kunzisoft-keepass-libre-evidence.json#/rows/19,False,unknown
fd-com-kunzisoft-keepass-libre,862f87a30baef06181f049adf7c460611605b25a807eaf3c25841a9dd84bed9e,direct-framework-reference,,android/animation/ValueAnimator$AnimatorUpdateListener,definition-present,yes-static,2,1,unknown,fd-com-kunzisoft-keepass-libre-evidence.json#/rows/20,False,unknown
fd-com-kunzisoft-keepass-libre,862f87a30baef06181f049adf7c460611605b25a807eaf3c25841a9dd84bed9e,direct-framework-reference,,android/app/ActionBar,definition-present,unknown,10,0,unknown,fd-com-kunzisoft-keepass-libre-evidence.json#/rows/21,False,unknown
fd-com-kunzisoft-keepass-libre,862f87a30baef06181f049adf7c460611605b25a807eaf3c25841a9dd84bed9e,direct-framework-reference,,android/app/Activity,definition-present,yes-static,405,39,unknown,fd-com-kunzisoft-keepass-libre-evidence.json#/rows/22,False,unknown
fd-com-kunzisoft-keepass-libre,862f87a30baef06181f049adf7c460611605b25a807eaf3c25841a9dd84bed9e,direct-framework-reference,,android/app/ActivityManager,definition-present,unknown,7,0,unknown,fd-com-kunzisoft-keepass-libre-evidence.json#/rows/23,False,unknown
fd-com-kunzisoft-keepass-libre,862f87a30baef06181f049adf7c460611605b25a807eaf3c25841a9dd84bed9e,direct-framework-reference,,android/app/ActivityManager$MemoryInfo,definition-present,unknown,1,0,unknown,fd-com-kunzisoft-keepass-libre-evidence.json#/rows/24,False,unknown
fd-com-kunzisoft-keepass-libre,862f87a30baef06181f049adf7c460611605b25a807eaf3c25841a9dd84bed9e,direct-framework-reference,,android/app/ActivityOptions,definition-present,unknown,25,0,unknown,fd-com-kunzisoft-keepass-libre-evidence.json#/rows/25,False,unknown
fd-com-kunzisoft-keepass-libre,862f87a30baef06181f049adf7c460611605b25a807eaf3c25841a9dd84bed9e,direct-framework-reference,,android/app/AlarmManager,definition-present,unknown,15,0,unknown,fd-com-kunzisoft-keepass-libre-evidence.json#/rows/26,False,unknown
fd-com-kunzisoft-keepass-libre,862f87a30baef06181f049adf7c460611605b25a807eaf3c25841a9dd84bed9e,direct-framework-reference,,android/app/AlarmManager$AlarmClockInfo,definition-present,unknown,3,0,unknown,fd-com-kunzisoft-keepass-libre-evidence.json#/rows/27,False,unknown
fd-com-kunzisoft-keepass-libre,862f87a30baef06181f049adf7c460611605b25a807eaf3c25841a9dd84bed9e,direct-framework-reference,,android/app/AlertDialog,definition-present,unknown,1,0,unknown,fd-com-kunzisoft-keepass-libre-evidence.json#/rows/28,False,unknown
fd-com-kunzisoft-keepass-libre,862f87a30baef06181f049adf7c460611605b25a807eaf3c25841a9dd84bed9e,direct-framework-reference,,android/app/AlertDialog$Builder,definition-present,unknown,3,0,unknown,fd-com-kunzisoft-keepass-libre-evidence.json#/rows/29,False,unknown
fd-com-kunzisoft-keepass-libre,862f87a30baef06181f049adf7c460611605b25a807eaf3c25841a9dd84bed9e,direct-framework-reference,,android/app/AppComponentFactory,definition-present,unknown,7,0,unknown,fd-com-kunzisoft-keepass-libre-evidence.json#/rows/30,False,unknown
fd-com-kunzisoft-keepass-libre,862f87a30baef06181f049adf7c460611605b25a807eaf3c25841a9dd84bed9e,direct-framework-reference,,android/app/AppOpsManager,definition-present,unknown,14,0,unknown,fd-com-kunzisoft-keepass-libre-evidence.json#/rows/31,False,unknown
fd-com-kunzisoft-keepass-libre,862f87a30baef06181f049adf7c460611605b25a807eaf3c25841a9dd84bed9e,direct-framework-reference,,android/app/Application,definition-present,yes-static,100,6,unknown,fd-com-kunzisoft-keepass-libre-evidence.json#/rows/32,False,unknown
fd-com-kunzisoft-keepass-libre,862f87a30baef06181f049adf7c460611605b25a807eaf3c25841a9dd84bed9e,direct-framework-reference,,android/app/Application$ActivityLifecycleCallbacks,definition-present,yes-static,4,3,unknown,fd-com-kunzisoft-keepass-libre-evidence.json#/rows/33,False,unknown
fd-com-kunzisoft-keepass-libre,862f87a30baef06181f049adf7c460611605b25a807eaf3c25841a9dd84bed9e,direct-framework-reference,,android/app/DatePickerDialog,definition-present,unknown,2,0,unknown,fd-com-kunzisoft-keepass-libre-evidence.json#/rows/34,False,unknown
fd-com-kunzisoft-keepass-libre,862f87a30baef06181f049adf7c460611605b25a807eaf3c25841a9dd84bed9e,direct-framework-reference,,android/app/DatePickerDialog$OnDateSetListener,definition-present,unknown,3,0,unknown,fd-com-kunzisoft-keepass-libre-evidence.json#/rows/35,False,unknown
fd-com-kunzisoft-keepass-libre,862f87a30baef06181f049adf7c460611605b25a807eaf3c25841a9dd84bed9e,direct-framework-reference,,android/app/Dialog,definition-present,yes-static,97,3,unknown,fd-com-kunzisoft-keepass-libre-evidence.json#/rows/36,False,unknown
fd-com-kunzisoft-keepass-libre,862f87a30baef06181f049adf7c460611605b25a807eaf3c25841a9dd84bed9e,direct-framework-reference,,android/app/DialogFragment,definition-present,unknown,5,0,unknown,fd-com-kunzisoft-keepass-libre-evidence.json#/rows/37,False,unknown
fd-com-kunzisoft-keepass-libre,862f87a30baef06181f049adf7c460611605b25a807eaf3c25841a9dd84bed9e,direct-framework-reference,,android/app/DownloadManager,definition-present,unknown,1,0,unknown,fd-com-kunzisoft-keepass-libre-evidence.json#/rows/38,False,unknown
fd-com-kunzisoft-keepass-libre,862f87a30baef06181f049adf7c460611605b25a807eaf3c25841a9dd84bed9e,direct-framework-reference,,android/app/Fragment,definition-present,yes-static,21,2,unknown,fd-com-kunzisoft-keepass-libre-evidence.json#/rows/39,False,unknown
fd-com-kunzisoft-keepass-libre,862f87a30baef06181f049adf7c460611605b25a807eaf3c25841a9dd84bed9e,direct-framework-reference,,android/app/FragmentManager,definition-present,yes-static,3,1,unknown,fd-com-kunzisoft-keepass-libre-evidence.json#/rows/40,False,unknown
fd-com-kunzisoft-keepass-libre,862f87a30baef06181f049adf7c460611605b25a807eaf3c25841a9dd84bed9e,direct-framework-reference,,android/app/FragmentTransaction,definition-present,yes-static,1,1,unknown,fd-com-kunzisoft-keepass-libre-evidence.json#/rows/41,False,unknown
fd-com-kunzisoft-keepass-libre,862f87a30baef06181f049adf7c460611605b25a807eaf3c25841a9dd84bed9e,direct-framework-reference,,android/app/KeyguardManager,definition-present,unknown,13,0,unknown,fd-com-kunzisoft-keepass-libre-evidence.json#/rows/42,False,unknown
fd-com-kunzisoft-keepass-libre,862f87a30baef06181f049adf7c460611605b25a807eaf3c25841a9dd84bed9e,direct-framework-reference,,android/app/LocaleManager,definition-present,unknown,3,0,unknown,fd-com-kunzisoft-keepass-libre-evidence.json#/rows/43,False,unknown
fd-com-kunzisoft-keepass-libre,862f87a30baef06181f049adf7c460611605b25a807eaf3c25841a9dd84bed9e,direct-framework-reference,,android/app/Notification,definition-present,unknown,107,0,unknown,fd-com-kunzisoft-keepass-libre-evidence.json#/rows/44,False,unknown
fd-com-kunzisoft-keepass-libre,862f87a30baef06181f049adf7c460611605b25a807eaf3c25841a9dd84bed9e,direct-framework-reference,,android/app/Notification$Action,definition-present,unknown,30,0,unknown,fd-com-kunzisoft-keepass-libre-evidence.json#/rows/45,False,unknown
fd-com-kunzisoft-keepass-libre,862f87a30baef06181f049adf7c460611605b25a807eaf3c25841a9dd84bed9e,direct-framework-reference,,android/app/Notification$Action$Builder,definition-present,unknown,26,0,unknown,fd-com-kunzisoft-keepass-libre-evidence.json#/rows/46,False,unknown
fd-com-kunzisoft-keepass-libre,862f87a30baef06181f049adf7c460611605b25a807eaf3c25841a9dd84bed9e,direct-framework-reference,,android/app/Notification$BigPictureStyle,definition-present,unknown,11,0,unknown,fd-com-kunzisoft-keepass-libre-evidence.json#/rows/47,False,unknown
fd-com-kunzisoft-keepass-libre,862f87a30baef06181f049adf7c460611605b25a807eaf3c25841a9dd84bed9e,direct-framework-reference,,android/app/Notification$BigTextStyle,definition-present,unknown,10,0,unknown,fd-com-kunzisoft-keepass-libre-evidence.json#/rows/48,False,unknown
fd-com-kunzisoft-keepass-libre,862f87a30baef06181f049adf7c460611605b25a807eaf3c25841a9dd84bed9e,direct-framework-reference,,android/app/Notification$BubbleMetadata,definition-present,unknown,10,0,unknown,fd-com-kunzisoft-keepass-libre-evidence.json#/rows/49,False,unknown
fd-com-kunzisoft-keepass-libre,862f87a30baef06181f049adf7c460611605b25a807eaf3c25841a9dd84bed9e,direct-framework-reference,,android/app/Notification$BubbleMetadata$Builder,definition-present,unknown,2,0,unknown,fd-com-kunzisoft-keepass-libre-evidence.json#/rows/50,False,unknown
fd-com-kunzisoft-keepass-libre,862f87a30baef06181f049adf7c460611605b25a807eaf3c25841a9dd84bed9e,direct-framework-reference,,android/app/Notification$Builder,definition-present,unknown,69,0,unknown,fd-com-kunzisoft-keepass-libre-evidence.json#/rows/51,False,unknown
fd-com-kunzisoft-keepass-libre,862f87a30baef06181f049adf7c460611605b25a807eaf3c25841a9dd84bed9e,direct-framework-reference,,android/app/Notification$CallStyle,definition-present,unknown,11,0,unknown,fd-com-kunzisoft-keepass-libre-evidence.json#/rows/52,False,unknown
fd-com-kunzisoft-keepass-libre,862f87a30baef06181f049adf7c460611605b25a807eaf3c25841a9dd84bed9e,direct-framework-reference,,android/app/Notification$DecoratedCustomViewStyle,definition-present,unknown,3,0,unknown,fd-com-kunzisoft-keepass-libre-evidence.json#/rows/53,False,unknown
fd-com-kunzisoft-keepass-libre,862f87a30baef06181f049adf7c460611605b25a807eaf3c25841a9dd84bed9e,direct-framework-reference,,android/app/Notification$DecoratedMediaCustomViewStyle,definition-present,unknown,2,0,unknown,fd-com-kunzisoft-keepass-libre-evidence.json#/rows/54,False,unknown
fd-com-kunzisoft-keepass-libre,862f87a30baef06181f049adf7c460611605b25a807eaf3c25841a9dd84bed9e,direct-framework-reference,,android/app/Notification$InboxStyle,definition-present,unknown,6,0,unknown,fd-com-kunzisoft-keepass-libre-evidence.json#/rows/55,False,unknown
fd-com-kunzisoft-keepass-libre,862f87a30baef06181f049adf7c460611605b25a807eaf3c25841a9dd84bed9e,direct-framework-reference,,android/app/Notification$MediaStyle,definition-present,unknown,6,0,unknown,fd-com-kunzisoft-keepass-libre-evidence.json#/rows/56,False,unknown
fd-com-kunzisoft-keepass-libre,862f87a30baef06181f049adf7c460611605b25a807eaf3c25841a9dd84bed9e,direct-framework-reference,,android/app/Notification$MessagingStyle,definition-present,unknown,9,0,unknown,fd-com-kunzisoft-keepass-libre-evidence.json#/rows/57,False,unknown
fd-com-kunzisoft-keepass-libre,862f87a30baef06181f049adf7c460611605b25a807eaf3c25841a9dd84bed9e,direct-framework-reference,,android/app/Notification$MessagingStyle$Message,definition-present,unknown,7,0,unknown,fd-com-kunzisoft-keepass-libre-evidence.json#/rows/58,False,unknown
fd-com-kunzisoft-keepass-libre,862f87a30baef06181f049adf7c460611605b25a807eaf3c25841a9dd84bed9e,direct-framework-reference,,android/app/Notification$Style,definition-present,unknown,4,0,unknown,fd-com-kunzisoft-keepass-libre-evidence.json#/rows/59,False,unknown
fd-com-kunzisoft-keepass-libre,862f87a30baef06181f049adf7c460611605b25a807eaf3c25841a9dd84bed9e,direct-framework-reference,,android/app/NotificationChannel,definition-present,unknown,50,0,unknown,fd-com-kunzisoft-keepass-libre-evidence.json#/rows/60,False,unknown
fd-com-kunzisoft-keepass-libre,862f87a30baef06181f049adf7c460611605b25a807eaf3c25841a9dd84bed9e,direct-framework-reference,,android/app/NotificationChannelGroup,definition-present,unknown,20,0,unknown,fd-com-kunzisoft-keepass-libre-evidence.json#/rows/61,False,unknown
fd-com-kunzisoft-keepass-libre,862f87a30baef06181f049adf7c460611605b25a807eaf3c25841a9dd84bed9e,direct-framework-reference,,android/app/NotificationManager,definition-present,unknown,35,0,unknown,fd-com-kunzisoft-keepass-libre-evidence.json#/rows/62,False,unknown
fd-com-kunzisoft-keepass-libre,862f87a30baef06181f049adf7c460611605b25a807eaf3c25841a9dd84bed9e,direct-framework-reference,,android/app/PendingIntent,definition-present,unknown,242,0,unknown,fd-com-kunzisoft-keepass-libre-evidence.json#/rows/63,False,unknown
fd-com-kunzisoft-keepass-libre,862f87a30baef06181f049adf7c460611605b25a807eaf3c25841a9dd84bed9e,direct-framework-reference,,android/app/Person,definition-present,unknown,24,0,unknown,fd-com-kunzisoft-keepass-libre-evidence.json#/rows/64,False,unknown
fd-com-kunzisoft-keepass-libre,862f87a30baef06181f049adf7c460611605b25a807eaf3c25841a9dd84bed9e,direct-framework-reference,,android/app/Person$Builder,definition-present,unknown,1,0,unknown,fd-com-kunzisoft-keepass-libre-evidence.json#/rows/65,False,unknown
fd-com-kunzisoft-keepass-libre,862f87a30baef06181f049adf7c460611605b25a807eaf3c25841a9dd84bed9e,direct-framework-reference,,android/app/PictureInPictureParams,definition-present,unknown,1,0,unknown,fd-com-kunzisoft-keepass-libre-evidence.json#/rows/66,False,unknown
fd-com-kunzisoft-keepass-libre,862f87a30baef06181f049adf7c460611605b25a807eaf3c25841a9dd84bed9e,direct-framework-reference,,android/app/PictureInPictureParams$Builder,definition-present,unknown,1,0,unknown,fd-com-kunzisoft-keepass-libre-evidence.json#/rows/67,False,unknown
fd-com-kunzisoft-keepass-libre,862f87a30baef06181f049adf7c460611605b25a807eaf3c25841a9dd84bed9e,direct-framework-reference,,android/app/RemoteAction,definition-present,unknown,11,0,unknown,fd-com-kunzisoft-keepass-libre-evidence.json#/rows/68,False,unknown
fd-com-kunzisoft-keepass-libre,862f87a30baef06181f049adf7c460611605b25a807eaf3c25841a9dd84bed9e,direct-framework-reference,,android/app/RemoteInput,definition-present,unknown,39,0,unknown,fd-com-kunzisoft-keepass-libre-evidence.json#/rows/69,False,unknown
fd-com-kunzisoft-keepass-libre,862f87a30baef06181f049adf7c460611605b25a807eaf3c25841a9dd84bed9e,direct-framework-reference,,android/app/RemoteInput$Builder,definition-present,unknown,10,0,unknown,fd-com-kunzisoft-keepass-libre-evidence.json#/rows/70,False,unknown
fd-com-kunzisoft-keepass-libre,862f87a30baef06181f049adf7c460611605b25a807eaf3c25841a9dd84bed9e,direct-framework-reference,,android/app/SearchManager,definition-present,unknown,1,0,unknown,fd-com-kunzisoft-keepass-libre-evidence.json#/rows/71,False,unknown
fd-com-kunzisoft-keepass-libre,862f87a30baef06181f049adf7c460611605b25a807eaf3c25841a9dd84bed9e,direct-framework-reference,,android/app/SearchableInfo,definition-present,unknown,17,0,unknown,fd-com-kunzisoft-keepass-libre-evidence.json#/rows/72,False,unknown
fd-com-kunzisoft-keepass-libre,862f87a30baef06181f049adf7c460611605b25a807eaf3c25841a9dd84bed9e,direct-framework-reference,,android/app/Service,definition-present,unknown,26,0,unknown,fd-com-kunzisoft-keepass-libre-evidence.json#/rows/73,False,unknown
fd-com-kunzisoft-keepass-libre,862f87a30baef06181f049adf7c460611605b25a807eaf3c25841a9dd84bed9e,direct-framework-reference,,android/app/SharedElementCallback,definition-present,unknown,8,0,unknown,fd-com-kunzisoft-keepass-libre-evidence.json#/rows/74,False,unknown
fd-com-kunzisoft-keepass-libre,862f87a30baef06181f049adf7c460611605b25a807eaf3c25841a9dd84bed9e,direct-framework-reference,,android/app/SharedElementCallback$OnSharedElementsReadyListener,definition-present,unknown,4,0,unknown,fd-com-kunzisoft-keepass-libre-evidence.json#/rows/75,False,unknown
fd-com-kunzisoft-keepass-libre,862f87a30baef06181f049adf7c460611605b25a807eaf3c25841a9dd84bed9e,direct-framework-reference,,android/app/UiModeManager,definition-present,yes-static,3,1,unknown,fd-com-kunzisoft-keepass-libre-evidence.json#/rows/76,False,unknown
fd-com-kunzisoft-keepass-libre,862f87a30baef06181f049adf7c460611605b25a807eaf3c25841a9dd84bed9e,direct-framework-reference,,android/app/WallpaperManager,definition-present,unknown,1,0,unknown,fd-com-kunzisoft-keepass-libre-evidence.json#/rows/77,False,unknown
fd-com-kunzisoft-keepass-libre,862f87a30baef06181f049adf7c460611605b25a807eaf3c25841a9dd84bed9e,direct-framework-reference,,android/app/admin/DevicePolicyManager,definition-present,unknown,1,0,unknown,fd-com-kunzisoft-keepass-libre-evidence.json#/rows/78,False,unknown
fd-com-kunzisoft-keepass-libre,862f87a30baef06181f049adf7c460611605b25a807eaf3c25841a9dd84bed9e,direct-framework-reference,,android/app/assist/AssistStructure,definition-present,unknown,25,0,unknown,fd-com-kunzisoft-keepass-libre-evidence.json#/rows/79,False,unknown
fd-com-kunzisoft-keepass-libre,862f87a30baef06181f049adf7c460611605b25a807eaf3c25841a9dd84bed9e,direct-framework-reference,,android/app/assist/AssistStructure$ViewNode,definition-present,unknown,21,0,unknown,fd-com-kunzisoft-keepass-libre-evidence.json#/rows/80,False,unknown
fd-com-kunzisoft-keepass-libre,862f87a30baef06181f049adf7c460611605b25a807eaf3c25841a9dd84bed9e,direct-framework-reference,,android/app/assist/AssistStructure$WindowNode,definition-present,unknown,4,0,unknown,fd-com-kunzisoft-keepass-libre-evidence.json#/rows/81,False,unknown
fd-com-kunzisoft-keepass-libre,862f87a30baef06181f049adf7c460611605b25a807eaf3c25841a9dd84bed9e,direct-framework-reference,,android/app/backup/BackupAgentHelper,definition-present,unknown,1,0,unknown,fd-com-kunzisoft-keepass-libre-evidence.json#/rows/82,False,unknown
fd-com-kunzisoft-keepass-libre,862f87a30baef06181f049adf7c460611605b25a807eaf3c25841a9dd84bed9e,direct-framework-reference,,android/app/backup/BackupHelper,definition-present,unknown,1,0,unknown,fd-com-kunzisoft-keepass-libre-evidence.json#/rows/83,False,unknown
fd-com-kunzisoft-keepass-libre,862f87a30baef06181f049adf7c460611605b25a807eaf3c25841a9dd84bed9e,direct-framework-reference,,android/app/backup/BackupManager,definition-present,unknown,3,0,unknown,fd-com-kunzisoft-keepass-libre-evidence.json#/rows/84,False,unknown
fd-com-kunzisoft-keepass-libre,862f87a30baef06181f049adf7c460611605b25a807eaf3c25841a9dd84bed9e,direct-framework-reference,,android/app/backup/SharedPreferencesBackupHelper,definition-present,unknown,1,0,unknown,fd-com-kunzisoft-keepass-libre-evidence.json#/rows/85,False,unknown
fd-com-kunzisoft-keepass-libre,862f87a30baef06181f049adf7c460611605b25a807eaf3c25841a9dd84bed9e,direct-framework-reference,,android/app/job/JobInfo,definition-present,unknown,4,0,unknown,fd-com-kunzisoft-keepass-libre-evidence.json#/rows/86,False,unknown
fd-com-kunzisoft-keepass-libre,862f87a30baef06181f049adf7c460611605b25a807eaf3c25841a9dd84bed9e,direct-framework-reference,,android/app/job/JobInfo$Builder,definition-present,unknown,3,0,unknown,fd-com-kunzisoft-keepass-libre-evidence.json#/rows/87,False,unknown
fd-com-kunzisoft-keepass-libre,862f87a30baef06181f049adf7c460611605b25a807eaf3c25841a9dd84bed9e,direct-framework-reference,,android/app/job/JobParameters,definition-present,unknown,6,0,unknown,fd-com-kunzisoft-keepass-libre-evidence.json#/rows/88,False,unknown
fd-com-kunzisoft-keepass-libre,862f87a30baef06181f049adf7c460611605b25a807eaf3c25841a9dd84bed9e,direct-framework-reference,,android/app/job/JobScheduler,definition-present,unknown,5,0,unknown,fd-com-kunzisoft-keepass-libre-evidence.json#/rows/89,False,unknown
fd-com-kunzisoft-keepass-libre,862f87a30baef06181f049adf7c460611605b25a807eaf3c25841a9dd84bed9e,direct-framework-reference,,android/app/job/JobServiceEngine,definition-present,unknown,1,0,unknown,fd-com-kunzisoft-keepass-libre-evidence.json#/rows/90,False,unknown
fd-com-kunzisoft-keepass-libre,862f87a30baef06181f049adf7c460611605b25a807eaf3c25841a9dd84bed9e,direct-framework-reference,,android/app/job/JobWorkItem,definition-present,unknown,9,0,unknown,fd-com-kunzisoft-keepass-libre-evidence.json#/rows/91,False,unknown
fd-com-kunzisoft-keepass-libre,862f87a30baef06181f049adf7c460611605b25a807eaf3c25841a9dd84bed9e,direct-framework-reference,,android/app/slice/Slice,definition-present,unknown,72,0,unknown,fd-com-kunzisoft-keepass-libre-evidence.json#/rows/92,False,unknown
fd-com-kunzisoft-keepass-libre,862f87a30baef06181f049adf7c460611605b25a807eaf3c25841a9dd84bed9e,direct-framework-reference,,android/app/slice/Slice$Builder,definition-present,unknown,14,0,unknown,fd-com-kunzisoft-keepass-libre-evidence.json#/rows/93,False,unknown
fd-com-kunzisoft-keepass-libre,862f87a30baef06181f049adf7c460611605b25a807eaf3c25841a9dd84bed9e,direct-framework-reference,,android/app/slice/SliceItem,definition-present,unknown,16,0,unknown,fd-com-kunzisoft-keepass-libre-evidence.json#/rows/94,False,unknown
fd-com-kunzisoft-keepass-libre,862f87a30baef06181f049adf7c460611605b25a807eaf3c25841a9dd84bed9e,direct-framework-reference,,android/app/slice/SliceSpec,definition-present,unknown,13,0,unknown,fd-com-kunzisoft-keepass-libre-evidence.json#/rows/95,False,unknown
fd-com-kunzisoft-keepass-libre,862f87a30baef06181f049adf7c460611605b25a807eaf3c25841a9dd84bed9e,direct-framework-reference,,android/app/usage/UsageStatsManager,definition-present,unknown,1,0,unknown,fd-com-kunzisoft-keepass-libre-evidence.json#/rows/96,False,unknown
fd-com-kunzisoft-keepass-libre,862f87a30baef06181f049adf7c460611605b25a807eaf3c25841a9dd84bed9e,direct-framework-reference,,android/appwidget/AppWidgetManager,definition-present,unknown,1,0,unknown,fd-com-kunzisoft-keepass-libre-evidence.json#/rows/97,False,unknown
fd-com-kunzisoft-keepass-libre,862f87a30baef06181f049adf7c460611605b25a807eaf3c25841a9dd84bed9e,direct-framework-reference,,android/bluetooth/BluetoothManager,definition-absent,unknown,1,0,unresolvable-in-scanned-inputs,fd-com-kunzisoft-keepass-libre-evidence.json#/rows/98,False,unknown
fd-com-kunzisoft-keepass-libre,862f87a30baef06181f049adf7c460611605b25a807eaf3c25841a9dd84bed9e,direct-framework-reference,,android/content/BroadcastReceiver,definition-present,yes-static,32,3,unknown,fd-com-kunzisoft-keepass-libre-evidence.json#/rows/99,False,unknown
fd-com-kunzisoft-keepass-libre,862f87a30baef06181f049adf7c460611605b25a807eaf3c25841a9dd84bed9e,direct-framework-reference,,android/content/BroadcastReceiver$PendingResult,definition-present,unknown,3,0,unknown,fd-com-kunzisoft-keepass-libre-evidence.json#/rows/100,False,unknown
fd-com-kunzisoft-keepass-libre,862f87a30baef06181f049adf7c460611605b25a807eaf3c25841a9dd84bed9e,direct-framework-reference,,android/content/ClipData,definition-present,unknown,40,0,unknown,fd-com-kunzisoft-keepass-libre-evidence.json#/rows/101,False,unknown
fd-com-kunzisoft-keepass-libre,862f87a30baef06181f049adf7c460611605b25a807eaf3c25841a9dd84bed9e,direct-framework-reference,,android/content/ClipData$Item,definition-present,unknown,19,0,unknown,fd-com-kunzisoft-keepass-libre-evidence.json#/rows/102,False,unknown
fd-com-kunzisoft-keepass-libre,862f87a30baef06181f049adf7c460611605b25a807eaf3c25841a9dd84bed9e,direct-framework-reference,,android/content/ClipDescription,definition-present,unknown,17,0,unknown,fd-com-kunzisoft-keepass-libre-evidence.json#/rows/103,False,unknown
fd-com-kunzisoft-keepass-libre,862f87a30baef06181f049adf7c460611605b25a807eaf3c25841a9dd84bed9e,direct-framework-reference,,android/content/ClipboardManager,definition-present,unknown,8,0,unknown,fd-com-kunzisoft-keepass-libre-evidence.json#/rows/104,False,unknown
fd-com-kunzisoft-keepass-libre,862f87a30baef06181f049adf7c460611605b25a807eaf3c25841a9dd84bed9e,direct-framework-reference,,android/content/ComponentCallbacks,definition-present,unknown,2,0,unknown,fd-com-kunzisoft-keepass-libre-evidence.json#/rows/105,False,unknown
fd-com-kunzisoft-keepass-libre,862f87a30baef06181f049adf7c460611605b25a807eaf3c25841a9dd84bed9e,direct-framework-reference,,android/content/ComponentName,definition-present,yes-static,154,3,unknown,fd-com-kunzisoft-keepass-libre-evidence.json#/rows/106,False,unknown
fd-com-kunzisoft-keepass-libre,862f87a30baef06181f049adf7c460611605b25a807eaf3c25841a9dd84bed9e,direct-framework-reference,,android/content/ContentProvider,definition-present,yes-static,8,1,unknown,fd-com-kunzisoft-keepass-libre-evidence.json#/rows/107,False,unknown
fd-com-kunzisoft-keepass-libre,862f87a30baef06181f049adf7c460611605b25a807eaf3c25841a9dd84bed9e,direct-framework-reference,,android/content/ContentProviderClient,definition-present,unknown,1,0,unknown,fd-com-kunzisoft-keepass-libre-evidence.json#/rows/108,False,unknown
fd-com-kunzisoft-keepass-libre,862f87a30baef06181f049adf7c460611605b25a807eaf3c25841a9dd84bed9e,direct-framework-reference,,android/content/ContentResolver,definition-present,yes-static,86,6,unknown,fd-com-kunzisoft-keepass-libre-evidence.json#/rows/109,False,unknown
fd-com-kunzisoft-keepass-libre,862f87a30baef06181f049adf7c460611605b25a807eaf3c25841a9dd84bed9e,direct-framework-reference,,android/content/ContentUris,definition-present,yes-static,1,1,unknown,fd-com-kunzisoft-keepass-libre-evidence.json#/rows/110,False,unknown
fd-com-kunzisoft-keepass-libre,862f87a30baef06181f049adf7c460611605b25a807eaf3c25841a9dd84bed9e,direct-framework-reference,,android/content/ContentValues,definition-present,unknown,11,0,unknown,fd-com-kunzisoft-keepass-libre-evidence.json#/rows/111,False,unknown
fd-com-kunzisoft-keepass-libre,862f87a30baef06181f049adf7c460611605b25a807eaf3c25841a9dd84bed9e,direct-framework-reference,,android/content/Context,definition-present,yes-static,3696,244,unknown,fd-com-kunzisoft-keepass-libre-evidence.json#/rows/112,False,unknown
fd-com-kunzisoft-keepass-libre,862f87a30baef06181f049adf7c460611605b25a807eaf3c25841a9dd84bed9e,direct-framework-reference,,android/content/ContextWrapper,definition-present,yes-static,25,4,unknown,fd-com-kunzisoft-keepass-libre-evidence.json#/rows/113,False,unknown
fd-com-kunzisoft-keepass-libre,862f87a30baef06181f049adf7c460611605b25a807eaf3c25841a9dd84bed9e,direct-framework-reference,,android/content/DialogInterface,definition-present,unknown,151,0,unknown,fd-com-kunzisoft-keepass-libre-evidence.json#/rows/114,False,unknown
fd-com-kunzisoft-keepass-libre,862f87a30baef06181f049adf7c460611605b25a807eaf3c25841a9dd84bed9e,direct-framework-reference,,android/content/DialogInterface$OnCancelListener,definition-present,unknown,3,0,unknown,fd-com-kunzisoft-keepass-libre-evidence.json#/rows/115,False,unknown
fd-com-kunzisoft-keepass-libre,862f87a30baef06181f049adf7c460611605b25a807eaf3c25841a9dd84bed9e,direct-framework-reference,,android/content/DialogInterface$OnClickListener,definition-present,unknown,79,0,unknown,fd-com-kunzisoft-keepass-libre-evidence.json#/rows/116,False,unknown
fd-com-kunzisoft-keepass-libre,862f87a30baef06181f049adf7c460611605b25a807eaf3c25841a9dd84bed9e,direct-framework-reference,,android/content/DialogInterface$OnDismissListener,definition-present,unknown,5,0,unknown,fd-com-kunzisoft-keepass-libre-evidence.json#/rows/117,False,unknown
fd-com-kunzisoft-keepass-libre,862f87a30baef06181f049adf7c460611605b25a807eaf3c25841a9dd84bed9e,direct-framework-reference,,android/content/DialogInterface$OnKeyListener,definition-present,unknown,2,0,unknown,fd-com-kunzisoft-keepass-libre-evidence.json#/rows/118,False,unknown
fd-com-kunzisoft-keepass-libre,862f87a30baef06181f049adf7c460611605b25a807eaf3c25841a9dd84bed9e,direct-framework-reference,,android/content/DialogInterface$OnMultiChoiceClickListener,definition-present,unknown,9,0,unknown,fd-com-kunzisoft-keepass-libre-evidence.json#/rows/119,False,unknown
fd-com-kunzisoft-keepass-libre,862f87a30baef06181f049adf7c460611605b25a807eaf3c25841a9dd84bed9e,direct-framework-reference,,android/content/Intent,definition-present,yes-static,837,10,unknown,fd-com-kunzisoft-keepass-libre-evidence.json#/rows/120,False,unknown
fd-com-kunzisoft-keepass-libre,862f87a30baef06181f049adf7c460611605b25a807eaf3c25841a9dd84bed9e,direct-framework-reference,,android/content/Intent$ShortcutIconResource,definition-present,unknown,1,0,unknown,fd-com-kunzisoft-keepass-libre-evidence.json#/rows/121,False,unknown
fd-com-kunzisoft-keepass-libre,862f87a30baef06181f049adf7c460611605b25a807eaf3c25841a9dd84bed9e,direct-framework-reference,,android/content/IntentFilter,definition-present,yes-static,15,1,unknown,fd-com-kunzisoft-keepass-libre-evidence.json#/rows/122,False,unknown
fd-com-kunzisoft-keepass-libre,862f87a30baef06181f049adf7c460611605b25a807eaf3c25841a9dd84bed9e,direct-framework-reference,,android/content/IntentSender,definition-present,unknown,29,0,unknown,fd-com-kunzisoft-keepass-libre-evidence.json#/rows/123,False,unknown
fd-com-kunzisoft-keepass-libre,862f87a30baef06181f049adf7c460611605b25a807eaf3c25841a9dd84bed9e,direct-framework-reference,,android/content/IntentSender$OnFinished,definition-present,unknown,1,0,unknown,fd-com-kunzisoft-keepass-libre-evidence.json#/rows/124,False,unknown
fd-com-kunzisoft-keepass-libre,862f87a30baef06181f049adf7c460611605b25a807eaf3c25841a9dd84bed9e,direct-framework-reference,,android/content/IntentSender$SendIntentException,definition-present,unknown,3,0,unknown,fd-com-kunzisoft-keepass-libre-evidence.json#/rows/125,False,unknown
fd-com-kunzisoft-keepass-libre,862f87a30baef06181f049adf7c460611605b25a807eaf3c25841a9dd84bed9e,direct-framework-reference,,android/content/LocusId,definition-present,unknown,9,0,unknown,fd-com-kunzisoft-keepass-libre-evidence.json#/rows/126,False,unknown
fd-com-kunzisoft-keepass-libre,862f87a30baef06181f049adf7c460611605b25a807eaf3c25841a9dd84bed9e,direct-framework-reference,,android/content/RestrictionsManager,definition-present,unknown,1,0,unknown,fd-com-kunzisoft-keepass-libre-evidence.json#/rows/127,False,unknown
fd-com-kunzisoft-keepass-libre,862f87a30baef06181f049adf7c460611605b25a807eaf3c25841a9dd84bed9e,direct-framework-reference,,android/content/ServiceConnection,definition-present,unknown,21,0,unknown,fd-com-kunzisoft-keepass-libre-evidence.json#/rows/128,False,unknown
fd-com-kunzisoft-keepass-libre,862f87a30baef06181f049adf7c460611605b25a807eaf3c25841a9dd84bed9e,direct-framework-reference,,android/content/SharedPreferences,definition-present,yes-static,159,15,unknown,fd-com-kunzisoft-keepass-libre-evidence.json#/rows/129,False,unknown
fd-com-kunzisoft-keepass-libre,862f87a30baef06181f049adf7c460611605b25a807eaf3c25841a9dd84bed9e,direct-framework-reference,,android/content/SharedPreferences$Editor,definition-present,yes-static,45,2,unknown,fd-com-kunzisoft-keepass-libre-evidence.json#/rows/130,False,unknown
fd-com-kunzisoft-keepass-libre,862f87a30baef06181f049adf7c460611605b25a807eaf3c25841a9dd84bed9e,direct-framework-reference,,android/content/UriMatcher,definition-present,unknown,4,0,unknown,fd-com-kunzisoft-keepass-libre-evidence.json#/rows/131,False,unknown
fd-com-kunzisoft-keepass-libre,862f87a30baef06181f049adf7c460611605b25a807eaf3c25841a9dd84bed9e,direct-framework-reference,,android/content/UriPermission,definition-present,yes-static,2,1,unknown,fd-com-kunzisoft-keepass-libre-evidence.json#/rows/132,False,unknown
fd-com-kunzisoft-keepass-libre,862f87a30baef06181f049adf7c460611605b25a807eaf3c25841a9dd84bed9e,direct-framework-reference,,android/content/pm/ActivityInfo,definition-present,yes-static,16,1,unknown,fd-com-kunzisoft-keepass-libre-evidence.json#/rows/133,False,unknown
fd-com-kunzisoft-keepass-libre,862f87a30baef06181f049adf7c460611605b25a807eaf3c25841a9dd84bed9e,direct-framework-reference,,android/content/pm/ApplicationInfo,definition-present,yes-static,22,4,unknown,fd-com-kunzisoft-keepass-libre-evidence.json#/rows/134,False,unknown
fd-com-kunzisoft-keepass-libre,862f87a30baef06181f049adf7c460611605b25a807eaf3c25841a9dd84bed9e,direct-framework-reference,,android/content/pm/LauncherApps,definition-present,unknown,1,0,unknown,fd-com-kunzisoft-keepass-libre-evidence.json#/rows/135,False,unknown
fd-com-kunzisoft-keepass-libre,862f87a30baef06181f049adf7c460611605b25a807eaf3c25841a9dd84bed9e,direct-framework-reference,,android/content/pm/PackageInfo,definition-present,yes-static,21,4,unknown,fd-com-kunzisoft-keepass-libre-evidence.json#/rows/136,False,unknown
fd-com-kunzisoft-keepass-libre,862f87a30baef06181f049adf7c460611605b25a807eaf3c25841a9dd84bed9e,direct-framework-reference,,android/content/pm/PackageManager,definition-present,yes-static,85,8,unknown,fd-com-kunzisoft-keepass-libre-evidence.json#/rows/137,False,unknown
fd-com-kunzisoft-keepass-libre,862f87a30baef06181f049adf7c460611605b25a807eaf3c25841a9dd84bed9e,direct-framework-reference,,android/content/pm/PackageManager$NameNotFoundException,definition-present,yes-static,2,1,unknown,fd-com-kunzisoft-keepass-libre-evidence.json#/rows/138,False,unknown
fd-com-kunzisoft-keepass-libre,862f87a30baef06181f049adf7c460611605b25a807eaf3c25841a9dd84bed9e,direct-framework-reference,,android/content/pm/PackageManager$PackageInfoFlags,definition-present,yes-static,4,3,unknown,fd-com-kunzisoft-keepass-libre-evidence.json#/rows/139,False,unknown
fd-com-kunzisoft-keepass-libre,862f87a30baef06181f049adf7c460611605b25a807eaf3c25841a9dd84bed9e,direct-framework-reference,,android/content/pm/PackageManager$ResolveInfoFlags,definition-present,unknown,4,0,unknown,fd-com-kunzisoft-keepass-libre-evidence.json#/rows/140,False,unknown
fd-com-kunzisoft-keepass-libre,862f87a30baef06181f049adf7c460611605b25a807eaf3c25841a9dd84bed9e,direct-framework-reference,,android/content/pm/PermissionInfo,definition-present,unknown,4,0,unknown,fd-com-kunzisoft-keepass-libre-evidence.json#/rows/141,False,unknown
fd-com-kunzisoft-keepass-libre,862f87a30baef06181f049adf7c460611605b25a807eaf3c25841a9dd84bed9e,direct-framework-reference,,android/content/pm/ProviderInfo,definition-present,yes-static,12,3,unknown,fd-com-kunzisoft-keepass-libre-evidence.json#/rows/142,False,unknown
fd-com-kunzisoft-keepass-libre,862f87a30baef06181f049adf7c460611605b25a807eaf3c25841a9dd84bed9e,direct-framework-reference,,android/content/pm/ResolveInfo,definition-present,unknown,32,0,unknown,fd-com-kunzisoft-keepass-libre-evidence.json#/rows/143,False,unknown
fd-com-kunzisoft-keepass-libre,862f87a30baef06181f049adf7c460611605b25a807eaf3c25841a9dd84bed9e,direct-framework-reference,,android/content/pm/ServiceInfo,definition-present,unknown,5,0,unknown,fd-com-kunzisoft-keepass-libre-evidence.json#/rows/144,False,unknown
fd-com-kunzisoft-keepass-libre,862f87a30baef06181f049adf7c460611605b25a807eaf3c25841a9dd84bed9e,direct-framework-reference,,android/content/pm/ShortcutInfo,definition-present,unknown,38,0,unknown,fd-com-kunzisoft-keepass-libre-evidence.json#/rows/145,False,unknown
fd-com-kunzisoft-keepass-libre,862f87a30baef06181f049adf7c460611605b25a807eaf3c25841a9dd84bed9e,direct-framework-reference,,android/content/pm/ShortcutInfo$Builder,definition-present,unknown,15,0,unknown,fd-com-kunzisoft-keepass-libre-evidence.json#/rows/146,False,unknown
fd-com-kunzisoft-keepass-libre,862f87a30baef06181f049adf7c460611605b25a807eaf3c25841a9dd84bed9e,direct-framework-reference,,android/content/pm/ShortcutManager,definition-present,unknown,42,0,unknown,fd-com-kunzisoft-keepass-libre-evidence.json#/rows/147,False,unknown
fd-com-kunzisoft-keepass-libre,862f87a30baef06181f049adf7c460611605b25a807eaf3c25841a9dd84bed9e,direct-framework-reference,,android/content/pm/Signature,definition-present,yes-static,17,2,unknown,fd-com-kunzisoft-keepass-libre-evidence.json#/rows/148,False,unknown
fd-com-kunzisoft-keepass-libre,862f87a30baef06181f049adf7c460611605b25a807eaf3c25841a9dd84bed9e,direct-framework-reference,,android/content/pm/SigningInfo,definition-present,unknown,31,0,unknown,fd-com-kunzisoft-keepass-libre-evidence.json#/rows/149,False,unknown
fd-com-kunzisoft-keepass-libre,862f87a30baef06181f049adf7c460611605b25a807eaf3c25841a9dd84bed9e,direct-framework-reference,,android/content/res/AssetFileDescriptor,definition-present,unknown,3,0,unknown,fd-com-kunzisoft-keepass-libre-evidence.json#/rows/150,False,unknown
fd-com-kunzisoft-keepass-libre,862f87a30baef06181f049adf7c460611605b25a807eaf3c25841a9dd84bed9e,direct-framework-reference,,android/content/res/AssetManager,definition-present,yes-static,18,2,unknown,fd-com-kunzisoft-keepass-libre-evidence.json#/rows/151,False,unknown
fd-com-kunzisoft-keepass-libre,862f87a30baef06181f049adf7c460611605b25a807eaf3c25841a9dd84bed9e,direct-framework-reference,,android/content/res/ColorStateList,definition-present,yes-static,544,42,unknown,fd-com-kunzisoft-keepass-libre-evidence.json#/rows/152,False,unknown
fd-com-kunzisoft-keepass-libre,862f87a30baef06181f049adf7c460611605b25a807eaf3c25841a9dd84bed9e,direct-framework-reference,,android/content/res/Configuration,definition-present,yes-static,107,20,unknown,fd-com-kunzisoft-keepass-libre-evidence.json#/rows/153,False,unknown
fd-com-kunzisoft-keepass-libre,862f87a30baef06181f049adf7c460611605b25a807eaf3c25841a9dd84bed9e,direct-framework-reference,,android/content/res/Resources,definition-present,yes-static,775,72,unknown,fd-com-kunzisoft-keepass-libre-evidence.json#/rows/154,False,unknown
fd-com-kunzisoft-keepass-libre,862f87a30baef06181f049adf7c460611605b25a807eaf3c25841a9dd84bed9e,direct-framework-reference,,android/content/res/Resources$NotFoundException,definition-present,yes-static,8,4,unknown,fd-com-kunzisoft-keepass-libre-evidence.json#/rows/155,False,unknown
fd-com-kunzisoft-keepass-libre,862f87a30baef06181f049adf7c460611605b25a807eaf3c25841a9dd84bed9e,direct-framework-reference,,android/content/res/Resources$Theme,definition-present,yes-static,184,19,unknown,fd-com-kunzisoft-keepass-libre-evidence.json#/rows/156,False,unknown
fd-com-kunzisoft-keepass-libre,862f87a30baef06181f049adf7c460611605b25a807eaf3c25841a9dd84bed9e,direct-framework-reference,,android/content/res/TypedArray,definition-present,yes-static,398,44,unknown,fd-com-kunzisoft-keepass-libre-evidence.json#/rows/157,False,unknown
fd-com-kunzisoft-keepass-libre,862f87a30baef06181f049adf7c460611605b25a807eaf3c25841a9dd84bed9e,direct-framework-reference,,android/content/res/XmlResourceParser,definition-present,yes-static,42,5,unknown,fd-com-kunzisoft-keepass-libre-evidence.json#/rows/158,False,unknown
fd-com-kunzisoft-keepass-libre,862f87a30baef06181f049adf7c460611605b25a807eaf3c25841a9dd84bed9e,direct-framework-reference,,android/content/res/loader/AssetsProvider,definition-present,yes-static,2,2,unknown,fd-com-kunzisoft-keepass-libre-evidence.json#/rows/159,False,unknown
fd-com-kunzisoft-keepass-libre,862f87a30baef06181f049adf7c460611605b25a807eaf3c25841a9dd84bed9e,direct-framework-reference,,android/content/res/loader/ResourcesLoader,definition-present,yes-static,3,3,unknown,fd-com-kunzisoft-keepass-libre-evidence.json#/rows/160,False,unknown
fd-com-kunzisoft-keepass-libre,862f87a30baef06181f049adf7c460611605b25a807eaf3c25841a9dd84bed9e,direct-framework-reference,,android/content/res/loader/ResourcesProvider,definition-present,yes-static,3,3,unknown,fd-com-kunzisoft-keepass-libre-evidence.json#/rows/161,False,unknown
fd-com-kunzisoft-keepass-libre,862f87a30baef06181f049adf7c460611605b25a807eaf3c25841a9dd84bed9e,direct-framework-reference,,android/credentials/ClearCredentialStateException,definition-present,unknown,3,0,unknown,fd-com-kunzisoft-keepass-libre-evidence.json#/rows/162,False,unknown
fd-com-kunzisoft-keepass-libre,862f87a30baef06181f049adf7c460611605b25a807eaf3c25841a9dd84bed9e,direct-framework-reference,,android/credentials/ClearCredentialStateRequest,definition-present,unknown,3,0,unknown,fd-com-kunzisoft-keepass-libre-evidence.json#/rows/163,False,unknown
fd-com-kunzisoft-keepass-libre,862f87a30baef06181f049adf7c460611605b25a807eaf3c25841a9dd84bed9e,direct-framework-reference,,android/credentials/CreateCredentialException,definition-present,unknown,10,0,unknown,fd-com-kunzisoft-keepass-libre-evidence.json#/rows/164,False,unknown
fd-com-kunzisoft-keepass-libre,862f87a30baef06181f049adf7c460611605b25a807eaf3c25841a9dd84bed9e,direct-framework-reference,,android/credentials/CreateCredentialRequest,definition-present,unknown,4,0,unknown,fd-com-kunzisoft-keepass-libre-evidence.json#/rows/165,False,unknown
fd-com-kunzisoft-keepass-libre,862f87a30baef06181f049adf7c460611605b25a807eaf3c25841a9dd84bed9e,direct-framework-reference,,android/credentials/CreateCredentialRequest$Builder,definition-present,unknown,6,0,unknown,fd-com-kunzisoft-keepass-libre-evidence.json#/rows/166,False,unknown
fd-com-kunzisoft-keepass-libre,862f87a30baef06181f049adf7c460611605b25a807eaf3c25841a9dd84bed9e,direct-framework-reference,,android/credentials/CreateCredentialResponse,definition-present,unknown,7,0,unknown,fd-com-kunzisoft-keepass-libre-evidence.json#/rows/167,False,unknown
fd-com-kunzisoft-keepass-libre,862f87a30baef06181f049adf7c460611605b25a807eaf3c25841a9dd84bed9e,direct-framework-reference,,android/credentials/Credential,definition-present,unknown,5,0,unknown,fd-com-kunzisoft-keepass-libre-evidence.json#/rows/168,False,unknown
fd-com-kunzisoft-keepass-libre,862f87a30baef06181f049adf7c460611605b25a807eaf3c25841a9dd84bed9e,direct-framework-reference,,android/credentials/CredentialManager,definition-present,unknown,14,0,unknown,fd-com-kunzisoft-keepass-libre-evidence.json#/rows/169,False,unknown
fd-com-kunzisoft-keepass-libre,862f87a30baef06181f049adf7c460611605b25a807eaf3c25841a9dd84bed9e,direct-framework-reference,,android/credentials/CredentialOption,definition-present,unknown,11,0,unknown,fd-com-kunzisoft-keepass-libre-evidence.json#/rows/170,False,unknown
fd-com-kunzisoft-keepass-libre,862f87a30baef06181f049adf7c460611605b25a807eaf3c25841a9dd84bed9e,direct-framework-reference,,android/credentials/CredentialOption$Builder,definition-present,unknown,4,0,unknown,fd-com-kunzisoft-keepass-libre-evidence.json#/rows/171,False,unknown
fd-com-kunzisoft-keepass-libre,862f87a30baef06181f049adf7c460611605b25a807eaf3c25841a9dd84bed9e,direct-framework-reference,,android/credentials/GetCredentialException,definition-present,unknown,14,0,unknown,fd-com-kunzisoft-keepass-libre-evidence.json#/rows/172,False,unknown
fd-com-kunzisoft-keepass-libre,862f87a30baef06181f049adf7c460611605b25a807eaf3c25841a9dd84bed9e,direct-framework-reference,,android/credentials/GetCredentialRequest,definition-present,unknown,6,0,unknown,fd-com-kunzisoft-keepass-libre-evidence.json#/rows/173,False,unknown
fd-com-kunzisoft-keepass-libre,862f87a30baef06181f049adf7c460611605b25a807eaf3c25841a9dd84bed9e,direct-framework-reference,,android/credentials/GetCredentialRequest$Builder,definition-present,unknown,5,0,unknown,fd-com-kunzisoft-keepass-libre-evidence.json#/rows/174,False,unknown
fd-com-kunzisoft-keepass-libre,862f87a30baef06181f049adf7c460611605b25a807eaf3c25841a9dd84bed9e,direct-framework-reference,,android/credentials/GetCredentialResponse,definition-present,unknown,10,0,unknown,fd-com-kunzisoft-keepass-libre-evidence.json#/rows/175,False,unknown
fd-com-kunzisoft-keepass-libre,862f87a30baef06181f049adf7c460611605b25a807eaf3c25841a9dd84bed9e,direct-framework-reference,,android/credentials/PrepareGetCredentialResponse,definition-present,unknown,12,0,unknown,fd-com-kunzisoft-keepass-libre-evidence.json#/rows/176,False,unknown
fd-com-kunzisoft-keepass-libre,862f87a30baef06181f049adf7c460611605b25a807eaf3c25841a9dd84bed9e,direct-framework-reference,,android/credentials/PrepareGetCredentialResponse$PendingGetCredentialHandle,definition-present,unknown,6,0,unknown,fd-com-kunzisoft-keepass-libre-evidence.json#/rows/177,False,unknown
fd-com-kunzisoft-keepass-libre,862f87a30baef06181f049adf7c460611605b25a807eaf3c25841a9dd84bed9e,direct-framework-reference,,android/database/AbstractWindowedCursor,definition-present,unknown,1,0,unknown,fd-com-kunzisoft-keepass-libre-evidence.json#/rows/178,False,unknown
fd-com-kunzisoft-keepass-libre,862f87a30baef06181f049adf7c460611605b25a807eaf3c25841a9dd84bed9e,direct-framework-reference,,android/database/CharArrayBuffer,definition-present,unknown,1,0,unknown,fd-com-kunzisoft-keepass-libre-evidence.json#/rows/179,False,unknown
fd-com-kunzisoft-keepass-libre,862f87a30baef06181f049adf7c460611605b25a807eaf3c25841a9dd84bed9e,direct-framework-reference,,android/database/ContentObserver,definition-present,unknown,12,0,unknown,fd-com-kunzisoft-keepass-libre-evidence.json#/rows/180,False,unknown
fd-com-kunzisoft-keepass-libre,862f87a30baef06181f049adf7c460611605b25a807eaf3c25841a9dd84bed9e,direct-framework-reference,,android/database/Cursor,definition-present,yes-static,189,8,unknown,fd-com-kunzisoft-keepass-libre-evidence.json#/rows/181,False,unknown
fd-com-kunzisoft-keepass-libre,862f87a30baef06181f049adf7c460611605b25a807eaf3c25841a9dd84bed9e,direct-framework-reference,,android/database/CursorWindow,definition-present,unknown,4,0,unknown,fd-com-kunzisoft-keepass-libre-evidence.json#/rows/182,False,unknown
fd-com-kunzisoft-keepass-libre,862f87a30baef06181f049adf7c460611605b25a807eaf3c25841a9dd84bed9e,direct-framework-reference,,android/database/CursorWrapper,definition-present,unknown,2,0,unknown,fd-com-kunzisoft-keepass-libre-evidence.json#/rows/183,False,unknown
fd-com-kunzisoft-keepass-libre,862f87a30baef06181f049adf7c460611605b25a807eaf3c25841a9dd84bed9e,direct-framework-reference,,android/database/DataSetObservable,definition-present,unknown,5,0,unknown,fd-com-kunzisoft-keepass-libre-evidence.json#/rows/184,False,unknown
fd-com-kunzisoft-keepass-libre,862f87a30baef06181f049adf7c460611605b25a807eaf3c25841a9dd84bed9e,direct-framework-reference,,android/database/DataSetObserver,definition-present,unknown,26,0,unknown,fd-com-kunzisoft-keepass-libre-evidence.json#/rows/185,False,unknown
fd-com-kunzisoft-keepass-libre,862f87a30baef06181f049adf7c460611605b25a807eaf3c25841a9dd84bed9e,direct-framework-reference,,android/database/DatabaseErrorHandler,definition-present,unknown,1,0,unknown,fd-com-kunzisoft-keepass-libre-evidence.json#/rows/186,False,unknown
fd-com-kunzisoft-keepass-libre,862f87a30baef06181f049adf7c460611605b25a807eaf3c25841a9dd84bed9e,direct-framework-reference,,android/database/MatrixCursor,definition-present,unknown,2,0,unknown,fd-com-kunzisoft-keepass-libre-evidence.json#/rows/187,False,unknown
fd-com-kunzisoft-keepass-libre,862f87a30baef06181f049adf7c460611605b25a807eaf3c25841a9dd84bed9e,direct-framework-reference,,android/database/Observable,definition-present,yes-static,1,1,unknown,fd-com-kunzisoft-keepass-libre-evidence.json#/rows/188,False,unknown
fd-com-kunzisoft-keepass-libre,862f87a30baef06181f049adf7c460611605b25a807eaf3c25841a9dd84bed9e,direct-framework-reference,,android/database/sqlite/SQLiteConstraintException,definition-present,unknown,12,0,unknown,fd-com-kunzisoft-keepass-libre-evidence.json#/rows/189,False,unknown
fd-com-kunzisoft-keepass-libre,862f87a30baef06181f049adf7c460611605b25a807eaf3c25841a9dd84bed9e,direct-framework-reference,,android/database/sqlite/SQLiteCursor,definition-present,unknown,5,0,unknown,fd-com-kunzisoft-keepass-libre-evidence.json#/rows/190,False,unknown
fd-com-kunzisoft-keepass-libre,862f87a30baef06181f049adf7c460611605b25a807eaf3c25841a9dd84bed9e,direct-framework-reference,,android/database/sqlite/SQLiteCursorDriver,definition-present,unknown,7,0,unknown,fd-com-kunzisoft-keepass-libre-evidence.json#/rows/191,False,unknown
fd-com-kunzisoft-keepass-libre,862f87a30baef06181f049adf7c460611605b25a807eaf3c25841a9dd84bed9e,direct-framework-reference,,android/database/sqlite/SQLiteDatabase,definition-present,unknown,65,0,unknown,fd-com-kunzisoft-keepass-libre-evidence.json#/rows/192,False,unknown
fd-com-kunzisoft-keepass-libre,862f87a30baef06181f049adf7c460611605b25a807eaf3c25841a9dd84bed9e,direct-framework-reference,,android/database/sqlite/SQLiteDatabase$CursorFactory,definition-present,unknown,4,0,unknown,fd-com-kunzisoft-keepass-libre-evidence.json#/rows/193,False,unknown
fd-com-kunzisoft-keepass-libre,862f87a30baef06181f049adf7c460611605b25a807eaf3c25841a9dd84bed9e,direct-framework-reference,,android/database/sqlite/SQLiteException,definition-present,unknown,2,0,unknown,fd-com-kunzisoft-keepass-libre-evidence.json#/rows/194,False,unknown
fd-com-kunzisoft-keepass-libre,862f87a30baef06181f049adf7c460611605b25a807eaf3c25841a9dd84bed9e,direct-framework-reference,,android/database/sqlite/SQLiteOpenHelper,definition-present,unknown,7,0,unknown,fd-com-kunzisoft-keepass-libre-evidence.json#/rows/195,False,unknown
fd-com-kunzisoft-keepass-libre,862f87a30baef06181f049adf7c460611605b25a807eaf3c25841a9dd84bed9e,direct-framework-reference,,android/database/sqlite/SQLiteProgram,definition-present,unknown,11,0,unknown,fd-com-kunzisoft-keepass-libre-evidence.json#/rows/196,False,unknown
fd-com-kunzisoft-keepass-libre,862f87a30baef06181f049adf7c460611605b25a807eaf3c25841a9dd84bed9e,direct-framework-reference,,android/database/sqlite/SQLiteQuery,definition-present,unknown,7,0,unknown,fd-com-kunzisoft-keepass-libre-evidence.json#/rows/197,False,unknown
fd-com-kunzisoft-keepass-libre,862f87a30baef06181f049adf7c460611605b25a807eaf3c25841a9dd84bed9e,direct-framework-reference,,android/database/sqlite/SQLiteStatement,definition-present,unknown,7,0,unknown,fd-com-kunzisoft-keepass-libre-evidence.json#/rows/198,False,unknown
fd-com-kunzisoft-keepass-libre,862f87a30baef06181f049adf7c460611605b25a807eaf3c25841a9dd84bed9e,direct-framework-reference,,android/drm/DrmManagerClient,definition-present,unknown,1,0,unknown,fd-com-kunzisoft-keepass-libre-evidence.json#/rows/199,False,unknown
fd-com-kunzisoft-keepass-libre,862f87a30baef06181f049adf7c460611605b25a807eaf3c25841a9dd84bed9e,direct-framework-reference,,android/graphics/Bitmap,definition-present,yes-static,189,5,unknown,fd-com-kunzisoft-keepass-libre-evidence.json#/rows/200,False,unknown
fd-com-kunzisoft-keepass-libre,862f87a30baef06181f049adf7c460611605b25a807eaf3c25841a9dd84bed9e,direct-framework-reference,,android/graphics/Bitmap$CompressFormat,definition-present,unknown,2,0,unknown,fd-com-kunzisoft-keepass-libre-evidence.json#/rows/201,False,unknown
fd-com-kunzisoft-keepass-libre,862f87a30baef06181f049adf7c460611605b25a807eaf3c25841a9dd84bed9e,direct-framework-reference,,android/graphics/Bitmap$Config,definition-present,yes-static,38,1,unknown,fd-com-kunzisoft-keepass-libre-evidence.json#/rows/202,False,unknown
fd-com-kunzisoft-keepass-libre,862f87a30baef06181f049adf7c460611605b25a807eaf3c25841a9dd84bed9e,direct-framework-reference,,android/graphics/BitmapFactory,definition-present,unknown,10,0,unknown,fd-com-kunzisoft-keepass-libre-evidence.json#/rows/203,False,unknown
fd-com-kunzisoft-keepass-libre,862f87a30baef06181f049adf7c460611605b25a807eaf3c25841a9dd84bed9e,direct-framework-reference,,android/graphics/BitmapFactory$Options,definition-present,unknown,5,0,unknown,fd-com-kunzisoft-keepass-libre-evidence.json#/rows/204,False,unknown
fd-com-kunzisoft-keepass-libre,862f87a30baef06181f049adf7c460611605b25a807eaf3c25841a9dd84bed9e,direct-framework-reference,,android/graphics/BitmapShader,definition-present,yes-static,10,1,unknown,fd-com-kunzisoft-keepass-libre-evidence.json#/rows/205,False,unknown
fd-com-kunzisoft-keepass-libre,862f87a30baef06181f049adf7c460611605b25a807eaf3c25841a9dd84bed9e,direct-framework-reference,,android/graphics/BlendMode,definition-present,unknown,12,0,unknown,fd-com-kunzisoft-keepass-libre-evidence.json#/rows/206,False,unknown
fd-com-kunzisoft-keepass-libre,862f87a30baef06181f049adf7c460611605b25a807eaf3c25841a9dd84bed9e,direct-framework-reference,,android/graphics/BlendModeColorFilter,definition-present,unknown,1,0,unknown,fd-com-kunzisoft-keepass-libre-evidence.json#/rows/207,False,unknown
fd-com-kunzisoft-keepass-libre,862f87a30baef06181f049adf7c460611605b25a807eaf3c25841a9dd84bed9e,direct-framework-reference,,android/graphics/Canvas,definition-present,yes-static,281,1,unknown,fd-com-kunzisoft-keepass-libre-evidence.json#/rows/208,False,unknown
fd-com-kunzisoft-keepass-libre,862f87a30baef06181f049adf7c460611605b25a807eaf3c25841a9dd84bed9e,direct-framework-reference,,android/graphics/Color,definition-present,yes-static,87,6,unknown,fd-com-kunzisoft-keepass-libre-evidence.json#/rows/209,False,unknown
fd-com-kunzisoft-keepass-libre,862f87a30baef06181f049adf7c460611605b25a807eaf3c25841a9dd84bed9e,direct-framework-reference,,android/graphics/ColorFilter,definition-present,yes-static,68,3,unknown,fd-com-kunzisoft-keepass-libre-evidence.json#/rows/210,False,unknown
fd-com-kunzisoft-keepass-libre,862f87a30baef06181f049adf7c460611605b25a807eaf3c25841a9dd84bed9e,direct-framework-reference,,android/graphics/ColorMatrix,definition-present,unknown,3,0,unknown,fd-com-kunzisoft-keepass-libre-evidence.json#/rows/211,False,unknown
fd-com-kunzisoft-keepass-libre,862f87a30baef06181f049adf7c460611605b25a807eaf3c25841a9dd84bed9e,direct-framework-reference,,android/graphics/ColorMatrixColorFilter,definition-present,unknown,2,0,unknown,fd-com-kunzisoft-keepass-libre-evidence.json#/rows/212,False,unknown
fd-com-kunzisoft-keepass-libre,862f87a30baef06181f049adf7c460611605b25a807eaf3c25841a9dd84bed9e,direct-framework-reference,,android/graphics/ColorSpace,definition-present,unknown,18,0,unknown,fd-com-kunzisoft-keepass-libre-evidence.json#/rows/213,False,unknown
fd-com-kunzisoft-keepass-libre,862f87a30baef06181f049adf7c460611605b25a807eaf3c25841a9dd84bed9e,direct-framework-reference,,android/graphics/ColorSpace$Model,definition-present,unknown,1,0,unknown,fd-com-kunzisoft-keepass-libre-evidence.json#/rows/214,False,unknown
fd-com-kunzisoft-keepass-libre,862f87a30baef06181f049adf7c460611605b25a807eaf3c25841a9dd84bed9e,direct-framework-reference,,android/graphics/ColorSpace$Named,definition-present,unknown,8,0,unknown,fd-com-kunzisoft-keepass-libre-evidence.json#/rows/215,False,unknown
fd-com-kunzisoft-keepass-libre,862f87a30baef06181f049adf7c460611605b25a807eaf3c25841a9dd84bed9e,direct-framework-reference,,android/graphics/DashPathEffect,definition-present,unknown,1,0,unknown,fd-com-kunzisoft-keepass-libre-evidence.json#/rows/216,False,unknown
fd-com-kunzisoft-keepass-libre,862f87a30baef06181f049adf7c460611605b25a807eaf3c25841a9dd84bed9e,direct-framework-reference,,android/graphics/ImageDecoder,definition-present,unknown,2,0,unknown,fd-com-kunzisoft-keepass-libre-evidence.json#/rows/217,False,unknown
fd-com-kunzisoft-keepass-libre,862f87a30baef06181f049adf7c460611605b25a807eaf3c25841a9dd84bed9e,direct-framework-reference,,android/graphics/ImageDecoder$OnHeaderDecodedListener,definition-present,unknown,5,0,unknown,fd-com-kunzisoft-keepass-libre-evidence.json#/rows/218,False,unknown
fd-com-kunzisoft-keepass-libre,862f87a30baef06181f049adf7c460611605b25a807eaf3c25841a9dd84bed9e,direct-framework-reference,,android/graphics/ImageDecoder$Source,definition-present,unknown,4,0,unknown,fd-com-kunzisoft-keepass-libre-evidence.json#/rows/219,False,unknown
fd-com-kunzisoft-keepass-libre,862f87a30baef06181f049adf7c460611605b25a807eaf3c25841a9dd84bed9e,direct-framework-reference,,android/graphics/Insets,definition-present,unknown,52,0,unknown,fd-com-kunzisoft-keepass-libre-evidence.json#/rows/220,False,unknown
fd-com-kunzisoft-keepass-libre,862f87a30baef06181f049adf7c460611605b25a807eaf3c25841a9dd84bed9e,direct-framework-reference,,android/graphics/LinearGradient,definition-present,unknown,7,0,unknown,fd-com-kunzisoft-keepass-libre-evidence.json#/rows/221,False,unknown
fd-com-kunzisoft-keepass-libre,862f87a30baef06181f049adf7c460611605b25a807eaf3c25841a9dd84bed9e,direct-framework-reference,,android/graphics/Matrix,definition-present,yes-static,173,3,unknown,fd-com-kunzisoft-keepass-libre-evidence.json#/rows/222,False,unknown
fd-com-kunzisoft-keepass-libre,862f87a30baef06181f049adf7c460611605b25a807eaf3c25841a9dd84bed9e,direct-framework-reference,,android/graphics/Matrix$ScaleToFit,definition-present,unknown,1,0,unknown,fd-com-kunzisoft-keepass-libre-evidence.json#/rows/223,False,unknown
fd-com-kunzisoft-keepass-libre,862f87a30baef06181f049adf7c460611605b25a807eaf3c25841a9dd84bed9e,direct-framework-reference,,android/graphics/Movie,definition-present,unknown,2,0,unknown,fd-com-kunzisoft-keepass-libre-evidence.json#/rows/224,False,unknown
fd-com-kunzisoft-keepass-libre,862f87a30baef06181f049adf7c460611605b25a807eaf3c25841a9dd84bed9e,direct-framework-reference,,android/graphics/Outline,definition-present,unknown,32,0,unknown,fd-com-kunzisoft-keepass-libre-evidence.json#/rows/225,False,unknown
fd-com-kunzisoft-keepass-libre,862f87a30baef06181f049adf7c460611605b25a807eaf3c25841a9dd84bed9e,direct-framework-reference,,android/graphics/Paint,definition-present,yes-static,221,2,unknown,fd-com-kunzisoft-keepass-libre-evidence.json#/rows/226,False,unknown
fd-com-kunzisoft-keepass-libre,862f87a30baef06181f049adf7c460611605b25a807eaf3c25841a9dd84bed9e,direct-framework-reference,,android/graphics/Paint$Align,definition-present,unknown,6,0,unknown,fd-com-kunzisoft-keepass-libre-evidence.json#/rows/227,False,unknown
fd-com-kunzisoft-keepass-libre,862f87a30baef06181f049adf7c460611605b25a807eaf3c25841a9dd84bed9e,direct-framework-reference,,android/graphics/Paint$Cap,definition-present,unknown,9,0,unknown,fd-com-kunzisoft-keepass-libre-evidence.json#/rows/228,False,unknown
fd-com-kunzisoft-keepass-libre,862f87a30baef06181f049adf7c460611605b25a807eaf3c25841a9dd84bed9e,direct-framework-reference,,android/graphics/Paint$FontMetrics,definition-present,unknown,5,0,unknown,fd-com-kunzisoft-keepass-libre-evidence.json#/rows/229,False,unknown
fd-com-kunzisoft-keepass-libre,862f87a30baef06181f049adf7c460611605b25a807eaf3c25841a9dd84bed9e,direct-framework-reference,,android/graphics/Paint$FontMetricsInt,definition-present,yes-static,9,3,unknown,fd-com-kunzisoft-keepass-libre-evidence.json#/rows/230,False,unknown
fd-com-kunzisoft-keepass-libre,862f87a30baef06181f049adf7c460611605b25a807eaf3c25841a9dd84bed9e,direct-framework-reference,,android/graphics/Paint$Join,definition-present,unknown,6,0,unknown,fd-com-kunzisoft-keepass-libre-evidence.json#/rows/231,False,unknown
fd-com-kunzisoft-keepass-libre,862f87a30baef06181f049adf7c460611605b25a807eaf3c25841a9dd84bed9e,direct-framework-reference,,android/graphics/Paint$Style,definition-present,unknown,34,0,unknown,fd-com-kunzisoft-keepass-libre-evidence.json#/rows/232,False,unknown
fd-com-kunzisoft-keepass-libre,862f87a30baef06181f049adf7c460611605b25a807eaf3c25841a9dd84bed9e,direct-framework-reference,,android/graphics/Path,definition-present,yes-static,157,1,unknown,fd-com-kunzisoft-keepass-libre-evidence.json#/rows/233,False,unknown
fd-com-kunzisoft-keepass-libre,862f87a30baef06181f049adf7c460611605b25a807eaf3c25841a9dd84bed9e,direct-framework-reference,,android/graphics/Path$Direction,definition-present,unknown,15,0,unknown,fd-com-kunzisoft-keepass-libre-evidence.json#/rows/234,False,unknown
fd-com-kunzisoft-keepass-libre,862f87a30baef06181f049adf7c460611605b25a807eaf3c25841a9dd84bed9e,direct-framework-reference,,android/graphics/Path$FillType,definition-present,unknown,3,0,unknown,fd-com-kunzisoft-keepass-libre-evidence.json#/rows/235,False,unknown
fd-com-kunzisoft-keepass-libre,862f87a30baef06181f049adf7c460611605b25a807eaf3c25841a9dd84bed9e,direct-framework-reference,,android/graphics/Path$Op,definition-present,unknown,10,0,unknown,fd-com-kunzisoft-keepass-libre-evidence.json#/rows/236,False,unknown
fd-com-kunzisoft-keepass-libre,862f87a30baef06181f049adf7c460611605b25a807eaf3c25841a9dd84bed9e,direct-framework-reference,,android/graphics/PathEffect,definition-present,unknown,1,0,unknown,fd-com-kunzisoft-keepass-libre-evidence.json#/rows/237,False,unknown
fd-com-kunzisoft-keepass-libre,862f87a30baef06181f049adf7c460611605b25a807eaf3c25841a9dd84bed9e,direct-framework-reference,,android/graphics/PathMeasure,definition-present,unknown,11,0,unknown,fd-com-kunzisoft-keepass-libre-evidence.json#/rows/238,False,unknown
fd-com-kunzisoft-keepass-libre,862f87a30baef06181f049adf7c460611605b25a807eaf3c25841a9dd84bed9e,direct-framework-reference,,android/graphics/Picture,definition-present,unknown,3,0,unknown,fd-com-kunzisoft-keepass-libre-evidence.json#/rows/239,False,unknown
fd-com-kunzisoft-keepass-libre,862f87a30baef06181f049adf7c460611605b25a807eaf3c25841a9dd84bed9e,direct-framework-reference,,android/graphics/Point,definition-present,unknown,43,0,unknown,fd-com-kunzisoft-keepass-libre-evidence.json#/rows/240,False,unknown
fd-com-kunzisoft-keepass-libre,862f87a30baef06181f049adf7c460611605b25a807eaf3c25841a9dd84bed9e,direct-framework-reference,,android/graphics/PointF,definition-present,yes-static,79,1,unknown,fd-com-kunzisoft-keepass-libre-evidence.json#/rows/241,False,unknown
fd-com-kunzisoft-keepass-libre,862f87a30baef06181f049adf7c460611605b25a807eaf3c25841a9dd84bed9e,direct-framework-reference,,android/graphics/PorterDuff$Mode,definition-present,yes-static,296,40,unknown,fd-com-kunzisoft-keepass-libre-evidence.json#/rows/242,False,unknown
fd-com-kunzisoft-keepass-libre,862f87a30baef06181f049adf7c460611605b25a807eaf3c25841a9dd84bed9e,direct-framework-reference,,android/graphics/PorterDuffColorFilter,definition-present,yes-static,45,8,unknown,fd-com-kunzisoft-keepass-libre-evidence.json#/rows/243,False,unknown
fd-com-kunzisoft-keepass-libre,862f87a30baef06181f049adf7c460611605b25a807eaf3c25841a9dd84bed9e,direct-framework-reference,,android/graphics/PorterDuffXfermode,definition-present,unknown,9,0,unknown,fd-com-kunzisoft-keepass-libre-evidence.json#/rows/244,False,unknown
fd-com-kunzisoft-keepass-libre,862f87a30baef06181f049adf7c460611605b25a807eaf3c25841a9dd84bed9e,direct-framework-reference,,android/graphics/RadialGradient,definition-present,unknown,6,0,unknown,fd-com-kunzisoft-keepass-libre-evidence.json#/rows/245,False,unknown
fd-com-kunzisoft-keepass-libre,862f87a30baef06181f049adf7c460611605b25a807eaf3c25841a9dd84bed9e,direct-framework-reference,,android/graphics/Rect,definition-present,yes-static,757,9,unknown,fd-com-kunzisoft-keepass-libre-evidence.json#/rows/246,False,unknown
fd-com-kunzisoft-keepass-libre,862f87a30baef06181f049adf7c460611605b25a807eaf3c25841a9dd84bed9e,direct-framework-reference,,android/graphics/RectF,definition-present,yes-static,329,5,unknown,fd-com-kunzisoft-keepass-libre-evidence.json#/rows/247,False,unknown
fd-com-kunzisoft-keepass-libre,862f87a30baef06181f049adf7c460611605b25a807eaf3c25841a9dd84bed9e,direct-framework-reference,,android/graphics/Region,definition-present,unknown,36,0,unknown,fd-com-kunzisoft-keepass-libre-evidence.json#/rows/248,False,unknown
fd-com-kunzisoft-keepass-libre,862f87a30baef06181f049adf7c460611605b25a807eaf3c25841a9dd84bed9e,direct-framework-reference,,android/graphics/Region$Op,definition-present,unknown,27,0,unknown,fd-com-kunzisoft-keepass-libre-evidence.json#/rows/249,False,unknown
fd-com-kunzisoft-keepass-libre,862f87a30baef06181f049adf7c460611605b25a807eaf3c25841a9dd84bed9e,direct-framework-reference,,android/graphics/RegionIterator,definition-present,unknown,3,0,unknown,fd-com-kunzisoft-keepass-libre-evidence.json#/rows/250,False,unknown
fd-com-kunzisoft-keepass-libre,862f87a30baef06181f049adf7c460611605b25a807eaf3c25841a9dd84bed9e,direct-framework-reference,,android/graphics/Shader,definition-present,unknown,28,0,unknown,fd-com-kunzisoft-keepass-libre-evidence.json#/rows/251,False,unknown
fd-com-kunzisoft-keepass-libre,862f87a30baef06181f049adf7c460611605b25a807eaf3c25841a9dd84bed9e,direct-framework-reference,,android/graphics/Shader$TileMode,definition-present,yes-static,16,1,unknown,fd-com-kunzisoft-keepass-libre-evidence.json#/rows/252,False,unknown
fd-com-kunzisoft-keepass-libre,862f87a30baef06181f049adf7c460611605b25a807eaf3c25841a9dd84bed9e,direct-framework-reference,,android/graphics/SweepGradient,definition-present,unknown,1,0,unknown,fd-com-kunzisoft-keepass-libre-evidence.json#/rows/253,False,unknown
fd-com-kunzisoft-keepass-libre,862f87a30baef06181f049adf7c460611605b25a807eaf3c25841a9dd84bed9e,direct-framework-reference,,android/graphics/Typeface,definition-present,yes-static,168,30,unknown,fd-com-kunzisoft-keepass-libre-evidence.json#/rows/254,False,unknown
fd-com-kunzisoft-keepass-libre,862f87a30baef06181f049adf7c460611605b25a807eaf3c25841a9dd84bed9e,direct-framework-reference,,android/graphics/Typeface$Builder,definition-present,unknown,1,0,unknown,fd-com-kunzisoft-keepass-libre-evidence.json#/rows/255,False,unknown
fd-com-kunzisoft-keepass-libre,862f87a30baef06181f049adf7c460611605b25a807eaf3c25841a9dd84bed9e,direct-framework-reference,,android/graphics/Typeface$CustomFallbackBuilder,definition-present,unknown,3,0,unknown,fd-com-kunzisoft-keepass-libre-evidence.json#/rows/256,False,unknown
fd-com-kunzisoft-keepass-libre,862f87a30baef06181f049adf7c460611605b25a807eaf3c25841a9dd84bed9e,direct-framework-reference,,android/graphics/Xfermode,definition-present,unknown,8,0,unknown,fd-com-kunzisoft-keepass-libre-evidence.json#/rows/257,False,unknown
fd-com-kunzisoft-keepass-libre,862f87a30baef06181f049adf7c460611605b25a807eaf3c25841a9dd84bed9e,direct-framework-reference,,android/graphics/drawable/AdaptiveIconDrawable,definition-present,unknown,1,0,unknown,fd-com-kunzisoft-keepass-libre-evidence.json#/rows/258,False,unknown
fd-com-kunzisoft-keepass-libre,862f87a30baef06181f049adf7c460611605b25a807eaf3c25841a9dd84bed9e,direct-framework-reference,,android/graphics/drawable/Animatable,definition-present,unknown,7,0,unknown,fd-com-kunzisoft-keepass-libre-evidence.json#/rows/259,False,unknown
fd-com-kunzisoft-keepass-libre,862f87a30baef06181f049adf7c460611605b25a807eaf3c25841a9dd84bed9e,direct-framework-reference,,android/graphics/drawable/Animatable2$AnimationCallback,definition-present,unknown,6,0,unknown,fd-com-kunzisoft-keepass-libre-evidence.json#/rows/260,False,unknown
fd-com-kunzisoft-keepass-libre,862f87a30baef06181f049adf7c460611605b25a807eaf3c25841a9dd84bed9e,direct-framework-reference,,android/graphics/drawable/AnimatedStateListDrawable,definition-present,unknown,4,0,unknown,fd-com-kunzisoft-keepass-libre-evidence.json#/rows/261,False,unknown
fd-com-kunzisoft-keepass-libre,862f87a30baef06181f049adf7c460611605b25a807eaf3c25841a9dd84bed9e,direct-framework-reference,,android/graphics/drawable/AnimatedVectorDrawable,definition-present,unknown,19,0,unknown,fd-com-kunzisoft-keepass-libre-evidence.json#/rows/262,False,unknown
fd-com-kunzisoft-keepass-libre,862f87a30baef06181f049adf7c460611605b25a807eaf3c25841a9dd84bed9e,direct-framework-reference,,android/graphics/drawable/AnimationDrawable,definition-present,unknown,5,0,unknown,fd-com-kunzisoft-keepass-libre-evidence.json#/rows/263,False,unknown
fd-com-kunzisoft-keepass-libre,862f87a30baef06181f049adf7c460611605b25a807eaf3c25841a9dd84bed9e,direct-framework-reference,,android/graphics/drawable/BitmapDrawable,definition-present,yes-static,19,1,unknown,fd-com-kunzisoft-keepass-libre-evidence.json#/rows/264,False,unknown
fd-com-kunzisoft-keepass-libre,862f87a30baef06181f049adf7c460611605b25a807eaf3c25841a9dd84bed9e,direct-framework-reference,,android/graphics/drawable/ClipDrawable,definition-present,unknown,1,0,unknown,fd-com-kunzisoft-keepass-libre-evidence.json#/rows/265,False,unknown
fd-com-kunzisoft-keepass-libre,862f87a30baef06181f049adf7c460611605b25a807eaf3c25841a9dd84bed9e,direct-framework-reference,,android/graphics/drawable/ColorDrawable,definition-present,unknown,26,0,unknown,fd-com-kunzisoft-keepass-libre-evidence.json#/rows/266,False,unknown
fd-com-kunzisoft-keepass-libre,862f87a30baef06181f049adf7c460611605b25a807eaf3c25841a9dd84bed9e,direct-framework-reference,,android/graphics/drawable/Drawable,definition-present,yes-static,1345,65,unknown,fd-com-kunzisoft-keepass-libre-evidence.json#/rows/267,False,unknown
fd-com-kunzisoft-keepass-libre,862f87a30baef06181f049adf7c460611605b25a807eaf3c25841a9dd84bed9e,direct-framework-reference,,android/graphics/drawable/Drawable$Callback,definition-present,yes-static,45,1,unknown,fd-com-kunzisoft-keepass-libre-evidence.json#/rows/268,False,unknown
fd-com-kunzisoft-keepass-libre,862f87a30baef06181f049adf7c460611605b25a807eaf3c25841a9dd84bed9e,direct-framework-reference,,android/graphics/drawable/Drawable$ConstantState,definition-present,yes-static,52,4,unknown,fd-com-kunzisoft-keepass-libre-evidence.json#/rows/269,False,unknown
fd-com-kunzisoft-keepass-libre,862f87a30baef06181f049adf7c460611605b25a807eaf3c25841a9dd84bed9e,direct-framework-reference,,android/graphics/drawable/DrawableContainer,definition-present,unknown,2,0,unknown,fd-com-kunzisoft-keepass-libre-evidence.json#/rows/270,False,unknown
fd-com-kunzisoft-keepass-libre,862f87a30baef06181f049adf7c460611605b25a807eaf3c25841a9dd84bed9e,direct-framework-reference,,android/graphics/drawable/DrawableContainer$DrawableContainerState,definition-present,unknown,2,0,unknown,fd-com-kunzisoft-keepass-libre-evidence.json#/rows/271,False,unknown
fd-com-kunzisoft-keepass-libre,862f87a30baef06181f049adf7c460611605b25a807eaf3c25841a9dd84bed9e,direct-framework-reference,,android/graphics/drawable/GradientDrawable,definition-present,unknown,8,0,unknown,fd-com-kunzisoft-keepass-libre-evidence.json#/rows/272,False,unknown
fd-com-kunzisoft-keepass-libre,862f87a30baef06181f049adf7c460611605b25a807eaf3c25841a9dd84bed9e,direct-framework-reference,,android/graphics/drawable/Icon,definition-present,unknown,142,0,unknown,fd-com-kunzisoft-keepass-libre-evidence.json#/rows/273,False,unknown
fd-com-kunzisoft-keepass-libre,862f87a30baef06181f049adf7c460611605b25a807eaf3c25841a9dd84bed9e,direct-framework-reference,,android/graphics/drawable/InsetDrawable,definition-present,unknown,23,0,unknown,fd-com-kunzisoft-keepass-libre-evidence.json#/rows/274,False,unknown
fd-com-kunzisoft-keepass-libre,862f87a30baef06181f049adf7c460611605b25a807eaf3c25841a9dd84bed9e,direct-framework-reference,,android/graphics/drawable/LayerDrawable,definition-present,yes-static,31,4,unknown,fd-com-kunzisoft-keepass-libre-evidence.json#/rows/275,False,unknown
fd-com-kunzisoft-keepass-libre,862f87a30baef06181f049adf7c460611605b25a807eaf3c25841a9dd84bed9e,direct-framework-reference,,android/graphics/drawable/RippleDrawable,definition-present,unknown,31,0,unknown,fd-com-kunzisoft-keepass-libre-evidence.json#/rows/276,False,unknown
fd-com-kunzisoft-keepass-libre,862f87a30baef06181f049adf7c460611605b25a807eaf3c25841a9dd84bed9e,direct-framework-reference,,android/graphics/drawable/ShapeDrawable,definition-present,unknown,6,0,unknown,fd-com-kunzisoft-keepass-libre-evidence.json#/rows/277,False,unknown
fd-com-kunzisoft-keepass-libre,862f87a30baef06181f049adf7c460611605b25a807eaf3c25841a9dd84bed9e,direct-framework-reference,,android/graphics/drawable/StateListDrawable,definition-present,unknown,14,0,unknown,fd-com-kunzisoft-keepass-libre-evidence.json#/rows/278,False,unknown
fd-com-kunzisoft-keepass-libre,862f87a30baef06181f049adf7c460611605b25a807eaf3c25841a9dd84bed9e,direct-framework-reference,,android/graphics/drawable/VectorDrawable,definition-present,unknown,4,0,unknown,fd-com-kunzisoft-keepass-libre-evidence.json#/rows/279,False,unknown
fd-com-kunzisoft-keepass-libre,862f87a30baef06181f049adf7c460611605b25a807eaf3c25841a9dd84bed9e,direct-framework-reference,,android/graphics/drawable/shapes/OvalShape,definition-present,unknown,1,0,unknown,fd-com-kunzisoft-keepass-libre-evidence.json#/rows/280,False,unknown
fd-com-kunzisoft-keepass-libre,862f87a30baef06181f049adf7c460611605b25a807eaf3c25841a9dd84bed9e,direct-framework-reference,,android/graphics/drawable/shapes/RoundRectShape,definition-present,unknown,1,0,unknown,fd-com-kunzisoft-keepass-libre-evidence.json#/rows/281,False,unknown
fd-com-kunzisoft-keepass-libre,862f87a30baef06181f049adf7c460611605b25a807eaf3c25841a9dd84bed9e,direct-framework-reference,,android/graphics/drawable/shapes/Shape,definition-present,unknown,2,0,unknown,fd-com-kunzisoft-keepass-libre-evidence.json#/rows/282,False,unknown
fd-com-kunzisoft-keepass-libre,862f87a30baef06181f049adf7c460611605b25a807eaf3c25841a9dd84bed9e,direct-framework-reference,,android/graphics/fonts/Font,definition-present,unknown,4,0,unknown,fd-com-kunzisoft-keepass-libre-evidence.json#/rows/283,False,unknown
fd-com-kunzisoft-keepass-libre,862f87a30baef06181f049adf7c460611605b25a807eaf3c25841a9dd84bed9e,direct-framework-reference,,android/graphics/fonts/Font$Builder,definition-present,unknown,3,0,unknown,fd-com-kunzisoft-keepass-libre-evidence.json#/rows/284,False,unknown
fd-com-kunzisoft-keepass-libre,862f87a30baef06181f049adf7c460611605b25a807eaf3c25841a9dd84bed9e,direct-framework-reference,,android/graphics/fonts/FontFamily,definition-present,unknown,4,0,unknown,fd-com-kunzisoft-keepass-libre-evidence.json#/rows/285,False,unknown
fd-com-kunzisoft-keepass-libre,862f87a30baef06181f049adf7c460611605b25a807eaf3c25841a9dd84bed9e,direct-framework-reference,,android/graphics/fonts/FontFamily$Builder,definition-present,unknown,3,0,unknown,fd-com-kunzisoft-keepass-libre-evidence.json#/rows/286,False,unknown
fd-com-kunzisoft-keepass-libre,862f87a30baef06181f049adf7c460611605b25a807eaf3c25841a9dd84bed9e,direct-framework-reference,,android/graphics/fonts/FontStyle,definition-present,unknown,5,0,unknown,fd-com-kunzisoft-keepass-libre-evidence.json#/rows/287,False,unknown
fd-com-kunzisoft-keepass-libre,862f87a30baef06181f049adf7c460611605b25a807eaf3c25841a9dd84bed9e,direct-framework-reference,,android/graphics/fonts/FontVariationAxis,definition-present,yes-static,4,2,unknown,fd-com-kunzisoft-keepass-libre-evidence.json#/rows/288,False,unknown
fd-com-kunzisoft-keepass-libre,862f87a30baef06181f049adf7c460611605b25a807eaf3c25841a9dd84bed9e,direct-framework-reference,,android/graphics/pdf/PdfDocument$Page,definition-present,unknown,1,0,unknown,fd-com-kunzisoft-keepass-libre-evidence.json#/rows/289,False,unknown
fd-com-kunzisoft-keepass-libre,862f87a30baef06181f049adf7c460611605b25a807eaf3c25841a9dd84bed9e,direct-framework-reference,,android/graphics/pdf/PdfDocument$PageInfo,definition-present,unknown,1,0,unknown,fd-com-kunzisoft-keepass-libre-evidence.json#/rows/290,False,unknown
fd-com-kunzisoft-keepass-libre,862f87a30baef06181f049adf7c460611605b25a807eaf3c25841a9dd84bed9e,direct-framework-reference,,android/hardware/ConsumerIrManager,definition-present,unknown,1,0,unknown,fd-com-kunzisoft-keepass-libre-evidence.json#/rows/291,False,unknown
fd-com-kunzisoft-keepass-libre,862f87a30baef06181f049adf7c460611605b25a807eaf3c25841a9dd84bed9e,direct-framework-reference,,android/hardware/HardwareBuffer,definition-present,unknown,1,0,unknown,fd-com-kunzisoft-keepass-libre-evidence.json#/rows/292,False,unknown
fd-com-kunzisoft-keepass-libre,862f87a30baef06181f049adf7c460611605b25a807eaf3c25841a9dd84bed9e,direct-framework-reference,,android/hardware/SensorManager,definition-present,unknown,1,0,unknown,fd-com-kunzisoft-keepass-libre-evidence.json#/rows/293,False,unknown
fd-com-kunzisoft-keepass-libre,862f87a30baef06181f049adf7c460611605b25a807eaf3c25841a9dd84bed9e,direct-framework-reference,,android/hardware/biometrics/BiometricManager,definition-present,unknown,9,0,unknown,fd-com-kunzisoft-keepass-libre-evidence.json#/rows/294,False,unknown
fd-com-kunzisoft-keepass-libre,862f87a30baef06181f049adf7c460611605b25a807eaf3c25841a9dd84bed9e,direct-framework-reference,,android/hardware/biometrics/BiometricPrompt,definition-present,unknown,5,0,unknown,fd-com-kunzisoft-keepass-libre-evidence.json#/rows/295,False,unknown
fd-com-kunzisoft-keepass-libre,862f87a30baef06181f049adf7c460611605b25a807eaf3c25841a9dd84bed9e,direct-framework-reference,,android/hardware/biometrics/BiometricPrompt$AuthenticationCallback,definition-present,unknown,5,0,unknown,fd-com-kunzisoft-keepass-libre-evidence.json#/rows/296,False,unknown
fd-com-kunzisoft-keepass-libre,862f87a30baef06181f049adf7c460611605b25a807eaf3c25841a9dd84bed9e,direct-framework-reference,,android/hardware/biometrics/BiometricPrompt$AuthenticationResult,definition-present,unknown,2,0,unknown,fd-com-kunzisoft-keepass-libre-evidence.json#/rows/297,False,unknown
fd-com-kunzisoft-keepass-libre,862f87a30baef06181f049adf7c460611605b25a807eaf3c25841a9dd84bed9e,direct-framework-reference,,android/hardware/biometrics/BiometricPrompt$Builder,definition-present,unknown,10,0,unknown,fd-com-kunzisoft-keepass-libre-evidence.json#/rows/298,False,unknown
fd-com-kunzisoft-keepass-libre,862f87a30baef06181f049adf7c460611605b25a807eaf3c25841a9dd84bed9e,direct-framework-reference,,android/hardware/biometrics/BiometricPrompt$CryptoObject,definition-present,unknown,15,0,unknown,fd-com-kunzisoft-keepass-libre-evidence.json#/rows/299,False,unknown
fd-com-kunzisoft-keepass-libre,862f87a30baef06181f049adf7c460611605b25a807eaf3c25841a9dd84bed9e,direct-framework-reference,,android/hardware/camera2/CameraManager,definition-present,unknown,1,0,unknown,fd-com-kunzisoft-keepass-libre-evidence.json#/rows/300,False,unknown
fd-com-kunzisoft-keepass-libre,862f87a30baef06181f049adf7c460611605b25a807eaf3c25841a9dd84bed9e,direct-framework-reference,,android/hardware/display/DisplayManager,definition-present,unknown,6,0,unknown,fd-com-kunzisoft-keepass-libre-evidence.json#/rows/301,False,unknown
fd-com-kunzisoft-keepass-libre,862f87a30baef06181f049adf7c460611605b25a807eaf3c25841a9dd84bed9e,direct-framework-reference,,android/hardware/fingerprint/FingerprintManager,definition-present,unknown,8,0,unknown,fd-com-kunzisoft-keepass-libre-evidence.json#/rows/302,False,unknown
fd-com-kunzisoft-keepass-libre,862f87a30baef06181f049adf7c460611605b25a807eaf3c25841a9dd84bed9e,direct-framework-reference,,android/hardware/fingerprint/FingerprintManager$AuthenticationCallback,definition-present,unknown,3,0,unknown,fd-com-kunzisoft-keepass-libre-evidence.json#/rows/303,False,unknown
fd-com-kunzisoft-keepass-libre,862f87a30baef06181f049adf7c460611605b25a807eaf3c25841a9dd84bed9e,direct-framework-reference,,android/hardware/fingerprint/FingerprintManager$AuthenticationResult,definition-present,unknown,1,0,unknown,fd-com-kunzisoft-keepass-libre-evidence.json#/rows/304,False,unknown
fd-com-kunzisoft-keepass-libre,862f87a30baef06181f049adf7c460611605b25a807eaf3c25841a9dd84bed9e,direct-framework-reference,,android/hardware/fingerprint/FingerprintManager$CryptoObject,definition-present,unknown,7,0,unknown,fd-com-kunzisoft-keepass-libre-evidence.json#/rows/305,False,unknown
fd-com-kunzisoft-keepass-libre,862f87a30baef06181f049adf7c460611605b25a807eaf3c25841a9dd84bed9e,direct-framework-reference,,android/hardware/input/InputManager,definition-present,unknown,1,0,unknown,fd-com-kunzisoft-keepass-libre-evidence.json#/rows/306,False,unknown
fd-com-kunzisoft-keepass-libre,862f87a30baef06181f049adf7c460611605b25a807eaf3c25841a9dd84bed9e,direct-framework-reference,,android/hardware/usb/UsbManager,definition-present,unknown,1,0,unknown,fd-com-kunzisoft-keepass-libre-evidence.json#/rows/307,False,unknown
fd-com-kunzisoft-keepass-libre,862f87a30baef06181f049adf7c460611605b25a807eaf3c25841a9dd84bed9e,direct-framework-reference,,android/icu/text/DateFormat,definition-present,unknown,15,0,unknown,fd-com-kunzisoft-keepass-libre-evidence.json#/rows/308,False,unknown
fd-com-kunzisoft-keepass-libre,862f87a30baef06181f049adf7c460611605b25a807eaf3c25841a9dd84bed9e,direct-framework-reference,,android/icu/text/DecimalFormatSymbols,definition-present,yes-static,3,3,unknown,fd-com-kunzisoft-keepass-libre-evidence.json#/rows/309,False,unknown
fd-com-kunzisoft-keepass-libre,862f87a30baef06181f049adf7c460611605b25a807eaf3c25841a9dd84bed9e,direct-framework-reference,,android/icu/text/DisplayContext,definition-present,unknown,3,0,unknown,fd-com-kunzisoft-keepass-libre-evidence.json#/rows/310,False,unknown
fd-com-kunzisoft-keepass-libre,862f87a30baef06181f049adf7c460611605b25a807eaf3c25841a9dd84bed9e,direct-framework-reference,,android/icu/util/TimeZone,definition-present,unknown,4,0,unknown,fd-com-kunzisoft-keepass-libre-evidence.json#/rows/311,False,unknown
fd-com-kunzisoft-keepass-libre,862f87a30baef06181f049adf7c460611605b25a807eaf3c25841a9dd84bed9e,direct-framework-reference,,android/icu/util/ULocale,definition-present,unknown,4,0,unknown,fd-com-kunzisoft-keepass-libre-evidence.json#/rows/312,False,unknown
fd-com-kunzisoft-keepass-libre,862f87a30baef06181f049adf7c460611605b25a807eaf3c25841a9dd84bed9e,direct-framework-reference,,android/inputmethodservice/InputMethodService,definition-present,unknown,13,0,unknown,fd-com-kunzisoft-keepass-libre-evidence.json#/rows/313,False,unknown
fd-com-kunzisoft-keepass-libre,862f87a30baef06181f049adf7c460611605b25a807eaf3c25841a9dd84bed9e,direct-framework-reference,,android/location/GnssMeasurementsEvent$Callback,definition-present,unknown,7,0,unknown,fd-com-kunzisoft-keepass-libre-evidence.json#/rows/314,False,unknown
fd-com-kunzisoft-keepass-libre,862f87a30baef06181f049adf7c460611605b25a807eaf3c25841a9dd84bed9e,direct-framework-reference,,android/location/GnssStatus,definition-present,unknown,37,0,unknown,fd-com-kunzisoft-keepass-libre-evidence.json#/rows/315,False,unknown
fd-com-kunzisoft-keepass-libre,862f87a30baef06181f049adf7c460611605b25a807eaf3c25841a9dd84bed9e,direct-framework-reference,,android/location/GnssStatus$Callback,definition-present,unknown,5,0,unknown,fd-com-kunzisoft-keepass-libre-evidence.json#/rows/316,False,unknown
fd-com-kunzisoft-keepass-libre,862f87a30baef06181f049adf7c460611605b25a807eaf3c25841a9dd84bed9e,direct-framework-reference,,android/location/GpsSatellite,definition-present,unknown,11,0,unknown,fd-com-kunzisoft-keepass-libre-evidence.json#/rows/317,False,unknown
fd-com-kunzisoft-keepass-libre,862f87a30baef06181f049adf7c460611605b25a807eaf3c25841a9dd84bed9e,direct-framework-reference,,android/location/GpsStatus,definition-present,unknown,7,0,unknown,fd-com-kunzisoft-keepass-libre-evidence.json#/rows/318,False,unknown
fd-com-kunzisoft-keepass-libre,862f87a30baef06181f049adf7c460611605b25a807eaf3c25841a9dd84bed9e,direct-framework-reference,,android/location/Location,definition-present,unknown,54,0,unknown,fd-com-kunzisoft-keepass-libre-evidence.json#/rows/319,False,unknown
fd-com-kunzisoft-keepass-libre,862f87a30baef06181f049adf7c460611605b25a807eaf3c25841a9dd84bed9e,direct-framework-reference,,android/location/LocationListener,definition-present,unknown,10,0,unknown,fd-com-kunzisoft-keepass-libre-evidence.json#/rows/320,False,unknown
fd-com-kunzisoft-keepass-libre,862f87a30baef06181f049adf7c460611605b25a807eaf3c25841a9dd84bed9e,direct-framework-reference,,android/location/LocationManager,definition-present,yes-static,40,1,unknown,fd-com-kunzisoft-keepass-libre-evidence.json#/rows/321,False,unknown
fd-com-kunzisoft-keepass-libre,862f87a30baef06181f049adf7c460611605b25a807eaf3c25841a9dd84bed9e,direct-framework-reference,,android/location/LocationProvider,definition-present,unknown,1,0,unknown,fd-com-kunzisoft-keepass-libre-evidence.json#/rows/322,False,unknown
fd-com-kunzisoft-keepass-libre,862f87a30baef06181f049adf7c460611605b25a807eaf3c25841a9dd84bed9e,direct-framework-reference,,android/location/LocationRequest,definition-present,unknown,10,0,unknown,fd-com-kunzisoft-keepass-libre-evidence.json#/rows/323,False,unknown
fd-com-kunzisoft-keepass-libre,862f87a30baef06181f049adf7c460611605b25a807eaf3c25841a9dd84bed9e,direct-framework-reference,,android/location/LocationRequest$Builder,definition-present,unknown,1,0,unknown,fd-com-kunzisoft-keepass-libre-evidence.json#/rows/324,False,unknown
fd-com-kunzisoft-keepass-libre,862f87a30baef06181f049adf7c460611605b25a807eaf3c25841a9dd84bed9e,direct-framework-reference,,android/media/AudioAttributes,definition-present,unknown,51,0,unknown,fd-com-kunzisoft-keepass-libre-evidence.json#/rows/325,False,unknown
fd-com-kunzisoft-keepass-libre,862f87a30baef06181f049adf7c460611605b25a807eaf3c25841a9dd84bed9e,direct-framework-reference,,android/media/AudioAttributes$Builder,definition-present,unknown,22,0,unknown,fd-com-kunzisoft-keepass-libre-evidence.json#/rows/326,False,unknown
fd-com-kunzisoft-keepass-libre,862f87a30baef06181f049adf7c460611605b25a807eaf3c25841a9dd84bed9e,direct-framework-reference,,android/media/AudioFocusRequest,definition-present,unknown,8,0,unknown,fd-com-kunzisoft-keepass-libre-evidence.json#/rows/327,False,unknown
fd-com-kunzisoft-keepass-libre,862f87a30baef06181f049adf7c460611605b25a807eaf3c25841a9dd84bed9e,direct-framework-reference,,android/media/AudioFocusRequest$Builder,definition-present,unknown,1,0,unknown,fd-com-kunzisoft-keepass-libre-evidence.json#/rows/328,False,unknown
fd-com-kunzisoft-keepass-libre,862f87a30baef06181f049adf7c460611605b25a807eaf3c25841a9dd84bed9e,direct-framework-reference,,android/media/AudioManager,definition-present,unknown,23,0,unknown,fd-com-kunzisoft-keepass-libre-evidence.json#/rows/329,False,unknown
fd-com-kunzisoft-keepass-libre,862f87a30baef06181f049adf7c460611605b25a807eaf3c25841a9dd84bed9e,direct-framework-reference,,android/media/AudioManager$OnAudioFocusChangeListener,definition-present,unknown,5,0,unknown,fd-com-kunzisoft-keepass-libre-evidence.json#/rows/330,False,unknown
fd-com-kunzisoft-keepass-libre,862f87a30baef06181f049adf7c460611605b25a807eaf3c25841a9dd84bed9e,direct-framework-reference,,android/media/MediaDescription,definition-present,unknown,32,0,unknown,fd-com-kunzisoft-keepass-libre-evidence.json#/rows/331,False,unknown
fd-com-kunzisoft-keepass-libre,862f87a30baef06181f049adf7c460611605b25a807eaf3c25841a9dd84bed9e,direct-framework-reference,,android/media/MediaDescription$Builder,definition-present,unknown,20,0,unknown,fd-com-kunzisoft-keepass-libre-evidence.json#/rows/332,False,unknown
fd-com-kunzisoft-keepass-libre,862f87a30baef06181f049adf7c460611605b25a807eaf3c25841a9dd84bed9e,direct-framework-reference,,android/media/MediaDrm,definition-present,unknown,1,0,unknown,fd-com-kunzisoft-keepass-libre-evidence.json#/rows/333,False,unknown
fd-com-kunzisoft-keepass-libre,862f87a30baef06181f049adf7c460611605b25a807eaf3c25841a9dd84bed9e,direct-framework-reference,,android/media/MediaMetadata,definition-present,unknown,9,0,unknown,fd-com-kunzisoft-keepass-libre-evidence.json#/rows/334,False,unknown
fd-com-kunzisoft-keepass-libre,862f87a30baef06181f049adf7c460611605b25a807eaf3c25841a9dd84bed9e,direct-framework-reference,,android/media/MediaMetadataEditor,definition-present,unknown,1,0,unknown,fd-com-kunzisoft-keepass-libre-evidence.json#/rows/335,False,unknown
fd-com-kunzisoft-keepass-libre,862f87a30baef06181f049adf7c460611605b25a807eaf3c25841a9dd84bed9e,direct-framework-reference,,android/media/MediaMetadataRetriever,definition-present,unknown,1,0,unknown,fd-com-kunzisoft-keepass-libre-evidence.json#/rows/336,False,unknown
fd-com-kunzisoft-keepass-libre,862f87a30baef06181f049adf7c460611605b25a807eaf3c25841a9dd84bed9e,direct-framework-reference,,android/media/MediaRouter,definition-present,unknown,1,0,unknown,fd-com-kunzisoft-keepass-libre-evidence.json#/rows/337,False,unknown
fd-com-kunzisoft-keepass-libre,862f87a30baef06181f049adf7c460611605b25a807eaf3c25841a9dd84bed9e,direct-framework-reference,,android/media/Rating,definition-present,unknown,16,0,unknown,fd-com-kunzisoft-keepass-libre-evidence.json#/rows/338,False,unknown
fd-com-kunzisoft-keepass-libre,862f87a30baef06181f049adf7c460611605b25a807eaf3c25841a9dd84bed9e,direct-framework-reference,,android/media/RemoteControlClient,definition-present,unknown,8,0,unknown,fd-com-kunzisoft-keepass-libre-evidence.json#/rows/339,False,unknown
fd-com-kunzisoft-keepass-libre,862f87a30baef06181f049adf7c460611605b25a807eaf3c25841a9dd84bed9e,direct-framework-reference,,android/media/RemoteControlClient$MetadataEditor,definition-present,unknown,3,0,unknown,fd-com-kunzisoft-keepass-libre-evidence.json#/rows/340,False,unknown
fd-com-kunzisoft-keepass-libre,862f87a30baef06181f049adf7c460611605b25a807eaf3c25841a9dd84bed9e,direct-framework-reference,,android/media/VolumeProvider,definition-present,unknown,8,0,unknown,fd-com-kunzisoft-keepass-libre-evidence.json#/rows/341,False,unknown
fd-com-kunzisoft-keepass-libre,862f87a30baef06181f049adf7c460611605b25a807eaf3c25841a9dd84bed9e,direct-framework-reference,,android/media/browse/MediaBrowser,definition-present,unknown,27,0,unknown,fd-com-kunzisoft-keepass-libre-evidence.json#/rows/342,False,unknown
fd-com-kunzisoft-keepass-libre,862f87a30baef06181f049adf7c460611605b25a807eaf3c25841a9dd84bed9e,direct-framework-reference,,android/media/browse/MediaBrowser$ConnectionCallback,definition-present,unknown,3,0,unknown,fd-com-kunzisoft-keepass-libre-evidence.json#/rows/343,False,unknown
fd-com-kunzisoft-keepass-libre,862f87a30baef06181f049adf7c460611605b25a807eaf3c25841a9dd84bed9e,direct-framework-reference,,android/media/browse/MediaBrowser$ItemCallback,definition-present,unknown,4,0,unknown,fd-com-kunzisoft-keepass-libre-evidence.json#/rows/344,False,unknown
fd-com-kunzisoft-keepass-libre,862f87a30baef06181f049adf7c460611605b25a807eaf3c25841a9dd84bed9e,direct-framework-reference,,android/media/browse/MediaBrowser$MediaItem,definition-present,unknown,8,0,unknown,fd-com-kunzisoft-keepass-libre-evidence.json#/rows/345,False,unknown
fd-com-kunzisoft-keepass-libre,862f87a30baef06181f049adf7c460611605b25a807eaf3c25841a9dd84bed9e,direct-framework-reference,,android/media/browse/MediaBrowser$SubscriptionCallback,definition-present,unknown,8,0,unknown,fd-com-kunzisoft-keepass-libre-evidence.json#/rows/346,False,unknown
fd-com-kunzisoft-keepass-libre,862f87a30baef06181f049adf7c460611605b25a807eaf3c25841a9dd84bed9e,direct-framework-reference,,android/media/projection/MediaProjectionManager,definition-present,unknown,1,0,unknown,fd-com-kunzisoft-keepass-libre-evidence.json#/rows/347,False,unknown
fd-com-kunzisoft-keepass-libre,862f87a30baef06181f049adf7c460611605b25a807eaf3c25841a9dd84bed9e,direct-framework-reference,,android/media/session/MediaController,definition-present,unknown,45,0,unknown,fd-com-kunzisoft-keepass-libre-evidence.json#/rows/348,False,unknown
fd-com-kunzisoft-keepass-libre,862f87a30baef06181f049adf7c460611605b25a807eaf3c25841a9dd84bed9e,direct-framework-reference,,android/media/session/MediaController$Callback,definition-present,unknown,6,0,unknown,fd-com-kunzisoft-keepass-libre-evidence.json#/rows/349,False,unknown
fd-com-kunzisoft-keepass-libre,862f87a30baef06181f049adf7c460611605b25a807eaf3c25841a9dd84bed9e,direct-framework-reference,,android/media/session/MediaController$PlaybackInfo,definition-present,unknown,8,0,unknown,fd-com-kunzisoft-keepass-libre-evidence.json#/rows/350,False,unknown
fd-com-kunzisoft-keepass-libre,862f87a30baef06181f049adf7c460611605b25a807eaf3c25841a9dd84bed9e,direct-framework-reference,,android/media/session/MediaController$TransportControls,definition-present,unknown,45,0,unknown,fd-com-kunzisoft-keepass-libre-evidence.json#/rows/351,False,unknown
fd-com-kunzisoft-keepass-libre,862f87a30baef06181f049adf7c460611605b25a807eaf3c25841a9dd84bed9e,direct-framework-reference,,android/media/session/MediaSession,definition-present,unknown,46,0,unknown,fd-com-kunzisoft-keepass-libre-evidence.json#/rows/352,False,unknown
fd-com-kunzisoft-keepass-libre,862f87a30baef06181f049adf7c460611605b25a807eaf3c25841a9dd84bed9e,direct-framework-reference,,android/media/session/MediaSession$Callback,definition-present,unknown,7,0,unknown,fd-com-kunzisoft-keepass-libre-evidence.json#/rows/353,False,unknown
fd-com-kunzisoft-keepass-libre,862f87a30baef06181f049adf7c460611605b25a807eaf3c25841a9dd84bed9e,direct-framework-reference,,android/media/session/MediaSession$QueueItem,definition-present,unknown,11,0,unknown,fd-com-kunzisoft-keepass-libre-evidence.json#/rows/354,False,unknown
fd-com-kunzisoft-keepass-libre,862f87a30baef06181f049adf7c460611605b25a807eaf3c25841a9dd84bed9e,direct-framework-reference,,android/media/session/MediaSession$Token,definition-present,unknown,16,0,unknown,fd-com-kunzisoft-keepass-libre-evidence.json#/rows/355,False,unknown
fd-com-kunzisoft-keepass-libre,862f87a30baef06181f049adf7c460611605b25a807eaf3c25841a9dd84bed9e,direct-framework-reference,,android/media/session/MediaSessionManager,definition-present,unknown,3,0,unknown,fd-com-kunzisoft-keepass-libre-evidence.json#/rows/356,False,unknown
fd-com-kunzisoft-keepass-libre,862f87a30baef06181f049adf7c460611605b25a807eaf3c25841a9dd84bed9e,direct-framework-reference,,android/media/session/MediaSessionManager$RemoteUserInfo,definition-present,unknown,11,0,unknown,fd-com-kunzisoft-keepass-libre-evidence.json#/rows/357,False,unknown
fd-com-kunzisoft-keepass-libre,862f87a30baef06181f049adf7c460611605b25a807eaf3c25841a9dd84bed9e,direct-framework-reference,,android/media/session/PlaybackState,definition-present,unknown,29,0,unknown,fd-com-kunzisoft-keepass-libre-evidence.json#/rows/358,False,unknown
fd-com-kunzisoft-keepass-libre,862f87a30baef06181f049adf7c460611605b25a807eaf3c25841a9dd84bed9e,direct-framework-reference,,android/media/session/PlaybackState$Builder,definition-present,unknown,18,0,unknown,fd-com-kunzisoft-keepass-libre-evidence.json#/rows/359,False,unknown
fd-com-kunzisoft-keepass-libre,862f87a30baef06181f049adf7c460611605b25a807eaf3c25841a9dd84bed9e,direct-framework-reference,,android/media/session/PlaybackState$CustomAction,definition-present,unknown,16,0,unknown,fd-com-kunzisoft-keepass-libre-evidence.json#/rows/360,False,unknown
fd-com-kunzisoft-keepass-libre,862f87a30baef06181f049adf7c460611605b25a807eaf3c25841a9dd84bed9e,direct-framework-reference,,android/media/session/PlaybackState$CustomAction$Builder,definition-present,unknown,6,0,unknown,fd-com-kunzisoft-keepass-libre-evidence.json#/rows/361,False,unknown
fd-com-kunzisoft-keepass-libre,862f87a30baef06181f049adf7c460611605b25a807eaf3c25841a9dd84bed9e,direct-framework-reference,,android/media/tv/TvInputManager,definition-present,unknown,1,0,unknown,fd-com-kunzisoft-keepass-libre-evidence.json#/rows/362,False,unknown
fd-com-kunzisoft-keepass-libre,862f87a30baef06181f049adf7c460611605b25a807eaf3c25841a9dd84bed9e,direct-framework-reference,,android/net/ConnectivityManager,definition-present,unknown,6,0,unknown,fd-com-kunzisoft-keepass-libre-evidence.json#/rows/363,False,unknown
fd-com-kunzisoft-keepass-libre,862f87a30baef06181f049adf7c460611605b25a807eaf3c25841a9dd84bed9e,direct-framework-reference,,android/net/NetworkInfo,definition-present,unknown,1,0,unknown,fd-com-kunzisoft-keepass-libre-evidence.json#/rows/364,False,unknown
fd-com-kunzisoft-keepass-libre,862f87a30baef06181f049adf7c460611605b25a807eaf3c25841a9dd84bed9e,direct-framework-reference,,android/net/TrafficStats,definition-present,unknown,11,0,unknown,fd-com-kunzisoft-keepass-libre-evidence.json#/rows/365,False,unknown
fd-com-kunzisoft-keepass-libre,862f87a30baef06181f049adf7c460611605b25a807eaf3c25841a9dd84bed9e,direct-framework-reference,,android/net/Uri,definition-present,yes-static,797,27,unknown,fd-com-kunzisoft-keepass-libre-evidence.json#/rows/366,False,unknown
fd-com-kunzisoft-keepass-libre,862f87a30baef06181f049adf7c460611605b25a807eaf3c25841a9dd84bed9e,direct-framework-reference,,android/net/Uri$Builder,definition-present,yes-static,4,1,unknown,fd-com-kunzisoft-keepass-libre-evidence.json#/rows/367,False,unknown
fd-com-kunzisoft-keepass-libre,862f87a30baef06181f049adf7c460611605b25a807eaf3c25841a9dd84bed9e,direct-framework-reference,,android/net/nsd/NsdManager,definition-absent,unknown,1,0,unresolvable-in-scanned-inputs,fd-com-kunzisoft-keepass-libre-evidence.json#/rows/368,False,unknown
fd-com-kunzisoft-keepass-libre,862f87a30baef06181f049adf7c460611605b25a807eaf3c25841a9dd84bed9e,direct-framework-reference,,android/net/wifi/WifiManager,definition-present,unknown,1,0,unknown,fd-com-kunzisoft-keepass-libre-evidence.json#/rows/369,False,unknown
fd-com-kunzisoft-keepass-libre,862f87a30baef06181f049adf7c460611605b25a807eaf3c25841a9dd84bed9e,direct-framework-reference,,android/net/wifi/p2p/WifiP2pManager,definition-absent,unknown,1,0,unresolvable-in-scanned-inputs,fd-com-kunzisoft-keepass-libre-evidence.json#/rows/370,False,unknown
fd-com-kunzisoft-keepass-libre,862f87a30baef06181f049adf7c460611605b25a807eaf3c25841a9dd84bed9e,direct-framework-reference,,android/nfc/NfcManager,definition-present,unknown,1,0,unknown,fd-com-kunzisoft-keepass-libre-evidence.json#/rows/371,False,unknown
fd-com-kunzisoft-keepass-libre,862f87a30baef06181f049adf7c460611605b25a807eaf3c25841a9dd84bed9e,direct-framework-reference,,android/os/AsyncTask,definition-present,unknown,11,0,unknown,fd-com-kunzisoft-keepass-libre-evidence.json#/rows/372,False,unknown
fd-com-kunzisoft-keepass-libre,862f87a30baef06181f049adf7c460611605b25a807eaf3c25841a9dd84bed9e,direct-framework-reference,,android/os/BadParcelableException,definition-present,unknown,4,0,unknown,fd-com-kunzisoft-keepass-libre-evidence.json#/rows/373,False,unknown
fd-com-kunzisoft-keepass-libre,862f87a30baef06181f049adf7c460611605b25a807eaf3c25841a9dd84bed9e,direct-framework-reference,,android/os/BatteryManager,definition-present,unknown,1,0,unknown,fd-com-kunzisoft-keepass-libre-evidence.json#/rows/374,False,unknown
fd-com-kunzisoft-keepass-libre,862f87a30baef06181f049adf7c460611605b25a807eaf3c25841a9dd84bed9e,direct-framework-reference,,android/os/Binder,definition-present,unknown,33,0,unknown,fd-com-kunzisoft-keepass-libre-evidence.json#/rows/375,False,unknown
fd-com-kunzisoft-keepass-libre,862f87a30baef06181f049adf7c460611605b25a807eaf3c25841a9dd84bed9e,direct-framework-reference,,android/os/Build,definition-present,yes-static,14,1,unknown,fd-com-kunzisoft-keepass-libre-evidence.json#/rows/376,False,unknown
fd-com-kunzisoft-keepass-libre,862f87a30baef06181f049adf7c460611605b25a807eaf3c25841a9dd84bed9e,direct-framework-reference,,android/os/Build$VERSION,definition-present,yes-static,1318,83,unknown,fd-com-kunzisoft-keepass-libre-evidence.json#/rows/377,False,unknown
fd-com-kunzisoft-keepass-libre,862f87a30baef06181f049adf7c460611605b25a807eaf3c25841a9dd84bed9e,direct-framework-reference,,android/os/Build$VERSION_CODES,definition-present,unknown,1,0,unknown,fd-com-kunzisoft-keepass-libre-evidence.json#/rows/378,False,unknown
fd-com-kunzisoft-keepass-libre,862f87a30baef06181f049adf7c460611605b25a807eaf3c25841a9dd84bed9e,direct-framework-reference,,android/os/Bundle,definition-present,yes-static,1492,49,unknown,fd-com-kunzisoft-keepass-libre-evidence.json#/rows/379,False,unknown
fd-com-kunzisoft-keepass-libre,862f87a30baef06181f049adf7c460611605b25a807eaf3c25841a9dd84bed9e,direct-framework-reference,,android/os/CancellationSignal,definition-present,yes-static,94,5,unknown,fd-com-kunzisoft-keepass-libre-evidence.json#/rows/380,False,unknown
fd-com-kunzisoft-keepass-libre,862f87a30baef06181f049adf7c460611605b25a807eaf3c25841a9dd84bed9e,direct-framework-reference,,android/os/DropBoxManager,definition-present,unknown,1,0,unknown,fd-com-kunzisoft-keepass-libre-evidence.json#/rows/381,False,unknown
fd-com-kunzisoft-keepass-libre,862f87a30baef06181f049adf7c460611605b25a807eaf3c25841a9dd84bed9e,direct-framework-reference,,android/os/Environment,definition-present,unknown,3,0,unknown,fd-com-kunzisoft-keepass-libre-evidence.json#/rows/382,False,unknown
fd-com-kunzisoft-keepass-libre,862f87a30baef06181f049adf7c460611605b25a807eaf3c25841a9dd84bed9e,direct-framework-reference,,android/os/Handler,definition-present,yes-static,301,24,unknown,fd-com-kunzisoft-keepass-libre-evidence.json#/rows/383,False,unknown
fd-com-kunzisoft-keepass-libre,862f87a30baef06181f049adf7c460611605b25a807eaf3c25841a9dd84bed9e,direct-framework-reference,,android/os/Handler$Callback,definition-present,unknown,11,0,unknown,fd-com-kunzisoft-keepass-libre-evidence.json#/rows/384,False,unknown
fd-com-kunzisoft-keepass-libre,862f87a30baef06181f049adf7c460611605b25a807eaf3c25841a9dd84bed9e,direct-framework-reference,,android/os/HandlerThread,definition-present,unknown,5,0,unknown,fd-com-kunzisoft-keepass-libre-evidence.json#/rows/385,False,unknown
fd-com-kunzisoft-keepass-libre,862f87a30baef06181f049adf7c460611605b25a807eaf3c25841a9dd84bed9e,direct-framework-reference,,android/os/IBinder,definition-present,yes-static,216,1,unknown,fd-com-kunzisoft-keepass-libre-evidence.json#/rows/386,False,unknown
fd-com-kunzisoft-keepass-libre,862f87a30baef06181f049adf7c460611605b25a807eaf3c25841a9dd84bed9e,direct-framework-reference,,android/os/IBinder$DeathRecipient,definition-present,unknown,6,0,unknown,fd-com-kunzisoft-keepass-libre-evidence.json#/rows/387,False,unknown
fd-com-kunzisoft-keepass-libre,862f87a30baef06181f049adf7c460611605b25a807eaf3c25841a9dd84bed9e,direct-framework-reference,,android/os/IInterface,definition-present,unknown,46,0,unknown,fd-com-kunzisoft-keepass-libre-evidence.json#/rows/388,False,unknown
fd-com-kunzisoft-keepass-libre,862f87a30baef06181f049adf7c460611605b25a807eaf3c25841a9dd84bed9e,direct-framework-reference,,android/os/LocaleList,definition-present,yes-static,49,14,unknown,fd-com-kunzisoft-keepass-libre-evidence.json#/rows/389,False,unknown
fd-com-kunzisoft-keepass-libre,862f87a30baef06181f049adf7c460611605b25a807eaf3c25841a9dd84bed9e,direct-framework-reference,,android/os/Looper,definition-present,yes-static,97,6,unknown,fd-com-kunzisoft-keepass-libre-evidence.json#/rows/390,False,unknown
fd-com-kunzisoft-keepass-libre,862f87a30baef06181f049adf7c460611605b25a807eaf3c25841a9dd84bed9e,direct-framework-reference,,android/os/Message,definition-present,unknown,53,0,unknown,fd-com-kunzisoft-keepass-libre-evidence.json#/rows/391,False,unknown
fd-com-kunzisoft-keepass-libre,862f87a30baef06181f049adf7c460611605b25a807eaf3c25841a9dd84bed9e,direct-framework-reference,,android/os/Messenger,definition-present,unknown,44,0,unknown,fd-com-kunzisoft-keepass-libre-evidence.json#/rows/392,False,unknown
fd-com-kunzisoft-keepass-libre,862f87a30baef06181f049adf7c460611605b25a807eaf3c25841a9dd84bed9e,direct-framework-reference,,android/os/NetworkOnMainThreadException,definition-present,unknown,2,0,unknown,fd-com-kunzisoft-keepass-libre-evidence.json#/rows/393,False,unknown
fd-com-kunzisoft-keepass-libre,862f87a30baef06181f049adf7c460611605b25a807eaf3c25841a9dd84bed9e,direct-framework-reference,,android/os/OperationCanceledException,definition-present,unknown,1,0,unknown,fd-com-kunzisoft-keepass-libre-evidence.json#/rows/394,False,unknown
fd-com-kunzisoft-keepass-libre,862f87a30baef06181f049adf7c460611605b25a807eaf3c25841a9dd84bed9e,direct-framework-reference,,android/os/OutcomeReceiver,definition-present,unknown,36,0,unknown,fd-com-kunzisoft-keepass-libre-evidence.json#/rows/395,False,unknown
fd-com-kunzisoft-keepass-libre,862f87a30baef06181f049adf7c460611605b25a807eaf3c25841a9dd84bed9e,direct-framework-reference,,android/os/Parcel,definition-present,unknown,816,0,unknown,fd-com-kunzisoft-keepass-libre-evidence.json#/rows/396,False,unknown
fd-com-kunzisoft-keepass-libre,862f87a30baef06181f049adf7c460611605b25a807eaf3c25841a9dd84bed9e,direct-framework-reference,,android/os/ParcelFileDescriptor,definition-present,yes-static,17,2,unknown,fd-com-kunzisoft-keepass-libre-evidence.json#/rows/397,False,unknown
fd-com-kunzisoft-keepass-libre,862f87a30baef06181f049adf7c460611605b25a807eaf3c25841a9dd84bed9e,direct-framework-reference,,android/os/ParcelUuid,definition-present,unknown,12,0,unknown,fd-com-kunzisoft-keepass-libre-evidence.json#/rows/398,False,unknown
fd-com-kunzisoft-keepass-libre,862f87a30baef06181f049adf7c460611605b25a807eaf3c25841a9dd84bed9e,direct-framework-reference,,android/os/Parcelable,definition-present,yes-static,562,12,unknown,fd-com-kunzisoft-keepass-libre-evidence.json#/rows/399,False,unknown
fd-com-kunzisoft-keepass-libre,862f87a30baef06181f049adf7c460611605b25a807eaf3c25841a9dd84bed9e,direct-framework-reference,,android/os/Parcelable$Creator,definition-present,yes-static,153,3,unknown,fd-com-kunzisoft-keepass-libre-evidence.json#/rows/400,False,unknown
fd-com-kunzisoft-keepass-libre,862f87a30baef06181f049adf7c460611605b25a807eaf3c25841a9dd84bed9e,direct-framework-reference,,android/os/PersistableBundle,definition-present,unknown,36,0,unknown,fd-com-kunzisoft-keepass-libre-evidence.json#/rows/401,False,unknown
fd-com-kunzisoft-keepass-libre,862f87a30baef06181f049adf7c460611605b25a807eaf3c25841a9dd84bed9e,direct-framework-reference,,android/os/PowerManager,definition-present,yes-static,7,1,unknown,fd-com-kunzisoft-keepass-libre-evidence.json#/rows/402,False,unknown
fd-com-kunzisoft-keepass-libre,862f87a30baef06181f049adf7c460611605b25a807eaf3c25841a9dd84bed9e,direct-framework-reference,,android/os/PowerManager$WakeLock,definition-present,unknown,6,0,unknown,fd-com-kunzisoft-keepass-libre-evidence.json#/rows/403,False,unknown
fd-com-kunzisoft-keepass-libre,862f87a30baef06181f049adf7c460611605b25a807eaf3c25841a9dd84bed9e,direct-framework-reference,,android/os/Process,definition-present,unknown,13,0,unknown,fd-com-kunzisoft-keepass-libre-evidence.json#/rows/404,False,unknown
fd-com-kunzisoft-keepass-libre,862f87a30baef06181f049adf7c460611605b25a807eaf3c25841a9dd84bed9e,direct-framework-reference,,android/os/RemoteCallbackList,definition-present,unknown,29,0,unknown,fd-com-kunzisoft-keepass-libre-evidence.json#/rows/405,False,unknown
fd-com-kunzisoft-keepass-libre,862f87a30baef06181f049adf7c460611605b25a807eaf3c25841a9dd84bed9e,direct-framework-reference,,android/os/ResultReceiver,definition-present,unknown,17,0,unknown,fd-com-kunzisoft-keepass-libre-evidence.json#/rows/406,False,unknown
fd-com-kunzisoft-keepass-libre,862f87a30baef06181f049adf7c460611605b25a807eaf3c25841a9dd84bed9e,direct-framework-reference,,android/os/StrictMode,definition-present,unknown,1,0,unknown,fd-com-kunzisoft-keepass-libre-evidence.json#/rows/407,False,unknown
fd-com-kunzisoft-keepass-libre,862f87a30baef06181f049adf7c460611605b25a807eaf3c25841a9dd84bed9e,direct-framework-reference,,android/os/StrictMode$ThreadPolicy,definition-present,unknown,1,0,unknown,fd-com-kunzisoft-keepass-libre-evidence.json#/rows/408,False,unknown
fd-com-kunzisoft-keepass-libre,862f87a30baef06181f049adf7c460611605b25a807eaf3c25841a9dd84bed9e,direct-framework-reference,,android/os/SystemClock,definition-present,yes-static,38,1,unknown,fd-com-kunzisoft-keepass-libre-evidence.json#/rows/409,False,unknown
fd-com-kunzisoft-keepass-libre,862f87a30baef06181f049adf7c460611605b25a807eaf3c25841a9dd84bed9e,direct-framework-reference,,android/os/Trace,definition-present,yes-static,17,1,unknown,fd-com-kunzisoft-keepass-libre-evidence.json#/rows/410,False,unknown
fd-com-kunzisoft-keepass-libre,862f87a30baef06181f049adf7c460611605b25a807eaf3c25841a9dd84bed9e,direct-framework-reference,,android/os/UserHandle,definition-present,unknown,9,0,unknown,fd-com-kunzisoft-keepass-libre-evidence.json#/rows/411,False,unknown
fd-com-kunzisoft-keepass-libre,862f87a30baef06181f049adf7c460611605b25a807eaf3c25841a9dd84bed9e,direct-framework-reference,,android/os/UserManager,definition-present,unknown,2,0,unknown,fd-com-kunzisoft-keepass-libre-evidence.json#/rows/412,False,unknown
fd-com-kunzisoft-keepass-libre,862f87a30baef06181f049adf7c460611605b25a807eaf3c25841a9dd84bed9e,direct-framework-reference,,android/os/Vibrator,definition-present,unknown,1,0,unknown,fd-com-kunzisoft-keepass-libre-evidence.json#/rows/413,False,unknown
fd-com-kunzisoft-keepass-libre,862f87a30baef06181f049adf7c460611605b25a807eaf3c25841a9dd84bed9e,direct-framework-reference,,android/os/ext/SdkExtensions,definition-present,unknown,1,0,unknown,fd-com-kunzisoft-keepass-libre-evidence.json#/rows/414,False,unknown
fd-com-kunzisoft-keepass-libre,862f87a30baef06181f049adf7c460611605b25a807eaf3c25841a9dd84bed9e,direct-framework-reference,,android/os/storage/StorageManager,definition-present,unknown,1,0,unknown,fd-com-kunzisoft-keepass-libre-evidence.json#/rows/415,False,unknown
fd-com-kunzisoft-keepass-libre,862f87a30baef06181f049adf7c460611605b25a807eaf3c25841a9dd84bed9e,direct-framework-reference,,android/print/PageRange,definition-present,unknown,1,0,unknown,fd-com-kunzisoft-keepass-libre-evidence.json#/rows/416,False,unknown
fd-com-kunzisoft-keepass-libre,862f87a30baef06181f049adf7c460611605b25a807eaf3c25841a9dd84bed9e,direct-framework-reference,,android/print/PrintAttributes,definition-present,unknown,13,0,unknown,fd-com-kunzisoft-keepass-libre-evidence.json#/rows/417,False,unknown
fd-com-kunzisoft-keepass-libre,862f87a30baef06181f049adf7c460611605b25a807eaf3c25841a9dd84bed9e,direct-framework-reference,,android/print/PrintAttributes$Builder,definition-present,unknown,5,0,unknown,fd-com-kunzisoft-keepass-libre-evidence.json#/rows/418,False,unknown
fd-com-kunzisoft-keepass-libre,862f87a30baef06181f049adf7c460611605b25a807eaf3c25841a9dd84bed9e,direct-framework-reference,,android/print/PrintAttributes$Margins,definition-present,unknown,2,0,unknown,fd-com-kunzisoft-keepass-libre-evidence.json#/rows/419,False,unknown
fd-com-kunzisoft-keepass-libre,862f87a30baef06181f049adf7c460611605b25a807eaf3c25841a9dd84bed9e,direct-framework-reference,,android/print/PrintAttributes$MediaSize,definition-present,unknown,4,0,unknown,fd-com-kunzisoft-keepass-libre-evidence.json#/rows/420,False,unknown
fd-com-kunzisoft-keepass-libre,862f87a30baef06181f049adf7c460611605b25a807eaf3c25841a9dd84bed9e,direct-framework-reference,,android/print/PrintAttributes$Resolution,definition-present,unknown,1,0,unknown,fd-com-kunzisoft-keepass-libre-evidence.json#/rows/421,False,unknown
fd-com-kunzisoft-keepass-libre,862f87a30baef06181f049adf7c460611605b25a807eaf3c25841a9dd84bed9e,direct-framework-reference,,android/print/PrintDocumentAdapter,definition-present,unknown,5,0,unknown,fd-com-kunzisoft-keepass-libre-evidence.json#/rows/422,False,unknown
fd-com-kunzisoft-keepass-libre,862f87a30baef06181f049adf7c460611605b25a807eaf3c25841a9dd84bed9e,direct-framework-reference,,android/print/PrintDocumentAdapter$LayoutResultCallback,definition-present,unknown,5,0,unknown,fd-com-kunzisoft-keepass-libre-evidence.json#/rows/423,False,unknown
fd-com-kunzisoft-keepass-libre,862f87a30baef06181f049adf7c460611605b25a807eaf3c25841a9dd84bed9e,direct-framework-reference,,android/print/PrintDocumentAdapter$WriteResultCallback,definition-present,unknown,5,0,unknown,fd-com-kunzisoft-keepass-libre-evidence.json#/rows/424,False,unknown
fd-com-kunzisoft-keepass-libre,862f87a30baef06181f049adf7c460611605b25a807eaf3c25841a9dd84bed9e,direct-framework-reference,,android/print/PrintDocumentInfo,definition-present,unknown,3,0,unknown,fd-com-kunzisoft-keepass-libre-evidence.json#/rows/425,False,unknown
fd-com-kunzisoft-keepass-libre,862f87a30baef06181f049adf7c460611605b25a807eaf3c25841a9dd84bed9e,direct-framework-reference,,android/print/PrintDocumentInfo$Builder,definition-present,unknown,3,0,unknown,fd-com-kunzisoft-keepass-libre-evidence.json#/rows/426,False,unknown
fd-com-kunzisoft-keepass-libre,862f87a30baef06181f049adf7c460611605b25a807eaf3c25841a9dd84bed9e,direct-framework-reference,,android/print/PrintJob,definition-present,unknown,2,0,unknown,fd-com-kunzisoft-keepass-libre-evidence.json#/rows/427,False,unknown
fd-com-kunzisoft-keepass-libre,862f87a30baef06181f049adf7c460611605b25a807eaf3c25841a9dd84bed9e,direct-framework-reference,,android/print/PrintManager,definition-present,unknown,3,0,unknown,fd-com-kunzisoft-keepass-libre-evidence.json#/rows/428,False,unknown
fd-com-kunzisoft-keepass-libre,862f87a30baef06181f049adf7c460611605b25a807eaf3c25841a9dd84bed9e,direct-framework-reference,,android/print/pdf/PrintedPdfDocument,definition-present,unknown,1,0,unknown,fd-com-kunzisoft-keepass-libre-evidence.json#/rows/429,False,unknown
fd-com-kunzisoft-keepass-libre,862f87a30baef06181f049adf7c460611605b25a807eaf3c25841a9dd84bed9e,direct-framework-reference,,android/provider/DocumentsContract,definition-present,unknown,24,0,unknown,fd-com-kunzisoft-keepass-libre-evidence.json#/rows/430,False,unknown
fd-com-kunzisoft-keepass-libre,862f87a30baef06181f049adf7c460611605b25a807eaf3c25841a9dd84bed9e,direct-framework-reference,,android/provider/MediaStore,definition-present,unknown,1,0,unknown,fd-com-kunzisoft-keepass-libre-evidence.json#/rows/431,False,unknown
fd-com-kunzisoft-keepass-libre,862f87a30baef06181f049adf7c460611605b25a807eaf3c25841a9dd84bed9e,direct-framework-reference,,android/provider/Settings$Global,definition-present,unknown,1,0,unknown,fd-com-kunzisoft-keepass-libre-evidence.json#/rows/432,False,unknown
fd-com-kunzisoft-keepass-libre,862f87a30baef06181f049adf7c460611605b25a807eaf3c25841a9dd84bed9e,direct-framework-reference,,android/provider/Settings$Secure,definition-present,unknown,5,0,unknown,fd-com-kunzisoft-keepass-libre-evidence.json#/rows/433,False,unknown
fd-com-kunzisoft-keepass-libre,862f87a30baef06181f049adf7c460611605b25a807eaf3c25841a9dd84bed9e,direct-framework-reference,,android/provider/Settings$System,definition-present,unknown,1,0,unknown,fd-com-kunzisoft-keepass-libre-evidence.json#/rows/434,False,unknown
fd-com-kunzisoft-keepass-libre,862f87a30baef06181f049adf7c460611605b25a807eaf3c25841a9dd84bed9e,direct-framework-reference,,android/security/identity/IdentityCredential,definition-present,unknown,10,0,unknown,fd-com-kunzisoft-keepass-libre-evidence.json#/rows/435,False,unknown
fd-com-kunzisoft-keepass-libre,862f87a30baef06181f049adf7c460611605b25a807eaf3c25841a9dd84bed9e,direct-framework-reference,,android/security/keystore/KeyGenParameterSpec,definition-present,unknown,5,0,unknown,fd-com-kunzisoft-keepass-libre-evidence.json#/rows/436,False,unknown
fd-com-kunzisoft-keepass-libre,862f87a30baef06181f049adf7c460611605b25a807eaf3c25841a9dd84bed9e,direct-framework-reference,,android/security/keystore/KeyGenParameterSpec$Builder,definition-present,unknown,15,0,unknown,fd-com-kunzisoft-keepass-libre-evidence.json#/rows/437,False,unknown
fd-com-kunzisoft-keepass-libre,862f87a30baef06181f049adf7c460611605b25a807eaf3c25841a9dd84bed9e,direct-framework-reference,,android/security/keystore/KeyPermanentlyInvalidatedException,definition-present,unknown,1,0,unknown,fd-com-kunzisoft-keepass-libre-evidence.json#/rows/438,False,unknown
fd-com-kunzisoft-keepass-libre,862f87a30baef06181f049adf7c460611605b25a807eaf3c25841a9dd84bed9e,direct-framework-reference,,android/security/keystore/UserNotAuthenticatedException,definition-present,unknown,1,0,unknown,fd-com-kunzisoft-keepass-libre-evidence.json#/rows/439,False,unknown
fd-com-kunzisoft-keepass-libre,862f87a30baef06181f049adf7c460611605b25a807eaf3c25841a9dd84bed9e,direct-framework-reference,,android/service/autofill/AutofillService,definition-present,unknown,3,0,unknown,fd-com-kunzisoft-keepass-libre-evidence.json#/rows/440,False,unknown
fd-com-kunzisoft-keepass-libre,862f87a30baef06181f049adf7c460611605b25a807eaf3c25841a9dd84bed9e,direct-framework-reference,,android/service/autofill/Dataset,definition-present,unknown,4,0,unknown,fd-com-kunzisoft-keepass-libre-evidence.json#/rows/441,False,unknown
fd-com-kunzisoft-keepass-libre,862f87a30baef06181f049adf7c460611605b25a807eaf3c25841a9dd84bed9e,direct-framework-reference,,android/service/autofill/Dataset$Builder,definition-present,unknown,9,0,unknown,fd-com-kunzisoft-keepass-libre-evidence.json#/rows/442,False,unknown
fd-com-kunzisoft-keepass-libre,862f87a30baef06181f049adf7c460611605b25a807eaf3c25841a9dd84bed9e,direct-framework-reference,,android/service/autofill/Field,definition-present,unknown,3,0,unknown,fd-com-kunzisoft-keepass-libre-evidence.json#/rows/443,False,unknown
fd-com-kunzisoft-keepass-libre,862f87a30baef06181f049adf7c460611605b25a807eaf3c25841a9dd84bed9e,direct-framework-reference,,android/service/autofill/Field$Builder,definition-present,unknown,3,0,unknown,fd-com-kunzisoft-keepass-libre-evidence.json#/rows/444,False,unknown
fd-com-kunzisoft-keepass-libre,862f87a30baef06181f049adf7c460611605b25a807eaf3c25841a9dd84bed9e,direct-framework-reference,,android/service/autofill/FillCallback,definition-present,unknown,16,0,unknown,fd-com-kunzisoft-keepass-libre-evidence.json#/rows/445,False,unknown
fd-com-kunzisoft-keepass-libre,862f87a30baef06181f049adf7c460611605b25a807eaf3c25841a9dd84bed9e,direct-framework-reference,,android/service/autofill/FillContext,definition-present,unknown,4,0,unknown,fd-com-kunzisoft-keepass-libre-evidence.json#/rows/446,False,unknown
fd-com-kunzisoft-keepass-libre,862f87a30baef06181f049adf7c460611605b25a807eaf3c25841a9dd84bed9e,direct-framework-reference,,android/service/autofill/FillRequest,definition-present,unknown,5,0,unknown,fd-com-kunzisoft-keepass-libre-evidence.json#/rows/447,False,unknown
fd-com-kunzisoft-keepass-libre,862f87a30baef06181f049adf7c460611605b25a807eaf3c25841a9dd84bed9e,direct-framework-reference,,android/service/autofill/FillResponse,definition-present,unknown,6,0,unknown,fd-com-kunzisoft-keepass-libre-evidence.json#/rows/448,False,unknown
fd-com-kunzisoft-keepass-libre,862f87a30baef06181f049adf7c460611605b25a807eaf3c25841a9dd84bed9e,direct-framework-reference,,android/service/autofill/FillResponse$Builder,definition-present,unknown,9,0,unknown,fd-com-kunzisoft-keepass-libre-evidence.json#/rows/449,False,unknown
fd-com-kunzisoft-keepass-libre,862f87a30baef06181f049adf7c460611605b25a807eaf3c25841a9dd84bed9e,direct-framework-reference,,android/service/autofill/InlinePresentation,definition-present,unknown,9,0,unknown,fd-com-kunzisoft-keepass-libre-evidence.json#/rows/450,False,unknown
fd-com-kunzisoft-keepass-libre,862f87a30baef06181f049adf7c460611605b25a807eaf3c25841a9dd84bed9e,direct-framework-reference,,android/service/autofill/Presentations,definition-present,unknown,5,0,unknown,fd-com-kunzisoft-keepass-libre-evidence.json#/rows/451,False,unknown
fd-com-kunzisoft-keepass-libre,862f87a30baef06181f049adf7c460611605b25a807eaf3c25841a9dd84bed9e,direct-framework-reference,,android/service/autofill/Presentations$Builder,definition-present,unknown,7,0,unknown,fd-com-kunzisoft-keepass-libre-evidence.json#/rows/452,False,unknown
fd-com-kunzisoft-keepass-libre,862f87a30baef06181f049adf7c460611605b25a807eaf3c25841a9dd84bed9e,direct-framework-reference,,android/service/autofill/SaveCallback,definition-present,unknown,3,0,unknown,fd-com-kunzisoft-keepass-libre-evidence.json#/rows/453,False,unknown
fd-com-kunzisoft-keepass-libre,862f87a30baef06181f049adf7c460611605b25a807eaf3c25841a9dd84bed9e,direct-framework-reference,,android/service/autofill/SaveInfo,definition-present,unknown,3,0,unknown,fd-com-kunzisoft-keepass-libre-evidence.json#/rows/454,False,unknown
fd-com-kunzisoft-keepass-libre,862f87a30baef06181f049adf7c460611605b25a807eaf3c25841a9dd84bed9e,direct-framework-reference,,android/service/autofill/SaveInfo$Builder,definition-present,unknown,3,0,unknown,fd-com-kunzisoft-keepass-libre-evidence.json#/rows/455,False,unknown
fd-com-kunzisoft-keepass-libre,862f87a30baef06181f049adf7c460611605b25a807eaf3c25841a9dd84bed9e,direct-framework-reference,,android/service/autofill/SaveRequest,definition-present,unknown,2,0,unknown,fd-com-kunzisoft-keepass-libre-evidence.json#/rows/456,False,unknown
fd-com-kunzisoft-keepass-libre,862f87a30baef06181f049adf7c460611605b25a807eaf3c25841a9dd84bed9e,direct-framework-reference,,android/service/credentials/Action,definition-present,unknown,10,0,unknown,fd-com-kunzisoft-keepass-libre-evidence.json#/rows/457,False,unknown
fd-com-kunzisoft-keepass-libre,862f87a30baef06181f049adf7c460611605b25a807eaf3c25841a9dd84bed9e,direct-framework-reference,,android/service/credentials/BeginCreateCredentialRequest,definition-present,unknown,9,0,unknown,fd-com-kunzisoft-keepass-libre-evidence.json#/rows/458,False,unknown
fd-com-kunzisoft-keepass-libre,862f87a30baef06181f049adf7c460611605b25a807eaf3c25841a9dd84bed9e,direct-framework-reference,,android/service/credentials/BeginCreateCredentialResponse,definition-present,unknown,8,0,unknown,fd-com-kunzisoft-keepass-libre-evidence.json#/rows/459,False,unknown
fd-com-kunzisoft-keepass-libre,862f87a30baef06181f049adf7c460611605b25a807eaf3c25841a9dd84bed9e,direct-framework-reference,,android/service/credentials/BeginCreateCredentialResponse$Builder,definition-present,unknown,6,0,unknown,fd-com-kunzisoft-keepass-libre-evidence.json#/rows/460,False,unknown
fd-com-kunzisoft-keepass-libre,862f87a30baef06181f049adf7c460611605b25a807eaf3c25841a9dd84bed9e,direct-framework-reference,,android/service/credentials/BeginGetCredentialOption,definition-present,unknown,13,0,unknown,fd-com-kunzisoft-keepass-libre-evidence.json#/rows/461,False,unknown
fd-com-kunzisoft-keepass-libre,862f87a30baef06181f049adf7c460611605b25a807eaf3c25841a9dd84bed9e,direct-framework-reference,,android/service/credentials/BeginGetCredentialRequest,definition-present,unknown,12,0,unknown,fd-com-kunzisoft-keepass-libre-evidence.json#/rows/462,False,unknown
fd-com-kunzisoft-keepass-libre,862f87a30baef06181f049adf7c460611605b25a807eaf3c25841a9dd84bed9e,direct-framework-reference,,android/service/credentials/BeginGetCredentialRequest$Builder,definition-present,unknown,4,0,unknown,fd-com-kunzisoft-keepass-libre-evidence.json#/rows/463,False,unknown
fd-com-kunzisoft-keepass-libre,862f87a30baef06181f049adf7c460611605b25a807eaf3c25841a9dd84bed9e,direct-framework-reference,,android/service/credentials/BeginGetCredentialResponse,definition-present,unknown,14,0,unknown,fd-com-kunzisoft-keepass-libre-evidence.json#/rows/464,False,unknown
fd-com-kunzisoft-keepass-libre,862f87a30baef06181f049adf7c460611605b25a807eaf3c25841a9dd84bed9e,direct-framework-reference,,android/service/credentials/BeginGetCredentialResponse$Builder,definition-present,unknown,10,0,unknown,fd-com-kunzisoft-keepass-libre-evidence.json#/rows/465,False,unknown
fd-com-kunzisoft-keepass-libre,862f87a30baef06181f049adf7c460611605b25a807eaf3c25841a9dd84bed9e,direct-framework-reference,,android/service/credentials/CallingAppInfo,definition-present,unknown,16,0,unknown,fd-com-kunzisoft-keepass-libre-evidence.json#/rows/466,False,unknown
fd-com-kunzisoft-keepass-libre,862f87a30baef06181f049adf7c460611605b25a807eaf3c25841a9dd84bed9e,direct-framework-reference,,android/service/credentials/ClearCredentialStateRequest,definition-present,unknown,4,0,unknown,fd-com-kunzisoft-keepass-libre-evidence.json#/rows/467,False,unknown
fd-com-kunzisoft-keepass-libre,862f87a30baef06181f049adf7c460611605b25a807eaf3c25841a9dd84bed9e,direct-framework-reference,,android/service/credentials/CreateCredentialRequest,definition-present,unknown,6,0,unknown,fd-com-kunzisoft-keepass-libre-evidence.json#/rows/468,False,unknown
fd-com-kunzisoft-keepass-libre,862f87a30baef06181f049adf7c460611605b25a807eaf3c25841a9dd84bed9e,direct-framework-reference,,android/service/credentials/CreateEntry,definition-present,unknown,6,0,unknown,fd-com-kunzisoft-keepass-libre-evidence.json#/rows/469,False,unknown
fd-com-kunzisoft-keepass-libre,862f87a30baef06181f049adf7c460611605b25a807eaf3c25841a9dd84bed9e,direct-framework-reference,,android/service/credentials/CredentialEntry,definition-present,unknown,6,0,unknown,fd-com-kunzisoft-keepass-libre-evidence.json#/rows/470,False,unknown
fd-com-kunzisoft-keepass-libre,862f87a30baef06181f049adf7c460611605b25a807eaf3c25841a9dd84bed9e,direct-framework-reference,,android/service/credentials/CredentialProviderService,definition-present,unknown,1,0,unknown,fd-com-kunzisoft-keepass-libre-evidence.json#/rows/471,False,unknown
fd-com-kunzisoft-keepass-libre,862f87a30baef06181f049adf7c460611605b25a807eaf3c25841a9dd84bed9e,direct-framework-reference,,android/service/credentials/GetCredentialRequest,definition-present,unknown,5,0,unknown,fd-com-kunzisoft-keepass-libre-evidence.json#/rows/472,False,unknown
fd-com-kunzisoft-keepass-libre,862f87a30baef06181f049adf7c460611605b25a807eaf3c25841a9dd84bed9e,direct-framework-reference,,android/service/credentials/RemoteEntry,definition-present,unknown,9,0,unknown,fd-com-kunzisoft-keepass-libre-evidence.json#/rows/473,False,unknown
fd-com-kunzisoft-keepass-libre,862f87a30baef06181f049adf7c460611605b25a807eaf3c25841a9dd84bed9e,direct-framework-reference,,android/service/media/MediaBrowserService,definition-present,unknown,17,0,unknown,fd-com-kunzisoft-keepass-libre-evidence.json#/rows/474,False,unknown
fd-com-kunzisoft-keepass-libre,862f87a30baef06181f049adf7c460611605b25a807eaf3c25841a9dd84bed9e,direct-framework-reference,,android/service/media/MediaBrowserService$BrowserRoot,definition-present,unknown,1,0,unknown,fd-com-kunzisoft-keepass-libre-evidence.json#/rows/475,False,unknown
fd-com-kunzisoft-keepass-libre,862f87a30baef06181f049adf7c460611605b25a807eaf3c25841a9dd84bed9e,direct-framework-reference,,android/service/media/MediaBrowserService$Result,definition-present,unknown,8,0,unknown,fd-com-kunzisoft-keepass-libre-evidence.json#/rows/476,False,unknown
fd-com-kunzisoft-keepass-libre,862f87a30baef06181f049adf7c460611605b25a807eaf3c25841a9dd84bed9e,direct-framework-reference,,android/support/v4/app/INotificationSideChannel,app-definition-present,unknown,7,0,unknown,fd-com-kunzisoft-keepass-libre-evidence.json#/rows/477,False,unknown
fd-com-kunzisoft-keepass-libre,862f87a30baef06181f049adf7c460611605b25a807eaf3c25841a9dd84bed9e,direct-framework-reference,,android/support/v4/app/INotificationSideChannel$Stub,app-definition-present,unknown,5,0,unknown,fd-com-kunzisoft-keepass-libre-evidence.json#/rows/478,False,unknown
fd-com-kunzisoft-keepass-libre,862f87a30baef06181f049adf7c460611605b25a807eaf3c25841a9dd84bed9e,direct-framework-reference,,android/support/v4/app/INotificationSideChannel$Stub$Proxy,app-definition-present,unknown,7,0,unknown,fd-com-kunzisoft-keepass-libre-evidence.json#/rows/479,False,unknown
fd-com-kunzisoft-keepass-libre,862f87a30baef06181f049adf7c460611605b25a807eaf3c25841a9dd84bed9e,direct-framework-reference,,android/support/v4/app/INotificationSideChannel$_Parcel,app-definition-present,unknown,4,0,unknown,fd-com-kunzisoft-keepass-libre-evidence.json#/rows/480,False,unknown
fd-com-kunzisoft-keepass-libre,862f87a30baef06181f049adf7c460611605b25a807eaf3c25841a9dd84bed9e,direct-framework-reference,,android/support/v4/media/MediaBrowserCompat,app-definition-present,unknown,29,0,unknown,fd-com-kunzisoft-keepass-libre-evidence.json#/rows/481,False,unknown
fd-com-kunzisoft-keepass-libre,862f87a30baef06181f049adf7c460611605b25a807eaf3c25841a9dd84bed9e,direct-framework-reference,,android/support/v4/media/MediaBrowserCompat$Api21Impl,app-definition-present,unknown,1,0,unknown,fd-com-kunzisoft-keepass-libre-evidence.json#/rows/482,False,unknown
fd-com-kunzisoft-keepass-libre,862f87a30baef06181f049adf7c460611605b25a807eaf3c25841a9dd84bed9e,direct-framework-reference,,android/support/v4/media/MediaBrowserCompat$CallbackHandler,app-definition-present,unknown,19,0,unknown,fd-com-kunzisoft-keepass-libre-evidence.json#/rows/483,False,unknown
fd-com-kunzisoft-keepass-libre,862f87a30baef06181f049adf7c460611605b25a807eaf3c25841a9dd84bed9e,direct-framework-reference,,android/support/v4/media/MediaBrowserCompat$ConnectionCallback,app-definition-present,unknown,18,0,unknown,fd-com-kunzisoft-keepass-libre-evidence.json#/rows/484,False,unknown
fd-com-kunzisoft-keepass-libre,862f87a30baef06181f049adf7c460611605b25a807eaf3c25841a9dd84bed9e,direct-framework-reference,,android/support/v4/media/MediaBrowserCompat$ConnectionCallback$ConnectionCallbackApi21,app-definition-present,unknown,5,0,unknown,fd-com-kunzisoft-keepass-libre-evidence.json#/rows/485,False,unknown
fd-com-kunzisoft-keepass-libre,862f87a30baef06181f049adf7c460611605b25a807eaf3c25841a9dd84bed9e,direct-framework-reference,,android/support/v4/media/MediaBrowserCompat$ConnectionCallback$ConnectionCallbackInternal,app-definition-present,unknown,5,0,unknown,fd-com-kunzisoft-keepass-libre-evidence.json#/rows/486,False,unknown
fd-com-kunzisoft-keepass-libre,862f87a30baef06181f049adf7c460611605b25a807eaf3c25841a9dd84bed9e,direct-framework-reference,,android/support/v4/media/MediaBrowserCompat$CustomActionCallback,app-definition-present,unknown,11,0,unknown,fd-com-kunzisoft-keepass-libre-evidence.json#/rows/487,False,unknown
fd-com-kunzisoft-keepass-libre,862f87a30baef06181f049adf7c460611605b25a807eaf3c25841a9dd84bed9e,direct-framework-reference,,android/support/v4/media/MediaBrowserCompat$CustomActionResultReceiver,app-definition-present,unknown,4,0,unknown,fd-com-kunzisoft-keepass-libre-evidence.json#/rows/488,False,unknown
fd-com-kunzisoft-keepass-libre,862f87a30baef06181f049adf7c460611605b25a807eaf3c25841a9dd84bed9e,direct-framework-reference,,android/support/v4/media/MediaBrowserCompat$ItemCallback,app-definition-present,unknown,20,0,unknown,fd-com-kunzisoft-keepass-libre-evidence.json#/rows/489,False,unknown
fd-com-kunzisoft-keepass-libre,862f87a30baef06181f049adf7c460611605b25a807eaf3c25841a9dd84bed9e,direct-framework-reference,,android/support/v4/media/MediaBrowserCompat$ItemCallback$ItemCallbackApi23,app-definition-present,unknown,4,0,unknown,fd-com-kunzisoft-keepass-libre-evidence.json#/rows/490,False,unknown
fd-com-kunzisoft-keepass-libre,862f87a30baef06181f049adf7c460611605b25a807eaf3c25841a9dd84bed9e,direct-framework-reference,,android/support/v4/media/MediaBrowserCompat$ItemReceiver,app-definition-present,unknown,4,0,unknown,fd-com-kunzisoft-keepass-libre-evidence.json#/rows/491,False,unknown
fd-com-kunzisoft-keepass-libre,862f87a30baef06181f049adf7c460611605b25a807eaf3c25841a9dd84bed9e,direct-framework-reference,,android/support/v4/media/MediaBrowserCompat$MediaBrowserImpl,app-definition-present,unknown,16,0,unknown,fd-com-kunzisoft-keepass-libre-evidence.json#/rows/492,False,unknown
fd-com-kunzisoft-keepass-libre,862f87a30baef06181f049adf7c460611605b25a807eaf3c25841a9dd84bed9e,direct-framework-reference,,android/support/v4/media/MediaBrowserCompat$MediaBrowserImplApi21,app-definition-present,unknown,27,0,unknown,fd-com-kunzisoft-keepass-libre-evidence.json#/rows/493,False,unknown
fd-com-kunzisoft-keepass-libre,862f87a30baef06181f049adf7c460611605b25a807eaf3c25841a9dd84bed9e,direct-framework-reference,,android/support/v4/media/MediaBrowserCompat$MediaBrowserImplApi21$1,app-definition-present,unknown,3,0,unknown,fd-com-kunzisoft-keepass-libre-evidence.json#/rows/494,False,unknown
fd-com-kunzisoft-keepass-libre,862f87a30baef06181f049adf7c460611605b25a807eaf3c25841a9dd84bed9e,direct-framework-reference,,android/support/v4/media/MediaBrowserCompat$MediaBrowserImplApi21$2,app-definition-present,unknown,3,0,unknown,fd-com-kunzisoft-keepass-libre-evidence.json#/rows/495,False,unknown
fd-com-kunzisoft-keepass-libre,862f87a30baef06181f049adf7c460611605b25a807eaf3c25841a9dd84bed9e,direct-framework-reference,,android/support/v4/media/MediaBrowserCompat$MediaBrowserImplApi21$3,app-definition-present,unknown,3,0,unknown,fd-com-kunzisoft-keepass-libre-evidence.json#/rows/496,False,unknown
fd-com-kunzisoft-keepass-libre,862f87a30baef06181f049adf7c460611605b25a807eaf3c25841a9dd84bed9e,direct-framework-reference,,android/support/v4/media/MediaBrowserCompat$MediaBrowserImplApi21$4,app-definition-present,unknown,3,0,unknown,fd-com-kunzisoft-keepass-libre-evidence.json#/rows/497,False,unknown
fd-com-kunzisoft-keepass-libre,862f87a30baef06181f049adf7c460611605b25a807eaf3c25841a9dd84bed9e,direct-framework-reference,,android/support/v4/media/MediaBrowserCompat$MediaBrowserImplApi21$5,app-definition-present,unknown,3,0,unknown,fd-com-kunzisoft-keepass-libre-evidence.json#/rows/498,False,unknown
fd-com-kunzisoft-keepass-libre,862f87a30baef06181f049adf7c460611605b25a807eaf3c25841a9dd84bed9e,direct-framework-reference,,android/support/v4/media/MediaBrowserCompat$MediaBrowserImplApi21$6,app-definition-present,unknown,3,0,unknown,fd-com-kunzisoft-keepass-libre-evidence.json#/rows/499,False,unknown
fd-com-kunzisoft-keepass-libre,862f87a30baef06181f049adf7c460611605b25a807eaf3c25841a9dd84bed9e,direct-framework-reference,,android/support/v4/media/MediaBrowserCompat$MediaBrowserImplApi21$7,app-definition-present,unknown,3,0,unknown,fd-com-kunzisoft-keepass-libre-evidence.json#/rows/500,False,unknown
fd-com-kunzisoft-keepass-libre,862f87a30baef06181f049adf7c460611605b25a807eaf3c25841a9dd84bed9e,direct-framework-reference,,android/support/v4/media/MediaBrowserCompat$MediaBrowserImplApi23,app-definition-present,unknown,5,0,unknown,fd-com-kunzisoft-keepass-libre-evidence.json#/rows/501,False,unknown
fd-com-kunzisoft-keepass-libre,862f87a30baef06181f049adf7c460611605b25a807eaf3c25841a9dd84bed9e,direct-framework-reference,,android/support/v4/media/MediaBrowserCompat$MediaBrowserImplApi26,app-definition-present,unknown,3,0,unknown,fd-com-kunzisoft-keepass-libre-evidence.json#/rows/502,False,unknown
fd-com-kunzisoft-keepass-libre,862f87a30baef06181f049adf7c460611605b25a807eaf3c25841a9dd84bed9e,direct-framework-reference,,android/support/v4/media/MediaBrowserCompat$MediaBrowserImplBase,app-definition-present,unknown,34,0,unknown,fd-com-kunzisoft-keepass-libre-evidence.json#/rows/503,False,unknown
fd-com-kunzisoft-keepass-libre,862f87a30baef06181f049adf7c460611605b25a807eaf3c25841a9dd84bed9e,direct-framework-reference,,android/support/v4/media/MediaBrowserCompat$MediaBrowserImplBase$1,app-definition-present,unknown,3,0,unknown,fd-com-kunzisoft-keepass-libre-evidence.json#/rows/504,False,unknown
fd-com-kunzisoft-keepass-libre,862f87a30baef06181f049adf7c460611605b25a807eaf3c25841a9dd84bed9e,direct-framework-reference,,android/support/v4/media/MediaBrowserCompat$MediaBrowserImplBase$2,app-definition-present,unknown,3,0,unknown,fd-com-kunzisoft-keepass-libre-evidence.json#/rows/505,False,unknown
fd-com-kunzisoft-keepass-libre,862f87a30baef06181f049adf7c460611605b25a807eaf3c25841a9dd84bed9e,direct-framework-reference,,android/support/v4/media/MediaBrowserCompat$MediaBrowserImplBase$3,app-definition-present,unknown,3,0,unknown,fd-com-kunzisoft-keepass-libre-evidence.json#/rows/506,False,unknown
fd-com-kunzisoft-keepass-libre,862f87a30baef06181f049adf7c460611605b25a807eaf3c25841a9dd84bed9e,direct-framework-reference,,android/support/v4/media/MediaBrowserCompat$MediaBrowserImplBase$4,app-definition-present,unknown,3,0,unknown,fd-com-kunzisoft-keepass-libre-evidence.json#/rows/507,False,unknown
fd-com-kunzisoft-keepass-libre,862f87a30baef06181f049adf7c460611605b25a807eaf3c25841a9dd84bed9e,direct-framework-reference,,android/support/v4/media/MediaBrowserCompat$MediaBrowserImplBase$5,app-definition-present,unknown,3,0,unknown,fd-com-kunzisoft-keepass-libre-evidence.json#/rows/508,False,unknown
fd-com-kunzisoft-keepass-libre,862f87a30baef06181f049adf7c460611605b25a807eaf3c25841a9dd84bed9e,direct-framework-reference,,android/support/v4/media/MediaBrowserCompat$MediaBrowserImplBase$6,app-definition-present,unknown,3,0,unknown,fd-com-kunzisoft-keepass-libre-evidence.json#/rows/509,False,unknown
fd-com-kunzisoft-keepass-libre,862f87a30baef06181f049adf7c460611605b25a807eaf3c25841a9dd84bed9e,direct-framework-reference,,android/support/v4/media/MediaBrowserCompat$MediaBrowserImplBase$MediaServiceConnection,app-definition-present,unknown,12,0,unknown,fd-com-kunzisoft-keepass-libre-evidence.json#/rows/510,False,unknown
fd-com-kunzisoft-keepass-libre,862f87a30baef06181f049adf7c460611605b25a807eaf3c25841a9dd84bed9e,direct-framework-reference,,android/support/v4/media/MediaBrowserCompat$MediaBrowserImplBase$MediaServiceConnection$1,app-definition-present,unknown,3,0,unknown,fd-com-kunzisoft-keepass-libre-evidence.json#/rows/511,False,unknown
fd-com-kunzisoft-keepass-libre,862f87a30baef06181f049adf7c460611605b25a807eaf3c25841a9dd84bed9e,direct-framework-reference,,android/support/v4/media/MediaBrowserCompat$MediaBrowserImplBase$MediaServiceConnection$2,app-definition-present,unknown,3,0,unknown,fd-com-kunzisoft-keepass-libre-evidence.json#/rows/512,False,unknown
fd-com-kunzisoft-keepass-libre,862f87a30baef06181f049adf7c460611605b25a807eaf3c25841a9dd84bed9e,direct-framework-reference,,android/support/v4/media/MediaBrowserCompat$MediaBrowserServiceCallbackImpl,app-definition-present,unknown,3,0,unknown,fd-com-kunzisoft-keepass-libre-evidence.json#/rows/513,False,unknown
fd-com-kunzisoft-keepass-libre,862f87a30baef06181f049adf7c460611605b25a807eaf3c25841a9dd84bed9e,direct-framework-reference,,android/support/v4/media/MediaBrowserCompat$MediaItem,app-definition-present,unknown,27,0,unknown,fd-com-kunzisoft-keepass-libre-evidence.json#/rows/514,False,unknown
fd-com-kunzisoft-keepass-libre,862f87a30baef06181f049adf7c460611605b25a807eaf3c25841a9dd84bed9e,direct-framework-reference,,android/support/v4/media/MediaBrowserCompat$MediaItem$1,app-definition-present,unknown,3,0,unknown,fd-com-kunzisoft-keepass-libre-evidence.json#/rows/515,False,unknown
fd-com-kunzisoft-keepass-libre,862f87a30baef06181f049adf7c460611605b25a807eaf3c25841a9dd84bed9e,direct-framework-reference,,android/support/v4/media/MediaBrowserCompat$SearchCallback,app-definition-present,unknown,11,0,unknown,fd-com-kunzisoft-keepass-libre-evidence.json#/rows/516,False,unknown
fd-com-kunzisoft-keepass-libre,862f87a30baef06181f049adf7c460611605b25a807eaf3c25841a9dd84bed9e,direct-framework-reference,,android/support/v4/media/MediaBrowserCompat$SearchResultReceiver,app-definition-present,unknown,4,0,unknown,fd-com-kunzisoft-keepass-libre-evidence.json#/rows/517,False,unknown
fd-com-kunzisoft-keepass-libre,862f87a30baef06181f049adf7c460611605b25a807eaf3c25841a9dd84bed9e,direct-framework-reference,,android/support/v4/media/MediaBrowserCompat$ServiceBinderWrapper,app-definition-present,unknown,34,0,unknown,fd-com-kunzisoft-keepass-libre-evidence.json#/rows/518,False,unknown
fd-com-kunzisoft-keepass-libre,862f87a30baef06181f049adf7c460611605b25a807eaf3c25841a9dd84bed9e,direct-framework-reference,,android/support/v4/media/MediaBrowserCompat$Subscription,app-definition-present,unknown,14,0,unknown,fd-com-kunzisoft-keepass-libre-evidence.json#/rows/519,False,unknown
fd-com-kunzisoft-keepass-libre,862f87a30baef06181f049adf7c460611605b25a807eaf3c25841a9dd84bed9e,direct-framework-reference,,android/support/v4/media/MediaBrowserCompat$SubscriptionCallback,app-definition-present,unknown,22,0,unknown,fd-com-kunzisoft-keepass-libre-evidence.json#/rows/520,False,unknown
fd-com-kunzisoft-keepass-libre,862f87a30baef06181f049adf7c460611605b25a807eaf3c25841a9dd84bed9e,direct-framework-reference,,android/support/v4/media/MediaBrowserCompat$SubscriptionCallback$SubscriptionCallbackApi21,app-definition-present,unknown,5,0,unknown,fd-com-kunzisoft-keepass-libre-evidence.json#/rows/521,False,unknown
fd-com-kunzisoft-keepass-libre,862f87a30baef06181f049adf7c460611605b25a807eaf3c25841a9dd84bed9e,direct-framework-reference,,android/support/v4/media/MediaBrowserCompat$SubscriptionCallback$SubscriptionCallbackApi26,app-definition-present,unknown,4,0,unknown,fd-com-kunzisoft-keepass-libre-evidence.json#/rows/522,False,unknown
fd-com-kunzisoft-keepass-libre,862f87a30baef06181f049adf7c460611605b25a807eaf3c25841a9dd84bed9e,direct-framework-reference,,android/support/v4/media/MediaDescriptionCompat,app-definition-present,unknown,49,0,unknown,fd-com-kunzisoft-keepass-libre-evidence.json#/rows/523,False,unknown
fd-com-kunzisoft-keepass-libre,862f87a30baef06181f049adf7c460611605b25a807eaf3c25841a9dd84bed9e,direct-framework-reference,,android/support/v4/media/MediaDescriptionCompat$1,app-definition-present,unknown,3,0,unknown,fd-com-kunzisoft-keepass-libre-evidence.json#/rows/524,False,unknown
fd-com-kunzisoft-keepass-libre,862f87a30baef06181f049adf7c460611605b25a807eaf3c25841a9dd84bed9e,direct-framework-reference,,android/support/v4/media/MediaDescriptionCompat$Api21Impl,app-definition-present,unknown,2,0,unknown,fd-com-kunzisoft-keepass-libre-evidence.json#/rows/525,False,unknown
fd-com-kunzisoft-keepass-libre,862f87a30baef06181f049adf7c460611605b25a807eaf3c25841a9dd84bed9e,direct-framework-reference,,android/support/v4/media/MediaDescriptionCompat$Api23Impl,app-definition-present,unknown,2,0,unknown,fd-com-kunzisoft-keepass-libre-evidence.json#/rows/526,False,unknown
fd-com-kunzisoft-keepass-libre,862f87a30baef06181f049adf7c460611605b25a807eaf3c25841a9dd84bed9e,direct-framework-reference,,android/support/v4/media/MediaDescriptionCompat$Builder,app-definition-present,unknown,11,0,unknown,fd-com-kunzisoft-keepass-libre-evidence.json#/rows/527,False,unknown
fd-com-kunzisoft-keepass-libre,862f87a30baef06181f049adf7c460611605b25a807eaf3c25841a9dd84bed9e,direct-framework-reference,,android/support/v4/media/MediaMetadataCompat,app-definition-present,unknown,46,0,unknown,fd-com-kunzisoft-keepass-libre-evidence.json#/rows/528,False,unknown
fd-com-kunzisoft-keepass-libre,862f87a30baef06181f049adf7c460611605b25a807eaf3c25841a9dd84bed9e,direct-framework-reference,,android/support/v4/media/MediaMetadataCompat$$ExternalSyntheticApiModelOutline0,app-definition-present,unknown,99,0,unknown,fd-com-kunzisoft-keepass-libre-evidence.json#/rows/529,False,unknown
fd-com-kunzisoft-keepass-libre,862f87a30baef06181f049adf7c460611605b25a807eaf3c25841a9dd84bed9e,direct-framework-reference,,android/support/v4/media/MediaMetadataCompat$1,app-definition-present,unknown,3,0,unknown,fd-com-kunzisoft-keepass-libre-evidence.json#/rows/530,False,unknown
fd-com-kunzisoft-keepass-libre,862f87a30baef06181f049adf7c460611605b25a807eaf3c25841a9dd84bed9e,direct-framework-reference,,android/support/v4/media/MediaMetadataCompat$Builder,app-definition-present,unknown,10,0,unknown,fd-com-kunzisoft-keepass-libre-evidence.json#/rows/531,False,unknown
fd-com-kunzisoft-keepass-libre,862f87a30baef06181f049adf7c460611605b25a807eaf3c25841a9dd84bed9e,direct-framework-reference,,android/support/v4/media/RatingCompat,app-definition-present,unknown,34,0,unknown,fd-com-kunzisoft-keepass-libre-evidence.json#/rows/532,False,unknown
fd-com-kunzisoft-keepass-libre,862f87a30baef06181f049adf7c460611605b25a807eaf3c25841a9dd84bed9e,direct-framework-reference,,android/support/v4/media/RatingCompat$1,app-definition-present,unknown,3,0,unknown,fd-com-kunzisoft-keepass-libre-evidence.json#/rows/533,False,unknown
fd-com-kunzisoft-keepass-libre,862f87a30baef06181f049adf7c460611605b25a807eaf3c25841a9dd84bed9e,direct-framework-reference,,android/support/v4/media/RatingCompat$Api19Impl,app-definition-present,unknown,2,0,unknown,fd-com-kunzisoft-keepass-libre-evidence.json#/rows/534,False,unknown
fd-com-kunzisoft-keepass-libre,862f87a30baef06181f049adf7c460611605b25a807eaf3c25841a9dd84bed9e,direct-framework-reference,,android/support/v4/media/session/IMediaControllerCallback,app-definition-present,unknown,45,0,unknown,fd-com-kunzisoft-keepass-libre-evidence.json#/rows/535,False,unknown
fd-com-kunzisoft-keepass-libre,862f87a30baef06181f049adf7c460611605b25a807eaf3c25841a9dd84bed9e,direct-framework-reference,,android/support/v4/media/session/IMediaControllerCallback$Stub,app-definition-present,unknown,17,0,unknown,fd-com-kunzisoft-keepass-libre-evidence.json#/rows/536,False,unknown
fd-com-kunzisoft-keepass-libre,862f87a30baef06181f049adf7c460611605b25a807eaf3c25841a9dd84bed9e,direct-framework-reference,,android/support/v4/media/session/IMediaControllerCallback$Stub$Proxy,app-definition-present,unknown,18,0,unknown,fd-com-kunzisoft-keepass-libre-evidence.json#/rows/537,False,unknown
fd-com-kunzisoft-keepass-libre,862f87a30baef06181f049adf7c460611605b25a807eaf3c25841a9dd84bed9e,direct-framework-reference,,android/support/v4/media/session/IMediaSession,app-definition-present,unknown,131,0,unknown,fd-com-kunzisoft-keepass-libre-evidence.json#/rows/538,False,unknown
fd-com-kunzisoft-keepass-libre,862f87a30baef06181f049adf7c460611605b25a807eaf3c25841a9dd84bed9e,direct-framework-reference,,android/support/v4/media/session/IMediaSession$Stub,app-definition-present,unknown,59,0,unknown,fd-com-kunzisoft-keepass-libre-evidence.json#/rows/539,False,unknown
fd-com-kunzisoft-keepass-libre,862f87a30baef06181f049adf7c460611605b25a807eaf3c25841a9dd84bed9e,direct-framework-reference,,android/support/v4/media/session/IMediaSession$Stub$Proxy,app-definition-present,unknown,56,0,unknown,fd-com-kunzisoft-keepass-libre-evidence.json#/rows/540,False,unknown
fd-com-kunzisoft-keepass-libre,862f87a30baef06181f049adf7c460611605b25a807eaf3c25841a9dd84bed9e,direct-framework-reference,,android/support/v4/media/session/MediaControllerCompat,app-definition-present,unknown,44,0,unknown,fd-com-kunzisoft-keepass-libre-evidence.json#/rows/541,False,unknown
fd-com-kunzisoft-keepass-libre,862f87a30baef06181f049adf7c460611605b25a807eaf3c25841a9dd84bed9e,direct-framework-reference,,android/support/v4/media/session/MediaControllerCompat$Callback,app-definition-present,unknown,36,0,unknown,fd-com-kunzisoft-keepass-libre-evidence.json#/rows/542,False,unknown
fd-com-kunzisoft-keepass-libre,862f87a30baef06181f049adf7c460611605b25a807eaf3c25841a9dd84bed9e,direct-framework-reference,,android/support/v4/media/session/MediaControllerCompat$Callback$MediaControllerCallbackApi21,app-definition-present,unknown,10,0,unknown,fd-com-kunzisoft-keepass-libre-evidence.json#/rows/543,False,unknown
fd-com-kunzisoft-keepass-libre,862f87a30baef06181f049adf7c460611605b25a807eaf3c25841a9dd84bed9e,direct-framework-reference,,android/support/v4/media/session/MediaControllerCompat$Callback$MessageHandler,app-definition-present,unknown,4,0,unknown,fd-com-kunzisoft-keepass-libre-evidence.json#/rows/544,False,unknown
fd-com-kunzisoft-keepass-libre,862f87a30baef06181f049adf7c460611605b25a807eaf3c25841a9dd84bed9e,direct-framework-reference,,android/support/v4/media/session/MediaControllerCompat$Callback$StubCompat,app-definition-present,unknown,15,0,unknown,fd-com-kunzisoft-keepass-libre-evidence.json#/rows/545,False,unknown
fd-com-kunzisoft-keepass-libre,862f87a30baef06181f049adf7c460611605b25a807eaf3c25841a9dd84bed9e,direct-framework-reference,,android/support/v4/media/session/MediaControllerCompat$MediaControllerImpl,app-definition-present,unknown,28,0,unknown,fd-com-kunzisoft-keepass-libre-evidence.json#/rows/546,False,unknown
fd-com-kunzisoft-keepass-libre,862f87a30baef06181f049adf7c460611605b25a807eaf3c25841a9dd84bed9e,direct-framework-reference,,android/support/v4/media/session/MediaControllerCompat$MediaControllerImplApi21,app-definition-present,unknown,35,0,unknown,fd-com-kunzisoft-keepass-libre-evidence.json#/rows/547,False,unknown
fd-com-kunzisoft-keepass-libre,862f87a30baef06181f049adf7c460611605b25a807eaf3c25841a9dd84bed9e,direct-framework-reference,,android/support/v4/media/session/MediaControllerCompat$MediaControllerImplApi21$ExtraBinderRequestResultReceiver,app-definition-present,unknown,3,0,unknown,fd-com-kunzisoft-keepass-libre-evidence.json#/rows/548,False,unknown
fd-com-kunzisoft-keepass-libre,862f87a30baef06181f049adf7c460611605b25a807eaf3c25841a9dd84bed9e,direct-framework-reference,,android/support/v4/media/session/MediaControllerCompat$MediaControllerImplApi21$ExtraCallback,app-definition-present,unknown,3,0,unknown,fd-com-kunzisoft-keepass-libre-evidence.json#/rows/549,False,unknown
fd-com-kunzisoft-keepass-libre,862f87a30baef06181f049adf7c460611605b25a807eaf3c25841a9dd84bed9e,direct-framework-reference,,android/support/v4/media/session/MediaControllerCompat$MediaControllerImplApi29,app-definition-present,unknown,2,0,unknown,fd-com-kunzisoft-keepass-libre-evidence.json#/rows/550,False,unknown
fd-com-kunzisoft-keepass-libre,862f87a30baef06181f049adf7c460611605b25a807eaf3c25841a9dd84bed9e,direct-framework-reference,,android/support/v4/media/session/MediaControllerCompat$MediaControllerImplBase,app-definition-present,unknown,27,0,unknown,fd-com-kunzisoft-keepass-libre-evidence.json#/rows/551,False,unknown
fd-com-kunzisoft-keepass-libre,862f87a30baef06181f049adf7c460611605b25a807eaf3c25841a9dd84bed9e,direct-framework-reference,,android/support/v4/media/session/MediaControllerCompat$PlaybackInfo,app-definition-present,unknown,14,0,unknown,fd-com-kunzisoft-keepass-libre-evidence.json#/rows/552,False,unknown
fd-com-kunzisoft-keepass-libre,862f87a30baef06181f049adf7c460611605b25a807eaf3c25841a9dd84bed9e,direct-framework-reference,,android/support/v4/media/session/MediaControllerCompat$TransportControls,app-definition-present,unknown,4,0,unknown,fd-com-kunzisoft-keepass-libre-evidence.json#/rows/553,False,unknown
fd-com-kunzisoft-keepass-libre,862f87a30baef06181f049adf7c460611605b25a807eaf3c25841a9dd84bed9e,direct-framework-reference,,android/support/v4/media/session/MediaControllerCompat$TransportControlsApi21,app-definition-present,unknown,27,0,unknown,fd-com-kunzisoft-keepass-libre-evidence.json#/rows/554,False,unknown
fd-com-kunzisoft-keepass-libre,862f87a30baef06181f049adf7c460611605b25a807eaf3c25841a9dd84bed9e,direct-framework-reference,,android/support/v4/media/session/MediaControllerCompat$TransportControlsApi23,app-definition-present,unknown,3,0,unknown,fd-com-kunzisoft-keepass-libre-evidence.json#/rows/555,False,unknown
fd-com-kunzisoft-keepass-libre,862f87a30baef06181f049adf7c460611605b25a807eaf3c25841a9dd84bed9e,direct-framework-reference,,android/support/v4/media/session/MediaControllerCompat$TransportControlsApi24,app-definition-present,unknown,6,0,unknown,fd-com-kunzisoft-keepass-libre-evidence.json#/rows/556,False,unknown
fd-com-kunzisoft-keepass-libre,862f87a30baef06181f049adf7c460611605b25a807eaf3c25841a9dd84bed9e,direct-framework-reference,,android/support/v4/media/session/MediaControllerCompat$TransportControlsApi29,app-definition-present,unknown,2,0,unknown,fd-com-kunzisoft-keepass-libre-evidence.json#/rows/557,False,unknown
fd-com-kunzisoft-keepass-libre,862f87a30baef06181f049adf7c460611605b25a807eaf3c25841a9dd84bed9e,direct-framework-reference,,android/support/v4/media/session/MediaControllerCompat$TransportControlsBase,app-definition-present,unknown,26,0,unknown,fd-com-kunzisoft-keepass-libre-evidence.json#/rows/558,False,unknown
fd-com-kunzisoft-keepass-libre,862f87a30baef06181f049adf7c460611605b25a807eaf3c25841a9dd84bed9e,direct-framework-reference,,android/support/v4/media/session/MediaSessionCompat,app-definition-present,unknown,75,0,unknown,fd-com-kunzisoft-keepass-libre-evidence.json#/rows/559,False,unknown
fd-com-kunzisoft-keepass-libre,862f87a30baef06181f049adf7c460611605b25a807eaf3c25841a9dd84bed9e,direct-framework-reference,,android/support/v4/media/session/MediaSessionCompat$1,app-definition-present,unknown,2,0,unknown,fd-com-kunzisoft-keepass-libre-evidence.json#/rows/560,False,unknown
fd-com-kunzisoft-keepass-libre,862f87a30baef06181f049adf7c460611605b25a807eaf3c25841a9dd84bed9e,direct-framework-reference,,android/support/v4/media/session/MediaSessionCompat$Callback,app-definition-present,unknown,42,0,unknown,fd-com-kunzisoft-keepass-libre-evidence.json#/rows/561,False,unknown
fd-com-kunzisoft-keepass-libre,862f87a30baef06181f049adf7c460611605b25a807eaf3c25841a9dd84bed9e,direct-framework-reference,,android/support/v4/media/session/MediaSessionCompat$Callback$CallbackHandler,app-definition-present,unknown,4,0,unknown,fd-com-kunzisoft-keepass-libre-evidence.json#/rows/562,False,unknown
fd-com-kunzisoft-keepass-libre,862f87a30baef06181f049adf7c460611605b25a807eaf3c25841a9dd84bed9e,direct-framework-reference,,android/support/v4/media/session/MediaSessionCompat$Callback$MediaSessionCallbackApi21,app-definition-present,unknown,24,0,unknown,fd-com-kunzisoft-keepass-libre-evidence.json#/rows/563,False,unknown
fd-com-kunzisoft-keepass-libre,862f87a30baef06181f049adf7c460611605b25a807eaf3c25841a9dd84bed9e,direct-framework-reference,,android/support/v4/media/session/MediaSessionCompat$MediaSessionImpl,app-definition-present,unknown,56,0,unknown,fd-com-kunzisoft-keepass-libre-evidence.json#/rows/564,False,unknown
fd-com-kunzisoft-keepass-libre,862f87a30baef06181f049adf7c460611605b25a807eaf3c25841a9dd84bed9e,direct-framework-reference,,android/support/v4/media/session/MediaSessionCompat$MediaSessionImplApi18,app-definition-present,unknown,10,0,unknown,fd-com-kunzisoft-keepass-libre-evidence.json#/rows/565,False,unknown
fd-com-kunzisoft-keepass-libre,862f87a30baef06181f049adf7c460611605b25a807eaf3c25841a9dd84bed9e,direct-framework-reference,,android/support/v4/media/session/MediaSessionCompat$MediaSessionImplApi18$1,app-definition-present,unknown,3,0,unknown,fd-com-kunzisoft-keepass-libre-evidence.json#/rows/566,False,unknown
fd-com-kunzisoft-keepass-libre,862f87a30baef06181f049adf7c460611605b25a807eaf3c25841a9dd84bed9e,direct-framework-reference,,android/support/v4/media/session/MediaSessionCompat$MediaSessionImplApi19,app-definition-present,unknown,5,0,unknown,fd-com-kunzisoft-keepass-libre-evidence.json#/rows/567,False,unknown
fd-com-kunzisoft-keepass-libre,862f87a30baef06181f049adf7c460611605b25a807eaf3c25841a9dd84bed9e,direct-framework-reference,,android/support/v4/media/session/MediaSessionCompat$MediaSessionImplApi19$1,app-definition-present,unknown,3,0,unknown,fd-com-kunzisoft-keepass-libre-evidence.json#/rows/568,False,unknown
fd-com-kunzisoft-keepass-libre,862f87a30baef06181f049adf7c460611605b25a807eaf3c25841a9dd84bed9e,direct-framework-reference,,android/support/v4/media/session/MediaSessionCompat$MediaSessionImplApi21,app-definition-present,unknown,64,0,unknown,fd-com-kunzisoft-keepass-libre-evidence.json#/rows/569,False,unknown
fd-com-kunzisoft-keepass-libre,862f87a30baef06181f049adf7c460611605b25a807eaf3c25841a9dd84bed9e,direct-framework-reference,,android/support/v4/media/session/MediaSessionCompat$MediaSessionImplApi21$ExtraSession,app-definition-present,unknown,11,0,unknown,fd-com-kunzisoft-keepass-libre-evidence.json#/rows/570,False,unknown
fd-com-kunzisoft-keepass-libre,862f87a30baef06181f049adf7c460611605b25a807eaf3c25841a9dd84bed9e,direct-framework-reference,,android/support/v4/media/session/MediaSessionCompat$MediaSessionImplApi22,app-definition-present,unknown,4,0,unknown,fd-com-kunzisoft-keepass-libre-evidence.json#/rows/571,False,unknown
fd-com-kunzisoft-keepass-libre,862f87a30baef06181f049adf7c460611605b25a807eaf3c25841a9dd84bed9e,direct-framework-reference,,android/support/v4/media/session/MediaSessionCompat$MediaSessionImplApi28,app-definition-present,unknown,5,0,unknown,fd-com-kunzisoft-keepass-libre-evidence.json#/rows/572,False,unknown
fd-com-kunzisoft-keepass-libre,862f87a30baef06181f049adf7c460611605b25a807eaf3c25841a9dd84bed9e,direct-framework-reference,,android/support/v4/media/session/MediaSessionCompat$MediaSessionImplApi29,app-definition-present,unknown,3,0,unknown,fd-com-kunzisoft-keepass-libre-evidence.json#/rows/573,False,unknown
fd-com-kunzisoft-keepass-libre,862f87a30baef06181f049adf7c460611605b25a807eaf3c25841a9dd84bed9e,direct-framework-reference,,android/support/v4/media/session/MediaSessionCompat$MediaSessionImplBase,app-definition-present,unknown,81,0,unknown,fd-com-kunzisoft-keepass-libre-evidence.json#/rows/574,False,unknown
fd-com-kunzisoft-keepass-libre,862f87a30baef06181f049adf7c460611605b25a807eaf3c25841a9dd84bed9e,direct-framework-reference,,android/support/v4/media/session/MediaSessionCompat$MediaSessionImplBase$1,app-definition-present,unknown,3,0,unknown,fd-com-kunzisoft-keepass-libre-evidence.json#/rows/575,False,unknown
fd-com-kunzisoft-keepass-libre,862f87a30baef06181f049adf7c460611605b25a807eaf3c25841a9dd84bed9e,direct-framework-reference,,android/support/v4/media/session/MediaSessionCompat$MediaSessionImplBase$Command,app-definition-present,unknown,3,0,unknown,fd-com-kunzisoft-keepass-libre-evidence.json#/rows/576,False,unknown
fd-com-kunzisoft-keepass-libre,862f87a30baef06181f049adf7c460611605b25a807eaf3c25841a9dd84bed9e,direct-framework-reference,,android/support/v4/media/session/MediaSessionCompat$MediaSessionImplBase$MediaSessionStub,app-definition-present,unknown,56,0,unknown,fd-com-kunzisoft-keepass-libre-evidence.json#/rows/577,False,unknown
fd-com-kunzisoft-keepass-libre,862f87a30baef06181f049adf7c460611605b25a807eaf3c25841a9dd84bed9e,direct-framework-reference,,android/support/v4/media/session/MediaSessionCompat$MediaSessionImplBase$MessageHandler,app-definition-present,unknown,5,0,unknown,fd-com-kunzisoft-keepass-libre-evidence.json#/rows/578,False,unknown
fd-com-kunzisoft-keepass-libre,862f87a30baef06181f049adf7c460611605b25a807eaf3c25841a9dd84bed9e,direct-framework-reference,,android/support/v4/media/session/MediaSessionCompat$OnActiveChangeListener,app-definition-present,unknown,1,0,unknown,fd-com-kunzisoft-keepass-libre-evidence.json#/rows/579,False,unknown
fd-com-kunzisoft-keepass-libre,862f87a30baef06181f049adf7c460611605b25a807eaf3c25841a9dd84bed9e,direct-framework-reference,,android/support/v4/media/session/MediaSessionCompat$QueueItem,app-definition-present,unknown,24,0,unknown,fd-com-kunzisoft-keepass-libre-evidence.json#/rows/580,False,unknown
fd-com-kunzisoft-keepass-libre,862f87a30baef06181f049adf7c460611605b25a807eaf3c25841a9dd84bed9e,direct-framework-reference,,android/support/v4/media/session/MediaSessionCompat$QueueItem$1,app-definition-present,unknown,3,0,unknown,fd-com-kunzisoft-keepass-libre-evidence.json#/rows/581,False,unknown
fd-com-kunzisoft-keepass-libre,862f87a30baef06181f049adf7c460611605b25a807eaf3c25841a9dd84bed9e,direct-framework-reference,,android/support/v4/media/session/MediaSessionCompat$QueueItem$Api21Impl,app-definition-present,unknown,2,0,unknown,fd-com-kunzisoft-keepass-libre-evidence.json#/rows/582,False,unknown
fd-com-kunzisoft-keepass-libre,862f87a30baef06181f049adf7c460611605b25a807eaf3c25841a9dd84bed9e,direct-framework-reference,,android/support/v4/media/session/MediaSessionCompat$RegistrationCallback,app-definition-present,unknown,5,0,unknown,fd-com-kunzisoft-keepass-libre-evidence.json#/rows/583,False,unknown
fd-com-kunzisoft-keepass-libre,862f87a30baef06181f049adf7c460611605b25a807eaf3c25841a9dd84bed9e,direct-framework-reference,,android/support/v4/media/session/MediaSessionCompat$RegistrationCallbackHandler,app-definition-present,unknown,10,0,unknown,fd-com-kunzisoft-keepass-libre-evidence.json#/rows/584,False,unknown
fd-com-kunzisoft-keepass-libre,862f87a30baef06181f049adf7c460611605b25a807eaf3c25841a9dd84bed9e,direct-framework-reference,,android/support/v4/media/session/MediaSessionCompat$ResultReceiverWrapper,app-definition-present,unknown,12,0,unknown,fd-com-kunzisoft-keepass-libre-evidence.json#/rows/585,False,unknown
fd-com-kunzisoft-keepass-libre,862f87a30baef06181f049adf7c460611605b25a807eaf3c25841a9dd84bed9e,direct-framework-reference,,android/support/v4/media/session/MediaSessionCompat$ResultReceiverWrapper$1,app-definition-present,unknown,3,0,unknown,fd-com-kunzisoft-keepass-libre-evidence.json#/rows/586,False,unknown
fd-com-kunzisoft-keepass-libre,862f87a30baef06181f049adf7c460611605b25a807eaf3c25841a9dd84bed9e,direct-framework-reference,,android/support/v4/media/session/MediaSessionCompat$Token,app-definition-present,unknown,73,0,unknown,fd-com-kunzisoft-keepass-libre-evidence.json#/rows/587,False,unknown
fd-com-kunzisoft-keepass-libre,862f87a30baef06181f049adf7c460611605b25a807eaf3c25841a9dd84bed9e,direct-framework-reference,,android/support/v4/media/session/MediaSessionCompat$Token$1,app-definition-present,unknown,3,0,unknown,fd-com-kunzisoft-keepass-libre-evidence.json#/rows/588,False,unknown
fd-com-kunzisoft-keepass-libre,862f87a30baef06181f049adf7c460611605b25a807eaf3c25841a9dd84bed9e,direct-framework-reference,,android/support/v4/media/session/ParcelableVolumeInfo,app-definition-present,unknown,19,0,unknown,fd-com-kunzisoft-keepass-libre-evidence.json#/rows/589,False,unknown
fd-com-kunzisoft-keepass-libre,862f87a30baef06181f049adf7c460611605b25a807eaf3c25841a9dd84bed9e,direct-framework-reference,,android/support/v4/media/session/ParcelableVolumeInfo$1,app-definition-present,unknown,3,0,unknown,fd-com-kunzisoft-keepass-libre-evidence.json#/rows/590,False,unknown
fd-com-kunzisoft-keepass-libre,862f87a30baef06181f049adf7c460611605b25a807eaf3c25841a9dd84bed9e,direct-framework-reference,,android/support/v4/media/session/PlaybackStateCompat,app-definition-present,unknown,51,0,unknown,fd-com-kunzisoft-keepass-libre-evidence.json#/rows/591,False,unknown
fd-com-kunzisoft-keepass-libre,862f87a30baef06181f049adf7c460611605b25a807eaf3c25841a9dd84bed9e,direct-framework-reference,,android/support/v4/media/session/PlaybackStateCompat$1,app-definition-present,unknown,3,0,unknown,fd-com-kunzisoft-keepass-libre-evidence.json#/rows/592,False,unknown
fd-com-kunzisoft-keepass-libre,862f87a30baef06181f049adf7c460611605b25a807eaf3c25841a9dd84bed9e,direct-framework-reference,,android/support/v4/media/session/PlaybackStateCompat$Api21Impl,app-definition-present,unknown,4,0,unknown,fd-com-kunzisoft-keepass-libre-evidence.json#/rows/593,False,unknown
fd-com-kunzisoft-keepass-libre,862f87a30baef06181f049adf7c460611605b25a807eaf3c25841a9dd84bed9e,direct-framework-reference,,android/support/v4/media/session/PlaybackStateCompat$Api22Impl,app-definition-present,unknown,2,0,unknown,fd-com-kunzisoft-keepass-libre-evidence.json#/rows/594,False,unknown
fd-com-kunzisoft-keepass-libre,862f87a30baef06181f049adf7c460611605b25a807eaf3c25841a9dd84bed9e,direct-framework-reference,,android/support/v4/media/session/PlaybackStateCompat$Builder,app-definition-present,unknown,14,0,unknown,fd-com-kunzisoft-keepass-libre-evidence.json#/rows/595,False,unknown
fd-com-kunzisoft-keepass-libre,862f87a30baef06181f049adf7c460611605b25a807eaf3c25841a9dd84bed9e,direct-framework-reference,,android/support/v4/media/session/PlaybackStateCompat$CustomAction,app-definition-present,unknown,22,0,unknown,fd-com-kunzisoft-keepass-libre-evidence.json#/rows/596,False,unknown
fd-com-kunzisoft-keepass-libre,862f87a30baef06181f049adf7c460611605b25a807eaf3c25841a9dd84bed9e,direct-framework-reference,,android/support/v4/media/session/PlaybackStateCompat$CustomAction$1,app-definition-present,unknown,3,0,unknown,fd-com-kunzisoft-keepass-libre-evidence.json#/rows/597,False,unknown
fd-com-kunzisoft-keepass-libre,862f87a30baef06181f049adf7c460611605b25a807eaf3c25841a9dd84bed9e,direct-framework-reference,,android/support/v4/media/session/PlaybackStateCompat$CustomAction$Builder,app-definition-present,unknown,3,0,unknown,fd-com-kunzisoft-keepass-libre-evidence.json#/rows/598,False,unknown
fd-com-kunzisoft-keepass-libre,862f87a30baef06181f049adf7c460611605b25a807eaf3c25841a9dd84bed9e,direct-framework-reference,,android/support/v4/os/IResultReceiver,app-definition-present,unknown,5,0,unknown,fd-com-kunzisoft-keepass-libre-evidence.json#/rows/599,False,unknown
fd-com-kunzisoft-keepass-libre,862f87a30baef06181f049adf7c460611605b25a807eaf3c25841a9dd84bed9e,direct-framework-reference,,android/support/v4/os/IResultReceiver$Stub,app-definition-present,unknown,5,0,unknown,fd-com-kunzisoft-keepass-libre-evidence.json#/rows/600,False,unknown
fd-com-kunzisoft-keepass-libre,862f87a30baef06181f049adf7c460611605b25a807eaf3c25841a9dd84bed9e,direct-framework-reference,,android/support/v4/os/IResultReceiver$Stub$Proxy,app-definition-present,unknown,5,0,unknown,fd-com-kunzisoft-keepass-libre-evidence.json#/rows/601,False,unknown
fd-com-kunzisoft-keepass-libre,862f87a30baef06181f049adf7c460611605b25a807eaf3c25841a9dd84bed9e,direct-framework-reference,,android/support/v4/os/IResultReceiver$_Parcel,app-definition-present,unknown,4,0,unknown,fd-com-kunzisoft-keepass-libre-evidence.json#/rows/602,False,unknown
fd-com-kunzisoft-keepass-libre,862f87a30baef06181f049adf7c460611605b25a807eaf3c25841a9dd84bed9e,direct-framework-reference,,android/support/v4/os/IResultReceiver2,app-definition-present,unknown,2,0,unknown,fd-com-kunzisoft-keepass-libre-evidence.json#/rows/603,False,unknown
fd-com-kunzisoft-keepass-libre,862f87a30baef06181f049adf7c460611605b25a807eaf3c25841a9dd84bed9e,direct-framework-reference,,android/support/v4/os/IResultReceiver2$Stub,app-definition-present,unknown,3,0,unknown,fd-com-kunzisoft-keepass-libre-evidence.json#/rows/604,False,unknown
fd-com-kunzisoft-keepass-libre,862f87a30baef06181f049adf7c460611605b25a807eaf3c25841a9dd84bed9e,direct-framework-reference,,android/support/v4/os/IResultReceiver2$Stub$Proxy,app-definition-present,unknown,5,0,unknown,fd-com-kunzisoft-keepass-libre-evidence.json#/rows/605,False,unknown
fd-com-kunzisoft-keepass-libre,862f87a30baef06181f049adf7c460611605b25a807eaf3c25841a9dd84bed9e,direct-framework-reference,,android/support/v4/os/IResultReceiver2$_Parcel,app-definition-present,unknown,4,0,unknown,fd-com-kunzisoft-keepass-libre-evidence.json#/rows/606,False,unknown
fd-com-kunzisoft-keepass-libre,862f87a30baef06181f049adf7c460611605b25a807eaf3c25841a9dd84bed9e,direct-framework-reference,,android/support/v4/os/ResultReceiver,app-definition-present,unknown,43,0,unknown,fd-com-kunzisoft-keepass-libre-evidence.json#/rows/607,False,unknown
fd-com-kunzisoft-keepass-libre,862f87a30baef06181f049adf7c460611605b25a807eaf3c25841a9dd84bed9e,direct-framework-reference,,android/support/v4/os/ResultReceiver$1,app-definition-present,unknown,3,0,unknown,fd-com-kunzisoft-keepass-libre-evidence.json#/rows/608,False,unknown
fd-com-kunzisoft-keepass-libre,862f87a30baef06181f049adf7c460611605b25a807eaf3c25841a9dd84bed9e,direct-framework-reference,,android/support/v4/os/ResultReceiver$MyResultReceiver,app-definition-present,unknown,3,0,unknown,fd-com-kunzisoft-keepass-libre-evidence.json#/rows/609,False,unknown
fd-com-kunzisoft-keepass-libre,862f87a30baef06181f049adf7c460611605b25a807eaf3c25841a9dd84bed9e,direct-framework-reference,,android/support/v4/os/ResultReceiver$MyRunnable,app-definition-present,unknown,4,0,unknown,fd-com-kunzisoft-keepass-libre-evidence.json#/rows/610,False,unknown
fd-com-kunzisoft-keepass-libre,862f87a30baef06181f049adf7c460611605b25a807eaf3c25841a9dd84bed9e,direct-framework-reference,,android/system/Os,definition-present,yes-static,3,2,unknown,fd-com-kunzisoft-keepass-libre-evidence.json#/rows/611,False,unknown
fd-com-kunzisoft-keepass-libre,862f87a30baef06181f049adf7c460611605b25a807eaf3c25841a9dd84bed9e,direct-framework-reference,,android/system/OsConstants,definition-present,unknown,1,0,unknown,fd-com-kunzisoft-keepass-libre-evidence.json#/rows/612,False,unknown
fd-com-kunzisoft-keepass-libre,862f87a30baef06181f049adf7c460611605b25a807eaf3c25841a9dd84bed9e,direct-framework-reference,,android/system/StructStat,definition-present,unknown,1,0,unknown,fd-com-kunzisoft-keepass-libre-evidence.json#/rows/613,False,unknown
fd-com-kunzisoft-keepass-libre,862f87a30baef06181f049adf7c460611605b25a807eaf3c25841a9dd84bed9e,direct-framework-reference,,android/telecom/TelecomManager,definition-present,unknown,1,0,unknown,fd-com-kunzisoft-keepass-libre-evidence.json#/rows/614,False,unknown
fd-com-kunzisoft-keepass-libre,862f87a30baef06181f049adf7c460611605b25a807eaf3c25841a9dd84bed9e,direct-framework-reference,,android/telephony/SubscriptionManager,definition-present,unknown,2,0,unknown,fd-com-kunzisoft-keepass-libre-evidence.json#/rows/615,False,unknown
fd-com-kunzisoft-keepass-libre,862f87a30baef06181f049adf7c460611605b25a807eaf3c25841a9dd84bed9e,direct-framework-reference,,android/telephony/TelephonyManager,definition-present,unknown,6,0,unknown,fd-com-kunzisoft-keepass-libre-evidence.json#/rows/616,False,unknown
fd-com-kunzisoft-keepass-libre,862f87a30baef06181f049adf7c460611605b25a807eaf3c25841a9dd84bed9e,direct-framework-reference,,android/telephony/mbms/ServiceInfo,definition-present,unknown,2,0,unknown,fd-com-kunzisoft-keepass-libre-evidence.json#/rows/617,False,unknown
fd-com-kunzisoft-keepass-libre,862f87a30baef06181f049adf7c460611605b25a807eaf3c25841a9dd84bed9e,direct-framework-reference,,android/text/DynamicLayout,definition-present,unknown,1,0,unknown,fd-com-kunzisoft-keepass-libre-evidence.json#/rows/618,False,unknown
fd-com-kunzisoft-keepass-libre,862f87a30baef06181f049adf7c460611605b25a807eaf3c25841a9dd84bed9e,direct-framework-reference,,android/text/Editable,definition-present,unknown,108,0,unknown,fd-com-kunzisoft-keepass-libre-evidence.json#/rows/619,False,unknown
fd-com-kunzisoft-keepass-libre,862f87a30baef06181f049adf7c460611605b25a807eaf3c25841a9dd84bed9e,direct-framework-reference,,android/text/Editable$Factory,definition-present,unknown,4,0,unknown,fd-com-kunzisoft-keepass-libre-evidence.json#/rows/620,False,unknown
fd-com-kunzisoft-keepass-libre,862f87a30baef06181f049adf7c460611605b25a807eaf3c25841a9dd84bed9e,direct-framework-reference,,android/text/Html,definition-present,unknown,9,0,unknown,fd-com-kunzisoft-keepass-libre-evidence.json#/rows/621,False,unknown
fd-com-kunzisoft-keepass-libre,862f87a30baef06181f049adf7c460611605b25a807eaf3c25841a9dd84bed9e,direct-framework-reference,,android/text/Html$ImageGetter,definition-present,unknown,4,0,unknown,fd-com-kunzisoft-keepass-libre-evidence.json#/rows/622,False,unknown
fd-com-kunzisoft-keepass-libre,862f87a30baef06181f049adf7c460611605b25a807eaf3c25841a9dd84bed9e,direct-framework-reference,,android/text/Html$TagHandler,definition-present,unknown,4,0,unknown,fd-com-kunzisoft-keepass-libre-evidence.json#/rows/623,False,unknown
fd-com-kunzisoft-keepass-libre,862f87a30baef06181f049adf7c460611605b25a807eaf3c25841a9dd84bed9e,direct-framework-reference,,android/text/InputFilter,definition-present,unknown,21,0,unknown,fd-com-kunzisoft-keepass-libre-evidence.json#/rows/624,False,unknown
fd-com-kunzisoft-keepass-libre,862f87a30baef06181f049adf7c460611605b25a807eaf3c25841a9dd84bed9e,direct-framework-reference,,android/text/InputFilter$LengthFilter,definition-present,unknown,3,0,unknown,fd-com-kunzisoft-keepass-libre-evidence.json#/rows/625,False,unknown
fd-com-kunzisoft-keepass-libre,862f87a30baef06181f049adf7c460611605b25a807eaf3c25841a9dd84bed9e,direct-framework-reference,,android/text/Layout,definition-present,unknown,11,0,unknown,fd-com-kunzisoft-keepass-libre-evidence.json#/rows/626,False,unknown
fd-com-kunzisoft-keepass-libre,862f87a30baef06181f049adf7c460611605b25a807eaf3c25841a9dd84bed9e,direct-framework-reference,,android/text/Layout$Alignment,definition-present,yes-static,19,4,unknown,fd-com-kunzisoft-keepass-libre-evidence.json#/rows/627,False,unknown
fd-com-kunzisoft-keepass-libre,862f87a30baef06181f049adf7c460611605b25a807eaf3c25841a9dd84bed9e,direct-framework-reference,,android/text/PrecomputedText,definition-present,yes-static,20,4,unknown,fd-com-kunzisoft-keepass-libre-evidence.json#/rows/628,False,unknown
fd-com-kunzisoft-keepass-libre,862f87a30baef06181f049adf7c460611605b25a807eaf3c25841a9dd84bed9e,direct-framework-reference,,android/text/PrecomputedText$Params,definition-present,yes-static,11,9,unknown,fd-com-kunzisoft-keepass-libre-evidence.json#/rows/629,False,unknown
fd-com-kunzisoft-keepass-libre,862f87a30baef06181f049adf7c460611605b25a807eaf3c25841a9dd84bed9e,direct-framework-reference,,android/text/PrecomputedText$Params$Builder,definition-present,yes-static,5,5,unknown,fd-com-kunzisoft-keepass-libre-evidence.json#/rows/630,False,unknown
fd-com-kunzisoft-keepass-libre,862f87a30baef06181f049adf7c460611605b25a807eaf3c25841a9dd84bed9e,direct-framework-reference,,android/text/Selection,definition-present,unknown,11,0,unknown,fd-com-kunzisoft-keepass-libre-evidence.json#/rows/631,False,unknown
fd-com-kunzisoft-keepass-libre,862f87a30baef06181f049adf7c460611605b25a807eaf3c25841a9dd84bed9e,direct-framework-reference,,android/text/SpanWatcher,definition-present,unknown,3,0,unknown,fd-com-kunzisoft-keepass-libre-evidence.json#/rows/632,False,unknown
fd-com-kunzisoft-keepass-libre,862f87a30baef06181f049adf7c460611605b25a807eaf3c25841a9dd84bed9e,direct-framework-reference,,android/text/Spannable,definition-present,yes-static,64,1,unknown,fd-com-kunzisoft-keepass-libre-evidence.json#/rows/633,False,unknown
fd-com-kunzisoft-keepass-libre,862f87a30baef06181f049adf7c460611605b25a807eaf3c25841a9dd84bed9e,direct-framework-reference,,android/text/SpannableString,definition-present,unknown,17,0,unknown,fd-com-kunzisoft-keepass-libre-evidence.json#/rows/634,False,unknown
fd-com-kunzisoft-keepass-libre,862f87a30baef06181f049adf7c460611605b25a807eaf3c25841a9dd84bed9e,direct-framework-reference,,android/text/SpannableStringBuilder,definition-present,unknown,70,0,unknown,fd-com-kunzisoft-keepass-libre-evidence.json#/rows/635,False,unknown
fd-com-kunzisoft-keepass-libre,862f87a30baef06181f049adf7c460611605b25a807eaf3c25841a9dd84bed9e,direct-framework-reference,,android/text/Spanned,definition-present,unknown,32,0,unknown,fd-com-kunzisoft-keepass-libre-evidence.json#/rows/636,False,unknown
fd-com-kunzisoft-keepass-libre,862f87a30baef06181f049adf7c460611605b25a807eaf3c25841a9dd84bed9e,direct-framework-reference,,android/text/SpannedString,definition-present,unknown,2,0,unknown,fd-com-kunzisoft-keepass-libre-evidence.json#/rows/637,False,unknown
fd-com-kunzisoft-keepass-libre,862f87a30baef06181f049adf7c460611605b25a807eaf3c25841a9dd84bed9e,direct-framework-reference,,android/text/StaticLayout,definition-present,yes-static,24,4,unknown,fd-com-kunzisoft-keepass-libre-evidence.json#/rows/638,False,unknown
fd-com-kunzisoft-keepass-libre,862f87a30baef06181f049adf7c460611605b25a807eaf3c25841a9dd84bed9e,direct-framework-reference,,android/text/StaticLayout$Builder,definition-present,yes-static,15,1,unknown,fd-com-kunzisoft-keepass-libre-evidence.json#/rows/639,False,unknown
fd-com-kunzisoft-keepass-libre,862f87a30baef06181f049adf7c460611605b25a807eaf3c25841a9dd84bed9e,direct-framework-reference,,android/text/TextDirectionHeuristic,definition-present,yes-static,20,8,unknown,fd-com-kunzisoft-keepass-libre-evidence.json#/rows/640,False,unknown
fd-com-kunzisoft-keepass-libre,862f87a30baef06181f049adf7c460611605b25a807eaf3c25841a9dd84bed9e,direct-framework-reference,,android/text/TextDirectionHeuristics,definition-present,yes-static,6,2,unknown,fd-com-kunzisoft-keepass-libre-evidence.json#/rows/641,False,unknown
fd-com-kunzisoft-keepass-libre,862f87a30baef06181f049adf7c460611605b25a807eaf3c25841a9dd84bed9e,direct-framework-reference,,android/text/TextPaint,definition-present,yes-static,109,22,unknown,fd-com-kunzisoft-keepass-libre-evidence.json#/rows/642,False,unknown
fd-com-kunzisoft-keepass-libre,862f87a30baef06181f049adf7c460611605b25a807eaf3c25841a9dd84bed9e,direct-framework-reference,,android/text/TextUtils,definition-present,yes-static,218,9,unknown,fd-com-kunzisoft-keepass-libre-evidence.json#/rows/643,False,unknown
fd-com-kunzisoft-keepass-libre,862f87a30baef06181f049adf7c460611605b25a807eaf3c25841a9dd84bed9e,direct-framework-reference,,android/text/TextUtils$EllipsizeCallback,definition-present,unknown,1,0,unknown,fd-com-kunzisoft-keepass-libre-evidence.json#/rows/644,False,unknown
fd-com-kunzisoft-keepass-libre,862f87a30baef06181f049adf7c460611605b25a807eaf3c25841a9dd84bed9e,direct-framework-reference,,android/text/TextUtils$TruncateAt,definition-present,yes-static,27,2,unknown,fd-com-kunzisoft-keepass-libre-evidence.json#/rows/645,False,unknown
fd-com-kunzisoft-keepass-libre,862f87a30baef06181f049adf7c460611605b25a807eaf3c25841a9dd84bed9e,direct-framework-reference,,android/text/TextWatcher,definition-present,unknown,30,0,unknown,fd-com-kunzisoft-keepass-libre-evidence.json#/rows/646,False,unknown
fd-com-kunzisoft-keepass-libre,862f87a30baef06181f049adf7c460611605b25a807eaf3c25841a9dd84bed9e,direct-framework-reference,,android/text/format/DateUtils,definition-present,unknown,1,0,unknown,fd-com-kunzisoft-keepass-libre-evidence.json#/rows/647,False,unknown
fd-com-kunzisoft-keepass-libre,862f87a30baef06181f049adf7c460611605b25a807eaf3c25841a9dd84bed9e,direct-framework-reference,,android/text/format/Formatter,definition-present,unknown,4,0,unknown,fd-com-kunzisoft-keepass-libre-evidence.json#/rows/648,False,unknown
fd-com-kunzisoft-keepass-libre,862f87a30baef06181f049adf7c460611605b25a807eaf3c25841a9dd84bed9e,direct-framework-reference,,android/text/method/KeyListener,definition-present,unknown,15,0,unknown,fd-com-kunzisoft-keepass-libre-evidence.json#/rows/649,False,unknown
fd-com-kunzisoft-keepass-libre,862f87a30baef06181f049adf7c460611605b25a807eaf3c25841a9dd84bed9e,direct-framework-reference,,android/text/method/LinkMovementMethod,definition-present,unknown,4,0,unknown,fd-com-kunzisoft-keepass-libre-evidence.json#/rows/650,False,unknown
fd-com-kunzisoft-keepass-libre,862f87a30baef06181f049adf7c460611605b25a807eaf3c25841a9dd84bed9e,direct-framework-reference,,android/text/method/MetaKeyKeyListener,definition-present,unknown,1,0,unknown,fd-com-kunzisoft-keepass-libre-evidence.json#/rows/651,False,unknown
fd-com-kunzisoft-keepass-libre,862f87a30baef06181f049adf7c460611605b25a807eaf3c25841a9dd84bed9e,direct-framework-reference,,android/text/method/MovementMethod,definition-present,unknown,4,0,unknown,fd-com-kunzisoft-keepass-libre-evidence.json#/rows/652,False,unknown
fd-com-kunzisoft-keepass-libre,862f87a30baef06181f049adf7c460611605b25a807eaf3c25841a9dd84bed9e,direct-framework-reference,,android/text/method/NumberKeyListener,definition-present,unknown,2,0,unknown,fd-com-kunzisoft-keepass-libre-evidence.json#/rows/653,False,unknown
fd-com-kunzisoft-keepass-libre,862f87a30baef06181f049adf7c460611605b25a807eaf3c25841a9dd84bed9e,direct-framework-reference,,android/text/method/PasswordTransformationMethod,definition-present,yes-static,9,2,unknown,fd-com-kunzisoft-keepass-libre-evidence.json#/rows/654,False,unknown
fd-com-kunzisoft-keepass-libre,862f87a30baef06181f049adf7c460611605b25a807eaf3c25841a9dd84bed9e,direct-framework-reference,,android/text/method/SingleLineTransformationMethod,definition-present,unknown,3,0,unknown,fd-com-kunzisoft-keepass-libre-evidence.json#/rows/655,False,unknown
fd-com-kunzisoft-keepass-libre,862f87a30baef06181f049adf7c460611605b25a807eaf3c25841a9dd84bed9e,direct-framework-reference,,android/text/method/TransformationMethod,definition-present,yes-static,24,3,unknown,fd-com-kunzisoft-keepass-libre-evidence.json#/rows/656,False,unknown
fd-com-kunzisoft-keepass-libre,862f87a30baef06181f049adf7c460611605b25a807eaf3c25841a9dd84bed9e,direct-framework-reference,,android/text/style/BackgroundColorSpan,definition-present,unknown,1,0,unknown,fd-com-kunzisoft-keepass-libre-evidence.json#/rows/657,False,unknown
fd-com-kunzisoft-keepass-libre,862f87a30baef06181f049adf7c460611605b25a807eaf3c25841a9dd84bed9e,direct-framework-reference,,android/text/style/CharacterStyle,definition-present,unknown,1,0,unknown,fd-com-kunzisoft-keepass-libre-evidence.json#/rows/658,False,unknown
fd-com-kunzisoft-keepass-libre,862f87a30baef06181f049adf7c460611605b25a807eaf3c25841a9dd84bed9e,direct-framework-reference,,android/text/style/ClickableSpan,definition-present,unknown,7,0,unknown,fd-com-kunzisoft-keepass-libre-evidence.json#/rows/659,False,unknown
fd-com-kunzisoft-keepass-libre,862f87a30baef06181f049adf7c460611605b25a807eaf3c25841a9dd84bed9e,direct-framework-reference,,android/text/style/ForegroundColorSpan,definition-present,unknown,5,0,unknown,fd-com-kunzisoft-keepass-libre-evidence.json#/rows/660,False,unknown
fd-com-kunzisoft-keepass-libre,862f87a30baef06181f049adf7c460611605b25a807eaf3c25841a9dd84bed9e,direct-framework-reference,,android/text/style/ImageSpan,definition-present,unknown,2,0,unknown,fd-com-kunzisoft-keepass-libre-evidence.json#/rows/661,False,unknown
fd-com-kunzisoft-keepass-libre,862f87a30baef06181f049adf7c460611605b25a807eaf3c25841a9dd84bed9e,direct-framework-reference,,android/text/style/MetricAffectingSpan,definition-present,unknown,3,0,unknown,fd-com-kunzisoft-keepass-libre-evidence.json#/rows/662,False,unknown
fd-com-kunzisoft-keepass-libre,862f87a30baef06181f049adf7c460611605b25a807eaf3c25841a9dd84bed9e,direct-framework-reference,,android/text/style/RelativeSizeSpan,definition-present,unknown,1,0,unknown,fd-com-kunzisoft-keepass-libre-evidence.json#/rows/663,False,unknown
fd-com-kunzisoft-keepass-libre,862f87a30baef06181f049adf7c460611605b25a807eaf3c25841a9dd84bed9e,direct-framework-reference,,android/text/style/ReplacementSpan,definition-present,unknown,2,0,unknown,fd-com-kunzisoft-keepass-libre-evidence.json#/rows/664,False,unknown
fd-com-kunzisoft-keepass-libre,862f87a30baef06181f049adf7c460611605b25a807eaf3c25841a9dd84bed9e,direct-framework-reference,,android/text/style/StrikethroughSpan,definition-present,unknown,2,0,unknown,fd-com-kunzisoft-keepass-libre-evidence.json#/rows/665,False,unknown
fd-com-kunzisoft-keepass-libre,862f87a30baef06181f049adf7c460611605b25a807eaf3c25841a9dd84bed9e,direct-framework-reference,,android/text/style/StyleSpan,definition-present,unknown,2,0,unknown,fd-com-kunzisoft-keepass-libre-evidence.json#/rows/666,False,unknown
fd-com-kunzisoft-keepass-libre,862f87a30baef06181f049adf7c460611605b25a807eaf3c25841a9dd84bed9e,direct-framework-reference,,android/text/style/SubscriptSpan,definition-present,unknown,1,0,unknown,fd-com-kunzisoft-keepass-libre-evidence.json#/rows/667,False,unknown
fd-com-kunzisoft-keepass-libre,862f87a30baef06181f049adf7c460611605b25a807eaf3c25841a9dd84bed9e,direct-framework-reference,,android/text/style/SuperscriptSpan,definition-present,unknown,1,0,unknown,fd-com-kunzisoft-keepass-libre-evidence.json#/rows/668,False,unknown
fd-com-kunzisoft-keepass-libre,862f87a30baef06181f049adf7c460611605b25a807eaf3c25841a9dd84bed9e,direct-framework-reference,,android/text/style/TextAppearanceSpan,definition-present,unknown,4,0,unknown,fd-com-kunzisoft-keepass-libre-evidence.json#/rows/669,False,unknown
fd-com-kunzisoft-keepass-libre,862f87a30baef06181f049adf7c460611605b25a807eaf3c25841a9dd84bed9e,direct-framework-reference,,android/text/style/URLSpan,definition-present,unknown,3,0,unknown,fd-com-kunzisoft-keepass-libre-evidence.json#/rows/670,False,unknown
fd-com-kunzisoft-keepass-libre,862f87a30baef06181f049adf7c460611605b25a807eaf3c25841a9dd84bed9e,direct-framework-reference,,android/text/style/UnderlineSpan,definition-present,unknown,1,0,unknown,fd-com-kunzisoft-keepass-libre-evidence.json#/rows/671,False,unknown
fd-com-kunzisoft-keepass-libre,862f87a30baef06181f049adf7c460611605b25a807eaf3c25841a9dd84bed9e,direct-framework-reference,,android/text/util/Linkify,definition-present,unknown,8,0,unknown,fd-com-kunzisoft-keepass-libre-evidence.json#/rows/672,False,unknown
fd-com-kunzisoft-keepass-libre,862f87a30baef06181f049adf7c460611605b25a807eaf3c25841a9dd84bed9e,direct-framework-reference,,android/text/util/Linkify$MatchFilter,definition-present,unknown,10,0,unknown,fd-com-kunzisoft-keepass-libre-evidence.json#/rows/673,False,unknown
fd-com-kunzisoft-keepass-libre,862f87a30baef06181f049adf7c460611605b25a807eaf3c25841a9dd84bed9e,direct-framework-reference,,android/text/util/Linkify$TransformFilter,definition-present,unknown,11,0,unknown,fd-com-kunzisoft-keepass-libre-evidence.json#/rows/674,False,unknown
fd-com-kunzisoft-keepass-libre,862f87a30baef06181f049adf7c460611605b25a807eaf3c25841a9dd84bed9e,direct-framework-reference,,android/transition/ArcMotion,definition-present,unknown,1,0,unknown,fd-com-kunzisoft-keepass-libre-evidence.json#/rows/675,False,unknown
fd-com-kunzisoft-keepass-libre,862f87a30baef06181f049adf7c460611605b25a807eaf3c25841a9dd84bed9e,direct-framework-reference,,android/transition/PathMotion,definition-present,unknown,11,0,unknown,fd-com-kunzisoft-keepass-libre-evidence.json#/rows/676,False,unknown
fd-com-kunzisoft-keepass-libre,862f87a30baef06181f049adf7c460611605b25a807eaf3c25841a9dd84bed9e,direct-framework-reference,,android/transition/PatternPathMotion,definition-present,unknown,1,0,unknown,fd-com-kunzisoft-keepass-libre-evidence.json#/rows/677,False,unknown
fd-com-kunzisoft-keepass-libre,862f87a30baef06181f049adf7c460611605b25a807eaf3c25841a9dd84bed9e,direct-framework-reference,,android/transition/Transition,definition-present,unknown,57,0,unknown,fd-com-kunzisoft-keepass-libre-evidence.json#/rows/678,False,unknown
fd-com-kunzisoft-keepass-libre,862f87a30baef06181f049adf7c460611605b25a807eaf3c25841a9dd84bed9e,direct-framework-reference,,android/transition/Transition$EpicenterCallback,definition-present,unknown,5,0,unknown,fd-com-kunzisoft-keepass-libre-evidence.json#/rows/679,False,unknown
fd-com-kunzisoft-keepass-libre,862f87a30baef06181f049adf7c460611605b25a807eaf3c25841a9dd84bed9e,direct-framework-reference,,android/transition/Transition$TransitionListener,definition-present,unknown,7,0,unknown,fd-com-kunzisoft-keepass-libre-evidence.json#/rows/680,False,unknown
fd-com-kunzisoft-keepass-libre,862f87a30baef06181f049adf7c460611605b25a807eaf3c25841a9dd84bed9e,direct-framework-reference,,android/transition/TransitionManager,definition-present,unknown,1,0,unknown,fd-com-kunzisoft-keepass-libre-evidence.json#/rows/681,False,unknown
fd-com-kunzisoft-keepass-libre,862f87a30baef06181f049adf7c460611605b25a807eaf3c25841a9dd84bed9e,direct-framework-reference,,android/transition/TransitionSet,definition-present,unknown,11,0,unknown,fd-com-kunzisoft-keepass-libre-evidence.json#/rows/682,False,unknown
fd-com-kunzisoft-keepass-libre,862f87a30baef06181f049adf7c460611605b25a807eaf3c25841a9dd84bed9e,direct-framework-reference,,android/transition/TransitionValues,definition-present,unknown,12,0,unknown,fd-com-kunzisoft-keepass-libre-evidence.json#/rows/683,False,unknown
fd-com-kunzisoft-keepass-libre,862f87a30baef06181f049adf7c460611605b25a807eaf3c25841a9dd84bed9e,direct-framework-reference,,android/transition/Visibility,definition-present,unknown,2,0,unknown,fd-com-kunzisoft-keepass-libre-evidence.json#/rows/684,False,unknown
fd-com-kunzisoft-keepass-libre,862f87a30baef06181f049adf7c460611605b25a807eaf3c25841a9dd84bed9e,direct-framework-reference,,android/util/AndroidException,definition-present,unknown,1,0,unknown,fd-com-kunzisoft-keepass-libre-evidence.json#/rows/685,False,unknown
fd-com-kunzisoft-keepass-libre,862f87a30baef06181f049adf7c460611605b25a807eaf3c25841a9dd84bed9e,direct-framework-reference,,android/util/AndroidRuntimeException,definition-present,yes-static,6,2,unknown,fd-com-kunzisoft-keepass-libre-evidence.json#/rows/686,False,unknown
fd-com-kunzisoft-keepass-libre,862f87a30baef06181f049adf7c460611605b25a807eaf3c25841a9dd84bed9e,direct-framework-reference,,android/util/AtomicFile,definition-present,unknown,7,0,unknown,fd-com-kunzisoft-keepass-libre-evidence.json#/rows/687,False,unknown
fd-com-kunzisoft-keepass-libre,862f87a30baef06181f049adf7c460611605b25a807eaf3c25841a9dd84bed9e,direct-framework-reference,,android/util/AttributeSet,definition-present,yes-static,978,38,unknown,fd-com-kunzisoft-keepass-libre-evidence.json#/rows/688,False,unknown
fd-com-kunzisoft-keepass-libre,862f87a30baef06181f049adf7c460611605b25a807eaf3c25841a9dd84bed9e,direct-framework-reference,,android/util/Base64,definition-present,yes-static,22,1,unknown,fd-com-kunzisoft-keepass-libre-evidence.json#/rows/689,False,unknown
fd-com-kunzisoft-keepass-libre,862f87a30baef06181f049adf7c460611605b25a807eaf3c25841a9dd84bed9e,direct-framework-reference,,android/util/Base64InputStream,definition-present,unknown,2,0,unknown,fd-com-kunzisoft-keepass-libre-evidence.json#/rows/690,False,unknown
fd-com-kunzisoft-keepass-libre,862f87a30baef06181f049adf7c460611605b25a807eaf3c25841a9dd84bed9e,direct-framework-reference,,android/util/Base64OutputStream,definition-present,unknown,2,0,unknown,fd-com-kunzisoft-keepass-libre-evidence.json#/rows/691,False,unknown
fd-com-kunzisoft-keepass-libre,862f87a30baef06181f049adf7c460611605b25a807eaf3c25841a9dd84bed9e,direct-framework-reference,,android/util/DisplayMetrics,definition-present,yes-static,88,7,unknown,fd-com-kunzisoft-keepass-libre-evidence.json#/rows/692,False,unknown
fd-com-kunzisoft-keepass-libre,862f87a30baef06181f049adf7c460611605b25a807eaf3c25841a9dd84bed9e,direct-framework-reference,,android/util/FloatProperty,definition-present,unknown,7,0,unknown,fd-com-kunzisoft-keepass-libre-evidence.json#/rows/693,False,unknown
fd-com-kunzisoft-keepass-libre,862f87a30baef06181f049adf7c460611605b25a807eaf3c25841a9dd84bed9e,direct-framework-reference,,android/util/Half,definition-present,unknown,7,0,unknown,fd-com-kunzisoft-keepass-libre-evidence.json#/rows/694,False,unknown
fd-com-kunzisoft-keepass-libre,862f87a30baef06181f049adf7c460611605b25a807eaf3c25841a9dd84bed9e,direct-framework-reference,,android/util/Log,definition-present,yes-static,972,128,unknown,fd-com-kunzisoft-keepass-libre-evidence.json#/rows/695,False,unknown
fd-com-kunzisoft-keepass-libre,862f87a30baef06181f049adf7c460611605b25a807eaf3c25841a9dd84bed9e,direct-framework-reference,,android/util/LongSparseArray,definition-present,yes-static,23,2,unknown,fd-com-kunzisoft-keepass-libre-evidence.json#/rows/696,False,unknown
fd-com-kunzisoft-keepass-libre,862f87a30baef06181f049adf7c460611605b25a807eaf3c25841a9dd84bed9e,direct-framework-reference,,android/util/LruCache,definition-present,unknown,3,0,unknown,fd-com-kunzisoft-keepass-libre-evidence.json#/rows/697,False,unknown
fd-com-kunzisoft-keepass-libre,862f87a30baef06181f049adf7c460611605b25a807eaf3c25841a9dd84bed9e,direct-framework-reference,,android/util/Pair,definition-present,yes-static,36,2,unknown,fd-com-kunzisoft-keepass-libre-evidence.json#/rows/698,False,unknown
fd-com-kunzisoft-keepass-libre,862f87a30baef06181f049adf7c460611605b25a807eaf3c25841a9dd84bed9e,direct-framework-reference,,android/util/Property,definition-present,unknown,76,0,unknown,fd-com-kunzisoft-keepass-libre-evidence.json#/rows/699,False,unknown
fd-com-kunzisoft-keepass-libre,862f87a30baef06181f049adf7c460611605b25a807eaf3c25841a9dd84bed9e,direct-framework-reference,,android/util/Range,definition-present,unknown,14,0,unknown,fd-com-kunzisoft-keepass-libre-evidence.json#/rows/700,False,unknown
fd-com-kunzisoft-keepass-libre,862f87a30baef06181f049adf7c460611605b25a807eaf3c25841a9dd84bed9e,direct-framework-reference,,android/util/Size,definition-present,unknown,11,0,unknown,fd-com-kunzisoft-keepass-libre-evidence.json#/rows/701,False,unknown
fd-com-kunzisoft-keepass-libre,862f87a30baef06181f049adf7c460611605b25a807eaf3c25841a9dd84bed9e,direct-framework-reference,,android/util/SizeF,definition-present,unknown,15,0,unknown,fd-com-kunzisoft-keepass-libre-evidence.json#/rows/702,False,unknown
fd-com-kunzisoft-keepass-libre,862f87a30baef06181f049adf7c460611605b25a807eaf3c25841a9dd84bed9e,direct-framework-reference,,android/util/SparseArray,definition-present,yes-static,200,16,unknown,fd-com-kunzisoft-keepass-libre-evidence.json#/rows/703,False,unknown
fd-com-kunzisoft-keepass-libre,862f87a30baef06181f049adf7c460611605b25a807eaf3c25841a9dd84bed9e,direct-framework-reference,,android/util/SparseBooleanArray,definition-present,yes-static,35,1,unknown,fd-com-kunzisoft-keepass-libre-evidence.json#/rows/704,False,unknown
fd-com-kunzisoft-keepass-libre,862f87a30baef06181f049adf7c460611605b25a807eaf3c25841a9dd84bed9e,direct-framework-reference,,android/util/SparseIntArray,definition-present,unknown,102,0,unknown,fd-com-kunzisoft-keepass-libre-evidence.json#/rows/705,False,unknown
fd-com-kunzisoft-keepass-libre,862f87a30baef06181f049adf7c460611605b25a807eaf3c25841a9dd84bed9e,direct-framework-reference,,android/util/SparseLongArray,definition-present,unknown,21,0,unknown,fd-com-kunzisoft-keepass-libre-evidence.json#/rows/706,False,unknown
fd-com-kunzisoft-keepass-libre,862f87a30baef06181f049adf7c460611605b25a807eaf3c25841a9dd84bed9e,direct-framework-reference,,android/util/StateSet,definition-present,yes-static,7,1,unknown,fd-com-kunzisoft-keepass-libre-evidence.json#/rows/707,False,unknown
fd-com-kunzisoft-keepass-libre,862f87a30baef06181f049adf7c460611605b25a807eaf3c25841a9dd84bed9e,direct-framework-reference,,android/util/TypedValue,definition-present,yes-static,142,25,unknown,fd-com-kunzisoft-keepass-libre-evidence.json#/rows/708,False,unknown
fd-com-kunzisoft-keepass-libre,862f87a30baef06181f049adf7c460611605b25a807eaf3c25841a9dd84bed9e,direct-framework-reference,,android/util/Xml,definition-present,yes-static,43,5,unknown,fd-com-kunzisoft-keepass-libre-evidence.json#/rows/709,False,unknown
fd-com-kunzisoft-keepass-libre,862f87a30baef06181f049adf7c460611605b25a807eaf3c25841a9dd84bed9e,direct-framework-reference,,android/view/AbsSavedState,definition-present,unknown,8,0,unknown,fd-com-kunzisoft-keepass-libre-evidence.json#/rows/710,False,unknown
fd-com-kunzisoft-keepass-libre,862f87a30baef06181f049adf7c460611605b25a807eaf3c25841a9dd84bed9e,direct-framework-reference,,android/view/ActionMode,definition-present,unknown,18,0,unknown,fd-com-kunzisoft-keepass-libre-evidence.json#/rows/711,False,unknown
fd-com-kunzisoft-keepass-libre,862f87a30baef06181f049adf7c460611605b25a807eaf3c25841a9dd84bed9e,direct-framework-reference,,android/view/ActionMode$Callback,definition-present,unknown,33,0,unknown,fd-com-kunzisoft-keepass-libre-evidence.json#/rows/712,False,unknown
fd-com-kunzisoft-keepass-libre,862f87a30baef06181f049adf7c460611605b25a807eaf3c25841a9dd84bed9e,direct-framework-reference,,android/view/ActionProvider,definition-present,unknown,14,0,unknown,fd-com-kunzisoft-keepass-libre-evidence.json#/rows/713,False,unknown
fd-com-kunzisoft-keepass-libre,862f87a30baef06181f049adf7c460611605b25a807eaf3c25841a9dd84bed9e,direct-framework-reference,,android/view/Choreographer,definition-present,yes-static,7,1,unknown,fd-com-kunzisoft-keepass-libre-evidence.json#/rows/714,False,unknown
fd-com-kunzisoft-keepass-libre,862f87a30baef06181f049adf7c460611605b25a807eaf3c25841a9dd84bed9e,direct-framework-reference,,android/view/Choreographer$FrameCallback,definition-present,yes-static,4,1,unknown,fd-com-kunzisoft-keepass-libre-evidence.json#/rows/715,False,unknown
fd-com-kunzisoft-keepass-libre,862f87a30baef06181f049adf7c460611605b25a807eaf3c25841a9dd84bed9e,direct-framework-reference,,android/view/CollapsibleActionView,definition-present,unknown,6,0,unknown,fd-com-kunzisoft-keepass-libre-evidence.json#/rows/716,False,unknown
fd-com-kunzisoft-keepass-libre,862f87a30baef06181f049adf7c460611605b25a807eaf3c25841a9dd84bed9e,direct-framework-reference,,android/view/ContentInfo,definition-present,unknown,23,0,unknown,fd-com-kunzisoft-keepass-libre-evidence.json#/rows/717,False,unknown
fd-com-kunzisoft-keepass-libre,862f87a30baef06181f049adf7c460611605b25a807eaf3c25841a9dd84bed9e,direct-framework-reference,,android/view/ContentInfo$Builder,definition-present,unknown,15,0,unknown,fd-com-kunzisoft-keepass-libre-evidence.json#/rows/718,False,unknown
fd-com-kunzisoft-keepass-libre,862f87a30baef06181f049adf7c460611605b25a807eaf3c25841a9dd84bed9e,direct-framework-reference,,android/view/ContextMenu,definition-present,unknown,2,0,unknown,fd-com-kunzisoft-keepass-libre-evidence.json#/rows/719,False,unknown
fd-com-kunzisoft-keepass-libre,862f87a30baef06181f049adf7c460611605b25a807eaf3c25841a9dd84bed9e,direct-framework-reference,,android/view/ContextMenu$ContextMenuInfo,definition-present,unknown,6,0,unknown,fd-com-kunzisoft-keepass-libre-evidence.json#/rows/720,False,unknown
fd-com-kunzisoft-keepass-libre,862f87a30baef06181f049adf7c460611605b25a807eaf3c25841a9dd84bed9e,direct-framework-reference,,android/view/ContextThemeWrapper,definition-present,yes-static,20,2,unknown,fd-com-kunzisoft-keepass-libre-evidence.json#/rows/721,False,unknown
fd-com-kunzisoft-keepass-libre,862f87a30baef06181f049adf7c460611605b25a807eaf3c25841a9dd84bed9e,direct-framework-reference,,android/view/Display,definition-present,unknown,37,0,unknown,fd-com-kunzisoft-keepass-libre-evidence.json#/rows/722,False,unknown
fd-com-kunzisoft-keepass-libre,862f87a30baef06181f049adf7c460611605b25a807eaf3c25841a9dd84bed9e,direct-framework-reference,,android/view/Display$Mode,definition-present,unknown,11,0,unknown,fd-com-kunzisoft-keepass-libre-evidence.json#/rows/723,False,unknown
fd-com-kunzisoft-keepass-libre,862f87a30baef06181f049adf7c460611605b25a807eaf3c25841a9dd84bed9e,direct-framework-reference,,android/view/DisplayCutout,definition-present,unknown,41,0,unknown,fd-com-kunzisoft-keepass-libre-evidence.json#/rows/724,False,unknown
fd-com-kunzisoft-keepass-libre,862f87a30baef06181f049adf7c460611605b25a807eaf3c25841a9dd84bed9e,direct-framework-reference,,android/view/DragAndDropPermissions,definition-present,unknown,7,0,unknown,fd-com-kunzisoft-keepass-libre-evidence.json#/rows/725,False,unknown
fd-com-kunzisoft-keepass-libre,862f87a30baef06181f049adf7c460611605b25a807eaf3c25841a9dd84bed9e,direct-framework-reference,,android/view/DragEvent,definition-present,unknown,7,0,unknown,fd-com-kunzisoft-keepass-libre-evidence.json#/rows/726,False,unknown
fd-com-kunzisoft-keepass-libre,862f87a30baef06181f049adf7c460611605b25a807eaf3c25841a9dd84bed9e,direct-framework-reference,,android/view/FocusFinder,definition-present,unknown,5,0,unknown,fd-com-kunzisoft-keepass-libre-evidence.json#/rows/727,False,unknown
fd-com-kunzisoft-keepass-libre,862f87a30baef06181f049adf7c460611605b25a807eaf3c25841a9dd84bed9e,direct-framework-reference,,android/view/FrameMetrics,definition-present,unknown,1,0,unknown,fd-com-kunzisoft-keepass-libre-evidence.json#/rows/728,False,unknown
fd-com-kunzisoft-keepass-libre,862f87a30baef06181f049adf7c460611605b25a807eaf3c25841a9dd84bed9e,direct-framework-reference,,android/view/GestureDetector,definition-present,unknown,12,0,unknown,fd-com-kunzisoft-keepass-libre-evidence.json#/rows/729,False,unknown
fd-com-kunzisoft-keepass-libre,862f87a30baef06181f049adf7c460611605b25a807eaf3c25841a9dd84bed9e,direct-framework-reference,,android/view/GestureDetector$OnDoubleTapListener,definition-present,unknown,3,0,unknown,fd-com-kunzisoft-keepass-libre-evidence.json#/rows/730,False,unknown
fd-com-kunzisoft-keepass-libre,862f87a30baef06181f049adf7c460611605b25a807eaf3c25841a9dd84bed9e,direct-framework-reference,,android/view/GestureDetector$OnGestureListener,definition-present,unknown,10,0,unknown,fd-com-kunzisoft-keepass-libre-evidence.json#/rows/731,False,unknown
fd-com-kunzisoft-keepass-libre,862f87a30baef06181f049adf7c460611605b25a807eaf3c25841a9dd84bed9e,direct-framework-reference,,android/view/GestureDetector$SimpleOnGestureListener,definition-present,unknown,4,0,unknown,fd-com-kunzisoft-keepass-libre-evidence.json#/rows/732,False,unknown
fd-com-kunzisoft-keepass-libre,862f87a30baef06181f049adf7c460611605b25a807eaf3c25841a9dd84bed9e,direct-framework-reference,,android/view/Gravity,definition-present,unknown,8,0,unknown,fd-com-kunzisoft-keepass-libre-evidence.json#/rows/733,False,unknown
fd-com-kunzisoft-keepass-libre,862f87a30baef06181f049adf7c460611605b25a807eaf3c25841a9dd84bed9e,direct-framework-reference,,android/view/InflateException,definition-present,yes-static,13,2,unknown,fd-com-kunzisoft-keepass-libre-evidence.json#/rows/734,False,unknown
fd-com-kunzisoft-keepass-libre,862f87a30baef06181f049adf7c460611605b25a807eaf3c25841a9dd84bed9e,direct-framework-reference,,android/view/KeyCharacterMap,definition-present,unknown,3,0,unknown,fd-com-kunzisoft-keepass-libre-evidence.json#/rows/735,False,unknown
fd-com-kunzisoft-keepass-libre,862f87a30baef06181f049adf7c460611605b25a807eaf3c25841a9dd84bed9e,direct-framework-reference,,android/view/KeyCharacterMap$KeyData,definition-present,unknown,2,0,unknown,fd-com-kunzisoft-keepass-libre-evidence.json#/rows/736,False,unknown
fd-com-kunzisoft-keepass-libre,862f87a30baef06181f049adf7c460611605b25a807eaf3c25841a9dd84bed9e,direct-framework-reference,,android/view/KeyEvent,definition-present,unknown,141,0,unknown,fd-com-kunzisoft-keepass-libre-evidence.json#/rows/737,False,unknown
fd-com-kunzisoft-keepass-libre,862f87a30baef06181f049adf7c460611605b25a807eaf3c25841a9dd84bed9e,direct-framework-reference,,android/view/KeyEvent$Callback,definition-present,unknown,2,0,unknown,fd-com-kunzisoft-keepass-libre-evidence.json#/rows/738,False,unknown
fd-com-kunzisoft-keepass-libre,862f87a30baef06181f049adf7c460611605b25a807eaf3c25841a9dd84bed9e,direct-framework-reference,,android/view/KeyEvent$DispatcherState,definition-present,unknown,5,0,unknown,fd-com-kunzisoft-keepass-libre-evidence.json#/rows/739,False,unknown
fd-com-kunzisoft-keepass-libre,862f87a30baef06181f049adf7c460611605b25a807eaf3c25841a9dd84bed9e,direct-framework-reference,,android/view/LayoutInflater,definition-present,yes-static,192,8,unknown,fd-com-kunzisoft-keepass-libre-evidence.json#/rows/740,False,unknown
fd-com-kunzisoft-keepass-libre,862f87a30baef06181f049adf7c460611605b25a807eaf3c25841a9dd84bed9e,direct-framework-reference,,android/view/LayoutInflater$Factory,definition-present,unknown,4,0,unknown,fd-com-kunzisoft-keepass-libre-evidence.json#/rows/741,False,unknown
fd-com-kunzisoft-keepass-libre,862f87a30baef06181f049adf7c460611605b25a807eaf3c25841a9dd84bed9e,direct-framework-reference,,android/view/LayoutInflater$Factory2,definition-present,unknown,5,0,unknown,fd-com-kunzisoft-keepass-libre-evidence.json#/rows/742,False,unknown
fd-com-kunzisoft-keepass-libre,862f87a30baef06181f049adf7c460611605b25a807eaf3c25841a9dd84bed9e,direct-framework-reference,,android/view/Menu,definition-present,yes-static,204,8,unknown,fd-com-kunzisoft-keepass-libre-evidence.json#/rows/743,False,unknown
fd-com-kunzisoft-keepass-libre,862f87a30baef06181f049adf7c460611605b25a807eaf3c25841a9dd84bed9e,direct-framework-reference,,android/view/MenuInflater,definition-present,yes-static,32,6,unknown,fd-com-kunzisoft-keepass-libre-evidence.json#/rows/744,False,unknown
fd-com-kunzisoft-keepass-libre,862f87a30baef06181f049adf7c460611605b25a807eaf3c25841a9dd84bed9e,direct-framework-reference,,android/view/MenuItem,definition-present,yes-static,220,16,unknown,fd-com-kunzisoft-keepass-libre-evidence.json#/rows/745,False,unknown
fd-com-kunzisoft-keepass-libre,862f87a30baef06181f049adf7c460611605b25a807eaf3c25841a9dd84bed9e,direct-framework-reference,,android/view/MenuItem$OnActionExpandListener,definition-present,unknown,6,0,unknown,fd-com-kunzisoft-keepass-libre-evidence.json#/rows/746,False,unknown
fd-com-kunzisoft-keepass-libre,862f87a30baef06181f049adf7c460611605b25a807eaf3c25841a9dd84bed9e,direct-framework-reference,,android/view/MenuItem$OnMenuItemClickListener,definition-present,unknown,5,0,unknown,fd-com-kunzisoft-keepass-libre-evidence.json#/rows/747,False,unknown
fd-com-kunzisoft-keepass-libre,862f87a30baef06181f049adf7c460611605b25a807eaf3c25841a9dd84bed9e,direct-framework-reference,,android/view/MotionEvent,definition-present,yes-static,183,1,unknown,fd-com-kunzisoft-keepass-libre-evidence.json#/rows/748,False,unknown
fd-com-kunzisoft-keepass-libre,862f87a30baef06181f049adf7c460611605b25a807eaf3c25841a9dd84bed9e,direct-framework-reference,,android/view/OnReceiveContentListener,definition-present,unknown,1,0,unknown,fd-com-kunzisoft-keepass-libre-evidence.json#/rows/749,False,unknown
fd-com-kunzisoft-keepass-libre,862f87a30baef06181f049adf7c460611605b25a807eaf3c25841a9dd84bed9e,direct-framework-reference,,android/view/PointerIcon,definition-present,unknown,13,0,unknown,fd-com-kunzisoft-keepass-libre-evidence.json#/rows/750,False,unknown
fd-com-kunzisoft-keepass-libre,862f87a30baef06181f049adf7c460611605b25a807eaf3c25841a9dd84bed9e,direct-framework-reference,,android/view/ScaleGestureDetector,definition-present,unknown,9,0,unknown,fd-com-kunzisoft-keepass-libre-evidence.json#/rows/751,False,unknown
fd-com-kunzisoft-keepass-libre,862f87a30baef06181f049adf7c460611605b25a807eaf3c25841a9dd84bed9e,direct-framework-reference,,android/view/ScaleGestureDetector$OnScaleGestureListener,definition-present,unknown,1,0,unknown,fd-com-kunzisoft-keepass-libre-evidence.json#/rows/752,False,unknown
fd-com-kunzisoft-keepass-libre,862f87a30baef06181f049adf7c460611605b25a807eaf3c25841a9dd84bed9e,direct-framework-reference,,android/view/SearchEvent,definition-present,unknown,2,0,unknown,fd-com-kunzisoft-keepass-libre-evidence.json#/rows/753,False,unknown
fd-com-kunzisoft-keepass-libre,862f87a30baef06181f049adf7c460611605b25a807eaf3c25841a9dd84bed9e,direct-framework-reference,,android/view/SoundEffectConstants,definition-present,unknown,1,0,unknown,fd-com-kunzisoft-keepass-libre-evidence.json#/rows/754,False,unknown
fd-com-kunzisoft-keepass-libre,862f87a30baef06181f049adf7c460611605b25a807eaf3c25841a9dd84bed9e,direct-framework-reference,,android/view/SubMenu,definition-present,yes-static,35,2,unknown,fd-com-kunzisoft-keepass-libre-evidence.json#/rows/755,False,unknown
fd-com-kunzisoft-keepass-libre,862f87a30baef06181f049adf7c460611605b25a807eaf3c25841a9dd84bed9e,direct-framework-reference,,android/view/TouchDelegate,definition-present,unknown,2,0,unknown,fd-com-kunzisoft-keepass-libre-evidence.json#/rows/756,False,unknown
fd-com-kunzisoft-keepass-libre,862f87a30baef06181f049adf7c460611605b25a807eaf3c25841a9dd84bed9e,direct-framework-reference,,android/view/VelocityTracker,definition-present,unknown,60,0,unknown,fd-com-kunzisoft-keepass-libre-evidence.json#/rows/757,False,unknown
fd-com-kunzisoft-keepass-libre,862f87a30baef06181f049adf7c460611605b25a807eaf3c25841a9dd84bed9e,direct-framework-reference,,android/view/View,definition-present,yes-static,4512,282,unknown,fd-com-kunzisoft-keepass-libre-evidence.json#/rows/758,False,unknown
fd-com-kunzisoft-keepass-libre,862f87a30baef06181f049adf7c460611605b25a807eaf3c25841a9dd84bed9e,direct-framework-reference,,android/view/View$AccessibilityDelegate,definition-present,yes-static,33,10,unknown,fd-com-kunzisoft-keepass-libre-evidence.json#/rows/759,False,unknown
fd-com-kunzisoft-keepass-libre,862f87a30baef06181f049adf7c460611605b25a807eaf3c25841a9dd84bed9e,direct-framework-reference,,android/view/View$BaseSavedState,definition-present,unknown,38,0,unknown,fd-com-kunzisoft-keepass-libre-evidence.json#/rows/760,False,unknown
fd-com-kunzisoft-keepass-libre,862f87a30baef06181f049adf7c460611605b25a807eaf3c25841a9dd84bed9e,direct-framework-reference,,android/view/View$DragShadowBuilder,definition-present,unknown,4,0,unknown,fd-com-kunzisoft-keepass-libre-evidence.json#/rows/761,False,unknown
fd-com-kunzisoft-keepass-libre,862f87a30baef06181f049adf7c460611605b25a807eaf3c25841a9dd84bed9e,direct-framework-reference,,android/view/View$MeasureSpec,definition-present,yes-static,98,2,unknown,fd-com-kunzisoft-keepass-libre-evidence.json#/rows/762,False,unknown
fd-com-kunzisoft-keepass-libre,862f87a30baef06181f049adf7c460611605b25a807eaf3c25841a9dd84bed9e,direct-framework-reference,,android/view/View$OnApplyWindowInsetsListener,definition-present,yes-static,6,1,unknown,fd-com-kunzisoft-keepass-libre-evidence.json#/rows/763,False,unknown
fd-com-kunzisoft-keepass-libre,862f87a30baef06181f049adf7c460611605b25a807eaf3c25841a9dd84bed9e,direct-framework-reference,,android/view/View$OnAttachStateChangeListener,definition-present,unknown,8,0,unknown,fd-com-kunzisoft-keepass-libre-evidence.json#/rows/764,False,unknown
fd-com-kunzisoft-keepass-libre,862f87a30baef06181f049adf7c460611605b25a807eaf3c25841a9dd84bed9e,direct-framework-reference,,android/view/View$OnClickListener,definition-present,unknown,32,0,unknown,fd-com-kunzisoft-keepass-libre-evidence.json#/rows/765,False,unknown
fd-com-kunzisoft-keepass-libre,862f87a30baef06181f049adf7c460611605b25a807eaf3c25841a9dd84bed9e,direct-framework-reference,,android/view/View$OnFocusChangeListener,definition-present,unknown,1,0,unknown,fd-com-kunzisoft-keepass-libre-evidence.json#/rows/766,False,unknown
fd-com-kunzisoft-keepass-libre,862f87a30baef06181f049adf7c460611605b25a807eaf3c25841a9dd84bed9e,direct-framework-reference,,android/view/View$OnLayoutChangeListener,definition-present,unknown,8,0,unknown,fd-com-kunzisoft-keepass-libre-evidence.json#/rows/767,False,unknown
fd-com-kunzisoft-keepass-libre,862f87a30baef06181f049adf7c460611605b25a807eaf3c25841a9dd84bed9e,direct-framework-reference,,android/view/View$OnLongClickListener,definition-present,unknown,8,0,unknown,fd-com-kunzisoft-keepass-libre-evidence.json#/rows/768,False,unknown
fd-com-kunzisoft-keepass-libre,862f87a30baef06181f049adf7c460611605b25a807eaf3c25841a9dd84bed9e,direct-framework-reference,,android/view/View$OnTouchListener,definition-present,unknown,9,0,unknown,fd-com-kunzisoft-keepass-libre-evidence.json#/rows/769,False,unknown
fd-com-kunzisoft-keepass-libre,862f87a30baef06181f049adf7c460611605b25a807eaf3c25841a9dd84bed9e,direct-framework-reference,,android/view/View$OnUnhandledKeyEventListener,definition-present,unknown,2,0,unknown,fd-com-kunzisoft-keepass-libre-evidence.json#/rows/770,False,unknown
fd-com-kunzisoft-keepass-libre,862f87a30baef06181f049adf7c460611605b25a807eaf3c25841a9dd84bed9e,direct-framework-reference,,android/view/ViewAnimationUtils,definition-present,unknown,1,0,unknown,fd-com-kunzisoft-keepass-libre-evidence.json#/rows/771,False,unknown
fd-com-kunzisoft-keepass-libre,862f87a30baef06181f049adf7c460611605b25a807eaf3c25841a9dd84bed9e,direct-framework-reference,,android/view/ViewConfiguration,definition-present,yes-static,41,8,unknown,fd-com-kunzisoft-keepass-libre-evidence.json#/rows/772,False,unknown
fd-com-kunzisoft-keepass-libre,862f87a30baef06181f049adf7c460611605b25a807eaf3c25841a9dd84bed9e,direct-framework-reference,,android/view/ViewGroup,definition-present,yes-static,812,47,unknown,fd-com-kunzisoft-keepass-libre-evidence.json#/rows/773,False,unknown
fd-com-kunzisoft-keepass-libre,862f87a30baef06181f049adf7c460611605b25a807eaf3c25841a9dd84bed9e,direct-framework-reference,,android/view/ViewGroup$LayoutParams,definition-present,yes-static,160,11,unknown,fd-com-kunzisoft-keepass-libre-evidence.json#/rows/774,False,unknown
fd-com-kunzisoft-keepass-libre,862f87a30baef06181f049adf7c460611605b25a807eaf3c25841a9dd84bed9e,direct-framework-reference,,android/view/ViewGroup$MarginLayoutParams,definition-present,yes-static,126,6,unknown,fd-com-kunzisoft-keepass-libre-evidence.json#/rows/775,False,unknown
fd-com-kunzisoft-keepass-libre,862f87a30baef06181f049adf7c460611605b25a807eaf3c25841a9dd84bed9e,direct-framework-reference,,android/view/ViewGroup$OnHierarchyChangeListener,definition-present,unknown,5,0,unknown,fd-com-kunzisoft-keepass-libre-evidence.json#/rows/776,False,unknown
fd-com-kunzisoft-keepass-libre,862f87a30baef06181f049adf7c460611605b25a807eaf3c25841a9dd84bed9e,direct-framework-reference,,android/view/ViewGroupOverlay,definition-present,unknown,11,0,unknown,fd-com-kunzisoft-keepass-libre-evidence.json#/rows/777,False,unknown
fd-com-kunzisoft-keepass-libre,862f87a30baef06181f049adf7c460611605b25a807eaf3c25841a9dd84bed9e,direct-framework-reference,,android/view/ViewManager,definition-present,unknown,5,0,unknown,fd-com-kunzisoft-keepass-libre-evidence.json#/rows/778,False,unknown
fd-com-kunzisoft-keepass-libre,862f87a30baef06181f049adf7c460611605b25a807eaf3c25841a9dd84bed9e,direct-framework-reference,,android/view/ViewOutlineProvider,definition-present,unknown,43,0,unknown,fd-com-kunzisoft-keepass-libre-evidence.json#/rows/779,False,unknown
fd-com-kunzisoft-keepass-libre,862f87a30baef06181f049adf7c460611605b25a807eaf3c25841a9dd84bed9e,direct-framework-reference,,android/view/ViewOverlay,definition-present,unknown,8,0,unknown,fd-com-kunzisoft-keepass-libre-evidence.json#/rows/780,False,unknown
fd-com-kunzisoft-keepass-libre,862f87a30baef06181f049adf7c460611605b25a807eaf3c25841a9dd84bed9e,direct-framework-reference,,android/view/ViewParent,definition-present,yes-static,251,17,unknown,fd-com-kunzisoft-keepass-libre-evidence.json#/rows/781,False,unknown
fd-com-kunzisoft-keepass-libre,862f87a30baef06181f049adf7c460611605b25a807eaf3c25841a9dd84bed9e,direct-framework-reference,,android/view/ViewPropertyAnimator,definition-present,yes-static,85,12,unknown,fd-com-kunzisoft-keepass-libre-evidence.json#/rows/782,False,unknown
fd-com-kunzisoft-keepass-libre,862f87a30baef06181f049adf7c460611605b25a807eaf3c25841a9dd84bed9e,direct-framework-reference,,android/view/ViewStructure,definition-present,unknown,8,0,unknown,fd-com-kunzisoft-keepass-libre-evidence.json#/rows/783,False,unknown
fd-com-kunzisoft-keepass-libre,862f87a30baef06181f049adf7c460611605b25a807eaf3c25841a9dd84bed9e,direct-framework-reference,,android/view/ViewStructure$HtmlInfo,definition-present,unknown,4,0,unknown,fd-com-kunzisoft-keepass-libre-evidence.json#/rows/784,False,unknown
fd-com-kunzisoft-keepass-libre,862f87a30baef06181f049adf7c460611605b25a807eaf3c25841a9dd84bed9e,direct-framework-reference,,android/view/ViewStub,definition-present,unknown,5,0,unknown,fd-com-kunzisoft-keepass-libre-evidence.json#/rows/785,False,unknown
fd-com-kunzisoft-keepass-libre,862f87a30baef06181f049adf7c460611605b25a807eaf3c25841a9dd84bed9e,direct-framework-reference,,android/view/ViewTreeObserver,definition-present,yes-static,53,5,unknown,fd-com-kunzisoft-keepass-libre-evidence.json#/rows/786,False,unknown
fd-com-kunzisoft-keepass-libre,862f87a30baef06181f049adf7c460611605b25a807eaf3c25841a9dd84bed9e,direct-framework-reference,,android/view/ViewTreeObserver$OnGlobalLayoutListener,definition-present,yes-static,10,1,unknown,fd-com-kunzisoft-keepass-libre-evidence.json#/rows/787,False,unknown
fd-com-kunzisoft-keepass-libre,862f87a30baef06181f049adf7c460611605b25a807eaf3c25841a9dd84bed9e,direct-framework-reference,,android/view/ViewTreeObserver$OnScrollChangedListener,definition-present,unknown,1,0,unknown,fd-com-kunzisoft-keepass-libre-evidence.json#/rows/788,False,unknown
fd-com-kunzisoft-keepass-libre,862f87a30baef06181f049adf7c460611605b25a807eaf3c25841a9dd84bed9e,direct-framework-reference,,android/view/Window,definition-present,yes-static,152,18,unknown,fd-com-kunzisoft-keepass-libre-evidence.json#/rows/789,False,unknown
fd-com-kunzisoft-keepass-libre,862f87a30baef06181f049adf7c460611605b25a807eaf3c25841a9dd84bed9e,direct-framework-reference,,android/view/Window$Callback,definition-present,yes-static,66,11,unknown,fd-com-kunzisoft-keepass-libre-evidence.json#/rows/790,False,unknown
fd-com-kunzisoft-keepass-libre,862f87a30baef06181f049adf7c460611605b25a807eaf3c25841a9dd84bed9e,direct-framework-reference,,android/view/WindowId,definition-present,unknown,3,0,unknown,fd-com-kunzisoft-keepass-libre-evidence.json#/rows/791,False,unknown
fd-com-kunzisoft-keepass-libre,862f87a30baef06181f049adf7c460611605b25a807eaf3c25841a9dd84bed9e,direct-framework-reference,,android/view/WindowInsets,definition-present,unknown,89,0,unknown,fd-com-kunzisoft-keepass-libre-evidence.json#/rows/792,False,unknown
fd-com-kunzisoft-keepass-libre,862f87a30baef06181f049adf7c460611605b25a807eaf3c25841a9dd84bed9e,direct-framework-reference,,android/view/WindowInsets$Builder,definition-present,unknown,22,0,unknown,fd-com-kunzisoft-keepass-libre-evidence.json#/rows/793,False,unknown
fd-com-kunzisoft-keepass-libre,862f87a30baef06181f049adf7c460611605b25a807eaf3c25841a9dd84bed9e,direct-framework-reference,,android/view/WindowInsets$Type,definition-present,unknown,10,0,unknown,fd-com-kunzisoft-keepass-libre-evidence.json#/rows/794,False,unknown
fd-com-kunzisoft-keepass-libre,862f87a30baef06181f049adf7c460611605b25a807eaf3c25841a9dd84bed9e,direct-framework-reference,,android/view/WindowInsetsAnimation,definition-present,unknown,22,0,unknown,fd-com-kunzisoft-keepass-libre-evidence.json#/rows/795,False,unknown
fd-com-kunzisoft-keepass-libre,862f87a30baef06181f049adf7c460611605b25a807eaf3c25841a9dd84bed9e,direct-framework-reference,,android/view/WindowInsetsAnimation$Bounds,definition-present,unknown,9,0,unknown,fd-com-kunzisoft-keepass-libre-evidence.json#/rows/796,False,unknown
fd-com-kunzisoft-keepass-libre,862f87a30baef06181f049adf7c460611605b25a807eaf3c25841a9dd84bed9e,direct-framework-reference,,android/view/WindowInsetsAnimation$Callback,definition-present,unknown,3,0,unknown,fd-com-kunzisoft-keepass-libre-evidence.json#/rows/797,False,unknown
fd-com-kunzisoft-keepass-libre,862f87a30baef06181f049adf7c460611605b25a807eaf3c25841a9dd84bed9e,direct-framework-reference,,android/view/WindowInsetsAnimationControlListener,definition-present,unknown,2,0,unknown,fd-com-kunzisoft-keepass-libre-evidence.json#/rows/798,False,unknown
fd-com-kunzisoft-keepass-libre,862f87a30baef06181f049adf7c460611605b25a807eaf3c25841a9dd84bed9e,direct-framework-reference,,android/view/WindowInsetsAnimationController,definition-present,unknown,23,0,unknown,fd-com-kunzisoft-keepass-libre-evidence.json#/rows/799,False,unknown
fd-com-kunzisoft-keepass-libre,862f87a30baef06181f049adf7c460611605b25a807eaf3c25841a9dd84bed9e,direct-framework-reference,,android/view/WindowInsetsController,definition-present,unknown,30,0,unknown,fd-com-kunzisoft-keepass-libre-evidence.json#/rows/800,False,unknown
fd-com-kunzisoft-keepass-libre,862f87a30baef06181f049adf7c460611605b25a807eaf3c25841a9dd84bed9e,direct-framework-reference,,android/view/WindowInsetsController$OnControllableInsetsChangedListener,definition-present,unknown,3,0,unknown,fd-com-kunzisoft-keepass-libre-evidence.json#/rows/801,False,unknown
fd-com-kunzisoft-keepass-libre,862f87a30baef06181f049adf7c460611605b25a807eaf3c25841a9dd84bed9e,direct-framework-reference,,android/view/WindowManager,definition-present,yes-static,24,1,unknown,fd-com-kunzisoft-keepass-libre-evidence.json#/rows/802,False,unknown
fd-com-kunzisoft-keepass-libre,862f87a30baef06181f049adf7c460611605b25a807eaf3c25841a9dd84bed9e,direct-framework-reference,,android/view/WindowManager$LayoutParams,definition-present,unknown,13,0,unknown,fd-com-kunzisoft-keepass-libre-evidence.json#/rows/803,False,unknown
fd-com-kunzisoft-keepass-libre,862f87a30baef06181f049adf7c460611605b25a807eaf3c25841a9dd84bed9e,direct-framework-reference,,android/view/WindowMetrics,definition-present,unknown,11,0,unknown,fd-com-kunzisoft-keepass-libre-evidence.json#/rows/804,False,unknown
fd-com-kunzisoft-keepass-libre,862f87a30baef06181f049adf7c460611605b25a807eaf3c25841a9dd84bed9e,direct-framework-reference,,android/view/accessibility/AccessibilityEvent,definition-present,yes-static,76,9,unknown,fd-com-kunzisoft-keepass-libre-evidence.json#/rows/805,False,unknown
fd-com-kunzisoft-keepass-libre,862f87a30baef06181f049adf7c460611605b25a807eaf3c25841a9dd84bed9e,direct-framework-reference,,android/view/accessibility/AccessibilityManager,definition-present,yes-static,46,2,unknown,fd-com-kunzisoft-keepass-libre-evidence.json#/rows/806,False,unknown
fd-com-kunzisoft-keepass-libre,862f87a30baef06181f049adf7c460611605b25a807eaf3c25841a9dd84bed9e,direct-framework-reference,,android/view/accessibility/AccessibilityNodeInfo,definition-present,unknown,237,0,unknown,fd-com-kunzisoft-keepass-libre-evidence.json#/rows/807,False,unknown
fd-com-kunzisoft-keepass-libre,862f87a30baef06181f049adf7c460611605b25a807eaf3c25841a9dd84bed9e,direct-framework-reference,,android/view/accessibility/AccessibilityNodeInfo$AccessibilityAction,definition-present,unknown,32,0,unknown,fd-com-kunzisoft-keepass-libre-evidence.json#/rows/808,False,unknown
fd-com-kunzisoft-keepass-libre,862f87a30baef06181f049adf7c460611605b25a807eaf3c25841a9dd84bed9e,direct-framework-reference,,android/view/accessibility/AccessibilityNodeInfo$CollectionInfo,definition-present,unknown,10,0,unknown,fd-com-kunzisoft-keepass-libre-evidence.json#/rows/809,False,unknown
fd-com-kunzisoft-keepass-libre,862f87a30baef06181f049adf7c460611605b25a807eaf3c25841a9dd84bed9e,direct-framework-reference,,android/view/accessibility/AccessibilityNodeInfo$CollectionItemInfo,definition-present,unknown,12,0,unknown,fd-com-kunzisoft-keepass-libre-evidence.json#/rows/810,False,unknown
fd-com-kunzisoft-keepass-libre,862f87a30baef06181f049adf7c460611605b25a807eaf3c25841a9dd84bed9e,direct-framework-reference,,android/view/accessibility/AccessibilityNodeInfo$ExtraRenderingInfo,definition-present,unknown,2,0,unknown,fd-com-kunzisoft-keepass-libre-evidence.json#/rows/811,False,unknown
fd-com-kunzisoft-keepass-libre,862f87a30baef06181f049adf7c460611605b25a807eaf3c25841a9dd84bed9e,direct-framework-reference,,android/view/accessibility/AccessibilityNodeInfo$RangeInfo,definition-present,unknown,7,0,unknown,fd-com-kunzisoft-keepass-libre-evidence.json#/rows/812,False,unknown
fd-com-kunzisoft-keepass-libre,862f87a30baef06181f049adf7c460611605b25a807eaf3c25841a9dd84bed9e,direct-framework-reference,,android/view/accessibility/AccessibilityNodeInfo$TouchDelegateInfo,definition-present,unknown,12,0,unknown,fd-com-kunzisoft-keepass-libre-evidence.json#/rows/813,False,unknown
fd-com-kunzisoft-keepass-libre,862f87a30baef06181f049adf7c460611605b25a807eaf3c25841a9dd84bed9e,direct-framework-reference,,android/view/accessibility/AccessibilityNodeProvider,definition-present,unknown,6,0,unknown,fd-com-kunzisoft-keepass-libre-evidence.json#/rows/814,False,unknown
fd-com-kunzisoft-keepass-libre,862f87a30baef06181f049adf7c460611605b25a807eaf3c25841a9dd84bed9e,direct-framework-reference,,android/view/accessibility/AccessibilityRecord,definition-present,unknown,64,0,unknown,fd-com-kunzisoft-keepass-libre-evidence.json#/rows/815,False,unknown
fd-com-kunzisoft-keepass-libre,862f87a30baef06181f049adf7c460611605b25a807eaf3c25841a9dd84bed9e,direct-framework-reference,,android/view/accessibility/AccessibilityWindowInfo,definition-present,unknown,40,0,unknown,fd-com-kunzisoft-keepass-libre-evidence.json#/rows/816,False,unknown
fd-com-kunzisoft-keepass-libre,862f87a30baef06181f049adf7c460611605b25a807eaf3c25841a9dd84bed9e,direct-framework-reference,,android/view/accessibility/CaptioningManager,definition-present,unknown,1,0,unknown,fd-com-kunzisoft-keepass-libre-evidence.json#/rows/817,False,unknown
fd-com-kunzisoft-keepass-libre,862f87a30baef06181f049adf7c460611605b25a807eaf3c25841a9dd84bed9e,direct-framework-reference,,android/view/animation/AccelerateDecelerateInterpolator,definition-present,unknown,11,0,unknown,fd-com-kunzisoft-keepass-libre-evidence.json#/rows/818,False,unknown
fd-com-kunzisoft-keepass-libre,862f87a30baef06181f049adf7c460611605b25a807eaf3c25841a9dd84bed9e,direct-framework-reference,,android/view/animation/AccelerateInterpolator,definition-present,yes-static,9,1,unknown,fd-com-kunzisoft-keepass-libre-evidence.json#/rows/819,False,unknown
fd-com-kunzisoft-keepass-libre,862f87a30baef06181f049adf7c460611605b25a807eaf3c25841a9dd84bed9e,direct-framework-reference,,android/view/animation/Animation,definition-present,yes-static,6,5,unknown,fd-com-kunzisoft-keepass-libre-evidence.json#/rows/820,False,unknown
fd-com-kunzisoft-keepass-libre,862f87a30baef06181f049adf7c460611605b25a807eaf3c25841a9dd84bed9e,direct-framework-reference,,android/view/animation/Animation$AnimationListener,definition-present,yes-static,1,1,unknown,fd-com-kunzisoft-keepass-libre-evidence.json#/rows/821,False,unknown
fd-com-kunzisoft-keepass-libre,862f87a30baef06181f049adf7c460611605b25a807eaf3c25841a9dd84bed9e,direct-framework-reference,,android/view/animation/AnimationSet,definition-present,yes-static,3,1,unknown,fd-com-kunzisoft-keepass-libre-evidence.json#/rows/822,False,unknown
fd-com-kunzisoft-keepass-libre,862f87a30baef06181f049adf7c460611605b25a807eaf3c25841a9dd84bed9e,direct-framework-reference,,android/view/animation/AnimationUtils,definition-present,yes-static,15,1,unknown,fd-com-kunzisoft-keepass-libre-evidence.json#/rows/823,False,unknown
fd-com-kunzisoft-keepass-libre,862f87a30baef06181f049adf7c460611605b25a807eaf3c25841a9dd84bed9e,direct-framework-reference,,android/view/animation/AnticipateInterpolator,definition-present,unknown,3,0,unknown,fd-com-kunzisoft-keepass-libre-evidence.json#/rows/824,False,unknown
fd-com-kunzisoft-keepass-libre,862f87a30baef06181f049adf7c460611605b25a807eaf3c25841a9dd84bed9e,direct-framework-reference,,android/view/animation/AnticipateOvershootInterpolator,definition-present,unknown,1,0,unknown,fd-com-kunzisoft-keepass-libre-evidence.json#/rows/825,False,unknown
fd-com-kunzisoft-keepass-libre,862f87a30baef06181f049adf7c460611605b25a807eaf3c25841a9dd84bed9e,direct-framework-reference,,android/view/animation/BounceInterpolator,definition-present,unknown,4,0,unknown,fd-com-kunzisoft-keepass-libre-evidence.json#/rows/826,False,unknown
fd-com-kunzisoft-keepass-libre,862f87a30baef06181f049adf7c460611605b25a807eaf3c25841a9dd84bed9e,direct-framework-reference,,android/view/animation/CycleInterpolator,definition-present,unknown,1,0,unknown,fd-com-kunzisoft-keepass-libre-evidence.json#/rows/827,False,unknown
fd-com-kunzisoft-keepass-libre,862f87a30baef06181f049adf7c460611605b25a807eaf3c25841a9dd84bed9e,direct-framework-reference,,android/view/animation/DecelerateInterpolator,definition-present,yes-static,17,1,unknown,fd-com-kunzisoft-keepass-libre-evidence.json#/rows/828,False,unknown
fd-com-kunzisoft-keepass-libre,862f87a30baef06181f049adf7c460611605b25a807eaf3c25841a9dd84bed9e,direct-framework-reference,,android/view/animation/Interpolator,definition-present,yes-static,121,6,unknown,fd-com-kunzisoft-keepass-libre-evidence.json#/rows/829,False,unknown
fd-com-kunzisoft-keepass-libre,862f87a30baef06181f049adf7c460611605b25a807eaf3c25841a9dd84bed9e,direct-framework-reference,,android/view/animation/LinearInterpolator,definition-present,unknown,3,0,unknown,fd-com-kunzisoft-keepass-libre-evidence.json#/rows/830,False,unknown
fd-com-kunzisoft-keepass-libre,862f87a30baef06181f049adf7c460611605b25a807eaf3c25841a9dd84bed9e,direct-framework-reference,,android/view/animation/OvershootInterpolator,definition-present,unknown,4,0,unknown,fd-com-kunzisoft-keepass-libre-evidence.json#/rows/831,False,unknown
fd-com-kunzisoft-keepass-libre,862f87a30baef06181f049adf7c460611605b25a807eaf3c25841a9dd84bed9e,direct-framework-reference,,android/view/animation/PathInterpolator,definition-present,unknown,7,0,unknown,fd-com-kunzisoft-keepass-libre-evidence.json#/rows/832,False,unknown
fd-com-kunzisoft-keepass-libre,862f87a30baef06181f049adf7c460611605b25a807eaf3c25841a9dd84bed9e,direct-framework-reference,,android/view/animation/Transformation,definition-present,unknown,2,0,unknown,fd-com-kunzisoft-keepass-libre-evidence.json#/rows/833,False,unknown
fd-com-kunzisoft-keepass-libre,862f87a30baef06181f049adf7c460611605b25a807eaf3c25841a9dd84bed9e,direct-framework-reference,,android/view/autofill/AutofillId,definition-present,unknown,44,0,unknown,fd-com-kunzisoft-keepass-libre-evidence.json#/rows/834,False,unknown
fd-com-kunzisoft-keepass-libre,862f87a30baef06181f049adf7c460611605b25a807eaf3c25841a9dd84bed9e,direct-framework-reference,,android/view/autofill/AutofillManager,definition-present,unknown,6,0,unknown,fd-com-kunzisoft-keepass-libre-evidence.json#/rows/835,False,unknown
fd-com-kunzisoft-keepass-libre,862f87a30baef06181f049adf7c460611605b25a807eaf3c25841a9dd84bed9e,direct-framework-reference,,android/view/autofill/AutofillValue,definition-present,unknown,34,0,unknown,fd-com-kunzisoft-keepass-libre-evidence.json#/rows/836,False,unknown
fd-com-kunzisoft-keepass-libre,862f87a30baef06181f049adf7c460611605b25a807eaf3c25841a9dd84bed9e,direct-framework-reference,,android/view/inputmethod/CompletionInfo,definition-present,unknown,1,0,unknown,fd-com-kunzisoft-keepass-libre-evidence.json#/rows/837,False,unknown
fd-com-kunzisoft-keepass-libre,862f87a30baef06181f049adf7c460611605b25a807eaf3c25841a9dd84bed9e,direct-framework-reference,,android/view/inputmethod/CorrectionInfo,definition-present,unknown,1,0,unknown,fd-com-kunzisoft-keepass-libre-evidence.json#/rows/838,False,unknown
fd-com-kunzisoft-keepass-libre,862f87a30baef06181f049adf7c460611605b25a807eaf3c25841a9dd84bed9e,direct-framework-reference,,android/view/inputmethod/EditorInfo,definition-present,unknown,38,0,unknown,fd-com-kunzisoft-keepass-libre-evidence.json#/rows/839,False,unknown
fd-com-kunzisoft-keepass-libre,862f87a30baef06181f049adf7c460611605b25a807eaf3c25841a9dd84bed9e,direct-framework-reference,,android/view/inputmethod/ExtractedText,definition-present,unknown,2,0,unknown,fd-com-kunzisoft-keepass-libre-evidence.json#/rows/840,False,unknown
fd-com-kunzisoft-keepass-libre,862f87a30baef06181f049adf7c460611605b25a807eaf3c25841a9dd84bed9e,direct-framework-reference,,android/view/inputmethod/ExtractedTextRequest,definition-present,unknown,2,0,unknown,fd-com-kunzisoft-keepass-libre-evidence.json#/rows/841,False,unknown
fd-com-kunzisoft-keepass-libre,862f87a30baef06181f049adf7c460611605b25a807eaf3c25841a9dd84bed9e,direct-framework-reference,,android/view/inputmethod/InlineSuggestionsRequest,definition-present,unknown,14,0,unknown,fd-com-kunzisoft-keepass-libre-evidence.json#/rows/842,False,unknown
fd-com-kunzisoft-keepass-libre,862f87a30baef06181f049adf7c460611605b25a807eaf3c25841a9dd84bed9e,direct-framework-reference,,android/view/inputmethod/InputConnection,definition-present,unknown,30,0,unknown,fd-com-kunzisoft-keepass-libre-evidence.json#/rows/843,False,unknown
fd-com-kunzisoft-keepass-libre,862f87a30baef06181f049adf7c460611605b25a807eaf3c25841a9dd84bed9e,direct-framework-reference,,android/view/inputmethod/InputConnectionWrapper,definition-present,unknown,40,0,unknown,fd-com-kunzisoft-keepass-libre-evidence.json#/rows/844,False,unknown
fd-com-kunzisoft-keepass-libre,862f87a30baef06181f049adf7c460611605b25a807eaf3c25841a9dd84bed9e,direct-framework-reference,,android/view/inputmethod/InputContentInfo,definition-present,unknown,14,0,unknown,fd-com-kunzisoft-keepass-libre-evidence.json#/rows/845,False,unknown
fd-com-kunzisoft-keepass-libre,862f87a30baef06181f049adf7c460611605b25a807eaf3c25841a9dd84bed9e,direct-framework-reference,,android/view/inputmethod/InputMethodInfo,definition-present,unknown,2,0,unknown,fd-com-kunzisoft-keepass-libre-evidence.json#/rows/846,False,unknown
fd-com-kunzisoft-keepass-libre,862f87a30baef06181f049adf7c460611605b25a807eaf3c25841a9dd84bed9e,direct-framework-reference,,android/view/inputmethod/InputMethodManager,definition-present,unknown,21,0,unknown,fd-com-kunzisoft-keepass-libre-evidence.json#/rows/847,False,unknown
fd-com-kunzisoft-keepass-libre,862f87a30baef06181f049adf7c460611605b25a807eaf3c25841a9dd84bed9e,direct-framework-reference,,android/view/textclassifier/TextClassificationManager,definition-present,unknown,1,0,unknown,fd-com-kunzisoft-keepass-libre-evidence.json#/rows/848,False,unknown
fd-com-kunzisoft-keepass-libre,862f87a30baef06181f049adf7c460611605b25a807eaf3c25841a9dd84bed9e,direct-framework-reference,,android/view/textclassifier/TextClassifier,definition-present,unknown,15,0,unknown,fd-com-kunzisoft-keepass-libre-evidence.json#/rows/849,False,unknown
fd-com-kunzisoft-keepass-libre,862f87a30baef06181f049adf7c460611605b25a807eaf3c25841a9dd84bed9e,direct-framework-reference,,android/view/textclassifier/TextLinks,definition-present,unknown,1,0,unknown,fd-com-kunzisoft-keepass-libre-evidence.json#/rows/850,False,unknown
fd-com-kunzisoft-keepass-libre,862f87a30baef06181f049adf7c460611605b25a807eaf3c25841a9dd84bed9e,direct-framework-reference,,android/view/textservice/TextServicesManager,definition-present,unknown,1,0,unknown,fd-com-kunzisoft-keepass-libre-evidence.json#/rows/851,False,unknown
fd-com-kunzisoft-keepass-libre,862f87a30baef06181f049adf7c460611605b25a807eaf3c25841a9dd84bed9e,direct-framework-reference,,android/webkit/MimeTypeMap,definition-present,unknown,3,0,unknown,fd-com-kunzisoft-keepass-libre-evidence.json#/rows/852,False,unknown
fd-com-kunzisoft-keepass-libre,862f87a30baef06181f049adf7c460611605b25a807eaf3c25841a9dd84bed9e,direct-framework-reference,,android/webkit/WebView,definition-present,unknown,1,0,unknown,fd-com-kunzisoft-keepass-libre-evidence.json#/rows/853,False,unknown
fd-com-kunzisoft-keepass-libre,862f87a30baef06181f049adf7c460611605b25a807eaf3c25841a9dd84bed9e,direct-framework-reference,,android/widget/AbsListView,definition-present,unknown,7,0,unknown,fd-com-kunzisoft-keepass-libre-evidence.json#/rows/854,False,unknown
fd-com-kunzisoft-keepass-libre,862f87a30baef06181f049adf7c460611605b25a807eaf3c25841a9dd84bed9e,direct-framework-reference,,android/widget/AbsListView$LayoutParams,definition-present,unknown,1,0,unknown,fd-com-kunzisoft-keepass-libre-evidence.json#/rows/855,False,unknown
fd-com-kunzisoft-keepass-libre,862f87a30baef06181f049adf7c460611605b25a807eaf3c25841a9dd84bed9e,direct-framework-reference,,android/widget/Adapter,definition-present,unknown,2,0,unknown,fd-com-kunzisoft-keepass-libre-evidence.json#/rows/856,False,unknown
fd-com-kunzisoft-keepass-libre,862f87a30baef06181f049adf7c460611605b25a807eaf3c25841a9dd84bed9e,direct-framework-reference,,android/widget/AdapterView,definition-present,unknown,10,0,unknown,fd-com-kunzisoft-keepass-libre-evidence.json#/rows/857,False,unknown
fd-com-kunzisoft-keepass-libre,862f87a30baef06181f049adf7c460611605b25a807eaf3c25841a9dd84bed9e,direct-framework-reference,,android/widget/AdapterView$OnItemClickListener,definition-present,unknown,2,0,unknown,fd-com-kunzisoft-keepass-libre-evidence.json#/rows/858,False,unknown
fd-com-kunzisoft-keepass-libre,862f87a30baef06181f049adf7c460611605b25a807eaf3c25841a9dd84bed9e,direct-framework-reference,,android/widget/AdapterView$OnItemSelectedListener,definition-present,unknown,6,0,unknown,fd-com-kunzisoft-keepass-libre-evidence.json#/rows/859,False,unknown
fd-com-kunzisoft-keepass-libre,862f87a30baef06181f049adf7c460611605b25a807eaf3c25841a9dd84bed9e,direct-framework-reference,,android/widget/ArrayAdapter,definition-present,unknown,17,0,unknown,fd-com-kunzisoft-keepass-libre-evidence.json#/rows/860,False,unknown
fd-com-kunzisoft-keepass-libre,862f87a30baef06181f049adf7c460611605b25a807eaf3c25841a9dd84bed9e,direct-framework-reference,,android/widget/AutoCompleteTextView,definition-present,unknown,28,0,unknown,fd-com-kunzisoft-keepass-libre-evidence.json#/rows/861,False,unknown
fd-com-kunzisoft-keepass-libre,862f87a30baef06181f049adf7c460611605b25a807eaf3c25841a9dd84bed9e,direct-framework-reference,,android/widget/BaseAdapter,definition-present,unknown,14,0,unknown,fd-com-kunzisoft-keepass-libre-evidence.json#/rows/862,False,unknown
fd-com-kunzisoft-keepass-libre,862f87a30baef06181f049adf7c460611605b25a807eaf3c25841a9dd84bed9e,direct-framework-reference,,android/widget/Button,definition-present,unknown,64,0,unknown,fd-com-kunzisoft-keepass-libre-evidence.json#/rows/863,False,unknown
fd-com-kunzisoft-keepass-libre,862f87a30baef06181f049adf7c460611605b25a807eaf3c25841a9dd84bed9e,direct-framework-reference,,android/widget/CheckBox,definition-present,unknown,13,0,unknown,fd-com-kunzisoft-keepass-libre-evidence.json#/rows/864,False,unknown
fd-com-kunzisoft-keepass-libre,862f87a30baef06181f049adf7c460611605b25a807eaf3c25841a9dd84bed9e,direct-framework-reference,,android/widget/Checkable,definition-present,unknown,4,0,unknown,fd-com-kunzisoft-keepass-libre-evidence.json#/rows/865,False,unknown
fd-com-kunzisoft-keepass-libre,862f87a30baef06181f049adf7c460611605b25a807eaf3c25841a9dd84bed9e,direct-framework-reference,,android/widget/CheckedTextView,definition-present,unknown,36,0,unknown,fd-com-kunzisoft-keepass-libre-evidence.json#/rows/866,False,unknown
fd-com-kunzisoft-keepass-libre,862f87a30baef06181f049adf7c460611605b25a807eaf3c25841a9dd84bed9e,direct-framework-reference,,android/widget/CompoundButton,definition-present,unknown,184,0,unknown,fd-com-kunzisoft-keepass-libre-evidence.json#/rows/867,False,unknown
fd-com-kunzisoft-keepass-libre,862f87a30baef06181f049adf7c460611605b25a807eaf3c25841a9dd84bed9e,direct-framework-reference,,android/widget/CompoundButton$OnCheckedChangeListener,definition-present,unknown,2,0,unknown,fd-com-kunzisoft-keepass-libre-evidence.json#/rows/868,False,unknown
fd-com-kunzisoft-keepass-libre,862f87a30baef06181f049adf7c460611605b25a807eaf3c25841a9dd84bed9e,direct-framework-reference,,android/widget/CursorAdapter,definition-present,unknown,1,0,unknown,fd-com-kunzisoft-keepass-libre-evidence.json#/rows/869,False,unknown
fd-com-kunzisoft-keepass-libre,862f87a30baef06181f049adf7c460611605b25a807eaf3c25841a9dd84bed9e,direct-framework-reference,,android/widget/EdgeEffect,definition-present,unknown,51,0,unknown,fd-com-kunzisoft-keepass-libre-evidence.json#/rows/870,False,unknown
fd-com-kunzisoft-keepass-libre,862f87a30baef06181f049adf7c460611605b25a807eaf3c25841a9dd84bed9e,direct-framework-reference,,android/widget/EditText,definition-present,unknown,207,0,unknown,fd-com-kunzisoft-keepass-libre-evidence.json#/rows/871,False,unknown
fd-com-kunzisoft-keepass-libre,862f87a30baef06181f049adf7c460611605b25a807eaf3c25841a9dd84bed9e,direct-framework-reference,,android/widget/Filter,definition-present,unknown,8,0,unknown,fd-com-kunzisoft-keepass-libre-evidence.json#/rows/872,False,unknown
fd-com-kunzisoft-keepass-libre,862f87a30baef06181f049adf7c460611605b25a807eaf3c25841a9dd84bed9e,direct-framework-reference,,android/widget/Filter$FilterListener,definition-present,unknown,1,0,unknown,fd-com-kunzisoft-keepass-libre-evidence.json#/rows/873,False,unknown
fd-com-kunzisoft-keepass-libre,862f87a30baef06181f049adf7c460611605b25a807eaf3c25841a9dd84bed9e,direct-framework-reference,,android/widget/Filter$FilterResults,definition-present,unknown,6,0,unknown,fd-com-kunzisoft-keepass-libre-evidence.json#/rows/874,False,unknown
fd-com-kunzisoft-keepass-libre,862f87a30baef06181f049adf7c460611605b25a807eaf3c25841a9dd84bed9e,direct-framework-reference,,android/widget/FilterQueryProvider,definition-present,unknown,3,0,unknown,fd-com-kunzisoft-keepass-libre-evidence.json#/rows/875,False,unknown
fd-com-kunzisoft-keepass-libre,862f87a30baef06181f049adf7c460611605b25a807eaf3c25841a9dd84bed9e,direct-framework-reference,,android/widget/FrameLayout,definition-present,yes-static,232,2,unknown,fd-com-kunzisoft-keepass-libre-evidence.json#/rows/876,False,unknown
fd-com-kunzisoft-keepass-libre,862f87a30baef06181f049adf7c460611605b25a807eaf3c25841a9dd84bed9e,direct-framework-reference,,android/widget/FrameLayout$LayoutParams,definition-present,unknown,48,0,unknown,fd-com-kunzisoft-keepass-libre-evidence.json#/rows/877,False,unknown
fd-com-kunzisoft-keepass-libre,862f87a30baef06181f049adf7c460611605b25a807eaf3c25841a9dd84bed9e,direct-framework-reference,,android/widget/GridLayout,definition-present,unknown,5,0,unknown,fd-com-kunzisoft-keepass-libre-evidence.json#/rows/878,False,unknown
fd-com-kunzisoft-keepass-libre,862f87a30baef06181f049adf7c460611605b25a807eaf3c25841a9dd84bed9e,direct-framework-reference,,android/widget/GridView,definition-present,unknown,12,0,unknown,fd-com-kunzisoft-keepass-libre-evidence.json#/rows/879,False,unknown
fd-com-kunzisoft-keepass-libre,862f87a30baef06181f049adf7c460611605b25a807eaf3c25841a9dd84bed9e,direct-framework-reference,,android/widget/HeaderViewListAdapter,definition-present,unknown,4,0,unknown,fd-com-kunzisoft-keepass-libre-evidence.json#/rows/880,False,unknown
fd-com-kunzisoft-keepass-libre,862f87a30baef06181f049adf7c460611605b25a807eaf3c25841a9dd84bed9e,direct-framework-reference,,android/widget/HorizontalScrollView,definition-present,unknown,14,0,unknown,fd-com-kunzisoft-keepass-libre-evidence.json#/rows/881,False,unknown
fd-com-kunzisoft-keepass-libre,862f87a30baef06181f049adf7c460611605b25a807eaf3c25841a9dd84bed9e,direct-framework-reference,,android/widget/ImageButton,definition-present,yes-static,39,6,unknown,fd-com-kunzisoft-keepass-libre-evidence.json#/rows/882,False,unknown
fd-com-kunzisoft-keepass-libre,862f87a30baef06181f049adf7c460611605b25a807eaf3c25841a9dd84bed9e,direct-framework-reference,,android/widget/ImageView,definition-present,yes-static,300,10,unknown,fd-com-kunzisoft-keepass-libre-evidence.json#/rows/883,False,unknown
fd-com-kunzisoft-keepass-libre,862f87a30baef06181f049adf7c460611605b25a807eaf3c25841a9dd84bed9e,direct-framework-reference,,android/widget/ImageView$ScaleType,definition-present,unknown,30,0,unknown,fd-com-kunzisoft-keepass-libre-evidence.json#/rows/884,False,unknown
fd-com-kunzisoft-keepass-libre,862f87a30baef06181f049adf7c460611605b25a807eaf3c25841a9dd84bed9e,direct-framework-reference,,android/widget/LinearLayout,definition-present,unknown,111,0,unknown,fd-com-kunzisoft-keepass-libre-evidence.json#/rows/885,False,unknown
fd-com-kunzisoft-keepass-libre,862f87a30baef06181f049adf7c460611605b25a807eaf3c25841a9dd84bed9e,direct-framework-reference,,android/widget/LinearLayout$LayoutParams,definition-present,unknown,37,0,unknown,fd-com-kunzisoft-keepass-libre-evidence.json#/rows/886,False,unknown
fd-com-kunzisoft-keepass-libre,862f87a30baef06181f049adf7c460611605b25a807eaf3c25841a9dd84bed9e,direct-framework-reference,,android/widget/ListAdapter,definition-present,unknown,62,0,unknown,fd-com-kunzisoft-keepass-libre-evidence.json#/rows/887,False,unknown
fd-com-kunzisoft-keepass-libre,862f87a30baef06181f049adf7c460611605b25a807eaf3c25841a9dd84bed9e,direct-framework-reference,,android/widget/ListPopupWindow,definition-present,unknown,2,0,unknown,fd-com-kunzisoft-keepass-libre-evidence.json#/rows/888,False,unknown
fd-com-kunzisoft-keepass-libre,862f87a30baef06181f049adf7c460611605b25a807eaf3c25841a9dd84bed9e,direct-framework-reference,,android/widget/ListView,definition-present,unknown,40,0,unknown,fd-com-kunzisoft-keepass-libre-evidence.json#/rows/889,False,unknown
fd-com-kunzisoft-keepass-libre,862f87a30baef06181f049adf7c460611605b25a807eaf3c25841a9dd84bed9e,direct-framework-reference,,android/widget/MultiAutoCompleteTextView,definition-present,unknown,10,0,unknown,fd-com-kunzisoft-keepass-libre-evidence.json#/rows/890,False,unknown
fd-com-kunzisoft-keepass-libre,862f87a30baef06181f049adf7c460611605b25a807eaf3c25841a9dd84bed9e,direct-framework-reference,,android/widget/NumberPicker,definition-present,unknown,11,0,unknown,fd-com-kunzisoft-keepass-libre-evidence.json#/rows/891,False,unknown
fd-com-kunzisoft-keepass-libre,862f87a30baef06181f049adf7c460611605b25a807eaf3c25841a9dd84bed9e,direct-framework-reference,,android/widget/OverScroller,definition-present,yes-static,43,2,unknown,fd-com-kunzisoft-keepass-libre-evidence.json#/rows/892,False,unknown
fd-com-kunzisoft-keepass-libre,862f87a30baef06181f049adf7c460611605b25a807eaf3c25841a9dd84bed9e,direct-framework-reference,,android/widget/PopupMenu,definition-present,unknown,2,0,unknown,fd-com-kunzisoft-keepass-libre-evidence.json#/rows/893,False,unknown
fd-com-kunzisoft-keepass-libre,862f87a30baef06181f049adf7c460611605b25a807eaf3c25841a9dd84bed9e,direct-framework-reference,,android/widget/PopupWindow,definition-present,unknown,67,0,unknown,fd-com-kunzisoft-keepass-libre-evidence.json#/rows/894,False,unknown
fd-com-kunzisoft-keepass-libre,862f87a30baef06181f049adf7c460611605b25a807eaf3c25841a9dd84bed9e,direct-framework-reference,,android/widget/PopupWindow$OnDismissListener,definition-present,unknown,4,0,unknown,fd-com-kunzisoft-keepass-libre-evidence.json#/rows/895,False,unknown
fd-com-kunzisoft-keepass-libre,862f87a30baef06181f049adf7c460611605b25a807eaf3c25841a9dd84bed9e,direct-framework-reference,,android/widget/ProgressBar,definition-present,unknown,33,0,unknown,fd-com-kunzisoft-keepass-libre-evidence.json#/rows/896,False,unknown
fd-com-kunzisoft-keepass-libre,862f87a30baef06181f049adf7c460611605b25a807eaf3c25841a9dd84bed9e,direct-framework-reference,,android/widget/RadioButton,definition-present,unknown,18,0,unknown,fd-com-kunzisoft-keepass-libre-evidence.json#/rows/897,False,unknown
fd-com-kunzisoft-keepass-libre,862f87a30baef06181f049adf7c460611605b25a807eaf3c25841a9dd84bed9e,direct-framework-reference,,android/widget/RadioGroup,definition-present,unknown,3,0,unknown,fd-com-kunzisoft-keepass-libre-evidence.json#/rows/898,False,unknown
fd-com-kunzisoft-keepass-libre,862f87a30baef06181f049adf7c460611605b25a807eaf3c25841a9dd84bed9e,direct-framework-reference,,android/widget/RatingBar,definition-present,unknown,2,0,unknown,fd-com-kunzisoft-keepass-libre-evidence.json#/rows/899,False,unknown
fd-com-kunzisoft-keepass-libre,862f87a30baef06181f049adf7c460611605b25a807eaf3c25841a9dd84bed9e,direct-framework-reference,,android/widget/RelativeLayout,definition-present,unknown,26,0,unknown,fd-com-kunzisoft-keepass-libre-evidence.json#/rows/900,False,unknown
fd-com-kunzisoft-keepass-libre,862f87a30baef06181f049adf7c460611605b25a807eaf3c25841a9dd84bed9e,direct-framework-reference,,android/widget/RelativeLayout$LayoutParams,definition-present,unknown,12,0,unknown,fd-com-kunzisoft-keepass-libre-evidence.json#/rows/901,False,unknown
fd-com-kunzisoft-keepass-libre,862f87a30baef06181f049adf7c460611605b25a807eaf3c25841a9dd84bed9e,direct-framework-reference,,android/widget/RemoteViews,definition-present,unknown,57,0,unknown,fd-com-kunzisoft-keepass-libre-evidence.json#/rows/902,False,unknown
fd-com-kunzisoft-keepass-libre,862f87a30baef06181f049adf7c460611605b25a807eaf3c25841a9dd84bed9e,direct-framework-reference,,android/widget/ScrollView,definition-present,unknown,7,0,unknown,fd-com-kunzisoft-keepass-libre-evidence.json#/rows/903,False,unknown
fd-com-kunzisoft-keepass-libre,862f87a30baef06181f049adf7c460611605b25a807eaf3c25841a9dd84bed9e,direct-framework-reference,,android/widget/Scroller,definition-present,unknown,10,0,unknown,fd-com-kunzisoft-keepass-libre-evidence.json#/rows/904,False,unknown
fd-com-kunzisoft-keepass-libre,862f87a30baef06181f049adf7c460611605b25a807eaf3c25841a9dd84bed9e,direct-framework-reference,,android/widget/SeekBar,definition-present,unknown,19,0,unknown,fd-com-kunzisoft-keepass-libre-evidence.json#/rows/905,False,unknown
fd-com-kunzisoft-keepass-libre,862f87a30baef06181f049adf7c460611605b25a807eaf3c25841a9dd84bed9e,direct-framework-reference,,android/widget/ShareActionProvider,definition-present,unknown,1,0,unknown,fd-com-kunzisoft-keepass-libre-evidence.json#/rows/906,False,unknown
fd-com-kunzisoft-keepass-libre,862f87a30baef06181f049adf7c460611605b25a807eaf3c25841a9dd84bed9e,direct-framework-reference,,android/widget/SimpleCursorAdapter,definition-present,unknown,1,0,unknown,fd-com-kunzisoft-keepass-libre-evidence.json#/rows/907,False,unknown
fd-com-kunzisoft-keepass-libre,862f87a30baef06181f049adf7c460611605b25a807eaf3c25841a9dd84bed9e,direct-framework-reference,,android/widget/Spinner,definition-present,unknown,57,0,unknown,fd-com-kunzisoft-keepass-libre-evidence.json#/rows/908,False,unknown
fd-com-kunzisoft-keepass-libre,862f87a30baef06181f049adf7c460611605b25a807eaf3c25841a9dd84bed9e,direct-framework-reference,,android/widget/SpinnerAdapter,definition-present,unknown,29,0,unknown,fd-com-kunzisoft-keepass-libre-evidence.json#/rows/909,False,unknown
fd-com-kunzisoft-keepass-libre,862f87a30baef06181f049adf7c460611605b25a807eaf3c25841a9dd84bed9e,direct-framework-reference,,android/widget/Switch,definition-present,unknown,1,0,unknown,fd-com-kunzisoft-keepass-libre-evidence.json#/rows/910,False,unknown
fd-com-kunzisoft-keepass-libre,862f87a30baef06181f049adf7c460611605b25a807eaf3c25841a9dd84bed9e,direct-framework-reference,,android/widget/TabHost,definition-present,unknown,9,0,unknown,fd-com-kunzisoft-keepass-libre-evidence.json#/rows/911,False,unknown
fd-com-kunzisoft-keepass-libre,862f87a30baef06181f049adf7c460611605b25a807eaf3c25841a9dd84bed9e,direct-framework-reference,,android/widget/TabHost$OnTabChangeListener,definition-present,unknown,1,0,unknown,fd-com-kunzisoft-keepass-libre-evidence.json#/rows/912,False,unknown
fd-com-kunzisoft-keepass-libre,862f87a30baef06181f049adf7c460611605b25a807eaf3c25841a9dd84bed9e,direct-framework-reference,,android/widget/TabHost$TabContentFactory,definition-present,unknown,1,0,unknown,fd-com-kunzisoft-keepass-libre-evidence.json#/rows/913,False,unknown
fd-com-kunzisoft-keepass-libre,862f87a30baef06181f049adf7c460611605b25a807eaf3c25841a9dd84bed9e,direct-framework-reference,,android/widget/TabHost$TabSpec,definition-present,unknown,1,0,unknown,fd-com-kunzisoft-keepass-libre-evidence.json#/rows/914,False,unknown
fd-com-kunzisoft-keepass-libre,862f87a30baef06181f049adf7c460611605b25a807eaf3c25841a9dd84bed9e,direct-framework-reference,,android/widget/TabWidget,definition-present,unknown,1,0,unknown,fd-com-kunzisoft-keepass-libre-evidence.json#/rows/915,False,unknown
fd-com-kunzisoft-keepass-libre,862f87a30baef06181f049adf7c460611605b25a807eaf3c25841a9dd84bed9e,direct-framework-reference,,android/widget/TextView,definition-present,yes-static,631,68,unknown,fd-com-kunzisoft-keepass-libre-evidence.json#/rows/916,False,unknown
fd-com-kunzisoft-keepass-libre,862f87a30baef06181f049adf7c460611605b25a807eaf3c25841a9dd84bed9e,direct-framework-reference,,android/widget/TextView$BufferType,definition-present,unknown,2,0,unknown,fd-com-kunzisoft-keepass-libre-evidence.json#/rows/917,False,unknown
fd-com-kunzisoft-keepass-libre,862f87a30baef06181f049adf7c460611605b25a807eaf3c25841a9dd84bed9e,direct-framework-reference,,android/widget/TextView$OnEditorActionListener,definition-present,unknown,3,0,unknown,fd-com-kunzisoft-keepass-libre-evidence.json#/rows/918,False,unknown
fd-com-kunzisoft-keepass-libre,862f87a30baef06181f049adf7c460611605b25a807eaf3c25841a9dd84bed9e,direct-framework-reference,,android/widget/ThemedSpinnerAdapter,definition-present,unknown,4,0,unknown,fd-com-kunzisoft-keepass-libre-evidence.json#/rows/919,False,unknown
fd-com-kunzisoft-keepass-libre,862f87a30baef06181f049adf7c460611605b25a807eaf3c25841a9dd84bed9e,direct-framework-reference,,android/widget/Toast,definition-present,unknown,22,0,unknown,fd-com-kunzisoft-keepass-libre-evidence.json#/rows/920,False,unknown
fd-com-kunzisoft-keepass-libre,862f87a30baef06181f049adf7c460611605b25a807eaf3c25841a9dd84bed9e,direct-framework-reference,,android/widget/ToggleButton,definition-present,unknown,9,0,unknown,fd-com-kunzisoft-keepass-libre-evidence.json#/rows/921,False,unknown
fd-com-kunzisoft-keepass-libre,862f87a30baef06181f049adf7c460611605b25a807eaf3c25841a9dd84bed9e,direct-framework-reference,,android/widget/Toolbar,definition-present,unknown,34,0,unknown,fd-com-kunzisoft-keepass-libre-evidence.json#/rows/922,False,unknown
fd-com-kunzisoft-keepass-libre,862f87a30baef06181f049adf7c460611605b25a807eaf3c25841a9dd84bed9e,direct-framework-reference,,android/widget/ViewSwitcher,definition-present,unknown,6,0,unknown,fd-com-kunzisoft-keepass-libre-evidence.json#/rows/923,False,unknown
fd-com-kunzisoft-keepass-libre,862f87a30baef06181f049adf7c460611605b25a807eaf3c25841a9dd84bed9e,direct-framework-reference,,android/widget/inline/InlinePresentationSpec,definition-present,unknown,6,0,unknown,fd-com-kunzisoft-keepass-libre-evidence.json#/rows/924,False,unknown
fd-com-kunzisoft-keepass-libre,862f87a30baef06181f049adf7c460611605b25a807eaf3c25841a9dd84bed9e,direct-framework-reference,,android/window/OnBackInvokedCallback,definition-present,yes-static,14,14,unknown,fd-com-kunzisoft-keepass-libre-evidence.json#/rows/925,False,unknown
fd-com-kunzisoft-keepass-libre,862f87a30baef06181f049adf7c460611605b25a807eaf3c25841a9dd84bed9e,direct-framework-reference,,android/window/OnBackInvokedDispatcher,definition-present,yes-static,23,21,unknown,fd-com-kunzisoft-keepass-libre-evidence.json#/rows/926,False,unknown
fd-com-kunzisoft-keepass-libre,862f87a30baef06181f049adf7c460611605b25a807eaf3c25841a9dd84bed9e,direct-framework-reference,,dalvik/system/DexFile,definition-present,unknown,5,0,unknown,fd-com-kunzisoft-keepass-libre-evidence.json#/rows/927,False,unknown
fd-com-kunzisoft-keepass-libre,862f87a30baef06181f049adf7c460611605b25a807eaf3c25841a9dd84bed9e,direct-framework-reference,,java/io/BufferedInputStream,definition-present,unknown,37,0,unknown,fd-com-kunzisoft-keepass-libre-evidence.json#/rows/928,False,unknown
fd-com-kunzisoft-keepass-libre,862f87a30baef06181f049adf7c460611605b25a807eaf3c25841a9dd84bed9e,direct-framework-reference,,java/io/BufferedOutputStream,definition-present,yes-static,23,1,unknown,fd-com-kunzisoft-keepass-libre-evidence.json#/rows/929,False,unknown
fd-com-kunzisoft-keepass-libre,862f87a30baef06181f049adf7c460611605b25a807eaf3c25841a9dd84bed9e,direct-framework-reference,,java/io/BufferedReader,definition-present,unknown,60,0,unknown,fd-com-kunzisoft-keepass-libre-evidence.json#/rows/930,False,unknown
fd-com-kunzisoft-keepass-libre,862f87a30baef06181f049adf7c460611605b25a807eaf3c25841a9dd84bed9e,direct-framework-reference,,java/io/BufferedWriter,definition-present,unknown,20,0,unknown,fd-com-kunzisoft-keepass-libre-evidence.json#/rows/931,False,unknown
fd-com-kunzisoft-keepass-libre,862f87a30baef06181f049adf7c460611605b25a807eaf3c25841a9dd84bed9e,direct-framework-reference,,java/io/ByteArrayInputStream,definition-present,unknown,102,0,unknown,fd-com-kunzisoft-keepass-libre-evidence.json#/rows/932,False,unknown
fd-com-kunzisoft-keepass-libre,862f87a30baef06181f049adf7c460611605b25a807eaf3c25841a9dd84bed9e,direct-framework-reference,,java/io/ByteArrayOutputStream,definition-present,yes-static,234,9,unknown,fd-com-kunzisoft-keepass-libre-evidence.json#/rows/933,False,unknown
fd-com-kunzisoft-keepass-libre,862f87a30baef06181f049adf7c460611605b25a807eaf3c25841a9dd84bed9e,direct-framework-reference,,java/io/CharArrayReader,definition-present,unknown,1,0,unknown,fd-com-kunzisoft-keepass-libre-evidence.json#/rows/934,False,unknown
fd-com-kunzisoft-keepass-libre,862f87a30baef06181f049adf7c460611605b25a807eaf3c25841a9dd84bed9e,direct-framework-reference,,java/io/CharArrayWriter,definition-present,unknown,3,0,unknown,fd-com-kunzisoft-keepass-libre-evidence.json#/rows/935,False,unknown
fd-com-kunzisoft-keepass-libre,862f87a30baef06181f049adf7c460611605b25a807eaf3c25841a9dd84bed9e,direct-framework-reference,,java/io/Closeable,definition-present,yes-static,115,5,unknown,fd-com-kunzisoft-keepass-libre-evidence.json#/rows/936,False,unknown
fd-com-kunzisoft-keepass-libre,862f87a30baef06181f049adf7c460611605b25a807eaf3c25841a9dd84bed9e,direct-framework-reference,,java/io/DataInput,definition-present,unknown,7,0,unknown,fd-com-kunzisoft-keepass-libre-evidence.json#/rows/937,False,unknown
fd-com-kunzisoft-keepass-libre,862f87a30baef06181f049adf7c460611605b25a807eaf3c25841a9dd84bed9e,direct-framework-reference,,java/io/DataInputStream,definition-present,unknown,36,0,unknown,fd-com-kunzisoft-keepass-libre-evidence.json#/rows/938,False,unknown
fd-com-kunzisoft-keepass-libre,862f87a30baef06181f049adf7c460611605b25a807eaf3c25841a9dd84bed9e,direct-framework-reference,,java/io/DataOutput,definition-present,unknown,7,0,unknown,fd-com-kunzisoft-keepass-libre-evidence.json#/rows/939,False,unknown
fd-com-kunzisoft-keepass-libre,862f87a30baef06181f049adf7c460611605b25a807eaf3c25841a9dd84bed9e,direct-framework-reference,,java/io/DataOutputStream,definition-present,unknown,27,0,unknown,fd-com-kunzisoft-keepass-libre-evidence.json#/rows/940,False,unknown
fd-com-kunzisoft-keepass-libre,862f87a30baef06181f049adf7c460611605b25a807eaf3c25841a9dd84bed9e,direct-framework-reference,,java/io/EOFException,definition-present,unknown,42,0,unknown,fd-com-kunzisoft-keepass-libre-evidence.json#/rows/941,False,unknown
fd-com-kunzisoft-keepass-libre,862f87a30baef06181f049adf7c460611605b25a807eaf3c25841a9dd84bed9e,direct-framework-reference,,java/io/File,definition-present,yes-static,746,22,unknown,fd-com-kunzisoft-keepass-libre-evidence.json#/rows/942,False,unknown
fd-com-kunzisoft-keepass-libre,862f87a30baef06181f049adf7c460611605b25a807eaf3c25841a9dd84bed9e,direct-framework-reference,,java/io/FileDescriptor,definition-present,yes-static,23,3,unknown,fd-com-kunzisoft-keepass-libre-evidence.json#/rows/943,False,unknown
fd-com-kunzisoft-keepass-libre,862f87a30baef06181f049adf7c460611605b25a807eaf3c25841a9dd84bed9e,direct-framework-reference,,java/io/FileFilter,definition-present,yes-static,31,1,unknown,fd-com-kunzisoft-keepass-libre-evidence.json#/rows/944,False,unknown
fd-com-kunzisoft-keepass-libre,862f87a30baef06181f049adf7c460611605b25a807eaf3c25841a9dd84bed9e,direct-framework-reference,,java/io/FileInputStream,definition-present,unknown,43,0,unknown,fd-com-kunzisoft-keepass-libre-evidence.json#/rows/945,False,unknown
fd-com-kunzisoft-keepass-libre,862f87a30baef06181f049adf7c460611605b25a807eaf3c25841a9dd84bed9e,direct-framework-reference,,java/io/FileNotFoundException,definition-present,unknown,15,0,unknown,fd-com-kunzisoft-keepass-libre-evidence.json#/rows/946,False,unknown
fd-com-kunzisoft-keepass-libre,862f87a30baef06181f049adf7c460611605b25a807eaf3c25841a9dd84bed9e,direct-framework-reference,,java/io/FileOutputStream,definition-present,yes-static,42,2,unknown,fd-com-kunzisoft-keepass-libre-evidence.json#/rows/947,False,unknown
fd-com-kunzisoft-keepass-libre,862f87a30baef06181f049adf7c460611605b25a807eaf3c25841a9dd84bed9e,direct-framework-reference,,java/io/FileReader,definition-present,unknown,2,0,unknown,fd-com-kunzisoft-keepass-libre-evidence.json#/rows/948,False,unknown
fd-com-kunzisoft-keepass-libre,862f87a30baef06181f049adf7c460611605b25a807eaf3c25841a9dd84bed9e,direct-framework-reference,,java/io/FilenameFilter,definition-present,unknown,13,0,unknown,fd-com-kunzisoft-keepass-libre-evidence.json#/rows/949,False,unknown
fd-com-kunzisoft-keepass-libre,862f87a30baef06181f049adf7c460611605b25a807eaf3c25841a9dd84bed9e,direct-framework-reference,,java/io/FilterInputStream,definition-present,unknown,37,0,unknown,fd-com-kunzisoft-keepass-libre-evidence.json#/rows/950,False,unknown
fd-com-kunzisoft-keepass-libre,862f87a30baef06181f049adf7c460611605b25a807eaf3c25841a9dd84bed9e,direct-framework-reference,,java/io/FilterOutputStream,definition-present,unknown,19,0,unknown,fd-com-kunzisoft-keepass-libre-evidence.json#/rows/951,False,unknown
fd-com-kunzisoft-keepass-libre,862f87a30baef06181f049adf7c460611605b25a807eaf3c25841a9dd84bed9e,direct-framework-reference,,java/io/FilterReader,definition-present,unknown,13,0,unknown,fd-com-kunzisoft-keepass-libre-evidence.json#/rows/952,False,unknown
fd-com-kunzisoft-keepass-libre,862f87a30baef06181f049adf7c460611605b25a807eaf3c25841a9dd84bed9e,direct-framework-reference,,java/io/FilterWriter,definition-present,unknown,13,0,unknown,fd-com-kunzisoft-keepass-libre-evidence.json#/rows/953,False,unknown
fd-com-kunzisoft-keepass-libre,862f87a30baef06181f049adf7c460611605b25a807eaf3c25841a9dd84bed9e,direct-framework-reference,,java/io/IOException,definition-present,yes-static,687,5,unknown,fd-com-kunzisoft-keepass-libre-evidence.json#/rows/954,False,unknown
fd-com-kunzisoft-keepass-libre,862f87a30baef06181f049adf7c460611605b25a807eaf3c25841a9dd84bed9e,direct-framework-reference,,java/io/InputStream,definition-present,yes-static,839,1,unknown,fd-com-kunzisoft-keepass-libre-evidence.json#/rows/955,False,unknown
fd-com-kunzisoft-keepass-libre,862f87a30baef06181f049adf7c460611605b25a807eaf3c25841a9dd84bed9e,direct-framework-reference,,java/io/InputStreamReader,definition-present,unknown,35,0,unknown,fd-com-kunzisoft-keepass-libre-evidence.json#/rows/956,False,unknown
fd-com-kunzisoft-keepass-libre,862f87a30baef06181f049adf7c460611605b25a807eaf3c25841a9dd84bed9e,direct-framework-reference,,java/io/InterruptedIOException,definition-present,unknown,4,0,unknown,fd-com-kunzisoft-keepass-libre-evidence.json#/rows/957,False,unknown
fd-com-kunzisoft-keepass-libre,862f87a30baef06181f049adf7c460611605b25a807eaf3c25841a9dd84bed9e,direct-framework-reference,,java/io/InvalidClassException,definition-present,unknown,2,0,unknown,fd-com-kunzisoft-keepass-libre-evidence.json#/rows/958,False,unknown
fd-com-kunzisoft-keepass-libre,862f87a30baef06181f049adf7c460611605b25a807eaf3c25841a9dd84bed9e,direct-framework-reference,,java/io/InvalidObjectException,definition-present,unknown,4,0,unknown,fd-com-kunzisoft-keepass-libre-evidence.json#/rows/959,False,unknown
fd-com-kunzisoft-keepass-libre,862f87a30baef06181f049adf7c460611605b25a807eaf3c25841a9dd84bed9e,direct-framework-reference,,java/io/NotSerializableException,definition-present,unknown,4,0,unknown,fd-com-kunzisoft-keepass-libre-evidence.json#/rows/960,False,unknown
fd-com-kunzisoft-keepass-libre,862f87a30baef06181f049adf7c460611605b25a807eaf3c25841a9dd84bed9e,direct-framework-reference,,java/io/ObjectInput,definition-present,unknown,2,0,unknown,fd-com-kunzisoft-keepass-libre-evidence.json#/rows/961,False,unknown
fd-com-kunzisoft-keepass-libre,862f87a30baef06181f049adf7c460611605b25a807eaf3c25841a9dd84bed9e,direct-framework-reference,,java/io/ObjectInputStream,definition-present,unknown,110,0,unknown,fd-com-kunzisoft-keepass-libre-evidence.json#/rows/962,False,unknown
fd-com-kunzisoft-keepass-libre,862f87a30baef06181f049adf7c460611605b25a807eaf3c25841a9dd84bed9e,direct-framework-reference,,java/io/ObjectOutput,definition-present,unknown,2,0,unknown,fd-com-kunzisoft-keepass-libre-evidence.json#/rows/963,False,unknown
fd-com-kunzisoft-keepass-libre,862f87a30baef06181f049adf7c460611605b25a807eaf3c25841a9dd84bed9e,direct-framework-reference,,java/io/ObjectOutputStream,definition-present,unknown,98,0,unknown,fd-com-kunzisoft-keepass-libre-evidence.json#/rows/964,False,unknown
fd-com-kunzisoft-keepass-libre,862f87a30baef06181f049adf7c460611605b25a807eaf3c25841a9dd84bed9e,direct-framework-reference,,java/io/ObjectStreamClass,definition-present,unknown,6,0,unknown,fd-com-kunzisoft-keepass-libre-evidence.json#/rows/965,False,unknown
fd-com-kunzisoft-keepass-libre,862f87a30baef06181f049adf7c460611605b25a807eaf3c25841a9dd84bed9e,direct-framework-reference,,java/io/OutputStream,definition-present,yes-static,820,2,unknown,fd-com-kunzisoft-keepass-libre-evidence.json#/rows/966,False,unknown
fd-com-kunzisoft-keepass-libre,862f87a30baef06181f049adf7c460611605b25a807eaf3c25841a9dd84bed9e,direct-framework-reference,,java/io/OutputStreamWriter,definition-present,unknown,35,0,unknown,fd-com-kunzisoft-keepass-libre-evidence.json#/rows/967,False,unknown
fd-com-kunzisoft-keepass-libre,862f87a30baef06181f049adf7c460611605b25a807eaf3c25841a9dd84bed9e,direct-framework-reference,,java/io/PrintStream,definition-present,unknown,120,0,unknown,fd-com-kunzisoft-keepass-libre-evidence.json#/rows/968,False,unknown
fd-com-kunzisoft-keepass-libre,862f87a30baef06181f049adf7c460611605b25a807eaf3c25841a9dd84bed9e,direct-framework-reference,,java/io/PrintWriter,definition-present,yes-static,33,2,unknown,fd-com-kunzisoft-keepass-libre-evidence.json#/rows/969,False,unknown
fd-com-kunzisoft-keepass-libre,862f87a30baef06181f049adf7c460611605b25a807eaf3c25841a9dd84bed9e,direct-framework-reference,,java/io/RandomAccessFile,definition-present,yes-static,58,5,unknown,fd-com-kunzisoft-keepass-libre-evidence.json#/rows/970,False,unknown
fd-com-kunzisoft-keepass-libre,862f87a30baef06181f049adf7c460611605b25a807eaf3c25841a9dd84bed9e,direct-framework-reference,,java/io/Reader,definition-present,unknown,141,0,unknown,fd-com-kunzisoft-keepass-libre-evidence.json#/rows/971,False,unknown
fd-com-kunzisoft-keepass-libre,862f87a30baef06181f049adf7c460611605b25a807eaf3c25841a9dd84bed9e,direct-framework-reference,,java/io/SequenceInputStream,definition-present,unknown,1,0,unknown,fd-com-kunzisoft-keepass-libre-evidence.json#/rows/972,False,unknown
fd-com-kunzisoft-keepass-libre,862f87a30baef06181f049adf7c460611605b25a807eaf3c25841a9dd84bed9e,direct-framework-reference,,java/io/Serializable,definition-present,unknown,61,0,unknown,fd-com-kunzisoft-keepass-libre-evidence.json#/rows/973,False,unknown
fd-com-kunzisoft-keepass-libre,862f87a30baef06181f049adf7c460611605b25a807eaf3c25841a9dd84bed9e,direct-framework-reference,,java/io/StringReader,definition-present,unknown,4,0,unknown,fd-com-kunzisoft-keepass-libre-evidence.json#/rows/974,False,unknown
fd-com-kunzisoft-keepass-libre,862f87a30baef06181f049adf7c460611605b25a807eaf3c25841a9dd84bed9e,direct-framework-reference,,java/io/StringWriter,definition-present,unknown,8,0,unknown,fd-com-kunzisoft-keepass-libre-evidence.json#/rows/975,False,unknown
fd-com-kunzisoft-keepass-libre,862f87a30baef06181f049adf7c460611605b25a807eaf3c25841a9dd84bed9e,direct-framework-reference,,java/io/UncheckedIOException,definition-present,unknown,25,0,unknown,fd-com-kunzisoft-keepass-libre-evidence.json#/rows/976,False,unknown
fd-com-kunzisoft-keepass-libre,862f87a30baef06181f049adf7c460611605b25a807eaf3c25841a9dd84bed9e,direct-framework-reference,,java/io/UnsupportedEncodingException,definition-present,unknown,10,0,unknown,fd-com-kunzisoft-keepass-libre-evidence.json#/rows/977,False,unknown
fd-com-kunzisoft-keepass-libre,862f87a30baef06181f049adf7c460611605b25a807eaf3c25841a9dd84bed9e,direct-framework-reference,,java/io/Writer,definition-present,yes-static,225,2,unknown,fd-com-kunzisoft-keepass-libre-evidence.json#/rows/978,False,unknown
fd-com-kunzisoft-keepass-libre,862f87a30baef06181f049adf7c460611605b25a807eaf3c25841a9dd84bed9e,direct-framework-reference,,java/lang/Appendable,definition-present,unknown,143,0,unknown,fd-com-kunzisoft-keepass-libre-evidence.json#/rows/979,False,unknown
fd-com-kunzisoft-keepass-libre,862f87a30baef06181f049adf7c460611605b25a807eaf3c25841a9dd84bed9e,direct-framework-reference,,java/lang/ArithmeticException,definition-present,unknown,89,0,unknown,fd-com-kunzisoft-keepass-libre-evidence.json#/rows/980,False,unknown
fd-com-kunzisoft-keepass-libre,862f87a30baef06181f049adf7c460611605b25a807eaf3c25841a9dd84bed9e,direct-framework-reference,,java/lang/ArrayIndexOutOfBoundsException,definition-present,unknown,33,0,unknown,fd-com-kunzisoft-keepass-libre-evidence.json#/rows/981,False,unknown
fd-com-kunzisoft-keepass-libre,862f87a30baef06181f049adf7c460611605b25a807eaf3c25841a9dd84bed9e,direct-framework-reference,,java/lang/AssertionError,definition-present,yes-static,143,4,unknown,fd-com-kunzisoft-keepass-libre-evidence.json#/rows/982,False,unknown
fd-com-kunzisoft-keepass-libre,862f87a30baef06181f049adf7c460611605b25a807eaf3c25841a9dd84bed9e,direct-framework-reference,,java/lang/AutoCloseable,definition-present,unknown,7,0,unknown,fd-com-kunzisoft-keepass-libre-evidence.json#/rows/983,False,unknown
fd-com-kunzisoft-keepass-libre,862f87a30baef06181f049adf7c460611605b25a807eaf3c25841a9dd84bed9e,direct-framework-reference,,java/lang/Boolean,definition-present,yes-static,1288,28,unknown,fd-com-kunzisoft-keepass-libre-evidence.json#/rows/984,False,unknown
fd-com-kunzisoft-keepass-libre,862f87a30baef06181f049adf7c460611605b25a807eaf3c25841a9dd84bed9e,direct-framework-reference,,java/lang/Byte,definition-present,unknown,211,0,unknown,fd-com-kunzisoft-keepass-libre-evidence.json#/rows/985,False,unknown
fd-com-kunzisoft-keepass-libre,862f87a30baef06181f049adf7c460611605b25a807eaf3c25841a9dd84bed9e,direct-framework-reference,,java/lang/CharSequence,definition-present,yes-static,2887,89,unknown,fd-com-kunzisoft-keepass-libre-evidence.json#/rows/986,False,unknown
fd-com-kunzisoft-keepass-libre,862f87a30baef06181f049adf7c460611605b25a807eaf3c25841a9dd84bed9e,direct-framework-reference,,java/lang/Character,definition-present,yes-static,430,6,unknown,fd-com-kunzisoft-keepass-libre-evidence.json#/rows/987,False,unknown
fd-com-kunzisoft-keepass-libre,862f87a30baef06181f049adf7c460611605b25a807eaf3c25841a9dd84bed9e,direct-framework-reference,,java/lang/Class,definition-present,yes-static,2228,119,unknown,fd-com-kunzisoft-keepass-libre-evidence.json#/rows/988,False,unknown
fd-com-kunzisoft-keepass-libre,862f87a30baef06181f049adf7c460611605b25a807eaf3c25841a9dd84bed9e,direct-framework-reference,,java/lang/ClassCastException,definition-present,yes-static,34,2,unknown,fd-com-kunzisoft-keepass-libre-evidence.json#/rows/989,False,unknown
fd-com-kunzisoft-keepass-libre,862f87a30baef06181f049adf7c460611605b25a807eaf3c25841a9dd84bed9e,direct-framework-reference,,java/lang/ClassLoader,definition-present,yes-static,322,9,unknown,fd-com-kunzisoft-keepass-libre-evidence.json#/rows/990,False,unknown
fd-com-kunzisoft-keepass-libre,862f87a30baef06181f049adf7c460611605b25a807eaf3c25841a9dd84bed9e,direct-framework-reference,,java/lang/ClassNotFoundException,definition-present,unknown,9,0,unknown,fd-com-kunzisoft-keepass-libre-evidence.json#/rows/991,False,unknown
fd-com-kunzisoft-keepass-libre,862f87a30baef06181f049adf7c460611605b25a807eaf3c25841a9dd84bed9e,direct-framework-reference,,java/lang/ClassValue,definition-present,unknown,1,0,unknown,fd-com-kunzisoft-keepass-libre-evidence.json#/rows/992,False,unknown
fd-com-kunzisoft-keepass-libre,862f87a30baef06181f049adf7c460611605b25a807eaf3c25841a9dd84bed9e,direct-framework-reference,,java/lang/Comparable,definition-present,unknown,334,0,unknown,fd-com-kunzisoft-keepass-libre-evidence.json#/rows/993,False,unknown
fd-com-kunzisoft-keepass-libre,862f87a30baef06181f049adf7c460611605b25a807eaf3c25841a9dd84bed9e,direct-framework-reference,,java/lang/Double,definition-present,yes-static,618,21,unknown,fd-com-kunzisoft-keepass-libre-evidence.json#/rows/994,False,unknown
fd-com-kunzisoft-keepass-libre,862f87a30baef06181f049adf7c460611605b25a807eaf3c25841a9dd84bed9e,direct-framework-reference,,java/lang/Enum,definition-present,yes-static,470,20,unknown,fd-com-kunzisoft-keepass-libre-evidence.json#/rows/995,False,unknown
fd-com-kunzisoft-keepass-libre,862f87a30baef06181f049adf7c460611605b25a807eaf3c25841a9dd84bed9e,direct-framework-reference,,java/lang/Error,definition-present,yes-static,14,1,unknown,fd-com-kunzisoft-keepass-libre-evidence.json#/rows/996,False,unknown
fd-com-kunzisoft-keepass-libre,862f87a30baef06181f049adf7c460611605b25a807eaf3c25841a9dd84bed9e,direct-framework-reference,,java/lang/Exception,definition-present,yes-static,612,3,unknown,fd-com-kunzisoft-keepass-libre-evidence.json#/rows/997,False,unknown
fd-com-kunzisoft-keepass-libre,862f87a30baef06181f049adf7c460611605b25a807eaf3c25841a9dd84bed9e,direct-framework-reference,,java/lang/Float,definition-present,yes-static,556,4,unknown,fd-com-kunzisoft-keepass-libre-evidence.json#/rows/998,False,unknown
fd-com-kunzisoft-keepass-libre,862f87a30baef06181f049adf7c460611605b25a807eaf3c25841a9dd84bed9e,direct-framework-reference,,java/lang/IllegalAccessError,definition-present,unknown,2,0,unknown,fd-com-kunzisoft-keepass-libre-evidence.json#/rows/999,False,unknown
fd-com-kunzisoft-keepass-libre,862f87a30baef06181f049adf7c460611605b25a807eaf3c25841a9dd84bed9e,direct-framework-reference,,java/lang/IllegalAccessException,definition-present,unknown,13,0,unknown,fd-com-kunzisoft-keepass-libre-evidence.json#/rows/1000,False,unknown
fd-com-kunzisoft-keepass-libre,862f87a30baef06181f049adf7c460611605b25a807eaf3c25841a9dd84bed9e,direct-framework-reference,,java/lang/IllegalArgumentException,definition-present,yes-static,2668,52,unknown,fd-com-kunzisoft-keepass-libre-evidence.json#/rows/1001,False,unknown
fd-com-kunzisoft-keepass-libre,862f87a30baef06181f049adf7c460611605b25a807eaf3c25841a9dd84bed9e,direct-framework-reference,,java/lang/IllegalStateException,definition-present,yes-static,1963,59,unknown,fd-com-kunzisoft-keepass-libre-evidence.json#/rows/1002,False,unknown
fd-com-kunzisoft-keepass-libre,862f87a30baef06181f049adf7c460611605b25a807eaf3c25841a9dd84bed9e,direct-framework-reference,,java/lang/IndexOutOfBoundsException,definition-present,unknown,82,0,unknown,fd-com-kunzisoft-keepass-libre-evidence.json#/rows/1003,False,unknown
fd-com-kunzisoft-keepass-libre,862f87a30baef06181f049adf7c460611605b25a807eaf3c25841a9dd84bed9e,direct-framework-reference,,java/lang/InheritableThreadLocal,definition-present,unknown,9,0,unknown,fd-com-kunzisoft-keepass-libre-evidence.json#/rows/1004,False,unknown
fd-com-kunzisoft-keepass-libre,862f87a30baef06181f049adf7c460611605b25a807eaf3c25841a9dd84bed9e,direct-framework-reference,,java/lang/InstantiationError,definition-present,unknown,1,0,unknown,fd-com-kunzisoft-keepass-libre-evidence.json#/rows/1005,False,unknown
fd-com-kunzisoft-keepass-libre,862f87a30baef06181f049adf7c460611605b25a807eaf3c25841a9dd84bed9e,direct-framework-reference,,java/lang/Integer,definition-present,yes-static,1978,50,unknown,fd-com-kunzisoft-keepass-libre-evidence.json#/rows/1006,False,unknown
fd-com-kunzisoft-keepass-libre,862f87a30baef06181f049adf7c460611605b25a807eaf3c25841a9dd84bed9e,direct-framework-reference,,java/lang/InternalError,definition-present,unknown,10,0,unknown,fd-com-kunzisoft-keepass-libre-evidence.json#/rows/1007,False,unknown
fd-com-kunzisoft-keepass-libre,862f87a30baef06181f049adf7c460611605b25a807eaf3c25841a9dd84bed9e,direct-framework-reference,,java/lang/InterruptedException,definition-present,yes-static,7,1,unknown,fd-com-kunzisoft-keepass-libre-evidence.json#/rows/1008,False,unknown
fd-com-kunzisoft-keepass-libre,862f87a30baef06181f049adf7c460611605b25a807eaf3c25841a9dd84bed9e,direct-framework-reference,,java/lang/Iterable,definition-present,yes-static,899,25,unknown,fd-com-kunzisoft-keepass-libre-evidence.json#/rows/1009,False,unknown
fd-com-kunzisoft-keepass-libre,862f87a30baef06181f049adf7c460611605b25a807eaf3c25841a9dd84bed9e,direct-framework-reference,,java/lang/Long,definition-present,yes-static,566,13,unknown,fd-com-kunzisoft-keepass-libre-evidence.json#/rows/1010,False,unknown
fd-com-kunzisoft-keepass-libre,862f87a30baef06181f049adf7c460611605b25a807eaf3c25841a9dd84bed9e,direct-framework-reference,,java/lang/Math,definition-present,yes-static,1416,57,unknown,fd-com-kunzisoft-keepass-libre-evidence.json#/rows/1011,False,unknown
fd-com-kunzisoft-keepass-libre,862f87a30baef06181f049adf7c460611605b25a807eaf3c25841a9dd84bed9e,direct-framework-reference,,java/lang/NoClassDefFoundError,definition-present,unknown,2,0,unknown,fd-com-kunzisoft-keepass-libre-evidence.json#/rows/1012,False,unknown
fd-com-kunzisoft-keepass-libre,862f87a30baef06181f049adf7c460611605b25a807eaf3c25841a9dd84bed9e,direct-framework-reference,,java/lang/NoSuchFieldException,definition-present,yes-static,2,1,unknown,fd-com-kunzisoft-keepass-libre-evidence.json#/rows/1013,False,unknown
fd-com-kunzisoft-keepass-libre,862f87a30baef06181f049adf7c460611605b25a807eaf3c25841a9dd84bed9e,direct-framework-reference,,java/lang/NoSuchMethodError,definition-present,unknown,2,0,unknown,fd-com-kunzisoft-keepass-libre-evidence.json#/rows/1014,False,unknown
fd-com-kunzisoft-keepass-libre,862f87a30baef06181f049adf7c460611605b25a807eaf3c25841a9dd84bed9e,direct-framework-reference,,java/lang/NoSuchMethodException,definition-present,yes-static,8,1,unknown,fd-com-kunzisoft-keepass-libre-evidence.json#/rows/1015,False,unknown
fd-com-kunzisoft-keepass-libre,862f87a30baef06181f049adf7c460611605b25a807eaf3c25841a9dd84bed9e,direct-framework-reference,,java/lang/NullPointerException,definition-present,yes-static,280,8,unknown,fd-com-kunzisoft-keepass-libre-evidence.json#/rows/1016,False,unknown
fd-com-kunzisoft-keepass-libre,862f87a30baef06181f049adf7c460611605b25a807eaf3c25841a9dd84bed9e,direct-framework-reference,,java/lang/Number,definition-present,yes-static,534,4,unknown,fd-com-kunzisoft-keepass-libre-evidence.json#/rows/1017,False,unknown
fd-com-kunzisoft-keepass-libre,862f87a30baef06181f049adf7c460611605b25a807eaf3c25841a9dd84bed9e,direct-framework-reference,,java/lang/NumberFormatException,definition-present,yes-static,10,3,unknown,fd-com-kunzisoft-keepass-libre-evidence.json#/rows/1018,False,unknown
fd-com-kunzisoft-keepass-libre,862f87a30baef06181f049adf7c460611605b25a807eaf3c25841a9dd84bed9e,direct-framework-reference,,java/lang/Object,definition-present,yes-static,36880,1243,unknown,fd-com-kunzisoft-keepass-libre-evidence.json#/rows/1019,False,unknown
fd-com-kunzisoft-keepass-libre,862f87a30baef06181f049adf7c460611605b25a807eaf3c25841a9dd84bed9e,direct-framework-reference,,java/lang/OutOfMemoryError,definition-present,yes-static,10,1,unknown,fd-com-kunzisoft-keepass-libre-evidence.json#/rows/1020,False,unknown
fd-com-kunzisoft-keepass-libre,862f87a30baef06181f049adf7c460611605b25a807eaf3c25841a9dd84bed9e,direct-framework-reference,,java/lang/Package,definition-present,yes-static,6,1,unknown,fd-com-kunzisoft-keepass-libre-evidence.json#/rows/1021,False,unknown
fd-com-kunzisoft-keepass-libre,862f87a30baef06181f049adf7c460611605b25a807eaf3c25841a9dd84bed9e,direct-framework-reference,,java/lang/ReflectiveOperationException,definition-present,unknown,3,0,unknown,fd-com-kunzisoft-keepass-libre-evidence.json#/rows/1022,False,unknown
fd-com-kunzisoft-keepass-libre,862f87a30baef06181f049adf7c460611605b25a807eaf3c25841a9dd84bed9e,direct-framework-reference,,java/lang/Runnable,definition-present,yes-static,639,45,unknown,fd-com-kunzisoft-keepass-libre-evidence.json#/rows/1023,False,unknown
fd-com-kunzisoft-keepass-libre,862f87a30baef06181f049adf7c460611605b25a807eaf3c25841a9dd84bed9e,direct-framework-reference,,java/lang/Runtime,definition-present,unknown,3,0,unknown,fd-com-kunzisoft-keepass-libre-evidence.json#/rows/1024,False,unknown
fd-com-kunzisoft-keepass-libre,862f87a30baef06181f049adf7c460611605b25a807eaf3c25841a9dd84bed9e,direct-framework-reference,,java/lang/RuntimeException,definition-present,yes-static,378,14,unknown,fd-com-kunzisoft-keepass-libre-evidence.json#/rows/1025,False,unknown
fd-com-kunzisoft-keepass-libre,862f87a30baef06181f049adf7c460611605b25a807eaf3c25841a9dd84bed9e,direct-framework-reference,,java/lang/SecurityException,definition-present,unknown,34,0,unknown,fd-com-kunzisoft-keepass-libre-evidence.json#/rows/1026,False,unknown
fd-com-kunzisoft-keepass-libre,862f87a30baef06181f049adf7c460611605b25a807eaf3c25841a9dd84bed9e,direct-framework-reference,,java/lang/SecurityManager,definition-present,unknown,13,0,unknown,fd-com-kunzisoft-keepass-libre-evidence.json#/rows/1027,False,unknown
fd-com-kunzisoft-keepass-libre,862f87a30baef06181f049adf7c460611605b25a807eaf3c25841a9dd84bed9e,direct-framework-reference,,java/lang/Short,definition-present,yes-static,194,2,unknown,fd-com-kunzisoft-keepass-libre-evidence.json#/rows/1028,False,unknown
fd-com-kunzisoft-keepass-libre,862f87a30baef06181f049adf7c460611605b25a807eaf3c25841a9dd84bed9e,direct-framework-reference,,java/lang/StackTraceElement,definition-present,yes-static,59,15,unknown,fd-com-kunzisoft-keepass-libre-evidence.json#/rows/1029,False,unknown
fd-com-kunzisoft-keepass-libre,862f87a30baef06181f049adf7c460611605b25a807eaf3c25841a9dd84bed9e,direct-framework-reference,,java/lang/String,definition-present,yes-static,29874,722,unknown,fd-com-kunzisoft-keepass-libre-evidence.json#/rows/1030,False,unknown
fd-com-kunzisoft-keepass-libre,862f87a30baef06181f049adf7c460611605b25a807eaf3c25841a9dd84bed9e,direct-framework-reference,,java/lang/StringBuffer,definition-present,unknown,48,0,unknown,fd-com-kunzisoft-keepass-libre-evidence.json#/rows/1031,False,unknown
fd-com-kunzisoft-keepass-libre,862f87a30baef06181f049adf7c460611605b25a807eaf3c25841a9dd84bed9e,direct-framework-reference,,java/lang/StringBuilder,definition-present,yes-static,4238,193,unknown,fd-com-kunzisoft-keepass-libre-evidence.json#/rows/1032,False,unknown
fd-com-kunzisoft-keepass-libre,862f87a30baef06181f049adf7c460611605b25a807eaf3c25841a9dd84bed9e,direct-framework-reference,,java/lang/System,definition-present,yes-static,1188,15,unknown,fd-com-kunzisoft-keepass-libre-evidence.json#/rows/1033,False,unknown
fd-com-kunzisoft-keepass-libre,862f87a30baef06181f049adf7c460611605b25a807eaf3c25841a9dd84bed9e,direct-framework-reference,,java/lang/Thread,definition-present,yes-static,116,4,unknown,fd-com-kunzisoft-keepass-libre-evidence.json#/rows/1034,False,unknown
fd-com-kunzisoft-keepass-libre,862f87a30baef06181f049adf7c460611605b25a807eaf3c25841a9dd84bed9e,direct-framework-reference,,java/lang/Thread$State,definition-present,unknown,2,0,unknown,fd-com-kunzisoft-keepass-libre-evidence.json#/rows/1035,False,unknown
fd-com-kunzisoft-keepass-libre,862f87a30baef06181f049adf7c460611605b25a807eaf3c25841a9dd84bed9e,direct-framework-reference,,java/lang/Thread$UncaughtExceptionHandler,definition-present,yes-static,6,4,unknown,fd-com-kunzisoft-keepass-libre-evidence.json#/rows/1036,False,unknown
fd-com-kunzisoft-keepass-libre,862f87a30baef06181f049adf7c460611605b25a807eaf3c25841a9dd84bed9e,direct-framework-reference,,java/lang/ThreadLocal,definition-present,yes-static,95,8,unknown,fd-com-kunzisoft-keepass-libre-evidence.json#/rows/1037,False,unknown
fd-com-kunzisoft-keepass-libre,862f87a30baef06181f049adf7c460611605b25a807eaf3c25841a9dd84bed9e,direct-framework-reference,,java/lang/Throwable,definition-present,yes-static,2071,88,unknown,fd-com-kunzisoft-keepass-libre-evidence.json#/rows/1038,False,unknown
fd-com-kunzisoft-keepass-libre,862f87a30baef06181f049adf7c460611605b25a807eaf3c25841a9dd84bed9e,direct-framework-reference,,java/lang/UnsupportedClassVersionError,definition-present,unknown,1,0,unknown,fd-com-kunzisoft-keepass-libre-evidence.json#/rows/1039,False,unknown
fd-com-kunzisoft-keepass-libre,862f87a30baef06181f049adf7c460611605b25a807eaf3c25841a9dd84bed9e,direct-framework-reference,,java/lang/UnsupportedOperationException,definition-present,unknown,621,0,unknown,fd-com-kunzisoft-keepass-libre-evidence.json#/rows/1040,False,unknown
fd-com-kunzisoft-keepass-libre,862f87a30baef06181f049adf7c460611605b25a807eaf3c25841a9dd84bed9e,direct-framework-reference,,java/lang/Void,definition-present,unknown,132,0,unknown,fd-com-kunzisoft-keepass-libre-evidence.json#/rows/1041,False,unknown
fd-com-kunzisoft-keepass-libre,862f87a30baef06181f049adf7c460611605b25a807eaf3c25841a9dd84bed9e,direct-framework-reference,,java/lang/annotation/Annotation,definition-present,yes-static,8,2,unknown,fd-com-kunzisoft-keepass-libre-evidence.json#/rows/1042,False,unknown
fd-com-kunzisoft-keepass-libre,862f87a30baef06181f049adf7c460611605b25a807eaf3c25841a9dd84bed9e,direct-framework-reference,,java/lang/instrument/ClassFileTransformer,definition-absent,unknown,1,0,unresolvable-in-scanned-inputs,fd-com-kunzisoft-keepass-libre-evidence.json#/rows/1043,False,unknown
fd-com-kunzisoft-keepass-libre,862f87a30baef06181f049adf7c460611605b25a807eaf3c25841a9dd84bed9e,direct-framework-reference,,java/lang/instrument/Instrumentation,definition-absent,unknown,1,0,unresolvable-in-scanned-inputs,fd-com-kunzisoft-keepass-libre-evidence.json#/rows/1044,False,unknown
fd-com-kunzisoft-keepass-libre,862f87a30baef06181f049adf7c460611605b25a807eaf3c25841a9dd84bed9e,direct-framework-reference,,java/lang/ref/PhantomReference,definition-present,unknown,2,0,unknown,fd-com-kunzisoft-keepass-libre-evidence.json#/rows/1045,False,unknown
fd-com-kunzisoft-keepass-libre,862f87a30baef06181f049adf7c460611605b25a807eaf3c25841a9dd84bed9e,direct-framework-reference,,java/lang/ref/Reference,definition-present,unknown,10,0,unknown,fd-com-kunzisoft-keepass-libre-evidence.json#/rows/1046,False,unknown
fd-com-kunzisoft-keepass-libre,862f87a30baef06181f049adf7c460611605b25a807eaf3c25841a9dd84bed9e,direct-framework-reference,,java/lang/ref/ReferenceQueue,definition-present,unknown,13,0,unknown,fd-com-kunzisoft-keepass-libre-evidence.json#/rows/1047,False,unknown
fd-com-kunzisoft-keepass-libre,862f87a30baef06181f049adf7c460611605b25a807eaf3c25841a9dd84bed9e,direct-framework-reference,,java/lang/ref/SoftReference,definition-present,unknown,3,0,unknown,fd-com-kunzisoft-keepass-libre-evidence.json#/rows/1048,False,unknown
fd-com-kunzisoft-keepass-libre,862f87a30baef06181f049adf7c460611605b25a807eaf3c25841a9dd84bed9e,direct-framework-reference,,java/lang/ref/WeakReference,definition-present,yes-static,291,21,unknown,fd-com-kunzisoft-keepass-libre-evidence.json#/rows/1049,False,unknown
fd-com-kunzisoft-keepass-libre,862f87a30baef06181f049adf7c460611605b25a807eaf3c25841a9dd84bed9e,direct-framework-reference,,java/lang/reflect/Array,definition-present,yes-static,115,4,unknown,fd-com-kunzisoft-keepass-libre-evidence.json#/rows/1050,False,unknown
fd-com-kunzisoft-keepass-libre,862f87a30baef06181f049adf7c460611605b25a807eaf3c25841a9dd84bed9e,direct-framework-reference,,java/lang/reflect/Constructor,definition-present,yes-static,88,11,unknown,fd-com-kunzisoft-keepass-libre-evidence.json#/rows/1051,False,unknown
fd-com-kunzisoft-keepass-libre,862f87a30baef06181f049adf7c460611605b25a807eaf3c25841a9dd84bed9e,direct-framework-reference,,java/lang/reflect/Field,definition-present,yes-static,82,12,unknown,fd-com-kunzisoft-keepass-libre-evidence.json#/rows/1052,False,unknown
fd-com-kunzisoft-keepass-libre,862f87a30baef06181f049adf7c460611605b25a807eaf3c25841a9dd84bed9e,direct-framework-reference,,java/lang/reflect/GenericArrayType,definition-present,unknown,1,0,unknown,fd-com-kunzisoft-keepass-libre-evidence.json#/rows/1053,False,unknown
fd-com-kunzisoft-keepass-libre,862f87a30baef06181f049adf7c460611605b25a807eaf3c25841a9dd84bed9e,direct-framework-reference,,java/lang/reflect/GenericDeclaration,definition-present,unknown,2,0,unknown,fd-com-kunzisoft-keepass-libre-evidence.json#/rows/1054,False,unknown
fd-com-kunzisoft-keepass-libre,862f87a30baef06181f049adf7c460611605b25a807eaf3c25841a9dd84bed9e,direct-framework-reference,,java/lang/reflect/InvocationHandler,definition-present,unknown,2,0,unknown,fd-com-kunzisoft-keepass-libre-evidence.json#/rows/1055,False,unknown
fd-com-kunzisoft-keepass-libre,862f87a30baef06181f049adf7c460611605b25a807eaf3c25841a9dd84bed9e,direct-framework-reference,,java/lang/reflect/InvocationTargetException,definition-present,unknown,20,0,unknown,fd-com-kunzisoft-keepass-libre-evidence.json#/rows/1056,False,unknown
fd-com-kunzisoft-keepass-libre,862f87a30baef06181f049adf7c460611605b25a807eaf3c25841a9dd84bed9e,direct-framework-reference,,java/lang/reflect/Method,definition-present,yes-static,218,25,unknown,fd-com-kunzisoft-keepass-libre-evidence.json#/rows/1057,False,unknown
fd-com-kunzisoft-keepass-libre,862f87a30baef06181f049adf7c460611605b25a807eaf3c25841a9dd84bed9e,direct-framework-reference,,java/lang/reflect/Modifier,definition-present,yes-static,9,1,unknown,fd-com-kunzisoft-keepass-libre-evidence.json#/rows/1058,False,unknown
fd-com-kunzisoft-keepass-libre,862f87a30baef06181f049adf7c460611605b25a807eaf3c25841a9dd84bed9e,direct-framework-reference,,java/lang/reflect/ParameterizedType,definition-present,unknown,2,0,unknown,fd-com-kunzisoft-keepass-libre-evidence.json#/rows/1059,False,unknown
fd-com-kunzisoft-keepass-libre,862f87a30baef06181f049adf7c460611605b25a807eaf3c25841a9dd84bed9e,direct-framework-reference,,java/lang/reflect/Proxy,definition-present,unknown,3,0,unknown,fd-com-kunzisoft-keepass-libre-evidence.json#/rows/1060,False,unknown
fd-com-kunzisoft-keepass-libre,862f87a30baef06181f049adf7c460611605b25a807eaf3c25841a9dd84bed9e,direct-framework-reference,,java/lang/reflect/Type,definition-present,unknown,31,0,unknown,fd-com-kunzisoft-keepass-libre-evidence.json#/rows/1061,False,unknown
fd-com-kunzisoft-keepass-libre,862f87a30baef06181f049adf7c460611605b25a807eaf3c25841a9dd84bed9e,direct-framework-reference,,java/lang/reflect/TypeVariable,definition-present,unknown,2,0,unknown,fd-com-kunzisoft-keepass-libre-evidence.json#/rows/1062,False,unknown
fd-com-kunzisoft-keepass-libre,862f87a30baef06181f049adf7c460611605b25a807eaf3c25841a9dd84bed9e,direct-framework-reference,,java/lang/reflect/WildcardType,definition-present,unknown,1,0,unknown,fd-com-kunzisoft-keepass-libre-evidence.json#/rows/1063,False,unknown
fd-com-kunzisoft-keepass-libre,862f87a30baef06181f049adf7c460611605b25a807eaf3c25841a9dd84bed9e,direct-framework-reference,,java/math/BigDecimal,definition-present,unknown,59,0,unknown,fd-com-kunzisoft-keepass-libre-evidence.json#/rows/1064,False,unknown
fd-com-kunzisoft-keepass-libre,862f87a30baef06181f049adf7c460611605b25a807eaf3c25841a9dd84bed9e,direct-framework-reference,,java/math/BigInteger,definition-present,unknown,2662,0,unknown,fd-com-kunzisoft-keepass-libre-evidence.json#/rows/1065,False,unknown
fd-com-kunzisoft-keepass-libre,862f87a30baef06181f049adf7c460611605b25a807eaf3c25841a9dd84bed9e,direct-framework-reference,,java/math/MathContext,definition-present,unknown,11,0,unknown,fd-com-kunzisoft-keepass-libre-evidence.json#/rows/1066,False,unknown
fd-com-kunzisoft-keepass-libre,862f87a30baef06181f049adf7c460611605b25a807eaf3c25841a9dd84bed9e,direct-framework-reference,,java/math/RoundingMode,definition-present,unknown,8,0,unknown,fd-com-kunzisoft-keepass-libre-evidence.json#/rows/1067,False,unknown
fd-com-kunzisoft-keepass-libre,862f87a30baef06181f049adf7c460611605b25a807eaf3c25841a9dd84bed9e,direct-framework-reference,,java/net/DatagramSocket,definition-present,unknown,6,0,unknown,fd-com-kunzisoft-keepass-libre-evidence.json#/rows/1068,False,unknown
fd-com-kunzisoft-keepass-libre,862f87a30baef06181f049adf7c460611605b25a807eaf3c25841a9dd84bed9e,direct-framework-reference,,java/net/HttpURLConnection,definition-present,unknown,6,0,unknown,fd-com-kunzisoft-keepass-libre-evidence.json#/rows/1069,False,unknown
fd-com-kunzisoft-keepass-libre,862f87a30baef06181f049adf7c460611605b25a807eaf3c25841a9dd84bed9e,direct-framework-reference,,java/net/IDN,definition-present,unknown,1,0,unknown,fd-com-kunzisoft-keepass-libre-evidence.json#/rows/1070,False,unknown
fd-com-kunzisoft-keepass-libre,862f87a30baef06181f049adf7c460611605b25a807eaf3c25841a9dd84bed9e,direct-framework-reference,,java/net/InetAddress,definition-present,unknown,6,0,unknown,fd-com-kunzisoft-keepass-libre-evidence.json#/rows/1071,False,unknown
fd-com-kunzisoft-keepass-libre,862f87a30baef06181f049adf7c460611605b25a807eaf3c25841a9dd84bed9e,direct-framework-reference,,java/net/MalformedURLException,definition-present,unknown,1,0,unknown,fd-com-kunzisoft-keepass-libre-evidence.json#/rows/1072,False,unknown
fd-com-kunzisoft-keepass-libre,862f87a30baef06181f049adf7c460611605b25a807eaf3c25841a9dd84bed9e,direct-framework-reference,,java/net/Socket,definition-present,unknown,9,0,unknown,fd-com-kunzisoft-keepass-libre-evidence.json#/rows/1073,False,unknown
fd-com-kunzisoft-keepass-libre,862f87a30baef06181f049adf7c460611605b25a807eaf3c25841a9dd84bed9e,direct-framework-reference,,java/net/SocketImpl,definition-present,unknown,2,0,unknown,fd-com-kunzisoft-keepass-libre-evidence.json#/rows/1074,False,unknown
fd-com-kunzisoft-keepass-libre,862f87a30baef06181f049adf7c460611605b25a807eaf3c25841a9dd84bed9e,direct-framework-reference,,java/net/URI,definition-present,unknown,35,0,unknown,fd-com-kunzisoft-keepass-libre-evidence.json#/rows/1075,False,unknown
fd-com-kunzisoft-keepass-libre,862f87a30baef06181f049adf7c460611605b25a807eaf3c25841a9dd84bed9e,direct-framework-reference,,java/net/URISyntaxException,definition-present,unknown,1,0,unknown,fd-com-kunzisoft-keepass-libre-evidence.json#/rows/1076,False,unknown
fd-com-kunzisoft-keepass-libre,862f87a30baef06181f049adf7c460611605b25a807eaf3c25841a9dd84bed9e,direct-framework-reference,,java/net/URL,definition-present,unknown,63,0,unknown,fd-com-kunzisoft-keepass-libre-evidence.json#/rows/1077,False,unknown
fd-com-kunzisoft-keepass-libre,862f87a30baef06181f049adf7c460611605b25a807eaf3c25841a9dd84bed9e,direct-framework-reference,,java/net/URLClassLoader,definition-present,unknown,2,0,unknown,fd-com-kunzisoft-keepass-libre-evidence.json#/rows/1078,False,unknown
fd-com-kunzisoft-keepass-libre,862f87a30baef06181f049adf7c460611605b25a807eaf3c25841a9dd84bed9e,direct-framework-reference,,java/net/URLConnection,definition-present,unknown,58,0,unknown,fd-com-kunzisoft-keepass-libre-evidence.json#/rows/1079,False,unknown
fd-com-kunzisoft-keepass-libre,862f87a30baef06181f049adf7c460611605b25a807eaf3c25841a9dd84bed9e,direct-framework-reference,,java/net/URLEncoder,definition-present,unknown,1,0,unknown,fd-com-kunzisoft-keepass-libre-evidence.json#/rows/1080,False,unknown
fd-com-kunzisoft-keepass-libre,862f87a30baef06181f049adf7c460611605b25a807eaf3c25841a9dd84bed9e,direct-framework-reference,,java/nio/Buffer,definition-present,unknown,61,0,unknown,fd-com-kunzisoft-keepass-libre-evidence.json#/rows/1081,False,unknown
fd-com-kunzisoft-keepass-libre,862f87a30baef06181f049adf7c460611605b25a807eaf3c25841a9dd84bed9e,direct-framework-reference,,java/nio/ByteBuffer,definition-present,yes-static,259,2,unknown,fd-com-kunzisoft-keepass-libre-evidence.json#/rows/1082,False,unknown
fd-com-kunzisoft-keepass-libre,862f87a30baef06181f049adf7c460611605b25a807eaf3c25841a9dd84bed9e,direct-framework-reference,,java/nio/ByteOrder,definition-present,unknown,12,0,unknown,fd-com-kunzisoft-keepass-libre-evidence.json#/rows/1083,False,unknown
fd-com-kunzisoft-keepass-libre,862f87a30baef06181f049adf7c460611605b25a807eaf3c25841a9dd84bed9e,direct-framework-reference,,java/nio/CharBuffer,definition-present,yes-static,44,1,unknown,fd-com-kunzisoft-keepass-libre-evidence.json#/rows/1084,False,unknown
fd-com-kunzisoft-keepass-libre,862f87a30baef06181f049adf7c460611605b25a807eaf3c25841a9dd84bed9e,direct-framework-reference,,java/nio/MappedByteBuffer,definition-present,unknown,3,0,unknown,fd-com-kunzisoft-keepass-libre-evidence.json#/rows/1085,False,unknown
fd-com-kunzisoft-keepass-libre,862f87a30baef06181f049adf7c460611605b25a807eaf3c25841a9dd84bed9e,direct-framework-reference,,java/nio/channels/AsynchronousChannel,definition-present,unknown,1,0,unknown,fd-com-kunzisoft-keepass-libre-evidence.json#/rows/1086,False,unknown
fd-com-kunzisoft-keepass-libre,862f87a30baef06181f049adf7c460611605b25a807eaf3c25841a9dd84bed9e,direct-framework-reference,,java/nio/channels/ByteChannel,definition-present,unknown,1,0,unknown,fd-com-kunzisoft-keepass-libre-evidence.json#/rows/1087,False,unknown
fd-com-kunzisoft-keepass-libre,862f87a30baef06181f049adf7c460611605b25a807eaf3c25841a9dd84bed9e,direct-framework-reference,,java/nio/channels/Channel,definition-present,unknown,18,0,unknown,fd-com-kunzisoft-keepass-libre-evidence.json#/rows/1088,False,unknown
fd-com-kunzisoft-keepass-libre,862f87a30baef06181f049adf7c460611605b25a807eaf3c25841a9dd84bed9e,direct-framework-reference,,java/nio/channels/Channels,definition-present,unknown,13,0,unknown,fd-com-kunzisoft-keepass-libre-evidence.json#/rows/1089,False,unknown
fd-com-kunzisoft-keepass-libre,862f87a30baef06181f049adf7c460611605b25a807eaf3c25841a9dd84bed9e,direct-framework-reference,,java/nio/channels/ClosedChannelException,definition-present,unknown,2,0,unknown,fd-com-kunzisoft-keepass-libre-evidence.json#/rows/1090,False,unknown
fd-com-kunzisoft-keepass-libre,862f87a30baef06181f049adf7c460611605b25a807eaf3c25841a9dd84bed9e,direct-framework-reference,,java/nio/channels/FileChannel,definition-present,yes-static,28,2,unknown,fd-com-kunzisoft-keepass-libre-evidence.json#/rows/1091,False,unknown
fd-com-kunzisoft-keepass-libre,862f87a30baef06181f049adf7c460611605b25a807eaf3c25841a9dd84bed9e,direct-framework-reference,,java/nio/channels/FileChannel$MapMode,definition-present,unknown,3,0,unknown,fd-com-kunzisoft-keepass-libre-evidence.json#/rows/1092,False,unknown
fd-com-kunzisoft-keepass-libre,862f87a30baef06181f049adf7c460611605b25a807eaf3c25841a9dd84bed9e,direct-framework-reference,,java/nio/channels/FileLock,definition-present,yes-static,4,3,unknown,fd-com-kunzisoft-keepass-libre-evidence.json#/rows/1093,False,unknown
fd-com-kunzisoft-keepass-libre,862f87a30baef06181f049adf7c460611605b25a807eaf3c25841a9dd84bed9e,direct-framework-reference,,java/nio/channels/GatheringByteChannel,definition-present,unknown,1,0,unknown,fd-com-kunzisoft-keepass-libre-evidence.json#/rows/1094,False,unknown
fd-com-kunzisoft-keepass-libre,862f87a30baef06181f049adf7c460611605b25a807eaf3c25841a9dd84bed9e,direct-framework-reference,,java/nio/channels/InterruptibleChannel,definition-present,unknown,1,0,unknown,fd-com-kunzisoft-keepass-libre-evidence.json#/rows/1095,False,unknown
fd-com-kunzisoft-keepass-libre,862f87a30baef06181f049adf7c460611605b25a807eaf3c25841a9dd84bed9e,direct-framework-reference,,java/nio/channels/NetworkChannel,definition-present,unknown,1,0,unknown,fd-com-kunzisoft-keepass-libre-evidence.json#/rows/1096,False,unknown
fd-com-kunzisoft-keepass-libre,862f87a30baef06181f049adf7c460611605b25a807eaf3c25841a9dd84bed9e,direct-framework-reference,,java/nio/channels/ReadableByteChannel,definition-present,unknown,15,0,unknown,fd-com-kunzisoft-keepass-libre-evidence.json#/rows/1097,False,unknown
fd-com-kunzisoft-keepass-libre,862f87a30baef06181f049adf7c460611605b25a807eaf3c25841a9dd84bed9e,direct-framework-reference,,java/nio/channels/ScatteringByteChannel,definition-present,unknown,1,0,unknown,fd-com-kunzisoft-keepass-libre-evidence.json#/rows/1098,False,unknown
fd-com-kunzisoft-keepass-libre,862f87a30baef06181f049adf7c460611605b25a807eaf3c25841a9dd84bed9e,direct-framework-reference,,java/nio/channels/SeekableByteChannel,definition-present,unknown,25,0,unknown,fd-com-kunzisoft-keepass-libre-evidence.json#/rows/1099,False,unknown
fd-com-kunzisoft-keepass-libre,862f87a30baef06181f049adf7c460611605b25a807eaf3c25841a9dd84bed9e,direct-framework-reference,,java/nio/channels/WritableByteChannel,definition-present,unknown,7,0,unknown,fd-com-kunzisoft-keepass-libre-evidence.json#/rows/1100,False,unknown
fd-com-kunzisoft-keepass-libre,862f87a30baef06181f049adf7c460611605b25a807eaf3c25841a9dd84bed9e,direct-framework-reference,,java/nio/charset/Charset,definition-present,yes-static,382,1,unknown,fd-com-kunzisoft-keepass-libre-evidence.json#/rows/1101,False,unknown
fd-com-kunzisoft-keepass-libre,862f87a30baef06181f049adf7c460611605b25a807eaf3c25841a9dd84bed9e,direct-framework-reference,,java/nio/charset/CharsetDecoder,definition-present,unknown,22,0,unknown,fd-com-kunzisoft-keepass-libre-evidence.json#/rows/1102,False,unknown
fd-com-kunzisoft-keepass-libre,862f87a30baef06181f049adf7c460611605b25a807eaf3c25841a9dd84bed9e,direct-framework-reference,,java/nio/charset/CharsetEncoder,definition-present,unknown,53,0,unknown,fd-com-kunzisoft-keepass-libre-evidence.json#/rows/1103,False,unknown
fd-com-kunzisoft-keepass-libre,862f87a30baef06181f049adf7c460611605b25a807eaf3c25841a9dd84bed9e,direct-framework-reference,,java/nio/charset/CoderResult,definition-present,unknown,10,0,unknown,fd-com-kunzisoft-keepass-libre-evidence.json#/rows/1104,False,unknown
fd-com-kunzisoft-keepass-libre,862f87a30baef06181f049adf7c460611605b25a807eaf3c25841a9dd84bed9e,direct-framework-reference,,java/nio/charset/CodingErrorAction,definition-present,unknown,9,0,unknown,fd-com-kunzisoft-keepass-libre-evidence.json#/rows/1105,False,unknown
fd-com-kunzisoft-keepass-libre,862f87a30baef06181f049adf7c460611605b25a807eaf3c25841a9dd84bed9e,direct-framework-reference,,java/nio/charset/StandardCharsets,definition-present,unknown,21,0,unknown,fd-com-kunzisoft-keepass-libre-evidence.json#/rows/1106,False,unknown
fd-com-kunzisoft-keepass-libre,862f87a30baef06181f049adf7c460611605b25a807eaf3c25841a9dd84bed9e,direct-framework-reference,,java/nio/file/CopyOption,definition-present,unknown,37,0,unknown,fd-com-kunzisoft-keepass-libre-evidence.json#/rows/1107,False,unknown
fd-com-kunzisoft-keepass-libre,862f87a30baef06181f049adf7c460611605b25a807eaf3c25841a9dd84bed9e,direct-framework-reference,,java/nio/file/DirectoryStream,definition-present,unknown,21,0,unknown,fd-com-kunzisoft-keepass-libre-evidence.json#/rows/1108,False,unknown
fd-com-kunzisoft-keepass-libre,862f87a30baef06181f049adf7c460611605b25a807eaf3c25841a9dd84bed9e,direct-framework-reference,,java/nio/file/DirectoryStream$Filter,definition-present,unknown,3,0,unknown,fd-com-kunzisoft-keepass-libre-evidence.json#/rows/1109,False,unknown
fd-com-kunzisoft-keepass-libre,862f87a30baef06181f049adf7c460611605b25a807eaf3c25841a9dd84bed9e,direct-framework-reference,,java/nio/file/FileStore,definition-present,unknown,7,0,unknown,fd-com-kunzisoft-keepass-libre-evidence.json#/rows/1110,False,unknown
fd-com-kunzisoft-keepass-libre,862f87a30baef06181f049adf7c460611605b25a807eaf3c25841a9dd84bed9e,direct-framework-reference,,java/nio/file/FileSystem,definition-present,unknown,17,0,unknown,fd-com-kunzisoft-keepass-libre-evidence.json#/rows/1111,False,unknown
fd-com-kunzisoft-keepass-libre,862f87a30baef06181f049adf7c460611605b25a807eaf3c25841a9dd84bed9e,direct-framework-reference,,java/nio/file/FileSystemException,definition-present,unknown,6,0,unknown,fd-com-kunzisoft-keepass-libre-evidence.json#/rows/1112,False,unknown
fd-com-kunzisoft-keepass-libre,862f87a30baef06181f049adf7c460611605b25a807eaf3c25841a9dd84bed9e,direct-framework-reference,,java/nio/file/FileSystemLoopException,definition-present,unknown,4,0,unknown,fd-com-kunzisoft-keepass-libre-evidence.json#/rows/1113,False,unknown
fd-com-kunzisoft-keepass-libre,862f87a30baef06181f049adf7c460611605b25a807eaf3c25841a9dd84bed9e,direct-framework-reference,,java/nio/file/FileSystems,definition-present,unknown,1,0,unknown,fd-com-kunzisoft-keepass-libre-evidence.json#/rows/1114,False,unknown
fd-com-kunzisoft-keepass-libre,862f87a30baef06181f049adf7c460611605b25a807eaf3c25841a9dd84bed9e,direct-framework-reference,,java/nio/file/FileVisitOption,definition-present,unknown,23,0,unknown,fd-com-kunzisoft-keepass-libre-evidence.json#/rows/1115,False,unknown
fd-com-kunzisoft-keepass-libre,862f87a30baef06181f049adf7c460611605b25a807eaf3c25841a9dd84bed9e,direct-framework-reference,,java/nio/file/FileVisitResult,definition-present,unknown,125,0,unknown,fd-com-kunzisoft-keepass-libre-evidence.json#/rows/1116,False,unknown
fd-com-kunzisoft-keepass-libre,862f87a30baef06181f049adf7c460611605b25a807eaf3c25841a9dd84bed9e,direct-framework-reference,,java/nio/file/FileVisitor,definition-present,unknown,23,0,unknown,fd-com-kunzisoft-keepass-libre-evidence.json#/rows/1117,False,unknown
fd-com-kunzisoft-keepass-libre,862f87a30baef06181f049adf7c460611605b25a807eaf3c25841a9dd84bed9e,direct-framework-reference,,java/nio/file/Files,definition-present,unknown,65,0,unknown,fd-com-kunzisoft-keepass-libre-evidence.json#/rows/1118,False,unknown
fd-com-kunzisoft-keepass-libre,862f87a30baef06181f049adf7c460611605b25a807eaf3c25841a9dd84bed9e,direct-framework-reference,,java/nio/file/LinkOption,definition-present,unknown,156,0,unknown,fd-com-kunzisoft-keepass-libre-evidence.json#/rows/1119,False,unknown
fd-com-kunzisoft-keepass-libre,862f87a30baef06181f049adf7c460611605b25a807eaf3c25841a9dd84bed9e,direct-framework-reference,,java/nio/file/NoSuchFileException,definition-present,unknown,2,0,unknown,fd-com-kunzisoft-keepass-libre-evidence.json#/rows/1120,False,unknown
fd-com-kunzisoft-keepass-libre,862f87a30baef06181f049adf7c460611605b25a807eaf3c25841a9dd84bed9e,direct-framework-reference,,java/nio/file/OpenOption,definition-present,unknown,95,0,unknown,fd-com-kunzisoft-keepass-libre-evidence.json#/rows/1121,False,unknown
fd-com-kunzisoft-keepass-libre,862f87a30baef06181f049adf7c460611605b25a807eaf3c25841a9dd84bed9e,direct-framework-reference,,java/nio/file/Path,definition-present,unknown,678,0,unknown,fd-com-kunzisoft-keepass-libre-evidence.json#/rows/1122,False,unknown
fd-com-kunzisoft-keepass-libre,862f87a30baef06181f049adf7c460611605b25a807eaf3c25841a9dd84bed9e,direct-framework-reference,,java/nio/file/PathMatcher,definition-present,unknown,4,0,unknown,fd-com-kunzisoft-keepass-libre-evidence.json#/rows/1123,False,unknown
fd-com-kunzisoft-keepass-libre,862f87a30baef06181f049adf7c460611605b25a807eaf3c25841a9dd84bed9e,direct-framework-reference,,java/nio/file/Paths,definition-present,unknown,2,0,unknown,fd-com-kunzisoft-keepass-libre-evidence.json#/rows/1124,False,unknown
fd-com-kunzisoft-keepass-libre,862f87a30baef06181f049adf7c460611605b25a807eaf3c25841a9dd84bed9e,direct-framework-reference,,java/nio/file/SecureDirectoryStream,definition-present,unknown,11,0,unknown,fd-com-kunzisoft-keepass-libre-evidence.json#/rows/1125,False,unknown
fd-com-kunzisoft-keepass-libre,862f87a30baef06181f049adf7c460611605b25a807eaf3c25841a9dd84bed9e,direct-framework-reference,,java/nio/file/SimpleFileVisitor,definition-present,unknown,13,0,unknown,fd-com-kunzisoft-keepass-libre-evidence.json#/rows/1126,False,unknown
fd-com-kunzisoft-keepass-libre,862f87a30baef06181f049adf7c460611605b25a807eaf3c25841a9dd84bed9e,direct-framework-reference,,java/nio/file/StandardCopyOption,definition-present,unknown,12,0,unknown,fd-com-kunzisoft-keepass-libre-evidence.json#/rows/1127,False,unknown
fd-com-kunzisoft-keepass-libre,862f87a30baef06181f049adf7c460611605b25a807eaf3c25841a9dd84bed9e,direct-framework-reference,,java/nio/file/StandardOpenOption,definition-present,unknown,26,0,unknown,fd-com-kunzisoft-keepass-libre-evidence.json#/rows/1128,False,unknown
fd-com-kunzisoft-keepass-libre,862f87a30baef06181f049adf7c460611605b25a807eaf3c25841a9dd84bed9e,direct-framework-reference,,java/nio/file/attribute/AclFileAttributeView,definition-present,unknown,5,0,unknown,fd-com-kunzisoft-keepass-libre-evidence.json#/rows/1129,False,unknown
fd-com-kunzisoft-keepass-libre,862f87a30baef06181f049adf7c460611605b25a807eaf3c25841a9dd84bed9e,direct-framework-reference,,java/nio/file/attribute/BasicFileAttributeView,definition-present,unknown,6,0,unknown,fd-com-kunzisoft-keepass-libre-evidence.json#/rows/1130,False,unknown
fd-com-kunzisoft-keepass-libre,862f87a30baef06181f049adf7c460611605b25a807eaf3c25841a9dd84bed9e,direct-framework-reference,,java/nio/file/attribute/BasicFileAttributes,definition-present,unknown,82,0,unknown,fd-com-kunzisoft-keepass-libre-evidence.json#/rows/1131,False,unknown
fd-com-kunzisoft-keepass-libre,862f87a30baef06181f049adf7c460611605b25a807eaf3c25841a9dd84bed9e,direct-framework-reference,,java/nio/file/attribute/DosFileAttributeView,definition-present,unknown,5,0,unknown,fd-com-kunzisoft-keepass-libre-evidence.json#/rows/1132,False,unknown
fd-com-kunzisoft-keepass-libre,862f87a30baef06181f049adf7c460611605b25a807eaf3c25841a9dd84bed9e,direct-framework-reference,,java/nio/file/attribute/DosFileAttributes,definition-present,unknown,4,0,unknown,fd-com-kunzisoft-keepass-libre-evidence.json#/rows/1133,False,unknown
fd-com-kunzisoft-keepass-libre,862f87a30baef06181f049adf7c460611605b25a807eaf3c25841a9dd84bed9e,direct-framework-reference,,java/nio/file/attribute/FileAttribute,definition-present,unknown,39,0,unknown,fd-com-kunzisoft-keepass-libre-evidence.json#/rows/1134,False,unknown
fd-com-kunzisoft-keepass-libre,862f87a30baef06181f049adf7c460611605b25a807eaf3c25841a9dd84bed9e,direct-framework-reference,,java/nio/file/attribute/FileAttributeView,definition-present,unknown,11,0,unknown,fd-com-kunzisoft-keepass-libre-evidence.json#/rows/1135,False,unknown
fd-com-kunzisoft-keepass-libre,862f87a30baef06181f049adf7c460611605b25a807eaf3c25841a9dd84bed9e,direct-framework-reference,,java/nio/file/attribute/FileTime,definition-present,unknown,77,0,unknown,fd-com-kunzisoft-keepass-libre-evidence.json#/rows/1136,False,unknown
fd-com-kunzisoft-keepass-libre,862f87a30baef06181f049adf7c460611605b25a807eaf3c25841a9dd84bed9e,direct-framework-reference,,java/nio/file/attribute/PosixFileAttributeView,definition-present,unknown,3,0,unknown,fd-com-kunzisoft-keepass-libre-evidence.json#/rows/1137,False,unknown
fd-com-kunzisoft-keepass-libre,862f87a30baef06181f049adf7c460611605b25a807eaf3c25841a9dd84bed9e,direct-framework-reference,,java/nio/file/attribute/PosixFileAttributes,definition-present,unknown,9,0,unknown,fd-com-kunzisoft-keepass-libre-evidence.json#/rows/1138,False,unknown
fd-com-kunzisoft-keepass-libre,862f87a30baef06181f049adf7c460611605b25a807eaf3c25841a9dd84bed9e,direct-framework-reference,,java/nio/file/attribute/PosixFilePermission,definition-present,unknown,5,0,unknown,fd-com-kunzisoft-keepass-libre-evidence.json#/rows/1139,False,unknown
fd-com-kunzisoft-keepass-libre,862f87a30baef06181f049adf7c460611605b25a807eaf3c25841a9dd84bed9e,direct-framework-reference,,java/nio/file/attribute/UserPrincipal,definition-present,unknown,8,0,unknown,fd-com-kunzisoft-keepass-libre-evidence.json#/rows/1140,False,unknown
fd-com-kunzisoft-keepass-libre,862f87a30baef06181f049adf7c460611605b25a807eaf3c25841a9dd84bed9e,direct-framework-reference,,java/nio/file/spi/FileSystemProvider,definition-present,unknown,10,0,unknown,fd-com-kunzisoft-keepass-libre-evidence.json#/rows/1141,False,unknown
fd-com-kunzisoft-keepass-libre,862f87a30baef06181f049adf7c460611605b25a807eaf3c25841a9dd84bed9e,direct-framework-reference,,java/security/AccessController,definition-present,unknown,27,0,unknown,fd-com-kunzisoft-keepass-libre-evidence.json#/rows/1142,False,unknown
fd-com-kunzisoft-keepass-libre,862f87a30baef06181f049adf7c460611605b25a807eaf3c25841a9dd84bed9e,direct-framework-reference,,java/security/AlgorithmParameterGenerator,definition-present,unknown,8,0,unknown,fd-com-kunzisoft-keepass-libre-evidence.json#/rows/1143,False,unknown
fd-com-kunzisoft-keepass-libre,862f87a30baef06181f049adf7c460611605b25a807eaf3c25841a9dd84bed9e,direct-framework-reference,,java/security/AlgorithmParameterGeneratorSpi,definition-present,unknown,2,0,unknown,fd-com-kunzisoft-keepass-libre-evidence.json#/rows/1144,False,unknown
fd-com-kunzisoft-keepass-libre,862f87a30baef06181f049adf7c460611605b25a807eaf3c25841a9dd84bed9e,direct-framework-reference,,java/security/AlgorithmParameters,definition-present,unknown,141,0,unknown,fd-com-kunzisoft-keepass-libre-evidence.json#/rows/1145,False,unknown
fd-com-kunzisoft-keepass-libre,862f87a30baef06181f049adf7c460611605b25a807eaf3c25841a9dd84bed9e,direct-framework-reference,,java/security/AlgorithmParametersSpi,definition-present,unknown,8,0,unknown,fd-com-kunzisoft-keepass-libre-evidence.json#/rows/1146,False,unknown
fd-com-kunzisoft-keepass-libre,862f87a30baef06181f049adf7c460611605b25a807eaf3c25841a9dd84bed9e,direct-framework-reference,,java/security/BasicPermission,definition-present,unknown,3,0,unknown,fd-com-kunzisoft-keepass-libre-evidence.json#/rows/1147,False,unknown
fd-com-kunzisoft-keepass-libre,862f87a30baef06181f049adf7c460611605b25a807eaf3c25841a9dd84bed9e,direct-framework-reference,,java/security/DigestException,definition-present,unknown,1,0,unknown,fd-com-kunzisoft-keepass-libre-evidence.json#/rows/1148,False,unknown
fd-com-kunzisoft-keepass-libre,862f87a30baef06181f049adf7c460611605b25a807eaf3c25841a9dd84bed9e,direct-framework-reference,,java/security/DigestInputStream,definition-present,unknown,2,0,unknown,fd-com-kunzisoft-keepass-libre-evidence.json#/rows/1149,False,unknown
fd-com-kunzisoft-keepass-libre,862f87a30baef06181f049adf7c460611605b25a807eaf3c25841a9dd84bed9e,direct-framework-reference,,java/security/DigestOutputStream,definition-present,unknown,3,0,unknown,fd-com-kunzisoft-keepass-libre-evidence.json#/rows/1150,False,unknown
fd-com-kunzisoft-keepass-libre,862f87a30baef06181f049adf7c460611605b25a807eaf3c25841a9dd84bed9e,direct-framework-reference,,java/security/GeneralSecurityException,definition-present,unknown,47,0,unknown,fd-com-kunzisoft-keepass-libre-evidence.json#/rows/1151,False,unknown
fd-com-kunzisoft-keepass-libre,862f87a30baef06181f049adf7c460611605b25a807eaf3c25841a9dd84bed9e,direct-framework-reference,,java/security/InvalidAlgorithmParameterException,definition-present,unknown,171,0,unknown,fd-com-kunzisoft-keepass-libre-evidence.json#/rows/1152,False,unknown
fd-com-kunzisoft-keepass-libre,862f87a30baef06181f049adf7c460611605b25a807eaf3c25841a9dd84bed9e,direct-framework-reference,,java/security/InvalidKeyException,definition-present,unknown,196,0,unknown,fd-com-kunzisoft-keepass-libre-evidence.json#/rows/1153,False,unknown
fd-com-kunzisoft-keepass-libre,862f87a30baef06181f049adf7c460611605b25a807eaf3c25841a9dd84bed9e,direct-framework-reference,,java/security/InvalidParameterException,definition-present,unknown,34,0,unknown,fd-com-kunzisoft-keepass-libre-evidence.json#/rows/1154,False,unknown
fd-com-kunzisoft-keepass-libre,862f87a30baef06181f049adf7c460611605b25a807eaf3c25841a9dd84bed9e,direct-framework-reference,,java/security/Key,definition-present,unknown,297,0,unknown,fd-com-kunzisoft-keepass-libre-evidence.json#/rows/1155,False,unknown
fd-com-kunzisoft-keepass-libre,862f87a30baef06181f049adf7c460611605b25a807eaf3c25841a9dd84bed9e,direct-framework-reference,,java/security/KeyFactory,definition-present,unknown,39,0,unknown,fd-com-kunzisoft-keepass-libre-evidence.json#/rows/1156,False,unknown
fd-com-kunzisoft-keepass-libre,862f87a30baef06181f049adf7c460611605b25a807eaf3c25841a9dd84bed9e,direct-framework-reference,,java/security/KeyFactorySpi,definition-present,unknown,20,0,unknown,fd-com-kunzisoft-keepass-libre-evidence.json#/rows/1157,False,unknown
fd-com-kunzisoft-keepass-libre,862f87a30baef06181f049adf7c460611605b25a807eaf3c25841a9dd84bed9e,direct-framework-reference,,java/security/KeyPair,definition-present,unknown,56,0,unknown,fd-com-kunzisoft-keepass-libre-evidence.json#/rows/1158,False,unknown
fd-com-kunzisoft-keepass-libre,862f87a30baef06181f049adf7c460611605b25a807eaf3c25841a9dd84bed9e,direct-framework-reference,,java/security/KeyPairGenerator,definition-present,unknown,56,0,unknown,fd-com-kunzisoft-keepass-libre-evidence.json#/rows/1159,False,unknown
fd-com-kunzisoft-keepass-libre,862f87a30baef06181f049adf7c460611605b25a807eaf3c25841a9dd84bed9e,direct-framework-reference,,java/security/KeyPairGeneratorSpi,definition-present,unknown,2,0,unknown,fd-com-kunzisoft-keepass-libre-evidence.json#/rows/1160,False,unknown
fd-com-kunzisoft-keepass-libre,862f87a30baef06181f049adf7c460611605b25a807eaf3c25841a9dd84bed9e,direct-framework-reference,,java/security/KeyStore,definition-present,unknown,10,0,unknown,fd-com-kunzisoft-keepass-libre-evidence.json#/rows/1161,False,unknown
fd-com-kunzisoft-keepass-libre,862f87a30baef06181f049adf7c460611605b25a807eaf3c25841a9dd84bed9e,direct-framework-reference,,java/security/KeyStore$CallbackHandlerProtection,definition-present,unknown,1,0,unknown,fd-com-kunzisoft-keepass-libre-evidence.json#/rows/1162,False,unknown
fd-com-kunzisoft-keepass-libre,862f87a30baef06181f049adf7c460611605b25a807eaf3c25841a9dd84bed9e,direct-framework-reference,,java/security/KeyStore$LoadStoreParameter,definition-present,unknown,17,0,unknown,fd-com-kunzisoft-keepass-libre-evidence.json#/rows/1163,False,unknown
fd-com-kunzisoft-keepass-libre,862f87a30baef06181f049adf7c460611605b25a807eaf3c25841a9dd84bed9e,direct-framework-reference,,java/security/KeyStore$PasswordProtection,definition-present,unknown,16,0,unknown,fd-com-kunzisoft-keepass-libre-evidence.json#/rows/1164,False,unknown
fd-com-kunzisoft-keepass-libre,862f87a30baef06181f049adf7c460611605b25a807eaf3c25841a9dd84bed9e,direct-framework-reference,,java/security/KeyStore$ProtectionParameter,definition-present,unknown,49,0,unknown,fd-com-kunzisoft-keepass-libre-evidence.json#/rows/1165,False,unknown
fd-com-kunzisoft-keepass-libre,862f87a30baef06181f049adf7c460611605b25a807eaf3c25841a9dd84bed9e,direct-framework-reference,,java/security/KeyStoreException,definition-present,unknown,18,0,unknown,fd-com-kunzisoft-keepass-libre-evidence.json#/rows/1166,False,unknown
fd-com-kunzisoft-keepass-libre,862f87a30baef06181f049adf7c460611605b25a807eaf3c25841a9dd84bed9e,direct-framework-reference,,java/security/KeyStoreSpi,definition-present,unknown,38,0,unknown,fd-com-kunzisoft-keepass-libre-evidence.json#/rows/1167,False,unknown
fd-com-kunzisoft-keepass-libre,862f87a30baef06181f049adf7c460611605b25a807eaf3c25841a9dd84bed9e,direct-framework-reference,,java/security/MessageDigest,definition-present,unknown,80,0,unknown,fd-com-kunzisoft-keepass-libre-evidence.json#/rows/1168,False,unknown
fd-com-kunzisoft-keepass-libre,862f87a30baef06181f049adf7c460611605b25a807eaf3c25841a9dd84bed9e,direct-framework-reference,,java/security/NoSuchAlgorithmException,definition-present,unknown,52,0,unknown,fd-com-kunzisoft-keepass-libre-evidence.json#/rows/1169,False,unknown
fd-com-kunzisoft-keepass-libre,862f87a30baef06181f049adf7c460611605b25a807eaf3c25841a9dd84bed9e,direct-framework-reference,,java/security/NoSuchProviderException,definition-present,unknown,25,0,unknown,fd-com-kunzisoft-keepass-libre-evidence.json#/rows/1170,False,unknown
fd-com-kunzisoft-keepass-libre,862f87a30baef06181f049adf7c460611605b25a807eaf3c25841a9dd84bed9e,direct-framework-reference,,java/security/Permission,definition-present,unknown,25,0,unknown,fd-com-kunzisoft-keepass-libre-evidence.json#/rows/1171,False,unknown
fd-com-kunzisoft-keepass-libre,862f87a30baef06181f049adf7c460611605b25a807eaf3c25841a9dd84bed9e,direct-framework-reference,,java/security/Principal,definition-present,unknown,20,0,unknown,fd-com-kunzisoft-keepass-libre-evidence.json#/rows/1172,False,unknown
fd-com-kunzisoft-keepass-libre,862f87a30baef06181f049adf7c460611605b25a807eaf3c25841a9dd84bed9e,direct-framework-reference,,java/security/PrivateKey,definition-present,unknown,318,0,unknown,fd-com-kunzisoft-keepass-libre-evidence.json#/rows/1173,False,unknown
fd-com-kunzisoft-keepass-libre,862f87a30baef06181f049adf7c460611605b25a807eaf3c25841a9dd84bed9e,direct-framework-reference,,java/security/PrivilegedAction,definition-present,unknown,23,0,unknown,fd-com-kunzisoft-keepass-libre-evidence.json#/rows/1174,False,unknown
fd-com-kunzisoft-keepass-libre,862f87a30baef06181f049adf7c460611605b25a807eaf3c25841a9dd84bed9e,direct-framework-reference,,java/security/PrivilegedExceptionAction,definition-present,unknown,4,0,unknown,fd-com-kunzisoft-keepass-libre-evidence.json#/rows/1175,False,unknown
fd-com-kunzisoft-keepass-libre,862f87a30baef06181f049adf7c460611605b25a807eaf3c25841a9dd84bed9e,direct-framework-reference,,java/security/Provider,definition-present,unknown,196,0,unknown,fd-com-kunzisoft-keepass-libre-evidence.json#/rows/1176,False,unknown
fd-com-kunzisoft-keepass-libre,862f87a30baef06181f049adf7c460611605b25a807eaf3c25841a9dd84bed9e,direct-framework-reference,,java/security/Provider$Service,definition-present,unknown,5,0,unknown,fd-com-kunzisoft-keepass-libre-evidence.json#/rows/1177,False,unknown
fd-com-kunzisoft-keepass-libre,862f87a30baef06181f049adf7c460611605b25a807eaf3c25841a9dd84bed9e,direct-framework-reference,,java/security/ProviderException,definition-present,unknown,2,0,unknown,fd-com-kunzisoft-keepass-libre-evidence.json#/rows/1178,False,unknown
fd-com-kunzisoft-keepass-libre,862f87a30baef06181f049adf7c460611605b25a807eaf3c25841a9dd84bed9e,direct-framework-reference,,java/security/PublicKey,definition-present,unknown,390,0,unknown,fd-com-kunzisoft-keepass-libre-evidence.json#/rows/1179,False,unknown
fd-com-kunzisoft-keepass-libre,862f87a30baef06181f049adf7c460611605b25a807eaf3c25841a9dd84bed9e,direct-framework-reference,,java/security/SecureRandom,definition-present,unknown,1020,0,unknown,fd-com-kunzisoft-keepass-libre-evidence.json#/rows/1180,False,unknown
fd-com-kunzisoft-keepass-libre,862f87a30baef06181f049adf7c460611605b25a807eaf3c25841a9dd84bed9e,direct-framework-reference,,java/security/SecureRandomSpi,definition-present,unknown,5,0,unknown,fd-com-kunzisoft-keepass-libre-evidence.json#/rows/1181,False,unknown
fd-com-kunzisoft-keepass-libre,862f87a30baef06181f049adf7c460611605b25a807eaf3c25841a9dd84bed9e,direct-framework-reference,,java/security/Security,definition-present,unknown,15,0,unknown,fd-com-kunzisoft-keepass-libre-evidence.json#/rows/1182,False,unknown
fd-com-kunzisoft-keepass-libre,862f87a30baef06181f049adf7c460611605b25a807eaf3c25841a9dd84bed9e,direct-framework-reference,,java/security/Signature,definition-present,unknown,131,0,unknown,fd-com-kunzisoft-keepass-libre-evidence.json#/rows/1183,False,unknown
fd-com-kunzisoft-keepass-libre,862f87a30baef06181f049adf7c460611605b25a807eaf3c25841a9dd84bed9e,direct-framework-reference,,java/security/SignatureException,definition-present,unknown,70,0,unknown,fd-com-kunzisoft-keepass-libre-evidence.json#/rows/1184,False,unknown
fd-com-kunzisoft-keepass-libre,862f87a30baef06181f049adf7c460611605b25a807eaf3c25841a9dd84bed9e,direct-framework-reference,,java/security/SignatureSpi,definition-present,unknown,19,0,unknown,fd-com-kunzisoft-keepass-libre-evidence.json#/rows/1185,False,unknown
fd-com-kunzisoft-keepass-libre,862f87a30baef06181f049adf7c460611605b25a807eaf3c25841a9dd84bed9e,direct-framework-reference,,java/security/UnrecoverableKeyException,definition-present,unknown,8,0,unknown,fd-com-kunzisoft-keepass-libre-evidence.json#/rows/1186,False,unknown
fd-com-kunzisoft-keepass-libre,862f87a30baef06181f049adf7c460611605b25a807eaf3c25841a9dd84bed9e,direct-framework-reference,,java/security/cert/CRL,definition-present,unknown,24,0,unknown,fd-com-kunzisoft-keepass-libre-evidence.json#/rows/1187,False,unknown
fd-com-kunzisoft-keepass-libre,862f87a30baef06181f049adf7c460611605b25a807eaf3c25841a9dd84bed9e,direct-framework-reference,,java/security/cert/CRLException,definition-present,unknown,29,0,unknown,fd-com-kunzisoft-keepass-libre-evidence.json#/rows/1188,False,unknown
fd-com-kunzisoft-keepass-libre,862f87a30baef06181f049adf7c460611605b25a807eaf3c25841a9dd84bed9e,direct-framework-reference,,java/security/cert/CRLSelector,definition-present,unknown,15,0,unknown,fd-com-kunzisoft-keepass-libre-evidence.json#/rows/1189,False,unknown
fd-com-kunzisoft-keepass-libre,862f87a30baef06181f049adf7c460611605b25a807eaf3c25841a9dd84bed9e,direct-framework-reference,,java/security/cert/CertPath,definition-present,unknown,70,0,unknown,fd-com-kunzisoft-keepass-libre-evidence.json#/rows/1190,False,unknown
fd-com-kunzisoft-keepass-libre,862f87a30baef06181f049adf7c460611605b25a807eaf3c25841a9dd84bed9e,direct-framework-reference,,java/security/cert/CertPathBuilder,definition-present,unknown,6,0,unknown,fd-com-kunzisoft-keepass-libre-evidence.json#/rows/1191,False,unknown
fd-com-kunzisoft-keepass-libre,862f87a30baef06181f049adf7c460611605b25a807eaf3c25841a9dd84bed9e,direct-framework-reference,,java/security/cert/CertPathBuilderException,definition-present,unknown,6,0,unknown,fd-com-kunzisoft-keepass-libre-evidence.json#/rows/1192,False,unknown
fd-com-kunzisoft-keepass-libre,862f87a30baef06181f049adf7c460611605b25a807eaf3c25841a9dd84bed9e,direct-framework-reference,,java/security/cert/CertPathBuilderResult,definition-present,unknown,10,0,unknown,fd-com-kunzisoft-keepass-libre-evidence.json#/rows/1193,False,unknown
fd-com-kunzisoft-keepass-libre,862f87a30baef06181f049adf7c460611605b25a807eaf3c25841a9dd84bed9e,direct-framework-reference,,java/security/cert/CertPathBuilderSpi,definition-present,unknown,4,0,unknown,fd-com-kunzisoft-keepass-libre-evidence.json#/rows/1194,False,unknown
fd-com-kunzisoft-keepass-libre,862f87a30baef06181f049adf7c460611605b25a807eaf3c25841a9dd84bed9e,direct-framework-reference,,java/security/cert/CertPathParameters,definition-present,unknown,8,0,unknown,fd-com-kunzisoft-keepass-libre-evidence.json#/rows/1195,False,unknown
fd-com-kunzisoft-keepass-libre,862f87a30baef06181f049adf7c460611605b25a807eaf3c25841a9dd84bed9e,direct-framework-reference,,java/security/cert/CertPathValidator,definition-present,unknown,5,0,unknown,fd-com-kunzisoft-keepass-libre-evidence.json#/rows/1196,False,unknown
fd-com-kunzisoft-keepass-libre,862f87a30baef06181f049adf7c460611605b25a807eaf3c25841a9dd84bed9e,direct-framework-reference,,java/security/cert/CertPathValidatorException,definition-present,unknown,38,0,unknown,fd-com-kunzisoft-keepass-libre-evidence.json#/rows/1197,False,unknown
fd-com-kunzisoft-keepass-libre,862f87a30baef06181f049adf7c460611605b25a807eaf3c25841a9dd84bed9e,direct-framework-reference,,java/security/cert/CertPathValidatorResult,definition-present,unknown,5,0,unknown,fd-com-kunzisoft-keepass-libre-evidence.json#/rows/1198,False,unknown
fd-com-kunzisoft-keepass-libre,862f87a30baef06181f049adf7c460611605b25a807eaf3c25841a9dd84bed9e,direct-framework-reference,,java/security/cert/CertPathValidatorSpi,definition-present,unknown,3,0,unknown,fd-com-kunzisoft-keepass-libre-evidence.json#/rows/1199,False,unknown
fd-com-kunzisoft-keepass-libre,862f87a30baef06181f049adf7c460611605b25a807eaf3c25841a9dd84bed9e,direct-framework-reference,,java/security/cert/CertSelector,definition-present,unknown,24,0,unknown,fd-com-kunzisoft-keepass-libre-evidence.json#/rows/1200,False,unknown
fd-com-kunzisoft-keepass-libre,862f87a30baef06181f049adf7c460611605b25a807eaf3c25841a9dd84bed9e,direct-framework-reference,,java/security/cert/CertStore,definition-present,unknown,21,0,unknown,fd-com-kunzisoft-keepass-libre-evidence.json#/rows/1201,False,unknown
fd-com-kunzisoft-keepass-libre,862f87a30baef06181f049adf7c460611605b25a807eaf3c25841a9dd84bed9e,direct-framework-reference,,java/security/cert/CertStoreException,definition-present,unknown,4,0,unknown,fd-com-kunzisoft-keepass-libre-evidence.json#/rows/1202,False,unknown
fd-com-kunzisoft-keepass-libre,862f87a30baef06181f049adf7c460611605b25a807eaf3c25841a9dd84bed9e,direct-framework-reference,,java/security/cert/CertStoreParameters,definition-present,unknown,8,0,unknown,fd-com-kunzisoft-keepass-libre-evidence.json#/rows/1203,False,unknown
fd-com-kunzisoft-keepass-libre,862f87a30baef06181f049adf7c460611605b25a807eaf3c25841a9dd84bed9e,direct-framework-reference,,java/security/cert/CertStoreSpi,definition-present,unknown,3,0,unknown,fd-com-kunzisoft-keepass-libre-evidence.json#/rows/1204,False,unknown
fd-com-kunzisoft-keepass-libre,862f87a30baef06181f049adf7c460611605b25a807eaf3c25841a9dd84bed9e,direct-framework-reference,,java/security/cert/Certificate,definition-present,unknown,131,0,unknown,fd-com-kunzisoft-keepass-libre-evidence.json#/rows/1205,False,unknown
fd-com-kunzisoft-keepass-libre,862f87a30baef06181f049adf7c460611605b25a807eaf3c25841a9dd84bed9e,direct-framework-reference,,java/security/cert/CertificateEncodingException,definition-present,unknown,27,0,unknown,fd-com-kunzisoft-keepass-libre-evidence.json#/rows/1206,False,unknown
fd-com-kunzisoft-keepass-libre,862f87a30baef06181f049adf7c460611605b25a807eaf3c25841a9dd84bed9e,direct-framework-reference,,java/security/cert/CertificateException,definition-present,unknown,16,0,unknown,fd-com-kunzisoft-keepass-libre-evidence.json#/rows/1207,False,unknown
fd-com-kunzisoft-keepass-libre,862f87a30baef06181f049adf7c460611605b25a807eaf3c25841a9dd84bed9e,direct-framework-reference,,java/security/cert/CertificateExpiredException,definition-present,unknown,5,0,unknown,fd-com-kunzisoft-keepass-libre-evidence.json#/rows/1208,False,unknown
fd-com-kunzisoft-keepass-libre,862f87a30baef06181f049adf7c460611605b25a807eaf3c25841a9dd84bed9e,direct-framework-reference,,java/security/cert/CertificateFactory,definition-present,unknown,40,0,unknown,fd-com-kunzisoft-keepass-libre-evidence.json#/rows/1209,False,unknown
fd-com-kunzisoft-keepass-libre,862f87a30baef06181f049adf7c460611605b25a807eaf3c25841a9dd84bed9e,direct-framework-reference,,java/security/cert/CertificateFactorySpi,definition-present,unknown,1,0,unknown,fd-com-kunzisoft-keepass-libre-evidence.json#/rows/1210,False,unknown
fd-com-kunzisoft-keepass-libre,862f87a30baef06181f049adf7c460611605b25a807eaf3c25841a9dd84bed9e,direct-framework-reference,,java/security/cert/CertificateNotYetValidException,definition-present,unknown,5,0,unknown,fd-com-kunzisoft-keepass-libre-evidence.json#/rows/1211,False,unknown
fd-com-kunzisoft-keepass-libre,862f87a30baef06181f049adf7c460611605b25a807eaf3c25841a9dd84bed9e,direct-framework-reference,,java/security/cert/CertificateParsingException,definition-present,unknown,15,0,unknown,fd-com-kunzisoft-keepass-libre-evidence.json#/rows/1212,False,unknown
fd-com-kunzisoft-keepass-libre,862f87a30baef06181f049adf7c460611605b25a807eaf3c25841a9dd84bed9e,direct-framework-reference,,java/security/cert/CollectionCertStoreParameters,definition-present,unknown,6,0,unknown,fd-com-kunzisoft-keepass-libre-evidence.json#/rows/1213,False,unknown
fd-com-kunzisoft-keepass-libre,862f87a30baef06181f049adf7c460611605b25a807eaf3c25841a9dd84bed9e,direct-framework-reference,,java/security/cert/Extension,definition-present,unknown,6,0,unknown,fd-com-kunzisoft-keepass-libre-evidence.json#/rows/1214,False,unknown
fd-com-kunzisoft-keepass-libre,862f87a30baef06181f049adf7c460611605b25a807eaf3c25841a9dd84bed9e,direct-framework-reference,,java/security/cert/LDAPCertStoreParameters,definition-present,unknown,1,0,unknown,fd-com-kunzisoft-keepass-libre-evidence.json#/rows/1215,False,unknown
fd-com-kunzisoft-keepass-libre,862f87a30baef06181f049adf7c460611605b25a807eaf3c25841a9dd84bed9e,direct-framework-reference,,java/security/cert/PKIXBuilderParameters,definition-present,unknown,6,0,unknown,fd-com-kunzisoft-keepass-libre-evidence.json#/rows/1216,False,unknown
fd-com-kunzisoft-keepass-libre,862f87a30baef06181f049adf7c460611605b25a807eaf3c25841a9dd84bed9e,direct-framework-reference,,java/security/cert/PKIXCertPathBuilderResult,definition-present,unknown,3,0,unknown,fd-com-kunzisoft-keepass-libre-evidence.json#/rows/1217,False,unknown
fd-com-kunzisoft-keepass-libre,862f87a30baef06181f049adf7c460611605b25a807eaf3c25841a9dd84bed9e,direct-framework-reference,,java/security/cert/PKIXCertPathChecker,definition-present,unknown,13,0,unknown,fd-com-kunzisoft-keepass-libre-evidence.json#/rows/1218,False,unknown
fd-com-kunzisoft-keepass-libre,862f87a30baef06181f049adf7c460611605b25a807eaf3c25841a9dd84bed9e,direct-framework-reference,,java/security/cert/PKIXCertPathValidatorResult,definition-present,unknown,6,0,unknown,fd-com-kunzisoft-keepass-libre-evidence.json#/rows/1219,False,unknown
fd-com-kunzisoft-keepass-libre,862f87a30baef06181f049adf7c460611605b25a807eaf3c25841a9dd84bed9e,direct-framework-reference,,java/security/cert/PKIXParameters,definition-present,unknown,45,0,unknown,fd-com-kunzisoft-keepass-libre-evidence.json#/rows/1220,False,unknown
fd-com-kunzisoft-keepass-libre,862f87a30baef06181f049adf7c460611605b25a807eaf3c25841a9dd84bed9e,direct-framework-reference,,java/security/cert/PKIXRevocationChecker,definition-present,unknown,2,0,unknown,fd-com-kunzisoft-keepass-libre-evidence.json#/rows/1221,False,unknown
fd-com-kunzisoft-keepass-libre,862f87a30baef06181f049adf7c460611605b25a807eaf3c25841a9dd84bed9e,direct-framework-reference,,java/security/cert/PKIXRevocationChecker$Option,definition-present,unknown,4,0,unknown,fd-com-kunzisoft-keepass-libre-evidence.json#/rows/1222,False,unknown
fd-com-kunzisoft-keepass-libre,862f87a30baef06181f049adf7c460611605b25a807eaf3c25841a9dd84bed9e,direct-framework-reference,,java/security/cert/PolicyNode,definition-present,unknown,35,0,unknown,fd-com-kunzisoft-keepass-libre-evidence.json#/rows/1223,False,unknown
fd-com-kunzisoft-keepass-libre,862f87a30baef06181f049adf7c460611605b25a807eaf3c25841a9dd84bed9e,direct-framework-reference,,java/security/cert/PolicyQualifierInfo,definition-present,unknown,3,0,unknown,fd-com-kunzisoft-keepass-libre-evidence.json#/rows/1224,False,unknown
fd-com-kunzisoft-keepass-libre,862f87a30baef06181f049adf7c460611605b25a807eaf3c25841a9dd84bed9e,direct-framework-reference,,java/security/cert/TrustAnchor,definition-present,unknown,22,0,unknown,fd-com-kunzisoft-keepass-libre-evidence.json#/rows/1225,False,unknown
fd-com-kunzisoft-keepass-libre,862f87a30baef06181f049adf7c460611605b25a807eaf3c25841a9dd84bed9e,direct-framework-reference,,java/security/cert/X509CRL,definition-present,unknown,75,0,unknown,fd-com-kunzisoft-keepass-libre-evidence.json#/rows/1226,False,unknown
fd-com-kunzisoft-keepass-libre,862f87a30baef06181f049adf7c460611605b25a807eaf3c25841a9dd84bed9e,direct-framework-reference,,java/security/cert/X509CRLEntry,definition-present,unknown,16,0,unknown,fd-com-kunzisoft-keepass-libre-evidence.json#/rows/1227,False,unknown
fd-com-kunzisoft-keepass-libre,862f87a30baef06181f049adf7c460611605b25a807eaf3c25841a9dd84bed9e,direct-framework-reference,,java/security/cert/X509CRLSelector,definition-present,unknown,20,0,unknown,fd-com-kunzisoft-keepass-libre-evidence.json#/rows/1228,False,unknown
fd-com-kunzisoft-keepass-libre,862f87a30baef06181f049adf7c460611605b25a807eaf3c25841a9dd84bed9e,direct-framework-reference,,java/security/cert/X509CertSelector,definition-present,unknown,32,0,unknown,fd-com-kunzisoft-keepass-libre-evidence.json#/rows/1229,False,unknown
fd-com-kunzisoft-keepass-libre,862f87a30baef06181f049adf7c460611605b25a807eaf3c25841a9dd84bed9e,direct-framework-reference,,java/security/cert/X509Certificate,definition-present,unknown,269,0,unknown,fd-com-kunzisoft-keepass-libre-evidence.json#/rows/1230,False,unknown
fd-com-kunzisoft-keepass-libre,862f87a30baef06181f049adf7c460611605b25a807eaf3c25841a9dd84bed9e,direct-framework-reference,,java/security/cert/X509Extension,definition-present,unknown,51,0,unknown,fd-com-kunzisoft-keepass-libre-evidence.json#/rows/1231,False,unknown
fd-com-kunzisoft-keepass-libre,862f87a30baef06181f049adf7c460611605b25a807eaf3c25841a9dd84bed9e,direct-framework-reference,,java/security/interfaces/DSAKey,definition-present,unknown,1,0,unknown,fd-com-kunzisoft-keepass-libre-evidence.json#/rows/1232,False,unknown
fd-com-kunzisoft-keepass-libre,862f87a30baef06181f049adf7c460611605b25a807eaf3c25841a9dd84bed9e,direct-framework-reference,,java/security/interfaces/DSAParams,definition-present,unknown,51,0,unknown,fd-com-kunzisoft-keepass-libre-evidence.json#/rows/1233,False,unknown
fd-com-kunzisoft-keepass-libre,862f87a30baef06181f049adf7c460611605b25a807eaf3c25841a9dd84bed9e,direct-framework-reference,,java/security/interfaces/DSAPrivateKey,definition-present,unknown,7,0,unknown,fd-com-kunzisoft-keepass-libre-evidence.json#/rows/1234,False,unknown
fd-com-kunzisoft-keepass-libre,862f87a30baef06181f049adf7c460611605b25a807eaf3c25841a9dd84bed9e,direct-framework-reference,,java/security/interfaces/DSAPublicKey,definition-present,unknown,11,0,unknown,fd-com-kunzisoft-keepass-libre-evidence.json#/rows/1235,False,unknown
fd-com-kunzisoft-keepass-libre,862f87a30baef06181f049adf7c460611605b25a807eaf3c25841a9dd84bed9e,direct-framework-reference,,java/security/interfaces/ECPrivateKey,definition-present,unknown,17,0,unknown,fd-com-kunzisoft-keepass-libre-evidence.json#/rows/1236,False,unknown
fd-com-kunzisoft-keepass-libre,862f87a30baef06181f049adf7c460611605b25a807eaf3c25841a9dd84bed9e,direct-framework-reference,,java/security/interfaces/ECPublicKey,definition-present,unknown,32,0,unknown,fd-com-kunzisoft-keepass-libre-evidence.json#/rows/1237,False,unknown
fd-com-kunzisoft-keepass-libre,862f87a30baef06181f049adf7c460611605b25a807eaf3c25841a9dd84bed9e,direct-framework-reference,,java/security/interfaces/RSAKey,definition-present,unknown,1,0,unknown,fd-com-kunzisoft-keepass-libre-evidence.json#/rows/1238,False,unknown
fd-com-kunzisoft-keepass-libre,862f87a30baef06181f049adf7c460611605b25a807eaf3c25841a9dd84bed9e,direct-framework-reference,,java/security/interfaces/RSAPrivateCrtKey,definition-present,unknown,7,0,unknown,fd-com-kunzisoft-keepass-libre-evidence.json#/rows/1239,False,unknown
fd-com-kunzisoft-keepass-libre,862f87a30baef06181f049adf7c460611605b25a807eaf3c25841a9dd84bed9e,direct-framework-reference,,java/security/interfaces/RSAPrivateKey,definition-present,unknown,14,0,unknown,fd-com-kunzisoft-keepass-libre-evidence.json#/rows/1240,False,unknown
fd-com-kunzisoft-keepass-libre,862f87a30baef06181f049adf7c460611605b25a807eaf3c25841a9dd84bed9e,direct-framework-reference,,java/security/interfaces/RSAPublicKey,definition-present,unknown,16,0,unknown,fd-com-kunzisoft-keepass-libre-evidence.json#/rows/1241,False,unknown
fd-com-kunzisoft-keepass-libre,862f87a30baef06181f049adf7c460611605b25a807eaf3c25841a9dd84bed9e,direct-framework-reference,,java/security/spec/AlgorithmParameterSpec,definition-present,unknown,343,0,unknown,fd-com-kunzisoft-keepass-libre-evidence.json#/rows/1242,False,unknown
fd-com-kunzisoft-keepass-libre,862f87a30baef06181f049adf7c460611605b25a807eaf3c25841a9dd84bed9e,direct-framework-reference,,java/security/spec/DSAParameterSpec,definition-present,unknown,24,0,unknown,fd-com-kunzisoft-keepass-libre-evidence.json#/rows/1243,False,unknown
fd-com-kunzisoft-keepass-libre,862f87a30baef06181f049adf7c460611605b25a807eaf3c25841a9dd84bed9e,direct-framework-reference,,java/security/spec/DSAPrivateKeySpec,definition-present,unknown,4,0,unknown,fd-com-kunzisoft-keepass-libre-evidence.json#/rows/1244,False,unknown
fd-com-kunzisoft-keepass-libre,862f87a30baef06181f049adf7c460611605b25a807eaf3c25841a9dd84bed9e,direct-framework-reference,,java/security/spec/DSAPublicKeySpec,definition-present,unknown,8,0,unknown,fd-com-kunzisoft-keepass-libre-evidence.json#/rows/1245,False,unknown
fd-com-kunzisoft-keepass-libre,862f87a30baef06181f049adf7c460611605b25a807eaf3c25841a9dd84bed9e,direct-framework-reference,,java/security/spec/ECField,definition-present,unknown,9,0,unknown,fd-com-kunzisoft-keepass-libre-evidence.json#/rows/1246,False,unknown
fd-com-kunzisoft-keepass-libre,862f87a30baef06181f049adf7c460611605b25a807eaf3c25841a9dd84bed9e,direct-framework-reference,,java/security/spec/ECFieldF2m,definition-present,unknown,6,0,unknown,fd-com-kunzisoft-keepass-libre-evidence.json#/rows/1247,False,unknown
fd-com-kunzisoft-keepass-libre,862f87a30baef06181f049adf7c460611605b25a807eaf3c25841a9dd84bed9e,direct-framework-reference,,java/security/spec/ECFieldFp,definition-present,unknown,8,0,unknown,fd-com-kunzisoft-keepass-libre-evidence.json#/rows/1248,False,unknown
fd-com-kunzisoft-keepass-libre,862f87a30baef06181f049adf7c460611605b25a807eaf3c25841a9dd84bed9e,direct-framework-reference,,java/security/spec/ECGenParameterSpec,definition-present,unknown,15,0,unknown,fd-com-kunzisoft-keepass-libre-evidence.json#/rows/1249,False,unknown
fd-com-kunzisoft-keepass-libre,862f87a30baef06181f049adf7c460611605b25a807eaf3c25841a9dd84bed9e,direct-framework-reference,,java/security/spec/ECParameterSpec,definition-present,unknown,178,0,unknown,fd-com-kunzisoft-keepass-libre-evidence.json#/rows/1250,False,unknown
fd-com-kunzisoft-keepass-libre,862f87a30baef06181f049adf7c460611605b25a807eaf3c25841a9dd84bed9e,direct-framework-reference,,java/security/spec/ECPoint,definition-present,unknown,84,0,unknown,fd-com-kunzisoft-keepass-libre-evidence.json#/rows/1251,False,unknown
fd-com-kunzisoft-keepass-libre,862f87a30baef06181f049adf7c460611605b25a807eaf3c25841a9dd84bed9e,direct-framework-reference,,java/security/spec/ECPrivateKeySpec,definition-present,unknown,13,0,unknown,fd-com-kunzisoft-keepass-libre-evidence.json#/rows/1252,False,unknown
fd-com-kunzisoft-keepass-libre,862f87a30baef06181f049adf7c460611605b25a807eaf3c25841a9dd84bed9e,direct-framework-reference,,java/security/spec/ECPublicKeySpec,definition-present,unknown,16,0,unknown,fd-com-kunzisoft-keepass-libre-evidence.json#/rows/1253,False,unknown
fd-com-kunzisoft-keepass-libre,862f87a30baef06181f049adf7c460611605b25a807eaf3c25841a9dd84bed9e,direct-framework-reference,,java/security/spec/EllipticCurve,definition-present,unknown,85,0,unknown,fd-com-kunzisoft-keepass-libre-evidence.json#/rows/1254,False,unknown
fd-com-kunzisoft-keepass-libre,862f87a30baef06181f049adf7c460611605b25a807eaf3c25841a9dd84bed9e,direct-framework-reference,,java/security/spec/EncodedKeySpec,definition-present,unknown,3,0,unknown,fd-com-kunzisoft-keepass-libre-evidence.json#/rows/1255,False,unknown
fd-com-kunzisoft-keepass-libre,862f87a30baef06181f049adf7c460611605b25a807eaf3c25841a9dd84bed9e,direct-framework-reference,,java/security/spec/InvalidKeySpecException,definition-present,unknown,102,0,unknown,fd-com-kunzisoft-keepass-libre-evidence.json#/rows/1256,False,unknown
fd-com-kunzisoft-keepass-libre,862f87a30baef06181f049adf7c460611605b25a807eaf3c25841a9dd84bed9e,direct-framework-reference,,java/security/spec/InvalidParameterSpecException,definition-present,unknown,45,0,unknown,fd-com-kunzisoft-keepass-libre-evidence.json#/rows/1257,False,unknown
fd-com-kunzisoft-keepass-libre,862f87a30baef06181f049adf7c460611605b25a807eaf3c25841a9dd84bed9e,direct-framework-reference,,java/security/spec/KeySpec,definition-present,unknown,80,0,unknown,fd-com-kunzisoft-keepass-libre-evidence.json#/rows/1258,False,unknown
fd-com-kunzisoft-keepass-libre,862f87a30baef06181f049adf7c460611605b25a807eaf3c25841a9dd84bed9e,direct-framework-reference,,java/security/spec/MGF1ParameterSpec,definition-present,unknown,25,0,unknown,fd-com-kunzisoft-keepass-libre-evidence.json#/rows/1259,False,unknown
fd-com-kunzisoft-keepass-libre,862f87a30baef06181f049adf7c460611605b25a807eaf3c25841a9dd84bed9e,direct-framework-reference,,java/security/spec/PKCS8EncodedKeySpec,definition-present,unknown,56,0,unknown,fd-com-kunzisoft-keepass-libre-evidence.json#/rows/1260,False,unknown
fd-com-kunzisoft-keepass-libre,862f87a30baef06181f049adf7c460611605b25a807eaf3c25841a9dd84bed9e,direct-framework-reference,,java/security/spec/PSSParameterSpec,definition-present,unknown,55,0,unknown,fd-com-kunzisoft-keepass-libre-evidence.json#/rows/1261,False,unknown
fd-com-kunzisoft-keepass-libre,862f87a30baef06181f049adf7c460611605b25a807eaf3c25841a9dd84bed9e,direct-framework-reference,,java/security/spec/RSAKeyGenParameterSpec,definition-present,unknown,2,0,unknown,fd-com-kunzisoft-keepass-libre-evidence.json#/rows/1262,False,unknown
fd-com-kunzisoft-keepass-libre,862f87a30baef06181f049adf7c460611605b25a807eaf3c25841a9dd84bed9e,direct-framework-reference,,java/security/spec/RSAPrivateCrtKeySpec,definition-present,unknown,4,0,unknown,fd-com-kunzisoft-keepass-libre-evidence.json#/rows/1263,False,unknown
fd-com-kunzisoft-keepass-libre,862f87a30baef06181f049adf7c460611605b25a807eaf3c25841a9dd84bed9e,direct-framework-reference,,java/security/spec/RSAPrivateKeySpec,definition-present,unknown,4,0,unknown,fd-com-kunzisoft-keepass-libre-evidence.json#/rows/1264,False,unknown
fd-com-kunzisoft-keepass-libre,862f87a30baef06181f049adf7c460611605b25a807eaf3c25841a9dd84bed9e,direct-framework-reference,,java/security/spec/RSAPublicKeySpec,definition-present,unknown,5,0,unknown,fd-com-kunzisoft-keepass-libre-evidence.json#/rows/1265,False,unknown
fd-com-kunzisoft-keepass-libre,862f87a30baef06181f049adf7c460611605b25a807eaf3c25841a9dd84bed9e,direct-framework-reference,,java/security/spec/X509EncodedKeySpec,definition-present,unknown,66,0,unknown,fd-com-kunzisoft-keepass-libre-evidence.json#/rows/1266,False,unknown
fd-com-kunzisoft-keepass-libre,862f87a30baef06181f049adf7c460611605b25a807eaf3c25841a9dd84bed9e,direct-framework-reference,,java/sql/Date,definition-present,unknown,2,0,unknown,fd-com-kunzisoft-keepass-libre-evidence.json#/rows/1267,False,unknown
fd-com-kunzisoft-keepass-libre,862f87a30baef06181f049adf7c460611605b25a807eaf3c25841a9dd84bed9e,direct-framework-reference,,java/text/BreakIterator,definition-present,unknown,1,0,unknown,fd-com-kunzisoft-keepass-libre-evidence.json#/rows/1268,False,unknown
fd-com-kunzisoft-keepass-libre,862f87a30baef06181f049adf7c460611605b25a807eaf3c25841a9dd84bed9e,direct-framework-reference,,java/text/DateFormat,definition-present,unknown,30,0,unknown,fd-com-kunzisoft-keepass-libre-evidence.json#/rows/1269,False,unknown
fd-com-kunzisoft-keepass-libre,862f87a30baef06181f049adf7c460611605b25a807eaf3c25841a9dd84bed9e,direct-framework-reference,,java/text/DateFormatSymbols,definition-present,unknown,5,0,unknown,fd-com-kunzisoft-keepass-libre-evidence.json#/rows/1270,False,unknown
fd-com-kunzisoft-keepass-libre,862f87a30baef06181f049adf7c460611605b25a807eaf3c25841a9dd84bed9e,direct-framework-reference,,java/text/DecimalFormat,definition-present,unknown,5,0,unknown,fd-com-kunzisoft-keepass-libre-evidence.json#/rows/1271,False,unknown
fd-com-kunzisoft-keepass-libre,862f87a30baef06181f049adf7c460611605b25a807eaf3c25841a9dd84bed9e,direct-framework-reference,,java/text/Format,definition-present,unknown,2,0,unknown,fd-com-kunzisoft-keepass-libre-evidence.json#/rows/1272,False,unknown
fd-com-kunzisoft-keepass-libre,862f87a30baef06181f049adf7c460611605b25a807eaf3c25841a9dd84bed9e,direct-framework-reference,,java/text/MessageFormat,definition-present,unknown,4,0,unknown,fd-com-kunzisoft-keepass-libre-evidence.json#/rows/1273,False,unknown
fd-com-kunzisoft-keepass-libre,862f87a30baef06181f049adf7c460611605b25a807eaf3c25841a9dd84bed9e,direct-framework-reference,,java/text/NumberFormat,definition-present,unknown,3,0,unknown,fd-com-kunzisoft-keepass-libre-evidence.json#/rows/1274,False,unknown
fd-com-kunzisoft-keepass-libre,862f87a30baef06181f049adf7c460611605b25a807eaf3c25841a9dd84bed9e,direct-framework-reference,,java/text/ParseException,definition-present,unknown,5,0,unknown,fd-com-kunzisoft-keepass-libre-evidence.json#/rows/1275,False,unknown
fd-com-kunzisoft-keepass-libre,862f87a30baef06181f049adf7c460611605b25a807eaf3c25841a9dd84bed9e,direct-framework-reference,,java/text/SimpleDateFormat,definition-present,unknown,42,0,unknown,fd-com-kunzisoft-keepass-libre-evidence.json#/rows/1276,False,unknown
fd-com-kunzisoft-keepass-libre,862f87a30baef06181f049adf7c460611605b25a807eaf3c25841a9dd84bed9e,direct-framework-reference,,java/time/Duration,definition-present,unknown,63,0,unknown,fd-com-kunzisoft-keepass-libre-evidence.json#/rows/1277,False,unknown
fd-com-kunzisoft-keepass-libre,862f87a30baef06181f049adf7c460611605b25a807eaf3c25841a9dd84bed9e,direct-framework-reference,,java/time/Instant,definition-present,unknown,117,0,unknown,fd-com-kunzisoft-keepass-libre-evidence.json#/rows/1278,False,unknown
fd-com-kunzisoft-keepass-libre,862f87a30baef06181f049adf7c460611605b25a807eaf3c25841a9dd84bed9e,direct-framework-reference,,java/time/LocalTime,definition-present,unknown,8,0,unknown,fd-com-kunzisoft-keepass-libre-evidence.json#/rows/1279,False,unknown
fd-com-kunzisoft-keepass-libre,862f87a30baef06181f049adf7c460611605b25a807eaf3c25841a9dd84bed9e,direct-framework-reference,,java/time/OffsetDateTime,definition-present,unknown,3,0,unknown,fd-com-kunzisoft-keepass-libre-evidence.json#/rows/1280,False,unknown
fd-com-kunzisoft-keepass-libre,862f87a30baef06181f049adf7c460611605b25a807eaf3c25841a9dd84bed9e,direct-framework-reference,,java/time/OffsetTime,definition-present,unknown,3,0,unknown,fd-com-kunzisoft-keepass-libre-evidence.json#/rows/1281,False,unknown
fd-com-kunzisoft-keepass-libre,862f87a30baef06181f049adf7c460611605b25a807eaf3c25841a9dd84bed9e,direct-framework-reference,,java/time/ZoneId,definition-present,unknown,6,0,unknown,fd-com-kunzisoft-keepass-libre-evidence.json#/rows/1282,False,unknown
fd-com-kunzisoft-keepass-libre,862f87a30baef06181f049adf7c460611605b25a807eaf3c25841a9dd84bed9e,direct-framework-reference,,java/time/chrono/ChronoLocalDate,definition-present,unknown,7,0,unknown,fd-com-kunzisoft-keepass-libre-evidence.json#/rows/1283,False,unknown
fd-com-kunzisoft-keepass-libre,862f87a30baef06181f049adf7c460611605b25a807eaf3c25841a9dd84bed9e,direct-framework-reference,,java/time/chrono/ChronoLocalDateTime,definition-present,unknown,10,0,unknown,fd-com-kunzisoft-keepass-libre-evidence.json#/rows/1284,False,unknown
fd-com-kunzisoft-keepass-libre,862f87a30baef06181f049adf7c460611605b25a807eaf3c25841a9dd84bed9e,direct-framework-reference,,java/time/chrono/ChronoZonedDateTime,definition-present,unknown,10,0,unknown,fd-com-kunzisoft-keepass-libre-evidence.json#/rows/1285,False,unknown
fd-com-kunzisoft-keepass-libre,862f87a30baef06181f049adf7c460611605b25a807eaf3c25841a9dd84bed9e,direct-framework-reference,,java/time/temporal/ChronoUnit,definition-present,unknown,5,0,unknown,fd-com-kunzisoft-keepass-libre-evidence.json#/rows/1286,False,unknown
fd-com-kunzisoft-keepass-libre,862f87a30baef06181f049adf7c460611605b25a807eaf3c25841a9dd84bed9e,direct-framework-reference,,java/time/temporal/Temporal,definition-present,unknown,4,0,unknown,fd-com-kunzisoft-keepass-libre-evidence.json#/rows/1287,False,unknown
fd-com-kunzisoft-keepass-libre,862f87a30baef06181f049adf7c460611605b25a807eaf3c25841a9dd84bed9e,direct-framework-reference,,java/time/temporal/TemporalAmount,definition-present,unknown,3,0,unknown,fd-com-kunzisoft-keepass-libre-evidence.json#/rows/1288,False,unknown
fd-com-kunzisoft-keepass-libre,862f87a30baef06181f049adf7c460611605b25a807eaf3c25841a9dd84bed9e,direct-framework-reference,,java/time/temporal/TemporalUnit,definition-present,unknown,2,0,unknown,fd-com-kunzisoft-keepass-libre-evidence.json#/rows/1289,False,unknown
fd-com-kunzisoft-keepass-libre,862f87a30baef06181f049adf7c460611605b25a807eaf3c25841a9dd84bed9e,direct-framework-reference,,java/util/AbstractCollection,definition-present,unknown,1,0,unknown,fd-com-kunzisoft-keepass-libre-evidence.json#/rows/1290,False,unknown
fd-com-kunzisoft-keepass-libre,862f87a30baef06181f049adf7c460611605b25a807eaf3c25841a9dd84bed9e,direct-framework-reference,,java/util/AbstractList,definition-present,yes-static,1,1,unknown,fd-com-kunzisoft-keepass-libre-evidence.json#/rows/1291,False,unknown
fd-com-kunzisoft-keepass-libre,862f87a30baef06181f049adf7c460611605b25a807eaf3c25841a9dd84bed9e,direct-framework-reference,,java/util/AbstractMap,definition-present,unknown,4,0,unknown,fd-com-kunzisoft-keepass-libre-evidence.json#/rows/1292,False,unknown
fd-com-kunzisoft-keepass-libre,862f87a30baef06181f049adf7c460611605b25a807eaf3c25841a9dd84bed9e,direct-framework-reference,,java/util/AbstractSet,definition-present,unknown,1,0,unknown,fd-com-kunzisoft-keepass-libre-evidence.json#/rows/1293,False,unknown
fd-com-kunzisoft-keepass-libre,862f87a30baef06181f049adf7c460611605b25a807eaf3c25841a9dd84bed9e,direct-framework-reference,,java/util/ArrayDeque,definition-present,yes-static,34,9,unknown,fd-com-kunzisoft-keepass-libre-evidence.json#/rows/1294,False,unknown
fd-com-kunzisoft-keepass-libre,862f87a30baef06181f049adf7c460611605b25a807eaf3c25841a9dd84bed9e,direct-framework-reference,,java/util/ArrayList,definition-present,yes-static,2352,158,unknown,fd-com-kunzisoft-keepass-libre-evidence.json#/rows/1295,False,unknown
fd-com-kunzisoft-keepass-libre,862f87a30baef06181f049adf7c460611605b25a807eaf3c25841a9dd84bed9e,direct-framework-reference,,java/util/Arrays,definition-present,yes-static,675,11,unknown,fd-com-kunzisoft-keepass-libre-evidence.json#/rows/1296,False,unknown
fd-com-kunzisoft-keepass-libre,862f87a30baef06181f049adf7c460611605b25a807eaf3c25841a9dd84bed9e,direct-framework-reference,,java/util/BitSet,definition-present,unknown,12,0,unknown,fd-com-kunzisoft-keepass-libre-evidence.json#/rows/1297,False,unknown
fd-com-kunzisoft-keepass-libre,862f87a30baef06181f049adf7c460611605b25a807eaf3c25841a9dd84bed9e,direct-framework-reference,,java/util/Calendar,definition-present,unknown,54,0,unknown,fd-com-kunzisoft-keepass-libre-evidence.json#/rows/1298,False,unknown
fd-com-kunzisoft-keepass-libre,862f87a30baef06181f049adf7c460611605b25a807eaf3c25841a9dd84bed9e,direct-framework-reference,,java/util/Collection,definition-present,yes-static,1473,49,unknown,fd-com-kunzisoft-keepass-libre-evidence.json#/rows/1299,False,unknown
fd-com-kunzisoft-keepass-libre,862f87a30baef06181f049adf7c460611605b25a807eaf3c25841a9dd84bed9e,direct-framework-reference,,java/util/Collections,definition-present,yes-static,316,22,unknown,fd-com-kunzisoft-keepass-libre-evidence.json#/rows/1300,False,unknown
fd-com-kunzisoft-keepass-libre,862f87a30baef06181f049adf7c460611605b25a807eaf3c25841a9dd84bed9e,direct-framework-reference,,java/util/Comparator,definition-present,yes-static,408,6,unknown,fd-com-kunzisoft-keepass-libre-evidence.json#/rows/1301,False,unknown
fd-com-kunzisoft-keepass-libre,862f87a30baef06181f049adf7c460611605b25a807eaf3c25841a9dd84bed9e,direct-framework-reference,,java/util/ConcurrentModificationException,definition-present,yes-static,9,4,unknown,fd-com-kunzisoft-keepass-libre-evidence.json#/rows/1302,False,unknown
fd-com-kunzisoft-keepass-libre,862f87a30baef06181f049adf7c460611605b25a807eaf3c25841a9dd84bed9e,direct-framework-reference,,java/util/Date,definition-present,unknown,335,0,unknown,fd-com-kunzisoft-keepass-libre-evidence.json#/rows/1303,False,unknown
fd-com-kunzisoft-keepass-libre,862f87a30baef06181f049adf7c460611605b25a807eaf3c25841a9dd84bed9e,direct-framework-reference,,java/util/Deque,definition-present,unknown,4,0,unknown,fd-com-kunzisoft-keepass-libre-evidence.json#/rows/1304,False,unknown
fd-com-kunzisoft-keepass-libre,862f87a30baef06181f049adf7c460611605b25a807eaf3c25841a9dd84bed9e,direct-framework-reference,,java/util/EnumSet,definition-present,unknown,11,0,unknown,fd-com-kunzisoft-keepass-libre-evidence.json#/rows/1305,False,unknown
fd-com-kunzisoft-keepass-libre,862f87a30baef06181f049adf7c460611605b25a807eaf3c25841a9dd84bed9e,direct-framework-reference,,java/util/Enumeration,definition-present,unknown,285,0,unknown,fd-com-kunzisoft-keepass-libre-evidence.json#/rows/1306,False,unknown
fd-com-kunzisoft-keepass-libre,862f87a30baef06181f049adf7c460611605b25a807eaf3c25841a9dd84bed9e,direct-framework-reference,,java/util/GregorianCalendar,definition-present,unknown,5,0,unknown,fd-com-kunzisoft-keepass-libre-evidence.json#/rows/1307,False,unknown
fd-com-kunzisoft-keepass-libre,862f87a30baef06181f049adf7c460611605b25a807eaf3c25841a9dd84bed9e,direct-framework-reference,,java/util/HashMap,definition-present,yes-static,659,49,unknown,fd-com-kunzisoft-keepass-libre-evidence.json#/rows/1308,False,unknown
fd-com-kunzisoft-keepass-libre,862f87a30baef06181f049adf7c460611605b25a807eaf3c25841a9dd84bed9e,direct-framework-reference,,java/util/HashSet,definition-present,yes-static,342,9,unknown,fd-com-kunzisoft-keepass-libre-evidence.json#/rows/1309,False,unknown
fd-com-kunzisoft-keepass-libre,862f87a30baef06181f049adf7c460611605b25a807eaf3c25841a9dd84bed9e,direct-framework-reference,,java/util/Hashtable,definition-present,unknown,304,0,unknown,fd-com-kunzisoft-keepass-libre-evidence.json#/rows/1310,False,unknown
fd-com-kunzisoft-keepass-libre,862f87a30baef06181f049adf7c460611605b25a807eaf3c25841a9dd84bed9e,direct-framework-reference,,java/util/IdentityHashMap,definition-present,yes-static,11,1,unknown,fd-com-kunzisoft-keepass-libre-evidence.json#/rows/1311,False,unknown
fd-com-kunzisoft-keepass-libre,862f87a30baef06181f049adf7c460611605b25a807eaf3c25841a9dd84bed9e,direct-framework-reference,,java/util/Iterator,definition-present,yes-static,2055,107,unknown,fd-com-kunzisoft-keepass-libre-evidence.json#/rows/1312,False,unknown
fd-com-kunzisoft-keepass-libre,862f87a30baef06181f049adf7c460611605b25a807eaf3c25841a9dd84bed9e,direct-framework-reference,,java/util/LinkedHashMap,definition-present,yes-static,249,12,unknown,fd-com-kunzisoft-keepass-libre-evidence.json#/rows/1313,False,unknown
fd-com-kunzisoft-keepass-libre,862f87a30baef06181f049adf7c460611605b25a807eaf3c25841a9dd84bed9e,direct-framework-reference,,java/util/LinkedHashSet,definition-present,yes-static,138,6,unknown,fd-com-kunzisoft-keepass-libre-evidence.json#/rows/1314,False,unknown
fd-com-kunzisoft-keepass-libre,862f87a30baef06181f049adf7c460611605b25a807eaf3c25841a9dd84bed9e,direct-framework-reference,,java/util/LinkedList,definition-present,unknown,25,0,unknown,fd-com-kunzisoft-keepass-libre-evidence.json#/rows/1315,False,unknown
fd-com-kunzisoft-keepass-libre,862f87a30baef06181f049adf7c460611605b25a807eaf3c25841a9dd84bed9e,direct-framework-reference,,java/util/List,definition-present,yes-static,4066,131,unknown,fd-com-kunzisoft-keepass-libre-evidence.json#/rows/1316,False,unknown
fd-com-kunzisoft-keepass-libre,862f87a30baef06181f049adf7c460611605b25a807eaf3c25841a9dd84bed9e,direct-framework-reference,,java/util/ListIterator,definition-present,yes-static,63,2,unknown,fd-com-kunzisoft-keepass-libre-evidence.json#/rows/1317,False,unknown
fd-com-kunzisoft-keepass-libre,862f87a30baef06181f049adf7c460611605b25a807eaf3c25841a9dd84bed9e,direct-framework-reference,,java/util/Locale,definition-present,yes-static,402,28,unknown,fd-com-kunzisoft-keepass-libre-evidence.json#/rows/1318,False,unknown
fd-com-kunzisoft-keepass-libre,862f87a30baef06181f049adf7c460611605b25a807eaf3c25841a9dd84bed9e,direct-framework-reference,,java/util/Locale$Category,definition-present,unknown,3,0,unknown,fd-com-kunzisoft-keepass-libre-evidence.json#/rows/1319,False,unknown
fd-com-kunzisoft-keepass-libre,862f87a30baef06181f049adf7c460611605b25a807eaf3c25841a9dd84bed9e,direct-framework-reference,,java/util/Map,definition-present,yes-static,1593,77,unknown,fd-com-kunzisoft-keepass-libre-evidence.json#/rows/1320,False,unknown
fd-com-kunzisoft-keepass-libre,862f87a30baef06181f049adf7c460611605b25a807eaf3c25841a9dd84bed9e,direct-framework-reference,,java/util/Map$Entry,definition-present,yes-static,182,21,unknown,fd-com-kunzisoft-keepass-libre-evidence.json#/rows/1321,False,unknown
fd-com-kunzisoft-keepass-libre,862f87a30baef06181f049adf7c460611605b25a807eaf3c25841a9dd84bed9e,direct-framework-reference,,java/util/NavigableSet,definition-present,unknown,2,0,unknown,fd-com-kunzisoft-keepass-libre-evidence.json#/rows/1322,False,unknown
fd-com-kunzisoft-keepass-libre,862f87a30baef06181f049adf7c460611605b25a807eaf3c25841a9dd84bed9e,direct-framework-reference,,java/util/NoSuchElementException,definition-present,yes-static,441,4,unknown,fd-com-kunzisoft-keepass-libre-evidence.json#/rows/1323,False,unknown
fd-com-kunzisoft-keepass-libre,862f87a30baef06181f049adf7c460611605b25a807eaf3c25841a9dd84bed9e,direct-framework-reference,,java/util/Objects,definition-present,yes-static,308,3,unknown,fd-com-kunzisoft-keepass-libre-evidence.json#/rows/1324,False,unknown
fd-com-kunzisoft-keepass-libre,862f87a30baef06181f049adf7c460611605b25a807eaf3c25841a9dd84bed9e,direct-framework-reference,,java/util/Optional,definition-present,unknown,33,0,unknown,fd-com-kunzisoft-keepass-libre-evidence.json#/rows/1325,False,unknown
fd-com-kunzisoft-keepass-libre,862f87a30baef06181f049adf7c460611605b25a807eaf3c25841a9dd84bed9e,direct-framework-reference,,java/util/PrimitiveIterator$OfDouble,definition-present,unknown,2,0,unknown,fd-com-kunzisoft-keepass-libre-evidence.json#/rows/1326,False,unknown
fd-com-kunzisoft-keepass-libre,862f87a30baef06181f049adf7c460611605b25a807eaf3c25841a9dd84bed9e,direct-framework-reference,,java/util/PrimitiveIterator$OfInt,definition-present,unknown,2,0,unknown,fd-com-kunzisoft-keepass-libre-evidence.json#/rows/1327,False,unknown
fd-com-kunzisoft-keepass-libre,862f87a30baef06181f049adf7c460611605b25a807eaf3c25841a9dd84bed9e,direct-framework-reference,,java/util/PrimitiveIterator$OfLong,definition-present,unknown,2,0,unknown,fd-com-kunzisoft-keepass-libre-evidence.json#/rows/1328,False,unknown
fd-com-kunzisoft-keepass-libre,862f87a30baef06181f049adf7c460611605b25a807eaf3c25841a9dd84bed9e,direct-framework-reference,,java/util/Properties,definition-present,unknown,8,0,unknown,fd-com-kunzisoft-keepass-libre-evidence.json#/rows/1329,False,unknown
fd-com-kunzisoft-keepass-libre,862f87a30baef06181f049adf7c460611605b25a807eaf3c25841a9dd84bed9e,direct-framework-reference,,java/util/Queue,definition-present,yes-static,16,1,unknown,fd-com-kunzisoft-keepass-libre-evidence.json#/rows/1330,False,unknown
fd-com-kunzisoft-keepass-libre,862f87a30baef06181f049adf7c460611605b25a807eaf3c25841a9dd84bed9e,direct-framework-reference,,java/util/Random,definition-present,yes-static,34,3,unknown,fd-com-kunzisoft-keepass-libre-evidence.json#/rows/1331,False,unknown
fd-com-kunzisoft-keepass-libre,862f87a30baef06181f049adf7c460611605b25a807eaf3c25841a9dd84bed9e,direct-framework-reference,,java/util/RandomAccess,definition-present,unknown,5,0,unknown,fd-com-kunzisoft-keepass-libre-evidence.json#/rows/1332,False,unknown
fd-com-kunzisoft-keepass-libre,862f87a30baef06181f049adf7c460611605b25a807eaf3c25841a9dd84bed9e,direct-framework-reference,,java/util/ResourceBundle,definition-present,unknown,22,0,unknown,fd-com-kunzisoft-keepass-libre-evidence.json#/rows/1333,False,unknown
fd-com-kunzisoft-keepass-libre,862f87a30baef06181f049adf7c460611605b25a807eaf3c25841a9dd84bed9e,direct-framework-reference,,java/util/Scanner,definition-present,unknown,1,0,unknown,fd-com-kunzisoft-keepass-libre-evidence.json#/rows/1334,False,unknown
fd-com-kunzisoft-keepass-libre,862f87a30baef06181f049adf7c460611605b25a807eaf3c25841a9dd84bed9e,direct-framework-reference,,java/util/ServiceLoader,definition-present,yes-static,3,1,unknown,fd-com-kunzisoft-keepass-libre-evidence.json#/rows/1335,False,unknown
fd-com-kunzisoft-keepass-libre,862f87a30baef06181f049adf7c460611605b25a807eaf3c25841a9dd84bed9e,direct-framework-reference,,java/util/Set,definition-present,yes-static,1397,61,unknown,fd-com-kunzisoft-keepass-libre-evidence.json#/rows/1336,False,unknown
fd-com-kunzisoft-keepass-libre,862f87a30baef06181f049adf7c460611605b25a807eaf3c25841a9dd84bed9e,direct-framework-reference,,java/util/SimpleTimeZone,definition-present,unknown,16,0,unknown,fd-com-kunzisoft-keepass-libre-evidence.json#/rows/1337,False,unknown
fd-com-kunzisoft-keepass-libre,862f87a30baef06181f049adf7c460611605b25a807eaf3c25841a9dd84bed9e,direct-framework-reference,,java/util/SortedMap,definition-present,unknown,7,0,unknown,fd-com-kunzisoft-keepass-libre-evidence.json#/rows/1338,False,unknown
fd-com-kunzisoft-keepass-libre,862f87a30baef06181f049adf7c460611605b25a807eaf3c25841a9dd84bed9e,direct-framework-reference,,java/util/SortedSet,definition-present,unknown,20,0,unknown,fd-com-kunzisoft-keepass-libre-evidence.json#/rows/1339,False,unknown
fd-com-kunzisoft-keepass-libre,862f87a30baef06181f049adf7c460611605b25a807eaf3c25841a9dd84bed9e,direct-framework-reference,,java/util/Spliterator,definition-present,unknown,38,0,unknown,fd-com-kunzisoft-keepass-libre-evidence.json#/rows/1340,False,unknown
fd-com-kunzisoft-keepass-libre,862f87a30baef06181f049adf7c460611605b25a807eaf3c25841a9dd84bed9e,direct-framework-reference,,java/util/Spliterators,definition-present,unknown,1,0,unknown,fd-com-kunzisoft-keepass-libre-evidence.json#/rows/1341,False,unknown
fd-com-kunzisoft-keepass-libre,862f87a30baef06181f049adf7c460611605b25a807eaf3c25841a9dd84bed9e,direct-framework-reference,,java/util/Stack,definition-present,unknown,23,0,unknown,fd-com-kunzisoft-keepass-libre-evidence.json#/rows/1342,False,unknown
fd-com-kunzisoft-keepass-libre,862f87a30baef06181f049adf7c460611605b25a807eaf3c25841a9dd84bed9e,direct-framework-reference,,java/util/StringTokenizer,definition-present,unknown,13,0,unknown,fd-com-kunzisoft-keepass-libre-evidence.json#/rows/1343,False,unknown
fd-com-kunzisoft-keepass-libre,862f87a30baef06181f049adf7c460611605b25a807eaf3c25841a9dd84bed9e,direct-framework-reference,,java/util/TimeZone,definition-present,unknown,64,0,unknown,fd-com-kunzisoft-keepass-libre-evidence.json#/rows/1344,False,unknown
fd-com-kunzisoft-keepass-libre,862f87a30baef06181f049adf7c460611605b25a807eaf3c25841a9dd84bed9e,direct-framework-reference,,java/util/Timer,definition-present,unknown,15,0,unknown,fd-com-kunzisoft-keepass-libre-evidence.json#/rows/1345,False,unknown
fd-com-kunzisoft-keepass-libre,862f87a30baef06181f049adf7c460611605b25a807eaf3c25841a9dd84bed9e,direct-framework-reference,,java/util/TimerTask,definition-present,unknown,16,0,unknown,fd-com-kunzisoft-keepass-libre-evidence.json#/rows/1346,False,unknown
fd-com-kunzisoft-keepass-libre,862f87a30baef06181f049adf7c460611605b25a807eaf3c25841a9dd84bed9e,direct-framework-reference,,java/util/TreeMap,definition-present,unknown,43,0,unknown,fd-com-kunzisoft-keepass-libre-evidence.json#/rows/1347,False,unknown
fd-com-kunzisoft-keepass-libre,862f87a30baef06181f049adf7c460611605b25a807eaf3c25841a9dd84bed9e,direct-framework-reference,,java/util/TreeSet,definition-present,unknown,32,0,unknown,fd-com-kunzisoft-keepass-libre-evidence.json#/rows/1348,False,unknown
fd-com-kunzisoft-keepass-libre,862f87a30baef06181f049adf7c460611605b25a807eaf3c25841a9dd84bed9e,direct-framework-reference,,java/util/UUID,definition-present,yes-static,284,1,unknown,fd-com-kunzisoft-keepass-libre-evidence.json#/rows/1349,False,unknown
fd-com-kunzisoft-keepass-libre,862f87a30baef06181f049adf7c460611605b25a807eaf3c25841a9dd84bed9e,direct-framework-reference,,java/util/Vector,definition-present,unknown,120,0,unknown,fd-com-kunzisoft-keepass-libre-evidence.json#/rows/1350,False,unknown
fd-com-kunzisoft-keepass-libre,862f87a30baef06181f049adf7c460611605b25a807eaf3c25841a9dd84bed9e,direct-framework-reference,,java/util/WeakHashMap,definition-present,yes-static,51,18,unknown,fd-com-kunzisoft-keepass-libre-evidence.json#/rows/1351,False,unknown
fd-com-kunzisoft-keepass-libre,862f87a30baef06181f049adf7c460611605b25a807eaf3c25841a9dd84bed9e,direct-framework-reference,,java/util/concurrent/BlockingQueue,definition-present,yes-static,18,1,unknown,fd-com-kunzisoft-keepass-libre-evidence.json#/rows/1352,False,unknown
fd-com-kunzisoft-keepass-libre,862f87a30baef06181f049adf7c460611605b25a807eaf3c25841a9dd84bed9e,direct-framework-reference,,java/util/concurrent/Callable,definition-present,yes-static,38,5,unknown,fd-com-kunzisoft-keepass-libre-evidence.json#/rows/1353,False,unknown
fd-com-kunzisoft-keepass-libre,862f87a30baef06181f049adf7c460611605b25a807eaf3c25841a9dd84bed9e,direct-framework-reference,,java/util/concurrent/CancellationException,definition-present,yes-static,103,7,unknown,fd-com-kunzisoft-keepass-libre-evidence.json#/rows/1354,False,unknown
fd-com-kunzisoft-keepass-libre,862f87a30baef06181f049adf7c460611605b25a807eaf3c25841a9dd84bed9e,direct-framework-reference,,java/util/concurrent/CompletableFuture,definition-present,unknown,23,0,unknown,fd-com-kunzisoft-keepass-libre-evidence.json#/rows/1355,False,unknown
fd-com-kunzisoft-keepass-libre,862f87a30baef06181f049adf7c460611605b25a807eaf3c25841a9dd84bed9e,direct-framework-reference,,java/util/concurrent/CompletionException,definition-present,unknown,5,0,unknown,fd-com-kunzisoft-keepass-libre-evidence.json#/rows/1356,False,unknown
fd-com-kunzisoft-keepass-libre,862f87a30baef06181f049adf7c460611605b25a807eaf3c25841a9dd84bed9e,direct-framework-reference,,java/util/concurrent/CompletionStage,definition-present,unknown,4,0,unknown,fd-com-kunzisoft-keepass-libre-evidence.json#/rows/1357,False,unknown
fd-com-kunzisoft-keepass-libre,862f87a30baef06181f049adf7c460611605b25a807eaf3c25841a9dd84bed9e,direct-framework-reference,,java/util/concurrent/ConcurrentHashMap,definition-present,yes-static,43,4,unknown,fd-com-kunzisoft-keepass-libre-evidence.json#/rows/1358,False,unknown
fd-com-kunzisoft-keepass-libre,862f87a30baef06181f049adf7c460611605b25a807eaf3c25841a9dd84bed9e,direct-framework-reference,,java/util/concurrent/ConcurrentLinkedQueue,definition-present,unknown,3,0,unknown,fd-com-kunzisoft-keepass-libre-evidence.json#/rows/1359,False,unknown
fd-com-kunzisoft-keepass-libre,862f87a30baef06181f049adf7c460611605b25a807eaf3c25841a9dd84bed9e,direct-framework-reference,,java/util/concurrent/ConcurrentMap,definition-present,unknown,13,0,unknown,fd-com-kunzisoft-keepass-libre-evidence.json#/rows/1360,False,unknown
fd-com-kunzisoft-keepass-libre,862f87a30baef06181f049adf7c460611605b25a807eaf3c25841a9dd84bed9e,direct-framework-reference,,java/util/concurrent/CopyOnWriteArrayList,definition-present,yes-static,90,27,unknown,fd-com-kunzisoft-keepass-libre-evidence.json#/rows/1361,False,unknown
fd-com-kunzisoft-keepass-libre,862f87a30baef06181f049adf7c460611605b25a807eaf3c25841a9dd84bed9e,direct-framework-reference,,java/util/concurrent/CopyOnWriteArraySet,definition-present,yes-static,6,1,unknown,fd-com-kunzisoft-keepass-libre-evidence.json#/rows/1362,False,unknown
fd-com-kunzisoft-keepass-libre,862f87a30baef06181f049adf7c460611605b25a807eaf3c25841a9dd84bed9e,direct-framework-reference,,java/util/concurrent/CountDownLatch,definition-present,unknown,4,0,unknown,fd-com-kunzisoft-keepass-libre-evidence.json#/rows/1363,False,unknown
fd-com-kunzisoft-keepass-libre,862f87a30baef06181f049adf7c460611605b25a807eaf3c25841a9dd84bed9e,direct-framework-reference,,java/util/concurrent/ExecutionException,definition-present,unknown,7,0,unknown,fd-com-kunzisoft-keepass-libre-evidence.json#/rows/1364,False,unknown
fd-com-kunzisoft-keepass-libre,862f87a30baef06181f049adf7c460611605b25a807eaf3c25841a9dd84bed9e,direct-framework-reference,,java/util/concurrent/Executor,definition-present,yes-static,242,5,unknown,fd-com-kunzisoft-keepass-libre-evidence.json#/rows/1365,False,unknown
fd-com-kunzisoft-keepass-libre,862f87a30baef06181f049adf7c460611605b25a807eaf3c25841a9dd84bed9e,direct-framework-reference,,java/util/concurrent/ExecutorService,definition-present,yes-static,24,2,unknown,fd-com-kunzisoft-keepass-libre-evidence.json#/rows/1366,False,unknown
fd-com-kunzisoft-keepass-libre,862f87a30baef06181f049adf7c460611605b25a807eaf3c25841a9dd84bed9e,direct-framework-reference,,java/util/concurrent/Executors,definition-present,unknown,8,0,unknown,fd-com-kunzisoft-keepass-libre-evidence.json#/rows/1367,False,unknown
fd-com-kunzisoft-keepass-libre,862f87a30baef06181f049adf7c460611605b25a807eaf3c25841a9dd84bed9e,direct-framework-reference,,java/util/concurrent/ForkJoinPool,definition-present,unknown,1,0,unknown,fd-com-kunzisoft-keepass-libre-evidence.json#/rows/1368,False,unknown
fd-com-kunzisoft-keepass-libre,862f87a30baef06181f049adf7c460611605b25a807eaf3c25841a9dd84bed9e,direct-framework-reference,,java/util/concurrent/Future,definition-present,yes-static,23,2,unknown,fd-com-kunzisoft-keepass-libre-evidence.json#/rows/1369,False,unknown
fd-com-kunzisoft-keepass-libre,862f87a30baef06181f049adf7c460611605b25a807eaf3c25841a9dd84bed9e,direct-framework-reference,,java/util/concurrent/FutureTask,definition-present,unknown,8,0,unknown,fd-com-kunzisoft-keepass-libre-evidence.json#/rows/1370,False,unknown
fd-com-kunzisoft-keepass-libre,862f87a30baef06181f049adf7c460611605b25a807eaf3c25841a9dd84bed9e,direct-framework-reference,,java/util/concurrent/LinkedBlockingDeque,definition-present,yes-static,2,1,unknown,fd-com-kunzisoft-keepass-libre-evidence.json#/rows/1371,False,unknown
fd-com-kunzisoft-keepass-libre,862f87a30baef06181f049adf7c460611605b25a807eaf3c25841a9dd84bed9e,direct-framework-reference,,java/util/concurrent/LinkedBlockingQueue,definition-present,unknown,6,0,unknown,fd-com-kunzisoft-keepass-libre-evidence.json#/rows/1372,False,unknown
fd-com-kunzisoft-keepass-libre,862f87a30baef06181f049adf7c460611605b25a807eaf3c25841a9dd84bed9e,direct-framework-reference,,java/util/concurrent/RejectedExecutionException,definition-present,unknown,7,0,unknown,fd-com-kunzisoft-keepass-libre-evidence.json#/rows/1373,False,unknown
fd-com-kunzisoft-keepass-libre,862f87a30baef06181f049adf7c460611605b25a807eaf3c25841a9dd84bed9e,direct-framework-reference,,java/util/concurrent/ScheduledExecutorService,definition-present,unknown,4,0,unknown,fd-com-kunzisoft-keepass-libre-evidence.json#/rows/1374,False,unknown
fd-com-kunzisoft-keepass-libre,862f87a30baef06181f049adf7c460611605b25a807eaf3c25841a9dd84bed9e,direct-framework-reference,,java/util/concurrent/ScheduledFuture,definition-present,unknown,4,0,unknown,fd-com-kunzisoft-keepass-libre-evidence.json#/rows/1375,False,unknown
fd-com-kunzisoft-keepass-libre,862f87a30baef06181f049adf7c460611605b25a807eaf3c25841a9dd84bed9e,direct-framework-reference,,java/util/concurrent/ScheduledThreadPoolExecutor,definition-present,unknown,2,0,unknown,fd-com-kunzisoft-keepass-libre-evidence.json#/rows/1376,False,unknown
fd-com-kunzisoft-keepass-libre,862f87a30baef06181f049adf7c460611605b25a807eaf3c25841a9dd84bed9e,direct-framework-reference,,java/util/concurrent/ThreadFactory,definition-present,yes-static,9,1,unknown,fd-com-kunzisoft-keepass-libre-evidence.json#/rows/1377,False,unknown
fd-com-kunzisoft-keepass-libre,862f87a30baef06181f049adf7c460611605b25a807eaf3c25841a9dd84bed9e,direct-framework-reference,,java/util/concurrent/ThreadLocalRandom,definition-present,unknown,10,0,unknown,fd-com-kunzisoft-keepass-libre-evidence.json#/rows/1378,False,unknown
fd-com-kunzisoft-keepass-libre,862f87a30baef06181f049adf7c460611605b25a807eaf3c25841a9dd84bed9e,direct-framework-reference,,java/util/concurrent/ThreadPoolExecutor,definition-present,yes-static,15,2,unknown,fd-com-kunzisoft-keepass-libre-evidence.json#/rows/1379,False,unknown
fd-com-kunzisoft-keepass-libre,862f87a30baef06181f049adf7c460611605b25a807eaf3c25841a9dd84bed9e,direct-framework-reference,,java/util/concurrent/TimeUnit,definition-present,yes-static,39,2,unknown,fd-com-kunzisoft-keepass-libre-evidence.json#/rows/1380,False,unknown
fd-com-kunzisoft-keepass-libre,862f87a30baef06181f049adf7c460611605b25a807eaf3c25841a9dd84bed9e,direct-framework-reference,,java/util/concurrent/TimeoutException,definition-present,unknown,3,0,unknown,fd-com-kunzisoft-keepass-libre-evidence.json#/rows/1381,False,unknown
fd-com-kunzisoft-keepass-libre,862f87a30baef06181f049adf7c460611605b25a807eaf3c25841a9dd84bed9e,direct-framework-reference,,java/util/concurrent/atomic/AtomicBoolean,definition-present,yes-static,69,2,unknown,fd-com-kunzisoft-keepass-libre-evidence.json#/rows/1382,False,unknown
fd-com-kunzisoft-keepass-libre,862f87a30baef06181f049adf7c460611605b25a807eaf3c25841a9dd84bed9e,direct-framework-reference,,java/util/concurrent/atomic/AtomicInteger,definition-present,yes-static,39,6,unknown,fd-com-kunzisoft-keepass-libre-evidence.json#/rows/1383,False,unknown
fd-com-kunzisoft-keepass-libre,862f87a30baef06181f049adf7c460611605b25a807eaf3c25841a9dd84bed9e,direct-framework-reference,,java/util/concurrent/atomic/AtomicIntegerArray,definition-present,unknown,1,0,unknown,fd-com-kunzisoft-keepass-libre-evidence.json#/rows/1384,False,unknown
fd-com-kunzisoft-keepass-libre,862f87a30baef06181f049adf7c460611605b25a807eaf3c25841a9dd84bed9e,direct-framework-reference,,java/util/concurrent/atomic/AtomicIntegerFieldUpdater,definition-present,yes-static,120,1,unknown,fd-com-kunzisoft-keepass-libre-evidence.json#/rows/1385,False,unknown
fd-com-kunzisoft-keepass-libre,862f87a30baef06181f049adf7c460611605b25a807eaf3c25841a9dd84bed9e,direct-framework-reference,,java/util/concurrent/atomic/AtomicLong,definition-present,yes-static,4,1,unknown,fd-com-kunzisoft-keepass-libre-evidence.json#/rows/1386,False,unknown
fd-com-kunzisoft-keepass-libre,862f87a30baef06181f049adf7c460611605b25a807eaf3c25841a9dd84bed9e,direct-framework-reference,,java/util/concurrent/atomic/AtomicLongFieldUpdater,definition-present,unknown,103,0,unknown,fd-com-kunzisoft-keepass-libre-evidence.json#/rows/1387,False,unknown
fd-com-kunzisoft-keepass-libre,862f87a30baef06181f049adf7c460611605b25a807eaf3c25841a9dd84bed9e,direct-framework-reference,,java/util/concurrent/atomic/AtomicReference,definition-present,yes-static,58,10,unknown,fd-com-kunzisoft-keepass-libre-evidence.json#/rows/1388,False,unknown
fd-com-kunzisoft-keepass-libre,862f87a30baef06181f049adf7c460611605b25a807eaf3c25841a9dd84bed9e,direct-framework-reference,,java/util/concurrent/atomic/AtomicReferenceArray,definition-present,unknown,55,0,unknown,fd-com-kunzisoft-keepass-libre-evidence.json#/rows/1389,False,unknown
fd-com-kunzisoft-keepass-libre,862f87a30baef06181f049adf7c460611605b25a807eaf3c25841a9dd84bed9e,direct-framework-reference,,java/util/concurrent/atomic/AtomicReferenceFieldUpdater,definition-present,yes-static,226,15,unknown,fd-com-kunzisoft-keepass-libre-evidence.json#/rows/1390,False,unknown
fd-com-kunzisoft-keepass-libre,862f87a30baef06181f049adf7c460611605b25a807eaf3c25841a9dd84bed9e,direct-framework-reference,,java/util/concurrent/locks/Condition,definition-present,unknown,6,0,unknown,fd-com-kunzisoft-keepass-libre-evidence.json#/rows/1391,False,unknown
fd-com-kunzisoft-keepass-libre,862f87a30baef06181f049adf7c460611605b25a807eaf3c25841a9dd84bed9e,direct-framework-reference,,java/util/concurrent/locks/Lock,definition-present,yes-static,43,2,unknown,fd-com-kunzisoft-keepass-libre-evidence.json#/rows/1392,False,unknown
fd-com-kunzisoft-keepass-libre,862f87a30baef06181f049adf7c460611605b25a807eaf3c25841a9dd84bed9e,direct-framework-reference,,java/util/concurrent/locks/LockSupport,definition-present,unknown,15,0,unknown,fd-com-kunzisoft-keepass-libre-evidence.json#/rows/1393,False,unknown
fd-com-kunzisoft-keepass-libre,862f87a30baef06181f049adf7c460611605b25a807eaf3c25841a9dd84bed9e,direct-framework-reference,,java/util/concurrent/locks/ReadWriteLock,definition-present,yes-static,7,2,unknown,fd-com-kunzisoft-keepass-libre-evidence.json#/rows/1394,False,unknown
fd-com-kunzisoft-keepass-libre,862f87a30baef06181f049adf7c460611605b25a807eaf3c25841a9dd84bed9e,direct-framework-reference,,java/util/concurrent/locks/ReentrantLock,definition-present,unknown,47,0,unknown,fd-com-kunzisoft-keepass-libre-evidence.json#/rows/1395,False,unknown
fd-com-kunzisoft-keepass-libre,862f87a30baef06181f049adf7c460611605b25a807eaf3c25841a9dd84bed9e,direct-framework-reference,,java/util/concurrent/locks/ReentrantReadWriteLock,definition-present,yes-static,8,1,unknown,fd-com-kunzisoft-keepass-libre-evidence.json#/rows/1396,False,unknown
fd-com-kunzisoft-keepass-libre,862f87a30baef06181f049adf7c460611605b25a807eaf3c25841a9dd84bed9e,direct-framework-reference,,java/util/concurrent/locks/ReentrantReadWriteLock$ReadLock,definition-present,unknown,3,0,unknown,fd-com-kunzisoft-keepass-libre-evidence.json#/rows/1397,False,unknown
fd-com-kunzisoft-keepass-libre,862f87a30baef06181f049adf7c460611605b25a807eaf3c25841a9dd84bed9e,direct-framework-reference,,java/util/concurrent/locks/ReentrantReadWriteLock$WriteLock,definition-present,unknown,2,0,unknown,fd-com-kunzisoft-keepass-libre-evidence.json#/rows/1398,False,unknown
fd-com-kunzisoft-keepass-libre,862f87a30baef06181f049adf7c460611605b25a807eaf3c25841a9dd84bed9e,direct-framework-reference,,java/util/function/BiConsumer,definition-present,unknown,4,0,unknown,fd-com-kunzisoft-keepass-libre-evidence.json#/rows/1399,False,unknown
fd-com-kunzisoft-keepass-libre,862f87a30baef06181f049adf7c460611605b25a807eaf3c25841a9dd84bed9e,direct-framework-reference,,java/util/function/BiFunction,definition-present,yes-static,54,3,unknown,fd-com-kunzisoft-keepass-libre-evidence.json#/rows/1400,False,unknown
fd-com-kunzisoft-keepass-libre,862f87a30baef06181f049adf7c460611605b25a807eaf3c25841a9dd84bed9e,direct-framework-reference,,java/util/function/BiPredicate,definition-present,unknown,2,0,unknown,fd-com-kunzisoft-keepass-libre-evidence.json#/rows/1401,False,unknown
fd-com-kunzisoft-keepass-libre,862f87a30baef06181f049adf7c460611605b25a807eaf3c25841a9dd84bed9e,direct-framework-reference,,java/util/function/BinaryOperator,definition-present,unknown,8,0,unknown,fd-com-kunzisoft-keepass-libre-evidence.json#/rows/1402,False,unknown
fd-com-kunzisoft-keepass-libre,862f87a30baef06181f049adf7c460611605b25a807eaf3c25841a9dd84bed9e,direct-framework-reference,,java/util/function/BooleanSupplier,definition-present,unknown,10,0,unknown,fd-com-kunzisoft-keepass-libre-evidence.json#/rows/1403,False,unknown
fd-com-kunzisoft-keepass-libre,862f87a30baef06181f049adf7c460611605b25a807eaf3c25841a9dd84bed9e,direct-framework-reference,,java/util/function/Consumer,definition-present,unknown,125,0,unknown,fd-com-kunzisoft-keepass-libre-evidence.json#/rows/1404,False,unknown
fd-com-kunzisoft-keepass-libre,862f87a30baef06181f049adf7c460611605b25a807eaf3c25841a9dd84bed9e,direct-framework-reference,,java/util/function/Function,definition-present,yes-static,207,8,unknown,fd-com-kunzisoft-keepass-libre-evidence.json#/rows/1405,False,unknown
fd-com-kunzisoft-keepass-libre,862f87a30baef06181f049adf7c460611605b25a807eaf3c25841a9dd84bed9e,direct-framework-reference,,java/util/function/IntConsumer,definition-present,unknown,6,0,unknown,fd-com-kunzisoft-keepass-libre-evidence.json#/rows/1406,False,unknown
fd-com-kunzisoft-keepass-libre,862f87a30baef06181f049adf7c460611605b25a807eaf3c25841a9dd84bed9e,direct-framework-reference,,java/util/function/IntFunction,definition-present,unknown,6,0,unknown,fd-com-kunzisoft-keepass-libre-evidence.json#/rows/1407,False,unknown
fd-com-kunzisoft-keepass-libre,862f87a30baef06181f049adf7c460611605b25a807eaf3c25841a9dd84bed9e,direct-framework-reference,,java/util/function/IntPredicate,definition-present,unknown,11,0,unknown,fd-com-kunzisoft-keepass-libre-evidence.json#/rows/1408,False,unknown
fd-com-kunzisoft-keepass-libre,862f87a30baef06181f049adf7c460611605b25a807eaf3c25841a9dd84bed9e,direct-framework-reference,,java/util/function/IntSupplier,definition-present,unknown,4,0,unknown,fd-com-kunzisoft-keepass-libre-evidence.json#/rows/1409,False,unknown
fd-com-kunzisoft-keepass-libre,862f87a30baef06181f049adf7c460611605b25a807eaf3c25841a9dd84bed9e,direct-framework-reference,,java/util/function/IntUnaryOperator,definition-present,unknown,6,0,unknown,fd-com-kunzisoft-keepass-libre-evidence.json#/rows/1410,False,unknown
fd-com-kunzisoft-keepass-libre,862f87a30baef06181f049adf7c460611605b25a807eaf3c25841a9dd84bed9e,direct-framework-reference,,java/util/function/LongSupplier,definition-present,unknown,2,0,unknown,fd-com-kunzisoft-keepass-libre-evidence.json#/rows/1411,False,unknown
fd-com-kunzisoft-keepass-libre,862f87a30baef06181f049adf7c460611605b25a807eaf3c25841a9dd84bed9e,direct-framework-reference,,java/util/function/Predicate,definition-present,unknown,50,0,unknown,fd-com-kunzisoft-keepass-libre-evidence.json#/rows/1412,False,unknown
fd-com-kunzisoft-keepass-libre,862f87a30baef06181f049adf7c460611605b25a807eaf3c25841a9dd84bed9e,direct-framework-reference,,java/util/function/Supplier,definition-present,unknown,120,0,unknown,fd-com-kunzisoft-keepass-libre-evidence.json#/rows/1413,False,unknown
fd-com-kunzisoft-keepass-libre,862f87a30baef06181f049adf7c460611605b25a807eaf3c25841a9dd84bed9e,direct-framework-reference,,java/util/function/ToDoubleFunction,definition-present,unknown,3,0,unknown,fd-com-kunzisoft-keepass-libre-evidence.json#/rows/1414,False,unknown
fd-com-kunzisoft-keepass-libre,862f87a30baef06181f049adf7c460611605b25a807eaf3c25841a9dd84bed9e,direct-framework-reference,,java/util/function/ToIntFunction,definition-present,unknown,3,0,unknown,fd-com-kunzisoft-keepass-libre-evidence.json#/rows/1415,False,unknown
fd-com-kunzisoft-keepass-libre,862f87a30baef06181f049adf7c460611605b25a807eaf3c25841a9dd84bed9e,direct-framework-reference,,java/util/function/ToLongFunction,definition-present,unknown,2,0,unknown,fd-com-kunzisoft-keepass-libre-evidence.json#/rows/1416,False,unknown
fd-com-kunzisoft-keepass-libre,862f87a30baef06181f049adf7c460611605b25a807eaf3c25841a9dd84bed9e,direct-framework-reference,,java/util/function/UnaryOperator,definition-present,unknown,12,0,unknown,fd-com-kunzisoft-keepass-libre-evidence.json#/rows/1417,False,unknown
fd-com-kunzisoft-keepass-libre,862f87a30baef06181f049adf7c460611605b25a807eaf3c25841a9dd84bed9e,direct-framework-reference,,java/util/jar/JarFile,definition-present,unknown,2,0,unknown,fd-com-kunzisoft-keepass-libre-evidence.json#/rows/1418,False,unknown
fd-com-kunzisoft-keepass-libre,862f87a30baef06181f049adf7c460611605b25a807eaf3c25841a9dd84bed9e,direct-framework-reference,,java/util/logging/Level,definition-present,unknown,13,0,unknown,fd-com-kunzisoft-keepass-libre-evidence.json#/rows/1419,False,unknown
fd-com-kunzisoft-keepass-libre,862f87a30baef06181f049adf7c460611605b25a807eaf3c25841a9dd84bed9e,direct-framework-reference,,java/util/logging/Logger,definition-present,unknown,39,0,unknown,fd-com-kunzisoft-keepass-libre-evidence.json#/rows/1420,False,unknown
fd-com-kunzisoft-keepass-libre,862f87a30baef06181f049adf7c460611605b25a807eaf3c25841a9dd84bed9e,direct-framework-reference,,java/util/regex/MatchResult,definition-present,unknown,20,0,unknown,fd-com-kunzisoft-keepass-libre-evidence.json#/rows/1421,False,unknown
fd-com-kunzisoft-keepass-libre,862f87a30baef06181f049adf7c460611605b25a807eaf3c25841a9dd84bed9e,direct-framework-reference,,java/util/regex/Matcher,definition-present,yes-static,52,2,unknown,fd-com-kunzisoft-keepass-libre-evidence.json#/rows/1422,False,unknown
fd-com-kunzisoft-keepass-libre,862f87a30baef06181f049adf7c460611605b25a807eaf3c25841a9dd84bed9e,direct-framework-reference,,java/util/regex/Pattern,definition-present,yes-static,97,6,unknown,fd-com-kunzisoft-keepass-libre-evidence.json#/rows/1423,False,unknown
fd-com-kunzisoft-keepass-libre,862f87a30baef06181f049adf7c460611605b25a807eaf3c25841a9dd84bed9e,direct-framework-reference,,java/util/stream/BaseStream,definition-present,unknown,60,0,unknown,fd-com-kunzisoft-keepass-libre-evidence.json#/rows/1424,False,unknown
fd-com-kunzisoft-keepass-libre,862f87a30baef06181f049adf7c460611605b25a807eaf3c25841a9dd84bed9e,direct-framework-reference,,java/util/stream/Collector,definition-present,unknown,21,0,unknown,fd-com-kunzisoft-keepass-libre-evidence.json#/rows/1425,False,unknown
fd-com-kunzisoft-keepass-libre,862f87a30baef06181f049adf7c460611605b25a807eaf3c25841a9dd84bed9e,direct-framework-reference,,java/util/stream/Collectors,definition-present,unknown,2,0,unknown,fd-com-kunzisoft-keepass-libre-evidence.json#/rows/1426,False,unknown
fd-com-kunzisoft-keepass-libre,862f87a30baef06181f049adf7c460611605b25a807eaf3c25841a9dd84bed9e,direct-framework-reference,,java/util/stream/DoubleStream,definition-present,unknown,15,0,unknown,fd-com-kunzisoft-keepass-libre-evidence.json#/rows/1427,False,unknown
fd-com-kunzisoft-keepass-libre,862f87a30baef06181f049adf7c460611605b25a807eaf3c25841a9dd84bed9e,direct-framework-reference,,java/util/stream/IntStream,definition-present,unknown,25,0,unknown,fd-com-kunzisoft-keepass-libre-evidence.json#/rows/1428,False,unknown
fd-com-kunzisoft-keepass-libre,862f87a30baef06181f049adf7c460611605b25a807eaf3c25841a9dd84bed9e,direct-framework-reference,,java/util/stream/LongStream,definition-present,unknown,15,0,unknown,fd-com-kunzisoft-keepass-libre-evidence.json#/rows/1429,False,unknown
fd-com-kunzisoft-keepass-libre,862f87a30baef06181f049adf7c460611605b25a807eaf3c25841a9dd84bed9e,direct-framework-reference,,java/util/stream/Stream,definition-present,unknown,194,0,unknown,fd-com-kunzisoft-keepass-libre-evidence.json#/rows/1430,False,unknown
fd-com-kunzisoft-keepass-libre,862f87a30baef06181f049adf7c460611605b25a807eaf3c25841a9dd84bed9e,direct-framework-reference,,java/util/stream/StreamSupport,definition-present,unknown,2,0,unknown,fd-com-kunzisoft-keepass-libre-evidence.json#/rows/1431,False,unknown
fd-com-kunzisoft-keepass-libre,862f87a30baef06181f049adf7c460611605b25a807eaf3c25841a9dd84bed9e,direct-framework-reference,,java/util/zip/CRC32,definition-present,yes-static,2,1,unknown,fd-com-kunzisoft-keepass-libre-evidence.json#/rows/1432,False,unknown
fd-com-kunzisoft-keepass-libre,862f87a30baef06181f049adf7c460611605b25a807eaf3c25841a9dd84bed9e,direct-framework-reference,,java/util/zip/CheckedInputStream,definition-present,unknown,3,0,unknown,fd-com-kunzisoft-keepass-libre-evidence.json#/rows/1433,False,unknown
fd-com-kunzisoft-keepass-libre,862f87a30baef06181f049adf7c460611605b25a807eaf3c25841a9dd84bed9e,direct-framework-reference,,java/util/zip/Checksum,definition-present,unknown,7,0,unknown,fd-com-kunzisoft-keepass-libre-evidence.json#/rows/1434,False,unknown
fd-com-kunzisoft-keepass-libre,862f87a30baef06181f049adf7c460611605b25a807eaf3c25841a9dd84bed9e,direct-framework-reference,,java/util/zip/DataFormatException,definition-present,unknown,1,0,unknown,fd-com-kunzisoft-keepass-libre-evidence.json#/rows/1435,False,unknown
fd-com-kunzisoft-keepass-libre,862f87a30baef06181f049adf7c460611605b25a807eaf3c25841a9dd84bed9e,direct-framework-reference,,java/util/zip/Deflater,definition-present,unknown,1,0,unknown,fd-com-kunzisoft-keepass-libre-evidence.json#/rows/1436,False,unknown
fd-com-kunzisoft-keepass-libre,862f87a30baef06181f049adf7c460611605b25a807eaf3c25841a9dd84bed9e,direct-framework-reference,,java/util/zip/DeflaterOutputStream,definition-present,unknown,2,0,unknown,fd-com-kunzisoft-keepass-libre-evidence.json#/rows/1437,False,unknown
fd-com-kunzisoft-keepass-libre,862f87a30baef06181f049adf7c460611605b25a807eaf3c25841a9dd84bed9e,direct-framework-reference,,java/util/zip/GZIPInputStream,definition-present,unknown,5,0,unknown,fd-com-kunzisoft-keepass-libre-evidence.json#/rows/1438,False,unknown
fd-com-kunzisoft-keepass-libre,862f87a30baef06181f049adf7c460611605b25a807eaf3c25841a9dd84bed9e,direct-framework-reference,,java/util/zip/GZIPOutputStream,definition-present,unknown,12,0,unknown,fd-com-kunzisoft-keepass-libre-evidence.json#/rows/1439,False,unknown
fd-com-kunzisoft-keepass-libre,862f87a30baef06181f049adf7c460611605b25a807eaf3c25841a9dd84bed9e,direct-framework-reference,,java/util/zip/Inflater,definition-present,unknown,1,0,unknown,fd-com-kunzisoft-keepass-libre-evidence.json#/rows/1440,False,unknown
fd-com-kunzisoft-keepass-libre,862f87a30baef06181f049adf7c460611605b25a807eaf3c25841a9dd84bed9e,direct-framework-reference,,java/util/zip/InflaterInputStream,definition-present,unknown,1,0,unknown,fd-com-kunzisoft-keepass-libre-evidence.json#/rows/1441,False,unknown
fd-com-kunzisoft-keepass-libre,862f87a30baef06181f049adf7c460611605b25a807eaf3c25841a9dd84bed9e,direct-framework-reference,,java/util/zip/ZipEntry,definition-present,yes-static,3,2,unknown,fd-com-kunzisoft-keepass-libre-evidence.json#/rows/1442,False,unknown
fd-com-kunzisoft-keepass-libre,862f87a30baef06181f049adf7c460611605b25a807eaf3c25841a9dd84bed9e,direct-framework-reference,,java/util/zip/ZipException,definition-present,yes-static,1,1,unknown,fd-com-kunzisoft-keepass-libre-evidence.json#/rows/1443,False,unknown
fd-com-kunzisoft-keepass-libre,862f87a30baef06181f049adf7c460611605b25a807eaf3c25841a9dd84bed9e,direct-framework-reference,,java/util/zip/ZipFile,definition-present,yes-static,5,2,unknown,fd-com-kunzisoft-keepass-libre-evidence.json#/rows/1444,False,unknown
fd-com-kunzisoft-keepass-libre,862f87a30baef06181f049adf7c460611605b25a807eaf3c25841a9dd84bed9e,direct-framework-reference,,java/util/zip/ZipOutputStream,definition-present,yes-static,1,1,unknown,fd-com-kunzisoft-keepass-libre-evidence.json#/rows/1445,False,unknown
fd-com-kunzisoft-keepass-libre,862f87a30baef06181f049adf7c460611605b25a807eaf3c25841a9dd84bed9e,direct-framework-reference,,javax/crypto/BadPaddingException,definition-present,unknown,18,0,unknown,fd-com-kunzisoft-keepass-libre-evidence.json#/rows/1446,False,unknown
fd-com-kunzisoft-keepass-libre,862f87a30baef06181f049adf7c460611605b25a807eaf3c25841a9dd84bed9e,direct-framework-reference,,javax/crypto/Cipher,definition-present,unknown,199,0,unknown,fd-com-kunzisoft-keepass-libre-evidence.json#/rows/1447,False,unknown
fd-com-kunzisoft-keepass-libre,862f87a30baef06181f049adf7c460611605b25a807eaf3c25841a9dd84bed9e,direct-framework-reference,,javax/crypto/CipherInputStream,definition-present,unknown,3,0,unknown,fd-com-kunzisoft-keepass-libre-evidence.json#/rows/1448,False,unknown
fd-com-kunzisoft-keepass-libre,862f87a30baef06181f049adf7c460611605b25a807eaf3c25841a9dd84bed9e,direct-framework-reference,,javax/crypto/CipherOutputStream,definition-present,unknown,4,0,unknown,fd-com-kunzisoft-keepass-libre-evidence.json#/rows/1449,False,unknown
fd-com-kunzisoft-keepass-libre,862f87a30baef06181f049adf7c460611605b25a807eaf3c25841a9dd84bed9e,direct-framework-reference,,javax/crypto/CipherSpi,definition-present,unknown,24,0,unknown,fd-com-kunzisoft-keepass-libre-evidence.json#/rows/1450,False,unknown
fd-com-kunzisoft-keepass-libre,862f87a30baef06181f049adf7c460611605b25a807eaf3c25841a9dd84bed9e,direct-framework-reference,,javax/crypto/ExemptionMechanism,definition-present,unknown,3,0,unknown,fd-com-kunzisoft-keepass-libre-evidence.json#/rows/1451,False,unknown
fd-com-kunzisoft-keepass-libre,862f87a30baef06181f049adf7c460611605b25a807eaf3c25841a9dd84bed9e,direct-framework-reference,,javax/crypto/IllegalBlockSizeException,definition-present,unknown,26,0,unknown,fd-com-kunzisoft-keepass-libre-evidence.json#/rows/1452,False,unknown
fd-com-kunzisoft-keepass-libre,862f87a30baef06181f049adf7c460611605b25a807eaf3c25841a9dd84bed9e,direct-framework-reference,,javax/crypto/KeyAgreement,definition-present,unknown,9,0,unknown,fd-com-kunzisoft-keepass-libre-evidence.json#/rows/1453,False,unknown
fd-com-kunzisoft-keepass-libre,862f87a30baef06181f049adf7c460611605b25a807eaf3c25841a9dd84bed9e,direct-framework-reference,,javax/crypto/KeyAgreementSpi,definition-present,unknown,1,0,unknown,fd-com-kunzisoft-keepass-libre-evidence.json#/rows/1454,False,unknown
fd-com-kunzisoft-keepass-libre,862f87a30baef06181f049adf7c460611605b25a807eaf3c25841a9dd84bed9e,direct-framework-reference,,javax/crypto/KeyGenerator,definition-present,unknown,14,0,unknown,fd-com-kunzisoft-keepass-libre-evidence.json#/rows/1455,False,unknown
fd-com-kunzisoft-keepass-libre,862f87a30baef06181f049adf7c460611605b25a807eaf3c25841a9dd84bed9e,direct-framework-reference,,javax/crypto/KeyGeneratorSpi,definition-present,unknown,12,0,unknown,fd-com-kunzisoft-keepass-libre-evidence.json#/rows/1456,False,unknown
fd-com-kunzisoft-keepass-libre,862f87a30baef06181f049adf7c460611605b25a807eaf3c25841a9dd84bed9e,direct-framework-reference,,javax/crypto/Mac,definition-present,unknown,88,0,unknown,fd-com-kunzisoft-keepass-libre-evidence.json#/rows/1457,False,unknown
fd-com-kunzisoft-keepass-libre,862f87a30baef06181f049adf7c460611605b25a807eaf3c25841a9dd84bed9e,direct-framework-reference,,javax/crypto/MacSpi,definition-present,unknown,3,0,unknown,fd-com-kunzisoft-keepass-libre-evidence.json#/rows/1458,False,unknown
fd-com-kunzisoft-keepass-libre,862f87a30baef06181f049adf7c460611605b25a807eaf3c25841a9dd84bed9e,direct-framework-reference,,javax/crypto/NoSuchPaddingException,definition-present,unknown,28,0,unknown,fd-com-kunzisoft-keepass-libre-evidence.json#/rows/1459,False,unknown
fd-com-kunzisoft-keepass-libre,862f87a30baef06181f049adf7c460611605b25a807eaf3c25841a9dd84bed9e,direct-framework-reference,,javax/crypto/SecretKey,definition-present,unknown,108,0,unknown,fd-com-kunzisoft-keepass-libre-evidence.json#/rows/1460,False,unknown
fd-com-kunzisoft-keepass-libre,862f87a30baef06181f049adf7c460611605b25a807eaf3c25841a9dd84bed9e,direct-framework-reference,,javax/crypto/SecretKeyFactory,definition-present,unknown,20,0,unknown,fd-com-kunzisoft-keepass-libre-evidence.json#/rows/1461,False,unknown
fd-com-kunzisoft-keepass-libre,862f87a30baef06181f049adf7c460611605b25a807eaf3c25841a9dd84bed9e,direct-framework-reference,,javax/crypto/SecretKeyFactorySpi,definition-present,unknown,1,0,unknown,fd-com-kunzisoft-keepass-libre-evidence.json#/rows/1462,False,unknown
fd-com-kunzisoft-keepass-libre,862f87a30baef06181f049adf7c460611605b25a807eaf3c25841a9dd84bed9e,direct-framework-reference,,javax/crypto/ShortBufferException,definition-present,unknown,13,0,unknown,fd-com-kunzisoft-keepass-libre-evidence.json#/rows/1463,False,unknown
fd-com-kunzisoft-keepass-libre,862f87a30baef06181f049adf7c460611605b25a807eaf3c25841a9dd84bed9e,direct-framework-reference,,javax/crypto/interfaces/DHKey,definition-present,unknown,2,0,unknown,fd-com-kunzisoft-keepass-libre-evidence.json#/rows/1464,False,unknown
fd-com-kunzisoft-keepass-libre,862f87a30baef06181f049adf7c460611605b25a807eaf3c25841a9dd84bed9e,direct-framework-reference,,javax/crypto/interfaces/DHPrivateKey,definition-present,unknown,18,0,unknown,fd-com-kunzisoft-keepass-libre-evidence.json#/rows/1465,False,unknown
fd-com-kunzisoft-keepass-libre,862f87a30baef06181f049adf7c460611605b25a807eaf3c25841a9dd84bed9e,direct-framework-reference,,javax/crypto/interfaces/DHPublicKey,definition-present,unknown,17,0,unknown,fd-com-kunzisoft-keepass-libre-evidence.json#/rows/1466,False,unknown
fd-com-kunzisoft-keepass-libre,862f87a30baef06181f049adf7c460611605b25a807eaf3c25841a9dd84bed9e,direct-framework-reference,,javax/crypto/interfaces/PBEKey,definition-present,unknown,2,0,unknown,fd-com-kunzisoft-keepass-libre-evidence.json#/rows/1467,False,unknown
fd-com-kunzisoft-keepass-libre,862f87a30baef06181f049adf7c460611605b25a807eaf3c25841a9dd84bed9e,direct-framework-reference,,javax/crypto/spec/DESKeySpec,definition-present,unknown,2,0,unknown,fd-com-kunzisoft-keepass-libre-evidence.json#/rows/1468,False,unknown
fd-com-kunzisoft-keepass-libre,862f87a30baef06181f049adf7c460611605b25a807eaf3c25841a9dd84bed9e,direct-framework-reference,,javax/crypto/spec/DESedeKeySpec,definition-present,unknown,2,0,unknown,fd-com-kunzisoft-keepass-libre-evidence.json#/rows/1469,False,unknown
fd-com-kunzisoft-keepass-libre,862f87a30baef06181f049adf7c460611605b25a807eaf3c25841a9dd84bed9e,direct-framework-reference,,javax/crypto/spec/DHGenParameterSpec,definition-present,unknown,2,0,unknown,fd-com-kunzisoft-keepass-libre-evidence.json#/rows/1470,False,unknown
fd-com-kunzisoft-keepass-libre,862f87a30baef06181f049adf7c460611605b25a807eaf3c25841a9dd84bed9e,direct-framework-reference,,javax/crypto/spec/DHParameterSpec,definition-present,unknown,88,0,unknown,fd-com-kunzisoft-keepass-libre-evidence.json#/rows/1471,False,unknown
fd-com-kunzisoft-keepass-libre,862f87a30baef06181f049adf7c460611605b25a807eaf3c25841a9dd84bed9e,direct-framework-reference,,javax/crypto/spec/DHPrivateKeySpec,definition-present,unknown,9,0,unknown,fd-com-kunzisoft-keepass-libre-evidence.json#/rows/1472,False,unknown
fd-com-kunzisoft-keepass-libre,862f87a30baef06181f049adf7c460611605b25a807eaf3c25841a9dd84bed9e,direct-framework-reference,,javax/crypto/spec/DHPublicKeySpec,definition-present,unknown,9,0,unknown,fd-com-kunzisoft-keepass-libre-evidence.json#/rows/1473,False,unknown
fd-com-kunzisoft-keepass-libre,862f87a30baef06181f049adf7c460611605b25a807eaf3c25841a9dd84bed9e,direct-framework-reference,,javax/crypto/spec/GCMParameterSpec,definition-present,unknown,1,0,unknown,fd-com-kunzisoft-keepass-libre-evidence.json#/rows/1474,False,unknown
fd-com-kunzisoft-keepass-libre,862f87a30baef06181f049adf7c460611605b25a807eaf3c25841a9dd84bed9e,direct-framework-reference,,javax/crypto/spec/IvParameterSpec,definition-present,unknown,70,0,unknown,fd-com-kunzisoft-keepass-libre-evidence.json#/rows/1475,False,unknown
fd-com-kunzisoft-keepass-libre,862f87a30baef06181f049adf7c460611605b25a807eaf3c25841a9dd84bed9e,direct-framework-reference,,javax/crypto/spec/OAEPParameterSpec,definition-present,unknown,15,0,unknown,fd-com-kunzisoft-keepass-libre-evidence.json#/rows/1476,False,unknown
fd-com-kunzisoft-keepass-libre,862f87a30baef06181f049adf7c460611605b25a807eaf3c25841a9dd84bed9e,direct-framework-reference,,javax/crypto/spec/PBEKeySpec,definition-present,unknown,22,0,unknown,fd-com-kunzisoft-keepass-libre-evidence.json#/rows/1477,False,unknown
fd-com-kunzisoft-keepass-libre,862f87a30baef06181f049adf7c460611605b25a807eaf3c25841a9dd84bed9e,direct-framework-reference,,javax/crypto/spec/PBEParameterSpec,definition-present,unknown,51,0,unknown,fd-com-kunzisoft-keepass-libre-evidence.json#/rows/1478,False,unknown
fd-com-kunzisoft-keepass-libre,862f87a30baef06181f049adf7c460611605b25a807eaf3c25841a9dd84bed9e,direct-framework-reference,,javax/crypto/spec/PSource,definition-present,unknown,10,0,unknown,fd-com-kunzisoft-keepass-libre-evidence.json#/rows/1479,False,unknown
fd-com-kunzisoft-keepass-libre,862f87a30baef06181f049adf7c460611605b25a807eaf3c25841a9dd84bed9e,direct-framework-reference,,javax/crypto/spec/PSource$PSpecified,definition-present,unknown,10,0,unknown,fd-com-kunzisoft-keepass-libre-evidence.json#/rows/1480,False,unknown
fd-com-kunzisoft-keepass-libre,862f87a30baef06181f049adf7c460611605b25a807eaf3c25841a9dd84bed9e,direct-framework-reference,,javax/crypto/spec/RC2ParameterSpec,definition-present,unknown,20,0,unknown,fd-com-kunzisoft-keepass-libre-evidence.json#/rows/1481,False,unknown
fd-com-kunzisoft-keepass-libre,862f87a30baef06181f049adf7c460611605b25a807eaf3c25841a9dd84bed9e,direct-framework-reference,,javax/crypto/spec/RC5ParameterSpec,definition-present,unknown,10,0,unknown,fd-com-kunzisoft-keepass-libre-evidence.json#/rows/1482,False,unknown
fd-com-kunzisoft-keepass-libre,862f87a30baef06181f049adf7c460611605b25a807eaf3c25841a9dd84bed9e,direct-framework-reference,,javax/crypto/spec/SecretKeySpec,definition-present,unknown,73,0,unknown,fd-com-kunzisoft-keepass-libre-evidence.json#/rows/1483,False,unknown
fd-com-kunzisoft-keepass-libre,862f87a30baef06181f049adf7c460611605b25a807eaf3c25841a9dd84bed9e,direct-framework-reference,,javax/naming/Binding,definition-absent,unknown,1,0,unresolvable-in-scanned-inputs,fd-com-kunzisoft-keepass-libre-evidence.json#/rows/1484,False,unknown
fd-com-kunzisoft-keepass-libre,862f87a30baef06181f049adf7c460611605b25a807eaf3c25841a9dd84bed9e,direct-framework-reference,,javax/naming/NamingEnumeration,definition-absent,unknown,3,0,unresolvable-in-scanned-inputs,fd-com-kunzisoft-keepass-libre-evidence.json#/rows/1485,False,unknown
fd-com-kunzisoft-keepass-libre,862f87a30baef06181f049adf7c460611605b25a807eaf3c25841a9dd84bed9e,direct-framework-reference,,javax/naming/NamingException,definition-absent,unknown,1,0,unresolvable-in-scanned-inputs,fd-com-kunzisoft-keepass-libre-evidence.json#/rows/1486,False,unknown
fd-com-kunzisoft-keepass-libre,862f87a30baef06181f049adf7c460611605b25a807eaf3c25841a9dd84bed9e,direct-framework-reference,,javax/naming/directory/Attribute,definition-absent,unknown,7,0,unresolvable-in-scanned-inputs,fd-com-kunzisoft-keepass-libre-evidence.json#/rows/1487,False,unknown
fd-com-kunzisoft-keepass-libre,862f87a30baef06181f049adf7c460611605b25a807eaf3c25841a9dd84bed9e,direct-framework-reference,,javax/naming/directory/Attributes,definition-absent,unknown,5,0,unresolvable-in-scanned-inputs,fd-com-kunzisoft-keepass-libre-evidence.json#/rows/1488,False,unknown
fd-com-kunzisoft-keepass-libre,862f87a30baef06181f049adf7c460611605b25a807eaf3c25841a9dd84bed9e,direct-framework-reference,,javax/naming/directory/DirContext,definition-absent,unknown,5,0,unresolvable-in-scanned-inputs,fd-com-kunzisoft-keepass-libre-evidence.json#/rows/1489,False,unknown
fd-com-kunzisoft-keepass-libre,862f87a30baef06181f049adf7c460611605b25a807eaf3c25841a9dd84bed9e,direct-framework-reference,,javax/naming/directory/InitialDirContext,definition-absent,unknown,5,0,unresolvable-in-scanned-inputs,fd-com-kunzisoft-keepass-libre-evidence.json#/rows/1490,False,unknown
fd-com-kunzisoft-keepass-libre,862f87a30baef06181f049adf7c460611605b25a807eaf3c25841a9dd84bed9e,direct-framework-reference,,javax/naming/directory/SearchControls,definition-absent,unknown,2,0,unresolvable-in-scanned-inputs,fd-com-kunzisoft-keepass-libre-evidence.json#/rows/1491,False,unknown
fd-com-kunzisoft-keepass-libre,862f87a30baef06181f049adf7c460611605b25a807eaf3c25841a9dd84bed9e,direct-framework-reference,,javax/naming/directory/SearchResult,definition-absent,unknown,2,0,unresolvable-in-scanned-inputs,fd-com-kunzisoft-keepass-libre-evidence.json#/rows/1492,False,unknown
fd-com-kunzisoft-keepass-libre,862f87a30baef06181f049adf7c460611605b25a807eaf3c25841a9dd84bed9e,direct-framework-reference,,javax/net/ssl/KeyManager,definition-present,unknown,5,0,unknown,fd-com-kunzisoft-keepass-libre-evidence.json#/rows/1493,False,unknown
fd-com-kunzisoft-keepass-libre,862f87a30baef06181f049adf7c460611605b25a807eaf3c25841a9dd84bed9e,direct-framework-reference,,javax/net/ssl/KeyManagerFactory,definition-present,unknown,1,0,unknown,fd-com-kunzisoft-keepass-libre-evidence.json#/rows/1494,False,unknown
fd-com-kunzisoft-keepass-libre,862f87a30baef06181f049adf7c460611605b25a807eaf3c25841a9dd84bed9e,direct-framework-reference,,javax/net/ssl/SSLContext,definition-present,unknown,1,0,unknown,fd-com-kunzisoft-keepass-libre-evidence.json#/rows/1495,False,unknown
fd-com-kunzisoft-keepass-libre,862f87a30baef06181f049adf7c460611605b25a807eaf3c25841a9dd84bed9e,direct-framework-reference,,javax/net/ssl/SSLSession,definition-present,unknown,4,0,unknown,fd-com-kunzisoft-keepass-libre-evidence.json#/rows/1496,False,unknown
fd-com-kunzisoft-keepass-libre,862f87a30baef06181f049adf7c460611605b25a807eaf3c25841a9dd84bed9e,direct-framework-reference,,javax/net/ssl/SSLSocket,definition-present,unknown,8,0,unknown,fd-com-kunzisoft-keepass-libre-evidence.json#/rows/1497,False,unknown
fd-com-kunzisoft-keepass-libre,862f87a30baef06181f049adf7c460611605b25a807eaf3c25841a9dd84bed9e,direct-framework-reference,,javax/net/ssl/SSLSocketFactory,definition-present,unknown,4,0,unknown,fd-com-kunzisoft-keepass-libre-evidence.json#/rows/1498,False,unknown
fd-com-kunzisoft-keepass-libre,862f87a30baef06181f049adf7c460611605b25a807eaf3c25841a9dd84bed9e,direct-framework-reference,,javax/net/ssl/TrustManager,definition-present,unknown,1,0,unknown,fd-com-kunzisoft-keepass-libre-evidence.json#/rows/1499,False,unknown
fd-com-kunzisoft-keepass-libre,862f87a30baef06181f049adf7c460611605b25a807eaf3c25841a9dd84bed9e,direct-framework-reference,,javax/net/ssl/X509TrustManager,definition-present,unknown,10,0,unknown,fd-com-kunzisoft-keepass-libre-evidence.json#/rows/1500,False,unknown
fd-com-kunzisoft-keepass-libre,862f87a30baef06181f049adf7c460611605b25a807eaf3c25841a9dd84bed9e,direct-framework-reference,,javax/security/auth/DestroyFailedException,definition-present,unknown,10,0,unknown,fd-com-kunzisoft-keepass-libre-evidence.json#/rows/1501,False,unknown
fd-com-kunzisoft-keepass-libre,862f87a30baef06181f049adf7c460611605b25a807eaf3c25841a9dd84bed9e,direct-framework-reference,,javax/security/auth/Destroyable,definition-present,unknown,13,0,unknown,fd-com-kunzisoft-keepass-libre-evidence.json#/rows/1502,False,unknown
fd-com-kunzisoft-keepass-libre,862f87a30baef06181f049adf7c460611605b25a807eaf3c25841a9dd84bed9e,direct-framework-reference,,javax/security/auth/callback/Callback,definition-present,unknown,1,0,unknown,fd-com-kunzisoft-keepass-libre-evidence.json#/rows/1503,False,unknown
fd-com-kunzisoft-keepass-libre,862f87a30baef06181f049adf7c460611605b25a807eaf3c25841a9dd84bed9e,direct-framework-reference,,javax/security/auth/callback/CallbackHandler,definition-present,unknown,1,0,unknown,fd-com-kunzisoft-keepass-libre-evidence.json#/rows/1504,False,unknown
fd-com-kunzisoft-keepass-libre,862f87a30baef06181f049adf7c460611605b25a807eaf3c25841a9dd84bed9e,direct-framework-reference,,javax/security/auth/callback/PasswordCallback,definition-present,unknown,1,0,unknown,fd-com-kunzisoft-keepass-libre-evidence.json#/rows/1505,False,unknown
fd-com-kunzisoft-keepass-libre,862f87a30baef06181f049adf7c460611605b25a807eaf3c25841a9dd84bed9e,direct-framework-reference,,javax/security/auth/callback/UnsupportedCallbackException,definition-present,unknown,1,0,unknown,fd-com-kunzisoft-keepass-libre-evidence.json#/rows/1506,False,unknown
fd-com-kunzisoft-keepass-libre,862f87a30baef06181f049adf7c460611605b25a807eaf3c25841a9dd84bed9e,direct-framework-reference,,javax/security/auth/x500/X500Principal,definition-present,unknown,132,0,unknown,fd-com-kunzisoft-keepass-libre-evidence.json#/rows/1507,False,unknown
fd-com-kunzisoft-keepass-libre,862f87a30baef06181f049adf7c460611605b25a807eaf3c25841a9dd84bed9e,direct-framework-reference,,javax/xml/parsers/DocumentBuilder,definition-present,unknown,1,0,unknown,fd-com-kunzisoft-keepass-libre-evidence.json#/rows/1508,False,unknown
fd-com-kunzisoft-keepass-libre,862f87a30baef06181f049adf7c460611605b25a807eaf3c25841a9dd84bed9e,direct-framework-reference,,javax/xml/parsers/DocumentBuilderFactory,definition-present,unknown,1,0,unknown,fd-com-kunzisoft-keepass-libre-evidence.json#/rows/1509,False,unknown
fd-com-kunzisoft-keepass-libre,862f87a30baef06181f049adf7c460611605b25a807eaf3c25841a9dd84bed9e,direct-framework-reference,,org/apache/commons/io/ByteBuffers,app-definition-present,unknown,2,0,unknown,fd-com-kunzisoft-keepass-libre-evidence.json#/rows/1510,False,unknown
fd-com-kunzisoft-keepass-libre,862f87a30baef06181f049adf7c460611605b25a807eaf3c25841a9dd84bed9e,direct-framework-reference,,org/apache/commons/io/ByteOrderMark,app-definition-present,unknown,34,0,unknown,fd-com-kunzisoft-keepass-libre-evidence.json#/rows/1511,False,unknown
fd-com-kunzisoft-keepass-libre,862f87a30baef06181f049adf7c460611605b25a807eaf3c25841a9dd84bed9e,direct-framework-reference,,org/apache/commons/io/Charsets,app-definition-present,unknown,67,0,unknown,fd-com-kunzisoft-keepass-libre-evidence.json#/rows/1512,False,unknown
fd-com-kunzisoft-keepass-libre,862f87a30baef06181f049adf7c460611605b25a807eaf3c25841a9dd84bed9e,direct-framework-reference,,org/apache/commons/io/Charsets$$ExternalSyntheticLambda2,app-definition-present,unknown,3,0,unknown,fd-com-kunzisoft-keepass-libre-evidence.json#/rows/1513,False,unknown
fd-com-kunzisoft-keepass-libre,862f87a30baef06181f049adf7c460611605b25a807eaf3c25841a9dd84bed9e,direct-framework-reference,,org/apache/commons/io/CloseableURLConnection,app-definition-present,unknown,50,0,unknown,fd-com-kunzisoft-keepass-libre-evidence.json#/rows/1514,False,unknown
fd-com-kunzisoft-keepass-libre,862f87a30baef06181f049adf7c460611605b25a807eaf3c25841a9dd84bed9e,direct-framework-reference,,org/apache/commons/io/CopyUtils,app-definition-present,unknown,8,0,unknown,fd-com-kunzisoft-keepass-libre-evidence.json#/rows/1515,False,unknown
fd-com-kunzisoft-keepass-libre,862f87a30baef06181f049adf7c460611605b25a807eaf3c25841a9dd84bed9e,direct-framework-reference,,org/apache/commons/io/DirectoryWalker,app-definition-present,unknown,6,0,unknown,fd-com-kunzisoft-keepass-libre-evidence.json#/rows/1516,False,unknown
fd-com-kunzisoft-keepass-libre,862f87a30baef06181f049adf7c460611605b25a807eaf3c25841a9dd84bed9e,direct-framework-reference,,org/apache/commons/io/DirectoryWalker$CancelException,app-definition-present,unknown,6,0,unknown,fd-com-kunzisoft-keepass-libre-evidence.json#/rows/1517,False,unknown
fd-com-kunzisoft-keepass-libre,862f87a30baef06181f049adf7c460611605b25a807eaf3c25841a9dd84bed9e,direct-framework-reference,,org/apache/commons/io/EndianUtils,app-definition-present,unknown,29,0,unknown,fd-com-kunzisoft-keepass-libre-evidence.json#/rows/1518,False,unknown
fd-com-kunzisoft-keepass-libre,862f87a30baef06181f049adf7c460611605b25a807eaf3c25841a9dd84bed9e,direct-framework-reference,,org/apache/commons/io/FileCleaner,app-definition-present,unknown,8,0,unknown,fd-com-kunzisoft-keepass-libre-evidence.json#/rows/1519,False,unknown
fd-com-kunzisoft-keepass-libre,862f87a30baef06181f049adf7c460611605b25a807eaf3c25841a9dd84bed9e,direct-framework-reference,,org/apache/commons/io/FileCleaningTracker,app-definition-present,unknown,21,0,unknown,fd-com-kunzisoft-keepass-libre-evidence.json#/rows/1520,False,unknown
fd-com-kunzisoft-keepass-libre,862f87a30baef06181f049adf7c460611605b25a807eaf3c25841a9dd84bed9e,direct-framework-reference,,org/apache/commons/io/FileCleaningTracker$Reaper,app-definition-present,unknown,3,0,unknown,fd-com-kunzisoft-keepass-libre-evidence.json#/rows/1521,False,unknown
fd-com-kunzisoft-keepass-libre,862f87a30baef06181f049adf7c460611605b25a807eaf3c25841a9dd84bed9e,direct-framework-reference,,org/apache/commons/io/FileCleaningTracker$Tracker,app-definition-present,unknown,5,0,unknown,fd-com-kunzisoft-keepass-libre-evidence.json#/rows/1522,False,unknown
fd-com-kunzisoft-keepass-libre,862f87a30baef06181f049adf7c460611605b25a807eaf3c25841a9dd84bed9e,direct-framework-reference,,org/apache/commons/io/FileDeleteStrategy,app-definition-present,unknown,17,0,unknown,fd-com-kunzisoft-keepass-libre-evidence.json#/rows/1523,False,unknown
fd-com-kunzisoft-keepass-libre,862f87a30baef06181f049adf7c460611605b25a807eaf3c25841a9dd84bed9e,direct-framework-reference,,org/apache/commons/io/FileDeleteStrategy$ForceFileDeleteStrategy,app-definition-present,unknown,1,0,unknown,fd-com-kunzisoft-keepass-libre-evidence.json#/rows/1524,False,unknown
fd-com-kunzisoft-keepass-libre,862f87a30baef06181f049adf7c460611605b25a807eaf3c25841a9dd84bed9e,direct-framework-reference,,org/apache/commons/io/FileExistsException,app-definition-present,unknown,1,0,unknown,fd-com-kunzisoft-keepass-libre-evidence.json#/rows/1525,False,unknown
fd-com-kunzisoft-keepass-libre,862f87a30baef06181f049adf7c460611605b25a807eaf3c25841a9dd84bed9e,direct-framework-reference,,org/apache/commons/io/FileSystem,app-definition-present,unknown,43,0,unknown,fd-com-kunzisoft-keepass-libre-evidence.json#/rows/1526,False,unknown
fd-com-kunzisoft-keepass-libre,862f87a30baef06181f049adf7c460611605b25a807eaf3c25841a9dd84bed9e,direct-framework-reference,,org/apache/commons/io/FileSystem$$ExternalSyntheticLambda2,app-definition-present,unknown,3,0,unknown,fd-com-kunzisoft-keepass-libre-evidence.json#/rows/1527,False,unknown
fd-com-kunzisoft-keepass-libre,862f87a30baef06181f049adf7c460611605b25a807eaf3c25841a9dd84bed9e,direct-framework-reference,,org/apache/commons/io/FileSystem$$ExternalSyntheticLambda3,app-definition-present,unknown,3,0,unknown,fd-com-kunzisoft-keepass-libre-evidence.json#/rows/1528,False,unknown
fd-com-kunzisoft-keepass-libre,862f87a30baef06181f049adf7c460611605b25a807eaf3c25841a9dd84bed9e,direct-framework-reference,,org/apache/commons/io/FileSystem$1,app-definition-present,unknown,2,0,unknown,fd-com-kunzisoft-keepass-libre-evidence.json#/rows/1529,False,unknown
fd-com-kunzisoft-keepass-libre,862f87a30baef06181f049adf7c460611605b25a807eaf3c25841a9dd84bed9e,direct-framework-reference,,org/apache/commons/io/FileSystem$NameLengthStrategy,app-definition-present,unknown,11,0,unknown,fd-com-kunzisoft-keepass-libre-evidence.json#/rows/1530,False,unknown
fd-com-kunzisoft-keepass-libre,862f87a30baef06181f049adf7c460611605b25a807eaf3c25841a9dd84bed9e,direct-framework-reference,,org/apache/commons/io/FileSystem$NameLengthStrategy$1,app-definition-present,unknown,2,0,unknown,fd-com-kunzisoft-keepass-libre-evidence.json#/rows/1531,False,unknown
fd-com-kunzisoft-keepass-libre,862f87a30baef06181f049adf7c460611605b25a807eaf3c25841a9dd84bed9e,direct-framework-reference,,org/apache/commons/io/FileSystem$NameLengthStrategy$2,app-definition-present,unknown,1,0,unknown,fd-com-kunzisoft-keepass-libre-evidence.json#/rows/1532,False,unknown
fd-com-kunzisoft-keepass-libre,862f87a30baef06181f049adf7c460611605b25a807eaf3c25841a9dd84bed9e,direct-framework-reference,,org/apache/commons/io/FileSystemUtils,app-definition-present,unknown,5,0,unknown,fd-com-kunzisoft-keepass-libre-evidence.json#/rows/1533,False,unknown
fd-com-kunzisoft-keepass-libre,862f87a30baef06181f049adf7c460611605b25a807eaf3c25841a9dd84bed9e,direct-framework-reference,,org/apache/commons/io/FileUtils,app-definition-present,unknown,158,0,unknown,fd-com-kunzisoft-keepass-libre-evidence.json#/rows/1534,False,unknown
fd-com-kunzisoft-keepass-libre,862f87a30baef06181f049adf7c460611605b25a807eaf3c25841a9dd84bed9e,direct-framework-reference,,org/apache/commons/io/FileUtils$$ExternalSyntheticLambda22,app-definition-present,unknown,3,0,unknown,fd-com-kunzisoft-keepass-libre-evidence.json#/rows/1535,False,unknown
fd-com-kunzisoft-keepass-libre,862f87a30baef06181f049adf7c460611605b25a807eaf3c25841a9dd84bed9e,direct-framework-reference,,org/apache/commons/io/FileUtils$$ExternalSyntheticLambda23,app-definition-present,unknown,3,0,unknown,fd-com-kunzisoft-keepass-libre-evidence.json#/rows/1536,False,unknown
fd-com-kunzisoft-keepass-libre,862f87a30baef06181f049adf7c460611605b25a807eaf3c25841a9dd84bed9e,direct-framework-reference,,org/apache/commons/io/FileUtils$$ExternalSyntheticLambda24,app-definition-present,unknown,3,0,unknown,fd-com-kunzisoft-keepass-libre-evidence.json#/rows/1537,False,unknown
fd-com-kunzisoft-keepass-libre,862f87a30baef06181f049adf7c460611605b25a807eaf3c25841a9dd84bed9e,direct-framework-reference,,org/apache/commons/io/FileUtils$$ExternalSyntheticLambda25,app-definition-present,unknown,3,0,unknown,fd-com-kunzisoft-keepass-libre-evidence.json#/rows/1538,False,unknown
fd-com-kunzisoft-keepass-libre,862f87a30baef06181f049adf7c460611605b25a807eaf3c25841a9dd84bed9e,direct-framework-reference,,org/apache/commons/io/FileUtils$$ExternalSyntheticLambda26,app-definition-present,unknown,3,0,unknown,fd-com-kunzisoft-keepass-libre-evidence.json#/rows/1539,False,unknown
fd-com-kunzisoft-keepass-libre,862f87a30baef06181f049adf7c460611605b25a807eaf3c25841a9dd84bed9e,direct-framework-reference,,org/apache/commons/io/FileUtils$$ExternalSyntheticLambda27,app-definition-present,unknown,3,0,unknown,fd-com-kunzisoft-keepass-libre-evidence.json#/rows/1540,False,unknown
fd-com-kunzisoft-keepass-libre,862f87a30baef06181f049adf7c460611605b25a807eaf3c25841a9dd84bed9e,direct-framework-reference,,org/apache/commons/io/FileUtils$$ExternalSyntheticLambda28,app-definition-present,unknown,3,0,unknown,fd-com-kunzisoft-keepass-libre-evidence.json#/rows/1541,False,unknown
fd-com-kunzisoft-keepass-libre,862f87a30baef06181f049adf7c460611605b25a807eaf3c25841a9dd84bed9e,direct-framework-reference,,org/apache/commons/io/FileUtils$$ExternalSyntheticLambda29,app-definition-present,unknown,3,0,unknown,fd-com-kunzisoft-keepass-libre-evidence.json#/rows/1542,False,unknown
fd-com-kunzisoft-keepass-libre,862f87a30baef06181f049adf7c460611605b25a807eaf3c25841a9dd84bed9e,direct-framework-reference,,org/apache/commons/io/FileUtils$$ExternalSyntheticLambda30,app-definition-present,unknown,3,0,unknown,fd-com-kunzisoft-keepass-libre-evidence.json#/rows/1543,False,unknown
fd-com-kunzisoft-keepass-libre,862f87a30baef06181f049adf7c460611605b25a807eaf3c25841a9dd84bed9e,direct-framework-reference,,org/apache/commons/io/FileUtils$$ExternalSyntheticLambda31,app-definition-present,unknown,3,0,unknown,fd-com-kunzisoft-keepass-libre-evidence.json#/rows/1544,False,unknown
fd-com-kunzisoft-keepass-libre,862f87a30baef06181f049adf7c460611605b25a807eaf3c25841a9dd84bed9e,direct-framework-reference,,org/apache/commons/io/FileUtils$$ExternalSyntheticLambda32,app-definition-present,unknown,3,0,unknown,fd-com-kunzisoft-keepass-libre-evidence.json#/rows/1545,False,unknown
fd-com-kunzisoft-keepass-libre,862f87a30baef06181f049adf7c460611605b25a807eaf3c25841a9dd84bed9e,direct-framework-reference,,org/apache/commons/io/FileUtils$$ExternalSyntheticLambda33,app-definition-present,unknown,3,0,unknown,fd-com-kunzisoft-keepass-libre-evidence.json#/rows/1546,False,unknown
fd-com-kunzisoft-keepass-libre,862f87a30baef06181f049adf7c460611605b25a807eaf3c25841a9dd84bed9e,direct-framework-reference,,org/apache/commons/io/FileUtils$$ExternalSyntheticLambda34,app-definition-present,unknown,1,0,unknown,fd-com-kunzisoft-keepass-libre-evidence.json#/rows/1547,False,unknown
fd-com-kunzisoft-keepass-libre,862f87a30baef06181f049adf7c460611605b25a807eaf3c25841a9dd84bed9e,direct-framework-reference,,org/apache/commons/io/FileUtils$$ExternalSyntheticLambda35,app-definition-present,unknown,1,0,unknown,fd-com-kunzisoft-keepass-libre-evidence.json#/rows/1548,False,unknown
fd-com-kunzisoft-keepass-libre,862f87a30baef06181f049adf7c460611605b25a807eaf3c25841a9dd84bed9e,direct-framework-reference,,org/apache/commons/io/FileUtils$$ExternalSyntheticLambda36,app-definition-present,unknown,1,0,unknown,fd-com-kunzisoft-keepass-libre-evidence.json#/rows/1549,False,unknown
fd-com-kunzisoft-keepass-libre,862f87a30baef06181f049adf7c460611605b25a807eaf3c25841a9dd84bed9e,direct-framework-reference,,org/apache/commons/io/FileUtils$$ExternalSyntheticLambda37,app-definition-present,unknown,1,0,unknown,fd-com-kunzisoft-keepass-libre-evidence.json#/rows/1550,False,unknown
fd-com-kunzisoft-keepass-libre,862f87a30baef06181f049adf7c460611605b25a807eaf3c25841a9dd84bed9e,direct-framework-reference,,org/apache/commons/io/FileUtils$$ExternalSyntheticLambda38,app-definition-present,unknown,3,0,unknown,fd-com-kunzisoft-keepass-libre-evidence.json#/rows/1551,False,unknown
fd-com-kunzisoft-keepass-libre,862f87a30baef06181f049adf7c460611605b25a807eaf3c25841a9dd84bed9e,direct-framework-reference,,org/apache/commons/io/FileUtils$$ExternalSyntheticLambda39,app-definition-present,unknown,6,0,unknown,fd-com-kunzisoft-keepass-libre-evidence.json#/rows/1552,False,unknown
fd-com-kunzisoft-keepass-libre,862f87a30baef06181f049adf7c460611605b25a807eaf3c25841a9dd84bed9e,direct-framework-reference,,org/apache/commons/io/FileUtils$$ExternalSyntheticLambda40,app-definition-present,unknown,1,0,unknown,fd-com-kunzisoft-keepass-libre-evidence.json#/rows/1553,False,unknown
fd-com-kunzisoft-keepass-libre,862f87a30baef06181f049adf7c460611605b25a807eaf3c25841a9dd84bed9e,direct-framework-reference,,org/apache/commons/io/FileUtils$$ExternalSyntheticLambda41,app-definition-present,unknown,3,0,unknown,fd-com-kunzisoft-keepass-libre-evidence.json#/rows/1554,False,unknown
fd-com-kunzisoft-keepass-libre,862f87a30baef06181f049adf7c460611605b25a807eaf3c25841a9dd84bed9e,direct-framework-reference,,org/apache/commons/io/FileUtils$$ExternalSyntheticLambda42,app-definition-present,unknown,3,0,unknown,fd-com-kunzisoft-keepass-libre-evidence.json#/rows/1555,False,unknown
fd-com-kunzisoft-keepass-libre,862f87a30baef06181f049adf7c460611605b25a807eaf3c25841a9dd84bed9e,direct-framework-reference,,org/apache/commons/io/FileUtils$$ExternalSyntheticLambda43,app-definition-present,unknown,3,0,unknown,fd-com-kunzisoft-keepass-libre-evidence.json#/rows/1556,False,unknown
fd-com-kunzisoft-keepass-libre,862f87a30baef06181f049adf7c460611605b25a807eaf3c25841a9dd84bed9e,direct-framework-reference,,org/apache/commons/io/FileUtils$$ExternalSyntheticLambda44,app-definition-present,unknown,3,0,unknown,fd-com-kunzisoft-keepass-libre-evidence.json#/rows/1557,False,unknown
fd-com-kunzisoft-keepass-libre,862f87a30baef06181f049adf7c460611605b25a807eaf3c25841a9dd84bed9e,direct-framework-reference,,org/apache/commons/io/FileUtils$$ExternalSyntheticLambda45,app-definition-present,unknown,3,0,unknown,fd-com-kunzisoft-keepass-libre-evidence.json#/rows/1558,False,unknown
fd-com-kunzisoft-keepass-libre,862f87a30baef06181f049adf7c460611605b25a807eaf3c25841a9dd84bed9e,direct-framework-reference,,org/apache/commons/io/FileUtils$$ExternalSyntheticLambda46,app-definition-present,unknown,1,0,unknown,fd-com-kunzisoft-keepass-libre-evidence.json#/rows/1559,False,unknown
fd-com-kunzisoft-keepass-libre,862f87a30baef06181f049adf7c460611605b25a807eaf3c25841a9dd84bed9e,direct-framework-reference,,org/apache/commons/io/FileUtils$$ExternalSyntheticLambda47,app-definition-present,unknown,3,0,unknown,fd-com-kunzisoft-keepass-libre-evidence.json#/rows/1560,False,unknown
fd-com-kunzisoft-keepass-libre,862f87a30baef06181f049adf7c460611605b25a807eaf3c25841a9dd84bed9e,direct-framework-reference,,org/apache/commons/io/FileUtils$$ExternalSyntheticStaticInterfaceCall21,app-definition-present,unknown,27,0,unknown,fd-com-kunzisoft-keepass-libre-evidence.json#/rows/1561,False,unknown
fd-com-kunzisoft-keepass-libre,862f87a30baef06181f049adf7c460611605b25a807eaf3c25841a9dd84bed9e,direct-framework-reference,,org/apache/commons/io/FilenameUtils,app-definition-present,unknown,50,0,unknown,fd-com-kunzisoft-keepass-libre-evidence.json#/rows/1562,False,unknown
fd-com-kunzisoft-keepass-libre,862f87a30baef06181f049adf7c460611605b25a807eaf3c25841a9dd84bed9e,direct-framework-reference,,org/apache/commons/io/FilenameUtils$$ExternalSyntheticLambda0,app-definition-present,unknown,3,0,unknown,fd-com-kunzisoft-keepass-libre-evidence.json#/rows/1563,False,unknown
fd-com-kunzisoft-keepass-libre,862f87a30baef06181f049adf7c460611605b25a807eaf3c25841a9dd84bed9e,direct-framework-reference,,org/apache/commons/io/HexDump,app-definition-present,unknown,6,0,unknown,fd-com-kunzisoft-keepass-libre-evidence.json#/rows/1564,False,unknown
fd-com-kunzisoft-keepass-libre,862f87a30baef06181f049adf7c460611605b25a807eaf3c25841a9dd84bed9e,direct-framework-reference,,org/apache/commons/io/IOCase,app-definition-present,unknown,92,0,unknown,fd-com-kunzisoft-keepass-libre-evidence.json#/rows/1565,False,unknown
fd-com-kunzisoft-keepass-libre,862f87a30baef06181f049adf7c460611605b25a807eaf3c25841a9dd84bed9e,direct-framework-reference,,org/apache/commons/io/IOCase$$ExternalSyntheticApiModelOutline0,app-definition-present,unknown,315,0,unknown,fd-com-kunzisoft-keepass-libre-evidence.json#/rows/1566,False,unknown
fd-com-kunzisoft-keepass-libre,862f87a30baef06181f049adf7c460611605b25a807eaf3c25841a9dd84bed9e,direct-framework-reference,,org/apache/commons/io/IOCase$$ExternalSyntheticLambda2,app-definition-present,unknown,3,0,unknown,fd-com-kunzisoft-keepass-libre-evidence.json#/rows/1567,False,unknown
fd-com-kunzisoft-keepass-libre,862f87a30baef06181f049adf7c460611605b25a807eaf3c25841a9dd84bed9e,direct-framework-reference,,org/apache/commons/io/IOCase$$ExternalSyntheticLambda3,app-definition-present,unknown,3,0,unknown,fd-com-kunzisoft-keepass-libre-evidence.json#/rows/1568,False,unknown
fd-com-kunzisoft-keepass-libre,862f87a30baef06181f049adf7c460611605b25a807eaf3c25841a9dd84bed9e,direct-framework-reference,,org/apache/commons/io/IOExceptionList,app-definition-present,unknown,11,0,unknown,fd-com-kunzisoft-keepass-libre-evidence.json#/rows/1569,False,unknown
fd-com-kunzisoft-keepass-libre,862f87a30baef06181f049adf7c460611605b25a807eaf3c25841a9dd84bed9e,direct-framework-reference,,org/apache/commons/io/IOExceptionWithCause,app-definition-present,unknown,2,0,unknown,fd-com-kunzisoft-keepass-libre-evidence.json#/rows/1570,False,unknown
fd-com-kunzisoft-keepass-libre,862f87a30baef06181f049adf7c460611605b25a807eaf3c25841a9dd84bed9e,direct-framework-reference,,org/apache/commons/io/IOIndexedException,app-definition-present,unknown,3,0,unknown,fd-com-kunzisoft-keepass-libre-evidence.json#/rows/1571,False,unknown
fd-com-kunzisoft-keepass-libre,862f87a30baef06181f049adf7c460611605b25a807eaf3c25841a9dd84bed9e,direct-framework-reference,,org/apache/commons/io/IORandomAccessFile,app-definition-present,unknown,11,0,unknown,fd-com-kunzisoft-keepass-libre-evidence.json#/rows/1572,False,unknown
fd-com-kunzisoft-keepass-libre,862f87a30baef06181f049adf7c460611605b25a807eaf3c25841a9dd84bed9e,direct-framework-reference,,org/apache/commons/io/IOUtils,app-definition-present,unknown,208,0,unknown,fd-com-kunzisoft-keepass-libre-evidence.json#/rows/1573,False,unknown
fd-com-kunzisoft-keepass-libre,862f87a30baef06181f049adf7c460611605b25a807eaf3c25841a9dd84bed9e,direct-framework-reference,,org/apache/commons/io/IOUtils$$ExternalSyntheticLambda4,app-definition-present,unknown,2,0,unknown,fd-com-kunzisoft-keepass-libre-evidence.json#/rows/1574,False,unknown
fd-com-kunzisoft-keepass-libre,862f87a30baef06181f049adf7c460611605b25a807eaf3c25841a9dd84bed9e,direct-framework-reference,,org/apache/commons/io/IOUtils$$ExternalSyntheticLambda5,app-definition-present,unknown,1,0,unknown,fd-com-kunzisoft-keepass-libre-evidence.json#/rows/1575,False,unknown
fd-com-kunzisoft-keepass-libre,862f87a30baef06181f049adf7c460611605b25a807eaf3c25841a9dd84bed9e,direct-framework-reference,,org/apache/commons/io/IOUtils$$ExternalSyntheticLambda6,app-definition-present,unknown,3,0,unknown,fd-com-kunzisoft-keepass-libre-evidence.json#/rows/1576,False,unknown
fd-com-kunzisoft-keepass-libre,862f87a30baef06181f049adf7c460611605b25a807eaf3c25841a9dd84bed9e,direct-framework-reference,,org/apache/commons/io/IOUtils$$ExternalSyntheticLambda7,app-definition-present,unknown,1,0,unknown,fd-com-kunzisoft-keepass-libre-evidence.json#/rows/1577,False,unknown
fd-com-kunzisoft-keepass-libre,862f87a30baef06181f049adf7c460611605b25a807eaf3c25841a9dd84bed9e,direct-framework-reference,,org/apache/commons/io/IOUtils$$ExternalSyntheticLambda8,app-definition-present,unknown,4,0,unknown,fd-com-kunzisoft-keepass-libre-evidence.json#/rows/1578,False,unknown
fd-com-kunzisoft-keepass-libre,862f87a30baef06181f049adf7c460611605b25a807eaf3c25841a9dd84bed9e,direct-framework-reference,,org/apache/commons/io/IOUtils$ScratchBytes,app-definition-present,unknown,12,0,unknown,fd-com-kunzisoft-keepass-libre-evidence.json#/rows/1579,False,unknown
fd-com-kunzisoft-keepass-libre,862f87a30baef06181f049adf7c460611605b25a807eaf3c25841a9dd84bed9e,direct-framework-reference,,org/apache/commons/io/IOUtils$ScratchBytes$$ExternalSyntheticLambda0,app-definition-present,unknown,1,0,unknown,fd-com-kunzisoft-keepass-libre-evidence.json#/rows/1580,False,unknown
fd-com-kunzisoft-keepass-libre,862f87a30baef06181f049adf7c460611605b25a807eaf3c25841a9dd84bed9e,direct-framework-reference,,org/apache/commons/io/IOUtils$ScratchChars,app-definition-present,unknown,13,0,unknown,fd-com-kunzisoft-keepass-libre-evidence.json#/rows/1581,False,unknown
fd-com-kunzisoft-keepass-libre,862f87a30baef06181f049adf7c460611605b25a807eaf3c25841a9dd84bed9e,direct-framework-reference,,org/apache/commons/io/IOUtils$ScratchChars$$ExternalSyntheticLambda0,app-definition-present,unknown,1,0,unknown,fd-com-kunzisoft-keepass-libre-evidence.json#/rows/1582,False,unknown
fd-com-kunzisoft-keepass-libre,862f87a30baef06181f049adf7c460611605b25a807eaf3c25841a9dd84bed9e,direct-framework-reference,,org/apache/commons/io/LineIterator,app-definition-present,unknown,11,0,unknown,fd-com-kunzisoft-keepass-libre-evidence.json#/rows/1583,False,unknown
fd-com-kunzisoft-keepass-libre,862f87a30baef06181f049adf7c460611605b25a807eaf3c25841a9dd84bed9e,direct-framework-reference,,org/apache/commons/io/LineIterator$$ExternalSyntheticLambda0,app-definition-present,unknown,3,0,unknown,fd-com-kunzisoft-keepass-libre-evidence.json#/rows/1584,False,unknown
fd-com-kunzisoft-keepass-libre,862f87a30baef06181f049adf7c460611605b25a807eaf3c25841a9dd84bed9e,direct-framework-reference,,org/apache/commons/io/RandomAccessFileMode,app-definition-present,unknown,21,0,unknown,fd-com-kunzisoft-keepass-libre-evidence.json#/rows/1585,False,unknown
fd-com-kunzisoft-keepass-libre,862f87a30baef06181f049adf7c460611605b25a807eaf3c25841a9dd84bed9e,direct-framework-reference,,org/apache/commons/io/RandomAccessFileMode$1,app-definition-present,unknown,2,0,unknown,fd-com-kunzisoft-keepass-libre-evidence.json#/rows/1586,False,unknown
fd-com-kunzisoft-keepass-libre,862f87a30baef06181f049adf7c460611605b25a807eaf3c25841a9dd84bed9e,direct-framework-reference,,org/apache/commons/io/RandomAccessFiles,app-definition-present,unknown,7,0,unknown,fd-com-kunzisoft-keepass-libre-evidence.json#/rows/1587,False,unknown
fd-com-kunzisoft-keepass-libre,862f87a30baef06181f049adf7c460611605b25a807eaf3c25841a9dd84bed9e,direct-framework-reference,,org/apache/commons/io/RandomAccessFiles$$ExternalSyntheticLambda0,app-definition-present,unknown,3,0,unknown,fd-com-kunzisoft-keepass-libre-evidence.json#/rows/1588,False,unknown
fd-com-kunzisoft-keepass-libre,862f87a30baef06181f049adf7c460611605b25a807eaf3c25841a9dd84bed9e,direct-framework-reference,,org/apache/commons/io/StandardLineSeparator,app-definition-present,unknown,9,0,unknown,fd-com-kunzisoft-keepass-libre-evidence.json#/rows/1589,False,unknown
fd-com-kunzisoft-keepass-libre,862f87a30baef06181f049adf7c460611605b25a807eaf3c25841a9dd84bed9e,direct-framework-reference,,org/apache/commons/io/StreamIterator,app-definition-present,unknown,6,0,unknown,fd-com-kunzisoft-keepass-libre-evidence.json#/rows/1590,False,unknown
fd-com-kunzisoft-keepass-libre,862f87a30baef06181f049adf7c460611605b25a807eaf3c25841a9dd84bed9e,direct-framework-reference,,org/apache/commons/io/TaggedIOException,app-definition-present,unknown,17,0,unknown,fd-com-kunzisoft-keepass-libre-evidence.json#/rows/1591,False,unknown
fd-com-kunzisoft-keepass-libre,862f87a30baef06181f049adf7c460611605b25a807eaf3c25841a9dd84bed9e,direct-framework-reference,,org/apache/commons/io/ThreadMonitor,app-definition-present,unknown,4,0,unknown,fd-com-kunzisoft-keepass-libre-evidence.json#/rows/1592,False,unknown
fd-com-kunzisoft-keepass-libre,862f87a30baef06181f049adf7c460611605b25a807eaf3c25841a9dd84bed9e,direct-framework-reference,,org/apache/commons/io/ThreadUtils,app-definition-present,unknown,5,0,unknown,fd-com-kunzisoft-keepass-libre-evidence.json#/rows/1593,False,unknown
fd-com-kunzisoft-keepass-libre,862f87a30baef06181f049adf7c460611605b25a807eaf3c25841a9dd84bed9e,direct-framework-reference,,org/apache/commons/io/ThreadUtils$$ExternalSyntheticApiModelOutline0,app-definition-present,unknown,137,0,unknown,fd-com-kunzisoft-keepass-libre-evidence.json#/rows/1594,False,unknown
fd-com-kunzisoft-keepass-libre,862f87a30baef06181f049adf7c460611605b25a807eaf3c25841a9dd84bed9e,direct-framework-reference,,org/apache/commons/io/build/AbstractOrigin,app-definition-present,unknown,67,0,unknown,fd-com-kunzisoft-keepass-libre-evidence.json#/rows/1595,False,unknown
fd-com-kunzisoft-keepass-libre,862f87a30baef06181f049adf7c460611605b25a807eaf3c25841a9dd84bed9e,direct-framework-reference,,org/apache/commons/io/build/AbstractOrigin$AbstractRandomAccessFileOrigin,app-definition-present,unknown,12,0,unknown,fd-com-kunzisoft-keepass-libre-evidence.json#/rows/1596,False,unknown
fd-com-kunzisoft-keepass-libre,862f87a30baef06181f049adf7c460611605b25a807eaf3c25841a9dd84bed9e,direct-framework-reference,,org/apache/commons/io/build/AbstractOrigin$ByteArrayOrigin,app-definition-present,unknown,7,0,unknown,fd-com-kunzisoft-keepass-libre-evidence.json#/rows/1597,False,unknown
fd-com-kunzisoft-keepass-libre,862f87a30baef06181f049adf7c460611605b25a807eaf3c25841a9dd84bed9e,direct-framework-reference,,org/apache/commons/io/build/AbstractOrigin$ChannelOrigin,app-definition-present,unknown,9,0,unknown,fd-com-kunzisoft-keepass-libre-evidence.json#/rows/1598,False,unknown
fd-com-kunzisoft-keepass-libre,862f87a30baef06181f049adf7c460611605b25a807eaf3c25841a9dd84bed9e,direct-framework-reference,,org/apache/commons/io/build/AbstractOrigin$CharSequenceOrigin,app-definition-present,unknown,8,0,unknown,fd-com-kunzisoft-keepass-libre-evidence.json#/rows/1599,False,unknown
fd-com-kunzisoft-keepass-libre,862f87a30baef06181f049adf7c460611605b25a807eaf3c25841a9dd84bed9e,direct-framework-reference,,org/apache/commons/io/build/AbstractOrigin$FileOrigin,app-definition-present,unknown,11,0,unknown,fd-com-kunzisoft-keepass-libre-evidence.json#/rows/1600,False,unknown
fd-com-kunzisoft-keepass-libre,862f87a30baef06181f049adf7c460611605b25a807eaf3c25841a9dd84bed9e,direct-framework-reference,,org/apache/commons/io/build/AbstractOrigin$IORandomAccessFileOrigin,app-definition-present,unknown,4,0,unknown,fd-com-kunzisoft-keepass-libre-evidence.json#/rows/1601,False,unknown
fd-com-kunzisoft-keepass-libre,862f87a30baef06181f049adf7c460611605b25a807eaf3c25841a9dd84bed9e,direct-framework-reference,,org/apache/commons/io/build/AbstractOrigin$InputStreamOrigin,app-definition-present,unknown,7,0,unknown,fd-com-kunzisoft-keepass-libre-evidence.json#/rows/1602,False,unknown
fd-com-kunzisoft-keepass-libre,862f87a30baef06181f049adf7c460611605b25a807eaf3c25841a9dd84bed9e,direct-framework-reference,,org/apache/commons/io/build/AbstractOrigin$OutputStreamOrigin,app-definition-present,unknown,5,0,unknown,fd-com-kunzisoft-keepass-libre-evidence.json#/rows/1603,False,unknown
fd-com-kunzisoft-keepass-libre,862f87a30baef06181f049adf7c460611605b25a807eaf3c25841a9dd84bed9e,direct-framework-reference,,org/apache/commons/io/build/AbstractOrigin$PathOrigin,app-definition-present,unknown,9,0,unknown,fd-com-kunzisoft-keepass-libre-evidence.json#/rows/1604,False,unknown
fd-com-kunzisoft-keepass-libre,862f87a30baef06181f049adf7c460611605b25a807eaf3c25841a9dd84bed9e,direct-framework-reference,,org/apache/commons/io/build/AbstractOrigin$PathOrigin$$ExternalSyntheticLambda0,app-definition-present,unknown,3,0,unknown,fd-com-kunzisoft-keepass-libre-evidence.json#/rows/1605,False,unknown
fd-com-kunzisoft-keepass-libre,862f87a30baef06181f049adf7c460611605b25a807eaf3c25841a9dd84bed9e,direct-framework-reference,,org/apache/commons/io/build/AbstractOrigin$RandomAccessFileOrigin,app-definition-present,unknown,2,0,unknown,fd-com-kunzisoft-keepass-libre-evidence.json#/rows/1606,False,unknown
fd-com-kunzisoft-keepass-libre,862f87a30baef06181f049adf7c460611605b25a807eaf3c25841a9dd84bed9e,direct-framework-reference,,org/apache/commons/io/build/AbstractOrigin$ReaderOrigin,app-definition-present,unknown,7,0,unknown,fd-com-kunzisoft-keepass-libre-evidence.json#/rows/1607,False,unknown
fd-com-kunzisoft-keepass-libre,862f87a30baef06181f049adf7c460611605b25a807eaf3c25841a9dd84bed9e,direct-framework-reference,,org/apache/commons/io/build/AbstractOrigin$URIOrigin,app-definition-present,unknown,6,0,unknown,fd-com-kunzisoft-keepass-libre-evidence.json#/rows/1608,False,unknown
fd-com-kunzisoft-keepass-libre,862f87a30baef06181f049adf7c460611605b25a807eaf3c25841a9dd84bed9e,direct-framework-reference,,org/apache/commons/io/build/AbstractOrigin$WriterOrigin,app-definition-present,unknown,5,0,unknown,fd-com-kunzisoft-keepass-libre-evidence.json#/rows/1609,False,unknown
fd-com-kunzisoft-keepass-libre,862f87a30baef06181f049adf7c460611605b25a807eaf3c25841a9dd84bed9e,direct-framework-reference,,org/apache/commons/io/build/AbstractOriginSupplier,app-definition-present,unknown,39,0,unknown,fd-com-kunzisoft-keepass-libre-evidence.json#/rows/1610,False,unknown
fd-com-kunzisoft-keepass-libre,862f87a30baef06181f049adf7c460611605b25a807eaf3c25841a9dd84bed9e,direct-framework-reference,,org/apache/commons/io/build/AbstractStreamBuilder,app-definition-present,unknown,85,0,unknown,fd-com-kunzisoft-keepass-libre-evidence.json#/rows/1611,False,unknown
fd-com-kunzisoft-keepass-libre,862f87a30baef06181f049adf7c460611605b25a807eaf3c25841a9dd84bed9e,direct-framework-reference,,org/apache/commons/io/build/AbstractStreamBuilder$$ExternalSyntheticLambda1,app-definition-present,unknown,3,0,unknown,fd-com-kunzisoft-keepass-libre-evidence.json#/rows/1612,False,unknown
fd-com-kunzisoft-keepass-libre,862f87a30baef06181f049adf7c460611605b25a807eaf3c25841a9dd84bed9e,direct-framework-reference,,org/apache/commons/io/build/AbstractSupplier,app-definition-present,unknown,31,0,unknown,fd-com-kunzisoft-keepass-libre-evidence.json#/rows/1613,False,unknown
fd-com-kunzisoft-keepass-libre,862f87a30baef06181f049adf7c460611605b25a807eaf3c25841a9dd84bed9e,direct-framework-reference,,org/apache/commons/io/channels/ByteArraySeekableByteChannel,app-definition-present,unknown,19,0,unknown,fd-com-kunzisoft-keepass-libre-evidence.json#/rows/1614,False,unknown
fd-com-kunzisoft-keepass-libre,862f87a30baef06181f049adf7c460611605b25a807eaf3c25841a9dd84bed9e,direct-framework-reference,,org/apache/commons/io/channels/CloseShieldChannel,app-definition-present,unknown,3,0,unknown,fd-com-kunzisoft-keepass-libre-evidence.json#/rows/1615,False,unknown
fd-com-kunzisoft-keepass-libre,862f87a30baef06181f049adf7c460611605b25a807eaf3c25841a9dd84bed9e,direct-framework-reference,,org/apache/commons/io/channels/CloseShieldChannelHandler,app-definition-present,unknown,7,0,unknown,fd-com-kunzisoft-keepass-libre-evidence.json#/rows/1616,False,unknown
fd-com-kunzisoft-keepass-libre,862f87a30baef06181f049adf7c460611605b25a807eaf3c25841a9dd84bed9e,direct-framework-reference,,org/apache/commons/io/channels/FileChannels,app-definition-present,unknown,5,0,unknown,fd-com-kunzisoft-keepass-libre-evidence.json#/rows/1617,False,unknown
fd-com-kunzisoft-keepass-libre,862f87a30baef06181f049adf7c460611605b25a807eaf3c25841a9dd84bed9e,direct-framework-reference,,org/apache/commons/io/charset/CharsetDecoders,app-definition-present,unknown,1,0,unknown,fd-com-kunzisoft-keepass-libre-evidence.json#/rows/1618,False,unknown
fd-com-kunzisoft-keepass-libre,862f87a30baef06181f049adf7c460611605b25a807eaf3c25841a9dd84bed9e,direct-framework-reference,,org/apache/commons/io/charset/CharsetEncoders,app-definition-present,unknown,5,0,unknown,fd-com-kunzisoft-keepass-libre-evidence.json#/rows/1619,False,unknown
fd-com-kunzisoft-keepass-libre,862f87a30baef06181f049adf7c460611605b25a807eaf3c25841a9dd84bed9e,direct-framework-reference,,org/apache/commons/io/charset/CharsetEncoders$$ExternalSyntheticLambda0,app-definition-present,unknown,1,0,unknown,fd-com-kunzisoft-keepass-libre-evidence.json#/rows/1620,False,unknown
fd-com-kunzisoft-keepass-libre,862f87a30baef06181f049adf7c460611605b25a807eaf3c25841a9dd84bed9e,direct-framework-reference,,org/apache/commons/io/comparator/AbstractFileComparator,app-definition-present,unknown,39,0,unknown,fd-com-kunzisoft-keepass-libre-evidence.json#/rows/1621,False,unknown
fd-com-kunzisoft-keepass-libre,862f87a30baef06181f049adf7c460611605b25a807eaf3c25841a9dd84bed9e,direct-framework-reference,,org/apache/commons/io/comparator/CompositeFileComparator,app-definition-present,unknown,10,0,unknown,fd-com-kunzisoft-keepass-libre-evidence.json#/rows/1622,False,unknown
fd-com-kunzisoft-keepass-libre,862f87a30baef06181f049adf7c460611605b25a807eaf3c25841a9dd84bed9e,direct-framework-reference,,org/apache/commons/io/comparator/CompositeFileComparator$$ExternalSyntheticLambda2,app-definition-present,unknown,1,0,unknown,fd-com-kunzisoft-keepass-libre-evidence.json#/rows/1623,False,unknown
fd-com-kunzisoft-keepass-libre,862f87a30baef06181f049adf7c460611605b25a807eaf3c25841a9dd84bed9e,direct-framework-reference,,org/apache/commons/io/comparator/CompositeFileComparator$$ExternalSyntheticLambda3,app-definition-present,unknown,1,0,unknown,fd-com-kunzisoft-keepass-libre-evidence.json#/rows/1624,False,unknown
fd-com-kunzisoft-keepass-libre,862f87a30baef06181f049adf7c460611605b25a807eaf3c25841a9dd84bed9e,direct-framework-reference,,org/apache/commons/io/comparator/CompositeFileComparator$$ExternalSyntheticLambda4,app-definition-present,unknown,3,0,unknown,fd-com-kunzisoft-keepass-libre-evidence.json#/rows/1625,False,unknown
fd-com-kunzisoft-keepass-libre,862f87a30baef06181f049adf7c460611605b25a807eaf3c25841a9dd84bed9e,direct-framework-reference,,org/apache/commons/io/comparator/DefaultFileComparator,app-definition-present,unknown,2,0,unknown,fd-com-kunzisoft-keepass-libre-evidence.json#/rows/1626,False,unknown
fd-com-kunzisoft-keepass-libre,862f87a30baef06181f049adf7c460611605b25a807eaf3c25841a9dd84bed9e,direct-framework-reference,,org/apache/commons/io/comparator/DirectoryFileComparator,app-definition-present,unknown,3,0,unknown,fd-com-kunzisoft-keepass-libre-evidence.json#/rows/1627,False,unknown
fd-com-kunzisoft-keepass-libre,862f87a30baef06181f049adf7c460611605b25a807eaf3c25841a9dd84bed9e,direct-framework-reference,,org/apache/commons/io/comparator/ExtensionFileComparator,app-definition-present,unknown,6,0,unknown,fd-com-kunzisoft-keepass-libre-evidence.json#/rows/1628,False,unknown
fd-com-kunzisoft-keepass-libre,862f87a30baef06181f049adf7c460611605b25a807eaf3c25841a9dd84bed9e,direct-framework-reference,,org/apache/commons/io/comparator/LastModifiedFileComparator,app-definition-present,unknown,2,0,unknown,fd-com-kunzisoft-keepass-libre-evidence.json#/rows/1629,False,unknown
fd-com-kunzisoft-keepass-libre,862f87a30baef06181f049adf7c460611605b25a807eaf3c25841a9dd84bed9e,direct-framework-reference,,org/apache/commons/io/comparator/NameFileComparator,app-definition-present,unknown,7,0,unknown,fd-com-kunzisoft-keepass-libre-evidence.json#/rows/1630,False,unknown
fd-com-kunzisoft-keepass-libre,862f87a30baef06181f049adf7c460611605b25a807eaf3c25841a9dd84bed9e,direct-framework-reference,,org/apache/commons/io/comparator/PathFileComparator,app-definition-present,unknown,6,0,unknown,fd-com-kunzisoft-keepass-libre-evidence.json#/rows/1631,False,unknown
fd-com-kunzisoft-keepass-libre,862f87a30baef06181f049adf7c460611605b25a807eaf3c25841a9dd84bed9e,direct-framework-reference,,org/apache/commons/io/comparator/ReverseFileComparator,app-definition-present,unknown,11,0,unknown,fd-com-kunzisoft-keepass-libre-evidence.json#/rows/1632,False,unknown
fd-com-kunzisoft-keepass-libre,862f87a30baef06181f049adf7c460611605b25a807eaf3c25841a9dd84bed9e,direct-framework-reference,,org/apache/commons/io/comparator/SizeFileComparator,app-definition-present,unknown,6,0,unknown,fd-com-kunzisoft-keepass-libre-evidence.json#/rows/1633,False,unknown
fd-com-kunzisoft-keepass-libre,862f87a30baef06181f049adf7c460611605b25a807eaf3c25841a9dd84bed9e,direct-framework-reference,,org/apache/commons/io/file/AccumulatorPathVisitor,app-definition-present,unknown,30,0,unknown,fd-com-kunzisoft-keepass-libre-evidence.json#/rows/1634,False,unknown
fd-com-kunzisoft-keepass-libre,862f87a30baef06181f049adf7c460611605b25a807eaf3c25841a9dd84bed9e,direct-framework-reference,,org/apache/commons/io/file/AccumulatorPathVisitor$1,app-definition-present,unknown,1,0,unknown,fd-com-kunzisoft-keepass-libre-evidence.json#/rows/1635,False,unknown
fd-com-kunzisoft-keepass-libre,862f87a30baef06181f049adf7c460611605b25a807eaf3c25841a9dd84bed9e,direct-framework-reference,,org/apache/commons/io/file/AccumulatorPathVisitor$Builder,app-definition-present,unknown,10,0,unknown,fd-com-kunzisoft-keepass-libre-evidence.json#/rows/1636,False,unknown
fd-com-kunzisoft-keepass-libre,862f87a30baef06181f049adf7c460611605b25a807eaf3c25841a9dd84bed9e,direct-framework-reference,,org/apache/commons/io/file/CleaningPathVisitor,app-definition-present,unknown,12,0,unknown,fd-com-kunzisoft-keepass-libre-evidence.json#/rows/1637,False,unknown
fd-com-kunzisoft-keepass-libre,862f87a30baef06181f049adf7c460611605b25a807eaf3c25841a9dd84bed9e,direct-framework-reference,,org/apache/commons/io/file/CopyDirectoryVisitor,app-definition-present,unknown,14,0,unknown,fd-com-kunzisoft-keepass-libre-evidence.json#/rows/1638,False,unknown
fd-com-kunzisoft-keepass-libre,862f87a30baef06181f049adf7c460611605b25a807eaf3c25841a9dd84bed9e,direct-framework-reference,,org/apache/commons/io/file/Counters,app-definition-present,unknown,21,0,unknown,fd-com-kunzisoft-keepass-libre-evidence.json#/rows/1639,False,unknown
fd-com-kunzisoft-keepass-libre,862f87a30baef06181f049adf7c460611605b25a807eaf3c25841a9dd84bed9e,direct-framework-reference,,org/apache/commons/io/file/Counters$1,app-definition-present,unknown,2,0,unknown,fd-com-kunzisoft-keepass-libre-evidence.json#/rows/1640,False,unknown
fd-com-kunzisoft-keepass-libre,862f87a30baef06181f049adf7c460611605b25a807eaf3c25841a9dd84bed9e,direct-framework-reference,,org/apache/commons/io/file/Counters$AbstractPathCounters,app-definition-present,unknown,11,0,unknown,fd-com-kunzisoft-keepass-libre-evidence.json#/rows/1641,False,unknown
fd-com-kunzisoft-keepass-libre,862f87a30baef06181f049adf7c460611605b25a807eaf3c25841a9dd84bed9e,direct-framework-reference,,org/apache/commons/io/file/Counters$BigIntegerCounter,app-definition-present,unknown,12,0,unknown,fd-com-kunzisoft-keepass-libre-evidence.json#/rows/1642,False,unknown
fd-com-kunzisoft-keepass-libre,862f87a30baef06181f049adf7c460611605b25a807eaf3c25841a9dd84bed9e,direct-framework-reference,,org/apache/commons/io/file/Counters$BigIntegerPathCounters,app-definition-present,unknown,1,0,unknown,fd-com-kunzisoft-keepass-libre-evidence.json#/rows/1643,False,unknown
fd-com-kunzisoft-keepass-libre,862f87a30baef06181f049adf7c460611605b25a807eaf3c25841a9dd84bed9e,direct-framework-reference,,org/apache/commons/io/file/Counters$Counter,app-definition-present,unknown,20,0,unknown,fd-com-kunzisoft-keepass-libre-evidence.json#/rows/1644,False,unknown
fd-com-kunzisoft-keepass-libre,862f87a30baef06181f049adf7c460611605b25a807eaf3c25841a9dd84bed9e,direct-framework-reference,,org/apache/commons/io/file/Counters$Counter$-CC,app-definition-present,unknown,1,0,unknown,fd-com-kunzisoft-keepass-libre-evidence.json#/rows/1645,False,unknown
fd-com-kunzisoft-keepass-libre,862f87a30baef06181f049adf7c460611605b25a807eaf3c25841a9dd84bed9e,direct-framework-reference,,org/apache/commons/io/file/Counters$LongCounter,app-definition-present,unknown,11,0,unknown,fd-com-kunzisoft-keepass-libre-evidence.json#/rows/1646,False,unknown
fd-com-kunzisoft-keepass-libre,862f87a30baef06181f049adf7c460611605b25a807eaf3c25841a9dd84bed9e,direct-framework-reference,,org/apache/commons/io/file/Counters$LongPathCounters,app-definition-present,unknown,1,0,unknown,fd-com-kunzisoft-keepass-libre-evidence.json#/rows/1647,False,unknown
fd-com-kunzisoft-keepass-libre,862f87a30baef06181f049adf7c460611605b25a807eaf3c25841a9dd84bed9e,direct-framework-reference,,org/apache/commons/io/file/Counters$NoopCounter,app-definition-present,unknown,2,0,unknown,fd-com-kunzisoft-keepass-libre-evidence.json#/rows/1648,False,unknown
fd-com-kunzisoft-keepass-libre,862f87a30baef06181f049adf7c460611605b25a807eaf3c25841a9dd84bed9e,direct-framework-reference,,org/apache/commons/io/file/Counters$NoopPathCounters,app-definition-present,unknown,2,0,unknown,fd-com-kunzisoft-keepass-libre-evidence.json#/rows/1649,False,unknown
fd-com-kunzisoft-keepass-libre,862f87a30baef06181f049adf7c460611605b25a807eaf3c25841a9dd84bed9e,direct-framework-reference,,org/apache/commons/io/file/Counters$PathCounters,app-definition-present,unknown,55,0,unknown,fd-com-kunzisoft-keepass-libre-evidence.json#/rows/1650,False,unknown
fd-com-kunzisoft-keepass-libre,862f87a30baef06181f049adf7c460611605b25a807eaf3c25841a9dd84bed9e,direct-framework-reference,,org/apache/commons/io/file/CountingPathVisitor,app-definition-present,unknown,52,0,unknown,fd-com-kunzisoft-keepass-libre-evidence.json#/rows/1651,False,unknown
fd-com-kunzisoft-keepass-libre,862f87a30baef06181f049adf7c460611605b25a807eaf3c25841a9dd84bed9e,direct-framework-reference,,org/apache/commons/io/file/CountingPathVisitor$AbstractBuilder,app-definition-present,unknown,23,0,unknown,fd-com-kunzisoft-keepass-libre-evidence.json#/rows/1652,False,unknown
fd-com-kunzisoft-keepass-libre,862f87a30baef06181f049adf7c460611605b25a807eaf3c25841a9dd84bed9e,direct-framework-reference,,org/apache/commons/io/file/CountingPathVisitor$Builder,app-definition-present,unknown,4,0,unknown,fd-com-kunzisoft-keepass-libre-evidence.json#/rows/1653,False,unknown
fd-com-kunzisoft-keepass-libre,862f87a30baef06181f049adf7c460611605b25a807eaf3c25841a9dd84bed9e,direct-framework-reference,,org/apache/commons/io/file/DeleteOption,app-definition-present,unknown,23,0,unknown,fd-com-kunzisoft-keepass-libre-evidence.json#/rows/1654,False,unknown
fd-com-kunzisoft-keepass-libre,862f87a30baef06181f049adf7c460611605b25a807eaf3c25841a9dd84bed9e,direct-framework-reference,,org/apache/commons/io/file/DeletingPathVisitor,app-definition-present,unknown,15,0,unknown,fd-com-kunzisoft-keepass-libre-evidence.json#/rows/1655,False,unknown
fd-com-kunzisoft-keepass-libre,862f87a30baef06181f049adf7c460611605b25a807eaf3c25841a9dd84bed9e,direct-framework-reference,,org/apache/commons/io/file/DirectoryStreamFilter,app-definition-present,unknown,5,0,unknown,fd-com-kunzisoft-keepass-libre-evidence.json#/rows/1656,False,unknown
fd-com-kunzisoft-keepass-libre,862f87a30baef06181f049adf7c460611605b25a807eaf3c25841a9dd84bed9e,direct-framework-reference,,org/apache/commons/io/file/FilesUncheck$$ExternalSyntheticLambda19,app-definition-present,unknown,1,0,unknown,fd-com-kunzisoft-keepass-libre-evidence.json#/rows/1657,False,unknown
fd-com-kunzisoft-keepass-libre,862f87a30baef06181f049adf7c460611605b25a807eaf3c25841a9dd84bed9e,direct-framework-reference,,org/apache/commons/io/file/FilesUncheck$$ExternalSyntheticLambda20,app-definition-present,unknown,1,0,unknown,fd-com-kunzisoft-keepass-libre-evidence.json#/rows/1658,False,unknown
fd-com-kunzisoft-keepass-libre,862f87a30baef06181f049adf7c460611605b25a807eaf3c25841a9dd84bed9e,direct-framework-reference,,org/apache/commons/io/file/FilesUncheck$$ExternalSyntheticLambda21,app-definition-present,unknown,1,0,unknown,fd-com-kunzisoft-keepass-libre-evidence.json#/rows/1659,False,unknown
fd-com-kunzisoft-keepass-libre,862f87a30baef06181f049adf7c460611605b25a807eaf3c25841a9dd84bed9e,direct-framework-reference,,org/apache/commons/io/file/FilesUncheck$$ExternalSyntheticLambda22,app-definition-present,unknown,1,0,unknown,fd-com-kunzisoft-keepass-libre-evidence.json#/rows/1660,False,unknown
fd-com-kunzisoft-keepass-libre,862f87a30baef06181f049adf7c460611605b25a807eaf3c25841a9dd84bed9e,direct-framework-reference,,org/apache/commons/io/file/FilesUncheck$$ExternalSyntheticLambda23,app-definition-present,unknown,1,0,unknown,fd-com-kunzisoft-keepass-libre-evidence.json#/rows/1661,False,unknown
fd-com-kunzisoft-keepass-libre,862f87a30baef06181f049adf7c460611605b25a807eaf3c25841a9dd84bed9e,direct-framework-reference,,org/apache/commons/io/file/FilesUncheck$$ExternalSyntheticLambda24,app-definition-present,unknown,1,0,unknown,fd-com-kunzisoft-keepass-libre-evidence.json#/rows/1662,False,unknown
fd-com-kunzisoft-keepass-libre,862f87a30baef06181f049adf7c460611605b25a807eaf3c25841a9dd84bed9e,direct-framework-reference,,org/apache/commons/io/file/FilesUncheck$$ExternalSyntheticLambda25,app-definition-present,unknown,1,0,unknown,fd-com-kunzisoft-keepass-libre-evidence.json#/rows/1663,False,unknown
fd-com-kunzisoft-keepass-libre,862f87a30baef06181f049adf7c460611605b25a807eaf3c25841a9dd84bed9e,direct-framework-reference,,org/apache/commons/io/file/FilesUncheck$$ExternalSyntheticLambda26,app-definition-present,unknown,1,0,unknown,fd-com-kunzisoft-keepass-libre-evidence.json#/rows/1664,False,unknown
fd-com-kunzisoft-keepass-libre,862f87a30baef06181f049adf7c460611605b25a807eaf3c25841a9dd84bed9e,direct-framework-reference,,org/apache/commons/io/file/FilesUncheck$$ExternalSyntheticLambda27,app-definition-present,unknown,1,0,unknown,fd-com-kunzisoft-keepass-libre-evidence.json#/rows/1665,False,unknown
fd-com-kunzisoft-keepass-libre,862f87a30baef06181f049adf7c460611605b25a807eaf3c25841a9dd84bed9e,direct-framework-reference,,org/apache/commons/io/file/FilesUncheck$$ExternalSyntheticLambda28,app-definition-present,unknown,1,0,unknown,fd-com-kunzisoft-keepass-libre-evidence.json#/rows/1666,False,unknown
fd-com-kunzisoft-keepass-libre,862f87a30baef06181f049adf7c460611605b25a807eaf3c25841a9dd84bed9e,direct-framework-reference,,org/apache/commons/io/file/FilesUncheck$$ExternalSyntheticLambda29,app-definition-present,unknown,1,0,unknown,fd-com-kunzisoft-keepass-libre-evidence.json#/rows/1667,False,unknown
fd-com-kunzisoft-keepass-libre,862f87a30baef06181f049adf7c460611605b25a807eaf3c25841a9dd84bed9e,direct-framework-reference,,org/apache/commons/io/file/FilesUncheck$$ExternalSyntheticLambda30,app-definition-present,unknown,1,0,unknown,fd-com-kunzisoft-keepass-libre-evidence.json#/rows/1668,False,unknown
fd-com-kunzisoft-keepass-libre,862f87a30baef06181f049adf7c460611605b25a807eaf3c25841a9dd84bed9e,direct-framework-reference,,org/apache/commons/io/file/FilesUncheck$$ExternalSyntheticLambda31,app-definition-present,unknown,1,0,unknown,fd-com-kunzisoft-keepass-libre-evidence.json#/rows/1669,False,unknown
fd-com-kunzisoft-keepass-libre,862f87a30baef06181f049adf7c460611605b25a807eaf3c25841a9dd84bed9e,direct-framework-reference,,org/apache/commons/io/file/FilesUncheck$$ExternalSyntheticLambda32,app-definition-present,unknown,1,0,unknown,fd-com-kunzisoft-keepass-libre-evidence.json#/rows/1670,False,unknown
fd-com-kunzisoft-keepass-libre,862f87a30baef06181f049adf7c460611605b25a807eaf3c25841a9dd84bed9e,direct-framework-reference,,org/apache/commons/io/file/FilesUncheck$$ExternalSyntheticLambda33,app-definition-present,unknown,1,0,unknown,fd-com-kunzisoft-keepass-libre-evidence.json#/rows/1671,False,unknown
fd-com-kunzisoft-keepass-libre,862f87a30baef06181f049adf7c460611605b25a807eaf3c25841a9dd84bed9e,direct-framework-reference,,org/apache/commons/io/file/FilesUncheck$$ExternalSyntheticLambda34,app-definition-present,unknown,1,0,unknown,fd-com-kunzisoft-keepass-libre-evidence.json#/rows/1672,False,unknown
fd-com-kunzisoft-keepass-libre,862f87a30baef06181f049adf7c460611605b25a807eaf3c25841a9dd84bed9e,direct-framework-reference,,org/apache/commons/io/file/FilesUncheck$$ExternalSyntheticLambda35,app-definition-present,unknown,1,0,unknown,fd-com-kunzisoft-keepass-libre-evidence.json#/rows/1673,False,unknown
fd-com-kunzisoft-keepass-libre,862f87a30baef06181f049adf7c460611605b25a807eaf3c25841a9dd84bed9e,direct-framework-reference,,org/apache/commons/io/file/FilesUncheck$$ExternalSyntheticLambda36,app-definition-present,unknown,1,0,unknown,fd-com-kunzisoft-keepass-libre-evidence.json#/rows/1674,False,unknown
fd-com-kunzisoft-keepass-libre,862f87a30baef06181f049adf7c460611605b25a807eaf3c25841a9dd84bed9e,direct-framework-reference,,org/apache/commons/io/file/FilesUncheck$$ExternalSyntheticLambda37,app-definition-present,unknown,1,0,unknown,fd-com-kunzisoft-keepass-libre-evidence.json#/rows/1675,False,unknown
fd-com-kunzisoft-keepass-libre,862f87a30baef06181f049adf7c460611605b25a807eaf3c25841a9dd84bed9e,direct-framework-reference,,org/apache/commons/io/file/FilesUncheck$$ExternalSyntheticLambda38,app-definition-present,unknown,1,0,unknown,fd-com-kunzisoft-keepass-libre-evidence.json#/rows/1676,False,unknown
fd-com-kunzisoft-keepass-libre,862f87a30baef06181f049adf7c460611605b25a807eaf3c25841a9dd84bed9e,direct-framework-reference,,org/apache/commons/io/file/FilesUncheck$$ExternalSyntheticLambda39,app-definition-present,unknown,1,0,unknown,fd-com-kunzisoft-keepass-libre-evidence.json#/rows/1677,False,unknown
fd-com-kunzisoft-keepass-libre,862f87a30baef06181f049adf7c460611605b25a807eaf3c25841a9dd84bed9e,direct-framework-reference,,org/apache/commons/io/file/FilesUncheck$$ExternalSyntheticLambda40,app-definition-present,unknown,1,0,unknown,fd-com-kunzisoft-keepass-libre-evidence.json#/rows/1678,False,unknown
fd-com-kunzisoft-keepass-libre,862f87a30baef06181f049adf7c460611605b25a807eaf3c25841a9dd84bed9e,direct-framework-reference,,org/apache/commons/io/file/FilesUncheck$$ExternalSyntheticLambda41,app-definition-present,unknown,1,0,unknown,fd-com-kunzisoft-keepass-libre-evidence.json#/rows/1679,False,unknown
fd-com-kunzisoft-keepass-libre,862f87a30baef06181f049adf7c460611605b25a807eaf3c25841a9dd84bed9e,direct-framework-reference,,org/apache/commons/io/file/FilesUncheck$$ExternalSyntheticLambda42,app-definition-present,unknown,1,0,unknown,fd-com-kunzisoft-keepass-libre-evidence.json#/rows/1680,False,unknown
fd-com-kunzisoft-keepass-libre,862f87a30baef06181f049adf7c460611605b25a807eaf3c25841a9dd84bed9e,direct-framework-reference,,org/apache/commons/io/file/FilesUncheck$$ExternalSyntheticLambda43,app-definition-present,unknown,1,0,unknown,fd-com-kunzisoft-keepass-libre-evidence.json#/rows/1681,False,unknown
fd-com-kunzisoft-keepass-libre,862f87a30baef06181f049adf7c460611605b25a807eaf3c25841a9dd84bed9e,direct-framework-reference,,org/apache/commons/io/file/FilesUncheck$$ExternalSyntheticLambda44,app-definition-present,unknown,1,0,unknown,fd-com-kunzisoft-keepass-libre-evidence.json#/rows/1682,False,unknown
fd-com-kunzisoft-keepass-libre,862f87a30baef06181f049adf7c460611605b25a807eaf3c25841a9dd84bed9e,direct-framework-reference,,org/apache/commons/io/file/FilesUncheck$$ExternalSyntheticLambda45,app-definition-present,unknown,1,0,unknown,fd-com-kunzisoft-keepass-libre-evidence.json#/rows/1683,False,unknown
fd-com-kunzisoft-keepass-libre,862f87a30baef06181f049adf7c460611605b25a807eaf3c25841a9dd84bed9e,direct-framework-reference,,org/apache/commons/io/file/FilesUncheck$$ExternalSyntheticLambda46,app-definition-present,unknown,1,0,unknown,fd-com-kunzisoft-keepass-libre-evidence.json#/rows/1684,False,unknown
fd-com-kunzisoft-keepass-libre,862f87a30baef06181f049adf7c460611605b25a807eaf3c25841a9dd84bed9e,direct-framework-reference,,org/apache/commons/io/file/FilesUncheck$$ExternalSyntheticLambda47,app-definition-present,unknown,1,0,unknown,fd-com-kunzisoft-keepass-libre-evidence.json#/rows/1685,False,unknown
fd-com-kunzisoft-keepass-libre,862f87a30baef06181f049adf7c460611605b25a807eaf3c25841a9dd84bed9e,direct-framework-reference,,org/apache/commons/io/file/FilesUncheck$$ExternalSyntheticLambda48,app-definition-present,unknown,1,0,unknown,fd-com-kunzisoft-keepass-libre-evidence.json#/rows/1686,False,unknown
fd-com-kunzisoft-keepass-libre,862f87a30baef06181f049adf7c460611605b25a807eaf3c25841a9dd84bed9e,direct-framework-reference,,org/apache/commons/io/file/FilesUncheck$$ExternalSyntheticLambda49,app-definition-present,unknown,1,0,unknown,fd-com-kunzisoft-keepass-libre-evidence.json#/rows/1687,False,unknown
fd-com-kunzisoft-keepass-libre,862f87a30baef06181f049adf7c460611605b25a807eaf3c25841a9dd84bed9e,direct-framework-reference,,org/apache/commons/io/file/FilesUncheck$$ExternalSyntheticLambda50,app-definition-present,unknown,1,0,unknown,fd-com-kunzisoft-keepass-libre-evidence.json#/rows/1688,False,unknown
fd-com-kunzisoft-keepass-libre,862f87a30baef06181f049adf7c460611605b25a807eaf3c25841a9dd84bed9e,direct-framework-reference,,org/apache/commons/io/file/FilesUncheck$$ExternalSyntheticLambda51,app-definition-present,unknown,1,0,unknown,fd-com-kunzisoft-keepass-libre-evidence.json#/rows/1689,False,unknown
fd-com-kunzisoft-keepass-libre,862f87a30baef06181f049adf7c460611605b25a807eaf3c25841a9dd84bed9e,direct-framework-reference,,org/apache/commons/io/file/FilesUncheck$$ExternalSyntheticLambda52,app-definition-present,unknown,1,0,unknown,fd-com-kunzisoft-keepass-libre-evidence.json#/rows/1690,False,unknown
fd-com-kunzisoft-keepass-libre,862f87a30baef06181f049adf7c460611605b25a807eaf3c25841a9dd84bed9e,direct-framework-reference,,org/apache/commons/io/file/FilesUncheck$$ExternalSyntheticLambda53,app-definition-present,unknown,1,0,unknown,fd-com-kunzisoft-keepass-libre-evidence.json#/rows/1691,False,unknown
fd-com-kunzisoft-keepass-libre,862f87a30baef06181f049adf7c460611605b25a807eaf3c25841a9dd84bed9e,direct-framework-reference,,org/apache/commons/io/file/FilesUncheck$$ExternalSyntheticLambda54,app-definition-present,unknown,1,0,unknown,fd-com-kunzisoft-keepass-libre-evidence.json#/rows/1692,False,unknown
fd-com-kunzisoft-keepass-libre,862f87a30baef06181f049adf7c460611605b25a807eaf3c25841a9dd84bed9e,direct-framework-reference,,org/apache/commons/io/file/FilesUncheck$$ExternalSyntheticLambda55,app-definition-present,unknown,1,0,unknown,fd-com-kunzisoft-keepass-libre-evidence.json#/rows/1693,False,unknown
fd-com-kunzisoft-keepass-libre,862f87a30baef06181f049adf7c460611605b25a807eaf3c25841a9dd84bed9e,direct-framework-reference,,org/apache/commons/io/file/FilesUncheck$$ExternalSyntheticLambda56,app-definition-present,unknown,1,0,unknown,fd-com-kunzisoft-keepass-libre-evidence.json#/rows/1694,False,unknown
fd-com-kunzisoft-keepass-libre,862f87a30baef06181f049adf7c460611605b25a807eaf3c25841a9dd84bed9e,direct-framework-reference,,org/apache/commons/io/file/FilesUncheck$$ExternalSyntheticLambda57,app-definition-present,unknown,1,0,unknown,fd-com-kunzisoft-keepass-libre-evidence.json#/rows/1695,False,unknown
fd-com-kunzisoft-keepass-libre,862f87a30baef06181f049adf7c460611605b25a807eaf3c25841a9dd84bed9e,direct-framework-reference,,org/apache/commons/io/file/FilesUncheck$$ExternalSyntheticLambda58,app-definition-present,unknown,1,0,unknown,fd-com-kunzisoft-keepass-libre-evidence.json#/rows/1696,False,unknown
fd-com-kunzisoft-keepass-libre,862f87a30baef06181f049adf7c460611605b25a807eaf3c25841a9dd84bed9e,direct-framework-reference,,org/apache/commons/io/file/FilesUncheck$$ExternalSyntheticLambda59,app-definition-present,unknown,1,0,unknown,fd-com-kunzisoft-keepass-libre-evidence.json#/rows/1697,False,unknown
fd-com-kunzisoft-keepass-libre,862f87a30baef06181f049adf7c460611605b25a807eaf3c25841a9dd84bed9e,direct-framework-reference,,org/apache/commons/io/file/FilesUncheck$$ExternalSyntheticLambda60,app-definition-present,unknown,1,0,unknown,fd-com-kunzisoft-keepass-libre-evidence.json#/rows/1698,False,unknown
fd-com-kunzisoft-keepass-libre,862f87a30baef06181f049adf7c460611605b25a807eaf3c25841a9dd84bed9e,direct-framework-reference,,org/apache/commons/io/file/FilesUncheck$$ExternalSyntheticLambda61,app-definition-present,unknown,1,0,unknown,fd-com-kunzisoft-keepass-libre-evidence.json#/rows/1699,False,unknown
fd-com-kunzisoft-keepass-libre,862f87a30baef06181f049adf7c460611605b25a807eaf3c25841a9dd84bed9e,direct-framework-reference,,org/apache/commons/io/file/FilesUncheck$$ExternalSyntheticLambda62,app-definition-present,unknown,1,0,unknown,fd-com-kunzisoft-keepass-libre-evidence.json#/rows/1700,False,unknown
fd-com-kunzisoft-keepass-libre,862f87a30baef06181f049adf7c460611605b25a807eaf3c25841a9dd84bed9e,direct-framework-reference,,org/apache/commons/io/file/FilesUncheck$$ExternalSyntheticLambda63,app-definition-present,unknown,1,0,unknown,fd-com-kunzisoft-keepass-libre-evidence.json#/rows/1701,False,unknown
fd-com-kunzisoft-keepass-libre,862f87a30baef06181f049adf7c460611605b25a807eaf3c25841a9dd84bed9e,direct-framework-reference,,org/apache/commons/io/file/FilesUncheck$$ExternalSyntheticLambda64,app-definition-present,unknown,1,0,unknown,fd-com-kunzisoft-keepass-libre-evidence.json#/rows/1702,False,unknown
fd-com-kunzisoft-keepass-libre,862f87a30baef06181f049adf7c460611605b25a807eaf3c25841a9dd84bed9e,direct-framework-reference,,org/apache/commons/io/file/FilesUncheck$$ExternalSyntheticLambda65,app-definition-present,unknown,1,0,unknown,fd-com-kunzisoft-keepass-libre-evidence.json#/rows/1703,False,unknown
fd-com-kunzisoft-keepass-libre,862f87a30baef06181f049adf7c460611605b25a807eaf3c25841a9dd84bed9e,direct-framework-reference,,org/apache/commons/io/file/FilesUncheck$$ExternalSyntheticLambda66,app-definition-present,unknown,1,0,unknown,fd-com-kunzisoft-keepass-libre-evidence.json#/rows/1704,False,unknown
fd-com-kunzisoft-keepass-libre,862f87a30baef06181f049adf7c460611605b25a807eaf3c25841a9dd84bed9e,direct-framework-reference,,org/apache/commons/io/file/FilesUncheck$$ExternalSyntheticLambda67,app-definition-present,unknown,1,0,unknown,fd-com-kunzisoft-keepass-libre-evidence.json#/rows/1705,False,unknown
fd-com-kunzisoft-keepass-libre,862f87a30baef06181f049adf7c460611605b25a807eaf3c25841a9dd84bed9e,direct-framework-reference,,org/apache/commons/io/file/FilesUncheck$$ExternalSyntheticLambda68,app-definition-present,unknown,1,0,unknown,fd-com-kunzisoft-keepass-libre-evidence.json#/rows/1706,False,unknown
fd-com-kunzisoft-keepass-libre,862f87a30baef06181f049adf7c460611605b25a807eaf3c25841a9dd84bed9e,direct-framework-reference,,org/apache/commons/io/file/FilesUncheck$$ExternalSyntheticLambda69,app-definition-present,unknown,1,0,unknown,fd-com-kunzisoft-keepass-libre-evidence.json#/rows/1707,False,unknown
fd-com-kunzisoft-keepass-libre,862f87a30baef06181f049adf7c460611605b25a807eaf3c25841a9dd84bed9e,direct-framework-reference,,org/apache/commons/io/file/FilesUncheck$$ExternalSyntheticLambda70,app-definition-present,unknown,1,0,unknown,fd-com-kunzisoft-keepass-libre-evidence.json#/rows/1708,False,unknown
fd-com-kunzisoft-keepass-libre,862f87a30baef06181f049adf7c460611605b25a807eaf3c25841a9dd84bed9e,direct-framework-reference,,org/apache/commons/io/file/FilesUncheck$$ExternalSyntheticLambda71,app-definition-present,unknown,1,0,unknown,fd-com-kunzisoft-keepass-libre-evidence.json#/rows/1709,False,unknown
fd-com-kunzisoft-keepass-libre,862f87a30baef06181f049adf7c460611605b25a807eaf3c25841a9dd84bed9e,direct-framework-reference,,org/apache/commons/io/file/FilesUncheck$$ExternalSyntheticLambda72,app-definition-present,unknown,1,0,unknown,fd-com-kunzisoft-keepass-libre-evidence.json#/rows/1710,False,unknown
fd-com-kunzisoft-keepass-libre,862f87a30baef06181f049adf7c460611605b25a807eaf3c25841a9dd84bed9e,direct-framework-reference,,org/apache/commons/io/file/FilesUncheck$$ExternalSyntheticLambda73,app-definition-present,unknown,1,0,unknown,fd-com-kunzisoft-keepass-libre-evidence.json#/rows/1711,False,unknown
fd-com-kunzisoft-keepass-libre,862f87a30baef06181f049adf7c460611605b25a807eaf3c25841a9dd84bed9e,direct-framework-reference,,org/apache/commons/io/file/FilesUncheck$$ExternalSyntheticLambda74,app-definition-present,unknown,1,0,unknown,fd-com-kunzisoft-keepass-libre-evidence.json#/rows/1712,False,unknown
fd-com-kunzisoft-keepass-libre,862f87a30baef06181f049adf7c460611605b25a807eaf3c25841a9dd84bed9e,direct-framework-reference,,org/apache/commons/io/file/NoopPathVisitor,app-definition-present,unknown,2,0,unknown,fd-com-kunzisoft-keepass-libre-evidence.json#/rows/1713,False,unknown
fd-com-kunzisoft-keepass-libre,862f87a30baef06181f049adf7c460611605b25a807eaf3c25841a9dd84bed9e,direct-framework-reference,,org/apache/commons/io/file/PathFilter,app-definition-present,unknown,30,0,unknown,fd-com-kunzisoft-keepass-libre-evidence.json#/rows/1714,False,unknown
fd-com-kunzisoft-keepass-libre,862f87a30baef06181f049adf7c460611605b25a807eaf3c25841a9dd84bed9e,direct-framework-reference,,org/apache/commons/io/file/PathUtils,app-definition-present,unknown,133,0,unknown,fd-com-kunzisoft-keepass-libre-evidence.json#/rows/1715,False,unknown
fd-com-kunzisoft-keepass-libre,862f87a30baef06181f049adf7c460611605b25a807eaf3c25841a9dd84bed9e,direct-framework-reference,,org/apache/commons/io/file/PathUtils$$ExternalSyntheticLambda36,app-definition-present,unknown,1,0,unknown,fd-com-kunzisoft-keepass-libre-evidence.json#/rows/1716,False,unknown
fd-com-kunzisoft-keepass-libre,862f87a30baef06181f049adf7c460611605b25a807eaf3c25841a9dd84bed9e,direct-framework-reference,,org/apache/commons/io/file/PathUtils$$ExternalSyntheticLambda37,app-definition-present,unknown,3,0,unknown,fd-com-kunzisoft-keepass-libre-evidence.json#/rows/1717,False,unknown
fd-com-kunzisoft-keepass-libre,862f87a30baef06181f049adf7c460611605b25a807eaf3c25841a9dd84bed9e,direct-framework-reference,,org/apache/commons/io/file/PathUtils$$ExternalSyntheticLambda38,app-definition-present,unknown,3,0,unknown,fd-com-kunzisoft-keepass-libre-evidence.json#/rows/1718,False,unknown
fd-com-kunzisoft-keepass-libre,862f87a30baef06181f049adf7c460611605b25a807eaf3c25841a9dd84bed9e,direct-framework-reference,,org/apache/commons/io/file/PathUtils$$ExternalSyntheticLambda39,app-definition-present,unknown,1,0,unknown,fd-com-kunzisoft-keepass-libre-evidence.json#/rows/1719,False,unknown
fd-com-kunzisoft-keepass-libre,862f87a30baef06181f049adf7c460611605b25a807eaf3c25841a9dd84bed9e,direct-framework-reference,,org/apache/commons/io/file/PathUtils$$ExternalSyntheticLambda40,app-definition-present,unknown,1,0,unknown,fd-com-kunzisoft-keepass-libre-evidence.json#/rows/1720,False,unknown
fd-com-kunzisoft-keepass-libre,862f87a30baef06181f049adf7c460611605b25a807eaf3c25841a9dd84bed9e,direct-framework-reference,,org/apache/commons/io/file/PathUtils$$ExternalSyntheticLambda41,app-definition-present,unknown,3,0,unknown,fd-com-kunzisoft-keepass-libre-evidence.json#/rows/1721,False,unknown
fd-com-kunzisoft-keepass-libre,862f87a30baef06181f049adf7c460611605b25a807eaf3c25841a9dd84bed9e,direct-framework-reference,,org/apache/commons/io/file/PathUtils$$ExternalSyntheticLambda42,app-definition-present,unknown,1,0,unknown,fd-com-kunzisoft-keepass-libre-evidence.json#/rows/1722,False,unknown
fd-com-kunzisoft-keepass-libre,862f87a30baef06181f049adf7c460611605b25a807eaf3c25841a9dd84bed9e,direct-framework-reference,,org/apache/commons/io/file/PathUtils$$ExternalSyntheticLambda43,app-definition-present,unknown,3,0,unknown,fd-com-kunzisoft-keepass-libre-evidence.json#/rows/1723,False,unknown
fd-com-kunzisoft-keepass-libre,862f87a30baef06181f049adf7c460611605b25a807eaf3c25841a9dd84bed9e,direct-framework-reference,,org/apache/commons/io/file/PathUtils$$ExternalSyntheticStaticInterfaceCall34,app-definition-present,unknown,11,0,unknown,fd-com-kunzisoft-keepass-libre-evidence.json#/rows/1724,False,unknown
fd-com-kunzisoft-keepass-libre,862f87a30baef06181f049adf7c460611605b25a807eaf3c25841a9dd84bed9e,direct-framework-reference,,org/apache/commons/io/file/PathUtils$1,app-definition-present,unknown,2,0,unknown,fd-com-kunzisoft-keepass-libre-evidence.json#/rows/1725,False,unknown
fd-com-kunzisoft-keepass-libre,862f87a30baef06181f049adf7c460611605b25a807eaf3c25841a9dd84bed9e,direct-framework-reference,,org/apache/commons/io/file/PathUtils$RelativeSortedPaths,app-definition-present,unknown,7,0,unknown,fd-com-kunzisoft-keepass-libre-evidence.json#/rows/1726,False,unknown
fd-com-kunzisoft-keepass-libre,862f87a30baef06181f049adf7c460611605b25a807eaf3c25841a9dd84bed9e,direct-framework-reference,,org/apache/commons/io/file/PathVisitor,app-definition-present,unknown,3,0,unknown,fd-com-kunzisoft-keepass-libre-evidence.json#/rows/1727,False,unknown
fd-com-kunzisoft-keepass-libre,862f87a30baef06181f049adf7c460611605b25a807eaf3c25841a9dd84bed9e,direct-framework-reference,,org/apache/commons/io/file/SimplePathVisitor,app-definition-present,unknown,14,0,unknown,fd-com-kunzisoft-keepass-libre-evidence.json#/rows/1728,False,unknown
fd-com-kunzisoft-keepass-libre,862f87a30baef06181f049adf7c460611605b25a807eaf3c25841a9dd84bed9e,direct-framework-reference,,org/apache/commons/io/file/SimplePathVisitor$$ExternalSyntheticLambda0,app-definition-present,unknown,3,0,unknown,fd-com-kunzisoft-keepass-libre-evidence.json#/rows/1729,False,unknown
fd-com-kunzisoft-keepass-libre,862f87a30baef06181f049adf7c460611605b25a807eaf3c25841a9dd84bed9e,direct-framework-reference,,org/apache/commons/io/file/SimplePathVisitor$$ExternalSyntheticLambda1,app-definition-present,unknown,3,0,unknown,fd-com-kunzisoft-keepass-libre-evidence.json#/rows/1730,False,unknown
fd-com-kunzisoft-keepass-libre,862f87a30baef06181f049adf7c460611605b25a807eaf3c25841a9dd84bed9e,direct-framework-reference,,org/apache/commons/io/file/SimplePathVisitor$AbstractBuilder,app-definition-present,unknown,7,0,unknown,fd-com-kunzisoft-keepass-libre-evidence.json#/rows/1731,False,unknown
fd-com-kunzisoft-keepass-libre,862f87a30baef06181f049adf7c460611605b25a807eaf3c25841a9dd84bed9e,direct-framework-reference,,org/apache/commons/io/file/StandardDeleteOption,app-definition-present,unknown,10,0,unknown,fd-com-kunzisoft-keepass-libre-evidence.json#/rows/1732,False,unknown
fd-com-kunzisoft-keepass-libre,862f87a30baef06181f049adf7c460611605b25a807eaf3c25841a9dd84bed9e,direct-framework-reference,,org/apache/commons/io/file/StandardDeleteOption$$ExternalSyntheticLambda0,app-definition-present,unknown,1,0,unknown,fd-com-kunzisoft-keepass-libre-evidence.json#/rows/1733,False,unknown
fd-com-kunzisoft-keepass-libre,862f87a30baef06181f049adf7c460611605b25a807eaf3c25841a9dd84bed9e,direct-framework-reference,,org/apache/commons/io/file/attribute/FileTimes,app-definition-present,unknown,16,0,unknown,fd-com-kunzisoft-keepass-libre-evidence.json#/rows/1734,False,unknown
fd-com-kunzisoft-keepass-libre,862f87a30baef06181f049adf7c460611605b25a807eaf3c25841a9dd84bed9e,direct-framework-reference,,org/apache/commons/io/file/spi/FileSystemProviders,app-definition-present,unknown,7,0,unknown,fd-com-kunzisoft-keepass-libre-evidence.json#/rows/1735,False,unknown
fd-com-kunzisoft-keepass-libre,862f87a30baef06181f049adf7c460611605b25a807eaf3c25841a9dd84bed9e,direct-framework-reference,,org/apache/commons/io/file/spi/FileSystemProviders$$ExternalSyntheticLambda5,app-definition-present,unknown,3,0,unknown,fd-com-kunzisoft-keepass-libre-evidence.json#/rows/1736,False,unknown
fd-com-kunzisoft-keepass-libre,862f87a30baef06181f049adf7c460611605b25a807eaf3c25841a9dd84bed9e,direct-framework-reference,,org/apache/commons/io/filefilter/AbstractFileFilter,app-definition-present,unknown,60,0,unknown,fd-com-kunzisoft-keepass-libre-evidence.json#/rows/1737,False,unknown
fd-com-kunzisoft-keepass-libre,862f87a30baef06181f049adf7c460611605b25a807eaf3c25841a9dd84bed9e,direct-framework-reference,,org/apache/commons/io/filefilter/AgeFileFilter,app-definition-present,unknown,20,0,unknown,fd-com-kunzisoft-keepass-libre-evidence.json#/rows/1738,False,unknown
fd-com-kunzisoft-keepass-libre,862f87a30baef06181f049adf7c460611605b25a807eaf3c25841a9dd84bed9e,direct-framework-reference,,org/apache/commons/io/filefilter/AgeFileFilter$$ExternalSyntheticLambda2,app-definition-present,unknown,3,0,unknown,fd-com-kunzisoft-keepass-libre-evidence.json#/rows/1739,False,unknown
fd-com-kunzisoft-keepass-libre,862f87a30baef06181f049adf7c460611605b25a807eaf3c25841a9dd84bed9e,direct-framework-reference,,org/apache/commons/io/filefilter/AndFileFilter,app-definition-present,unknown,24,0,unknown,fd-com-kunzisoft-keepass-libre-evidence.json#/rows/1740,False,unknown
fd-com-kunzisoft-keepass-libre,862f87a30baef06181f049adf7c460611605b25a807eaf3c25841a9dd84bed9e,direct-framework-reference,,org/apache/commons/io/filefilter/AndFileFilter$$ExternalSyntheticLambda1,app-definition-present,unknown,3,0,unknown,fd-com-kunzisoft-keepass-libre-evidence.json#/rows/1741,False,unknown
fd-com-kunzisoft-keepass-libre,862f87a30baef06181f049adf7c460611605b25a807eaf3c25841a9dd84bed9e,direct-framework-reference,,org/apache/commons/io/filefilter/AndFileFilter$$ExternalSyntheticLambda2,app-definition-present,unknown,3,0,unknown,fd-com-kunzisoft-keepass-libre-evidence.json#/rows/1742,False,unknown
fd-com-kunzisoft-keepass-libre,862f87a30baef06181f049adf7c460611605b25a807eaf3c25841a9dd84bed9e,direct-framework-reference,,org/apache/commons/io/filefilter/AndFileFilter$$ExternalSyntheticLambda3,app-definition-present,unknown,3,0,unknown,fd-com-kunzisoft-keepass-libre-evidence.json#/rows/1743,False,unknown
fd-com-kunzisoft-keepass-libre,862f87a30baef06181f049adf7c460611605b25a807eaf3c25841a9dd84bed9e,direct-framework-reference,,org/apache/commons/io/filefilter/AndFileFilter$$ExternalSyntheticLambda4,app-definition-present,unknown,3,0,unknown,fd-com-kunzisoft-keepass-libre-evidence.json#/rows/1744,False,unknown
fd-com-kunzisoft-keepass-libre,862f87a30baef06181f049adf7c460611605b25a807eaf3c25841a9dd84bed9e,direct-framework-reference,,org/apache/commons/io/filefilter/CanExecuteFileFilter,app-definition-present,unknown,2,0,unknown,fd-com-kunzisoft-keepass-libre-evidence.json#/rows/1745,False,unknown
fd-com-kunzisoft-keepass-libre,862f87a30baef06181f049adf7c460611605b25a807eaf3c25841a9dd84bed9e,direct-framework-reference,,org/apache/commons/io/filefilter/CanReadFileFilter,app-definition-present,unknown,2,0,unknown,fd-com-kunzisoft-keepass-libre-evidence.json#/rows/1746,False,unknown
fd-com-kunzisoft-keepass-libre,862f87a30baef06181f049adf7c460611605b25a807eaf3c25841a9dd84bed9e,direct-framework-reference,,org/apache/commons/io/filefilter/CanWriteFileFilter,app-definition-present,unknown,3,0,unknown,fd-com-kunzisoft-keepass-libre-evidence.json#/rows/1747,False,unknown
fd-com-kunzisoft-keepass-libre,862f87a30baef06181f049adf7c460611605b25a807eaf3c25841a9dd84bed9e,direct-framework-reference,,org/apache/commons/io/filefilter/DelegateFileFilter,app-definition-present,unknown,7,0,unknown,fd-com-kunzisoft-keepass-libre-evidence.json#/rows/1748,False,unknown
fd-com-kunzisoft-keepass-libre,862f87a30baef06181f049adf7c460611605b25a807eaf3c25841a9dd84bed9e,direct-framework-reference,,org/apache/commons/io/filefilter/DirectoryFileFilter,app-definition-present,unknown,5,0,unknown,fd-com-kunzisoft-keepass-libre-evidence.json#/rows/1749,False,unknown
fd-com-kunzisoft-keepass-libre,862f87a30baef06181f049adf7c460611605b25a807eaf3c25841a9dd84bed9e,direct-framework-reference,,org/apache/commons/io/filefilter/EmptyFileFilter,app-definition-present,unknown,5,0,unknown,fd-com-kunzisoft-keepass-libre-evidence.json#/rows/1750,False,unknown
fd-com-kunzisoft-keepass-libre,862f87a30baef06181f049adf7c460611605b25a807eaf3c25841a9dd84bed9e,direct-framework-reference,,org/apache/commons/io/filefilter/EmptyFileFilter$$ExternalSyntheticLambda0,app-definition-present,unknown,3,0,unknown,fd-com-kunzisoft-keepass-libre-evidence.json#/rows/1751,False,unknown
fd-com-kunzisoft-keepass-libre,862f87a30baef06181f049adf7c460611605b25a807eaf3c25841a9dd84bed9e,direct-framework-reference,,org/apache/commons/io/filefilter/FalseFileFilter,app-definition-present,unknown,5,0,unknown,fd-com-kunzisoft-keepass-libre-evidence.json#/rows/1752,False,unknown
fd-com-kunzisoft-keepass-libre,862f87a30baef06181f049adf7c460611605b25a807eaf3c25841a9dd84bed9e,direct-framework-reference,,org/apache/commons/io/filefilter/FileEqualsFileFilter,app-definition-present,unknown,4,0,unknown,fd-com-kunzisoft-keepass-libre-evidence.json#/rows/1753,False,unknown
fd-com-kunzisoft-keepass-libre,862f87a30baef06181f049adf7c460611605b25a807eaf3c25841a9dd84bed9e,direct-framework-reference,,org/apache/commons/io/filefilter/FileFileFilter,app-definition-present,unknown,7,0,unknown,fd-com-kunzisoft-keepass-libre-evidence.json#/rows/1754,False,unknown
fd-com-kunzisoft-keepass-libre,862f87a30baef06181f049adf7c460611605b25a807eaf3c25841a9dd84bed9e,direct-framework-reference,,org/apache/commons/io/filefilter/FileFilterUtils,app-definition-present,unknown,12,0,unknown,fd-com-kunzisoft-keepass-libre-evidence.json#/rows/1755,False,unknown
fd-com-kunzisoft-keepass-libre,862f87a30baef06181f049adf7c460611605b25a807eaf3c25841a9dd84bed9e,direct-framework-reference,,org/apache/commons/io/filefilter/FileFilterUtils$$ExternalSyntheticLambda0,app-definition-present,unknown,1,0,unknown,fd-com-kunzisoft-keepass-libre-evidence.json#/rows/1756,False,unknown
fd-com-kunzisoft-keepass-libre,862f87a30baef06181f049adf7c460611605b25a807eaf3c25841a9dd84bed9e,direct-framework-reference,,org/apache/commons/io/filefilter/FileFilterUtils$$ExternalSyntheticLambda1,app-definition-present,unknown,3,0,unknown,fd-com-kunzisoft-keepass-libre-evidence.json#/rows/1757,False,unknown
fd-com-kunzisoft-keepass-libre,862f87a30baef06181f049adf7c460611605b25a807eaf3c25841a9dd84bed9e,direct-framework-reference,,org/apache/commons/io/filefilter/HiddenFileFilter,app-definition-present,unknown,5,0,unknown,fd-com-kunzisoft-keepass-libre-evidence.json#/rows/1758,False,unknown
fd-com-kunzisoft-keepass-libre,862f87a30baef06181f049adf7c460611605b25a807eaf3c25841a9dd84bed9e,direct-framework-reference,,org/apache/commons/io/filefilter/HiddenFileFilter$$ExternalSyntheticLambda0,app-definition-present,unknown,3,0,unknown,fd-com-kunzisoft-keepass-libre-evidence.json#/rows/1759,False,unknown
fd-com-kunzisoft-keepass-libre,862f87a30baef06181f049adf7c460611605b25a807eaf3c25841a9dd84bed9e,direct-framework-reference,,org/apache/commons/io/filefilter/IOFileFilter,app-definition-present,unknown,95,0,unknown,fd-com-kunzisoft-keepass-libre-evidence.json#/rows/1760,False,unknown
fd-com-kunzisoft-keepass-libre,862f87a30baef06181f049adf7c460611605b25a807eaf3c25841a9dd84bed9e,direct-framework-reference,,org/apache/commons/io/filefilter/IOFileFilter$-CC,app-definition-present,unknown,7,0,unknown,fd-com-kunzisoft-keepass-libre-evidence.json#/rows/1761,False,unknown
fd-com-kunzisoft-keepass-libre,862f87a30baef06181f049adf7c460611605b25a807eaf3c25841a9dd84bed9e,direct-framework-reference,,org/apache/commons/io/filefilter/MagicNumberFileFilter,app-definition-present,unknown,14,0,unknown,fd-com-kunzisoft-keepass-libre-evidence.json#/rows/1762,False,unknown
fd-com-kunzisoft-keepass-libre,862f87a30baef06181f049adf7c460611605b25a807eaf3c25841a9dd84bed9e,direct-framework-reference,,org/apache/commons/io/filefilter/MagicNumberFileFilter$$ExternalSyntheticLambda1,app-definition-present,unknown,3,0,unknown,fd-com-kunzisoft-keepass-libre-evidence.json#/rows/1763,False,unknown
fd-com-kunzisoft-keepass-libre,862f87a30baef06181f049adf7c460611605b25a807eaf3c25841a9dd84bed9e,direct-framework-reference,,org/apache/commons/io/filefilter/NameFileFilter,app-definition-present,unknown,16,0,unknown,fd-com-kunzisoft-keepass-libre-evidence.json#/rows/1764,False,unknown
fd-com-kunzisoft-keepass-libre,862f87a30baef06181f049adf7c460611605b25a807eaf3c25841a9dd84bed9e,direct-framework-reference,,org/apache/commons/io/filefilter/NameFileFilter$$ExternalSyntheticLambda0,app-definition-present,unknown,3,0,unknown,fd-com-kunzisoft-keepass-libre-evidence.json#/rows/1765,False,unknown
fd-com-kunzisoft-keepass-libre,862f87a30baef06181f049adf7c460611605b25a807eaf3c25841a9dd84bed9e,direct-framework-reference,,org/apache/commons/io/filefilter/NotFileFilter,app-definition-present,unknown,6,0,unknown,fd-com-kunzisoft-keepass-libre-evidence.json#/rows/1766,False,unknown
fd-com-kunzisoft-keepass-libre,862f87a30baef06181f049adf7c460611605b25a807eaf3c25841a9dd84bed9e,direct-framework-reference,,org/apache/commons/io/filefilter/OrFileFilter,app-definition-present,unknown,23,0,unknown,fd-com-kunzisoft-keepass-libre-evidence.json#/rows/1767,False,unknown
fd-com-kunzisoft-keepass-libre,862f87a30baef06181f049adf7c460611605b25a807eaf3c25841a9dd84bed9e,direct-framework-reference,,org/apache/commons/io/filefilter/OrFileFilter$$ExternalSyntheticLambda0,app-definition-present,unknown,3,0,unknown,fd-com-kunzisoft-keepass-libre-evidence.json#/rows/1768,False,unknown
fd-com-kunzisoft-keepass-libre,862f87a30baef06181f049adf7c460611605b25a807eaf3c25841a9dd84bed9e,direct-framework-reference,,org/apache/commons/io/filefilter/OrFileFilter$$ExternalSyntheticLambda1,app-definition-present,unknown,3,0,unknown,fd-com-kunzisoft-keepass-libre-evidence.json#/rows/1769,False,unknown
fd-com-kunzisoft-keepass-libre,862f87a30baef06181f049adf7c460611605b25a807eaf3c25841a9dd84bed9e,direct-framework-reference,,org/apache/commons/io/filefilter/OrFileFilter$$ExternalSyntheticLambda2,app-definition-present,unknown,3,0,unknown,fd-com-kunzisoft-keepass-libre-evidence.json#/rows/1770,False,unknown
fd-com-kunzisoft-keepass-libre,862f87a30baef06181f049adf7c460611605b25a807eaf3c25841a9dd84bed9e,direct-framework-reference,,org/apache/commons/io/filefilter/OrFileFilter$$ExternalSyntheticLambda3,app-definition-present,unknown,3,0,unknown,fd-com-kunzisoft-keepass-libre-evidence.json#/rows/1771,False,unknown
fd-com-kunzisoft-keepass-libre,862f87a30baef06181f049adf7c460611605b25a807eaf3c25841a9dd84bed9e,direct-framework-reference,,org/apache/commons/io/filefilter/PathEqualsFileFilter,app-definition-present,unknown,3,0,unknown,fd-com-kunzisoft-keepass-libre-evidence.json#/rows/1772,False,unknown
fd-com-kunzisoft-keepass-libre,862f87a30baef06181f049adf7c460611605b25a807eaf3c25841a9dd84bed9e,direct-framework-reference,,org/apache/commons/io/filefilter/PathMatcherFileFilter,app-definition-present,unknown,3,0,unknown,fd-com-kunzisoft-keepass-libre-evidence.json#/rows/1773,False,unknown
fd-com-kunzisoft-keepass-libre,862f87a30baef06181f049adf7c460611605b25a807eaf3c25841a9dd84bed9e,direct-framework-reference,,org/apache/commons/io/filefilter/PathVisitorFileFilter,app-definition-present,unknown,9,0,unknown,fd-com-kunzisoft-keepass-libre-evidence.json#/rows/1774,False,unknown
fd-com-kunzisoft-keepass-libre,862f87a30baef06181f049adf7c460611605b25a807eaf3c25841a9dd84bed9e,direct-framework-reference,,org/apache/commons/io/filefilter/PathVisitorFileFilter$$ExternalSyntheticLambda0,app-definition-present,unknown,3,0,unknown,fd-com-kunzisoft-keepass-libre-evidence.json#/rows/1775,False,unknown
fd-com-kunzisoft-keepass-libre,862f87a30baef06181f049adf7c460611605b25a807eaf3c25841a9dd84bed9e,direct-framework-reference,,org/apache/commons/io/filefilter/PrefixFileFilter,app-definition-present,unknown,16,0,unknown,fd-com-kunzisoft-keepass-libre-evidence.json#/rows/1776,False,unknown
fd-com-kunzisoft-keepass-libre,862f87a30baef06181f049adf7c460611605b25a807eaf3c25841a9dd84bed9e,direct-framework-reference,,org/apache/commons/io/filefilter/PrefixFileFilter$$ExternalSyntheticLambda0,app-definition-present,unknown,3,0,unknown,fd-com-kunzisoft-keepass-libre-evidence.json#/rows/1777,False,unknown
fd-com-kunzisoft-keepass-libre,862f87a30baef06181f049adf7c460611605b25a807eaf3c25841a9dd84bed9e,direct-framework-reference,,org/apache/commons/io/filefilter/PrefixFileFilter$$ExternalSyntheticLambda1,app-definition-present,unknown,1,0,unknown,fd-com-kunzisoft-keepass-libre-evidence.json#/rows/1778,False,unknown
fd-com-kunzisoft-keepass-libre,862f87a30baef06181f049adf7c460611605b25a807eaf3c25841a9dd84bed9e,direct-framework-reference,,org/apache/commons/io/filefilter/RegexFileFilter,app-definition-present,unknown,8,0,unknown,fd-com-kunzisoft-keepass-libre-evidence.json#/rows/1779,False,unknown
fd-com-kunzisoft-keepass-libre,862f87a30baef06181f049adf7c460611605b25a807eaf3c25841a9dd84bed9e,direct-framework-reference,,org/apache/commons/io/filefilter/RegexFileFilter$$ExternalSyntheticLambda1,app-definition-present,unknown,1,0,unknown,fd-com-kunzisoft-keepass-libre-evidence.json#/rows/1780,False,unknown
fd-com-kunzisoft-keepass-libre,862f87a30baef06181f049adf7c460611605b25a807eaf3c25841a9dd84bed9e,direct-framework-reference,,org/apache/commons/io/filefilter/RegexFileFilter$$ExternalSyntheticLambda2,app-definition-present,unknown,1,0,unknown,fd-com-kunzisoft-keepass-libre-evidence.json#/rows/1781,False,unknown
fd-com-kunzisoft-keepass-libre,862f87a30baef06181f049adf7c460611605b25a807eaf3c25841a9dd84bed9e,direct-framework-reference,,org/apache/commons/io/filefilter/SizeFileFilter,app-definition-present,unknown,14,0,unknown,fd-com-kunzisoft-keepass-libre-evidence.json#/rows/1782,False,unknown
fd-com-kunzisoft-keepass-libre,862f87a30baef06181f049adf7c460611605b25a807eaf3c25841a9dd84bed9e,direct-framework-reference,,org/apache/commons/io/filefilter/SizeFileFilter$$ExternalSyntheticLambda0,app-definition-present,unknown,3,0,unknown,fd-com-kunzisoft-keepass-libre-evidence.json#/rows/1783,False,unknown
fd-com-kunzisoft-keepass-libre,862f87a30baef06181f049adf7c460611605b25a807eaf3c25841a9dd84bed9e,direct-framework-reference,,org/apache/commons/io/filefilter/SuffixFileFilter,app-definition-present,unknown,19,0,unknown,fd-com-kunzisoft-keepass-libre-evidence.json#/rows/1784,False,unknown
fd-com-kunzisoft-keepass-libre,862f87a30baef06181f049adf7c460611605b25a807eaf3c25841a9dd84bed9e,direct-framework-reference,,org/apache/commons/io/filefilter/SuffixFileFilter$$ExternalSyntheticLambda0,app-definition-present,unknown,3,0,unknown,fd-com-kunzisoft-keepass-libre-evidence.json#/rows/1785,False,unknown
fd-com-kunzisoft-keepass-libre,862f87a30baef06181f049adf7c460611605b25a807eaf3c25841a9dd84bed9e,direct-framework-reference,,org/apache/commons/io/filefilter/SymbolicLinkFileFilter,app-definition-present,unknown,4,0,unknown,fd-com-kunzisoft-keepass-libre-evidence.json#/rows/1786,False,unknown
fd-com-kunzisoft-keepass-libre,862f87a30baef06181f049adf7c460611605b25a807eaf3c25841a9dd84bed9e,direct-framework-reference,,org/apache/commons/io/filefilter/TrueFileFilter,app-definition-present,unknown,9,0,unknown,fd-com-kunzisoft-keepass-libre-evidence.json#/rows/1787,False,unknown
fd-com-kunzisoft-keepass-libre,862f87a30baef06181f049adf7c460611605b25a807eaf3c25841a9dd84bed9e,direct-framework-reference,,org/apache/commons/io/filefilter/WildcardFileFilter,app-definition-present,unknown,22,0,unknown,fd-com-kunzisoft-keepass-libre-evidence.json#/rows/1788,False,unknown
fd-com-kunzisoft-keepass-libre,862f87a30baef06181f049adf7c460611605b25a807eaf3c25841a9dd84bed9e,direct-framework-reference,,org/apache/commons/io/filefilter/WildcardFileFilter$$ExternalSyntheticLambda0,app-definition-present,unknown,3,0,unknown,fd-com-kunzisoft-keepass-libre-evidence.json#/rows/1789,False,unknown
fd-com-kunzisoft-keepass-libre,862f87a30baef06181f049adf7c460611605b25a807eaf3c25841a9dd84bed9e,direct-framework-reference,,org/apache/commons/io/filefilter/WildcardFileFilter$1,app-definition-present,unknown,1,0,unknown,fd-com-kunzisoft-keepass-libre-evidence.json#/rows/1790,False,unknown
fd-com-kunzisoft-keepass-libre,862f87a30baef06181f049adf7c460611605b25a807eaf3c25841a9dd84bed9e,direct-framework-reference,,org/apache/commons/io/filefilter/WildcardFileFilter$Builder,app-definition-present,unknown,11,0,unknown,fd-com-kunzisoft-keepass-libre-evidence.json#/rows/1791,False,unknown
fd-com-kunzisoft-keepass-libre,862f87a30baef06181f049adf7c460611605b25a807eaf3c25841a9dd84bed9e,direct-framework-reference,,org/apache/commons/io/filefilter/WildcardFilter,app-definition-present,unknown,9,0,unknown,fd-com-kunzisoft-keepass-libre-evidence.json#/rows/1792,False,unknown
fd-com-kunzisoft-keepass-libre,862f87a30baef06181f049adf7c460611605b25a807eaf3c25841a9dd84bed9e,direct-framework-reference,,org/apache/commons/io/filefilter/WildcardFilter$$ExternalSyntheticLambda0,app-definition-present,unknown,3,0,unknown,fd-com-kunzisoft-keepass-libre-evidence.json#/rows/1793,False,unknown
fd-com-kunzisoft-keepass-libre,862f87a30baef06181f049adf7c460611605b25a807eaf3c25841a9dd84bed9e,direct-framework-reference,,org/apache/commons/io/filefilter/WildcardFilter$$ExternalSyntheticLambda1,app-definition-present,unknown,3,0,unknown,fd-com-kunzisoft-keepass-libre-evidence.json#/rows/1794,False,unknown
fd-com-kunzisoft-keepass-libre,862f87a30baef06181f049adf7c460611605b25a807eaf3c25841a9dd84bed9e,direct-framework-reference,,org/apache/commons/io/filefilter/WildcardFilter$$ExternalSyntheticLambda2,app-definition-present,unknown,3,0,unknown,fd-com-kunzisoft-keepass-libre-evidence.json#/rows/1795,False,unknown
fd-com-kunzisoft-keepass-libre,862f87a30baef06181f049adf7c460611605b25a807eaf3c25841a9dd84bed9e,direct-framework-reference,,org/apache/commons/io/function/Constants,app-definition-present,unknown,14,0,unknown,fd-com-kunzisoft-keepass-libre-evidence.json#/rows/1796,False,unknown
fd-com-kunzisoft-keepass-libre,862f87a30baef06181f049adf7c460611605b25a807eaf3c25841a9dd84bed9e,direct-framework-reference,,org/apache/commons/io/function/Constants$$ExternalSyntheticLambda0,app-definition-present,unknown,1,0,unknown,fd-com-kunzisoft-keepass-libre-evidence.json#/rows/1797,False,unknown
fd-com-kunzisoft-keepass-libre,862f87a30baef06181f049adf7c460611605b25a807eaf3c25841a9dd84bed9e,direct-framework-reference,,org/apache/commons/io/function/Constants$$ExternalSyntheticLambda1,app-definition-present,unknown,1,0,unknown,fd-com-kunzisoft-keepass-libre-evidence.json#/rows/1798,False,unknown
fd-com-kunzisoft-keepass-libre,862f87a30baef06181f049adf7c460611605b25a807eaf3c25841a9dd84bed9e,direct-framework-reference,,org/apache/commons/io/function/Constants$$ExternalSyntheticLambda2,app-definition-present,unknown,1,0,unknown,fd-com-kunzisoft-keepass-libre-evidence.json#/rows/1799,False,unknown
fd-com-kunzisoft-keepass-libre,862f87a30baef06181f049adf7c460611605b25a807eaf3c25841a9dd84bed9e,direct-framework-reference,,org/apache/commons/io/function/Constants$$ExternalSyntheticLambda3,app-definition-present,unknown,1,0,unknown,fd-com-kunzisoft-keepass-libre-evidence.json#/rows/1800,False,unknown
fd-com-kunzisoft-keepass-libre,862f87a30baef06181f049adf7c460611605b25a807eaf3c25841a9dd84bed9e,direct-framework-reference,,org/apache/commons/io/function/Constants$$ExternalSyntheticLambda4,app-definition-present,unknown,1,0,unknown,fd-com-kunzisoft-keepass-libre-evidence.json#/rows/1801,False,unknown
fd-com-kunzisoft-keepass-libre,862f87a30baef06181f049adf7c460611605b25a807eaf3c25841a9dd84bed9e,direct-framework-reference,,org/apache/commons/io/function/Constants$$ExternalSyntheticLambda5,app-definition-present,unknown,1,0,unknown,fd-com-kunzisoft-keepass-libre-evidence.json#/rows/1802,False,unknown
fd-com-kunzisoft-keepass-libre,862f87a30baef06181f049adf7c460611605b25a807eaf3c25841a9dd84bed9e,direct-framework-reference,,org/apache/commons/io/function/Constants$$ExternalSyntheticLambda6,app-definition-present,unknown,1,0,unknown,fd-com-kunzisoft-keepass-libre-evidence.json#/rows/1803,False,unknown
fd-com-kunzisoft-keepass-libre,862f87a30baef06181f049adf7c460611605b25a807eaf3c25841a9dd84bed9e,direct-framework-reference,,org/apache/commons/io/function/Erase,app-definition-present,unknown,36,0,unknown,fd-com-kunzisoft-keepass-libre-evidence.json#/rows/1804,False,unknown
fd-com-kunzisoft-keepass-libre,862f87a30baef06181f049adf7c460611605b25a807eaf3c25841a9dd84bed9e,direct-framework-reference,,org/apache/commons/io/function/IOBaseStream,app-definition-present,unknown,29,0,unknown,fd-com-kunzisoft-keepass-libre-evidence.json#/rows/1805,False,unknown
fd-com-kunzisoft-keepass-libre,862f87a30baef06181f049adf7c460611605b25a807eaf3c25841a9dd84bed9e,direct-framework-reference,,org/apache/commons/io/function/IOBaseStream$$ExternalSyntheticLambda8,app-definition-present,unknown,3,0,unknown,fd-com-kunzisoft-keepass-libre-evidence.json#/rows/1806,False,unknown
fd-com-kunzisoft-keepass-libre,862f87a30baef06181f049adf7c460611605b25a807eaf3c25841a9dd84bed9e,direct-framework-reference,,org/apache/commons/io/function/IOBaseStream$-CC,app-definition-present,unknown,10,0,unknown,fd-com-kunzisoft-keepass-libre-evidence.json#/rows/1807,False,unknown
fd-com-kunzisoft-keepass-libre,862f87a30baef06181f049adf7c460611605b25a807eaf3c25841a9dd84bed9e,direct-framework-reference,,org/apache/commons/io/function/IOBaseStreamAdapter,app-definition-present,unknown,3,0,unknown,fd-com-kunzisoft-keepass-libre-evidence.json#/rows/1808,False,unknown
fd-com-kunzisoft-keepass-libre,862f87a30baef06181f049adf7c460611605b25a807eaf3c25841a9dd84bed9e,direct-framework-reference,,org/apache/commons/io/function/IOBiConsumer,app-definition-present,unknown,31,0,unknown,fd-com-kunzisoft-keepass-libre-evidence.json#/rows/1809,False,unknown
fd-com-kunzisoft-keepass-libre,862f87a30baef06181f049adf7c460611605b25a807eaf3c25841a9dd84bed9e,direct-framework-reference,,org/apache/commons/io/function/IOBiConsumer$$ExternalSyntheticLambda0,app-definition-present,unknown,3,0,unknown,fd-com-kunzisoft-keepass-libre-evidence.json#/rows/1810,False,unknown
fd-com-kunzisoft-keepass-libre,862f87a30baef06181f049adf7c460611605b25a807eaf3c25841a9dd84bed9e,direct-framework-reference,,org/apache/commons/io/function/IOBiConsumer$$ExternalSyntheticLambda1,app-definition-present,unknown,3,0,unknown,fd-com-kunzisoft-keepass-libre-evidence.json#/rows/1811,False,unknown
fd-com-kunzisoft-keepass-libre,862f87a30baef06181f049adf7c460611605b25a807eaf3c25841a9dd84bed9e,direct-framework-reference,,org/apache/commons/io/function/IOBiConsumer$-CC,app-definition-present,unknown,8,0,unknown,fd-com-kunzisoft-keepass-libre-evidence.json#/rows/1812,False,unknown
fd-com-kunzisoft-keepass-libre,862f87a30baef06181f049adf7c460611605b25a807eaf3c25841a9dd84bed9e,direct-framework-reference,,org/apache/commons/io/function/IOBiFunction,app-definition-present,unknown,118,0,unknown,fd-com-kunzisoft-keepass-libre-evidence.json#/rows/1813,False,unknown
fd-com-kunzisoft-keepass-libre,862f87a30baef06181f049adf7c460611605b25a807eaf3c25841a9dd84bed9e,direct-framework-reference,,org/apache/commons/io/function/IOBiFunction$$ExternalSyntheticLambda0,app-definition-present,unknown,3,0,unknown,fd-com-kunzisoft-keepass-libre-evidence.json#/rows/1814,False,unknown
fd-com-kunzisoft-keepass-libre,862f87a30baef06181f049adf7c460611605b25a807eaf3c25841a9dd84bed9e,direct-framework-reference,,org/apache/commons/io/function/IOBiFunction$$ExternalSyntheticLambda1,app-definition-present,unknown,3,0,unknown,fd-com-kunzisoft-keepass-libre-evidence.json#/rows/1815,False,unknown
fd-com-kunzisoft-keepass-libre,862f87a30baef06181f049adf7c460611605b25a807eaf3c25841a9dd84bed9e,direct-framework-reference,,org/apache/commons/io/function/IOBiFunction$-CC,app-definition-present,unknown,64,0,unknown,fd-com-kunzisoft-keepass-libre-evidence.json#/rows/1816,False,unknown
fd-com-kunzisoft-keepass-libre,862f87a30baef06181f049adf7c460611605b25a807eaf3c25841a9dd84bed9e,direct-framework-reference,,org/apache/commons/io/function/IOBinaryOperator,app-definition-present,unknown,17,0,unknown,fd-com-kunzisoft-keepass-libre-evidence.json#/rows/1817,False,unknown
fd-com-kunzisoft-keepass-libre,862f87a30baef06181f049adf7c460611605b25a807eaf3c25841a9dd84bed9e,direct-framework-reference,,org/apache/commons/io/function/IOBinaryOperator$$ExternalSyntheticLambda0,app-definition-present,unknown,3,0,unknown,fd-com-kunzisoft-keepass-libre-evidence.json#/rows/1818,False,unknown
fd-com-kunzisoft-keepass-libre,862f87a30baef06181f049adf7c460611605b25a807eaf3c25841a9dd84bed9e,direct-framework-reference,,org/apache/commons/io/function/IOBinaryOperator$$ExternalSyntheticLambda1,app-definition-present,unknown,3,0,unknown,fd-com-kunzisoft-keepass-libre-evidence.json#/rows/1819,False,unknown
fd-com-kunzisoft-keepass-libre,862f87a30baef06181f049adf7c460611605b25a807eaf3c25841a9dd84bed9e,direct-framework-reference,,org/apache/commons/io/function/IOBinaryOperator$$ExternalSyntheticLambda2,app-definition-present,unknown,3,0,unknown,fd-com-kunzisoft-keepass-libre-evidence.json#/rows/1820,False,unknown
fd-com-kunzisoft-keepass-libre,862f87a30baef06181f049adf7c460611605b25a807eaf3c25841a9dd84bed9e,direct-framework-reference,,org/apache/commons/io/function/IOBinaryOperator$-CC,app-definition-present,unknown,5,0,unknown,fd-com-kunzisoft-keepass-libre-evidence.json#/rows/1821,False,unknown
fd-com-kunzisoft-keepass-libre,862f87a30baef06181f049adf7c460611605b25a807eaf3c25841a9dd84bed9e,direct-framework-reference,,org/apache/commons/io/function/IOBooleanSupplier,app-definition-present,unknown,25,0,unknown,fd-com-kunzisoft-keepass-libre-evidence.json#/rows/1822,False,unknown
fd-com-kunzisoft-keepass-libre,862f87a30baef06181f049adf7c460611605b25a807eaf3c25841a9dd84bed9e,direct-framework-reference,,org/apache/commons/io/function/IOBooleanSupplier$$ExternalSyntheticLambda0,app-definition-present,unknown,3,0,unknown,fd-com-kunzisoft-keepass-libre-evidence.json#/rows/1823,False,unknown
fd-com-kunzisoft-keepass-libre,862f87a30baef06181f049adf7c460611605b25a807eaf3c25841a9dd84bed9e,direct-framework-reference,,org/apache/commons/io/function/IOBooleanSupplier$-CC,app-definition-present,unknown,11,0,unknown,fd-com-kunzisoft-keepass-libre-evidence.json#/rows/1824,False,unknown
fd-com-kunzisoft-keepass-libre,862f87a30baef06181f049adf7c460611605b25a807eaf3c25841a9dd84bed9e,direct-framework-reference,,org/apache/commons/io/function/IOComparator,app-definition-present,unknown,32,0,unknown,fd-com-kunzisoft-keepass-libre-evidence.json#/rows/1825,False,unknown
fd-com-kunzisoft-keepass-libre,862f87a30baef06181f049adf7c460611605b25a807eaf3c25841a9dd84bed9e,direct-framework-reference,,org/apache/commons/io/function/IOComparator$$ExternalSyntheticLambda0,app-definition-present,unknown,3,0,unknown,fd-com-kunzisoft-keepass-libre-evidence.json#/rows/1826,False,unknown
fd-com-kunzisoft-keepass-libre,862f87a30baef06181f049adf7c460611605b25a807eaf3c25841a9dd84bed9e,direct-framework-reference,,org/apache/commons/io/function/IOComparator$-CC,app-definition-present,unknown,1,0,unknown,fd-com-kunzisoft-keepass-libre-evidence.json#/rows/1827,False,unknown
fd-com-kunzisoft-keepass-libre,862f87a30baef06181f049adf7c460611605b25a807eaf3c25841a9dd84bed9e,direct-framework-reference,,org/apache/commons/io/function/IOConsumer,app-definition-present,unknown,239,0,unknown,fd-com-kunzisoft-keepass-libre-evidence.json#/rows/1828,False,unknown
fd-com-kunzisoft-keepass-libre,862f87a30baef06181f049adf7c460611605b25a807eaf3c25841a9dd84bed9e,direct-framework-reference,,org/apache/commons/io/function/IOConsumer$$ExternalSyntheticLambda0,app-definition-present,unknown,3,0,unknown,fd-com-kunzisoft-keepass-libre-evidence.json#/rows/1829,False,unknown
fd-com-kunzisoft-keepass-libre,862f87a30baef06181f049adf7c460611605b25a807eaf3c25841a9dd84bed9e,direct-framework-reference,,org/apache/commons/io/function/IOConsumer$$ExternalSyntheticLambda1,app-definition-present,unknown,2,0,unknown,fd-com-kunzisoft-keepass-libre-evidence.json#/rows/1830,False,unknown
fd-com-kunzisoft-keepass-libre,862f87a30baef06181f049adf7c460611605b25a807eaf3c25841a9dd84bed9e,direct-framework-reference,,org/apache/commons/io/function/IOConsumer$$ExternalSyntheticLambda2,app-definition-present,unknown,3,0,unknown,fd-com-kunzisoft-keepass-libre-evidence.json#/rows/1831,False,unknown
fd-com-kunzisoft-keepass-libre,862f87a30baef06181f049adf7c460611605b25a807eaf3c25841a9dd84bed9e,direct-framework-reference,,org/apache/commons/io/function/IOConsumer$$ExternalSyntheticLambda3,app-definition-present,unknown,1,0,unknown,fd-com-kunzisoft-keepass-libre-evidence.json#/rows/1832,False,unknown
fd-com-kunzisoft-keepass-libre,862f87a30baef06181f049adf7c460611605b25a807eaf3c25841a9dd84bed9e,direct-framework-reference,,org/apache/commons/io/function/IOConsumer$-CC,app-definition-present,unknown,76,0,unknown,fd-com-kunzisoft-keepass-libre-evidence.json#/rows/1833,False,unknown
fd-com-kunzisoft-keepass-libre,862f87a30baef06181f049adf7c460611605b25a807eaf3c25841a9dd84bed9e,direct-framework-reference,,org/apache/commons/io/function/IOFunction,app-definition-present,unknown,526,0,unknown,fd-com-kunzisoft-keepass-libre-evidence.json#/rows/1834,False,unknown
fd-com-kunzisoft-keepass-libre,862f87a30baef06181f049adf7c460611605b25a807eaf3c25841a9dd84bed9e,direct-framework-reference,,org/apache/commons/io/function/IOFunction$$ExternalSyntheticLambda0,app-definition-present,unknown,3,0,unknown,fd-com-kunzisoft-keepass-libre-evidence.json#/rows/1835,False,unknown
fd-com-kunzisoft-keepass-libre,862f87a30baef06181f049adf7c460611605b25a807eaf3c25841a9dd84bed9e,direct-framework-reference,,org/apache/commons/io/function/IOFunction$$ExternalSyntheticLambda1,app-definition-present,unknown,3,0,unknown,fd-com-kunzisoft-keepass-libre-evidence.json#/rows/1836,False,unknown
fd-com-kunzisoft-keepass-libre,862f87a30baef06181f049adf7c460611605b25a807eaf3c25841a9dd84bed9e,direct-framework-reference,,org/apache/commons/io/function/IOFunction$$ExternalSyntheticLambda2,app-definition-present,unknown,3,0,unknown,fd-com-kunzisoft-keepass-libre-evidence.json#/rows/1837,False,unknown
fd-com-kunzisoft-keepass-libre,862f87a30baef06181f049adf7c460611605b25a807eaf3c25841a9dd84bed9e,direct-framework-reference,,org/apache/commons/io/function/IOFunction$$ExternalSyntheticLambda3,app-definition-present,unknown,3,0,unknown,fd-com-kunzisoft-keepass-libre-evidence.json#/rows/1838,False,unknown
fd-com-kunzisoft-keepass-libre,862f87a30baef06181f049adf7c460611605b25a807eaf3c25841a9dd84bed9e,direct-framework-reference,,org/apache/commons/io/function/IOFunction$$ExternalSyntheticLambda4,app-definition-present,unknown,3,0,unknown,fd-com-kunzisoft-keepass-libre-evidence.json#/rows/1839,False,unknown
fd-com-kunzisoft-keepass-libre,862f87a30baef06181f049adf7c460611605b25a807eaf3c25841a9dd84bed9e,direct-framework-reference,,org/apache/commons/io/function/IOFunction$$ExternalSyntheticLambda5,app-definition-present,unknown,3,0,unknown,fd-com-kunzisoft-keepass-libre-evidence.json#/rows/1840,False,unknown
fd-com-kunzisoft-keepass-libre,862f87a30baef06181f049adf7c460611605b25a807eaf3c25841a9dd84bed9e,direct-framework-reference,,org/apache/commons/io/function/IOFunction$$ExternalSyntheticLambda6,app-definition-present,unknown,3,0,unknown,fd-com-kunzisoft-keepass-libre-evidence.json#/rows/1841,False,unknown
fd-com-kunzisoft-keepass-libre,862f87a30baef06181f049adf7c460611605b25a807eaf3c25841a9dd84bed9e,direct-framework-reference,,org/apache/commons/io/function/IOFunction$$ExternalSyntheticLambda7,app-definition-present,unknown,3,0,unknown,fd-com-kunzisoft-keepass-libre-evidence.json#/rows/1842,False,unknown
fd-com-kunzisoft-keepass-libre,862f87a30baef06181f049adf7c460611605b25a807eaf3c25841a9dd84bed9e,direct-framework-reference,,org/apache/commons/io/function/IOFunction$$ExternalSyntheticLambda8,app-definition-present,unknown,3,0,unknown,fd-com-kunzisoft-keepass-libre-evidence.json#/rows/1843,False,unknown
fd-com-kunzisoft-keepass-libre,862f87a30baef06181f049adf7c460611605b25a807eaf3c25841a9dd84bed9e,direct-framework-reference,,org/apache/commons/io/function/IOFunction$-CC,app-definition-present,unknown,360,0,unknown,fd-com-kunzisoft-keepass-libre-evidence.json#/rows/1844,False,unknown
fd-com-kunzisoft-keepass-libre,862f87a30baef06181f049adf7c460611605b25a807eaf3c25841a9dd84bed9e,direct-framework-reference,,org/apache/commons/io/function/IOIntConsumer,app-definition-present,unknown,54,0,unknown,fd-com-kunzisoft-keepass-libre-evidence.json#/rows/1845,False,unknown
fd-com-kunzisoft-keepass-libre,862f87a30baef06181f049adf7c460611605b25a807eaf3c25841a9dd84bed9e,direct-framework-reference,,org/apache/commons/io/function/IOIntConsumer$$ExternalSyntheticLambda0,app-definition-present,unknown,3,0,unknown,fd-com-kunzisoft-keepass-libre-evidence.json#/rows/1846,False,unknown
fd-com-kunzisoft-keepass-libre,862f87a30baef06181f049adf7c460611605b25a807eaf3c25841a9dd84bed9e,direct-framework-reference,,org/apache/commons/io/function/IOIntConsumer$$ExternalSyntheticLambda1,app-definition-present,unknown,3,0,unknown,fd-com-kunzisoft-keepass-libre-evidence.json#/rows/1847,False,unknown
fd-com-kunzisoft-keepass-libre,862f87a30baef06181f049adf7c460611605b25a807eaf3c25841a9dd84bed9e,direct-framework-reference,,org/apache/commons/io/function/IOIntConsumer$$ExternalSyntheticLambda2,app-definition-present,unknown,1,0,unknown,fd-com-kunzisoft-keepass-libre-evidence.json#/rows/1848,False,unknown
fd-com-kunzisoft-keepass-libre,862f87a30baef06181f049adf7c460611605b25a807eaf3c25841a9dd84bed9e,direct-framework-reference,,org/apache/commons/io/function/IOIntConsumer$$ExternalSyntheticLambda3,app-definition-present,unknown,3,0,unknown,fd-com-kunzisoft-keepass-libre-evidence.json#/rows/1849,False,unknown
fd-com-kunzisoft-keepass-libre,862f87a30baef06181f049adf7c460611605b25a807eaf3c25841a9dd84bed9e,direct-framework-reference,,org/apache/commons/io/function/IOIntConsumer$-CC,app-definition-present,unknown,22,0,unknown,fd-com-kunzisoft-keepass-libre-evidence.json#/rows/1850,False,unknown
fd-com-kunzisoft-keepass-libre,862f87a30baef06181f049adf7c460611605b25a807eaf3c25841a9dd84bed9e,direct-framework-reference,,org/apache/commons/io/function/IOIntSupplier,app-definition-present,unknown,14,0,unknown,fd-com-kunzisoft-keepass-libre-evidence.json#/rows/1851,False,unknown
fd-com-kunzisoft-keepass-libre,862f87a30baef06181f049adf7c460611605b25a807eaf3c25841a9dd84bed9e,direct-framework-reference,,org/apache/commons/io/function/IOIntSupplier$$ExternalSyntheticLambda0,app-definition-present,unknown,3,0,unknown,fd-com-kunzisoft-keepass-libre-evidence.json#/rows/1852,False,unknown
fd-com-kunzisoft-keepass-libre,862f87a30baef06181f049adf7c460611605b25a807eaf3c25841a9dd84bed9e,direct-framework-reference,,org/apache/commons/io/function/IOIntSupplier$-CC,app-definition-present,unknown,5,0,unknown,fd-com-kunzisoft-keepass-libre-evidence.json#/rows/1853,False,unknown
fd-com-kunzisoft-keepass-libre,862f87a30baef06181f049adf7c460611605b25a807eaf3c25841a9dd84bed9e,direct-framework-reference,,org/apache/commons/io/function/IOIterable,app-definition-present,unknown,8,0,unknown,fd-com-kunzisoft-keepass-libre-evidence.json#/rows/1854,False,unknown
fd-com-kunzisoft-keepass-libre,862f87a30baef06181f049adf7c460611605b25a807eaf3c25841a9dd84bed9e,direct-framework-reference,,org/apache/commons/io/function/IOIterable$-CC,app-definition-present,unknown,3,0,unknown,fd-com-kunzisoft-keepass-libre-evidence.json#/rows/1855,False,unknown
fd-com-kunzisoft-keepass-libre,862f87a30baef06181f049adf7c460611605b25a807eaf3c25841a9dd84bed9e,direct-framework-reference,,org/apache/commons/io/function/IOIterator,app-definition-present,unknown,23,0,unknown,fd-com-kunzisoft-keepass-libre-evidence.json#/rows/1856,False,unknown
fd-com-kunzisoft-keepass-libre,862f87a30baef06181f049adf7c460611605b25a807eaf3c25841a9dd84bed9e,direct-framework-reference,,org/apache/commons/io/function/IOIterator$-CC,app-definition-present,unknown,6,0,unknown,fd-com-kunzisoft-keepass-libre-evidence.json#/rows/1857,False,unknown
fd-com-kunzisoft-keepass-libre,862f87a30baef06181f049adf7c460611605b25a807eaf3c25841a9dd84bed9e,direct-framework-reference,,org/apache/commons/io/function/IOIteratorAdapter,app-definition-present,unknown,8,0,unknown,fd-com-kunzisoft-keepass-libre-evidence.json#/rows/1858,False,unknown
fd-com-kunzisoft-keepass-libre,862f87a30baef06181f049adf7c460611605b25a807eaf3c25841a9dd84bed9e,direct-framework-reference,,org/apache/commons/io/function/IOLongSupplier,app-definition-present,unknown,7,0,unknown,fd-com-kunzisoft-keepass-libre-evidence.json#/rows/1859,False,unknown
fd-com-kunzisoft-keepass-libre,862f87a30baef06181f049adf7c460611605b25a807eaf3c25841a9dd84bed9e,direct-framework-reference,,org/apache/commons/io/function/IOLongSupplier$$ExternalSyntheticLambda0,app-definition-present,unknown,3,0,unknown,fd-com-kunzisoft-keepass-libre-evidence.json#/rows/1860,False,unknown
fd-com-kunzisoft-keepass-libre,862f87a30baef06181f049adf7c460611605b25a807eaf3c25841a9dd84bed9e,direct-framework-reference,,org/apache/commons/io/function/IOLongSupplier$-CC,app-definition-present,unknown,3,0,unknown,fd-com-kunzisoft-keepass-libre-evidence.json#/rows/1861,False,unknown
fd-com-kunzisoft-keepass-libre,862f87a30baef06181f049adf7c460611605b25a807eaf3c25841a9dd84bed9e,direct-framework-reference,,org/apache/commons/io/function/IOPredicate,app-definition-present,unknown,68,0,unknown,fd-com-kunzisoft-keepass-libre-evidence.json#/rows/1862,False,unknown
fd-com-kunzisoft-keepass-libre,862f87a30baef06181f049adf7c460611605b25a807eaf3c25841a9dd84bed9e,direct-framework-reference,,org/apache/commons/io/function/IOPredicate$$ExternalSyntheticLambda0,app-definition-present,unknown,3,0,unknown,fd-com-kunzisoft-keepass-libre-evidence.json#/rows/1863,False,unknown
fd-com-kunzisoft-keepass-libre,862f87a30baef06181f049adf7c460611605b25a807eaf3c25841a9dd84bed9e,direct-framework-reference,,org/apache/commons/io/function/IOPredicate$$ExternalSyntheticLambda1,app-definition-present,unknown,1,0,unknown,fd-com-kunzisoft-keepass-libre-evidence.json#/rows/1864,False,unknown
fd-com-kunzisoft-keepass-libre,862f87a30baef06181f049adf7c460611605b25a807eaf3c25841a9dd84bed9e,direct-framework-reference,,org/apache/commons/io/function/IOPredicate$$ExternalSyntheticLambda2,app-definition-present,unknown,3,0,unknown,fd-com-kunzisoft-keepass-libre-evidence.json#/rows/1865,False,unknown
fd-com-kunzisoft-keepass-libre,862f87a30baef06181f049adf7c460611605b25a807eaf3c25841a9dd84bed9e,direct-framework-reference,,org/apache/commons/io/function/IOPredicate$$ExternalSyntheticLambda3,app-definition-present,unknown,3,0,unknown,fd-com-kunzisoft-keepass-libre-evidence.json#/rows/1866,False,unknown
fd-com-kunzisoft-keepass-libre,862f87a30baef06181f049adf7c460611605b25a807eaf3c25841a9dd84bed9e,direct-framework-reference,,org/apache/commons/io/function/IOPredicate$$ExternalSyntheticLambda4,app-definition-present,unknown,3,0,unknown,fd-com-kunzisoft-keepass-libre-evidence.json#/rows/1867,False,unknown
fd-com-kunzisoft-keepass-libre,862f87a30baef06181f049adf7c460611605b25a807eaf3c25841a9dd84bed9e,direct-framework-reference,,org/apache/commons/io/function/IOPredicate$$ExternalSyntheticLambda5,app-definition-present,unknown,3,0,unknown,fd-com-kunzisoft-keepass-libre-evidence.json#/rows/1868,False,unknown
fd-com-kunzisoft-keepass-libre,862f87a30baef06181f049adf7c460611605b25a807eaf3c25841a9dd84bed9e,direct-framework-reference,,org/apache/commons/io/function/IOPredicate$-CC,app-definition-present,unknown,33,0,unknown,fd-com-kunzisoft-keepass-libre-evidence.json#/rows/1869,False,unknown
fd-com-kunzisoft-keepass-libre,862f87a30baef06181f049adf7c460611605b25a807eaf3c25841a9dd84bed9e,direct-framework-reference,,org/apache/commons/io/function/IOQuadFunction,app-definition-present,unknown,16,0,unknown,fd-com-kunzisoft-keepass-libre-evidence.json#/rows/1870,False,unknown
fd-com-kunzisoft-keepass-libre,862f87a30baef06181f049adf7c460611605b25a807eaf3c25841a9dd84bed9e,direct-framework-reference,,org/apache/commons/io/function/IOQuadFunction$$ExternalSyntheticLambda0,app-definition-present,unknown,3,0,unknown,fd-com-kunzisoft-keepass-libre-evidence.json#/rows/1871,False,unknown
fd-com-kunzisoft-keepass-libre,862f87a30baef06181f049adf7c460611605b25a807eaf3c25841a9dd84bed9e,direct-framework-reference,,org/apache/commons/io/function/IOQuadFunction$-CC,app-definition-present,unknown,7,0,unknown,fd-com-kunzisoft-keepass-libre-evidence.json#/rows/1872,False,unknown
fd-com-kunzisoft-keepass-libre,862f87a30baef06181f049adf7c460611605b25a807eaf3c25841a9dd84bed9e,direct-framework-reference,,org/apache/commons/io/function/IORunnable,app-definition-present,unknown,37,0,unknown,fd-com-kunzisoft-keepass-libre-evidence.json#/rows/1873,False,unknown
fd-com-kunzisoft-keepass-libre,862f87a30baef06181f049adf7c460611605b25a807eaf3c25841a9dd84bed9e,direct-framework-reference,,org/apache/commons/io/function/IORunnable$$ExternalSyntheticLambda0,app-definition-present,unknown,3,0,unknown,fd-com-kunzisoft-keepass-libre-evidence.json#/rows/1874,False,unknown
fd-com-kunzisoft-keepass-libre,862f87a30baef06181f049adf7c460611605b25a807eaf3c25841a9dd84bed9e,direct-framework-reference,,org/apache/commons/io/function/IORunnable$-CC,app-definition-present,unknown,14,0,unknown,fd-com-kunzisoft-keepass-libre-evidence.json#/rows/1875,False,unknown
fd-com-kunzisoft-keepass-libre,862f87a30baef06181f049adf7c460611605b25a807eaf3c25841a9dd84bed9e,direct-framework-reference,,org/apache/commons/io/function/IOSpliterator,app-definition-present,unknown,36,0,unknown,fd-com-kunzisoft-keepass-libre-evidence.json#/rows/1876,False,unknown
fd-com-kunzisoft-keepass-libre,862f87a30baef06181f049adf7c460611605b25a807eaf3c25841a9dd84bed9e,direct-framework-reference,,org/apache/commons/io/function/IOSpliterator$-CC,app-definition-present,unknown,10,0,unknown,fd-com-kunzisoft-keepass-libre-evidence.json#/rows/1877,False,unknown
fd-com-kunzisoft-keepass-libre,862f87a30baef06181f049adf7c460611605b25a807eaf3c25841a9dd84bed9e,direct-framework-reference,,org/apache/commons/io/function/IOSpliteratorAdapter,app-definition-present,unknown,6,0,unknown,fd-com-kunzisoft-keepass-libre-evidence.json#/rows/1878,False,unknown
fd-com-kunzisoft-keepass-libre,862f87a30baef06181f049adf7c460611605b25a807eaf3c25841a9dd84bed9e,direct-framework-reference,,org/apache/commons/io/function/IOStream,app-definition-present,unknown,77,0,unknown,fd-com-kunzisoft-keepass-libre-evidence.json#/rows/1879,False,unknown
fd-com-kunzisoft-keepass-libre,862f87a30baef06181f049adf7c460611605b25a807eaf3c25841a9dd84bed9e,direct-framework-reference,,org/apache/commons/io/function/IOStream$$ExternalSyntheticApiModelOutline0,app-definition-present,unknown,68,0,unknown,fd-com-kunzisoft-keepass-libre-evidence.json#/rows/1880,False,unknown
fd-com-kunzisoft-keepass-libre,862f87a30baef06181f049adf7c460611605b25a807eaf3c25841a9dd84bed9e,direct-framework-reference,,org/apache/commons/io/function/IOStream$$ExternalSyntheticLambda26,app-definition-present,unknown,3,0,unknown,fd-com-kunzisoft-keepass-libre-evidence.json#/rows/1881,False,unknown
fd-com-kunzisoft-keepass-libre,862f87a30baef06181f049adf7c460611605b25a807eaf3c25841a9dd84bed9e,direct-framework-reference,,org/apache/commons/io/function/IOStream$$ExternalSyntheticLambda27,app-definition-present,unknown,3,0,unknown,fd-com-kunzisoft-keepass-libre-evidence.json#/rows/1882,False,unknown
fd-com-kunzisoft-keepass-libre,862f87a30baef06181f049adf7c460611605b25a807eaf3c25841a9dd84bed9e,direct-framework-reference,,org/apache/commons/io/function/IOStream$$ExternalSyntheticLambda28,app-definition-present,unknown,3,0,unknown,fd-com-kunzisoft-keepass-libre-evidence.json#/rows/1883,False,unknown
fd-com-kunzisoft-keepass-libre,862f87a30baef06181f049adf7c460611605b25a807eaf3c25841a9dd84bed9e,direct-framework-reference,,org/apache/commons/io/function/IOStream$$ExternalSyntheticLambda29,app-definition-present,unknown,3,0,unknown,fd-com-kunzisoft-keepass-libre-evidence.json#/rows/1884,False,unknown
fd-com-kunzisoft-keepass-libre,862f87a30baef06181f049adf7c460611605b25a807eaf3c25841a9dd84bed9e,direct-framework-reference,,org/apache/commons/io/function/IOStream$$ExternalSyntheticLambda30,app-definition-present,unknown,3,0,unknown,fd-com-kunzisoft-keepass-libre-evidence.json#/rows/1885,False,unknown
fd-com-kunzisoft-keepass-libre,862f87a30baef06181f049adf7c460611605b25a807eaf3c25841a9dd84bed9e,direct-framework-reference,,org/apache/commons/io/function/IOStream$$ExternalSyntheticLambda31,app-definition-present,unknown,3,0,unknown,fd-com-kunzisoft-keepass-libre-evidence.json#/rows/1886,False,unknown
fd-com-kunzisoft-keepass-libre,862f87a30baef06181f049adf7c460611605b25a807eaf3c25841a9dd84bed9e,direct-framework-reference,,org/apache/commons/io/function/IOStream$$ExternalSyntheticLambda32,app-definition-present,unknown,3,0,unknown,fd-com-kunzisoft-keepass-libre-evidence.json#/rows/1887,False,unknown
fd-com-kunzisoft-keepass-libre,862f87a30baef06181f049adf7c460611605b25a807eaf3c25841a9dd84bed9e,direct-framework-reference,,org/apache/commons/io/function/IOStream$$ExternalSyntheticLambda33,app-definition-present,unknown,3,0,unknown,fd-com-kunzisoft-keepass-libre-evidence.json#/rows/1888,False,unknown
fd-com-kunzisoft-keepass-libre,862f87a30baef06181f049adf7c460611605b25a807eaf3c25841a9dd84bed9e,direct-framework-reference,,org/apache/commons/io/function/IOStream$$ExternalSyntheticLambda34,app-definition-present,unknown,3,0,unknown,fd-com-kunzisoft-keepass-libre-evidence.json#/rows/1889,False,unknown
fd-com-kunzisoft-keepass-libre,862f87a30baef06181f049adf7c460611605b25a807eaf3c25841a9dd84bed9e,direct-framework-reference,,org/apache/commons/io/function/IOStream$$ExternalSyntheticLambda35,app-definition-present,unknown,3,0,unknown,fd-com-kunzisoft-keepass-libre-evidence.json#/rows/1890,False,unknown
fd-com-kunzisoft-keepass-libre,862f87a30baef06181f049adf7c460611605b25a807eaf3c25841a9dd84bed9e,direct-framework-reference,,org/apache/commons/io/function/IOStream$$ExternalSyntheticLambda36,app-definition-present,unknown,3,0,unknown,fd-com-kunzisoft-keepass-libre-evidence.json#/rows/1891,False,unknown
fd-com-kunzisoft-keepass-libre,862f87a30baef06181f049adf7c460611605b25a807eaf3c25841a9dd84bed9e,direct-framework-reference,,org/apache/commons/io/function/IOStream$$ExternalSyntheticLambda37,app-definition-present,unknown,3,0,unknown,fd-com-kunzisoft-keepass-libre-evidence.json#/rows/1892,False,unknown
fd-com-kunzisoft-keepass-libre,862f87a30baef06181f049adf7c460611605b25a807eaf3c25841a9dd84bed9e,direct-framework-reference,,org/apache/commons/io/function/IOStream$$ExternalSyntheticLambda38,app-definition-present,unknown,3,0,unknown,fd-com-kunzisoft-keepass-libre-evidence.json#/rows/1893,False,unknown
fd-com-kunzisoft-keepass-libre,862f87a30baef06181f049adf7c460611605b25a807eaf3c25841a9dd84bed9e,direct-framework-reference,,org/apache/commons/io/function/IOStream$$ExternalSyntheticLambda39,app-definition-present,unknown,3,0,unknown,fd-com-kunzisoft-keepass-libre-evidence.json#/rows/1894,False,unknown
fd-com-kunzisoft-keepass-libre,862f87a30baef06181f049adf7c460611605b25a807eaf3c25841a9dd84bed9e,direct-framework-reference,,org/apache/commons/io/function/IOStream$$ExternalSyntheticLambda40,app-definition-present,unknown,1,0,unknown,fd-com-kunzisoft-keepass-libre-evidence.json#/rows/1895,False,unknown
fd-com-kunzisoft-keepass-libre,862f87a30baef06181f049adf7c460611605b25a807eaf3c25841a9dd84bed9e,direct-framework-reference,,org/apache/commons/io/function/IOStream$$ExternalSyntheticLambda41,app-definition-present,unknown,3,0,unknown,fd-com-kunzisoft-keepass-libre-evidence.json#/rows/1896,False,unknown
fd-com-kunzisoft-keepass-libre,862f87a30baef06181f049adf7c460611605b25a807eaf3c25841a9dd84bed9e,direct-framework-reference,,org/apache/commons/io/function/IOStream$$ExternalSyntheticLambda42,app-definition-present,unknown,3,0,unknown,fd-com-kunzisoft-keepass-libre-evidence.json#/rows/1897,False,unknown
fd-com-kunzisoft-keepass-libre,862f87a30baef06181f049adf7c460611605b25a807eaf3c25841a9dd84bed9e,direct-framework-reference,,org/apache/commons/io/function/IOStream$$ExternalSyntheticLambda43,app-definition-present,unknown,3,0,unknown,fd-com-kunzisoft-keepass-libre-evidence.json#/rows/1898,False,unknown
fd-com-kunzisoft-keepass-libre,862f87a30baef06181f049adf7c460611605b25a807eaf3c25841a9dd84bed9e,direct-framework-reference,,org/apache/commons/io/function/IOStream$$ExternalSyntheticLambda44,app-definition-present,unknown,3,0,unknown,fd-com-kunzisoft-keepass-libre-evidence.json#/rows/1899,False,unknown
fd-com-kunzisoft-keepass-libre,862f87a30baef06181f049adf7c460611605b25a807eaf3c25841a9dd84bed9e,direct-framework-reference,,org/apache/commons/io/function/IOStream$$ExternalSyntheticLambda45,app-definition-present,unknown,3,0,unknown,fd-com-kunzisoft-keepass-libre-evidence.json#/rows/1900,False,unknown
fd-com-kunzisoft-keepass-libre,862f87a30baef06181f049adf7c460611605b25a807eaf3c25841a9dd84bed9e,direct-framework-reference,,org/apache/commons/io/function/IOStream$$ExternalSyntheticLambda46,app-definition-present,unknown,3,0,unknown,fd-com-kunzisoft-keepass-libre-evidence.json#/rows/1901,False,unknown
fd-com-kunzisoft-keepass-libre,862f87a30baef06181f049adf7c460611605b25a807eaf3c25841a9dd84bed9e,direct-framework-reference,,org/apache/commons/io/function/IOStream$$ExternalSyntheticLambda47,app-definition-present,unknown,3,0,unknown,fd-com-kunzisoft-keepass-libre-evidence.json#/rows/1902,False,unknown
fd-com-kunzisoft-keepass-libre,862f87a30baef06181f049adf7c460611605b25a807eaf3c25841a9dd84bed9e,direct-framework-reference,,org/apache/commons/io/function/IOStream$$ExternalSyntheticLambda48,app-definition-present,unknown,3,0,unknown,fd-com-kunzisoft-keepass-libre-evidence.json#/rows/1903,False,unknown
fd-com-kunzisoft-keepass-libre,862f87a30baef06181f049adf7c460611605b25a807eaf3c25841a9dd84bed9e,direct-framework-reference,,org/apache/commons/io/function/IOStream$$ExternalSyntheticLambda49,app-definition-present,unknown,3,0,unknown,fd-com-kunzisoft-keepass-libre-evidence.json#/rows/1904,False,unknown
fd-com-kunzisoft-keepass-libre,862f87a30baef06181f049adf7c460611605b25a807eaf3c25841a9dd84bed9e,direct-framework-reference,,org/apache/commons/io/function/IOStream$$ExternalSyntheticStaticInterfaceCall25,app-definition-present,unknown,1,0,unknown,fd-com-kunzisoft-keepass-libre-evidence.json#/rows/1905,False,unknown
fd-com-kunzisoft-keepass-libre,862f87a30baef06181f049adf7c460611605b25a807eaf3c25841a9dd84bed9e,direct-framework-reference,,org/apache/commons/io/function/IOStream$-CC,app-definition-present,unknown,73,0,unknown,fd-com-kunzisoft-keepass-libre-evidence.json#/rows/1906,False,unknown
fd-com-kunzisoft-keepass-libre,862f87a30baef06181f049adf7c460611605b25a807eaf3c25841a9dd84bed9e,direct-framework-reference,,org/apache/commons/io/function/IOStream$1,app-definition-present,unknown,3,0,unknown,fd-com-kunzisoft-keepass-libre-evidence.json#/rows/1907,False,unknown
fd-com-kunzisoft-keepass-libre,862f87a30baef06181f049adf7c460611605b25a807eaf3c25841a9dd84bed9e,direct-framework-reference,,org/apache/commons/io/function/IOStreamAdapter,app-definition-present,unknown,5,0,unknown,fd-com-kunzisoft-keepass-libre-evidence.json#/rows/1908,False,unknown
fd-com-kunzisoft-keepass-libre,862f87a30baef06181f049adf7c460611605b25a807eaf3c25841a9dd84bed9e,direct-framework-reference,,org/apache/commons/io/function/IOStreams,app-definition-present,unknown,14,0,unknown,fd-com-kunzisoft-keepass-libre-evidence.json#/rows/1909,False,unknown
fd-com-kunzisoft-keepass-libre,862f87a30baef06181f049adf7c460611605b25a807eaf3c25841a9dd84bed9e,direct-framework-reference,,org/apache/commons/io/function/IOStreams$$ExternalSyntheticLambda0,app-definition-present,unknown,3,0,unknown,fd-com-kunzisoft-keepass-libre-evidence.json#/rows/1910,False,unknown
fd-com-kunzisoft-keepass-libre,862f87a30baef06181f049adf7c460611605b25a807eaf3c25841a9dd84bed9e,direct-framework-reference,,org/apache/commons/io/function/IOStreams$$ExternalSyntheticLambda1,app-definition-present,unknown,1,0,unknown,fd-com-kunzisoft-keepass-libre-evidence.json#/rows/1911,False,unknown
fd-com-kunzisoft-keepass-libre,862f87a30baef06181f049adf7c460611605b25a807eaf3c25841a9dd84bed9e,direct-framework-reference,,org/apache/commons/io/function/IOSupplier,app-definition-present,unknown,169,0,unknown,fd-com-kunzisoft-keepass-libre-evidence.json#/rows/1912,False,unknown
fd-com-kunzisoft-keepass-libre,862f87a30baef06181f049adf7c460611605b25a807eaf3c25841a9dd84bed9e,direct-framework-reference,,org/apache/commons/io/function/IOSupplier$$ExternalSyntheticLambda0,app-definition-present,unknown,3,0,unknown,fd-com-kunzisoft-keepass-libre-evidence.json#/rows/1913,False,unknown
fd-com-kunzisoft-keepass-libre,862f87a30baef06181f049adf7c460611605b25a807eaf3c25841a9dd84bed9e,direct-framework-reference,,org/apache/commons/io/function/IOSupplier$-CC,app-definition-present,unknown,48,0,unknown,fd-com-kunzisoft-keepass-libre-evidence.json#/rows/1914,False,unknown
fd-com-kunzisoft-keepass-libre,862f87a30baef06181f049adf7c460611605b25a807eaf3c25841a9dd84bed9e,direct-framework-reference,,org/apache/commons/io/function/IOTriConsumer,app-definition-present,unknown,15,0,unknown,fd-com-kunzisoft-keepass-libre-evidence.json#/rows/1915,False,unknown
fd-com-kunzisoft-keepass-libre,862f87a30baef06181f049adf7c460611605b25a807eaf3c25841a9dd84bed9e,direct-framework-reference,,org/apache/commons/io/function/IOTriConsumer$$ExternalSyntheticLambda0,app-definition-present,unknown,3,0,unknown,fd-com-kunzisoft-keepass-libre-evidence.json#/rows/1916,False,unknown
fd-com-kunzisoft-keepass-libre,862f87a30baef06181f049adf7c460611605b25a807eaf3c25841a9dd84bed9e,direct-framework-reference,,org/apache/commons/io/function/IOTriConsumer$-CC,app-definition-present,unknown,6,0,unknown,fd-com-kunzisoft-keepass-libre-evidence.json#/rows/1917,False,unknown
fd-com-kunzisoft-keepass-libre,862f87a30baef06181f049adf7c460611605b25a807eaf3c25841a9dd84bed9e,direct-framework-reference,,org/apache/commons/io/function/IOTriFunction,app-definition-present,unknown,50,0,unknown,fd-com-kunzisoft-keepass-libre-evidence.json#/rows/1918,False,unknown
fd-com-kunzisoft-keepass-libre,862f87a30baef06181f049adf7c460611605b25a807eaf3c25841a9dd84bed9e,direct-framework-reference,,org/apache/commons/io/function/IOTriFunction$$ExternalSyntheticLambda0,app-definition-present,unknown,3,0,unknown,fd-com-kunzisoft-keepass-libre-evidence.json#/rows/1919,False,unknown
fd-com-kunzisoft-keepass-libre,862f87a30baef06181f049adf7c460611605b25a807eaf3c25841a9dd84bed9e,direct-framework-reference,,org/apache/commons/io/function/IOTriFunction$-CC,app-definition-present,unknown,23,0,unknown,fd-com-kunzisoft-keepass-libre-evidence.json#/rows/1920,False,unknown
fd-com-kunzisoft-keepass-libre,862f87a30baef06181f049adf7c460611605b25a807eaf3c25841a9dd84bed9e,direct-framework-reference,,org/apache/commons/io/function/IOUnaryOperator,app-definition-present,unknown,7,0,unknown,fd-com-kunzisoft-keepass-libre-evidence.json#/rows/1921,False,unknown
fd-com-kunzisoft-keepass-libre,862f87a30baef06181f049adf7c460611605b25a807eaf3c25841a9dd84bed9e,direct-framework-reference,,org/apache/commons/io/function/IOUnaryOperator$$ExternalSyntheticLambda0,app-definition-present,unknown,3,0,unknown,fd-com-kunzisoft-keepass-libre-evidence.json#/rows/1922,False,unknown
fd-com-kunzisoft-keepass-libre,862f87a30baef06181f049adf7c460611605b25a807eaf3c25841a9dd84bed9e,direct-framework-reference,,org/apache/commons/io/function/IOUnaryOperator$$ExternalSyntheticLambda1,app-definition-present,unknown,1,0,unknown,fd-com-kunzisoft-keepass-libre-evidence.json#/rows/1923,False,unknown
fd-com-kunzisoft-keepass-libre,862f87a30baef06181f049adf7c460611605b25a807eaf3c25841a9dd84bed9e,direct-framework-reference,,org/apache/commons/io/function/IOUnaryOperator$-CC,app-definition-present,unknown,3,0,unknown,fd-com-kunzisoft-keepass-libre-evidence.json#/rows/1924,False,unknown
fd-com-kunzisoft-keepass-libre,862f87a30baef06181f049adf7c460611605b25a807eaf3c25841a9dd84bed9e,direct-framework-reference,,org/apache/commons/io/function/Uncheck,app-definition-present,unknown,163,0,unknown,fd-com-kunzisoft-keepass-libre-evidence.json#/rows/1925,False,unknown
fd-com-kunzisoft-keepass-libre,862f87a30baef06181f049adf7c460611605b25a807eaf3c25841a9dd84bed9e,direct-framework-reference,,org/apache/commons/io/function/UncheckedIOBaseStream,app-definition-present,unknown,11,0,unknown,fd-com-kunzisoft-keepass-libre-evidence.json#/rows/1926,False,unknown
fd-com-kunzisoft-keepass-libre,862f87a30baef06181f049adf7c460611605b25a807eaf3c25841a9dd84bed9e,direct-framework-reference,,org/apache/commons/io/function/UncheckedIOBaseStream$$ExternalSyntheticLambda0,app-definition-present,unknown,3,0,unknown,fd-com-kunzisoft-keepass-libre-evidence.json#/rows/1927,False,unknown
fd-com-kunzisoft-keepass-libre,862f87a30baef06181f049adf7c460611605b25a807eaf3c25841a9dd84bed9e,direct-framework-reference,,org/apache/commons/io/function/UncheckedIOBaseStream$$ExternalSyntheticLambda1,app-definition-present,unknown,3,0,unknown,fd-com-kunzisoft-keepass-libre-evidence.json#/rows/1928,False,unknown
fd-com-kunzisoft-keepass-libre,862f87a30baef06181f049adf7c460611605b25a807eaf3c25841a9dd84bed9e,direct-framework-reference,,org/apache/commons/io/function/UncheckedIOIterable,app-definition-present,unknown,4,0,unknown,fd-com-kunzisoft-keepass-libre-evidence.json#/rows/1929,False,unknown
fd-com-kunzisoft-keepass-libre,862f87a30baef06181f049adf7c460611605b25a807eaf3c25841a9dd84bed9e,direct-framework-reference,,org/apache/commons/io/function/UncheckedIOIterator,app-definition-present,unknown,6,0,unknown,fd-com-kunzisoft-keepass-libre-evidence.json#/rows/1930,False,unknown
fd-com-kunzisoft-keepass-libre,862f87a30baef06181f049adf7c460611605b25a807eaf3c25841a9dd84bed9e,direct-framework-reference,,org/apache/commons/io/function/UncheckedIOIterator$$ExternalSyntheticLambda0,app-definition-present,unknown,3,0,unknown,fd-com-kunzisoft-keepass-libre-evidence.json#/rows/1931,False,unknown
fd-com-kunzisoft-keepass-libre,862f87a30baef06181f049adf7c460611605b25a807eaf3c25841a9dd84bed9e,direct-framework-reference,,org/apache/commons/io/function/UncheckedIOIterator$$ExternalSyntheticLambda1,app-definition-present,unknown,3,0,unknown,fd-com-kunzisoft-keepass-libre-evidence.json#/rows/1932,False,unknown
fd-com-kunzisoft-keepass-libre,862f87a30baef06181f049adf7c460611605b25a807eaf3c25841a9dd84bed9e,direct-framework-reference,,org/apache/commons/io/function/UncheckedIOIterator$$ExternalSyntheticLambda2,app-definition-present,unknown,3,0,unknown,fd-com-kunzisoft-keepass-libre-evidence.json#/rows/1933,False,unknown
fd-com-kunzisoft-keepass-libre,862f87a30baef06181f049adf7c460611605b25a807eaf3c25841a9dd84bed9e,direct-framework-reference,,org/apache/commons/io/function/UncheckedIOSpliterator,app-definition-present,unknown,10,0,unknown,fd-com-kunzisoft-keepass-libre-evidence.json#/rows/1934,False,unknown
fd-com-kunzisoft-keepass-libre,862f87a30baef06181f049adf7c460611605b25a807eaf3c25841a9dd84bed9e,direct-framework-reference,,org/apache/commons/io/function/UncheckedIOSpliterator$$ExternalSyntheticLambda0,app-definition-present,unknown,3,0,unknown,fd-com-kunzisoft-keepass-libre-evidence.json#/rows/1935,False,unknown
fd-com-kunzisoft-keepass-libre,862f87a30baef06181f049adf7c460611605b25a807eaf3c25841a9dd84bed9e,direct-framework-reference,,org/apache/commons/io/function/UncheckedIOSpliterator$$ExternalSyntheticLambda1,app-definition-present,unknown,4,0,unknown,fd-com-kunzisoft-keepass-libre-evidence.json#/rows/1936,False,unknown
fd-com-kunzisoft-keepass-libre,862f87a30baef06181f049adf7c460611605b25a807eaf3c25841a9dd84bed9e,direct-framework-reference,,org/apache/commons/io/function/UncheckedIOSpliterator$$ExternalSyntheticLambda2,app-definition-present,unknown,3,0,unknown,fd-com-kunzisoft-keepass-libre-evidence.json#/rows/1937,False,unknown
fd-com-kunzisoft-keepass-libre,862f87a30baef06181f049adf7c460611605b25a807eaf3c25841a9dd84bed9e,direct-framework-reference,,org/apache/commons/io/function/UncheckedIOSpliterator$$ExternalSyntheticLambda3,app-definition-present,unknown,3,0,unknown,fd-com-kunzisoft-keepass-libre-evidence.json#/rows/1938,False,unknown
fd-com-kunzisoft-keepass-libre,862f87a30baef06181f049adf7c460611605b25a807eaf3c25841a9dd84bed9e,direct-framework-reference,,org/apache/commons/io/input/AbstractCharacterFilterReader,app-definition-present,unknown,10,0,unknown,fd-com-kunzisoft-keepass-libre-evidence.json#/rows/1939,False,unknown
fd-com-kunzisoft-keepass-libre,862f87a30baef06181f049adf7c460611605b25a807eaf3c25841a9dd84bed9e,direct-framework-reference,,org/apache/commons/io/input/AbstractCharacterFilterReader$$ExternalSyntheticLambda1,app-definition-present,unknown,1,0,unknown,fd-com-kunzisoft-keepass-libre-evidence.json#/rows/1940,False,unknown
fd-com-kunzisoft-keepass-libre,862f87a30baef06181f049adf7c460611605b25a807eaf3c25841a9dd84bed9e,direct-framework-reference,,org/apache/commons/io/input/AbstractInputStream,app-definition-present,unknown,14,0,unknown,fd-com-kunzisoft-keepass-libre-evidence.json#/rows/1941,False,unknown
fd-com-kunzisoft-keepass-libre,862f87a30baef06181f049adf7c460611605b25a807eaf3c25841a9dd84bed9e,direct-framework-reference,,org/apache/commons/io/input/AutoCloseInputStream,app-definition-present,unknown,6,0,unknown,fd-com-kunzisoft-keepass-libre-evidence.json#/rows/1942,False,unknown
fd-com-kunzisoft-keepass-libre,862f87a30baef06181f049adf7c460611605b25a807eaf3c25841a9dd84bed9e,direct-framework-reference,,org/apache/commons/io/input/AutoCloseInputStream$1,app-definition-present,unknown,1,0,unknown,fd-com-kunzisoft-keepass-libre-evidence.json#/rows/1943,False,unknown
fd-com-kunzisoft-keepass-libre,862f87a30baef06181f049adf7c460611605b25a807eaf3c25841a9dd84bed9e,direct-framework-reference,,org/apache/commons/io/input/AutoCloseInputStream$Builder,app-definition-present,unknown,4,0,unknown,fd-com-kunzisoft-keepass-libre-evidence.json#/rows/1944,False,unknown
fd-com-kunzisoft-keepass-libre,862f87a30baef06181f049adf7c460611605b25a807eaf3c25841a9dd84bed9e,direct-framework-reference,,org/apache/commons/io/input/BOMInputStream,app-definition-present,unknown,31,0,unknown,fd-com-kunzisoft-keepass-libre-evidence.json#/rows/1945,False,unknown
fd-com-kunzisoft-keepass-libre,862f87a30baef06181f049adf7c460611605b25a807eaf3c25841a9dd84bed9e,direct-framework-reference,,org/apache/commons/io/input/BOMInputStream$$ExternalSyntheticLambda1,app-definition-present,unknown,3,0,unknown,fd-com-kunzisoft-keepass-libre-evidence.json#/rows/1946,False,unknown
fd-com-kunzisoft-keepass-libre,862f87a30baef06181f049adf7c460611605b25a807eaf3c25841a9dd84bed9e,direct-framework-reference,,org/apache/commons/io/input/BOMInputStream$$ExternalSyntheticLambda2,app-definition-present,unknown,1,0,unknown,fd-com-kunzisoft-keepass-libre-evidence.json#/rows/1947,False,unknown
fd-com-kunzisoft-keepass-libre,862f87a30baef06181f049adf7c460611605b25a807eaf3c25841a9dd84bed9e,direct-framework-reference,,org/apache/commons/io/input/BOMInputStream$1,app-definition-present,unknown,1,0,unknown,fd-com-kunzisoft-keepass-libre-evidence.json#/rows/1948,False,unknown
fd-com-kunzisoft-keepass-libre,862f87a30baef06181f049adf7c460611605b25a807eaf3c25841a9dd84bed9e,direct-framework-reference,,org/apache/commons/io/input/BOMInputStream$Builder,app-definition-present,unknown,16,0,unknown,fd-com-kunzisoft-keepass-libre-evidence.json#/rows/1949,False,unknown
fd-com-kunzisoft-keepass-libre,862f87a30baef06181f049adf7c460611605b25a807eaf3c25841a9dd84bed9e,direct-framework-reference,,org/apache/commons/io/input/BoundedInputStream,app-definition-present,unknown,28,0,unknown,fd-com-kunzisoft-keepass-libre-evidence.json#/rows/1950,False,unknown
fd-com-kunzisoft-keepass-libre,862f87a30baef06181f049adf7c460611605b25a807eaf3c25841a9dd84bed9e,direct-framework-reference,,org/apache/commons/io/input/BoundedInputStream$1,app-definition-present,unknown,1,0,unknown,fd-com-kunzisoft-keepass-libre-evidence.json#/rows/1951,False,unknown
fd-com-kunzisoft-keepass-libre,862f87a30baef06181f049adf7c460611605b25a807eaf3c25841a9dd84bed9e,direct-framework-reference,,org/apache/commons/io/input/BoundedInputStream$AbstractBuilder,app-definition-present,unknown,18,0,unknown,fd-com-kunzisoft-keepass-libre-evidence.json#/rows/1952,False,unknown
fd-com-kunzisoft-keepass-libre,862f87a30baef06181f049adf7c460611605b25a807eaf3c25841a9dd84bed9e,direct-framework-reference,,org/apache/commons/io/input/BoundedInputStream$Builder,app-definition-present,unknown,8,0,unknown,fd-com-kunzisoft-keepass-libre-evidence.json#/rows/1953,False,unknown
fd-com-kunzisoft-keepass-libre,862f87a30baef06181f049adf7c460611605b25a807eaf3c25841a9dd84bed9e,direct-framework-reference,,org/apache/commons/io/input/BoundedReader,app-definition-present,unknown,6,0,unknown,fd-com-kunzisoft-keepass-libre-evidence.json#/rows/1954,False,unknown
fd-com-kunzisoft-keepass-libre,862f87a30baef06181f049adf7c460611605b25a807eaf3c25841a9dd84bed9e,direct-framework-reference,,org/apache/commons/io/input/BrokenInputStream,app-definition-present,unknown,15,0,unknown,fd-com-kunzisoft-keepass-libre-evidence.json#/rows/1955,False,unknown
fd-com-kunzisoft-keepass-libre,862f87a30baef06181f049adf7c460611605b25a807eaf3c25841a9dd84bed9e,direct-framework-reference,,org/apache/commons/io/input/BrokenInputStream$$ExternalSyntheticLambda0,app-definition-present,unknown,1,0,unknown,fd-com-kunzisoft-keepass-libre-evidence.json#/rows/1956,False,unknown
fd-com-kunzisoft-keepass-libre,862f87a30baef06181f049adf7c460611605b25a807eaf3c25841a9dd84bed9e,direct-framework-reference,,org/apache/commons/io/input/BrokenInputStream$$ExternalSyntheticLambda1,app-definition-present,unknown,3,0,unknown,fd-com-kunzisoft-keepass-libre-evidence.json#/rows/1957,False,unknown
fd-com-kunzisoft-keepass-libre,862f87a30baef06181f049adf7c460611605b25a807eaf3c25841a9dd84bed9e,direct-framework-reference,,org/apache/commons/io/input/BrokenInputStream$$ExternalSyntheticLambda2,app-definition-present,unknown,3,0,unknown,fd-com-kunzisoft-keepass-libre-evidence.json#/rows/1958,False,unknown
fd-com-kunzisoft-keepass-libre,862f87a30baef06181f049adf7c460611605b25a807eaf3c25841a9dd84bed9e,direct-framework-reference,,org/apache/commons/io/input/BrokenReader,app-definition-present,unknown,15,0,unknown,fd-com-kunzisoft-keepass-libre-evidence.json#/rows/1959,False,unknown
fd-com-kunzisoft-keepass-libre,862f87a30baef06181f049adf7c460611605b25a807eaf3c25841a9dd84bed9e,direct-framework-reference,,org/apache/commons/io/input/BrokenReader$$ExternalSyntheticLambda0,app-definition-present,unknown,3,0,unknown,fd-com-kunzisoft-keepass-libre-evidence.json#/rows/1960,False,unknown
fd-com-kunzisoft-keepass-libre,862f87a30baef06181f049adf7c460611605b25a807eaf3c25841a9dd84bed9e,direct-framework-reference,,org/apache/commons/io/input/BrokenReader$$ExternalSyntheticLambda1,app-definition-present,unknown,3,0,unknown,fd-com-kunzisoft-keepass-libre-evidence.json#/rows/1961,False,unknown
fd-com-kunzisoft-keepass-libre,862f87a30baef06181f049adf7c460611605b25a807eaf3c25841a9dd84bed9e,direct-framework-reference,,org/apache/commons/io/input/BrokenReader$$ExternalSyntheticLambda2,app-definition-present,unknown,1,0,unknown,fd-com-kunzisoft-keepass-libre-evidence.json#/rows/1962,False,unknown
fd-com-kunzisoft-keepass-libre,862f87a30baef06181f049adf7c460611605b25a807eaf3c25841a9dd84bed9e,direct-framework-reference,,org/apache/commons/io/input/BufferedFileChannelInputStream,app-definition-present,unknown,17,0,unknown,fd-com-kunzisoft-keepass-libre-evidence.json#/rows/1963,False,unknown
fd-com-kunzisoft-keepass-libre,862f87a30baef06181f049adf7c460611605b25a807eaf3c25841a9dd84bed9e,direct-framework-reference,,org/apache/commons/io/input/BufferedFileChannelInputStream$1,app-definition-present,unknown,1,0,unknown,fd-com-kunzisoft-keepass-libre-evidence.json#/rows/1964,False,unknown
fd-com-kunzisoft-keepass-libre,862f87a30baef06181f049adf7c460611605b25a807eaf3c25841a9dd84bed9e,direct-framework-reference,,org/apache/commons/io/input/BufferedFileChannelInputStream$Builder,app-definition-present,unknown,9,0,unknown,fd-com-kunzisoft-keepass-libre-evidence.json#/rows/1965,False,unknown
fd-com-kunzisoft-keepass-libre,862f87a30baef06181f049adf7c460611605b25a807eaf3c25841a9dd84bed9e,direct-framework-reference,,org/apache/commons/io/input/ByteBufferCleaner,app-definition-present,unknown,5,0,unknown,fd-com-kunzisoft-keepass-libre-evidence.json#/rows/1966,False,unknown
fd-com-kunzisoft-keepass-libre,862f87a30baef06181f049adf7c460611605b25a807eaf3c25841a9dd84bed9e,direct-framework-reference,,org/apache/commons/io/input/ByteBufferCleaner$1,app-definition-present,unknown,1,0,unknown,fd-com-kunzisoft-keepass-libre-evidence.json#/rows/1967,False,unknown
fd-com-kunzisoft-keepass-libre,862f87a30baef06181f049adf7c460611605b25a807eaf3c25841a9dd84bed9e,direct-framework-reference,,org/apache/commons/io/input/ByteBufferCleaner$Cleaner,app-definition-present,unknown,3,0,unknown,fd-com-kunzisoft-keepass-libre-evidence.json#/rows/1968,False,unknown
fd-com-kunzisoft-keepass-libre,862f87a30baef06181f049adf7c460611605b25a807eaf3c25841a9dd84bed9e,direct-framework-reference,,org/apache/commons/io/input/ByteBufferCleaner$Java8Cleaner,app-definition-present,unknown,4,0,unknown,fd-com-kunzisoft-keepass-libre-evidence.json#/rows/1969,False,unknown
fd-com-kunzisoft-keepass-libre,862f87a30baef06181f049adf7c460611605b25a807eaf3c25841a9dd84bed9e,direct-framework-reference,,org/apache/commons/io/input/ByteBufferCleaner$Java9Cleaner,app-definition-present,unknown,4,0,unknown,fd-com-kunzisoft-keepass-libre-evidence.json#/rows/1970,False,unknown
fd-com-kunzisoft-keepass-libre,862f87a30baef06181f049adf7c460611605b25a807eaf3c25841a9dd84bed9e,direct-framework-reference,,org/apache/commons/io/input/CharSequenceInputStream,app-definition-present,unknown,26,0,unknown,fd-com-kunzisoft-keepass-libre-evidence.json#/rows/1971,False,unknown
fd-com-kunzisoft-keepass-libre,862f87a30baef06181f049adf7c460611605b25a807eaf3c25841a9dd84bed9e,direct-framework-reference,,org/apache/commons/io/input/CharSequenceInputStream$$ExternalSyntheticLambda0,app-definition-present,unknown,3,0,unknown,fd-com-kunzisoft-keepass-libre-evidence.json#/rows/1972,False,unknown
fd-com-kunzisoft-keepass-libre,862f87a30baef06181f049adf7c460611605b25a807eaf3c25841a9dd84bed9e,direct-framework-reference,,org/apache/commons/io/input/CharSequenceInputStream$1,app-definition-present,unknown,1,0,unknown,fd-com-kunzisoft-keepass-libre-evidence.json#/rows/1973,False,unknown
fd-com-kunzisoft-keepass-libre,862f87a30baef06181f049adf7c460611605b25a807eaf3c25841a9dd84bed9e,direct-framework-reference,,org/apache/commons/io/input/CharSequenceInputStream$Builder,app-definition-present,unknown,22,0,unknown,fd-com-kunzisoft-keepass-libre-evidence.json#/rows/1974,False,unknown
fd-com-kunzisoft-keepass-libre,862f87a30baef06181f049adf7c460611605b25a807eaf3c25841a9dd84bed9e,direct-framework-reference,,org/apache/commons/io/input/CharSequenceInputStream$Builder$$ExternalSyntheticLambda0,app-definition-present,unknown,3,0,unknown,fd-com-kunzisoft-keepass-libre-evidence.json#/rows/1975,False,unknown
fd-com-kunzisoft-keepass-libre,862f87a30baef06181f049adf7c460611605b25a807eaf3c25841a9dd84bed9e,direct-framework-reference,,org/apache/commons/io/input/CharSequenceInputStream$Builder$$ExternalSyntheticLambda1,app-definition-present,unknown,3,0,unknown,fd-com-kunzisoft-keepass-libre-evidence.json#/rows/1976,False,unknown
fd-com-kunzisoft-keepass-libre,862f87a30baef06181f049adf7c460611605b25a807eaf3c25841a9dd84bed9e,direct-framework-reference,,org/apache/commons/io/input/CharSequenceReader,app-definition-present,unknown,15,0,unknown,fd-com-kunzisoft-keepass-libre-evidence.json#/rows/1977,False,unknown
fd-com-kunzisoft-keepass-libre,862f87a30baef06181f049adf7c460611605b25a807eaf3c25841a9dd84bed9e,direct-framework-reference,,org/apache/commons/io/input/CharacterFilterReader,app-definition-present,unknown,1,0,unknown,fd-com-kunzisoft-keepass-libre-evidence.json#/rows/1978,False,unknown
fd-com-kunzisoft-keepass-libre,862f87a30baef06181f049adf7c460611605b25a807eaf3c25841a9dd84bed9e,direct-framework-reference,,org/apache/commons/io/input/CharacterFilterReader$$ExternalSyntheticLambda0,app-definition-present,unknown,3,0,unknown,fd-com-kunzisoft-keepass-libre-evidence.json#/rows/1979,False,unknown
fd-com-kunzisoft-keepass-libre,862f87a30baef06181f049adf7c460611605b25a807eaf3c25841a9dd84bed9e,direct-framework-reference,,org/apache/commons/io/input/CharacterSetFilterReader,app-definition-present,unknown,4,0,unknown,fd-com-kunzisoft-keepass-libre-evidence.json#/rows/1980,False,unknown
fd-com-kunzisoft-keepass-libre,862f87a30baef06181f049adf7c460611605b25a807eaf3c25841a9dd84bed9e,direct-framework-reference,,org/apache/commons/io/input/CharacterSetFilterReader$$ExternalSyntheticLambda0,app-definition-present,unknown,3,0,unknown,fd-com-kunzisoft-keepass-libre-evidence.json#/rows/1981,False,unknown
fd-com-kunzisoft-keepass-libre,862f87a30baef06181f049adf7c460611605b25a807eaf3c25841a9dd84bed9e,direct-framework-reference,,org/apache/commons/io/input/ChecksumInputStream,app-definition-present,unknown,7,0,unknown,fd-com-kunzisoft-keepass-libre-evidence.json#/rows/1982,False,unknown
fd-com-kunzisoft-keepass-libre,862f87a30baef06181f049adf7c460611605b25a807eaf3c25841a9dd84bed9e,direct-framework-reference,,org/apache/commons/io/input/ChecksumInputStream$1,app-definition-present,unknown,1,0,unknown,fd-com-kunzisoft-keepass-libre-evidence.json#/rows/1983,False,unknown
fd-com-kunzisoft-keepass-libre,862f87a30baef06181f049adf7c460611605b25a807eaf3c25841a9dd84bed9e,direct-framework-reference,,org/apache/commons/io/input/ChecksumInputStream$Builder,app-definition-present,unknown,12,0,unknown,fd-com-kunzisoft-keepass-libre-evidence.json#/rows/1984,False,unknown
fd-com-kunzisoft-keepass-libre,862f87a30baef06181f049adf7c460611605b25a807eaf3c25841a9dd84bed9e,direct-framework-reference,,org/apache/commons/io/input/CircularInputStream,app-definition-present,unknown,5,0,unknown,fd-com-kunzisoft-keepass-libre-evidence.json#/rows/1985,False,unknown
fd-com-kunzisoft-keepass-libre,862f87a30baef06181f049adf7c460611605b25a807eaf3c25841a9dd84bed9e,direct-framework-reference,,org/apache/commons/io/input/ClassLoaderObjectInputStream,app-definition-present,unknown,3,0,unknown,fd-com-kunzisoft-keepass-libre-evidence.json#/rows/1986,False,unknown
fd-com-kunzisoft-keepass-libre,862f87a30baef06181f049adf7c460611605b25a807eaf3c25841a9dd84bed9e,direct-framework-reference,,org/apache/commons/io/input/CloseShieldInputStream,app-definition-present,unknown,3,0,unknown,fd-com-kunzisoft-keepass-libre-evidence.json#/rows/1987,False,unknown
fd-com-kunzisoft-keepass-libre,862f87a30baef06181f049adf7c460611605b25a807eaf3c25841a9dd84bed9e,direct-framework-reference,,org/apache/commons/io/input/CloseShieldReader,app-definition-present,unknown,2,0,unknown,fd-com-kunzisoft-keepass-libre-evidence.json#/rows/1988,False,unknown
fd-com-kunzisoft-keepass-libre,862f87a30baef06181f049adf7c460611605b25a807eaf3c25841a9dd84bed9e,direct-framework-reference,,org/apache/commons/io/input/ClosedInputStream,app-definition-present,unknown,6,0,unknown,fd-com-kunzisoft-keepass-libre-evidence.json#/rows/1989,False,unknown
fd-com-kunzisoft-keepass-libre,862f87a30baef06181f049adf7c460611605b25a807eaf3c25841a9dd84bed9e,direct-framework-reference,,org/apache/commons/io/input/ClosedReader,app-definition-present,unknown,2,0,unknown,fd-com-kunzisoft-keepass-libre-evidence.json#/rows/1990,False,unknown
fd-com-kunzisoft-keepass-libre,862f87a30baef06181f049adf7c460611605b25a807eaf3c25841a9dd84bed9e,direct-framework-reference,,org/apache/commons/io/input/CountingInputStream,app-definition-present,unknown,9,0,unknown,fd-com-kunzisoft-keepass-libre-evidence.json#/rows/1991,False,unknown
fd-com-kunzisoft-keepass-libre,862f87a30baef06181f049adf7c460611605b25a807eaf3c25841a9dd84bed9e,direct-framework-reference,,org/apache/commons/io/input/DemuxInputStream,app-definition-present,unknown,4,0,unknown,fd-com-kunzisoft-keepass-libre-evidence.json#/rows/1992,False,unknown
fd-com-kunzisoft-keepass-libre,862f87a30baef06181f049adf7c460611605b25a807eaf3c25841a9dd84bed9e,direct-framework-reference,,org/apache/commons/io/input/Input,app-definition-present,unknown,4,0,unknown,fd-com-kunzisoft-keepass-libre-evidence.json#/rows/1993,False,unknown
fd-com-kunzisoft-keepass-libre,862f87a30baef06181f049adf7c460611605b25a807eaf3c25841a9dd84bed9e,direct-framework-reference,,org/apache/commons/io/input/MemoryMappedFileInputStream,app-definition-present,unknown,13,0,unknown,fd-com-kunzisoft-keepass-libre-evidence.json#/rows/1994,False,unknown
fd-com-kunzisoft-keepass-libre,862f87a30baef06181f049adf7c460611605b25a807eaf3c25841a9dd84bed9e,direct-framework-reference,,org/apache/commons/io/input/MemoryMappedFileInputStream$1,app-definition-present,unknown,1,0,unknown,fd-com-kunzisoft-keepass-libre-evidence.json#/rows/1995,False,unknown
fd-com-kunzisoft-keepass-libre,862f87a30baef06181f049adf7c460611605b25a807eaf3c25841a9dd84bed9e,direct-framework-reference,,org/apache/commons/io/input/MemoryMappedFileInputStream$Builder,app-definition-present,unknown,6,0,unknown,fd-com-kunzisoft-keepass-libre-evidence.json#/rows/1996,False,unknown
fd-com-kunzisoft-keepass-libre,862f87a30baef06181f049adf7c460611605b25a807eaf3c25841a9dd84bed9e,direct-framework-reference,,org/apache/commons/io/input/MessageDigestCalculatingInputStream,app-definition-present,unknown,9,0,unknown,fd-com-kunzisoft-keepass-libre-evidence.json#/rows/1997,False,unknown
fd-com-kunzisoft-keepass-libre,862f87a30baef06181f049adf7c460611605b25a807eaf3c25841a9dd84bed9e,direct-framework-reference,,org/apache/commons/io/input/MessageDigestCalculatingInputStream$1,app-definition-present,unknown,1,0,unknown,fd-com-kunzisoft-keepass-libre-evidence.json#/rows/1998,False,unknown
fd-com-kunzisoft-keepass-libre,862f87a30baef06181f049adf7c460611605b25a807eaf3c25841a9dd84bed9e,direct-framework-reference,,org/apache/commons/io/input/MessageDigestCalculatingInputStream$Builder,app-definition-present,unknown,9,0,unknown,fd-com-kunzisoft-keepass-libre-evidence.json#/rows/1999,False,unknown
fd-com-kunzisoft-keepass-libre,862f87a30baef06181f049adf7c460611605b25a807eaf3c25841a9dd84bed9e,direct-framework-reference,,org/apache/commons/io/input/MessageDigestCalculatingInputStream$MessageDigestMaintainingObserver,app-definition-present,unknown,5,0,unknown,fd-com-kunzisoft-keepass-libre-evidence.json#/rows/2000,False,unknown
fd-com-kunzisoft-keepass-libre,862f87a30baef06181f049adf7c460611605b25a807eaf3c25841a9dd84bed9e,direct-framework-reference,,org/apache/commons/io/input/MessageDigestInputStream,app-definition-present,unknown,5,0,unknown,fd-com-kunzisoft-keepass-libre-evidence.json#/rows/2001,False,unknown
fd-com-kunzisoft-keepass-libre,862f87a30baef06181f049adf7c460611605b25a807eaf3c25841a9dd84bed9e,direct-framework-reference,,org/apache/commons/io/input/MessageDigestInputStream$1,app-definition-present,unknown,1,0,unknown,fd-com-kunzisoft-keepass-libre-evidence.json#/rows/2002,False,unknown
fd-com-kunzisoft-keepass-libre,862f87a30baef06181f049adf7c460611605b25a807eaf3c25841a9dd84bed9e,direct-framework-reference,,org/apache/commons/io/input/MessageDigestInputStream$Builder,app-definition-present,unknown,8,0,unknown,fd-com-kunzisoft-keepass-libre-evidence.json#/rows/2003,False,unknown
fd-com-kunzisoft-keepass-libre,862f87a30baef06181f049adf7c460611605b25a807eaf3c25841a9dd84bed9e,direct-framework-reference,,org/apache/commons/io/input/MessageDigestInputStream$MessageDigestMaintainingObserver,app-definition-present,unknown,4,0,unknown,fd-com-kunzisoft-keepass-libre-evidence.json#/rows/2004,False,unknown
fd-com-kunzisoft-keepass-libre,862f87a30baef06181f049adf7c460611605b25a807eaf3c25841a9dd84bed9e,direct-framework-reference,,org/apache/commons/io/input/NullInputStream,app-definition-present,unknown,18,0,unknown,fd-com-kunzisoft-keepass-libre-evidence.json#/rows/2005,False,unknown
fd-com-kunzisoft-keepass-libre,862f87a30baef06181f049adf7c460611605b25a807eaf3c25841a9dd84bed9e,direct-framework-reference,,org/apache/commons/io/input/NullReader,app-definition-present,unknown,15,0,unknown,fd-com-kunzisoft-keepass-libre-evidence.json#/rows/2006,False,unknown
fd-com-kunzisoft-keepass-libre,862f87a30baef06181f049adf7c460611605b25a807eaf3c25841a9dd84bed9e,direct-framework-reference,,org/apache/commons/io/input/ObservableInputStream,app-definition-present,unknown,27,0,unknown,fd-com-kunzisoft-keepass-libre-evidence.json#/rows/2007,False,unknown
fd-com-kunzisoft-keepass-libre,862f87a30baef06181f049adf7c460611605b25a807eaf3c25841a9dd84bed9e,direct-framework-reference,,org/apache/commons/io/input/ObservableInputStream$$ExternalSyntheticLambda0,app-definition-present,unknown,3,0,unknown,fd-com-kunzisoft-keepass-libre-evidence.json#/rows/2008,False,unknown
fd-com-kunzisoft-keepass-libre,862f87a30baef06181f049adf7c460611605b25a807eaf3c25841a9dd84bed9e,direct-framework-reference,,org/apache/commons/io/input/ObservableInputStream$$ExternalSyntheticLambda1,app-definition-present,unknown,1,0,unknown,fd-com-kunzisoft-keepass-libre-evidence.json#/rows/2009,False,unknown
fd-com-kunzisoft-keepass-libre,862f87a30baef06181f049adf7c460611605b25a807eaf3c25841a9dd84bed9e,direct-framework-reference,,org/apache/commons/io/input/ObservableInputStream$$ExternalSyntheticLambda2,app-definition-present,unknown,1,0,unknown,fd-com-kunzisoft-keepass-libre-evidence.json#/rows/2010,False,unknown
fd-com-kunzisoft-keepass-libre,862f87a30baef06181f049adf7c460611605b25a807eaf3c25841a9dd84bed9e,direct-framework-reference,,org/apache/commons/io/input/ObservableInputStream$$ExternalSyntheticLambda3,app-definition-present,unknown,3,0,unknown,fd-com-kunzisoft-keepass-libre-evidence.json#/rows/2011,False,unknown
fd-com-kunzisoft-keepass-libre,862f87a30baef06181f049adf7c460611605b25a807eaf3c25841a9dd84bed9e,direct-framework-reference,,org/apache/commons/io/input/ObservableInputStream$$ExternalSyntheticLambda4,app-definition-present,unknown,3,0,unknown,fd-com-kunzisoft-keepass-libre-evidence.json#/rows/2012,False,unknown
fd-com-kunzisoft-keepass-libre,862f87a30baef06181f049adf7c460611605b25a807eaf3c25841a9dd84bed9e,direct-framework-reference,,org/apache/commons/io/input/ObservableInputStream$AbstractBuilder,app-definition-present,unknown,9,0,unknown,fd-com-kunzisoft-keepass-libre-evidence.json#/rows/2013,False,unknown
fd-com-kunzisoft-keepass-libre,862f87a30baef06181f049adf7c460611605b25a807eaf3c25841a9dd84bed9e,direct-framework-reference,,org/apache/commons/io/input/ObservableInputStream$Builder,app-definition-present,unknown,1,0,unknown,fd-com-kunzisoft-keepass-libre-evidence.json#/rows/2014,False,unknown
fd-com-kunzisoft-keepass-libre,862f87a30baef06181f049adf7c460611605b25a807eaf3c25841a9dd84bed9e,direct-framework-reference,,org/apache/commons/io/input/ObservableInputStream$Observer,app-definition-present,unknown,14,0,unknown,fd-com-kunzisoft-keepass-libre-evidence.json#/rows/2015,False,unknown
fd-com-kunzisoft-keepass-libre,862f87a30baef06181f049adf7c460611605b25a807eaf3c25841a9dd84bed9e,direct-framework-reference,,org/apache/commons/io/input/ProxyInputStream,app-definition-present,unknown,53,0,unknown,fd-com-kunzisoft-keepass-libre-evidence.json#/rows/2016,False,unknown
fd-com-kunzisoft-keepass-libre,862f87a30baef06181f049adf7c460611605b25a807eaf3c25841a9dd84bed9e,direct-framework-reference,,org/apache/commons/io/input/ProxyInputStream$$ExternalSyntheticLambda0,app-definition-present,unknown,3,0,unknown,fd-com-kunzisoft-keepass-libre-evidence.json#/rows/2017,False,unknown
fd-com-kunzisoft-keepass-libre,862f87a30baef06181f049adf7c460611605b25a807eaf3c25841a9dd84bed9e,direct-framework-reference,,org/apache/commons/io/input/ProxyInputStream$AbstractBuilder,app-definition-present,unknown,29,0,unknown,fd-com-kunzisoft-keepass-libre-evidence.json#/rows/2018,False,unknown
fd-com-kunzisoft-keepass-libre,862f87a30baef06181f049adf7c460611605b25a807eaf3c25841a9dd84bed9e,direct-framework-reference,,org/apache/commons/io/input/ProxyReader,app-definition-present,unknown,18,0,unknown,fd-com-kunzisoft-keepass-libre-evidence.json#/rows/2019,False,unknown
fd-com-kunzisoft-keepass-libre,862f87a30baef06181f049adf7c460611605b25a807eaf3c25841a9dd84bed9e,direct-framework-reference,,org/apache/commons/io/input/QueueInputStream,app-definition-present,unknown,13,0,unknown,fd-com-kunzisoft-keepass-libre-evidence.json#/rows/2020,False,unknown
fd-com-kunzisoft-keepass-libre,862f87a30baef06181f049adf7c460611605b25a807eaf3c25841a9dd84bed9e,direct-framework-reference,,org/apache/commons/io/input/QueueInputStream$1,app-definition-present,unknown,1,0,unknown,fd-com-kunzisoft-keepass-libre-evidence.json#/rows/2021,False,unknown
fd-com-kunzisoft-keepass-libre,862f87a30baef06181f049adf7c460611605b25a807eaf3c25841a9dd84bed9e,direct-framework-reference,,org/apache/commons/io/input/QueueInputStream$Builder,app-definition-present,unknown,12,0,unknown,fd-com-kunzisoft-keepass-libre-evidence.json#/rows/2022,False,unknown
fd-com-kunzisoft-keepass-libre,862f87a30baef06181f049adf7c460611605b25a807eaf3c25841a9dd84bed9e,direct-framework-reference,,org/apache/commons/io/input/RandomAccessFileInputStream,app-definition-present,unknown,16,0,unknown,fd-com-kunzisoft-keepass-libre-evidence.json#/rows/2023,False,unknown
fd-com-kunzisoft-keepass-libre,862f87a30baef06181f049adf7c460611605b25a807eaf3c25841a9dd84bed9e,direct-framework-reference,,org/apache/commons/io/input/RandomAccessFileInputStream$1,app-definition-present,unknown,1,0,unknown,fd-com-kunzisoft-keepass-libre-evidence.json#/rows/2024,False,unknown
fd-com-kunzisoft-keepass-libre,862f87a30baef06181f049adf7c460611605b25a807eaf3c25841a9dd84bed9e,direct-framework-reference,,org/apache/commons/io/input/RandomAccessFileInputStream$Builder,app-definition-present,unknown,9,0,unknown,fd-com-kunzisoft-keepass-libre-evidence.json#/rows/2025,False,unknown
fd-com-kunzisoft-keepass-libre,862f87a30baef06181f049adf7c460611605b25a807eaf3c25841a9dd84bed9e,direct-framework-reference,,org/apache/commons/io/input/ReadAheadInputStream,app-definition-present,unknown,27,0,unknown,fd-com-kunzisoft-keepass-libre-evidence.json#/rows/2026,False,unknown
fd-com-kunzisoft-keepass-libre,862f87a30baef06181f049adf7c460611605b25a807eaf3c25841a9dd84bed9e,direct-framework-reference,,org/apache/commons/io/input/ReadAheadInputStream$$ExternalSyntheticLambda0,app-definition-present,unknown,3,0,unknown,fd-com-kunzisoft-keepass-libre-evidence.json#/rows/2027,False,unknown
fd-com-kunzisoft-keepass-libre,862f87a30baef06181f049adf7c460611605b25a807eaf3c25841a9dd84bed9e,direct-framework-reference,,org/apache/commons/io/input/ReadAheadInputStream$$ExternalSyntheticLambda1,app-definition-present,unknown,1,0,unknown,fd-com-kunzisoft-keepass-libre-evidence.json#/rows/2028,False,unknown
fd-com-kunzisoft-keepass-libre,862f87a30baef06181f049adf7c460611605b25a807eaf3c25841a9dd84bed9e,direct-framework-reference,,org/apache/commons/io/input/ReadAheadInputStream$$ExternalSyntheticLambda2,app-definition-present,unknown,1,0,unknown,fd-com-kunzisoft-keepass-libre-evidence.json#/rows/2029,False,unknown
fd-com-kunzisoft-keepass-libre,862f87a30baef06181f049adf7c460611605b25a807eaf3c25841a9dd84bed9e,direct-framework-reference,,org/apache/commons/io/input/ReadAheadInputStream$1,app-definition-present,unknown,1,0,unknown,fd-com-kunzisoft-keepass-libre-evidence.json#/rows/2030,False,unknown
fd-com-kunzisoft-keepass-libre,862f87a30baef06181f049adf7c460611605b25a807eaf3c25841a9dd84bed9e,direct-framework-reference,,org/apache/commons/io/input/ReadAheadInputStream$Builder,app-definition-present,unknown,7,0,unknown,fd-com-kunzisoft-keepass-libre-evidence.json#/rows/2031,False,unknown
fd-com-kunzisoft-keepass-libre,862f87a30baef06181f049adf7c460611605b25a807eaf3c25841a9dd84bed9e,direct-framework-reference,,org/apache/commons/io/input/ReaderInputStream,app-definition-present,unknown,25,0,unknown,fd-com-kunzisoft-keepass-libre-evidence.json#/rows/2032,False,unknown
fd-com-kunzisoft-keepass-libre,862f87a30baef06181f049adf7c460611605b25a807eaf3c25841a9dd84bed9e,direct-framework-reference,,org/apache/commons/io/input/ReaderInputStream$1,app-definition-present,unknown,1,0,unknown,fd-com-kunzisoft-keepass-libre-evidence.json#/rows/2033,False,unknown
fd-com-kunzisoft-keepass-libre,862f87a30baef06181f049adf7c460611605b25a807eaf3c25841a9dd84bed9e,direct-framework-reference,,org/apache/commons/io/input/ReaderInputStream$Builder,app-definition-present,unknown,15,0,unknown,fd-com-kunzisoft-keepass-libre-evidence.json#/rows/2034,False,unknown
fd-com-kunzisoft-keepass-libre,862f87a30baef06181f049adf7c460611605b25a807eaf3c25841a9dd84bed9e,direct-framework-reference,,org/apache/commons/io/input/ReaderInputStream$Builder$$ExternalSyntheticLambda0,app-definition-present,unknown,3,0,unknown,fd-com-kunzisoft-keepass-libre-evidence.json#/rows/2035,False,unknown
fd-com-kunzisoft-keepass-libre,862f87a30baef06181f049adf7c460611605b25a807eaf3c25841a9dd84bed9e,direct-framework-reference,,org/apache/commons/io/input/ReversedLinesFileReader,app-definition-present,unknown,33,0,unknown,fd-com-kunzisoft-keepass-libre-evidence.json#/rows/2036,False,unknown
fd-com-kunzisoft-keepass-libre,862f87a30baef06181f049adf7c460611605b25a807eaf3c25841a9dd84bed9e,direct-framework-reference,,org/apache/commons/io/input/ReversedLinesFileReader$1,app-definition-present,unknown,7,0,unknown,fd-com-kunzisoft-keepass-libre-evidence.json#/rows/2037,False,unknown
fd-com-kunzisoft-keepass-libre,862f87a30baef06181f049adf7c460611605b25a807eaf3c25841a9dd84bed9e,direct-framework-reference,,org/apache/commons/io/input/ReversedLinesFileReader$Builder,app-definition-present,unknown,7,0,unknown,fd-com-kunzisoft-keepass-libre-evidence.json#/rows/2038,False,unknown
fd-com-kunzisoft-keepass-libre,862f87a30baef06181f049adf7c460611605b25a807eaf3c25841a9dd84bed9e,direct-framework-reference,,org/apache/commons/io/input/ReversedLinesFileReader$FilePart,app-definition-present,unknown,10,0,unknown,fd-com-kunzisoft-keepass-libre-evidence.json#/rows/2039,False,unknown
fd-com-kunzisoft-keepass-libre,862f87a30baef06181f049adf7c460611605b25a807eaf3c25841a9dd84bed9e,direct-framework-reference,,org/apache/commons/io/input/SequenceReader,app-definition-present,unknown,9,0,unknown,fd-com-kunzisoft-keepass-libre-evidence.json#/rows/2040,False,unknown
fd-com-kunzisoft-keepass-libre,862f87a30baef06181f049adf7c460611605b25a807eaf3c25841a9dd84bed9e,direct-framework-reference,,org/apache/commons/io/input/SequenceReader$$ExternalSyntheticLambda0,app-definition-present,unknown,3,0,unknown,fd-com-kunzisoft-keepass-libre-evidence.json#/rows/2041,False,unknown
fd-com-kunzisoft-keepass-libre,862f87a30baef06181f049adf7c460611605b25a807eaf3c25841a9dd84bed9e,direct-framework-reference,,org/apache/commons/io/input/SwappedDataInputStream,app-definition-present,unknown,13,0,unknown,fd-com-kunzisoft-keepass-libre-evidence.json#/rows/2042,False,unknown
fd-com-kunzisoft-keepass-libre,862f87a30baef06181f049adf7c460611605b25a807eaf3c25841a9dd84bed9e,direct-framework-reference,,org/apache/commons/io/input/TaggedInputStream,app-definition-present,unknown,4,0,unknown,fd-com-kunzisoft-keepass-libre-evidence.json#/rows/2043,False,unknown
fd-com-kunzisoft-keepass-libre,862f87a30baef06181f049adf7c460611605b25a807eaf3c25841a9dd84bed9e,direct-framework-reference,,org/apache/commons/io/input/TaggedReader,app-definition-present,unknown,4,0,unknown,fd-com-kunzisoft-keepass-libre-evidence.json#/rows/2044,False,unknown
fd-com-kunzisoft-keepass-libre,862f87a30baef06181f049adf7c460611605b25a807eaf3c25841a9dd84bed9e,direct-framework-reference,,org/apache/commons/io/input/Tailer,app-definition-present,unknown,29,0,unknown,fd-com-kunzisoft-keepass-libre-evidence.json#/rows/2045,False,unknown
fd-com-kunzisoft-keepass-libre,862f87a30baef06181f049adf7c460611605b25a807eaf3c25841a9dd84bed9e,direct-framework-reference,,org/apache/commons/io/input/Tailer$1,app-definition-present,unknown,4,0,unknown,fd-com-kunzisoft-keepass-libre-evidence.json#/rows/2046,False,unknown
fd-com-kunzisoft-keepass-libre,862f87a30baef06181f049adf7c460611605b25a807eaf3c25841a9dd84bed9e,direct-framework-reference,,org/apache/commons/io/input/Tailer$Builder,app-definition-present,unknown,32,0,unknown,fd-com-kunzisoft-keepass-libre-evidence.json#/rows/2047,False,unknown
fd-com-kunzisoft-keepass-libre,862f87a30baef06181f049adf7c460611605b25a807eaf3c25841a9dd84bed9e,direct-framework-reference,,org/apache/commons/io/input/Tailer$Builder$$ExternalSyntheticLambda0,app-definition-present,unknown,1,0,unknown,fd-com-kunzisoft-keepass-libre-evidence.json#/rows/2048,False,unknown
fd-com-kunzisoft-keepass-libre,862f87a30baef06181f049adf7c460611605b25a807eaf3c25841a9dd84bed9e,direct-framework-reference,,org/apache/commons/io/input/Tailer$RandomAccessFileBridge,app-definition-present,unknown,7,0,unknown,fd-com-kunzisoft-keepass-libre-evidence.json#/rows/2049,False,unknown
fd-com-kunzisoft-keepass-libre,862f87a30baef06181f049adf7c460611605b25a807eaf3c25841a9dd84bed9e,direct-framework-reference,,org/apache/commons/io/input/Tailer$RandomAccessResourceBridge,app-definition-present,unknown,2,0,unknown,fd-com-kunzisoft-keepass-libre-evidence.json#/rows/2050,False,unknown
fd-com-kunzisoft-keepass-libre,862f87a30baef06181f049adf7c460611605b25a807eaf3c25841a9dd84bed9e,direct-framework-reference,,org/apache/commons/io/input/Tailer$Tailable,app-definition-present,unknown,9,0,unknown,fd-com-kunzisoft-keepass-libre-evidence.json#/rows/2051,False,unknown
fd-com-kunzisoft-keepass-libre,862f87a30baef06181f049adf7c460611605b25a807eaf3c25841a9dd84bed9e,direct-framework-reference,,org/apache/commons/io/input/Tailer$TailablePath,app-definition-present,unknown,11,0,unknown,fd-com-kunzisoft-keepass-libre-evidence.json#/rows/2052,False,unknown
fd-com-kunzisoft-keepass-libre,862f87a30baef06181f049adf7c460611605b25a807eaf3c25841a9dd84bed9e,direct-framework-reference,,org/apache/commons/io/input/TailerListener,app-definition-present,unknown,12,0,unknown,fd-com-kunzisoft-keepass-libre-evidence.json#/rows/2053,False,unknown
fd-com-kunzisoft-keepass-libre,862f87a30baef06181f049adf7c460611605b25a807eaf3c25841a9dd84bed9e,direct-framework-reference,,org/apache/commons/io/input/TailerListenerAdapter,app-definition-present,unknown,1,0,unknown,fd-com-kunzisoft-keepass-libre-evidence.json#/rows/2054,False,unknown
fd-com-kunzisoft-keepass-libre,862f87a30baef06181f049adf7c460611605b25a807eaf3c25841a9dd84bed9e,direct-framework-reference,,org/apache/commons/io/input/TeeInputStream,app-definition-present,unknown,6,0,unknown,fd-com-kunzisoft-keepass-libre-evidence.json#/rows/2055,False,unknown
fd-com-kunzisoft-keepass-libre,862f87a30baef06181f049adf7c460611605b25a807eaf3c25841a9dd84bed9e,direct-framework-reference,,org/apache/commons/io/input/TeeReader,app-definition-present,unknown,7,0,unknown,fd-com-kunzisoft-keepass-libre-evidence.json#/rows/2056,False,unknown
fd-com-kunzisoft-keepass-libre,862f87a30baef06181f049adf7c460611605b25a807eaf3c25841a9dd84bed9e,direct-framework-reference,,org/apache/commons/io/input/ThrottledInputStream,app-definition-present,unknown,11,0,unknown,fd-com-kunzisoft-keepass-libre-evidence.json#/rows/2057,False,unknown
fd-com-kunzisoft-keepass-libre,862f87a30baef06181f049adf7c460611605b25a807eaf3c25841a9dd84bed9e,direct-framework-reference,,org/apache/commons/io/input/ThrottledInputStream$1,app-definition-present,unknown,1,0,unknown,fd-com-kunzisoft-keepass-libre-evidence.json#/rows/2058,False,unknown
fd-com-kunzisoft-keepass-libre,862f87a30baef06181f049adf7c460611605b25a807eaf3c25841a9dd84bed9e,direct-framework-reference,,org/apache/commons/io/input/ThrottledInputStream$Builder,app-definition-present,unknown,12,0,unknown,fd-com-kunzisoft-keepass-libre-evidence.json#/rows/2059,False,unknown
fd-com-kunzisoft-keepass-libre,862f87a30baef06181f049adf7c460611605b25a807eaf3c25841a9dd84bed9e,direct-framework-reference,,org/apache/commons/io/input/TimestampedObserver,app-definition-present,unknown,8,0,unknown,fd-com-kunzisoft-keepass-libre-evidence.json#/rows/2060,False,unknown
fd-com-kunzisoft-keepass-libre,862f87a30baef06181f049adf7c460611605b25a807eaf3c25841a9dd84bed9e,direct-framework-reference,,org/apache/commons/io/input/UncheckedBufferedReader,app-definition-present,unknown,35,0,unknown,fd-com-kunzisoft-keepass-libre-evidence.json#/rows/2061,False,unknown
fd-com-kunzisoft-keepass-libre,862f87a30baef06181f049adf7c460611605b25a807eaf3c25841a9dd84bed9e,direct-framework-reference,,org/apache/commons/io/input/UncheckedBufferedReader$$ExternalSyntheticLambda0,app-definition-present,unknown,3,0,unknown,fd-com-kunzisoft-keepass-libre-evidence.json#/rows/2062,False,unknown
fd-com-kunzisoft-keepass-libre,862f87a30baef06181f049adf7c460611605b25a807eaf3c25841a9dd84bed9e,direct-framework-reference,,org/apache/commons/io/input/UncheckedBufferedReader$$ExternalSyntheticLambda1,app-definition-present,unknown,3,0,unknown,fd-com-kunzisoft-keepass-libre-evidence.json#/rows/2063,False,unknown
fd-com-kunzisoft-keepass-libre,862f87a30baef06181f049adf7c460611605b25a807eaf3c25841a9dd84bed9e,direct-framework-reference,,org/apache/commons/io/input/UncheckedBufferedReader$$ExternalSyntheticLambda2,app-definition-present,unknown,3,0,unknown,fd-com-kunzisoft-keepass-libre-evidence.json#/rows/2064,False,unknown
fd-com-kunzisoft-keepass-libre,862f87a30baef06181f049adf7c460611605b25a807eaf3c25841a9dd84bed9e,direct-framework-reference,,org/apache/commons/io/input/UncheckedBufferedReader$$ExternalSyntheticLambda3,app-definition-present,unknown,3,0,unknown,fd-com-kunzisoft-keepass-libre-evidence.json#/rows/2065,False,unknown
fd-com-kunzisoft-keepass-libre,862f87a30baef06181f049adf7c460611605b25a807eaf3c25841a9dd84bed9e,direct-framework-reference,,org/apache/commons/io/input/UncheckedBufferedReader$$ExternalSyntheticLambda4,app-definition-present,unknown,3,0,unknown,fd-com-kunzisoft-keepass-libre-evidence.json#/rows/2066,False,unknown
fd-com-kunzisoft-keepass-libre,862f87a30baef06181f049adf7c460611605b25a807eaf3c25841a9dd84bed9e,direct-framework-reference,,org/apache/commons/io/input/UncheckedBufferedReader$$ExternalSyntheticLambda5,app-definition-present,unknown,3,0,unknown,fd-com-kunzisoft-keepass-libre-evidence.json#/rows/2067,False,unknown
fd-com-kunzisoft-keepass-libre,862f87a30baef06181f049adf7c460611605b25a807eaf3c25841a9dd84bed9e,direct-framework-reference,,org/apache/commons/io/input/UncheckedBufferedReader$$ExternalSyntheticLambda6,app-definition-present,unknown,3,0,unknown,fd-com-kunzisoft-keepass-libre-evidence.json#/rows/2068,False,unknown
fd-com-kunzisoft-keepass-libre,862f87a30baef06181f049adf7c460611605b25a807eaf3c25841a9dd84bed9e,direct-framework-reference,,org/apache/commons/io/input/UncheckedBufferedReader$$ExternalSyntheticLambda7,app-definition-present,unknown,3,0,unknown,fd-com-kunzisoft-keepass-libre-evidence.json#/rows/2069,False,unknown
fd-com-kunzisoft-keepass-libre,862f87a30baef06181f049adf7c460611605b25a807eaf3c25841a9dd84bed9e,direct-framework-reference,,org/apache/commons/io/input/UncheckedBufferedReader$$ExternalSyntheticLambda8,app-definition-present,unknown,3,0,unknown,fd-com-kunzisoft-keepass-libre-evidence.json#/rows/2070,False,unknown
fd-com-kunzisoft-keepass-libre,862f87a30baef06181f049adf7c460611605b25a807eaf3c25841a9dd84bed9e,direct-framework-reference,,org/apache/commons/io/input/UncheckedBufferedReader$$ExternalSyntheticLambda9,app-definition-present,unknown,3,0,unknown,fd-com-kunzisoft-keepass-libre-evidence.json#/rows/2071,False,unknown
fd-com-kunzisoft-keepass-libre,862f87a30baef06181f049adf7c460611605b25a807eaf3c25841a9dd84bed9e,direct-framework-reference,,org/apache/commons/io/input/UncheckedBufferedReader$1,app-definition-present,unknown,1,0,unknown,fd-com-kunzisoft-keepass-libre-evidence.json#/rows/2072,False,unknown
fd-com-kunzisoft-keepass-libre,862f87a30baef06181f049adf7c460611605b25a807eaf3c25841a9dd84bed9e,direct-framework-reference,,org/apache/commons/io/input/UncheckedBufferedReader$Builder,app-definition-present,unknown,8,0,unknown,fd-com-kunzisoft-keepass-libre-evidence.json#/rows/2073,False,unknown
fd-com-kunzisoft-keepass-libre,862f87a30baef06181f049adf7c460611605b25a807eaf3c25841a9dd84bed9e,direct-framework-reference,,org/apache/commons/io/input/UncheckedBufferedReader$Builder$$ExternalSyntheticLambda0,app-definition-present,unknown,3,0,unknown,fd-com-kunzisoft-keepass-libre-evidence.json#/rows/2074,False,unknown
fd-com-kunzisoft-keepass-libre,862f87a30baef06181f049adf7c460611605b25a807eaf3c25841a9dd84bed9e,direct-framework-reference,,org/apache/commons/io/input/UncheckedFilterInputStream,app-definition-present,unknown,26,0,unknown,fd-com-kunzisoft-keepass-libre-evidence.json#/rows/2075,False,unknown
fd-com-kunzisoft-keepass-libre,862f87a30baef06181f049adf7c460611605b25a807eaf3c25841a9dd84bed9e,direct-framework-reference,,org/apache/commons/io/input/UncheckedFilterInputStream$$ExternalSyntheticLambda0,app-definition-present,unknown,3,0,unknown,fd-com-kunzisoft-keepass-libre-evidence.json#/rows/2076,False,unknown
fd-com-kunzisoft-keepass-libre,862f87a30baef06181f049adf7c460611605b25a807eaf3c25841a9dd84bed9e,direct-framework-reference,,org/apache/commons/io/input/UncheckedFilterInputStream$$ExternalSyntheticLambda1,app-definition-present,unknown,3,0,unknown,fd-com-kunzisoft-keepass-libre-evidence.json#/rows/2077,False,unknown
fd-com-kunzisoft-keepass-libre,862f87a30baef06181f049adf7c460611605b25a807eaf3c25841a9dd84bed9e,direct-framework-reference,,org/apache/commons/io/input/UncheckedFilterInputStream$$ExternalSyntheticLambda2,app-definition-present,unknown,3,0,unknown,fd-com-kunzisoft-keepass-libre-evidence.json#/rows/2078,False,unknown
fd-com-kunzisoft-keepass-libre,862f87a30baef06181f049adf7c460611605b25a807eaf3c25841a9dd84bed9e,direct-framework-reference,,org/apache/commons/io/input/UncheckedFilterInputStream$$ExternalSyntheticLambda3,app-definition-present,unknown,3,0,unknown,fd-com-kunzisoft-keepass-libre-evidence.json#/rows/2079,False,unknown
fd-com-kunzisoft-keepass-libre,862f87a30baef06181f049adf7c460611605b25a807eaf3c25841a9dd84bed9e,direct-framework-reference,,org/apache/commons/io/input/UncheckedFilterInputStream$$ExternalSyntheticLambda4,app-definition-present,unknown,3,0,unknown,fd-com-kunzisoft-keepass-libre-evidence.json#/rows/2080,False,unknown
fd-com-kunzisoft-keepass-libre,862f87a30baef06181f049adf7c460611605b25a807eaf3c25841a9dd84bed9e,direct-framework-reference,,org/apache/commons/io/input/UncheckedFilterInputStream$$ExternalSyntheticLambda5,app-definition-present,unknown,3,0,unknown,fd-com-kunzisoft-keepass-libre-evidence.json#/rows/2081,False,unknown
fd-com-kunzisoft-keepass-libre,862f87a30baef06181f049adf7c460611605b25a807eaf3c25841a9dd84bed9e,direct-framework-reference,,org/apache/commons/io/input/UncheckedFilterInputStream$$ExternalSyntheticLambda6,app-definition-present,unknown,3,0,unknown,fd-com-kunzisoft-keepass-libre-evidence.json#/rows/2082,False,unknown
fd-com-kunzisoft-keepass-libre,862f87a30baef06181f049adf7c460611605b25a807eaf3c25841a9dd84bed9e,direct-framework-reference,,org/apache/commons/io/input/UncheckedFilterInputStream$1,app-definition-present,unknown,1,0,unknown,fd-com-kunzisoft-keepass-libre-evidence.json#/rows/2083,False,unknown
fd-com-kunzisoft-keepass-libre,862f87a30baef06181f049adf7c460611605b25a807eaf3c25841a9dd84bed9e,direct-framework-reference,,org/apache/commons/io/input/UncheckedFilterInputStream$Builder,app-definition-present,unknown,8,0,unknown,fd-com-kunzisoft-keepass-libre-evidence.json#/rows/2084,False,unknown
fd-com-kunzisoft-keepass-libre,862f87a30baef06181f049adf7c460611605b25a807eaf3c25841a9dd84bed9e,direct-framework-reference,,org/apache/commons/io/input/UncheckedFilterInputStream$Builder$$ExternalSyntheticLambda0,app-definition-present,unknown,3,0,unknown,fd-com-kunzisoft-keepass-libre-evidence.json#/rows/2085,False,unknown
fd-com-kunzisoft-keepass-libre,862f87a30baef06181f049adf7c460611605b25a807eaf3c25841a9dd84bed9e,direct-framework-reference,,org/apache/commons/io/input/UncheckedFilterReader,app-definition-present,unknown,32,0,unknown,fd-com-kunzisoft-keepass-libre-evidence.json#/rows/2086,False,unknown
fd-com-kunzisoft-keepass-libre,862f87a30baef06181f049adf7c460611605b25a807eaf3c25841a9dd84bed9e,direct-framework-reference,,org/apache/commons/io/input/UncheckedFilterReader$$ExternalSyntheticLambda0,app-definition-present,unknown,3,0,unknown,fd-com-kunzisoft-keepass-libre-evidence.json#/rows/2087,False,unknown
fd-com-kunzisoft-keepass-libre,862f87a30baef06181f049adf7c460611605b25a807eaf3c25841a9dd84bed9e,direct-framework-reference,,org/apache/commons/io/input/UncheckedFilterReader$$ExternalSyntheticLambda1,app-definition-present,unknown,3,0,unknown,fd-com-kunzisoft-keepass-libre-evidence.json#/rows/2088,False,unknown
fd-com-kunzisoft-keepass-libre,862f87a30baef06181f049adf7c460611605b25a807eaf3c25841a9dd84bed9e,direct-framework-reference,,org/apache/commons/io/input/UncheckedFilterReader$$ExternalSyntheticLambda2,app-definition-present,unknown,3,0,unknown,fd-com-kunzisoft-keepass-libre-evidence.json#/rows/2089,False,unknown
fd-com-kunzisoft-keepass-libre,862f87a30baef06181f049adf7c460611605b25a807eaf3c25841a9dd84bed9e,direct-framework-reference,,org/apache/commons/io/input/UncheckedFilterReader$$ExternalSyntheticLambda3,app-definition-present,unknown,3,0,unknown,fd-com-kunzisoft-keepass-libre-evidence.json#/rows/2090,False,unknown
fd-com-kunzisoft-keepass-libre,862f87a30baef06181f049adf7c460611605b25a807eaf3c25841a9dd84bed9e,direct-framework-reference,,org/apache/commons/io/input/UncheckedFilterReader$$ExternalSyntheticLambda4,app-definition-present,unknown,3,0,unknown,fd-com-kunzisoft-keepass-libre-evidence.json#/rows/2091,False,unknown
fd-com-kunzisoft-keepass-libre,862f87a30baef06181f049adf7c460611605b25a807eaf3c25841a9dd84bed9e,direct-framework-reference,,org/apache/commons/io/input/UncheckedFilterReader$$ExternalSyntheticLambda5,app-definition-present,unknown,3,0,unknown,fd-com-kunzisoft-keepass-libre-evidence.json#/rows/2092,False,unknown
fd-com-kunzisoft-keepass-libre,862f87a30baef06181f049adf7c460611605b25a807eaf3c25841a9dd84bed9e,direct-framework-reference,,org/apache/commons/io/input/UncheckedFilterReader$$ExternalSyntheticLambda6,app-definition-present,unknown,3,0,unknown,fd-com-kunzisoft-keepass-libre-evidence.json#/rows/2093,False,unknown
fd-com-kunzisoft-keepass-libre,862f87a30baef06181f049adf7c460611605b25a807eaf3c25841a9dd84bed9e,direct-framework-reference,,org/apache/commons/io/input/UncheckedFilterReader$$ExternalSyntheticLambda7,app-definition-present,unknown,3,0,unknown,fd-com-kunzisoft-keepass-libre-evidence.json#/rows/2094,False,unknown
fd-com-kunzisoft-keepass-libre,862f87a30baef06181f049adf7c460611605b25a807eaf3c25841a9dd84bed9e,direct-framework-reference,,org/apache/commons/io/input/UncheckedFilterReader$$ExternalSyntheticLambda8,app-definition-present,unknown,3,0,unknown,fd-com-kunzisoft-keepass-libre-evidence.json#/rows/2095,False,unknown
fd-com-kunzisoft-keepass-libre,862f87a30baef06181f049adf7c460611605b25a807eaf3c25841a9dd84bed9e,direct-framework-reference,,org/apache/commons/io/input/UncheckedFilterReader$1,app-definition-present,unknown,1,0,unknown,fd-com-kunzisoft-keepass-libre-evidence.json#/rows/2096,False,unknown
fd-com-kunzisoft-keepass-libre,862f87a30baef06181f049adf7c460611605b25a807eaf3c25841a9dd84bed9e,direct-framework-reference,,org/apache/commons/io/input/UncheckedFilterReader$Builder,app-definition-present,unknown,8,0,unknown,fd-com-kunzisoft-keepass-libre-evidence.json#/rows/2097,False,unknown
fd-com-kunzisoft-keepass-libre,862f87a30baef06181f049adf7c460611605b25a807eaf3c25841a9dd84bed9e,direct-framework-reference,,org/apache/commons/io/input/UncheckedFilterReader$Builder$$ExternalSyntheticLambda0,app-definition-present,unknown,3,0,unknown,fd-com-kunzisoft-keepass-libre-evidence.json#/rows/2098,False,unknown
fd-com-kunzisoft-keepass-libre,862f87a30baef06181f049adf7c460611605b25a807eaf3c25841a9dd84bed9e,direct-framework-reference,,org/apache/commons/io/input/UnixLineEndingInputStream,app-definition-present,unknown,5,0,unknown,fd-com-kunzisoft-keepass-libre-evidence.json#/rows/2099,False,unknown
fd-com-kunzisoft-keepass-libre,862f87a30baef06181f049adf7c460611605b25a807eaf3c25841a9dd84bed9e,direct-framework-reference,,org/apache/commons/io/input/UnsupportedOperationExceptions,app-definition-present,unknown,11,0,unknown,fd-com-kunzisoft-keepass-libre-evidence.json#/rows/2100,False,unknown
fd-com-kunzisoft-keepass-libre,862f87a30baef06181f049adf7c460611605b25a807eaf3c25841a9dd84bed9e,direct-framework-reference,,org/apache/commons/io/input/UnsynchronizedBufferedInputStream,app-definition-present,unknown,13,0,unknown,fd-com-kunzisoft-keepass-libre-evidence.json#/rows/2101,False,unknown
fd-com-kunzisoft-keepass-libre,862f87a30baef06181f049adf7c460611605b25a807eaf3c25841a9dd84bed9e,direct-framework-reference,,org/apache/commons/io/input/UnsynchronizedBufferedInputStream$1,app-definition-present,unknown,1,0,unknown,fd-com-kunzisoft-keepass-libre-evidence.json#/rows/2102,False,unknown
fd-com-kunzisoft-keepass-libre,862f87a30baef06181f049adf7c460611605b25a807eaf3c25841a9dd84bed9e,direct-framework-reference,,org/apache/commons/io/input/UnsynchronizedBufferedInputStream$Builder,app-definition-present,unknown,4,0,unknown,fd-com-kunzisoft-keepass-libre-evidence.json#/rows/2103,False,unknown
fd-com-kunzisoft-keepass-libre,862f87a30baef06181f049adf7c460611605b25a807eaf3c25841a9dd84bed9e,direct-framework-reference,,org/apache/commons/io/input/UnsynchronizedBufferedReader,app-definition-present,unknown,14,0,unknown,fd-com-kunzisoft-keepass-libre-evidence.json#/rows/2104,False,unknown
fd-com-kunzisoft-keepass-libre,862f87a30baef06181f049adf7c460611605b25a807eaf3c25841a9dd84bed9e,direct-framework-reference,,org/apache/commons/io/input/UnsynchronizedByteArrayInputStream,app-definition-present,unknown,20,0,unknown,fd-com-kunzisoft-keepass-libre-evidence.json#/rows/2105,False,unknown
fd-com-kunzisoft-keepass-libre,862f87a30baef06181f049adf7c460611605b25a807eaf3c25841a9dd84bed9e,direct-framework-reference,,org/apache/commons/io/input/UnsynchronizedByteArrayInputStream$1,app-definition-present,unknown,1,0,unknown,fd-com-kunzisoft-keepass-libre-evidence.json#/rows/2106,False,unknown
fd-com-kunzisoft-keepass-libre,862f87a30baef06181f049adf7c460611605b25a807eaf3c25841a9dd84bed9e,direct-framework-reference,,org/apache/commons/io/input/UnsynchronizedByteArrayInputStream$Builder,app-definition-present,unknown,14,0,unknown,fd-com-kunzisoft-keepass-libre-evidence.json#/rows/2107,False,unknown
fd-com-kunzisoft-keepass-libre,862f87a30baef06181f049adf7c460611605b25a807eaf3c25841a9dd84bed9e,direct-framework-reference,,org/apache/commons/io/input/UnsynchronizedFilterInputStream,app-definition-present,unknown,14,0,unknown,fd-com-kunzisoft-keepass-libre-evidence.json#/rows/2108,False,unknown
fd-com-kunzisoft-keepass-libre,862f87a30baef06181f049adf7c460611605b25a807eaf3c25841a9dd84bed9e,direct-framework-reference,,org/apache/commons/io/input/UnsynchronizedFilterInputStream$Builder,app-definition-present,unknown,4,0,unknown,fd-com-kunzisoft-keepass-libre-evidence.json#/rows/2109,False,unknown
fd-com-kunzisoft-keepass-libre,862f87a30baef06181f049adf7c460611605b25a807eaf3c25841a9dd84bed9e,direct-framework-reference,,org/apache/commons/io/input/UnsynchronizedReader,app-definition-present,unknown,7,0,unknown,fd-com-kunzisoft-keepass-libre-evidence.json#/rows/2110,False,unknown
fd-com-kunzisoft-keepass-libre,862f87a30baef06181f049adf7c460611605b25a807eaf3c25841a9dd84bed9e,direct-framework-reference,,org/apache/commons/io/input/WindowsLineEndingInputStream,app-definition-present,unknown,4,0,unknown,fd-com-kunzisoft-keepass-libre-evidence.json#/rows/2111,False,unknown
fd-com-kunzisoft-keepass-libre,862f87a30baef06181f049adf7c460611605b25a807eaf3c25841a9dd84bed9e,direct-framework-reference,,org/apache/commons/io/input/XmlStreamReader,app-definition-present,unknown,26,0,unknown,fd-com-kunzisoft-keepass-libre-evidence.json#/rows/2112,False,unknown
fd-com-kunzisoft-keepass-libre,862f87a30baef06181f049adf7c460611605b25a807eaf3c25841a9dd84bed9e,direct-framework-reference,,org/apache/commons/io/input/XmlStreamReader$$ExternalSyntheticLambda0,app-definition-present,unknown,3,0,unknown,fd-com-kunzisoft-keepass-libre-evidence.json#/rows/2113,False,unknown
fd-com-kunzisoft-keepass-libre,862f87a30baef06181f049adf7c460611605b25a807eaf3c25841a9dd84bed9e,direct-framework-reference,,org/apache/commons/io/input/XmlStreamReader$Builder,app-definition-present,unknown,10,0,unknown,fd-com-kunzisoft-keepass-libre-evidence.json#/rows/2114,False,unknown
fd-com-kunzisoft-keepass-libre,862f87a30baef06181f049adf7c460611605b25a807eaf3c25841a9dd84bed9e,direct-framework-reference,,org/apache/commons/io/input/XmlStreamReaderException,app-definition-present,unknown,12,0,unknown,fd-com-kunzisoft-keepass-libre-evidence.json#/rows/2115,False,unknown
fd-com-kunzisoft-keepass-libre,862f87a30baef06181f049adf7c460611605b25a807eaf3c25841a9dd84bed9e,direct-framework-reference,,org/apache/commons/io/input/buffer/CircularBufferInputStream,app-definition-present,unknown,9,0,unknown,fd-com-kunzisoft-keepass-libre-evidence.json#/rows/2116,False,unknown
fd-com-kunzisoft-keepass-libre,862f87a30baef06181f049adf7c460611605b25a807eaf3c25841a9dd84bed9e,direct-framework-reference,,org/apache/commons/io/input/buffer/CircularByteBuffer,app-definition-present,unknown,20,0,unknown,fd-com-kunzisoft-keepass-libre-evidence.json#/rows/2117,False,unknown
fd-com-kunzisoft-keepass-libre,862f87a30baef06181f049adf7c460611605b25a807eaf3c25841a9dd84bed9e,direct-framework-reference,,org/apache/commons/io/input/buffer/PeekableInputStream,app-definition-present,unknown,2,0,unknown,fd-com-kunzisoft-keepass-libre-evidence.json#/rows/2118,False,unknown
fd-com-kunzisoft-keepass-libre,862f87a30baef06181f049adf7c460611605b25a807eaf3c25841a9dd84bed9e,direct-framework-reference,,org/apache/commons/io/monitor/FileAlterationListener,app-definition-present,unknown,13,0,unknown,fd-com-kunzisoft-keepass-libre-evidence.json#/rows/2119,False,unknown
fd-com-kunzisoft-keepass-libre,862f87a30baef06181f049adf7c460611605b25a807eaf3c25841a9dd84bed9e,direct-framework-reference,,org/apache/commons/io/monitor/FileAlterationMonitor,app-definition-present,unknown,16,0,unknown,fd-com-kunzisoft-keepass-libre-evidence.json#/rows/2120,False,unknown
fd-com-kunzisoft-keepass-libre,862f87a30baef06181f049adf7c460611605b25a807eaf3c25841a9dd84bed9e,direct-framework-reference,,org/apache/commons/io/monitor/FileAlterationMonitor$$ExternalSyntheticLambda2,app-definition-present,unknown,3,0,unknown,fd-com-kunzisoft-keepass-libre-evidence.json#/rows/2121,False,unknown
fd-com-kunzisoft-keepass-libre,862f87a30baef06181f049adf7c460611605b25a807eaf3c25841a9dd84bed9e,direct-framework-reference,,org/apache/commons/io/monitor/FileAlterationMonitor$$ExternalSyntheticLambda3,app-definition-present,unknown,3,0,unknown,fd-com-kunzisoft-keepass-libre-evidence.json#/rows/2122,False,unknown
fd-com-kunzisoft-keepass-libre,862f87a30baef06181f049adf7c460611605b25a807eaf3c25841a9dd84bed9e,direct-framework-reference,,org/apache/commons/io/monitor/FileAlterationMonitor$$ExternalSyntheticLambda4,app-definition-present,unknown,1,0,unknown,fd-com-kunzisoft-keepass-libre-evidence.json#/rows/2123,False,unknown
fd-com-kunzisoft-keepass-libre,862f87a30baef06181f049adf7c460611605b25a807eaf3c25841a9dd84bed9e,direct-framework-reference,,org/apache/commons/io/monitor/FileAlterationObserver,app-definition-present,unknown,54,0,unknown,fd-com-kunzisoft-keepass-libre-evidence.json#/rows/2124,False,unknown
fd-com-kunzisoft-keepass-libre,862f87a30baef06181f049adf7c460611605b25a807eaf3c25841a9dd84bed9e,direct-framework-reference,,org/apache/commons/io/monitor/FileAlterationObserver$$ExternalSyntheticLambda0,app-definition-present,unknown,3,0,unknown,fd-com-kunzisoft-keepass-libre-evidence.json#/rows/2125,False,unknown
fd-com-kunzisoft-keepass-libre,862f87a30baef06181f049adf7c460611605b25a807eaf3c25841a9dd84bed9e,direct-framework-reference,,org/apache/commons/io/monitor/FileAlterationObserver$$ExternalSyntheticLambda1,app-definition-present,unknown,3,0,unknown,fd-com-kunzisoft-keepass-libre-evidence.json#/rows/2126,False,unknown
fd-com-kunzisoft-keepass-libre,862f87a30baef06181f049adf7c460611605b25a807eaf3c25841a9dd84bed9e,direct-framework-reference,,org/apache/commons/io/monitor/FileAlterationObserver$$ExternalSyntheticLambda2,app-definition-present,unknown,3,0,unknown,fd-com-kunzisoft-keepass-libre-evidence.json#/rows/2127,False,unknown
fd-com-kunzisoft-keepass-libre,862f87a30baef06181f049adf7c460611605b25a807eaf3c25841a9dd84bed9e,direct-framework-reference,,org/apache/commons/io/monitor/FileAlterationObserver$$ExternalSyntheticLambda3,app-definition-present,unknown,3,0,unknown,fd-com-kunzisoft-keepass-libre-evidence.json#/rows/2128,False,unknown
fd-com-kunzisoft-keepass-libre,862f87a30baef06181f049adf7c460611605b25a807eaf3c25841a9dd84bed9e,direct-framework-reference,,org/apache/commons/io/monitor/FileAlterationObserver$$ExternalSyntheticLambda4,app-definition-present,unknown,3,0,unknown,fd-com-kunzisoft-keepass-libre-evidence.json#/rows/2129,False,unknown
fd-com-kunzisoft-keepass-libre,862f87a30baef06181f049adf7c460611605b25a807eaf3c25841a9dd84bed9e,direct-framework-reference,,org/apache/commons/io/monitor/FileAlterationObserver$$ExternalSyntheticLambda5,app-definition-present,unknown,3,0,unknown,fd-com-kunzisoft-keepass-libre-evidence.json#/rows/2130,False,unknown
fd-com-kunzisoft-keepass-libre,862f87a30baef06181f049adf7c460611605b25a807eaf3c25841a9dd84bed9e,direct-framework-reference,,org/apache/commons/io/monitor/FileAlterationObserver$$ExternalSyntheticLambda6,app-definition-present,unknown,3,0,unknown,fd-com-kunzisoft-keepass-libre-evidence.json#/rows/2131,False,unknown
fd-com-kunzisoft-keepass-libre,862f87a30baef06181f049adf7c460611605b25a807eaf3c25841a9dd84bed9e,direct-framework-reference,,org/apache/commons/io/monitor/FileAlterationObserver$$ExternalSyntheticLambda7,app-definition-present,unknown,3,0,unknown,fd-com-kunzisoft-keepass-libre-evidence.json#/rows/2132,False,unknown
fd-com-kunzisoft-keepass-libre,862f87a30baef06181f049adf7c460611605b25a807eaf3c25841a9dd84bed9e,direct-framework-reference,,org/apache/commons/io/monitor/FileAlterationObserver$$ExternalSyntheticLambda8,app-definition-present,unknown,1,0,unknown,fd-com-kunzisoft-keepass-libre-evidence.json#/rows/2133,False,unknown
fd-com-kunzisoft-keepass-libre,862f87a30baef06181f049adf7c460611605b25a807eaf3c25841a9dd84bed9e,direct-framework-reference,,org/apache/commons/io/monitor/FileAlterationObserver$1,app-definition-present,unknown,4,0,unknown,fd-com-kunzisoft-keepass-libre-evidence.json#/rows/2134,False,unknown
fd-com-kunzisoft-keepass-libre,862f87a30baef06181f049adf7c460611605b25a807eaf3c25841a9dd84bed9e,direct-framework-reference,,org/apache/commons/io/monitor/FileAlterationObserver$Builder,app-definition-present,unknown,14,0,unknown,fd-com-kunzisoft-keepass-libre-evidence.json#/rows/2135,False,unknown
fd-com-kunzisoft-keepass-libre,862f87a30baef06181f049adf7c460611605b25a807eaf3c25841a9dd84bed9e,direct-framework-reference,,org/apache/commons/io/monitor/FileEntry,app-definition-present,unknown,54,0,unknown,fd-com-kunzisoft-keepass-libre-evidence.json#/rows/2136,False,unknown
fd-com-kunzisoft-keepass-libre,862f87a30baef06181f049adf7c460611605b25a807eaf3c25841a9dd84bed9e,direct-framework-reference,,org/apache/commons/io/monitor/SerializableFileTime,app-definition-present,unknown,18,0,unknown,fd-com-kunzisoft-keepass-libre-evidence.json#/rows/2137,False,unknown
fd-com-kunzisoft-keepass-libre,862f87a30baef06181f049adf7c460611605b25a807eaf3c25841a9dd84bed9e,direct-framework-reference,,org/apache/commons/io/output/AbstractByteArrayOutputStream,app-definition-present,unknown,16,0,unknown,fd-com-kunzisoft-keepass-libre-evidence.json#/rows/2138,False,unknown
fd-com-kunzisoft-keepass-libre,862f87a30baef06181f049adf7c460611605b25a807eaf3c25841a9dd84bed9e,direct-framework-reference,,org/apache/commons/io/output/AbstractByteArrayOutputStream$InputStreamConstructor,app-definition-present,unknown,3,0,unknown,fd-com-kunzisoft-keepass-libre-evidence.json#/rows/2139,False,unknown
fd-com-kunzisoft-keepass-libre,862f87a30baef06181f049adf7c460611605b25a807eaf3c25841a9dd84bed9e,direct-framework-reference,,org/apache/commons/io/output/AppendableOutputStream,app-definition-present,unknown,3,0,unknown,fd-com-kunzisoft-keepass-libre-evidence.json#/rows/2140,False,unknown
fd-com-kunzisoft-keepass-libre,862f87a30baef06181f049adf7c460611605b25a807eaf3c25841a9dd84bed9e,direct-framework-reference,,org/apache/commons/io/output/AppendableWriter,app-definition-present,unknown,12,0,unknown,fd-com-kunzisoft-keepass-libre-evidence.json#/rows/2141,False,unknown
fd-com-kunzisoft-keepass-libre,862f87a30baef06181f049adf7c460611605b25a807eaf3c25841a9dd84bed9e,direct-framework-reference,,org/apache/commons/io/output/BrokenOutputStream,app-definition-present,unknown,14,0,unknown,fd-com-kunzisoft-keepass-libre-evidence.json#/rows/2142,False,unknown
fd-com-kunzisoft-keepass-libre,862f87a30baef06181f049adf7c460611605b25a807eaf3c25841a9dd84bed9e,direct-framework-reference,,org/apache/commons/io/output/BrokenOutputStream$$ExternalSyntheticLambda0,app-definition-present,unknown,3,0,unknown,fd-com-kunzisoft-keepass-libre-evidence.json#/rows/2143,False,unknown
fd-com-kunzisoft-keepass-libre,862f87a30baef06181f049adf7c460611605b25a807eaf3c25841a9dd84bed9e,direct-framework-reference,,org/apache/commons/io/output/BrokenOutputStream$$ExternalSyntheticLambda1,app-definition-present,unknown,3,0,unknown,fd-com-kunzisoft-keepass-libre-evidence.json#/rows/2144,False,unknown
fd-com-kunzisoft-keepass-libre,862f87a30baef06181f049adf7c460611605b25a807eaf3c25841a9dd84bed9e,direct-framework-reference,,org/apache/commons/io/output/BrokenOutputStream$$ExternalSyntheticLambda2,app-definition-present,unknown,1,0,unknown,fd-com-kunzisoft-keepass-libre-evidence.json#/rows/2145,False,unknown
fd-com-kunzisoft-keepass-libre,862f87a30baef06181f049adf7c460611605b25a807eaf3c25841a9dd84bed9e,direct-framework-reference,,org/apache/commons/io/output/BrokenOutputStream$$ExternalSyntheticLambda3,app-definition-present,unknown,3,0,unknown,fd-com-kunzisoft-keepass-libre-evidence.json#/rows/2146,False,unknown
fd-com-kunzisoft-keepass-libre,862f87a30baef06181f049adf7c460611605b25a807eaf3c25841a9dd84bed9e,direct-framework-reference,,org/apache/commons/io/output/BrokenWriter,app-definition-present,unknown,12,0,unknown,fd-com-kunzisoft-keepass-libre-evidence.json#/rows/2147,False,unknown
fd-com-kunzisoft-keepass-libre,862f87a30baef06181f049adf7c460611605b25a807eaf3c25841a9dd84bed9e,direct-framework-reference,,org/apache/commons/io/output/BrokenWriter$$ExternalSyntheticLambda0,app-definition-present,unknown,1,0,unknown,fd-com-kunzisoft-keepass-libre-evidence.json#/rows/2148,False,unknown
fd-com-kunzisoft-keepass-libre,862f87a30baef06181f049adf7c460611605b25a807eaf3c25841a9dd84bed9e,direct-framework-reference,,org/apache/commons/io/output/BrokenWriter$$ExternalSyntheticLambda1,app-definition-present,unknown,3,0,unknown,fd-com-kunzisoft-keepass-libre-evidence.json#/rows/2149,False,unknown
fd-com-kunzisoft-keepass-libre,862f87a30baef06181f049adf7c460611605b25a807eaf3c25841a9dd84bed9e,direct-framework-reference,,org/apache/commons/io/output/BrokenWriter$$ExternalSyntheticLambda2,app-definition-present,unknown,3,0,unknown,fd-com-kunzisoft-keepass-libre-evidence.json#/rows/2150,False,unknown
fd-com-kunzisoft-keepass-libre,862f87a30baef06181f049adf7c460611605b25a807eaf3c25841a9dd84bed9e,direct-framework-reference,,org/apache/commons/io/output/ByteArrayOutputStream,app-definition-present,unknown,21,0,unknown,fd-com-kunzisoft-keepass-libre-evidence.json#/rows/2151,False,unknown
fd-com-kunzisoft-keepass-libre,862f87a30baef06181f049adf7c460611605b25a807eaf3c25841a9dd84bed9e,direct-framework-reference,,org/apache/commons/io/output/ByteArrayOutputStream$$ExternalSyntheticLambda0,app-definition-present,unknown,1,0,unknown,fd-com-kunzisoft-keepass-libre-evidence.json#/rows/2152,False,unknown
fd-com-kunzisoft-keepass-libre,862f87a30baef06181f049adf7c460611605b25a807eaf3c25841a9dd84bed9e,direct-framework-reference,,org/apache/commons/io/output/ChunkedOutputStream,app-definition-present,unknown,8,0,unknown,fd-com-kunzisoft-keepass-libre-evidence.json#/rows/2153,False,unknown
fd-com-kunzisoft-keepass-libre,862f87a30baef06181f049adf7c460611605b25a807eaf3c25841a9dd84bed9e,direct-framework-reference,,org/apache/commons/io/output/ChunkedOutputStream$1,app-definition-present,unknown,1,0,unknown,fd-com-kunzisoft-keepass-libre-evidence.json#/rows/2154,False,unknown
fd-com-kunzisoft-keepass-libre,862f87a30baef06181f049adf7c460611605b25a807eaf3c25841a9dd84bed9e,direct-framework-reference,,org/apache/commons/io/output/ChunkedOutputStream$Builder,app-definition-present,unknown,5,0,unknown,fd-com-kunzisoft-keepass-libre-evidence.json#/rows/2155,False,unknown
fd-com-kunzisoft-keepass-libre,862f87a30baef06181f049adf7c460611605b25a807eaf3c25841a9dd84bed9e,direct-framework-reference,,org/apache/commons/io/output/ChunkedWriter,app-definition-present,unknown,3,0,unknown,fd-com-kunzisoft-keepass-libre-evidence.json#/rows/2156,False,unknown
fd-com-kunzisoft-keepass-libre,862f87a30baef06181f049adf7c460611605b25a807eaf3c25841a9dd84bed9e,direct-framework-reference,,org/apache/commons/io/output/CloseShieldOutputStream,app-definition-present,unknown,3,0,unknown,fd-com-kunzisoft-keepass-libre-evidence.json#/rows/2157,False,unknown
fd-com-kunzisoft-keepass-libre,862f87a30baef06181f049adf7c460611605b25a807eaf3c25841a9dd84bed9e,direct-framework-reference,,org/apache/commons/io/output/CloseShieldWriter,app-definition-present,unknown,2,0,unknown,fd-com-kunzisoft-keepass-libre-evidence.json#/rows/2158,False,unknown
fd-com-kunzisoft-keepass-libre,862f87a30baef06181f049adf7c460611605b25a807eaf3c25841a9dd84bed9e,direct-framework-reference,,org/apache/commons/io/output/ClosedOutputStream,app-definition-present,unknown,2,0,unknown,fd-com-kunzisoft-keepass-libre-evidence.json#/rows/2159,False,unknown
fd-com-kunzisoft-keepass-libre,862f87a30baef06181f049adf7c460611605b25a807eaf3c25841a9dd84bed9e,direct-framework-reference,,org/apache/commons/io/output/ClosedWriter,app-definition-present,unknown,2,0,unknown,fd-com-kunzisoft-keepass-libre-evidence.json#/rows/2160,False,unknown
fd-com-kunzisoft-keepass-libre,862f87a30baef06181f049adf7c460611605b25a807eaf3c25841a9dd84bed9e,direct-framework-reference,,org/apache/commons/io/output/CountingOutputStream,app-definition-present,unknown,11,0,unknown,fd-com-kunzisoft-keepass-libre-evidence.json#/rows/2161,False,unknown
fd-com-kunzisoft-keepass-libre,862f87a30baef06181f049adf7c460611605b25a807eaf3c25841a9dd84bed9e,direct-framework-reference,,org/apache/commons/io/output/DeferredFileOutputStream,app-definition-present,unknown,24,0,unknown,fd-com-kunzisoft-keepass-libre-evidence.json#/rows/2162,False,unknown
fd-com-kunzisoft-keepass-libre,862f87a30baef06181f049adf7c460611605b25a807eaf3c25841a9dd84bed9e,direct-framework-reference,,org/apache/commons/io/output/DeferredFileOutputStream$$ExternalSyntheticLambda0,app-definition-present,unknown,2,0,unknown,fd-com-kunzisoft-keepass-libre-evidence.json#/rows/2163,False,unknown
fd-com-kunzisoft-keepass-libre,862f87a30baef06181f049adf7c460611605b25a807eaf3c25841a9dd84bed9e,direct-framework-reference,,org/apache/commons/io/output/DeferredFileOutputStream$1,app-definition-present,unknown,1,0,unknown,fd-com-kunzisoft-keepass-libre-evidence.json#/rows/2164,False,unknown
fd-com-kunzisoft-keepass-libre,862f87a30baef06181f049adf7c460611605b25a807eaf3c25841a9dd84bed9e,direct-framework-reference,,org/apache/commons/io/output/DeferredFileOutputStream$Builder,app-definition-present,unknown,18,0,unknown,fd-com-kunzisoft-keepass-libre-evidence.json#/rows/2165,False,unknown
fd-com-kunzisoft-keepass-libre,862f87a30baef06181f049adf7c460611605b25a807eaf3c25841a9dd84bed9e,direct-framework-reference,,org/apache/commons/io/output/DemuxOutputStream,app-definition-present,unknown,5,0,unknown,fd-com-kunzisoft-keepass-libre-evidence.json#/rows/2166,False,unknown
fd-com-kunzisoft-keepass-libre,862f87a30baef06181f049adf7c460611605b25a807eaf3c25841a9dd84bed9e,direct-framework-reference,,org/apache/commons/io/output/FileWriterWithEncoding,app-definition-present,unknown,16,0,unknown,fd-com-kunzisoft-keepass-libre-evidence.json#/rows/2167,False,unknown
fd-com-kunzisoft-keepass-libre,862f87a30baef06181f049adf7c460611605b25a807eaf3c25841a9dd84bed9e,direct-framework-reference,,org/apache/commons/io/output/FileWriterWithEncoding$1,app-definition-present,unknown,1,0,unknown,fd-com-kunzisoft-keepass-libre-evidence.json#/rows/2168,False,unknown
fd-com-kunzisoft-keepass-libre,862f87a30baef06181f049adf7c460611605b25a807eaf3c25841a9dd84bed9e,direct-framework-reference,,org/apache/commons/io/output/FileWriterWithEncoding$Builder,app-definition-present,unknown,13,0,unknown,fd-com-kunzisoft-keepass-libre-evidence.json#/rows/2169,False,unknown
fd-com-kunzisoft-keepass-libre,862f87a30baef06181f049adf7c460611605b25a807eaf3c25841a9dd84bed9e,direct-framework-reference,,org/apache/commons/io/output/FilterCollectionWriter,app-definition-present,unknown,37,0,unknown,fd-com-kunzisoft-keepass-libre-evidence.json#/rows/2170,False,unknown
fd-com-kunzisoft-keepass-libre,862f87a30baef06181f049adf7c460611605b25a807eaf3c25841a9dd84bed9e,direct-framework-reference,,org/apache/commons/io/output/FilterCollectionWriter$$ExternalSyntheticLambda1,app-definition-present,unknown,3,0,unknown,fd-com-kunzisoft-keepass-libre-evidence.json#/rows/2171,False,unknown
fd-com-kunzisoft-keepass-libre,862f87a30baef06181f049adf7c460611605b25a807eaf3c25841a9dd84bed9e,direct-framework-reference,,org/apache/commons/io/output/FilterCollectionWriter$$ExternalSyntheticLambda10,app-definition-present,unknown,1,0,unknown,fd-com-kunzisoft-keepass-libre-evidence.json#/rows/2172,False,unknown
fd-com-kunzisoft-keepass-libre,862f87a30baef06181f049adf7c460611605b25a807eaf3c25841a9dd84bed9e,direct-framework-reference,,org/apache/commons/io/output/FilterCollectionWriter$$ExternalSyntheticLambda11,app-definition-present,unknown,3,0,unknown,fd-com-kunzisoft-keepass-libre-evidence.json#/rows/2173,False,unknown
fd-com-kunzisoft-keepass-libre,862f87a30baef06181f049adf7c460611605b25a807eaf3c25841a9dd84bed9e,direct-framework-reference,,org/apache/commons/io/output/FilterCollectionWriter$$ExternalSyntheticLambda2,app-definition-present,unknown,3,0,unknown,fd-com-kunzisoft-keepass-libre-evidence.json#/rows/2174,False,unknown
fd-com-kunzisoft-keepass-libre,862f87a30baef06181f049adf7c460611605b25a807eaf3c25841a9dd84bed9e,direct-framework-reference,,org/apache/commons/io/output/FilterCollectionWriter$$ExternalSyntheticLambda3,app-definition-present,unknown,1,0,unknown,fd-com-kunzisoft-keepass-libre-evidence.json#/rows/2175,False,unknown
fd-com-kunzisoft-keepass-libre,862f87a30baef06181f049adf7c460611605b25a807eaf3c25841a9dd84bed9e,direct-framework-reference,,org/apache/commons/io/output/FilterCollectionWriter$$ExternalSyntheticLambda4,app-definition-present,unknown,3,0,unknown,fd-com-kunzisoft-keepass-libre-evidence.json#/rows/2176,False,unknown
fd-com-kunzisoft-keepass-libre,862f87a30baef06181f049adf7c460611605b25a807eaf3c25841a9dd84bed9e,direct-framework-reference,,org/apache/commons/io/output/FilterCollectionWriter$$ExternalSyntheticLambda5,app-definition-present,unknown,1,0,unknown,fd-com-kunzisoft-keepass-libre-evidence.json#/rows/2177,False,unknown
fd-com-kunzisoft-keepass-libre,862f87a30baef06181f049adf7c460611605b25a807eaf3c25841a9dd84bed9e,direct-framework-reference,,org/apache/commons/io/output/FilterCollectionWriter$$ExternalSyntheticLambda6,app-definition-present,unknown,3,0,unknown,fd-com-kunzisoft-keepass-libre-evidence.json#/rows/2178,False,unknown
fd-com-kunzisoft-keepass-libre,862f87a30baef06181f049adf7c460611605b25a807eaf3c25841a9dd84bed9e,direct-framework-reference,,org/apache/commons/io/output/FilterCollectionWriter$$ExternalSyntheticLambda7,app-definition-present,unknown,3,0,unknown,fd-com-kunzisoft-keepass-libre-evidence.json#/rows/2179,False,unknown
fd-com-kunzisoft-keepass-libre,862f87a30baef06181f049adf7c460611605b25a807eaf3c25841a9dd84bed9e,direct-framework-reference,,org/apache/commons/io/output/FilterCollectionWriter$$ExternalSyntheticLambda8,app-definition-present,unknown,3,0,unknown,fd-com-kunzisoft-keepass-libre-evidence.json#/rows/2180,False,unknown
fd-com-kunzisoft-keepass-libre,862f87a30baef06181f049adf7c460611605b25a807eaf3c25841a9dd84bed9e,direct-framework-reference,,org/apache/commons/io/output/FilterCollectionWriter$$ExternalSyntheticLambda9,app-definition-present,unknown,3,0,unknown,fd-com-kunzisoft-keepass-libre-evidence.json#/rows/2181,False,unknown
fd-com-kunzisoft-keepass-libre,862f87a30baef06181f049adf7c460611605b25a807eaf3c25841a9dd84bed9e,direct-framework-reference,,org/apache/commons/io/output/LockableFileWriter,app-definition-present,unknown,23,0,unknown,fd-com-kunzisoft-keepass-libre-evidence.json#/rows/2182,False,unknown
fd-com-kunzisoft-keepass-libre,862f87a30baef06181f049adf7c460611605b25a807eaf3c25841a9dd84bed9e,direct-framework-reference,,org/apache/commons/io/output/LockableFileWriter$1,app-definition-present,unknown,1,0,unknown,fd-com-kunzisoft-keepass-libre-evidence.json#/rows/2183,False,unknown
fd-com-kunzisoft-keepass-libre,862f87a30baef06181f049adf7c460611605b25a807eaf3c25841a9dd84bed9e,direct-framework-reference,,org/apache/commons/io/output/LockableFileWriter$Builder,app-definition-present,unknown,13,0,unknown,fd-com-kunzisoft-keepass-libre-evidence.json#/rows/2184,False,unknown
fd-com-kunzisoft-keepass-libre,862f87a30baef06181f049adf7c460611605b25a807eaf3c25841a9dd84bed9e,direct-framework-reference,,org/apache/commons/io/output/NullAppendable,app-definition-present,unknown,1,0,unknown,fd-com-kunzisoft-keepass-libre-evidence.json#/rows/2185,False,unknown
fd-com-kunzisoft-keepass-libre,862f87a30baef06181f049adf7c460611605b25a807eaf3c25841a9dd84bed9e,direct-framework-reference,,org/apache/commons/io/output/NullOutputStream,app-definition-present,unknown,4,0,unknown,fd-com-kunzisoft-keepass-libre-evidence.json#/rows/2186,False,unknown
fd-com-kunzisoft-keepass-libre,862f87a30baef06181f049adf7c460611605b25a807eaf3c25841a9dd84bed9e,direct-framework-reference,,org/apache/commons/io/output/NullPrintStream,app-definition-present,unknown,1,0,unknown,fd-com-kunzisoft-keepass-libre-evidence.json#/rows/2187,False,unknown
fd-com-kunzisoft-keepass-libre,862f87a30baef06181f049adf7c460611605b25a807eaf3c25841a9dd84bed9e,direct-framework-reference,,org/apache/commons/io/output/NullWriter,app-definition-present,unknown,7,0,unknown,fd-com-kunzisoft-keepass-libre-evidence.json#/rows/2188,False,unknown
fd-com-kunzisoft-keepass-libre,862f87a30baef06181f049adf7c460611605b25a807eaf3c25841a9dd84bed9e,direct-framework-reference,,org/apache/commons/io/output/ProxyCollectionWriter,app-definition-present,unknown,15,0,unknown,fd-com-kunzisoft-keepass-libre-evidence.json#/rows/2189,False,unknown
fd-com-kunzisoft-keepass-libre,862f87a30baef06181f049adf7c460611605b25a807eaf3c25841a9dd84bed9e,direct-framework-reference,,org/apache/commons/io/output/ProxyOutputStream,app-definition-present,unknown,23,0,unknown,fd-com-kunzisoft-keepass-libre-evidence.json#/rows/2190,False,unknown
fd-com-kunzisoft-keepass-libre,862f87a30baef06181f049adf7c460611605b25a807eaf3c25841a9dd84bed9e,direct-framework-reference,,org/apache/commons/io/output/ProxyOutputStream$$ExternalSyntheticLambda0,app-definition-present,unknown,3,0,unknown,fd-com-kunzisoft-keepass-libre-evidence.json#/rows/2191,False,unknown
fd-com-kunzisoft-keepass-libre,862f87a30baef06181f049adf7c460611605b25a807eaf3c25841a9dd84bed9e,direct-framework-reference,,org/apache/commons/io/output/ProxyOutputStream$Builder,app-definition-present,unknown,3,0,unknown,fd-com-kunzisoft-keepass-libre-evidence.json#/rows/2192,False,unknown
fd-com-kunzisoft-keepass-libre,862f87a30baef06181f049adf7c460611605b25a807eaf3c25841a9dd84bed9e,direct-framework-reference,,org/apache/commons/io/output/ProxyWriter,app-definition-present,unknown,19,0,unknown,fd-com-kunzisoft-keepass-libre-evidence.json#/rows/2193,False,unknown
fd-com-kunzisoft-keepass-libre,862f87a30baef06181f049adf7c460611605b25a807eaf3c25841a9dd84bed9e,direct-framework-reference,,org/apache/commons/io/output/ProxyWriter$$ExternalSyntheticLambda0,app-definition-present,unknown,3,0,unknown,fd-com-kunzisoft-keepass-libre-evidence.json#/rows/2194,False,unknown
fd-com-kunzisoft-keepass-libre,862f87a30baef06181f049adf7c460611605b25a807eaf3c25841a9dd84bed9e,direct-framework-reference,,org/apache/commons/io/output/QueueOutputStream,app-definition-present,unknown,6,0,unknown,fd-com-kunzisoft-keepass-libre-evidence.json#/rows/2195,False,unknown
fd-com-kunzisoft-keepass-libre,862f87a30baef06181f049adf7c460611605b25a807eaf3c25841a9dd84bed9e,direct-framework-reference,,org/apache/commons/io/output/RandomAccessFileOutputStream,app-definition-present,unknown,9,0,unknown,fd-com-kunzisoft-keepass-libre-evidence.json#/rows/2196,False,unknown
fd-com-kunzisoft-keepass-libre,862f87a30baef06181f049adf7c460611605b25a807eaf3c25841a9dd84bed9e,direct-framework-reference,,org/apache/commons/io/output/RandomAccessFileOutputStream$1,app-definition-present,unknown,2,0,unknown,fd-com-kunzisoft-keepass-libre-evidence.json#/rows/2197,False,unknown
fd-com-kunzisoft-keepass-libre,862f87a30baef06181f049adf7c460611605b25a807eaf3c25841a9dd84bed9e,direct-framework-reference,,org/apache/commons/io/output/RandomAccessFileOutputStream$Builder,app-definition-present,unknown,8,0,unknown,fd-com-kunzisoft-keepass-libre-evidence.json#/rows/2198,False,unknown
fd-com-kunzisoft-keepass-libre,862f87a30baef06181f049adf7c460611605b25a807eaf3c25841a9dd84bed9e,direct-framework-reference,,org/apache/commons/io/output/StringBuilderWriter,app-definition-present,unknown,16,0,unknown,fd-com-kunzisoft-keepass-libre-evidence.json#/rows/2199,False,unknown
fd-com-kunzisoft-keepass-libre,862f87a30baef06181f049adf7c460611605b25a807eaf3c25841a9dd84bed9e,direct-framework-reference,,org/apache/commons/io/output/TaggedOutputStream,app-definition-present,unknown,4,0,unknown,fd-com-kunzisoft-keepass-libre-evidence.json#/rows/2200,False,unknown
fd-com-kunzisoft-keepass-libre,862f87a30baef06181f049adf7c460611605b25a807eaf3c25841a9dd84bed9e,direct-framework-reference,,org/apache/commons/io/output/TaggedWriter,app-definition-present,unknown,4,0,unknown,fd-com-kunzisoft-keepass-libre-evidence.json#/rows/2201,False,unknown
fd-com-kunzisoft-keepass-libre,862f87a30baef06181f049adf7c460611605b25a807eaf3c25841a9dd84bed9e,direct-framework-reference,,org/apache/commons/io/output/TeeOutputStream,app-definition-present,unknown,6,0,unknown,fd-com-kunzisoft-keepass-libre-evidence.json#/rows/2202,False,unknown
fd-com-kunzisoft-keepass-libre,862f87a30baef06181f049adf7c460611605b25a807eaf3c25841a9dd84bed9e,direct-framework-reference,,org/apache/commons/io/output/ThresholdingOutputStream,app-definition-present,unknown,21,0,unknown,fd-com-kunzisoft-keepass-libre-evidence.json#/rows/2203,False,unknown
fd-com-kunzisoft-keepass-libre,862f87a30baef06181f049adf7c460611605b25a807eaf3c25841a9dd84bed9e,direct-framework-reference,,org/apache/commons/io/output/ThresholdingOutputStream$$ExternalSyntheticLambda0,app-definition-present,unknown,1,0,unknown,fd-com-kunzisoft-keepass-libre-evidence.json#/rows/2204,False,unknown
fd-com-kunzisoft-keepass-libre,862f87a30baef06181f049adf7c460611605b25a807eaf3c25841a9dd84bed9e,direct-framework-reference,,org/apache/commons/io/output/UncheckedAppendable,app-definition-present,unknown,6,0,unknown,fd-com-kunzisoft-keepass-libre-evidence.json#/rows/2205,False,unknown
fd-com-kunzisoft-keepass-libre,862f87a30baef06181f049adf7c460611605b25a807eaf3c25841a9dd84bed9e,direct-framework-reference,,org/apache/commons/io/output/UncheckedAppendableImpl,app-definition-present,unknown,9,0,unknown,fd-com-kunzisoft-keepass-libre-evidence.json#/rows/2206,False,unknown
fd-com-kunzisoft-keepass-libre,862f87a30baef06181f049adf7c460611605b25a807eaf3c25841a9dd84bed9e,direct-framework-reference,,org/apache/commons/io/output/UncheckedAppendableImpl$$ExternalSyntheticLambda0,app-definition-present,unknown,3,0,unknown,fd-com-kunzisoft-keepass-libre-evidence.json#/rows/2207,False,unknown
fd-com-kunzisoft-keepass-libre,862f87a30baef06181f049adf7c460611605b25a807eaf3c25841a9dd84bed9e,direct-framework-reference,,org/apache/commons/io/output/UncheckedAppendableImpl$$ExternalSyntheticLambda1,app-definition-present,unknown,3,0,unknown,fd-com-kunzisoft-keepass-libre-evidence.json#/rows/2208,False,unknown
fd-com-kunzisoft-keepass-libre,862f87a30baef06181f049adf7c460611605b25a807eaf3c25841a9dd84bed9e,direct-framework-reference,,org/apache/commons/io/output/UncheckedAppendableImpl$$ExternalSyntheticLambda2,app-definition-present,unknown,3,0,unknown,fd-com-kunzisoft-keepass-libre-evidence.json#/rows/2209,False,unknown
fd-com-kunzisoft-keepass-libre,862f87a30baef06181f049adf7c460611605b25a807eaf3c25841a9dd84bed9e,direct-framework-reference,,org/apache/commons/io/output/UncheckedFilterOutputStream,app-definition-present,unknown,18,0,unknown,fd-com-kunzisoft-keepass-libre-evidence.json#/rows/2210,False,unknown
fd-com-kunzisoft-keepass-libre,862f87a30baef06181f049adf7c460611605b25a807eaf3c25841a9dd84bed9e,direct-framework-reference,,org/apache/commons/io/output/UncheckedFilterOutputStream$$ExternalSyntheticLambda0,app-definition-present,unknown,3,0,unknown,fd-com-kunzisoft-keepass-libre-evidence.json#/rows/2211,False,unknown
fd-com-kunzisoft-keepass-libre,862f87a30baef06181f049adf7c460611605b25a807eaf3c25841a9dd84bed9e,direct-framework-reference,,org/apache/commons/io/output/UncheckedFilterOutputStream$$ExternalSyntheticLambda1,app-definition-present,unknown,3,0,unknown,fd-com-kunzisoft-keepass-libre-evidence.json#/rows/2212,False,unknown
fd-com-kunzisoft-keepass-libre,862f87a30baef06181f049adf7c460611605b25a807eaf3c25841a9dd84bed9e,direct-framework-reference,,org/apache/commons/io/output/UncheckedFilterOutputStream$$ExternalSyntheticLambda2,app-definition-present,unknown,3,0,unknown,fd-com-kunzisoft-keepass-libre-evidence.json#/rows/2213,False,unknown
fd-com-kunzisoft-keepass-libre,862f87a30baef06181f049adf7c460611605b25a807eaf3c25841a9dd84bed9e,direct-framework-reference,,org/apache/commons/io/output/UncheckedFilterOutputStream$$ExternalSyntheticLambda3,app-definition-present,unknown,3,0,unknown,fd-com-kunzisoft-keepass-libre-evidence.json#/rows/2214,False,unknown
fd-com-kunzisoft-keepass-libre,862f87a30baef06181f049adf7c460611605b25a807eaf3c25841a9dd84bed9e,direct-framework-reference,,org/apache/commons/io/output/UncheckedFilterOutputStream$$ExternalSyntheticLambda4,app-definition-present,unknown,3,0,unknown,fd-com-kunzisoft-keepass-libre-evidence.json#/rows/2215,False,unknown
fd-com-kunzisoft-keepass-libre,862f87a30baef06181f049adf7c460611605b25a807eaf3c25841a9dd84bed9e,direct-framework-reference,,org/apache/commons/io/output/UncheckedFilterOutputStream$1,app-definition-present,unknown,1,0,unknown,fd-com-kunzisoft-keepass-libre-evidence.json#/rows/2216,False,unknown
fd-com-kunzisoft-keepass-libre,862f87a30baef06181f049adf7c460611605b25a807eaf3c25841a9dd84bed9e,direct-framework-reference,,org/apache/commons/io/output/UncheckedFilterOutputStream$Builder,app-definition-present,unknown,5,0,unknown,fd-com-kunzisoft-keepass-libre-evidence.json#/rows/2217,False,unknown
fd-com-kunzisoft-keepass-libre,862f87a30baef06181f049adf7c460611605b25a807eaf3c25841a9dd84bed9e,direct-framework-reference,,org/apache/commons/io/output/UncheckedFilterWriter,app-definition-present,unknown,36,0,unknown,fd-com-kunzisoft-keepass-libre-evidence.json#/rows/2218,False,unknown
fd-com-kunzisoft-keepass-libre,862f87a30baef06181f049adf7c460611605b25a807eaf3c25841a9dd84bed9e,direct-framework-reference,,org/apache/commons/io/output/UncheckedFilterWriter$$ExternalSyntheticLambda0,app-definition-present,unknown,3,0,unknown,fd-com-kunzisoft-keepass-libre-evidence.json#/rows/2219,False,unknown
fd-com-kunzisoft-keepass-libre,862f87a30baef06181f049adf7c460611605b25a807eaf3c25841a9dd84bed9e,direct-framework-reference,,org/apache/commons/io/output/UncheckedFilterWriter$$ExternalSyntheticLambda1,app-definition-present,unknown,3,0,unknown,fd-com-kunzisoft-keepass-libre-evidence.json#/rows/2220,False,unknown
fd-com-kunzisoft-keepass-libre,862f87a30baef06181f049adf7c460611605b25a807eaf3c25841a9dd84bed9e,direct-framework-reference,,org/apache/commons/io/output/UncheckedFilterWriter$$ExternalSyntheticLambda2,app-definition-present,unknown,3,0,unknown,fd-com-kunzisoft-keepass-libre-evidence.json#/rows/2221,False,unknown
fd-com-kunzisoft-keepass-libre,862f87a30baef06181f049adf7c460611605b25a807eaf3c25841a9dd84bed9e,direct-framework-reference,,org/apache/commons/io/output/UncheckedFilterWriter$$ExternalSyntheticLambda3,app-definition-present,unknown,3,0,unknown,fd-com-kunzisoft-keepass-libre-evidence.json#/rows/2222,False,unknown
fd-com-kunzisoft-keepass-libre,862f87a30baef06181f049adf7c460611605b25a807eaf3c25841a9dd84bed9e,direct-framework-reference,,org/apache/commons/io/output/UncheckedFilterWriter$$ExternalSyntheticLambda4,app-definition-present,unknown,3,0,unknown,fd-com-kunzisoft-keepass-libre-evidence.json#/rows/2223,False,unknown
fd-com-kunzisoft-keepass-libre,862f87a30baef06181f049adf7c460611605b25a807eaf3c25841a9dd84bed9e,direct-framework-reference,,org/apache/commons/io/output/UncheckedFilterWriter$$ExternalSyntheticLambda5,app-definition-present,unknown,3,0,unknown,fd-com-kunzisoft-keepass-libre-evidence.json#/rows/2224,False,unknown
fd-com-kunzisoft-keepass-libre,862f87a30baef06181f049adf7c460611605b25a807eaf3c25841a9dd84bed9e,direct-framework-reference,,org/apache/commons/io/output/UncheckedFilterWriter$$ExternalSyntheticLambda6,app-definition-present,unknown,3,0,unknown,fd-com-kunzisoft-keepass-libre-evidence.json#/rows/2225,False,unknown
fd-com-kunzisoft-keepass-libre,862f87a30baef06181f049adf7c460611605b25a807eaf3c25841a9dd84bed9e,direct-framework-reference,,org/apache/commons/io/output/UncheckedFilterWriter$$ExternalSyntheticLambda7,app-definition-present,unknown,3,0,unknown,fd-com-kunzisoft-keepass-libre-evidence.json#/rows/2226,False,unknown
fd-com-kunzisoft-keepass-libre,862f87a30baef06181f049adf7c460611605b25a807eaf3c25841a9dd84bed9e,direct-framework-reference,,org/apache/commons/io/output/UncheckedFilterWriter$$ExternalSyntheticLambda8,app-definition-present,unknown,3,0,unknown,fd-com-kunzisoft-keepass-libre-evidence.json#/rows/2227,False,unknown
fd-com-kunzisoft-keepass-libre,862f87a30baef06181f049adf7c460611605b25a807eaf3c25841a9dd84bed9e,direct-framework-reference,,org/apache/commons/io/output/UncheckedFilterWriter$$ExternalSyntheticLambda9,app-definition-present,unknown,3,0,unknown,fd-com-kunzisoft-keepass-libre-evidence.json#/rows/2228,False,unknown
fd-com-kunzisoft-keepass-libre,862f87a30baef06181f049adf7c460611605b25a807eaf3c25841a9dd84bed9e,direct-framework-reference,,org/apache/commons/io/output/UncheckedFilterWriter$1,app-definition-present,unknown,1,0,unknown,fd-com-kunzisoft-keepass-libre-evidence.json#/rows/2229,False,unknown
fd-com-kunzisoft-keepass-libre,862f87a30baef06181f049adf7c460611605b25a807eaf3c25841a9dd84bed9e,direct-framework-reference,,org/apache/commons/io/output/UncheckedFilterWriter$Builder,app-definition-present,unknown,5,0,unknown,fd-com-kunzisoft-keepass-libre-evidence.json#/rows/2230,False,unknown
fd-com-kunzisoft-keepass-libre,862f87a30baef06181f049adf7c460611605b25a807eaf3c25841a9dd84bed9e,direct-framework-reference,,org/apache/commons/io/output/UnsynchronizedByteArrayOutputStream,app-definition-present,unknown,21,0,unknown,fd-com-kunzisoft-keepass-libre-evidence.json#/rows/2231,False,unknown
fd-com-kunzisoft-keepass-libre,862f87a30baef06181f049adf7c460611605b25a807eaf3c25841a9dd84bed9e,direct-framework-reference,,org/apache/commons/io/output/UnsynchronizedByteArrayOutputStream$$ExternalSyntheticLambda0,app-definition-present,unknown,3,0,unknown,fd-com-kunzisoft-keepass-libre-evidence.json#/rows/2232,False,unknown
fd-com-kunzisoft-keepass-libre,862f87a30baef06181f049adf7c460611605b25a807eaf3c25841a9dd84bed9e,direct-framework-reference,,org/apache/commons/io/output/UnsynchronizedByteArrayOutputStream$$ExternalSyntheticLambda1,app-definition-present,unknown,1,0,unknown,fd-com-kunzisoft-keepass-libre-evidence.json#/rows/2233,False,unknown
fd-com-kunzisoft-keepass-libre,862f87a30baef06181f049adf7c460611605b25a807eaf3c25841a9dd84bed9e,direct-framework-reference,,org/apache/commons/io/output/UnsynchronizedByteArrayOutputStream$1,app-definition-present,unknown,1,0,unknown,fd-com-kunzisoft-keepass-libre-evidence.json#/rows/2234,False,unknown
fd-com-kunzisoft-keepass-libre,862f87a30baef06181f049adf7c460611605b25a807eaf3c25841a9dd84bed9e,direct-framework-reference,,org/apache/commons/io/output/UnsynchronizedByteArrayOutputStream$Builder,app-definition-present,unknown,7,0,unknown,fd-com-kunzisoft-keepass-libre-evidence.json#/rows/2235,False,unknown
fd-com-kunzisoft-keepass-libre,862f87a30baef06181f049adf7c460611605b25a807eaf3c25841a9dd84bed9e,direct-framework-reference,,org/apache/commons/io/output/WriterOutputStream,app-definition-present,unknown,19,0,unknown,fd-com-kunzisoft-keepass-libre-evidence.json#/rows/2236,False,unknown
fd-com-kunzisoft-keepass-libre,862f87a30baef06181f049adf7c460611605b25a807eaf3c25841a9dd84bed9e,direct-framework-reference,,org/apache/commons/io/output/WriterOutputStream$1,app-definition-present,unknown,1,0,unknown,fd-com-kunzisoft-keepass-libre-evidence.json#/rows/2237,False,unknown
fd-com-kunzisoft-keepass-libre,862f87a30baef06181f049adf7c460611605b25a807eaf3c25841a9dd84bed9e,direct-framework-reference,,org/apache/commons/io/output/WriterOutputStream$Builder,app-definition-present,unknown,15,0,unknown,fd-com-kunzisoft-keepass-libre-evidence.json#/rows/2238,False,unknown
fd-com-kunzisoft-keepass-libre,862f87a30baef06181f049adf7c460611605b25a807eaf3c25841a9dd84bed9e,direct-framework-reference,,org/apache/commons/io/output/XmlStreamWriter,app-definition-present,unknown,15,0,unknown,fd-com-kunzisoft-keepass-libre-evidence.json#/rows/2239,False,unknown
fd-com-kunzisoft-keepass-libre,862f87a30baef06181f049adf7c460611605b25a807eaf3c25841a9dd84bed9e,direct-framework-reference,,org/apache/commons/io/output/XmlStreamWriter$1,app-definition-present,unknown,1,0,unknown,fd-com-kunzisoft-keepass-libre-evidence.json#/rows/2240,False,unknown
fd-com-kunzisoft-keepass-libre,862f87a30baef06181f049adf7c460611605b25a807eaf3c25841a9dd84bed9e,direct-framework-reference,,org/apache/commons/io/output/XmlStreamWriter$Builder,app-definition-present,unknown,6,0,unknown,fd-com-kunzisoft-keepass-libre-evidence.json#/rows/2241,False,unknown
fd-com-kunzisoft-keepass-libre,862f87a30baef06181f049adf7c460611605b25a807eaf3c25841a9dd84bed9e,direct-framework-reference,,org/apache/commons/io/serialization/ClassNameMatcher,app-definition-present,unknown,5,0,unknown,fd-com-kunzisoft-keepass-libre-evidence.json#/rows/2242,False,unknown
fd-com-kunzisoft-keepass-libre,862f87a30baef06181f049adf7c460611605b25a807eaf3c25841a9dd84bed9e,direct-framework-reference,,org/apache/commons/io/serialization/FullClassNameMatcher,app-definition-present,unknown,7,0,unknown,fd-com-kunzisoft-keepass-libre-evidence.json#/rows/2243,False,unknown
fd-com-kunzisoft-keepass-libre,862f87a30baef06181f049adf7c460611605b25a807eaf3c25841a9dd84bed9e,direct-framework-reference,,org/apache/commons/io/serialization/ObjectStreamClassPredicate,app-definition-present,unknown,38,0,unknown,fd-com-kunzisoft-keepass-libre-evidence.json#/rows/2244,False,unknown
fd-com-kunzisoft-keepass-libre,862f87a30baef06181f049adf7c460611605b25a807eaf3c25841a9dd84bed9e,direct-framework-reference,,org/apache/commons/io/serialization/ObjectStreamClassPredicate$$ExternalSyntheticLambda0,app-definition-present,unknown,1,0,unknown,fd-com-kunzisoft-keepass-libre-evidence.json#/rows/2245,False,unknown
fd-com-kunzisoft-keepass-libre,862f87a30baef06181f049adf7c460611605b25a807eaf3c25841a9dd84bed9e,direct-framework-reference,,org/apache/commons/io/serialization/ObjectStreamClassPredicate$$ExternalSyntheticLambda1,app-definition-present,unknown,4,0,unknown,fd-com-kunzisoft-keepass-libre-evidence.json#/rows/2246,False,unknown
fd-com-kunzisoft-keepass-libre,862f87a30baef06181f049adf7c460611605b25a807eaf3c25841a9dd84bed9e,direct-framework-reference,,org/apache/commons/io/serialization/ObjectStreamClassPredicate$$ExternalSyntheticLambda2,app-definition-present,unknown,1,0,unknown,fd-com-kunzisoft-keepass-libre-evidence.json#/rows/2247,False,unknown
fd-com-kunzisoft-keepass-libre,862f87a30baef06181f049adf7c460611605b25a807eaf3c25841a9dd84bed9e,direct-framework-reference,,org/apache/commons/io/serialization/ObjectStreamClassPredicate$$ExternalSyntheticLambda3,app-definition-present,unknown,2,0,unknown,fd-com-kunzisoft-keepass-libre-evidence.json#/rows/2248,False,unknown
fd-com-kunzisoft-keepass-libre,862f87a30baef06181f049adf7c460611605b25a807eaf3c25841a9dd84bed9e,direct-framework-reference,,org/apache/commons/io/serialization/ObjectStreamClassPredicate$$ExternalSyntheticLambda4,app-definition-present,unknown,4,0,unknown,fd-com-kunzisoft-keepass-libre-evidence.json#/rows/2249,False,unknown
fd-com-kunzisoft-keepass-libre,862f87a30baef06181f049adf7c460611605b25a807eaf3c25841a9dd84bed9e,direct-framework-reference,,org/apache/commons/io/serialization/RegexpClassNameMatcher,app-definition-present,unknown,5,0,unknown,fd-com-kunzisoft-keepass-libre-evidence.json#/rows/2250,False,unknown
fd-com-kunzisoft-keepass-libre,862f87a30baef06181f049adf7c460611605b25a807eaf3c25841a9dd84bed9e,direct-framework-reference,,org/apache/commons/io/serialization/ValidatingObjectInputStream,app-definition-present,unknown,17,0,unknown,fd-com-kunzisoft-keepass-libre-evidence.json#/rows/2251,False,unknown
fd-com-kunzisoft-keepass-libre,862f87a30baef06181f049adf7c460611605b25a807eaf3c25841a9dd84bed9e,direct-framework-reference,,org/apache/commons/io/serialization/ValidatingObjectInputStream$1,app-definition-present,unknown,1,0,unknown,fd-com-kunzisoft-keepass-libre-evidence.json#/rows/2252,False,unknown
fd-com-kunzisoft-keepass-libre,862f87a30baef06181f049adf7c460611605b25a807eaf3c25841a9dd84bed9e,direct-framework-reference,,org/apache/commons/io/serialization/ValidatingObjectInputStream$Builder,app-definition-present,unknown,17,0,unknown,fd-com-kunzisoft-keepass-libre-evidence.json#/rows/2253,False,unknown
fd-com-kunzisoft-keepass-libre,862f87a30baef06181f049adf7c460611605b25a807eaf3c25841a9dd84bed9e,direct-framework-reference,,org/apache/commons/io/serialization/WildcardClassNameMatcher,app-definition-present,unknown,4,0,unknown,fd-com-kunzisoft-keepass-libre-evidence.json#/rows/2254,False,unknown
fd-com-kunzisoft-keepass-libre,862f87a30baef06181f049adf7c460611605b25a807eaf3c25841a9dd84bed9e,manager-interface-prerequisite,account,android/accounts/IAccountManager,definition-present,unknown,1,0,unknown,fd-com-kunzisoft-keepass-libre-evidence.json#/rows/2255,True,False
fd-com-kunzisoft-keepass-libre,862f87a30baef06181f049adf7c460611605b25a807eaf3c25841a9dd84bed9e,manager-interface-prerequisite,alarm,android/app/IAlarmManager,definition-present,unknown,15,0,unknown,fd-com-kunzisoft-keepass-libre-evidence.json#/rows/2256,True,False
fd-com-kunzisoft-keepass-libre,862f87a30baef06181f049adf7c460611605b25a807eaf3c25841a9dd84bed9e,manager-interface-prerequisite,appops,com/android/internal/app/IAppOpsService,definition-present,unknown,14,0,unknown,fd-com-kunzisoft-keepass-libre-evidence.json#/rows/2257,True,False
fd-com-kunzisoft-keepass-libre,862f87a30baef06181f049adf7c460611605b25a807eaf3c25841a9dd84bed9e,manager-interface-prerequisite,audio,android/media/IAudioService,definition-present,unknown,23,0,unknown,fd-com-kunzisoft-keepass-libre-evidence.json#/rows/2258,True,False
fd-com-kunzisoft-keepass-libre,862f87a30baef06181f049adf7c460611605b25a807eaf3c25841a9dd84bed9e,manager-interface-prerequisite,clipboard,android/content/IClipboard,definition-present,unknown,8,0,unknown,fd-com-kunzisoft-keepass-libre-evidence.json#/rows/2259,True,False
fd-com-kunzisoft-keepass-libre,862f87a30baef06181f049adf7c460611605b25a807eaf3c25841a9dd84bed9e,manager-interface-prerequisite,connectivity,android/net/IConnectivityManager,definition-absent,unknown,6,0,unresolvable-in-scanned-inputs,fd-com-kunzisoft-keepass-libre-evidence.json#/rows/2260,True,False
fd-com-kunzisoft-keepass-libre,862f87a30baef06181f049adf7c460611605b25a807eaf3c25841a9dd84bed9e,manager-interface-prerequisite,jobscheduler,android/app/job/IJobScheduler,definition-present,unknown,5,0,unknown,fd-com-kunzisoft-keepass-libre-evidence.json#/rows/2261,True,False
fd-com-kunzisoft-keepass-libre,862f87a30baef06181f049adf7c460611605b25a807eaf3c25841a9dd84bed9e,manager-interface-prerequisite,locale,android/app/ILocaleManager,definition-present,unknown,3,0,unknown,fd-com-kunzisoft-keepass-libre-evidence.json#/rows/2262,True,False
fd-com-kunzisoft-keepass-libre,862f87a30baef06181f049adf7c460611605b25a807eaf3c25841a9dd84bed9e,manager-interface-prerequisite,location,android/location/ILocationManager,definition-present,yes-static,40,1,unknown,fd-com-kunzisoft-keepass-libre-evidence.json#/rows/2263,True,False
fd-com-kunzisoft-keepass-libre,862f87a30baef06181f049adf7c460611605b25a807eaf3c25841a9dd84bed9e,manager-interface-prerequisite,notification,android/app/INotificationManager,definition-present,unknown,35,0,unknown,fd-com-kunzisoft-keepass-libre-evidence.json#/rows/2264,True,False
fd-com-kunzisoft-keepass-libre,862f87a30baef06181f049adf7c460611605b25a807eaf3c25841a9dd84bed9e,manager-interface-prerequisite,power,android/os/IPowerManager,definition-present,yes-static,7,1,unknown,fd-com-kunzisoft-keepass-libre-evidence.json#/rows/2265,True,False
fd-com-kunzisoft-keepass-libre,862f87a30baef06181f049adf7c460611605b25a807eaf3c25841a9dd84bed9e,manager-interface-prerequisite,uimode,android/app/IUiModeManager,definition-present,yes-static,3,1,unknown,fd-com-kunzisoft-keepass-libre-evidence.json#/rows/2266,True,False
fd-com-kunzisoft-keepass-libre,862f87a30baef06181f049adf7c460611605b25a807eaf3c25841a9dd84bed9e,service-call,accessibility,,unknown,yes-static,16,1,unknown,fd-com-kunzisoft-keepass-libre-evidence.json#/rows/2267,False,False
fd-com-kunzisoft-keepass-libre,862f87a30baef06181f049adf7c460611605b25a807eaf3c25841a9dd84bed9e,service-call,activity,,unknown,unknown,4,0,unknown,fd-com-kunzisoft-keepass-libre-evidence.json#/rows/2268,False,False
fd-com-kunzisoft-keepass-libre,862f87a30baef06181f049adf7c460611605b25a807eaf3c25841a9dd84bed9e,service-call,biometric,,unknown,unknown,1,0,unknown,fd-com-kunzisoft-keepass-libre-evidence.json#/rows/2269,False,False
fd-com-kunzisoft-keepass-libre,862f87a30baef06181f049adf7c460611605b25a807eaf3c25841a9dd84bed9e,service-call,credential,,unknown,unknown,1,0,unknown,fd-com-kunzisoft-keepass-libre-evidence.json#/rows/2270,False,False
fd-com-kunzisoft-keepass-libre,862f87a30baef06181f049adf7c460611605b25a807eaf3c25841a9dd84bed9e,service-call,display,,unknown,unknown,3,0,unknown,fd-com-kunzisoft-keepass-libre-evidence.json#/rows/2271,False,False
fd-com-kunzisoft-keepass-libre,862f87a30baef06181f049adf7c460611605b25a807eaf3c25841a9dd84bed9e,service-call,fingerprint,,unknown,unknown,2,0,unknown,fd-com-kunzisoft-keepass-libre-evidence.json#/rows/2272,False,False
fd-com-kunzisoft-keepass-libre,862f87a30baef06181f049adf7c460611605b25a807eaf3c25841a9dd84bed9e,service-call,input_method,,unknown,unknown,16,0,unknown,fd-com-kunzisoft-keepass-libre-evidence.json#/rows/2273,False,False
fd-com-kunzisoft-keepass-libre,862f87a30baef06181f049adf7c460611605b25a807eaf3c25841a9dd84bed9e,service-call,keyguard,,unknown,unknown,4,0,unknown,fd-com-kunzisoft-keepass-libre-evidence.json#/rows/2274,False,False
fd-com-kunzisoft-keepass-libre,862f87a30baef06181f049adf7c460611605b25a807eaf3c25841a9dd84bed9e,service-call,layout_inflater,,unknown,unknown,17,0,unknown,fd-com-kunzisoft-keepass-libre-evidence.json#/rows/2275,False,False
fd-com-kunzisoft-keepass-libre,862f87a30baef06181f049adf7c460611605b25a807eaf3c25841a9dd84bed9e,service-call,media_session,,unknown,unknown,1,0,unknown,fd-com-kunzisoft-keepass-libre-evidence.json#/rows/2276,False,False
fd-com-kunzisoft-keepass-libre,862f87a30baef06181f049adf7c460611605b25a807eaf3c25841a9dd84bed9e,service-call,print,,unknown,unknown,2,0,unknown,fd-com-kunzisoft-keepass-libre-evidence.json#/rows/2277,False,False
fd-com-kunzisoft-keepass-libre,862f87a30baef06181f049adf7c460611605b25a807eaf3c25841a9dd84bed9e,service-call,unknown,,unknown,unknown,12,0,unknown,fd-com-kunzisoft-keepass-libre-evidence.json#/rows/2278,False,False
fd-com-kunzisoft-keepass-libre,862f87a30baef06181f049adf7c460611605b25a807eaf3c25841a9dd84bed9e,service-call,user,,unknown,unknown,1,0,unknown,fd-com-kunzisoft-keepass-libre-evidence.json#/rows/2279,False,False
fd-com-kunzisoft-keepass-libre,862f87a30baef06181f049adf7c460611605b25a807eaf3c25841a9dd84bed9e,service-call,window,,unknown,yes-static,10,1,unknown,fd-com-kunzisoft-keepass-libre-evidence.json#/rows/2280,False,False
fd-com-kunzisoft-keepass-libre,862f87a30baef06181f049adf7c460611605b25a807eaf3c25841a9dd84bed9e,service-interface-prerequisite,alarm,android/app/IAlarmManager,definition-present,unknown,4,0,unknown,fd-com-kunzisoft-keepass-libre-evidence.json#/rows/2281,True,False
fd-com-kunzisoft-keepass-libre,862f87a30baef06181f049adf7c460611605b25a807eaf3c25841a9dd84bed9e,service-interface-prerequisite,appops,com/android/internal/app/IAppOpsService,definition-present,unknown,6,0,unknown,fd-com-kunzisoft-keepass-libre-evidence.json#/rows/2282,True,False
fd-com-kunzisoft-keepass-libre,862f87a30baef06181f049adf7c460611605b25a807eaf3c25841a9dd84bed9e,service-interface-prerequisite,audio,android/media/IAudioService,definition-present,unknown,4,0,unknown,fd-com-kunzisoft-keepass-libre-evidence.json#/rows/2283,True,False
fd-com-kunzisoft-keepass-libre,862f87a30baef06181f049adf7c460611605b25a807eaf3c25841a9dd84bed9e,service-interface-prerequisite,clipboard,android/content/IClipboard,definition-present,unknown,3,0,unknown,fd-com-kunzisoft-keepass-libre-evidence.json#/rows/2284,True,False
fd-com-kunzisoft-keepass-libre,862f87a30baef06181f049adf7c460611605b25a807eaf3c25841a9dd84bed9e,service-interface-prerequisite,jobscheduler,android/app/job/IJobScheduler,definition-present,unknown,1,0,unknown,fd-com-kunzisoft-keepass-libre-evidence.json#/rows/2285,True,False
fd-com-kunzisoft-keepass-libre,862f87a30baef06181f049adf7c460611605b25a807eaf3c25841a9dd84bed9e,service-interface-prerequisite,locale,android/app/ILocaleManager,definition-present,unknown,3,0,unknown,fd-com-kunzisoft-keepass-libre-evidence.json#/rows/2286,True,False
fd-com-kunzisoft-keepass-libre,862f87a30baef06181f049adf7c460611605b25a807eaf3c25841a9dd84bed9e,service-interface-prerequisite,location,android/location/ILocationManager,definition-present,yes-static,1,1,unknown,fd-com-kunzisoft-keepass-libre-evidence.json#/rows/2287,True,False
fd-com-kunzisoft-keepass-libre,862f87a30baef06181f049adf7c460611605b25a807eaf3c25841a9dd84bed9e,service-interface-prerequisite,notification,android/app/INotificationManager,definition-present,unknown,2,0,unknown,fd-com-kunzisoft-keepass-libre-evidence.json#/rows/2288,True,False
fd-com-kunzisoft-keepass-libre,862f87a30baef06181f049adf7c460611605b25a807eaf3c25841a9dd84bed9e,service-interface-prerequisite,power,android/os/IPowerManager,definition-present,yes-static,3,1,unknown,fd-com-kunzisoft-keepass-libre-evidence.json#/rows/2289,True,False
fd-com-kunzisoft-keepass-libre,862f87a30baef06181f049adf7c460611605b25a807eaf3c25841a9dd84bed9e,service-interface-prerequisite,uimode,android/app/IUiModeManager,definition-present,yes-static,2,1,unknown,fd-com-kunzisoft-keepass-libre-evidence.json#/rows/2290,True,False
