app,apk_sha256,kind,service,class,availability,startup_reachable,full_method_reference_count,startup_method_reference_count,runtime_load,evidence,stub_ok,needs_real
fd-droidify,da3070f3f18bdbed1eab666677afd39e4b19a60c70f0bfca68a5730147f81f10,direct-framework-reference,,android/accessibilityservice/AccessibilityServiceInfo,definition-present,yes-static,1,1,unknown,fd-droidify-evidence.json#/rows/0,False,unknown
fd-droidify,da3070f3f18bdbed1eab666677afd39e4b19a60c70f0bfca68a5730147f81f10,direct-framework-reference,,android/animation/Animator,definition-present,yes-static,77,5,unknown,fd-droidify-evidence.json#/rows/1,False,unknown
fd-droidify,da3070f3f18bdbed1eab666677afd39e4b19a60c70f0bfca68a5730147f81f10,direct-framework-reference,,android/animation/Animator$AnimatorListener,definition-present,unknown,2,0,unknown,fd-droidify-evidence.json#/rows/2,False,unknown
fd-droidify,da3070f3f18bdbed1eab666677afd39e4b19a60c70f0bfca68a5730147f81f10,direct-framework-reference,,android/animation/AnimatorInflater,definition-present,yes-static,4,2,unknown,fd-droidify-evidence.json#/rows/3,False,unknown
fd-droidify,da3070f3f18bdbed1eab666677afd39e4b19a60c70f0bfca68a5730147f81f10,direct-framework-reference,,android/animation/AnimatorListenerAdapter,definition-present,yes-static,39,1,unknown,fd-droidify-evidence.json#/rows/4,False,unknown
fd-droidify,da3070f3f18bdbed1eab666677afd39e4b19a60c70f0bfca68a5730147f81f10,direct-framework-reference,,android/animation/AnimatorSet,definition-present,yes-static,40,5,unknown,fd-droidify-evidence.json#/rows/5,False,unknown
fd-droidify,da3070f3f18bdbed1eab666677afd39e4b19a60c70f0bfca68a5730147f81f10,direct-framework-reference,,android/animation/AnimatorSet$Builder,definition-present,yes-static,2,1,unknown,fd-droidify-evidence.json#/rows/6,False,unknown
fd-droidify,da3070f3f18bdbed1eab666677afd39e4b19a60c70f0bfca68a5730147f81f10,direct-framework-reference,,android/animation/FloatEvaluator,definition-present,yes-static,2,1,unknown,fd-droidify-evidence.json#/rows/7,False,unknown
fd-droidify,da3070f3f18bdbed1eab666677afd39e4b19a60c70f0bfca68a5730147f81f10,direct-framework-reference,,android/animation/Keyframe,definition-present,yes-static,1,1,unknown,fd-droidify-evidence.json#/rows/8,False,unknown
fd-droidify,da3070f3f18bdbed1eab666677afd39e4b19a60c70f0bfca68a5730147f81f10,direct-framework-reference,,android/animation/LayoutTransition,definition-present,yes-static,2,1,unknown,fd-droidify-evidence.json#/rows/9,False,unknown
fd-droidify,da3070f3f18bdbed1eab666677afd39e4b19a60c70f0bfca68a5730147f81f10,direct-framework-reference,,android/animation/ObjectAnimator,definition-present,yes-static,35,3,unknown,fd-droidify-evidence.json#/rows/10,False,unknown
fd-droidify,da3070f3f18bdbed1eab666677afd39e4b19a60c70f0bfca68a5730147f81f10,direct-framework-reference,,android/animation/PropertyValuesHolder,definition-present,yes-static,7,3,unknown,fd-droidify-evidence.json#/rows/11,False,unknown
fd-droidify,da3070f3f18bdbed1eab666677afd39e4b19a60c70f0bfca68a5730147f81f10,direct-framework-reference,,android/animation/StateListAnimator,definition-present,unknown,4,0,unknown,fd-droidify-evidence.json#/rows/12,False,unknown
fd-droidify,da3070f3f18bdbed1eab666677afd39e4b19a60c70f0bfca68a5730147f81f10,direct-framework-reference,,android/animation/TimeInterpolator,definition-present,yes-static,64,5,unknown,fd-droidify-evidence.json#/rows/13,False,unknown
fd-droidify,da3070f3f18bdbed1eab666677afd39e4b19a60c70f0bfca68a5730147f81f10,direct-framework-reference,,android/animation/TypeConverter,definition-present,unknown,1,0,unknown,fd-droidify-evidence.json#/rows/14,False,unknown
fd-droidify,da3070f3f18bdbed1eab666677afd39e4b19a60c70f0bfca68a5730147f81f10,direct-framework-reference,,android/animation/TypeEvaluator,definition-present,yes-static,3,2,unknown,fd-droidify-evidence.json#/rows/15,False,unknown
fd-droidify,da3070f3f18bdbed1eab666677afd39e4b19a60c70f0bfca68a5730147f81f10,direct-framework-reference,,android/animation/ValueAnimator,definition-present,yes-static,62,7,unknown,fd-droidify-evidence.json#/rows/16,False,unknown
fd-droidify,da3070f3f18bdbed1eab666677afd39e4b19a60c70f0bfca68a5730147f81f10,direct-framework-reference,,android/app/ActionBar,definition-present,unknown,1,0,unknown,fd-droidify-evidence.json#/rows/17,False,unknown
fd-droidify,da3070f3f18bdbed1eab666677afd39e4b19a60c70f0bfca68a5730147f81f10,direct-framework-reference,,android/app/Activity,definition-present,yes-static,110,25,unknown,fd-droidify-evidence.json#/rows/18,False,unknown
fd-droidify,da3070f3f18bdbed1eab666677afd39e4b19a60c70f0bfca68a5730147f81f10,direct-framework-reference,,android/app/ActivityManager,definition-present,yes-static,5,3,unknown,fd-droidify-evidence.json#/rows/19,False,unknown
fd-droidify,da3070f3f18bdbed1eab666677afd39e4b19a60c70f0bfca68a5730147f81f10,direct-framework-reference,,android/app/ActivityManager$RunningAppProcessInfo,definition-present,yes-static,1,1,unknown,fd-droidify-evidence.json#/rows/20,False,unknown
fd-droidify,da3070f3f18bdbed1eab666677afd39e4b19a60c70f0bfca68a5730147f81f10,direct-framework-reference,,android/app/ActivityOptions,definition-present,yes-static,1,1,unknown,fd-droidify-evidence.json#/rows/21,False,unknown
fd-droidify,da3070f3f18bdbed1eab666677afd39e4b19a60c70f0bfca68a5730147f81f10,direct-framework-reference,,android/app/AlarmManager,definition-present,unknown,1,0,unknown,fd-droidify-evidence.json#/rows/22,False,unknown
fd-droidify,da3070f3f18bdbed1eab666677afd39e4b19a60c70f0bfca68a5730147f81f10,direct-framework-reference,,android/app/AppComponentFactory,definition-present,unknown,1,0,unknown,fd-droidify-evidence.json#/rows/23,False,unknown
fd-droidify,da3070f3f18bdbed1eab666677afd39e4b19a60c70f0bfca68a5730147f81f10,direct-framework-reference,,android/app/AppOpsManager,definition-present,yes-static,2,2,unknown,fd-droidify-evidence.json#/rows/24,False,unknown
fd-droidify,da3070f3f18bdbed1eab666677afd39e4b19a60c70f0bfca68a5730147f81f10,direct-framework-reference,,android/app/Application,definition-present,yes-static,32,8,unknown,fd-droidify-evidence.json#/rows/25,False,unknown
fd-droidify,da3070f3f18bdbed1eab666677afd39e4b19a60c70f0bfca68a5730147f81f10,direct-framework-reference,,android/app/ApplicationExitInfo,definition-present,unknown,1,0,unknown,fd-droidify-evidence.json#/rows/26,False,unknown
fd-droidify,da3070f3f18bdbed1eab666677afd39e4b19a60c70f0bfca68a5730147f81f10,direct-framework-reference,,android/app/Dialog,definition-present,yes-static,53,6,unknown,fd-droidify-evidence.json#/rows/27,False,unknown
fd-droidify,da3070f3f18bdbed1eab666677afd39e4b19a60c70f0bfca68a5730147f81f10,direct-framework-reference,,android/app/Fragment,definition-present,yes-static,9,2,unknown,fd-droidify-evidence.json#/rows/28,False,unknown
fd-droidify,da3070f3f18bdbed1eab666677afd39e4b19a60c70f0bfca68a5730147f81f10,direct-framework-reference,,android/app/FragmentManager,definition-present,yes-static,1,1,unknown,fd-droidify-evidence.json#/rows/29,False,unknown
fd-droidify,da3070f3f18bdbed1eab666677afd39e4b19a60c70f0bfca68a5730147f81f10,direct-framework-reference,,android/app/FragmentTransaction,definition-present,yes-static,1,1,unknown,fd-droidify-evidence.json#/rows/30,False,unknown
fd-droidify,da3070f3f18bdbed1eab666677afd39e4b19a60c70f0bfca68a5730147f81f10,direct-framework-reference,,android/app/LocaleManager,definition-present,unknown,2,0,unknown,fd-droidify-evidence.json#/rows/31,False,unknown
fd-droidify,da3070f3f18bdbed1eab666677afd39e4b19a60c70f0bfca68a5730147f81f10,direct-framework-reference,,android/app/Notification,definition-present,yes-static,39,8,unknown,fd-droidify-evidence.json#/rows/32,False,unknown
fd-droidify,da3070f3f18bdbed1eab666677afd39e4b19a60c70f0bfca68a5730147f81f10,direct-framework-reference,,android/app/Notification$Action,definition-present,yes-static,1,1,unknown,fd-droidify-evidence.json#/rows/33,False,unknown
fd-droidify,da3070f3f18bdbed1eab666677afd39e4b19a60c70f0bfca68a5730147f81f10,direct-framework-reference,,android/app/Notification$Action$Builder,definition-present,yes-static,5,5,unknown,fd-droidify-evidence.json#/rows/34,False,unknown
fd-droidify,da3070f3f18bdbed1eab666677afd39e4b19a60c70f0bfca68a5730147f81f10,direct-framework-reference,,android/app/Notification$BigTextStyle,definition-present,yes-static,1,1,unknown,fd-droidify-evidence.json#/rows/35,False,unknown
fd-droidify,da3070f3f18bdbed1eab666677afd39e4b19a60c70f0bfca68a5730147f81f10,direct-framework-reference,,android/app/Notification$BubbleMetadata,definition-present,yes-static,1,1,unknown,fd-droidify-evidence.json#/rows/36,False,unknown
fd-droidify,da3070f3f18bdbed1eab666677afd39e4b19a60c70f0bfca68a5730147f81f10,direct-framework-reference,,android/app/Notification$Builder,definition-present,yes-static,12,12,unknown,fd-droidify-evidence.json#/rows/37,False,unknown
fd-droidify,da3070f3f18bdbed1eab666677afd39e4b19a60c70f0bfca68a5730147f81f10,direct-framework-reference,,android/app/Notification$InboxStyle,definition-present,yes-static,1,1,unknown,fd-droidify-evidence.json#/rows/38,False,unknown
fd-droidify,da3070f3f18bdbed1eab666677afd39e4b19a60c70f0bfca68a5730147f81f10,direct-framework-reference,,android/app/NotificationChannel,definition-present,unknown,1,0,unknown,fd-droidify-evidence.json#/rows/39,False,unknown
fd-droidify,da3070f3f18bdbed1eab666677afd39e4b19a60c70f0bfca68a5730147f81f10,direct-framework-reference,,android/app/NotificationManager,definition-present,yes-static,19,5,unknown,fd-droidify-evidence.json#/rows/40,False,unknown
fd-droidify,da3070f3f18bdbed1eab666677afd39e4b19a60c70f0bfca68a5730147f81f10,direct-framework-reference,,android/app/PendingIntent,definition-present,yes-static,23,6,unknown,fd-droidify-evidence.json#/rows/41,False,unknown
fd-droidify,da3070f3f18bdbed1eab666677afd39e4b19a60c70f0bfca68a5730147f81f10,direct-framework-reference,,android/app/RemoteAction,definition-present,yes-static,11,4,unknown,fd-droidify-evidence.json#/rows/42,False,unknown
fd-droidify,da3070f3f18bdbed1eab666677afd39e4b19a60c70f0bfca68a5730147f81f10,direct-framework-reference,,android/app/SearchableInfo,definition-present,yes-static,13,2,unknown,fd-droidify-evidence.json#/rows/43,False,unknown
fd-droidify,da3070f3f18bdbed1eab666677afd39e4b19a60c70f0bfca68a5730147f81f10,direct-framework-reference,,android/app/Service,definition-present,yes-static,30,5,unknown,fd-droidify-evidence.json#/rows/44,False,unknown
fd-droidify,da3070f3f18bdbed1eab666677afd39e4b19a60c70f0bfca68a5730147f81f10,direct-framework-reference,,android/app/UiModeManager,definition-present,yes-static,1,1,unknown,fd-droidify-evidence.json#/rows/45,False,unknown
fd-droidify,da3070f3f18bdbed1eab666677afd39e4b19a60c70f0bfca68a5730147f81f10,direct-framework-reference,,android/app/job/JobInfo,definition-present,unknown,8,0,unknown,fd-droidify-evidence.json#/rows/46,False,unknown
fd-droidify,da3070f3f18bdbed1eab666677afd39e4b19a60c70f0bfca68a5730147f81f10,direct-framework-reference,,android/app/job/JobInfo$Builder,definition-present,unknown,2,0,unknown,fd-droidify-evidence.json#/rows/47,False,unknown
fd-droidify,da3070f3f18bdbed1eab666677afd39e4b19a60c70f0bfca68a5730147f81f10,direct-framework-reference,,android/app/job/JobInfo$TriggerContentUri,definition-present,unknown,1,0,unknown,fd-droidify-evidence.json#/rows/48,False,unknown
fd-droidify,da3070f3f18bdbed1eab666677afd39e4b19a60c70f0bfca68a5730147f81f10,direct-framework-reference,,android/app/job/JobParameters,definition-present,unknown,12,0,unknown,fd-droidify-evidence.json#/rows/49,False,unknown
fd-droidify,da3070f3f18bdbed1eab666677afd39e4b19a60c70f0bfca68a5730147f81f10,direct-framework-reference,,android/app/job/JobScheduler,definition-present,yes-static,12,3,unknown,fd-droidify-evidence.json#/rows/50,False,unknown
fd-droidify,da3070f3f18bdbed1eab666677afd39e4b19a60c70f0bfca68a5730147f81f10,direct-framework-reference,,android/app/job/JobService,definition-present,unknown,8,0,unknown,fd-droidify-evidence.json#/rows/51,False,unknown
fd-droidify,da3070f3f18bdbed1eab666677afd39e4b19a60c70f0bfca68a5730147f81f10,direct-framework-reference,,android/content/BroadcastReceiver,definition-present,yes-static,19,3,unknown,fd-droidify-evidence.json#/rows/52,False,unknown
fd-droidify,da3070f3f18bdbed1eab666677afd39e4b19a60c70f0bfca68a5730147f81f10,direct-framework-reference,,android/content/BroadcastReceiver$PendingResult,definition-present,unknown,2,0,unknown,fd-droidify-evidence.json#/rows/53,False,unknown
fd-droidify,da3070f3f18bdbed1eab666677afd39e4b19a60c70f0bfca68a5730147f81f10,direct-framework-reference,,android/content/ClipData,definition-present,unknown,19,0,unknown,fd-droidify-evidence.json#/rows/54,False,unknown
fd-droidify,da3070f3f18bdbed1eab666677afd39e4b19a60c70f0bfca68a5730147f81f10,direct-framework-reference,,android/content/ClipData$Item,definition-present,unknown,5,0,unknown,fd-droidify-evidence.json#/rows/55,False,unknown
fd-droidify,da3070f3f18bdbed1eab666677afd39e4b19a60c70f0bfca68a5730147f81f10,direct-framework-reference,,android/content/ClipDescription,definition-present,unknown,8,0,unknown,fd-droidify-evidence.json#/rows/56,False,unknown
fd-droidify,da3070f3f18bdbed1eab666677afd39e4b19a60c70f0bfca68a5730147f81f10,direct-framework-reference,,android/content/ClipboardManager,definition-present,yes-static,10,1,unknown,fd-droidify-evidence.json#/rows/57,False,unknown
fd-droidify,da3070f3f18bdbed1eab666677afd39e4b19a60c70f0bfca68a5730147f81f10,direct-framework-reference,,android/content/ComponentCallbacks,definition-present,yes-static,7,3,unknown,fd-droidify-evidence.json#/rows/58,False,unknown
fd-droidify,da3070f3f18bdbed1eab666677afd39e4b19a60c70f0bfca68a5730147f81f10,direct-framework-reference,,android/content/ComponentName,definition-present,yes-static,30,5,unknown,fd-droidify-evidence.json#/rows/59,False,unknown
fd-droidify,da3070f3f18bdbed1eab666677afd39e4b19a60c70f0bfca68a5730147f81f10,direct-framework-reference,,android/content/ContentProvider,definition-present,yes-static,6,3,unknown,fd-droidify-evidence.json#/rows/60,False,unknown
fd-droidify,da3070f3f18bdbed1eab666677afd39e4b19a60c70f0bfca68a5730147f81f10,direct-framework-reference,,android/content/ContentProviderClient,definition-present,yes-static,9,6,unknown,fd-droidify-evidence.json#/rows/61,False,unknown
fd-droidify,da3070f3f18bdbed1eab666677afd39e4b19a60c70f0bfca68a5730147f81f10,direct-framework-reference,,android/content/ContentResolver,definition-present,yes-static,24,2,unknown,fd-droidify-evidence.json#/rows/62,False,unknown
fd-droidify,da3070f3f18bdbed1eab666677afd39e4b19a60c70f0bfca68a5730147f81f10,direct-framework-reference,,android/content/ContentUris,definition-present,yes-static,1,1,unknown,fd-droidify-evidence.json#/rows/63,False,unknown
fd-droidify,da3070f3f18bdbed1eab666677afd39e4b19a60c70f0bfca68a5730147f81f10,direct-framework-reference,,android/content/ContentValues,definition-present,yes-static,11,4,unknown,fd-droidify-evidence.json#/rows/64,False,unknown
fd-droidify,da3070f3f18bdbed1eab666677afd39e4b19a60c70f0bfca68a5730147f81f10,direct-framework-reference,,android/content/Context,definition-present,yes-static,1197,178,unknown,fd-droidify-evidence.json#/rows/65,False,unknown
fd-droidify,da3070f3f18bdbed1eab666677afd39e4b19a60c70f0bfca68a5730147f81f10,direct-framework-reference,,android/content/ContextWrapper,definition-present,yes-static,28,4,unknown,fd-droidify-evidence.json#/rows/66,False,unknown
fd-droidify,da3070f3f18bdbed1eab666677afd39e4b19a60c70f0bfca68a5730147f81f10,direct-framework-reference,,android/content/DialogInterface,definition-present,unknown,7,0,unknown,fd-droidify-evidence.json#/rows/67,False,unknown
fd-droidify,da3070f3f18bdbed1eab666677afd39e4b19a60c70f0bfca68a5730147f81f10,direct-framework-reference,,android/content/DialogInterface$OnClickListener,definition-present,unknown,5,0,unknown,fd-droidify-evidence.json#/rows/68,False,unknown
fd-droidify,da3070f3f18bdbed1eab666677afd39e4b19a60c70f0bfca68a5730147f81f10,direct-framework-reference,,android/content/DialogInterface$OnKeyListener,definition-present,unknown,1,0,unknown,fd-droidify-evidence.json#/rows/69,False,unknown
fd-droidify,da3070f3f18bdbed1eab666677afd39e4b19a60c70f0bfca68a5730147f81f10,direct-framework-reference,,android/content/Intent,definition-present,yes-static,115,15,unknown,fd-droidify-evidence.json#/rows/70,False,unknown
fd-droidify,da3070f3f18bdbed1eab666677afd39e4b19a60c70f0bfca68a5730147f81f10,direct-framework-reference,,android/content/IntentFilter,definition-present,yes-static,7,2,unknown,fd-droidify-evidence.json#/rows/71,False,unknown
fd-droidify,da3070f3f18bdbed1eab666677afd39e4b19a60c70f0bfca68a5730147f81f10,direct-framework-reference,,android/content/IntentSender,definition-present,unknown,9,0,unknown,fd-droidify-evidence.json#/rows/72,False,unknown
fd-droidify,da3070f3f18bdbed1eab666677afd39e4b19a60c70f0bfca68a5730147f81f10,direct-framework-reference,,android/content/IntentSender$SendIntentException,definition-present,unknown,1,0,unknown,fd-droidify-evidence.json#/rows/73,False,unknown
fd-droidify,da3070f3f18bdbed1eab666677afd39e4b19a60c70f0bfca68a5730147f81f10,direct-framework-reference,,android/content/ServiceConnection,definition-present,yes-static,2,1,unknown,fd-droidify-evidence.json#/rows/74,False,unknown
fd-droidify,da3070f3f18bdbed1eab666677afd39e4b19a60c70f0bfca68a5730147f81f10,direct-framework-reference,,android/content/SharedPreferences,definition-present,yes-static,4,2,unknown,fd-droidify-evidence.json#/rows/75,False,unknown
fd-droidify,da3070f3f18bdbed1eab666677afd39e4b19a60c70f0bfca68a5730147f81f10,direct-framework-reference,,android/content/SharedPreferences$Editor,definition-present,unknown,2,0,unknown,fd-droidify-evidence.json#/rows/76,False,unknown
fd-droidify,da3070f3f18bdbed1eab666677afd39e4b19a60c70f0bfca68a5730147f81f10,direct-framework-reference,,android/content/pm/ActivityInfo,definition-present,yes-static,11,1,unknown,fd-droidify-evidence.json#/rows/77,False,unknown
fd-droidify,da3070f3f18bdbed1eab666677afd39e4b19a60c70f0bfca68a5730147f81f10,direct-framework-reference,,android/content/pm/ApplicationInfo,definition-present,yes-static,14,4,unknown,fd-droidify-evidence.json#/rows/78,False,unknown
fd-droidify,da3070f3f18bdbed1eab666677afd39e4b19a60c70f0bfca68a5730147f81f10,direct-framework-reference,,android/content/pm/ComponentInfo,definition-present,unknown,1,0,unknown,fd-droidify-evidence.json#/rows/79,False,unknown
fd-droidify,da3070f3f18bdbed1eab666677afd39e4b19a60c70f0bfca68a5730147f81f10,direct-framework-reference,,android/content/pm/FeatureInfo,definition-present,unknown,2,0,unknown,fd-droidify-evidence.json#/rows/80,False,unknown
fd-droidify,da3070f3f18bdbed1eab666677afd39e4b19a60c70f0bfca68a5730147f81f10,direct-framework-reference,,android/content/pm/PackageInfo,definition-present,yes-static,18,5,unknown,fd-droidify-evidence.json#/rows/81,False,unknown
fd-droidify,da3070f3f18bdbed1eab666677afd39e4b19a60c70f0bfca68a5730147f81f10,direct-framework-reference,,android/content/pm/PackageInstaller,definition-present,unknown,5,0,unknown,fd-droidify-evidence.json#/rows/82,False,unknown
fd-droidify,da3070f3f18bdbed1eab666677afd39e4b19a60c70f0bfca68a5730147f81f10,direct-framework-reference,,android/content/pm/PackageInstaller$Session,definition-present,unknown,1,0,unknown,fd-droidify-evidence.json#/rows/83,False,unknown
fd-droidify,da3070f3f18bdbed1eab666677afd39e4b19a60c70f0bfca68a5730147f81f10,direct-framework-reference,,android/content/pm/PackageInstaller$SessionCallback,definition-present,unknown,4,0,unknown,fd-droidify-evidence.json#/rows/84,False,unknown
fd-droidify,da3070f3f18bdbed1eab666677afd39e4b19a60c70f0bfca68a5730147f81f10,direct-framework-reference,,android/content/pm/PackageInstaller$SessionParams,definition-present,unknown,1,0,unknown,fd-droidify-evidence.json#/rows/85,False,unknown
fd-droidify,da3070f3f18bdbed1eab666677afd39e4b19a60c70f0bfca68a5730147f81f10,direct-framework-reference,,android/content/pm/PackageItemInfo,definition-present,unknown,3,0,unknown,fd-droidify-evidence.json#/rows/86,False,unknown
fd-droidify,da3070f3f18bdbed1eab666677afd39e4b19a60c70f0bfca68a5730147f81f10,direct-framework-reference,,android/content/pm/PackageManager,definition-present,yes-static,53,7,unknown,fd-droidify-evidence.json#/rows/87,False,unknown
fd-droidify,da3070f3f18bdbed1eab666677afd39e4b19a60c70f0bfca68a5730147f81f10,direct-framework-reference,,android/content/pm/PackageManager$ApplicationInfoFlags,definition-present,unknown,1,0,unknown,fd-droidify-evidence.json#/rows/88,False,unknown
fd-droidify,da3070f3f18bdbed1eab666677afd39e4b19a60c70f0bfca68a5730147f81f10,direct-framework-reference,,android/content/pm/PackageManager$NameNotFoundException,definition-present,yes-static,1,1,unknown,fd-droidify-evidence.json#/rows/89,False,unknown
fd-droidify,da3070f3f18bdbed1eab666677afd39e4b19a60c70f0bfca68a5730147f81f10,direct-framework-reference,,android/content/pm/PackageManager$PackageInfoFlags,definition-present,yes-static,5,1,unknown,fd-droidify-evidence.json#/rows/90,False,unknown
fd-droidify,da3070f3f18bdbed1eab666677afd39e4b19a60c70f0bfca68a5730147f81f10,direct-framework-reference,,android/content/pm/PermissionGroupInfo,definition-present,unknown,6,0,unknown,fd-droidify-evidence.json#/rows/91,False,unknown
fd-droidify,da3070f3f18bdbed1eab666677afd39e4b19a60c70f0bfca68a5730147f81f10,direct-framework-reference,,android/content/pm/PermissionInfo,definition-present,unknown,11,0,unknown,fd-droidify-evidence.json#/rows/92,False,unknown
fd-droidify,da3070f3f18bdbed1eab666677afd39e4b19a60c70f0bfca68a5730147f81f10,direct-framework-reference,,android/content/pm/ProviderInfo,definition-present,yes-static,4,2,unknown,fd-droidify-evidence.json#/rows/93,False,unknown
fd-droidify,da3070f3f18bdbed1eab666677afd39e4b19a60c70f0bfca68a5730147f81f10,direct-framework-reference,,android/content/pm/ResolveInfo,definition-present,unknown,10,0,unknown,fd-droidify-evidence.json#/rows/94,False,unknown
fd-droidify,da3070f3f18bdbed1eab666677afd39e4b19a60c70f0bfca68a5730147f81f10,direct-framework-reference,,android/content/pm/ServiceInfo,definition-present,unknown,3,0,unknown,fd-droidify-evidence.json#/rows/95,False,unknown
fd-droidify,da3070f3f18bdbed1eab666677afd39e4b19a60c70f0bfca68a5730147f81f10,direct-framework-reference,,android/content/pm/Signature,definition-present,yes-static,6,4,unknown,fd-droidify-evidence.json#/rows/96,False,unknown
fd-droidify,da3070f3f18bdbed1eab666677afd39e4b19a60c70f0bfca68a5730147f81f10,direct-framework-reference,,android/content/pm/SigningInfo,definition-present,yes-static,1,1,unknown,fd-droidify-evidence.json#/rows/97,False,unknown
fd-droidify,da3070f3f18bdbed1eab666677afd39e4b19a60c70f0bfca68a5730147f81f10,direct-framework-reference,,android/content/res/AssetFileDescriptor,definition-present,unknown,6,0,unknown,fd-droidify-evidence.json#/rows/98,False,unknown
fd-droidify,da3070f3f18bdbed1eab666677afd39e4b19a60c70f0bfca68a5730147f81f10,direct-framework-reference,,android/content/res/AssetManager,definition-present,yes-static,8,1,unknown,fd-droidify-evidence.json#/rows/99,False,unknown
fd-droidify,da3070f3f18bdbed1eab666677afd39e4b19a60c70f0bfca68a5730147f81f10,direct-framework-reference,,android/content/res/AssetManager$AssetInputStream,definition-present,yes-static,2,2,unknown,fd-droidify-evidence.json#/rows/100,False,unknown
fd-droidify,da3070f3f18bdbed1eab666677afd39e4b19a60c70f0bfca68a5730147f81f10,direct-framework-reference,,android/content/res/ColorStateList,definition-present,yes-static,273,26,unknown,fd-droidify-evidence.json#/rows/101,False,unknown
fd-droidify,da3070f3f18bdbed1eab666677afd39e4b19a60c70f0bfca68a5730147f81f10,direct-framework-reference,,android/content/res/Configuration,definition-present,yes-static,80,18,unknown,fd-droidify-evidence.json#/rows/102,False,unknown
fd-droidify,da3070f3f18bdbed1eab666677afd39e4b19a60c70f0bfca68a5730147f81f10,direct-framework-reference,,android/content/res/Resources,definition-present,yes-static,298,58,unknown,fd-droidify-evidence.json#/rows/103,False,unknown
fd-droidify,da3070f3f18bdbed1eab666677afd39e4b19a60c70f0bfca68a5730147f81f10,direct-framework-reference,,android/content/res/Resources$NotFoundException,definition-present,yes-static,3,2,unknown,fd-droidify-evidence.json#/rows/104,False,unknown
fd-droidify,da3070f3f18bdbed1eab666677afd39e4b19a60c70f0bfca68a5730147f81f10,direct-framework-reference,,android/content/res/Resources$Theme,definition-present,yes-static,77,23,unknown,fd-droidify-evidence.json#/rows/105,False,unknown
fd-droidify,da3070f3f18bdbed1eab666677afd39e4b19a60c70f0bfca68a5730147f81f10,direct-framework-reference,,android/content/res/TypedArray,definition-present,yes-static,151,39,unknown,fd-droidify-evidence.json#/rows/106,False,unknown
fd-droidify,da3070f3f18bdbed1eab666677afd39e4b19a60c70f0bfca68a5730147f81f10,direct-framework-reference,,android/content/res/XmlResourceParser,definition-present,yes-static,18,8,unknown,fd-droidify-evidence.json#/rows/107,False,unknown
fd-droidify,da3070f3f18bdbed1eab666677afd39e4b19a60c70f0bfca68a5730147f81f10,direct-framework-reference,,android/database/ContentObservable,definition-present,yes-static,5,2,unknown,fd-droidify-evidence.json#/rows/108,False,unknown
fd-droidify,da3070f3f18bdbed1eab666677afd39e4b19a60c70f0bfca68a5730147f81f10,direct-framework-reference,,android/database/ContentObserver,definition-present,unknown,11,0,unknown,fd-droidify-evidence.json#/rows/109,False,unknown
fd-droidify,da3070f3f18bdbed1eab666677afd39e4b19a60c70f0bfca68a5730147f81f10,direct-framework-reference,,android/database/Cursor,definition-present,yes-static,92,8,unknown,fd-droidify-evidence.json#/rows/110,False,unknown
fd-droidify,da3070f3f18bdbed1eab666677afd39e4b19a60c70f0bfca68a5730147f81f10,direct-framework-reference,,android/database/CursorWrapper,definition-present,yes-static,6,1,unknown,fd-droidify-evidence.json#/rows/111,False,unknown
fd-droidify,da3070f3f18bdbed1eab666677afd39e4b19a60c70f0bfca68a5730147f81f10,direct-framework-reference,,android/database/DataSetObservable,definition-present,unknown,2,0,unknown,fd-droidify-evidence.json#/rows/112,False,unknown
fd-droidify,da3070f3f18bdbed1eab666677afd39e4b19a60c70f0bfca68a5730147f81f10,direct-framework-reference,,android/database/DataSetObserver,definition-present,unknown,5,0,unknown,fd-droidify-evidence.json#/rows/113,False,unknown
fd-droidify,da3070f3f18bdbed1eab666677afd39e4b19a60c70f0bfca68a5730147f81f10,direct-framework-reference,,android/database/DatabaseErrorHandler,definition-present,yes-static,1,1,unknown,fd-droidify-evidence.json#/rows/114,False,unknown
fd-droidify,da3070f3f18bdbed1eab666677afd39e4b19a60c70f0bfca68a5730147f81f10,direct-framework-reference,,android/database/MatrixCursor,definition-present,unknown,1,0,unknown,fd-droidify-evidence.json#/rows/115,False,unknown
fd-droidify,da3070f3f18bdbed1eab666677afd39e4b19a60c70f0bfca68a5730147f81f10,direct-framework-reference,,android/database/Observable,definition-present,unknown,14,0,unknown,fd-droidify-evidence.json#/rows/116,False,unknown
fd-droidify,da3070f3f18bdbed1eab666677afd39e4b19a60c70f0bfca68a5730147f81f10,direct-framework-reference,,android/database/SQLException,definition-present,unknown,1,0,unknown,fd-droidify-evidence.json#/rows/117,False,unknown
fd-droidify,da3070f3f18bdbed1eab666677afd39e4b19a60c70f0bfca68a5730147f81f10,direct-framework-reference,,android/database/sqlite/SQLiteClosable,definition-present,unknown,2,0,unknown,fd-droidify-evidence.json#/rows/118,False,unknown
fd-droidify,da3070f3f18bdbed1eab666677afd39e4b19a60c70f0bfca68a5730147f81f10,direct-framework-reference,,android/database/sqlite/SQLiteCursor,definition-present,unknown,1,0,unknown,fd-droidify-evidence.json#/rows/119,False,unknown
fd-droidify,da3070f3f18bdbed1eab666677afd39e4b19a60c70f0bfca68a5730147f81f10,direct-framework-reference,,android/database/sqlite/SQLiteCursorDriver,definition-present,unknown,1,0,unknown,fd-droidify-evidence.json#/rows/120,False,unknown
fd-droidify,da3070f3f18bdbed1eab666677afd39e4b19a60c70f0bfca68a5730147f81f10,direct-framework-reference,,android/database/sqlite/SQLiteDatabase,definition-present,yes-static,72,21,unknown,fd-droidify-evidence.json#/rows/121,False,unknown
fd-droidify,da3070f3f18bdbed1eab666677afd39e4b19a60c70f0bfca68a5730147f81f10,direct-framework-reference,,android/database/sqlite/SQLiteDatabase$CursorFactory,definition-present,yes-static,4,2,unknown,fd-droidify-evidence.json#/rows/122,False,unknown
fd-droidify,da3070f3f18bdbed1eab666677afd39e4b19a60c70f0bfca68a5730147f81f10,direct-framework-reference,,android/database/sqlite/SQLiteException,definition-present,yes-static,1,1,unknown,fd-droidify-evidence.json#/rows/123,False,unknown
fd-droidify,da3070f3f18bdbed1eab666677afd39e4b19a60c70f0bfca68a5730147f81f10,direct-framework-reference,,android/database/sqlite/SQLiteOpenHelper,definition-present,yes-static,7,7,unknown,fd-droidify-evidence.json#/rows/124,False,unknown
fd-droidify,da3070f3f18bdbed1eab666677afd39e4b19a60c70f0bfca68a5730147f81f10,direct-framework-reference,,android/database/sqlite/SQLiteProgram,definition-present,unknown,7,0,unknown,fd-droidify-evidence.json#/rows/125,False,unknown
fd-droidify,da3070f3f18bdbed1eab666677afd39e4b19a60c70f0bfca68a5730147f81f10,direct-framework-reference,,android/database/sqlite/SQLiteQuery,definition-present,unknown,1,0,unknown,fd-droidify-evidence.json#/rows/126,False,unknown
fd-droidify,da3070f3f18bdbed1eab666677afd39e4b19a60c70f0bfca68a5730147f81f10,direct-framework-reference,,android/database/sqlite/SQLiteStatement,definition-present,unknown,4,0,unknown,fd-droidify-evidence.json#/rows/127,False,unknown
fd-droidify,da3070f3f18bdbed1eab666677afd39e4b19a60c70f0bfca68a5730147f81f10,direct-framework-reference,,android/database/sqlite/SQLiteTransactionListener,definition-present,unknown,1,0,unknown,fd-droidify-evidence.json#/rows/128,False,unknown
fd-droidify,da3070f3f18bdbed1eab666677afd39e4b19a60c70f0bfca68a5730147f81f10,direct-framework-reference,,android/drm/DrmManagerClient,definition-present,yes-static,6,3,unknown,fd-droidify-evidence.json#/rows/129,False,unknown
fd-droidify,da3070f3f18bdbed1eab666677afd39e4b19a60c70f0bfca68a5730147f81f10,direct-framework-reference,,android/graphics/Bitmap,definition-present,yes-static,67,8,unknown,fd-droidify-evidence.json#/rows/130,False,unknown
fd-droidify,da3070f3f18bdbed1eab666677afd39e4b19a60c70f0bfca68a5730147f81f10,direct-framework-reference,,android/graphics/Bitmap$CompressFormat,definition-present,unknown,1,0,unknown,fd-droidify-evidence.json#/rows/131,False,unknown
fd-droidify,da3070f3f18bdbed1eab666677afd39e4b19a60c70f0bfca68a5730147f81f10,direct-framework-reference,,android/graphics/Bitmap$Config,definition-present,yes-static,35,4,unknown,fd-droidify-evidence.json#/rows/132,False,unknown
fd-droidify,da3070f3f18bdbed1eab666677afd39e4b19a60c70f0bfca68a5730147f81f10,direct-framework-reference,,android/graphics/BitmapFactory,definition-present,yes-static,1,1,unknown,fd-droidify-evidence.json#/rows/133,False,unknown
fd-droidify,da3070f3f18bdbed1eab666677afd39e4b19a60c70f0bfca68a5730147f81f10,direct-framework-reference,,android/graphics/BitmapFactory$Options,definition-present,yes-static,1,1,unknown,fd-droidify-evidence.json#/rows/134,False,unknown
fd-droidify,da3070f3f18bdbed1eab666677afd39e4b19a60c70f0bfca68a5730147f81f10,direct-framework-reference,,android/graphics/BitmapShader,definition-present,yes-static,2,1,unknown,fd-droidify-evidence.json#/rows/135,False,unknown
fd-droidify,da3070f3f18bdbed1eab666677afd39e4b19a60c70f0bfca68a5730147f81f10,direct-framework-reference,,android/graphics/BlendMode,definition-present,yes-static,11,2,unknown,fd-droidify-evidence.json#/rows/136,False,unknown
fd-droidify,da3070f3f18bdbed1eab666677afd39e4b19a60c70f0bfca68a5730147f81f10,direct-framework-reference,,android/graphics/BlendModeColorFilter,definition-present,unknown,3,0,unknown,fd-droidify-evidence.json#/rows/137,False,unknown
fd-droidify,da3070f3f18bdbed1eab666677afd39e4b19a60c70f0bfca68a5730147f81f10,direct-framework-reference,,android/graphics/Canvas,definition-present,yes-static,243,9,unknown,fd-droidify-evidence.json#/rows/138,False,unknown
fd-droidify,da3070f3f18bdbed1eab666677afd39e4b19a60c70f0bfca68a5730147f81f10,direct-framework-reference,,android/graphics/Canvas$EdgeType,definition-present,unknown,3,0,unknown,fd-droidify-evidence.json#/rows/139,False,unknown
fd-droidify,da3070f3f18bdbed1eab666677afd39e4b19a60c70f0bfca68a5730147f81f10,direct-framework-reference,,android/graphics/Canvas$VertexMode,definition-present,unknown,1,0,unknown,fd-droidify-evidence.json#/rows/140,False,unknown
fd-droidify,da3070f3f18bdbed1eab666677afd39e4b19a60c70f0bfca68a5730147f81f10,direct-framework-reference,,android/graphics/Color,definition-present,yes-static,17,5,unknown,fd-droidify-evidence.json#/rows/141,False,unknown
fd-droidify,da3070f3f18bdbed1eab666677afd39e4b19a60c70f0bfca68a5730147f81f10,direct-framework-reference,,android/graphics/ColorFilter,definition-present,yes-static,29,6,unknown,fd-droidify-evidence.json#/rows/142,False,unknown
fd-droidify,da3070f3f18bdbed1eab666677afd39e4b19a60c70f0bfca68a5730147f81f10,direct-framework-reference,,android/graphics/ColorSpace,definition-present,yes-static,5,2,unknown,fd-droidify-evidence.json#/rows/143,False,unknown
fd-droidify,da3070f3f18bdbed1eab666677afd39e4b19a60c70f0bfca68a5730147f81f10,direct-framework-reference,,android/graphics/ColorSpace$Named,definition-present,unknown,2,0,unknown,fd-droidify-evidence.json#/rows/144,False,unknown
fd-droidify,da3070f3f18bdbed1eab666677afd39e4b19a60c70f0bfca68a5730147f81f10,direct-framework-reference,,android/graphics/ColorSpace$Rgb,definition-present,unknown,2,0,unknown,fd-droidify-evidence.json#/rows/145,False,unknown
fd-droidify,da3070f3f18bdbed1eab666677afd39e4b19a60c70f0bfca68a5730147f81f10,direct-framework-reference,,android/graphics/ColorSpace$Rgb$TransferParameters,definition-present,unknown,1,0,unknown,fd-droidify-evidence.json#/rows/146,False,unknown
fd-droidify,da3070f3f18bdbed1eab666677afd39e4b19a60c70f0bfca68a5730147f81f10,direct-framework-reference,,android/graphics/DrawFilter,definition-present,unknown,2,0,unknown,fd-droidify-evidence.json#/rows/147,False,unknown
fd-droidify,da3070f3f18bdbed1eab666677afd39e4b19a60c70f0bfca68a5730147f81f10,direct-framework-reference,,android/graphics/ImageDecoder,definition-present,unknown,3,0,unknown,fd-droidify-evidence.json#/rows/148,False,unknown
fd-droidify,da3070f3f18bdbed1eab666677afd39e4b19a60c70f0bfca68a5730147f81f10,direct-framework-reference,,android/graphics/ImageDecoder$ImageInfo,definition-present,unknown,1,0,unknown,fd-droidify-evidence.json#/rows/149,False,unknown
fd-droidify,da3070f3f18bdbed1eab666677afd39e4b19a60c70f0bfca68a5730147f81f10,direct-framework-reference,,android/graphics/ImageDecoder$OnHeaderDecodedListener,definition-present,unknown,1,0,unknown,fd-droidify-evidence.json#/rows/150,False,unknown
fd-droidify,da3070f3f18bdbed1eab666677afd39e4b19a60c70f0bfca68a5730147f81f10,direct-framework-reference,,android/graphics/ImageDecoder$Source,definition-present,unknown,4,0,unknown,fd-droidify-evidence.json#/rows/151,False,unknown
fd-droidify,da3070f3f18bdbed1eab666677afd39e4b19a60c70f0bfca68a5730147f81f10,direct-framework-reference,,android/graphics/Insets,definition-present,unknown,32,0,unknown,fd-droidify-evidence.json#/rows/152,False,unknown
fd-droidify,da3070f3f18bdbed1eab666677afd39e4b19a60c70f0bfca68a5730147f81f10,direct-framework-reference,,android/graphics/LinearGradient,definition-present,yes-static,3,1,unknown,fd-droidify-evidence.json#/rows/153,False,unknown
fd-droidify,da3070f3f18bdbed1eab666677afd39e4b19a60c70f0bfca68a5730147f81f10,direct-framework-reference,,android/graphics/Matrix,definition-present,yes-static,140,11,unknown,fd-droidify-evidence.json#/rows/154,False,unknown
fd-droidify,da3070f3f18bdbed1eab666677afd39e4b19a60c70f0bfca68a5730147f81f10,direct-framework-reference,,android/graphics/Matrix$ScaleToFit,definition-present,unknown,8,0,unknown,fd-droidify-evidence.json#/rows/155,False,unknown
fd-droidify,da3070f3f18bdbed1eab666677afd39e4b19a60c70f0bfca68a5730147f81f10,direct-framework-reference,,android/graphics/NinePatch,definition-present,unknown,4,0,unknown,fd-droidify-evidence.json#/rows/156,False,unknown
fd-droidify,da3070f3f18bdbed1eab666677afd39e4b19a60c70f0bfca68a5730147f81f10,direct-framework-reference,,android/graphics/Outline,definition-present,yes-static,15,2,unknown,fd-droidify-evidence.json#/rows/157,False,unknown
fd-droidify,da3070f3f18bdbed1eab666677afd39e4b19a60c70f0bfca68a5730147f81f10,direct-framework-reference,,android/graphics/Paint,definition-present,yes-static,201,28,unknown,fd-droidify-evidence.json#/rows/158,False,unknown
fd-droidify,da3070f3f18bdbed1eab666677afd39e4b19a60c70f0bfca68a5730147f81f10,direct-framework-reference,,android/graphics/Paint$Align,definition-present,unknown,1,0,unknown,fd-droidify-evidence.json#/rows/159,False,unknown
fd-droidify,da3070f3f18bdbed1eab666677afd39e4b19a60c70f0bfca68a5730147f81f10,direct-framework-reference,,android/graphics/Paint$Cap,definition-present,yes-static,9,3,unknown,fd-droidify-evidence.json#/rows/160,False,unknown
fd-droidify,da3070f3f18bdbed1eab666677afd39e4b19a60c70f0bfca68a5730147f81f10,direct-framework-reference,,android/graphics/Paint$FontMetrics,definition-present,unknown,1,0,unknown,fd-droidify-evidence.json#/rows/161,False,unknown
fd-droidify,da3070f3f18bdbed1eab666677afd39e4b19a60c70f0bfca68a5730147f81f10,direct-framework-reference,,android/graphics/Paint$FontMetricsInt,definition-present,yes-static,12,4,unknown,fd-droidify-evidence.json#/rows/162,False,unknown
fd-droidify,da3070f3f18bdbed1eab666677afd39e4b19a60c70f0bfca68a5730147f81f10,direct-framework-reference,,android/graphics/Paint$Join,definition-present,yes-static,8,3,unknown,fd-droidify-evidence.json#/rows/163,False,unknown
fd-droidify,da3070f3f18bdbed1eab666677afd39e4b19a60c70f0bfca68a5730147f81f10,direct-framework-reference,,android/graphics/Paint$Style,definition-present,yes-static,16,1,unknown,fd-droidify-evidence.json#/rows/164,False,unknown
fd-droidify,da3070f3f18bdbed1eab666677afd39e4b19a60c70f0bfca68a5730147f81f10,direct-framework-reference,,android/graphics/Path,definition-present,yes-static,70,7,unknown,fd-droidify-evidence.json#/rows/165,False,unknown
fd-droidify,da3070f3f18bdbed1eab666677afd39e4b19a60c70f0bfca68a5730147f81f10,direct-framework-reference,,android/graphics/Path$Direction,definition-present,unknown,6,0,unknown,fd-droidify-evidence.json#/rows/166,False,unknown
fd-droidify,da3070f3f18bdbed1eab666677afd39e4b19a60c70f0bfca68a5730147f81f10,direct-framework-reference,,android/graphics/Path$FillType,definition-present,unknown,4,0,unknown,fd-droidify-evidence.json#/rows/167,False,unknown
fd-droidify,da3070f3f18bdbed1eab666677afd39e4b19a60c70f0bfca68a5730147f81f10,direct-framework-reference,,android/graphics/Path$Op,definition-present,unknown,3,0,unknown,fd-droidify-evidence.json#/rows/168,False,unknown
fd-droidify,da3070f3f18bdbed1eab666677afd39e4b19a60c70f0bfca68a5730147f81f10,direct-framework-reference,,android/graphics/PathEffect,definition-present,unknown,2,0,unknown,fd-droidify-evidence.json#/rows/169,False,unknown
fd-droidify,da3070f3f18bdbed1eab666677afd39e4b19a60c70f0bfca68a5730147f81f10,direct-framework-reference,,android/graphics/PathMeasure,definition-present,yes-static,9,1,unknown,fd-droidify-evidence.json#/rows/170,False,unknown
fd-droidify,da3070f3f18bdbed1eab666677afd39e4b19a60c70f0bfca68a5730147f81f10,direct-framework-reference,,android/graphics/Picture,definition-present,unknown,5,0,unknown,fd-droidify-evidence.json#/rows/171,False,unknown
fd-droidify,da3070f3f18bdbed1eab666677afd39e4b19a60c70f0bfca68a5730147f81f10,direct-framework-reference,,android/graphics/Point,definition-present,unknown,9,0,unknown,fd-droidify-evidence.json#/rows/172,False,unknown
fd-droidify,da3070f3f18bdbed1eab666677afd39e4b19a60c70f0bfca68a5730147f81f10,direct-framework-reference,,android/graphics/PointF,definition-present,yes-static,14,2,unknown,fd-droidify-evidence.json#/rows/173,False,unknown
fd-droidify,da3070f3f18bdbed1eab666677afd39e4b19a60c70f0bfca68a5730147f81f10,direct-framework-reference,,android/graphics/PorterDuff$Mode,definition-present,yes-static,194,26,unknown,fd-droidify-evidence.json#/rows/174,False,unknown
fd-droidify,da3070f3f18bdbed1eab666677afd39e4b19a60c70f0bfca68a5730147f81f10,direct-framework-reference,,android/graphics/PorterDuffColorFilter,definition-present,yes-static,22,7,unknown,fd-droidify-evidence.json#/rows/175,False,unknown
fd-droidify,da3070f3f18bdbed1eab666677afd39e4b19a60c70f0bfca68a5730147f81f10,direct-framework-reference,,android/graphics/PorterDuffXfermode,definition-present,yes-static,6,1,unknown,fd-droidify-evidence.json#/rows/176,False,unknown
fd-droidify,da3070f3f18bdbed1eab666677afd39e4b19a60c70f0bfca68a5730147f81f10,direct-framework-reference,,android/graphics/RadialGradient,definition-present,yes-static,2,1,unknown,fd-droidify-evidence.json#/rows/177,False,unknown
fd-droidify,da3070f3f18bdbed1eab666677afd39e4b19a60c70f0bfca68a5730147f81f10,direct-framework-reference,,android/graphics/RecordingCanvas,definition-present,unknown,2,0,unknown,fd-droidify-evidence.json#/rows/178,False,unknown
fd-droidify,da3070f3f18bdbed1eab666677afd39e4b19a60c70f0bfca68a5730147f81f10,direct-framework-reference,,android/graphics/Rect,definition-present,yes-static,392,16,unknown,fd-droidify-evidence.json#/rows/179,False,unknown
fd-droidify,da3070f3f18bdbed1eab666677afd39e4b19a60c70f0bfca68a5730147f81f10,direct-framework-reference,,android/graphics/RectF,definition-present,yes-static,141,7,unknown,fd-droidify-evidence.json#/rows/180,False,unknown
fd-droidify,da3070f3f18bdbed1eab666677afd39e4b19a60c70f0bfca68a5730147f81f10,direct-framework-reference,,android/graphics/Region,definition-present,yes-static,10,1,unknown,fd-droidify-evidence.json#/rows/181,False,unknown
fd-droidify,da3070f3f18bdbed1eab666677afd39e4b19a60c70f0bfca68a5730147f81f10,direct-framework-reference,,android/graphics/Region$Op,definition-present,unknown,12,0,unknown,fd-droidify-evidence.json#/rows/182,False,unknown
fd-droidify,da3070f3f18bdbed1eab666677afd39e4b19a60c70f0bfca68a5730147f81f10,direct-framework-reference,,android/graphics/RenderNode,definition-present,yes-static,29,2,unknown,fd-droidify-evidence.json#/rows/183,False,unknown
fd-droidify,da3070f3f18bdbed1eab666677afd39e4b19a60c70f0bfca68a5730147f81f10,direct-framework-reference,,android/graphics/Shader,definition-present,yes-static,18,3,unknown,fd-droidify-evidence.json#/rows/184,False,unknown
fd-droidify,da3070f3f18bdbed1eab666677afd39e4b19a60c70f0bfca68a5730147f81f10,direct-framework-reference,,android/graphics/Shader$TileMode,definition-present,yes-static,7,3,unknown,fd-droidify-evidence.json#/rows/185,False,unknown
fd-droidify,da3070f3f18bdbed1eab666677afd39e4b19a60c70f0bfca68a5730147f81f10,direct-framework-reference,,android/graphics/SurfaceTexture,definition-present,unknown,21,0,unknown,fd-droidify-evidence.json#/rows/186,False,unknown
fd-droidify,da3070f3f18bdbed1eab666677afd39e4b19a60c70f0bfca68a5730147f81f10,direct-framework-reference,,android/graphics/SweepGradient,definition-present,yes-static,1,1,unknown,fd-droidify-evidence.json#/rows/187,False,unknown
fd-droidify,da3070f3f18bdbed1eab666677afd39e4b19a60c70f0bfca68a5730147f81f10,direct-framework-reference,,android/graphics/Typeface,definition-present,yes-static,88,15,unknown,fd-droidify-evidence.json#/rows/188,False,unknown
fd-droidify,da3070f3f18bdbed1eab666677afd39e4b19a60c70f0bfca68a5730147f81f10,direct-framework-reference,,android/graphics/Typeface$Builder,definition-present,unknown,1,0,unknown,fd-droidify-evidence.json#/rows/189,False,unknown
fd-droidify,da3070f3f18bdbed1eab666677afd39e4b19a60c70f0bfca68a5730147f81f10,direct-framework-reference,,android/graphics/Typeface$CustomFallbackBuilder,definition-present,yes-static,5,1,unknown,fd-droidify-evidence.json#/rows/190,False,unknown
fd-droidify,da3070f3f18bdbed1eab666677afd39e4b19a60c70f0bfca68a5730147f81f10,direct-framework-reference,,android/graphics/Xfermode,definition-present,yes-static,6,1,unknown,fd-droidify-evidence.json#/rows/191,False,unknown
fd-droidify,da3070f3f18bdbed1eab666677afd39e4b19a60c70f0bfca68a5730147f81f10,direct-framework-reference,,android/graphics/drawable/Animatable,definition-present,yes-static,8,2,unknown,fd-droidify-evidence.json#/rows/192,False,unknown
fd-droidify,da3070f3f18bdbed1eab666677afd39e4b19a60c70f0bfca68a5730147f81f10,direct-framework-reference,,android/graphics/drawable/Animatable2$AnimationCallback,definition-present,unknown,2,0,unknown,fd-droidify-evidence.json#/rows/193,False,unknown
fd-droidify,da3070f3f18bdbed1eab666677afd39e4b19a60c70f0bfca68a5730147f81f10,direct-framework-reference,,android/graphics/drawable/AnimatedStateListDrawable,definition-present,unknown,1,0,unknown,fd-droidify-evidence.json#/rows/194,False,unknown
fd-droidify,da3070f3f18bdbed1eab666677afd39e4b19a60c70f0bfca68a5730147f81f10,direct-framework-reference,,android/graphics/drawable/AnimatedVectorDrawable,definition-present,unknown,4,0,unknown,fd-droidify-evidence.json#/rows/195,False,unknown
fd-droidify,da3070f3f18bdbed1eab666677afd39e4b19a60c70f0bfca68a5730147f81f10,direct-framework-reference,,android/graphics/drawable/AnimationDrawable,definition-present,yes-static,3,2,unknown,fd-droidify-evidence.json#/rows/196,False,unknown
fd-droidify,da3070f3f18bdbed1eab666677afd39e4b19a60c70f0bfca68a5730147f81f10,direct-framework-reference,,android/graphics/drawable/BitmapDrawable,definition-present,yes-static,11,3,unknown,fd-droidify-evidence.json#/rows/197,False,unknown
fd-droidify,da3070f3f18bdbed1eab666677afd39e4b19a60c70f0bfca68a5730147f81f10,direct-framework-reference,,android/graphics/drawable/ClipDrawable,definition-present,unknown,1,0,unknown,fd-droidify-evidence.json#/rows/198,False,unknown
fd-droidify,da3070f3f18bdbed1eab666677afd39e4b19a60c70f0bfca68a5730147f81f10,direct-framework-reference,,android/graphics/drawable/ColorDrawable,definition-present,unknown,11,0,unknown,fd-droidify-evidence.json#/rows/199,False,unknown
fd-droidify,da3070f3f18bdbed1eab666677afd39e4b19a60c70f0bfca68a5730147f81f10,direct-framework-reference,,android/graphics/drawable/ColorStateListDrawable,definition-present,unknown,1,0,unknown,fd-droidify-evidence.json#/rows/200,False,unknown
fd-droidify,da3070f3f18bdbed1eab666677afd39e4b19a60c70f0bfca68a5730147f81f10,direct-framework-reference,,android/graphics/drawable/Drawable,definition-present,yes-static,778,62,unknown,fd-droidify-evidence.json#/rows/201,False,unknown
fd-droidify,da3070f3f18bdbed1eab666677afd39e4b19a60c70f0bfca68a5730147f81f10,direct-framework-reference,,android/graphics/drawable/Drawable$Callback,definition-present,yes-static,27,4,unknown,fd-droidify-evidence.json#/rows/202,False,unknown
fd-droidify,da3070f3f18bdbed1eab666677afd39e4b19a60c70f0bfca68a5730147f81f10,direct-framework-reference,,android/graphics/drawable/Drawable$ConstantState,definition-present,yes-static,32,8,unknown,fd-droidify-evidence.json#/rows/203,False,unknown
fd-droidify,da3070f3f18bdbed1eab666677afd39e4b19a60c70f0bfca68a5730147f81f10,direct-framework-reference,,android/graphics/drawable/DrawableWrapper,definition-present,unknown,2,0,unknown,fd-droidify-evidence.json#/rows/204,False,unknown
fd-droidify,da3070f3f18bdbed1eab666677afd39e4b19a60c70f0bfca68a5730147f81f10,direct-framework-reference,,android/graphics/drawable/GradientDrawable,definition-present,unknown,4,0,unknown,fd-droidify-evidence.json#/rows/205,False,unknown
fd-droidify,da3070f3f18bdbed1eab666677afd39e4b19a60c70f0bfca68a5730147f81f10,direct-framework-reference,,android/graphics/drawable/Icon,definition-present,yes-static,12,7,unknown,fd-droidify-evidence.json#/rows/206,False,unknown
fd-droidify,da3070f3f18bdbed1eab666677afd39e4b19a60c70f0bfca68a5730147f81f10,direct-framework-reference,,android/graphics/drawable/InsetDrawable,definition-present,unknown,6,0,unknown,fd-droidify-evidence.json#/rows/207,False,unknown
fd-droidify,da3070f3f18bdbed1eab666677afd39e4b19a60c70f0bfca68a5730147f81f10,direct-framework-reference,,android/graphics/drawable/LayerDrawable,definition-present,yes-static,17,4,unknown,fd-droidify-evidence.json#/rows/208,False,unknown
fd-droidify,da3070f3f18bdbed1eab666677afd39e4b19a60c70f0bfca68a5730147f81f10,direct-framework-reference,,android/graphics/drawable/RippleDrawable,definition-present,unknown,22,0,unknown,fd-droidify-evidence.json#/rows/209,False,unknown
fd-droidify,da3070f3f18bdbed1eab666677afd39e4b19a60c70f0bfca68a5730147f81f10,direct-framework-reference,,android/graphics/drawable/ShapeDrawable,definition-present,unknown,1,0,unknown,fd-droidify-evidence.json#/rows/210,False,unknown
fd-droidify,da3070f3f18bdbed1eab666677afd39e4b19a60c70f0bfca68a5730147f81f10,direct-framework-reference,,android/graphics/drawable/StateListDrawable,definition-present,unknown,6,0,unknown,fd-droidify-evidence.json#/rows/211,False,unknown
fd-droidify,da3070f3f18bdbed1eab666677afd39e4b19a60c70f0bfca68a5730147f81f10,direct-framework-reference,,android/graphics/drawable/VectorDrawable,definition-present,unknown,5,0,unknown,fd-droidify-evidence.json#/rows/212,False,unknown
fd-droidify,da3070f3f18bdbed1eab666677afd39e4b19a60c70f0bfca68a5730147f81f10,direct-framework-reference,,android/graphics/drawable/shapes/RoundRectShape,definition-present,unknown,1,0,unknown,fd-droidify-evidence.json#/rows/213,False,unknown
fd-droidify,da3070f3f18bdbed1eab666677afd39e4b19a60c70f0bfca68a5730147f81f10,direct-framework-reference,,android/graphics/drawable/shapes/Shape,definition-present,unknown,1,0,unknown,fd-droidify-evidence.json#/rows/214,False,unknown
fd-droidify,da3070f3f18bdbed1eab666677afd39e4b19a60c70f0bfca68a5730147f81f10,direct-framework-reference,,android/graphics/fonts/Font,definition-present,yes-static,13,4,unknown,fd-droidify-evidence.json#/rows/215,False,unknown
fd-droidify,da3070f3f18bdbed1eab666677afd39e4b19a60c70f0bfca68a5730147f81f10,direct-framework-reference,,android/graphics/fonts/Font$Builder,definition-present,yes-static,6,2,unknown,fd-droidify-evidence.json#/rows/216,False,unknown
fd-droidify,da3070f3f18bdbed1eab666677afd39e4b19a60c70f0bfca68a5730147f81f10,direct-framework-reference,,android/graphics/fonts/FontFamily,definition-present,yes-static,7,1,unknown,fd-droidify-evidence.json#/rows/217,False,unknown
fd-droidify,da3070f3f18bdbed1eab666677afd39e4b19a60c70f0bfca68a5730147f81f10,direct-framework-reference,,android/graphics/fonts/FontFamily$Builder,definition-present,yes-static,4,1,unknown,fd-droidify-evidence.json#/rows/218,False,unknown
fd-droidify,da3070f3f18bdbed1eab666677afd39e4b19a60c70f0bfca68a5730147f81f10,direct-framework-reference,,android/graphics/fonts/FontStyle,definition-present,unknown,6,0,unknown,fd-droidify-evidence.json#/rows/219,False,unknown
fd-droidify,da3070f3f18bdbed1eab666677afd39e4b19a60c70f0bfca68a5730147f81f10,direct-framework-reference,,android/graphics/fonts/FontVariationAxis,definition-present,yes-static,4,2,unknown,fd-droidify-evidence.json#/rows/220,False,unknown
fd-droidify,da3070f3f18bdbed1eab666677afd39e4b19a60c70f0bfca68a5730147f81f10,direct-framework-reference,,android/graphics/text/LineBreakConfig,definition-present,unknown,1,0,unknown,fd-droidify-evidence.json#/rows/221,False,unknown
fd-droidify,da3070f3f18bdbed1eab666677afd39e4b19a60c70f0bfca68a5730147f81f10,direct-framework-reference,,android/graphics/text/LineBreakConfig$Builder,definition-present,unknown,1,0,unknown,fd-droidify-evidence.json#/rows/222,False,unknown
fd-droidify,da3070f3f18bdbed1eab666677afd39e4b19a60c70f0bfca68a5730147f81f10,direct-framework-reference,,android/graphics/text/MeasuredText,definition-present,unknown,2,0,unknown,fd-droidify-evidence.json#/rows/223,False,unknown
fd-droidify,da3070f3f18bdbed1eab666677afd39e4b19a60c70f0bfca68a5730147f81f10,direct-framework-reference,,android/graphics/text/PositionedGlyphs,definition-present,yes-static,1,1,unknown,fd-droidify-evidence.json#/rows/224,False,unknown
fd-droidify,da3070f3f18bdbed1eab666677afd39e4b19a60c70f0bfca68a5730147f81f10,direct-framework-reference,,android/graphics/text/TextRunShaper,definition-present,yes-static,1,1,unknown,fd-droidify-evidence.json#/rows/225,False,unknown
fd-droidify,da3070f3f18bdbed1eab666677afd39e4b19a60c70f0bfca68a5730147f81f10,direct-framework-reference,,android/hardware/camera2/CameraAccessException,definition-present,unknown,13,0,unknown,fd-droidify-evidence.json#/rows/226,False,unknown
fd-droidify,da3070f3f18bdbed1eab666677afd39e4b19a60c70f0bfca68a5730147f81f10,direct-framework-reference,,android/hardware/camera2/CameraCaptureSession,definition-present,unknown,66,0,unknown,fd-droidify-evidence.json#/rows/227,False,unknown
fd-droidify,da3070f3f18bdbed1eab666677afd39e4b19a60c70f0bfca68a5730147f81f10,direct-framework-reference,,android/hardware/camera2/CameraCaptureSession$CaptureCallback,definition-present,unknown,46,0,unknown,fd-droidify-evidence.json#/rows/228,False,unknown
fd-droidify,da3070f3f18bdbed1eab666677afd39e4b19a60c70f0bfca68a5730147f81f10,direct-framework-reference,,android/hardware/camera2/CameraCaptureSession$StateCallback,definition-present,unknown,31,0,unknown,fd-droidify-evidence.json#/rows/229,False,unknown
fd-droidify,da3070f3f18bdbed1eab666677afd39e4b19a60c70f0bfca68a5730147f81f10,direct-framework-reference,,android/hardware/camera2/CameraCharacteristics,definition-present,unknown,41,0,unknown,fd-droidify-evidence.json#/rows/230,False,unknown
fd-droidify,da3070f3f18bdbed1eab666677afd39e4b19a60c70f0bfca68a5730147f81f10,direct-framework-reference,,android/hardware/camera2/CameraCharacteristics$Key,definition-present,unknown,37,0,unknown,fd-droidify-evidence.json#/rows/231,False,unknown
fd-droidify,da3070f3f18bdbed1eab666677afd39e4b19a60c70f0bfca68a5730147f81f10,direct-framework-reference,,android/hardware/camera2/CameraConstrainedHighSpeedCaptureSession,definition-present,unknown,2,0,unknown,fd-droidify-evidence.json#/rows/232,False,unknown
fd-droidify,da3070f3f18bdbed1eab666677afd39e4b19a60c70f0bfca68a5730147f81f10,direct-framework-reference,,android/hardware/camera2/CameraDevice,definition-present,unknown,34,0,unknown,fd-droidify-evidence.json#/rows/233,False,unknown
fd-droidify,da3070f3f18bdbed1eab666677afd39e4b19a60c70f0bfca68a5730147f81f10,direct-framework-reference,,android/hardware/camera2/CameraDevice$CameraDeviceSetup,definition-absent,unknown,5,0,unresolvable-in-scanned-inputs,fd-droidify-evidence.json#/rows/234,False,unknown
fd-droidify,da3070f3f18bdbed1eab666677afd39e4b19a60c70f0bfca68a5730147f81f10,direct-framework-reference,,android/hardware/camera2/CameraDevice$StateCallback,definition-present,unknown,21,0,unknown,fd-droidify-evidence.json#/rows/235,False,unknown
fd-droidify,da3070f3f18bdbed1eab666677afd39e4b19a60c70f0bfca68a5730147f81f10,direct-framework-reference,,android/hardware/camera2/CameraManager,definition-present,unknown,16,0,unknown,fd-droidify-evidence.json#/rows/236,False,unknown
fd-droidify,da3070f3f18bdbed1eab666677afd39e4b19a60c70f0bfca68a5730147f81f10,direct-framework-reference,,android/hardware/camera2/CameraManager$AvailabilityCallback,definition-present,unknown,14,0,unknown,fd-droidify-evidence.json#/rows/237,False,unknown
fd-droidify,da3070f3f18bdbed1eab666677afd39e4b19a60c70f0bfca68a5730147f81f10,direct-framework-reference,,android/hardware/camera2/CaptureFailure,definition-present,unknown,4,0,unknown,fd-droidify-evidence.json#/rows/238,False,unknown
fd-droidify,da3070f3f18bdbed1eab666677afd39e4b19a60c70f0bfca68a5730147f81f10,direct-framework-reference,,android/hardware/camera2/CaptureRequest,definition-present,unknown,53,0,unknown,fd-droidify-evidence.json#/rows/239,False,unknown
fd-droidify,da3070f3f18bdbed1eab666677afd39e4b19a60c70f0bfca68a5730147f81f10,direct-framework-reference,,android/hardware/camera2/CaptureRequest$Builder,definition-present,unknown,6,0,unknown,fd-droidify-evidence.json#/rows/240,False,unknown
fd-droidify,da3070f3f18bdbed1eab666677afd39e4b19a60c70f0bfca68a5730147f81f10,direct-framework-reference,,android/hardware/camera2/CaptureRequest$Key,definition-present,unknown,37,0,unknown,fd-droidify-evidence.json#/rows/241,False,unknown
fd-droidify,da3070f3f18bdbed1eab666677afd39e4b19a60c70f0bfca68a5730147f81f10,direct-framework-reference,,android/hardware/camera2/CaptureResult,definition-present,unknown,15,0,unknown,fd-droidify-evidence.json#/rows/242,False,unknown
fd-droidify,da3070f3f18bdbed1eab666677afd39e4b19a60c70f0bfca68a5730147f81f10,direct-framework-reference,,android/hardware/camera2/CaptureResult$Key,definition-present,unknown,5,0,unknown,fd-droidify-evidence.json#/rows/243,False,unknown
fd-droidify,da3070f3f18bdbed1eab666677afd39e4b19a60c70f0bfca68a5730147f81f10,direct-framework-reference,,android/hardware/camera2/TotalCaptureResult,definition-present,unknown,7,0,unknown,fd-droidify-evidence.json#/rows/244,False,unknown
fd-droidify,da3070f3f18bdbed1eab666677afd39e4b19a60c70f0bfca68a5730147f81f10,direct-framework-reference,,android/hardware/camera2/params/DynamicRangeProfiles,definition-present,unknown,10,0,unknown,fd-droidify-evidence.json#/rows/245,False,unknown
fd-droidify,da3070f3f18bdbed1eab666677afd39e4b19a60c70f0bfca68a5730147f81f10,direct-framework-reference,,android/hardware/camera2/params/InputConfiguration,definition-present,unknown,20,0,unknown,fd-droidify-evidence.json#/rows/246,False,unknown
fd-droidify,da3070f3f18bdbed1eab666677afd39e4b19a60c70f0bfca68a5730147f81f10,direct-framework-reference,,android/hardware/camera2/params/MeteringRectangle,definition-present,unknown,4,0,unknown,fd-droidify-evidence.json#/rows/247,False,unknown
fd-droidify,da3070f3f18bdbed1eab666677afd39e4b19a60c70f0bfca68a5730147f81f10,direct-framework-reference,,android/hardware/camera2/params/MultiResolutionStreamInfo,definition-present,unknown,1,0,unknown,fd-droidify-evidence.json#/rows/248,False,unknown
fd-droidify,da3070f3f18bdbed1eab666677afd39e4b19a60c70f0bfca68a5730147f81f10,direct-framework-reference,,android/hardware/camera2/params/OutputConfiguration,definition-present,unknown,31,0,unknown,fd-droidify-evidence.json#/rows/249,False,unknown
fd-droidify,da3070f3f18bdbed1eab666677afd39e4b19a60c70f0bfca68a5730147f81f10,direct-framework-reference,,android/hardware/camera2/params/SessionConfiguration,definition-present,unknown,14,0,unknown,fd-droidify-evidence.json#/rows/250,False,unknown
fd-droidify,da3070f3f18bdbed1eab666677afd39e4b19a60c70f0bfca68a5730147f81f10,direct-framework-reference,,android/hardware/camera2/params/StreamConfigurationMap,definition-present,unknown,12,0,unknown,fd-droidify-evidence.json#/rows/251,False,unknown
fd-droidify,da3070f3f18bdbed1eab666677afd39e4b19a60c70f0bfca68a5730147f81f10,direct-framework-reference,,android/hardware/display/DisplayManager,definition-present,unknown,6,0,unknown,fd-droidify-evidence.json#/rows/252,False,unknown
fd-droidify,da3070f3f18bdbed1eab666677afd39e4b19a60c70f0bfca68a5730147f81f10,direct-framework-reference,,android/icu/text/DecimalFormatSymbols,definition-present,yes-static,3,3,unknown,fd-droidify-evidence.json#/rows/253,False,unknown
fd-droidify,da3070f3f18bdbed1eab666677afd39e4b19a60c70f0bfca68a5730147f81f10,direct-framework-reference,,android/inputmethodservice/InputMethodService,definition-present,yes-static,2,1,unknown,fd-droidify-evidence.json#/rows/254,False,unknown
fd-droidify,da3070f3f18bdbed1eab666677afd39e4b19a60c70f0bfca68a5730147f81f10,direct-framework-reference,,android/location/Location,definition-present,yes-static,1,1,unknown,fd-droidify-evidence.json#/rows/255,False,unknown
fd-droidify,da3070f3f18bdbed1eab666677afd39e4b19a60c70f0bfca68a5730147f81f10,direct-framework-reference,,android/location/LocationManager,definition-present,yes-static,2,2,unknown,fd-droidify-evidence.json#/rows/256,False,unknown
fd-droidify,da3070f3f18bdbed1eab666677afd39e4b19a60c70f0bfca68a5730147f81f10,direct-framework-reference,,android/media/AudioAttributes,definition-present,yes-static,2,1,unknown,fd-droidify-evidence.json#/rows/257,False,unknown
fd-droidify,da3070f3f18bdbed1eab666677afd39e4b19a60c70f0bfca68a5730147f81f10,direct-framework-reference,,android/media/AudioManager,definition-present,unknown,1,0,unknown,fd-droidify-evidence.json#/rows/258,False,unknown
fd-droidify,da3070f3f18bdbed1eab666677afd39e4b19a60c70f0bfca68a5730147f81f10,direct-framework-reference,,android/media/CamcorderProfile,definition-present,unknown,5,0,unknown,fd-droidify-evidence.json#/rows/259,False,unknown
fd-droidify,da3070f3f18bdbed1eab666677afd39e4b19a60c70f0bfca68a5730147f81f10,direct-framework-reference,,android/media/Image,definition-present,unknown,11,0,unknown,fd-droidify-evidence.json#/rows/260,False,unknown
fd-droidify,da3070f3f18bdbed1eab666677afd39e4b19a60c70f0bfca68a5730147f81f10,direct-framework-reference,,android/media/Image$Plane,definition-present,unknown,5,0,unknown,fd-droidify-evidence.json#/rows/261,False,unknown
fd-droidify,da3070f3f18bdbed1eab666677afd39e4b19a60c70f0bfca68a5730147f81f10,direct-framework-reference,,android/media/ImageReader,definition-present,unknown,18,0,unknown,fd-droidify-evidence.json#/rows/262,False,unknown
fd-droidify,da3070f3f18bdbed1eab666677afd39e4b19a60c70f0bfca68a5730147f81f10,direct-framework-reference,,android/media/ImageWriter,definition-present,unknown,5,0,unknown,fd-droidify-evidence.json#/rows/263,False,unknown
fd-droidify,da3070f3f18bdbed1eab666677afd39e4b19a60c70f0bfca68a5730147f81f10,direct-framework-reference,,android/media/MediaCodec,definition-present,unknown,4,0,unknown,fd-droidify-evidence.json#/rows/264,False,unknown
fd-droidify,da3070f3f18bdbed1eab666677afd39e4b19a60c70f0bfca68a5730147f81f10,direct-framework-reference,,android/media/MediaDataSource,definition-present,yes-static,2,2,unknown,fd-droidify-evidence.json#/rows/265,False,unknown
fd-droidify,da3070f3f18bdbed1eab666677afd39e4b19a60c70f0bfca68a5730147f81f10,direct-framework-reference,,android/media/MediaDrm,definition-present,yes-static,6,3,unknown,fd-droidify-evidence.json#/rows/266,False,unknown
fd-droidify,da3070f3f18bdbed1eab666677afd39e4b19a60c70f0bfca68a5730147f81f10,direct-framework-reference,,android/media/MediaMetadataRetriever,definition-present,yes-static,7,4,unknown,fd-droidify-evidence.json#/rows/267,False,unknown
fd-droidify,da3070f3f18bdbed1eab666677afd39e4b19a60c70f0bfca68a5730147f81f10,direct-framework-reference,,android/media/MediaRecorder,definition-present,unknown,1,0,unknown,fd-droidify-evidence.json#/rows/268,False,unknown
fd-droidify,da3070f3f18bdbed1eab666677afd39e4b19a60c70f0bfca68a5730147f81f10,direct-framework-reference,,android/net/ConnectivityManager,definition-present,yes-static,20,4,unknown,fd-droidify-evidence.json#/rows/269,False,unknown
fd-droidify,da3070f3f18bdbed1eab666677afd39e4b19a60c70f0bfca68a5730147f81f10,direct-framework-reference,,android/net/ConnectivityManager$NetworkCallback,definition-present,yes-static,11,1,unknown,fd-droidify-evidence.json#/rows/270,False,unknown
fd-droidify,da3070f3f18bdbed1eab666677afd39e4b19a60c70f0bfca68a5730147f81f10,direct-framework-reference,,android/net/Network,definition-present,unknown,6,0,unknown,fd-droidify-evidence.json#/rows/271,False,unknown
fd-droidify,da3070f3f18bdbed1eab666677afd39e4b19a60c70f0bfca68a5730147f81f10,direct-framework-reference,,android/net/NetworkCapabilities,definition-present,unknown,10,0,unknown,fd-droidify-evidence.json#/rows/272,False,unknown
fd-droidify,da3070f3f18bdbed1eab666677afd39e4b19a60c70f0bfca68a5730147f81f10,direct-framework-reference,,android/net/NetworkInfo,definition-present,unknown,2,0,unknown,fd-droidify-evidence.json#/rows/273,False,unknown
fd-droidify,da3070f3f18bdbed1eab666677afd39e4b19a60c70f0bfca68a5730147f81f10,direct-framework-reference,,android/net/NetworkRequest,definition-present,yes-static,16,1,unknown,fd-droidify-evidence.json#/rows/274,False,unknown
fd-droidify,da3070f3f18bdbed1eab666677afd39e4b19a60c70f0bfca68a5730147f81f10,direct-framework-reference,,android/net/NetworkRequest$Builder,definition-present,unknown,2,0,unknown,fd-droidify-evidence.json#/rows/275,False,unknown
fd-droidify,da3070f3f18bdbed1eab666677afd39e4b19a60c70f0bfca68a5730147f81f10,direct-framework-reference,,android/net/Uri,definition-present,yes-static,111,14,unknown,fd-droidify-evidence.json#/rows/276,False,unknown
fd-droidify,da3070f3f18bdbed1eab666677afd39e4b19a60c70f0bfca68a5730147f81f10,direct-framework-reference,,android/net/Uri$Builder,definition-present,yes-static,8,2,unknown,fd-droidify-evidence.json#/rows/277,False,unknown
fd-droidify,da3070f3f18bdbed1eab666677afd39e4b19a60c70f0bfca68a5730147f81f10,direct-framework-reference,,android/net/http/X509TrustManagerExtensions,definition-present,unknown,4,0,unknown,fd-droidify-evidence.json#/rows/278,False,unknown
fd-droidify,da3070f3f18bdbed1eab666677afd39e4b19a60c70f0bfca68a5730147f81f10,direct-framework-reference,,android/net/ssl/SSLSockets,definition-absent,unknown,2,0,unresolvable-in-scanned-inputs,fd-droidify-evidence.json#/rows/279,False,unknown
fd-droidify,da3070f3f18bdbed1eab666677afd39e4b19a60c70f0bfca68a5730147f81f10,direct-framework-reference,,android/opengl/EGL14,definition-present,unknown,13,0,unknown,fd-droidify-evidence.json#/rows/280,False,unknown
fd-droidify,da3070f3f18bdbed1eab666677afd39e4b19a60c70f0bfca68a5730147f81f10,direct-framework-reference,,android/opengl/EGLConfig,definition-present,unknown,5,0,unknown,fd-droidify-evidence.json#/rows/281,False,unknown
fd-droidify,da3070f3f18bdbed1eab666677afd39e4b19a60c70f0bfca68a5730147f81f10,direct-framework-reference,,android/opengl/EGLContext,definition-present,unknown,4,0,unknown,fd-droidify-evidence.json#/rows/282,False,unknown
fd-droidify,da3070f3f18bdbed1eab666677afd39e4b19a60c70f0bfca68a5730147f81f10,direct-framework-reference,,android/opengl/EGLDisplay,definition-present,unknown,11,0,unknown,fd-droidify-evidence.json#/rows/283,False,unknown
fd-droidify,da3070f3f18bdbed1eab666677afd39e4b19a60c70f0bfca68a5730147f81f10,direct-framework-reference,,android/opengl/EGLExt,definition-present,unknown,2,0,unknown,fd-droidify-evidence.json#/rows/284,False,unknown
fd-droidify,da3070f3f18bdbed1eab666677afd39e4b19a60c70f0bfca68a5730147f81f10,direct-framework-reference,,android/opengl/EGLSurface,definition-present,unknown,16,0,unknown,fd-droidify-evidence.json#/rows/285,False,unknown
fd-droidify,da3070f3f18bdbed1eab666677afd39e4b19a60c70f0bfca68a5730147f81f10,direct-framework-reference,,android/opengl/GLES20,definition-present,unknown,16,0,unknown,fd-droidify-evidence.json#/rows/286,False,unknown
fd-droidify,da3070f3f18bdbed1eab666677afd39e4b19a60c70f0bfca68a5730147f81f10,direct-framework-reference,,android/opengl/Matrix,definition-present,unknown,6,0,unknown,fd-droidify-evidence.json#/rows/287,False,unknown
fd-droidify,da3070f3f18bdbed1eab666677afd39e4b19a60c70f0bfca68a5730147f81f10,direct-framework-reference,,android/os/BaseBundle,definition-present,yes-static,77,15,unknown,fd-droidify-evidence.json#/rows/288,False,unknown
fd-droidify,da3070f3f18bdbed1eab666677afd39e4b19a60c70f0bfca68a5730147f81f10,direct-framework-reference,,android/os/Binder,definition-present,yes-static,10,3,unknown,fd-droidify-evidence.json#/rows/289,False,unknown
fd-droidify,da3070f3f18bdbed1eab666677afd39e4b19a60c70f0bfca68a5730147f81f10,direct-framework-reference,,android/os/Build,definition-present,yes-static,31,2,unknown,fd-droidify-evidence.json#/rows/290,False,unknown
fd-droidify,da3070f3f18bdbed1eab666677afd39e4b19a60c70f0bfca68a5730147f81f10,direct-framework-reference,,android/os/Build$VERSION,definition-present,yes-static,486,96,unknown,fd-droidify-evidence.json#/rows/291,False,unknown
fd-droidify,da3070f3f18bdbed1eab666677afd39e4b19a60c70f0bfca68a5730147f81f10,direct-framework-reference,,android/os/Bundle,definition-present,yes-static,198,53,unknown,fd-droidify-evidence.json#/rows/292,False,unknown
fd-droidify,da3070f3f18bdbed1eab666677afd39e4b19a60c70f0bfca68a5730147f81f10,direct-framework-reference,,android/os/CancellationSignal,definition-present,yes-static,32,4,unknown,fd-droidify-evidence.json#/rows/293,False,unknown
fd-droidify,da3070f3f18bdbed1eab666677afd39e4b19a60c70f0bfca68a5730147f81f10,direct-framework-reference,,android/os/Handler,definition-present,yes-static,148,24,unknown,fd-droidify-evidence.json#/rows/294,False,unknown
fd-droidify,da3070f3f18bdbed1eab666677afd39e4b19a60c70f0bfca68a5730147f81f10,direct-framework-reference,,android/os/Handler$Callback,definition-present,yes-static,5,2,unknown,fd-droidify-evidence.json#/rows/295,False,unknown
fd-droidify,da3070f3f18bdbed1eab666677afd39e4b19a60c70f0bfca68a5730147f81f10,direct-framework-reference,,android/os/HandlerThread,definition-present,unknown,7,0,unknown,fd-droidify-evidence.json#/rows/296,False,unknown
fd-droidify,da3070f3f18bdbed1eab666677afd39e4b19a60c70f0bfca68a5730147f81f10,direct-framework-reference,,android/os/IBinder,definition-present,yes-static,55,13,unknown,fd-droidify-evidence.json#/rows/297,False,unknown
fd-droidify,da3070f3f18bdbed1eab666677afd39e4b19a60c70f0bfca68a5730147f81f10,direct-framework-reference,,android/os/IBinder$DeathRecipient,definition-present,yes-static,2,1,unknown,fd-droidify-evidence.json#/rows/298,False,unknown
fd-droidify,da3070f3f18bdbed1eab666677afd39e4b19a60c70f0bfca68a5730147f81f10,direct-framework-reference,,android/os/IInterface,definition-present,yes-static,8,2,unknown,fd-droidify-evidence.json#/rows/299,False,unknown
fd-droidify,da3070f3f18bdbed1eab666677afd39e4b19a60c70f0bfca68a5730147f81f10,direct-framework-reference,,android/os/LocaleList,definition-present,yes-static,35,8,unknown,fd-droidify-evidence.json#/rows/300,False,unknown
fd-droidify,da3070f3f18bdbed1eab666677afd39e4b19a60c70f0bfca68a5730147f81f10,direct-framework-reference,,android/os/Looper,definition-present,yes-static,72,19,unknown,fd-droidify-evidence.json#/rows/301,False,unknown
fd-droidify,da3070f3f18bdbed1eab666677afd39e4b19a60c70f0bfca68a5730147f81f10,direct-framework-reference,,android/os/Message,definition-present,unknown,11,0,unknown,fd-droidify-evidence.json#/rows/302,False,unknown
fd-droidify,da3070f3f18bdbed1eab666677afd39e4b19a60c70f0bfca68a5730147f81f10,direct-framework-reference,,android/os/NetworkOnMainThreadException,definition-present,unknown,1,0,unknown,fd-droidify-evidence.json#/rows/303,False,unknown
fd-droidify,da3070f3f18bdbed1eab666677afd39e4b19a60c70f0bfca68a5730147f81f10,direct-framework-reference,,android/os/OperationCanceledException,definition-present,unknown,1,0,unknown,fd-droidify-evidence.json#/rows/304,False,unknown
fd-droidify,da3070f3f18bdbed1eab666677afd39e4b19a60c70f0bfca68a5730147f81f10,direct-framework-reference,,android/os/Parcel,definition-present,yes-static,130,4,unknown,fd-droidify-evidence.json#/rows/305,False,unknown
fd-droidify,da3070f3f18bdbed1eab666677afd39e4b19a60c70f0bfca68a5730147f81f10,direct-framework-reference,,android/os/ParcelFileDescriptor,definition-present,unknown,11,0,unknown,fd-droidify-evidence.json#/rows/306,False,unknown
fd-droidify,da3070f3f18bdbed1eab666677afd39e4b19a60c70f0bfca68a5730147f81f10,direct-framework-reference,,android/os/ParcelFileDescriptor$AutoCloseInputStream,definition-present,unknown,2,0,unknown,fd-droidify-evidence.json#/rows/307,False,unknown
fd-droidify,da3070f3f18bdbed1eab666677afd39e4b19a60c70f0bfca68a5730147f81f10,direct-framework-reference,,android/os/ParcelFileDescriptor$AutoCloseOutputStream,definition-present,unknown,2,0,unknown,fd-droidify-evidence.json#/rows/308,False,unknown
fd-droidify,da3070f3f18bdbed1eab666677afd39e4b19a60c70f0bfca68a5730147f81f10,direct-framework-reference,,android/os/Parcelable,definition-present,yes-static,103,12,unknown,fd-droidify-evidence.json#/rows/309,False,unknown
fd-droidify,da3070f3f18bdbed1eab666677afd39e4b19a60c70f0bfca68a5730147f81f10,direct-framework-reference,,android/os/Parcelable$Creator,definition-present,yes-static,73,11,unknown,fd-droidify-evidence.json#/rows/310,False,unknown
fd-droidify,da3070f3f18bdbed1eab666677afd39e4b19a60c70f0bfca68a5730147f81f10,direct-framework-reference,,android/os/PersistableBundle,definition-present,unknown,3,0,unknown,fd-droidify-evidence.json#/rows/311,False,unknown
fd-droidify,da3070f3f18bdbed1eab666677afd39e4b19a60c70f0bfca68a5730147f81f10,direct-framework-reference,,android/os/PowerManager,definition-present,yes-static,5,3,unknown,fd-droidify-evidence.json#/rows/312,False,unknown
fd-droidify,da3070f3f18bdbed1eab666677afd39e4b19a60c70f0bfca68a5730147f81f10,direct-framework-reference,,android/os/PowerManager$WakeLock,definition-present,unknown,3,0,unknown,fd-droidify-evidence.json#/rows/313,False,unknown
fd-droidify,da3070f3f18bdbed1eab666677afd39e4b19a60c70f0bfca68a5730147f81f10,direct-framework-reference,,android/os/Process,definition-present,yes-static,10,3,unknown,fd-droidify-evidence.json#/rows/314,False,unknown
fd-droidify,da3070f3f18bdbed1eab666677afd39e4b19a60c70f0bfca68a5730147f81f10,direct-framework-reference,,android/os/RemoteCallbackList,definition-present,unknown,4,0,unknown,fd-droidify-evidence.json#/rows/315,False,unknown
fd-droidify,da3070f3f18bdbed1eab666677afd39e4b19a60c70f0bfca68a5730147f81f10,direct-framework-reference,,android/os/ResultReceiver,definition-present,unknown,1,0,unknown,fd-droidify-evidence.json#/rows/316,False,unknown
fd-droidify,da3070f3f18bdbed1eab666677afd39e4b19a60c70f0bfca68a5730147f81f10,direct-framework-reference,,android/os/StatFs,definition-present,unknown,2,0,unknown,fd-droidify-evidence.json#/rows/317,False,unknown
fd-droidify,da3070f3f18bdbed1eab666677afd39e4b19a60c70f0bfca68a5730147f81f10,direct-framework-reference,,android/os/StrictMode,definition-present,unknown,6,0,unknown,fd-droidify-evidence.json#/rows/318,False,unknown
fd-droidify,da3070f3f18bdbed1eab666677afd39e4b19a60c70f0bfca68a5730147f81f10,direct-framework-reference,,android/os/StrictMode$ThreadPolicy,definition-present,unknown,1,0,unknown,fd-droidify-evidence.json#/rows/319,False,unknown
fd-droidify,da3070f3f18bdbed1eab666677afd39e4b19a60c70f0bfca68a5730147f81f10,direct-framework-reference,,android/os/StrictMode$VmPolicy,definition-present,unknown,1,0,unknown,fd-droidify-evidence.json#/rows/320,False,unknown
fd-droidify,da3070f3f18bdbed1eab666677afd39e4b19a60c70f0bfca68a5730147f81f10,direct-framework-reference,,android/os/SystemClock,definition-present,yes-static,38,5,unknown,fd-droidify-evidence.json#/rows/321,False,unknown
fd-droidify,da3070f3f18bdbed1eab666677afd39e4b19a60c70f0bfca68a5730147f81f10,direct-framework-reference,,android/os/Trace,definition-present,yes-static,60,12,unknown,fd-droidify-evidence.json#/rows/322,False,unknown
fd-droidify,da3070f3f18bdbed1eab666677afd39e4b19a60c70f0bfca68a5730147f81f10,direct-framework-reference,,android/os/UserHandle,definition-present,unknown,1,0,unknown,fd-droidify-evidence.json#/rows/323,False,unknown
fd-droidify,da3070f3f18bdbed1eab666677afd39e4b19a60c70f0bfca68a5730147f81f10,direct-framework-reference,,android/os/UserManager,definition-present,unknown,1,0,unknown,fd-droidify-evidence.json#/rows/324,False,unknown
fd-droidify,da3070f3f18bdbed1eab666677afd39e4b19a60c70f0bfca68a5730147f81f10,direct-framework-reference,,android/provider/MediaStore$Images$Media,definition-present,unknown,1,0,unknown,fd-droidify-evidence.json#/rows/325,False,unknown
fd-droidify,da3070f3f18bdbed1eab666677afd39e4b19a60c70f0bfca68a5730147f81f10,direct-framework-reference,,android/provider/Settings$Global,definition-present,yes-static,8,1,unknown,fd-droidify-evidence.json#/rows/326,False,unknown
fd-droidify,da3070f3f18bdbed1eab666677afd39e4b19a60c70f0bfca68a5730147f81f10,direct-framework-reference,,android/security/NetworkSecurityPolicy,definition-present,unknown,2,0,unknown,fd-droidify-evidence.json#/rows/327,False,unknown
fd-droidify,da3070f3f18bdbed1eab666677afd39e4b19a60c70f0bfca68a5730147f81f10,direct-framework-reference,,android/system/Os,definition-present,yes-static,5,1,unknown,fd-droidify-evidence.json#/rows/328,False,unknown
fd-droidify,da3070f3f18bdbed1eab666677afd39e4b19a60c70f0bfca68a5730147f81f10,direct-framework-reference,,android/system/OsConstants,definition-present,yes-static,3,1,unknown,fd-droidify-evidence.json#/rows/329,False,unknown
fd-droidify,da3070f3f18bdbed1eab666677afd39e4b19a60c70f0bfca68a5730147f81f10,direct-framework-reference,,android/system/StructStat,definition-present,unknown,3,0,unknown,fd-droidify-evidence.json#/rows/330,False,unknown
fd-droidify,da3070f3f18bdbed1eab666677afd39e4b19a60c70f0bfca68a5730147f81f10,direct-framework-reference,,android/text/Annotation,definition-present,unknown,2,0,unknown,fd-droidify-evidence.json#/rows/331,False,unknown
fd-droidify,da3070f3f18bdbed1eab666677afd39e4b19a60c70f0bfca68a5730147f81f10,direct-framework-reference,,android/text/BoringLayout,definition-present,unknown,5,0,unknown,fd-droidify-evidence.json#/rows/332,False,unknown
fd-droidify,da3070f3f18bdbed1eab666677afd39e4b19a60c70f0bfca68a5730147f81f10,direct-framework-reference,,android/text/BoringLayout$Metrics,definition-present,unknown,5,0,unknown,fd-droidify-evidence.json#/rows/333,False,unknown
fd-droidify,da3070f3f18bdbed1eab666677afd39e4b19a60c70f0bfca68a5730147f81f10,direct-framework-reference,,android/text/Editable,definition-present,yes-static,38,2,unknown,fd-droidify-evidence.json#/rows/334,False,unknown
fd-droidify,da3070f3f18bdbed1eab666677afd39e4b19a60c70f0bfca68a5730147f81f10,direct-framework-reference,,android/text/Editable$Factory,definition-present,unknown,2,0,unknown,fd-droidify-evidence.json#/rows/335,False,unknown
fd-droidify,da3070f3f18bdbed1eab666677afd39e4b19a60c70f0bfca68a5730147f81f10,direct-framework-reference,,android/text/GraphemeClusterSegmentFinder,definition-present,unknown,1,0,unknown,fd-droidify-evidence.json#/rows/336,False,unknown
fd-droidify,da3070f3f18bdbed1eab666677afd39e4b19a60c70f0bfca68a5730147f81f10,direct-framework-reference,,android/text/Html,definition-present,unknown,2,0,unknown,fd-droidify-evidence.json#/rows/337,False,unknown
fd-droidify,da3070f3f18bdbed1eab666677afd39e4b19a60c70f0bfca68a5730147f81f10,direct-framework-reference,,android/text/InputFilter,definition-present,unknown,9,0,unknown,fd-droidify-evidence.json#/rows/338,False,unknown
fd-droidify,da3070f3f18bdbed1eab666677afd39e4b19a60c70f0bfca68a5730147f81f10,direct-framework-reference,,android/text/Layout,definition-present,yes-static,53,11,unknown,fd-droidify-evidence.json#/rows/339,False,unknown
fd-droidify,da3070f3f18bdbed1eab666677afd39e4b19a60c70f0bfca68a5730147f81f10,direct-framework-reference,,android/text/Layout$Alignment,definition-present,yes-static,18,2,unknown,fd-droidify-evidence.json#/rows/340,False,unknown
fd-droidify,da3070f3f18bdbed1eab666677afd39e4b19a60c70f0bfca68a5730147f81f10,direct-framework-reference,,android/text/Layout$TextInclusionStrategy,definition-present,unknown,1,0,unknown,fd-droidify-evidence.json#/rows/341,False,unknown
fd-droidify,da3070f3f18bdbed1eab666677afd39e4b19a60c70f0bfca68a5730147f81f10,direct-framework-reference,,android/text/PrecomputedText$Params,definition-present,yes-static,4,4,unknown,fd-droidify-evidence.json#/rows/342,False,unknown
fd-droidify,da3070f3f18bdbed1eab666677afd39e4b19a60c70f0bfca68a5730147f81f10,direct-framework-reference,,android/text/PrecomputedText$Params$Builder,definition-present,yes-static,1,1,unknown,fd-droidify-evidence.json#/rows/343,False,unknown
fd-droidify,da3070f3f18bdbed1eab666677afd39e4b19a60c70f0bfca68a5730147f81f10,direct-framework-reference,,android/text/SegmentFinder,definition-present,unknown,2,0,unknown,fd-droidify-evidence.json#/rows/344,False,unknown
fd-droidify,da3070f3f18bdbed1eab666677afd39e4b19a60c70f0bfca68a5730147f81f10,direct-framework-reference,,android/text/Selection,definition-present,unknown,5,0,unknown,fd-droidify-evidence.json#/rows/345,False,unknown
fd-droidify,da3070f3f18bdbed1eab666677afd39e4b19a60c70f0bfca68a5730147f81f10,direct-framework-reference,,android/text/SpanWatcher,definition-present,unknown,3,0,unknown,fd-droidify-evidence.json#/rows/346,False,unknown
fd-droidify,da3070f3f18bdbed1eab666677afd39e4b19a60c70f0bfca68a5730147f81f10,direct-framework-reference,,android/text/Spannable,definition-present,unknown,15,0,unknown,fd-droidify-evidence.json#/rows/347,False,unknown
fd-droidify,da3070f3f18bdbed1eab666677afd39e4b19a60c70f0bfca68a5730147f81f10,direct-framework-reference,,android/text/SpannableString,definition-present,unknown,8,0,unknown,fd-droidify-evidence.json#/rows/348,False,unknown
fd-droidify,da3070f3f18bdbed1eab666677afd39e4b19a60c70f0bfca68a5730147f81f10,direct-framework-reference,,android/text/SpannableStringBuilder,definition-present,yes-static,38,2,unknown,fd-droidify-evidence.json#/rows/349,False,unknown
fd-droidify,da3070f3f18bdbed1eab666677afd39e4b19a60c70f0bfca68a5730147f81f10,direct-framework-reference,,android/text/Spanned,definition-present,unknown,15,0,unknown,fd-droidify-evidence.json#/rows/350,False,unknown
fd-droidify,da3070f3f18bdbed1eab666677afd39e4b19a60c70f0bfca68a5730147f81f10,direct-framework-reference,,android/text/SpannedString,definition-present,unknown,2,0,unknown,fd-droidify-evidence.json#/rows/351,False,unknown
fd-droidify,da3070f3f18bdbed1eab666677afd39e4b19a60c70f0bfca68a5730147f81f10,direct-framework-reference,,android/text/StaticLayout,definition-present,yes-static,13,2,unknown,fd-droidify-evidence.json#/rows/352,False,unknown
fd-droidify,da3070f3f18bdbed1eab666677afd39e4b19a60c70f0bfca68a5730147f81f10,direct-framework-reference,,android/text/StaticLayout$Builder,definition-present,yes-static,9,1,unknown,fd-droidify-evidence.json#/rows/353,False,unknown
fd-droidify,da3070f3f18bdbed1eab666677afd39e4b19a60c70f0bfca68a5730147f81f10,direct-framework-reference,,android/text/TextDirectionHeuristic,definition-present,yes-static,14,3,unknown,fd-droidify-evidence.json#/rows/354,False,unknown
fd-droidify,da3070f3f18bdbed1eab666677afd39e4b19a60c70f0bfca68a5730147f81f10,direct-framework-reference,,android/text/TextDirectionHeuristics,definition-present,yes-static,6,1,unknown,fd-droidify-evidence.json#/rows/355,False,unknown
fd-droidify,da3070f3f18bdbed1eab666677afd39e4b19a60c70f0bfca68a5730147f81f10,direct-framework-reference,,android/text/TextPaint,definition-present,yes-static,64,9,unknown,fd-droidify-evidence.json#/rows/356,False,unknown
fd-droidify,da3070f3f18bdbed1eab666677afd39e4b19a60c70f0bfca68a5730147f81f10,direct-framework-reference,,android/text/TextUtils,definition-present,yes-static,98,16,unknown,fd-droidify-evidence.json#/rows/357,False,unknown
fd-droidify,da3070f3f18bdbed1eab666677afd39e4b19a60c70f0bfca68a5730147f81f10,direct-framework-reference,,android/text/TextUtils$TruncateAt,definition-present,yes-static,14,2,unknown,fd-droidify-evidence.json#/rows/358,False,unknown
fd-droidify,da3070f3f18bdbed1eab666677afd39e4b19a60c70f0bfca68a5730147f81f10,direct-framework-reference,,android/text/TextWatcher,definition-present,unknown,3,0,unknown,fd-droidify-evidence.json#/rows/359,False,unknown
fd-droidify,da3070f3f18bdbed1eab666677afd39e4b19a60c70f0bfca68a5730147f81f10,direct-framework-reference,,android/text/format/DateUtils,definition-present,unknown,1,0,unknown,fd-droidify-evidence.json#/rows/360,False,unknown
fd-droidify,da3070f3f18bdbed1eab666677afd39e4b19a60c70f0bfca68a5730147f81f10,direct-framework-reference,,android/text/method/KeyListener,definition-present,unknown,12,0,unknown,fd-droidify-evidence.json#/rows/361,False,unknown
fd-droidify,da3070f3f18bdbed1eab666677afd39e4b19a60c70f0bfca68a5730147f81f10,direct-framework-reference,,android/text/method/LinkMovementMethod,definition-present,unknown,1,0,unknown,fd-droidify-evidence.json#/rows/362,False,unknown
fd-droidify,da3070f3f18bdbed1eab666677afd39e4b19a60c70f0bfca68a5730147f81f10,direct-framework-reference,,android/text/method/MetaKeyKeyListener,definition-present,unknown,1,0,unknown,fd-droidify-evidence.json#/rows/363,False,unknown
fd-droidify,da3070f3f18bdbed1eab666677afd39e4b19a60c70f0bfca68a5730147f81f10,direct-framework-reference,,android/text/method/MovementMethod,definition-present,unknown,1,0,unknown,fd-droidify-evidence.json#/rows/364,False,unknown
fd-droidify,da3070f3f18bdbed1eab666677afd39e4b19a60c70f0bfca68a5730147f81f10,direct-framework-reference,,android/text/method/NumberKeyListener,definition-present,unknown,4,0,unknown,fd-droidify-evidence.json#/rows/365,False,unknown
fd-droidify,da3070f3f18bdbed1eab666677afd39e4b19a60c70f0bfca68a5730147f81f10,direct-framework-reference,,android/text/method/PasswordTransformationMethod,definition-present,yes-static,7,2,unknown,fd-droidify-evidence.json#/rows/366,False,unknown
fd-droidify,da3070f3f18bdbed1eab666677afd39e4b19a60c70f0bfca68a5730147f81f10,direct-framework-reference,,android/text/method/TransformationMethod,definition-present,yes-static,16,3,unknown,fd-droidify-evidence.json#/rows/367,False,unknown
fd-droidify,da3070f3f18bdbed1eab666677afd39e4b19a60c70f0bfca68a5730147f81f10,direct-framework-reference,,android/text/style/AbsoluteSizeSpan,definition-present,unknown,1,0,unknown,fd-droidify-evidence.json#/rows/368,False,unknown
fd-droidify,da3070f3f18bdbed1eab666677afd39e4b19a60c70f0bfca68a5730147f81f10,direct-framework-reference,,android/text/style/BackgroundColorSpan,definition-present,unknown,2,0,unknown,fd-droidify-evidence.json#/rows/369,False,unknown
fd-droidify,da3070f3f18bdbed1eab666677afd39e4b19a60c70f0bfca68a5730147f81f10,direct-framework-reference,,android/text/style/BulletSpan,definition-present,yes-static,2,1,unknown,fd-droidify-evidence.json#/rows/370,False,unknown
fd-droidify,da3070f3f18bdbed1eab666677afd39e4b19a60c70f0bfca68a5730147f81f10,direct-framework-reference,,android/text/style/CharacterStyle,definition-present,unknown,6,0,unknown,fd-droidify-evidence.json#/rows/371,False,unknown
fd-droidify,da3070f3f18bdbed1eab666677afd39e4b19a60c70f0bfca68a5730147f81f10,direct-framework-reference,,android/text/style/ClickableSpan,definition-present,unknown,6,0,unknown,fd-droidify-evidence.json#/rows/372,False,unknown
fd-droidify,da3070f3f18bdbed1eab666677afd39e4b19a60c70f0bfca68a5730147f81f10,direct-framework-reference,,android/text/style/ForegroundColorSpan,definition-present,unknown,2,0,unknown,fd-droidify-evidence.json#/rows/373,False,unknown
fd-droidify,da3070f3f18bdbed1eab666677afd39e4b19a60c70f0bfca68a5730147f81f10,direct-framework-reference,,android/text/style/ImageSpan,definition-present,unknown,1,0,unknown,fd-droidify-evidence.json#/rows/374,False,unknown
fd-droidify,da3070f3f18bdbed1eab666677afd39e4b19a60c70f0bfca68a5730147f81f10,direct-framework-reference,,android/text/style/LeadingMarginSpan$Standard,definition-present,unknown,1,0,unknown,fd-droidify-evidence.json#/rows/375,False,unknown
fd-droidify,da3070f3f18bdbed1eab666677afd39e4b19a60c70f0bfca68a5730147f81f10,direct-framework-reference,,android/text/style/LocaleSpan,definition-present,unknown,2,0,unknown,fd-droidify-evidence.json#/rows/376,False,unknown
fd-droidify,da3070f3f18bdbed1eab666677afd39e4b19a60c70f0bfca68a5730147f81f10,direct-framework-reference,,android/text/style/MetricAffectingSpan,definition-present,unknown,6,0,unknown,fd-droidify-evidence.json#/rows/377,False,unknown
fd-droidify,da3070f3f18bdbed1eab666677afd39e4b19a60c70f0bfca68a5730147f81f10,direct-framework-reference,,android/text/style/RelativeSizeSpan,definition-present,unknown,2,0,unknown,fd-droidify-evidence.json#/rows/378,False,unknown
fd-droidify,da3070f3f18bdbed1eab666677afd39e4b19a60c70f0bfca68a5730147f81f10,direct-framework-reference,,android/text/style/ReplacementSpan,definition-present,unknown,1,0,unknown,fd-droidify-evidence.json#/rows/379,False,unknown
fd-droidify,da3070f3f18bdbed1eab666677afd39e4b19a60c70f0bfca68a5730147f81f10,direct-framework-reference,,android/text/style/ScaleXSpan,definition-present,unknown,2,0,unknown,fd-droidify-evidence.json#/rows/380,False,unknown
fd-droidify,da3070f3f18bdbed1eab666677afd39e4b19a60c70f0bfca68a5730147f81f10,direct-framework-reference,,android/text/style/StrikethroughSpan,definition-present,unknown,1,0,unknown,fd-droidify-evidence.json#/rows/381,False,unknown
fd-droidify,da3070f3f18bdbed1eab666677afd39e4b19a60c70f0bfca68a5730147f81f10,direct-framework-reference,,android/text/style/StyleSpan,definition-present,unknown,3,0,unknown,fd-droidify-evidence.json#/rows/382,False,unknown
fd-droidify,da3070f3f18bdbed1eab666677afd39e4b19a60c70f0bfca68a5730147f81f10,direct-framework-reference,,android/text/style/TextAppearanceSpan,definition-present,unknown,1,0,unknown,fd-droidify-evidence.json#/rows/383,False,unknown
fd-droidify,da3070f3f18bdbed1eab666677afd39e4b19a60c70f0bfca68a5730147f81f10,direct-framework-reference,,android/text/style/TtsSpan,definition-present,unknown,1,0,unknown,fd-droidify-evidence.json#/rows/384,False,unknown
fd-droidify,da3070f3f18bdbed1eab666677afd39e4b19a60c70f0bfca68a5730147f81f10,direct-framework-reference,,android/text/style/TtsSpan$Builder,definition-present,unknown,1,0,unknown,fd-droidify-evidence.json#/rows/385,False,unknown
fd-droidify,da3070f3f18bdbed1eab666677afd39e4b19a60c70f0bfca68a5730147f81f10,direct-framework-reference,,android/text/style/TtsSpan$VerbatimBuilder,definition-present,unknown,1,0,unknown,fd-droidify-evidence.json#/rows/386,False,unknown
fd-droidify,da3070f3f18bdbed1eab666677afd39e4b19a60c70f0bfca68a5730147f81f10,direct-framework-reference,,android/text/style/TypefaceSpan,definition-present,unknown,2,0,unknown,fd-droidify-evidence.json#/rows/387,False,unknown
fd-droidify,da3070f3f18bdbed1eab666677afd39e4b19a60c70f0bfca68a5730147f81f10,direct-framework-reference,,android/text/style/URLSpan,definition-present,unknown,2,0,unknown,fd-droidify-evidence.json#/rows/388,False,unknown
fd-droidify,da3070f3f18bdbed1eab666677afd39e4b19a60c70f0bfca68a5730147f81f10,direct-framework-reference,,android/text/style/UnderlineSpan,definition-present,unknown,1,0,unknown,fd-droidify-evidence.json#/rows/389,False,unknown
fd-droidify,da3070f3f18bdbed1eab666677afd39e4b19a60c70f0bfca68a5730147f81f10,direct-framework-reference,,android/text/util/Linkify,definition-present,unknown,1,0,unknown,fd-droidify-evidence.json#/rows/390,False,unknown
fd-droidify,da3070f3f18bdbed1eab666677afd39e4b19a60c70f0bfca68a5730147f81f10,direct-framework-reference,,android/text/util/Linkify$MatchFilter,definition-present,unknown,2,0,unknown,fd-droidify-evidence.json#/rows/391,False,unknown
fd-droidify,da3070f3f18bdbed1eab666677afd39e4b19a60c70f0bfca68a5730147f81f10,direct-framework-reference,,android/transition/Transition,definition-present,unknown,4,0,unknown,fd-droidify-evidence.json#/rows/392,False,unknown
fd-droidify,da3070f3f18bdbed1eab666677afd39e4b19a60c70f0bfca68a5730147f81f10,direct-framework-reference,,android/util/AndroidRuntimeException,definition-present,yes-static,11,9,unknown,fd-droidify-evidence.json#/rows/393,False,unknown
fd-droidify,da3070f3f18bdbed1eab666677afd39e4b19a60c70f0bfca68a5730147f81f10,direct-framework-reference,,android/util/ArrayMap,definition-present,unknown,27,0,unknown,fd-droidify-evidence.json#/rows/394,False,unknown
fd-droidify,da3070f3f18bdbed1eab666677afd39e4b19a60c70f0bfca68a5730147f81f10,direct-framework-reference,,android/util/ArraySet,definition-present,unknown,1,0,unknown,fd-droidify-evidence.json#/rows/395,False,unknown
fd-droidify,da3070f3f18bdbed1eab666677afd39e4b19a60c70f0bfca68a5730147f81f10,direct-framework-reference,,android/util/AttributeSet,definition-present,yes-static,237,36,unknown,fd-droidify-evidence.json#/rows/396,False,unknown
fd-droidify,da3070f3f18bdbed1eab666677afd39e4b19a60c70f0bfca68a5730147f81f10,direct-framework-reference,,android/util/Base64,definition-present,yes-static,6,1,unknown,fd-droidify-evidence.json#/rows/397,False,unknown
fd-droidify,da3070f3f18bdbed1eab666677afd39e4b19a60c70f0bfca68a5730147f81f10,direct-framework-reference,,android/util/CloseGuard,definition-present,unknown,2,0,unknown,fd-droidify-evidence.json#/rows/398,False,unknown
fd-droidify,da3070f3f18bdbed1eab666677afd39e4b19a60c70f0bfca68a5730147f81f10,direct-framework-reference,,android/util/DisplayMetrics,definition-present,yes-static,65,10,unknown,fd-droidify-evidence.json#/rows/399,False,unknown
fd-droidify,da3070f3f18bdbed1eab666677afd39e4b19a60c70f0bfca68a5730147f81f10,direct-framework-reference,,android/util/Log,definition-present,yes-static,358,124,unknown,fd-droidify-evidence.json#/rows/400,False,unknown
fd-droidify,da3070f3f18bdbed1eab666677afd39e4b19a60c70f0bfca68a5730147f81f10,direct-framework-reference,,android/util/LongSparseArray,definition-present,yes-static,9,1,unknown,fd-droidify-evidence.json#/rows/401,False,unknown
fd-droidify,da3070f3f18bdbed1eab666677afd39e4b19a60c70f0bfca68a5730147f81f10,direct-framework-reference,,android/util/Pair,definition-present,unknown,21,0,unknown,fd-droidify-evidence.json#/rows/402,False,unknown
fd-droidify,da3070f3f18bdbed1eab666677afd39e4b19a60c70f0bfca68a5730147f81f10,direct-framework-reference,,android/util/Property,definition-present,unknown,17,0,unknown,fd-droidify-evidence.json#/rows/403,False,unknown
fd-droidify,da3070f3f18bdbed1eab666677afd39e4b19a60c70f0bfca68a5730147f81f10,direct-framework-reference,,android/util/Range,definition-present,unknown,63,0,unknown,fd-droidify-evidence.json#/rows/404,False,unknown
fd-droidify,da3070f3f18bdbed1eab666677afd39e4b19a60c70f0bfca68a5730147f81f10,direct-framework-reference,,android/util/Rational,definition-present,unknown,33,0,unknown,fd-droidify-evidence.json#/rows/405,False,unknown
fd-droidify,da3070f3f18bdbed1eab666677afd39e4b19a60c70f0bfca68a5730147f81f10,direct-framework-reference,,android/util/Size,definition-present,yes-static,182,2,unknown,fd-droidify-evidence.json#/rows/406,False,unknown
fd-droidify,da3070f3f18bdbed1eab666677afd39e4b19a60c70f0bfca68a5730147f81f10,direct-framework-reference,,android/util/SizeF,definition-present,yes-static,3,2,unknown,fd-droidify-evidence.json#/rows/407,False,unknown
fd-droidify,da3070f3f18bdbed1eab666677afd39e4b19a60c70f0bfca68a5730147f81f10,direct-framework-reference,,android/util/SparseArray,definition-present,yes-static,68,14,unknown,fd-droidify-evidence.json#/rows/408,False,unknown
fd-droidify,da3070f3f18bdbed1eab666677afd39e4b19a60c70f0bfca68a5730147f81f10,direct-framework-reference,,android/util/SparseBooleanArray,definition-present,yes-static,11,1,unknown,fd-droidify-evidence.json#/rows/409,False,unknown
fd-droidify,da3070f3f18bdbed1eab666677afd39e4b19a60c70f0bfca68a5730147f81f10,direct-framework-reference,,android/util/SparseIntArray,definition-present,yes-static,29,1,unknown,fd-droidify-evidence.json#/rows/410,False,unknown
fd-droidify,da3070f3f18bdbed1eab666677afd39e4b19a60c70f0bfca68a5730147f81f10,direct-framework-reference,,android/util/SparseLongArray,definition-present,yes-static,9,1,unknown,fd-droidify-evidence.json#/rows/411,False,unknown
fd-droidify,da3070f3f18bdbed1eab666677afd39e4b19a60c70f0bfca68a5730147f81f10,direct-framework-reference,,android/util/StateSet,definition-present,yes-static,7,4,unknown,fd-droidify-evidence.json#/rows/412,False,unknown
fd-droidify,da3070f3f18bdbed1eab666677afd39e4b19a60c70f0bfca68a5730147f81f10,direct-framework-reference,,android/util/TypedValue,definition-present,yes-static,70,24,unknown,fd-droidify-evidence.json#/rows/413,False,unknown
fd-droidify,da3070f3f18bdbed1eab666677afd39e4b19a60c70f0bfca68a5730147f81f10,direct-framework-reference,,android/util/Xml,definition-present,yes-static,21,6,unknown,fd-droidify-evidence.json#/rows/414,False,unknown
fd-droidify,da3070f3f18bdbed1eab666677afd39e4b19a60c70f0bfca68a5730147f81f10,direct-framework-reference,,android/view/AbsSavedState,definition-present,unknown,10,0,unknown,fd-droidify-evidence.json#/rows/415,False,unknown
fd-droidify,da3070f3f18bdbed1eab666677afd39e4b19a60c70f0bfca68a5730147f81f10,direct-framework-reference,,android/view/ActionMode,definition-present,yes-static,19,2,unknown,fd-droidify-evidence.json#/rows/416,False,unknown
fd-droidify,da3070f3f18bdbed1eab666677afd39e4b19a60c70f0bfca68a5730147f81f10,direct-framework-reference,,android/view/ActionMode$Callback,definition-present,yes-static,28,1,unknown,fd-droidify-evidence.json#/rows/417,False,unknown
fd-droidify,da3070f3f18bdbed1eab666677afd39e4b19a60c70f0bfca68a5730147f81f10,direct-framework-reference,,android/view/ActionMode$Callback2,definition-present,unknown,1,0,unknown,fd-droidify-evidence.json#/rows/418,False,unknown
fd-droidify,da3070f3f18bdbed1eab666677afd39e4b19a60c70f0bfca68a5730147f81f10,direct-framework-reference,,android/view/ActionProvider,definition-present,unknown,9,0,unknown,fd-droidify-evidence.json#/rows/419,False,unknown
fd-droidify,da3070f3f18bdbed1eab666677afd39e4b19a60c70f0bfca68a5730147f81f10,direct-framework-reference,,android/view/Choreographer,definition-present,yes-static,17,4,unknown,fd-droidify-evidence.json#/rows/420,False,unknown
fd-droidify,da3070f3f18bdbed1eab666677afd39e4b19a60c70f0bfca68a5730147f81f10,direct-framework-reference,,android/view/Choreographer$FrameCallback,definition-present,yes-static,10,1,unknown,fd-droidify-evidence.json#/rows/421,False,unknown
fd-droidify,da3070f3f18bdbed1eab666677afd39e4b19a60c70f0bfca68a5730147f81f10,direct-framework-reference,,android/view/CollapsibleActionView,definition-present,unknown,6,0,unknown,fd-droidify-evidence.json#/rows/422,False,unknown
fd-droidify,da3070f3f18bdbed1eab666677afd39e4b19a60c70f0bfca68a5730147f81f10,direct-framework-reference,,android/view/ContentInfo,definition-present,unknown,7,0,unknown,fd-droidify-evidence.json#/rows/423,False,unknown
fd-droidify,da3070f3f18bdbed1eab666677afd39e4b19a60c70f0bfca68a5730147f81f10,direct-framework-reference,,android/view/ContentInfo$Builder,definition-present,unknown,6,0,unknown,fd-droidify-evidence.json#/rows/424,False,unknown
fd-droidify,da3070f3f18bdbed1eab666677afd39e4b19a60c70f0bfca68a5730147f81f10,direct-framework-reference,,android/view/ContextMenu,definition-present,unknown,1,0,unknown,fd-droidify-evidence.json#/rows/425,False,unknown
fd-droidify,da3070f3f18bdbed1eab666677afd39e4b19a60c70f0bfca68a5730147f81f10,direct-framework-reference,,android/view/ContextMenu$ContextMenuInfo,definition-present,unknown,2,0,unknown,fd-droidify-evidence.json#/rows/426,False,unknown
fd-droidify,da3070f3f18bdbed1eab666677afd39e4b19a60c70f0bfca68a5730147f81f10,direct-framework-reference,,android/view/ContextThemeWrapper,definition-present,yes-static,20,2,unknown,fd-droidify-evidence.json#/rows/427,False,unknown
fd-droidify,da3070f3f18bdbed1eab666677afd39e4b19a60c70f0bfca68a5730147f81f10,direct-framework-reference,,android/view/Display,definition-present,unknown,16,0,unknown,fd-droidify-evidence.json#/rows/428,False,unknown
fd-droidify,da3070f3f18bdbed1eab666677afd39e4b19a60c70f0bfca68a5730147f81f10,direct-framework-reference,,android/view/DisplayCutout,definition-present,unknown,22,0,unknown,fd-droidify-evidence.json#/rows/429,False,unknown
fd-droidify,da3070f3f18bdbed1eab666677afd39e4b19a60c70f0bfca68a5730147f81f10,direct-framework-reference,,android/view/DisplayListCanvas,definition-absent,unknown,2,0,unresolvable-in-scanned-inputs,fd-droidify-evidence.json#/rows/430,False,unknown
fd-droidify,da3070f3f18bdbed1eab666677afd39e4b19a60c70f0bfca68a5730147f81f10,direct-framework-reference,,android/view/DragAndDropPermissions,definition-present,unknown,2,0,unknown,fd-droidify-evidence.json#/rows/431,False,unknown
fd-droidify,da3070f3f18bdbed1eab666677afd39e4b19a60c70f0bfca68a5730147f81f10,direct-framework-reference,,android/view/DragEvent,definition-present,unknown,5,0,unknown,fd-droidify-evidence.json#/rows/432,False,unknown
fd-droidify,da3070f3f18bdbed1eab666677afd39e4b19a60c70f0bfca68a5730147f81f10,direct-framework-reference,,android/view/FocusFinder,definition-present,unknown,7,0,unknown,fd-droidify-evidence.json#/rows/433,False,unknown
fd-droidify,da3070f3f18bdbed1eab666677afd39e4b19a60c70f0bfca68a5730147f81f10,direct-framework-reference,,android/view/GestureDetector,definition-present,yes-static,8,1,unknown,fd-droidify-evidence.json#/rows/434,False,unknown
fd-droidify,da3070f3f18bdbed1eab666677afd39e4b19a60c70f0bfca68a5730147f81f10,direct-framework-reference,,android/view/GestureDetector$OnGestureListener,definition-present,yes-static,4,1,unknown,fd-droidify-evidence.json#/rows/435,False,unknown
fd-droidify,da3070f3f18bdbed1eab666677afd39e4b19a60c70f0bfca68a5730147f81f10,direct-framework-reference,,android/view/GestureDetector$SimpleOnGestureListener,definition-present,unknown,5,0,unknown,fd-droidify-evidence.json#/rows/436,False,unknown
fd-droidify,da3070f3f18bdbed1eab666677afd39e4b19a60c70f0bfca68a5730147f81f10,direct-framework-reference,,android/view/Gravity,definition-present,unknown,18,0,unknown,fd-droidify-evidence.json#/rows/437,False,unknown
fd-droidify,da3070f3f18bdbed1eab666677afd39e4b19a60c70f0bfca68a5730147f81f10,direct-framework-reference,,android/view/InflateException,definition-present,yes-static,4,2,unknown,fd-droidify-evidence.json#/rows/438,False,unknown
fd-droidify,da3070f3f18bdbed1eab666677afd39e4b19a60c70f0bfca68a5730147f81f10,direct-framework-reference,,android/view/InputDevice,definition-present,unknown,3,0,unknown,fd-droidify-evidence.json#/rows/439,False,unknown
fd-droidify,da3070f3f18bdbed1eab666677afd39e4b19a60c70f0bfca68a5730147f81f10,direct-framework-reference,,android/view/InputDevice$MotionRange,definition-present,unknown,2,0,unknown,fd-droidify-evidence.json#/rows/440,False,unknown
fd-droidify,da3070f3f18bdbed1eab666677afd39e4b19a60c70f0bfca68a5730147f81f10,direct-framework-reference,,android/view/InputEvent,definition-present,unknown,7,0,unknown,fd-droidify-evidence.json#/rows/441,False,unknown
fd-droidify,da3070f3f18bdbed1eab666677afd39e4b19a60c70f0bfca68a5730147f81f10,direct-framework-reference,,android/view/KeyCharacterMap,definition-present,unknown,3,0,unknown,fd-droidify-evidence.json#/rows/442,False,unknown
fd-droidify,da3070f3f18bdbed1eab666677afd39e4b19a60c70f0bfca68a5730147f81f10,direct-framework-reference,,android/view/KeyCharacterMap$KeyData,definition-present,unknown,2,0,unknown,fd-droidify-evidence.json#/rows/443,False,unknown
fd-droidify,da3070f3f18bdbed1eab666677afd39e4b19a60c70f0bfca68a5730147f81f10,direct-framework-reference,,android/view/KeyEvent,definition-present,unknown,81,0,unknown,fd-droidify-evidence.json#/rows/444,False,unknown
fd-droidify,da3070f3f18bdbed1eab666677afd39e4b19a60c70f0bfca68a5730147f81f10,direct-framework-reference,,android/view/KeyEvent$Callback,definition-present,unknown,1,0,unknown,fd-droidify-evidence.json#/rows/445,False,unknown
fd-droidify,da3070f3f18bdbed1eab666677afd39e4b19a60c70f0bfca68a5730147f81f10,direct-framework-reference,,android/view/KeyEvent$DispatcherState,definition-present,unknown,4,0,unknown,fd-droidify-evidence.json#/rows/446,False,unknown
fd-droidify,da3070f3f18bdbed1eab666677afd39e4b19a60c70f0bfca68a5730147f81f10,direct-framework-reference,,android/view/LayoutInflater,definition-present,yes-static,74,4,unknown,fd-droidify-evidence.json#/rows/447,False,unknown
fd-droidify,da3070f3f18bdbed1eab666677afd39e4b19a60c70f0bfca68a5730147f81f10,direct-framework-reference,,android/view/LayoutInflater$Factory,definition-present,unknown,1,0,unknown,fd-droidify-evidence.json#/rows/448,False,unknown
fd-droidify,da3070f3f18bdbed1eab666677afd39e4b19a60c70f0bfca68a5730147f81f10,direct-framework-reference,,android/view/LayoutInflater$Factory2,definition-present,unknown,2,0,unknown,fd-droidify-evidence.json#/rows/449,False,unknown
fd-droidify,da3070f3f18bdbed1eab666677afd39e4b19a60c70f0bfca68a5730147f81f10,direct-framework-reference,,android/view/Menu,definition-present,unknown,44,0,unknown,fd-droidify-evidence.json#/rows/450,False,unknown
fd-droidify,da3070f3f18bdbed1eab666677afd39e4b19a60c70f0bfca68a5730147f81f10,direct-framework-reference,,android/view/MenuInflater,definition-present,unknown,6,0,unknown,fd-droidify-evidence.json#/rows/451,False,unknown
fd-droidify,da3070f3f18bdbed1eab666677afd39e4b19a60c70f0bfca68a5730147f81f10,direct-framework-reference,,android/view/MenuItem,definition-present,yes-static,127,3,unknown,fd-droidify-evidence.json#/rows/452,False,unknown
fd-droidify,da3070f3f18bdbed1eab666677afd39e4b19a60c70f0bfca68a5730147f81f10,direct-framework-reference,,android/view/MenuItem$OnActionExpandListener,definition-present,unknown,6,0,unknown,fd-droidify-evidence.json#/rows/453,False,unknown
fd-droidify,da3070f3f18bdbed1eab666677afd39e4b19a60c70f0bfca68a5730147f81f10,direct-framework-reference,,android/view/MenuItem$OnMenuItemClickListener,definition-present,unknown,4,0,unknown,fd-droidify-evidence.json#/rows/454,False,unknown
fd-droidify,da3070f3f18bdbed1eab666677afd39e4b19a60c70f0bfca68a5730147f81f10,direct-framework-reference,,android/view/MotionEvent,definition-present,unknown,111,0,unknown,fd-droidify-evidence.json#/rows/455,False,unknown
fd-droidify,da3070f3f18bdbed1eab666677afd39e4b19a60c70f0bfca68a5730147f81f10,direct-framework-reference,,android/view/MotionEvent$PointerCoords,definition-present,unknown,1,0,unknown,fd-droidify-evidence.json#/rows/456,False,unknown
fd-droidify,da3070f3f18bdbed1eab666677afd39e4b19a60c70f0bfca68a5730147f81f10,direct-framework-reference,,android/view/MotionEvent$PointerProperties,definition-present,unknown,1,0,unknown,fd-droidify-evidence.json#/rows/457,False,unknown
fd-droidify,da3070f3f18bdbed1eab666677afd39e4b19a60c70f0bfca68a5730147f81f10,direct-framework-reference,,android/view/PixelCopy,definition-present,unknown,1,0,unknown,fd-droidify-evidence.json#/rows/458,False,unknown
fd-droidify,da3070f3f18bdbed1eab666677afd39e4b19a60c70f0bfca68a5730147f81f10,direct-framework-reference,,android/view/PixelCopy$OnPixelCopyFinishedListener,definition-present,unknown,1,0,unknown,fd-droidify-evidence.json#/rows/459,False,unknown
fd-droidify,da3070f3f18bdbed1eab666677afd39e4b19a60c70f0bfca68a5730147f81f10,direct-framework-reference,,android/view/PointerIcon,definition-present,unknown,6,0,unknown,fd-droidify-evidence.json#/rows/460,False,unknown
fd-droidify,da3070f3f18bdbed1eab666677afd39e4b19a60c70f0bfca68a5730147f81f10,direct-framework-reference,,android/view/RenderNode,definition-absent,yes-static,29,8,unresolvable-in-scanned-inputs,fd-droidify-evidence.json#/rows/461,False,unknown
fd-droidify,da3070f3f18bdbed1eab666677afd39e4b19a60c70f0bfca68a5730147f81f10,direct-framework-reference,,android/view/RoundedCorner,definition-present,unknown,1,0,unknown,fd-droidify-evidence.json#/rows/462,False,unknown
fd-droidify,da3070f3f18bdbed1eab666677afd39e4b19a60c70f0bfca68a5730147f81f10,direct-framework-reference,,android/view/ScaleGestureDetector,definition-present,unknown,9,0,unknown,fd-droidify-evidence.json#/rows/463,False,unknown
fd-droidify,da3070f3f18bdbed1eab666677afd39e4b19a60c70f0bfca68a5730147f81f10,direct-framework-reference,,android/view/ScaleGestureDetector$OnScaleGestureListener,definition-present,unknown,3,0,unknown,fd-droidify-evidence.json#/rows/464,False,unknown
fd-droidify,da3070f3f18bdbed1eab666677afd39e4b19a60c70f0bfca68a5730147f81f10,direct-framework-reference,,android/view/ScaleGestureDetector$SimpleOnScaleGestureListener,definition-present,unknown,2,0,unknown,fd-droidify-evidence.json#/rows/465,False,unknown
fd-droidify,da3070f3f18bdbed1eab666677afd39e4b19a60c70f0bfca68a5730147f81f10,direct-framework-reference,,android/view/ScrollCaptureCallback,definition-present,unknown,1,0,unknown,fd-droidify-evidence.json#/rows/466,False,unknown
fd-droidify,da3070f3f18bdbed1eab666677afd39e4b19a60c70f0bfca68a5730147f81f10,direct-framework-reference,,android/view/ScrollCaptureSession,definition-present,unknown,4,0,unknown,fd-droidify-evidence.json#/rows/467,False,unknown
fd-droidify,da3070f3f18bdbed1eab666677afd39e4b19a60c70f0bfca68a5730147f81f10,direct-framework-reference,,android/view/ScrollCaptureTarget,definition-present,unknown,1,0,unknown,fd-droidify-evidence.json#/rows/468,False,unknown
fd-droidify,da3070f3f18bdbed1eab666677afd39e4b19a60c70f0bfca68a5730147f81f10,direct-framework-reference,,android/view/ScrollFeedbackProvider,definition-absent,unknown,3,0,unresolvable-in-scanned-inputs,fd-droidify-evidence.json#/rows/469,False,unknown
fd-droidify,da3070f3f18bdbed1eab666677afd39e4b19a60c70f0bfca68a5730147f81f10,direct-framework-reference,,android/view/SearchEvent,definition-present,unknown,2,0,unknown,fd-droidify-evidence.json#/rows/470,False,unknown
fd-droidify,da3070f3f18bdbed1eab666677afd39e4b19a60c70f0bfca68a5730147f81f10,direct-framework-reference,,android/view/SoundEffectConstants,definition-present,unknown,1,0,unknown,fd-droidify-evidence.json#/rows/471,False,unknown
fd-droidify,da3070f3f18bdbed1eab666677afd39e4b19a60c70f0bfca68a5730147f81f10,direct-framework-reference,,android/view/SubMenu,definition-present,unknown,16,0,unknown,fd-droidify-evidence.json#/rows/472,False,unknown
fd-droidify,da3070f3f18bdbed1eab666677afd39e4b19a60c70f0bfca68a5730147f81f10,direct-framework-reference,,android/view/Surface,definition-present,unknown,80,0,unknown,fd-droidify-evidence.json#/rows/473,False,unknown
fd-droidify,da3070f3f18bdbed1eab666677afd39e4b19a60c70f0bfca68a5730147f81f10,direct-framework-reference,,android/view/SurfaceHolder,definition-present,unknown,6,0,unknown,fd-droidify-evidence.json#/rows/474,False,unknown
fd-droidify,da3070f3f18bdbed1eab666677afd39e4b19a60c70f0bfca68a5730147f81f10,direct-framework-reference,,android/view/SurfaceHolder$Callback,definition-present,unknown,1,0,unknown,fd-droidify-evidence.json#/rows/475,False,unknown
fd-droidify,da3070f3f18bdbed1eab666677afd39e4b19a60c70f0bfca68a5730147f81f10,direct-framework-reference,,android/view/SurfaceView,definition-present,unknown,6,0,unknown,fd-droidify-evidence.json#/rows/476,False,unknown
fd-droidify,da3070f3f18bdbed1eab666677afd39e4b19a60c70f0bfca68a5730147f81f10,direct-framework-reference,,android/view/TextureView,definition-present,unknown,7,0,unknown,fd-droidify-evidence.json#/rows/477,False,unknown
fd-droidify,da3070f3f18bdbed1eab666677afd39e4b19a60c70f0bfca68a5730147f81f10,direct-framework-reference,,android/view/TouchDelegate,definition-present,unknown,2,0,unknown,fd-droidify-evidence.json#/rows/478,False,unknown
fd-droidify,da3070f3f18bdbed1eab666677afd39e4b19a60c70f0bfca68a5730147f81f10,direct-framework-reference,,android/view/VelocityTracker,definition-present,unknown,28,0,unknown,fd-droidify-evidence.json#/rows/479,False,unknown
fd-droidify,da3070f3f18bdbed1eab666677afd39e4b19a60c70f0bfca68a5730147f81f10,direct-framework-reference,,android/view/View,definition-present,yes-static,2260,241,unknown,fd-droidify-evidence.json#/rows/480,False,unknown
fd-droidify,da3070f3f18bdbed1eab666677afd39e4b19a60c70f0bfca68a5730147f81f10,direct-framework-reference,,android/view/View$AccessibilityDelegate,definition-present,yes-static,31,9,unknown,fd-droidify-evidence.json#/rows/481,False,unknown
fd-droidify,da3070f3f18bdbed1eab666677afd39e4b19a60c70f0bfca68a5730147f81f10,direct-framework-reference,,android/view/View$BaseSavedState,definition-present,unknown,16,0,unknown,fd-droidify-evidence.json#/rows/482,False,unknown
fd-droidify,da3070f3f18bdbed1eab666677afd39e4b19a60c70f0bfca68a5730147f81f10,direct-framework-reference,,android/view/View$MeasureSpec,definition-present,unknown,58,0,unknown,fd-droidify-evidence.json#/rows/483,False,unknown
fd-droidify,da3070f3f18bdbed1eab666677afd39e4b19a60c70f0bfca68a5730147f81f10,direct-framework-reference,,android/view/View$OnApplyWindowInsetsListener,definition-present,yes-static,3,1,unknown,fd-droidify-evidence.json#/rows/484,False,unknown
fd-droidify,da3070f3f18bdbed1eab666677afd39e4b19a60c70f0bfca68a5730147f81f10,direct-framework-reference,,android/view/View$OnClickListener,definition-present,unknown,3,0,unknown,fd-droidify-evidence.json#/rows/485,False,unknown
fd-droidify,da3070f3f18bdbed1eab666677afd39e4b19a60c70f0bfca68a5730147f81f10,direct-framework-reference,,android/view/View$OnFocusChangeListener,definition-present,unknown,1,0,unknown,fd-droidify-evidence.json#/rows/486,False,unknown
fd-droidify,da3070f3f18bdbed1eab666677afd39e4b19a60c70f0bfca68a5730147f81f10,direct-framework-reference,,android/view/View$OnLongClickListener,definition-present,unknown,15,0,unknown,fd-droidify-evidence.json#/rows/487,False,unknown
fd-droidify,da3070f3f18bdbed1eab666677afd39e4b19a60c70f0bfca68a5730147f81f10,direct-framework-reference,,android/view/View$OnTouchListener,definition-present,unknown,1,0,unknown,fd-droidify-evidence.json#/rows/488,False,unknown
fd-droidify,da3070f3f18bdbed1eab666677afd39e4b19a60c70f0bfca68a5730147f81f10,direct-framework-reference,,android/view/ViewConfiguration,definition-present,yes-static,50,5,unknown,fd-droidify-evidence.json#/rows/489,False,unknown
fd-droidify,da3070f3f18bdbed1eab666677afd39e4b19a60c70f0bfca68a5730147f81f10,direct-framework-reference,,android/view/ViewGroup,definition-present,yes-static,591,60,unknown,fd-droidify-evidence.json#/rows/490,False,unknown
fd-droidify,da3070f3f18bdbed1eab666677afd39e4b19a60c70f0bfca68a5730147f81f10,direct-framework-reference,,android/view/ViewGroup$LayoutParams,definition-present,yes-static,95,13,unknown,fd-droidify-evidence.json#/rows/491,False,unknown
fd-droidify,da3070f3f18bdbed1eab666677afd39e4b19a60c70f0bfca68a5730147f81f10,direct-framework-reference,,android/view/ViewGroup$MarginLayoutParams,definition-present,yes-static,112,7,unknown,fd-droidify-evidence.json#/rows/492,False,unknown
fd-droidify,da3070f3f18bdbed1eab666677afd39e4b19a60c70f0bfca68a5730147f81f10,direct-framework-reference,,android/view/ViewGroup$OnHierarchyChangeListener,definition-present,unknown,2,0,unknown,fd-droidify-evidence.json#/rows/493,False,unknown
fd-droidify,da3070f3f18bdbed1eab666677afd39e4b19a60c70f0bfca68a5730147f81f10,direct-framework-reference,,android/view/ViewGroupOverlay,definition-present,unknown,4,0,unknown,fd-droidify-evidence.json#/rows/494,False,unknown
fd-droidify,da3070f3f18bdbed1eab666677afd39e4b19a60c70f0bfca68a5730147f81f10,direct-framework-reference,,android/view/ViewManager,definition-present,yes-static,8,1,unknown,fd-droidify-evidence.json#/rows/495,False,unknown
fd-droidify,da3070f3f18bdbed1eab666677afd39e4b19a60c70f0bfca68a5730147f81f10,direct-framework-reference,,android/view/ViewOutlineProvider,definition-present,yes-static,7,3,unknown,fd-droidify-evidence.json#/rows/496,False,unknown
fd-droidify,da3070f3f18bdbed1eab666677afd39e4b19a60c70f0bfca68a5730147f81f10,direct-framework-reference,,android/view/ViewOverlay,definition-present,unknown,2,0,unknown,fd-droidify-evidence.json#/rows/497,False,unknown
fd-droidify,da3070f3f18bdbed1eab666677afd39e4b19a60c70f0bfca68a5730147f81f10,direct-framework-reference,,android/view/ViewParent,definition-present,yes-static,149,19,unknown,fd-droidify-evidence.json#/rows/498,False,unknown
fd-droidify,da3070f3f18bdbed1eab666677afd39e4b19a60c70f0bfca68a5730147f81f10,direct-framework-reference,,android/view/ViewPropertyAnimator,definition-present,yes-static,32,8,unknown,fd-droidify-evidence.json#/rows/499,False,unknown
fd-droidify,da3070f3f18bdbed1eab666677afd39e4b19a60c70f0bfca68a5730147f81f10,direct-framework-reference,,android/view/ViewStructure,definition-present,unknown,18,0,unknown,fd-droidify-evidence.json#/rows/500,False,unknown
fd-droidify,da3070f3f18bdbed1eab666677afd39e4b19a60c70f0bfca68a5730147f81f10,direct-framework-reference,,android/view/ViewStub,definition-present,unknown,1,0,unknown,fd-droidify-evidence.json#/rows/501,False,unknown
fd-droidify,da3070f3f18bdbed1eab666677afd39e4b19a60c70f0bfca68a5730147f81f10,direct-framework-reference,,android/view/ViewTreeObserver,definition-present,yes-static,40,4,unknown,fd-droidify-evidence.json#/rows/502,False,unknown
fd-droidify,da3070f3f18bdbed1eab666677afd39e4b19a60c70f0bfca68a5730147f81f10,direct-framework-reference,,android/view/Window,definition-present,yes-static,70,20,unknown,fd-droidify-evidence.json#/rows/503,False,unknown
fd-droidify,da3070f3f18bdbed1eab666677afd39e4b19a60c70f0bfca68a5730147f81f10,direct-framework-reference,,android/view/Window$Callback,definition-present,yes-static,50,7,unknown,fd-droidify-evidence.json#/rows/504,False,unknown
fd-droidify,da3070f3f18bdbed1eab666677afd39e4b19a60c70f0bfca68a5730147f81f10,direct-framework-reference,,android/view/WindowId,definition-present,unknown,2,0,unknown,fd-droidify-evidence.json#/rows/505,False,unknown
fd-droidify,da3070f3f18bdbed1eab666677afd39e4b19a60c70f0bfca68a5730147f81f10,direct-framework-reference,,android/view/WindowInsets,definition-present,yes-static,60,17,unknown,fd-droidify-evidence.json#/rows/506,False,unknown
fd-droidify,da3070f3f18bdbed1eab666677afd39e4b19a60c70f0bfca68a5730147f81f10,direct-framework-reference,,android/view/WindowInsets$Builder,definition-present,yes-static,13,3,unknown,fd-droidify-evidence.json#/rows/507,False,unknown
fd-droidify,da3070f3f18bdbed1eab666677afd39e4b19a60c70f0bfca68a5730147f81f10,direct-framework-reference,,android/view/WindowInsets$Type,definition-present,unknown,5,0,unknown,fd-droidify-evidence.json#/rows/508,False,unknown
fd-droidify,da3070f3f18bdbed1eab666677afd39e4b19a60c70f0bfca68a5730147f81f10,direct-framework-reference,,android/view/WindowInsetsAnimation,definition-present,unknown,13,0,unknown,fd-droidify-evidence.json#/rows/509,False,unknown
fd-droidify,da3070f3f18bdbed1eab666677afd39e4b19a60c70f0bfca68a5730147f81f10,direct-framework-reference,,android/view/WindowInsetsAnimation$Bounds,definition-present,unknown,6,0,unknown,fd-droidify-evidence.json#/rows/510,False,unknown
fd-droidify,da3070f3f18bdbed1eab666677afd39e4b19a60c70f0bfca68a5730147f81f10,direct-framework-reference,,android/view/WindowInsetsAnimation$Callback,definition-present,yes-static,2,2,unknown,fd-droidify-evidence.json#/rows/511,False,unknown
fd-droidify,da3070f3f18bdbed1eab666677afd39e4b19a60c70f0bfca68a5730147f81f10,direct-framework-reference,,android/view/WindowInsetsController,definition-present,unknown,2,0,unknown,fd-droidify-evidence.json#/rows/512,False,unknown
fd-droidify,da3070f3f18bdbed1eab666677afd39e4b19a60c70f0bfca68a5730147f81f10,direct-framework-reference,,android/view/WindowManager,definition-present,yes-static,21,2,unknown,fd-droidify-evidence.json#/rows/513,False,unknown
fd-droidify,da3070f3f18bdbed1eab666677afd39e4b19a60c70f0bfca68a5730147f81f10,direct-framework-reference,,android/view/WindowManager$LayoutParams,definition-present,yes-static,17,2,unknown,fd-droidify-evidence.json#/rows/514,False,unknown
fd-droidify,da3070f3f18bdbed1eab666677afd39e4b19a60c70f0bfca68a5730147f81f10,direct-framework-reference,,android/view/WindowMetrics,definition-present,unknown,6,0,unknown,fd-droidify-evidence.json#/rows/515,False,unknown
fd-droidify,da3070f3f18bdbed1eab666677afd39e4b19a60c70f0bfca68a5730147f81f10,direct-framework-reference,,android/view/accessibility/AccessibilityEvent,definition-present,yes-static,47,1,unknown,fd-droidify-evidence.json#/rows/516,False,unknown
fd-droidify,da3070f3f18bdbed1eab666677afd39e4b19a60c70f0bfca68a5730147f81f10,direct-framework-reference,,android/view/accessibility/AccessibilityManager,definition-present,yes-static,36,5,unknown,fd-droidify-evidence.json#/rows/517,False,unknown
fd-droidify,da3070f3f18bdbed1eab666677afd39e4b19a60c70f0bfca68a5730147f81f10,direct-framework-reference,,android/view/accessibility/AccessibilityNodeInfo,definition-present,unknown,63,0,unknown,fd-droidify-evidence.json#/rows/518,False,unknown
fd-droidify,da3070f3f18bdbed1eab666677afd39e4b19a60c70f0bfca68a5730147f81f10,direct-framework-reference,,android/view/accessibility/AccessibilityNodeInfo$AccessibilityAction,definition-present,yes-static,9,3,unknown,fd-droidify-evidence.json#/rows/519,False,unknown
fd-droidify,da3070f3f18bdbed1eab666677afd39e4b19a60c70f0bfca68a5730147f81f10,direct-framework-reference,,android/view/accessibility/AccessibilityNodeInfo$CollectionInfo,definition-present,unknown,4,0,unknown,fd-droidify-evidence.json#/rows/520,False,unknown
fd-droidify,da3070f3f18bdbed1eab666677afd39e4b19a60c70f0bfca68a5730147f81f10,direct-framework-reference,,android/view/accessibility/AccessibilityNodeInfo$CollectionItemInfo,definition-present,unknown,3,0,unknown,fd-droidify-evidence.json#/rows/521,False,unknown
fd-droidify,da3070f3f18bdbed1eab666677afd39e4b19a60c70f0bfca68a5730147f81f10,direct-framework-reference,,android/view/accessibility/AccessibilityNodeInfo$RangeInfo,definition-present,unknown,1,0,unknown,fd-droidify-evidence.json#/rows/522,False,unknown
fd-droidify,da3070f3f18bdbed1eab666677afd39e4b19a60c70f0bfca68a5730147f81f10,direct-framework-reference,,android/view/accessibility/AccessibilityNodeProvider,definition-present,yes-static,3,1,unknown,fd-droidify-evidence.json#/rows/523,False,unknown
fd-droidify,da3070f3f18bdbed1eab666677afd39e4b19a60c70f0bfca68a5730147f81f10,direct-framework-reference,,android/view/accessibility/AccessibilityRecord,definition-present,yes-static,21,1,unknown,fd-droidify-evidence.json#/rows/524,False,unknown
fd-droidify,da3070f3f18bdbed1eab666677afd39e4b19a60c70f0bfca68a5730147f81f10,direct-framework-reference,,android/view/animation/AccelerateDecelerateInterpolator,definition-present,unknown,2,0,unknown,fd-droidify-evidence.json#/rows/525,False,unknown
fd-droidify,da3070f3f18bdbed1eab666677afd39e4b19a60c70f0bfca68a5730147f81f10,direct-framework-reference,,android/view/animation/AccelerateInterpolator,definition-present,yes-static,6,2,unknown,fd-droidify-evidence.json#/rows/526,False,unknown
fd-droidify,da3070f3f18bdbed1eab666677afd39e4b19a60c70f0bfca68a5730147f81f10,direct-framework-reference,,android/view/animation/Animation,definition-present,yes-static,3,1,unknown,fd-droidify-evidence.json#/rows/527,False,unknown
fd-droidify,da3070f3f18bdbed1eab666677afd39e4b19a60c70f0bfca68a5730147f81f10,direct-framework-reference,,android/view/animation/AnimationSet,definition-present,unknown,3,0,unknown,fd-droidify-evidence.json#/rows/528,False,unknown
fd-droidify,da3070f3f18bdbed1eab666677afd39e4b19a60c70f0bfca68a5730147f81f10,direct-framework-reference,,android/view/animation/AnimationUtils,definition-present,yes-static,12,3,unknown,fd-droidify-evidence.json#/rows/529,False,unknown
fd-droidify,da3070f3f18bdbed1eab666677afd39e4b19a60c70f0bfca68a5730147f81f10,direct-framework-reference,,android/view/animation/BaseInterpolator,definition-present,unknown,2,0,unknown,fd-droidify-evidence.json#/rows/530,False,unknown
fd-droidify,da3070f3f18bdbed1eab666677afd39e4b19a60c70f0bfca68a5730147f81f10,direct-framework-reference,,android/view/animation/DecelerateInterpolator,definition-present,yes-static,9,3,unknown,fd-droidify-evidence.json#/rows/531,False,unknown
fd-droidify,da3070f3f18bdbed1eab666677afd39e4b19a60c70f0bfca68a5730147f81f10,direct-framework-reference,,android/view/animation/Interpolator,definition-present,yes-static,23,4,unknown,fd-droidify-evidence.json#/rows/532,False,unknown
fd-droidify,da3070f3f18bdbed1eab666677afd39e4b19a60c70f0bfca68a5730147f81f10,direct-framework-reference,,android/view/animation/LinearInterpolator,definition-present,unknown,2,0,unknown,fd-droidify-evidence.json#/rows/533,False,unknown
fd-droidify,da3070f3f18bdbed1eab666677afd39e4b19a60c70f0bfca68a5730147f81f10,direct-framework-reference,,android/view/animation/PathInterpolator,definition-present,unknown,3,0,unknown,fd-droidify-evidence.json#/rows/534,False,unknown
fd-droidify,da3070f3f18bdbed1eab666677afd39e4b19a60c70f0bfca68a5730147f81f10,direct-framework-reference,,android/view/animation/Transformation,definition-present,unknown,2,0,unknown,fd-droidify-evidence.json#/rows/535,False,unknown
fd-droidify,da3070f3f18bdbed1eab666677afd39e4b19a60c70f0bfca68a5730147f81f10,direct-framework-reference,,android/view/autofill/AutofillId,definition-present,yes-static,19,4,unknown,fd-droidify-evidence.json#/rows/536,False,unknown
fd-droidify,da3070f3f18bdbed1eab666677afd39e4b19a60c70f0bfca68a5730147f81f10,direct-framework-reference,,android/view/autofill/AutofillManager,definition-present,yes-static,14,7,unknown,fd-droidify-evidence.json#/rows/537,False,unknown
fd-droidify,da3070f3f18bdbed1eab666677afd39e4b19a60c70f0bfca68a5730147f81f10,direct-framework-reference,,android/view/autofill/AutofillManager$AutofillCallback,definition-present,unknown,4,0,unknown,fd-droidify-evidence.json#/rows/538,False,unknown
fd-droidify,da3070f3f18bdbed1eab666677afd39e4b19a60c70f0bfca68a5730147f81f10,direct-framework-reference,,android/view/autofill/AutofillValue,definition-present,yes-static,14,4,unknown,fd-droidify-evidence.json#/rows/539,False,unknown
fd-droidify,da3070f3f18bdbed1eab666677afd39e4b19a60c70f0bfca68a5730147f81f10,direct-framework-reference,,android/view/contentcapture/ContentCaptureSession,definition-present,unknown,9,0,unknown,fd-droidify-evidence.json#/rows/540,False,unknown
fd-droidify,da3070f3f18bdbed1eab666677afd39e4b19a60c70f0bfca68a5730147f81f10,direct-framework-reference,,android/view/inputmethod/BaseInputConnection,definition-present,yes-static,4,2,unknown,fd-droidify-evidence.json#/rows/541,False,unknown
fd-droidify,da3070f3f18bdbed1eab666677afd39e4b19a60c70f0bfca68a5730147f81f10,direct-framework-reference,,android/view/inputmethod/CompletionInfo,definition-present,unknown,1,0,unknown,fd-droidify-evidence.json#/rows/542,False,unknown
fd-droidify,da3070f3f18bdbed1eab666677afd39e4b19a60c70f0bfca68a5730147f81f10,direct-framework-reference,,android/view/inputmethod/CorrectionInfo,definition-present,unknown,1,0,unknown,fd-droidify-evidence.json#/rows/543,False,unknown
fd-droidify,da3070f3f18bdbed1eab666677afd39e4b19a60c70f0bfca68a5730147f81f10,direct-framework-reference,,android/view/inputmethod/CursorAnchorInfo,definition-present,unknown,2,0,unknown,fd-droidify-evidence.json#/rows/544,False,unknown
fd-droidify,da3070f3f18bdbed1eab666677afd39e4b19a60c70f0bfca68a5730147f81f10,direct-framework-reference,,android/view/inputmethod/CursorAnchorInfo$Builder,definition-present,yes-static,8,1,unknown,fd-droidify-evidence.json#/rows/545,False,unknown
fd-droidify,da3070f3f18bdbed1eab666677afd39e4b19a60c70f0bfca68a5730147f81f10,direct-framework-reference,,android/view/inputmethod/DeleteGesture,definition-present,unknown,3,0,unknown,fd-droidify-evidence.json#/rows/546,False,unknown
fd-droidify,da3070f3f18bdbed1eab666677afd39e4b19a60c70f0bfca68a5730147f81f10,direct-framework-reference,,android/view/inputmethod/DeleteRangeGesture,definition-present,unknown,3,0,unknown,fd-droidify-evidence.json#/rows/547,False,unknown
fd-droidify,da3070f3f18bdbed1eab666677afd39e4b19a60c70f0bfca68a5730147f81f10,direct-framework-reference,,android/view/inputmethod/EditorBoundsInfo,definition-present,unknown,2,0,unknown,fd-droidify-evidence.json#/rows/548,False,unknown
fd-droidify,da3070f3f18bdbed1eab666677afd39e4b19a60c70f0bfca68a5730147f81f10,direct-framework-reference,,android/view/inputmethod/EditorBoundsInfo$Builder,definition-present,unknown,3,0,unknown,fd-droidify-evidence.json#/rows/549,False,unknown
fd-droidify,da3070f3f18bdbed1eab666677afd39e4b19a60c70f0bfca68a5730147f81f10,direct-framework-reference,,android/view/inputmethod/EditorInfo,definition-present,unknown,18,0,unknown,fd-droidify-evidence.json#/rows/550,False,unknown
fd-droidify,da3070f3f18bdbed1eab666677afd39e4b19a60c70f0bfca68a5730147f81f10,direct-framework-reference,,android/view/inputmethod/ExtractedText,definition-present,unknown,7,0,unknown,fd-droidify-evidence.json#/rows/551,False,unknown
fd-droidify,da3070f3f18bdbed1eab666677afd39e4b19a60c70f0bfca68a5730147f81f10,direct-framework-reference,,android/view/inputmethod/ExtractedTextRequest,definition-present,unknown,3,0,unknown,fd-droidify-evidence.json#/rows/552,False,unknown
fd-droidify,da3070f3f18bdbed1eab666677afd39e4b19a60c70f0bfca68a5730147f81f10,direct-framework-reference,,android/view/inputmethod/HandwritingGesture,definition-present,unknown,3,0,unknown,fd-droidify-evidence.json#/rows/553,False,unknown
fd-droidify,da3070f3f18bdbed1eab666677afd39e4b19a60c70f0bfca68a5730147f81f10,direct-framework-reference,,android/view/inputmethod/InputConnection,definition-present,unknown,11,0,unknown,fd-droidify-evidence.json#/rows/554,False,unknown
fd-droidify,da3070f3f18bdbed1eab666677afd39e4b19a60c70f0bfca68a5730147f81f10,direct-framework-reference,,android/view/inputmethod/InputConnectionWrapper,definition-present,unknown,8,0,unknown,fd-droidify-evidence.json#/rows/555,False,unknown
fd-droidify,da3070f3f18bdbed1eab666677afd39e4b19a60c70f0bfca68a5730147f81f10,direct-framework-reference,,android/view/inputmethod/InputContentInfo,definition-present,unknown,9,0,unknown,fd-droidify-evidence.json#/rows/556,False,unknown
fd-droidify,da3070f3f18bdbed1eab666677afd39e4b19a60c70f0bfca68a5730147f81f10,direct-framework-reference,,android/view/inputmethod/InputMethodManager,definition-present,yes-static,21,5,unknown,fd-droidify-evidence.json#/rows/557,False,unknown
fd-droidify,da3070f3f18bdbed1eab666677afd39e4b19a60c70f0bfca68a5730147f81f10,direct-framework-reference,,android/view/inputmethod/InsertGesture,definition-present,unknown,2,0,unknown,fd-droidify-evidence.json#/rows/558,False,unknown
fd-droidify,da3070f3f18bdbed1eab666677afd39e4b19a60c70f0bfca68a5730147f81f10,direct-framework-reference,,android/view/inputmethod/JoinOrSplitGesture,definition-present,unknown,2,0,unknown,fd-droidify-evidence.json#/rows/559,False,unknown
fd-droidify,da3070f3f18bdbed1eab666677afd39e4b19a60c70f0bfca68a5730147f81f10,direct-framework-reference,,android/view/inputmethod/PreviewableHandwritingGesture,definition-present,unknown,2,0,unknown,fd-droidify-evidence.json#/rows/560,False,unknown
fd-droidify,da3070f3f18bdbed1eab666677afd39e4b19a60c70f0bfca68a5730147f81f10,direct-framework-reference,,android/view/inputmethod/RemoveSpaceGesture,definition-present,unknown,2,0,unknown,fd-droidify-evidence.json#/rows/561,False,unknown
fd-droidify,da3070f3f18bdbed1eab666677afd39e4b19a60c70f0bfca68a5730147f81f10,direct-framework-reference,,android/view/inputmethod/SelectGesture,definition-present,unknown,3,0,unknown,fd-droidify-evidence.json#/rows/562,False,unknown
fd-droidify,da3070f3f18bdbed1eab666677afd39e4b19a60c70f0bfca68a5730147f81f10,direct-framework-reference,,android/view/inputmethod/SelectRangeGesture,definition-present,unknown,3,0,unknown,fd-droidify-evidence.json#/rows/563,False,unknown
fd-droidify,da3070f3f18bdbed1eab666677afd39e4b19a60c70f0bfca68a5730147f81f10,direct-framework-reference,,android/view/textclassifier/TextClassification,definition-present,yes-static,17,2,unknown,fd-droidify-evidence.json#/rows/564,False,unknown
fd-droidify,da3070f3f18bdbed1eab666677afd39e4b19a60c70f0bfca68a5730147f81f10,direct-framework-reference,,android/view/textclassifier/TextClassification$Request,definition-present,unknown,1,0,unknown,fd-droidify-evidence.json#/rows/565,False,unknown
fd-droidify,da3070f3f18bdbed1eab666677afd39e4b19a60c70f0bfca68a5730147f81f10,direct-framework-reference,,android/view/textclassifier/TextClassification$Request$Builder,definition-present,unknown,1,0,unknown,fd-droidify-evidence.json#/rows/566,False,unknown
fd-droidify,da3070f3f18bdbed1eab666677afd39e4b19a60c70f0bfca68a5730147f81f10,direct-framework-reference,,android/view/textclassifier/TextClassificationContext,definition-present,unknown,1,0,unknown,fd-droidify-evidence.json#/rows/567,False,unknown
fd-droidify,da3070f3f18bdbed1eab666677afd39e4b19a60c70f0bfca68a5730147f81f10,direct-framework-reference,,android/view/textclassifier/TextClassificationContext$Builder,definition-present,unknown,1,0,unknown,fd-droidify-evidence.json#/rows/568,False,unknown
fd-droidify,da3070f3f18bdbed1eab666677afd39e4b19a60c70f0bfca68a5730147f81f10,direct-framework-reference,,android/view/textclassifier/TextClassificationManager,definition-present,unknown,2,0,unknown,fd-droidify-evidence.json#/rows/569,False,unknown
fd-droidify,da3070f3f18bdbed1eab666677afd39e4b19a60c70f0bfca68a5730147f81f10,direct-framework-reference,,android/view/textclassifier/TextClassifier,definition-present,unknown,17,0,unknown,fd-droidify-evidence.json#/rows/570,False,unknown
fd-droidify,da3070f3f18bdbed1eab666677afd39e4b19a60c70f0bfca68a5730147f81f10,direct-framework-reference,,android/view/textclassifier/TextSelection,definition-present,unknown,1,0,unknown,fd-droidify-evidence.json#/rows/571,False,unknown
fd-droidify,da3070f3f18bdbed1eab666677afd39e4b19a60c70f0bfca68a5730147f81f10,direct-framework-reference,,android/view/textclassifier/TextSelection$Request,definition-present,unknown,1,0,unknown,fd-droidify-evidence.json#/rows/572,False,unknown
fd-droidify,da3070f3f18bdbed1eab666677afd39e4b19a60c70f0bfca68a5730147f81f10,direct-framework-reference,,android/view/textclassifier/TextSelection$Request$Builder,definition-present,unknown,1,0,unknown,fd-droidify-evidence.json#/rows/573,False,unknown
fd-droidify,da3070f3f18bdbed1eab666677afd39e4b19a60c70f0bfca68a5730147f81f10,direct-framework-reference,,android/view/translation/TranslationRequestValue,definition-present,unknown,1,0,unknown,fd-droidify-evidence.json#/rows/574,False,unknown
fd-droidify,da3070f3f18bdbed1eab666677afd39e4b19a60c70f0bfca68a5730147f81f10,direct-framework-reference,,android/view/translation/TranslationResponseValue,definition-present,unknown,1,0,unknown,fd-droidify-evidence.json#/rows/575,False,unknown
fd-droidify,da3070f3f18bdbed1eab666677afd39e4b19a60c70f0bfca68a5730147f81f10,direct-framework-reference,,android/view/translation/ViewTranslationCallback,definition-present,unknown,1,0,unknown,fd-droidify-evidence.json#/rows/576,False,unknown
fd-droidify,da3070f3f18bdbed1eab666677afd39e4b19a60c70f0bfca68a5730147f81f10,direct-framework-reference,,android/view/translation/ViewTranslationRequest,definition-present,unknown,1,0,unknown,fd-droidify-evidence.json#/rows/577,False,unknown
fd-droidify,da3070f3f18bdbed1eab666677afd39e4b19a60c70f0bfca68a5730147f81f10,direct-framework-reference,,android/view/translation/ViewTranslationRequest$Builder,definition-present,unknown,1,0,unknown,fd-droidify-evidence.json#/rows/578,False,unknown
fd-droidify,da3070f3f18bdbed1eab666677afd39e4b19a60c70f0bfca68a5730147f81f10,direct-framework-reference,,android/view/translation/ViewTranslationResponse,definition-present,unknown,1,0,unknown,fd-droidify-evidence.json#/rows/579,False,unknown
fd-droidify,da3070f3f18bdbed1eab666677afd39e4b19a60c70f0bfca68a5730147f81f10,direct-framework-reference,,android/webkit/MimeTypeMap,definition-present,unknown,2,0,unknown,fd-droidify-evidence.json#/rows/580,False,unknown
fd-droidify,da3070f3f18bdbed1eab666677afd39e4b19a60c70f0bfca68a5730147f81f10,direct-framework-reference,,android/widget/AbsListView,definition-present,unknown,20,0,unknown,fd-droidify-evidence.json#/rows/581,False,unknown
fd-droidify,da3070f3f18bdbed1eab666677afd39e4b19a60c70f0bfca68a5730147f81f10,direct-framework-reference,,android/widget/AbsSeekBar,definition-present,unknown,4,0,unknown,fd-droidify-evidence.json#/rows/582,False,unknown
fd-droidify,da3070f3f18bdbed1eab666677afd39e4b19a60c70f0bfca68a5730147f81f10,direct-framework-reference,,android/widget/AbsSpinner,definition-present,unknown,1,0,unknown,fd-droidify-evidence.json#/rows/583,False,unknown
fd-droidify,da3070f3f18bdbed1eab666677afd39e4b19a60c70f0bfca68a5730147f81f10,direct-framework-reference,,android/widget/Adapter,definition-present,unknown,15,0,unknown,fd-droidify-evidence.json#/rows/584,False,unknown
fd-droidify,da3070f3f18bdbed1eab666677afd39e4b19a60c70f0bfca68a5730147f81f10,direct-framework-reference,,android/widget/AdapterView,definition-present,unknown,19,0,unknown,fd-droidify-evidence.json#/rows/585,False,unknown
fd-droidify,da3070f3f18bdbed1eab666677afd39e4b19a60c70f0bfca68a5730147f81f10,direct-framework-reference,,android/widget/AdapterView$OnItemClickListener,definition-present,unknown,1,0,unknown,fd-droidify-evidence.json#/rows/586,False,unknown
fd-droidify,da3070f3f18bdbed1eab666677afd39e4b19a60c70f0bfca68a5730147f81f10,direct-framework-reference,,android/widget/ArrayAdapter,definition-present,unknown,4,0,unknown,fd-droidify-evidence.json#/rows/587,False,unknown
fd-droidify,da3070f3f18bdbed1eab666677afd39e4b19a60c70f0bfca68a5730147f81f10,direct-framework-reference,,android/widget/AutoCompleteTextView,definition-present,yes-static,62,3,unknown,fd-droidify-evidence.json#/rows/588,False,unknown
fd-droidify,da3070f3f18bdbed1eab666677afd39e4b19a60c70f0bfca68a5730147f81f10,direct-framework-reference,,android/widget/BaseAdapter,definition-present,unknown,8,0,unknown,fd-droidify-evidence.json#/rows/589,False,unknown
fd-droidify,da3070f3f18bdbed1eab666677afd39e4b19a60c70f0bfca68a5730147f81f10,direct-framework-reference,,android/widget/Button,definition-present,unknown,53,0,unknown,fd-droidify-evidence.json#/rows/590,False,unknown
fd-droidify,da3070f3f18bdbed1eab666677afd39e4b19a60c70f0bfca68a5730147f81f10,direct-framework-reference,,android/widget/CheckBox,definition-present,unknown,20,0,unknown,fd-droidify-evidence.json#/rows/591,False,unknown
fd-droidify,da3070f3f18bdbed1eab666677afd39e4b19a60c70f0bfca68a5730147f81f10,direct-framework-reference,,android/widget/CheckedTextView,definition-present,unknown,13,0,unknown,fd-droidify-evidence.json#/rows/592,False,unknown
fd-droidify,da3070f3f18bdbed1eab666677afd39e4b19a60c70f0bfca68a5730147f81f10,direct-framework-reference,,android/widget/CompoundButton,definition-present,unknown,38,0,unknown,fd-droidify-evidence.json#/rows/593,False,unknown
fd-droidify,da3070f3f18bdbed1eab666677afd39e4b19a60c70f0bfca68a5730147f81f10,direct-framework-reference,,android/widget/CompoundButton$OnCheckedChangeListener,definition-present,unknown,1,0,unknown,fd-droidify-evidence.json#/rows/594,False,unknown
fd-droidify,da3070f3f18bdbed1eab666677afd39e4b19a60c70f0bfca68a5730147f81f10,direct-framework-reference,,android/widget/EdgeEffect,definition-present,yes-static,64,20,unknown,fd-droidify-evidence.json#/rows/595,False,unknown
fd-droidify,da3070f3f18bdbed1eab666677afd39e4b19a60c70f0bfca68a5730147f81f10,direct-framework-reference,,android/widget/EditText,definition-present,yes-static,108,4,unknown,fd-droidify-evidence.json#/rows/596,False,unknown
fd-droidify,da3070f3f18bdbed1eab666677afd39e4b19a60c70f0bfca68a5730147f81f10,direct-framework-reference,,android/widget/Filter,definition-present,unknown,1,0,unknown,fd-droidify-evidence.json#/rows/597,False,unknown
fd-droidify,da3070f3f18bdbed1eab666677afd39e4b19a60c70f0bfca68a5730147f81f10,direct-framework-reference,,android/widget/Filter$FilterResults,definition-present,unknown,2,0,unknown,fd-droidify-evidence.json#/rows/598,False,unknown
fd-droidify,da3070f3f18bdbed1eab666677afd39e4b19a60c70f0bfca68a5730147f81f10,direct-framework-reference,,android/widget/FrameLayout,definition-present,yes-static,146,5,unknown,fd-droidify-evidence.json#/rows/599,False,unknown
fd-droidify,da3070f3f18bdbed1eab666677afd39e4b19a60c70f0bfca68a5730147f81f10,direct-framework-reference,,android/widget/FrameLayout$LayoutParams,definition-present,unknown,22,0,unknown,fd-droidify-evidence.json#/rows/600,False,unknown
fd-droidify,da3070f3f18bdbed1eab666677afd39e4b19a60c70f0bfca68a5730147f81f10,direct-framework-reference,,android/widget/HeaderViewListAdapter,definition-present,unknown,5,0,unknown,fd-droidify-evidence.json#/rows/601,False,unknown
fd-droidify,da3070f3f18bdbed1eab666677afd39e4b19a60c70f0bfca68a5730147f81f10,direct-framework-reference,,android/widget/HorizontalScrollView,definition-present,unknown,9,0,unknown,fd-droidify-evidence.json#/rows/602,False,unknown
fd-droidify,da3070f3f18bdbed1eab666677afd39e4b19a60c70f0bfca68a5730147f81f10,direct-framework-reference,,android/widget/ImageButton,definition-present,yes-static,33,1,unknown,fd-droidify-evidence.json#/rows/603,False,unknown
fd-droidify,da3070f3f18bdbed1eab666677afd39e4b19a60c70f0bfca68a5730147f81f10,direct-framework-reference,,android/widget/ImageView,definition-present,yes-static,121,4,unknown,fd-droidify-evidence.json#/rows/604,False,unknown
fd-droidify,da3070f3f18bdbed1eab666677afd39e4b19a60c70f0bfca68a5730147f81f10,direct-framework-reference,,android/widget/ImageView$ScaleType,definition-present,unknown,25,0,unknown,fd-droidify-evidence.json#/rows/605,False,unknown
fd-droidify,da3070f3f18bdbed1eab666677afd39e4b19a60c70f0bfca68a5730147f81f10,direct-framework-reference,,android/widget/LinearLayout,definition-present,yes-static,80,1,unknown,fd-droidify-evidence.json#/rows/606,False,unknown
fd-droidify,da3070f3f18bdbed1eab666677afd39e4b19a60c70f0bfca68a5730147f81f10,direct-framework-reference,,android/widget/LinearLayout$LayoutParams,definition-present,unknown,37,0,unknown,fd-droidify-evidence.json#/rows/607,False,unknown
fd-droidify,da3070f3f18bdbed1eab666677afd39e4b19a60c70f0bfca68a5730147f81f10,direct-framework-reference,,android/widget/ListAdapter,definition-present,unknown,29,0,unknown,fd-droidify-evidence.json#/rows/608,False,unknown
fd-droidify,da3070f3f18bdbed1eab666677afd39e4b19a60c70f0bfca68a5730147f81f10,direct-framework-reference,,android/widget/ListView,definition-present,unknown,23,0,unknown,fd-droidify-evidence.json#/rows/609,False,unknown
fd-droidify,da3070f3f18bdbed1eab666677afd39e4b19a60c70f0bfca68a5730147f81f10,direct-framework-reference,,android/widget/Magnifier,definition-present,unknown,8,0,unknown,fd-droidify-evidence.json#/rows/610,False,unknown
fd-droidify,da3070f3f18bdbed1eab666677afd39e4b19a60c70f0bfca68a5730147f81f10,direct-framework-reference,,android/widget/Magnifier$Builder,definition-present,unknown,1,0,unknown,fd-droidify-evidence.json#/rows/611,False,unknown
fd-droidify,da3070f3f18bdbed1eab666677afd39e4b19a60c70f0bfca68a5730147f81f10,direct-framework-reference,,android/widget/MultiAutoCompleteTextView,definition-present,unknown,9,0,unknown,fd-droidify-evidence.json#/rows/612,False,unknown
fd-droidify,da3070f3f18bdbed1eab666677afd39e4b19a60c70f0bfca68a5730147f81f10,direct-framework-reference,,android/widget/OverScroller,definition-present,yes-static,29,3,unknown,fd-droidify-evidence.json#/rows/613,False,unknown
fd-droidify,da3070f3f18bdbed1eab666677afd39e4b19a60c70f0bfca68a5730147f81f10,direct-framework-reference,,android/widget/PopupWindow,definition-present,yes-static,39,2,unknown,fd-droidify-evidence.json#/rows/614,False,unknown
fd-droidify,da3070f3f18bdbed1eab666677afd39e4b19a60c70f0bfca68a5730147f81f10,direct-framework-reference,,android/widget/PopupWindow$OnDismissListener,definition-present,unknown,3,0,unknown,fd-droidify-evidence.json#/rows/615,False,unknown
fd-droidify,da3070f3f18bdbed1eab666677afd39e4b19a60c70f0bfca68a5730147f81f10,direct-framework-reference,,android/widget/ProgressBar,definition-present,yes-static,25,3,unknown,fd-droidify-evidence.json#/rows/616,False,unknown
fd-droidify,da3070f3f18bdbed1eab666677afd39e4b19a60c70f0bfca68a5730147f81f10,direct-framework-reference,,android/widget/RadioButton,definition-present,unknown,12,0,unknown,fd-droidify-evidence.json#/rows/617,False,unknown
fd-droidify,da3070f3f18bdbed1eab666677afd39e4b19a60c70f0bfca68a5730147f81f10,direct-framework-reference,,android/widget/RatingBar,definition-present,unknown,2,0,unknown,fd-droidify-evidence.json#/rows/618,False,unknown
fd-droidify,da3070f3f18bdbed1eab666677afd39e4b19a60c70f0bfca68a5730147f81f10,direct-framework-reference,,android/widget/RelativeLayout,definition-present,unknown,3,0,unknown,fd-droidify-evidence.json#/rows/619,False,unknown
fd-droidify,da3070f3f18bdbed1eab666677afd39e4b19a60c70f0bfca68a5730147f81f10,direct-framework-reference,,android/widget/RemoteViews,definition-present,yes-static,1,1,unknown,fd-droidify-evidence.json#/rows/620,False,unknown
fd-droidify,da3070f3f18bdbed1eab666677afd39e4b19a60c70f0bfca68a5730147f81f10,direct-framework-reference,,android/widget/ScrollView,definition-present,unknown,2,0,unknown,fd-droidify-evidence.json#/rows/621,False,unknown
fd-droidify,da3070f3f18bdbed1eab666677afd39e4b19a60c70f0bfca68a5730147f81f10,direct-framework-reference,,android/widget/Scroller,definition-present,unknown,9,0,unknown,fd-droidify-evidence.json#/rows/622,False,unknown
fd-droidify,da3070f3f18bdbed1eab666677afd39e4b19a60c70f0bfca68a5730147f81f10,direct-framework-reference,,android/widget/SeekBar,definition-present,unknown,4,0,unknown,fd-droidify-evidence.json#/rows/623,False,unknown
fd-droidify,da3070f3f18bdbed1eab666677afd39e4b19a60c70f0bfca68a5730147f81f10,direct-framework-reference,,android/widget/Spinner,definition-present,unknown,21,0,unknown,fd-droidify-evidence.json#/rows/624,False,unknown
fd-droidify,da3070f3f18bdbed1eab666677afd39e4b19a60c70f0bfca68a5730147f81f10,direct-framework-reference,,android/widget/SpinnerAdapter,definition-present,unknown,12,0,unknown,fd-droidify-evidence.json#/rows/625,False,unknown
fd-droidify,da3070f3f18bdbed1eab666677afd39e4b19a60c70f0bfca68a5730147f81f10,direct-framework-reference,,android/widget/TextSwitcher,definition-present,unknown,2,0,unknown,fd-droidify-evidence.json#/rows/626,False,unknown
fd-droidify,da3070f3f18bdbed1eab666677afd39e4b19a60c70f0bfca68a5730147f81f10,direct-framework-reference,,android/widget/TextView,definition-present,yes-static,298,46,unknown,fd-droidify-evidence.json#/rows/627,False,unknown
fd-droidify,da3070f3f18bdbed1eab666677afd39e4b19a60c70f0bfca68a5730147f81f10,direct-framework-reference,,android/widget/TextView$BufferType,definition-present,unknown,1,0,unknown,fd-droidify-evidence.json#/rows/628,False,unknown
fd-droidify,da3070f3f18bdbed1eab666677afd39e4b19a60c70f0bfca68a5730147f81f10,direct-framework-reference,,android/widget/ThemedSpinnerAdapter,definition-present,unknown,2,0,unknown,fd-droidify-evidence.json#/rows/629,False,unknown
fd-droidify,da3070f3f18bdbed1eab666677afd39e4b19a60c70f0bfca68a5730147f81f10,direct-framework-reference,,android/widget/Toast,definition-present,unknown,1,0,unknown,fd-droidify-evidence.json#/rows/630,False,unknown
fd-droidify,da3070f3f18bdbed1eab666677afd39e4b19a60c70f0bfca68a5730147f81f10,direct-framework-reference,,android/widget/ToggleButton,definition-present,unknown,8,0,unknown,fd-droidify-evidence.json#/rows/631,False,unknown
fd-droidify,da3070f3f18bdbed1eab666677afd39e4b19a60c70f0bfca68a5730147f81f10,direct-framework-reference,,android/widget/ViewAnimator,definition-present,unknown,1,0,unknown,fd-droidify-evidence.json#/rows/632,False,unknown
fd-droidify,da3070f3f18bdbed1eab666677afd39e4b19a60c70f0bfca68a5730147f81f10,direct-framework-reference,,android/window/BackEvent,definition-present,unknown,3,0,unknown,fd-droidify-evidence.json#/rows/633,False,unknown
fd-droidify,da3070f3f18bdbed1eab666677afd39e4b19a60c70f0bfca68a5730147f81f10,direct-framework-reference,,android/window/OnBackInvokedCallback,definition-present,yes-static,11,4,unknown,fd-droidify-evidence.json#/rows/634,False,unknown
fd-droidify,da3070f3f18bdbed1eab666677afd39e4b19a60c70f0bfca68a5730147f81f10,direct-framework-reference,,android/window/OnBackInvokedDispatcher,definition-present,yes-static,17,6,unknown,fd-droidify-evidence.json#/rows/635,False,unknown
fd-droidify,da3070f3f18bdbed1eab666677afd39e4b19a60c70f0bfca68a5730147f81f10,direct-framework-reference,,java/io/BufferedInputStream,definition-present,yes-static,2,2,unknown,fd-droidify-evidence.json#/rows/636,False,unknown
fd-droidify,da3070f3f18bdbed1eab666677afd39e4b19a60c70f0bfca68a5730147f81f10,direct-framework-reference,,java/io/BufferedOutputStream,definition-present,unknown,1,0,unknown,fd-droidify-evidence.json#/rows/637,False,unknown
fd-droidify,da3070f3f18bdbed1eab666677afd39e4b19a60c70f0bfca68a5730147f81f10,direct-framework-reference,,java/io/BufferedReader,definition-present,unknown,5,0,unknown,fd-droidify-evidence.json#/rows/638,False,unknown
fd-droidify,da3070f3f18bdbed1eab666677afd39e4b19a60c70f0bfca68a5730147f81f10,direct-framework-reference,,java/io/ByteArrayInputStream,definition-present,yes-static,11,2,unknown,fd-droidify-evidence.json#/rows/639,False,unknown
fd-droidify,da3070f3f18bdbed1eab666677afd39e4b19a60c70f0bfca68a5730147f81f10,direct-framework-reference,,java/io/ByteArrayOutputStream,definition-present,yes-static,22,4,unknown,fd-droidify-evidence.json#/rows/640,False,unknown
fd-droidify,da3070f3f18bdbed1eab666677afd39e4b19a60c70f0bfca68a5730147f81f10,direct-framework-reference,,java/io/CharConversionException,definition-present,yes-static,3,3,unknown,fd-droidify-evidence.json#/rows/641,False,unknown
fd-droidify,da3070f3f18bdbed1eab666677afd39e4b19a60c70f0bfca68a5730147f81f10,direct-framework-reference,,java/io/Closeable,definition-present,yes-static,90,11,unknown,fd-droidify-evidence.json#/rows/642,False,unknown
fd-droidify,da3070f3f18bdbed1eab666677afd39e4b19a60c70f0bfca68a5730147f81f10,direct-framework-reference,,java/io/DataInput,definition-present,unknown,8,0,unknown,fd-droidify-evidence.json#/rows/643,False,unknown
fd-droidify,da3070f3f18bdbed1eab666677afd39e4b19a60c70f0bfca68a5730147f81f10,direct-framework-reference,,java/io/DataInputStream,definition-present,yes-static,24,12,unknown,fd-droidify-evidence.json#/rows/644,False,unknown
fd-droidify,da3070f3f18bdbed1eab666677afd39e4b19a60c70f0bfca68a5730147f81f10,direct-framework-reference,,java/io/DataOutput,definition-present,unknown,10,0,unknown,fd-droidify-evidence.json#/rows/645,False,unknown
fd-droidify,da3070f3f18bdbed1eab666677afd39e4b19a60c70f0bfca68a5730147f81f10,direct-framework-reference,,java/io/DataOutputStream,definition-present,yes-static,4,2,unknown,fd-droidify-evidence.json#/rows/646,False,unknown
fd-droidify,da3070f3f18bdbed1eab666677afd39e4b19a60c70f0bfca68a5730147f81f10,direct-framework-reference,,java/io/EOFException,definition-present,yes-static,24,9,unknown,fd-droidify-evidence.json#/rows/647,False,unknown
fd-droidify,da3070f3f18bdbed1eab666677afd39e4b19a60c70f0bfca68a5730147f81f10,direct-framework-reference,,java/io/File,definition-present,yes-static,115,12,unknown,fd-droidify-evidence.json#/rows/648,False,unknown
fd-droidify,da3070f3f18bdbed1eab666677afd39e4b19a60c70f0bfca68a5730147f81f10,direct-framework-reference,,java/io/FileDescriptor,definition-present,yes-static,10,5,unknown,fd-droidify-evidence.json#/rows/649,False,unknown
fd-droidify,da3070f3f18bdbed1eab666677afd39e4b19a60c70f0bfca68a5730147f81f10,direct-framework-reference,,java/io/FileInputStream,definition-present,yes-static,31,1,unknown,fd-droidify-evidence.json#/rows/650,False,unknown
fd-droidify,da3070f3f18bdbed1eab666677afd39e4b19a60c70f0bfca68a5730147f81f10,direct-framework-reference,,java/io/FileNotFoundException,definition-present,unknown,7,0,unknown,fd-droidify-evidence.json#/rows/651,False,unknown
fd-droidify,da3070f3f18bdbed1eab666677afd39e4b19a60c70f0bfca68a5730147f81f10,direct-framework-reference,,java/io/FileOutputStream,definition-present,yes-static,19,2,unknown,fd-droidify-evidence.json#/rows/652,False,unknown
fd-droidify,da3070f3f18bdbed1eab666677afd39e4b19a60c70f0bfca68a5730147f81f10,direct-framework-reference,,java/io/FilterInputStream,definition-present,yes-static,2,1,unknown,fd-droidify-evidence.json#/rows/653,False,unknown
fd-droidify,da3070f3f18bdbed1eab666677afd39e4b19a60c70f0bfca68a5730147f81f10,direct-framework-reference,,java/io/FilterOutputStream,definition-present,yes-static,4,1,unknown,fd-droidify-evidence.json#/rows/654,False,unknown
fd-droidify,da3070f3f18bdbed1eab666677afd39e4b19a60c70f0bfca68a5730147f81f10,direct-framework-reference,,java/io/IOException,definition-present,yes-static,147,10,unknown,fd-droidify-evidence.json#/rows/655,False,unknown
fd-droidify,da3070f3f18bdbed1eab666677afd39e4b19a60c70f0bfca68a5730147f81f10,direct-framework-reference,,java/io/InputStream,definition-present,yes-static,112,29,unknown,fd-droidify-evidence.json#/rows/656,False,unknown
fd-droidify,da3070f3f18bdbed1eab666677afd39e4b19a60c70f0bfca68a5730147f81f10,direct-framework-reference,,java/io/InputStreamReader,definition-present,yes-static,7,2,unknown,fd-droidify-evidence.json#/rows/657,False,unknown
fd-droidify,da3070f3f18bdbed1eab666677afd39e4b19a60c70f0bfca68a5730147f81f10,direct-framework-reference,,java/io/InterruptedIOException,definition-present,unknown,10,0,unknown,fd-droidify-evidence.json#/rows/658,False,unknown
fd-droidify,da3070f3f18bdbed1eab666677afd39e4b19a60c70f0bfca68a5730147f81f10,direct-framework-reference,,java/io/InvalidClassException,definition-present,unknown,3,0,unknown,fd-droidify-evidence.json#/rows/659,False,unknown
fd-droidify,da3070f3f18bdbed1eab666677afd39e4b19a60c70f0bfca68a5730147f81f10,direct-framework-reference,,java/io/InvalidObjectException,definition-present,unknown,32,0,unknown,fd-droidify-evidence.json#/rows/660,False,unknown
fd-droidify,da3070f3f18bdbed1eab666677afd39e4b19a60c70f0bfca68a5730147f81f10,direct-framework-reference,,java/io/ObjectInput,definition-present,unknown,4,0,unknown,fd-droidify-evidence.json#/rows/661,False,unknown
fd-droidify,da3070f3f18bdbed1eab666677afd39e4b19a60c70f0bfca68a5730147f81f10,direct-framework-reference,,java/io/ObjectInputStream,definition-present,unknown,6,0,unknown,fd-droidify-evidence.json#/rows/662,False,unknown
fd-droidify,da3070f3f18bdbed1eab666677afd39e4b19a60c70f0bfca68a5730147f81f10,direct-framework-reference,,java/io/ObjectOutput,definition-present,unknown,2,0,unknown,fd-droidify-evidence.json#/rows/663,False,unknown
fd-droidify,da3070f3f18bdbed1eab666677afd39e4b19a60c70f0bfca68a5730147f81f10,direct-framework-reference,,java/io/ObjectOutputStream,definition-present,unknown,6,0,unknown,fd-droidify-evidence.json#/rows/664,False,unknown
fd-droidify,da3070f3f18bdbed1eab666677afd39e4b19a60c70f0bfca68a5730147f81f10,direct-framework-reference,,java/io/ObjectOutputStream$PutField,definition-present,unknown,2,0,unknown,fd-droidify-evidence.json#/rows/665,False,unknown
fd-droidify,da3070f3f18bdbed1eab666677afd39e4b19a60c70f0bfca68a5730147f81f10,direct-framework-reference,,java/io/ObjectStreamField,definition-present,yes-static,2,1,unknown,fd-droidify-evidence.json#/rows/666,False,unknown
fd-droidify,da3070f3f18bdbed1eab666677afd39e4b19a60c70f0bfca68a5730147f81f10,direct-framework-reference,,java/io/OutputStream,definition-present,yes-static,56,10,unknown,fd-droidify-evidence.json#/rows/667,False,unknown
fd-droidify,da3070f3f18bdbed1eab666677afd39e4b19a60c70f0bfca68a5730147f81f10,direct-framework-reference,,java/io/PrintStream,definition-present,unknown,9,0,unknown,fd-droidify-evidence.json#/rows/668,False,unknown
fd-droidify,da3070f3f18bdbed1eab666677afd39e4b19a60c70f0bfca68a5730147f81f10,direct-framework-reference,,java/io/PrintWriter,definition-present,yes-static,8,7,unknown,fd-droidify-evidence.json#/rows/669,False,unknown
fd-droidify,da3070f3f18bdbed1eab666677afd39e4b19a60c70f0bfca68a5730147f81f10,direct-framework-reference,,java/io/RandomAccessFile,definition-present,unknown,6,0,unknown,fd-droidify-evidence.json#/rows/670,False,unknown
fd-droidify,da3070f3f18bdbed1eab666677afd39e4b19a60c70f0bfca68a5730147f81f10,direct-framework-reference,,java/io/Reader,definition-present,yes-static,20,10,unknown,fd-droidify-evidence.json#/rows/671,False,unknown
fd-droidify,da3070f3f18bdbed1eab666677afd39e4b19a60c70f0bfca68a5730147f81f10,direct-framework-reference,,java/io/Serializable,definition-present,yes-static,103,27,unknown,fd-droidify-evidence.json#/rows/672,False,unknown
fd-droidify,da3070f3f18bdbed1eab666677afd39e4b19a60c70f0bfca68a5730147f81f10,direct-framework-reference,,java/io/StreamCorruptedException,definition-present,unknown,3,0,unknown,fd-droidify-evidence.json#/rows/673,False,unknown
fd-droidify,da3070f3f18bdbed1eab666677afd39e4b19a60c70f0bfca68a5730147f81f10,direct-framework-reference,,java/io/StringReader,definition-present,yes-static,4,3,unknown,fd-droidify-evidence.json#/rows/674,False,unknown
fd-droidify,da3070f3f18bdbed1eab666677afd39e4b19a60c70f0bfca68a5730147f81f10,direct-framework-reference,,java/io/StringWriter,definition-present,unknown,3,0,unknown,fd-droidify-evidence.json#/rows/675,False,unknown
fd-droidify,da3070f3f18bdbed1eab666677afd39e4b19a60c70f0bfca68a5730147f81f10,direct-framework-reference,,java/io/UncheckedIOException,definition-present,yes-static,4,1,unknown,fd-droidify-evidence.json#/rows/676,False,unknown
fd-droidify,da3070f3f18bdbed1eab666677afd39e4b19a60c70f0bfca68a5730147f81f10,direct-framework-reference,,java/io/Writer,definition-present,yes-static,7,4,unknown,fd-droidify-evidence.json#/rows/677,False,unknown
fd-droidify,da3070f3f18bdbed1eab666677afd39e4b19a60c70f0bfca68a5730147f81f10,direct-framework-reference,,java/lang/Appendable,definition-present,yes-static,9,4,unknown,fd-droidify-evidence.json#/rows/678,False,unknown
fd-droidify,da3070f3f18bdbed1eab666677afd39e4b19a60c70f0bfca68a5730147f81f10,direct-framework-reference,,java/lang/ArithmeticException,definition-present,yes-static,13,1,unknown,fd-droidify-evidence.json#/rows/679,False,unknown
fd-droidify,da3070f3f18bdbed1eab666677afd39e4b19a60c70f0bfca68a5730147f81f10,direct-framework-reference,,java/lang/ArrayIndexOutOfBoundsException,definition-present,yes-static,9,3,unknown,fd-droidify-evidence.json#/rows/680,False,unknown
fd-droidify,da3070f3f18bdbed1eab666677afd39e4b19a60c70f0bfca68a5730147f81f10,direct-framework-reference,,java/lang/AssertionError,definition-present,yes-static,29,1,unknown,fd-droidify-evidence.json#/rows/681,False,unknown
fd-droidify,da3070f3f18bdbed1eab666677afd39e4b19a60c70f0bfca68a5730147f81f10,direct-framework-reference,,java/lang/AutoCloseable,definition-present,yes-static,99,15,unknown,fd-droidify-evidence.json#/rows/682,False,unknown
fd-droidify,da3070f3f18bdbed1eab666677afd39e4b19a60c70f0bfca68a5730147f81f10,direct-framework-reference,,java/lang/Boolean,definition-present,yes-static,647,73,unknown,fd-droidify-evidence.json#/rows/683,False,unknown
fd-droidify,da3070f3f18bdbed1eab666677afd39e4b19a60c70f0bfca68a5730147f81f10,direct-framework-reference,,java/lang/Byte,definition-present,yes-static,24,5,unknown,fd-droidify-evidence.json#/rows/684,False,unknown
fd-droidify,da3070f3f18bdbed1eab666677afd39e4b19a60c70f0bfca68a5730147f81f10,direct-framework-reference,,java/lang/CharSequence,definition-present,yes-static,891,117,unknown,fd-droidify-evidence.json#/rows/685,False,unknown
fd-droidify,da3070f3f18bdbed1eab666677afd39e4b19a60c70f0bfca68a5730147f81f10,direct-framework-reference,,java/lang/Character,definition-present,yes-static,88,10,unknown,fd-droidify-evidence.json#/rows/686,False,unknown
fd-droidify,da3070f3f18bdbed1eab666677afd39e4b19a60c70f0bfca68a5730147f81f10,direct-framework-reference,,java/lang/Character$UnicodeBlock,definition-present,unknown,1,0,unknown,fd-droidify-evidence.json#/rows/687,False,unknown
fd-droidify,da3070f3f18bdbed1eab666677afd39e4b19a60c70f0bfca68a5730147f81f10,direct-framework-reference,,java/lang/Class,definition-present,yes-static,4164,620,unknown,fd-droidify-evidence.json#/rows/688,False,unknown
fd-droidify,da3070f3f18bdbed1eab666677afd39e4b19a60c70f0bfca68a5730147f81f10,direct-framework-reference,,java/lang/ClassCastException,definition-present,yes-static,58,10,unknown,fd-droidify-evidence.json#/rows/689,False,unknown
fd-droidify,da3070f3f18bdbed1eab666677afd39e4b19a60c70f0bfca68a5730147f81f10,direct-framework-reference,,java/lang/ClassLoader,definition-present,yes-static,56,8,unknown,fd-droidify-evidence.json#/rows/690,False,unknown
fd-droidify,da3070f3f18bdbed1eab666677afd39e4b19a60c70f0bfca68a5730147f81f10,direct-framework-reference,,java/lang/ClassNotFoundException,definition-present,unknown,1,0,unknown,fd-droidify-evidence.json#/rows/691,False,unknown
fd-droidify,da3070f3f18bdbed1eab666677afd39e4b19a60c70f0bfca68a5730147f81f10,direct-framework-reference,,java/lang/Comparable,definition-present,yes-static,57,9,unknown,fd-droidify-evidence.json#/rows/692,False,unknown
fd-droidify,da3070f3f18bdbed1eab666677afd39e4b19a60c70f0bfca68a5730147f81f10,direct-framework-reference,,java/lang/Deprecated,definition-present,unknown,1,0,unknown,fd-droidify-evidence.json#/rows/693,False,unknown
fd-droidify,da3070f3f18bdbed1eab666677afd39e4b19a60c70f0bfca68a5730147f81f10,direct-framework-reference,,java/lang/Double,definition-present,yes-static,121,8,unknown,fd-droidify-evidence.json#/rows/694,False,unknown
fd-droidify,da3070f3f18bdbed1eab666677afd39e4b19a60c70f0bfca68a5730147f81f10,direct-framework-reference,,java/lang/Enum,definition-present,yes-static,753,54,unknown,fd-droidify-evidence.json#/rows/695,False,unknown
fd-droidify,da3070f3f18bdbed1eab666677afd39e4b19a60c70f0bfca68a5730147f81f10,direct-framework-reference,,java/lang/Error,definition-present,yes-static,15,3,unknown,fd-droidify-evidence.json#/rows/696,False,unknown
fd-droidify,da3070f3f18bdbed1eab666677afd39e4b19a60c70f0bfca68a5730147f81f10,direct-framework-reference,,java/lang/Exception,definition-present,yes-static,81,7,unknown,fd-droidify-evidence.json#/rows/697,False,unknown
fd-droidify,da3070f3f18bdbed1eab666677afd39e4b19a60c70f0bfca68a5730147f81f10,direct-framework-reference,,java/lang/ExceptionInInitializerError,definition-present,yes-static,1,1,unknown,fd-droidify-evidence.json#/rows/698,False,unknown
fd-droidify,da3070f3f18bdbed1eab666677afd39e4b19a60c70f0bfca68a5730147f81f10,direct-framework-reference,,java/lang/Float,definition-present,yes-static,577,62,unknown,fd-droidify-evidence.json#/rows/699,False,unknown
fd-droidify,da3070f3f18bdbed1eab666677afd39e4b19a60c70f0bfca68a5730147f81f10,direct-framework-reference,,java/lang/IllegalAccessException,definition-present,unknown,2,0,unknown,fd-droidify-evidence.json#/rows/700,False,unknown
fd-droidify,da3070f3f18bdbed1eab666677afd39e4b19a60c70f0bfca68a5730147f81f10,direct-framework-reference,,java/lang/IllegalArgumentException,definition-present,yes-static,200,52,unknown,fd-droidify-evidence.json#/rows/701,False,unknown
fd-droidify,da3070f3f18bdbed1eab666677afd39e4b19a60c70f0bfca68a5730147f81f10,direct-framework-reference,,java/lang/IllegalStateException,definition-present,yes-static,298,50,unknown,fd-droidify-evidence.json#/rows/702,False,unknown
fd-droidify,da3070f3f18bdbed1eab666677afd39e4b19a60c70f0bfca68a5730147f81f10,direct-framework-reference,,java/lang/IndexOutOfBoundsException,definition-present,yes-static,58,6,unknown,fd-droidify-evidence.json#/rows/703,False,unknown
fd-droidify,da3070f3f18bdbed1eab666677afd39e4b19a60c70f0bfca68a5730147f81f10,direct-framework-reference,,java/lang/InstantiationException,definition-present,unknown,1,0,unknown,fd-droidify-evidence.json#/rows/704,False,unknown
fd-droidify,da3070f3f18bdbed1eab666677afd39e4b19a60c70f0bfca68a5730147f81f10,direct-framework-reference,,java/lang/Integer,definition-present,yes-static,1073,118,unknown,fd-droidify-evidence.json#/rows/705,False,unknown
fd-droidify,da3070f3f18bdbed1eab666677afd39e4b19a60c70f0bfca68a5730147f81f10,direct-framework-reference,,java/lang/InternalError,definition-present,unknown,1,0,unknown,fd-droidify-evidence.json#/rows/706,False,unknown
fd-droidify,da3070f3f18bdbed1eab666677afd39e4b19a60c70f0bfca68a5730147f81f10,direct-framework-reference,,java/lang/InterruptedException,definition-present,yes-static,8,3,unknown,fd-droidify-evidence.json#/rows/707,False,unknown
fd-droidify,da3070f3f18bdbed1eab666677afd39e4b19a60c70f0bfca68a5730147f81f10,direct-framework-reference,,java/lang/Iterable,definition-present,yes-static,327,50,unknown,fd-droidify-evidence.json#/rows/708,False,unknown
fd-droidify,da3070f3f18bdbed1eab666677afd39e4b19a60c70f0bfca68a5730147f81f10,direct-framework-reference,,java/lang/Long,definition-present,yes-static,413,56,unknown,fd-droidify-evidence.json#/rows/709,False,unknown
fd-droidify,da3070f3f18bdbed1eab666677afd39e4b19a60c70f0bfca68a5730147f81f10,direct-framework-reference,,java/lang/Math,definition-present,yes-static,807,81,unknown,fd-droidify-evidence.json#/rows/710,False,unknown
fd-droidify,da3070f3f18bdbed1eab666677afd39e4b19a60c70f0bfca68a5730147f81f10,direct-framework-reference,,java/lang/NoClassDefFoundError,definition-present,yes-static,11,1,unknown,fd-droidify-evidence.json#/rows/711,False,unknown
fd-droidify,da3070f3f18bdbed1eab666677afd39e4b19a60c70f0bfca68a5730147f81f10,direct-framework-reference,,java/lang/NoSuchFieldException,definition-present,unknown,2,0,unknown,fd-droidify-evidence.json#/rows/712,False,unknown
fd-droidify,da3070f3f18bdbed1eab666677afd39e4b19a60c70f0bfca68a5730147f81f10,direct-framework-reference,,java/lang/NoSuchMethodException,definition-present,unknown,2,0,unknown,fd-droidify-evidence.json#/rows/713,False,unknown
fd-droidify,da3070f3f18bdbed1eab666677afd39e4b19a60c70f0bfca68a5730147f81f10,direct-framework-reference,,java/lang/NullPointerException,definition-present,yes-static,8,2,unknown,fd-droidify-evidence.json#/rows/714,False,unknown
fd-droidify,da3070f3f18bdbed1eab666677afd39e4b19a60c70f0bfca68a5730147f81f10,direct-framework-reference,,java/lang/Number,definition-present,yes-static,249,25,unknown,fd-droidify-evidence.json#/rows/715,False,unknown
fd-droidify,da3070f3f18bdbed1eab666677afd39e4b19a60c70f0bfca68a5730147f81f10,direct-framework-reference,,java/lang/NumberFormatException,definition-present,yes-static,33,5,unknown,fd-droidify-evidence.json#/rows/716,False,unknown
fd-droidify,da3070f3f18bdbed1eab666677afd39e4b19a60c70f0bfca68a5730147f81f10,direct-framework-reference,,java/lang/Object,definition-present,yes-static,16119,2285,unknown,fd-droidify-evidence.json#/rows/717,False,unknown
fd-droidify,da3070f3f18bdbed1eab666677afd39e4b19a60c70f0bfca68a5730147f81f10,direct-framework-reference,,java/lang/OutOfMemoryError,definition-present,yes-static,8,3,unknown,fd-droidify-evidence.json#/rows/718,False,unknown
fd-droidify,da3070f3f18bdbed1eab666677afd39e4b19a60c70f0bfca68a5730147f81f10,direct-framework-reference,,java/lang/Package,definition-present,yes-static,6,2,unknown,fd-droidify-evidence.json#/rows/719,False,unknown
fd-droidify,da3070f3f18bdbed1eab666677afd39e4b19a60c70f0bfca68a5730147f81f10,direct-framework-reference,,java/lang/Process,definition-present,yes-static,7,1,unknown,fd-droidify-evidence.json#/rows/720,False,unknown
fd-droidify,da3070f3f18bdbed1eab666677afd39e4b19a60c70f0bfca68a5730147f81f10,direct-framework-reference,,java/lang/Runnable,definition-present,yes-static,410,55,unknown,fd-droidify-evidence.json#/rows/721,False,unknown
fd-droidify,da3070f3f18bdbed1eab666677afd39e4b19a60c70f0bfca68a5730147f81f10,direct-framework-reference,,java/lang/Runtime,definition-present,yes-static,6,3,unknown,fd-droidify-evidence.json#/rows/722,False,unknown
fd-droidify,da3070f3f18bdbed1eab666677afd39e4b19a60c70f0bfca68a5730147f81f10,direct-framework-reference,,java/lang/RuntimeException,definition-present,yes-static,190,26,unknown,fd-droidify-evidence.json#/rows/723,False,unknown
fd-droidify,da3070f3f18bdbed1eab666677afd39e4b19a60c70f0bfca68a5730147f81f10,direct-framework-reference,,java/lang/SecurityException,definition-present,unknown,1,0,unknown,fd-droidify-evidence.json#/rows/724,False,unknown
fd-droidify,da3070f3f18bdbed1eab666677afd39e4b19a60c70f0bfca68a5730147f81f10,direct-framework-reference,,java/lang/Short,definition-present,yes-static,8,2,unknown,fd-droidify-evidence.json#/rows/725,False,unknown
fd-droidify,da3070f3f18bdbed1eab666677afd39e4b19a60c70f0bfca68a5730147f81f10,direct-framework-reference,,java/lang/StackTraceElement,definition-present,yes-static,24,3,unknown,fd-droidify-evidence.json#/rows/726,False,unknown
fd-droidify,da3070f3f18bdbed1eab666677afd39e4b19a60c70f0bfca68a5730147f81f10,direct-framework-reference,,java/lang/StrictMath,definition-present,unknown,1,0,unknown,fd-droidify-evidence.json#/rows/727,False,unknown
fd-droidify,da3070f3f18bdbed1eab666677afd39e4b19a60c70f0bfca68a5730147f81f10,direct-framework-reference,,java/lang/String,definition-present,yes-static,8062,1018,unknown,fd-droidify-evidence.json#/rows/728,False,unknown
fd-droidify,da3070f3f18bdbed1eab666677afd39e4b19a60c70f0bfca68a5730147f81f10,direct-framework-reference,,java/lang/StringBuffer,definition-present,unknown,2,0,unknown,fd-droidify-evidence.json#/rows/729,False,unknown
fd-droidify,da3070f3f18bdbed1eab666677afd39e4b19a60c70f0bfca68a5730147f81f10,direct-framework-reference,,java/lang/StringBuilder,definition-present,yes-static,1936,252,unknown,fd-droidify-evidence.json#/rows/730,False,unknown
fd-droidify,da3070f3f18bdbed1eab666677afd39e4b19a60c70f0bfca68a5730147f81f10,direct-framework-reference,,java/lang/System,definition-present,yes-static,243,43,unknown,fd-droidify-evidence.json#/rows/731,False,unknown
fd-droidify,da3070f3f18bdbed1eab666677afd39e4b19a60c70f0bfca68a5730147f81f10,direct-framework-reference,,java/lang/Thread,definition-present,yes-static,103,17,unknown,fd-droidify-evidence.json#/rows/732,False,unknown
fd-droidify,da3070f3f18bdbed1eab666677afd39e4b19a60c70f0bfca68a5730147f81f10,direct-framework-reference,,java/lang/Thread$State,definition-present,unknown,1,0,unknown,fd-droidify-evidence.json#/rows/733,False,unknown
fd-droidify,da3070f3f18bdbed1eab666677afd39e4b19a60c70f0bfca68a5730147f81f10,direct-framework-reference,,java/lang/Thread$UncaughtExceptionHandler,definition-present,yes-static,4,1,unknown,fd-droidify-evidence.json#/rows/734,False,unknown
fd-droidify,da3070f3f18bdbed1eab666677afd39e4b19a60c70f0bfca68a5730147f81f10,direct-framework-reference,,java/lang/ThreadLocal,definition-present,yes-static,68,23,unknown,fd-droidify-evidence.json#/rows/735,False,unknown
fd-droidify,da3070f3f18bdbed1eab666677afd39e4b19a60c70f0bfca68a5730147f81f10,direct-framework-reference,,java/lang/Throwable,definition-present,yes-static,882,150,unknown,fd-droidify-evidence.json#/rows/736,False,unknown
fd-droidify,da3070f3f18bdbed1eab666677afd39e4b19a60c70f0bfca68a5730147f81f10,direct-framework-reference,,java/lang/UnsupportedClassVersionError,definition-present,unknown,1,0,unknown,fd-droidify-evidence.json#/rows/737,False,unknown
fd-droidify,da3070f3f18bdbed1eab666677afd39e4b19a60c70f0bfca68a5730147f81f10,direct-framework-reference,,java/lang/UnsupportedOperationException,definition-present,yes-static,381,7,unknown,fd-droidify-evidence.json#/rows/738,False,unknown
fd-droidify,da3070f3f18bdbed1eab666677afd39e4b19a60c70f0bfca68a5730147f81f10,direct-framework-reference,,java/lang/Void,definition-present,yes-static,52,10,unknown,fd-droidify-evidence.json#/rows/739,False,unknown
fd-droidify,da3070f3f18bdbed1eab666677afd39e4b19a60c70f0bfca68a5730147f81f10,direct-framework-reference,,java/lang/annotation/Annotation,definition-present,yes-static,11,2,unknown,fd-droidify-evidence.json#/rows/740,False,unknown
fd-droidify,da3070f3f18bdbed1eab666677afd39e4b19a60c70f0bfca68a5730147f81f10,direct-framework-reference,,java/lang/ref/Reference,definition-present,yes-static,115,22,unknown,fd-droidify-evidence.json#/rows/741,False,unknown
fd-droidify,da3070f3f18bdbed1eab666677afd39e4b19a60c70f0bfca68a5730147f81f10,direct-framework-reference,,java/lang/ref/ReferenceQueue,definition-present,yes-static,4,4,unknown,fd-droidify-evidence.json#/rows/742,False,unknown
fd-droidify,da3070f3f18bdbed1eab666677afd39e4b19a60c70f0bfca68a5730147f81f10,direct-framework-reference,,java/lang/ref/SoftReference,definition-present,yes-static,1,1,unknown,fd-droidify-evidence.json#/rows/743,False,unknown
fd-droidify,da3070f3f18bdbed1eab666677afd39e4b19a60c70f0bfca68a5730147f81f10,direct-framework-reference,,java/lang/ref/WeakReference,definition-present,yes-static,142,29,unknown,fd-droidify-evidence.json#/rows/744,False,unknown
fd-droidify,da3070f3f18bdbed1eab666677afd39e4b19a60c70f0bfca68a5730147f81f10,direct-framework-reference,,java/lang/reflect/AccessibleObject,definition-present,yes-static,41,10,unknown,fd-droidify-evidence.json#/rows/745,False,unknown
fd-droidify,da3070f3f18bdbed1eab666677afd39e4b19a60c70f0bfca68a5730147f81f10,direct-framework-reference,,java/lang/reflect/Array,definition-present,yes-static,22,4,unknown,fd-droidify-evidence.json#/rows/746,False,unknown
fd-droidify,da3070f3f18bdbed1eab666677afd39e4b19a60c70f0bfca68a5730147f81f10,direct-framework-reference,,java/lang/reflect/Constructor,definition-present,yes-static,46,12,unknown,fd-droidify-evidence.json#/rows/747,False,unknown
fd-droidify,da3070f3f18bdbed1eab666677afd39e4b19a60c70f0bfca68a5730147f81f10,direct-framework-reference,,java/lang/reflect/Field,definition-present,yes-static,66,19,unknown,fd-droidify-evidence.json#/rows/748,False,unknown
fd-droidify,da3070f3f18bdbed1eab666677afd39e4b19a60c70f0bfca68a5730147f81f10,direct-framework-reference,,java/lang/reflect/InvocationTargetException,definition-present,yes-static,11,1,unknown,fd-droidify-evidence.json#/rows/749,False,unknown
fd-droidify,da3070f3f18bdbed1eab666677afd39e4b19a60c70f0bfca68a5730147f81f10,direct-framework-reference,,java/lang/reflect/Method,definition-present,yes-static,126,26,unknown,fd-droidify-evidence.json#/rows/750,False,unknown
fd-droidify,da3070f3f18bdbed1eab666677afd39e4b19a60c70f0bfca68a5730147f81f10,direct-framework-reference,,java/lang/reflect/Modifier,definition-present,yes-static,9,2,unknown,fd-droidify-evidence.json#/rows/751,False,unknown
fd-droidify,da3070f3f18bdbed1eab666677afd39e4b19a60c70f0bfca68a5730147f81f10,direct-framework-reference,,java/lang/reflect/ParameterizedType,definition-present,yes-static,1,1,unknown,fd-droidify-evidence.json#/rows/752,False,unknown
fd-droidify,da3070f3f18bdbed1eab666677afd39e4b19a60c70f0bfca68a5730147f81f10,direct-framework-reference,,java/lang/reflect/Type,definition-present,yes-static,2,1,unknown,fd-droidify-evidence.json#/rows/753,False,unknown
fd-droidify,da3070f3f18bdbed1eab666677afd39e4b19a60c70f0bfca68a5730147f81f10,direct-framework-reference,,java/lang/reflect/UndeclaredThrowableException,definition-present,unknown,1,0,unknown,fd-droidify-evidence.json#/rows/754,False,unknown
fd-droidify,da3070f3f18bdbed1eab666677afd39e4b19a60c70f0bfca68a5730147f81f10,direct-framework-reference,,java/math/BigDecimal,definition-present,unknown,14,0,unknown,fd-droidify-evidence.json#/rows/755,False,unknown
fd-droidify,da3070f3f18bdbed1eab666677afd39e4b19a60c70f0bfca68a5730147f81f10,direct-framework-reference,,java/math/BigInteger,definition-present,unknown,26,0,unknown,fd-droidify-evidence.json#/rows/756,False,unknown
fd-droidify,da3070f3f18bdbed1eab666677afd39e4b19a60c70f0bfca68a5730147f81f10,direct-framework-reference,,java/math/RoundingMode,definition-present,unknown,1,0,unknown,fd-droidify-evidence.json#/rows/757,False,unknown
fd-droidify,da3070f3f18bdbed1eab666677afd39e4b19a60c70f0bfca68a5730147f81f10,direct-framework-reference,,java/net/ConnectException,definition-present,unknown,7,0,unknown,fd-droidify-evidence.json#/rows/758,False,unknown
fd-droidify,da3070f3f18bdbed1eab666677afd39e4b19a60c70f0bfca68a5730147f81f10,direct-framework-reference,,java/net/IDN,definition-present,unknown,1,0,unknown,fd-droidify-evidence.json#/rows/759,False,unknown
fd-droidify,da3070f3f18bdbed1eab666677afd39e4b19a60c70f0bfca68a5730147f81f10,direct-framework-reference,,java/net/Inet6Address,definition-present,unknown,1,0,unknown,fd-droidify-evidence.json#/rows/760,False,unknown
fd-droidify,da3070f3f18bdbed1eab666677afd39e4b19a60c70f0bfca68a5730147f81f10,direct-framework-reference,,java/net/InetAddress,definition-present,unknown,2,0,unknown,fd-droidify-evidence.json#/rows/761,False,unknown
fd-droidify,da3070f3f18bdbed1eab666677afd39e4b19a60c70f0bfca68a5730147f81f10,direct-framework-reference,,java/net/InetSocketAddress,definition-present,unknown,12,0,unknown,fd-droidify-evidence.json#/rows/762,False,unknown
fd-droidify,da3070f3f18bdbed1eab666677afd39e4b19a60c70f0bfca68a5730147f81f10,direct-framework-reference,,java/net/JarURLConnection,definition-present,unknown,1,0,unknown,fd-droidify-evidence.json#/rows/763,False,unknown
fd-droidify,da3070f3f18bdbed1eab666677afd39e4b19a60c70f0bfca68a5730147f81f10,direct-framework-reference,,java/net/ProtocolException,definition-present,unknown,12,0,unknown,fd-droidify-evidence.json#/rows/764,False,unknown
fd-droidify,da3070f3f18bdbed1eab666677afd39e4b19a60c70f0bfca68a5730147f81f10,direct-framework-reference,,java/net/Proxy,definition-present,unknown,22,0,unknown,fd-droidify-evidence.json#/rows/765,False,unknown
fd-droidify,da3070f3f18bdbed1eab666677afd39e4b19a60c70f0bfca68a5730147f81f10,direct-framework-reference,,java/net/Proxy$Type,definition-present,unknown,10,0,unknown,fd-droidify-evidence.json#/rows/766,False,unknown
fd-droidify,da3070f3f18bdbed1eab666677afd39e4b19a60c70f0bfca68a5730147f81f10,direct-framework-reference,,java/net/ProxySelector,definition-present,unknown,10,0,unknown,fd-droidify-evidence.json#/rows/767,False,unknown
fd-droidify,da3070f3f18bdbed1eab666677afd39e4b19a60c70f0bfca68a5730147f81f10,direct-framework-reference,,java/net/Socket,definition-present,unknown,23,0,unknown,fd-droidify-evidence.json#/rows/768,False,unknown
fd-droidify,da3070f3f18bdbed1eab666677afd39e4b19a60c70f0bfca68a5730147f81f10,direct-framework-reference,,java/net/SocketAddress,definition-present,unknown,6,0,unknown,fd-droidify-evidence.json#/rows/769,False,unknown
fd-droidify,da3070f3f18bdbed1eab666677afd39e4b19a60c70f0bfca68a5730147f81f10,direct-framework-reference,,java/net/SocketException,definition-present,unknown,1,0,unknown,fd-droidify-evidence.json#/rows/770,False,unknown
fd-droidify,da3070f3f18bdbed1eab666677afd39e4b19a60c70f0bfca68a5730147f81f10,direct-framework-reference,,java/net/SocketTimeoutException,definition-present,unknown,9,0,unknown,fd-droidify-evidence.json#/rows/771,False,unknown
fd-droidify,da3070f3f18bdbed1eab666677afd39e4b19a60c70f0bfca68a5730147f81f10,direct-framework-reference,,java/net/URI,definition-present,unknown,13,0,unknown,fd-droidify-evidence.json#/rows/772,False,unknown
fd-droidify,da3070f3f18bdbed1eab666677afd39e4b19a60c70f0bfca68a5730147f81f10,direct-framework-reference,,java/net/URL,definition-present,unknown,7,0,unknown,fd-droidify-evidence.json#/rows/773,False,unknown
fd-droidify,da3070f3f18bdbed1eab666677afd39e4b19a60c70f0bfca68a5730147f81f10,direct-framework-reference,,java/net/URLConnection,definition-present,unknown,1,0,unknown,fd-droidify-evidence.json#/rows/774,False,unknown
fd-droidify,da3070f3f18bdbed1eab666677afd39e4b19a60c70f0bfca68a5730147f81f10,direct-framework-reference,,java/net/URLDecoder,definition-present,unknown,3,0,unknown,fd-droidify-evidence.json#/rows/775,False,unknown
fd-droidify,da3070f3f18bdbed1eab666677afd39e4b19a60c70f0bfca68a5730147f81f10,direct-framework-reference,,java/net/UnknownHostException,definition-present,unknown,1,0,unknown,fd-droidify-evidence.json#/rows/776,False,unknown
fd-droidify,da3070f3f18bdbed1eab666677afd39e4b19a60c70f0bfca68a5730147f81f10,direct-framework-reference,,java/net/UnknownServiceException,definition-present,unknown,2,0,unknown,fd-droidify-evidence.json#/rows/777,False,unknown
fd-droidify,da3070f3f18bdbed1eab666677afd39e4b19a60c70f0bfca68a5730147f81f10,direct-framework-reference,,java/nio/Buffer,definition-present,unknown,15,0,unknown,fd-droidify-evidence.json#/rows/778,False,unknown
fd-droidify,da3070f3f18bdbed1eab666677afd39e4b19a60c70f0bfca68a5730147f81f10,direct-framework-reference,,java/nio/ByteBuffer,definition-present,yes-static,41,6,unknown,fd-droidify-evidence.json#/rows/779,False,unknown
fd-droidify,da3070f3f18bdbed1eab666677afd39e4b19a60c70f0bfca68a5730147f81f10,direct-framework-reference,,java/nio/ByteOrder,definition-present,yes-static,37,35,unknown,fd-droidify-evidence.json#/rows/780,False,unknown
fd-droidify,da3070f3f18bdbed1eab666677afd39e4b19a60c70f0bfca68a5730147f81f10,direct-framework-reference,,java/nio/CharBuffer,definition-present,unknown,2,0,unknown,fd-droidify-evidence.json#/rows/781,False,unknown
fd-droidify,da3070f3f18bdbed1eab666677afd39e4b19a60c70f0bfca68a5730147f81f10,direct-framework-reference,,java/nio/FloatBuffer,definition-present,unknown,3,0,unknown,fd-droidify-evidence.json#/rows/782,False,unknown
fd-droidify,da3070f3f18bdbed1eab666677afd39e4b19a60c70f0bfca68a5730147f81f10,direct-framework-reference,,java/nio/IntBuffer,definition-present,unknown,1,0,unknown,fd-droidify-evidence.json#/rows/783,False,unknown
fd-droidify,da3070f3f18bdbed1eab666677afd39e4b19a60c70f0bfca68a5730147f81f10,direct-framework-reference,,java/nio/MappedByteBuffer,definition-present,unknown,4,0,unknown,fd-droidify-evidence.json#/rows/784,False,unknown
fd-droidify,da3070f3f18bdbed1eab666677afd39e4b19a60c70f0bfca68a5730147f81f10,direct-framework-reference,,java/nio/channels/FileChannel,definition-present,yes-static,7,4,unknown,fd-droidify-evidence.json#/rows/785,False,unknown
fd-droidify,da3070f3f18bdbed1eab666677afd39e4b19a60c70f0bfca68a5730147f81f10,direct-framework-reference,,java/nio/channels/FileChannel$MapMode,definition-present,unknown,2,0,unknown,fd-droidify-evidence.json#/rows/786,False,unknown
fd-droidify,da3070f3f18bdbed1eab666677afd39e4b19a60c70f0bfca68a5730147f81f10,direct-framework-reference,,java/nio/channels/FileLock,definition-present,yes-static,3,2,unknown,fd-droidify-evidence.json#/rows/787,False,unknown
fd-droidify,da3070f3f18bdbed1eab666677afd39e4b19a60c70f0bfca68a5730147f81f10,direct-framework-reference,,java/nio/channels/spi/AbstractInterruptibleChannel,definition-present,yes-static,4,3,unknown,fd-droidify-evidence.json#/rows/788,False,unknown
fd-droidify,da3070f3f18bdbed1eab666677afd39e4b19a60c70f0bfca68a5730147f81f10,direct-framework-reference,,java/nio/charset/Charset,definition-present,yes-static,81,7,unknown,fd-droidify-evidence.json#/rows/789,False,unknown
fd-droidify,da3070f3f18bdbed1eab666677afd39e4b19a60c70f0bfca68a5730147f81f10,direct-framework-reference,,java/nio/charset/CharsetDecoder,definition-present,unknown,2,0,unknown,fd-droidify-evidence.json#/rows/790,False,unknown
fd-droidify,da3070f3f18bdbed1eab666677afd39e4b19a60c70f0bfca68a5730147f81f10,direct-framework-reference,,java/nio/charset/CharsetEncoder,definition-present,unknown,1,0,unknown,fd-droidify-evidence.json#/rows/791,False,unknown
fd-droidify,da3070f3f18bdbed1eab666677afd39e4b19a60c70f0bfca68a5730147f81f10,direct-framework-reference,,java/nio/charset/CoderResult,definition-present,unknown,2,0,unknown,fd-droidify-evidence.json#/rows/792,False,unknown
fd-droidify,da3070f3f18bdbed1eab666677afd39e4b19a60c70f0bfca68a5730147f81f10,direct-framework-reference,,java/nio/charset/CodingErrorAction,definition-present,unknown,2,0,unknown,fd-droidify-evidence.json#/rows/793,False,unknown
fd-droidify,da3070f3f18bdbed1eab666677afd39e4b19a60c70f0bfca68a5730147f81f10,direct-framework-reference,,java/nio/charset/StandardCharsets,definition-present,yes-static,21,1,unknown,fd-droidify-evidence.json#/rows/794,False,unknown
fd-droidify,da3070f3f18bdbed1eab666677afd39e4b19a60c70f0bfca68a5730147f81f10,direct-framework-reference,,java/nio/file/CopyOption,definition-present,unknown,2,0,unknown,fd-droidify-evidence.json#/rows/795,False,unknown
fd-droidify,da3070f3f18bdbed1eab666677afd39e4b19a60c70f0bfca68a5730147f81f10,direct-framework-reference,,java/nio/file/Files,definition-present,unknown,4,0,unknown,fd-droidify-evidence.json#/rows/796,False,unknown
fd-droidify,da3070f3f18bdbed1eab666677afd39e4b19a60c70f0bfca68a5730147f81f10,direct-framework-reference,,java/nio/file/LinkOption,definition-present,unknown,1,0,unknown,fd-droidify-evidence.json#/rows/797,False,unknown
fd-droidify,da3070f3f18bdbed1eab666677afd39e4b19a60c70f0bfca68a5730147f81f10,direct-framework-reference,,java/nio/file/NoSuchFileException,definition-present,unknown,1,0,unknown,fd-droidify-evidence.json#/rows/798,False,unknown
fd-droidify,da3070f3f18bdbed1eab666677afd39e4b19a60c70f0bfca68a5730147f81f10,direct-framework-reference,,java/nio/file/Path,definition-present,unknown,4,0,unknown,fd-droidify-evidence.json#/rows/799,False,unknown
fd-droidify,da3070f3f18bdbed1eab666677afd39e4b19a60c70f0bfca68a5730147f81f10,direct-framework-reference,,java/nio/file/Paths,definition-present,unknown,2,0,unknown,fd-droidify-evidence.json#/rows/800,False,unknown
fd-droidify,da3070f3f18bdbed1eab666677afd39e4b19a60c70f0bfca68a5730147f81f10,direct-framework-reference,,java/nio/file/StandardCopyOption,definition-present,unknown,2,0,unknown,fd-droidify-evidence.json#/rows/801,False,unknown
fd-droidify,da3070f3f18bdbed1eab666677afd39e4b19a60c70f0bfca68a5730147f81f10,direct-framework-reference,,java/nio/file/attribute/BasicFileAttributes,definition-present,unknown,1,0,unknown,fd-droidify-evidence.json#/rows/802,False,unknown
fd-droidify,da3070f3f18bdbed1eab666677afd39e4b19a60c70f0bfca68a5730147f81f10,direct-framework-reference,,java/nio/file/attribute/FileTime,definition-present,unknown,2,0,unknown,fd-droidify-evidence.json#/rows/803,False,unknown
fd-droidify,da3070f3f18bdbed1eab666677afd39e4b19a60c70f0bfca68a5730147f81f10,direct-framework-reference,,java/security/AccessController,definition-present,unknown,6,0,unknown,fd-droidify-evidence.json#/rows/804,False,unknown
fd-droidify,da3070f3f18bdbed1eab666677afd39e4b19a60c70f0bfca68a5730147f81f10,direct-framework-reference,,java/security/CodeSigner,definition-present,unknown,4,0,unknown,fd-droidify-evidence.json#/rows/805,False,unknown
fd-droidify,da3070f3f18bdbed1eab666677afd39e4b19a60c70f0bfca68a5730147f81f10,direct-framework-reference,,java/security/Key,definition-present,unknown,3,0,unknown,fd-droidify-evidence.json#/rows/806,False,unknown
fd-droidify,da3070f3f18bdbed1eab666677afd39e4b19a60c70f0bfca68a5730147f81f10,direct-framework-reference,,java/security/KeyStore,definition-present,unknown,1,0,unknown,fd-droidify-evidence.json#/rows/807,False,unknown
fd-droidify,da3070f3f18bdbed1eab666677afd39e4b19a60c70f0bfca68a5730147f81f10,direct-framework-reference,,java/security/MessageDigest,definition-present,yes-static,8,1,unknown,fd-droidify-evidence.json#/rows/808,False,unknown
fd-droidify,da3070f3f18bdbed1eab666677afd39e4b19a60c70f0bfca68a5730147f81f10,direct-framework-reference,,java/security/Principal,definition-present,unknown,3,0,unknown,fd-droidify-evidence.json#/rows/809,False,unknown
fd-droidify,da3070f3f18bdbed1eab666677afd39e4b19a60c70f0bfca68a5730147f81f10,direct-framework-reference,,java/security/PrivilegedAction,definition-present,unknown,4,0,unknown,fd-droidify-evidence.json#/rows/810,False,unknown
fd-droidify,da3070f3f18bdbed1eab666677afd39e4b19a60c70f0bfca68a5730147f81f10,direct-framework-reference,,java/security/PrivilegedExceptionAction,definition-present,unknown,2,0,unknown,fd-droidify-evidence.json#/rows/811,False,unknown
fd-droidify,da3070f3f18bdbed1eab666677afd39e4b19a60c70f0bfca68a5730147f81f10,direct-framework-reference,,java/security/PublicKey,definition-present,unknown,3,0,unknown,fd-droidify-evidence.json#/rows/812,False,unknown
fd-droidify,da3070f3f18bdbed1eab666677afd39e4b19a60c70f0bfca68a5730147f81f10,direct-framework-reference,,java/security/SecureRandom,definition-present,unknown,2,0,unknown,fd-droidify-evidence.json#/rows/813,False,unknown
fd-droidify,da3070f3f18bdbed1eab666677afd39e4b19a60c70f0bfca68a5730147f81f10,direct-framework-reference,,java/security/cert/CertPath,definition-present,unknown,2,0,unknown,fd-droidify-evidence.json#/rows/814,False,unknown
fd-droidify,da3070f3f18bdbed1eab666677afd39e4b19a60c70f0bfca68a5730147f81f10,direct-framework-reference,,java/security/cert/Certificate,definition-present,unknown,9,0,unknown,fd-droidify-evidence.json#/rows/815,False,unknown
fd-droidify,da3070f3f18bdbed1eab666677afd39e4b19a60c70f0bfca68a5730147f81f10,direct-framework-reference,,java/security/cert/CertificateException,definition-present,unknown,2,0,unknown,fd-droidify-evidence.json#/rows/816,False,unknown
fd-droidify,da3070f3f18bdbed1eab666677afd39e4b19a60c70f0bfca68a5730147f81f10,direct-framework-reference,,java/security/cert/TrustAnchor,definition-present,unknown,1,0,unknown,fd-droidify-evidence.json#/rows/817,False,unknown
fd-droidify,da3070f3f18bdbed1eab666677afd39e4b19a60c70f0bfca68a5730147f81f10,direct-framework-reference,,java/security/cert/X509Certificate,definition-present,unknown,14,0,unknown,fd-droidify-evidence.json#/rows/818,False,unknown
fd-droidify,da3070f3f18bdbed1eab666677afd39e4b19a60c70f0bfca68a5730147f81f10,direct-framework-reference,,java/security/spec/AlgorithmParameterSpec,definition-present,unknown,1,0,unknown,fd-droidify-evidence.json#/rows/819,False,unknown
fd-droidify,da3070f3f18bdbed1eab666677afd39e4b19a60c70f0bfca68a5730147f81f10,direct-framework-reference,,java/text/Bidi,definition-present,yes-static,3,2,unknown,fd-droidify-evidence.json#/rows/820,False,unknown
fd-droidify,da3070f3f18bdbed1eab666677afd39e4b19a60c70f0bfca68a5730147f81f10,direct-framework-reference,,java/text/BreakIterator,definition-present,unknown,17,0,unknown,fd-droidify-evidence.json#/rows/821,False,unknown
fd-droidify,da3070f3f18bdbed1eab666677afd39e4b19a60c70f0bfca68a5730147f81f10,direct-framework-reference,,java/text/CharacterIterator,definition-present,unknown,2,0,unknown,fd-droidify-evidence.json#/rows/822,False,unknown
fd-droidify,da3070f3f18bdbed1eab666677afd39e4b19a60c70f0bfca68a5730147f81f10,direct-framework-reference,,java/text/DateFormat,definition-present,yes-static,10,2,unknown,fd-droidify-evidence.json#/rows/823,False,unknown
fd-droidify,da3070f3f18bdbed1eab666677afd39e4b19a60c70f0bfca68a5730147f81f10,direct-framework-reference,,java/text/DecimalFormat,definition-present,unknown,3,0,unknown,fd-droidify-evidence.json#/rows/824,False,unknown
fd-droidify,da3070f3f18bdbed1eab666677afd39e4b19a60c70f0bfca68a5730147f81f10,direct-framework-reference,,java/text/DecimalFormatSymbols,definition-present,unknown,1,0,unknown,fd-droidify-evidence.json#/rows/825,False,unknown
fd-droidify,da3070f3f18bdbed1eab666677afd39e4b19a60c70f0bfca68a5730147f81f10,direct-framework-reference,,java/text/Format,definition-present,unknown,2,0,unknown,fd-droidify-evidence.json#/rows/826,False,unknown
fd-droidify,da3070f3f18bdbed1eab666677afd39e4b19a60c70f0bfca68a5730147f81f10,direct-framework-reference,,java/text/MessageFormat,definition-present,yes-static,2,1,unknown,fd-droidify-evidence.json#/rows/827,False,unknown
fd-droidify,da3070f3f18bdbed1eab666677afd39e4b19a60c70f0bfca68a5730147f81f10,direct-framework-reference,,java/text/Normalizer,definition-present,unknown,1,0,unknown,fd-droidify-evidence.json#/rows/828,False,unknown
fd-droidify,da3070f3f18bdbed1eab666677afd39e4b19a60c70f0bfca68a5730147f81f10,direct-framework-reference,,java/text/Normalizer$Form,definition-present,unknown,1,0,unknown,fd-droidify-evidence.json#/rows/829,False,unknown
fd-droidify,da3070f3f18bdbed1eab666677afd39e4b19a60c70f0bfca68a5730147f81f10,direct-framework-reference,,java/text/NumberFormat,definition-present,unknown,5,0,unknown,fd-droidify-evidence.json#/rows/830,False,unknown
fd-droidify,da3070f3f18bdbed1eab666677afd39e4b19a60c70f0bfca68a5730147f81f10,direct-framework-reference,,java/text/ParseException,definition-present,unknown,1,0,unknown,fd-droidify-evidence.json#/rows/831,False,unknown
fd-droidify,da3070f3f18bdbed1eab666677afd39e4b19a60c70f0bfca68a5730147f81f10,direct-framework-reference,,java/text/ParsePosition,definition-present,unknown,1,0,unknown,fd-droidify-evidence.json#/rows/832,False,unknown
fd-droidify,da3070f3f18bdbed1eab666677afd39e4b19a60c70f0bfca68a5730147f81f10,direct-framework-reference,,java/text/SimpleDateFormat,definition-present,yes-static,6,2,unknown,fd-droidify-evidence.json#/rows/833,False,unknown
fd-droidify,da3070f3f18bdbed1eab666677afd39e4b19a60c70f0bfca68a5730147f81f10,direct-framework-reference,,java/util/AbstractCollection,definition-present,yes-static,95,16,unknown,fd-droidify-evidence.json#/rows/834,False,unknown
fd-droidify,da3070f3f18bdbed1eab666677afd39e4b19a60c70f0bfca68a5730147f81f10,direct-framework-reference,,java/util/AbstractList,definition-present,yes-static,55,13,unknown,fd-droidify-evidence.json#/rows/835,False,unknown
fd-droidify,da3070f3f18bdbed1eab666677afd39e4b19a60c70f0bfca68a5730147f81f10,direct-framework-reference,,java/util/AbstractMap,definition-present,yes-static,27,5,unknown,fd-droidify-evidence.json#/rows/836,False,unknown
fd-droidify,da3070f3f18bdbed1eab666677afd39e4b19a60c70f0bfca68a5730147f81f10,direct-framework-reference,,java/util/AbstractMap$SimpleImmutableEntry,definition-present,yes-static,6,2,unknown,fd-droidify-evidence.json#/rows/837,False,unknown
fd-droidify,da3070f3f18bdbed1eab666677afd39e4b19a60c70f0bfca68a5730147f81f10,direct-framework-reference,,java/util/AbstractSet,definition-present,yes-static,15,3,unknown,fd-droidify-evidence.json#/rows/838,False,unknown
fd-droidify,da3070f3f18bdbed1eab666677afd39e4b19a60c70f0bfca68a5730147f81f10,direct-framework-reference,,java/util/ArrayDeque,definition-present,yes-static,44,14,unknown,fd-droidify-evidence.json#/rows/839,False,unknown
fd-droidify,da3070f3f18bdbed1eab666677afd39e4b19a60c70f0bfca68a5730147f81f10,direct-framework-reference,,java/util/ArrayList,definition-present,yes-static,1681,273,unknown,fd-droidify-evidence.json#/rows/840,False,unknown
fd-droidify,da3070f3f18bdbed1eab666677afd39e4b19a60c70f0bfca68a5730147f81f10,direct-framework-reference,,java/util/Arrays,definition-present,yes-static,446,70,unknown,fd-droidify-evidence.json#/rows/841,False,unknown
fd-droidify,da3070f3f18bdbed1eab666677afd39e4b19a60c70f0bfca68a5730147f81f10,direct-framework-reference,,java/util/BitSet,definition-present,yes-static,12,1,unknown,fd-droidify-evidence.json#/rows/842,False,unknown
fd-droidify,da3070f3f18bdbed1eab666677afd39e4b19a60c70f0bfca68a5730147f81f10,direct-framework-reference,,java/util/Calendar,definition-present,yes-static,6,1,unknown,fd-droidify-evidence.json#/rows/843,False,unknown
fd-droidify,da3070f3f18bdbed1eab666677afd39e4b19a60c70f0bfca68a5730147f81f10,direct-framework-reference,,java/util/Collection,definition-present,yes-static,863,94,unknown,fd-droidify-evidence.json#/rows/844,False,unknown
fd-droidify,da3070f3f18bdbed1eab666677afd39e4b19a60c70f0bfca68a5730147f81f10,direct-framework-reference,,java/util/Collections,definition-present,yes-static,124,19,unknown,fd-droidify-evidence.json#/rows/845,False,unknown
fd-droidify,da3070f3f18bdbed1eab666677afd39e4b19a60c70f0bfca68a5730147f81f10,direct-framework-reference,,java/util/Comparator,definition-present,yes-static,137,8,unknown,fd-droidify-evidence.json#/rows/846,False,unknown
fd-droidify,da3070f3f18bdbed1eab666677afd39e4b19a60c70f0bfca68a5730147f81f10,direct-framework-reference,,java/util/ConcurrentModificationException,definition-present,yes-static,27,13,unknown,fd-droidify-evidence.json#/rows/847,False,unknown
fd-droidify,da3070f3f18bdbed1eab666677afd39e4b19a60c70f0bfca68a5730147f81f10,direct-framework-reference,,java/util/Date,definition-present,yes-static,19,2,unknown,fd-droidify-evidence.json#/rows/848,False,unknown
fd-droidify,da3070f3f18bdbed1eab666677afd39e4b19a60c70f0bfca68a5730147f81f10,direct-framework-reference,,java/util/Deque,definition-present,unknown,6,0,unknown,fd-droidify-evidence.json#/rows/849,False,unknown
fd-droidify,da3070f3f18bdbed1eab666677afd39e4b19a60c70f0bfca68a5730147f81f10,direct-framework-reference,,java/util/DoubleSummaryStatistics,definition-present,unknown,1,0,unknown,fd-droidify-evidence.json#/rows/850,False,unknown
fd-droidify,da3070f3f18bdbed1eab666677afd39e4b19a60c70f0bfca68a5730147f81f10,direct-framework-reference,,java/util/EnumMap,definition-present,unknown,8,0,unknown,fd-droidify-evidence.json#/rows/851,False,unknown
fd-droidify,da3070f3f18bdbed1eab666677afd39e4b19a60c70f0bfca68a5730147f81f10,direct-framework-reference,,java/util/EnumSet,definition-present,yes-static,2,1,unknown,fd-droidify-evidence.json#/rows/852,False,unknown
fd-droidify,da3070f3f18bdbed1eab666677afd39e4b19a60c70f0bfca68a5730147f81f10,direct-framework-reference,,java/util/Enumeration,definition-present,unknown,1,0,unknown,fd-droidify-evidence.json#/rows/853,False,unknown
fd-droidify,da3070f3f18bdbed1eab666677afd39e4b19a60c70f0bfca68a5730147f81f10,direct-framework-reference,,java/util/Formatter,definition-present,unknown,2,0,unknown,fd-droidify-evidence.json#/rows/854,False,unknown
fd-droidify,da3070f3f18bdbed1eab666677afd39e4b19a60c70f0bfca68a5730147f81f10,direct-framework-reference,,java/util/GregorianCalendar,definition-present,unknown,3,0,unknown,fd-droidify-evidence.json#/rows/855,False,unknown
fd-droidify,da3070f3f18bdbed1eab666677afd39e4b19a60c70f0bfca68a5730147f81f10,direct-framework-reference,,java/util/HashMap,definition-present,yes-static,362,96,unknown,fd-droidify-evidence.json#/rows/856,False,unknown
fd-droidify,da3070f3f18bdbed1eab666677afd39e4b19a60c70f0bfca68a5730147f81f10,direct-framework-reference,,java/util/HashSet,definition-present,yes-static,188,25,unknown,fd-droidify-evidence.json#/rows/857,False,unknown
fd-droidify,da3070f3f18bdbed1eab666677afd39e4b19a60c70f0bfca68a5730147f81f10,direct-framework-reference,,java/util/IdentityHashMap,definition-present,yes-static,3,1,unknown,fd-droidify-evidence.json#/rows/858,False,unknown
fd-droidify,da3070f3f18bdbed1eab666677afd39e4b19a60c70f0bfca68a5730147f81f10,direct-framework-reference,,java/util/IntSummaryStatistics,definition-present,unknown,1,0,unknown,fd-droidify-evidence.json#/rows/859,False,unknown
fd-droidify,da3070f3f18bdbed1eab666677afd39e4b19a60c70f0bfca68a5730147f81f10,direct-framework-reference,,java/util/Iterator,definition-present,yes-static,804,115,unknown,fd-droidify-evidence.json#/rows/860,False,unknown
fd-droidify,da3070f3f18bdbed1eab666677afd39e4b19a60c70f0bfca68a5730147f81f10,direct-framework-reference,,java/util/LinkedHashMap,definition-present,yes-static,349,56,unknown,fd-droidify-evidence.json#/rows/861,False,unknown
fd-droidify,da3070f3f18bdbed1eab666677afd39e4b19a60c70f0bfca68a5730147f81f10,direct-framework-reference,,java/util/LinkedHashSet,definition-present,yes-static,172,28,unknown,fd-droidify-evidence.json#/rows/862,False,unknown
fd-droidify,da3070f3f18bdbed1eab666677afd39e4b19a60c70f0bfca68a5730147f81f10,direct-framework-reference,,java/util/LinkedList,definition-present,yes-static,4,3,unknown,fd-droidify-evidence.json#/rows/863,False,unknown
fd-droidify,da3070f3f18bdbed1eab666677afd39e4b19a60c70f0bfca68a5730147f81f10,direct-framework-reference,,java/util/List,definition-present,yes-static,1630,175,unknown,fd-droidify-evidence.json#/rows/864,False,unknown
fd-droidify,da3070f3f18bdbed1eab666677afd39e4b19a60c70f0bfca68a5730147f81f10,direct-framework-reference,,java/util/ListIterator,definition-present,yes-static,62,6,unknown,fd-droidify-evidence.json#/rows/865,False,unknown
fd-droidify,da3070f3f18bdbed1eab666677afd39e4b19a60c70f0bfca68a5730147f81f10,direct-framework-reference,,java/util/Locale,definition-present,yes-static,124,24,unknown,fd-droidify-evidence.json#/rows/866,False,unknown
fd-droidify,da3070f3f18bdbed1eab666677afd39e4b19a60c70f0bfca68a5730147f81f10,direct-framework-reference,,java/util/Locale$Category,definition-present,unknown,1,0,unknown,fd-droidify-evidence.json#/rows/867,False,unknown
fd-droidify,da3070f3f18bdbed1eab666677afd39e4b19a60c70f0bfca68a5730147f81f10,direct-framework-reference,,java/util/LongSummaryStatistics,definition-present,unknown,1,0,unknown,fd-droidify-evidence.json#/rows/868,False,unknown
fd-droidify,da3070f3f18bdbed1eab666677afd39e4b19a60c70f0bfca68a5730147f81f10,direct-framework-reference,,java/util/Map,definition-present,yes-static,749,50,unknown,fd-droidify-evidence.json#/rows/869,False,unknown
fd-droidify,da3070f3f18bdbed1eab666677afd39e4b19a60c70f0bfca68a5730147f81f10,direct-framework-reference,,java/util/Map$Entry,definition-present,yes-static,206,20,unknown,fd-droidify-evidence.json#/rows/870,False,unknown
fd-droidify,da3070f3f18bdbed1eab666677afd39e4b19a60c70f0bfca68a5730147f81f10,direct-framework-reference,,java/util/NavigableMap,definition-present,unknown,5,0,unknown,fd-droidify-evidence.json#/rows/871,False,unknown
fd-droidify,da3070f3f18bdbed1eab666677afd39e4b19a60c70f0bfca68a5730147f81f10,direct-framework-reference,,java/util/NavigableSet,definition-present,yes-static,1,1,unknown,fd-droidify-evidence.json#/rows/872,False,unknown
fd-droidify,da3070f3f18bdbed1eab666677afd39e4b19a60c70f0bfca68a5730147f81f10,direct-framework-reference,,java/util/NoSuchElementException,definition-present,yes-static,19,2,unknown,fd-droidify-evidence.json#/rows/873,False,unknown
fd-droidify,da3070f3f18bdbed1eab666677afd39e4b19a60c70f0bfca68a5730147f81f10,direct-framework-reference,,java/util/Optional,definition-present,unknown,12,0,unknown,fd-droidify-evidence.json#/rows/874,False,unknown
fd-droidify,da3070f3f18bdbed1eab666677afd39e4b19a60c70f0bfca68a5730147f81f10,direct-framework-reference,,java/util/OptionalDouble,definition-present,unknown,18,0,unknown,fd-droidify-evidence.json#/rows/875,False,unknown
fd-droidify,da3070f3f18bdbed1eab666677afd39e4b19a60c70f0bfca68a5730147f81f10,direct-framework-reference,,java/util/OptionalInt,definition-present,unknown,12,0,unknown,fd-droidify-evidence.json#/rows/876,False,unknown
fd-droidify,da3070f3f18bdbed1eab666677afd39e4b19a60c70f0bfca68a5730147f81f10,direct-framework-reference,,java/util/OptionalLong,definition-present,unknown,12,0,unknown,fd-droidify-evidence.json#/rows/877,False,unknown
fd-droidify,da3070f3f18bdbed1eab666677afd39e4b19a60c70f0bfca68a5730147f81f10,direct-framework-reference,,java/util/PrimitiveIterator$OfDouble,definition-present,unknown,13,0,unknown,fd-droidify-evidence.json#/rows/878,False,unknown
fd-droidify,da3070f3f18bdbed1eab666677afd39e4b19a60c70f0bfca68a5730147f81f10,direct-framework-reference,,java/util/PrimitiveIterator$OfInt,definition-present,unknown,13,0,unknown,fd-droidify-evidence.json#/rows/879,False,unknown
fd-droidify,da3070f3f18bdbed1eab666677afd39e4b19a60c70f0bfca68a5730147f81f10,direct-framework-reference,,java/util/PrimitiveIterator$OfLong,definition-present,unknown,13,0,unknown,fd-droidify-evidence.json#/rows/880,False,unknown
fd-droidify,da3070f3f18bdbed1eab666677afd39e4b19a60c70f0bfca68a5730147f81f10,direct-framework-reference,,java/util/PriorityQueue,definition-present,unknown,6,0,unknown,fd-droidify-evidence.json#/rows/881,False,unknown
fd-droidify,da3070f3f18bdbed1eab666677afd39e4b19a60c70f0bfca68a5730147f81f10,direct-framework-reference,,java/util/Random,definition-present,unknown,4,0,unknown,fd-droidify-evidence.json#/rows/882,False,unknown
fd-droidify,da3070f3f18bdbed1eab666677afd39e4b19a60c70f0bfca68a5730147f81f10,direct-framework-reference,,java/util/RandomAccess,definition-present,yes-static,9,1,unknown,fd-droidify-evidence.json#/rows/883,False,unknown
fd-droidify,da3070f3f18bdbed1eab666677afd39e4b19a60c70f0bfca68a5730147f81f10,direct-framework-reference,,java/util/ResourceBundle,definition-present,yes-static,3,1,unknown,fd-droidify-evidence.json#/rows/884,False,unknown
fd-droidify,da3070f3f18bdbed1eab666677afd39e4b19a60c70f0bfca68a5730147f81f10,direct-framework-reference,,java/util/ServiceConfigurationError,definition-present,unknown,2,0,unknown,fd-droidify-evidence.json#/rows/885,False,unknown
fd-droidify,da3070f3f18bdbed1eab666677afd39e4b19a60c70f0bfca68a5730147f81f10,direct-framework-reference,,java/util/ServiceLoader,definition-present,unknown,3,0,unknown,fd-droidify-evidence.json#/rows/886,False,unknown
fd-droidify,da3070f3f18bdbed1eab666677afd39e4b19a60c70f0bfca68a5730147f81f10,direct-framework-reference,,java/util/Set,definition-present,yes-static,510,65,unknown,fd-droidify-evidence.json#/rows/887,False,unknown
fd-droidify,da3070f3f18bdbed1eab666677afd39e4b19a60c70f0bfca68a5730147f81f10,direct-framework-reference,,java/util/SortedMap,definition-present,unknown,4,0,unknown,fd-droidify-evidence.json#/rows/888,False,unknown
fd-droidify,da3070f3f18bdbed1eab666677afd39e4b19a60c70f0bfca68a5730147f81f10,direct-framework-reference,,java/util/SortedSet,definition-present,unknown,4,0,unknown,fd-droidify-evidence.json#/rows/889,False,unknown
fd-droidify,da3070f3f18bdbed1eab666677afd39e4b19a60c70f0bfca68a5730147f81f10,direct-framework-reference,,java/util/Spliterator,definition-present,unknown,76,0,unknown,fd-droidify-evidence.json#/rows/890,False,unknown
fd-droidify,da3070f3f18bdbed1eab666677afd39e4b19a60c70f0bfca68a5730147f81f10,direct-framework-reference,,java/util/Spliterator$OfDouble,definition-present,unknown,24,0,unknown,fd-droidify-evidence.json#/rows/891,False,unknown
fd-droidify,da3070f3f18bdbed1eab666677afd39e4b19a60c70f0bfca68a5730147f81f10,direct-framework-reference,,java/util/Spliterator$OfInt,definition-present,unknown,24,0,unknown,fd-droidify-evidence.json#/rows/892,False,unknown
fd-droidify,da3070f3f18bdbed1eab666677afd39e4b19a60c70f0bfca68a5730147f81f10,direct-framework-reference,,java/util/Spliterator$OfLong,definition-present,unknown,24,0,unknown,fd-droidify-evidence.json#/rows/893,False,unknown
fd-droidify,da3070f3f18bdbed1eab666677afd39e4b19a60c70f0bfca68a5730147f81f10,direct-framework-reference,,java/util/Spliterator$OfPrimitive,definition-present,unknown,25,0,unknown,fd-droidify-evidence.json#/rows/894,False,unknown
fd-droidify,da3070f3f18bdbed1eab666677afd39e4b19a60c70f0bfca68a5730147f81f10,direct-framework-reference,,java/util/TimeZone,definition-present,yes-static,54,4,unknown,fd-droidify-evidence.json#/rows/895,False,unknown
fd-droidify,da3070f3f18bdbed1eab666677afd39e4b19a60c70f0bfca68a5730147f81f10,direct-framework-reference,,java/util/TreeMap,definition-present,yes-static,46,2,unknown,fd-droidify-evidence.json#/rows/896,False,unknown
fd-droidify,da3070f3f18bdbed1eab666677afd39e4b19a60c70f0bfca68a5730147f81f10,direct-framework-reference,,java/util/TreeSet,definition-present,yes-static,2,1,unknown,fd-droidify-evidence.json#/rows/897,False,unknown
fd-droidify,da3070f3f18bdbed1eab666677afd39e4b19a60c70f0bfca68a5730147f81f10,direct-framework-reference,,java/util/UUID,definition-present,yes-static,37,9,unknown,fd-droidify-evidence.json#/rows/898,False,unknown
fd-droidify,da3070f3f18bdbed1eab666677afd39e4b19a60c70f0bfca68a5730147f81f10,direct-framework-reference,,java/util/WeakHashMap,definition-present,yes-static,142,28,unknown,fd-droidify-evidence.json#/rows/899,False,unknown
fd-droidify,da3070f3f18bdbed1eab666677afd39e4b19a60c70f0bfca68a5730147f81f10,direct-framework-reference,,java/util/concurrent/AbstractExecutorService,definition-present,unknown,1,0,unknown,fd-droidify-evidence.json#/rows/900,False,unknown
fd-droidify,da3070f3f18bdbed1eab666677afd39e4b19a60c70f0bfca68a5730147f81f10,direct-framework-reference,,java/util/concurrent/BlockingQueue,definition-present,yes-static,6,1,unknown,fd-droidify-evidence.json#/rows/901,False,unknown
fd-droidify,da3070f3f18bdbed1eab666677afd39e4b19a60c70f0bfca68a5730147f81f10,direct-framework-reference,,java/util/concurrent/Callable,definition-present,yes-static,13,3,unknown,fd-droidify-evidence.json#/rows/902,False,unknown
fd-droidify,da3070f3f18bdbed1eab666677afd39e4b19a60c70f0bfca68a5730147f81f10,direct-framework-reference,,java/util/concurrent/CancellationException,definition-present,yes-static,106,18,unknown,fd-droidify-evidence.json#/rows/903,False,unknown
fd-droidify,da3070f3f18bdbed1eab666677afd39e4b19a60c70f0bfca68a5730147f81f10,direct-framework-reference,,java/util/concurrent/ConcurrentLinkedQueue,definition-present,unknown,5,0,unknown,fd-droidify-evidence.json#/rows/904,False,unknown
fd-droidify,da3070f3f18bdbed1eab666677afd39e4b19a60c70f0bfca68a5730147f81f10,direct-framework-reference,,java/util/concurrent/ConcurrentMap,definition-present,unknown,14,0,unknown,fd-droidify-evidence.json#/rows/905,False,unknown
fd-droidify,da3070f3f18bdbed1eab666677afd39e4b19a60c70f0bfca68a5730147f81f10,direct-framework-reference,,java/util/concurrent/CopyOnWriteArrayList,definition-present,yes-static,80,28,unknown,fd-droidify-evidence.json#/rows/906,False,unknown
fd-droidify,da3070f3f18bdbed1eab666677afd39e4b19a60c70f0bfca68a5730147f81f10,direct-framework-reference,,java/util/concurrent/CopyOnWriteArraySet,definition-present,yes-static,9,3,unknown,fd-droidify-evidence.json#/rows/907,False,unknown
fd-droidify,da3070f3f18bdbed1eab666677afd39e4b19a60c70f0bfca68a5730147f81f10,direct-framework-reference,,java/util/concurrent/CountDownLatch,definition-present,unknown,11,0,unknown,fd-droidify-evidence.json#/rows/908,False,unknown
fd-droidify,da3070f3f18bdbed1eab666677afd39e4b19a60c70f0bfca68a5730147f81f10,direct-framework-reference,,java/util/concurrent/CountedCompleter,definition-present,unknown,51,0,unknown,fd-droidify-evidence.json#/rows/909,False,unknown
fd-droidify,da3070f3f18bdbed1eab666677afd39e4b19a60c70f0bfca68a5730147f81f10,direct-framework-reference,,java/util/concurrent/Delayed,definition-present,unknown,3,0,unknown,fd-droidify-evidence.json#/rows/910,False,unknown
fd-droidify,da3070f3f18bdbed1eab666677afd39e4b19a60c70f0bfca68a5730147f81f10,direct-framework-reference,,java/util/concurrent/ExecutionException,definition-present,unknown,4,0,unknown,fd-droidify-evidence.json#/rows/911,False,unknown
fd-droidify,da3070f3f18bdbed1eab666677afd39e4b19a60c70f0bfca68a5730147f81f10,direct-framework-reference,,java/util/concurrent/Executor,definition-present,yes-static,215,19,unknown,fd-droidify-evidence.json#/rows/912,False,unknown
fd-droidify,da3070f3f18bdbed1eab666677afd39e4b19a60c70f0bfca68a5730147f81f10,direct-framework-reference,,java/util/concurrent/ExecutorService,definition-present,yes-static,40,16,unknown,fd-droidify-evidence.json#/rows/913,False,unknown
fd-droidify,da3070f3f18bdbed1eab666677afd39e4b19a60c70f0bfca68a5730147f81f10,direct-framework-reference,,java/util/concurrent/Executors,definition-present,yes-static,6,1,unknown,fd-droidify-evidence.json#/rows/914,False,unknown
fd-droidify,da3070f3f18bdbed1eab666677afd39e4b19a60c70f0bfca68a5730147f81f10,direct-framework-reference,,java/util/concurrent/ForkJoinPool,definition-present,yes-static,5,2,unknown,fd-droidify-evidence.json#/rows/915,False,unknown
fd-droidify,da3070f3f18bdbed1eab666677afd39e4b19a60c70f0bfca68a5730147f81f10,direct-framework-reference,,java/util/concurrent/ForkJoinTask,definition-present,unknown,6,0,unknown,fd-droidify-evidence.json#/rows/916,False,unknown
fd-droidify,da3070f3f18bdbed1eab666677afd39e4b19a60c70f0bfca68a5730147f81f10,direct-framework-reference,,java/util/concurrent/Future,definition-present,yes-static,43,2,unknown,fd-droidify-evidence.json#/rows/917,False,unknown
fd-droidify,da3070f3f18bdbed1eab666677afd39e4b19a60c70f0bfca68a5730147f81f10,direct-framework-reference,,java/util/concurrent/FutureTask,definition-present,unknown,5,0,unknown,fd-droidify-evidence.json#/rows/918,False,unknown
fd-droidify,da3070f3f18bdbed1eab666677afd39e4b19a60c70f0bfca68a5730147f81f10,direct-framework-reference,,java/util/concurrent/LinkedBlockingDeque,definition-present,yes-static,4,1,unknown,fd-droidify-evidence.json#/rows/919,False,unknown
fd-droidify,da3070f3f18bdbed1eab666677afd39e4b19a60c70f0bfca68a5730147f81f10,direct-framework-reference,,java/util/concurrent/LinkedBlockingQueue,definition-present,unknown,7,0,unknown,fd-droidify-evidence.json#/rows/920,False,unknown
fd-droidify,da3070f3f18bdbed1eab666677afd39e4b19a60c70f0bfca68a5730147f81f10,direct-framework-reference,,java/util/concurrent/RejectedExecutionException,definition-present,yes-static,9,1,unknown,fd-droidify-evidence.json#/rows/921,False,unknown
fd-droidify,da3070f3f18bdbed1eab666677afd39e4b19a60c70f0bfca68a5730147f81f10,direct-framework-reference,,java/util/concurrent/RejectedExecutionHandler,definition-present,unknown,2,0,unknown,fd-droidify-evidence.json#/rows/922,False,unknown
fd-droidify,da3070f3f18bdbed1eab666677afd39e4b19a60c70f0bfca68a5730147f81f10,direct-framework-reference,,java/util/concurrent/ScheduledExecutorService,definition-present,unknown,21,0,unknown,fd-droidify-evidence.json#/rows/923,False,unknown
fd-droidify,da3070f3f18bdbed1eab666677afd39e4b19a60c70f0bfca68a5730147f81f10,direct-framework-reference,,java/util/concurrent/ScheduledFuture,definition-present,unknown,15,0,unknown,fd-droidify-evidence.json#/rows/924,False,unknown
fd-droidify,da3070f3f18bdbed1eab666677afd39e4b19a60c70f0bfca68a5730147f81f10,direct-framework-reference,,java/util/concurrent/ScheduledThreadPoolExecutor,definition-present,yes-static,2,1,unknown,fd-droidify-evidence.json#/rows/925,False,unknown
fd-droidify,da3070f3f18bdbed1eab666677afd39e4b19a60c70f0bfca68a5730147f81f10,direct-framework-reference,,java/util/concurrent/Semaphore,definition-present,unknown,3,0,unknown,fd-droidify-evidence.json#/rows/926,False,unknown
fd-droidify,da3070f3f18bdbed1eab666677afd39e4b19a60c70f0bfca68a5730147f81f10,direct-framework-reference,,java/util/concurrent/SynchronousQueue,definition-present,unknown,2,0,unknown,fd-droidify-evidence.json#/rows/927,False,unknown
fd-droidify,da3070f3f18bdbed1eab666677afd39e4b19a60c70f0bfca68a5730147f81f10,direct-framework-reference,,java/util/concurrent/ThreadFactory,definition-present,yes-static,10,2,unknown,fd-droidify-evidence.json#/rows/928,False,unknown
fd-droidify,da3070f3f18bdbed1eab666677afd39e4b19a60c70f0bfca68a5730147f81f10,direct-framework-reference,,java/util/concurrent/ThreadPoolExecutor,definition-present,yes-static,10,2,unknown,fd-droidify-evidence.json#/rows/929,False,unknown
fd-droidify,da3070f3f18bdbed1eab666677afd39e4b19a60c70f0bfca68a5730147f81f10,direct-framework-reference,,java/util/concurrent/TimeUnit,definition-present,yes-static,50,6,unknown,fd-droidify-evidence.json#/rows/930,False,unknown
fd-droidify,da3070f3f18bdbed1eab666677afd39e4b19a60c70f0bfca68a5730147f81f10,direct-framework-reference,,java/util/concurrent/TimeoutException,definition-present,unknown,4,0,unknown,fd-droidify-evidence.json#/rows/931,False,unknown
fd-droidify,da3070f3f18bdbed1eab666677afd39e4b19a60c70f0bfca68a5730147f81f10,direct-framework-reference,,java/util/concurrent/atomic/AtomicBoolean,definition-present,yes-static,100,5,unknown,fd-droidify-evidence.json#/rows/932,False,unknown
fd-droidify,da3070f3f18bdbed1eab666677afd39e4b19a60c70f0bfca68a5730147f81f10,direct-framework-reference,,java/util/concurrent/atomic/AtomicInteger,definition-present,yes-static,81,19,unknown,fd-droidify-evidence.json#/rows/933,False,unknown
fd-droidify,da3070f3f18bdbed1eab666677afd39e4b19a60c70f0bfca68a5730147f81f10,direct-framework-reference,,java/util/concurrent/atomic/AtomicIntegerFieldUpdater,definition-present,yes-static,24,5,unknown,fd-droidify-evidence.json#/rows/934,False,unknown
fd-droidify,da3070f3f18bdbed1eab666677afd39e4b19a60c70f0bfca68a5730147f81f10,direct-framework-reference,,java/util/concurrent/atomic/AtomicLong,definition-present,unknown,9,0,unknown,fd-droidify-evidence.json#/rows/935,False,unknown
fd-droidify,da3070f3f18bdbed1eab666677afd39e4b19a60c70f0bfca68a5730147f81f10,direct-framework-reference,,java/util/concurrent/atomic/AtomicLongFieldUpdater,definition-present,yes-static,30,6,unknown,fd-droidify-evidence.json#/rows/936,False,unknown
fd-droidify,da3070f3f18bdbed1eab666677afd39e4b19a60c70f0bfca68a5730147f81f10,direct-framework-reference,,java/util/concurrent/atomic/AtomicReference,definition-present,yes-static,106,23,unknown,fd-droidify-evidence.json#/rows/937,False,unknown
fd-droidify,da3070f3f18bdbed1eab666677afd39e4b19a60c70f0bfca68a5730147f81f10,direct-framework-reference,,java/util/concurrent/atomic/AtomicReferenceArray,definition-present,yes-static,33,18,unknown,fd-droidify-evidence.json#/rows/938,False,unknown
fd-droidify,da3070f3f18bdbed1eab666677afd39e4b19a60c70f0bfca68a5730147f81f10,direct-framework-reference,,java/util/concurrent/atomic/AtomicReferenceFieldUpdater,definition-present,yes-static,18,5,unknown,fd-droidify-evidence.json#/rows/939,False,unknown
fd-droidify,da3070f3f18bdbed1eab666677afd39e4b19a60c70f0bfca68a5730147f81f10,direct-framework-reference,,java/util/concurrent/locks/Condition,definition-present,yes-static,7,1,unknown,fd-droidify-evidence.json#/rows/940,False,unknown
fd-droidify,da3070f3f18bdbed1eab666677afd39e4b19a60c70f0bfca68a5730147f81f10,direct-framework-reference,,java/util/concurrent/locks/Lock,definition-present,yes-static,3,3,unknown,fd-droidify-evidence.json#/rows/941,False,unknown
fd-droidify,da3070f3f18bdbed1eab666677afd39e4b19a60c70f0bfca68a5730147f81f10,direct-framework-reference,,java/util/concurrent/locks/LockSupport,definition-present,yes-static,14,3,unknown,fd-droidify-evidence.json#/rows/942,False,unknown
fd-droidify,da3070f3f18bdbed1eab666677afd39e4b19a60c70f0bfca68a5730147f81f10,direct-framework-reference,,java/util/concurrent/locks/ReentrantLock,definition-present,yes-static,31,7,unknown,fd-droidify-evidence.json#/rows/943,False,unknown
fd-droidify,da3070f3f18bdbed1eab666677afd39e4b19a60c70f0bfca68a5730147f81f10,direct-framework-reference,,java/util/function/BiConsumer,definition-present,unknown,56,0,unknown,fd-droidify-evidence.json#/rows/944,False,unknown
fd-droidify,da3070f3f18bdbed1eab666677afd39e4b19a60c70f0bfca68a5730147f81f10,direct-framework-reference,,java/util/function/BiFunction,definition-present,unknown,40,0,unknown,fd-droidify-evidence.json#/rows/945,False,unknown
fd-droidify,da3070f3f18bdbed1eab666677afd39e4b19a60c70f0bfca68a5730147f81f10,direct-framework-reference,,java/util/function/BinaryOperator,definition-present,unknown,30,0,unknown,fd-droidify-evidence.json#/rows/946,False,unknown
fd-droidify,da3070f3f18bdbed1eab666677afd39e4b19a60c70f0bfca68a5730147f81f10,direct-framework-reference,,java/util/function/BooleanSupplier,definition-present,unknown,5,0,unknown,fd-droidify-evidence.json#/rows/947,False,unknown
fd-droidify,da3070f3f18bdbed1eab666677afd39e4b19a60c70f0bfca68a5730147f81f10,direct-framework-reference,,java/util/function/Consumer,definition-present,unknown,274,0,unknown,fd-droidify-evidence.json#/rows/948,False,unknown
fd-droidify,da3070f3f18bdbed1eab666677afd39e4b19a60c70f0bfca68a5730147f81f10,direct-framework-reference,,java/util/function/DoubleBinaryOperator,definition-present,unknown,14,0,unknown,fd-droidify-evidence.json#/rows/949,False,unknown
fd-droidify,da3070f3f18bdbed1eab666677afd39e4b19a60c70f0bfca68a5730147f81f10,direct-framework-reference,,java/util/function/DoubleConsumer,definition-present,unknown,80,0,unknown,fd-droidify-evidence.json#/rows/950,False,unknown
fd-droidify,da3070f3f18bdbed1eab666677afd39e4b19a60c70f0bfca68a5730147f81f10,direct-framework-reference,,java/util/function/DoubleFunction,definition-present,unknown,6,0,unknown,fd-droidify-evidence.json#/rows/951,False,unknown
fd-droidify,da3070f3f18bdbed1eab666677afd39e4b19a60c70f0bfca68a5730147f81f10,direct-framework-reference,,java/util/function/DoublePredicate,definition-present,unknown,10,0,unknown,fd-droidify-evidence.json#/rows/952,False,unknown
fd-droidify,da3070f3f18bdbed1eab666677afd39e4b19a60c70f0bfca68a5730147f81f10,direct-framework-reference,,java/util/function/DoubleToIntFunction,definition-present,unknown,2,0,unknown,fd-droidify-evidence.json#/rows/953,False,unknown
fd-droidify,da3070f3f18bdbed1eab666677afd39e4b19a60c70f0bfca68a5730147f81f10,direct-framework-reference,,java/util/function/DoubleToLongFunction,definition-present,unknown,1,0,unknown,fd-droidify-evidence.json#/rows/954,False,unknown
fd-droidify,da3070f3f18bdbed1eab666677afd39e4b19a60c70f0bfca68a5730147f81f10,direct-framework-reference,,java/util/function/DoubleUnaryOperator,definition-present,unknown,12,0,unknown,fd-droidify-evidence.json#/rows/955,False,unknown
fd-droidify,da3070f3f18bdbed1eab666677afd39e4b19a60c70f0bfca68a5730147f81f10,direct-framework-reference,,java/util/function/Function,definition-present,unknown,53,0,unknown,fd-droidify-evidence.json#/rows/956,False,unknown
fd-droidify,da3070f3f18bdbed1eab666677afd39e4b19a60c70f0bfca68a5730147f81f10,direct-framework-reference,,java/util/function/IntBinaryOperator,definition-present,unknown,15,0,unknown,fd-droidify-evidence.json#/rows/957,False,unknown
fd-droidify,da3070f3f18bdbed1eab666677afd39e4b19a60c70f0bfca68a5730147f81f10,direct-framework-reference,,java/util/function/IntConsumer,definition-present,unknown,93,0,unknown,fd-droidify-evidence.json#/rows/958,False,unknown
fd-droidify,da3070f3f18bdbed1eab666677afd39e4b19a60c70f0bfca68a5730147f81f10,direct-framework-reference,,java/util/function/IntFunction,definition-present,unknown,96,0,unknown,fd-droidify-evidence.json#/rows/959,False,unknown
fd-droidify,da3070f3f18bdbed1eab666677afd39e4b19a60c70f0bfca68a5730147f81f10,direct-framework-reference,,java/util/function/IntPredicate,definition-present,unknown,11,0,unknown,fd-droidify-evidence.json#/rows/960,False,unknown
fd-droidify,da3070f3f18bdbed1eab666677afd39e4b19a60c70f0bfca68a5730147f81f10,direct-framework-reference,,java/util/function/IntToDoubleFunction,definition-present,unknown,2,0,unknown,fd-droidify-evidence.json#/rows/961,False,unknown
fd-droidify,da3070f3f18bdbed1eab666677afd39e4b19a60c70f0bfca68a5730147f81f10,direct-framework-reference,,java/util/function/IntToLongFunction,definition-present,unknown,1,0,unknown,fd-droidify-evidence.json#/rows/962,False,unknown
fd-droidify,da3070f3f18bdbed1eab666677afd39e4b19a60c70f0bfca68a5730147f81f10,direct-framework-reference,,java/util/function/IntUnaryOperator,definition-present,unknown,2,0,unknown,fd-droidify-evidence.json#/rows/963,False,unknown
fd-droidify,da3070f3f18bdbed1eab666677afd39e4b19a60c70f0bfca68a5730147f81f10,direct-framework-reference,,java/util/function/LongBinaryOperator,definition-present,unknown,15,0,unknown,fd-droidify-evidence.json#/rows/964,False,unknown
fd-droidify,da3070f3f18bdbed1eab666677afd39e4b19a60c70f0bfca68a5730147f81f10,direct-framework-reference,,java/util/function/LongConsumer,definition-present,unknown,80,0,unknown,fd-droidify-evidence.json#/rows/965,False,unknown
fd-droidify,da3070f3f18bdbed1eab666677afd39e4b19a60c70f0bfca68a5730147f81f10,direct-framework-reference,,java/util/function/LongFunction,definition-present,unknown,14,0,unknown,fd-droidify-evidence.json#/rows/966,False,unknown
fd-droidify,da3070f3f18bdbed1eab666677afd39e4b19a60c70f0bfca68a5730147f81f10,direct-framework-reference,,java/util/function/LongPredicate,definition-present,unknown,10,0,unknown,fd-droidify-evidence.json#/rows/967,False,unknown
fd-droidify,da3070f3f18bdbed1eab666677afd39e4b19a60c70f0bfca68a5730147f81f10,direct-framework-reference,,java/util/function/LongToDoubleFunction,definition-present,unknown,2,0,unknown,fd-droidify-evidence.json#/rows/968,False,unknown
fd-droidify,da3070f3f18bdbed1eab666677afd39e4b19a60c70f0bfca68a5730147f81f10,direct-framework-reference,,java/util/function/LongToIntFunction,definition-present,unknown,2,0,unknown,fd-droidify-evidence.json#/rows/969,False,unknown
fd-droidify,da3070f3f18bdbed1eab666677afd39e4b19a60c70f0bfca68a5730147f81f10,direct-framework-reference,,java/util/function/LongUnaryOperator,definition-present,unknown,2,0,unknown,fd-droidify-evidence.json#/rows/970,False,unknown
fd-droidify,da3070f3f18bdbed1eab666677afd39e4b19a60c70f0bfca68a5730147f81f10,direct-framework-reference,,java/util/function/ObjDoubleConsumer,definition-present,unknown,8,0,unknown,fd-droidify-evidence.json#/rows/971,False,unknown
fd-droidify,da3070f3f18bdbed1eab666677afd39e4b19a60c70f0bfca68a5730147f81f10,direct-framework-reference,,java/util/function/ObjIntConsumer,definition-present,unknown,7,0,unknown,fd-droidify-evidence.json#/rows/972,False,unknown
fd-droidify,da3070f3f18bdbed1eab666677afd39e4b19a60c70f0bfca68a5730147f81f10,direct-framework-reference,,java/util/function/ObjLongConsumer,definition-present,unknown,7,0,unknown,fd-droidify-evidence.json#/rows/973,False,unknown
fd-droidify,da3070f3f18bdbed1eab666677afd39e4b19a60c70f0bfca68a5730147f81f10,direct-framework-reference,,java/util/function/Predicate,definition-present,unknown,56,0,unknown,fd-droidify-evidence.json#/rows/974,False,unknown
fd-droidify,da3070f3f18bdbed1eab666677afd39e4b19a60c70f0bfca68a5730147f81f10,direct-framework-reference,,java/util/function/Supplier,definition-present,unknown,53,0,unknown,fd-droidify-evidence.json#/rows/975,False,unknown
fd-droidify,da3070f3f18bdbed1eab666677afd39e4b19a60c70f0bfca68a5730147f81f10,direct-framework-reference,,java/util/function/ToDoubleFunction,definition-present,unknown,7,0,unknown,fd-droidify-evidence.json#/rows/976,False,unknown
fd-droidify,da3070f3f18bdbed1eab666677afd39e4b19a60c70f0bfca68a5730147f81f10,direct-framework-reference,,java/util/function/ToIntFunction,definition-present,unknown,7,0,unknown,fd-droidify-evidence.json#/rows/977,False,unknown
fd-droidify,da3070f3f18bdbed1eab666677afd39e4b19a60c70f0bfca68a5730147f81f10,direct-framework-reference,,java/util/function/ToLongFunction,definition-present,unknown,4,0,unknown,fd-droidify-evidence.json#/rows/978,False,unknown
fd-droidify,da3070f3f18bdbed1eab666677afd39e4b19a60c70f0bfca68a5730147f81f10,direct-framework-reference,,java/util/function/UnaryOperator,definition-present,unknown,1,0,unknown,fd-droidify-evidence.json#/rows/979,False,unknown
fd-droidify,da3070f3f18bdbed1eab666677afd39e4b19a60c70f0bfca68a5730147f81f10,direct-framework-reference,,java/util/jar/JarEntry,definition-present,unknown,7,0,unknown,fd-droidify-evidence.json#/rows/980,False,unknown
fd-droidify,da3070f3f18bdbed1eab666677afd39e4b19a60c70f0bfca68a5730147f81f10,direct-framework-reference,,java/util/jar/JarFile,definition-present,unknown,4,0,unknown,fd-droidify-evidence.json#/rows/981,False,unknown
fd-droidify,da3070f3f18bdbed1eab666677afd39e4b19a60c70f0bfca68a5730147f81f10,direct-framework-reference,,java/util/logging/Handler,definition-present,unknown,2,0,unknown,fd-droidify-evidence.json#/rows/982,False,unknown
fd-droidify,da3070f3f18bdbed1eab666677afd39e4b19a60c70f0bfca68a5730147f81f10,direct-framework-reference,,java/util/logging/Level,definition-present,yes-static,19,2,unknown,fd-droidify-evidence.json#/rows/983,False,unknown
fd-droidify,da3070f3f18bdbed1eab666677afd39e4b19a60c70f0bfca68a5730147f81f10,direct-framework-reference,,java/util/logging/LogRecord,definition-present,unknown,1,0,unknown,fd-droidify-evidence.json#/rows/984,False,unknown
fd-droidify,da3070f3f18bdbed1eab666677afd39e4b19a60c70f0bfca68a5730147f81f10,direct-framework-reference,,java/util/logging/Logger,definition-present,yes-static,28,2,unknown,fd-droidify-evidence.json#/rows/985,False,unknown
fd-droidify,da3070f3f18bdbed1eab666677afd39e4b19a60c70f0bfca68a5730147f81f10,direct-framework-reference,,java/util/regex/Matcher,definition-present,yes-static,46,5,unknown,fd-droidify-evidence.json#/rows/986,False,unknown
fd-droidify,da3070f3f18bdbed1eab666677afd39e4b19a60c70f0bfca68a5730147f81f10,direct-framework-reference,,java/util/regex/Pattern,definition-present,yes-static,61,4,unknown,fd-droidify-evidence.json#/rows/987,False,unknown
fd-droidify,da3070f3f18bdbed1eab666677afd39e4b19a60c70f0bfca68a5730147f81f10,direct-framework-reference,,java/util/stream/BaseStream,definition-present,unknown,59,0,unknown,fd-droidify-evidence.json#/rows/988,False,unknown
fd-droidify,da3070f3f18bdbed1eab666677afd39e4b19a60c70f0bfca68a5730147f81f10,direct-framework-reference,,java/util/stream/Collector,definition-present,unknown,7,0,unknown,fd-droidify-evidence.json#/rows/989,False,unknown
fd-droidify,da3070f3f18bdbed1eab666677afd39e4b19a60c70f0bfca68a5730147f81f10,direct-framework-reference,,java/util/stream/Collector$Characteristics,definition-present,unknown,2,0,unknown,fd-droidify-evidence.json#/rows/990,False,unknown
fd-droidify,da3070f3f18bdbed1eab666677afd39e4b19a60c70f0bfca68a5730147f81f10,direct-framework-reference,,java/util/stream/DoubleStream,definition-present,unknown,80,0,unknown,fd-droidify-evidence.json#/rows/991,False,unknown
fd-droidify,da3070f3f18bdbed1eab666677afd39e4b19a60c70f0bfca68a5730147f81f10,direct-framework-reference,,java/util/stream/IntStream,definition-present,unknown,78,0,unknown,fd-droidify-evidence.json#/rows/992,False,unknown
fd-droidify,da3070f3f18bdbed1eab666677afd39e4b19a60c70f0bfca68a5730147f81f10,direct-framework-reference,,java/util/stream/LongStream,definition-present,unknown,79,0,unknown,fd-droidify-evidence.json#/rows/993,False,unknown
fd-droidify,da3070f3f18bdbed1eab666677afd39e4b19a60c70f0bfca68a5730147f81f10,direct-framework-reference,,java/util/stream/Stream,definition-present,unknown,98,0,unknown,fd-droidify-evidence.json#/rows/994,False,unknown
fd-droidify,da3070f3f18bdbed1eab666677afd39e4b19a60c70f0bfca68a5730147f81f10,direct-framework-reference,,java/util/zip/CRC32,definition-present,yes-static,4,1,unknown,fd-droidify-evidence.json#/rows/995,False,unknown
fd-droidify,da3070f3f18bdbed1eab666677afd39e4b19a60c70f0bfca68a5730147f81f10,direct-framework-reference,,java/util/zip/Deflater,definition-present,unknown,1,0,unknown,fd-droidify-evidence.json#/rows/996,False,unknown
fd-droidify,da3070f3f18bdbed1eab666677afd39e4b19a60c70f0bfca68a5730147f81f10,direct-framework-reference,,java/util/zip/DeflaterOutputStream,definition-present,unknown,1,0,unknown,fd-droidify-evidence.json#/rows/997,False,unknown
fd-droidify,da3070f3f18bdbed1eab666677afd39e4b19a60c70f0bfca68a5730147f81f10,direct-framework-reference,,java/util/zip/Inflater,definition-present,unknown,7,0,unknown,fd-droidify-evidence.json#/rows/998,False,unknown
fd-droidify,da3070f3f18bdbed1eab666677afd39e4b19a60c70f0bfca68a5730147f81f10,direct-framework-reference,,java/util/zip/ZipEntry,definition-present,unknown,2,0,unknown,fd-droidify-evidence.json#/rows/999,False,unknown
fd-droidify,da3070f3f18bdbed1eab666677afd39e4b19a60c70f0bfca68a5730147f81f10,direct-framework-reference,,javax/crypto/Cipher,definition-present,unknown,1,0,unknown,fd-droidify-evidence.json#/rows/1000,False,unknown
fd-droidify,da3070f3f18bdbed1eab666677afd39e4b19a60c70f0bfca68a5730147f81f10,direct-framework-reference,,javax/crypto/KeyGenerator,definition-present,unknown,1,0,unknown,fd-droidify-evidence.json#/rows/1001,False,unknown
fd-droidify,da3070f3f18bdbed1eab666677afd39e4b19a60c70f0bfca68a5730147f81f10,direct-framework-reference,,javax/crypto/SecretKey,definition-present,unknown,1,0,unknown,fd-droidify-evidence.json#/rows/1002,False,unknown
fd-droidify,da3070f3f18bdbed1eab666677afd39e4b19a60c70f0bfca68a5730147f81f10,direct-framework-reference,,javax/crypto/spec/IvParameterSpec,definition-present,unknown,1,0,unknown,fd-droidify-evidence.json#/rows/1003,False,unknown
fd-droidify,da3070f3f18bdbed1eab666677afd39e4b19a60c70f0bfca68a5730147f81f10,direct-framework-reference,,javax/crypto/spec/SecretKeySpec,definition-present,unknown,1,0,unknown,fd-droidify-evidence.json#/rows/1004,False,unknown
fd-droidify,da3070f3f18bdbed1eab666677afd39e4b19a60c70f0bfca68a5730147f81f10,direct-framework-reference,,javax/net/SocketFactory,definition-present,unknown,5,0,unknown,fd-droidify-evidence.json#/rows/1005,False,unknown
fd-droidify,da3070f3f18bdbed1eab666677afd39e4b19a60c70f0bfca68a5730147f81f10,direct-framework-reference,,javax/net/ssl/HostnameVerifier,definition-present,unknown,5,0,unknown,fd-droidify-evidence.json#/rows/1006,False,unknown
fd-droidify,da3070f3f18bdbed1eab666677afd39e4b19a60c70f0bfca68a5730147f81f10,direct-framework-reference,,javax/net/ssl/KeyManager,definition-present,unknown,1,0,unknown,fd-droidify-evidence.json#/rows/1007,False,unknown
fd-droidify,da3070f3f18bdbed1eab666677afd39e4b19a60c70f0bfca68a5730147f81f10,direct-framework-reference,,javax/net/ssl/SSLContext,definition-present,unknown,3,0,unknown,fd-droidify-evidence.json#/rows/1008,False,unknown
fd-droidify,da3070f3f18bdbed1eab666677afd39e4b19a60c70f0bfca68a5730147f81f10,direct-framework-reference,,javax/net/ssl/SSLException,definition-present,unknown,1,0,unknown,fd-droidify-evidence.json#/rows/1009,False,unknown
fd-droidify,da3070f3f18bdbed1eab666677afd39e4b19a60c70f0bfca68a5730147f81f10,direct-framework-reference,,javax/net/ssl/SSLHandshakeException,definition-present,unknown,2,0,unknown,fd-droidify-evidence.json#/rows/1010,False,unknown
fd-droidify,da3070f3f18bdbed1eab666677afd39e4b19a60c70f0bfca68a5730147f81f10,direct-framework-reference,,javax/net/ssl/SSLParameters,definition-present,unknown,1,0,unknown,fd-droidify-evidence.json#/rows/1011,False,unknown
fd-droidify,da3070f3f18bdbed1eab666677afd39e4b19a60c70f0bfca68a5730147f81f10,direct-framework-reference,,javax/net/ssl/SSLPeerUnverifiedException,definition-present,unknown,5,0,unknown,fd-droidify-evidence.json#/rows/1012,False,unknown
fd-droidify,da3070f3f18bdbed1eab666677afd39e4b19a60c70f0bfca68a5730147f81f10,direct-framework-reference,,javax/net/ssl/SSLSession,definition-present,unknown,3,0,unknown,fd-droidify-evidence.json#/rows/1013,False,unknown
fd-droidify,da3070f3f18bdbed1eab666677afd39e4b19a60c70f0bfca68a5730147f81f10,direct-framework-reference,,javax/net/ssl/SSLSocket,definition-present,unknown,21,0,unknown,fd-droidify-evidence.json#/rows/1014,False,unknown
fd-droidify,da3070f3f18bdbed1eab666677afd39e4b19a60c70f0bfca68a5730147f81f10,direct-framework-reference,,javax/net/ssl/SSLSocketFactory,definition-present,unknown,7,0,unknown,fd-droidify-evidence.json#/rows/1015,False,unknown
fd-droidify,da3070f3f18bdbed1eab666677afd39e4b19a60c70f0bfca68a5730147f81f10,direct-framework-reference,,javax/net/ssl/TrustManager,definition-present,unknown,1,0,unknown,fd-droidify-evidence.json#/rows/1016,False,unknown
fd-droidify,da3070f3f18bdbed1eab666677afd39e4b19a60c70f0bfca68a5730147f81f10,direct-framework-reference,,javax/net/ssl/TrustManagerFactory,definition-present,unknown,1,0,unknown,fd-droidify-evidence.json#/rows/1017,False,unknown
fd-droidify,da3070f3f18bdbed1eab666677afd39e4b19a60c70f0bfca68a5730147f81f10,direct-framework-reference,,javax/net/ssl/X509TrustManager,definition-present,unknown,11,0,unknown,fd-droidify-evidence.json#/rows/1018,False,unknown
fd-droidify,da3070f3f18bdbed1eab666677afd39e4b19a60c70f0bfca68a5730147f81f10,direct-framework-reference,,javax/security/auth/x500/X500Principal,definition-present,unknown,2,0,unknown,fd-droidify-evidence.json#/rows/1019,False,unknown
fd-droidify,da3070f3f18bdbed1eab666677afd39e4b19a60c70f0bfca68a5730147f81f10,direct-framework-reference,,javax/xml/namespace/QName,definition-present,yes-static,3,3,unknown,fd-droidify-evidence.json#/rows/1020,False,unknown
fd-droidify,da3070f3f18bdbed1eab666677afd39e4b19a60c70f0bfca68a5730147f81f10,direct-framework-reference,,javax/xml/parsers/DocumentBuilder,definition-present,unknown,1,0,unknown,fd-droidify-evidence.json#/rows/1021,False,unknown
fd-droidify,da3070f3f18bdbed1eab666677afd39e4b19a60c70f0bfca68a5730147f81f10,direct-framework-reference,,javax/xml/parsers/DocumentBuilderFactory,definition-present,unknown,1,0,unknown,fd-droidify-evidence.json#/rows/1022,False,unknown
fd-droidify,da3070f3f18bdbed1eab666677afd39e4b19a60c70f0bfca68a5730147f81f10,direct-framework-reference,,javax/xml/transform/Result,definition-present,unknown,1,0,unknown,fd-droidify-evidence.json#/rows/1023,False,unknown
fd-droidify,da3070f3f18bdbed1eab666677afd39e4b19a60c70f0bfca68a5730147f81f10,direct-framework-reference,,javax/xml/transform/Source,definition-present,unknown,1,0,unknown,fd-droidify-evidence.json#/rows/1024,False,unknown
fd-droidify,da3070f3f18bdbed1eab666677afd39e4b19a60c70f0bfca68a5730147f81f10,direct-framework-reference,,javax/xml/transform/Transformer,definition-present,unknown,1,0,unknown,fd-droidify-evidence.json#/rows/1025,False,unknown
fd-droidify,da3070f3f18bdbed1eab666677afd39e4b19a60c70f0bfca68a5730147f81f10,direct-framework-reference,,javax/xml/transform/TransformerFactory,definition-present,unknown,1,0,unknown,fd-droidify-evidence.json#/rows/1026,False,unknown
fd-droidify,da3070f3f18bdbed1eab666677afd39e4b19a60c70f0bfca68a5730147f81f10,direct-framework-reference,,javax/xml/transform/dom/DOMSource,definition-present,unknown,1,0,unknown,fd-droidify-evidence.json#/rows/1027,False,unknown
fd-droidify,da3070f3f18bdbed1eab666677afd39e4b19a60c70f0bfca68a5730147f81f10,direct-framework-reference,,javax/xml/transform/stream/StreamResult,definition-present,unknown,1,0,unknown,fd-droidify-evidence.json#/rows/1028,False,unknown
fd-droidify,da3070f3f18bdbed1eab666677afd39e4b19a60c70f0bfca68a5730147f81f10,direct-framework-reference,,org/xml/sax/InputSource,definition-present,unknown,1,0,unknown,fd-droidify-evidence.json#/rows/1029,False,unknown
fd-droidify,da3070f3f18bdbed1eab666677afd39e4b19a60c70f0bfca68a5730147f81f10,manager-interface-prerequisite,alarm,android/app/IAlarmManager,definition-present,unknown,1,0,unknown,fd-droidify-evidence.json#/rows/1030,True,False
fd-droidify,da3070f3f18bdbed1eab666677afd39e4b19a60c70f0bfca68a5730147f81f10,manager-interface-prerequisite,appops,com/android/internal/app/IAppOpsService,definition-present,yes-static,2,2,unknown,fd-droidify-evidence.json#/rows/1031,True,False
fd-droidify,da3070f3f18bdbed1eab666677afd39e4b19a60c70f0bfca68a5730147f81f10,manager-interface-prerequisite,audio,android/media/IAudioService,definition-present,unknown,1,0,unknown,fd-droidify-evidence.json#/rows/1032,True,False
fd-droidify,da3070f3f18bdbed1eab666677afd39e4b19a60c70f0bfca68a5730147f81f10,manager-interface-prerequisite,clipboard,android/content/IClipboard,definition-present,yes-static,10,1,unknown,fd-droidify-evidence.json#/rows/1033,True,False
fd-droidify,da3070f3f18bdbed1eab666677afd39e4b19a60c70f0bfca68a5730147f81f10,manager-interface-prerequisite,connectivity,android/net/IConnectivityManager,definition-absent,yes-static,20,4,unresolvable-in-scanned-inputs,fd-droidify-evidence.json#/rows/1034,True,False
fd-droidify,da3070f3f18bdbed1eab666677afd39e4b19a60c70f0bfca68a5730147f81f10,manager-interface-prerequisite,jobscheduler,android/app/job/IJobScheduler,definition-present,yes-static,12,3,unknown,fd-droidify-evidence.json#/rows/1035,True,False
fd-droidify,da3070f3f18bdbed1eab666677afd39e4b19a60c70f0bfca68a5730147f81f10,manager-interface-prerequisite,locale,android/app/ILocaleManager,definition-present,unknown,2,0,unknown,fd-droidify-evidence.json#/rows/1036,True,False
fd-droidify,da3070f3f18bdbed1eab666677afd39e4b19a60c70f0bfca68a5730147f81f10,manager-interface-prerequisite,location,android/location/ILocationManager,definition-present,yes-static,2,2,unknown,fd-droidify-evidence.json#/rows/1037,True,False
fd-droidify,da3070f3f18bdbed1eab666677afd39e4b19a60c70f0bfca68a5730147f81f10,manager-interface-prerequisite,notification,android/app/INotificationManager,definition-present,yes-static,19,5,unknown,fd-droidify-evidence.json#/rows/1038,True,False
fd-droidify,da3070f3f18bdbed1eab666677afd39e4b19a60c70f0bfca68a5730147f81f10,manager-interface-prerequisite,power,android/os/IPowerManager,definition-present,yes-static,5,3,unknown,fd-droidify-evidence.json#/rows/1039,True,False
fd-droidify,da3070f3f18bdbed1eab666677afd39e4b19a60c70f0bfca68a5730147f81f10,manager-interface-prerequisite,uimode,android/app/IUiModeManager,definition-present,yes-static,1,1,unknown,fd-droidify-evidence.json#/rows/1040,True,False
fd-droidify,da3070f3f18bdbed1eab666677afd39e4b19a60c70f0bfca68a5730147f81f10,service-call,accessibility,,unknown,yes-static,13,3,unknown,fd-droidify-evidence.json#/rows/1041,False,False
fd-droidify,da3070f3f18bdbed1eab666677afd39e4b19a60c70f0bfca68a5730147f81f10,service-call,activity,,unknown,yes-static,4,2,unknown,fd-droidify-evidence.json#/rows/1042,False,False
fd-droidify,da3070f3f18bdbed1eab666677afd39e4b19a60c70f0bfca68a5730147f81f10,service-call,camera,,unknown,unknown,2,0,unknown,fd-droidify-evidence.json#/rows/1043,False,False
fd-droidify,da3070f3f18bdbed1eab666677afd39e4b19a60c70f0bfca68a5730147f81f10,service-call,display,,unknown,unknown,2,0,unknown,fd-droidify-evidence.json#/rows/1044,False,False
fd-droidify,da3070f3f18bdbed1eab666677afd39e4b19a60c70f0bfca68a5730147f81f10,service-call,input_method,,unknown,yes-static,8,2,unknown,fd-droidify-evidence.json#/rows/1045,False,False
fd-droidify,da3070f3f18bdbed1eab666677afd39e4b19a60c70f0bfca68a5730147f81f10,service-call,layout_inflater,,unknown,unknown,2,0,unknown,fd-droidify-evidence.json#/rows/1046,False,False
fd-droidify,da3070f3f18bdbed1eab666677afd39e4b19a60c70f0bfca68a5730147f81f10,service-call,unknown,,unknown,yes-static,25,11,unknown,fd-droidify-evidence.json#/rows/1047,False,False
fd-droidify,da3070f3f18bdbed1eab666677afd39e4b19a60c70f0bfca68a5730147f81f10,service-call,user,,unknown,unknown,1,0,unknown,fd-droidify-evidence.json#/rows/1048,False,False
fd-droidify,da3070f3f18bdbed1eab666677afd39e4b19a60c70f0bfca68a5730147f81f10,service-call,window,,unknown,yes-static,9,2,unknown,fd-droidify-evidence.json#/rows/1049,False,False
fd-droidify,da3070f3f18bdbed1eab666677afd39e4b19a60c70f0bfca68a5730147f81f10,service-interface-prerequisite,alarm,android/app/IAlarmManager,definition-present,unknown,1,0,unknown,fd-droidify-evidence.json#/rows/1050,True,False
fd-droidify,da3070f3f18bdbed1eab666677afd39e4b19a60c70f0bfca68a5730147f81f10,service-interface-prerequisite,appops,com/android/internal/app/IAppOpsService,definition-present,yes-static,1,1,unknown,fd-droidify-evidence.json#/rows/1051,True,False
fd-droidify,da3070f3f18bdbed1eab666677afd39e4b19a60c70f0bfca68a5730147f81f10,service-interface-prerequisite,audio,android/media/IAudioService,definition-present,unknown,1,0,unknown,fd-droidify-evidence.json#/rows/1052,True,False
fd-droidify,da3070f3f18bdbed1eab666677afd39e4b19a60c70f0bfca68a5730147f81f10,service-interface-prerequisite,clipboard,android/content/IClipboard,definition-present,yes-static,5,1,unknown,fd-droidify-evidence.json#/rows/1053,True,False
fd-droidify,da3070f3f18bdbed1eab666677afd39e4b19a60c70f0bfca68a5730147f81f10,service-interface-prerequisite,connectivity,android/net/IConnectivityManager,definition-absent,yes-static,4,3,unresolvable-in-scanned-inputs,fd-droidify-evidence.json#/rows/1054,True,False
fd-droidify,da3070f3f18bdbed1eab666677afd39e4b19a60c70f0bfca68a5730147f81f10,service-interface-prerequisite,jobscheduler,android/app/job/IJobScheduler,definition-present,yes-static,3,1,unknown,fd-droidify-evidence.json#/rows/1055,True,False
fd-droidify,da3070f3f18bdbed1eab666677afd39e4b19a60c70f0bfca68a5730147f81f10,service-interface-prerequisite,locale,android/app/ILocaleManager,definition-present,unknown,1,0,unknown,fd-droidify-evidence.json#/rows/1056,True,False
fd-droidify,da3070f3f18bdbed1eab666677afd39e4b19a60c70f0bfca68a5730147f81f10,service-interface-prerequisite,location,android/location/ILocationManager,definition-present,yes-static,1,1,unknown,fd-droidify-evidence.json#/rows/1057,True,False
fd-droidify,da3070f3f18bdbed1eab666677afd39e4b19a60c70f0bfca68a5730147f81f10,service-interface-prerequisite,notification,android/app/INotificationManager,definition-present,yes-static,12,2,unknown,fd-droidify-evidence.json#/rows/1058,True,False
fd-droidify,da3070f3f18bdbed1eab666677afd39e4b19a60c70f0bfca68a5730147f81f10,service-interface-prerequisite,power,android/os/IPowerManager,definition-present,yes-static,3,1,unknown,fd-droidify-evidence.json#/rows/1059,True,False
fd-droidify,da3070f3f18bdbed1eab666677afd39e4b19a60c70f0bfca68a5730147f81f10,service-interface-prerequisite,uimode,android/app/IUiModeManager,definition-present,yes-static,1,1,unknown,fd-droidify-evidence.json#/rows/1060,True,False
