app,apk_sha256,kind,service,class,availability,startup_reachable,full_method_reference_count,startup_method_reference_count,runtime_load,evidence,stub_ok,needs_real
localsend,82ec3568fba2aa5295b9aae8b76f701d7a4703d86b9f8bad749472038fbaeab3,direct-framework-reference,,android/animation/Animator,definition-present,unknown,27,0,unknown,localsend-evidence.json#/rows/0,False,unknown
localsend,82ec3568fba2aa5295b9aae8b76f701d7a4703d86b9f8bad749472038fbaeab3,direct-framework-reference,,android/animation/AnimatorInflater,definition-present,unknown,1,0,unknown,localsend-evidence.json#/rows/1,False,unknown
localsend,82ec3568fba2aa5295b9aae8b76f701d7a4703d86b9f8bad749472038fbaeab3,direct-framework-reference,,android/animation/AnimatorListenerAdapter,definition-present,unknown,18,0,unknown,localsend-evidence.json#/rows/2,False,unknown
localsend,82ec3568fba2aa5295b9aae8b76f701d7a4703d86b9f8bad749472038fbaeab3,direct-framework-reference,,android/animation/AnimatorSet,definition-present,unknown,7,0,unknown,localsend-evidence.json#/rows/3,False,unknown
localsend,82ec3568fba2aa5295b9aae8b76f701d7a4703d86b9f8bad749472038fbaeab3,direct-framework-reference,,android/animation/ObjectAnimator,definition-present,unknown,8,0,unknown,localsend-evidence.json#/rows/4,False,unknown
localsend,82ec3568fba2aa5295b9aae8b76f701d7a4703d86b9f8bad749472038fbaeab3,direct-framework-reference,,android/animation/PropertyValuesHolder,definition-present,unknown,1,0,unknown,localsend-evidence.json#/rows/5,False,unknown
localsend,82ec3568fba2aa5295b9aae8b76f701d7a4703d86b9f8bad749472038fbaeab3,direct-framework-reference,,android/animation/TimeInterpolator,definition-present,unknown,22,0,unknown,localsend-evidence.json#/rows/6,False,unknown
localsend,82ec3568fba2aa5295b9aae8b76f701d7a4703d86b9f8bad749472038fbaeab3,direct-framework-reference,,android/animation/TypeConverter,definition-present,unknown,1,0,unknown,localsend-evidence.json#/rows/7,False,unknown
localsend,82ec3568fba2aa5295b9aae8b76f701d7a4703d86b9f8bad749472038fbaeab3,direct-framework-reference,,android/animation/ValueAnimator,definition-present,unknown,17,0,unknown,localsend-evidence.json#/rows/8,False,unknown
localsend,82ec3568fba2aa5295b9aae8b76f701d7a4703d86b9f8bad749472038fbaeab3,direct-framework-reference,,android/app/Activity,definition-present,yes-static,177,19,unknown,localsend-evidence.json#/rows/9,False,unknown
localsend,82ec3568fba2aa5295b9aae8b76f701d7a4703d86b9f8bad749472038fbaeab3,direct-framework-reference,,android/app/ActivityManager,definition-present,yes-static,7,1,unknown,localsend-evidence.json#/rows/10,False,unknown
localsend,82ec3568fba2aa5295b9aae8b76f701d7a4703d86b9f8bad749472038fbaeab3,direct-framework-reference,,android/app/ActivityManager$MemoryInfo,definition-present,yes-static,2,1,unknown,localsend-evidence.json#/rows/11,False,unknown
localsend,82ec3568fba2aa5295b9aae8b76f701d7a4703d86b9f8bad749472038fbaeab3,direct-framework-reference,,android/app/ActivityManager$RunningAppProcessInfo,definition-present,unknown,1,0,unknown,localsend-evidence.json#/rows/12,False,unknown
localsend,82ec3568fba2aa5295b9aae8b76f701d7a4703d86b9f8bad749472038fbaeab3,direct-framework-reference,,android/app/ActivityManager$RunningServiceInfo,definition-present,unknown,1,0,unknown,localsend-evidence.json#/rows/13,False,unknown
localsend,82ec3568fba2aa5295b9aae8b76f701d7a4703d86b9f8bad749472038fbaeab3,direct-framework-reference,,android/app/ActivityManager$TaskDescription,definition-present,unknown,2,0,unknown,localsend-evidence.json#/rows/14,False,unknown
localsend,82ec3568fba2aa5295b9aae8b76f701d7a4703d86b9f8bad749472038fbaeab3,direct-framework-reference,,android/app/ActivityOptions,definition-present,unknown,5,0,unknown,localsend-evidence.json#/rows/15,False,unknown
localsend,82ec3568fba2aa5295b9aae8b76f701d7a4703d86b9f8bad749472038fbaeab3,direct-framework-reference,,android/app/AlarmManager,definition-present,unknown,7,0,unknown,localsend-evidence.json#/rows/16,False,unknown
localsend,82ec3568fba2aa5295b9aae8b76f701d7a4703d86b9f8bad749472038fbaeab3,direct-framework-reference,,android/app/AlarmManager$AlarmClockInfo,definition-present,unknown,1,0,unknown,localsend-evidence.json#/rows/17,False,unknown
localsend,82ec3568fba2aa5295b9aae8b76f701d7a4703d86b9f8bad749472038fbaeab3,direct-framework-reference,,android/app/AlertDialog,definition-present,unknown,1,0,unknown,localsend-evidence.json#/rows/18,False,unknown
localsend,82ec3568fba2aa5295b9aae8b76f701d7a4703d86b9f8bad749472038fbaeab3,direct-framework-reference,,android/app/AppComponentFactory,definition-present,unknown,1,0,unknown,localsend-evidence.json#/rows/19,False,unknown
localsend,82ec3568fba2aa5295b9aae8b76f701d7a4703d86b9f8bad749472038fbaeab3,direct-framework-reference,,android/app/Application,definition-present,unknown,16,0,unknown,localsend-evidence.json#/rows/20,False,unknown
localsend,82ec3568fba2aa5295b9aae8b76f701d7a4703d86b9f8bad749472038fbaeab3,direct-framework-reference,,android/app/Application$ActivityLifecycleCallbacks,definition-present,unknown,1,0,unknown,localsend-evidence.json#/rows/21,False,unknown
localsend,82ec3568fba2aa5295b9aae8b76f701d7a4703d86b9f8bad749472038fbaeab3,direct-framework-reference,,android/app/Dialog,definition-present,yes-static,8,1,unknown,localsend-evidence.json#/rows/22,False,unknown
localsend,82ec3568fba2aa5295b9aae8b76f701d7a4703d86b9f8bad749472038fbaeab3,direct-framework-reference,,android/app/ForegroundServiceStartNotAllowedException,definition-present,unknown,3,0,unknown,localsend-evidence.json#/rows/23,False,unknown
localsend,82ec3568fba2aa5295b9aae8b76f701d7a4703d86b9f8bad749472038fbaeab3,direct-framework-reference,,android/app/Fragment,definition-present,unknown,10,0,unknown,localsend-evidence.json#/rows/24,False,unknown
localsend,82ec3568fba2aa5295b9aae8b76f701d7a4703d86b9f8bad749472038fbaeab3,direct-framework-reference,,android/app/FragmentManager,definition-present,unknown,2,0,unknown,localsend-evidence.json#/rows/25,False,unknown
localsend,82ec3568fba2aa5295b9aae8b76f701d7a4703d86b9f8bad749472038fbaeab3,direct-framework-reference,,android/app/FragmentTransaction,definition-present,unknown,1,0,unknown,localsend-evidence.json#/rows/26,False,unknown
localsend,82ec3568fba2aa5295b9aae8b76f701d7a4703d86b9f8bad749472038fbaeab3,direct-framework-reference,,android/app/Notification,definition-present,unknown,4,0,unknown,localsend-evidence.json#/rows/27,False,unknown
localsend,82ec3568fba2aa5295b9aae8b76f701d7a4703d86b9f8bad749472038fbaeab3,direct-framework-reference,,android/app/Notification$Action,definition-present,unknown,1,0,unknown,localsend-evidence.json#/rows/28,False,unknown
localsend,82ec3568fba2aa5295b9aae8b76f701d7a4703d86b9f8bad749472038fbaeab3,direct-framework-reference,,android/app/Notification$Action$Builder,definition-present,unknown,4,0,unknown,localsend-evidence.json#/rows/29,False,unknown
localsend,82ec3568fba2aa5295b9aae8b76f701d7a4703d86b9f8bad749472038fbaeab3,direct-framework-reference,,android/app/Notification$BigTextStyle,definition-present,unknown,1,0,unknown,localsend-evidence.json#/rows/30,False,unknown
localsend,82ec3568fba2aa5295b9aae8b76f701d7a4703d86b9f8bad749472038fbaeab3,direct-framework-reference,,android/app/Notification$BubbleMetadata,definition-present,unknown,1,0,unknown,localsend-evidence.json#/rows/31,False,unknown
localsend,82ec3568fba2aa5295b9aae8b76f701d7a4703d86b9f8bad749472038fbaeab3,direct-framework-reference,,android/app/Notification$Builder,definition-present,unknown,13,0,unknown,localsend-evidence.json#/rows/32,False,unknown
localsend,82ec3568fba2aa5295b9aae8b76f701d7a4703d86b9f8bad749472038fbaeab3,direct-framework-reference,,android/app/Notification$Style,definition-present,unknown,1,0,unknown,localsend-evidence.json#/rows/33,False,unknown
localsend,82ec3568fba2aa5295b9aae8b76f701d7a4703d86b9f8bad749472038fbaeab3,direct-framework-reference,,android/app/NotificationChannel,definition-present,unknown,9,0,unknown,localsend-evidence.json#/rows/34,False,unknown
localsend,82ec3568fba2aa5295b9aae8b76f701d7a4703d86b9f8bad749472038fbaeab3,direct-framework-reference,,android/app/NotificationManager,definition-present,unknown,8,0,unknown,localsend-evidence.json#/rows/35,False,unknown
localsend,82ec3568fba2aa5295b9aae8b76f701d7a4703d86b9f8bad749472038fbaeab3,direct-framework-reference,,android/app/PendingIntent,definition-present,unknown,21,0,unknown,localsend-evidence.json#/rows/36,False,unknown
localsend,82ec3568fba2aa5295b9aae8b76f701d7a4703d86b9f8bad749472038fbaeab3,direct-framework-reference,,android/app/Person,definition-present,unknown,5,0,unknown,localsend-evidence.json#/rows/37,False,unknown
localsend,82ec3568fba2aa5295b9aae8b76f701d7a4703d86b9f8bad749472038fbaeab3,direct-framework-reference,,android/app/Person$Builder,definition-present,unknown,1,0,unknown,localsend-evidence.json#/rows/38,False,unknown
localsend,82ec3568fba2aa5295b9aae8b76f701d7a4703d86b9f8bad749472038fbaeab3,direct-framework-reference,,android/app/Presentation,definition-present,unknown,2,0,unknown,localsend-evidence.json#/rows/39,False,unknown
localsend,82ec3568fba2aa5295b9aae8b76f701d7a4703d86b9f8bad749472038fbaeab3,direct-framework-reference,,android/app/RecoverableSecurityException,definition-present,unknown,6,0,unknown,localsend-evidence.json#/rows/40,False,unknown
localsend,82ec3568fba2aa5295b9aae8b76f701d7a4703d86b9f8bad749472038fbaeab3,direct-framework-reference,,android/app/RemoteAction,definition-present,unknown,3,0,unknown,localsend-evidence.json#/rows/41,False,unknown
localsend,82ec3568fba2aa5295b9aae8b76f701d7a4703d86b9f8bad749472038fbaeab3,direct-framework-reference,,android/app/RemoteInput,definition-present,unknown,1,0,unknown,localsend-evidence.json#/rows/42,False,unknown
localsend,82ec3568fba2aa5295b9aae8b76f701d7a4703d86b9f8bad749472038fbaeab3,direct-framework-reference,,android/app/RemoteInput$Builder,definition-present,unknown,1,0,unknown,localsend-evidence.json#/rows/43,False,unknown
localsend,82ec3568fba2aa5295b9aae8b76f701d7a4703d86b9f8bad749472038fbaeab3,direct-framework-reference,,android/app/SearchableInfo,definition-present,unknown,13,0,unknown,localsend-evidence.json#/rows/44,False,unknown
localsend,82ec3568fba2aa5295b9aae8b76f701d7a4703d86b9f8bad749472038fbaeab3,direct-framework-reference,,android/app/Service,definition-present,unknown,12,0,unknown,localsend-evidence.json#/rows/45,False,unknown
localsend,82ec3568fba2aa5295b9aae8b76f701d7a4703d86b9f8bad749472038fbaeab3,direct-framework-reference,,android/app/UiModeManager,definition-present,unknown,1,0,unknown,localsend-evidence.json#/rows/46,False,unknown
localsend,82ec3568fba2aa5295b9aae8b76f701d7a4703d86b9f8bad749472038fbaeab3,direct-framework-reference,,android/bluetooth/BluetoothAdapter,definition-absent,unknown,1,0,unresolvable-in-scanned-inputs,localsend-evidence.json#/rows/47,False,unknown
localsend,82ec3568fba2aa5295b9aae8b76f701d7a4703d86b9f8bad749472038fbaeab3,direct-framework-reference,,android/bluetooth/BluetoothManager,definition-absent,unknown,1,0,unresolvable-in-scanned-inputs,localsend-evidence.json#/rows/48,False,unknown
localsend,82ec3568fba2aa5295b9aae8b76f701d7a4703d86b9f8bad749472038fbaeab3,direct-framework-reference,,android/content/BroadcastReceiver,definition-present,unknown,24,0,unknown,localsend-evidence.json#/rows/49,False,unknown
localsend,82ec3568fba2aa5295b9aae8b76f701d7a4703d86b9f8bad749472038fbaeab3,direct-framework-reference,,android/content/ClipData,definition-present,unknown,21,0,unknown,localsend-evidence.json#/rows/50,False,unknown
localsend,82ec3568fba2aa5295b9aae8b76f701d7a4703d86b9f8bad749472038fbaeab3,direct-framework-reference,,android/content/ClipData$Item,definition-present,unknown,10,0,unknown,localsend-evidence.json#/rows/51,False,unknown
localsend,82ec3568fba2aa5295b9aae8b76f701d7a4703d86b9f8bad749472038fbaeab3,direct-framework-reference,,android/content/ClipDescription,definition-present,unknown,10,0,unknown,localsend-evidence.json#/rows/52,False,unknown
localsend,82ec3568fba2aa5295b9aae8b76f701d7a4703d86b9f8bad749472038fbaeab3,direct-framework-reference,,android/content/ClipboardManager,definition-present,unknown,5,0,unknown,localsend-evidence.json#/rows/53,False,unknown
localsend,82ec3568fba2aa5295b9aae8b76f701d7a4703d86b9f8bad749472038fbaeab3,direct-framework-reference,,android/content/ComponentCallbacks,definition-present,unknown,1,0,unknown,localsend-evidence.json#/rows/54,False,unknown
localsend,82ec3568fba2aa5295b9aae8b76f701d7a4703d86b9f8bad749472038fbaeab3,direct-framework-reference,,android/content/ComponentName,definition-present,yes-static,25,2,unknown,localsend-evidence.json#/rows/55,False,unknown
localsend,82ec3568fba2aa5295b9aae8b76f701d7a4703d86b9f8bad749472038fbaeab3,direct-framework-reference,,android/content/ContentProvider,definition-present,yes-static,5,3,unknown,localsend-evidence.json#/rows/56,False,unknown
localsend,82ec3568fba2aa5295b9aae8b76f701d7a4703d86b9f8bad749472038fbaeab3,direct-framework-reference,,android/content/ContentProviderClient,definition-present,unknown,1,0,unknown,localsend-evidence.json#/rows/57,False,unknown
localsend,82ec3568fba2aa5295b9aae8b76f701d7a4703d86b9f8bad749472038fbaeab3,direct-framework-reference,,android/content/ContentResolver,definition-present,yes-static,121,5,unknown,localsend-evidence.json#/rows/58,False,unknown
localsend,82ec3568fba2aa5295b9aae8b76f701d7a4703d86b9f8bad749472038fbaeab3,direct-framework-reference,,android/content/ContentUris,definition-present,unknown,7,0,unknown,localsend-evidence.json#/rows/59,False,unknown
localsend,82ec3568fba2aa5295b9aae8b76f701d7a4703d86b9f8bad749472038fbaeab3,direct-framework-reference,,android/content/ContentValues,definition-present,unknown,11,0,unknown,localsend-evidence.json#/rows/60,False,unknown
localsend,82ec3568fba2aa5295b9aae8b76f701d7a4703d86b9f8bad749472038fbaeab3,direct-framework-reference,,android/content/Context,definition-present,yes-static,938,34,unknown,localsend-evidence.json#/rows/61,False,unknown
localsend,82ec3568fba2aa5295b9aae8b76f701d7a4703d86b9f8bad749472038fbaeab3,direct-framework-reference,,android/content/ContextWrapper,definition-present,yes-static,20,1,unknown,localsend-evidence.json#/rows/62,False,unknown
localsend,82ec3568fba2aa5295b9aae8b76f701d7a4703d86b9f8bad749472038fbaeab3,direct-framework-reference,,android/content/DialogInterface,definition-present,unknown,3,0,unknown,localsend-evidence.json#/rows/63,False,unknown
localsend,82ec3568fba2aa5295b9aae8b76f701d7a4703d86b9f8bad749472038fbaeab3,direct-framework-reference,,android/content/DialogInterface$OnCancelListener,definition-present,unknown,1,0,unknown,localsend-evidence.json#/rows/64,False,unknown
localsend,82ec3568fba2aa5295b9aae8b76f701d7a4703d86b9f8bad749472038fbaeab3,direct-framework-reference,,android/content/DialogInterface$OnDismissListener,definition-present,unknown,1,0,unknown,localsend-evidence.json#/rows/65,False,unknown
localsend,82ec3568fba2aa5295b9aae8b76f701d7a4703d86b9f8bad749472038fbaeab3,direct-framework-reference,,android/content/Intent,definition-present,yes-static,122,12,unknown,localsend-evidence.json#/rows/66,False,unknown
localsend,82ec3568fba2aa5295b9aae8b76f701d7a4703d86b9f8bad749472038fbaeab3,direct-framework-reference,,android/content/IntentFilter,definition-present,unknown,11,0,unknown,localsend-evidence.json#/rows/67,False,unknown
localsend,82ec3568fba2aa5295b9aae8b76f701d7a4703d86b9f8bad749472038fbaeab3,direct-framework-reference,,android/content/IntentSender,definition-present,unknown,6,0,unknown,localsend-evidence.json#/rows/68,False,unknown
localsend,82ec3568fba2aa5295b9aae8b76f701d7a4703d86b9f8bad749472038fbaeab3,direct-framework-reference,,android/content/LocusId,definition-present,unknown,3,0,unknown,localsend-evidence.json#/rows/69,False,unknown
localsend,82ec3568fba2aa5295b9aae8b76f701d7a4703d86b9f8bad749472038fbaeab3,direct-framework-reference,,android/content/MutableContextWrapper,definition-present,unknown,2,0,unknown,localsend-evidence.json#/rows/70,False,unknown
localsend,82ec3568fba2aa5295b9aae8b76f701d7a4703d86b9f8bad749472038fbaeab3,direct-framework-reference,,android/content/SharedPreferences,definition-present,unknown,39,0,unknown,localsend-evidence.json#/rows/71,False,unknown
localsend,82ec3568fba2aa5295b9aae8b76f701d7a4703d86b9f8bad749472038fbaeab3,direct-framework-reference,,android/content/SharedPreferences$Editor,definition-present,unknown,23,0,unknown,localsend-evidence.json#/rows/72,False,unknown
localsend,82ec3568fba2aa5295b9aae8b76f701d7a4703d86b9f8bad749472038fbaeab3,direct-framework-reference,,android/content/UriMatcher,definition-present,unknown,2,0,unknown,localsend-evidence.json#/rows/73,False,unknown
localsend,82ec3568fba2aa5295b9aae8b76f701d7a4703d86b9f8bad749472038fbaeab3,direct-framework-reference,,android/content/pm/ActivityInfo,definition-present,yes-static,12,1,unknown,localsend-evidence.json#/rows/74,False,unknown
localsend,82ec3568fba2aa5295b9aae8b76f701d7a4703d86b9f8bad749472038fbaeab3,direct-framework-reference,,android/content/pm/ApplicationInfo,definition-present,yes-static,28,4,unknown,localsend-evidence.json#/rows/75,False,unknown
localsend,82ec3568fba2aa5295b9aae8b76f701d7a4703d86b9f8bad749472038fbaeab3,direct-framework-reference,,android/content/pm/ComponentInfo,definition-present,unknown,1,0,unknown,localsend-evidence.json#/rows/76,False,unknown
localsend,82ec3568fba2aa5295b9aae8b76f701d7a4703d86b9f8bad749472038fbaeab3,direct-framework-reference,,android/content/pm/FeatureInfo,definition-present,unknown,1,0,unknown,localsend-evidence.json#/rows/77,False,unknown
localsend,82ec3568fba2aa5295b9aae8b76f701d7a4703d86b9f8bad749472038fbaeab3,direct-framework-reference,,android/content/pm/InstallSourceInfo,definition-present,unknown,3,0,unknown,localsend-evidence.json#/rows/78,False,unknown
localsend,82ec3568fba2aa5295b9aae8b76f701d7a4703d86b9f8bad749472038fbaeab3,direct-framework-reference,,android/content/pm/PackageInfo,definition-present,unknown,22,0,unknown,localsend-evidence.json#/rows/79,False,unknown
localsend,82ec3568fba2aa5295b9aae8b76f701d7a4703d86b9f8bad749472038fbaeab3,direct-framework-reference,,android/content/pm/PackageItemInfo,definition-present,unknown,4,0,unknown,localsend-evidence.json#/rows/80,False,unknown
localsend,82ec3568fba2aa5295b9aae8b76f701d7a4703d86b9f8bad749472038fbaeab3,direct-framework-reference,,android/content/pm/PackageManager,definition-present,yes-static,65,7,unknown,localsend-evidence.json#/rows/81,False,unknown
localsend,82ec3568fba2aa5295b9aae8b76f701d7a4703d86b9f8bad749472038fbaeab3,direct-framework-reference,,android/content/pm/PackageManager$NameNotFoundException,definition-present,unknown,1,0,unknown,localsend-evidence.json#/rows/82,False,unknown
localsend,82ec3568fba2aa5295b9aae8b76f701d7a4703d86b9f8bad749472038fbaeab3,direct-framework-reference,,android/content/pm/PackageManager$PackageInfoFlags,definition-present,unknown,6,0,unknown,localsend-evidence.json#/rows/83,False,unknown
localsend,82ec3568fba2aa5295b9aae8b76f701d7a4703d86b9f8bad749472038fbaeab3,direct-framework-reference,,android/content/pm/PackageManager$ResolveInfoFlags,definition-present,unknown,6,0,unknown,localsend-evidence.json#/rows/84,False,unknown
localsend,82ec3568fba2aa5295b9aae8b76f701d7a4703d86b9f8bad749472038fbaeab3,direct-framework-reference,,android/content/pm/ProviderInfo,definition-present,yes-static,6,1,unknown,localsend-evidence.json#/rows/85,False,unknown
localsend,82ec3568fba2aa5295b9aae8b76f701d7a4703d86b9f8bad749472038fbaeab3,direct-framework-reference,,android/content/pm/ResolveInfo,definition-present,unknown,13,0,unknown,localsend-evidence.json#/rows/86,False,unknown
localsend,82ec3568fba2aa5295b9aae8b76f701d7a4703d86b9f8bad749472038fbaeab3,direct-framework-reference,,android/content/pm/ServiceInfo,definition-present,unknown,1,0,unknown,localsend-evidence.json#/rows/87,False,unknown
localsend,82ec3568fba2aa5295b9aae8b76f701d7a4703d86b9f8bad749472038fbaeab3,direct-framework-reference,,android/content/pm/ShortcutInfo,definition-present,unknown,2,0,unknown,localsend-evidence.json#/rows/88,False,unknown
localsend,82ec3568fba2aa5295b9aae8b76f701d7a4703d86b9f8bad749472038fbaeab3,direct-framework-reference,,android/content/pm/ShortcutInfo$Builder,definition-present,unknown,17,0,unknown,localsend-evidence.json#/rows/89,False,unknown
localsend,82ec3568fba2aa5295b9aae8b76f701d7a4703d86b9f8bad749472038fbaeab3,direct-framework-reference,,android/content/pm/ShortcutManager,definition-present,unknown,4,0,unknown,localsend-evidence.json#/rows/90,False,unknown
localsend,82ec3568fba2aa5295b9aae8b76f701d7a4703d86b9f8bad749472038fbaeab3,direct-framework-reference,,android/content/pm/Signature,definition-present,unknown,7,0,unknown,localsend-evidence.json#/rows/91,False,unknown
localsend,82ec3568fba2aa5295b9aae8b76f701d7a4703d86b9f8bad749472038fbaeab3,direct-framework-reference,,android/content/pm/SigningInfo,definition-present,unknown,5,0,unknown,localsend-evidence.json#/rows/92,False,unknown
localsend,82ec3568fba2aa5295b9aae8b76f701d7a4703d86b9f8bad749472038fbaeab3,direct-framework-reference,,android/content/res/AssetFileDescriptor,definition-present,unknown,22,0,unknown,localsend-evidence.json#/rows/93,False,unknown
localsend,82ec3568fba2aa5295b9aae8b76f701d7a4703d86b9f8bad749472038fbaeab3,direct-framework-reference,,android/content/res/AssetManager,definition-present,yes-static,20,4,unknown,localsend-evidence.json#/rows/94,False,unknown
localsend,82ec3568fba2aa5295b9aae8b76f701d7a4703d86b9f8bad749472038fbaeab3,direct-framework-reference,,android/content/res/AssetManager$AssetInputStream,definition-present,unknown,4,0,unknown,localsend-evidence.json#/rows/95,False,unknown
localsend,82ec3568fba2aa5295b9aae8b76f701d7a4703d86b9f8bad749472038fbaeab3,direct-framework-reference,,android/content/res/ColorStateList,definition-present,unknown,206,0,unknown,localsend-evidence.json#/rows/96,False,unknown
localsend,82ec3568fba2aa5295b9aae8b76f701d7a4703d86b9f8bad749472038fbaeab3,direct-framework-reference,,android/content/res/Configuration,definition-present,yes-static,43,5,unknown,localsend-evidence.json#/rows/97,False,unknown
localsend,82ec3568fba2aa5295b9aae8b76f701d7a4703d86b9f8bad749472038fbaeab3,direct-framework-reference,,android/content/res/Resources,definition-present,yes-static,195,7,unknown,localsend-evidence.json#/rows/98,False,unknown
localsend,82ec3568fba2aa5295b9aae8b76f701d7a4703d86b9f8bad749472038fbaeab3,direct-framework-reference,,android/content/res/Resources$NotFoundException,definition-present,unknown,1,0,unknown,localsend-evidence.json#/rows/99,False,unknown
localsend,82ec3568fba2aa5295b9aae8b76f701d7a4703d86b9f8bad749472038fbaeab3,direct-framework-reference,,android/content/res/Resources$Theme,definition-present,unknown,35,0,unknown,localsend-evidence.json#/rows/100,False,unknown
localsend,82ec3568fba2aa5295b9aae8b76f701d7a4703d86b9f8bad749472038fbaeab3,direct-framework-reference,,android/content/res/TypedArray,definition-present,unknown,106,0,unknown,localsend-evidence.json#/rows/101,False,unknown
localsend,82ec3568fba2aa5295b9aae8b76f701d7a4703d86b9f8bad749472038fbaeab3,direct-framework-reference,,android/content/res/XmlResourceParser,definition-present,yes-static,12,2,unknown,localsend-evidence.json#/rows/102,False,unknown
localsend,82ec3568fba2aa5295b9aae8b76f701d7a4703d86b9f8bad749472038fbaeab3,direct-framework-reference,,android/database/ContentObserver,definition-present,yes-static,16,5,unknown,localsend-evidence.json#/rows/103,False,unknown
localsend,82ec3568fba2aa5295b9aae8b76f701d7a4703d86b9f8bad749472038fbaeab3,direct-framework-reference,,android/database/Cursor,definition-present,unknown,79,0,unknown,localsend-evidence.json#/rows/104,False,unknown
localsend,82ec3568fba2aa5295b9aae8b76f701d7a4703d86b9f8bad749472038fbaeab3,direct-framework-reference,,android/database/DataSetObserver,definition-present,unknown,3,0,unknown,localsend-evidence.json#/rows/105,False,unknown
localsend,82ec3568fba2aa5295b9aae8b76f701d7a4703d86b9f8bad749472038fbaeab3,direct-framework-reference,,android/database/MatrixCursor,definition-present,unknown,2,0,unknown,localsend-evidence.json#/rows/106,False,unknown
localsend,82ec3568fba2aa5295b9aae8b76f701d7a4703d86b9f8bad749472038fbaeab3,direct-framework-reference,,android/graphics/Bitmap,definition-present,yes-static,114,1,unknown,localsend-evidence.json#/rows/107,False,unknown
localsend,82ec3568fba2aa5295b9aae8b76f701d7a4703d86b9f8bad749472038fbaeab3,direct-framework-reference,,android/graphics/Bitmap$CompressFormat,definition-present,unknown,18,0,unknown,localsend-evidence.json#/rows/108,False,unknown
localsend,82ec3568fba2aa5295b9aae8b76f701d7a4703d86b9f8bad749472038fbaeab3,direct-framework-reference,,android/graphics/Bitmap$Config,definition-present,unknown,42,0,unknown,localsend-evidence.json#/rows/109,False,unknown
localsend,82ec3568fba2aa5295b9aae8b76f701d7a4703d86b9f8bad749472038fbaeab3,direct-framework-reference,,android/graphics/BitmapFactory,definition-present,unknown,12,0,unknown,localsend-evidence.json#/rows/110,False,unknown
localsend,82ec3568fba2aa5295b9aae8b76f701d7a4703d86b9f8bad749472038fbaeab3,direct-framework-reference,,android/graphics/BitmapFactory$Options,definition-present,unknown,15,0,unknown,localsend-evidence.json#/rows/111,False,unknown
localsend,82ec3568fba2aa5295b9aae8b76f701d7a4703d86b9f8bad749472038fbaeab3,direct-framework-reference,,android/graphics/BitmapShader,definition-present,unknown,1,0,unknown,localsend-evidence.json#/rows/112,False,unknown
localsend,82ec3568fba2aa5295b9aae8b76f701d7a4703d86b9f8bad749472038fbaeab3,direct-framework-reference,,android/graphics/Canvas,definition-present,unknown,50,0,unknown,localsend-evidence.json#/rows/113,False,unknown
localsend,82ec3568fba2aa5295b9aae8b76f701d7a4703d86b9f8bad749472038fbaeab3,direct-framework-reference,,android/graphics/Color,definition-present,unknown,15,0,unknown,localsend-evidence.json#/rows/114,False,unknown
localsend,82ec3568fba2aa5295b9aae8b76f701d7a4703d86b9f8bad749472038fbaeab3,direct-framework-reference,,android/graphics/ColorFilter,definition-present,unknown,10,0,unknown,localsend-evidence.json#/rows/115,False,unknown
localsend,82ec3568fba2aa5295b9aae8b76f701d7a4703d86b9f8bad749472038fbaeab3,direct-framework-reference,,android/graphics/ColorSpace,definition-present,unknown,14,0,unknown,localsend-evidence.json#/rows/116,False,unknown
localsend,82ec3568fba2aa5295b9aae8b76f701d7a4703d86b9f8bad749472038fbaeab3,direct-framework-reference,,android/graphics/ColorSpace$Named,definition-present,unknown,8,0,unknown,localsend-evidence.json#/rows/117,False,unknown
localsend,82ec3568fba2aa5295b9aae8b76f701d7a4703d86b9f8bad749472038fbaeab3,direct-framework-reference,,android/graphics/ImageDecoder,definition-present,unknown,12,0,unknown,localsend-evidence.json#/rows/118,False,unknown
localsend,82ec3568fba2aa5295b9aae8b76f701d7a4703d86b9f8bad749472038fbaeab3,direct-framework-reference,,android/graphics/ImageDecoder$ImageInfo,definition-present,unknown,4,0,unknown,localsend-evidence.json#/rows/119,False,unknown
localsend,82ec3568fba2aa5295b9aae8b76f701d7a4703d86b9f8bad749472038fbaeab3,direct-framework-reference,,android/graphics/ImageDecoder$OnHeaderDecodedListener,definition-present,unknown,3,0,unknown,localsend-evidence.json#/rows/120,False,unknown
localsend,82ec3568fba2aa5295b9aae8b76f701d7a4703d86b9f8bad749472038fbaeab3,direct-framework-reference,,android/graphics/ImageDecoder$Source,definition-present,unknown,12,0,unknown,localsend-evidence.json#/rows/121,False,unknown
localsend,82ec3568fba2aa5295b9aae8b76f701d7a4703d86b9f8bad749472038fbaeab3,direct-framework-reference,,android/graphics/Insets,definition-present,unknown,30,0,unknown,localsend-evidence.json#/rows/122,False,unknown
localsend,82ec3568fba2aa5295b9aae8b76f701d7a4703d86b9f8bad749472038fbaeab3,direct-framework-reference,,android/graphics/LinearGradient,definition-present,unknown,1,0,unknown,localsend-evidence.json#/rows/123,False,unknown
localsend,82ec3568fba2aa5295b9aae8b76f701d7a4703d86b9f8bad749472038fbaeab3,direct-framework-reference,,android/graphics/Matrix,definition-present,yes-static,48,1,unknown,localsend-evidence.json#/rows/124,False,unknown
localsend,82ec3568fba2aa5295b9aae8b76f701d7a4703d86b9f8bad749472038fbaeab3,direct-framework-reference,,android/graphics/Outline,definition-present,unknown,4,0,unknown,localsend-evidence.json#/rows/125,False,unknown
localsend,82ec3568fba2aa5295b9aae8b76f701d7a4703d86b9f8bad749472038fbaeab3,direct-framework-reference,,android/graphics/Paint,definition-present,unknown,67,0,unknown,localsend-evidence.json#/rows/126,False,unknown
localsend,82ec3568fba2aa5295b9aae8b76f701d7a4703d86b9f8bad749472038fbaeab3,direct-framework-reference,,android/graphics/Paint$Align,definition-present,unknown,1,0,unknown,localsend-evidence.json#/rows/127,False,unknown
localsend,82ec3568fba2aa5295b9aae8b76f701d7a4703d86b9f8bad749472038fbaeab3,direct-framework-reference,,android/graphics/Paint$FontMetrics,definition-present,unknown,2,0,unknown,localsend-evidence.json#/rows/128,False,unknown
localsend,82ec3568fba2aa5295b9aae8b76f701d7a4703d86b9f8bad749472038fbaeab3,direct-framework-reference,,android/graphics/Paint$FontMetricsInt,definition-present,unknown,8,0,unknown,localsend-evidence.json#/rows/129,False,unknown
localsend,82ec3568fba2aa5295b9aae8b76f701d7a4703d86b9f8bad749472038fbaeab3,direct-framework-reference,,android/graphics/Paint$Style,definition-present,unknown,8,0,unknown,localsend-evidence.json#/rows/130,False,unknown
localsend,82ec3568fba2aa5295b9aae8b76f701d7a4703d86b9f8bad749472038fbaeab3,direct-framework-reference,,android/graphics/Path,definition-present,unknown,24,0,unknown,localsend-evidence.json#/rows/131,False,unknown
localsend,82ec3568fba2aa5295b9aae8b76f701d7a4703d86b9f8bad749472038fbaeab3,direct-framework-reference,,android/graphics/Path$Direction,definition-present,unknown,3,0,unknown,localsend-evidence.json#/rows/132,False,unknown
localsend,82ec3568fba2aa5295b9aae8b76f701d7a4703d86b9f8bad749472038fbaeab3,direct-framework-reference,,android/graphics/Path$Op,definition-present,unknown,2,0,unknown,localsend-evidence.json#/rows/133,False,unknown
localsend,82ec3568fba2aa5295b9aae8b76f701d7a4703d86b9f8bad749472038fbaeab3,direct-framework-reference,,android/graphics/PathEffect,definition-present,unknown,1,0,unknown,localsend-evidence.json#/rows/134,False,unknown
localsend,82ec3568fba2aa5295b9aae8b76f701d7a4703d86b9f8bad749472038fbaeab3,direct-framework-reference,,android/graphics/Picture,definition-present,unknown,2,0,unknown,localsend-evidence.json#/rows/135,False,unknown
localsend,82ec3568fba2aa5295b9aae8b76f701d7a4703d86b9f8bad749472038fbaeab3,direct-framework-reference,,android/graphics/Point,definition-present,yes-static,21,1,unknown,localsend-evidence.json#/rows/136,False,unknown
localsend,82ec3568fba2aa5295b9aae8b76f701d7a4703d86b9f8bad749472038fbaeab3,direct-framework-reference,,android/graphics/PointF,definition-present,unknown,10,0,unknown,localsend-evidence.json#/rows/137,False,unknown
localsend,82ec3568fba2aa5295b9aae8b76f701d7a4703d86b9f8bad749472038fbaeab3,direct-framework-reference,,android/graphics/PorterDuff$Mode,definition-present,unknown,115,0,unknown,localsend-evidence.json#/rows/138,False,unknown
localsend,82ec3568fba2aa5295b9aae8b76f701d7a4703d86b9f8bad749472038fbaeab3,direct-framework-reference,,android/graphics/PorterDuffColorFilter,definition-present,unknown,11,0,unknown,localsend-evidence.json#/rows/139,False,unknown
localsend,82ec3568fba2aa5295b9aae8b76f701d7a4703d86b9f8bad749472038fbaeab3,direct-framework-reference,,android/graphics/PorterDuffXfermode,definition-present,unknown,3,0,unknown,localsend-evidence.json#/rows/140,False,unknown
localsend,82ec3568fba2aa5295b9aae8b76f701d7a4703d86b9f8bad749472038fbaeab3,direct-framework-reference,,android/graphics/RadialGradient,definition-present,unknown,2,0,unknown,localsend-evidence.json#/rows/141,False,unknown
localsend,82ec3568fba2aa5295b9aae8b76f701d7a4703d86b9f8bad749472038fbaeab3,direct-framework-reference,,android/graphics/Rect,definition-present,yes-static,215,5,unknown,localsend-evidence.json#/rows/142,False,unknown
localsend,82ec3568fba2aa5295b9aae8b76f701d7a4703d86b9f8bad749472038fbaeab3,direct-framework-reference,,android/graphics/RectF,definition-present,unknown,60,0,unknown,localsend-evidence.json#/rows/143,False,unknown
localsend,82ec3568fba2aa5295b9aae8b76f701d7a4703d86b9f8bad749472038fbaeab3,direct-framework-reference,,android/graphics/Region,definition-present,unknown,4,0,unknown,localsend-evidence.json#/rows/144,False,unknown
localsend,82ec3568fba2aa5295b9aae8b76f701d7a4703d86b9f8bad749472038fbaeab3,direct-framework-reference,,android/graphics/Region$Op,definition-present,unknown,5,0,unknown,localsend-evidence.json#/rows/145,False,unknown
localsend,82ec3568fba2aa5295b9aae8b76f701d7a4703d86b9f8bad749472038fbaeab3,direct-framework-reference,,android/graphics/Shader,definition-present,unknown,4,0,unknown,localsend-evidence.json#/rows/146,False,unknown
localsend,82ec3568fba2aa5295b9aae8b76f701d7a4703d86b9f8bad749472038fbaeab3,direct-framework-reference,,android/graphics/Shader$TileMode,definition-present,unknown,5,0,unknown,localsend-evidence.json#/rows/147,False,unknown
localsend,82ec3568fba2aa5295b9aae8b76f701d7a4703d86b9f8bad749472038fbaeab3,direct-framework-reference,,android/graphics/SurfaceTexture,definition-present,unknown,25,0,unknown,localsend-evidence.json#/rows/148,False,unknown
localsend,82ec3568fba2aa5295b9aae8b76f701d7a4703d86b9f8bad749472038fbaeab3,direct-framework-reference,,android/graphics/Typeface,definition-present,unknown,75,0,unknown,localsend-evidence.json#/rows/149,False,unknown
localsend,82ec3568fba2aa5295b9aae8b76f701d7a4703d86b9f8bad749472038fbaeab3,direct-framework-reference,,android/graphics/Typeface$Builder,definition-present,unknown,1,0,unknown,localsend-evidence.json#/rows/150,False,unknown
localsend,82ec3568fba2aa5295b9aae8b76f701d7a4703d86b9f8bad749472038fbaeab3,direct-framework-reference,,android/graphics/Typeface$CustomFallbackBuilder,definition-present,unknown,9,0,unknown,localsend-evidence.json#/rows/151,False,unknown
localsend,82ec3568fba2aa5295b9aae8b76f701d7a4703d86b9f8bad749472038fbaeab3,direct-framework-reference,,android/graphics/Xfermode,definition-present,unknown,3,0,unknown,localsend-evidence.json#/rows/152,False,unknown
localsend,82ec3568fba2aa5295b9aae8b76f701d7a4703d86b9f8bad749472038fbaeab3,direct-framework-reference,,android/graphics/drawable/Animatable,definition-present,unknown,1,0,unknown,localsend-evidence.json#/rows/153,False,unknown
localsend,82ec3568fba2aa5295b9aae8b76f701d7a4703d86b9f8bad749472038fbaeab3,direct-framework-reference,,android/graphics/drawable/AnimatedImageDrawable,definition-present,unknown,10,0,unknown,localsend-evidence.json#/rows/154,False,unknown
localsend,82ec3568fba2aa5295b9aae8b76f701d7a4703d86b9f8bad749472038fbaeab3,direct-framework-reference,,android/graphics/drawable/BitmapDrawable,definition-present,unknown,9,0,unknown,localsend-evidence.json#/rows/155,False,unknown
localsend,82ec3568fba2aa5295b9aae8b76f701d7a4703d86b9f8bad749472038fbaeab3,direct-framework-reference,,android/graphics/drawable/ColorDrawable,definition-present,yes-static,7,1,unknown,localsend-evidence.json#/rows/156,False,unknown
localsend,82ec3568fba2aa5295b9aae8b76f701d7a4703d86b9f8bad749472038fbaeab3,direct-framework-reference,,android/graphics/drawable/Drawable,definition-present,yes-static,391,1,unknown,localsend-evidence.json#/rows/157,False,unknown
localsend,82ec3568fba2aa5295b9aae8b76f701d7a4703d86b9f8bad749472038fbaeab3,direct-framework-reference,,android/graphics/drawable/Drawable$Callback,definition-present,unknown,15,0,unknown,localsend-evidence.json#/rows/158,False,unknown
localsend,82ec3568fba2aa5295b9aae8b76f701d7a4703d86b9f8bad749472038fbaeab3,direct-framework-reference,,android/graphics/drawable/Drawable$ConstantState,definition-present,unknown,8,0,unknown,localsend-evidence.json#/rows/159,False,unknown
localsend,82ec3568fba2aa5295b9aae8b76f701d7a4703d86b9f8bad749472038fbaeab3,direct-framework-reference,,android/graphics/drawable/DrawableWrapper,definition-present,unknown,1,0,unknown,localsend-evidence.json#/rows/160,False,unknown
localsend,82ec3568fba2aa5295b9aae8b76f701d7a4703d86b9f8bad749472038fbaeab3,direct-framework-reference,,android/graphics/drawable/GradientDrawable,definition-present,unknown,1,0,unknown,localsend-evidence.json#/rows/161,False,unknown
localsend,82ec3568fba2aa5295b9aae8b76f701d7a4703d86b9f8bad749472038fbaeab3,direct-framework-reference,,android/graphics/drawable/Icon,definition-present,unknown,13,0,unknown,localsend-evidence.json#/rows/162,False,unknown
localsend,82ec3568fba2aa5295b9aae8b76f701d7a4703d86b9f8bad749472038fbaeab3,direct-framework-reference,,android/graphics/drawable/InsetDrawable,definition-present,unknown,5,0,unknown,localsend-evidence.json#/rows/163,False,unknown
localsend,82ec3568fba2aa5295b9aae8b76f701d7a4703d86b9f8bad749472038fbaeab3,direct-framework-reference,,android/graphics/drawable/LayerDrawable,definition-present,unknown,8,0,unknown,localsend-evidence.json#/rows/164,False,unknown
localsend,82ec3568fba2aa5295b9aae8b76f701d7a4703d86b9f8bad749472038fbaeab3,direct-framework-reference,,android/graphics/drawable/RippleDrawable,definition-present,unknown,13,0,unknown,localsend-evidence.json#/rows/165,False,unknown
localsend,82ec3568fba2aa5295b9aae8b76f701d7a4703d86b9f8bad749472038fbaeab3,direct-framework-reference,,android/graphics/drawable/ShapeDrawable,definition-present,unknown,3,0,unknown,localsend-evidence.json#/rows/166,False,unknown
localsend,82ec3568fba2aa5295b9aae8b76f701d7a4703d86b9f8bad749472038fbaeab3,direct-framework-reference,,android/graphics/drawable/StateListDrawable,definition-present,unknown,7,0,unknown,localsend-evidence.json#/rows/167,False,unknown
localsend,82ec3568fba2aa5295b9aae8b76f701d7a4703d86b9f8bad749472038fbaeab3,direct-framework-reference,,android/graphics/drawable/shapes/OvalShape,definition-present,unknown,1,0,unknown,localsend-evidence.json#/rows/168,False,unknown
localsend,82ec3568fba2aa5295b9aae8b76f701d7a4703d86b9f8bad749472038fbaeab3,direct-framework-reference,,android/graphics/drawable/shapes/Shape,definition-present,unknown,1,0,unknown,localsend-evidence.json#/rows/169,False,unknown
localsend,82ec3568fba2aa5295b9aae8b76f701d7a4703d86b9f8bad749472038fbaeab3,direct-framework-reference,,android/graphics/fonts/Font,definition-present,unknown,14,0,unknown,localsend-evidence.json#/rows/170,False,unknown
localsend,82ec3568fba2aa5295b9aae8b76f701d7a4703d86b9f8bad749472038fbaeab3,direct-framework-reference,,android/graphics/fonts/Font$Builder,definition-present,unknown,9,0,unknown,localsend-evidence.json#/rows/171,False,unknown
localsend,82ec3568fba2aa5295b9aae8b76f701d7a4703d86b9f8bad749472038fbaeab3,direct-framework-reference,,android/graphics/fonts/FontFamily,definition-present,unknown,10,0,unknown,localsend-evidence.json#/rows/172,False,unknown
localsend,82ec3568fba2aa5295b9aae8b76f701d7a4703d86b9f8bad749472038fbaeab3,direct-framework-reference,,android/graphics/fonts/FontFamily$Builder,definition-present,unknown,7,0,unknown,localsend-evidence.json#/rows/173,False,unknown
localsend,82ec3568fba2aa5295b9aae8b76f701d7a4703d86b9f8bad749472038fbaeab3,direct-framework-reference,,android/graphics/fonts/FontStyle,definition-present,unknown,6,0,unknown,localsend-evidence.json#/rows/174,False,unknown
localsend,82ec3568fba2aa5295b9aae8b76f701d7a4703d86b9f8bad749472038fbaeab3,direct-framework-reference,,android/graphics/fonts/FontVariationAxis,definition-present,unknown,4,0,unknown,localsend-evidence.json#/rows/175,False,unknown
localsend,82ec3568fba2aa5295b9aae8b76f701d7a4703d86b9f8bad749472038fbaeab3,direct-framework-reference,,android/graphics/text/PositionedGlyphs,definition-present,unknown,4,0,unknown,localsend-evidence.json#/rows/176,False,unknown
localsend,82ec3568fba2aa5295b9aae8b76f701d7a4703d86b9f8bad749472038fbaeab3,direct-framework-reference,,android/graphics/text/TextRunShaper,definition-present,unknown,1,0,unknown,localsend-evidence.json#/rows/177,False,unknown
localsend,82ec3568fba2aa5295b9aae8b76f701d7a4703d86b9f8bad749472038fbaeab3,direct-framework-reference,,android/hardware/HardwareBuffer,definition-present,unknown,4,0,unknown,localsend-evidence.json#/rows/178,False,unknown
localsend,82ec3568fba2aa5295b9aae8b76f701d7a4703d86b9f8bad749472038fbaeab3,direct-framework-reference,,android/hardware/SyncFence,definition-present,unknown,4,0,unknown,localsend-evidence.json#/rows/179,False,unknown
localsend,82ec3568fba2aa5295b9aae8b76f701d7a4703d86b9f8bad749472038fbaeab3,direct-framework-reference,,android/hardware/display/DisplayManager,definition-present,yes-static,18,3,unknown,localsend-evidence.json#/rows/180,False,unknown
localsend,82ec3568fba2aa5295b9aae8b76f701d7a4703d86b9f8bad749472038fbaeab3,direct-framework-reference,,android/hardware/display/VirtualDisplay,definition-present,yes-static,6,1,unknown,localsend-evidence.json#/rows/181,False,unknown
localsend,82ec3568fba2aa5295b9aae8b76f701d7a4703d86b9f8bad749472038fbaeab3,direct-framework-reference,,android/hardware/display/VirtualDisplay$Callback,definition-present,unknown,4,0,unknown,localsend-evidence.json#/rows/182,False,unknown
localsend,82ec3568fba2aa5295b9aae8b76f701d7a4703d86b9f8bad749472038fbaeab3,direct-framework-reference,,android/icu/text/DecimalFormatSymbols,definition-present,unknown,2,0,unknown,localsend-evidence.json#/rows/183,False,unknown
localsend,82ec3568fba2aa5295b9aae8b76f701d7a4703d86b9f8bad749472038fbaeab3,direct-framework-reference,,android/inputmethodservice/InputMethodService,definition-present,unknown,1,0,unknown,localsend-evidence.json#/rows/184,False,unknown
localsend,82ec3568fba2aa5295b9aae8b76f701d7a4703d86b9f8bad749472038fbaeab3,direct-framework-reference,,android/location/LocationManager,definition-present,unknown,2,0,unknown,localsend-evidence.json#/rows/185,False,unknown
localsend,82ec3568fba2aa5295b9aae8b76f701d7a4703d86b9f8bad749472038fbaeab3,direct-framework-reference,,android/media/AudioAttributes,definition-present,unknown,16,0,unknown,localsend-evidence.json#/rows/186,False,unknown
localsend,82ec3568fba2aa5295b9aae8b76f701d7a4703d86b9f8bad749472038fbaeab3,direct-framework-reference,,android/media/AudioAttributes$Builder,definition-present,unknown,7,0,unknown,localsend-evidence.json#/rows/187,False,unknown
localsend,82ec3568fba2aa5295b9aae8b76f701d7a4703d86b9f8bad749472038fbaeab3,direct-framework-reference,,android/media/AudioDeviceCallback,definition-present,unknown,3,0,unknown,localsend-evidence.json#/rows/188,False,unknown
localsend,82ec3568fba2aa5295b9aae8b76f701d7a4703d86b9f8bad749472038fbaeab3,direct-framework-reference,,android/media/AudioDeviceInfo,definition-present,unknown,12,0,unknown,localsend-evidence.json#/rows/189,False,unknown
localsend,82ec3568fba2aa5295b9aae8b76f701d7a4703d86b9f8bad749472038fbaeab3,direct-framework-reference,,android/media/AudioFocusRequest,definition-present,unknown,7,0,unknown,localsend-evidence.json#/rows/190,False,unknown
localsend,82ec3568fba2aa5295b9aae8b76f701d7a4703d86b9f8bad749472038fbaeab3,direct-framework-reference,,android/media/AudioFocusRequest$Builder,definition-present,unknown,6,0,unknown,localsend-evidence.json#/rows/191,False,unknown
localsend,82ec3568fba2aa5295b9aae8b76f701d7a4703d86b9f8bad749472038fbaeab3,direct-framework-reference,,android/media/AudioFormat,definition-present,unknown,9,0,unknown,localsend-evidence.json#/rows/192,False,unknown
localsend,82ec3568fba2aa5295b9aae8b76f701d7a4703d86b9f8bad749472038fbaeab3,direct-framework-reference,,android/media/AudioFormat$Builder,definition-present,unknown,5,0,unknown,localsend-evidence.json#/rows/193,False,unknown
localsend,82ec3568fba2aa5295b9aae8b76f701d7a4703d86b9f8bad749472038fbaeab3,direct-framework-reference,,android/media/AudioManager,definition-present,unknown,18,0,unknown,localsend-evidence.json#/rows/194,False,unknown
localsend,82ec3568fba2aa5295b9aae8b76f701d7a4703d86b9f8bad749472038fbaeab3,direct-framework-reference,,android/media/AudioManager$OnAudioFocusChangeListener,definition-present,unknown,7,0,unknown,localsend-evidence.json#/rows/195,False,unknown
localsend,82ec3568fba2aa5295b9aae8b76f701d7a4703d86b9f8bad749472038fbaeab3,direct-framework-reference,,android/media/AudioProfile,definition-present,unknown,5,0,unknown,localsend-evidence.json#/rows/196,False,unknown
localsend,82ec3568fba2aa5295b9aae8b76f701d7a4703d86b9f8bad749472038fbaeab3,direct-framework-reference,,android/media/AudioRouting,definition-present,unknown,1,0,unknown,localsend-evidence.json#/rows/197,False,unknown
localsend,82ec3568fba2aa5295b9aae8b76f701d7a4703d86b9f8bad749472038fbaeab3,direct-framework-reference,,android/media/AudioTimestamp,definition-present,unknown,2,0,unknown,localsend-evidence.json#/rows/198,False,unknown
localsend,82ec3568fba2aa5295b9aae8b76f701d7a4703d86b9f8bad749472038fbaeab3,direct-framework-reference,,android/media/AudioTrack,definition-present,unknown,33,0,unknown,localsend-evidence.json#/rows/199,False,unknown
localsend,82ec3568fba2aa5295b9aae8b76f701d7a4703d86b9f8bad749472038fbaeab3,direct-framework-reference,,android/media/AudioTrack$Builder,definition-present,unknown,3,0,unknown,localsend-evidence.json#/rows/200,False,unknown
localsend,82ec3568fba2aa5295b9aae8b76f701d7a4703d86b9f8bad749472038fbaeab3,direct-framework-reference,,android/media/AudioTrack$StreamEventCallback,definition-present,unknown,3,0,unknown,localsend-evidence.json#/rows/201,False,unknown
localsend,82ec3568fba2aa5295b9aae8b76f701d7a4703d86b9f8bad749472038fbaeab3,direct-framework-reference,,android/media/DeniedByServerException,definition-present,unknown,1,0,unknown,localsend-evidence.json#/rows/202,False,unknown
localsend,82ec3568fba2aa5295b9aae8b76f701d7a4703d86b9f8bad749472038fbaeab3,direct-framework-reference,,android/media/Image,definition-present,yes-static,23,2,unknown,localsend-evidence.json#/rows/203,False,unknown
localsend,82ec3568fba2aa5295b9aae8b76f701d7a4703d86b9f8bad749472038fbaeab3,direct-framework-reference,,android/media/Image$Plane,definition-present,unknown,1,0,unknown,localsend-evidence.json#/rows/204,False,unknown
localsend,82ec3568fba2aa5295b9aae8b76f701d7a4703d86b9f8bad749472038fbaeab3,direct-framework-reference,,android/media/ImageReader,definition-present,yes-static,32,3,unknown,localsend-evidence.json#/rows/205,False,unknown
localsend,82ec3568fba2aa5295b9aae8b76f701d7a4703d86b9f8bad749472038fbaeab3,direct-framework-reference,,android/media/ImageReader$Builder,definition-present,unknown,9,0,unknown,localsend-evidence.json#/rows/206,False,unknown
localsend,82ec3568fba2aa5295b9aae8b76f701d7a4703d86b9f8bad749472038fbaeab3,direct-framework-reference,,android/media/LoudnessCodecController,definition-absent,unknown,9,0,unresolvable-in-scanned-inputs,localsend-evidence.json#/rows/207,False,unknown
localsend,82ec3568fba2aa5295b9aae8b76f701d7a4703d86b9f8bad749472038fbaeab3,direct-framework-reference,,android/media/LoudnessCodecController$OnLoudnessCodecUpdateListener,app-definition-present,unknown,1,0,unknown,localsend-evidence.json#/rows/208,False,unknown
localsend,82ec3568fba2aa5295b9aae8b76f701d7a4703d86b9f8bad749472038fbaeab3,direct-framework-reference,,android/media/MediaCodec,definition-present,unknown,48,0,unknown,localsend-evidence.json#/rows/209,False,unknown
localsend,82ec3568fba2aa5295b9aae8b76f701d7a4703d86b9f8bad749472038fbaeab3,direct-framework-reference,,android/media/MediaCodec$BufferInfo,definition-present,unknown,4,0,unknown,localsend-evidence.json#/rows/210,False,unknown
localsend,82ec3568fba2aa5295b9aae8b76f701d7a4703d86b9f8bad749472038fbaeab3,direct-framework-reference,,android/media/MediaCodec$Callback,definition-present,unknown,2,0,unknown,localsend-evidence.json#/rows/211,False,unknown
localsend,82ec3568fba2aa5295b9aae8b76f701d7a4703d86b9f8bad749472038fbaeab3,direct-framework-reference,,android/media/MediaCodec$CodecException,definition-present,unknown,5,0,unknown,localsend-evidence.json#/rows/212,False,unknown
localsend,82ec3568fba2aa5295b9aae8b76f701d7a4703d86b9f8bad749472038fbaeab3,direct-framework-reference,,android/media/MediaCodec$CryptoException,definition-present,unknown,4,0,unknown,localsend-evidence.json#/rows/213,False,unknown
localsend,82ec3568fba2aa5295b9aae8b76f701d7a4703d86b9f8bad749472038fbaeab3,direct-framework-reference,,android/media/MediaCodec$CryptoInfo,definition-present,unknown,8,0,unknown,localsend-evidence.json#/rows/214,False,unknown
localsend,82ec3568fba2aa5295b9aae8b76f701d7a4703d86b9f8bad749472038fbaeab3,direct-framework-reference,,android/media/MediaCodec$CryptoInfo$Pattern,definition-present,unknown,3,0,unknown,localsend-evidence.json#/rows/215,False,unknown
localsend,82ec3568fba2aa5295b9aae8b76f701d7a4703d86b9f8bad749472038fbaeab3,direct-framework-reference,,android/media/MediaCodecInfo,definition-present,unknown,7,0,unknown,localsend-evidence.json#/rows/216,False,unknown
localsend,82ec3568fba2aa5295b9aae8b76f701d7a4703d86b9f8bad749472038fbaeab3,direct-framework-reference,,android/media/MediaCodecInfo$AudioCapabilities,definition-present,unknown,2,0,unknown,localsend-evidence.json#/rows/217,False,unknown
localsend,82ec3568fba2aa5295b9aae8b76f701d7a4703d86b9f8bad749472038fbaeab3,direct-framework-reference,,android/media/MediaCodecInfo$CodecCapabilities,definition-present,unknown,10,0,unknown,localsend-evidence.json#/rows/218,False,unknown
localsend,82ec3568fba2aa5295b9aae8b76f701d7a4703d86b9f8bad749472038fbaeab3,direct-framework-reference,,android/media/MediaCodecInfo$CodecProfileLevel,definition-present,unknown,3,0,unknown,localsend-evidence.json#/rows/219,False,unknown
localsend,82ec3568fba2aa5295b9aae8b76f701d7a4703d86b9f8bad749472038fbaeab3,direct-framework-reference,,android/media/MediaCodecInfo$VideoCapabilities,definition-present,unknown,5,0,unknown,localsend-evidence.json#/rows/220,False,unknown
localsend,82ec3568fba2aa5295b9aae8b76f701d7a4703d86b9f8bad749472038fbaeab3,direct-framework-reference,,android/media/MediaCodecInfo$VideoCapabilities$PerformancePoint,definition-present,unknown,7,0,unknown,localsend-evidence.json#/rows/221,False,unknown
localsend,82ec3568fba2aa5295b9aae8b76f701d7a4703d86b9f8bad749472038fbaeab3,direct-framework-reference,,android/media/MediaCodecList,definition-present,unknown,1,0,unknown,localsend-evidence.json#/rows/222,False,unknown
localsend,82ec3568fba2aa5295b9aae8b76f701d7a4703d86b9f8bad749472038fbaeab3,direct-framework-reference,,android/media/MediaCrypto,definition-present,unknown,10,0,unknown,localsend-evidence.json#/rows/223,False,unknown
localsend,82ec3568fba2aa5295b9aae8b76f701d7a4703d86b9f8bad749472038fbaeab3,direct-framework-reference,,android/media/MediaDataSource,definition-present,unknown,6,0,unknown,localsend-evidence.json#/rows/224,False,unknown
localsend,82ec3568fba2aa5295b9aae8b76f701d7a4703d86b9f8bad749472038fbaeab3,direct-framework-reference,,android/media/MediaDrm,definition-present,unknown,1,0,unknown,localsend-evidence.json#/rows/225,False,unknown
localsend,82ec3568fba2aa5295b9aae8b76f701d7a4703d86b9f8bad749472038fbaeab3,direct-framework-reference,,android/media/MediaDrm$MediaDrmStateException,definition-present,unknown,1,0,unknown,localsend-evidence.json#/rows/226,False,unknown
localsend,82ec3568fba2aa5295b9aae8b76f701d7a4703d86b9f8bad749472038fbaeab3,direct-framework-reference,,android/media/MediaDrmResetException,definition-present,unknown,1,0,unknown,localsend-evidence.json#/rows/227,False,unknown
localsend,82ec3568fba2aa5295b9aae8b76f701d7a4703d86b9f8bad749472038fbaeab3,direct-framework-reference,,android/media/MediaExtractor,definition-present,unknown,3,0,unknown,localsend-evidence.json#/rows/228,False,unknown
localsend,82ec3568fba2aa5295b9aae8b76f701d7a4703d86b9f8bad749472038fbaeab3,direct-framework-reference,,android/media/MediaFormat,definition-present,unknown,28,0,unknown,localsend-evidence.json#/rows/229,False,unknown
localsend,82ec3568fba2aa5295b9aae8b76f701d7a4703d86b9f8bad749472038fbaeab3,direct-framework-reference,,android/media/MediaMetadataRetriever,definition-present,unknown,8,0,unknown,localsend-evidence.json#/rows/230,False,unknown
localsend,82ec3568fba2aa5295b9aae8b76f701d7a4703d86b9f8bad749472038fbaeab3,direct-framework-reference,,android/media/MediaPlayer,definition-present,unknown,1,0,unknown,localsend-evidence.json#/rows/231,False,unknown
localsend,82ec3568fba2aa5295b9aae8b76f701d7a4703d86b9f8bad749472038fbaeab3,direct-framework-reference,,android/media/MediaScannerConnection,definition-present,unknown,1,0,unknown,localsend-evidence.json#/rows/232,False,unknown
localsend,82ec3568fba2aa5295b9aae8b76f701d7a4703d86b9f8bad749472038fbaeab3,direct-framework-reference,,android/media/MediaScannerConnection$OnScanCompletedListener,definition-present,unknown,1,0,unknown,localsend-evidence.json#/rows/233,False,unknown
localsend,82ec3568fba2aa5295b9aae8b76f701d7a4703d86b9f8bad749472038fbaeab3,direct-framework-reference,,android/media/NotProvisionedException,definition-present,unknown,1,0,unknown,localsend-evidence.json#/rows/234,False,unknown
localsend,82ec3568fba2aa5295b9aae8b76f701d7a4703d86b9f8bad749472038fbaeab3,direct-framework-reference,,android/media/PlaybackParams,definition-present,unknown,1,0,unknown,localsend-evidence.json#/rows/235,False,unknown
localsend,82ec3568fba2aa5295b9aae8b76f701d7a4703d86b9f8bad749472038fbaeab3,direct-framework-reference,,android/media/RouteDiscoveryPreference,definition-present,unknown,2,0,unknown,localsend-evidence.json#/rows/236,False,unknown
localsend,82ec3568fba2aa5295b9aae8b76f701d7a4703d86b9f8bad749472038fbaeab3,direct-framework-reference,,android/media/RouteDiscoveryPreference$Builder,definition-present,unknown,4,0,unknown,localsend-evidence.json#/rows/237,False,unknown
localsend,82ec3568fba2aa5295b9aae8b76f701d7a4703d86b9f8bad749472038fbaeab3,direct-framework-reference,,android/media/Spatializer,definition-present,unknown,11,0,unknown,localsend-evidence.json#/rows/238,False,unknown
localsend,82ec3568fba2aa5295b9aae8b76f701d7a4703d86b9f8bad749472038fbaeab3,direct-framework-reference,,android/media/Spatializer$OnSpatializerStateChangedListener,definition-present,unknown,1,0,unknown,localsend-evidence.json#/rows/239,False,unknown
localsend,82ec3568fba2aa5295b9aae8b76f701d7a4703d86b9f8bad749472038fbaeab3,direct-framework-reference,,android/media/metrics/LogSessionId,definition-present,unknown,9,0,unknown,localsend-evidence.json#/rows/240,False,unknown
localsend,82ec3568fba2aa5295b9aae8b76f701d7a4703d86b9f8bad749472038fbaeab3,direct-framework-reference,,android/media/metrics/MediaMetricsManager,definition-present,unknown,3,0,unknown,localsend-evidence.json#/rows/241,False,unknown
localsend,82ec3568fba2aa5295b9aae8b76f701d7a4703d86b9f8bad749472038fbaeab3,direct-framework-reference,,android/media/metrics/NetworkEvent,definition-present,unknown,4,0,unknown,localsend-evidence.json#/rows/242,False,unknown
localsend,82ec3568fba2aa5295b9aae8b76f701d7a4703d86b9f8bad749472038fbaeab3,direct-framework-reference,,android/media/metrics/NetworkEvent$Builder,definition-present,unknown,5,0,unknown,localsend-evidence.json#/rows/243,False,unknown
localsend,82ec3568fba2aa5295b9aae8b76f701d7a4703d86b9f8bad749472038fbaeab3,direct-framework-reference,,android/media/metrics/PlaybackErrorEvent,definition-present,unknown,4,0,unknown,localsend-evidence.json#/rows/244,False,unknown
localsend,82ec3568fba2aa5295b9aae8b76f701d7a4703d86b9f8bad749472038fbaeab3,direct-framework-reference,,android/media/metrics/PlaybackErrorEvent$Builder,definition-present,unknown,7,0,unknown,localsend-evidence.json#/rows/245,False,unknown
localsend,82ec3568fba2aa5295b9aae8b76f701d7a4703d86b9f8bad749472038fbaeab3,direct-framework-reference,,android/media/metrics/PlaybackMetrics,definition-present,unknown,4,0,unknown,localsend-evidence.json#/rows/246,False,unknown
localsend,82ec3568fba2aa5295b9aae8b76f701d7a4703d86b9f8bad749472038fbaeab3,direct-framework-reference,,android/media/metrics/PlaybackMetrics$Builder,definition-present,unknown,19,0,unknown,localsend-evidence.json#/rows/247,False,unknown
localsend,82ec3568fba2aa5295b9aae8b76f701d7a4703d86b9f8bad749472038fbaeab3,direct-framework-reference,,android/media/metrics/PlaybackSession,definition-present,unknown,10,0,unknown,localsend-evidence.json#/rows/248,False,unknown
localsend,82ec3568fba2aa5295b9aae8b76f701d7a4703d86b9f8bad749472038fbaeab3,direct-framework-reference,,android/media/metrics/PlaybackStateEvent,definition-present,unknown,4,0,unknown,localsend-evidence.json#/rows/249,False,unknown
localsend,82ec3568fba2aa5295b9aae8b76f701d7a4703d86b9f8bad749472038fbaeab3,direct-framework-reference,,android/media/metrics/PlaybackStateEvent$Builder,definition-present,unknown,5,0,unknown,localsend-evidence.json#/rows/250,False,unknown
localsend,82ec3568fba2aa5295b9aae8b76f701d7a4703d86b9f8bad749472038fbaeab3,direct-framework-reference,,android/media/metrics/TrackChangeEvent,definition-present,unknown,4,0,unknown,localsend-evidence.json#/rows/251,False,unknown
localsend,82ec3568fba2aa5295b9aae8b76f701d7a4703d86b9f8bad749472038fbaeab3,direct-framework-reference,,android/media/metrics/TrackChangeEvent$Builder,definition-present,unknown,18,0,unknown,localsend-evidence.json#/rows/252,False,unknown
localsend,82ec3568fba2aa5295b9aae8b76f701d7a4703d86b9f8bad749472038fbaeab3,direct-framework-reference,,android/net/ConnectivityManager,definition-present,unknown,12,0,unknown,localsend-evidence.json#/rows/253,False,unknown
localsend,82ec3568fba2aa5295b9aae8b76f701d7a4703d86b9f8bad749472038fbaeab3,direct-framework-reference,,android/net/ConnectivityManager$NetworkCallback,definition-present,unknown,5,0,unknown,localsend-evidence.json#/rows/254,False,unknown
localsend,82ec3568fba2aa5295b9aae8b76f701d7a4703d86b9f8bad749472038fbaeab3,direct-framework-reference,,android/net/DhcpInfo,definition-absent,unknown,1,0,unresolvable-in-scanned-inputs,localsend-evidence.json#/rows/255,False,unknown
localsend,82ec3568fba2aa5295b9aae8b76f701d7a4703d86b9f8bad749472038fbaeab3,direct-framework-reference,,android/net/LinkAddress,definition-present,unknown,1,0,unknown,localsend-evidence.json#/rows/256,False,unknown
localsend,82ec3568fba2aa5295b9aae8b76f701d7a4703d86b9f8bad749472038fbaeab3,direct-framework-reference,,android/net/LinkProperties,definition-present,unknown,3,0,unknown,localsend-evidence.json#/rows/257,False,unknown
localsend,82ec3568fba2aa5295b9aae8b76f701d7a4703d86b9f8bad749472038fbaeab3,direct-framework-reference,,android/net/Network,definition-present,unknown,8,0,unknown,localsend-evidence.json#/rows/258,False,unknown
localsend,82ec3568fba2aa5295b9aae8b76f701d7a4703d86b9f8bad749472038fbaeab3,direct-framework-reference,,android/net/NetworkCapabilities,definition-present,unknown,7,0,unknown,localsend-evidence.json#/rows/259,False,unknown
localsend,82ec3568fba2aa5295b9aae8b76f701d7a4703d86b9f8bad749472038fbaeab3,direct-framework-reference,,android/net/NetworkInfo,definition-present,unknown,1,0,unknown,localsend-evidence.json#/rows/260,False,unknown
localsend,82ec3568fba2aa5295b9aae8b76f701d7a4703d86b9f8bad749472038fbaeab3,direct-framework-reference,,android/net/TrafficStats,definition-present,unknown,2,0,unknown,localsend-evidence.json#/rows/261,False,unknown
localsend,82ec3568fba2aa5295b9aae8b76f701d7a4703d86b9f8bad749472038fbaeab3,direct-framework-reference,,android/net/Uri,definition-present,yes-static,389,6,unknown,localsend-evidence.json#/rows/262,False,unknown
localsend,82ec3568fba2aa5295b9aae8b76f701d7a4703d86b9f8bad749472038fbaeab3,direct-framework-reference,,android/net/Uri$Builder,definition-present,unknown,10,0,unknown,localsend-evidence.json#/rows/263,False,unknown
localsend,82ec3568fba2aa5295b9aae8b76f701d7a4703d86b9f8bad749472038fbaeab3,direct-framework-reference,,android/net/wifi/WifiInfo,definition-present,unknown,2,0,unknown,localsend-evidence.json#/rows/264,False,unknown
localsend,82ec3568fba2aa5295b9aae8b76f701d7a4703d86b9f8bad749472038fbaeab3,direct-framework-reference,,android/net/wifi/WifiManager,definition-present,unknown,4,0,unknown,localsend-evidence.json#/rows/265,False,unknown
localsend,82ec3568fba2aa5295b9aae8b76f701d7a4703d86b9f8bad749472038fbaeab3,direct-framework-reference,,android/net/wifi/WifiManager$WifiLock,definition-absent,unknown,2,0,unresolvable-in-scanned-inputs,localsend-evidence.json#/rows/266,False,unknown
localsend,82ec3568fba2aa5295b9aae8b76f701d7a4703d86b9f8bad749472038fbaeab3,direct-framework-reference,,android/opengl/EGL14,definition-present,unknown,3,0,unknown,localsend-evidence.json#/rows/267,False,unknown
localsend,82ec3568fba2aa5295b9aae8b76f701d7a4703d86b9f8bad749472038fbaeab3,direct-framework-reference,,android/opengl/EGLConfig,definition-present,unknown,1,0,unknown,localsend-evidence.json#/rows/268,False,unknown
localsend,82ec3568fba2aa5295b9aae8b76f701d7a4703d86b9f8bad749472038fbaeab3,direct-framework-reference,,android/opengl/EGLContext,definition-present,unknown,2,0,unknown,localsend-evidence.json#/rows/269,False,unknown
localsend,82ec3568fba2aa5295b9aae8b76f701d7a4703d86b9f8bad749472038fbaeab3,direct-framework-reference,,android/opengl/EGLDisplay,definition-present,unknown,3,0,unknown,localsend-evidence.json#/rows/270,False,unknown
localsend,82ec3568fba2aa5295b9aae8b76f701d7a4703d86b9f8bad749472038fbaeab3,direct-framework-reference,,android/opengl/EGLSurface,definition-present,unknown,2,0,unknown,localsend-evidence.json#/rows/271,False,unknown
localsend,82ec3568fba2aa5295b9aae8b76f701d7a4703d86b9f8bad749472038fbaeab3,direct-framework-reference,,android/opengl/GLES20,definition-present,unknown,3,0,unknown,localsend-evidence.json#/rows/272,False,unknown
localsend,82ec3568fba2aa5295b9aae8b76f701d7a4703d86b9f8bad749472038fbaeab3,direct-framework-reference,,android/opengl/GLU,definition-present,unknown,1,0,unknown,localsend-evidence.json#/rows/273,False,unknown
localsend,82ec3568fba2aa5295b9aae8b76f701d7a4703d86b9f8bad749472038fbaeab3,direct-framework-reference,,android/opengl/Matrix,definition-present,unknown,4,0,unknown,localsend-evidence.json#/rows/274,False,unknown
localsend,82ec3568fba2aa5295b9aae8b76f701d7a4703d86b9f8bad749472038fbaeab3,direct-framework-reference,,android/os/BaseBundle,definition-present,yes-static,51,9,unknown,localsend-evidence.json#/rows/275,False,unknown
localsend,82ec3568fba2aa5295b9aae8b76f701d7a4703d86b9f8bad749472038fbaeab3,direct-framework-reference,,android/os/Build,definition-present,yes-static,30,1,unknown,localsend-evidence.json#/rows/276,False,unknown
localsend,82ec3568fba2aa5295b9aae8b76f701d7a4703d86b9f8bad749472038fbaeab3,direct-framework-reference,,android/os/Build$VERSION,definition-present,yes-static,359,22,unknown,localsend-evidence.json#/rows/277,False,unknown
localsend,82ec3568fba2aa5295b9aae8b76f701d7a4703d86b9f8bad749472038fbaeab3,direct-framework-reference,,android/os/Bundle,definition-present,yes-static,89,11,unknown,localsend-evidence.json#/rows/278,False,unknown
localsend,82ec3568fba2aa5295b9aae8b76f701d7a4703d86b9f8bad749472038fbaeab3,direct-framework-reference,,android/os/CancellationSignal,definition-present,unknown,7,0,unknown,localsend-evidence.json#/rows/279,False,unknown
localsend,82ec3568fba2aa5295b9aae8b76f701d7a4703d86b9f8bad749472038fbaeab3,direct-framework-reference,,android/os/Environment,definition-present,unknown,11,0,unknown,localsend-evidence.json#/rows/280,False,unknown
localsend,82ec3568fba2aa5295b9aae8b76f701d7a4703d86b9f8bad749472038fbaeab3,direct-framework-reference,,android/os/Handler,definition-present,yes-static,266,16,unknown,localsend-evidence.json#/rows/281,False,unknown
localsend,82ec3568fba2aa5295b9aae8b76f701d7a4703d86b9f8bad749472038fbaeab3,direct-framework-reference,,android/os/Handler$Callback,definition-present,yes-static,43,1,unknown,localsend-evidence.json#/rows/282,False,unknown
localsend,82ec3568fba2aa5295b9aae8b76f701d7a4703d86b9f8bad749472038fbaeab3,direct-framework-reference,,android/os/HandlerThread,definition-present,unknown,16,0,unknown,localsend-evidence.json#/rows/283,False,unknown
localsend,82ec3568fba2aa5295b9aae8b76f701d7a4703d86b9f8bad749472038fbaeab3,direct-framework-reference,,android/os/IBinder,definition-present,unknown,16,0,unknown,localsend-evidence.json#/rows/284,False,unknown
localsend,82ec3568fba2aa5295b9aae8b76f701d7a4703d86b9f8bad749472038fbaeab3,direct-framework-reference,,android/os/LocaleList,definition-present,yes-static,8,1,unknown,localsend-evidence.json#/rows/285,False,unknown
localsend,82ec3568fba2aa5295b9aae8b76f701d7a4703d86b9f8bad749472038fbaeab3,direct-framework-reference,,android/os/Looper,definition-present,yes-static,99,15,unknown,localsend-evidence.json#/rows/286,False,unknown
localsend,82ec3568fba2aa5295b9aae8b76f701d7a4703d86b9f8bad749472038fbaeab3,direct-framework-reference,,android/os/Message,definition-present,yes-static,39,5,unknown,localsend-evidence.json#/rows/287,False,unknown
localsend,82ec3568fba2aa5295b9aae8b76f701d7a4703d86b9f8bad749472038fbaeab3,direct-framework-reference,,android/os/Parcel,definition-present,unknown,49,0,unknown,localsend-evidence.json#/rows/288,False,unknown
localsend,82ec3568fba2aa5295b9aae8b76f701d7a4703d86b9f8bad749472038fbaeab3,direct-framework-reference,,android/os/ParcelFileDescriptor,definition-present,unknown,30,0,unknown,localsend-evidence.json#/rows/289,False,unknown
localsend,82ec3568fba2aa5295b9aae8b76f701d7a4703d86b9f8bad749472038fbaeab3,direct-framework-reference,,android/os/Parcelable,definition-present,unknown,49,0,unknown,localsend-evidence.json#/rows/290,False,unknown
localsend,82ec3568fba2aa5295b9aae8b76f701d7a4703d86b9f8bad749472038fbaeab3,direct-framework-reference,,android/os/Parcelable$Creator,definition-present,unknown,20,0,unknown,localsend-evidence.json#/rows/291,False,unknown
localsend,82ec3568fba2aa5295b9aae8b76f701d7a4703d86b9f8bad749472038fbaeab3,direct-framework-reference,,android/os/PersistableBundle,definition-present,unknown,5,0,unknown,localsend-evidence.json#/rows/292,False,unknown
localsend,82ec3568fba2aa5295b9aae8b76f701d7a4703d86b9f8bad749472038fbaeab3,direct-framework-reference,,android/os/PowerManager,definition-present,unknown,7,0,unknown,localsend-evidence.json#/rows/293,False,unknown
localsend,82ec3568fba2aa5295b9aae8b76f701d7a4703d86b9f8bad749472038fbaeab3,direct-framework-reference,,android/os/PowerManager$WakeLock,definition-present,unknown,5,0,unknown,localsend-evidence.json#/rows/294,False,unknown
localsend,82ec3568fba2aa5295b9aae8b76f701d7a4703d86b9f8bad749472038fbaeab3,direct-framework-reference,,android/os/Process,definition-present,unknown,6,0,unknown,localsend-evidence.json#/rows/295,False,unknown
localsend,82ec3568fba2aa5295b9aae8b76f701d7a4703d86b9f8bad749472038fbaeab3,direct-framework-reference,,android/os/ResultReceiver,definition-present,unknown,1,0,unknown,localsend-evidence.json#/rows/296,False,unknown
localsend,82ec3568fba2aa5295b9aae8b76f701d7a4703d86b9f8bad749472038fbaeab3,direct-framework-reference,,android/os/StatFs,definition-present,unknown,1,0,unknown,localsend-evidence.json#/rows/297,False,unknown
localsend,82ec3568fba2aa5295b9aae8b76f701d7a4703d86b9f8bad749472038fbaeab3,direct-framework-reference,,android/os/StrictMode,definition-present,unknown,4,0,unknown,localsend-evidence.json#/rows/298,False,unknown
localsend,82ec3568fba2aa5295b9aae8b76f701d7a4703d86b9f8bad749472038fbaeab3,direct-framework-reference,,android/os/StrictMode$ThreadPolicy,definition-present,unknown,4,0,unknown,localsend-evidence.json#/rows/299,False,unknown
localsend,82ec3568fba2aa5295b9aae8b76f701d7a4703d86b9f8bad749472038fbaeab3,direct-framework-reference,,android/os/StrictMode$ThreadPolicy$Builder,definition-present,unknown,4,0,unknown,localsend-evidence.json#/rows/300,False,unknown
localsend,82ec3568fba2aa5295b9aae8b76f701d7a4703d86b9f8bad749472038fbaeab3,direct-framework-reference,,android/os/SystemClock,definition-present,yes-static,93,4,unknown,localsend-evidence.json#/rows/301,False,unknown
localsend,82ec3568fba2aa5295b9aae8b76f701d7a4703d86b9f8bad749472038fbaeab3,direct-framework-reference,,android/os/Trace,definition-present,yes-static,50,13,unknown,localsend-evidence.json#/rows/302,False,unknown
localsend,82ec3568fba2aa5295b9aae8b76f701d7a4703d86b9f8bad749472038fbaeab3,direct-framework-reference,,android/os/ext/SdkExtensions,definition-present,unknown,2,0,unknown,localsend-evidence.json#/rows/303,False,unknown
localsend,82ec3568fba2aa5295b9aae8b76f701d7a4703d86b9f8bad749472038fbaeab3,direct-framework-reference,,android/provider/ContactsContract$Contacts,definition-present,unknown,1,0,unknown,localsend-evidence.json#/rows/304,False,unknown
localsend,82ec3568fba2aa5295b9aae8b76f701d7a4703d86b9f8bad749472038fbaeab3,direct-framework-reference,,android/provider/DocumentsContract,definition-present,unknown,8,0,unknown,localsend-evidence.json#/rows/305,False,unknown
localsend,82ec3568fba2aa5295b9aae8b76f701d7a4703d86b9f8bad749472038fbaeab3,direct-framework-reference,,android/provider/MediaStore,definition-present,unknown,8,0,unknown,localsend-evidence.json#/rows/306,False,unknown
localsend,82ec3568fba2aa5295b9aae8b76f701d7a4703d86b9f8bad749472038fbaeab3,direct-framework-reference,,android/provider/MediaStore$Audio$Media,definition-present,unknown,8,0,unknown,localsend-evidence.json#/rows/307,False,unknown
localsend,82ec3568fba2aa5295b9aae8b76f701d7a4703d86b9f8bad749472038fbaeab3,direct-framework-reference,,android/provider/MediaStore$Files,definition-present,unknown,1,0,unknown,localsend-evidence.json#/rows/308,False,unknown
localsend,82ec3568fba2aa5295b9aae8b76f701d7a4703d86b9f8bad749472038fbaeab3,direct-framework-reference,,android/provider/MediaStore$Images$Media,definition-present,unknown,11,0,unknown,localsend-evidence.json#/rows/309,False,unknown
localsend,82ec3568fba2aa5295b9aae8b76f701d7a4703d86b9f8bad749472038fbaeab3,direct-framework-reference,,android/provider/MediaStore$Images$Thumbnails,definition-present,unknown,1,0,unknown,localsend-evidence.json#/rows/310,False,unknown
localsend,82ec3568fba2aa5295b9aae8b76f701d7a4703d86b9f8bad749472038fbaeab3,direct-framework-reference,,android/provider/MediaStore$Video$Media,definition-present,unknown,10,0,unknown,localsend-evidence.json#/rows/311,False,unknown
localsend,82ec3568fba2aa5295b9aae8b76f701d7a4703d86b9f8bad749472038fbaeab3,direct-framework-reference,,android/provider/MediaStore$Video$Thumbnails,definition-absent,unknown,1,0,unresolvable-in-scanned-inputs,localsend-evidence.json#/rows/312,False,unknown
localsend,82ec3568fba2aa5295b9aae8b76f701d7a4703d86b9f8bad749472038fbaeab3,direct-framework-reference,,android/provider/Settings,definition-present,unknown,4,0,unknown,localsend-evidence.json#/rows/313,False,unknown
localsend,82ec3568fba2aa5295b9aae8b76f701d7a4703d86b9f8bad749472038fbaeab3,direct-framework-reference,,android/provider/Settings$Global,definition-present,yes-static,6,2,unknown,localsend-evidence.json#/rows/314,False,unknown
localsend,82ec3568fba2aa5295b9aae8b76f701d7a4703d86b9f8bad749472038fbaeab3,direct-framework-reference,,android/provider/Settings$Secure,definition-present,unknown,1,0,unknown,localsend-evidence.json#/rows/315,False,unknown
localsend,82ec3568fba2aa5295b9aae8b76f701d7a4703d86b9f8bad749472038fbaeab3,direct-framework-reference,,android/provider/Settings$System,definition-present,yes-static,2,2,unknown,localsend-evidence.json#/rows/316,False,unknown
localsend,82ec3568fba2aa5295b9aae8b76f701d7a4703d86b9f8bad749472038fbaeab3,direct-framework-reference,,android/service/chooser/ChooserTarget,definition-present,unknown,1,0,unknown,localsend-evidence.json#/rows/317,False,unknown
localsend,82ec3568fba2aa5295b9aae8b76f701d7a4703d86b9f8bad749472038fbaeab3,direct-framework-reference,,android/service/chooser/ChooserTargetService,definition-present,unknown,1,0,unknown,localsend-evidence.json#/rows/318,False,unknown
localsend,82ec3568fba2aa5295b9aae8b76f701d7a4703d86b9f8bad749472038fbaeab3,direct-framework-reference,,android/service/quicksettings/Tile,definition-present,unknown,1,0,unknown,localsend-evidence.json#/rows/319,False,unknown
localsend,82ec3568fba2aa5295b9aae8b76f701d7a4703d86b9f8bad749472038fbaeab3,direct-framework-reference,,android/service/quicksettings/TileService,definition-present,unknown,4,0,unknown,localsend-evidence.json#/rows/320,False,unknown
localsend,82ec3568fba2aa5295b9aae8b76f701d7a4703d86b9f8bad749472038fbaeab3,direct-framework-reference,,android/system/ErrnoException,definition-present,unknown,2,0,unknown,localsend-evidence.json#/rows/321,False,unknown
localsend,82ec3568fba2aa5295b9aae8b76f701d7a4703d86b9f8bad749472038fbaeab3,direct-framework-reference,,android/system/Os,definition-present,unknown,6,0,unknown,localsend-evidence.json#/rows/322,False,unknown
localsend,82ec3568fba2aa5295b9aae8b76f701d7a4703d86b9f8bad749472038fbaeab3,direct-framework-reference,,android/system/OsConstants,definition-present,unknown,8,0,unknown,localsend-evidence.json#/rows/323,False,unknown
localsend,82ec3568fba2aa5295b9aae8b76f701d7a4703d86b9f8bad749472038fbaeab3,direct-framework-reference,,android/system/StructStat,definition-present,unknown,1,0,unknown,localsend-evidence.json#/rows/324,False,unknown
localsend,82ec3568fba2aa5295b9aae8b76f701d7a4703d86b9f8bad749472038fbaeab3,direct-framework-reference,,android/telephony/TelephonyCallback,definition-present,unknown,3,0,unknown,localsend-evidence.json#/rows/325,False,unknown
localsend,82ec3568fba2aa5295b9aae8b76f701d7a4703d86b9f8bad749472038fbaeab3,direct-framework-reference,,android/telephony/TelephonyDisplayInfo,definition-present,unknown,2,0,unknown,localsend-evidence.json#/rows/326,False,unknown
localsend,82ec3568fba2aa5295b9aae8b76f701d7a4703d86b9f8bad749472038fbaeab3,direct-framework-reference,,android/telephony/TelephonyManager,definition-present,unknown,5,0,unknown,localsend-evidence.json#/rows/327,False,unknown
localsend,82ec3568fba2aa5295b9aae8b76f701d7a4703d86b9f8bad749472038fbaeab3,direct-framework-reference,,android/text/DynamicLayout,definition-present,unknown,2,0,unknown,localsend-evidence.json#/rows/328,False,unknown
localsend,82ec3568fba2aa5295b9aae8b76f701d7a4703d86b9f8bad749472038fbaeab3,direct-framework-reference,,android/text/Editable,definition-present,unknown,33,0,unknown,localsend-evidence.json#/rows/329,False,unknown
localsend,82ec3568fba2aa5295b9aae8b76f701d7a4703d86b9f8bad749472038fbaeab3,direct-framework-reference,,android/text/Editable$Factory,definition-present,unknown,2,0,unknown,localsend-evidence.json#/rows/330,False,unknown
localsend,82ec3568fba2aa5295b9aae8b76f701d7a4703d86b9f8bad749472038fbaeab3,direct-framework-reference,,android/text/Html,definition-present,unknown,1,0,unknown,localsend-evidence.json#/rows/331,False,unknown
localsend,82ec3568fba2aa5295b9aae8b76f701d7a4703d86b9f8bad749472038fbaeab3,direct-framework-reference,,android/text/InputFilter,definition-present,unknown,8,0,unknown,localsend-evidence.json#/rows/332,False,unknown
localsend,82ec3568fba2aa5295b9aae8b76f701d7a4703d86b9f8bad749472038fbaeab3,direct-framework-reference,,android/text/Layout,definition-present,unknown,11,0,unknown,localsend-evidence.json#/rows/333,False,unknown
localsend,82ec3568fba2aa5295b9aae8b76f701d7a4703d86b9f8bad749472038fbaeab3,direct-framework-reference,,android/text/Layout$Alignment,definition-present,unknown,32,0,unknown,localsend-evidence.json#/rows/334,False,unknown
localsend,82ec3568fba2aa5295b9aae8b76f701d7a4703d86b9f8bad749472038fbaeab3,direct-framework-reference,,android/text/PrecomputedText,definition-present,unknown,1,0,unknown,localsend-evidence.json#/rows/335,False,unknown
localsend,82ec3568fba2aa5295b9aae8b76f701d7a4703d86b9f8bad749472038fbaeab3,direct-framework-reference,,android/text/PrecomputedText$Params,definition-present,unknown,8,0,unknown,localsend-evidence.json#/rows/336,False,unknown
localsend,82ec3568fba2aa5295b9aae8b76f701d7a4703d86b9f8bad749472038fbaeab3,direct-framework-reference,,android/text/PrecomputedText$Params$Builder,definition-present,unknown,6,0,unknown,localsend-evidence.json#/rows/337,False,unknown
localsend,82ec3568fba2aa5295b9aae8b76f701d7a4703d86b9f8bad749472038fbaeab3,direct-framework-reference,,android/text/Selection,definition-present,yes-static,21,3,unknown,localsend-evidence.json#/rows/338,False,unknown
localsend,82ec3568fba2aa5295b9aae8b76f701d7a4703d86b9f8bad749472038fbaeab3,direct-framework-reference,,android/text/SpanWatcher,definition-present,unknown,3,0,unknown,localsend-evidence.json#/rows/339,False,unknown
localsend,82ec3568fba2aa5295b9aae8b76f701d7a4703d86b9f8bad749472038fbaeab3,direct-framework-reference,,android/text/Spannable,definition-present,yes-static,38,3,unknown,localsend-evidence.json#/rows/340,False,unknown
localsend,82ec3568fba2aa5295b9aae8b76f701d7a4703d86b9f8bad749472038fbaeab3,direct-framework-reference,,android/text/SpannableString,definition-present,unknown,17,0,unknown,localsend-evidence.json#/rows/341,False,unknown
localsend,82ec3568fba2aa5295b9aae8b76f701d7a4703d86b9f8bad749472038fbaeab3,direct-framework-reference,,android/text/SpannableStringBuilder,definition-present,yes-static,64,4,unknown,localsend-evidence.json#/rows/342,False,unknown
localsend,82ec3568fba2aa5295b9aae8b76f701d7a4703d86b9f8bad749472038fbaeab3,direct-framework-reference,,android/text/Spanned,definition-present,unknown,17,0,unknown,localsend-evidence.json#/rows/343,False,unknown
localsend,82ec3568fba2aa5295b9aae8b76f701d7a4703d86b9f8bad749472038fbaeab3,direct-framework-reference,,android/text/SpannedString,definition-present,unknown,4,0,unknown,localsend-evidence.json#/rows/344,False,unknown
localsend,82ec3568fba2aa5295b9aae8b76f701d7a4703d86b9f8bad749472038fbaeab3,direct-framework-reference,,android/text/StaticLayout,definition-present,unknown,11,0,unknown,localsend-evidence.json#/rows/345,False,unknown
localsend,82ec3568fba2aa5295b9aae8b76f701d7a4703d86b9f8bad749472038fbaeab3,direct-framework-reference,,android/text/StaticLayout$Builder,definition-present,unknown,4,0,unknown,localsend-evidence.json#/rows/346,False,unknown
localsend,82ec3568fba2aa5295b9aae8b76f701d7a4703d86b9f8bad749472038fbaeab3,direct-framework-reference,,android/text/TextDirectionHeuristic,definition-present,unknown,13,0,unknown,localsend-evidence.json#/rows/347,False,unknown
localsend,82ec3568fba2aa5295b9aae8b76f701d7a4703d86b9f8bad749472038fbaeab3,direct-framework-reference,,android/text/TextDirectionHeuristics,definition-present,unknown,4,0,unknown,localsend-evidence.json#/rows/348,False,unknown
localsend,82ec3568fba2aa5295b9aae8b76f701d7a4703d86b9f8bad749472038fbaeab3,direct-framework-reference,,android/text/TextPaint,definition-present,unknown,50,0,unknown,localsend-evidence.json#/rows/349,False,unknown
localsend,82ec3568fba2aa5295b9aae8b76f701d7a4703d86b9f8bad749472038fbaeab3,direct-framework-reference,,android/text/TextUtils,definition-present,yes-static,152,3,unknown,localsend-evidence.json#/rows/350,False,unknown
localsend,82ec3568fba2aa5295b9aae8b76f701d7a4703d86b9f8bad749472038fbaeab3,direct-framework-reference,,android/text/TextUtils$TruncateAt,definition-present,unknown,12,0,unknown,localsend-evidence.json#/rows/351,False,unknown
localsend,82ec3568fba2aa5295b9aae8b76f701d7a4703d86b9f8bad749472038fbaeab3,direct-framework-reference,,android/text/TextWatcher,definition-present,unknown,3,0,unknown,localsend-evidence.json#/rows/352,False,unknown
localsend,82ec3568fba2aa5295b9aae8b76f701d7a4703d86b9f8bad749472038fbaeab3,direct-framework-reference,,android/text/format/DateFormat,definition-present,yes-static,1,1,unknown,localsend-evidence.json#/rows/353,False,unknown
localsend,82ec3568fba2aa5295b9aae8b76f701d7a4703d86b9f8bad749472038fbaeab3,direct-framework-reference,,android/text/format/Formatter,definition-present,unknown,1,0,unknown,localsend-evidence.json#/rows/354,False,unknown
localsend,82ec3568fba2aa5295b9aae8b76f701d7a4703d86b9f8bad749472038fbaeab3,direct-framework-reference,,android/text/method/KeyListener,definition-present,unknown,11,0,unknown,localsend-evidence.json#/rows/355,False,unknown
localsend,82ec3568fba2aa5295b9aae8b76f701d7a4703d86b9f8bad749472038fbaeab3,direct-framework-reference,,android/text/method/MetaKeyKeyListener,definition-present,unknown,1,0,unknown,localsend-evidence.json#/rows/356,False,unknown
localsend,82ec3568fba2aa5295b9aae8b76f701d7a4703d86b9f8bad749472038fbaeab3,direct-framework-reference,,android/text/method/NumberKeyListener,definition-present,unknown,3,0,unknown,localsend-evidence.json#/rows/357,False,unknown
localsend,82ec3568fba2aa5295b9aae8b76f701d7a4703d86b9f8bad749472038fbaeab3,direct-framework-reference,,android/text/method/PasswordTransformationMethod,definition-present,unknown,7,0,unknown,localsend-evidence.json#/rows/358,False,unknown
localsend,82ec3568fba2aa5295b9aae8b76f701d7a4703d86b9f8bad749472038fbaeab3,direct-framework-reference,,android/text/method/TransformationMethod,definition-present,unknown,18,0,unknown,localsend-evidence.json#/rows/359,False,unknown
localsend,82ec3568fba2aa5295b9aae8b76f701d7a4703d86b9f8bad749472038fbaeab3,direct-framework-reference,,android/text/style/AbsoluteSizeSpan,definition-present,unknown,2,0,unknown,localsend-evidence.json#/rows/360,False,unknown
localsend,82ec3568fba2aa5295b9aae8b76f701d7a4703d86b9f8bad749472038fbaeab3,direct-framework-reference,,android/text/style/BackgroundColorSpan,definition-present,unknown,5,0,unknown,localsend-evidence.json#/rows/361,False,unknown
localsend,82ec3568fba2aa5295b9aae8b76f701d7a4703d86b9f8bad749472038fbaeab3,direct-framework-reference,,android/text/style/ClickableSpan,definition-present,unknown,3,0,unknown,localsend-evidence.json#/rows/362,False,unknown
localsend,82ec3568fba2aa5295b9aae8b76f701d7a4703d86b9f8bad749472038fbaeab3,direct-framework-reference,,android/text/style/ForegroundColorSpan,definition-present,unknown,8,0,unknown,localsend-evidence.json#/rows/363,False,unknown
localsend,82ec3568fba2aa5295b9aae8b76f701d7a4703d86b9f8bad749472038fbaeab3,direct-framework-reference,,android/text/style/ImageSpan,definition-present,unknown,1,0,unknown,localsend-evidence.json#/rows/364,False,unknown
localsend,82ec3568fba2aa5295b9aae8b76f701d7a4703d86b9f8bad749472038fbaeab3,direct-framework-reference,,android/text/style/LocaleSpan,definition-present,unknown,1,0,unknown,localsend-evidence.json#/rows/365,False,unknown
localsend,82ec3568fba2aa5295b9aae8b76f701d7a4703d86b9f8bad749472038fbaeab3,direct-framework-reference,,android/text/style/RelativeSizeSpan,definition-present,unknown,2,0,unknown,localsend-evidence.json#/rows/366,False,unknown
localsend,82ec3568fba2aa5295b9aae8b76f701d7a4703d86b9f8bad749472038fbaeab3,direct-framework-reference,,android/text/style/ReplacementSpan,definition-present,unknown,1,0,unknown,localsend-evidence.json#/rows/367,False,unknown
localsend,82ec3568fba2aa5295b9aae8b76f701d7a4703d86b9f8bad749472038fbaeab3,direct-framework-reference,,android/text/style/StrikethroughSpan,definition-present,unknown,3,0,unknown,localsend-evidence.json#/rows/368,False,unknown
localsend,82ec3568fba2aa5295b9aae8b76f701d7a4703d86b9f8bad749472038fbaeab3,direct-framework-reference,,android/text/style/StyleSpan,definition-present,unknown,7,0,unknown,localsend-evidence.json#/rows/369,False,unknown
localsend,82ec3568fba2aa5295b9aae8b76f701d7a4703d86b9f8bad749472038fbaeab3,direct-framework-reference,,android/text/style/TextAppearanceSpan,definition-present,unknown,1,0,unknown,localsend-evidence.json#/rows/370,False,unknown
localsend,82ec3568fba2aa5295b9aae8b76f701d7a4703d86b9f8bad749472038fbaeab3,direct-framework-reference,,android/text/style/TtsSpan,definition-present,unknown,1,0,unknown,localsend-evidence.json#/rows/371,False,unknown
localsend,82ec3568fba2aa5295b9aae8b76f701d7a4703d86b9f8bad749472038fbaeab3,direct-framework-reference,,android/text/style/TtsSpan$Builder,definition-present,unknown,1,0,unknown,localsend-evidence.json#/rows/372,False,unknown
localsend,82ec3568fba2aa5295b9aae8b76f701d7a4703d86b9f8bad749472038fbaeab3,direct-framework-reference,,android/text/style/TypefaceSpan,definition-present,unknown,3,0,unknown,localsend-evidence.json#/rows/373,False,unknown
localsend,82ec3568fba2aa5295b9aae8b76f701d7a4703d86b9f8bad749472038fbaeab3,direct-framework-reference,,android/text/style/URLSpan,definition-present,unknown,1,0,unknown,localsend-evidence.json#/rows/374,False,unknown
localsend,82ec3568fba2aa5295b9aae8b76f701d7a4703d86b9f8bad749472038fbaeab3,direct-framework-reference,,android/text/style/UnderlineSpan,definition-present,unknown,7,0,unknown,localsend-evidence.json#/rows/375,False,unknown
localsend,82ec3568fba2aa5295b9aae8b76f701d7a4703d86b9f8bad749472038fbaeab3,direct-framework-reference,,android/transition/Transition,definition-present,unknown,4,0,unknown,localsend-evidence.json#/rows/376,False,unknown
localsend,82ec3568fba2aa5295b9aae8b76f701d7a4703d86b9f8bad749472038fbaeab3,direct-framework-reference,,android/util/AttributeSet,definition-present,yes-static,172,5,unknown,localsend-evidence.json#/rows/377,False,unknown
localsend,82ec3568fba2aa5295b9aae8b76f701d7a4703d86b9f8bad749472038fbaeab3,direct-framework-reference,,android/util/Base64,definition-present,unknown,16,0,unknown,localsend-evidence.json#/rows/378,False,unknown
localsend,82ec3568fba2aa5295b9aae8b76f701d7a4703d86b9f8bad749472038fbaeab3,direct-framework-reference,,android/util/DisplayMetrics,definition-present,yes-static,52,5,unknown,localsend-evidence.json#/rows/379,False,unknown
localsend,82ec3568fba2aa5295b9aae8b76f701d7a4703d86b9f8bad749472038fbaeab3,direct-framework-reference,,android/util/Log,definition-present,yes-static,381,25,unknown,localsend-evidence.json#/rows/380,False,unknown
localsend,82ec3568fba2aa5295b9aae8b76f701d7a4703d86b9f8bad749472038fbaeab3,direct-framework-reference,,android/util/LongSparseArray,definition-present,yes-static,12,1,unknown,localsend-evidence.json#/rows/381,False,unknown
localsend,82ec3568fba2aa5295b9aae8b76f701d7a4703d86b9f8bad749472038fbaeab3,direct-framework-reference,,android/util/Pair,definition-present,yes-static,82,2,unknown,localsend-evidence.json#/rows/382,False,unknown
localsend,82ec3568fba2aa5295b9aae8b76f701d7a4703d86b9f8bad749472038fbaeab3,direct-framework-reference,,android/util/Property,definition-present,unknown,6,0,unknown,localsend-evidence.json#/rows/383,False,unknown
localsend,82ec3568fba2aa5295b9aae8b76f701d7a4703d86b9f8bad749472038fbaeab3,direct-framework-reference,,android/util/Range,definition-present,unknown,5,0,unknown,localsend-evidence.json#/rows/384,False,unknown
localsend,82ec3568fba2aa5295b9aae8b76f701d7a4703d86b9f8bad749472038fbaeab3,direct-framework-reference,,android/util/Size,definition-present,unknown,3,0,unknown,localsend-evidence.json#/rows/385,False,unknown
localsend,82ec3568fba2aa5295b9aae8b76f701d7a4703d86b9f8bad749472038fbaeab3,direct-framework-reference,,android/util/SparseArray,definition-present,yes-static,145,10,unknown,localsend-evidence.json#/rows/386,False,unknown
localsend,82ec3568fba2aa5295b9aae8b76f701d7a4703d86b9f8bad749472038fbaeab3,direct-framework-reference,,android/util/SparseBooleanArray,definition-present,yes-static,21,7,unknown,localsend-evidence.json#/rows/387,False,unknown
localsend,82ec3568fba2aa5295b9aae8b76f701d7a4703d86b9f8bad749472038fbaeab3,direct-framework-reference,,android/util/SparseIntArray,definition-present,unknown,23,0,unknown,localsend-evidence.json#/rows/388,False,unknown
localsend,82ec3568fba2aa5295b9aae8b76f701d7a4703d86b9f8bad749472038fbaeab3,direct-framework-reference,,android/util/StateSet,definition-present,unknown,1,0,unknown,localsend-evidence.json#/rows/389,False,unknown
localsend,82ec3568fba2aa5295b9aae8b76f701d7a4703d86b9f8bad749472038fbaeab3,direct-framework-reference,,android/util/TypedValue,definition-present,unknown,47,0,unknown,localsend-evidence.json#/rows/390,False,unknown
localsend,82ec3568fba2aa5295b9aae8b76f701d7a4703d86b9f8bad749472038fbaeab3,direct-framework-reference,,android/util/Xml,definition-present,unknown,11,0,unknown,localsend-evidence.json#/rows/391,False,unknown
localsend,82ec3568fba2aa5295b9aae8b76f701d7a4703d86b9f8bad749472038fbaeab3,direct-framework-reference,,android/view/AbsSavedState,definition-present,unknown,4,0,unknown,localsend-evidence.json#/rows/392,False,unknown
localsend,82ec3568fba2aa5295b9aae8b76f701d7a4703d86b9f8bad749472038fbaeab3,direct-framework-reference,,android/view/ActionMode,definition-present,unknown,5,0,unknown,localsend-evidence.json#/rows/393,False,unknown
localsend,82ec3568fba2aa5295b9aae8b76f701d7a4703d86b9f8bad749472038fbaeab3,direct-framework-reference,,android/view/ActionMode$Callback,definition-present,unknown,18,0,unknown,localsend-evidence.json#/rows/394,False,unknown
localsend,82ec3568fba2aa5295b9aae8b76f701d7a4703d86b9f8bad749472038fbaeab3,direct-framework-reference,,android/view/AttachedSurfaceControl,definition-present,unknown,5,0,unknown,localsend-evidence.json#/rows/395,False,unknown
localsend,82ec3568fba2aa5295b9aae8b76f701d7a4703d86b9f8bad749472038fbaeab3,direct-framework-reference,,android/view/Choreographer,definition-present,unknown,16,0,unknown,localsend-evidence.json#/rows/396,False,unknown
localsend,82ec3568fba2aa5295b9aae8b76f701d7a4703d86b9f8bad749472038fbaeab3,direct-framework-reference,,android/view/Choreographer$FrameCallback,definition-present,unknown,6,0,unknown,localsend-evidence.json#/rows/397,False,unknown
localsend,82ec3568fba2aa5295b9aae8b76f701d7a4703d86b9f8bad749472038fbaeab3,direct-framework-reference,,android/view/Choreographer$FrameData,definition-present,unknown,3,0,unknown,localsend-evidence.json#/rows/398,False,unknown
localsend,82ec3568fba2aa5295b9aae8b76f701d7a4703d86b9f8bad749472038fbaeab3,direct-framework-reference,,android/view/Choreographer$FrameTimeline,definition-present,unknown,3,0,unknown,localsend-evidence.json#/rows/399,False,unknown
localsend,82ec3568fba2aa5295b9aae8b76f701d7a4703d86b9f8bad749472038fbaeab3,direct-framework-reference,,android/view/Choreographer$VsyncCallback,definition-present,unknown,4,0,unknown,localsend-evidence.json#/rows/400,False,unknown
localsend,82ec3568fba2aa5295b9aae8b76f701d7a4703d86b9f8bad749472038fbaeab3,direct-framework-reference,,android/view/ContentInfo,definition-present,unknown,13,0,unknown,localsend-evidence.json#/rows/401,False,unknown
localsend,82ec3568fba2aa5295b9aae8b76f701d7a4703d86b9f8bad749472038fbaeab3,direct-framework-reference,,android/view/ContentInfo$Builder,definition-present,unknown,10,0,unknown,localsend-evidence.json#/rows/402,False,unknown
localsend,82ec3568fba2aa5295b9aae8b76f701d7a4703d86b9f8bad749472038fbaeab3,direct-framework-reference,,android/view/ContextThemeWrapper,definition-present,unknown,4,0,unknown,localsend-evidence.json#/rows/403,False,unknown
localsend,82ec3568fba2aa5295b9aae8b76f701d7a4703d86b9f8bad749472038fbaeab3,direct-framework-reference,,android/view/Display,definition-present,yes-static,28,3,unknown,localsend-evidence.json#/rows/404,False,unknown
localsend,82ec3568fba2aa5295b9aae8b76f701d7a4703d86b9f8bad749472038fbaeab3,direct-framework-reference,,android/view/Display$HdrCapabilities,definition-present,unknown,1,0,unknown,localsend-evidence.json#/rows/405,False,unknown
localsend,82ec3568fba2aa5295b9aae8b76f701d7a4703d86b9f8bad749472038fbaeab3,direct-framework-reference,,android/view/Display$Mode,definition-present,unknown,2,0,unknown,localsend-evidence.json#/rows/406,False,unknown
localsend,82ec3568fba2aa5295b9aae8b76f701d7a4703d86b9f8bad749472038fbaeab3,direct-framework-reference,,android/view/DisplayCutout,definition-present,unknown,22,0,unknown,localsend-evidence.json#/rows/407,False,unknown
localsend,82ec3568fba2aa5295b9aae8b76f701d7a4703d86b9f8bad749472038fbaeab3,direct-framework-reference,,android/view/DragAndDropPermissions,definition-present,unknown,3,0,unknown,localsend-evidence.json#/rows/408,False,unknown
localsend,82ec3568fba2aa5295b9aae8b76f701d7a4703d86b9f8bad749472038fbaeab3,direct-framework-reference,,android/view/DragEvent,definition-present,unknown,4,0,unknown,localsend-evidence.json#/rows/409,False,unknown
localsend,82ec3568fba2aa5295b9aae8b76f701d7a4703d86b9f8bad749472038fbaeab3,direct-framework-reference,,android/view/FocusFinder,definition-present,unknown,4,0,unknown,localsend-evidence.json#/rows/410,False,unknown
localsend,82ec3568fba2aa5295b9aae8b76f701d7a4703d86b9f8bad749472038fbaeab3,direct-framework-reference,,android/view/GestureDetector,definition-present,unknown,3,0,unknown,localsend-evidence.json#/rows/411,False,unknown
localsend,82ec3568fba2aa5295b9aae8b76f701d7a4703d86b9f8bad749472038fbaeab3,direct-framework-reference,,android/view/GestureDetector$OnGestureListener,definition-present,unknown,1,0,unknown,localsend-evidence.json#/rows/412,False,unknown
localsend,82ec3568fba2aa5295b9aae8b76f701d7a4703d86b9f8bad749472038fbaeab3,direct-framework-reference,,android/view/GestureDetector$SimpleOnGestureListener,definition-present,unknown,1,0,unknown,localsend-evidence.json#/rows/413,False,unknown
localsend,82ec3568fba2aa5295b9aae8b76f701d7a4703d86b9f8bad749472038fbaeab3,direct-framework-reference,,android/view/Gravity,definition-present,unknown,17,0,unknown,localsend-evidence.json#/rows/414,False,unknown
localsend,82ec3568fba2aa5295b9aae8b76f701d7a4703d86b9f8bad749472038fbaeab3,direct-framework-reference,,android/view/InflateException,definition-present,unknown,2,0,unknown,localsend-evidence.json#/rows/415,False,unknown
localsend,82ec3568fba2aa5295b9aae8b76f701d7a4703d86b9f8bad749472038fbaeab3,direct-framework-reference,,android/view/InputDevice,definition-present,unknown,2,0,unknown,localsend-evidence.json#/rows/416,False,unknown
localsend,82ec3568fba2aa5295b9aae8b76f701d7a4703d86b9f8bad749472038fbaeab3,direct-framework-reference,,android/view/InputDevice$MotionRange,definition-present,unknown,2,0,unknown,localsend-evidence.json#/rows/417,False,unknown
localsend,82ec3568fba2aa5295b9aae8b76f701d7a4703d86b9f8bad749472038fbaeab3,direct-framework-reference,,android/view/InputEvent,definition-present,unknown,2,0,unknown,localsend-evidence.json#/rows/418,False,unknown
localsend,82ec3568fba2aa5295b9aae8b76f701d7a4703d86b9f8bad749472038fbaeab3,direct-framework-reference,,android/view/KeyCharacterMap,definition-present,unknown,1,0,unknown,localsend-evidence.json#/rows/419,False,unknown
localsend,82ec3568fba2aa5295b9aae8b76f701d7a4703d86b9f8bad749472038fbaeab3,direct-framework-reference,,android/view/KeyCharacterMap$KeyData,definition-present,unknown,2,0,unknown,localsend-evidence.json#/rows/420,False,unknown
localsend,82ec3568fba2aa5295b9aae8b76f701d7a4703d86b9f8bad749472038fbaeab3,direct-framework-reference,,android/view/KeyEvent,definition-present,unknown,29,0,unknown,localsend-evidence.json#/rows/421,False,unknown
localsend,82ec3568fba2aa5295b9aae8b76f701d7a4703d86b9f8bad749472038fbaeab3,direct-framework-reference,,android/view/KeyEvent$DispatcherState,definition-present,unknown,2,0,unknown,localsend-evidence.json#/rows/422,False,unknown
localsend,82ec3568fba2aa5295b9aae8b76f701d7a4703d86b9f8bad749472038fbaeab3,direct-framework-reference,,android/view/LayoutInflater,definition-present,unknown,35,0,unknown,localsend-evidence.json#/rows/423,False,unknown
localsend,82ec3568fba2aa5295b9aae8b76f701d7a4703d86b9f8bad749472038fbaeab3,direct-framework-reference,,android/view/Menu,definition-present,unknown,12,0,unknown,localsend-evidence.json#/rows/424,False,unknown
localsend,82ec3568fba2aa5295b9aae8b76f701d7a4703d86b9f8bad749472038fbaeab3,direct-framework-reference,,android/view/MenuInflater,definition-present,unknown,4,0,unknown,localsend-evidence.json#/rows/425,False,unknown
localsend,82ec3568fba2aa5295b9aae8b76f701d7a4703d86b9f8bad749472038fbaeab3,direct-framework-reference,,android/view/MenuItem,definition-present,unknown,37,0,unknown,localsend-evidence.json#/rows/426,False,unknown
localsend,82ec3568fba2aa5295b9aae8b76f701d7a4703d86b9f8bad749472038fbaeab3,direct-framework-reference,,android/view/MenuItem$OnActionExpandListener,definition-present,unknown,3,0,unknown,localsend-evidence.json#/rows/427,False,unknown
localsend,82ec3568fba2aa5295b9aae8b76f701d7a4703d86b9f8bad749472038fbaeab3,direct-framework-reference,,android/view/MenuItem$OnMenuItemClickListener,definition-present,unknown,2,0,unknown,localsend-evidence.json#/rows/428,False,unknown
localsend,82ec3568fba2aa5295b9aae8b76f701d7a4703d86b9f8bad749472038fbaeab3,direct-framework-reference,,android/view/MotionEvent,definition-present,unknown,71,0,unknown,localsend-evidence.json#/rows/429,False,unknown
localsend,82ec3568fba2aa5295b9aae8b76f701d7a4703d86b9f8bad749472038fbaeab3,direct-framework-reference,,android/view/MotionEvent$PointerCoords,definition-present,unknown,3,0,unknown,localsend-evidence.json#/rows/430,False,unknown
localsend,82ec3568fba2aa5295b9aae8b76f701d7a4703d86b9f8bad749472038fbaeab3,direct-framework-reference,,android/view/MotionEvent$PointerProperties,definition-present,unknown,3,0,unknown,localsend-evidence.json#/rows/431,False,unknown
localsend,82ec3568fba2aa5295b9aae8b76f701d7a4703d86b9f8bad749472038fbaeab3,direct-framework-reference,,android/view/PointerIcon,definition-present,unknown,2,0,unknown,localsend-evidence.json#/rows/432,False,unknown
localsend,82ec3568fba2aa5295b9aae8b76f701d7a4703d86b9f8bad749472038fbaeab3,direct-framework-reference,,android/view/RoundedCorner,definition-present,unknown,5,0,unknown,localsend-evidence.json#/rows/433,False,unknown
localsend,82ec3568fba2aa5295b9aae8b76f701d7a4703d86b9f8bad749472038fbaeab3,direct-framework-reference,,android/view/ScrollFeedbackProvider,definition-absent,unknown,3,0,unresolvable-in-scanned-inputs,localsend-evidence.json#/rows/434,False,unknown
localsend,82ec3568fba2aa5295b9aae8b76f701d7a4703d86b9f8bad749472038fbaeab3,direct-framework-reference,,android/view/SubMenu,definition-present,unknown,8,0,unknown,localsend-evidence.json#/rows/435,False,unknown
localsend,82ec3568fba2aa5295b9aae8b76f701d7a4703d86b9f8bad749472038fbaeab3,direct-framework-reference,,android/view/Surface,definition-present,yes-static,78,9,unknown,localsend-evidence.json#/rows/436,False,unknown
localsend,82ec3568fba2aa5295b9aae8b76f701d7a4703d86b9f8bad749472038fbaeab3,direct-framework-reference,,android/view/SurfaceControl,definition-present,yes-static,12,3,unknown,localsend-evidence.json#/rows/437,False,unknown
localsend,82ec3568fba2aa5295b9aae8b76f701d7a4703d86b9f8bad749472038fbaeab3,direct-framework-reference,,android/view/SurfaceControl$Builder,definition-present,unknown,8,0,unknown,localsend-evidence.json#/rows/438,False,unknown
localsend,82ec3568fba2aa5295b9aae8b76f701d7a4703d86b9f8bad749472038fbaeab3,direct-framework-reference,,android/view/SurfaceControl$Transaction,definition-present,unknown,16,0,unknown,localsend-evidence.json#/rows/439,False,unknown
localsend,82ec3568fba2aa5295b9aae8b76f701d7a4703d86b9f8bad749472038fbaeab3,direct-framework-reference,,android/view/SurfaceHolder,definition-present,yes-static,10,3,unknown,localsend-evidence.json#/rows/440,False,unknown
localsend,82ec3568fba2aa5295b9aae8b76f701d7a4703d86b9f8bad749472038fbaeab3,direct-framework-reference,,android/view/SurfaceHolder$Callback,definition-present,yes-static,3,2,unknown,localsend-evidence.json#/rows/441,False,unknown
localsend,82ec3568fba2aa5295b9aae8b76f701d7a4703d86b9f8bad749472038fbaeab3,direct-framework-reference,,android/view/SurfaceView,definition-present,yes-static,32,4,unknown,localsend-evidence.json#/rows/442,False,unknown
localsend,82ec3568fba2aa5295b9aae8b76f701d7a4703d86b9f8bad749472038fbaeab3,direct-framework-reference,,android/view/TextureView,definition-present,yes-static,3,2,unknown,localsend-evidence.json#/rows/443,False,unknown
localsend,82ec3568fba2aa5295b9aae8b76f701d7a4703d86b9f8bad749472038fbaeab3,direct-framework-reference,,android/view/TouchDelegate,definition-present,unknown,2,0,unknown,localsend-evidence.json#/rows/444,False,unknown
localsend,82ec3568fba2aa5295b9aae8b76f701d7a4703d86b9f8bad749472038fbaeab3,direct-framework-reference,,android/view/VelocityTracker,definition-present,unknown,22,0,unknown,localsend-evidence.json#/rows/445,False,unknown
localsend,82ec3568fba2aa5295b9aae8b76f701d7a4703d86b9f8bad749472038fbaeab3,direct-framework-reference,,android/view/View,definition-present,yes-static,1371,42,unknown,localsend-evidence.json#/rows/446,False,unknown
localsend,82ec3568fba2aa5295b9aae8b76f701d7a4703d86b9f8bad749472038fbaeab3,direct-framework-reference,,android/view/View$AccessibilityDelegate,definition-present,unknown,31,0,unknown,localsend-evidence.json#/rows/447,False,unknown
localsend,82ec3568fba2aa5295b9aae8b76f701d7a4703d86b9f8bad749472038fbaeab3,direct-framework-reference,,android/view/View$BaseSavedState,definition-present,unknown,5,0,unknown,localsend-evidence.json#/rows/448,False,unknown
localsend,82ec3568fba2aa5295b9aae8b76f701d7a4703d86b9f8bad749472038fbaeab3,direct-framework-reference,,android/view/View$MeasureSpec,definition-present,unknown,37,0,unknown,localsend-evidence.json#/rows/449,False,unknown
localsend,82ec3568fba2aa5295b9aae8b76f701d7a4703d86b9f8bad749472038fbaeab3,direct-framework-reference,,android/view/View$OnApplyWindowInsetsListener,definition-present,unknown,4,0,unknown,localsend-evidence.json#/rows/450,False,unknown
localsend,82ec3568fba2aa5295b9aae8b76f701d7a4703d86b9f8bad749472038fbaeab3,direct-framework-reference,,android/view/View$OnClickListener,definition-present,unknown,11,0,unknown,localsend-evidence.json#/rows/451,False,unknown
localsend,82ec3568fba2aa5295b9aae8b76f701d7a4703d86b9f8bad749472038fbaeab3,direct-framework-reference,,android/view/View$OnFocusChangeListener,definition-present,unknown,12,0,unknown,localsend-evidence.json#/rows/452,False,unknown
localsend,82ec3568fba2aa5295b9aae8b76f701d7a4703d86b9f8bad749472038fbaeab3,direct-framework-reference,,android/view/View$OnLongClickListener,definition-present,unknown,10,0,unknown,localsend-evidence.json#/rows/453,False,unknown
localsend,82ec3568fba2aa5295b9aae8b76f701d7a4703d86b9f8bad749472038fbaeab3,direct-framework-reference,,android/view/View$OnTouchListener,definition-present,unknown,1,0,unknown,localsend-evidence.json#/rows/454,False,unknown
localsend,82ec3568fba2aa5295b9aae8b76f701d7a4703d86b9f8bad749472038fbaeab3,direct-framework-reference,,android/view/ViewConfiguration,definition-present,yes-static,28,1,unknown,localsend-evidence.json#/rows/455,False,unknown
localsend,82ec3568fba2aa5295b9aae8b76f701d7a4703d86b9f8bad749472038fbaeab3,direct-framework-reference,,android/view/ViewGroup,definition-present,yes-static,292,5,unknown,localsend-evidence.json#/rows/456,False,unknown
localsend,82ec3568fba2aa5295b9aae8b76f701d7a4703d86b9f8bad749472038fbaeab3,direct-framework-reference,,android/view/ViewGroup$LayoutParams,definition-present,unknown,44,0,unknown,localsend-evidence.json#/rows/457,False,unknown
localsend,82ec3568fba2aa5295b9aae8b76f701d7a4703d86b9f8bad749472038fbaeab3,direct-framework-reference,,android/view/ViewGroup$MarginLayoutParams,definition-present,unknown,61,0,unknown,localsend-evidence.json#/rows/458,False,unknown
localsend,82ec3568fba2aa5295b9aae8b76f701d7a4703d86b9f8bad749472038fbaeab3,direct-framework-reference,,android/view/ViewGroup$OnHierarchyChangeListener,definition-present,unknown,3,0,unknown,localsend-evidence.json#/rows/459,False,unknown
localsend,82ec3568fba2aa5295b9aae8b76f701d7a4703d86b9f8bad749472038fbaeab3,direct-framework-reference,,android/view/ViewGroupOverlay,definition-present,unknown,4,0,unknown,localsend-evidence.json#/rows/460,False,unknown
localsend,82ec3568fba2aa5295b9aae8b76f701d7a4703d86b9f8bad749472038fbaeab3,direct-framework-reference,,android/view/ViewManager,definition-present,unknown,2,0,unknown,localsend-evidence.json#/rows/461,False,unknown
localsend,82ec3568fba2aa5295b9aae8b76f701d7a4703d86b9f8bad749472038fbaeab3,direct-framework-reference,,android/view/ViewOutlineProvider,definition-present,unknown,2,0,unknown,localsend-evidence.json#/rows/462,False,unknown
localsend,82ec3568fba2aa5295b9aae8b76f701d7a4703d86b9f8bad749472038fbaeab3,direct-framework-reference,,android/view/ViewParent,definition-present,yes-static,63,2,unknown,localsend-evidence.json#/rows/463,False,unknown
localsend,82ec3568fba2aa5295b9aae8b76f701d7a4703d86b9f8bad749472038fbaeab3,direct-framework-reference,,android/view/ViewPropertyAnimator,definition-present,unknown,9,0,unknown,localsend-evidence.json#/rows/464,False,unknown
localsend,82ec3568fba2aa5295b9aae8b76f701d7a4703d86b9f8bad749472038fbaeab3,direct-framework-reference,,android/view/ViewStructure,definition-present,unknown,2,0,unknown,localsend-evidence.json#/rows/465,False,unknown
localsend,82ec3568fba2aa5295b9aae8b76f701d7a4703d86b9f8bad749472038fbaeab3,direct-framework-reference,,android/view/ViewStub,definition-present,unknown,1,0,unknown,localsend-evidence.json#/rows/466,False,unknown
localsend,82ec3568fba2aa5295b9aae8b76f701d7a4703d86b9f8bad749472038fbaeab3,direct-framework-reference,,android/view/ViewTreeObserver,definition-present,yes-static,24,4,unknown,localsend-evidence.json#/rows/467,False,unknown
localsend,82ec3568fba2aa5295b9aae8b76f701d7a4703d86b9f8bad749472038fbaeab3,direct-framework-reference,,android/view/Window,definition-present,yes-static,28,1,unknown,localsend-evidence.json#/rows/468,False,unknown
localsend,82ec3568fba2aa5295b9aae8b76f701d7a4703d86b9f8bad749472038fbaeab3,direct-framework-reference,,android/view/Window$Callback,definition-present,unknown,2,0,unknown,localsend-evidence.json#/rows/469,False,unknown
localsend,82ec3568fba2aa5295b9aae8b76f701d7a4703d86b9f8bad749472038fbaeab3,direct-framework-reference,,android/view/WindowId,definition-present,unknown,4,0,unknown,localsend-evidence.json#/rows/470,False,unknown
localsend,82ec3568fba2aa5295b9aae8b76f701d7a4703d86b9f8bad749472038fbaeab3,direct-framework-reference,,android/view/WindowInsets,definition-present,yes-static,76,16,unknown,localsend-evidence.json#/rows/471,False,unknown
localsend,82ec3568fba2aa5295b9aae8b76f701d7a4703d86b9f8bad749472038fbaeab3,direct-framework-reference,,android/view/WindowInsets$Builder,definition-present,yes-static,13,1,unknown,localsend-evidence.json#/rows/472,False,unknown
localsend,82ec3568fba2aa5295b9aae8b76f701d7a4703d86b9f8bad749472038fbaeab3,direct-framework-reference,,android/view/WindowInsets$Type,definition-present,unknown,10,0,unknown,localsend-evidence.json#/rows/473,False,unknown
localsend,82ec3568fba2aa5295b9aae8b76f701d7a4703d86b9f8bad749472038fbaeab3,direct-framework-reference,,android/view/WindowInsetsAnimation,definition-present,unknown,5,0,unknown,localsend-evidence.json#/rows/474,False,unknown
localsend,82ec3568fba2aa5295b9aae8b76f701d7a4703d86b9f8bad749472038fbaeab3,direct-framework-reference,,android/view/WindowInsetsAnimation$Callback,definition-present,yes-static,4,4,unknown,localsend-evidence.json#/rows/475,False,unknown
localsend,82ec3568fba2aa5295b9aae8b76f701d7a4703d86b9f8bad749472038fbaeab3,direct-framework-reference,,android/view/WindowInsetsController,definition-present,unknown,9,0,unknown,localsend-evidence.json#/rows/476,False,unknown
localsend,82ec3568fba2aa5295b9aae8b76f701d7a4703d86b9f8bad749472038fbaeab3,direct-framework-reference,,android/view/WindowManager,definition-present,yes-static,25,7,unknown,localsend-evidence.json#/rows/477,False,unknown
localsend,82ec3568fba2aa5295b9aae8b76f701d7a4703d86b9f8bad749472038fbaeab3,direct-framework-reference,,android/view/WindowManager$LayoutParams,definition-present,unknown,10,0,unknown,localsend-evidence.json#/rows/478,False,unknown
localsend,82ec3568fba2aa5295b9aae8b76f701d7a4703d86b9f8bad749472038fbaeab3,direct-framework-reference,,android/view/WindowMetrics,definition-present,yes-static,10,8,unknown,localsend-evidence.json#/rows/479,False,unknown
localsend,82ec3568fba2aa5295b9aae8b76f701d7a4703d86b9f8bad749472038fbaeab3,direct-framework-reference,,android/view/accessibility/AccessibilityEvent,definition-present,yes-static,44,3,unknown,localsend-evidence.json#/rows/480,False,unknown
localsend,82ec3568fba2aa5295b9aae8b76f701d7a4703d86b9f8bad749472038fbaeab3,direct-framework-reference,,android/view/accessibility/AccessibilityManager,definition-present,yes-static,26,8,unknown,localsend-evidence.json#/rows/481,False,unknown
localsend,82ec3568fba2aa5295b9aae8b76f701d7a4703d86b9f8bad749472038fbaeab3,direct-framework-reference,,android/view/accessibility/AccessibilityNodeInfo,definition-present,yes-static,74,1,unknown,localsend-evidence.json#/rows/482,False,unknown
localsend,82ec3568fba2aa5295b9aae8b76f701d7a4703d86b9f8bad749472038fbaeab3,direct-framework-reference,,android/view/accessibility/AccessibilityNodeInfo$AccessibilityAction,definition-present,unknown,23,0,unknown,localsend-evidence.json#/rows/483,False,unknown
localsend,82ec3568fba2aa5295b9aae8b76f701d7a4703d86b9f8bad749472038fbaeab3,direct-framework-reference,,android/view/accessibility/AccessibilityNodeInfo$CollectionInfo,definition-present,unknown,8,0,unknown,localsend-evidence.json#/rows/484,False,unknown
localsend,82ec3568fba2aa5295b9aae8b76f701d7a4703d86b9f8bad749472038fbaeab3,direct-framework-reference,,android/view/accessibility/AccessibilityNodeInfo$CollectionItemInfo,definition-present,unknown,6,0,unknown,localsend-evidence.json#/rows/485,False,unknown
localsend,82ec3568fba2aa5295b9aae8b76f701d7a4703d86b9f8bad749472038fbaeab3,direct-framework-reference,,android/view/accessibility/AccessibilityNodeInfo$RangeInfo,definition-present,unknown,1,0,unknown,localsend-evidence.json#/rows/486,False,unknown
localsend,82ec3568fba2aa5295b9aae8b76f701d7a4703d86b9f8bad749472038fbaeab3,direct-framework-reference,,android/view/accessibility/AccessibilityNodeProvider,definition-present,yes-static,6,1,unknown,localsend-evidence.json#/rows/487,False,unknown
localsend,82ec3568fba2aa5295b9aae8b76f701d7a4703d86b9f8bad749472038fbaeab3,direct-framework-reference,,android/view/accessibility/AccessibilityRecord,definition-present,yes-static,20,2,unknown,localsend-evidence.json#/rows/488,False,unknown
localsend,82ec3568fba2aa5295b9aae8b76f701d7a4703d86b9f8bad749472038fbaeab3,direct-framework-reference,,android/view/accessibility/CaptioningManager,definition-present,unknown,1,0,unknown,localsend-evidence.json#/rows/489,False,unknown
localsend,82ec3568fba2aa5295b9aae8b76f701d7a4703d86b9f8bad749472038fbaeab3,direct-framework-reference,,android/view/animation/AccelerateDecelerateInterpolator,definition-present,unknown,1,0,unknown,localsend-evidence.json#/rows/490,False,unknown
localsend,82ec3568fba2aa5295b9aae8b76f701d7a4703d86b9f8bad749472038fbaeab3,direct-framework-reference,,android/view/animation/AccelerateInterpolator,definition-present,unknown,3,0,unknown,localsend-evidence.json#/rows/491,False,unknown
localsend,82ec3568fba2aa5295b9aae8b76f701d7a4703d86b9f8bad749472038fbaeab3,direct-framework-reference,,android/view/animation/AnimationUtils,definition-present,unknown,3,0,unknown,localsend-evidence.json#/rows/492,False,unknown
localsend,82ec3568fba2aa5295b9aae8b76f701d7a4703d86b9f8bad749472038fbaeab3,direct-framework-reference,,android/view/animation/DecelerateInterpolator,definition-present,unknown,2,0,unknown,localsend-evidence.json#/rows/493,False,unknown
localsend,82ec3568fba2aa5295b9aae8b76f701d7a4703d86b9f8bad749472038fbaeab3,direct-framework-reference,,android/view/animation/Interpolator,definition-present,unknown,4,0,unknown,localsend-evidence.json#/rows/494,False,unknown
localsend,82ec3568fba2aa5295b9aae8b76f701d7a4703d86b9f8bad749472038fbaeab3,direct-framework-reference,,android/view/animation/LinearInterpolator,definition-present,unknown,7,0,unknown,localsend-evidence.json#/rows/495,False,unknown
localsend,82ec3568fba2aa5295b9aae8b76f701d7a4703d86b9f8bad749472038fbaeab3,direct-framework-reference,,android/view/autofill/AutofillId,definition-present,unknown,2,0,unknown,localsend-evidence.json#/rows/496,False,unknown
localsend,82ec3568fba2aa5295b9aae8b76f701d7a4703d86b9f8bad749472038fbaeab3,direct-framework-reference,,android/view/autofill/AutofillManager,definition-present,yes-static,12,4,unknown,localsend-evidence.json#/rows/497,False,unknown
localsend,82ec3568fba2aa5295b9aae8b76f701d7a4703d86b9f8bad749472038fbaeab3,direct-framework-reference,,android/view/autofill/AutofillValue,definition-present,unknown,9,0,unknown,localsend-evidence.json#/rows/498,False,unknown
localsend,82ec3568fba2aa5295b9aae8b76f701d7a4703d86b9f8bad749472038fbaeab3,direct-framework-reference,,android/view/inputmethod/BaseInputConnection,definition-present,yes-static,16,4,unknown,localsend-evidence.json#/rows/499,False,unknown
localsend,82ec3568fba2aa5295b9aae8b76f701d7a4703d86b9f8bad749472038fbaeab3,direct-framework-reference,,android/view/inputmethod/CursorAnchorInfo,definition-present,unknown,3,0,unknown,localsend-evidence.json#/rows/500,False,unknown
localsend,82ec3568fba2aa5295b9aae8b76f701d7a4703d86b9f8bad749472038fbaeab3,direct-framework-reference,,android/view/inputmethod/CursorAnchorInfo$Builder,definition-present,unknown,1,0,unknown,localsend-evidence.json#/rows/501,False,unknown
localsend,82ec3568fba2aa5295b9aae8b76f701d7a4703d86b9f8bad749472038fbaeab3,direct-framework-reference,,android/view/inputmethod/EditorInfo,definition-present,unknown,18,0,unknown,localsend-evidence.json#/rows/502,False,unknown
localsend,82ec3568fba2aa5295b9aae8b76f701d7a4703d86b9f8bad749472038fbaeab3,direct-framework-reference,,android/view/inputmethod/ExtractedText,definition-present,unknown,4,0,unknown,localsend-evidence.json#/rows/503,False,unknown
localsend,82ec3568fba2aa5295b9aae8b76f701d7a4703d86b9f8bad749472038fbaeab3,direct-framework-reference,,android/view/inputmethod/ExtractedTextRequest,definition-present,unknown,3,0,unknown,localsend-evidence.json#/rows/504,False,unknown
localsend,82ec3568fba2aa5295b9aae8b76f701d7a4703d86b9f8bad749472038fbaeab3,direct-framework-reference,,android/view/inputmethod/InputConnection,definition-present,unknown,12,0,unknown,localsend-evidence.json#/rows/505,False,unknown
localsend,82ec3568fba2aa5295b9aae8b76f701d7a4703d86b9f8bad749472038fbaeab3,direct-framework-reference,,android/view/inputmethod/InputConnectionWrapper,definition-present,unknown,8,0,unknown,localsend-evidence.json#/rows/506,False,unknown
localsend,82ec3568fba2aa5295b9aae8b76f701d7a4703d86b9f8bad749472038fbaeab3,direct-framework-reference,,android/view/inputmethod/InputContentInfo,definition-present,unknown,13,0,unknown,localsend-evidence.json#/rows/507,False,unknown
localsend,82ec3568fba2aa5295b9aae8b76f701d7a4703d86b9f8bad749472038fbaeab3,direct-framework-reference,,android/view/inputmethod/InputMethodManager,definition-present,yes-static,22,3,unknown,localsend-evidence.json#/rows/508,False,unknown
localsend,82ec3568fba2aa5295b9aae8b76f701d7a4703d86b9f8bad749472038fbaeab3,direct-framework-reference,,android/view/textclassifier/TextClassificationManager,definition-present,unknown,1,0,unknown,localsend-evidence.json#/rows/509,False,unknown
localsend,82ec3568fba2aa5295b9aae8b76f701d7a4703d86b9f8bad749472038fbaeab3,direct-framework-reference,,android/view/textclassifier/TextClassifier,definition-present,unknown,5,0,unknown,localsend-evidence.json#/rows/510,False,unknown
localsend,82ec3568fba2aa5295b9aae8b76f701d7a4703d86b9f8bad749472038fbaeab3,direct-framework-reference,,android/view/textservice/SentenceSuggestionsInfo,definition-present,unknown,1,0,unknown,localsend-evidence.json#/rows/511,False,unknown
localsend,82ec3568fba2aa5295b9aae8b76f701d7a4703d86b9f8bad749472038fbaeab3,direct-framework-reference,,android/view/textservice/SpellCheckerInfo,definition-present,yes-static,1,1,unknown,localsend-evidence.json#/rows/512,False,unknown
localsend,82ec3568fba2aa5295b9aae8b76f701d7a4703d86b9f8bad749472038fbaeab3,direct-framework-reference,,android/view/textservice/SpellCheckerSession,definition-present,yes-static,2,1,unknown,localsend-evidence.json#/rows/513,False,unknown
localsend,82ec3568fba2aa5295b9aae8b76f701d7a4703d86b9f8bad749472038fbaeab3,direct-framework-reference,,android/view/textservice/SpellCheckerSession$SpellCheckerSessionListener,definition-present,unknown,1,0,unknown,localsend-evidence.json#/rows/514,False,unknown
localsend,82ec3568fba2aa5295b9aae8b76f701d7a4703d86b9f8bad749472038fbaeab3,direct-framework-reference,,android/view/textservice/SuggestionsInfo,definition-present,unknown,1,0,unknown,localsend-evidence.json#/rows/515,False,unknown
localsend,82ec3568fba2aa5295b9aae8b76f701d7a4703d86b9f8bad749472038fbaeab3,direct-framework-reference,,android/view/textservice/TextInfo,definition-present,unknown,1,0,unknown,localsend-evidence.json#/rows/516,False,unknown
localsend,82ec3568fba2aa5295b9aae8b76f701d7a4703d86b9f8bad749472038fbaeab3,direct-framework-reference,,android/view/textservice/TextServicesManager,definition-present,yes-static,6,5,unknown,localsend-evidence.json#/rows/517,False,unknown
localsend,82ec3568fba2aa5295b9aae8b76f701d7a4703d86b9f8bad749472038fbaeab3,direct-framework-reference,,android/webkit/MimeTypeMap,definition-present,unknown,11,0,unknown,localsend-evidence.json#/rows/518,False,unknown
localsend,82ec3568fba2aa5295b9aae8b76f701d7a4703d86b9f8bad749472038fbaeab3,direct-framework-reference,,android/webkit/WebChromeClient,definition-present,unknown,2,0,unknown,localsend-evidence.json#/rows/519,False,unknown
localsend,82ec3568fba2aa5295b9aae8b76f701d7a4703d86b9f8bad749472038fbaeab3,direct-framework-reference,,android/webkit/WebResourceRequest,definition-present,unknown,2,0,unknown,localsend-evidence.json#/rows/520,False,unknown
localsend,82ec3568fba2aa5295b9aae8b76f701d7a4703d86b9f8bad749472038fbaeab3,direct-framework-reference,,android/webkit/WebSettings,definition-present,unknown,1,0,unknown,localsend-evidence.json#/rows/521,False,unknown
localsend,82ec3568fba2aa5295b9aae8b76f701d7a4703d86b9f8bad749472038fbaeab3,direct-framework-reference,,android/webkit/WebView,definition-present,unknown,5,0,unknown,localsend-evidence.json#/rows/522,False,unknown
localsend,82ec3568fba2aa5295b9aae8b76f701d7a4703d86b9f8bad749472038fbaeab3,direct-framework-reference,,android/webkit/WebView$WebViewTransport,definition-present,unknown,1,0,unknown,localsend-evidence.json#/rows/523,False,unknown
localsend,82ec3568fba2aa5295b9aae8b76f701d7a4703d86b9f8bad749472038fbaeab3,direct-framework-reference,,android/webkit/WebViewClient,definition-present,unknown,4,0,unknown,localsend-evidence.json#/rows/524,False,unknown
localsend,82ec3568fba2aa5295b9aae8b76f701d7a4703d86b9f8bad749472038fbaeab3,direct-framework-reference,,android/widget/AbsListView,definition-present,unknown,16,0,unknown,localsend-evidence.json#/rows/525,False,unknown
localsend,82ec3568fba2aa5295b9aae8b76f701d7a4703d86b9f8bad749472038fbaeab3,direct-framework-reference,,android/widget/Adapter,definition-present,unknown,6,0,unknown,localsend-evidence.json#/rows/526,False,unknown
localsend,82ec3568fba2aa5295b9aae8b76f701d7a4703d86b9f8bad749472038fbaeab3,direct-framework-reference,,android/widget/AdapterView,definition-present,unknown,12,0,unknown,localsend-evidence.json#/rows/527,False,unknown
localsend,82ec3568fba2aa5295b9aae8b76f701d7a4703d86b9f8bad749472038fbaeab3,direct-framework-reference,,android/widget/ArrayAdapter,definition-present,unknown,2,0,unknown,localsend-evidence.json#/rows/528,False,unknown
localsend,82ec3568fba2aa5295b9aae8b76f701d7a4703d86b9f8bad749472038fbaeab3,direct-framework-reference,,android/widget/AutoCompleteTextView,definition-present,unknown,27,0,unknown,localsend-evidence.json#/rows/529,False,unknown
localsend,82ec3568fba2aa5295b9aae8b76f701d7a4703d86b9f8bad749472038fbaeab3,direct-framework-reference,,android/widget/BaseAdapter,definition-present,unknown,7,0,unknown,localsend-evidence.json#/rows/530,False,unknown
localsend,82ec3568fba2aa5295b9aae8b76f701d7a4703d86b9f8bad749472038fbaeab3,direct-framework-reference,,android/widget/Button,definition-present,unknown,18,0,unknown,localsend-evidence.json#/rows/531,False,unknown
localsend,82ec3568fba2aa5295b9aae8b76f701d7a4703d86b9f8bad749472038fbaeab3,direct-framework-reference,,android/widget/CheckBox,definition-present,unknown,3,0,unknown,localsend-evidence.json#/rows/532,False,unknown
localsend,82ec3568fba2aa5295b9aae8b76f701d7a4703d86b9f8bad749472038fbaeab3,direct-framework-reference,,android/widget/Checkable,definition-present,unknown,1,0,unknown,localsend-evidence.json#/rows/533,False,unknown
localsend,82ec3568fba2aa5295b9aae8b76f701d7a4703d86b9f8bad749472038fbaeab3,direct-framework-reference,,android/widget/CheckedTextView,definition-present,unknown,10,0,unknown,localsend-evidence.json#/rows/534,False,unknown
localsend,82ec3568fba2aa5295b9aae8b76f701d7a4703d86b9f8bad749472038fbaeab3,direct-framework-reference,,android/widget/CompoundButton,definition-present,unknown,30,0,unknown,localsend-evidence.json#/rows/535,False,unknown
localsend,82ec3568fba2aa5295b9aae8b76f701d7a4703d86b9f8bad749472038fbaeab3,direct-framework-reference,,android/widget/CompoundButton$OnCheckedChangeListener,definition-present,unknown,2,0,unknown,localsend-evidence.json#/rows/536,False,unknown
localsend,82ec3568fba2aa5295b9aae8b76f701d7a4703d86b9f8bad749472038fbaeab3,direct-framework-reference,,android/widget/EdgeEffect,definition-present,unknown,24,0,unknown,localsend-evidence.json#/rows/537,False,unknown
localsend,82ec3568fba2aa5295b9aae8b76f701d7a4703d86b9f8bad749472038fbaeab3,direct-framework-reference,,android/widget/EditText,definition-present,unknown,83,0,unknown,localsend-evidence.json#/rows/538,False,unknown
localsend,82ec3568fba2aa5295b9aae8b76f701d7a4703d86b9f8bad749472038fbaeab3,direct-framework-reference,,android/widget/Filter,definition-present,unknown,1,0,unknown,localsend-evidence.json#/rows/539,False,unknown
localsend,82ec3568fba2aa5295b9aae8b76f701d7a4703d86b9f8bad749472038fbaeab3,direct-framework-reference,,android/widget/Filter$FilterResults,definition-present,unknown,2,0,unknown,localsend-evidence.json#/rows/540,False,unknown
localsend,82ec3568fba2aa5295b9aae8b76f701d7a4703d86b9f8bad749472038fbaeab3,direct-framework-reference,,android/widget/FrameLayout,definition-present,yes-static,46,4,unknown,localsend-evidence.json#/rows/541,False,unknown
localsend,82ec3568fba2aa5295b9aae8b76f701d7a4703d86b9f8bad749472038fbaeab3,direct-framework-reference,,android/widget/FrameLayout$LayoutParams,definition-present,unknown,21,0,unknown,localsend-evidence.json#/rows/542,False,unknown
localsend,82ec3568fba2aa5295b9aae8b76f701d7a4703d86b9f8bad749472038fbaeab3,direct-framework-reference,,android/widget/GridView,definition-present,unknown,10,0,unknown,localsend-evidence.json#/rows/543,False,unknown
localsend,82ec3568fba2aa5295b9aae8b76f701d7a4703d86b9f8bad749472038fbaeab3,direct-framework-reference,,android/widget/HeaderViewListAdapter,definition-present,unknown,5,0,unknown,localsend-evidence.json#/rows/544,False,unknown
localsend,82ec3568fba2aa5295b9aae8b76f701d7a4703d86b9f8bad749472038fbaeab3,direct-framework-reference,,android/widget/ImageButton,definition-present,unknown,1,0,unknown,localsend-evidence.json#/rows/545,False,unknown
localsend,82ec3568fba2aa5295b9aae8b76f701d7a4703d86b9f8bad749472038fbaeab3,direct-framework-reference,,android/widget/ImageView,definition-present,unknown,51,0,unknown,localsend-evidence.json#/rows/546,False,unknown
localsend,82ec3568fba2aa5295b9aae8b76f701d7a4703d86b9f8bad749472038fbaeab3,direct-framework-reference,,android/widget/ImageView$ScaleType,definition-present,unknown,1,0,unknown,localsend-evidence.json#/rows/547,False,unknown
localsend,82ec3568fba2aa5295b9aae8b76f701d7a4703d86b9f8bad749472038fbaeab3,direct-framework-reference,,android/widget/LinearLayout,definition-present,unknown,38,0,unknown,localsend-evidence.json#/rows/548,False,unknown
localsend,82ec3568fba2aa5295b9aae8b76f701d7a4703d86b9f8bad749472038fbaeab3,direct-framework-reference,,android/widget/LinearLayout$LayoutParams,definition-present,unknown,24,0,unknown,localsend-evidence.json#/rows/549,False,unknown
localsend,82ec3568fba2aa5295b9aae8b76f701d7a4703d86b9f8bad749472038fbaeab3,direct-framework-reference,,android/widget/ListAdapter,definition-present,unknown,22,0,unknown,localsend-evidence.json#/rows/550,False,unknown
localsend,82ec3568fba2aa5295b9aae8b76f701d7a4703d86b9f8bad749472038fbaeab3,direct-framework-reference,,android/widget/ListView,definition-present,unknown,15,0,unknown,localsend-evidence.json#/rows/551,False,unknown
localsend,82ec3568fba2aa5295b9aae8b76f701d7a4703d86b9f8bad749472038fbaeab3,direct-framework-reference,,android/widget/OverScroller,definition-present,unknown,21,0,unknown,localsend-evidence.json#/rows/552,False,unknown
localsend,82ec3568fba2aa5295b9aae8b76f701d7a4703d86b9f8bad749472038fbaeab3,direct-framework-reference,,android/widget/PopupWindow,definition-present,unknown,23,0,unknown,localsend-evidence.json#/rows/553,False,unknown
localsend,82ec3568fba2aa5295b9aae8b76f701d7a4703d86b9f8bad749472038fbaeab3,direct-framework-reference,,android/widget/PopupWindow$OnDismissListener,definition-present,unknown,7,0,unknown,localsend-evidence.json#/rows/554,False,unknown
localsend,82ec3568fba2aa5295b9aae8b76f701d7a4703d86b9f8bad749472038fbaeab3,direct-framework-reference,,android/widget/RadioButton,definition-present,unknown,2,0,unknown,localsend-evidence.json#/rows/555,False,unknown
localsend,82ec3568fba2aa5295b9aae8b76f701d7a4703d86b9f8bad749472038fbaeab3,direct-framework-reference,,android/widget/RemoteViews,definition-present,unknown,1,0,unknown,localsend-evidence.json#/rows/556,False,unknown
localsend,82ec3568fba2aa5295b9aae8b76f701d7a4703d86b9f8bad749472038fbaeab3,direct-framework-reference,,android/widget/ScrollView,definition-present,unknown,2,0,unknown,localsend-evidence.json#/rows/557,False,unknown
localsend,82ec3568fba2aa5295b9aae8b76f701d7a4703d86b9f8bad749472038fbaeab3,direct-framework-reference,,android/widget/Spinner,definition-present,unknown,1,0,unknown,localsend-evidence.json#/rows/558,False,unknown
localsend,82ec3568fba2aa5295b9aae8b76f701d7a4703d86b9f8bad749472038fbaeab3,direct-framework-reference,,android/widget/TextView,definition-present,unknown,275,0,unknown,localsend-evidence.json#/rows/559,False,unknown
localsend,82ec3568fba2aa5295b9aae8b76f701d7a4703d86b9f8bad749472038fbaeab3,direct-framework-reference,,android/widget/TextView$BufferType,definition-present,unknown,1,0,unknown,localsend-evidence.json#/rows/560,False,unknown
localsend,82ec3568fba2aa5295b9aae8b76f701d7a4703d86b9f8bad749472038fbaeab3,direct-framework-reference,,android/window/BackEvent,definition-present,unknown,7,0,unknown,localsend-evidence.json#/rows/561,False,unknown
localsend,82ec3568fba2aa5295b9aae8b76f701d7a4703d86b9f8bad749472038fbaeab3,direct-framework-reference,,android/window/OnBackInvokedCallback,definition-present,yes-static,8,4,unknown,localsend-evidence.json#/rows/562,False,unknown
localsend,82ec3568fba2aa5295b9aae8b76f701d7a4703d86b9f8bad749472038fbaeab3,direct-framework-reference,,android/window/OnBackInvokedDispatcher,definition-present,yes-static,9,4,unknown,localsend-evidence.json#/rows/563,False,unknown
localsend,82ec3568fba2aa5295b9aae8b76f701d7a4703d86b9f8bad749472038fbaeab3,direct-framework-reference,,java/io/BufferedInputStream,definition-present,unknown,8,0,unknown,localsend-evidence.json#/rows/564,False,unknown
localsend,82ec3568fba2aa5295b9aae8b76f701d7a4703d86b9f8bad749472038fbaeab3,direct-framework-reference,,java/io/BufferedOutputStream,definition-present,unknown,3,0,unknown,localsend-evidence.json#/rows/565,False,unknown
localsend,82ec3568fba2aa5295b9aae8b76f701d7a4703d86b9f8bad749472038fbaeab3,direct-framework-reference,,java/io/BufferedReader,definition-present,unknown,4,0,unknown,localsend-evidence.json#/rows/566,False,unknown
localsend,82ec3568fba2aa5295b9aae8b76f701d7a4703d86b9f8bad749472038fbaeab3,direct-framework-reference,,java/io/BufferedWriter,definition-present,unknown,8,0,unknown,localsend-evidence.json#/rows/567,False,unknown
localsend,82ec3568fba2aa5295b9aae8b76f701d7a4703d86b9f8bad749472038fbaeab3,direct-framework-reference,,java/io/ByteArrayInputStream,definition-present,unknown,19,0,unknown,localsend-evidence.json#/rows/568,False,unknown
localsend,82ec3568fba2aa5295b9aae8b76f701d7a4703d86b9f8bad749472038fbaeab3,direct-framework-reference,,java/io/ByteArrayOutputStream,definition-present,unknown,46,0,unknown,localsend-evidence.json#/rows/569,False,unknown
localsend,82ec3568fba2aa5295b9aae8b76f701d7a4703d86b9f8bad749472038fbaeab3,direct-framework-reference,,java/io/Closeable,definition-present,unknown,61,0,unknown,localsend-evidence.json#/rows/570,False,unknown
localsend,82ec3568fba2aa5295b9aae8b76f701d7a4703d86b9f8bad749472038fbaeab3,direct-framework-reference,,java/io/DataInputStream,definition-present,unknown,27,0,unknown,localsend-evidence.json#/rows/571,False,unknown
localsend,82ec3568fba2aa5295b9aae8b76f701d7a4703d86b9f8bad749472038fbaeab3,direct-framework-reference,,java/io/DataOutputStream,definition-present,unknown,13,0,unknown,localsend-evidence.json#/rows/572,False,unknown
localsend,82ec3568fba2aa5295b9aae8b76f701d7a4703d86b9f8bad749472038fbaeab3,direct-framework-reference,,java/io/EOFException,definition-present,unknown,15,0,unknown,localsend-evidence.json#/rows/573,False,unknown
localsend,82ec3568fba2aa5295b9aae8b76f701d7a4703d86b9f8bad749472038fbaeab3,direct-framework-reference,,java/io/File,definition-present,yes-static,146,3,unknown,localsend-evidence.json#/rows/574,False,unknown
localsend,82ec3568fba2aa5295b9aae8b76f701d7a4703d86b9f8bad749472038fbaeab3,direct-framework-reference,,java/io/FileDescriptor,definition-present,unknown,20,0,unknown,localsend-evidence.json#/rows/575,False,unknown
localsend,82ec3568fba2aa5295b9aae8b76f701d7a4703d86b9f8bad749472038fbaeab3,direct-framework-reference,,java/io/FileInputStream,definition-present,unknown,41,0,unknown,localsend-evidence.json#/rows/576,False,unknown
localsend,82ec3568fba2aa5295b9aae8b76f701d7a4703d86b9f8bad749472038fbaeab3,direct-framework-reference,,java/io/FileNotFoundException,definition-present,unknown,17,0,unknown,localsend-evidence.json#/rows/577,False,unknown
localsend,82ec3568fba2aa5295b9aae8b76f701d7a4703d86b9f8bad749472038fbaeab3,direct-framework-reference,,java/io/FileOutputStream,definition-present,unknown,33,0,unknown,localsend-evidence.json#/rows/578,False,unknown
localsend,82ec3568fba2aa5295b9aae8b76f701d7a4703d86b9f8bad749472038fbaeab3,direct-framework-reference,,java/io/FilenameFilter,definition-present,unknown,1,0,unknown,localsend-evidence.json#/rows/579,False,unknown
localsend,82ec3568fba2aa5295b9aae8b76f701d7a4703d86b9f8bad749472038fbaeab3,direct-framework-reference,,java/io/FilterInputStream,definition-present,unknown,21,0,unknown,localsend-evidence.json#/rows/580,False,unknown
localsend,82ec3568fba2aa5295b9aae8b76f701d7a4703d86b9f8bad749472038fbaeab3,direct-framework-reference,,java/io/FilterOutputStream,definition-present,unknown,1,0,unknown,localsend-evidence.json#/rows/581,False,unknown
localsend,82ec3568fba2aa5295b9aae8b76f701d7a4703d86b9f8bad749472038fbaeab3,direct-framework-reference,,java/io/IOException,definition-present,unknown,153,0,unknown,localsend-evidence.json#/rows/582,False,unknown
localsend,82ec3568fba2aa5295b9aae8b76f701d7a4703d86b9f8bad749472038fbaeab3,direct-framework-reference,,java/io/InputStream,definition-present,unknown,168,0,unknown,localsend-evidence.json#/rows/583,False,unknown
localsend,82ec3568fba2aa5295b9aae8b76f701d7a4703d86b9f8bad749472038fbaeab3,direct-framework-reference,,java/io/InputStreamReader,definition-present,unknown,3,0,unknown,localsend-evidence.json#/rows/584,False,unknown
localsend,82ec3568fba2aa5295b9aae8b76f701d7a4703d86b9f8bad749472038fbaeab3,direct-framework-reference,,java/io/InterruptedIOException,definition-present,unknown,5,0,unknown,localsend-evidence.json#/rows/585,False,unknown
localsend,82ec3568fba2aa5295b9aae8b76f701d7a4703d86b9f8bad749472038fbaeab3,direct-framework-reference,,java/io/ObjectInputStream,definition-present,unknown,2,0,unknown,localsend-evidence.json#/rows/586,False,unknown
localsend,82ec3568fba2aa5295b9aae8b76f701d7a4703d86b9f8bad749472038fbaeab3,direct-framework-reference,,java/io/ObjectOutputStream,definition-present,unknown,1,0,unknown,localsend-evidence.json#/rows/587,False,unknown
localsend,82ec3568fba2aa5295b9aae8b76f701d7a4703d86b9f8bad749472038fbaeab3,direct-framework-reference,,java/io/ObjectStreamClass,definition-present,unknown,1,0,unknown,localsend-evidence.json#/rows/588,False,unknown
localsend,82ec3568fba2aa5295b9aae8b76f701d7a4703d86b9f8bad749472038fbaeab3,direct-framework-reference,,java/io/OutputStream,definition-present,unknown,67,0,unknown,localsend-evidence.json#/rows/589,False,unknown
localsend,82ec3568fba2aa5295b9aae8b76f701d7a4703d86b9f8bad749472038fbaeab3,direct-framework-reference,,java/io/OutputStreamWriter,definition-present,unknown,2,0,unknown,localsend-evidence.json#/rows/590,False,unknown
localsend,82ec3568fba2aa5295b9aae8b76f701d7a4703d86b9f8bad749472038fbaeab3,direct-framework-reference,,java/io/PrintStream,definition-present,unknown,4,0,unknown,localsend-evidence.json#/rows/591,False,unknown
localsend,82ec3568fba2aa5295b9aae8b76f701d7a4703d86b9f8bad749472038fbaeab3,direct-framework-reference,,java/io/PrintWriter,definition-present,unknown,2,0,unknown,localsend-evidence.json#/rows/592,False,unknown
localsend,82ec3568fba2aa5295b9aae8b76f701d7a4703d86b9f8bad749472038fbaeab3,direct-framework-reference,,java/io/RandomAccessFile,definition-present,unknown,5,0,unknown,localsend-evidence.json#/rows/593,False,unknown
localsend,82ec3568fba2aa5295b9aae8b76f701d7a4703d86b9f8bad749472038fbaeab3,direct-framework-reference,,java/io/Reader,definition-present,unknown,4,0,unknown,localsend-evidence.json#/rows/594,False,unknown
localsend,82ec3568fba2aa5295b9aae8b76f701d7a4703d86b9f8bad749472038fbaeab3,direct-framework-reference,,java/io/Serializable,definition-present,yes-static,79,4,unknown,localsend-evidence.json#/rows/595,False,unknown
localsend,82ec3568fba2aa5295b9aae8b76f701d7a4703d86b9f8bad749472038fbaeab3,direct-framework-reference,,java/io/StringReader,definition-present,unknown,1,0,unknown,localsend-evidence.json#/rows/596,False,unknown
localsend,82ec3568fba2aa5295b9aae8b76f701d7a4703d86b9f8bad749472038fbaeab3,direct-framework-reference,,java/io/StringWriter,definition-present,unknown,1,0,unknown,localsend-evidence.json#/rows/597,False,unknown
localsend,82ec3568fba2aa5295b9aae8b76f701d7a4703d86b9f8bad749472038fbaeab3,direct-framework-reference,,java/io/Writer,definition-present,unknown,11,0,unknown,localsend-evidence.json#/rows/598,False,unknown
localsend,82ec3568fba2aa5295b9aae8b76f701d7a4703d86b9f8bad749472038fbaeab3,direct-framework-reference,,java/lang/Appendable,definition-present,unknown,18,0,unknown,localsend-evidence.json#/rows/599,False,unknown
localsend,82ec3568fba2aa5295b9aae8b76f701d7a4703d86b9f8bad749472038fbaeab3,direct-framework-reference,,java/lang/ArithmeticException,definition-present,unknown,8,0,unknown,localsend-evidence.json#/rows/600,False,unknown
localsend,82ec3568fba2aa5295b9aae8b76f701d7a4703d86b9f8bad749472038fbaeab3,direct-framework-reference,,java/lang/ArrayIndexOutOfBoundsException,definition-present,unknown,5,0,unknown,localsend-evidence.json#/rows/601,False,unknown
localsend,82ec3568fba2aa5295b9aae8b76f701d7a4703d86b9f8bad749472038fbaeab3,direct-framework-reference,,java/lang/AssertionError,definition-present,yes-static,26,3,unknown,localsend-evidence.json#/rows/602,False,unknown
localsend,82ec3568fba2aa5295b9aae8b76f701d7a4703d86b9f8bad749472038fbaeab3,direct-framework-reference,,java/lang/AutoCloseable,definition-present,unknown,5,0,unknown,localsend-evidence.json#/rows/603,False,unknown
localsend,82ec3568fba2aa5295b9aae8b76f701d7a4703d86b9f8bad749472038fbaeab3,direct-framework-reference,,java/lang/Boolean,definition-present,yes-static,236,9,unknown,localsend-evidence.json#/rows/604,False,unknown
localsend,82ec3568fba2aa5295b9aae8b76f701d7a4703d86b9f8bad749472038fbaeab3,direct-framework-reference,,java/lang/Byte,definition-present,unknown,14,0,unknown,localsend-evidence.json#/rows/605,False,unknown
localsend,82ec3568fba2aa5295b9aae8b76f701d7a4703d86b9f8bad749472038fbaeab3,direct-framework-reference,,java/lang/CharSequence,definition-present,yes-static,612,12,unknown,localsend-evidence.json#/rows/606,False,unknown
localsend,82ec3568fba2aa5295b9aae8b76f701d7a4703d86b9f8bad749472038fbaeab3,direct-framework-reference,,java/lang/Character,definition-present,unknown,48,0,unknown,localsend-evidence.json#/rows/607,False,unknown
localsend,82ec3568fba2aa5295b9aae8b76f701d7a4703d86b9f8bad749472038fbaeab3,direct-framework-reference,,java/lang/Class,definition-present,yes-static,1649,60,unknown,localsend-evidence.json#/rows/608,False,unknown
localsend,82ec3568fba2aa5295b9aae8b76f701d7a4703d86b9f8bad749472038fbaeab3,direct-framework-reference,,java/lang/ClassCastException,definition-present,yes-static,61,3,unknown,localsend-evidence.json#/rows/609,False,unknown
localsend,82ec3568fba2aa5295b9aae8b76f701d7a4703d86b9f8bad749472038fbaeab3,direct-framework-reference,,java/lang/ClassLoader,definition-present,unknown,32,0,unknown,localsend-evidence.json#/rows/610,False,unknown
localsend,82ec3568fba2aa5295b9aae8b76f701d7a4703d86b9f8bad749472038fbaeab3,direct-framework-reference,,java/lang/ClassNotFoundException,definition-present,unknown,1,0,unknown,localsend-evidence.json#/rows/611,False,unknown
localsend,82ec3568fba2aa5295b9aae8b76f701d7a4703d86b9f8bad749472038fbaeab3,direct-framework-reference,,java/lang/Cloneable,definition-present,unknown,9,0,unknown,localsend-evidence.json#/rows/612,False,unknown
localsend,82ec3568fba2aa5295b9aae8b76f701d7a4703d86b9f8bad749472038fbaeab3,direct-framework-reference,,java/lang/Comparable,definition-present,unknown,35,0,unknown,localsend-evidence.json#/rows/613,False,unknown
localsend,82ec3568fba2aa5295b9aae8b76f701d7a4703d86b9f8bad749472038fbaeab3,direct-framework-reference,,java/lang/Deprecated,definition-present,unknown,1,0,unknown,localsend-evidence.json#/rows/614,False,unknown
localsend,82ec3568fba2aa5295b9aae8b76f701d7a4703d86b9f8bad749472038fbaeab3,direct-framework-reference,,java/lang/Double,definition-present,unknown,95,0,unknown,localsend-evidence.json#/rows/615,False,unknown
localsend,82ec3568fba2aa5295b9aae8b76f701d7a4703d86b9f8bad749472038fbaeab3,direct-framework-reference,,java/lang/Enum,definition-present,yes-static,118,3,unknown,localsend-evidence.json#/rows/616,False,unknown
localsend,82ec3568fba2aa5295b9aae8b76f701d7a4703d86b9f8bad749472038fbaeab3,direct-framework-reference,,java/lang/Error,definition-present,yes-static,7,1,unknown,localsend-evidence.json#/rows/617,False,unknown
localsend,82ec3568fba2aa5295b9aae8b76f701d7a4703d86b9f8bad749472038fbaeab3,direct-framework-reference,,java/lang/Exception,definition-present,yes-static,146,6,unknown,localsend-evidence.json#/rows/618,False,unknown
localsend,82ec3568fba2aa5295b9aae8b76f701d7a4703d86b9f8bad749472038fbaeab3,direct-framework-reference,,java/lang/Float,definition-present,yes-static,109,1,unknown,localsend-evidence.json#/rows/619,False,unknown
localsend,82ec3568fba2aa5295b9aae8b76f701d7a4703d86b9f8bad749472038fbaeab3,direct-framework-reference,,java/lang/IllegalArgumentException,definition-present,yes-static,251,12,unknown,localsend-evidence.json#/rows/620,False,unknown
localsend,82ec3568fba2aa5295b9aae8b76f701d7a4703d86b9f8bad749472038fbaeab3,direct-framework-reference,,java/lang/IllegalStateException,definition-present,yes-static,385,21,unknown,localsend-evidence.json#/rows/621,False,unknown
localsend,82ec3568fba2aa5295b9aae8b76f701d7a4703d86b9f8bad749472038fbaeab3,direct-framework-reference,,java/lang/IndexOutOfBoundsException,definition-present,yes-static,30,2,unknown,localsend-evidence.json#/rows/622,False,unknown
localsend,82ec3568fba2aa5295b9aae8b76f701d7a4703d86b9f8bad749472038fbaeab3,direct-framework-reference,,java/lang/Integer,definition-present,yes-static,556,20,unknown,localsend-evidence.json#/rows/623,False,unknown
localsend,82ec3568fba2aa5295b9aae8b76f701d7a4703d86b9f8bad749472038fbaeab3,direct-framework-reference,,java/lang/InterruptedException,definition-present,unknown,5,0,unknown,localsend-evidence.json#/rows/624,False,unknown
localsend,82ec3568fba2aa5295b9aae8b76f701d7a4703d86b9f8bad749472038fbaeab3,direct-framework-reference,,java/lang/Iterable,definition-present,unknown,82,0,unknown,localsend-evidence.json#/rows/625,False,unknown
localsend,82ec3568fba2aa5295b9aae8b76f701d7a4703d86b9f8bad749472038fbaeab3,direct-framework-reference,,java/lang/Long,definition-present,yes-static,311,19,unknown,localsend-evidence.json#/rows/626,False,unknown
localsend,82ec3568fba2aa5295b9aae8b76f701d7a4703d86b9f8bad749472038fbaeab3,direct-framework-reference,,java/lang/Math,definition-present,unknown,474,0,unknown,localsend-evidence.json#/rows/627,False,unknown
localsend,82ec3568fba2aa5295b9aae8b76f701d7a4703d86b9f8bad749472038fbaeab3,direct-framework-reference,,java/lang/NoClassDefFoundError,definition-present,yes-static,15,1,unknown,localsend-evidence.json#/rows/628,False,unknown
localsend,82ec3568fba2aa5295b9aae8b76f701d7a4703d86b9f8bad749472038fbaeab3,direct-framework-reference,,java/lang/NoSuchFieldException,definition-present,unknown,8,0,unknown,localsend-evidence.json#/rows/629,False,unknown
localsend,82ec3568fba2aa5295b9aae8b76f701d7a4703d86b9f8bad749472038fbaeab3,direct-framework-reference,,java/lang/NoSuchMethodException,definition-present,unknown,1,0,unknown,localsend-evidence.json#/rows/630,False,unknown
localsend,82ec3568fba2aa5295b9aae8b76f701d7a4703d86b9f8bad749472038fbaeab3,direct-framework-reference,,java/lang/NullPointerException,definition-present,yes-static,25,6,unknown,localsend-evidence.json#/rows/631,False,unknown
localsend,82ec3568fba2aa5295b9aae8b76f701d7a4703d86b9f8bad749472038fbaeab3,direct-framework-reference,,java/lang/Number,definition-present,yes-static,47,1,unknown,localsend-evidence.json#/rows/632,False,unknown
localsend,82ec3568fba2aa5295b9aae8b76f701d7a4703d86b9f8bad749472038fbaeab3,direct-framework-reference,,java/lang/NumberFormatException,definition-present,unknown,4,0,unknown,localsend-evidence.json#/rows/633,False,unknown
localsend,82ec3568fba2aa5295b9aae8b76f701d7a4703d86b9f8bad749472038fbaeab3,direct-framework-reference,,java/lang/Object,definition-present,yes-static,7330,323,unknown,localsend-evidence.json#/rows/634,False,unknown
localsend,82ec3568fba2aa5295b9aae8b76f701d7a4703d86b9f8bad749472038fbaeab3,direct-framework-reference,,java/lang/OutOfMemoryError,definition-present,unknown,6,0,unknown,localsend-evidence.json#/rows/635,False,unknown
localsend,82ec3568fba2aa5295b9aae8b76f701d7a4703d86b9f8bad749472038fbaeab3,direct-framework-reference,,java/lang/Package,definition-present,unknown,5,0,unknown,localsend-evidence.json#/rows/636,False,unknown
localsend,82ec3568fba2aa5295b9aae8b76f701d7a4703d86b9f8bad749472038fbaeab3,direct-framework-reference,,java/lang/ReflectiveOperationException,definition-present,unknown,1,0,unknown,localsend-evidence.json#/rows/637,False,unknown
localsend,82ec3568fba2aa5295b9aae8b76f701d7a4703d86b9f8bad749472038fbaeab3,direct-framework-reference,,java/lang/Runnable,definition-present,yes-static,274,6,unknown,localsend-evidence.json#/rows/638,False,unknown
localsend,82ec3568fba2aa5295b9aae8b76f701d7a4703d86b9f8bad749472038fbaeab3,direct-framework-reference,,java/lang/Runtime,definition-present,unknown,3,0,unknown,localsend-evidence.json#/rows/639,False,unknown
localsend,82ec3568fba2aa5295b9aae8b76f701d7a4703d86b9f8bad749472038fbaeab3,direct-framework-reference,,java/lang/RuntimeException,definition-present,yes-static,174,19,unknown,localsend-evidence.json#/rows/640,False,unknown
localsend,82ec3568fba2aa5295b9aae8b76f701d7a4703d86b9f8bad749472038fbaeab3,direct-framework-reference,,java/lang/SecurityException,definition-present,unknown,4,0,unknown,localsend-evidence.json#/rows/641,False,unknown
localsend,82ec3568fba2aa5295b9aae8b76f701d7a4703d86b9f8bad749472038fbaeab3,direct-framework-reference,,java/lang/Short,definition-present,unknown,4,0,unknown,localsend-evidence.json#/rows/642,False,unknown
localsend,82ec3568fba2aa5295b9aae8b76f701d7a4703d86b9f8bad749472038fbaeab3,direct-framework-reference,,java/lang/StackTraceElement,definition-present,yes-static,15,2,unknown,localsend-evidence.json#/rows/643,False,unknown
localsend,82ec3568fba2aa5295b9aae8b76f701d7a4703d86b9f8bad749472038fbaeab3,direct-framework-reference,,java/lang/String,definition-present,yes-static,3968,163,unknown,localsend-evidence.json#/rows/644,False,unknown
localsend,82ec3568fba2aa5295b9aae8b76f701d7a4703d86b9f8bad749472038fbaeab3,direct-framework-reference,,java/lang/StringBuffer,definition-present,unknown,1,0,unknown,localsend-evidence.json#/rows/645,False,unknown
localsend,82ec3568fba2aa5295b9aae8b76f701d7a4703d86b9f8bad749472038fbaeab3,direct-framework-reference,,java/lang/StringBuilder,definition-present,yes-static,913,37,unknown,localsend-evidence.json#/rows/646,False,unknown
localsend,82ec3568fba2aa5295b9aae8b76f701d7a4703d86b9f8bad749472038fbaeab3,direct-framework-reference,,java/lang/System,definition-present,yes-static,172,2,unknown,localsend-evidence.json#/rows/647,False,unknown
localsend,82ec3568fba2aa5295b9aae8b76f701d7a4703d86b9f8bad749472038fbaeab3,direct-framework-reference,,java/lang/Thread,definition-present,yes-static,104,11,unknown,localsend-evidence.json#/rows/648,False,unknown
localsend,82ec3568fba2aa5295b9aae8b76f701d7a4703d86b9f8bad749472038fbaeab3,direct-framework-reference,,java/lang/Thread$State,definition-present,unknown,1,0,unknown,localsend-evidence.json#/rows/649,False,unknown
localsend,82ec3568fba2aa5295b9aae8b76f701d7a4703d86b9f8bad749472038fbaeab3,direct-framework-reference,,java/lang/Thread$UncaughtExceptionHandler,definition-present,yes-static,6,2,unknown,localsend-evidence.json#/rows/650,False,unknown
localsend,82ec3568fba2aa5295b9aae8b76f701d7a4703d86b9f8bad749472038fbaeab3,direct-framework-reference,,java/lang/ThreadLocal,definition-present,yes-static,39,2,unknown,localsend-evidence.json#/rows/651,False,unknown
localsend,82ec3568fba2aa5295b9aae8b76f701d7a4703d86b9f8bad749472038fbaeab3,direct-framework-reference,,java/lang/Throwable,definition-present,yes-static,616,47,unknown,localsend-evidence.json#/rows/652,False,unknown
localsend,82ec3568fba2aa5295b9aae8b76f701d7a4703d86b9f8bad749472038fbaeab3,direct-framework-reference,,java/lang/UnsupportedClassVersionError,definition-present,unknown,1,0,unknown,localsend-evidence.json#/rows/653,False,unknown
localsend,82ec3568fba2aa5295b9aae8b76f701d7a4703d86b9f8bad749472038fbaeab3,direct-framework-reference,,java/lang/UnsupportedOperationException,definition-present,unknown,134,0,unknown,localsend-evidence.json#/rows/654,False,unknown
localsend,82ec3568fba2aa5295b9aae8b76f701d7a4703d86b9f8bad749472038fbaeab3,direct-framework-reference,,java/lang/Void,definition-present,unknown,7,0,unknown,localsend-evidence.json#/rows/655,False,unknown
localsend,82ec3568fba2aa5295b9aae8b76f701d7a4703d86b9f8bad749472038fbaeab3,direct-framework-reference,,java/lang/annotation/Annotation,definition-present,unknown,4,0,unknown,localsend-evidence.json#/rows/656,False,unknown
localsend,82ec3568fba2aa5295b9aae8b76f701d7a4703d86b9f8bad749472038fbaeab3,direct-framework-reference,,java/lang/ref/PhantomReference,definition-present,unknown,2,0,unknown,localsend-evidence.json#/rows/657,False,unknown
localsend,82ec3568fba2aa5295b9aae8b76f701d7a4703d86b9f8bad749472038fbaeab3,direct-framework-reference,,java/lang/ref/Reference,definition-present,yes-static,49,2,unknown,localsend-evidence.json#/rows/658,False,unknown
localsend,82ec3568fba2aa5295b9aae8b76f701d7a4703d86b9f8bad749472038fbaeab3,direct-framework-reference,,java/lang/ref/ReferenceQueue,definition-present,yes-static,9,1,unknown,localsend-evidence.json#/rows/659,False,unknown
localsend,82ec3568fba2aa5295b9aae8b76f701d7a4703d86b9f8bad749472038fbaeab3,direct-framework-reference,,java/lang/ref/WeakReference,definition-present,yes-static,64,3,unknown,localsend-evidence.json#/rows/660,False,unknown
localsend,82ec3568fba2aa5295b9aae8b76f701d7a4703d86b9f8bad749472038fbaeab3,direct-framework-reference,,java/lang/reflect/AccessibleObject,definition-present,yes-static,23,1,unknown,localsend-evidence.json#/rows/661,False,unknown
localsend,82ec3568fba2aa5295b9aae8b76f701d7a4703d86b9f8bad749472038fbaeab3,direct-framework-reference,,java/lang/reflect/Array,definition-present,unknown,18,0,unknown,localsend-evidence.json#/rows/662,False,unknown
localsend,82ec3568fba2aa5295b9aae8b76f701d7a4703d86b9f8bad749472038fbaeab3,direct-framework-reference,,java/lang/reflect/Constructor,definition-present,yes-static,36,1,unknown,localsend-evidence.json#/rows/663,False,unknown
localsend,82ec3568fba2aa5295b9aae8b76f701d7a4703d86b9f8bad749472038fbaeab3,direct-framework-reference,,java/lang/reflect/Field,definition-present,yes-static,156,3,unknown,localsend-evidence.json#/rows/664,False,unknown
localsend,82ec3568fba2aa5295b9aae8b76f701d7a4703d86b9f8bad749472038fbaeab3,direct-framework-reference,,java/lang/reflect/InvocationHandler,definition-present,unknown,2,0,unknown,localsend-evidence.json#/rows/665,False,unknown
localsend,82ec3568fba2aa5295b9aae8b76f701d7a4703d86b9f8bad749472038fbaeab3,direct-framework-reference,,java/lang/reflect/InvocationTargetException,definition-present,yes-static,5,1,unknown,localsend-evidence.json#/rows/666,False,unknown
localsend,82ec3568fba2aa5295b9aae8b76f701d7a4703d86b9f8bad749472038fbaeab3,direct-framework-reference,,java/lang/reflect/Method,definition-present,yes-static,110,6,unknown,localsend-evidence.json#/rows/667,False,unknown
localsend,82ec3568fba2aa5295b9aae8b76f701d7a4703d86b9f8bad749472038fbaeab3,direct-framework-reference,,java/lang/reflect/Modifier,definition-present,yes-static,4,1,unknown,localsend-evidence.json#/rows/668,False,unknown
localsend,82ec3568fba2aa5295b9aae8b76f701d7a4703d86b9f8bad749472038fbaeab3,direct-framework-reference,,java/lang/reflect/Proxy,definition-present,unknown,2,0,unknown,localsend-evidence.json#/rows/669,False,unknown
localsend,82ec3568fba2aa5295b9aae8b76f701d7a4703d86b9f8bad749472038fbaeab3,direct-framework-reference,,java/lang/reflect/Type,definition-present,unknown,2,0,unknown,localsend-evidence.json#/rows/670,False,unknown
localsend,82ec3568fba2aa5295b9aae8b76f701d7a4703d86b9f8bad749472038fbaeab3,direct-framework-reference,,java/math/BigDecimal,definition-present,unknown,3,0,unknown,localsend-evidence.json#/rows/671,False,unknown
localsend,82ec3568fba2aa5295b9aae8b76f701d7a4703d86b9f8bad749472038fbaeab3,direct-framework-reference,,java/math/BigInteger,definition-present,unknown,10,0,unknown,localsend-evidence.json#/rows/672,False,unknown
localsend,82ec3568fba2aa5295b9aae8b76f701d7a4703d86b9f8bad749472038fbaeab3,direct-framework-reference,,java/math/RoundingMode,definition-present,unknown,46,0,unknown,localsend-evidence.json#/rows/673,False,unknown
localsend,82ec3568fba2aa5295b9aae8b76f701d7a4703d86b9f8bad749472038fbaeab3,direct-framework-reference,,java/net/BindException,definition-present,unknown,1,0,unknown,localsend-evidence.json#/rows/674,False,unknown
localsend,82ec3568fba2aa5295b9aae8b76f701d7a4703d86b9f8bad749472038fbaeab3,direct-framework-reference,,java/net/DatagramPacket,definition-present,unknown,3,0,unknown,localsend-evidence.json#/rows/675,False,unknown
localsend,82ec3568fba2aa5295b9aae8b76f701d7a4703d86b9f8bad749472038fbaeab3,direct-framework-reference,,java/net/DatagramSocket,definition-present,unknown,5,0,unknown,localsend-evidence.json#/rows/676,False,unknown
localsend,82ec3568fba2aa5295b9aae8b76f701d7a4703d86b9f8bad749472038fbaeab3,direct-framework-reference,,java/net/HttpURLConnection,definition-present,unknown,10,0,unknown,localsend-evidence.json#/rows/677,False,unknown
localsend,82ec3568fba2aa5295b9aae8b76f701d7a4703d86b9f8bad749472038fbaeab3,direct-framework-reference,,java/net/Inet4Address,definition-present,unknown,2,0,unknown,localsend-evidence.json#/rows/678,False,unknown
localsend,82ec3568fba2aa5295b9aae8b76f701d7a4703d86b9f8bad749472038fbaeab3,direct-framework-reference,,java/net/Inet6Address,definition-present,unknown,1,0,unknown,localsend-evidence.json#/rows/679,False,unknown
localsend,82ec3568fba2aa5295b9aae8b76f701d7a4703d86b9f8bad749472038fbaeab3,direct-framework-reference,,java/net/InetAddress,definition-present,unknown,5,0,unknown,localsend-evidence.json#/rows/680,False,unknown
localsend,82ec3568fba2aa5295b9aae8b76f701d7a4703d86b9f8bad749472038fbaeab3,direct-framework-reference,,java/net/InetSocketAddress,definition-present,unknown,1,0,unknown,localsend-evidence.json#/rows/681,False,unknown
localsend,82ec3568fba2aa5295b9aae8b76f701d7a4703d86b9f8bad749472038fbaeab3,direct-framework-reference,,java/net/InterfaceAddress,definition-present,unknown,1,0,unknown,localsend-evidence.json#/rows/682,False,unknown
localsend,82ec3568fba2aa5295b9aae8b76f701d7a4703d86b9f8bad749472038fbaeab3,direct-framework-reference,,java/net/MulticastSocket,definition-present,unknown,2,0,unknown,localsend-evidence.json#/rows/683,False,unknown
localsend,82ec3568fba2aa5295b9aae8b76f701d7a4703d86b9f8bad749472038fbaeab3,direct-framework-reference,,java/net/NetworkInterface,definition-present,unknown,1,0,unknown,localsend-evidence.json#/rows/684,False,unknown
localsend,82ec3568fba2aa5295b9aae8b76f701d7a4703d86b9f8bad749472038fbaeab3,direct-framework-reference,,java/net/NoRouteToHostException,definition-present,unknown,1,0,unknown,localsend-evidence.json#/rows/685,False,unknown
localsend,82ec3568fba2aa5295b9aae8b76f701d7a4703d86b9f8bad749472038fbaeab3,direct-framework-reference,,java/net/Socket,definition-present,unknown,5,0,unknown,localsend-evidence.json#/rows/686,False,unknown
localsend,82ec3568fba2aa5295b9aae8b76f701d7a4703d86b9f8bad749472038fbaeab3,direct-framework-reference,,java/net/SocketAddress,definition-present,unknown,1,0,unknown,localsend-evidence.json#/rows/687,False,unknown
localsend,82ec3568fba2aa5295b9aae8b76f701d7a4703d86b9f8bad749472038fbaeab3,direct-framework-reference,,java/net/SocketTimeoutException,definition-present,unknown,2,0,unknown,localsend-evidence.json#/rows/688,False,unknown
localsend,82ec3568fba2aa5295b9aae8b76f701d7a4703d86b9f8bad749472038fbaeab3,direct-framework-reference,,java/net/URI,definition-present,unknown,1,0,unknown,localsend-evidence.json#/rows/689,False,unknown
localsend,82ec3568fba2aa5295b9aae8b76f701d7a4703d86b9f8bad749472038fbaeab3,direct-framework-reference,,java/net/URL,definition-present,unknown,13,0,unknown,localsend-evidence.json#/rows/690,False,unknown
localsend,82ec3568fba2aa5295b9aae8b76f701d7a4703d86b9f8bad749472038fbaeab3,direct-framework-reference,,java/net/URLConnection,definition-present,unknown,11,0,unknown,localsend-evidence.json#/rows/691,False,unknown
localsend,82ec3568fba2aa5295b9aae8b76f701d7a4703d86b9f8bad749472038fbaeab3,direct-framework-reference,,java/net/URLDecoder,definition-present,unknown,1,0,unknown,localsend-evidence.json#/rows/692,False,unknown
localsend,82ec3568fba2aa5295b9aae8b76f701d7a4703d86b9f8bad749472038fbaeab3,direct-framework-reference,,java/net/UnknownHostException,definition-present,yes-static,2,1,unknown,localsend-evidence.json#/rows/693,False,unknown
localsend,82ec3568fba2aa5295b9aae8b76f701d7a4703d86b9f8bad749472038fbaeab3,direct-framework-reference,,java/nio/Buffer,definition-present,yes-static,98,1,unknown,localsend-evidence.json#/rows/694,False,unknown
localsend,82ec3568fba2aa5295b9aae8b76f701d7a4703d86b9f8bad749472038fbaeab3,direct-framework-reference,,java/nio/ByteBuffer,definition-present,yes-static,243,8,unknown,localsend-evidence.json#/rows/695,False,unknown
localsend,82ec3568fba2aa5295b9aae8b76f701d7a4703d86b9f8bad749472038fbaeab3,direct-framework-reference,,java/nio/ByteOrder,definition-present,unknown,86,0,unknown,localsend-evidence.json#/rows/696,False,unknown
localsend,82ec3568fba2aa5295b9aae8b76f701d7a4703d86b9f8bad749472038fbaeab3,direct-framework-reference,,java/nio/CharBuffer,definition-present,unknown,2,0,unknown,localsend-evidence.json#/rows/697,False,unknown
localsend,82ec3568fba2aa5295b9aae8b76f701d7a4703d86b9f8bad749472038fbaeab3,direct-framework-reference,,java/nio/DoubleBuffer,definition-present,unknown,1,0,unknown,localsend-evidence.json#/rows/698,False,unknown
localsend,82ec3568fba2aa5295b9aae8b76f701d7a4703d86b9f8bad749472038fbaeab3,direct-framework-reference,,java/nio/FloatBuffer,definition-present,unknown,3,0,unknown,localsend-evidence.json#/rows/699,False,unknown
localsend,82ec3568fba2aa5295b9aae8b76f701d7a4703d86b9f8bad749472038fbaeab3,direct-framework-reference,,java/nio/IntBuffer,definition-present,unknown,1,0,unknown,localsend-evidence.json#/rows/700,False,unknown
localsend,82ec3568fba2aa5295b9aae8b76f701d7a4703d86b9f8bad749472038fbaeab3,direct-framework-reference,,java/nio/LongBuffer,definition-present,unknown,1,0,unknown,localsend-evidence.json#/rows/701,False,unknown
localsend,82ec3568fba2aa5295b9aae8b76f701d7a4703d86b9f8bad749472038fbaeab3,direct-framework-reference,,java/nio/MappedByteBuffer,definition-present,unknown,7,0,unknown,localsend-evidence.json#/rows/702,False,unknown
localsend,82ec3568fba2aa5295b9aae8b76f701d7a4703d86b9f8bad749472038fbaeab3,direct-framework-reference,,java/nio/ShortBuffer,definition-present,unknown,2,0,unknown,localsend-evidence.json#/rows/703,False,unknown
localsend,82ec3568fba2aa5295b9aae8b76f701d7a4703d86b9f8bad749472038fbaeab3,direct-framework-reference,,java/nio/channels/FileChannel,definition-present,unknown,7,0,unknown,localsend-evidence.json#/rows/704,False,unknown
localsend,82ec3568fba2aa5295b9aae8b76f701d7a4703d86b9f8bad749472038fbaeab3,direct-framework-reference,,java/nio/channels/FileChannel$MapMode,definition-present,unknown,3,0,unknown,localsend-evidence.json#/rows/705,False,unknown
localsend,82ec3568fba2aa5295b9aae8b76f701d7a4703d86b9f8bad749472038fbaeab3,direct-framework-reference,,java/nio/channels/FileLock,definition-present,unknown,1,0,unknown,localsend-evidence.json#/rows/706,False,unknown
localsend,82ec3568fba2aa5295b9aae8b76f701d7a4703d86b9f8bad749472038fbaeab3,direct-framework-reference,,java/nio/channels/spi/AbstractInterruptibleChannel,definition-present,unknown,3,0,unknown,localsend-evidence.json#/rows/707,False,unknown
localsend,82ec3568fba2aa5295b9aae8b76f701d7a4703d86b9f8bad749472038fbaeab3,direct-framework-reference,,java/nio/charset/Charset,definition-present,unknown,111,0,unknown,localsend-evidence.json#/rows/708,False,unknown
localsend,82ec3568fba2aa5295b9aae8b76f701d7a4703d86b9f8bad749472038fbaeab3,direct-framework-reference,,java/nio/charset/CharsetDecoder,definition-present,unknown,2,0,unknown,localsend-evidence.json#/rows/709,False,unknown
localsend,82ec3568fba2aa5295b9aae8b76f701d7a4703d86b9f8bad749472038fbaeab3,direct-framework-reference,,java/nio/charset/StandardCharsets,definition-present,unknown,60,0,unknown,localsend-evidence.json#/rows/710,False,unknown
localsend,82ec3568fba2aa5295b9aae8b76f701d7a4703d86b9f8bad749472038fbaeab3,direct-framework-reference,,java/nio/file/CopyOption,definition-present,unknown,1,0,unknown,localsend-evidence.json#/rows/711,False,unknown
localsend,82ec3568fba2aa5295b9aae8b76f701d7a4703d86b9f8bad749472038fbaeab3,direct-framework-reference,,java/nio/file/Files,definition-present,unknown,1,0,unknown,localsend-evidence.json#/rows/712,False,unknown
localsend,82ec3568fba2aa5295b9aae8b76f701d7a4703d86b9f8bad749472038fbaeab3,direct-framework-reference,,java/nio/file/Path,definition-present,unknown,1,0,unknown,localsend-evidence.json#/rows/713,False,unknown
localsend,82ec3568fba2aa5295b9aae8b76f701d7a4703d86b9f8bad749472038fbaeab3,direct-framework-reference,,java/nio/file/StandardCopyOption,definition-present,unknown,1,0,unknown,localsend-evidence.json#/rows/714,False,unknown
localsend,82ec3568fba2aa5295b9aae8b76f701d7a4703d86b9f8bad749472038fbaeab3,direct-framework-reference,,java/security/AccessController,definition-present,unknown,1,0,unknown,localsend-evidence.json#/rows/715,False,unknown
localsend,82ec3568fba2aa5295b9aae8b76f701d7a4703d86b9f8bad749472038fbaeab3,direct-framework-reference,,java/security/Key,definition-present,unknown,1,0,unknown,localsend-evidence.json#/rows/716,False,unknown
localsend,82ec3568fba2aa5295b9aae8b76f701d7a4703d86b9f8bad749472038fbaeab3,direct-framework-reference,,java/security/MessageDigest,definition-present,unknown,14,0,unknown,localsend-evidence.json#/rows/717,False,unknown
localsend,82ec3568fba2aa5295b9aae8b76f701d7a4703d86b9f8bad749472038fbaeab3,direct-framework-reference,,java/security/PrivilegedExceptionAction,definition-present,unknown,1,0,unknown,localsend-evidence.json#/rows/718,False,unknown
localsend,82ec3568fba2aa5295b9aae8b76f701d7a4703d86b9f8bad749472038fbaeab3,direct-framework-reference,,java/security/spec/AlgorithmParameterSpec,definition-present,unknown,1,0,unknown,localsend-evidence.json#/rows/719,False,unknown
localsend,82ec3568fba2aa5295b9aae8b76f701d7a4703d86b9f8bad749472038fbaeab3,direct-framework-reference,,java/text/DateFormat,definition-present,unknown,4,0,unknown,localsend-evidence.json#/rows/720,False,unknown
localsend,82ec3568fba2aa5295b9aae8b76f701d7a4703d86b9f8bad749472038fbaeab3,direct-framework-reference,,java/text/SimpleDateFormat,definition-present,unknown,4,0,unknown,localsend-evidence.json#/rows/721,False,unknown
localsend,82ec3568fba2aa5295b9aae8b76f701d7a4703d86b9f8bad749472038fbaeab3,direct-framework-reference,,java/util/AbstractCollection,definition-present,yes-static,98,5,unknown,localsend-evidence.json#/rows/722,False,unknown
localsend,82ec3568fba2aa5295b9aae8b76f701d7a4703d86b9f8bad749472038fbaeab3,direct-framework-reference,,java/util/AbstractList,definition-present,yes-static,28,2,unknown,localsend-evidence.json#/rows/723,False,unknown
localsend,82ec3568fba2aa5295b9aae8b76f701d7a4703d86b9f8bad749472038fbaeab3,direct-framework-reference,,java/util/AbstractMap,definition-present,unknown,35,0,unknown,localsend-evidence.json#/rows/724,False,unknown
localsend,82ec3568fba2aa5295b9aae8b76f701d7a4703d86b9f8bad749472038fbaeab3,direct-framework-reference,,java/util/AbstractMap$SimpleImmutableEntry,definition-present,unknown,1,0,unknown,localsend-evidence.json#/rows/725,False,unknown
localsend,82ec3568fba2aa5295b9aae8b76f701d7a4703d86b9f8bad749472038fbaeab3,direct-framework-reference,,java/util/AbstractSequentialList,definition-present,unknown,1,0,unknown,localsend-evidence.json#/rows/726,False,unknown
localsend,82ec3568fba2aa5295b9aae8b76f701d7a4703d86b9f8bad749472038fbaeab3,direct-framework-reference,,java/util/AbstractSet,definition-present,unknown,6,0,unknown,localsend-evidence.json#/rows/727,False,unknown
localsend,82ec3568fba2aa5295b9aae8b76f701d7a4703d86b9f8bad749472038fbaeab3,direct-framework-reference,,java/util/ArrayDeque,definition-present,yes-static,101,2,unknown,localsend-evidence.json#/rows/728,False,unknown
localsend,82ec3568fba2aa5295b9aae8b76f701d7a4703d86b9f8bad749472038fbaeab3,direct-framework-reference,,java/util/ArrayList,definition-present,yes-static,949,24,unknown,localsend-evidence.json#/rows/729,False,unknown
localsend,82ec3568fba2aa5295b9aae8b76f701d7a4703d86b9f8bad749472038fbaeab3,direct-framework-reference,,java/util/Arrays,definition-present,yes-static,304,4,unknown,localsend-evidence.json#/rows/730,False,unknown
localsend,82ec3568fba2aa5295b9aae8b76f701d7a4703d86b9f8bad749472038fbaeab3,direct-framework-reference,,java/util/BitSet,definition-present,unknown,6,0,unknown,localsend-evidence.json#/rows/731,False,unknown
localsend,82ec3568fba2aa5295b9aae8b76f701d7a4703d86b9f8bad749472038fbaeab3,direct-framework-reference,,java/util/Calendar,definition-present,unknown,3,0,unknown,localsend-evidence.json#/rows/732,False,unknown
localsend,82ec3568fba2aa5295b9aae8b76f701d7a4703d86b9f8bad749472038fbaeab3,direct-framework-reference,,java/util/Collection,definition-present,yes-static,336,11,unknown,localsend-evidence.json#/rows/733,False,unknown
localsend,82ec3568fba2aa5295b9aae8b76f701d7a4703d86b9f8bad749472038fbaeab3,direct-framework-reference,,java/util/Collections,definition-present,yes-static,172,3,unknown,localsend-evidence.json#/rows/734,False,unknown
localsend,82ec3568fba2aa5295b9aae8b76f701d7a4703d86b9f8bad749472038fbaeab3,direct-framework-reference,,java/util/Comparator,definition-present,unknown,41,0,unknown,localsend-evidence.json#/rows/735,False,unknown
localsend,82ec3568fba2aa5295b9aae8b76f701d7a4703d86b9f8bad749472038fbaeab3,direct-framework-reference,,java/util/ConcurrentModificationException,definition-present,unknown,14,0,unknown,localsend-evidence.json#/rows/736,False,unknown
localsend,82ec3568fba2aa5295b9aae8b76f701d7a4703d86b9f8bad749472038fbaeab3,direct-framework-reference,,java/util/Date,definition-present,unknown,5,0,unknown,localsend-evidence.json#/rows/737,False,unknown
localsend,82ec3568fba2aa5295b9aae8b76f701d7a4703d86b9f8bad749472038fbaeab3,direct-framework-reference,,java/util/EnumSet,definition-present,unknown,1,0,unknown,localsend-evidence.json#/rows/738,False,unknown
localsend,82ec3568fba2aa5295b9aae8b76f701d7a4703d86b9f8bad749472038fbaeab3,direct-framework-reference,,java/util/Enumeration,definition-present,unknown,1,0,unknown,localsend-evidence.json#/rows/739,False,unknown
localsend,82ec3568fba2aa5295b9aae8b76f701d7a4703d86b9f8bad749472038fbaeab3,direct-framework-reference,,java/util/GregorianCalendar,definition-present,unknown,1,0,unknown,localsend-evidence.json#/rows/740,False,unknown
localsend,82ec3568fba2aa5295b9aae8b76f701d7a4703d86b9f8bad749472038fbaeab3,direct-framework-reference,,java/util/HashMap,definition-present,yes-static,357,31,unknown,localsend-evidence.json#/rows/741,False,unknown
localsend,82ec3568fba2aa5295b9aae8b76f701d7a4703d86b9f8bad749472038fbaeab3,direct-framework-reference,,java/util/HashSet,definition-present,yes-static,156,19,unknown,localsend-evidence.json#/rows/742,False,unknown
localsend,82ec3568fba2aa5295b9aae8b76f701d7a4703d86b9f8bad749472038fbaeab3,direct-framework-reference,,java/util/IdentityHashMap,definition-present,unknown,12,0,unknown,localsend-evidence.json#/rows/743,False,unknown
localsend,82ec3568fba2aa5295b9aae8b76f701d7a4703d86b9f8bad749472038fbaeab3,direct-framework-reference,,java/util/Iterator,definition-present,yes-static,356,15,unknown,localsend-evidence.json#/rows/744,False,unknown
localsend,82ec3568fba2aa5295b9aae8b76f701d7a4703d86b9f8bad749472038fbaeab3,direct-framework-reference,,java/util/LinkedHashMap,definition-present,yes-static,72,1,unknown,localsend-evidence.json#/rows/745,False,unknown
localsend,82ec3568fba2aa5295b9aae8b76f701d7a4703d86b9f8bad749472038fbaeab3,direct-framework-reference,,java/util/LinkedHashSet,definition-present,unknown,30,0,unknown,localsend-evidence.json#/rows/746,False,unknown
localsend,82ec3568fba2aa5295b9aae8b76f701d7a4703d86b9f8bad749472038fbaeab3,direct-framework-reference,,java/util/LinkedList,definition-present,unknown,14,0,unknown,localsend-evidence.json#/rows/747,False,unknown
localsend,82ec3568fba2aa5295b9aae8b76f701d7a4703d86b9f8bad749472038fbaeab3,direct-framework-reference,,java/util/List,definition-present,yes-static,800,19,unknown,localsend-evidence.json#/rows/748,False,unknown
localsend,82ec3568fba2aa5295b9aae8b76f701d7a4703d86b9f8bad749472038fbaeab3,direct-framework-reference,,java/util/ListIterator,definition-present,unknown,18,0,unknown,localsend-evidence.json#/rows/749,False,unknown
localsend,82ec3568fba2aa5295b9aae8b76f701d7a4703d86b9f8bad749472038fbaeab3,direct-framework-reference,,java/util/Locale,definition-present,yes-static,69,3,unknown,localsend-evidence.json#/rows/750,False,unknown
localsend,82ec3568fba2aa5295b9aae8b76f701d7a4703d86b9f8bad749472038fbaeab3,direct-framework-reference,,java/util/Locale$Builder,definition-present,unknown,2,0,unknown,localsend-evidence.json#/rows/751,False,unknown
localsend,82ec3568fba2aa5295b9aae8b76f701d7a4703d86b9f8bad749472038fbaeab3,direct-framework-reference,,java/util/Locale$LanguageRange,definition-present,unknown,3,0,unknown,localsend-evidence.json#/rows/752,False,unknown
localsend,82ec3568fba2aa5295b9aae8b76f701d7a4703d86b9f8bad749472038fbaeab3,direct-framework-reference,,java/util/Map,definition-present,yes-static,388,2,unknown,localsend-evidence.json#/rows/753,False,unknown
localsend,82ec3568fba2aa5295b9aae8b76f701d7a4703d86b9f8bad749472038fbaeab3,direct-framework-reference,,java/util/Map$Entry,definition-present,yes-static,107,1,unknown,localsend-evidence.json#/rows/754,False,unknown
localsend,82ec3568fba2aa5295b9aae8b76f701d7a4703d86b9f8bad749472038fbaeab3,direct-framework-reference,,java/util/NavigableMap,definition-present,unknown,43,0,unknown,localsend-evidence.json#/rows/755,False,unknown
localsend,82ec3568fba2aa5295b9aae8b76f701d7a4703d86b9f8bad749472038fbaeab3,direct-framework-reference,,java/util/NavigableSet,definition-present,unknown,8,0,unknown,localsend-evidence.json#/rows/756,False,unknown
localsend,82ec3568fba2aa5295b9aae8b76f701d7a4703d86b9f8bad749472038fbaeab3,direct-framework-reference,,java/util/NoSuchElementException,definition-present,yes-static,36,1,unknown,localsend-evidence.json#/rows/757,False,unknown
localsend,82ec3568fba2aa5295b9aae8b76f701d7a4703d86b9f8bad749472038fbaeab3,direct-framework-reference,,java/util/Objects,definition-present,yes-static,184,8,unknown,localsend-evidence.json#/rows/758,False,unknown
localsend,82ec3568fba2aa5295b9aae8b76f701d7a4703d86b9f8bad749472038fbaeab3,direct-framework-reference,,java/util/Optional,definition-present,unknown,1,0,unknown,localsend-evidence.json#/rows/759,False,unknown
localsend,82ec3568fba2aa5295b9aae8b76f701d7a4703d86b9f8bad749472038fbaeab3,direct-framework-reference,,java/util/PriorityQueue,definition-present,yes-static,12,1,unknown,localsend-evidence.json#/rows/760,False,unknown
localsend,82ec3568fba2aa5295b9aae8b76f701d7a4703d86b9f8bad749472038fbaeab3,direct-framework-reference,,java/util/Random,definition-present,unknown,11,0,unknown,localsend-evidence.json#/rows/761,False,unknown
localsend,82ec3568fba2aa5295b9aae8b76f701d7a4703d86b9f8bad749472038fbaeab3,direct-framework-reference,,java/util/RandomAccess,definition-present,unknown,7,0,unknown,localsend-evidence.json#/rows/762,False,unknown
localsend,82ec3568fba2aa5295b9aae8b76f701d7a4703d86b9f8bad749472038fbaeab3,direct-framework-reference,,java/util/ServiceConfigurationError,definition-present,unknown,2,0,unknown,localsend-evidence.json#/rows/763,False,unknown
localsend,82ec3568fba2aa5295b9aae8b76f701d7a4703d86b9f8bad749472038fbaeab3,direct-framework-reference,,java/util/Set,definition-present,yes-static,229,10,unknown,localsend-evidence.json#/rows/764,False,unknown
localsend,82ec3568fba2aa5295b9aae8b76f701d7a4703d86b9f8bad749472038fbaeab3,direct-framework-reference,,java/util/SortedMap,definition-present,unknown,25,0,unknown,localsend-evidence.json#/rows/765,False,unknown
localsend,82ec3568fba2aa5295b9aae8b76f701d7a4703d86b9f8bad749472038fbaeab3,direct-framework-reference,,java/util/SortedSet,definition-present,unknown,13,0,unknown,localsend-evidence.json#/rows/766,False,unknown
localsend,82ec3568fba2aa5295b9aae8b76f701d7a4703d86b9f8bad749472038fbaeab3,direct-framework-reference,,java/util/Spliterator,definition-present,unknown,1,0,unknown,localsend-evidence.json#/rows/767,False,unknown
localsend,82ec3568fba2aa5295b9aae8b76f701d7a4703d86b9f8bad749472038fbaeab3,direct-framework-reference,,java/util/Spliterators,definition-present,unknown,1,0,unknown,localsend-evidence.json#/rows/768,False,unknown
localsend,82ec3568fba2aa5295b9aae8b76f701d7a4703d86b9f8bad749472038fbaeab3,direct-framework-reference,,java/util/TimeZone,definition-present,unknown,5,0,unknown,localsend-evidence.json#/rows/769,False,unknown
localsend,82ec3568fba2aa5295b9aae8b76f701d7a4703d86b9f8bad749472038fbaeab3,direct-framework-reference,,java/util/TreeMap,definition-present,unknown,21,0,unknown,localsend-evidence.json#/rows/770,False,unknown
localsend,82ec3568fba2aa5295b9aae8b76f701d7a4703d86b9f8bad749472038fbaeab3,direct-framework-reference,,java/util/TreeSet,definition-present,unknown,7,0,unknown,localsend-evidence.json#/rows/771,False,unknown
localsend,82ec3568fba2aa5295b9aae8b76f701d7a4703d86b9f8bad749472038fbaeab3,direct-framework-reference,,java/util/UUID,definition-present,unknown,35,0,unknown,localsend-evidence.json#/rows/772,False,unknown
localsend,82ec3568fba2aa5295b9aae8b76f701d7a4703d86b9f8bad749472038fbaeab3,direct-framework-reference,,java/util/WeakHashMap,definition-present,yes-static,40,5,unknown,localsend-evidence.json#/rows/773,False,unknown
localsend,82ec3568fba2aa5295b9aae8b76f701d7a4703d86b9f8bad749472038fbaeab3,direct-framework-reference,,java/util/concurrent/AbstractExecutorService,definition-present,unknown,3,0,unknown,localsend-evidence.json#/rows/774,False,unknown
localsend,82ec3568fba2aa5295b9aae8b76f701d7a4703d86b9f8bad749472038fbaeab3,direct-framework-reference,,java/util/concurrent/BlockingQueue,definition-present,yes-static,9,1,unknown,localsend-evidence.json#/rows/775,False,unknown
localsend,82ec3568fba2aa5295b9aae8b76f701d7a4703d86b9f8bad749472038fbaeab3,direct-framework-reference,,java/util/concurrent/Callable,definition-present,yes-static,8,2,unknown,localsend-evidence.json#/rows/776,False,unknown
localsend,82ec3568fba2aa5295b9aae8b76f701d7a4703d86b9f8bad749472038fbaeab3,direct-framework-reference,,java/util/concurrent/CancellationException,definition-present,yes-static,35,4,unknown,localsend-evidence.json#/rows/777,False,unknown
localsend,82ec3568fba2aa5295b9aae8b76f701d7a4703d86b9f8bad749472038fbaeab3,direct-framework-reference,,java/util/concurrent/ConcurrentHashMap,definition-present,unknown,23,0,unknown,localsend-evidence.json#/rows/778,False,unknown
localsend,82ec3568fba2aa5295b9aae8b76f701d7a4703d86b9f8bad749472038fbaeab3,direct-framework-reference,,java/util/concurrent/ConcurrentLinkedQueue,definition-present,yes-static,7,2,unknown,localsend-evidence.json#/rows/779,False,unknown
localsend,82ec3568fba2aa5295b9aae8b76f701d7a4703d86b9f8bad749472038fbaeab3,direct-framework-reference,,java/util/concurrent/CopyOnWriteArrayList,definition-present,unknown,51,0,unknown,localsend-evidence.json#/rows/780,False,unknown
localsend,82ec3568fba2aa5295b9aae8b76f701d7a4703d86b9f8bad749472038fbaeab3,direct-framework-reference,,java/util/concurrent/CopyOnWriteArraySet,definition-present,yes-static,14,3,unknown,localsend-evidence.json#/rows/781,False,unknown
localsend,82ec3568fba2aa5295b9aae8b76f701d7a4703d86b9f8bad749472038fbaeab3,direct-framework-reference,,java/util/concurrent/Delayed,definition-present,unknown,1,0,unknown,localsend-evidence.json#/rows/782,False,unknown
localsend,82ec3568fba2aa5295b9aae8b76f701d7a4703d86b9f8bad749472038fbaeab3,direct-framework-reference,,java/util/concurrent/ExecutionException,definition-present,unknown,2,0,unknown,localsend-evidence.json#/rows/783,False,unknown
localsend,82ec3568fba2aa5295b9aae8b76f701d7a4703d86b9f8bad749472038fbaeab3,direct-framework-reference,,java/util/concurrent/Executor,definition-present,yes-static,61,1,unknown,localsend-evidence.json#/rows/784,False,unknown
localsend,82ec3568fba2aa5295b9aae8b76f701d7a4703d86b9f8bad749472038fbaeab3,direct-framework-reference,,java/util/concurrent/ExecutorService,definition-present,yes-static,36,5,unknown,localsend-evidence.json#/rows/785,False,unknown
localsend,82ec3568fba2aa5295b9aae8b76f701d7a4703d86b9f8bad749472038fbaeab3,direct-framework-reference,,java/util/concurrent/Executors,definition-present,yes-static,8,2,unknown,localsend-evidence.json#/rows/786,False,unknown
localsend,82ec3568fba2aa5295b9aae8b76f701d7a4703d86b9f8bad749472038fbaeab3,direct-framework-reference,,java/util/concurrent/ForkJoinPool,definition-present,unknown,5,0,unknown,localsend-evidence.json#/rows/787,False,unknown
localsend,82ec3568fba2aa5295b9aae8b76f701d7a4703d86b9f8bad749472038fbaeab3,direct-framework-reference,,java/util/concurrent/Future,definition-present,yes-static,18,3,unknown,localsend-evidence.json#/rows/788,False,unknown
localsend,82ec3568fba2aa5295b9aae8b76f701d7a4703d86b9f8bad749472038fbaeab3,direct-framework-reference,,java/util/concurrent/LinkedBlockingDeque,definition-present,unknown,3,0,unknown,localsend-evidence.json#/rows/789,False,unknown
localsend,82ec3568fba2aa5295b9aae8b76f701d7a4703d86b9f8bad749472038fbaeab3,direct-framework-reference,,java/util/concurrent/LinkedBlockingQueue,definition-present,yes-static,8,1,unknown,localsend-evidence.json#/rows/790,False,unknown
localsend,82ec3568fba2aa5295b9aae8b76f701d7a4703d86b9f8bad749472038fbaeab3,direct-framework-reference,,java/util/concurrent/PriorityBlockingQueue,definition-present,unknown,1,0,unknown,localsend-evidence.json#/rows/791,False,unknown
localsend,82ec3568fba2aa5295b9aae8b76f701d7a4703d86b9f8bad749472038fbaeab3,direct-framework-reference,,java/util/concurrent/RejectedExecutionException,definition-present,unknown,4,0,unknown,localsend-evidence.json#/rows/792,False,unknown
localsend,82ec3568fba2aa5295b9aae8b76f701d7a4703d86b9f8bad749472038fbaeab3,direct-framework-reference,,java/util/concurrent/ScheduledExecutorService,definition-present,unknown,3,0,unknown,localsend-evidence.json#/rows/793,False,unknown
localsend,82ec3568fba2aa5295b9aae8b76f701d7a4703d86b9f8bad749472038fbaeab3,direct-framework-reference,,java/util/concurrent/ScheduledFuture,definition-present,unknown,5,0,unknown,localsend-evidence.json#/rows/794,False,unknown
localsend,82ec3568fba2aa5295b9aae8b76f701d7a4703d86b9f8bad749472038fbaeab3,direct-framework-reference,,java/util/concurrent/ScheduledThreadPoolExecutor,definition-present,unknown,1,0,unknown,localsend-evidence.json#/rows/795,False,unknown
localsend,82ec3568fba2aa5295b9aae8b76f701d7a4703d86b9f8bad749472038fbaeab3,direct-framework-reference,,java/util/concurrent/SynchronousQueue,definition-present,unknown,1,0,unknown,localsend-evidence.json#/rows/796,False,unknown
localsend,82ec3568fba2aa5295b9aae8b76f701d7a4703d86b9f8bad749472038fbaeab3,direct-framework-reference,,java/util/concurrent/ThreadFactory,definition-present,yes-static,11,2,unknown,localsend-evidence.json#/rows/797,False,unknown
localsend,82ec3568fba2aa5295b9aae8b76f701d7a4703d86b9f8bad749472038fbaeab3,direct-framework-reference,,java/util/concurrent/ThreadPoolExecutor,definition-present,yes-static,42,2,unknown,localsend-evidence.json#/rows/798,False,unknown
localsend,82ec3568fba2aa5295b9aae8b76f701d7a4703d86b9f8bad749472038fbaeab3,direct-framework-reference,,java/util/concurrent/TimeUnit,definition-present,yes-static,28,1,unknown,localsend-evidence.json#/rows/799,False,unknown
localsend,82ec3568fba2aa5295b9aae8b76f701d7a4703d86b9f8bad749472038fbaeab3,direct-framework-reference,,java/util/concurrent/TimeoutException,definition-present,unknown,2,0,unknown,localsend-evidence.json#/rows/800,False,unknown
localsend,82ec3568fba2aa5295b9aae8b76f701d7a4703d86b9f8bad749472038fbaeab3,direct-framework-reference,,java/util/concurrent/atomic/AtomicBoolean,definition-present,yes-static,36,6,unknown,localsend-evidence.json#/rows/801,False,unknown
localsend,82ec3568fba2aa5295b9aae8b76f701d7a4703d86b9f8bad749472038fbaeab3,direct-framework-reference,,java/util/concurrent/atomic/AtomicInteger,definition-present,yes-static,37,3,unknown,localsend-evidence.json#/rows/802,False,unknown
localsend,82ec3568fba2aa5295b9aae8b76f701d7a4703d86b9f8bad749472038fbaeab3,direct-framework-reference,,java/util/concurrent/atomic/AtomicIntegerFieldUpdater,definition-present,yes-static,58,4,unknown,localsend-evidence.json#/rows/803,False,unknown
localsend,82ec3568fba2aa5295b9aae8b76f701d7a4703d86b9f8bad749472038fbaeab3,direct-framework-reference,,java/util/concurrent/atomic/AtomicLong,definition-present,yes-static,10,1,unknown,localsend-evidence.json#/rows/804,False,unknown
localsend,82ec3568fba2aa5295b9aae8b76f701d7a4703d86b9f8bad749472038fbaeab3,direct-framework-reference,,java/util/concurrent/atomic/AtomicLongFieldUpdater,definition-present,unknown,46,0,unknown,localsend-evidence.json#/rows/805,False,unknown
localsend,82ec3568fba2aa5295b9aae8b76f701d7a4703d86b9f8bad749472038fbaeab3,direct-framework-reference,,java/util/concurrent/atomic/AtomicReference,definition-present,yes-static,27,2,unknown,localsend-evidence.json#/rows/806,False,unknown
localsend,82ec3568fba2aa5295b9aae8b76f701d7a4703d86b9f8bad749472038fbaeab3,direct-framework-reference,,java/util/concurrent/atomic/AtomicReferenceArray,definition-present,unknown,26,0,unknown,localsend-evidence.json#/rows/807,False,unknown
localsend,82ec3568fba2aa5295b9aae8b76f701d7a4703d86b9f8bad749472038fbaeab3,direct-framework-reference,,java/util/concurrent/atomic/AtomicReferenceFieldUpdater,definition-present,yes-static,122,10,unknown,localsend-evidence.json#/rows/808,False,unknown
localsend,82ec3568fba2aa5295b9aae8b76f701d7a4703d86b9f8bad749472038fbaeab3,direct-framework-reference,,java/util/concurrent/locks/Lock,definition-present,unknown,11,0,unknown,localsend-evidence.json#/rows/809,False,unknown
localsend,82ec3568fba2aa5295b9aae8b76f701d7a4703d86b9f8bad749472038fbaeab3,direct-framework-reference,,java/util/concurrent/locks/LockSupport,definition-present,unknown,11,0,unknown,localsend-evidence.json#/rows/810,False,unknown
localsend,82ec3568fba2aa5295b9aae8b76f701d7a4703d86b9f8bad749472038fbaeab3,direct-framework-reference,,java/util/concurrent/locks/ReentrantLock,definition-present,unknown,27,0,unknown,localsend-evidence.json#/rows/811,False,unknown
localsend,82ec3568fba2aa5295b9aae8b76f701d7a4703d86b9f8bad749472038fbaeab3,direct-framework-reference,,java/util/concurrent/locks/ReentrantReadWriteLock,definition-present,yes-static,12,5,unknown,localsend-evidence.json#/rows/812,False,unknown
localsend,82ec3568fba2aa5295b9aae8b76f701d7a4703d86b9f8bad749472038fbaeab3,direct-framework-reference,,java/util/concurrent/locks/ReentrantReadWriteLock$ReadLock,definition-present,yes-static,2,2,unknown,localsend-evidence.json#/rows/813,False,unknown
localsend,82ec3568fba2aa5295b9aae8b76f701d7a4703d86b9f8bad749472038fbaeab3,direct-framework-reference,,java/util/concurrent/locks/ReentrantReadWriteLock$WriteLock,definition-present,yes-static,2,2,unknown,localsend-evidence.json#/rows/814,False,unknown
localsend,82ec3568fba2aa5295b9aae8b76f701d7a4703d86b9f8bad749472038fbaeab3,direct-framework-reference,,java/util/function/Consumer,definition-present,unknown,4,0,unknown,localsend-evidence.json#/rows/815,False,unknown
localsend,82ec3568fba2aa5295b9aae8b76f701d7a4703d86b9f8bad749472038fbaeab3,direct-framework-reference,,java/util/function/IntConsumer,definition-present,unknown,1,0,unknown,localsend-evidence.json#/rows/816,False,unknown
localsend,82ec3568fba2aa5295b9aae8b76f701d7a4703d86b9f8bad749472038fbaeab3,direct-framework-reference,,java/util/function/Predicate,definition-present,unknown,2,0,unknown,localsend-evidence.json#/rows/817,False,unknown
localsend,82ec3568fba2aa5295b9aae8b76f701d7a4703d86b9f8bad749472038fbaeab3,direct-framework-reference,,java/util/logging/Level,definition-present,yes-static,5,1,unknown,localsend-evidence.json#/rows/818,False,unknown
localsend,82ec3568fba2aa5295b9aae8b76f701d7a4703d86b9f8bad749472038fbaeab3,direct-framework-reference,,java/util/logging/Logger,definition-present,yes-static,14,1,unknown,localsend-evidence.json#/rows/819,False,unknown
localsend,82ec3568fba2aa5295b9aae8b76f701d7a4703d86b9f8bad749472038fbaeab3,direct-framework-reference,,java/util/regex/Matcher,definition-present,unknown,49,0,unknown,localsend-evidence.json#/rows/820,False,unknown
localsend,82ec3568fba2aa5295b9aae8b76f701d7a4703d86b9f8bad749472038fbaeab3,direct-framework-reference,,java/util/regex/Pattern,definition-present,yes-static,79,2,unknown,localsend-evidence.json#/rows/821,False,unknown
localsend,82ec3568fba2aa5295b9aae8b76f701d7a4703d86b9f8bad749472038fbaeab3,direct-framework-reference,,java/util/stream/IntStream,definition-present,unknown,2,0,unknown,localsend-evidence.json#/rows/822,False,unknown
localsend,82ec3568fba2aa5295b9aae8b76f701d7a4703d86b9f8bad749472038fbaeab3,direct-framework-reference,,java/util/stream/Stream,definition-present,unknown,2,0,unknown,localsend-evidence.json#/rows/823,False,unknown
localsend,82ec3568fba2aa5295b9aae8b76f701d7a4703d86b9f8bad749472038fbaeab3,direct-framework-reference,,java/util/zip/CRC32,definition-present,unknown,3,0,unknown,localsend-evidence.json#/rows/824,False,unknown
localsend,82ec3568fba2aa5295b9aae8b76f701d7a4703d86b9f8bad749472038fbaeab3,direct-framework-reference,,java/util/zip/Deflater,definition-present,unknown,1,0,unknown,localsend-evidence.json#/rows/825,False,unknown
localsend,82ec3568fba2aa5295b9aae8b76f701d7a4703d86b9f8bad749472038fbaeab3,direct-framework-reference,,java/util/zip/DeflaterOutputStream,definition-present,unknown,1,0,unknown,localsend-evidence.json#/rows/826,False,unknown
localsend,82ec3568fba2aa5295b9aae8b76f701d7a4703d86b9f8bad749472038fbaeab3,direct-framework-reference,,java/util/zip/GZIPInputStream,definition-present,unknown,1,0,unknown,localsend-evidence.json#/rows/827,False,unknown
localsend,82ec3568fba2aa5295b9aae8b76f701d7a4703d86b9f8bad749472038fbaeab3,direct-framework-reference,,java/util/zip/Inflater,definition-present,unknown,3,0,unknown,localsend-evidence.json#/rows/828,False,unknown
localsend,82ec3568fba2aa5295b9aae8b76f701d7a4703d86b9f8bad749472038fbaeab3,direct-framework-reference,,java/util/zip/ZipEntry,definition-present,unknown,3,0,unknown,localsend-evidence.json#/rows/829,False,unknown
localsend,82ec3568fba2aa5295b9aae8b76f701d7a4703d86b9f8bad749472038fbaeab3,direct-framework-reference,,java/util/zip/ZipFile,definition-present,unknown,3,0,unknown,localsend-evidence.json#/rows/830,False,unknown
localsend,82ec3568fba2aa5295b9aae8b76f701d7a4703d86b9f8bad749472038fbaeab3,direct-framework-reference,,javax/crypto/Cipher,definition-present,unknown,1,0,unknown,localsend-evidence.json#/rows/831,False,unknown
localsend,82ec3568fba2aa5295b9aae8b76f701d7a4703d86b9f8bad749472038fbaeab3,direct-framework-reference,,javax/crypto/CipherInputStream,definition-present,unknown,3,0,unknown,localsend-evidence.json#/rows/832,False,unknown
localsend,82ec3568fba2aa5295b9aae8b76f701d7a4703d86b9f8bad749472038fbaeab3,direct-framework-reference,,javax/crypto/spec/IvParameterSpec,definition-present,unknown,1,0,unknown,localsend-evidence.json#/rows/833,False,unknown
localsend,82ec3568fba2aa5295b9aae8b76f701d7a4703d86b9f8bad749472038fbaeab3,direct-framework-reference,,javax/crypto/spec/SecretKeySpec,definition-present,unknown,1,0,unknown,localsend-evidence.json#/rows/834,False,unknown
localsend,82ec3568fba2aa5295b9aae8b76f701d7a4703d86b9f8bad749472038fbaeab3,direct-framework-reference,,javax/net/SocketFactory,definition-present,unknown,7,0,unknown,localsend-evidence.json#/rows/835,False,unknown
localsend,82ec3568fba2aa5295b9aae8b76f701d7a4703d86b9f8bad749472038fbaeab3,direct-framework-reference,,org/xml/sax/helpers/DefaultHandler,definition-present,unknown,1,0,unknown,localsend-evidence.json#/rows/836,False,unknown
localsend,82ec3568fba2aa5295b9aae8b76f701d7a4703d86b9f8bad749472038fbaeab3,manager-interface-prerequisite,alarm,android/app/IAlarmManager,definition-present,unknown,7,0,unknown,localsend-evidence.json#/rows/837,True,False
localsend,82ec3568fba2aa5295b9aae8b76f701d7a4703d86b9f8bad749472038fbaeab3,manager-interface-prerequisite,audio,android/media/IAudioService,definition-present,unknown,18,0,unknown,localsend-evidence.json#/rows/838,True,False
localsend,82ec3568fba2aa5295b9aae8b76f701d7a4703d86b9f8bad749472038fbaeab3,manager-interface-prerequisite,clipboard,android/content/IClipboard,definition-present,unknown,5,0,unknown,localsend-evidence.json#/rows/839,True,False
localsend,82ec3568fba2aa5295b9aae8b76f701d7a4703d86b9f8bad749472038fbaeab3,manager-interface-prerequisite,connectivity,android/net/IConnectivityManager,definition-absent,unknown,12,0,unresolvable-in-scanned-inputs,localsend-evidence.json#/rows/840,True,False
localsend,82ec3568fba2aa5295b9aae8b76f701d7a4703d86b9f8bad749472038fbaeab3,manager-interface-prerequisite,location,android/location/ILocationManager,definition-present,unknown,2,0,unknown,localsend-evidence.json#/rows/841,True,False
localsend,82ec3568fba2aa5295b9aae8b76f701d7a4703d86b9f8bad749472038fbaeab3,manager-interface-prerequisite,notification,android/app/INotificationManager,definition-present,unknown,8,0,unknown,localsend-evidence.json#/rows/842,True,False
localsend,82ec3568fba2aa5295b9aae8b76f701d7a4703d86b9f8bad749472038fbaeab3,manager-interface-prerequisite,power,android/os/IPowerManager,definition-present,unknown,7,0,unknown,localsend-evidence.json#/rows/843,True,False
localsend,82ec3568fba2aa5295b9aae8b76f701d7a4703d86b9f8bad749472038fbaeab3,manager-interface-prerequisite,uimode,android/app/IUiModeManager,definition-present,unknown,1,0,unknown,localsend-evidence.json#/rows/844,True,False
localsend,82ec3568fba2aa5295b9aae8b76f701d7a4703d86b9f8bad749472038fbaeab3,service-call,accessibility,,unknown,yes-static,7,1,unknown,localsend-evidence.json#/rows/845,False,False
localsend,82ec3568fba2aa5295b9aae8b76f701d7a4703d86b9f8bad749472038fbaeab3,service-call,activity,,unknown,yes-static,4,1,unknown,localsend-evidence.json#/rows/846,False,False
localsend,82ec3568fba2aa5295b9aae8b76f701d7a4703d86b9f8bad749472038fbaeab3,service-call,captioning,,unknown,unknown,1,0,unknown,localsend-evidence.json#/rows/847,False,False
localsend,82ec3568fba2aa5295b9aae8b76f701d7a4703d86b9f8bad749472038fbaeab3,service-call,display,,unknown,yes-static,8,1,unknown,localsend-evidence.json#/rows/848,False,False
localsend,82ec3568fba2aa5295b9aae8b76f701d7a4703d86b9f8bad749472038fbaeab3,service-call,input_method,,unknown,yes-static,5,1,unknown,localsend-evidence.json#/rows/849,False,False
localsend,82ec3568fba2aa5295b9aae8b76f701d7a4703d86b9f8bad749472038fbaeab3,service-call,layout_inflater,,unknown,unknown,1,0,unknown,localsend-evidence.json#/rows/850,False,False
localsend,82ec3568fba2aa5295b9aae8b76f701d7a4703d86b9f8bad749472038fbaeab3,service-call,media_metrics,,unknown,unknown,1,0,unknown,localsend-evidence.json#/rows/851,False,False
localsend,82ec3568fba2aa5295b9aae8b76f701d7a4703d86b9f8bad749472038fbaeab3,service-call,phone,,unknown,unknown,1,0,unknown,localsend-evidence.json#/rows/852,False,False
localsend,82ec3568fba2aa5295b9aae8b76f701d7a4703d86b9f8bad749472038fbaeab3,service-call,textservices,,unknown,yes-static,1,1,unknown,localsend-evidence.json#/rows/853,False,False
localsend,82ec3568fba2aa5295b9aae8b76f701d7a4703d86b9f8bad749472038fbaeab3,service-call,unknown,,unknown,yes-static,30,1,unknown,localsend-evidence.json#/rows/854,False,False
localsend,82ec3568fba2aa5295b9aae8b76f701d7a4703d86b9f8bad749472038fbaeab3,service-call,wifi,,unknown,unknown,2,0,unknown,localsend-evidence.json#/rows/855,False,False
localsend,82ec3568fba2aa5295b9aae8b76f701d7a4703d86b9f8bad749472038fbaeab3,service-call,window,,unknown,yes-static,11,3,unknown,localsend-evidence.json#/rows/856,False,False
localsend,82ec3568fba2aa5295b9aae8b76f701d7a4703d86b9f8bad749472038fbaeab3,service-interface-prerequisite,alarm,android/app/IAlarmManager,definition-present,unknown,5,0,unknown,localsend-evidence.json#/rows/857,True,False
localsend,82ec3568fba2aa5295b9aae8b76f701d7a4703d86b9f8bad749472038fbaeab3,service-interface-prerequisite,audio,android/media/IAudioService,definition-present,unknown,1,0,unknown,localsend-evidence.json#/rows/858,True,False
localsend,82ec3568fba2aa5295b9aae8b76f701d7a4703d86b9f8bad749472038fbaeab3,service-interface-prerequisite,clipboard,android/content/IClipboard,definition-present,unknown,2,0,unknown,localsend-evidence.json#/rows/859,True,False
localsend,82ec3568fba2aa5295b9aae8b76f701d7a4703d86b9f8bad749472038fbaeab3,service-interface-prerequisite,connectivity,android/net/IConnectivityManager,definition-absent,unknown,3,0,unresolvable-in-scanned-inputs,localsend-evidence.json#/rows/860,True,False
localsend,82ec3568fba2aa5295b9aae8b76f701d7a4703d86b9f8bad749472038fbaeab3,service-interface-prerequisite,notification,android/app/INotificationManager,definition-present,unknown,4,0,unknown,localsend-evidence.json#/rows/861,True,False
localsend,82ec3568fba2aa5295b9aae8b76f701d7a4703d86b9f8bad749472038fbaeab3,service-interface-prerequisite,power,android/os/IPowerManager,definition-present,unknown,5,0,unknown,localsend-evidence.json#/rows/862,True,False
localsend,82ec3568fba2aa5295b9aae8b76f701d7a4703d86b9f8bad749472038fbaeab3,service-interface-prerequisite,uimode,android/app/IUiModeManager,definition-present,unknown,1,0,unknown,localsend-evidence.json#/rows/863,True,False
