app,apk_sha256,kind,service,class,availability,startup_reachable,full_method_reference_count,startup_method_reference_count,runtime_load,evidence,stub_ok,needs_real
mindustry,96f8dacbd2de964a26079dcd1928b3e5ca7d9b99207571acc802f7c7cff34508,direct-framework-reference,,android/app/Activity,definition-present,yes-static,33,9,unknown,mindustry-evidence.json#/rows/0,False,unknown
mindustry,96f8dacbd2de964a26079dcd1928b3e5ca7d9b99207571acc802f7c7cff34508,direct-framework-reference,,android/app/AlertDialog,definition-present,unknown,3,0,unknown,mindustry-evidence.json#/rows/1,False,unknown
mindustry,96f8dacbd2de964a26079dcd1928b3e5ca7d9b99207571acc802f7c7cff34508,direct-framework-reference,,android/app/AlertDialog$Builder,definition-present,unknown,1,0,unknown,mindustry-evidence.json#/rows/2,False,unknown
mindustry,96f8dacbd2de964a26079dcd1928b3e5ca7d9b99207571acc802f7c7cff34508,direct-framework-reference,,android/content/ClipData,definition-present,unknown,3,0,unknown,mindustry-evidence.json#/rows/3,False,unknown
mindustry,96f8dacbd2de964a26079dcd1928b3e5ca7d9b99207571acc802f7c7cff34508,direct-framework-reference,,android/content/ClipData$Item,definition-present,unknown,2,0,unknown,mindustry-evidence.json#/rows/4,False,unknown
mindustry,96f8dacbd2de964a26079dcd1928b3e5ca7d9b99207571acc802f7c7cff34508,direct-framework-reference,,android/content/ClipboardManager,definition-present,yes-static,3,1,unknown,mindustry-evidence.json#/rows/5,False,unknown
mindustry,96f8dacbd2de964a26079dcd1928b3e5ca7d9b99207571acc802f7c7cff34508,direct-framework-reference,,android/content/ContentResolver,definition-present,unknown,3,0,unknown,mindustry-evidence.json#/rows/6,False,unknown
mindustry,96f8dacbd2de964a26079dcd1928b3e5ca7d9b99207571acc802f7c7cff34508,direct-framework-reference,,android/content/Context,definition-present,yes-static,14,8,unknown,mindustry-evidence.json#/rows/7,False,unknown
mindustry,96f8dacbd2de964a26079dcd1928b3e5ca7d9b99207571acc802f7c7cff34508,direct-framework-reference,,android/content/DialogInterface,definition-present,unknown,8,0,unknown,mindustry-evidence.json#/rows/8,False,unknown
mindustry,96f8dacbd2de964a26079dcd1928b3e5ca7d9b99207571acc802f7c7cff34508,direct-framework-reference,,android/content/DialogInterface$OnClickListener,definition-present,unknown,1,0,unknown,mindustry-evidence.json#/rows/9,False,unknown
mindustry,96f8dacbd2de964a26079dcd1928b3e5ca7d9b99207571acc802f7c7cff34508,direct-framework-reference,,android/content/Intent,definition-present,yes-static,18,2,unknown,mindustry-evidence.json#/rows/10,False,unknown
mindustry,96f8dacbd2de964a26079dcd1928b3e5ca7d9b99207571acc802f7c7cff34508,direct-framework-reference,,android/content/pm/ActivityInfo,definition-present,unknown,1,0,unknown,mindustry-evidence.json#/rows/11,False,unknown
mindustry,96f8dacbd2de964a26079dcd1928b3e5ca7d9b99207571acc802f7c7cff34508,direct-framework-reference,,android/content/pm/PackageManager,definition-present,yes-static,2,1,unknown,mindustry-evidence.json#/rows/12,False,unknown
mindustry,96f8dacbd2de964a26079dcd1928b3e5ca7d9b99207571acc802f7c7cff34508,direct-framework-reference,,android/content/res/AssetFileDescriptor,definition-present,unknown,3,0,unknown,mindustry-evidence.json#/rows/13,False,unknown
mindustry,96f8dacbd2de964a26079dcd1928b3e5ca7d9b99207571acc802f7c7cff34508,direct-framework-reference,,android/content/res/AssetManager,definition-present,yes-static,16,2,unknown,mindustry-evidence.json#/rows/14,False,unknown
mindustry,96f8dacbd2de964a26079dcd1928b3e5ca7d9b99207571acc802f7c7cff34508,direct-framework-reference,,android/content/res/Configuration,definition-present,yes-static,2,1,unknown,mindustry-evidence.json#/rows/15,False,unknown
mindustry,96f8dacbd2de964a26079dcd1928b3e5ca7d9b99207571acc802f7c7cff34508,direct-framework-reference,,android/content/res/Resources,definition-present,yes-static,1,1,unknown,mindustry-evidence.json#/rows/16,False,unknown
mindustry,96f8dacbd2de964a26079dcd1928b3e5ca7d9b99207571acc802f7c7cff34508,direct-framework-reference,,android/hardware/Sensor,definition-present,yes-static,2,1,unknown,mindustry-evidence.json#/rows/17,False,unknown
mindustry,96f8dacbd2de964a26079dcd1928b3e5ca7d9b99207571acc802f7c7cff34508,direct-framework-reference,,android/hardware/SensorEvent,definition-present,unknown,1,0,unknown,mindustry-evidence.json#/rows/18,False,unknown
mindustry,96f8dacbd2de964a26079dcd1928b3e5ca7d9b99207571acc802f7c7cff34508,direct-framework-reference,,android/hardware/SensorManager,definition-present,yes-static,4,1,unknown,mindustry-evidence.json#/rows/19,False,unknown
mindustry,96f8dacbd2de964a26079dcd1928b3e5ca7d9b99207571acc802f7c7cff34508,direct-framework-reference,,android/net/ConnectivityManager,definition-present,unknown,1,0,unknown,mindustry-evidence.json#/rows/20,False,unknown
mindustry,96f8dacbd2de964a26079dcd1928b3e5ca7d9b99207571acc802f7c7cff34508,direct-framework-reference,,android/net/LinkProperties,definition-present,unknown,1,0,unknown,mindustry-evidence.json#/rows/21,False,unknown
mindustry,96f8dacbd2de964a26079dcd1928b3e5ca7d9b99207571acc802f7c7cff34508,direct-framework-reference,,android/net/Network,definition-present,unknown,1,0,unknown,mindustry-evidence.json#/rows/22,False,unknown
mindustry,96f8dacbd2de964a26079dcd1928b3e5ca7d9b99207571acc802f7c7cff34508,direct-framework-reference,,android/net/Uri,definition-present,unknown,11,0,unknown,mindustry-evidence.json#/rows/23,False,unknown
mindustry,96f8dacbd2de964a26079dcd1928b3e5ca7d9b99207571acc802f7c7cff34508,direct-framework-reference,,android/opengl/GLES20,definition-present,unknown,151,0,unknown,mindustry-evidence.json#/rows/24,False,unknown
mindustry,96f8dacbd2de964a26079dcd1928b3e5ca7d9b99207571acc802f7c7cff34508,direct-framework-reference,,android/opengl/GLES30,definition-present,unknown,83,0,unknown,mindustry-evidence.json#/rows/25,False,unknown
mindustry,96f8dacbd2de964a26079dcd1928b3e5ca7d9b99207571acc802f7c7cff34508,direct-framework-reference,,android/opengl/GLSurfaceView,definition-present,yes-static,11,5,unknown,mindustry-evidence.json#/rows/26,False,unknown
mindustry,96f8dacbd2de964a26079dcd1928b3e5ca7d9b99207571acc802f7c7cff34508,direct-framework-reference,,android/opengl/GLSurfaceView$EGLConfigChooser,definition-present,yes-static,1,1,unknown,mindustry-evidence.json#/rows/27,False,unknown
mindustry,96f8dacbd2de964a26079dcd1928b3e5ca7d9b99207571acc802f7c7cff34508,direct-framework-reference,,android/opengl/GLSurfaceView$Renderer,definition-present,yes-static,1,1,unknown,mindustry-evidence.json#/rows/28,False,unknown
mindustry,96f8dacbd2de964a26079dcd1928b3e5ca7d9b99207571acc802f7c7cff34508,direct-framework-reference,,android/os/Build$VERSION,definition-present,yes-static,5,1,unknown,mindustry-evidence.json#/rows/29,False,unknown
mindustry,96f8dacbd2de964a26079dcd1928b3e5ca7d9b99207571acc802f7c7cff34508,direct-framework-reference,,android/os/Bundle,definition-present,yes-static,1,1,unknown,mindustry-evidence.json#/rows/30,False,unknown
mindustry,96f8dacbd2de964a26079dcd1928b3e5ca7d9b99207571acc802f7c7cff34508,direct-framework-reference,,android/os/Debug,definition-present,unknown,1,0,unknown,mindustry-evidence.json#/rows/31,False,unknown
mindustry,96f8dacbd2de964a26079dcd1928b3e5ca7d9b99207571acc802f7c7cff34508,direct-framework-reference,,android/os/Environment,definition-present,yes-static,2,1,unknown,mindustry-evidence.json#/rows/32,False,unknown
mindustry,96f8dacbd2de964a26079dcd1928b3e5ca7d9b99207571acc802f7c7cff34508,direct-framework-reference,,android/os/Handler,definition-present,yes-static,6,2,unknown,mindustry-evidence.json#/rows/33,False,unknown
mindustry,96f8dacbd2de964a26079dcd1928b3e5ca7d9b99207571acc802f7c7cff34508,direct-framework-reference,,android/os/IBinder,definition-present,unknown,1,0,unknown,mindustry-evidence.json#/rows/34,False,unknown
mindustry,96f8dacbd2de964a26079dcd1928b3e5ca7d9b99207571acc802f7c7cff34508,direct-framework-reference,,android/os/SystemClock,definition-present,unknown,1,0,unknown,mindustry-evidence.json#/rows/35,False,unknown
mindustry,96f8dacbd2de964a26079dcd1928b3e5ca7d9b99207571acc802f7c7cff34508,direct-framework-reference,,android/os/Vibrator,definition-present,yes-static,5,1,unknown,mindustry-evidence.json#/rows/36,False,unknown
mindustry,96f8dacbd2de964a26079dcd1928b3e5ca7d9b99207571acc802f7c7cff34508,direct-framework-reference,,android/telephony/TelephonyManager,definition-present,yes-static,1,1,unknown,mindustry-evidence.json#/rows/37,False,unknown
mindustry,96f8dacbd2de964a26079dcd1928b3e5ca7d9b99207571acc802f7c7cff34508,direct-framework-reference,,android/text/Editable,definition-present,unknown,3,0,unknown,mindustry-evidence.json#/rows/38,False,unknown
mindustry,96f8dacbd2de964a26079dcd1928b3e5ca7d9b99207571acc802f7c7cff34508,direct-framework-reference,,android/text/InputFilter,definition-present,unknown,1,0,unknown,mindustry-evidence.json#/rows/39,False,unknown
mindustry,96f8dacbd2de964a26079dcd1928b3e5ca7d9b99207571acc802f7c7cff34508,direct-framework-reference,,android/text/InputFilter$LengthFilter,definition-present,unknown,1,0,unknown,mindustry-evidence.json#/rows/40,False,unknown
mindustry,96f8dacbd2de964a26079dcd1928b3e5ca7d9b99207571acc802f7c7cff34508,direct-framework-reference,,android/util/DisplayMetrics,definition-present,yes-static,2,1,unknown,mindustry-evidence.json#/rows/41,False,unknown
mindustry,96f8dacbd2de964a26079dcd1928b3e5ca7d9b99207571acc802f7c7cff34508,direct-framework-reference,,android/util/Log,definition-present,unknown,7,0,unknown,mindustry-evidence.json#/rows/42,False,unknown
mindustry,96f8dacbd2de964a26079dcd1928b3e5ca7d9b99207571acc802f7c7cff34508,direct-framework-reference,,android/view/Display,definition-present,yes-static,4,2,unknown,mindustry-evidence.json#/rows/43,False,unknown
mindustry,96f8dacbd2de964a26079dcd1928b3e5ca7d9b99207571acc802f7c7cff34508,direct-framework-reference,,android/view/DisplayCutout,definition-present,unknown,1,0,unknown,mindustry-evidence.json#/rows/44,False,unknown
mindustry,96f8dacbd2de964a26079dcd1928b3e5ca7d9b99207571acc802f7c7cff34508,direct-framework-reference,,android/view/KeyEvent,definition-present,unknown,2,0,unknown,mindustry-evidence.json#/rows/45,False,unknown
mindustry,96f8dacbd2de964a26079dcd1928b3e5ca7d9b99207571acc802f7c7cff34508,direct-framework-reference,,android/view/MotionEvent,definition-present,unknown,4,0,unknown,mindustry-evidence.json#/rows/46,False,unknown
mindustry,96f8dacbd2de964a26079dcd1928b3e5ca7d9b99207571acc802f7c7cff34508,direct-framework-reference,,android/view/SurfaceHolder,definition-present,yes-static,1,1,unknown,mindustry-evidence.json#/rows/47,False,unknown
mindustry,96f8dacbd2de964a26079dcd1928b3e5ca7d9b99207571acc802f7c7cff34508,direct-framework-reference,,android/view/View,definition-present,yes-static,13,4,unknown,mindustry-evidence.json#/rows/48,False,unknown
mindustry,96f8dacbd2de964a26079dcd1928b3e5ca7d9b99207571acc802f7c7cff34508,direct-framework-reference,,android/view/View$MeasureSpec,definition-present,unknown,2,0,unknown,mindustry-evidence.json#/rows/49,False,unknown
mindustry,96f8dacbd2de964a26079dcd1928b3e5ca7d9b99207571acc802f7c7cff34508,direct-framework-reference,,android/view/View$OnKeyListener,definition-present,unknown,1,0,unknown,mindustry-evidence.json#/rows/50,False,unknown
mindustry,96f8dacbd2de964a26079dcd1928b3e5ca7d9b99207571acc802f7c7cff34508,direct-framework-reference,,android/view/ViewGroup$LayoutParams,definition-present,yes-static,1,1,unknown,mindustry-evidence.json#/rows/51,False,unknown
mindustry,96f8dacbd2de964a26079dcd1928b3e5ca7d9b99207571acc802f7c7cff34508,direct-framework-reference,,android/view/Window,definition-present,yes-static,6,4,unknown,mindustry-evidence.json#/rows/52,False,unknown
mindustry,96f8dacbd2de964a26079dcd1928b3e5ca7d9b99207571acc802f7c7cff34508,direct-framework-reference,,android/view/WindowInsets,definition-present,unknown,1,0,unknown,mindustry-evidence.json#/rows/53,False,unknown
mindustry,96f8dacbd2de964a26079dcd1928b3e5ca7d9b99207571acc802f7c7cff34508,direct-framework-reference,,android/view/WindowManager,definition-present,yes-static,4,2,unknown,mindustry-evidence.json#/rows/54,False,unknown
mindustry,96f8dacbd2de964a26079dcd1928b3e5ca7d9b99207571acc802f7c7cff34508,direct-framework-reference,,android/view/inputmethod/BaseInputConnection,definition-present,unknown,3,0,unknown,mindustry-evidence.json#/rows/55,False,unknown
mindustry,96f8dacbd2de964a26079dcd1928b3e5ca7d9b99207571acc802f7c7cff34508,direct-framework-reference,,android/view/inputmethod/EditorInfo,definition-present,unknown,1,0,unknown,mindustry-evidence.json#/rows/56,False,unknown
mindustry,96f8dacbd2de964a26079dcd1928b3e5ca7d9b99207571acc802f7c7cff34508,direct-framework-reference,,android/view/inputmethod/InputMethodManager,definition-present,unknown,1,0,unknown,mindustry-evidence.json#/rows/57,False,unknown
mindustry,96f8dacbd2de964a26079dcd1928b3e5ca7d9b99207571acc802f7c7cff34508,direct-framework-reference,,android/widget/Button,definition-present,unknown,2,0,unknown,mindustry-evidence.json#/rows/58,False,unknown
mindustry,96f8dacbd2de964a26079dcd1928b3e5ca7d9b99207571acc802f7c7cff34508,direct-framework-reference,,android/widget/EditText,definition-present,unknown,9,0,unknown,mindustry-evidence.json#/rows/59,False,unknown
mindustry,96f8dacbd2de964a26079dcd1928b3e5ca7d9b99207571acc802f7c7cff34508,direct-framework-reference,,android/widget/FrameLayout$LayoutParams,definition-present,yes-static,1,1,unknown,mindustry-evidence.json#/rows/60,False,unknown
mindustry,96f8dacbd2de964a26079dcd1928b3e5ca7d9b99207571acc802f7c7cff34508,direct-framework-reference,,android/widget/Toast,definition-present,unknown,1,0,unknown,mindustry-evidence.json#/rows/61,False,unknown
mindustry,96f8dacbd2de964a26079dcd1928b3e5ca7d9b99207571acc802f7c7cff34508,direct-framework-reference,,com/android/dex/Annotation,app-definition-present,unknown,14,0,unknown,mindustry-evidence.json#/rows/62,False,unknown
mindustry,96f8dacbd2de964a26079dcd1928b3e5ca7d9b99207571acc802f7c7cff34508,direct-framework-reference,,com/android/dex/CallSiteId,app-definition-present,unknown,12,0,unknown,mindustry-evidence.json#/rows/63,False,unknown
mindustry,96f8dacbd2de964a26079dcd1928b3e5ca7d9b99207571acc802f7c7cff34508,direct-framework-reference,,com/android/dex/ClassData,app-definition-present,unknown,14,0,unknown,mindustry-evidence.json#/rows/64,False,unknown
mindustry,96f8dacbd2de964a26079dcd1928b3e5ca7d9b99207571acc802f7c7cff34508,direct-framework-reference,,com/android/dex/ClassData$Field,app-definition-present,unknown,12,0,unknown,mindustry-evidence.json#/rows/65,False,unknown
mindustry,96f8dacbd2de964a26079dcd1928b3e5ca7d9b99207571acc802f7c7cff34508,direct-framework-reference,,com/android/dex/ClassData$Method,app-definition-present,unknown,17,0,unknown,mindustry-evidence.json#/rows/66,False,unknown
mindustry,96f8dacbd2de964a26079dcd1928b3e5ca7d9b99207571acc802f7c7cff34508,direct-framework-reference,,com/android/dex/ClassDef,app-definition-present,unknown,31,0,unknown,mindustry-evidence.json#/rows/67,False,unknown
mindustry,96f8dacbd2de964a26079dcd1928b3e5ca7d9b99207571acc802f7c7cff34508,direct-framework-reference,,com/android/dex/Code,app-definition-present,unknown,15,0,unknown,mindustry-evidence.json#/rows/68,False,unknown
mindustry,96f8dacbd2de964a26079dcd1928b3e5ca7d9b99207571acc802f7c7cff34508,direct-framework-reference,,com/android/dex/Code$CatchHandler,app-definition-present,unknown,15,0,unknown,mindustry-evidence.json#/rows/69,False,unknown
mindustry,96f8dacbd2de964a26079dcd1928b3e5ca7d9b99207571acc802f7c7cff34508,direct-framework-reference,,com/android/dex/Code$Try,app-definition-present,unknown,10,0,unknown,mindustry-evidence.json#/rows/70,False,unknown
mindustry,96f8dacbd2de964a26079dcd1928b3e5ca7d9b99207571acc802f7c7cff34508,direct-framework-reference,,com/android/dex/Dex,app-definition-present,unknown,163,0,unknown,mindustry-evidence.json#/rows/71,False,unknown
mindustry,96f8dacbd2de964a26079dcd1928b3e5ca7d9b99207571acc802f7c7cff34508,direct-framework-reference,,com/android/dex/Dex$1,app-definition-present,unknown,8,0,unknown,mindustry-evidence.json#/rows/72,False,unknown
mindustry,96f8dacbd2de964a26079dcd1928b3e5ca7d9b99207571acc802f7c7cff34508,direct-framework-reference,,com/android/dex/Dex$ClassDefIterable,app-definition-present,unknown,4,0,unknown,mindustry-evidence.json#/rows/73,False,unknown
mindustry,96f8dacbd2de964a26079dcd1928b3e5ca7d9b99207571acc802f7c7cff34508,direct-framework-reference,,com/android/dex/Dex$ClassDefIterator,app-definition-present,unknown,6,0,unknown,mindustry-evidence.json#/rows/74,False,unknown
mindustry,96f8dacbd2de964a26079dcd1928b3e5ca7d9b99207571acc802f7c7cff34508,direct-framework-reference,,com/android/dex/Dex$FieldIdTable,app-definition-present,unknown,10,0,unknown,mindustry-evidence.json#/rows/75,False,unknown
mindustry,96f8dacbd2de964a26079dcd1928b3e5ca7d9b99207571acc802f7c7cff34508,direct-framework-reference,,com/android/dex/Dex$MethodIdTable,app-definition-present,unknown,10,0,unknown,mindustry-evidence.json#/rows/76,False,unknown
mindustry,96f8dacbd2de964a26079dcd1928b3e5ca7d9b99207571acc802f7c7cff34508,direct-framework-reference,,com/android/dex/Dex$ProtoIdTable,app-definition-present,unknown,10,0,unknown,mindustry-evidence.json#/rows/77,False,unknown
mindustry,96f8dacbd2de964a26079dcd1928b3e5ca7d9b99207571acc802f7c7cff34508,direct-framework-reference,,com/android/dex/Dex$Section,app-definition-present,unknown,154,0,unknown,mindustry-evidence.json#/rows/78,False,unknown
mindustry,96f8dacbd2de964a26079dcd1928b3e5ca7d9b99207571acc802f7c7cff34508,direct-framework-reference,,com/android/dex/Dex$StringTable,app-definition-present,unknown,12,0,unknown,mindustry-evidence.json#/rows/79,False,unknown
mindustry,96f8dacbd2de964a26079dcd1928b3e5ca7d9b99207571acc802f7c7cff34508,direct-framework-reference,,com/android/dex/Dex$TypeIndexToDescriptorIndexTable,app-definition-present,unknown,10,0,unknown,mindustry-evidence.json#/rows/80,False,unknown
mindustry,96f8dacbd2de964a26079dcd1928b3e5ca7d9b99207571acc802f7c7cff34508,direct-framework-reference,,com/android/dex/Dex$TypeIndexToDescriptorTable,app-definition-present,unknown,10,0,unknown,mindustry-evidence.json#/rows/81,False,unknown
mindustry,96f8dacbd2de964a26079dcd1928b3e5ca7d9b99207571acc802f7c7cff34508,direct-framework-reference,,com/android/dex/DexException,app-definition-present,unknown,43,0,unknown,mindustry-evidence.json#/rows/82,False,unknown
mindustry,96f8dacbd2de964a26079dcd1928b3e5ca7d9b99207571acc802f7c7cff34508,direct-framework-reference,,com/android/dex/DexFormat,app-definition-present,unknown,4,0,unknown,mindustry-evidence.json#/rows/83,False,unknown
mindustry,96f8dacbd2de964a26079dcd1928b3e5ca7d9b99207571acc802f7c7cff34508,direct-framework-reference,,com/android/dex/DexIndexOverflowException,app-definition-present,unknown,7,0,unknown,mindustry-evidence.json#/rows/84,False,unknown
mindustry,96f8dacbd2de964a26079dcd1928b3e5ca7d9b99207571acc802f7c7cff34508,direct-framework-reference,,com/android/dex/EncodedValue,app-definition-present,unknown,19,0,unknown,mindustry-evidence.json#/rows/85,False,unknown
mindustry,96f8dacbd2de964a26079dcd1928b3e5ca7d9b99207571acc802f7c7cff34508,direct-framework-reference,,com/android/dex/EncodedValueCodec,app-definition-present,unknown,16,0,unknown,mindustry-evidence.json#/rows/86,False,unknown
mindustry,96f8dacbd2de964a26079dcd1928b3e5ca7d9b99207571acc802f7c7cff34508,direct-framework-reference,,com/android/dex/EncodedValueReader,app-definition-present,unknown,41,0,unknown,mindustry-evidence.json#/rows/87,False,unknown
mindustry,96f8dacbd2de964a26079dcd1928b3e5ca7d9b99207571acc802f7c7cff34508,direct-framework-reference,,com/android/dex/FieldId,app-definition-present,unknown,18,0,unknown,mindustry-evidence.json#/rows/88,False,unknown
mindustry,96f8dacbd2de964a26079dcd1928b3e5ca7d9b99207571acc802f7c7cff34508,direct-framework-reference,,com/android/dex/Leb128,app-definition-present,unknown,18,0,unknown,mindustry-evidence.json#/rows/89,False,unknown
mindustry,96f8dacbd2de964a26079dcd1928b3e5ca7d9b99207571acc802f7c7cff34508,direct-framework-reference,,com/android/dex/MethodHandle,app-definition-present,unknown,15,0,unknown,mindustry-evidence.json#/rows/90,False,unknown
mindustry,96f8dacbd2de964a26079dcd1928b3e5ca7d9b99207571acc802f7c7cff34508,direct-framework-reference,,com/android/dex/MethodHandle$1,app-definition-present,unknown,2,0,unknown,mindustry-evidence.json#/rows/91,False,unknown
mindustry,96f8dacbd2de964a26079dcd1928b3e5ca7d9b99207571acc802f7c7cff34508,direct-framework-reference,,com/android/dex/MethodHandle$MethodHandleType,app-definition-present,unknown,14,0,unknown,mindustry-evidence.json#/rows/92,False,unknown
mindustry,96f8dacbd2de964a26079dcd1928b3e5ca7d9b99207571acc802f7c7cff34508,direct-framework-reference,,com/android/dex/MethodId,app-definition-present,unknown,20,0,unknown,mindustry-evidence.json#/rows/93,False,unknown
mindustry,96f8dacbd2de964a26079dcd1928b3e5ca7d9b99207571acc802f7c7cff34508,direct-framework-reference,,com/android/dex/Mutf8,app-definition-present,unknown,3,0,unknown,mindustry-evidence.json#/rows/94,False,unknown
mindustry,96f8dacbd2de964a26079dcd1928b3e5ca7d9b99207571acc802f7c7cff34508,direct-framework-reference,,com/android/dex/ProtoId,app-definition-present,unknown,19,0,unknown,mindustry-evidence.json#/rows/95,False,unknown
mindustry,96f8dacbd2de964a26079dcd1928b3e5ca7d9b99207571acc802f7c7cff34508,direct-framework-reference,,com/android/dex/TableOfContents,app-definition-present,unknown,66,0,unknown,mindustry-evidence.json#/rows/96,False,unknown
mindustry,96f8dacbd2de964a26079dcd1928b3e5ca7d9b99207571acc802f7c7cff34508,direct-framework-reference,,com/android/dex/TableOfContents$Section,app-definition-present,unknown,60,0,unknown,mindustry-evidence.json#/rows/97,False,unknown
mindustry,96f8dacbd2de964a26079dcd1928b3e5ca7d9b99207571acc802f7c7cff34508,direct-framework-reference,,com/android/dex/TypeList,app-definition-present,unknown,14,0,unknown,mindustry-evidence.json#/rows/98,False,unknown
mindustry,96f8dacbd2de964a26079dcd1928b3e5ca7d9b99207571acc802f7c7cff34508,direct-framework-reference,,com/android/dex/util/ByteArrayByteInput,app-definition-present,unknown,4,0,unknown,mindustry-evidence.json#/rows/99,False,unknown
mindustry,96f8dacbd2de964a26079dcd1928b3e5ca7d9b99207571acc802f7c7cff34508,direct-framework-reference,,com/android/dex/util/ByteInput,app-definition-present,unknown,34,0,unknown,mindustry-evidence.json#/rows/100,False,unknown
mindustry,96f8dacbd2de964a26079dcd1928b3e5ca7d9b99207571acc802f7c7cff34508,direct-framework-reference,,com/android/dex/util/ByteOutput,app-definition-present,unknown,14,0,unknown,mindustry-evidence.json#/rows/101,False,unknown
mindustry,96f8dacbd2de964a26079dcd1928b3e5ca7d9b99207571acc802f7c7cff34508,direct-framework-reference,,com/android/dex/util/ExceptionWithContext,app-definition-present,unknown,59,0,unknown,mindustry-evidence.json#/rows/102,False,unknown
mindustry,96f8dacbd2de964a26079dcd1928b3e5ca7d9b99207571acc802f7c7cff34508,direct-framework-reference,,com/android/dex/util/FileUtils,app-definition-present,unknown,5,0,unknown,mindustry-evidence.json#/rows/103,False,unknown
mindustry,96f8dacbd2de964a26079dcd1928b3e5ca7d9b99207571acc802f7c7cff34508,direct-framework-reference,,com/android/dex/util/Unsigned,app-definition-present,unknown,6,0,unknown,mindustry-evidence.json#/rows/104,False,unknown
mindustry,96f8dacbd2de964a26079dcd1928b3e5ca7d9b99207571acc802f7c7cff34508,direct-framework-reference,,com/android/dx/cf/attrib/AttAnnotationDefault,app-definition-present,unknown,5,0,unknown,mindustry-evidence.json#/rows/105,False,unknown
mindustry,96f8dacbd2de964a26079dcd1928b3e5ca7d9b99207571acc802f7c7cff34508,direct-framework-reference,,com/android/dx/cf/attrib/AttBootstrapMethods,app-definition-present,unknown,5,0,unknown,mindustry-evidence.json#/rows/106,False,unknown
mindustry,96f8dacbd2de964a26079dcd1928b3e5ca7d9b99207571acc802f7c7cff34508,direct-framework-reference,,com/android/dx/cf/attrib/AttCode,app-definition-present,unknown,13,0,unknown,mindustry-evidence.json#/rows/107,False,unknown
mindustry,96f8dacbd2de964a26079dcd1928b3e5ca7d9b99207571acc802f7c7cff34508,direct-framework-reference,,com/android/dx/cf/attrib/AttConstantValue,app-definition-present,unknown,4,0,unknown,mindustry-evidence.json#/rows/108,False,unknown
mindustry,96f8dacbd2de964a26079dcd1928b3e5ca7d9b99207571acc802f7c7cff34508,direct-framework-reference,,com/android/dx/cf/attrib/AttDeprecated,app-definition-present,unknown,1,0,unknown,mindustry-evidence.json#/rows/109,False,unknown
mindustry,96f8dacbd2de964a26079dcd1928b3e5ca7d9b99207571acc802f7c7cff34508,direct-framework-reference,,com/android/dx/cf/attrib/AttEnclosingMethod,app-definition-present,unknown,5,0,unknown,mindustry-evidence.json#/rows/110,False,unknown
mindustry,96f8dacbd2de964a26079dcd1928b3e5ca7d9b99207571acc802f7c7cff34508,direct-framework-reference,,com/android/dx/cf/attrib/AttExceptions,app-definition-present,unknown,5,0,unknown,mindustry-evidence.json#/rows/111,False,unknown
mindustry,96f8dacbd2de964a26079dcd1928b3e5ca7d9b99207571acc802f7c7cff34508,direct-framework-reference,,com/android/dx/cf/attrib/AttInnerClasses,app-definition-present,unknown,5,0,unknown,mindustry-evidence.json#/rows/112,False,unknown
mindustry,96f8dacbd2de964a26079dcd1928b3e5ca7d9b99207571acc802f7c7cff34508,direct-framework-reference,,com/android/dx/cf/attrib/AttLineNumberTable,app-definition-present,unknown,5,0,unknown,mindustry-evidence.json#/rows/113,False,unknown
mindustry,96f8dacbd2de964a26079dcd1928b3e5ca7d9b99207571acc802f7c7cff34508,direct-framework-reference,,com/android/dx/cf/attrib/AttLocalVariableTable,app-definition-present,unknown,2,0,unknown,mindustry-evidence.json#/rows/114,False,unknown
mindustry,96f8dacbd2de964a26079dcd1928b3e5ca7d9b99207571acc802f7c7cff34508,direct-framework-reference,,com/android/dx/cf/attrib/AttLocalVariableTypeTable,app-definition-present,unknown,2,0,unknown,mindustry-evidence.json#/rows/115,False,unknown
mindustry,96f8dacbd2de964a26079dcd1928b3e5ca7d9b99207571acc802f7c7cff34508,direct-framework-reference,,com/android/dx/cf/attrib/AttRuntimeInvisibleAnnotations,app-definition-present,unknown,2,0,unknown,mindustry-evidence.json#/rows/116,False,unknown
mindustry,96f8dacbd2de964a26079dcd1928b3e5ca7d9b99207571acc802f7c7cff34508,direct-framework-reference,,com/android/dx/cf/attrib/AttRuntimeInvisibleParameterAnnotations,app-definition-present,unknown,2,0,unknown,mindustry-evidence.json#/rows/117,False,unknown
mindustry,96f8dacbd2de964a26079dcd1928b3e5ca7d9b99207571acc802f7c7cff34508,direct-framework-reference,,com/android/dx/cf/attrib/AttRuntimeVisibleAnnotations,app-definition-present,unknown,2,0,unknown,mindustry-evidence.json#/rows/118,False,unknown
mindustry,96f8dacbd2de964a26079dcd1928b3e5ca7d9b99207571acc802f7c7cff34508,direct-framework-reference,,com/android/dx/cf/attrib/AttRuntimeVisibleParameterAnnotations,app-definition-present,unknown,2,0,unknown,mindustry-evidence.json#/rows/119,False,unknown
mindustry,96f8dacbd2de964a26079dcd1928b3e5ca7d9b99207571acc802f7c7cff34508,direct-framework-reference,,com/android/dx/cf/attrib/AttSignature,app-definition-present,unknown,4,0,unknown,mindustry-evidence.json#/rows/120,False,unknown
mindustry,96f8dacbd2de964a26079dcd1928b3e5ca7d9b99207571acc802f7c7cff34508,direct-framework-reference,,com/android/dx/cf/attrib/AttSourceDebugExtension,app-definition-present,unknown,5,0,unknown,mindustry-evidence.json#/rows/121,False,unknown
mindustry,96f8dacbd2de964a26079dcd1928b3e5ca7d9b99207571acc802f7c7cff34508,direct-framework-reference,,com/android/dx/cf/attrib/AttSourceFile,app-definition-present,unknown,4,0,unknown,mindustry-evidence.json#/rows/122,False,unknown
mindustry,96f8dacbd2de964a26079dcd1928b3e5ca7d9b99207571acc802f7c7cff34508,direct-framework-reference,,com/android/dx/cf/attrib/AttSynthetic,app-definition-present,unknown,1,0,unknown,mindustry-evidence.json#/rows/123,False,unknown
mindustry,96f8dacbd2de964a26079dcd1928b3e5ca7d9b99207571acc802f7c7cff34508,direct-framework-reference,,com/android/dx/cf/attrib/BaseAnnotations,app-definition-present,unknown,11,0,unknown,mindustry-evidence.json#/rows/124,False,unknown
mindustry,96f8dacbd2de964a26079dcd1928b3e5ca7d9b99207571acc802f7c7cff34508,direct-framework-reference,,com/android/dx/cf/attrib/BaseAttribute,app-definition-present,unknown,19,0,unknown,mindustry-evidence.json#/rows/125,False,unknown
mindustry,96f8dacbd2de964a26079dcd1928b3e5ca7d9b99207571acc802f7c7cff34508,direct-framework-reference,,com/android/dx/cf/attrib/BaseLocalVariables,app-definition-present,unknown,6,0,unknown,mindustry-evidence.json#/rows/126,False,unknown
mindustry,96f8dacbd2de964a26079dcd1928b3e5ca7d9b99207571acc802f7c7cff34508,direct-framework-reference,,com/android/dx/cf/attrib/BaseParameterAnnotations,app-definition-present,unknown,6,0,unknown,mindustry-evidence.json#/rows/127,False,unknown
mindustry,96f8dacbd2de964a26079dcd1928b3e5ca7d9b99207571acc802f7c7cff34508,direct-framework-reference,,com/android/dx/cf/attrib/InnerClassList,app-definition-present,unknown,5,0,unknown,mindustry-evidence.json#/rows/128,False,unknown
mindustry,96f8dacbd2de964a26079dcd1928b3e5ca7d9b99207571acc802f7c7cff34508,direct-framework-reference,,com/android/dx/cf/attrib/InnerClassList$Item,app-definition-present,unknown,8,0,unknown,mindustry-evidence.json#/rows/129,False,unknown
mindustry,96f8dacbd2de964a26079dcd1928b3e5ca7d9b99207571acc802f7c7cff34508,direct-framework-reference,,com/android/dx/cf/attrib/RawAttribute,app-definition-present,unknown,6,0,unknown,mindustry-evidence.json#/rows/130,False,unknown
mindustry,96f8dacbd2de964a26079dcd1928b3e5ca7d9b99207571acc802f7c7cff34508,direct-framework-reference,,com/android/dx/cf/code/BaseMachine,app-definition-present,unknown,40,0,unknown,mindustry-evidence.json#/rows/131,False,unknown
mindustry,96f8dacbd2de964a26079dcd1928b3e5ca7d9b99207571acc802f7c7cff34508,direct-framework-reference,,com/android/dx/cf/code/BasicBlocker,app-definition-present,unknown,18,0,unknown,mindustry-evidence.json#/rows/132,False,unknown
mindustry,96f8dacbd2de964a26079dcd1928b3e5ca7d9b99207571acc802f7c7cff34508,direct-framework-reference,,com/android/dx/cf/code/BootstrapMethodArgumentsList,app-definition-present,unknown,5,0,unknown,mindustry-evidence.json#/rows/133,False,unknown
mindustry,96f8dacbd2de964a26079dcd1928b3e5ca7d9b99207571acc802f7c7cff34508,direct-framework-reference,,com/android/dx/cf/code/BootstrapMethodsList,app-definition-present,unknown,9,0,unknown,mindustry-evidence.json#/rows/134,False,unknown
mindustry,96f8dacbd2de964a26079dcd1928b3e5ca7d9b99207571acc802f7c7cff34508,direct-framework-reference,,com/android/dx/cf/code/BootstrapMethodsList$Item,app-definition-present,unknown,9,0,unknown,mindustry-evidence.json#/rows/135,False,unknown
mindustry,96f8dacbd2de964a26079dcd1928b3e5ca7d9b99207571acc802f7c7cff34508,direct-framework-reference,,com/android/dx/cf/code/ByteBlock,app-definition-present,unknown,14,0,unknown,mindustry-evidence.json#/rows/136,False,unknown
mindustry,96f8dacbd2de964a26079dcd1928b3e5ca7d9b99207571acc802f7c7cff34508,direct-framework-reference,,com/android/dx/cf/code/ByteBlockList,app-definition-present,unknown,5,0,unknown,mindustry-evidence.json#/rows/137,False,unknown
mindustry,96f8dacbd2de964a26079dcd1928b3e5ca7d9b99207571acc802f7c7cff34508,direct-framework-reference,,com/android/dx/cf/code/ByteCatchList,app-definition-present,unknown,20,0,unknown,mindustry-evidence.json#/rows/138,False,unknown
mindustry,96f8dacbd2de964a26079dcd1928b3e5ca7d9b99207571acc802f7c7cff34508,direct-framework-reference,,com/android/dx/cf/code/ByteCatchList$Item,app-definition-present,unknown,15,0,unknown,mindustry-evidence.json#/rows/139,False,unknown
mindustry,96f8dacbd2de964a26079dcd1928b3e5ca7d9b99207571acc802f7c7cff34508,direct-framework-reference,,com/android/dx/cf/code/ByteOps,app-definition-present,unknown,6,0,unknown,mindustry-evidence.json#/rows/140,False,unknown
mindustry,96f8dacbd2de964a26079dcd1928b3e5ca7d9b99207571acc802f7c7cff34508,direct-framework-reference,,com/android/dx/cf/code/BytecodeArray,app-definition-present,unknown,28,0,unknown,mindustry-evidence.json#/rows/141,False,unknown
mindustry,96f8dacbd2de964a26079dcd1928b3e5ca7d9b99207571acc802f7c7cff34508,direct-framework-reference,,com/android/dx/cf/code/BytecodeArray$BaseVisitor,app-definition-present,unknown,5,0,unknown,mindustry-evidence.json#/rows/142,False,unknown
mindustry,96f8dacbd2de964a26079dcd1928b3e5ca7d9b99207571acc802f7c7cff34508,direct-framework-reference,,com/android/dx/cf/code/BytecodeArray$ConstantParserVisitor,app-definition-present,unknown,10,0,unknown,mindustry-evidence.json#/rows/143,False,unknown
mindustry,96f8dacbd2de964a26079dcd1928b3e5ca7d9b99207571acc802f7c7cff34508,direct-framework-reference,,com/android/dx/cf/code/BytecodeArray$Visitor,app-definition-present,unknown,14,0,unknown,mindustry-evidence.json#/rows/144,False,unknown
mindustry,96f8dacbd2de964a26079dcd1928b3e5ca7d9b99207571acc802f7c7cff34508,direct-framework-reference,,com/android/dx/cf/code/ConcreteMethod,app-definition-present,unknown,49,0,unknown,mindustry-evidence.json#/rows/145,False,unknown
mindustry,96f8dacbd2de964a26079dcd1928b3e5ca7d9b99207571acc802f7c7cff34508,direct-framework-reference,,com/android/dx/cf/code/ExecutionStack,app-definition-present,unknown,33,0,unknown,mindustry-evidence.json#/rows/146,False,unknown
mindustry,96f8dacbd2de964a26079dcd1928b3e5ca7d9b99207571acc802f7c7cff34508,direct-framework-reference,,com/android/dx/cf/code/Frame,app-definition-present,unknown,44,0,unknown,mindustry-evidence.json#/rows/147,False,unknown
mindustry,96f8dacbd2de964a26079dcd1928b3e5ca7d9b99207571acc802f7c7cff34508,direct-framework-reference,,com/android/dx/cf/code/LineNumberList,app-definition-present,unknown,10,0,unknown,mindustry-evidence.json#/rows/148,False,unknown
mindustry,96f8dacbd2de964a26079dcd1928b3e5ca7d9b99207571acc802f7c7cff34508,direct-framework-reference,,com/android/dx/cf/code/LineNumberList$Item,app-definition-present,unknown,7,0,unknown,mindustry-evidence.json#/rows/149,False,unknown
mindustry,96f8dacbd2de964a26079dcd1928b3e5ca7d9b99207571acc802f7c7cff34508,direct-framework-reference,,com/android/dx/cf/code/LocalVariableList,app-definition-present,unknown,17,0,unknown,mindustry-evidence.json#/rows/150,False,unknown
mindustry,96f8dacbd2de964a26079dcd1928b3e5ca7d9b99207571acc802f7c7cff34508,direct-framework-reference,,com/android/dx/cf/code/LocalVariableList$Item,app-definition-present,unknown,20,0,unknown,mindustry-evidence.json#/rows/151,False,unknown
mindustry,96f8dacbd2de964a26079dcd1928b3e5ca7d9b99207571acc802f7c7cff34508,direct-framework-reference,,com/android/dx/cf/code/LocalsArray,app-definition-present,unknown,34,0,unknown,mindustry-evidence.json#/rows/152,False,unknown
mindustry,96f8dacbd2de964a26079dcd1928b3e5ca7d9b99207571acc802f7c7cff34508,direct-framework-reference,,com/android/dx/cf/code/LocalsArraySet,app-definition-present,unknown,28,0,unknown,mindustry-evidence.json#/rows/153,False,unknown
mindustry,96f8dacbd2de964a26079dcd1928b3e5ca7d9b99207571acc802f7c7cff34508,direct-framework-reference,,com/android/dx/cf/code/Machine,app-definition-present,unknown,11,0,unknown,mindustry-evidence.json#/rows/154,False,unknown
mindustry,96f8dacbd2de964a26079dcd1928b3e5ca7d9b99207571acc802f7c7cff34508,direct-framework-reference,,com/android/dx/cf/code/Merger,app-definition-present,unknown,13,0,unknown,mindustry-evidence.json#/rows/155,False,unknown
mindustry,96f8dacbd2de964a26079dcd1928b3e5ca7d9b99207571acc802f7c7cff34508,direct-framework-reference,,com/android/dx/cf/code/OneLocalsArray,app-definition-present,unknown,40,0,unknown,mindustry-evidence.json#/rows/156,False,unknown
mindustry,96f8dacbd2de964a26079dcd1928b3e5ca7d9b99207571acc802f7c7cff34508,direct-framework-reference,,com/android/dx/cf/code/ReturnAddress,app-definition-present,unknown,12,0,unknown,mindustry-evidence.json#/rows/157,False,unknown
mindustry,96f8dacbd2de964a26079dcd1928b3e5ca7d9b99207571acc802f7c7cff34508,direct-framework-reference,,com/android/dx/cf/code/Ropper,app-definition-present,unknown,62,0,unknown,mindustry-evidence.json#/rows/158,False,unknown
mindustry,96f8dacbd2de964a26079dcd1928b3e5ca7d9b99207571acc802f7c7cff34508,direct-framework-reference,,com/android/dx/cf/code/Ropper$1,app-definition-present,unknown,4,0,unknown,mindustry-evidence.json#/rows/159,False,unknown
mindustry,96f8dacbd2de964a26079dcd1928b3e5ca7d9b99207571acc802f7c7cff34508,direct-framework-reference,,com/android/dx/cf/code/Ropper$2,app-definition-present,unknown,3,0,unknown,mindustry-evidence.json#/rows/160,False,unknown
mindustry,96f8dacbd2de964a26079dcd1928b3e5ca7d9b99207571acc802f7c7cff34508,direct-framework-reference,,com/android/dx/cf/code/Ropper$CatchInfo,app-definition-present,unknown,7,0,unknown,mindustry-evidence.json#/rows/161,False,unknown
mindustry,96f8dacbd2de964a26079dcd1928b3e5ca7d9b99207571acc802f7c7cff34508,direct-framework-reference,,com/android/dx/cf/code/Ropper$ExceptionHandlerSetup,app-definition-present,unknown,6,0,unknown,mindustry-evidence.json#/rows/162,False,unknown
mindustry,96f8dacbd2de964a26079dcd1928b3e5ca7d9b99207571acc802f7c7cff34508,direct-framework-reference,,com/android/dx/cf/code/Ropper$ExceptionSetupLabelAllocator,app-definition-present,unknown,4,0,unknown,mindustry-evidence.json#/rows/163,False,unknown
mindustry,96f8dacbd2de964a26079dcd1928b3e5ca7d9b99207571acc802f7c7cff34508,direct-framework-reference,,com/android/dx/cf/code/Ropper$LabelAllocator,app-definition-present,unknown,8,0,unknown,mindustry-evidence.json#/rows/164,False,unknown
mindustry,96f8dacbd2de964a26079dcd1928b3e5ca7d9b99207571acc802f7c7cff34508,direct-framework-reference,,com/android/dx/cf/code/Ropper$Subroutine,app-definition-present,unknown,17,0,unknown,mindustry-evidence.json#/rows/165,False,unknown
mindustry,96f8dacbd2de964a26079dcd1928b3e5ca7d9b99207571acc802f7c7cff34508,direct-framework-reference,,com/android/dx/cf/code/Ropper$SubroutineInliner,app-definition-present,unknown,6,0,unknown,mindustry-evidence.json#/rows/166,False,unknown
mindustry,96f8dacbd2de964a26079dcd1928b3e5ca7d9b99207571acc802f7c7cff34508,direct-framework-reference,,com/android/dx/cf/code/RopperMachine,app-definition-present,unknown,20,0,unknown,mindustry-evidence.json#/rows/167,False,unknown
mindustry,96f8dacbd2de964a26079dcd1928b3e5ca7d9b99207571acc802f7c7cff34508,direct-framework-reference,,com/android/dx/cf/code/SimException,app-definition-present,unknown,24,0,unknown,mindustry-evidence.json#/rows/168,False,unknown
mindustry,96f8dacbd2de964a26079dcd1928b3e5ca7d9b99207571acc802f7c7cff34508,direct-framework-reference,,com/android/dx/cf/code/Simulator,app-definition-present,unknown,26,0,unknown,mindustry-evidence.json#/rows/169,False,unknown
mindustry,96f8dacbd2de964a26079dcd1928b3e5ca7d9b99207571acc802f7c7cff34508,direct-framework-reference,,com/android/dx/cf/code/Simulator$SimVisitor,app-definition-present,unknown,14,0,unknown,mindustry-evidence.json#/rows/170,False,unknown
mindustry,96f8dacbd2de964a26079dcd1928b3e5ca7d9b99207571acc802f7c7cff34508,direct-framework-reference,,com/android/dx/cf/code/SwitchList,app-definition-present,unknown,20,0,unknown,mindustry-evidence.json#/rows/171,False,unknown
mindustry,96f8dacbd2de964a26079dcd1928b3e5ca7d9b99207571acc802f7c7cff34508,direct-framework-reference,,com/android/dx/cf/code/ValueAwareMachine,app-definition-present,unknown,2,0,unknown,mindustry-evidence.json#/rows/172,False,unknown
mindustry,96f8dacbd2de964a26079dcd1928b3e5ca7d9b99207571acc802f7c7cff34508,direct-framework-reference,,com/android/dx/cf/cst/ConstantPoolParser,app-definition-present,unknown,10,0,unknown,mindustry-evidence.json#/rows/173,False,unknown
mindustry,96f8dacbd2de964a26079dcd1928b3e5ca7d9b99207571acc802f7c7cff34508,direct-framework-reference,,com/android/dx/cf/direct/AnnotationParser,app-definition-present,unknown,18,0,unknown,mindustry-evidence.json#/rows/174,False,unknown
mindustry,96f8dacbd2de964a26079dcd1928b3e5ca7d9b99207571acc802f7c7cff34508,direct-framework-reference,,com/android/dx/cf/direct/AttributeFactory,app-definition-present,unknown,18,0,unknown,mindustry-evidence.json#/rows/175,False,unknown
mindustry,96f8dacbd2de964a26079dcd1928b3e5ca7d9b99207571acc802f7c7cff34508,direct-framework-reference,,com/android/dx/cf/direct/AttributeListParser,app-definition-present,unknown,9,0,unknown,mindustry-evidence.json#/rows/176,False,unknown
mindustry,96f8dacbd2de964a26079dcd1928b3e5ca7d9b99207571acc802f7c7cff34508,direct-framework-reference,,com/android/dx/cf/direct/ClassPathOpener,app-definition-present,unknown,15,0,unknown,mindustry-evidence.json#/rows/177,False,unknown
mindustry,96f8dacbd2de964a26079dcd1928b3e5ca7d9b99207571acc802f7c7cff34508,direct-framework-reference,,com/android/dx/cf/direct/ClassPathOpener$1,app-definition-present,unknown,1,0,unknown,mindustry-evidence.json#/rows/178,False,unknown
mindustry,96f8dacbd2de964a26079dcd1928b3e5ca7d9b99207571acc802f7c7cff34508,direct-framework-reference,,com/android/dx/cf/direct/ClassPathOpener$2,app-definition-present,unknown,3,0,unknown,mindustry-evidence.json#/rows/179,False,unknown
mindustry,96f8dacbd2de964a26079dcd1928b3e5ca7d9b99207571acc802f7c7cff34508,direct-framework-reference,,com/android/dx/cf/direct/ClassPathOpener$3,app-definition-present,unknown,3,0,unknown,mindustry-evidence.json#/rows/180,False,unknown
mindustry,96f8dacbd2de964a26079dcd1928b3e5ca7d9b99207571acc802f7c7cff34508,direct-framework-reference,,com/android/dx/cf/direct/ClassPathOpener$Consumer,app-definition-present,unknown,6,0,unknown,mindustry-evidence.json#/rows/181,False,unknown
mindustry,96f8dacbd2de964a26079dcd1928b3e5ca7d9b99207571acc802f7c7cff34508,direct-framework-reference,,com/android/dx/cf/direct/ClassPathOpener$FileNameFilter,app-definition-present,unknown,12,0,unknown,mindustry-evidence.json#/rows/182,False,unknown
mindustry,96f8dacbd2de964a26079dcd1928b3e5ca7d9b99207571acc802f7c7cff34508,direct-framework-reference,,com/android/dx/cf/direct/CodeObserver,app-definition-present,unknown,15,0,unknown,mindustry-evidence.json#/rows/183,False,unknown
mindustry,96f8dacbd2de964a26079dcd1928b3e5ca7d9b99207571acc802f7c7cff34508,direct-framework-reference,,com/android/dx/cf/direct/DirectClassFile,app-definition-present,unknown,90,0,unknown,mindustry-evidence.json#/rows/184,False,unknown
mindustry,96f8dacbd2de964a26079dcd1928b3e5ca7d9b99207571acc802f7c7cff34508,direct-framework-reference,,com/android/dx/cf/direct/DirectClassFile$DcfTypeList,app-definition-present,unknown,5,0,unknown,mindustry-evidence.json#/rows/185,False,unknown
mindustry,96f8dacbd2de964a26079dcd1928b3e5ca7d9b99207571acc802f7c7cff34508,direct-framework-reference,,com/android/dx/cf/direct/FieldListParser,app-definition-present,unknown,4,0,unknown,mindustry-evidence.json#/rows/186,False,unknown
mindustry,96f8dacbd2de964a26079dcd1928b3e5ca7d9b99207571acc802f7c7cff34508,direct-framework-reference,,com/android/dx/cf/direct/MemberListParser,app-definition-present,unknown,14,0,unknown,mindustry-evidence.json#/rows/187,False,unknown
mindustry,96f8dacbd2de964a26079dcd1928b3e5ca7d9b99207571acc802f7c7cff34508,direct-framework-reference,,com/android/dx/cf/direct/MethodListParser,app-definition-present,unknown,4,0,unknown,mindustry-evidence.json#/rows/188,False,unknown
mindustry,96f8dacbd2de964a26079dcd1928b3e5ca7d9b99207571acc802f7c7cff34508,direct-framework-reference,,com/android/dx/cf/direct/StdAttributeFactory,app-definition-present,unknown,28,0,unknown,mindustry-evidence.json#/rows/189,False,unknown
mindustry,96f8dacbd2de964a26079dcd1928b3e5ca7d9b99207571acc802f7c7cff34508,direct-framework-reference,,com/android/dx/cf/iface/Attribute,app-definition-present,unknown,33,0,unknown,mindustry-evidence.json#/rows/190,False,unknown
mindustry,96f8dacbd2de964a26079dcd1928b3e5ca7d9b99207571acc802f7c7cff34508,direct-framework-reference,,com/android/dx/cf/iface/AttributeList,app-definition-present,unknown,29,0,unknown,mindustry-evidence.json#/rows/191,False,unknown
mindustry,96f8dacbd2de964a26079dcd1928b3e5ca7d9b99207571acc802f7c7cff34508,direct-framework-reference,,com/android/dx/cf/iface/ClassFile,app-definition-present,unknown,7,0,unknown,mindustry-evidence.json#/rows/192,False,unknown
mindustry,96f8dacbd2de964a26079dcd1928b3e5ca7d9b99207571acc802f7c7cff34508,direct-framework-reference,,com/android/dx/cf/iface/Field,app-definition-present,unknown,3,0,unknown,mindustry-evidence.json#/rows/193,False,unknown
mindustry,96f8dacbd2de964a26079dcd1928b3e5ca7d9b99207571acc802f7c7cff34508,direct-framework-reference,,com/android/dx/cf/iface/FieldList,app-definition-present,unknown,4,0,unknown,mindustry-evidence.json#/rows/194,False,unknown
mindustry,96f8dacbd2de964a26079dcd1928b3e5ca7d9b99207571acc802f7c7cff34508,direct-framework-reference,,com/android/dx/cf/iface/Member,app-definition-present,unknown,17,0,unknown,mindustry-evidence.json#/rows/195,False,unknown
mindustry,96f8dacbd2de964a26079dcd1928b3e5ca7d9b99207571acc802f7c7cff34508,direct-framework-reference,,com/android/dx/cf/iface/Method,app-definition-present,unknown,17,0,unknown,mindustry-evidence.json#/rows/196,False,unknown
mindustry,96f8dacbd2de964a26079dcd1928b3e5ca7d9b99207571acc802f7c7cff34508,direct-framework-reference,,com/android/dx/cf/iface/MethodList,app-definition-present,unknown,12,0,unknown,mindustry-evidence.json#/rows/197,False,unknown
mindustry,96f8dacbd2de964a26079dcd1928b3e5ca7d9b99207571acc802f7c7cff34508,direct-framework-reference,,com/android/dx/cf/iface/ParseException,app-definition-present,unknown,16,0,unknown,mindustry-evidence.json#/rows/198,False,unknown
mindustry,96f8dacbd2de964a26079dcd1928b3e5ca7d9b99207571acc802f7c7cff34508,direct-framework-reference,,com/android/dx/cf/iface/ParseObserver,app-definition-present,unknown,57,0,unknown,mindustry-evidence.json#/rows/199,False,unknown
mindustry,96f8dacbd2de964a26079dcd1928b3e5ca7d9b99207571acc802f7c7cff34508,direct-framework-reference,,com/android/dx/cf/iface/StdAttributeList,app-definition-present,unknown,9,0,unknown,mindustry-evidence.json#/rows/200,False,unknown
mindustry,96f8dacbd2de964a26079dcd1928b3e5ca7d9b99207571acc802f7c7cff34508,direct-framework-reference,,com/android/dx/cf/iface/StdField,app-definition-present,unknown,1,0,unknown,mindustry-evidence.json#/rows/201,False,unknown
mindustry,96f8dacbd2de964a26079dcd1928b3e5ca7d9b99207571acc802f7c7cff34508,direct-framework-reference,,com/android/dx/cf/iface/StdFieldList,app-definition-present,unknown,3,0,unknown,mindustry-evidence.json#/rows/202,False,unknown
mindustry,96f8dacbd2de964a26079dcd1928b3e5ca7d9b99207571acc802f7c7cff34508,direct-framework-reference,,com/android/dx/cf/iface/StdMember,app-definition-present,unknown,11,0,unknown,mindustry-evidence.json#/rows/203,False,unknown
mindustry,96f8dacbd2de964a26079dcd1928b3e5ca7d9b99207571acc802f7c7cff34508,direct-framework-reference,,com/android/dx/cf/iface/StdMethod,app-definition-present,unknown,3,0,unknown,mindustry-evidence.json#/rows/204,False,unknown
mindustry,96f8dacbd2de964a26079dcd1928b3e5ca7d9b99207571acc802f7c7cff34508,direct-framework-reference,,com/android/dx/cf/iface/StdMethodList,app-definition-present,unknown,3,0,unknown,mindustry-evidence.json#/rows/205,False,unknown
mindustry,96f8dacbd2de964a26079dcd1928b3e5ca7d9b99207571acc802f7c7cff34508,direct-framework-reference,,com/android/dx/command/Main,app-definition-present,unknown,1,0,unknown,mindustry-evidence.json#/rows/206,False,unknown
mindustry,96f8dacbd2de964a26079dcd1928b3e5ca7d9b99207571acc802f7c7cff34508,direct-framework-reference,,com/android/dx/command/UsageException,app-definition-present,unknown,3,0,unknown,mindustry-evidence.json#/rows/207,False,unknown
mindustry,96f8dacbd2de964a26079dcd1928b3e5ca7d9b99207571acc802f7c7cff34508,direct-framework-reference,,com/android/dx/command/annotool/AnnotationLister,app-definition-present,unknown,16,0,unknown,mindustry-evidence.json#/rows/208,False,unknown
mindustry,96f8dacbd2de964a26079dcd1928b3e5ca7d9b99207571acc802f7c7cff34508,direct-framework-reference,,com/android/dx/command/annotool/AnnotationLister$1,app-definition-present,unknown,3,0,unknown,mindustry-evidence.json#/rows/209,False,unknown
mindustry,96f8dacbd2de964a26079dcd1928b3e5ca7d9b99207571acc802f7c7cff34508,direct-framework-reference,,com/android/dx/command/annotool/AnnotationLister$2,app-definition-present,unknown,3,0,unknown,mindustry-evidence.json#/rows/210,False,unknown
mindustry,96f8dacbd2de964a26079dcd1928b3e5ca7d9b99207571acc802f7c7cff34508,direct-framework-reference,,com/android/dx/command/annotool/Main,app-definition-present,unknown,1,0,unknown,mindustry-evidence.json#/rows/211,False,unknown
mindustry,96f8dacbd2de964a26079dcd1928b3e5ca7d9b99207571acc802f7c7cff34508,direct-framework-reference,,com/android/dx/command/annotool/Main$Arguments,app-definition-present,unknown,9,0,unknown,mindustry-evidence.json#/rows/212,False,unknown
mindustry,96f8dacbd2de964a26079dcd1928b3e5ca7d9b99207571acc802f7c7cff34508,direct-framework-reference,,com/android/dx/command/annotool/Main$InvalidArgumentException,app-definition-present,unknown,1,0,unknown,mindustry-evidence.json#/rows/213,False,unknown
mindustry,96f8dacbd2de964a26079dcd1928b3e5ca7d9b99207571acc802f7c7cff34508,direct-framework-reference,,com/android/dx/command/annotool/Main$PrintType,app-definition-present,unknown,8,0,unknown,mindustry-evidence.json#/rows/214,False,unknown
mindustry,96f8dacbd2de964a26079dcd1928b3e5ca7d9b99207571acc802f7c7cff34508,direct-framework-reference,,com/android/dx/command/dexer/DxContext,app-definition-present,unknown,35,0,unknown,mindustry-evidence.json#/rows/215,False,unknown
mindustry,96f8dacbd2de964a26079dcd1928b3e5ca7d9b99207571acc802f7c7cff34508,direct-framework-reference,,com/android/dx/command/dexer/DxContext$1,app-definition-present,unknown,2,0,unknown,mindustry-evidence.json#/rows/216,False,unknown
mindustry,96f8dacbd2de964a26079dcd1928b3e5ca7d9b99207571acc802f7c7cff34508,direct-framework-reference,,com/android/dx/command/dexer/Main,app-definition-present,unknown,76,0,unknown,mindustry-evidence.json#/rows/217,False,unknown
mindustry,96f8dacbd2de964a26079dcd1928b3e5ca7d9b99207571acc802f7c7cff34508,direct-framework-reference,,com/android/dx/command/dexer/Main$1,app-definition-present,unknown,7,0,unknown,mindustry-evidence.json#/rows/218,False,unknown
mindustry,96f8dacbd2de964a26079dcd1928b3e5ca7d9b99207571acc802f7c7cff34508,direct-framework-reference,,com/android/dx/command/dexer/Main$Arguments,app-definition-present,unknown,26,0,unknown,mindustry-evidence.json#/rows/219,False,unknown
mindustry,96f8dacbd2de964a26079dcd1928b3e5ca7d9b99207571acc802f7c7cff34508,direct-framework-reference,,com/android/dx/command/dexer/Main$Arguments$ArgumentsParser,app-definition-present,unknown,10,0,unknown,mindustry-evidence.json#/rows/220,False,unknown
mindustry,96f8dacbd2de964a26079dcd1928b3e5ca7d9b99207571acc802f7c7cff34508,direct-framework-reference,,com/android/dx/command/dexer/Main$BestEffortMainDexListFilter,app-definition-present,unknown,3,0,unknown,mindustry-evidence.json#/rows/221,False,unknown
mindustry,96f8dacbd2de964a26079dcd1928b3e5ca7d9b99207571acc802f7c7cff34508,direct-framework-reference,,com/android/dx/command/dexer/Main$ClassDefItemConsumer,app-definition-present,unknown,5,0,unknown,mindustry-evidence.json#/rows/222,False,unknown
mindustry,96f8dacbd2de964a26079dcd1928b3e5ca7d9b99207571acc802f7c7cff34508,direct-framework-reference,,com/android/dx/command/dexer/Main$ClassParserTask,app-definition-present,unknown,5,0,unknown,mindustry-evidence.json#/rows/223,False,unknown
mindustry,96f8dacbd2de964a26079dcd1928b3e5ca7d9b99207571acc802f7c7cff34508,direct-framework-reference,,com/android/dx/command/dexer/Main$ClassTranslatorTask,app-definition-present,unknown,5,0,unknown,mindustry-evidence.json#/rows/224,False,unknown
mindustry,96f8dacbd2de964a26079dcd1928b3e5ca7d9b99207571acc802f7c7cff34508,direct-framework-reference,,com/android/dx/command/dexer/Main$DexWriter,app-definition-present,unknown,6,0,unknown,mindustry-evidence.json#/rows/225,False,unknown
mindustry,96f8dacbd2de964a26079dcd1928b3e5ca7d9b99207571acc802f7c7cff34508,direct-framework-reference,,com/android/dx/command/dexer/Main$DirectClassFileConsumer,app-definition-present,unknown,7,0,unknown,mindustry-evidence.json#/rows/226,False,unknown
mindustry,96f8dacbd2de964a26079dcd1928b3e5ca7d9b99207571acc802f7c7cff34508,direct-framework-reference,,com/android/dx/command/dexer/Main$FileBytesConsumer,app-definition-present,unknown,6,0,unknown,mindustry-evidence.json#/rows/227,False,unknown
mindustry,96f8dacbd2de964a26079dcd1928b3e5ca7d9b99207571acc802f7c7cff34508,direct-framework-reference,,com/android/dx/command/dexer/Main$MainDexListFilter,app-definition-present,unknown,4,0,unknown,mindustry-evidence.json#/rows/228,False,unknown
mindustry,96f8dacbd2de964a26079dcd1928b3e5ca7d9b99207571acc802f7c7cff34508,direct-framework-reference,,com/android/dx/command/dexer/Main$NotFilter,app-definition-present,unknown,4,0,unknown,mindustry-evidence.json#/rows/229,False,unknown
mindustry,96f8dacbd2de964a26079dcd1928b3e5ca7d9b99207571acc802f7c7cff34508,direct-framework-reference,,com/android/dx/command/dexer/Main$RemoveModuleInfoFilter,app-definition-present,unknown,3,0,unknown,mindustry-evidence.json#/rows/230,False,unknown
mindustry,96f8dacbd2de964a26079dcd1928b3e5ca7d9b99207571acc802f7c7cff34508,direct-framework-reference,,com/android/dx/command/dexer/Main$StopProcessing,app-definition-present,unknown,3,0,unknown,mindustry-evidence.json#/rows/231,False,unknown
mindustry,96f8dacbd2de964a26079dcd1928b3e5ca7d9b99207571acc802f7c7cff34508,direct-framework-reference,,com/android/dx/command/dump/Args,app-definition-present,unknown,16,0,unknown,mindustry-evidence.json#/rows/232,False,unknown
mindustry,96f8dacbd2de964a26079dcd1928b3e5ca7d9b99207571acc802f7c7cff34508,direct-framework-reference,,com/android/dx/command/dump/BaseDumper,app-definition-present,unknown,24,0,unknown,mindustry-evidence.json#/rows/233,False,unknown
mindustry,96f8dacbd2de964a26079dcd1928b3e5ca7d9b99207571acc802f7c7cff34508,direct-framework-reference,,com/android/dx/command/dump/BlockDumper,app-definition-present,unknown,13,0,unknown,mindustry-evidence.json#/rows/234,False,unknown
mindustry,96f8dacbd2de964a26079dcd1928b3e5ca7d9b99207571acc802f7c7cff34508,direct-framework-reference,,com/android/dx/command/dump/ClassDumper,app-definition-present,unknown,2,0,unknown,mindustry-evidence.json#/rows/235,False,unknown
mindustry,96f8dacbd2de964a26079dcd1928b3e5ca7d9b99207571acc802f7c7cff34508,direct-framework-reference,,com/android/dx/command/dump/DotDumper,app-definition-present,unknown,6,0,unknown,mindustry-evidence.json#/rows/236,False,unknown
mindustry,96f8dacbd2de964a26079dcd1928b3e5ca7d9b99207571acc802f7c7cff34508,direct-framework-reference,,com/android/dx/command/dump/Main,app-definition-present,unknown,5,0,unknown,mindustry-evidence.json#/rows/237,False,unknown
mindustry,96f8dacbd2de964a26079dcd1928b3e5ca7d9b99207571acc802f7c7cff34508,direct-framework-reference,,com/android/dx/command/dump/SsaDumper,app-definition-present,unknown,2,0,unknown,mindustry-evidence.json#/rows/238,False,unknown
mindustry,96f8dacbd2de964a26079dcd1928b3e5ca7d9b99207571acc802f7c7cff34508,direct-framework-reference,,com/android/dx/command/findusages/FindUsages,app-definition-present,unknown,12,0,unknown,mindustry-evidence.json#/rows/239,False,unknown
mindustry,96f8dacbd2de964a26079dcd1928b3e5ca7d9b99207571acc802f7c7cff34508,direct-framework-reference,,com/android/dx/command/findusages/FindUsages$1,app-definition-present,unknown,3,0,unknown,mindustry-evidence.json#/rows/240,False,unknown
mindustry,96f8dacbd2de964a26079dcd1928b3e5ca7d9b99207571acc802f7c7cff34508,direct-framework-reference,,com/android/dx/command/findusages/FindUsages$2,app-definition-present,unknown,3,0,unknown,mindustry-evidence.json#/rows/241,False,unknown
mindustry,96f8dacbd2de964a26079dcd1928b3e5ca7d9b99207571acc802f7c7cff34508,direct-framework-reference,,com/android/dx/command/findusages/Main,app-definition-present,unknown,1,0,unknown,mindustry-evidence.json#/rows/242,False,unknown
mindustry,96f8dacbd2de964a26079dcd1928b3e5ca7d9b99207571acc802f7c7cff34508,direct-framework-reference,,com/android/dx/command/grep/Grep,app-definition-present,unknown,9,0,unknown,mindustry-evidence.json#/rows/243,False,unknown
mindustry,96f8dacbd2de964a26079dcd1928b3e5ca7d9b99207571acc802f7c7cff34508,direct-framework-reference,,com/android/dx/command/grep/Grep$1,app-definition-present,unknown,3,0,unknown,mindustry-evidence.json#/rows/244,False,unknown
mindustry,96f8dacbd2de964a26079dcd1928b3e5ca7d9b99207571acc802f7c7cff34508,direct-framework-reference,,com/android/dx/dex/DexOptions,app-definition-present,unknown,36,0,unknown,mindustry-evidence.json#/rows/245,False,unknown
mindustry,96f8dacbd2de964a26079dcd1928b3e5ca7d9b99207571acc802f7c7cff34508,direct-framework-reference,,com/android/dx/dex/cf/AttributeTranslator,app-definition-present,unknown,6,0,unknown,mindustry-evidence.json#/rows/246,False,unknown
mindustry,96f8dacbd2de964a26079dcd1928b3e5ca7d9b99207571acc802f7c7cff34508,direct-framework-reference,,com/android/dx/dex/cf/CfOptions,app-definition-present,unknown,11,0,unknown,mindustry-evidence.json#/rows/247,False,unknown
mindustry,96f8dacbd2de964a26079dcd1928b3e5ca7d9b99207571acc802f7c7cff34508,direct-framework-reference,,com/android/dx/dex/cf/CfTranslator,app-definition-present,unknown,6,0,unknown,mindustry-evidence.json#/rows/248,False,unknown
mindustry,96f8dacbd2de964a26079dcd1928b3e5ca7d9b99207571acc802f7c7cff34508,direct-framework-reference,,com/android/dx/dex/cf/CfTranslator$1,app-definition-present,unknown,1,0,unknown,mindustry-evidence.json#/rows/249,False,unknown
mindustry,96f8dacbd2de964a26079dcd1928b3e5ca7d9b99207571acc802f7c7cff34508,direct-framework-reference,,com/android/dx/dex/cf/CodeStatistics,app-definition-present,unknown,9,0,unknown,mindustry-evidence.json#/rows/250,False,unknown
mindustry,96f8dacbd2de964a26079dcd1928b3e5ca7d9b99207571acc802f7c7cff34508,direct-framework-reference,,com/android/dx/dex/cf/OptimizerOptions,app-definition-present,unknown,5,0,unknown,mindustry-evidence.json#/rows/251,False,unknown
mindustry,96f8dacbd2de964a26079dcd1928b3e5ca7d9b99207571acc802f7c7cff34508,direct-framework-reference,,com/android/dx/dex/code/ArrayData,app-definition-present,unknown,7,0,unknown,mindustry-evidence.json#/rows/252,False,unknown
mindustry,96f8dacbd2de964a26079dcd1928b3e5ca7d9b99207571acc802f7c7cff34508,direct-framework-reference,,com/android/dx/dex/code/BlockAddresses,app-definition-present,unknown,20,0,unknown,mindustry-evidence.json#/rows/253,False,unknown
mindustry,96f8dacbd2de964a26079dcd1928b3e5ca7d9b99207571acc802f7c7cff34508,direct-framework-reference,,com/android/dx/dex/code/CatchBuilder,app-definition-present,unknown,5,0,unknown,mindustry-evidence.json#/rows/254,False,unknown
mindustry,96f8dacbd2de964a26079dcd1928b3e5ca7d9b99207571acc802f7c7cff34508,direct-framework-reference,,com/android/dx/dex/code/CatchHandlerList,app-definition-present,unknown,17,0,unknown,mindustry-evidence.json#/rows/255,False,unknown
mindustry,96f8dacbd2de964a26079dcd1928b3e5ca7d9b99207571acc802f7c7cff34508,direct-framework-reference,,com/android/dx/dex/code/CatchHandlerList$Entry,app-definition-present,unknown,13,0,unknown,mindustry-evidence.json#/rows/256,False,unknown
mindustry,96f8dacbd2de964a26079dcd1928b3e5ca7d9b99207571acc802f7c7cff34508,direct-framework-reference,,com/android/dx/dex/code/CatchTable,app-definition-present,unknown,14,0,unknown,mindustry-evidence.json#/rows/257,False,unknown
mindustry,96f8dacbd2de964a26079dcd1928b3e5ca7d9b99207571acc802f7c7cff34508,direct-framework-reference,,com/android/dx/dex/code/CatchTable$Entry,app-definition-present,unknown,15,0,unknown,mindustry-evidence.json#/rows/258,False,unknown
mindustry,96f8dacbd2de964a26079dcd1928b3e5ca7d9b99207571acc802f7c7cff34508,direct-framework-reference,,com/android/dx/dex/code/CodeAddress,app-definition-present,unknown,48,0,unknown,mindustry-evidence.json#/rows/259,False,unknown
mindustry,96f8dacbd2de964a26079dcd1928b3e5ca7d9b99207571acc802f7c7cff34508,direct-framework-reference,,com/android/dx/dex/code/CstInsn,app-definition-present,unknown,58,0,unknown,mindustry-evidence.json#/rows/260,False,unknown
mindustry,96f8dacbd2de964a26079dcd1928b3e5ca7d9b99207571acc802f7c7cff34508,direct-framework-reference,,com/android/dx/dex/code/DalvCode,app-definition-present,unknown,31,0,unknown,mindustry-evidence.json#/rows/261,False,unknown
mindustry,96f8dacbd2de964a26079dcd1928b3e5ca7d9b99207571acc802f7c7cff34508,direct-framework-reference,,com/android/dx/dex/code/DalvCode$AssignIndicesCallback,app-definition-present,unknown,6,0,unknown,mindustry-evidence.json#/rows/262,False,unknown
mindustry,96f8dacbd2de964a26079dcd1928b3e5ca7d9b99207571acc802f7c7cff34508,direct-framework-reference,,com/android/dx/dex/code/DalvInsn,app-definition-present,unknown,213,0,unknown,mindustry-evidence.json#/rows/263,False,unknown
mindustry,96f8dacbd2de964a26079dcd1928b3e5ca7d9b99207571acc802f7c7cff34508,direct-framework-reference,,com/android/dx/dex/code/DalvInsnList,app-definition-present,unknown,21,0,unknown,mindustry-evidence.json#/rows/264,False,unknown
mindustry,96f8dacbd2de964a26079dcd1928b3e5ca7d9b99207571acc802f7c7cff34508,direct-framework-reference,,com/android/dx/dex/code/Dop,app-definition-present,unknown,63,0,unknown,mindustry-evidence.json#/rows/265,False,unknown
mindustry,96f8dacbd2de964a26079dcd1928b3e5ca7d9b99207571acc802f7c7cff34508,direct-framework-reference,,com/android/dx/dex/code/Dops,app-definition-present,unknown,16,0,unknown,mindustry-evidence.json#/rows/266,False,unknown
mindustry,96f8dacbd2de964a26079dcd1928b3e5ca7d9b99207571acc802f7c7cff34508,direct-framework-reference,,com/android/dx/dex/code/FixedSizeInsn,app-definition-present,unknown,8,0,unknown,mindustry-evidence.json#/rows/267,False,unknown
mindustry,96f8dacbd2de964a26079dcd1928b3e5ca7d9b99207571acc802f7c7cff34508,direct-framework-reference,,com/android/dx/dex/code/HighRegisterPrefix,app-definition-present,unknown,7,0,unknown,mindustry-evidence.json#/rows/268,False,unknown
mindustry,96f8dacbd2de964a26079dcd1928b3e5ca7d9b99207571acc802f7c7cff34508,direct-framework-reference,,com/android/dx/dex/code/InsnFormat,app-definition-present,unknown,175,0,unknown,mindustry-evidence.json#/rows/269,False,unknown
mindustry,96f8dacbd2de964a26079dcd1928b3e5ca7d9b99207571acc802f7c7cff34508,direct-framework-reference,,com/android/dx/dex/code/LocalList,app-definition-present,unknown,16,0,unknown,mindustry-evidence.json#/rows/270,False,unknown
mindustry,96f8dacbd2de964a26079dcd1928b3e5ca7d9b99207571acc802f7c7cff34508,direct-framework-reference,,com/android/dx/dex/code/LocalList$Disposition,app-definition-present,unknown,17,0,unknown,mindustry-evidence.json#/rows/271,False,unknown
mindustry,96f8dacbd2de964a26079dcd1928b3e5ca7d9b99207571acc802f7c7cff34508,direct-framework-reference,,com/android/dx/dex/code/LocalList$Entry,app-definition-present,unknown,38,0,unknown,mindustry-evidence.json#/rows/272,False,unknown
mindustry,96f8dacbd2de964a26079dcd1928b3e5ca7d9b99207571acc802f7c7cff34508,direct-framework-reference,,com/android/dx/dex/code/LocalList$MakeState,app-definition-present,unknown,11,0,unknown,mindustry-evidence.json#/rows/273,False,unknown
mindustry,96f8dacbd2de964a26079dcd1928b3e5ca7d9b99207571acc802f7c7cff34508,direct-framework-reference,,com/android/dx/dex/code/LocalSnapshot,app-definition-present,unknown,11,0,unknown,mindustry-evidence.json#/rows/274,False,unknown
mindustry,96f8dacbd2de964a26079dcd1928b3e5ca7d9b99207571acc802f7c7cff34508,direct-framework-reference,,com/android/dx/dex/code/LocalStart,app-definition-present,unknown,12,0,unknown,mindustry-evidence.json#/rows/275,False,unknown
mindustry,96f8dacbd2de964a26079dcd1928b3e5ca7d9b99207571acc802f7c7cff34508,direct-framework-reference,,com/android/dx/dex/code/MultiCstInsn,app-definition-present,unknown,24,0,unknown,mindustry-evidence.json#/rows/276,False,unknown
mindustry,96f8dacbd2de964a26079dcd1928b3e5ca7d9b99207571acc802f7c7cff34508,direct-framework-reference,,com/android/dx/dex/code/OddSpacer,app-definition-present,unknown,5,0,unknown,mindustry-evidence.json#/rows/277,False,unknown
mindustry,96f8dacbd2de964a26079dcd1928b3e5ca7d9b99207571acc802f7c7cff34508,direct-framework-reference,,com/android/dx/dex/code/OutputCollector,app-definition-present,unknown,13,0,unknown,mindustry-evidence.json#/rows/278,False,unknown
mindustry,96f8dacbd2de964a26079dcd1928b3e5ca7d9b99207571acc802f7c7cff34508,direct-framework-reference,,com/android/dx/dex/code/OutputFinisher,app-definition-present,unknown,39,0,unknown,mindustry-evidence.json#/rows/279,False,unknown
mindustry,96f8dacbd2de964a26079dcd1928b3e5ca7d9b99207571acc802f7c7cff34508,direct-framework-reference,,com/android/dx/dex/code/PositionList,app-definition-present,unknown,10,0,unknown,mindustry-evidence.json#/rows/280,False,unknown
mindustry,96f8dacbd2de964a26079dcd1928b3e5ca7d9b99207571acc802f7c7cff34508,direct-framework-reference,,com/android/dx/dex/code/PositionList$Entry,app-definition-present,unknown,13,0,unknown,mindustry-evidence.json#/rows/281,False,unknown
mindustry,96f8dacbd2de964a26079dcd1928b3e5ca7d9b99207571acc802f7c7cff34508,direct-framework-reference,,com/android/dx/dex/code/RopToDop,app-definition-present,unknown,7,0,unknown,mindustry-evidence.json#/rows/282,False,unknown
mindustry,96f8dacbd2de964a26079dcd1928b3e5ca7d9b99207571acc802f7c7cff34508,direct-framework-reference,,com/android/dx/dex/code/RopTranslator,app-definition-present,unknown,25,0,unknown,mindustry-evidence.json#/rows/283,False,unknown
mindustry,96f8dacbd2de964a26079dcd1928b3e5ca7d9b99207571acc802f7c7cff34508,direct-framework-reference,,com/android/dx/dex/code/RopTranslator$1,app-definition-present,unknown,3,0,unknown,mindustry-evidence.json#/rows/284,False,unknown
mindustry,96f8dacbd2de964a26079dcd1928b3e5ca7d9b99207571acc802f7c7cff34508,direct-framework-reference,,com/android/dx/dex/code/RopTranslator$LocalVariableAwareTranslationVisitor,app-definition-present,unknown,8,0,unknown,mindustry-evidence.json#/rows/285,False,unknown
mindustry,96f8dacbd2de964a26079dcd1928b3e5ca7d9b99207571acc802f7c7cff34508,direct-framework-reference,,com/android/dx/dex/code/RopTranslator$TranslationVisitor,app-definition-present,unknown,21,0,unknown,mindustry-evidence.json#/rows/286,False,unknown
mindustry,96f8dacbd2de964a26079dcd1928b3e5ca7d9b99207571acc802f7c7cff34508,direct-framework-reference,,com/android/dx/dex/code/SimpleInsn,app-definition-present,unknown,20,0,unknown,mindustry-evidence.json#/rows/287,False,unknown
mindustry,96f8dacbd2de964a26079dcd1928b3e5ca7d9b99207571acc802f7c7cff34508,direct-framework-reference,,com/android/dx/dex/code/StdCatchBuilder,app-definition-present,unknown,6,0,unknown,mindustry-evidence.json#/rows/288,False,unknown
mindustry,96f8dacbd2de964a26079dcd1928b3e5ca7d9b99207571acc802f7c7cff34508,direct-framework-reference,,com/android/dx/dex/code/SwitchData,app-definition-present,unknown,9,0,unknown,mindustry-evidence.json#/rows/289,False,unknown
mindustry,96f8dacbd2de964a26079dcd1928b3e5ca7d9b99207571acc802f7c7cff34508,direct-framework-reference,,com/android/dx/dex/code/TargetInsn,app-definition-present,unknown,33,0,unknown,mindustry-evidence.json#/rows/290,False,unknown
mindustry,96f8dacbd2de964a26079dcd1928b3e5ca7d9b99207571acc802f7c7cff34508,direct-framework-reference,,com/android/dx/dex/code/VariableSizeInsn,app-definition-present,unknown,4,0,unknown,mindustry-evidence.json#/rows/291,False,unknown
mindustry,96f8dacbd2de964a26079dcd1928b3e5ca7d9b99207571acc802f7c7cff34508,direct-framework-reference,,com/android/dx/dex/code/ZeroSizeInsn,app-definition-present,unknown,4,0,unknown,mindustry-evidence.json#/rows/292,False,unknown
mindustry,96f8dacbd2de964a26079dcd1928b3e5ca7d9b99207571acc802f7c7cff34508,direct-framework-reference,,com/android/dx/dex/code/form/Form10t,app-definition-present,unknown,3,0,unknown,mindustry-evidence.json#/rows/293,False,unknown
mindustry,96f8dacbd2de964a26079dcd1928b3e5ca7d9b99207571acc802f7c7cff34508,direct-framework-reference,,com/android/dx/dex/code/form/Form10x,app-definition-present,unknown,2,0,unknown,mindustry-evidence.json#/rows/294,False,unknown
mindustry,96f8dacbd2de964a26079dcd1928b3e5ca7d9b99207571acc802f7c7cff34508,direct-framework-reference,,com/android/dx/dex/code/form/Form11n,app-definition-present,unknown,2,0,unknown,mindustry-evidence.json#/rows/295,False,unknown
mindustry,96f8dacbd2de964a26079dcd1928b3e5ca7d9b99207571acc802f7c7cff34508,direct-framework-reference,,com/android/dx/dex/code/form/Form11x,app-definition-present,unknown,2,0,unknown,mindustry-evidence.json#/rows/296,False,unknown
mindustry,96f8dacbd2de964a26079dcd1928b3e5ca7d9b99207571acc802f7c7cff34508,direct-framework-reference,,com/android/dx/dex/code/form/Form12x,app-definition-present,unknown,2,0,unknown,mindustry-evidence.json#/rows/297,False,unknown
mindustry,96f8dacbd2de964a26079dcd1928b3e5ca7d9b99207571acc802f7c7cff34508,direct-framework-reference,,com/android/dx/dex/code/form/Form20t,app-definition-present,unknown,3,0,unknown,mindustry-evidence.json#/rows/298,False,unknown
mindustry,96f8dacbd2de964a26079dcd1928b3e5ca7d9b99207571acc802f7c7cff34508,direct-framework-reference,,com/android/dx/dex/code/form/Form21c,app-definition-present,unknown,2,0,unknown,mindustry-evidence.json#/rows/299,False,unknown
mindustry,96f8dacbd2de964a26079dcd1928b3e5ca7d9b99207571acc802f7c7cff34508,direct-framework-reference,,com/android/dx/dex/code/form/Form21h,app-definition-present,unknown,2,0,unknown,mindustry-evidence.json#/rows/300,False,unknown
mindustry,96f8dacbd2de964a26079dcd1928b3e5ca7d9b99207571acc802f7c7cff34508,direct-framework-reference,,com/android/dx/dex/code/form/Form21s,app-definition-present,unknown,2,0,unknown,mindustry-evidence.json#/rows/301,False,unknown
mindustry,96f8dacbd2de964a26079dcd1928b3e5ca7d9b99207571acc802f7c7cff34508,direct-framework-reference,,com/android/dx/dex/code/form/Form21t,app-definition-present,unknown,3,0,unknown,mindustry-evidence.json#/rows/302,False,unknown
mindustry,96f8dacbd2de964a26079dcd1928b3e5ca7d9b99207571acc802f7c7cff34508,direct-framework-reference,,com/android/dx/dex/code/form/Form22b,app-definition-present,unknown,2,0,unknown,mindustry-evidence.json#/rows/303,False,unknown
mindustry,96f8dacbd2de964a26079dcd1928b3e5ca7d9b99207571acc802f7c7cff34508,direct-framework-reference,,com/android/dx/dex/code/form/Form22c,app-definition-present,unknown,2,0,unknown,mindustry-evidence.json#/rows/304,False,unknown
mindustry,96f8dacbd2de964a26079dcd1928b3e5ca7d9b99207571acc802f7c7cff34508,direct-framework-reference,,com/android/dx/dex/code/form/Form22s,app-definition-present,unknown,2,0,unknown,mindustry-evidence.json#/rows/305,False,unknown
mindustry,96f8dacbd2de964a26079dcd1928b3e5ca7d9b99207571acc802f7c7cff34508,direct-framework-reference,,com/android/dx/dex/code/form/Form22t,app-definition-present,unknown,3,0,unknown,mindustry-evidence.json#/rows/306,False,unknown
mindustry,96f8dacbd2de964a26079dcd1928b3e5ca7d9b99207571acc802f7c7cff34508,direct-framework-reference,,com/android/dx/dex/code/form/Form22x,app-definition-present,unknown,2,0,unknown,mindustry-evidence.json#/rows/307,False,unknown
mindustry,96f8dacbd2de964a26079dcd1928b3e5ca7d9b99207571acc802f7c7cff34508,direct-framework-reference,,com/android/dx/dex/code/form/Form23x,app-definition-present,unknown,2,0,unknown,mindustry-evidence.json#/rows/308,False,unknown
mindustry,96f8dacbd2de964a26079dcd1928b3e5ca7d9b99207571acc802f7c7cff34508,direct-framework-reference,,com/android/dx/dex/code/form/Form30t,app-definition-present,unknown,2,0,unknown,mindustry-evidence.json#/rows/309,False,unknown
mindustry,96f8dacbd2de964a26079dcd1928b3e5ca7d9b99207571acc802f7c7cff34508,direct-framework-reference,,com/android/dx/dex/code/form/Form31c,app-definition-present,unknown,2,0,unknown,mindustry-evidence.json#/rows/310,False,unknown
mindustry,96f8dacbd2de964a26079dcd1928b3e5ca7d9b99207571acc802f7c7cff34508,direct-framework-reference,,com/android/dx/dex/code/form/Form31i,app-definition-present,unknown,2,0,unknown,mindustry-evidence.json#/rows/311,False,unknown
mindustry,96f8dacbd2de964a26079dcd1928b3e5ca7d9b99207571acc802f7c7cff34508,direct-framework-reference,,com/android/dx/dex/code/form/Form31t,app-definition-present,unknown,2,0,unknown,mindustry-evidence.json#/rows/312,False,unknown
mindustry,96f8dacbd2de964a26079dcd1928b3e5ca7d9b99207571acc802f7c7cff34508,direct-framework-reference,,com/android/dx/dex/code/form/Form32x,app-definition-present,unknown,2,0,unknown,mindustry-evidence.json#/rows/313,False,unknown
mindustry,96f8dacbd2de964a26079dcd1928b3e5ca7d9b99207571acc802f7c7cff34508,direct-framework-reference,,com/android/dx/dex/code/form/Form35c,app-definition-present,unknown,6,0,unknown,mindustry-evidence.json#/rows/314,False,unknown
mindustry,96f8dacbd2de964a26079dcd1928b3e5ca7d9b99207571acc802f7c7cff34508,direct-framework-reference,,com/android/dx/dex/code/form/Form3rc,app-definition-present,unknown,2,0,unknown,mindustry-evidence.json#/rows/315,False,unknown
mindustry,96f8dacbd2de964a26079dcd1928b3e5ca7d9b99207571acc802f7c7cff34508,direct-framework-reference,,com/android/dx/dex/code/form/Form45cc,app-definition-present,unknown,6,0,unknown,mindustry-evidence.json#/rows/316,False,unknown
mindustry,96f8dacbd2de964a26079dcd1928b3e5ca7d9b99207571acc802f7c7cff34508,direct-framework-reference,,com/android/dx/dex/code/form/Form4rcc,app-definition-present,unknown,2,0,unknown,mindustry-evidence.json#/rows/317,False,unknown
mindustry,96f8dacbd2de964a26079dcd1928b3e5ca7d9b99207571acc802f7c7cff34508,direct-framework-reference,,com/android/dx/dex/code/form/Form51l,app-definition-present,unknown,2,0,unknown,mindustry-evidence.json#/rows/318,False,unknown
mindustry,96f8dacbd2de964a26079dcd1928b3e5ca7d9b99207571acc802f7c7cff34508,direct-framework-reference,,com/android/dx/dex/code/form/SpecialFormat,app-definition-present,unknown,2,0,unknown,mindustry-evidence.json#/rows/319,False,unknown
mindustry,96f8dacbd2de964a26079dcd1928b3e5ca7d9b99207571acc802f7c7cff34508,direct-framework-reference,,com/android/dx/dex/file/AnnotationItem,app-definition-present,unknown,17,0,unknown,mindustry-evidence.json#/rows/320,False,unknown
mindustry,96f8dacbd2de964a26079dcd1928b3e5ca7d9b99207571acc802f7c7cff34508,direct-framework-reference,,com/android/dx/dex/file/AnnotationItem$1,app-definition-present,unknown,3,0,unknown,mindustry-evidence.json#/rows/321,False,unknown
mindustry,96f8dacbd2de964a26079dcd1928b3e5ca7d9b99207571acc802f7c7cff34508,direct-framework-reference,,com/android/dx/dex/file/AnnotationItem$TypeIdSorter,app-definition-present,unknown,4,0,unknown,mindustry-evidence.json#/rows/322,False,unknown
mindustry,96f8dacbd2de964a26079dcd1928b3e5ca7d9b99207571acc802f7c7cff34508,direct-framework-reference,,com/android/dx/dex/file/AnnotationSetItem,app-definition-present,unknown,34,0,unknown,mindustry-evidence.json#/rows/323,False,unknown
mindustry,96f8dacbd2de964a26079dcd1928b3e5ca7d9b99207571acc802f7c7cff34508,direct-framework-reference,,com/android/dx/dex/file/AnnotationSetRefItem,app-definition-present,unknown,6,0,unknown,mindustry-evidence.json#/rows/324,False,unknown
mindustry,96f8dacbd2de964a26079dcd1928b3e5ca7d9b99207571acc802f7c7cff34508,direct-framework-reference,,com/android/dx/dex/file/AnnotationUtils,app-definition-present,unknown,15,0,unknown,mindustry-evidence.json#/rows/325,False,unknown
mindustry,96f8dacbd2de964a26079dcd1928b3e5ca7d9b99207571acc802f7c7cff34508,direct-framework-reference,,com/android/dx/dex/file/AnnotationsDirectoryItem,app-definition-present,unknown,25,0,unknown,mindustry-evidence.json#/rows/326,False,unknown
mindustry,96f8dacbd2de964a26079dcd1928b3e5ca7d9b99207571acc802f7c7cff34508,direct-framework-reference,,com/android/dx/dex/file/CallSiteIdItem,app-definition-present,unknown,6,0,unknown,mindustry-evidence.json#/rows/327,False,unknown
mindustry,96f8dacbd2de964a26079dcd1928b3e5ca7d9b99207571acc802f7c7cff34508,direct-framework-reference,,com/android/dx/dex/file/CallSiteIdsSection,app-definition-present,unknown,13,0,unknown,mindustry-evidence.json#/rows/328,False,unknown
mindustry,96f8dacbd2de964a26079dcd1928b3e5ca7d9b99207571acc802f7c7cff34508,direct-framework-reference,,com/android/dx/dex/file/CallSiteItem,app-definition-present,unknown,10,0,unknown,mindustry-evidence.json#/rows/329,False,unknown
mindustry,96f8dacbd2de964a26079dcd1928b3e5ca7d9b99207571acc802f7c7cff34508,direct-framework-reference,,com/android/dx/dex/file/CatchStructs,app-definition-present,unknown,13,0,unknown,mindustry-evidence.json#/rows/330,False,unknown
mindustry,96f8dacbd2de964a26079dcd1928b3e5ca7d9b99207571acc802f7c7cff34508,direct-framework-reference,,com/android/dx/dex/file/ClassDataItem,app-definition-present,unknown,23,0,unknown,mindustry-evidence.json#/rows/331,False,unknown
mindustry,96f8dacbd2de964a26079dcd1928b3e5ca7d9b99207571acc802f7c7cff34508,direct-framework-reference,,com/android/dx/dex/file/ClassDefItem,app-definition-present,unknown,37,0,unknown,mindustry-evidence.json#/rows/332,False,unknown
mindustry,96f8dacbd2de964a26079dcd1928b3e5ca7d9b99207571acc802f7c7cff34508,direct-framework-reference,,com/android/dx/dex/file/ClassDefsSection,app-definition-present,unknown,15,0,unknown,mindustry-evidence.json#/rows/333,False,unknown
mindustry,96f8dacbd2de964a26079dcd1928b3e5ca7d9b99207571acc802f7c7cff34508,direct-framework-reference,,com/android/dx/dex/file/CodeItem,app-definition-present,unknown,18,0,unknown,mindustry-evidence.json#/rows/334,False,unknown
mindustry,96f8dacbd2de964a26079dcd1928b3e5ca7d9b99207571acc802f7c7cff34508,direct-framework-reference,,com/android/dx/dex/file/CodeItem$1,app-definition-present,unknown,3,0,unknown,mindustry-evidence.json#/rows/335,False,unknown
mindustry,96f8dacbd2de964a26079dcd1928b3e5ca7d9b99207571acc802f7c7cff34508,direct-framework-reference,,com/android/dx/dex/file/DebugInfoDecoder,app-definition-present,unknown,8,0,unknown,mindustry-evidence.json#/rows/336,False,unknown
mindustry,96f8dacbd2de964a26079dcd1928b3e5ca7d9b99207571acc802f7c7cff34508,direct-framework-reference,,com/android/dx/dex/file/DebugInfoDecoder$LocalEntry,app-definition-present,unknown,5,0,unknown,mindustry-evidence.json#/rows/337,False,unknown
mindustry,96f8dacbd2de964a26079dcd1928b3e5ca7d9b99207571acc802f7c7cff34508,direct-framework-reference,,com/android/dx/dex/file/DebugInfoDecoder$PositionEntry,app-definition-present,unknown,3,0,unknown,mindustry-evidence.json#/rows/338,False,unknown
mindustry,96f8dacbd2de964a26079dcd1928b3e5ca7d9b99207571acc802f7c7cff34508,direct-framework-reference,,com/android/dx/dex/file/DebugInfoEncoder,app-definition-present,unknown,25,0,unknown,mindustry-evidence.json#/rows/339,False,unknown
mindustry,96f8dacbd2de964a26079dcd1928b3e5ca7d9b99207571acc802f7c7cff34508,direct-framework-reference,,com/android/dx/dex/file/DebugInfoEncoder$1,app-definition-present,unknown,3,0,unknown,mindustry-evidence.json#/rows/340,False,unknown
mindustry,96f8dacbd2de964a26079dcd1928b3e5ca7d9b99207571acc802f7c7cff34508,direct-framework-reference,,com/android/dx/dex/file/DebugInfoEncoder$2,app-definition-present,unknown,3,0,unknown,mindustry-evidence.json#/rows/341,False,unknown
mindustry,96f8dacbd2de964a26079dcd1928b3e5ca7d9b99207571acc802f7c7cff34508,direct-framework-reference,,com/android/dx/dex/file/DebugInfoItem,app-definition-present,unknown,11,0,unknown,mindustry-evidence.json#/rows/342,False,unknown
mindustry,96f8dacbd2de964a26079dcd1928b3e5ca7d9b99207571acc802f7c7cff34508,direct-framework-reference,,com/android/dx/dex/file/DexFile,app-definition-present,unknown,154,0,unknown,mindustry-evidence.json#/rows/343,False,unknown
mindustry,96f8dacbd2de964a26079dcd1928b3e5ca7d9b99207571acc802f7c7cff34508,direct-framework-reference,,com/android/dx/dex/file/DexFile$Storage,app-definition-present,unknown,7,0,unknown,mindustry-evidence.json#/rows/344,False,unknown
mindustry,96f8dacbd2de964a26079dcd1928b3e5ca7d9b99207571acc802f7c7cff34508,direct-framework-reference,,com/android/dx/dex/file/EncodedArrayItem,app-definition-present,unknown,10,0,unknown,mindustry-evidence.json#/rows/345,False,unknown
mindustry,96f8dacbd2de964a26079dcd1928b3e5ca7d9b99207571acc802f7c7cff34508,direct-framework-reference,,com/android/dx/dex/file/EncodedField,app-definition-present,unknown,17,0,unknown,mindustry-evidence.json#/rows/346,False,unknown
mindustry,96f8dacbd2de964a26079dcd1928b3e5ca7d9b99207571acc802f7c7cff34508,direct-framework-reference,,com/android/dx/dex/file/EncodedMember,app-definition-present,unknown,9,0,unknown,mindustry-evidence.json#/rows/347,False,unknown
mindustry,96f8dacbd2de964a26079dcd1928b3e5ca7d9b99207571acc802f7c7cff34508,direct-framework-reference,,com/android/dx/dex/file/EncodedMethod,app-definition-present,unknown,17,0,unknown,mindustry-evidence.json#/rows/348,False,unknown
mindustry,96f8dacbd2de964a26079dcd1928b3e5ca7d9b99207571acc802f7c7cff34508,direct-framework-reference,,com/android/dx/dex/file/FieldAnnotationStruct,app-definition-present,unknown,14,0,unknown,mindustry-evidence.json#/rows/349,False,unknown
mindustry,96f8dacbd2de964a26079dcd1928b3e5ca7d9b99207571acc802f7c7cff34508,direct-framework-reference,,com/android/dx/dex/file/FieldIdItem,app-definition-present,unknown,10,0,unknown,mindustry-evidence.json#/rows/350,False,unknown
mindustry,96f8dacbd2de964a26079dcd1928b3e5ca7d9b99207571acc802f7c7cff34508,direct-framework-reference,,com/android/dx/dex/file/FieldIdsSection,app-definition-present,unknown,21,0,unknown,mindustry-evidence.json#/rows/351,False,unknown
mindustry,96f8dacbd2de964a26079dcd1928b3e5ca7d9b99207571acc802f7c7cff34508,direct-framework-reference,,com/android/dx/dex/file/HeaderItem,app-definition-present,unknown,1,0,unknown,mindustry-evidence.json#/rows/352,False,unknown
mindustry,96f8dacbd2de964a26079dcd1928b3e5ca7d9b99207571acc802f7c7cff34508,direct-framework-reference,,com/android/dx/dex/file/HeaderSection,app-definition-present,unknown,4,0,unknown,mindustry-evidence.json#/rows/353,False,unknown
mindustry,96f8dacbd2de964a26079dcd1928b3e5ca7d9b99207571acc802f7c7cff34508,direct-framework-reference,,com/android/dx/dex/file/IdItem,app-definition-present,unknown,10,0,unknown,mindustry-evidence.json#/rows/354,False,unknown
mindustry,96f8dacbd2de964a26079dcd1928b3e5ca7d9b99207571acc802f7c7cff34508,direct-framework-reference,,com/android/dx/dex/file/IndexedItem,app-definition-present,unknown,46,0,unknown,mindustry-evidence.json#/rows/355,False,unknown
mindustry,96f8dacbd2de964a26079dcd1928b3e5ca7d9b99207571acc802f7c7cff34508,direct-framework-reference,,com/android/dx/dex/file/Item,app-definition-present,unknown,22,0,unknown,mindustry-evidence.json#/rows/356,False,unknown
mindustry,96f8dacbd2de964a26079dcd1928b3e5ca7d9b99207571acc802f7c7cff34508,direct-framework-reference,,com/android/dx/dex/file/ItemType,app-definition-present,unknown,42,0,unknown,mindustry-evidence.json#/rows/357,False,unknown
mindustry,96f8dacbd2de964a26079dcd1928b3e5ca7d9b99207571acc802f7c7cff34508,direct-framework-reference,,com/android/dx/dex/file/MapItem,app-definition-present,unknown,7,0,unknown,mindustry-evidence.json#/rows/358,False,unknown
mindustry,96f8dacbd2de964a26079dcd1928b3e5ca7d9b99207571acc802f7c7cff34508,direct-framework-reference,,com/android/dx/dex/file/MemberIdItem,app-definition-present,unknown,12,0,unknown,mindustry-evidence.json#/rows/359,False,unknown
mindustry,96f8dacbd2de964a26079dcd1928b3e5ca7d9b99207571acc802f7c7cff34508,direct-framework-reference,,com/android/dx/dex/file/MemberIdsSection,app-definition-present,unknown,3,0,unknown,mindustry-evidence.json#/rows/360,False,unknown
mindustry,96f8dacbd2de964a26079dcd1928b3e5ca7d9b99207571acc802f7c7cff34508,direct-framework-reference,,com/android/dx/dex/file/MethodAnnotationStruct,app-definition-present,unknown,15,0,unknown,mindustry-evidence.json#/rows/361,False,unknown
mindustry,96f8dacbd2de964a26079dcd1928b3e5ca7d9b99207571acc802f7c7cff34508,direct-framework-reference,,com/android/dx/dex/file/MethodHandleItem,app-definition-present,unknown,7,0,unknown,mindustry-evidence.json#/rows/362,False,unknown
mindustry,96f8dacbd2de964a26079dcd1928b3e5ca7d9b99207571acc802f7c7cff34508,direct-framework-reference,,com/android/dx/dex/file/MethodHandlesSection,app-definition-present,unknown,14,0,unknown,mindustry-evidence.json#/rows/363,False,unknown
mindustry,96f8dacbd2de964a26079dcd1928b3e5ca7d9b99207571acc802f7c7cff34508,direct-framework-reference,,com/android/dx/dex/file/MethodIdItem,app-definition-present,unknown,10,0,unknown,mindustry-evidence.json#/rows/364,False,unknown
mindustry,96f8dacbd2de964a26079dcd1928b3e5ca7d9b99207571acc802f7c7cff34508,direct-framework-reference,,com/android/dx/dex/file/MethodIdsSection,app-definition-present,unknown,24,0,unknown,mindustry-evidence.json#/rows/365,False,unknown
mindustry,96f8dacbd2de964a26079dcd1928b3e5ca7d9b99207571acc802f7c7cff34508,direct-framework-reference,,com/android/dx/dex/file/MixedItemSection,app-definition-present,unknown,36,0,unknown,mindustry-evidence.json#/rows/366,False,unknown
mindustry,96f8dacbd2de964a26079dcd1928b3e5ca7d9b99207571acc802f7c7cff34508,direct-framework-reference,,com/android/dx/dex/file/MixedItemSection$1,app-definition-present,unknown,2,0,unknown,mindustry-evidence.json#/rows/367,False,unknown
mindustry,96f8dacbd2de964a26079dcd1928b3e5ca7d9b99207571acc802f7c7cff34508,direct-framework-reference,,com/android/dx/dex/file/MixedItemSection$2,app-definition-present,unknown,2,0,unknown,mindustry-evidence.json#/rows/368,False,unknown
mindustry,96f8dacbd2de964a26079dcd1928b3e5ca7d9b99207571acc802f7c7cff34508,direct-framework-reference,,com/android/dx/dex/file/MixedItemSection$SortType,app-definition-present,unknown,7,0,unknown,mindustry-evidence.json#/rows/369,False,unknown
mindustry,96f8dacbd2de964a26079dcd1928b3e5ca7d9b99207571acc802f7c7cff34508,direct-framework-reference,,com/android/dx/dex/file/OffsettedItem,app-definition-present,unknown,83,0,unknown,mindustry-evidence.json#/rows/370,False,unknown
mindustry,96f8dacbd2de964a26079dcd1928b3e5ca7d9b99207571acc802f7c7cff34508,direct-framework-reference,,com/android/dx/dex/file/ParameterAnnotationStruct,app-definition-present,unknown,15,0,unknown,mindustry-evidence.json#/rows/371,False,unknown
mindustry,96f8dacbd2de964a26079dcd1928b3e5ca7d9b99207571acc802f7c7cff34508,direct-framework-reference,,com/android/dx/dex/file/ProtoIdItem,app-definition-present,unknown,9,0,unknown,mindustry-evidence.json#/rows/372,False,unknown
mindustry,96f8dacbd2de964a26079dcd1928b3e5ca7d9b99207571acc802f7c7cff34508,direct-framework-reference,,com/android/dx/dex/file/ProtoIdsSection,app-definition-present,unknown,16,0,unknown,mindustry-evidence.json#/rows/373,False,unknown
mindustry,96f8dacbd2de964a26079dcd1928b3e5ca7d9b99207571acc802f7c7cff34508,direct-framework-reference,,com/android/dx/dex/file/Section,app-definition-present,unknown,77,0,unknown,mindustry-evidence.json#/rows/374,False,unknown
mindustry,96f8dacbd2de964a26079dcd1928b3e5ca7d9b99207571acc802f7c7cff34508,direct-framework-reference,,com/android/dx/dex/file/Statistics,app-definition-present,unknown,8,0,unknown,mindustry-evidence.json#/rows/375,False,unknown
mindustry,96f8dacbd2de964a26079dcd1928b3e5ca7d9b99207571acc802f7c7cff34508,direct-framework-reference,,com/android/dx/dex/file/Statistics$Data,app-definition-present,unknown,8,0,unknown,mindustry-evidence.json#/rows/376,False,unknown
mindustry,96f8dacbd2de964a26079dcd1928b3e5ca7d9b99207571acc802f7c7cff34508,direct-framework-reference,,com/android/dx/dex/file/StringDataItem,app-definition-present,unknown,8,0,unknown,mindustry-evidence.json#/rows/377,False,unknown
mindustry,96f8dacbd2de964a26079dcd1928b3e5ca7d9b99207571acc802f7c7cff34508,direct-framework-reference,,com/android/dx/dex/file/StringIdItem,app-definition-present,unknown,20,0,unknown,mindustry-evidence.json#/rows/378,False,unknown
mindustry,96f8dacbd2de964a26079dcd1928b3e5ca7d9b99207571acc802f7c7cff34508,direct-framework-reference,,com/android/dx/dex/file/StringIdsSection,app-definition-present,unknown,29,0,unknown,mindustry-evidence.json#/rows/379,False,unknown
mindustry,96f8dacbd2de964a26079dcd1928b3e5ca7d9b99207571acc802f7c7cff34508,direct-framework-reference,,com/android/dx/dex/file/TypeIdItem,app-definition-present,unknown,16,0,unknown,mindustry-evidence.json#/rows/380,False,unknown
mindustry,96f8dacbd2de964a26079dcd1928b3e5ca7d9b99207571acc802f7c7cff34508,direct-framework-reference,,com/android/dx/dex/file/TypeIdsSection,app-definition-present,unknown,32,0,unknown,mindustry-evidence.json#/rows/381,False,unknown
mindustry,96f8dacbd2de964a26079dcd1928b3e5ca7d9b99207571acc802f7c7cff34508,direct-framework-reference,,com/android/dx/dex/file/TypeListItem,app-definition-present,unknown,14,0,unknown,mindustry-evidence.json#/rows/382,False,unknown
mindustry,96f8dacbd2de964a26079dcd1928b3e5ca7d9b99207571acc802f7c7cff34508,direct-framework-reference,,com/android/dx/dex/file/UniformItemSection,app-definition-present,unknown,9,0,unknown,mindustry-evidence.json#/rows/383,False,unknown
mindustry,96f8dacbd2de964a26079dcd1928b3e5ca7d9b99207571acc802f7c7cff34508,direct-framework-reference,,com/android/dx/dex/file/UniformListItem,app-definition-present,unknown,14,0,unknown,mindustry-evidence.json#/rows/384,False,unknown
mindustry,96f8dacbd2de964a26079dcd1928b3e5ca7d9b99207571acc802f7c7cff34508,direct-framework-reference,,com/android/dx/dex/file/ValueEncoder,app-definition-present,unknown,17,0,unknown,mindustry-evidence.json#/rows/385,False,unknown
mindustry,96f8dacbd2de964a26079dcd1928b3e5ca7d9b99207571acc802f7c7cff34508,direct-framework-reference,,com/android/dx/io/CodeReader,app-definition-present,unknown,18,0,unknown,mindustry-evidence.json#/rows/386,False,unknown
mindustry,96f8dacbd2de964a26079dcd1928b3e5ca7d9b99207571acc802f7c7cff34508,direct-framework-reference,,com/android/dx/io/CodeReader$1,app-definition-present,unknown,2,0,unknown,mindustry-evidence.json#/rows/387,False,unknown
mindustry,96f8dacbd2de964a26079dcd1928b3e5ca7d9b99207571acc802f7c7cff34508,direct-framework-reference,,com/android/dx/io/CodeReader$Visitor,app-definition-present,unknown,13,0,unknown,mindustry-evidence.json#/rows/388,False,unknown
mindustry,96f8dacbd2de964a26079dcd1928b3e5ca7d9b99207571acc802f7c7cff34508,direct-framework-reference,,com/android/dx/io/DexIndexPrinter,app-definition-present,unknown,10,0,unknown,mindustry-evidence.json#/rows/389,False,unknown
mindustry,96f8dacbd2de964a26079dcd1928b3e5ca7d9b99207571acc802f7c7cff34508,direct-framework-reference,,com/android/dx/io/IndexType,app-definition-present,unknown,61,0,unknown,mindustry-evidence.json#/rows/390,False,unknown
mindustry,96f8dacbd2de964a26079dcd1928b3e5ca7d9b99207571acc802f7c7cff34508,direct-framework-reference,,com/android/dx/io/OpcodeInfo,app-definition-present,unknown,18,0,unknown,mindustry-evidence.json#/rows/391,False,unknown
mindustry,96f8dacbd2de964a26079dcd1928b3e5ca7d9b99207571acc802f7c7cff34508,direct-framework-reference,,com/android/dx/io/OpcodeInfo$Info,app-definition-present,unknown,11,0,unknown,mindustry-evidence.json#/rows/392,False,unknown
mindustry,96f8dacbd2de964a26079dcd1928b3e5ca7d9b99207571acc802f7c7cff34508,direct-framework-reference,,com/android/dx/io/Opcodes,app-definition-present,unknown,3,0,unknown,mindustry-evidence.json#/rows/393,False,unknown
mindustry,96f8dacbd2de964a26079dcd1928b3e5ca7d9b99207571acc802f7c7cff34508,direct-framework-reference,,com/android/dx/io/instructions/AddressMap,app-definition-present,unknown,6,0,unknown,mindustry-evidence.json#/rows/394,False,unknown
mindustry,96f8dacbd2de964a26079dcd1928b3e5ca7d9b99207571acc802f7c7cff34508,direct-framework-reference,,com/android/dx/io/instructions/BaseCodeCursor,app-definition-present,unknown,12,0,unknown,mindustry-evidence.json#/rows/395,False,unknown
mindustry,96f8dacbd2de964a26079dcd1928b3e5ca7d9b99207571acc802f7c7cff34508,direct-framework-reference,,com/android/dx/io/instructions/CodeCursor,app-definition-present,unknown,16,0,unknown,mindustry-evidence.json#/rows/396,False,unknown
mindustry,96f8dacbd2de964a26079dcd1928b3e5ca7d9b99207571acc802f7c7cff34508,direct-framework-reference,,com/android/dx/io/instructions/CodeInput,app-definition-present,unknown,36,0,unknown,mindustry-evidence.json#/rows/397,False,unknown
mindustry,96f8dacbd2de964a26079dcd1928b3e5ca7d9b99207571acc802f7c7cff34508,direct-framework-reference,,com/android/dx/io/instructions/CodeOutput,app-definition-present,unknown,42,0,unknown,mindustry-evidence.json#/rows/398,False,unknown
mindustry,96f8dacbd2de964a26079dcd1928b3e5ca7d9b99207571acc802f7c7cff34508,direct-framework-reference,,com/android/dx/io/instructions/DecodedInstruction,app-definition-present,unknown,116,0,unknown,mindustry-evidence.json#/rows/399,False,unknown
mindustry,96f8dacbd2de964a26079dcd1928b3e5ca7d9b99207571acc802f7c7cff34508,direct-framework-reference,,com/android/dx/io/instructions/FillArrayDataPayloadDecodedInstruction,app-definition-present,unknown,10,0,unknown,mindustry-evidence.json#/rows/400,False,unknown
mindustry,96f8dacbd2de964a26079dcd1928b3e5ca7d9b99207571acc802f7c7cff34508,direct-framework-reference,,com/android/dx/io/instructions/FiveRegisterDecodedInstruction,app-definition-present,unknown,8,0,unknown,mindustry-evidence.json#/rows/401,False,unknown
mindustry,96f8dacbd2de964a26079dcd1928b3e5ca7d9b99207571acc802f7c7cff34508,direct-framework-reference,,com/android/dx/io/instructions/FourRegisterDecodedInstruction,app-definition-present,unknown,7,0,unknown,mindustry-evidence.json#/rows/402,False,unknown
mindustry,96f8dacbd2de964a26079dcd1928b3e5ca7d9b99207571acc802f7c7cff34508,direct-framework-reference,,com/android/dx/io/instructions/InstructionCodec,app-definition-present,unknown,164,0,unknown,mindustry-evidence.json#/rows/403,False,unknown
mindustry,96f8dacbd2de964a26079dcd1928b3e5ca7d9b99207571acc802f7c7cff34508,direct-framework-reference,,com/android/dx/io/instructions/InstructionCodec$1,app-definition-present,unknown,37,0,unknown,mindustry-evidence.json#/rows/404,False,unknown
mindustry,96f8dacbd2de964a26079dcd1928b3e5ca7d9b99207571acc802f7c7cff34508,direct-framework-reference,,com/android/dx/io/instructions/InstructionCodec$10,app-definition-present,unknown,1,0,unknown,mindustry-evidence.json#/rows/405,False,unknown
mindustry,96f8dacbd2de964a26079dcd1928b3e5ca7d9b99207571acc802f7c7cff34508,direct-framework-reference,,com/android/dx/io/instructions/InstructionCodec$11,app-definition-present,unknown,1,0,unknown,mindustry-evidence.json#/rows/406,False,unknown
mindustry,96f8dacbd2de964a26079dcd1928b3e5ca7d9b99207571acc802f7c7cff34508,direct-framework-reference,,com/android/dx/io/instructions/InstructionCodec$12,app-definition-present,unknown,1,0,unknown,mindustry-evidence.json#/rows/407,False,unknown
mindustry,96f8dacbd2de964a26079dcd1928b3e5ca7d9b99207571acc802f7c7cff34508,direct-framework-reference,,com/android/dx/io/instructions/InstructionCodec$13,app-definition-present,unknown,1,0,unknown,mindustry-evidence.json#/rows/408,False,unknown
mindustry,96f8dacbd2de964a26079dcd1928b3e5ca7d9b99207571acc802f7c7cff34508,direct-framework-reference,,com/android/dx/io/instructions/InstructionCodec$14,app-definition-present,unknown,1,0,unknown,mindustry-evidence.json#/rows/409,False,unknown
mindustry,96f8dacbd2de964a26079dcd1928b3e5ca7d9b99207571acc802f7c7cff34508,direct-framework-reference,,com/android/dx/io/instructions/InstructionCodec$15,app-definition-present,unknown,1,0,unknown,mindustry-evidence.json#/rows/410,False,unknown
mindustry,96f8dacbd2de964a26079dcd1928b3e5ca7d9b99207571acc802f7c7cff34508,direct-framework-reference,,com/android/dx/io/instructions/InstructionCodec$16,app-definition-present,unknown,1,0,unknown,mindustry-evidence.json#/rows/411,False,unknown
mindustry,96f8dacbd2de964a26079dcd1928b3e5ca7d9b99207571acc802f7c7cff34508,direct-framework-reference,,com/android/dx/io/instructions/InstructionCodec$17,app-definition-present,unknown,1,0,unknown,mindustry-evidence.json#/rows/412,False,unknown
mindustry,96f8dacbd2de964a26079dcd1928b3e5ca7d9b99207571acc802f7c7cff34508,direct-framework-reference,,com/android/dx/io/instructions/InstructionCodec$18,app-definition-present,unknown,1,0,unknown,mindustry-evidence.json#/rows/413,False,unknown
mindustry,96f8dacbd2de964a26079dcd1928b3e5ca7d9b99207571acc802f7c7cff34508,direct-framework-reference,,com/android/dx/io/instructions/InstructionCodec$19,app-definition-present,unknown,1,0,unknown,mindustry-evidence.json#/rows/414,False,unknown
mindustry,96f8dacbd2de964a26079dcd1928b3e5ca7d9b99207571acc802f7c7cff34508,direct-framework-reference,,com/android/dx/io/instructions/InstructionCodec$2,app-definition-present,unknown,1,0,unknown,mindustry-evidence.json#/rows/415,False,unknown
mindustry,96f8dacbd2de964a26079dcd1928b3e5ca7d9b99207571acc802f7c7cff34508,direct-framework-reference,,com/android/dx/io/instructions/InstructionCodec$20,app-definition-present,unknown,1,0,unknown,mindustry-evidence.json#/rows/416,False,unknown
mindustry,96f8dacbd2de964a26079dcd1928b3e5ca7d9b99207571acc802f7c7cff34508,direct-framework-reference,,com/android/dx/io/instructions/InstructionCodec$21,app-definition-present,unknown,1,0,unknown,mindustry-evidence.json#/rows/417,False,unknown
mindustry,96f8dacbd2de964a26079dcd1928b3e5ca7d9b99207571acc802f7c7cff34508,direct-framework-reference,,com/android/dx/io/instructions/InstructionCodec$22,app-definition-present,unknown,1,0,unknown,mindustry-evidence.json#/rows/418,False,unknown
mindustry,96f8dacbd2de964a26079dcd1928b3e5ca7d9b99207571acc802f7c7cff34508,direct-framework-reference,,com/android/dx/io/instructions/InstructionCodec$23,app-definition-present,unknown,1,0,unknown,mindustry-evidence.json#/rows/419,False,unknown
mindustry,96f8dacbd2de964a26079dcd1928b3e5ca7d9b99207571acc802f7c7cff34508,direct-framework-reference,,com/android/dx/io/instructions/InstructionCodec$24,app-definition-present,unknown,1,0,unknown,mindustry-evidence.json#/rows/420,False,unknown
mindustry,96f8dacbd2de964a26079dcd1928b3e5ca7d9b99207571acc802f7c7cff34508,direct-framework-reference,,com/android/dx/io/instructions/InstructionCodec$25,app-definition-present,unknown,1,0,unknown,mindustry-evidence.json#/rows/421,False,unknown
mindustry,96f8dacbd2de964a26079dcd1928b3e5ca7d9b99207571acc802f7c7cff34508,direct-framework-reference,,com/android/dx/io/instructions/InstructionCodec$26,app-definition-present,unknown,1,0,unknown,mindustry-evidence.json#/rows/422,False,unknown
mindustry,96f8dacbd2de964a26079dcd1928b3e5ca7d9b99207571acc802f7c7cff34508,direct-framework-reference,,com/android/dx/io/instructions/InstructionCodec$27,app-definition-present,unknown,1,0,unknown,mindustry-evidence.json#/rows/423,False,unknown
mindustry,96f8dacbd2de964a26079dcd1928b3e5ca7d9b99207571acc802f7c7cff34508,direct-framework-reference,,com/android/dx/io/instructions/InstructionCodec$28,app-definition-present,unknown,1,0,unknown,mindustry-evidence.json#/rows/424,False,unknown
mindustry,96f8dacbd2de964a26079dcd1928b3e5ca7d9b99207571acc802f7c7cff34508,direct-framework-reference,,com/android/dx/io/instructions/InstructionCodec$29,app-definition-present,unknown,1,0,unknown,mindustry-evidence.json#/rows/425,False,unknown
mindustry,96f8dacbd2de964a26079dcd1928b3e5ca7d9b99207571acc802f7c7cff34508,direct-framework-reference,,com/android/dx/io/instructions/InstructionCodec$3,app-definition-present,unknown,1,0,unknown,mindustry-evidence.json#/rows/426,False,unknown
mindustry,96f8dacbd2de964a26079dcd1928b3e5ca7d9b99207571acc802f7c7cff34508,direct-framework-reference,,com/android/dx/io/instructions/InstructionCodec$30,app-definition-present,unknown,1,0,unknown,mindustry-evidence.json#/rows/427,False,unknown
mindustry,96f8dacbd2de964a26079dcd1928b3e5ca7d9b99207571acc802f7c7cff34508,direct-framework-reference,,com/android/dx/io/instructions/InstructionCodec$31,app-definition-present,unknown,1,0,unknown,mindustry-evidence.json#/rows/428,False,unknown
mindustry,96f8dacbd2de964a26079dcd1928b3e5ca7d9b99207571acc802f7c7cff34508,direct-framework-reference,,com/android/dx/io/instructions/InstructionCodec$32,app-definition-present,unknown,1,0,unknown,mindustry-evidence.json#/rows/429,False,unknown
mindustry,96f8dacbd2de964a26079dcd1928b3e5ca7d9b99207571acc802f7c7cff34508,direct-framework-reference,,com/android/dx/io/instructions/InstructionCodec$33,app-definition-present,unknown,1,0,unknown,mindustry-evidence.json#/rows/430,False,unknown
mindustry,96f8dacbd2de964a26079dcd1928b3e5ca7d9b99207571acc802f7c7cff34508,direct-framework-reference,,com/android/dx/io/instructions/InstructionCodec$34,app-definition-present,unknown,1,0,unknown,mindustry-evidence.json#/rows/431,False,unknown
mindustry,96f8dacbd2de964a26079dcd1928b3e5ca7d9b99207571acc802f7c7cff34508,direct-framework-reference,,com/android/dx/io/instructions/InstructionCodec$35,app-definition-present,unknown,1,0,unknown,mindustry-evidence.json#/rows/432,False,unknown
mindustry,96f8dacbd2de964a26079dcd1928b3e5ca7d9b99207571acc802f7c7cff34508,direct-framework-reference,,com/android/dx/io/instructions/InstructionCodec$36,app-definition-present,unknown,1,0,unknown,mindustry-evidence.json#/rows/433,False,unknown
mindustry,96f8dacbd2de964a26079dcd1928b3e5ca7d9b99207571acc802f7c7cff34508,direct-framework-reference,,com/android/dx/io/instructions/InstructionCodec$4,app-definition-present,unknown,1,0,unknown,mindustry-evidence.json#/rows/434,False,unknown
mindustry,96f8dacbd2de964a26079dcd1928b3e5ca7d9b99207571acc802f7c7cff34508,direct-framework-reference,,com/android/dx/io/instructions/InstructionCodec$5,app-definition-present,unknown,1,0,unknown,mindustry-evidence.json#/rows/435,False,unknown
mindustry,96f8dacbd2de964a26079dcd1928b3e5ca7d9b99207571acc802f7c7cff34508,direct-framework-reference,,com/android/dx/io/instructions/InstructionCodec$6,app-definition-present,unknown,1,0,unknown,mindustry-evidence.json#/rows/436,False,unknown
mindustry,96f8dacbd2de964a26079dcd1928b3e5ca7d9b99207571acc802f7c7cff34508,direct-framework-reference,,com/android/dx/io/instructions/InstructionCodec$7,app-definition-present,unknown,1,0,unknown,mindustry-evidence.json#/rows/437,False,unknown
mindustry,96f8dacbd2de964a26079dcd1928b3e5ca7d9b99207571acc802f7c7cff34508,direct-framework-reference,,com/android/dx/io/instructions/InstructionCodec$8,app-definition-present,unknown,1,0,unknown,mindustry-evidence.json#/rows/438,False,unknown
mindustry,96f8dacbd2de964a26079dcd1928b3e5ca7d9b99207571acc802f7c7cff34508,direct-framework-reference,,com/android/dx/io/instructions/InstructionCodec$9,app-definition-present,unknown,1,0,unknown,mindustry-evidence.json#/rows/439,False,unknown
mindustry,96f8dacbd2de964a26079dcd1928b3e5ca7d9b99207571acc802f7c7cff34508,direct-framework-reference,,com/android/dx/io/instructions/InvokePolymorphicDecodedInstruction,app-definition-present,unknown,11,0,unknown,mindustry-evidence.json#/rows/440,False,unknown
mindustry,96f8dacbd2de964a26079dcd1928b3e5ca7d9b99207571acc802f7c7cff34508,direct-framework-reference,,com/android/dx/io/instructions/InvokePolymorphicRangeDecodedInstruction,app-definition-present,unknown,6,0,unknown,mindustry-evidence.json#/rows/441,False,unknown
mindustry,96f8dacbd2de964a26079dcd1928b3e5ca7d9b99207571acc802f7c7cff34508,direct-framework-reference,,com/android/dx/io/instructions/OneRegisterDecodedInstruction,app-definition-present,unknown,14,0,unknown,mindustry-evidence.json#/rows/442,False,unknown
mindustry,96f8dacbd2de964a26079dcd1928b3e5ca7d9b99207571acc802f7c7cff34508,direct-framework-reference,,com/android/dx/io/instructions/PackedSwitchPayloadDecodedInstruction,app-definition-present,unknown,5,0,unknown,mindustry-evidence.json#/rows/443,False,unknown
mindustry,96f8dacbd2de964a26079dcd1928b3e5ca7d9b99207571acc802f7c7cff34508,direct-framework-reference,,com/android/dx/io/instructions/RegisterRangeDecodedInstruction,app-definition-present,unknown,5,0,unknown,mindustry-evidence.json#/rows/444,False,unknown
mindustry,96f8dacbd2de964a26079dcd1928b3e5ca7d9b99207571acc802f7c7cff34508,direct-framework-reference,,com/android/dx/io/instructions/ShortArrayCodeInput,app-definition-present,unknown,6,0,unknown,mindustry-evidence.json#/rows/445,False,unknown
mindustry,96f8dacbd2de964a26079dcd1928b3e5ca7d9b99207571acc802f7c7cff34508,direct-framework-reference,,com/android/dx/io/instructions/ShortArrayCodeOutput,app-definition-present,unknown,14,0,unknown,mindustry-evidence.json#/rows/446,False,unknown
mindustry,96f8dacbd2de964a26079dcd1928b3e5ca7d9b99207571acc802f7c7cff34508,direct-framework-reference,,com/android/dx/io/instructions/SparseSwitchPayloadDecodedInstruction,app-definition-present,unknown,5,0,unknown,mindustry-evidence.json#/rows/447,False,unknown
mindustry,96f8dacbd2de964a26079dcd1928b3e5ca7d9b99207571acc802f7c7cff34508,direct-framework-reference,,com/android/dx/io/instructions/ThreeRegisterDecodedInstruction,app-definition-present,unknown,7,0,unknown,mindustry-evidence.json#/rows/448,False,unknown
mindustry,96f8dacbd2de964a26079dcd1928b3e5ca7d9b99207571acc802f7c7cff34508,direct-framework-reference,,com/android/dx/io/instructions/TwoRegisterDecodedInstruction,app-definition-present,unknown,13,0,unknown,mindustry-evidence.json#/rows/449,False,unknown
mindustry,96f8dacbd2de964a26079dcd1928b3e5ca7d9b99207571acc802f7c7cff34508,direct-framework-reference,,com/android/dx/io/instructions/ZeroRegisterDecodedInstruction,app-definition-present,unknown,8,0,unknown,mindustry-evidence.json#/rows/450,False,unknown
mindustry,96f8dacbd2de964a26079dcd1928b3e5ca7d9b99207571acc802f7c7cff34508,direct-framework-reference,,com/android/dx/merge/CollisionPolicy,app-definition-present,unknown,11,0,unknown,mindustry-evidence.json#/rows/451,False,unknown
mindustry,96f8dacbd2de964a26079dcd1928b3e5ca7d9b99207571acc802f7c7cff34508,direct-framework-reference,,com/android/dx/merge/DexMerger,app-definition-present,unknown,79,0,unknown,mindustry-evidence.json#/rows/452,False,unknown
mindustry,96f8dacbd2de964a26079dcd1928b3e5ca7d9b99207571acc802f7c7cff34508,direct-framework-reference,,com/android/dx/merge/DexMerger$1,app-definition-present,unknown,5,0,unknown,mindustry-evidence.json#/rows/453,False,unknown
mindustry,96f8dacbd2de964a26079dcd1928b3e5ca7d9b99207571acc802f7c7cff34508,direct-framework-reference,,com/android/dx/merge/DexMerger$2,app-definition-present,unknown,5,0,unknown,mindustry-evidence.json#/rows/454,False,unknown
mindustry,96f8dacbd2de964a26079dcd1928b3e5ca7d9b99207571acc802f7c7cff34508,direct-framework-reference,,com/android/dx/merge/DexMerger$3,app-definition-present,unknown,6,0,unknown,mindustry-evidence.json#/rows/455,False,unknown
mindustry,96f8dacbd2de964a26079dcd1928b3e5ca7d9b99207571acc802f7c7cff34508,direct-framework-reference,,com/android/dx/merge/DexMerger$4,app-definition-present,unknown,5,0,unknown,mindustry-evidence.json#/rows/456,False,unknown
mindustry,96f8dacbd2de964a26079dcd1928b3e5ca7d9b99207571acc802f7c7cff34508,direct-framework-reference,,com/android/dx/merge/DexMerger$5,app-definition-present,unknown,5,0,unknown,mindustry-evidence.json#/rows/457,False,unknown
mindustry,96f8dacbd2de964a26079dcd1928b3e5ca7d9b99207571acc802f7c7cff34508,direct-framework-reference,,com/android/dx/merge/DexMerger$6,app-definition-present,unknown,5,0,unknown,mindustry-evidence.json#/rows/458,False,unknown
mindustry,96f8dacbd2de964a26079dcd1928b3e5ca7d9b99207571acc802f7c7cff34508,direct-framework-reference,,com/android/dx/merge/DexMerger$7,app-definition-present,unknown,5,0,unknown,mindustry-evidence.json#/rows/459,False,unknown
mindustry,96f8dacbd2de964a26079dcd1928b3e5ca7d9b99207571acc802f7c7cff34508,direct-framework-reference,,com/android/dx/merge/DexMerger$8,app-definition-present,unknown,5,0,unknown,mindustry-evidence.json#/rows/460,False,unknown
mindustry,96f8dacbd2de964a26079dcd1928b3e5ca7d9b99207571acc802f7c7cff34508,direct-framework-reference,,com/android/dx/merge/DexMerger$9,app-definition-present,unknown,6,0,unknown,mindustry-evidence.json#/rows/461,False,unknown
mindustry,96f8dacbd2de964a26079dcd1928b3e5ca7d9b99207571acc802f7c7cff34508,direct-framework-reference,,com/android/dx/merge/DexMerger$IdMerger,app-definition-present,unknown,24,0,unknown,mindustry-evidence.json#/rows/462,False,unknown
mindustry,96f8dacbd2de964a26079dcd1928b3e5ca7d9b99207571acc802f7c7cff34508,direct-framework-reference,,com/android/dx/merge/DexMerger$IdMerger$UnsortedValue,app-definition-present,unknown,5,0,unknown,mindustry-evidence.json#/rows/463,False,unknown
mindustry,96f8dacbd2de964a26079dcd1928b3e5ca7d9b99207571acc802f7c7cff34508,direct-framework-reference,,com/android/dx/merge/DexMerger$WriterSizes,app-definition-present,unknown,21,0,unknown,mindustry-evidence.json#/rows/464,False,unknown
mindustry,96f8dacbd2de964a26079dcd1928b3e5ca7d9b99207571acc802f7c7cff34508,direct-framework-reference,,com/android/dx/merge/IndexMap,app-definition-present,unknown,96,0,unknown,mindustry-evidence.json#/rows/465,False,unknown
mindustry,96f8dacbd2de964a26079dcd1928b3e5ca7d9b99207571acc802f7c7cff34508,direct-framework-reference,,com/android/dx/merge/IndexMap$EncodedValueTransformer,app-definition-present,unknown,10,0,unknown,mindustry-evidence.json#/rows/466,False,unknown
mindustry,96f8dacbd2de964a26079dcd1928b3e5ca7d9b99207571acc802f7c7cff34508,direct-framework-reference,,com/android/dx/merge/InstructionTransformer,app-definition-present,unknown,29,0,unknown,mindustry-evidence.json#/rows/467,False,unknown
mindustry,96f8dacbd2de964a26079dcd1928b3e5ca7d9b99207571acc802f7c7cff34508,direct-framework-reference,,com/android/dx/merge/InstructionTransformer$1,app-definition-present,unknown,1,0,unknown,mindustry-evidence.json#/rows/468,False,unknown
mindustry,96f8dacbd2de964a26079dcd1928b3e5ca7d9b99207571acc802f7c7cff34508,direct-framework-reference,,com/android/dx/merge/InstructionTransformer$CallSiteVisitor,app-definition-present,unknown,4,0,unknown,mindustry-evidence.json#/rows/469,False,unknown
mindustry,96f8dacbd2de964a26079dcd1928b3e5ca7d9b99207571acc802f7c7cff34508,direct-framework-reference,,com/android/dx/merge/InstructionTransformer$FieldVisitor,app-definition-present,unknown,4,0,unknown,mindustry-evidence.json#/rows/470,False,unknown
mindustry,96f8dacbd2de964a26079dcd1928b3e5ca7d9b99207571acc802f7c7cff34508,direct-framework-reference,,com/android/dx/merge/InstructionTransformer$GenericVisitor,app-definition-present,unknown,4,0,unknown,mindustry-evidence.json#/rows/471,False,unknown
mindustry,96f8dacbd2de964a26079dcd1928b3e5ca7d9b99207571acc802f7c7cff34508,direct-framework-reference,,com/android/dx/merge/InstructionTransformer$MethodAndProtoVisitor,app-definition-present,unknown,4,0,unknown,mindustry-evidence.json#/rows/472,False,unknown
mindustry,96f8dacbd2de964a26079dcd1928b3e5ca7d9b99207571acc802f7c7cff34508,direct-framework-reference,,com/android/dx/merge/InstructionTransformer$MethodVisitor,app-definition-present,unknown,4,0,unknown,mindustry-evidence.json#/rows/473,False,unknown
mindustry,96f8dacbd2de964a26079dcd1928b3e5ca7d9b99207571acc802f7c7cff34508,direct-framework-reference,,com/android/dx/merge/InstructionTransformer$StringVisitor,app-definition-present,unknown,4,0,unknown,mindustry-evidence.json#/rows/474,False,unknown
mindustry,96f8dacbd2de964a26079dcd1928b3e5ca7d9b99207571acc802f7c7cff34508,direct-framework-reference,,com/android/dx/merge/InstructionTransformer$TypeVisitor,app-definition-present,unknown,4,0,unknown,mindustry-evidence.json#/rows/475,False,unknown
mindustry,96f8dacbd2de964a26079dcd1928b3e5ca7d9b99207571acc802f7c7cff34508,direct-framework-reference,,com/android/dx/merge/SortableType,app-definition-present,unknown,15,0,unknown,mindustry-evidence.json#/rows/476,False,unknown
mindustry,96f8dacbd2de964a26079dcd1928b3e5ca7d9b99207571acc802f7c7cff34508,direct-framework-reference,,com/android/dx/merge/SortableType$1,app-definition-present,unknown,2,0,unknown,mindustry-evidence.json#/rows/477,False,unknown
mindustry,96f8dacbd2de964a26079dcd1928b3e5ca7d9b99207571acc802f7c7cff34508,direct-framework-reference,,com/android/dx/rop/annotation/Annotation,app-definition-present,unknown,59,0,unknown,mindustry-evidence.json#/rows/478,False,unknown
mindustry,96f8dacbd2de964a26079dcd1928b3e5ca7d9b99207571acc802f7c7cff34508,direct-framework-reference,,com/android/dx/rop/annotation/AnnotationVisibility,app-definition-present,unknown,32,0,unknown,mindustry-evidence.json#/rows/479,False,unknown
mindustry,96f8dacbd2de964a26079dcd1928b3e5ca7d9b99207571acc802f7c7cff34508,direct-framework-reference,,com/android/dx/rop/annotation/Annotations,app-definition-present,unknown,52,0,unknown,mindustry-evidence.json#/rows/480,False,unknown
mindustry,96f8dacbd2de964a26079dcd1928b3e5ca7d9b99207571acc802f7c7cff34508,direct-framework-reference,,com/android/dx/rop/annotation/AnnotationsList,app-definition-present,unknown,17,0,unknown,mindustry-evidence.json#/rows/481,False,unknown
mindustry,96f8dacbd2de964a26079dcd1928b3e5ca7d9b99207571acc802f7c7cff34508,direct-framework-reference,,com/android/dx/rop/annotation/NameValuePair,app-definition-present,unknown,26,0,unknown,mindustry-evidence.json#/rows/482,False,unknown
mindustry,96f8dacbd2de964a26079dcd1928b3e5ca7d9b99207571acc802f7c7cff34508,direct-framework-reference,,com/android/dx/rop/code/AccessFlags,app-definition-present,unknown,19,0,unknown,mindustry-evidence.json#/rows/483,False,unknown
mindustry,96f8dacbd2de964a26079dcd1928b3e5ca7d9b99207571acc802f7c7cff34508,direct-framework-reference,,com/android/dx/rop/code/BasicBlock,app-definition-present,unknown,77,0,unknown,mindustry-evidence.json#/rows/484,False,unknown
mindustry,96f8dacbd2de964a26079dcd1928b3e5ca7d9b99207571acc802f7c7cff34508,direct-framework-reference,,com/android/dx/rop/code/BasicBlock$Visitor,app-definition-present,unknown,4,0,unknown,mindustry-evidence.json#/rows/485,False,unknown
mindustry,96f8dacbd2de964a26079dcd1928b3e5ca7d9b99207571acc802f7c7cff34508,direct-framework-reference,,com/android/dx/rop/code/BasicBlockList,app-definition-present,unknown,41,0,unknown,mindustry-evidence.json#/rows/486,False,unknown
mindustry,96f8dacbd2de964a26079dcd1928b3e5ca7d9b99207571acc802f7c7cff34508,direct-framework-reference,,com/android/dx/rop/code/BasicBlockList$RegCountVisitor,app-definition-present,unknown,12,0,unknown,mindustry-evidence.json#/rows/487,False,unknown
mindustry,96f8dacbd2de964a26079dcd1928b3e5ca7d9b99207571acc802f7c7cff34508,direct-framework-reference,,com/android/dx/rop/code/ConservativeTranslationAdvice,app-definition-present,unknown,1,0,unknown,mindustry-evidence.json#/rows/488,False,unknown
mindustry,96f8dacbd2de964a26079dcd1928b3e5ca7d9b99207571acc802f7c7cff34508,direct-framework-reference,,com/android/dx/rop/code/CstInsn,app-definition-present,unknown,21,0,unknown,mindustry-evidence.json#/rows/489,False,unknown
mindustry,96f8dacbd2de964a26079dcd1928b3e5ca7d9b99207571acc802f7c7cff34508,direct-framework-reference,,com/android/dx/rop/code/DexTranslationAdvice,app-definition-present,unknown,8,0,unknown,mindustry-evidence.json#/rows/490,False,unknown
mindustry,96f8dacbd2de964a26079dcd1928b3e5ca7d9b99207571acc802f7c7cff34508,direct-framework-reference,,com/android/dx/rop/code/Exceptions,app-definition-present,unknown,5,0,unknown,mindustry-evidence.json#/rows/491,False,unknown
mindustry,96f8dacbd2de964a26079dcd1928b3e5ca7d9b99207571acc802f7c7cff34508,direct-framework-reference,,com/android/dx/rop/code/FillArrayDataInsn,app-definition-present,unknown,9,0,unknown,mindustry-evidence.json#/rows/492,False,unknown
mindustry,96f8dacbd2de964a26079dcd1928b3e5ca7d9b99207571acc802f7c7cff34508,direct-framework-reference,,com/android/dx/rop/code/Insn,app-definition-present,unknown,136,0,unknown,mindustry-evidence.json#/rows/493,False,unknown
mindustry,96f8dacbd2de964a26079dcd1928b3e5ca7d9b99207571acc802f7c7cff34508,direct-framework-reference,,com/android/dx/rop/code/Insn$BaseVisitor,app-definition-present,unknown,1,0,unknown,mindustry-evidence.json#/rows/494,False,unknown
mindustry,96f8dacbd2de964a26079dcd1928b3e5ca7d9b99207571acc802f7c7cff34508,direct-framework-reference,,com/android/dx/rop/code/Insn$Visitor,app-definition-present,unknown,12,0,unknown,mindustry-evidence.json#/rows/495,False,unknown
mindustry,96f8dacbd2de964a26079dcd1928b3e5ca7d9b99207571acc802f7c7cff34508,direct-framework-reference,,com/android/dx/rop/code/InsnList,app-definition-present,unknown,34,0,unknown,mindustry-evidence.json#/rows/496,False,unknown
mindustry,96f8dacbd2de964a26079dcd1928b3e5ca7d9b99207571acc802f7c7cff34508,direct-framework-reference,,com/android/dx/rop/code/InvokePolymorphicInsn,app-definition-present,unknown,14,0,unknown,mindustry-evidence.json#/rows/497,False,unknown
mindustry,96f8dacbd2de964a26079dcd1928b3e5ca7d9b99207571acc802f7c7cff34508,direct-framework-reference,,com/android/dx/rop/code/LocalItem,app-definition-present,unknown,56,0,unknown,mindustry-evidence.json#/rows/498,False,unknown
mindustry,96f8dacbd2de964a26079dcd1928b3e5ca7d9b99207571acc802f7c7cff34508,direct-framework-reference,,com/android/dx/rop/code/LocalVariableExtractor,app-definition-present,unknown,5,0,unknown,mindustry-evidence.json#/rows/499,False,unknown
mindustry,96f8dacbd2de964a26079dcd1928b3e5ca7d9b99207571acc802f7c7cff34508,direct-framework-reference,,com/android/dx/rop/code/LocalVariableInfo,app-definition-present,unknown,22,0,unknown,mindustry-evidence.json#/rows/500,False,unknown
mindustry,96f8dacbd2de964a26079dcd1928b3e5ca7d9b99207571acc802f7c7cff34508,direct-framework-reference,,com/android/dx/rop/code/PlainCstInsn,app-definition-present,unknown,10,0,unknown,mindustry-evidence.json#/rows/501,False,unknown
mindustry,96f8dacbd2de964a26079dcd1928b3e5ca7d9b99207571acc802f7c7cff34508,direct-framework-reference,,com/android/dx/rop/code/PlainInsn,app-definition-present,unknown,23,0,unknown,mindustry-evidence.json#/rows/502,False,unknown
mindustry,96f8dacbd2de964a26079dcd1928b3e5ca7d9b99207571acc802f7c7cff34508,direct-framework-reference,,com/android/dx/rop/code/RegOps,app-definition-present,unknown,3,0,unknown,mindustry-evidence.json#/rows/503,False,unknown
mindustry,96f8dacbd2de964a26079dcd1928b3e5ca7d9b99207571acc802f7c7cff34508,direct-framework-reference,,com/android/dx/rop/code/RegisterSpec,app-definition-present,unknown,388,0,unknown,mindustry-evidence.json#/rows/504,False,unknown
mindustry,96f8dacbd2de964a26079dcd1928b3e5ca7d9b99207571acc802f7c7cff34508,direct-framework-reference,,com/android/dx/rop/code/RegisterSpec$1,app-definition-present,unknown,4,0,unknown,mindustry-evidence.json#/rows/505,False,unknown
mindustry,96f8dacbd2de964a26079dcd1928b3e5ca7d9b99207571acc802f7c7cff34508,direct-framework-reference,,com/android/dx/rop/code/RegisterSpec$ForComparison,app-definition-present,unknown,12,0,unknown,mindustry-evidence.json#/rows/506,False,unknown
mindustry,96f8dacbd2de964a26079dcd1928b3e5ca7d9b99207571acc802f7c7cff34508,direct-framework-reference,,com/android/dx/rop/code/RegisterSpecList,app-definition-present,unknown,277,0,unknown,mindustry-evidence.json#/rows/507,False,unknown
mindustry,96f8dacbd2de964a26079dcd1928b3e5ca7d9b99207571acc802f7c7cff34508,direct-framework-reference,,com/android/dx/rop/code/RegisterSpecList$1,app-definition-present,unknown,1,0,unknown,mindustry-evidence.json#/rows/508,False,unknown
mindustry,96f8dacbd2de964a26079dcd1928b3e5ca7d9b99207571acc802f7c7cff34508,direct-framework-reference,,com/android/dx/rop/code/RegisterSpecList$Expander,app-definition-present,unknown,8,0,unknown,mindustry-evidence.json#/rows/509,False,unknown
mindustry,96f8dacbd2de964a26079dcd1928b3e5ca7d9b99207571acc802f7c7cff34508,direct-framework-reference,,com/android/dx/rop/code/RegisterSpecSet,app-definition-present,unknown,55,0,unknown,mindustry-evidence.json#/rows/510,False,unknown
mindustry,96f8dacbd2de964a26079dcd1928b3e5ca7d9b99207571acc802f7c7cff34508,direct-framework-reference,,com/android/dx/rop/code/Rop,app-definition-present,unknown,168,0,unknown,mindustry-evidence.json#/rows/511,False,unknown
mindustry,96f8dacbd2de964a26079dcd1928b3e5ca7d9b99207571acc802f7c7cff34508,direct-framework-reference,,com/android/dx/rop/code/RopMethod,app-definition-present,unknown,55,0,unknown,mindustry-evidence.json#/rows/512,False,unknown
mindustry,96f8dacbd2de964a26079dcd1928b3e5ca7d9b99207571acc802f7c7cff34508,direct-framework-reference,,com/android/dx/rop/code/Rops,app-definition-present,unknown,63,0,unknown,mindustry-evidence.json#/rows/513,False,unknown
mindustry,96f8dacbd2de964a26079dcd1928b3e5ca7d9b99207571acc802f7c7cff34508,direct-framework-reference,,com/android/dx/rop/code/SourcePosition,app-definition-present,unknown,128,0,unknown,mindustry-evidence.json#/rows/514,False,unknown
mindustry,96f8dacbd2de964a26079dcd1928b3e5ca7d9b99207571acc802f7c7cff34508,direct-framework-reference,,com/android/dx/rop/code/SwitchInsn,app-definition-present,unknown,9,0,unknown,mindustry-evidence.json#/rows/515,False,unknown
mindustry,96f8dacbd2de964a26079dcd1928b3e5ca7d9b99207571acc802f7c7cff34508,direct-framework-reference,,com/android/dx/rop/code/ThrowingCstInsn,app-definition-present,unknown,13,0,unknown,mindustry-evidence.json#/rows/516,False,unknown
mindustry,96f8dacbd2de964a26079dcd1928b3e5ca7d9b99207571acc802f7c7cff34508,direct-framework-reference,,com/android/dx/rop/code/ThrowingInsn,app-definition-present,unknown,15,0,unknown,mindustry-evidence.json#/rows/517,False,unknown
mindustry,96f8dacbd2de964a26079dcd1928b3e5ca7d9b99207571acc802f7c7cff34508,direct-framework-reference,,com/android/dx/rop/code/TranslationAdvice,app-definition-present,unknown,21,0,unknown,mindustry-evidence.json#/rows/518,False,unknown
mindustry,96f8dacbd2de964a26079dcd1928b3e5ca7d9b99207571acc802f7c7cff34508,direct-framework-reference,,com/android/dx/rop/cst/Constant,app-definition-present,unknown,225,0,unknown,mindustry-evidence.json#/rows/519,False,unknown
mindustry,96f8dacbd2de964a26079dcd1928b3e5ca7d9b99207571acc802f7c7cff34508,direct-framework-reference,,com/android/dx/rop/cst/ConstantPool,app-definition-present,unknown,26,0,unknown,mindustry-evidence.json#/rows/520,False,unknown
mindustry,96f8dacbd2de964a26079dcd1928b3e5ca7d9b99207571acc802f7c7cff34508,direct-framework-reference,,com/android/dx/rop/cst/CstAnnotation,app-definition-present,unknown,12,0,unknown,mindustry-evidence.json#/rows/521,False,unknown
mindustry,96f8dacbd2de964a26079dcd1928b3e5ca7d9b99207571acc802f7c7cff34508,direct-framework-reference,,com/android/dx/rop/cst/CstArray,app-definition-present,unknown,37,0,unknown,mindustry-evidence.json#/rows/522,False,unknown
mindustry,96f8dacbd2de964a26079dcd1928b3e5ca7d9b99207571acc802f7c7cff34508,direct-framework-reference,,com/android/dx/rop/cst/CstArray$List,app-definition-present,unknown,17,0,unknown,mindustry-evidence.json#/rows/523,False,unknown
mindustry,96f8dacbd2de964a26079dcd1928b3e5ca7d9b99207571acc802f7c7cff34508,direct-framework-reference,,com/android/dx/rop/cst/CstBaseMethodRef,app-definition-present,unknown,36,0,unknown,mindustry-evidence.json#/rows/524,False,unknown
mindustry,96f8dacbd2de964a26079dcd1928b3e5ca7d9b99207571acc802f7c7cff34508,direct-framework-reference,,com/android/dx/rop/cst/CstBoolean,app-definition-present,unknown,10,0,unknown,mindustry-evidence.json#/rows/525,False,unknown
mindustry,96f8dacbd2de964a26079dcd1928b3e5ca7d9b99207571acc802f7c7cff34508,direct-framework-reference,,com/android/dx/rop/cst/CstByte,app-definition-present,unknown,7,0,unknown,mindustry-evidence.json#/rows/526,False,unknown
mindustry,96f8dacbd2de964a26079dcd1928b3e5ca7d9b99207571acc802f7c7cff34508,direct-framework-reference,,com/android/dx/rop/cst/CstCallSite,app-definition-present,unknown,17,0,unknown,mindustry-evidence.json#/rows/527,False,unknown
mindustry,96f8dacbd2de964a26079dcd1928b3e5ca7d9b99207571acc802f7c7cff34508,direct-framework-reference,,com/android/dx/rop/cst/CstCallSiteRef,app-definition-present,unknown,23,0,unknown,mindustry-evidence.json#/rows/528,False,unknown
mindustry,96f8dacbd2de964a26079dcd1928b3e5ca7d9b99207571acc802f7c7cff34508,direct-framework-reference,,com/android/dx/rop/cst/CstChar,app-definition-present,unknown,7,0,unknown,mindustry-evidence.json#/rows/529,False,unknown
mindustry,96f8dacbd2de964a26079dcd1928b3e5ca7d9b99207571acc802f7c7cff34508,direct-framework-reference,,com/android/dx/rop/cst/CstDouble,app-definition-present,unknown,11,0,unknown,mindustry-evidence.json#/rows/530,False,unknown
mindustry,96f8dacbd2de964a26079dcd1928b3e5ca7d9b99207571acc802f7c7cff34508,direct-framework-reference,,com/android/dx/rop/cst/CstEnumRef,app-definition-present,unknown,8,0,unknown,mindustry-evidence.json#/rows/531,False,unknown
mindustry,96f8dacbd2de964a26079dcd1928b3e5ca7d9b99207571acc802f7c7cff34508,direct-framework-reference,,com/android/dx/rop/cst/CstFieldRef,app-definition-present,unknown,44,0,unknown,mindustry-evidence.json#/rows/532,False,unknown
mindustry,96f8dacbd2de964a26079dcd1928b3e5ca7d9b99207571acc802f7c7cff34508,direct-framework-reference,,com/android/dx/rop/cst/CstFloat,app-definition-present,unknown,11,0,unknown,mindustry-evidence.json#/rows/533,False,unknown
mindustry,96f8dacbd2de964a26079dcd1928b3e5ca7d9b99207571acc802f7c7cff34508,direct-framework-reference,,com/android/dx/rop/cst/CstInteger,app-definition-present,unknown,26,0,unknown,mindustry-evidence.json#/rows/534,False,unknown
mindustry,96f8dacbd2de964a26079dcd1928b3e5ca7d9b99207571acc802f7c7cff34508,direct-framework-reference,,com/android/dx/rop/cst/CstInterfaceMethodRef,app-definition-present,unknown,6,0,unknown,mindustry-evidence.json#/rows/535,False,unknown
mindustry,96f8dacbd2de964a26079dcd1928b3e5ca7d9b99207571acc802f7c7cff34508,direct-framework-reference,,com/android/dx/rop/cst/CstInvokeDynamic,app-definition-present,unknown,25,0,unknown,mindustry-evidence.json#/rows/536,False,unknown
mindustry,96f8dacbd2de964a26079dcd1928b3e5ca7d9b99207571acc802f7c7cff34508,direct-framework-reference,,com/android/dx/rop/cst/CstKnownNull,app-definition-present,unknown,8,0,unknown,mindustry-evidence.json#/rows/537,False,unknown
mindustry,96f8dacbd2de964a26079dcd1928b3e5ca7d9b99207571acc802f7c7cff34508,direct-framework-reference,,com/android/dx/rop/cst/CstLiteral32,app-definition-present,unknown,31,0,unknown,mindustry-evidence.json#/rows/538,False,unknown
mindustry,96f8dacbd2de964a26079dcd1928b3e5ca7d9b99207571acc802f7c7cff34508,direct-framework-reference,,com/android/dx/rop/cst/CstLiteral64,app-definition-present,unknown,21,0,unknown,mindustry-evidence.json#/rows/539,False,unknown
mindustry,96f8dacbd2de964a26079dcd1928b3e5ca7d9b99207571acc802f7c7cff34508,direct-framework-reference,,com/android/dx/rop/cst/CstLiteralBits,app-definition-present,unknown,39,0,unknown,mindustry-evidence.json#/rows/540,False,unknown
mindustry,96f8dacbd2de964a26079dcd1928b3e5ca7d9b99207571acc802f7c7cff34508,direct-framework-reference,,com/android/dx/rop/cst/CstLong,app-definition-present,unknown,10,0,unknown,mindustry-evidence.json#/rows/541,False,unknown
mindustry,96f8dacbd2de964a26079dcd1928b3e5ca7d9b99207571acc802f7c7cff34508,direct-framework-reference,,com/android/dx/rop/cst/CstMemberRef,app-definition-present,unknown,66,0,unknown,mindustry-evidence.json#/rows/542,False,unknown
mindustry,96f8dacbd2de964a26079dcd1928b3e5ca7d9b99207571acc802f7c7cff34508,direct-framework-reference,,com/android/dx/rop/cst/CstMethodHandle,app-definition-present,unknown,32,0,unknown,mindustry-evidence.json#/rows/543,False,unknown
mindustry,96f8dacbd2de964a26079dcd1928b3e5ca7d9b99207571acc802f7c7cff34508,direct-framework-reference,,com/android/dx/rop/cst/CstMethodRef,app-definition-present,unknown,77,0,unknown,mindustry-evidence.json#/rows/544,False,unknown
mindustry,96f8dacbd2de964a26079dcd1928b3e5ca7d9b99207571acc802f7c7cff34508,direct-framework-reference,,com/android/dx/rop/cst/CstNat,app-definition-present,unknown,74,0,unknown,mindustry-evidence.json#/rows/545,False,unknown
mindustry,96f8dacbd2de964a26079dcd1928b3e5ca7d9b99207571acc802f7c7cff34508,direct-framework-reference,,com/android/dx/rop/cst/CstProtoRef,app-definition-present,unknown,28,0,unknown,mindustry-evidence.json#/rows/546,False,unknown
mindustry,96f8dacbd2de964a26079dcd1928b3e5ca7d9b99207571acc802f7c7cff34508,direct-framework-reference,,com/android/dx/rop/cst/CstShort,app-definition-present,unknown,7,0,unknown,mindustry-evidence.json#/rows/547,False,unknown
mindustry,96f8dacbd2de964a26079dcd1928b3e5ca7d9b99207571acc802f7c7cff34508,direct-framework-reference,,com/android/dx/rop/cst/CstString,app-definition-present,unknown,180,0,unknown,mindustry-evidence.json#/rows/548,False,unknown
mindustry,96f8dacbd2de964a26079dcd1928b3e5ca7d9b99207571acc802f7c7cff34508,direct-framework-reference,,com/android/dx/rop/cst/CstType,app-definition-present,unknown,179,0,unknown,mindustry-evidence.json#/rows/549,False,unknown
mindustry,96f8dacbd2de964a26079dcd1928b3e5ca7d9b99207571acc802f7c7cff34508,direct-framework-reference,,com/android/dx/rop/cst/StdConstantPool,app-definition-present,unknown,16,0,unknown,mindustry-evidence.json#/rows/550,False,unknown
mindustry,96f8dacbd2de964a26079dcd1928b3e5ca7d9b99207571acc802f7c7cff34508,direct-framework-reference,,com/android/dx/rop/cst/TypedConstant,app-definition-present,unknown,19,0,unknown,mindustry-evidence.json#/rows/551,False,unknown
mindustry,96f8dacbd2de964a26079dcd1928b3e5ca7d9b99207571acc802f7c7cff34508,direct-framework-reference,,com/android/dx/rop/cst/Zeroes,app-definition-present,unknown,2,0,unknown,mindustry-evidence.json#/rows/552,False,unknown
mindustry,96f8dacbd2de964a26079dcd1928b3e5ca7d9b99207571acc802f7c7cff34508,direct-framework-reference,,com/android/dx/rop/type/Prototype,app-definition-present,unknown,78,0,unknown,mindustry-evidence.json#/rows/553,False,unknown
mindustry,96f8dacbd2de964a26079dcd1928b3e5ca7d9b99207571acc802f7c7cff34508,direct-framework-reference,,com/android/dx/rop/type/StdTypeList,app-definition-present,unknown,65,0,unknown,mindustry-evidence.json#/rows/554,False,unknown
mindustry,96f8dacbd2de964a26079dcd1928b3e5ca7d9b99207571acc802f7c7cff34508,direct-framework-reference,,com/android/dx/rop/type/Type,app-definition-present,unknown,250,0,unknown,mindustry-evidence.json#/rows/555,False,unknown
mindustry,96f8dacbd2de964a26079dcd1928b3e5ca7d9b99207571acc802f7c7cff34508,direct-framework-reference,,com/android/dx/rop/type/TypeBearer,app-definition-present,unknown,149,0,unknown,mindustry-evidence.json#/rows/556,False,unknown
mindustry,96f8dacbd2de964a26079dcd1928b3e5ca7d9b99207571acc802f7c7cff34508,direct-framework-reference,,com/android/dx/rop/type/TypeList,app-definition-present,unknown,117,0,unknown,mindustry-evidence.json#/rows/557,False,unknown
mindustry,96f8dacbd2de964a26079dcd1928b3e5ca7d9b99207571acc802f7c7cff34508,direct-framework-reference,,com/android/dx/ssa/BasicRegisterMapper,app-definition-present,unknown,17,0,unknown,mindustry-evidence.json#/rows/558,False,unknown
mindustry,96f8dacbd2de964a26079dcd1928b3e5ca7d9b99207571acc802f7c7cff34508,direct-framework-reference,,com/android/dx/ssa/ConstCollector,app-definition-present,unknown,11,0,unknown,mindustry-evidence.json#/rows/559,False,unknown
mindustry,96f8dacbd2de964a26079dcd1928b3e5ca7d9b99207571acc802f7c7cff34508,direct-framework-reference,,com/android/dx/ssa/ConstCollector$1,app-definition-present,unknown,4,0,unknown,mindustry-evidence.json#/rows/560,False,unknown
mindustry,96f8dacbd2de964a26079dcd1928b3e5ca7d9b99207571acc802f7c7cff34508,direct-framework-reference,,com/android/dx/ssa/ConstCollector$2,app-definition-present,unknown,4,0,unknown,mindustry-evidence.json#/rows/561,False,unknown
mindustry,96f8dacbd2de964a26079dcd1928b3e5ca7d9b99207571acc802f7c7cff34508,direct-framework-reference,,com/android/dx/ssa/DeadCodeRemover,app-definition-present,unknown,11,0,unknown,mindustry-evidence.json#/rows/562,False,unknown
mindustry,96f8dacbd2de964a26079dcd1928b3e5ca7d9b99207571acc802f7c7cff34508,direct-framework-reference,,com/android/dx/ssa/DeadCodeRemover$NoSideEffectVisitor,app-definition-present,unknown,5,0,unknown,mindustry-evidence.json#/rows/563,False,unknown
mindustry,96f8dacbd2de964a26079dcd1928b3e5ca7d9b99207571acc802f7c7cff34508,direct-framework-reference,,com/android/dx/ssa/DomFront,app-definition-present,unknown,6,0,unknown,mindustry-evidence.json#/rows/564,False,unknown
mindustry,96f8dacbd2de964a26079dcd1928b3e5ca7d9b99207571acc802f7c7cff34508,direct-framework-reference,,com/android/dx/ssa/DomFront$DomInfo,app-definition-present,unknown,9,0,unknown,mindustry-evidence.json#/rows/565,False,unknown
mindustry,96f8dacbd2de964a26079dcd1928b3e5ca7d9b99207571acc802f7c7cff34508,direct-framework-reference,,com/android/dx/ssa/Dominators,app-definition-present,unknown,13,0,unknown,mindustry-evidence.json#/rows/566,False,unknown
mindustry,96f8dacbd2de964a26079dcd1928b3e5ca7d9b99207571acc802f7c7cff34508,direct-framework-reference,,com/android/dx/ssa/Dominators$1,app-definition-present,unknown,1,0,unknown,mindustry-evidence.json#/rows/567,False,unknown
mindustry,96f8dacbd2de964a26079dcd1928b3e5ca7d9b99207571acc802f7c7cff34508,direct-framework-reference,,com/android/dx/ssa/Dominators$DFSInfo,app-definition-present,unknown,7,0,unknown,mindustry-evidence.json#/rows/568,False,unknown
mindustry,96f8dacbd2de964a26079dcd1928b3e5ca7d9b99207571acc802f7c7cff34508,direct-framework-reference,,com/android/dx/ssa/Dominators$DfsWalker,app-definition-present,unknown,4,0,unknown,mindustry-evidence.json#/rows/569,False,unknown
mindustry,96f8dacbd2de964a26079dcd1928b3e5ca7d9b99207571acc802f7c7cff34508,direct-framework-reference,,com/android/dx/ssa/EscapeAnalysis,app-definition-present,unknown,25,0,unknown,mindustry-evidence.json#/rows/570,False,unknown
mindustry,96f8dacbd2de964a26079dcd1928b3e5ca7d9b99207571acc802f7c7cff34508,direct-framework-reference,,com/android/dx/ssa/EscapeAnalysis$1,app-definition-present,unknown,4,0,unknown,mindustry-evidence.json#/rows/571,False,unknown
mindustry,96f8dacbd2de964a26079dcd1928b3e5ca7d9b99207571acc802f7c7cff34508,direct-framework-reference,,com/android/dx/ssa/EscapeAnalysis$2,app-definition-present,unknown,5,0,unknown,mindustry-evidence.json#/rows/572,False,unknown
mindustry,96f8dacbd2de964a26079dcd1928b3e5ca7d9b99207571acc802f7c7cff34508,direct-framework-reference,,com/android/dx/ssa/EscapeAnalysis$2$1,app-definition-present,unknown,3,0,unknown,mindustry-evidence.json#/rows/573,False,unknown
mindustry,96f8dacbd2de964a26079dcd1928b3e5ca7d9b99207571acc802f7c7cff34508,direct-framework-reference,,com/android/dx/ssa/EscapeAnalysis$EscapeSet,app-definition-present,unknown,11,0,unknown,mindustry-evidence.json#/rows/574,False,unknown
mindustry,96f8dacbd2de964a26079dcd1928b3e5ca7d9b99207571acc802f7c7cff34508,direct-framework-reference,,com/android/dx/ssa/EscapeAnalysis$EscapeState,app-definition-present,unknown,10,0,unknown,mindustry-evidence.json#/rows/575,False,unknown
mindustry,96f8dacbd2de964a26079dcd1928b3e5ca7d9b99207571acc802f7c7cff34508,direct-framework-reference,,com/android/dx/ssa/InterferenceRegisterMapper,app-definition-present,unknown,13,0,unknown,mindustry-evidence.json#/rows/576,False,unknown
mindustry,96f8dacbd2de964a26079dcd1928b3e5ca7d9b99207571acc802f7c7cff34508,direct-framework-reference,,com/android/dx/ssa/LiteralOpUpgrader,app-definition-present,unknown,11,0,unknown,mindustry-evidence.json#/rows/577,False,unknown
mindustry,96f8dacbd2de964a26079dcd1928b3e5ca7d9b99207571acc802f7c7cff34508,direct-framework-reference,,com/android/dx/ssa/LiteralOpUpgrader$1,app-definition-present,unknown,3,0,unknown,mindustry-evidence.json#/rows/578,False,unknown
mindustry,96f8dacbd2de964a26079dcd1928b3e5ca7d9b99207571acc802f7c7cff34508,direct-framework-reference,,com/android/dx/ssa/LocalVariableExtractor,app-definition-present,unknown,7,0,unknown,mindustry-evidence.json#/rows/579,False,unknown
mindustry,96f8dacbd2de964a26079dcd1928b3e5ca7d9b99207571acc802f7c7cff34508,direct-framework-reference,,com/android/dx/ssa/LocalVariableInfo,app-definition-present,unknown,19,0,unknown,mindustry-evidence.json#/rows/580,False,unknown
mindustry,96f8dacbd2de964a26079dcd1928b3e5ca7d9b99207571acc802f7c7cff34508,direct-framework-reference,,com/android/dx/ssa/MoveParamCombiner,app-definition-present,unknown,9,0,unknown,mindustry-evidence.json#/rows/581,False,unknown
mindustry,96f8dacbd2de964a26079dcd1928b3e5ca7d9b99207571acc802f7c7cff34508,direct-framework-reference,,com/android/dx/ssa/MoveParamCombiner$1,app-definition-present,unknown,5,0,unknown,mindustry-evidence.json#/rows/582,False,unknown
mindustry,96f8dacbd2de964a26079dcd1928b3e5ca7d9b99207571acc802f7c7cff34508,direct-framework-reference,,com/android/dx/ssa/MoveParamCombiner$1$1,app-definition-present,unknown,4,0,unknown,mindustry-evidence.json#/rows/583,False,unknown
mindustry,96f8dacbd2de964a26079dcd1928b3e5ca7d9b99207571acc802f7c7cff34508,direct-framework-reference,,com/android/dx/ssa/NormalSsaInsn,app-definition-present,unknown,49,0,unknown,mindustry-evidence.json#/rows/584,False,unknown
mindustry,96f8dacbd2de964a26079dcd1928b3e5ca7d9b99207571acc802f7c7cff34508,direct-framework-reference,,com/android/dx/ssa/Optimizer,app-definition-present,unknown,20,0,unknown,mindustry-evidence.json#/rows/585,False,unknown
mindustry,96f8dacbd2de964a26079dcd1928b3e5ca7d9b99207571acc802f7c7cff34508,direct-framework-reference,,com/android/dx/ssa/Optimizer$OptionalStep,app-definition-present,unknown,8,0,unknown,mindustry-evidence.json#/rows/586,False,unknown
mindustry,96f8dacbd2de964a26079dcd1928b3e5ca7d9b99207571acc802f7c7cff34508,direct-framework-reference,,com/android/dx/ssa/PhiInsn,app-definition-present,unknown,34,0,unknown,mindustry-evidence.json#/rows/587,False,unknown
mindustry,96f8dacbd2de964a26079dcd1928b3e5ca7d9b99207571acc802f7c7cff34508,direct-framework-reference,,com/android/dx/ssa/PhiInsn$Operand,app-definition-present,unknown,11,0,unknown,mindustry-evidence.json#/rows/588,False,unknown
mindustry,96f8dacbd2de964a26079dcd1928b3e5ca7d9b99207571acc802f7c7cff34508,direct-framework-reference,,com/android/dx/ssa/PhiInsn$Visitor,app-definition-present,unknown,4,0,unknown,mindustry-evidence.json#/rows/589,False,unknown
mindustry,96f8dacbd2de964a26079dcd1928b3e5ca7d9b99207571acc802f7c7cff34508,direct-framework-reference,,com/android/dx/ssa/PhiTypeResolver,app-definition-present,unknown,5,0,unknown,mindustry-evidence.json#/rows/590,False,unknown
mindustry,96f8dacbd2de964a26079dcd1928b3e5ca7d9b99207571acc802f7c7cff34508,direct-framework-reference,,com/android/dx/ssa/RegisterMapper,app-definition-present,unknown,22,0,unknown,mindustry-evidence.json#/rows/591,False,unknown
mindustry,96f8dacbd2de964a26079dcd1928b3e5ca7d9b99207571acc802f7c7cff34508,direct-framework-reference,,com/android/dx/ssa/SCCP,app-definition-present,unknown,15,0,unknown,mindustry-evidence.json#/rows/592,False,unknown
mindustry,96f8dacbd2de964a26079dcd1928b3e5ca7d9b99207571acc802f7c7cff34508,direct-framework-reference,,com/android/dx/ssa/SetFactory,app-definition-present,unknown,7,0,unknown,mindustry-evidence.json#/rows/593,False,unknown
mindustry,96f8dacbd2de964a26079dcd1928b3e5ca7d9b99207571acc802f7c7cff34508,direct-framework-reference,,com/android/dx/ssa/SsaBasicBlock,app-definition-present,unknown,130,0,unknown,mindustry-evidence.json#/rows/594,False,unknown
mindustry,96f8dacbd2de964a26079dcd1928b3e5ca7d9b99207571acc802f7c7cff34508,direct-framework-reference,,com/android/dx/ssa/SsaBasicBlock$LabelComparator,app-definition-present,unknown,2,0,unknown,mindustry-evidence.json#/rows/595,False,unknown
mindustry,96f8dacbd2de964a26079dcd1928b3e5ca7d9b99207571acc802f7c7cff34508,direct-framework-reference,,com/android/dx/ssa/SsaBasicBlock$Visitor,app-definition-present,unknown,6,0,unknown,mindustry-evidence.json#/rows/596,False,unknown
mindustry,96f8dacbd2de964a26079dcd1928b3e5ca7d9b99207571acc802f7c7cff34508,direct-framework-reference,,com/android/dx/ssa/SsaConverter,app-definition-present,unknown,15,0,unknown,mindustry-evidence.json#/rows/597,False,unknown
mindustry,96f8dacbd2de964a26079dcd1928b3e5ca7d9b99207571acc802f7c7cff34508,direct-framework-reference,,com/android/dx/ssa/SsaInsn,app-definition-present,unknown,124,0,unknown,mindustry-evidence.json#/rows/598,False,unknown
mindustry,96f8dacbd2de964a26079dcd1928b3e5ca7d9b99207571acc802f7c7cff34508,direct-framework-reference,,com/android/dx/ssa/SsaInsn$Visitor,app-definition-present,unknown,12,0,unknown,mindustry-evidence.json#/rows/599,False,unknown
mindustry,96f8dacbd2de964a26079dcd1928b3e5ca7d9b99207571acc802f7c7cff34508,direct-framework-reference,,com/android/dx/ssa/SsaMethod,app-definition-present,unknown,186,0,unknown,mindustry-evidence.json#/rows/600,False,unknown
mindustry,96f8dacbd2de964a26079dcd1928b3e5ca7d9b99207571acc802f7c7cff34508,direct-framework-reference,,com/android/dx/ssa/SsaMethod$1,app-definition-present,unknown,5,0,unknown,mindustry-evidence.json#/rows/601,False,unknown
mindustry,96f8dacbd2de964a26079dcd1928b3e5ca7d9b99207571acc802f7c7cff34508,direct-framework-reference,,com/android/dx/ssa/SsaMethod$2,app-definition-present,unknown,6,0,unknown,mindustry-evidence.json#/rows/602,False,unknown
mindustry,96f8dacbd2de964a26079dcd1928b3e5ca7d9b99207571acc802f7c7cff34508,direct-framework-reference,,com/android/dx/ssa/SsaRenamer,app-definition-present,unknown,30,0,unknown,mindustry-evidence.json#/rows/603,False,unknown
mindustry,96f8dacbd2de964a26079dcd1928b3e5ca7d9b99207571acc802f7c7cff34508,direct-framework-reference,,com/android/dx/ssa/SsaRenamer$1,app-definition-present,unknown,3,0,unknown,mindustry-evidence.json#/rows/604,False,unknown
mindustry,96f8dacbd2de964a26079dcd1928b3e5ca7d9b99207571acc802f7c7cff34508,direct-framework-reference,,com/android/dx/ssa/SsaRenamer$BlockRenamer,app-definition-present,unknown,16,0,unknown,mindustry-evidence.json#/rows/605,False,unknown
mindustry,96f8dacbd2de964a26079dcd1928b3e5ca7d9b99207571acc802f7c7cff34508,direct-framework-reference,,com/android/dx/ssa/SsaRenamer$BlockRenamer$1,app-definition-present,unknown,3,0,unknown,mindustry-evidence.json#/rows/606,False,unknown
mindustry,96f8dacbd2de964a26079dcd1928b3e5ca7d9b99207571acc802f7c7cff34508,direct-framework-reference,,com/android/dx/ssa/SsaRenamer$BlockRenamer$RenamingMapper,app-definition-present,unknown,6,0,unknown,mindustry-evidence.json#/rows/607,False,unknown
mindustry,96f8dacbd2de964a26079dcd1928b3e5ca7d9b99207571acc802f7c7cff34508,direct-framework-reference,,com/android/dx/ssa/back/FirstFitAllocator,app-definition-present,unknown,2,0,unknown,mindustry-evidence.json#/rows/608,False,unknown
mindustry,96f8dacbd2de964a26079dcd1928b3e5ca7d9b99207571acc802f7c7cff34508,direct-framework-reference,,com/android/dx/ssa/back/FirstFitLocalCombiningAllocator,app-definition-present,unknown,39,0,unknown,mindustry-evidence.json#/rows/609,False,unknown
mindustry,96f8dacbd2de964a26079dcd1928b3e5ca7d9b99207571acc802f7c7cff34508,direct-framework-reference,,com/android/dx/ssa/back/FirstFitLocalCombiningAllocator$1,app-definition-present,unknown,9,0,unknown,mindustry-evidence.json#/rows/610,False,unknown
mindustry,96f8dacbd2de964a26079dcd1928b3e5ca7d9b99207571acc802f7c7cff34508,direct-framework-reference,,com/android/dx/ssa/back/FirstFitLocalCombiningAllocator$Alignment,app-definition-present,unknown,12,0,unknown,mindustry-evidence.json#/rows/611,False,unknown
mindustry,96f8dacbd2de964a26079dcd1928b3e5ca7d9b99207571acc802f7c7cff34508,direct-framework-reference,,com/android/dx/ssa/back/FirstFitLocalCombiningAllocator$Alignment$1,app-definition-present,unknown,1,0,unknown,mindustry-evidence.json#/rows/612,False,unknown
mindustry,96f8dacbd2de964a26079dcd1928b3e5ca7d9b99207571acc802f7c7cff34508,direct-framework-reference,,com/android/dx/ssa/back/FirstFitLocalCombiningAllocator$Alignment$2,app-definition-present,unknown,1,0,unknown,mindustry-evidence.json#/rows/613,False,unknown
mindustry,96f8dacbd2de964a26079dcd1928b3e5ca7d9b99207571acc802f7c7cff34508,direct-framework-reference,,com/android/dx/ssa/back/FirstFitLocalCombiningAllocator$Alignment$3,app-definition-present,unknown,1,0,unknown,mindustry-evidence.json#/rows/614,False,unknown
mindustry,96f8dacbd2de964a26079dcd1928b3e5ca7d9b99207571acc802f7c7cff34508,direct-framework-reference,,com/android/dx/ssa/back/FirstFitLocalCombiningAllocator$Multiset,app-definition-present,unknown,5,0,unknown,mindustry-evidence.json#/rows/615,False,unknown
mindustry,96f8dacbd2de964a26079dcd1928b3e5ca7d9b99207571acc802f7c7cff34508,direct-framework-reference,,com/android/dx/ssa/back/IdenticalBlockCombiner,app-definition-present,unknown,5,0,unknown,mindustry-evidence.json#/rows/616,False,unknown
mindustry,96f8dacbd2de964a26079dcd1928b3e5ca7d9b99207571acc802f7c7cff34508,direct-framework-reference,,com/android/dx/ssa/back/InterferenceGraph,app-definition-present,unknown,21,0,unknown,mindustry-evidence.json#/rows/617,False,unknown
mindustry,96f8dacbd2de964a26079dcd1928b3e5ca7d9b99207571acc802f7c7cff34508,direct-framework-reference,,com/android/dx/ssa/back/LivenessAnalyzer,app-definition-present,unknown,10,0,unknown,mindustry-evidence.json#/rows/618,False,unknown
mindustry,96f8dacbd2de964a26079dcd1928b3e5ca7d9b99207571acc802f7c7cff34508,direct-framework-reference,,com/android/dx/ssa/back/LivenessAnalyzer$1,app-definition-present,unknown,2,0,unknown,mindustry-evidence.json#/rows/619,False,unknown
mindustry,96f8dacbd2de964a26079dcd1928b3e5ca7d9b99207571acc802f7c7cff34508,direct-framework-reference,,com/android/dx/ssa/back/LivenessAnalyzer$NextFunction,app-definition-present,unknown,9,0,unknown,mindustry-evidence.json#/rows/620,False,unknown
mindustry,96f8dacbd2de964a26079dcd1928b3e5ca7d9b99207571acc802f7c7cff34508,direct-framework-reference,,com/android/dx/ssa/back/RegisterAllocator,app-definition-present,unknown,20,0,unknown,mindustry-evidence.json#/rows/621,False,unknown
mindustry,96f8dacbd2de964a26079dcd1928b3e5ca7d9b99207571acc802f7c7cff34508,direct-framework-reference,,com/android/dx/ssa/back/SsaToRop,app-definition-present,unknown,15,0,unknown,mindustry-evidence.json#/rows/622,False,unknown
mindustry,96f8dacbd2de964a26079dcd1928b3e5ca7d9b99207571acc802f7c7cff34508,direct-framework-reference,,com/android/dx/ssa/back/SsaToRop$1,app-definition-present,unknown,3,0,unknown,mindustry-evidence.json#/rows/623,False,unknown
mindustry,96f8dacbd2de964a26079dcd1928b3e5ca7d9b99207571acc802f7c7cff34508,direct-framework-reference,,com/android/dx/ssa/back/SsaToRop$2,app-definition-present,unknown,4,0,unknown,mindustry-evidence.json#/rows/624,False,unknown
mindustry,96f8dacbd2de964a26079dcd1928b3e5ca7d9b99207571acc802f7c7cff34508,direct-framework-reference,,com/android/dx/ssa/back/SsaToRop$PhiVisitor,app-definition-present,unknown,3,0,unknown,mindustry-evidence.json#/rows/625,False,unknown
mindustry,96f8dacbd2de964a26079dcd1928b3e5ca7d9b99207571acc802f7c7cff34508,direct-framework-reference,,com/android/dx/util/AnnotatedOutput,app-definition-present,unknown,109,0,unknown,mindustry-evidence.json#/rows/626,False,unknown
mindustry,96f8dacbd2de964a26079dcd1928b3e5ca7d9b99207571acc802f7c7cff34508,direct-framework-reference,,com/android/dx/util/BitIntSet,app-definition-present,unknown,17,0,unknown,mindustry-evidence.json#/rows/627,False,unknown
mindustry,96f8dacbd2de964a26079dcd1928b3e5ca7d9b99207571acc802f7c7cff34508,direct-framework-reference,,com/android/dx/util/BitIntSet$1,app-definition-present,unknown,4,0,unknown,mindustry-evidence.json#/rows/628,False,unknown
mindustry,96f8dacbd2de964a26079dcd1928b3e5ca7d9b99207571acc802f7c7cff34508,direct-framework-reference,,com/android/dx/util/Bits,app-definition-present,unknown,28,0,unknown,mindustry-evidence.json#/rows/629,False,unknown
mindustry,96f8dacbd2de964a26079dcd1928b3e5ca7d9b99207571acc802f7c7cff34508,direct-framework-reference,,com/android/dx/util/ByteArray,app-definition-present,unknown,107,0,unknown,mindustry-evidence.json#/rows/630,False,unknown
mindustry,96f8dacbd2de964a26079dcd1928b3e5ca7d9b99207571acc802f7c7cff34508,direct-framework-reference,,com/android/dx/util/ByteArray$MyDataInputStream,app-definition-present,unknown,14,0,unknown,mindustry-evidence.json#/rows/631,False,unknown
mindustry,96f8dacbd2de964a26079dcd1928b3e5ca7d9b99207571acc802f7c7cff34508,direct-framework-reference,,com/android/dx/util/ByteArray$MyInputStream,app-definition-present,unknown,9,0,unknown,mindustry-evidence.json#/rows/632,False,unknown
mindustry,96f8dacbd2de964a26079dcd1928b3e5ca7d9b99207571acc802f7c7cff34508,direct-framework-reference,,com/android/dx/util/ByteArrayAnnotatedOutput,app-definition-present,unknown,55,0,unknown,mindustry-evidence.json#/rows/633,False,unknown
mindustry,96f8dacbd2de964a26079dcd1928b3e5ca7d9b99207571acc802f7c7cff34508,direct-framework-reference,,com/android/dx/util/ByteArrayAnnotatedOutput$Annotation,app-definition-present,unknown,12,0,unknown,mindustry-evidence.json#/rows/634,False,unknown
mindustry,96f8dacbd2de964a26079dcd1928b3e5ca7d9b99207571acc802f7c7cff34508,direct-framework-reference,,com/android/dx/util/FixedSizeList,app-definition-present,unknown,279,0,unknown,mindustry-evidence.json#/rows/635,False,unknown
mindustry,96f8dacbd2de964a26079dcd1928b3e5ca7d9b99207571acc802f7c7cff34508,direct-framework-reference,,com/android/dx/util/Hex,app-definition-present,unknown,133,0,unknown,mindustry-evidence.json#/rows/636,False,unknown
mindustry,96f8dacbd2de964a26079dcd1928b3e5ca7d9b99207571acc802f7c7cff34508,direct-framework-reference,,com/android/dx/util/HexParser,app-definition-present,unknown,1,0,unknown,mindustry-evidence.json#/rows/637,False,unknown
mindustry,96f8dacbd2de964a26079dcd1928b3e5ca7d9b99207571acc802f7c7cff34508,direct-framework-reference,,com/android/dx/util/IndentingWriter,app-definition-present,unknown,14,0,unknown,mindustry-evidence.json#/rows/638,False,unknown
mindustry,96f8dacbd2de964a26079dcd1928b3e5ca7d9b99207571acc802f7c7cff34508,direct-framework-reference,,com/android/dx/util/IntIterator,app-definition-present,unknown,5,0,unknown,mindustry-evidence.json#/rows/639,False,unknown
mindustry,96f8dacbd2de964a26079dcd1928b3e5ca7d9b99207571acc802f7c7cff34508,direct-framework-reference,,com/android/dx/util/IntList,app-definition-present,unknown,147,0,unknown,mindustry-evidence.json#/rows/640,False,unknown
mindustry,96f8dacbd2de964a26079dcd1928b3e5ca7d9b99207571acc802f7c7cff34508,direct-framework-reference,,com/android/dx/util/IntSet,app-definition-present,unknown,20,0,unknown,mindustry-evidence.json#/rows/641,False,unknown
mindustry,96f8dacbd2de964a26079dcd1928b3e5ca7d9b99207571acc802f7c7cff34508,direct-framework-reference,,com/android/dx/util/LabeledItem,app-definition-present,unknown,5,0,unknown,mindustry-evidence.json#/rows/642,False,unknown
mindustry,96f8dacbd2de964a26079dcd1928b3e5ca7d9b99207571acc802f7c7cff34508,direct-framework-reference,,com/android/dx/util/LabeledList,app-definition-present,unknown,30,0,unknown,mindustry-evidence.json#/rows/643,False,unknown
mindustry,96f8dacbd2de964a26079dcd1928b3e5ca7d9b99207571acc802f7c7cff34508,direct-framework-reference,,com/android/dx/util/ListIntSet,app-definition-present,unknown,15,0,unknown,mindustry-evidence.json#/rows/644,False,unknown
mindustry,96f8dacbd2de964a26079dcd1928b3e5ca7d9b99207571acc802f7c7cff34508,direct-framework-reference,,com/android/dx/util/ListIntSet$1,app-definition-present,unknown,4,0,unknown,mindustry-evidence.json#/rows/645,False,unknown
mindustry,96f8dacbd2de964a26079dcd1928b3e5ca7d9b99207571acc802f7c7cff34508,direct-framework-reference,,com/android/dx/util/MutabilityControl,app-definition-present,unknown,154,0,unknown,mindustry-evidence.json#/rows/646,False,unknown
mindustry,96f8dacbd2de964a26079dcd1928b3e5ca7d9b99207571acc802f7c7cff34508,direct-framework-reference,,com/android/dx/util/MutabilityException,app-definition-present,unknown,9,0,unknown,mindustry-evidence.json#/rows/647,False,unknown
mindustry,96f8dacbd2de964a26079dcd1928b3e5ca7d9b99207571acc802f7c7cff34508,direct-framework-reference,,com/android/dx/util/Output,app-definition-present,unknown,52,0,unknown,mindustry-evidence.json#/rows/648,False,unknown
mindustry,96f8dacbd2de964a26079dcd1928b3e5ca7d9b99207571acc802f7c7cff34508,direct-framework-reference,,com/android/dx/util/ToHuman,app-definition-present,unknown,18,0,unknown,mindustry-evidence.json#/rows/649,False,unknown
mindustry,96f8dacbd2de964a26079dcd1928b3e5ca7d9b99207571acc802f7c7cff34508,direct-framework-reference,,com/android/dx/util/TwoColumnOutput,app-definition-present,unknown,12,0,unknown,mindustry-evidence.json#/rows/650,False,unknown
mindustry,96f8dacbd2de964a26079dcd1928b3e5ca7d9b99207571acc802f7c7cff34508,direct-framework-reference,,com/android/dx/util/Warning,app-definition-present,unknown,1,0,unknown,mindustry-evidence.json#/rows/651,False,unknown
mindustry,96f8dacbd2de964a26079dcd1928b3e5ca7d9b99207571acc802f7c7cff34508,direct-framework-reference,,com/android/dx/util/Writers,app-definition-present,unknown,2,0,unknown,mindustry-evidence.json#/rows/652,False,unknown
mindustry,96f8dacbd2de964a26079dcd1928b3e5ca7d9b99207571acc802f7c7cff34508,direct-framework-reference,,dalvik/system/DexClassLoader,definition-present,unknown,3,0,unknown,mindustry-evidence.json#/rows/653,False,unknown
mindustry,96f8dacbd2de964a26079dcd1928b3e5ca7d9b99207571acc802f7c7cff34508,direct-framework-reference,,dalvik/system/InMemoryDexClassLoader,definition-present,unknown,1,0,unknown,mindustry-evidence.json#/rows/654,False,unknown
mindustry,96f8dacbd2de964a26079dcd1928b3e5ca7d9b99207571acc802f7c7cff34508,direct-framework-reference,,java/io/BufferedInputStream,definition-present,unknown,15,0,unknown,mindustry-evidence.json#/rows/655,False,unknown
mindustry,96f8dacbd2de964a26079dcd1928b3e5ca7d9b99207571acc802f7c7cff34508,direct-framework-reference,,java/io/BufferedOutputStream,definition-present,unknown,1,0,unknown,mindustry-evidence.json#/rows/656,False,unknown
mindustry,96f8dacbd2de964a26079dcd1928b3e5ca7d9b99207571acc802f7c7cff34508,direct-framework-reference,,java/io/BufferedReader,definition-present,unknown,14,0,unknown,mindustry-evidence.json#/rows/657,False,unknown
mindustry,96f8dacbd2de964a26079dcd1928b3e5ca7d9b99207571acc802f7c7cff34508,direct-framework-reference,,java/io/ByteArrayInputStream,definition-present,yes-static,24,1,unknown,mindustry-evidence.json#/rows/658,False,unknown
mindustry,96f8dacbd2de964a26079dcd1928b3e5ca7d9b99207571acc802f7c7cff34508,direct-framework-reference,,java/io/ByteArrayOutputStream,definition-present,yes-static,39,1,unknown,mindustry-evidence.json#/rows/659,False,unknown
mindustry,96f8dacbd2de964a26079dcd1928b3e5ca7d9b99207571acc802f7c7cff34508,direct-framework-reference,,java/io/CharArrayWriter,definition-present,unknown,1,0,unknown,mindustry-evidence.json#/rows/660,False,unknown
mindustry,96f8dacbd2de964a26079dcd1928b3e5ca7d9b99207571acc802f7c7cff34508,direct-framework-reference,,java/io/Closeable,definition-present,yes-static,28,3,unknown,mindustry-evidence.json#/rows/661,False,unknown
mindustry,96f8dacbd2de964a26079dcd1928b3e5ca7d9b99207571acc802f7c7cff34508,direct-framework-reference,,java/io/DataInput,definition-present,unknown,120,0,unknown,mindustry-evidence.json#/rows/662,False,unknown
mindustry,96f8dacbd2de964a26079dcd1928b3e5ca7d9b99207571acc802f7c7cff34508,direct-framework-reference,,java/io/DataInputStream,definition-present,unknown,77,0,unknown,mindustry-evidence.json#/rows/663,False,unknown
mindustry,96f8dacbd2de964a26079dcd1928b3e5ca7d9b99207571acc802f7c7cff34508,direct-framework-reference,,java/io/DataOutput,definition-present,unknown,51,0,unknown,mindustry-evidence.json#/rows/664,False,unknown
mindustry,96f8dacbd2de964a26079dcd1928b3e5ca7d9b99207571acc802f7c7cff34508,direct-framework-reference,,java/io/DataOutputStream,definition-present,unknown,49,0,unknown,mindustry-evidence.json#/rows/665,False,unknown
mindustry,96f8dacbd2de964a26079dcd1928b3e5ca7d9b99207571acc802f7c7cff34508,direct-framework-reference,,java/io/EOFException,definition-present,unknown,4,0,unknown,mindustry-evidence.json#/rows/666,False,unknown
mindustry,96f8dacbd2de964a26079dcd1928b3e5ca7d9b99207571acc802f7c7cff34508,direct-framework-reference,,java/io/File,definition-present,yes-static,154,10,unknown,mindustry-evidence.json#/rows/667,False,unknown
mindustry,96f8dacbd2de964a26079dcd1928b3e5ca7d9b99207571acc802f7c7cff34508,direct-framework-reference,,java/io/FileDescriptor,definition-present,unknown,1,0,unknown,mindustry-evidence.json#/rows/668,False,unknown
mindustry,96f8dacbd2de964a26079dcd1928b3e5ca7d9b99207571acc802f7c7cff34508,direct-framework-reference,,java/io/FileFilter,definition-present,unknown,6,0,unknown,mindustry-evidence.json#/rows/669,False,unknown
mindustry,96f8dacbd2de964a26079dcd1928b3e5ca7d9b99207571acc802f7c7cff34508,direct-framework-reference,,java/io/FileInputStream,definition-present,unknown,5,0,unknown,mindustry-evidence.json#/rows/670,False,unknown
mindustry,96f8dacbd2de964a26079dcd1928b3e5ca7d9b99207571acc802f7c7cff34508,direct-framework-reference,,java/io/FileOutputStream,definition-present,unknown,8,0,unknown,mindustry-evidence.json#/rows/671,False,unknown
mindustry,96f8dacbd2de964a26079dcd1928b3e5ca7d9b99207571acc802f7c7cff34508,direct-framework-reference,,java/io/FileReader,definition-present,unknown,4,0,unknown,mindustry-evidence.json#/rows/672,False,unknown
mindustry,96f8dacbd2de964a26079dcd1928b3e5ca7d9b99207571acc802f7c7cff34508,direct-framework-reference,,java/io/FilenameFilter,definition-present,unknown,6,0,unknown,mindustry-evidence.json#/rows/673,False,unknown
mindustry,96f8dacbd2de964a26079dcd1928b3e5ca7d9b99207571acc802f7c7cff34508,direct-framework-reference,,java/io/FilterInputStream,definition-present,unknown,17,0,unknown,mindustry-evidence.json#/rows/674,False,unknown
mindustry,96f8dacbd2de964a26079dcd1928b3e5ca7d9b99207571acc802f7c7cff34508,direct-framework-reference,,java/io/FilterOutputStream,definition-present,unknown,12,0,unknown,mindustry-evidence.json#/rows/675,False,unknown
mindustry,96f8dacbd2de964a26079dcd1928b3e5ca7d9b99207571acc802f7c7cff34508,direct-framework-reference,,java/io/FilterWriter,definition-present,unknown,6,0,unknown,mindustry-evidence.json#/rows/676,False,unknown
mindustry,96f8dacbd2de964a26079dcd1928b3e5ca7d9b99207571acc802f7c7cff34508,direct-framework-reference,,java/io/IOException,definition-present,unknown,53,0,unknown,mindustry-evidence.json#/rows/677,False,unknown
mindustry,96f8dacbd2de964a26079dcd1928b3e5ca7d9b99207571acc802f7c7cff34508,direct-framework-reference,,java/io/InputStream,definition-present,yes-static,136,4,unknown,mindustry-evidence.json#/rows/678,False,unknown
mindustry,96f8dacbd2de964a26079dcd1928b3e5ca7d9b99207571acc802f7c7cff34508,direct-framework-reference,,java/io/InputStreamReader,definition-present,unknown,12,0,unknown,mindustry-evidence.json#/rows/679,False,unknown
mindustry,96f8dacbd2de964a26079dcd1928b3e5ca7d9b99207571acc802f7c7cff34508,direct-framework-reference,,java/io/OutputStream,definition-present,yes-static,87,3,unknown,mindustry-evidence.json#/rows/680,False,unknown
mindustry,96f8dacbd2de964a26079dcd1928b3e5ca7d9b99207571acc802f7c7cff34508,direct-framework-reference,,java/io/OutputStreamWriter,definition-present,unknown,8,0,unknown,mindustry-evidence.json#/rows/681,False,unknown
mindustry,96f8dacbd2de964a26079dcd1928b3e5ca7d9b99207571acc802f7c7cff34508,direct-framework-reference,,java/io/PrintStream,definition-present,unknown,88,0,unknown,mindustry-evidence.json#/rows/682,False,unknown
mindustry,96f8dacbd2de964a26079dcd1928b3e5ca7d9b99207571acc802f7c7cff34508,direct-framework-reference,,java/io/PrintWriter,definition-present,yes-static,49,2,unknown,mindustry-evidence.json#/rows/683,False,unknown
mindustry,96f8dacbd2de964a26079dcd1928b3e5ca7d9b99207571acc802f7c7cff34508,direct-framework-reference,,java/io/RandomAccessFile,definition-present,unknown,1,0,unknown,mindustry-evidence.json#/rows/684,False,unknown
mindustry,96f8dacbd2de964a26079dcd1928b3e5ca7d9b99207571acc802f7c7cff34508,direct-framework-reference,,java/io/Reader,definition-present,unknown,41,0,unknown,mindustry-evidence.json#/rows/685,False,unknown
mindustry,96f8dacbd2de964a26079dcd1928b3e5ca7d9b99207571acc802f7c7cff34508,direct-framework-reference,,java/io/Serializable,definition-present,unknown,8,0,unknown,mindustry-evidence.json#/rows/686,False,unknown
mindustry,96f8dacbd2de964a26079dcd1928b3e5ca7d9b99207571acc802f7c7cff34508,direct-framework-reference,,java/io/StringReader,definition-present,unknown,1,0,unknown,mindustry-evidence.json#/rows/687,False,unknown
mindustry,96f8dacbd2de964a26079dcd1928b3e5ca7d9b99207571acc802f7c7cff34508,direct-framework-reference,,java/io/StringWriter,definition-present,yes-static,12,2,unknown,mindustry-evidence.json#/rows/688,False,unknown
mindustry,96f8dacbd2de964a26079dcd1928b3e5ca7d9b99207571acc802f7c7cff34508,direct-framework-reference,,java/io/UTFDataFormatException,definition-present,unknown,4,0,unknown,mindustry-evidence.json#/rows/689,False,unknown
mindustry,96f8dacbd2de964a26079dcd1928b3e5ca7d9b99207571acc802f7c7cff34508,direct-framework-reference,,java/io/Writer,definition-present,yes-static,75,3,unknown,mindustry-evidence.json#/rows/690,False,unknown
mindustry,96f8dacbd2de964a26079dcd1928b3e5ca7d9b99207571acc802f7c7cff34508,direct-framework-reference,,java/lang/ArrayIndexOutOfBoundsException,definition-present,unknown,5,0,unknown,mindustry-evidence.json#/rows/691,False,unknown
mindustry,96f8dacbd2de964a26079dcd1928b3e5ca7d9b99207571acc802f7c7cff34508,direct-framework-reference,,java/lang/ArrayStoreException,definition-present,unknown,1,0,unknown,mindustry-evidence.json#/rows/692,False,unknown
mindustry,96f8dacbd2de964a26079dcd1928b3e5ca7d9b99207571acc802f7c7cff34508,direct-framework-reference,,java/lang/AssertionError,definition-present,unknown,17,0,unknown,mindustry-evidence.json#/rows/693,False,unknown
mindustry,96f8dacbd2de964a26079dcd1928b3e5ca7d9b99207571acc802f7c7cff34508,direct-framework-reference,,java/lang/Boolean,definition-present,unknown,243,0,unknown,mindustry-evidence.json#/rows/694,False,unknown
mindustry,96f8dacbd2de964a26079dcd1928b3e5ca7d9b99207571acc802f7c7cff34508,direct-framework-reference,,java/lang/Byte,definition-present,unknown,27,0,unknown,mindustry-evidence.json#/rows/695,False,unknown
mindustry,96f8dacbd2de964a26079dcd1928b3e5ca7d9b99207571acc802f7c7cff34508,direct-framework-reference,,java/lang/CharSequence,definition-present,yes-static,895,3,unknown,mindustry-evidence.json#/rows/696,False,unknown
mindustry,96f8dacbd2de964a26079dcd1928b3e5ca7d9b99207571acc802f7c7cff34508,direct-framework-reference,,java/lang/CharSequence$-CC,definition-absent,unknown,3,0,unresolvable-in-scanned-inputs,mindustry-evidence.json#/rows/697,False,unknown
mindustry,96f8dacbd2de964a26079dcd1928b3e5ca7d9b99207571acc802f7c7cff34508,direct-framework-reference,,java/lang/Character,definition-present,yes-static,92,1,unknown,mindustry-evidence.json#/rows/698,False,unknown
mindustry,96f8dacbd2de964a26079dcd1928b3e5ca7d9b99207571acc802f7c7cff34508,direct-framework-reference,,java/lang/Class,definition-present,yes-static,1243,2,unknown,mindustry-evidence.json#/rows/699,False,unknown
mindustry,96f8dacbd2de964a26079dcd1928b3e5ca7d9b99207571acc802f7c7cff34508,direct-framework-reference,,java/lang/ClassCastException,definition-present,unknown,5,0,unknown,mindustry-evidence.json#/rows/700,False,unknown
mindustry,96f8dacbd2de964a26079dcd1928b3e5ca7d9b99207571acc802f7c7cff34508,direct-framework-reference,,java/lang/ClassLoader,definition-present,unknown,47,0,unknown,mindustry-evidence.json#/rows/701,False,unknown
mindustry,96f8dacbd2de964a26079dcd1928b3e5ca7d9b99207571acc802f7c7cff34508,direct-framework-reference,,java/lang/ClassNotFoundException,definition-present,unknown,2,0,unknown,mindustry-evidence.json#/rows/702,False,unknown
mindustry,96f8dacbd2de964a26079dcd1928b3e5ca7d9b99207571acc802f7c7cff34508,direct-framework-reference,,java/lang/Cloneable,definition-present,unknown,3,0,unknown,mindustry-evidence.json#/rows/703,False,unknown
mindustry,96f8dacbd2de964a26079dcd1928b3e5ca7d9b99207571acc802f7c7cff34508,direct-framework-reference,,java/lang/Comparable,definition-present,unknown,44,0,unknown,mindustry-evidence.json#/rows/704,False,unknown
mindustry,96f8dacbd2de964a26079dcd1928b3e5ca7d9b99207571acc802f7c7cff34508,direct-framework-reference,,java/lang/Deprecated,definition-present,unknown,3,0,unknown,mindustry-evidence.json#/rows/705,False,unknown
mindustry,96f8dacbd2de964a26079dcd1928b3e5ca7d9b99207571acc802f7c7cff34508,direct-framework-reference,,java/lang/Double,definition-present,unknown,159,0,unknown,mindustry-evidence.json#/rows/706,False,unknown
mindustry,96f8dacbd2de964a26079dcd1928b3e5ca7d9b99207571acc802f7c7cff34508,direct-framework-reference,,java/lang/Enum,definition-present,yes-static,751,1,unknown,mindustry-evidence.json#/rows/707,False,unknown
mindustry,96f8dacbd2de964a26079dcd1928b3e5ca7d9b99207571acc802f7c7cff34508,direct-framework-reference,,java/lang/Error,definition-present,unknown,2,0,unknown,mindustry-evidence.json#/rows/708,False,unknown
mindustry,96f8dacbd2de964a26079dcd1928b3e5ca7d9b99207571acc802f7c7cff34508,direct-framework-reference,,java/lang/Exception,definition-present,unknown,46,0,unknown,mindustry-evidence.json#/rows/709,False,unknown
mindustry,96f8dacbd2de964a26079dcd1928b3e5ca7d9b99207571acc802f7c7cff34508,direct-framework-reference,,java/lang/ExceptionInInitializerError,definition-present,unknown,2,0,unknown,mindustry-evidence.json#/rows/710,False,unknown
mindustry,96f8dacbd2de964a26079dcd1928b3e5ca7d9b99207571acc802f7c7cff34508,direct-framework-reference,,java/lang/Float,definition-present,unknown,241,0,unknown,mindustry-evidence.json#/rows/711,False,unknown
mindustry,96f8dacbd2de964a26079dcd1928b3e5ca7d9b99207571acc802f7c7cff34508,direct-framework-reference,,java/lang/IllegalArgumentException,definition-present,yes-static,599,6,unknown,mindustry-evidence.json#/rows/712,False,unknown
mindustry,96f8dacbd2de964a26079dcd1928b3e5ca7d9b99207571acc802f7c7cff34508,direct-framework-reference,,java/lang/IllegalStateException,definition-present,unknown,192,0,unknown,mindustry-evidence.json#/rows/713,False,unknown
mindustry,96f8dacbd2de964a26079dcd1928b3e5ca7d9b99207571acc802f7c7cff34508,direct-framework-reference,,java/lang/IncompatibleClassChangeError,definition-present,unknown,2,0,unknown,mindustry-evidence.json#/rows/714,False,unknown
mindustry,96f8dacbd2de964a26079dcd1928b3e5ca7d9b99207571acc802f7c7cff34508,direct-framework-reference,,java/lang/IndexOutOfBoundsException,definition-present,unknown,105,0,unknown,mindustry-evidence.json#/rows/715,False,unknown
mindustry,96f8dacbd2de964a26079dcd1928b3e5ca7d9b99207571acc802f7c7cff34508,direct-framework-reference,,java/lang/Integer,definition-present,unknown,744,0,unknown,mindustry-evidence.json#/rows/716,False,unknown
mindustry,96f8dacbd2de964a26079dcd1928b3e5ca7d9b99207571acc802f7c7cff34508,direct-framework-reference,,java/lang/InterruptedException,definition-present,unknown,1,0,unknown,mindustry-evidence.json#/rows/717,False,unknown
mindustry,96f8dacbd2de964a26079dcd1928b3e5ca7d9b99207571acc802f7c7cff34508,direct-framework-reference,,java/lang/Iterable,definition-present,unknown,182,0,unknown,mindustry-evidence.json#/rows/718,False,unknown
mindustry,96f8dacbd2de964a26079dcd1928b3e5ca7d9b99207571acc802f7c7cff34508,direct-framework-reference,,java/lang/Iterable$-CC,definition-absent,unknown,90,0,unresolvable-in-scanned-inputs,mindustry-evidence.json#/rows/719,False,unknown
mindustry,96f8dacbd2de964a26079dcd1928b3e5ca7d9b99207571acc802f7c7cff34508,direct-framework-reference,,java/lang/Long,definition-present,yes-static,105,4,unknown,mindustry-evidence.json#/rows/720,False,unknown
mindustry,96f8dacbd2de964a26079dcd1928b3e5ca7d9b99207571acc802f7c7cff34508,direct-framework-reference,,java/lang/Math,definition-present,yes-static,1227,6,unknown,mindustry-evidence.json#/rows/721,False,unknown
mindustry,96f8dacbd2de964a26079dcd1928b3e5ca7d9b99207571acc802f7c7cff34508,direct-framework-reference,,java/lang/NoClassDefFoundError,definition-present,unknown,1,0,unknown,mindustry-evidence.json#/rows/722,False,unknown
mindustry,96f8dacbd2de964a26079dcd1928b3e5ca7d9b99207571acc802f7c7cff34508,direct-framework-reference,,java/lang/NoSuchMethodError,definition-present,unknown,2,0,unknown,mindustry-evidence.json#/rows/723,False,unknown
mindustry,96f8dacbd2de964a26079dcd1928b3e5ca7d9b99207571acc802f7c7cff34508,direct-framework-reference,,java/lang/NullPointerException,definition-present,unknown,191,0,unknown,mindustry-evidence.json#/rows/724,False,unknown
mindustry,96f8dacbd2de964a26079dcd1928b3e5ca7d9b99207571acc802f7c7cff34508,direct-framework-reference,,java/lang/Number,definition-present,unknown,103,0,unknown,mindustry-evidence.json#/rows/725,False,unknown
mindustry,96f8dacbd2de964a26079dcd1928b3e5ca7d9b99207571acc802f7c7cff34508,direct-framework-reference,,java/lang/Object,definition-present,yes-static,12509,75,unknown,mindustry-evidence.json#/rows/726,False,unknown
mindustry,96f8dacbd2de964a26079dcd1928b3e5ca7d9b99207571acc802f7c7cff34508,direct-framework-reference,,java/lang/OutOfMemoryError,definition-present,unknown,1,0,unknown,mindustry-evidence.json#/rows/727,False,unknown
mindustry,96f8dacbd2de964a26079dcd1928b3e5ca7d9b99207571acc802f7c7cff34508,direct-framework-reference,,java/lang/Override,definition-present,unknown,5,0,unknown,mindustry-evidence.json#/rows/728,False,unknown
mindustry,96f8dacbd2de964a26079dcd1928b3e5ca7d9b99207571acc802f7c7cff34508,direct-framework-reference,,java/lang/Package,definition-present,unknown,1,0,unknown,mindustry-evidence.json#/rows/729,False,unknown
mindustry,96f8dacbd2de964a26079dcd1928b3e5ca7d9b99207571acc802f7c7cff34508,direct-framework-reference,,java/lang/Process,definition-present,unknown,4,0,unknown,mindustry-evidence.json#/rows/730,False,unknown
mindustry,96f8dacbd2de964a26079dcd1928b3e5ca7d9b99207571acc802f7c7cff34508,direct-framework-reference,,java/lang/Runnable,definition-present,yes-static,1728,1,unknown,mindustry-evidence.json#/rows/731,False,unknown
mindustry,96f8dacbd2de964a26079dcd1928b3e5ca7d9b99207571acc802f7c7cff34508,direct-framework-reference,,java/lang/Runtime,definition-present,yes-static,10,1,unknown,mindustry-evidence.json#/rows/732,False,unknown
mindustry,96f8dacbd2de964a26079dcd1928b3e5ca7d9b99207571acc802f7c7cff34508,direct-framework-reference,,java/lang/RuntimeException,definition-present,yes-static,611,2,unknown,mindustry-evidence.json#/rows/733,False,unknown
mindustry,96f8dacbd2de964a26079dcd1928b3e5ca7d9b99207571acc802f7c7cff34508,direct-framework-reference,,java/lang/SecurityException,definition-present,unknown,1,0,unknown,mindustry-evidence.json#/rows/734,False,unknown
mindustry,96f8dacbd2de964a26079dcd1928b3e5ca7d9b99207571acc802f7c7cff34508,direct-framework-reference,,java/lang/Short,definition-present,unknown,27,0,unknown,mindustry-evidence.json#/rows/735,False,unknown
mindustry,96f8dacbd2de964a26079dcd1928b3e5ca7d9b99207571acc802f7c7cff34508,direct-framework-reference,,java/lang/StackTraceElement,definition-present,unknown,5,0,unknown,mindustry-evidence.json#/rows/736,False,unknown
mindustry,96f8dacbd2de964a26079dcd1928b3e5ca7d9b99207571acc802f7c7cff34508,direct-framework-reference,,java/lang/String,definition-present,yes-static,10913,54,unknown,mindustry-evidence.json#/rows/737,False,unknown
mindustry,96f8dacbd2de964a26079dcd1928b3e5ca7d9b99207571acc802f7c7cff34508,direct-framework-reference,,java/lang/StringBuffer,definition-present,unknown,14,0,unknown,mindustry-evidence.json#/rows/738,False,unknown
mindustry,96f8dacbd2de964a26079dcd1928b3e5ca7d9b99207571acc802f7c7cff34508,direct-framework-reference,,java/lang/StringBuilder,definition-present,yes-static,1667,20,unknown,mindustry-evidence.json#/rows/739,False,unknown
mindustry,96f8dacbd2de964a26079dcd1928b3e5ca7d9b99207571acc802f7c7cff34508,direct-framework-reference,,java/lang/System,definition-present,yes-static,376,7,unknown,mindustry-evidence.json#/rows/740,False,unknown
mindustry,96f8dacbd2de964a26079dcd1928b3e5ca7d9b99207571acc802f7c7cff34508,direct-framework-reference,,java/lang/Thread,definition-present,yes-static,63,1,unknown,mindustry-evidence.json#/rows/741,False,unknown
mindustry,96f8dacbd2de964a26079dcd1928b3e5ca7d9b99207571acc802f7c7cff34508,direct-framework-reference,,java/lang/Thread$UncaughtExceptionHandler,definition-present,yes-static,7,2,unknown,mindustry-evidence.json#/rows/742,False,unknown
mindustry,96f8dacbd2de964a26079dcd1928b3e5ca7d9b99207571acc802f7c7cff34508,direct-framework-reference,,java/lang/ThreadLocal,definition-present,unknown,22,0,unknown,mindustry-evidence.json#/rows/743,False,unknown
mindustry,96f8dacbd2de964a26079dcd1928b3e5ca7d9b99207571acc802f7c7cff34508,direct-framework-reference,,java/lang/Throwable,definition-present,yes-static,592,8,unknown,mindustry-evidence.json#/rows/744,False,unknown
mindustry,96f8dacbd2de964a26079dcd1928b3e5ca7d9b99207571acc802f7c7cff34508,direct-framework-reference,,java/lang/UnsupportedOperationException,definition-present,unknown,102,0,unknown,mindustry-evidence.json#/rows/745,False,unknown
mindustry,96f8dacbd2de964a26079dcd1928b3e5ca7d9b99207571acc802f7c7cff34508,direct-framework-reference,,java/lang/Void,definition-present,unknown,13,0,unknown,mindustry-evidence.json#/rows/746,False,unknown
mindustry,96f8dacbd2de964a26079dcd1928b3e5ca7d9b99207571acc802f7c7cff34508,direct-framework-reference,,java/lang/annotation/Annotation,definition-present,unknown,7,0,unknown,mindustry-evidence.json#/rows/747,False,unknown
mindustry,96f8dacbd2de964a26079dcd1928b3e5ca7d9b99207571acc802f7c7cff34508,direct-framework-reference,,java/lang/annotation/ElementType,definition-present,unknown,4,0,unknown,mindustry-evidence.json#/rows/748,False,unknown
mindustry,96f8dacbd2de964a26079dcd1928b3e5ca7d9b99207571acc802f7c7cff34508,direct-framework-reference,,java/lang/ref/Reference,definition-present,unknown,1,0,unknown,mindustry-evidence.json#/rows/749,False,unknown
mindustry,96f8dacbd2de964a26079dcd1928b3e5ca7d9b99207571acc802f7c7cff34508,direct-framework-reference,,java/lang/ref/ReferenceQueue,definition-present,unknown,4,0,unknown,mindustry-evidence.json#/rows/750,False,unknown
mindustry,96f8dacbd2de964a26079dcd1928b3e5ca7d9b99207571acc802f7c7cff34508,direct-framework-reference,,java/lang/ref/SoftReference,definition-present,unknown,2,0,unknown,mindustry-evidence.json#/rows/751,False,unknown
mindustry,96f8dacbd2de964a26079dcd1928b3e5ca7d9b99207571acc802f7c7cff34508,direct-framework-reference,,java/lang/reflect/AccessibleObject,definition-present,unknown,6,0,unknown,mindustry-evidence.json#/rows/752,False,unknown
mindustry,96f8dacbd2de964a26079dcd1928b3e5ca7d9b99207571acc802f7c7cff34508,direct-framework-reference,,java/lang/reflect/Array,definition-present,yes-static,62,1,unknown,mindustry-evidence.json#/rows/753,False,unknown
mindustry,96f8dacbd2de964a26079dcd1928b3e5ca7d9b99207571acc802f7c7cff34508,direct-framework-reference,,java/lang/reflect/Constructor,definition-present,unknown,37,0,unknown,mindustry-evidence.json#/rows/754,False,unknown
mindustry,96f8dacbd2de964a26079dcd1928b3e5ca7d9b99207571acc802f7c7cff34508,direct-framework-reference,,java/lang/reflect/Field,definition-present,unknown,154,0,unknown,mindustry-evidence.json#/rows/755,False,unknown
mindustry,96f8dacbd2de964a26079dcd1928b3e5ca7d9b99207571acc802f7c7cff34508,direct-framework-reference,,java/lang/reflect/GenericArrayType,definition-present,unknown,3,0,unknown,mindustry-evidence.json#/rows/756,False,unknown
mindustry,96f8dacbd2de964a26079dcd1928b3e5ca7d9b99207571acc802f7c7cff34508,direct-framework-reference,,java/lang/reflect/GenericDeclaration,definition-present,unknown,1,0,unknown,mindustry-evidence.json#/rows/757,False,unknown
mindustry,96f8dacbd2de964a26079dcd1928b3e5ca7d9b99207571acc802f7c7cff34508,direct-framework-reference,,java/lang/reflect/InvocationHandler,definition-present,unknown,2,0,unknown,mindustry-evidence.json#/rows/758,False,unknown
mindustry,96f8dacbd2de964a26079dcd1928b3e5ca7d9b99207571acc802f7c7cff34508,direct-framework-reference,,java/lang/reflect/InvocationTargetException,definition-present,unknown,3,0,unknown,mindustry-evidence.json#/rows/759,False,unknown
mindustry,96f8dacbd2de964a26079dcd1928b3e5ca7d9b99207571acc802f7c7cff34508,direct-framework-reference,,java/lang/reflect/Member,definition-present,unknown,18,0,unknown,mindustry-evidence.json#/rows/760,False,unknown
mindustry,96f8dacbd2de964a26079dcd1928b3e5ca7d9b99207571acc802f7c7cff34508,direct-framework-reference,,java/lang/reflect/Method,definition-present,unknown,59,0,unknown,mindustry-evidence.json#/rows/761,False,unknown
mindustry,96f8dacbd2de964a26079dcd1928b3e5ca7d9b99207571acc802f7c7cff34508,direct-framework-reference,,java/lang/reflect/Modifier,definition-present,unknown,18,0,unknown,mindustry-evidence.json#/rows/762,False,unknown
mindustry,96f8dacbd2de964a26079dcd1928b3e5ca7d9b99207571acc802f7c7cff34508,direct-framework-reference,,java/lang/reflect/ParameterizedType,definition-present,unknown,3,0,unknown,mindustry-evidence.json#/rows/763,False,unknown
mindustry,96f8dacbd2de964a26079dcd1928b3e5ca7d9b99207571acc802f7c7cff34508,direct-framework-reference,,java/lang/reflect/Proxy,definition-present,unknown,2,0,unknown,mindustry-evidence.json#/rows/764,False,unknown
mindustry,96f8dacbd2de964a26079dcd1928b3e5ca7d9b99207571acc802f7c7cff34508,direct-framework-reference,,java/lang/reflect/Type,definition-present,unknown,6,0,unknown,mindustry-evidence.json#/rows/765,False,unknown
mindustry,96f8dacbd2de964a26079dcd1928b3e5ca7d9b99207571acc802f7c7cff34508,direct-framework-reference,,java/lang/reflect/TypeVariable,definition-present,unknown,2,0,unknown,mindustry-evidence.json#/rows/766,False,unknown
mindustry,96f8dacbd2de964a26079dcd1928b3e5ca7d9b99207571acc802f7c7cff34508,direct-framework-reference,,java/math/BigDecimal,definition-present,unknown,1,0,unknown,mindustry-evidence.json#/rows/767,False,unknown
mindustry,96f8dacbd2de964a26079dcd1928b3e5ca7d9b99207571acc802f7c7cff34508,direct-framework-reference,,java/math/BigInteger,definition-present,unknown,6,0,unknown,mindustry-evidence.json#/rows/768,False,unknown
mindustry,96f8dacbd2de964a26079dcd1928b3e5ca7d9b99207571acc802f7c7cff34508,direct-framework-reference,,java/net/DatagramPacket,definition-present,unknown,20,0,unknown,mindustry-evidence.json#/rows/769,False,unknown
mindustry,96f8dacbd2de964a26079dcd1928b3e5ca7d9b99207571acc802f7c7cff34508,direct-framework-reference,,java/net/DatagramSocket,definition-present,unknown,7,0,unknown,mindustry-evidence.json#/rows/770,False,unknown
mindustry,96f8dacbd2de964a26079dcd1928b3e5ca7d9b99207571acc802f7c7cff34508,direct-framework-reference,,java/net/HttpURLConnection,definition-present,unknown,11,0,unknown,mindustry-evidence.json#/rows/771,False,unknown
mindustry,96f8dacbd2de964a26079dcd1928b3e5ca7d9b99207571acc802f7c7cff34508,direct-framework-reference,,java/net/InetAddress,definition-present,unknown,28,0,unknown,mindustry-evidence.json#/rows/772,False,unknown
mindustry,96f8dacbd2de964a26079dcd1928b3e5ca7d9b99207571acc802f7c7cff34508,direct-framework-reference,,java/net/InetSocketAddress,definition-present,unknown,29,0,unknown,mindustry-evidence.json#/rows/773,False,unknown
mindustry,96f8dacbd2de964a26079dcd1928b3e5ca7d9b99207571acc802f7c7cff34508,direct-framework-reference,,java/net/InterfaceAddress,definition-present,unknown,1,0,unknown,mindustry-evidence.json#/rows/774,False,unknown
mindustry,96f8dacbd2de964a26079dcd1928b3e5ca7d9b99207571acc802f7c7cff34508,direct-framework-reference,,java/net/MalformedURLException,definition-present,unknown,1,0,unknown,mindustry-evidence.json#/rows/775,False,unknown
mindustry,96f8dacbd2de964a26079dcd1928b3e5ca7d9b99207571acc802f7c7cff34508,direct-framework-reference,,java/net/MulticastSocket,definition-present,unknown,4,0,unknown,mindustry-evidence.json#/rows/776,False,unknown
mindustry,96f8dacbd2de964a26079dcd1928b3e5ca7d9b99207571acc802f7c7cff34508,direct-framework-reference,,java/net/NetworkInterface,definition-present,unknown,2,0,unknown,mindustry-evidence.json#/rows/777,False,unknown
mindustry,96f8dacbd2de964a26079dcd1928b3e5ca7d9b99207571acc802f7c7cff34508,direct-framework-reference,,java/net/ServerSocket,definition-present,unknown,1,0,unknown,mindustry-evidence.json#/rows/778,False,unknown
mindustry,96f8dacbd2de964a26079dcd1928b3e5ca7d9b99207571acc802f7c7cff34508,direct-framework-reference,,java/net/Socket,definition-present,unknown,3,0,unknown,mindustry-evidence.json#/rows/779,False,unknown
mindustry,96f8dacbd2de964a26079dcd1928b3e5ca7d9b99207571acc802f7c7cff34508,direct-framework-reference,,java/net/SocketAddress,definition-present,unknown,15,0,unknown,mindustry-evidence.json#/rows/780,False,unknown
mindustry,96f8dacbd2de964a26079dcd1928b3e5ca7d9b99207571acc802f7c7cff34508,direct-framework-reference,,java/net/SocketException,definition-present,unknown,10,0,unknown,mindustry-evidence.json#/rows/781,False,unknown
mindustry,96f8dacbd2de964a26079dcd1928b3e5ca7d9b99207571acc802f7c7cff34508,direct-framework-reference,,java/net/SocketTimeoutException,definition-present,unknown,1,0,unknown,mindustry-evidence.json#/rows/782,False,unknown
mindustry,96f8dacbd2de964a26079dcd1928b3e5ca7d9b99207571acc802f7c7cff34508,direct-framework-reference,,java/net/URI,definition-present,unknown,35,0,unknown,mindustry-evidence.json#/rows/783,False,unknown
mindustry,96f8dacbd2de964a26079dcd1928b3e5ca7d9b99207571acc802f7c7cff34508,direct-framework-reference,,java/net/URISyntaxException,definition-present,unknown,1,0,unknown,mindustry-evidence.json#/rows/784,False,unknown
mindustry,96f8dacbd2de964a26079dcd1928b3e5ca7d9b99207571acc802f7c7cff34508,direct-framework-reference,,java/net/URL,definition-present,unknown,11,0,unknown,mindustry-evidence.json#/rows/785,False,unknown
mindustry,96f8dacbd2de964a26079dcd1928b3e5ca7d9b99207571acc802f7c7cff34508,direct-framework-reference,,java/net/URLClassLoader,definition-present,unknown,3,0,unknown,mindustry-evidence.json#/rows/786,False,unknown
mindustry,96f8dacbd2de964a26079dcd1928b3e5ca7d9b99207571acc802f7c7cff34508,direct-framework-reference,,java/net/URLConnection,definition-present,unknown,14,0,unknown,mindustry-evidence.json#/rows/787,False,unknown
mindustry,96f8dacbd2de964a26079dcd1928b3e5ca7d9b99207571acc802f7c7cff34508,direct-framework-reference,,java/net/URLEncoder,definition-present,unknown,1,0,unknown,mindustry-evidence.json#/rows/788,False,unknown
mindustry,96f8dacbd2de964a26079dcd1928b3e5ca7d9b99207571acc802f7c7cff34508,direct-framework-reference,,java/nio/Buffer,definition-present,unknown,157,0,unknown,mindustry-evidence.json#/rows/789,False,unknown
mindustry,96f8dacbd2de964a26079dcd1928b3e5ca7d9b99207571acc802f7c7cff34508,direct-framework-reference,,java/nio/BufferOverflowException,definition-present,unknown,1,0,unknown,mindustry-evidence.json#/rows/790,False,unknown
mindustry,96f8dacbd2de964a26079dcd1928b3e5ca7d9b99207571acc802f7c7cff34508,direct-framework-reference,,java/nio/BufferUnderflowException,definition-present,unknown,1,0,unknown,mindustry-evidence.json#/rows/791,False,unknown
mindustry,96f8dacbd2de964a26079dcd1928b3e5ca7d9b99207571acc802f7c7cff34508,direct-framework-reference,,java/nio/ByteBuffer,definition-present,unknown,316,0,unknown,mindustry-evidence.json#/rows/792,False,unknown
mindustry,96f8dacbd2de964a26079dcd1928b3e5ca7d9b99207571acc802f7c7cff34508,direct-framework-reference,,java/nio/ByteOrder,definition-present,unknown,28,0,unknown,mindustry-evidence.json#/rows/793,False,unknown
mindustry,96f8dacbd2de964a26079dcd1928b3e5ca7d9b99207571acc802f7c7cff34508,direct-framework-reference,,java/nio/CharBuffer,definition-present,unknown,1,0,unknown,mindustry-evidence.json#/rows/794,False,unknown
mindustry,96f8dacbd2de964a26079dcd1928b3e5ca7d9b99207571acc802f7c7cff34508,direct-framework-reference,,java/nio/DoubleBuffer,definition-present,unknown,1,0,unknown,mindustry-evidence.json#/rows/795,False,unknown
mindustry,96f8dacbd2de964a26079dcd1928b3e5ca7d9b99207571acc802f7c7cff34508,direct-framework-reference,,java/nio/FloatBuffer,definition-present,unknown,124,0,unknown,mindustry-evidence.json#/rows/796,False,unknown
mindustry,96f8dacbd2de964a26079dcd1928b3e5ca7d9b99207571acc802f7c7cff34508,direct-framework-reference,,java/nio/IntBuffer,definition-present,unknown,75,0,unknown,mindustry-evidence.json#/rows/797,False,unknown
mindustry,96f8dacbd2de964a26079dcd1928b3e5ca7d9b99207571acc802f7c7cff34508,direct-framework-reference,,java/nio/LongBuffer,definition-present,unknown,3,0,unknown,mindustry-evidence.json#/rows/798,False,unknown
mindustry,96f8dacbd2de964a26079dcd1928b3e5ca7d9b99207571acc802f7c7cff34508,direct-framework-reference,,java/nio/MappedByteBuffer,definition-present,unknown,2,0,unknown,mindustry-evidence.json#/rows/799,False,unknown
mindustry,96f8dacbd2de964a26079dcd1928b3e5ca7d9b99207571acc802f7c7cff34508,direct-framework-reference,,java/nio/ReadOnlyBufferException,definition-present,unknown,1,0,unknown,mindustry-evidence.json#/rows/800,False,unknown
mindustry,96f8dacbd2de964a26079dcd1928b3e5ca7d9b99207571acc802f7c7cff34508,direct-framework-reference,,java/nio/ShortBuffer,definition-present,unknown,33,0,unknown,mindustry-evidence.json#/rows/801,False,unknown
mindustry,96f8dacbd2de964a26079dcd1928b3e5ca7d9b99207571acc802f7c7cff34508,direct-framework-reference,,java/nio/channels/ClosedChannelException,definition-present,unknown,2,0,unknown,mindustry-evidence.json#/rows/802,False,unknown
mindustry,96f8dacbd2de964a26079dcd1928b3e5ca7d9b99207571acc802f7c7cff34508,direct-framework-reference,,java/nio/channels/ClosedSelectorException,definition-present,unknown,2,0,unknown,mindustry-evidence.json#/rows/803,False,unknown
mindustry,96f8dacbd2de964a26079dcd1928b3e5ca7d9b99207571acc802f7c7cff34508,direct-framework-reference,,java/nio/channels/DatagramChannel,definition-present,unknown,7,0,unknown,mindustry-evidence.json#/rows/804,False,unknown
mindustry,96f8dacbd2de964a26079dcd1928b3e5ca7d9b99207571acc802f7c7cff34508,direct-framework-reference,,java/nio/channels/FileChannel,definition-present,unknown,2,0,unknown,mindustry-evidence.json#/rows/805,False,unknown
mindustry,96f8dacbd2de964a26079dcd1928b3e5ca7d9b99207571acc802f7c7cff34508,direct-framework-reference,,java/nio/channels/FileChannel$MapMode,definition-present,unknown,3,0,unknown,mindustry-evidence.json#/rows/806,False,unknown
mindustry,96f8dacbd2de964a26079dcd1928b3e5ca7d9b99207571acc802f7c7cff34508,direct-framework-reference,,java/nio/channels/SelectableChannel,definition-present,unknown,6,0,unknown,mindustry-evidence.json#/rows/807,False,unknown
mindustry,96f8dacbd2de964a26079dcd1928b3e5ca7d9b99207571acc802f7c7cff34508,direct-framework-reference,,java/nio/channels/SelectionKey,definition-present,unknown,13,0,unknown,mindustry-evidence.json#/rows/808,False,unknown
mindustry,96f8dacbd2de964a26079dcd1928b3e5ca7d9b99207571acc802f7c7cff34508,direct-framework-reference,,java/nio/channels/Selector,definition-present,unknown,20,0,unknown,mindustry-evidence.json#/rows/809,False,unknown
mindustry,96f8dacbd2de964a26079dcd1928b3e5ca7d9b99207571acc802f7c7cff34508,direct-framework-reference,,java/nio/channels/ServerSocketChannel,definition-present,unknown,3,0,unknown,mindustry-evidence.json#/rows/810,False,unknown
mindustry,96f8dacbd2de964a26079dcd1928b3e5ca7d9b99207571acc802f7c7cff34508,direct-framework-reference,,java/nio/channels/SocketChannel,definition-present,unknown,12,0,unknown,mindustry-evidence.json#/rows/811,False,unknown
mindustry,96f8dacbd2de964a26079dcd1928b3e5ca7d9b99207571acc802f7c7cff34508,direct-framework-reference,,java/nio/channels/spi/SelectorProvider,definition-present,unknown,4,0,unknown,mindustry-evidence.json#/rows/812,False,unknown
mindustry,96f8dacbd2de964a26079dcd1928b3e5ca7d9b99207571acc802f7c7cff34508,direct-framework-reference,,java/nio/charset/Charset,definition-present,yes-static,43,1,unknown,mindustry-evidence.json#/rows/813,False,unknown
mindustry,96f8dacbd2de964a26079dcd1928b3e5ca7d9b99207571acc802f7c7cff34508,direct-framework-reference,,java/security/CodeSource,definition-present,unknown,3,0,unknown,mindustry-evidence.json#/rows/814,False,unknown
mindustry,96f8dacbd2de964a26079dcd1928b3e5ca7d9b99207571acc802f7c7cff34508,direct-framework-reference,,java/security/DigestInputStream,definition-present,unknown,1,0,unknown,mindustry-evidence.json#/rows/815,False,unknown
mindustry,96f8dacbd2de964a26079dcd1928b3e5ca7d9b99207571acc802f7c7cff34508,direct-framework-reference,,java/security/MessageDigest,definition-present,unknown,7,0,unknown,mindustry-evidence.json#/rows/816,False,unknown
mindustry,96f8dacbd2de964a26079dcd1928b3e5ca7d9b99207571acc802f7c7cff34508,direct-framework-reference,,java/security/ProtectionDomain,definition-present,unknown,3,0,unknown,mindustry-evidence.json#/rows/817,False,unknown
mindustry,96f8dacbd2de964a26079dcd1928b3e5ca7d9b99207571acc802f7c7cff34508,direct-framework-reference,,java/text/Collator,definition-present,unknown,1,0,unknown,mindustry-evidence.json#/rows/818,False,unknown
mindustry,96f8dacbd2de964a26079dcd1928b3e5ca7d9b99207571acc802f7c7cff34508,direct-framework-reference,,java/text/DateFormat,definition-present,unknown,6,0,unknown,mindustry-evidence.json#/rows/819,False,unknown
mindustry,96f8dacbd2de964a26079dcd1928b3e5ca7d9b99207571acc802f7c7cff34508,direct-framework-reference,,java/text/MessageFormat,definition-present,unknown,3,0,unknown,mindustry-evidence.json#/rows/820,False,unknown
mindustry,96f8dacbd2de964a26079dcd1928b3e5ca7d9b99207571acc802f7c7cff34508,direct-framework-reference,,java/text/Normalizer,definition-present,unknown,1,0,unknown,mindustry-evidence.json#/rows/821,False,unknown
mindustry,96f8dacbd2de964a26079dcd1928b3e5ca7d9b99207571acc802f7c7cff34508,direct-framework-reference,,java/text/Normalizer$Form,definition-present,unknown,1,0,unknown,mindustry-evidence.json#/rows/822,False,unknown
mindustry,96f8dacbd2de964a26079dcd1928b3e5ca7d9b99207571acc802f7c7cff34508,direct-framework-reference,,java/text/SimpleDateFormat,definition-present,unknown,8,0,unknown,mindustry-evidence.json#/rows/823,False,unknown
mindustry,96f8dacbd2de964a26079dcd1928b3e5ca7d9b99207571acc802f7c7cff34508,direct-framework-reference,,java/text/StringCharacterIterator,definition-present,unknown,1,0,unknown,mindustry-evidence.json#/rows/824,False,unknown
mindustry,96f8dacbd2de964a26079dcd1928b3e5ca7d9b99207571acc802f7c7cff34508,direct-framework-reference,,java/util/AbstractCollection,definition-present,unknown,1,0,unknown,mindustry-evidence.json#/rows/825,False,unknown
mindustry,96f8dacbd2de964a26079dcd1928b3e5ca7d9b99207571acc802f7c7cff34508,direct-framework-reference,,java/util/AbstractList,definition-present,unknown,6,0,unknown,mindustry-evidence.json#/rows/826,False,unknown
mindustry,96f8dacbd2de964a26079dcd1928b3e5ca7d9b99207571acc802f7c7cff34508,direct-framework-reference,,java/util/AbstractSet,definition-present,unknown,2,0,unknown,mindustry-evidence.json#/rows/827,False,unknown
mindustry,96f8dacbd2de964a26079dcd1928b3e5ca7d9b99207571acc802f7c7cff34508,direct-framework-reference,,java/util/ArrayDeque,definition-present,unknown,1,0,unknown,mindustry-evidence.json#/rows/828,False,unknown
mindustry,96f8dacbd2de964a26079dcd1928b3e5ca7d9b99207571acc802f7c7cff34508,direct-framework-reference,,java/util/ArrayList,definition-present,yes-static,376,1,unknown,mindustry-evidence.json#/rows/829,False,unknown
mindustry,96f8dacbd2de964a26079dcd1928b3e5ca7d9b99207571acc802f7c7cff34508,direct-framework-reference,,java/util/Arrays,definition-present,yes-static,141,2,unknown,mindustry-evidence.json#/rows/830,False,unknown
mindustry,96f8dacbd2de964a26079dcd1928b3e5ca7d9b99207571acc802f7c7cff34508,direct-framework-reference,,java/util/BitSet,definition-present,unknown,147,0,unknown,mindustry-evidence.json#/rows/831,False,unknown
mindustry,96f8dacbd2de964a26079dcd1928b3e5ca7d9b99207571acc802f7c7cff34508,direct-framework-reference,,java/util/Collection,definition-present,unknown,75,0,unknown,mindustry-evidence.json#/rows/832,False,unknown
mindustry,96f8dacbd2de964a26079dcd1928b3e5ca7d9b99207571acc802f7c7cff34508,direct-framework-reference,,java/util/Collection$-CC,definition-absent,unknown,8,0,unresolvable-in-scanned-inputs,mindustry-evidence.json#/rows/833,False,unknown
mindustry,96f8dacbd2de964a26079dcd1928b3e5ca7d9b99207571acc802f7c7cff34508,direct-framework-reference,,java/util/Collections,definition-present,unknown,30,0,unknown,mindustry-evidence.json#/rows/834,False,unknown
mindustry,96f8dacbd2de964a26079dcd1928b3e5ca7d9b99207571acc802f7c7cff34508,direct-framework-reference,,java/util/Comparator,definition-present,unknown,326,0,unknown,mindustry-evidence.json#/rows/835,False,unknown
mindustry,96f8dacbd2de964a26079dcd1928b3e5ca7d9b99207571acc802f7c7cff34508,direct-framework-reference,,java/util/Comparator$-CC,definition-absent,unknown,196,0,unresolvable-in-scanned-inputs,mindustry-evidence.json#/rows/836,False,unknown
mindustry,96f8dacbd2de964a26079dcd1928b3e5ca7d9b99207571acc802f7c7cff34508,direct-framework-reference,,java/util/Date,definition-present,unknown,14,0,unknown,mindustry-evidence.json#/rows/837,False,unknown
mindustry,96f8dacbd2de964a26079dcd1928b3e5ca7d9b99207571acc802f7c7cff34508,direct-framework-reference,,java/util/EnumMap,definition-present,unknown,3,0,unknown,mindustry-evidence.json#/rows/838,False,unknown
mindustry,96f8dacbd2de964a26079dcd1928b3e5ca7d9b99207571acc802f7c7cff34508,direct-framework-reference,,java/util/EnumSet,definition-present,unknown,13,0,unknown,mindustry-evidence.json#/rows/839,False,unknown
mindustry,96f8dacbd2de964a26079dcd1928b3e5ca7d9b99207571acc802f7c7cff34508,direct-framework-reference,,java/util/Enumeration,definition-present,unknown,4,0,unknown,mindustry-evidence.json#/rows/840,False,unknown
mindustry,96f8dacbd2de964a26079dcd1928b3e5ca7d9b99207571acc802f7c7cff34508,direct-framework-reference,,java/util/Formatter,definition-present,unknown,1,0,unknown,mindustry-evidence.json#/rows/841,False,unknown
mindustry,96f8dacbd2de964a26079dcd1928b3e5ca7d9b99207571acc802f7c7cff34508,direct-framework-reference,,java/util/HashMap,definition-present,yes-static,88,1,unknown,mindustry-evidence.json#/rows/842,False,unknown
mindustry,96f8dacbd2de964a26079dcd1928b3e5ca7d9b99207571acc802f7c7cff34508,direct-framework-reference,,java/util/HashSet,definition-present,unknown,49,0,unknown,mindustry-evidence.json#/rows/843,False,unknown
mindustry,96f8dacbd2de964a26079dcd1928b3e5ca7d9b99207571acc802f7c7cff34508,direct-framework-reference,,java/util/Hashtable,definition-present,unknown,1,0,unknown,mindustry-evidence.json#/rows/844,False,unknown
mindustry,96f8dacbd2de964a26079dcd1928b3e5ca7d9b99207571acc802f7c7cff34508,direct-framework-reference,,java/util/IdentityHashMap,definition-present,unknown,3,0,unknown,mindustry-evidence.json#/rows/845,False,unknown
mindustry,96f8dacbd2de964a26079dcd1928b3e5ca7d9b99207571acc802f7c7cff34508,direct-framework-reference,,java/util/Iterator,definition-present,yes-static,1015,1,unknown,mindustry-evidence.json#/rows/846,False,unknown
mindustry,96f8dacbd2de964a26079dcd1928b3e5ca7d9b99207571acc802f7c7cff34508,direct-framework-reference,,java/util/Iterator$-CC,definition-absent,unknown,33,0,unresolvable-in-scanned-inputs,mindustry-evidence.json#/rows/847,False,unknown
mindustry,96f8dacbd2de964a26079dcd1928b3e5ca7d9b99207571acc802f7c7cff34508,direct-framework-reference,,java/util/LinkedHashMap,definition-present,unknown,12,0,unknown,mindustry-evidence.json#/rows/848,False,unknown
mindustry,96f8dacbd2de964a26079dcd1928b3e5ca7d9b99207571acc802f7c7cff34508,direct-framework-reference,,java/util/LinkedList,definition-present,unknown,15,0,unknown,mindustry-evidence.json#/rows/849,False,unknown
mindustry,96f8dacbd2de964a26079dcd1928b3e5ca7d9b99207571acc802f7c7cff34508,direct-framework-reference,,java/util/List,definition-present,yes-static,277,1,unknown,mindustry-evidence.json#/rows/850,False,unknown
mindustry,96f8dacbd2de964a26079dcd1928b3e5ca7d9b99207571acc802f7c7cff34508,direct-framework-reference,,java/util/List$-CC,definition-absent,unknown,22,0,unresolvable-in-scanned-inputs,mindustry-evidence.json#/rows/851,False,unknown
mindustry,96f8dacbd2de964a26079dcd1928b3e5ca7d9b99207571acc802f7c7cff34508,direct-framework-reference,,java/util/ListIterator,definition-present,unknown,4,0,unknown,mindustry-evidence.json#/rows/852,False,unknown
mindustry,96f8dacbd2de964a26079dcd1928b3e5ca7d9b99207571acc802f7c7cff34508,direct-framework-reference,,java/util/Locale,definition-present,unknown,82,0,unknown,mindustry-evidence.json#/rows/853,False,unknown
mindustry,96f8dacbd2de964a26079dcd1928b3e5ca7d9b99207571acc802f7c7cff34508,direct-framework-reference,,java/util/Map,definition-present,unknown,103,0,unknown,mindustry-evidence.json#/rows/854,False,unknown
mindustry,96f8dacbd2de964a26079dcd1928b3e5ca7d9b99207571acc802f7c7cff34508,direct-framework-reference,,java/util/Map$-CC,definition-absent,unknown,11,0,unresolvable-in-scanned-inputs,mindustry-evidence.json#/rows/855,False,unknown
mindustry,96f8dacbd2de964a26079dcd1928b3e5ca7d9b99207571acc802f7c7cff34508,direct-framework-reference,,java/util/Map$Entry,definition-present,unknown,21,0,unknown,mindustry-evidence.json#/rows/856,False,unknown
mindustry,96f8dacbd2de964a26079dcd1928b3e5ca7d9b99207571acc802f7c7cff34508,direct-framework-reference,,java/util/MissingResourceException,definition-present,unknown,2,0,unknown,mindustry-evidence.json#/rows/857,False,unknown
mindustry,96f8dacbd2de964a26079dcd1928b3e5ca7d9b99207571acc802f7c7cff34508,direct-framework-reference,,java/util/NoSuchElementException,definition-present,unknown,58,0,unknown,mindustry-evidence.json#/rows/858,False,unknown
mindustry,96f8dacbd2de964a26079dcd1928b3e5ca7d9b99207571acc802f7c7cff34508,direct-framework-reference,,java/util/Objects,definition-present,unknown,93,0,unknown,mindustry-evidence.json#/rows/859,False,unknown
mindustry,96f8dacbd2de964a26079dcd1928b3e5ca7d9b99207571acc802f7c7cff34508,direct-framework-reference,,java/util/Random,definition-present,yes-static,6,1,unknown,mindustry-evidence.json#/rows/860,False,unknown
mindustry,96f8dacbd2de964a26079dcd1928b3e5ca7d9b99207571acc802f7c7cff34508,direct-framework-reference,,java/util/ResourceBundle,definition-present,unknown,1,0,unknown,mindustry-evidence.json#/rows/861,False,unknown
mindustry,96f8dacbd2de964a26079dcd1928b3e5ca7d9b99207571acc802f7c7cff34508,direct-framework-reference,,java/util/SequencedCollection,definition-absent,unknown,2,0,unresolvable-in-scanned-inputs,mindustry-evidence.json#/rows/862,False,unknown
mindustry,96f8dacbd2de964a26079dcd1928b3e5ca7d9b99207571acc802f7c7cff34508,direct-framework-reference,,java/util/Set,definition-present,unknown,67,0,unknown,mindustry-evidence.json#/rows/863,False,unknown
mindustry,96f8dacbd2de964a26079dcd1928b3e5ca7d9b99207571acc802f7c7cff34508,direct-framework-reference,,java/util/SortedMap,definition-present,unknown,1,0,unknown,mindustry-evidence.json#/rows/864,False,unknown
mindustry,96f8dacbd2de964a26079dcd1928b3e5ca7d9b99207571acc802f7c7cff34508,direct-framework-reference,,java/util/SortedSet,definition-present,unknown,4,0,unknown,mindustry-evidence.json#/rows/865,False,unknown
mindustry,96f8dacbd2de964a26079dcd1928b3e5ca7d9b99207571acc802f7c7cff34508,direct-framework-reference,,java/util/Spliterator,definition-present,unknown,46,0,unknown,mindustry-evidence.json#/rows/866,False,unknown
mindustry,96f8dacbd2de964a26079dcd1928b3e5ca7d9b99207571acc802f7c7cff34508,direct-framework-reference,,java/util/Stack,definition-present,unknown,5,0,unknown,mindustry-evidence.json#/rows/867,False,unknown
mindustry,96f8dacbd2de964a26079dcd1928b3e5ca7d9b99207571acc802f7c7cff34508,direct-framework-reference,,java/util/StringTokenizer,definition-present,unknown,4,0,unknown,mindustry-evidence.json#/rows/868,False,unknown
mindustry,96f8dacbd2de964a26079dcd1928b3e5ca7d9b99207571acc802f7c7cff34508,direct-framework-reference,,java/util/TimeZone,definition-present,unknown,2,0,unknown,mindustry-evidence.json#/rows/869,False,unknown
mindustry,96f8dacbd2de964a26079dcd1928b3e5ca7d9b99207571acc802f7c7cff34508,direct-framework-reference,,java/util/TreeMap,definition-present,unknown,88,0,unknown,mindustry-evidence.json#/rows/870,False,unknown
mindustry,96f8dacbd2de964a26079dcd1928b3e5ca7d9b99207571acc802f7c7cff34508,direct-framework-reference,,java/util/TreeSet,definition-present,unknown,1,0,unknown,mindustry-evidence.json#/rows/871,False,unknown
mindustry,96f8dacbd2de964a26079dcd1928b3e5ca7d9b99207571acc802f7c7cff34508,direct-framework-reference,,java/util/UUID,definition-present,unknown,3,0,unknown,mindustry-evidence.json#/rows/872,False,unknown
mindustry,96f8dacbd2de964a26079dcd1928b3e5ca7d9b99207571acc802f7c7cff34508,direct-framework-reference,,java/util/WeakHashMap,definition-present,unknown,9,0,unknown,mindustry-evidence.json#/rows/873,False,unknown
mindustry,96f8dacbd2de964a26079dcd1928b3e5ca7d9b99207571acc802f7c7cff34508,direct-framework-reference,,java/util/concurrent/ArrayBlockingQueue,definition-present,unknown,1,0,unknown,mindustry-evidence.json#/rows/874,False,unknown
mindustry,96f8dacbd2de964a26079dcd1928b3e5ca7d9b99207571acc802f7c7cff34508,direct-framework-reference,,java/util/concurrent/BlockingQueue,definition-present,unknown,3,0,unknown,mindustry-evidence.json#/rows/875,False,unknown
mindustry,96f8dacbd2de964a26079dcd1928b3e5ca7d9b99207571acc802f7c7cff34508,direct-framework-reference,,java/util/concurrent/Callable,definition-present,unknown,8,0,unknown,mindustry-evidence.json#/rows/876,False,unknown
mindustry,96f8dacbd2de964a26079dcd1928b3e5ca7d9b99207571acc802f7c7cff34508,direct-framework-reference,,java/util/concurrent/ConcurrentHashMap,definition-present,unknown,16,0,unknown,mindustry-evidence.json#/rows/877,False,unknown
mindustry,96f8dacbd2de964a26079dcd1928b3e5ca7d9b99207571acc802f7c7cff34508,direct-framework-reference,,java/util/concurrent/ConcurrentMap,definition-present,unknown,17,0,unknown,mindustry-evidence.json#/rows/878,False,unknown
mindustry,96f8dacbd2de964a26079dcd1928b3e5ca7d9b99207571acc802f7c7cff34508,direct-framework-reference,,java/util/concurrent/CopyOnWriteArrayList,definition-present,unknown,21,0,unknown,mindustry-evidence.json#/rows/879,False,unknown
mindustry,96f8dacbd2de964a26079dcd1928b3e5ca7d9b99207571acc802f7c7cff34508,direct-framework-reference,,java/util/concurrent/CountDownLatch,definition-present,unknown,4,0,unknown,mindustry-evidence.json#/rows/880,False,unknown
mindustry,96f8dacbd2de964a26079dcd1928b3e5ca7d9b99207571acc802f7c7cff34508,direct-framework-reference,,java/util/concurrent/ExecutionException,definition-present,unknown,2,0,unknown,mindustry-evidence.json#/rows/881,False,unknown
mindustry,96f8dacbd2de964a26079dcd1928b3e5ca7d9b99207571acc802f7c7cff34508,direct-framework-reference,,java/util/concurrent/ExecutorService,definition-present,yes-static,55,2,unknown,mindustry-evidence.json#/rows/882,False,unknown
mindustry,96f8dacbd2de964a26079dcd1928b3e5ca7d9b99207571acc802f7c7cff34508,direct-framework-reference,,java/util/concurrent/Executors,definition-present,yes-static,7,1,unknown,mindustry-evidence.json#/rows/883,False,unknown
mindustry,96f8dacbd2de964a26079dcd1928b3e5ca7d9b99207571acc802f7c7cff34508,direct-framework-reference,,java/util/concurrent/ForkJoinPool,definition-present,unknown,3,0,unknown,mindustry-evidence.json#/rows/884,False,unknown
mindustry,96f8dacbd2de964a26079dcd1928b3e5ca7d9b99207571acc802f7c7cff34508,direct-framework-reference,,java/util/concurrent/ForkJoinTask,definition-present,unknown,3,0,unknown,mindustry-evidence.json#/rows/885,False,unknown
mindustry,96f8dacbd2de964a26079dcd1928b3e5ca7d9b99207571acc802f7c7cff34508,direct-framework-reference,,java/util/concurrent/Future,definition-present,unknown,48,0,unknown,mindustry-evidence.json#/rows/886,False,unknown
mindustry,96f8dacbd2de964a26079dcd1928b3e5ca7d9b99207571acc802f7c7cff34508,direct-framework-reference,,java/util/concurrent/LinkedBlockingQueue,definition-present,unknown,9,0,unknown,mindustry-evidence.json#/rows/887,False,unknown
mindustry,96f8dacbd2de964a26079dcd1928b3e5ca7d9b99207571acc802f7c7cff34508,direct-framework-reference,,java/util/concurrent/RecursiveAction,definition-present,unknown,3,0,unknown,mindustry-evidence.json#/rows/888,False,unknown
mindustry,96f8dacbd2de964a26079dcd1928b3e5ca7d9b99207571acc802f7c7cff34508,direct-framework-reference,,java/util/concurrent/RejectedExecutionHandler,definition-present,unknown,1,0,unknown,mindustry-evidence.json#/rows/889,False,unknown
mindustry,96f8dacbd2de964a26079dcd1928b3e5ca7d9b99207571acc802f7c7cff34508,direct-framework-reference,,java/util/concurrent/ScheduledExecutorService,definition-present,unknown,2,0,unknown,mindustry-evidence.json#/rows/890,False,unknown
mindustry,96f8dacbd2de964a26079dcd1928b3e5ca7d9b99207571acc802f7c7cff34508,direct-framework-reference,,java/util/concurrent/ScheduledFuture,definition-present,unknown,1,0,unknown,mindustry-evidence.json#/rows/891,False,unknown
mindustry,96f8dacbd2de964a26079dcd1928b3e5ca7d9b99207571acc802f7c7cff34508,direct-framework-reference,,java/util/concurrent/SynchronousQueue,definition-present,unknown,1,0,unknown,mindustry-evidence.json#/rows/892,False,unknown
mindustry,96f8dacbd2de964a26079dcd1928b3e5ca7d9b99207571acc802f7c7cff34508,direct-framework-reference,,java/util/concurrent/ThreadFactory,definition-present,yes-static,5,1,unknown,mindustry-evidence.json#/rows/893,False,unknown
mindustry,96f8dacbd2de964a26079dcd1928b3e5ca7d9b99207571acc802f7c7cff34508,direct-framework-reference,,java/util/concurrent/ThreadPoolExecutor,definition-present,unknown,3,0,unknown,mindustry-evidence.json#/rows/894,False,unknown
mindustry,96f8dacbd2de964a26079dcd1928b3e5ca7d9b99207571acc802f7c7cff34508,direct-framework-reference,,java/util/concurrent/ThreadPoolExecutor$CallerRunsPolicy,definition-present,unknown,1,0,unknown,mindustry-evidence.json#/rows/895,False,unknown
mindustry,96f8dacbd2de964a26079dcd1928b3e5ca7d9b99207571acc802f7c7cff34508,direct-framework-reference,,java/util/concurrent/TimeUnit,definition-present,unknown,6,0,unknown,mindustry-evidence.json#/rows/896,False,unknown
mindustry,96f8dacbd2de964a26079dcd1928b3e5ca7d9b99207571acc802f7c7cff34508,direct-framework-reference,,java/util/concurrent/atomic/AtomicBoolean,definition-present,unknown,4,0,unknown,mindustry-evidence.json#/rows/897,False,unknown
mindustry,96f8dacbd2de964a26079dcd1928b3e5ca7d9b99207571acc802f7c7cff34508,direct-framework-reference,,java/util/concurrent/atomic/AtomicInteger,definition-present,unknown,12,0,unknown,mindustry-evidence.json#/rows/898,False,unknown
mindustry,96f8dacbd2de964a26079dcd1928b3e5ca7d9b99207571acc802f7c7cff34508,direct-framework-reference,,java/util/concurrent/locks/StampedLock,definition-present,unknown,9,0,unknown,mindustry-evidence.json#/rows/899,False,unknown
mindustry,96f8dacbd2de964a26079dcd1928b3e5ca7d9b99207571acc802f7c7cff34508,direct-framework-reference,,java/util/function/BiConsumer,definition-present,unknown,1,0,unknown,mindustry-evidence.json#/rows/900,False,unknown
mindustry,96f8dacbd2de964a26079dcd1928b3e5ca7d9b99207571acc802f7c7cff34508,direct-framework-reference,,java/util/function/BiFunction,definition-present,unknown,4,0,unknown,mindustry-evidence.json#/rows/901,False,unknown
mindustry,96f8dacbd2de964a26079dcd1928b3e5ca7d9b99207571acc802f7c7cff34508,direct-framework-reference,,java/util/function/Consumer,definition-present,unknown,77,0,unknown,mindustry-evidence.json#/rows/902,False,unknown
mindustry,96f8dacbd2de964a26079dcd1928b3e5ca7d9b99207571acc802f7c7cff34508,direct-framework-reference,,java/util/function/Consumer$-CC,definition-absent,unknown,1,0,unresolvable-in-scanned-inputs,mindustry-evidence.json#/rows/903,False,unknown
mindustry,96f8dacbd2de964a26079dcd1928b3e5ca7d9b99207571acc802f7c7cff34508,direct-framework-reference,,java/util/function/Function,definition-present,unknown,57,0,unknown,mindustry-evidence.json#/rows/904,False,unknown
mindustry,96f8dacbd2de964a26079dcd1928b3e5ca7d9b99207571acc802f7c7cff34508,direct-framework-reference,,java/util/function/IntFunction,definition-present,unknown,2,0,unknown,mindustry-evidence.json#/rows/905,False,unknown
mindustry,96f8dacbd2de964a26079dcd1928b3e5ca7d9b99207571acc802f7c7cff34508,direct-framework-reference,,java/util/function/Predicate,definition-present,unknown,2,0,unknown,mindustry-evidence.json#/rows/906,False,unknown
mindustry,96f8dacbd2de964a26079dcd1928b3e5ca7d9b99207571acc802f7c7cff34508,direct-framework-reference,,java/util/function/ToDoubleFunction,definition-present,unknown,28,0,unknown,mindustry-evidence.json#/rows/907,False,unknown
mindustry,96f8dacbd2de964a26079dcd1928b3e5ca7d9b99207571acc802f7c7cff34508,direct-framework-reference,,java/util/function/ToIntFunction,definition-present,unknown,28,0,unknown,mindustry-evidence.json#/rows/908,False,unknown
mindustry,96f8dacbd2de964a26079dcd1928b3e5ca7d9b99207571acc802f7c7cff34508,direct-framework-reference,,java/util/function/ToLongFunction,definition-present,unknown,28,0,unknown,mindustry-evidence.json#/rows/909,False,unknown
mindustry,96f8dacbd2de964a26079dcd1928b3e5ca7d9b99207571acc802f7c7cff34508,direct-framework-reference,,java/util/function/UnaryOperator,definition-present,unknown,2,0,unknown,mindustry-evidence.json#/rows/910,False,unknown
mindustry,96f8dacbd2de964a26079dcd1928b3e5ca7d9b99207571acc802f7c7cff34508,direct-framework-reference,,java/util/jar/Attributes,definition-present,unknown,2,0,unknown,mindustry-evidence.json#/rows/911,False,unknown
mindustry,96f8dacbd2de964a26079dcd1928b3e5ca7d9b99207571acc802f7c7cff34508,direct-framework-reference,,java/util/jar/Attributes$Name,definition-present,unknown,2,0,unknown,mindustry-evidence.json#/rows/912,False,unknown
mindustry,96f8dacbd2de964a26079dcd1928b3e5ca7d9b99207571acc802f7c7cff34508,direct-framework-reference,,java/util/jar/JarEntry,definition-present,unknown,1,0,unknown,mindustry-evidence.json#/rows/913,False,unknown
mindustry,96f8dacbd2de964a26079dcd1928b3e5ca7d9b99207571acc802f7c7cff34508,direct-framework-reference,,java/util/jar/JarOutputStream,definition-present,unknown,1,0,unknown,mindustry-evidence.json#/rows/914,False,unknown
mindustry,96f8dacbd2de964a26079dcd1928b3e5ca7d9b99207571acc802f7c7cff34508,direct-framework-reference,,java/util/jar/Manifest,definition-present,unknown,3,0,unknown,mindustry-evidence.json#/rows/915,False,unknown
mindustry,96f8dacbd2de964a26079dcd1928b3e5ca7d9b99207571acc802f7c7cff34508,direct-framework-reference,,java/util/logging/Level,definition-present,unknown,1,0,unknown,mindustry-evidence.json#/rows/916,False,unknown
mindustry,96f8dacbd2de964a26079dcd1928b3e5ca7d9b99207571acc802f7c7cff34508,direct-framework-reference,,java/util/logging/Logger,definition-present,unknown,1,0,unknown,mindustry-evidence.json#/rows/917,False,unknown
mindustry,96f8dacbd2de964a26079dcd1928b3e5ca7d9b99207571acc802f7c7cff34508,direct-framework-reference,,java/util/regex/Matcher,definition-present,unknown,16,0,unknown,mindustry-evidence.json#/rows/918,False,unknown
mindustry,96f8dacbd2de964a26079dcd1928b3e5ca7d9b99207571acc802f7c7cff34508,direct-framework-reference,,java/util/regex/Pattern,definition-present,yes-static,36,1,unknown,mindustry-evidence.json#/rows/919,False,unknown
mindustry,96f8dacbd2de964a26079dcd1928b3e5ca7d9b99207571acc802f7c7cff34508,direct-framework-reference,,java/util/stream/IntStream,definition-present,unknown,2,0,unknown,mindustry-evidence.json#/rows/920,False,unknown
mindustry,96f8dacbd2de964a26079dcd1928b3e5ca7d9b99207571acc802f7c7cff34508,direct-framework-reference,,java/util/stream/Stream,definition-present,unknown,4,0,unknown,mindustry-evidence.json#/rows/921,False,unknown
mindustry,96f8dacbd2de964a26079dcd1928b3e5ca7d9b99207571acc802f7c7cff34508,direct-framework-reference,,java/util/zip/Adler32,definition-present,unknown,2,0,unknown,mindustry-evidence.json#/rows/922,False,unknown
mindustry,96f8dacbd2de964a26079dcd1928b3e5ca7d9b99207571acc802f7c7cff34508,direct-framework-reference,,java/util/zip/CRC32,definition-present,unknown,5,0,unknown,mindustry-evidence.json#/rows/923,False,unknown
mindustry,96f8dacbd2de964a26079dcd1928b3e5ca7d9b99207571acc802f7c7cff34508,direct-framework-reference,,java/util/zip/CheckedOutputStream,definition-present,unknown,1,0,unknown,mindustry-evidence.json#/rows/924,False,unknown
mindustry,96f8dacbd2de964a26079dcd1928b3e5ca7d9b99207571acc802f7c7cff34508,direct-framework-reference,,java/util/zip/Checksum,definition-present,unknown,19,0,unknown,mindustry-evidence.json#/rows/925,False,unknown
mindustry,96f8dacbd2de964a26079dcd1928b3e5ca7d9b99207571acc802f7c7cff34508,direct-framework-reference,,java/util/zip/Checksum$-CC,definition-absent,unknown,4,0,unresolvable-in-scanned-inputs,mindustry-evidence.json#/rows/926,False,unknown
mindustry,96f8dacbd2de964a26079dcd1928b3e5ca7d9b99207571acc802f7c7cff34508,direct-framework-reference,,java/util/zip/Deflater,definition-present,unknown,5,0,unknown,mindustry-evidence.json#/rows/927,False,unknown
mindustry,96f8dacbd2de964a26079dcd1928b3e5ca7d9b99207571acc802f7c7cff34508,direct-framework-reference,,java/util/zip/DeflaterOutputStream,definition-present,unknown,6,0,unknown,mindustry-evidence.json#/rows/928,False,unknown
mindustry,96f8dacbd2de964a26079dcd1928b3e5ca7d9b99207571acc802f7c7cff34508,direct-framework-reference,,java/util/zip/Inflater,definition-present,unknown,2,0,unknown,mindustry-evidence.json#/rows/929,False,unknown
mindustry,96f8dacbd2de964a26079dcd1928b3e5ca7d9b99207571acc802f7c7cff34508,direct-framework-reference,,java/util/zip/InflaterInputStream,definition-present,unknown,13,0,unknown,mindustry-evidence.json#/rows/930,False,unknown
mindustry,96f8dacbd2de964a26079dcd1928b3e5ca7d9b99207571acc802f7c7cff34508,direct-framework-reference,,java/util/zip/ZipEntry,definition-present,unknown,21,0,unknown,mindustry-evidence.json#/rows/931,False,unknown
mindustry,96f8dacbd2de964a26079dcd1928b3e5ca7d9b99207571acc802f7c7cff34508,direct-framework-reference,,java/util/zip/ZipFile,definition-present,unknown,8,0,unknown,mindustry-evidence.json#/rows/932,False,unknown
mindustry,96f8dacbd2de964a26079dcd1928b3e5ca7d9b99207571acc802f7c7cff34508,direct-framework-reference,,java/util/zip/ZipOutputStream,definition-present,unknown,3,0,unknown,mindustry-evidence.json#/rows/933,False,unknown
mindustry,96f8dacbd2de964a26079dcd1928b3e5ca7d9b99207571acc802f7c7cff34508,direct-framework-reference,,javax/microedition/khronos/egl/EGL10,definition-present,yes-static,17,1,unknown,mindustry-evidence.json#/rows/934,False,unknown
mindustry,96f8dacbd2de964a26079dcd1928b3e5ca7d9b99207571acc802f7c7cff34508,direct-framework-reference,,javax/microedition/khronos/egl/EGLConfig,definition-present,yes-static,15,1,unknown,mindustry-evidence.json#/rows/935,False,unknown
mindustry,96f8dacbd2de964a26079dcd1928b3e5ca7d9b99207571acc802f7c7cff34508,direct-framework-reference,,javax/microedition/khronos/egl/EGLContext,definition-present,yes-static,5,1,unknown,mindustry-evidence.json#/rows/936,False,unknown
mindustry,96f8dacbd2de964a26079dcd1928b3e5ca7d9b99207571acc802f7c7cff34508,direct-framework-reference,,javax/microedition/khronos/egl/EGLDisplay,definition-present,yes-static,15,1,unknown,mindustry-evidence.json#/rows/937,False,unknown
mindustry,96f8dacbd2de964a26079dcd1928b3e5ca7d9b99207571acc802f7c7cff34508,direct-framework-reference,,javax/microedition/khronos/opengles/GL10,definition-present,unknown,3,0,unknown,mindustry-evidence.json#/rows/938,False,unknown
mindustry,96f8dacbd2de964a26079dcd1928b3e5ca7d9b99207571acc802f7c7cff34508,direct-framework-reference,,javax/naming/directory/DirContext,definition-absent,unknown,1,0,unresolvable-in-scanned-inputs,mindustry-evidence.json#/rows/939,False,unknown
mindustry,96f8dacbd2de964a26079dcd1928b3e5ca7d9b99207571acc802f7c7cff34508,direct-framework-reference,,javax/naming/directory/InitialDirContext,definition-absent,unknown,1,0,unresolvable-in-scanned-inputs,mindustry-evidence.json#/rows/940,False,unknown
mindustry,96f8dacbd2de964a26079dcd1928b3e5ca7d9b99207571acc802f7c7cff34508,manager-interface-prerequisite,clipboard,android/content/IClipboard,definition-present,yes-static,3,1,unknown,mindustry-evidence.json#/rows/941,True,False
mindustry,96f8dacbd2de964a26079dcd1928b3e5ca7d9b99207571acc802f7c7cff34508,manager-interface-prerequisite,connectivity,android/net/IConnectivityManager,definition-absent,unknown,1,0,unresolvable-in-scanned-inputs,mindustry-evidence.json#/rows/942,True,False
mindustry,96f8dacbd2de964a26079dcd1928b3e5ca7d9b99207571acc802f7c7cff34508,service-call,input_method,,unknown,unknown,1,0,unknown,mindustry-evidence.json#/rows/943,False,False
mindustry,96f8dacbd2de964a26079dcd1928b3e5ca7d9b99207571acc802f7c7cff34508,service-call,phone,,unknown,yes-static,1,1,unknown,mindustry-evidence.json#/rows/944,False,False
mindustry,96f8dacbd2de964a26079dcd1928b3e5ca7d9b99207571acc802f7c7cff34508,service-call,unknown,,unknown,yes-static,4,4,unknown,mindustry-evidence.json#/rows/945,False,False
mindustry,96f8dacbd2de964a26079dcd1928b3e5ca7d9b99207571acc802f7c7cff34508,service-call,vibrator,,unknown,yes-static,1,1,unknown,mindustry-evidence.json#/rows/946,False,False
mindustry,96f8dacbd2de964a26079dcd1928b3e5ca7d9b99207571acc802f7c7cff34508,service-call,window,,unknown,yes-static,1,1,unknown,mindustry-evidence.json#/rows/947,False,False
mindustry,96f8dacbd2de964a26079dcd1928b3e5ca7d9b99207571acc802f7c7cff34508,service-interface-prerequisite,clipboard,android/content/IClipboard,definition-present,yes-static,1,1,unknown,mindustry-evidence.json#/rows/948,True,False
mindustry,96f8dacbd2de964a26079dcd1928b3e5ca7d9b99207571acc802f7c7cff34508,service-interface-prerequisite,connectivity,android/net/IConnectivityManager,definition-absent,unknown,1,0,unresolvable-in-scanned-inputs,mindustry-evidence.json#/rows/949,True,False
