app,apk_sha256,kind,service,class,availability,startup_reachable,full_method_reference_count,startup_method_reference_count,runtime_load,evidence,stub_ok,needs_real
noice,bbb21d7321668031774b5fc2e44ce632d7b2538853e09083a258f127631e845d,direct-framework-reference,,android/accounts/AccountManager,definition-present,unknown,1,0,unknown,noice-evidence.json#/rows/0,False,unknown
noice,bbb21d7321668031774b5fc2e44ce632d7b2538853e09083a258f127631e845d,direct-framework-reference,,android/animation/Animator,definition-present,yes-static,73,5,unknown,noice-evidence.json#/rows/1,False,unknown
noice,bbb21d7321668031774b5fc2e44ce632d7b2538853e09083a258f127631e845d,direct-framework-reference,,android/animation/Animator$AnimatorListener,definition-present,unknown,3,0,unknown,noice-evidence.json#/rows/2,False,unknown
noice,bbb21d7321668031774b5fc2e44ce632d7b2538853e09083a258f127631e845d,direct-framework-reference,,android/animation/AnimatorInflater,definition-present,yes-static,3,1,unknown,noice-evidence.json#/rows/3,False,unknown
noice,bbb21d7321668031774b5fc2e44ce632d7b2538853e09083a258f127631e845d,direct-framework-reference,,android/animation/AnimatorListenerAdapter,definition-present,yes-static,49,2,unknown,noice-evidence.json#/rows/4,False,unknown
noice,bbb21d7321668031774b5fc2e44ce632d7b2538853e09083a258f127631e845d,direct-framework-reference,,android/animation/AnimatorSet,definition-present,unknown,26,0,unknown,noice-evidence.json#/rows/5,False,unknown
noice,bbb21d7321668031774b5fc2e44ce632d7b2538853e09083a258f127631e845d,direct-framework-reference,,android/animation/AnimatorSet$Builder,definition-present,unknown,1,0,unknown,noice-evidence.json#/rows/6,False,unknown
noice,bbb21d7321668031774b5fc2e44ce632d7b2538853e09083a258f127631e845d,direct-framework-reference,,android/animation/ArgbEvaluator,definition-present,unknown,2,0,unknown,noice-evidence.json#/rows/7,False,unknown
noice,bbb21d7321668031774b5fc2e44ce632d7b2538853e09083a258f127631e845d,direct-framework-reference,,android/animation/FloatEvaluator,definition-present,unknown,2,0,unknown,noice-evidence.json#/rows/8,False,unknown
noice,bbb21d7321668031774b5fc2e44ce632d7b2538853e09083a258f127631e845d,direct-framework-reference,,android/animation/Keyframe,definition-present,unknown,2,0,unknown,noice-evidence.json#/rows/9,False,unknown
noice,bbb21d7321668031774b5fc2e44ce632d7b2538853e09083a258f127631e845d,direct-framework-reference,,android/animation/ObjectAnimator,definition-present,unknown,28,0,unknown,noice-evidence.json#/rows/10,False,unknown
noice,bbb21d7321668031774b5fc2e44ce632d7b2538853e09083a258f127631e845d,direct-framework-reference,,android/animation/PropertyValuesHolder,definition-present,unknown,4,0,unknown,noice-evidence.json#/rows/11,False,unknown
noice,bbb21d7321668031774b5fc2e44ce632d7b2538853e09083a258f127631e845d,direct-framework-reference,,android/animation/StateListAnimator,definition-present,unknown,2,0,unknown,noice-evidence.json#/rows/12,False,unknown
noice,bbb21d7321668031774b5fc2e44ce632d7b2538853e09083a258f127631e845d,direct-framework-reference,,android/animation/TimeInterpolator,definition-present,yes-static,62,2,unknown,noice-evidence.json#/rows/13,False,unknown
noice,bbb21d7321668031774b5fc2e44ce632d7b2538853e09083a258f127631e845d,direct-framework-reference,,android/animation/TypeConverter,definition-present,unknown,1,0,unknown,noice-evidence.json#/rows/14,False,unknown
noice,bbb21d7321668031774b5fc2e44ce632d7b2538853e09083a258f127631e845d,direct-framework-reference,,android/animation/TypeEvaluator,definition-present,unknown,5,0,unknown,noice-evidence.json#/rows/15,False,unknown
noice,bbb21d7321668031774b5fc2e44ce632d7b2538853e09083a258f127631e845d,direct-framework-reference,,android/animation/ValueAnimator,definition-present,unknown,68,0,unknown,noice-evidence.json#/rows/16,False,unknown
noice,bbb21d7321668031774b5fc2e44ce632d7b2538853e09083a258f127631e845d,direct-framework-reference,,android/animation/ValueAnimator$AnimatorUpdateListener,definition-present,yes-static,1,1,unknown,noice-evidence.json#/rows/17,False,unknown
noice,bbb21d7321668031774b5fc2e44ce632d7b2538853e09083a258f127631e845d,direct-framework-reference,,android/app/ActionBar,definition-present,unknown,1,0,unknown,noice-evidence.json#/rows/18,False,unknown
noice,bbb21d7321668031774b5fc2e44ce632d7b2538853e09083a258f127631e845d,direct-framework-reference,,android/app/Activity,definition-present,yes-static,249,25,unknown,noice-evidence.json#/rows/19,False,unknown
noice,bbb21d7321668031774b5fc2e44ce632d7b2538853e09083a258f127631e845d,direct-framework-reference,,android/app/ActivityManager,definition-present,yes-static,6,1,unknown,noice-evidence.json#/rows/20,False,unknown
noice,bbb21d7321668031774b5fc2e44ce632d7b2538853e09083a258f127631e845d,direct-framework-reference,,android/app/ActivityManager$RunningAppProcessInfo,definition-present,unknown,1,0,unknown,noice-evidence.json#/rows/21,False,unknown
noice,bbb21d7321668031774b5fc2e44ce632d7b2538853e09083a258f127631e845d,direct-framework-reference,,android/app/AlarmManager,definition-present,unknown,18,0,unknown,noice-evidence.json#/rows/22,False,unknown
noice,bbb21d7321668031774b5fc2e44ce632d7b2538853e09083a258f127631e845d,direct-framework-reference,,android/app/AlarmManager$AlarmClockInfo,definition-present,unknown,1,0,unknown,noice-evidence.json#/rows/23,False,unknown
noice,bbb21d7321668031774b5fc2e44ce632d7b2538853e09083a258f127631e845d,direct-framework-reference,,android/app/AppComponentFactory,definition-present,unknown,6,0,unknown,noice-evidence.json#/rows/24,False,unknown
noice,bbb21d7321668031774b5fc2e44ce632d7b2538853e09083a258f127631e845d,direct-framework-reference,,android/app/AppOpsManager,definition-present,unknown,11,0,unknown,noice-evidence.json#/rows/25,False,unknown
noice,bbb21d7321668031774b5fc2e44ce632d7b2538853e09083a258f127631e845d,direct-framework-reference,,android/app/Application,definition-present,yes-static,36,3,unknown,noice-evidence.json#/rows/26,False,unknown
noice,bbb21d7321668031774b5fc2e44ce632d7b2538853e09083a258f127631e845d,direct-framework-reference,,android/app/Application$ActivityLifecycleCallbacks,definition-present,unknown,2,0,unknown,noice-evidence.json#/rows/27,False,unknown
noice,bbb21d7321668031774b5fc2e44ce632d7b2538853e09083a258f127631e845d,direct-framework-reference,,android/app/ApplicationExitInfo,definition-present,unknown,3,0,unknown,noice-evidence.json#/rows/28,False,unknown
noice,bbb21d7321668031774b5fc2e44ce632d7b2538853e09083a258f127631e845d,direct-framework-reference,,android/app/Dialog,definition-present,yes-static,90,3,unknown,noice-evidence.json#/rows/29,False,unknown
noice,bbb21d7321668031774b5fc2e44ce632d7b2538853e09083a258f127631e845d,direct-framework-reference,,android/app/DownloadManager,definition-present,unknown,1,0,unknown,noice-evidence.json#/rows/30,False,unknown
noice,bbb21d7321668031774b5fc2e44ce632d7b2538853e09083a258f127631e845d,direct-framework-reference,,android/app/Fragment,definition-present,yes-static,10,2,unknown,noice-evidence.json#/rows/31,False,unknown
noice,bbb21d7321668031774b5fc2e44ce632d7b2538853e09083a258f127631e845d,direct-framework-reference,,android/app/FragmentManager,definition-present,yes-static,2,1,unknown,noice-evidence.json#/rows/32,False,unknown
noice,bbb21d7321668031774b5fc2e44ce632d7b2538853e09083a258f127631e845d,direct-framework-reference,,android/app/FragmentTransaction,definition-present,yes-static,1,1,unknown,noice-evidence.json#/rows/33,False,unknown
noice,bbb21d7321668031774b5fc2e44ce632d7b2538853e09083a258f127631e845d,direct-framework-reference,,android/app/KeyguardManager,definition-present,unknown,1,0,unknown,noice-evidence.json#/rows/34,False,unknown
noice,bbb21d7321668031774b5fc2e44ce632d7b2538853e09083a258f127631e845d,direct-framework-reference,,android/app/LocaleManager,definition-present,unknown,2,0,unknown,noice-evidence.json#/rows/35,False,unknown
noice,bbb21d7321668031774b5fc2e44ce632d7b2538853e09083a258f127631e845d,direct-framework-reference,,android/app/Notification,definition-present,yes-static,27,5,unknown,noice-evidence.json#/rows/36,False,unknown
noice,bbb21d7321668031774b5fc2e44ce632d7b2538853e09083a258f127631e845d,direct-framework-reference,,android/app/Notification$Action,definition-present,yes-static,1,1,unknown,noice-evidence.json#/rows/37,False,unknown
noice,bbb21d7321668031774b5fc2e44ce632d7b2538853e09083a258f127631e845d,direct-framework-reference,,android/app/Notification$Action$Builder,definition-present,yes-static,4,4,unknown,noice-evidence.json#/rows/38,False,unknown
noice,bbb21d7321668031774b5fc2e44ce632d7b2538853e09083a258f127631e845d,direct-framework-reference,,android/app/Notification$BubbleMetadata,definition-present,yes-static,1,1,unknown,noice-evidence.json#/rows/39,False,unknown
noice,bbb21d7321668031774b5fc2e44ce632d7b2538853e09083a258f127631e845d,direct-framework-reference,,android/app/Notification$Builder,definition-present,yes-static,8,8,unknown,noice-evidence.json#/rows/40,False,unknown
noice,bbb21d7321668031774b5fc2e44ce632d7b2538853e09083a258f127631e845d,direct-framework-reference,,android/app/Notification$MediaStyle,definition-present,yes-static,5,4,unknown,noice-evidence.json#/rows/41,False,unknown
noice,bbb21d7321668031774b5fc2e44ce632d7b2538853e09083a258f127631e845d,direct-framework-reference,,android/app/Notification$Style,definition-present,yes-static,1,1,unknown,noice-evidence.json#/rows/42,False,unknown
noice,bbb21d7321668031774b5fc2e44ce632d7b2538853e09083a258f127631e845d,direct-framework-reference,,android/app/NotificationChannel,definition-present,unknown,5,0,unknown,noice-evidence.json#/rows/43,False,unknown
noice,bbb21d7321668031774b5fc2e44ce632d7b2538853e09083a258f127631e845d,direct-framework-reference,,android/app/NotificationManager,definition-present,yes-static,16,1,unknown,noice-evidence.json#/rows/44,False,unknown
noice,bbb21d7321668031774b5fc2e44ce632d7b2538853e09083a258f127631e845d,direct-framework-reference,,android/app/PendingIntent,definition-present,yes-static,37,2,unknown,noice-evidence.json#/rows/45,False,unknown
noice,bbb21d7321668031774b5fc2e44ce632d7b2538853e09083a258f127631e845d,direct-framework-reference,,android/app/Person,definition-present,yes-static,12,3,unknown,noice-evidence.json#/rows/46,False,unknown
noice,bbb21d7321668031774b5fc2e44ce632d7b2538853e09083a258f127631e845d,direct-framework-reference,,android/app/Person$Builder,definition-present,yes-static,1,1,unknown,noice-evidence.json#/rows/47,False,unknown
noice,bbb21d7321668031774b5fc2e44ce632d7b2538853e09083a258f127631e845d,direct-framework-reference,,android/app/RemoteInput,definition-present,yes-static,1,1,unknown,noice-evidence.json#/rows/48,False,unknown
noice,bbb21d7321668031774b5fc2e44ce632d7b2538853e09083a258f127631e845d,direct-framework-reference,,android/app/RemoteInput$Builder,definition-present,yes-static,1,1,unknown,noice-evidence.json#/rows/49,False,unknown
noice,bbb21d7321668031774b5fc2e44ce632d7b2538853e09083a258f127631e845d,direct-framework-reference,,android/app/SearchManager,definition-present,unknown,1,0,unknown,noice-evidence.json#/rows/50,False,unknown
noice,bbb21d7321668031774b5fc2e44ce632d7b2538853e09083a258f127631e845d,direct-framework-reference,,android/app/SearchableInfo,definition-present,unknown,13,0,unknown,noice-evidence.json#/rows/51,False,unknown
noice,bbb21d7321668031774b5fc2e44ce632d7b2538853e09083a258f127631e845d,direct-framework-reference,,android/app/Service,definition-present,yes-static,31,1,unknown,noice-evidence.json#/rows/52,False,unknown
noice,bbb21d7321668031774b5fc2e44ce632d7b2538853e09083a258f127631e845d,direct-framework-reference,,android/app/SharedElementCallback,definition-present,unknown,4,0,unknown,noice-evidence.json#/rows/53,False,unknown
noice,bbb21d7321668031774b5fc2e44ce632d7b2538853e09083a258f127631e845d,direct-framework-reference,,android/app/SharedElementCallback$OnSharedElementsReadyListener,definition-present,unknown,2,0,unknown,noice-evidence.json#/rows/54,False,unknown
noice,bbb21d7321668031774b5fc2e44ce632d7b2538853e09083a258f127631e845d,direct-framework-reference,,android/app/UiModeManager,definition-present,yes-static,3,1,unknown,noice-evidence.json#/rows/55,False,unknown
noice,bbb21d7321668031774b5fc2e44ce632d7b2538853e09083a258f127631e845d,direct-framework-reference,,android/app/WallpaperManager,definition-present,unknown,1,0,unknown,noice-evidence.json#/rows/56,False,unknown
noice,bbb21d7321668031774b5fc2e44ce632d7b2538853e09083a258f127631e845d,direct-framework-reference,,android/app/admin/DevicePolicyManager,definition-present,unknown,1,0,unknown,noice-evidence.json#/rows/57,False,unknown
noice,bbb21d7321668031774b5fc2e44ce632d7b2538853e09083a258f127631e845d,direct-framework-reference,,android/app/job/JobInfo,definition-present,unknown,7,0,unknown,noice-evidence.json#/rows/58,False,unknown
noice,bbb21d7321668031774b5fc2e44ce632d7b2538853e09083a258f127631e845d,direct-framework-reference,,android/app/job/JobInfo$Builder,definition-present,unknown,6,0,unknown,noice-evidence.json#/rows/59,False,unknown
noice,bbb21d7321668031774b5fc2e44ce632d7b2538853e09083a258f127631e845d,direct-framework-reference,,android/app/job/JobInfo$TriggerContentUri,definition-present,unknown,1,0,unknown,noice-evidence.json#/rows/60,False,unknown
noice,bbb21d7321668031774b5fc2e44ce632d7b2538853e09083a258f127631e845d,direct-framework-reference,,android/app/job/JobParameters,definition-present,unknown,10,0,unknown,noice-evidence.json#/rows/61,False,unknown
noice,bbb21d7321668031774b5fc2e44ce632d7b2538853e09083a258f127631e845d,direct-framework-reference,,android/app/job/JobScheduler,definition-present,yes-static,10,1,unknown,noice-evidence.json#/rows/62,False,unknown
noice,bbb21d7321668031774b5fc2e44ce632d7b2538853e09083a258f127631e845d,direct-framework-reference,,android/app/job/JobService,definition-present,unknown,5,0,unknown,noice-evidence.json#/rows/63,False,unknown
noice,bbb21d7321668031774b5fc2e44ce632d7b2538853e09083a258f127631e845d,direct-framework-reference,,android/app/usage/UsageStatsManager,definition-present,unknown,1,0,unknown,noice-evidence.json#/rows/64,False,unknown
noice,bbb21d7321668031774b5fc2e44ce632d7b2538853e09083a258f127631e845d,direct-framework-reference,,android/appwidget/AppWidgetManager,definition-present,unknown,1,0,unknown,noice-evidence.json#/rows/65,False,unknown
noice,bbb21d7321668031774b5fc2e44ce632d7b2538853e09083a258f127631e845d,direct-framework-reference,,android/bluetooth/BluetoothManager,definition-absent,unknown,1,0,unresolvable-in-scanned-inputs,noice-evidence.json#/rows/66,False,unknown
noice,bbb21d7321668031774b5fc2e44ce632d7b2538853e09083a258f127631e845d,direct-framework-reference,,android/content/BroadcastReceiver,definition-present,yes-static,46,4,unknown,noice-evidence.json#/rows/67,False,unknown
noice,bbb21d7321668031774b5fc2e44ce632d7b2538853e09083a258f127631e845d,direct-framework-reference,,android/content/BroadcastReceiver$PendingResult,definition-present,unknown,5,0,unknown,noice-evidence.json#/rows/68,False,unknown
noice,bbb21d7321668031774b5fc2e44ce632d7b2538853e09083a258f127631e845d,direct-framework-reference,,android/content/ClipData,definition-present,unknown,17,0,unknown,noice-evidence.json#/rows/69,False,unknown
noice,bbb21d7321668031774b5fc2e44ce632d7b2538853e09083a258f127631e845d,direct-framework-reference,,android/content/ClipData$Item,definition-present,unknown,3,0,unknown,noice-evidence.json#/rows/70,False,unknown
noice,bbb21d7321668031774b5fc2e44ce632d7b2538853e09083a258f127631e845d,direct-framework-reference,,android/content/ClipDescription,definition-present,unknown,9,0,unknown,noice-evidence.json#/rows/71,False,unknown
noice,bbb21d7321668031774b5fc2e44ce632d7b2538853e09083a258f127631e845d,direct-framework-reference,,android/content/ClipboardManager,definition-present,unknown,3,0,unknown,noice-evidence.json#/rows/72,False,unknown
noice,bbb21d7321668031774b5fc2e44ce632d7b2538853e09083a258f127631e845d,direct-framework-reference,,android/content/ComponentName,definition-present,yes-static,70,7,unknown,noice-evidence.json#/rows/73,False,unknown
noice,bbb21d7321668031774b5fc2e44ce632d7b2538853e09083a258f127631e845d,direct-framework-reference,,android/content/ContentProvider,definition-present,yes-static,3,2,unknown,noice-evidence.json#/rows/74,False,unknown
noice,bbb21d7321668031774b5fc2e44ce632d7b2538853e09083a258f127631e845d,direct-framework-reference,,android/content/ContentResolver,definition-present,yes-static,22,1,unknown,noice-evidence.json#/rows/75,False,unknown
noice,bbb21d7321668031774b5fc2e44ce632d7b2538853e09083a258f127631e845d,direct-framework-reference,,android/content/ContentUris,definition-present,unknown,1,0,unknown,noice-evidence.json#/rows/76,False,unknown
noice,bbb21d7321668031774b5fc2e44ce632d7b2538853e09083a258f127631e845d,direct-framework-reference,,android/content/ContentValues,definition-present,unknown,10,0,unknown,noice-evidence.json#/rows/77,False,unknown
noice,bbb21d7321668031774b5fc2e44ce632d7b2538853e09083a258f127631e845d,direct-framework-reference,,android/content/Context,definition-present,yes-static,1700,149,unknown,noice-evidence.json#/rows/78,False,unknown
noice,bbb21d7321668031774b5fc2e44ce632d7b2538853e09083a258f127631e845d,direct-framework-reference,,android/content/ContextWrapper,definition-present,yes-static,34,3,unknown,noice-evidence.json#/rows/79,False,unknown
noice,bbb21d7321668031774b5fc2e44ce632d7b2538853e09083a258f127631e845d,direct-framework-reference,,android/content/DialogInterface,definition-present,unknown,18,0,unknown,noice-evidence.json#/rows/80,False,unknown
noice,bbb21d7321668031774b5fc2e44ce632d7b2538853e09083a258f127631e845d,direct-framework-reference,,android/content/DialogInterface$OnCancelListener,definition-present,unknown,2,0,unknown,noice-evidence.json#/rows/81,False,unknown
noice,bbb21d7321668031774b5fc2e44ce632d7b2538853e09083a258f127631e845d,direct-framework-reference,,android/content/DialogInterface$OnClickListener,definition-present,unknown,10,0,unknown,noice-evidence.json#/rows/82,False,unknown
noice,bbb21d7321668031774b5fc2e44ce632d7b2538853e09083a258f127631e845d,direct-framework-reference,,android/content/DialogInterface$OnDismissListener,definition-present,unknown,2,0,unknown,noice-evidence.json#/rows/83,False,unknown
noice,bbb21d7321668031774b5fc2e44ce632d7b2538853e09083a258f127631e845d,direct-framework-reference,,android/content/DialogInterface$OnKeyListener,definition-present,unknown,3,0,unknown,noice-evidence.json#/rows/84,False,unknown
noice,bbb21d7321668031774b5fc2e44ce632d7b2538853e09083a258f127631e845d,direct-framework-reference,,android/content/DialogInterface$OnMultiChoiceClickListener,definition-present,unknown,3,0,unknown,noice-evidence.json#/rows/85,False,unknown
noice,bbb21d7321668031774b5fc2e44ce632d7b2538853e09083a258f127631e845d,direct-framework-reference,,android/content/Intent,definition-present,yes-static,250,12,unknown,noice-evidence.json#/rows/86,False,unknown
noice,bbb21d7321668031774b5fc2e44ce632d7b2538853e09083a258f127631e845d,direct-framework-reference,,android/content/Intent$ShortcutIconResource,definition-present,unknown,1,0,unknown,noice-evidence.json#/rows/87,False,unknown
noice,bbb21d7321668031774b5fc2e44ce632d7b2538853e09083a258f127631e845d,direct-framework-reference,,android/content/IntentFilter,definition-present,yes-static,24,1,unknown,noice-evidence.json#/rows/88,False,unknown
noice,bbb21d7321668031774b5fc2e44ce632d7b2538853e09083a258f127631e845d,direct-framework-reference,,android/content/IntentSender,definition-present,unknown,13,0,unknown,noice-evidence.json#/rows/89,False,unknown
noice,bbb21d7321668031774b5fc2e44ce632d7b2538853e09083a258f127631e845d,direct-framework-reference,,android/content/IntentSender$SendIntentException,definition-present,unknown,3,0,unknown,noice-evidence.json#/rows/90,False,unknown
noice,bbb21d7321668031774b5fc2e44ce632d7b2538853e09083a258f127631e845d,direct-framework-reference,,android/content/LocusId,definition-present,unknown,5,0,unknown,noice-evidence.json#/rows/91,False,unknown
noice,bbb21d7321668031774b5fc2e44ce632d7b2538853e09083a258f127631e845d,direct-framework-reference,,android/content/RestrictionsManager,definition-present,unknown,1,0,unknown,noice-evidence.json#/rows/92,False,unknown
noice,bbb21d7321668031774b5fc2e44ce632d7b2538853e09083a258f127631e845d,direct-framework-reference,,android/content/ServiceConnection,definition-present,yes-static,15,1,unknown,noice-evidence.json#/rows/93,False,unknown
noice,bbb21d7321668031774b5fc2e44ce632d7b2538853e09083a258f127631e845d,direct-framework-reference,,android/content/SharedPreferences,definition-present,yes-static,56,2,unknown,noice-evidence.json#/rows/94,False,unknown
noice,bbb21d7321668031774b5fc2e44ce632d7b2538853e09083a258f127631e845d,direct-framework-reference,,android/content/SharedPreferences$Editor,definition-present,unknown,21,0,unknown,noice-evidence.json#/rows/95,False,unknown
noice,bbb21d7321668031774b5fc2e44ce632d7b2538853e09083a258f127631e845d,direct-framework-reference,,android/content/SharedPreferences$OnSharedPreferenceChangeListener,definition-present,unknown,2,0,unknown,noice-evidence.json#/rows/96,False,unknown
noice,bbb21d7321668031774b5fc2e44ce632d7b2538853e09083a258f127631e845d,direct-framework-reference,,android/content/pm/ActivityInfo,definition-present,yes-static,8,1,unknown,noice-evidence.json#/rows/97,False,unknown
noice,bbb21d7321668031774b5fc2e44ce632d7b2538853e09083a258f127631e845d,direct-framework-reference,,android/content/pm/ApplicationInfo,definition-present,yes-static,12,2,unknown,noice-evidence.json#/rows/98,False,unknown
noice,bbb21d7321668031774b5fc2e44ce632d7b2538853e09083a258f127631e845d,direct-framework-reference,,android/content/pm/ComponentInfo,definition-present,unknown,1,0,unknown,noice-evidence.json#/rows/99,False,unknown
noice,bbb21d7321668031774b5fc2e44ce632d7b2538853e09083a258f127631e845d,direct-framework-reference,,android/content/pm/LauncherApps,definition-present,unknown,1,0,unknown,noice-evidence.json#/rows/100,False,unknown
noice,bbb21d7321668031774b5fc2e44ce632d7b2538853e09083a258f127631e845d,direct-framework-reference,,android/content/pm/PackageInfo,definition-present,unknown,10,0,unknown,noice-evidence.json#/rows/101,False,unknown
noice,bbb21d7321668031774b5fc2e44ce632d7b2538853e09083a258f127631e845d,direct-framework-reference,,android/content/pm/PackageItemInfo,definition-present,unknown,1,0,unknown,noice-evidence.json#/rows/102,False,unknown
noice,bbb21d7321668031774b5fc2e44ce632d7b2538853e09083a258f127631e845d,direct-framework-reference,,android/content/pm/PackageManager,definition-present,yes-static,37,3,unknown,noice-evidence.json#/rows/103,False,unknown
noice,bbb21d7321668031774b5fc2e44ce632d7b2538853e09083a258f127631e845d,direct-framework-reference,,android/content/pm/PackageManager$NameNotFoundException,definition-present,unknown,1,0,unknown,noice-evidence.json#/rows/104,False,unknown
noice,bbb21d7321668031774b5fc2e44ce632d7b2538853e09083a258f127631e845d,direct-framework-reference,,android/content/pm/PackageManager$PackageInfoFlags,definition-present,unknown,1,0,unknown,noice-evidence.json#/rows/105,False,unknown
noice,bbb21d7321668031774b5fc2e44ce632d7b2538853e09083a258f127631e845d,direct-framework-reference,,android/content/pm/ProviderInfo,definition-present,yes-static,3,1,unknown,noice-evidence.json#/rows/106,False,unknown
noice,bbb21d7321668031774b5fc2e44ce632d7b2538853e09083a258f127631e845d,direct-framework-reference,,android/content/pm/ResolveInfo,definition-present,unknown,8,0,unknown,noice-evidence.json#/rows/107,False,unknown
noice,bbb21d7321668031774b5fc2e44ce632d7b2538853e09083a258f127631e845d,direct-framework-reference,,android/content/pm/ServiceInfo,definition-present,unknown,2,0,unknown,noice-evidence.json#/rows/108,False,unknown
noice,bbb21d7321668031774b5fc2e44ce632d7b2538853e09083a258f127631e845d,direct-framework-reference,,android/content/pm/ShortcutInfo,definition-present,unknown,27,0,unknown,noice-evidence.json#/rows/109,False,unknown
noice,bbb21d7321668031774b5fc2e44ce632d7b2538853e09083a258f127631e845d,direct-framework-reference,,android/content/pm/ShortcutInfo$Builder,definition-present,unknown,4,0,unknown,noice-evidence.json#/rows/110,False,unknown
noice,bbb21d7321668031774b5fc2e44ce632d7b2538853e09083a258f127631e845d,direct-framework-reference,,android/content/pm/ShortcutManager,definition-present,unknown,14,0,unknown,noice-evidence.json#/rows/111,False,unknown
noice,bbb21d7321668031774b5fc2e44ce632d7b2538853e09083a258f127631e845d,direct-framework-reference,,android/content/pm/Signature,definition-present,unknown,4,0,unknown,noice-evidence.json#/rows/112,False,unknown
noice,bbb21d7321668031774b5fc2e44ce632d7b2538853e09083a258f127631e845d,direct-framework-reference,,android/content/res/AssetFileDescriptor,definition-present,unknown,1,0,unknown,noice-evidence.json#/rows/113,False,unknown
noice,bbb21d7321668031774b5fc2e44ce632d7b2538853e09083a258f127631e845d,direct-framework-reference,,android/content/res/AssetManager,definition-present,unknown,7,0,unknown,noice-evidence.json#/rows/114,False,unknown
noice,bbb21d7321668031774b5fc2e44ce632d7b2538853e09083a258f127631e845d,direct-framework-reference,,android/content/res/ColorStateList,definition-present,yes-static,446,25,unknown,noice-evidence.json#/rows/115,False,unknown
noice,bbb21d7321668031774b5fc2e44ce632d7b2538853e09083a258f127631e845d,direct-framework-reference,,android/content/res/Configuration,definition-present,yes-static,75,13,unknown,noice-evidence.json#/rows/116,False,unknown
noice,bbb21d7321668031774b5fc2e44ce632d7b2538853e09083a258f127631e845d,direct-framework-reference,,android/content/res/Resources,definition-present,yes-static,415,29,unknown,noice-evidence.json#/rows/117,False,unknown
noice,bbb21d7321668031774b5fc2e44ce632d7b2538853e09083a258f127631e845d,direct-framework-reference,,android/content/res/Resources$NotFoundException,definition-present,unknown,5,0,unknown,noice-evidence.json#/rows/118,False,unknown
noice,bbb21d7321668031774b5fc2e44ce632d7b2538853e09083a258f127631e845d,direct-framework-reference,,android/content/res/Resources$Theme,definition-present,yes-static,99,13,unknown,noice-evidence.json#/rows/119,False,unknown
noice,bbb21d7321668031774b5fc2e44ce632d7b2538853e09083a258f127631e845d,direct-framework-reference,,android/content/res/TypedArray,definition-present,yes-static,206,27,unknown,noice-evidence.json#/rows/120,False,unknown
noice,bbb21d7321668031774b5fc2e44ce632d7b2538853e09083a258f127631e845d,direct-framework-reference,,android/content/res/XmlResourceParser,definition-present,yes-static,24,4,unknown,noice-evidence.json#/rows/121,False,unknown
noice,bbb21d7321668031774b5fc2e44ce632d7b2538853e09083a258f127631e845d,direct-framework-reference,,android/database/AbstractCursor,definition-present,unknown,1,0,unknown,noice-evidence.json#/rows/122,False,unknown
noice,bbb21d7321668031774b5fc2e44ce632d7b2538853e09083a258f127631e845d,direct-framework-reference,,android/database/AbstractWindowedCursor,definition-present,unknown,1,0,unknown,noice-evidence.json#/rows/123,False,unknown
noice,bbb21d7321668031774b5fc2e44ce632d7b2538853e09083a258f127631e845d,direct-framework-reference,,android/database/ContentObserver,definition-present,unknown,2,0,unknown,noice-evidence.json#/rows/124,False,unknown
noice,bbb21d7321668031774b5fc2e44ce632d7b2538853e09083a258f127631e845d,direct-framework-reference,,android/database/Cursor,definition-present,unknown,103,0,unknown,noice-evidence.json#/rows/125,False,unknown
noice,bbb21d7321668031774b5fc2e44ce632d7b2538853e09083a258f127631e845d,direct-framework-reference,,android/database/CursorWindow,definition-present,unknown,1,0,unknown,noice-evidence.json#/rows/126,False,unknown
noice,bbb21d7321668031774b5fc2e44ce632d7b2538853e09083a258f127631e845d,direct-framework-reference,,android/database/DataSetObservable,definition-present,unknown,4,0,unknown,noice-evidence.json#/rows/127,False,unknown
noice,bbb21d7321668031774b5fc2e44ce632d7b2538853e09083a258f127631e845d,direct-framework-reference,,android/database/DataSetObserver,definition-present,unknown,10,0,unknown,noice-evidence.json#/rows/128,False,unknown
noice,bbb21d7321668031774b5fc2e44ce632d7b2538853e09083a258f127631e845d,direct-framework-reference,,android/database/DatabaseErrorHandler,definition-present,unknown,1,0,unknown,noice-evidence.json#/rows/129,False,unknown
noice,bbb21d7321668031774b5fc2e44ce632d7b2538853e09083a258f127631e845d,direct-framework-reference,,android/database/DatabaseUtils,definition-present,unknown,1,0,unknown,noice-evidence.json#/rows/130,False,unknown
noice,bbb21d7321668031774b5fc2e44ce632d7b2538853e09083a258f127631e845d,direct-framework-reference,,android/database/MatrixCursor,definition-present,unknown,1,0,unknown,noice-evidence.json#/rows/131,False,unknown
noice,bbb21d7321668031774b5fc2e44ce632d7b2538853e09083a258f127631e845d,direct-framework-reference,,android/database/Observable,definition-present,unknown,14,0,unknown,noice-evidence.json#/rows/132,False,unknown
noice,bbb21d7321668031774b5fc2e44ce632d7b2538853e09083a258f127631e845d,direct-framework-reference,,android/database/SQLException,definition-present,unknown,21,0,unknown,noice-evidence.json#/rows/133,False,unknown
noice,bbb21d7321668031774b5fc2e44ce632d7b2538853e09083a258f127631e845d,direct-framework-reference,,android/database/sqlite/SQLiteClosable,definition-present,unknown,2,0,unknown,noice-evidence.json#/rows/134,False,unknown
noice,bbb21d7321668031774b5fc2e44ce632d7b2538853e09083a258f127631e845d,direct-framework-reference,,android/database/sqlite/SQLiteCursor,definition-present,unknown,2,0,unknown,noice-evidence.json#/rows/135,False,unknown
noice,bbb21d7321668031774b5fc2e44ce632d7b2538853e09083a258f127631e845d,direct-framework-reference,,android/database/sqlite/SQLiteCursorDriver,definition-present,unknown,2,0,unknown,noice-evidence.json#/rows/136,False,unknown
noice,bbb21d7321668031774b5fc2e44ce632d7b2538853e09083a258f127631e845d,direct-framework-reference,,android/database/sqlite/SQLiteDatabase,definition-present,unknown,56,0,unknown,noice-evidence.json#/rows/137,False,unknown
noice,bbb21d7321668031774b5fc2e44ce632d7b2538853e09083a258f127631e845d,direct-framework-reference,,android/database/sqlite/SQLiteDatabase$CursorFactory,definition-present,unknown,4,0,unknown,noice-evidence.json#/rows/138,False,unknown
noice,bbb21d7321668031774b5fc2e44ce632d7b2538853e09083a258f127631e845d,direct-framework-reference,,android/database/sqlite/SQLiteException,definition-present,unknown,1,0,unknown,noice-evidence.json#/rows/139,False,unknown
noice,bbb21d7321668031774b5fc2e44ce632d7b2538853e09083a258f127631e845d,direct-framework-reference,,android/database/sqlite/SQLiteOpenHelper,definition-present,unknown,8,0,unknown,noice-evidence.json#/rows/140,False,unknown
noice,bbb21d7321668031774b5fc2e44ce632d7b2538853e09083a258f127631e845d,direct-framework-reference,,android/database/sqlite/SQLiteProgram,definition-present,unknown,10,0,unknown,noice-evidence.json#/rows/141,False,unknown
noice,bbb21d7321668031774b5fc2e44ce632d7b2538853e09083a258f127631e845d,direct-framework-reference,,android/database/sqlite/SQLiteQuery,definition-present,unknown,2,0,unknown,noice-evidence.json#/rows/142,False,unknown
noice,bbb21d7321668031774b5fc2e44ce632d7b2538853e09083a258f127631e845d,direct-framework-reference,,android/database/sqlite/SQLiteStatement,definition-present,unknown,4,0,unknown,noice-evidence.json#/rows/143,False,unknown
noice,bbb21d7321668031774b5fc2e44ce632d7b2538853e09083a258f127631e845d,direct-framework-reference,,android/graphics/Bitmap,definition-present,yes-static,47,6,unknown,noice-evidence.json#/rows/144,False,unknown
noice,bbb21d7321668031774b5fc2e44ce632d7b2538853e09083a258f127631e845d,direct-framework-reference,,android/graphics/Bitmap$Config,definition-present,yes-static,8,2,unknown,noice-evidence.json#/rows/145,False,unknown
noice,bbb21d7321668031774b5fc2e44ce632d7b2538853e09083a258f127631e845d,direct-framework-reference,,android/graphics/BitmapFactory,definition-present,yes-static,5,1,unknown,noice-evidence.json#/rows/146,False,unknown
noice,bbb21d7321668031774b5fc2e44ce632d7b2538853e09083a258f127631e845d,direct-framework-reference,,android/graphics/BitmapFactory$Options,definition-present,unknown,2,0,unknown,noice-evidence.json#/rows/147,False,unknown
noice,bbb21d7321668031774b5fc2e44ce632d7b2538853e09083a258f127631e845d,direct-framework-reference,,android/graphics/BitmapShader,definition-present,yes-static,2,1,unknown,noice-evidence.json#/rows/148,False,unknown
noice,bbb21d7321668031774b5fc2e44ce632d7b2538853e09083a258f127631e845d,direct-framework-reference,,android/graphics/Canvas,definition-present,yes-static,107,2,unknown,noice-evidence.json#/rows/149,False,unknown
noice,bbb21d7321668031774b5fc2e44ce632d7b2538853e09083a258f127631e845d,direct-framework-reference,,android/graphics/Color,definition-present,yes-static,22,7,unknown,noice-evidence.json#/rows/150,False,unknown
noice,bbb21d7321668031774b5fc2e44ce632d7b2538853e09083a258f127631e845d,direct-framework-reference,,android/graphics/ColorFilter,definition-present,yes-static,31,3,unknown,noice-evidence.json#/rows/151,False,unknown
noice,bbb21d7321668031774b5fc2e44ce632d7b2538853e09083a258f127631e845d,direct-framework-reference,,android/graphics/ColorMatrix,definition-present,unknown,1,0,unknown,noice-evidence.json#/rows/152,False,unknown
noice,bbb21d7321668031774b5fc2e44ce632d7b2538853e09083a258f127631e845d,direct-framework-reference,,android/graphics/ColorMatrixColorFilter,definition-present,unknown,1,0,unknown,noice-evidence.json#/rows/153,False,unknown
noice,bbb21d7321668031774b5fc2e44ce632d7b2538853e09083a258f127631e845d,direct-framework-reference,,android/graphics/DashPathEffect,definition-present,unknown,1,0,unknown,noice-evidence.json#/rows/154,False,unknown
noice,bbb21d7321668031774b5fc2e44ce632d7b2538853e09083a258f127631e845d,direct-framework-reference,,android/graphics/Insets,definition-present,unknown,24,0,unknown,noice-evidence.json#/rows/155,False,unknown
noice,bbb21d7321668031774b5fc2e44ce632d7b2538853e09083a258f127631e845d,direct-framework-reference,,android/graphics/LinearGradient,definition-present,unknown,4,0,unknown,noice-evidence.json#/rows/156,False,unknown
noice,bbb21d7321668031774b5fc2e44ce632d7b2538853e09083a258f127631e845d,direct-framework-reference,,android/graphics/Matrix,definition-present,yes-static,80,1,unknown,noice-evidence.json#/rows/157,False,unknown
noice,bbb21d7321668031774b5fc2e44ce632d7b2538853e09083a258f127631e845d,direct-framework-reference,,android/graphics/Matrix$ScaleToFit,definition-present,unknown,1,0,unknown,noice-evidence.json#/rows/158,False,unknown
noice,bbb21d7321668031774b5fc2e44ce632d7b2538853e09083a258f127631e845d,direct-framework-reference,,android/graphics/Outline,definition-present,unknown,9,0,unknown,noice-evidence.json#/rows/159,False,unknown
noice,bbb21d7321668031774b5fc2e44ce632d7b2538853e09083a258f127631e845d,direct-framework-reference,,android/graphics/Paint,definition-present,yes-static,147,1,unknown,noice-evidence.json#/rows/160,False,unknown
noice,bbb21d7321668031774b5fc2e44ce632d7b2538853e09083a258f127631e845d,direct-framework-reference,,android/graphics/Paint$Align,definition-present,unknown,4,0,unknown,noice-evidence.json#/rows/161,False,unknown
noice,bbb21d7321668031774b5fc2e44ce632d7b2538853e09083a258f127631e845d,direct-framework-reference,,android/graphics/Paint$Cap,definition-present,unknown,10,0,unknown,noice-evidence.json#/rows/162,False,unknown
noice,bbb21d7321668031774b5fc2e44ce632d7b2538853e09083a258f127631e845d,direct-framework-reference,,android/graphics/Paint$FontMetrics,definition-present,unknown,4,0,unknown,noice-evidence.json#/rows/163,False,unknown
noice,bbb21d7321668031774b5fc2e44ce632d7b2538853e09083a258f127631e845d,direct-framework-reference,,android/graphics/Paint$FontMetricsInt,definition-present,unknown,8,0,unknown,noice-evidence.json#/rows/164,False,unknown
noice,bbb21d7321668031774b5fc2e44ce632d7b2538853e09083a258f127631e845d,direct-framework-reference,,android/graphics/Paint$Join,definition-present,unknown,6,0,unknown,noice-evidence.json#/rows/165,False,unknown
noice,bbb21d7321668031774b5fc2e44ce632d7b2538853e09083a258f127631e845d,direct-framework-reference,,android/graphics/Paint$Style,definition-present,unknown,20,0,unknown,noice-evidence.json#/rows/166,False,unknown
noice,bbb21d7321668031774b5fc2e44ce632d7b2538853e09083a258f127631e845d,direct-framework-reference,,android/graphics/Path,definition-present,yes-static,58,5,unknown,noice-evidence.json#/rows/167,False,unknown
noice,bbb21d7321668031774b5fc2e44ce632d7b2538853e09083a258f127631e845d,direct-framework-reference,,android/graphics/Path$Direction,definition-present,unknown,1,0,unknown,noice-evidence.json#/rows/168,False,unknown
noice,bbb21d7321668031774b5fc2e44ce632d7b2538853e09083a258f127631e845d,direct-framework-reference,,android/graphics/Path$FillType,definition-present,unknown,5,0,unknown,noice-evidence.json#/rows/169,False,unknown
noice,bbb21d7321668031774b5fc2e44ce632d7b2538853e09083a258f127631e845d,direct-framework-reference,,android/graphics/Path$Op,definition-present,unknown,4,0,unknown,noice-evidence.json#/rows/170,False,unknown
noice,bbb21d7321668031774b5fc2e44ce632d7b2538853e09083a258f127631e845d,direct-framework-reference,,android/graphics/PathEffect,definition-present,unknown,1,0,unknown,noice-evidence.json#/rows/171,False,unknown
noice,bbb21d7321668031774b5fc2e44ce632d7b2538853e09083a258f127631e845d,direct-framework-reference,,android/graphics/PathMeasure,definition-present,unknown,3,0,unknown,noice-evidence.json#/rows/172,False,unknown
noice,bbb21d7321668031774b5fc2e44ce632d7b2538853e09083a258f127631e845d,direct-framework-reference,,android/graphics/Picture,definition-present,unknown,4,0,unknown,noice-evidence.json#/rows/173,False,unknown
noice,bbb21d7321668031774b5fc2e44ce632d7b2538853e09083a258f127631e845d,direct-framework-reference,,android/graphics/Point,definition-present,unknown,6,0,unknown,noice-evidence.json#/rows/174,False,unknown
noice,bbb21d7321668031774b5fc2e44ce632d7b2538853e09083a258f127631e845d,direct-framework-reference,,android/graphics/PointF,definition-present,unknown,25,0,unknown,noice-evidence.json#/rows/175,False,unknown
noice,bbb21d7321668031774b5fc2e44ce632d7b2538853e09083a258f127631e845d,direct-framework-reference,,android/graphics/PorterDuff$Mode,definition-present,yes-static,229,26,unknown,noice-evidence.json#/rows/176,False,unknown
noice,bbb21d7321668031774b5fc2e44ce632d7b2538853e09083a258f127631e845d,direct-framework-reference,,android/graphics/PorterDuffColorFilter,definition-present,yes-static,26,5,unknown,noice-evidence.json#/rows/177,False,unknown
noice,bbb21d7321668031774b5fc2e44ce632d7b2538853e09083a258f127631e845d,direct-framework-reference,,android/graphics/PorterDuffXfermode,definition-present,unknown,3,0,unknown,noice-evidence.json#/rows/178,False,unknown
noice,bbb21d7321668031774b5fc2e44ce632d7b2538853e09083a258f127631e845d,direct-framework-reference,,android/graphics/RadialGradient,definition-present,unknown,4,0,unknown,noice-evidence.json#/rows/179,False,unknown
noice,bbb21d7321668031774b5fc2e44ce632d7b2538853e09083a258f127631e845d,direct-framework-reference,,android/graphics/Rect,definition-present,yes-static,355,5,unknown,noice-evidence.json#/rows/180,False,unknown
noice,bbb21d7321668031774b5fc2e44ce632d7b2538853e09083a258f127631e845d,direct-framework-reference,,android/graphics/RectF,definition-present,unknown,95,0,unknown,noice-evidence.json#/rows/181,False,unknown
noice,bbb21d7321668031774b5fc2e44ce632d7b2538853e09083a258f127631e845d,direct-framework-reference,,android/graphics/Region,definition-present,unknown,5,0,unknown,noice-evidence.json#/rows/182,False,unknown
noice,bbb21d7321668031774b5fc2e44ce632d7b2538853e09083a258f127631e845d,direct-framework-reference,,android/graphics/Region$Op,definition-present,unknown,5,0,unknown,noice-evidence.json#/rows/183,False,unknown
noice,bbb21d7321668031774b5fc2e44ce632d7b2538853e09083a258f127631e845d,direct-framework-reference,,android/graphics/Shader,definition-present,yes-static,13,1,unknown,noice-evidence.json#/rows/184,False,unknown
noice,bbb21d7321668031774b5fc2e44ce632d7b2538853e09083a258f127631e845d,direct-framework-reference,,android/graphics/Shader$TileMode,definition-present,yes-static,9,2,unknown,noice-evidence.json#/rows/185,False,unknown
noice,bbb21d7321668031774b5fc2e44ce632d7b2538853e09083a258f127631e845d,direct-framework-reference,,android/graphics/SurfaceTexture,definition-present,unknown,1,0,unknown,noice-evidence.json#/rows/186,False,unknown
noice,bbb21d7321668031774b5fc2e44ce632d7b2538853e09083a258f127631e845d,direct-framework-reference,,android/graphics/SweepGradient,definition-present,unknown,1,0,unknown,noice-evidence.json#/rows/187,False,unknown
noice,bbb21d7321668031774b5fc2e44ce632d7b2538853e09083a258f127631e845d,direct-framework-reference,,android/graphics/Typeface,definition-present,unknown,87,0,unknown,noice-evidence.json#/rows/188,False,unknown
noice,bbb21d7321668031774b5fc2e44ce632d7b2538853e09083a258f127631e845d,direct-framework-reference,,android/graphics/Typeface$Builder,definition-present,unknown,1,0,unknown,noice-evidence.json#/rows/189,False,unknown
noice,bbb21d7321668031774b5fc2e44ce632d7b2538853e09083a258f127631e845d,direct-framework-reference,,android/graphics/Typeface$CustomFallbackBuilder,definition-present,unknown,3,0,unknown,noice-evidence.json#/rows/190,False,unknown
noice,bbb21d7321668031774b5fc2e44ce632d7b2538853e09083a258f127631e845d,direct-framework-reference,,android/graphics/Xfermode,definition-present,unknown,3,0,unknown,noice-evidence.json#/rows/191,False,unknown
noice,bbb21d7321668031774b5fc2e44ce632d7b2538853e09083a258f127631e845d,direct-framework-reference,,android/graphics/drawable/AdaptiveIconDrawable,definition-present,unknown,1,0,unknown,noice-evidence.json#/rows/192,False,unknown
noice,bbb21d7321668031774b5fc2e44ce632d7b2538853e09083a258f127631e845d,direct-framework-reference,,android/graphics/drawable/Animatable,definition-present,unknown,6,0,unknown,noice-evidence.json#/rows/193,False,unknown
noice,bbb21d7321668031774b5fc2e44ce632d7b2538853e09083a258f127631e845d,direct-framework-reference,,android/graphics/drawable/Animatable2$AnimationCallback,definition-present,unknown,4,0,unknown,noice-evidence.json#/rows/194,False,unknown
noice,bbb21d7321668031774b5fc2e44ce632d7b2538853e09083a258f127631e845d,direct-framework-reference,,android/graphics/drawable/AnimatedStateListDrawable,definition-present,unknown,1,0,unknown,noice-evidence.json#/rows/195,False,unknown
noice,bbb21d7321668031774b5fc2e44ce632d7b2538853e09083a258f127631e845d,direct-framework-reference,,android/graphics/drawable/AnimatedVectorDrawable,definition-present,unknown,7,0,unknown,noice-evidence.json#/rows/196,False,unknown
noice,bbb21d7321668031774b5fc2e44ce632d7b2538853e09083a258f127631e845d,direct-framework-reference,,android/graphics/drawable/AnimationDrawable,definition-present,unknown,7,0,unknown,noice-evidence.json#/rows/197,False,unknown
noice,bbb21d7321668031774b5fc2e44ce632d7b2538853e09083a258f127631e845d,direct-framework-reference,,android/graphics/drawable/BitmapDrawable,definition-present,yes-static,9,1,unknown,noice-evidence.json#/rows/198,False,unknown
noice,bbb21d7321668031774b5fc2e44ce632d7b2538853e09083a258f127631e845d,direct-framework-reference,,android/graphics/drawable/ClipDrawable,definition-present,unknown,1,0,unknown,noice-evidence.json#/rows/199,False,unknown
noice,bbb21d7321668031774b5fc2e44ce632d7b2538853e09083a258f127631e845d,direct-framework-reference,,android/graphics/drawable/ColorDrawable,definition-present,unknown,13,0,unknown,noice-evidence.json#/rows/200,False,unknown
noice,bbb21d7321668031774b5fc2e44ce632d7b2538853e09083a258f127631e845d,direct-framework-reference,,android/graphics/drawable/Drawable,definition-present,yes-static,964,43,unknown,noice-evidence.json#/rows/201,False,unknown
noice,bbb21d7321668031774b5fc2e44ce632d7b2538853e09083a258f127631e845d,direct-framework-reference,,android/graphics/drawable/Drawable$Callback,definition-present,yes-static,32,1,unknown,noice-evidence.json#/rows/202,False,unknown
noice,bbb21d7321668031774b5fc2e44ce632d7b2538853e09083a258f127631e845d,direct-framework-reference,,android/graphics/drawable/Drawable$ConstantState,definition-present,yes-static,50,4,unknown,noice-evidence.json#/rows/203,False,unknown
noice,bbb21d7321668031774b5fc2e44ce632d7b2538853e09083a258f127631e845d,direct-framework-reference,,android/graphics/drawable/DrawableContainer,definition-present,unknown,3,0,unknown,noice-evidence.json#/rows/204,False,unknown
noice,bbb21d7321668031774b5fc2e44ce632d7b2538853e09083a258f127631e845d,direct-framework-reference,,android/graphics/drawable/DrawableContainer$DrawableContainerState,definition-present,unknown,2,0,unknown,noice-evidence.json#/rows/205,False,unknown
noice,bbb21d7321668031774b5fc2e44ce632d7b2538853e09083a258f127631e845d,direct-framework-reference,,android/graphics/drawable/GradientDrawable,definition-present,unknown,3,0,unknown,noice-evidence.json#/rows/206,False,unknown
noice,bbb21d7321668031774b5fc2e44ce632d7b2538853e09083a258f127631e845d,direct-framework-reference,,android/graphics/drawable/Icon,definition-present,yes-static,27,20,unknown,noice-evidence.json#/rows/207,False,unknown
noice,bbb21d7321668031774b5fc2e44ce632d7b2538853e09083a258f127631e845d,direct-framework-reference,,android/graphics/drawable/InsetDrawable,definition-present,unknown,16,0,unknown,noice-evidence.json#/rows/208,False,unknown
noice,bbb21d7321668031774b5fc2e44ce632d7b2538853e09083a258f127631e845d,direct-framework-reference,,android/graphics/drawable/LayerDrawable,definition-present,yes-static,40,4,unknown,noice-evidence.json#/rows/209,False,unknown
noice,bbb21d7321668031774b5fc2e44ce632d7b2538853e09083a258f127631e845d,direct-framework-reference,,android/graphics/drawable/PictureDrawable,definition-present,unknown,1,0,unknown,noice-evidence.json#/rows/210,False,unknown
noice,bbb21d7321668031774b5fc2e44ce632d7b2538853e09083a258f127631e845d,direct-framework-reference,,android/graphics/drawable/RippleDrawable,definition-present,unknown,28,0,unknown,noice-evidence.json#/rows/211,False,unknown
noice,bbb21d7321668031774b5fc2e44ce632d7b2538853e09083a258f127631e845d,direct-framework-reference,,android/graphics/drawable/ShapeDrawable,definition-present,unknown,6,0,unknown,noice-evidence.json#/rows/212,False,unknown
noice,bbb21d7321668031774b5fc2e44ce632d7b2538853e09083a258f127631e845d,direct-framework-reference,,android/graphics/drawable/StateListDrawable,definition-present,unknown,8,0,unknown,noice-evidence.json#/rows/213,False,unknown
noice,bbb21d7321668031774b5fc2e44ce632d7b2538853e09083a258f127631e845d,direct-framework-reference,,android/graphics/drawable/VectorDrawable,definition-present,unknown,3,0,unknown,noice-evidence.json#/rows/214,False,unknown
noice,bbb21d7321668031774b5fc2e44ce632d7b2538853e09083a258f127631e845d,direct-framework-reference,,android/graphics/drawable/shapes/OvalShape,definition-present,unknown,2,0,unknown,noice-evidence.json#/rows/215,False,unknown
noice,bbb21d7321668031774b5fc2e44ce632d7b2538853e09083a258f127631e845d,direct-framework-reference,,android/graphics/drawable/shapes/RoundRectShape,definition-present,unknown,1,0,unknown,noice-evidence.json#/rows/216,False,unknown
noice,bbb21d7321668031774b5fc2e44ce632d7b2538853e09083a258f127631e845d,direct-framework-reference,,android/graphics/drawable/shapes/Shape,definition-present,unknown,3,0,unknown,noice-evidence.json#/rows/217,False,unknown
noice,bbb21d7321668031774b5fc2e44ce632d7b2538853e09083a258f127631e845d,direct-framework-reference,,android/graphics/fonts/Font,definition-present,unknown,4,0,unknown,noice-evidence.json#/rows/218,False,unknown
noice,bbb21d7321668031774b5fc2e44ce632d7b2538853e09083a258f127631e845d,direct-framework-reference,,android/graphics/fonts/Font$Builder,definition-present,unknown,3,0,unknown,noice-evidence.json#/rows/219,False,unknown
noice,bbb21d7321668031774b5fc2e44ce632d7b2538853e09083a258f127631e845d,direct-framework-reference,,android/graphics/fonts/FontFamily,definition-present,unknown,4,0,unknown,noice-evidence.json#/rows/220,False,unknown
noice,bbb21d7321668031774b5fc2e44ce632d7b2538853e09083a258f127631e845d,direct-framework-reference,,android/graphics/fonts/FontFamily$Builder,definition-present,unknown,3,0,unknown,noice-evidence.json#/rows/221,False,unknown
noice,bbb21d7321668031774b5fc2e44ce632d7b2538853e09083a258f127631e845d,direct-framework-reference,,android/graphics/fonts/FontStyle,definition-present,unknown,7,0,unknown,noice-evidence.json#/rows/222,False,unknown
noice,bbb21d7321668031774b5fc2e44ce632d7b2538853e09083a258f127631e845d,direct-framework-reference,,android/graphics/fonts/FontVariationAxis,definition-present,unknown,5,0,unknown,noice-evidence.json#/rows/223,False,unknown
noice,bbb21d7321668031774b5fc2e44ce632d7b2538853e09083a258f127631e845d,direct-framework-reference,,android/hardware/ConsumerIrManager,definition-present,unknown,1,0,unknown,noice-evidence.json#/rows/224,False,unknown
noice,bbb21d7321668031774b5fc2e44ce632d7b2538853e09083a258f127631e845d,direct-framework-reference,,android/hardware/SensorManager,definition-present,unknown,1,0,unknown,noice-evidence.json#/rows/225,False,unknown
noice,bbb21d7321668031774b5fc2e44ce632d7b2538853e09083a258f127631e845d,direct-framework-reference,,android/hardware/camera2/CameraManager,definition-present,unknown,1,0,unknown,noice-evidence.json#/rows/226,False,unknown
noice,bbb21d7321668031774b5fc2e44ce632d7b2538853e09083a258f127631e845d,direct-framework-reference,,android/hardware/display/DisplayManager,definition-present,unknown,2,0,unknown,noice-evidence.json#/rows/227,False,unknown
noice,bbb21d7321668031774b5fc2e44ce632d7b2538853e09083a258f127631e845d,direct-framework-reference,,android/hardware/input/InputManager,definition-present,unknown,1,0,unknown,noice-evidence.json#/rows/228,False,unknown
noice,bbb21d7321668031774b5fc2e44ce632d7b2538853e09083a258f127631e845d,direct-framework-reference,,android/hardware/usb/UsbManager,definition-present,unknown,1,0,unknown,noice-evidence.json#/rows/229,False,unknown
noice,bbb21d7321668031774b5fc2e44ce632d7b2538853e09083a258f127631e845d,direct-framework-reference,,android/icu/text/DateFormat,definition-present,unknown,4,0,unknown,noice-evidence.json#/rows/230,False,unknown
noice,bbb21d7321668031774b5fc2e44ce632d7b2538853e09083a258f127631e845d,direct-framework-reference,,android/icu/text/DecimalFormatSymbols,definition-present,unknown,5,0,unknown,noice-evidence.json#/rows/231,False,unknown
noice,bbb21d7321668031774b5fc2e44ce632d7b2538853e09083a258f127631e845d,direct-framework-reference,,android/icu/util/TimeZone,definition-present,unknown,3,0,unknown,noice-evidence.json#/rows/232,False,unknown
noice,bbb21d7321668031774b5fc2e44ce632d7b2538853e09083a258f127631e845d,direct-framework-reference,,android/icu/util/ULocale,definition-present,unknown,7,0,unknown,noice-evidence.json#/rows/233,False,unknown
noice,bbb21d7321668031774b5fc2e44ce632d7b2538853e09083a258f127631e845d,direct-framework-reference,,android/location/Location,definition-present,unknown,1,0,unknown,noice-evidence.json#/rows/234,False,unknown
noice,bbb21d7321668031774b5fc2e44ce632d7b2538853e09083a258f127631e845d,direct-framework-reference,,android/location/LocationManager,definition-present,yes-static,4,2,unknown,noice-evidence.json#/rows/235,False,unknown
noice,bbb21d7321668031774b5fc2e44ce632d7b2538853e09083a258f127631e845d,direct-framework-reference,,android/media/AudioAttributes,definition-present,yes-static,32,1,unknown,noice-evidence.json#/rows/236,False,unknown
noice,bbb21d7321668031774b5fc2e44ce632d7b2538853e09083a258f127631e845d,direct-framework-reference,,android/media/AudioAttributes$Builder,definition-present,unknown,15,0,unknown,noice-evidence.json#/rows/237,False,unknown
noice,bbb21d7321668031774b5fc2e44ce632d7b2538853e09083a258f127631e845d,direct-framework-reference,,android/media/AudioDeviceInfo,definition-present,unknown,4,0,unknown,noice-evidence.json#/rows/238,False,unknown
noice,bbb21d7321668031774b5fc2e44ce632d7b2538853e09083a258f127631e845d,direct-framework-reference,,android/media/AudioFocusRequest,definition-present,unknown,11,0,unknown,noice-evidence.json#/rows/239,False,unknown
noice,bbb21d7321668031774b5fc2e44ce632d7b2538853e09083a258f127631e845d,direct-framework-reference,,android/media/AudioFocusRequest$Builder,definition-present,unknown,2,0,unknown,noice-evidence.json#/rows/240,False,unknown
noice,bbb21d7321668031774b5fc2e44ce632d7b2538853e09083a258f127631e845d,direct-framework-reference,,android/media/AudioFormat,definition-present,unknown,6,0,unknown,noice-evidence.json#/rows/241,False,unknown
noice,bbb21d7321668031774b5fc2e44ce632d7b2538853e09083a258f127631e845d,direct-framework-reference,,android/media/AudioFormat$Builder,definition-present,unknown,4,0,unknown,noice-evidence.json#/rows/242,False,unknown
noice,bbb21d7321668031774b5fc2e44ce632d7b2538853e09083a258f127631e845d,direct-framework-reference,,android/media/AudioManager,definition-present,unknown,21,0,unknown,noice-evidence.json#/rows/243,False,unknown
noice,bbb21d7321668031774b5fc2e44ce632d7b2538853e09083a258f127631e845d,direct-framework-reference,,android/media/AudioManager$OnAudioFocusChangeListener,definition-present,unknown,10,0,unknown,noice-evidence.json#/rows/244,False,unknown
noice,bbb21d7321668031774b5fc2e44ce632d7b2538853e09083a258f127631e845d,direct-framework-reference,,android/media/AudioTimestamp,definition-present,unknown,2,0,unknown,noice-evidence.json#/rows/245,False,unknown
noice,bbb21d7321668031774b5fc2e44ce632d7b2538853e09083a258f127631e845d,direct-framework-reference,,android/media/AudioTrack,definition-present,yes-static,37,1,unknown,noice-evidence.json#/rows/246,False,unknown
noice,bbb21d7321668031774b5fc2e44ce632d7b2538853e09083a258f127631e845d,direct-framework-reference,,android/media/AudioTrack$Builder,definition-present,unknown,2,0,unknown,noice-evidence.json#/rows/247,False,unknown
noice,bbb21d7321668031774b5fc2e44ce632d7b2538853e09083a258f127631e845d,direct-framework-reference,,android/media/AudioTrack$StreamEventCallback,definition-present,unknown,3,0,unknown,noice-evidence.json#/rows/248,False,unknown
noice,bbb21d7321668031774b5fc2e44ce632d7b2538853e09083a258f127631e845d,direct-framework-reference,,android/media/DeniedByServerException,definition-present,yes-static,2,1,unknown,noice-evidence.json#/rows/249,False,unknown
noice,bbb21d7321668031774b5fc2e44ce632d7b2538853e09083a258f127631e845d,direct-framework-reference,,android/media/MediaCodec,definition-present,unknown,26,0,unknown,noice-evidence.json#/rows/250,False,unknown
noice,bbb21d7321668031774b5fc2e44ce632d7b2538853e09083a258f127631e845d,direct-framework-reference,,android/media/MediaCodec$BufferInfo,definition-present,unknown,4,0,unknown,noice-evidence.json#/rows/251,False,unknown
noice,bbb21d7321668031774b5fc2e44ce632d7b2538853e09083a258f127631e845d,direct-framework-reference,,android/media/MediaCodec$Callback,definition-present,unknown,2,0,unknown,noice-evidence.json#/rows/252,False,unknown
noice,bbb21d7321668031774b5fc2e44ce632d7b2538853e09083a258f127631e845d,direct-framework-reference,,android/media/MediaCodec$CodecException,definition-present,unknown,6,0,unknown,noice-evidence.json#/rows/253,False,unknown
noice,bbb21d7321668031774b5fc2e44ce632d7b2538853e09083a258f127631e845d,direct-framework-reference,,android/media/MediaCodec$CryptoException,definition-present,unknown,2,0,unknown,noice-evidence.json#/rows/254,False,unknown
noice,bbb21d7321668031774b5fc2e44ce632d7b2538853e09083a258f127631e845d,direct-framework-reference,,android/media/MediaCodec$CryptoInfo,definition-present,unknown,8,0,unknown,noice-evidence.json#/rows/255,False,unknown
noice,bbb21d7321668031774b5fc2e44ce632d7b2538853e09083a258f127631e845d,direct-framework-reference,,android/media/MediaCodec$CryptoInfo$Pattern,definition-present,unknown,4,0,unknown,noice-evidence.json#/rows/256,False,unknown
noice,bbb21d7321668031774b5fc2e44ce632d7b2538853e09083a258f127631e845d,direct-framework-reference,,android/media/MediaCodecInfo,definition-present,unknown,11,0,unknown,noice-evidence.json#/rows/257,False,unknown
noice,bbb21d7321668031774b5fc2e44ce632d7b2538853e09083a258f127631e845d,direct-framework-reference,,android/media/MediaCodecInfo$AudioCapabilities,definition-present,unknown,1,0,unknown,noice-evidence.json#/rows/258,False,unknown
noice,bbb21d7321668031774b5fc2e44ce632d7b2538853e09083a258f127631e845d,direct-framework-reference,,android/media/MediaCodecInfo$CodecCapabilities,definition-present,unknown,8,0,unknown,noice-evidence.json#/rows/259,False,unknown
noice,bbb21d7321668031774b5fc2e44ce632d7b2538853e09083a258f127631e845d,direct-framework-reference,,android/media/MediaCodecInfo$CodecProfileLevel,definition-present,unknown,2,0,unknown,noice-evidence.json#/rows/260,False,unknown
noice,bbb21d7321668031774b5fc2e44ce632d7b2538853e09083a258f127631e845d,direct-framework-reference,,android/media/MediaCodecInfo$VideoCapabilities,definition-present,unknown,4,0,unknown,noice-evidence.json#/rows/261,False,unknown
noice,bbb21d7321668031774b5fc2e44ce632d7b2538853e09083a258f127631e845d,direct-framework-reference,,android/media/MediaCodecInfo$VideoCapabilities$PerformancePoint,definition-present,unknown,1,0,unknown,noice-evidence.json#/rows/262,False,unknown
noice,bbb21d7321668031774b5fc2e44ce632d7b2538853e09083a258f127631e845d,direct-framework-reference,,android/media/MediaCodecList,definition-present,unknown,4,0,unknown,noice-evidence.json#/rows/263,False,unknown
noice,bbb21d7321668031774b5fc2e44ce632d7b2538853e09083a258f127631e845d,direct-framework-reference,,android/media/MediaCrypto,definition-present,unknown,11,0,unknown,noice-evidence.json#/rows/264,False,unknown
noice,bbb21d7321668031774b5fc2e44ce632d7b2538853e09083a258f127631e845d,direct-framework-reference,,android/media/MediaDescription,definition-present,unknown,16,0,unknown,noice-evidence.json#/rows/265,False,unknown
noice,bbb21d7321668031774b5fc2e44ce632d7b2538853e09083a258f127631e845d,direct-framework-reference,,android/media/MediaDescription$Builder,definition-present,unknown,12,0,unknown,noice-evidence.json#/rows/266,False,unknown
noice,bbb21d7321668031774b5fc2e44ce632d7b2538853e09083a258f127631e845d,direct-framework-reference,,android/media/MediaDrm,definition-present,unknown,18,0,unknown,noice-evidence.json#/rows/267,False,unknown
noice,bbb21d7321668031774b5fc2e44ce632d7b2538853e09083a258f127631e845d,direct-framework-reference,,android/media/MediaDrm$KeyRequest,definition-present,unknown,2,0,unknown,noice-evidence.json#/rows/268,False,unknown
noice,bbb21d7321668031774b5fc2e44ce632d7b2538853e09083a258f127631e845d,direct-framework-reference,,android/media/MediaDrm$MediaDrmStateException,definition-present,yes-static,3,2,unknown,noice-evidence.json#/rows/269,False,unknown
noice,bbb21d7321668031774b5fc2e44ce632d7b2538853e09083a258f127631e845d,direct-framework-reference,,android/media/MediaDrm$PlaybackComponent,definition-present,unknown,3,0,unknown,noice-evidence.json#/rows/270,False,unknown
noice,bbb21d7321668031774b5fc2e44ce632d7b2538853e09083a258f127631e845d,direct-framework-reference,,android/media/MediaDrm$ProvisionRequest,definition-present,unknown,1,0,unknown,noice-evidence.json#/rows/271,False,unknown
noice,bbb21d7321668031774b5fc2e44ce632d7b2538853e09083a258f127631e845d,direct-framework-reference,,android/media/MediaDrmException,definition-present,unknown,1,0,unknown,noice-evidence.json#/rows/272,False,unknown
noice,bbb21d7321668031774b5fc2e44ce632d7b2538853e09083a258f127631e845d,direct-framework-reference,,android/media/MediaDrmResetException,definition-present,yes-static,2,1,unknown,noice-evidence.json#/rows/273,False,unknown
noice,bbb21d7321668031774b5fc2e44ce632d7b2538853e09083a258f127631e845d,direct-framework-reference,,android/media/MediaFormat,definition-present,unknown,16,0,unknown,noice-evidence.json#/rows/274,False,unknown
noice,bbb21d7321668031774b5fc2e44ce632d7b2538853e09083a258f127631e845d,direct-framework-reference,,android/media/MediaMetadata,definition-present,unknown,4,0,unknown,noice-evidence.json#/rows/275,False,unknown
noice,bbb21d7321668031774b5fc2e44ce632d7b2538853e09083a258f127631e845d,direct-framework-reference,,android/media/MediaPlayer,definition-present,unknown,5,0,unknown,noice-evidence.json#/rows/276,False,unknown
noice,bbb21d7321668031774b5fc2e44ce632d7b2538853e09083a258f127631e845d,direct-framework-reference,,android/media/MediaRoute2Info,definition-present,unknown,23,0,unknown,noice-evidence.json#/rows/277,False,unknown
noice,bbb21d7321668031774b5fc2e44ce632d7b2538853e09083a258f127631e845d,direct-framework-reference,,android/media/MediaRouter,definition-present,unknown,9,0,unknown,noice-evidence.json#/rows/278,False,unknown
noice,bbb21d7321668031774b5fc2e44ce632d7b2538853e09083a258f127631e845d,direct-framework-reference,,android/media/MediaRouter$Callback,definition-present,unknown,2,0,unknown,noice-evidence.json#/rows/279,False,unknown
noice,bbb21d7321668031774b5fc2e44ce632d7b2538853e09083a258f127631e845d,direct-framework-reference,,android/media/MediaRouter$RouteCategory,definition-present,unknown,2,0,unknown,noice-evidence.json#/rows/280,False,unknown
noice,bbb21d7321668031774b5fc2e44ce632d7b2538853e09083a258f127631e845d,direct-framework-reference,,android/media/MediaRouter$RouteInfo,definition-present,unknown,19,0,unknown,noice-evidence.json#/rows/281,False,unknown
noice,bbb21d7321668031774b5fc2e44ce632d7b2538853e09083a258f127631e845d,direct-framework-reference,,android/media/MediaRouter$UserRouteInfo,definition-present,unknown,4,0,unknown,noice-evidence.json#/rows/282,False,unknown
noice,bbb21d7321668031774b5fc2e44ce632d7b2538853e09083a258f127631e845d,direct-framework-reference,,android/media/MediaRouter$VolumeCallback,definition-present,unknown,3,0,unknown,noice-evidence.json#/rows/283,False,unknown
noice,bbb21d7321668031774b5fc2e44ce632d7b2538853e09083a258f127631e845d,direct-framework-reference,,android/media/MediaRouter2,definition-present,unknown,16,0,unknown,noice-evidence.json#/rows/284,False,unknown
noice,bbb21d7321668031774b5fc2e44ce632d7b2538853e09083a258f127631e845d,direct-framework-reference,,android/media/MediaRouter2$ControllerCallback,definition-present,unknown,3,0,unknown,noice-evidence.json#/rows/285,False,unknown
noice,bbb21d7321668031774b5fc2e44ce632d7b2538853e09083a258f127631e845d,direct-framework-reference,,android/media/MediaRouter2$RouteCallback,definition-present,unknown,3,0,unknown,noice-evidence.json#/rows/286,False,unknown
noice,bbb21d7321668031774b5fc2e44ce632d7b2538853e09083a258f127631e845d,direct-framework-reference,,android/media/MediaRouter2$RoutingController,definition-present,unknown,27,0,unknown,noice-evidence.json#/rows/287,False,unknown
noice,bbb21d7321668031774b5fc2e44ce632d7b2538853e09083a258f127631e845d,direct-framework-reference,,android/media/MediaRouter2$TransferCallback,definition-present,unknown,3,0,unknown,noice-evidence.json#/rows/288,False,unknown
noice,bbb21d7321668031774b5fc2e44ce632d7b2538853e09083a258f127631e845d,direct-framework-reference,,android/media/NotProvisionedException,definition-present,yes-static,3,2,unknown,noice-evidence.json#/rows/289,False,unknown
noice,bbb21d7321668031774b5fc2e44ce632d7b2538853e09083a258f127631e845d,direct-framework-reference,,android/media/Rating,definition-present,unknown,12,0,unknown,noice-evidence.json#/rows/290,False,unknown
noice,bbb21d7321668031774b5fc2e44ce632d7b2538853e09083a258f127631e845d,direct-framework-reference,,android/media/ResourceBusyException,definition-present,yes-static,1,1,unknown,noice-evidence.json#/rows/291,False,unknown
noice,bbb21d7321668031774b5fc2e44ce632d7b2538853e09083a258f127631e845d,direct-framework-reference,,android/media/RingtoneManager,definition-present,unknown,1,0,unknown,noice-evidence.json#/rows/292,False,unknown
noice,bbb21d7321668031774b5fc2e44ce632d7b2538853e09083a258f127631e845d,direct-framework-reference,,android/media/RouteDiscoveryPreference,definition-present,unknown,3,0,unknown,noice-evidence.json#/rows/293,False,unknown
noice,bbb21d7321668031774b5fc2e44ce632d7b2538853e09083a258f127631e845d,direct-framework-reference,,android/media/RouteDiscoveryPreference$Builder,definition-present,unknown,1,0,unknown,noice-evidence.json#/rows/294,False,unknown
noice,bbb21d7321668031774b5fc2e44ce632d7b2538853e09083a258f127631e845d,direct-framework-reference,,android/media/Spatializer,definition-present,unknown,7,0,unknown,noice-evidence.json#/rows/295,False,unknown
noice,bbb21d7321668031774b5fc2e44ce632d7b2538853e09083a258f127631e845d,direct-framework-reference,,android/media/Spatializer$OnSpatializerStateChangedListener,definition-present,unknown,1,0,unknown,noice-evidence.json#/rows/296,False,unknown
noice,bbb21d7321668031774b5fc2e44ce632d7b2538853e09083a258f127631e845d,direct-framework-reference,,android/media/VolumeProvider,definition-present,unknown,5,0,unknown,noice-evidence.json#/rows/297,False,unknown
noice,bbb21d7321668031774b5fc2e44ce632d7b2538853e09083a258f127631e845d,direct-framework-reference,,android/media/metrics/LogSessionId,definition-present,unknown,11,0,unknown,noice-evidence.json#/rows/298,False,unknown
noice,bbb21d7321668031774b5fc2e44ce632d7b2538853e09083a258f127631e845d,direct-framework-reference,,android/media/metrics/MediaMetricsManager,definition-present,unknown,2,0,unknown,noice-evidence.json#/rows/299,False,unknown
noice,bbb21d7321668031774b5fc2e44ce632d7b2538853e09083a258f127631e845d,direct-framework-reference,,android/media/metrics/NetworkEvent,definition-present,unknown,1,0,unknown,noice-evidence.json#/rows/300,False,unknown
noice,bbb21d7321668031774b5fc2e44ce632d7b2538853e09083a258f127631e845d,direct-framework-reference,,android/media/metrics/NetworkEvent$Builder,definition-present,unknown,1,0,unknown,noice-evidence.json#/rows/301,False,unknown
noice,bbb21d7321668031774b5fc2e44ce632d7b2538853e09083a258f127631e845d,direct-framework-reference,,android/media/metrics/PlaybackErrorEvent,definition-present,unknown,1,0,unknown,noice-evidence.json#/rows/302,False,unknown
noice,bbb21d7321668031774b5fc2e44ce632d7b2538853e09083a258f127631e845d,direct-framework-reference,,android/media/metrics/PlaybackErrorEvent$Builder,definition-present,unknown,1,0,unknown,noice-evidence.json#/rows/303,False,unknown
noice,bbb21d7321668031774b5fc2e44ce632d7b2538853e09083a258f127631e845d,direct-framework-reference,,android/media/metrics/PlaybackMetrics,definition-present,unknown,3,0,unknown,noice-evidence.json#/rows/304,False,unknown
noice,bbb21d7321668031774b5fc2e44ce632d7b2538853e09083a258f127631e845d,direct-framework-reference,,android/media/metrics/PlaybackMetrics$Builder,definition-present,unknown,14,0,unknown,noice-evidence.json#/rows/305,False,unknown
noice,bbb21d7321668031774b5fc2e44ce632d7b2538853e09083a258f127631e845d,direct-framework-reference,,android/media/metrics/PlaybackSession,definition-present,unknown,8,0,unknown,noice-evidence.json#/rows/306,False,unknown
noice,bbb21d7321668031774b5fc2e44ce632d7b2538853e09083a258f127631e845d,direct-framework-reference,,android/media/metrics/PlaybackStateEvent,definition-present,unknown,1,0,unknown,noice-evidence.json#/rows/307,False,unknown
noice,bbb21d7321668031774b5fc2e44ce632d7b2538853e09083a258f127631e845d,direct-framework-reference,,android/media/metrics/PlaybackStateEvent$Builder,definition-present,unknown,1,0,unknown,noice-evidence.json#/rows/308,False,unknown
noice,bbb21d7321668031774b5fc2e44ce632d7b2538853e09083a258f127631e845d,direct-framework-reference,,android/media/metrics/TrackChangeEvent,definition-present,unknown,1,0,unknown,noice-evidence.json#/rows/309,False,unknown
noice,bbb21d7321668031774b5fc2e44ce632d7b2538853e09083a258f127631e845d,direct-framework-reference,,android/media/metrics/TrackChangeEvent$Builder,definition-present,unknown,1,0,unknown,noice-evidence.json#/rows/310,False,unknown
noice,bbb21d7321668031774b5fc2e44ce632d7b2538853e09083a258f127631e845d,direct-framework-reference,,android/media/projection/MediaProjectionManager,definition-present,unknown,1,0,unknown,noice-evidence.json#/rows/311,False,unknown
noice,bbb21d7321668031774b5fc2e44ce632d7b2538853e09083a258f127631e845d,direct-framework-reference,,android/media/session/MediaController,definition-present,unknown,7,0,unknown,noice-evidence.json#/rows/312,False,unknown
noice,bbb21d7321668031774b5fc2e44ce632d7b2538853e09083a258f127631e845d,direct-framework-reference,,android/media/session/MediaController$Callback,definition-present,unknown,3,0,unknown,noice-evidence.json#/rows/313,False,unknown
noice,bbb21d7321668031774b5fc2e44ce632d7b2538853e09083a258f127631e845d,direct-framework-reference,,android/media/session/MediaController$PlaybackInfo,definition-present,unknown,1,0,unknown,noice-evidence.json#/rows/314,False,unknown
noice,bbb21d7321668031774b5fc2e44ce632d7b2538853e09083a258f127631e845d,direct-framework-reference,,android/media/session/MediaController$TransportControls,definition-present,unknown,6,0,unknown,noice-evidence.json#/rows/315,False,unknown
noice,bbb21d7321668031774b5fc2e44ce632d7b2538853e09083a258f127631e845d,direct-framework-reference,,android/media/session/MediaSession,definition-present,unknown,14,0,unknown,noice-evidence.json#/rows/316,False,unknown
noice,bbb21d7321668031774b5fc2e44ce632d7b2538853e09083a258f127631e845d,direct-framework-reference,,android/media/session/MediaSession$Callback,definition-present,unknown,4,0,unknown,noice-evidence.json#/rows/317,False,unknown
noice,bbb21d7321668031774b5fc2e44ce632d7b2538853e09083a258f127631e845d,direct-framework-reference,,android/media/session/MediaSession$QueueItem,definition-present,unknown,4,0,unknown,noice-evidence.json#/rows/318,False,unknown
noice,bbb21d7321668031774b5fc2e44ce632d7b2538853e09083a258f127631e845d,direct-framework-reference,,android/media/session/MediaSession$Token,definition-present,yes-static,4,2,unknown,noice-evidence.json#/rows/319,False,unknown
noice,bbb21d7321668031774b5fc2e44ce632d7b2538853e09083a258f127631e845d,direct-framework-reference,,android/media/session/MediaSessionManager,definition-present,unknown,1,0,unknown,noice-evidence.json#/rows/320,False,unknown
noice,bbb21d7321668031774b5fc2e44ce632d7b2538853e09083a258f127631e845d,direct-framework-reference,,android/media/session/MediaSessionManager$RemoteUserInfo,definition-present,unknown,8,0,unknown,noice-evidence.json#/rows/321,False,unknown
noice,bbb21d7321668031774b5fc2e44ce632d7b2538853e09083a258f127631e845d,direct-framework-reference,,android/media/session/PlaybackState,definition-present,unknown,15,0,unknown,noice-evidence.json#/rows/322,False,unknown
noice,bbb21d7321668031774b5fc2e44ce632d7b2538853e09083a258f127631e845d,direct-framework-reference,,android/media/session/PlaybackState$Builder,definition-present,unknown,11,0,unknown,noice-evidence.json#/rows/323,False,unknown
noice,bbb21d7321668031774b5fc2e44ce632d7b2538853e09083a258f127631e845d,direct-framework-reference,,android/media/session/PlaybackState$CustomAction,definition-present,unknown,8,0,unknown,noice-evidence.json#/rows/324,False,unknown
noice,bbb21d7321668031774b5fc2e44ce632d7b2538853e09083a258f127631e845d,direct-framework-reference,,android/media/session/PlaybackState$CustomAction$Builder,definition-present,unknown,4,0,unknown,noice-evidence.json#/rows/325,False,unknown
noice,bbb21d7321668031774b5fc2e44ce632d7b2538853e09083a258f127631e845d,direct-framework-reference,,android/media/tv/TvInputManager,definition-present,unknown,1,0,unknown,noice-evidence.json#/rows/326,False,unknown
noice,bbb21d7321668031774b5fc2e44ce632d7b2538853e09083a258f127631e845d,direct-framework-reference,,android/net/ConnectivityManager,definition-present,yes-static,26,2,unknown,noice-evidence.json#/rows/327,False,unknown
noice,bbb21d7321668031774b5fc2e44ce632d7b2538853e09083a258f127631e845d,direct-framework-reference,,android/net/ConnectivityManager$NetworkCallback,definition-present,yes-static,12,1,unknown,noice-evidence.json#/rows/328,False,unknown
noice,bbb21d7321668031774b5fc2e44ce632d7b2538853e09083a258f127631e845d,direct-framework-reference,,android/net/Network,definition-present,unknown,9,0,unknown,noice-evidence.json#/rows/329,False,unknown
noice,bbb21d7321668031774b5fc2e44ce632d7b2538853e09083a258f127631e845d,direct-framework-reference,,android/net/NetworkCapabilities,definition-present,unknown,7,0,unknown,noice-evidence.json#/rows/330,False,unknown
noice,bbb21d7321668031774b5fc2e44ce632d7b2538853e09083a258f127631e845d,direct-framework-reference,,android/net/NetworkInfo,definition-present,unknown,4,0,unknown,noice-evidence.json#/rows/331,False,unknown
noice,bbb21d7321668031774b5fc2e44ce632d7b2538853e09083a258f127631e845d,direct-framework-reference,,android/net/NetworkRequest,definition-present,unknown,3,0,unknown,noice-evidence.json#/rows/332,False,unknown
noice,bbb21d7321668031774b5fc2e44ce632d7b2538853e09083a258f127631e845d,direct-framework-reference,,android/net/NetworkRequest$Builder,definition-present,unknown,2,0,unknown,noice-evidence.json#/rows/333,False,unknown
noice,bbb21d7321668031774b5fc2e44ce632d7b2538853e09083a258f127631e845d,direct-framework-reference,,android/net/Uri,definition-present,yes-static,196,21,unknown,noice-evidence.json#/rows/334,False,unknown
noice,bbb21d7321668031774b5fc2e44ce632d7b2538853e09083a258f127631e845d,direct-framework-reference,,android/net/Uri$Builder,definition-present,unknown,6,0,unknown,noice-evidence.json#/rows/335,False,unknown
noice,bbb21d7321668031774b5fc2e44ce632d7b2538853e09083a258f127631e845d,direct-framework-reference,,android/net/http/X509TrustManagerExtensions,definition-present,unknown,4,0,unknown,noice-evidence.json#/rows/336,False,unknown
noice,bbb21d7321668031774b5fc2e44ce632d7b2538853e09083a258f127631e845d,direct-framework-reference,,android/net/nsd/NsdManager,definition-absent,unknown,1,0,unresolvable-in-scanned-inputs,noice-evidence.json#/rows/337,False,unknown
noice,bbb21d7321668031774b5fc2e44ce632d7b2538853e09083a258f127631e845d,direct-framework-reference,,android/net/ssl/SSLSockets,definition-absent,unknown,2,0,unresolvable-in-scanned-inputs,noice-evidence.json#/rows/338,False,unknown
noice,bbb21d7321668031774b5fc2e44ce632d7b2538853e09083a258f127631e845d,direct-framework-reference,,android/net/wifi/WifiManager,definition-present,unknown,2,0,unknown,noice-evidence.json#/rows/339,False,unknown
noice,bbb21d7321668031774b5fc2e44ce632d7b2538853e09083a258f127631e845d,direct-framework-reference,,android/net/wifi/p2p/WifiP2pManager,definition-absent,unknown,1,0,unresolvable-in-scanned-inputs,noice-evidence.json#/rows/340,False,unknown
noice,bbb21d7321668031774b5fc2e44ce632d7b2538853e09083a258f127631e845d,direct-framework-reference,,android/nfc/NfcManager,definition-present,unknown,1,0,unknown,noice-evidence.json#/rows/341,False,unknown
noice,bbb21d7321668031774b5fc2e44ce632d7b2538853e09083a258f127631e845d,direct-framework-reference,,android/opengl/GLSurfaceView,definition-present,unknown,3,0,unknown,noice-evidence.json#/rows/342,False,unknown
noice,bbb21d7321668031774b5fc2e44ce632d7b2538853e09083a258f127631e845d,direct-framework-reference,,android/os/AsyncTask,definition-present,unknown,15,0,unknown,noice-evidence.json#/rows/343,False,unknown
noice,bbb21d7321668031774b5fc2e44ce632d7b2538853e09083a258f127631e845d,direct-framework-reference,,android/os/BaseBundle,definition-present,yes-static,166,14,unknown,noice-evidence.json#/rows/344,False,unknown
noice,bbb21d7321668031774b5fc2e44ce632d7b2538853e09083a258f127631e845d,direct-framework-reference,,android/os/BatteryManager,definition-present,unknown,1,0,unknown,noice-evidence.json#/rows/345,False,unknown
noice,bbb21d7321668031774b5fc2e44ce632d7b2538853e09083a258f127631e845d,direct-framework-reference,,android/os/Binder,definition-present,yes-static,16,1,unknown,noice-evidence.json#/rows/346,False,unknown
noice,bbb21d7321668031774b5fc2e44ce632d7b2538853e09083a258f127631e845d,direct-framework-reference,,android/os/Build,definition-present,yes-static,7,2,unknown,noice-evidence.json#/rows/347,False,unknown
noice,bbb21d7321668031774b5fc2e44ce632d7b2538853e09083a258f127631e845d,direct-framework-reference,,android/os/Build$VERSION,definition-present,yes-static,380,51,unknown,noice-evidence.json#/rows/348,False,unknown
noice,bbb21d7321668031774b5fc2e44ce632d7b2538853e09083a258f127631e845d,direct-framework-reference,,android/os/Bundle,definition-present,yes-static,489,59,unknown,noice-evidence.json#/rows/349,False,unknown
noice,bbb21d7321668031774b5fc2e44ce632d7b2538853e09083a258f127631e845d,direct-framework-reference,,android/os/CancellationSignal,definition-present,unknown,34,0,unknown,noice-evidence.json#/rows/350,False,unknown
noice,bbb21d7321668031774b5fc2e44ce632d7b2538853e09083a258f127631e845d,direct-framework-reference,,android/os/ConditionVariable,definition-present,unknown,3,0,unknown,noice-evidence.json#/rows/351,False,unknown
noice,bbb21d7321668031774b5fc2e44ce632d7b2538853e09083a258f127631e845d,direct-framework-reference,,android/os/DropBoxManager,definition-present,unknown,1,0,unknown,noice-evidence.json#/rows/352,False,unknown
noice,bbb21d7321668031774b5fc2e44ce632d7b2538853e09083a258f127631e845d,direct-framework-reference,,android/os/Handler,definition-present,yes-static,309,36,unknown,noice-evidence.json#/rows/353,False,unknown
noice,bbb21d7321668031774b5fc2e44ce632d7b2538853e09083a258f127631e845d,direct-framework-reference,,android/os/Handler$Callback,definition-present,yes-static,15,2,unknown,noice-evidence.json#/rows/354,False,unknown
noice,bbb21d7321668031774b5fc2e44ce632d7b2538853e09083a258f127631e845d,direct-framework-reference,,android/os/HandlerThread,definition-present,yes-static,15,2,unknown,noice-evidence.json#/rows/355,False,unknown
noice,bbb21d7321668031774b5fc2e44ce632d7b2538853e09083a258f127631e845d,direct-framework-reference,,android/os/IBinder,definition-present,yes-static,75,3,unknown,noice-evidence.json#/rows/356,False,unknown
noice,bbb21d7321668031774b5fc2e44ce632d7b2538853e09083a258f127631e845d,direct-framework-reference,,android/os/IBinder$DeathRecipient,definition-present,unknown,2,0,unknown,noice-evidence.json#/rows/357,False,unknown
noice,bbb21d7321668031774b5fc2e44ce632d7b2538853e09083a258f127631e845d,direct-framework-reference,,android/os/IInterface,definition-present,yes-static,20,1,unknown,noice-evidence.json#/rows/358,False,unknown
noice,bbb21d7321668031774b5fc2e44ce632d7b2538853e09083a258f127631e845d,direct-framework-reference,,android/os/LocaleList,definition-present,yes-static,45,9,unknown,noice-evidence.json#/rows/359,False,unknown
noice,bbb21d7321668031774b5fc2e44ce632d7b2538853e09083a258f127631e845d,direct-framework-reference,,android/os/Looper,definition-present,yes-static,108,21,unknown,noice-evidence.json#/rows/360,False,unknown
noice,bbb21d7321668031774b5fc2e44ce632d7b2538853e09083a258f127631e845d,direct-framework-reference,,android/os/Message,definition-present,yes-static,66,9,unknown,noice-evidence.json#/rows/361,False,unknown
noice,bbb21d7321668031774b5fc2e44ce632d7b2538853e09083a258f127631e845d,direct-framework-reference,,android/os/Messenger,definition-present,unknown,7,0,unknown,noice-evidence.json#/rows/362,False,unknown
noice,bbb21d7321668031774b5fc2e44ce632d7b2538853e09083a258f127631e845d,direct-framework-reference,,android/os/Parcel,definition-present,unknown,295,0,unknown,noice-evidence.json#/rows/363,False,unknown
noice,bbb21d7321668031774b5fc2e44ce632d7b2538853e09083a258f127631e845d,direct-framework-reference,,android/os/ParcelFileDescriptor,definition-present,unknown,7,0,unknown,noice-evidence.json#/rows/364,False,unknown
noice,bbb21d7321668031774b5fc2e44ce632d7b2538853e09083a258f127631e845d,direct-framework-reference,,android/os/Parcelable,definition-present,yes-static,213,11,unknown,noice-evidence.json#/rows/365,False,unknown
noice,bbb21d7321668031774b5fc2e44ce632d7b2538853e09083a258f127631e845d,direct-framework-reference,,android/os/Parcelable$Creator,definition-present,yes-static,104,4,unknown,noice-evidence.json#/rows/366,False,unknown
noice,bbb21d7321668031774b5fc2e44ce632d7b2538853e09083a258f127631e845d,direct-framework-reference,,android/os/PersistableBundle,definition-present,unknown,13,0,unknown,noice-evidence.json#/rows/367,False,unknown
noice,bbb21d7321668031774b5fc2e44ce632d7b2538853e09083a258f127631e845d,direct-framework-reference,,android/os/PowerManager,definition-present,yes-static,9,2,unknown,noice-evidence.json#/rows/368,False,unknown
noice,bbb21d7321668031774b5fc2e44ce632d7b2538853e09083a258f127631e845d,direct-framework-reference,,android/os/PowerManager$WakeLock,definition-present,yes-static,19,1,unknown,noice-evidence.json#/rows/369,False,unknown
noice,bbb21d7321668031774b5fc2e44ce632d7b2538853e09083a258f127631e845d,direct-framework-reference,,android/os/Process,definition-present,unknown,6,0,unknown,noice-evidence.json#/rows/370,False,unknown
noice,bbb21d7321668031774b5fc2e44ce632d7b2538853e09083a258f127631e845d,direct-framework-reference,,android/os/RemoteCallbackList,definition-present,unknown,9,0,unknown,noice-evidence.json#/rows/371,False,unknown
noice,bbb21d7321668031774b5fc2e44ce632d7b2538853e09083a258f127631e845d,direct-framework-reference,,android/os/ResultReceiver,definition-present,unknown,6,0,unknown,noice-evidence.json#/rows/372,False,unknown
noice,bbb21d7321668031774b5fc2e44ce632d7b2538853e09083a258f127631e845d,direct-framework-reference,,android/os/StrictMode,definition-present,unknown,1,0,unknown,noice-evidence.json#/rows/373,False,unknown
noice,bbb21d7321668031774b5fc2e44ce632d7b2538853e09083a258f127631e845d,direct-framework-reference,,android/os/StrictMode$ThreadPolicy,definition-present,unknown,1,0,unknown,noice-evidence.json#/rows/374,False,unknown
noice,bbb21d7321668031774b5fc2e44ce632d7b2538853e09083a258f127631e845d,direct-framework-reference,,android/os/SystemClock,definition-present,yes-static,59,5,unknown,noice-evidence.json#/rows/375,False,unknown
noice,bbb21d7321668031774b5fc2e44ce632d7b2538853e09083a258f127631e845d,direct-framework-reference,,android/os/Trace,definition-present,yes-static,10,2,unknown,noice-evidence.json#/rows/376,False,unknown
noice,bbb21d7321668031774b5fc2e44ce632d7b2538853e09083a258f127631e845d,direct-framework-reference,,android/os/UserHandle,definition-present,unknown,1,0,unknown,noice-evidence.json#/rows/377,False,unknown
noice,bbb21d7321668031774b5fc2e44ce632d7b2538853e09083a258f127631e845d,direct-framework-reference,,android/os/UserManager,definition-present,unknown,1,0,unknown,noice-evidence.json#/rows/378,False,unknown
noice,bbb21d7321668031774b5fc2e44ce632d7b2538853e09083a258f127631e845d,direct-framework-reference,,android/os/VibrationAttributes,definition-present,unknown,2,0,unknown,noice-evidence.json#/rows/379,False,unknown
noice,bbb21d7321668031774b5fc2e44ce632d7b2538853e09083a258f127631e845d,direct-framework-reference,,android/os/VibrationAttributes$Builder,definition-present,unknown,3,0,unknown,noice-evidence.json#/rows/380,False,unknown
noice,bbb21d7321668031774b5fc2e44ce632d7b2538853e09083a258f127631e845d,direct-framework-reference,,android/os/VibrationEffect,definition-present,unknown,3,0,unknown,noice-evidence.json#/rows/381,False,unknown
noice,bbb21d7321668031774b5fc2e44ce632d7b2538853e09083a258f127631e845d,direct-framework-reference,,android/os/Vibrator,definition-present,unknown,8,0,unknown,noice-evidence.json#/rows/382,False,unknown
noice,bbb21d7321668031774b5fc2e44ce632d7b2538853e09083a258f127631e845d,direct-framework-reference,,android/os/VibratorManager,definition-present,unknown,2,0,unknown,noice-evidence.json#/rows/383,False,unknown
noice,bbb21d7321668031774b5fc2e44ce632d7b2538853e09083a258f127631e845d,direct-framework-reference,,android/os/storage/StorageManager,definition-present,unknown,1,0,unknown,noice-evidence.json#/rows/384,False,unknown
noice,bbb21d7321668031774b5fc2e44ce632d7b2538853e09083a258f127631e845d,direct-framework-reference,,android/print/PrintManager,definition-present,unknown,1,0,unknown,noice-evidence.json#/rows/385,False,unknown
noice,bbb21d7321668031774b5fc2e44ce632d7b2538853e09083a258f127631e845d,direct-framework-reference,,android/provider/Settings$Global,definition-present,unknown,4,0,unknown,noice-evidence.json#/rows/386,False,unknown
noice,bbb21d7321668031774b5fc2e44ce632d7b2538853e09083a258f127631e845d,direct-framework-reference,,android/renderscript/Allocation,definition-present,unknown,1,0,unknown,noice-evidence.json#/rows/387,False,unknown
noice,bbb21d7321668031774b5fc2e44ce632d7b2538853e09083a258f127631e845d,direct-framework-reference,,android/renderscript/BaseObj,definition-present,unknown,1,0,unknown,noice-evidence.json#/rows/388,False,unknown
noice,bbb21d7321668031774b5fc2e44ce632d7b2538853e09083a258f127631e845d,direct-framework-reference,,android/renderscript/Element,definition-present,unknown,1,0,unknown,noice-evidence.json#/rows/389,False,unknown
noice,bbb21d7321668031774b5fc2e44ce632d7b2538853e09083a258f127631e845d,direct-framework-reference,,android/renderscript/RenderScript,definition-present,unknown,1,0,unknown,noice-evidence.json#/rows/390,False,unknown
noice,bbb21d7321668031774b5fc2e44ce632d7b2538853e09083a258f127631e845d,direct-framework-reference,,android/renderscript/ScriptIntrinsicBlur,definition-present,unknown,1,0,unknown,noice-evidence.json#/rows/391,False,unknown
noice,bbb21d7321668031774b5fc2e44ce632d7b2538853e09083a258f127631e845d,direct-framework-reference,,android/renderscript/Type,definition-present,unknown,1,0,unknown,noice-evidence.json#/rows/392,False,unknown
noice,bbb21d7321668031774b5fc2e44ce632d7b2538853e09083a258f127631e845d,direct-framework-reference,,android/security/NetworkSecurityPolicy,definition-present,unknown,5,0,unknown,noice-evidence.json#/rows/393,False,unknown
noice,bbb21d7321668031774b5fc2e44ce632d7b2538853e09083a258f127631e845d,direct-framework-reference,,android/support/v4/media/MediaBrowserCompat$MediaItem,app-definition-present,unknown,8,0,unknown,noice-evidence.json#/rows/394,False,unknown
noice,bbb21d7321668031774b5fc2e44ce632d7b2538853e09083a258f127631e845d,direct-framework-reference,,android/support/v4/media/MediaBrowserCompat$MediaItem$a,app-definition-present,unknown,1,0,unknown,noice-evidence.json#/rows/395,False,unknown
noice,bbb21d7321668031774b5fc2e44ce632d7b2538853e09083a258f127631e845d,direct-framework-reference,,android/support/v4/media/MediaDescriptionCompat,app-definition-present,unknown,29,0,unknown,noice-evidence.json#/rows/396,False,unknown
noice,bbb21d7321668031774b5fc2e44ce632d7b2538853e09083a258f127631e845d,direct-framework-reference,,android/support/v4/media/MediaDescriptionCompat$a,app-definition-present,unknown,1,0,unknown,noice-evidence.json#/rows/397,False,unknown
noice,bbb21d7321668031774b5fc2e44ce632d7b2538853e09083a258f127631e845d,direct-framework-reference,,android/support/v4/media/MediaDescriptionCompat$b,app-definition-present,unknown,2,0,unknown,noice-evidence.json#/rows/398,False,unknown
noice,bbb21d7321668031774b5fc2e44ce632d7b2538853e09083a258f127631e845d,direct-framework-reference,,android/support/v4/media/MediaDescriptionCompat$c,app-definition-present,unknown,2,0,unknown,noice-evidence.json#/rows/399,False,unknown
noice,bbb21d7321668031774b5fc2e44ce632d7b2538853e09083a258f127631e845d,direct-framework-reference,,android/support/v4/media/MediaMetadataCompat,app-definition-present,unknown,21,0,unknown,noice-evidence.json#/rows/400,False,unknown
noice,bbb21d7321668031774b5fc2e44ce632d7b2538853e09083a258f127631e845d,direct-framework-reference,,android/support/v4/media/MediaMetadataCompat$a,app-definition-present,unknown,1,0,unknown,noice-evidence.json#/rows/401,False,unknown
noice,bbb21d7321668031774b5fc2e44ce632d7b2538853e09083a258f127631e845d,direct-framework-reference,,android/support/v4/media/RatingCompat,app-definition-present,unknown,11,0,unknown,noice-evidence.json#/rows/402,False,unknown
noice,bbb21d7321668031774b5fc2e44ce632d7b2538853e09083a258f127631e845d,direct-framework-reference,,android/support/v4/media/RatingCompat$a,app-definition-present,unknown,1,0,unknown,noice-evidence.json#/rows/403,False,unknown
noice,bbb21d7321668031774b5fc2e44ce632d7b2538853e09083a258f127631e845d,direct-framework-reference,,android/support/v4/media/RatingCompat$b,app-definition-present,unknown,1,0,unknown,noice-evidence.json#/rows/404,False,unknown
noice,bbb21d7321668031774b5fc2e44ce632d7b2538853e09083a258f127631e845d,direct-framework-reference,,android/support/v4/media/a,app-definition-present,yes-static,49,5,unknown,noice-evidence.json#/rows/405,False,unknown
noice,bbb21d7321668031774b5fc2e44ce632d7b2538853e09083a258f127631e845d,direct-framework-reference,,android/support/v4/media/b,app-definition-present,yes-static,23,1,unknown,noice-evidence.json#/rows/406,False,unknown
noice,bbb21d7321668031774b5fc2e44ce632d7b2538853e09083a258f127631e845d,direct-framework-reference,,android/support/v4/media/c,app-definition-present,yes-static,31,3,unknown,noice-evidence.json#/rows/407,False,unknown
noice,bbb21d7321668031774b5fc2e44ce632d7b2538853e09083a258f127631e845d,direct-framework-reference,,android/support/v4/media/d,app-definition-present,yes-static,156,13,unknown,noice-evidence.json#/rows/408,False,unknown
noice,bbb21d7321668031774b5fc2e44ce632d7b2538853e09083a258f127631e845d,direct-framework-reference,,android/support/v4/media/session/MediaControllerCompat,app-definition-present,unknown,10,0,unknown,noice-evidence.json#/rows/409,False,unknown
noice,bbb21d7321668031774b5fc2e44ce632d7b2538853e09083a258f127631e845d,direct-framework-reference,,android/support/v4/media/session/MediaControllerCompat$MediaControllerImplApi21,app-definition-present,unknown,13,0,unknown,noice-evidence.json#/rows/410,False,unknown
noice,bbb21d7321668031774b5fc2e44ce632d7b2538853e09083a258f127631e845d,direct-framework-reference,,android/support/v4/media/session/MediaControllerCompat$MediaControllerImplApi21$ExtraBinderRequestResultReceiver,app-definition-present,unknown,3,0,unknown,noice-evidence.json#/rows/411,False,unknown
noice,bbb21d7321668031774b5fc2e44ce632d7b2538853e09083a258f127631e845d,direct-framework-reference,,android/support/v4/media/session/MediaControllerCompat$MediaControllerImplApi21$a,app-definition-present,unknown,4,0,unknown,noice-evidence.json#/rows/412,False,unknown
noice,bbb21d7321668031774b5fc2e44ce632d7b2538853e09083a258f127631e845d,direct-framework-reference,,android/support/v4/media/session/MediaControllerCompat$a,app-definition-present,unknown,27,0,unknown,noice-evidence.json#/rows/413,False,unknown
noice,bbb21d7321668031774b5fc2e44ce632d7b2538853e09083a258f127631e845d,direct-framework-reference,,android/support/v4/media/session/MediaControllerCompat$a$a,app-definition-present,unknown,12,0,unknown,noice-evidence.json#/rows/414,False,unknown
noice,bbb21d7321668031774b5fc2e44ce632d7b2538853e09083a258f127631e845d,direct-framework-reference,,android/support/v4/media/session/MediaControllerCompat$a$b,app-definition-present,unknown,4,0,unknown,noice-evidence.json#/rows/415,False,unknown
noice,bbb21d7321668031774b5fc2e44ce632d7b2538853e09083a258f127631e845d,direct-framework-reference,,android/support/v4/media/session/MediaControllerCompat$a$c,app-definition-present,unknown,4,0,unknown,noice-evidence.json#/rows/416,False,unknown
noice,bbb21d7321668031774b5fc2e44ce632d7b2538853e09083a258f127631e845d,direct-framework-reference,,android/support/v4/media/session/MediaControllerCompat$b,app-definition-present,unknown,1,0,unknown,noice-evidence.json#/rows/417,False,unknown
noice,bbb21d7321668031774b5fc2e44ce632d7b2538853e09083a258f127631e845d,direct-framework-reference,,android/support/v4/media/session/MediaControllerCompat$c,app-definition-present,unknown,1,0,unknown,noice-evidence.json#/rows/418,False,unknown
noice,bbb21d7321668031774b5fc2e44ce632d7b2538853e09083a258f127631e845d,direct-framework-reference,,android/support/v4/media/session/MediaControllerCompat$d,app-definition-present,unknown,1,0,unknown,noice-evidence.json#/rows/419,False,unknown
noice,bbb21d7321668031774b5fc2e44ce632d7b2538853e09083a258f127631e845d,direct-framework-reference,,android/support/v4/media/session/MediaControllerCompat$e,app-definition-present,unknown,4,0,unknown,noice-evidence.json#/rows/420,False,unknown
noice,bbb21d7321668031774b5fc2e44ce632d7b2538853e09083a258f127631e845d,direct-framework-reference,,android/support/v4/media/session/MediaControllerCompat$f,app-definition-present,unknown,2,0,unknown,noice-evidence.json#/rows/421,False,unknown
noice,bbb21d7321668031774b5fc2e44ce632d7b2538853e09083a258f127631e845d,direct-framework-reference,,android/support/v4/media/session/MediaControllerCompat$g,app-definition-present,unknown,2,0,unknown,noice-evidence.json#/rows/422,False,unknown
noice,bbb21d7321668031774b5fc2e44ce632d7b2538853e09083a258f127631e845d,direct-framework-reference,,android/support/v4/media/session/MediaControllerCompat$h,app-definition-present,unknown,1,0,unknown,noice-evidence.json#/rows/423,False,unknown
noice,bbb21d7321668031774b5fc2e44ce632d7b2538853e09083a258f127631e845d,direct-framework-reference,,android/support/v4/media/session/MediaSessionCompat,app-definition-present,unknown,34,0,unknown,noice-evidence.json#/rows/424,False,unknown
noice,bbb21d7321668031774b5fc2e44ce632d7b2538853e09083a258f127631e845d,direct-framework-reference,,android/support/v4/media/session/MediaSessionCompat$QueueItem,app-definition-present,unknown,9,0,unknown,noice-evidence.json#/rows/425,False,unknown
noice,bbb21d7321668031774b5fc2e44ce632d7b2538853e09083a258f127631e845d,direct-framework-reference,,android/support/v4/media/session/MediaSessionCompat$QueueItem$a,app-definition-present,unknown,1,0,unknown,noice-evidence.json#/rows/426,False,unknown
noice,bbb21d7321668031774b5fc2e44ce632d7b2538853e09083a258f127631e845d,direct-framework-reference,,android/support/v4/media/session/MediaSessionCompat$QueueItem$b,app-definition-present,unknown,1,0,unknown,noice-evidence.json#/rows/427,False,unknown
noice,bbb21d7321668031774b5fc2e44ce632d7b2538853e09083a258f127631e845d,direct-framework-reference,,android/support/v4/media/session/MediaSessionCompat$ResultReceiverWrapper,app-definition-present,unknown,6,0,unknown,noice-evidence.json#/rows/428,False,unknown
noice,bbb21d7321668031774b5fc2e44ce632d7b2538853e09083a258f127631e845d,direct-framework-reference,,android/support/v4/media/session/MediaSessionCompat$ResultReceiverWrapper$a,app-definition-present,unknown,1,0,unknown,noice-evidence.json#/rows/429,False,unknown
noice,bbb21d7321668031774b5fc2e44ce632d7b2538853e09083a258f127631e845d,direct-framework-reference,,android/support/v4/media/session/MediaSessionCompat$Token,app-definition-present,yes-static,33,2,unknown,noice-evidence.json#/rows/430,False,unknown
noice,bbb21d7321668031774b5fc2e44ce632d7b2538853e09083a258f127631e845d,direct-framework-reference,,android/support/v4/media/session/MediaSessionCompat$Token$a,app-definition-present,unknown,1,0,unknown,noice-evidence.json#/rows/431,False,unknown
noice,bbb21d7321668031774b5fc2e44ce632d7b2538853e09083a258f127631e845d,direct-framework-reference,,android/support/v4/media/session/MediaSessionCompat$a,app-definition-present,unknown,35,0,unknown,noice-evidence.json#/rows/432,False,unknown
noice,bbb21d7321668031774b5fc2e44ce632d7b2538853e09083a258f127631e845d,direct-framework-reference,,android/support/v4/media/session/MediaSessionCompat$a$a,app-definition-present,unknown,4,0,unknown,noice-evidence.json#/rows/433,False,unknown
noice,bbb21d7321668031774b5fc2e44ce632d7b2538853e09083a258f127631e845d,direct-framework-reference,,android/support/v4/media/session/MediaSessionCompat$a$b,app-definition-present,unknown,25,0,unknown,noice-evidence.json#/rows/434,False,unknown
noice,bbb21d7321668031774b5fc2e44ce632d7b2538853e09083a258f127631e845d,direct-framework-reference,,android/support/v4/media/session/MediaSessionCompat$b,app-definition-present,unknown,26,0,unknown,noice-evidence.json#/rows/435,False,unknown
noice,bbb21d7321668031774b5fc2e44ce632d7b2538853e09083a258f127631e845d,direct-framework-reference,,android/support/v4/media/session/MediaSessionCompat$c,app-definition-present,unknown,51,0,unknown,noice-evidence.json#/rows/436,False,unknown
noice,bbb21d7321668031774b5fc2e44ce632d7b2538853e09083a258f127631e845d,direct-framework-reference,,android/support/v4/media/session/MediaSessionCompat$c$a,app-definition-present,unknown,11,0,unknown,noice-evidence.json#/rows/437,False,unknown
noice,bbb21d7321668031774b5fc2e44ce632d7b2538853e09083a258f127631e845d,direct-framework-reference,,android/support/v4/media/session/MediaSessionCompat$d,app-definition-present,unknown,2,0,unknown,noice-evidence.json#/rows/438,False,unknown
noice,bbb21d7321668031774b5fc2e44ce632d7b2538853e09083a258f127631e845d,direct-framework-reference,,android/support/v4/media/session/MediaSessionCompat$e,app-definition-present,unknown,2,0,unknown,noice-evidence.json#/rows/439,False,unknown
noice,bbb21d7321668031774b5fc2e44ce632d7b2538853e09083a258f127631e845d,direct-framework-reference,,android/support/v4/media/session/MediaSessionCompat$f,app-definition-present,unknown,1,0,unknown,noice-evidence.json#/rows/440,False,unknown
noice,bbb21d7321668031774b5fc2e44ce632d7b2538853e09083a258f127631e845d,direct-framework-reference,,android/support/v4/media/session/MediaSessionCompat$g,app-definition-present,unknown,1,0,unknown,noice-evidence.json#/rows/441,False,unknown
noice,bbb21d7321668031774b5fc2e44ce632d7b2538853e09083a258f127631e845d,direct-framework-reference,,android/support/v4/media/session/ParcelableVolumeInfo,app-definition-present,unknown,8,0,unknown,noice-evidence.json#/rows/442,False,unknown
noice,bbb21d7321668031774b5fc2e44ce632d7b2538853e09083a258f127631e845d,direct-framework-reference,,android/support/v4/media/session/ParcelableVolumeInfo$a,app-definition-present,unknown,1,0,unknown,noice-evidence.json#/rows/443,False,unknown
noice,bbb21d7321668031774b5fc2e44ce632d7b2538853e09083a258f127631e845d,direct-framework-reference,,android/support/v4/media/session/PlaybackStateCompat,app-definition-present,unknown,25,0,unknown,noice-evidence.json#/rows/444,False,unknown
noice,bbb21d7321668031774b5fc2e44ce632d7b2538853e09083a258f127631e845d,direct-framework-reference,,android/support/v4/media/session/PlaybackStateCompat$CustomAction,app-definition-present,unknown,10,0,unknown,noice-evidence.json#/rows/445,False,unknown
noice,bbb21d7321668031774b5fc2e44ce632d7b2538853e09083a258f127631e845d,direct-framework-reference,,android/support/v4/media/session/PlaybackStateCompat$CustomAction$a,app-definition-present,unknown,1,0,unknown,noice-evidence.json#/rows/446,False,unknown
noice,bbb21d7321668031774b5fc2e44ce632d7b2538853e09083a258f127631e845d,direct-framework-reference,,android/support/v4/media/session/PlaybackStateCompat$a,app-definition-present,unknown,1,0,unknown,noice-evidence.json#/rows/447,False,unknown
noice,bbb21d7321668031774b5fc2e44ce632d7b2538853e09083a258f127631e845d,direct-framework-reference,,android/support/v4/media/session/PlaybackStateCompat$b,app-definition-present,unknown,2,0,unknown,noice-evidence.json#/rows/448,False,unknown
noice,bbb21d7321668031774b5fc2e44ce632d7b2538853e09083a258f127631e845d,direct-framework-reference,,android/support/v4/media/session/PlaybackStateCompat$c,app-definition-present,unknown,2,0,unknown,noice-evidence.json#/rows/449,False,unknown
noice,bbb21d7321668031774b5fc2e44ce632d7b2538853e09083a258f127631e845d,direct-framework-reference,,android/support/v4/media/session/PlaybackStateCompat$d,app-definition-present,unknown,3,0,unknown,noice-evidence.json#/rows/450,False,unknown
noice,bbb21d7321668031774b5fc2e44ce632d7b2538853e09083a258f127631e845d,direct-framework-reference,,android/support/v4/media/session/a,app-definition-present,unknown,6,0,unknown,noice-evidence.json#/rows/451,False,unknown
noice,bbb21d7321668031774b5fc2e44ce632d7b2538853e09083a258f127631e845d,direct-framework-reference,,android/support/v4/media/session/a$a,app-definition-present,unknown,5,0,unknown,noice-evidence.json#/rows/452,False,unknown
noice,bbb21d7321668031774b5fc2e44ce632d7b2538853e09083a258f127631e845d,direct-framework-reference,,android/support/v4/media/session/a$a$a,app-definition-present,unknown,7,0,unknown,noice-evidence.json#/rows/453,False,unknown
noice,bbb21d7321668031774b5fc2e44ce632d7b2538853e09083a258f127631e845d,direct-framework-reference,,android/support/v4/media/session/b,app-definition-present,unknown,11,0,unknown,noice-evidence.json#/rows/454,False,unknown
noice,bbb21d7321668031774b5fc2e44ce632d7b2538853e09083a258f127631e845d,direct-framework-reference,,android/support/v4/media/session/b$a,app-definition-present,unknown,10,0,unknown,noice-evidence.json#/rows/455,False,unknown
noice,bbb21d7321668031774b5fc2e44ce632d7b2538853e09083a258f127631e845d,direct-framework-reference,,android/support/v4/media/session/b$a$a,app-definition-present,unknown,11,0,unknown,noice-evidence.json#/rows/456,False,unknown
noice,bbb21d7321668031774b5fc2e44ce632d7b2538853e09083a258f127631e845d,direct-framework-reference,,android/support/v4/media/session/c,app-definition-present,unknown,1,0,unknown,noice-evidence.json#/rows/457,False,unknown
noice,bbb21d7321668031774b5fc2e44ce632d7b2538853e09083a258f127631e845d,direct-framework-reference,,android/support/v4/media/session/d,app-definition-present,yes-static,21,3,unknown,noice-evidence.json#/rows/458,False,unknown
noice,bbb21d7321668031774b5fc2e44ce632d7b2538853e09083a258f127631e845d,direct-framework-reference,,android/support/v4/media/session/e,app-definition-present,unknown,2,0,unknown,noice-evidence.json#/rows/459,False,unknown
noice,bbb21d7321668031774b5fc2e44ce632d7b2538853e09083a258f127631e845d,direct-framework-reference,,android/support/v4/media/session/f,app-definition-present,unknown,5,0,unknown,noice-evidence.json#/rows/460,False,unknown
noice,bbb21d7321668031774b5fc2e44ce632d7b2538853e09083a258f127631e845d,direct-framework-reference,,android/support/v4/os/ResultReceiver,app-definition-present,unknown,7,0,unknown,noice-evidence.json#/rows/461,False,unknown
noice,bbb21d7321668031774b5fc2e44ce632d7b2538853e09083a258f127631e845d,direct-framework-reference,,android/support/v4/os/ResultReceiver$a,app-definition-present,unknown,1,0,unknown,noice-evidence.json#/rows/462,False,unknown
noice,bbb21d7321668031774b5fc2e44ce632d7b2538853e09083a258f127631e845d,direct-framework-reference,,android/support/v4/os/ResultReceiver$b,app-definition-present,unknown,3,0,unknown,noice-evidence.json#/rows/463,False,unknown
noice,bbb21d7321668031774b5fc2e44ce632d7b2538853e09083a258f127631e845d,direct-framework-reference,,android/support/v4/os/a,app-definition-present,unknown,2,0,unknown,noice-evidence.json#/rows/464,False,unknown
noice,bbb21d7321668031774b5fc2e44ce632d7b2538853e09083a258f127631e845d,direct-framework-reference,,android/support/v4/os/a$a,app-definition-present,unknown,2,0,unknown,noice-evidence.json#/rows/465,False,unknown
noice,bbb21d7321668031774b5fc2e44ce632d7b2538853e09083a258f127631e845d,direct-framework-reference,,android/support/v4/os/a$a$a,app-definition-present,unknown,3,0,unknown,noice-evidence.json#/rows/466,False,unknown
noice,bbb21d7321668031774b5fc2e44ce632d7b2538853e09083a258f127631e845d,direct-framework-reference,,android/system/ErrnoException,definition-present,unknown,2,0,unknown,noice-evidence.json#/rows/467,False,unknown
noice,bbb21d7321668031774b5fc2e44ce632d7b2538853e09083a258f127631e845d,direct-framework-reference,,android/system/Os,definition-present,unknown,1,0,unknown,noice-evidence.json#/rows/468,False,unknown
noice,bbb21d7321668031774b5fc2e44ce632d7b2538853e09083a258f127631e845d,direct-framework-reference,,android/system/OsConstants,definition-present,unknown,3,0,unknown,noice-evidence.json#/rows/469,False,unknown
noice,bbb21d7321668031774b5fc2e44ce632d7b2538853e09083a258f127631e845d,direct-framework-reference,,android/system/StructStat,definition-present,unknown,1,0,unknown,noice-evidence.json#/rows/470,False,unknown
noice,bbb21d7321668031774b5fc2e44ce632d7b2538853e09083a258f127631e845d,direct-framework-reference,,android/telecom/TelecomManager,definition-present,unknown,1,0,unknown,noice-evidence.json#/rows/471,False,unknown
noice,bbb21d7321668031774b5fc2e44ce632d7b2538853e09083a258f127631e845d,direct-framework-reference,,android/telephony/SubscriptionManager,definition-present,unknown,1,0,unknown,noice-evidence.json#/rows/472,False,unknown
noice,bbb21d7321668031774b5fc2e44ce632d7b2538853e09083a258f127631e845d,direct-framework-reference,,android/telephony/TelephonyCallback,definition-present,unknown,3,0,unknown,noice-evidence.json#/rows/473,False,unknown
noice,bbb21d7321668031774b5fc2e44ce632d7b2538853e09083a258f127631e845d,direct-framework-reference,,android/telephony/TelephonyDisplayInfo,definition-present,unknown,2,0,unknown,noice-evidence.json#/rows/474,False,unknown
noice,bbb21d7321668031774b5fc2e44ce632d7b2538853e09083a258f127631e845d,direct-framework-reference,,android/telephony/TelephonyManager,definition-present,unknown,5,0,unknown,noice-evidence.json#/rows/475,False,unknown
noice,bbb21d7321668031774b5fc2e44ce632d7b2538853e09083a258f127631e845d,direct-framework-reference,,android/text/Editable,definition-present,unknown,43,0,unknown,noice-evidence.json#/rows/476,False,unknown
noice,bbb21d7321668031774b5fc2e44ce632d7b2538853e09083a258f127631e845d,direct-framework-reference,,android/text/Editable$Factory,definition-present,unknown,3,0,unknown,noice-evidence.json#/rows/477,False,unknown
noice,bbb21d7321668031774b5fc2e44ce632d7b2538853e09083a258f127631e845d,direct-framework-reference,,android/text/Html,definition-present,unknown,7,0,unknown,noice-evidence.json#/rows/478,False,unknown
noice,bbb21d7321668031774b5fc2e44ce632d7b2538853e09083a258f127631e845d,direct-framework-reference,,android/text/Html$ImageGetter,definition-present,unknown,2,0,unknown,noice-evidence.json#/rows/479,False,unknown
noice,bbb21d7321668031774b5fc2e44ce632d7b2538853e09083a258f127631e845d,direct-framework-reference,,android/text/Html$TagHandler,definition-present,unknown,2,0,unknown,noice-evidence.json#/rows/480,False,unknown
noice,bbb21d7321668031774b5fc2e44ce632d7b2538853e09083a258f127631e845d,direct-framework-reference,,android/text/InputFilter,definition-present,unknown,12,0,unknown,noice-evidence.json#/rows/481,False,unknown
noice,bbb21d7321668031774b5fc2e44ce632d7b2538853e09083a258f127631e845d,direct-framework-reference,,android/text/Layout,definition-present,unknown,12,0,unknown,noice-evidence.json#/rows/482,False,unknown
noice,bbb21d7321668031774b5fc2e44ce632d7b2538853e09083a258f127631e845d,direct-framework-reference,,android/text/Layout$Alignment,definition-present,unknown,12,0,unknown,noice-evidence.json#/rows/483,False,unknown
noice,bbb21d7321668031774b5fc2e44ce632d7b2538853e09083a258f127631e845d,direct-framework-reference,,android/text/PrecomputedText,definition-present,unknown,1,0,unknown,noice-evidence.json#/rows/484,False,unknown
noice,bbb21d7321668031774b5fc2e44ce632d7b2538853e09083a258f127631e845d,direct-framework-reference,,android/text/PrecomputedText$Params,definition-present,unknown,9,0,unknown,noice-evidence.json#/rows/485,False,unknown
noice,bbb21d7321668031774b5fc2e44ce632d7b2538853e09083a258f127631e845d,direct-framework-reference,,android/text/PrecomputedText$Params$Builder,definition-present,unknown,1,0,unknown,noice-evidence.json#/rows/486,False,unknown
noice,bbb21d7321668031774b5fc2e44ce632d7b2538853e09083a258f127631e845d,direct-framework-reference,,android/text/Selection,definition-present,unknown,6,0,unknown,noice-evidence.json#/rows/487,False,unknown
noice,bbb21d7321668031774b5fc2e44ce632d7b2538853e09083a258f127631e845d,direct-framework-reference,,android/text/SpanWatcher,definition-present,unknown,3,0,unknown,noice-evidence.json#/rows/488,False,unknown
noice,bbb21d7321668031774b5fc2e44ce632d7b2538853e09083a258f127631e845d,direct-framework-reference,,android/text/Spannable,definition-present,unknown,28,0,unknown,noice-evidence.json#/rows/489,False,unknown
noice,bbb21d7321668031774b5fc2e44ce632d7b2538853e09083a258f127631e845d,direct-framework-reference,,android/text/SpannableString,definition-present,unknown,5,0,unknown,noice-evidence.json#/rows/490,False,unknown
noice,bbb21d7321668031774b5fc2e44ce632d7b2538853e09083a258f127631e845d,direct-framework-reference,,android/text/SpannableStringBuilder,definition-present,yes-static,39,2,unknown,noice-evidence.json#/rows/491,False,unknown
noice,bbb21d7321668031774b5fc2e44ce632d7b2538853e09083a258f127631e845d,direct-framework-reference,,android/text/Spanned,definition-present,unknown,32,0,unknown,noice-evidence.json#/rows/492,False,unknown
noice,bbb21d7321668031774b5fc2e44ce632d7b2538853e09083a258f127631e845d,direct-framework-reference,,android/text/StaticLayout,definition-present,unknown,13,0,unknown,noice-evidence.json#/rows/493,False,unknown
noice,bbb21d7321668031774b5fc2e44ce632d7b2538853e09083a258f127631e845d,direct-framework-reference,,android/text/StaticLayout$Builder,definition-present,unknown,18,0,unknown,noice-evidence.json#/rows/494,False,unknown
noice,bbb21d7321668031774b5fc2e44ce632d7b2538853e09083a258f127631e845d,direct-framework-reference,,android/text/TextDirectionHeuristic,definition-present,unknown,13,0,unknown,noice-evidence.json#/rows/495,False,unknown
noice,bbb21d7321668031774b5fc2e44ce632d7b2538853e09083a258f127631e845d,direct-framework-reference,,android/text/TextDirectionHeuristics,definition-present,unknown,4,0,unknown,noice-evidence.json#/rows/496,False,unknown
noice,bbb21d7321668031774b5fc2e44ce632d7b2538853e09083a258f127631e845d,direct-framework-reference,,android/text/TextPaint,definition-present,unknown,60,0,unknown,noice-evidence.json#/rows/497,False,unknown
noice,bbb21d7321668031774b5fc2e44ce632d7b2538853e09083a258f127631e845d,direct-framework-reference,,android/text/TextUtils,definition-present,yes-static,179,11,unknown,noice-evidence.json#/rows/498,False,unknown
noice,bbb21d7321668031774b5fc2e44ce632d7b2538853e09083a258f127631e845d,direct-framework-reference,,android/text/TextUtils$TruncateAt,definition-present,unknown,13,0,unknown,noice-evidence.json#/rows/499,False,unknown
noice,bbb21d7321668031774b5fc2e44ce632d7b2538853e09083a258f127631e845d,direct-framework-reference,,android/text/TextWatcher,definition-present,unknown,4,0,unknown,noice-evidence.json#/rows/500,False,unknown
noice,bbb21d7321668031774b5fc2e44ce632d7b2538853e09083a258f127631e845d,direct-framework-reference,,android/text/format/DateFormat,definition-present,unknown,2,0,unknown,noice-evidence.json#/rows/501,False,unknown
noice,bbb21d7321668031774b5fc2e44ce632d7b2538853e09083a258f127631e845d,direct-framework-reference,,android/text/format/DateUtils,definition-present,unknown,7,0,unknown,noice-evidence.json#/rows/502,False,unknown
noice,bbb21d7321668031774b5fc2e44ce632d7b2538853e09083a258f127631e845d,direct-framework-reference,,android/text/method/KeyListener,definition-present,unknown,13,0,unknown,noice-evidence.json#/rows/503,False,unknown
noice,bbb21d7321668031774b5fc2e44ce632d7b2538853e09083a258f127631e845d,direct-framework-reference,,android/text/method/LinkMovementMethod,definition-present,unknown,6,0,unknown,noice-evidence.json#/rows/504,False,unknown
noice,bbb21d7321668031774b5fc2e44ce632d7b2538853e09083a258f127631e845d,direct-framework-reference,,android/text/method/MetaKeyKeyListener,definition-present,unknown,1,0,unknown,noice-evidence.json#/rows/505,False,unknown
noice,bbb21d7321668031774b5fc2e44ce632d7b2538853e09083a258f127631e845d,direct-framework-reference,,android/text/method/MovementMethod,definition-present,unknown,6,0,unknown,noice-evidence.json#/rows/506,False,unknown
noice,bbb21d7321668031774b5fc2e44ce632d7b2538853e09083a258f127631e845d,direct-framework-reference,,android/text/method/NumberKeyListener,definition-present,unknown,4,0,unknown,noice-evidence.json#/rows/507,False,unknown
noice,bbb21d7321668031774b5fc2e44ce632d7b2538853e09083a258f127631e845d,direct-framework-reference,,android/text/method/PasswordTransformationMethod,definition-present,unknown,7,0,unknown,noice-evidence.json#/rows/508,False,unknown
noice,bbb21d7321668031774b5fc2e44ce632d7b2538853e09083a258f127631e845d,direct-framework-reference,,android/text/method/ScrollingMovementMethod,definition-present,unknown,1,0,unknown,noice-evidence.json#/rows/509,False,unknown
noice,bbb21d7321668031774b5fc2e44ce632d7b2538853e09083a258f127631e845d,direct-framework-reference,,android/text/method/TransformationMethod,definition-present,unknown,17,0,unknown,noice-evidence.json#/rows/510,False,unknown
noice,bbb21d7321668031774b5fc2e44ce632d7b2538853e09083a258f127631e845d,direct-framework-reference,,android/text/style/ClickableSpan,definition-present,unknown,3,0,unknown,noice-evidence.json#/rows/511,False,unknown
noice,bbb21d7321668031774b5fc2e44ce632d7b2538853e09083a258f127631e845d,direct-framework-reference,,android/text/style/ImageSpan,definition-present,unknown,1,0,unknown,noice-evidence.json#/rows/512,False,unknown
noice,bbb21d7321668031774b5fc2e44ce632d7b2538853e09083a258f127631e845d,direct-framework-reference,,android/text/style/MetricAffectingSpan,definition-present,unknown,7,0,unknown,noice-evidence.json#/rows/513,False,unknown
noice,bbb21d7321668031774b5fc2e44ce632d7b2538853e09083a258f127631e845d,direct-framework-reference,,android/text/style/ReplacementSpan,definition-present,unknown,1,0,unknown,noice-evidence.json#/rows/514,False,unknown
noice,bbb21d7321668031774b5fc2e44ce632d7b2538853e09083a258f127631e845d,direct-framework-reference,,android/text/style/TextAppearanceSpan,definition-present,unknown,1,0,unknown,noice-evidence.json#/rows/515,False,unknown
noice,bbb21d7321668031774b5fc2e44ce632d7b2538853e09083a258f127631e845d,direct-framework-reference,,android/text/style/URLSpan,definition-present,unknown,1,0,unknown,noice-evidence.json#/rows/516,False,unknown
noice,bbb21d7321668031774b5fc2e44ce632d7b2538853e09083a258f127631e845d,direct-framework-reference,,android/transition/ChangeBounds,definition-present,unknown,1,0,unknown,noice-evidence.json#/rows/517,False,unknown
noice,bbb21d7321668031774b5fc2e44ce632d7b2538853e09083a258f127631e845d,direct-framework-reference,,android/transition/Transition,definition-present,yes-static,28,1,unknown,noice-evidence.json#/rows/518,False,unknown
noice,bbb21d7321668031774b5fc2e44ce632d7b2538853e09083a258f127631e845d,direct-framework-reference,,android/transition/Transition$EpicenterCallback,definition-present,unknown,4,0,unknown,noice-evidence.json#/rows/519,False,unknown
noice,bbb21d7321668031774b5fc2e44ce632d7b2538853e09083a258f127631e845d,direct-framework-reference,,android/transition/TransitionManager,definition-present,unknown,2,0,unknown,noice-evidence.json#/rows/520,False,unknown
noice,bbb21d7321668031774b5fc2e44ce632d7b2538853e09083a258f127631e845d,direct-framework-reference,,android/transition/TransitionSet,definition-present,unknown,7,0,unknown,noice-evidence.json#/rows/521,False,unknown
noice,bbb21d7321668031774b5fc2e44ce632d7b2538853e09083a258f127631e845d,direct-framework-reference,,android/util/AndroidRuntimeException,definition-present,yes-static,5,2,unknown,noice-evidence.json#/rows/522,False,unknown
noice,bbb21d7321668031774b5fc2e44ce632d7b2538853e09083a258f127631e845d,direct-framework-reference,,android/util/ArrayMap,definition-present,unknown,8,0,unknown,noice-evidence.json#/rows/523,False,unknown
noice,bbb21d7321668031774b5fc2e44ce632d7b2538853e09083a258f127631e845d,direct-framework-reference,,android/util/ArraySet,definition-present,unknown,1,0,unknown,noice-evidence.json#/rows/524,False,unknown
noice,bbb21d7321668031774b5fc2e44ce632d7b2538853e09083a258f127631e845d,direct-framework-reference,,android/util/AttributeSet,definition-present,yes-static,353,18,unknown,noice-evidence.json#/rows/525,False,unknown
noice,bbb21d7321668031774b5fc2e44ce632d7b2538853e09083a258f127631e845d,direct-framework-reference,,android/util/Base64,definition-present,unknown,4,0,unknown,noice-evidence.json#/rows/526,False,unknown
noice,bbb21d7321668031774b5fc2e44ce632d7b2538853e09083a258f127631e845d,direct-framework-reference,,android/util/DisplayMetrics,definition-present,yes-static,61,2,unknown,noice-evidence.json#/rows/527,False,unknown
noice,bbb21d7321668031774b5fc2e44ce632d7b2538853e09083a258f127631e845d,direct-framework-reference,,android/util/Log,definition-present,yes-static,467,71,unknown,noice-evidence.json#/rows/528,False,unknown
noice,bbb21d7321668031774b5fc2e44ce632d7b2538853e09083a258f127631e845d,direct-framework-reference,,android/util/LongSparseArray,definition-present,yes-static,2,2,unknown,noice-evidence.json#/rows/529,False,unknown
noice,bbb21d7321668031774b5fc2e44ce632d7b2538853e09083a258f127631e845d,direct-framework-reference,,android/util/Pair,definition-present,yes-static,69,3,unknown,noice-evidence.json#/rows/530,False,unknown
noice,bbb21d7321668031774b5fc2e44ce632d7b2538853e09083a258f127631e845d,direct-framework-reference,,android/util/Patterns,definition-present,unknown,2,0,unknown,noice-evidence.json#/rows/531,False,unknown
noice,bbb21d7321668031774b5fc2e44ce632d7b2538853e09083a258f127631e845d,direct-framework-reference,,android/util/Property,definition-present,unknown,33,0,unknown,noice-evidence.json#/rows/532,False,unknown
noice,bbb21d7321668031774b5fc2e44ce632d7b2538853e09083a258f127631e845d,direct-framework-reference,,android/util/Range,definition-present,unknown,1,0,unknown,noice-evidence.json#/rows/533,False,unknown
noice,bbb21d7321668031774b5fc2e44ce632d7b2538853e09083a258f127631e845d,direct-framework-reference,,android/util/Size,definition-present,yes-static,3,2,unknown,noice-evidence.json#/rows/534,False,unknown
noice,bbb21d7321668031774b5fc2e44ce632d7b2538853e09083a258f127631e845d,direct-framework-reference,,android/util/SizeF,definition-present,yes-static,3,2,unknown,noice-evidence.json#/rows/535,False,unknown
noice,bbb21d7321668031774b5fc2e44ce632d7b2538853e09083a258f127631e845d,direct-framework-reference,,android/util/SparseArray,definition-present,yes-static,138,11,unknown,noice-evidence.json#/rows/536,False,unknown
noice,bbb21d7321668031774b5fc2e44ce632d7b2538853e09083a258f127631e845d,direct-framework-reference,,android/util/SparseBooleanArray,definition-present,yes-static,24,8,unknown,noice-evidence.json#/rows/537,False,unknown
noice,bbb21d7321668031774b5fc2e44ce632d7b2538853e09083a258f127631e845d,direct-framework-reference,,android/util/SparseIntArray,definition-present,unknown,83,0,unknown,noice-evidence.json#/rows/538,False,unknown
noice,bbb21d7321668031774b5fc2e44ce632d7b2538853e09083a258f127631e845d,direct-framework-reference,,android/util/StateSet,definition-present,yes-static,6,1,unknown,noice-evidence.json#/rows/539,False,unknown
noice,bbb21d7321668031774b5fc2e44ce632d7b2538853e09083a258f127631e845d,direct-framework-reference,,android/util/TypedValue,definition-present,yes-static,94,19,unknown,noice-evidence.json#/rows/540,False,unknown
noice,bbb21d7321668031774b5fc2e44ce632d7b2538853e09083a258f127631e845d,direct-framework-reference,,android/util/Xml,definition-present,yes-static,19,2,unknown,noice-evidence.json#/rows/541,False,unknown
noice,bbb21d7321668031774b5fc2e44ce632d7b2538853e09083a258f127631e845d,direct-framework-reference,,android/view/AbsSavedState,definition-present,unknown,37,0,unknown,noice-evidence.json#/rows/542,False,unknown
noice,bbb21d7321668031774b5fc2e44ce632d7b2538853e09083a258f127631e845d,direct-framework-reference,,android/view/ActionMode,definition-present,unknown,18,0,unknown,noice-evidence.json#/rows/543,False,unknown
noice,bbb21d7321668031774b5fc2e44ce632d7b2538853e09083a258f127631e845d,direct-framework-reference,,android/view/ActionMode$Callback,definition-present,unknown,31,0,unknown,noice-evidence.json#/rows/544,False,unknown
noice,bbb21d7321668031774b5fc2e44ce632d7b2538853e09083a258f127631e845d,direct-framework-reference,,android/view/ActionProvider,definition-present,unknown,12,0,unknown,noice-evidence.json#/rows/545,False,unknown
noice,bbb21d7321668031774b5fc2e44ce632d7b2538853e09083a258f127631e845d,direct-framework-reference,,android/view/Choreographer,definition-present,unknown,6,0,unknown,noice-evidence.json#/rows/546,False,unknown
noice,bbb21d7321668031774b5fc2e44ce632d7b2538853e09083a258f127631e845d,direct-framework-reference,,android/view/Choreographer$FrameCallback,definition-present,unknown,4,0,unknown,noice-evidence.json#/rows/547,False,unknown
noice,bbb21d7321668031774b5fc2e44ce632d7b2538853e09083a258f127631e845d,direct-framework-reference,,android/view/CollapsibleActionView,definition-present,unknown,6,0,unknown,noice-evidence.json#/rows/548,False,unknown
noice,bbb21d7321668031774b5fc2e44ce632d7b2538853e09083a258f127631e845d,direct-framework-reference,,android/view/ContentInfo,definition-present,unknown,14,0,unknown,noice-evidence.json#/rows/549,False,unknown
noice,bbb21d7321668031774b5fc2e44ce632d7b2538853e09083a258f127631e845d,direct-framework-reference,,android/view/ContentInfo$Builder,definition-present,unknown,9,0,unknown,noice-evidence.json#/rows/550,False,unknown
noice,bbb21d7321668031774b5fc2e44ce632d7b2538853e09083a258f127631e845d,direct-framework-reference,,android/view/ContextMenu,definition-present,unknown,2,0,unknown,noice-evidence.json#/rows/551,False,unknown
noice,bbb21d7321668031774b5fc2e44ce632d7b2538853e09083a258f127631e845d,direct-framework-reference,,android/view/ContextMenu$ContextMenuInfo,definition-present,unknown,2,0,unknown,noice-evidence.json#/rows/552,False,unknown
noice,bbb21d7321668031774b5fc2e44ce632d7b2538853e09083a258f127631e845d,direct-framework-reference,,android/view/ContextThemeWrapper,definition-present,yes-static,16,1,unknown,noice-evidence.json#/rows/553,False,unknown
noice,bbb21d7321668031774b5fc2e44ce632d7b2538853e09083a258f127631e845d,direct-framework-reference,,android/view/Display,definition-present,unknown,10,0,unknown,noice-evidence.json#/rows/554,False,unknown
noice,bbb21d7321668031774b5fc2e44ce632d7b2538853e09083a258f127631e845d,direct-framework-reference,,android/view/Display$Mode,definition-present,unknown,4,0,unknown,noice-evidence.json#/rows/555,False,unknown
noice,bbb21d7321668031774b5fc2e44ce632d7b2538853e09083a258f127631e845d,direct-framework-reference,,android/view/DisplayCutout,definition-present,unknown,19,0,unknown,noice-evidence.json#/rows/556,False,unknown
noice,bbb21d7321668031774b5fc2e44ce632d7b2538853e09083a258f127631e845d,direct-framework-reference,,android/view/DragAndDropPermissions,definition-present,unknown,1,0,unknown,noice-evidence.json#/rows/557,False,unknown
noice,bbb21d7321668031774b5fc2e44ce632d7b2538853e09083a258f127631e845d,direct-framework-reference,,android/view/DragEvent,definition-present,unknown,4,0,unknown,noice-evidence.json#/rows/558,False,unknown
noice,bbb21d7321668031774b5fc2e44ce632d7b2538853e09083a258f127631e845d,direct-framework-reference,,android/view/FocusFinder,definition-present,unknown,5,0,unknown,noice-evidence.json#/rows/559,False,unknown
noice,bbb21d7321668031774b5fc2e44ce632d7b2538853e09083a258f127631e845d,direct-framework-reference,,android/view/GestureDetector,definition-present,unknown,3,0,unknown,noice-evidence.json#/rows/560,False,unknown
noice,bbb21d7321668031774b5fc2e44ce632d7b2538853e09083a258f127631e845d,direct-framework-reference,,android/view/GestureDetector$OnGestureListener,definition-present,unknown,1,0,unknown,noice-evidence.json#/rows/561,False,unknown
noice,bbb21d7321668031774b5fc2e44ce632d7b2538853e09083a258f127631e845d,direct-framework-reference,,android/view/GestureDetector$SimpleOnGestureListener,definition-present,unknown,1,0,unknown,noice-evidence.json#/rows/562,False,unknown
noice,bbb21d7321668031774b5fc2e44ce632d7b2538853e09083a258f127631e845d,direct-framework-reference,,android/view/Gravity,definition-present,unknown,18,0,unknown,noice-evidence.json#/rows/563,False,unknown
noice,bbb21d7321668031774b5fc2e44ce632d7b2538853e09083a258f127631e845d,direct-framework-reference,,android/view/InflateException,definition-present,unknown,7,0,unknown,noice-evidence.json#/rows/564,False,unknown
noice,bbb21d7321668031774b5fc2e44ce632d7b2538853e09083a258f127631e845d,direct-framework-reference,,android/view/KeyCharacterMap,definition-present,unknown,3,0,unknown,noice-evidence.json#/rows/565,False,unknown
noice,bbb21d7321668031774b5fc2e44ce632d7b2538853e09083a258f127631e845d,direct-framework-reference,,android/view/KeyCharacterMap$KeyData,definition-present,unknown,2,0,unknown,noice-evidence.json#/rows/566,False,unknown
noice,bbb21d7321668031774b5fc2e44ce632d7b2538853e09083a258f127631e845d,direct-framework-reference,,android/view/KeyEvent,definition-present,unknown,70,0,unknown,noice-evidence.json#/rows/567,False,unknown
noice,bbb21d7321668031774b5fc2e44ce632d7b2538853e09083a258f127631e845d,direct-framework-reference,,android/view/KeyEvent$Callback,definition-present,unknown,4,0,unknown,noice-evidence.json#/rows/568,False,unknown
noice,bbb21d7321668031774b5fc2e44ce632d7b2538853e09083a258f127631e845d,direct-framework-reference,,android/view/KeyEvent$DispatcherState,definition-present,unknown,3,0,unknown,noice-evidence.json#/rows/569,False,unknown
noice,bbb21d7321668031774b5fc2e44ce632d7b2538853e09083a258f127631e845d,direct-framework-reference,,android/view/LayoutInflater,definition-present,yes-static,173,8,unknown,noice-evidence.json#/rows/570,False,unknown
noice,bbb21d7321668031774b5fc2e44ce632d7b2538853e09083a258f127631e845d,direct-framework-reference,,android/view/LayoutInflater$Factory,definition-present,unknown,1,0,unknown,noice-evidence.json#/rows/571,False,unknown
noice,bbb21d7321668031774b5fc2e44ce632d7b2538853e09083a258f127631e845d,direct-framework-reference,,android/view/LayoutInflater$Factory2,definition-present,unknown,2,0,unknown,noice-evidence.json#/rows/572,False,unknown
noice,bbb21d7321668031774b5fc2e44ce632d7b2538853e09083a258f127631e845d,direct-framework-reference,,android/view/Menu,definition-present,unknown,86,0,unknown,noice-evidence.json#/rows/573,False,unknown
noice,bbb21d7321668031774b5fc2e44ce632d7b2538853e09083a258f127631e845d,direct-framework-reference,,android/view/MenuInflater,definition-present,unknown,12,0,unknown,noice-evidence.json#/rows/574,False,unknown
noice,bbb21d7321668031774b5fc2e44ce632d7b2538853e09083a258f127631e845d,direct-framework-reference,,android/view/MenuItem,definition-present,unknown,150,0,unknown,noice-evidence.json#/rows/575,False,unknown
noice,bbb21d7321668031774b5fc2e44ce632d7b2538853e09083a258f127631e845d,direct-framework-reference,,android/view/MenuItem$OnActionExpandListener,definition-present,unknown,7,0,unknown,noice-evidence.json#/rows/576,False,unknown
noice,bbb21d7321668031774b5fc2e44ce632d7b2538853e09083a258f127631e845d,direct-framework-reference,,android/view/MenuItem$OnMenuItemClickListener,definition-present,unknown,5,0,unknown,noice-evidence.json#/rows/577,False,unknown
noice,bbb21d7321668031774b5fc2e44ce632d7b2538853e09083a258f127631e845d,direct-framework-reference,,android/view/MotionEvent,definition-present,unknown,85,0,unknown,noice-evidence.json#/rows/578,False,unknown
noice,bbb21d7321668031774b5fc2e44ce632d7b2538853e09083a258f127631e845d,direct-framework-reference,,android/view/OnReceiveContentListener,definition-present,unknown,2,0,unknown,noice-evidence.json#/rows/579,False,unknown
noice,bbb21d7321668031774b5fc2e44ce632d7b2538853e09083a258f127631e845d,direct-framework-reference,,android/view/PointerIcon,definition-present,unknown,12,0,unknown,noice-evidence.json#/rows/580,False,unknown
noice,bbb21d7321668031774b5fc2e44ce632d7b2538853e09083a258f127631e845d,direct-framework-reference,,android/view/SearchEvent,definition-present,unknown,3,0,unknown,noice-evidence.json#/rows/581,False,unknown
noice,bbb21d7321668031774b5fc2e44ce632d7b2538853e09083a258f127631e845d,direct-framework-reference,,android/view/SoundEffectConstants,definition-present,unknown,1,0,unknown,noice-evidence.json#/rows/582,False,unknown
noice,bbb21d7321668031774b5fc2e44ce632d7b2538853e09083a258f127631e845d,direct-framework-reference,,android/view/SubMenu,definition-present,unknown,27,0,unknown,noice-evidence.json#/rows/583,False,unknown
noice,bbb21d7321668031774b5fc2e44ce632d7b2538853e09083a258f127631e845d,direct-framework-reference,,android/view/Surface,definition-present,unknown,6,0,unknown,noice-evidence.json#/rows/584,False,unknown
noice,bbb21d7321668031774b5fc2e44ce632d7b2538853e09083a258f127631e845d,direct-framework-reference,,android/view/TouchDelegate,definition-present,unknown,2,0,unknown,noice-evidence.json#/rows/585,False,unknown
noice,bbb21d7321668031774b5fc2e44ce632d7b2538853e09083a258f127631e845d,direct-framework-reference,,android/view/VelocityTracker,definition-present,unknown,28,0,unknown,noice-evidence.json#/rows/586,False,unknown
noice,bbb21d7321668031774b5fc2e44ce632d7b2538853e09083a258f127631e845d,direct-framework-reference,,android/view/View,definition-present,yes-static,2946,158,unknown,noice-evidence.json#/rows/587,False,unknown
noice,bbb21d7321668031774b5fc2e44ce632d7b2538853e09083a258f127631e845d,direct-framework-reference,,android/view/View$AccessibilityDelegate,definition-present,yes-static,46,9,unknown,noice-evidence.json#/rows/588,False,unknown
noice,bbb21d7321668031774b5fc2e44ce632d7b2538853e09083a258f127631e845d,direct-framework-reference,,android/view/View$BaseSavedState,definition-present,unknown,19,0,unknown,noice-evidence.json#/rows/589,False,unknown
noice,bbb21d7321668031774b5fc2e44ce632d7b2538853e09083a258f127631e845d,direct-framework-reference,,android/view/View$DragShadowBuilder,definition-present,unknown,4,0,unknown,noice-evidence.json#/rows/590,False,unknown
noice,bbb21d7321668031774b5fc2e44ce632d7b2538853e09083a258f127631e845d,direct-framework-reference,,android/view/View$MeasureSpec,definition-present,unknown,73,0,unknown,noice-evidence.json#/rows/591,False,unknown
noice,bbb21d7321668031774b5fc2e44ce632d7b2538853e09083a258f127631e845d,direct-framework-reference,,android/view/View$OnApplyWindowInsetsListener,definition-present,yes-static,4,1,unknown,noice-evidence.json#/rows/592,False,unknown
noice,bbb21d7321668031774b5fc2e44ce632d7b2538853e09083a258f127631e845d,direct-framework-reference,,android/view/View$OnClickListener,definition-present,unknown,24,0,unknown,noice-evidence.json#/rows/593,False,unknown
noice,bbb21d7321668031774b5fc2e44ce632d7b2538853e09083a258f127631e845d,direct-framework-reference,,android/view/View$OnFocusChangeListener,definition-present,unknown,4,0,unknown,noice-evidence.json#/rows/594,False,unknown
noice,bbb21d7321668031774b5fc2e44ce632d7b2538853e09083a258f127631e845d,direct-framework-reference,,android/view/View$OnLongClickListener,definition-present,unknown,10,0,unknown,noice-evidence.json#/rows/595,False,unknown
noice,bbb21d7321668031774b5fc2e44ce632d7b2538853e09083a258f127631e845d,direct-framework-reference,,android/view/View$OnTouchListener,definition-present,unknown,4,0,unknown,noice-evidence.json#/rows/596,False,unknown
noice,bbb21d7321668031774b5fc2e44ce632d7b2538853e09083a258f127631e845d,direct-framework-reference,,android/view/View$OnUnhandledKeyEventListener,definition-present,unknown,1,0,unknown,noice-evidence.json#/rows/597,False,unknown
noice,bbb21d7321668031774b5fc2e44ce632d7b2538853e09083a258f127631e845d,direct-framework-reference,,android/view/ViewAnimationUtils,definition-present,unknown,2,0,unknown,noice-evidence.json#/rows/598,False,unknown
noice,bbb21d7321668031774b5fc2e44ce632d7b2538853e09083a258f127631e845d,direct-framework-reference,,android/view/ViewConfiguration,definition-present,yes-static,33,4,unknown,noice-evidence.json#/rows/599,False,unknown
noice,bbb21d7321668031774b5fc2e44ce632d7b2538853e09083a258f127631e845d,direct-framework-reference,,android/view/ViewGroup,definition-present,yes-static,636,45,unknown,noice-evidence.json#/rows/600,False,unknown
noice,bbb21d7321668031774b5fc2e44ce632d7b2538853e09083a258f127631e845d,direct-framework-reference,,android/view/ViewGroup$LayoutParams,definition-present,yes-static,111,7,unknown,noice-evidence.json#/rows/601,False,unknown
noice,bbb21d7321668031774b5fc2e44ce632d7b2538853e09083a258f127631e845d,direct-framework-reference,,android/view/ViewGroup$MarginLayoutParams,definition-present,yes-static,146,5,unknown,noice-evidence.json#/rows/602,False,unknown
noice,bbb21d7321668031774b5fc2e44ce632d7b2538853e09083a258f127631e845d,direct-framework-reference,,android/view/ViewGroup$OnHierarchyChangeListener,definition-present,unknown,6,0,unknown,noice-evidence.json#/rows/603,False,unknown
noice,bbb21d7321668031774b5fc2e44ce632d7b2538853e09083a258f127631e845d,direct-framework-reference,,android/view/ViewGroupOverlay,definition-present,unknown,4,0,unknown,noice-evidence.json#/rows/604,False,unknown
noice,bbb21d7321668031774b5fc2e44ce632d7b2538853e09083a258f127631e845d,direct-framework-reference,,android/view/ViewManager,definition-present,yes-static,4,1,unknown,noice-evidence.json#/rows/605,False,unknown
noice,bbb21d7321668031774b5fc2e44ce632d7b2538853e09083a258f127631e845d,direct-framework-reference,,android/view/ViewOutlineProvider,definition-present,unknown,3,0,unknown,noice-evidence.json#/rows/606,False,unknown
noice,bbb21d7321668031774b5fc2e44ce632d7b2538853e09083a258f127631e845d,direct-framework-reference,,android/view/ViewOverlay,definition-present,unknown,8,0,unknown,noice-evidence.json#/rows/607,False,unknown
noice,bbb21d7321668031774b5fc2e44ce632d7b2538853e09083a258f127631e845d,direct-framework-reference,,android/view/ViewParent,definition-present,yes-static,138,11,unknown,noice-evidence.json#/rows/608,False,unknown
noice,bbb21d7321668031774b5fc2e44ce632d7b2538853e09083a258f127631e845d,direct-framework-reference,,android/view/ViewPropertyAnimator,definition-present,yes-static,37,8,unknown,noice-evidence.json#/rows/609,False,unknown
noice,bbb21d7321668031774b5fc2e44ce632d7b2538853e09083a258f127631e845d,direct-framework-reference,,android/view/ViewStructure,definition-present,unknown,1,0,unknown,noice-evidence.json#/rows/610,False,unknown
noice,bbb21d7321668031774b5fc2e44ce632d7b2538853e09083a258f127631e845d,direct-framework-reference,,android/view/ViewStub,definition-present,unknown,4,0,unknown,noice-evidence.json#/rows/611,False,unknown
noice,bbb21d7321668031774b5fc2e44ce632d7b2538853e09083a258f127631e845d,direct-framework-reference,,android/view/ViewTreeObserver,definition-present,yes-static,40,6,unknown,noice-evidence.json#/rows/612,False,unknown
noice,bbb21d7321668031774b5fc2e44ce632d7b2538853e09083a258f127631e845d,direct-framework-reference,,android/view/ViewTreeObserver$OnGlobalLayoutListener,definition-present,yes-static,4,1,unknown,noice-evidence.json#/rows/613,False,unknown
noice,bbb21d7321668031774b5fc2e44ce632d7b2538853e09083a258f127631e845d,direct-framework-reference,,android/view/Window,definition-present,yes-static,95,14,unknown,noice-evidence.json#/rows/614,False,unknown
noice,bbb21d7321668031774b5fc2e44ce632d7b2538853e09083a258f127631e845d,direct-framework-reference,,android/view/Window$Callback,definition-present,yes-static,65,10,unknown,noice-evidence.json#/rows/615,False,unknown
noice,bbb21d7321668031774b5fc2e44ce632d7b2538853e09083a258f127631e845d,direct-framework-reference,,android/view/WindowId,definition-present,unknown,4,0,unknown,noice-evidence.json#/rows/616,False,unknown
noice,bbb21d7321668031774b5fc2e44ce632d7b2538853e09083a258f127631e845d,direct-framework-reference,,android/view/WindowInsets,definition-present,unknown,54,0,unknown,noice-evidence.json#/rows/617,False,unknown
noice,bbb21d7321668031774b5fc2e44ce632d7b2538853e09083a258f127631e845d,direct-framework-reference,,android/view/WindowInsets$Builder,definition-present,unknown,8,0,unknown,noice-evidence.json#/rows/618,False,unknown
noice,bbb21d7321668031774b5fc2e44ce632d7b2538853e09083a258f127631e845d,direct-framework-reference,,android/view/WindowInsets$Type,definition-present,unknown,8,0,unknown,noice-evidence.json#/rows/619,False,unknown
noice,bbb21d7321668031774b5fc2e44ce632d7b2538853e09083a258f127631e845d,direct-framework-reference,,android/view/WindowInsetsController,definition-present,unknown,20,0,unknown,noice-evidence.json#/rows/620,False,unknown
noice,bbb21d7321668031774b5fc2e44ce632d7b2538853e09083a258f127631e845d,direct-framework-reference,,android/view/WindowManager,definition-present,yes-static,8,1,unknown,noice-evidence.json#/rows/621,False,unknown
noice,bbb21d7321668031774b5fc2e44ce632d7b2538853e09083a258f127631e845d,direct-framework-reference,,android/view/WindowManager$LayoutParams,definition-present,unknown,9,0,unknown,noice-evidence.json#/rows/622,False,unknown
noice,bbb21d7321668031774b5fc2e44ce632d7b2538853e09083a258f127631e845d,direct-framework-reference,,android/view/accessibility/AccessibilityEvent,definition-present,yes-static,44,2,unknown,noice-evidence.json#/rows/623,False,unknown
noice,bbb21d7321668031774b5fc2e44ce632d7b2538853e09083a258f127631e845d,direct-framework-reference,,android/view/accessibility/AccessibilityManager,definition-present,yes-static,39,5,unknown,noice-evidence.json#/rows/624,False,unknown
noice,bbb21d7321668031774b5fc2e44ce632d7b2538853e09083a258f127631e845d,direct-framework-reference,,android/view/accessibility/AccessibilityNodeInfo,definition-present,unknown,75,0,unknown,noice-evidence.json#/rows/625,False,unknown
noice,bbb21d7321668031774b5fc2e44ce632d7b2538853e09083a258f127631e845d,direct-framework-reference,,android/view/accessibility/AccessibilityNodeInfo$AccessibilityAction,definition-present,unknown,23,0,unknown,noice-evidence.json#/rows/626,False,unknown
noice,bbb21d7321668031774b5fc2e44ce632d7b2538853e09083a258f127631e845d,direct-framework-reference,,android/view/accessibility/AccessibilityNodeInfo$CollectionInfo,definition-present,unknown,7,0,unknown,noice-evidence.json#/rows/627,False,unknown
noice,bbb21d7321668031774b5fc2e44ce632d7b2538853e09083a258f127631e845d,direct-framework-reference,,android/view/accessibility/AccessibilityNodeInfo$CollectionItemInfo,definition-present,unknown,4,0,unknown,noice-evidence.json#/rows/628,False,unknown
noice,bbb21d7321668031774b5fc2e44ce632d7b2538853e09083a258f127631e845d,direct-framework-reference,,android/view/accessibility/AccessibilityNodeInfo$RangeInfo,definition-present,unknown,1,0,unknown,noice-evidence.json#/rows/629,False,unknown
noice,bbb21d7321668031774b5fc2e44ce632d7b2538853e09083a258f127631e845d,direct-framework-reference,,android/view/accessibility/AccessibilityNodeProvider,definition-present,unknown,5,0,unknown,noice-evidence.json#/rows/630,False,unknown
noice,bbb21d7321668031774b5fc2e44ce632d7b2538853e09083a258f127631e845d,direct-framework-reference,,android/view/accessibility/AccessibilityRecord,definition-present,yes-static,21,1,unknown,noice-evidence.json#/rows/631,False,unknown
noice,bbb21d7321668031774b5fc2e44ce632d7b2538853e09083a258f127631e845d,direct-framework-reference,,android/view/accessibility/CaptioningManager,definition-present,unknown,2,0,unknown,noice-evidence.json#/rows/632,False,unknown
noice,bbb21d7321668031774b5fc2e44ce632d7b2538853e09083a258f127631e845d,direct-framework-reference,,android/view/animation/AccelerateDecelerateInterpolator,definition-present,unknown,4,0,unknown,noice-evidence.json#/rows/633,False,unknown
noice,bbb21d7321668031774b5fc2e44ce632d7b2538853e09083a258f127631e845d,direct-framework-reference,,android/view/animation/AccelerateInterpolator,definition-present,yes-static,5,2,unknown,noice-evidence.json#/rows/634,False,unknown
noice,bbb21d7321668031774b5fc2e44ce632d7b2538853e09083a258f127631e845d,direct-framework-reference,,android/view/animation/AlphaAnimation,definition-present,unknown,4,0,unknown,noice-evidence.json#/rows/635,False,unknown
noice,bbb21d7321668031774b5fc2e44ce632d7b2538853e09083a258f127631e845d,direct-framework-reference,,android/view/animation/Animation,definition-present,yes-static,25,5,unknown,noice-evidence.json#/rows/636,False,unknown
noice,bbb21d7321668031774b5fc2e44ce632d7b2538853e09083a258f127631e845d,direct-framework-reference,,android/view/animation/Animation$AnimationListener,definition-present,unknown,7,0,unknown,noice-evidence.json#/rows/637,False,unknown
noice,bbb21d7321668031774b5fc2e44ce632d7b2538853e09083a258f127631e845d,direct-framework-reference,,android/view/animation/AnimationSet,definition-present,yes-static,5,1,unknown,noice-evidence.json#/rows/638,False,unknown
noice,bbb21d7321668031774b5fc2e44ce632d7b2538853e09083a258f127631e845d,direct-framework-reference,,android/view/animation/AnimationUtils,definition-present,yes-static,9,2,unknown,noice-evidence.json#/rows/639,False,unknown
noice,bbb21d7321668031774b5fc2e44ce632d7b2538853e09083a258f127631e845d,direct-framework-reference,,android/view/animation/DecelerateInterpolator,definition-present,yes-static,14,2,unknown,noice-evidence.json#/rows/640,False,unknown
noice,bbb21d7321668031774b5fc2e44ce632d7b2538853e09083a258f127631e845d,direct-framework-reference,,android/view/animation/Interpolator,definition-present,yes-static,48,4,unknown,noice-evidence.json#/rows/641,False,unknown
noice,bbb21d7321668031774b5fc2e44ce632d7b2538853e09083a258f127631e845d,direct-framework-reference,,android/view/animation/LinearInterpolator,definition-present,yes-static,19,1,unknown,noice-evidence.json#/rows/642,False,unknown
noice,bbb21d7321668031774b5fc2e44ce632d7b2538853e09083a258f127631e845d,direct-framework-reference,,android/view/animation/PathInterpolator,definition-present,yes-static,4,3,unknown,noice-evidence.json#/rows/643,False,unknown
noice,bbb21d7321668031774b5fc2e44ce632d7b2538853e09083a258f127631e845d,direct-framework-reference,,android/view/animation/Transformation,definition-present,unknown,2,0,unknown,noice-evidence.json#/rows/644,False,unknown
noice,bbb21d7321668031774b5fc2e44ce632d7b2538853e09083a258f127631e845d,direct-framework-reference,,android/view/animation/TranslateAnimation,definition-present,unknown,2,0,unknown,noice-evidence.json#/rows/645,False,unknown
noice,bbb21d7321668031774b5fc2e44ce632d7b2538853e09083a258f127631e845d,direct-framework-reference,,android/view/autofill/AutofillId,definition-present,unknown,1,0,unknown,noice-evidence.json#/rows/646,False,unknown
noice,bbb21d7321668031774b5fc2e44ce632d7b2538853e09083a258f127631e845d,direct-framework-reference,,android/view/autofill/AutofillManager,definition-present,unknown,2,0,unknown,noice-evidence.json#/rows/647,False,unknown
noice,bbb21d7321668031774b5fc2e44ce632d7b2538853e09083a258f127631e845d,direct-framework-reference,,android/view/inputmethod/EditorInfo,definition-present,unknown,15,0,unknown,noice-evidence.json#/rows/648,False,unknown
noice,bbb21d7321668031774b5fc2e44ce632d7b2538853e09083a258f127631e845d,direct-framework-reference,,android/view/inputmethod/InputConnection,definition-present,unknown,14,0,unknown,noice-evidence.json#/rows/649,False,unknown
noice,bbb21d7321668031774b5fc2e44ce632d7b2538853e09083a258f127631e845d,direct-framework-reference,,android/view/inputmethod/InputConnectionWrapper,definition-present,unknown,7,0,unknown,noice-evidence.json#/rows/650,False,unknown
noice,bbb21d7321668031774b5fc2e44ce632d7b2538853e09083a258f127631e845d,direct-framework-reference,,android/view/inputmethod/InputContentInfo,definition-present,unknown,13,0,unknown,noice-evidence.json#/rows/651,False,unknown
noice,bbb21d7321668031774b5fc2e44ce632d7b2538853e09083a258f127631e845d,direct-framework-reference,,android/view/inputmethod/InputMethodManager,definition-present,unknown,8,0,unknown,noice-evidence.json#/rows/652,False,unknown
noice,bbb21d7321668031774b5fc2e44ce632d7b2538853e09083a258f127631e845d,direct-framework-reference,,android/view/textclassifier/TextClassificationManager,definition-present,unknown,2,0,unknown,noice-evidence.json#/rows/653,False,unknown
noice,bbb21d7321668031774b5fc2e44ce632d7b2538853e09083a258f127631e845d,direct-framework-reference,,android/view/textclassifier/TextClassifier,definition-present,unknown,9,0,unknown,noice-evidence.json#/rows/654,False,unknown
noice,bbb21d7321668031774b5fc2e44ce632d7b2538853e09083a258f127631e845d,direct-framework-reference,,android/view/textservice/TextServicesManager,definition-present,unknown,1,0,unknown,noice-evidence.json#/rows/655,False,unknown
noice,bbb21d7321668031774b5fc2e44ce632d7b2538853e09083a258f127631e845d,direct-framework-reference,,android/widget/AbsListView,definition-present,unknown,25,0,unknown,noice-evidence.json#/rows/656,False,unknown
noice,bbb21d7321668031774b5fc2e44ce632d7b2538853e09083a258f127631e845d,direct-framework-reference,,android/widget/AbsSeekBar,definition-present,unknown,2,0,unknown,noice-evidence.json#/rows/657,False,unknown
noice,bbb21d7321668031774b5fc2e44ce632d7b2538853e09083a258f127631e845d,direct-framework-reference,,android/widget/AbsSpinner,definition-present,unknown,1,0,unknown,noice-evidence.json#/rows/658,False,unknown
noice,bbb21d7321668031774b5fc2e44ce632d7b2538853e09083a258f127631e845d,direct-framework-reference,,android/widget/Adapter,definition-present,unknown,16,0,unknown,noice-evidence.json#/rows/659,False,unknown
noice,bbb21d7321668031774b5fc2e44ce632d7b2538853e09083a258f127631e845d,direct-framework-reference,,android/widget/AdapterView,definition-present,unknown,32,0,unknown,noice-evidence.json#/rows/660,False,unknown
noice,bbb21d7321668031774b5fc2e44ce632d7b2538853e09083a258f127631e845d,direct-framework-reference,,android/widget/AdapterView$OnItemClickListener,definition-present,unknown,6,0,unknown,noice-evidence.json#/rows/661,False,unknown
noice,bbb21d7321668031774b5fc2e44ce632d7b2538853e09083a258f127631e845d,direct-framework-reference,,android/widget/AdapterView$OnItemSelectedListener,definition-present,unknown,2,0,unknown,noice-evidence.json#/rows/662,False,unknown
noice,bbb21d7321668031774b5fc2e44ce632d7b2538853e09083a258f127631e845d,direct-framework-reference,,android/widget/ArrayAdapter,definition-present,unknown,20,0,unknown,noice-evidence.json#/rows/663,False,unknown
noice,bbb21d7321668031774b5fc2e44ce632d7b2538853e09083a258f127631e845d,direct-framework-reference,,android/widget/AutoCompleteTextView,definition-present,unknown,60,0,unknown,noice-evidence.json#/rows/664,False,unknown
noice,bbb21d7321668031774b5fc2e44ce632d7b2538853e09083a258f127631e845d,direct-framework-reference,,android/widget/BaseAdapter,definition-present,unknown,20,0,unknown,noice-evidence.json#/rows/665,False,unknown
noice,bbb21d7321668031774b5fc2e44ce632d7b2538853e09083a258f127631e845d,direct-framework-reference,,android/widget/Button,definition-present,yes-static,137,1,unknown,noice-evidence.json#/rows/666,False,unknown
noice,bbb21d7321668031774b5fc2e44ce632d7b2538853e09083a258f127631e845d,direct-framework-reference,,android/widget/CheckBox,definition-present,unknown,61,0,unknown,noice-evidence.json#/rows/667,False,unknown
noice,bbb21d7321668031774b5fc2e44ce632d7b2538853e09083a258f127631e845d,direct-framework-reference,,android/widget/Checkable,definition-present,unknown,7,0,unknown,noice-evidence.json#/rows/668,False,unknown
noice,bbb21d7321668031774b5fc2e44ce632d7b2538853e09083a258f127631e845d,direct-framework-reference,,android/widget/CheckedTextView,definition-present,unknown,33,0,unknown,noice-evidence.json#/rows/669,False,unknown
noice,bbb21d7321668031774b5fc2e44ce632d7b2538853e09083a258f127631e845d,direct-framework-reference,,android/widget/CompoundButton,definition-present,unknown,69,0,unknown,noice-evidence.json#/rows/670,False,unknown
noice,bbb21d7321668031774b5fc2e44ce632d7b2538853e09083a258f127631e845d,direct-framework-reference,,android/widget/CompoundButton$OnCheckedChangeListener,definition-present,unknown,8,0,unknown,noice-evidence.json#/rows/671,False,unknown
noice,bbb21d7321668031774b5fc2e44ce632d7b2538853e09083a258f127631e845d,direct-framework-reference,,android/widget/EdgeEffect,definition-present,unknown,37,0,unknown,noice-evidence.json#/rows/672,False,unknown
noice,bbb21d7321668031774b5fc2e44ce632d7b2538853e09083a258f127631e845d,direct-framework-reference,,android/widget/EditText,definition-present,unknown,112,0,unknown,noice-evidence.json#/rows/673,False,unknown
noice,bbb21d7321668031774b5fc2e44ce632d7b2538853e09083a258f127631e845d,direct-framework-reference,,android/widget/Filter,definition-present,unknown,4,0,unknown,noice-evidence.json#/rows/674,False,unknown
noice,bbb21d7321668031774b5fc2e44ce632d7b2538853e09083a258f127631e845d,direct-framework-reference,,android/widget/Filter$FilterResults,definition-present,unknown,5,0,unknown,noice-evidence.json#/rows/675,False,unknown
noice,bbb21d7321668031774b5fc2e44ce632d7b2538853e09083a258f127631e845d,direct-framework-reference,,android/widget/FrameLayout,definition-present,yes-static,176,3,unknown,noice-evidence.json#/rows/676,False,unknown
noice,bbb21d7321668031774b5fc2e44ce632d7b2538853e09083a258f127631e845d,direct-framework-reference,,android/widget/FrameLayout$LayoutParams,definition-present,unknown,25,0,unknown,noice-evidence.json#/rows/677,False,unknown
noice,bbb21d7321668031774b5fc2e44ce632d7b2538853e09083a258f127631e845d,direct-framework-reference,,android/widget/GridView,definition-present,unknown,12,0,unknown,noice-evidence.json#/rows/678,False,unknown
noice,bbb21d7321668031774b5fc2e44ce632d7b2538853e09083a258f127631e845d,direct-framework-reference,,android/widget/HeaderViewListAdapter,definition-present,unknown,5,0,unknown,noice-evidence.json#/rows/679,False,unknown
noice,bbb21d7321668031774b5fc2e44ce632d7b2538853e09083a258f127631e845d,direct-framework-reference,,android/widget/HorizontalScrollView,definition-present,unknown,4,0,unknown,noice-evidence.json#/rows/680,False,unknown
noice,bbb21d7321668031774b5fc2e44ce632d7b2538853e09083a258f127631e845d,direct-framework-reference,,android/widget/ImageButton,definition-present,yes-static,53,1,unknown,noice-evidence.json#/rows/681,False,unknown
noice,bbb21d7321668031774b5fc2e44ce632d7b2538853e09083a258f127631e845d,direct-framework-reference,,android/widget/ImageView,definition-present,yes-static,132,11,unknown,noice-evidence.json#/rows/682,False,unknown
noice,bbb21d7321668031774b5fc2e44ce632d7b2538853e09083a258f127631e845d,direct-framework-reference,,android/widget/ImageView$ScaleType,definition-present,unknown,15,0,unknown,noice-evidence.json#/rows/683,False,unknown
noice,bbb21d7321668031774b5fc2e44ce632d7b2538853e09083a258f127631e845d,direct-framework-reference,,android/widget/LinearLayout,definition-present,yes-static,134,1,unknown,noice-evidence.json#/rows/684,False,unknown
noice,bbb21d7321668031774b5fc2e44ce632d7b2538853e09083a258f127631e845d,direct-framework-reference,,android/widget/LinearLayout$LayoutParams,definition-present,unknown,43,0,unknown,noice-evidence.json#/rows/685,False,unknown
noice,bbb21d7321668031774b5fc2e44ce632d7b2538853e09083a258f127631e845d,direct-framework-reference,,android/widget/ListAdapter,definition-present,unknown,42,0,unknown,noice-evidence.json#/rows/686,False,unknown
noice,bbb21d7321668031774b5fc2e44ce632d7b2538853e09083a258f127631e845d,direct-framework-reference,,android/widget/ListView,definition-present,unknown,35,0,unknown,noice-evidence.json#/rows/687,False,unknown
noice,bbb21d7321668031774b5fc2e44ce632d7b2538853e09083a258f127631e845d,direct-framework-reference,,android/widget/MultiAutoCompleteTextView,definition-present,unknown,9,0,unknown,noice-evidence.json#/rows/688,False,unknown
noice,bbb21d7321668031774b5fc2e44ce632d7b2538853e09083a258f127631e845d,direct-framework-reference,,android/widget/OverScroller,definition-present,unknown,26,0,unknown,noice-evidence.json#/rows/689,False,unknown
noice,bbb21d7321668031774b5fc2e44ce632d7b2538853e09083a258f127631e845d,direct-framework-reference,,android/widget/PopupWindow,definition-present,unknown,50,0,unknown,noice-evidence.json#/rows/690,False,unknown
noice,bbb21d7321668031774b5fc2e44ce632d7b2538853e09083a258f127631e845d,direct-framework-reference,,android/widget/PopupWindow$OnDismissListener,definition-present,unknown,8,0,unknown,noice-evidence.json#/rows/691,False,unknown
noice,bbb21d7321668031774b5fc2e44ce632d7b2538853e09083a258f127631e845d,direct-framework-reference,,android/widget/ProgressBar,definition-present,unknown,46,0,unknown,noice-evidence.json#/rows/692,False,unknown
noice,bbb21d7321668031774b5fc2e44ce632d7b2538853e09083a258f127631e845d,direct-framework-reference,,android/widget/RadioButton,definition-present,unknown,13,0,unknown,noice-evidence.json#/rows/693,False,unknown
noice,bbb21d7321668031774b5fc2e44ce632d7b2538853e09083a258f127631e845d,direct-framework-reference,,android/widget/RatingBar,definition-present,unknown,2,0,unknown,noice-evidence.json#/rows/694,False,unknown
noice,bbb21d7321668031774b5fc2e44ce632d7b2538853e09083a258f127631e845d,direct-framework-reference,,android/widget/RelativeLayout,definition-present,unknown,6,0,unknown,noice-evidence.json#/rows/695,False,unknown
noice,bbb21d7321668031774b5fc2e44ce632d7b2538853e09083a258f127631e845d,direct-framework-reference,,android/widget/RemoteViews,definition-present,yes-static,1,1,unknown,noice-evidence.json#/rows/696,False,unknown
noice,bbb21d7321668031774b5fc2e44ce632d7b2538853e09083a258f127631e845d,direct-framework-reference,,android/widget/ScrollView,definition-present,unknown,12,0,unknown,noice-evidence.json#/rows/697,False,unknown
noice,bbb21d7321668031774b5fc2e44ce632d7b2538853e09083a258f127631e845d,direct-framework-reference,,android/widget/Scroller,definition-present,unknown,11,0,unknown,noice-evidence.json#/rows/698,False,unknown
noice,bbb21d7321668031774b5fc2e44ce632d7b2538853e09083a258f127631e845d,direct-framework-reference,,android/widget/SeekBar,definition-present,unknown,23,0,unknown,noice-evidence.json#/rows/699,False,unknown
noice,bbb21d7321668031774b5fc2e44ce632d7b2538853e09083a258f127631e845d,direct-framework-reference,,android/widget/Spinner,definition-present,unknown,24,0,unknown,noice-evidence.json#/rows/700,False,unknown
noice,bbb21d7321668031774b5fc2e44ce632d7b2538853e09083a258f127631e845d,direct-framework-reference,,android/widget/SpinnerAdapter,definition-present,unknown,14,0,unknown,noice-evidence.json#/rows/701,False,unknown
noice,bbb21d7321668031774b5fc2e44ce632d7b2538853e09083a258f127631e845d,direct-framework-reference,,android/widget/Switch,definition-present,unknown,1,0,unknown,noice-evidence.json#/rows/702,False,unknown
noice,bbb21d7321668031774b5fc2e44ce632d7b2538853e09083a258f127631e845d,direct-framework-reference,,android/widget/TextView,definition-present,yes-static,492,10,unknown,noice-evidence.json#/rows/703,False,unknown
noice,bbb21d7321668031774b5fc2e44ce632d7b2538853e09083a258f127631e845d,direct-framework-reference,,android/widget/TextView$BufferType,definition-present,unknown,4,0,unknown,noice-evidence.json#/rows/704,False,unknown
noice,bbb21d7321668031774b5fc2e44ce632d7b2538853e09083a258f127631e845d,direct-framework-reference,,android/widget/ThemedSpinnerAdapter,definition-present,unknown,4,0,unknown,noice-evidence.json#/rows/705,False,unknown
noice,bbb21d7321668031774b5fc2e44ce632d7b2538853e09083a258f127631e845d,direct-framework-reference,,android/widget/Toast,definition-present,unknown,5,0,unknown,noice-evidence.json#/rows/706,False,unknown
noice,bbb21d7321668031774b5fc2e44ce632d7b2538853e09083a258f127631e845d,direct-framework-reference,,android/widget/ToggleButton,definition-present,unknown,12,0,unknown,noice-evidence.json#/rows/707,False,unknown
noice,bbb21d7321668031774b5fc2e44ce632d7b2538853e09083a258f127631e845d,direct-framework-reference,,android/window/OnBackInvokedCallback,definition-present,yes-static,11,8,unknown,noice-evidence.json#/rows/708,False,unknown
noice,bbb21d7321668031774b5fc2e44ce632d7b2538853e09083a258f127631e845d,direct-framework-reference,,android/window/OnBackInvokedDispatcher,definition-present,yes-static,15,10,unknown,noice-evidence.json#/rows/709,False,unknown
noice,bbb21d7321668031774b5fc2e44ce632d7b2538853e09083a258f127631e845d,direct-framework-reference,,java/io/BufferedInputStream,definition-present,unknown,6,0,unknown,noice-evidence.json#/rows/710,False,unknown
noice,bbb21d7321668031774b5fc2e44ce632d7b2538853e09083a258f127631e845d,direct-framework-reference,,java/io/BufferedOutputStream,definition-present,unknown,4,0,unknown,noice-evidence.json#/rows/711,False,unknown
noice,bbb21d7321668031774b5fc2e44ce632d7b2538853e09083a258f127631e845d,direct-framework-reference,,java/io/BufferedReader,definition-present,unknown,2,0,unknown,noice-evidence.json#/rows/712,False,unknown
noice,bbb21d7321668031774b5fc2e44ce632d7b2538853e09083a258f127631e845d,direct-framework-reference,,java/io/ByteArrayInputStream,definition-present,unknown,11,0,unknown,noice-evidence.json#/rows/713,False,unknown
noice,bbb21d7321668031774b5fc2e44ce632d7b2538853e09083a258f127631e845d,direct-framework-reference,,java/io/ByteArrayOutputStream,definition-present,yes-static,13,1,unknown,noice-evidence.json#/rows/714,False,unknown
noice,bbb21d7321668031774b5fc2e44ce632d7b2538853e09083a258f127631e845d,direct-framework-reference,,java/io/Closeable,definition-present,yes-static,44,2,unknown,noice-evidence.json#/rows/715,False,unknown
noice,bbb21d7321668031774b5fc2e44ce632d7b2538853e09083a258f127631e845d,direct-framework-reference,,java/io/DataInputStream,definition-present,unknown,6,0,unknown,noice-evidence.json#/rows/716,False,unknown
noice,bbb21d7321668031774b5fc2e44ce632d7b2538853e09083a258f127631e845d,direct-framework-reference,,java/io/DataOutputStream,definition-present,unknown,5,0,unknown,noice-evidence.json#/rows/717,False,unknown
noice,bbb21d7321668031774b5fc2e44ce632d7b2538853e09083a258f127631e845d,direct-framework-reference,,java/io/EOFException,definition-present,unknown,21,0,unknown,noice-evidence.json#/rows/718,False,unknown
noice,bbb21d7321668031774b5fc2e44ce632d7b2538853e09083a258f127631e845d,direct-framework-reference,,java/io/File,definition-present,yes-static,77,1,unknown,noice-evidence.json#/rows/719,False,unknown
noice,bbb21d7321668031774b5fc2e44ce632d7b2538853e09083a258f127631e845d,direct-framework-reference,,java/io/FileDescriptor,definition-present,unknown,11,0,unknown,noice-evidence.json#/rows/720,False,unknown
noice,bbb21d7321668031774b5fc2e44ce632d7b2538853e09083a258f127631e845d,direct-framework-reference,,java/io/FileInputStream,definition-present,yes-static,13,1,unknown,noice-evidence.json#/rows/721,False,unknown
noice,bbb21d7321668031774b5fc2e44ce632d7b2538853e09083a258f127631e845d,direct-framework-reference,,java/io/FileNotFoundException,definition-present,unknown,9,0,unknown,noice-evidence.json#/rows/722,False,unknown
noice,bbb21d7321668031774b5fc2e44ce632d7b2538853e09083a258f127631e845d,direct-framework-reference,,java/io/FileOutputStream,definition-present,unknown,16,0,unknown,noice-evidence.json#/rows/723,False,unknown
noice,bbb21d7321668031774b5fc2e44ce632d7b2538853e09083a258f127631e845d,direct-framework-reference,,java/io/IOException,definition-present,yes-static,181,1,unknown,noice-evidence.json#/rows/724,False,unknown
noice,bbb21d7321668031774b5fc2e44ce632d7b2538853e09083a258f127631e845d,direct-framework-reference,,java/io/InputStream,definition-present,yes-static,66,2,unknown,noice-evidence.json#/rows/725,False,unknown
noice,bbb21d7321668031774b5fc2e44ce632d7b2538853e09083a258f127631e845d,direct-framework-reference,,java/io/InputStreamReader,definition-present,unknown,5,0,unknown,noice-evidence.json#/rows/726,False,unknown
noice,bbb21d7321668031774b5fc2e44ce632d7b2538853e09083a258f127631e845d,direct-framework-reference,,java/io/InterruptedIOException,definition-present,unknown,14,0,unknown,noice-evidence.json#/rows/727,False,unknown
noice,bbb21d7321668031774b5fc2e44ce632d7b2538853e09083a258f127631e845d,direct-framework-reference,,java/io/ObjectInputStream,definition-present,unknown,3,0,unknown,noice-evidence.json#/rows/728,False,unknown
noice,bbb21d7321668031774b5fc2e44ce632d7b2538853e09083a258f127631e845d,direct-framework-reference,,java/io/ObjectOutputStream,definition-present,yes-static,2,1,unknown,noice-evidence.json#/rows/729,False,unknown
noice,bbb21d7321668031774b5fc2e44ce632d7b2538853e09083a258f127631e845d,direct-framework-reference,,java/io/ObjectStreamClass,definition-present,unknown,1,0,unknown,noice-evidence.json#/rows/730,False,unknown
noice,bbb21d7321668031774b5fc2e44ce632d7b2538853e09083a258f127631e845d,direct-framework-reference,,java/io/OutputStream,definition-present,yes-static,38,1,unknown,noice-evidence.json#/rows/731,False,unknown
noice,bbb21d7321668031774b5fc2e44ce632d7b2538853e09083a258f127631e845d,direct-framework-reference,,java/io/OutputStreamWriter,definition-present,unknown,2,0,unknown,noice-evidence.json#/rows/732,False,unknown
noice,bbb21d7321668031774b5fc2e44ce632d7b2538853e09083a258f127631e845d,direct-framework-reference,,java/io/PrintStream,definition-present,unknown,5,0,unknown,noice-evidence.json#/rows/733,False,unknown
noice,bbb21d7321668031774b5fc2e44ce632d7b2538853e09083a258f127631e845d,direct-framework-reference,,java/io/PrintWriter,definition-present,yes-static,9,2,unknown,noice-evidence.json#/rows/734,False,unknown
noice,bbb21d7321668031774b5fc2e44ce632d7b2538853e09083a258f127631e845d,direct-framework-reference,,java/io/RandomAccessFile,definition-present,unknown,3,0,unknown,noice-evidence.json#/rows/735,False,unknown
noice,bbb21d7321668031774b5fc2e44ce632d7b2538853e09083a258f127631e845d,direct-framework-reference,,java/io/Reader,definition-present,yes-static,16,4,unknown,noice-evidence.json#/rows/736,False,unknown
noice,bbb21d7321668031774b5fc2e44ce632d7b2538853e09083a258f127631e845d,direct-framework-reference,,java/io/Serializable,definition-present,yes-static,102,4,unknown,noice-evidence.json#/rows/737,False,unknown
noice,bbb21d7321668031774b5fc2e44ce632d7b2538853e09083a258f127631e845d,direct-framework-reference,,java/io/StringReader,definition-present,yes-static,3,2,unknown,noice-evidence.json#/rows/738,False,unknown
noice,bbb21d7321668031774b5fc2e44ce632d7b2538853e09083a258f127631e845d,direct-framework-reference,,java/io/StringWriter,definition-present,unknown,3,0,unknown,noice-evidence.json#/rows/739,False,unknown
noice,bbb21d7321668031774b5fc2e44ce632d7b2538853e09083a258f127631e845d,direct-framework-reference,,java/io/Writer,definition-present,yes-static,28,2,unknown,noice-evidence.json#/rows/740,False,unknown
noice,bbb21d7321668031774b5fc2e44ce632d7b2538853e09083a258f127631e845d,direct-framework-reference,,java/lang/Appendable,definition-present,unknown,5,0,unknown,noice-evidence.json#/rows/741,False,unknown
noice,bbb21d7321668031774b5fc2e44ce632d7b2538853e09083a258f127631e845d,direct-framework-reference,,java/lang/ArithmeticException,definition-present,yes-static,4,1,unknown,noice-evidence.json#/rows/742,False,unknown
noice,bbb21d7321668031774b5fc2e44ce632d7b2538853e09083a258f127631e845d,direct-framework-reference,,java/lang/ArrayIndexOutOfBoundsException,definition-present,yes-static,3,1,unknown,noice-evidence.json#/rows/743,False,unknown
noice,bbb21d7321668031774b5fc2e44ce632d7b2538853e09083a258f127631e845d,direct-framework-reference,,java/lang/AssertionError,definition-present,yes-static,93,3,unknown,noice-evidence.json#/rows/744,False,unknown
noice,bbb21d7321668031774b5fc2e44ce632d7b2538853e09083a258f127631e845d,direct-framework-reference,,java/lang/Boolean,definition-present,yes-static,412,31,unknown,noice-evidence.json#/rows/745,False,unknown
noice,bbb21d7321668031774b5fc2e44ce632d7b2538853e09083a258f127631e845d,direct-framework-reference,,java/lang/Byte,definition-present,yes-static,12,2,unknown,noice-evidence.json#/rows/746,False,unknown
noice,bbb21d7321668031774b5fc2e44ce632d7b2538853e09083a258f127631e845d,direct-framework-reference,,java/lang/CharSequence,definition-present,yes-static,980,52,unknown,noice-evidence.json#/rows/747,False,unknown
noice,bbb21d7321668031774b5fc2e44ce632d7b2538853e09083a258f127631e845d,direct-framework-reference,,java/lang/Character,definition-present,yes-static,56,5,unknown,noice-evidence.json#/rows/748,False,unknown
noice,bbb21d7321668031774b5fc2e44ce632d7b2538853e09083a258f127631e845d,direct-framework-reference,,java/lang/Class,definition-present,yes-static,2021,163,unknown,noice-evidence.json#/rows/749,False,unknown
noice,bbb21d7321668031774b5fc2e44ce632d7b2538853e09083a258f127631e845d,direct-framework-reference,,java/lang/ClassCastException,definition-present,yes-static,4,1,unknown,noice-evidence.json#/rows/750,False,unknown
noice,bbb21d7321668031774b5fc2e44ce632d7b2538853e09083a258f127631e845d,direct-framework-reference,,java/lang/ClassLoader,definition-present,yes-static,108,4,unknown,noice-evidence.json#/rows/751,False,unknown
noice,bbb21d7321668031774b5fc2e44ce632d7b2538853e09083a258f127631e845d,direct-framework-reference,,java/lang/ClassNotFoundException,definition-present,unknown,1,0,unknown,noice-evidence.json#/rows/752,False,unknown
noice,bbb21d7321668031774b5fc2e44ce632d7b2538853e09083a258f127631e845d,direct-framework-reference,,java/lang/Comparable,definition-present,unknown,25,0,unknown,noice-evidence.json#/rows/753,False,unknown
noice,bbb21d7321668031774b5fc2e44ce632d7b2538853e09083a258f127631e845d,direct-framework-reference,,java/lang/Double,definition-present,yes-static,54,3,unknown,noice-evidence.json#/rows/754,False,unknown
noice,bbb21d7321668031774b5fc2e44ce632d7b2538853e09083a258f127631e845d,direct-framework-reference,,java/lang/Enum,definition-present,yes-static,289,23,unknown,noice-evidence.json#/rows/755,False,unknown
noice,bbb21d7321668031774b5fc2e44ce632d7b2538853e09083a258f127631e845d,direct-framework-reference,,java/lang/Error,definition-present,yes-static,5,2,unknown,noice-evidence.json#/rows/756,False,unknown
noice,bbb21d7321668031774b5fc2e44ce632d7b2538853e09083a258f127631e845d,direct-framework-reference,,java/lang/Exception,definition-present,yes-static,125,13,unknown,noice-evidence.json#/rows/757,False,unknown
noice,bbb21d7321668031774b5fc2e44ce632d7b2538853e09083a258f127631e845d,direct-framework-reference,,java/lang/Float,definition-present,yes-static,165,7,unknown,noice-evidence.json#/rows/758,False,unknown
noice,bbb21d7321668031774b5fc2e44ce632d7b2538853e09083a258f127631e845d,direct-framework-reference,,java/lang/IllegalArgumentException,definition-present,yes-static,501,55,unknown,noice-evidence.json#/rows/759,False,unknown
noice,bbb21d7321668031774b5fc2e44ce632d7b2538853e09083a258f127631e845d,direct-framework-reference,,java/lang/IllegalStateException,definition-present,yes-static,985,60,unknown,noice-evidence.json#/rows/760,False,unknown
noice,bbb21d7321668031774b5fc2e44ce632d7b2538853e09083a258f127631e845d,direct-framework-reference,,java/lang/IndexOutOfBoundsException,definition-present,yes-static,36,2,unknown,noice-evidence.json#/rows/761,False,unknown
noice,bbb21d7321668031774b5fc2e44ce632d7b2538853e09083a258f127631e845d,direct-framework-reference,,java/lang/Integer,definition-present,yes-static,598,43,unknown,noice-evidence.json#/rows/762,False,unknown
noice,bbb21d7321668031774b5fc2e44ce632d7b2538853e09083a258f127631e845d,direct-framework-reference,,java/lang/InterruptedException,definition-present,unknown,6,0,unknown,noice-evidence.json#/rows/763,False,unknown
noice,bbb21d7321668031774b5fc2e44ce632d7b2538853e09083a258f127631e845d,direct-framework-reference,,java/lang/Iterable,definition-present,yes-static,158,16,unknown,noice-evidence.json#/rows/764,False,unknown
noice,bbb21d7321668031774b5fc2e44ce632d7b2538853e09083a258f127631e845d,direct-framework-reference,,java/lang/LinkageError,definition-present,unknown,1,0,unknown,noice-evidence.json#/rows/765,False,unknown
noice,bbb21d7321668031774b5fc2e44ce632d7b2538853e09083a258f127631e845d,direct-framework-reference,,java/lang/Long,definition-present,yes-static,147,9,unknown,noice-evidence.json#/rows/766,False,unknown
noice,bbb21d7321668031774b5fc2e44ce632d7b2538853e09083a258f127631e845d,direct-framework-reference,,java/lang/Math,definition-present,yes-static,580,24,unknown,noice-evidence.json#/rows/767,False,unknown
noice,bbb21d7321668031774b5fc2e44ce632d7b2538853e09083a258f127631e845d,direct-framework-reference,,java/lang/NoClassDefFoundError,definition-present,unknown,3,0,unknown,noice-evidence.json#/rows/768,False,unknown
noice,bbb21d7321668031774b5fc2e44ce632d7b2538853e09083a258f127631e845d,direct-framework-reference,,java/lang/NullPointerException,definition-present,yes-static,118,17,unknown,noice-evidence.json#/rows/769,False,unknown
noice,bbb21d7321668031774b5fc2e44ce632d7b2538853e09083a258f127631e845d,direct-framework-reference,,java/lang/Number,definition-present,yes-static,115,4,unknown,noice-evidence.json#/rows/770,False,unknown
noice,bbb21d7321668031774b5fc2e44ce632d7b2538853e09083a258f127631e845d,direct-framework-reference,,java/lang/NumberFormatException,definition-present,unknown,8,0,unknown,noice-evidence.json#/rows/771,False,unknown
noice,bbb21d7321668031774b5fc2e44ce632d7b2538853e09083a258f127631e845d,direct-framework-reference,,java/lang/Object,definition-present,yes-static,11489,947,unknown,noice-evidence.json#/rows/772,False,unknown
noice,bbb21d7321668031774b5fc2e44ce632d7b2538853e09083a258f127631e845d,direct-framework-reference,,java/lang/OutOfMemoryError,definition-present,yes-static,6,1,unknown,noice-evidence.json#/rows/773,False,unknown
noice,bbb21d7321668031774b5fc2e44ce632d7b2538853e09083a258f127631e845d,direct-framework-reference,,java/lang/Package,definition-present,yes-static,7,2,unknown,noice-evidence.json#/rows/774,False,unknown
noice,bbb21d7321668031774b5fc2e44ce632d7b2538853e09083a258f127631e845d,direct-framework-reference,,java/lang/Runnable,definition-present,yes-static,410,40,unknown,noice-evidence.json#/rows/775,False,unknown
noice,bbb21d7321668031774b5fc2e44ce632d7b2538853e09083a258f127631e845d,direct-framework-reference,,java/lang/Runtime,definition-present,yes-static,3,1,unknown,noice-evidence.json#/rows/776,False,unknown
noice,bbb21d7321668031774b5fc2e44ce632d7b2538853e09083a258f127631e845d,direct-framework-reference,,java/lang/RuntimeException,definition-present,yes-static,111,25,unknown,noice-evidence.json#/rows/777,False,unknown
noice,bbb21d7321668031774b5fc2e44ce632d7b2538853e09083a258f127631e845d,direct-framework-reference,,java/lang/Short,definition-present,yes-static,11,2,unknown,noice-evidence.json#/rows/778,False,unknown
noice,bbb21d7321668031774b5fc2e44ce632d7b2538853e09083a258f127631e845d,direct-framework-reference,,java/lang/StackTraceElement,definition-present,yes-static,10,2,unknown,noice-evidence.json#/rows/779,False,unknown
noice,bbb21d7321668031774b5fc2e44ce632d7b2538853e09083a258f127631e845d,direct-framework-reference,,java/lang/String,definition-present,yes-static,7212,495,unknown,noice-evidence.json#/rows/780,False,unknown
noice,bbb21d7321668031774b5fc2e44ce632d7b2538853e09083a258f127631e845d,direct-framework-reference,,java/lang/StringBuffer,definition-present,unknown,5,0,unknown,noice-evidence.json#/rows/781,False,unknown
noice,bbb21d7321668031774b5fc2e44ce632d7b2538853e09083a258f127631e845d,direct-framework-reference,,java/lang/StringBuilder,definition-present,yes-static,1296,130,unknown,noice-evidence.json#/rows/782,False,unknown
noice,bbb21d7321668031774b5fc2e44ce632d7b2538853e09083a258f127631e845d,direct-framework-reference,,java/lang/System,definition-present,yes-static,182,13,unknown,noice-evidence.json#/rows/783,False,unknown
noice,bbb21d7321668031774b5fc2e44ce632d7b2538853e09083a258f127631e845d,direct-framework-reference,,java/lang/Thread,definition-present,yes-static,96,11,unknown,noice-evidence.json#/rows/784,False,unknown
noice,bbb21d7321668031774b5fc2e44ce632d7b2538853e09083a258f127631e845d,direct-framework-reference,,java/lang/Thread$UncaughtExceptionHandler,definition-present,yes-static,4,2,unknown,noice-evidence.json#/rows/785,False,unknown
noice,bbb21d7321668031774b5fc2e44ce632d7b2538853e09083a258f127631e845d,direct-framework-reference,,java/lang/ThreadDeath,definition-present,unknown,1,0,unknown,noice-evidence.json#/rows/786,False,unknown
noice,bbb21d7321668031774b5fc2e44ce632d7b2538853e09083a258f127631e845d,direct-framework-reference,,java/lang/ThreadLocal,definition-present,yes-static,72,12,unknown,noice-evidence.json#/rows/787,False,unknown
noice,bbb21d7321668031774b5fc2e44ce632d7b2538853e09083a258f127631e845d,direct-framework-reference,,java/lang/Throwable,definition-present,yes-static,738,88,unknown,noice-evidence.json#/rows/788,False,unknown
noice,bbb21d7321668031774b5fc2e44ce632d7b2538853e09083a258f127631e845d,direct-framework-reference,,java/lang/UnsupportedClassVersionError,definition-present,unknown,1,0,unknown,noice-evidence.json#/rows/789,False,unknown
noice,bbb21d7321668031774b5fc2e44ce632d7b2538853e09083a258f127631e845d,direct-framework-reference,,java/lang/UnsupportedOperationException,definition-present,yes-static,185,1,unknown,noice-evidence.json#/rows/790,False,unknown
noice,bbb21d7321668031774b5fc2e44ce632d7b2538853e09083a258f127631e845d,direct-framework-reference,,java/lang/VirtualMachineError,definition-present,unknown,1,0,unknown,noice-evidence.json#/rows/791,False,unknown
noice,bbb21d7321668031774b5fc2e44ce632d7b2538853e09083a258f127631e845d,direct-framework-reference,,java/lang/Void,definition-present,yes-static,21,1,unknown,noice-evidence.json#/rows/792,False,unknown
noice,bbb21d7321668031774b5fc2e44ce632d7b2538853e09083a258f127631e845d,direct-framework-reference,,java/lang/annotation/Annotation,definition-present,yes-static,18,2,unknown,noice-evidence.json#/rows/793,False,unknown
noice,bbb21d7321668031774b5fc2e44ce632d7b2538853e09083a258f127631e845d,direct-framework-reference,,java/lang/invoke/MethodHandle,definition-present,unknown,4,0,unknown,noice-evidence.json#/rows/794,False,unknown
noice,bbb21d7321668031774b5fc2e44ce632d7b2538853e09083a258f127631e845d,direct-framework-reference,,java/lang/invoke/MethodHandles,definition-present,unknown,1,0,unknown,noice-evidence.json#/rows/795,False,unknown
noice,bbb21d7321668031774b5fc2e44ce632d7b2538853e09083a258f127631e845d,direct-framework-reference,,java/lang/invoke/MethodHandles$Lookup,definition-present,unknown,4,0,unknown,noice-evidence.json#/rows/796,False,unknown
noice,bbb21d7321668031774b5fc2e44ce632d7b2538853e09083a258f127631e845d,direct-framework-reference,,java/lang/ref/Reference,definition-present,yes-static,128,15,unknown,noice-evidence.json#/rows/797,False,unknown
noice,bbb21d7321668031774b5fc2e44ce632d7b2538853e09083a258f127631e845d,direct-framework-reference,,java/lang/ref/ReferenceQueue,definition-present,unknown,13,0,unknown,noice-evidence.json#/rows/798,False,unknown
noice,bbb21d7321668031774b5fc2e44ce632d7b2538853e09083a258f127631e845d,direct-framework-reference,,java/lang/ref/WeakReference,definition-present,yes-static,171,21,unknown,noice-evidence.json#/rows/799,False,unknown
noice,bbb21d7321668031774b5fc2e44ce632d7b2538853e09083a258f127631e845d,direct-framework-reference,,java/lang/reflect/AccessibleObject,definition-present,yes-static,56,6,unknown,noice-evidence.json#/rows/800,False,unknown
noice,bbb21d7321668031774b5fc2e44ce632d7b2538853e09083a258f127631e845d,direct-framework-reference,,java/lang/reflect/Array,definition-present,yes-static,22,2,unknown,noice-evidence.json#/rows/801,False,unknown
noice,bbb21d7321668031774b5fc2e44ce632d7b2538853e09083a258f127631e845d,direct-framework-reference,,java/lang/reflect/Constructor,definition-present,yes-static,56,8,unknown,noice-evidence.json#/rows/802,False,unknown
noice,bbb21d7321668031774b5fc2e44ce632d7b2538853e09083a258f127631e845d,direct-framework-reference,,java/lang/reflect/Field,definition-present,yes-static,51,3,unknown,noice-evidence.json#/rows/803,False,unknown
noice,bbb21d7321668031774b5fc2e44ce632d7b2538853e09083a258f127631e845d,direct-framework-reference,,java/lang/reflect/GenericArrayType,definition-present,yes-static,11,2,unknown,noice-evidence.json#/rows/804,False,unknown
noice,bbb21d7321668031774b5fc2e44ce632d7b2538853e09083a258f127631e845d,direct-framework-reference,,java/lang/reflect/GenericDeclaration,definition-present,unknown,4,0,unknown,noice-evidence.json#/rows/805,False,unknown
noice,bbb21d7321668031774b5fc2e44ce632d7b2538853e09083a258f127631e845d,direct-framework-reference,,java/lang/reflect/InvocationHandler,definition-present,unknown,3,0,unknown,noice-evidence.json#/rows/806,False,unknown
noice,bbb21d7321668031774b5fc2e44ce632d7b2538853e09083a258f127631e845d,direct-framework-reference,,java/lang/reflect/InvocationTargetException,definition-present,yes-static,11,1,unknown,noice-evidence.json#/rows/807,False,unknown
noice,bbb21d7321668031774b5fc2e44ce632d7b2538853e09083a258f127631e845d,direct-framework-reference,,java/lang/reflect/Member,definition-present,unknown,1,0,unknown,noice-evidence.json#/rows/808,False,unknown
noice,bbb21d7321668031774b5fc2e44ce632d7b2538853e09083a258f127631e845d,direct-framework-reference,,java/lang/reflect/Method,definition-present,yes-static,186,12,unknown,noice-evidence.json#/rows/809,False,unknown
noice,bbb21d7321668031774b5fc2e44ce632d7b2538853e09083a258f127631e845d,direct-framework-reference,,java/lang/reflect/Modifier,definition-present,yes-static,8,2,unknown,noice-evidence.json#/rows/810,False,unknown
noice,bbb21d7321668031774b5fc2e44ce632d7b2538853e09083a258f127631e845d,direct-framework-reference,,java/lang/reflect/ParameterizedType,definition-present,yes-static,22,3,unknown,noice-evidence.json#/rows/811,False,unknown
noice,bbb21d7321668031774b5fc2e44ce632d7b2538853e09083a258f127631e845d,direct-framework-reference,,java/lang/reflect/Proxy,definition-present,unknown,3,0,unknown,noice-evidence.json#/rows/812,False,unknown
noice,bbb21d7321668031774b5fc2e44ce632d7b2538853e09083a258f127631e845d,direct-framework-reference,,java/lang/reflect/Type,definition-present,yes-static,106,11,unknown,noice-evidence.json#/rows/813,False,unknown
noice,bbb21d7321668031774b5fc2e44ce632d7b2538853e09083a258f127631e845d,direct-framework-reference,,java/lang/reflect/TypeVariable,definition-present,yes-static,10,2,unknown,noice-evidence.json#/rows/814,False,unknown
noice,bbb21d7321668031774b5fc2e44ce632d7b2538853e09083a258f127631e845d,direct-framework-reference,,java/lang/reflect/WildcardType,definition-present,yes-static,13,2,unknown,noice-evidence.json#/rows/815,False,unknown
noice,bbb21d7321668031774b5fc2e44ce632d7b2538853e09083a258f127631e845d,direct-framework-reference,,java/math/BigDecimal,definition-present,yes-static,8,2,unknown,noice-evidence.json#/rows/816,False,unknown
noice,bbb21d7321668031774b5fc2e44ce632d7b2538853e09083a258f127631e845d,direct-framework-reference,,java/math/BigInteger,definition-present,unknown,5,0,unknown,noice-evidence.json#/rows/817,False,unknown
noice,bbb21d7321668031774b5fc2e44ce632d7b2538853e09083a258f127631e845d,direct-framework-reference,,java/math/MathContext,definition-present,unknown,1,0,unknown,noice-evidence.json#/rows/818,False,unknown
noice,bbb21d7321668031774b5fc2e44ce632d7b2538853e09083a258f127631e845d,direct-framework-reference,,java/math/RoundingMode,definition-present,unknown,2,0,unknown,noice-evidence.json#/rows/819,False,unknown
noice,bbb21d7321668031774b5fc2e44ce632d7b2538853e09083a258f127631e845d,direct-framework-reference,,java/net/ConnectException,definition-present,unknown,1,0,unknown,noice-evidence.json#/rows/820,False,unknown
noice,bbb21d7321668031774b5fc2e44ce632d7b2538853e09083a258f127631e845d,direct-framework-reference,,java/net/HttpURLConnection,definition-present,unknown,7,0,unknown,noice-evidence.json#/rows/821,False,unknown
noice,bbb21d7321668031774b5fc2e44ce632d7b2538853e09083a258f127631e845d,direct-framework-reference,,java/net/IDN,definition-present,unknown,2,0,unknown,noice-evidence.json#/rows/822,False,unknown
noice,bbb21d7321668031774b5fc2e44ce632d7b2538853e09083a258f127631e845d,direct-framework-reference,,java/net/InetAddress,definition-present,unknown,7,0,unknown,noice-evidence.json#/rows/823,False,unknown
noice,bbb21d7321668031774b5fc2e44ce632d7b2538853e09083a258f127631e845d,direct-framework-reference,,java/net/InetSocketAddress,definition-present,unknown,9,0,unknown,noice-evidence.json#/rows/824,False,unknown
noice,bbb21d7321668031774b5fc2e44ce632d7b2538853e09083a258f127631e845d,direct-framework-reference,,java/net/NoRouteToHostException,definition-present,unknown,1,0,unknown,noice-evidence.json#/rows/825,False,unknown
noice,bbb21d7321668031774b5fc2e44ce632d7b2538853e09083a258f127631e845d,direct-framework-reference,,java/net/ProtocolException,definition-present,unknown,12,0,unknown,noice-evidence.json#/rows/826,False,unknown
noice,bbb21d7321668031774b5fc2e44ce632d7b2538853e09083a258f127631e845d,direct-framework-reference,,java/net/Proxy,definition-present,unknown,20,0,unknown,noice-evidence.json#/rows/827,False,unknown
noice,bbb21d7321668031774b5fc2e44ce632d7b2538853e09083a258f127631e845d,direct-framework-reference,,java/net/Proxy$Type,definition-present,unknown,8,0,unknown,noice-evidence.json#/rows/828,False,unknown
noice,bbb21d7321668031774b5fc2e44ce632d7b2538853e09083a258f127631e845d,direct-framework-reference,,java/net/ProxySelector,definition-present,unknown,10,0,unknown,noice-evidence.json#/rows/829,False,unknown
noice,bbb21d7321668031774b5fc2e44ce632d7b2538853e09083a258f127631e845d,direct-framework-reference,,java/net/Socket,definition-present,unknown,21,0,unknown,noice-evidence.json#/rows/830,False,unknown
noice,bbb21d7321668031774b5fc2e44ce632d7b2538853e09083a258f127631e845d,direct-framework-reference,,java/net/SocketAddress,definition-present,unknown,4,0,unknown,noice-evidence.json#/rows/831,False,unknown
noice,bbb21d7321668031774b5fc2e44ce632d7b2538853e09083a258f127631e845d,direct-framework-reference,,java/net/SocketException,definition-present,unknown,1,0,unknown,noice-evidence.json#/rows/832,False,unknown
noice,bbb21d7321668031774b5fc2e44ce632d7b2538853e09083a258f127631e845d,direct-framework-reference,,java/net/SocketTimeoutException,definition-present,unknown,5,0,unknown,noice-evidence.json#/rows/833,False,unknown
noice,bbb21d7321668031774b5fc2e44ce632d7b2538853e09083a258f127631e845d,direct-framework-reference,,java/net/URI,definition-present,unknown,7,0,unknown,noice-evidence.json#/rows/834,False,unknown
noice,bbb21d7321668031774b5fc2e44ce632d7b2538853e09083a258f127631e845d,direct-framework-reference,,java/net/URL,definition-present,unknown,9,0,unknown,noice-evidence.json#/rows/835,False,unknown
noice,bbb21d7321668031774b5fc2e44ce632d7b2538853e09083a258f127631e845d,direct-framework-reference,,java/net/URLConnection,definition-present,unknown,8,0,unknown,noice-evidence.json#/rows/836,False,unknown
noice,bbb21d7321668031774b5fc2e44ce632d7b2538853e09083a258f127631e845d,direct-framework-reference,,java/net/UnknownHostException,definition-present,yes-static,4,1,unknown,noice-evidence.json#/rows/837,False,unknown
noice,bbb21d7321668031774b5fc2e44ce632d7b2538853e09083a258f127631e845d,direct-framework-reference,,java/net/UnknownServiceException,definition-present,unknown,2,0,unknown,noice-evidence.json#/rows/838,False,unknown
noice,bbb21d7321668031774b5fc2e44ce632d7b2538853e09083a258f127631e845d,direct-framework-reference,,java/nio/Buffer,definition-present,unknown,27,0,unknown,noice-evidence.json#/rows/839,False,unknown
noice,bbb21d7321668031774b5fc2e44ce632d7b2538853e09083a258f127631e845d,direct-framework-reference,,java/nio/ByteBuffer,definition-present,unknown,76,0,unknown,noice-evidence.json#/rows/840,False,unknown
noice,bbb21d7321668031774b5fc2e44ce632d7b2538853e09083a258f127631e845d,direct-framework-reference,,java/nio/ByteOrder,definition-present,unknown,10,0,unknown,noice-evidence.json#/rows/841,False,unknown
noice,bbb21d7321668031774b5fc2e44ce632d7b2538853e09083a258f127631e845d,direct-framework-reference,,java/nio/MappedByteBuffer,definition-present,unknown,5,0,unknown,noice-evidence.json#/rows/842,False,unknown
noice,bbb21d7321668031774b5fc2e44ce632d7b2538853e09083a258f127631e845d,direct-framework-reference,,java/nio/ShortBuffer,definition-present,unknown,4,0,unknown,noice-evidence.json#/rows/843,False,unknown
noice,bbb21d7321668031774b5fc2e44ce632d7b2538853e09083a258f127631e845d,direct-framework-reference,,java/nio/channels/FileChannel,definition-present,unknown,5,0,unknown,noice-evidence.json#/rows/844,False,unknown
noice,bbb21d7321668031774b5fc2e44ce632d7b2538853e09083a258f127631e845d,direct-framework-reference,,java/nio/channels/FileChannel$MapMode,definition-present,unknown,2,0,unknown,noice-evidence.json#/rows/845,False,unknown
noice,bbb21d7321668031774b5fc2e44ce632d7b2538853e09083a258f127631e845d,direct-framework-reference,,java/nio/channels/FileLock,definition-present,unknown,1,0,unknown,noice-evidence.json#/rows/846,False,unknown
noice,bbb21d7321668031774b5fc2e44ce632d7b2538853e09083a258f127631e845d,direct-framework-reference,,java/nio/channels/spi/AbstractInterruptibleChannel,definition-present,unknown,1,0,unknown,noice-evidence.json#/rows/847,False,unknown
noice,bbb21d7321668031774b5fc2e44ce632d7b2538853e09083a258f127631e845d,direct-framework-reference,,java/nio/charset/Charset,definition-present,unknown,54,0,unknown,noice-evidence.json#/rows/848,False,unknown
noice,bbb21d7321668031774b5fc2e44ce632d7b2538853e09083a258f127631e845d,direct-framework-reference,,java/nio/charset/StandardCharsets,definition-present,unknown,11,0,unknown,noice-evidence.json#/rows/849,False,unknown
noice,bbb21d7321668031774b5fc2e44ce632d7b2538853e09083a258f127631e845d,direct-framework-reference,,java/security/AccessController,definition-present,unknown,1,0,unknown,noice-evidence.json#/rows/850,False,unknown
noice,bbb21d7321668031774b5fc2e44ce632d7b2538853e09083a258f127631e845d,direct-framework-reference,,java/security/Key,definition-present,unknown,3,0,unknown,noice-evidence.json#/rows/851,False,unknown
noice,bbb21d7321668031774b5fc2e44ce632d7b2538853e09083a258f127631e845d,direct-framework-reference,,java/security/KeyStore,definition-present,unknown,4,0,unknown,noice-evidence.json#/rows/852,False,unknown
noice,bbb21d7321668031774b5fc2e44ce632d7b2538853e09083a258f127631e845d,direct-framework-reference,,java/security/MessageDigest,definition-present,unknown,2,0,unknown,noice-evidence.json#/rows/853,False,unknown
noice,bbb21d7321668031774b5fc2e44ce632d7b2538853e09083a258f127631e845d,direct-framework-reference,,java/security/Principal,definition-present,unknown,3,0,unknown,noice-evidence.json#/rows/854,False,unknown
noice,bbb21d7321668031774b5fc2e44ce632d7b2538853e09083a258f127631e845d,direct-framework-reference,,java/security/PrivilegedAction,definition-present,unknown,1,0,unknown,noice-evidence.json#/rows/855,False,unknown
noice,bbb21d7321668031774b5fc2e44ce632d7b2538853e09083a258f127631e845d,direct-framework-reference,,java/security/Provider,definition-present,unknown,8,0,unknown,noice-evidence.json#/rows/856,False,unknown
noice,bbb21d7321668031774b5fc2e44ce632d7b2538853e09083a258f127631e845d,direct-framework-reference,,java/security/PublicKey,definition-present,unknown,3,0,unknown,noice-evidence.json#/rows/857,False,unknown
noice,bbb21d7321668031774b5fc2e44ce632d7b2538853e09083a258f127631e845d,direct-framework-reference,,java/security/SecureRandom,definition-present,unknown,5,0,unknown,noice-evidence.json#/rows/858,False,unknown
noice,bbb21d7321668031774b5fc2e44ce632d7b2538853e09083a258f127631e845d,direct-framework-reference,,java/security/Security,definition-present,unknown,1,0,unknown,noice-evidence.json#/rows/859,False,unknown
noice,bbb21d7321668031774b5fc2e44ce632d7b2538853e09083a258f127631e845d,direct-framework-reference,,java/security/cert/Certificate,definition-present,unknown,10,0,unknown,noice-evidence.json#/rows/860,False,unknown
noice,bbb21d7321668031774b5fc2e44ce632d7b2538853e09083a258f127631e845d,direct-framework-reference,,java/security/cert/CertificateException,definition-present,unknown,2,0,unknown,noice-evidence.json#/rows/861,False,unknown
noice,bbb21d7321668031774b5fc2e44ce632d7b2538853e09083a258f127631e845d,direct-framework-reference,,java/security/cert/CertificateFactory,definition-present,unknown,1,0,unknown,noice-evidence.json#/rows/862,False,unknown
noice,bbb21d7321668031774b5fc2e44ce632d7b2538853e09083a258f127631e845d,direct-framework-reference,,java/security/cert/TrustAnchor,definition-present,unknown,1,0,unknown,noice-evidence.json#/rows/863,False,unknown
noice,bbb21d7321668031774b5fc2e44ce632d7b2538853e09083a258f127631e845d,direct-framework-reference,,java/security/cert/X509Certificate,definition-present,unknown,15,0,unknown,noice-evidence.json#/rows/864,False,unknown
noice,bbb21d7321668031774b5fc2e44ce632d7b2538853e09083a258f127631e845d,direct-framework-reference,,java/security/spec/AlgorithmParameterSpec,definition-present,unknown,2,0,unknown,noice-evidence.json#/rows/865,False,unknown
noice,bbb21d7321668031774b5fc2e44ce632d7b2538853e09083a258f127631e845d,direct-framework-reference,,java/sql/Date,definition-present,unknown,5,0,unknown,noice-evidence.json#/rows/866,False,unknown
noice,bbb21d7321668031774b5fc2e44ce632d7b2538853e09083a258f127631e845d,direct-framework-reference,,java/sql/Time,definition-present,unknown,3,0,unknown,noice-evidence.json#/rows/867,False,unknown
noice,bbb21d7321668031774b5fc2e44ce632d7b2538853e09083a258f127631e845d,direct-framework-reference,,java/sql/Timestamp,definition-present,unknown,5,0,unknown,noice-evidence.json#/rows/868,False,unknown
noice,bbb21d7321668031774b5fc2e44ce632d7b2538853e09083a258f127631e845d,direct-framework-reference,,java/text/DateFormat,definition-present,unknown,17,0,unknown,noice-evidence.json#/rows/869,False,unknown
noice,bbb21d7321668031774b5fc2e44ce632d7b2538853e09083a258f127631e845d,direct-framework-reference,,java/text/NumberFormat,definition-present,unknown,2,0,unknown,noice-evidence.json#/rows/870,False,unknown
noice,bbb21d7321668031774b5fc2e44ce632d7b2538853e09083a258f127631e845d,direct-framework-reference,,java/text/ParseException,definition-present,unknown,1,0,unknown,noice-evidence.json#/rows/871,False,unknown
noice,bbb21d7321668031774b5fc2e44ce632d7b2538853e09083a258f127631e845d,direct-framework-reference,,java/text/ParsePosition,definition-present,unknown,4,0,unknown,noice-evidence.json#/rows/872,False,unknown
noice,bbb21d7321668031774b5fc2e44ce632d7b2538853e09083a258f127631e845d,direct-framework-reference,,java/text/SimpleDateFormat,definition-present,unknown,13,0,unknown,noice-evidence.json#/rows/873,False,unknown
noice,bbb21d7321668031774b5fc2e44ce632d7b2538853e09083a258f127631e845d,direct-framework-reference,,java/util/AbstractCollection,definition-present,yes-static,71,6,unknown,noice-evidence.json#/rows/874,False,unknown
noice,bbb21d7321668031774b5fc2e44ce632d7b2538853e09083a258f127631e845d,direct-framework-reference,,java/util/AbstractList,definition-present,yes-static,13,4,unknown,noice-evidence.json#/rows/875,False,unknown
noice,bbb21d7321668031774b5fc2e44ce632d7b2538853e09083a258f127631e845d,direct-framework-reference,,java/util/AbstractMap,definition-present,yes-static,15,2,unknown,noice-evidence.json#/rows/876,False,unknown
noice,bbb21d7321668031774b5fc2e44ce632d7b2538853e09083a258f127631e845d,direct-framework-reference,,java/util/AbstractMap$SimpleImmutableEntry,definition-present,unknown,1,0,unknown,noice-evidence.json#/rows/877,False,unknown
noice,bbb21d7321668031774b5fc2e44ce632d7b2538853e09083a258f127631e845d,direct-framework-reference,,java/util/AbstractSet,definition-present,unknown,16,0,unknown,noice-evidence.json#/rows/878,False,unknown
noice,bbb21d7321668031774b5fc2e44ce632d7b2538853e09083a258f127631e845d,direct-framework-reference,,java/util/ArrayDeque,definition-present,yes-static,78,13,unknown,noice-evidence.json#/rows/879,False,unknown
noice,bbb21d7321668031774b5fc2e44ce632d7b2538853e09083a258f127631e845d,direct-framework-reference,,java/util/ArrayList,definition-present,yes-static,1353,106,unknown,noice-evidence.json#/rows/880,False,unknown
noice,bbb21d7321668031774b5fc2e44ce632d7b2538853e09083a258f127631e845d,direct-framework-reference,,java/util/Arrays,definition-present,yes-static,258,10,unknown,noice-evidence.json#/rows/881,False,unknown
noice,bbb21d7321668031774b5fc2e44ce632d7b2538853e09083a258f127631e845d,direct-framework-reference,,java/util/BitSet,definition-present,yes-static,14,1,unknown,noice-evidence.json#/rows/882,False,unknown
noice,bbb21d7321668031774b5fc2e44ce632d7b2538853e09083a258f127631e845d,direct-framework-reference,,java/util/Calendar,definition-present,unknown,43,0,unknown,noice-evidence.json#/rows/883,False,unknown
noice,bbb21d7321668031774b5fc2e44ce632d7b2538853e09083a258f127631e845d,direct-framework-reference,,java/util/Collection,definition-present,yes-static,455,47,unknown,noice-evidence.json#/rows/884,False,unknown
noice,bbb21d7321668031774b5fc2e44ce632d7b2538853e09083a258f127631e845d,direct-framework-reference,,java/util/Collections,definition-present,yes-static,148,14,unknown,noice-evidence.json#/rows/885,False,unknown
noice,bbb21d7321668031774b5fc2e44ce632d7b2538853e09083a258f127631e845d,direct-framework-reference,,java/util/Comparator,definition-present,unknown,60,0,unknown,noice-evidence.json#/rows/886,False,unknown
noice,bbb21d7321668031774b5fc2e44ce632d7b2538853e09083a258f127631e845d,direct-framework-reference,,java/util/ConcurrentModificationException,definition-present,yes-static,10,4,unknown,noice-evidence.json#/rows/887,False,unknown
noice,bbb21d7321668031774b5fc2e44ce632d7b2538853e09083a258f127631e845d,direct-framework-reference,,java/util/Currency,definition-present,unknown,8,0,unknown,noice-evidence.json#/rows/888,False,unknown
noice,bbb21d7321668031774b5fc2e44ce632d7b2538853e09083a258f127631e845d,direct-framework-reference,,java/util/Date,definition-present,unknown,66,0,unknown,noice-evidence.json#/rows/889,False,unknown
noice,bbb21d7321668031774b5fc2e44ce632d7b2538853e09083a258f127631e845d,direct-framework-reference,,java/util/EnumMap,definition-present,unknown,2,0,unknown,noice-evidence.json#/rows/890,False,unknown
noice,bbb21d7321668031774b5fc2e44ce632d7b2538853e09083a258f127631e845d,direct-framework-reference,,java/util/EnumSet,definition-present,unknown,2,0,unknown,noice-evidence.json#/rows/891,False,unknown
noice,bbb21d7321668031774b5fc2e44ce632d7b2538853e09083a258f127631e845d,direct-framework-reference,,java/util/GregorianCalendar,definition-present,unknown,7,0,unknown,noice-evidence.json#/rows/892,False,unknown
noice,bbb21d7321668031774b5fc2e44ce632d7b2538853e09083a258f127631e845d,direct-framework-reference,,java/util/HashMap,definition-present,yes-static,370,65,unknown,noice-evidence.json#/rows/893,False,unknown
noice,bbb21d7321668031774b5fc2e44ce632d7b2538853e09083a258f127631e845d,direct-framework-reference,,java/util/HashSet,definition-present,yes-static,138,25,unknown,noice-evidence.json#/rows/894,False,unknown
noice,bbb21d7321668031774b5fc2e44ce632d7b2538853e09083a258f127631e845d,direct-framework-reference,,java/util/IdentityHashMap,definition-present,yes-static,15,1,unknown,noice-evidence.json#/rows/895,False,unknown
noice,bbb21d7321668031774b5fc2e44ce632d7b2538853e09083a258f127631e845d,direct-framework-reference,,java/util/Iterator,definition-present,yes-static,766,97,unknown,noice-evidence.json#/rows/896,False,unknown
noice,bbb21d7321668031774b5fc2e44ce632d7b2538853e09083a258f127631e845d,direct-framework-reference,,java/util/LinkedHashMap,definition-present,yes-static,156,25,unknown,noice-evidence.json#/rows/897,False,unknown
noice,bbb21d7321668031774b5fc2e44ce632d7b2538853e09083a258f127631e845d,direct-framework-reference,,java/util/LinkedHashSet,definition-present,yes-static,98,11,unknown,noice-evidence.json#/rows/898,False,unknown
noice,bbb21d7321668031774b5fc2e44ce632d7b2538853e09083a258f127631e845d,direct-framework-reference,,java/util/LinkedList,definition-present,unknown,9,0,unknown,noice-evidence.json#/rows/899,False,unknown
noice,bbb21d7321668031774b5fc2e44ce632d7b2538853e09083a258f127631e845d,direct-framework-reference,,java/util/List,definition-present,yes-static,930,59,unknown,noice-evidence.json#/rows/900,False,unknown
noice,bbb21d7321668031774b5fc2e44ce632d7b2538853e09083a258f127631e845d,direct-framework-reference,,java/util/ListIterator,definition-present,yes-static,18,1,unknown,noice-evidence.json#/rows/901,False,unknown
noice,bbb21d7321668031774b5fc2e44ce632d7b2538853e09083a258f127631e845d,direct-framework-reference,,java/util/Locale,definition-present,yes-static,113,15,unknown,noice-evidence.json#/rows/902,False,unknown
noice,bbb21d7321668031774b5fc2e44ce632d7b2538853e09083a258f127631e845d,direct-framework-reference,,java/util/Locale$Category,definition-present,unknown,3,0,unknown,noice-evidence.json#/rows/903,False,unknown
noice,bbb21d7321668031774b5fc2e44ce632d7b2538853e09083a258f127631e845d,direct-framework-reference,,java/util/Map,definition-present,yes-static,348,30,unknown,noice-evidence.json#/rows/904,False,unknown
noice,bbb21d7321668031774b5fc2e44ce632d7b2538853e09083a258f127631e845d,direct-framework-reference,,java/util/Map$Entry,definition-present,yes-static,106,10,unknown,noice-evidence.json#/rows/905,False,unknown
noice,bbb21d7321668031774b5fc2e44ce632d7b2538853e09083a258f127631e845d,direct-framework-reference,,java/util/NavigableMap,definition-present,unknown,34,0,unknown,noice-evidence.json#/rows/906,False,unknown
noice,bbb21d7321668031774b5fc2e44ce632d7b2538853e09083a258f127631e845d,direct-framework-reference,,java/util/NavigableSet,definition-present,unknown,12,0,unknown,noice-evidence.json#/rows/907,False,unknown
noice,bbb21d7321668031774b5fc2e44ce632d7b2538853e09083a258f127631e845d,direct-framework-reference,,java/util/NoSuchElementException,definition-present,yes-static,54,9,unknown,noice-evidence.json#/rows/908,False,unknown
noice,bbb21d7321668031774b5fc2e44ce632d7b2538853e09083a258f127631e845d,direct-framework-reference,,java/util/Objects,definition-present,yes-static,55,10,unknown,noice-evidence.json#/rows/909,False,unknown
noice,bbb21d7321668031774b5fc2e44ce632d7b2538853e09083a258f127631e845d,direct-framework-reference,,java/util/Optional,definition-present,unknown,3,0,unknown,noice-evidence.json#/rows/910,False,unknown
noice,bbb21d7321668031774b5fc2e44ce632d7b2538853e09083a258f127631e845d,direct-framework-reference,,java/util/PriorityQueue,definition-present,unknown,1,0,unknown,noice-evidence.json#/rows/911,False,unknown
noice,bbb21d7321668031774b5fc2e44ce632d7b2538853e09083a258f127631e845d,direct-framework-reference,,java/util/Properties,definition-present,unknown,1,0,unknown,noice-evidence.json#/rows/912,False,unknown
noice,bbb21d7321668031774b5fc2e44ce632d7b2538853e09083a258f127631e845d,direct-framework-reference,,java/util/Queue,definition-present,unknown,1,0,unknown,noice-evidence.json#/rows/913,False,unknown
noice,bbb21d7321668031774b5fc2e44ce632d7b2538853e09083a258f127631e845d,direct-framework-reference,,java/util/Random,definition-present,yes-static,28,2,unknown,noice-evidence.json#/rows/914,False,unknown
noice,bbb21d7321668031774b5fc2e44ce632d7b2538853e09083a258f127631e845d,direct-framework-reference,,java/util/RandomAccess,definition-present,unknown,6,0,unknown,noice-evidence.json#/rows/915,False,unknown
noice,bbb21d7321668031774b5fc2e44ce632d7b2538853e09083a258f127631e845d,direct-framework-reference,,java/util/ServiceConfigurationError,definition-present,unknown,2,0,unknown,noice-evidence.json#/rows/916,False,unknown
noice,bbb21d7321668031774b5fc2e44ce632d7b2538853e09083a258f127631e845d,direct-framework-reference,,java/util/Set,definition-present,yes-static,323,44,unknown,noice-evidence.json#/rows/917,False,unknown
noice,bbb21d7321668031774b5fc2e44ce632d7b2538853e09083a258f127631e845d,direct-framework-reference,,java/util/SortedMap,definition-present,yes-static,43,6,unknown,noice-evidence.json#/rows/918,False,unknown
noice,bbb21d7321668031774b5fc2e44ce632d7b2538853e09083a258f127631e845d,direct-framework-reference,,java/util/SortedSet,definition-present,yes-static,13,1,unknown,noice-evidence.json#/rows/919,False,unknown
noice,bbb21d7321668031774b5fc2e44ce632d7b2538853e09083a258f127631e845d,direct-framework-reference,,java/util/Stack,definition-present,unknown,9,0,unknown,noice-evidence.json#/rows/920,False,unknown
noice,bbb21d7321668031774b5fc2e44ce632d7b2538853e09083a258f127631e845d,direct-framework-reference,,java/util/StringTokenizer,definition-present,unknown,1,0,unknown,noice-evidence.json#/rows/921,False,unknown
noice,bbb21d7321668031774b5fc2e44ce632d7b2538853e09083a258f127631e845d,direct-framework-reference,,java/util/TimeZone,definition-present,unknown,10,0,unknown,noice-evidence.json#/rows/922,False,unknown
noice,bbb21d7321668031774b5fc2e44ce632d7b2538853e09083a258f127631e845d,direct-framework-reference,,java/util/TreeMap,definition-present,yes-static,74,2,unknown,noice-evidence.json#/rows/923,False,unknown
noice,bbb21d7321668031774b5fc2e44ce632d7b2538853e09083a258f127631e845d,direct-framework-reference,,java/util/TreeSet,definition-present,unknown,13,0,unknown,noice-evidence.json#/rows/924,False,unknown
noice,bbb21d7321668031774b5fc2e44ce632d7b2538853e09083a258f127631e845d,direct-framework-reference,,java/util/UUID,definition-present,yes-static,65,15,unknown,noice-evidence.json#/rows/925,False,unknown
noice,bbb21d7321668031774b5fc2e44ce632d7b2538853e09083a258f127631e845d,direct-framework-reference,,java/util/WeakHashMap,definition-present,yes-static,300,31,unknown,noice-evidence.json#/rows/926,False,unknown
noice,bbb21d7321668031774b5fc2e44ce632d7b2538853e09083a258f127631e845d,direct-framework-reference,,java/util/concurrent/BlockingQueue,definition-present,unknown,6,0,unknown,noice-evidence.json#/rows/927,False,unknown
noice,bbb21d7321668031774b5fc2e44ce632d7b2538853e09083a258f127631e845d,direct-framework-reference,,java/util/concurrent/Callable,definition-present,yes-static,63,1,unknown,noice-evidence.json#/rows/928,False,unknown
noice,bbb21d7321668031774b5fc2e44ce632d7b2538853e09083a258f127631e845d,direct-framework-reference,,java/util/concurrent/CancellationException,definition-present,yes-static,83,10,unknown,noice-evidence.json#/rows/929,False,unknown
noice,bbb21d7321668031774b5fc2e44ce632d7b2538853e09083a258f127631e845d,direct-framework-reference,,java/util/concurrent/CompletableFuture,definition-present,unknown,12,0,unknown,noice-evidence.json#/rows/930,False,unknown
noice,bbb21d7321668031774b5fc2e44ce632d7b2538853e09083a258f127631e845d,direct-framework-reference,,java/util/concurrent/ConcurrentHashMap,definition-present,yes-static,29,1,unknown,noice-evidence.json#/rows/931,False,unknown
noice,bbb21d7321668031774b5fc2e44ce632d7b2538853e09083a258f127631e845d,direct-framework-reference,,java/util/concurrent/ConcurrentLinkedQueue,definition-present,unknown,5,0,unknown,noice-evidence.json#/rows/932,False,unknown
noice,bbb21d7321668031774b5fc2e44ce632d7b2538853e09083a258f127631e845d,direct-framework-reference,,java/util/concurrent/ConcurrentMap,definition-present,unknown,1,0,unknown,noice-evidence.json#/rows/933,False,unknown
noice,bbb21d7321668031774b5fc2e44ce632d7b2538853e09083a258f127631e845d,direct-framework-reference,,java/util/concurrent/ConcurrentNavigableMap,definition-present,unknown,1,0,unknown,noice-evidence.json#/rows/934,False,unknown
noice,bbb21d7321668031774b5fc2e44ce632d7b2538853e09083a258f127631e845d,direct-framework-reference,,java/util/concurrent/ConcurrentSkipListMap,definition-present,unknown,1,0,unknown,noice-evidence.json#/rows/935,False,unknown
noice,bbb21d7321668031774b5fc2e44ce632d7b2538853e09083a258f127631e845d,direct-framework-reference,,java/util/concurrent/CopyOnWriteArrayList,definition-present,yes-static,117,32,unknown,noice-evidence.json#/rows/936,False,unknown
noice,bbb21d7321668031774b5fc2e44ce632d7b2538853e09083a258f127631e845d,direct-framework-reference,,java/util/concurrent/CopyOnWriteArraySet,definition-present,yes-static,23,5,unknown,noice-evidence.json#/rows/937,False,unknown
noice,bbb21d7321668031774b5fc2e44ce632d7b2538853e09083a258f127631e845d,direct-framework-reference,,java/util/concurrent/CountDownLatch,definition-present,unknown,3,0,unknown,noice-evidence.json#/rows/938,False,unknown
noice,bbb21d7321668031774b5fc2e44ce632d7b2538853e09083a258f127631e845d,direct-framework-reference,,java/util/concurrent/Delayed,definition-present,unknown,2,0,unknown,noice-evidence.json#/rows/939,False,unknown
noice,bbb21d7321668031774b5fc2e44ce632d7b2538853e09083a258f127631e845d,direct-framework-reference,,java/util/concurrent/ExecutionException,definition-present,unknown,4,0,unknown,noice-evidence.json#/rows/940,False,unknown
noice,bbb21d7321668031774b5fc2e44ce632d7b2538853e09083a258f127631e845d,direct-framework-reference,,java/util/concurrent/Executor,definition-present,yes-static,87,11,unknown,noice-evidence.json#/rows/941,False,unknown
noice,bbb21d7321668031774b5fc2e44ce632d7b2538853e09083a258f127631e845d,direct-framework-reference,,java/util/concurrent/ExecutorService,definition-present,yes-static,17,5,unknown,noice-evidence.json#/rows/942,False,unknown
noice,bbb21d7321668031774b5fc2e44ce632d7b2538853e09083a258f127631e845d,direct-framework-reference,,java/util/concurrent/Executors,definition-present,yes-static,5,1,unknown,noice-evidence.json#/rows/943,False,unknown
noice,bbb21d7321668031774b5fc2e44ce632d7b2538853e09083a258f127631e845d,direct-framework-reference,,java/util/concurrent/Future,definition-present,yes-static,18,3,unknown,noice-evidence.json#/rows/944,False,unknown
noice,bbb21d7321668031774b5fc2e44ce632d7b2538853e09083a258f127631e845d,direct-framework-reference,,java/util/concurrent/LinkedBlockingDeque,definition-present,unknown,3,0,unknown,noice-evidence.json#/rows/945,False,unknown
noice,bbb21d7321668031774b5fc2e44ce632d7b2538853e09083a258f127631e845d,direct-framework-reference,,java/util/concurrent/LinkedBlockingQueue,definition-present,unknown,1,0,unknown,noice-evidence.json#/rows/946,False,unknown
noice,bbb21d7321668031774b5fc2e44ce632d7b2538853e09083a258f127631e845d,direct-framework-reference,,java/util/concurrent/RejectedExecutionException,definition-present,unknown,5,0,unknown,noice-evidence.json#/rows/947,False,unknown
noice,bbb21d7321668031774b5fc2e44ce632d7b2538853e09083a258f127631e845d,direct-framework-reference,,java/util/concurrent/ScheduledExecutorService,definition-present,unknown,2,0,unknown,noice-evidence.json#/rows/948,False,unknown
noice,bbb21d7321668031774b5fc2e44ce632d7b2538853e09083a258f127631e845d,direct-framework-reference,,java/util/concurrent/ScheduledFuture,definition-present,unknown,4,0,unknown,noice-evidence.json#/rows/949,False,unknown
noice,bbb21d7321668031774b5fc2e44ce632d7b2538853e09083a258f127631e845d,direct-framework-reference,,java/util/concurrent/ScheduledThreadPoolExecutor,definition-present,unknown,2,0,unknown,noice-evidence.json#/rows/950,False,unknown
noice,bbb21d7321668031774b5fc2e44ce632d7b2538853e09083a258f127631e845d,direct-framework-reference,,java/util/concurrent/SynchronousQueue,definition-present,unknown,2,0,unknown,noice-evidence.json#/rows/951,False,unknown
noice,bbb21d7321668031774b5fc2e44ce632d7b2538853e09083a258f127631e845d,direct-framework-reference,,java/util/concurrent/ThreadFactory,definition-present,yes-static,9,1,unknown,noice-evidence.json#/rows/952,False,unknown
noice,bbb21d7321668031774b5fc2e44ce632d7b2538853e09083a258f127631e845d,direct-framework-reference,,java/util/concurrent/ThreadLocalRandom,definition-present,unknown,2,0,unknown,noice-evidence.json#/rows/953,False,unknown
noice,bbb21d7321668031774b5fc2e44ce632d7b2538853e09083a258f127631e845d,direct-framework-reference,,java/util/concurrent/ThreadPoolExecutor,definition-present,unknown,14,0,unknown,noice-evidence.json#/rows/954,False,unknown
noice,bbb21d7321668031774b5fc2e44ce632d7b2538853e09083a258f127631e845d,direct-framework-reference,,java/util/concurrent/TimeUnit,definition-present,yes-static,52,2,unknown,noice-evidence.json#/rows/955,False,unknown
noice,bbb21d7321668031774b5fc2e44ce632d7b2538853e09083a258f127631e845d,direct-framework-reference,,java/util/concurrent/TimeoutException,definition-present,unknown,4,0,unknown,noice-evidence.json#/rows/956,False,unknown
noice,bbb21d7321668031774b5fc2e44ce632d7b2538853e09083a258f127631e845d,direct-framework-reference,,java/util/concurrent/atomic/AtomicBoolean,definition-present,yes-static,24,1,unknown,noice-evidence.json#/rows/957,False,unknown
noice,bbb21d7321668031774b5fc2e44ce632d7b2538853e09083a258f127631e845d,direct-framework-reference,,java/util/concurrent/atomic/AtomicInteger,definition-present,yes-static,53,10,unknown,noice-evidence.json#/rows/958,False,unknown
noice,bbb21d7321668031774b5fc2e44ce632d7b2538853e09083a258f127631e845d,direct-framework-reference,,java/util/concurrent/atomic/AtomicIntegerArray,definition-present,unknown,3,0,unknown,noice-evidence.json#/rows/959,False,unknown
noice,bbb21d7321668031774b5fc2e44ce632d7b2538853e09083a258f127631e845d,direct-framework-reference,,java/util/concurrent/atomic/AtomicIntegerFieldUpdater,definition-present,yes-static,27,6,unknown,noice-evidence.json#/rows/960,False,unknown
noice,bbb21d7321668031774b5fc2e44ce632d7b2538853e09083a258f127631e845d,direct-framework-reference,,java/util/concurrent/atomic/AtomicLong,definition-present,yes-static,12,4,unknown,noice-evidence.json#/rows/961,False,unknown
noice,bbb21d7321668031774b5fc2e44ce632d7b2538853e09083a258f127631e845d,direct-framework-reference,,java/util/concurrent/atomic/AtomicLongArray,definition-present,unknown,3,0,unknown,noice-evidence.json#/rows/962,False,unknown
noice,bbb21d7321668031774b5fc2e44ce632d7b2538853e09083a258f127631e845d,direct-framework-reference,,java/util/concurrent/atomic/AtomicLongFieldUpdater,definition-present,unknown,16,0,unknown,noice-evidence.json#/rows/963,False,unknown
noice,bbb21d7321668031774b5fc2e44ce632d7b2538853e09083a258f127631e845d,direct-framework-reference,,java/util/concurrent/atomic/AtomicReference,definition-present,yes-static,17,3,unknown,noice-evidence.json#/rows/964,False,unknown
noice,bbb21d7321668031774b5fc2e44ce632d7b2538853e09083a258f127631e845d,direct-framework-reference,,java/util/concurrent/atomic/AtomicReferenceArray,definition-present,unknown,25,0,unknown,noice-evidence.json#/rows/965,False,unknown
noice,bbb21d7321668031774b5fc2e44ce632d7b2538853e09083a258f127631e845d,direct-framework-reference,,java/util/concurrent/atomic/AtomicReferenceFieldUpdater,definition-present,yes-static,69,18,unknown,noice-evidence.json#/rows/966,False,unknown
noice,bbb21d7321668031774b5fc2e44ce632d7b2538853e09083a258f127631e845d,direct-framework-reference,,java/util/concurrent/locks/Lock,definition-present,unknown,18,0,unknown,noice-evidence.json#/rows/967,False,unknown
noice,bbb21d7321668031774b5fc2e44ce632d7b2538853e09083a258f127631e845d,direct-framework-reference,,java/util/concurrent/locks/LockSupport,definition-present,yes-static,14,1,unknown,noice-evidence.json#/rows/968,False,unknown
noice,bbb21d7321668031774b5fc2e44ce632d7b2538853e09083a258f127631e845d,direct-framework-reference,,java/util/concurrent/locks/ReentrantLock,definition-present,unknown,35,0,unknown,noice-evidence.json#/rows/969,False,unknown
noice,bbb21d7321668031774b5fc2e44ce632d7b2538853e09083a258f127631e845d,direct-framework-reference,,java/util/concurrent/locks/ReentrantReadWriteLock,definition-present,unknown,10,0,unknown,noice-evidence.json#/rows/970,False,unknown
noice,bbb21d7321668031774b5fc2e44ce632d7b2538853e09083a258f127631e845d,direct-framework-reference,,java/util/logging/Handler,definition-present,unknown,2,0,unknown,noice-evidence.json#/rows/971,False,unknown
noice,bbb21d7321668031774b5fc2e44ce632d7b2538853e09083a258f127631e845d,direct-framework-reference,,java/util/logging/Level,definition-present,yes-static,19,3,unknown,noice-evidence.json#/rows/972,False,unknown
noice,bbb21d7321668031774b5fc2e44ce632d7b2538853e09083a258f127631e845d,direct-framework-reference,,java/util/logging/LogRecord,definition-present,unknown,1,0,unknown,noice-evidence.json#/rows/973,False,unknown
noice,bbb21d7321668031774b5fc2e44ce632d7b2538853e09083a258f127631e845d,direct-framework-reference,,java/util/logging/Logger,definition-present,yes-static,31,3,unknown,noice-evidence.json#/rows/974,False,unknown
noice,bbb21d7321668031774b5fc2e44ce632d7b2538853e09083a258f127631e845d,direct-framework-reference,,java/util/regex/Matcher,definition-present,unknown,28,0,unknown,noice-evidence.json#/rows/975,False,unknown
noice,bbb21d7321668031774b5fc2e44ce632d7b2538853e09083a258f127631e845d,direct-framework-reference,,java/util/regex/Pattern,definition-present,yes-static,63,2,unknown,noice-evidence.json#/rows/976,False,unknown
noice,bbb21d7321668031774b5fc2e44ce632d7b2538853e09083a258f127631e845d,direct-framework-reference,,java/util/stream/IntStream,definition-present,unknown,4,0,unknown,noice-evidence.json#/rows/977,False,unknown
noice,bbb21d7321668031774b5fc2e44ce632d7b2538853e09083a258f127631e845d,direct-framework-reference,,java/util/zip/CRC32,definition-present,unknown,3,0,unknown,noice-evidence.json#/rows/978,False,unknown
noice,bbb21d7321668031774b5fc2e44ce632d7b2538853e09083a258f127631e845d,direct-framework-reference,,java/util/zip/Deflater,definition-present,unknown,1,0,unknown,noice-evidence.json#/rows/979,False,unknown
noice,bbb21d7321668031774b5fc2e44ce632d7b2538853e09083a258f127631e845d,direct-framework-reference,,java/util/zip/DeflaterOutputStream,definition-present,unknown,1,0,unknown,noice-evidence.json#/rows/980,False,unknown
noice,bbb21d7321668031774b5fc2e44ce632d7b2538853e09083a258f127631e845d,direct-framework-reference,,java/util/zip/GZIPInputStream,definition-present,unknown,2,0,unknown,noice-evidence.json#/rows/981,False,unknown
noice,bbb21d7321668031774b5fc2e44ce632d7b2538853e09083a258f127631e845d,direct-framework-reference,,java/util/zip/Inflater,definition-present,unknown,6,0,unknown,noice-evidence.json#/rows/982,False,unknown
noice,bbb21d7321668031774b5fc2e44ce632d7b2538853e09083a258f127631e845d,direct-framework-reference,,javax/crypto/Cipher,definition-present,unknown,3,0,unknown,noice-evidence.json#/rows/983,False,unknown
noice,bbb21d7321668031774b5fc2e44ce632d7b2538853e09083a258f127631e845d,direct-framework-reference,,javax/crypto/CipherInputStream,definition-present,unknown,1,0,unknown,noice-evidence.json#/rows/984,False,unknown
noice,bbb21d7321668031774b5fc2e44ce632d7b2538853e09083a258f127631e845d,direct-framework-reference,,javax/crypto/CipherOutputStream,definition-present,unknown,1,0,unknown,noice-evidence.json#/rows/985,False,unknown
noice,bbb21d7321668031774b5fc2e44ce632d7b2538853e09083a258f127631e845d,direct-framework-reference,,javax/crypto/spec/IvParameterSpec,definition-present,unknown,2,0,unknown,noice-evidence.json#/rows/986,False,unknown
noice,bbb21d7321668031774b5fc2e44ce632d7b2538853e09083a258f127631e845d,direct-framework-reference,,javax/crypto/spec/SecretKeySpec,definition-present,unknown,3,0,unknown,noice-evidence.json#/rows/987,False,unknown
noice,bbb21d7321668031774b5fc2e44ce632d7b2538853e09083a258f127631e845d,direct-framework-reference,,javax/net/SocketFactory,definition-present,unknown,6,0,unknown,noice-evidence.json#/rows/988,False,unknown
noice,bbb21d7321668031774b5fc2e44ce632d7b2538853e09083a258f127631e845d,direct-framework-reference,,javax/net/ssl/HostnameVerifier,definition-present,unknown,9,0,unknown,noice-evidence.json#/rows/989,False,unknown
noice,bbb21d7321668031774b5fc2e44ce632d7b2538853e09083a258f127631e845d,direct-framework-reference,,javax/net/ssl/KeyManager,definition-present,unknown,2,0,unknown,noice-evidence.json#/rows/990,False,unknown
noice,bbb21d7321668031774b5fc2e44ce632d7b2538853e09083a258f127631e845d,direct-framework-reference,,javax/net/ssl/SSLContext,definition-present,unknown,6,0,unknown,noice-evidence.json#/rows/991,False,unknown
noice,bbb21d7321668031774b5fc2e44ce632d7b2538853e09083a258f127631e845d,direct-framework-reference,,javax/net/ssl/SSLException,definition-present,unknown,1,0,unknown,noice-evidence.json#/rows/992,False,unknown
noice,bbb21d7321668031774b5fc2e44ce632d7b2538853e09083a258f127631e845d,direct-framework-reference,,javax/net/ssl/SSLHandshakeException,definition-present,unknown,2,0,unknown,noice-evidence.json#/rows/993,False,unknown
noice,bbb21d7321668031774b5fc2e44ce632d7b2538853e09083a258f127631e845d,direct-framework-reference,,javax/net/ssl/SSLParameters,definition-present,unknown,3,0,unknown,noice-evidence.json#/rows/994,False,unknown
noice,bbb21d7321668031774b5fc2e44ce632d7b2538853e09083a258f127631e845d,direct-framework-reference,,javax/net/ssl/SSLPeerUnverifiedException,definition-present,unknown,5,0,unknown,noice-evidence.json#/rows/995,False,unknown
noice,bbb21d7321668031774b5fc2e44ce632d7b2538853e09083a258f127631e845d,direct-framework-reference,,javax/net/ssl/SSLSession,definition-present,unknown,3,0,unknown,noice-evidence.json#/rows/996,False,unknown
noice,bbb21d7321668031774b5fc2e44ce632d7b2538853e09083a258f127631e845d,direct-framework-reference,,javax/net/ssl/SSLSocket,definition-present,unknown,29,0,unknown,noice-evidence.json#/rows/997,False,unknown
noice,bbb21d7321668031774b5fc2e44ce632d7b2538853e09083a258f127631e845d,direct-framework-reference,,javax/net/ssl/SSLSocketFactory,definition-present,unknown,10,0,unknown,noice-evidence.json#/rows/998,False,unknown
noice,bbb21d7321668031774b5fc2e44ce632d7b2538853e09083a258f127631e845d,direct-framework-reference,,javax/net/ssl/TrustManager,definition-present,unknown,6,0,unknown,noice-evidence.json#/rows/999,False,unknown
noice,bbb21d7321668031774b5fc2e44ce632d7b2538853e09083a258f127631e845d,direct-framework-reference,,javax/net/ssl/TrustManagerFactory,definition-present,unknown,4,0,unknown,noice-evidence.json#/rows/1000,False,unknown
noice,bbb21d7321668031774b5fc2e44ce632d7b2538853e09083a258f127631e845d,direct-framework-reference,,javax/net/ssl/X509TrustManager,definition-present,unknown,19,0,unknown,noice-evidence.json#/rows/1001,False,unknown
noice,bbb21d7321668031774b5fc2e44ce632d7b2538853e09083a258f127631e845d,direct-framework-reference,,javax/security/auth/x500/X500Principal,definition-present,unknown,2,0,unknown,noice-evidence.json#/rows/1002,False,unknown
noice,bbb21d7321668031774b5fc2e44ce632d7b2538853e09083a258f127631e845d,direct-framework-reference,,javax/xml/parsers/SAXParser,definition-present,unknown,1,0,unknown,noice-evidence.json#/rows/1003,False,unknown
noice,bbb21d7321668031774b5fc2e44ce632d7b2538853e09083a258f127631e845d,direct-framework-reference,,javax/xml/parsers/SAXParserFactory,definition-present,unknown,1,0,unknown,noice-evidence.json#/rows/1004,False,unknown
noice,bbb21d7321668031774b5fc2e44ce632d7b2538853e09083a258f127631e845d,direct-framework-reference,,org/xml/sax/Attributes,definition-present,unknown,15,0,unknown,noice-evidence.json#/rows/1005,False,unknown
noice,bbb21d7321668031774b5fc2e44ce632d7b2538853e09083a258f127631e845d,direct-framework-reference,,org/xml/sax/ContentHandler,definition-present,unknown,1,0,unknown,noice-evidence.json#/rows/1006,False,unknown
noice,bbb21d7321668031774b5fc2e44ce632d7b2538853e09083a258f127631e845d,direct-framework-reference,,org/xml/sax/InputSource,definition-present,unknown,1,0,unknown,noice-evidence.json#/rows/1007,False,unknown
noice,bbb21d7321668031774b5fc2e44ce632d7b2538853e09083a258f127631e845d,direct-framework-reference,,org/xml/sax/SAXException,definition-present,unknown,2,0,unknown,noice-evidence.json#/rows/1008,False,unknown
noice,bbb21d7321668031774b5fc2e44ce632d7b2538853e09083a258f127631e845d,direct-framework-reference,,org/xml/sax/XMLReader,definition-present,unknown,1,0,unknown,noice-evidence.json#/rows/1009,False,unknown
noice,bbb21d7321668031774b5fc2e44ce632d7b2538853e09083a258f127631e845d,direct-framework-reference,,org/xml/sax/ext/DefaultHandler2,definition-present,unknown,1,0,unknown,noice-evidence.json#/rows/1010,False,unknown
noice,bbb21d7321668031774b5fc2e44ce632d7b2538853e09083a258f127631e845d,manager-interface-prerequisite,account,android/accounts/IAccountManager,definition-present,unknown,1,0,unknown,noice-evidence.json#/rows/1011,True,False
noice,bbb21d7321668031774b5fc2e44ce632d7b2538853e09083a258f127631e845d,manager-interface-prerequisite,alarm,android/app/IAlarmManager,definition-present,unknown,18,0,unknown,noice-evidence.json#/rows/1012,True,False
noice,bbb21d7321668031774b5fc2e44ce632d7b2538853e09083a258f127631e845d,manager-interface-prerequisite,appops,com/android/internal/app/IAppOpsService,definition-present,unknown,11,0,unknown,noice-evidence.json#/rows/1013,True,False
noice,bbb21d7321668031774b5fc2e44ce632d7b2538853e09083a258f127631e845d,manager-interface-prerequisite,audio,android/media/IAudioService,definition-present,unknown,21,0,unknown,noice-evidence.json#/rows/1014,True,False
noice,bbb21d7321668031774b5fc2e44ce632d7b2538853e09083a258f127631e845d,manager-interface-prerequisite,clipboard,android/content/IClipboard,definition-present,unknown,3,0,unknown,noice-evidence.json#/rows/1015,True,False
noice,bbb21d7321668031774b5fc2e44ce632d7b2538853e09083a258f127631e845d,manager-interface-prerequisite,connectivity,android/net/IConnectivityManager,definition-absent,yes-static,26,2,unresolvable-in-scanned-inputs,noice-evidence.json#/rows/1016,True,False
noice,bbb21d7321668031774b5fc2e44ce632d7b2538853e09083a258f127631e845d,manager-interface-prerequisite,jobscheduler,android/app/job/IJobScheduler,definition-present,yes-static,10,1,unknown,noice-evidence.json#/rows/1017,True,False
noice,bbb21d7321668031774b5fc2e44ce632d7b2538853e09083a258f127631e845d,manager-interface-prerequisite,locale,android/app/ILocaleManager,definition-present,unknown,2,0,unknown,noice-evidence.json#/rows/1018,True,False
noice,bbb21d7321668031774b5fc2e44ce632d7b2538853e09083a258f127631e845d,manager-interface-prerequisite,location,android/location/ILocationManager,definition-present,yes-static,4,2,unknown,noice-evidence.json#/rows/1019,True,False
noice,bbb21d7321668031774b5fc2e44ce632d7b2538853e09083a258f127631e845d,manager-interface-prerequisite,notification,android/app/INotificationManager,definition-present,yes-static,16,1,unknown,noice-evidence.json#/rows/1020,True,False
noice,bbb21d7321668031774b5fc2e44ce632d7b2538853e09083a258f127631e845d,manager-interface-prerequisite,power,android/os/IPowerManager,definition-present,yes-static,9,2,unknown,noice-evidence.json#/rows/1021,True,False
noice,bbb21d7321668031774b5fc2e44ce632d7b2538853e09083a258f127631e845d,manager-interface-prerequisite,uimode,android/app/IUiModeManager,definition-present,yes-static,3,1,unknown,noice-evidence.json#/rows/1022,True,False
noice,bbb21d7321668031774b5fc2e44ce632d7b2538853e09083a258f127631e845d,service-call,accessibility,,unknown,yes-static,14,3,unknown,noice-evidence.json#/rows/1023,False,False
noice,bbb21d7321668031774b5fc2e44ce632d7b2538853e09083a258f127631e845d,service-call,activity,,unknown,yes-static,4,1,unknown,noice-evidence.json#/rows/1024,False,False
noice,bbb21d7321668031774b5fc2e44ce632d7b2538853e09083a258f127631e845d,service-call,captioning,,unknown,unknown,1,0,unknown,noice-evidence.json#/rows/1025,False,False
noice,bbb21d7321668031774b5fc2e44ce632d7b2538853e09083a258f127631e845d,service-call,display,,unknown,unknown,1,0,unknown,noice-evidence.json#/rows/1026,False,False
noice,bbb21d7321668031774b5fc2e44ce632d7b2538853e09083a258f127631e845d,service-call,input_method,,unknown,unknown,6,0,unknown,noice-evidence.json#/rows/1027,False,False
noice,bbb21d7321668031774b5fc2e44ce632d7b2538853e09083a258f127631e845d,service-call,layout_inflater,,unknown,unknown,2,0,unknown,noice-evidence.json#/rows/1028,False,False
noice,bbb21d7321668031774b5fc2e44ce632d7b2538853e09083a258f127631e845d,service-call,media_metrics,,unknown,unknown,1,0,unknown,noice-evidence.json#/rows/1029,False,False
noice,bbb21d7321668031774b5fc2e44ce632d7b2538853e09083a258f127631e845d,service-call,media_router,,unknown,unknown,1,0,unknown,noice-evidence.json#/rows/1030,False,False
noice,bbb21d7321668031774b5fc2e44ce632d7b2538853e09083a258f127631e845d,service-call,unknown,,unknown,unknown,14,0,unknown,noice-evidence.json#/rows/1031,False,False
noice,bbb21d7321668031774b5fc2e44ce632d7b2538853e09083a258f127631e845d,service-call,vibrator,,unknown,unknown,1,0,unknown,noice-evidence.json#/rows/1032,False,False
noice,bbb21d7321668031774b5fc2e44ce632d7b2538853e09083a258f127631e845d,service-call,wifi,,unknown,unknown,1,0,unknown,noice-evidence.json#/rows/1033,False,False
noice,bbb21d7321668031774b5fc2e44ce632d7b2538853e09083a258f127631e845d,service-call,window,,unknown,yes-static,6,1,unknown,noice-evidence.json#/rows/1034,False,False
noice,bbb21d7321668031774b5fc2e44ce632d7b2538853e09083a258f127631e845d,service-interface-prerequisite,alarm,android/app/IAlarmManager,definition-present,unknown,3,0,unknown,noice-evidence.json#/rows/1035,True,False
noice,bbb21d7321668031774b5fc2e44ce632d7b2538853e09083a258f127631e845d,service-interface-prerequisite,appops,com/android/internal/app/IAppOpsService,definition-present,unknown,2,0,unknown,noice-evidence.json#/rows/1036,True,False
noice,bbb21d7321668031774b5fc2e44ce632d7b2538853e09083a258f127631e845d,service-interface-prerequisite,audio,android/media/IAudioService,definition-present,unknown,5,0,unknown,noice-evidence.json#/rows/1037,True,False
noice,bbb21d7321668031774b5fc2e44ce632d7b2538853e09083a258f127631e845d,service-interface-prerequisite,clipboard,android/content/IClipboard,definition-present,unknown,2,0,unknown,noice-evidence.json#/rows/1038,True,False
noice,bbb21d7321668031774b5fc2e44ce632d7b2538853e09083a258f127631e845d,service-interface-prerequisite,connectivity,android/net/IConnectivityManager,definition-absent,yes-static,4,2,unresolvable-in-scanned-inputs,noice-evidence.json#/rows/1039,True,False
noice,bbb21d7321668031774b5fc2e44ce632d7b2538853e09083a258f127631e845d,service-interface-prerequisite,jobscheduler,android/app/job/IJobScheduler,definition-present,yes-static,3,1,unknown,noice-evidence.json#/rows/1040,True,False
noice,bbb21d7321668031774b5fc2e44ce632d7b2538853e09083a258f127631e845d,service-interface-prerequisite,location,android/location/ILocationManager,definition-present,yes-static,1,1,unknown,noice-evidence.json#/rows/1041,True,False
noice,bbb21d7321668031774b5fc2e44ce632d7b2538853e09083a258f127631e845d,service-interface-prerequisite,notification,android/app/INotificationManager,definition-present,yes-static,4,1,unknown,noice-evidence.json#/rows/1042,True,False
noice,bbb21d7321668031774b5fc2e44ce632d7b2538853e09083a258f127631e845d,service-interface-prerequisite,power,android/os/IPowerManager,definition-present,yes-static,4,1,unknown,noice-evidence.json#/rows/1043,True,False
noice,bbb21d7321668031774b5fc2e44ce632d7b2538853e09083a258f127631e845d,service-interface-prerequisite,uimode,android/app/IUiModeManager,definition-present,yes-static,2,1,unknown,noice-evidence.json#/rows/1044,True,False
