app,apk_sha256,kind,service,class,availability,startup_reachable,full_method_reference_count,startup_method_reference_count,runtime_load,evidence,stub_ok,needs_real
ooniprobe,7a5bc50be59ad5ed7526dd510a2128a6dc92ba08bd272e3645622783ba91a319,direct-framework-reference,,android/accessibilityservice/AccessibilityServiceInfo,definition-present,yes-static,2,2,unknown,ooniprobe-evidence.json#/rows/0,False,unknown
ooniprobe,7a5bc50be59ad5ed7526dd510a2128a6dc92ba08bd272e3645622783ba91a319,direct-framework-reference,,android/animation/Animator,definition-present,unknown,1,0,unknown,ooniprobe-evidence.json#/rows/1,False,unknown
ooniprobe,7a5bc50be59ad5ed7526dd510a2128a6dc92ba08bd272e3645622783ba91a319,direct-framework-reference,,android/animation/AnimatorListenerAdapter,definition-present,unknown,1,0,unknown,ooniprobe-evidence.json#/rows/2,False,unknown
ooniprobe,7a5bc50be59ad5ed7526dd510a2128a6dc92ba08bd272e3645622783ba91a319,direct-framework-reference,,android/animation/TimeInterpolator,definition-present,unknown,1,0,unknown,ooniprobe-evidence.json#/rows/3,False,unknown
ooniprobe,7a5bc50be59ad5ed7526dd510a2128a6dc92ba08bd272e3645622783ba91a319,direct-framework-reference,,android/animation/ValueAnimator,definition-present,unknown,4,0,unknown,ooniprobe-evidence.json#/rows/4,False,unknown
ooniprobe,7a5bc50be59ad5ed7526dd510a2128a6dc92ba08bd272e3645622783ba91a319,direct-framework-reference,,android/app/ActionBar,definition-present,unknown,1,0,unknown,ooniprobe-evidence.json#/rows/5,False,unknown
ooniprobe,7a5bc50be59ad5ed7526dd510a2128a6dc92ba08bd272e3645622783ba91a319,direct-framework-reference,,android/app/Activity,definition-present,yes-static,77,14,unknown,ooniprobe-evidence.json#/rows/6,False,unknown
ooniprobe,7a5bc50be59ad5ed7526dd510a2128a6dc92ba08bd272e3645622783ba91a319,direct-framework-reference,,android/app/ActivityManager,definition-present,yes-static,4,1,unknown,ooniprobe-evidence.json#/rows/7,False,unknown
ooniprobe,7a5bc50be59ad5ed7526dd510a2128a6dc92ba08bd272e3645622783ba91a319,direct-framework-reference,,android/app/ActivityManager$RunningAppProcessInfo,definition-present,unknown,1,0,unknown,ooniprobe-evidence.json#/rows/8,False,unknown
ooniprobe,7a5bc50be59ad5ed7526dd510a2128a6dc92ba08bd272e3645622783ba91a319,direct-framework-reference,,android/app/ActivityOptions,definition-present,yes-static,1,1,unknown,ooniprobe-evidence.json#/rows/9,False,unknown
ooniprobe,7a5bc50be59ad5ed7526dd510a2128a6dc92ba08bd272e3645622783ba91a319,direct-framework-reference,,android/app/AlarmManager,definition-present,unknown,1,0,unknown,ooniprobe-evidence.json#/rows/10,False,unknown
ooniprobe,7a5bc50be59ad5ed7526dd510a2128a6dc92ba08bd272e3645622783ba91a319,direct-framework-reference,,android/app/AppComponentFactory,definition-present,unknown,1,0,unknown,ooniprobe-evidence.json#/rows/11,False,unknown
ooniprobe,7a5bc50be59ad5ed7526dd510a2128a6dc92ba08bd272e3645622783ba91a319,direct-framework-reference,,android/app/Application,definition-present,yes-static,24,3,unknown,ooniprobe-evidence.json#/rows/12,False,unknown
ooniprobe,7a5bc50be59ad5ed7526dd510a2128a6dc92ba08bd272e3645622783ba91a319,direct-framework-reference,,android/app/ApplicationExitInfo,definition-present,unknown,1,0,unknown,ooniprobe-evidence.json#/rows/13,False,unknown
ooniprobe,7a5bc50be59ad5ed7526dd510a2128a6dc92ba08bd272e3645622783ba91a319,direct-framework-reference,,android/app/Dialog,definition-present,unknown,17,0,unknown,ooniprobe-evidence.json#/rows/14,False,unknown
ooniprobe,7a5bc50be59ad5ed7526dd510a2128a6dc92ba08bd272e3645622783ba91a319,direct-framework-reference,,android/app/Fragment,definition-present,yes-static,10,2,unknown,ooniprobe-evidence.json#/rows/15,False,unknown
ooniprobe,7a5bc50be59ad5ed7526dd510a2128a6dc92ba08bd272e3645622783ba91a319,direct-framework-reference,,android/app/FragmentManager,definition-present,yes-static,2,1,unknown,ooniprobe-evidence.json#/rows/16,False,unknown
ooniprobe,7a5bc50be59ad5ed7526dd510a2128a6dc92ba08bd272e3645622783ba91a319,direct-framework-reference,,android/app/FragmentTransaction,definition-present,yes-static,1,1,unknown,ooniprobe-evidence.json#/rows/17,False,unknown
ooniprobe,7a5bc50be59ad5ed7526dd510a2128a6dc92ba08bd272e3645622783ba91a319,direct-framework-reference,,android/app/Instrumentation,definition-present,unknown,1,0,unknown,ooniprobe-evidence.json#/rows/18,False,unknown
ooniprobe,7a5bc50be59ad5ed7526dd510a2128a6dc92ba08bd272e3645622783ba91a319,direct-framework-reference,,android/app/LocaleConfig,definition-present,yes-static,1,1,unknown,ooniprobe-evidence.json#/rows/19,False,unknown
ooniprobe,7a5bc50be59ad5ed7526dd510a2128a6dc92ba08bd272e3645622783ba91a319,direct-framework-reference,,android/app/LocaleManager,definition-present,yes-static,1,1,unknown,ooniprobe-evidence.json#/rows/20,False,unknown
ooniprobe,7a5bc50be59ad5ed7526dd510a2128a6dc92ba08bd272e3645622783ba91a319,direct-framework-reference,,android/app/Notification,definition-present,unknown,18,0,unknown,ooniprobe-evidence.json#/rows/21,False,unknown
ooniprobe,7a5bc50be59ad5ed7526dd510a2128a6dc92ba08bd272e3645622783ba91a319,direct-framework-reference,,android/app/Notification$Action,definition-present,unknown,1,0,unknown,ooniprobe-evidence.json#/rows/22,False,unknown
ooniprobe,7a5bc50be59ad5ed7526dd510a2128a6dc92ba08bd272e3645622783ba91a319,direct-framework-reference,,android/app/Notification$Action$Builder,definition-present,unknown,4,0,unknown,ooniprobe-evidence.json#/rows/23,False,unknown
ooniprobe,7a5bc50be59ad5ed7526dd510a2128a6dc92ba08bd272e3645622783ba91a319,direct-framework-reference,,android/app/Notification$BubbleMetadata,definition-present,unknown,1,0,unknown,ooniprobe-evidence.json#/rows/24,False,unknown
ooniprobe,7a5bc50be59ad5ed7526dd510a2128a6dc92ba08bd272e3645622783ba91a319,direct-framework-reference,,android/app/Notification$Builder,definition-present,unknown,10,0,unknown,ooniprobe-evidence.json#/rows/25,False,unknown
ooniprobe,7a5bc50be59ad5ed7526dd510a2128a6dc92ba08bd272e3645622783ba91a319,direct-framework-reference,,android/app/NotificationChannel,definition-present,unknown,2,0,unknown,ooniprobe-evidence.json#/rows/26,False,unknown
ooniprobe,7a5bc50be59ad5ed7526dd510a2128a6dc92ba08bd272e3645622783ba91a319,direct-framework-reference,,android/app/NotificationManager,definition-present,unknown,10,0,unknown,ooniprobe-evidence.json#/rows/27,False,unknown
ooniprobe,7a5bc50be59ad5ed7526dd510a2128a6dc92ba08bd272e3645622783ba91a319,direct-framework-reference,,android/app/PendingIntent,definition-present,yes-static,12,2,unknown,ooniprobe-evidence.json#/rows/28,False,unknown
ooniprobe,7a5bc50be59ad5ed7526dd510a2128a6dc92ba08bd272e3645622783ba91a319,direct-framework-reference,,android/app/PictureInPictureUiState,definition-present,unknown,2,0,unknown,ooniprobe-evidence.json#/rows/29,False,unknown
ooniprobe,7a5bc50be59ad5ed7526dd510a2128a6dc92ba08bd272e3645622783ba91a319,direct-framework-reference,,android/app/RemoteAction,definition-present,yes-static,12,2,unknown,ooniprobe-evidence.json#/rows/30,False,unknown
ooniprobe,7a5bc50be59ad5ed7526dd510a2128a6dc92ba08bd272e3645622783ba91a319,direct-framework-reference,,android/app/RemoteInput,definition-present,unknown,1,0,unknown,ooniprobe-evidence.json#/rows/31,False,unknown
ooniprobe,7a5bc50be59ad5ed7526dd510a2128a6dc92ba08bd272e3645622783ba91a319,direct-framework-reference,,android/app/RemoteInput$Builder,definition-present,unknown,1,0,unknown,ooniprobe-evidence.json#/rows/32,False,unknown
ooniprobe,7a5bc50be59ad5ed7526dd510a2128a6dc92ba08bd272e3645622783ba91a319,direct-framework-reference,,android/app/Service,definition-present,unknown,13,0,unknown,ooniprobe-evidence.json#/rows/33,False,unknown
ooniprobe,7a5bc50be59ad5ed7526dd510a2128a6dc92ba08bd272e3645622783ba91a319,direct-framework-reference,,android/app/job/JobInfo,definition-present,unknown,7,0,unknown,ooniprobe-evidence.json#/rows/34,False,unknown
ooniprobe,7a5bc50be59ad5ed7526dd510a2128a6dc92ba08bd272e3645622783ba91a319,direct-framework-reference,,android/app/job/JobInfo$Builder,definition-present,unknown,1,0,unknown,ooniprobe-evidence.json#/rows/35,False,unknown
ooniprobe,7a5bc50be59ad5ed7526dd510a2128a6dc92ba08bd272e3645622783ba91a319,direct-framework-reference,,android/app/job/JobInfo$TriggerContentUri,definition-present,unknown,1,0,unknown,ooniprobe-evidence.json#/rows/36,False,unknown
ooniprobe,7a5bc50be59ad5ed7526dd510a2128a6dc92ba08bd272e3645622783ba91a319,direct-framework-reference,,android/app/job/JobParameters,definition-present,unknown,6,0,unknown,ooniprobe-evidence.json#/rows/37,False,unknown
ooniprobe,7a5bc50be59ad5ed7526dd510a2128a6dc92ba08bd272e3645622783ba91a319,direct-framework-reference,,android/app/job/JobScheduler,definition-present,unknown,9,0,unknown,ooniprobe-evidence.json#/rows/38,False,unknown
ooniprobe,7a5bc50be59ad5ed7526dd510a2128a6dc92ba08bd272e3645622783ba91a319,direct-framework-reference,,android/app/job/JobService,definition-present,unknown,3,0,unknown,ooniprobe-evidence.json#/rows/39,False,unknown
ooniprobe,7a5bc50be59ad5ed7526dd510a2128a6dc92ba08bd272e3645622783ba91a319,direct-framework-reference,,android/content/BroadcastReceiver,definition-present,yes-static,16,1,unknown,ooniprobe-evidence.json#/rows/40,False,unknown
ooniprobe,7a5bc50be59ad5ed7526dd510a2128a6dc92ba08bd272e3645622783ba91a319,direct-framework-reference,,android/content/BroadcastReceiver$PendingResult,definition-present,unknown,2,0,unknown,ooniprobe-evidence.json#/rows/41,False,unknown
ooniprobe,7a5bc50be59ad5ed7526dd510a2128a6dc92ba08bd272e3645622783ba91a319,direct-framework-reference,,android/content/ClipData,definition-present,yes-static,6,1,unknown,ooniprobe-evidence.json#/rows/42,False,unknown
ooniprobe,7a5bc50be59ad5ed7526dd510a2128a6dc92ba08bd272e3645622783ba91a319,direct-framework-reference,,android/content/ClipData$Item,definition-present,unknown,1,0,unknown,ooniprobe-evidence.json#/rows/43,False,unknown
ooniprobe,7a5bc50be59ad5ed7526dd510a2128a6dc92ba08bd272e3645622783ba91a319,direct-framework-reference,,android/content/ClipDescription,definition-present,yes-static,2,1,unknown,ooniprobe-evidence.json#/rows/44,False,unknown
ooniprobe,7a5bc50be59ad5ed7526dd510a2128a6dc92ba08bd272e3645622783ba91a319,direct-framework-reference,,android/content/ClipboardManager,definition-present,yes-static,7,2,unknown,ooniprobe-evidence.json#/rows/45,False,unknown
ooniprobe,7a5bc50be59ad5ed7526dd510a2128a6dc92ba08bd272e3645622783ba91a319,direct-framework-reference,,android/content/ComponentCallbacks,definition-present,yes-static,7,3,unknown,ooniprobe-evidence.json#/rows/46,False,unknown
ooniprobe,7a5bc50be59ad5ed7526dd510a2128a6dc92ba08bd272e3645622783ba91a319,direct-framework-reference,,android/content/ComponentName,definition-present,yes-static,13,1,unknown,ooniprobe-evidence.json#/rows/47,False,unknown
ooniprobe,7a5bc50be59ad5ed7526dd510a2128a6dc92ba08bd272e3645622783ba91a319,direct-framework-reference,,android/content/ContentProvider,definition-present,yes-static,10,7,unknown,ooniprobe-evidence.json#/rows/48,False,unknown
ooniprobe,7a5bc50be59ad5ed7526dd510a2128a6dc92ba08bd272e3645622783ba91a319,direct-framework-reference,,android/content/ContentProviderClient,definition-present,unknown,1,0,unknown,ooniprobe-evidence.json#/rows/49,False,unknown
ooniprobe,7a5bc50be59ad5ed7526dd510a2128a6dc92ba08bd272e3645622783ba91a319,direct-framework-reference,,android/content/ContentResolver,definition-present,unknown,11,0,unknown,ooniprobe-evidence.json#/rows/50,False,unknown
ooniprobe,7a5bc50be59ad5ed7526dd510a2128a6dc92ba08bd272e3645622783ba91a319,direct-framework-reference,,android/content/ContentUris,definition-present,unknown,1,0,unknown,ooniprobe-evidence.json#/rows/51,False,unknown
ooniprobe,7a5bc50be59ad5ed7526dd510a2128a6dc92ba08bd272e3645622783ba91a319,direct-framework-reference,,android/content/ContentValues,definition-present,unknown,1,0,unknown,ooniprobe-evidence.json#/rows/52,False,unknown
ooniprobe,7a5bc50be59ad5ed7526dd510a2128a6dc92ba08bd272e3645622783ba91a319,direct-framework-reference,,android/content/Context,definition-present,yes-static,400,66,unknown,ooniprobe-evidence.json#/rows/53,False,unknown
ooniprobe,7a5bc50be59ad5ed7526dd510a2128a6dc92ba08bd272e3645622783ba91a319,direct-framework-reference,,android/content/ContextWrapper,definition-present,yes-static,10,2,unknown,ooniprobe-evidence.json#/rows/54,False,unknown
ooniprobe,7a5bc50be59ad5ed7526dd510a2128a6dc92ba08bd272e3645622783ba91a319,direct-framework-reference,,android/content/Intent,definition-present,yes-static,59,5,unknown,ooniprobe-evidence.json#/rows/55,False,unknown
ooniprobe,7a5bc50be59ad5ed7526dd510a2128a6dc92ba08bd272e3645622783ba91a319,direct-framework-reference,,android/content/IntentFilter,definition-present,yes-static,7,1,unknown,ooniprobe-evidence.json#/rows/56,False,unknown
ooniprobe,7a5bc50be59ad5ed7526dd510a2128a6dc92ba08bd272e3645622783ba91a319,direct-framework-reference,,android/content/IntentSender,definition-present,yes-static,5,2,unknown,ooniprobe-evidence.json#/rows/57,False,unknown
ooniprobe,7a5bc50be59ad5ed7526dd510a2128a6dc92ba08bd272e3645622783ba91a319,direct-framework-reference,,android/content/IntentSender$SendIntentException,definition-present,unknown,1,0,unknown,ooniprobe-evidence.json#/rows/58,False,unknown
ooniprobe,7a5bc50be59ad5ed7526dd510a2128a6dc92ba08bd272e3645622783ba91a319,direct-framework-reference,,android/content/SharedPreferences,definition-present,yes-static,10,2,unknown,ooniprobe-evidence.json#/rows/59,False,unknown
ooniprobe,7a5bc50be59ad5ed7526dd510a2128a6dc92ba08bd272e3645622783ba91a319,direct-framework-reference,,android/content/SharedPreferences$Editor,definition-present,yes-static,4,1,unknown,ooniprobe-evidence.json#/rows/60,False,unknown
ooniprobe,7a5bc50be59ad5ed7526dd510a2128a6dc92ba08bd272e3645622783ba91a319,direct-framework-reference,,android/content/pm/ActivityInfo,definition-present,unknown,4,0,unknown,ooniprobe-evidence.json#/rows/61,False,unknown
ooniprobe,7a5bc50be59ad5ed7526dd510a2128a6dc92ba08bd272e3645622783ba91a319,direct-framework-reference,,android/content/pm/ApplicationInfo,definition-present,yes-static,4,1,unknown,ooniprobe-evidence.json#/rows/62,False,unknown
ooniprobe,7a5bc50be59ad5ed7526dd510a2128a6dc92ba08bd272e3645622783ba91a319,direct-framework-reference,,android/content/pm/PackageInfo,definition-present,yes-static,13,3,unknown,ooniprobe-evidence.json#/rows/63,False,unknown
ooniprobe,7a5bc50be59ad5ed7526dd510a2128a6dc92ba08bd272e3645622783ba91a319,direct-framework-reference,,android/content/pm/PackageItemInfo,definition-present,yes-static,1,1,unknown,ooniprobe-evidence.json#/rows/64,False,unknown
ooniprobe,7a5bc50be59ad5ed7526dd510a2128a6dc92ba08bd272e3645622783ba91a319,direct-framework-reference,,android/content/pm/PackageManager,definition-present,yes-static,23,6,unknown,ooniprobe-evidence.json#/rows/65,False,unknown
ooniprobe,7a5bc50be59ad5ed7526dd510a2128a6dc92ba08bd272e3645622783ba91a319,direct-framework-reference,,android/content/pm/PackageManager$NameNotFoundException,definition-present,unknown,1,0,unknown,ooniprobe-evidence.json#/rows/66,False,unknown
ooniprobe,7a5bc50be59ad5ed7526dd510a2128a6dc92ba08bd272e3645622783ba91a319,direct-framework-reference,,android/content/pm/PackageManager$PackageInfoFlags,definition-present,unknown,1,0,unknown,ooniprobe-evidence.json#/rows/67,False,unknown
ooniprobe,7a5bc50be59ad5ed7526dd510a2128a6dc92ba08bd272e3645622783ba91a319,direct-framework-reference,,android/content/pm/ProviderInfo,definition-present,yes-static,7,2,unknown,ooniprobe-evidence.json#/rows/68,False,unknown
ooniprobe,7a5bc50be59ad5ed7526dd510a2128a6dc92ba08bd272e3645622783ba91a319,direct-framework-reference,,android/content/pm/ResolveInfo,definition-present,unknown,7,0,unknown,ooniprobe-evidence.json#/rows/69,False,unknown
ooniprobe,7a5bc50be59ad5ed7526dd510a2128a6dc92ba08bd272e3645622783ba91a319,direct-framework-reference,,android/content/pm/Signature,definition-present,unknown,4,0,unknown,ooniprobe-evidence.json#/rows/70,False,unknown
ooniprobe,7a5bc50be59ad5ed7526dd510a2128a6dc92ba08bd272e3645622783ba91a319,direct-framework-reference,,android/content/res/AssetFileDescriptor,definition-present,unknown,6,0,unknown,ooniprobe-evidence.json#/rows/71,False,unknown
ooniprobe,7a5bc50be59ad5ed7526dd510a2128a6dc92ba08bd272e3645622783ba91a319,direct-framework-reference,,android/content/res/AssetManager,definition-present,yes-static,12,3,unknown,ooniprobe-evidence.json#/rows/72,False,unknown
ooniprobe,7a5bc50be59ad5ed7526dd510a2128a6dc92ba08bd272e3645622783ba91a319,direct-framework-reference,,android/content/res/ColorStateList,definition-present,unknown,36,0,unknown,ooniprobe-evidence.json#/rows/73,False,unknown
ooniprobe,7a5bc50be59ad5ed7526dd510a2128a6dc92ba08bd272e3645622783ba91a319,direct-framework-reference,,android/content/res/Configuration,definition-present,yes-static,34,11,unknown,ooniprobe-evidence.json#/rows/74,False,unknown
ooniprobe,7a5bc50be59ad5ed7526dd510a2128a6dc92ba08bd272e3645622783ba91a319,direct-framework-reference,,android/content/res/Resources,definition-present,yes-static,86,11,unknown,ooniprobe-evidence.json#/rows/75,False,unknown
ooniprobe,7a5bc50be59ad5ed7526dd510a2128a6dc92ba08bd272e3645622783ba91a319,direct-framework-reference,,android/content/res/Resources$NotFoundException,definition-present,unknown,1,0,unknown,ooniprobe-evidence.json#/rows/76,False,unknown
ooniprobe,7a5bc50be59ad5ed7526dd510a2128a6dc92ba08bd272e3645622783ba91a319,direct-framework-reference,,android/content/res/Resources$Theme,definition-present,unknown,18,0,unknown,ooniprobe-evidence.json#/rows/77,False,unknown
ooniprobe,7a5bc50be59ad5ed7526dd510a2128a6dc92ba08bd272e3645622783ba91a319,direct-framework-reference,,android/content/res/TypedArray,definition-present,yes-static,29,3,unknown,ooniprobe-evidence.json#/rows/78,False,unknown
ooniprobe,7a5bc50be59ad5ed7526dd510a2128a6dc92ba08bd272e3645622783ba91a319,direct-framework-reference,,android/content/res/XmlResourceParser,definition-present,yes-static,7,1,unknown,ooniprobe-evidence.json#/rows/79,False,unknown
ooniprobe,7a5bc50be59ad5ed7526dd510a2128a6dc92ba08bd272e3645622783ba91a319,direct-framework-reference,,android/database/ContentObserver,definition-present,unknown,2,0,unknown,ooniprobe-evidence.json#/rows/80,False,unknown
ooniprobe,7a5bc50be59ad5ed7526dd510a2128a6dc92ba08bd272e3645622783ba91a319,direct-framework-reference,,android/database/Cursor,definition-present,yes-static,21,3,unknown,ooniprobe-evidence.json#/rows/81,False,unknown
ooniprobe,7a5bc50be59ad5ed7526dd510a2128a6dc92ba08bd272e3645622783ba91a319,direct-framework-reference,,android/database/DatabaseErrorHandler,definition-present,yes-static,1,1,unknown,ooniprobe-evidence.json#/rows/82,False,unknown
ooniprobe,7a5bc50be59ad5ed7526dd510a2128a6dc92ba08bd272e3645622783ba91a319,direct-framework-reference,,android/database/MatrixCursor,definition-present,unknown,1,0,unknown,ooniprobe-evidence.json#/rows/83,False,unknown
ooniprobe,7a5bc50be59ad5ed7526dd510a2128a6dc92ba08bd272e3645622783ba91a319,direct-framework-reference,,android/database/SQLException,definition-present,unknown,1,0,unknown,ooniprobe-evidence.json#/rows/84,False,unknown
ooniprobe,7a5bc50be59ad5ed7526dd510a2128a6dc92ba08bd272e3645622783ba91a319,direct-framework-reference,,android/database/sqlite/SQLiteClosable,definition-present,unknown,2,0,unknown,ooniprobe-evidence.json#/rows/85,False,unknown
ooniprobe,7a5bc50be59ad5ed7526dd510a2128a6dc92ba08bd272e3645622783ba91a319,direct-framework-reference,,android/database/sqlite/SQLiteCursor,definition-present,unknown,1,0,unknown,ooniprobe-evidence.json#/rows/86,False,unknown
ooniprobe,7a5bc50be59ad5ed7526dd510a2128a6dc92ba08bd272e3645622783ba91a319,direct-framework-reference,,android/database/sqlite/SQLiteCursorDriver,definition-present,unknown,1,0,unknown,ooniprobe-evidence.json#/rows/87,False,unknown
ooniprobe,7a5bc50be59ad5ed7526dd510a2128a6dc92ba08bd272e3645622783ba91a319,direct-framework-reference,,android/database/sqlite/SQLiteDatabase,definition-present,yes-static,26,5,unknown,ooniprobe-evidence.json#/rows/88,False,unknown
ooniprobe,7a5bc50be59ad5ed7526dd510a2128a6dc92ba08bd272e3645622783ba91a319,direct-framework-reference,,android/database/sqlite/SQLiteDatabase$CursorFactory,definition-present,yes-static,2,1,unknown,ooniprobe-evidence.json#/rows/89,False,unknown
ooniprobe,7a5bc50be59ad5ed7526dd510a2128a6dc92ba08bd272e3645622783ba91a319,direct-framework-reference,,android/database/sqlite/SQLiteException,definition-present,unknown,2,0,unknown,ooniprobe-evidence.json#/rows/90,False,unknown
ooniprobe,7a5bc50be59ad5ed7526dd510a2128a6dc92ba08bd272e3645622783ba91a319,direct-framework-reference,,android/database/sqlite/SQLiteOpenHelper,definition-present,yes-static,6,2,unknown,ooniprobe-evidence.json#/rows/91,False,unknown
ooniprobe,7a5bc50be59ad5ed7526dd510a2128a6dc92ba08bd272e3645622783ba91a319,direct-framework-reference,,android/database/sqlite/SQLiteProgram,definition-present,yes-static,10,2,unknown,ooniprobe-evidence.json#/rows/92,False,unknown
ooniprobe,7a5bc50be59ad5ed7526dd510a2128a6dc92ba08bd272e3645622783ba91a319,direct-framework-reference,,android/database/sqlite/SQLiteQuery,definition-present,unknown,1,0,unknown,ooniprobe-evidence.json#/rows/93,False,unknown
ooniprobe,7a5bc50be59ad5ed7526dd510a2128a6dc92ba08bd272e3645622783ba91a319,direct-framework-reference,,android/database/sqlite/SQLiteStatement,definition-present,unknown,5,0,unknown,ooniprobe-evidence.json#/rows/94,False,unknown
ooniprobe,7a5bc50be59ad5ed7526dd510a2128a6dc92ba08bd272e3645622783ba91a319,direct-framework-reference,,android/database/sqlite/SQLiteTransactionListener,definition-present,unknown,1,0,unknown,ooniprobe-evidence.json#/rows/95,False,unknown
ooniprobe,7a5bc50be59ad5ed7526dd510a2128a6dc92ba08bd272e3645622783ba91a319,direct-framework-reference,,android/graphics/Bitmap,definition-present,yes-static,55,10,unknown,ooniprobe-evidence.json#/rows/96,False,unknown
ooniprobe,7a5bc50be59ad5ed7526dd510a2128a6dc92ba08bd272e3645622783ba91a319,direct-framework-reference,,android/graphics/Bitmap$Config,definition-present,yes-static,28,7,unknown,ooniprobe-evidence.json#/rows/97,False,unknown
ooniprobe,7a5bc50be59ad5ed7526dd510a2128a6dc92ba08bd272e3645622783ba91a319,direct-framework-reference,,android/graphics/BitmapFactory,definition-present,yes-static,3,1,unknown,ooniprobe-evidence.json#/rows/98,False,unknown
ooniprobe,7a5bc50be59ad5ed7526dd510a2128a6dc92ba08bd272e3645622783ba91a319,direct-framework-reference,,android/graphics/BitmapFactory$Options,definition-present,yes-static,2,1,unknown,ooniprobe-evidence.json#/rows/99,False,unknown
ooniprobe,7a5bc50be59ad5ed7526dd510a2128a6dc92ba08bd272e3645622783ba91a319,direct-framework-reference,,android/graphics/BitmapShader,definition-present,unknown,1,0,unknown,ooniprobe-evidence.json#/rows/100,False,unknown
ooniprobe,7a5bc50be59ad5ed7526dd510a2128a6dc92ba08bd272e3645622783ba91a319,direct-framework-reference,,android/graphics/BlendMode,definition-present,yes-static,10,4,unknown,ooniprobe-evidence.json#/rows/101,False,unknown
ooniprobe,7a5bc50be59ad5ed7526dd510a2128a6dc92ba08bd272e3645622783ba91a319,direct-framework-reference,,android/graphics/BlendModeColorFilter,definition-present,yes-static,3,2,unknown,ooniprobe-evidence.json#/rows/102,False,unknown
ooniprobe,7a5bc50be59ad5ed7526dd510a2128a6dc92ba08bd272e3645622783ba91a319,direct-framework-reference,,android/graphics/BlurMaskFilter,definition-present,unknown,1,0,unknown,ooniprobe-evidence.json#/rows/103,False,unknown
ooniprobe,7a5bc50be59ad5ed7526dd510a2128a6dc92ba08bd272e3645622783ba91a319,direct-framework-reference,,android/graphics/BlurMaskFilter$Blur,definition-present,unknown,1,0,unknown,ooniprobe-evidence.json#/rows/104,False,unknown
ooniprobe,7a5bc50be59ad5ed7526dd510a2128a6dc92ba08bd272e3645622783ba91a319,direct-framework-reference,,android/graphics/Canvas,definition-present,yes-static,188,10,unknown,ooniprobe-evidence.json#/rows/105,False,unknown
ooniprobe,7a5bc50be59ad5ed7526dd510a2128a6dc92ba08bd272e3645622783ba91a319,direct-framework-reference,,android/graphics/Canvas$EdgeType,definition-present,unknown,3,0,unknown,ooniprobe-evidence.json#/rows/106,False,unknown
ooniprobe,7a5bc50be59ad5ed7526dd510a2128a6dc92ba08bd272e3645622783ba91a319,direct-framework-reference,,android/graphics/Canvas$VertexMode,definition-present,unknown,1,0,unknown,ooniprobe-evidence.json#/rows/107,False,unknown
ooniprobe,7a5bc50be59ad5ed7526dd510a2128a6dc92ba08bd272e3645622783ba91a319,direct-framework-reference,,android/graphics/Color,definition-present,unknown,6,0,unknown,ooniprobe-evidence.json#/rows/108,False,unknown
ooniprobe,7a5bc50be59ad5ed7526dd510a2128a6dc92ba08bd272e3645622783ba91a319,direct-framework-reference,,android/graphics/ColorFilter,definition-present,yes-static,12,3,unknown,ooniprobe-evidence.json#/rows/109,False,unknown
ooniprobe,7a5bc50be59ad5ed7526dd510a2128a6dc92ba08bd272e3645622783ba91a319,direct-framework-reference,,android/graphics/ColorMatrix,definition-present,unknown,1,0,unknown,ooniprobe-evidence.json#/rows/110,False,unknown
ooniprobe,7a5bc50be59ad5ed7526dd510a2128a6dc92ba08bd272e3645622783ba91a319,direct-framework-reference,,android/graphics/ColorMatrixColorFilter,definition-present,unknown,3,0,unknown,ooniprobe-evidence.json#/rows/111,False,unknown
ooniprobe,7a5bc50be59ad5ed7526dd510a2128a6dc92ba08bd272e3645622783ba91a319,direct-framework-reference,,android/graphics/ColorSpace,definition-present,yes-static,5,3,unknown,ooniprobe-evidence.json#/rows/112,False,unknown
ooniprobe,7a5bc50be59ad5ed7526dd510a2128a6dc92ba08bd272e3645622783ba91a319,direct-framework-reference,,android/graphics/ColorSpace$Named,definition-present,yes-static,2,2,unknown,ooniprobe-evidence.json#/rows/113,False,unknown
ooniprobe,7a5bc50be59ad5ed7526dd510a2128a6dc92ba08bd272e3645622783ba91a319,direct-framework-reference,,android/graphics/ColorSpace$Rgb,definition-present,yes-static,1,1,unknown,ooniprobe-evidence.json#/rows/114,False,unknown
ooniprobe,7a5bc50be59ad5ed7526dd510a2128a6dc92ba08bd272e3645622783ba91a319,direct-framework-reference,,android/graphics/ColorSpace$Rgb$TransferParameters,definition-present,yes-static,1,1,unknown,ooniprobe-evidence.json#/rows/115,False,unknown
ooniprobe,7a5bc50be59ad5ed7526dd510a2128a6dc92ba08bd272e3645622783ba91a319,direct-framework-reference,,android/graphics/ComposePathEffect,definition-present,unknown,1,0,unknown,ooniprobe-evidence.json#/rows/116,False,unknown
ooniprobe,7a5bc50be59ad5ed7526dd510a2128a6dc92ba08bd272e3645622783ba91a319,direct-framework-reference,,android/graphics/CornerPathEffect,definition-present,unknown,1,0,unknown,ooniprobe-evidence.json#/rows/117,False,unknown
ooniprobe,7a5bc50be59ad5ed7526dd510a2128a6dc92ba08bd272e3645622783ba91a319,direct-framework-reference,,android/graphics/DashPathEffect,definition-present,unknown,1,0,unknown,ooniprobe-evidence.json#/rows/118,False,unknown
ooniprobe,7a5bc50be59ad5ed7526dd510a2128a6dc92ba08bd272e3645622783ba91a319,direct-framework-reference,,android/graphics/DrawFilter,definition-present,unknown,2,0,unknown,ooniprobe-evidence.json#/rows/119,False,unknown
ooniprobe,7a5bc50be59ad5ed7526dd510a2128a6dc92ba08bd272e3645622783ba91a319,direct-framework-reference,,android/graphics/ImageDecoder,definition-present,unknown,3,0,unknown,ooniprobe-evidence.json#/rows/120,False,unknown
ooniprobe,7a5bc50be59ad5ed7526dd510a2128a6dc92ba08bd272e3645622783ba91a319,direct-framework-reference,,android/graphics/ImageDecoder$ImageInfo,definition-present,unknown,1,0,unknown,ooniprobe-evidence.json#/rows/121,False,unknown
ooniprobe,7a5bc50be59ad5ed7526dd510a2128a6dc92ba08bd272e3645622783ba91a319,direct-framework-reference,,android/graphics/ImageDecoder$OnHeaderDecodedListener,definition-present,unknown,1,0,unknown,ooniprobe-evidence.json#/rows/122,False,unknown
ooniprobe,7a5bc50be59ad5ed7526dd510a2128a6dc92ba08bd272e3645622783ba91a319,direct-framework-reference,,android/graphics/ImageDecoder$Source,definition-present,unknown,4,0,unknown,ooniprobe-evidence.json#/rows/123,False,unknown
ooniprobe,7a5bc50be59ad5ed7526dd510a2128a6dc92ba08bd272e3645622783ba91a319,direct-framework-reference,,android/graphics/Insets,definition-present,unknown,24,0,unknown,ooniprobe-evidence.json#/rows/124,False,unknown
ooniprobe,7a5bc50be59ad5ed7526dd510a2128a6dc92ba08bd272e3645622783ba91a319,direct-framework-reference,,android/graphics/LinearGradient,definition-present,unknown,4,0,unknown,ooniprobe-evidence.json#/rows/125,False,unknown
ooniprobe,7a5bc50be59ad5ed7526dd510a2128a6dc92ba08bd272e3645622783ba91a319,direct-framework-reference,,android/graphics/MaskFilter,definition-present,unknown,1,0,unknown,ooniprobe-evidence.json#/rows/126,False,unknown
ooniprobe,7a5bc50be59ad5ed7526dd510a2128a6dc92ba08bd272e3645622783ba91a319,direct-framework-reference,,android/graphics/Matrix,definition-present,yes-static,33,3,unknown,ooniprobe-evidence.json#/rows/127,False,unknown
ooniprobe,7a5bc50be59ad5ed7526dd510a2128a6dc92ba08bd272e3645622783ba91a319,direct-framework-reference,,android/graphics/NinePatch,definition-present,unknown,4,0,unknown,ooniprobe-evidence.json#/rows/128,False,unknown
ooniprobe,7a5bc50be59ad5ed7526dd510a2128a6dc92ba08bd272e3645622783ba91a319,direct-framework-reference,,android/graphics/Outline,definition-present,yes-static,6,2,unknown,ooniprobe-evidence.json#/rows/129,False,unknown
ooniprobe,7a5bc50be59ad5ed7526dd510a2128a6dc92ba08bd272e3645622783ba91a319,direct-framework-reference,,android/graphics/Paint,definition-present,yes-static,149,33,unknown,ooniprobe-evidence.json#/rows/130,False,unknown
ooniprobe,7a5bc50be59ad5ed7526dd510a2128a6dc92ba08bd272e3645622783ba91a319,direct-framework-reference,,android/graphics/Paint$Cap,definition-present,yes-static,4,2,unknown,ooniprobe-evidence.json#/rows/131,False,unknown
ooniprobe,7a5bc50be59ad5ed7526dd510a2128a6dc92ba08bd272e3645622783ba91a319,direct-framework-reference,,android/graphics/Paint$FontMetricsInt,definition-present,unknown,15,0,unknown,ooniprobe-evidence.json#/rows/132,False,unknown
ooniprobe,7a5bc50be59ad5ed7526dd510a2128a6dc92ba08bd272e3645622783ba91a319,direct-framework-reference,,android/graphics/Paint$Join,definition-present,yes-static,4,2,unknown,ooniprobe-evidence.json#/rows/133,False,unknown
ooniprobe,7a5bc50be59ad5ed7526dd510a2128a6dc92ba08bd272e3645622783ba91a319,direct-framework-reference,,android/graphics/Paint$Style,definition-present,yes-static,5,2,unknown,ooniprobe-evidence.json#/rows/134,False,unknown
ooniprobe,7a5bc50be59ad5ed7526dd510a2128a6dc92ba08bd272e3645622783ba91a319,direct-framework-reference,,android/graphics/Path,definition-present,yes-static,46,7,unknown,ooniprobe-evidence.json#/rows/135,False,unknown
ooniprobe,7a5bc50be59ad5ed7526dd510a2128a6dc92ba08bd272e3645622783ba91a319,direct-framework-reference,,android/graphics/Path$Direction,definition-present,yes-static,3,2,unknown,ooniprobe-evidence.json#/rows/136,False,unknown
ooniprobe,7a5bc50be59ad5ed7526dd510a2128a6dc92ba08bd272e3645622783ba91a319,direct-framework-reference,,android/graphics/Path$FillType,definition-present,unknown,2,0,unknown,ooniprobe-evidence.json#/rows/137,False,unknown
ooniprobe,7a5bc50be59ad5ed7526dd510a2128a6dc92ba08bd272e3645622783ba91a319,direct-framework-reference,,android/graphics/Path$Op,definition-present,yes-static,1,1,unknown,ooniprobe-evidence.json#/rows/138,False,unknown
ooniprobe,7a5bc50be59ad5ed7526dd510a2128a6dc92ba08bd272e3645622783ba91a319,direct-framework-reference,,android/graphics/PathEffect,definition-present,yes-static,6,1,unknown,ooniprobe-evidence.json#/rows/139,False,unknown
ooniprobe,7a5bc50be59ad5ed7526dd510a2128a6dc92ba08bd272e3645622783ba91a319,direct-framework-reference,,android/graphics/PathMeasure,definition-present,unknown,19,0,unknown,ooniprobe-evidence.json#/rows/140,False,unknown
ooniprobe,7a5bc50be59ad5ed7526dd510a2128a6dc92ba08bd272e3645622783ba91a319,direct-framework-reference,,android/graphics/Picture,definition-present,unknown,3,0,unknown,ooniprobe-evidence.json#/rows/141,False,unknown
ooniprobe,7a5bc50be59ad5ed7526dd510a2128a6dc92ba08bd272e3645622783ba91a319,direct-framework-reference,,android/graphics/Point,definition-present,unknown,11,0,unknown,ooniprobe-evidence.json#/rows/142,False,unknown
ooniprobe,7a5bc50be59ad5ed7526dd510a2128a6dc92ba08bd272e3645622783ba91a319,direct-framework-reference,,android/graphics/PointF,definition-present,unknown,2,0,unknown,ooniprobe-evidence.json#/rows/143,False,unknown
ooniprobe,7a5bc50be59ad5ed7526dd510a2128a6dc92ba08bd272e3645622783ba91a319,direct-framework-reference,,android/graphics/PorterDuff$Mode,definition-present,yes-static,30,3,unknown,ooniprobe-evidence.json#/rows/144,False,unknown
ooniprobe,7a5bc50be59ad5ed7526dd510a2128a6dc92ba08bd272e3645622783ba91a319,direct-framework-reference,,android/graphics/PorterDuffColorFilter,definition-present,yes-static,5,1,unknown,ooniprobe-evidence.json#/rows/145,False,unknown
ooniprobe,7a5bc50be59ad5ed7526dd510a2128a6dc92ba08bd272e3645622783ba91a319,direct-framework-reference,,android/graphics/PorterDuffXfermode,definition-present,yes-static,3,1,unknown,ooniprobe-evidence.json#/rows/146,False,unknown
ooniprobe,7a5bc50be59ad5ed7526dd510a2128a6dc92ba08bd272e3645622783ba91a319,direct-framework-reference,,android/graphics/RadialGradient,definition-present,unknown,4,0,unknown,ooniprobe-evidence.json#/rows/147,False,unknown
ooniprobe,7a5bc50be59ad5ed7526dd510a2128a6dc92ba08bd272e3645622783ba91a319,direct-framework-reference,,android/graphics/RecordingCanvas,definition-present,unknown,2,0,unknown,ooniprobe-evidence.json#/rows/148,False,unknown
ooniprobe,7a5bc50be59ad5ed7526dd510a2128a6dc92ba08bd272e3645622783ba91a319,direct-framework-reference,,android/graphics/Rect,definition-present,yes-static,121,7,unknown,ooniprobe-evidence.json#/rows/149,False,unknown
ooniprobe,7a5bc50be59ad5ed7526dd510a2128a6dc92ba08bd272e3645622783ba91a319,direct-framework-reference,,android/graphics/RectF,definition-present,yes-static,41,5,unknown,ooniprobe-evidence.json#/rows/150,False,unknown
ooniprobe,7a5bc50be59ad5ed7526dd510a2128a6dc92ba08bd272e3645622783ba91a319,direct-framework-reference,,android/graphics/Region,definition-present,yes-static,7,1,unknown,ooniprobe-evidence.json#/rows/151,False,unknown
ooniprobe,7a5bc50be59ad5ed7526dd510a2128a6dc92ba08bd272e3645622783ba91a319,direct-framework-reference,,android/graphics/Region$Op,definition-present,unknown,9,0,unknown,ooniprobe-evidence.json#/rows/152,False,unknown
ooniprobe,7a5bc50be59ad5ed7526dd510a2128a6dc92ba08bd272e3645622783ba91a319,direct-framework-reference,,android/graphics/RenderNode,definition-present,yes-static,29,2,unknown,ooniprobe-evidence.json#/rows/153,False,unknown
ooniprobe,7a5bc50be59ad5ed7526dd510a2128a6dc92ba08bd272e3645622783ba91a319,direct-framework-reference,,android/graphics/Shader,definition-present,yes-static,23,5,unknown,ooniprobe-evidence.json#/rows/154,False,unknown
ooniprobe,7a5bc50be59ad5ed7526dd510a2128a6dc92ba08bd272e3645622783ba91a319,direct-framework-reference,,android/graphics/Shader$TileMode,definition-present,unknown,7,0,unknown,ooniprobe-evidence.json#/rows/155,False,unknown
ooniprobe,7a5bc50be59ad5ed7526dd510a2128a6dc92ba08bd272e3645622783ba91a319,direct-framework-reference,,android/graphics/SweepGradient,definition-present,unknown,4,0,unknown,ooniprobe-evidence.json#/rows/156,False,unknown
ooniprobe,7a5bc50be59ad5ed7526dd510a2128a6dc92ba08bd272e3645622783ba91a319,direct-framework-reference,,android/graphics/Typeface,definition-present,yes-static,61,7,unknown,ooniprobe-evidence.json#/rows/157,False,unknown
ooniprobe,7a5bc50be59ad5ed7526dd510a2128a6dc92ba08bd272e3645622783ba91a319,direct-framework-reference,,android/graphics/Typeface$Builder,definition-present,yes-static,2,1,unknown,ooniprobe-evidence.json#/rows/158,False,unknown
ooniprobe,7a5bc50be59ad5ed7526dd510a2128a6dc92ba08bd272e3645622783ba91a319,direct-framework-reference,,android/graphics/Typeface$CustomFallbackBuilder,definition-present,unknown,5,0,unknown,ooniprobe-evidence.json#/rows/159,False,unknown
ooniprobe,7a5bc50be59ad5ed7526dd510a2128a6dc92ba08bd272e3645622783ba91a319,direct-framework-reference,,android/graphics/Xfermode,definition-present,yes-static,3,1,unknown,ooniprobe-evidence.json#/rows/160,False,unknown
ooniprobe,7a5bc50be59ad5ed7526dd510a2128a6dc92ba08bd272e3645622783ba91a319,direct-framework-reference,,android/graphics/drawable/Animatable,definition-present,unknown,2,0,unknown,ooniprobe-evidence.json#/rows/161,False,unknown
ooniprobe,7a5bc50be59ad5ed7526dd510a2128a6dc92ba08bd272e3645622783ba91a319,direct-framework-reference,,android/graphics/drawable/AnimatedImageDrawable,definition-present,unknown,1,0,unknown,ooniprobe-evidence.json#/rows/162,False,unknown
ooniprobe,7a5bc50be59ad5ed7526dd510a2128a6dc92ba08bd272e3645622783ba91a319,direct-framework-reference,,android/graphics/drawable/BitmapDrawable,definition-present,yes-static,10,2,unknown,ooniprobe-evidence.json#/rows/163,False,unknown
ooniprobe,7a5bc50be59ad5ed7526dd510a2128a6dc92ba08bd272e3645622783ba91a319,direct-framework-reference,,android/graphics/drawable/ColorDrawable,definition-present,unknown,1,0,unknown,ooniprobe-evidence.json#/rows/164,False,unknown
ooniprobe,7a5bc50be59ad5ed7526dd510a2128a6dc92ba08bd272e3645622783ba91a319,direct-framework-reference,,android/graphics/drawable/Drawable,definition-present,yes-static,76,3,unknown,ooniprobe-evidence.json#/rows/165,False,unknown
ooniprobe,7a5bc50be59ad5ed7526dd510a2128a6dc92ba08bd272e3645622783ba91a319,direct-framework-reference,,android/graphics/drawable/Drawable$Callback,definition-present,unknown,2,0,unknown,ooniprobe-evidence.json#/rows/166,False,unknown
ooniprobe,7a5bc50be59ad5ed7526dd510a2128a6dc92ba08bd272e3645622783ba91a319,direct-framework-reference,,android/graphics/drawable/Drawable$ConstantState,definition-present,unknown,1,0,unknown,ooniprobe-evidence.json#/rows/167,False,unknown
ooniprobe,7a5bc50be59ad5ed7526dd510a2128a6dc92ba08bd272e3645622783ba91a319,direct-framework-reference,,android/graphics/drawable/Icon,definition-present,unknown,11,0,unknown,ooniprobe-evidence.json#/rows/168,False,unknown
ooniprobe,7a5bc50be59ad5ed7526dd510a2128a6dc92ba08bd272e3645622783ba91a319,direct-framework-reference,,android/graphics/drawable/LayerDrawable,definition-present,unknown,4,0,unknown,ooniprobe-evidence.json#/rows/169,False,unknown
ooniprobe,7a5bc50be59ad5ed7526dd510a2128a6dc92ba08bd272e3645622783ba91a319,direct-framework-reference,,android/graphics/drawable/RippleDrawable,definition-present,unknown,3,0,unknown,ooniprobe-evidence.json#/rows/170,False,unknown
ooniprobe,7a5bc50be59ad5ed7526dd510a2128a6dc92ba08bd272e3645622783ba91a319,direct-framework-reference,,android/graphics/drawable/VectorDrawable,definition-present,unknown,2,0,unknown,ooniprobe-evidence.json#/rows/171,False,unknown
ooniprobe,7a5bc50be59ad5ed7526dd510a2128a6dc92ba08bd272e3645622783ba91a319,direct-framework-reference,,android/graphics/fonts/Font,definition-present,unknown,13,0,unknown,ooniprobe-evidence.json#/rows/172,False,unknown
ooniprobe,7a5bc50be59ad5ed7526dd510a2128a6dc92ba08bd272e3645622783ba91a319,direct-framework-reference,,android/graphics/fonts/Font$Builder,definition-present,unknown,6,0,unknown,ooniprobe-evidence.json#/rows/173,False,unknown
ooniprobe,7a5bc50be59ad5ed7526dd510a2128a6dc92ba08bd272e3645622783ba91a319,direct-framework-reference,,android/graphics/fonts/FontFamily,definition-present,unknown,7,0,unknown,ooniprobe-evidence.json#/rows/174,False,unknown
ooniprobe,7a5bc50be59ad5ed7526dd510a2128a6dc92ba08bd272e3645622783ba91a319,direct-framework-reference,,android/graphics/fonts/FontFamily$Builder,definition-present,unknown,4,0,unknown,ooniprobe-evidence.json#/rows/175,False,unknown
ooniprobe,7a5bc50be59ad5ed7526dd510a2128a6dc92ba08bd272e3645622783ba91a319,direct-framework-reference,,android/graphics/fonts/FontStyle,definition-present,unknown,6,0,unknown,ooniprobe-evidence.json#/rows/176,False,unknown
ooniprobe,7a5bc50be59ad5ed7526dd510a2128a6dc92ba08bd272e3645622783ba91a319,direct-framework-reference,,android/graphics/fonts/FontVariationAxis,definition-present,yes-static,5,1,unknown,ooniprobe-evidence.json#/rows/177,False,unknown
ooniprobe,7a5bc50be59ad5ed7526dd510a2128a6dc92ba08bd272e3645622783ba91a319,direct-framework-reference,,android/graphics/text/LineBreakConfig,definition-present,unknown,1,0,unknown,ooniprobe-evidence.json#/rows/178,False,unknown
ooniprobe,7a5bc50be59ad5ed7526dd510a2128a6dc92ba08bd272e3645622783ba91a319,direct-framework-reference,,android/graphics/text/LineBreakConfig$Builder,definition-present,unknown,1,0,unknown,ooniprobe-evidence.json#/rows/179,False,unknown
ooniprobe,7a5bc50be59ad5ed7526dd510a2128a6dc92ba08bd272e3645622783ba91a319,direct-framework-reference,,android/graphics/text/MeasuredText,definition-present,unknown,2,0,unknown,ooniprobe-evidence.json#/rows/180,False,unknown
ooniprobe,7a5bc50be59ad5ed7526dd510a2128a6dc92ba08bd272e3645622783ba91a319,direct-framework-reference,,android/graphics/text/PositionedGlyphs,definition-present,unknown,1,0,unknown,ooniprobe-evidence.json#/rows/181,False,unknown
ooniprobe,7a5bc50be59ad5ed7526dd510a2128a6dc92ba08bd272e3645622783ba91a319,direct-framework-reference,,android/graphics/text/TextRunShaper,definition-present,unknown,1,0,unknown,ooniprobe-evidence.json#/rows/182,False,unknown
ooniprobe,7a5bc50be59ad5ed7526dd510a2128a6dc92ba08bd272e3645622783ba91a319,direct-framework-reference,,android/icu/text/DateFormat,definition-present,unknown,1,0,unknown,ooniprobe-evidence.json#/rows/183,False,unknown
ooniprobe,7a5bc50be59ad5ed7526dd510a2128a6dc92ba08bd272e3645622783ba91a319,direct-framework-reference,,android/icu/text/DecimalFormatSymbols,definition-present,unknown,2,0,unknown,ooniprobe-evidence.json#/rows/184,False,unknown
ooniprobe,7a5bc50be59ad5ed7526dd510a2128a6dc92ba08bd272e3645622783ba91a319,direct-framework-reference,,android/icu/text/DisplayContext,definition-present,unknown,1,0,unknown,ooniprobe-evidence.json#/rows/185,False,unknown
ooniprobe,7a5bc50be59ad5ed7526dd510a2128a6dc92ba08bd272e3645622783ba91a319,direct-framework-reference,,android/icu/util/TimeZone,definition-present,unknown,1,0,unknown,ooniprobe-evidence.json#/rows/186,False,unknown
ooniprobe,7a5bc50be59ad5ed7526dd510a2128a6dc92ba08bd272e3645622783ba91a319,direct-framework-reference,,android/inputmethodservice/InputMethodService,definition-present,yes-static,2,1,unknown,ooniprobe-evidence.json#/rows/187,False,unknown
ooniprobe,7a5bc50be59ad5ed7526dd510a2128a6dc92ba08bd272e3645622783ba91a319,direct-framework-reference,,android/media/AudioAttributes,definition-present,unknown,2,0,unknown,ooniprobe-evidence.json#/rows/188,False,unknown
ooniprobe,7a5bc50be59ad5ed7526dd510a2128a6dc92ba08bd272e3645622783ba91a319,direct-framework-reference,,android/media/AudioAttributes$Builder,definition-present,unknown,1,0,unknown,ooniprobe-evidence.json#/rows/189,False,unknown
ooniprobe,7a5bc50be59ad5ed7526dd510a2128a6dc92ba08bd272e3645622783ba91a319,direct-framework-reference,,android/media/MediaDataSource,definition-present,yes-static,2,2,unknown,ooniprobe-evidence.json#/rows/190,False,unknown
ooniprobe,7a5bc50be59ad5ed7526dd510a2128a6dc92ba08bd272e3645622783ba91a319,direct-framework-reference,,android/media/MediaDrm,definition-present,yes-static,4,3,unknown,ooniprobe-evidence.json#/rows/191,False,unknown
ooniprobe,7a5bc50be59ad5ed7526dd510a2128a6dc92ba08bd272e3645622783ba91a319,direct-framework-reference,,android/media/MediaMetadataRetriever,definition-present,yes-static,5,4,unknown,ooniprobe-evidence.json#/rows/192,False,unknown
ooniprobe,7a5bc50be59ad5ed7526dd510a2128a6dc92ba08bd272e3645622783ba91a319,direct-framework-reference,,android/net/ConnectivityManager,definition-present,yes-static,18,3,unknown,ooniprobe-evidence.json#/rows/193,False,unknown
ooniprobe,7a5bc50be59ad5ed7526dd510a2128a6dc92ba08bd272e3645622783ba91a319,direct-framework-reference,,android/net/ConnectivityManager$NetworkCallback,definition-present,unknown,9,0,unknown,ooniprobe-evidence.json#/rows/194,False,unknown
ooniprobe,7a5bc50be59ad5ed7526dd510a2128a6dc92ba08bd272e3645622783ba91a319,direct-framework-reference,,android/net/Network,definition-present,yes-static,5,1,unknown,ooniprobe-evidence.json#/rows/195,False,unknown
ooniprobe,7a5bc50be59ad5ed7526dd510a2128a6dc92ba08bd272e3645622783ba91a319,direct-framework-reference,,android/net/NetworkCapabilities,definition-present,yes-static,9,1,unknown,ooniprobe-evidence.json#/rows/196,False,unknown
ooniprobe,7a5bc50be59ad5ed7526dd510a2128a6dc92ba08bd272e3645622783ba91a319,direct-framework-reference,,android/net/NetworkInfo,definition-present,unknown,1,0,unknown,ooniprobe-evidence.json#/rows/197,False,unknown
ooniprobe,7a5bc50be59ad5ed7526dd510a2128a6dc92ba08bd272e3645622783ba91a319,direct-framework-reference,,android/net/NetworkRequest,definition-present,yes-static,18,6,unknown,ooniprobe-evidence.json#/rows/198,False,unknown
ooniprobe,7a5bc50be59ad5ed7526dd510a2128a6dc92ba08bd272e3645622783ba91a319,direct-framework-reference,,android/net/NetworkRequest$Builder,definition-present,unknown,3,0,unknown,ooniprobe-evidence.json#/rows/199,False,unknown
ooniprobe,7a5bc50be59ad5ed7526dd510a2128a6dc92ba08bd272e3645622783ba91a319,direct-framework-reference,,android/net/Uri,definition-present,yes-static,56,4,unknown,ooniprobe-evidence.json#/rows/200,False,unknown
ooniprobe,7a5bc50be59ad5ed7526dd510a2128a6dc92ba08bd272e3645622783ba91a319,direct-framework-reference,,android/net/Uri$Builder,definition-present,yes-static,3,1,unknown,ooniprobe-evidence.json#/rows/201,False,unknown
ooniprobe,7a5bc50be59ad5ed7526dd510a2128a6dc92ba08bd272e3645622783ba91a319,direct-framework-reference,,android/os/BaseBundle,definition-present,yes-static,65,8,unknown,ooniprobe-evidence.json#/rows/202,False,unknown
ooniprobe,7a5bc50be59ad5ed7526dd510a2128a6dc92ba08bd272e3645622783ba91a319,direct-framework-reference,,android/os/Binder,definition-present,yes-static,4,1,unknown,ooniprobe-evidence.json#/rows/203,False,unknown
ooniprobe,7a5bc50be59ad5ed7526dd510a2128a6dc92ba08bd272e3645622783ba91a319,direct-framework-reference,,android/os/Build,definition-present,yes-static,4,2,unknown,ooniprobe-evidence.json#/rows/204,False,unknown
ooniprobe,7a5bc50be59ad5ed7526dd510a2128a6dc92ba08bd272e3645622783ba91a319,direct-framework-reference,,android/os/Build$VERSION,definition-present,yes-static,298,44,unknown,ooniprobe-evidence.json#/rows/205,False,unknown
ooniprobe,7a5bc50be59ad5ed7526dd510a2128a6dc92ba08bd272e3645622783ba91a319,direct-framework-reference,,android/os/Bundle,definition-present,yes-static,128,16,unknown,ooniprobe-evidence.json#/rows/206,False,unknown
ooniprobe,7a5bc50be59ad5ed7526dd510a2128a6dc92ba08bd272e3645622783ba91a319,direct-framework-reference,,android/os/CancellationSignal,definition-present,unknown,12,0,unknown,ooniprobe-evidence.json#/rows/207,False,unknown
ooniprobe,7a5bc50be59ad5ed7526dd510a2128a6dc92ba08bd272e3645622783ba91a319,direct-framework-reference,,android/os/Environment,definition-present,yes-static,1,1,unknown,ooniprobe-evidence.json#/rows/208,False,unknown
ooniprobe,7a5bc50be59ad5ed7526dd510a2128a6dc92ba08bd272e3645622783ba91a319,direct-framework-reference,,android/os/Handler,definition-present,yes-static,77,15,unknown,ooniprobe-evidence.json#/rows/209,False,unknown
ooniprobe,7a5bc50be59ad5ed7526dd510a2128a6dc92ba08bd272e3645622783ba91a319,direct-framework-reference,,android/os/Handler$Callback,definition-present,yes-static,3,2,unknown,ooniprobe-evidence.json#/rows/210,False,unknown
ooniprobe,7a5bc50be59ad5ed7526dd510a2128a6dc92ba08bd272e3645622783ba91a319,direct-framework-reference,,android/os/IBinder,definition-present,yes-static,10,1,unknown,ooniprobe-evidence.json#/rows/211,False,unknown
ooniprobe,7a5bc50be59ad5ed7526dd510a2128a6dc92ba08bd272e3645622783ba91a319,direct-framework-reference,,android/os/IInterface,definition-present,unknown,3,0,unknown,ooniprobe-evidence.json#/rows/212,False,unknown
ooniprobe,7a5bc50be59ad5ed7526dd510a2128a6dc92ba08bd272e3645622783ba91a319,direct-framework-reference,,android/os/LocaleList,definition-present,yes-static,22,4,unknown,ooniprobe-evidence.json#/rows/213,False,unknown
ooniprobe,7a5bc50be59ad5ed7526dd510a2128a6dc92ba08bd272e3645622783ba91a319,direct-framework-reference,,android/os/Looper,definition-present,yes-static,43,12,unknown,ooniprobe-evidence.json#/rows/214,False,unknown
ooniprobe,7a5bc50be59ad5ed7526dd510a2128a6dc92ba08bd272e3645622783ba91a319,direct-framework-reference,,android/os/NetworkOnMainThreadException,definition-present,unknown,1,0,unknown,ooniprobe-evidence.json#/rows/215,False,unknown
ooniprobe,7a5bc50be59ad5ed7526dd510a2128a6dc92ba08bd272e3645622783ba91a319,direct-framework-reference,,android/os/Parcel,definition-present,yes-static,40,1,unknown,ooniprobe-evidence.json#/rows/216,False,unknown
ooniprobe,7a5bc50be59ad5ed7526dd510a2128a6dc92ba08bd272e3645622783ba91a319,direct-framework-reference,,android/os/ParcelFileDescriptor,definition-present,unknown,5,0,unknown,ooniprobe-evidence.json#/rows/217,False,unknown
ooniprobe,7a5bc50be59ad5ed7526dd510a2128a6dc92ba08bd272e3645622783ba91a319,direct-framework-reference,,android/os/Parcelable,definition-present,yes-static,28,4,unknown,ooniprobe-evidence.json#/rows/218,False,unknown
ooniprobe,7a5bc50be59ad5ed7526dd510a2128a6dc92ba08bd272e3645622783ba91a319,direct-framework-reference,,android/os/Parcelable$Creator,definition-present,yes-static,12,5,unknown,ooniprobe-evidence.json#/rows/219,False,unknown
ooniprobe,7a5bc50be59ad5ed7526dd510a2128a6dc92ba08bd272e3645622783ba91a319,direct-framework-reference,,android/os/PersistableBundle,definition-present,unknown,3,0,unknown,ooniprobe-evidence.json#/rows/220,False,unknown
ooniprobe,7a5bc50be59ad5ed7526dd510a2128a6dc92ba08bd272e3645622783ba91a319,direct-framework-reference,,android/os/PowerManager,definition-present,yes-static,4,2,unknown,ooniprobe-evidence.json#/rows/221,False,unknown
ooniprobe,7a5bc50be59ad5ed7526dd510a2128a6dc92ba08bd272e3645622783ba91a319,direct-framework-reference,,android/os/PowerManager$WakeLock,definition-present,unknown,4,0,unknown,ooniprobe-evidence.json#/rows/222,False,unknown
ooniprobe,7a5bc50be59ad5ed7526dd510a2128a6dc92ba08bd272e3645622783ba91a319,direct-framework-reference,,android/os/Process,definition-present,yes-static,6,1,unknown,ooniprobe-evidence.json#/rows/223,False,unknown
ooniprobe,7a5bc50be59ad5ed7526dd510a2128a6dc92ba08bd272e3645622783ba91a319,direct-framework-reference,,android/os/RemoteCallbackList,definition-present,unknown,3,0,unknown,ooniprobe-evidence.json#/rows/224,False,unknown
ooniprobe,7a5bc50be59ad5ed7526dd510a2128a6dc92ba08bd272e3645622783ba91a319,direct-framework-reference,,android/os/StatFs,definition-present,unknown,1,0,unknown,ooniprobe-evidence.json#/rows/225,False,unknown
ooniprobe,7a5bc50be59ad5ed7526dd510a2128a6dc92ba08bd272e3645622783ba91a319,direct-framework-reference,,android/os/StrictMode,definition-present,unknown,2,0,unknown,ooniprobe-evidence.json#/rows/226,False,unknown
ooniprobe,7a5bc50be59ad5ed7526dd510a2128a6dc92ba08bd272e3645622783ba91a319,direct-framework-reference,,android/os/StrictMode$ThreadPolicy,definition-present,unknown,1,0,unknown,ooniprobe-evidence.json#/rows/227,False,unknown
ooniprobe,7a5bc50be59ad5ed7526dd510a2128a6dc92ba08bd272e3645622783ba91a319,direct-framework-reference,,android/os/StrictMode$VmPolicy,definition-present,unknown,1,0,unknown,ooniprobe-evidence.json#/rows/228,False,unknown
ooniprobe,7a5bc50be59ad5ed7526dd510a2128a6dc92ba08bd272e3645622783ba91a319,direct-framework-reference,,android/os/SystemClock,definition-present,yes-static,8,1,unknown,ooniprobe-evidence.json#/rows/229,False,unknown
ooniprobe,7a5bc50be59ad5ed7526dd510a2128a6dc92ba08bd272e3645622783ba91a319,direct-framework-reference,,android/os/Trace,definition-present,yes-static,54,12,unknown,ooniprobe-evidence.json#/rows/230,False,unknown
ooniprobe,7a5bc50be59ad5ed7526dd510a2128a6dc92ba08bd272e3645622783ba91a319,direct-framework-reference,,android/os/UserHandle,definition-present,yes-static,1,1,unknown,ooniprobe-evidence.json#/rows/231,False,unknown
ooniprobe,7a5bc50be59ad5ed7526dd510a2128a6dc92ba08bd272e3645622783ba91a319,direct-framework-reference,,android/os/UserManager,definition-present,unknown,1,0,unknown,ooniprobe-evidence.json#/rows/232,False,unknown
ooniprobe,7a5bc50be59ad5ed7526dd510a2128a6dc92ba08bd272e3645622783ba91a319,direct-framework-reference,,android/os/ext/SdkExtensions,definition-present,unknown,1,0,unknown,ooniprobe-evidence.json#/rows/233,False,unknown
ooniprobe,7a5bc50be59ad5ed7526dd510a2128a6dc92ba08bd272e3645622783ba91a319,direct-framework-reference,,android/provider/Settings$Global,definition-present,unknown,2,0,unknown,ooniprobe-evidence.json#/rows/234,False,unknown
ooniprobe,7a5bc50be59ad5ed7526dd510a2128a6dc92ba08bd272e3645622783ba91a319,direct-framework-reference,,android/security/keystore/KeyGenParameterSpec,definition-present,unknown,1,0,unknown,ooniprobe-evidence.json#/rows/235,False,unknown
ooniprobe,7a5bc50be59ad5ed7526dd510a2128a6dc92ba08bd272e3645622783ba91a319,direct-framework-reference,,android/security/keystore/KeyGenParameterSpec$Builder,definition-present,unknown,1,0,unknown,ooniprobe-evidence.json#/rows/236,False,unknown
ooniprobe,7a5bc50be59ad5ed7526dd510a2128a6dc92ba08bd272e3645622783ba91a319,direct-framework-reference,,android/system/Os,definition-present,unknown,2,0,unknown,ooniprobe-evidence.json#/rows/237,False,unknown
ooniprobe,7a5bc50be59ad5ed7526dd510a2128a6dc92ba08bd272e3645622783ba91a319,direct-framework-reference,,android/system/OsConstants,definition-present,unknown,2,0,unknown,ooniprobe-evidence.json#/rows/238,False,unknown
ooniprobe,7a5bc50be59ad5ed7526dd510a2128a6dc92ba08bd272e3645622783ba91a319,direct-framework-reference,,android/system/StructStat,definition-present,unknown,1,0,unknown,ooniprobe-evidence.json#/rows/239,False,unknown
ooniprobe,7a5bc50be59ad5ed7526dd510a2128a6dc92ba08bd272e3645622783ba91a319,direct-framework-reference,,android/text/Annotation,definition-present,unknown,2,0,unknown,ooniprobe-evidence.json#/rows/240,False,unknown
ooniprobe,7a5bc50be59ad5ed7526dd510a2128a6dc92ba08bd272e3645622783ba91a319,direct-framework-reference,,android/text/BoringLayout,definition-present,yes-static,5,2,unknown,ooniprobe-evidence.json#/rows/241,False,unknown
ooniprobe,7a5bc50be59ad5ed7526dd510a2128a6dc92ba08bd272e3645622783ba91a319,direct-framework-reference,,android/text/BoringLayout$Metrics,definition-present,yes-static,5,3,unknown,ooniprobe-evidence.json#/rows/242,False,unknown
ooniprobe,7a5bc50be59ad5ed7526dd510a2128a6dc92ba08bd272e3645622783ba91a319,direct-framework-reference,,android/text/Editable,definition-present,unknown,12,0,unknown,ooniprobe-evidence.json#/rows/243,False,unknown
ooniprobe,7a5bc50be59ad5ed7526dd510a2128a6dc92ba08bd272e3645622783ba91a319,direct-framework-reference,,android/text/Editable$Factory,definition-present,unknown,2,0,unknown,ooniprobe-evidence.json#/rows/244,False,unknown
ooniprobe,7a5bc50be59ad5ed7526dd510a2128a6dc92ba08bd272e3645622783ba91a319,direct-framework-reference,,android/text/GraphemeClusterSegmentFinder,definition-present,unknown,1,0,unknown,ooniprobe-evidence.json#/rows/245,False,unknown
ooniprobe,7a5bc50be59ad5ed7526dd510a2128a6dc92ba08bd272e3645622783ba91a319,direct-framework-reference,,android/text/InputFilter,definition-present,unknown,5,0,unknown,ooniprobe-evidence.json#/rows/246,False,unknown
ooniprobe,7a5bc50be59ad5ed7526dd510a2128a6dc92ba08bd272e3645622783ba91a319,direct-framework-reference,,android/text/Layout,definition-present,yes-static,42,2,unknown,ooniprobe-evidence.json#/rows/247,False,unknown
ooniprobe,7a5bc50be59ad5ed7526dd510a2128a6dc92ba08bd272e3645622783ba91a319,direct-framework-reference,,android/text/Layout$Alignment,definition-present,unknown,10,0,unknown,ooniprobe-evidence.json#/rows/248,False,unknown
ooniprobe,7a5bc50be59ad5ed7526dd510a2128a6dc92ba08bd272e3645622783ba91a319,direct-framework-reference,,android/text/Layout$TextInclusionStrategy,definition-present,unknown,1,0,unknown,ooniprobe-evidence.json#/rows/249,False,unknown
ooniprobe,7a5bc50be59ad5ed7526dd510a2128a6dc92ba08bd272e3645622783ba91a319,direct-framework-reference,,android/text/PrecomputedText,definition-present,unknown,1,0,unknown,ooniprobe-evidence.json#/rows/250,False,unknown
ooniprobe,7a5bc50be59ad5ed7526dd510a2128a6dc92ba08bd272e3645622783ba91a319,direct-framework-reference,,android/text/PrecomputedText$Params,definition-present,unknown,4,0,unknown,ooniprobe-evidence.json#/rows/251,False,unknown
ooniprobe,7a5bc50be59ad5ed7526dd510a2128a6dc92ba08bd272e3645622783ba91a319,direct-framework-reference,,android/text/PrecomputedText$Params$Builder,definition-present,unknown,1,0,unknown,ooniprobe-evidence.json#/rows/252,False,unknown
ooniprobe,7a5bc50be59ad5ed7526dd510a2128a6dc92ba08bd272e3645622783ba91a319,direct-framework-reference,,android/text/SegmentFinder,definition-present,unknown,2,0,unknown,ooniprobe-evidence.json#/rows/253,False,unknown
ooniprobe,7a5bc50be59ad5ed7526dd510a2128a6dc92ba08bd272e3645622783ba91a319,direct-framework-reference,,android/text/Selection,definition-present,unknown,4,0,unknown,ooniprobe-evidence.json#/rows/254,False,unknown
ooniprobe,7a5bc50be59ad5ed7526dd510a2128a6dc92ba08bd272e3645622783ba91a319,direct-framework-reference,,android/text/SpanWatcher,definition-present,unknown,3,0,unknown,ooniprobe-evidence.json#/rows/255,False,unknown
ooniprobe,7a5bc50be59ad5ed7526dd510a2128a6dc92ba08bd272e3645622783ba91a319,direct-framework-reference,,android/text/Spannable,definition-present,yes-static,31,10,unknown,ooniprobe-evidence.json#/rows/256,False,unknown
ooniprobe,7a5bc50be59ad5ed7526dd510a2128a6dc92ba08bd272e3645622783ba91a319,direct-framework-reference,,android/text/SpannableString,definition-present,yes-static,10,4,unknown,ooniprobe-evidence.json#/rows/257,False,unknown
ooniprobe,7a5bc50be59ad5ed7526dd510a2128a6dc92ba08bd272e3645622783ba91a319,direct-framework-reference,,android/text/SpannableStringBuilder,definition-present,yes-static,31,1,unknown,ooniprobe-evidence.json#/rows/258,False,unknown
ooniprobe,7a5bc50be59ad5ed7526dd510a2128a6dc92ba08bd272e3645622783ba91a319,direct-framework-reference,,android/text/Spanned,definition-present,yes-static,21,5,unknown,ooniprobe-evidence.json#/rows/259,False,unknown
ooniprobe,7a5bc50be59ad5ed7526dd510a2128a6dc92ba08bd272e3645622783ba91a319,direct-framework-reference,,android/text/StaticLayout,definition-present,unknown,5,0,unknown,ooniprobe-evidence.json#/rows/260,False,unknown
ooniprobe,7a5bc50be59ad5ed7526dd510a2128a6dc92ba08bd272e3645622783ba91a319,direct-framework-reference,,android/text/StaticLayout$Builder,definition-present,unknown,8,0,unknown,ooniprobe-evidence.json#/rows/261,False,unknown
ooniprobe,7a5bc50be59ad5ed7526dd510a2128a6dc92ba08bd272e3645622783ba91a319,direct-framework-reference,,android/text/TextDirectionHeuristic,definition-present,yes-static,13,2,unknown,ooniprobe-evidence.json#/rows/262,False,unknown
ooniprobe,7a5bc50be59ad5ed7526dd510a2128a6dc92ba08bd272e3645622783ba91a319,direct-framework-reference,,android/text/TextDirectionHeuristics,definition-present,yes-static,5,1,unknown,ooniprobe-evidence.json#/rows/263,False,unknown
ooniprobe,7a5bc50be59ad5ed7526dd510a2128a6dc92ba08bd272e3645622783ba91a319,direct-framework-reference,,android/text/TextPaint,definition-present,yes-static,39,8,unknown,ooniprobe-evidence.json#/rows/264,False,unknown
ooniprobe,7a5bc50be59ad5ed7526dd510a2128a6dc92ba08bd272e3645622783ba91a319,direct-framework-reference,,android/text/TextUtils,definition-present,yes-static,27,5,unknown,ooniprobe-evidence.json#/rows/265,False,unknown
ooniprobe,7a5bc50be59ad5ed7526dd510a2128a6dc92ba08bd272e3645622783ba91a319,direct-framework-reference,,android/text/TextUtils$TruncateAt,definition-present,unknown,7,0,unknown,ooniprobe-evidence.json#/rows/266,False,unknown
ooniprobe,7a5bc50be59ad5ed7526dd510a2128a6dc92ba08bd272e3645622783ba91a319,direct-framework-reference,,android/text/TextWatcher,definition-present,yes-static,3,1,unknown,ooniprobe-evidence.json#/rows/267,False,unknown
ooniprobe,7a5bc50be59ad5ed7526dd510a2128a6dc92ba08bd272e3645622783ba91a319,direct-framework-reference,,android/text/method/KeyListener,definition-present,unknown,9,0,unknown,ooniprobe-evidence.json#/rows/268,False,unknown
ooniprobe,7a5bc50be59ad5ed7526dd510a2128a6dc92ba08bd272e3645622783ba91a319,direct-framework-reference,,android/text/method/MetaKeyKeyListener,definition-present,unknown,1,0,unknown,ooniprobe-evidence.json#/rows/269,False,unknown
ooniprobe,7a5bc50be59ad5ed7526dd510a2128a6dc92ba08bd272e3645622783ba91a319,direct-framework-reference,,android/text/method/NumberKeyListener,definition-present,unknown,2,0,unknown,ooniprobe-evidence.json#/rows/270,False,unknown
ooniprobe,7a5bc50be59ad5ed7526dd510a2128a6dc92ba08bd272e3645622783ba91a319,direct-framework-reference,,android/text/method/PasswordTransformationMethod,definition-present,unknown,3,0,unknown,ooniprobe-evidence.json#/rows/271,False,unknown
ooniprobe,7a5bc50be59ad5ed7526dd510a2128a6dc92ba08bd272e3645622783ba91a319,direct-framework-reference,,android/text/method/TransformationMethod,definition-present,unknown,7,0,unknown,ooniprobe-evidence.json#/rows/272,False,unknown
ooniprobe,7a5bc50be59ad5ed7526dd510a2128a6dc92ba08bd272e3645622783ba91a319,direct-framework-reference,,android/text/style/AbsoluteSizeSpan,definition-present,yes-static,1,1,unknown,ooniprobe-evidence.json#/rows/273,False,unknown
ooniprobe,7a5bc50be59ad5ed7526dd510a2128a6dc92ba08bd272e3645622783ba91a319,direct-framework-reference,,android/text/style/BackgroundColorSpan,definition-present,yes-static,2,1,unknown,ooniprobe-evidence.json#/rows/274,False,unknown
ooniprobe,7a5bc50be59ad5ed7526dd510a2128a6dc92ba08bd272e3645622783ba91a319,direct-framework-reference,,android/text/style/CharacterStyle,definition-present,yes-static,7,5,unknown,ooniprobe-evidence.json#/rows/275,False,unknown
ooniprobe,7a5bc50be59ad5ed7526dd510a2128a6dc92ba08bd272e3645622783ba91a319,direct-framework-reference,,android/text/style/ClickableSpan,definition-present,unknown,5,0,unknown,ooniprobe-evidence.json#/rows/276,False,unknown
ooniprobe,7a5bc50be59ad5ed7526dd510a2128a6dc92ba08bd272e3645622783ba91a319,direct-framework-reference,,android/text/style/ForegroundColorSpan,definition-present,yes-static,1,1,unknown,ooniprobe-evidence.json#/rows/277,False,unknown
ooniprobe,7a5bc50be59ad5ed7526dd510a2128a6dc92ba08bd272e3645622783ba91a319,direct-framework-reference,,android/text/style/LeadingMarginSpan$Standard,definition-present,yes-static,1,1,unknown,ooniprobe-evidence.json#/rows/278,False,unknown
ooniprobe,7a5bc50be59ad5ed7526dd510a2128a6dc92ba08bd272e3645622783ba91a319,direct-framework-reference,,android/text/style/LocaleSpan,definition-present,yes-static,1,1,unknown,ooniprobe-evidence.json#/rows/279,False,unknown
ooniprobe,7a5bc50be59ad5ed7526dd510a2128a6dc92ba08bd272e3645622783ba91a319,direct-framework-reference,,android/text/style/MetricAffectingSpan,definition-present,yes-static,7,5,unknown,ooniprobe-evidence.json#/rows/280,False,unknown
ooniprobe,7a5bc50be59ad5ed7526dd510a2128a6dc92ba08bd272e3645622783ba91a319,direct-framework-reference,,android/text/style/RelativeSizeSpan,definition-present,yes-static,1,1,unknown,ooniprobe-evidence.json#/rows/281,False,unknown
ooniprobe,7a5bc50be59ad5ed7526dd510a2128a6dc92ba08bd272e3645622783ba91a319,direct-framework-reference,,android/text/style/ReplacementSpan,definition-present,yes-static,2,1,unknown,ooniprobe-evidence.json#/rows/282,False,unknown
ooniprobe,7a5bc50be59ad5ed7526dd510a2128a6dc92ba08bd272e3645622783ba91a319,direct-framework-reference,,android/text/style/ScaleXSpan,definition-present,yes-static,2,1,unknown,ooniprobe-evidence.json#/rows/283,False,unknown
ooniprobe,7a5bc50be59ad5ed7526dd510a2128a6dc92ba08bd272e3645622783ba91a319,direct-framework-reference,,android/text/style/StrikethroughSpan,definition-present,unknown,1,0,unknown,ooniprobe-evidence.json#/rows/284,False,unknown
ooniprobe,7a5bc50be59ad5ed7526dd510a2128a6dc92ba08bd272e3645622783ba91a319,direct-framework-reference,,android/text/style/StyleSpan,definition-present,unknown,1,0,unknown,ooniprobe-evidence.json#/rows/285,False,unknown
ooniprobe,7a5bc50be59ad5ed7526dd510a2128a6dc92ba08bd272e3645622783ba91a319,direct-framework-reference,,android/text/style/TtsSpan,definition-present,unknown,1,0,unknown,ooniprobe-evidence.json#/rows/286,False,unknown
ooniprobe,7a5bc50be59ad5ed7526dd510a2128a6dc92ba08bd272e3645622783ba91a319,direct-framework-reference,,android/text/style/TtsSpan$Builder,definition-present,unknown,1,0,unknown,ooniprobe-evidence.json#/rows/287,False,unknown
ooniprobe,7a5bc50be59ad5ed7526dd510a2128a6dc92ba08bd272e3645622783ba91a319,direct-framework-reference,,android/text/style/TtsSpan$VerbatimBuilder,definition-present,unknown,1,0,unknown,ooniprobe-evidence.json#/rows/288,False,unknown
ooniprobe,7a5bc50be59ad5ed7526dd510a2128a6dc92ba08bd272e3645622783ba91a319,direct-framework-reference,,android/text/style/URLSpan,definition-present,unknown,1,0,unknown,ooniprobe-evidence.json#/rows/289,False,unknown
ooniprobe,7a5bc50be59ad5ed7526dd510a2128a6dc92ba08bd272e3645622783ba91a319,direct-framework-reference,,android/text/style/UnderlineSpan,definition-present,unknown,1,0,unknown,ooniprobe-evidence.json#/rows/290,False,unknown
ooniprobe,7a5bc50be59ad5ed7526dd510a2128a6dc92ba08bd272e3645622783ba91a319,direct-framework-reference,,android/util/AttributeSet,definition-present,yes-static,35,2,unknown,ooniprobe-evidence.json#/rows/291,False,unknown
ooniprobe,7a5bc50be59ad5ed7526dd510a2128a6dc92ba08bd272e3645622783ba91a319,direct-framework-reference,,android/util/Base64,definition-present,unknown,6,0,unknown,ooniprobe-evidence.json#/rows/292,False,unknown
ooniprobe,7a5bc50be59ad5ed7526dd510a2128a6dc92ba08bd272e3645622783ba91a319,direct-framework-reference,,android/util/DisplayMetrics,definition-present,yes-static,22,4,unknown,ooniprobe-evidence.json#/rows/293,False,unknown
ooniprobe,7a5bc50be59ad5ed7526dd510a2128a6dc92ba08bd272e3645622783ba91a319,direct-framework-reference,,android/util/Log,definition-present,yes-static,112,29,unknown,ooniprobe-evidence.json#/rows/294,False,unknown
ooniprobe,7a5bc50be59ad5ed7526dd510a2128a6dc92ba08bd272e3645622783ba91a319,direct-framework-reference,,android/util/LongSparseArray,definition-present,unknown,3,0,unknown,ooniprobe-evidence.json#/rows/295,False,unknown
ooniprobe,7a5bc50be59ad5ed7526dd510a2128a6dc92ba08bd272e3645622783ba91a319,direct-framework-reference,,android/util/LruCache,definition-present,yes-static,3,2,unknown,ooniprobe-evidence.json#/rows/296,False,unknown
ooniprobe,7a5bc50be59ad5ed7526dd510a2128a6dc92ba08bd272e3645622783ba91a319,direct-framework-reference,,android/util/Pair,definition-present,unknown,1,0,unknown,ooniprobe-evidence.json#/rows/297,False,unknown
ooniprobe,7a5bc50be59ad5ed7526dd510a2128a6dc92ba08bd272e3645622783ba91a319,direct-framework-reference,,android/util/Size,definition-present,yes-static,4,2,unknown,ooniprobe-evidence.json#/rows/298,False,unknown
ooniprobe,7a5bc50be59ad5ed7526dd510a2128a6dc92ba08bd272e3645622783ba91a319,direct-framework-reference,,android/util/SizeF,definition-present,yes-static,3,2,unknown,ooniprobe-evidence.json#/rows/299,False,unknown
ooniprobe,7a5bc50be59ad5ed7526dd510a2128a6dc92ba08bd272e3645622783ba91a319,direct-framework-reference,,android/util/SparseArray,definition-present,yes-static,16,2,unknown,ooniprobe-evidence.json#/rows/300,False,unknown
ooniprobe,7a5bc50be59ad5ed7526dd510a2128a6dc92ba08bd272e3645622783ba91a319,direct-framework-reference,,android/util/SparseBooleanArray,definition-present,yes-static,9,1,unknown,ooniprobe-evidence.json#/rows/301,False,unknown
ooniprobe,7a5bc50be59ad5ed7526dd510a2128a6dc92ba08bd272e3645622783ba91a319,direct-framework-reference,,android/util/SparseIntArray,definition-present,unknown,3,0,unknown,ooniprobe-evidence.json#/rows/302,False,unknown
ooniprobe,7a5bc50be59ad5ed7526dd510a2128a6dc92ba08bd272e3645622783ba91a319,direct-framework-reference,,android/util/SparseLongArray,definition-present,yes-static,9,1,unknown,ooniprobe-evidence.json#/rows/303,False,unknown
ooniprobe,7a5bc50be59ad5ed7526dd510a2128a6dc92ba08bd272e3645622783ba91a319,direct-framework-reference,,android/util/StateSet,definition-present,unknown,1,0,unknown,ooniprobe-evidence.json#/rows/304,False,unknown
ooniprobe,7a5bc50be59ad5ed7526dd510a2128a6dc92ba08bd272e3645622783ba91a319,direct-framework-reference,,android/util/TypedValue,definition-present,unknown,17,0,unknown,ooniprobe-evidence.json#/rows/305,False,unknown
ooniprobe,7a5bc50be59ad5ed7526dd510a2128a6dc92ba08bd272e3645622783ba91a319,direct-framework-reference,,android/util/Xml,definition-present,unknown,4,0,unknown,ooniprobe-evidence.json#/rows/306,False,unknown
ooniprobe,7a5bc50be59ad5ed7526dd510a2128a6dc92ba08bd272e3645622783ba91a319,direct-framework-reference,,android/view/AbsSavedState,definition-present,unknown,1,0,unknown,ooniprobe-evidence.json#/rows/307,False,unknown
ooniprobe,7a5bc50be59ad5ed7526dd510a2128a6dc92ba08bd272e3645622783ba91a319,direct-framework-reference,,android/view/ActionMode,definition-present,yes-static,9,1,unknown,ooniprobe-evidence.json#/rows/308,False,unknown
ooniprobe,7a5bc50be59ad5ed7526dd510a2128a6dc92ba08bd272e3645622783ba91a319,direct-framework-reference,,android/view/ActionMode$Callback,definition-present,yes-static,11,1,unknown,ooniprobe-evidence.json#/rows/309,False,unknown
ooniprobe,7a5bc50be59ad5ed7526dd510a2128a6dc92ba08bd272e3645622783ba91a319,direct-framework-reference,,android/view/ActionMode$Callback2,definition-present,yes-static,1,1,unknown,ooniprobe-evidence.json#/rows/310,False,unknown
ooniprobe,7a5bc50be59ad5ed7526dd510a2128a6dc92ba08bd272e3645622783ba91a319,direct-framework-reference,,android/view/Choreographer,definition-present,unknown,15,0,unknown,ooniprobe-evidence.json#/rows/311,False,unknown
ooniprobe,7a5bc50be59ad5ed7526dd510a2128a6dc92ba08bd272e3645622783ba91a319,direct-framework-reference,,android/view/Choreographer$FrameCallback,definition-present,unknown,9,0,unknown,ooniprobe-evidence.json#/rows/312,False,unknown
ooniprobe,7a5bc50be59ad5ed7526dd510a2128a6dc92ba08bd272e3645622783ba91a319,direct-framework-reference,,android/view/ContextThemeWrapper,definition-present,unknown,1,0,unknown,ooniprobe-evidence.json#/rows/313,False,unknown
ooniprobe,7a5bc50be59ad5ed7526dd510a2128a6dc92ba08bd272e3645622783ba91a319,direct-framework-reference,,android/view/Display,definition-present,unknown,7,0,unknown,ooniprobe-evidence.json#/rows/314,False,unknown
ooniprobe,7a5bc50be59ad5ed7526dd510a2128a6dc92ba08bd272e3645622783ba91a319,direct-framework-reference,,android/view/DisplayCutout,definition-present,unknown,22,0,unknown,ooniprobe-evidence.json#/rows/315,False,unknown
ooniprobe,7a5bc50be59ad5ed7526dd510a2128a6dc92ba08bd272e3645622783ba91a319,direct-framework-reference,,android/view/DisplayListCanvas,definition-absent,unknown,2,0,unresolvable-in-scanned-inputs,ooniprobe-evidence.json#/rows/316,False,unknown
ooniprobe,7a5bc50be59ad5ed7526dd510a2128a6dc92ba08bd272e3645622783ba91a319,direct-framework-reference,,android/view/DragEvent,definition-present,unknown,2,0,unknown,ooniprobe-evidence.json#/rows/317,False,unknown
ooniprobe,7a5bc50be59ad5ed7526dd510a2128a6dc92ba08bd272e3645622783ba91a319,direct-framework-reference,,android/view/FocusFinder,definition-present,unknown,7,0,unknown,ooniprobe-evidence.json#/rows/318,False,unknown
ooniprobe,7a5bc50be59ad5ed7526dd510a2128a6dc92ba08bd272e3645622783ba91a319,direct-framework-reference,,android/view/GestureDetector,definition-present,yes-static,2,1,unknown,ooniprobe-evidence.json#/rows/319,False,unknown
ooniprobe,7a5bc50be59ad5ed7526dd510a2128a6dc92ba08bd272e3645622783ba91a319,direct-framework-reference,,android/view/GestureDetector$OnGestureListener,definition-present,yes-static,1,1,unknown,ooniprobe-evidence.json#/rows/320,False,unknown
ooniprobe,7a5bc50be59ad5ed7526dd510a2128a6dc92ba08bd272e3645622783ba91a319,direct-framework-reference,,android/view/Gravity,definition-present,unknown,1,0,unknown,ooniprobe-evidence.json#/rows/321,False,unknown
ooniprobe,7a5bc50be59ad5ed7526dd510a2128a6dc92ba08bd272e3645622783ba91a319,direct-framework-reference,,android/view/InputDevice,definition-present,unknown,3,0,unknown,ooniprobe-evidence.json#/rows/322,False,unknown
ooniprobe,7a5bc50be59ad5ed7526dd510a2128a6dc92ba08bd272e3645622783ba91a319,direct-framework-reference,,android/view/InputDevice$MotionRange,definition-present,unknown,2,0,unknown,ooniprobe-evidence.json#/rows/323,False,unknown
ooniprobe,7a5bc50be59ad5ed7526dd510a2128a6dc92ba08bd272e3645622783ba91a319,direct-framework-reference,,android/view/InputEvent,definition-present,unknown,7,0,unknown,ooniprobe-evidence.json#/rows/324,False,unknown
ooniprobe,7a5bc50be59ad5ed7526dd510a2128a6dc92ba08bd272e3645622783ba91a319,direct-framework-reference,,android/view/KeyCharacterMap,definition-present,unknown,1,0,unknown,ooniprobe-evidence.json#/rows/325,False,unknown
ooniprobe,7a5bc50be59ad5ed7526dd510a2128a6dc92ba08bd272e3645622783ba91a319,direct-framework-reference,,android/view/KeyEvent,definition-present,unknown,38,0,unknown,ooniprobe-evidence.json#/rows/326,False,unknown
ooniprobe,7a5bc50be59ad5ed7526dd510a2128a6dc92ba08bd272e3645622783ba91a319,direct-framework-reference,,android/view/KeyEvent$Callback,definition-present,unknown,1,0,unknown,ooniprobe-evidence.json#/rows/327,False,unknown
ooniprobe,7a5bc50be59ad5ed7526dd510a2128a6dc92ba08bd272e3645622783ba91a319,direct-framework-reference,,android/view/KeyEvent$DispatcherState,definition-present,unknown,3,0,unknown,ooniprobe-evidence.json#/rows/328,False,unknown
ooniprobe,7a5bc50be59ad5ed7526dd510a2128a6dc92ba08bd272e3645622783ba91a319,direct-framework-reference,,android/view/Menu,definition-present,unknown,9,0,unknown,ooniprobe-evidence.json#/rows/329,False,unknown
ooniprobe,7a5bc50be59ad5ed7526dd510a2128a6dc92ba08bd272e3645622783ba91a319,direct-framework-reference,,android/view/MenuInflater,definition-present,unknown,1,0,unknown,ooniprobe-evidence.json#/rows/330,False,unknown
ooniprobe,7a5bc50be59ad5ed7526dd510a2128a6dc92ba08bd272e3645622783ba91a319,direct-framework-reference,,android/view/MenuItem,definition-present,unknown,5,0,unknown,ooniprobe-evidence.json#/rows/331,False,unknown
ooniprobe,7a5bc50be59ad5ed7526dd510a2128a6dc92ba08bd272e3645622783ba91a319,direct-framework-reference,,android/view/MotionEvent,definition-present,yes-static,40,3,unknown,ooniprobe-evidence.json#/rows/332,False,unknown
ooniprobe,7a5bc50be59ad5ed7526dd510a2128a6dc92ba08bd272e3645622783ba91a319,direct-framework-reference,,android/view/MotionEvent$PointerCoords,definition-present,unknown,1,0,unknown,ooniprobe-evidence.json#/rows/333,False,unknown
ooniprobe,7a5bc50be59ad5ed7526dd510a2128a6dc92ba08bd272e3645622783ba91a319,direct-framework-reference,,android/view/MotionEvent$PointerProperties,definition-present,unknown,1,0,unknown,ooniprobe-evidence.json#/rows/334,False,unknown
ooniprobe,7a5bc50be59ad5ed7526dd510a2128a6dc92ba08bd272e3645622783ba91a319,direct-framework-reference,,android/view/PointerIcon,definition-present,unknown,2,0,unknown,ooniprobe-evidence.json#/rows/335,False,unknown
ooniprobe,7a5bc50be59ad5ed7526dd510a2128a6dc92ba08bd272e3645622783ba91a319,direct-framework-reference,,android/view/RenderNode,definition-absent,yes-static,29,7,unresolvable-in-scanned-inputs,ooniprobe-evidence.json#/rows/336,False,unknown
ooniprobe,7a5bc50be59ad5ed7526dd510a2128a6dc92ba08bd272e3645622783ba91a319,direct-framework-reference,,android/view/RoundedCorner,definition-present,unknown,1,0,unknown,ooniprobe-evidence.json#/rows/337,False,unknown
ooniprobe,7a5bc50be59ad5ed7526dd510a2128a6dc92ba08bd272e3645622783ba91a319,direct-framework-reference,,android/view/ScrollCaptureCallback,definition-present,unknown,1,0,unknown,ooniprobe-evidence.json#/rows/338,False,unknown
ooniprobe,7a5bc50be59ad5ed7526dd510a2128a6dc92ba08bd272e3645622783ba91a319,direct-framework-reference,,android/view/ScrollCaptureSession,definition-present,unknown,4,0,unknown,ooniprobe-evidence.json#/rows/339,False,unknown
ooniprobe,7a5bc50be59ad5ed7526dd510a2128a6dc92ba08bd272e3645622783ba91a319,direct-framework-reference,,android/view/ScrollCaptureTarget,definition-present,unknown,1,0,unknown,ooniprobe-evidence.json#/rows/340,False,unknown
ooniprobe,7a5bc50be59ad5ed7526dd510a2128a6dc92ba08bd272e3645622783ba91a319,direct-framework-reference,,android/view/ScrollFeedbackProvider,definition-absent,unknown,3,0,unresolvable-in-scanned-inputs,ooniprobe-evidence.json#/rows/341,False,unknown
ooniprobe,7a5bc50be59ad5ed7526dd510a2128a6dc92ba08bd272e3645622783ba91a319,direct-framework-reference,,android/view/Surface,definition-present,unknown,1,0,unknown,ooniprobe-evidence.json#/rows/342,False,unknown
ooniprobe,7a5bc50be59ad5ed7526dd510a2128a6dc92ba08bd272e3645622783ba91a319,direct-framework-reference,,android/view/VelocityTracker,definition-present,unknown,7,0,unknown,ooniprobe-evidence.json#/rows/343,False,unknown
ooniprobe,7a5bc50be59ad5ed7526dd510a2128a6dc92ba08bd272e3645622783ba91a319,direct-framework-reference,,android/view/View,definition-present,yes-static,583,89,unknown,ooniprobe-evidence.json#/rows/344,False,unknown
ooniprobe,7a5bc50be59ad5ed7526dd510a2128a6dc92ba08bd272e3645622783ba91a319,direct-framework-reference,,android/view/View$AccessibilityDelegate,definition-present,yes-static,16,5,unknown,ooniprobe-evidence.json#/rows/345,False,unknown
ooniprobe,7a5bc50be59ad5ed7526dd510a2128a6dc92ba08bd272e3645622783ba91a319,direct-framework-reference,,android/view/View$BaseSavedState,definition-present,unknown,3,0,unknown,ooniprobe-evidence.json#/rows/346,False,unknown
ooniprobe,7a5bc50be59ad5ed7526dd510a2128a6dc92ba08bd272e3645622783ba91a319,direct-framework-reference,,android/view/View$MeasureSpec,definition-present,unknown,18,0,unknown,ooniprobe-evidence.json#/rows/347,False,unknown
ooniprobe,7a5bc50be59ad5ed7526dd510a2128a6dc92ba08bd272e3645622783ba91a319,direct-framework-reference,,android/view/View$OnApplyWindowInsetsListener,definition-present,unknown,2,0,unknown,ooniprobe-evidence.json#/rows/348,False,unknown
ooniprobe,7a5bc50be59ad5ed7526dd510a2128a6dc92ba08bd272e3645622783ba91a319,direct-framework-reference,,android/view/ViewConfiguration,definition-present,yes-static,25,2,unknown,ooniprobe-evidence.json#/rows/349,False,unknown
ooniprobe,7a5bc50be59ad5ed7526dd510a2128a6dc92ba08bd272e3645622783ba91a319,direct-framework-reference,,android/view/ViewGroup,definition-present,yes-static,130,19,unknown,ooniprobe-evidence.json#/rows/350,False,unknown
ooniprobe,7a5bc50be59ad5ed7526dd510a2128a6dc92ba08bd272e3645622783ba91a319,direct-framework-reference,,android/view/ViewGroup$LayoutParams,definition-present,yes-static,33,8,unknown,ooniprobe-evidence.json#/rows/351,False,unknown
ooniprobe,7a5bc50be59ad5ed7526dd510a2128a6dc92ba08bd272e3645622783ba91a319,direct-framework-reference,,android/view/ViewGroup$MarginLayoutParams,definition-present,unknown,2,0,unknown,ooniprobe-evidence.json#/rows/352,False,unknown
ooniprobe,7a5bc50be59ad5ed7526dd510a2128a6dc92ba08bd272e3645622783ba91a319,direct-framework-reference,,android/view/ViewManager,definition-present,unknown,4,0,unknown,ooniprobe-evidence.json#/rows/353,False,unknown
ooniprobe,7a5bc50be59ad5ed7526dd510a2128a6dc92ba08bd272e3645622783ba91a319,direct-framework-reference,,android/view/ViewOutlineProvider,definition-present,yes-static,4,2,unknown,ooniprobe-evidence.json#/rows/354,False,unknown
ooniprobe,7a5bc50be59ad5ed7526dd510a2128a6dc92ba08bd272e3645622783ba91a319,direct-framework-reference,,android/view/ViewParent,definition-present,yes-static,51,10,unknown,ooniprobe-evidence.json#/rows/355,False,unknown
ooniprobe,7a5bc50be59ad5ed7526dd510a2128a6dc92ba08bd272e3645622783ba91a319,direct-framework-reference,,android/view/ViewStructure,definition-present,unknown,17,0,unknown,ooniprobe-evidence.json#/rows/356,False,unknown
ooniprobe,7a5bc50be59ad5ed7526dd510a2128a6dc92ba08bd272e3645622783ba91a319,direct-framework-reference,,android/view/ViewTreeObserver,definition-present,yes-static,21,5,unknown,ooniprobe-evidence.json#/rows/357,False,unknown
ooniprobe,7a5bc50be59ad5ed7526dd510a2128a6dc92ba08bd272e3645622783ba91a319,direct-framework-reference,,android/view/Window,definition-present,yes-static,35,4,unknown,ooniprobe-evidence.json#/rows/358,False,unknown
ooniprobe,7a5bc50be59ad5ed7526dd510a2128a6dc92ba08bd272e3645622783ba91a319,direct-framework-reference,,android/view/WindowInsets,definition-present,yes-static,53,2,unknown,ooniprobe-evidence.json#/rows/359,False,unknown
ooniprobe,7a5bc50be59ad5ed7526dd510a2128a6dc92ba08bd272e3645622783ba91a319,direct-framework-reference,,android/view/WindowInsets$Builder,definition-present,unknown,12,0,unknown,ooniprobe-evidence.json#/rows/360,False,unknown
ooniprobe,7a5bc50be59ad5ed7526dd510a2128a6dc92ba08bd272e3645622783ba91a319,direct-framework-reference,,android/view/WindowInsets$Type,definition-present,unknown,5,0,unknown,ooniprobe-evidence.json#/rows/361,False,unknown
ooniprobe,7a5bc50be59ad5ed7526dd510a2128a6dc92ba08bd272e3645622783ba91a319,direct-framework-reference,,android/view/WindowInsetsAnimation,definition-present,unknown,13,0,unknown,ooniprobe-evidence.json#/rows/362,False,unknown
ooniprobe,7a5bc50be59ad5ed7526dd510a2128a6dc92ba08bd272e3645622783ba91a319,direct-framework-reference,,android/view/WindowInsetsAnimation$Bounds,definition-present,unknown,6,0,unknown,ooniprobe-evidence.json#/rows/363,False,unknown
ooniprobe,7a5bc50be59ad5ed7526dd510a2128a6dc92ba08bd272e3645622783ba91a319,direct-framework-reference,,android/view/WindowInsetsAnimation$Callback,definition-present,unknown,2,0,unknown,ooniprobe-evidence.json#/rows/364,False,unknown
ooniprobe,7a5bc50be59ad5ed7526dd510a2128a6dc92ba08bd272e3645622783ba91a319,direct-framework-reference,,android/view/WindowInsetsController,definition-present,unknown,6,0,unknown,ooniprobe-evidence.json#/rows/365,False,unknown
ooniprobe,7a5bc50be59ad5ed7526dd510a2128a6dc92ba08bd272e3645622783ba91a319,direct-framework-reference,,android/view/WindowManager,definition-present,unknown,16,0,unknown,ooniprobe-evidence.json#/rows/366,False,unknown
ooniprobe,7a5bc50be59ad5ed7526dd510a2128a6dc92ba08bd272e3645622783ba91a319,direct-framework-reference,,android/view/WindowManager$LayoutParams,definition-present,unknown,16,0,unknown,ooniprobe-evidence.json#/rows/367,False,unknown
ooniprobe,7a5bc50be59ad5ed7526dd510a2128a6dc92ba08bd272e3645622783ba91a319,direct-framework-reference,,android/view/WindowMetrics,definition-present,unknown,6,0,unknown,ooniprobe-evidence.json#/rows/368,False,unknown
ooniprobe,7a5bc50be59ad5ed7526dd510a2128a6dc92ba08bd272e3645622783ba91a319,direct-framework-reference,,android/view/accessibility/AccessibilityEvent,definition-present,unknown,19,0,unknown,ooniprobe-evidence.json#/rows/369,False,unknown
ooniprobe,7a5bc50be59ad5ed7526dd510a2128a6dc92ba08bd272e3645622783ba91a319,direct-framework-reference,,android/view/accessibility/AccessibilityManager,definition-present,yes-static,19,7,unknown,ooniprobe-evidence.json#/rows/370,False,unknown
ooniprobe,7a5bc50be59ad5ed7526dd510a2128a6dc92ba08bd272e3645622783ba91a319,direct-framework-reference,,android/view/accessibility/AccessibilityNodeInfo,definition-present,unknown,42,0,unknown,ooniprobe-evidence.json#/rows/371,False,unknown
ooniprobe,7a5bc50be59ad5ed7526dd510a2128a6dc92ba08bd272e3645622783ba91a319,direct-framework-reference,,android/view/accessibility/AccessibilityNodeInfo$AccessibilityAction,definition-present,unknown,8,0,unknown,ooniprobe-evidence.json#/rows/372,False,unknown
ooniprobe,7a5bc50be59ad5ed7526dd510a2128a6dc92ba08bd272e3645622783ba91a319,direct-framework-reference,,android/view/accessibility/AccessibilityNodeInfo$CollectionInfo,definition-present,unknown,1,0,unknown,ooniprobe-evidence.json#/rows/373,False,unknown
ooniprobe,7a5bc50be59ad5ed7526dd510a2128a6dc92ba08bd272e3645622783ba91a319,direct-framework-reference,,android/view/accessibility/AccessibilityNodeInfo$CollectionItemInfo,definition-present,unknown,1,0,unknown,ooniprobe-evidence.json#/rows/374,False,unknown
ooniprobe,7a5bc50be59ad5ed7526dd510a2128a6dc92ba08bd272e3645622783ba91a319,direct-framework-reference,,android/view/accessibility/AccessibilityNodeInfo$RangeInfo,definition-present,unknown,1,0,unknown,ooniprobe-evidence.json#/rows/375,False,unknown
ooniprobe,7a5bc50be59ad5ed7526dd510a2128a6dc92ba08bd272e3645622783ba91a319,direct-framework-reference,,android/view/accessibility/AccessibilityNodeProvider,definition-present,yes-static,3,1,unknown,ooniprobe-evidence.json#/rows/376,False,unknown
ooniprobe,7a5bc50be59ad5ed7526dd510a2128a6dc92ba08bd272e3645622783ba91a319,direct-framework-reference,,android/view/accessibility/AccessibilityRecord,definition-present,unknown,9,0,unknown,ooniprobe-evidence.json#/rows/377,False,unknown
ooniprobe,7a5bc50be59ad5ed7526dd510a2128a6dc92ba08bd272e3645622783ba91a319,direct-framework-reference,,android/view/animation/AccelerateInterpolator,definition-present,unknown,2,0,unknown,ooniprobe-evidence.json#/rows/378,False,unknown
ooniprobe,7a5bc50be59ad5ed7526dd510a2128a6dc92ba08bd272e3645622783ba91a319,direct-framework-reference,,android/view/animation/AnimationUtils,definition-present,unknown,4,0,unknown,ooniprobe-evidence.json#/rows/379,False,unknown
ooniprobe,7a5bc50be59ad5ed7526dd510a2128a6dc92ba08bd272e3645622783ba91a319,direct-framework-reference,,android/view/animation/DecelerateInterpolator,definition-present,unknown,2,0,unknown,ooniprobe-evidence.json#/rows/380,False,unknown
ooniprobe,7a5bc50be59ad5ed7526dd510a2128a6dc92ba08bd272e3645622783ba91a319,direct-framework-reference,,android/view/animation/Interpolator,definition-present,unknown,7,0,unknown,ooniprobe-evidence.json#/rows/381,False,unknown
ooniprobe,7a5bc50be59ad5ed7526dd510a2128a6dc92ba08bd272e3645622783ba91a319,direct-framework-reference,,android/view/animation/PathInterpolator,definition-present,unknown,4,0,unknown,ooniprobe-evidence.json#/rows/382,False,unknown
ooniprobe,7a5bc50be59ad5ed7526dd510a2128a6dc92ba08bd272e3645622783ba91a319,direct-framework-reference,,android/view/autofill/AutofillId,definition-present,yes-static,18,4,unknown,ooniprobe-evidence.json#/rows/383,False,unknown
ooniprobe,7a5bc50be59ad5ed7526dd510a2128a6dc92ba08bd272e3645622783ba91a319,direct-framework-reference,,android/view/autofill/AutofillManager,definition-present,yes-static,11,6,unknown,ooniprobe-evidence.json#/rows/384,False,unknown
ooniprobe,7a5bc50be59ad5ed7526dd510a2128a6dc92ba08bd272e3645622783ba91a319,direct-framework-reference,,android/view/autofill/AutofillManager$AutofillCallback,definition-present,unknown,4,0,unknown,ooniprobe-evidence.json#/rows/385,False,unknown
ooniprobe,7a5bc50be59ad5ed7526dd510a2128a6dc92ba08bd272e3645622783ba91a319,direct-framework-reference,,android/view/autofill/AutofillValue,definition-present,yes-static,14,4,unknown,ooniprobe-evidence.json#/rows/386,False,unknown
ooniprobe,7a5bc50be59ad5ed7526dd510a2128a6dc92ba08bd272e3645622783ba91a319,direct-framework-reference,,android/view/contentcapture/ContentCaptureSession,definition-present,yes-static,9,2,unknown,ooniprobe-evidence.json#/rows/387,False,unknown
ooniprobe,7a5bc50be59ad5ed7526dd510a2128a6dc92ba08bd272e3645622783ba91a319,direct-framework-reference,,android/view/inputmethod/BaseInputConnection,definition-present,yes-static,4,2,unknown,ooniprobe-evidence.json#/rows/388,False,unknown
ooniprobe,7a5bc50be59ad5ed7526dd510a2128a6dc92ba08bd272e3645622783ba91a319,direct-framework-reference,,android/view/inputmethod/CompletionInfo,definition-present,unknown,1,0,unknown,ooniprobe-evidence.json#/rows/389,False,unknown
ooniprobe,7a5bc50be59ad5ed7526dd510a2128a6dc92ba08bd272e3645622783ba91a319,direct-framework-reference,,android/view/inputmethod/CorrectionInfo,definition-present,unknown,1,0,unknown,ooniprobe-evidence.json#/rows/390,False,unknown
ooniprobe,7a5bc50be59ad5ed7526dd510a2128a6dc92ba08bd272e3645622783ba91a319,direct-framework-reference,,android/view/inputmethod/CursorAnchorInfo,definition-present,unknown,2,0,unknown,ooniprobe-evidence.json#/rows/391,False,unknown
ooniprobe,7a5bc50be59ad5ed7526dd510a2128a6dc92ba08bd272e3645622783ba91a319,direct-framework-reference,,android/view/inputmethod/CursorAnchorInfo$Builder,definition-present,unknown,8,0,unknown,ooniprobe-evidence.json#/rows/392,False,unknown
ooniprobe,7a5bc50be59ad5ed7526dd510a2128a6dc92ba08bd272e3645622783ba91a319,direct-framework-reference,,android/view/inputmethod/DeleteGesture,definition-present,unknown,3,0,unknown,ooniprobe-evidence.json#/rows/393,False,unknown
ooniprobe,7a5bc50be59ad5ed7526dd510a2128a6dc92ba08bd272e3645622783ba91a319,direct-framework-reference,,android/view/inputmethod/DeleteRangeGesture,definition-present,unknown,3,0,unknown,ooniprobe-evidence.json#/rows/394,False,unknown
ooniprobe,7a5bc50be59ad5ed7526dd510a2128a6dc92ba08bd272e3645622783ba91a319,direct-framework-reference,,android/view/inputmethod/EditorBoundsInfo,definition-present,unknown,2,0,unknown,ooniprobe-evidence.json#/rows/395,False,unknown
ooniprobe,7a5bc50be59ad5ed7526dd510a2128a6dc92ba08bd272e3645622783ba91a319,direct-framework-reference,,android/view/inputmethod/EditorBoundsInfo$Builder,definition-present,unknown,2,0,unknown,ooniprobe-evidence.json#/rows/396,False,unknown
ooniprobe,7a5bc50be59ad5ed7526dd510a2128a6dc92ba08bd272e3645622783ba91a319,direct-framework-reference,,android/view/inputmethod/EditorInfo,definition-present,unknown,13,0,unknown,ooniprobe-evidence.json#/rows/397,False,unknown
ooniprobe,7a5bc50be59ad5ed7526dd510a2128a6dc92ba08bd272e3645622783ba91a319,direct-framework-reference,,android/view/inputmethod/ExtractedText,definition-present,unknown,7,0,unknown,ooniprobe-evidence.json#/rows/398,False,unknown
ooniprobe,7a5bc50be59ad5ed7526dd510a2128a6dc92ba08bd272e3645622783ba91a319,direct-framework-reference,,android/view/inputmethod/ExtractedTextRequest,definition-present,unknown,3,0,unknown,ooniprobe-evidence.json#/rows/399,False,unknown
ooniprobe,7a5bc50be59ad5ed7526dd510a2128a6dc92ba08bd272e3645622783ba91a319,direct-framework-reference,,android/view/inputmethod/HandwritingGesture,definition-present,unknown,4,0,unknown,ooniprobe-evidence.json#/rows/400,False,unknown
ooniprobe,7a5bc50be59ad5ed7526dd510a2128a6dc92ba08bd272e3645622783ba91a319,direct-framework-reference,,android/view/inputmethod/InputConnection,definition-present,unknown,4,0,unknown,ooniprobe-evidence.json#/rows/401,False,unknown
ooniprobe,7a5bc50be59ad5ed7526dd510a2128a6dc92ba08bd272e3645622783ba91a319,direct-framework-reference,,android/view/inputmethod/InputConnectionWrapper,definition-present,unknown,4,0,unknown,ooniprobe-evidence.json#/rows/402,False,unknown
ooniprobe,7a5bc50be59ad5ed7526dd510a2128a6dc92ba08bd272e3645622783ba91a319,direct-framework-reference,,android/view/inputmethod/InputContentInfo,definition-present,unknown,1,0,unknown,ooniprobe-evidence.json#/rows/403,False,unknown
ooniprobe,7a5bc50be59ad5ed7526dd510a2128a6dc92ba08bd272e3645622783ba91a319,direct-framework-reference,,android/view/inputmethod/InputMethodManager,definition-present,yes-static,16,2,unknown,ooniprobe-evidence.json#/rows/404,False,unknown
ooniprobe,7a5bc50be59ad5ed7526dd510a2128a6dc92ba08bd272e3645622783ba91a319,direct-framework-reference,,android/view/inputmethod/InsertGesture,definition-present,unknown,2,0,unknown,ooniprobe-evidence.json#/rows/405,False,unknown
ooniprobe,7a5bc50be59ad5ed7526dd510a2128a6dc92ba08bd272e3645622783ba91a319,direct-framework-reference,,android/view/inputmethod/JoinOrSplitGesture,definition-present,unknown,2,0,unknown,ooniprobe-evidence.json#/rows/406,False,unknown
ooniprobe,7a5bc50be59ad5ed7526dd510a2128a6dc92ba08bd272e3645622783ba91a319,direct-framework-reference,,android/view/inputmethod/PreviewableHandwritingGesture,definition-present,unknown,2,0,unknown,ooniprobe-evidence.json#/rows/407,False,unknown
ooniprobe,7a5bc50be59ad5ed7526dd510a2128a6dc92ba08bd272e3645622783ba91a319,direct-framework-reference,,android/view/inputmethod/RemoveSpaceGesture,definition-present,unknown,2,0,unknown,ooniprobe-evidence.json#/rows/408,False,unknown
ooniprobe,7a5bc50be59ad5ed7526dd510a2128a6dc92ba08bd272e3645622783ba91a319,direct-framework-reference,,android/view/inputmethod/SelectGesture,definition-present,unknown,3,0,unknown,ooniprobe-evidence.json#/rows/409,False,unknown
ooniprobe,7a5bc50be59ad5ed7526dd510a2128a6dc92ba08bd272e3645622783ba91a319,direct-framework-reference,,android/view/inputmethod/SelectRangeGesture,definition-present,unknown,3,0,unknown,ooniprobe-evidence.json#/rows/410,False,unknown
ooniprobe,7a5bc50be59ad5ed7526dd510a2128a6dc92ba08bd272e3645622783ba91a319,direct-framework-reference,,android/view/textclassifier/TextClassification,definition-present,unknown,17,0,unknown,ooniprobe-evidence.json#/rows/411,False,unknown
ooniprobe,7a5bc50be59ad5ed7526dd510a2128a6dc92ba08bd272e3645622783ba91a319,direct-framework-reference,,android/view/textclassifier/TextClassification$Request,definition-present,unknown,1,0,unknown,ooniprobe-evidence.json#/rows/412,False,unknown
ooniprobe,7a5bc50be59ad5ed7526dd510a2128a6dc92ba08bd272e3645622783ba91a319,direct-framework-reference,,android/view/textclassifier/TextClassification$Request$Builder,definition-present,unknown,1,0,unknown,ooniprobe-evidence.json#/rows/413,False,unknown
ooniprobe,7a5bc50be59ad5ed7526dd510a2128a6dc92ba08bd272e3645622783ba91a319,direct-framework-reference,,android/view/textclassifier/TextClassificationContext,definition-present,unknown,1,0,unknown,ooniprobe-evidence.json#/rows/414,False,unknown
ooniprobe,7a5bc50be59ad5ed7526dd510a2128a6dc92ba08bd272e3645622783ba91a319,direct-framework-reference,,android/view/textclassifier/TextClassificationContext$Builder,definition-present,unknown,1,0,unknown,ooniprobe-evidence.json#/rows/415,False,unknown
ooniprobe,7a5bc50be59ad5ed7526dd510a2128a6dc92ba08bd272e3645622783ba91a319,direct-framework-reference,,android/view/textclassifier/TextClassificationManager,definition-present,unknown,2,0,unknown,ooniprobe-evidence.json#/rows/416,False,unknown
ooniprobe,7a5bc50be59ad5ed7526dd510a2128a6dc92ba08bd272e3645622783ba91a319,direct-framework-reference,,android/view/textclassifier/TextClassifier,definition-present,unknown,15,0,unknown,ooniprobe-evidence.json#/rows/417,False,unknown
ooniprobe,7a5bc50be59ad5ed7526dd510a2128a6dc92ba08bd272e3645622783ba91a319,direct-framework-reference,,android/view/textclassifier/TextSelection,definition-present,unknown,1,0,unknown,ooniprobe-evidence.json#/rows/418,False,unknown
ooniprobe,7a5bc50be59ad5ed7526dd510a2128a6dc92ba08bd272e3645622783ba91a319,direct-framework-reference,,android/view/textclassifier/TextSelection$Request,definition-present,unknown,1,0,unknown,ooniprobe-evidence.json#/rows/419,False,unknown
ooniprobe,7a5bc50be59ad5ed7526dd510a2128a6dc92ba08bd272e3645622783ba91a319,direct-framework-reference,,android/view/textclassifier/TextSelection$Request$Builder,definition-present,unknown,1,0,unknown,ooniprobe-evidence.json#/rows/420,False,unknown
ooniprobe,7a5bc50be59ad5ed7526dd510a2128a6dc92ba08bd272e3645622783ba91a319,direct-framework-reference,,android/view/translation/TranslationRequestValue,definition-present,unknown,1,0,unknown,ooniprobe-evidence.json#/rows/421,False,unknown
ooniprobe,7a5bc50be59ad5ed7526dd510a2128a6dc92ba08bd272e3645622783ba91a319,direct-framework-reference,,android/view/translation/TranslationResponseValue,definition-present,unknown,1,0,unknown,ooniprobe-evidence.json#/rows/422,False,unknown
ooniprobe,7a5bc50be59ad5ed7526dd510a2128a6dc92ba08bd272e3645622783ba91a319,direct-framework-reference,,android/view/translation/ViewTranslationCallback,definition-present,unknown,1,0,unknown,ooniprobe-evidence.json#/rows/423,False,unknown
ooniprobe,7a5bc50be59ad5ed7526dd510a2128a6dc92ba08bd272e3645622783ba91a319,direct-framework-reference,,android/view/translation/ViewTranslationRequest,definition-present,unknown,1,0,unknown,ooniprobe-evidence.json#/rows/424,False,unknown
ooniprobe,7a5bc50be59ad5ed7526dd510a2128a6dc92ba08bd272e3645622783ba91a319,direct-framework-reference,,android/view/translation/ViewTranslationRequest$Builder,definition-present,unknown,1,0,unknown,ooniprobe-evidence.json#/rows/425,False,unknown
ooniprobe,7a5bc50be59ad5ed7526dd510a2128a6dc92ba08bd272e3645622783ba91a319,direct-framework-reference,,android/view/translation/ViewTranslationResponse,definition-present,unknown,1,0,unknown,ooniprobe-evidence.json#/rows/426,False,unknown
ooniprobe,7a5bc50be59ad5ed7526dd510a2128a6dc92ba08bd272e3645622783ba91a319,direct-framework-reference,,android/webkit/MimeTypeMap,definition-present,unknown,3,0,unknown,ooniprobe-evidence.json#/rows/427,False,unknown
ooniprobe,7a5bc50be59ad5ed7526dd510a2128a6dc92ba08bd272e3645622783ba91a319,direct-framework-reference,,android/webkit/WebChromeClient,definition-present,unknown,2,0,unknown,ooniprobe-evidence.json#/rows/428,False,unknown
ooniprobe,7a5bc50be59ad5ed7526dd510a2128a6dc92ba08bd272e3645622783ba91a319,direct-framework-reference,,android/webkit/WebResourceRequest,definition-present,unknown,4,0,unknown,ooniprobe-evidence.json#/rows/429,False,unknown
ooniprobe,7a5bc50be59ad5ed7526dd510a2128a6dc92ba08bd272e3645622783ba91a319,direct-framework-reference,,android/webkit/WebResourceResponse,definition-present,unknown,1,0,unknown,ooniprobe-evidence.json#/rows/430,False,unknown
ooniprobe,7a5bc50be59ad5ed7526dd510a2128a6dc92ba08bd272e3645622783ba91a319,direct-framework-reference,,android/webkit/WebSettings,definition-present,unknown,1,0,unknown,ooniprobe-evidence.json#/rows/431,False,unknown
ooniprobe,7a5bc50be59ad5ed7526dd510a2128a6dc92ba08bd272e3645622783ba91a319,direct-framework-reference,,android/webkit/WebView,definition-present,unknown,8,0,unknown,ooniprobe-evidence.json#/rows/432,False,unknown
ooniprobe,7a5bc50be59ad5ed7526dd510a2128a6dc92ba08bd272e3645622783ba91a319,direct-framework-reference,,android/webkit/WebViewClient,definition-present,unknown,3,0,unknown,ooniprobe-evidence.json#/rows/433,False,unknown
ooniprobe,7a5bc50be59ad5ed7526dd510a2128a6dc92ba08bd272e3645622783ba91a319,direct-framework-reference,,android/widget/AutoCompleteTextView,definition-present,unknown,5,0,unknown,ooniprobe-evidence.json#/rows/434,False,unknown
ooniprobe,7a5bc50be59ad5ed7526dd510a2128a6dc92ba08bd272e3645622783ba91a319,direct-framework-reference,,android/widget/EdgeEffect,definition-present,unknown,41,0,unknown,ooniprobe-evidence.json#/rows/435,False,unknown
ooniprobe,7a5bc50be59ad5ed7526dd510a2128a6dc92ba08bd272e3645622783ba91a319,direct-framework-reference,,android/widget/EditText,definition-present,unknown,3,0,unknown,ooniprobe-evidence.json#/rows/436,False,unknown
ooniprobe,7a5bc50be59ad5ed7526dd510a2128a6dc92ba08bd272e3645622783ba91a319,direct-framework-reference,,android/widget/FrameLayout,definition-present,unknown,3,0,unknown,ooniprobe-evidence.json#/rows/437,False,unknown
ooniprobe,7a5bc50be59ad5ed7526dd510a2128a6dc92ba08bd272e3645622783ba91a319,direct-framework-reference,,android/widget/FrameLayout$LayoutParams,definition-present,unknown,12,0,unknown,ooniprobe-evidence.json#/rows/438,False,unknown
ooniprobe,7a5bc50be59ad5ed7526dd510a2128a6dc92ba08bd272e3645622783ba91a319,direct-framework-reference,,android/widget/LinearLayout,definition-present,unknown,3,0,unknown,ooniprobe-evidence.json#/rows/439,False,unknown
ooniprobe,7a5bc50be59ad5ed7526dd510a2128a6dc92ba08bd272e3645622783ba91a319,direct-framework-reference,,android/widget/LinearLayout$LayoutParams,definition-present,yes-static,9,1,unknown,ooniprobe-evidence.json#/rows/440,False,unknown
ooniprobe,7a5bc50be59ad5ed7526dd510a2128a6dc92ba08bd272e3645622783ba91a319,direct-framework-reference,,android/widget/ListView,definition-present,unknown,1,0,unknown,ooniprobe-evidence.json#/rows/441,False,unknown
ooniprobe,7a5bc50be59ad5ed7526dd510a2128a6dc92ba08bd272e3645622783ba91a319,direct-framework-reference,,android/widget/Magnifier,definition-present,unknown,7,0,unknown,ooniprobe-evidence.json#/rows/442,False,unknown
ooniprobe,7a5bc50be59ad5ed7526dd510a2128a6dc92ba08bd272e3645622783ba91a319,direct-framework-reference,,android/widget/OverScroller,definition-present,unknown,8,0,unknown,ooniprobe-evidence.json#/rows/443,False,unknown
ooniprobe,7a5bc50be59ad5ed7526dd510a2128a6dc92ba08bd272e3645622783ba91a319,direct-framework-reference,,android/widget/RemoteViews,definition-present,unknown,1,0,unknown,ooniprobe-evidence.json#/rows/444,False,unknown
ooniprobe,7a5bc50be59ad5ed7526dd510a2128a6dc92ba08bd272e3645622783ba91a319,direct-framework-reference,,android/widget/ScrollView,definition-present,unknown,1,0,unknown,ooniprobe-evidence.json#/rows/445,False,unknown
ooniprobe,7a5bc50be59ad5ed7526dd510a2128a6dc92ba08bd272e3645622783ba91a319,direct-framework-reference,,android/widget/TextView,definition-present,unknown,90,0,unknown,ooniprobe-evidence.json#/rows/446,False,unknown
ooniprobe,7a5bc50be59ad5ed7526dd510a2128a6dc92ba08bd272e3645622783ba91a319,direct-framework-reference,,android/window/BackEvent,definition-present,unknown,3,0,unknown,ooniprobe-evidence.json#/rows/447,False,unknown
ooniprobe,7a5bc50be59ad5ed7526dd510a2128a6dc92ba08bd272e3645622783ba91a319,direct-framework-reference,,android/window/OnBackInvokedCallback,definition-present,unknown,4,0,unknown,ooniprobe-evidence.json#/rows/448,False,unknown
ooniprobe,7a5bc50be59ad5ed7526dd510a2128a6dc92ba08bd272e3645622783ba91a319,direct-framework-reference,,android/window/OnBackInvokedDispatcher,definition-present,unknown,7,0,unknown,ooniprobe-evidence.json#/rows/449,False,unknown
ooniprobe,7a5bc50be59ad5ed7526dd510a2128a6dc92ba08bd272e3645622783ba91a319,direct-framework-reference,,java/awt/Component,definition-absent,unknown,1,0,unresolvable-in-scanned-inputs,ooniprobe-evidence.json#/rows/450,False,unknown
ooniprobe,7a5bc50be59ad5ed7526dd510a2128a6dc92ba08bd272e3645622783ba91a319,direct-framework-reference,,java/awt/GraphicsEnvironment,definition-absent,unknown,1,0,unresolvable-in-scanned-inputs,ooniprobe-evidence.json#/rows/451,False,unknown
ooniprobe,7a5bc50be59ad5ed7526dd510a2128a6dc92ba08bd272e3645622783ba91a319,direct-framework-reference,,java/awt/HeadlessException,definition-absent,unknown,1,0,unresolvable-in-scanned-inputs,ooniprobe-evidence.json#/rows/452,False,unknown
ooniprobe,7a5bc50be59ad5ed7526dd510a2128a6dc92ba08bd272e3645622783ba91a319,direct-framework-reference,,java/awt/Window,definition-absent,unknown,2,0,unresolvable-in-scanned-inputs,ooniprobe-evidence.json#/rows/453,False,unknown
ooniprobe,7a5bc50be59ad5ed7526dd510a2128a6dc92ba08bd272e3645622783ba91a319,direct-framework-reference,,java/io/BufferedInputStream,definition-present,yes-static,3,2,unknown,ooniprobe-evidence.json#/rows/454,False,unknown
ooniprobe,7a5bc50be59ad5ed7526dd510a2128a6dc92ba08bd272e3645622783ba91a319,direct-framework-reference,,java/io/BufferedReader,definition-present,unknown,1,0,unknown,ooniprobe-evidence.json#/rows/455,False,unknown
ooniprobe,7a5bc50be59ad5ed7526dd510a2128a6dc92ba08bd272e3645622783ba91a319,direct-framework-reference,,java/io/ByteArrayInputStream,definition-present,yes-static,12,1,unknown,ooniprobe-evidence.json#/rows/456,False,unknown
ooniprobe,7a5bc50be59ad5ed7526dd510a2128a6dc92ba08bd272e3645622783ba91a319,direct-framework-reference,,java/io/ByteArrayOutputStream,definition-present,yes-static,13,4,unknown,ooniprobe-evidence.json#/rows/457,False,unknown
ooniprobe,7a5bc50be59ad5ed7526dd510a2128a6dc92ba08bd272e3645622783ba91a319,direct-framework-reference,,java/io/Closeable,definition-present,yes-static,30,11,unknown,ooniprobe-evidence.json#/rows/458,False,unknown
ooniprobe,7a5bc50be59ad5ed7526dd510a2128a6dc92ba08bd272e3645622783ba91a319,direct-framework-reference,,java/io/DataInput,definition-present,unknown,8,0,unknown,ooniprobe-evidence.json#/rows/459,False,unknown
ooniprobe,7a5bc50be59ad5ed7526dd510a2128a6dc92ba08bd272e3645622783ba91a319,direct-framework-reference,,java/io/DataInputStream,definition-present,yes-static,24,11,unknown,ooniprobe-evidence.json#/rows/460,False,unknown
ooniprobe,7a5bc50be59ad5ed7526dd510a2128a6dc92ba08bd272e3645622783ba91a319,direct-framework-reference,,java/io/DataOutput,definition-present,unknown,10,0,unknown,ooniprobe-evidence.json#/rows/461,False,unknown
ooniprobe,7a5bc50be59ad5ed7526dd510a2128a6dc92ba08bd272e3645622783ba91a319,direct-framework-reference,,java/io/DataOutputStream,definition-present,yes-static,4,2,unknown,ooniprobe-evidence.json#/rows/462,False,unknown
ooniprobe,7a5bc50be59ad5ed7526dd510a2128a6dc92ba08bd272e3645622783ba91a319,direct-framework-reference,,java/io/EOFException,definition-present,yes-static,29,18,unknown,ooniprobe-evidence.json#/rows/463,False,unknown
ooniprobe,7a5bc50be59ad5ed7526dd510a2128a6dc92ba08bd272e3645622783ba91a319,direct-framework-reference,,java/io/File,definition-present,yes-static,91,26,unknown,ooniprobe-evidence.json#/rows/464,False,unknown
ooniprobe,7a5bc50be59ad5ed7526dd510a2128a6dc92ba08bd272e3645622783ba91a319,direct-framework-reference,,java/io/FileDescriptor,definition-present,yes-static,7,3,unknown,ooniprobe-evidence.json#/rows/465,False,unknown
ooniprobe,7a5bc50be59ad5ed7526dd510a2128a6dc92ba08bd272e3645622783ba91a319,direct-framework-reference,,java/io/FileInputStream,definition-present,yes-static,18,4,unknown,ooniprobe-evidence.json#/rows/466,False,unknown
ooniprobe,7a5bc50be59ad5ed7526dd510a2128a6dc92ba08bd272e3645622783ba91a319,direct-framework-reference,,java/io/FileNotFoundException,definition-present,yes-static,7,5,unknown,ooniprobe-evidence.json#/rows/467,False,unknown
ooniprobe,7a5bc50be59ad5ed7526dd510a2128a6dc92ba08bd272e3645622783ba91a319,direct-framework-reference,,java/io/FileOutputStream,definition-present,yes-static,20,4,unknown,ooniprobe-evidence.json#/rows/468,False,unknown
ooniprobe,7a5bc50be59ad5ed7526dd510a2128a6dc92ba08bd272e3645622783ba91a319,direct-framework-reference,,java/io/FilenameFilter,definition-present,unknown,2,0,unknown,ooniprobe-evidence.json#/rows/469,False,unknown
ooniprobe,7a5bc50be59ad5ed7526dd510a2128a6dc92ba08bd272e3645622783ba91a319,direct-framework-reference,,java/io/IOException,definition-present,yes-static,97,20,unknown,ooniprobe-evidence.json#/rows/470,False,unknown
ooniprobe,7a5bc50be59ad5ed7526dd510a2128a6dc92ba08bd272e3645622783ba91a319,direct-framework-reference,,java/io/InputStream,definition-present,yes-static,74,25,unknown,ooniprobe-evidence.json#/rows/471,False,unknown
ooniprobe,7a5bc50be59ad5ed7526dd510a2128a6dc92ba08bd272e3645622783ba91a319,direct-framework-reference,,java/io/InputStreamReader,definition-present,unknown,1,0,unknown,ooniprobe-evidence.json#/rows/472,False,unknown
ooniprobe,7a5bc50be59ad5ed7526dd510a2128a6dc92ba08bd272e3645622783ba91a319,direct-framework-reference,,java/io/InterruptedIOException,definition-present,unknown,2,0,unknown,ooniprobe-evidence.json#/rows/473,False,unknown
ooniprobe,7a5bc50be59ad5ed7526dd510a2128a6dc92ba08bd272e3645622783ba91a319,direct-framework-reference,,java/io/InvalidClassException,definition-present,unknown,3,0,unknown,ooniprobe-evidence.json#/rows/474,False,unknown
ooniprobe,7a5bc50be59ad5ed7526dd510a2128a6dc92ba08bd272e3645622783ba91a319,direct-framework-reference,,java/io/InvalidObjectException,definition-present,unknown,34,0,unknown,ooniprobe-evidence.json#/rows/475,False,unknown
ooniprobe,7a5bc50be59ad5ed7526dd510a2128a6dc92ba08bd272e3645622783ba91a319,direct-framework-reference,,java/io/ObjectInput,definition-present,unknown,4,0,unknown,ooniprobe-evidence.json#/rows/476,False,unknown
ooniprobe,7a5bc50be59ad5ed7526dd510a2128a6dc92ba08bd272e3645622783ba91a319,direct-framework-reference,,java/io/ObjectInputStream,definition-present,unknown,6,0,unknown,ooniprobe-evidence.json#/rows/477,False,unknown
ooniprobe,7a5bc50be59ad5ed7526dd510a2128a6dc92ba08bd272e3645622783ba91a319,direct-framework-reference,,java/io/ObjectOutput,definition-present,unknown,2,0,unknown,ooniprobe-evidence.json#/rows/478,False,unknown
ooniprobe,7a5bc50be59ad5ed7526dd510a2128a6dc92ba08bd272e3645622783ba91a319,direct-framework-reference,,java/io/ObjectOutputStream,definition-present,yes-static,2,2,unknown,ooniprobe-evidence.json#/rows/479,False,unknown
ooniprobe,7a5bc50be59ad5ed7526dd510a2128a6dc92ba08bd272e3645622783ba91a319,direct-framework-reference,,java/io/OutputStream,definition-present,yes-static,24,5,unknown,ooniprobe-evidence.json#/rows/480,False,unknown
ooniprobe,7a5bc50be59ad5ed7526dd510a2128a6dc92ba08bd272e3645622783ba91a319,direct-framework-reference,,java/io/PrintStream,definition-present,yes-static,20,1,unknown,ooniprobe-evidence.json#/rows/481,False,unknown
ooniprobe,7a5bc50be59ad5ed7526dd510a2128a6dc92ba08bd272e3645622783ba91a319,direct-framework-reference,,java/io/PrintWriter,definition-present,yes-static,2,1,unknown,ooniprobe-evidence.json#/rows/482,False,unknown
ooniprobe,7a5bc50be59ad5ed7526dd510a2128a6dc92ba08bd272e3645622783ba91a319,direct-framework-reference,,java/io/RandomAccessFile,definition-present,yes-static,10,2,unknown,ooniprobe-evidence.json#/rows/483,False,unknown
ooniprobe,7a5bc50be59ad5ed7526dd510a2128a6dc92ba08bd272e3645622783ba91a319,direct-framework-reference,,java/io/Reader,definition-present,unknown,2,0,unknown,ooniprobe-evidence.json#/rows/484,False,unknown
ooniprobe,7a5bc50be59ad5ed7526dd510a2128a6dc92ba08bd272e3645622783ba91a319,direct-framework-reference,,java/io/Serializable,definition-present,yes-static,96,23,unknown,ooniprobe-evidence.json#/rows/485,False,unknown
ooniprobe,7a5bc50be59ad5ed7526dd510a2128a6dc92ba08bd272e3645622783ba91a319,direct-framework-reference,,java/io/StreamCorruptedException,definition-present,unknown,3,0,unknown,ooniprobe-evidence.json#/rows/486,False,unknown
ooniprobe,7a5bc50be59ad5ed7526dd510a2128a6dc92ba08bd272e3645622783ba91a319,direct-framework-reference,,java/io/StringReader,definition-present,unknown,3,0,unknown,ooniprobe-evidence.json#/rows/487,False,unknown
ooniprobe,7a5bc50be59ad5ed7526dd510a2128a6dc92ba08bd272e3645622783ba91a319,direct-framework-reference,,java/io/StringWriter,definition-present,yes-static,2,1,unknown,ooniprobe-evidence.json#/rows/488,False,unknown
ooniprobe,7a5bc50be59ad5ed7526dd510a2128a6dc92ba08bd272e3645622783ba91a319,direct-framework-reference,,java/io/Writer,definition-present,yes-static,2,1,unknown,ooniprobe-evidence.json#/rows/489,False,unknown
ooniprobe,7a5bc50be59ad5ed7526dd510a2128a6dc92ba08bd272e3645622783ba91a319,direct-framework-reference,,java/lang/Appendable,definition-present,yes-static,50,3,unknown,ooniprobe-evidence.json#/rows/490,False,unknown
ooniprobe,7a5bc50be59ad5ed7526dd510a2128a6dc92ba08bd272e3645622783ba91a319,direct-framework-reference,,java/lang/ArithmeticException,definition-present,yes-static,3,1,unknown,ooniprobe-evidence.json#/rows/491,False,unknown
ooniprobe,7a5bc50be59ad5ed7526dd510a2128a6dc92ba08bd272e3645622783ba91a319,direct-framework-reference,,java/lang/ArrayIndexOutOfBoundsException,definition-present,yes-static,7,2,unknown,ooniprobe-evidence.json#/rows/492,False,unknown
ooniprobe,7a5bc50be59ad5ed7526dd510a2128a6dc92ba08bd272e3645622783ba91a319,direct-framework-reference,,java/lang/AssertionError,definition-present,yes-static,20,2,unknown,ooniprobe-evidence.json#/rows/493,False,unknown
ooniprobe,7a5bc50be59ad5ed7526dd510a2128a6dc92ba08bd272e3645622783ba91a319,direct-framework-reference,,java/lang/AutoCloseable,definition-present,yes-static,50,15,unknown,ooniprobe-evidence.json#/rows/494,False,unknown
ooniprobe,7a5bc50be59ad5ed7526dd510a2128a6dc92ba08bd272e3645622783ba91a319,direct-framework-reference,,java/lang/Boolean,definition-present,yes-static,1121,114,unknown,ooniprobe-evidence.json#/rows/495,False,unknown
ooniprobe,7a5bc50be59ad5ed7526dd510a2128a6dc92ba08bd272e3645622783ba91a319,direct-framework-reference,,java/lang/Byte,definition-present,yes-static,64,11,unknown,ooniprobe-evidence.json#/rows/496,False,unknown
ooniprobe,7a5bc50be59ad5ed7526dd510a2128a6dc92ba08bd272e3645622783ba91a319,direct-framework-reference,,java/lang/CharSequence,definition-present,yes-static,888,118,unknown,ooniprobe-evidence.json#/rows/497,False,unknown
ooniprobe,7a5bc50be59ad5ed7526dd510a2128a6dc92ba08bd272e3645622783ba91a319,direct-framework-reference,,java/lang/Character,definition-present,yes-static,148,20,unknown,ooniprobe-evidence.json#/rows/498,False,unknown
ooniprobe,7a5bc50be59ad5ed7526dd510a2128a6dc92ba08bd272e3645622783ba91a319,direct-framework-reference,,java/lang/Character$UnicodeBlock,definition-present,unknown,1,0,unknown,ooniprobe-evidence.json#/rows/499,False,unknown
ooniprobe,7a5bc50be59ad5ed7526dd510a2128a6dc92ba08bd272e3645622783ba91a319,direct-framework-reference,,java/lang/Class,definition-present,yes-static,6074,855,unknown,ooniprobe-evidence.json#/rows/500,False,unknown
ooniprobe,7a5bc50be59ad5ed7526dd510a2128a6dc92ba08bd272e3645622783ba91a319,direct-framework-reference,,java/lang/ClassCastException,definition-present,yes-static,26,2,unknown,ooniprobe-evidence.json#/rows/501,False,unknown
ooniprobe,7a5bc50be59ad5ed7526dd510a2128a6dc92ba08bd272e3645622783ba91a319,direct-framework-reference,,java/lang/ClassLoader,definition-present,yes-static,38,2,unknown,ooniprobe-evidence.json#/rows/502,False,unknown
ooniprobe,7a5bc50be59ad5ed7526dd510a2128a6dc92ba08bd272e3645622783ba91a319,direct-framework-reference,,java/lang/ClassNotFoundException,definition-present,unknown,1,0,unknown,ooniprobe-evidence.json#/rows/503,False,unknown
ooniprobe,7a5bc50be59ad5ed7526dd510a2128a6dc92ba08bd272e3645622783ba91a319,direct-framework-reference,,java/lang/ClassValue,definition-present,unknown,3,0,unknown,ooniprobe-evidence.json#/rows/504,False,unknown
ooniprobe,7a5bc50be59ad5ed7526dd510a2128a6dc92ba08bd272e3645622783ba91a319,direct-framework-reference,,java/lang/Cloneable,definition-present,yes-static,11,2,unknown,ooniprobe-evidence.json#/rows/505,False,unknown
ooniprobe,7a5bc50be59ad5ed7526dd510a2128a6dc92ba08bd272e3645622783ba91a319,direct-framework-reference,,java/lang/Comparable,definition-present,yes-static,36,3,unknown,ooniprobe-evidence.json#/rows/506,False,unknown
ooniprobe,7a5bc50be59ad5ed7526dd510a2128a6dc92ba08bd272e3645622783ba91a319,direct-framework-reference,,java/lang/Deprecated,definition-present,unknown,1,0,unknown,ooniprobe-evidence.json#/rows/507,False,unknown
ooniprobe,7a5bc50be59ad5ed7526dd510a2128a6dc92ba08bd272e3645622783ba91a319,direct-framework-reference,,java/lang/Double,definition-present,yes-static,243,21,unknown,ooniprobe-evidence.json#/rows/508,False,unknown
ooniprobe,7a5bc50be59ad5ed7526dd510a2128a6dc92ba08bd272e3645622783ba91a319,direct-framework-reference,,java/lang/Enum,definition-present,yes-static,867,92,unknown,ooniprobe-evidence.json#/rows/509,False,unknown
ooniprobe,7a5bc50be59ad5ed7526dd510a2128a6dc92ba08bd272e3645622783ba91a319,direct-framework-reference,,java/lang/Error,definition-present,yes-static,21,8,unknown,ooniprobe-evidence.json#/rows/510,False,unknown
ooniprobe,7a5bc50be59ad5ed7526dd510a2128a6dc92ba08bd272e3645622783ba91a319,direct-framework-reference,,java/lang/Exception,definition-present,yes-static,110,19,unknown,ooniprobe-evidence.json#/rows/511,False,unknown
ooniprobe,7a5bc50be59ad5ed7526dd510a2128a6dc92ba08bd272e3645622783ba91a319,direct-framework-reference,,java/lang/Float,definition-present,yes-static,846,90,unknown,ooniprobe-evidence.json#/rows/512,False,unknown
ooniprobe,7a5bc50be59ad5ed7526dd510a2128a6dc92ba08bd272e3645622783ba91a319,direct-framework-reference,,java/lang/IllegalAccessException,definition-present,unknown,3,0,unknown,ooniprobe-evidence.json#/rows/513,False,unknown
ooniprobe,7a5bc50be59ad5ed7526dd510a2128a6dc92ba08bd272e3645622783ba91a319,direct-framework-reference,,java/lang/IllegalArgumentException,definition-present,yes-static,215,75,unknown,ooniprobe-evidence.json#/rows/514,False,unknown
ooniprobe,7a5bc50be59ad5ed7526dd510a2128a6dc92ba08bd272e3645622783ba91a319,direct-framework-reference,,java/lang/IllegalStateException,definition-present,yes-static,239,51,unknown,ooniprobe-evidence.json#/rows/515,False,unknown
ooniprobe,7a5bc50be59ad5ed7526dd510a2128a6dc92ba08bd272e3645622783ba91a319,direct-framework-reference,,java/lang/IndexOutOfBoundsException,definition-present,yes-static,41,9,unknown,ooniprobe-evidence.json#/rows/516,False,unknown
ooniprobe,7a5bc50be59ad5ed7526dd510a2128a6dc92ba08bd272e3645622783ba91a319,direct-framework-reference,,java/lang/InheritableThreadLocal,definition-present,unknown,1,0,unknown,ooniprobe-evidence.json#/rows/517,False,unknown
ooniprobe,7a5bc50be59ad5ed7526dd510a2128a6dc92ba08bd272e3645622783ba91a319,direct-framework-reference,,java/lang/InstantiationException,definition-present,unknown,1,0,unknown,ooniprobe-evidence.json#/rows/518,False,unknown
ooniprobe,7a5bc50be59ad5ed7526dd510a2128a6dc92ba08bd272e3645622783ba91a319,direct-framework-reference,,java/lang/Integer,definition-present,yes-static,1646,122,unknown,ooniprobe-evidence.json#/rows/519,False,unknown
ooniprobe,7a5bc50be59ad5ed7526dd510a2128a6dc92ba08bd272e3645622783ba91a319,direct-framework-reference,,java/lang/InternalError,definition-present,unknown,1,0,unknown,ooniprobe-evidence.json#/rows/520,False,unknown
ooniprobe,7a5bc50be59ad5ed7526dd510a2128a6dc92ba08bd272e3645622783ba91a319,direct-framework-reference,,java/lang/InterruptedException,definition-present,yes-static,4,1,unknown,ooniprobe-evidence.json#/rows/521,False,unknown
ooniprobe,7a5bc50be59ad5ed7526dd510a2128a6dc92ba08bd272e3645622783ba91a319,direct-framework-reference,,java/lang/Iterable,definition-present,yes-static,642,109,unknown,ooniprobe-evidence.json#/rows/522,False,unknown
ooniprobe,7a5bc50be59ad5ed7526dd510a2128a6dc92ba08bd272e3645622783ba91a319,direct-framework-reference,,java/lang/Long,definition-present,yes-static,844,92,unknown,ooniprobe-evidence.json#/rows/523,False,unknown
ooniprobe,7a5bc50be59ad5ed7526dd510a2128a6dc92ba08bd272e3645622783ba91a319,direct-framework-reference,,java/lang/Math,definition-present,yes-static,639,80,unknown,ooniprobe-evidence.json#/rows/524,False,unknown
ooniprobe,7a5bc50be59ad5ed7526dd510a2128a6dc92ba08bd272e3645622783ba91a319,direct-framework-reference,,java/lang/NoClassDefFoundError,definition-present,unknown,12,0,unknown,ooniprobe-evidence.json#/rows/525,False,unknown
ooniprobe,7a5bc50be59ad5ed7526dd510a2128a6dc92ba08bd272e3645622783ba91a319,direct-framework-reference,,java/lang/NoSuchFieldException,definition-present,unknown,3,0,unknown,ooniprobe-evidence.json#/rows/526,False,unknown
ooniprobe,7a5bc50be59ad5ed7526dd510a2128a6dc92ba08bd272e3645622783ba91a319,direct-framework-reference,,java/lang/NoSuchMethodException,definition-present,unknown,3,0,unknown,ooniprobe-evidence.json#/rows/527,False,unknown
ooniprobe,7a5bc50be59ad5ed7526dd510a2128a6dc92ba08bd272e3645622783ba91a319,direct-framework-reference,,java/lang/NullPointerException,definition-present,yes-static,35,4,unknown,ooniprobe-evidence.json#/rows/528,False,unknown
ooniprobe,7a5bc50be59ad5ed7526dd510a2128a6dc92ba08bd272e3645622783ba91a319,direct-framework-reference,,java/lang/Number,definition-present,yes-static,651,36,unknown,ooniprobe-evidence.json#/rows/529,False,unknown
ooniprobe,7a5bc50be59ad5ed7526dd510a2128a6dc92ba08bd272e3645622783ba91a319,direct-framework-reference,,java/lang/NumberFormatException,definition-present,yes-static,26,2,unknown,ooniprobe-evidence.json#/rows/530,False,unknown
ooniprobe,7a5bc50be59ad5ed7526dd510a2128a6dc92ba08bd272e3645622783ba91a319,direct-framework-reference,,java/lang/Object,definition-present,yes-static,19133,2659,unknown,ooniprobe-evidence.json#/rows/531,False,unknown
ooniprobe,7a5bc50be59ad5ed7526dd510a2128a6dc92ba08bd272e3645622783ba91a319,direct-framework-reference,,java/lang/OutOfMemoryError,definition-present,yes-static,6,3,unknown,ooniprobe-evidence.json#/rows/532,False,unknown
ooniprobe,7a5bc50be59ad5ed7526dd510a2128a6dc92ba08bd272e3645622783ba91a319,direct-framework-reference,,java/lang/Package,definition-present,yes-static,4,1,unknown,ooniprobe-evidence.json#/rows/533,False,unknown
ooniprobe,7a5bc50be59ad5ed7526dd510a2128a6dc92ba08bd272e3645622783ba91a319,direct-framework-reference,,java/lang/Process,definition-present,unknown,1,0,unknown,ooniprobe-evidence.json#/rows/534,False,unknown
ooniprobe,7a5bc50be59ad5ed7526dd510a2128a6dc92ba08bd272e3645622783ba91a319,direct-framework-reference,,java/lang/Runnable,definition-present,yes-static,179,23,unknown,ooniprobe-evidence.json#/rows/535,False,unknown
ooniprobe,7a5bc50be59ad5ed7526dd510a2128a6dc92ba08bd272e3645622783ba91a319,direct-framework-reference,,java/lang/Runtime,definition-present,yes-static,7,3,unknown,ooniprobe-evidence.json#/rows/536,False,unknown
ooniprobe,7a5bc50be59ad5ed7526dd510a2128a6dc92ba08bd272e3645622783ba91a319,direct-framework-reference,,java/lang/RuntimeException,definition-present,yes-static,110,32,unknown,ooniprobe-evidence.json#/rows/537,False,unknown
ooniprobe,7a5bc50be59ad5ed7526dd510a2128a6dc92ba08bd272e3645622783ba91a319,direct-framework-reference,,java/lang/SecurityException,definition-present,unknown,2,0,unknown,ooniprobe-evidence.json#/rows/538,False,unknown
ooniprobe,7a5bc50be59ad5ed7526dd510a2128a6dc92ba08bd272e3645622783ba91a319,direct-framework-reference,,java/lang/SecurityManager,definition-present,unknown,3,0,unknown,ooniprobe-evidence.json#/rows/539,False,unknown
ooniprobe,7a5bc50be59ad5ed7526dd510a2128a6dc92ba08bd272e3645622783ba91a319,direct-framework-reference,,java/lang/Short,definition-present,yes-static,34,5,unknown,ooniprobe-evidence.json#/rows/540,False,unknown
ooniprobe,7a5bc50be59ad5ed7526dd510a2128a6dc92ba08bd272e3645622783ba91a319,direct-framework-reference,,java/lang/StackTraceElement,definition-present,yes-static,18,7,unknown,ooniprobe-evidence.json#/rows/541,False,unknown
ooniprobe,7a5bc50be59ad5ed7526dd510a2128a6dc92ba08bd272e3645622783ba91a319,direct-framework-reference,,java/lang/String,definition-present,yes-static,10214,1201,unknown,ooniprobe-evidence.json#/rows/542,False,unknown
ooniprobe,7a5bc50be59ad5ed7526dd510a2128a6dc92ba08bd272e3645622783ba91a319,direct-framework-reference,,java/lang/StringBuffer,definition-present,unknown,1,0,unknown,ooniprobe-evidence.json#/rows/543,False,unknown
ooniprobe,7a5bc50be59ad5ed7526dd510a2128a6dc92ba08bd272e3645622783ba91a319,direct-framework-reference,,java/lang/StringBuilder,definition-present,yes-static,1928,253,unknown,ooniprobe-evidence.json#/rows/544,False,unknown
ooniprobe,7a5bc50be59ad5ed7526dd510a2128a6dc92ba08bd272e3645622783ba91a319,direct-framework-reference,,java/lang/System,definition-present,yes-static,170,31,unknown,ooniprobe-evidence.json#/rows/545,False,unknown
ooniprobe,7a5bc50be59ad5ed7526dd510a2128a6dc92ba08bd272e3645622783ba91a319,direct-framework-reference,,java/lang/Thread,definition-present,yes-static,74,15,unknown,ooniprobe-evidence.json#/rows/546,False,unknown
ooniprobe,7a5bc50be59ad5ed7526dd510a2128a6dc92ba08bd272e3645622783ba91a319,direct-framework-reference,,java/lang/Thread$State,definition-present,unknown,1,0,unknown,ooniprobe-evidence.json#/rows/547,False,unknown
ooniprobe,7a5bc50be59ad5ed7526dd510a2128a6dc92ba08bd272e3645622783ba91a319,direct-framework-reference,,java/lang/Thread$UncaughtExceptionHandler,definition-present,yes-static,4,1,unknown,ooniprobe-evidence.json#/rows/548,False,unknown
ooniprobe,7a5bc50be59ad5ed7526dd510a2128a6dc92ba08bd272e3645622783ba91a319,direct-framework-reference,,java/lang/ThreadGroup,definition-present,unknown,4,0,unknown,ooniprobe-evidence.json#/rows/549,False,unknown
ooniprobe,7a5bc50be59ad5ed7526dd510a2128a6dc92ba08bd272e3645622783ba91a319,direct-framework-reference,,java/lang/ThreadLocal,definition-present,yes-static,61,17,unknown,ooniprobe-evidence.json#/rows/550,False,unknown
ooniprobe,7a5bc50be59ad5ed7526dd510a2128a6dc92ba08bd272e3645622783ba91a319,direct-framework-reference,,java/lang/Throwable,definition-present,yes-static,744,203,unknown,ooniprobe-evidence.json#/rows/551,False,unknown
ooniprobe,7a5bc50be59ad5ed7526dd510a2128a6dc92ba08bd272e3645622783ba91a319,direct-framework-reference,,java/lang/UnsatisfiedLinkError,definition-present,unknown,7,0,unknown,ooniprobe-evidence.json#/rows/552,False,unknown
ooniprobe,7a5bc50be59ad5ed7526dd510a2128a6dc92ba08bd272e3645622783ba91a319,direct-framework-reference,,java/lang/UnsupportedOperationException,definition-present,yes-static,404,12,unknown,ooniprobe-evidence.json#/rows/553,False,unknown
ooniprobe,7a5bc50be59ad5ed7526dd510a2128a6dc92ba08bd272e3645622783ba91a319,direct-framework-reference,,java/lang/Void,definition-present,yes-static,58,13,unknown,ooniprobe-evidence.json#/rows/554,False,unknown
ooniprobe,7a5bc50be59ad5ed7526dd510a2128a6dc92ba08bd272e3645622783ba91a319,direct-framework-reference,,java/lang/annotation/Annotation,definition-present,yes-static,70,6,unknown,ooniprobe-evidence.json#/rows/555,False,unknown
ooniprobe,7a5bc50be59ad5ed7526dd510a2128a6dc92ba08bd272e3645622783ba91a319,direct-framework-reference,,java/lang/ref/PhantomReference,definition-present,yes-static,2,2,unknown,ooniprobe-evidence.json#/rows/556,False,unknown
ooniprobe,7a5bc50be59ad5ed7526dd510a2128a6dc92ba08bd272e3645622783ba91a319,direct-framework-reference,,java/lang/ref/Reference,definition-present,yes-static,55,8,unknown,ooniprobe-evidence.json#/rows/557,False,unknown
ooniprobe,7a5bc50be59ad5ed7526dd510a2128a6dc92ba08bd272e3645622783ba91a319,direct-framework-reference,,java/lang/ref/ReferenceQueue,definition-present,yes-static,15,8,unknown,ooniprobe-evidence.json#/rows/558,False,unknown
ooniprobe,7a5bc50be59ad5ed7526dd510a2128a6dc92ba08bd272e3645622783ba91a319,direct-framework-reference,,java/lang/ref/SoftReference,definition-present,yes-static,6,1,unknown,ooniprobe-evidence.json#/rows/559,False,unknown
ooniprobe,7a5bc50be59ad5ed7526dd510a2128a6dc92ba08bd272e3645622783ba91a319,direct-framework-reference,,java/lang/ref/WeakReference,definition-present,yes-static,57,14,unknown,ooniprobe-evidence.json#/rows/560,False,unknown
ooniprobe,7a5bc50be59ad5ed7526dd510a2128a6dc92ba08bd272e3645622783ba91a319,direct-framework-reference,,java/lang/reflect/AccessibleObject,definition-present,yes-static,29,9,unknown,ooniprobe-evidence.json#/rows/561,False,unknown
ooniprobe,7a5bc50be59ad5ed7526dd510a2128a6dc92ba08bd272e3645622783ba91a319,direct-framework-reference,,java/lang/reflect/Array,definition-present,yes-static,22,3,unknown,ooniprobe-evidence.json#/rows/562,False,unknown
ooniprobe,7a5bc50be59ad5ed7526dd510a2128a6dc92ba08bd272e3645622783ba91a319,direct-framework-reference,,java/lang/reflect/Constructor,definition-present,yes-static,46,12,unknown,ooniprobe-evidence.json#/rows/563,False,unknown
ooniprobe,7a5bc50be59ad5ed7526dd510a2128a6dc92ba08bd272e3645622783ba91a319,direct-framework-reference,,java/lang/reflect/Field,definition-present,yes-static,66,18,unknown,ooniprobe-evidence.json#/rows/564,False,unknown
ooniprobe,7a5bc50be59ad5ed7526dd510a2128a6dc92ba08bd272e3645622783ba91a319,direct-framework-reference,,java/lang/reflect/GenericDeclaration,definition-present,yes-static,1,1,unknown,ooniprobe-evidence.json#/rows/565,False,unknown
ooniprobe,7a5bc50be59ad5ed7526dd510a2128a6dc92ba08bd272e3645622783ba91a319,direct-framework-reference,,java/lang/reflect/InvocationHandler,definition-present,unknown,10,0,unknown,ooniprobe-evidence.json#/rows/566,False,unknown
ooniprobe,7a5bc50be59ad5ed7526dd510a2128a6dc92ba08bd272e3645622783ba91a319,direct-framework-reference,,java/lang/reflect/InvocationTargetException,definition-present,yes-static,14,3,unknown,ooniprobe-evidence.json#/rows/567,False,unknown
ooniprobe,7a5bc50be59ad5ed7526dd510a2128a6dc92ba08bd272e3645622783ba91a319,direct-framework-reference,,java/lang/reflect/Method,definition-present,yes-static,146,21,unknown,ooniprobe-evidence.json#/rows/568,False,unknown
ooniprobe,7a5bc50be59ad5ed7526dd510a2128a6dc92ba08bd272e3645622783ba91a319,direct-framework-reference,,java/lang/reflect/Modifier,definition-present,yes-static,8,4,unknown,ooniprobe-evidence.json#/rows/569,False,unknown
ooniprobe,7a5bc50be59ad5ed7526dd510a2128a6dc92ba08bd272e3645622783ba91a319,direct-framework-reference,,java/lang/reflect/Proxy,definition-present,unknown,8,0,unknown,ooniprobe-evidence.json#/rows/570,False,unknown
ooniprobe,7a5bc50be59ad5ed7526dd510a2128a6dc92ba08bd272e3645622783ba91a319,direct-framework-reference,,java/lang/reflect/Type,definition-present,unknown,1,0,unknown,ooniprobe-evidence.json#/rows/571,False,unknown
ooniprobe,7a5bc50be59ad5ed7526dd510a2128a6dc92ba08bd272e3645622783ba91a319,direct-framework-reference,,java/math/BigDecimal,definition-present,unknown,2,0,unknown,ooniprobe-evidence.json#/rows/572,False,unknown
ooniprobe,7a5bc50be59ad5ed7526dd510a2128a6dc92ba08bd272e3645622783ba91a319,direct-framework-reference,,java/math/BigInteger,definition-present,yes-static,7,1,unknown,ooniprobe-evidence.json#/rows/573,False,unknown
ooniprobe,7a5bc50be59ad5ed7526dd510a2128a6dc92ba08bd272e3645622783ba91a319,direct-framework-reference,,java/math/RoundingMode,definition-present,unknown,2,0,unknown,ooniprobe-evidence.json#/rows/574,False,unknown
ooniprobe,7a5bc50be59ad5ed7526dd510a2128a6dc92ba08bd272e3645622783ba91a319,direct-framework-reference,,java/net/ConnectException,definition-present,unknown,2,0,unknown,ooniprobe-evidence.json#/rows/575,False,unknown
ooniprobe,7a5bc50be59ad5ed7526dd510a2128a6dc92ba08bd272e3645622783ba91a319,direct-framework-reference,,java/net/HttpURLConnection,definition-present,yes-static,6,1,unknown,ooniprobe-evidence.json#/rows/576,False,unknown
ooniprobe,7a5bc50be59ad5ed7526dd510a2128a6dc92ba08bd272e3645622783ba91a319,direct-framework-reference,,java/net/JarURLConnection,definition-present,unknown,1,0,unknown,ooniprobe-evidence.json#/rows/577,False,unknown
ooniprobe,7a5bc50be59ad5ed7526dd510a2128a6dc92ba08bd272e3645622783ba91a319,direct-framework-reference,,java/net/SocketTimeoutException,definition-present,unknown,2,0,unknown,ooniprobe-evidence.json#/rows/578,False,unknown
ooniprobe,7a5bc50be59ad5ed7526dd510a2128a6dc92ba08bd272e3645622783ba91a319,direct-framework-reference,,java/net/URI,definition-present,yes-static,2,1,unknown,ooniprobe-evidence.json#/rows/579,False,unknown
ooniprobe,7a5bc50be59ad5ed7526dd510a2128a6dc92ba08bd272e3645622783ba91a319,direct-framework-reference,,java/net/URL,definition-present,yes-static,6,1,unknown,ooniprobe-evidence.json#/rows/580,False,unknown
ooniprobe,7a5bc50be59ad5ed7526dd510a2128a6dc92ba08bd272e3645622783ba91a319,direct-framework-reference,,java/net/URLClassLoader,definition-present,unknown,1,0,unknown,ooniprobe-evidence.json#/rows/581,False,unknown
ooniprobe,7a5bc50be59ad5ed7526dd510a2128a6dc92ba08bd272e3645622783ba91a319,direct-framework-reference,,java/net/URLConnection,definition-present,unknown,4,0,unknown,ooniprobe-evidence.json#/rows/582,False,unknown
ooniprobe,7a5bc50be59ad5ed7526dd510a2128a6dc92ba08bd272e3645622783ba91a319,direct-framework-reference,,java/nio/Buffer,definition-present,yes-static,29,4,unknown,ooniprobe-evidence.json#/rows/583,False,unknown
ooniprobe,7a5bc50be59ad5ed7526dd510a2128a6dc92ba08bd272e3645622783ba91a319,direct-framework-reference,,java/nio/ByteBuffer,definition-present,yes-static,123,14,unknown,ooniprobe-evidence.json#/rows/584,False,unknown
ooniprobe,7a5bc50be59ad5ed7526dd510a2128a6dc92ba08bd272e3645622783ba91a319,direct-framework-reference,,java/nio/ByteOrder,definition-present,yes-static,44,36,unknown,ooniprobe-evidence.json#/rows/585,False,unknown
ooniprobe,7a5bc50be59ad5ed7526dd510a2128a6dc92ba08bd272e3645622783ba91a319,direct-framework-reference,,java/nio/CharBuffer,definition-present,yes-static,3,2,unknown,ooniprobe-evidence.json#/rows/586,False,unknown
ooniprobe,7a5bc50be59ad5ed7526dd510a2128a6dc92ba08bd272e3645622783ba91a319,direct-framework-reference,,java/nio/MappedByteBuffer,definition-present,unknown,5,0,unknown,ooniprobe-evidence.json#/rows/587,False,unknown
ooniprobe,7a5bc50be59ad5ed7526dd510a2128a6dc92ba08bd272e3645622783ba91a319,direct-framework-reference,,java/nio/channels/FileChannel,definition-present,yes-static,11,2,unknown,ooniprobe-evidence.json#/rows/588,False,unknown
ooniprobe,7a5bc50be59ad5ed7526dd510a2128a6dc92ba08bd272e3645622783ba91a319,direct-framework-reference,,java/nio/channels/FileChannel$MapMode,definition-present,unknown,2,0,unknown,ooniprobe-evidence.json#/rows/589,False,unknown
ooniprobe,7a5bc50be59ad5ed7526dd510a2128a6dc92ba08bd272e3645622783ba91a319,direct-framework-reference,,java/nio/channels/FileLock,definition-present,yes-static,3,1,unknown,ooniprobe-evidence.json#/rows/590,False,unknown
ooniprobe,7a5bc50be59ad5ed7526dd510a2128a6dc92ba08bd272e3645622783ba91a319,direct-framework-reference,,java/nio/channels/SelectableChannel,definition-present,unknown,1,0,unknown,ooniprobe-evidence.json#/rows/591,False,unknown
ooniprobe,7a5bc50be59ad5ed7526dd510a2128a6dc92ba08bd272e3645622783ba91a319,direct-framework-reference,,java/nio/channels/WritableByteChannel,definition-present,unknown,5,0,unknown,ooniprobe-evidence.json#/rows/592,False,unknown
ooniprobe,7a5bc50be59ad5ed7526dd510a2128a6dc92ba08bd272e3645622783ba91a319,direct-framework-reference,,java/nio/channels/spi/AbstractInterruptibleChannel,definition-present,yes-static,4,2,unknown,ooniprobe-evidence.json#/rows/593,False,unknown
ooniprobe,7a5bc50be59ad5ed7526dd510a2128a6dc92ba08bd272e3645622783ba91a319,direct-framework-reference,,java/nio/charset/Charset,definition-present,yes-static,75,28,unknown,ooniprobe-evidence.json#/rows/594,False,unknown
ooniprobe,7a5bc50be59ad5ed7526dd510a2128a6dc92ba08bd272e3645622783ba91a319,direct-framework-reference,,java/nio/charset/CharsetDecoder,definition-present,unknown,3,0,unknown,ooniprobe-evidence.json#/rows/595,False,unknown
ooniprobe,7a5bc50be59ad5ed7526dd510a2128a6dc92ba08bd272e3645622783ba91a319,direct-framework-reference,,java/nio/charset/CharsetEncoder,definition-present,yes-static,7,5,unknown,ooniprobe-evidence.json#/rows/596,False,unknown
ooniprobe,7a5bc50be59ad5ed7526dd510a2128a6dc92ba08bd272e3645622783ba91a319,direct-framework-reference,,java/nio/charset/CodingErrorAction,definition-present,yes-static,2,1,unknown,ooniprobe-evidence.json#/rows/597,False,unknown
ooniprobe,7a5bc50be59ad5ed7526dd510a2128a6dc92ba08bd272e3645622783ba91a319,direct-framework-reference,,java/nio/charset/MalformedInputException,definition-present,unknown,1,0,unknown,ooniprobe-evidence.json#/rows/598,False,unknown
ooniprobe,7a5bc50be59ad5ed7526dd510a2128a6dc92ba08bd272e3645622783ba91a319,direct-framework-reference,,java/nio/charset/StandardCharsets,definition-present,yes-static,7,1,unknown,ooniprobe-evidence.json#/rows/599,False,unknown
ooniprobe,7a5bc50be59ad5ed7526dd510a2128a6dc92ba08bd272e3645622783ba91a319,direct-framework-reference,,java/nio/file/CopyOption,definition-present,yes-static,3,2,unknown,ooniprobe-evidence.json#/rows/600,False,unknown
ooniprobe,7a5bc50be59ad5ed7526dd510a2128a6dc92ba08bd272e3645622783ba91a319,direct-framework-reference,,java/nio/file/FileSystem,definition-present,unknown,1,0,unknown,ooniprobe-evidence.json#/rows/601,False,unknown
ooniprobe,7a5bc50be59ad5ed7526dd510a2128a6dc92ba08bd272e3645622783ba91a319,direct-framework-reference,,java/nio/file/FileSystems,definition-present,unknown,1,0,unknown,ooniprobe-evidence.json#/rows/602,False,unknown
ooniprobe,7a5bc50be59ad5ed7526dd510a2128a6dc92ba08bd272e3645622783ba91a319,direct-framework-reference,,java/nio/file/Files,definition-present,yes-static,4,2,unknown,ooniprobe-evidence.json#/rows/603,False,unknown
ooniprobe,7a5bc50be59ad5ed7526dd510a2128a6dc92ba08bd272e3645622783ba91a319,direct-framework-reference,,java/nio/file/LinkOption,definition-present,unknown,1,0,unknown,ooniprobe-evidence.json#/rows/604,False,unknown
ooniprobe,7a5bc50be59ad5ed7526dd510a2128a6dc92ba08bd272e3645622783ba91a319,direct-framework-reference,,java/nio/file/NoSuchFileException,definition-present,unknown,1,0,unknown,ooniprobe-evidence.json#/rows/605,False,unknown
ooniprobe,7a5bc50be59ad5ed7526dd510a2128a6dc92ba08bd272e3645622783ba91a319,direct-framework-reference,,java/nio/file/Path,definition-present,yes-static,4,2,unknown,ooniprobe-evidence.json#/rows/606,False,unknown
ooniprobe,7a5bc50be59ad5ed7526dd510a2128a6dc92ba08bd272e3645622783ba91a319,direct-framework-reference,,java/nio/file/Paths,definition-present,unknown,2,0,unknown,ooniprobe-evidence.json#/rows/607,False,unknown
ooniprobe,7a5bc50be59ad5ed7526dd510a2128a6dc92ba08bd272e3645622783ba91a319,direct-framework-reference,,java/nio/file/StandardCopyOption,definition-present,yes-static,4,2,unknown,ooniprobe-evidence.json#/rows/608,False,unknown
ooniprobe,7a5bc50be59ad5ed7526dd510a2128a6dc92ba08bd272e3645622783ba91a319,direct-framework-reference,,java/nio/file/attribute/BasicFileAttributes,definition-present,unknown,1,0,unknown,ooniprobe-evidence.json#/rows/609,False,unknown
ooniprobe,7a5bc50be59ad5ed7526dd510a2128a6dc92ba08bd272e3645622783ba91a319,direct-framework-reference,,java/nio/file/attribute/FileTime,definition-present,unknown,2,0,unknown,ooniprobe-evidence.json#/rows/610,False,unknown
ooniprobe,7a5bc50be59ad5ed7526dd510a2128a6dc92ba08bd272e3645622783ba91a319,direct-framework-reference,,java/security/AccessController,definition-present,yes-static,3,1,unknown,ooniprobe-evidence.json#/rows/611,False,unknown
ooniprobe,7a5bc50be59ad5ed7526dd510a2128a6dc92ba08bd272e3645622783ba91a319,direct-framework-reference,,java/security/Key,definition-present,unknown,3,0,unknown,ooniprobe-evidence.json#/rows/612,False,unknown
ooniprobe,7a5bc50be59ad5ed7526dd510a2128a6dc92ba08bd272e3645622783ba91a319,direct-framework-reference,,java/security/KeyStore,definition-present,unknown,1,0,unknown,ooniprobe-evidence.json#/rows/613,False,unknown
ooniprobe,7a5bc50be59ad5ed7526dd510a2128a6dc92ba08bd272e3645622783ba91a319,direct-framework-reference,,java/security/KeyStore$LoadStoreParameter,definition-present,unknown,1,0,unknown,ooniprobe-evidence.json#/rows/614,False,unknown
ooniprobe,7a5bc50be59ad5ed7526dd510a2128a6dc92ba08bd272e3645622783ba91a319,direct-framework-reference,,java/security/MessageDigest,definition-present,yes-static,3,1,unknown,ooniprobe-evidence.json#/rows/615,False,unknown
ooniprobe,7a5bc50be59ad5ed7526dd510a2128a6dc92ba08bd272e3645622783ba91a319,direct-framework-reference,,java/security/PrivilegedAction,definition-present,yes-static,3,2,unknown,ooniprobe-evidence.json#/rows/616,False,unknown
ooniprobe,7a5bc50be59ad5ed7526dd510a2128a6dc92ba08bd272e3645622783ba91a319,direct-framework-reference,,java/security/PrivilegedExceptionAction,definition-present,unknown,1,0,unknown,ooniprobe-evidence.json#/rows/617,False,unknown
ooniprobe,7a5bc50be59ad5ed7526dd510a2128a6dc92ba08bd272e3645622783ba91a319,direct-framework-reference,,java/security/SecureRandom,definition-present,unknown,2,0,unknown,ooniprobe-evidence.json#/rows/618,False,unknown
ooniprobe,7a5bc50be59ad5ed7526dd510a2128a6dc92ba08bd272e3645622783ba91a319,direct-framework-reference,,java/security/spec/AlgorithmParameterSpec,definition-present,unknown,2,0,unknown,ooniprobe-evidence.json#/rows/619,False,unknown
ooniprobe,7a5bc50be59ad5ed7526dd510a2128a6dc92ba08bd272e3645622783ba91a319,direct-framework-reference,,java/text/Bidi,definition-present,unknown,3,0,unknown,ooniprobe-evidence.json#/rows/620,False,unknown
ooniprobe,7a5bc50be59ad5ed7526dd510a2128a6dc92ba08bd272e3645622783ba91a319,direct-framework-reference,,java/text/BreakIterator,definition-present,yes-static,14,1,unknown,ooniprobe-evidence.json#/rows/621,False,unknown
ooniprobe,7a5bc50be59ad5ed7526dd510a2128a6dc92ba08bd272e3645622783ba91a319,direct-framework-reference,,java/text/CharacterIterator,definition-present,yes-static,2,1,unknown,ooniprobe-evidence.json#/rows/622,False,unknown
ooniprobe,7a5bc50be59ad5ed7526dd510a2128a6dc92ba08bd272e3645622783ba91a319,direct-framework-reference,,java/text/DateFormat,definition-present,yes-static,5,1,unknown,ooniprobe-evidence.json#/rows/623,False,unknown
ooniprobe,7a5bc50be59ad5ed7526dd510a2128a6dc92ba08bd272e3645622783ba91a319,direct-framework-reference,,java/text/DateFormatSymbols,definition-present,yes-static,3,1,unknown,ooniprobe-evidence.json#/rows/624,False,unknown
ooniprobe,7a5bc50be59ad5ed7526dd510a2128a6dc92ba08bd272e3645622783ba91a319,direct-framework-reference,,java/text/DecimalFormatSymbols,definition-present,unknown,1,0,unknown,ooniprobe-evidence.json#/rows/625,False,unknown
ooniprobe,7a5bc50be59ad5ed7526dd510a2128a6dc92ba08bd272e3645622783ba91a319,direct-framework-reference,,java/text/Format,definition-present,unknown,2,0,unknown,ooniprobe-evidence.json#/rows/626,False,unknown
ooniprobe,7a5bc50be59ad5ed7526dd510a2128a6dc92ba08bd272e3645622783ba91a319,direct-framework-reference,,java/text/NumberFormat,definition-present,unknown,1,0,unknown,ooniprobe-evidence.json#/rows/627,False,unknown
ooniprobe,7a5bc50be59ad5ed7526dd510a2128a6dc92ba08bd272e3645622783ba91a319,direct-framework-reference,,java/text/ParsePosition,definition-present,unknown,3,0,unknown,ooniprobe-evidence.json#/rows/628,False,unknown
ooniprobe,7a5bc50be59ad5ed7526dd510a2128a6dc92ba08bd272e3645622783ba91a319,direct-framework-reference,,java/text/SimpleDateFormat,definition-present,yes-static,7,1,unknown,ooniprobe-evidence.json#/rows/629,False,unknown
ooniprobe,7a5bc50be59ad5ed7526dd510a2128a6dc92ba08bd272e3645622783ba91a319,direct-framework-reference,,java/util/AbstractCollection,definition-present,yes-static,59,15,unknown,ooniprobe-evidence.json#/rows/630,False,unknown
ooniprobe,7a5bc50be59ad5ed7526dd510a2128a6dc92ba08bd272e3645622783ba91a319,direct-framework-reference,,java/util/AbstractList,definition-present,yes-static,62,14,unknown,ooniprobe-evidence.json#/rows/631,False,unknown
ooniprobe,7a5bc50be59ad5ed7526dd510a2128a6dc92ba08bd272e3645622783ba91a319,direct-framework-reference,,java/util/AbstractMap,definition-present,yes-static,32,8,unknown,ooniprobe-evidence.json#/rows/632,False,unknown
ooniprobe,7a5bc50be59ad5ed7526dd510a2128a6dc92ba08bd272e3645622783ba91a319,direct-framework-reference,,java/util/AbstractMap$SimpleImmutableEntry,definition-present,yes-static,5,2,unknown,ooniprobe-evidence.json#/rows/633,False,unknown
ooniprobe,7a5bc50be59ad5ed7526dd510a2128a6dc92ba08bd272e3645622783ba91a319,direct-framework-reference,,java/util/AbstractSet,definition-present,yes-static,12,1,unknown,ooniprobe-evidence.json#/rows/634,False,unknown
ooniprobe,7a5bc50be59ad5ed7526dd510a2128a6dc92ba08bd272e3645622783ba91a319,direct-framework-reference,,java/util/ArrayDeque,definition-present,unknown,3,0,unknown,ooniprobe-evidence.json#/rows/635,False,unknown
ooniprobe,7a5bc50be59ad5ed7526dd510a2128a6dc92ba08bd272e3645622783ba91a319,direct-framework-reference,,java/util/ArrayList,definition-present,yes-static,1342,217,unknown,ooniprobe-evidence.json#/rows/636,False,unknown
ooniprobe,7a5bc50be59ad5ed7526dd510a2128a6dc92ba08bd272e3645622783ba91a319,direct-framework-reference,,java/util/Arrays,definition-present,yes-static,344,79,unknown,ooniprobe-evidence.json#/rows/637,False,unknown
ooniprobe,7a5bc50be59ad5ed7526dd510a2128a6dc92ba08bd272e3645622783ba91a319,direct-framework-reference,,java/util/BitSet,definition-present,unknown,3,0,unknown,ooniprobe-evidence.json#/rows/638,False,unknown
ooniprobe,7a5bc50be59ad5ed7526dd510a2128a6dc92ba08bd272e3645622783ba91a319,direct-framework-reference,,java/util/Calendar,definition-present,yes-static,13,2,unknown,ooniprobe-evidence.json#/rows/639,False,unknown
ooniprobe,7a5bc50be59ad5ed7526dd510a2128a6dc92ba08bd272e3645622783ba91a319,direct-framework-reference,,java/util/Collection,definition-present,yes-static,877,97,unknown,ooniprobe-evidence.json#/rows/640,False,unknown
ooniprobe,7a5bc50be59ad5ed7526dd510a2128a6dc92ba08bd272e3645622783ba91a319,direct-framework-reference,,java/util/Collections,definition-present,yes-static,97,28,unknown,ooniprobe-evidence.json#/rows/641,False,unknown
ooniprobe,7a5bc50be59ad5ed7526dd510a2128a6dc92ba08bd272e3645622783ba91a319,direct-framework-reference,,java/util/Comparator,definition-present,yes-static,42,11,unknown,ooniprobe-evidence.json#/rows/642,False,unknown
ooniprobe,7a5bc50be59ad5ed7526dd510a2128a6dc92ba08bd272e3645622783ba91a319,direct-framework-reference,,java/util/ConcurrentModificationException,definition-present,yes-static,25,5,unknown,ooniprobe-evidence.json#/rows/643,False,unknown
ooniprobe,7a5bc50be59ad5ed7526dd510a2128a6dc92ba08bd272e3645622783ba91a319,direct-framework-reference,,java/util/Date,definition-present,unknown,5,0,unknown,ooniprobe-evidence.json#/rows/644,False,unknown
ooniprobe,7a5bc50be59ad5ed7526dd510a2128a6dc92ba08bd272e3645622783ba91a319,direct-framework-reference,,java/util/EnumSet,definition-present,unknown,1,0,unknown,ooniprobe-evidence.json#/rows/645,False,unknown
ooniprobe,7a5bc50be59ad5ed7526dd510a2128a6dc92ba08bd272e3645622783ba91a319,direct-framework-reference,,java/util/Enumeration,definition-present,yes-static,2,1,unknown,ooniprobe-evidence.json#/rows/646,False,unknown
ooniprobe,7a5bc50be59ad5ed7526dd510a2128a6dc92ba08bd272e3645622783ba91a319,direct-framework-reference,,java/util/GregorianCalendar,definition-present,unknown,1,0,unknown,ooniprobe-evidence.json#/rows/647,False,unknown
ooniprobe,7a5bc50be59ad5ed7526dd510a2128a6dc92ba08bd272e3645622783ba91a319,direct-framework-reference,,java/util/HashMap,definition-present,yes-static,228,70,unknown,ooniprobe-evidence.json#/rows/648,False,unknown
ooniprobe,7a5bc50be59ad5ed7526dd510a2128a6dc92ba08bd272e3645622783ba91a319,direct-framework-reference,,java/util/HashSet,definition-present,yes-static,71,21,unknown,ooniprobe-evidence.json#/rows/649,False,unknown
ooniprobe,7a5bc50be59ad5ed7526dd510a2128a6dc92ba08bd272e3645622783ba91a319,direct-framework-reference,,java/util/IdentityHashMap,definition-present,yes-static,8,3,unknown,ooniprobe-evidence.json#/rows/650,False,unknown
ooniprobe,7a5bc50be59ad5ed7526dd510a2128a6dc92ba08bd272e3645622783ba91a319,direct-framework-reference,,java/util/Iterator,definition-present,yes-static,807,127,unknown,ooniprobe-evidence.json#/rows/651,False,unknown
ooniprobe,7a5bc50be59ad5ed7526dd510a2128a6dc92ba08bd272e3645622783ba91a319,direct-framework-reference,,java/util/LinkedHashMap,definition-present,yes-static,431,67,unknown,ooniprobe-evidence.json#/rows/652,False,unknown
ooniprobe,7a5bc50be59ad5ed7526dd510a2128a6dc92ba08bd272e3645622783ba91a319,direct-framework-reference,,java/util/LinkedHashSet,definition-present,yes-static,96,18,unknown,ooniprobe-evidence.json#/rows/653,False,unknown
ooniprobe,7a5bc50be59ad5ed7526dd510a2128a6dc92ba08bd272e3645622783ba91a319,direct-framework-reference,,java/util/LinkedList,definition-present,unknown,4,0,unknown,ooniprobe-evidence.json#/rows/654,False,unknown
ooniprobe,7a5bc50be59ad5ed7526dd510a2128a6dc92ba08bd272e3645622783ba91a319,direct-framework-reference,,java/util/List,definition-present,yes-static,2675,277,unknown,ooniprobe-evidence.json#/rows/655,False,unknown
ooniprobe,7a5bc50be59ad5ed7526dd510a2128a6dc92ba08bd272e3645622783ba91a319,direct-framework-reference,,java/util/ListIterator,definition-present,yes-static,93,2,unknown,ooniprobe-evidence.json#/rows/656,False,unknown
ooniprobe,7a5bc50be59ad5ed7526dd510a2128a6dc92ba08bd272e3645622783ba91a319,direct-framework-reference,,java/util/Locale,definition-present,yes-static,132,21,unknown,ooniprobe-evidence.json#/rows/657,False,unknown
ooniprobe,7a5bc50be59ad5ed7526dd510a2128a6dc92ba08bd272e3645622783ba91a319,direct-framework-reference,,java/util/Locale$Builder,definition-present,yes-static,1,1,unknown,ooniprobe-evidence.json#/rows/658,False,unknown
ooniprobe,7a5bc50be59ad5ed7526dd510a2128a6dc92ba08bd272e3645622783ba91a319,direct-framework-reference,,java/util/Map,definition-present,yes-static,947,133,unknown,ooniprobe-evidence.json#/rows/659,False,unknown
ooniprobe,7a5bc50be59ad5ed7526dd510a2128a6dc92ba08bd272e3645622783ba91a319,direct-framework-reference,,java/util/Map$Entry,definition-present,yes-static,206,26,unknown,ooniprobe-evidence.json#/rows/660,False,unknown
ooniprobe,7a5bc50be59ad5ed7526dd510a2128a6dc92ba08bd272e3645622783ba91a319,direct-framework-reference,,java/util/NavigableMap,definition-present,unknown,1,0,unknown,ooniprobe-evidence.json#/rows/661,False,unknown
ooniprobe,7a5bc50be59ad5ed7526dd510a2128a6dc92ba08bd272e3645622783ba91a319,direct-framework-reference,,java/util/NavigableSet,definition-present,yes-static,1,1,unknown,ooniprobe-evidence.json#/rows/662,False,unknown
ooniprobe,7a5bc50be59ad5ed7526dd510a2128a6dc92ba08bd272e3645622783ba91a319,direct-framework-reference,,java/util/NoSuchElementException,definition-present,yes-static,9,2,unknown,ooniprobe-evidence.json#/rows/663,False,unknown
ooniprobe,7a5bc50be59ad5ed7526dd510a2128a6dc92ba08bd272e3645622783ba91a319,direct-framework-reference,,java/util/Objects,definition-present,yes-static,102,28,unknown,ooniprobe-evidence.json#/rows/664,False,unknown
ooniprobe,7a5bc50be59ad5ed7526dd510a2128a6dc92ba08bd272e3645622783ba91a319,direct-framework-reference,,java/util/Optional,definition-present,unknown,1,0,unknown,ooniprobe-evidence.json#/rows/665,False,unknown
ooniprobe,7a5bc50be59ad5ed7526dd510a2128a6dc92ba08bd272e3645622783ba91a319,direct-framework-reference,,java/util/PriorityQueue,definition-present,yes-static,6,1,unknown,ooniprobe-evidence.json#/rows/666,False,unknown
ooniprobe,7a5bc50be59ad5ed7526dd510a2128a6dc92ba08bd272e3645622783ba91a319,direct-framework-reference,,java/util/Queue,definition-present,unknown,3,0,unknown,ooniprobe-evidence.json#/rows/667,False,unknown
ooniprobe,7a5bc50be59ad5ed7526dd510a2128a6dc92ba08bd272e3645622783ba91a319,direct-framework-reference,,java/util/Random,definition-present,yes-static,9,1,unknown,ooniprobe-evidence.json#/rows/668,False,unknown
ooniprobe,7a5bc50be59ad5ed7526dd510a2128a6dc92ba08bd272e3645622783ba91a319,direct-framework-reference,,java/util/RandomAccess,definition-present,yes-static,5,1,unknown,ooniprobe-evidence.json#/rows/669,False,unknown
ooniprobe,7a5bc50be59ad5ed7526dd510a2128a6dc92ba08bd272e3645622783ba91a319,direct-framework-reference,,java/util/ServiceConfigurationError,definition-present,unknown,5,0,unknown,ooniprobe-evidence.json#/rows/670,False,unknown
ooniprobe,7a5bc50be59ad5ed7526dd510a2128a6dc92ba08bd272e3645622783ba91a319,direct-framework-reference,,java/util/ServiceLoader,definition-present,unknown,5,0,unknown,ooniprobe-evidence.json#/rows/671,False,unknown
ooniprobe,7a5bc50be59ad5ed7526dd510a2128a6dc92ba08bd272e3645622783ba91a319,direct-framework-reference,,java/util/Set,definition-present,yes-static,823,78,unknown,ooniprobe-evidence.json#/rows/672,False,unknown
ooniprobe,7a5bc50be59ad5ed7526dd510a2128a6dc92ba08bd272e3645622783ba91a319,direct-framework-reference,,java/util/SortedMap,definition-present,unknown,3,0,unknown,ooniprobe-evidence.json#/rows/673,False,unknown
ooniprobe,7a5bc50be59ad5ed7526dd510a2128a6dc92ba08bd272e3645622783ba91a319,direct-framework-reference,,java/util/StringTokenizer,definition-present,unknown,2,0,unknown,ooniprobe-evidence.json#/rows/674,False,unknown
ooniprobe,7a5bc50be59ad5ed7526dd510a2128a6dc92ba08bd272e3645622783ba91a319,direct-framework-reference,,java/util/TimeZone,definition-present,yes-static,30,9,unknown,ooniprobe-evidence.json#/rows/675,False,unknown
ooniprobe,7a5bc50be59ad5ed7526dd510a2128a6dc92ba08bd272e3645622783ba91a319,direct-framework-reference,,java/util/TreeMap,definition-present,yes-static,10,1,unknown,ooniprobe-evidence.json#/rows/676,False,unknown
ooniprobe,7a5bc50be59ad5ed7526dd510a2128a6dc92ba08bd272e3645622783ba91a319,direct-framework-reference,,java/util/TreeSet,definition-present,yes-static,2,1,unknown,ooniprobe-evidence.json#/rows/677,False,unknown
ooniprobe,7a5bc50be59ad5ed7526dd510a2128a6dc92ba08bd272e3645622783ba91a319,direct-framework-reference,,java/util/UUID,definition-present,yes-static,21,5,unknown,ooniprobe-evidence.json#/rows/678,False,unknown
ooniprobe,7a5bc50be59ad5ed7526dd510a2128a6dc92ba08bd272e3645622783ba91a319,direct-framework-reference,,java/util/WeakHashMap,definition-present,yes-static,62,8,unknown,ooniprobe-evidence.json#/rows/679,False,unknown
ooniprobe,7a5bc50be59ad5ed7526dd510a2128a6dc92ba08bd272e3645622783ba91a319,direct-framework-reference,,java/util/concurrent/BlockingQueue,definition-present,unknown,4,0,unknown,ooniprobe-evidence.json#/rows/680,False,unknown
ooniprobe,7a5bc50be59ad5ed7526dd510a2128a6dc92ba08bd272e3645622783ba91a319,direct-framework-reference,,java/util/concurrent/Callable,definition-present,unknown,8,0,unknown,ooniprobe-evidence.json#/rows/681,False,unknown
ooniprobe,7a5bc50be59ad5ed7526dd510a2128a6dc92ba08bd272e3645622783ba91a319,direct-framework-reference,,java/util/concurrent/CancellationException,definition-present,yes-static,116,22,unknown,ooniprobe-evidence.json#/rows/682,False,unknown
ooniprobe,7a5bc50be59ad5ed7526dd510a2128a6dc92ba08bd272e3645622783ba91a319,direct-framework-reference,,java/util/concurrent/ConcurrentHashMap,definition-present,yes-static,54,17,unknown,ooniprobe-evidence.json#/rows/683,False,unknown
ooniprobe,7a5bc50be59ad5ed7526dd510a2128a6dc92ba08bd272e3645622783ba91a319,direct-framework-reference,,java/util/concurrent/ConcurrentMap,definition-present,yes-static,17,12,unknown,ooniprobe-evidence.json#/rows/684,False,unknown
ooniprobe,7a5bc50be59ad5ed7526dd510a2128a6dc92ba08bd272e3645622783ba91a319,direct-framework-reference,,java/util/concurrent/CopyOnWriteArrayList,definition-present,yes-static,20,3,unknown,ooniprobe-evidence.json#/rows/685,False,unknown
ooniprobe,7a5bc50be59ad5ed7526dd510a2128a6dc92ba08bd272e3645622783ba91a319,direct-framework-reference,,java/util/concurrent/CopyOnWriteArraySet,definition-present,yes-static,3,3,unknown,ooniprobe-evidence.json#/rows/686,False,unknown
ooniprobe,7a5bc50be59ad5ed7526dd510a2128a6dc92ba08bd272e3645622783ba91a319,direct-framework-reference,,java/util/concurrent/Delayed,definition-present,unknown,1,0,unknown,ooniprobe-evidence.json#/rows/687,False,unknown
ooniprobe,7a5bc50be59ad5ed7526dd510a2128a6dc92ba08bd272e3645622783ba91a319,direct-framework-reference,,java/util/concurrent/ExecutionException,definition-present,unknown,1,0,unknown,ooniprobe-evidence.json#/rows/688,False,unknown
ooniprobe,7a5bc50be59ad5ed7526dd510a2128a6dc92ba08bd272e3645622783ba91a319,direct-framework-reference,,java/util/concurrent/Executor,definition-present,yes-static,51,7,unknown,ooniprobe-evidence.json#/rows/689,False,unknown
ooniprobe,7a5bc50be59ad5ed7526dd510a2128a6dc92ba08bd272e3645622783ba91a319,direct-framework-reference,,java/util/concurrent/ExecutorService,definition-present,yes-static,17,4,unknown,ooniprobe-evidence.json#/rows/690,False,unknown
ooniprobe,7a5bc50be59ad5ed7526dd510a2128a6dc92ba08bd272e3645622783ba91a319,direct-framework-reference,,java/util/concurrent/Executors,definition-present,yes-static,3,1,unknown,ooniprobe-evidence.json#/rows/691,False,unknown
ooniprobe,7a5bc50be59ad5ed7526dd510a2128a6dc92ba08bd272e3645622783ba91a319,direct-framework-reference,,java/util/concurrent/ForkJoinPool,definition-present,yes-static,5,3,unknown,ooniprobe-evidence.json#/rows/692,False,unknown
ooniprobe,7a5bc50be59ad5ed7526dd510a2128a6dc92ba08bd272e3645622783ba91a319,direct-framework-reference,,java/util/concurrent/Future,definition-present,unknown,15,0,unknown,ooniprobe-evidence.json#/rows/693,False,unknown
ooniprobe,7a5bc50be59ad5ed7526dd510a2128a6dc92ba08bd272e3645622783ba91a319,direct-framework-reference,,java/util/concurrent/LinkedBlockingDeque,definition-present,unknown,3,0,unknown,ooniprobe-evidence.json#/rows/694,False,unknown
ooniprobe,7a5bc50be59ad5ed7526dd510a2128a6dc92ba08bd272e3645622783ba91a319,direct-framework-reference,,java/util/concurrent/LinkedBlockingQueue,definition-present,unknown,4,0,unknown,ooniprobe-evidence.json#/rows/695,False,unknown
ooniprobe,7a5bc50be59ad5ed7526dd510a2128a6dc92ba08bd272e3645622783ba91a319,direct-framework-reference,,java/util/concurrent/RejectedExecutionException,definition-present,unknown,4,0,unknown,ooniprobe-evidence.json#/rows/696,False,unknown
ooniprobe,7a5bc50be59ad5ed7526dd510a2128a6dc92ba08bd272e3645622783ba91a319,direct-framework-reference,,java/util/concurrent/ScheduledExecutorService,definition-present,yes-static,3,1,unknown,ooniprobe-evidence.json#/rows/697,False,unknown
ooniprobe,7a5bc50be59ad5ed7526dd510a2128a6dc92ba08bd272e3645622783ba91a319,direct-framework-reference,,java/util/concurrent/ScheduledFuture,definition-present,unknown,8,0,unknown,ooniprobe-evidence.json#/rows/698,False,unknown
ooniprobe,7a5bc50be59ad5ed7526dd510a2128a6dc92ba08bd272e3645622783ba91a319,direct-framework-reference,,java/util/concurrent/ScheduledThreadPoolExecutor,definition-present,yes-static,2,1,unknown,ooniprobe-evidence.json#/rows/699,False,unknown
ooniprobe,7a5bc50be59ad5ed7526dd510a2128a6dc92ba08bd272e3645622783ba91a319,direct-framework-reference,,java/util/concurrent/ThreadFactory,definition-present,yes-static,6,1,unknown,ooniprobe-evidence.json#/rows/700,False,unknown
ooniprobe,7a5bc50be59ad5ed7526dd510a2128a6dc92ba08bd272e3645622783ba91a319,direct-framework-reference,,java/util/concurrent/ThreadLocalRandom,definition-present,unknown,3,0,unknown,ooniprobe-evidence.json#/rows/701,False,unknown
ooniprobe,7a5bc50be59ad5ed7526dd510a2128a6dc92ba08bd272e3645622783ba91a319,direct-framework-reference,,java/util/concurrent/ThreadPoolExecutor,definition-present,unknown,10,0,unknown,ooniprobe-evidence.json#/rows/702,False,unknown
ooniprobe,7a5bc50be59ad5ed7526dd510a2128a6dc92ba08bd272e3645622783ba91a319,direct-framework-reference,,java/util/concurrent/TimeUnit,definition-present,yes-static,28,6,unknown,ooniprobe-evidence.json#/rows/703,False,unknown
ooniprobe,7a5bc50be59ad5ed7526dd510a2128a6dc92ba08bd272e3645622783ba91a319,direct-framework-reference,,java/util/concurrent/TimeoutException,definition-present,unknown,1,0,unknown,ooniprobe-evidence.json#/rows/704,False,unknown
ooniprobe,7a5bc50be59ad5ed7526dd510a2128a6dc92ba08bd272e3645622783ba91a319,direct-framework-reference,,java/util/concurrent/atomic/AtomicBoolean,definition-present,yes-static,52,10,unknown,ooniprobe-evidence.json#/rows/705,False,unknown
ooniprobe,7a5bc50be59ad5ed7526dd510a2128a6dc92ba08bd272e3645622783ba91a319,direct-framework-reference,,java/util/concurrent/atomic/AtomicInteger,definition-present,yes-static,59,15,unknown,ooniprobe-evidence.json#/rows/706,False,unknown
ooniprobe,7a5bc50be59ad5ed7526dd510a2128a6dc92ba08bd272e3645622783ba91a319,direct-framework-reference,,java/util/concurrent/atomic/AtomicIntegerFieldUpdater,definition-present,yes-static,86,35,unknown,ooniprobe-evidence.json#/rows/707,False,unknown
ooniprobe,7a5bc50be59ad5ed7526dd510a2128a6dc92ba08bd272e3645622783ba91a319,direct-framework-reference,,java/util/concurrent/atomic/AtomicLong,definition-present,unknown,5,0,unknown,ooniprobe-evidence.json#/rows/708,False,unknown
ooniprobe,7a5bc50be59ad5ed7526dd510a2128a6dc92ba08bd272e3645622783ba91a319,direct-framework-reference,,java/util/concurrent/atomic/AtomicLongFieldUpdater,definition-present,yes-static,54,22,unknown,ooniprobe-evidence.json#/rows/709,False,unknown
ooniprobe,7a5bc50be59ad5ed7526dd510a2128a6dc92ba08bd272e3645622783ba91a319,direct-framework-reference,,java/util/concurrent/atomic/AtomicReference,definition-present,yes-static,63,17,unknown,ooniprobe-evidence.json#/rows/710,False,unknown
ooniprobe,7a5bc50be59ad5ed7526dd510a2128a6dc92ba08bd272e3645622783ba91a319,direct-framework-reference,,java/util/concurrent/atomic/AtomicReferenceArray,definition-present,yes-static,32,15,unknown,ooniprobe-evidence.json#/rows/711,False,unknown
ooniprobe,7a5bc50be59ad5ed7526dd510a2128a6dc92ba08bd272e3645622783ba91a319,direct-framework-reference,,java/util/concurrent/atomic/AtomicReferenceFieldUpdater,definition-present,yes-static,158,82,unknown,ooniprobe-evidence.json#/rows/712,False,unknown
ooniprobe,7a5bc50be59ad5ed7526dd510a2128a6dc92ba08bd272e3645622783ba91a319,direct-framework-reference,,java/util/concurrent/locks/Lock,definition-present,yes-static,10,3,unknown,ooniprobe-evidence.json#/rows/713,False,unknown
ooniprobe,7a5bc50be59ad5ed7526dd510a2128a6dc92ba08bd272e3645622783ba91a319,direct-framework-reference,,java/util/concurrent/locks/LockSupport,definition-present,yes-static,11,2,unknown,ooniprobe-evidence.json#/rows/714,False,unknown
ooniprobe,7a5bc50be59ad5ed7526dd510a2128a6dc92ba08bd272e3645622783ba91a319,direct-framework-reference,,java/util/concurrent/locks/ReentrantLock,definition-present,yes-static,36,10,unknown,ooniprobe-evidence.json#/rows/715,False,unknown
ooniprobe,7a5bc50be59ad5ed7526dd510a2128a6dc92ba08bd272e3645622783ba91a319,direct-framework-reference,,java/util/concurrent/locks/ReentrantReadWriteLock,definition-present,yes-static,16,11,unknown,ooniprobe-evidence.json#/rows/716,False,unknown
ooniprobe,7a5bc50be59ad5ed7526dd510a2128a6dc92ba08bd272e3645622783ba91a319,direct-framework-reference,,java/util/concurrent/locks/ReentrantReadWriteLock$ReadLock,definition-present,yes-static,6,6,unknown,ooniprobe-evidence.json#/rows/717,False,unknown
ooniprobe,7a5bc50be59ad5ed7526dd510a2128a6dc92ba08bd272e3645622783ba91a319,direct-framework-reference,,java/util/concurrent/locks/ReentrantReadWriteLock$WriteLock,definition-present,yes-static,6,6,unknown,ooniprobe-evidence.json#/rows/718,False,unknown
ooniprobe,7a5bc50be59ad5ed7526dd510a2128a6dc92ba08bd272e3645622783ba91a319,direct-framework-reference,,java/util/function/BiConsumer,definition-present,unknown,2,0,unknown,ooniprobe-evidence.json#/rows/719,False,unknown
ooniprobe,7a5bc50be59ad5ed7526dd510a2128a6dc92ba08bd272e3645622783ba91a319,direct-framework-reference,,java/util/function/Consumer,definition-present,unknown,7,0,unknown,ooniprobe-evidence.json#/rows/720,False,unknown
ooniprobe,7a5bc50be59ad5ed7526dd510a2128a6dc92ba08bd272e3645622783ba91a319,direct-framework-reference,,java/util/function/DoubleUnaryOperator,definition-present,yes-static,1,1,unknown,ooniprobe-evidence.json#/rows/721,False,unknown
ooniprobe,7a5bc50be59ad5ed7526dd510a2128a6dc92ba08bd272e3645622783ba91a319,direct-framework-reference,,java/util/function/Function,definition-present,yes-static,6,5,unknown,ooniprobe-evidence.json#/rows/722,False,unknown
ooniprobe,7a5bc50be59ad5ed7526dd510a2128a6dc92ba08bd272e3645622783ba91a319,direct-framework-reference,,java/util/function/IntConsumer,definition-present,unknown,4,0,unknown,ooniprobe-evidence.json#/rows/723,False,unknown
ooniprobe,7a5bc50be59ad5ed7526dd510a2128a6dc92ba08bd272e3645622783ba91a319,direct-framework-reference,,java/util/logging/Level,definition-present,yes-static,20,4,unknown,ooniprobe-evidence.json#/rows/724,False,unknown
ooniprobe,7a5bc50be59ad5ed7526dd510a2128a6dc92ba08bd272e3645622783ba91a319,direct-framework-reference,,java/util/logging/Logger,definition-present,yes-static,35,8,unknown,ooniprobe-evidence.json#/rows/725,False,unknown
ooniprobe,7a5bc50be59ad5ed7526dd510a2128a6dc92ba08bd272e3645622783ba91a319,direct-framework-reference,,java/util/regex/Matcher,definition-present,yes-static,22,7,unknown,ooniprobe-evidence.json#/rows/726,False,unknown
ooniprobe,7a5bc50be59ad5ed7526dd510a2128a6dc92ba08bd272e3645622783ba91a319,direct-framework-reference,,java/util/regex/Pattern,definition-present,yes-static,25,6,unknown,ooniprobe-evidence.json#/rows/727,False,unknown
ooniprobe,7a5bc50be59ad5ed7526dd510a2128a6dc92ba08bd272e3645622783ba91a319,direct-framework-reference,,java/util/stream/IntStream,definition-present,unknown,2,0,unknown,ooniprobe-evidence.json#/rows/728,False,unknown
ooniprobe,7a5bc50be59ad5ed7526dd510a2128a6dc92ba08bd272e3645622783ba91a319,direct-framework-reference,,java/util/stream/Stream,definition-present,unknown,2,0,unknown,ooniprobe-evidence.json#/rows/729,False,unknown
ooniprobe,7a5bc50be59ad5ed7526dd510a2128a6dc92ba08bd272e3645622783ba91a319,direct-framework-reference,,java/util/zip/CRC32,definition-present,yes-static,1,1,unknown,ooniprobe-evidence.json#/rows/730,False,unknown
ooniprobe,7a5bc50be59ad5ed7526dd510a2128a6dc92ba08bd272e3645622783ba91a319,direct-framework-reference,,java/util/zip/Deflater,definition-present,unknown,1,0,unknown,ooniprobe-evidence.json#/rows/731,False,unknown
ooniprobe,7a5bc50be59ad5ed7526dd510a2128a6dc92ba08bd272e3645622783ba91a319,direct-framework-reference,,java/util/zip/DeflaterOutputStream,definition-present,unknown,1,0,unknown,ooniprobe-evidence.json#/rows/732,False,unknown
ooniprobe,7a5bc50be59ad5ed7526dd510a2128a6dc92ba08bd272e3645622783ba91a319,direct-framework-reference,,java/util/zip/Inflater,definition-present,unknown,5,0,unknown,ooniprobe-evidence.json#/rows/733,False,unknown
ooniprobe,7a5bc50be59ad5ed7526dd510a2128a6dc92ba08bd272e3645622783ba91a319,direct-framework-reference,,javax/crypto/Cipher,definition-present,unknown,2,0,unknown,ooniprobe-evidence.json#/rows/734,False,unknown
ooniprobe,7a5bc50be59ad5ed7526dd510a2128a6dc92ba08bd272e3645622783ba91a319,direct-framework-reference,,javax/crypto/KeyGenerator,definition-present,unknown,1,0,unknown,ooniprobe-evidence.json#/rows/735,False,unknown
ooniprobe,7a5bc50be59ad5ed7526dd510a2128a6dc92ba08bd272e3645622783ba91a319,direct-framework-reference,,javax/crypto/SecretKey,definition-present,unknown,3,0,unknown,ooniprobe-evidence.json#/rows/736,False,unknown
ooniprobe,7a5bc50be59ad5ed7526dd510a2128a6dc92ba08bd272e3645622783ba91a319,direct-framework-reference,,javax/crypto/spec/GCMParameterSpec,definition-present,unknown,1,0,unknown,ooniprobe-evidence.json#/rows/737,False,unknown
ooniprobe,7a5bc50be59ad5ed7526dd510a2128a6dc92ba08bd272e3645622783ba91a319,direct-framework-reference,,javax/net/ssl/HttpsURLConnection,definition-present,yes-static,2,1,unknown,ooniprobe-evidence.json#/rows/738,False,unknown
ooniprobe,7a5bc50be59ad5ed7526dd510a2128a6dc92ba08bd272e3645622783ba91a319,direct-framework-reference,,javax/xml/namespace/QName,definition-present,yes-static,163,9,unknown,ooniprobe-evidence.json#/rows/739,False,unknown
ooniprobe,7a5bc50be59ad5ed7526dd510a2128a6dc92ba08bd272e3645622783ba91a319,direct-framework-reference,,javax/xml/parsers/DocumentBuilder,definition-present,unknown,1,0,unknown,ooniprobe-evidence.json#/rows/740,False,unknown
ooniprobe,7a5bc50be59ad5ed7526dd510a2128a6dc92ba08bd272e3645622783ba91a319,direct-framework-reference,,javax/xml/parsers/DocumentBuilderFactory,definition-present,unknown,1,0,unknown,ooniprobe-evidence.json#/rows/741,False,unknown
ooniprobe,7a5bc50be59ad5ed7526dd510a2128a6dc92ba08bd272e3645622783ba91a319,direct-framework-reference,,org/xml/sax/InputSource,definition-present,unknown,1,0,unknown,ooniprobe-evidence.json#/rows/742,False,unknown
ooniprobe,7a5bc50be59ad5ed7526dd510a2128a6dc92ba08bd272e3645622783ba91a319,manager-interface-prerequisite,alarm,android/app/IAlarmManager,definition-present,unknown,1,0,unknown,ooniprobe-evidence.json#/rows/743,True,False
ooniprobe,7a5bc50be59ad5ed7526dd510a2128a6dc92ba08bd272e3645622783ba91a319,manager-interface-prerequisite,clipboard,android/content/IClipboard,definition-present,yes-static,7,2,unknown,ooniprobe-evidence.json#/rows/744,True,False
ooniprobe,7a5bc50be59ad5ed7526dd510a2128a6dc92ba08bd272e3645622783ba91a319,manager-interface-prerequisite,connectivity,android/net/IConnectivityManager,definition-absent,yes-static,18,3,unresolvable-in-scanned-inputs,ooniprobe-evidence.json#/rows/745,True,False
ooniprobe,7a5bc50be59ad5ed7526dd510a2128a6dc92ba08bd272e3645622783ba91a319,manager-interface-prerequisite,jobscheduler,android/app/job/IJobScheduler,definition-present,unknown,9,0,unknown,ooniprobe-evidence.json#/rows/746,True,False
ooniprobe,7a5bc50be59ad5ed7526dd510a2128a6dc92ba08bd272e3645622783ba91a319,manager-interface-prerequisite,locale,android/app/ILocaleManager,definition-present,yes-static,1,1,unknown,ooniprobe-evidence.json#/rows/747,True,False
ooniprobe,7a5bc50be59ad5ed7526dd510a2128a6dc92ba08bd272e3645622783ba91a319,manager-interface-prerequisite,notification,android/app/INotificationManager,definition-present,unknown,10,0,unknown,ooniprobe-evidence.json#/rows/748,True,False
ooniprobe,7a5bc50be59ad5ed7526dd510a2128a6dc92ba08bd272e3645622783ba91a319,manager-interface-prerequisite,power,android/os/IPowerManager,definition-present,yes-static,4,2,unknown,ooniprobe-evidence.json#/rows/749,True,False
ooniprobe,7a5bc50be59ad5ed7526dd510a2128a6dc92ba08bd272e3645622783ba91a319,service-call,accessibility,,unknown,yes-static,3,2,unknown,ooniprobe-evidence.json#/rows/750,False,False
ooniprobe,7a5bc50be59ad5ed7526dd510a2128a6dc92ba08bd272e3645622783ba91a319,service-call,activity,,unknown,unknown,3,0,unknown,ooniprobe-evidence.json#/rows/751,False,False
ooniprobe,7a5bc50be59ad5ed7526dd510a2128a6dc92ba08bd272e3645622783ba91a319,service-call,input_method,,unknown,unknown,5,0,unknown,ooniprobe-evidence.json#/rows/752,False,False
ooniprobe,7a5bc50be59ad5ed7526dd510a2128a6dc92ba08bd272e3645622783ba91a319,service-call,unknown,,unknown,yes-static,17,8,unknown,ooniprobe-evidence.json#/rows/753,False,False
ooniprobe,7a5bc50be59ad5ed7526dd510a2128a6dc92ba08bd272e3645622783ba91a319,service-call,user,,unknown,unknown,1,0,unknown,ooniprobe-evidence.json#/rows/754,False,False
ooniprobe,7a5bc50be59ad5ed7526dd510a2128a6dc92ba08bd272e3645622783ba91a319,service-call,window,,unknown,unknown,6,0,unknown,ooniprobe-evidence.json#/rows/755,False,False
ooniprobe,7a5bc50be59ad5ed7526dd510a2128a6dc92ba08bd272e3645622783ba91a319,service-interface-prerequisite,alarm,android/app/IAlarmManager,definition-present,unknown,1,0,unknown,ooniprobe-evidence.json#/rows/756,True,False
ooniprobe,7a5bc50be59ad5ed7526dd510a2128a6dc92ba08bd272e3645622783ba91a319,service-interface-prerequisite,clipboard,android/content/IClipboard,definition-present,yes-static,1,1,unknown,ooniprobe-evidence.json#/rows/757,True,False
ooniprobe,7a5bc50be59ad5ed7526dd510a2128a6dc92ba08bd272e3645622783ba91a319,service-interface-prerequisite,connectivity,android/net/IConnectivityManager,definition-absent,unknown,3,0,unresolvable-in-scanned-inputs,ooniprobe-evidence.json#/rows/758,True,False
ooniprobe,7a5bc50be59ad5ed7526dd510a2128a6dc92ba08bd272e3645622783ba91a319,service-interface-prerequisite,jobscheduler,android/app/job/IJobScheduler,definition-present,unknown,2,0,unknown,ooniprobe-evidence.json#/rows/759,True,False
ooniprobe,7a5bc50be59ad5ed7526dd510a2128a6dc92ba08bd272e3645622783ba91a319,service-interface-prerequisite,locale,android/app/ILocaleManager,definition-present,yes-static,1,1,unknown,ooniprobe-evidence.json#/rows/760,True,False
ooniprobe,7a5bc50be59ad5ed7526dd510a2128a6dc92ba08bd272e3645622783ba91a319,service-interface-prerequisite,notification,android/app/INotificationManager,definition-present,unknown,2,0,unknown,ooniprobe-evidence.json#/rows/761,True,False
ooniprobe,7a5bc50be59ad5ed7526dd510a2128a6dc92ba08bd272e3645622783ba91a319,service-interface-prerequisite,power,android/os/IPowerManager,definition-present,unknown,1,0,unknown,ooniprobe-evidence.json#/rows/762,True,False
