app,apk_sha256,kind,service,class,availability,startup_reachable,full_method_reference_count,startup_method_reference_count,runtime_load,evidence,stub_ok,needs_real
opencamera,ca5672ca8c7174554ca0b07b5b26e505817a05142f571cf2abe67e790c30249c,direct-framework-reference,,android/accessibilityservice/AccessibilityServiceInfo,definition-present,unknown,2,0,unknown,opencamera-evidence.json#/rows/0,False,unknown
opencamera,ca5672ca8c7174554ca0b07b5b26e505817a05142f571cf2abe67e790c30249c,direct-framework-reference,,android/accounts/AccountManager,definition-present,unknown,1,0,unknown,opencamera-evidence.json#/rows/1,False,unknown
opencamera,ca5672ca8c7174554ca0b07b5b26e505817a05142f571cf2abe67e790c30249c,direct-framework-reference,,android/animation/Animator,definition-present,yes-static,33,5,unknown,opencamera-evidence.json#/rows/2,False,unknown
opencamera,ca5672ca8c7174554ca0b07b5b26e505817a05142f571cf2abe67e790c30249c,direct-framework-reference,,android/animation/Animator$AnimatorListener,definition-present,unknown,6,0,unknown,opencamera-evidence.json#/rows/3,False,unknown
opencamera,ca5672ca8c7174554ca0b07b5b26e505817a05142f571cf2abe67e790c30249c,direct-framework-reference,,android/animation/Animator$AnimatorPauseListener,definition-present,unknown,4,0,unknown,opencamera-evidence.json#/rows/4,False,unknown
opencamera,ca5672ca8c7174554ca0b07b5b26e505817a05142f571cf2abe67e790c30249c,direct-framework-reference,,android/animation/AnimatorInflater,definition-present,yes-static,2,1,unknown,opencamera-evidence.json#/rows/5,False,unknown
opencamera,ca5672ca8c7174554ca0b07b5b26e505817a05142f571cf2abe67e790c30249c,direct-framework-reference,,android/animation/AnimatorListenerAdapter,definition-present,yes-static,6,1,unknown,opencamera-evidence.json#/rows/6,False,unknown
opencamera,ca5672ca8c7174554ca0b07b5b26e505817a05142f571cf2abe67e790c30249c,direct-framework-reference,,android/animation/AnimatorSet,definition-present,unknown,10,0,unknown,opencamera-evidence.json#/rows/7,False,unknown
opencamera,ca5672ca8c7174554ca0b07b5b26e505817a05142f571cf2abe67e790c30249c,direct-framework-reference,,android/animation/ArgbEvaluator,definition-present,unknown,3,0,unknown,opencamera-evidence.json#/rows/8,False,unknown
opencamera,ca5672ca8c7174554ca0b07b5b26e505817a05142f571cf2abe67e790c30249c,direct-framework-reference,,android/animation/Keyframe,definition-present,unknown,5,0,unknown,opencamera-evidence.json#/rows/9,False,unknown
opencamera,ca5672ca8c7174554ca0b07b5b26e505817a05142f571cf2abe67e790c30249c,direct-framework-reference,,android/animation/ObjectAnimator,definition-present,unknown,12,0,unknown,opencamera-evidence.json#/rows/10,False,unknown
opencamera,ca5672ca8c7174554ca0b07b5b26e505817a05142f571cf2abe67e790c30249c,direct-framework-reference,,android/animation/PropertyValuesHolder,definition-present,unknown,6,0,unknown,opencamera-evidence.json#/rows/11,False,unknown
opencamera,ca5672ca8c7174554ca0b07b5b26e505817a05142f571cf2abe67e790c30249c,direct-framework-reference,,android/animation/TimeInterpolator,definition-present,yes-static,9,1,unknown,opencamera-evidence.json#/rows/12,False,unknown
opencamera,ca5672ca8c7174554ca0b07b5b26e505817a05142f571cf2abe67e790c30249c,direct-framework-reference,,android/animation/TypeEvaluator,definition-present,unknown,4,0,unknown,opencamera-evidence.json#/rows/13,False,unknown
opencamera,ca5672ca8c7174554ca0b07b5b26e505817a05142f571cf2abe67e790c30249c,direct-framework-reference,,android/animation/ValueAnimator,definition-present,unknown,15,0,unknown,opencamera-evidence.json#/rows/14,False,unknown
opencamera,ca5672ca8c7174554ca0b07b5b26e505817a05142f571cf2abe67e790c30249c,direct-framework-reference,,android/app/ActionBar,definition-present,unknown,9,0,unknown,opencamera-evidence.json#/rows/15,False,unknown
opencamera,ca5672ca8c7174554ca0b07b5b26e505817a05142f571cf2abe67e790c30249c,direct-framework-reference,,android/app/Activity,definition-present,yes-static,248,38,unknown,opencamera-evidence.json#/rows/16,False,unknown
opencamera,ca5672ca8c7174554ca0b07b5b26e505817a05142f571cf2abe67e790c30249c,direct-framework-reference,,android/app/ActivityManager,definition-present,yes-static,6,2,unknown,opencamera-evidence.json#/rows/17,False,unknown
opencamera,ca5672ca8c7174554ca0b07b5b26e505817a05142f571cf2abe67e790c30249c,direct-framework-reference,,android/app/ActivityOptions,definition-present,unknown,24,0,unknown,opencamera-evidence.json#/rows/18,False,unknown
opencamera,ca5672ca8c7174554ca0b07b5b26e505817a05142f571cf2abe67e790c30249c,direct-framework-reference,,android/app/AlarmManager,definition-present,unknown,10,0,unknown,opencamera-evidence.json#/rows/19,False,unknown
opencamera,ca5672ca8c7174554ca0b07b5b26e505817a05142f571cf2abe67e790c30249c,direct-framework-reference,,android/app/AlarmManager$AlarmClockInfo,definition-present,unknown,3,0,unknown,opencamera-evidence.json#/rows/20,False,unknown
opencamera,ca5672ca8c7174554ca0b07b5b26e505817a05142f571cf2abe67e790c30249c,direct-framework-reference,,android/app/AlertDialog,definition-present,yes-static,55,3,unknown,opencamera-evidence.json#/rows/21,False,unknown
opencamera,ca5672ca8c7174554ca0b07b5b26e505817a05142f571cf2abe67e790c30249c,direct-framework-reference,,android/app/AlertDialog$Builder,definition-present,yes-static,23,2,unknown,opencamera-evidence.json#/rows/22,False,unknown
opencamera,ca5672ca8c7174554ca0b07b5b26e505817a05142f571cf2abe67e790c30249c,direct-framework-reference,,android/app/AppComponentFactory,definition-present,unknown,7,0,unknown,opencamera-evidence.json#/rows/23,False,unknown
opencamera,ca5672ca8c7174554ca0b07b5b26e505817a05142f571cf2abe67e790c30249c,direct-framework-reference,,android/app/AppOpsManager,definition-present,yes-static,12,1,unknown,opencamera-evidence.json#/rows/24,False,unknown
opencamera,ca5672ca8c7174554ca0b07b5b26e505817a05142f571cf2abe67e790c30249c,direct-framework-reference,,android/app/Application,definition-present,yes-static,34,5,unknown,opencamera-evidence.json#/rows/25,False,unknown
opencamera,ca5672ca8c7174554ca0b07b5b26e505817a05142f571cf2abe67e790c30249c,direct-framework-reference,,android/app/Application$ActivityLifecycleCallbacks,definition-present,yes-static,4,3,unknown,opencamera-evidence.json#/rows/26,False,unknown
opencamera,ca5672ca8c7174554ca0b07b5b26e505817a05142f571cf2abe67e790c30249c,direct-framework-reference,,android/app/Dialog,definition-present,yes-static,42,1,unknown,opencamera-evidence.json#/rows/27,False,unknown
opencamera,ca5672ca8c7174554ca0b07b5b26e505817a05142f571cf2abe67e790c30249c,direct-framework-reference,,android/app/DialogFragment,definition-present,unknown,3,0,unknown,opencamera-evidence.json#/rows/28,False,unknown
opencamera,ca5672ca8c7174554ca0b07b5b26e505817a05142f571cf2abe67e790c30249c,direct-framework-reference,,android/app/DownloadManager,definition-present,unknown,1,0,unknown,opencamera-evidence.json#/rows/29,False,unknown
opencamera,ca5672ca8c7174554ca0b07b5b26e505817a05142f571cf2abe67e790c30249c,direct-framework-reference,,android/app/Fragment,definition-present,yes-static,17,4,unknown,opencamera-evidence.json#/rows/30,False,unknown
opencamera,ca5672ca8c7174554ca0b07b5b26e505817a05142f571cf2abe67e790c30249c,direct-framework-reference,,android/app/FragmentManager,definition-present,yes-static,12,3,unknown,opencamera-evidence.json#/rows/31,False,unknown
opencamera,ca5672ca8c7174554ca0b07b5b26e505817a05142f571cf2abe67e790c30249c,direct-framework-reference,,android/app/FragmentTransaction,definition-present,yes-static,4,2,unknown,opencamera-evidence.json#/rows/32,False,unknown
opencamera,ca5672ca8c7174554ca0b07b5b26e505817a05142f571cf2abe67e790c30249c,direct-framework-reference,,android/app/GrammaticalInflectionManager,definition-present,unknown,3,0,unknown,opencamera-evidence.json#/rows/33,False,unknown
opencamera,ca5672ca8c7174554ca0b07b5b26e505817a05142f571cf2abe67e790c30249c,direct-framework-reference,,android/app/KeyguardManager,definition-present,unknown,5,0,unknown,opencamera-evidence.json#/rows/34,False,unknown
opencamera,ca5672ca8c7174554ca0b07b5b26e505817a05142f571cf2abe67e790c30249c,direct-framework-reference,,android/app/KeyguardManager$KeyguardDismissCallback,definition-present,unknown,3,0,unknown,opencamera-evidence.json#/rows/35,False,unknown
opencamera,ca5672ca8c7174554ca0b07b5b26e505817a05142f571cf2abe67e790c30249c,direct-framework-reference,,android/app/LocaleManager,definition-present,unknown,4,0,unknown,opencamera-evidence.json#/rows/36,False,unknown
opencamera,ca5672ca8c7174554ca0b07b5b26e505817a05142f571cf2abe67e790c30249c,direct-framework-reference,,android/app/Notification,definition-present,unknown,101,0,unknown,opencamera-evidence.json#/rows/37,False,unknown
opencamera,ca5672ca8c7174554ca0b07b5b26e505817a05142f571cf2abe67e790c30249c,direct-framework-reference,,android/app/Notification$Action,definition-present,unknown,27,0,unknown,opencamera-evidence.json#/rows/38,False,unknown
opencamera,ca5672ca8c7174554ca0b07b5b26e505817a05142f571cf2abe67e790c30249c,direct-framework-reference,,android/app/Notification$Action$Builder,definition-present,unknown,25,0,unknown,opencamera-evidence.json#/rows/39,False,unknown
opencamera,ca5672ca8c7174554ca0b07b5b26e505817a05142f571cf2abe67e790c30249c,direct-framework-reference,,android/app/Notification$BigPictureStyle,definition-present,unknown,6,0,unknown,opencamera-evidence.json#/rows/40,False,unknown
opencamera,ca5672ca8c7174554ca0b07b5b26e505817a05142f571cf2abe67e790c30249c,direct-framework-reference,,android/app/Notification$BigTextStyle,definition-present,unknown,3,0,unknown,opencamera-evidence.json#/rows/41,False,unknown
opencamera,ca5672ca8c7174554ca0b07b5b26e505817a05142f571cf2abe67e790c30249c,direct-framework-reference,,android/app/Notification$BubbleMetadata,definition-present,unknown,10,0,unknown,opencamera-evidence.json#/rows/42,False,unknown
opencamera,ca5672ca8c7174554ca0b07b5b26e505817a05142f571cf2abe67e790c30249c,direct-framework-reference,,android/app/Notification$BubbleMetadata$Builder,definition-present,unknown,2,0,unknown,opencamera-evidence.json#/rows/43,False,unknown
opencamera,ca5672ca8c7174554ca0b07b5b26e505817a05142f571cf2abe67e790c30249c,direct-framework-reference,,android/app/Notification$Builder,definition-present,unknown,54,0,unknown,opencamera-evidence.json#/rows/44,False,unknown
opencamera,ca5672ca8c7174554ca0b07b5b26e505817a05142f571cf2abe67e790c30249c,direct-framework-reference,,android/app/Notification$CallStyle,definition-present,unknown,10,0,unknown,opencamera-evidence.json#/rows/45,False,unknown
opencamera,ca5672ca8c7174554ca0b07b5b26e505817a05142f571cf2abe67e790c30249c,direct-framework-reference,,android/app/Notification$DecoratedCustomViewStyle,definition-present,unknown,2,0,unknown,opencamera-evidence.json#/rows/46,False,unknown
opencamera,ca5672ca8c7174554ca0b07b5b26e505817a05142f571cf2abe67e790c30249c,direct-framework-reference,,android/app/Notification$DecoratedMediaCustomViewStyle,definition-present,unknown,2,0,unknown,opencamera-evidence.json#/rows/47,False,unknown
opencamera,ca5672ca8c7174554ca0b07b5b26e505817a05142f571cf2abe67e790c30249c,direct-framework-reference,,android/app/Notification$InboxStyle,definition-present,unknown,2,0,unknown,opencamera-evidence.json#/rows/48,False,unknown
opencamera,ca5672ca8c7174554ca0b07b5b26e505817a05142f571cf2abe67e790c30249c,direct-framework-reference,,android/app/Notification$MediaStyle,definition-present,unknown,3,0,unknown,opencamera-evidence.json#/rows/49,False,unknown
opencamera,ca5672ca8c7174554ca0b07b5b26e505817a05142f571cf2abe67e790c30249c,direct-framework-reference,,android/app/Notification$MessagingStyle,definition-present,unknown,9,0,unknown,opencamera-evidence.json#/rows/50,False,unknown
opencamera,ca5672ca8c7174554ca0b07b5b26e505817a05142f571cf2abe67e790c30249c,direct-framework-reference,,android/app/Notification$MessagingStyle$Message,definition-present,unknown,7,0,unknown,opencamera-evidence.json#/rows/51,False,unknown
opencamera,ca5672ca8c7174554ca0b07b5b26e505817a05142f571cf2abe67e790c30249c,direct-framework-reference,,android/app/Notification$Style,definition-present,unknown,5,0,unknown,opencamera-evidence.json#/rows/52,False,unknown
opencamera,ca5672ca8c7174554ca0b07b5b26e505817a05142f571cf2abe67e790c30249c,direct-framework-reference,,android/app/NotificationChannel,definition-present,unknown,47,0,unknown,opencamera-evidence.json#/rows/53,False,unknown
opencamera,ca5672ca8c7174554ca0b07b5b26e505817a05142f571cf2abe67e790c30249c,direct-framework-reference,,android/app/NotificationChannelGroup,definition-present,unknown,20,0,unknown,opencamera-evidence.json#/rows/54,False,unknown
opencamera,ca5672ca8c7174554ca0b07b5b26e505817a05142f571cf2abe67e790c30249c,direct-framework-reference,,android/app/NotificationManager,definition-present,yes-static,41,3,unknown,opencamera-evidence.json#/rows/55,False,unknown
opencamera,ca5672ca8c7174554ca0b07b5b26e505817a05142f571cf2abe67e790c30249c,direct-framework-reference,,android/app/PendingIntent,definition-present,unknown,157,0,unknown,opencamera-evidence.json#/rows/56,False,unknown
opencamera,ca5672ca8c7174554ca0b07b5b26e505817a05142f571cf2abe67e790c30249c,direct-framework-reference,,android/app/PendingIntent$OnFinished,definition-present,unknown,8,0,unknown,opencamera-evidence.json#/rows/57,False,unknown
opencamera,ca5672ca8c7174554ca0b07b5b26e505817a05142f571cf2abe67e790c30249c,direct-framework-reference,,android/app/Person,definition-present,unknown,24,0,unknown,opencamera-evidence.json#/rows/58,False,unknown
opencamera,ca5672ca8c7174554ca0b07b5b26e505817a05142f571cf2abe67e790c30249c,direct-framework-reference,,android/app/Person$Builder,definition-present,unknown,1,0,unknown,opencamera-evidence.json#/rows/59,False,unknown
opencamera,ca5672ca8c7174554ca0b07b5b26e505817a05142f571cf2abe67e790c30249c,direct-framework-reference,,android/app/RemoteAction,definition-present,unknown,11,0,unknown,opencamera-evidence.json#/rows/60,False,unknown
opencamera,ca5672ca8c7174554ca0b07b5b26e505817a05142f571cf2abe67e790c30249c,direct-framework-reference,,android/app/RemoteInput,definition-present,unknown,37,0,unknown,opencamera-evidence.json#/rows/61,False,unknown
opencamera,ca5672ca8c7174554ca0b07b5b26e505817a05142f571cf2abe67e790c30249c,direct-framework-reference,,android/app/RemoteInput$Builder,definition-present,unknown,10,0,unknown,opencamera-evidence.json#/rows/62,False,unknown
opencamera,ca5672ca8c7174554ca0b07b5b26e505817a05142f571cf2abe67e790c30249c,direct-framework-reference,,android/app/SearchManager,definition-present,unknown,1,0,unknown,opencamera-evidence.json#/rows/63,False,unknown
opencamera,ca5672ca8c7174554ca0b07b5b26e505817a05142f571cf2abe67e790c30249c,direct-framework-reference,,android/app/SearchableInfo,definition-present,unknown,17,0,unknown,opencamera-evidence.json#/rows/64,False,unknown
opencamera,ca5672ca8c7174554ca0b07b5b26e505817a05142f571cf2abe67e790c30249c,direct-framework-reference,,android/app/Service,definition-present,unknown,19,0,unknown,opencamera-evidence.json#/rows/65,False,unknown
opencamera,ca5672ca8c7174554ca0b07b5b26e505817a05142f571cf2abe67e790c30249c,direct-framework-reference,,android/app/SharedElementCallback,definition-present,unknown,5,0,unknown,opencamera-evidence.json#/rows/66,False,unknown
opencamera,ca5672ca8c7174554ca0b07b5b26e505817a05142f571cf2abe67e790c30249c,direct-framework-reference,,android/app/SharedElementCallback$OnSharedElementsReadyListener,definition-present,unknown,4,0,unknown,opencamera-evidence.json#/rows/67,False,unknown
opencamera,ca5672ca8c7174554ca0b07b5b26e505817a05142f571cf2abe67e790c30249c,direct-framework-reference,,android/app/UiModeManager,definition-present,yes-static,3,1,unknown,opencamera-evidence.json#/rows/68,False,unknown
opencamera,ca5672ca8c7174554ca0b07b5b26e505817a05142f571cf2abe67e790c30249c,direct-framework-reference,,android/app/WallpaperManager,definition-present,unknown,1,0,unknown,opencamera-evidence.json#/rows/69,False,unknown
opencamera,ca5672ca8c7174554ca0b07b5b26e505817a05142f571cf2abe67e790c30249c,direct-framework-reference,,android/app/admin/DevicePolicyManager,definition-present,unknown,1,0,unknown,opencamera-evidence.json#/rows/70,False,unknown
opencamera,ca5672ca8c7174554ca0b07b5b26e505817a05142f571cf2abe67e790c30249c,direct-framework-reference,,android/app/job/JobInfo,definition-present,unknown,3,0,unknown,opencamera-evidence.json#/rows/71,False,unknown
opencamera,ca5672ca8c7174554ca0b07b5b26e505817a05142f571cf2abe67e790c30249c,direct-framework-reference,,android/app/job/JobInfo$Builder,definition-present,unknown,1,0,unknown,opencamera-evidence.json#/rows/72,False,unknown
opencamera,ca5672ca8c7174554ca0b07b5b26e505817a05142f571cf2abe67e790c30249c,direct-framework-reference,,android/app/job/JobParameters,definition-present,unknown,6,0,unknown,opencamera-evidence.json#/rows/73,False,unknown
opencamera,ca5672ca8c7174554ca0b07b5b26e505817a05142f571cf2abe67e790c30249c,direct-framework-reference,,android/app/job/JobScheduler,definition-present,unknown,4,0,unknown,opencamera-evidence.json#/rows/74,False,unknown
opencamera,ca5672ca8c7174554ca0b07b5b26e505817a05142f571cf2abe67e790c30249c,direct-framework-reference,,android/app/job/JobServiceEngine,definition-present,unknown,1,0,unknown,opencamera-evidence.json#/rows/75,False,unknown
opencamera,ca5672ca8c7174554ca0b07b5b26e505817a05142f571cf2abe67e790c30249c,direct-framework-reference,,android/app/job/JobWorkItem,definition-present,unknown,10,0,unknown,opencamera-evidence.json#/rows/76,False,unknown
opencamera,ca5672ca8c7174554ca0b07b5b26e505817a05142f571cf2abe67e790c30249c,direct-framework-reference,,android/app/usage/UsageStatsManager,definition-present,unknown,1,0,unknown,opencamera-evidence.json#/rows/77,False,unknown
opencamera,ca5672ca8c7174554ca0b07b5b26e505817a05142f571cf2abe67e790c30249c,direct-framework-reference,,android/appwidget/AppWidgetManager,definition-present,unknown,2,0,unknown,opencamera-evidence.json#/rows/78,False,unknown
opencamera,ca5672ca8c7174554ca0b07b5b26e505817a05142f571cf2abe67e790c30249c,direct-framework-reference,,android/appwidget/AppWidgetProvider,definition-present,unknown,1,0,unknown,opencamera-evidence.json#/rows/79,False,unknown
opencamera,ca5672ca8c7174554ca0b07b5b26e505817a05142f571cf2abe67e790c30249c,direct-framework-reference,,android/bluetooth/BluetoothAdapter,definition-absent,unknown,9,0,unresolvable-in-scanned-inputs,opencamera-evidence.json#/rows/80,False,unknown
opencamera,ca5672ca8c7174554ca0b07b5b26e505817a05142f571cf2abe67e790c30249c,direct-framework-reference,,android/bluetooth/BluetoothDevice,definition-present,unknown,7,0,unknown,opencamera-evidence.json#/rows/81,False,unknown
opencamera,ca5672ca8c7174554ca0b07b5b26e505817a05142f571cf2abe67e790c30249c,direct-framework-reference,,android/bluetooth/BluetoothGatt,definition-absent,unknown,6,0,unresolvable-in-scanned-inputs,opencamera-evidence.json#/rows/82,False,unknown
opencamera,ca5672ca8c7174554ca0b07b5b26e505817a05142f571cf2abe67e790c30249c,direct-framework-reference,,android/bluetooth/BluetoothGattCallback,definition-absent,unknown,3,0,unresolvable-in-scanned-inputs,opencamera-evidence.json#/rows/83,False,unknown
opencamera,ca5672ca8c7174554ca0b07b5b26e505817a05142f571cf2abe67e790c30249c,direct-framework-reference,,android/bluetooth/BluetoothGattCharacteristic,definition-absent,unknown,8,0,unresolvable-in-scanned-inputs,opencamera-evidence.json#/rows/84,False,unknown
opencamera,ca5672ca8c7174554ca0b07b5b26e505817a05142f571cf2abe67e790c30249c,direct-framework-reference,,android/bluetooth/BluetoothGattDescriptor,definition-absent,unknown,1,0,unresolvable-in-scanned-inputs,opencamera-evidence.json#/rows/85,False,unknown
opencamera,ca5672ca8c7174554ca0b07b5b26e505817a05142f571cf2abe67e790c30249c,direct-framework-reference,,android/bluetooth/BluetoothGattService,definition-absent,unknown,1,0,unresolvable-in-scanned-inputs,opencamera-evidence.json#/rows/86,False,unknown
opencamera,ca5672ca8c7174554ca0b07b5b26e505817a05142f571cf2abe67e790c30249c,direct-framework-reference,,android/bluetooth/BluetoothManager,definition-absent,unknown,3,0,unresolvable-in-scanned-inputs,opencamera-evidence.json#/rows/87,False,unknown
opencamera,ca5672ca8c7174554ca0b07b5b26e505817a05142f571cf2abe67e790c30249c,direct-framework-reference,,android/content/BroadcastReceiver,definition-present,yes-static,28,7,unknown,opencamera-evidence.json#/rows/88,False,unknown
opencamera,ca5672ca8c7174554ca0b07b5b26e505817a05142f571cf2abe67e790c30249c,direct-framework-reference,,android/content/BroadcastReceiver$PendingResult,definition-present,unknown,3,0,unknown,opencamera-evidence.json#/rows/89,False,unknown
opencamera,ca5672ca8c7174554ca0b07b5b26e505817a05142f571cf2abe67e790c30249c,direct-framework-reference,,android/content/ClipData,definition-present,unknown,35,0,unknown,opencamera-evidence.json#/rows/90,False,unknown
opencamera,ca5672ca8c7174554ca0b07b5b26e505817a05142f571cf2abe67e790c30249c,direct-framework-reference,,android/content/ClipData$Item,definition-present,unknown,14,0,unknown,opencamera-evidence.json#/rows/91,False,unknown
opencamera,ca5672ca8c7174554ca0b07b5b26e505817a05142f571cf2abe67e790c30249c,direct-framework-reference,,android/content/ClipDescription,definition-present,unknown,14,0,unknown,opencamera-evidence.json#/rows/92,False,unknown
opencamera,ca5672ca8c7174554ca0b07b5b26e505817a05142f571cf2abe67e790c30249c,direct-framework-reference,,android/content/ClipboardManager,definition-present,unknown,3,0,unknown,opencamera-evidence.json#/rows/93,False,unknown
opencamera,ca5672ca8c7174554ca0b07b5b26e505817a05142f571cf2abe67e790c30249c,direct-framework-reference,,android/content/ComponentName,definition-present,yes-static,115,2,unknown,opencamera-evidence.json#/rows/94,False,unknown
opencamera,ca5672ca8c7174554ca0b07b5b26e505817a05142f571cf2abe67e790c30249c,direct-framework-reference,,android/content/ContentProvider,definition-present,yes-static,7,1,unknown,opencamera-evidence.json#/rows/95,False,unknown
opencamera,ca5672ca8c7174554ca0b07b5b26e505817a05142f571cf2abe67e790c30249c,direct-framework-reference,,android/content/ContentProviderClient,definition-present,yes-static,8,3,unknown,opencamera-evidence.json#/rows/96,False,unknown
opencamera,ca5672ca8c7174554ca0b07b5b26e505817a05142f571cf2abe67e790c30249c,direct-framework-reference,,android/content/ContentResolver,definition-present,yes-static,61,8,unknown,opencamera-evidence.json#/rows/97,False,unknown
opencamera,ca5672ca8c7174554ca0b07b5b26e505817a05142f571cf2abe67e790c30249c,direct-framework-reference,,android/content/ContentUris,definition-present,yes-static,3,3,unknown,opencamera-evidence.json#/rows/98,False,unknown
opencamera,ca5672ca8c7174554ca0b07b5b26e505817a05142f571cf2abe67e790c30249c,direct-framework-reference,,android/content/ContentValues,definition-present,yes-static,7,1,unknown,opencamera-evidence.json#/rows/99,False,unknown
opencamera,ca5672ca8c7174554ca0b07b5b26e505817a05142f571cf2abe67e790c30249c,direct-framework-reference,,android/content/Context,definition-present,yes-static,1592,219,unknown,opencamera-evidence.json#/rows/100,False,unknown
opencamera,ca5672ca8c7174554ca0b07b5b26e505817a05142f571cf2abe67e790c30249c,direct-framework-reference,,android/content/ContextWrapper,definition-present,yes-static,23,3,unknown,opencamera-evidence.json#/rows/101,False,unknown
opencamera,ca5672ca8c7174554ca0b07b5b26e505817a05142f571cf2abe67e790c30249c,direct-framework-reference,,android/content/DialogInterface,definition-present,unknown,16,0,unknown,opencamera-evidence.json#/rows/102,False,unknown
opencamera,ca5672ca8c7174554ca0b07b5b26e505817a05142f571cf2abe67e790c30249c,direct-framework-reference,,android/content/DialogInterface$OnClickListener,definition-present,yes-static,27,2,unknown,opencamera-evidence.json#/rows/103,False,unknown
opencamera,ca5672ca8c7174554ca0b07b5b26e505817a05142f571cf2abe67e790c30249c,direct-framework-reference,,android/content/DialogInterface$OnDismissListener,definition-present,unknown,1,0,unknown,opencamera-evidence.json#/rows/104,False,unknown
opencamera,ca5672ca8c7174554ca0b07b5b26e505817a05142f571cf2abe67e790c30249c,direct-framework-reference,,android/content/DialogInterface$OnKeyListener,definition-present,unknown,2,0,unknown,opencamera-evidence.json#/rows/105,False,unknown
opencamera,ca5672ca8c7174554ca0b07b5b26e505817a05142f571cf2abe67e790c30249c,direct-framework-reference,,android/content/DialogInterface$OnMultiChoiceClickListener,definition-present,unknown,1,0,unknown,opencamera-evidence.json#/rows/106,False,unknown
opencamera,ca5672ca8c7174554ca0b07b5b26e505817a05142f571cf2abe67e790c30249c,direct-framework-reference,,android/content/Intent,definition-present,yes-static,386,12,unknown,opencamera-evidence.json#/rows/107,False,unknown
opencamera,ca5672ca8c7174554ca0b07b5b26e505817a05142f571cf2abe67e790c30249c,direct-framework-reference,,android/content/Intent$ShortcutIconResource,definition-present,unknown,1,0,unknown,opencamera-evidence.json#/rows/108,False,unknown
opencamera,ca5672ca8c7174554ca0b07b5b26e505817a05142f571cf2abe67e790c30249c,direct-framework-reference,,android/content/IntentFilter,definition-present,yes-static,20,5,unknown,opencamera-evidence.json#/rows/109,False,unknown
opencamera,ca5672ca8c7174554ca0b07b5b26e505817a05142f571cf2abe67e790c30249c,direct-framework-reference,,android/content/IntentSender,definition-present,unknown,21,0,unknown,opencamera-evidence.json#/rows/110,False,unknown
opencamera,ca5672ca8c7174554ca0b07b5b26e505817a05142f571cf2abe67e790c30249c,direct-framework-reference,,android/content/IntentSender$OnFinished,definition-present,unknown,1,0,unknown,opencamera-evidence.json#/rows/111,False,unknown
opencamera,ca5672ca8c7174554ca0b07b5b26e505817a05142f571cf2abe67e790c30249c,direct-framework-reference,,android/content/IntentSender$SendIntentException,definition-present,unknown,3,0,unknown,opencamera-evidence.json#/rows/112,False,unknown
opencamera,ca5672ca8c7174554ca0b07b5b26e505817a05142f571cf2abe67e790c30249c,direct-framework-reference,,android/content/LocusId,definition-present,unknown,9,0,unknown,opencamera-evidence.json#/rows/113,False,unknown
opencamera,ca5672ca8c7174554ca0b07b5b26e505817a05142f571cf2abe67e790c30249c,direct-framework-reference,,android/content/RestrictionsManager,definition-present,unknown,1,0,unknown,opencamera-evidence.json#/rows/114,False,unknown
opencamera,ca5672ca8c7174554ca0b07b5b26e505817a05142f571cf2abe67e790c30249c,direct-framework-reference,,android/content/ServiceConnection,definition-present,yes-static,9,2,unknown,opencamera-evidence.json#/rows/115,False,unknown
opencamera,ca5672ca8c7174554ca0b07b5b26e505817a05142f571cf2abe67e790c30249c,direct-framework-reference,,android/content/SharedPreferences,definition-present,yes-static,247,43,unknown,opencamera-evidence.json#/rows/116,False,unknown
opencamera,ca5672ca8c7174554ca0b07b5b26e505817a05142f571cf2abe67e790c30249c,direct-framework-reference,,android/content/SharedPreferences$Editor,definition-present,yes-static,69,7,unknown,opencamera-evidence.json#/rows/117,False,unknown
opencamera,ca5672ca8c7174554ca0b07b5b26e505817a05142f571cf2abe67e790c30249c,direct-framework-reference,,android/content/UriMatcher,definition-present,unknown,4,0,unknown,opencamera-evidence.json#/rows/118,False,unknown
opencamera,ca5672ca8c7174554ca0b07b5b26e505817a05142f571cf2abe67e790c30249c,direct-framework-reference,,android/content/pm/ActivityInfo,definition-present,yes-static,17,1,unknown,opencamera-evidence.json#/rows/119,False,unknown
opencamera,ca5672ca8c7174554ca0b07b5b26e505817a05142f571cf2abe67e790c30249c,direct-framework-reference,,android/content/pm/ApplicationInfo,definition-present,yes-static,16,1,unknown,opencamera-evidence.json#/rows/120,False,unknown
opencamera,ca5672ca8c7174554ca0b07b5b26e505817a05142f571cf2abe67e790c30249c,direct-framework-reference,,android/content/pm/LauncherApps,definition-present,unknown,1,0,unknown,opencamera-evidence.json#/rows/121,False,unknown
opencamera,ca5672ca8c7174554ca0b07b5b26e505817a05142f571cf2abe67e790c30249c,direct-framework-reference,,android/content/pm/PackageInfo,definition-present,yes-static,18,2,unknown,opencamera-evidence.json#/rows/122,False,unknown
opencamera,ca5672ca8c7174554ca0b07b5b26e505817a05142f571cf2abe67e790c30249c,direct-framework-reference,,android/content/pm/PackageManager,definition-present,yes-static,72,6,unknown,opencamera-evidence.json#/rows/123,False,unknown
opencamera,ca5672ca8c7174554ca0b07b5b26e505817a05142f571cf2abe67e790c30249c,direct-framework-reference,,android/content/pm/PackageManager$NameNotFoundException,definition-present,yes-static,2,1,unknown,opencamera-evidence.json#/rows/124,False,unknown
opencamera,ca5672ca8c7174554ca0b07b5b26e505817a05142f571cf2abe67e790c30249c,direct-framework-reference,,android/content/pm/PackageManager$PackageInfoFlags,definition-present,unknown,1,0,unknown,opencamera-evidence.json#/rows/125,False,unknown
opencamera,ca5672ca8c7174554ca0b07b5b26e505817a05142f571cf2abe67e790c30249c,direct-framework-reference,,android/content/pm/PermissionInfo,definition-present,unknown,4,0,unknown,opencamera-evidence.json#/rows/126,False,unknown
opencamera,ca5672ca8c7174554ca0b07b5b26e505817a05142f571cf2abe67e790c30249c,direct-framework-reference,,android/content/pm/ProviderInfo,definition-present,yes-static,12,3,unknown,opencamera-evidence.json#/rows/127,False,unknown
opencamera,ca5672ca8c7174554ca0b07b5b26e505817a05142f571cf2abe67e790c30249c,direct-framework-reference,,android/content/pm/ResolveInfo,definition-present,unknown,39,0,unknown,opencamera-evidence.json#/rows/128,False,unknown
opencamera,ca5672ca8c7174554ca0b07b5b26e505817a05142f571cf2abe67e790c30249c,direct-framework-reference,,android/content/pm/ServiceInfo,definition-present,unknown,4,0,unknown,opencamera-evidence.json#/rows/129,False,unknown
opencamera,ca5672ca8c7174554ca0b07b5b26e505817a05142f571cf2abe67e790c30249c,direct-framework-reference,,android/content/pm/ShortcutInfo,definition-present,unknown,38,0,unknown,opencamera-evidence.json#/rows/130,False,unknown
opencamera,ca5672ca8c7174554ca0b07b5b26e505817a05142f571cf2abe67e790c30249c,direct-framework-reference,,android/content/pm/ShortcutInfo$Builder,definition-present,unknown,17,0,unknown,opencamera-evidence.json#/rows/131,False,unknown
opencamera,ca5672ca8c7174554ca0b07b5b26e505817a05142f571cf2abe67e790c30249c,direct-framework-reference,,android/content/pm/ShortcutManager,definition-present,unknown,42,0,unknown,opencamera-evidence.json#/rows/132,False,unknown
opencamera,ca5672ca8c7174554ca0b07b5b26e505817a05142f571cf2abe67e790c30249c,direct-framework-reference,,android/content/pm/Signature,definition-present,yes-static,10,2,unknown,opencamera-evidence.json#/rows/133,False,unknown
opencamera,ca5672ca8c7174554ca0b07b5b26e505817a05142f571cf2abe67e790c30249c,direct-framework-reference,,android/content/pm/SigningInfo,definition-present,unknown,5,0,unknown,opencamera-evidence.json#/rows/134,False,unknown
opencamera,ca5672ca8c7174554ca0b07b5b26e505817a05142f571cf2abe67e790c30249c,direct-framework-reference,,android/content/res/AssetFileDescriptor,definition-present,unknown,3,0,unknown,opencamera-evidence.json#/rows/135,False,unknown
opencamera,ca5672ca8c7174554ca0b07b5b26e505817a05142f571cf2abe67e790c30249c,direct-framework-reference,,android/content/res/AssetManager,definition-present,yes-static,15,2,unknown,opencamera-evidence.json#/rows/136,False,unknown
opencamera,ca5672ca8c7174554ca0b07b5b26e505817a05142f571cf2abe67e790c30249c,direct-framework-reference,,android/content/res/AssetManager$AssetInputStream,definition-present,unknown,5,0,unknown,opencamera-evidence.json#/rows/137,False,unknown
opencamera,ca5672ca8c7174554ca0b07b5b26e505817a05142f571cf2abe67e790c30249c,direct-framework-reference,,android/content/res/ColorStateList,definition-present,yes-static,105,40,unknown,opencamera-evidence.json#/rows/138,False,unknown
opencamera,ca5672ca8c7174554ca0b07b5b26e505817a05142f571cf2abe67e790c30249c,direct-framework-reference,,android/content/res/Configuration,definition-present,yes-static,76,18,unknown,opencamera-evidence.json#/rows/139,False,unknown
opencamera,ca5672ca8c7174554ca0b07b5b26e505817a05142f571cf2abe67e790c30249c,direct-framework-reference,,android/content/res/Resources,definition-present,yes-static,447,82,unknown,opencamera-evidence.json#/rows/140,False,unknown
opencamera,ca5672ca8c7174554ca0b07b5b26e505817a05142f571cf2abe67e790c30249c,direct-framework-reference,,android/content/res/Resources$NotFoundException,definition-present,yes-static,6,2,unknown,opencamera-evidence.json#/rows/141,False,unknown
opencamera,ca5672ca8c7174554ca0b07b5b26e505817a05142f571cf2abe67e790c30249c,direct-framework-reference,,android/content/res/Resources$Theme,definition-present,yes-static,131,16,unknown,opencamera-evidence.json#/rows/142,False,unknown
opencamera,ca5672ca8c7174554ca0b07b5b26e505817a05142f571cf2abe67e790c30249c,direct-framework-reference,,android/content/res/TypedArray,definition-present,yes-static,182,42,unknown,opencamera-evidence.json#/rows/143,False,unknown
opencamera,ca5672ca8c7174554ca0b07b5b26e505817a05142f571cf2abe67e790c30249c,direct-framework-reference,,android/content/res/XmlResourceParser,definition-present,yes-static,21,4,unknown,opencamera-evidence.json#/rows/144,False,unknown
opencamera,ca5672ca8c7174554ca0b07b5b26e505817a05142f571cf2abe67e790c30249c,direct-framework-reference,,android/database/ContentObserver,definition-present,unknown,10,0,unknown,opencamera-evidence.json#/rows/145,False,unknown
opencamera,ca5672ca8c7174554ca0b07b5b26e505817a05142f571cf2abe67e790c30249c,direct-framework-reference,,android/database/Cursor,definition-present,yes-static,87,4,unknown,opencamera-evidence.json#/rows/146,False,unknown
opencamera,ca5672ca8c7174554ca0b07b5b26e505817a05142f571cf2abe67e790c30249c,direct-framework-reference,,android/database/CursorWindow,definition-present,unknown,2,0,unknown,opencamera-evidence.json#/rows/147,False,unknown
opencamera,ca5672ca8c7174554ca0b07b5b26e505817a05142f571cf2abe67e790c30249c,direct-framework-reference,,android/database/DataSetObservable,definition-present,unknown,5,0,unknown,opencamera-evidence.json#/rows/148,False,unknown
opencamera,ca5672ca8c7174554ca0b07b5b26e505817a05142f571cf2abe67e790c30249c,direct-framework-reference,,android/database/DataSetObserver,definition-present,unknown,22,0,unknown,opencamera-evidence.json#/rows/149,False,unknown
opencamera,ca5672ca8c7174554ca0b07b5b26e505817a05142f571cf2abe67e790c30249c,direct-framework-reference,,android/database/MatrixCursor,definition-present,unknown,1,0,unknown,opencamera-evidence.json#/rows/150,False,unknown
opencamera,ca5672ca8c7174554ca0b07b5b26e505817a05142f571cf2abe67e790c30249c,direct-framework-reference,,android/database/sqlite/SQLiteCursor,definition-present,unknown,2,0,unknown,opencamera-evidence.json#/rows/151,False,unknown
opencamera,ca5672ca8c7174554ca0b07b5b26e505817a05142f571cf2abe67e790c30249c,direct-framework-reference,,android/database/sqlite/SQLiteDatabase,definition-present,unknown,2,0,unknown,opencamera-evidence.json#/rows/152,False,unknown
opencamera,ca5672ca8c7174554ca0b07b5b26e505817a05142f571cf2abe67e790c30249c,direct-framework-reference,,android/drm/DrmManagerClient,definition-present,yes-static,2,1,unknown,opencamera-evidence.json#/rows/153,False,unknown
opencamera,ca5672ca8c7174554ca0b07b5b26e505817a05142f571cf2abe67e790c30249c,direct-framework-reference,,android/graphics/Bitmap,definition-present,yes-static,296,13,unknown,opencamera-evidence.json#/rows/154,False,unknown
opencamera,ca5672ca8c7174554ca0b07b5b26e505817a05142f571cf2abe67e790c30249c,direct-framework-reference,,android/graphics/Bitmap$CompressFormat,definition-present,unknown,5,0,unknown,opencamera-evidence.json#/rows/155,False,unknown
opencamera,ca5672ca8c7174554ca0b07b5b26e505817a05142f571cf2abe67e790c30249c,direct-framework-reference,,android/graphics/Bitmap$Config,definition-present,yes-static,40,4,unknown,opencamera-evidence.json#/rows/156,False,unknown
opencamera,ca5672ca8c7174554ca0b07b5b26e505817a05142f571cf2abe67e790c30249c,direct-framework-reference,,android/graphics/BitmapFactory,definition-present,yes-static,14,2,unknown,opencamera-evidence.json#/rows/157,False,unknown
opencamera,ca5672ca8c7174554ca0b07b5b26e505817a05142f571cf2abe67e790c30249c,direct-framework-reference,,android/graphics/BitmapFactory$Options,definition-present,unknown,13,0,unknown,opencamera-evidence.json#/rows/158,False,unknown
opencamera,ca5672ca8c7174554ca0b07b5b26e505817a05142f571cf2abe67e790c30249c,direct-framework-reference,,android/graphics/BitmapShader,definition-present,unknown,6,0,unknown,opencamera-evidence.json#/rows/159,False,unknown
opencamera,ca5672ca8c7174554ca0b07b5b26e505817a05142f571cf2abe67e790c30249c,direct-framework-reference,,android/graphics/BlendMode,definition-present,unknown,4,0,unknown,opencamera-evidence.json#/rows/160,False,unknown
opencamera,ca5672ca8c7174554ca0b07b5b26e505817a05142f571cf2abe67e790c30249c,direct-framework-reference,,android/graphics/BlendModeColorFilter,definition-present,unknown,1,0,unknown,opencamera-evidence.json#/rows/161,False,unknown
opencamera,ca5672ca8c7174554ca0b07b5b26e505817a05142f571cf2abe67e790c30249c,direct-framework-reference,,android/graphics/Canvas,definition-present,yes-static,102,1,unknown,opencamera-evidence.json#/rows/162,False,unknown
opencamera,ca5672ca8c7174554ca0b07b5b26e505817a05142f571cf2abe67e790c30249c,direct-framework-reference,,android/graphics/Color,definition-present,yes-static,60,9,unknown,opencamera-evidence.json#/rows/163,False,unknown
opencamera,ca5672ca8c7174554ca0b07b5b26e505817a05142f571cf2abe67e790c30249c,direct-framework-reference,,android/graphics/ColorFilter,definition-present,yes-static,36,3,unknown,opencamera-evidence.json#/rows/164,False,unknown
opencamera,ca5672ca8c7174554ca0b07b5b26e505817a05142f571cf2abe67e790c30249c,direct-framework-reference,,android/graphics/ColorMatrix,definition-present,unknown,1,0,unknown,opencamera-evidence.json#/rows/165,False,unknown
opencamera,ca5672ca8c7174554ca0b07b5b26e505817a05142f571cf2abe67e790c30249c,direct-framework-reference,,android/graphics/ColorMatrixColorFilter,definition-present,unknown,1,0,unknown,opencamera-evidence.json#/rows/166,False,unknown
opencamera,ca5672ca8c7174554ca0b07b5b26e505817a05142f571cf2abe67e790c30249c,direct-framework-reference,,android/graphics/ColorSpace,definition-present,unknown,18,0,unknown,opencamera-evidence.json#/rows/167,False,unknown
opencamera,ca5672ca8c7174554ca0b07b5b26e505817a05142f571cf2abe67e790c30249c,direct-framework-reference,,android/graphics/ColorSpace$Model,definition-present,unknown,1,0,unknown,opencamera-evidence.json#/rows/168,False,unknown
opencamera,ca5672ca8c7174554ca0b07b5b26e505817a05142f571cf2abe67e790c30249c,direct-framework-reference,,android/graphics/ColorSpace$Named,definition-present,unknown,8,0,unknown,opencamera-evidence.json#/rows/169,False,unknown
opencamera,ca5672ca8c7174554ca0b07b5b26e505817a05142f571cf2abe67e790c30249c,direct-framework-reference,,android/graphics/ImageDecoder,definition-present,unknown,2,0,unknown,opencamera-evidence.json#/rows/170,False,unknown
opencamera,ca5672ca8c7174554ca0b07b5b26e505817a05142f571cf2abe67e790c30249c,direct-framework-reference,,android/graphics/ImageDecoder$OnHeaderDecodedListener,definition-present,unknown,5,0,unknown,opencamera-evidence.json#/rows/171,False,unknown
opencamera,ca5672ca8c7174554ca0b07b5b26e505817a05142f571cf2abe67e790c30249c,direct-framework-reference,,android/graphics/ImageDecoder$Source,definition-present,unknown,4,0,unknown,opencamera-evidence.json#/rows/172,False,unknown
opencamera,ca5672ca8c7174554ca0b07b5b26e505817a05142f571cf2abe67e790c30249c,direct-framework-reference,,android/graphics/Insets,definition-present,yes-static,62,6,unknown,opencamera-evidence.json#/rows/173,False,unknown
opencamera,ca5672ca8c7174554ca0b07b5b26e505817a05142f571cf2abe67e790c30249c,direct-framework-reference,,android/graphics/LinearGradient,definition-present,unknown,1,0,unknown,opencamera-evidence.json#/rows/174,False,unknown
opencamera,ca5672ca8c7174554ca0b07b5b26e505817a05142f571cf2abe67e790c30249c,direct-framework-reference,,android/graphics/Matrix,definition-present,yes-static,69,4,unknown,opencamera-evidence.json#/rows/175,False,unknown
opencamera,ca5672ca8c7174554ca0b07b5b26e505817a05142f571cf2abe67e790c30249c,direct-framework-reference,,android/graphics/Matrix$ScaleToFit,definition-present,yes-static,3,1,unknown,opencamera-evidence.json#/rows/176,False,unknown
opencamera,ca5672ca8c7174554ca0b07b5b26e505817a05142f571cf2abe67e790c30249c,direct-framework-reference,,android/graphics/Movie,definition-present,unknown,2,0,unknown,opencamera-evidence.json#/rows/177,False,unknown
opencamera,ca5672ca8c7174554ca0b07b5b26e505817a05142f571cf2abe67e790c30249c,direct-framework-reference,,android/graphics/Outline,definition-present,unknown,6,0,unknown,opencamera-evidence.json#/rows/178,False,unknown
opencamera,ca5672ca8c7174554ca0b07b5b26e505817a05142f571cf2abe67e790c30249c,direct-framework-reference,,android/graphics/Paint,definition-present,yes-static,90,3,unknown,opencamera-evidence.json#/rows/179,False,unknown
opencamera,ca5672ca8c7174554ca0b07b5b26e505817a05142f571cf2abe67e790c30249c,direct-framework-reference,,android/graphics/Paint$Align,definition-present,unknown,5,0,unknown,opencamera-evidence.json#/rows/180,False,unknown
opencamera,ca5672ca8c7174554ca0b07b5b26e505817a05142f571cf2abe67e790c30249c,direct-framework-reference,,android/graphics/Paint$Cap,definition-present,yes-static,12,1,unknown,opencamera-evidence.json#/rows/181,False,unknown
opencamera,ca5672ca8c7174554ca0b07b5b26e505817a05142f571cf2abe67e790c30249c,direct-framework-reference,,android/graphics/Paint$FontMetricsInt,definition-present,yes-static,7,3,unknown,opencamera-evidence.json#/rows/182,False,unknown
opencamera,ca5672ca8c7174554ca0b07b5b26e505817a05142f571cf2abe67e790c30249c,direct-framework-reference,,android/graphics/Paint$Join,definition-present,unknown,6,0,unknown,opencamera-evidence.json#/rows/183,False,unknown
opencamera,ca5672ca8c7174554ca0b07b5b26e505817a05142f571cf2abe67e790c30249c,direct-framework-reference,,android/graphics/Paint$Style,definition-present,unknown,14,0,unknown,opencamera-evidence.json#/rows/184,False,unknown
opencamera,ca5672ca8c7174554ca0b07b5b26e505817a05142f571cf2abe67e790c30249c,direct-framework-reference,,android/graphics/Path,definition-present,yes-static,40,1,unknown,opencamera-evidence.json#/rows/185,False,unknown
opencamera,ca5672ca8c7174554ca0b07b5b26e505817a05142f571cf2abe67e790c30249c,direct-framework-reference,,android/graphics/Path$FillType,definition-present,unknown,2,0,unknown,opencamera-evidence.json#/rows/186,False,unknown
opencamera,ca5672ca8c7174554ca0b07b5b26e505817a05142f571cf2abe67e790c30249c,direct-framework-reference,,android/graphics/Path$Op,definition-present,unknown,5,0,unknown,opencamera-evidence.json#/rows/187,False,unknown
opencamera,ca5672ca8c7174554ca0b07b5b26e505817a05142f571cf2abe67e790c30249c,direct-framework-reference,,android/graphics/PathMeasure,definition-present,unknown,4,0,unknown,opencamera-evidence.json#/rows/188,False,unknown
opencamera,ca5672ca8c7174554ca0b07b5b26e505817a05142f571cf2abe67e790c30249c,direct-framework-reference,,android/graphics/Picture,definition-present,unknown,1,0,unknown,opencamera-evidence.json#/rows/189,False,unknown
opencamera,ca5672ca8c7174554ca0b07b5b26e505817a05142f571cf2abe67e790c30249c,direct-framework-reference,,android/graphics/Point,definition-present,yes-static,42,3,unknown,opencamera-evidence.json#/rows/190,False,unknown
opencamera,ca5672ca8c7174554ca0b07b5b26e505817a05142f571cf2abe67e790c30249c,direct-framework-reference,,android/graphics/PointF,definition-present,unknown,22,0,unknown,opencamera-evidence.json#/rows/191,False,unknown
opencamera,ca5672ca8c7174554ca0b07b5b26e505817a05142f571cf2abe67e790c30249c,direct-framework-reference,,android/graphics/PorterDuff$Mode,definition-present,yes-static,202,35,unknown,opencamera-evidence.json#/rows/192,False,unknown
opencamera,ca5672ca8c7174554ca0b07b5b26e505817a05142f571cf2abe67e790c30249c,direct-framework-reference,,android/graphics/PorterDuffColorFilter,definition-present,yes-static,22,8,unknown,opencamera-evidence.json#/rows/193,False,unknown
opencamera,ca5672ca8c7174554ca0b07b5b26e505817a05142f571cf2abe67e790c30249c,direct-framework-reference,,android/graphics/PorterDuffXfermode,definition-present,unknown,3,0,unknown,opencamera-evidence.json#/rows/194,False,unknown
opencamera,ca5672ca8c7174554ca0b07b5b26e505817a05142f571cf2abe67e790c30249c,direct-framework-reference,,android/graphics/RadialGradient,definition-present,unknown,2,0,unknown,opencamera-evidence.json#/rows/195,False,unknown
opencamera,ca5672ca8c7174554ca0b07b5b26e505817a05142f571cf2abe67e790c30249c,direct-framework-reference,,android/graphics/Rect,definition-present,yes-static,311,14,unknown,opencamera-evidence.json#/rows/196,False,unknown
opencamera,ca5672ca8c7174554ca0b07b5b26e505817a05142f571cf2abe67e790c30249c,direct-framework-reference,,android/graphics/RectF,definition-present,yes-static,49,8,unknown,opencamera-evidence.json#/rows/197,False,unknown
opencamera,ca5672ca8c7174554ca0b07b5b26e505817a05142f571cf2abe67e790c30249c,direct-framework-reference,,android/graphics/Region,definition-present,unknown,33,0,unknown,opencamera-evidence.json#/rows/198,False,unknown
opencamera,ca5672ca8c7174554ca0b07b5b26e505817a05142f571cf2abe67e790c30249c,direct-framework-reference,,android/graphics/Region$Op,definition-present,unknown,16,0,unknown,opencamera-evidence.json#/rows/199,False,unknown
opencamera,ca5672ca8c7174554ca0b07b5b26e505817a05142f571cf2abe67e790c30249c,direct-framework-reference,,android/graphics/RegionIterator,definition-present,unknown,3,0,unknown,opencamera-evidence.json#/rows/200,False,unknown
opencamera,ca5672ca8c7174554ca0b07b5b26e505817a05142f571cf2abe67e790c30249c,direct-framework-reference,,android/graphics/Shader,definition-present,unknown,18,0,unknown,opencamera-evidence.json#/rows/201,False,unknown
opencamera,ca5672ca8c7174554ca0b07b5b26e505817a05142f571cf2abe67e790c30249c,direct-framework-reference,,android/graphics/Shader$TileMode,definition-present,yes-static,7,1,unknown,opencamera-evidence.json#/rows/202,False,unknown
opencamera,ca5672ca8c7174554ca0b07b5b26e505817a05142f571cf2abe67e790c30249c,direct-framework-reference,,android/graphics/SurfaceTexture,definition-present,unknown,5,0,unknown,opencamera-evidence.json#/rows/203,False,unknown
opencamera,ca5672ca8c7174554ca0b07b5b26e505817a05142f571cf2abe67e790c30249c,direct-framework-reference,,android/graphics/SweepGradient,definition-present,unknown,1,0,unknown,opencamera-evidence.json#/rows/204,False,unknown
opencamera,ca5672ca8c7174554ca0b07b5b26e505817a05142f571cf2abe67e790c30249c,direct-framework-reference,,android/graphics/Typeface,definition-present,yes-static,108,29,unknown,opencamera-evidence.json#/rows/205,False,unknown
opencamera,ca5672ca8c7174554ca0b07b5b26e505817a05142f571cf2abe67e790c30249c,direct-framework-reference,,android/graphics/Typeface$Builder,definition-present,unknown,1,0,unknown,opencamera-evidence.json#/rows/206,False,unknown
opencamera,ca5672ca8c7174554ca0b07b5b26e505817a05142f571cf2abe67e790c30249c,direct-framework-reference,,android/graphics/Typeface$CustomFallbackBuilder,definition-present,unknown,3,0,unknown,opencamera-evidence.json#/rows/207,False,unknown
opencamera,ca5672ca8c7174554ca0b07b5b26e505817a05142f571cf2abe67e790c30249c,direct-framework-reference,,android/graphics/Xfermode,definition-present,unknown,2,0,unknown,opencamera-evidence.json#/rows/208,False,unknown
opencamera,ca5672ca8c7174554ca0b07b5b26e505817a05142f571cf2abe67e790c30249c,direct-framework-reference,,android/graphics/drawable/AdaptiveIconDrawable,definition-present,unknown,1,0,unknown,opencamera-evidence.json#/rows/209,False,unknown
opencamera,ca5672ca8c7174554ca0b07b5b26e505817a05142f571cf2abe67e790c30249c,direct-framework-reference,,android/graphics/drawable/Animatable,definition-present,unknown,7,0,unknown,opencamera-evidence.json#/rows/210,False,unknown
opencamera,ca5672ca8c7174554ca0b07b5b26e505817a05142f571cf2abe67e790c30249c,direct-framework-reference,,android/graphics/drawable/Animatable2$AnimationCallback,definition-present,unknown,4,0,unknown,opencamera-evidence.json#/rows/211,False,unknown
opencamera,ca5672ca8c7174554ca0b07b5b26e505817a05142f571cf2abe67e790c30249c,direct-framework-reference,,android/graphics/drawable/AnimatedVectorDrawable,definition-present,unknown,11,0,unknown,opencamera-evidence.json#/rows/212,False,unknown
opencamera,ca5672ca8c7174554ca0b07b5b26e505817a05142f571cf2abe67e790c30249c,direct-framework-reference,,android/graphics/drawable/AnimationDrawable,definition-present,unknown,5,0,unknown,opencamera-evidence.json#/rows/213,False,unknown
opencamera,ca5672ca8c7174554ca0b07b5b26e505817a05142f571cf2abe67e790c30249c,direct-framework-reference,,android/graphics/drawable/BitmapDrawable,definition-present,yes-static,7,1,unknown,opencamera-evidence.json#/rows/214,False,unknown
opencamera,ca5672ca8c7174554ca0b07b5b26e505817a05142f571cf2abe67e790c30249c,direct-framework-reference,,android/graphics/drawable/ClipDrawable,definition-present,unknown,1,0,unknown,opencamera-evidence.json#/rows/215,False,unknown
opencamera,ca5672ca8c7174554ca0b07b5b26e505817a05142f571cf2abe67e790c30249c,direct-framework-reference,,android/graphics/drawable/ColorDrawable,definition-present,unknown,5,0,unknown,opencamera-evidence.json#/rows/216,False,unknown
opencamera,ca5672ca8c7174554ca0b07b5b26e505817a05142f571cf2abe67e790c30249c,direct-framework-reference,,android/graphics/drawable/Drawable,definition-present,yes-static,668,56,unknown,opencamera-evidence.json#/rows/217,False,unknown
opencamera,ca5672ca8c7174554ca0b07b5b26e505817a05142f571cf2abe67e790c30249c,direct-framework-reference,,android/graphics/drawable/Drawable$Callback,definition-present,unknown,27,0,unknown,opencamera-evidence.json#/rows/218,False,unknown
opencamera,ca5672ca8c7174554ca0b07b5b26e505817a05142f571cf2abe67e790c30249c,direct-framework-reference,,android/graphics/drawable/Drawable$ConstantState,definition-present,yes-static,36,2,unknown,opencamera-evidence.json#/rows/219,False,unknown
opencamera,ca5672ca8c7174554ca0b07b5b26e505817a05142f571cf2abe67e790c30249c,direct-framework-reference,,android/graphics/drawable/Icon,definition-present,unknown,54,0,unknown,opencamera-evidence.json#/rows/220,False,unknown
opencamera,ca5672ca8c7174554ca0b07b5b26e505817a05142f571cf2abe67e790c30249c,direct-framework-reference,,android/graphics/drawable/InsetDrawable,definition-present,unknown,2,0,unknown,opencamera-evidence.json#/rows/221,False,unknown
opencamera,ca5672ca8c7174554ca0b07b5b26e505817a05142f571cf2abe67e790c30249c,direct-framework-reference,,android/graphics/drawable/LayerDrawable,definition-present,yes-static,6,4,unknown,opencamera-evidence.json#/rows/222,False,unknown
opencamera,ca5672ca8c7174554ca0b07b5b26e505817a05142f571cf2abe67e790c30249c,direct-framework-reference,,android/graphics/drawable/RippleDrawable,definition-present,unknown,1,0,unknown,opencamera-evidence.json#/rows/223,False,unknown
opencamera,ca5672ca8c7174554ca0b07b5b26e505817a05142f571cf2abe67e790c30249c,direct-framework-reference,,android/graphics/drawable/ShapeDrawable,definition-present,unknown,3,0,unknown,opencamera-evidence.json#/rows/224,False,unknown
opencamera,ca5672ca8c7174554ca0b07b5b26e505817a05142f571cf2abe67e790c30249c,direct-framework-reference,,android/graphics/drawable/VectorDrawable,definition-present,unknown,3,0,unknown,opencamera-evidence.json#/rows/225,False,unknown
opencamera,ca5672ca8c7174554ca0b07b5b26e505817a05142f571cf2abe67e790c30249c,direct-framework-reference,,android/graphics/drawable/shapes/OvalShape,definition-present,unknown,3,0,unknown,opencamera-evidence.json#/rows/226,False,unknown
opencamera,ca5672ca8c7174554ca0b07b5b26e505817a05142f571cf2abe67e790c30249c,direct-framework-reference,,android/graphics/drawable/shapes/RoundRectShape,definition-present,unknown,1,0,unknown,opencamera-evidence.json#/rows/227,False,unknown
opencamera,ca5672ca8c7174554ca0b07b5b26e505817a05142f571cf2abe67e790c30249c,direct-framework-reference,,android/graphics/drawable/shapes/Shape,definition-present,unknown,2,0,unknown,opencamera-evidence.json#/rows/228,False,unknown
opencamera,ca5672ca8c7174554ca0b07b5b26e505817a05142f571cf2abe67e790c30249c,direct-framework-reference,,android/graphics/fonts/Font,definition-present,unknown,4,0,unknown,opencamera-evidence.json#/rows/229,False,unknown
opencamera,ca5672ca8c7174554ca0b07b5b26e505817a05142f571cf2abe67e790c30249c,direct-framework-reference,,android/graphics/fonts/Font$Builder,definition-present,unknown,3,0,unknown,opencamera-evidence.json#/rows/230,False,unknown
opencamera,ca5672ca8c7174554ca0b07b5b26e505817a05142f571cf2abe67e790c30249c,direct-framework-reference,,android/graphics/fonts/FontFamily,definition-present,unknown,4,0,unknown,opencamera-evidence.json#/rows/231,False,unknown
opencamera,ca5672ca8c7174554ca0b07b5b26e505817a05142f571cf2abe67e790c30249c,direct-framework-reference,,android/graphics/fonts/FontFamily$Builder,definition-present,unknown,3,0,unknown,opencamera-evidence.json#/rows/232,False,unknown
opencamera,ca5672ca8c7174554ca0b07b5b26e505817a05142f571cf2abe67e790c30249c,direct-framework-reference,,android/graphics/fonts/FontStyle,definition-present,unknown,5,0,unknown,opencamera-evidence.json#/rows/233,False,unknown
opencamera,ca5672ca8c7174554ca0b07b5b26e505817a05142f571cf2abe67e790c30249c,direct-framework-reference,,android/graphics/fonts/FontVariationAxis,definition-present,yes-static,4,2,unknown,opencamera-evidence.json#/rows/234,False,unknown
opencamera,ca5672ca8c7174554ca0b07b5b26e505817a05142f571cf2abe67e790c30249c,direct-framework-reference,,android/graphics/pdf/PdfDocument$Page,definition-present,unknown,1,0,unknown,opencamera-evidence.json#/rows/235,False,unknown
opencamera,ca5672ca8c7174554ca0b07b5b26e505817a05142f571cf2abe67e790c30249c,direct-framework-reference,,android/graphics/pdf/PdfDocument$PageInfo,definition-present,unknown,1,0,unknown,opencamera-evidence.json#/rows/236,False,unknown
opencamera,ca5672ca8c7174554ca0b07b5b26e505817a05142f571cf2abe67e790c30249c,direct-framework-reference,,android/hardware/Camera,definition-present,unknown,27,0,unknown,opencamera-evidence.json#/rows/237,False,unknown
opencamera,ca5672ca8c7174554ca0b07b5b26e505817a05142f571cf2abe67e790c30249c,direct-framework-reference,,android/hardware/Camera$Area,definition-present,unknown,3,0,unknown,opencamera-evidence.json#/rows/238,False,unknown
opencamera,ca5672ca8c7174554ca0b07b5b26e505817a05142f571cf2abe67e790c30249c,direct-framework-reference,,android/hardware/Camera$AutoFocusCallback,definition-present,unknown,1,0,unknown,opencamera-evidence.json#/rows/239,False,unknown
opencamera,ca5672ca8c7174554ca0b07b5b26e505817a05142f571cf2abe67e790c30249c,direct-framework-reference,,android/hardware/Camera$AutoFocusMoveCallback,definition-present,unknown,1,0,unknown,opencamera-evidence.json#/rows/240,False,unknown
opencamera,ca5672ca8c7174554ca0b07b5b26e505817a05142f571cf2abe67e790c30249c,direct-framework-reference,,android/hardware/Camera$CameraInfo,definition-present,unknown,6,0,unknown,opencamera-evidence.json#/rows/241,False,unknown
opencamera,ca5672ca8c7174554ca0b07b5b26e505817a05142f571cf2abe67e790c30249c,direct-framework-reference,,android/hardware/Camera$ErrorCallback,definition-present,unknown,1,0,unknown,opencamera-evidence.json#/rows/242,False,unknown
opencamera,ca5672ca8c7174554ca0b07b5b26e505817a05142f571cf2abe67e790c30249c,direct-framework-reference,,android/hardware/Camera$Face,definition-present,unknown,1,0,unknown,opencamera-evidence.json#/rows/243,False,unknown
opencamera,ca5672ca8c7174554ca0b07b5b26e505817a05142f571cf2abe67e790c30249c,direct-framework-reference,,android/hardware/Camera$Parameters,definition-present,unknown,49,0,unknown,opencamera-evidence.json#/rows/244,False,unknown
opencamera,ca5672ca8c7174554ca0b07b5b26e505817a05142f571cf2abe67e790c30249c,direct-framework-reference,,android/hardware/Camera$PictureCallback,definition-present,unknown,1,0,unknown,opencamera-evidence.json#/rows/245,False,unknown
opencamera,ca5672ca8c7174554ca0b07b5b26e505817a05142f571cf2abe67e790c30249c,direct-framework-reference,,android/hardware/Camera$ShutterCallback,definition-present,unknown,1,0,unknown,opencamera-evidence.json#/rows/246,False,unknown
opencamera,ca5672ca8c7174554ca0b07b5b26e505817a05142f571cf2abe67e790c30249c,direct-framework-reference,,android/hardware/Camera$Size,definition-present,unknown,2,0,unknown,opencamera-evidence.json#/rows/247,False,unknown
opencamera,ca5672ca8c7174554ca0b07b5b26e505817a05142f571cf2abe67e790c30249c,direct-framework-reference,,android/hardware/ConsumerIrManager,definition-present,unknown,1,0,unknown,opencamera-evidence.json#/rows/248,False,unknown
opencamera,ca5672ca8c7174554ca0b07b5b26e505817a05142f571cf2abe67e790c30249c,direct-framework-reference,,android/hardware/HardwareBuffer,definition-present,unknown,1,0,unknown,opencamera-evidence.json#/rows/249,False,unknown
opencamera,ca5672ca8c7174554ca0b07b5b26e505817a05142f571cf2abe67e790c30249c,direct-framework-reference,,android/hardware/Sensor,definition-present,yes-static,8,7,unknown,opencamera-evidence.json#/rows/250,False,unknown
opencamera,ca5672ca8c7174554ca0b07b5b26e505817a05142f571cf2abe67e790c30249c,direct-framework-reference,,android/hardware/SensorEvent,definition-present,unknown,5,0,unknown,opencamera-evidence.json#/rows/251,False,unknown
opencamera,ca5672ca8c7174554ca0b07b5b26e505817a05142f571cf2abe67e790c30249c,direct-framework-reference,,android/hardware/SensorManager,definition-present,yes-static,13,7,unknown,opencamera-evidence.json#/rows/252,False,unknown
opencamera,ca5672ca8c7174554ca0b07b5b26e505817a05142f571cf2abe67e790c30249c,direct-framework-reference,,android/hardware/camera2/CameraCaptureSession,definition-present,unknown,23,0,unknown,opencamera-evidence.json#/rows/253,False,unknown
opencamera,ca5672ca8c7174554ca0b07b5b26e505817a05142f571cf2abe67e790c30249c,direct-framework-reference,,android/hardware/camera2/CameraCaptureSession$CaptureCallback,definition-present,unknown,17,0,unknown,opencamera-evidence.json#/rows/254,False,unknown
opencamera,ca5672ca8c7174554ca0b07b5b26e505817a05142f571cf2abe67e790c30249c,direct-framework-reference,,android/hardware/camera2/CameraCaptureSession$StateCallback,definition-present,unknown,5,0,unknown,opencamera-evidence.json#/rows/255,False,unknown
opencamera,ca5672ca8c7174554ca0b07b5b26e505817a05142f571cf2abe67e790c30249c,direct-framework-reference,,android/hardware/camera2/CameraCharacteristics,definition-present,yes-static,30,2,unknown,opencamera-evidence.json#/rows/256,False,unknown
opencamera,ca5672ca8c7174554ca0b07b5b26e505817a05142f571cf2abe67e790c30249c,direct-framework-reference,,android/hardware/camera2/CameraCharacteristics$Key,definition-present,yes-static,23,1,unknown,opencamera-evidence.json#/rows/257,False,unknown
opencamera,ca5672ca8c7174554ca0b07b5b26e505817a05142f571cf2abe67e790c30249c,direct-framework-reference,,android/hardware/camera2/CameraConstrainedHighSpeedCaptureSession,definition-present,unknown,1,0,unknown,opencamera-evidence.json#/rows/258,False,unknown
opencamera,ca5672ca8c7174554ca0b07b5b26e505817a05142f571cf2abe67e790c30249c,direct-framework-reference,,android/hardware/camera2/CameraDevice,definition-present,unknown,34,0,unknown,opencamera-evidence.json#/rows/259,False,unknown
opencamera,ca5672ca8c7174554ca0b07b5b26e505817a05142f571cf2abe67e790c30249c,direct-framework-reference,,android/hardware/camera2/CameraDevice$StateCallback,definition-present,unknown,2,0,unknown,opencamera-evidence.json#/rows/260,False,unknown
opencamera,ca5672ca8c7174554ca0b07b5b26e505817a05142f571cf2abe67e790c30249c,direct-framework-reference,,android/hardware/camera2/CameraExtensionCharacteristics,definition-present,unknown,9,0,unknown,opencamera-evidence.json#/rows/261,False,unknown
opencamera,ca5672ca8c7174554ca0b07b5b26e505817a05142f571cf2abe67e790c30249c,direct-framework-reference,,android/hardware/camera2/CameraExtensionSession,definition-present,unknown,18,0,unknown,opencamera-evidence.json#/rows/262,False,unknown
opencamera,ca5672ca8c7174554ca0b07b5b26e505817a05142f571cf2abe67e790c30249c,direct-framework-reference,,android/hardware/camera2/CameraExtensionSession$ExtensionCaptureCallback,definition-present,unknown,11,0,unknown,opencamera-evidence.json#/rows/263,False,unknown
opencamera,ca5672ca8c7174554ca0b07b5b26e505817a05142f571cf2abe67e790c30249c,direct-framework-reference,,android/hardware/camera2/CameraExtensionSession$StateCallback,definition-present,unknown,3,0,unknown,opencamera-evidence.json#/rows/264,False,unknown
opencamera,ca5672ca8c7174554ca0b07b5b26e505817a05142f571cf2abe67e790c30249c,direct-framework-reference,,android/hardware/camera2/CameraManager,definition-present,yes-static,11,2,unknown,opencamera-evidence.json#/rows/265,False,unknown
opencamera,ca5672ca8c7174554ca0b07b5b26e505817a05142f571cf2abe67e790c30249c,direct-framework-reference,,android/hardware/camera2/CaptureFailure,definition-present,unknown,1,0,unknown,opencamera-evidence.json#/rows/266,False,unknown
opencamera,ca5672ca8c7174554ca0b07b5b26e505817a05142f571cf2abe67e790c30249c,direct-framework-reference,,android/hardware/camera2/CaptureRequest,definition-present,unknown,89,0,unknown,opencamera-evidence.json#/rows/267,False,unknown
opencamera,ca5672ca8c7174554ca0b07b5b26e505817a05142f571cf2abe67e790c30249c,direct-framework-reference,,android/hardware/camera2/CaptureRequest$Builder,definition-present,unknown,93,0,unknown,opencamera-evidence.json#/rows/268,False,unknown
opencamera,ca5672ca8c7174554ca0b07b5b26e505817a05142f571cf2abe67e790c30249c,direct-framework-reference,,android/hardware/camera2/CaptureRequest$Key,definition-present,unknown,58,0,unknown,opencamera-evidence.json#/rows/269,False,unknown
opencamera,ca5672ca8c7174554ca0b07b5b26e505817a05142f571cf2abe67e790c30249c,direct-framework-reference,,android/hardware/camera2/CaptureResult,definition-present,unknown,15,0,unknown,opencamera-evidence.json#/rows/270,False,unknown
opencamera,ca5672ca8c7174554ca0b07b5b26e505817a05142f571cf2abe67e790c30249c,direct-framework-reference,,android/hardware/camera2/CaptureResult$Key,definition-present,unknown,8,0,unknown,opencamera-evidence.json#/rows/271,False,unknown
opencamera,ca5672ca8c7174554ca0b07b5b26e505817a05142f571cf2abe67e790c30249c,direct-framework-reference,,android/hardware/camera2/DngCreator,definition-present,unknown,4,0,unknown,opencamera-evidence.json#/rows/272,False,unknown
opencamera,ca5672ca8c7174554ca0b07b5b26e505817a05142f571cf2abe67e790c30249c,direct-framework-reference,,android/hardware/camera2/TotalCaptureResult,definition-present,unknown,1,0,unknown,opencamera-evidence.json#/rows/273,False,unknown
opencamera,ca5672ca8c7174554ca0b07b5b26e505817a05142f571cf2abe67e790c30249c,direct-framework-reference,,android/hardware/camera2/params/ColorSpaceTransform,definition-present,unknown,1,0,unknown,opencamera-evidence.json#/rows/274,False,unknown
opencamera,ca5672ca8c7174554ca0b07b5b26e505817a05142f571cf2abe67e790c30249c,direct-framework-reference,,android/hardware/camera2/params/DynamicRangeProfiles,definition-present,unknown,3,0,unknown,opencamera-evidence.json#/rows/275,False,unknown
opencamera,ca5672ca8c7174554ca0b07b5b26e505817a05142f571cf2abe67e790c30249c,direct-framework-reference,,android/hardware/camera2/params/ExtensionSessionConfiguration,definition-present,unknown,6,0,unknown,opencamera-evidence.json#/rows/276,False,unknown
opencamera,ca5672ca8c7174554ca0b07b5b26e505817a05142f571cf2abe67e790c30249c,direct-framework-reference,,android/hardware/camera2/params/Face,definition-present,unknown,3,0,unknown,opencamera-evidence.json#/rows/277,False,unknown
opencamera,ca5672ca8c7174554ca0b07b5b26e505817a05142f571cf2abe67e790c30249c,direct-framework-reference,,android/hardware/camera2/params/MeteringRectangle,definition-present,unknown,8,0,unknown,opencamera-evidence.json#/rows/278,False,unknown
opencamera,ca5672ca8c7174554ca0b07b5b26e505817a05142f571cf2abe67e790c30249c,direct-framework-reference,,android/hardware/camera2/params/OutputConfiguration,definition-present,unknown,3,0,unknown,opencamera-evidence.json#/rows/279,False,unknown
opencamera,ca5672ca8c7174554ca0b07b5b26e505817a05142f571cf2abe67e790c30249c,direct-framework-reference,,android/hardware/camera2/params/RggbChannelVector,definition-present,unknown,6,0,unknown,opencamera-evidence.json#/rows/280,False,unknown
opencamera,ca5672ca8c7174554ca0b07b5b26e505817a05142f571cf2abe67e790c30249c,direct-framework-reference,,android/hardware/camera2/params/SessionConfiguration,definition-present,unknown,8,0,unknown,opencamera-evidence.json#/rows/281,False,unknown
opencamera,ca5672ca8c7174554ca0b07b5b26e505817a05142f571cf2abe67e790c30249c,direct-framework-reference,,android/hardware/camera2/params/StreamConfigurationMap,definition-present,unknown,1,0,unknown,opencamera-evidence.json#/rows/282,False,unknown
opencamera,ca5672ca8c7174554ca0b07b5b26e505817a05142f571cf2abe67e790c30249c,direct-framework-reference,,android/hardware/camera2/params/TonemapCurve,definition-present,unknown,2,0,unknown,opencamera-evidence.json#/rows/283,False,unknown
opencamera,ca5672ca8c7174554ca0b07b5b26e505817a05142f571cf2abe67e790c30249c,direct-framework-reference,,android/hardware/display/DisplayManager,definition-present,yes-static,7,1,unknown,opencamera-evidence.json#/rows/284,False,unknown
opencamera,ca5672ca8c7174554ca0b07b5b26e505817a05142f571cf2abe67e790c30249c,direct-framework-reference,,android/hardware/fingerprint/FingerprintManager,definition-present,unknown,8,0,unknown,opencamera-evidence.json#/rows/285,False,unknown
opencamera,ca5672ca8c7174554ca0b07b5b26e505817a05142f571cf2abe67e790c30249c,direct-framework-reference,,android/hardware/fingerprint/FingerprintManager$AuthenticationCallback,definition-present,unknown,3,0,unknown,opencamera-evidence.json#/rows/286,False,unknown
opencamera,ca5672ca8c7174554ca0b07b5b26e505817a05142f571cf2abe67e790c30249c,direct-framework-reference,,android/hardware/fingerprint/FingerprintManager$AuthenticationResult,definition-present,unknown,1,0,unknown,opencamera-evidence.json#/rows/287,False,unknown
opencamera,ca5672ca8c7174554ca0b07b5b26e505817a05142f571cf2abe67e790c30249c,direct-framework-reference,,android/hardware/fingerprint/FingerprintManager$CryptoObject,definition-present,unknown,7,0,unknown,opencamera-evidence.json#/rows/288,False,unknown
opencamera,ca5672ca8c7174554ca0b07b5b26e505817a05142f571cf2abe67e790c30249c,direct-framework-reference,,android/hardware/input/InputManager,definition-present,unknown,1,0,unknown,opencamera-evidence.json#/rows/289,False,unknown
opencamera,ca5672ca8c7174554ca0b07b5b26e505817a05142f571cf2abe67e790c30249c,direct-framework-reference,,android/hardware/usb/UsbManager,definition-present,unknown,1,0,unknown,opencamera-evidence.json#/rows/290,False,unknown
opencamera,ca5672ca8c7174554ca0b07b5b26e505817a05142f571cf2abe67e790c30249c,direct-framework-reference,,android/icu/number/FormattedNumber,definition-present,unknown,1,0,unknown,opencamera-evidence.json#/rows/291,False,unknown
opencamera,ca5672ca8c7174554ca0b07b5b26e505817a05142f571cf2abe67e790c30249c,direct-framework-reference,,android/icu/number/LocalizedNumberFormatter,definition-present,unknown,1,0,unknown,opencamera-evidence.json#/rows/292,False,unknown
opencamera,ca5672ca8c7174554ca0b07b5b26e505817a05142f571cf2abe67e790c30249c,direct-framework-reference,,android/icu/number/NumberFormatter,definition-present,unknown,1,0,unknown,opencamera-evidence.json#/rows/293,False,unknown
opencamera,ca5672ca8c7174554ca0b07b5b26e505817a05142f571cf2abe67e790c30249c,direct-framework-reference,,android/icu/number/NumberFormatterSettings,definition-present,unknown,1,0,unknown,opencamera-evidence.json#/rows/294,False,unknown
opencamera,ca5672ca8c7174554ca0b07b5b26e505817a05142f571cf2abe67e790c30249c,direct-framework-reference,,android/icu/number/UnlocalizedNumberFormatter,definition-present,unknown,1,0,unknown,opencamera-evidence.json#/rows/295,False,unknown
opencamera,ca5672ca8c7174554ca0b07b5b26e505817a05142f571cf2abe67e790c30249c,direct-framework-reference,,android/icu/text/DateFormat$HourCycle,definition-present,unknown,9,0,unknown,opencamera-evidence.json#/rows/296,False,unknown
opencamera,ca5672ca8c7174554ca0b07b5b26e505817a05142f571cf2abe67e790c30249c,direct-framework-reference,,android/icu/text/DateTimePatternGenerator,definition-present,unknown,1,0,unknown,opencamera-evidence.json#/rows/297,False,unknown
opencamera,ca5672ca8c7174554ca0b07b5b26e505817a05142f571cf2abe67e790c30249c,direct-framework-reference,,android/icu/text/DecimalFormatSymbols,definition-present,yes-static,3,3,unknown,opencamera-evidence.json#/rows/298,False,unknown
opencamera,ca5672ca8c7174554ca0b07b5b26e505817a05142f571cf2abe67e790c30249c,direct-framework-reference,,android/icu/util/Calendar,definition-present,unknown,1,0,unknown,opencamera-evidence.json#/rows/299,False,unknown
opencamera,ca5672ca8c7174554ca0b07b5b26e505817a05142f571cf2abe67e790c30249c,direct-framework-reference,,android/icu/util/MeasureUnit,definition-present,unknown,1,0,unknown,opencamera-evidence.json#/rows/300,False,unknown
opencamera,ca5672ca8c7174554ca0b07b5b26e505817a05142f571cf2abe67e790c30249c,direct-framework-reference,,android/icu/util/ULocale,definition-present,unknown,4,0,unknown,opencamera-evidence.json#/rows/301,False,unknown
opencamera,ca5672ca8c7174554ca0b07b5b26e505817a05142f571cf2abe67e790c30249c,direct-framework-reference,,android/location/GnssMeasurementsEvent,definition-present,unknown,5,0,unknown,opencamera-evidence.json#/rows/302,False,unknown
opencamera,ca5672ca8c7174554ca0b07b5b26e505817a05142f571cf2abe67e790c30249c,direct-framework-reference,,android/location/GnssMeasurementsEvent$Callback,definition-present,unknown,14,0,unknown,opencamera-evidence.json#/rows/303,False,unknown
opencamera,ca5672ca8c7174554ca0b07b5b26e505817a05142f571cf2abe67e790c30249c,direct-framework-reference,,android/location/GnssStatus,definition-present,unknown,37,0,unknown,opencamera-evidence.json#/rows/304,False,unknown
opencamera,ca5672ca8c7174554ca0b07b5b26e505817a05142f571cf2abe67e790c30249c,direct-framework-reference,,android/location/GnssStatus$Callback,definition-present,unknown,5,0,unknown,opencamera-evidence.json#/rows/305,False,unknown
opencamera,ca5672ca8c7174554ca0b07b5b26e505817a05142f571cf2abe67e790c30249c,direct-framework-reference,,android/location/GpsSatellite,definition-present,unknown,11,0,unknown,opencamera-evidence.json#/rows/306,False,unknown
opencamera,ca5672ca8c7174554ca0b07b5b26e505817a05142f571cf2abe67e790c30249c,direct-framework-reference,,android/location/GpsStatus,definition-present,unknown,7,0,unknown,opencamera-evidence.json#/rows/307,False,unknown
opencamera,ca5672ca8c7174554ca0b07b5b26e505817a05142f571cf2abe67e790c30249c,direct-framework-reference,,android/location/Location,definition-present,yes-static,115,2,unknown,opencamera-evidence.json#/rows/308,False,unknown
opencamera,ca5672ca8c7174554ca0b07b5b26e505817a05142f571cf2abe67e790c30249c,direct-framework-reference,,android/location/LocationListener,definition-present,yes-static,12,2,unknown,opencamera-evidence.json#/rows/309,False,unknown
opencamera,ca5672ca8c7174554ca0b07b5b26e505817a05142f571cf2abe67e790c30249c,direct-framework-reference,,android/location/LocationManager,definition-present,yes-static,44,4,unknown,opencamera-evidence.json#/rows/310,False,unknown
opencamera,ca5672ca8c7174554ca0b07b5b26e505817a05142f571cf2abe67e790c30249c,direct-framework-reference,,android/location/LocationProvider,definition-present,unknown,1,0,unknown,opencamera-evidence.json#/rows/311,False,unknown
opencamera,ca5672ca8c7174554ca0b07b5b26e505817a05142f571cf2abe67e790c30249c,direct-framework-reference,,android/location/LocationRequest,definition-present,unknown,10,0,unknown,opencamera-evidence.json#/rows/312,False,unknown
opencamera,ca5672ca8c7174554ca0b07b5b26e505817a05142f571cf2abe67e790c30249c,direct-framework-reference,,android/location/LocationRequest$Builder,definition-present,unknown,1,0,unknown,opencamera-evidence.json#/rows/313,False,unknown
opencamera,ca5672ca8c7174554ca0b07b5b26e505817a05142f571cf2abe67e790c30249c,direct-framework-reference,,android/media/AudioAttributes,definition-present,yes-static,37,1,unknown,opencamera-evidence.json#/rows/314,False,unknown
opencamera,ca5672ca8c7174554ca0b07b5b26e505817a05142f571cf2abe67e790c30249c,direct-framework-reference,,android/media/AudioAttributes$Builder,definition-present,yes-static,10,1,unknown,opencamera-evidence.json#/rows/315,False,unknown
opencamera,ca5672ca8c7174554ca0b07b5b26e505817a05142f571cf2abe67e790c30249c,direct-framework-reference,,android/media/AudioManager,definition-present,unknown,14,0,unknown,opencamera-evidence.json#/rows/316,False,unknown
opencamera,ca5672ca8c7174554ca0b07b5b26e505817a05142f571cf2abe67e790c30249c,direct-framework-reference,,android/media/AudioRecord,definition-present,yes-static,6,1,unknown,opencamera-evidence.json#/rows/317,False,unknown
opencamera,ca5672ca8c7174554ca0b07b5b26e505817a05142f571cf2abe67e790c30249c,direct-framework-reference,,android/media/CamcorderProfile,definition-present,yes-static,9,6,unknown,opencamera-evidence.json#/rows/318,False,unknown
opencamera,ca5672ca8c7174554ca0b07b5b26e505817a05142f571cf2abe67e790c30249c,direct-framework-reference,,android/media/Image,definition-present,unknown,6,0,unknown,opencamera-evidence.json#/rows/319,False,unknown
opencamera,ca5672ca8c7174554ca0b07b5b26e505817a05142f571cf2abe67e790c30249c,direct-framework-reference,,android/media/Image$Plane,definition-present,unknown,1,0,unknown,opencamera-evidence.json#/rows/320,False,unknown
opencamera,ca5672ca8c7174554ca0b07b5b26e505817a05142f571cf2abe67e790c30249c,direct-framework-reference,,android/media/ImageReader,definition-present,unknown,11,0,unknown,opencamera-evidence.json#/rows/321,False,unknown
opencamera,ca5672ca8c7174554ca0b07b5b26e505817a05142f571cf2abe67e790c30249c,direct-framework-reference,,android/media/MediaActionSound,definition-present,unknown,2,0,unknown,opencamera-evidence.json#/rows/322,False,unknown
opencamera,ca5672ca8c7174554ca0b07b5b26e505817a05142f571cf2abe67e790c30249c,direct-framework-reference,,android/media/MediaCodec,definition-present,unknown,2,0,unknown,opencamera-evidence.json#/rows/323,False,unknown
opencamera,ca5672ca8c7174554ca0b07b5b26e505817a05142f571cf2abe67e790c30249c,direct-framework-reference,,android/media/MediaCodec$BufferInfo,definition-present,unknown,1,0,unknown,opencamera-evidence.json#/rows/324,False,unknown
opencamera,ca5672ca8c7174554ca0b07b5b26e505817a05142f571cf2abe67e790c30249c,direct-framework-reference,,android/media/MediaCodecInfo,definition-present,unknown,1,0,unknown,opencamera-evidence.json#/rows/325,False,unknown
opencamera,ca5672ca8c7174554ca0b07b5b26e505817a05142f571cf2abe67e790c30249c,direct-framework-reference,,android/media/MediaCodecInfo$CodecCapabilities,definition-present,unknown,1,0,unknown,opencamera-evidence.json#/rows/326,False,unknown
opencamera,ca5672ca8c7174554ca0b07b5b26e505817a05142f571cf2abe67e790c30249c,direct-framework-reference,,android/media/MediaCodecInfo$VideoCapabilities,definition-present,unknown,1,0,unknown,opencamera-evidence.json#/rows/327,False,unknown
opencamera,ca5672ca8c7174554ca0b07b5b26e505817a05142f571cf2abe67e790c30249c,direct-framework-reference,,android/media/MediaCodecList,definition-present,unknown,1,0,unknown,opencamera-evidence.json#/rows/328,False,unknown
opencamera,ca5672ca8c7174554ca0b07b5b26e505817a05142f571cf2abe67e790c30249c,direct-framework-reference,,android/media/MediaCrypto,definition-present,unknown,1,0,unknown,opencamera-evidence.json#/rows/329,False,unknown
opencamera,ca5672ca8c7174554ca0b07b5b26e505817a05142f571cf2abe67e790c30249c,direct-framework-reference,,android/media/MediaDataSource,definition-present,unknown,3,0,unknown,opencamera-evidence.json#/rows/330,False,unknown
opencamera,ca5672ca8c7174554ca0b07b5b26e505817a05142f571cf2abe67e790c30249c,direct-framework-reference,,android/media/MediaDescription,definition-present,unknown,14,0,unknown,opencamera-evidence.json#/rows/331,False,unknown
opencamera,ca5672ca8c7174554ca0b07b5b26e505817a05142f571cf2abe67e790c30249c,direct-framework-reference,,android/media/MediaDescription$Builder,definition-present,unknown,10,0,unknown,opencamera-evidence.json#/rows/332,False,unknown
opencamera,ca5672ca8c7174554ca0b07b5b26e505817a05142f571cf2abe67e790c30249c,direct-framework-reference,,android/media/MediaDrm,definition-present,yes-static,2,1,unknown,opencamera-evidence.json#/rows/333,False,unknown
opencamera,ca5672ca8c7174554ca0b07b5b26e505817a05142f571cf2abe67e790c30249c,direct-framework-reference,,android/media/MediaFormat,definition-present,unknown,2,0,unknown,opencamera-evidence.json#/rows/334,False,unknown
opencamera,ca5672ca8c7174554ca0b07b5b26e505817a05142f571cf2abe67e790c30249c,direct-framework-reference,,android/media/MediaMetadata,definition-present,unknown,10,0,unknown,opencamera-evidence.json#/rows/335,False,unknown
opencamera,ca5672ca8c7174554ca0b07b5b26e505817a05142f571cf2abe67e790c30249c,direct-framework-reference,,android/media/MediaMetadata$Builder,definition-present,unknown,7,0,unknown,opencamera-evidence.json#/rows/336,False,unknown
opencamera,ca5672ca8c7174554ca0b07b5b26e505817a05142f571cf2abe67e790c30249c,direct-framework-reference,,android/media/MediaMetadataEditor,definition-present,unknown,1,0,unknown,opencamera-evidence.json#/rows/337,False,unknown
opencamera,ca5672ca8c7174554ca0b07b5b26e505817a05142f571cf2abe67e790c30249c,direct-framework-reference,,android/media/MediaMetadataRetriever,definition-present,yes-static,6,1,unknown,opencamera-evidence.json#/rows/338,False,unknown
opencamera,ca5672ca8c7174554ca0b07b5b26e505817a05142f571cf2abe67e790c30249c,direct-framework-reference,,android/media/MediaMuxer,definition-present,unknown,4,0,unknown,opencamera-evidence.json#/rows/339,False,unknown
opencamera,ca5672ca8c7174554ca0b07b5b26e505817a05142f571cf2abe67e790c30249c,direct-framework-reference,,android/media/MediaPlayer,definition-present,unknown,1,0,unknown,opencamera-evidence.json#/rows/340,False,unknown
opencamera,ca5672ca8c7174554ca0b07b5b26e505817a05142f571cf2abe67e790c30249c,direct-framework-reference,,android/media/MediaRecorder,definition-present,yes-static,25,4,unknown,opencamera-evidence.json#/rows/341,False,unknown
opencamera,ca5672ca8c7174554ca0b07b5b26e505817a05142f571cf2abe67e790c30249c,direct-framework-reference,,android/media/MediaRouter,definition-present,unknown,1,0,unknown,opencamera-evidence.json#/rows/342,False,unknown
opencamera,ca5672ca8c7174554ca0b07b5b26e505817a05142f571cf2abe67e790c30249c,direct-framework-reference,,android/media/MediaScannerConnection,definition-present,unknown,1,0,unknown,opencamera-evidence.json#/rows/343,False,unknown
opencamera,ca5672ca8c7174554ca0b07b5b26e505817a05142f571cf2abe67e790c30249c,direct-framework-reference,,android/media/MediaScannerConnection$OnScanCompletedListener,definition-present,unknown,1,0,unknown,opencamera-evidence.json#/rows/344,False,unknown
opencamera,ca5672ca8c7174554ca0b07b5b26e505817a05142f571cf2abe67e790c30249c,direct-framework-reference,,android/media/Rating,definition-present,unknown,6,0,unknown,opencamera-evidence.json#/rows/345,False,unknown
opencamera,ca5672ca8c7174554ca0b07b5b26e505817a05142f571cf2abe67e790c30249c,direct-framework-reference,,android/media/RemoteControlClient,definition-present,unknown,8,0,unknown,opencamera-evidence.json#/rows/346,False,unknown
opencamera,ca5672ca8c7174554ca0b07b5b26e505817a05142f571cf2abe67e790c30249c,direct-framework-reference,,android/media/RemoteControlClient$MetadataEditor,definition-present,unknown,3,0,unknown,opencamera-evidence.json#/rows/347,False,unknown
opencamera,ca5672ca8c7174554ca0b07b5b26e505817a05142f571cf2abe67e790c30249c,direct-framework-reference,,android/media/SoundPool,definition-present,yes-static,4,2,unknown,opencamera-evidence.json#/rows/348,False,unknown
opencamera,ca5672ca8c7174554ca0b07b5b26e505817a05142f571cf2abe67e790c30249c,direct-framework-reference,,android/media/SoundPool$Builder,definition-present,yes-static,1,1,unknown,opencamera-evidence.json#/rows/349,False,unknown
opencamera,ca5672ca8c7174554ca0b07b5b26e505817a05142f571cf2abe67e790c30249c,direct-framework-reference,,android/media/VolumeProvider,definition-present,unknown,3,0,unknown,opencamera-evidence.json#/rows/350,False,unknown
opencamera,ca5672ca8c7174554ca0b07b5b26e505817a05142f571cf2abe67e790c30249c,direct-framework-reference,,android/media/browse/MediaBrowser,definition-present,unknown,15,0,unknown,opencamera-evidence.json#/rows/351,False,unknown
opencamera,ca5672ca8c7174554ca0b07b5b26e505817a05142f571cf2abe67e790c30249c,direct-framework-reference,,android/media/browse/MediaBrowser$ConnectionCallback,definition-present,unknown,2,0,unknown,opencamera-evidence.json#/rows/352,False,unknown
opencamera,ca5672ca8c7174554ca0b07b5b26e505817a05142f571cf2abe67e790c30249c,direct-framework-reference,,android/media/browse/MediaBrowser$ItemCallback,definition-present,unknown,2,0,unknown,opencamera-evidence.json#/rows/353,False,unknown
opencamera,ca5672ca8c7174554ca0b07b5b26e505817a05142f571cf2abe67e790c30249c,direct-framework-reference,,android/media/browse/MediaBrowser$MediaItem,definition-present,unknown,6,0,unknown,opencamera-evidence.json#/rows/354,False,unknown
opencamera,ca5672ca8c7174554ca0b07b5b26e505817a05142f571cf2abe67e790c30249c,direct-framework-reference,,android/media/browse/MediaBrowser$SubscriptionCallback,definition-present,unknown,6,0,unknown,opencamera-evidence.json#/rows/355,False,unknown
opencamera,ca5672ca8c7174554ca0b07b5b26e505817a05142f571cf2abe67e790c30249c,direct-framework-reference,,android/media/projection/MediaProjectionManager,definition-present,unknown,1,0,unknown,opencamera-evidence.json#/rows/356,False,unknown
opencamera,ca5672ca8c7174554ca0b07b5b26e505817a05142f571cf2abe67e790c30249c,direct-framework-reference,,android/media/session/MediaController,definition-present,unknown,21,0,unknown,opencamera-evidence.json#/rows/357,False,unknown
opencamera,ca5672ca8c7174554ca0b07b5b26e505817a05142f571cf2abe67e790c30249c,direct-framework-reference,,android/media/session/MediaController$Callback,definition-present,unknown,3,0,unknown,opencamera-evidence.json#/rows/358,False,unknown
opencamera,ca5672ca8c7174554ca0b07b5b26e505817a05142f571cf2abe67e790c30249c,direct-framework-reference,,android/media/session/MediaController$PlaybackInfo,definition-present,unknown,7,0,unknown,opencamera-evidence.json#/rows/359,False,unknown
opencamera,ca5672ca8c7174554ca0b07b5b26e505817a05142f571cf2abe67e790c30249c,direct-framework-reference,,android/media/session/MediaController$TransportControls,definition-present,unknown,23,0,unknown,opencamera-evidence.json#/rows/360,False,unknown
opencamera,ca5672ca8c7174554ca0b07b5b26e505817a05142f571cf2abe67e790c30249c,direct-framework-reference,,android/media/session/MediaSession,definition-present,unknown,22,0,unknown,opencamera-evidence.json#/rows/361,False,unknown
opencamera,ca5672ca8c7174554ca0b07b5b26e505817a05142f571cf2abe67e790c30249c,direct-framework-reference,,android/media/session/MediaSession$Callback,definition-present,unknown,3,0,unknown,opencamera-evidence.json#/rows/362,False,unknown
opencamera,ca5672ca8c7174554ca0b07b5b26e505817a05142f571cf2abe67e790c30249c,direct-framework-reference,,android/media/session/MediaSession$QueueItem,definition-present,unknown,4,0,unknown,opencamera-evidence.json#/rows/363,False,unknown
opencamera,ca5672ca8c7174554ca0b07b5b26e505817a05142f571cf2abe67e790c30249c,direct-framework-reference,,android/media/session/MediaSession$Token,definition-present,unknown,7,0,unknown,opencamera-evidence.json#/rows/364,False,unknown
opencamera,ca5672ca8c7174554ca0b07b5b26e505817a05142f571cf2abe67e790c30249c,direct-framework-reference,,android/media/session/MediaSessionManager,definition-present,unknown,4,0,unknown,opencamera-evidence.json#/rows/365,False,unknown
opencamera,ca5672ca8c7174554ca0b07b5b26e505817a05142f571cf2abe67e790c30249c,direct-framework-reference,,android/media/session/MediaSessionManager$RemoteUserInfo,definition-present,unknown,19,0,unknown,opencamera-evidence.json#/rows/366,False,unknown
opencamera,ca5672ca8c7174554ca0b07b5b26e505817a05142f571cf2abe67e790c30249c,direct-framework-reference,,android/media/session/PlaybackState,definition-present,unknown,14,0,unknown,opencamera-evidence.json#/rows/367,False,unknown
opencamera,ca5672ca8c7174554ca0b07b5b26e505817a05142f571cf2abe67e790c30249c,direct-framework-reference,,android/media/session/PlaybackState$Builder,definition-present,unknown,2,0,unknown,opencamera-evidence.json#/rows/368,False,unknown
opencamera,ca5672ca8c7174554ca0b07b5b26e505817a05142f571cf2abe67e790c30249c,direct-framework-reference,,android/media/session/PlaybackState$CustomAction,definition-present,unknown,7,0,unknown,opencamera-evidence.json#/rows/369,False,unknown
opencamera,ca5672ca8c7174554ca0b07b5b26e505817a05142f571cf2abe67e790c30249c,direct-framework-reference,,android/media/session/PlaybackState$CustomAction$Builder,definition-present,unknown,1,0,unknown,opencamera-evidence.json#/rows/370,False,unknown
opencamera,ca5672ca8c7174554ca0b07b5b26e505817a05142f571cf2abe67e790c30249c,direct-framework-reference,,android/media/tv/TvInputManager,definition-present,unknown,1,0,unknown,opencamera-evidence.json#/rows/371,False,unknown
opencamera,ca5672ca8c7174554ca0b07b5b26e505817a05142f571cf2abe67e790c30249c,direct-framework-reference,,android/net/ConnectivityManager,definition-present,unknown,5,0,unknown,opencamera-evidence.json#/rows/372,False,unknown
opencamera,ca5672ca8c7174554ca0b07b5b26e505817a05142f571cf2abe67e790c30249c,direct-framework-reference,,android/net/NetworkInfo,definition-present,unknown,1,0,unknown,opencamera-evidence.json#/rows/373,False,unknown
opencamera,ca5672ca8c7174554ca0b07b5b26e505817a05142f571cf2abe67e790c30249c,direct-framework-reference,,android/net/TrafficStats,definition-present,unknown,11,0,unknown,opencamera-evidence.json#/rows/374,False,unknown
opencamera,ca5672ca8c7174554ca0b07b5b26e505817a05142f571cf2abe67e790c30249c,direct-framework-reference,,android/net/Uri,definition-present,yes-static,350,26,unknown,opencamera-evidence.json#/rows/375,False,unknown
opencamera,ca5672ca8c7174554ca0b07b5b26e505817a05142f571cf2abe67e790c30249c,direct-framework-reference,,android/net/Uri$Builder,definition-present,yes-static,5,2,unknown,opencamera-evidence.json#/rows/376,False,unknown
opencamera,ca5672ca8c7174554ca0b07b5b26e505817a05142f571cf2abe67e790c30249c,direct-framework-reference,,android/net/nsd/NsdManager,definition-absent,unknown,1,0,unresolvable-in-scanned-inputs,opencamera-evidence.json#/rows/377,False,unknown
opencamera,ca5672ca8c7174554ca0b07b5b26e505817a05142f571cf2abe67e790c30249c,direct-framework-reference,,android/net/wifi/WifiManager,definition-present,unknown,1,0,unknown,opencamera-evidence.json#/rows/378,False,unknown
opencamera,ca5672ca8c7174554ca0b07b5b26e505817a05142f571cf2abe67e790c30249c,direct-framework-reference,,android/net/wifi/p2p/WifiP2pManager,definition-absent,unknown,1,0,unresolvable-in-scanned-inputs,opencamera-evidence.json#/rows/379,False,unknown
opencamera,ca5672ca8c7174554ca0b07b5b26e505817a05142f571cf2abe67e790c30249c,direct-framework-reference,,android/nfc/NfcManager,definition-present,unknown,1,0,unknown,opencamera-evidence.json#/rows/380,False,unknown
opencamera,ca5672ca8c7174554ca0b07b5b26e505817a05142f571cf2abe67e790c30249c,direct-framework-reference,,android/os/AsyncTask,definition-present,yes-static,20,5,unknown,opencamera-evidence.json#/rows/381,False,unknown
opencamera,ca5672ca8c7174554ca0b07b5b26e505817a05142f571cf2abe67e790c30249c,direct-framework-reference,,android/os/BadParcelableException,definition-present,unknown,4,0,unknown,opencamera-evidence.json#/rows/382,False,unknown
opencamera,ca5672ca8c7174554ca0b07b5b26e505817a05142f571cf2abe67e790c30249c,direct-framework-reference,,android/os/BatteryManager,definition-present,unknown,1,0,unknown,opencamera-evidence.json#/rows/383,False,unknown
opencamera,ca5672ca8c7174554ca0b07b5b26e505817a05142f571cf2abe67e790c30249c,direct-framework-reference,,android/os/Binder,definition-present,unknown,23,0,unknown,opencamera-evidence.json#/rows/384,False,unknown
opencamera,ca5672ca8c7174554ca0b07b5b26e505817a05142f571cf2abe67e790c30249c,direct-framework-reference,,android/os/Build,definition-present,yes-static,9,2,unknown,opencamera-evidence.json#/rows/385,False,unknown
opencamera,ca5672ca8c7174554ca0b07b5b26e505817a05142f571cf2abe67e790c30249c,direct-framework-reference,,android/os/Build$VERSION,definition-present,yes-static,705,75,unknown,opencamera-evidence.json#/rows/386,False,unknown
opencamera,ca5672ca8c7174554ca0b07b5b26e505817a05142f571cf2abe67e790c30249c,direct-framework-reference,,android/os/Bundle,definition-present,yes-static,861,49,unknown,opencamera-evidence.json#/rows/387,False,unknown
opencamera,ca5672ca8c7174554ca0b07b5b26e505817a05142f571cf2abe67e790c30249c,direct-framework-reference,,android/os/CancellationSignal,definition-present,yes-static,42,5,unknown,opencamera-evidence.json#/rows/388,False,unknown
opencamera,ca5672ca8c7174554ca0b07b5b26e505817a05142f571cf2abe67e790c30249c,direct-framework-reference,,android/os/DropBoxManager,definition-present,unknown,1,0,unknown,opencamera-evidence.json#/rows/389,False,unknown
opencamera,ca5672ca8c7174554ca0b07b5b26e505817a05142f571cf2abe67e790c30249c,direct-framework-reference,,android/os/Environment,definition-present,yes-static,9,2,unknown,opencamera-evidence.json#/rows/390,False,unknown
opencamera,ca5672ca8c7174554ca0b07b5b26e505817a05142f571cf2abe67e790c30249c,direct-framework-reference,,android/os/Handler,definition-present,yes-static,292,38,unknown,opencamera-evidence.json#/rows/391,False,unknown
opencamera,ca5672ca8c7174554ca0b07b5b26e505817a05142f571cf2abe67e790c30249c,direct-framework-reference,,android/os/Handler$Callback,definition-present,unknown,9,0,unknown,opencamera-evidence.json#/rows/392,False,unknown
opencamera,ca5672ca8c7174554ca0b07b5b26e505817a05142f571cf2abe67e790c30249c,direct-framework-reference,,android/os/HandlerThread,definition-present,unknown,7,0,unknown,opencamera-evidence.json#/rows/393,False,unknown
opencamera,ca5672ca8c7174554ca0b07b5b26e505817a05142f571cf2abe67e790c30249c,direct-framework-reference,,android/os/IBinder,definition-present,unknown,179,0,unknown,opencamera-evidence.json#/rows/394,False,unknown
opencamera,ca5672ca8c7174554ca0b07b5b26e505817a05142f571cf2abe67e790c30249c,direct-framework-reference,,android/os/IBinder$DeathRecipient,definition-present,unknown,6,0,unknown,opencamera-evidence.json#/rows/395,False,unknown
opencamera,ca5672ca8c7174554ca0b07b5b26e505817a05142f571cf2abe67e790c30249c,direct-framework-reference,,android/os/IInterface,definition-present,unknown,36,0,unknown,opencamera-evidence.json#/rows/396,False,unknown
opencamera,ca5672ca8c7174554ca0b07b5b26e505817a05142f571cf2abe67e790c30249c,direct-framework-reference,,android/os/LocaleList,definition-present,yes-static,51,14,unknown,opencamera-evidence.json#/rows/397,False,unknown
opencamera,ca5672ca8c7174554ca0b07b5b26e505817a05142f571cf2abe67e790c30249c,direct-framework-reference,,android/os/Looper,definition-present,yes-static,62,7,unknown,opencamera-evidence.json#/rows/398,False,unknown
opencamera,ca5672ca8c7174554ca0b07b5b26e505817a05142f571cf2abe67e790c30249c,direct-framework-reference,,android/os/Message,definition-present,unknown,37,0,unknown,opencamera-evidence.json#/rows/399,False,unknown
opencamera,ca5672ca8c7174554ca0b07b5b26e505817a05142f571cf2abe67e790c30249c,direct-framework-reference,,android/os/Messenger,definition-present,unknown,44,0,unknown,opencamera-evidence.json#/rows/400,False,unknown
opencamera,ca5672ca8c7174554ca0b07b5b26e505817a05142f571cf2abe67e790c30249c,direct-framework-reference,,android/os/NetworkOnMainThreadException,definition-present,unknown,2,0,unknown,opencamera-evidence.json#/rows/401,False,unknown
opencamera,ca5672ca8c7174554ca0b07b5b26e505817a05142f571cf2abe67e790c30249c,direct-framework-reference,,android/os/OperationCanceledException,definition-present,unknown,1,0,unknown,opencamera-evidence.json#/rows/402,False,unknown
opencamera,ca5672ca8c7174554ca0b07b5b26e505817a05142f571cf2abe67e790c30249c,direct-framework-reference,,android/os/OutcomeReceiver,definition-present,unknown,2,0,unknown,opencamera-evidence.json#/rows/403,False,unknown
opencamera,ca5672ca8c7174554ca0b07b5b26e505817a05142f571cf2abe67e790c30249c,direct-framework-reference,,android/os/Parcel,definition-present,unknown,314,0,unknown,opencamera-evidence.json#/rows/404,False,unknown
opencamera,ca5672ca8c7174554ca0b07b5b26e505817a05142f571cf2abe67e790c30249c,direct-framework-reference,,android/os/ParcelFileDescriptor,definition-present,yes-static,31,4,unknown,opencamera-evidence.json#/rows/405,False,unknown
opencamera,ca5672ca8c7174554ca0b07b5b26e505817a05142f571cf2abe67e790c30249c,direct-framework-reference,,android/os/Parcelable,definition-present,yes-static,214,6,unknown,opencamera-evidence.json#/rows/406,False,unknown
opencamera,ca5672ca8c7174554ca0b07b5b26e505817a05142f571cf2abe67e790c30249c,direct-framework-reference,,android/os/Parcelable$Creator,definition-present,yes-static,73,3,unknown,opencamera-evidence.json#/rows/407,False,unknown
opencamera,ca5672ca8c7174554ca0b07b5b26e505817a05142f571cf2abe67e790c30249c,direct-framework-reference,,android/os/PersistableBundle,definition-present,unknown,24,0,unknown,opencamera-evidence.json#/rows/408,False,unknown
opencamera,ca5672ca8c7174554ca0b07b5b26e505817a05142f571cf2abe67e790c30249c,direct-framework-reference,,android/os/PowerManager,definition-present,yes-static,6,1,unknown,opencamera-evidence.json#/rows/409,False,unknown
opencamera,ca5672ca8c7174554ca0b07b5b26e505817a05142f571cf2abe67e790c30249c,direct-framework-reference,,android/os/PowerManager$WakeLock,definition-present,unknown,6,0,unknown,opencamera-evidence.json#/rows/410,False,unknown
opencamera,ca5672ca8c7174554ca0b07b5b26e505817a05142f571cf2abe67e790c30249c,direct-framework-reference,,android/os/Process,definition-present,yes-static,11,2,unknown,opencamera-evidence.json#/rows/411,False,unknown
opencamera,ca5672ca8c7174554ca0b07b5b26e505817a05142f571cf2abe67e790c30249c,direct-framework-reference,,android/os/RemoteCallbackList,definition-present,unknown,22,0,unknown,opencamera-evidence.json#/rows/412,False,unknown
opencamera,ca5672ca8c7174554ca0b07b5b26e505817a05142f571cf2abe67e790c30249c,direct-framework-reference,,android/os/RemoteException,definition-present,unknown,1,0,unknown,opencamera-evidence.json#/rows/413,False,unknown
opencamera,ca5672ca8c7174554ca0b07b5b26e505817a05142f571cf2abe67e790c30249c,direct-framework-reference,,android/os/ResultReceiver,definition-present,unknown,18,0,unknown,opencamera-evidence.json#/rows/414,False,unknown
opencamera,ca5672ca8c7174554ca0b07b5b26e505817a05142f571cf2abe67e790c30249c,direct-framework-reference,,android/os/StatFs,definition-present,unknown,1,0,unknown,opencamera-evidence.json#/rows/415,False,unknown
opencamera,ca5672ca8c7174554ca0b07b5b26e505817a05142f571cf2abe67e790c30249c,direct-framework-reference,,android/os/StrictMode,definition-present,unknown,1,0,unknown,opencamera-evidence.json#/rows/416,False,unknown
opencamera,ca5672ca8c7174554ca0b07b5b26e505817a05142f571cf2abe67e790c30249c,direct-framework-reference,,android/os/StrictMode$ThreadPolicy,definition-present,unknown,1,0,unknown,opencamera-evidence.json#/rows/417,False,unknown
opencamera,ca5672ca8c7174554ca0b07b5b26e505817a05142f571cf2abe67e790c30249c,direct-framework-reference,,android/os/SystemClock,definition-present,yes-static,25,1,unknown,opencamera-evidence.json#/rows/418,False,unknown
opencamera,ca5672ca8c7174554ca0b07b5b26e505817a05142f571cf2abe67e790c30249c,direct-framework-reference,,android/os/Trace,definition-present,yes-static,19,1,unknown,opencamera-evidence.json#/rows/419,False,unknown
opencamera,ca5672ca8c7174554ca0b07b5b26e505817a05142f571cf2abe67e790c30249c,direct-framework-reference,,android/os/UserHandle,definition-present,unknown,9,0,unknown,opencamera-evidence.json#/rows/420,False,unknown
opencamera,ca5672ca8c7174554ca0b07b5b26e505817a05142f571cf2abe67e790c30249c,direct-framework-reference,,android/os/UserManager,definition-present,unknown,2,0,unknown,opencamera-evidence.json#/rows/421,False,unknown
opencamera,ca5672ca8c7174554ca0b07b5b26e505817a05142f571cf2abe67e790c30249c,direct-framework-reference,,android/os/Vibrator,definition-present,unknown,1,0,unknown,opencamera-evidence.json#/rows/422,False,unknown
opencamera,ca5672ca8c7174554ca0b07b5b26e505817a05142f571cf2abe67e790c30249c,direct-framework-reference,,android/os/ext/SdkExtensions,definition-present,unknown,2,0,unknown,opencamera-evidence.json#/rows/423,False,unknown
opencamera,ca5672ca8c7174554ca0b07b5b26e505817a05142f571cf2abe67e790c30249c,direct-framework-reference,,android/os/storage/StorageManager,definition-present,unknown,1,0,unknown,opencamera-evidence.json#/rows/424,False,unknown
opencamera,ca5672ca8c7174554ca0b07b5b26e505817a05142f571cf2abe67e790c30249c,direct-framework-reference,,android/preference/DialogPreference,definition-present,unknown,11,0,unknown,opencamera-evidence.json#/rows/425,False,unknown
opencamera,ca5672ca8c7174554ca0b07b5b26e505817a05142f571cf2abe67e790c30249c,direct-framework-reference,,android/preference/EditTextPreference,definition-present,unknown,1,0,unknown,opencamera-evidence.json#/rows/426,False,unknown
opencamera,ca5672ca8c7174554ca0b07b5b26e505817a05142f571cf2abe67e790c30249c,direct-framework-reference,,android/preference/ListPreference,definition-present,unknown,9,0,unknown,opencamera-evidence.json#/rows/427,False,unknown
opencamera,ca5672ca8c7174554ca0b07b5b26e505817a05142f571cf2abe67e790c30249c,direct-framework-reference,,android/preference/Preference,definition-present,unknown,47,0,unknown,opencamera-evidence.json#/rows/428,False,unknown
opencamera,ca5672ca8c7174554ca0b07b5b26e505817a05142f571cf2abe67e790c30249c,direct-framework-reference,,android/preference/Preference$BaseSavedState,definition-present,unknown,6,0,unknown,opencamera-evidence.json#/rows/429,False,unknown
opencamera,ca5672ca8c7174554ca0b07b5b26e505817a05142f571cf2abe67e790c30249c,direct-framework-reference,,android/preference/PreferenceFragment,definition-present,yes-static,15,1,unknown,opencamera-evidence.json#/rows/430,False,unknown
opencamera,ca5672ca8c7174554ca0b07b5b26e505817a05142f571cf2abe67e790c30249c,direct-framework-reference,,android/preference/PreferenceGroup,definition-present,unknown,9,0,unknown,opencamera-evidence.json#/rows/431,False,unknown
opencamera,ca5672ca8c7174554ca0b07b5b26e505817a05142f571cf2abe67e790c30249c,direct-framework-reference,,android/preference/PreferenceManager,definition-present,yes-static,103,23,unknown,opencamera-evidence.json#/rows/432,False,unknown
opencamera,ca5672ca8c7174554ca0b07b5b26e505817a05142f571cf2abe67e790c30249c,direct-framework-reference,,android/preference/PreferenceScreen,definition-present,unknown,1,0,unknown,opencamera-evidence.json#/rows/433,False,unknown
opencamera,ca5672ca8c7174554ca0b07b5b26e505817a05142f571cf2abe67e790c30249c,direct-framework-reference,,android/preference/TwoStatePreference,definition-present,unknown,1,0,unknown,opencamera-evidence.json#/rows/434,False,unknown
opencamera,ca5672ca8c7174554ca0b07b5b26e505817a05142f571cf2abe67e790c30249c,direct-framework-reference,,android/print/PageRange,definition-present,unknown,1,0,unknown,opencamera-evidence.json#/rows/435,False,unknown
opencamera,ca5672ca8c7174554ca0b07b5b26e505817a05142f571cf2abe67e790c30249c,direct-framework-reference,,android/print/PrintAttributes,definition-present,unknown,12,0,unknown,opencamera-evidence.json#/rows/436,False,unknown
opencamera,ca5672ca8c7174554ca0b07b5b26e505817a05142f571cf2abe67e790c30249c,direct-framework-reference,,android/print/PrintAttributes$Builder,definition-present,unknown,4,0,unknown,opencamera-evidence.json#/rows/437,False,unknown
opencamera,ca5672ca8c7174554ca0b07b5b26e505817a05142f571cf2abe67e790c30249c,direct-framework-reference,,android/print/PrintAttributes$Margins,definition-present,unknown,2,0,unknown,opencamera-evidence.json#/rows/438,False,unknown
opencamera,ca5672ca8c7174554ca0b07b5b26e505817a05142f571cf2abe67e790c30249c,direct-framework-reference,,android/print/PrintAttributes$MediaSize,definition-present,unknown,4,0,unknown,opencamera-evidence.json#/rows/439,False,unknown
opencamera,ca5672ca8c7174554ca0b07b5b26e505817a05142f571cf2abe67e790c30249c,direct-framework-reference,,android/print/PrintAttributes$Resolution,definition-present,unknown,1,0,unknown,opencamera-evidence.json#/rows/440,False,unknown
opencamera,ca5672ca8c7174554ca0b07b5b26e505817a05142f571cf2abe67e790c30249c,direct-framework-reference,,android/print/PrintDocumentAdapter,definition-present,unknown,5,0,unknown,opencamera-evidence.json#/rows/441,False,unknown
opencamera,ca5672ca8c7174554ca0b07b5b26e505817a05142f571cf2abe67e790c30249c,direct-framework-reference,,android/print/PrintDocumentAdapter$LayoutResultCallback,definition-present,unknown,5,0,unknown,opencamera-evidence.json#/rows/442,False,unknown
opencamera,ca5672ca8c7174554ca0b07b5b26e505817a05142f571cf2abe67e790c30249c,direct-framework-reference,,android/print/PrintDocumentAdapter$WriteResultCallback,definition-present,unknown,5,0,unknown,opencamera-evidence.json#/rows/443,False,unknown
opencamera,ca5672ca8c7174554ca0b07b5b26e505817a05142f571cf2abe67e790c30249c,direct-framework-reference,,android/print/PrintDocumentInfo,definition-present,unknown,3,0,unknown,opencamera-evidence.json#/rows/444,False,unknown
opencamera,ca5672ca8c7174554ca0b07b5b26e505817a05142f571cf2abe67e790c30249c,direct-framework-reference,,android/print/PrintDocumentInfo$Builder,definition-present,unknown,3,0,unknown,opencamera-evidence.json#/rows/445,False,unknown
opencamera,ca5672ca8c7174554ca0b07b5b26e505817a05142f571cf2abe67e790c30249c,direct-framework-reference,,android/print/PrintJob,definition-present,unknown,2,0,unknown,opencamera-evidence.json#/rows/446,False,unknown
opencamera,ca5672ca8c7174554ca0b07b5b26e505817a05142f571cf2abe67e790c30249c,direct-framework-reference,,android/print/PrintManager,definition-present,unknown,3,0,unknown,opencamera-evidence.json#/rows/447,False,unknown
opencamera,ca5672ca8c7174554ca0b07b5b26e505817a05142f571cf2abe67e790c30249c,direct-framework-reference,,android/print/pdf/PrintedPdfDocument,definition-present,unknown,1,0,unknown,opencamera-evidence.json#/rows/448,False,unknown
opencamera,ca5672ca8c7174554ca0b07b5b26e505817a05142f571cf2abe67e790c30249c,direct-framework-reference,,android/provider/DocumentsContract,definition-present,yes-static,26,2,unknown,opencamera-evidence.json#/rows/449,False,unknown
opencamera,ca5672ca8c7174554ca0b07b5b26e505817a05142f571cf2abe67e790c30249c,direct-framework-reference,,android/provider/MediaStore,definition-present,yes-static,2,1,unknown,opencamera-evidence.json#/rows/450,False,unknown
opencamera,ca5672ca8c7174554ca0b07b5b26e505817a05142f571cf2abe67e790c30249c,direct-framework-reference,,android/provider/MediaStore$Audio$Media,definition-present,yes-static,1,1,unknown,opencamera-evidence.json#/rows/451,False,unknown
opencamera,ca5672ca8c7174554ca0b07b5b26e505817a05142f571cf2abe67e790c30249c,direct-framework-reference,,android/provider/MediaStore$Images$Media,definition-present,yes-static,5,3,unknown,opencamera-evidence.json#/rows/452,False,unknown
opencamera,ca5672ca8c7174554ca0b07b5b26e505817a05142f571cf2abe67e790c30249c,direct-framework-reference,,android/provider/MediaStore$Video$Media,definition-present,yes-static,4,2,unknown,opencamera-evidence.json#/rows/453,False,unknown
opencamera,ca5672ca8c7174554ca0b07b5b26e505817a05142f571cf2abe67e790c30249c,direct-framework-reference,,android/provider/MediaStore$Video$Thumbnails,definition-absent,unknown,1,0,unresolvable-in-scanned-inputs,opencamera-evidence.json#/rows/454,False,unknown
opencamera,ca5672ca8c7174554ca0b07b5b26e505817a05142f571cf2abe67e790c30249c,direct-framework-reference,,android/provider/Settings$Secure,definition-present,unknown,2,0,unknown,opencamera-evidence.json#/rows/455,False,unknown
opencamera,ca5672ca8c7174554ca0b07b5b26e505817a05142f571cf2abe67e790c30249c,direct-framework-reference,,android/provider/Settings$System,definition-present,unknown,2,0,unknown,opencamera-evidence.json#/rows/456,False,unknown
opencamera,ca5672ca8c7174554ca0b07b5b26e505817a05142f571cf2abe67e790c30249c,direct-framework-reference,,android/service/media/MediaBrowserService,definition-present,unknown,11,0,unknown,opencamera-evidence.json#/rows/457,False,unknown
opencamera,ca5672ca8c7174554ca0b07b5b26e505817a05142f571cf2abe67e790c30249c,direct-framework-reference,,android/service/media/MediaBrowserService$BrowserRoot,definition-present,unknown,1,0,unknown,opencamera-evidence.json#/rows/458,False,unknown
opencamera,ca5672ca8c7174554ca0b07b5b26e505817a05142f571cf2abe67e790c30249c,direct-framework-reference,,android/service/media/MediaBrowserService$Result,definition-present,unknown,10,0,unknown,opencamera-evidence.json#/rows/459,False,unknown
opencamera,ca5672ca8c7174554ca0b07b5b26e505817a05142f571cf2abe67e790c30249c,direct-framework-reference,,android/service/notification/StatusBarNotification,definition-present,unknown,1,0,unknown,opencamera-evidence.json#/rows/460,False,unknown
opencamera,ca5672ca8c7174554ca0b07b5b26e505817a05142f571cf2abe67e790c30249c,direct-framework-reference,,android/service/quicksettings/TileService,definition-present,unknown,24,0,unknown,opencamera-evidence.json#/rows/461,False,unknown
opencamera,ca5672ca8c7174554ca0b07b5b26e505817a05142f571cf2abe67e790c30249c,direct-framework-reference,,android/speech/tts/TextToSpeech,definition-present,unknown,4,0,unknown,opencamera-evidence.json#/rows/462,False,unknown
opencamera,ca5672ca8c7174554ca0b07b5b26e505817a05142f571cf2abe67e790c30249c,direct-framework-reference,,android/speech/tts/TextToSpeech$OnInitListener,definition-present,unknown,1,0,unknown,opencamera-evidence.json#/rows/463,False,unknown
opencamera,ca5672ca8c7174554ca0b07b5b26e505817a05142f571cf2abe67e790c30249c,direct-framework-reference,,android/support/v4/app/INotificationSideChannel,app-definition-present,unknown,7,0,unknown,opencamera-evidence.json#/rows/464,False,unknown
opencamera,ca5672ca8c7174554ca0b07b5b26e505817a05142f571cf2abe67e790c30249c,direct-framework-reference,,android/support/v4/app/INotificationSideChannel$Stub,app-definition-present,unknown,5,0,unknown,opencamera-evidence.json#/rows/465,False,unknown
opencamera,ca5672ca8c7174554ca0b07b5b26e505817a05142f571cf2abe67e790c30249c,direct-framework-reference,,android/support/v4/app/INotificationSideChannel$Stub$Proxy,app-definition-present,unknown,7,0,unknown,opencamera-evidence.json#/rows/466,False,unknown
opencamera,ca5672ca8c7174554ca0b07b5b26e505817a05142f571cf2abe67e790c30249c,direct-framework-reference,,android/support/v4/app/INotificationSideChannel$_Parcel,app-definition-present,unknown,4,0,unknown,opencamera-evidence.json#/rows/467,False,unknown
opencamera,ca5672ca8c7174554ca0b07b5b26e505817a05142f571cf2abe67e790c30249c,direct-framework-reference,,android/support/v4/media/MediaBrowserCompat,app-definition-present,unknown,29,0,unknown,opencamera-evidence.json#/rows/468,False,unknown
opencamera,ca5672ca8c7174554ca0b07b5b26e505817a05142f571cf2abe67e790c30249c,direct-framework-reference,,android/support/v4/media/MediaBrowserCompat$CallbackHandler,app-definition-present,unknown,19,0,unknown,opencamera-evidence.json#/rows/469,False,unknown
opencamera,ca5672ca8c7174554ca0b07b5b26e505817a05142f571cf2abe67e790c30249c,direct-framework-reference,,android/support/v4/media/MediaBrowserCompat$ConnectionCallback,app-definition-present,unknown,18,0,unknown,opencamera-evidence.json#/rows/470,False,unknown
opencamera,ca5672ca8c7174554ca0b07b5b26e505817a05142f571cf2abe67e790c30249c,direct-framework-reference,,android/support/v4/media/MediaBrowserCompat$ConnectionCallback$ConnectionCallbackInternal,app-definition-present,unknown,5,0,unknown,opencamera-evidence.json#/rows/471,False,unknown
opencamera,ca5672ca8c7174554ca0b07b5b26e505817a05142f571cf2abe67e790c30249c,direct-framework-reference,,android/support/v4/media/MediaBrowserCompat$ConnectionCallback$StubApi21,app-definition-present,unknown,5,0,unknown,opencamera-evidence.json#/rows/472,False,unknown
opencamera,ca5672ca8c7174554ca0b07b5b26e505817a05142f571cf2abe67e790c30249c,direct-framework-reference,,android/support/v4/media/MediaBrowserCompat$CustomActionCallback,app-definition-present,unknown,11,0,unknown,opencamera-evidence.json#/rows/473,False,unknown
opencamera,ca5672ca8c7174554ca0b07b5b26e505817a05142f571cf2abe67e790c30249c,direct-framework-reference,,android/support/v4/media/MediaBrowserCompat$CustomActionResultReceiver,app-definition-present,unknown,4,0,unknown,opencamera-evidence.json#/rows/474,False,unknown
opencamera,ca5672ca8c7174554ca0b07b5b26e505817a05142f571cf2abe67e790c30249c,direct-framework-reference,,android/support/v4/media/MediaBrowserCompat$ItemCallback,app-definition-present,unknown,20,0,unknown,opencamera-evidence.json#/rows/475,False,unknown
opencamera,ca5672ca8c7174554ca0b07b5b26e505817a05142f571cf2abe67e790c30249c,direct-framework-reference,,android/support/v4/media/MediaBrowserCompat$ItemCallback$StubApi23,app-definition-present,unknown,4,0,unknown,opencamera-evidence.json#/rows/476,False,unknown
opencamera,ca5672ca8c7174554ca0b07b5b26e505817a05142f571cf2abe67e790c30249c,direct-framework-reference,,android/support/v4/media/MediaBrowserCompat$ItemReceiver,app-definition-present,unknown,4,0,unknown,opencamera-evidence.json#/rows/477,False,unknown
opencamera,ca5672ca8c7174554ca0b07b5b26e505817a05142f571cf2abe67e790c30249c,direct-framework-reference,,android/support/v4/media/MediaBrowserCompat$MediaBrowserImpl,app-definition-present,unknown,16,0,unknown,opencamera-evidence.json#/rows/478,False,unknown
opencamera,ca5672ca8c7174554ca0b07b5b26e505817a05142f571cf2abe67e790c30249c,direct-framework-reference,,android/support/v4/media/MediaBrowserCompat$MediaBrowserImplApi21,app-definition-present,unknown,26,0,unknown,opencamera-evidence.json#/rows/479,False,unknown
opencamera,ca5672ca8c7174554ca0b07b5b26e505817a05142f571cf2abe67e790c30249c,direct-framework-reference,,android/support/v4/media/MediaBrowserCompat$MediaBrowserImplApi21$1,app-definition-present,unknown,3,0,unknown,opencamera-evidence.json#/rows/480,False,unknown
opencamera,ca5672ca8c7174554ca0b07b5b26e505817a05142f571cf2abe67e790c30249c,direct-framework-reference,,android/support/v4/media/MediaBrowserCompat$MediaBrowserImplApi21$2,app-definition-present,unknown,3,0,unknown,opencamera-evidence.json#/rows/481,False,unknown
opencamera,ca5672ca8c7174554ca0b07b5b26e505817a05142f571cf2abe67e790c30249c,direct-framework-reference,,android/support/v4/media/MediaBrowserCompat$MediaBrowserImplApi21$3,app-definition-present,unknown,3,0,unknown,opencamera-evidence.json#/rows/482,False,unknown
opencamera,ca5672ca8c7174554ca0b07b5b26e505817a05142f571cf2abe67e790c30249c,direct-framework-reference,,android/support/v4/media/MediaBrowserCompat$MediaBrowserImplApi21$4,app-definition-present,unknown,3,0,unknown,opencamera-evidence.json#/rows/483,False,unknown
opencamera,ca5672ca8c7174554ca0b07b5b26e505817a05142f571cf2abe67e790c30249c,direct-framework-reference,,android/support/v4/media/MediaBrowserCompat$MediaBrowserImplApi21$5,app-definition-present,unknown,3,0,unknown,opencamera-evidence.json#/rows/484,False,unknown
opencamera,ca5672ca8c7174554ca0b07b5b26e505817a05142f571cf2abe67e790c30249c,direct-framework-reference,,android/support/v4/media/MediaBrowserCompat$MediaBrowserImplApi21$6,app-definition-present,unknown,3,0,unknown,opencamera-evidence.json#/rows/485,False,unknown
opencamera,ca5672ca8c7174554ca0b07b5b26e505817a05142f571cf2abe67e790c30249c,direct-framework-reference,,android/support/v4/media/MediaBrowserCompat$MediaBrowserImplApi21$7,app-definition-present,unknown,3,0,unknown,opencamera-evidence.json#/rows/486,False,unknown
opencamera,ca5672ca8c7174554ca0b07b5b26e505817a05142f571cf2abe67e790c30249c,direct-framework-reference,,android/support/v4/media/MediaBrowserCompat$MediaBrowserImplApi23,app-definition-present,unknown,5,0,unknown,opencamera-evidence.json#/rows/487,False,unknown
opencamera,ca5672ca8c7174554ca0b07b5b26e505817a05142f571cf2abe67e790c30249c,direct-framework-reference,,android/support/v4/media/MediaBrowserCompat$MediaBrowserImplApi26,app-definition-present,unknown,3,0,unknown,opencamera-evidence.json#/rows/488,False,unknown
opencamera,ca5672ca8c7174554ca0b07b5b26e505817a05142f571cf2abe67e790c30249c,direct-framework-reference,,android/support/v4/media/MediaBrowserCompat$MediaBrowserImplBase,app-definition-present,unknown,33,0,unknown,opencamera-evidence.json#/rows/489,False,unknown
opencamera,ca5672ca8c7174554ca0b07b5b26e505817a05142f571cf2abe67e790c30249c,direct-framework-reference,,android/support/v4/media/MediaBrowserCompat$MediaBrowserImplBase$1,app-definition-present,unknown,3,0,unknown,opencamera-evidence.json#/rows/490,False,unknown
opencamera,ca5672ca8c7174554ca0b07b5b26e505817a05142f571cf2abe67e790c30249c,direct-framework-reference,,android/support/v4/media/MediaBrowserCompat$MediaBrowserImplBase$2,app-definition-present,unknown,3,0,unknown,opencamera-evidence.json#/rows/491,False,unknown
opencamera,ca5672ca8c7174554ca0b07b5b26e505817a05142f571cf2abe67e790c30249c,direct-framework-reference,,android/support/v4/media/MediaBrowserCompat$MediaBrowserImplBase$3,app-definition-present,unknown,3,0,unknown,opencamera-evidence.json#/rows/492,False,unknown
opencamera,ca5672ca8c7174554ca0b07b5b26e505817a05142f571cf2abe67e790c30249c,direct-framework-reference,,android/support/v4/media/MediaBrowserCompat$MediaBrowserImplBase$4,app-definition-present,unknown,3,0,unknown,opencamera-evidence.json#/rows/493,False,unknown
opencamera,ca5672ca8c7174554ca0b07b5b26e505817a05142f571cf2abe67e790c30249c,direct-framework-reference,,android/support/v4/media/MediaBrowserCompat$MediaBrowserImplBase$5,app-definition-present,unknown,3,0,unknown,opencamera-evidence.json#/rows/494,False,unknown
opencamera,ca5672ca8c7174554ca0b07b5b26e505817a05142f571cf2abe67e790c30249c,direct-framework-reference,,android/support/v4/media/MediaBrowserCompat$MediaBrowserImplBase$6,app-definition-present,unknown,3,0,unknown,opencamera-evidence.json#/rows/495,False,unknown
opencamera,ca5672ca8c7174554ca0b07b5b26e505817a05142f571cf2abe67e790c30249c,direct-framework-reference,,android/support/v4/media/MediaBrowserCompat$MediaBrowserImplBase$MediaServiceConnection,app-definition-present,unknown,12,0,unknown,opencamera-evidence.json#/rows/496,False,unknown
opencamera,ca5672ca8c7174554ca0b07b5b26e505817a05142f571cf2abe67e790c30249c,direct-framework-reference,,android/support/v4/media/MediaBrowserCompat$MediaBrowserImplBase$MediaServiceConnection$1,app-definition-present,unknown,3,0,unknown,opencamera-evidence.json#/rows/497,False,unknown
opencamera,ca5672ca8c7174554ca0b07b5b26e505817a05142f571cf2abe67e790c30249c,direct-framework-reference,,android/support/v4/media/MediaBrowserCompat$MediaBrowserImplBase$MediaServiceConnection$2,app-definition-present,unknown,3,0,unknown,opencamera-evidence.json#/rows/498,False,unknown
opencamera,ca5672ca8c7174554ca0b07b5b26e505817a05142f571cf2abe67e790c30249c,direct-framework-reference,,android/support/v4/media/MediaBrowserCompat$MediaBrowserServiceCallbackImpl,app-definition-present,unknown,3,0,unknown,opencamera-evidence.json#/rows/499,False,unknown
opencamera,ca5672ca8c7174554ca0b07b5b26e505817a05142f571cf2abe67e790c30249c,direct-framework-reference,,android/support/v4/media/MediaBrowserCompat$MediaItem,app-definition-present,unknown,27,0,unknown,opencamera-evidence.json#/rows/500,False,unknown
opencamera,ca5672ca8c7174554ca0b07b5b26e505817a05142f571cf2abe67e790c30249c,direct-framework-reference,,android/support/v4/media/MediaBrowserCompat$MediaItem$1,app-definition-present,unknown,3,0,unknown,opencamera-evidence.json#/rows/501,False,unknown
opencamera,ca5672ca8c7174554ca0b07b5b26e505817a05142f571cf2abe67e790c30249c,direct-framework-reference,,android/support/v4/media/MediaBrowserCompat$SearchCallback,app-definition-present,unknown,11,0,unknown,opencamera-evidence.json#/rows/502,False,unknown
opencamera,ca5672ca8c7174554ca0b07b5b26e505817a05142f571cf2abe67e790c30249c,direct-framework-reference,,android/support/v4/media/MediaBrowserCompat$SearchResultReceiver,app-definition-present,unknown,4,0,unknown,opencamera-evidence.json#/rows/503,False,unknown
opencamera,ca5672ca8c7174554ca0b07b5b26e505817a05142f571cf2abe67e790c30249c,direct-framework-reference,,android/support/v4/media/MediaBrowserCompat$ServiceBinderWrapper,app-definition-present,unknown,34,0,unknown,opencamera-evidence.json#/rows/504,False,unknown
opencamera,ca5672ca8c7174554ca0b07b5b26e505817a05142f571cf2abe67e790c30249c,direct-framework-reference,,android/support/v4/media/MediaBrowserCompat$Subscription,app-definition-present,unknown,14,0,unknown,opencamera-evidence.json#/rows/505,False,unknown
opencamera,ca5672ca8c7174554ca0b07b5b26e505817a05142f571cf2abe67e790c30249c,direct-framework-reference,,android/support/v4/media/MediaBrowserCompat$SubscriptionCallback,app-definition-present,unknown,22,0,unknown,opencamera-evidence.json#/rows/506,False,unknown
opencamera,ca5672ca8c7174554ca0b07b5b26e505817a05142f571cf2abe67e790c30249c,direct-framework-reference,,android/support/v4/media/MediaBrowserCompat$SubscriptionCallback$StubApi21,app-definition-present,unknown,5,0,unknown,opencamera-evidence.json#/rows/507,False,unknown
opencamera,ca5672ca8c7174554ca0b07b5b26e505817a05142f571cf2abe67e790c30249c,direct-framework-reference,,android/support/v4/media/MediaBrowserCompat$SubscriptionCallback$StubApi26,app-definition-present,unknown,4,0,unknown,opencamera-evidence.json#/rows/508,False,unknown
opencamera,ca5672ca8c7174554ca0b07b5b26e505817a05142f571cf2abe67e790c30249c,direct-framework-reference,,android/support/v4/media/MediaBrowserCompatApi21,app-definition-present,unknown,16,0,unknown,opencamera-evidence.json#/rows/509,False,unknown
opencamera,ca5672ca8c7174554ca0b07b5b26e505817a05142f571cf2abe67e790c30249c,direct-framework-reference,,android/support/v4/media/MediaBrowserCompatApi21$ConnectionCallback,app-definition-present,unknown,6,0,unknown,opencamera-evidence.json#/rows/510,False,unknown
opencamera,ca5672ca8c7174554ca0b07b5b26e505817a05142f571cf2abe67e790c30249c,direct-framework-reference,,android/support/v4/media/MediaBrowserCompatApi21$ConnectionCallbackProxy,app-definition-present,unknown,5,0,unknown,opencamera-evidence.json#/rows/511,False,unknown
opencamera,ca5672ca8c7174554ca0b07b5b26e505817a05142f571cf2abe67e790c30249c,direct-framework-reference,,android/support/v4/media/MediaBrowserCompatApi21$MediaItem,app-definition-present,unknown,1,0,unknown,opencamera-evidence.json#/rows/512,False,unknown
opencamera,ca5672ca8c7174554ca0b07b5b26e505817a05142f571cf2abe67e790c30249c,direct-framework-reference,,android/support/v4/media/MediaBrowserCompatApi21$SubscriptionCallback,app-definition-present,unknown,8,0,unknown,opencamera-evidence.json#/rows/513,False,unknown
opencamera,ca5672ca8c7174554ca0b07b5b26e505817a05142f571cf2abe67e790c30249c,direct-framework-reference,,android/support/v4/media/MediaBrowserCompatApi21$SubscriptionCallbackProxy,app-definition-present,unknown,5,0,unknown,opencamera-evidence.json#/rows/514,False,unknown
opencamera,ca5672ca8c7174554ca0b07b5b26e505817a05142f571cf2abe67e790c30249c,direct-framework-reference,,android/support/v4/media/MediaBrowserCompatApi23,app-definition-present,unknown,2,0,unknown,opencamera-evidence.json#/rows/515,False,unknown
opencamera,ca5672ca8c7174554ca0b07b5b26e505817a05142f571cf2abe67e790c30249c,direct-framework-reference,,android/support/v4/media/MediaBrowserCompatApi23$ItemCallback,app-definition-present,unknown,5,0,unknown,opencamera-evidence.json#/rows/516,False,unknown
opencamera,ca5672ca8c7174554ca0b07b5b26e505817a05142f571cf2abe67e790c30249c,direct-framework-reference,,android/support/v4/media/MediaBrowserCompatApi23$ItemCallbackProxy,app-definition-present,unknown,4,0,unknown,opencamera-evidence.json#/rows/517,False,unknown
opencamera,ca5672ca8c7174554ca0b07b5b26e505817a05142f571cf2abe67e790c30249c,direct-framework-reference,,android/support/v4/media/MediaBrowserCompatApi26,app-definition-present,unknown,3,0,unknown,opencamera-evidence.json#/rows/518,False,unknown
opencamera,ca5672ca8c7174554ca0b07b5b26e505817a05142f571cf2abe67e790c30249c,direct-framework-reference,,android/support/v4/media/MediaBrowserCompatApi26$SubscriptionCallback,app-definition-present,unknown,4,0,unknown,opencamera-evidence.json#/rows/519,False,unknown
opencamera,ca5672ca8c7174554ca0b07b5b26e505817a05142f571cf2abe67e790c30249c,direct-framework-reference,,android/support/v4/media/MediaBrowserCompatApi26$SubscriptionCallbackProxy,app-definition-present,unknown,3,0,unknown,opencamera-evidence.json#/rows/520,False,unknown
opencamera,ca5672ca8c7174554ca0b07b5b26e505817a05142f571cf2abe67e790c30249c,direct-framework-reference,,android/support/v4/media/MediaDescriptionCompat,app-definition-present,unknown,49,0,unknown,opencamera-evidence.json#/rows/521,False,unknown
opencamera,ca5672ca8c7174554ca0b07b5b26e505817a05142f571cf2abe67e790c30249c,direct-framework-reference,,android/support/v4/media/MediaDescriptionCompat$1,app-definition-present,unknown,3,0,unknown,opencamera-evidence.json#/rows/522,False,unknown
opencamera,ca5672ca8c7174554ca0b07b5b26e505817a05142f571cf2abe67e790c30249c,direct-framework-reference,,android/support/v4/media/MediaDescriptionCompat$Builder,app-definition-present,unknown,11,0,unknown,opencamera-evidence.json#/rows/523,False,unknown
opencamera,ca5672ca8c7174554ca0b07b5b26e505817a05142f571cf2abe67e790c30249c,direct-framework-reference,,android/support/v4/media/MediaDescriptionCompatApi21,app-definition-present,unknown,3,0,unknown,opencamera-evidence.json#/rows/524,False,unknown
opencamera,ca5672ca8c7174554ca0b07b5b26e505817a05142f571cf2abe67e790c30249c,direct-framework-reference,,android/support/v4/media/MediaDescriptionCompatApi21$Builder,app-definition-present,unknown,1,0,unknown,opencamera-evidence.json#/rows/525,False,unknown
opencamera,ca5672ca8c7174554ca0b07b5b26e505817a05142f571cf2abe67e790c30249c,direct-framework-reference,,android/support/v4/media/MediaDescriptionCompatApi23,app-definition-present,unknown,1,0,unknown,opencamera-evidence.json#/rows/526,False,unknown
opencamera,ca5672ca8c7174554ca0b07b5b26e505817a05142f571cf2abe67e790c30249c,direct-framework-reference,,android/support/v4/media/MediaDescriptionCompatApi23$Builder,app-definition-present,unknown,1,0,unknown,opencamera-evidence.json#/rows/527,False,unknown
opencamera,ca5672ca8c7174554ca0b07b5b26e505817a05142f571cf2abe67e790c30249c,direct-framework-reference,,android/support/v4/media/MediaMetadataCompat,app-definition-present,unknown,46,0,unknown,opencamera-evidence.json#/rows/528,False,unknown
opencamera,ca5672ca8c7174554ca0b07b5b26e505817a05142f571cf2abe67e790c30249c,direct-framework-reference,,android/support/v4/media/MediaMetadataCompat$1,app-definition-present,unknown,3,0,unknown,opencamera-evidence.json#/rows/529,False,unknown
opencamera,ca5672ca8c7174554ca0b07b5b26e505817a05142f571cf2abe67e790c30249c,direct-framework-reference,,android/support/v4/media/MediaMetadataCompat$Builder,app-definition-present,unknown,10,0,unknown,opencamera-evidence.json#/rows/530,False,unknown
opencamera,ca5672ca8c7174554ca0b07b5b26e505817a05142f571cf2abe67e790c30249c,direct-framework-reference,,android/support/v4/media/MediaMetadataCompatApi21,app-definition-present,unknown,2,0,unknown,opencamera-evidence.json#/rows/531,False,unknown
opencamera,ca5672ca8c7174554ca0b07b5b26e505817a05142f571cf2abe67e790c30249c,direct-framework-reference,,android/support/v4/media/ParceledListSliceAdapterApi21,app-definition-present,unknown,2,0,unknown,opencamera-evidence.json#/rows/532,False,unknown
opencamera,ca5672ca8c7174554ca0b07b5b26e505817a05142f571cf2abe67e790c30249c,direct-framework-reference,,android/support/v4/media/RatingCompat,app-definition-present,unknown,34,0,unknown,opencamera-evidence.json#/rows/533,False,unknown
opencamera,ca5672ca8c7174554ca0b07b5b26e505817a05142f571cf2abe67e790c30249c,direct-framework-reference,,android/support/v4/media/RatingCompat$1,app-definition-present,unknown,3,0,unknown,opencamera-evidence.json#/rows/534,False,unknown
opencamera,ca5672ca8c7174554ca0b07b5b26e505817a05142f571cf2abe67e790c30249c,direct-framework-reference,,android/support/v4/media/session/IMediaControllerCallback,app-definition-present,unknown,28,0,unknown,opencamera-evidence.json#/rows/535,False,unknown
opencamera,ca5672ca8c7174554ca0b07b5b26e505817a05142f571cf2abe67e790c30249c,direct-framework-reference,,android/support/v4/media/session/IMediaControllerCallback$Stub,app-definition-present,unknown,4,0,unknown,opencamera-evidence.json#/rows/536,False,unknown
opencamera,ca5672ca8c7174554ca0b07b5b26e505817a05142f571cf2abe67e790c30249c,direct-framework-reference,,android/support/v4/media/session/IMediaControllerCallback$Stub$Proxy,app-definition-present,unknown,16,0,unknown,opencamera-evidence.json#/rows/537,False,unknown
opencamera,ca5672ca8c7174554ca0b07b5b26e505817a05142f571cf2abe67e790c30249c,direct-framework-reference,,android/support/v4/media/session/IMediaSession,app-definition-present,unknown,73,0,unknown,opencamera-evidence.json#/rows/538,False,unknown
opencamera,ca5672ca8c7174554ca0b07b5b26e505817a05142f571cf2abe67e790c30249c,direct-framework-reference,,android/support/v4/media/session/IMediaSession$Stub,app-definition-present,unknown,8,0,unknown,opencamera-evidence.json#/rows/539,False,unknown
opencamera,ca5672ca8c7174554ca0b07b5b26e505817a05142f571cf2abe67e790c30249c,direct-framework-reference,,android/support/v4/media/session/IMediaSession$Stub$Proxy,app-definition-present,unknown,52,0,unknown,opencamera-evidence.json#/rows/540,False,unknown
opencamera,ca5672ca8c7174554ca0b07b5b26e505817a05142f571cf2abe67e790c30249c,direct-framework-reference,,android/support/v4/media/session/MediaControllerCompat,app-definition-present,unknown,43,0,unknown,opencamera-evidence.json#/rows/541,False,unknown
opencamera,ca5672ca8c7174554ca0b07b5b26e505817a05142f571cf2abe67e790c30249c,direct-framework-reference,,android/support/v4/media/session/MediaControllerCompat$Callback,app-definition-present,unknown,36,0,unknown,opencamera-evidence.json#/rows/542,False,unknown
opencamera,ca5672ca8c7174554ca0b07b5b26e505817a05142f571cf2abe67e790c30249c,direct-framework-reference,,android/support/v4/media/session/MediaControllerCompat$Callback$MessageHandler,app-definition-present,unknown,4,0,unknown,opencamera-evidence.json#/rows/543,False,unknown
opencamera,ca5672ca8c7174554ca0b07b5b26e505817a05142f571cf2abe67e790c30249c,direct-framework-reference,,android/support/v4/media/session/MediaControllerCompat$Callback$StubApi21,app-definition-present,unknown,10,0,unknown,opencamera-evidence.json#/rows/544,False,unknown
opencamera,ca5672ca8c7174554ca0b07b5b26e505817a05142f571cf2abe67e790c30249c,direct-framework-reference,,android/support/v4/media/session/MediaControllerCompat$Callback$StubCompat,app-definition-present,unknown,14,0,unknown,opencamera-evidence.json#/rows/545,False,unknown
opencamera,ca5672ca8c7174554ca0b07b5b26e505817a05142f571cf2abe67e790c30249c,direct-framework-reference,,android/support/v4/media/session/MediaControllerCompat$MediaControllerExtraData,app-definition-present,unknown,4,0,unknown,opencamera-evidence.json#/rows/546,False,unknown
opencamera,ca5672ca8c7174554ca0b07b5b26e505817a05142f571cf2abe67e790c30249c,direct-framework-reference,,android/support/v4/media/session/MediaControllerCompat$MediaControllerImpl,app-definition-present,unknown,27,0,unknown,opencamera-evidence.json#/rows/547,False,unknown
opencamera,ca5672ca8c7174554ca0b07b5b26e505817a05142f571cf2abe67e790c30249c,direct-framework-reference,,android/support/v4/media/session/MediaControllerCompat$MediaControllerImplApi21,app-definition-present,unknown,30,0,unknown,opencamera-evidence.json#/rows/548,False,unknown
opencamera,ca5672ca8c7174554ca0b07b5b26e505817a05142f571cf2abe67e790c30249c,direct-framework-reference,,android/support/v4/media/session/MediaControllerCompat$MediaControllerImplApi21$ExtraBinderRequestResultReceiver,app-definition-present,unknown,3,0,unknown,opencamera-evidence.json#/rows/549,False,unknown
opencamera,ca5672ca8c7174554ca0b07b5b26e505817a05142f571cf2abe67e790c30249c,direct-framework-reference,,android/support/v4/media/session/MediaControllerCompat$MediaControllerImplApi21$ExtraCallback,app-definition-present,unknown,3,0,unknown,opencamera-evidence.json#/rows/550,False,unknown
opencamera,ca5672ca8c7174554ca0b07b5b26e505817a05142f571cf2abe67e790c30249c,direct-framework-reference,,android/support/v4/media/session/MediaControllerCompat$MediaControllerImplApi23,app-definition-present,unknown,4,0,unknown,opencamera-evidence.json#/rows/551,False,unknown
opencamera,ca5672ca8c7174554ca0b07b5b26e505817a05142f571cf2abe67e790c30249c,direct-framework-reference,,android/support/v4/media/session/MediaControllerCompat$MediaControllerImplApi24,app-definition-present,unknown,3,0,unknown,opencamera-evidence.json#/rows/552,False,unknown
opencamera,ca5672ca8c7174554ca0b07b5b26e505817a05142f571cf2abe67e790c30249c,direct-framework-reference,,android/support/v4/media/session/MediaControllerCompat$MediaControllerImplBase,app-definition-present,unknown,24,0,unknown,opencamera-evidence.json#/rows/553,False,unknown
opencamera,ca5672ca8c7174554ca0b07b5b26e505817a05142f571cf2abe67e790c30249c,direct-framework-reference,,android/support/v4/media/session/MediaControllerCompat$PlaybackInfo,app-definition-present,unknown,12,0,unknown,opencamera-evidence.json#/rows/554,False,unknown
opencamera,ca5672ca8c7174554ca0b07b5b26e505817a05142f571cf2abe67e790c30249c,direct-framework-reference,,android/support/v4/media/session/MediaControllerCompat$TransportControls,app-definition-present,unknown,4,0,unknown,opencamera-evidence.json#/rows/555,False,unknown
opencamera,ca5672ca8c7174554ca0b07b5b26e505817a05142f571cf2abe67e790c30249c,direct-framework-reference,,android/support/v4/media/session/MediaControllerCompat$TransportControlsApi21,app-definition-present,unknown,26,0,unknown,opencamera-evidence.json#/rows/556,False,unknown
opencamera,ca5672ca8c7174554ca0b07b5b26e505817a05142f571cf2abe67e790c30249c,direct-framework-reference,,android/support/v4/media/session/MediaControllerCompat$TransportControlsApi23,app-definition-present,unknown,3,0,unknown,opencamera-evidence.json#/rows/557,False,unknown
opencamera,ca5672ca8c7174554ca0b07b5b26e505817a05142f571cf2abe67e790c30249c,direct-framework-reference,,android/support/v4/media/session/MediaControllerCompat$TransportControlsApi24,app-definition-present,unknown,5,0,unknown,opencamera-evidence.json#/rows/558,False,unknown
opencamera,ca5672ca8c7174554ca0b07b5b26e505817a05142f571cf2abe67e790c30249c,direct-framework-reference,,android/support/v4/media/session/MediaControllerCompat$TransportControlsBase,app-definition-present,unknown,25,0,unknown,opencamera-evidence.json#/rows/559,False,unknown
opencamera,ca5672ca8c7174554ca0b07b5b26e505817a05142f571cf2abe67e790c30249c,direct-framework-reference,,android/support/v4/media/session/MediaControllerCompatApi21,app-definition-present,unknown,23,0,unknown,opencamera-evidence.json#/rows/560,False,unknown
opencamera,ca5672ca8c7174554ca0b07b5b26e505817a05142f571cf2abe67e790c30249c,direct-framework-reference,,android/support/v4/media/session/MediaControllerCompatApi21$Callback,app-definition-present,unknown,11,0,unknown,opencamera-evidence.json#/rows/561,False,unknown
opencamera,ca5672ca8c7174554ca0b07b5b26e505817a05142f571cf2abe67e790c30249c,direct-framework-reference,,android/support/v4/media/session/MediaControllerCompatApi21$CallbackProxy,app-definition-present,unknown,10,0,unknown,opencamera-evidence.json#/rows/562,False,unknown
opencamera,ca5672ca8c7174554ca0b07b5b26e505817a05142f571cf2abe67e790c30249c,direct-framework-reference,,android/support/v4/media/session/MediaControllerCompatApi21$PlaybackInfo,app-definition-present,unknown,3,0,unknown,opencamera-evidence.json#/rows/563,False,unknown
opencamera,ca5672ca8c7174554ca0b07b5b26e505817a05142f571cf2abe67e790c30249c,direct-framework-reference,,android/support/v4/media/session/MediaControllerCompatApi21$TransportControls,app-definition-present,unknown,14,0,unknown,opencamera-evidence.json#/rows/564,False,unknown
opencamera,ca5672ca8c7174554ca0b07b5b26e505817a05142f571cf2abe67e790c30249c,direct-framework-reference,,android/support/v4/media/session/MediaControllerCompatApi23$TransportControls,app-definition-present,unknown,1,0,unknown,opencamera-evidence.json#/rows/565,False,unknown
opencamera,ca5672ca8c7174554ca0b07b5b26e505817a05142f571cf2abe67e790c30249c,direct-framework-reference,,android/support/v4/media/session/MediaControllerCompatApi24$TransportControls,app-definition-present,unknown,4,0,unknown,opencamera-evidence.json#/rows/566,False,unknown
opencamera,ca5672ca8c7174554ca0b07b5b26e505817a05142f571cf2abe67e790c30249c,direct-framework-reference,,android/support/v4/media/session/MediaSessionCompat,app-definition-present,unknown,71,0,unknown,opencamera-evidence.json#/rows/567,False,unknown
opencamera,ca5672ca8c7174554ca0b07b5b26e505817a05142f571cf2abe67e790c30249c,direct-framework-reference,,android/support/v4/media/session/MediaSessionCompat$1,app-definition-present,unknown,2,0,unknown,opencamera-evidence.json#/rows/568,False,unknown
opencamera,ca5672ca8c7174554ca0b07b5b26e505817a05142f571cf2abe67e790c30249c,direct-framework-reference,,android/support/v4/media/session/MediaSessionCompat$2,app-definition-present,unknown,2,0,unknown,opencamera-evidence.json#/rows/569,False,unknown
opencamera,ca5672ca8c7174554ca0b07b5b26e505817a05142f571cf2abe67e790c30249c,direct-framework-reference,,android/support/v4/media/session/MediaSessionCompat$3,app-definition-present,unknown,2,0,unknown,opencamera-evidence.json#/rows/570,False,unknown
opencamera,ca5672ca8c7174554ca0b07b5b26e505817a05142f571cf2abe67e790c30249c,direct-framework-reference,,android/support/v4/media/session/MediaSessionCompat$Callback,app-definition-present,unknown,42,0,unknown,opencamera-evidence.json#/rows/571,False,unknown
opencamera,ca5672ca8c7174554ca0b07b5b26e505817a05142f571cf2abe67e790c30249c,direct-framework-reference,,android/support/v4/media/session/MediaSessionCompat$Callback$CallbackHandler,app-definition-present,unknown,6,0,unknown,opencamera-evidence.json#/rows/572,False,unknown
opencamera,ca5672ca8c7174554ca0b07b5b26e505817a05142f571cf2abe67e790c30249c,direct-framework-reference,,android/support/v4/media/session/MediaSessionCompat$Callback$StubApi21,app-definition-present,unknown,17,0,unknown,opencamera-evidence.json#/rows/573,False,unknown
opencamera,ca5672ca8c7174554ca0b07b5b26e505817a05142f571cf2abe67e790c30249c,direct-framework-reference,,android/support/v4/media/session/MediaSessionCompat$Callback$StubApi23,app-definition-present,unknown,4,0,unknown,opencamera-evidence.json#/rows/574,False,unknown
opencamera,ca5672ca8c7174554ca0b07b5b26e505817a05142f571cf2abe67e790c30249c,direct-framework-reference,,android/support/v4/media/session/MediaSessionCompat$Callback$StubApi24,app-definition-present,unknown,6,0,unknown,opencamera-evidence.json#/rows/575,False,unknown
opencamera,ca5672ca8c7174554ca0b07b5b26e505817a05142f571cf2abe67e790c30249c,direct-framework-reference,,android/support/v4/media/session/MediaSessionCompat$MediaSessionImpl,app-definition-present,unknown,31,0,unknown,opencamera-evidence.json#/rows/576,False,unknown
opencamera,ca5672ca8c7174554ca0b07b5b26e505817a05142f571cf2abe67e790c30249c,direct-framework-reference,,android/support/v4/media/session/MediaSessionCompat$MediaSessionImplApi18,app-definition-present,unknown,10,0,unknown,opencamera-evidence.json#/rows/577,False,unknown
opencamera,ca5672ca8c7174554ca0b07b5b26e505817a05142f571cf2abe67e790c30249c,direct-framework-reference,,android/support/v4/media/session/MediaSessionCompat$MediaSessionImplApi18$1,app-definition-present,unknown,3,0,unknown,opencamera-evidence.json#/rows/578,False,unknown
opencamera,ca5672ca8c7174554ca0b07b5b26e505817a05142f571cf2abe67e790c30249c,direct-framework-reference,,android/support/v4/media/session/MediaSessionCompat$MediaSessionImplApi19,app-definition-present,unknown,4,0,unknown,opencamera-evidence.json#/rows/579,False,unknown
opencamera,ca5672ca8c7174554ca0b07b5b26e505817a05142f571cf2abe67e790c30249c,direct-framework-reference,,android/support/v4/media/session/MediaSessionCompat$MediaSessionImplApi19$1,app-definition-present,unknown,3,0,unknown,opencamera-evidence.json#/rows/580,False,unknown
opencamera,ca5672ca8c7174554ca0b07b5b26e505817a05142f571cf2abe67e790c30249c,direct-framework-reference,,android/support/v4/media/session/MediaSessionCompat$MediaSessionImplApi21,app-definition-present,unknown,38,0,unknown,opencamera-evidence.json#/rows/581,False,unknown
opencamera,ca5672ca8c7174554ca0b07b5b26e505817a05142f571cf2abe67e790c30249c,direct-framework-reference,,android/support/v4/media/session/MediaSessionCompat$MediaSessionImplApi21$ExtraSession,app-definition-present,unknown,10,0,unknown,opencamera-evidence.json#/rows/582,False,unknown
opencamera,ca5672ca8c7174554ca0b07b5b26e505817a05142f571cf2abe67e790c30249c,direct-framework-reference,,android/support/v4/media/session/MediaSessionCompat$MediaSessionImplApi28,app-definition-present,unknown,2,0,unknown,opencamera-evidence.json#/rows/583,False,unknown
opencamera,ca5672ca8c7174554ca0b07b5b26e505817a05142f571cf2abe67e790c30249c,direct-framework-reference,,android/support/v4/media/session/MediaSessionCompat$MediaSessionImplBase,app-definition-present,unknown,78,0,unknown,opencamera-evidence.json#/rows/584,False,unknown
opencamera,ca5672ca8c7174554ca0b07b5b26e505817a05142f571cf2abe67e790c30249c,direct-framework-reference,,android/support/v4/media/session/MediaSessionCompat$MediaSessionImplBase$1,app-definition-present,unknown,3,0,unknown,opencamera-evidence.json#/rows/585,False,unknown
opencamera,ca5672ca8c7174554ca0b07b5b26e505817a05142f571cf2abe67e790c30249c,direct-framework-reference,,android/support/v4/media/session/MediaSessionCompat$MediaSessionImplBase$Command,app-definition-present,unknown,3,0,unknown,opencamera-evidence.json#/rows/586,False,unknown
opencamera,ca5672ca8c7174554ca0b07b5b26e505817a05142f571cf2abe67e790c30249c,direct-framework-reference,,android/support/v4/media/session/MediaSessionCompat$MediaSessionImplBase$MediaSessionStub,app-definition-present,unknown,54,0,unknown,opencamera-evidence.json#/rows/587,False,unknown
opencamera,ca5672ca8c7174554ca0b07b5b26e505817a05142f571cf2abe67e790c30249c,direct-framework-reference,,android/support/v4/media/session/MediaSessionCompat$MediaSessionImplBase$MessageHandler,app-definition-present,unknown,5,0,unknown,opencamera-evidence.json#/rows/588,False,unknown
opencamera,ca5672ca8c7174554ca0b07b5b26e505817a05142f571cf2abe67e790c30249c,direct-framework-reference,,android/support/v4/media/session/MediaSessionCompat$OnActiveChangeListener,app-definition-present,unknown,1,0,unknown,opencamera-evidence.json#/rows/589,False,unknown
opencamera,ca5672ca8c7174554ca0b07b5b26e505817a05142f571cf2abe67e790c30249c,direct-framework-reference,,android/support/v4/media/session/MediaSessionCompat$QueueItem,app-definition-present,unknown,23,0,unknown,opencamera-evidence.json#/rows/590,False,unknown
opencamera,ca5672ca8c7174554ca0b07b5b26e505817a05142f571cf2abe67e790c30249c,direct-framework-reference,,android/support/v4/media/session/MediaSessionCompat$QueueItem$1,app-definition-present,unknown,3,0,unknown,opencamera-evidence.json#/rows/591,False,unknown
opencamera,ca5672ca8c7174554ca0b07b5b26e505817a05142f571cf2abe67e790c30249c,direct-framework-reference,,android/support/v4/media/session/MediaSessionCompat$ResultReceiverWrapper,app-definition-present,unknown,12,0,unknown,opencamera-evidence.json#/rows/592,False,unknown
opencamera,ca5672ca8c7174554ca0b07b5b26e505817a05142f571cf2abe67e790c30249c,direct-framework-reference,,android/support/v4/media/session/MediaSessionCompat$ResultReceiverWrapper$1,app-definition-present,unknown,3,0,unknown,opencamera-evidence.json#/rows/593,False,unknown
opencamera,ca5672ca8c7174554ca0b07b5b26e505817a05142f571cf2abe67e790c30249c,direct-framework-reference,,android/support/v4/media/session/MediaSessionCompat$Token,app-definition-present,unknown,69,0,unknown,opencamera-evidence.json#/rows/594,False,unknown
opencamera,ca5672ca8c7174554ca0b07b5b26e505817a05142f571cf2abe67e790c30249c,direct-framework-reference,,android/support/v4/media/session/MediaSessionCompat$Token$1,app-definition-present,unknown,3,0,unknown,opencamera-evidence.json#/rows/595,False,unknown
opencamera,ca5672ca8c7174554ca0b07b5b26e505817a05142f571cf2abe67e790c30249c,direct-framework-reference,,android/support/v4/media/session/MediaSessionCompatApi21,app-definition-present,unknown,19,0,unknown,opencamera-evidence.json#/rows/596,False,unknown
opencamera,ca5672ca8c7174554ca0b07b5b26e505817a05142f571cf2abe67e790c30249c,direct-framework-reference,,android/support/v4/media/session/MediaSessionCompatApi21$Callback,app-definition-present,unknown,23,0,unknown,opencamera-evidence.json#/rows/597,False,unknown
opencamera,ca5672ca8c7174554ca0b07b5b26e505817a05142f571cf2abe67e790c30249c,direct-framework-reference,,android/support/v4/media/session/MediaSessionCompatApi21$CallbackProxy,app-definition-present,unknown,18,0,unknown,opencamera-evidence.json#/rows/598,False,unknown
opencamera,ca5672ca8c7174554ca0b07b5b26e505817a05142f571cf2abe67e790c30249c,direct-framework-reference,,android/support/v4/media/session/MediaSessionCompatApi21$QueueItem,app-definition-present,unknown,2,0,unknown,opencamera-evidence.json#/rows/599,False,unknown
opencamera,ca5672ca8c7174554ca0b07b5b26e505817a05142f571cf2abe67e790c30249c,direct-framework-reference,,android/support/v4/media/session/MediaSessionCompatApi22,app-definition-present,unknown,1,0,unknown,opencamera-evidence.json#/rows/600,False,unknown
opencamera,ca5672ca8c7174554ca0b07b5b26e505817a05142f571cf2abe67e790c30249c,direct-framework-reference,,android/support/v4/media/session/MediaSessionCompatApi23,app-definition-present,unknown,1,0,unknown,opencamera-evidence.json#/rows/601,False,unknown
opencamera,ca5672ca8c7174554ca0b07b5b26e505817a05142f571cf2abe67e790c30249c,direct-framework-reference,,android/support/v4/media/session/MediaSessionCompatApi23$Callback,app-definition-present,unknown,4,0,unknown,opencamera-evidence.json#/rows/602,False,unknown
opencamera,ca5672ca8c7174554ca0b07b5b26e505817a05142f571cf2abe67e790c30249c,direct-framework-reference,,android/support/v4/media/session/MediaSessionCompatApi23$CallbackProxy,app-definition-present,unknown,3,0,unknown,opencamera-evidence.json#/rows/603,False,unknown
opencamera,ca5672ca8c7174554ca0b07b5b26e505817a05142f571cf2abe67e790c30249c,direct-framework-reference,,android/support/v4/media/session/MediaSessionCompatApi24,app-definition-present,unknown,2,0,unknown,opencamera-evidence.json#/rows/604,False,unknown
opencamera,ca5672ca8c7174554ca0b07b5b26e505817a05142f571cf2abe67e790c30249c,direct-framework-reference,,android/support/v4/media/session/MediaSessionCompatApi24$Callback,app-definition-present,unknown,6,0,unknown,opencamera-evidence.json#/rows/605,False,unknown
opencamera,ca5672ca8c7174554ca0b07b5b26e505817a05142f571cf2abe67e790c30249c,direct-framework-reference,,android/support/v4/media/session/MediaSessionCompatApi24$CallbackProxy,app-definition-present,unknown,5,0,unknown,opencamera-evidence.json#/rows/606,False,unknown
opencamera,ca5672ca8c7174554ca0b07b5b26e505817a05142f571cf2abe67e790c30249c,direct-framework-reference,,android/support/v4/media/session/ParcelableVolumeInfo,app-definition-present,unknown,19,0,unknown,opencamera-evidence.json#/rows/607,False,unknown
opencamera,ca5672ca8c7174554ca0b07b5b26e505817a05142f571cf2abe67e790c30249c,direct-framework-reference,,android/support/v4/media/session/ParcelableVolumeInfo$1,app-definition-present,unknown,3,0,unknown,opencamera-evidence.json#/rows/608,False,unknown
opencamera,ca5672ca8c7174554ca0b07b5b26e505817a05142f571cf2abe67e790c30249c,direct-framework-reference,,android/support/v4/media/session/PlaybackStateCompat,app-definition-present,unknown,51,0,unknown,opencamera-evidence.json#/rows/609,False,unknown
opencamera,ca5672ca8c7174554ca0b07b5b26e505817a05142f571cf2abe67e790c30249c,direct-framework-reference,,android/support/v4/media/session/PlaybackStateCompat$1,app-definition-present,unknown,3,0,unknown,opencamera-evidence.json#/rows/610,False,unknown
opencamera,ca5672ca8c7174554ca0b07b5b26e505817a05142f571cf2abe67e790c30249c,direct-framework-reference,,android/support/v4/media/session/PlaybackStateCompat$Builder,app-definition-present,unknown,14,0,unknown,opencamera-evidence.json#/rows/611,False,unknown
opencamera,ca5672ca8c7174554ca0b07b5b26e505817a05142f571cf2abe67e790c30249c,direct-framework-reference,,android/support/v4/media/session/PlaybackStateCompat$CustomAction,app-definition-present,unknown,22,0,unknown,opencamera-evidence.json#/rows/612,False,unknown
opencamera,ca5672ca8c7174554ca0b07b5b26e505817a05142f571cf2abe67e790c30249c,direct-framework-reference,,android/support/v4/media/session/PlaybackStateCompat$CustomAction$1,app-definition-present,unknown,3,0,unknown,opencamera-evidence.json#/rows/613,False,unknown
opencamera,ca5672ca8c7174554ca0b07b5b26e505817a05142f571cf2abe67e790c30249c,direct-framework-reference,,android/support/v4/media/session/PlaybackStateCompat$CustomAction$Builder,app-definition-present,unknown,3,0,unknown,opencamera-evidence.json#/rows/614,False,unknown
opencamera,ca5672ca8c7174554ca0b07b5b26e505817a05142f571cf2abe67e790c30249c,direct-framework-reference,,android/support/v4/media/session/PlaybackStateCompatApi21,app-definition-present,unknown,1,0,unknown,opencamera-evidence.json#/rows/615,False,unknown
opencamera,ca5672ca8c7174554ca0b07b5b26e505817a05142f571cf2abe67e790c30249c,direct-framework-reference,,android/support/v4/media/session/PlaybackStateCompatApi21$CustomAction,app-definition-present,unknown,2,0,unknown,opencamera-evidence.json#/rows/616,False,unknown
opencamera,ca5672ca8c7174554ca0b07b5b26e505817a05142f571cf2abe67e790c30249c,direct-framework-reference,,android/support/v4/media/session/PlaybackStateCompatApi22,app-definition-present,unknown,2,0,unknown,opencamera-evidence.json#/rows/617,False,unknown
opencamera,ca5672ca8c7174554ca0b07b5b26e505817a05142f571cf2abe67e790c30249c,direct-framework-reference,,android/support/v4/os/IResultReceiver,app-definition-present,unknown,5,0,unknown,opencamera-evidence.json#/rows/618,False,unknown
opencamera,ca5672ca8c7174554ca0b07b5b26e505817a05142f571cf2abe67e790c30249c,direct-framework-reference,,android/support/v4/os/IResultReceiver$Stub,app-definition-present,unknown,5,0,unknown,opencamera-evidence.json#/rows/619,False,unknown
opencamera,ca5672ca8c7174554ca0b07b5b26e505817a05142f571cf2abe67e790c30249c,direct-framework-reference,,android/support/v4/os/IResultReceiver$Stub$Proxy,app-definition-present,unknown,5,0,unknown,opencamera-evidence.json#/rows/620,False,unknown
opencamera,ca5672ca8c7174554ca0b07b5b26e505817a05142f571cf2abe67e790c30249c,direct-framework-reference,,android/support/v4/os/IResultReceiver$_Parcel,app-definition-present,unknown,4,0,unknown,opencamera-evidence.json#/rows/621,False,unknown
opencamera,ca5672ca8c7174554ca0b07b5b26e505817a05142f571cf2abe67e790c30249c,direct-framework-reference,,android/support/v4/os/IResultReceiver2,app-definition-present,unknown,2,0,unknown,opencamera-evidence.json#/rows/622,False,unknown
opencamera,ca5672ca8c7174554ca0b07b5b26e505817a05142f571cf2abe67e790c30249c,direct-framework-reference,,android/support/v4/os/IResultReceiver2$Stub,app-definition-present,unknown,3,0,unknown,opencamera-evidence.json#/rows/623,False,unknown
opencamera,ca5672ca8c7174554ca0b07b5b26e505817a05142f571cf2abe67e790c30249c,direct-framework-reference,,android/support/v4/os/IResultReceiver2$Stub$Proxy,app-definition-present,unknown,5,0,unknown,opencamera-evidence.json#/rows/624,False,unknown
opencamera,ca5672ca8c7174554ca0b07b5b26e505817a05142f571cf2abe67e790c30249c,direct-framework-reference,,android/support/v4/os/IResultReceiver2$_Parcel,app-definition-present,unknown,4,0,unknown,opencamera-evidence.json#/rows/625,False,unknown
opencamera,ca5672ca8c7174554ca0b07b5b26e505817a05142f571cf2abe67e790c30249c,direct-framework-reference,,android/support/v4/os/ResultReceiver,app-definition-present,unknown,43,0,unknown,opencamera-evidence.json#/rows/626,False,unknown
opencamera,ca5672ca8c7174554ca0b07b5b26e505817a05142f571cf2abe67e790c30249c,direct-framework-reference,,android/support/v4/os/ResultReceiver$1,app-definition-present,unknown,3,0,unknown,opencamera-evidence.json#/rows/627,False,unknown
opencamera,ca5672ca8c7174554ca0b07b5b26e505817a05142f571cf2abe67e790c30249c,direct-framework-reference,,android/support/v4/os/ResultReceiver$MyResultReceiver,app-definition-present,unknown,3,0,unknown,opencamera-evidence.json#/rows/628,False,unknown
opencamera,ca5672ca8c7174554ca0b07b5b26e505817a05142f571cf2abe67e790c30249c,direct-framework-reference,,android/support/v4/os/ResultReceiver$MyRunnable,app-definition-present,unknown,4,0,unknown,opencamera-evidence.json#/rows/629,False,unknown
opencamera,ca5672ca8c7174554ca0b07b5b26e505817a05142f571cf2abe67e790c30249c,direct-framework-reference,,android/system/Os,definition-present,unknown,7,0,unknown,opencamera-evidence.json#/rows/630,False,unknown
opencamera,ca5672ca8c7174554ca0b07b5b26e505817a05142f571cf2abe67e790c30249c,direct-framework-reference,,android/system/OsConstants,definition-present,unknown,4,0,unknown,opencamera-evidence.json#/rows/631,False,unknown
opencamera,ca5672ca8c7174554ca0b07b5b26e505817a05142f571cf2abe67e790c30249c,direct-framework-reference,,android/system/StructStat,definition-present,unknown,1,0,unknown,opencamera-evidence.json#/rows/632,False,unknown
opencamera,ca5672ca8c7174554ca0b07b5b26e505817a05142f571cf2abe67e790c30249c,direct-framework-reference,,android/system/StructStatVfs,definition-present,unknown,1,0,unknown,opencamera-evidence.json#/rows/633,False,unknown
opencamera,ca5672ca8c7174554ca0b07b5b26e505817a05142f571cf2abe67e790c30249c,direct-framework-reference,,android/telecom/TelecomManager,definition-present,unknown,1,0,unknown,opencamera-evidence.json#/rows/634,False,unknown
opencamera,ca5672ca8c7174554ca0b07b5b26e505817a05142f571cf2abe67e790c30249c,direct-framework-reference,,android/telephony/SubscriptionManager,definition-present,unknown,3,0,unknown,opencamera-evidence.json#/rows/635,False,unknown
opencamera,ca5672ca8c7174554ca0b07b5b26e505817a05142f571cf2abe67e790c30249c,direct-framework-reference,,android/telephony/TelephonyManager,definition-present,unknown,6,0,unknown,opencamera-evidence.json#/rows/636,False,unknown
opencamera,ca5672ca8c7174554ca0b07b5b26e505817a05142f571cf2abe67e790c30249c,direct-framework-reference,,android/telephony/mbms/ServiceInfo,definition-present,unknown,2,0,unknown,opencamera-evidence.json#/rows/637,False,unknown
opencamera,ca5672ca8c7174554ca0b07b5b26e505817a05142f571cf2abe67e790c30249c,direct-framework-reference,,android/text/Editable,definition-present,unknown,37,0,unknown,opencamera-evidence.json#/rows/638,False,unknown
opencamera,ca5672ca8c7174554ca0b07b5b26e505817a05142f571cf2abe67e790c30249c,direct-framework-reference,,android/text/Editable$Factory,definition-present,unknown,4,0,unknown,opencamera-evidence.json#/rows/639,False,unknown
opencamera,ca5672ca8c7174554ca0b07b5b26e505817a05142f571cf2abe67e790c30249c,direct-framework-reference,,android/text/Html,definition-present,unknown,11,0,unknown,opencamera-evidence.json#/rows/640,False,unknown
opencamera,ca5672ca8c7174554ca0b07b5b26e505817a05142f571cf2abe67e790c30249c,direct-framework-reference,,android/text/Html$ImageGetter,definition-present,unknown,4,0,unknown,opencamera-evidence.json#/rows/641,False,unknown
opencamera,ca5672ca8c7174554ca0b07b5b26e505817a05142f571cf2abe67e790c30249c,direct-framework-reference,,android/text/Html$TagHandler,definition-present,unknown,4,0,unknown,opencamera-evidence.json#/rows/642,False,unknown
opencamera,ca5672ca8c7174554ca0b07b5b26e505817a05142f571cf2abe67e790c30249c,direct-framework-reference,,android/text/InputFilter,definition-present,unknown,17,0,unknown,opencamera-evidence.json#/rows/643,False,unknown
opencamera,ca5672ca8c7174554ca0b07b5b26e505817a05142f571cf2abe67e790c30249c,direct-framework-reference,,android/text/Layout,definition-present,unknown,6,0,unknown,opencamera-evidence.json#/rows/644,False,unknown
opencamera,ca5672ca8c7174554ca0b07b5b26e505817a05142f571cf2abe67e790c30249c,direct-framework-reference,,android/text/Layout$Alignment,definition-present,yes-static,4,3,unknown,opencamera-evidence.json#/rows/645,False,unknown
opencamera,ca5672ca8c7174554ca0b07b5b26e505817a05142f571cf2abe67e790c30249c,direct-framework-reference,,android/text/PrecomputedText,definition-present,yes-static,20,4,unknown,opencamera-evidence.json#/rows/646,False,unknown
opencamera,ca5672ca8c7174554ca0b07b5b26e505817a05142f571cf2abe67e790c30249c,direct-framework-reference,,android/text/PrecomputedText$Params,definition-present,yes-static,11,9,unknown,opencamera-evidence.json#/rows/647,False,unknown
opencamera,ca5672ca8c7174554ca0b07b5b26e505817a05142f571cf2abe67e790c30249c,direct-framework-reference,,android/text/PrecomputedText$Params$Builder,definition-present,yes-static,6,6,unknown,opencamera-evidence.json#/rows/648,False,unknown
opencamera,ca5672ca8c7174554ca0b07b5b26e505817a05142f571cf2abe67e790c30249c,direct-framework-reference,,android/text/Selection,definition-present,unknown,9,0,unknown,opencamera-evidence.json#/rows/649,False,unknown
opencamera,ca5672ca8c7174554ca0b07b5b26e505817a05142f571cf2abe67e790c30249c,direct-framework-reference,,android/text/SpanWatcher,definition-present,unknown,3,0,unknown,opencamera-evidence.json#/rows/650,False,unknown
opencamera,ca5672ca8c7174554ca0b07b5b26e505817a05142f571cf2abe67e790c30249c,direct-framework-reference,,android/text/Spannable,definition-present,yes-static,56,1,unknown,opencamera-evidence.json#/rows/651,False,unknown
opencamera,ca5672ca8c7174554ca0b07b5b26e505817a05142f571cf2abe67e790c30249c,direct-framework-reference,,android/text/SpannableString,definition-present,unknown,11,0,unknown,opencamera-evidence.json#/rows/652,False,unknown
opencamera,ca5672ca8c7174554ca0b07b5b26e505817a05142f571cf2abe67e790c30249c,direct-framework-reference,,android/text/SpannableStringBuilder,definition-present,unknown,48,0,unknown,opencamera-evidence.json#/rows/653,False,unknown
opencamera,ca5672ca8c7174554ca0b07b5b26e505817a05142f571cf2abe67e790c30249c,direct-framework-reference,,android/text/Spanned,definition-present,unknown,28,0,unknown,opencamera-evidence.json#/rows/654,False,unknown
opencamera,ca5672ca8c7174554ca0b07b5b26e505817a05142f571cf2abe67e790c30249c,direct-framework-reference,,android/text/SpannedString,definition-present,unknown,2,0,unknown,opencamera-evidence.json#/rows/655,False,unknown
opencamera,ca5672ca8c7174554ca0b07b5b26e505817a05142f571cf2abe67e790c30249c,direct-framework-reference,,android/text/StaticLayout,definition-present,yes-static,5,3,unknown,opencamera-evidence.json#/rows/656,False,unknown
opencamera,ca5672ca8c7174554ca0b07b5b26e505817a05142f571cf2abe67e790c30249c,direct-framework-reference,,android/text/StaticLayout$Builder,definition-present,yes-static,4,1,unknown,opencamera-evidence.json#/rows/657,False,unknown
opencamera,ca5672ca8c7174554ca0b07b5b26e505817a05142f571cf2abe67e790c30249c,direct-framework-reference,,android/text/TextDirectionHeuristic,definition-present,yes-static,17,8,unknown,opencamera-evidence.json#/rows/658,False,unknown
opencamera,ca5672ca8c7174554ca0b07b5b26e505817a05142f571cf2abe67e790c30249c,direct-framework-reference,,android/text/TextDirectionHeuristics,definition-present,yes-static,4,2,unknown,opencamera-evidence.json#/rows/659,False,unknown
opencamera,ca5672ca8c7174554ca0b07b5b26e505817a05142f571cf2abe67e790c30249c,direct-framework-reference,,android/text/TextPaint,definition-present,yes-static,36,18,unknown,opencamera-evidence.json#/rows/660,False,unknown
opencamera,ca5672ca8c7174554ca0b07b5b26e505817a05142f571cf2abe67e790c30249c,direct-framework-reference,,android/text/TextUtils,definition-present,yes-static,110,12,unknown,opencamera-evidence.json#/rows/661,False,unknown
opencamera,ca5672ca8c7174554ca0b07b5b26e505817a05142f571cf2abe67e790c30249c,direct-framework-reference,,android/text/TextUtils$TruncateAt,definition-present,yes-static,4,2,unknown,opencamera-evidence.json#/rows/662,False,unknown
opencamera,ca5672ca8c7174554ca0b07b5b26e505817a05142f571cf2abe67e790c30249c,direct-framework-reference,,android/text/TextWatcher,definition-present,unknown,9,0,unknown,opencamera-evidence.json#/rows/663,False,unknown
opencamera,ca5672ca8c7174554ca0b07b5b26e505817a05142f571cf2abe67e790c30249c,direct-framework-reference,,android/text/format/DateFormat,definition-present,unknown,1,0,unknown,opencamera-evidence.json#/rows/664,False,unknown
opencamera,ca5672ca8c7174554ca0b07b5b26e505817a05142f571cf2abe67e790c30249c,direct-framework-reference,,android/text/method/KeyListener,definition-present,unknown,15,0,unknown,opencamera-evidence.json#/rows/665,False,unknown
opencamera,ca5672ca8c7174554ca0b07b5b26e505817a05142f571cf2abe67e790c30249c,direct-framework-reference,,android/text/method/LinkMovementMethod,definition-present,unknown,5,0,unknown,opencamera-evidence.json#/rows/666,False,unknown
opencamera,ca5672ca8c7174554ca0b07b5b26e505817a05142f571cf2abe67e790c30249c,direct-framework-reference,,android/text/method/MetaKeyKeyListener,definition-present,unknown,1,0,unknown,opencamera-evidence.json#/rows/667,False,unknown
opencamera,ca5672ca8c7174554ca0b07b5b26e505817a05142f571cf2abe67e790c30249c,direct-framework-reference,,android/text/method/MovementMethod,definition-present,unknown,3,0,unknown,opencamera-evidence.json#/rows/668,False,unknown
opencamera,ca5672ca8c7174554ca0b07b5b26e505817a05142f571cf2abe67e790c30249c,direct-framework-reference,,android/text/method/NumberKeyListener,definition-present,unknown,2,0,unknown,opencamera-evidence.json#/rows/669,False,unknown
opencamera,ca5672ca8c7174554ca0b07b5b26e505817a05142f571cf2abe67e790c30249c,direct-framework-reference,,android/text/method/PasswordTransformationMethod,definition-present,yes-static,3,2,unknown,opencamera-evidence.json#/rows/670,False,unknown
opencamera,ca5672ca8c7174554ca0b07b5b26e505817a05142f571cf2abe67e790c30249c,direct-framework-reference,,android/text/method/SingleLineTransformationMethod,definition-present,unknown,2,0,unknown,opencamera-evidence.json#/rows/671,False,unknown
opencamera,ca5672ca8c7174554ca0b07b5b26e505817a05142f571cf2abe67e790c30249c,direct-framework-reference,,android/text/method/Touch,definition-present,unknown,1,0,unknown,opencamera-evidence.json#/rows/672,False,unknown
opencamera,ca5672ca8c7174554ca0b07b5b26e505817a05142f571cf2abe67e790c30249c,direct-framework-reference,,android/text/method/TransformationMethod,definition-present,yes-static,17,3,unknown,opencamera-evidence.json#/rows/673,False,unknown
opencamera,ca5672ca8c7174554ca0b07b5b26e505817a05142f571cf2abe67e790c30249c,direct-framework-reference,,android/text/style/BackgroundColorSpan,definition-present,unknown,1,0,unknown,opencamera-evidence.json#/rows/674,False,unknown
opencamera,ca5672ca8c7174554ca0b07b5b26e505817a05142f571cf2abe67e790c30249c,direct-framework-reference,,android/text/style/CharacterStyle,definition-present,unknown,1,0,unknown,opencamera-evidence.json#/rows/675,False,unknown
opencamera,ca5672ca8c7174554ca0b07b5b26e505817a05142f571cf2abe67e790c30249c,direct-framework-reference,,android/text/style/ClickableSpan,definition-present,unknown,6,0,unknown,opencamera-evidence.json#/rows/676,False,unknown
opencamera,ca5672ca8c7174554ca0b07b5b26e505817a05142f571cf2abe67e790c30249c,direct-framework-reference,,android/text/style/ForegroundColorSpan,definition-present,unknown,2,0,unknown,opencamera-evidence.json#/rows/677,False,unknown
opencamera,ca5672ca8c7174554ca0b07b5b26e505817a05142f571cf2abe67e790c30249c,direct-framework-reference,,android/text/style/ImageSpan,definition-present,unknown,1,0,unknown,opencamera-evidence.json#/rows/678,False,unknown
opencamera,ca5672ca8c7174554ca0b07b5b26e505817a05142f571cf2abe67e790c30249c,direct-framework-reference,,android/text/style/MetricAffectingSpan,definition-present,unknown,2,0,unknown,opencamera-evidence.json#/rows/679,False,unknown
opencamera,ca5672ca8c7174554ca0b07b5b26e505817a05142f571cf2abe67e790c30249c,direct-framework-reference,,android/text/style/RelativeSizeSpan,definition-present,unknown,1,0,unknown,opencamera-evidence.json#/rows/680,False,unknown
opencamera,ca5672ca8c7174554ca0b07b5b26e505817a05142f571cf2abe67e790c30249c,direct-framework-reference,,android/text/style/ReplacementSpan,definition-present,unknown,1,0,unknown,opencamera-evidence.json#/rows/681,False,unknown
opencamera,ca5672ca8c7174554ca0b07b5b26e505817a05142f571cf2abe67e790c30249c,direct-framework-reference,,android/text/style/StrikethroughSpan,definition-present,unknown,1,0,unknown,opencamera-evidence.json#/rows/682,False,unknown
opencamera,ca5672ca8c7174554ca0b07b5b26e505817a05142f571cf2abe67e790c30249c,direct-framework-reference,,android/text/style/StyleSpan,definition-present,unknown,2,0,unknown,opencamera-evidence.json#/rows/683,False,unknown
opencamera,ca5672ca8c7174554ca0b07b5b26e505817a05142f571cf2abe67e790c30249c,direct-framework-reference,,android/text/style/SubscriptSpan,definition-present,unknown,1,0,unknown,opencamera-evidence.json#/rows/684,False,unknown
opencamera,ca5672ca8c7174554ca0b07b5b26e505817a05142f571cf2abe67e790c30249c,direct-framework-reference,,android/text/style/SuperscriptSpan,definition-present,unknown,1,0,unknown,opencamera-evidence.json#/rows/685,False,unknown
opencamera,ca5672ca8c7174554ca0b07b5b26e505817a05142f571cf2abe67e790c30249c,direct-framework-reference,,android/text/style/TextAppearanceSpan,definition-present,unknown,3,0,unknown,opencamera-evidence.json#/rows/686,False,unknown
opencamera,ca5672ca8c7174554ca0b07b5b26e505817a05142f571cf2abe67e790c30249c,direct-framework-reference,,android/text/style/URLSpan,definition-present,unknown,3,0,unknown,opencamera-evidence.json#/rows/687,False,unknown
opencamera,ca5672ca8c7174554ca0b07b5b26e505817a05142f571cf2abe67e790c30249c,direct-framework-reference,,android/text/style/UnderlineSpan,definition-present,unknown,1,0,unknown,opencamera-evidence.json#/rows/688,False,unknown
opencamera,ca5672ca8c7174554ca0b07b5b26e505817a05142f571cf2abe67e790c30249c,direct-framework-reference,,android/text/util/Linkify,definition-present,unknown,8,0,unknown,opencamera-evidence.json#/rows/689,False,unknown
opencamera,ca5672ca8c7174554ca0b07b5b26e505817a05142f571cf2abe67e790c30249c,direct-framework-reference,,android/text/util/Linkify$MatchFilter,definition-present,unknown,10,0,unknown,opencamera-evidence.json#/rows/690,False,unknown
opencamera,ca5672ca8c7174554ca0b07b5b26e505817a05142f571cf2abe67e790c30249c,direct-framework-reference,,android/text/util/Linkify$TransformFilter,definition-present,unknown,11,0,unknown,opencamera-evidence.json#/rows/691,False,unknown
opencamera,ca5672ca8c7174554ca0b07b5b26e505817a05142f571cf2abe67e790c30249c,direct-framework-reference,,android/transition/Transition,definition-present,yes-static,34,14,unknown,opencamera-evidence.json#/rows/692,False,unknown
opencamera,ca5672ca8c7174554ca0b07b5b26e505817a05142f571cf2abe67e790c30249c,direct-framework-reference,,android/transition/Transition$EpicenterCallback,definition-present,yes-static,4,4,unknown,opencamera-evidence.json#/rows/693,False,unknown
opencamera,ca5672ca8c7174554ca0b07b5b26e505817a05142f571cf2abe67e790c30249c,direct-framework-reference,,android/transition/Transition$TransitionListener,definition-present,unknown,10,0,unknown,opencamera-evidence.json#/rows/694,False,unknown
opencamera,ca5672ca8c7174554ca0b07b5b26e505817a05142f571cf2abe67e790c30249c,direct-framework-reference,,android/transition/TransitionManager,definition-present,yes-static,1,1,unknown,opencamera-evidence.json#/rows/695,False,unknown
opencamera,ca5672ca8c7174554ca0b07b5b26e505817a05142f571cf2abe67e790c30249c,direct-framework-reference,,android/transition/TransitionSet,definition-present,yes-static,7,7,unknown,opencamera-evidence.json#/rows/696,False,unknown
opencamera,ca5672ca8c7174554ca0b07b5b26e505817a05142f571cf2abe67e790c30249c,direct-framework-reference,,android/util/AndroidRuntimeException,definition-present,yes-static,2,2,unknown,opencamera-evidence.json#/rows/697,False,unknown
opencamera,ca5672ca8c7174554ca0b07b5b26e505817a05142f571cf2abe67e790c30249c,direct-framework-reference,,android/util/AtomicFile,definition-present,unknown,7,0,unknown,opencamera-evidence.json#/rows/698,False,unknown
opencamera,ca5672ca8c7174554ca0b07b5b26e505817a05142f571cf2abe67e790c30249c,direct-framework-reference,,android/util/AttributeSet,definition-present,yes-static,294,28,unknown,opencamera-evidence.json#/rows/699,False,unknown
opencamera,ca5672ca8c7174554ca0b07b5b26e505817a05142f571cf2abe67e790c30249c,direct-framework-reference,,android/util/Base64,definition-present,yes-static,2,1,unknown,opencamera-evidence.json#/rows/700,False,unknown
opencamera,ca5672ca8c7174554ca0b07b5b26e505817a05142f571cf2abe67e790c30249c,direct-framework-reference,,android/util/DisplayMetrics,definition-present,yes-static,68,10,unknown,opencamera-evidence.json#/rows/701,False,unknown
opencamera,ca5672ca8c7174554ca0b07b5b26e505817a05142f571cf2abe67e790c30249c,direct-framework-reference,,android/util/Half,definition-present,unknown,7,0,unknown,opencamera-evidence.json#/rows/702,False,unknown
opencamera,ca5672ca8c7174554ca0b07b5b26e505817a05142f571cf2abe67e790c30249c,direct-framework-reference,,android/util/Log,definition-present,yes-static,547,90,unknown,opencamera-evidence.json#/rows/703,False,unknown
opencamera,ca5672ca8c7174554ca0b07b5b26e505817a05142f571cf2abe67e790c30249c,direct-framework-reference,,android/util/LongSparseArray,definition-present,yes-static,22,1,unknown,opencamera-evidence.json#/rows/704,False,unknown
opencamera,ca5672ca8c7174554ca0b07b5b26e505817a05142f571cf2abe67e790c30249c,direct-framework-reference,,android/util/LruCache,definition-present,unknown,3,0,unknown,opencamera-evidence.json#/rows/705,False,unknown
opencamera,ca5672ca8c7174554ca0b07b5b26e505817a05142f571cf2abe67e790c30249c,direct-framework-reference,,android/util/Pair,definition-present,unknown,17,0,unknown,opencamera-evidence.json#/rows/706,False,unknown
opencamera,ca5672ca8c7174554ca0b07b5b26e505817a05142f571cf2abe67e790c30249c,direct-framework-reference,,android/util/Property,definition-present,unknown,3,0,unknown,opencamera-evidence.json#/rows/707,False,unknown
opencamera,ca5672ca8c7174554ca0b07b5b26e505817a05142f571cf2abe67e790c30249c,direct-framework-reference,,android/util/Range,definition-present,unknown,18,0,unknown,opencamera-evidence.json#/rows/708,False,unknown
opencamera,ca5672ca8c7174554ca0b07b5b26e505817a05142f571cf2abe67e790c30249c,direct-framework-reference,,android/util/Rational,definition-present,unknown,1,0,unknown,opencamera-evidence.json#/rows/709,False,unknown
opencamera,ca5672ca8c7174554ca0b07b5b26e505817a05142f571cf2abe67e790c30249c,direct-framework-reference,,android/util/Size,definition-present,unknown,16,0,unknown,opencamera-evidence.json#/rows/710,False,unknown
opencamera,ca5672ca8c7174554ca0b07b5b26e505817a05142f571cf2abe67e790c30249c,direct-framework-reference,,android/util/SizeF,definition-present,unknown,17,0,unknown,opencamera-evidence.json#/rows/711,False,unknown
opencamera,ca5672ca8c7174554ca0b07b5b26e505817a05142f571cf2abe67e790c30249c,direct-framework-reference,,android/util/SparseArray,definition-present,yes-static,77,9,unknown,opencamera-evidence.json#/rows/712,False,unknown
opencamera,ca5672ca8c7174554ca0b07b5b26e505817a05142f571cf2abe67e790c30249c,direct-framework-reference,,android/util/SparseBooleanArray,definition-present,unknown,25,0,unknown,opencamera-evidence.json#/rows/713,False,unknown
opencamera,ca5672ca8c7174554ca0b07b5b26e505817a05142f571cf2abe67e790c30249c,direct-framework-reference,,android/util/SparseIntArray,definition-present,yes-static,41,2,unknown,opencamera-evidence.json#/rows/714,False,unknown
opencamera,ca5672ca8c7174554ca0b07b5b26e505817a05142f571cf2abe67e790c30249c,direct-framework-reference,,android/util/SparseLongArray,definition-present,unknown,21,0,unknown,opencamera-evidence.json#/rows/715,False,unknown
opencamera,ca5672ca8c7174554ca0b07b5b26e505817a05142f571cf2abe67e790c30249c,direct-framework-reference,,android/util/StateSet,definition-present,yes-static,5,1,unknown,opencamera-evidence.json#/rows/716,False,unknown
opencamera,ca5672ca8c7174554ca0b07b5b26e505817a05142f571cf2abe67e790c30249c,direct-framework-reference,,android/util/TypedValue,definition-present,yes-static,72,25,unknown,opencamera-evidence.json#/rows/717,False,unknown
opencamera,ca5672ca8c7174554ca0b07b5b26e505817a05142f571cf2abe67e790c30249c,direct-framework-reference,,android/util/Xml,definition-present,yes-static,22,4,unknown,opencamera-evidence.json#/rows/718,False,unknown
opencamera,ca5672ca8c7174554ca0b07b5b26e505817a05142f571cf2abe67e790c30249c,direct-framework-reference,,android/view/AbsSavedState,definition-present,unknown,1,0,unknown,opencamera-evidence.json#/rows/719,False,unknown
opencamera,ca5672ca8c7174554ca0b07b5b26e505817a05142f571cf2abe67e790c30249c,direct-framework-reference,,android/view/ActionMode,definition-present,unknown,17,0,unknown,opencamera-evidence.json#/rows/720,False,unknown
opencamera,ca5672ca8c7174554ca0b07b5b26e505817a05142f571cf2abe67e790c30249c,direct-framework-reference,,android/view/ActionMode$Callback,definition-present,unknown,32,0,unknown,opencamera-evidence.json#/rows/721,False,unknown
opencamera,ca5672ca8c7174554ca0b07b5b26e505817a05142f571cf2abe67e790c30249c,direct-framework-reference,,android/view/ActionProvider,definition-present,unknown,14,0,unknown,opencamera-evidence.json#/rows/722,False,unknown
opencamera,ca5672ca8c7174554ca0b07b5b26e505817a05142f571cf2abe67e790c30249c,direct-framework-reference,,android/view/Choreographer,definition-present,yes-static,5,1,unknown,opencamera-evidence.json#/rows/723,False,unknown
opencamera,ca5672ca8c7174554ca0b07b5b26e505817a05142f571cf2abe67e790c30249c,direct-framework-reference,,android/view/Choreographer$FrameCallback,definition-present,yes-static,2,1,unknown,opencamera-evidence.json#/rows/724,False,unknown
opencamera,ca5672ca8c7174554ca0b07b5b26e505817a05142f571cf2abe67e790c30249c,direct-framework-reference,,android/view/CollapsibleActionView,definition-present,unknown,6,0,unknown,opencamera-evidence.json#/rows/725,False,unknown
opencamera,ca5672ca8c7174554ca0b07b5b26e505817a05142f571cf2abe67e790c30249c,direct-framework-reference,,android/view/ContentInfo,definition-present,unknown,24,0,unknown,opencamera-evidence.json#/rows/726,False,unknown
opencamera,ca5672ca8c7174554ca0b07b5b26e505817a05142f571cf2abe67e790c30249c,direct-framework-reference,,android/view/ContentInfo$Builder,definition-present,unknown,18,0,unknown,opencamera-evidence.json#/rows/727,False,unknown
opencamera,ca5672ca8c7174554ca0b07b5b26e505817a05142f571cf2abe67e790c30249c,direct-framework-reference,,android/view/ContextMenu,definition-present,unknown,1,0,unknown,opencamera-evidence.json#/rows/728,False,unknown
opencamera,ca5672ca8c7174554ca0b07b5b26e505817a05142f571cf2abe67e790c30249c,direct-framework-reference,,android/view/ContextMenu$ContextMenuInfo,definition-present,unknown,6,0,unknown,opencamera-evidence.json#/rows/729,False,unknown
opencamera,ca5672ca8c7174554ca0b07b5b26e505817a05142f571cf2abe67e790c30249c,direct-framework-reference,,android/view/ContextThemeWrapper,definition-present,yes-static,7,1,unknown,opencamera-evidence.json#/rows/730,False,unknown
opencamera,ca5672ca8c7174554ca0b07b5b26e505817a05142f571cf2abe67e790c30249c,direct-framework-reference,,android/view/Display,definition-present,yes-static,26,4,unknown,opencamera-evidence.json#/rows/731,False,unknown
opencamera,ca5672ca8c7174554ca0b07b5b26e505817a05142f571cf2abe67e790c30249c,direct-framework-reference,,android/view/Display$Mode,definition-present,unknown,11,0,unknown,opencamera-evidence.json#/rows/732,False,unknown
opencamera,ca5672ca8c7174554ca0b07b5b26e505817a05142f571cf2abe67e790c30249c,direct-framework-reference,,android/view/DisplayCutout,definition-present,unknown,29,0,unknown,opencamera-evidence.json#/rows/733,False,unknown
opencamera,ca5672ca8c7174554ca0b07b5b26e505817a05142f571cf2abe67e790c30249c,direct-framework-reference,,android/view/DragAndDropPermissions,definition-present,unknown,7,0,unknown,opencamera-evidence.json#/rows/734,False,unknown
opencamera,ca5672ca8c7174554ca0b07b5b26e505817a05142f571cf2abe67e790c30249c,direct-framework-reference,,android/view/DragEvent,definition-present,unknown,7,0,unknown,opencamera-evidence.json#/rows/735,False,unknown
opencamera,ca5672ca8c7174554ca0b07b5b26e505817a05142f571cf2abe67e790c30249c,direct-framework-reference,,android/view/FocusFinder,definition-present,unknown,4,0,unknown,opencamera-evidence.json#/rows/736,False,unknown
opencamera,ca5672ca8c7174554ca0b07b5b26e505817a05142f571cf2abe67e790c30249c,direct-framework-reference,,android/view/FrameMetrics,definition-present,unknown,1,0,unknown,opencamera-evidence.json#/rows/737,False,unknown
opencamera,ca5672ca8c7174554ca0b07b5b26e505817a05142f571cf2abe67e790c30249c,direct-framework-reference,,android/view/GestureDetector,definition-present,yes-static,10,2,unknown,opencamera-evidence.json#/rows/738,False,unknown
opencamera,ca5672ca8c7174554ca0b07b5b26e505817a05142f571cf2abe67e790c30249c,direct-framework-reference,,android/view/GestureDetector$OnGestureListener,definition-present,yes-static,4,2,unknown,opencamera-evidence.json#/rows/739,False,unknown
opencamera,ca5672ca8c7174554ca0b07b5b26e505817a05142f571cf2abe67e790c30249c,direct-framework-reference,,android/view/GestureDetector$SimpleOnGestureListener,definition-present,yes-static,3,3,unknown,opencamera-evidence.json#/rows/740,False,unknown
opencamera,ca5672ca8c7174554ca0b07b5b26e505817a05142f571cf2abe67e790c30249c,direct-framework-reference,,android/view/Gravity,definition-present,unknown,6,0,unknown,opencamera-evidence.json#/rows/741,False,unknown
opencamera,ca5672ca8c7174554ca0b07b5b26e505817a05142f571cf2abe67e790c30249c,direct-framework-reference,,android/view/InflateException,definition-present,unknown,5,0,unknown,opencamera-evidence.json#/rows/742,False,unknown
opencamera,ca5672ca8c7174554ca0b07b5b26e505817a05142f571cf2abe67e790c30249c,direct-framework-reference,,android/view/InputDevice,definition-present,unknown,1,0,unknown,opencamera-evidence.json#/rows/743,False,unknown
opencamera,ca5672ca8c7174554ca0b07b5b26e505817a05142f571cf2abe67e790c30249c,direct-framework-reference,,android/view/InputDevice$MotionRange,definition-present,unknown,1,0,unknown,opencamera-evidence.json#/rows/744,False,unknown
opencamera,ca5672ca8c7174554ca0b07b5b26e505817a05142f571cf2abe67e790c30249c,direct-framework-reference,,android/view/KeyCharacterMap,definition-present,unknown,3,0,unknown,opencamera-evidence.json#/rows/745,False,unknown
opencamera,ca5672ca8c7174554ca0b07b5b26e505817a05142f571cf2abe67e790c30249c,direct-framework-reference,,android/view/KeyCharacterMap$KeyData,definition-present,unknown,2,0,unknown,opencamera-evidence.json#/rows/746,False,unknown
opencamera,ca5672ca8c7174554ca0b07b5b26e505817a05142f571cf2abe67e790c30249c,direct-framework-reference,,android/view/KeyEvent,definition-present,unknown,97,0,unknown,opencamera-evidence.json#/rows/747,False,unknown
opencamera,ca5672ca8c7174554ca0b07b5b26e505817a05142f571cf2abe67e790c30249c,direct-framework-reference,,android/view/KeyEvent$Callback,definition-present,unknown,2,0,unknown,opencamera-evidence.json#/rows/748,False,unknown
opencamera,ca5672ca8c7174554ca0b07b5b26e505817a05142f571cf2abe67e790c30249c,direct-framework-reference,,android/view/KeyEvent$DispatcherState,definition-present,unknown,5,0,unknown,opencamera-evidence.json#/rows/749,False,unknown
opencamera,ca5672ca8c7174554ca0b07b5b26e505817a05142f571cf2abe67e790c30249c,direct-framework-reference,,android/view/LayoutInflater,definition-present,yes-static,87,7,unknown,opencamera-evidence.json#/rows/750,False,unknown
opencamera,ca5672ca8c7174554ca0b07b5b26e505817a05142f571cf2abe67e790c30249c,direct-framework-reference,,android/view/LayoutInflater$Factory,definition-present,unknown,2,0,unknown,opencamera-evidence.json#/rows/751,False,unknown
opencamera,ca5672ca8c7174554ca0b07b5b26e505817a05142f571cf2abe67e790c30249c,direct-framework-reference,,android/view/LayoutInflater$Factory2,definition-present,unknown,5,0,unknown,opencamera-evidence.json#/rows/752,False,unknown
opencamera,ca5672ca8c7174554ca0b07b5b26e505817a05142f571cf2abe67e790c30249c,direct-framework-reference,,android/view/Menu,definition-present,unknown,104,0,unknown,opencamera-evidence.json#/rows/753,False,unknown
opencamera,ca5672ca8c7174554ca0b07b5b26e505817a05142f571cf2abe67e790c30249c,direct-framework-reference,,android/view/MenuInflater,definition-present,unknown,16,0,unknown,opencamera-evidence.json#/rows/754,False,unknown
opencamera,ca5672ca8c7174554ca0b07b5b26e505817a05142f571cf2abe67e790c30249c,direct-framework-reference,,android/view/MenuItem,definition-present,unknown,166,0,unknown,opencamera-evidence.json#/rows/755,False,unknown
opencamera,ca5672ca8c7174554ca0b07b5b26e505817a05142f571cf2abe67e790c30249c,direct-framework-reference,,android/view/MenuItem$OnActionExpandListener,definition-present,unknown,6,0,unknown,opencamera-evidence.json#/rows/756,False,unknown
opencamera,ca5672ca8c7174554ca0b07b5b26e505817a05142f571cf2abe67e790c30249c,direct-framework-reference,,android/view/MenuItem$OnMenuItemClickListener,definition-present,unknown,5,0,unknown,opencamera-evidence.json#/rows/757,False,unknown
opencamera,ca5672ca8c7174554ca0b07b5b26e505817a05142f571cf2abe67e790c30249c,direct-framework-reference,,android/view/MotionEvent,definition-present,unknown,102,0,unknown,opencamera-evidence.json#/rows/758,False,unknown
opencamera,ca5672ca8c7174554ca0b07b5b26e505817a05142f571cf2abe67e790c30249c,direct-framework-reference,,android/view/OnReceiveContentListener,definition-present,unknown,1,0,unknown,opencamera-evidence.json#/rows/759,False,unknown
opencamera,ca5672ca8c7174554ca0b07b5b26e505817a05142f571cf2abe67e790c30249c,direct-framework-reference,,android/view/OrientationEventListener,definition-present,yes-static,5,2,unknown,opencamera-evidence.json#/rows/760,False,unknown
opencamera,ca5672ca8c7174554ca0b07b5b26e505817a05142f571cf2abe67e790c30249c,direct-framework-reference,,android/view/PointerIcon,definition-present,unknown,11,0,unknown,opencamera-evidence.json#/rows/761,False,unknown
opencamera,ca5672ca8c7174554ca0b07b5b26e505817a05142f571cf2abe67e790c30249c,direct-framework-reference,,android/view/ScaleGestureDetector,definition-present,yes-static,7,1,unknown,opencamera-evidence.json#/rows/762,False,unknown
opencamera,ca5672ca8c7174554ca0b07b5b26e505817a05142f571cf2abe67e790c30249c,direct-framework-reference,,android/view/ScaleGestureDetector$OnScaleGestureListener,definition-present,yes-static,1,1,unknown,opencamera-evidence.json#/rows/763,False,unknown
opencamera,ca5672ca8c7174554ca0b07b5b26e505817a05142f571cf2abe67e790c30249c,direct-framework-reference,,android/view/ScaleGestureDetector$SimpleOnScaleGestureListener,definition-present,yes-static,1,1,unknown,opencamera-evidence.json#/rows/764,False,unknown
opencamera,ca5672ca8c7174554ca0b07b5b26e505817a05142f571cf2abe67e790c30249c,direct-framework-reference,,android/view/SearchEvent,definition-present,unknown,2,0,unknown,opencamera-evidence.json#/rows/765,False,unknown
opencamera,ca5672ca8c7174554ca0b07b5b26e505817a05142f571cf2abe67e790c30249c,direct-framework-reference,,android/view/SoundEffectConstants,definition-present,unknown,1,0,unknown,opencamera-evidence.json#/rows/766,False,unknown
opencamera,ca5672ca8c7174554ca0b07b5b26e505817a05142f571cf2abe67e790c30249c,direct-framework-reference,,android/view/SubMenu,definition-present,unknown,34,0,unknown,opencamera-evidence.json#/rows/767,False,unknown
opencamera,ca5672ca8c7174554ca0b07b5b26e505817a05142f571cf2abe67e790c30249c,direct-framework-reference,,android/view/Surface,definition-present,unknown,15,0,unknown,opencamera-evidence.json#/rows/768,False,unknown
opencamera,ca5672ca8c7174554ca0b07b5b26e505817a05142f571cf2abe67e790c30249c,direct-framework-reference,,android/view/SurfaceHolder,definition-present,yes-static,5,1,unknown,opencamera-evidence.json#/rows/769,False,unknown
opencamera,ca5672ca8c7174554ca0b07b5b26e505817a05142f571cf2abe67e790c30249c,direct-framework-reference,,android/view/SurfaceHolder$Callback,definition-present,yes-static,1,1,unknown,opencamera-evidence.json#/rows/770,False,unknown
opencamera,ca5672ca8c7174554ca0b07b5b26e505817a05142f571cf2abe67e790c30249c,direct-framework-reference,,android/view/SurfaceView,definition-present,yes-static,2,1,unknown,opencamera-evidence.json#/rows/771,False,unknown
opencamera,ca5672ca8c7174554ca0b07b5b26e505817a05142f571cf2abe67e790c30249c,direct-framework-reference,,android/view/TextureView,definition-present,yes-static,10,3,unknown,opencamera-evidence.json#/rows/772,False,unknown
opencamera,ca5672ca8c7174554ca0b07b5b26e505817a05142f571cf2abe67e790c30249c,direct-framework-reference,,android/view/TouchDelegate,definition-present,unknown,2,0,unknown,opencamera-evidence.json#/rows/773,False,unknown
opencamera,ca5672ca8c7174554ca0b07b5b26e505817a05142f571cf2abe67e790c30249c,direct-framework-reference,,android/view/VelocityTracker,definition-present,unknown,41,0,unknown,opencamera-evidence.json#/rows/774,False,unknown
opencamera,ca5672ca8c7174554ca0b07b5b26e505817a05142f571cf2abe67e790c30249c,direct-framework-reference,,android/view/View,definition-present,yes-static,1708,194,unknown,opencamera-evidence.json#/rows/775,False,unknown
opencamera,ca5672ca8c7174554ca0b07b5b26e505817a05142f571cf2abe67e790c30249c,direct-framework-reference,,android/view/View$AccessibilityDelegate,definition-present,yes-static,23,10,unknown,opencamera-evidence.json#/rows/776,False,unknown
opencamera,ca5672ca8c7174554ca0b07b5b26e505817a05142f571cf2abe67e790c30249c,direct-framework-reference,,android/view/View$BaseSavedState,definition-present,unknown,10,0,unknown,opencamera-evidence.json#/rows/777,False,unknown
opencamera,ca5672ca8c7174554ca0b07b5b26e505817a05142f571cf2abe67e790c30249c,direct-framework-reference,,android/view/View$DragShadowBuilder,definition-present,unknown,4,0,unknown,opencamera-evidence.json#/rows/778,False,unknown
opencamera,ca5672ca8c7174554ca0b07b5b26e505817a05142f571cf2abe67e790c30249c,direct-framework-reference,,android/view/View$MeasureSpec,definition-present,unknown,42,0,unknown,opencamera-evidence.json#/rows/779,False,unknown
opencamera,ca5672ca8c7174554ca0b07b5b26e505817a05142f571cf2abe67e790c30249c,direct-framework-reference,,android/view/View$OnApplyWindowInsetsListener,definition-present,yes-static,5,1,unknown,opencamera-evidence.json#/rows/780,False,unknown
opencamera,ca5672ca8c7174554ca0b07b5b26e505817a05142f571cf2abe67e790c30249c,direct-framework-reference,,android/view/View$OnAttachStateChangeListener,definition-present,unknown,4,0,unknown,opencamera-evidence.json#/rows/781,False,unknown
opencamera,ca5672ca8c7174554ca0b07b5b26e505817a05142f571cf2abe67e790c30249c,direct-framework-reference,,android/view/View$OnClickListener,definition-present,unknown,4,0,unknown,opencamera-evidence.json#/rows/782,False,unknown
opencamera,ca5672ca8c7174554ca0b07b5b26e505817a05142f571cf2abe67e790c30249c,direct-framework-reference,,android/view/View$OnFocusChangeListener,definition-present,unknown,1,0,unknown,opencamera-evidence.json#/rows/783,False,unknown
opencamera,ca5672ca8c7174554ca0b07b5b26e505817a05142f571cf2abe67e790c30249c,direct-framework-reference,,android/view/View$OnLayoutChangeListener,definition-present,unknown,4,0,unknown,opencamera-evidence.json#/rows/784,False,unknown
opencamera,ca5672ca8c7174554ca0b07b5b26e505817a05142f571cf2abe67e790c30249c,direct-framework-reference,,android/view/View$OnTouchListener,definition-present,unknown,3,0,unknown,opencamera-evidence.json#/rows/785,False,unknown
opencamera,ca5672ca8c7174554ca0b07b5b26e505817a05142f571cf2abe67e790c30249c,direct-framework-reference,,android/view/View$OnUnhandledKeyEventListener,definition-present,unknown,1,0,unknown,opencamera-evidence.json#/rows/786,False,unknown
opencamera,ca5672ca8c7174554ca0b07b5b26e505817a05142f571cf2abe67e790c30249c,direct-framework-reference,,android/view/ViewConfiguration,definition-present,yes-static,39,5,unknown,opencamera-evidence.json#/rows/787,False,unknown
opencamera,ca5672ca8c7174554ca0b07b5b26e505817a05142f571cf2abe67e790c30249c,direct-framework-reference,,android/view/ViewGroup,definition-present,yes-static,351,50,unknown,opencamera-evidence.json#/rows/788,False,unknown
opencamera,ca5672ca8c7174554ca0b07b5b26e505817a05142f571cf2abe67e790c30249c,direct-framework-reference,,android/view/ViewGroup$LayoutParams,definition-present,yes-static,62,7,unknown,opencamera-evidence.json#/rows/789,False,unknown
opencamera,ca5672ca8c7174554ca0b07b5b26e505817a05142f571cf2abe67e790c30249c,direct-framework-reference,,android/view/ViewGroup$MarginLayoutParams,definition-present,yes-static,62,6,unknown,opencamera-evidence.json#/rows/790,False,unknown
opencamera,ca5672ca8c7174554ca0b07b5b26e505817a05142f571cf2abe67e790c30249c,direct-framework-reference,,android/view/ViewGroup$OnHierarchyChangeListener,definition-present,unknown,2,0,unknown,opencamera-evidence.json#/rows/791,False,unknown
opencamera,ca5672ca8c7174554ca0b07b5b26e505817a05142f571cf2abe67e790c30249c,direct-framework-reference,,android/view/ViewParent,definition-present,yes-static,107,8,unknown,opencamera-evidence.json#/rows/792,False,unknown
opencamera,ca5672ca8c7174554ca0b07b5b26e505817a05142f571cf2abe67e790c30249c,direct-framework-reference,,android/view/ViewPropertyAnimator,definition-present,yes-static,51,1,unknown,opencamera-evidence.json#/rows/793,False,unknown
opencamera,ca5672ca8c7174554ca0b07b5b26e505817a05142f571cf2abe67e790c30249c,direct-framework-reference,,android/view/ViewStructure,definition-present,unknown,17,0,unknown,opencamera-evidence.json#/rows/794,False,unknown
opencamera,ca5672ca8c7174554ca0b07b5b26e505817a05142f571cf2abe67e790c30249c,direct-framework-reference,,android/view/ViewStub,definition-present,unknown,1,0,unknown,opencamera-evidence.json#/rows/795,False,unknown
opencamera,ca5672ca8c7174554ca0b07b5b26e505817a05142f571cf2abe67e790c30249c,direct-framework-reference,,android/view/ViewTreeObserver,definition-present,yes-static,33,5,unknown,opencamera-evidence.json#/rows/796,False,unknown
opencamera,ca5672ca8c7174554ca0b07b5b26e505817a05142f571cf2abe67e790c30249c,direct-framework-reference,,android/view/ViewTreeObserver$OnGlobalLayoutListener,definition-present,unknown,1,0,unknown,opencamera-evidence.json#/rows/797,False,unknown
opencamera,ca5672ca8c7174554ca0b07b5b26e505817a05142f571cf2abe67e790c30249c,direct-framework-reference,,android/view/Window,definition-present,yes-static,116,35,unknown,opencamera-evidence.json#/rows/798,False,unknown
opencamera,ca5672ca8c7174554ca0b07b5b26e505817a05142f571cf2abe67e790c30249c,direct-framework-reference,,android/view/Window$Callback,definition-present,yes-static,66,9,unknown,opencamera-evidence.json#/rows/799,False,unknown
opencamera,ca5672ca8c7174554ca0b07b5b26e505817a05142f571cf2abe67e790c30249c,direct-framework-reference,,android/view/WindowInsets,definition-present,yes-static,74,3,unknown,opencamera-evidence.json#/rows/800,False,unknown
opencamera,ca5672ca8c7174554ca0b07b5b26e505817a05142f571cf2abe67e790c30249c,direct-framework-reference,,android/view/WindowInsets$Builder,definition-present,unknown,25,0,unknown,opencamera-evidence.json#/rows/801,False,unknown
opencamera,ca5672ca8c7174554ca0b07b5b26e505817a05142f571cf2abe67e790c30249c,direct-framework-reference,,android/view/WindowInsets$Type,definition-present,unknown,10,0,unknown,opencamera-evidence.json#/rows/802,False,unknown
opencamera,ca5672ca8c7174554ca0b07b5b26e505817a05142f571cf2abe67e790c30249c,direct-framework-reference,,android/view/WindowInsetsAnimation,definition-present,unknown,23,0,unknown,opencamera-evidence.json#/rows/803,False,unknown
opencamera,ca5672ca8c7174554ca0b07b5b26e505817a05142f571cf2abe67e790c30249c,direct-framework-reference,,android/view/WindowInsetsAnimation$Bounds,definition-present,unknown,11,0,unknown,opencamera-evidence.json#/rows/804,False,unknown
opencamera,ca5672ca8c7174554ca0b07b5b26e505817a05142f571cf2abe67e790c30249c,direct-framework-reference,,android/view/WindowInsetsAnimation$Callback,definition-present,unknown,3,0,unknown,opencamera-evidence.json#/rows/805,False,unknown
opencamera,ca5672ca8c7174554ca0b07b5b26e505817a05142f571cf2abe67e790c30249c,direct-framework-reference,,android/view/WindowInsetsAnimationControlListener,definition-present,unknown,2,0,unknown,opencamera-evidence.json#/rows/806,False,unknown
opencamera,ca5672ca8c7174554ca0b07b5b26e505817a05142f571cf2abe67e790c30249c,direct-framework-reference,,android/view/WindowInsetsAnimationController,definition-present,unknown,23,0,unknown,opencamera-evidence.json#/rows/807,False,unknown
opencamera,ca5672ca8c7174554ca0b07b5b26e505817a05142f571cf2abe67e790c30249c,direct-framework-reference,,android/view/WindowInsetsController,definition-present,yes-static,34,3,unknown,opencamera-evidence.json#/rows/808,False,unknown
opencamera,ca5672ca8c7174554ca0b07b5b26e505817a05142f571cf2abe67e790c30249c,direct-framework-reference,,android/view/WindowInsetsController$OnControllableInsetsChangedListener,definition-present,unknown,4,0,unknown,opencamera-evidence.json#/rows/809,False,unknown
opencamera,ca5672ca8c7174554ca0b07b5b26e505817a05142f571cf2abe67e790c30249c,direct-framework-reference,,android/view/WindowManager,definition-present,yes-static,18,6,unknown,opencamera-evidence.json#/rows/810,False,unknown
opencamera,ca5672ca8c7174554ca0b07b5b26e505817a05142f571cf2abe67e790c30249c,direct-framework-reference,,android/view/WindowManager$LayoutParams,definition-present,yes-static,16,4,unknown,opencamera-evidence.json#/rows/811,False,unknown
opencamera,ca5672ca8c7174554ca0b07b5b26e505817a05142f571cf2abe67e790c30249c,direct-framework-reference,,android/view/WindowMetrics,definition-present,yes-static,6,4,unknown,opencamera-evidence.json#/rows/812,False,unknown
opencamera,ca5672ca8c7174554ca0b07b5b26e505817a05142f571cf2abe67e790c30249c,direct-framework-reference,,android/view/accessibility/AccessibilityEvent,definition-present,yes-static,48,1,unknown,opencamera-evidence.json#/rows/813,False,unknown
opencamera,ca5672ca8c7174554ca0b07b5b26e505817a05142f571cf2abe67e790c30249c,direct-framework-reference,,android/view/accessibility/AccessibilityManager,definition-present,yes-static,17,1,unknown,opencamera-evidence.json#/rows/814,False,unknown
opencamera,ca5672ca8c7174554ca0b07b5b26e505817a05142f571cf2abe67e790c30249c,direct-framework-reference,,android/view/accessibility/AccessibilityNodeInfo,definition-present,unknown,227,0,unknown,opencamera-evidence.json#/rows/815,False,unknown
opencamera,ca5672ca8c7174554ca0b07b5b26e505817a05142f571cf2abe67e790c30249c,direct-framework-reference,,android/view/accessibility/AccessibilityNodeInfo$AccessibilityAction,definition-present,unknown,21,0,unknown,opencamera-evidence.json#/rows/816,False,unknown
opencamera,ca5672ca8c7174554ca0b07b5b26e505817a05142f571cf2abe67e790c30249c,direct-framework-reference,,android/view/accessibility/AccessibilityNodeInfo$CollectionInfo,definition-present,unknown,8,0,unknown,opencamera-evidence.json#/rows/817,False,unknown
opencamera,ca5672ca8c7174554ca0b07b5b26e505817a05142f571cf2abe67e790c30249c,direct-framework-reference,,android/view/accessibility/AccessibilityNodeInfo$CollectionItemInfo,definition-present,unknown,14,0,unknown,opencamera-evidence.json#/rows/818,False,unknown
opencamera,ca5672ca8c7174554ca0b07b5b26e505817a05142f571cf2abe67e790c30249c,direct-framework-reference,,android/view/accessibility/AccessibilityNodeInfo$CollectionItemInfo$Builder,definition-present,unknown,1,0,unknown,opencamera-evidence.json#/rows/819,False,unknown
opencamera,ca5672ca8c7174554ca0b07b5b26e505817a05142f571cf2abe67e790c30249c,direct-framework-reference,,android/view/accessibility/AccessibilityNodeInfo$ExtraRenderingInfo,definition-present,unknown,2,0,unknown,opencamera-evidence.json#/rows/820,False,unknown
opencamera,ca5672ca8c7174554ca0b07b5b26e505817a05142f571cf2abe67e790c30249c,direct-framework-reference,,android/view/accessibility/AccessibilityNodeInfo$RangeInfo,definition-present,unknown,9,0,unknown,opencamera-evidence.json#/rows/821,False,unknown
opencamera,ca5672ca8c7174554ca0b07b5b26e505817a05142f571cf2abe67e790c30249c,direct-framework-reference,,android/view/accessibility/AccessibilityNodeInfo$TouchDelegateInfo,definition-present,unknown,13,0,unknown,opencamera-evidence.json#/rows/822,False,unknown
opencamera,ca5672ca8c7174554ca0b07b5b26e505817a05142f571cf2abe67e790c30249c,direct-framework-reference,,android/view/accessibility/AccessibilityNodeProvider,definition-present,unknown,4,0,unknown,opencamera-evidence.json#/rows/823,False,unknown
opencamera,ca5672ca8c7174554ca0b07b5b26e505817a05142f571cf2abe67e790c30249c,direct-framework-reference,,android/view/accessibility/AccessibilityRecord,definition-present,unknown,59,0,unknown,opencamera-evidence.json#/rows/824,False,unknown
opencamera,ca5672ca8c7174554ca0b07b5b26e505817a05142f571cf2abe67e790c30249c,direct-framework-reference,,android/view/accessibility/AccessibilityWindowInfo,definition-present,unknown,45,0,unknown,opencamera-evidence.json#/rows/825,False,unknown
opencamera,ca5672ca8c7174554ca0b07b5b26e505817a05142f571cf2abe67e790c30249c,direct-framework-reference,,android/view/accessibility/CaptioningManager,definition-present,unknown,1,0,unknown,opencamera-evidence.json#/rows/826,False,unknown
opencamera,ca5672ca8c7174554ca0b07b5b26e505817a05142f571cf2abe67e790c30249c,direct-framework-reference,,android/view/animation/AccelerateDecelerateInterpolator,definition-present,yes-static,3,1,unknown,opencamera-evidence.json#/rows/827,False,unknown
opencamera,ca5672ca8c7174554ca0b07b5b26e505817a05142f571cf2abe67e790c30249c,direct-framework-reference,,android/view/animation/AccelerateInterpolator,definition-present,unknown,3,0,unknown,opencamera-evidence.json#/rows/828,False,unknown
opencamera,ca5672ca8c7174554ca0b07b5b26e505817a05142f571cf2abe67e790c30249c,direct-framework-reference,,android/view/animation/AlphaAnimation,definition-present,unknown,1,0,unknown,opencamera-evidence.json#/rows/829,False,unknown
opencamera,ca5672ca8c7174554ca0b07b5b26e505817a05142f571cf2abe67e790c30249c,direct-framework-reference,,android/view/animation/Animation,definition-present,yes-static,27,5,unknown,opencamera-evidence.json#/rows/830,False,unknown
opencamera,ca5672ca8c7174554ca0b07b5b26e505817a05142f571cf2abe67e790c30249c,direct-framework-reference,,android/view/animation/Animation$AnimationListener,definition-present,unknown,7,0,unknown,opencamera-evidence.json#/rows/831,False,unknown
opencamera,ca5672ca8c7174554ca0b07b5b26e505817a05142f571cf2abe67e790c30249c,direct-framework-reference,,android/view/animation/AnimationSet,definition-present,yes-static,4,1,unknown,opencamera-evidence.json#/rows/832,False,unknown
opencamera,ca5672ca8c7174554ca0b07b5b26e505817a05142f571cf2abe67e790c30249c,direct-framework-reference,,android/view/animation/AnimationUtils,definition-present,yes-static,9,1,unknown,opencamera-evidence.json#/rows/833,False,unknown
opencamera,ca5672ca8c7174554ca0b07b5b26e505817a05142f571cf2abe67e790c30249c,direct-framework-reference,,android/view/animation/AnticipateInterpolator,definition-present,unknown,1,0,unknown,opencamera-evidence.json#/rows/834,False,unknown
opencamera,ca5672ca8c7174554ca0b07b5b26e505817a05142f571cf2abe67e790c30249c,direct-framework-reference,,android/view/animation/AnticipateOvershootInterpolator,definition-present,unknown,1,0,unknown,opencamera-evidence.json#/rows/835,False,unknown
opencamera,ca5672ca8c7174554ca0b07b5b26e505817a05142f571cf2abe67e790c30249c,direct-framework-reference,,android/view/animation/BounceInterpolator,definition-present,unknown,1,0,unknown,opencamera-evidence.json#/rows/836,False,unknown
opencamera,ca5672ca8c7174554ca0b07b5b26e505817a05142f571cf2abe67e790c30249c,direct-framework-reference,,android/view/animation/CycleInterpolator,definition-present,unknown,1,0,unknown,opencamera-evidence.json#/rows/837,False,unknown
opencamera,ca5672ca8c7174554ca0b07b5b26e505817a05142f571cf2abe67e790c30249c,direct-framework-reference,,android/view/animation/DecelerateInterpolator,definition-present,unknown,7,0,unknown,opencamera-evidence.json#/rows/838,False,unknown
opencamera,ca5672ca8c7174554ca0b07b5b26e505817a05142f571cf2abe67e790c30249c,direct-framework-reference,,android/view/animation/Interpolator,definition-present,unknown,42,0,unknown,opencamera-evidence.json#/rows/839,False,unknown
opencamera,ca5672ca8c7174554ca0b07b5b26e505817a05142f571cf2abe67e790c30249c,direct-framework-reference,,android/view/animation/LinearInterpolator,definition-present,unknown,2,0,unknown,opencamera-evidence.json#/rows/840,False,unknown
opencamera,ca5672ca8c7174554ca0b07b5b26e505817a05142f571cf2abe67e790c30249c,direct-framework-reference,,android/view/animation/OvershootInterpolator,definition-present,unknown,1,0,unknown,opencamera-evidence.json#/rows/841,False,unknown
opencamera,ca5672ca8c7174554ca0b07b5b26e505817a05142f571cf2abe67e790c30249c,direct-framework-reference,,android/view/animation/PathInterpolator,definition-present,unknown,4,0,unknown,opencamera-evidence.json#/rows/842,False,unknown
opencamera,ca5672ca8c7174554ca0b07b5b26e505817a05142f571cf2abe67e790c30249c,direct-framework-reference,,android/view/animation/ScaleAnimation,definition-present,unknown,1,0,unknown,opencamera-evidence.json#/rows/843,False,unknown
opencamera,ca5672ca8c7174554ca0b07b5b26e505817a05142f571cf2abe67e790c30249c,direct-framework-reference,,android/view/animation/Transformation,definition-present,unknown,2,0,unknown,opencamera-evidence.json#/rows/844,False,unknown
opencamera,ca5672ca8c7174554ca0b07b5b26e505817a05142f571cf2abe67e790c30249c,direct-framework-reference,,android/view/autofill/AutofillId,definition-present,unknown,14,0,unknown,opencamera-evidence.json#/rows/845,False,unknown
opencamera,ca5672ca8c7174554ca0b07b5b26e505817a05142f571cf2abe67e790c30249c,direct-framework-reference,,android/view/contentcapture/ContentCaptureSession,definition-present,unknown,18,0,unknown,opencamera-evidence.json#/rows/846,False,unknown
opencamera,ca5672ca8c7174554ca0b07b5b26e505817a05142f571cf2abe67e790c30249c,direct-framework-reference,,android/view/inputmethod/EditorInfo,definition-present,unknown,37,0,unknown,opencamera-evidence.json#/rows/847,False,unknown
opencamera,ca5672ca8c7174554ca0b07b5b26e505817a05142f571cf2abe67e790c30249c,direct-framework-reference,,android/view/inputmethod/InputConnection,definition-present,unknown,22,0,unknown,opencamera-evidence.json#/rows/848,False,unknown
opencamera,ca5672ca8c7174554ca0b07b5b26e505817a05142f571cf2abe67e790c30249c,direct-framework-reference,,android/view/inputmethod/InputConnectionWrapper,definition-present,unknown,7,0,unknown,opencamera-evidence.json#/rows/849,False,unknown
opencamera,ca5672ca8c7174554ca0b07b5b26e505817a05142f571cf2abe67e790c30249c,direct-framework-reference,,android/view/inputmethod/InputContentInfo,definition-present,unknown,12,0,unknown,opencamera-evidence.json#/rows/850,False,unknown
opencamera,ca5672ca8c7174554ca0b07b5b26e505817a05142f571cf2abe67e790c30249c,direct-framework-reference,,android/view/inputmethod/InputMethodManager,definition-present,unknown,11,0,unknown,opencamera-evidence.json#/rows/851,False,unknown
opencamera,ca5672ca8c7174554ca0b07b5b26e505817a05142f571cf2abe67e790c30249c,direct-framework-reference,,android/view/inspector/InspectionCompanion$UninitializedPropertyMapException,definition-present,unknown,17,0,unknown,opencamera-evidence.json#/rows/852,False,unknown
opencamera,ca5672ca8c7174554ca0b07b5b26e505817a05142f571cf2abe67e790c30249c,direct-framework-reference,,android/view/inspector/PropertyMapper,definition-present,unknown,24,0,unknown,opencamera-evidence.json#/rows/853,False,unknown
opencamera,ca5672ca8c7174554ca0b07b5b26e505817a05142f571cf2abe67e790c30249c,direct-framework-reference,,android/view/inspector/PropertyReader,definition-present,unknown,40,0,unknown,opencamera-evidence.json#/rows/854,False,unknown
opencamera,ca5672ca8c7174554ca0b07b5b26e505817a05142f571cf2abe67e790c30249c,direct-framework-reference,,android/view/textclassifier/TextClassificationManager,definition-present,unknown,1,0,unknown,opencamera-evidence.json#/rows/855,False,unknown
opencamera,ca5672ca8c7174554ca0b07b5b26e505817a05142f571cf2abe67e790c30249c,direct-framework-reference,,android/view/textclassifier/TextClassifier,definition-present,unknown,15,0,unknown,opencamera-evidence.json#/rows/856,False,unknown
opencamera,ca5672ca8c7174554ca0b07b5b26e505817a05142f571cf2abe67e790c30249c,direct-framework-reference,,android/view/textservice/TextServicesManager,definition-present,unknown,1,0,unknown,opencamera-evidence.json#/rows/857,False,unknown
opencamera,ca5672ca8c7174554ca0b07b5b26e505817a05142f571cf2abe67e790c30249c,direct-framework-reference,,android/webkit/MimeTypeMap,definition-present,unknown,3,0,unknown,opencamera-evidence.json#/rows/858,False,unknown
opencamera,ca5672ca8c7174554ca0b07b5b26e505817a05142f571cf2abe67e790c30249c,direct-framework-reference,,android/webkit/WebView,definition-present,unknown,1,0,unknown,opencamera-evidence.json#/rows/859,False,unknown
opencamera,ca5672ca8c7174554ca0b07b5b26e505817a05142f571cf2abe67e790c30249c,direct-framework-reference,,android/widget/AbsListView,definition-present,unknown,6,0,unknown,opencamera-evidence.json#/rows/860,False,unknown
opencamera,ca5672ca8c7174554ca0b07b5b26e505817a05142f571cf2abe67e790c30249c,direct-framework-reference,,android/widget/AbsListView$LayoutParams,definition-present,unknown,1,0,unknown,opencamera-evidence.json#/rows/861,False,unknown
opencamera,ca5672ca8c7174554ca0b07b5b26e505817a05142f571cf2abe67e790c30249c,direct-framework-reference,,android/widget/Adapter,definition-present,unknown,2,0,unknown,opencamera-evidence.json#/rows/862,False,unknown
opencamera,ca5672ca8c7174554ca0b07b5b26e505817a05142f571cf2abe67e790c30249c,direct-framework-reference,,android/widget/AdapterView,definition-present,unknown,5,0,unknown,opencamera-evidence.json#/rows/863,False,unknown
opencamera,ca5672ca8c7174554ca0b07b5b26e505817a05142f571cf2abe67e790c30249c,direct-framework-reference,,android/widget/AdapterView$OnItemClickListener,definition-present,unknown,1,0,unknown,opencamera-evidence.json#/rows/864,False,unknown
opencamera,ca5672ca8c7174554ca0b07b5b26e505817a05142f571cf2abe67e790c30249c,direct-framework-reference,,android/widget/AdapterView$OnItemSelectedListener,definition-present,unknown,2,0,unknown,opencamera-evidence.json#/rows/865,False,unknown
opencamera,ca5672ca8c7174554ca0b07b5b26e505817a05142f571cf2abe67e790c30249c,direct-framework-reference,,android/widget/ArrayAdapter,definition-present,unknown,5,0,unknown,opencamera-evidence.json#/rows/866,False,unknown
opencamera,ca5672ca8c7174554ca0b07b5b26e505817a05142f571cf2abe67e790c30249c,direct-framework-reference,,android/widget/AutoCompleteTextView,definition-present,unknown,16,0,unknown,opencamera-evidence.json#/rows/867,False,unknown
opencamera,ca5672ca8c7174554ca0b07b5b26e505817a05142f571cf2abe67e790c30249c,direct-framework-reference,,android/widget/BaseAdapter,definition-present,unknown,10,0,unknown,opencamera-evidence.json#/rows/868,False,unknown
opencamera,ca5672ca8c7174554ca0b07b5b26e505817a05142f571cf2abe67e790c30249c,direct-framework-reference,,android/widget/Button,definition-present,yes-static,42,1,unknown,opencamera-evidence.json#/rows/869,False,unknown
opencamera,ca5672ca8c7174554ca0b07b5b26e505817a05142f571cf2abe67e790c30249c,direct-framework-reference,,android/widget/CheckBox,definition-present,unknown,13,0,unknown,opencamera-evidence.json#/rows/870,False,unknown
opencamera,ca5672ca8c7174554ca0b07b5b26e505817a05142f571cf2abe67e790c30249c,direct-framework-reference,,android/widget/CheckedTextView,definition-present,unknown,23,0,unknown,opencamera-evidence.json#/rows/871,False,unknown
opencamera,ca5672ca8c7174554ca0b07b5b26e505817a05142f571cf2abe67e790c30249c,direct-framework-reference,,android/widget/CompoundButton,definition-present,unknown,37,0,unknown,opencamera-evidence.json#/rows/872,False,unknown
opencamera,ca5672ca8c7174554ca0b07b5b26e505817a05142f571cf2abe67e790c30249c,direct-framework-reference,,android/widget/CompoundButton$OnCheckedChangeListener,definition-present,unknown,1,0,unknown,opencamera-evidence.json#/rows/873,False,unknown
opencamera,ca5672ca8c7174554ca0b07b5b26e505817a05142f571cf2abe67e790c30249c,direct-framework-reference,,android/widget/CursorAdapter,definition-present,unknown,1,0,unknown,opencamera-evidence.json#/rows/874,False,unknown
opencamera,ca5672ca8c7174554ca0b07b5b26e505817a05142f571cf2abe67e790c30249c,direct-framework-reference,,android/widget/EdgeEffect,definition-present,unknown,31,0,unknown,opencamera-evidence.json#/rows/875,False,unknown
opencamera,ca5672ca8c7174554ca0b07b5b26e505817a05142f571cf2abe67e790c30249c,direct-framework-reference,,android/widget/EditText,definition-present,unknown,46,0,unknown,opencamera-evidence.json#/rows/876,False,unknown
opencamera,ca5672ca8c7174554ca0b07b5b26e505817a05142f571cf2abe67e790c30249c,direct-framework-reference,,android/widget/Filter,definition-present,unknown,1,0,unknown,opencamera-evidence.json#/rows/877,False,unknown
opencamera,ca5672ca8c7174554ca0b07b5b26e505817a05142f571cf2abe67e790c30249c,direct-framework-reference,,android/widget/Filter$FilterResults,definition-present,unknown,2,0,unknown,opencamera-evidence.json#/rows/878,False,unknown
opencamera,ca5672ca8c7174554ca0b07b5b26e505817a05142f571cf2abe67e790c30249c,direct-framework-reference,,android/widget/FilterQueryProvider,definition-present,unknown,3,0,unknown,opencamera-evidence.json#/rows/879,False,unknown
opencamera,ca5672ca8c7174554ca0b07b5b26e505817a05142f571cf2abe67e790c30249c,direct-framework-reference,,android/widget/FrameLayout,definition-present,yes-static,74,1,unknown,opencamera-evidence.json#/rows/880,False,unknown
opencamera,ca5672ca8c7174554ca0b07b5b26e505817a05142f571cf2abe67e790c30249c,direct-framework-reference,,android/widget/FrameLayout$LayoutParams,definition-present,unknown,17,0,unknown,opencamera-evidence.json#/rows/881,False,unknown
opencamera,ca5672ca8c7174554ca0b07b5b26e505817a05142f571cf2abe67e790c30249c,direct-framework-reference,,android/widget/HeaderViewListAdapter,definition-present,unknown,4,0,unknown,opencamera-evidence.json#/rows/882,False,unknown
opencamera,ca5672ca8c7174554ca0b07b5b26e505817a05142f571cf2abe67e790c30249c,direct-framework-reference,,android/widget/HorizontalScrollView,definition-present,unknown,9,0,unknown,opencamera-evidence.json#/rows/883,False,unknown
opencamera,ca5672ca8c7174554ca0b07b5b26e505817a05142f571cf2abe67e790c30249c,direct-framework-reference,,android/widget/ImageButton,definition-present,yes-static,56,24,unknown,opencamera-evidence.json#/rows/884,False,unknown
opencamera,ca5672ca8c7174554ca0b07b5b26e505817a05142f571cf2abe67e790c30249c,direct-framework-reference,,android/widget/ImageView,definition-present,yes-static,64,16,unknown,opencamera-evidence.json#/rows/885,False,unknown
opencamera,ca5672ca8c7174554ca0b07b5b26e505817a05142f571cf2abe67e790c30249c,direct-framework-reference,,android/widget/ImageView$ScaleType,definition-present,unknown,3,0,unknown,opencamera-evidence.json#/rows/886,False,unknown
opencamera,ca5672ca8c7174554ca0b07b5b26e505817a05142f571cf2abe67e790c30249c,direct-framework-reference,,android/widget/LinearLayout,definition-present,yes-static,28,1,unknown,opencamera-evidence.json#/rows/887,False,unknown
opencamera,ca5672ca8c7174554ca0b07b5b26e505817a05142f571cf2abe67e790c30249c,direct-framework-reference,,android/widget/LinearLayout$LayoutParams,definition-present,unknown,16,0,unknown,opencamera-evidence.json#/rows/888,False,unknown
opencamera,ca5672ca8c7174554ca0b07b5b26e505817a05142f571cf2abe67e790c30249c,direct-framework-reference,,android/widget/ListAdapter,definition-present,unknown,42,0,unknown,opencamera-evidence.json#/rows/889,False,unknown
opencamera,ca5672ca8c7174554ca0b07b5b26e505817a05142f571cf2abe67e790c30249c,direct-framework-reference,,android/widget/ListPopupWindow,definition-present,unknown,2,0,unknown,opencamera-evidence.json#/rows/890,False,unknown
opencamera,ca5672ca8c7174554ca0b07b5b26e505817a05142f571cf2abe67e790c30249c,direct-framework-reference,,android/widget/ListView,definition-present,unknown,45,0,unknown,opencamera-evidence.json#/rows/891,False,unknown
opencamera,ca5672ca8c7174554ca0b07b5b26e505817a05142f571cf2abe67e790c30249c,direct-framework-reference,,android/widget/MultiAutoCompleteTextView,definition-present,unknown,10,0,unknown,opencamera-evidence.json#/rows/892,False,unknown
opencamera,ca5672ca8c7174554ca0b07b5b26e505817a05142f571cf2abe67e790c30249c,direct-framework-reference,,android/widget/OverScroller,definition-present,unknown,34,0,unknown,opencamera-evidence.json#/rows/893,False,unknown
opencamera,ca5672ca8c7174554ca0b07b5b26e505817a05142f571cf2abe67e790c30249c,direct-framework-reference,,android/widget/PopupMenu,definition-present,unknown,1,0,unknown,opencamera-evidence.json#/rows/894,False,unknown
opencamera,ca5672ca8c7174554ca0b07b5b26e505817a05142f571cf2abe67e790c30249c,direct-framework-reference,,android/widget/PopupWindow,definition-present,unknown,52,0,unknown,opencamera-evidence.json#/rows/895,False,unknown
opencamera,ca5672ca8c7174554ca0b07b5b26e505817a05142f571cf2abe67e790c30249c,direct-framework-reference,,android/widget/PopupWindow$OnDismissListener,definition-present,unknown,4,0,unknown,opencamera-evidence.json#/rows/896,False,unknown
opencamera,ca5672ca8c7174554ca0b07b5b26e505817a05142f571cf2abe67e790c30249c,direct-framework-reference,,android/widget/ProgressBar,definition-present,unknown,8,0,unknown,opencamera-evidence.json#/rows/897,False,unknown
opencamera,ca5672ca8c7174554ca0b07b5b26e505817a05142f571cf2abe67e790c30249c,direct-framework-reference,,android/widget/RadioButton,definition-present,unknown,13,0,unknown,opencamera-evidence.json#/rows/898,False,unknown
opencamera,ca5672ca8c7174554ca0b07b5b26e505817a05142f571cf2abe67e790c30249c,direct-framework-reference,,android/widget/RadioGroup,definition-present,unknown,6,0,unknown,opencamera-evidence.json#/rows/899,False,unknown
opencamera,ca5672ca8c7174554ca0b07b5b26e505817a05142f571cf2abe67e790c30249c,direct-framework-reference,,android/widget/RatingBar,definition-present,unknown,2,0,unknown,opencamera-evidence.json#/rows/900,False,unknown
opencamera,ca5672ca8c7174554ca0b07b5b26e505817a05142f571cf2abe67e790c30249c,direct-framework-reference,,android/widget/RelativeLayout$LayoutParams,definition-present,yes-static,4,3,unknown,opencamera-evidence.json#/rows/901,False,unknown
opencamera,ca5672ca8c7174554ca0b07b5b26e505817a05142f571cf2abe67e790c30249c,direct-framework-reference,,android/widget/RemoteViews,definition-present,unknown,38,0,unknown,opencamera-evidence.json#/rows/902,False,unknown
opencamera,ca5672ca8c7174554ca0b07b5b26e505817a05142f571cf2abe67e790c30249c,direct-framework-reference,,android/widget/ScrollView,definition-present,unknown,6,0,unknown,opencamera-evidence.json#/rows/903,False,unknown
opencamera,ca5672ca8c7174554ca0b07b5b26e505817a05142f571cf2abe67e790c30249c,direct-framework-reference,,android/widget/Scroller,definition-present,unknown,8,0,unknown,opencamera-evidence.json#/rows/904,False,unknown
opencamera,ca5672ca8c7174554ca0b07b5b26e505817a05142f571cf2abe67e790c30249c,direct-framework-reference,,android/widget/SeekBar,definition-present,yes-static,41,1,unknown,opencamera-evidence.json#/rows/905,False,unknown
opencamera,ca5672ca8c7174554ca0b07b5b26e505817a05142f571cf2abe67e790c30249c,direct-framework-reference,,android/widget/ShareActionProvider,definition-present,unknown,1,0,unknown,opencamera-evidence.json#/rows/906,False,unknown
opencamera,ca5672ca8c7174554ca0b07b5b26e505817a05142f571cf2abe67e790c30249c,direct-framework-reference,,android/widget/SimpleCursorAdapter,definition-present,unknown,1,0,unknown,opencamera-evidence.json#/rows/907,False,unknown
opencamera,ca5672ca8c7174554ca0b07b5b26e505817a05142f571cf2abe67e790c30249c,direct-framework-reference,,android/widget/Spinner,definition-present,unknown,37,0,unknown,opencamera-evidence.json#/rows/908,False,unknown
opencamera,ca5672ca8c7174554ca0b07b5b26e505817a05142f571cf2abe67e790c30249c,direct-framework-reference,,android/widget/SpinnerAdapter,definition-present,unknown,23,0,unknown,opencamera-evidence.json#/rows/909,False,unknown
opencamera,ca5672ca8c7174554ca0b07b5b26e505817a05142f571cf2abe67e790c30249c,direct-framework-reference,,android/widget/TabHost,definition-present,unknown,9,0,unknown,opencamera-evidence.json#/rows/910,False,unknown
opencamera,ca5672ca8c7174554ca0b07b5b26e505817a05142f571cf2abe67e790c30249c,direct-framework-reference,,android/widget/TabHost$OnTabChangeListener,definition-present,unknown,1,0,unknown,opencamera-evidence.json#/rows/911,False,unknown
opencamera,ca5672ca8c7174554ca0b07b5b26e505817a05142f571cf2abe67e790c30249c,direct-framework-reference,,android/widget/TabHost$TabContentFactory,definition-present,unknown,1,0,unknown,opencamera-evidence.json#/rows/912,False,unknown
opencamera,ca5672ca8c7174554ca0b07b5b26e505817a05142f571cf2abe67e790c30249c,direct-framework-reference,,android/widget/TabHost$TabSpec,definition-present,unknown,1,0,unknown,opencamera-evidence.json#/rows/913,False,unknown
opencamera,ca5672ca8c7174554ca0b07b5b26e505817a05142f571cf2abe67e790c30249c,direct-framework-reference,,android/widget/TabWidget,definition-present,unknown,1,0,unknown,opencamera-evidence.json#/rows/914,False,unknown
opencamera,ca5672ca8c7174554ca0b07b5b26e505817a05142f571cf2abe67e790c30249c,direct-framework-reference,,android/widget/TextView,definition-present,yes-static,255,66,unknown,opencamera-evidence.json#/rows/915,False,unknown
opencamera,ca5672ca8c7174554ca0b07b5b26e505817a05142f571cf2abe67e790c30249c,direct-framework-reference,,android/widget/ThemedSpinnerAdapter,definition-present,unknown,2,0,unknown,opencamera-evidence.json#/rows/916,False,unknown
opencamera,ca5672ca8c7174554ca0b07b5b26e505817a05142f571cf2abe67e790c30249c,direct-framework-reference,,android/widget/Toast,definition-present,unknown,9,0,unknown,opencamera-evidence.json#/rows/917,False,unknown
opencamera,ca5672ca8c7174554ca0b07b5b26e505817a05142f571cf2abe67e790c30249c,direct-framework-reference,,android/widget/ToggleButton,definition-present,unknown,8,0,unknown,opencamera-evidence.json#/rows/918,False,unknown
opencamera,ca5672ca8c7174554ca0b07b5b26e505817a05142f571cf2abe67e790c30249c,direct-framework-reference,,android/window/BackEvent,definition-present,unknown,9,0,unknown,opencamera-evidence.json#/rows/919,False,unknown
opencamera,ca5672ca8c7174554ca0b07b5b26e505817a05142f571cf2abe67e790c30249c,direct-framework-reference,,android/window/OnBackInvokedCallback,definition-present,yes-static,15,12,unknown,opencamera-evidence.json#/rows/920,False,unknown
opencamera,ca5672ca8c7174554ca0b07b5b26e505817a05142f571cf2abe67e790c30249c,direct-framework-reference,,android/window/OnBackInvokedDispatcher,definition-present,yes-static,23,14,unknown,opencamera-evidence.json#/rows/921,False,unknown
opencamera,ca5672ca8c7174554ca0b07b5b26e505817a05142f571cf2abe67e790c30249c,direct-framework-reference,,java/io/BufferedInputStream,definition-present,unknown,8,0,unknown,opencamera-evidence.json#/rows/922,False,unknown
opencamera,ca5672ca8c7174554ca0b07b5b26e505817a05142f571cf2abe67e790c30249c,direct-framework-reference,,java/io/BufferedOutputStream,definition-present,unknown,3,0,unknown,opencamera-evidence.json#/rows/923,False,unknown
opencamera,ca5672ca8c7174554ca0b07b5b26e505817a05142f571cf2abe67e790c30249c,direct-framework-reference,,java/io/BufferedReader,definition-present,unknown,24,0,unknown,opencamera-evidence.json#/rows/924,False,unknown
opencamera,ca5672ca8c7174554ca0b07b5b26e505817a05142f571cf2abe67e790c30249c,direct-framework-reference,,java/io/BufferedWriter,definition-present,unknown,10,0,unknown,opencamera-evidence.json#/rows/925,False,unknown
opencamera,ca5672ca8c7174554ca0b07b5b26e505817a05142f571cf2abe67e790c30249c,direct-framework-reference,,java/io/ByteArrayInputStream,definition-present,unknown,13,0,unknown,opencamera-evidence.json#/rows/926,False,unknown
opencamera,ca5672ca8c7174554ca0b07b5b26e505817a05142f571cf2abe67e790c30249c,direct-framework-reference,,java/io/ByteArrayOutputStream,definition-present,unknown,19,0,unknown,opencamera-evidence.json#/rows/927,False,unknown
opencamera,ca5672ca8c7174554ca0b07b5b26e505817a05142f571cf2abe67e790c30249c,direct-framework-reference,,java/io/Closeable,definition-present,yes-static,41,2,unknown,opencamera-evidence.json#/rows/928,False,unknown
opencamera,ca5672ca8c7174554ca0b07b5b26e505817a05142f571cf2abe67e790c30249c,direct-framework-reference,,java/io/DataInputStream,definition-present,unknown,32,0,unknown,opencamera-evidence.json#/rows/929,False,unknown
opencamera,ca5672ca8c7174554ca0b07b5b26e505817a05142f571cf2abe67e790c30249c,direct-framework-reference,,java/io/DataOutputStream,definition-present,unknown,25,0,unknown,opencamera-evidence.json#/rows/930,False,unknown
opencamera,ca5672ca8c7174554ca0b07b5b26e505817a05142f571cf2abe67e790c30249c,direct-framework-reference,,java/io/EOFException,definition-present,unknown,6,0,unknown,opencamera-evidence.json#/rows/931,False,unknown
opencamera,ca5672ca8c7174554ca0b07b5b26e505817a05142f571cf2abe67e790c30249c,direct-framework-reference,,java/io/File,definition-present,yes-static,260,6,unknown,opencamera-evidence.json#/rows/932,False,unknown
opencamera,ca5672ca8c7174554ca0b07b5b26e505817a05142f571cf2abe67e790c30249c,direct-framework-reference,,java/io/FileDescriptor,definition-present,unknown,40,0,unknown,opencamera-evidence.json#/rows/933,False,unknown
opencamera,ca5672ca8c7174554ca0b07b5b26e505817a05142f571cf2abe67e790c30249c,direct-framework-reference,,java/io/FileInputStream,definition-present,unknown,29,0,unknown,opencamera-evidence.json#/rows/934,False,unknown
opencamera,ca5672ca8c7174554ca0b07b5b26e505817a05142f571cf2abe67e790c30249c,direct-framework-reference,,java/io/FileNotFoundException,definition-present,unknown,5,0,unknown,opencamera-evidence.json#/rows/935,False,unknown
opencamera,ca5672ca8c7174554ca0b07b5b26e505817a05142f571cf2abe67e790c30249c,direct-framework-reference,,java/io/FileOutputStream,definition-present,unknown,29,0,unknown,opencamera-evidence.json#/rows/936,False,unknown
opencamera,ca5672ca8c7174554ca0b07b5b26e505817a05142f571cf2abe67e790c30249c,direct-framework-reference,,java/io/FileWriter,definition-present,unknown,1,0,unknown,opencamera-evidence.json#/rows/937,False,unknown
opencamera,ca5672ca8c7174554ca0b07b5b26e505817a05142f571cf2abe67e790c30249c,direct-framework-reference,,java/io/FilterInputStream,definition-present,unknown,4,0,unknown,opencamera-evidence.json#/rows/938,False,unknown
opencamera,ca5672ca8c7174554ca0b07b5b26e505817a05142f571cf2abe67e790c30249c,direct-framework-reference,,java/io/FilterOutputStream,definition-present,unknown,1,0,unknown,opencamera-evidence.json#/rows/939,False,unknown
opencamera,ca5672ca8c7174554ca0b07b5b26e505817a05142f571cf2abe67e790c30249c,direct-framework-reference,,java/io/IOException,definition-present,unknown,49,0,unknown,opencamera-evidence.json#/rows/940,False,unknown
opencamera,ca5672ca8c7174554ca0b07b5b26e505817a05142f571cf2abe67e790c30249c,direct-framework-reference,,java/io/InputStream,definition-present,yes-static,126,2,unknown,opencamera-evidence.json#/rows/941,False,unknown
opencamera,ca5672ca8c7174554ca0b07b5b26e505817a05142f571cf2abe67e790c30249c,direct-framework-reference,,java/io/InputStreamReader,definition-present,unknown,18,0,unknown,opencamera-evidence.json#/rows/942,False,unknown
opencamera,ca5672ca8c7174554ca0b07b5b26e505817a05142f571cf2abe67e790c30249c,direct-framework-reference,,java/io/InvalidObjectException,definition-present,unknown,2,0,unknown,opencamera-evidence.json#/rows/943,False,unknown
opencamera,ca5672ca8c7174554ca0b07b5b26e505817a05142f571cf2abe67e790c30249c,direct-framework-reference,,java/io/NotSerializableException,definition-present,unknown,3,0,unknown,opencamera-evidence.json#/rows/944,False,unknown
opencamera,ca5672ca8c7174554ca0b07b5b26e505817a05142f571cf2abe67e790c30249c,direct-framework-reference,,java/io/ObjectInput,definition-present,unknown,2,0,unknown,opencamera-evidence.json#/rows/945,False,unknown
opencamera,ca5672ca8c7174554ca0b07b5b26e505817a05142f571cf2abe67e790c30249c,direct-framework-reference,,java/io/ObjectInputStream,definition-present,unknown,3,0,unknown,opencamera-evidence.json#/rows/946,False,unknown
opencamera,ca5672ca8c7174554ca0b07b5b26e505817a05142f571cf2abe67e790c30249c,direct-framework-reference,,java/io/ObjectOutput,definition-present,unknown,2,0,unknown,opencamera-evidence.json#/rows/947,False,unknown
opencamera,ca5672ca8c7174554ca0b07b5b26e505817a05142f571cf2abe67e790c30249c,direct-framework-reference,,java/io/ObjectOutputStream,definition-present,unknown,1,0,unknown,opencamera-evidence.json#/rows/948,False,unknown
opencamera,ca5672ca8c7174554ca0b07b5b26e505817a05142f571cf2abe67e790c30249c,direct-framework-reference,,java/io/ObjectStreamClass,definition-present,unknown,1,0,unknown,opencamera-evidence.json#/rows/949,False,unknown
opencamera,ca5672ca8c7174554ca0b07b5b26e505817a05142f571cf2abe67e790c30249c,direct-framework-reference,,java/io/OutputStream,definition-present,unknown,89,0,unknown,opencamera-evidence.json#/rows/950,False,unknown
opencamera,ca5672ca8c7174554ca0b07b5b26e505817a05142f571cf2abe67e790c30249c,direct-framework-reference,,java/io/OutputStreamWriter,definition-present,yes-static,18,1,unknown,opencamera-evidence.json#/rows/951,False,unknown
opencamera,ca5672ca8c7174554ca0b07b5b26e505817a05142f571cf2abe67e790c30249c,direct-framework-reference,,java/io/PrintStream,definition-present,unknown,26,0,unknown,opencamera-evidence.json#/rows/952,False,unknown
opencamera,ca5672ca8c7174554ca0b07b5b26e505817a05142f571cf2abe67e790c30249c,direct-framework-reference,,java/io/PrintWriter,definition-present,yes-static,24,2,unknown,opencamera-evidence.json#/rows/953,False,unknown
opencamera,ca5672ca8c7174554ca0b07b5b26e505817a05142f571cf2abe67e790c30249c,direct-framework-reference,,java/io/Reader,definition-present,unknown,21,0,unknown,opencamera-evidence.json#/rows/954,False,unknown
opencamera,ca5672ca8c7174554ca0b07b5b26e505817a05142f571cf2abe67e790c30249c,direct-framework-reference,,java/io/Serializable,definition-present,unknown,18,0,unknown,opencamera-evidence.json#/rows/955,False,unknown
opencamera,ca5672ca8c7174554ca0b07b5b26e505817a05142f571cf2abe67e790c30249c,direct-framework-reference,,java/io/StringReader,definition-present,unknown,1,0,unknown,opencamera-evidence.json#/rows/956,False,unknown
opencamera,ca5672ca8c7174554ca0b07b5b26e505817a05142f571cf2abe67e790c30249c,direct-framework-reference,,java/io/StringWriter,definition-present,unknown,4,0,unknown,opencamera-evidence.json#/rows/957,False,unknown
opencamera,ca5672ca8c7174554ca0b07b5b26e505817a05142f571cf2abe67e790c30249c,direct-framework-reference,,java/io/Writer,definition-present,yes-static,25,2,unknown,opencamera-evidence.json#/rows/958,False,unknown
opencamera,ca5672ca8c7174554ca0b07b5b26e505817a05142f571cf2abe67e790c30249c,direct-framework-reference,,java/lang/Appendable,definition-present,unknown,58,0,unknown,opencamera-evidence.json#/rows/959,False,unknown
opencamera,ca5672ca8c7174554ca0b07b5b26e505817a05142f571cf2abe67e790c30249c,direct-framework-reference,,java/lang/ArithmeticException,definition-present,unknown,21,0,unknown,opencamera-evidence.json#/rows/960,False,unknown
opencamera,ca5672ca8c7174554ca0b07b5b26e505817a05142f571cf2abe67e790c30249c,direct-framework-reference,,java/lang/ArrayIndexOutOfBoundsException,definition-present,unknown,28,0,unknown,opencamera-evidence.json#/rows/961,False,unknown
opencamera,ca5672ca8c7174554ca0b07b5b26e505817a05142f571cf2abe67e790c30249c,direct-framework-reference,,java/lang/AssertionError,definition-present,unknown,138,0,unknown,opencamera-evidence.json#/rows/962,False,unknown
opencamera,ca5672ca8c7174554ca0b07b5b26e505817a05142f571cf2abe67e790c30249c,direct-framework-reference,,java/lang/AutoCloseable,definition-present,yes-static,7,1,unknown,opencamera-evidence.json#/rows/963,False,unknown
opencamera,ca5672ca8c7174554ca0b07b5b26e505817a05142f571cf2abe67e790c30249c,direct-framework-reference,,java/lang/Boolean,definition-present,yes-static,824,24,unknown,opencamera-evidence.json#/rows/964,False,unknown
opencamera,ca5672ca8c7174554ca0b07b5b26e505817a05142f571cf2abe67e790c30249c,direct-framework-reference,,java/lang/Byte,definition-present,unknown,170,0,unknown,opencamera-evidence.json#/rows/965,False,unknown
opencamera,ca5672ca8c7174554ca0b07b5b26e505817a05142f571cf2abe67e790c30249c,direct-framework-reference,,java/lang/CharSequence,definition-present,yes-static,1480,63,unknown,opencamera-evidence.json#/rows/966,False,unknown
opencamera,ca5672ca8c7174554ca0b07b5b26e505817a05142f571cf2abe67e790c30249c,direct-framework-reference,,java/lang/Character,definition-present,yes-static,372,2,unknown,opencamera-evidence.json#/rows/967,False,unknown
opencamera,ca5672ca8c7174554ca0b07b5b26e505817a05142f571cf2abe67e790c30249c,direct-framework-reference,,java/lang/Class,definition-present,yes-static,737,63,unknown,opencamera-evidence.json#/rows/968,False,unknown
opencamera,ca5672ca8c7174554ca0b07b5b26e505817a05142f571cf2abe67e790c30249c,direct-framework-reference,,java/lang/ClassCastException,definition-present,unknown,13,0,unknown,opencamera-evidence.json#/rows/969,False,unknown
opencamera,ca5672ca8c7174554ca0b07b5b26e505817a05142f571cf2abe67e790c30249c,direct-framework-reference,,java/lang/ClassLoader,definition-present,yes-static,128,5,unknown,opencamera-evidence.json#/rows/970,False,unknown
opencamera,ca5672ca8c7174554ca0b07b5b26e505817a05142f571cf2abe67e790c30249c,direct-framework-reference,,java/lang/ClassNotFoundException,definition-present,unknown,4,0,unknown,opencamera-evidence.json#/rows/971,False,unknown
opencamera,ca5672ca8c7174554ca0b07b5b26e505817a05142f571cf2abe67e790c30249c,direct-framework-reference,,java/lang/ClassValue,definition-present,unknown,1,0,unknown,opencamera-evidence.json#/rows/972,False,unknown
opencamera,ca5672ca8c7174554ca0b07b5b26e505817a05142f571cf2abe67e790c30249c,direct-framework-reference,,java/lang/Comparable,definition-present,unknown,336,0,unknown,opencamera-evidence.json#/rows/973,False,unknown
opencamera,ca5672ca8c7174554ca0b07b5b26e505817a05142f571cf2abe67e790c30249c,direct-framework-reference,,java/lang/Double,definition-present,unknown,251,0,unknown,opencamera-evidence.json#/rows/974,False,unknown
opencamera,ca5672ca8c7174554ca0b07b5b26e505817a05142f571cf2abe67e790c30249c,direct-framework-reference,,java/lang/Enum,definition-present,yes-static,187,7,unknown,opencamera-evidence.json#/rows/975,False,unknown
opencamera,ca5672ca8c7174554ca0b07b5b26e505817a05142f571cf2abe67e790c30249c,direct-framework-reference,,java/lang/Error,definition-present,unknown,15,0,unknown,opencamera-evidence.json#/rows/976,False,unknown
opencamera,ca5672ca8c7174554ca0b07b5b26e505817a05142f571cf2abe67e790c30249c,direct-framework-reference,,java/lang/Exception,definition-present,unknown,32,0,unknown,opencamera-evidence.json#/rows/977,False,unknown
opencamera,ca5672ca8c7174554ca0b07b5b26e505817a05142f571cf2abe67e790c30249c,direct-framework-reference,,java/lang/Float,definition-present,yes-static,282,3,unknown,opencamera-evidence.json#/rows/978,False,unknown
opencamera,ca5672ca8c7174554ca0b07b5b26e505817a05142f571cf2abe67e790c30249c,direct-framework-reference,,java/lang/IllegalAccessError,definition-present,unknown,5,0,unknown,opencamera-evidence.json#/rows/979,False,unknown
opencamera,ca5672ca8c7174554ca0b07b5b26e505817a05142f571cf2abe67e790c30249c,direct-framework-reference,,java/lang/IllegalAccessException,definition-present,unknown,4,0,unknown,opencamera-evidence.json#/rows/980,False,unknown
opencamera,ca5672ca8c7174554ca0b07b5b26e505817a05142f571cf2abe67e790c30249c,direct-framework-reference,,java/lang/IllegalArgumentException,definition-present,yes-static,507,32,unknown,opencamera-evidence.json#/rows/981,False,unknown
opencamera,ca5672ca8c7174554ca0b07b5b26e505817a05142f571cf2abe67e790c30249c,direct-framework-reference,,java/lang/IllegalStateException,definition-present,yes-static,605,41,unknown,opencamera-evidence.json#/rows/982,False,unknown
opencamera,ca5672ca8c7174554ca0b07b5b26e505817a05142f571cf2abe67e790c30249c,direct-framework-reference,,java/lang/IndexOutOfBoundsException,definition-present,unknown,36,0,unknown,opencamera-evidence.json#/rows/983,False,unknown
opencamera,ca5672ca8c7174554ca0b07b5b26e505817a05142f571cf2abe67e790c30249c,direct-framework-reference,,java/lang/InstantiationError,definition-present,unknown,1,0,unknown,opencamera-evidence.json#/rows/984,False,unknown
opencamera,ca5672ca8c7174554ca0b07b5b26e505817a05142f571cf2abe67e790c30249c,direct-framework-reference,,java/lang/Integer,definition-present,yes-static,974,34,unknown,opencamera-evidence.json#/rows/985,False,unknown
opencamera,ca5672ca8c7174554ca0b07b5b26e505817a05142f571cf2abe67e790c30249c,direct-framework-reference,,java/lang/InterruptedException,definition-present,yes-static,5,1,unknown,opencamera-evidence.json#/rows/986,False,unknown
opencamera,ca5672ca8c7174554ca0b07b5b26e505817a05142f571cf2abe67e790c30249c,direct-framework-reference,,java/lang/Iterable,definition-present,yes-static,561,5,unknown,opencamera-evidence.json#/rows/987,False,unknown
opencamera,ca5672ca8c7174554ca0b07b5b26e505817a05142f571cf2abe67e790c30249c,direct-framework-reference,,java/lang/Long,definition-present,yes-static,284,1,unknown,opencamera-evidence.json#/rows/988,False,unknown
opencamera,ca5672ca8c7174554ca0b07b5b26e505817a05142f571cf2abe67e790c30249c,direct-framework-reference,,java/lang/Math,definition-present,yes-static,771,34,unknown,opencamera-evidence.json#/rows/989,False,unknown
opencamera,ca5672ca8c7174554ca0b07b5b26e505817a05142f571cf2abe67e790c30249c,direct-framework-reference,,java/lang/NoClassDefFoundError,definition-present,unknown,17,0,unknown,opencamera-evidence.json#/rows/990,False,unknown
opencamera,ca5672ca8c7174554ca0b07b5b26e505817a05142f571cf2abe67e790c30249c,direct-framework-reference,,java/lang/NoSuchFieldError,definition-present,unknown,2,0,unknown,opencamera-evidence.json#/rows/991,False,unknown
opencamera,ca5672ca8c7174554ca0b07b5b26e505817a05142f571cf2abe67e790c30249c,direct-framework-reference,,java/lang/NoSuchFieldException,definition-present,unknown,1,0,unknown,opencamera-evidence.json#/rows/992,False,unknown
opencamera,ca5672ca8c7174554ca0b07b5b26e505817a05142f571cf2abe67e790c30249c,direct-framework-reference,,java/lang/NoSuchMethodError,definition-present,unknown,2,0,unknown,opencamera-evidence.json#/rows/993,False,unknown
opencamera,ca5672ca8c7174554ca0b07b5b26e505817a05142f571cf2abe67e790c30249c,direct-framework-reference,,java/lang/NoSuchMethodException,definition-present,unknown,1,0,unknown,opencamera-evidence.json#/rows/994,False,unknown
opencamera,ca5672ca8c7174554ca0b07b5b26e505817a05142f571cf2abe67e790c30249c,direct-framework-reference,,java/lang/NullPointerException,definition-present,yes-static,72,9,unknown,opencamera-evidence.json#/rows/995,False,unknown
opencamera,ca5672ca8c7174554ca0b07b5b26e505817a05142f571cf2abe67e790c30249c,direct-framework-reference,,java/lang/Number,definition-present,unknown,438,0,unknown,opencamera-evidence.json#/rows/996,False,unknown
opencamera,ca5672ca8c7174554ca0b07b5b26e505817a05142f571cf2abe67e790c30249c,direct-framework-reference,,java/lang/NumberFormatException,definition-present,unknown,9,0,unknown,opencamera-evidence.json#/rows/997,False,unknown
opencamera,ca5672ca8c7174554ca0b07b5b26e505817a05142f571cf2abe67e790c30249c,direct-framework-reference,,java/lang/Object,definition-present,yes-static,14222,827,unknown,opencamera-evidence.json#/rows/998,False,unknown
opencamera,ca5672ca8c7174554ca0b07b5b26e505817a05142f571cf2abe67e790c30249c,direct-framework-reference,,java/lang/OutOfMemoryError,definition-present,yes-static,7,1,unknown,opencamera-evidence.json#/rows/999,False,unknown
opencamera,ca5672ca8c7174554ca0b07b5b26e505817a05142f571cf2abe67e790c30249c,direct-framework-reference,,java/lang/Package,definition-present,yes-static,3,1,unknown,opencamera-evidence.json#/rows/1000,False,unknown
opencamera,ca5672ca8c7174554ca0b07b5b26e505817a05142f571cf2abe67e790c30249c,direct-framework-reference,,java/lang/ReflectiveOperationException,definition-present,unknown,5,0,unknown,opencamera-evidence.json#/rows/1001,False,unknown
opencamera,ca5672ca8c7174554ca0b07b5b26e505817a05142f571cf2abe67e790c30249c,direct-framework-reference,,java/lang/Runnable,definition-present,yes-static,494,52,unknown,opencamera-evidence.json#/rows/1002,False,unknown
opencamera,ca5672ca8c7174554ca0b07b5b26e505817a05142f571cf2abe67e790c30249c,direct-framework-reference,,java/lang/Runtime,definition-present,unknown,1,0,unknown,opencamera-evidence.json#/rows/1003,False,unknown
opencamera,ca5672ca8c7174554ca0b07b5b26e505817a05142f571cf2abe67e790c30249c,direct-framework-reference,,java/lang/RuntimeException,definition-present,yes-static,241,10,unknown,opencamera-evidence.json#/rows/1004,False,unknown
opencamera,ca5672ca8c7174554ca0b07b5b26e505817a05142f571cf2abe67e790c30249c,direct-framework-reference,,java/lang/SecurityException,definition-present,unknown,7,0,unknown,opencamera-evidence.json#/rows/1005,False,unknown
opencamera,ca5672ca8c7174554ca0b07b5b26e505817a05142f571cf2abe67e790c30249c,direct-framework-reference,,java/lang/Short,definition-present,unknown,168,0,unknown,opencamera-evidence.json#/rows/1006,False,unknown
opencamera,ca5672ca8c7174554ca0b07b5b26e505817a05142f571cf2abe67e790c30249c,direct-framework-reference,,java/lang/StackTraceElement,definition-present,yes-static,38,2,unknown,opencamera-evidence.json#/rows/1007,False,unknown
opencamera,ca5672ca8c7174554ca0b07b5b26e505817a05142f571cf2abe67e790c30249c,direct-framework-reference,,java/lang/String,definition-present,yes-static,10996,535,unknown,opencamera-evidence.json#/rows/1008,False,unknown
opencamera,ca5672ca8c7174554ca0b07b5b26e505817a05142f571cf2abe67e790c30249c,direct-framework-reference,,java/lang/StringBuffer,definition-present,unknown,4,0,unknown,opencamera-evidence.json#/rows/1009,False,unknown
opencamera,ca5672ca8c7174554ca0b07b5b26e505817a05142f571cf2abe67e790c30249c,direct-framework-reference,,java/lang/StringBuilder,definition-present,yes-static,1345,139,unknown,opencamera-evidence.json#/rows/1010,False,unknown
opencamera,ca5672ca8c7174554ca0b07b5b26e505817a05142f571cf2abe67e790c30249c,direct-framework-reference,,java/lang/System,definition-present,yes-static,214,16,unknown,opencamera-evidence.json#/rows/1011,False,unknown
opencamera,ca5672ca8c7174554ca0b07b5b26e505817a05142f571cf2abe67e790c30249c,direct-framework-reference,,java/lang/Thread,definition-present,yes-static,92,6,unknown,opencamera-evidence.json#/rows/1012,False,unknown
opencamera,ca5672ca8c7174554ca0b07b5b26e505817a05142f571cf2abe67e790c30249c,direct-framework-reference,,java/lang/Thread$State,definition-present,unknown,1,0,unknown,opencamera-evidence.json#/rows/1013,False,unknown
opencamera,ca5672ca8c7174554ca0b07b5b26e505817a05142f571cf2abe67e790c30249c,direct-framework-reference,,java/lang/Thread$UncaughtExceptionHandler,definition-present,unknown,5,0,unknown,opencamera-evidence.json#/rows/1014,False,unknown
opencamera,ca5672ca8c7174554ca0b07b5b26e505817a05142f571cf2abe67e790c30249c,direct-framework-reference,,java/lang/ThreadLocal,definition-present,yes-static,47,5,unknown,opencamera-evidence.json#/rows/1015,False,unknown
opencamera,ca5672ca8c7174554ca0b07b5b26e505817a05142f571cf2abe67e790c30249c,direct-framework-reference,,java/lang/Throwable,definition-present,yes-static,1010,51,unknown,opencamera-evidence.json#/rows/1016,False,unknown
opencamera,ca5672ca8c7174554ca0b07b5b26e505817a05142f571cf2abe67e790c30249c,direct-framework-reference,,java/lang/UnsupportedClassVersionError,definition-present,unknown,1,0,unknown,opencamera-evidence.json#/rows/1017,False,unknown
opencamera,ca5672ca8c7174554ca0b07b5b26e505817a05142f571cf2abe67e790c30249c,direct-framework-reference,,java/lang/UnsupportedOperationException,definition-present,unknown,348,0,unknown,opencamera-evidence.json#/rows/1018,False,unknown
opencamera,ca5672ca8c7174554ca0b07b5b26e505817a05142f571cf2abe67e790c30249c,direct-framework-reference,,java/lang/Void,definition-present,yes-static,128,2,unknown,opencamera-evidence.json#/rows/1019,False,unknown
opencamera,ca5672ca8c7174554ca0b07b5b26e505817a05142f571cf2abe67e790c30249c,direct-framework-reference,,java/lang/annotation/Annotation,definition-present,yes-static,8,2,unknown,opencamera-evidence.json#/rows/1020,False,unknown
opencamera,ca5672ca8c7174554ca0b07b5b26e505817a05142f571cf2abe67e790c30249c,direct-framework-reference,,java/lang/instrument/ClassFileTransformer,definition-absent,unknown,1,0,unresolvable-in-scanned-inputs,opencamera-evidence.json#/rows/1021,False,unknown
opencamera,ca5672ca8c7174554ca0b07b5b26e505817a05142f571cf2abe67e790c30249c,direct-framework-reference,,java/lang/instrument/Instrumentation,definition-absent,unknown,1,0,unresolvable-in-scanned-inputs,opencamera-evidence.json#/rows/1022,False,unknown
opencamera,ca5672ca8c7174554ca0b07b5b26e505817a05142f571cf2abe67e790c30249c,direct-framework-reference,,java/lang/ref/Reference,definition-present,unknown,8,0,unknown,opencamera-evidence.json#/rows/1023,False,unknown
opencamera,ca5672ca8c7174554ca0b07b5b26e505817a05142f571cf2abe67e790c30249c,direct-framework-reference,,java/lang/ref/ReferenceQueue,definition-present,unknown,5,0,unknown,opencamera-evidence.json#/rows/1024,False,unknown
opencamera,ca5672ca8c7174554ca0b07b5b26e505817a05142f571cf2abe67e790c30249c,direct-framework-reference,,java/lang/ref/WeakReference,definition-present,yes-static,142,13,unknown,opencamera-evidence.json#/rows/1025,False,unknown
opencamera,ca5672ca8c7174554ca0b07b5b26e505817a05142f571cf2abe67e790c30249c,direct-framework-reference,,java/lang/reflect/Array,definition-present,yes-static,16,2,unknown,opencamera-evidence.json#/rows/1026,False,unknown
opencamera,ca5672ca8c7174554ca0b07b5b26e505817a05142f571cf2abe67e790c30249c,direct-framework-reference,,java/lang/reflect/Constructor,definition-present,yes-static,65,8,unknown,opencamera-evidence.json#/rows/1027,False,unknown
opencamera,ca5672ca8c7174554ca0b07b5b26e505817a05142f571cf2abe67e790c30249c,direct-framework-reference,,java/lang/reflect/Field,definition-present,yes-static,55,5,unknown,opencamera-evidence.json#/rows/1028,False,unknown
opencamera,ca5672ca8c7174554ca0b07b5b26e505817a05142f571cf2abe67e790c30249c,direct-framework-reference,,java/lang/reflect/GenericArrayType,definition-present,unknown,1,0,unknown,opencamera-evidence.json#/rows/1029,False,unknown
opencamera,ca5672ca8c7174554ca0b07b5b26e505817a05142f571cf2abe67e790c30249c,direct-framework-reference,,java/lang/reflect/GenericDeclaration,definition-present,unknown,2,0,unknown,opencamera-evidence.json#/rows/1030,False,unknown
opencamera,ca5672ca8c7174554ca0b07b5b26e505817a05142f571cf2abe67e790c30249c,direct-framework-reference,,java/lang/reflect/InvocationTargetException,definition-present,unknown,9,0,unknown,opencamera-evidence.json#/rows/1031,False,unknown
opencamera,ca5672ca8c7174554ca0b07b5b26e505817a05142f571cf2abe67e790c30249c,direct-framework-reference,,java/lang/reflect/Method,definition-present,yes-static,139,19,unknown,opencamera-evidence.json#/rows/1032,False,unknown
opencamera,ca5672ca8c7174554ca0b07b5b26e505817a05142f571cf2abe67e790c30249c,direct-framework-reference,,java/lang/reflect/Modifier,definition-present,unknown,5,0,unknown,opencamera-evidence.json#/rows/1033,False,unknown
opencamera,ca5672ca8c7174554ca0b07b5b26e505817a05142f571cf2abe67e790c30249c,direct-framework-reference,,java/lang/reflect/ParameterizedType,definition-present,unknown,1,0,unknown,opencamera-evidence.json#/rows/1034,False,unknown
opencamera,ca5672ca8c7174554ca0b07b5b26e505817a05142f571cf2abe67e790c30249c,direct-framework-reference,,java/lang/reflect/Type,definition-present,unknown,30,0,unknown,opencamera-evidence.json#/rows/1035,False,unknown
opencamera,ca5672ca8c7174554ca0b07b5b26e505817a05142f571cf2abe67e790c30249c,direct-framework-reference,,java/lang/reflect/TypeVariable,definition-present,unknown,2,0,unknown,opencamera-evidence.json#/rows/1036,False,unknown
opencamera,ca5672ca8c7174554ca0b07b5b26e505817a05142f571cf2abe67e790c30249c,direct-framework-reference,,java/lang/reflect/WildcardType,definition-present,unknown,1,0,unknown,opencamera-evidence.json#/rows/1037,False,unknown
opencamera,ca5672ca8c7174554ca0b07b5b26e505817a05142f571cf2abe67e790c30249c,direct-framework-reference,,java/math/BigDecimal,definition-present,unknown,41,0,unknown,opencamera-evidence.json#/rows/1038,False,unknown
opencamera,ca5672ca8c7174554ca0b07b5b26e505817a05142f571cf2abe67e790c30249c,direct-framework-reference,,java/math/BigInteger,definition-present,unknown,40,0,unknown,opencamera-evidence.json#/rows/1039,False,unknown
opencamera,ca5672ca8c7174554ca0b07b5b26e505817a05142f571cf2abe67e790c30249c,direct-framework-reference,,java/math/MathContext,definition-present,unknown,8,0,unknown,opencamera-evidence.json#/rows/1040,False,unknown
opencamera,ca5672ca8c7174554ca0b07b5b26e505817a05142f571cf2abe67e790c30249c,direct-framework-reference,,java/math/RoundingMode,definition-present,unknown,2,0,unknown,opencamera-evidence.json#/rows/1041,False,unknown
opencamera,ca5672ca8c7174554ca0b07b5b26e505817a05142f571cf2abe67e790c30249c,direct-framework-reference,,java/net/DatagramSocket,definition-present,unknown,6,0,unknown,opencamera-evidence.json#/rows/1042,False,unknown
opencamera,ca5672ca8c7174554ca0b07b5b26e505817a05142f571cf2abe67e790c30249c,direct-framework-reference,,java/net/Socket,definition-present,unknown,5,0,unknown,opencamera-evidence.json#/rows/1043,False,unknown
opencamera,ca5672ca8c7174554ca0b07b5b26e505817a05142f571cf2abe67e790c30249c,direct-framework-reference,,java/net/SocketImpl,definition-present,unknown,2,0,unknown,opencamera-evidence.json#/rows/1044,False,unknown
opencamera,ca5672ca8c7174554ca0b07b5b26e505817a05142f571cf2abe67e790c30249c,direct-framework-reference,,java/net/URI,definition-present,unknown,2,0,unknown,opencamera-evidence.json#/rows/1045,False,unknown
opencamera,ca5672ca8c7174554ca0b07b5b26e505817a05142f571cf2abe67e790c30249c,direct-framework-reference,,java/net/URL,definition-present,unknown,5,0,unknown,opencamera-evidence.json#/rows/1046,False,unknown
opencamera,ca5672ca8c7174554ca0b07b5b26e505817a05142f571cf2abe67e790c30249c,direct-framework-reference,,java/net/URLEncoder,definition-present,unknown,1,0,unknown,opencamera-evidence.json#/rows/1047,False,unknown
opencamera,ca5672ca8c7174554ca0b07b5b26e505817a05142f571cf2abe67e790c30249c,direct-framework-reference,,java/nio/Buffer,definition-present,unknown,34,0,unknown,opencamera-evidence.json#/rows/1048,False,unknown
opencamera,ca5672ca8c7174554ca0b07b5b26e505817a05142f571cf2abe67e790c30249c,direct-framework-reference,,java/nio/ByteBuffer,definition-present,yes-static,189,2,unknown,opencamera-evidence.json#/rows/1049,False,unknown
opencamera,ca5672ca8c7174554ca0b07b5b26e505817a05142f571cf2abe67e790c30249c,direct-framework-reference,,java/nio/ByteOrder,definition-present,unknown,70,0,unknown,opencamera-evidence.json#/rows/1050,False,unknown
opencamera,ca5672ca8c7174554ca0b07b5b26e505817a05142f571cf2abe67e790c30249c,direct-framework-reference,,java/nio/CharBuffer,definition-present,unknown,10,0,unknown,opencamera-evidence.json#/rows/1051,False,unknown
opencamera,ca5672ca8c7174554ca0b07b5b26e505817a05142f571cf2abe67e790c30249c,direct-framework-reference,,java/nio/IntBuffer,definition-present,unknown,2,0,unknown,opencamera-evidence.json#/rows/1052,False,unknown
opencamera,ca5672ca8c7174554ca0b07b5b26e505817a05142f571cf2abe67e790c30249c,direct-framework-reference,,java/nio/MappedByteBuffer,definition-present,unknown,2,0,unknown,opencamera-evidence.json#/rows/1053,False,unknown
opencamera,ca5672ca8c7174554ca0b07b5b26e505817a05142f571cf2abe67e790c30249c,direct-framework-reference,,java/nio/channels/FileChannel,definition-present,unknown,2,0,unknown,opencamera-evidence.json#/rows/1054,False,unknown
opencamera,ca5672ca8c7174554ca0b07b5b26e505817a05142f571cf2abe67e790c30249c,direct-framework-reference,,java/nio/channels/FileChannel$MapMode,definition-present,unknown,2,0,unknown,opencamera-evidence.json#/rows/1055,False,unknown
opencamera,ca5672ca8c7174554ca0b07b5b26e505817a05142f571cf2abe67e790c30249c,direct-framework-reference,,java/nio/charset/Charset,definition-present,unknown,116,0,unknown,opencamera-evidence.json#/rows/1056,False,unknown
opencamera,ca5672ca8c7174554ca0b07b5b26e505817a05142f571cf2abe67e790c30249c,direct-framework-reference,,java/nio/charset/CharsetDecoder,definition-present,unknown,8,0,unknown,opencamera-evidence.json#/rows/1057,False,unknown
opencamera,ca5672ca8c7174554ca0b07b5b26e505817a05142f571cf2abe67e790c30249c,direct-framework-reference,,java/nio/charset/CharsetEncoder,definition-present,unknown,3,0,unknown,opencamera-evidence.json#/rows/1058,False,unknown
opencamera,ca5672ca8c7174554ca0b07b5b26e505817a05142f571cf2abe67e790c30249c,direct-framework-reference,,java/nio/charset/CoderResult,definition-present,unknown,3,0,unknown,opencamera-evidence.json#/rows/1059,False,unknown
opencamera,ca5672ca8c7174554ca0b07b5b26e505817a05142f571cf2abe67e790c30249c,direct-framework-reference,,java/nio/charset/CodingErrorAction,definition-present,unknown,2,0,unknown,opencamera-evidence.json#/rows/1060,False,unknown
opencamera,ca5672ca8c7174554ca0b07b5b26e505817a05142f571cf2abe67e790c30249c,direct-framework-reference,,java/nio/charset/StandardCharsets,definition-present,unknown,9,0,unknown,opencamera-evidence.json#/rows/1061,False,unknown
opencamera,ca5672ca8c7174554ca0b07b5b26e505817a05142f571cf2abe67e790c30249c,direct-framework-reference,,java/nio/file/CopyOption,definition-present,unknown,10,0,unknown,opencamera-evidence.json#/rows/1062,False,unknown
opencamera,ca5672ca8c7174554ca0b07b5b26e505817a05142f571cf2abe67e790c30249c,direct-framework-reference,,java/nio/file/DirectoryStream,definition-present,unknown,11,0,unknown,opencamera-evidence.json#/rows/1063,False,unknown
opencamera,ca5672ca8c7174554ca0b07b5b26e505817a05142f571cf2abe67e790c30249c,direct-framework-reference,,java/nio/file/FileStore,definition-present,unknown,2,0,unknown,opencamera-evidence.json#/rows/1064,False,unknown
opencamera,ca5672ca8c7174554ca0b07b5b26e505817a05142f571cf2abe67e790c30249c,direct-framework-reference,,java/nio/file/FileSystem,definition-present,unknown,6,0,unknown,opencamera-evidence.json#/rows/1065,False,unknown
opencamera,ca5672ca8c7174554ca0b07b5b26e505817a05142f571cf2abe67e790c30249c,direct-framework-reference,,java/nio/file/FileSystemException,definition-present,unknown,8,0,unknown,opencamera-evidence.json#/rows/1066,False,unknown
opencamera,ca5672ca8c7174554ca0b07b5b26e505817a05142f571cf2abe67e790c30249c,direct-framework-reference,,java/nio/file/FileSystemLoopException,definition-present,unknown,5,0,unknown,opencamera-evidence.json#/rows/1067,False,unknown
opencamera,ca5672ca8c7174554ca0b07b5b26e505817a05142f571cf2abe67e790c30249c,direct-framework-reference,,java/nio/file/FileVisitOption,definition-present,unknown,3,0,unknown,opencamera-evidence.json#/rows/1068,False,unknown
opencamera,ca5672ca8c7174554ca0b07b5b26e505817a05142f571cf2abe67e790c30249c,direct-framework-reference,,java/nio/file/FileVisitResult,definition-present,unknown,30,0,unknown,opencamera-evidence.json#/rows/1069,False,unknown
opencamera,ca5672ca8c7174554ca0b07b5b26e505817a05142f571cf2abe67e790c30249c,direct-framework-reference,,java/nio/file/FileVisitor,definition-present,unknown,8,0,unknown,opencamera-evidence.json#/rows/1070,False,unknown
opencamera,ca5672ca8c7174554ca0b07b5b26e505817a05142f571cf2abe67e790c30249c,direct-framework-reference,,java/nio/file/Files,definition-present,unknown,47,0,unknown,opencamera-evidence.json#/rows/1071,False,unknown
opencamera,ca5672ca8c7174554ca0b07b5b26e505817a05142f571cf2abe67e790c30249c,direct-framework-reference,,java/nio/file/LinkOption,definition-present,unknown,43,0,unknown,opencamera-evidence.json#/rows/1072,False,unknown
opencamera,ca5672ca8c7174554ca0b07b5b26e505817a05142f571cf2abe67e790c30249c,direct-framework-reference,,java/nio/file/NoSuchFileException,definition-present,unknown,3,0,unknown,opencamera-evidence.json#/rows/1073,False,unknown
opencamera,ca5672ca8c7174554ca0b07b5b26e505817a05142f571cf2abe67e790c30249c,direct-framework-reference,,java/nio/file/OpenOption,definition-present,unknown,28,0,unknown,opencamera-evidence.json#/rows/1074,False,unknown
opencamera,ca5672ca8c7174554ca0b07b5b26e505817a05142f571cf2abe67e790c30249c,direct-framework-reference,,java/nio/file/Path,definition-present,unknown,228,0,unknown,opencamera-evidence.json#/rows/1075,False,unknown
opencamera,ca5672ca8c7174554ca0b07b5b26e505817a05142f571cf2abe67e790c30249c,direct-framework-reference,,java/nio/file/Paths,definition-present,unknown,2,0,unknown,opencamera-evidence.json#/rows/1076,False,unknown
opencamera,ca5672ca8c7174554ca0b07b5b26e505817a05142f571cf2abe67e790c30249c,direct-framework-reference,,java/nio/file/SecureDirectoryStream,definition-present,unknown,11,0,unknown,opencamera-evidence.json#/rows/1077,False,unknown
opencamera,ca5672ca8c7174554ca0b07b5b26e505817a05142f571cf2abe67e790c30249c,direct-framework-reference,,java/nio/file/SimpleFileVisitor,definition-present,unknown,8,0,unknown,opencamera-evidence.json#/rows/1078,False,unknown
opencamera,ca5672ca8c7174554ca0b07b5b26e505817a05142f571cf2abe67e790c30249c,direct-framework-reference,,java/nio/file/StandardCopyOption,definition-present,unknown,6,0,unknown,opencamera-evidence.json#/rows/1079,False,unknown
opencamera,ca5672ca8c7174554ca0b07b5b26e505817a05142f571cf2abe67e790c30249c,direct-framework-reference,,java/nio/file/StandardOpenOption,definition-present,unknown,7,0,unknown,opencamera-evidence.json#/rows/1080,False,unknown
opencamera,ca5672ca8c7174554ca0b07b5b26e505817a05142f571cf2abe67e790c30249c,direct-framework-reference,,java/nio/file/attribute/BasicFileAttributeView,definition-present,unknown,4,0,unknown,opencamera-evidence.json#/rows/1081,False,unknown
opencamera,ca5672ca8c7174554ca0b07b5b26e505817a05142f571cf2abe67e790c30249c,direct-framework-reference,,java/nio/file/attribute/BasicFileAttributes,definition-present,unknown,22,0,unknown,opencamera-evidence.json#/rows/1082,False,unknown
opencamera,ca5672ca8c7174554ca0b07b5b26e505817a05142f571cf2abe67e790c30249c,direct-framework-reference,,java/nio/file/attribute/FileAttribute,definition-present,unknown,21,0,unknown,opencamera-evidence.json#/rows/1083,False,unknown
opencamera,ca5672ca8c7174554ca0b07b5b26e505817a05142f571cf2abe67e790c30249c,direct-framework-reference,,java/nio/file/attribute/FileAttributeView,definition-present,unknown,7,0,unknown,opencamera-evidence.json#/rows/1084,False,unknown
opencamera,ca5672ca8c7174554ca0b07b5b26e505817a05142f571cf2abe67e790c30249c,direct-framework-reference,,java/nio/file/attribute/FileTime,definition-present,unknown,4,0,unknown,opencamera-evidence.json#/rows/1085,False,unknown
opencamera,ca5672ca8c7174554ca0b07b5b26e505817a05142f571cf2abe67e790c30249c,direct-framework-reference,,java/nio/file/attribute/UserPrincipal,definition-present,unknown,4,0,unknown,opencamera-evidence.json#/rows/1086,False,unknown
opencamera,ca5672ca8c7174554ca0b07b5b26e505817a05142f571cf2abe67e790c30249c,direct-framework-reference,,java/security/MessageDigest,definition-present,unknown,1,0,unknown,opencamera-evidence.json#/rows/1087,False,unknown
opencamera,ca5672ca8c7174554ca0b07b5b26e505817a05142f571cf2abe67e790c30249c,direct-framework-reference,,java/security/Signature,definition-present,unknown,6,0,unknown,opencamera-evidence.json#/rows/1088,False,unknown
opencamera,ca5672ca8c7174554ca0b07b5b26e505817a05142f571cf2abe67e790c30249c,direct-framework-reference,,java/text/DateFormat,definition-present,unknown,4,0,unknown,opencamera-evidence.json#/rows/1089,False,unknown
opencamera,ca5672ca8c7174554ca0b07b5b26e505817a05142f571cf2abe67e790c30249c,direct-framework-reference,,java/text/DecimalFormat,definition-present,yes-static,16,3,unknown,opencamera-evidence.json#/rows/1090,False,unknown
opencamera,ca5672ca8c7174554ca0b07b5b26e505817a05142f571cf2abe67e790c30249c,direct-framework-reference,,java/text/NumberFormat,definition-present,unknown,1,0,unknown,opencamera-evidence.json#/rows/1091,False,unknown
opencamera,ca5672ca8c7174554ca0b07b5b26e505817a05142f571cf2abe67e790c30249c,direct-framework-reference,,java/text/ParsePosition,definition-present,unknown,2,0,unknown,opencamera-evidence.json#/rows/1092,False,unknown
opencamera,ca5672ca8c7174554ca0b07b5b26e505817a05142f571cf2abe67e790c30249c,direct-framework-reference,,java/text/SimpleDateFormat,definition-present,unknown,12,0,unknown,opencamera-evidence.json#/rows/1093,False,unknown
opencamera,ca5672ca8c7174554ca0b07b5b26e505817a05142f571cf2abe67e790c30249c,direct-framework-reference,,java/time/Duration,definition-present,unknown,7,0,unknown,opencamera-evidence.json#/rows/1094,False,unknown
opencamera,ca5672ca8c7174554ca0b07b5b26e505817a05142f571cf2abe67e790c30249c,direct-framework-reference,,java/util/AbstractCollection,definition-present,unknown,1,0,unknown,opencamera-evidence.json#/rows/1095,False,unknown
opencamera,ca5672ca8c7174554ca0b07b5b26e505817a05142f571cf2abe67e790c30249c,direct-framework-reference,,java/util/AbstractList,definition-present,yes-static,1,1,unknown,opencamera-evidence.json#/rows/1096,False,unknown
opencamera,ca5672ca8c7174554ca0b07b5b26e505817a05142f571cf2abe67e790c30249c,direct-framework-reference,,java/util/AbstractMap,definition-present,unknown,4,0,unknown,opencamera-evidence.json#/rows/1097,False,unknown
opencamera,ca5672ca8c7174554ca0b07b5b26e505817a05142f571cf2abe67e790c30249c,direct-framework-reference,,java/util/AbstractSet,definition-present,unknown,1,0,unknown,opencamera-evidence.json#/rows/1098,False,unknown
opencamera,ca5672ca8c7174554ca0b07b5b26e505817a05142f571cf2abe67e790c30249c,direct-framework-reference,,java/util/ArrayDeque,definition-present,yes-static,23,3,unknown,opencamera-evidence.json#/rows/1099,False,unknown
opencamera,ca5672ca8c7174554ca0b07b5b26e505817a05142f571cf2abe67e790c30249c,direct-framework-reference,,java/util/ArrayList,definition-present,yes-static,1166,117,unknown,opencamera-evidence.json#/rows/1100,False,unknown
opencamera,ca5672ca8c7174554ca0b07b5b26e505817a05142f571cf2abe67e790c30249c,direct-framework-reference,,java/util/Arrays,definition-present,yes-static,351,5,unknown,opencamera-evidence.json#/rows/1101,False,unknown
opencamera,ca5672ca8c7174554ca0b07b5b26e505817a05142f571cf2abe67e790c30249c,direct-framework-reference,,java/util/BitSet,definition-present,unknown,2,0,unknown,opencamera-evidence.json#/rows/1102,False,unknown
opencamera,ca5672ca8c7174554ca0b07b5b26e505817a05142f571cf2abe67e790c30249c,direct-framework-reference,,java/util/Calendar,definition-present,unknown,4,0,unknown,opencamera-evidence.json#/rows/1103,False,unknown
opencamera,ca5672ca8c7174554ca0b07b5b26e505817a05142f571cf2abe67e790c30249c,direct-framework-reference,,java/util/Collection,definition-present,yes-static,785,34,unknown,opencamera-evidence.json#/rows/1104,False,unknown
opencamera,ca5672ca8c7174554ca0b07b5b26e505817a05142f571cf2abe67e790c30249c,direct-framework-reference,,java/util/Collections,definition-present,yes-static,84,10,unknown,opencamera-evidence.json#/rows/1105,False,unknown
opencamera,ca5672ca8c7174554ca0b07b5b26e505817a05142f571cf2abe67e790c30249c,direct-framework-reference,,java/util/Comparator,definition-present,yes-static,321,3,unknown,opencamera-evidence.json#/rows/1106,False,unknown
opencamera,ca5672ca8c7174554ca0b07b5b26e505817a05142f571cf2abe67e790c30249c,direct-framework-reference,,java/util/ConcurrentModificationException,definition-present,yes-static,5,3,unknown,opencamera-evidence.json#/rows/1107,False,unknown
opencamera,ca5672ca8c7174554ca0b07b5b26e505817a05142f571cf2abe67e790c30249c,direct-framework-reference,,java/util/Date,definition-present,yes-static,55,1,unknown,opencamera-evidence.json#/rows/1108,False,unknown
opencamera,ca5672ca8c7174554ca0b07b5b26e505817a05142f571cf2abe67e790c30249c,direct-framework-reference,,java/util/Deque,definition-present,unknown,3,0,unknown,opencamera-evidence.json#/rows/1109,False,unknown
opencamera,ca5672ca8c7174554ca0b07b5b26e505817a05142f571cf2abe67e790c30249c,direct-framework-reference,,java/util/EnumSet,definition-present,unknown,2,0,unknown,opencamera-evidence.json#/rows/1110,False,unknown
opencamera,ca5672ca8c7174554ca0b07b5b26e505817a05142f571cf2abe67e790c30249c,direct-framework-reference,,java/util/Enumeration,definition-present,unknown,7,0,unknown,opencamera-evidence.json#/rows/1111,False,unknown
opencamera,ca5672ca8c7174554ca0b07b5b26e505817a05142f571cf2abe67e790c30249c,direct-framework-reference,,java/util/HashMap,definition-present,yes-static,143,39,unknown,opencamera-evidence.json#/rows/1112,False,unknown
opencamera,ca5672ca8c7174554ca0b07b5b26e505817a05142f571cf2abe67e790c30249c,direct-framework-reference,,java/util/HashSet,definition-present,yes-static,88,13,unknown,opencamera-evidence.json#/rows/1113,False,unknown
opencamera,ca5672ca8c7174554ca0b07b5b26e505817a05142f571cf2abe67e790c30249c,direct-framework-reference,,java/util/Hashtable,definition-present,yes-static,4,3,unknown,opencamera-evidence.json#/rows/1114,False,unknown
opencamera,ca5672ca8c7174554ca0b07b5b26e505817a05142f571cf2abe67e790c30249c,direct-framework-reference,,java/util/IdentityHashMap,definition-present,unknown,2,0,unknown,opencamera-evidence.json#/rows/1115,False,unknown
opencamera,ca5672ca8c7174554ca0b07b5b26e505817a05142f571cf2abe67e790c30249c,direct-framework-reference,,java/util/Iterator,definition-present,yes-static,1078,76,unknown,opencamera-evidence.json#/rows/1116,False,unknown
opencamera,ca5672ca8c7174554ca0b07b5b26e505817a05142f571cf2abe67e790c30249c,direct-framework-reference,,java/util/LinkedHashMap,definition-present,yes-static,128,5,unknown,opencamera-evidence.json#/rows/1117,False,unknown
opencamera,ca5672ca8c7174554ca0b07b5b26e505817a05142f571cf2abe67e790c30249c,direct-framework-reference,,java/util/LinkedHashSet,definition-present,yes-static,46,2,unknown,opencamera-evidence.json#/rows/1118,False,unknown
opencamera,ca5672ca8c7174554ca0b07b5b26e505817a05142f571cf2abe67e790c30249c,direct-framework-reference,,java/util/LinkedList,definition-present,unknown,1,0,unknown,opencamera-evidence.json#/rows/1119,False,unknown
opencamera,ca5672ca8c7174554ca0b07b5b26e505817a05142f571cf2abe67e790c30249c,direct-framework-reference,,java/util/List,definition-present,yes-static,1684,106,unknown,opencamera-evidence.json#/rows/1120,False,unknown
opencamera,ca5672ca8c7174554ca0b07b5b26e505817a05142f571cf2abe67e790c30249c,direct-framework-reference,,java/util/ListIterator,definition-present,unknown,55,0,unknown,opencamera-evidence.json#/rows/1121,False,unknown
opencamera,ca5672ca8c7174554ca0b07b5b26e505817a05142f571cf2abe67e790c30249c,direct-framework-reference,,java/util/Locale,definition-present,yes-static,129,28,unknown,opencamera-evidence.json#/rows/1122,False,unknown
opencamera,ca5672ca8c7174554ca0b07b5b26e505817a05142f571cf2abe67e790c30249c,direct-framework-reference,,java/util/Locale$Category,definition-present,unknown,1,0,unknown,opencamera-evidence.json#/rows/1123,False,unknown
opencamera,ca5672ca8c7174554ca0b07b5b26e505817a05142f571cf2abe67e790c30249c,direct-framework-reference,,java/util/Map,definition-present,yes-static,571,43,unknown,opencamera-evidence.json#/rows/1124,False,unknown
opencamera,ca5672ca8c7174554ca0b07b5b26e505817a05142f571cf2abe67e790c30249c,direct-framework-reference,,java/util/Map$Entry,definition-present,yes-static,127,12,unknown,opencamera-evidence.json#/rows/1125,False,unknown
opencamera,ca5672ca8c7174554ca0b07b5b26e505817a05142f571cf2abe67e790c30249c,direct-framework-reference,,java/util/NoSuchElementException,definition-present,unknown,427,0,unknown,opencamera-evidence.json#/rows/1126,False,unknown
opencamera,ca5672ca8c7174554ca0b07b5b26e505817a05142f571cf2abe67e790c30249c,direct-framework-reference,,java/util/Objects,definition-present,yes-static,33,1,unknown,opencamera-evidence.json#/rows/1127,False,unknown
opencamera,ca5672ca8c7174554ca0b07b5b26e505817a05142f571cf2abe67e790c30249c,direct-framework-reference,,java/util/Optional,definition-present,unknown,10,0,unknown,opencamera-evidence.json#/rows/1128,False,unknown
opencamera,ca5672ca8c7174554ca0b07b5b26e505817a05142f571cf2abe67e790c30249c,direct-framework-reference,,java/util/PrimitiveIterator$OfDouble,definition-present,unknown,2,0,unknown,opencamera-evidence.json#/rows/1129,False,unknown
opencamera,ca5672ca8c7174554ca0b07b5b26e505817a05142f571cf2abe67e790c30249c,direct-framework-reference,,java/util/PrimitiveIterator$OfInt,definition-present,unknown,2,0,unknown,opencamera-evidence.json#/rows/1130,False,unknown
opencamera,ca5672ca8c7174554ca0b07b5b26e505817a05142f571cf2abe67e790c30249c,direct-framework-reference,,java/util/PrimitiveIterator$OfLong,definition-present,unknown,2,0,unknown,opencamera-evidence.json#/rows/1131,False,unknown
opencamera,ca5672ca8c7174554ca0b07b5b26e505817a05142f571cf2abe67e790c30249c,direct-framework-reference,,java/util/Properties,definition-present,unknown,1,0,unknown,opencamera-evidence.json#/rows/1132,False,unknown
opencamera,ca5672ca8c7174554ca0b07b5b26e505817a05142f571cf2abe67e790c30249c,direct-framework-reference,,java/util/Queue,definition-present,yes-static,11,1,unknown,opencamera-evidence.json#/rows/1133,False,unknown
opencamera,ca5672ca8c7174554ca0b07b5b26e505817a05142f571cf2abe67e790c30249c,direct-framework-reference,,java/util/Random,definition-present,unknown,20,0,unknown,opencamera-evidence.json#/rows/1134,False,unknown
opencamera,ca5672ca8c7174554ca0b07b5b26e505817a05142f571cf2abe67e790c30249c,direct-framework-reference,,java/util/RandomAccess,definition-present,unknown,5,0,unknown,opencamera-evidence.json#/rows/1135,False,unknown
opencamera,ca5672ca8c7174554ca0b07b5b26e505817a05142f571cf2abe67e790c30249c,direct-framework-reference,,java/util/Scanner,definition-present,unknown,1,0,unknown,opencamera-evidence.json#/rows/1136,False,unknown
opencamera,ca5672ca8c7174554ca0b07b5b26e505817a05142f571cf2abe67e790c30249c,direct-framework-reference,,java/util/ServiceLoader,definition-present,unknown,3,0,unknown,opencamera-evidence.json#/rows/1137,False,unknown
opencamera,ca5672ca8c7174554ca0b07b5b26e505817a05142f571cf2abe67e790c30249c,direct-framework-reference,,java/util/Set,definition-present,yes-static,399,36,unknown,opencamera-evidence.json#/rows/1138,False,unknown
opencamera,ca5672ca8c7174554ca0b07b5b26e505817a05142f571cf2abe67e790c30249c,direct-framework-reference,,java/util/SortedMap,definition-present,unknown,4,0,unknown,opencamera-evidence.json#/rows/1139,False,unknown
opencamera,ca5672ca8c7174554ca0b07b5b26e505817a05142f571cf2abe67e790c30249c,direct-framework-reference,,java/util/SortedSet,definition-present,unknown,15,0,unknown,opencamera-evidence.json#/rows/1140,False,unknown
opencamera,ca5672ca8c7174554ca0b07b5b26e505817a05142f571cf2abe67e790c30249c,direct-framework-reference,,java/util/Spliterator,definition-present,unknown,4,0,unknown,opencamera-evidence.json#/rows/1141,False,unknown
opencamera,ca5672ca8c7174554ca0b07b5b26e505817a05142f571cf2abe67e790c30249c,direct-framework-reference,,java/util/Spliterators,definition-present,unknown,1,0,unknown,opencamera-evidence.json#/rows/1142,False,unknown
opencamera,ca5672ca8c7174554ca0b07b5b26e505817a05142f571cf2abe67e790c30249c,direct-framework-reference,,java/util/TimeZone,definition-present,unknown,4,0,unknown,opencamera-evidence.json#/rows/1143,False,unknown
opencamera,ca5672ca8c7174554ca0b07b5b26e505817a05142f571cf2abe67e790c30249c,direct-framework-reference,,java/util/Timer,definition-present,yes-static,21,2,unknown,opencamera-evidence.json#/rows/1144,False,unknown
opencamera,ca5672ca8c7174554ca0b07b5b26e505817a05142f571cf2abe67e790c30249c,direct-framework-reference,,java/util/TimerTask,definition-present,yes-static,40,3,unknown,opencamera-evidence.json#/rows/1145,False,unknown
opencamera,ca5672ca8c7174554ca0b07b5b26e505817a05142f571cf2abe67e790c30249c,direct-framework-reference,,java/util/TreeMap,definition-present,unknown,13,0,unknown,opencamera-evidence.json#/rows/1146,False,unknown
opencamera,ca5672ca8c7174554ca0b07b5b26e505817a05142f571cf2abe67e790c30249c,direct-framework-reference,,java/util/TreeSet,definition-present,unknown,17,0,unknown,opencamera-evidence.json#/rows/1147,False,unknown
opencamera,ca5672ca8c7174554ca0b07b5b26e505817a05142f571cf2abe67e790c30249c,direct-framework-reference,,java/util/UUID,definition-present,yes-static,7,1,unknown,opencamera-evidence.json#/rows/1148,False,unknown
opencamera,ca5672ca8c7174554ca0b07b5b26e505817a05142f571cf2abe67e790c30249c,direct-framework-reference,,java/util/WeakHashMap,definition-present,yes-static,34,14,unknown,opencamera-evidence.json#/rows/1149,False,unknown
opencamera,ca5672ca8c7174554ca0b07b5b26e505817a05142f571cf2abe67e790c30249c,direct-framework-reference,,java/util/concurrent/ArrayBlockingQueue,definition-present,yes-static,4,1,unknown,opencamera-evidence.json#/rows/1150,False,unknown
opencamera,ca5672ca8c7174554ca0b07b5b26e505817a05142f571cf2abe67e790c30249c,direct-framework-reference,,java/util/concurrent/BlockingQueue,definition-present,yes-static,7,2,unknown,opencamera-evidence.json#/rows/1151,False,unknown
opencamera,ca5672ca8c7174554ca0b07b5b26e505817a05142f571cf2abe67e790c30249c,direct-framework-reference,,java/util/concurrent/Callable,definition-present,yes-static,16,5,unknown,opencamera-evidence.json#/rows/1152,False,unknown
opencamera,ca5672ca8c7174554ca0b07b5b26e505817a05142f571cf2abe67e790c30249c,direct-framework-reference,,java/util/concurrent/CancellationException,definition-present,unknown,87,0,unknown,opencamera-evidence.json#/rows/1153,False,unknown
opencamera,ca5672ca8c7174554ca0b07b5b26e505817a05142f571cf2abe67e790c30249c,direct-framework-reference,,java/util/concurrent/ConcurrentHashMap,definition-present,yes-static,5,3,unknown,opencamera-evidence.json#/rows/1154,False,unknown
opencamera,ca5672ca8c7174554ca0b07b5b26e505817a05142f571cf2abe67e790c30249c,direct-framework-reference,,java/util/concurrent/ConcurrentLinkedQueue,definition-present,unknown,3,0,unknown,opencamera-evidence.json#/rows/1155,False,unknown
opencamera,ca5672ca8c7174554ca0b07b5b26e505817a05142f571cf2abe67e790c30249c,direct-framework-reference,,java/util/concurrent/ConcurrentMap,definition-present,unknown,1,0,unknown,opencamera-evidence.json#/rows/1156,False,unknown
opencamera,ca5672ca8c7174554ca0b07b5b26e505817a05142f571cf2abe67e790c30249c,direct-framework-reference,,java/util/concurrent/CopyOnWriteArrayList,definition-present,yes-static,64,25,unknown,opencamera-evidence.json#/rows/1157,False,unknown
opencamera,ca5672ca8c7174554ca0b07b5b26e505817a05142f571cf2abe67e790c30249c,direct-framework-reference,,java/util/concurrent/CopyOnWriteArraySet,definition-present,yes-static,1,1,unknown,opencamera-evidence.json#/rows/1158,False,unknown
opencamera,ca5672ca8c7174554ca0b07b5b26e505817a05142f571cf2abe67e790c30249c,direct-framework-reference,,java/util/concurrent/CountDownLatch,definition-present,unknown,7,0,unknown,opencamera-evidence.json#/rows/1159,False,unknown
opencamera,ca5672ca8c7174554ca0b07b5b26e505817a05142f571cf2abe67e790c30249c,direct-framework-reference,,java/util/concurrent/ExecutionException,definition-present,unknown,5,0,unknown,opencamera-evidence.json#/rows/1160,False,unknown
opencamera,ca5672ca8c7174554ca0b07b5b26e505817a05142f571cf2abe67e790c30249c,direct-framework-reference,,java/util/concurrent/Executor,definition-present,yes-static,151,7,unknown,opencamera-evidence.json#/rows/1161,False,unknown
opencamera,ca5672ca8c7174554ca0b07b5b26e505817a05142f571cf2abe67e790c30249c,direct-framework-reference,,java/util/concurrent/ExecutorService,definition-present,yes-static,15,6,unknown,opencamera-evidence.json#/rows/1162,False,unknown
opencamera,ca5672ca8c7174554ca0b07b5b26e505817a05142f571cf2abe67e790c30249c,direct-framework-reference,,java/util/concurrent/Executors,definition-present,yes-static,6,2,unknown,opencamera-evidence.json#/rows/1163,False,unknown
opencamera,ca5672ca8c7174554ca0b07b5b26e505817a05142f571cf2abe67e790c30249c,direct-framework-reference,,java/util/concurrent/ForkJoinPool,definition-present,yes-static,2,1,unknown,opencamera-evidence.json#/rows/1164,False,unknown
opencamera,ca5672ca8c7174554ca0b07b5b26e505817a05142f571cf2abe67e790c30249c,direct-framework-reference,,java/util/concurrent/Future,definition-present,yes-static,32,3,unknown,opencamera-evidence.json#/rows/1165,False,unknown
opencamera,ca5672ca8c7174554ca0b07b5b26e505817a05142f571cf2abe67e790c30249c,direct-framework-reference,,java/util/concurrent/FutureTask,definition-present,unknown,8,0,unknown,opencamera-evidence.json#/rows/1166,False,unknown
opencamera,ca5672ca8c7174554ca0b07b5b26e505817a05142f571cf2abe67e790c30249c,direct-framework-reference,,java/util/concurrent/LinkedBlockingDeque,definition-present,yes-static,2,1,unknown,opencamera-evidence.json#/rows/1167,False,unknown
opencamera,ca5672ca8c7174554ca0b07b5b26e505817a05142f571cf2abe67e790c30249c,direct-framework-reference,,java/util/concurrent/LinkedBlockingQueue,definition-present,unknown,2,0,unknown,opencamera-evidence.json#/rows/1168,False,unknown
opencamera,ca5672ca8c7174554ca0b07b5b26e505817a05142f571cf2abe67e790c30249c,direct-framework-reference,,java/util/concurrent/RejectedExecutionException,definition-present,unknown,7,0,unknown,opencamera-evidence.json#/rows/1169,False,unknown
opencamera,ca5672ca8c7174554ca0b07b5b26e505817a05142f571cf2abe67e790c30249c,direct-framework-reference,,java/util/concurrent/ScheduledExecutorService,definition-present,unknown,4,0,unknown,opencamera-evidence.json#/rows/1170,False,unknown
opencamera,ca5672ca8c7174554ca0b07b5b26e505817a05142f571cf2abe67e790c30249c,direct-framework-reference,,java/util/concurrent/ScheduledFuture,definition-present,unknown,4,0,unknown,opencamera-evidence.json#/rows/1171,False,unknown
opencamera,ca5672ca8c7174554ca0b07b5b26e505817a05142f571cf2abe67e790c30249c,direct-framework-reference,,java/util/concurrent/ScheduledThreadPoolExecutor,definition-present,unknown,2,0,unknown,opencamera-evidence.json#/rows/1172,False,unknown
opencamera,ca5672ca8c7174554ca0b07b5b26e505817a05142f571cf2abe67e790c30249c,direct-framework-reference,,java/util/concurrent/ThreadFactory,definition-present,yes-static,5,1,unknown,opencamera-evidence.json#/rows/1173,False,unknown
opencamera,ca5672ca8c7174554ca0b07b5b26e505817a05142f571cf2abe67e790c30249c,direct-framework-reference,,java/util/concurrent/ThreadLocalRandom,definition-present,unknown,5,0,unknown,opencamera-evidence.json#/rows/1174,False,unknown
opencamera,ca5672ca8c7174554ca0b07b5b26e505817a05142f571cf2abe67e790c30249c,direct-framework-reference,,java/util/concurrent/ThreadPoolExecutor,definition-present,yes-static,15,2,unknown,opencamera-evidence.json#/rows/1175,False,unknown
opencamera,ca5672ca8c7174554ca0b07b5b26e505817a05142f571cf2abe67e790c30249c,direct-framework-reference,,java/util/concurrent/TimeUnit,definition-present,yes-static,29,3,unknown,opencamera-evidence.json#/rows/1176,False,unknown
opencamera,ca5672ca8c7174554ca0b07b5b26e505817a05142f571cf2abe67e790c30249c,direct-framework-reference,,java/util/concurrent/TimeoutException,definition-present,unknown,1,0,unknown,opencamera-evidence.json#/rows/1177,False,unknown
opencamera,ca5672ca8c7174554ca0b07b5b26e505817a05142f571cf2abe67e790c30249c,direct-framework-reference,,java/util/concurrent/atomic/AtomicBoolean,definition-present,yes-static,23,2,unknown,opencamera-evidence.json#/rows/1178,False,unknown
opencamera,ca5672ca8c7174554ca0b07b5b26e505817a05142f571cf2abe67e790c30249c,direct-framework-reference,,java/util/concurrent/atomic/AtomicInteger,definition-present,yes-static,30,4,unknown,opencamera-evidence.json#/rows/1179,False,unknown
opencamera,ca5672ca8c7174554ca0b07b5b26e505817a05142f571cf2abe67e790c30249c,direct-framework-reference,,java/util/concurrent/atomic/AtomicIntegerFieldUpdater,definition-present,unknown,52,0,unknown,opencamera-evidence.json#/rows/1180,False,unknown
opencamera,ca5672ca8c7174554ca0b07b5b26e505817a05142f571cf2abe67e790c30249c,direct-framework-reference,,java/util/concurrent/atomic/AtomicLong,definition-present,unknown,4,0,unknown,opencamera-evidence.json#/rows/1181,False,unknown
opencamera,ca5672ca8c7174554ca0b07b5b26e505817a05142f571cf2abe67e790c30249c,direct-framework-reference,,java/util/concurrent/atomic/AtomicLongFieldUpdater,definition-present,unknown,29,0,unknown,opencamera-evidence.json#/rows/1182,False,unknown
opencamera,ca5672ca8c7174554ca0b07b5b26e505817a05142f571cf2abe67e790c30249c,direct-framework-reference,,java/util/concurrent/atomic/AtomicReference,definition-present,yes-static,16,1,unknown,opencamera-evidence.json#/rows/1183,False,unknown
opencamera,ca5672ca8c7174554ca0b07b5b26e505817a05142f571cf2abe67e790c30249c,direct-framework-reference,,java/util/concurrent/atomic/AtomicReferenceArray,definition-present,unknown,31,0,unknown,opencamera-evidence.json#/rows/1184,False,unknown
opencamera,ca5672ca8c7174554ca0b07b5b26e505817a05142f571cf2abe67e790c30249c,direct-framework-reference,,java/util/concurrent/atomic/AtomicReferenceFieldUpdater,definition-present,unknown,109,0,unknown,opencamera-evidence.json#/rows/1185,False,unknown
opencamera,ca5672ca8c7174554ca0b07b5b26e505817a05142f571cf2abe67e790c30249c,direct-framework-reference,,java/util/concurrent/locks/Condition,definition-present,unknown,3,0,unknown,opencamera-evidence.json#/rows/1186,False,unknown
opencamera,ca5672ca8c7174554ca0b07b5b26e505817a05142f571cf2abe67e790c30249c,direct-framework-reference,,java/util/concurrent/locks/Lock,definition-present,yes-static,33,2,unknown,opencamera-evidence.json#/rows/1187,False,unknown
opencamera,ca5672ca8c7174554ca0b07b5b26e505817a05142f571cf2abe67e790c30249c,direct-framework-reference,,java/util/concurrent/locks/LockSupport,definition-present,unknown,15,0,unknown,opencamera-evidence.json#/rows/1188,False,unknown
opencamera,ca5672ca8c7174554ca0b07b5b26e505817a05142f571cf2abe67e790c30249c,direct-framework-reference,,java/util/concurrent/locks/ReadWriteLock,definition-present,yes-static,7,2,unknown,opencamera-evidence.json#/rows/1189,False,unknown
opencamera,ca5672ca8c7174554ca0b07b5b26e505817a05142f571cf2abe67e790c30249c,direct-framework-reference,,java/util/concurrent/locks/ReentrantLock,definition-present,unknown,26,0,unknown,opencamera-evidence.json#/rows/1190,False,unknown
opencamera,ca5672ca8c7174554ca0b07b5b26e505817a05142f571cf2abe67e790c30249c,direct-framework-reference,,java/util/concurrent/locks/ReentrantReadWriteLock,definition-present,yes-static,15,1,unknown,opencamera-evidence.json#/rows/1191,False,unknown
opencamera,ca5672ca8c7174554ca0b07b5b26e505817a05142f571cf2abe67e790c30249c,direct-framework-reference,,java/util/concurrent/locks/ReentrantReadWriteLock$ReadLock,definition-present,unknown,12,0,unknown,opencamera-evidence.json#/rows/1192,False,unknown
opencamera,ca5672ca8c7174554ca0b07b5b26e505817a05142f571cf2abe67e790c30249c,direct-framework-reference,,java/util/concurrent/locks/ReentrantReadWriteLock$WriteLock,definition-present,unknown,9,0,unknown,opencamera-evidence.json#/rows/1193,False,unknown
opencamera,ca5672ca8c7174554ca0b07b5b26e505817a05142f571cf2abe67e790c30249c,direct-framework-reference,,java/util/function/Consumer,definition-present,unknown,3,0,unknown,opencamera-evidence.json#/rows/1194,False,unknown
opencamera,ca5672ca8c7174554ca0b07b5b26e505817a05142f571cf2abe67e790c30249c,direct-framework-reference,,java/util/function/IntFunction,definition-present,unknown,5,0,unknown,opencamera-evidence.json#/rows/1195,False,unknown
opencamera,ca5672ca8c7174554ca0b07b5b26e505817a05142f571cf2abe67e790c30249c,direct-framework-reference,,java/util/function/Predicate,definition-present,unknown,4,0,unknown,opencamera-evidence.json#/rows/1196,False,unknown
opencamera,ca5672ca8c7174554ca0b07b5b26e505817a05142f571cf2abe67e790c30249c,direct-framework-reference,,java/util/function/Supplier,definition-present,unknown,4,0,unknown,opencamera-evidence.json#/rows/1197,False,unknown
opencamera,ca5672ca8c7174554ca0b07b5b26e505817a05142f571cf2abe67e790c30249c,direct-framework-reference,,java/util/jar/JarFile,definition-present,unknown,2,0,unknown,opencamera-evidence.json#/rows/1198,False,unknown
opencamera,ca5672ca8c7174554ca0b07b5b26e505817a05142f571cf2abe67e790c30249c,direct-framework-reference,,java/util/logging/Level,definition-present,unknown,2,0,unknown,opencamera-evidence.json#/rows/1199,False,unknown
opencamera,ca5672ca8c7174554ca0b07b5b26e505817a05142f571cf2abe67e790c30249c,direct-framework-reference,,java/util/logging/Logger,definition-present,unknown,2,0,unknown,opencamera-evidence.json#/rows/1200,False,unknown
opencamera,ca5672ca8c7174554ca0b07b5b26e505817a05142f571cf2abe67e790c30249c,direct-framework-reference,,java/util/regex/MatchResult,definition-present,unknown,20,0,unknown,opencamera-evidence.json#/rows/1201,False,unknown
opencamera,ca5672ca8c7174554ca0b07b5b26e505817a05142f571cf2abe67e790c30249c,direct-framework-reference,,java/util/regex/Matcher,definition-present,unknown,36,0,unknown,opencamera-evidence.json#/rows/1202,False,unknown
opencamera,ca5672ca8c7174554ca0b07b5b26e505817a05142f571cf2abe67e790c30249c,direct-framework-reference,,java/util/regex/Pattern,definition-present,unknown,52,0,unknown,opencamera-evidence.json#/rows/1203,False,unknown
opencamera,ca5672ca8c7174554ca0b07b5b26e505817a05142f571cf2abe67e790c30249c,direct-framework-reference,,java/util/stream/Collector,definition-present,unknown,2,0,unknown,opencamera-evidence.json#/rows/1204,False,unknown
opencamera,ca5672ca8c7174554ca0b07b5b26e505817a05142f571cf2abe67e790c30249c,direct-framework-reference,,java/util/stream/Collectors,definition-present,unknown,1,0,unknown,opencamera-evidence.json#/rows/1205,False,unknown
opencamera,ca5672ca8c7174554ca0b07b5b26e505817a05142f571cf2abe67e790c30249c,direct-framework-reference,,java/util/stream/DoubleStream,definition-present,unknown,6,0,unknown,opencamera-evidence.json#/rows/1206,False,unknown
opencamera,ca5672ca8c7174554ca0b07b5b26e505817a05142f571cf2abe67e790c30249c,direct-framework-reference,,java/util/stream/IntStream,definition-present,unknown,12,0,unknown,opencamera-evidence.json#/rows/1207,False,unknown
opencamera,ca5672ca8c7174554ca0b07b5b26e505817a05142f571cf2abe67e790c30249c,direct-framework-reference,,java/util/stream/LongStream,definition-present,unknown,6,0,unknown,opencamera-evidence.json#/rows/1208,False,unknown
opencamera,ca5672ca8c7174554ca0b07b5b26e505817a05142f571cf2abe67e790c30249c,direct-framework-reference,,java/util/stream/Stream,definition-present,unknown,8,0,unknown,opencamera-evidence.json#/rows/1209,False,unknown
opencamera,ca5672ca8c7174554ca0b07b5b26e505817a05142f571cf2abe67e790c30249c,direct-framework-reference,,java/util/stream/StreamSupport,definition-present,unknown,1,0,unknown,opencamera-evidence.json#/rows/1210,False,unknown
opencamera,ca5672ca8c7174554ca0b07b5b26e505817a05142f571cf2abe67e790c30249c,direct-framework-reference,,java/util/zip/CRC32,definition-present,unknown,4,0,unknown,opencamera-evidence.json#/rows/1211,False,unknown
opencamera,ca5672ca8c7174554ca0b07b5b26e505817a05142f571cf2abe67e790c30249c,direct-framework-reference,,java/util/zip/DataFormatException,definition-present,unknown,1,0,unknown,opencamera-evidence.json#/rows/1212,False,unknown
opencamera,ca5672ca8c7174554ca0b07b5b26e505817a05142f571cf2abe67e790c30249c,direct-framework-reference,,java/util/zip/Deflater,definition-present,unknown,1,0,unknown,opencamera-evidence.json#/rows/1213,False,unknown
opencamera,ca5672ca8c7174554ca0b07b5b26e505817a05142f571cf2abe67e790c30249c,direct-framework-reference,,java/util/zip/DeflaterOutputStream,definition-present,unknown,1,0,unknown,opencamera-evidence.json#/rows/1214,False,unknown
opencamera,ca5672ca8c7174554ca0b07b5b26e505817a05142f571cf2abe67e790c30249c,direct-framework-reference,,java/util/zip/Inflater,definition-present,unknown,1,0,unknown,opencamera-evidence.json#/rows/1215,False,unknown
opencamera,ca5672ca8c7174554ca0b07b5b26e505817a05142f571cf2abe67e790c30249c,direct-framework-reference,,java/util/zip/ZipEntry,definition-present,unknown,1,0,unknown,opencamera-evidence.json#/rows/1216,False,unknown
opencamera,ca5672ca8c7174554ca0b07b5b26e505817a05142f571cf2abe67e790c30249c,direct-framework-reference,,javax/crypto/Cipher,definition-present,unknown,6,0,unknown,opencamera-evidence.json#/rows/1217,False,unknown
opencamera,ca5672ca8c7174554ca0b07b5b26e505817a05142f571cf2abe67e790c30249c,direct-framework-reference,,javax/crypto/Mac,definition-present,unknown,6,0,unknown,opencamera-evidence.json#/rows/1218,False,unknown
opencamera,ca5672ca8c7174554ca0b07b5b26e505817a05142f571cf2abe67e790c30249c,manager-interface-prerequisite,account,android/accounts/IAccountManager,definition-present,unknown,1,0,unknown,opencamera-evidence.json#/rows/1219,True,False
opencamera,ca5672ca8c7174554ca0b07b5b26e505817a05142f571cf2abe67e790c30249c,manager-interface-prerequisite,alarm,android/app/IAlarmManager,definition-present,unknown,10,0,unknown,opencamera-evidence.json#/rows/1220,True,False
opencamera,ca5672ca8c7174554ca0b07b5b26e505817a05142f571cf2abe67e790c30249c,manager-interface-prerequisite,appops,com/android/internal/app/IAppOpsService,definition-present,yes-static,12,1,unknown,opencamera-evidence.json#/rows/1221,True,False
opencamera,ca5672ca8c7174554ca0b07b5b26e505817a05142f571cf2abe67e790c30249c,manager-interface-prerequisite,audio,android/media/IAudioService,definition-present,unknown,14,0,unknown,opencamera-evidence.json#/rows/1222,True,False
opencamera,ca5672ca8c7174554ca0b07b5b26e505817a05142f571cf2abe67e790c30249c,manager-interface-prerequisite,clipboard,android/content/IClipboard,definition-present,unknown,3,0,unknown,opencamera-evidence.json#/rows/1223,True,False
opencamera,ca5672ca8c7174554ca0b07b5b26e505817a05142f571cf2abe67e790c30249c,manager-interface-prerequisite,connectivity,android/net/IConnectivityManager,definition-absent,unknown,5,0,unresolvable-in-scanned-inputs,opencamera-evidence.json#/rows/1224,True,False
opencamera,ca5672ca8c7174554ca0b07b5b26e505817a05142f571cf2abe67e790c30249c,manager-interface-prerequisite,jobscheduler,android/app/job/IJobScheduler,definition-present,unknown,4,0,unknown,opencamera-evidence.json#/rows/1225,True,False
opencamera,ca5672ca8c7174554ca0b07b5b26e505817a05142f571cf2abe67e790c30249c,manager-interface-prerequisite,locale,android/app/ILocaleManager,definition-present,unknown,4,0,unknown,opencamera-evidence.json#/rows/1226,True,False
opencamera,ca5672ca8c7174554ca0b07b5b26e505817a05142f571cf2abe67e790c30249c,manager-interface-prerequisite,location,android/location/ILocationManager,definition-present,yes-static,44,4,unknown,opencamera-evidence.json#/rows/1227,True,False
opencamera,ca5672ca8c7174554ca0b07b5b26e505817a05142f571cf2abe67e790c30249c,manager-interface-prerequisite,notification,android/app/INotificationManager,definition-present,yes-static,41,3,unknown,opencamera-evidence.json#/rows/1228,True,False
opencamera,ca5672ca8c7174554ca0b07b5b26e505817a05142f571cf2abe67e790c30249c,manager-interface-prerequisite,power,android/os/IPowerManager,definition-present,yes-static,6,1,unknown,opencamera-evidence.json#/rows/1229,True,False
opencamera,ca5672ca8c7174554ca0b07b5b26e505817a05142f571cf2abe67e790c30249c,manager-interface-prerequisite,uimode,android/app/IUiModeManager,definition-present,yes-static,3,1,unknown,opencamera-evidence.json#/rows/1230,True,False
opencamera,ca5672ca8c7174554ca0b07b5b26e505817a05142f571cf2abe67e790c30249c,service-call,accessibility,,unknown,yes-static,3,1,unknown,opencamera-evidence.json#/rows/1231,False,False
opencamera,ca5672ca8c7174554ca0b07b5b26e505817a05142f571cf2abe67e790c30249c,service-call,activity,,unknown,yes-static,4,2,unknown,opencamera-evidence.json#/rows/1232,False,False
opencamera,ca5672ca8c7174554ca0b07b5b26e505817a05142f571cf2abe67e790c30249c,service-call,bluetooth,,unknown,unknown,2,0,unknown,opencamera-evidence.json#/rows/1233,False,False
opencamera,ca5672ca8c7174554ca0b07b5b26e505817a05142f571cf2abe67e790c30249c,service-call,camera,,unknown,yes-static,7,2,unknown,opencamera-evidence.json#/rows/1234,False,False
opencamera,ca5672ca8c7174554ca0b07b5b26e505817a05142f571cf2abe67e790c30249c,service-call,display,,unknown,yes-static,6,1,unknown,opencamera-evidence.json#/rows/1235,False,False
opencamera,ca5672ca8c7174554ca0b07b5b26e505817a05142f571cf2abe67e790c30249c,service-call,fingerprint,,unknown,unknown,2,0,unknown,opencamera-evidence.json#/rows/1236,False,False
opencamera,ca5672ca8c7174554ca0b07b5b26e505817a05142f571cf2abe67e790c30249c,service-call,input_method,,unknown,unknown,9,0,unknown,opencamera-evidence.json#/rows/1237,False,False
opencamera,ca5672ca8c7174554ca0b07b5b26e505817a05142f571cf2abe67e790c30249c,service-call,keyguard,,unknown,unknown,2,0,unknown,opencamera-evidence.json#/rows/1238,False,False
opencamera,ca5672ca8c7174554ca0b07b5b26e505817a05142f571cf2abe67e790c30249c,service-call,layout_inflater,,unknown,unknown,4,0,unknown,opencamera-evidence.json#/rows/1239,False,False
opencamera,ca5672ca8c7174554ca0b07b5b26e505817a05142f571cf2abe67e790c30249c,service-call,media_session,,unknown,unknown,1,0,unknown,opencamera-evidence.json#/rows/1240,False,False
opencamera,ca5672ca8c7174554ca0b07b5b26e505817a05142f571cf2abe67e790c30249c,service-call,print,,unknown,unknown,2,0,unknown,opencamera-evidence.json#/rows/1241,False,False
opencamera,ca5672ca8c7174554ca0b07b5b26e505817a05142f571cf2abe67e790c30249c,service-call,sensor,,unknown,yes-static,2,2,unknown,opencamera-evidence.json#/rows/1242,False,False
opencamera,ca5672ca8c7174554ca0b07b5b26e505817a05142f571cf2abe67e790c30249c,service-call,unknown,,unknown,unknown,31,0,unknown,opencamera-evidence.json#/rows/1243,False,False
opencamera,ca5672ca8c7174554ca0b07b5b26e505817a05142f571cf2abe67e790c30249c,service-call,user,,unknown,unknown,1,0,unknown,opencamera-evidence.json#/rows/1244,False,False
opencamera,ca5672ca8c7174554ca0b07b5b26e505817a05142f571cf2abe67e790c30249c,service-call,window,,unknown,yes-static,7,2,unknown,opencamera-evidence.json#/rows/1245,False,False
opencamera,ca5672ca8c7174554ca0b07b5b26e505817a05142f571cf2abe67e790c30249c,service-interface-prerequisite,appops,com/android/internal/app/IAppOpsService,definition-present,yes-static,6,1,unknown,opencamera-evidence.json#/rows/1246,True,False
opencamera,ca5672ca8c7174554ca0b07b5b26e505817a05142f571cf2abe67e790c30249c,service-interface-prerequisite,audio,android/media/IAudioService,definition-present,unknown,3,0,unknown,opencamera-evidence.json#/rows/1247,True,False
opencamera,ca5672ca8c7174554ca0b07b5b26e505817a05142f571cf2abe67e790c30249c,service-interface-prerequisite,clipboard,android/content/IClipboard,definition-present,unknown,2,0,unknown,opencamera-evidence.json#/rows/1248,True,False
opencamera,ca5672ca8c7174554ca0b07b5b26e505817a05142f571cf2abe67e790c30249c,service-interface-prerequisite,jobscheduler,android/app/job/IJobScheduler,definition-present,unknown,1,0,unknown,opencamera-evidence.json#/rows/1249,True,False
opencamera,ca5672ca8c7174554ca0b07b5b26e505817a05142f571cf2abe67e790c30249c,service-interface-prerequisite,locale,android/app/ILocaleManager,definition-present,unknown,3,0,unknown,opencamera-evidence.json#/rows/1250,True,False
opencamera,ca5672ca8c7174554ca0b07b5b26e505817a05142f571cf2abe67e790c30249c,service-interface-prerequisite,location,android/location/ILocationManager,definition-present,yes-static,2,2,unknown,opencamera-evidence.json#/rows/1251,True,False
opencamera,ca5672ca8c7174554ca0b07b5b26e505817a05142f571cf2abe67e790c30249c,service-interface-prerequisite,notification,android/app/INotificationManager,definition-present,yes-static,1,1,unknown,opencamera-evidence.json#/rows/1252,True,False
opencamera,ca5672ca8c7174554ca0b07b5b26e505817a05142f571cf2abe67e790c30249c,service-interface-prerequisite,power,android/os/IPowerManager,definition-present,yes-static,3,1,unknown,opencamera-evidence.json#/rows/1253,True,False
opencamera,ca5672ca8c7174554ca0b07b5b26e505817a05142f571cf2abe67e790c30249c,service-interface-prerequisite,uimode,android/app/IUiModeManager,definition-present,yes-static,2,1,unknown,opencamera-evidence.json#/rows/1254,True,False
