foundation_pid=962
56e521b3-858f-4fbf-8e35-daec29525c93
1790588773
f8ef078df8a0fa483b60c1a997831a8190448545e141b9568fb14eacaf9da105  /proc/962/root/system/lib64/libbms.z.so
2c9a5294a253acb57394cc79956a4b30182a7a0ecad570844c395b38d34d82e0  /proc/962/root/system/lib64/libinstalls.z.so
184d40a56a9116ab87d079413ba31d92e3d45c86a2f9b1088ffc97725ec650f9  /proc/962/root/system/lib64/libapk_installer.so
182937bb194cdc73a559f72cf6949ddba3df912ee0a852e69215fe3009eb9006  /proc/962/root/system/lib64/libappms.z.so
f4df7769e64bf836015b5374f4f98915a1279a88e97f05714879855d55d3658f  /proc/962/root/system/lib64/libappspawn_client.z.so
06c35353b67494f061b99d2691d2c9acdd16b89d1a65865c0c96f8aa5dc8e30f  /proc/962/root/system/lib64/libwestlake_hap_domain_wrapper.so
23f77771a40e2229f55df0e0a5348f5dec977992aae945a48e4358bdd26ca46a  /proc/962/root/system/lib64/platformsdk/libabilityms.z.so
558a0a7000-558a0a9000 r--p 00000000 103:20 430                           /system/bin/sa_main
558a0a9000-558a0ac000 r-xp 00002000 103:20 430                           /system/bin/sa_main
558a0ac000-558a0ad000 r--p 00005000 103:20 430                           /system/bin/sa_main
558a0ad000-558a0ae000 rw-p 00005000 103:20 430                           /system/bin/sa_main
55a8d05000-55a8d06000 ---p 00000000 00:00 0                              [heap]
55a8d06000-55a8d73000 rw-p 00000000 00:00 0                              [heap]
7eda050000-7eda052000 ---p 00000000 00:00 0 
7eda052000-7eda853000 rw-p 00000000 00:00 0 
7eda853000-7eda855000 ---p 00000000 00:00 0 
7eda855000-7edb056000 rw-p 00000000 00:00 0 
7edb056000-7edb058000 ---p 00000000 00:00 0 
7edb058000-7edb859000 rw-p 00000000 00:00 0 
7ee0877000-7ee0879000 ---p 00000000 00:00 0 
7ee0879000-7ee107a000 rw-p 00000000 00:00 0 
7ee107a000-7ee107c000 ---p 00000000 00:00 0 
7ee107c000-7ee187d000 rw-p 00000000 00:00 0 
7ee2080000-7ee2880000 rw-p 00000000 00:00 0 
7ee2880000-7ee2882000 ---p 00000000 00:00 0 
7ee2882000-7ee3083000 rw-p 00000000 00:00 0 
7ee3083000-7ee3085000 ---p 00000000 00:00 0 
7ee3085000-7ee3886000 rw-p 00000000 00:00 0 
7ee3886000-7ee3888000 ---p 00000000 00:00 0 
7ee3888000-7ee4089000 rw-p 00000000 00:00 0 
7ee4089000-7ee408b000 ---p 00000000 00:00 0 
7ee408b000-7ee488c000 rw-p 00000000 00:00 0 
7ee488c000-7ee488e000 ---p 00000000 00:00 0 
7ee488e000-7ee508f000 rw-p 00000000 00:00 0 
7ee508f000-7ee5091000 ---p 00000000 00:00 0 
7ee5091000-7ee5892000 rw-p 00000000 00:00 0 
7ee5892000-7ee5894000 ---p 00000000 00:00 0 
7ee5894000-7ee6095000 rw-p 00000000 00:00 0 
7ee6095000-7ee6097000 ---p 00000000 00:00 0 
7ee6097000-7ee6898000 rw-p 00000000 00:00 0 
7ee6898000-7ee689a000 ---p 00000000 00:00 0 
7ee689a000-7ee709b000 rw-p 00000000 00:00 0 
7ee70fb000-7ee70fd000 ---p 00000000 00:00 0 
7ee70fd000-7ee78fe000 rw-p 00000000 00:00 0 
7ee78fe000-7ee7900000 ---p 00000000 00:00 0 
7ee7900000-7ee8101000 rw-p 00000000 00:00 0 
7ee8101000-7ee8103000 ---p 00000000 00:00 0 
7ee8103000-7ee8904000 rw-p 00000000 00:00 0 
7ee8904000-7ee8906000 ---p 00000000 00:00 0 
7ee8906000-7ee9107000 rw-p 00000000 00:00 0 
7ee9107000-7ee9109000 ---p 00000000 00:00 0 
7ee9109000-7ee990a000 rw-p 00000000 00:00 0 
7ee990a000-7ee990c000 ---p 00000000 00:00 0 
7ee990c000-7eea10d000 rw-p 00000000 00:00 0 
7eea10d000-7eea10f000 ---p 00000000 00:00 0 
7eea10f000-7eea910000 rw-p 00000000 00:00 0 
7eea910000-7eea912000 ---p 00000000 00:00 0 
7eea912000-7eeb113000 rw-p 00000000 00:00 0 
7eeb113000-7eeb413000 r--s 00000000 00:13 81                             /dev/__parameters__/u:object_r:startup_appspawn_param:s0
7ef1437000-7ef1439000 ---p 00000000 00:00 0 
7ef1439000-7ef1c3a000 rw-p 00000000 00:00 0 
7ef243d000-7ef243f000 ---p 00000000 00:00 0 
7ef243f000-7ef3440000 rw-p 00000000 00:00 0 
7ef3440000-7ef3449000 r--p 00000000 103:20 3186                          /system/lib64/libecologicalrulemgr_service.z.so
7ef3449000-7ef3455000 r-xp 00008000 103:20 3186                          /system/lib64/libecologicalrulemgr_service.z.so
7ef3455000-7ef3457000 r--p 00013000 103:20 3186                          /system/lib64/libecologicalrulemgr_service.z.so
7ef3457000-7ef3458000 rw-p 00014000 103:20 3186                          /system/lib64/libecologicalrulemgr_service.z.so
7ef34b7000-7ef34b9000 ---p 00000000 00:00 0 
7ef34b9000-7ef3cba000 rw-p 00000000 00:00 0 
7ef3cba000-7ef3cbc000 ---p 00000000 00:00 0 
7ef3cbc000-7ef44bd000 rw-p 00000000 00:00 0 
7ef44bd000-7ef44bf000 ---p 00000000 00:00 0 
7ef44bf000-7ef4cc0000 rw-p 00000000 00:00 0 
7ef4cc0000-7ef4d1d000 r--p 00000000 103:20 4554                          /system/lib64/ndk/libopenhitls_crypto.z.so
7ef4d1d000-7ef4daf000 r-xp 0005c000 103:20 4554                          /system/lib64/ndk/libopenhitls_crypto.z.so
7ef4daf000-7ef4db3000 r--p 000ed000 103:20 4554                          /system/lib64/ndk/libopenhitls_crypto.z.so
7ef4db3000-7ef4db4000 rw-p 000f0000 103:20 4554                          /system/lib64/ndk/libopenhitls_crypto.z.so
7ef4dc0000-7ef4dc5000 r--p 00000000 103:20 2799                          /system/lib64/libapp_domain_verify_agent_client.z.so
7ef4dc5000-7ef4dcc000 r-xp 00004000 103:20 2799                          /system/lib64/libapp_domain_verify_agent_client.z.so
7ef4dcc000-7ef4dce000 r--p 0000a000 103:20 2799                          /system/lib64/libapp_domain_verify_agent_client.z.so
7ef4dce000-7ef4dcf000 rw-p 0000b000 103:20 2799                          /system/lib64/libapp_domain_verify_agent_client.z.so
7ef4e00000-7ef4e12000 r--p 00000000 103:20 2941                          /system/lib64/libc_ares.z.so
7ef4e12000-7ef4e34000 r-xp 00011000 103:20 2941                          /system/lib64/libc_ares.z.so
7ef4e34000-7ef4e37000 r--p 00032000 103:20 2941                          /system/lib64/libc_ares.z.so
7ef4e37000-7ef4e38000 rw-p 00034000 103:20 2941                          /system/lib64/libc_ares.z.so
7ef4e40000-7ef4e4c000 r--p 00000000 103:20 4553                          /system/lib64/ndk/libopenhitls_bsl.z.so
7ef4e4c000-7ef4e5c000 r-xp 0000b000 103:20 4553                          /system/lib64/ndk/libopenhitls_bsl.z.so
7ef4e5c000-7ef4e5e000 r--p 0001a000 103:20 4553                          /system/lib64/ndk/libopenhitls_bsl.z.so
7ef4e5e000-7ef4e60000 rw-p 0001b000 103:20 4553                          /system/lib64/ndk/libopenhitls_bsl.z.so
7ef4e60000-7ef4e61000 rw-p 00000000 00:00 0 
7ef4e80000-7ef4e87000 r--p 00000000 103:20 3477                          /system/lib64/libnetwork_profiler.z.so
7ef4e87000-7ef4e96000 r-xp 00006000 103:20 3477                          /system/lib64/libnetwork_profiler.z.so
7ef4e96000-7ef4e98000 r--p 00014000 103:20 3477                          /system/lib64/libnetwork_profiler.z.so
7ef4e98000-7ef4e99000 rw-p 00015000 103:20 3477                          /system/lib64/libnetwork_profiler.z.so
7ef4ec0000-7ef4edb000 r--p 00000000 103:20 4556                          /system/lib64/ndk/libopenhitls_tls.z.so
7ef4edb000-7ef4f00000 r-xp 0001a000 103:20 4556                          /system/lib64/ndk/libopenhitls_tls.z.so
7ef4f00000-7ef4f03000 r--p 0003e000 103:20 4556                          /system/lib64/ndk/libopenhitls_tls.z.so
7ef4f03000-7ef4f04000 rw-p 00040000 103:20 4556                          /system/lib64/ndk/libopenhitls_tls.z.so
7ef4f40000-7ef4f4c000 r--p 00000000 103:20 5238                          /system/lib64/platformsdk/libstack_utils_common.z.so
7ef4f4c000-7ef4f6b000 r-xp 0000b000 103:20 5238                          /system/lib64/platformsdk/libstack_utils_common.z.so
7ef4f6b000-7ef4f6e000 r--p 00029000 103:20 5238                          /system/lib64/platformsdk/libstack_utils_common.z.so
7ef4f6e000-7ef4f6f000 rw-p 0002b000 103:20 5238                          /system/lib64/platformsdk/libstack_utils_common.z.so
7ef4f80000-7ef4ff1000 r--p 00000000 103:20 2536                          /system/lib64/chipset-sdk/libbrotli_shared.z.so
7ef4ff1000-7ef503a000 r-xp 00070000 103:20 2536                          /system/lib64/chipset-sdk/libbrotli_shared.z.so
7ef503a000-7ef503b000 r--p 000b8000 103:20 2536                          /system/lib64/chipset-sdk/libbrotli_shared.z.so
7ef503b000-7ef503c000 rw-p 000b8000 103:20 2536                          /system/lib64/chipset-sdk/libbrotli_shared.z.so
7ef5040000-7ef5043000 r--p 00000000 103:20 5111                          /system/lib64/platformsdk/libnetsys_client.z.so
7ef5043000-7ef5048000 r-xp 00002000 103:20 5111                          /system/lib64/platformsdk/libnetsys_client.z.so
7ef5048000-7ef5049000 r--p 00006000 103:20 5111                          /system/lib64/platformsdk/libnetsys_client.z.so
7ef5049000-7ef504a000 rw-p 00006000 103:20 5111                          /system/lib64/platformsdk/libnetsys_client.z.so
7ef504a000-7ef50c8000 rw-p 00000000 00:00 0 
7ef5100000-7ef510d000 r--p 00000000 103:20 2806                          /system/lib64/libapp_domain_verify_frameworks_common.z.so
7ef510d000-7ef5126000 r-xp 0000c000 103:20 2806                          /system/lib64/libapp_domain_verify_frameworks_common.z.so
7ef5126000-7ef5128000 r--p 00024000 103:20 2806                          /system/lib64/libapp_domain_verify_frameworks_common.z.so
7ef5128000-7ef5129000 rw-p 00025000 103:20 2806                          /system/lib64/libapp_domain_verify_frameworks_common.z.so
7ef5129000-7ef512a000 rw-p 00000000 00:00 0 
7ef5140000-7ef515d000 r--p 00000000 103:20 5015                          /system/lib64/platformsdk/libhttp_client.z.so
7ef515d000-7ef5189000 r-xp 0001c000 103:20 5015                          /system/lib64/platformsdk/libhttp_client.z.so
7ef5189000-7ef518c000 r--p 00047000 103:20 5015                          /system/lib64/platformsdk/libhttp_client.z.so
7ef518c000-7ef518d000 rw-p 00049000 103:20 5015                          /system/lib64/platformsdk/libhttp_client.z.so
7ef51c0000-7ef51cf000 r--p 00000000 103:20 2558                          /system/lib64/chipset-sdk/libnghttp2_shared.z.so
7ef51cf000-7ef51e2000 r-xp 0000e000 103:20 2558                          /system/lib64/chipset-sdk/libnghttp2_shared.z.so
7ef51e2000-7ef51e6000 r--p 00020000 103:20 2558                          /system/lib64/chipset-sdk/libnghttp2_shared.z.so
7ef51e6000-7ef51e7000 rw-p 00023000 103:20 2558                          /system/lib64/chipset-sdk/libnghttp2_shared.z.so
7ef5200000-7ef5233000 r--p 00000000 103:20 2573                          /system/lib64/chipset-sdk/libssl_openssl.z.so
7ef5233000-7ef5283000 r-xp 00032000 103:20 2573                          /system/lib64/chipset-sdk/libssl_openssl.z.so
7ef5283000-7ef528e000 r--p 00081000 103:20 2573                          /system/lib64/chipset-sdk/libssl_openssl.z.so
7ef528e000-7ef5293000 rw-p 0008b000 103:20 2573                          /system/lib64/chipset-sdk/libssl_openssl.z.so
7ef52c0000-7ef52de000 r--p 00000000 103:20 2808                          /system/lib64/libapp_domain_verify_mgr_service.z.so
7ef52de000-7ef5320000 r-xp 0001d000 103:20 2808                          /system/lib64/libapp_domain_verify_mgr_service.z.so
7ef5320000-7ef5324000 r--p 0005e000 103:20 2808                          /system/lib64/libapp_domain_verify_mgr_service.z.so
7ef5324000-7ef5325000 rw-p 00061000 103:20 2808                          /system/lib64/libapp_domain_verify_mgr_service.z.so
7ef5325000-7ef5326000 rw-p 00000000 00:00 0 
7ef5340000-7ef5347000 r--p 00000000 103:20 2803                          /system/lib64/libapp_domain_verify_app_details_rdb.z.so
7ef5347000-7ef5352000 r-xp 00006000 103:20 2803                          /system/lib64/libapp_domain_verify_app_details_rdb.z.so
7ef5352000-7ef5353000 r--p 00010000 103:20 2803                          /system/lib64/libapp_domain_verify_app_details_rdb.z.so
7ef5353000-7ef5354000 rw-p 00010000 103:20 2803                          /system/lib64/libapp_domain_verify_app_details_rdb.z.so
7ef5380000-7ef5387000 r--p 00000000 103:20 5106                          /system/lib64/platformsdk/libnet_security_config_if.z.so
7ef5387000-7ef5392000 r-xp 00006000 103:20 5106                          /system/lib64/platformsdk/libnet_security_config_if.z.so
7ef5392000-7ef5394000 r--p 00010000 103:20 5106                          /system/lib64/platformsdk/libnet_security_config_if.z.so
7ef5394000-7ef5395000 rw-p 00011000 103:20 5106                          /system/lib64/platformsdk/libnet_security_config_if.z.so
7ef53c0000-7ef53e6000 r--p 00000000 103:20 2544                          /system/lib64/chipset-sdk/libcurl_shared.z.so
7ef53e6000-7ef545d000 r-xp 00025000 103:20 2544                          /system/lib64/chipset-sdk/libcurl_shared.z.so
7ef545d000-7ef5461000 r--p 0009b000 103:20 2544                          /system/lib64/chipset-sdk/libcurl_shared.z.so
7ef5461000-7ef5465000 rw-p 0009e000 103:20 2544                          /system/lib64/chipset-sdk/libcurl_shared.z.so
7ef5480000-7ef5489000 r--p 00000000 103:20 4555                          /system/lib64/ndk/libopenhitls_pki.z.so
7ef5489000-7ef549f000 r-xp 00008000 103:20 4555                          /system/lib64/ndk/libopenhitls_pki.z.so
7ef549f000-7ef54a1000 r--p 0001d000 103:20 4555                          /system/lib64/ndk/libopenhitls_pki.z.so
7ef54a1000-7ef54a2000 rw-p 0001e000 103:20 4555                          /system/lib64/ndk/libopenhitls_pki.z.so
7ef54c0000-7ef55a0000 r--p 00000000 103:20 3231                          /system/lib64/libfms.z.so
7ef55a0000-7ef56f8000 r-xp 000df000 103:20 3231                          /system/lib64/libfms.z.so
7ef56f8000-7ef5717000 r--p 00236000 103:20 3231                          /system/lib64/libfms.z.so
7ef5717000-7ef5718000 rw-p 00254000 103:20 3231                          /system/lib64/libfms.z.so
7ef5718000-7ef571f000 rw-p 00000000 00:00 0 
7ef5740000-7ef5744000 r--p 00000000 103:20 3419                          /system/lib64/libmemorytracker_proxy_1.0.z.so
7ef5744000-7ef5747000 r-xp 00003000 103:20 3419                          /system/lib64/libmemorytracker_proxy_1.0.z.so
7ef5747000-7ef5749000 r--p 00005000 103:20 3419                          /system/lib64/libmemorytracker_proxy_1.0.z.so
7ef5749000-7ef574a000 rw-p 00006000 103:20 3419                          /system/lib64/libmemorytracker_proxy_1.0.z.so
7ef5780000-7ef578a000 r--p 00000000 103:20 5019                          /system/lib64/platformsdk/libi18n_sa_client.z.so
7ef578a000-7ef5799000 r-xp 00009000 103:20 5019                          /system/lib64/platformsdk/libi18n_sa_client.z.so
7ef5799000-7ef579d000 r--p 00017000 103:20 5019                          /system/lib64/platformsdk/libi18n_sa_client.z.so
7ef579d000-7ef579e000 rw-p 0001a000 103:20 5019                          /system/lib64/platformsdk/libi18n_sa_client.z.so
7ef57c0000-7ef57d0000 r--p 00000000 103:20 5103                          /system/lib64/platformsdk/libnet_manager_common.z.so
7ef57d0000-7ef57f0000 r-xp 0000f000 103:20 5103                          /system/lib64/platformsdk/libnet_manager_common.z.so
7ef57f0000-7ef57f3000 r--p 0002e000 103:20 5103                          /system/lib64/platformsdk/libnet_manager_common.z.so
7ef57f3000-7ef57f4000 rw-p 00030000 103:20 5103                          /system/lib64/platformsdk/libnet_manager_common.z.so
7ef5800000-7ef58e0000 r--p 00000000 103:20 2812                          /system/lib64/libappms.z.so
7ef58e0000-7ef5a39000 r-xp 000df000 103:20 2812                          /system/lib64/libappms.z.so
7ef5a39000-7ef5a48000 r--p 00237000 103:20 2812                          /system/lib64/libappms.z.so
7ef5a48000-7ef5a49000 rw-p 00245000 103:20 2812                          /system/lib64/libappms.z.so
7ef5a80000-7ef5a83000 r--p 00000000 103:20 3416                          /system/lib64/libmeminfo.z.so
7ef5a83000-7ef5a89000 r-xp 00002000 103:20 3416                          /system/lib64/libmeminfo.z.so
7ef5a89000-7ef5a8a000 r--p 00007000 103:20 3416                          /system/lib64/libmeminfo.z.so
7ef5a8a000-7ef5a8b000 rw-p 00007000 103:20 3416                          /system/lib64/libmeminfo.z.so
7ef5ac0000-7ef5ad7000 r--p 00000000 103:20 5101                          /system/lib64/platformsdk/libnet_conn_manager_if.z.so
7ef5ad7000-7ef5b07000 r-xp 00016000 103:20 5101                          /system/lib64/platformsdk/libnet_conn_manager_if.z.so
7ef5b07000-7ef5b0f000 r--p 00045000 103:20 5101                          /system/lib64/platformsdk/libnet_conn_manager_if.z.so
7ef5b0f000-7ef5b10000 rw-p 0004c000 103:20 5101                          /system/lib64/platformsdk/libnet_conn_manager_if.z.so
7ef5b10000-7ef5b11000 rw-p 00000000 00:00 0 
7ef5b40000-7ef5b4c000 r--p 00000000 103:20 4885                          /system/lib64/platformsdk/libdatashare_permission.z.so
7ef5b4c000-7ef5b6c000 r-xp 0000b000 103:20 4885                          /system/lib64/platformsdk/libdatashare_permission.z.so
7ef5b6c000-7ef5b6e000 r--p 0002a000 103:20 4885                          /system/lib64/platformsdk/libdatashare_permission.z.so
7ef5b6e000-7ef5b6f000 rw-p 0002b000 103:20 4885                          /system/lib64/platformsdk/libdatashare_permission.z.so
7ef5b80000-7ef5b94000 r--p 00000000 103:20 3032                          /system/lib64/libdataobsms.z.so
7ef5b94000-7ef5bbb000 r-xp 00013000 103:20 3032                          /system/lib64/libdataobsms.z.so
7ef5bbb000-7ef5bbe000 r--p 00039000 103:20 3032                          /system/lib64/libdataobsms.z.so
7ef5bbe000-7ef5bbf000 rw-p 0003b000 103:20 3032                          /system/lib64/libdataobsms.z.so
7ef5bc0000-7ef5bd5000 r--p 00000000 103:20 3771                          /system/lib64/libwm_lite.z.so
7ef5bd5000-7ef5bef000 r-xp 00014000 103:20 3771                          /system/lib64/libwm_lite.z.so
7ef5bef000-7ef5bf3000 r--p 0002d000 103:20 3771                          /system/lib64/libwm_lite.z.so
7ef5bf3000-7ef5bf4000 rw-p 00030000 103:20 3771                          /system/lib64/libwm_lite.z.so
7ef5bfa000-7ef5c3a000 rw-p 00000000 00:00 0 
7ef5c3a000-7ef5c3c000 ---p 00000000 00:00 0 
7ef5c3c000-7ef643d000 rw-p 00000000 00:00 0 
7ef643d000-7ef643f000 ---p 00000000 00:00 0 
7ef643f000-7ef6c40000 rw-p 00000000 00:00 0 
7ef6c40000-7ef6c4e000 r--p 00000000 103:20 4660                          /system/lib64/platformsdk/libappkit_manager_helper.z.so
7ef6c4e000-7ef6c5f000 r-xp 0000d000 103:20 4660                          /system/lib64/platformsdk/libappkit_manager_helper.z.so
7ef6c5f000-7ef6c60000 r--p 0001d000 103:20 4660                          /system/lib64/platformsdk/libappkit_manager_helper.z.so
7ef6c60000-7ef6c61000 rw-p 0001d000 103:20 4660                          /system/lib64/platformsdk/libappkit_manager_helper.z.so
7ef6c80000-7ef6d0c000 r--p 00000000 103:20 4599                          /system/lib64/platformsdk/libabilitykit_native.z.so
7ef6d0c000-7ef6dc2000 r-xp 0008b000 103:20 4599                          /system/lib64/platformsdk/libabilitykit_native.z.so
7ef6dc2000-7ef6dd0000 r--p 00140000 103:20 4599                          /system/lib64/platformsdk/libabilitykit_native.z.so
7ef6dd0000-7ef6dd1000 rw-p 0014d000 103:20 4599                          /system/lib64/platformsdk/libabilitykit_native.z.so
7ef6dd1000-7ef6dd2000 rw-p 00000000 00:00 0 
7ef6e00000-7ef6e1e000 r--p 00000000 103:20 4718                          /system/lib64/platformsdk/libbgtaskmgr_innerkits.z.so
7ef6e1e000-7ef6e42000 r-xp 0001d000 103:20 4718                          /system/lib64/platformsdk/libbgtaskmgr_innerkits.z.so
7ef6e42000-7ef6e49000 r--p 00040000 103:20 4718                          /system/lib64/platformsdk/libbgtaskmgr_innerkits.z.so
7ef6e49000-7ef6e4a000 rw-p 00046000 103:20 4718                          /system/lib64/platformsdk/libbgtaskmgr_innerkits.z.so
7ef6e4a000-7ef6e4b000 rw-p 00000000 00:00 0 
7ef6e80000-7ef6e8b000 r--p 00000000 103:20 4868                          /system/lib64/platformsdk/libconnection_obs_manager.z.so
7ef6e8b000-7ef6e96000 r-xp 0000a000 103:20 4868                          /system/lib64/platformsdk/libconnection_obs_manager.z.so
7ef6e96000-7ef6e9a000 r--p 00014000 103:20 4868                          /system/lib64/platformsdk/libconnection_obs_manager.z.so
7ef6e9a000-7ef6e9b000 rw-p 00017000 103:20 4868                          /system/lib64/platformsdk/libconnection_obs_manager.z.so
7ef6ec0000-7ef6ec5000 r--p 00000000 103:20 4700                          /system/lib64/platformsdk/libauto_startup_callback.z.so
7ef6ec5000-7ef6ec9000 r-xp 00004000 103:20 4700                          /system/lib64/platformsdk/libauto_startup_callback.z.so
7ef6ec9000-7ef6ecb000 r--p 00007000 103:20 4700                          /system/lib64/platformsdk/libauto_startup_callback.z.so
7ef6ecb000-7ef6ecc000 rw-p 00008000 103:20 4700                          /system/lib64/platformsdk/libauto_startup_callback.z.so
7ef6f00000-7ef6f07000 r--p 00000000 103:20 3666                          /system/lib64/libtask_handler_wrap.z.so
7ef6f07000-7ef6f10000 r-xp 00006000 103:20 3666                          /system/lib64/libtask_handler_wrap.z.so
7ef6f10000-7ef6f11000 r--p 0000e000 103:20 3666                          /system/lib64/libtask_handler_wrap.z.so
7ef6f11000-7ef6f12000 rw-p 0000e000 103:20 3666                          /system/lib64/libtask_handler_wrap.z.so
7ef6f40000-7ef6f7b000 r--p 00000000 103:20 4980                          /system/lib64/platformsdk/libform_manager.z.so
7ef6f7b000-7ef700a000 r-xp 0003a000 103:20 4980                          /system/lib64/platformsdk/libform_manager.z.so
7ef700a000-7ef7019000 r--p 000c8000 103:20 4980                          /system/lib64/platformsdk/libform_manager.z.so
7ef7019000-7ef701a000 rw-p 000d6000 103:20 4980                          /system/lib64/platformsdk/libform_manager.z.so
7ef701a000-7ef701b000 rw-p 00000000 00:00 0 
7ef7040000-7ef7045000 r--p 00000000 103:20 3011                          /system/lib64/libconfiguration_helper.z.so
7ef7045000-7ef704c000 r-xp 00004000 103:20 3011                          /system/lib64/libconfiguration_helper.z.so
7ef704c000-7ef704d000 r--p 0000a000 103:20 3011                          /system/lib64/libconfiguration_helper.z.so
7ef704d000-7ef704e000 rw-p 0000a000 103:20 3011                          /system/lib64/libconfiguration_helper.z.so
7ef7080000-7ef7082000 r--p 00000000 103:20 4901                          /system/lib64/platformsdk/libdialog_request_info.z.so
7ef7082000-7ef7085000 r-xp 00001000 103:20 4901                          /system/lib64/platformsdk/libdialog_request_info.z.so
7ef7085000-7ef7086000 r--p 00003000 103:20 4901                          /system/lib64/platformsdk/libdialog_request_info.z.so
7ef7086000-7ef7087000 rw-p 00003000 103:20 4901                          /system/lib64/platformsdk/libdialog_request_info.z.so
7ef70c0000-7ef70c6000 r--p 00000000 103:20 4600                          /system/lib64/platformsdk/libabilitykit_utils.z.so
7ef70c6000-7ef70cb000 r-xp 00005000 103:20 4600                          /system/lib64/platformsdk/libabilitykit_utils.z.so
7ef70cb000-7ef70cc000 r--p 00009000 103:20 4600                          /system/lib64/platformsdk/libabilitykit_utils.z.so
7ef70cc000-7ef70cd000 rw-p 00009000 103:20 4600                          /system/lib64/platformsdk/libabilitykit_utils.z.so
7ef7100000-7ef711c000 r--p 00000000 103:20 4659                          /system/lib64/platformsdk/libappkit_delegator.z.so
7ef711c000-7ef7141000 r-xp 0001b000 103:20 4659                          /system/lib64/platformsdk/libappkit_delegator.z.so
7ef7141000-7ef7143000 r--p 0003f000 103:20 4659                          /system/lib64/platformsdk/libappkit_delegator.z.so
7ef7143000-7ef7144000 rw-p 00040000 103:20 4659                          /system/lib64/platformsdk/libappkit_delegator.z.so
7ef7144000-7ef7145000 rw-p 00000000 00:00 0 
7ef7180000-7ef71d6000 r--p 00000000 103:20 5328                          /system/lib64/platformsdk/libwindow_native_kit.z.so
7ef71d6000-7ef7282000 r-xp 00055000 103:20 5328                          /system/lib64/platformsdk/libwindow_native_kit.z.so
7ef7282000-7ef728e000 r--p 00100000 103:20 5328                          /system/lib64/platformsdk/libwindow_native_kit.z.so
7ef728e000-7ef728f000 rw-p 0010b000 103:20 5328                          /system/lib64/platformsdk/libwindow_native_kit.z.so
7ef72c0000-7ef72c3000 r--p 00000000 103:20 4751                          /system/lib64/platformsdk/libcj_bind_native.z.so
7ef72c3000-7ef72c6000 r-xp 00002000 103:20 4751                          /system/lib64/platformsdk/libcj_bind_native.z.so
7ef72c6000-7ef72c7000 r--p 00004000 103:20 4751                          /system/lib64/platformsdk/libcj_bind_native.z.so
7ef72c7000-7ef72c8000 rw-p 00004000 103:20 4751                          /system/lib64/platformsdk/libcj_bind_native.z.so
7ef7300000-7ef7310000 r--p 00000000 103:20 4871                          /system/lib64/platformsdk/libcontinuation_ipc.z.so
7ef7310000-7ef731c000 r-xp 0000f000 103:20 4871                          /system/lib64/platformsdk/libcontinuation_ipc.z.so
7ef731c000-7ef7324000 r--p 0001a000 103:20 4871                          /system/lib64/platformsdk/libcontinuation_ipc.z.so
7ef7324000-7ef7325000 rw-p 00021000 103:20 4871                          /system/lib64/platformsdk/libcontinuation_ipc.z.so
7ef7340000-7ef7349000 r--p 00000000 103:20 4979                          /system/lib64/platformsdk/libforeground_app_obs_manager.z.so
7ef7349000-7ef7355000 r-xp 00008000 103:20 4979                          /system/lib64/platformsdk/libforeground_app_obs_manager.z.so
7ef7355000-7ef7358000 r--p 00013000 103:20 4979                          /system/lib64/platformsdk/libforeground_app_obs_manager.z.so
7ef7358000-7ef7359000 rw-p 00015000 103:20 4979                          /system/lib64/platformsdk/libforeground_app_obs_manager.z.so
7ef7380000-7ef7390000 r--p 00000000 103:20 5294                          /system/lib64/platformsdk/liburi_permission_mgr.z.so
7ef7390000-7ef73a6000 r-xp 0000f000 103:20 5294                          /system/lib64/platformsdk/liburi_permission_mgr.z.so
7ef73a6000-7ef73ab000 r--p 00024000 103:20 5294                          /system/lib64/platformsdk/liburi_permission_mgr.z.so
7ef73ab000-7ef73ac000 rw-p 00028000 103:20 5294                          /system/lib64/platformsdk/liburi_permission_mgr.z.so
7ef73ac000-7ef73ad000 rw-p 00000000 00:00 0 
7ef73c0000-7ef73cb000 r--p 00000000 103:20 5330                          /system/lib64/platformsdk/libwindowstage_kit.z.so
7ef73cb000-7ef73de000 r-xp 0000a000 103:20 5330                          /system/lib64/platformsdk/libwindowstage_kit.z.so
7ef73de000-7ef73e0000 r--p 0001c000 103:20 5330                          /system/lib64/platformsdk/libwindowstage_kit.z.so
7ef73e0000-7ef73e1000 rw-p 0001d000 103:20 5330                          /system/lib64/platformsdk/libwindowstage_kit.z.so
7ef7400000-7ef740d000 r--p 00000000 103:20 5167                          /system/lib64/platformsdk/libremote_file_share_native.z.so
7ef740d000-7ef742d000 r-xp 0000c000 103:20 5167                          /system/lib64/platformsdk/libremote_file_share_native.z.so
7ef742d000-7ef742f000 r--p 0002b000 103:20 5167                          /system/lib64/platformsdk/libremote_file_share_native.z.so
7ef742f000-7ef7430000 rw-p 0002c000 103:20 5167                          /system/lib64/platformsdk/libremote_file_share_native.z.so
7ef7430000-7ef7431000 rw-p 00000000 00:00 0 
7ef7440000-7ef745f000 r--p 00000000 103:20 4919                          /system/lib64/platformsdk/libdistributed_file_daemon_kit_inner.z.so
7ef745f000-7ef748d000 r-xp 0001e000 103:20 4919                          /system/lib64/platformsdk/libdistributed_file_daemon_kit_inner.z.so
7ef748d000-7ef7494000 r--p 0004b000 103:20 4919                          /system/lib64/platformsdk/libdistributed_file_daemon_kit_inner.z.so
7ef7494000-7ef7495000 rw-p 00051000 103:20 4919                          /system/lib64/platformsdk/libdistributed_file_daemon_kit_inner.z.so
7ef7495000-7ef7496000 rw-p 00000000 00:00 0 
7ef74c0000-7ef74c9000 r--p 00000000 103:20 3697                          /system/lib64/libui_service_extension_connection.z.so
7ef74c9000-7ef74d2000 r-xp 00008000 103:20 3697                          /system/lib64/libui_service_extension_connection.z.so
7ef74d2000-7ef74d5000 r--p 00010000 103:20 3697                          /system/lib64/libui_service_extension_connection.z.so
7ef74d5000-7ef74d6000 rw-p 00012000 103:20 3697                          /system/lib64/libui_service_extension_connection.z.so
7ef74d6000-7ef74d7000 rw-p 00000000 00:00 0 
7ef7500000-7ef7695000 r--p 00000000 103:20 4601                          /system/lib64/platformsdk/libabilityms.z.so
7ef7695000-7ef7ada000 r-xp 00194000 103:20 4601                          /system/lib64/platformsdk/libabilityms.z.so
7ef7ada000-7ef7aff000 r--p 005d8000 103:20 4601                          /system/lib64/platformsdk/libabilityms.z.so
7ef7aff000-7ef7b00000 rw-p 005fc000 103:20 4601                          /system/lib64/platformsdk/libabilityms.z.so
7ef7b00000-7ef7b04000 rw-p 00000000 00:00 0 
7ef7b40000-7ef7b43000 r--p 00000000 103:20 5299                          /system/lib64/platformsdk/libuser_controller.z.so
7ef7b43000-7ef7b49000 r-xp 00002000 103:20 5299                          /system/lib64/platformsdk/libuser_controller.z.so
7ef7b49000-7ef7b4a000 r--p 00007000 103:20 5299                          /system/lib64/platformsdk/libuser_controller.z.so
7ef7b4a000-7ef7b4b000 rw-p 00007000 103:20 5299                          /system/lib64/platformsdk/libuser_controller.z.so
7ef7b80000-7ef7b85000 r--p 00000000 103:20 5138                          /system/lib64/platformsdk/libperm_verification.z.so
7ef7b85000-7ef7b8d000 r-xp 00004000 103:20 5138                          /system/lib64/platformsdk/libperm_verification.z.so
7ef7b8d000-7ef7b8e000 r--p 0000b000 103:20 5138                          /system/lib64/platformsdk/libperm_verification.z.so
7ef7b8e000-7ef7b8f000 rw-p 0000b000 103:20 5138                          /system/lib64/platformsdk/libperm_verification.z.so
7ef7bc0000-7ef7bd7000 r--p 00000000 103:20 4959                          /system/lib64/platformsdk/libextensionkit_native.z.so
7ef7bd7000-7ef7bf0000 r-xp 00016000 103:20 4959                          /system/lib64/platformsdk/libextensionkit_native.z.so
7ef7bf0000-7ef7bf2000 r--p 0002e000 103:20 4959                          /system/lib64/platformsdk/libextensionkit_native.z.so
7ef7bf2000-7ef7bf3000 rw-p 0002f000 103:20 4959                          /system/lib64/platformsdk/libextensionkit_native.z.so
7ef7c00000-7ef7c3a000 r--p 00000000 103:20 5277                          /system/lib64/platformsdk/libudmf_client.z.so
7ef7c3a000-7ef7cd9000 r-xp 00039000 103:20 5277                          /system/lib64/platformsdk/libudmf_client.z.so
7ef7cd9000-7ef7ce2000 r--p 000d7000 103:20 5277                          /system/lib64/platformsdk/libudmf_client.z.so
7ef7ce2000-7ef7ce3000 rw-p 000df000 103:20 5277                          /system/lib64/platformsdk/libudmf_client.z.so
7ef7ce3000-7ef7ce5000 rw-p 00000000 00:00 0 
7ef7d00000-7ef7d05000 r--p 00000000 103:20 5310                          /system/lib64/platformsdk/libview_data.z.so
7ef7d05000-7ef7d15000 r-xp 00004000 103:20 5310                          /system/lib64/platformsdk/libview_data.z.so
7ef7d15000-7ef7d16000 r--p 00013000 103:20 5310                          /system/lib64/platformsdk/libview_data.z.so
7ef7d16000-7ef7d17000 rw-p 00013000 103:20 5310                          /system/lib64/platformsdk/libview_data.z.so
7ef7d40000-7ef7d83000 r--p 00000000 103:20 5177                          /system/lib64/platformsdk/libruntime.z.so
7ef7d83000-7ef7deb000 r-xp 00042000 103:20 5177                          /system/lib64/platformsdk/libruntime.z.so
7ef7deb000-7ef7def000 r--p 000a9000 103:20 5177                          /system/lib64/platformsdk/libruntime.z.so
7ef7def000-7ef7df0000 rw-p 000ac000 103:20 5177                          /system/lib64/platformsdk/libruntime.z.so
7ef7e00000-7ef7e03000 r--p 00000000 103:20 4583                          /system/lib64/platformsdk/libability_business_error.z.so
7ef7e03000-7ef7e04000 r-xp 00002000 103:20 4583                          /system/lib64/platformsdk/libability_business_error.z.so
7ef7e04000-7ef7e06000 r--p 00002000 103:20 4583                          /system/lib64/platformsdk/libability_business_error.z.so
7ef7e06000-7ef7e07000 rw-p 00003000 103:20 4583                          /system/lib64/platformsdk/libability_business_error.z.so
7ef7e40000-7ef7e44000 r--p 00000000 103:20 4867                          /system/lib64/platformsdk/libconnect_server_manager.z.so
7ef7e44000-7ef7e4b000 r-xp 00003000 103:20 4867                          /system/lib64/platformsdk/libconnect_server_manager.z.so
7ef7e4b000-7ef7e4c000 r--p 00009000 103:20 4867                          /system/lib64/platformsdk/libconnect_server_manager.z.so
7ef7e4c000-7ef7e4d000 rw-p 00009000 103:20 4867                          /system/lib64/platformsdk/libconnect_server_manager.z.so
7ef7e80000-7ef7e83000 r--p 00000000 103:20 4589                          /system/lib64/platformsdk/libability_deps_wrapper.z.so
7ef7e83000-7ef7e86000 r-xp 00002000 103:20 4589                          /system/lib64/platformsdk/libability_deps_wrapper.z.so
7ef7e86000-7ef7e87000 r--p 00004000 103:20 4589                          /system/lib64/platformsdk/libability_deps_wrapper.z.so
7ef7e87000-7ef7e88000 rw-p 00004000 103:20 4589                          /system/lib64/platformsdk/libability_deps_wrapper.z.so
7ef7ec0000-7ef7ec1000 r--p 00000000 103:20 5033                          /system/lib64/platformsdk/libintl_register.z.so
7ef7ec1000-7ef7ec2000 r-xp 00000000 103:20 5033                          /system/lib64/platformsdk/libintl_register.z.so
7ef7ec2000-7ef7ec3000 r--p 00000000 103:20 5033                          /system/lib64/platformsdk/libintl_register.z.so
7ef7ec3000-7ef7ec4000 rw-p 00000000 103:20 5033                          /system/lib64/platformsdk/libintl_register.z.so
7ef7f00000-7ef7f38000 r--p 00000000 103:20 4647                          /system/lib64/platformsdk/libapp_context.z.so
7ef7f38000-7ef7f7f000 r-xp 00037000 103:20 4647                          /system/lib64/platformsdk/libapp_context.z.so
7ef7f7f000-7ef7f82000 r--p 0007d000 103:20 4647                          /system/lib64/platformsdk/libapp_context.z.so
7ef7f82000-7ef7f83000 rw-p 0007f000 103:20 4647                          /system/lib64/platformsdk/libapp_context.z.so
7ef7fc0000-7ef7fd4000 r--p 00000000 103:20 5086                          /system/lib64/platformsdk/libnapi_common.z.so
7ef7fd4000-7ef7ff0000 r-xp 00013000 103:20 5086                          /system/lib64/platformsdk/libnapi_common.z.so
7ef7ff0000-7ef7ff2000 r--p 0002e000 103:20 5086                          /system/lib64/platformsdk/libnapi_common.z.so
7ef7ff2000-7ef7ff3000 rw-p 0002f000 103:20 5086                          /system/lib64/platformsdk/libnapi_common.z.so
7ef8000000-7ef8003000 r--p 00000000 103:20 5326                          /system/lib64/platformsdk/libwindow_animation_utils.z.so
7ef8003000-7ef8007000 r-xp 00002000 103:20 5326                          /system/lib64/platformsdk/libwindow_animation_utils.z.so
7ef8007000-7ef8009000 r--p 00005000 103:20 5326                          /system/lib64/platformsdk/libwindow_animation_utils.z.so
7ef8009000-7ef800a000 rw-p 00006000 103:20 5326                          /system/lib64/platformsdk/libwindow_animation_utils.z.so
7ef8040000-7ef8044000 r--p 00000000 103:20 4900                          /system/lib64/platformsdk/libdialog_request_callback.z.so
7ef8044000-7ef8047000 r-xp 00003000 103:20 4900                          /system/lib64/platformsdk/libdialog_request_callback.z.so
7ef8047000-7ef8049000 r--p 00005000 103:20 4900                          /system/lib64/platformsdk/libdialog_request_callback.z.so
7ef8049000-7ef804a000 rw-p 00006000 103:20 4900                          /system/lib64/platformsdk/libdialog_request_callback.z.so
7ef8080000-7ef815d000 r--p 00000000 103:20 3770                          /system/lib64/libwm.z.so
7ef815d000-7ef82e3000 r-xp 000dc000 103:20 3770                          /system/lib64/libwm.z.so
7ef82e3000-7ef8310000 r--p 00261000 103:20 3770                          /system/lib64/libwm.z.so
7ef8310000-7ef8311000 rw-p 0028d000 103:20 3770                          /system/lib64/libwm.z.so
7ef8311000-7ef8314000 rw-p 00000000 00:00 0 
7ef8340000-7ef8349000 r--p 00000000 103:20 5325                          /system/lib64/platformsdk/libwindow_animation.z.so
7ef8349000-7ef8352000 r-xp 00008000 103:20 5325                          /system/lib64/platformsdk/libwindow_animation.z.so
7ef8352000-7ef8356000 r--p 00010000 103:20 5325                          /system/lib64/platformsdk/libwindow_animation.z.so
7ef8356000-7ef8357000 rw-p 00013000 103:20 5325                          /system/lib64/platformsdk/libwindow_animation.z.so
7ef8380000-7ef838c000 r--p 00000000 103:20 5040                          /system/lib64/platformsdk/libjs_environment.z.so
7ef838c000-7ef839c000 r-xp 0000b000 103:20 5040                          /system/lib64/platformsdk/libjs_environment.z.so
7ef839c000-7ef839e000 r--p 0001a000 103:20 5040                          /system/lib64/platformsdk/libjs_environment.z.so
7ef839e000-7ef839f000 rw-p 0001b000 103:20 5040                          /system/lib64/platformsdk/libjs_environment.z.so
7ef83c0000-7ef83c2000 r--p 00000000 103:20 5270                          /system/lib64/platformsdk/libtoken_callback_sdk.z.so
7ef83c2000-7ef83c6000 r-xp 00001000 103:20 5270                          /system/lib64/platformsdk/libtoken_callback_sdk.z.so
7ef83c6000-7ef83c7000 r--p 00004000 103:20 5270                          /system/lib64/platformsdk/libtoken_callback_sdk.z.so
7ef83c7000-7ef83c8000 rw-p 00004000 103:20 5270                          /system/lib64/platformsdk/libtoken_callback_sdk.z.so
7ef8400000-7ef8402000 r--p 00000000 103:20 2811                          /system/lib64/libapplication_context_manager.z.so
7ef8402000-7ef8405000 r-xp 00001000 103:20 2811                          /system/lib64/libapplication_context_manager.z.so
7ef8405000-7ef8406000 r--p 00003000 103:20 2811                          /system/lib64/libapplication_context_manager.z.so
7ef8406000-7ef8407000 rw-p 00003000 103:20 2811                          /system/lib64/libapplication_context_manager.z.so
7ef8440000-7ef84da000 r--p 00000000 103:20 5189                          /system/lib64/platformsdk/libscene_session.z.so
7ef84da000-7ef866e000 r-xp 00099000 103:20 5189                          /system/lib64/platformsdk/libscene_session.z.so
7ef866e000-7ef86a3000 r--p 0022c000 103:20 5189                          /system/lib64/platformsdk/libscene_session.z.so
7ef86a3000-7ef86a4000 rw-p 00260000 103:20 5189                          /system/lib64/platformsdk/libscene_session.z.so
7ef86a4000-7ef86a5000 rw-p 00000000 00:00 0 
7ef86c0000-7ef86c8000 r--p 00000000 103:20 4869                          /system/lib64/platformsdk/libconsole.z.so
7ef86c8000-7ef86d4000 r-xp 00007000 103:20 4869                          /system/lib64/platformsdk/libconsole.z.so
7ef86d4000-7ef86d5000 r--p 00012000 103:20 4869                          /system/lib64/platformsdk/libconsole.z.so
7ef86d5000-7ef86d6000 rw-p 00012000 103:20 4869                          /system/lib64/platformsdk/libconsole.z.so
7ef8700000-7ef870a000 r--p 00000000 103:20 5198                          /system/lib64/platformsdk/libscreenlock_server.z.so
7ef870a000-7ef872a000 r-xp 00009000 103:20 5198                          /system/lib64/platformsdk/libscreenlock_server.z.so
7ef872a000-7ef872d000 r--p 00028000 103:20 5198                          /system/lib64/platformsdk/libscreenlock_server.z.so
7ef872d000-7ef872e000 rw-p 0002a000 103:20 5198                          /system/lib64/platformsdk/libscreenlock_server.z.so
7ef872e000-7ef872f000 rw-p 00000000 00:00 0 
7ef8740000-7ef8767000 r--p 00000000 103:20 5195                          /system/lib64/platformsdk/libscreen_session_manager_client.z.so
7ef8767000-7ef87b8000 r-xp 00026000 103:20 5195                          /system/lib64/platformsdk/libscreen_session_manager_client.z.so
7ef87b8000-7ef87bf000 r--p 00076000 103:20 5195                          /system/lib64/platformsdk/libscreen_session_manager_client.z.so
7ef87bf000-7ef87c0000 rw-p 0007c000 103:20 5195                          /system/lib64/platformsdk/libscreen_session_manager_client.z.so
7ef87c0000-7ef87d0000 r--p 00000000 103:20 4648                          /system/lib64/platformsdk/libapp_context_utils.z.so
7ef87d0000-7ef87e9000 r-xp 0000f000 103:20 4648                          /system/lib64/platformsdk/libapp_context_utils.z.so
7ef87e9000-7ef87eb000 r--p 00027000 103:20 4648                          /system/lib64/platformsdk/libapp_context_utils.z.so
7ef87eb000-7ef87ec000 rw-p 00028000 103:20 4648                          /system/lib64/platformsdk/libapp_context_utils.z.so
7ef8800000-7ef881a000 r--p 00000000 103:20 5215                          /system/lib64/platformsdk/libsession_manager.z.so
7ef881a000-7ef8848000 r-xp 00019000 103:20 5215                          /system/lib64/platformsdk/libsession_manager.z.so
7ef8848000-7ef8850000 r--p 00046000 103:20 5215                          /system/lib64/platformsdk/libsession_manager.z.so
7ef8850000-7ef8851000 rw-p 0004d000 103:20 5215                          /system/lib64/platformsdk/libsession_manager.z.so
7ef8880000-7ef8881000 r--p 00000000 103:20 4965                          /system/lib64/platformsdk/libextractresourcemanager.z.so
7ef8881000-7ef8882000 r-xp 00000000 103:20 4965                          /system/lib64/platformsdk/libextractresourcemanager.z.so
7ef8882000-7ef8884000 r--p 00000000 103:20 4965                          /system/lib64/platformsdk/libextractresourcemanager.z.so
7ef8884000-7ef8885000 rw-p 00001000 103:20 4965                          /system/lib64/platformsdk/libextractresourcemanager.z.so
7ef88c0000-7ef88d8000 r--p 00000000 103:20 5173                          /system/lib64/platformsdk/libresmgr_napi_core.z.so
7ef88d8000-7ef88fd000 r-xp 00017000 103:20 5173                          /system/lib64/platformsdk/libresmgr_napi_core.z.so
7ef88fd000-7ef8901000 r--p 0003b000 103:20 5173                          /system/lib64/platformsdk/libresmgr_napi_core.z.so
7ef8901000-7ef8903000 rw-p 0003e000 103:20 5173                          /system/lib64/platformsdk/libresmgr_napi_core.z.so
7ef8940000-7ef8943000 r--p 00000000 103:20 4630                          /system/lib64/platformsdk/libace_uicontent.z.so
7ef8943000-7ef8946000 r-xp 00002000 103:20 4630                          /system/lib64/platformsdk/libace_uicontent.z.so
7ef8946000-7ef8947000 r--p 00004000 103:20 4630                          /system/lib64/platformsdk/libace_uicontent.z.so
7ef8947000-7ef8948000 rw-p 00004000 103:20 4630                          /system/lib64/platformsdk/libace_uicontent.z.so
7ef8980000-7ef8990000 r--p 00000000 103:20 4723                          /system/lib64/platformsdk/libbundle_napi_common.z.so
7ef8990000-7ef89ad000 r-xp 0000f000 103:20 4723                          /system/lib64/platformsdk/libbundle_napi_common.z.so
7ef89ad000-7ef89af000 r--p 0002b000 103:20 4723                          /system/lib64/platformsdk/libbundle_napi_common.z.so
7ef89af000-7ef89b0000 rw-p 0002c000 103:20 4723                          /system/lib64/platformsdk/libbundle_napi_common.z.so
7ef89c0000-7ef89c6000 r--p 00000000 103:20 5269                          /system/lib64/platformsdk/libtimer.z.so
7ef89c6000-7ef89cc000 r-xp 00005000 103:20 5269                          /system/lib64/platformsdk/libtimer.z.so
7ef89cc000-7ef89ce000 r--p 0000a000 103:20 5269                          /system/lib64/platformsdk/libtimer.z.so
7ef89ce000-7ef89cf000 rw-p 0000b000 103:20 5269                          /system/lib64/platformsdk/libtimer.z.so
7ef8a00000-7ef8a03000 r--p 00000000 103:20 4627                          /system/lib64/platformsdk/libace_forward_compatibility.z.so
7ef8a03000-7ef8a07000 r-xp 00002000 103:20 4627                          /system/lib64/platformsdk/libace_forward_compatibility.z.so
7ef8a07000-7ef8a08000 r--p 00005000 103:20 4627                          /system/lib64/platformsdk/libace_forward_compatibility.z.so
7ef8a08000-7ef8a09000 rw-p 00005000 103:20 4627                          /system/lib64/platformsdk/libace_forward_compatibility.z.so
7ef8a40000-7ef8a42000 r--p 00000000 103:20 4593                          /system/lib64/platformsdk/libability_runtime_error_util.z.so
7ef8a42000-7ef8a46000 r-xp 00001000 103:20 4593                          /system/lib64/platformsdk/libability_runtime_error_util.z.so
7ef8a46000-7ef8a47000 r--p 00004000 103:20 4593                          /system/lib64/platformsdk/libability_runtime_error_util.z.so
7ef8a47000-7ef8a48000 rw-p 00004000 103:20 4593                          /system/lib64/platformsdk/libability_runtime_error_util.z.so
7ef8a80000-7ef8aa3000 r--p 00000000 103:20 4587                          /system/lib64/platformsdk/libability_context_native.z.so
7ef8aa3000-7ef8ac9000 r-xp 00022000 103:20 4587                          /system/lib64/platformsdk/libability_context_native.z.so
7ef8ac9000-7ef8acf000 r--p 00047000 103:20 4587                          /system/lib64/platformsdk/libability_context_native.z.so
7ef8acf000-7ef8ad0000 rw-p 0004c000 103:20 4587                          /system/lib64/platformsdk/libability_context_native.z.so
7ef8b00000-7ef8b10000 r--p 00000000 103:20 2793                          /system/lib64/libans_base.z.so
7ef8b10000-7ef8b26000 r-xp 0000f000 103:20 2793                          /system/lib64/libans_base.z.so
7ef8b26000-7ef8b28000 r--p 00024000 103:20 2793                          /system/lib64/libans_base.z.so
7ef8b28000-7ef8b29000 rw-p 00025000 103:20 2793                          /system/lib64/libans_base.z.so
7ef8b40000-7ef8bdd000 r--p 00000000 103:20 2792                          /system/lib64/libans.z.so
7ef8bdd000-7ef8d48000 r-xp 0009c000 103:20 2792                          /system/lib64/libans.z.so
7ef8d48000-7ef8d5a000 r--p 00206000 103:20 2792                          /system/lib64/libans.z.so
7ef8d5a000-7ef8d5b000 rw-p 00217000 103:20 2792                          /system/lib64/libans.z.so
7ef8d5b000-7ef8d5e000 rw-p 00000000 00:00 0 
7ef8d80000-7ef8da2000 r--p 00000000 103:20 3561                          /system/lib64/libreminder_innerkits.z.so
7ef8da2000-7ef8de1000 r-xp 00021000 103:20 3561                          /system/lib64/libreminder_innerkits.z.so
7ef8de1000-7ef8de9000 r--p 0005f000 103:20 3561                          /system/lib64/libreminder_innerkits.z.so
7ef8de9000-7ef8dea000 rw-p 00066000 103:20 3561                          /system/lib64/libreminder_innerkits.z.so
7ef8e00000-7ef8e95000 r--p 00000000 103:20 4644                          /system/lib64/platformsdk/libans_innerkits.z.so
7ef8e95000-7ef8fa9000 r-xp 00094000 103:20 4644                          /system/lib64/platformsdk/libans_innerkits.z.so
7ef8fa9000-7ef8fc0000 r--p 001a7000 103:20 4644                          /system/lib64/platformsdk/libans_innerkits.z.so
7ef8fc0000-7ef8fc1000 rw-p 001bd000 103:20 4644                          /system/lib64/platformsdk/libans_innerkits.z.so
7ef8fc1000-7ef8fc2000 rw-p 00000000 00:00 0 
7ef9000000-7ef901a000 r--p 00000000 103:20 2537                          /system/lib64/chipset-sdk/libbtcommon.z.so
7ef901a000-7ef903a000 r-xp 00019000 103:20 2537                          /system/lib64/chipset-sdk/libbtcommon.z.so
7ef903a000-7ef903f000 r--p 00038000 103:20 2537                          /system/lib64/chipset-sdk/libbtcommon.z.so
7ef903f000-7ef9040000 rw-p 0003c000 103:20 2537                          /system/lib64/chipset-sdk/libbtcommon.z.so
7ef9040000-7ef90e6000 r--p 00000000 103:20 4721                          /system/lib64/platformsdk/libbtframework.z.so
7ef90e6000-7ef9271000 r-xp 000a5000 103:20 4721                          /system/lib64/platformsdk/libbtframework.z.so
7ef9271000-7ef92a2000 r--p 0022f000 103:20 4721                          /system/lib64/platformsdk/libbtframework.z.so
7ef92a2000-7ef92a3000 rw-p 0025f000 103:20 4721                          /system/lib64/platformsdk/libbtframework.z.so
7ef92a3000-7ef92a5000 rw-p 00000000 00:00 0 
7ef92c0000-7ef92cf000 r--p 00000000 103:20 2794                          /system/lib64/libans_distributed.z.so
7ef92cf000-7ef92f0000 r-xp 0000e000 103:20 2794                          /system/lib64/libans_distributed.z.so
7ef92f0000-7ef92f2000 r--p 0002e000 103:20 2794                          /system/lib64/libans_distributed.z.so
7ef92f2000-7ef92f3000 rw-p 0002f000 103:20 2794                          /system/lib64/libans_distributed.z.so
7ef9300000-7ef931a000 r--p 00000000 103:20 5317                          /system/lib64/platformsdk/libwantagent_innerkits.z.so
7ef931a000-7ef9336000 r-xp 00019000 103:20 5317                          /system/lib64/platformsdk/libwantagent_innerkits.z.so
7ef9336000-7ef9339000 r--p 00034000 103:20 5317                          /system/lib64/platformsdk/libwantagent_innerkits.z.so
7ef9339000-7ef933a000 rw-p 00036000 103:20 5317                          /system/lib64/platformsdk/libwantagent_innerkits.z.so
7ef9340000-7ef9540000 r--s 00000000 00:13 78                             /dev/__parameters__/u:object_r:bootevent_param:s0
7ef9540000-7ef9544000 r--p 00000000 103:20 3648                          /system/lib64/libstatic_subscriber_ipc.z.so
7ef9544000-7ef9547000 r-xp 00003000 103:20 3648                          /system/lib64/libstatic_subscriber_ipc.z.so
7ef9547000-7ef9549000 r--p 00005000 103:20 3648                          /system/lib64/libstatic_subscriber_ipc.z.so
7ef9549000-7ef954a000 rw-p 00006000 103:20 3648                          /system/lib64/libstatic_subscriber_ipc.z.so
7ef9580000-7ef95c4000 r--p 00000000 103:20 4891                          /system/lib64/platformsdk/libdevicemanagersdk.z.so
7ef95c4000-7ef963a000 r-xp 00043000 103:20 4891                          /system/lib64/platformsdk/libdevicemanagersdk.z.so
7ef963a000-7ef9641000 r--p 000b8000 103:20 4891                          /system/lib64/platformsdk/libdevicemanagersdk.z.so
7ef9641000-7ef9642000 rw-p 000be000 103:20 4891                          /system/lib64/platformsdk/libdevicemanagersdk.z.so
7ef9680000-7ef9684000 r--p 00000000 103:20 4922                          /system/lib64/platformsdk/libdistributeddata_client_sync.z.so
7ef9684000-7ef9693000 r-xp 00003000 103:20 4922                          /system/lib64/platformsdk/libdistributeddata_client_sync.z.so
7ef9693000-7ef9694000 r--p 00011000 103:20 4922                          /system/lib64/platformsdk/libdistributeddata_client_sync.z.so
7ef9694000-7ef9695000 rw-p 00011000 103:20 4922                          /system/lib64/platformsdk/libdistributeddata_client_sync.z.so
7ef96c0000-7ef96f5000 r--p 00000000 103:20 2973                          /system/lib64/libcesfwk_services.z.so
7ef96f5000-7ef975a000 r-xp 00034000 103:20 2973                          /system/lib64/libcesfwk_services.z.so
7ef975a000-7ef975f000 r--p 00098000 103:20 2973                          /system/lib64/libcesfwk_services.z.so
7ef975f000-7ef9760000 rw-p 0009c000 103:20 2973                          /system/lib64/libcesfwk_services.z.so
7ef9760000-7ef9761000 rw-p 00000000 00:00 0 
7ef9780000-7ef97a4000 r--p 00000000 103:20 4923                          /system/lib64/platformsdk/libdistributeddata_inner.z.so
7ef97a4000-7ef980a000 r-xp 00023000 103:20 4923                          /system/lib64/platformsdk/libdistributeddata_inner.z.so
7ef980a000-7ef9813000 r--p 00088000 103:20 4923                          /system/lib64/platformsdk/libdistributeddata_inner.z.so
7ef9813000-7ef9814000 rw-p 00090000 103:20 4923                          /system/lib64/platformsdk/libdistributeddata_inner.z.so
7ef9814000-7ef9815000 rw-p 00000000 00:00 0 
7ef9840000-7ef984b000 r--p 00000000 103:20 3059                          /system/lib64/libdevicemanagerjson.z.so
7ef984b000-7ef985c000 r-xp 0000a000 103:20 3059                          /system/lib64/libdevicemanagerjson.z.so
7ef985c000-7ef985e000 r--p 0001a000 103:20 3059                          /system/lib64/libdevicemanagerjson.z.so
7ef985e000-7ef985f000 rw-p 0001b000 103:20 3059                          /system/lib64/libdevicemanagerjson.z.so
7ef9880000-7ef9888000 r--p 00000000 103:20 4921                          /system/lib64/platformsdk/libdistributed_sdk.z.so
7ef9888000-7ef9892000 r-xp 00007000 103:20 4921                          /system/lib64/platformsdk/libdistributed_sdk.z.so
7ef9892000-7ef9896000 r--p 00010000 103:20 4921                          /system/lib64/platformsdk/libdistributed_sdk.z.so
7ef9896000-7ef9897000 rw-p 00013000 103:20 4921                          /system/lib64/platformsdk/libdistributed_sdk.z.so
7ef98c0000-7ef9991000 r--p 00000000 103:20 4926                          /system/lib64/platformsdk/libdistributeddb.z.so
7ef9991000-7ef9c61000 r-xp 000d0000 103:20 4926                          /system/lib64/platformsdk/libdistributeddb.z.so
7ef9c61000-7ef9c76000 r--p 0039f000 103:20 4926                          /system/lib64/platformsdk/libdistributeddb.z.so
7ef9c76000-7ef9c77000 rw-p 003b3000 103:20 4926                          /system/lib64/platformsdk/libdistributeddb.z.so
7ef9c77000-7ef9c79000 rw-p 00000000 00:00 0 
7ef9c80000-7ef9ca6000 r--p 00000000 103:20 2554                          /system/lib64/chipset-sdk/libhukssdk.z.so
7ef9ca6000-7ef9cd7000 r-xp 00025000 103:20 2554                          /system/lib64/chipset-sdk/libhukssdk.z.so
7ef9cd7000-7ef9cdd000 r--p 00055000 103:20 2554                          /system/lib64/chipset-sdk/libhukssdk.z.so
7ef9cdd000-7ef9cde000 rw-p 0005a000 103:20 2554                          /system/lib64/chipset-sdk/libhukssdk.z.so
7ef9cde000-7ef9d3a000 rw-p 00000000 00:00 0 
7ef9d3a000-7ef9d3c000 ---p 00000000 00:00 0 
7ef9d3c000-7efa53d000 rw-p 00000000 00:00 0 
7efa53d000-7efa53f000 ---p 00000000 00:00 0 
7efa53f000-7efad40000 rw-p 00000000 00:00 0 
7efad40000-7efad7d000 r--p 00000000 103:20 3159                          /system/lib64/libdm.z.so
7efad7d000-7efadee000 r-xp 0003c000 103:20 3159                          /system/lib64/libdm.z.so
7efadee000-7efae08000 r--p 000ac000 103:20 3159                          /system/lib64/libdm.z.so
7efae08000-7efae09000 rw-p 000c5000 103:20 3159                          /system/lib64/libdm.z.so
7efae40000-7efae5b000 r--p 00000000 103:20 5149                          /system/lib64/platformsdk/libpowermgr_client.z.so
7efae5b000-7efae79000 r-xp 0001a000 103:20 5149                          /system/lib64/platformsdk/libpowermgr_client.z.so
7efae79000-7efae87000 r--p 00037000 103:20 5149                          /system/lib64/platformsdk/libpowermgr_client.z.so
7efae87000-7efae88000 rw-p 00044000 103:20 5149                          /system/lib64/platformsdk/libpowermgr_client.z.so
7efae88000-7efae89000 rw-p 00000000 00:00 0 
7efaec0000-7efaecc000 r--p 00000000 103:20 5209                          /system/lib64/platformsdk/libsensor_utils.z.so
7efaecc000-7efaed7000 r-xp 0000b000 103:20 5209                          /system/lib64/platformsdk/libsensor_utils.z.so
7efaed7000-7efaed9000 r--p 00015000 103:20 5209                          /system/lib64/platformsdk/libsensor_utils.z.so
7efaed9000-7efaeda000 rw-p 00016000 103:20 5209                          /system/lib64/platformsdk/libsensor_utils.z.so
7efaf00000-7efaf06000 r--p 00000000 103:20 5197                          /system/lib64/platformsdk/libscreenlock_client.z.so
7efaf06000-7efaf13000 r-xp 00005000 103:20 5197                          /system/lib64/platformsdk/libscreenlock_client.z.so
7efaf13000-7efaf16000 r--p 00011000 103:20 5197                          /system/lib64/platformsdk/libscreenlock_client.z.so
7efaf16000-7efaf17000 rw-p 00013000 103:20 5197                          /system/lib64/platformsdk/libscreenlock_client.z.so
7efaf40000-7efaf4e000 r--p 00000000 103:20 3332                          /system/lib64/libinputmethod_common.z.so
7efaf4e000-7efaf5e000 r-xp 0000d000 103:20 3332                          /system/lib64/libinputmethod_common.z.so
7efaf5e000-7efaf63000 r--p 0001c000 103:20 3332                          /system/lib64/libinputmethod_common.z.so
7efaf63000-7efaf64000 rw-p 00020000 103:20 3332                          /system/lib64/libinputmethod_common.z.so
7efaf80000-7efaf84000 r--p 00000000 103:20 4893                          /system/lib64/platformsdk/libdevicestatus_ipc.z.so
7efaf84000-7efaf8a000 r-xp 00003000 103:20 4893                          /system/lib64/platformsdk/libdevicestatus_ipc.z.so
7efaf8a000-7efaf8b000 r--p 00008000 103:20 4893                          /system/lib64/platformsdk/libdevicestatus_ipc.z.so
7efaf8b000-7efaf8c000 rw-p 00008000 103:20 4893                          /system/lib64/platformsdk/libdevicestatus_ipc.z.so
7efafc0000-7efafde000 r--p 00000000 103:20 5193                          /system/lib64/platformsdk/libscreen_session.z.so
7efafde000-7efb007000 r-xp 0001d000 103:20 5193                          /system/lib64/platformsdk/libscreen_session.z.so
7efb007000-7efb00a000 r--p 00045000 103:20 5193                          /system/lib64/platformsdk/libscreen_session.z.so
7efb00a000-7efb00b000 rw-p 00047000 103:20 5193                          /system/lib64/platformsdk/libscreen_session.z.so
7efb00b000-7efb00c000 rw-p 00000000 00:00 0 
7efb040000-7efb050000 r--p 00000000 103:20 5204                          /system/lib64/platformsdk/libsensor_client.z.so
7efb050000-7efb06c000 r-xp 0000f000 103:20 5204                          /system/lib64/platformsdk/libsensor_client.z.so
7efb06c000-7efb06f000 r--p 0002a000 103:20 5204                          /system/lib64/platformsdk/libsensor_client.z.so
7efb06f000-7efb070000 rw-p 0002c000 103:20 5204                          /system/lib64/platformsdk/libsensor_client.z.so
7efb070000-7efb071000 rw-p 00000000 00:00 0 
7efb080000-7efb0a4000 r--p 00000000 103:20 5222                          /system/lib64/platformsdk/libsms.z.so
7efb0a4000-7efb0e2000 r-xp 00023000 103:20 5222                          /system/lib64/platformsdk/libsms.z.so
7efb0e2000-7efb0ed000 r--p 00060000 103:20 5222                          /system/lib64/platformsdk/libsms.z.so
7efb0ed000-7efb0ee000 rw-p 0006a000 103:20 5222                          /system/lib64/platformsdk/libsms.z.so
7efb100000-7efb11b000 r--p 00000000 103:20 5329                          /system/lib64/platformsdk/libwindow_scene_common.z.so
7efb11b000-7efb13b000 r-xp 0001a000 103:20 5329                          /system/lib64/platformsdk/libwindow_scene_common.z.so
7efb13b000-7efb13f000 r--p 00039000 103:20 5329                          /system/lib64/platformsdk/libwindow_scene_common.z.so
7efb13f000-7efb140000 rw-p 0003c000 103:20 5329                          /system/lib64/platformsdk/libwindow_scene_common.z.so
7efb140000-7efb145000 r--p 00000000 103:20 5203                          /system/lib64/platformsdk/libsensor_agent.z.so
7efb145000-7efb14c000 r-xp 00004000 103:20 5203                          /system/lib64/platformsdk/libsensor_agent.z.so
7efb14c000-7efb14d000 r--p 0000a000 103:20 5203                          /system/lib64/platformsdk/libsensor_agent.z.so
7efb14d000-7efb14e000 rw-p 0000a000 103:20 5203                          /system/lib64/platformsdk/libsensor_agent.z.so
7efb14e000-7efb14f000 rw-p 00000000 00:00 0 
7efb180000-7efb18e000 r--p 00000000 103:20 4894                          /system/lib64/platformsdk/libdevicestatus_util.z.so
7efb18e000-7efb1b0000 r-xp 0000d000 103:20 4894                          /system/lib64/platformsdk/libdevicestatus_util.z.so
7efb1b0000-7efb1b2000 r--p 0002e000 103:20 4894                          /system/lib64/platformsdk/libdevicestatus_util.z.so
7efb1b2000-7efb1b3000 rw-p 0002f000 103:20 4894                          /system/lib64/platformsdk/libdevicestatus_util.z.so
7efb1b3000-7efb1b4000 rw-p 00000000 00:00 0 
7efb1c0000-7efb1c5000 r--p 00000000 103:20 5206                          /system/lib64/platformsdk/libsensor_ipc.z.so
7efb1c5000-7efb1ca000 r-xp 00004000 103:20 5206                          /system/lib64/platformsdk/libsensor_ipc.z.so
7efb1ca000-7efb1cc000 r--p 00008000 103:20 5206                          /system/lib64/platformsdk/libsensor_ipc.z.so
7efb1cc000-7efb1cd000 rw-p 00009000 103:20 5206                          /system/lib64/platformsdk/libsensor_ipc.z.so
7efb200000-7efb209000 r--p 00000000 103:20 5268                          /system/lib64/platformsdk/libtime_client.z.so
7efb209000-7efb21c000 r-xp 00008000 103:20 5268                          /system/lib64/platformsdk/libtime_client.z.so
7efb21c000-7efb21f000 r--p 0001a000 103:20 5268                          /system/lib64/platformsdk/libtime_client.z.so
7efb21f000-7efb220000 rw-p 0001c000 103:20 5268                          /system/lib64/platformsdk/libtime_client.z.so
7efb240000-7efb24c000 r--p 00000000 103:20 3327                          /system/lib64/libimf_hisysevent.z.so
7efb24c000-7efb261000 r-xp 0000b000 103:20 3327                          /system/lib64/libimf_hisysevent.z.so
7efb261000-7efb264000 r--p 0001f000 103:20 3327                          /system/lib64/libimf_hisysevent.z.so
7efb264000-7efb265000 rw-p 00021000 103:20 3327                          /system/lib64/libimf_hisysevent.z.so
7efb265000-7efb266000 rw-p 00000000 00:00 0 
7efb280000-7efb29e000 r--p 00000000 103:20 4884                          /system/lib64/platformsdk/libdatashare_consumer.z.so
7efb29e000-7efb2f8000 r-xp 0001d000 103:20 4884                          /system/lib64/platformsdk/libdatashare_consumer.z.so
7efb2f8000-7efb305000 r--p 00076000 103:20 4884                          /system/lib64/platformsdk/libdatashare_consumer.z.so
7efb305000-7efb306000 rw-p 00082000 103:20 4884                          /system/lib64/platformsdk/libdatashare_consumer.z.so
7efb340000-7efb359000 r--p 00000000 103:20 4892                          /system/lib64/platformsdk/libdevicestatus_client.z.so
7efb359000-7efb39e000 r-xp 00018000 103:20 4892                          /system/lib64/platformsdk/libdevicestatus_client.z.so
7efb39e000-7efb3a4000 r--p 0005c000 103:20 4892                          /system/lib64/platformsdk/libdevicestatus_client.z.so
7efb3a4000-7efb3a5000 rw-p 00061000 103:20 4892                          /system/lib64/platformsdk/libdevicestatus_client.z.so
7efb3a5000-7efb3a7000 rw-p 00000000 00:00 0 
7efb3c0000-7efb485000 r--p 00000000 103:20 5194                          /system/lib64/platformsdk/libscreen_session_manager.z.so
7efb485000-7efb612000 r-xp 000c4000 103:20 5194                          /system/lib64/platformsdk/libscreen_session_manager.z.so
7efb612000-7efb629000 r--p 00250000 103:20 5194                          /system/lib64/platformsdk/libscreen_session_manager.z.so
7efb629000-7efb62a000 rw-p 00266000 103:20 5194                          /system/lib64/platformsdk/libscreen_session_manager.z.so
7efb62a000-7efb62e000 rw-p 00000000 00:00 0 
7efb640000-7efd4c0000 r--s 00000000 103:20 5466                          /system/usr/icu/icudt74l.dat
7efd4c0000-7efd565000 r--p 00000000 103:20 2701                          /system/lib64/lib2d_graphics.z.so
7efd565000-7efd65b000 r-xp 000a4000 103:20 2701                          /system/lib64/lib2d_graphics.z.so
7efd65b000-7efd669000 r--p 00199000 103:20 2701                          /system/lib64/lib2d_graphics.z.so
7efd669000-7efd66a000 rw-p 001a6000 103:20 2701                          /system/lib64/lib2d_graphics.z.so
7efd66a000-7efd670000 rw-p 00000000 00:00 0 
7efd680000-7efd682000 r--p 00000000 103:20 5297                          /system/lib64/platformsdk/libusagestatsutils.z.so
7efd682000-7efd686000 r-xp 00001000 103:20 5297                          /system/lib64/platformsdk/libusagestatsutils.z.so
7efd686000-7efd687000 r--p 00004000 103:20 5297                          /system/lib64/platformsdk/libusagestatsutils.z.so
7efd687000-7efd688000 rw-p 00004000 103:20 5297                          /system/lib64/platformsdk/libusagestatsutils.z.so
7efd6c0000-7efd6d0000 r--p 00000000 103:20 5096                          /system/lib64/platformsdk/libnative_preferences.z.so
7efd6d0000-7efd6fc000 r-xp 0000f000 103:20 5096                          /system/lib64/platformsdk/libnative_preferences.z.so
7efd6fc000-7efd700000 r--p 0003a000 103:20 5096                          /system/lib64/platformsdk/libnative_preferences.z.so
7efd700000-7efd701000 rw-p 0003d000 103:20 5096                          /system/lib64/platformsdk/libnative_preferences.z.so
7efd740000-7efd742000 r--p 00000000 103:20 4624                          /system/lib64/platformsdk/libace_container_scope.z.so
7efd742000-7efd744000 r-xp 00001000 103:20 4624                          /system/lib64/platformsdk/libace_container_scope.z.so
7efd744000-7efd745000 r--p 00002000 103:20 4624                          /system/lib64/platformsdk/libace_container_scope.z.so
7efd745000-7efd746000 rw-p 00002000 103:20 4624                          /system/lib64/platformsdk/libace_container_scope.z.so
7efd780000-7efd786000 r--p 00000000 103:20 2608                          /system/lib64/chipset-sdk-sp/libhdi_base.z.so
7efd786000-7efd797000 r-xp 00005000 103:20 2608                          /system/lib64/chipset-sdk-sp/libhdi_base.z.so
7efd797000-7efd799000 r--p 00015000 103:20 2608                          /system/lib64/chipset-sdk-sp/libhdi_base.z.so
7efd799000-7efd79a000 rw-p 00016000 103:20 2608                          /system/lib64/chipset-sdk-sp/libhdi_base.z.so
7efd7c0000-7efd7c6000 r--p 00000000 103:20 3008                          /system/lib64/libconcurrent_task_client.z.so
7efd7c6000-7efd7ca000 r-xp 00005000 103:20 3008                          /system/lib64/libconcurrent_task_client.z.so
7efd7ca000-7efd7cc000 r--p 00008000 103:20 3008                          /system/lib64/libconcurrent_task_client.z.so
7efd7cc000-7efd7cd000 rw-p 00009000 103:20 3008                          /system/lib64/libconcurrent_task_client.z.so
7efd800000-7efd816000 r--p 00000000 103:20 2810                          /system/lib64/libapp_util.z.so
7efd816000-7efd834000 r-xp 00015000 103:20 2810                          /system/lib64/libapp_util.z.so
7efd834000-7efd836000 r--p 00032000 103:20 2810                          /system/lib64/libapp_util.z.so
7efd836000-7efd837000 rw-p 00033000 103:20 2810                          /system/lib64/libapp_util.z.so
7efd840000-7efd842000 r--p 00000000 103:20 5122                          /system/lib64/platformsdk/libnstackx_congestion.open.z.so
7efd842000-7efd845000 r-xp 00001000 103:20 5122                          /system/lib64/platformsdk/libnstackx_congestion.open.z.so
7efd845000-7efd846000 r--p 00003000 103:20 5122                          /system/lib64/platformsdk/libnstackx_congestion.open.z.so
7efd846000-7efd847000 rw-p 00003000 103:20 5122                          /system/lib64/platformsdk/libnstackx_congestion.open.z.so
7efd880000-7efd899000 r--p 00000000 103:20 2561                          /system/lib64/chipset-sdk/libpng.z.so
7efd899000-7efd8d0000 r-xp 00018000 103:20 2561                          /system/lib64/chipset-sdk/libpng.z.so
7efd8d0000-7efd8d2000 r--p 0004e000 103:20 2561                          /system/lib64/chipset-sdk/libpng.z.so
7efd8d2000-7efd8d3000 rw-p 0004f000 103:20 2561                          /system/lib64/chipset-sdk/libpng.z.so
7efd900000-7efd905000 r--p 00000000 103:20 2598                          /system/lib64/chipset-sdk-sp/libdisplay_buffer_proxy_1.2.z.so
7efd905000-7efd90a000 r-xp 00004000 103:20 2598                          /system/lib64/chipset-sdk-sp/libdisplay_buffer_proxy_1.2.z.so
7efd90a000-7efd90b000 r--p 00008000 103:20 2598                          /system/lib64/chipset-sdk-sp/libdisplay_buffer_proxy_1.2.z.so
7efd90b000-7efd90c000 rw-p 00008000 103:20 2598                          /system/lib64/chipset-sdk-sp/libdisplay_buffer_proxy_1.2.z.so
7efd940000-7efd943000 r--p 00000000 103:20 5091                          /system/lib64/platformsdk/libnative_appdatafwk.z.so
7efd943000-7efd948000 r-xp 00002000 103:20 5091                          /system/lib64/platformsdk/libnative_appdatafwk.z.so
7efd948000-7efd949000 r--p 00006000 103:20 5091                          /system/lib64/platformsdk/libnative_appdatafwk.z.so
7efd949000-7efd94a000 rw-p 00006000 103:20 5091                          /system/lib64/platformsdk/libnative_appdatafwk.z.so
7efd980000-7efd9b4000 r--p 00000000 103:20 3657                          /system/lib64/libsyscap_interface_shared.z.so
7efd9b4000-7efd9b8000 r-xp 00033000 103:20 3657                          /system/lib64/libsyscap_interface_shared.z.so
7efd9b8000-7efd9b9000 r--p 00036000 103:20 3657                          /system/lib64/libsyscap_interface_shared.z.so
7efd9b9000-7efd9ba000 rw-p 00036000 103:20 3657                          /system/lib64/libsyscap_interface_shared.z.so
7efd9c0000-7efda1a000 r--p 00000000 103:20 5013                          /system/lib64/platformsdk/libhmicui18n.z.so
7efda1a000-7efdb47000 r-xp 00059000 103:20 5013                          /system/lib64/platformsdk/libhmicui18n.z.so
7efdb47000-7efdb57000 r--p 00185000 103:20 5013                          /system/lib64/platformsdk/libhmicui18n.z.so
7efdb57000-7efdb58000 rw-p 00194000 103:20 5013                          /system/lib64/platformsdk/libhmicui18n.z.so
7efdb58000-7efdb59000 rw-p 00000000 00:00 0 
7efdb80000-7efdc4a000 r--p 00000000 103:20 5014                          /system/lib64/platformsdk/libhmicuuc.z.so
7efdc4a000-7efdd4c000 r-xp 000c9000 103:20 5014                          /system/lib64/platformsdk/libhmicuuc.z.so
7efdd4c000-7efdd63000 r--p 001ca000 103:20 5014                          /system/lib64/platformsdk/libhmicuuc.z.so
7efdd63000-7efdd64000 rw-p 001e0000 103:20 5014                          /system/lib64/platformsdk/libhmicuuc.z.so
7efdd64000-7efdd66000 rw-p 00000000 00:00 0 
7efdd80000-7efdd88000 r--p 00000000 103:20 2591                          /system/lib64/chipset-sdk-sp/libdfx_dumpcatcher.z.so
7efdd88000-7efdd98000 r-xp 00007000 103:20 2591                          /system/lib64/chipset-sdk-sp/libdfx_dumpcatcher.z.so
7efdd98000-7efdd9a000 r--p 00016000 103:20 2591                          /system/lib64/chipset-sdk-sp/libdfx_dumpcatcher.z.so
7efdd9a000-7efdd9b000 rw-p 00017000 103:20 2591                          /system/lib64/chipset-sdk-sp/libdfx_dumpcatcher.z.so
7efddc0000-7efddc4000 r--p 00000000 103:20 2620                          /system/lib64/chipset-sdk-sp/libpub_utils.z.so
7efddc4000-7efddc9000 r-xp 00003000 103:20 2620                          /system/lib64/chipset-sdk-sp/libpub_utils.z.so
7efddc9000-7efddca000 r--p 00007000 103:20 2620                          /system/lib64/chipset-sdk-sp/libpub_utils.z.so
7efddca000-7efddcb000 rw-p 00007000 103:20 2620                          /system/lib64/chipset-sdk-sp/libpub_utils.z.so
7efde00000-7efde19000 r--p 00000000 103:20 4927                          /system/lib64/platformsdk/libdistributeddb_client.z.so
7efde19000-7efde5b000 r-xp 00018000 103:20 4927                          /system/lib64/platformsdk/libdistributeddb_client.z.so
7efde5b000-7efde5e000 r--p 00059000 103:20 4927                          /system/lib64/platformsdk/libdistributeddb_client.z.so
7efde5e000-7efde5f000 rw-p 0005b000 103:20 4927                          /system/lib64/platformsdk/libdistributeddb_client.z.so
7efde5f000-7efde60000 rw-p 00000000 00:00 0 
7efde80000-7efde84000 r--p 00000000 103:20 2627                          /system/lib64/chipset-sdk-sp/libstack_printer.z.so
7efde84000-7efde8c000 r-xp 00003000 103:20 2627                          /system/lib64/chipset-sdk-sp/libstack_printer.z.so
7efde8c000-7efde8e000 r--p 0000a000 103:20 2627                          /system/lib64/chipset-sdk-sp/libstack_printer.z.so
7efde8e000-7efde8f000 rw-p 0000b000 103:20 2627                          /system/lib64/chipset-sdk-sp/libstack_printer.z.so
7efdec0000-7efdec5000 r--p 00000000 103:20 4585                          /system/lib64/platformsdk/libability_connect_callback_stub.z.so
7efdec5000-7efdec9000 r-xp 00004000 103:20 4585                          /system/lib64/platformsdk/libability_connect_callback_stub.z.so
7efdec9000-7efdecb000 r--p 00007000 103:20 4585                          /system/lib64/platformsdk/libability_connect_callback_stub.z.so
7efdecb000-7efdecc000 rw-p 00008000 103:20 4585                          /system/lib64/platformsdk/libability_connect_callback_stub.z.so
7efdf00000-7efe266000 r--p 00000000 103:20 5169                          /system/lib64/platformsdk/librender_service_base.z.so
7efe266000-7efe7af000 r-xp 00365000 103:20 5169                          /system/lib64/platformsdk/librender_service_base.z.so
7efe7af000-7efe813000 r--p 008ad000 103:20 5169                          /system/lib64/platformsdk/librender_service_base.z.so
7efe813000-7efe815000 rw-p 00910000 103:20 5169                          /system/lib64/platformsdk/librender_service_base.z.so
7efe815000-7efe81f000 rw-p 00000000 00:00 0 
7efe822000-7efe823000 rw-p 00000000 00:00 0 
7efe82c000-7efe82d000 rw-p 00000000 00:00 0 
7efe830000-7efe840000 rw-p 00000000 00:00 0 
7efe840000-7efe87c000 r--p 00000000 103:20 4992                          /system/lib64/platformsdk/libglobal_resmgr.z.so
7efe87c000-7efe8e0000 r-xp 0003b000 103:20 4992                          /system/lib64/platformsdk/libglobal_resmgr.z.so
7efe8e0000-7efe8e5000 r--p 0009e000 103:20 4992                          /system/lib64/platformsdk/libglobal_resmgr.z.so
7efe8e5000-7efe8e6000 rw-p 000a2000 103:20 4992                          /system/lib64/platformsdk/libglobal_resmgr.z.so
7efe900000-7efe952000 r--p 00000000 103:20 5097                          /system/lib64/platformsdk/libnative_rdb.z.so
7efe952000-7efea47000 r-xp 00051000 103:20 5097                          /system/lib64/platformsdk/libnative_rdb.z.so
7efea47000-7efea53000 r--p 00145000 103:20 5097                          /system/lib64/platformsdk/libnative_rdb.z.so
7efea53000-7efea54000 rw-p 00150000 103:20 5097                          /system/lib64/platformsdk/libnative_rdb.z.so
7efea54000-7efea55000 rw-p 00000000 00:00 0 
7efea80000-7efea8d000 r--p 00000000 103:20 4674                          /system/lib64/platformsdk/libastc_encoder_shared.z.so
7efea8d000-7efeaa8000 r-xp 0000c000 103:20 4674                          /system/lib64/platformsdk/libastc_encoder_shared.z.so
7efeaa8000-7efeaa9000 r--p 00026000 103:20 4674                          /system/lib64/platformsdk/libastc_encoder_shared.z.so
7efeaa9000-7efeaaa000 rw-p 00026000 103:20 4674                          /system/lib64/platformsdk/libastc_encoder_shared.z.so
7efeaaa000-7efeaae000 rw-p 00000000 00:00 0 
7efeac0000-7efeac1000 r--p 00000000 103:20 5272                          /system/lib64/platformsdk/libtokensetproc_shared.z.so
7efeac1000-7efeac4000 r-xp 00000000 103:20 5272                          /system/lib64/platformsdk/libtokensetproc_shared.z.so
7efeac4000-7efeac5000 r--p 00002000 103:20 5272                          /system/lib64/platformsdk/libtokensetproc_shared.z.so
7efeac5000-7efeac6000 rw-p 00002000 103:20 5272                          /system/lib64/platformsdk/libtokensetproc_shared.z.so
7efeb00000-7efeb08000 r--p 00000000 103:20 4621                          /system/lib64/platformsdk/libaccountkits.z.so
7efeb08000-7efeb1a000 r-xp 00007000 103:20 4621                          /system/lib64/platformsdk/libaccountkits.z.so
7efeb1a000-7efeb1d000 r--p 00018000 103:20 4621                          /system/lib64/platformsdk/libaccountkits.z.so
7efeb1d000-7efeb1e000 rw-p 0001a000 103:20 4621                          /system/lib64/platformsdk/libaccountkits.z.so
7efeb40000-7efeb46000 r--p 00000000 103:20 2574                          /system/lib64/chipset-sdk/libstring_utils.z.so
7efeb46000-7efeb59000 r-xp 00005000 103:20 2574                          /system/lib64/chipset-sdk/libstring_utils.z.so
7efeb59000-7efeb5a000 r--p 00017000 103:20 2574                          /system/lib64/chipset-sdk/libstring_utils.z.so
7efeb5a000-7efeb5b000 rw-p 00017000 103:20 2574                          /system/lib64/chipset-sdk/libstring_utils.z.so
7efeb80000-7efeb8f000 r--p 00000000 103:20 3601                          /system/lib64/libsecurity_component_sdk.z.so
7efeb8f000-7efeba2000 r-xp 0000e000 103:20 3601                          /system/lib64/libsecurity_component_sdk.z.so
7efeba2000-7efeba5000 r--p 00020000 103:20 3601                          /system/lib64/libsecurity_component_sdk.z.so
7efeba5000-7efeba6000 rw-p 00022000 103:20 3601                          /system/lib64/libsecurity_component_sdk.z.so
7efeba6000-7efeba7000 rw-p 00000000 00:00 0 
7efebc0000-7efed1c000 r--p 00000000 103:20 2590                          /system/lib64/chipset-sdk-sp/libcrypto_openssl.z.so
7efed1c000-7efeeeb000 r-xp 0015b000 103:20 2590                          /system/lib64/chipset-sdk-sp/libcrypto_openssl.z.so
7efeeeb000-7efef4d000 r--p 00329000 103:20 2590                          /system/lib64/chipset-sdk-sp/libcrypto_openssl.z.so
7efef4d000-7efef50000 rw-p 0038a000 103:20 2590                          /system/lib64/chipset-sdk-sp/libcrypto_openssl.z.so
7efef50000-7efef53000 rw-p 00000000 00:00 0 
7efef80000-7efef91000 r--p 00000000 103:20 5243                          /system/lib64/platformsdk/libstorage_manager_sa_proxy.z.so
7efef91000-7efefb7000 r-xp 00010000 103:20 5243                          /system/lib64/platformsdk/libstorage_manager_sa_proxy.z.so
7efefb7000-7efefbc000 r--p 00035000 103:20 5243                          /system/lib64/platformsdk/libstorage_manager_sa_proxy.z.so
7efefbc000-7efefbd000 rw-p 00039000 103:20 5243                          /system/lib64/platformsdk/libstorage_manager_sa_proxy.z.so
7efefc0000-7efefc7000 r--p 00000000 103:20 5344                          /system/lib64/platformsdk/libzuri.z.so
7efefc7000-7efefd5000 r-xp 00006000 103:20 5344                          /system/lib64/platformsdk/libzuri.z.so
7efefd5000-7efefd7000 r--p 00013000 103:20 5344                          /system/lib64/platformsdk/libzuri.z.so
7efefd7000-7efefd8000 rw-p 00014000 103:20 5344                          /system/lib64/platformsdk/libzuri.z.so
7eff000000-7eff013000 r--p 00000000 103:20 4859                          /system/lib64/platformsdk/libcoap.z.so
7eff013000-7eff034000 r-xp 00012000 103:20 4859                          /system/lib64/platformsdk/libcoap.z.so
7eff034000-7eff036000 r--p 00032000 103:20 4859                          /system/lib64/platformsdk/libcoap.z.so
7eff036000-7eff037000 rw-p 00033000 103:20 4859                          /system/lib64/platformsdk/libcoap.z.so
7eff037000-7eff03c000 rw-p 00000000 00:00 0 
7eff040000-7eff048000 r--p 00000000 103:20 5265                          /system/lib64/platformsdk/libthermalsrv_client.z.so
7eff048000-7eff054000 r-xp 00007000 103:20 5265                          /system/lib64/platformsdk/libthermalsrv_client.z.so
7eff054000-7eff057000 r--p 00012000 103:20 5265                          /system/lib64/platformsdk/libthermalsrv_client.z.so
7eff057000-7eff058000 rw-p 00014000 103:20 5265                          /system/lib64/platformsdk/libthermalsrv_client.z.so
7eff058000-7eff059000 rw-p 00000000 00:00 0 
7eff080000-7eff085000 r--p 00000000 103:20 4932                          /system/lib64/platformsdk/libdlp_permission_common_interface.z.so
7eff085000-7eff096000 r-xp 00004000 103:20 4932                          /system/lib64/platformsdk/libdlp_permission_common_interface.z.so
7eff096000-7eff097000 r--p 00014000 103:20 4932                          /system/lib64/platformsdk/libdlp_permission_common_interface.z.so
7eff097000-7eff098000 rw-p 00014000 103:20 4932                          /system/lib64/platformsdk/libdlp_permission_common_interface.z.so
7eff0c0000-7eff0cc000 r--p 00000000 103:20 2607                          /system/lib64/chipset-sdk-sp/libhdi.z.so
7eff0cc000-7eff0d8000 r-xp 0000b000 103:20 2607                          /system/lib64/chipset-sdk-sp/libhdi.z.so
7eff0d8000-7eff0db000 r--p 00016000 103:20 2607                          /system/lib64/chipset-sdk-sp/libhdi.z.so
7eff0db000-7eff0dc000 rw-p 00018000 103:20 2607                          /system/lib64/chipset-sdk-sp/libhdi.z.so
7eff100000-7eff140000 r--p 00000000 103:20 5315                          /system/lib64/platformsdk/libwant.z.so
7eff140000-7eff1ae000 r-xp 0003f000 103:20 5315                          /system/lib64/platformsdk/libwant.z.so
7eff1ae000-7eff1b3000 r--p 000ac000 103:20 5315                          /system/lib64/platformsdk/libwant.z.so
7eff1b3000-7eff1b4000 rw-p 000b0000 103:20 5315                          /system/lib64/platformsdk/libwant.z.so
7eff1b4000-7eff1b5000 rw-p 00000000 00:00 0 
7eff1c0000-7eff1cb000 r--p 00000000 103:20 3417                          /system/lib64/libmemmgrclient.z.so
7eff1cb000-7eff1dc000 r-xp 0000a000 103:20 3417                          /system/lib64/libmemmgrclient.z.so
7eff1dc000-7eff1e0000 r--p 0001a000 103:20 3417                          /system/lib64/libmemmgrclient.z.so
7eff1e0000-7eff1e1000 rw-p 0001d000 103:20 3417                          /system/lib64/libmemmgrclient.z.so
7eff200000-7eff212000 r--p 00000000 103:20 2549                          /system/lib64/chipset-sdk/libextractortool.z.so
7eff212000-7eff232000 r-xp 00011000 103:20 2549                          /system/lib64/chipset-sdk/libextractortool.z.so
7eff232000-7eff233000 r--p 00030000 103:20 2549                          /system/lib64/chipset-sdk/libextractortool.z.so
7eff233000-7eff234000 rw-p 00030000 103:20 2549                          /system/lib64/chipset-sdk/libextractortool.z.so
7eff240000-7eff247000 r--p 00000000 103:20 3192                          /system/lib64/libel5_filekey_manager_sdk.z.so
7eff247000-7eff24f000 r-xp 00006000 103:20 3192                          /system/lib64/libel5_filekey_manager_sdk.z.so
7eff24f000-7eff251000 r--p 0000d000 103:20 3192                          /system/lib64/libel5_filekey_manager_sdk.z.so
7eff251000-7eff252000 rw-p 0000e000 103:20 3192                          /system/lib64/libel5_filekey_manager_sdk.z.so
7eff252000-7eff253000 rw-p 00000000 00:00 0 
7eff280000-7eff2b2000 r--p 00000000 103:20 2629                          /system/lib64/chipset-sdk-sp/libsurface.z.so
7eff2b2000-7eff300000 r-xp 00031000 103:20 2629                          /system/lib64/chipset-sdk-sp/libsurface.z.so
7eff300000-7eff308000 r--p 0007e000 103:20 2629                          /system/lib64/chipset-sdk-sp/libsurface.z.so
7eff308000-7eff309000 rw-p 00085000 103:20 2629                          /system/lib64/chipset-sdk-sp/libsurface.z.so
7eff309000-7eff30b000 rw-p 00000000 00:00 0 
7eff340000-7eff358000 r--p 00000000 103:20 5301                          /system/lib64/platformsdk/libutd_client.z.so
7eff358000-7eff39c000 r-xp 00017000 103:20 5301                          /system/lib64/platformsdk/libutd_client.z.so
7eff39c000-7eff39f000 r--p 0005a000 103:20 5301                          /system/lib64/platformsdk/libutd_client.z.so
7eff39f000-7eff3a0000 rw-p 0005c000 103:20 5301                          /system/lib64/platformsdk/libutd_client.z.so
7eff3c0000-7eff3d1000 r--p 00000000 103:20 5304                          /system/lib64/platformsdk/libuv.so
7eff3d1000-7eff3f5000 r-xp 00010000 103:20 5304                          /system/lib64/platformsdk/libuv.so
7eff3f5000-7eff3f7000 r--p 00033000 103:20 5304                          /system/lib64/platformsdk/libuv.so
7eff3f7000-7eff3f8000 rw-p 00034000 103:20 5304                          /system/lib64/platformsdk/libuv.so
7eff400000-7eff401000 r--p 00000000 103:20 3322                          /system/lib64/libimage_error_convert.z.so
7eff401000-7eff404000 r-xp 00000000 103:20 3322                          /system/lib64/libimage_error_convert.z.so
7eff404000-7eff405000 r--p 00002000 103:20 3322                          /system/lib64/libimage_error_convert.z.so
7eff405000-7eff406000 rw-p 00002000 103:20 3322                          /system/lib64/libimage_error_convert.z.so
7eff408000-7eff40c000 rw-p 00000000 00:00 0 
7eff440000-7eff459000 r--p 00000000 103:20 4617                          /system/lib64/platformsdk/libaccount_common.z.so
7eff459000-7eff480000 r-xp 00018000 103:20 4617                          /system/lib64/platformsdk/libaccount_common.z.so
7eff480000-7eff482000 r--p 0003e000 103:20 4617                          /system/lib64/platformsdk/libaccount_common.z.so
7eff482000-7eff483000 rw-p 0003f000 103:20 4617                          /system/lib64/platformsdk/libaccount_common.z.so
7eff488000-7eff4a4000 rw-p 00000000 00:00 0 
7eff4a5000-7eff4a6000 rw-p 00000000 00:00 0 
7eff4ad000-7eff4ae000 rw-p 00000000 00:00 0 
7eff4af000-7eff4b0000 rw-p 00000000 00:00 0 
7eff4c0000-7eff4c2000 r--p 00000000 103:20 5223                          /system/lib64/platformsdk/libsocketpair.z.so
7eff4c2000-7eff4c5000 r-xp 00001000 103:20 5223                          /system/lib64/platformsdk/libsocketpair.z.so
7eff4c5000-7eff4c6000 r--p 00003000 103:20 5223                          /system/lib64/platformsdk/libsocketpair.z.so
7eff4c6000-7eff4c7000 rw-p 00003000 103:20 5223                          /system/lib64/platformsdk/libsocketpair.z.so
7eff4c8000-7eff4ca000 rw-p 00000000 00:00 0 
7eff4cd000-7eff4ed000 rw-p 00000000 00:00 0 
7eff4f5000-7eff4fd000 rw-p 00000000 00:00 0 
7eff500000-7eff508000 r--p 00000000 103:20 2583                          /system/lib64/chipset-sdk-sp/libbeget_proxy.z.so
7eff508000-7eff515000 r-xp 00007000 103:20 2583                          /system/lib64/chipset-sdk-sp/libbeget_proxy.z.so
7eff515000-7eff51b000 r--p 00013000 103:20 2583                          /system/lib64/chipset-sdk-sp/libbeget_proxy.z.so
7eff51b000-7eff51c000 rw-p 00018000 103:20 2583                          /system/lib64/chipset-sdk-sp/libbeget_proxy.z.so
7eff525000-7eff526000 rw-p 00000000 00:00 0 
7eff528000-7eff52b000 rw-p 00000000 00:00 0 
7eff52c000-7eff52d000 rw-p 00000000 00:00 0 
7eff540000-7eff541000 r--p 00000000 103:20 4605                          /system/lib64/platformsdk/libabsl_raw_logging_internal.z.so
7eff541000-7eff543000 r-xp 00000000 103:20 4605                          /system/lib64/platformsdk/libabsl_raw_logging_internal.z.so
7eff543000-7eff544000 r--p 00001000 103:20 4605                          /system/lib64/platformsdk/libabsl_raw_logging_internal.z.so
7eff544000-7eff545000 rw-p 00001000 103:20 4605                          /system/lib64/platformsdk/libabsl_raw_logging_internal.z.so
7eff546000-7eff547000 rw-p 00000000 00:00 0 
7eff54f000-7eff551000 rw-p 00000000 00:00 0 
7eff580000-7eff5a7000 r--p 00000000 103:20 5229                          /system/lib64/platformsdk/libsoftbus_utils.z.so
7eff5a7000-7eff5ea000 r-xp 00026000 103:20 5229                          /system/lib64/platformsdk/libsoftbus_utils.z.so
7eff5ea000-7eff5ec000 r--p 00068000 103:20 5229                          /system/lib64/platformsdk/libsoftbus_utils.z.so
7eff5ec000-7eff5ef000 rw-p 00069000 103:20 5229                          /system/lib64/platformsdk/libsoftbus_utils.z.so
7eff5ef000-7eff600000 rw-p 00000000 00:00 0 
7eff600000-7eff609000 r--p 00000000 103:20 4917                          /system/lib64/platformsdk/libdisplaymgr.z.so
7eff609000-7eff619000 r-xp 00008000 103:20 4917                          /system/lib64/platformsdk/libdisplaymgr.z.so
7eff619000-7eff61d000 r--p 00017000 103:20 4917                          /system/lib64/platformsdk/libdisplaymgr.z.so
7eff61d000-7eff61e000 rw-p 0001a000 103:20 4917                          /system/lib64/platformsdk/libdisplaymgr.z.so
7eff623000-7eff625000 rw-p 00000000 00:00 0 
7eff636000-7eff640000 rw-p 00000000 00:00 0 
7eff640000-7eff65b000 r--p 00000000 103:20 4999                          /system/lib64/platformsdk/libheifparser.z.so
7eff65b000-7eff685000 r-xp 0001a000 103:20 4999                          /system/lib64/platformsdk/libheifparser.z.so
7eff685000-7eff68a000 r--p 00043000 103:20 4999                          /system/lib64/platformsdk/libheifparser.z.so
7eff68a000-7eff68b000 rw-p 00047000 103:20 4999                          /system/lib64/platformsdk/libheifparser.z.so
7eff68d000-7eff69e000 rw-p 00000000 00:00 0 
7eff6a9000-7eff6ab000 rw-p 00000000 00:00 0 
7eff6c0000-7eff6da000 r--p 00000000 103:20 3155                          /system/lib64/libdlp_permission_sdk.z.so
7eff6da000-7eff702000 r-xp 00019000 103:20 3155                          /system/lib64/libdlp_permission_sdk.z.so
7eff702000-7eff70a000 r--p 00040000 103:20 3155                          /system/lib64/libdlp_permission_sdk.z.so
7eff70a000-7eff70b000 rw-p 00047000 103:20 3155                          /system/lib64/libdlp_permission_sdk.z.so
7eff70f000-7eff72c000 rw-p 00000000 00:00 0 
7eff72e000-7eff72f000 rw-p 00000000 00:00 0 
7eff73e000-7eff73f000 rw-p 00000000 00:00 0 
7eff740000-7eff743000 r--p 00000000 103:20 4946                          /system/lib64/platformsdk/libegl_image.z.so
7eff743000-7eff747000 r-xp 00002000 103:20 4946                          /system/lib64/platformsdk/libegl_image.z.so
7eff747000-7eff749000 r--p 00005000 103:20 4946                          /system/lib64/platformsdk/libegl_image.z.so
7eff749000-7eff74a000 rw-p 00006000 103:20 4946                          /system/lib64/platformsdk/libegl_image.z.so
7eff74c000-7eff75c000 rw-p 00000000 00:00 0 
7eff770000-7eff780000 rw-p 00000000 00:00 0 
7eff780000-7eff782000 r--p 00000000 103:20 5002                          /system/lib64/platformsdk/libhichecker.so
7eff782000-7eff784000 r-xp 00001000 103:20 5002                          /system/lib64/platformsdk/libhichecker.so
7eff784000-7eff786000 r--p 00002000 103:20 5002                          /system/lib64/platformsdk/libhichecker.so
7eff786000-7eff787000 rw-p 00003000 103:20 5002                          /system/lib64/platformsdk/libhichecker.so
7eff78a000-7eff78b000 rw-p 00000000 00:00 0 
7eff7a9000-7eff7aa000 rw-p 00000000 00:00 0 
7eff7ad000-7eff7ae000 rw-p 00000000 00:00 0 
7eff7b0000-7eff7c0000 rw-p 00000000 00:00 0 
7eff7c0000-7eff7c4000 r--p 00000000 103:20 3434                          /system/lib64/libmmi_rust_key_config.z.so
7eff7c4000-7eff7cb000 r-xp 00003000 103:20 3434                          /system/lib64/libmmi_rust_key_config.z.so
7eff7cb000-7eff7cc000 r--p 00009000 103:20 3434                          /system/lib64/libmmi_rust_key_config.z.so
7eff7cc000-7eff7cd000 rw-p 00009000 103:20 3434                          /system/lib64/libmmi_rust_key_config.z.so
7eff7cd000-7eff7ce000 rw-p 00000000 00:00 0 
7eff7d0000-7eff7d1000 rw-p 00000000 00:00 0 
7eff7d3000-7eff7d4000 rw-p 00000000 00:00 0 
7eff7d5000-7eff7d6000 rw-p 00000000 00:00 0 
7eff7d9000-7eff7da000 rw-p 00000000 00:00 0 
7eff7db000-7eff7dd000 rw-p 00000000 00:00 0 
7eff7e0000-7eff7e1000 rw-p 00000000 00:00 0 
7eff7e3000-7eff7e4000 rw-p 00000000 00:00 0 
7eff7e4000-7eff7f4000 rw-p 00000000 00:00 0 
7eff7f7000-7eff7f8000 rw-p 00000000 00:00 0 
7eff800000-7eff807000 r--p 00000000 103:20 5148                          /system/lib64/platformsdk/libpost_proc_gl.z.so
7eff807000-7eff811000 r-xp 00006000 103:20 5148                          /system/lib64/platformsdk/libpost_proc_gl.z.so
7eff811000-7eff813000 r--p 0000f000 103:20 5148                          /system/lib64/platformsdk/libpost_proc_gl.z.so
7eff813000-7eff814000 rw-p 00010000 103:20 5148                          /system/lib64/platformsdk/libpost_proc_gl.z.so
7eff815000-7eff816000 rw-p 00000000 00:00 0 
7eff817000-7eff820000 rw-p 00000000 00:00 0 
7eff840000-7eff847000 r--p 00000000 103:20 5227                          /system/lib64/platformsdk/libsoftbus_dfx.z.so
7eff847000-7eff85a000 r-xp 00006000 103:20 5227                          /system/lib64/platformsdk/libsoftbus_dfx.z.so
7eff85a000-7eff862000 r--p 00018000 103:20 5227                          /system/lib64/platformsdk/libsoftbus_dfx.z.so
7eff862000-7eff863000 rw-p 0001f000 103:20 5227                          /system/lib64/platformsdk/libsoftbus_dfx.z.so
7eff86a000-7eff86b000 rw-p 00000000 00:00 0 
7eff86c000-7eff86d000 rw-p 00000000 00:00 0 
7eff870000-7eff878000 rw-p 00000000 00:00 0 
7eff880000-7eff898000 r--p 00000000 103:20 2548                          /system/lib64/chipset-sdk/libexif.z.so
7eff898000-7eff8af000 r-xp 00017000 103:20 2548                          /system/lib64/chipset-sdk/libexif.z.so
7eff8af000-7eff8c6000 r--p 0002d000 103:20 2548                          /system/lib64/chipset-sdk/libexif.z.so
7eff8c6000-7eff8c7000 rw-p 00043000 103:20 2548                          /system/lib64/chipset-sdk/libexif.z.so
7eff8c7000-7eff8c8000 rw-p 00000000 00:00 0 
7eff8d1000-7eff8ed000 rw-p 00000000 00:00 0 
7eff8f4000-7eff900000 rw-p 00000000 00:00 0 
7eff900000-7eff90e000 r--p 00000000 103:20 5123                          /system/lib64/platformsdk/libnstackx_ctrl.z.so
7eff90e000-7eff92f000 r-xp 0000d000 103:20 5123                          /system/lib64/platformsdk/libnstackx_ctrl.z.so
7eff92f000-7eff930000 r--p 0002d000 103:20 5123                          /system/lib64/platformsdk/libnstackx_ctrl.z.so
7eff930000-7eff932000 rw-p 0002d000 103:20 5123                          /system/lib64/platformsdk/libnstackx_ctrl.z.so
7eff936000-7eff937000 rw-p 00000000 00:00 0 
7eff939000-7eff93a000 rw-p 00000000 00:00 0 
7eff93b000-7eff93c000 rw-p 00000000 00:00 0 
7eff93e000-7eff940000 rw-p 00000000 00:00 0 
7eff940000-7eff95c000 r--p 00000000 103:20 3262                          /system/lib64/libhapverify.z.so
7eff95c000-7eff98e000 r-xp 0001b000 103:20 3262                          /system/lib64/libhapverify.z.so
7eff98e000-7eff990000 r--p 0004c000 103:20 3262                          /system/lib64/libhapverify.z.so
7eff990000-7eff991000 rw-p 0004d000 103:20 3262                          /system/lib64/libhapverify.z.so
7eff991000-7eff993000 rw-p 00000000 00:00 0 
7eff993000-7eff994000 rw-p 00000000 00:00 0 
7eff99d000-7eff9ad000 rw-p 00000000 00:00 0 
7eff9ad000-7eff9ae000 rw-s 00000000 103:30 623                           /data/service/el1/public/database/form_storage/formdb.db-dwr
7eff9ae000-7eff9b1000 rw-p 00000000 00:00 0 
7eff9b1000-7eff9b2000 rw-s 00000000 103:30 623                           /data/service/el1/public/database/form_storage/formdb.db-dwr
7eff9b2000-7eff9bf000 rw-p 00000000 00:00 0 
7eff9c0000-7eff9c2000 r--p 00000000 103:20 2585                          /system/lib64/chipset-sdk-sp/libbuffer_handle.z.so
7eff9c2000-7eff9c3000 r-xp 00001000 103:20 2585                          /system/lib64/chipset-sdk-sp/libbuffer_handle.z.so
7eff9c3000-7eff9c4000 r--p 00001000 103:20 2585                          /system/lib64/chipset-sdk-sp/libbuffer_handle.z.so
7eff9c4000-7eff9c5000 rw-p 00001000 103:20 2585                          /system/lib64/chipset-sdk-sp/libbuffer_handle.z.so
7eff9c5000-7eff9c7000 rw-p 00000000 00:00 0 
7eff9c8000-7eff9ca000 rw-p 00000000 00:00 0 
7eff9cb000-7eff9cc000 rw-p 00000000 00:00 0 
7effa00000-7effa1d000 r--p 00000000 103:20 5131                          /system/lib64/platformsdk/libos_account_innerkits.z.so
7effa1d000-7effa54000 r-xp 0001c000 103:20 5131                          /system/lib64/platformsdk/libos_account_innerkits.z.so
7effa54000-7effa59000 r--p 00052000 103:20 5131                          /system/lib64/platformsdk/libos_account_innerkits.z.so
7effa59000-7effa5a000 rw-p 00056000 103:20 5131                          /system/lib64/platformsdk/libos_account_innerkits.z.so
7effa5a000-7effa5c000 rw-p 00000000 00:00 0 
7effa5c000-7effa6d000 rw-p 00000000 00:00 0 
7effa6e000-7effa6f000 rw-s 00000000 103:30 623                           /data/service/el1/public/database/form_storage/formdb.db-dwr
7effa6f000-7effa7d000 rw-p 00000000 00:00 0 
7effa7e000-7effa7f000 rw-s 00000000 103:30 623                           /data/service/el1/public/database/form_storage/formdb.db-dwr
7effa7f000-7effa80000 rw-p 00000000 00:00 0 
7effa80000-7effa99000 r--p 00000000 103:20 4578                          /system/lib64/platformsdk/libEGL.so
7effa99000-7effab9000 r-xp 00018000 103:20 4578                          /system/lib64/platformsdk/libEGL.so
7effab9000-7effac1000 r--p 00037000 103:20 4578                          /system/lib64/platformsdk/libEGL.so
7effac1000-7effac2000 rw-p 0003e000 103:20 4578                          /system/lib64/platformsdk/libEGL.so
7effac2000-7effacb000 rw-p 00000000 00:00 0 
7effacc000-7effacd000 rw-p 00000000 00:00 0 
7efface000-7effad6000 rw-s 00000000 103:30 631                           /data/service/el1/public/database/form_storage/formdb_slave.db-shm
7effae6000-7effaf6000 rw-p 00000000 00:00 0 
7effb00000-7effb02000 r--p 00000000 103:20 3550                          /system/lib64/libqos.z.so
7effb02000-7effb04000 r-xp 00001000 103:20 3550                          /system/lib64/libqos.z.so
7effb04000-7effb05000 r--p 00002000 103:20 3550                          /system/lib64/libqos.z.so
7effb05000-7effb06000 rw-p 00002000 103:20 3550                          /system/lib64/libqos.z.so
7effb06000-7effb07000 rw-p 00000000 00:00 0 
7effb08000-7effb09000 rw-p 00000000 00:00 0 
7effb14000-7effb16000 rw-p 00000000 00:00 0 
7effb17000-7effb23000 rw-p 00000000 00:00 0 
7effb23000-7effb2b000 rw-s 00000000 103:30 626                           /data/service/el1/public/database/form_storage/formdb.db-shm
7effb30000-7effb40000 rw-p 00000000 00:00 0 
7effb40000-7effbab000 r--p 00000000 103:20 3258                          /system/lib64/libgraphics_effect.z.so
7effbab000-7effc41000 r-xp 0006a000 103:20 3258                          /system/lib64/libgraphics_effect.z.so
7effc41000-7effc4e000 r--p 000ff000 103:20 3258                          /system/lib64/libgraphics_effect.z.so
7effc4e000-7effc50000 rw-p 0010b000 103:20 3258                          /system/lib64/libgraphics_effect.z.so
7effc50000-7effc51000 rw-p 00000000 00:00 0 
7effc52000-7effc54000 rw-p 00000000 00:00 0 
7effc58000-7effc59000 rw-p 00000000 00:00 0 
7effc5b000-7effc63000 rw-p 00000000 00:00 0 
7effc65000-7effc6d000 rw-p 00000000 00:00 0 
7effc6f000-7effc80000 rw-p 00000000 00:00 0 
7effc80000-7effcbd000 r--p 00000000 103:20 3133                          /system/lib64/libdistributed_device_profile_common.z.so
7effcbd000-7effd13000 r-xp 0003c000 103:20 3133                          /system/lib64/libdistributed_device_profile_common.z.so
7effd13000-7effd1b000 r--p 00091000 103:20 3133                          /system/lib64/libdistributed_device_profile_common.z.so
7effd1b000-7effd1c000 rw-p 00098000 103:20 3133                          /system/lib64/libdistributed_device_profile_common.z.so
7effd1c000-7effd1f000 rw-p 00000000 00:00 0 
7effd2c000-7effd2e000 rw-p 00000000 00:00 0 
7effd31000-7effd34000 rw-p 00000000 00:00 0 
7effd3c000-7effd3d000 rw-p 00000000 00:00 0 
7effd3e000-7effd3f000 rw-s 00000000 103:30 623                           /data/service/el1/public/database/form_storage/formdb.db-dwr
7effd40000-7effd43000 r--p 00000000 103:20 4860                          /system/lib64/platformsdk/libcolor_manager.z.so
7effd43000-7effd46000 r-xp 00002000 103:20 4860                          /system/lib64/platformsdk/libcolor_manager.z.so
7effd46000-7effd48000 r--p 00004000 103:20 4860                          /system/lib64/platformsdk/libcolor_manager.z.so
7effd48000-7effd49000 rw-p 00005000 103:20 4860                          /system/lib64/platformsdk/libcolor_manager.z.so
7effd4a000-7effd4b000 rw-p 00000000 00:00 0 
7effd54000-7effd55000 rw-p 00000000 00:00 0 
7effd56000-7effd68000 rw-p 00000000 00:00 0 
7effd69000-7effd6c000 rw-p 00000000 00:00 0 
7effd6e000-7effd6f000 rw-p 00000000 00:00 0 
7effd6f000-7effd70000 rw-s 00000000 103:30 628                           /data/service/el1/public/database/form_storage/formdb_slave.db-dwr
7effd70000-7effd80000 rw-p 00000000 00:00 0 
7effd80000-7effd9b000 r--p 00000000 103:20 5023                          /system/lib64/platformsdk/libimage_utils.z.so
7effd9b000-7effdcc000 r-xp 0001a000 103:20 5023                          /system/lib64/platformsdk/libimage_utils.z.so
7effdcc000-7effdcf000 r--p 0004a000 103:20 5023                          /system/lib64/platformsdk/libimage_utils.z.so
7effdcf000-7effdd0000 rw-p 0004c000 103:20 5023                          /system/lib64/platformsdk/libimage_utils.z.so
7effded000-7effdee000 rw-p 00000000 00:00 0 
7effe00000-7effe11000 r--p 00000000 103:20 4882                          /system/lib64/platformsdk/libdataobs_manager.z.so
7effe11000-7effe28000 r-xp 00010000 103:20 4882                          /system/lib64/platformsdk/libdataobs_manager.z.so
7effe28000-7effe2c000 r--p 00026000 103:20 4882                          /system/lib64/platformsdk/libdataobs_manager.z.so
7effe2c000-7effe2d000 rw-p 00029000 103:20 4882                          /system/lib64/platformsdk/libdataobs_manager.z.so
7effe39000-7effe3a000 rw-p 00000000 00:00 0 
7effe3b000-7effe3c000 rw-p 00000000 00:00 0 
7effe3d000-7effe3e000 rw-p 00000000 00:00 0 
7effe40000-7effe67000 r--p 00000000 103:20 4579                          /system/lib64/platformsdk/libFillpSo.open.z.so
7effe67000-7effebe000 r-xp 00026000 103:20 4579                          /system/lib64/platformsdk/libFillpSo.open.z.so
7effebe000-7effec1000 r--p 0007c000 103:20 4579                          /system/lib64/platformsdk/libFillpSo.open.z.so
7effec1000-7effec3000 rw-p 0007e000 103:20 4579                          /system/lib64/platformsdk/libFillpSo.open.z.so
7effec4000-7effec5000 rw-p 00000000 00:00 0 
7effece000-7effee0000 rw-p 00000000 00:00 0 
7efff00000-7efff07000 r--p 00000000 103:20 4937                          /system/lib64/platformsdk/libdrawable_descriptor.z.so
7efff07000-7efff16000 r-xp 00006000 103:20 4937                          /system/lib64/platformsdk/libdrawable_descriptor.z.so
7efff16000-7efff17000 r--p 00014000 103:20 4937                          /system/lib64/platformsdk/libdrawable_descriptor.z.so
7efff17000-7efff18000 rw-p 00014000 103:20 4937                          /system/lib64/platformsdk/libdrawable_descriptor.z.so
7efff2e000-7efff36000 rw-p 00000000 00:00 0 
7efff37000-7efff38000 rw-p 00000000 00:00 0 
7efff40000-7efff44000 r--p 00000000 103:20 4596                          /system/lib64/platformsdk/libability_start_options.z.so
7efff44000-7efff4a000 r-xp 00003000 103:20 4596                          /system/lib64/platformsdk/libability_start_options.z.so
7efff4a000-7efff4c000 r--p 00008000 103:20 4596                          /system/lib64/platformsdk/libability_start_options.z.so
7efff4c000-7efff4d000 rw-p 00009000 103:20 4596                          /system/lib64/platformsdk/libability_start_options.z.so
7efff4e000-7efff6e000 rw-p 00000000 00:00 0 
7efff80000-7efff86000 r--p 00000000 103:20 3555                          /system/lib64/librelational_common_base.z.so
7efff86000-7efff93000 r-xp 00005000 103:20 3555                          /system/lib64/librelational_common_base.z.so
7efff93000-7efff94000 r--p 00011000 103:20 3555                          /system/lib64/librelational_common_base.z.so
7efff94000-7efff95000 rw-p 00011000 103:20 3555                          /system/lib64/librelational_common_base.z.so
7efff97000-7efffa0000 rw-p 00000000 00:00 0 
7efffa7000-7efffb7000 rw-p 00000000 00:00 0 
7efffc0000-7efffeb000 r--p 00000000 103:20 5079                          /system/lib64/platformsdk/libmmi-util.z.so
7efffeb000-7f0002a000 r-xp 0002a000 103:20 5079                          /system/lib64/platformsdk/libmmi-util.z.so
7f0002a000-7f0002d000 r--p 00068000 103:20 5079                          /system/lib64/platformsdk/libmmi-util.z.so
7f0002d000-7f0002e000 rw-p 0006a000 103:20 5079                          /system/lib64/platformsdk/libmmi-util.z.so
7f0002e000-7f0002f000 rw-p 00000000 00:00 0 
7f00034000-7f00038000 rw-p 00000000 00:00 0 
7f00040000-7f00042000 r--p 00000000 103:20 5240                          /system/lib64/platformsdk/libstart_window_option.z.so
7f00042000-7f00046000 r-xp 00001000 103:20 5240                          /system/lib64/platformsdk/libstart_window_option.z.so
7f00046000-7f00047000 r--p 00004000 103:20 5240                          /system/lib64/platformsdk/libstart_window_option.z.so
7f00047000-7f00048000 rw-p 00004000 103:20 5240                          /system/lib64/platformsdk/libstart_window_option.z.so
7f00049000-7f0004a000 rw-p 00000000 00:00 0 
7f0004d000-7f0004e000 rw-p 00000000 00:00 0 
7f0004f000-7f00051000 rw-p 00000000 00:00 0 
7f00055000-7f00076000 rw-p 00000000 00:00 0 
7f00079000-7f0007a000 rw-p 00000000 00:00 0 
7f00080000-7f00082000 r--p 00000000 103:20 4597                          /system/lib64/platformsdk/libability_start_setting.z.so
7f00082000-7f00085000 r-xp 00001000 103:20 4597                          /system/lib64/platformsdk/libability_start_setting.z.so
7f00085000-7f00087000 r--p 00003000 103:20 4597                          /system/lib64/platformsdk/libability_start_setting.z.so
7f00087000-7f00088000 rw-p 00004000 103:20 4597                          /system/lib64/platformsdk/libability_start_setting.z.so
7f0008f000-7f00090000 rw-p 00000000 00:00 0 
7f00097000-7f00098000 rw-p 00000000 00:00 0 
7f00099000-7f0009a000 rw-p 00000000 00:00 0 
7f000a1000-7f000a3000 rw-p 00000000 00:00 0 
7f000a5000-7f000a9000 rw-p 00000000 00:00 0 
7f000b8000-7f000c0000 rw-p 00000000 00:00 0 
7f000c0000-7f000c4000 r--p 00000000 103:20 4862                          /system/lib64/platformsdk/libcolor_space_object_convertor.z.so
7f000c4000-7f000ca000 r-xp 00003000 103:20 4862                          /system/lib64/platformsdk/libcolor_space_object_convertor.z.so
7f000ca000-7f000cb000 r--p 00008000 103:20 4862                          /system/lib64/platformsdk/libcolor_space_object_convertor.z.so
7f000cb000-7f000cc000 rw-p 00008000 103:20 4862                          /system/lib64/platformsdk/libcolor_space_object_convertor.z.so
7f000d0000-7f000e0000 rw-p 00000000 00:00 0 
7f00100000-7f0010a000 r--p 00000000 103:20 2626                          /system/lib64/chipset-sdk-sp/libshared_libz.z.so
7f0010a000-7f0011f000 r-xp 00009000 103:20 2626                          /system/lib64/chipset-sdk-sp/libshared_libz.z.so
7f0011f000-7f00121000 r--p 0001d000 103:20 2626                          /system/lib64/chipset-sdk-sp/libshared_libz.z.so
7f00121000-7f00122000 rw-p 0001e000 103:20 2626                          /system/lib64/chipset-sdk-sp/libshared_libz.z.so
7f00140000-7f00141000 r--p 00000000 103:20 4984                          /system/lib64/platformsdk/libframe_trace_intf.z.so
7f00141000-7f00142000 r-xp 00000000 103:20 4984                          /system/lib64/platformsdk/libframe_trace_intf.z.so
7f00142000-7f00143000 r--p 00000000 103:20 4984                          /system/lib64/platformsdk/libframe_trace_intf.z.so
7f00143000-7f00144000 rw-p 00000000 103:20 4984                          /system/lib64/platformsdk/libframe_trace_intf.z.so
7f0014d000-7f0014e000 rw-p 00000000 00:00 0 
7f00160000-7f00178000 rw-p 00000000 00:00 0 
7f0017d000-7f00180000 rw-p 00000000 00:00 0 
7f00180000-7f00185000 r--p 00000000 103:20 2599                          /system/lib64/chipset-sdk-sp/libdisplay_buffer_proxy_1.3.z.so
7f00185000-7f0018b000 r-xp 00004000 103:20 2599                          /system/lib64/chipset-sdk-sp/libdisplay_buffer_proxy_1.3.z.so
7f0018b000-7f0018d000 r--p 00009000 103:20 2599                          /system/lib64/chipset-sdk-sp/libdisplay_buffer_proxy_1.3.z.so
7f0018d000-7f0018e000 rw-p 0000a000 103:20 2599                          /system/lib64/chipset-sdk-sp/libdisplay_buffer_proxy_1.3.z.so
7f00191000-7f00192000 rw-p 00000000 00:00 0 
7f00193000-7f00194000 rw-p 00000000 00:00 0 
7f00196000-7f00198000 rw-p 00000000 00:00 0 
7f001aa000-7f001b4000 rw-p 00000000 00:00 0 
7f001c0000-7f0023d000 r--p 00000000 103:20 4650                          /system/lib64/platformsdk/libapp_manager.z.so
7f0023d000-7f002e8000 r-xp 0007c000 103:20 4650                          /system/lib64/platformsdk/libapp_manager.z.so
7f002e8000-7f00304000 r--p 00126000 103:20 4650                          /system/lib64/platformsdk/libapp_manager.z.so
7f00304000-7f00305000 rw-p 00141000 103:20 4650                          /system/lib64/platformsdk/libapp_manager.z.so
7f00305000-7f00306000 rw-p 00000000 00:00 0 
7f00307000-7f00317000 rw-p 00000000 00:00 0 
7f00319000-7f0031a000 rw-p 00000000 00:00 0 
7f0031b000-7f0031d000 rw-p 00000000 00:00 0 
7f0031e000-7f0031f000 rw-p 00000000 00:00 0 
7f00320000-7f00321000 rw-p 00000000 00:00 0 
7f00322000-7f00325000 rw-p 00000000 00:00 0 
7f00340000-7f00342000 r--p 00000000 103:20 4986                          /system/lib64/platformsdk/libfreeze_util.z.so
7f00342000-7f00347000 r-xp 00001000 103:20 4986                          /system/lib64/platformsdk/libfreeze_util.z.so
7f00347000-7f00348000 r--p 00005000 103:20 4986                          /system/lib64/platformsdk/libfreeze_util.z.so
7f00348000-7f00349000 rw-p 00005000 103:20 4986                          /system/lib64/platformsdk/libfreeze_util.z.so
7f00349000-7f0034b000 rw-p 00000000 00:00 0 
7f0034f000-7f00368000 rw-p 00000000 00:00 0 
7f00370000-7f00380000 rw-p 00000000 00:00 0 
7f00380000-7f00383000 r--p 00000000 103:20 5154                          /system/lib64/platformsdk/libprivacy_communication_adapter_cxx.z.so
7f00383000-7f0038a000 r-xp 00002000 103:20 5154                          /system/lib64/platformsdk/libprivacy_communication_adapter_cxx.z.so
7f0038a000-7f0038c000 r--p 00008000 103:20 5154                          /system/lib64/platformsdk/libprivacy_communication_adapter_cxx.z.so
7f0038c000-7f0038d000 rw-p 00009000 103:20 5154                          /system/lib64/platformsdk/libprivacy_communication_adapter_cxx.z.so
7f0038d000-7f0038e000 rw-p 00000000 00:00 0 
7f00393000-7f0039a000 rw-p 00000000 00:00 0 
7f0039d000-7f003a5000 rw-p 00000000 00:00 0 
7f003aa000-7f003ab000 rw-p 00000000 00:00 0 
7f003ae000-7f003af000 rw-p 00000000 00:00 0 
7f003b0000-7f003c0000 rw-p 00000000 00:00 0 
7f003c0000-7f00553000 r--p 00000000 103:20 2560                          /system/lib64/chipset-sdk/libohosffmpeg.z.so
7f00553000-7f00a3a000 r-xp 00192000 103:20 2560                          /system/lib64/chipset-sdk/libohosffmpeg.z.so
7f00a3a000-7f00a85000 r--p 00678000 103:20 2560                          /system/lib64/chipset-sdk/libohosffmpeg.z.so
7f00a85000-7f00a87000 rw-p 006c2000 103:20 2560                          /system/lib64/chipset-sdk/libohosffmpeg.z.so
7f00a87000-7f01d83000 rw-p 00000000 00:00 0 
7f01db0000-7f01dc0000 rw-p 00000000 00:00 0 
7f01dc0000-7f01e36000 r--p 00000000 103:20 5034                          /system/lib64/platformsdk/libintl_util.z.so
7f01e36000-7f01f34000 r-xp 00075000 103:20 5034                          /system/lib64/platformsdk/libintl_util.z.so
7f01f34000-7f01f39000 r--p 00172000 103:20 5034                          /system/lib64/platformsdk/libintl_util.z.so
7f01f39000-7f01f3a000 rw-p 00176000 103:20 5034                          /system/lib64/platformsdk/libintl_util.z.so
7f01f3a000-7f01f3d000 rw-p 00000000 00:00 0 
7f01f40000-7f01f43000 r--p 00000000 103:20 2595                          /system/lib64/chipset-sdk-sp/libdisplay_buffer_hdi_impl_v1_4.z.so
7f01f43000-7f01f48000 r-xp 00002000 103:20 2595                          /system/lib64/chipset-sdk-sp/libdisplay_buffer_hdi_impl_v1_4.z.so
7f01f48000-7f01f4a000 r--p 00006000 103:20 2595                          /system/lib64/chipset-sdk-sp/libdisplay_buffer_hdi_impl_v1_4.z.so
7f01f4a000-7f01f4b000 rw-p 00007000 103:20 2595                          /system/lib64/chipset-sdk-sp/libdisplay_buffer_hdi_impl_v1_4.z.so
7f01f4c000-7f01f4d000 rw-p 00000000 00:00 0 
7f01f56000-7f01f57000 rw-p 00000000 00:00 0 
7f01f58000-7f01f59000 rw-p 00000000 00:00 0 
7f01f5c000-7f01f64000 rw-p 00000000 00:00 0 
7f01f70000-7f01f80000 rw-p 00000000 00:00 0 
7f01f80000-7f02173000 r--p 00000000 103:20 4668                          /system/lib64/platformsdk/libark_jsruntime.so
7f02173000-7f02a1d000 r-xp 001f2000 103:20 4668                          /system/lib64/platformsdk/libark_jsruntime.so
7f02a1d000-7f02a37000 r--p 00a9b000 103:20 4668                          /system/lib64/platformsdk/libark_jsruntime.so
7f02a37000-7f02a3c000 rw-p 00ab4000 103:20 4668                          /system/lib64/platformsdk/libark_jsruntime.so
7f02a3c000-7f02a65000 rw-p 00000000 00:00 0 
7f02a70000-7f02a80000 rw-p 00000000 00:00 0 
7f02a80000-7f02abc000 r--p 00000000 103:20 2851                          /system/lib64/libarkverifier.so
7f02abc000-7f02b32000 r-xp 0003b000 103:20 2851                          /system/lib64/libarkverifier.so
7f02b32000-7f02b36000 r--p 000b0000 103:20 2851                          /system/lib64/libarkverifier.so
7f02b36000-7f02b37000 rw-p 000b3000 103:20 2851                          /system/lib64/libarkverifier.so
7f02b37000-7f02b38000 rw-p 00000000 00:00 0 
7f02b40000-7f02b41000 r--p 00000000 103:20 4607                          /system/lib64/platformsdk/libabsl_strings_internal.z.so
7f02b41000-7f02b43000 r-xp 00000000 103:20 4607                          /system/lib64/platformsdk/libabsl_strings_internal.z.so
7f02b43000-7f02b44000 r--p 00001000 103:20 4607                          /system/lib64/platformsdk/libabsl_strings_internal.z.so
7f02b44000-7f02b45000 rw-p 00001000 103:20 4607                          /system/lib64/platformsdk/libabsl_strings_internal.z.so
7f02b4c000-7f02b54000 rw-p 00000000 00:00 0 
7f02b5b000-7f02b5c000 rw-p 00000000 00:00 0 
7f02b60000-7f02b70000 rw-p 00000000 00:00 0 
7f02b80000-7f02b9d000 r--p 00000000 103:20 5311                          /system/lib64/platformsdk/libvsync.z.so
7f02b9d000-7f02bc6000 r-xp 0001c000 103:20 5311                          /system/lib64/platformsdk/libvsync.z.so
7f02bc6000-7f02bcb000 r--p 00044000 103:20 5311                          /system/lib64/platformsdk/libvsync.z.so
7f02bcb000-7f02bcc000 rw-p 00048000 103:20 5311                          /system/lib64/platformsdk/libvsync.z.so
7f02bcc000-7f02bcd000 rw-p 00000000 00:00 0 
7f02bd4000-7f02be4000 rw-p 00000000 00:00 0 
7f02bf0000-7f02c00000 rw-p 00000000 00:00 0 
7f02c00000-7f02c55000 r--p 00000000 103:20 2576                          /system/lib64/chipset-sdk/libxml2.z.so
7f02c55000-7f02d24000 r-xp 00054000 103:20 2576                          /system/lib64/chipset-sdk/libxml2.z.so
7f02d24000-7f02d2d000 r--p 00122000 103:20 2576                          /system/lib64/chipset-sdk/libxml2.z.so
7f02d2d000-7f02d2e000 rw-p 0012a000 103:20 2576                          /system/lib64/chipset-sdk/libxml2.z.so
7f02d2e000-7f02d2f000 rw-p 00000000 00:00 0 
7f02d35000-7f02d36000 rw-p 00000000 00:00 0 
7f02d38000-7f02d40000 rw-p 00000000 00:00 0 
7f02d40000-7f02d96000 r--p 00000000 103:20 5226                          /system/lib64/platformsdk/libsoftbus_client.z.so
7f02d96000-7f02e3a000 r-xp 00055000 103:20 5226                          /system/lib64/platformsdk/libsoftbus_client.z.so
7f02e3a000-7f02e41000 r--p 000f8000 103:20 5226                          /system/lib64/platformsdk/libsoftbus_client.z.so
7f02e41000-7f02e42000 rw-p 000fe000 103:20 5226                          /system/lib64/platformsdk/libsoftbus_client.z.so
7f02e43000-7f02e44000 rw-p 00000000 00:00 0 
7f02e48000-7f02e49000 rw-p 00000000 00:00 0 
7f02e49000-7f02e59000 rw-p 00000000 00:00 0 
7f02e5c000-7f02e5d000 rw-p 00000000 00:00 0 
7f02e5e000-7f02e5f000 rw-s 00000000 103:30 3068                          /data/service/el1/public/database/insight_intent/insight_intent.db-dwr
7f02e5f000-7f02e63000 rw-p 00000000 00:00 0 
7f02e63000-7f02e64000 rw-s 00000000 103:30 3068                          /data/service/el1/public/database/insight_intent/insight_intent.db-dwr
7f02e64000-7f02e65000 rw-p 00000000 00:00 0 
7f02e6d000-7f02e6e000 rw-s 00000000 103:30 3068                          /data/service/el1/public/database/insight_intent/insight_intent.db-dwr
7f02e6e000-7f02e6f000 rw-s 00000000 103:30 3068                          /data/service/el1/public/database/insight_intent/insight_intent.db-dwr
7f02e71000-7f02e79000 rw-s 00000000 103:30 3071                          /data/service/el1/public/database/insight_intent/insight_intent.db-shm
7f02e7a000-7f02e7b000 rw-p 00000000 00:00 0 
7f02e7e000-7f02e80000 rw-p 00000000 00:00 0 
7f02e80000-7f02ec7000 r--p 00000000 103:20 3582                          /system/lib64/librosen_text.z.so
7f02ec7000-7f02f77000 r-xp 00046000 103:20 3582                          /system/lib64/librosen_text.z.so
7f02f77000-7f02f7e000 r--p 000f5000 103:20 3582                          /system/lib64/librosen_text.z.so
7f02f7e000-7f02f7f000 rw-p 000fb000 103:20 3582                          /system/lib64/librosen_text.z.so
7f02f7f000-7f02f80000 rw-p 00000000 00:00 0 
7f02f80000-7f02f85000 r--p 00000000 103:20 2596                          /system/lib64/chipset-sdk-sp/libdisplay_buffer_proxy_1.0.z.so
7f02f85000-7f02f8c000 r-xp 00004000 103:20 2596                          /system/lib64/chipset-sdk-sp/libdisplay_buffer_proxy_1.0.z.so
7f02f8c000-7f02f8e000 r--p 0000a000 103:20 2596                          /system/lib64/chipset-sdk-sp/libdisplay_buffer_proxy_1.0.z.so
7f02f8e000-7f02f8f000 rw-p 0000b000 103:20 2596                          /system/lib64/chipset-sdk-sp/libdisplay_buffer_proxy_1.0.z.so
7f02f91000-7f02f9d000 rw-p 00000000 00:00 0 
7f02fa1000-7f02fa2000 rw-s 00000000 103:30 3068                          /data/service/el1/public/database/insight_intent/insight_intent.db-dwr
7f02fa2000-7f02fa5000 rw-p 00000000 00:00 0 
7f02fa9000-7f02fab000 rw-p 00000000 00:00 0 
7f02fac000-7f02fbc000 rw-p 00000000 00:00 0 
7f02fc0000-7f02fc2000 r--p 00000000 103:20 5156                          /system/lib64/platformsdk/libprocess_options.z.so
7f02fc2000-7f02fc6000 r-xp 00001000 103:20 5156                          /system/lib64/platformsdk/libprocess_options.z.so
7f02fc6000-7f02fc7000 r--p 00004000 103:20 5156                          /system/lib64/platformsdk/libprocess_options.z.so
7f02fc7000-7f02fc8000 rw-p 00004000 103:20 5156                          /system/lib64/platformsdk/libprocess_options.z.so
7f02fee000-7f02ffe000 rw-p 00000000 00:00 0 
7f03000000-7f03018000 r--p 00000000 103:20 4609                          /system/lib64/platformsdk/libaccessibility_common.z.so
7f03018000-7f03036000 r-xp 00017000 103:20 4609                          /system/lib64/platformsdk/libaccessibility_common.z.so
7f03036000-7f03038000 r--p 00034000 103:20 4609                          /system/lib64/platformsdk/libaccessibility_common.z.so
7f03038000-7f03039000 rw-p 00035000 103:20 4609                          /system/lib64/platformsdk/libaccessibility_common.z.so
7f03040000-7f03052000 r--p 00000000 103:20 5216                          /system/lib64/platformsdk/libsession_manager_lite.z.so
7f03052000-7f03073000 r-xp 00011000 103:20 5216                          /system/lib64/platformsdk/libsession_manager_lite.z.so
7f03073000-7f03078000 r--p 00031000 103:20 5216                          /system/lib64/platformsdk/libsession_manager_lite.z.so
7f03078000-7f03079000 rw-p 00035000 103:20 5216                          /system/lib64/platformsdk/libsession_manager_lite.z.so
7f0307c000-7f03080000 rw-p 00000000 00:00 0 
7f03080000-7f03088000 r--p 00000000 103:20 2804                          /system/lib64/libapp_domain_verify_common.z.so
7f03088000-7f03092000 r-xp 00007000 103:20 2804                          /system/lib64/libapp_domain_verify_common.z.so
7f03092000-7f03095000 r--p 00010000 103:20 2804                          /system/lib64/libapp_domain_verify_common.z.so
7f03095000-7f03096000 rw-p 00012000 103:20 2804                          /system/lib64/libapp_domain_verify_common.z.so
7f03098000-7f030c0000 rw-p 00000000 00:00 0 
7f030c0000-7f030c5000 r--p 00000000 103:20 2813                          /system/lib64/libappspawn_client.z.so
7f030c5000-7f030cb000 r-xp 00004000 103:20 2813                          /system/lib64/libappspawn_client.z.so
7f030cb000-7f030cc000 r--p 00009000 103:20 2813                          /system/lib64/libappspawn_client.z.so
7f030cc000-7f030cd000 rw-p 00009000 103:20 2813                          /system/lib64/libappspawn_client.z.so
7f030d0000-7f030d3000 rw-p 00000000 00:00 0 
7f030d7000-7f030e7000 rw-p 00000000 00:00 0 
7f030e7000-7f030e9000 ---p 00000000 00:00 0 
7f030e9000-7f03100000 rw-p 00000000 00:00 0 
7f03100000-7f0311b000 r--p 00000000 103:20 5037                          /system/lib64/platformsdk/libipc_napi.z.so
7f0311b000-7f0314b000 r-xp 0001a000 103:20 5037                          /system/lib64/platformsdk/libipc_napi.z.so
7f0314b000-7f03151000 r--p 00049000 103:20 5037                          /system/lib64/platformsdk/libipc_napi.z.so
7f03151000-7f03152000 rw-p 0004e000 103:20 5037                          /system/lib64/platformsdk/libipc_napi.z.so
7f03157000-7f03158000 rw-p 00000000 00:00 0 
7f03166000-7f03168000 ---p 00000000 00:00 0 
7f03168000-7f0316f000 rw-p 00000000 00:00 0 
7f03180000-7f03191000 r--p 00000000 103:20 5124                          /system/lib64/platformsdk/libnstackx_dfile.open.z.so
7f03191000-7f031b5000 r-xp 00010000 103:20 5124                          /system/lib64/platformsdk/libnstackx_dfile.open.z.so
7f031b5000-7f031b7000 r--p 00033000 103:20 5124                          /system/lib64/platformsdk/libnstackx_dfile.open.z.so
7f031b7000-7f031b8000 rw-p 00034000 103:20 5124                          /system/lib64/platformsdk/libnstackx_dfile.open.z.so
7f031b8000-7f031ba000 rw-p 00000000 00:00 0 
7f031bc000-7f031be000 rw-p 00000000 00:00 0 
7f031c0000-7f031c5000 r--p 00000000 103:20 4566                          /system/lib64/ndk/libsync_fence.z.so
7f031c5000-7f031ca000 r-xp 00004000 103:20 4566                          /system/lib64/ndk/libsync_fence.z.so
7f031ca000-7f031cc000 r--p 00008000 103:20 4566                          /system/lib64/ndk/libsync_fence.z.so
7f031cc000-7f031cd000 rw-p 00009000 103:20 4566                          /system/lib64/ndk/libsync_fence.z.so
7f031d0000-7f031d1000 rw-p 00000000 00:00 0 
7f031d3000-7f031e3000 rw-p 00000000 00:00 0 
7f031f0000-7f03200000 rw-p 00000000 00:00 0 
7f03200000-7f03290000 r--p 00000000 103:20 3650                          /system/lib64/libstd.dylib.so
7f03290000-7f0331e000 r-xp 0008f000 103:20 3650                          /system/lib64/libstd.dylib.so
7f0331e000-7f03327000 r--p 0011c000 103:20 3650                          /system/lib64/libstd.dylib.so
7f03327000-7f03328000 rw-p 00124000 103:20 3650                          /system/lib64/libstd.dylib.so
7f03328000-7f03329000 rw-p 00000000 00:00 0 
7f0332d000-7f0332e000 rw-p 00000000 00:00 0 
7f03340000-7f03344000 r--p 00000000 103:20 5214                          /system/lib64/platformsdk/libsession_info.z.so
7f03344000-7f03349000 r-xp 00003000 103:20 5214                          /system/lib64/platformsdk/libsession_info.z.so
7f03349000-7f0334b000 r--p 00007000 103:20 5214                          /system/lib64/platformsdk/libsession_info.z.so
7f0334b000-7f0334c000 rw-p 00008000 103:20 5214                          /system/lib64/platformsdk/libsession_info.z.so
7f03369000-7f03379000 rw-p 00000000 00:00 0 
7f0337a000-7f0337b000 rw-p 00000000 00:00 0 
7f03380000-7f03383000 r--p 00000000 103:20 4924                          /system/lib64/platformsdk/libdistributeddata_mgr.z.so
7f03383000-7f03387000 r-xp 00002000 103:20 4924                          /system/lib64/platformsdk/libdistributeddata_mgr.z.so
7f03387000-7f03389000 r--p 00005000 103:20 4924                          /system/lib64/platformsdk/libdistributeddata_mgr.z.so
7f03389000-7f0338a000 rw-p 00006000 103:20 4924                          /system/lib64/platformsdk/libdistributeddata_mgr.z.so
7f0338e000-7f03396000 rw-p 00000000 00:00 0 
7f033a2000-7f033b2000 rw-p 00000000 00:00 0 
7f033c0000-7f033d0000 r--p 00000000 103:20 5296                          /system/lib64/platformsdk/libusagestatsinner.z.so
7f033d0000-7f033eb000 r-xp 0000f000 103:20 5296                          /system/lib64/platformsdk/libusagestatsinner.z.so
7f033eb000-7f033ef000 r--p 00029000 103:20 5296                          /system/lib64/platformsdk/libusagestatsinner.z.so
7f033ef000-7f033f0000 rw-p 0002c000 103:20 5296                          /system/lib64/platformsdk/libusagestatsinner.z.so
7f033f0000-7f033f2000 rw-p 00000000 00:00 0 
7f033f9000-7f03400000 rw-p 00000000 00:00 0 
7f03400000-7f03405000 r--p 00000000 103:20 4983                          /system/lib64/platformsdk/libframe_analyzer.z.so
7f03405000-7f0340c000 r-xp 00004000 103:20 4983                          /system/lib64/platformsdk/libframe_analyzer.z.so
7f0340c000-7f0340d000 r--p 0000a000 103:20 4983                          /system/lib64/platformsdk/libframe_analyzer.z.so
7f0340d000-7f0340e000 rw-p 0000a000 103:20 4983                          /system/lib64/platformsdk/libframe_analyzer.z.so
7f0340e000-7f03411000 rw-p 00000000 00:00 0 
7f03416000-7f03426000 rw-p 00000000 00:00 0 
7f0342f000-7f03440000 rw-p 00000000 00:00 0 
7f03440000-7f03445000 r--p 00000000 103:20 5080                          /system/lib64/platformsdk/libmodal_system_ui_extension_client.z.so
7f03445000-7f0344a000 r-xp 00004000 103:20 5080                          /system/lib64/platformsdk/libmodal_system_ui_extension_client.z.so
7f0344a000-7f0344c000 r--p 00008000 103:20 5080                          /system/lib64/platformsdk/libmodal_system_ui_extension_client.z.so
7f0344c000-7f0344d000 rw-p 00009000 103:20 5080                          /system/lib64/platformsdk/libmodal_system_ui_extension_client.z.so
7f03457000-7f03459000 ---p 00000000 00:00 0 
7f03459000-7f03480000 rw-p 00000000 00:00 0 
7f03480000-7f03487000 r--p 00000000 103:20 3050                          /system/lib64/libdevice_profile_radar.z.so
7f03487000-7f034a2000 r-xp 00006000 103:20 3050                          /system/lib64/libdevice_profile_radar.z.so
7f034a2000-7f034a3000 r--p 00020000 103:20 3050                          /system/lib64/libdevice_profile_radar.z.so
7f034a3000-7f034a4000 rw-p 00020000 103:20 3050                          /system/lib64/libdevice_profile_radar.z.so
7f034a6000-7f034c0000 rw-p 00000000 00:00 0 
7f034c0000-7f034c2000 r--p 00000000 103:20 5176                          /system/lib64/platformsdk/librestorecon.z.so
7f034c2000-7f034c4000 r-xp 00001000 103:20 5176                          /system/lib64/platformsdk/librestorecon.z.so
7f034c4000-7f034c5000 r--p 00002000 103:20 5176                          /system/lib64/platformsdk/librestorecon.z.so
7f034c5000-7f034c6000 rw-p 00002000 103:20 5176                          /system/lib64/platformsdk/librestorecon.z.so
7f034c6000-7f034e0000 rw-p 00000000 00:00 0 
7f034ee000-7f034ef000 rw-p 00000000 00:00 0 
7f034f2000-7f034f3000 rw-p 00000000 00:00 0 
7f034f5000-7f034f6000 rw-p 00000000 00:00 0 
7f034f7000-7f034f8000 rw-p 00000000 00:00 0 
7f034fa000-7f034fb000 rw-p 00000000 00:00 0 
7f03500000-7f03503000 r--p 00000000 103:20 2581                          /system/lib64/chipset-sdk-sp/libasync_stack.z.so
7f03503000-7f03506000 r-xp 00002000 103:20 2581                          /system/lib64/chipset-sdk-sp/libasync_stack.z.so
7f03506000-7f03507000 r--p 00004000 103:20 2581                          /system/lib64/chipset-sdk-sp/libasync_stack.z.so
7f03507000-7f03508000 rw-p 00004000 103:20 2581                          /system/lib64/chipset-sdk-sp/libasync_stack.z.so
7f03508000-7f03540000 rw-p 00000000 00:00 0 
7f03540000-7f03542000 r--p 00000000 103:20 5178                          /system/lib64/platformsdk/libruntime_utils.z.so
7f03542000-7f03546000 r-xp 00001000 103:20 5178                          /system/lib64/platformsdk/libruntime_utils.z.so
7f03546000-7f03547000 r--p 00004000 103:20 5178                          /system/lib64/platformsdk/libruntime_utils.z.so
7f03547000-7f03548000 rw-p 00004000 103:20 5178                          /system/lib64/platformsdk/libruntime_utils.z.so
7f03548000-7f03580000 rw-p 00000000 00:00 0 
7f03580000-7f03593000 r--p 00000000 103:20 4935                          /system/lib64/platformsdk/libdomain_account_innerkits.z.so
7f03593000-7f035af000 r-xp 00012000 103:20 4935                          /system/lib64/platformsdk/libdomain_account_innerkits.z.so
7f035af000-7f035b5000 r--p 0002d000 103:20 4935                          /system/lib64/platformsdk/libdomain_account_innerkits.z.so
7f035b5000-7f035b6000 rw-p 00032000 103:20 4935                          /system/lib64/platformsdk/libdomain_account_innerkits.z.so
7f035b6000-7f035c0000 rw-p 00000000 00:00 0 
7f035c0000-7f035ca000 r--p 00000000 103:20 2605                          /system/lib64/chipset-sdk-sp/libhdf_ipc_adapter.z.so
7f035ca000-7f035da000 r-xp 00009000 103:20 2605                          /system/lib64/chipset-sdk-sp/libhdf_ipc_adapter.z.so
7f035da000-7f035dc000 r--p 00018000 103:20 2605                          /system/lib64/chipset-sdk-sp/libhdf_ipc_adapter.z.so
7f035dc000-7f035dd000 rw-p 00019000 103:20 2605                          /system/lib64/chipset-sdk-sp/libhdf_ipc_adapter.z.so
7f035dd000-7f035e0000 rw-p 00000000 00:00 0 
7f035f0000-7f03600000 rw-p 00000000 00:00 0 
7f03600000-7f03602000 r--p 00000000 103:20 5143                          /system/lib64/platformsdk/libpixelconvertadapter.z.so
7f03602000-7f03606000 r-xp 00001000 103:20 5143                          /system/lib64/platformsdk/libpixelconvertadapter.z.so
7f03606000-7f03607000 r--p 00004000 103:20 5143                          /system/lib64/platformsdk/libpixelconvertadapter.z.so
7f03607000-7f03608000 rw-p 00004000 103:20 5143                          /system/lib64/platformsdk/libpixelconvertadapter.z.so
7f03608000-7f03620000 rw-p 00000000 00:00 0 
7f03628000-7f03629000 rw-p 00000000 00:00 0 
7f0362e000-7f03636000 rw-p 00000000 00:00 0 
7f0363a000-7f0363b000 rw-p 00000000 00:00 0 
7f0363e000-7f03640000 rw-p 00000000 00:00 0 
7f03640000-7f03685000 r--p 00000000 103:20 5021                          /system/lib64/platformsdk/libimage_napi.z.so
7f03685000-7f03750000 r-xp 00044000 103:20 5021                          /system/lib64/platformsdk/libimage_napi.z.so
7f03750000-7f03759000 r--p 0010e000 103:20 5021                          /system/lib64/platformsdk/libimage_napi.z.so
7f03759000-7f0375b000 rw-p 00116000 103:20 5021                          /system/lib64/platformsdk/libimage_napi.z.so
7f0375b000-7f03770000 rw-p 00000000 00:00 0 
7f03778000-7f03780000 rw-p 00000000 00:00 0 
7f03780000-7f03784000 r--p 00000000 103:20 2597                          /system/lib64/chipset-sdk-sp/libdisplay_buffer_proxy_1.1.z.so
7f03784000-7f03789000 r-xp 00003000 103:20 2597                          /system/lib64/chipset-sdk-sp/libdisplay_buffer_proxy_1.1.z.so
7f03789000-7f0378b000 r--p 00007000 103:20 2597                          /system/lib64/chipset-sdk-sp/libdisplay_buffer_proxy_1.1.z.so
7f0378b000-7f0378c000 rw-p 00008000 103:20 2597                          /system/lib64/chipset-sdk-sp/libdisplay_buffer_proxy_1.1.z.so
7f0378c000-7f037c0000 rw-p 00000000 00:00 0 
7f037c0000-7f037c3000 r--p 00000000 103:20 5049                          /system/lib64/platformsdk/liblz4_shared.z.so
7f037c3000-7f037e0000 r-xp 00002000 103:20 5049                          /system/lib64/platformsdk/liblz4_shared.z.so
7f037e0000-7f037e1000 r--p 0001e000 103:20 5049                          /system/lib64/platformsdk/liblz4_shared.z.so
7f037e1000-7f037e2000 rw-p 0001e000 103:20 5049                          /system/lib64/platformsdk/liblz4_shared.z.so
7f037e2000-7f037ee000 rw-p 00000000 00:00 0 
7f037ee000-7f03800000 rw-p 00000000 00:00 0 
7f03800000-7f038be000 r--p 00000000 103:20 5170                          /system/lib64/platformsdk/librender_service_client.z.so
7f038be000-7f03ae4000 r-xp 000bd000 103:20 5170                          /system/lib64/platformsdk/librender_service_client.z.so
7f03ae4000-7f03af4000 r--p 002e2000 103:20 5170                          /system/lib64/platformsdk/librender_service_client.z.so
7f03af4000-7f03af5000 rw-p 002f1000 103:20 5170                          /system/lib64/platformsdk/librender_service_client.z.so
7f03af5000-7f03b00000 rw-p 00000000 00:00 0 
7f03b00000-7f03b10000 r--p 00000000 103:20 2621                          /system/lib64/chipset-sdk-sp/libressched_client.z.so
7f03b10000-7f03b39000 r-xp 0000f000 103:20 2621                          /system/lib64/chipset-sdk-sp/libressched_client.z.so
7f03b39000-7f03b3f000 r--p 00037000 103:20 2621                          /system/lib64/chipset-sdk-sp/libressched_client.z.so
7f03b3f000-7f03b40000 rw-p 0003c000 103:20 2621                          /system/lib64/chipset-sdk-sp/libressched_client.z.so
7f03b40000-7f03b42000 rw-p 00000000 00:00 0 
7f03b42000-7f03b60000 rw-p 00000000 00:00 0 
7f03b65000-7f03b66000 rw-p 00000000 00:00 0 
7f03b6f000-7f03b77000 rw-p 00000000 00:00 0 
7f03b7b000-7f03b7c000 rw-p 00000000 00:00 0 
7f03b7e000-7f03b7f000 rw-p 00000000 00:00 0 
7f03b80000-7f03bab000 r--p 00000000 103:20 4610                          /system/lib64/platformsdk/libaccessibility_interface.z.so
7f03bab000-7f03c0b000 r-xp 0002a000 103:20 4610                          /system/lib64/platformsdk/libaccessibility_interface.z.so
7f03c0b000-7f03c18000 r--p 00089000 103:20 4610                          /system/lib64/platformsdk/libaccessibility_interface.z.so
7f03c18000-7f03c19000 rw-p 00095000 103:20 4610                          /system/lib64/platformsdk/libaccessibility_interface.z.so
7f03c19000-7f03c1b000 rw-p 00000000 00:00 0 
7f03c1b000-7f03c20000 rw-p 00000000 00:00 0 
7f03c29000-7f03c2a000 rw-p 00000000 00:00 0 
7f03c30000-7f03c38000 rw-p 00000000 00:00 0 
7f03c3e000-7f03c3f000 rw-p 00000000 00:00 0 
7f03c40000-7f03c47000 r--p 00000000 103:20 5125                          /system/lib64/platformsdk/libnstackx_util.open.z.so
7f03c47000-7f03c53000 r-xp 00006000 103:20 5125                          /system/lib64/platformsdk/libnstackx_util.open.z.so
7f03c53000-7f03c55000 r--p 00011000 103:20 5125                          /system/lib64/platformsdk/libnstackx_util.open.z.so
7f03c55000-7f03c56000 rw-p 00012000 103:20 5125                          /system/lib64/platformsdk/libnstackx_util.open.z.so
7f03c56000-7f03c60000 rw-p 00000000 00:00 0 
7f03c6f000-7f03c7f000 rw-p 00000000 00:00 0 
7f03c80000-7f03d1d000 r--p 00000000 103:20 4658                          /system/lib64/platformsdk/libappexecfwk_core.z.so
7f03d1d000-7f03e29000 r-xp 0009c000 103:20 4658                          /system/lib64/platformsdk/libappexecfwk_core.z.so
7f03e29000-7f03e46000 r--p 001a7000 103:20 4658                          /system/lib64/platformsdk/libappexecfwk_core.z.so
7f03e46000-7f03e47000 rw-p 001c3000 103:20 4658                          /system/lib64/platformsdk/libappexecfwk_core.z.so
7f03e47000-7f03e49000 rw-p 00000000 00:00 0 
7f03e49000-7f03e80000 rw-p 00000000 00:00 0 
7f03e80000-7f03eba000 r--p 00000000 103:20 3319                          /system/lib64/libimage_accessor.z.so
7f03eba000-7f03f76000 r-xp 00039000 103:20 3319                          /system/lib64/libimage_accessor.z.so
7f03f76000-7f03f7e000 r--p 000f4000 103:20 3319                          /system/lib64/libimage_accessor.z.so
7f03f7e000-7f03f7f000 rw-p 000fb000 103:20 3319                          /system/lib64/libimage_accessor.z.so
7f03f7f000-7f03f80000 rw-p 00000000 00:00 0 
7f03f80000-7f03f87000 r--p 00000000 103:20 4866                          /system/lib64/platformsdk/libconfiguration.z.so
7f03f87000-7f03f94000 r-xp 00006000 103:20 4866                          /system/lib64/platformsdk/libconfiguration.z.so
7f03f94000-7f03f96000 r--p 00012000 103:20 4866                          /system/lib64/platformsdk/libconfiguration.z.so
7f03f96000-7f03f97000 rw-p 00013000 103:20 4866                          /system/lib64/platformsdk/libconfiguration.z.so
7f03f97000-7f03fa1000 rw-p 00000000 00:00 0 
7f03fa3000-7f03fc0000 rw-p 00000000 00:00 0 
7f03fc0000-7f03fc2000 r--p 00000000 103:20 5337                          /system/lib64/platformsdk/libwsutils.z.so
7f03fc2000-7f03fc6000 r-xp 00001000 103:20 5337                          /system/lib64/platformsdk/libwsutils.z.so
7f03fc6000-7f03fc7000 r--p 00004000 103:20 5337                          /system/lib64/platformsdk/libwsutils.z.so
7f03fc7000-7f03fc8000 rw-p 00004000 103:20 5337                          /system/lib64/platformsdk/libwsutils.z.so
7f03fc8000-7f03fe0000 rw-p 00000000 00:00 0 
7f03ff0000-7f04000000 rw-p 00000000 00:00 0 
7f04000000-7f04014000 r--p 00000000 103:20 5225                          /system/lib64/platformsdk/libsoftbus_adapter.z.so
7f04014000-7f04035000 r-xp 00013000 103:20 5225                          /system/lib64/platformsdk/libsoftbus_adapter.z.so
7f04035000-7f04036000 r--p 00033000 103:20 5225                          /system/lib64/platformsdk/libsoftbus_adapter.z.so
7f04036000-7f04037000 rw-p 00033000 103:20 5225                          /system/lib64/platformsdk/libsoftbus_adapter.z.so
7f04037000-7f04039000 rw-p 00000000 00:00 0 
7f04039000-7f04040000 rw-p 00000000 00:00 0 
7f04040000-7f04043000 r--p 00000000 103:20 5072                          /system/lib64/platformsdk/libmission_info.z.so
7f04043000-7f04045000 r-xp 00002000 103:20 5072                          /system/lib64/platformsdk/libmission_info.z.so
7f04045000-7f04047000 r--p 00003000 103:20 5072                          /system/lib64/platformsdk/libmission_info.z.so
7f04047000-7f04048000 rw-p 00004000 103:20 5072                          /system/lib64/platformsdk/libmission_info.z.so
7f04048000-7f04060000 rw-p 00000000 00:00 0 
7f04066000-7f04070000 rw-p 00000000 00:00 0 
7f04078000-7f04080000 rw-p 00000000 00:00 0 
7f04080000-7f040d7000 r--p 00000000 103:20 5022                          /system/lib64/platformsdk/libimage_native.z.so
7f040d7000-7f04184000 r-xp 00056000 103:20 5022                          /system/lib64/platformsdk/libimage_native.z.so
7f04184000-7f0418c000 r--p 00102000 103:20 5022                          /system/lib64/platformsdk/libimage_native.z.so
7f0418c000-7f0418d000 rw-p 00109000 103:20 5022                          /system/lib64/platformsdk/libimage_native.z.so
7f0418d000-7f04190000 rw-p 00000000 00:00 0 
7f04190000-7f041a0000 rw-p 00000000 00:00 0 
7f041a9000-7f041b1000 rw-p 00000000 00:00 0 
7f041c0000-7f041c5000 r--p 00000000 103:20 4887                          /system/lib64/platformsdk/libdbms_fwk.z.so
7f041c5000-7f041cd000 r-xp 00004000 103:20 4887                          /system/lib64/platformsdk/libdbms_fwk.z.so
7f041cd000-7f041ce000 r--p 0000b000 103:20 4887                          /system/lib64/platformsdk/libdbms_fwk.z.so
7f041ce000-7f041cf000 rw-p 0000b000 103:20 4887                          /system/lib64/platformsdk/libdbms_fwk.z.so
7f041cf000-7f041d7000 rw-p 00000000 00:00 0 
7f041d7000-7f041d9000 ---p 00000000 00:00 0 
7f041d9000-7f041e1000 rw-p 00000000 00:00 0 
7f041e1000-7f041e2000 rw-p 00000000 00:00 0 
7f041e4000-7f041e6000 rw-p 00000000 00:00 0 
7f041f0000-7f04200000 rw-p 00000000 00:00 0 
7f04200000-7f04203000 r--p 00000000 103:20 4657                          /system/lib64/platformsdk/libappexecfwk_common.z.so
7f04203000-7f04207000 r-xp 00002000 103:20 4657                          /system/lib64/platformsdk/libappexecfwk_common.z.so
7f04207000-7f04208000 r--p 00005000 103:20 4657                          /system/lib64/platformsdk/libappexecfwk_common.z.so
7f04208000-7f04209000 rw-p 00005000 103:20 4657                          /system/lib64/platformsdk/libappexecfwk_common.z.so
7f04209000-7f0420b000 rw-p 00000000 00:00 0 
7f0420b000-7f0420d000 ---p 00000000 00:00 0 
7f0420d000-7f04214000 rw-p 00000000 00:00 0 
7f0421d000-7f04231000 rw-p 00000000 00:00 0 
7f04231000-7f04233000 rw-p 00000000 00:00 0 
7f04234000-7f04235000 rw-p 00000000 00:00 0 
7f04240000-7f04254000 r--p 00000000 103:20 4612                          /system/lib64/platformsdk/libaccessibilityconfig.z.so
7f04254000-7f0426d000 r-xp 00013000 103:20 4612                          /system/lib64/platformsdk/libaccessibilityconfig.z.so
7f0426d000-7f04273000 r--p 0002b000 103:20 4612                          /system/lib64/platformsdk/libaccessibilityconfig.z.so
7f04273000-7f04274000 rw-p 00030000 103:20 4612                          /system/lib64/platformsdk/libaccessibilityconfig.z.so
7f04274000-7f04275000 rw-p 00000000 00:00 0 
7f04275000-7f04277000 ---p 00000000 00:00 0 
7f04277000-7f04280000 rw-p 00000000 00:00 0 
7f04280000-7f0429e000 r--p 00000000 103:20 5300                          /system/lib64/platformsdk/libuserauth_client.z.so
7f0429e000-7f042df000 r-xp 0001d000 103:20 5300                          /system/lib64/platformsdk/libuserauth_client.z.so
7f042df000-7f042ec000 r--p 0005d000 103:20 5300                          /system/lib64/platformsdk/libuserauth_client.z.so
7f042ec000-7f042ed000 rw-p 00069000 103:20 5300                          /system/lib64/platformsdk/libuserauth_client.z.so
7f042ed000-7f04300000 rw-p 00000000 00:00 0 
7f04300000-7f04308000 r--p 00000000 103:20 5318                          /system/lib64/platformsdk/libwantagent_manager.z.so
7f04308000-7f04312000 r-xp 00007000 103:20 5318                          /system/lib64/platformsdk/libwantagent_manager.z.so
7f04312000-7f04316000 r--p 00010000 103:20 5318                          /system/lib64/platformsdk/libwantagent_manager.z.so
7f04316000-7f04317000 rw-p 00013000 103:20 5318                          /system/lib64/platformsdk/libwantagent_manager.z.so
7f04317000-7f04320000 rw-p 00000000 00:00 0 
7f04338000-7f04340000 rw-p 00000000 00:00 0 
7f04340000-7f04359000 r--p 00000000 103:20 4732                          /system/lib64/platformsdk/libcesfwk_core.z.so
7f04359000-7f04374000 r-xp 00018000 103:20 4732                          /system/lib64/platformsdk/libcesfwk_core.z.so
7f04374000-7f0437a000 r--p 00032000 103:20 4732                          /system/lib64/platformsdk/libcesfwk_core.z.so
7f0437a000-7f0437b000 rw-p 00037000 103:20 4732                          /system/lib64/platformsdk/libcesfwk_core.z.so
7f0437b000-7f0437f000 rw-p 00000000 00:00 0 
7f0437f000-7f04380000 r--s 00000000 00:13 146                            /dev/__parameters__/u:object_r:useriam_fwkready_param:s0
7f04380000-7f0438b000 r--p 00000000 103:20 2938                          /system/lib64/libbundlemgr_extension.z.so
7f0438b000-7f0439e000 r-xp 0000a000 103:20 2938                          /system/lib64/libbundlemgr_extension.z.so
7f0439e000-7f043a0000 r--p 0001c000 103:20 2938                          /system/lib64/libbundlemgr_extension.z.so
7f043a0000-7f043a1000 rw-p 0001d000 103:20 2938                          /system/lib64/libbundlemgr_extension.z.so
7f043a1000-7f043b1000 rw-p 00000000 00:00 0 
7f043b1000-7f043b7000 rw-p 00000000 00:00 0 
7f043c0000-7f043ca000 r--p 00000000 103:20 2809                          /system/lib64/libapp_fwk_update_service.z.so
7f043ca000-7f043d2000 r-xp 00009000 103:20 2809                          /system/lib64/libapp_fwk_update_service.z.so
7f043d2000-7f043d6000 r--p 00010000 103:20 2809                          /system/lib64/libapp_fwk_update_service.z.so
7f043d6000-7f043d7000 rw-p 00013000 103:20 2809                          /system/lib64/libapp_fwk_update_service.z.so
7f043d7000-7f043d8000 rw-p 00000000 00:00 0 
7f043d9000-7f043e8000 rw-p 00000000 00:00 0 
7f04400000-7f0447d000 r--p 00000000 103:20 4590                          /system/lib64/platformsdk/libability_manager.z.so
7f0447d000-7f04528000 r-xp 0007c000 103:20 4590                          /system/lib64/platformsdk/libability_manager.z.so
7f04528000-7f0453d000 r--p 00126000 103:20 4590                          /system/lib64/platformsdk/libability_manager.z.so
7f0453d000-7f0453e000 rw-p 0013a000 103:20 4590                          /system/lib64/platformsdk/libability_manager.z.so
7f0453e000-7f04540000 rw-p 00000000 00:00 0 
7f04540000-7f0457f000 r--p 00000000 103:20 5312                          /system/lib64/platformsdk/libvulkan.so
7f0457f000-7f045be000 r-xp 0003e000 103:20 5312                          /system/lib64/platformsdk/libvulkan.so
7f045be000-7f045c2000 r--p 0007c000 103:20 5312                          /system/lib64/platformsdk/libvulkan.so
7f045c2000-7f045c3000 rw-p 0007f000 103:20 5312                          /system/lib64/platformsdk/libvulkan.so
7f045c3000-7f045cb000 rw-p 00000000 00:00 0 
7f045cf000-7f045d7000 rw-p 00000000 00:00 0 
7f045dc000-7f04600000 rw-p 00000000 00:00 0 
7f04600000-7f0473a000 r--p 00000000 103:20 2924                          /system/lib64/libbms.z.so
7f0473a000-7f04b69000 r-xp 00139000 103:20 2924                          /system/lib64/libbms.z.so
7f04b69000-7f04b93000 r--p 00568000 103:20 2924                          /system/lib64/libbms.z.so
7f04b93000-7f04b94000 rw-p 00591000 103:20 2924                          /system/lib64/libbms.z.so
7f04b94000-7f04b9f000 rw-p 00000000 00:00 0 
7f04b9f000-7f04bb0000 rw-p 00000000 00:00 0 
7f04bc0000-7f04bc3000 r--p 00000000 103:20 5242                          /system/lib64/platformsdk/libstartup_util.z.so
7f04bc3000-7f04bcd000 r-xp 00002000 103:20 5242                          /system/lib64/platformsdk/libstartup_util.z.so
7f04bcd000-7f04bce000 r--p 0000b000 103:20 5242                          /system/lib64/platformsdk/libstartup_util.z.so
7f04bce000-7f04bcf000 rw-p 0000b000 103:20 5242                          /system/lib64/platformsdk/libstartup_util.z.so
7f04bcf000-7f04bd1000 rw-p 00000000 00:00 0 
7f04bd2000-7f04bd4000 rw-p 00000000 00:00 0 
7f04bd6000-7f04bee000 rw-p 00000000 00:00 0 
7f04bee000-7f04bf0000 ---p 00000000 00:00 0 
7f04bf0000-7f04bf8000 rw-p 00000000 00:00 0 
7f04bf9000-7f04c00000 rw-p 00000000 00:00 0 
7f04c00000-7f04c0a000 r--p 00000000 103:20 2807                          /system/lib64/libapp_domain_verify_mgr_client.z.so
7f04c0a000-7f04c1c000 r-xp 00009000 103:20 2807                          /system/lib64/libapp_domain_verify_mgr_client.z.so
7f04c1c000-7f04c1e000 r--p 0001a000 103:20 2807                          /system/lib64/libapp_domain_verify_mgr_client.z.so
7f04c1e000-7f04c1f000 rw-p 0001b000 103:20 2807                          /system/lib64/libapp_domain_verify_mgr_client.z.so
7f04c1f000-7f04c32000 rw-p 00000000 00:00 0 
7f04c33000-7f04c40000 rw-p 00000000 00:00 0 
7f04c40000-7f04c42000 r--p 00000000 103:20 4881                          /system/lib64/platformsdk/libdatabase_utils.z.so
7f04c42000-7f04c46000 r-xp 00001000 103:20 4881                          /system/lib64/platformsdk/libdatabase_utils.z.so
7f04c46000-7f04c47000 r--p 00004000 103:20 4881                          /system/lib64/platformsdk/libdatabase_utils.z.so
7f04c47000-7f04c48000 rw-p 00004000 103:20 4881                          /system/lib64/platformsdk/libdatabase_utils.z.so
7f04c60000-7f04c80000 rw-p 00000000 00:00 0 
7f04c80000-7f04ce1000 r--p 00000000 103:20 5139                          /system/lib64/platformsdk/libphonenumber_standard.z.so
7f04ce1000-7f04d0e000 r-xp 00060000 103:20 5139                          /system/lib64/platformsdk/libphonenumber_standard.z.so
7f04d0e000-7f04d11000 r--p 0008c000 103:20 5139                          /system/lib64/platformsdk/libphonenumber_standard.z.so
7f04d11000-7f04d13000 rw-p 0008e000 103:20 5139                          /system/lib64/platformsdk/libphonenumber_standard.z.so
7f04d13000-7f04d16000 rw-p 00000000 00:00 0 
7f04d1a000-7f04d25000 rw-p 00000000 00:00 0 
7f04d25000-7f04d27000 ---p 00000000 00:00 0 
7f04d27000-7f04d2e000 rw-p 00000000 00:00 0 
7f04d2f000-7f04d30000 rw-p 00000000 00:00 0 
7f04d30000-7f04d32000 rw-p 00000000 00:00 0 
7f04d34000-7f04d40000 rw-p 00000000 00:00 0 
7f04d40000-7f04dac000 r--p 00000000 103:20 2619                          /system/lib64/chipset-sdk-sp/libprotobuf_lite.z.so
7f04dac000-7f04e57000 r-xp 0006b000 103:20 2619                          /system/lib64/chipset-sdk-sp/libprotobuf_lite.z.so
7f04e57000-7f04e5c000 r--p 00115000 103:20 2619                          /system/lib64/chipset-sdk-sp/libprotobuf_lite.z.so
7f04e5c000-7f04e5d000 rw-p 00119000 103:20 2619                          /system/lib64/chipset-sdk-sp/libprotobuf_lite.z.so
7f04e5d000-7f04e62000 rw-p 00000000 00:00 0 
7f04e68000-7f04e76000 rw-p 00000000 00:00 0 
7f04e7b000-7f04e7c000 rw-p 00000000 00:00 0 
7f04e80000-7f04e97000 r--p 00000000 103:20 4733                          /system/lib64/platformsdk/libcesfwk_innerkits.z.so
7f04e97000-7f04ea7000 r-xp 00016000 103:20 4733                          /system/lib64/platformsdk/libcesfwk_innerkits.z.so
7f04ea7000-7f04ea9000 r--p 00025000 103:20 4733                          /system/lib64/platformsdk/libcesfwk_innerkits.z.so
7f04ea9000-7f04eaa000 rw-p 00026000 103:20 4733                          /system/lib64/platformsdk/libcesfwk_innerkits.z.so
7f04eaa000-7f04eac000 rw-p 00000000 00:00 0 
7f04eae000-7f04eb3000 rw-p 00000000 00:00 0 
7f04eb4000-7f04eb9000 rw-p 00000000 00:00 0 
7f04ec0000-7f04ecb000 r--p 00000000 103:20 3227                          /system/lib64/libfileuri_native.z.so
7f04ecb000-7f04ee5000 r-xp 0000a000 103:20 3227                          /system/lib64/libfileuri_native.z.so
7f04ee5000-7f04ee7000 r--p 00023000 103:20 3227                          /system/lib64/libfileuri_native.z.so
7f04ee7000-7f04ee8000 rw-p 00024000 103:20 3227                          /system/lib64/libfileuri_native.z.so
7f04ee8000-7f04eea000 rw-p 00000000 00:00 0 
7f04ef4000-7f04f00000 rw-p 00000000 00:00 0 
7f04f00000-7f04f0c000 r--p 00000000 103:20 4713                          /system/lib64/platformsdk/libbase.z.so
7f04f0c000-7f04f14000 r-xp 0000b000 103:20 4713                          /system/lib64/platformsdk/libbase.z.so
7f04f14000-7f04f18000 r--p 00012000 103:20 4713                          /system/lib64/platformsdk/libbase.z.so
7f04f18000-7f04f19000 rw-p 00015000 103:20 4713                          /system/lib64/platformsdk/libbase.z.so
7f04f1a000-7f04f1b000 rw-p 00000000 00:00 0 
7f04f1c000-7f04f1d000 rw-p 00000000 00:00 0 
7f04f27000-7f04f28000 rw-p 00000000 00:00 0 
7f04f2e000-7f04f2f000 rw-p 00000000 00:00 0 
7f04f30000-7f04f31000 rw-p 00000000 00:00 0 
7f04f32000-7f04f37000 rw-p 00000000 00:00 0 
7f04f40000-7f04f42000 r--p 00000000 103:20 4645                          /system/lib64/platformsdk/libapi_cache_manager.z.so
7f04f42000-7f04f48000 r-xp 00001000 103:20 4645                          /system/lib64/platformsdk/libapi_cache_manager.z.so
7f04f48000-7f04f49000 r--p 00006000 103:20 4645                          /system/lib64/platformsdk/libapi_cache_manager.z.so
7f04f49000-7f04f4a000 rw-p 00006000 103:20 4645                          /system/lib64/platformsdk/libapi_cache_manager.z.so
7f04f4a000-7f04f4b000 rw-p 00000000 00:00 0 
7f04f4f000-7f04f53000 rw-p 00000000 00:00 0 
7f04f53000-7f04f54000 rw-p 00000000 00:00 0 
7f04f57000-7f04f5f000 rw-s 00000000 103:30 1070                          /data/service/el1/public/database/ability_manager_service/ability_manager_service.db-shm
7f04f5f000-7f04f60000 rw-s 00000000 103:30 1062                          /data/service/el1/public/database/ability_manager_service/ability_manager_service.db-dwr
7f04f60000-7f04f61000 rw-p 00000000 00:00 0 
7f04f80000-7f04f8a000 r--p 00000000 103:20 5334                          /system/lib64/platformsdk/libwmutil_base.z.so
7f04f8a000-7f04f9a000 r-xp 00009000 103:20 5334                          /system/lib64/platformsdk/libwmutil_base.z.so
7f04f9a000-7f04f9d000 r--p 00018000 103:20 5334                          /system/lib64/platformsdk/libwmutil_base.z.so
7f04f9d000-7f04f9e000 rw-p 0001a000 103:20 5334                          /system/lib64/platformsdk/libwmutil_base.z.so
7f04f9e000-7f04fa0000 rw-p 00000000 00:00 0 
7f04fb8000-7f04fbb000 rw-p 00000000 00:00 0 
7f04fbb000-7f04fbc000 rw-p 00000000 00:00 0 
7f04fbd000-7f04fbe000 rw-p 00000000 00:00 0 
7f04fc0000-7f0502c000 r--p 00000000 103:20 4656                          /system/lib64/platformsdk/libappexecfwk_base.z.so
7f0502c000-7f05183000 r-xp 0006b000 103:20 4656                          /system/lib64/platformsdk/libappexecfwk_base.z.so
7f05183000-7f0518f000 r--p 001c1000 103:20 4656                          /system/lib64/platformsdk/libappexecfwk_base.z.so
7f0518f000-7f05191000 rw-p 001cc000 103:20 4656                          /system/lib64/platformsdk/libappexecfwk_base.z.so
7f05191000-7f05192000 rw-p 00000000 00:00 0 
7f05194000-7f05195000 rw-p 00000000 00:00 0 
7f05199000-7f051c0000 rw-p 00000000 00:00 0 
7f051c0000-7f051c2000 r--p 00000000 103:20 3299                          /system/lib64/libhisysevent_report.z.so
7f051c2000-7f051c7000 r-xp 00001000 103:20 3299                          /system/lib64/libhisysevent_report.z.so
7f051c7000-7f051c8000 r--p 00005000 103:20 3299                          /system/lib64/libhisysevent_report.z.so
7f051c8000-7f051c9000 rw-p 00005000 103:20 3299                          /system/lib64/libhisysevent_report.z.so
7f051c9000-7f051cb000 rw-p 00000000 00:00 0 
7f051cf000-7f051d0000 rw-p 00000000 00:00 0 
7f051d0000-7f051d1000 rw-s 00000000 103:30 1062                          /data/service/el1/public/database/ability_manager_service/ability_manager_service.db-dwr
7f051d1000-7f051d2000 rw-s 00000000 103:30 1062                          /data/service/el1/public/database/ability_manager_service/ability_manager_service.db-dwr
7f051d2000-7f051d4000 rw-p 00000000 00:00 0 
7f051dd000-7f051f4000 rw-p 00000000 00:00 0 
7f05200000-7f05231000 r--p 00000000 103:20 5232                          /system/lib64/platformsdk/libsqlite.z.so
7f05231000-7f05376000 r-xp 00030000 103:20 5232                          /system/lib64/platformsdk/libsqlite.z.so
7f05376000-7f0537a000 r--p 00174000 103:20 5232                          /system/lib64/platformsdk/libsqlite.z.so
7f0537a000-7f0537e000 rw-p 00177000 103:20 5232                          /system/lib64/platformsdk/libsqlite.z.so
7f0537e000-7f05380000 rw-p 00000000 00:00 0 
7f05380000-7f05387000 r--p 00000000 103:20 2577                          /system/lib64/chipset-sdk/libxperfservice_client.z.so
7f05387000-7f0538f000 r-xp 00006000 103:20 2577                          /system/lib64/chipset-sdk/libxperfservice_client.z.so
7f0538f000-7f05393000 r--p 0000d000 103:20 2577                          /system/lib64/chipset-sdk/libxperfservice_client.z.so
7f05393000-7f05394000 rw-p 00010000 103:20 2577                          /system/lib64/chipset-sdk/libxperfservice_client.z.so
7f05394000-7f05396000 rw-p 00000000 00:00 0 
7f053a7000-7f053a9000 ---p 00000000 00:00 0 
7f053a9000-7f053c0000 rw-p 00000000 00:00 0 
7f053c0000-7f053d4000 r--p 00000000 103:20 5145                          /system/lib64/platformsdk/libpluginmanager.z.so
7f053d4000-7f053f2000 r-xp 00013000 103:20 5145                          /system/lib64/platformsdk/libpluginmanager.z.so
7f053f2000-7f053f4000 r--p 00030000 103:20 5145                          /system/lib64/platformsdk/libpluginmanager.z.so
7f053f4000-7f053f5000 rw-p 00031000 103:20 5145                          /system/lib64/platformsdk/libpluginmanager.z.so
7f053f5000-7f053f7000 rw-p 00000000 00:00 0 
7f053f7000-7f053f9000 ---p 00000000 00:00 0 
7f053f9000-7f05400000 rw-p 00000000 00:00 0 
7f05400000-7f0624e000 r--p 00000000 103:20 3629                          /system/lib64/libskia_canvaskit.z.so
7f0624e000-7f06f35000 r-xp 00e4d000 103:20 3629                          /system/lib64/libskia_canvaskit.z.so
7f06f35000-7f06f8c000 r--p 01b33000 103:20 3629                          /system/lib64/libskia_canvaskit.z.so
7f06f8c000-7f06f90000 rw-p 01b89000 103:20 3629                          /system/lib64/libskia_canvaskit.z.so
7f06f90000-7f06f9b000 rw-p 00000000 00:00 0 
7f06f9b000-7f06fc0000 rw-p 00000000 00:00 0 
7f06fc0000-7f06fd3000 r--p 00000000 103:20 2614                          /system/lib64/chipset-sdk-sp/libjsoncpp.z.so
7f06fd3000-7f06ff3000 r-xp 00012000 103:20 2614                          /system/lib64/chipset-sdk-sp/libjsoncpp.z.so
7f06ff3000-7f06ff5000 r--p 00031000 103:20 2614                          /system/lib64/chipset-sdk-sp/libjsoncpp.z.so
7f06ff5000-7f06ff6000 rw-p 00032000 103:20 2614                          /system/lib64/chipset-sdk-sp/libjsoncpp.z.so
7f06ff6000-7f06ff7000 rw-p 00000000 00:00 0 
7f06ff7000-7f06ff9000 ---p 00000000 00:00 0 
7f06ff9000-7f07000000 rw-p 00000000 00:00 0 
7f07000000-7f07004000 r--p 00000000 103:20 2600                          /system/lib64/chipset-sdk-sp/libdisplay_buffer_proxy_1.4.z.so
7f07004000-7f07008000 r-xp 00003000 103:20 2600                          /system/lib64/chipset-sdk-sp/libdisplay_buffer_proxy_1.4.z.so
7f07008000-7f0700a000 r--p 00006000 103:20 2600                          /system/lib64/chipset-sdk-sp/libdisplay_buffer_proxy_1.4.z.so
7f0700a000-7f0700b000 rw-p 00007000 103:20 2600                          /system/lib64/chipset-sdk-sp/libdisplay_buffer_proxy_1.4.z.so
7f0700b000-7f07021000 rw-p 00000000 00:00 0 
7f07024000-7f07025000 r--s 00000000 00:13 142                            /dev/__parameters__/u:object_r:update_updater_param:s0
7f07025000-7f07031000 rw-p 00000000 00:00 0 
7f07031000-7f07040000 rw-p 00000000 00:00 0 
7f07040000-7f0704c000 r--p 00000000 103:20 4606                          /system/lib64/platformsdk/libabsl_strings.z.so
7f0704c000-7f07058000 r-xp 0000b000 103:20 4606                          /system/lib64/platformsdk/libabsl_strings.z.so
7f07058000-7f07059000 r--p 00016000 103:20 4606                          /system/lib64/platformsdk/libabsl_strings.z.so
7f07059000-7f0705a000 rw-p 00016000 103:20 4606                          /system/lib64/platformsdk/libabsl_strings.z.so
7f0705a000-7f07080000 rw-p 00000000 00:00 0 
7f07080000-7f0708a000 r--p 00000000 103:20 5094                          /system/lib64/platformsdk/libnative_dataability.z.so
7f0708a000-7f07093000 r-xp 00009000 103:20 5094                          /system/lib64/platformsdk/libnative_dataability.z.so
7f07093000-7f07097000 r--p 00011000 103:20 5094                          /system/lib64/platformsdk/libnative_dataability.z.so
7f07097000-7f07098000 rw-p 00014000 103:20 5094                          /system/lib64/platformsdk/libnative_dataability.z.so
7f07098000-7f0709e000 rw-p 00000000 00:00 0 
7f0709e000-7f070a0000 r--s 00000000 00:13 77                             /dev/__parameters__/u:object_r:ohos_boot_param:s0
7f070a0000-7f070a2000 ---p 00000000 00:00 0 
7f070a2000-7f070ab000 rw-p 00000000 00:00 0 
7f070ab000-7f070b0000 r--s 00000000 00:13 122                            /dev/__parameters__/u:object_r:bms_param:s0
7f070b0000-7f070c0000 rw-p 00000000 00:00 0 
7f070c0000-7f07117000 r--p 00000000 103:20 5076                          /system/lib64/platformsdk/libmmi-client.z.so
7f07117000-7f071cb000 r-xp 00056000 103:20 5076                          /system/lib64/platformsdk/libmmi-client.z.so
7f071cb000-7f071d3000 r--p 00109000 103:20 5076                          /system/lib64/platformsdk/libmmi-client.z.so
7f071d3000-7f071d5000 rw-p 00110000 103:20 5076                          /system/lib64/platformsdk/libmmi-client.z.so
7f071d5000-7f071d7000 rw-p 00000000 00:00 0 
7f071d7000-7f071d9000 ---p 00000000 00:00 0 
7f071d9000-7f07200000 rw-p 00000000 00:00 0 
7f07200000-7f07219000 r--p 00000000 103:20 3158                          /system/lib64/libdlpparse.z.so
7f07219000-7f07254000 r-xp 00018000 103:20 3158                          /system/lib64/libdlpparse.z.so
7f07254000-7f07258000 r--p 00052000 103:20 3158                          /system/lib64/libdlpparse.z.so
7f07258000-7f07259000 rw-p 00055000 103:20 3158                          /system/lib64/libdlpparse.z.so
7f07259000-7f0725c000 rw-p 00000000 00:00 0 
7f0725c000-7f0725e000 ---p 00000000 00:00 0 
7f0725e000-7f0726e000 rw-p 00000000 00:00 0 
7f0726e000-7f07270000 ---p 00000000 00:00 0 
7f07270000-7f07277000 rw-p 00000000 00:00 0 
7f07277000-7f07279000 ---p 00000000 00:00 0 
7f07279000-7f07280000 rw-p 00000000 00:00 0 
7f07280000-7f07281000 r--p 00000000 103:20 5271                          /system/lib64/platformsdk/libtokenid_sdk.z.so
7f07281000-7f07284000 r-xp 00000000 103:20 5271                          /system/lib64/platformsdk/libtokenid_sdk.z.so
7f07284000-7f07285000 r--p 00002000 103:20 5271                          /system/lib64/platformsdk/libtokenid_sdk.z.so
7f07285000-7f07286000 rw-p 00002000 103:20 5271                          /system/lib64/platformsdk/libtokenid_sdk.z.so
7f07286000-7f07287000 rw-p 00000000 00:00 0 
7f07287000-7f07289000 ---p 00000000 00:00 0 
7f07289000-7f072c0000 rw-p 00000000 00:00 0 
7f072c0000-7f072c6000 r--p 00000000 103:20 4958                          /system/lib64/platformsdk/libextension_manager.z.so
7f072c6000-7f072cd000 r-xp 00005000 103:20 4958                          /system/lib64/platformsdk/libextension_manager.z.so
7f072cd000-7f072ce000 r--p 0000b000 103:20 4958                          /system/lib64/platformsdk/libextension_manager.z.so
7f072ce000-7f072cf000 rw-p 0000b000 103:20 4958                          /system/lib64/platformsdk/libextension_manager.z.so
7f072cf000-7f072d0000 rw-p 00000000 00:00 0 
7f072d0000-7f072d1000 r--s 00000000 00:13 136                            /dev/__parameters__/u:object_r:input_pointer_device_param:s0
7f072d1000-7f072e5000 rw-p 00000000 00:00 0 
7f072e5000-7f072e7000 ---p 00000000 00:00 0 
7f072e7000-7f07301000 rw-p 00000000 00:00 0 
7f07301000-7f07303000 ---p 00000000 00:00 0 
7f07303000-7f0730d000 rw-p 00000000 00:00 0 
7f0730d000-7f0730f000 rw-p 00000000 00:00 0 
7f07310000-7f07314000 rw-p 00000000 00:00 0 
7f07314000-7f07316000 ---p 00000000 00:00 0 
7f07316000-7f07327000 rw-p 00000000 00:00 0 
7f07328000-7f07335000 rw-p 00000000 00:00 0 
7f07335000-7f0733e000 rw-p 00000000 00:00 0 
7f0733e000-7f07342000 rw-p 00000000 00:00 0 
7f07342000-7f07344000 ---p 00000000 00:00 0 
7f07344000-7f0735b000 rw-p 00000000 00:00 0 
7f0735b000-7f07380000 r--s 00000000 103:20 938                           /system/etc/icu_tzdata/zoneinfo64.res
7f07380000-7f07398000 r--p 00000000 103:20 4883                          /system/lib64/platformsdk/libdatashare_common.z.so
7f07398000-7f073d1000 r-xp 00017000 103:20 4883                          /system/lib64/platformsdk/libdatashare_common.z.so
7f073d1000-7f073d6000 r--p 0004f000 103:20 4883                          /system/lib64/platformsdk/libdatashare_common.z.so
7f073d6000-7f073d7000 rw-p 00053000 103:20 4883                          /system/lib64/platformsdk/libdatashare_common.z.so
7f073d7000-7f073dc000 rw-p 00000000 00:00 0 
7f073dc000-7f073e2000 r--s 00000000 103:20 936                           /system/etc/icu_tzdata/timezoneTypes.res
7f073e2000-7f073e4000 ---p 00000000 00:00 0 
7f073e4000-7f073eb000 rw-p 00000000 00:00 0 
7f073ff000-7f07424000 rw-p 00000000 00:00 0 
7f0742d000-7f0742f000 rw-p 00000000 00:00 0 
7f0742f000-7f07438000 rw-p 00000000 00:00 0 
7f0743c000-7f0743d000 rw-p 00000000 00:00 0 
7f0743d000-7f0743e000 rw-s 00000000 103:30 1062                          /data/service/el1/public/database/ability_manager_service/ability_manager_service.db-dwr
7f0743e000-7f07440000 rw-p 00000000 00:00 0 
7f07440000-7f07441000 rw-s 00000000 103:30 1062                          /data/service/el1/public/database/ability_manager_service/ability_manager_service.db-dwr
7f07480000-7f0749b000 r--p 00000000 103:20 5027                          /system/lib64/platformsdk/libinputmethod_client.z.so
7f0749b000-7f074f0000 r-xp 0001a000 103:20 5027                          /system/lib64/platformsdk/libinputmethod_client.z.so
7f074f0000-7f074f8000 r--p 0006e000 103:20 5027                          /system/lib64/platformsdk/libinputmethod_client.z.so
7f074f8000-7f074f9000 rw-p 00075000 103:20 5027                          /system/lib64/platformsdk/libinputmethod_client.z.so
7f074f9000-7f07500000 rw-p 00000000 00:00 0 
7f07500000-7f07527000 r--p 00000000 103:20 5333                          /system/lib64/platformsdk/libwmutil.z.so
7f07527000-7f0756b000 r-xp 00026000 103:20 5333                          /system/lib64/platformsdk/libwmutil.z.so
7f0756b000-7f0756f000 r--p 00069000 103:20 5333                          /system/lib64/platformsdk/libwmutil.z.so
7f0756f000-7f07570000 rw-p 0006c000 103:20 5333                          /system/lib64/platformsdk/libwmutil.z.so
7f07570000-7f07572000 rw-p 00000000 00:00 0 
7f0757b000-7f0757c000 rw-p 00000000 00:00 0 
7f07585000-7f0758a000 rw-p 00000000 00:00 0 
7f0758b000-7f0758d000 rw-p 00000000 00:00 0 
7f0758d000-7f0758e000 r--s 00000000 00:13 117                            /dev/__parameters__/u:object_r:i18n_param:s0
7f0758e000-7f07591000 rw-p 00000000 00:00 0 
7f0759a000-7f075a2000 rw-p 00000000 00:00 0 
7f075ba000-7f07600000 r--s 00000000 103:20 1855                          /system/etc/zoneinfo/tzdata
7f07600000-7f07604000 r--p 00000000 103:20 5024                          /system/lib64/platformsdk/libimageformatagent.z.so
7f07604000-7f0760b000 r-xp 00003000 103:20 5024                          /system/lib64/platformsdk/libimageformatagent.z.so
7f0760b000-7f0760c000 r--p 00009000 103:20 5024                          /system/lib64/platformsdk/libimageformatagent.z.so
7f0760c000-7f0760d000 rw-p 00009000 103:20 5024                          /system/lib64/platformsdk/libimageformatagent.z.so
7f0760d000-7f0760e000 rw-p 00000000 00:00 0 
7f07637000-7f07639000 ---p 00000000 00:00 0 
7f07639000-7f07640000 rw-p 00000000 00:00 0 
7f07640000-7f0765e000 r--p 00000000 103:20 4580                          /system/lib64/platformsdk/libGLESv3.so
7f0765e000-7f0768f000 r-xp 0001d000 103:20 4580                          /system/lib64/platformsdk/libGLESv3.so
7f0768f000-7f07690000 r--p 0004d000 103:20 4580                          /system/lib64/platformsdk/libGLESv3.so
7f07690000-7f07691000 rw-p 0004d000 103:20 4580                          /system/lib64/platformsdk/libGLESv3.so
7f07691000-7f07693000 rw-p 00000000 00:00 0 
7f076a7000-7f076a9000 ---p 00000000 00:00 0 
7f076a9000-7f076c0000 rw-p 00000000 00:00 0 
7f076c0000-7f076d3000 r--p 00000000 103:20 3134                          /system/lib64/libdistributed_device_profile_sdk.z.so
7f076d3000-7f076f9000 r-xp 00012000 103:20 3134                          /system/lib64/libdistributed_device_profile_sdk.z.so
7f076f9000-7f076ff000 r--p 00037000 103:20 3134                          /system/lib64/libdistributed_device_profile_sdk.z.so
7f076ff000-7f07700000 rw-p 0003c000 103:20 3134                          /system/lib64/libdistributed_device_profile_sdk.z.so
7f07700000-7f0773d000 r--p 00000000 103:20 4628                          /system/lib64/platformsdk/libace_napi.z.so
7f0773d000-7f0779c000 r-xp 0003c000 103:20 4628                          /system/lib64/platformsdk/libace_napi.z.so
7f0779c000-7f077a1000 r--p 0009a000 103:20 4628                          /system/lib64/platformsdk/libace_napi.z.so
7f077a1000-7f077a2000 rw-p 0009e000 103:20 4628                          /system/lib64/platformsdk/libace_napi.z.so
7f077a2000-7f077a4000 rw-p 00000000 00:00 0 
7f077a4000-7f077b8000 rw-p 00000000 00:00 0 
7f077c0000-7f077c5000 r--p 00000000 103:20 4714                          /system/lib64/platformsdk/libbatterysrv_client.z.so
7f077c5000-7f077ce000 r-xp 00004000 103:20 4714                          /system/lib64/platformsdk/libbatterysrv_client.z.so
7f077ce000-7f077cf000 r--p 0000c000 103:20 4714                          /system/lib64/platformsdk/libbatterysrv_client.z.so
7f077cf000-7f077d0000 rw-p 0000c000 103:20 4714                          /system/lib64/platformsdk/libbatterysrv_client.z.so
7f077d0000-7f077dd000 rw-p 00000000 00:00 0 
7f077e9000-7f07800000 rw-p 00000000 00:00 0 
7f07800000-7f07803000 r--p 00000000 103:20 2587                          /system/lib64/chipset-sdk-sp/libcjson.z.so
7f07803000-7f07809000 r-xp 00002000 103:20 2587                          /system/lib64/chipset-sdk-sp/libcjson.z.so
7f07809000-7f0780a000 r--p 00007000 103:20 2587                          /system/lib64/chipset-sdk-sp/libcjson.z.so
7f0780a000-7f0780b000 rw-p 00007000 103:20 2587                          /system/lib64/chipset-sdk-sp/libcjson.z.so
7f0780b000-7f0780c000 rw-p 00000000 00:00 0 
7f0780d000-7f0780f000 rw-p 00000000 00:00 0 
7f0780f000-7f07811000 ---p 00000000 00:00 0 
7f07811000-7f07819000 rw-p 00000000 00:00 0 
7f0781a000-7f07822000 rw-p 00000000 00:00 0 
7f07822000-7f07824000 ---p 00000000 00:00 0 
7f07824000-7f07840000 rw-p 00000000 00:00 0 
7f07840000-7f0784b000 r--p 00000000 103:20 5155                          /system/lib64/platformsdk/libprivacy_sdk.z.so
7f0784b000-7f07862000 r-xp 0000a000 103:20 5155                          /system/lib64/platformsdk/libprivacy_sdk.z.so
7f07862000-7f07868000 r--p 00020000 103:20 5155                          /system/lib64/platformsdk/libprivacy_sdk.z.so
7f07868000-7f07869000 rw-p 00025000 103:20 5155                          /system/lib64/platformsdk/libprivacy_sdk.z.so
7f0786a000-7f0786c000 rw-p 00000000 00:00 0 
7f0786d000-7f0788c000 rw-p 00000000 00:00 0 
7f0788c000-7f0791e000 rw-p 00000000 00:00 0 
7f07ac0000-7f07ae8000 r--p 00000000 103:20 4685                          /system/lib64/platformsdk/libaudio_policy_client.z.so
7f07ae8000-7f07b27000 r-xp 00027000 103:20 4685                          /system/lib64/platformsdk/libaudio_policy_client.z.so
7f07b27000-7f07b30000 r--p 00065000 103:20 4685                          /system/lib64/platformsdk/libaudio_policy_client.z.so
7f07b30000-7f07b31000 rw-p 0006d000 103:20 4685                          /system/lib64/platformsdk/libaudio_policy_client.z.so
7f07b31000-7f07b32000 rw-p 00000000 00:00 0 
7f07b40000-7f07b63000 r--p 00000000 103:20 4687                          /system/lib64/platformsdk/libaudio_policy_manager.z.so
7f07b63000-7f07b7d000 r-xp 00022000 103:20 4687                          /system/lib64/platformsdk/libaudio_policy_manager.z.so
7f07b7d000-7f07b80000 r--p 0003b000 103:20 4687                          /system/lib64/platformsdk/libaudio_policy_manager.z.so
7f07b80000-7f07b81000 rw-p 0003d000 103:20 4687                          /system/lib64/platformsdk/libaudio_policy_manager.z.so
7f07b81000-7f07b82000 rw-p 00000000 00:00 0 
7f07bc0000-7f07bcb000 r--p 00000000 103:20 2883                          /system/lib64/libav_codec_service_dfx.z.so
7f07bcb000-7f07be1000 r-xp 0000a000 103:20 2883                          /system/lib64/libav_codec_service_dfx.z.so
7f07be1000-7f07be3000 r--p 0001f000 103:20 2883                          /system/lib64/libav_codec_service_dfx.z.so
7f07be3000-7f07be4000 rw-p 00020000 103:20 2883                          /system/lib64/libav_codec_service_dfx.z.so
7f07c00000-7f07c03000 r--p 00000000 103:20 2884                          /system/lib64/libav_codec_service_utils.z.so
7f07c03000-7f07c08000 r-xp 00002000 103:20 2884                          /system/lib64/libav_codec_service_utils.z.so
7f07c08000-7f07c09000 r--p 00006000 103:20 2884                          /system/lib64/libav_codec_service_utils.z.so
7f07c09000-7f07c0a000 rw-p 00006000 103:20 2884                          /system/lib64/libav_codec_service_utils.z.so
7f07c80000-7f07c88000 r--p 00000000 103:20 4681                          /system/lib64/platformsdk/libaudio_foundation.z.so
7f07c88000-7f07c98000 r-xp 00007000 103:20 4681                          /system/lib64/platformsdk/libaudio_foundation.z.so
7f07c98000-7f07c9a000 r--p 00016000 103:20 4681                          /system/lib64/platformsdk/libaudio_foundation.z.so
7f07c9a000-7f07c9b000 rw-p 00017000 103:20 4681                          /system/lib64/platformsdk/libaudio_foundation.z.so
7f07cc0000-7f07cc9000 r--p 00000000 103:20 5071                          /system/lib64/platformsdk/libmiscdevice_utils.z.so
7f07cc9000-7f07cd3000 r-xp 00008000 103:20 5071                          /system/lib64/platformsdk/libmiscdevice_utils.z.so
7f07cd3000-7f07cd5000 r--p 00011000 103:20 5071                          /system/lib64/platformsdk/libmiscdevice_utils.z.so
7f07cd5000-7f07cd6000 rw-p 00012000 103:20 5071                          /system/lib64/platformsdk/libmiscdevice_utils.z.so
7f07d00000-7f07d21000 r--p 00000000 103:20 4677                          /system/lib64/platformsdk/libaudio_client.z.so
7f07d21000-7f07d32000 r-xp 00020000 103:20 4677                          /system/lib64/platformsdk/libaudio_client.z.so
7f07d32000-7f07d35000 r--p 00030000 103:20 4677                          /system/lib64/platformsdk/libaudio_client.z.so
7f07d35000-7f07d36000 rw-p 00032000 103:20 4677                          /system/lib64/platformsdk/libaudio_client.z.so
7f07d40000-7f07d94000 r--p 00000000 103:20 2881                          /system/lib64/libav_codec_media_engine_modules.z.so
7f07d94000-7f07e33000 r-xp 00053000 103:20 2881                          /system/lib64/libav_codec_media_engine_modules.z.so
7f07e33000-7f07e3a000 r--p 000f1000 103:20 2881                          /system/lib64/libav_codec_media_engine_modules.z.so
7f07e3a000-7f07e3b000 rw-p 000f7000 103:20 2881                          /system/lib64/libav_codec_media_engine_modules.z.so
7f07e3b000-7f07e3c000 rw-p 00000000 00:00 0 
7f07e40000-7f07e76000 r--p 00000000 103:20 4691                          /system/lib64/platformsdk/libaudio_stream_client.z.so
7f07e76000-7f07eb2000 r-xp 00035000 103:20 4691                          /system/lib64/platformsdk/libaudio_stream_client.z.so
7f07eb2000-7f07eb8000 r--p 00070000 103:20 4691                          /system/lib64/platformsdk/libaudio_stream_client.z.so
7f07eb8000-7f07eb9000 rw-p 00075000 103:20 4691                          /system/lib64/platformsdk/libaudio_stream_client.z.so
7f07eb9000-7f07ebc000 rw-p 00000000 00:00 0 
7f07f00000-7f07f0e000 r--p 00000000 103:20 4680                          /system/lib64/platformsdk/libaudio_engine_manager.z.so
7f07f0e000-7f07f1e000 r-xp 0000d000 103:20 4680                          /system/lib64/platformsdk/libaudio_engine_manager.z.so
7f07f1e000-7f07f22000 r--p 0001c000 103:20 4680                          /system/lib64/platformsdk/libaudio_engine_manager.z.so
7f07f22000-7f07f23000 rw-p 0001f000 103:20 4680                          /system/lib64/platformsdk/libaudio_engine_manager.z.so
7f07f23000-7f07f24000 rw-p 00000000 00:00 0 
7f07f40000-7f07f90000 r--p 00000000 103:20 2868                          /system/lib64/libaudio_framework_interface.z.so
7f07f90000-7f08075000 r-xp 0004f000 103:20 2868                          /system/lib64/libaudio_framework_interface.z.so
7f08075000-7f08099000 r--p 00133000 103:20 2868                          /system/lib64/libaudio_framework_interface.z.so
7f08099000-7f0809a000 rw-p 00156000 103:20 2868                          /system/lib64/libaudio_framework_interface.z.so
7f0809a000-7f0809d000 rw-p 00000000 00:00 0 
7f080c0000-7f080ce000 r--p 00000000 103:20 2998                          /system/lib64/libcodec_proxy_4.0.z.so
7f080ce000-7f080de000 r-xp 0000d000 103:20 2998                          /system/lib64/libcodec_proxy_4.0.z.so
7f080de000-7f080e1000 r--p 0001c000 103:20 2998                          /system/lib64/libcodec_proxy_4.0.z.so
7f080e1000-7f080e2000 rw-p 0001e000 103:20 2998                          /system/lib64/libcodec_proxy_4.0.z.so
7f08100000-7f08121000 r--p 00000000 103:20 2870                          /system/lib64/libaudio_policy_client_idl_interface.z.so
7f08121000-7f08184000 r-xp 00020000 103:20 2870                          /system/lib64/libaudio_policy_client_idl_interface.z.so
7f08184000-7f08192000 r--p 00082000 103:20 2870                          /system/lib64/libaudio_policy_client_idl_interface.z.so
7f08192000-7f08193000 rw-p 0008f000 103:20 2870                          /system/lib64/libaudio_policy_client_idl_interface.z.so
7f08193000-7f08194000 rw-p 00000000 00:00 0 
7f081c0000-7f08228000 r--p 00000000 103:20 4704                          /system/lib64/platformsdk/libav_codec_client.z.so
7f08228000-7f082c6000 r-xp 00067000 103:20 4704                          /system/lib64/platformsdk/libav_codec_client.z.so
7f082c6000-7f082d2000 r--p 00104000 103:20 4704                          /system/lib64/platformsdk/libav_codec_client.z.so
7f082d2000-7f082d3000 rw-p 0010f000 103:20 4704                          /system/lib64/platformsdk/libav_codec_client.z.so
7f082d3000-7f082d4000 rw-p 00000000 00:00 0 
7f08380000-7f08b80000 rw-p 00000000 00:00 0 
7f08b80000-7f08b88000 r--p 00000000 103:20 2874                          /system/lib64/libaudio_schedule.z.so
7f08b88000-7f08b95000 r-xp 00007000 103:20 2874                          /system/lib64/libaudio_schedule.z.so
7f08b95000-7f08b96000 r--p 00013000 103:20 2874                          /system/lib64/libaudio_schedule.z.so
7f08b96000-7f08b97000 rw-p 00013000 103:20 2874                          /system/lib64/libaudio_schedule.z.so
7f08b97000-7f08b98000 rw-p 00000000 00:00 0 
7f08bc0000-7f08c06000 r--p 00000000 103:20 5055                          /system/lib64/platformsdk/libmedia_foundation.z.so
7f08c06000-7f08c74000 r-xp 00045000 103:20 5055                          /system/lib64/platformsdk/libmedia_foundation.z.so
7f08c74000-7f08c7c000 r--p 000b2000 103:20 5055                          /system/lib64/platformsdk/libmedia_foundation.z.so
7f08c7c000-7f08c7d000 rw-p 000b9000 103:20 5055                          /system/lib64/platformsdk/libmedia_foundation.z.so
7f08c7d000-7f08c7e000 rw-p 00000000 00:00 0 
7f08c80000-7f08c9a000 r--p 00000000 103:20 4688                          /system/lib64/platformsdk/libaudio_renderer.z.so
7f08c9a000-7f08cc1000 r-xp 00019000 103:20 4688                          /system/lib64/platformsdk/libaudio_renderer.z.so
7f08cc1000-7f08cc5000 r--p 0003f000 103:20 4688                          /system/lib64/platformsdk/libaudio_renderer.z.so
7f08cc5000-7f08cc6000 rw-p 00042000 103:20 4688                          /system/lib64/platformsdk/libaudio_renderer.z.so
7f08d00000-7f08d16000 r--p 00000000 103:20 5063                          /system/lib64/platformsdk/libmedia_service_utils.z.so
7f08d16000-7f08d48000 r-xp 00015000 103:20 5063                          /system/lib64/platformsdk/libmedia_service_utils.z.so
7f08d48000-7f08d4b000 r--p 00046000 103:20 5063                          /system/lib64/platformsdk/libmedia_service_utils.z.so
7f08d4b000-7f08d4c000 rw-p 00048000 103:20 5063                          /system/lib64/platformsdk/libmedia_service_utils.z.so
7f08d80000-7f08db1000 r--p 00000000 103:20 3736                          /system/lib64/libvideoprocessingengine.z.so
7f08db1000-7f08e10000 r-xp 00030000 103:20 3736                          /system/lib64/libvideoprocessingengine.z.so
7f08e10000-7f08e18000 r--p 0008e000 103:20 3736                          /system/lib64/libvideoprocessingengine.z.so
7f08e18000-7f08e19000 rw-p 00095000 103:20 3736                          /system/lib64/libvideoprocessingengine.z.so
7f08e19000-7f08e21000 rw-p 00000000 00:00 0 
7f08e40000-7f08e67000 r--p 00000000 103:20 5000                          /system/lib64/platformsdk/libhiappevent_base.z.so
7f08e67000-7f08ebc000 r-xp 00026000 103:20 5000                          /system/lib64/platformsdk/libhiappevent_base.z.so
7f08ebc000-7f08ec0000 r--p 0007a000 103:20 5000                          /system/lib64/platformsdk/libhiappevent_base.z.so
7f08ec0000-7f08ec1000 rw-p 0007d000 103:20 5000                          /system/lib64/platformsdk/libhiappevent_base.z.so
7f08ec1000-7f08ec5000 rw-p 00000000 00:00 0 
7f08f00000-7f08f10000 r--p 00000000 103:20 4682                          /system/lib64/platformsdk/libaudio_haptic.z.so
7f08f10000-7f08f27000 r-xp 0000f000 103:20 4682                          /system/lib64/platformsdk/libaudio_haptic.z.so
7f08f27000-7f08f29000 r--p 00025000 103:20 4682                          /system/lib64/platformsdk/libaudio_haptic.z.so
7f08f29000-7f08f2a000 rw-p 00026000 103:20 4682                          /system/lib64/platformsdk/libaudio_haptic.z.so
7f08f80000-7f08f95000 r--p 00000000 103:20 4676                          /system/lib64/platformsdk/libaudio_capturer.z.so
7f08f95000-7f08fb9000 r-xp 00014000 103:20 4676                          /system/lib64/platformsdk/libaudio_capturer.z.so
7f08fb9000-7f08fbc000 r--p 00037000 103:20 4676                          /system/lib64/platformsdk/libaudio_capturer.z.so
7f08fbc000-7f08fbd000 rw-p 00039000 103:20 4676                          /system/lib64/platformsdk/libaudio_capturer.z.so
7f08fc0000-7f08fda000 r--p 00000000 103:20 3559                          /system/lib64/libreminder.z.so
7f08fda000-7f0902d000 r-xp 00019000 103:20 3559                          /system/lib64/libreminder.z.so
7f0902d000-7f09033000 r--p 0006b000 103:20 3559                          /system/lib64/libreminder.z.so
7f09033000-7f09034000 rw-p 00070000 103:20 3559                          /system/lib64/libreminder.z.so
7f09034000-7f09036000 rw-p 00000000 00:00 0 
7f09040000-7f09045000 r--p 00000000 103:20 5061                          /system/lib64/platformsdk/libmedia_monitor_common.z.so
7f09045000-7f0904c000 r-xp 00004000 103:20 5061                          /system/lib64/platformsdk/libmedia_monitor_common.z.so
7f0904c000-7f0904d000 r--p 0000a000 103:20 5061                          /system/lib64/platformsdk/libmedia_monitor_common.z.so
7f0904d000-7f0904e000 rw-p 0000a000 103:20 5061                          /system/lib64/platformsdk/libmedia_monitor_common.z.so
7f09080000-7f09098000 r--p 00000000 103:20 5248                          /system/lib64/platformsdk/libsystem_sound_client.z.so
7f09098000-7f090eb000 r-xp 00017000 103:20 5248                          /system/lib64/platformsdk/libsystem_sound_client.z.so
7f090eb000-7f090ed000 r--p 00069000 103:20 5248                          /system/lib64/platformsdk/libsystem_sound_client.z.so
7f090ed000-7f090ee000 rw-p 0006a000 103:20 5248                          /system/lib64/platformsdk/libsystem_sound_client.z.so
7f090ee000-7f090f3000 rw-p 00000000 00:00 0 
7f09100000-7f09104000 r--p 00000000 103:20 5130                          /system/lib64/platformsdk/libopencl_wrapper.so
7f09104000-7f09108000 r-xp 00003000 103:20 5130                          /system/lib64/platformsdk/libopencl_wrapper.so
7f09108000-7f0910a000 r--p 00006000 103:20 5130                          /system/lib64/platformsdk/libopencl_wrapper.so
7f0910a000-7f0910b000 rw-p 00007000 103:20 5130                          /system/lib64/platformsdk/libopencl_wrapper.so
7f09140000-7f09142000 r--p 00000000 103:20 3586                          /system/lib64/librtg_interface.z.so
7f09142000-7f09144000 r-xp 00001000 103:20 3586                          /system/lib64/librtg_interface.z.so
7f09144000-7f09145000 r--p 00002000 103:20 3586                          /system/lib64/librtg_interface.z.so
7f09145000-7f09146000 rw-p 00002000 103:20 3586                          /system/lib64/librtg_interface.z.so
7f09180000-7f0919c000 r--p 00000000 103:20 4693                          /system/lib64/platformsdk/libaudio_utils.z.so
7f0919c000-7f091de000 r-xp 0001b000 103:20 4693                          /system/lib64/platformsdk/libaudio_utils.z.so
7f091de000-7f091e1000 r--p 0005c000 103:20 4693                          /system/lib64/platformsdk/libaudio_utils.z.so
7f091e1000-7f091e2000 rw-p 0005e000 103:20 4693                          /system/lib64/platformsdk/libaudio_utils.z.so
7f09200000-7f09237000 r--p 00000000 103:20 5054                          /system/lib64/platformsdk/libmedia_client.z.so
7f09237000-7f092ed000 r-xp 00036000 103:20 5054                          /system/lib64/platformsdk/libmedia_client.z.so
7f092ed000-7f092fc000 r--p 000eb000 103:20 5054                          /system/lib64/platformsdk/libmedia_client.z.so
7f092fc000-7f092fd000 rw-p 000f9000 103:20 5054                          /system/lib64/platformsdk/libmedia_client.z.so
7f092fd000-7f092ff000 rw-p 00000000 00:00 0 
7f09309000-7f0930b000 ---p 00000000 00:00 0 
7f0930b000-7f09b0c000 rw-p 00000000 00:00 0 
7f09b15000-7f09b25000 rw-p 00000000 00:00 0 
7f09b80000-7f09b82000 r--p 00000000 103:20 5230                          /system/lib64/platformsdk/libsonic.z.so
7f09b82000-7f09b85000 r-xp 00001000 103:20 5230                          /system/lib64/platformsdk/libsonic.z.so
7f09b85000-7f09b86000 r--p 00003000 103:20 5230                          /system/lib64/platformsdk/libsonic.z.so
7f09b86000-7f09b87000 rw-p 00003000 103:20 5230                          /system/lib64/platformsdk/libsonic.z.so
7f09bc6000-7f09bce000 rw-p 00000000 00:00 0 
7f09c0c000-7f09c1c000 rw-p 00000000 00:00 0 
7f09c1e000-7f09c24000 rw-p 00000000 00:00 0 
7f09c25000-7f09c27000 rw-p 00000000 00:00 0 
7f09c38000-7f09c39000 rw-p 00000000 00:00 0 
7f09c5c000-7f09c5e000 rw-p 00000000 00:00 0 
7f09c64000-7f09c74000 rw-p 00000000 00:00 0 
7f09c75000-7f09c76000 rw-p 00000000 00:00 0 
7f09c77000-7f09c7a000 rw-p 00000000 00:00 0 
7f09c7b000-7f09c84000 rw-p 00000000 00:00 0 
7f09c85000-7f09c8d000 rw-p 00000000 00:00 0 
7f09cb2000-7f09cb3000 rw-p 00000000 00:00 0 
7f09d06000-7f09d07000 rw-p 00000000 00:00 0 
7f09d09000-7f09d0a000 rw-p 00000000 00:00 0 
7f09d0b000-7f09d0d000 rw-p 00000000 00:00 0 
7f09d0e000-7f09d0f000 rw-p 00000000 00:00 0 
7f09d14000-7f09d15000 rw-p 00000000 00:00 0 
7f09d4b000-7f09d4c000 rw-p 00000000 00:00 0 
7f09d96000-7f09da6000 rw-p 00000000 00:00 0 
7f09da7000-7f09da9000 rw-p 00000000 00:00 0 
7f09daa000-7f09dab000 rw-p 00000000 00:00 0 
7f09dac000-7f09db9000 rw-s 00000000 00:01 4097                           /dev/ashmem/EXTRawData (deleted)
7f09db9000-7f09dbb000 rw-p 00000000 00:00 0 
7f09dbc000-7f09dbd000 rw-p 00000000 00:00 0 
7f09dcf000-7f09dd0000 rw-p 00000000 00:00 0 
7f09dd1000-7f09df2000 rw-p 00000000 00:00 0 
7f09df5000-7f09dfc000 rw-p 00000000 00:00 0 
7f09dfe000-7f09e02000 rw-p 00000000 00:00 0 
7f09e0a000-7f09e0b000 rw-p 00000000 00:00 0 
7f09e0e000-7f09e10000 rw-p 00000000 00:00 0 
7f09e26000-7f09e2a000 rw-p 00000000 00:00 0 
7f09e2b000-7f09e49000 rw-p 00000000 00:00 0 
7f09e6f000-7f09e7f000 rw-p 00000000 00:00 0 
7f09e82000-7f09e8a000 rw-p 00000000 00:00 0 
7f09eac000-7f09ead000 rw-p 00000000 00:00 0 
7f09eb3000-7f09eb4000 rw-p 00000000 00:00 0 
7f09f09000-7f09f19000 rw-p 00000000 00:00 0 
7f09f1c000-7f09f26000 rw-p 00000000 00:00 0 
7f09f39000-7f09f3d000 rw-p 00000000 00:00 0 
7f09f8d000-7f09f8e000 rw-p 00000000 00:00 0 
7f09f90000-7f09f96000 rw-p 00000000 00:00 0 
7f09fc3000-7f09fd3000 rw-p 00000000 00:00 0 
7f09fe5000-7f09fe6000 rw-p 00000000 00:00 0 
7f09ff1000-7f09ff9000 rw-p 00000000 00:00 0 
7f0a040000-7f0a041000 rw-p 00000000 00:00 0 
7f0a067000-7f0a069000 rw-p 00000000 00:00 0 
7f0a0c0000-7f0a0c5000 r--p 00000000 103:20 5306                          /system/lib64/platformsdk/libvibrator_agent.z.so
7f0a0c5000-7f0a0cb000 r-xp 00004000 103:20 5306                          /system/lib64/platformsdk/libvibrator_agent.z.so
7f0a0cb000-7f0a0cd000 r--p 00009000 103:20 5306                          /system/lib64/platformsdk/libvibrator_agent.z.so
7f0a0cd000-7f0a0ce000 rw-p 0000a000 103:20 5306                          /system/lib64/platformsdk/libvibrator_agent.z.so
7f0a100000-7f0a109000 r--p 00000000 103:20 3579                          /system/lib64/libringtone_data_helper.z.so
7f0a109000-7f0a11b000 r-xp 00008000 103:20 3579                          /system/lib64/libringtone_data_helper.z.so
7f0a11b000-7f0a11c000 r--p 00019000 103:20 3579                          /system/lib64/libringtone_data_helper.z.so
7f0a11c000-7f0a11d000 rw-p 00019000 103:20 3579                          /system/lib64/libringtone_data_helper.z.so
7f0a11d000-7f0a121000 rw-p 00000000 00:00 0 
7f0a140000-7f0a149000 r--p 00000000 103:20 5099                          /system/lib64/platformsdk/libnativetoken_shared.z.so
7f0a149000-7f0a15e000 r-xp 00008000 103:20 5099                          /system/lib64/platformsdk/libnativetoken_shared.z.so
7f0a15e000-7f0a160000 r--p 0001c000 103:20 5099                          /system/lib64/platformsdk/libnativetoken_shared.z.so
7f0a160000-7f0a161000 rw-p 0001d000 103:20 5099                          /system/lib64/platformsdk/libnativetoken_shared.z.so
7f0a180000-7f0a195000 r--p 00000000 103:20 4939                          /system/lib64/platformsdk/libdrm_framework.z.so
7f0a195000-7f0a1b0000 r-xp 00014000 103:20 4939                          /system/lib64/platformsdk/libdrm_framework.z.so
7f0a1b0000-7f0a1b7000 r--p 0002e000 103:20 4939                          /system/lib64/platformsdk/libdrm_framework.z.so
7f0a1b7000-7f0a1b8000 rw-p 00034000 103:20 4939                          /system/lib64/platformsdk/libdrm_framework.z.so
7f0a1c0000-7f0a1f5000 r--p 00000000 103:20 4678                          /system/lib64/platformsdk/libaudio_common.z.so
7f0a1f5000-7f0a243000 r-xp 00034000 103:20 4678                          /system/lib64/platformsdk/libaudio_common.z.so
7f0a243000-7f0a248000 r--p 00081000 103:20 4678                          /system/lib64/platformsdk/libaudio_common.z.so
7f0a248000-7f0a249000 rw-p 00085000 103:20 4678                          /system/lib64/platformsdk/libaudio_common.z.so
7f0a249000-7f0a24b000 rw-p 00000000 00:00 0 
7f0a280000-7f0a300000 rw-p 00000000 00:00 0 
7f0a300000-7f0a309000 r--p 00000000 103:20 4679                          /system/lib64/platformsdk/libaudio_definitions.z.so
7f0a309000-7f0a320000 r-xp 00008000 103:20 4679                          /system/lib64/platformsdk/libaudio_definitions.z.so
7f0a320000-7f0a322000 r--p 0001e000 103:20 4679                          /system/lib64/platformsdk/libaudio_definitions.z.so
7f0a322000-7f0a323000 rw-p 0001f000 103:20 4679                          /system/lib64/platformsdk/libaudio_definitions.z.so
7f0a340000-7f0a346000 r--p 00000000 103:20 2866                          /system/lib64/libaudio_engine_plugins.z.so
7f0a346000-7f0a356000 r-xp 00005000 103:20 2866                          /system/lib64/libaudio_engine_plugins.z.so
7f0a356000-7f0a357000 r--p 00014000 103:20 2866                          /system/lib64/libaudio_engine_plugins.z.so
7f0a357000-7f0a358000 rw-p 00014000 103:20 2866                          /system/lib64/libaudio_engine_plugins.z.so
7f0a380000-7f0a387000 r--p 00000000 103:20 5060                          /system/lib64/platformsdk/libmedia_monitor_client.z.so
7f0a387000-7f0a394000 r-xp 00006000 103:20 5060                          /system/lib64/platformsdk/libmedia_monitor_client.z.so
7f0a394000-7f0a396000 r--p 00012000 103:20 5060                          /system/lib64/platformsdk/libmedia_monitor_client.z.so
7f0a396000-7f0a397000 rw-p 00013000 103:20 5060                          /system/lib64/platformsdk/libmedia_monitor_client.z.so
7f0a3c0000-7f0a3dd000 r--p 00000000 103:20 5231                          /system/lib64/platformsdk/libsoundpool_client.z.so
7f0a3dd000-7f0a418000 r-xp 0001c000 103:20 5231                          /system/lib64/platformsdk/libsoundpool_client.z.so
7f0a418000-7f0a41b000 r--p 00056000 103:20 5231                          /system/lib64/platformsdk/libsoundpool_client.z.so
7f0a41b000-7f0a41c000 rw-p 00058000 103:20 5231                          /system/lib64/platformsdk/libsoundpool_client.z.so
7f0a41c000-7f0a41d000 rw-p 00000000 00:00 0 
7f0a440000-7f0a444000 r--p 00000000 103:20 5001                          /system/lib64/platformsdk/libhiappevent_innerapi.z.so
7f0a444000-7f0a449000 r-xp 00003000 103:20 5001                          /system/lib64/platformsdk/libhiappevent_innerapi.z.so
7f0a449000-7f0a44a000 r--p 00007000 103:20 5001                          /system/lib64/platformsdk/libhiappevent_innerapi.z.so
7f0a44a000-7f0a44b000 rw-p 00007000 103:20 5001                          /system/lib64/platformsdk/libhiappevent_innerapi.z.so
7f0a480000-7f0a48d000 r--p 00000000 103:20 5308                          /system/lib64/platformsdk/libvibrator_native.z.so
7f0a48d000-7f0a4a4000 r-xp 0000c000 103:20 5308                          /system/lib64/platformsdk/libvibrator_native.z.so
7f0a4a4000-7f0a4a6000 r--p 00022000 103:20 5308                          /system/lib64/platformsdk/libvibrator_native.z.so
7f0a4a6000-7f0a4a7000 rw-p 00023000 103:20 5308                          /system/lib64/platformsdk/libvibrator_native.z.so
7f0a4a7000-7f0a4a8000 rw-p 00000000 00:00 0 
7f0a4f8000-7f0a500000 rw-p 00000000 00:00 0 
7f0a54f000-7f0a550000 rw-p 00000000 00:00 0 
7f0a580000-7f0a59d000 r--p 00000000 103:20 5548                          /system/lib64/libapk_installer.so
7f0a59d000-7f0a5ca000 r-xp 0001c000 103:20 5548                          /system/lib64/libapk_installer.so
7f0a5ca000-7f0a5cc000 r--p 00048000 103:20 5548                          /system/lib64/libapk_installer.so
7f0a5cc000-7f0a5d1000 rw-p 00049000 103:20 5548                          /system/lib64/libapk_installer.so
7f0a632000-7f0a634000 rw-p 00000000 00:00 0 
7f0a66a000-7f0a66b000 rw-p 00000000 00:00 0 
7f0a722000-7f0a723000 rw-p 00000000 00:00 0 
7f0a789000-7f0a78b000 ---p 00000000 00:00 0 
7f0a78b000-7f0a796000 rw-p 00000000 00:00 0 
7f0a7a7000-7f0a7ac000 r--s 00000000 00:13 124                            /dev/__parameters__/u:object_r:edm_writable_param:s0
7f0a7ad000-7f0a7b5000 rw-s 00000000 103:30 3612                          /data/service/el1/public/database/app_exit_reason/kvdb/f153eea74944690feb958e6a16f6c7518753eb4573352b393c5a37837dc2d9de/single_ver/main/gen_natural_store.db-shm
7f0a7b5000-7f0a7b6000 rw-p 00000000 00:00 0 
7f0a7bb000-7f0a7bd000 ---p 00000000 00:00 0 
7f0a7bd000-7f0a7c4000 rw-p 00000000 00:00 0 
7f0a7c4000-7f0a7c5000 rw-s 00000000 103:30 513                           /data/service/el1/public/bms/bundle_manager_service/bmsdb.db-dwr
7f0a7c5000-7f0a7cd000 rw-s 00000000 103:30 541                           /data/service/el1/public/bms/bundle_manager_service/bmsdb_slave.db-shm
7f0a7cd000-7f0a7e7000 rw-p 00000000 00:00 0 
7f0a7e7000-7f0a7e8000 rw-s 00000000 103:30 513                           /data/service/el1/public/bms/bundle_manager_service/bmsdb.db-dwr
7f0a7e8000-7f0a7f0000 rw-s 00000000 103:30 516                           /data/service/el1/public/bms/bundle_manager_service/bmsdb.db-shm
7f0a7f0000-7f0a824000 rw-p 00000000 00:00 0 
7f0a824000-7f0a82c000 rw-s 00000000 103:30 3325                          /data/service/el1/public/notification/notification.db-shm
7f0a82c000-7f0a840000 rw-p 00000000 00:00 0 
7f0a840000-7f0a843000 r--p 00000000 103:20 2926                          /system/lib64/libbms_exception_wrapper.z.so
7f0a843000-7f0a849000 r-xp 00002000 103:20 2926                          /system/lib64/libbms_exception_wrapper.z.so
7f0a849000-7f0a84a000 r--p 00007000 103:20 2926                          /system/lib64/libbms_exception_wrapper.z.so
7f0a84a000-7f0a84b000 rw-p 00007000 103:20 2926                          /system/lib64/libbms_exception_wrapper.z.so
7f0a84b000-7f0a851000 rw-p 00000000 00:00 0 
7f0a851000-7f0a852000 rw-s 00000000 103:30 513                           /data/service/el1/public/bms/bundle_manager_service/bmsdb.db-dwr
7f0a852000-7f0a898000 rw-p 00000000 00:00 0 
7f0a898000-7f0a89a000 rw-p 00000000 00:00 0 
7f0a89a000-7f0a89b000 rw-s 00000000 103:30 3322                          /data/service/el1/public/notification/notification.db-dwr
7f0a89b000-7f0a89c000 rw-s 00000000 103:30 3322                          /data/service/el1/public/notification/notification.db-dwr
7f0a89c000-7f0a8b4000 rw-p 00000000 00:00 0 
7f0a8b4000-7f0a8b6000 ---p 00000000 00:00 0 
7f0a8b6000-7f0a8bd000 rw-p 00000000 00:00 0 
7f0a8bd000-7f0a8bf000 ---p 00000000 00:00 0 
7f0a8bf000-7f0b0c0000 rw-p 00000000 00:00 0 
7f0b0c0000-7f0b0c2000 ---p 00000000 00:00 0 
7f0b0c2000-7f0b8c3000 rw-p 00000000 00:00 0 
7f0b8c3000-7f0b8c4000 rw-s 00000000 103:30 3322                          /data/service/el1/public/notification/notification.db-dwr
7f0b8c4000-7f0b8c5000 rw-s 00000000 103:30 3322                          /data/service/el1/public/notification/notification.db-dwr
7f0b8c5000-7f0b8d0000 rw-p 00000000 00:00 0 
7f0b8d0000-7f0b8d1000 rw-s 00000000 103:30 3322                          /data/service/el1/public/notification/notification.db-dwr
7f0b8d1000-7f0b8d5000 rw-p 00000000 00:00 0 
7f0b8d5000-7f0b8dd000 rw-p 00000000 00:00 0 
7f0b8dd000-7f0b8ea000 rw-s 00000000 00:01 4097                           /dev/ashmem/EXTRawData (deleted)
7f0b8ea000-7f0b936000 rw-p 00000000 00:00 0 
7f0b936000-7f0b938000 ---p 00000000 00:00 0 
7f0b938000-7f0c139000 rw-p 00000000 00:00 0 
7f0c139000-7f0c13b000 ---p 00000000 00:00 0 
7f0c13b000-7f0c93c000 rw-p 00000000 00:00 0 
7f0c93c000-7f0c93e000 ---p 00000000 00:00 0 
7f0c93e000-7f0d13f000 rw-p 00000000 00:00 0 
7f0d13f000-7f0d141000 ---p 00000000 00:00 0 
7f0d141000-7f0d942000 rw-p 00000000 00:00 0 
7f0d942000-7f0da40000 r--p 00000000 00:13 61                             /dev/binder
7f0da40000-7f0da42000 r--p 00000000 103:20 4988                          /system/lib64/platformsdk/libfwmark_client.z.so
7f0da42000-7f0da45000 r-xp 00001000 103:20 4988                          /system/lib64/platformsdk/libfwmark_client.z.so
7f0da45000-7f0da46000 r--p 00003000 103:20 4988                          /system/lib64/platformsdk/libfwmark_client.z.so
7f0da46000-7f0da47000 rw-p 00003000 103:20 4988                          /system/lib64/platformsdk/libfwmark_client.z.so
7f0da47000-7f0da57000 rw-p 00000000 00:00 0 
7f0da57000-7f0da59000 ---p 00000000 00:00 0 
7f0da59000-7f0da80000 rw-p 00000000 00:00 0 
7f0da80000-7f0e480000 r--s 00000000 00:13 152                            /dev/__parameters__/u:object_r:default_param:s0
7f0e480000-7f0e72c000 ---p 00000000 00:00 0 
7f0e72c000-7f0e72d000 r--p 00000000 00:00 0 
7f0e72d000-7f0e877000 ---p 00000000 00:00 0 
7f0e877000-7f0e878000 r--p 00000000 00:00 0 
7f0e878000-7f0e879000 r--p 00000000 00:00 0 
7f0e879000-7f0e87c000 ---p 00000000 00:00 0 
7f0e87c000-7f0e87d000 r--p 00000000 00:00 0 
7f0e87d000-7f8e480000 ---p 00000000 00:00 0 
7f8e480000-7f8e48f000 r--p 00000000 103:20 2610                          /system/lib64/chipset-sdk-sp/libhicollie.z.so
7f8e48f000-7f8e4b7000 r-xp 0000e000 103:20 2610                          /system/lib64/chipset-sdk-sp/libhicollie.z.so
7f8e4b7000-7f8e4b9000 r--p 00035000 103:20 2610                          /system/lib64/chipset-sdk-sp/libhicollie.z.so
7f8e4b9000-7f8e4ba000 rw-p 00036000 103:20 2610                          /system/lib64/chipset-sdk-sp/libhicollie.z.so
7f8e4ba000-7f8e4bc000 rw-p 00000000 00:00 0 
7f8e4bc000-7f8e4c0000 rw-p 00000000 00:00 0 
7f8e4c0000-7f8e4c7000 r--p 00000000 103:20 2582                          /system/lib64/chipset-sdk-sp/libbacktrace_local.so
7f8e4c7000-7f8e4db000 r-xp 00006000 103:20 2582                          /system/lib64/chipset-sdk-sp/libbacktrace_local.so
7f8e4db000-7f8e4dc000 r--p 00019000 103:20 2582                          /system/lib64/chipset-sdk-sp/libbacktrace_local.so
7f8e4dc000-7f8e4dd000 rw-p 00019000 103:20 2582                          /system/lib64/chipset-sdk-sp/libbacktrace_local.so
7f8e4dd000-7f8e4e0000 rw-p 00000000 00:00 0 
7f8e4e0000-7f8e500000 rw-p 00000000 00:00 0 
7f8e500000-7f8e512000 r--p 00000000 103:20 2623                          /system/lib64/chipset-sdk-sp/libsamgr_proxy.z.so
7f8e512000-7f8e52a000 r-xp 00011000 103:20 2623                          /system/lib64/chipset-sdk-sp/libsamgr_proxy.z.so
7f8e52a000-7f8e530000 r--p 00028000 103:20 2623                          /system/lib64/chipset-sdk-sp/libsamgr_proxy.z.so
7f8e530000-7f8e531000 rw-p 0002d000 103:20 2623                          /system/lib64/chipset-sdk-sp/libsamgr_proxy.z.so
7f8e531000-7f8e532000 rw-s 00000000 103:30 513                           /data/service/el1/public/bms/bundle_manager_service/bmsdb.db-dwr
7f8e532000-7f8e538000 rw-p 00000000 00:00 0 
7f8e538000-7f8e540000 rw-p 00000000 00:00 0 
7f8e540000-7f8e546000 r--p 00000000 103:20 2612                          /system/lib64/chipset-sdk-sp/libhitrace_meter.so
7f8e546000-7f8e550000 r-xp 00005000 103:20 2612                          /system/lib64/chipset-sdk-sp/libhitrace_meter.so
7f8e550000-7f8e551000 r--p 0000e000 103:20 2612                          /system/lib64/chipset-sdk-sp/libhitrace_meter.so
7f8e551000-7f8e552000 rw-p 0000e000 103:20 2612                          /system/lib64/chipset-sdk-sp/libhitrace_meter.so
7f8e552000-7f8e558000 rw-p 00000000 00:00 0 
7f8e558000-7f8e580000 rw-p 00000000 00:00 0 
7f8e580000-7f8e58a000 r--p 00000000 103:20 2615                          /system/lib64/chipset-sdk-sp/liblzma.z.so
7f8e58a000-7f8e5ae000 r-xp 00009000 103:20 2615                          /system/lib64/chipset-sdk-sp/liblzma.z.so
7f8e5ae000-7f8e5af000 r--p 0002c000 103:20 2615                          /system/lib64/chipset-sdk-sp/liblzma.z.so
7f8e5af000-7f8e5b0000 rw-p 0002c000 103:20 2615                          /system/lib64/chipset-sdk-sp/liblzma.z.so
7f8e5b0000-7f8e5b9000 rw-p 00000000 00:00 0 
7f8e5b9000-7f8e5ba000 rw-s 00000000 103:30 538                           /data/service/el1/public/bms/bundle_manager_service/bmsdb_slave.db-dwr
7f8e5ba000-7f8e5bb000 rw-p 00000000 00:00 0 
7f8e5bb000-7f8e5bc000 rw-s 00000000 103:30 513                           /data/service/el1/public/bms/bundle_manager_service/bmsdb.db-dwr
7f8e5bc000-7f8e5c0000 rw-p 00000000 00:00 0 
7f8e5c0000-7f8e5d4000 r--p 00000000 103:20 2602                          /system/lib64/chipset-sdk-sp/libeventhandler.z.so
7f8e5d4000-7f8e603000 r-xp 00013000 103:20 2602                          /system/lib64/chipset-sdk-sp/libeventhandler.z.so
7f8e603000-7f8e605000 r--p 00041000 103:20 2602                          /system/lib64/chipset-sdk-sp/libeventhandler.z.so
7f8e605000-7f8e606000 rw-p 00042000 103:20 2602                          /system/lib64/chipset-sdk-sp/libeventhandler.z.so
7f8e606000-7f8e608000 rw-p 00000000 00:00 0 
7f8e608000-7f8e60e000 rw-p 00000000 00:00 0 
7f8e60e000-7f8e628000 rw-p 00000000 00:00 0 
7f8e628000-7f8e640000 rw-p 00000000 00:00 0 
7f8e640000-7f8e64e000 r--p 00000000 103:20 2625                          /system/lib64/chipset-sdk-sp/libselinux.z.so
7f8e64e000-7f8e66c000 r-xp 0000d000 103:20 2625                          /system/lib64/chipset-sdk-sp/libselinux.z.so
7f8e66c000-7f8e66d000 r--p 0002a000 103:20 2625                          /system/lib64/chipset-sdk-sp/libselinux.z.so
7f8e66d000-7f8e66e000 rw-p 0002a000 103:20 2625                          /system/lib64/chipset-sdk-sp/libselinux.z.so
7f8e66e000-7f8e672000 rw-p 00000000 00:00 0 
7f8e672000-7f8e677000 rw-p 00000000 00:00 0 
7f8e677000-7f8e679000 ---p 00000000 00:00 0 
7f8e679000-7f8e680000 rw-p 00000000 00:00 0 
7f8e680000-7f8e681000 r--p 00000000 103:20 2589                          /system/lib64/chipset-sdk-sp/libconfigpolicy_util.z.so
7f8e681000-7f8e683000 r-xp 00000000 103:20 2589                          /system/lib64/chipset-sdk-sp/libconfigpolicy_util.z.so
7f8e683000-7f8e685000 r--p 00001000 103:20 2589                          /system/lib64/chipset-sdk-sp/libconfigpolicy_util.z.so
7f8e685000-7f8e686000 rw-p 00002000 103:20 2589                          /system/lib64/chipset-sdk-sp/libconfigpolicy_util.z.so
7f8e686000-7f8e696000 rw-p 00000000 00:00 0 
7f8e696000-7f8e698000 ---p 00000000 00:00 0 
7f8e698000-7f8e6c0000 rw-p 00000000 00:00 0 
7f8e6c0000-7f8e6cc000 r--p 00000000 103:20 2628                          /system/lib64/chipset-sdk-sp/libstorage_manager_acl.z.so
7f8e6cc000-7f8e6e8000 r-xp 0000b000 103:20 2628                          /system/lib64/chipset-sdk-sp/libstorage_manager_acl.z.so
7f8e6e8000-7f8e6ea000 r--p 00026000 103:20 2628                          /system/lib64/chipset-sdk-sp/libstorage_manager_acl.z.so
7f8e6ea000-7f8e6eb000 rw-p 00027000 103:20 2628                          /system/lib64/chipset-sdk-sp/libstorage_manager_acl.z.so
7f8e6eb000-7f8e700000 rw-p 00000000 00:00 0 
7f8e700000-7f8e706000 r--p 00000000 103:20 5035                          /system/lib64/platformsdk/libipc_common.z.so
7f8e706000-7f8e710000 r-xp 00005000 103:20 5035                          /system/lib64/platformsdk/libipc_common.z.so
7f8e710000-7f8e711000 r--p 0000e000 103:20 5035                          /system/lib64/platformsdk/libipc_common.z.so
7f8e711000-7f8e712000 rw-p 0000e000 103:20 5035                          /system/lib64/platformsdk/libipc_common.z.so
7f8e712000-7f8e714000 rw-p 00000000 00:00 0 
7f8e714000-7f8e730000 rw-p 00000000 00:00 0 
7f8e730000-7f8e740000 rw-p 00000000 00:00 0 
7f8e740000-7f8e798000 r--p 00000000 103:20 4480                          /system/lib64/ndk/libffrt.so
7f8e798000-7f8e825000 r-xp 00057000 103:20 4480                          /system/lib64/ndk/libffrt.so
7f8e825000-7f8e82b000 r--p 000e3000 103:20 4480                          /system/lib64/ndk/libffrt.so
7f8e82b000-7f8e82c000 rw-p 000e8000 103:20 4480                          /system/lib64/ndk/libffrt.so
7f8e82c000-7f8e835000 rw-p 00000000 00:00 0 
7f8e835000-7f8e837000 rw-p 00000000 00:00 0 
7f8e837000-7f8e839000 ---p 00000000 00:00 0 
7f8e839000-7f8e840000 rw-p 00000000 00:00 0 
7f8e840000-7f8e849000 r--p 00000000 103:20 2618                          /system/lib64/chipset-sdk-sp/libpcre2.z.so
7f8e849000-7f8e869000 r-xp 00008000 103:20 2618                          /system/lib64/chipset-sdk-sp/libpcre2.z.so
7f8e869000-7f8e86a000 r--p 00027000 103:20 2618                          /system/lib64/chipset-sdk-sp/libpcre2.z.so
7f8e86a000-7f8e86b000 rw-p 00027000 103:20 2618                          /system/lib64/chipset-sdk-sp/libpcre2.z.so
7f8e86b000-7f8e86e000 rw-p 00000000 00:00 0 
7f8e86e000-7f8e870000 ---p 00000000 00:00 0 
7f8e870000-7f8e877000 rw-p 00000000 00:00 0 
7f8e877000-7f8e879000 ---p 00000000 00:00 0 
7f8e879000-7f8e880000 rw-p 00000000 00:00 0 
7f8e880000-7f8e884000 r--p 00000000 103:20 2633                          /system/lib64/chipset-sdk-sp/libucollection_client.z.so
7f8e884000-7f8e88c000 r-xp 00003000 103:20 2633                          /system/lib64/chipset-sdk-sp/libucollection_client.z.so
7f8e88c000-7f8e88e000 r--p 0000a000 103:20 2633                          /system/lib64/chipset-sdk-sp/libucollection_client.z.so
7f8e88e000-7f8e88f000 rw-p 0000b000 103:20 2633                          /system/lib64/chipset-sdk-sp/libucollection_client.z.so
7f8e88f000-7f8e8c0000 rw-p 00000000 00:00 0 
7f8e8c0000-7f8e8cc000 r--p 00000000 103:20 5180                          /system/lib64/platformsdk/libsamgr_common.z.so
7f8e8cc000-7f8e8eb000 r-xp 0000b000 103:20 5180                          /system/lib64/platformsdk/libsamgr_common.z.so
7f8e8eb000-7f8e8ed000 r--p 00029000 103:20 5180                          /system/lib64/platformsdk/libsamgr_common.z.so
7f8e8ed000-7f8e8ee000 rw-p 0002a000 103:20 5180                          /system/lib64/platformsdk/libsamgr_common.z.so
7f8e8ee000-7f8e900000 rw-p 00000000 00:00 0 
7f8e900000-7f8e905000 r--p 00000000 103:20 4897                          /system/lib64/platformsdk/libdfx_signalhandler.z.so
7f8e905000-7f8e911000 r-xp 00004000 103:20 4897                          /system/lib64/platformsdk/libdfx_signalhandler.z.so
7f8e911000-7f8e912000 r--p 0000f000 103:20 4897                          /system/lib64/platformsdk/libdfx_signalhandler.z.so
7f8e912000-7f8e913000 rw-p 0000f000 103:20 4897                          /system/lib64/platformsdk/libdfx_signalhandler.z.so
7f8e913000-7f8e917000 rw-p 00000000 00:00 0 
7f8e917000-7f8e91a000 r--s 00000000 00:13 131                            /dev/__parameters__/u:object_r:samgr_writable_param:s0
7f8e91a000-7f8e940000 rw-p 00000000 00:00 0 
7f8e940000-7f8e952000 r--p 00000000 103:20 2635                          /system/lib64/chipset-sdk-sp/libunwinder.z.so
7f8e952000-7f8e981000 r-xp 00011000 103:20 2635                          /system/lib64/chipset-sdk-sp/libunwinder.z.so
7f8e981000-7f8e984000 r--p 0003f000 103:20 2635                          /system/lib64/chipset-sdk-sp/libunwinder.z.so
7f8e984000-7f8e985000 rw-p 00041000 103:20 2635                          /system/lib64/chipset-sdk-sp/libunwinder.z.so
7f8e985000-7f8e987000 rw-p 00000000 00:00 0 
7f8e987000-7f8e9c0000 rw-p 00000000 00:00 0 
7f8e9c0000-7f8e9cc000 r--p 00000000 103:20 2584                          /system/lib64/chipset-sdk-sp/libbegetutil.z.so
7f8e9cc000-7f8e9e2000 r-xp 0000b000 103:20 2584                          /system/lib64/chipset-sdk-sp/libbegetutil.z.so
7f8e9e2000-7f8e9e4000 r--p 00020000 103:20 2584                          /system/lib64/chipset-sdk-sp/libbegetutil.z.so
7f8e9e4000-7f8e9e5000 rw-p 00021000 103:20 2584                          /system/lib64/chipset-sdk-sp/libbegetutil.z.so
7f8e9e5000-7f8ea00000 rw-p 00000000 00:00 0 
7f8ea00000-7f8ea04000 r--p 00000000 103:20 2592                          /system/lib64/chipset-sdk-sp/libdfx_procinfo.z.so
7f8ea04000-7f8ea0c000 r-xp 00003000 103:20 2592                          /system/lib64/chipset-sdk-sp/libdfx_procinfo.z.so
7f8ea0c000-7f8ea0d000 r--p 0000a000 103:20 2592                          /system/lib64/chipset-sdk-sp/libdfx_procinfo.z.so
7f8ea0d000-7f8ea0e000 rw-p 0000a000 103:20 2592                          /system/lib64/chipset-sdk-sp/libdfx_procinfo.z.so
7f8ea0e000-7f8ea40000 rw-p 00000000 00:00 0 
7f8ea40000-7f8ea4c000 r--p 00000000 103:20 2552                          /system/lib64/chipset-sdk/libhilog.so
7f8ea4c000-7f8ea6b000 r-xp 0000b000 103:20 2552                          /system/lib64/chipset-sdk/libhilog.so
7f8ea6b000-7f8ea6d000 r--p 00029000 103:20 2552                          /system/lib64/chipset-sdk/libhilog.so
7f8ea6d000-7f8ea6e000 rw-p 0002a000 103:20 2552                          /system/lib64/chipset-sdk/libhilog.so
7f8ea6e000-7f8ea78000 rw-p 00000000 00:00 0 
7f8ea78000-7f8ea80000 rw-p 00000000 00:00 0 
7f8ea80000-7f8ea8f000 r--p 00000000 103:20 2534                          /system/lib64/chipset-sdk/libaccesstoken_sdk.z.so
7f8ea8f000-7f8eab4000 r-xp 0000e000 103:20 2534                          /system/lib64/chipset-sdk/libaccesstoken_sdk.z.so
7f8eab4000-7f8eab7000 r--p 00032000 103:20 2534                          /system/lib64/chipset-sdk/libaccesstoken_sdk.z.so
7f8eab7000-7f8eab8000 rw-p 00034000 103:20 2534                          /system/lib64/chipset-sdk/libaccesstoken_sdk.z.so
7f8eab8000-7f8eabc000 rw-p 00000000 00:00 0 
7f8eabc000-7f8eac0000 rw-p 00000000 00:00 0 
7f8eac0000-7f8ead0000 r--p 00000000 103:20 5247                          /system/lib64/platformsdk/libsystem_ability_fwk.z.so
7f8ead0000-7f8eaea000 r-xp 0000f000 103:20 5247                          /system/lib64/platformsdk/libsystem_ability_fwk.z.so
7f8eaea000-7f8eaed000 r--p 00028000 103:20 5247                          /system/lib64/platformsdk/libsystem_ability_fwk.z.so
7f8eaed000-7f8eaee000 rw-p 0002a000 103:20 5247                          /system/lib64/platformsdk/libsystem_ability_fwk.z.so
7f8eaee000-7f8eb00000 rw-p 00000000 00:00 0 
7f8eb00000-7f8eb06000 r--p 00000000 103:20 2630                          /system/lib64/chipset-sdk-sp/libsystemparam.z.so
7f8eb06000-7f8eb0e000 r-xp 00005000 103:20 2630                          /system/lib64/chipset-sdk-sp/libsystemparam.z.so
7f8eb0e000-7f8eb0f000 r--p 0000c000 103:20 2630                          /system/lib64/chipset-sdk-sp/libsystemparam.z.so
7f8eb0f000-7f8eb10000 rw-p 0000c000 103:20 2630                          /system/lib64/chipset-sdk-sp/libsystemparam.z.so
7f8eb10000-7f8eb12000 rw-p 00000000 00:00 0 
7f8eb12000-7f8eb40000 rw-p 00000000 00:00 0 
7f8eb40000-7f8ebd1000 r--p 00000000 103:20 2586                          /system/lib64/chipset-sdk-sp/libc++.so
7f8ebd1000-7f8ec6b000 r-xp 00090000 103:20 2586                          /system/lib64/chipset-sdk-sp/libc++.so
7f8ec6b000-7f8ec76000 r--p 00129000 103:20 2586                          /system/lib64/chipset-sdk-sp/libc++.so
7f8ec76000-7f8ec77000 rw-p 00133000 103:20 2586                          /system/lib64/chipset-sdk-sp/libc++.so
7f8ec77000-7f8ec7f000 rw-p 00000000 00:00 0 
7f8ec7f000-7f8ec80000 rw-p 00000000 00:00 0 
7f8ec80000-7f8ec9f000 r--p 00000000 103:20 5038                          /system/lib64/platformsdk/libipc_single.z.so
7f8ec9f000-7f8ece9000 r-xp 0001e000 103:20 5038                          /system/lib64/platformsdk/libipc_single.z.so
7f8ece9000-7f8eced000 r--p 00067000 103:20 5038                          /system/lib64/platformsdk/libipc_single.z.so
7f8eced000-7f8ecee000 rw-p 0006a000 103:20 5038                          /system/lib64/platformsdk/libipc_single.z.so
7f8ecee000-7f8ed00000 rw-p 00000000 00:00 0 
7f8ed00000-7f8ed03000 r--p 00000000 103:20 2624                          /system/lib64/chipset-sdk-sp/libsec_shared.z.so
7f8ed03000-7f8ed0f000 r-xp 00002000 103:20 2624                          /system/lib64/chipset-sdk-sp/libsec_shared.z.so
7f8ed0f000-7f8ed10000 r--p 0000d000 103:20 2624                          /system/lib64/chipset-sdk-sp/libsec_shared.z.so
7f8ed10000-7f8ed11000 rw-p 0000d000 103:20 2624                          /system/lib64/chipset-sdk-sp/libsec_shared.z.so
7f8ed11000-7f8ed40000 rw-p 00000000 00:00 0 
7f8ed40000-7f8ed42000 r--p 00000000 103:20 2588                          /system/lib64/chipset-sdk-sp/libclang_rt.ubsan_minimal.so
7f8ed42000-7f8ed44000 r-xp 00001000 103:20 2588                          /system/lib64/chipset-sdk-sp/libclang_rt.ubsan_minimal.so
7f8ed44000-7f8ed45000 r--p 00002000 103:20 2588                          /system/lib64/chipset-sdk-sp/libclang_rt.ubsan_minimal.so
7f8ed45000-7f8ed46000 rw-p 00002000 103:20 2588                          /system/lib64/chipset-sdk-sp/libclang_rt.ubsan_minimal.so
7f8ed46000-7f8ed80000 rw-p 00000000 00:00 0 
7f8ed80000-7f8ed84000 r--p 00000000 103:20 2533                          /system/lib64/chipset-sdk/libaccesstoken_communication_adapter_cxx.z.so
7f8ed84000-7f8ed8c000 r-xp 00003000 103:20 2533                          /system/lib64/chipset-sdk/libaccesstoken_communication_adapter_cxx.z.so
7f8ed8c000-7f8ed8f000 r--p 0000a000 103:20 2533                          /system/lib64/chipset-sdk/libaccesstoken_communication_adapter_cxx.z.so
7f8ed8f000-7f8ed90000 rw-p 0000c000 103:20 2533                          /system/lib64/chipset-sdk/libaccesstoken_communication_adapter_cxx.z.so
7f8ed90000-7f8edc0000 rw-p 00000000 00:00 0 
7f8edc0000-7f8edd5000 r--p 00000000 103:20 2532                          /system/lib64/chipset-sdk/libaccesstoken_common_cxx.z.so
7f8edd5000-7f8eddb000 r-xp 00014000 103:20 2532                          /system/lib64/chipset-sdk/libaccesstoken_common_cxx.z.so
7f8eddb000-7f8ede0000 r--p 00019000 103:20 2532                          /system/lib64/chipset-sdk/libaccesstoken_common_cxx.z.so
7f8ede0000-7f8ede8000 rw-p 0001d000 103:20 2532                          /system/lib64/chipset-sdk/libaccesstoken_common_cxx.z.so
7f8ede8000-7f8edec000 rw-p 00000000 00:00 0 
7f8edec000-7f8edfa000 rw-p 00000000 00:00 0 
7f8edfa000-7f8edfb000 r--s 00000000 00:13 110                            /dev/__parameters__/u:object_r:arkcompiler_param:s0
7f8edfb000-7f8edfc000 rw-p 00000000 00:00 0 
7f8edfc000-7f8edfd000 r--s 00000000 00:13 97                             /dev/__parameters__/u:object_r:debug_param:s0
7f8edfd000-7f8ee00000 rw-p 00000000 00:00 0 
7f8ee00000-7f8ee05000 r--p 00000000 103:20 2613                          /system/lib64/chipset-sdk-sp/libhitracechain.so
7f8ee05000-7f8ee0d000 r-xp 00004000 103:20 2613                          /system/lib64/chipset-sdk-sp/libhitracechain.so
7f8ee0d000-7f8ee0e000 r--p 0000b000 103:20 2613                          /system/lib64/chipset-sdk-sp/libhitracechain.so
7f8ee0e000-7f8ee0f000 rw-p 0000b000 103:20 2613                          /system/lib64/chipset-sdk-sp/libhitracechain.so
7f8ee0f000-7f8ee40000 rw-p 00000000 00:00 0 
7f8ee40000-7f8ee47000 r--p 00000000 103:20 2611                          /system/lib64/chipset-sdk-sp/libhisysevent.z.so
7f8ee47000-7f8ee57000 r-xp 00006000 103:20 2611                          /system/lib64/chipset-sdk-sp/libhisysevent.z.so
7f8ee57000-7f8ee59000 r--p 00015000 103:20 2611                          /system/lib64/chipset-sdk-sp/libhisysevent.z.so
7f8ee59000-7f8ee5b000 rw-p 00016000 103:20 2611                          /system/lib64/chipset-sdk-sp/libhisysevent.z.so
7f8ee5b000-7f8ee80000 rw-p 00000000 00:00 0 
7f8ee80000-7f8ee97000 r--p 00000000 103:20 2638                          /system/lib64/chipset-sdk-sp/libutils.z.so
7f8ee97000-7f8eeb5000 r-xp 00016000 103:20 2638                          /system/lib64/chipset-sdk-sp/libutils.z.so
7f8eeb5000-7f8eeb7000 r--p 00033000 103:20 2638                          /system/lib64/chipset-sdk-sp/libutils.z.so
7f8eeb7000-7f8eeb8000 rw-p 00034000 103:20 2638                          /system/lib64/chipset-sdk-sp/libutils.z.so
7f8eeb8000-7f8eebf000 rw-p 00000000 00:00 0 
7f8eebf000-7f8eec0000 rw-p 00000000 00:00 0 
7f8eec0000-7f8eec2000 r--p 00000000 103:20 2603                          /system/lib64/chipset-sdk-sp/libfaultloggerd.z.so
7f8eec2000-7f8eec7000 r-xp 00001000 103:20 2603                          /system/lib64/chipset-sdk-sp/libfaultloggerd.z.so
7f8eec7000-7f8eec8000 r--p 00005000 103:20 2603                          /system/lib64/chipset-sdk-sp/libfaultloggerd.z.so
7f8eec8000-7f8eec9000 rw-p 00005000 103:20 2603                          /system/lib64/chipset-sdk-sp/libfaultloggerd.z.so
7f8eec9000-7f8eed2000 rw-p 00000000 00:00 0 
7f8eed2000-7f8eed3000 r--s 00000000 00:13 140                            /dev/__parameters__/u:object_r:devinfo_type_param:s0
7f8eed3000-7f8eef2000 rw-p 00000000 00:00 0 
7f8eef2000-7f8ef16000 rw-p 00000000 00:00 0 
7f8ef16000-7f8ef1b000 rw-p 00000000 00:00 0 
7f8ef1b000-7f8ef45000 rw-p 00000000 00:00 0 
7f8ef45000-7f8ef52000 rw-p 00000000 00:00 0 
7f8ef52000-7f8ef53000 r--s 00000000 00:13 118                            /dev/__parameters__/u:object_r:const_i18n_param:s0
7f8ef53000-7f8ef6c000 rw-p 00000000 00:00 0 
7f8ef6c000-7f8ef6e000 rw-p 00000000 00:00 0 
7f8ef6e000-7f8ef77000 rw-p 00000000 00:00 0 
7f8ef77000-7f8ef7b000 rw-p 00000000 00:00 0 
7f8ef7b000-7f8ef7e000 r--s 00000000 00:13 96                             /dev/__parameters__/u:object_r:persist_sys_param:s0
7f8ef7e000-7f8ef98000 rw-p 00000000 00:00 0 
7f8ef98000-7f8ef9f000 rw-p 00000000 00:00 0 
7f8ef9f000-7f8efa0000 rw-s 00000000 103:30 1059                          /data/service/el1/public/database/notification_service/notificationdb.db-dwr
7f8efa0000-7f8efa2000 rw-p 00000000 00:00 0 
7f8efa2000-7f8efa3000 rw-s 00000000 103:30 1059                          /data/service/el1/public/database/notification_service/notificationdb.db-dwr
7f8efa3000-7f8efab000 rw-s 00000000 103:30 1072                          /data/service/el1/public/database/notification_service/notificationdb_slave.db-shm
7f8efab000-7f8efad000 ---p 00000000 00:00 0 
7f8efad000-7f8efb5000 rw-p 00000000 00:00 0 
7f8efb5000-7f8efbd000 rw-s 00000000 103:30 1065                          /data/service/el1/public/database/notification_service/notificationdb.db-shm
7f8efbd000-7f8efbf000 rw-p 00000000 00:00 0 
7f8efbf000-7f8efc0000 rw-s 00000000 103:30 1059                          /data/service/el1/public/database/notification_service/notificationdb.db-dwr
7f8efc0000-7f8efc1000 rw-s 00000000 103:30 1059                          /data/service/el1/public/database/notification_service/notificationdb.db-dwr
7f8efc1000-7f8efc2000 rw-s 00000000 103:30 1067                          /data/service/el1/public/database/notification_service/notificationdb_slave.db-dwr
7f8efc2000-7f8efd0000 rw-p 00000000 00:00 0 
7f8efd0000-7f8efd1000 rw-s 00000000 103:30 1059                          /data/service/el1/public/database/notification_service/notificationdb.db-dwr
7f8efd1000-7f8efd2000 rw-p 00000000 00:00 0 
7f8efd2000-7f8efd4000 ---p 00000000 00:00 0 
7f8efd4000-7f8efdb000 rw-p 00000000 00:00 0 
7f8efdb000-7f8efdd000 ---p 00000000 00:00 0 
7f8efdd000-7f8efe4000 rw-p 00000000 00:00 0 
7f8efe4000-7f8efe6000 ---p 00000000 00:00 0 
7f8efe6000-7f8efed000 rw-p 00000000 00:00 0 
7f8efed000-7f8eff7000 r--s 00000000 00:13 92                             /dev/__parameters__/u:object_r:hilog_param:s0
7f8eff7000-7f8f00b000 r--s 00000000 00:13 80                             /dev/__parameters__/u:object_r:startup_init_param:s0
7f8f00b000-7f8f00f000 rw-p 00000000 00:00 0 
7f8f00f000-7f8f017000 rw-p 00000000 00:00 0 
7f8f017000-7f8f021000 r--s 00000000 00:13 95                             /dev/__parameters__/u:object_r:persist_param:s0
7f8f021000-7f8f02b000 r--s 00000000 00:13 134                            /dev/__parameters__/u:object_r:hiviewdfx_hiview_param:s0
7f8f02b000-7f8f02c000 rw-p 00000000 00:00 0 
7f8f02c000-7f8f02d000 r--s 00000000 00:13 93                             /dev/__parameters__/u:object_r:hilog_private_param:s0
7f8f02d000-7f8f031000 rw-p 00000000 00:00 0 
7f8f031000-7f8f032000 r--s 00000000 00:13 94                             /dev/__parameters__/u:object_r:hook_param:s0
7f8f032000-7f8f033000 r--s 00000000 00:13 98                             /dev/__parameters__/u:object_r:hitrace_param:s0
7f8f033000-7f8f233000 r--s 00000000 00:13 79                             /dev/__parameters__/u:object_r:devinfo_public_param:s0
7f8f233000-7f8f234000 r--s 00000000 00:13 114                            /dev/__parameters__/u:object_r:time_param:s0
7f8f234000-7f8f235000 r--s 00000000 00:13 133                            /dev/__parameters__/u:object_r:i18n_param_tz_override:s0
7f8f235000-7f8f236000 r--s 00000000 00:13 100                            /dev/__parameters__/u:object_r:musl_param:s0
7f8f236000-7f8f239000 rw-p 00000000 00:00 0 
7f8f239000-7f8f439000 r--s 00000000 00:13 73                             /dev/__parameters__/param_sec_dac
7f8f439000-7f8f458000 rw-p 00000000 00:00 0 
7f8f458000-7f8f46c000 r--s 00000000 00:13 72                             /dev/__parameters__/param_selinux
7f8f46c000-7f8f46d000 rw-p 00000000 00:00 0 
7f8f46d000-7f8f46f000 r--p 00000000 00:00 0                              [vvar]
7f8f46f000-7f8f470000 r-xp 00000000 00:00 0                              [vdso]
7f8f470000-7f8f4ef000 r--p 00000000 103:20 2514                          /system/lib/ld-musl-aarch64.so.1
7f8f4ef000-7f8f5c8000 r-xp 0007e000 103:20 2514                          /system/lib/ld-musl-aarch64.so.1
7f8f5c8000-7f8f5cb000 r--p 00156000 103:20 2514                          /system/lib/ld-musl-aarch64.so.1
7f8f5cb000-7f8f5cf000 rw-p 00158000 103:20 2514                          /system/lib/ld-musl-aarch64.so.1
7f8f5cf000-7f8f6b0000 rw-p 00000000 00:00 0 
7fcfe50000-7fcfe71000 rw-p 00000000 00:00 0                              [stack]
