foundation_pid=844
0df065bb-7e28-4fbc-a91e-fde81f0fb35d
1790588773
f8ef078df8a0fa483b60c1a997831a8190448545e141b9568fb14eacaf9da105  /proc/844/root/system/lib64/libbms.z.so
2c9a5294a253acb57394cc79956a4b30182a7a0ecad570844c395b38d34d82e0  /proc/844/root/system/lib64/libinstalls.z.so
184d40a56a9116ab87d079413ba31d92e3d45c86a2f9b1088ffc97725ec650f9  /proc/844/root/system/lib64/libapk_installer.so
182937bb194cdc73a559f72cf6949ddba3df912ee0a852e69215fe3009eb9006  /proc/844/root/system/lib64/libappms.z.so
f4df7769e64bf836015b5374f4f98915a1279a88e97f05714879855d55d3658f  /proc/844/root/system/lib64/libappspawn_client.z.so
06c35353b67494f061b99d2691d2c9acdd16b89d1a65865c0c96f8aa5dc8e30f  /proc/844/root/system/lib64/libwestlake_hap_domain_wrapper.so
23f77771a40e2229f55df0e0a5348f5dec977992aae945a48e4358bdd26ca46a  /proc/844/root/system/lib64/platformsdk/libabilityms.z.so
557baec000-557baee000 r--p 00000000 103:20 430                           /system/bin/sa_main
557baee000-557baf1000 r-xp 00002000 103:20 430                           /system/bin/sa_main
557baf1000-557baf2000 r--p 00005000 103:20 430                           /system/bin/sa_main
557baf2000-557baf3000 rw-p 00005000 103:20 430                           /system/bin/sa_main
55ba691000-55ba692000 ---p 00000000 00:00 0                              [heap]
55ba692000-55ba700000 rw-p 00000000 00:00 0                              [heap]
7efe9e7000-7efe9e9000 ---p 00000000 00:00 0 
7efe9e9000-7eff1ea000 rw-p 00000000 00:00 0 
7eff1ea000-7eff1ec000 ---p 00000000 00:00 0 
7eff1ec000-7eff9ed000 rw-p 00000000 00:00 0 
7f011f6000-7f011f8000 ---p 00000000 00:00 0 
7f011f8000-7f019f9000 rw-p 00000000 00:00 0 
7f019f9000-7f019fb000 ---p 00000000 00:00 0 
7f019fb000-7f021fc000 rw-p 00000000 00:00 0 
7f029ff000-7f02a01000 ---p 00000000 00:00 0 
7f02a01000-7f03202000 rw-p 00000000 00:00 0 
7f03e05000-7f03f05000 rw-p 00000000 00:00 0 
7f04005000-7f04205000 rw-p 00000000 00:00 0 
7f07a1a000-7f07a1c000 ---p 00000000 00:00 0 
7f07a1c000-7f0821d000 rw-p 00000000 00:00 0 
7f0821d000-7f0821f000 ---p 00000000 00:00 0 
7f0821f000-7f08a20000 rw-p 00000000 00:00 0 
7f09223000-7f09225000 ---p 00000000 00:00 0 
7f09225000-7f09a26000 rw-p 00000000 00:00 0 
7f09a26000-7f09a28000 ---p 00000000 00:00 0 
7f09a28000-7f0a229000 rw-p 00000000 00:00 0 
7f0a229000-7f0a22b000 ---p 00000000 00:00 0 
7f0a22b000-7f0aa2c000 rw-p 00000000 00:00 0 
7f0aa2c000-7f0aa2e000 ---p 00000000 00:00 0 
7f0aa2e000-7f0b22f000 rw-p 00000000 00:00 0 
7f0b22f000-7f0b231000 ---p 00000000 00:00 0 
7f0b231000-7f0ba32000 rw-p 00000000 00:00 0 
7f0ba32000-7f0ba34000 ---p 00000000 00:00 0 
7f0ba34000-7f0c235000 rw-p 00000000 00:00 0 
7f0c235000-7f0c237000 ---p 00000000 00:00 0 
7f0c237000-7f0ca38000 rw-p 00000000 00:00 0 
7f0ca38000-7f0ca3a000 ---p 00000000 00:00 0 
7f0ca3a000-7f0d23b000 rw-p 00000000 00:00 0 
7f0d23b000-7f0d23d000 ---p 00000000 00:00 0 
7f0d23d000-7f0da3e000 rw-p 00000000 00:00 0 
7f0da3e000-7f0da40000 ---p 00000000 00:00 0 
7f0da40000-7f0e241000 rw-p 00000000 00:00 0 
7f0e241000-7f0e243000 ---p 00000000 00:00 0 
7f0e243000-7f0ea44000 rw-p 00000000 00:00 0 
7f0ea44000-7f0ea46000 ---p 00000000 00:00 0 
7f0ea46000-7f0f247000 rw-p 00000000 00:00 0 
7f0f247000-7f0f249000 ---p 00000000 00:00 0 
7f0f249000-7f0fa4a000 rw-p 00000000 00:00 0 
7f0fa4a000-7f0fd4a000 r--s 00000000 00:13 81                             /dev/__parameters__/u:object_r:startup_appspawn_param:s0
7f1054d000-7f1054f000 ---p 00000000 00:00 0 
7f1054f000-7f10f50000 rw-p 00000000 00:00 0 
7f11150000-7f11550000 rw-p 00000000 00:00 0 
7f11d53000-7f11d55000 ---p 00000000 00:00 0 
7f11d55000-7f12556000 rw-p 00000000 00:00 0 
7f18d7d000-7f18d7f000 ---p 00000000 00:00 0 
7f18d7f000-7f19580000 rw-p 00000000 00:00 0 
7f19580000-7f19589000 r--p 00000000 103:20 3186                          /system/lib64/libecologicalrulemgr_service.z.so
7f19589000-7f19595000 r-xp 00008000 103:20 3186                          /system/lib64/libecologicalrulemgr_service.z.so
7f19595000-7f19597000 r--p 00013000 103:20 3186                          /system/lib64/libecologicalrulemgr_service.z.so
7f19597000-7f19598000 rw-p 00014000 103:20 3186                          /system/lib64/libecologicalrulemgr_service.z.so
7f1959e000-7f195fa000 rw-p 00000000 00:00 0 
7f195fa000-7f195fc000 ---p 00000000 00:00 0 
7f195fc000-7f19dfd000 rw-p 00000000 00:00 0 
7f19dfd000-7f19dff000 ---p 00000000 00:00 0 
7f19dff000-7f1a600000 rw-p 00000000 00:00 0 
7f1a600000-7f1a609000 r--p 00000000 103:20 4555                          /system/lib64/ndk/libopenhitls_pki.z.so
7f1a609000-7f1a61f000 r-xp 00008000 103:20 4555                          /system/lib64/ndk/libopenhitls_pki.z.so
7f1a61f000-7f1a621000 r--p 0001d000 103:20 4555                          /system/lib64/ndk/libopenhitls_pki.z.so
7f1a621000-7f1a622000 rw-p 0001e000 103:20 4555                          /system/lib64/ndk/libopenhitls_pki.z.so
7f1a640000-7f1a647000 r--p 00000000 103:20 3477                          /system/lib64/libnetwork_profiler.z.so
7f1a647000-7f1a656000 r-xp 00006000 103:20 3477                          /system/lib64/libnetwork_profiler.z.so
7f1a656000-7f1a658000 r--p 00014000 103:20 3477                          /system/lib64/libnetwork_profiler.z.so
7f1a658000-7f1a659000 rw-p 00015000 103:20 3477                          /system/lib64/libnetwork_profiler.z.so
7f1a680000-7f1a6a6000 r--p 00000000 103:20 2544                          /system/lib64/chipset-sdk/libcurl_shared.z.so
7f1a6a6000-7f1a71d000 r-xp 00025000 103:20 2544                          /system/lib64/chipset-sdk/libcurl_shared.z.so
7f1a71d000-7f1a721000 r--p 0009b000 103:20 2544                          /system/lib64/chipset-sdk/libcurl_shared.z.so
7f1a721000-7f1a725000 rw-p 0009e000 103:20 2544                          /system/lib64/chipset-sdk/libcurl_shared.z.so
7f1a740000-7f1a747000 r--p 00000000 103:20 5106                          /system/lib64/platformsdk/libnet_security_config_if.z.so
7f1a747000-7f1a752000 r-xp 00006000 103:20 5106                          /system/lib64/platformsdk/libnet_security_config_if.z.so
7f1a752000-7f1a754000 r--p 00010000 103:20 5106                          /system/lib64/platformsdk/libnet_security_config_if.z.so
7f1a754000-7f1a755000 rw-p 00011000 103:20 5106                          /system/lib64/platformsdk/libnet_security_config_if.z.so
7f1a780000-7f1a792000 r--p 00000000 103:20 2941                          /system/lib64/libc_ares.z.so
7f1a792000-7f1a7b4000 r-xp 00011000 103:20 2941                          /system/lib64/libc_ares.z.so
7f1a7b4000-7f1a7b7000 r--p 00032000 103:20 2941                          /system/lib64/libc_ares.z.so
7f1a7b7000-7f1a7b8000 rw-p 00034000 103:20 2941                          /system/lib64/libc_ares.z.so
7f1a7c0000-7f1a7c7000 r--p 00000000 103:20 2803                          /system/lib64/libapp_domain_verify_app_details_rdb.z.so
7f1a7c7000-7f1a7d2000 r-xp 00006000 103:20 2803                          /system/lib64/libapp_domain_verify_app_details_rdb.z.so
7f1a7d2000-7f1a7d3000 r--p 00010000 103:20 2803                          /system/lib64/libapp_domain_verify_app_details_rdb.z.so
7f1a7d3000-7f1a7d4000 rw-p 00010000 103:20 2803                          /system/lib64/libapp_domain_verify_app_details_rdb.z.so
7f1a800000-7f1a80c000 r--p 00000000 103:20 5238                          /system/lib64/platformsdk/libstack_utils_common.z.so
7f1a80c000-7f1a82b000 r-xp 0000b000 103:20 5238                          /system/lib64/platformsdk/libstack_utils_common.z.so
7f1a82b000-7f1a82e000 r--p 00029000 103:20 5238                          /system/lib64/platformsdk/libstack_utils_common.z.so
7f1a82e000-7f1a82f000 rw-p 0002b000 103:20 5238                          /system/lib64/platformsdk/libstack_utils_common.z.so
7f1a840000-7f1a873000 r--p 00000000 103:20 2573                          /system/lib64/chipset-sdk/libssl_openssl.z.so
7f1a873000-7f1a8c3000 r-xp 00032000 103:20 2573                          /system/lib64/chipset-sdk/libssl_openssl.z.so
7f1a8c3000-7f1a8ce000 r--p 00081000 103:20 2573                          /system/lib64/chipset-sdk/libssl_openssl.z.so
7f1a8ce000-7f1a8d3000 rw-p 0008b000 103:20 2573                          /system/lib64/chipset-sdk/libssl_openssl.z.so
7f1a900000-7f1a91e000 r--p 00000000 103:20 2808                          /system/lib64/libapp_domain_verify_mgr_service.z.so
7f1a91e000-7f1a960000 r-xp 0001d000 103:20 2808                          /system/lib64/libapp_domain_verify_mgr_service.z.so
7f1a960000-7f1a964000 r--p 0005e000 103:20 2808                          /system/lib64/libapp_domain_verify_mgr_service.z.so
7f1a964000-7f1a965000 rw-p 00061000 103:20 2808                          /system/lib64/libapp_domain_verify_mgr_service.z.so
7f1a965000-7f1a966000 rw-p 00000000 00:00 0 
7f1a980000-7f1a9dd000 r--p 00000000 103:20 4554                          /system/lib64/ndk/libopenhitls_crypto.z.so
7f1a9dd000-7f1aa6f000 r-xp 0005c000 103:20 4554                          /system/lib64/ndk/libopenhitls_crypto.z.so
7f1aa6f000-7f1aa73000 r--p 000ed000 103:20 4554                          /system/lib64/ndk/libopenhitls_crypto.z.so
7f1aa73000-7f1aa74000 rw-p 000f0000 103:20 4554                          /system/lib64/ndk/libopenhitls_crypto.z.so
7f1aa80000-7f1aa83000 r--p 00000000 103:20 5111                          /system/lib64/platformsdk/libnetsys_client.z.so
7f1aa83000-7f1aa88000 r-xp 00002000 103:20 5111                          /system/lib64/platformsdk/libnetsys_client.z.so
7f1aa88000-7f1aa89000 r--p 00006000 103:20 5111                          /system/lib64/platformsdk/libnetsys_client.z.so
7f1aa89000-7f1aa8a000 rw-p 00006000 103:20 5111                          /system/lib64/platformsdk/libnetsys_client.z.so
7f1aa8a000-7f1ab08000 rw-p 00000000 00:00 0 
7f1ab40000-7f1abb1000 r--p 00000000 103:20 2536                          /system/lib64/chipset-sdk/libbrotli_shared.z.so
7f1abb1000-7f1abfa000 r-xp 00070000 103:20 2536                          /system/lib64/chipset-sdk/libbrotli_shared.z.so
7f1abfa000-7f1abfb000 r--p 000b8000 103:20 2536                          /system/lib64/chipset-sdk/libbrotli_shared.z.so
7f1abfb000-7f1abfc000 rw-p 000b8000 103:20 2536                          /system/lib64/chipset-sdk/libbrotli_shared.z.so
7f1ac00000-7f1ac05000 r--p 00000000 103:20 2799                          /system/lib64/libapp_domain_verify_agent_client.z.so
7f1ac05000-7f1ac0c000 r-xp 00004000 103:20 2799                          /system/lib64/libapp_domain_verify_agent_client.z.so
7f1ac0c000-7f1ac0e000 r--p 0000a000 103:20 2799                          /system/lib64/libapp_domain_verify_agent_client.z.so
7f1ac0e000-7f1ac0f000 rw-p 0000b000 103:20 2799                          /system/lib64/libapp_domain_verify_agent_client.z.so
7f1ac40000-7f1ac4f000 r--p 00000000 103:20 2558                          /system/lib64/chipset-sdk/libnghttp2_shared.z.so
7f1ac4f000-7f1ac62000 r-xp 0000e000 103:20 2558                          /system/lib64/chipset-sdk/libnghttp2_shared.z.so
7f1ac62000-7f1ac66000 r--p 00020000 103:20 2558                          /system/lib64/chipset-sdk/libnghttp2_shared.z.so
7f1ac66000-7f1ac67000 rw-p 00023000 103:20 2558                          /system/lib64/chipset-sdk/libnghttp2_shared.z.so
7f1ac80000-7f1ac9d000 r--p 00000000 103:20 5015                          /system/lib64/platformsdk/libhttp_client.z.so
7f1ac9d000-7f1acc9000 r-xp 0001c000 103:20 5015                          /system/lib64/platformsdk/libhttp_client.z.so
7f1acc9000-7f1accc000 r--p 00047000 103:20 5015                          /system/lib64/platformsdk/libhttp_client.z.so
7f1accc000-7f1accd000 rw-p 00049000 103:20 5015                          /system/lib64/platformsdk/libhttp_client.z.so
7f1ad00000-7f1ad0c000 r--p 00000000 103:20 4553                          /system/lib64/ndk/libopenhitls_bsl.z.so
7f1ad0c000-7f1ad1c000 r-xp 0000b000 103:20 4553                          /system/lib64/ndk/libopenhitls_bsl.z.so
7f1ad1c000-7f1ad1e000 r--p 0001a000 103:20 4553                          /system/lib64/ndk/libopenhitls_bsl.z.so
7f1ad1e000-7f1ad20000 rw-p 0001b000 103:20 4553                          /system/lib64/ndk/libopenhitls_bsl.z.so
7f1ad20000-7f1ad21000 rw-p 00000000 00:00 0 
7f1ad40000-7f1ad4d000 r--p 00000000 103:20 2806                          /system/lib64/libapp_domain_verify_frameworks_common.z.so
7f1ad4d000-7f1ad66000 r-xp 0000c000 103:20 2806                          /system/lib64/libapp_domain_verify_frameworks_common.z.so
7f1ad66000-7f1ad68000 r--p 00024000 103:20 2806                          /system/lib64/libapp_domain_verify_frameworks_common.z.so
7f1ad68000-7f1ad69000 rw-p 00025000 103:20 2806                          /system/lib64/libapp_domain_verify_frameworks_common.z.so
7f1ad69000-7f1ad6a000 rw-p 00000000 00:00 0 
7f1ad80000-7f1ad9b000 r--p 00000000 103:20 4556                          /system/lib64/ndk/libopenhitls_tls.z.so
7f1ad9b000-7f1adc0000 r-xp 0001a000 103:20 4556                          /system/lib64/ndk/libopenhitls_tls.z.so
7f1adc0000-7f1adc3000 r--p 0003e000 103:20 4556                          /system/lib64/ndk/libopenhitls_tls.z.so
7f1adc3000-7f1adc4000 rw-p 00040000 103:20 4556                          /system/lib64/ndk/libopenhitls_tls.z.so
7f1ae00000-7f1aee0000 r--p 00000000 103:20 3231                          /system/lib64/libfms.z.so
7f1aee0000-7f1b038000 r-xp 000df000 103:20 3231                          /system/lib64/libfms.z.so
7f1b038000-7f1b057000 r--p 00236000 103:20 3231                          /system/lib64/libfms.z.so
7f1b057000-7f1b058000 rw-p 00254000 103:20 3231                          /system/lib64/libfms.z.so
7f1b058000-7f1b05f000 rw-p 00000000 00:00 0 
7f1b080000-7f1b08a000 r--p 00000000 103:20 5019                          /system/lib64/platformsdk/libi18n_sa_client.z.so
7f1b08a000-7f1b099000 r-xp 00009000 103:20 5019                          /system/lib64/platformsdk/libi18n_sa_client.z.so
7f1b099000-7f1b09d000 r--p 00017000 103:20 5019                          /system/lib64/platformsdk/libi18n_sa_client.z.so
7f1b09d000-7f1b09e000 rw-p 0001a000 103:20 5019                          /system/lib64/platformsdk/libi18n_sa_client.z.so
7f1b0c0000-7f1b0d7000 r--p 00000000 103:20 5101                          /system/lib64/platformsdk/libnet_conn_manager_if.z.so
7f1b0d7000-7f1b107000 r-xp 00016000 103:20 5101                          /system/lib64/platformsdk/libnet_conn_manager_if.z.so
7f1b107000-7f1b10f000 r--p 00045000 103:20 5101                          /system/lib64/platformsdk/libnet_conn_manager_if.z.so
7f1b10f000-7f1b110000 rw-p 0004c000 103:20 5101                          /system/lib64/platformsdk/libnet_conn_manager_if.z.so
7f1b110000-7f1b111000 rw-p 00000000 00:00 0 
7f1b140000-7f1b144000 r--p 00000000 103:20 3419                          /system/lib64/libmemorytracker_proxy_1.0.z.so
7f1b144000-7f1b147000 r-xp 00003000 103:20 3419                          /system/lib64/libmemorytracker_proxy_1.0.z.so
7f1b147000-7f1b149000 r--p 00005000 103:20 3419                          /system/lib64/libmemorytracker_proxy_1.0.z.so
7f1b149000-7f1b14a000 rw-p 00006000 103:20 3419                          /system/lib64/libmemorytracker_proxy_1.0.z.so
7f1b180000-7f1b183000 r--p 00000000 103:20 3416                          /system/lib64/libmeminfo.z.so
7f1b183000-7f1b189000 r-xp 00002000 103:20 3416                          /system/lib64/libmeminfo.z.so
7f1b189000-7f1b18a000 r--p 00007000 103:20 3416                          /system/lib64/libmeminfo.z.so
7f1b18a000-7f1b18b000 rw-p 00007000 103:20 3416                          /system/lib64/libmeminfo.z.so
7f1b1c0000-7f1b1d0000 r--p 00000000 103:20 5103                          /system/lib64/platformsdk/libnet_manager_common.z.so
7f1b1d0000-7f1b1f0000 r-xp 0000f000 103:20 5103                          /system/lib64/platformsdk/libnet_manager_common.z.so
7f1b1f0000-7f1b1f3000 r--p 0002e000 103:20 5103                          /system/lib64/platformsdk/libnet_manager_common.z.so
7f1b1f3000-7f1b1f4000 rw-p 00030000 103:20 5103                          /system/lib64/platformsdk/libnet_manager_common.z.so
7f1b200000-7f1b2e0000 r--p 00000000 103:20 2812                          /system/lib64/libappms.z.so
7f1b2e0000-7f1b439000 r-xp 000df000 103:20 2812                          /system/lib64/libappms.z.so
7f1b439000-7f1b448000 r--p 00237000 103:20 2812                          /system/lib64/libappms.z.so
7f1b448000-7f1b449000 rw-p 00245000 103:20 2812                          /system/lib64/libappms.z.so
7f1b480000-7f1b48c000 r--p 00000000 103:20 4885                          /system/lib64/platformsdk/libdatashare_permission.z.so
7f1b48c000-7f1b4ac000 r-xp 0000b000 103:20 4885                          /system/lib64/platformsdk/libdatashare_permission.z.so
7f1b4ac000-7f1b4ae000 r--p 0002a000 103:20 4885                          /system/lib64/platformsdk/libdatashare_permission.z.so
7f1b4ae000-7f1b4af000 rw-p 0002b000 103:20 4885                          /system/lib64/platformsdk/libdatashare_permission.z.so
7f1b4c0000-7f1b4d4000 r--p 00000000 103:20 3032                          /system/lib64/libdataobsms.z.so
7f1b4d4000-7f1b4fb000 r-xp 00013000 103:20 3032                          /system/lib64/libdataobsms.z.so
7f1b4fb000-7f1b4fe000 r--p 00039000 103:20 3032                          /system/lib64/libdataobsms.z.so
7f1b4fe000-7f1b4ff000 rw-p 0003b000 103:20 3032                          /system/lib64/libdataobsms.z.so
7f1b500000-7f1b515000 r--p 00000000 103:20 3771                          /system/lib64/libwm_lite.z.so
7f1b515000-7f1b52f000 r-xp 00014000 103:20 3771                          /system/lib64/libwm_lite.z.so
7f1b52f000-7f1b533000 r--p 0002d000 103:20 3771                          /system/lib64/libwm_lite.z.so
7f1b533000-7f1b534000 rw-p 00030000 103:20 3771                          /system/lib64/libwm_lite.z.so
7f1b540000-7f1b55f000 r--p 00000000 103:20 4919                          /system/lib64/platformsdk/libdistributed_file_daemon_kit_inner.z.so
7f1b55f000-7f1b58d000 r-xp 0001e000 103:20 4919                          /system/lib64/platformsdk/libdistributed_file_daemon_kit_inner.z.so
7f1b58d000-7f1b594000 r--p 0004b000 103:20 4919                          /system/lib64/platformsdk/libdistributed_file_daemon_kit_inner.z.so
7f1b594000-7f1b595000 rw-p 00051000 103:20 4919                          /system/lib64/platformsdk/libdistributed_file_daemon_kit_inner.z.so
7f1b595000-7f1b596000 rw-p 00000000 00:00 0 
7f1b5c0000-7f1b5cb000 r--p 00000000 103:20 5330                          /system/lib64/platformsdk/libwindowstage_kit.z.so
7f1b5cb000-7f1b5de000 r-xp 0000a000 103:20 5330                          /system/lib64/platformsdk/libwindowstage_kit.z.so
7f1b5de000-7f1b5e0000 r--p 0001c000 103:20 5330                          /system/lib64/platformsdk/libwindowstage_kit.z.so
7f1b5e0000-7f1b5e1000 rw-p 0001d000 103:20 5330                          /system/lib64/platformsdk/libwindowstage_kit.z.so
7f1b600000-7f1b60d000 r--p 00000000 103:20 5167                          /system/lib64/platformsdk/libremote_file_share_native.z.so
7f1b60d000-7f1b62d000 r-xp 0000c000 103:20 5167                          /system/lib64/platformsdk/libremote_file_share_native.z.so
7f1b62d000-7f1b62f000 r--p 0002b000 103:20 5167                          /system/lib64/platformsdk/libremote_file_share_native.z.so
7f1b62f000-7f1b630000 rw-p 0002c000 103:20 5167                          /system/lib64/platformsdk/libremote_file_share_native.z.so
7f1b630000-7f1b631000 rw-p 00000000 00:00 0 
7f1b640000-7f1b64e000 r--p 00000000 103:20 4660                          /system/lib64/platformsdk/libappkit_manager_helper.z.so
7f1b64e000-7f1b65f000 r-xp 0000d000 103:20 4660                          /system/lib64/platformsdk/libappkit_manager_helper.z.so
7f1b65f000-7f1b660000 r--p 0001d000 103:20 4660                          /system/lib64/platformsdk/libappkit_manager_helper.z.so
7f1b660000-7f1b661000 rw-p 0001d000 103:20 4660                          /system/lib64/platformsdk/libappkit_manager_helper.z.so
7f1b680000-7f1b815000 r--p 00000000 103:20 4601                          /system/lib64/platformsdk/libabilityms.z.so
7f1b815000-7f1bc5a000 r-xp 00194000 103:20 4601                          /system/lib64/platformsdk/libabilityms.z.so
7f1bc5a000-7f1bc7f000 r--p 005d8000 103:20 4601                          /system/lib64/platformsdk/libabilityms.z.so
7f1bc7f000-7f1bc80000 rw-p 005fc000 103:20 4601                          /system/lib64/platformsdk/libabilityms.z.so
7f1bc80000-7f1bc84000 rw-p 00000000 00:00 0 
7f1bcc0000-7f1bd16000 r--p 00000000 103:20 5328                          /system/lib64/platformsdk/libwindow_native_kit.z.so
7f1bd16000-7f1bdc2000 r-xp 00055000 103:20 5328                          /system/lib64/platformsdk/libwindow_native_kit.z.so
7f1bdc2000-7f1bdce000 r--p 00100000 103:20 5328                          /system/lib64/platformsdk/libwindow_native_kit.z.so
7f1bdce000-7f1bdcf000 rw-p 0010b000 103:20 5328                          /system/lib64/platformsdk/libwindow_native_kit.z.so
7f1be00000-7f1be1e000 r--p 00000000 103:20 4718                          /system/lib64/platformsdk/libbgtaskmgr_innerkits.z.so
7f1be1e000-7f1be42000 r-xp 0001d000 103:20 4718                          /system/lib64/platformsdk/libbgtaskmgr_innerkits.z.so
7f1be42000-7f1be49000 r--p 00040000 103:20 4718                          /system/lib64/platformsdk/libbgtaskmgr_innerkits.z.so
7f1be49000-7f1be4a000 rw-p 00046000 103:20 4718                          /system/lib64/platformsdk/libbgtaskmgr_innerkits.z.so
7f1be4a000-7f1be4b000 rw-p 00000000 00:00 0 
7f1be80000-7f1be85000 r--p 00000000 103:20 5310                          /system/lib64/platformsdk/libview_data.z.so
7f1be85000-7f1be95000 r-xp 00004000 103:20 5310                          /system/lib64/platformsdk/libview_data.z.so
7f1be95000-7f1be96000 r--p 00013000 103:20 5310                          /system/lib64/platformsdk/libview_data.z.so
7f1be96000-7f1be97000 rw-p 00013000 103:20 5310                          /system/lib64/platformsdk/libview_data.z.so
7f1bec0000-7f1bec6000 r--p 00000000 103:20 4600                          /system/lib64/platformsdk/libabilitykit_utils.z.so
7f1bec6000-7f1becb000 r-xp 00005000 103:20 4600                          /system/lib64/platformsdk/libabilitykit_utils.z.so
7f1becb000-7f1becc000 r--p 00009000 103:20 4600                          /system/lib64/platformsdk/libabilitykit_utils.z.so
7f1becc000-7f1becd000 rw-p 00009000 103:20 4600                          /system/lib64/platformsdk/libabilitykit_utils.z.so
7f1bf00000-7f1bf0b000 r--p 00000000 103:20 4868                          /system/lib64/platformsdk/libconnection_obs_manager.z.so
7f1bf0b000-7f1bf16000 r-xp 0000a000 103:20 4868                          /system/lib64/platformsdk/libconnection_obs_manager.z.so
7f1bf16000-7f1bf1a000 r--p 00014000 103:20 4868                          /system/lib64/platformsdk/libconnection_obs_manager.z.so
7f1bf1a000-7f1bf1b000 rw-p 00017000 103:20 4868                          /system/lib64/platformsdk/libconnection_obs_manager.z.so
7f1bf40000-7f1bf45000 r--p 00000000 103:20 4700                          /system/lib64/platformsdk/libauto_startup_callback.z.so
7f1bf45000-7f1bf49000 r-xp 00004000 103:20 4700                          /system/lib64/platformsdk/libauto_startup_callback.z.so
7f1bf49000-7f1bf4b000 r--p 00007000 103:20 4700                          /system/lib64/platformsdk/libauto_startup_callback.z.so
7f1bf4b000-7f1bf4c000 rw-p 00008000 103:20 4700                          /system/lib64/platformsdk/libauto_startup_callback.z.so
7f1bf80000-7f1bfbb000 r--p 00000000 103:20 4980                          /system/lib64/platformsdk/libform_manager.z.so
7f1bfbb000-7f1c04a000 r-xp 0003a000 103:20 4980                          /system/lib64/platformsdk/libform_manager.z.so
7f1c04a000-7f1c059000 r--p 000c8000 103:20 4980                          /system/lib64/platformsdk/libform_manager.z.so
7f1c059000-7f1c05a000 rw-p 000d6000 103:20 4980                          /system/lib64/platformsdk/libform_manager.z.so
7f1c05a000-7f1c05b000 rw-p 00000000 00:00 0 
7f1c080000-7f1c082000 r--p 00000000 103:20 4901                          /system/lib64/platformsdk/libdialog_request_info.z.so
7f1c082000-7f1c085000 r-xp 00001000 103:20 4901                          /system/lib64/platformsdk/libdialog_request_info.z.so
7f1c085000-7f1c086000 r--p 00003000 103:20 4901                          /system/lib64/platformsdk/libdialog_request_info.z.so
7f1c086000-7f1c087000 rw-p 00003000 103:20 4901                          /system/lib64/platformsdk/libdialog_request_info.z.so
7f1c0c0000-7f1c0c3000 r--p 00000000 103:20 5299                          /system/lib64/platformsdk/libuser_controller.z.so
7f1c0c3000-7f1c0c9000 r-xp 00002000 103:20 5299                          /system/lib64/platformsdk/libuser_controller.z.so
7f1c0c9000-7f1c0ca000 r--p 00007000 103:20 5299                          /system/lib64/platformsdk/libuser_controller.z.so
7f1c0ca000-7f1c0cb000 rw-p 00007000 103:20 5299                          /system/lib64/platformsdk/libuser_controller.z.so
7f1c100000-7f1c103000 r--p 00000000 103:20 4751                          /system/lib64/platformsdk/libcj_bind_native.z.so
7f1c103000-7f1c106000 r-xp 00002000 103:20 4751                          /system/lib64/platformsdk/libcj_bind_native.z.so
7f1c106000-7f1c107000 r--p 00004000 103:20 4751                          /system/lib64/platformsdk/libcj_bind_native.z.so
7f1c107000-7f1c108000 rw-p 00004000 103:20 4751                          /system/lib64/platformsdk/libcj_bind_native.z.so
7f1c140000-7f1c1cc000 r--p 00000000 103:20 4599                          /system/lib64/platformsdk/libabilitykit_native.z.so
7f1c1cc000-7f1c282000 r-xp 0008b000 103:20 4599                          /system/lib64/platformsdk/libabilitykit_native.z.so
7f1c282000-7f1c290000 r--p 00140000 103:20 4599                          /system/lib64/platformsdk/libabilitykit_native.z.so
7f1c290000-7f1c291000 rw-p 0014d000 103:20 4599                          /system/lib64/platformsdk/libabilitykit_native.z.so
7f1c291000-7f1c292000 rw-p 00000000 00:00 0 
7f1c2c0000-7f1c2d0000 r--p 00000000 103:20 5294                          /system/lib64/platformsdk/liburi_permission_mgr.z.so
7f1c2d0000-7f1c2e6000 r-xp 0000f000 103:20 5294                          /system/lib64/platformsdk/liburi_permission_mgr.z.so
7f1c2e6000-7f1c2eb000 r--p 00024000 103:20 5294                          /system/lib64/platformsdk/liburi_permission_mgr.z.so
7f1c2eb000-7f1c2ec000 rw-p 00028000 103:20 5294                          /system/lib64/platformsdk/liburi_permission_mgr.z.so
7f1c2ec000-7f1c2ed000 rw-p 00000000 00:00 0 
7f1c300000-7f1c307000 r--p 00000000 103:20 3666                          /system/lib64/libtask_handler_wrap.z.so
7f1c307000-7f1c310000 r-xp 00006000 103:20 3666                          /system/lib64/libtask_handler_wrap.z.so
7f1c310000-7f1c311000 r--p 0000e000 103:20 3666                          /system/lib64/libtask_handler_wrap.z.so
7f1c311000-7f1c312000 rw-p 0000e000 103:20 3666                          /system/lib64/libtask_handler_wrap.z.so
7f1c340000-7f1c350000 r--p 00000000 103:20 4871                          /system/lib64/platformsdk/libcontinuation_ipc.z.so
7f1c350000-7f1c35c000 r-xp 0000f000 103:20 4871                          /system/lib64/platformsdk/libcontinuation_ipc.z.so
7f1c35c000-7f1c364000 r--p 0001a000 103:20 4871                          /system/lib64/platformsdk/libcontinuation_ipc.z.so
7f1c364000-7f1c365000 rw-p 00021000 103:20 4871                          /system/lib64/platformsdk/libcontinuation_ipc.z.so
7f1c380000-7f1c397000 r--p 00000000 103:20 4959                          /system/lib64/platformsdk/libextensionkit_native.z.so
7f1c397000-7f1c3b0000 r-xp 00016000 103:20 4959                          /system/lib64/platformsdk/libextensionkit_native.z.so
7f1c3b0000-7f1c3b2000 r--p 0002e000 103:20 4959                          /system/lib64/platformsdk/libextensionkit_native.z.so
7f1c3b2000-7f1c3b3000 rw-p 0002f000 103:20 4959                          /system/lib64/platformsdk/libextensionkit_native.z.so
7f1c3c0000-7f1c3c9000 r--p 00000000 103:20 4979                          /system/lib64/platformsdk/libforeground_app_obs_manager.z.so
7f1c3c9000-7f1c3d5000 r-xp 00008000 103:20 4979                          /system/lib64/platformsdk/libforeground_app_obs_manager.z.so
7f1c3d5000-7f1c3d8000 r--p 00013000 103:20 4979                          /system/lib64/platformsdk/libforeground_app_obs_manager.z.so
7f1c3d8000-7f1c3d9000 rw-p 00015000 103:20 4979                          /system/lib64/platformsdk/libforeground_app_obs_manager.z.so
7f1c400000-7f1c43a000 r--p 00000000 103:20 5277                          /system/lib64/platformsdk/libudmf_client.z.so
7f1c43a000-7f1c4d9000 r-xp 00039000 103:20 5277                          /system/lib64/platformsdk/libudmf_client.z.so
7f1c4d9000-7f1c4e2000 r--p 000d7000 103:20 5277                          /system/lib64/platformsdk/libudmf_client.z.so
7f1c4e2000-7f1c4e3000 rw-p 000df000 103:20 5277                          /system/lib64/platformsdk/libudmf_client.z.so
7f1c4e3000-7f1c4e5000 rw-p 00000000 00:00 0 
7f1c500000-7f1c505000 r--p 00000000 103:20 5138                          /system/lib64/platformsdk/libperm_verification.z.so
7f1c505000-7f1c50d000 r-xp 00004000 103:20 5138                          /system/lib64/platformsdk/libperm_verification.z.so
7f1c50d000-7f1c50e000 r--p 0000b000 103:20 5138                          /system/lib64/platformsdk/libperm_verification.z.so
7f1c50e000-7f1c50f000 rw-p 0000b000 103:20 5138                          /system/lib64/platformsdk/libperm_verification.z.so
7f1c540000-7f1c549000 r--p 00000000 103:20 3697                          /system/lib64/libui_service_extension_connection.z.so
7f1c549000-7f1c552000 r-xp 00008000 103:20 3697                          /system/lib64/libui_service_extension_connection.z.so
7f1c552000-7f1c555000 r--p 00010000 103:20 3697                          /system/lib64/libui_service_extension_connection.z.so
7f1c555000-7f1c556000 rw-p 00012000 103:20 3697                          /system/lib64/libui_service_extension_connection.z.so
7f1c556000-7f1c557000 rw-p 00000000 00:00 0 
7f1c580000-7f1c59c000 r--p 00000000 103:20 4659                          /system/lib64/platformsdk/libappkit_delegator.z.so
7f1c59c000-7f1c5c1000 r-xp 0001b000 103:20 4659                          /system/lib64/platformsdk/libappkit_delegator.z.so
7f1c5c1000-7f1c5c3000 r--p 0003f000 103:20 4659                          /system/lib64/platformsdk/libappkit_delegator.z.so
7f1c5c3000-7f1c5c4000 rw-p 00040000 103:20 4659                          /system/lib64/platformsdk/libappkit_delegator.z.so
7f1c5c4000-7f1c5c5000 rw-p 00000000 00:00 0 
7f1c600000-7f1c605000 r--p 00000000 103:20 3011                          /system/lib64/libconfiguration_helper.z.so
7f1c605000-7f1c60c000 r-xp 00004000 103:20 3011                          /system/lib64/libconfiguration_helper.z.so
7f1c60c000-7f1c60d000 r--p 0000a000 103:20 3011                          /system/lib64/libconfiguration_helper.z.so
7f1c60d000-7f1c60e000 rw-p 0000a000 103:20 3011                          /system/lib64/libconfiguration_helper.z.so
7f1c640000-7f1c646000 r--p 00000000 103:20 5269                          /system/lib64/platformsdk/libtimer.z.so
7f1c646000-7f1c64c000 r-xp 00005000 103:20 5269                          /system/lib64/platformsdk/libtimer.z.so
7f1c64c000-7f1c64e000 r--p 0000a000 103:20 5269                          /system/lib64/platformsdk/libtimer.z.so
7f1c64e000-7f1c64f000 rw-p 0000b000 103:20 5269                          /system/lib64/platformsdk/libtimer.z.so
7f1c680000-7f1c683000 r--p 00000000 103:20 4589                          /system/lib64/platformsdk/libability_deps_wrapper.z.so
7f1c683000-7f1c686000 r-xp 00002000 103:20 4589                          /system/lib64/platformsdk/libability_deps_wrapper.z.so
7f1c686000-7f1c687000 r--p 00004000 103:20 4589                          /system/lib64/platformsdk/libability_deps_wrapper.z.so
7f1c687000-7f1c688000 rw-p 00004000 103:20 4589                          /system/lib64/platformsdk/libability_deps_wrapper.z.so
7f1c6c0000-7f1c6d8000 r--p 00000000 103:20 5173                          /system/lib64/platformsdk/libresmgr_napi_core.z.so
7f1c6d8000-7f1c6fd000 r-xp 00017000 103:20 5173                          /system/lib64/platformsdk/libresmgr_napi_core.z.so
7f1c6fd000-7f1c701000 r--p 0003b000 103:20 5173                          /system/lib64/platformsdk/libresmgr_napi_core.z.so
7f1c701000-7f1c703000 rw-p 0003e000 103:20 5173                          /system/lib64/platformsdk/libresmgr_napi_core.z.so
7f1c740000-7f1c783000 r--p 00000000 103:20 5177                          /system/lib64/platformsdk/libruntime.z.so
7f1c783000-7f1c7eb000 r-xp 00042000 103:20 5177                          /system/lib64/platformsdk/libruntime.z.so
7f1c7eb000-7f1c7ef000 r--p 000a9000 103:20 5177                          /system/lib64/platformsdk/libruntime.z.so
7f1c7ef000-7f1c7f0000 rw-p 000ac000 103:20 5177                          /system/lib64/platformsdk/libruntime.z.so
7f1c800000-7f1c801000 r--p 00000000 103:20 4965                          /system/lib64/platformsdk/libextractresourcemanager.z.so
7f1c801000-7f1c802000 r-xp 00000000 103:20 4965                          /system/lib64/platformsdk/libextractresourcemanager.z.so
7f1c802000-7f1c804000 r--p 00000000 103:20 4965                          /system/lib64/platformsdk/libextractresourcemanager.z.so
7f1c804000-7f1c805000 rw-p 00001000 103:20 4965                          /system/lib64/platformsdk/libextractresourcemanager.z.so
7f1c840000-7f1c863000 r--p 00000000 103:20 4587                          /system/lib64/platformsdk/libability_context_native.z.so
7f1c863000-7f1c889000 r-xp 00022000 103:20 4587                          /system/lib64/platformsdk/libability_context_native.z.so
7f1c889000-7f1c88f000 r--p 00047000 103:20 4587                          /system/lib64/platformsdk/libability_context_native.z.so
7f1c88f000-7f1c890000 rw-p 0004c000 103:20 4587                          /system/lib64/platformsdk/libability_context_native.z.so
7f1c8c0000-7f1c8c3000 r--p 00000000 103:20 4627                          /system/lib64/platformsdk/libace_forward_compatibility.z.so
7f1c8c3000-7f1c8c7000 r-xp 00002000 103:20 4627                          /system/lib64/platformsdk/libace_forward_compatibility.z.so
7f1c8c7000-7f1c8c8000 r--p 00005000 103:20 4627                          /system/lib64/platformsdk/libace_forward_compatibility.z.so
7f1c8c8000-7f1c8c9000 rw-p 00005000 103:20 4627                          /system/lib64/platformsdk/libace_forward_compatibility.z.so
7f1c900000-7f1c91a000 r--p 00000000 103:20 5215                          /system/lib64/platformsdk/libsession_manager.z.so
7f1c91a000-7f1c948000 r-xp 00019000 103:20 5215                          /system/lib64/platformsdk/libsession_manager.z.so
7f1c948000-7f1c950000 r--p 00046000 103:20 5215                          /system/lib64/platformsdk/libsession_manager.z.so
7f1c950000-7f1c951000 rw-p 0004d000 103:20 5215                          /system/lib64/platformsdk/libsession_manager.z.so
7f1c980000-7f1c983000 r--p 00000000 103:20 5326                          /system/lib64/platformsdk/libwindow_animation_utils.z.so
7f1c983000-7f1c987000 r-xp 00002000 103:20 5326                          /system/lib64/platformsdk/libwindow_animation_utils.z.so
7f1c987000-7f1c989000 r--p 00005000 103:20 5326                          /system/lib64/platformsdk/libwindow_animation_utils.z.so
7f1c989000-7f1c98a000 rw-p 00006000 103:20 5326                          /system/lib64/platformsdk/libwindow_animation_utils.z.so
7f1c9c0000-7f1c9c2000 r--p 00000000 103:20 5270                          /system/lib64/platformsdk/libtoken_callback_sdk.z.so
7f1c9c2000-7f1c9c6000 r-xp 00001000 103:20 5270                          /system/lib64/platformsdk/libtoken_callback_sdk.z.so
7f1c9c6000-7f1c9c7000 r--p 00004000 103:20 5270                          /system/lib64/platformsdk/libtoken_callback_sdk.z.so
7f1c9c7000-7f1c9c8000 rw-p 00004000 103:20 5270                          /system/lib64/platformsdk/libtoken_callback_sdk.z.so
7f1ca00000-7f1ca01000 r--p 00000000 103:20 5033                          /system/lib64/platformsdk/libintl_register.z.so
7f1ca01000-7f1ca02000 r-xp 00000000 103:20 5033                          /system/lib64/platformsdk/libintl_register.z.so
7f1ca02000-7f1ca03000 r--p 00000000 103:20 5033                          /system/lib64/platformsdk/libintl_register.z.so
7f1ca03000-7f1ca04000 rw-p 00000000 103:20 5033                          /system/lib64/platformsdk/libintl_register.z.so
7f1ca40000-7f1ca67000 r--p 00000000 103:20 5195                          /system/lib64/platformsdk/libscreen_session_manager_client.z.so
7f1ca67000-7f1cab8000 r-xp 00026000 103:20 5195                          /system/lib64/platformsdk/libscreen_session_manager_client.z.so
7f1cab8000-7f1cabf000 r--p 00076000 103:20 5195                          /system/lib64/platformsdk/libscreen_session_manager_client.z.so
7f1cabf000-7f1cac0000 rw-p 0007c000 103:20 5195                          /system/lib64/platformsdk/libscreen_session_manager_client.z.so
7f1cac0000-7f1cac3000 r--p 00000000 103:20 4583                          /system/lib64/platformsdk/libability_business_error.z.so
7f1cac3000-7f1cac4000 r-xp 00002000 103:20 4583                          /system/lib64/platformsdk/libability_business_error.z.so
7f1cac4000-7f1cac6000 r--p 00002000 103:20 4583                          /system/lib64/platformsdk/libability_business_error.z.so
7f1cac6000-7f1cac7000 rw-p 00003000 103:20 4583                          /system/lib64/platformsdk/libability_business_error.z.so
7f1cb00000-7f1cb0c000 r--p 00000000 103:20 5040                          /system/lib64/platformsdk/libjs_environment.z.so
7f1cb0c000-7f1cb1c000 r-xp 0000b000 103:20 5040                          /system/lib64/platformsdk/libjs_environment.z.so
7f1cb1c000-7f1cb1e000 r--p 0001a000 103:20 5040                          /system/lib64/platformsdk/libjs_environment.z.so
7f1cb1e000-7f1cb1f000 rw-p 0001b000 103:20 5040                          /system/lib64/platformsdk/libjs_environment.z.so
7f1cb40000-7f1cb4a000 r--p 00000000 103:20 5198                          /system/lib64/platformsdk/libscreenlock_server.z.so
7f1cb4a000-7f1cb6a000 r-xp 00009000 103:20 5198                          /system/lib64/platformsdk/libscreenlock_server.z.so
7f1cb6a000-7f1cb6d000 r--p 00028000 103:20 5198                          /system/lib64/platformsdk/libscreenlock_server.z.so
7f1cb6d000-7f1cb6e000 rw-p 0002a000 103:20 5198                          /system/lib64/platformsdk/libscreenlock_server.z.so
7f1cb6e000-7f1cb6f000 rw-p 00000000 00:00 0 
7f1cb80000-7f1cb94000 r--p 00000000 103:20 5086                          /system/lib64/platformsdk/libnapi_common.z.so
7f1cb94000-7f1cbb0000 r-xp 00013000 103:20 5086                          /system/lib64/platformsdk/libnapi_common.z.so
7f1cbb0000-7f1cbb2000 r--p 0002e000 103:20 5086                          /system/lib64/platformsdk/libnapi_common.z.so
7f1cbb2000-7f1cbb3000 rw-p 0002f000 103:20 5086                          /system/lib64/platformsdk/libnapi_common.z.so
7f1cbc0000-7f1cbc3000 r--p 00000000 103:20 4630                          /system/lib64/platformsdk/libace_uicontent.z.so
7f1cbc3000-7f1cbc6000 r-xp 00002000 103:20 4630                          /system/lib64/platformsdk/libace_uicontent.z.so
7f1cbc6000-7f1cbc7000 r--p 00004000 103:20 4630                          /system/lib64/platformsdk/libace_uicontent.z.so
7f1cbc7000-7f1cbc8000 rw-p 00004000 103:20 4630                          /system/lib64/platformsdk/libace_uicontent.z.so
7f1cc00000-7f1cc02000 r--p 00000000 103:20 2811                          /system/lib64/libapplication_context_manager.z.so
7f1cc02000-7f1cc05000 r-xp 00001000 103:20 2811                          /system/lib64/libapplication_context_manager.z.so
7f1cc05000-7f1cc06000 r--p 00003000 103:20 2811                          /system/lib64/libapplication_context_manager.z.so
7f1cc06000-7f1cc07000 rw-p 00003000 103:20 2811                          /system/lib64/libapplication_context_manager.z.so
7f1cc40000-7f1cc50000 r--p 00000000 103:20 4648                          /system/lib64/platformsdk/libapp_context_utils.z.so
7f1cc50000-7f1cc69000 r-xp 0000f000 103:20 4648                          /system/lib64/platformsdk/libapp_context_utils.z.so
7f1cc69000-7f1cc6b000 r--p 00027000 103:20 4648                          /system/lib64/platformsdk/libapp_context_utils.z.so
7f1cc6b000-7f1cc6c000 rw-p 00028000 103:20 4648                          /system/lib64/platformsdk/libapp_context_utils.z.so
7f1cc80000-7f1cd1a000 r--p 00000000 103:20 5189                          /system/lib64/platformsdk/libscene_session.z.so
7f1cd1a000-7f1ceae000 r-xp 00099000 103:20 5189                          /system/lib64/platformsdk/libscene_session.z.so
7f1ceae000-7f1cee3000 r--p 0022c000 103:20 5189                          /system/lib64/platformsdk/libscene_session.z.so
7f1cee3000-7f1cee4000 rw-p 00260000 103:20 5189                          /system/lib64/platformsdk/libscene_session.z.so
7f1cee4000-7f1cee5000 rw-p 00000000 00:00 0 
7f1cf00000-7f1cf10000 r--p 00000000 103:20 4723                          /system/lib64/platformsdk/libbundle_napi_common.z.so
7f1cf10000-7f1cf2d000 r-xp 0000f000 103:20 4723                          /system/lib64/platformsdk/libbundle_napi_common.z.so
7f1cf2d000-7f1cf2f000 r--p 0002b000 103:20 4723                          /system/lib64/platformsdk/libbundle_napi_common.z.so
7f1cf2f000-7f1cf30000 rw-p 0002c000 103:20 4723                          /system/lib64/platformsdk/libbundle_napi_common.z.so
7f1cf40000-7f1cf48000 r--p 00000000 103:20 4869                          /system/lib64/platformsdk/libconsole.z.so
7f1cf48000-7f1cf54000 r-xp 00007000 103:20 4869                          /system/lib64/platformsdk/libconsole.z.so
7f1cf54000-7f1cf55000 r--p 00012000 103:20 4869                          /system/lib64/platformsdk/libconsole.z.so
7f1cf55000-7f1cf56000 rw-p 00012000 103:20 4869                          /system/lib64/platformsdk/libconsole.z.so
7f1cf80000-7f1cf82000 r--p 00000000 103:20 4593                          /system/lib64/platformsdk/libability_runtime_error_util.z.so
7f1cf82000-7f1cf86000 r-xp 00001000 103:20 4593                          /system/lib64/platformsdk/libability_runtime_error_util.z.so
7f1cf86000-7f1cf87000 r--p 00004000 103:20 4593                          /system/lib64/platformsdk/libability_runtime_error_util.z.so
7f1cf87000-7f1cf88000 rw-p 00004000 103:20 4593                          /system/lib64/platformsdk/libability_runtime_error_util.z.so
7f1cfc0000-7f1cff8000 r--p 00000000 103:20 4647                          /system/lib64/platformsdk/libapp_context.z.so
7f1cff8000-7f1d03f000 r-xp 00037000 103:20 4647                          /system/lib64/platformsdk/libapp_context.z.so
7f1d03f000-7f1d042000 r--p 0007d000 103:20 4647                          /system/lib64/platformsdk/libapp_context.z.so
7f1d042000-7f1d043000 rw-p 0007f000 103:20 4647                          /system/lib64/platformsdk/libapp_context.z.so
7f1d080000-7f1d084000 r--p 00000000 103:20 4867                          /system/lib64/platformsdk/libconnect_server_manager.z.so
7f1d084000-7f1d08b000 r-xp 00003000 103:20 4867                          /system/lib64/platformsdk/libconnect_server_manager.z.so
7f1d08b000-7f1d08c000 r--p 00009000 103:20 4867                          /system/lib64/platformsdk/libconnect_server_manager.z.so
7f1d08c000-7f1d08d000 rw-p 00009000 103:20 4867                          /system/lib64/platformsdk/libconnect_server_manager.z.so
7f1d0c0000-7f1d0c9000 r--p 00000000 103:20 5325                          /system/lib64/platformsdk/libwindow_animation.z.so
7f1d0c9000-7f1d0d2000 r-xp 00008000 103:20 5325                          /system/lib64/platformsdk/libwindow_animation.z.so
7f1d0d2000-7f1d0d6000 r--p 00010000 103:20 5325                          /system/lib64/platformsdk/libwindow_animation.z.so
7f1d0d6000-7f1d0d7000 rw-p 00013000 103:20 5325                          /system/lib64/platformsdk/libwindow_animation.z.so
7f1d100000-7f1d1dd000 r--p 00000000 103:20 3770                          /system/lib64/libwm.z.so
7f1d1dd000-7f1d363000 r-xp 000dc000 103:20 3770                          /system/lib64/libwm.z.so
7f1d363000-7f1d390000 r--p 00261000 103:20 3770                          /system/lib64/libwm.z.so
7f1d390000-7f1d391000 rw-p 0028d000 103:20 3770                          /system/lib64/libwm.z.so
7f1d391000-7f1d394000 rw-p 00000000 00:00 0 
7f1d3c0000-7f1d3c4000 r--p 00000000 103:20 4900                          /system/lib64/platformsdk/libdialog_request_callback.z.so
7f1d3c4000-7f1d3c7000 r-xp 00003000 103:20 4900                          /system/lib64/platformsdk/libdialog_request_callback.z.so
7f1d3c7000-7f1d3c9000 r--p 00005000 103:20 4900                          /system/lib64/platformsdk/libdialog_request_callback.z.so
7f1d3c9000-7f1d3ca000 rw-p 00006000 103:20 4900                          /system/lib64/platformsdk/libdialog_request_callback.z.so
7f1d400000-7f1d4a6000 r--p 00000000 103:20 4721                          /system/lib64/platformsdk/libbtframework.z.so
7f1d4a6000-7f1d631000 r-xp 000a5000 103:20 4721                          /system/lib64/platformsdk/libbtframework.z.so
7f1d631000-7f1d662000 r--p 0022f000 103:20 4721                          /system/lib64/platformsdk/libbtframework.z.so
7f1d662000-7f1d663000 rw-p 0025f000 103:20 4721                          /system/lib64/platformsdk/libbtframework.z.so
7f1d663000-7f1d665000 rw-p 00000000 00:00 0 
7f1d680000-7f1d69a000 r--p 00000000 103:20 2537                          /system/lib64/chipset-sdk/libbtcommon.z.so
7f1d69a000-7f1d6ba000 r-xp 00019000 103:20 2537                          /system/lib64/chipset-sdk/libbtcommon.z.so
7f1d6ba000-7f1d6bf000 r--p 00038000 103:20 2537                          /system/lib64/chipset-sdk/libbtcommon.z.so
7f1d6bf000-7f1d6c0000 rw-p 0003c000 103:20 2537                          /system/lib64/chipset-sdk/libbtcommon.z.so
7f1d6c0000-7f1d6cf000 r--p 00000000 103:20 2794                          /system/lib64/libans_distributed.z.so
7f1d6cf000-7f1d6f0000 r-xp 0000e000 103:20 2794                          /system/lib64/libans_distributed.z.so
7f1d6f0000-7f1d6f2000 r--p 0002e000 103:20 2794                          /system/lib64/libans_distributed.z.so
7f1d6f2000-7f1d6f3000 rw-p 0002f000 103:20 2794                          /system/lib64/libans_distributed.z.so
7f1d700000-7f1d795000 r--p 00000000 103:20 4644                          /system/lib64/platformsdk/libans_innerkits.z.so
7f1d795000-7f1d8a9000 r-xp 00094000 103:20 4644                          /system/lib64/platformsdk/libans_innerkits.z.so
7f1d8a9000-7f1d8c0000 r--p 001a7000 103:20 4644                          /system/lib64/platformsdk/libans_innerkits.z.so
7f1d8c0000-7f1d8c1000 rw-p 001bd000 103:20 4644                          /system/lib64/platformsdk/libans_innerkits.z.so
7f1d8c1000-7f1d8c2000 rw-p 00000000 00:00 0 
7f1d900000-7f1d922000 r--p 00000000 103:20 3561                          /system/lib64/libreminder_innerkits.z.so
7f1d922000-7f1d961000 r-xp 00021000 103:20 3561                          /system/lib64/libreminder_innerkits.z.so
7f1d961000-7f1d969000 r--p 0005f000 103:20 3561                          /system/lib64/libreminder_innerkits.z.so
7f1d969000-7f1d96a000 rw-p 00066000 103:20 3561                          /system/lib64/libreminder_innerkits.z.so
7f1d980000-7f1da1d000 r--p 00000000 103:20 2792                          /system/lib64/libans.z.so
7f1da1d000-7f1db88000 r-xp 0009c000 103:20 2792                          /system/lib64/libans.z.so
7f1db88000-7f1db9a000 r--p 00206000 103:20 2792                          /system/lib64/libans.z.so
7f1db9a000-7f1db9b000 rw-p 00217000 103:20 2792                          /system/lib64/libans.z.so
7f1db9b000-7f1db9e000 rw-p 00000000 00:00 0 
7f1dbc0000-7f1dbda000 r--p 00000000 103:20 5317                          /system/lib64/platformsdk/libwantagent_innerkits.z.so
7f1dbda000-7f1dbf6000 r-xp 00019000 103:20 5317                          /system/lib64/platformsdk/libwantagent_innerkits.z.so
7f1dbf6000-7f1dbf9000 r--p 00034000 103:20 5317                          /system/lib64/platformsdk/libwantagent_innerkits.z.so
7f1dbf9000-7f1dbfa000 rw-p 00036000 103:20 5317                          /system/lib64/platformsdk/libwantagent_innerkits.z.so
7f1dc00000-7f1dc10000 r--p 00000000 103:20 2793                          /system/lib64/libans_base.z.so
7f1dc10000-7f1dc26000 r-xp 0000f000 103:20 2793                          /system/lib64/libans_base.z.so
7f1dc26000-7f1dc28000 r--p 00024000 103:20 2793                          /system/lib64/libans_base.z.so
7f1dc28000-7f1dc29000 rw-p 00025000 103:20 2793                          /system/lib64/libans_base.z.so
7f1dc40000-7f1de40000 r--s 00000000 00:13 78                             /dev/__parameters__/u:object_r:bootevent_param:s0
7f1de40000-7f1de48000 r--p 00000000 103:20 4921                          /system/lib64/platformsdk/libdistributed_sdk.z.so
7f1de48000-7f1de52000 r-xp 00007000 103:20 4921                          /system/lib64/platformsdk/libdistributed_sdk.z.so
7f1de52000-7f1de56000 r--p 00010000 103:20 4921                          /system/lib64/platformsdk/libdistributed_sdk.z.so
7f1de56000-7f1de57000 rw-p 00013000 103:20 4921                          /system/lib64/platformsdk/libdistributed_sdk.z.so
7f1de80000-7f1df51000 r--p 00000000 103:20 4926                          /system/lib64/platformsdk/libdistributeddb.z.so
7f1df51000-7f1e221000 r-xp 000d0000 103:20 4926                          /system/lib64/platformsdk/libdistributeddb.z.so
7f1e221000-7f1e236000 r--p 0039f000 103:20 4926                          /system/lib64/platformsdk/libdistributeddb.z.so
7f1e236000-7f1e237000 rw-p 003b3000 103:20 4926                          /system/lib64/platformsdk/libdistributeddb.z.so
7f1e237000-7f1e239000 rw-p 00000000 00:00 0 
7f1e240000-7f1e244000 r--p 00000000 103:20 4922                          /system/lib64/platformsdk/libdistributeddata_client_sync.z.so
7f1e244000-7f1e253000 r-xp 00003000 103:20 4922                          /system/lib64/platformsdk/libdistributeddata_client_sync.z.so
7f1e253000-7f1e254000 r--p 00011000 103:20 4922                          /system/lib64/platformsdk/libdistributeddata_client_sync.z.so
7f1e254000-7f1e255000 rw-p 00011000 103:20 4922                          /system/lib64/platformsdk/libdistributeddata_client_sync.z.so
7f1e280000-7f1e2b5000 r--p 00000000 103:20 2973                          /system/lib64/libcesfwk_services.z.so
7f1e2b5000-7f1e31a000 r-xp 00034000 103:20 2973                          /system/lib64/libcesfwk_services.z.so
7f1e31a000-7f1e31f000 r--p 00098000 103:20 2973                          /system/lib64/libcesfwk_services.z.so
7f1e31f000-7f1e320000 rw-p 0009c000 103:20 2973                          /system/lib64/libcesfwk_services.z.so
7f1e320000-7f1e321000 rw-p 00000000 00:00 0 
7f1e340000-7f1e364000 r--p 00000000 103:20 4923                          /system/lib64/platformsdk/libdistributeddata_inner.z.so
7f1e364000-7f1e3ca000 r-xp 00023000 103:20 4923                          /system/lib64/platformsdk/libdistributeddata_inner.z.so
7f1e3ca000-7f1e3d3000 r--p 00088000 103:20 4923                          /system/lib64/platformsdk/libdistributeddata_inner.z.so
7f1e3d3000-7f1e3d4000 rw-p 00090000 103:20 4923                          /system/lib64/platformsdk/libdistributeddata_inner.z.so
7f1e3d4000-7f1e3d5000 rw-p 00000000 00:00 0 
7f1e400000-7f1e426000 r--p 00000000 103:20 2554                          /system/lib64/chipset-sdk/libhukssdk.z.so
7f1e426000-7f1e457000 r-xp 00025000 103:20 2554                          /system/lib64/chipset-sdk/libhukssdk.z.so
7f1e457000-7f1e45d000 r--p 00055000 103:20 2554                          /system/lib64/chipset-sdk/libhukssdk.z.so
7f1e45d000-7f1e45e000 rw-p 0005a000 103:20 2554                          /system/lib64/chipset-sdk/libhukssdk.z.so
7f1e480000-7f1e48b000 r--p 00000000 103:20 3059                          /system/lib64/libdevicemanagerjson.z.so
7f1e48b000-7f1e49c000 r-xp 0000a000 103:20 3059                          /system/lib64/libdevicemanagerjson.z.so
7f1e49c000-7f1e49e000 r--p 0001a000 103:20 3059                          /system/lib64/libdevicemanagerjson.z.so
7f1e49e000-7f1e49f000 rw-p 0001b000 103:20 3059                          /system/lib64/libdevicemanagerjson.z.so
7f1e4c0000-7f1e504000 r--p 00000000 103:20 4891                          /system/lib64/platformsdk/libdevicemanagersdk.z.so
7f1e504000-7f1e57a000 r-xp 00043000 103:20 4891                          /system/lib64/platformsdk/libdevicemanagersdk.z.so
7f1e57a000-7f1e581000 r--p 000b8000 103:20 4891                          /system/lib64/platformsdk/libdevicemanagersdk.z.so
7f1e581000-7f1e582000 rw-p 000be000 103:20 4891                          /system/lib64/platformsdk/libdevicemanagersdk.z.so
7f1e5c0000-7f1e5c4000 r--p 00000000 103:20 3648                          /system/lib64/libstatic_subscriber_ipc.z.so
7f1e5c4000-7f1e5c7000 r-xp 00003000 103:20 3648                          /system/lib64/libstatic_subscriber_ipc.z.so
7f1e5c7000-7f1e5c9000 r--p 00005000 103:20 3648                          /system/lib64/libstatic_subscriber_ipc.z.so
7f1e5c9000-7f1e5ca000 rw-p 00006000 103:20 3648                          /system/lib64/libstatic_subscriber_ipc.z.so
7f1e63a000-7f1e63c000 ---p 00000000 00:00 0 
7f1e63c000-7f1ee3d000 rw-p 00000000 00:00 0 
7f1ee3d000-7f1ee3f000 ---p 00000000 00:00 0 
7f1ee3f000-7f1f640000 rw-p 00000000 00:00 0 
7f1f640000-7f1f645000 r--p 00000000 103:20 5206                          /system/lib64/platformsdk/libsensor_ipc.z.so
7f1f645000-7f1f64a000 r-xp 00004000 103:20 5206                          /system/lib64/platformsdk/libsensor_ipc.z.so
7f1f64a000-7f1f64c000 r--p 00008000 103:20 5206                          /system/lib64/platformsdk/libsensor_ipc.z.so
7f1f64c000-7f1f64d000 rw-p 00009000 103:20 5206                          /system/lib64/platformsdk/libsensor_ipc.z.so
7f1f680000-7f1f69e000 r--p 00000000 103:20 4884                          /system/lib64/platformsdk/libdatashare_consumer.z.so
7f1f69e000-7f1f6f8000 r-xp 0001d000 103:20 4884                          /system/lib64/platformsdk/libdatashare_consumer.z.so
7f1f6f8000-7f1f705000 r--p 00076000 103:20 4884                          /system/lib64/platformsdk/libdatashare_consumer.z.so
7f1f705000-7f1f706000 rw-p 00082000 103:20 4884                          /system/lib64/platformsdk/libdatashare_consumer.z.so
7f1f72d000-7f1f740000 rw-p 00000000 00:00 0 
7f1f740000-7f1f745000 r--p 00000000 103:20 5203                          /system/lib64/platformsdk/libsensor_agent.z.so
7f1f745000-7f1f74c000 r-xp 00004000 103:20 5203                          /system/lib64/platformsdk/libsensor_agent.z.so
7f1f74c000-7f1f74d000 r--p 0000a000 103:20 5203                          /system/lib64/platformsdk/libsensor_agent.z.so
7f1f74d000-7f1f74e000 rw-p 0000a000 103:20 5203                          /system/lib64/platformsdk/libsensor_agent.z.so
7f1f74e000-7f1f750000 rw-p 00000000 00:00 0 
7f1f780000-7f1f7a4000 r--p 00000000 103:20 5222                          /system/lib64/platformsdk/libsms.z.so
7f1f7a4000-7f1f7e2000 r-xp 00023000 103:20 5222                          /system/lib64/platformsdk/libsms.z.so
7f1f7e2000-7f1f7ed000 r--p 00060000 103:20 5222                          /system/lib64/platformsdk/libsms.z.so
7f1f7ed000-7f1f7ee000 rw-p 0006a000 103:20 5222                          /system/lib64/platformsdk/libsms.z.so
7f1f7f2000-7f1f7f3000 rw-p 00000000 00:00 0 
7f1f7f7000-7f1f7f8000 rw-s 00000000 103:30 936                           /data/service/el1/public/database/notification_service/notificationdb.db-dwr
7f1f7f8000-7f1f800000 rw-p 00000000 00:00 0 
7f1f800000-7f1f827000 r--p 00000000 103:20 5333                          /system/lib64/platformsdk/libwmutil.z.so
7f1f827000-7f1f86b000 r-xp 00026000 103:20 5333                          /system/lib64/platformsdk/libwmutil.z.so
7f1f86b000-7f1f86f000 r--p 00069000 103:20 5333                          /system/lib64/platformsdk/libwmutil.z.so
7f1f86f000-7f1f870000 rw-p 0006c000 103:20 5333                          /system/lib64/platformsdk/libwmutil.z.so
7f1f870000-7f1f880000 rw-p 00000000 00:00 0 
7f1f880000-7f1f890000 r--p 00000000 103:20 5204                          /system/lib64/platformsdk/libsensor_client.z.so
7f1f890000-7f1f8ac000 r-xp 0000f000 103:20 5204                          /system/lib64/platformsdk/libsensor_client.z.so
7f1f8ac000-7f1f8af000 r--p 0002a000 103:20 5204                          /system/lib64/platformsdk/libsensor_client.z.so
7f1f8af000-7f1f8b0000 rw-p 0002c000 103:20 5204                          /system/lib64/platformsdk/libsensor_client.z.so
7f1f8b0000-7f1f8b6000 rw-p 00000000 00:00 0 
7f1f8c0000-7f1f8c6000 r--p 00000000 103:20 4958                          /system/lib64/platformsdk/libextension_manager.z.so
7f1f8c6000-7f1f8cd000 r-xp 00005000 103:20 4958                          /system/lib64/platformsdk/libextension_manager.z.so
7f1f8cd000-7f1f8ce000 r--p 0000b000 103:20 4958                          /system/lib64/platformsdk/libextension_manager.z.so
7f1f8ce000-7f1f8cf000 rw-p 0000b000 103:20 4958                          /system/lib64/platformsdk/libextension_manager.z.so
7f1f8cf000-7f1f8d0000 rw-p 00000000 00:00 0 
7f1f8e3000-7f1f8e4000 rw-p 00000000 00:00 0 
7f1f8e6000-7f1f8e7000 rw-p 00000000 00:00 0 
7f1f8ea000-7f1f8ec000 rw-p 00000000 00:00 0 
7f1f8ed000-7f1f8ee000 rw-p 00000000 00:00 0 
7f1f8ef000-7f1f8f7000 rw-p 00000000 00:00 0 
7f1f900000-7f1f90c000 r--p 00000000 103:20 3327                          /system/lib64/libimf_hisysevent.z.so
7f1f90c000-7f1f921000 r-xp 0000b000 103:20 3327                          /system/lib64/libimf_hisysevent.z.so
7f1f921000-7f1f924000 r--p 0001f000 103:20 3327                          /system/lib64/libimf_hisysevent.z.so
7f1f924000-7f1f925000 rw-p 00021000 103:20 3327                          /system/lib64/libimf_hisysevent.z.so
7f1f925000-7f1f926000 rw-p 00000000 00:00 0 
7f1f92b000-7f1f92c000 rw-p 00000000 00:00 0 
7f1f940000-7f1f95e000 r--p 00000000 103:20 5193                          /system/lib64/platformsdk/libscreen_session.z.so
7f1f95e000-7f1f987000 r-xp 0001d000 103:20 5193                          /system/lib64/platformsdk/libscreen_session.z.so
7f1f987000-7f1f98a000 r--p 00045000 103:20 5193                          /system/lib64/platformsdk/libscreen_session.z.so
7f1f98a000-7f1f98b000 rw-p 00047000 103:20 5193                          /system/lib64/platformsdk/libscreen_session.z.so
7f1f98b000-7f1f98d000 rw-p 00000000 00:00 0 
7f1f98e000-7f1f998000 rw-p 00000000 00:00 0 
7f1f9a0000-7f1f9b2000 rw-p 00000000 00:00 0 
7f1f9b5000-7f1f9b6000 rw-p 00000000 00:00 0 
7f1f9c0000-7f1f9c4000 r--p 00000000 103:20 4893                          /system/lib64/platformsdk/libdevicestatus_ipc.z.so
7f1f9c4000-7f1f9ca000 r-xp 00003000 103:20 4893                          /system/lib64/platformsdk/libdevicestatus_ipc.z.so
7f1f9ca000-7f1f9cb000 r--p 00008000 103:20 4893                          /system/lib64/platformsdk/libdevicestatus_ipc.z.so
7f1f9cb000-7f1f9cc000 rw-p 00008000 103:20 4893                          /system/lib64/platformsdk/libdevicestatus_ipc.z.so
7f1f9cc000-7f1f9cd000 rw-p 00000000 00:00 0 
7f1f9ce000-7f1f9d1000 rw-p 00000000 00:00 0 
7f1f9d2000-7f1f9d3000 rw-p 00000000 00:00 0 
7f1f9d4000-7f1f9d5000 rw-p 00000000 00:00 0 
7f1f9f8000-7f1fa00000 rw-p 00000000 00:00 0 
7f1fa00000-7f1fa18000 r--p 00000000 103:20 4883                          /system/lib64/platformsdk/libdatashare_common.z.so
7f1fa18000-7f1fa51000 r-xp 00017000 103:20 4883                          /system/lib64/platformsdk/libdatashare_common.z.so
7f1fa51000-7f1fa56000 r--p 0004f000 103:20 4883                          /system/lib64/platformsdk/libdatashare_common.z.so
7f1fa56000-7f1fa57000 rw-p 00053000 103:20 4883                          /system/lib64/platformsdk/libdatashare_common.z.so
7f1fa58000-7f1fa59000 rw-p 00000000 00:00 0 
7f1fa64000-7f1fa69000 rw-p 00000000 00:00 0 
7f1fa74000-7f1fa75000 rw-p 00000000 00:00 0 
7f1fa75000-7f1fa77000 rw-p 00000000 00:00 0 
7f1fa80000-7f1fa9b000 r--p 00000000 103:20 5329                          /system/lib64/platformsdk/libwindow_scene_common.z.so
7f1fa9b000-7f1fabb000 r-xp 0001a000 103:20 5329                          /system/lib64/platformsdk/libwindow_scene_common.z.so
7f1fabb000-7f1fabf000 r--p 00039000 103:20 5329                          /system/lib64/platformsdk/libwindow_scene_common.z.so
7f1fabf000-7f1fac0000 rw-p 0003c000 103:20 5329                          /system/lib64/platformsdk/libwindow_scene_common.z.so
7f1fac0000-7f1fac9000 r--p 00000000 103:20 5268                          /system/lib64/platformsdk/libtime_client.z.so
7f1fac9000-7f1fadc000 r-xp 00008000 103:20 5268                          /system/lib64/platformsdk/libtime_client.z.so
7f1fadc000-7f1fadf000 r--p 0001a000 103:20 5268                          /system/lib64/platformsdk/libtime_client.z.so
7f1fadf000-7f1fae0000 rw-p 0001c000 103:20 5268                          /system/lib64/platformsdk/libtime_client.z.so
7f1fb00000-7f1fbc5000 r--p 00000000 103:20 5194                          /system/lib64/platformsdk/libscreen_session_manager.z.so
7f1fbc5000-7f1fd52000 r-xp 000c4000 103:20 5194                          /system/lib64/platformsdk/libscreen_session_manager.z.so
7f1fd52000-7f1fd69000 r--p 00250000 103:20 5194                          /system/lib64/platformsdk/libscreen_session_manager.z.so
7f1fd69000-7f1fd6a000 rw-p 00266000 103:20 5194                          /system/lib64/platformsdk/libscreen_session_manager.z.so
7f1fd6a000-7f1fd6e000 rw-p 00000000 00:00 0 
7f1fd80000-7f1fd9b000 r--p 00000000 103:20 5027                          /system/lib64/platformsdk/libinputmethod_client.z.so
7f1fd9b000-7f1fdf0000 r-xp 0001a000 103:20 5027                          /system/lib64/platformsdk/libinputmethod_client.z.so
7f1fdf0000-7f1fdf8000 r--p 0006e000 103:20 5027                          /system/lib64/platformsdk/libinputmethod_client.z.so
7f1fdf8000-7f1fdf9000 rw-p 00075000 103:20 5027                          /system/lib64/platformsdk/libinputmethod_client.z.so
7f1fdfa000-7f1fdfb000 rw-p 00000000 00:00 0 
7f1fe00000-7f1fe1b000 r--p 00000000 103:20 5149                          /system/lib64/platformsdk/libpowermgr_client.z.so
7f1fe1b000-7f1fe39000 r-xp 0001a000 103:20 5149                          /system/lib64/platformsdk/libpowermgr_client.z.so
7f1fe39000-7f1fe47000 r--p 00037000 103:20 5149                          /system/lib64/platformsdk/libpowermgr_client.z.so
7f1fe47000-7f1fe48000 rw-p 00044000 103:20 5149                          /system/lib64/platformsdk/libpowermgr_client.z.so
7f1fe48000-7f1fe49000 rw-p 00000000 00:00 0 
7f1fe80000-7f1febd000 r--p 00000000 103:20 3159                          /system/lib64/libdm.z.so
7f1febd000-7f1ff2e000 r-xp 0003c000 103:20 3159                          /system/lib64/libdm.z.so
7f1ff2e000-7f1ff48000 r--p 000ac000 103:20 3159                          /system/lib64/libdm.z.so
7f1ff48000-7f1ff49000 rw-p 000c5000 103:20 3159                          /system/lib64/libdm.z.so
7f1ff4a000-7f1ff4b000 rw-p 00000000 00:00 0 
7f1ff6a000-7f1ff6b000 rw-p 00000000 00:00 0 
7f1ff80000-7f21e00000 r--s 00000000 103:20 5466                          /system/usr/icu/icudt74l.dat
7f21e00000-7f21e47000 r--p 00000000 103:20 3582                          /system/lib64/librosen_text.z.so
7f21e47000-7f21ef7000 r-xp 00046000 103:20 3582                          /system/lib64/librosen_text.z.so
7f21ef7000-7f21efe000 r--p 000f5000 103:20 3582                          /system/lib64/librosen_text.z.so
7f21efe000-7f21eff000 rw-p 000fb000 103:20 3582                          /system/lib64/librosen_text.z.so
7f21eff000-7f21f00000 rw-p 00000000 00:00 0 
7f21f00000-7f21f08000 r--p 00000000 103:20 5265                          /system/lib64/platformsdk/libthermalsrv_client.z.so
7f21f08000-7f21f14000 r-xp 00007000 103:20 5265                          /system/lib64/platformsdk/libthermalsrv_client.z.so
7f21f14000-7f21f17000 r--p 00012000 103:20 5265                          /system/lib64/platformsdk/libthermalsrv_client.z.so
7f21f17000-7f21f18000 rw-p 00014000 103:20 5265                          /system/lib64/platformsdk/libthermalsrv_client.z.so
7f21f18000-7f21f19000 rw-p 00000000 00:00 0 
7f21f1c000-7f21f1d000 rw-p 00000000 00:00 0 
7f21f22000-7f21f24000 rw-p 00000000 00:00 0 
7f21f26000-7f21f27000 rw-p 00000000 00:00 0 
7f21f2b000-7f21f2e000 rw-p 00000000 00:00 0 
7f21f35000-7f21f40000 rw-p 00000000 00:00 0 
7f21f40000-7f21f41000 r--p 00000000 103:20 3322                          /system/lib64/libimage_error_convert.z.so
7f21f41000-7f21f44000 r-xp 00000000 103:20 3322                          /system/lib64/libimage_error_convert.z.so
7f21f44000-7f21f45000 r--p 00002000 103:20 3322                          /system/lib64/libimage_error_convert.z.so
7f21f45000-7f21f46000 rw-p 00002000 103:20 3322                          /system/lib64/libimage_error_convert.z.so
7f21f4a000-7f21f4b000 rw-p 00000000 00:00 0 
7f21f4d000-7f21f4e000 rw-p 00000000 00:00 0 
7f21f56000-7f21f57000 rw-p 00000000 00:00 0 
7f21f5b000-7f21f5c000 rw-p 00000000 00:00 0 
7f21f72000-7f21f73000 rw-p 00000000 00:00 0 
7f21f74000-7f21f75000 rw-p 00000000 00:00 0 
7f21f76000-7f21f77000 rw-p 00000000 00:00 0 
7f21f7b000-7f21f7c000 rw-p 00000000 00:00 0 
7f21f7d000-7f21f7f000 rw-p 00000000 00:00 0 
7f21f80000-7f21fd7000 r--p 00000000 103:20 5076                          /system/lib64/platformsdk/libmmi-client.z.so
7f21fd7000-7f2208b000 r-xp 00056000 103:20 5076                          /system/lib64/platformsdk/libmmi-client.z.so
7f2208b000-7f22093000 r--p 00109000 103:20 5076                          /system/lib64/platformsdk/libmmi-client.z.so
7f22093000-7f22095000 rw-p 00110000 103:20 5076                          /system/lib64/platformsdk/libmmi-client.z.so
7f22095000-7f22097000 rw-p 00000000 00:00 0 
7f22097000-7f22098000 rw-p 00000000 00:00 0 
7f2209c000-7f2209d000 rw-p 00000000 00:00 0 
7f220c0000-7f220d0000 r--p 00000000 103:20 5096                          /system/lib64/platformsdk/libnative_preferences.z.so
7f220d0000-7f220fc000 r-xp 0000f000 103:20 5096                          /system/lib64/platformsdk/libnative_preferences.z.so
7f220fc000-7f22100000 r--p 0003a000 103:20 5096                          /system/lib64/platformsdk/libnative_preferences.z.so
7f22100000-7f22101000 rw-p 0003d000 103:20 5096                          /system/lib64/platformsdk/libnative_preferences.z.so
7f22101000-7f22103000 rw-p 00000000 00:00 0 
7f22104000-7f2210a000 rw-p 00000000 00:00 0 
7f22140000-7f22147000 r--p 00000000 103:20 5344                          /system/lib64/platformsdk/libzuri.z.so
7f22147000-7f22155000 r-xp 00006000 103:20 5344                          /system/lib64/platformsdk/libzuri.z.so
7f22155000-7f22157000 r--p 00013000 103:20 5344                          /system/lib64/platformsdk/libzuri.z.so
7f22157000-7f22158000 rw-p 00014000 103:20 5344                          /system/lib64/platformsdk/libzuri.z.so
7f2215a000-7f2215c000 rw-p 00000000 00:00 0 
7f22180000-7f221fd000 r--p 00000000 103:20 4590                          /system/lib64/platformsdk/libability_manager.z.so
7f221fd000-7f222a8000 r-xp 0007c000 103:20 4590                          /system/lib64/platformsdk/libability_manager.z.so
7f222a8000-7f222bd000 r--p 00126000 103:20 4590                          /system/lib64/platformsdk/libability_manager.z.so
7f222bd000-7f222be000 rw-p 0013a000 103:20 4590                          /system/lib64/platformsdk/libability_manager.z.so
7f222be000-7f222bf000 rw-p 00000000 00:00 0 
7f222c0000-7f222c2000 r--p 00000000 103:20 5223                          /system/lib64/platformsdk/libsocketpair.z.so
7f222c2000-7f222c5000 r-xp 00001000 103:20 5223                          /system/lib64/platformsdk/libsocketpair.z.so
7f222c5000-7f222c6000 r--p 00003000 103:20 5223                          /system/lib64/platformsdk/libsocketpair.z.so
7f222c6000-7f222c7000 rw-p 00003000 103:20 5223                          /system/lib64/platformsdk/libsocketpair.z.so
7f222d6000-7f222d7000 rw-p 00000000 00:00 0 
7f222d7000-7f222e2000 rw-p 00000000 00:00 0 
7f222f4000-7f222f5000 rw-p 00000000 00:00 0 
7f222f5000-7f222f8000 rw-p 00000000 00:00 0 
7f222f9000-7f222fa000 rw-p 00000000 00:00 0 
7f222fc000-7f22300000 rw-p 00000000 00:00 0 
7f22300000-7f2231e000 r--p 00000000 103:20 4580                          /system/lib64/platformsdk/libGLESv3.so
7f2231e000-7f2234f000 r-xp 0001d000 103:20 4580                          /system/lib64/platformsdk/libGLESv3.so
7f2234f000-7f22350000 r--p 0004d000 103:20 4580                          /system/lib64/platformsdk/libGLESv3.so
7f22350000-7f22351000 rw-p 0004d000 103:20 4580                          /system/lib64/platformsdk/libGLESv3.so
7f22380000-7f22383000 r--p 00000000 103:20 5049                          /system/lib64/platformsdk/liblz4_shared.z.so
7f22383000-7f223a0000 r-xp 00002000 103:20 5049                          /system/lib64/platformsdk/liblz4_shared.z.so
7f223a0000-7f223a1000 r--p 0001e000 103:20 5049                          /system/lib64/platformsdk/liblz4_shared.z.so
7f223a1000-7f223a2000 rw-p 0001e000 103:20 5049                          /system/lib64/platformsdk/liblz4_shared.z.so
7f223b2000-7f223b6000 rw-p 00000000 00:00 0 
7f223c0000-7f223ca000 r--p 00000000 103:20 2605                          /system/lib64/chipset-sdk-sp/libhdf_ipc_adapter.z.so
7f223ca000-7f223da000 r-xp 00009000 103:20 2605                          /system/lib64/chipset-sdk-sp/libhdf_ipc_adapter.z.so
7f223da000-7f223dc000 r--p 00018000 103:20 2605                          /system/lib64/chipset-sdk-sp/libhdf_ipc_adapter.z.so
7f223dc000-7f223dd000 rw-p 00019000 103:20 2605                          /system/lib64/chipset-sdk-sp/libhdf_ipc_adapter.z.so
7f22400000-7f2240c000 r--p 00000000 103:20 4606                          /system/lib64/platformsdk/libabsl_strings.z.so
7f2240c000-7f22418000 r-xp 0000b000 103:20 4606                          /system/lib64/platformsdk/libabsl_strings.z.so
7f22418000-7f22419000 r--p 00016000 103:20 4606                          /system/lib64/platformsdk/libabsl_strings.z.so
7f22419000-7f2241a000 rw-p 00016000 103:20 4606                          /system/lib64/platformsdk/libabsl_strings.z.so
7f2241c000-7f2242c000 rw-p 00000000 00:00 0 
7f2242d000-7f2243d000 rw-p 00000000 00:00 0 
7f22440000-7f22450000 r--p 00000000 103:20 5296                          /system/lib64/platformsdk/libusagestatsinner.z.so
7f22450000-7f2246b000 r-xp 0000f000 103:20 5296                          /system/lib64/platformsdk/libusagestatsinner.z.so
7f2246b000-7f2246f000 r--p 00029000 103:20 5296                          /system/lib64/platformsdk/libusagestatsinner.z.so
7f2246f000-7f22470000 rw-p 0002c000 103:20 5296                          /system/lib64/platformsdk/libusagestatsinner.z.so
7f22470000-7f22480000 rw-p 00000000 00:00 0 
7f22480000-7f22483000 r--p 00000000 103:20 5242                          /system/lib64/platformsdk/libstartup_util.z.so
7f22483000-7f2248d000 r-xp 00002000 103:20 5242                          /system/lib64/platformsdk/libstartup_util.z.so
7f2248d000-7f2248e000 r--p 0000b000 103:20 5242                          /system/lib64/platformsdk/libstartup_util.z.so
7f2248e000-7f2248f000 rw-p 0000b000 103:20 5242                          /system/lib64/platformsdk/libstartup_util.z.so
7f22492000-7f22493000 rw-p 00000000 00:00 0 
7f224c0000-7f2252c000 r--p 00000000 103:20 4656                          /system/lib64/platformsdk/libappexecfwk_base.z.so
7f2252c000-7f22683000 r-xp 0006b000 103:20 4656                          /system/lib64/platformsdk/libappexecfwk_base.z.so
7f22683000-7f2268f000 r--p 001c1000 103:20 4656                          /system/lib64/platformsdk/libappexecfwk_base.z.so
7f2268f000-7f22691000 rw-p 001cc000 103:20 4656                          /system/lib64/platformsdk/libappexecfwk_base.z.so
7f226c0000-7f226cd000 r--p 00000000 103:20 4674                          /system/lib64/platformsdk/libastc_encoder_shared.z.so
7f226cd000-7f226e8000 r-xp 0000c000 103:20 4674                          /system/lib64/platformsdk/libastc_encoder_shared.z.so
7f226e8000-7f226e9000 r--p 00026000 103:20 4674                          /system/lib64/platformsdk/libastc_encoder_shared.z.so
7f226e9000-7f226ea000 rw-p 00026000 103:20 4674                          /system/lib64/platformsdk/libastc_encoder_shared.z.so
7f226ea000-7f226ee000 rw-p 00000000 00:00 0 
7f226f3000-7f226f7000 rw-p 00000000 00:00 0 
7f22700000-7f22727000 r--p 00000000 103:20 4579                          /system/lib64/platformsdk/libFillpSo.open.z.so
7f22727000-7f2277e000 r-xp 00026000 103:20 4579                          /system/lib64/platformsdk/libFillpSo.open.z.so
7f2277e000-7f22781000 r--p 0007c000 103:20 4579                          /system/lib64/platformsdk/libFillpSo.open.z.so
7f22781000-7f22783000 rw-p 0007e000 103:20 4579                          /system/lib64/platformsdk/libFillpSo.open.z.so
7f22785000-7f22787000 ---p 00000000 00:00 0 
7f22787000-7f2278e000 rw-p 00000000 00:00 0 
7f2278e000-7f22790000 ---p 00000000 00:00 0 
7f22790000-7f227c0000 rw-p 00000000 00:00 0 
7f227c0000-7f227d4000 r--p 00000000 103:20 5225                          /system/lib64/platformsdk/libsoftbus_adapter.z.so
7f227d4000-7f227f5000 r-xp 00013000 103:20 5225                          /system/lib64/platformsdk/libsoftbus_adapter.z.so
7f227f5000-7f227f6000 r--p 00033000 103:20 5225                          /system/lib64/platformsdk/libsoftbus_adapter.z.so
7f227f6000-7f227f7000 rw-p 00033000 103:20 5225                          /system/lib64/platformsdk/libsoftbus_adapter.z.so
7f227f7000-7f227f8000 rw-p 00000000 00:00 0 
7f22800000-7f22807000 r--p 00000000 103:20 5227                          /system/lib64/platformsdk/libsoftbus_dfx.z.so
7f22807000-7f2281a000 r-xp 00006000 103:20 5227                          /system/lib64/platformsdk/libsoftbus_dfx.z.so
7f2281a000-7f22822000 r--p 00018000 103:20 5227                          /system/lib64/platformsdk/libsoftbus_dfx.z.so
7f22822000-7f22823000 rw-p 0001f000 103:20 5227                          /system/lib64/platformsdk/libsoftbus_dfx.z.so
7f22840000-7f22874000 r--p 00000000 103:20 3657                          /system/lib64/libsyscap_interface_shared.z.so
7f22874000-7f22878000 r-xp 00033000 103:20 3657                          /system/lib64/libsyscap_interface_shared.z.so
7f22878000-7f22879000 r--p 00036000 103:20 3657                          /system/lib64/libsyscap_interface_shared.z.so
7f22879000-7f2287a000 rw-p 00036000 103:20 3657                          /system/lib64/libsyscap_interface_shared.z.so
7f22880000-7f228bf000 r--p 00000000 103:20 5312                          /system/lib64/platformsdk/libvulkan.so
7f228bf000-7f228fe000 r-xp 0003e000 103:20 5312                          /system/lib64/platformsdk/libvulkan.so
7f228fe000-7f22902000 r--p 0007c000 103:20 5312                          /system/lib64/platformsdk/libvulkan.so
7f22902000-7f22903000 rw-p 0007f000 103:20 5312                          /system/lib64/platformsdk/libvulkan.so
7f22940000-7f22942000 r--p 00000000 103:20 3550                          /system/lib64/libqos.z.so
7f22942000-7f22944000 r-xp 00001000 103:20 3550                          /system/lib64/libqos.z.so
7f22944000-7f22945000 r--p 00002000 103:20 3550                          /system/lib64/libqos.z.so
7f22945000-7f22946000 rw-p 00002000 103:20 3550                          /system/lib64/libqos.z.so
7f22970000-7f22980000 rw-p 00000000 00:00 0 
7f22980000-7f22998000 r--p 00000000 103:20 4609                          /system/lib64/platformsdk/libaccessibility_common.z.so
7f22998000-7f229b6000 r-xp 00017000 103:20 4609                          /system/lib64/platformsdk/libaccessibility_common.z.so
7f229b6000-7f229b8000 r--p 00034000 103:20 4609                          /system/lib64/platformsdk/libaccessibility_common.z.so
7f229b8000-7f229b9000 rw-p 00035000 103:20 4609                          /system/lib64/platformsdk/libaccessibility_common.z.so
7f229c0000-7f229c3000 r--p 00000000 103:20 5154                          /system/lib64/platformsdk/libprivacy_communication_adapter_cxx.z.so
7f229c3000-7f229ca000 r-xp 00002000 103:20 5154                          /system/lib64/platformsdk/libprivacy_communication_adapter_cxx.z.so
7f229ca000-7f229cc000 r--p 00008000 103:20 5154                          /system/lib64/platformsdk/libprivacy_communication_adapter_cxx.z.so
7f229cc000-7f229cd000 rw-p 00009000 103:20 5154                          /system/lib64/platformsdk/libprivacy_communication_adapter_cxx.z.so
7f229de000-7f229e6000 rw-p 00000000 00:00 0 
7f229f0000-7f22a00000 rw-p 00000000 00:00 0 
7f22a00000-7f22a09000 r--p 00000000 103:20 4917                          /system/lib64/platformsdk/libdisplaymgr.z.so
7f22a09000-7f22a19000 r-xp 00008000 103:20 4917                          /system/lib64/platformsdk/libdisplaymgr.z.so
7f22a19000-7f22a1d000 r--p 00017000 103:20 4917                          /system/lib64/platformsdk/libdisplaymgr.z.so
7f22a1d000-7f22a1e000 rw-p 0001a000 103:20 4917                          /system/lib64/platformsdk/libdisplaymgr.z.so
7f22a22000-7f22a2a000 rw-p 00000000 00:00 0 
7f22a40000-7f22a59000 r--p 00000000 103:20 4927                          /system/lib64/platformsdk/libdistributeddb_client.z.so
7f22a59000-7f22a9b000 r-xp 00018000 103:20 4927                          /system/lib64/platformsdk/libdistributeddb_client.z.so
7f22a9b000-7f22a9e000 r--p 00059000 103:20 4927                          /system/lib64/platformsdk/libdistributeddb_client.z.so
7f22a9e000-7f22a9f000 rw-p 0005b000 103:20 4927                          /system/lib64/platformsdk/libdistributeddb_client.z.so
7f22a9f000-7f22aa0000 rw-p 00000000 00:00 0 
7f22aa2000-7f22aa3000 rw-p 00000000 00:00 0 
7f22aa4000-7f22ac0000 rw-p 00000000 00:00 0 
7f22ac0000-7f22ac6000 r--p 00000000 103:20 2574                          /system/lib64/chipset-sdk/libstring_utils.z.so
7f22ac6000-7f22ad9000 r-xp 00005000 103:20 2574                          /system/lib64/chipset-sdk/libstring_utils.z.so
7f22ad9000-7f22ada000 r--p 00017000 103:20 2574                          /system/lib64/chipset-sdk/libstring_utils.z.so
7f22ada000-7f22adb000 rw-p 00017000 103:20 2574                          /system/lib64/chipset-sdk/libstring_utils.z.so
7f22ae8000-7f22b00000 rw-p 00000000 00:00 0 
7f22b00000-7f22b02000 r--p 00000000 103:20 5002                          /system/lib64/platformsdk/libhichecker.so
7f22b02000-7f22b04000 r-xp 00001000 103:20 5002                          /system/lib64/platformsdk/libhichecker.so
7f22b04000-7f22b06000 r--p 00002000 103:20 5002                          /system/lib64/platformsdk/libhichecker.so
7f22b06000-7f22b07000 rw-p 00003000 103:20 5002                          /system/lib64/platformsdk/libhichecker.so
7f22b14000-7f22b24000 rw-p 00000000 00:00 0 
7f22b26000-7f22b40000 rw-p 00000000 00:00 0 
7f22b40000-7f22b5d000 r--p 00000000 103:20 5131                          /system/lib64/platformsdk/libos_account_innerkits.z.so
7f22b5d000-7f22b94000 r-xp 0001c000 103:20 5131                          /system/lib64/platformsdk/libos_account_innerkits.z.so
7f22b94000-7f22b99000 r--p 00052000 103:20 5131                          /system/lib64/platformsdk/libos_account_innerkits.z.so
7f22b99000-7f22b9a000 rw-p 00056000 103:20 5131                          /system/lib64/platformsdk/libos_account_innerkits.z.so
7f22b9a000-7f22b9b000 rw-p 00000000 00:00 0 
7f22ba8000-7f22bb0000 rw-p 00000000 00:00 0 
7f22bb8000-7f22bc0000 rw-p 00000000 00:00 0 
7f22bc0000-7f22bc2000 r--p 00000000 103:20 4597                          /system/lib64/platformsdk/libability_start_setting.z.so
7f22bc2000-7f22bc5000 r-xp 00001000 103:20 4597                          /system/lib64/platformsdk/libability_start_setting.z.so
7f22bc5000-7f22bc7000 r--p 00003000 103:20 4597                          /system/lib64/platformsdk/libability_start_setting.z.so
7f22bc7000-7f22bc8000 rw-p 00004000 103:20 4597                          /system/lib64/platformsdk/libability_start_setting.z.so
7f22bd0000-7f22be0000 rw-p 00000000 00:00 0 
7f22be7000-7f22bf7000 rw-p 00000000 00:00 0 
7f22bf8000-7f22c00000 rw-p 00000000 00:00 0 
7f22c00000-7f22c57000 r--p 00000000 103:20 5022                          /system/lib64/platformsdk/libimage_native.z.so
7f22c57000-7f22d04000 r-xp 00056000 103:20 5022                          /system/lib64/platformsdk/libimage_native.z.so
7f22d04000-7f22d0c000 r--p 00102000 103:20 5022                          /system/lib64/platformsdk/libimage_native.z.so
7f22d0c000-7f22d0d000 rw-p 00109000 103:20 5022                          /system/lib64/platformsdk/libimage_native.z.so
7f22d0d000-7f22d0f000 rw-p 00000000 00:00 0 
7f22d10000-7f22d18000 rw-p 00000000 00:00 0 
7f22d24000-7f22d3c000 rw-p 00000000 00:00 0 
7f22d40000-7f22d47000 r--p 00000000 103:20 4866                          /system/lib64/platformsdk/libconfiguration.z.so
7f22d47000-7f22d54000 r-xp 00006000 103:20 4866                          /system/lib64/platformsdk/libconfiguration.z.so
7f22d54000-7f22d56000 r--p 00012000 103:20 4866                          /system/lib64/platformsdk/libconfiguration.z.so
7f22d56000-7f22d57000 rw-p 00013000 103:20 4866                          /system/lib64/platformsdk/libconfiguration.z.so
7f22d58000-7f22d59000 rw-p 00000000 00:00 0 
7f22d5d000-7f22d80000 rw-p 00000000 00:00 0 
7f22d80000-7f22d9b000 r--p 00000000 103:20 5023                          /system/lib64/platformsdk/libimage_utils.z.so
7f22d9b000-7f22dcc000 r-xp 0001a000 103:20 5023                          /system/lib64/platformsdk/libimage_utils.z.so
7f22dcc000-7f22dcf000 r--p 0004a000 103:20 5023                          /system/lib64/platformsdk/libimage_utils.z.so
7f22dcf000-7f22dd0000 rw-p 0004c000 103:20 5023                          /system/lib64/platformsdk/libimage_utils.z.so
7f22dd0000-7f22e00000 rw-p 00000000 00:00 0 
7f22e00000-7f22e04000 r--p 00000000 103:20 2600                          /system/lib64/chipset-sdk-sp/libdisplay_buffer_proxy_1.4.z.so
7f22e04000-7f22e08000 r-xp 00003000 103:20 2600                          /system/lib64/chipset-sdk-sp/libdisplay_buffer_proxy_1.4.z.so
7f22e08000-7f22e0a000 r--p 00006000 103:20 2600                          /system/lib64/chipset-sdk-sp/libdisplay_buffer_proxy_1.4.z.so
7f22e0a000-7f22e0b000 rw-p 00007000 103:20 2600                          /system/lib64/chipset-sdk-sp/libdisplay_buffer_proxy_1.4.z.so
7f22e0b000-7f22e0e000 rw-p 00000000 00:00 0 
7f22e11000-7f22e15000 rw-p 00000000 00:00 0 
7f22e15000-7f22e17000 ---p 00000000 00:00 0 
7f22e17000-7f22e1e000 rw-p 00000000 00:00 0 
7f22e2b000-7f22e2c000 rw-p 00000000 00:00 0 
7f22e30000-7f22e40000 rw-p 00000000 00:00 0 
7f22e40000-7f22e4b000 r--p 00000000 103:20 3417                          /system/lib64/libmemmgrclient.z.so
7f22e4b000-7f22e5c000 r-xp 0000a000 103:20 3417                          /system/lib64/libmemmgrclient.z.so
7f22e5c000-7f22e60000 r--p 0001a000 103:20 3417                          /system/lib64/libmemmgrclient.z.so
7f22e60000-7f22e61000 rw-p 0001d000 103:20 3417                          /system/lib64/libmemmgrclient.z.so
7f22e80000-7f22e87000 r--p 00000000 103:20 3192                          /system/lib64/libel5_filekey_manager_sdk.z.so
7f22e87000-7f22e8f000 r-xp 00006000 103:20 3192                          /system/lib64/libel5_filekey_manager_sdk.z.so
7f22e8f000-7f22e91000 r--p 0000d000 103:20 3192                          /system/lib64/libel5_filekey_manager_sdk.z.so
7f22e91000-7f22e92000 rw-p 0000e000 103:20 3192                          /system/lib64/libel5_filekey_manager_sdk.z.so
7f22e92000-7f22e93000 rw-p 00000000 00:00 0 
7f22eb7000-7f22ebf000 rw-p 00000000 00:00 0 
7f22ec0000-7f22eca000 r--p 00000000 103:20 5094                          /system/lib64/platformsdk/libnative_dataability.z.so
7f22eca000-7f22ed3000 r-xp 00009000 103:20 5094                          /system/lib64/platformsdk/libnative_dataability.z.so
7f22ed3000-7f22ed7000 r--p 00011000 103:20 5094                          /system/lib64/platformsdk/libnative_dataability.z.so
7f22ed7000-7f22ed8000 rw-p 00014000 103:20 5094                          /system/lib64/platformsdk/libnative_dataability.z.so
7f22ef0000-7f22f00000 rw-p 00000000 00:00 0 
7f22f00000-7f22f6b000 r--p 00000000 103:20 3258                          /system/lib64/libgraphics_effect.z.so
7f22f6b000-7f23001000 r-xp 0006a000 103:20 3258                          /system/lib64/libgraphics_effect.z.so
7f23001000-7f2300e000 r--p 000ff000 103:20 3258                          /system/lib64/libgraphics_effect.z.so
7f2300e000-7f23010000 rw-p 0010b000 103:20 3258                          /system/lib64/libgraphics_effect.z.so
7f23010000-7f23011000 rw-p 00000000 00:00 0 
7f23020000-7f23040000 rw-p 00000000 00:00 0 
7f23040000-7f2304b000 r--p 00000000 103:20 3227                          /system/lib64/libfileuri_native.z.so
7f2304b000-7f23065000 r-xp 0000a000 103:20 3227                          /system/lib64/libfileuri_native.z.so
7f23065000-7f23067000 r--p 00023000 103:20 3227                          /system/lib64/libfileuri_native.z.so
7f23067000-7f23068000 rw-p 00024000 103:20 3227                          /system/lib64/libfileuri_native.z.so
7f23068000-7f23069000 rw-p 00000000 00:00 0 
7f23070000-7f23080000 rw-p 00000000 00:00 0 
7f23080000-7f23082000 r--p 00000000 103:20 2585                          /system/lib64/chipset-sdk-sp/libbuffer_handle.z.so
7f23082000-7f23083000 r-xp 00001000 103:20 2585                          /system/lib64/chipset-sdk-sp/libbuffer_handle.z.so
7f23083000-7f23084000 r--p 00001000 103:20 2585                          /system/lib64/chipset-sdk-sp/libbuffer_handle.z.so
7f23084000-7f23085000 rw-p 00001000 103:20 2585                          /system/lib64/chipset-sdk-sp/libbuffer_handle.z.so
7f23085000-7f23086000 rw-p 00000000 00:00 0 
7f23088000-7f230c0000 rw-p 00000000 00:00 0 
7f230c0000-7f230c6000 r--p 00000000 103:20 3008                          /system/lib64/libconcurrent_task_client.z.so
7f230c6000-7f230ca000 r-xp 00005000 103:20 3008                          /system/lib64/libconcurrent_task_client.z.so
7f230ca000-7f230cc000 r--p 00008000 103:20 3008                          /system/lib64/libconcurrent_task_client.z.so
7f230cc000-7f230cd000 rw-p 00009000 103:20 3008                          /system/lib64/libconcurrent_task_client.z.so
7f230d0000-7f230f0000 rw-p 00000000 00:00 0 
7f23100000-7f23118000 r--p 00000000 103:20 2548                          /system/lib64/chipset-sdk/libexif.z.so
7f23118000-7f2312f000 r-xp 00017000 103:20 2548                          /system/lib64/chipset-sdk/libexif.z.so
7f2312f000-7f23146000 r--p 0002d000 103:20 2548                          /system/lib64/chipset-sdk/libexif.z.so
7f23146000-7f23147000 rw-p 00043000 103:20 2548                          /system/lib64/chipset-sdk/libexif.z.so
7f23148000-7f23158000 rw-p 00000000 00:00 0 
7f23160000-7f23180000 rw-p 00000000 00:00 0 
7f23180000-7f23187000 r--p 00000000 103:20 2577                          /system/lib64/chipset-sdk/libxperfservice_client.z.so
7f23187000-7f2318f000 r-xp 00006000 103:20 2577                          /system/lib64/chipset-sdk/libxperfservice_client.z.so
7f2318f000-7f23193000 r--p 0000d000 103:20 2577                          /system/lib64/chipset-sdk/libxperfservice_client.z.so
7f23193000-7f23194000 rw-p 00010000 103:20 2577                          /system/lib64/chipset-sdk/libxperfservice_client.z.so
7f2319e000-7f231b2000 rw-p 00000000 00:00 0 
7f231b4000-7f231c0000 rw-p 00000000 00:00 0 
7f231c0000-7f231d3000 r--p 00000000 103:20 3134                          /system/lib64/libdistributed_device_profile_sdk.z.so
7f231d3000-7f231f9000 r-xp 00012000 103:20 3134                          /system/lib64/libdistributed_device_profile_sdk.z.so
7f231f9000-7f231ff000 r--p 00037000 103:20 3134                          /system/lib64/libdistributed_device_profile_sdk.z.so
7f231ff000-7f23200000 rw-p 0003c000 103:20 3134                          /system/lib64/libdistributed_device_profile_sdk.z.so
7f23200000-7f23211000 r--p 00000000 103:20 5304                          /system/lib64/platformsdk/libuv.so
7f23211000-7f23235000 r-xp 00010000 103:20 5304                          /system/lib64/platformsdk/libuv.so
7f23235000-7f23237000 r--p 00033000 103:20 5304                          /system/lib64/platformsdk/libuv.so
7f23237000-7f23238000 rw-p 00034000 103:20 5304                          /system/lib64/platformsdk/libuv.so
7f23238000-7f23240000 rw-p 00000000 00:00 0 
7f23240000-7f23246000 r--p 00000000 103:20 2608                          /system/lib64/chipset-sdk-sp/libhdi_base.z.so
7f23246000-7f23257000 r-xp 00005000 103:20 2608                          /system/lib64/chipset-sdk-sp/libhdi_base.z.so
7f23257000-7f23259000 r--p 00015000 103:20 2608                          /system/lib64/chipset-sdk-sp/libhdi_base.z.so
7f23259000-7f2325a000 rw-p 00016000 103:20 2608                          /system/lib64/chipset-sdk-sp/libhdi_base.z.so
7f23260000-7f23270000 rw-p 00000000 00:00 0 
7f23280000-7f23282000 r--p 00000000 103:20 5143                          /system/lib64/platformsdk/libpixelconvertadapter.z.so
7f23282000-7f23286000 r-xp 00001000 103:20 5143                          /system/lib64/platformsdk/libpixelconvertadapter.z.so
7f23286000-7f23287000 r--p 00004000 103:20 5143                          /system/lib64/platformsdk/libpixelconvertadapter.z.so
7f23287000-7f23288000 rw-p 00004000 103:20 5143                          /system/lib64/platformsdk/libpixelconvertadapter.z.so
7f23293000-7f232a3000 rw-p 00000000 00:00 0 
7f232b0000-7f232c0000 rw-p 00000000 00:00 0 
7f232c0000-7f232d9000 r--p 00000000 103:20 3158                          /system/lib64/libdlpparse.z.so
7f232d9000-7f23314000 r-xp 00018000 103:20 3158                          /system/lib64/libdlpparse.z.so
7f23314000-7f23318000 r--p 00052000 103:20 3158                          /system/lib64/libdlpparse.z.so
7f23318000-7f23319000 rw-p 00055000 103:20 3158                          /system/lib64/libdlpparse.z.so
7f23320000-7f23330000 rw-p 00000000 00:00 0 
7f23340000-7f23342000 r--p 00000000 103:20 3299                          /system/lib64/libhisysevent_report.z.so
7f23342000-7f23347000 r-xp 00001000 103:20 3299                          /system/lib64/libhisysevent_report.z.so
7f23347000-7f23348000 r--p 00005000 103:20 3299                          /system/lib64/libhisysevent_report.z.so
7f23348000-7f23349000 rw-p 00005000 103:20 3299                          /system/lib64/libhisysevent_report.z.so
7f23349000-7f2334a000 rw-s 00000000 103:30 617                           /data/service/el1/public/database/form_storage/formdb.db-dwr
7f2334a000-7f2334e000 rw-p 00000000 00:00 0 
7f23350000-7f23360000 rw-p 00000000 00:00 0 
7f23380000-7f2338a000 r--p 00000000 103:20 2809                          /system/lib64/libapp_fwk_update_service.z.so
7f2338a000-7f23392000 r-xp 00009000 103:20 2809                          /system/lib64/libapp_fwk_update_service.z.so
7f23392000-7f23396000 r--p 00010000 103:20 2809                          /system/lib64/libapp_fwk_update_service.z.so
7f23396000-7f23397000 rw-p 00013000 103:20 2809                          /system/lib64/libapp_fwk_update_service.z.so
7f2339d000-7f2339e000 rw-p 00000000 00:00 0 
7f233a9000-7f233b9000 rw-p 00000000 00:00 0 
7f233c0000-7f235b3000 r--p 00000000 103:20 4668                          /system/lib64/platformsdk/libark_jsruntime.so
7f235b3000-7f23e5d000 r-xp 001f2000 103:20 4668                          /system/lib64/platformsdk/libark_jsruntime.so
7f23e5d000-7f23e77000 r--p 00a9b000 103:20 4668                          /system/lib64/platformsdk/libark_jsruntime.so
7f23e77000-7f23e7c000 rw-p 00ab4000 103:20 4668                          /system/lib64/platformsdk/libark_jsruntime.so
7f23e7c000-7f23ea5000 rw-p 00000000 00:00 0 
7f23ec0000-7f23ec6000 r--p 00000000 103:20 3555                          /system/lib64/librelational_common_base.z.so
7f23ec6000-7f23ed3000 r-xp 00005000 103:20 3555                          /system/lib64/librelational_common_base.z.so
7f23ed3000-7f23ed4000 r--p 00011000 103:20 3555                          /system/lib64/librelational_common_base.z.so
7f23ed4000-7f23ed5000 rw-p 00011000 103:20 3555                          /system/lib64/librelational_common_base.z.so
7f23f00000-7f23f05000 r--p 00000000 103:20 2596                          /system/lib64/chipset-sdk-sp/libdisplay_buffer_proxy_1.0.z.so
7f23f05000-7f23f0c000 r-xp 00004000 103:20 2596                          /system/lib64/chipset-sdk-sp/libdisplay_buffer_proxy_1.0.z.so
7f23f0c000-7f23f0e000 r--p 0000a000 103:20 2596                          /system/lib64/chipset-sdk-sp/libdisplay_buffer_proxy_1.0.z.so
7f23f0e000-7f23f0f000 rw-p 0000b000 103:20 2596                          /system/lib64/chipset-sdk-sp/libdisplay_buffer_proxy_1.0.z.so
7f23f18000-7f23f40000 rw-p 00000000 00:00 0 
7f23f40000-7f23fdd000 r--p 00000000 103:20 4658                          /system/lib64/platformsdk/libappexecfwk_core.z.so
7f23fdd000-7f240e9000 r-xp 0009c000 103:20 4658                          /system/lib64/platformsdk/libappexecfwk_core.z.so
7f240e9000-7f24106000 r--p 001a7000 103:20 4658                          /system/lib64/platformsdk/libappexecfwk_core.z.so
7f24106000-7f24107000 rw-p 001c3000 103:20 4658                          /system/lib64/platformsdk/libappexecfwk_core.z.so
7f24107000-7f24108000 rw-p 00000000 00:00 0 
7f2410e000-7f2410f000 rw-p 00000000 00:00 0 
7f24114000-7f24120000 rw-p 00000000 00:00 0 
7f24120000-7f24130000 rw-p 00000000 00:00 0 
7f24140000-7f24142000 r--p 00000000 103:20 5297                          /system/lib64/platformsdk/libusagestatsutils.z.so
7f24142000-7f24146000 r-xp 00001000 103:20 5297                          /system/lib64/platformsdk/libusagestatsutils.z.so
7f24146000-7f24147000 r--p 00004000 103:20 5297                          /system/lib64/platformsdk/libusagestatsutils.z.so
7f24147000-7f24148000 rw-p 00004000 103:20 5297                          /system/lib64/platformsdk/libusagestatsutils.z.so
7f2414c000-7f2415c000 rw-p 00000000 00:00 0 
7f24166000-7f24176000 rw-p 00000000 00:00 0 
7f24180000-7f2419d000 r--p 00000000 103:20 5311                          /system/lib64/platformsdk/libvsync.z.so
7f2419d000-7f241c6000 r-xp 0001c000 103:20 5311                          /system/lib64/platformsdk/libvsync.z.so
7f241c6000-7f241cb000 r--p 00044000 103:20 5311                          /system/lib64/platformsdk/libvsync.z.so
7f241cb000-7f241cc000 rw-p 00048000 103:20 5311                          /system/lib64/platformsdk/libvsync.z.so
7f241cc000-7f241cd000 rw-p 00000000 00:00 0 
7f241d0000-7f241d2000 rw-p 00000000 00:00 0 
7f241d4000-7f241d5000 rw-p 00000000 00:00 0 
7f241f0000-7f24200000 rw-p 00000000 00:00 0 
7f24200000-7f2423d000 r--p 00000000 103:20 3133                          /system/lib64/libdistributed_device_profile_common.z.so
7f2423d000-7f24293000 r-xp 0003c000 103:20 3133                          /system/lib64/libdistributed_device_profile_common.z.so
7f24293000-7f2429b000 r--p 00091000 103:20 3133                          /system/lib64/libdistributed_device_profile_common.z.so
7f2429b000-7f2429c000 rw-p 00098000 103:20 3133                          /system/lib64/libdistributed_device_profile_common.z.so
7f2429c000-7f2429f000 rw-p 00000000 00:00 0 
7f242a2000-7f242a4000 rw-p 00000000 00:00 0 
7f242b8000-7f242c0000 rw-p 00000000 00:00 0 
7f242c0000-7f2437e000 r--p 00000000 103:20 5170                          /system/lib64/platformsdk/librender_service_client.z.so
7f2437e000-7f245a4000 r-xp 000bd000 103:20 5170                          /system/lib64/platformsdk/librender_service_client.z.so
7f245a4000-7f245b4000 r--p 002e2000 103:20 5170                          /system/lib64/platformsdk/librender_service_client.z.so
7f245b4000-7f245b5000 rw-p 002f1000 103:20 5170                          /system/lib64/platformsdk/librender_service_client.z.so
7f245b5000-7f245b8000 rw-p 00000000 00:00 0 
7f245c0000-7f245d2000 r--p 00000000 103:20 5216                          /system/lib64/platformsdk/libsession_manager_lite.z.so
7f245d2000-7f245f3000 r-xp 00011000 103:20 5216                          /system/lib64/platformsdk/libsession_manager_lite.z.so
7f245f3000-7f245f8000 r--p 00031000 103:20 5216                          /system/lib64/platformsdk/libsession_manager_lite.z.so
7f245f8000-7f245f9000 rw-p 00035000 103:20 5216                          /system/lib64/platformsdk/libsession_manager_lite.z.so
7f24600000-7f2467d000 r--p 00000000 103:20 4650                          /system/lib64/platformsdk/libapp_manager.z.so
7f2467d000-7f24728000 r-xp 0007c000 103:20 4650                          /system/lib64/platformsdk/libapp_manager.z.so
7f24728000-7f24744000 r--p 00126000 103:20 4650                          /system/lib64/platformsdk/libapp_manager.z.so
7f24744000-7f24745000 rw-p 00141000 103:20 4650                          /system/lib64/platformsdk/libapp_manager.z.so
7f24745000-7f24746000 rw-p 00000000 00:00 0 
7f24747000-7f24757000 rw-p 00000000 00:00 0 
7f24780000-7f2478b000 r--p 00000000 103:20 5155                          /system/lib64/platformsdk/libprivacy_sdk.z.so
7f2478b000-7f247a2000 r-xp 0000a000 103:20 5155                          /system/lib64/platformsdk/libprivacy_sdk.z.so
7f247a2000-7f247a8000 r--p 00020000 103:20 5155                          /system/lib64/platformsdk/libprivacy_sdk.z.so
7f247a8000-7f247a9000 rw-p 00025000 103:20 5155                          /system/lib64/platformsdk/libprivacy_sdk.z.so
7f247b0000-7f247c0000 rw-p 00000000 00:00 0 
7f247c0000-7f247c4000 r--p 00000000 103:20 2620                          /system/lib64/chipset-sdk-sp/libpub_utils.z.so
7f247c4000-7f247c9000 r-xp 00003000 103:20 2620                          /system/lib64/chipset-sdk-sp/libpub_utils.z.so
7f247c9000-7f247ca000 r--p 00007000 103:20 2620                          /system/lib64/chipset-sdk-sp/libpub_utils.z.so
7f247ca000-7f247cb000 rw-p 00007000 103:20 2620                          /system/lib64/chipset-sdk-sp/libpub_utils.z.so
7f247ce000-7f247d0000 rw-p 00000000 00:00 0 
7f247ec000-7f247ed000 rw-p 00000000 00:00 0 
7f247ee000-7f247f7000 rw-p 00000000 00:00 0 
7f247f8000-7f247fa000 rw-p 00000000 00:00 0 
7f24800000-7f24803000 r--p 00000000 103:20 2581                          /system/lib64/chipset-sdk-sp/libasync_stack.z.so
7f24803000-7f24806000 r-xp 00002000 103:20 2581                          /system/lib64/chipset-sdk-sp/libasync_stack.z.so
7f24806000-7f24807000 r--p 00004000 103:20 2581                          /system/lib64/chipset-sdk-sp/libasync_stack.z.so
7f24807000-7f24808000 rw-p 00004000 103:20 2581                          /system/lib64/chipset-sdk-sp/libasync_stack.z.so
7f24809000-7f2480a000 rw-p 00000000 00:00 0 
7f2480b000-7f2480c000 rw-p 00000000 00:00 0 
7f2480f000-7f24822000 rw-p 00000000 00:00 0 
7f24825000-7f24826000 rw-p 00000000 00:00 0 
7f24830000-7f24840000 rw-p 00000000 00:00 0 
7f24840000-7f2485b000 r--p 00000000 103:20 5037                          /system/lib64/platformsdk/libipc_napi.z.so
7f2485b000-7f2488b000 r-xp 0001a000 103:20 5037                          /system/lib64/platformsdk/libipc_napi.z.so
7f2488b000-7f24891000 r--p 00049000 103:20 5037                          /system/lib64/platformsdk/libipc_napi.z.so
7f24891000-7f24892000 rw-p 0004e000 103:20 5037                          /system/lib64/platformsdk/libipc_napi.z.so
7f24892000-7f24893000 rw-p 00000000 00:00 0 
7f24894000-7f24896000 rw-p 00000000 00:00 0 
7f24897000-7f24898000 rw-p 00000000 00:00 0 
7f2489b000-7f2489c000 rw-p 00000000 00:00 0 
7f2489d000-7f2489e000 rw-p 00000000 00:00 0 
7f2489f000-7f248af000 rw-p 00000000 00:00 0 
7f248bb000-7f248bc000 rw-p 00000000 00:00 0 
7f248bc000-7f248c0000 rw-p 00000000 00:00 0 
7f248c0000-7f248c3000 r--p 00000000 103:20 4924                          /system/lib64/platformsdk/libdistributeddata_mgr.z.so
7f248c3000-7f248c7000 r-xp 00002000 103:20 4924                          /system/lib64/platformsdk/libdistributeddata_mgr.z.so
7f248c7000-7f248c9000 r--p 00005000 103:20 4924                          /system/lib64/platformsdk/libdistributeddata_mgr.z.so
7f248c9000-7f248ca000 rw-p 00006000 103:20 4924                          /system/lib64/platformsdk/libdistributeddata_mgr.z.so
7f248cb000-7f248cc000 rw-p 00000000 00:00 0 
7f248ce000-7f248de000 rw-p 00000000 00:00 0 
7f248ea000-7f248eb000 rw-s 00000000 103:30 617                           /data/service/el1/public/database/form_storage/formdb.db-dwr
7f248eb000-7f248ec000 rw-p 00000000 00:00 0 
7f248ec000-7f248ed000 rw-s 00000000 103:30 617                           /data/service/el1/public/database/form_storage/formdb.db-dwr
7f248ed000-7f248ee000 rw-p 00000000 00:00 0 
7f248ee000-7f248ef000 rw-s 00000000 103:30 617                           /data/service/el1/public/database/form_storage/formdb.db-dwr
7f248ef000-7f248f0000 rw-p 00000000 00:00 0 
7f24900000-7f24901000 r--p 00000000 103:20 4607                          /system/lib64/platformsdk/libabsl_strings_internal.z.so
7f24901000-7f24903000 r-xp 00000000 103:20 4607                          /system/lib64/platformsdk/libabsl_strings_internal.z.so
7f24903000-7f24904000 r--p 00001000 103:20 4607                          /system/lib64/platformsdk/libabsl_strings_internal.z.so
7f24904000-7f24905000 rw-p 00001000 103:20 4607                          /system/lib64/platformsdk/libabsl_strings_internal.z.so
7f24905000-7f24906000 rw-p 00000000 00:00 0 
7f24909000-7f24921000 rw-p 00000000 00:00 0 
7f24927000-7f24937000 rw-p 00000000 00:00 0 
7f24940000-7f24943000 r--p 00000000 103:20 5091                          /system/lib64/platformsdk/libnative_appdatafwk.z.so
7f24943000-7f24948000 r-xp 00002000 103:20 5091                          /system/lib64/platformsdk/libnative_appdatafwk.z.so
7f24948000-7f24949000 r--p 00006000 103:20 5091                          /system/lib64/platformsdk/libnative_appdatafwk.z.so
7f24949000-7f2494a000 rw-p 00006000 103:20 5091                          /system/lib64/platformsdk/libnative_appdatafwk.z.so
7f2494c000-7f2494d000 rw-p 00000000 00:00 0 
7f2494e000-7f24950000 rw-p 00000000 00:00 0 
7f24980000-7f24984000 r--p 00000000 103:20 2597                          /system/lib64/chipset-sdk-sp/libdisplay_buffer_proxy_1.1.z.so
7f24984000-7f24989000 r-xp 00003000 103:20 2597                          /system/lib64/chipset-sdk-sp/libdisplay_buffer_proxy_1.1.z.so
7f24989000-7f2498b000 r--p 00007000 103:20 2597                          /system/lib64/chipset-sdk-sp/libdisplay_buffer_proxy_1.1.z.so
7f2498b000-7f2498c000 rw-p 00008000 103:20 2597                          /system/lib64/chipset-sdk-sp/libdisplay_buffer_proxy_1.1.z.so
7f2499a000-7f2499c000 rw-p 00000000 00:00 0 
7f249c0000-7f24b53000 r--p 00000000 103:20 2560                          /system/lib64/chipset-sdk/libohosffmpeg.z.so
7f24b53000-7f2503a000 r-xp 00192000 103:20 2560                          /system/lib64/chipset-sdk/libohosffmpeg.z.so
7f2503a000-7f25085000 r--p 00678000 103:20 2560                          /system/lib64/chipset-sdk/libohosffmpeg.z.so
7f25085000-7f25087000 rw-p 006c2000 103:20 2560                          /system/lib64/chipset-sdk/libohosffmpeg.z.so
7f25087000-7f26383000 rw-p 00000000 00:00 0 
7f26386000-7f2638a000 rw-p 00000000 00:00 0 
7f26397000-7f263b7000 rw-p 00000000 00:00 0 
7f263b8000-7f263c0000 rw-p 00000000 00:00 0 
7f263c0000-7f263d1000 r--p 00000000 103:20 5124                          /system/lib64/platformsdk/libnstackx_dfile.open.z.so
7f263d1000-7f263f5000 r-xp 00010000 103:20 5124                          /system/lib64/platformsdk/libnstackx_dfile.open.z.so
7f263f5000-7f263f7000 r--p 00033000 103:20 5124                          /system/lib64/platformsdk/libnstackx_dfile.open.z.so
7f263f7000-7f263f8000 rw-p 00034000 103:20 5124                          /system/lib64/platformsdk/libnstackx_dfile.open.z.so
7f26400000-7f26413000 r--p 00000000 103:20 2614                          /system/lib64/chipset-sdk-sp/libjsoncpp.z.so
7f26413000-7f26433000 r-xp 00012000 103:20 2614                          /system/lib64/chipset-sdk-sp/libjsoncpp.z.so
7f26433000-7f26435000 r--p 00031000 103:20 2614                          /system/lib64/chipset-sdk-sp/libjsoncpp.z.so
7f26435000-7f26436000 rw-p 00032000 103:20 2614                          /system/lib64/chipset-sdk-sp/libjsoncpp.z.so
7f26440000-7f26442000 r--p 00000000 103:20 4645                          /system/lib64/platformsdk/libapi_cache_manager.z.so
7f26442000-7f26448000 r-xp 00001000 103:20 4645                          /system/lib64/platformsdk/libapi_cache_manager.z.so
7f26448000-7f26449000 r--p 00006000 103:20 4645                          /system/lib64/platformsdk/libapi_cache_manager.z.so
7f26449000-7f2644a000 rw-p 00006000 103:20 4645                          /system/lib64/platformsdk/libapi_cache_manager.z.so
7f26470000-7f26480000 rw-p 00000000 00:00 0 
7f26480000-7f26487000 r--p 00000000 103:20 4937                          /system/lib64/platformsdk/libdrawable_descriptor.z.so
7f26487000-7f26496000 r-xp 00006000 103:20 4937                          /system/lib64/platformsdk/libdrawable_descriptor.z.so
7f26496000-7f26497000 r--p 00014000 103:20 4937                          /system/lib64/platformsdk/libdrawable_descriptor.z.so
7f26497000-7f26498000 rw-p 00014000 103:20 4937                          /system/lib64/platformsdk/libdrawable_descriptor.z.so
7f26499000-7f2649a000 rw-p 00000000 00:00 0 
7f264b3000-7f264bb000 rw-s 00000000 103:30 625                           /data/service/el1/public/database/form_storage/formdb_slave.db-shm
7f264bb000-7f264c0000 rw-p 00000000 00:00 0 
7f264c0000-7f264c4000 r--p 00000000 103:20 4862                          /system/lib64/platformsdk/libcolor_space_object_convertor.z.so
7f264c4000-7f264ca000 r-xp 00003000 103:20 4862                          /system/lib64/platformsdk/libcolor_space_object_convertor.z.so
7f264ca000-7f264cb000 r--p 00008000 103:20 4862                          /system/lib64/platformsdk/libcolor_space_object_convertor.z.so
7f264cb000-7f264cc000 rw-p 00008000 103:20 4862                          /system/lib64/platformsdk/libcolor_space_object_convertor.z.so
7f264d2000-7f264da000 rw-p 00000000 00:00 0 
7f26500000-7f26504000 r--p 00000000 103:20 3434                          /system/lib64/libmmi_rust_key_config.z.so
7f26504000-7f2650b000 r-xp 00003000 103:20 3434                          /system/lib64/libmmi_rust_key_config.z.so
7f2650b000-7f2650c000 r--p 00009000 103:20 3434                          /system/lib64/libmmi_rust_key_config.z.so
7f2650c000-7f2650d000 rw-p 00009000 103:20 3434                          /system/lib64/libmmi_rust_key_config.z.so
7f2650d000-7f26510000 rw-p 00000000 00:00 0 
7f26524000-7f26540000 rw-p 00000000 00:00 0 
7f26540000-7f26572000 r--p 00000000 103:20 2629                          /system/lib64/chipset-sdk-sp/libsurface.z.so
7f26572000-7f265c0000 r-xp 00031000 103:20 2629                          /system/lib64/chipset-sdk-sp/libsurface.z.so
7f265c0000-7f265c8000 r--p 0007e000 103:20 2629                          /system/lib64/chipset-sdk-sp/libsurface.z.so
7f265c8000-7f265c9000 rw-p 00085000 103:20 2629                          /system/lib64/chipset-sdk-sp/libsurface.z.so
7f265c9000-7f265cb000 rw-p 00000000 00:00 0 
7f265ee000-7f26600000 rw-p 00000000 00:00 0 
7f26600000-7f2663c000 r--p 00000000 103:20 4992                          /system/lib64/platformsdk/libglobal_resmgr.z.so
7f2663c000-7f266a0000 r-xp 0003b000 103:20 4992                          /system/lib64/platformsdk/libglobal_resmgr.z.so
7f266a0000-7f266a5000 r--p 0009e000 103:20 4992                          /system/lib64/platformsdk/libglobal_resmgr.z.so
7f266a5000-7f266a6000 rw-p 000a2000 103:20 4992                          /system/lib64/platformsdk/libglobal_resmgr.z.so
7f266a8000-7f266a9000 rw-p 00000000 00:00 0 
7f266ad000-7f266ae000 rw-s 00000000 103:30 622                           /data/service/el1/public/database/form_storage/formdb_slave.db-dwr
7f266b5000-7f266b7000 rw-p 00000000 00:00 0 
7f266b8000-7f266c0000 rw-p 00000000 00:00 0 
7f266c0000-7f266c1000 r--p 00000000 103:20 4605                          /system/lib64/platformsdk/libabsl_raw_logging_internal.z.so
7f266c1000-7f266c3000 r-xp 00000000 103:20 4605                          /system/lib64/platformsdk/libabsl_raw_logging_internal.z.so
7f266c3000-7f266c4000 r--p 00001000 103:20 4605                          /system/lib64/platformsdk/libabsl_raw_logging_internal.z.so
7f266c4000-7f266c5000 rw-p 00001000 103:20 4605                          /system/lib64/platformsdk/libabsl_raw_logging_internal.z.so
7f266ca000-7f266cb000 rw-p 00000000 00:00 0 
7f266d2000-7f266d3000 rw-p 00000000 00:00 0 
7f266d4000-7f266d5000 rw-p 00000000 00:00 0 
7f26700000-7f2670a000 r--p 00000000 103:20 2807                          /system/lib64/libapp_domain_verify_mgr_client.z.so
7f2670a000-7f2671c000 r-xp 00009000 103:20 2807                          /system/lib64/libapp_domain_verify_mgr_client.z.so
7f2671c000-7f2671e000 r--p 0001a000 103:20 2807                          /system/lib64/libapp_domain_verify_mgr_client.z.so
7f2671e000-7f2671f000 rw-p 0001b000 103:20 2807                          /system/lib64/libapp_domain_verify_mgr_client.z.so
7f2672c000-7f2673d000 rw-p 00000000 00:00 0 
7f26740000-7f26742000 r--p 00000000 103:20 5156                          /system/lib64/platformsdk/libprocess_options.z.so
7f26742000-7f26746000 r-xp 00001000 103:20 5156                          /system/lib64/platformsdk/libprocess_options.z.so
7f26746000-7f26747000 r--p 00004000 103:20 5156                          /system/lib64/platformsdk/libprocess_options.z.so
7f26747000-7f26748000 rw-p 00004000 103:20 5156                          /system/lib64/platformsdk/libprocess_options.z.so
7f26757000-7f26758000 rw-p 00000000 00:00 0 
7f2675a000-7f2675b000 rw-p 00000000 00:00 0 
7f26770000-7f26780000 rw-p 00000000 00:00 0 
7f26780000-7f26799000 r--p 00000000 103:20 2561                          /system/lib64/chipset-sdk/libpng.z.so
7f26799000-7f267d0000 r-xp 00018000 103:20 2561                          /system/lib64/chipset-sdk/libpng.z.so
7f267d0000-7f267d2000 r--p 0004e000 103:20 2561                          /system/lib64/chipset-sdk/libpng.z.so
7f267d2000-7f267d3000 rw-p 0004f000 103:20 2561                          /system/lib64/chipset-sdk/libpng.z.so
7f267d6000-7f267de000 rw-s 00000000 103:30 620                           /data/service/el1/public/database/form_storage/formdb.db-shm
7f267f8000-7f26800000 rw-p 00000000 00:00 0 
7f26800000-7f26811000 r--p 00000000 103:20 5243                          /system/lib64/platformsdk/libstorage_manager_sa_proxy.z.so
7f26811000-7f26837000 r-xp 00010000 103:20 5243                          /system/lib64/platformsdk/libstorage_manager_sa_proxy.z.so
7f26837000-7f2683c000 r--p 00035000 103:20 5243                          /system/lib64/platformsdk/libstorage_manager_sa_proxy.z.so
7f2683c000-7f2683d000 rw-p 00039000 103:20 5243                          /system/lib64/platformsdk/libstorage_manager_sa_proxy.z.so
7f26840000-7f26848000 r--p 00000000 103:20 2804                          /system/lib64/libapp_domain_verify_common.z.so
7f26848000-7f26852000 r-xp 00007000 103:20 2804                          /system/lib64/libapp_domain_verify_common.z.so
7f26852000-7f26855000 r--p 00010000 103:20 2804                          /system/lib64/libapp_domain_verify_common.z.so
7f26855000-7f26856000 rw-p 00012000 103:20 2804                          /system/lib64/libapp_domain_verify_common.z.so
7f26858000-7f26864000 rw-p 00000000 00:00 0 
7f2687b000-7f2687d000 rw-p 00000000 00:00 0 
7f26880000-7f26884000 r--p 00000000 103:20 4596                          /system/lib64/platformsdk/libability_start_options.z.so
7f26884000-7f2688a000 r-xp 00003000 103:20 4596                          /system/lib64/platformsdk/libability_start_options.z.so
7f2688a000-7f2688c000 r--p 00008000 103:20 4596                          /system/lib64/platformsdk/libability_start_options.z.so
7f2688c000-7f2688d000 rw-p 00009000 103:20 4596                          /system/lib64/platformsdk/libability_start_options.z.so
7f26897000-7f268a7000 rw-p 00000000 00:00 0 
7f268ab000-7f268ac000 rw-p 00000000 00:00 0 
7f268b0000-7f268b2000 rw-p 00000000 00:00 0 
7f268b4000-7f268b5000 rw-p 00000000 00:00 0 
7f268c0000-7f26936000 r--p 00000000 103:20 5034                          /system/lib64/platformsdk/libintl_util.z.so
7f26936000-7f26a34000 r-xp 00075000 103:20 5034                          /system/lib64/platformsdk/libintl_util.z.so
7f26a34000-7f26a39000 r--p 00172000 103:20 5034                          /system/lib64/platformsdk/libintl_util.z.so
7f26a39000-7f26a3a000 rw-p 00176000 103:20 5034                          /system/lib64/platformsdk/libintl_util.z.so
7f26a3a000-7f26a3d000 rw-p 00000000 00:00 0 
7f26a40000-7f26a45000 r--p 00000000 103:20 5080                          /system/lib64/platformsdk/libmodal_system_ui_extension_client.z.so
7f26a45000-7f26a4a000 r-xp 00004000 103:20 5080                          /system/lib64/platformsdk/libmodal_system_ui_extension_client.z.so
7f26a4a000-7f26a4c000 r--p 00008000 103:20 5080                          /system/lib64/platformsdk/libmodal_system_ui_extension_client.z.so
7f26a4c000-7f26a4d000 rw-p 00009000 103:20 5080                          /system/lib64/platformsdk/libmodal_system_ui_extension_client.z.so
7f26a55000-7f26a65000 rw-p 00000000 00:00 0 
7f26a6f000-7f26a70000 rw-p 00000000 00:00 0 
7f26a80000-7f26a88000 r--p 00000000 103:20 2583                          /system/lib64/chipset-sdk-sp/libbeget_proxy.z.so
7f26a88000-7f26a95000 r-xp 00007000 103:20 2583                          /system/lib64/chipset-sdk-sp/libbeget_proxy.z.so
7f26a95000-7f26a9b000 r--p 00013000 103:20 2583                          /system/lib64/chipset-sdk-sp/libbeget_proxy.z.so
7f26a9b000-7f26a9c000 rw-p 00018000 103:20 2583                          /system/lib64/chipset-sdk-sp/libbeget_proxy.z.so
7f26a9d000-7f26aae000 rw-p 00000000 00:00 0 
7f26aba000-7f26abb000 rw-p 00000000 00:00 0 
7f26abe000-7f26abf000 rw-p 00000000 00:00 0 
7f26ac0000-7f26ad6000 r--p 00000000 103:20 2810                          /system/lib64/libapp_util.z.so
7f26ad6000-7f26af4000 r-xp 00015000 103:20 2810                          /system/lib64/libapp_util.z.so
7f26af4000-7f26af6000 r--p 00032000 103:20 2810                          /system/lib64/libapp_util.z.so
7f26af6000-7f26af7000 rw-p 00033000 103:20 2810                          /system/lib64/libapp_util.z.so
7f26b00000-7f26b1b000 r--p 00000000 103:20 4999                          /system/lib64/platformsdk/libheifparser.z.so
7f26b1b000-7f26b45000 r-xp 0001a000 103:20 4999                          /system/lib64/platformsdk/libheifparser.z.so
7f26b45000-7f26b4a000 r--p 00043000 103:20 4999                          /system/lib64/platformsdk/libheifparser.z.so
7f26b4a000-7f26b4b000 rw-p 00047000 103:20 4999                          /system/lib64/platformsdk/libheifparser.z.so
7f26b4c000-7f26b54000 rw-p 00000000 00:00 0 
7f26b5b000-7f26b80000 rw-p 00000000 00:00 0 
7f26b80000-7f26b99000 r--p 00000000 103:20 4617                          /system/lib64/platformsdk/libaccount_common.z.so
7f26b99000-7f26bc0000 r-xp 00018000 103:20 4617                          /system/lib64/platformsdk/libaccount_common.z.so
7f26bc0000-7f26bc2000 r--p 0003e000 103:20 4617                          /system/lib64/platformsdk/libaccount_common.z.so
7f26bc2000-7f26bc3000 rw-p 0003f000 103:20 4617                          /system/lib64/platformsdk/libaccount_common.z.so
7f26bc4000-7f26bd5000 rw-p 00000000 00:00 0 
7f26bd6000-7f26bec000 rw-p 00000000 00:00 0 
7f26bec000-7f26bed000 rw-s 00000000 103:30 3081                          /data/service/el1/public/database/insight_intent/insight_intent.db-dwr
7f26bed000-7f26bee000 rw-s 00000000 103:30 3081                          /data/service/el1/public/database/insight_intent/insight_intent.db-dwr
7f26bee000-7f26bef000 rw-s 00000000 103:30 3081                          /data/service/el1/public/database/insight_intent/insight_intent.db-dwr
7f26bef000-7f26bf0000 rw-s 00000000 103:30 3081                          /data/service/el1/public/database/insight_intent/insight_intent.db-dwr
7f26bf0000-7f26bf1000 rw-p 00000000 00:00 0 
7f26bf4000-7f26bfc000 rw-s 00000000 103:30 3084                          /data/service/el1/public/database/insight_intent/insight_intent.db-shm
7f26c00000-7f26f66000 r--p 00000000 103:20 5169                          /system/lib64/platformsdk/librender_service_base.z.so
7f26f66000-7f274af000 r-xp 00365000 103:20 5169                          /system/lib64/platformsdk/librender_service_base.z.so
7f274af000-7f27513000 r--p 008ad000 103:20 5169                          /system/lib64/platformsdk/librender_service_base.z.so
7f27513000-7f27515000 rw-p 00910000 103:20 5169                          /system/lib64/platformsdk/librender_service_base.z.so
7f27515000-7f2751f000 rw-p 00000000 00:00 0 
7f27528000-7f27538000 rw-p 00000000 00:00 0 
7f27540000-7f2756b000 r--p 00000000 103:20 4610                          /system/lib64/platformsdk/libaccessibility_interface.z.so
7f2756b000-7f275cb000 r-xp 0002a000 103:20 4610                          /system/lib64/platformsdk/libaccessibility_interface.z.so
7f275cb000-7f275d8000 r--p 00089000 103:20 4610                          /system/lib64/platformsdk/libaccessibility_interface.z.so
7f275d8000-7f275d9000 rw-p 00095000 103:20 4610                          /system/lib64/platformsdk/libaccessibility_interface.z.so
7f275d9000-7f275da000 rw-p 00000000 00:00 0 
7f275e4000-7f27600000 rw-p 00000000 00:00 0 
7f27600000-7f2760f000 r--p 00000000 103:20 3601                          /system/lib64/libsecurity_component_sdk.z.so
7f2760f000-7f27622000 r-xp 0000e000 103:20 3601                          /system/lib64/libsecurity_component_sdk.z.so
7f27622000-7f27625000 r--p 00020000 103:20 3601                          /system/lib64/libsecurity_component_sdk.z.so
7f27625000-7f27626000 rw-p 00022000 103:20 3601                          /system/lib64/libsecurity_component_sdk.z.so
7f27626000-7f27627000 rw-p 00000000 00:00 0 
7f27631000-7f27632000 rw-p 00000000 00:00 0 
7f27635000-7f27636000 rw-s 00000000 103:30 3081                          /data/service/el1/public/database/insight_intent/insight_intent.db-dwr
7f27640000-7f2764c000 r--p 00000000 103:20 2607                          /system/lib64/chipset-sdk-sp/libhdi.z.so
7f2764c000-7f27658000 r-xp 0000b000 103:20 2607                          /system/lib64/chipset-sdk-sp/libhdi.z.so
7f27658000-7f2765b000 r--p 00016000 103:20 2607                          /system/lib64/chipset-sdk-sp/libhdi.z.so
7f2765b000-7f2765c000 rw-p 00018000 103:20 2607                          /system/lib64/chipset-sdk-sp/libhdi.z.so
7f27666000-7f27677000 rw-p 00000000 00:00 0 
7f2767e000-7f27680000 rw-p 00000000 00:00 0 
7f27680000-7f27685000 r--p 00000000 103:20 4983                          /system/lib64/platformsdk/libframe_analyzer.z.so
7f27685000-7f2768c000 r-xp 00004000 103:20 4983                          /system/lib64/platformsdk/libframe_analyzer.z.so
7f2768c000-7f2768d000 r--p 0000a000 103:20 4983                          /system/lib64/platformsdk/libframe_analyzer.z.so
7f2768d000-7f2768e000 rw-p 0000a000 103:20 4983                          /system/lib64/platformsdk/libframe_analyzer.z.so
7f2768e000-7f27692000 rw-p 00000000 00:00 0 
7f27695000-7f276a0000 rw-p 00000000 00:00 0 
7f276a2000-7f276b2000 rw-p 00000000 00:00 0 
7f276b7000-7f276b9000 ---p 00000000 00:00 0 
7f276b9000-7f276c0000 rw-p 00000000 00:00 0 
7f276c0000-7f27750000 r--p 00000000 103:20 3650                          /system/lib64/libstd.dylib.so
7f27750000-7f277de000 r-xp 0008f000 103:20 3650                          /system/lib64/libstd.dylib.so
7f277de000-7f277e7000 r--p 0011c000 103:20 3650                          /system/lib64/libstd.dylib.so
7f277e7000-7f277e8000 rw-p 00124000 103:20 3650                          /system/lib64/libstd.dylib.so
7f277e8000-7f277e9000 rw-p 00000000 00:00 0 
7f277f0000-7f27800000 rw-p 00000000 00:00 0 
7f27800000-7f2781c000 r--p 00000000 103:20 3262                          /system/lib64/libhapverify.z.so
7f2781c000-7f2784e000 r-xp 0001b000 103:20 3262                          /system/lib64/libhapverify.z.so
7f2784e000-7f27850000 r--p 0004c000 103:20 3262                          /system/lib64/libhapverify.z.so
7f27850000-7f27851000 rw-p 0004d000 103:20 3262                          /system/lib64/libhapverify.z.so
7f27851000-7f27852000 rw-p 00000000 00:00 0 
7f27854000-7f27856000 rw-p 00000000 00:00 0 
7f27857000-7f27859000 ---p 00000000 00:00 0 
7f27859000-7f27880000 rw-p 00000000 00:00 0 
7f27880000-7f278b1000 r--p 00000000 103:20 5232                          /system/lib64/platformsdk/libsqlite.z.so
7f278b1000-7f279f6000 r-xp 00030000 103:20 5232                          /system/lib64/platformsdk/libsqlite.z.so
7f279f6000-7f279fa000 r--p 00174000 103:20 5232                          /system/lib64/platformsdk/libsqlite.z.so
7f279fa000-7f279fe000 rw-p 00177000 103:20 5232                          /system/lib64/platformsdk/libsqlite.z.so
7f279fe000-7f27a00000 rw-p 00000000 00:00 0 
7f27a00000-7f27a27000 r--p 00000000 103:20 5229                          /system/lib64/platformsdk/libsoftbus_utils.z.so
7f27a27000-7f27a6a000 r-xp 00026000 103:20 5229                          /system/lib64/platformsdk/libsoftbus_utils.z.so
7f27a6a000-7f27a6c000 r--p 00068000 103:20 5229                          /system/lib64/platformsdk/libsoftbus_utils.z.so
7f27a6c000-7f27a6f000 rw-p 00069000 103:20 5229                          /system/lib64/platformsdk/libsoftbus_utils.z.so
7f27a6f000-7f27a70000 rw-p 00000000 00:00 0 
7f27a80000-7f27aab000 r--p 00000000 103:20 5079                          /system/lib64/platformsdk/libmmi-util.z.so
7f27aab000-7f27aea000 r-xp 0002a000 103:20 5079                          /system/lib64/platformsdk/libmmi-util.z.so
7f27aea000-7f27aed000 r--p 00068000 103:20 5079                          /system/lib64/platformsdk/libmmi-util.z.so
7f27aed000-7f27aee000 rw-p 0006a000 103:20 5079                          /system/lib64/platformsdk/libmmi-util.z.so
7f27aee000-7f27aef000 rw-p 00000000 00:00 0 
7f27af0000-7f27b00000 rw-p 00000000 00:00 0 
7f27b00000-7f27c3a000 r--p 00000000 103:20 2924                          /system/lib64/libbms.z.so
7f27c3a000-7f28069000 r-xp 00139000 103:20 2924                          /system/lib64/libbms.z.so
7f28069000-7f28093000 r--p 00568000 103:20 2924                          /system/lib64/libbms.z.so
7f28093000-7f28094000 rw-p 00591000 103:20 2924                          /system/lib64/libbms.z.so
7f28094000-7f2809d000 rw-p 00000000 00:00 0 
7f280c0000-7f280ca000 r--p 00000000 103:20 2626                          /system/lib64/chipset-sdk-sp/libshared_libz.z.so
7f280ca000-7f280df000 r-xp 00009000 103:20 2626                          /system/lib64/chipset-sdk-sp/libshared_libz.z.so
7f280df000-7f280e1000 r--p 0001d000 103:20 2626                          /system/lib64/chipset-sdk-sp/libshared_libz.z.so
7f280e1000-7f280e2000 rw-p 0001e000 103:20 2626                          /system/lib64/chipset-sdk-sp/libshared_libz.z.so
7f280e6000-7f280e8000 rw-p 00000000 00:00 0 
7f280f0000-7f28100000 rw-p 00000000 00:00 0 
7f28100000-7f28111000 r--p 00000000 103:20 4882                          /system/lib64/platformsdk/libdataobs_manager.z.so
7f28111000-7f28128000 r-xp 00010000 103:20 4882                          /system/lib64/platformsdk/libdataobs_manager.z.so
7f28128000-7f2812c000 r--p 00026000 103:20 4882                          /system/lib64/platformsdk/libdataobs_manager.z.so
7f2812c000-7f2812d000 rw-p 00029000 103:20 4882                          /system/lib64/platformsdk/libdataobs_manager.z.so
7f28130000-7f28140000 rw-p 00000000 00:00 0 
7f28140000-7f28180000 r--p 00000000 103:20 5315                          /system/lib64/platformsdk/libwant.z.so
7f28180000-7f281ee000 r-xp 0003f000 103:20 5315                          /system/lib64/platformsdk/libwant.z.so
7f281ee000-7f281f3000 r--p 000ac000 103:20 5315                          /system/lib64/platformsdk/libwant.z.so
7f281f3000-7f281f4000 rw-p 000b0000 103:20 5315                          /system/lib64/platformsdk/libwant.z.so
7f281f4000-7f281f5000 rw-p 00000000 00:00 0 
7f28200000-7f28202000 r--p 00000000 103:20 5122                          /system/lib64/platformsdk/libnstackx_congestion.open.z.so
7f28202000-7f28205000 r-xp 00001000 103:20 5122                          /system/lib64/platformsdk/libnstackx_congestion.open.z.so
7f28205000-7f28206000 r--p 00003000 103:20 5122                          /system/lib64/platformsdk/libnstackx_congestion.open.z.so
7f28206000-7f28207000 rw-p 00003000 103:20 5122                          /system/lib64/platformsdk/libnstackx_congestion.open.z.so
7f2823a000-7f2823c000 rw-p 00000000 00:00 0 
7f2823e000-7f28240000 rw-p 00000000 00:00 0 
7f28240000-7f28243000 r--p 00000000 103:20 2595                          /system/lib64/chipset-sdk-sp/libdisplay_buffer_hdi_impl_v1_4.z.so
7f28243000-7f28248000 r-xp 00002000 103:20 2595                          /system/lib64/chipset-sdk-sp/libdisplay_buffer_hdi_impl_v1_4.z.so
7f28248000-7f2824a000 r--p 00006000 103:20 2595                          /system/lib64/chipset-sdk-sp/libdisplay_buffer_hdi_impl_v1_4.z.so
7f2824a000-7f2824b000 rw-p 00007000 103:20 2595                          /system/lib64/chipset-sdk-sp/libdisplay_buffer_hdi_impl_v1_4.z.so
7f28255000-7f28256000 rw-p 00000000 00:00 0 
7f28257000-7f28267000 rw-p 00000000 00:00 0 
7f28280000-7f28294000 r--p 00000000 103:20 5145                          /system/lib64/platformsdk/libpluginmanager.z.so
7f28294000-7f282b2000 r-xp 00013000 103:20 5145                          /system/lib64/platformsdk/libpluginmanager.z.so
7f282b2000-7f282b4000 r--p 00030000 103:20 5145                          /system/lib64/platformsdk/libpluginmanager.z.so
7f282b4000-7f282b5000 rw-p 00031000 103:20 5145                          /system/lib64/platformsdk/libpluginmanager.z.so
7f282c0000-7f282c3000 r--p 00000000 103:20 4657                          /system/lib64/platformsdk/libappexecfwk_common.z.so
7f282c3000-7f282c7000 r-xp 00002000 103:20 4657                          /system/lib64/platformsdk/libappexecfwk_common.z.so
7f282c7000-7f282c8000 r--p 00005000 103:20 4657                          /system/lib64/platformsdk/libappexecfwk_common.z.so
7f282c8000-7f282c9000 rw-p 00005000 103:20 4657                          /system/lib64/platformsdk/libappexecfwk_common.z.so
7f282c9000-7f282ca000 rw-p 00000000 00:00 0 
7f282e8000-7f282f8000 rw-p 00000000 00:00 0 
7f282fb000-7f282fc000 rw-p 00000000 00:00 0 
7f28300000-7f28301000 r--p 00000000 103:20 4984                          /system/lib64/platformsdk/libframe_trace_intf.z.so
7f28301000-7f28302000 r-xp 00000000 103:20 4984                          /system/lib64/platformsdk/libframe_trace_intf.z.so
7f28302000-7f28303000 r--p 00000000 103:20 4984                          /system/lib64/platformsdk/libframe_trace_intf.z.so
7f28303000-7f28304000 rw-p 00000000 103:20 4984                          /system/lib64/platformsdk/libframe_trace_intf.z.so
7f28306000-7f28307000 rw-p 00000000 00:00 0 
7f28311000-7f28321000 rw-p 00000000 00:00 0 
7f28340000-7f28347000 r--p 00000000 103:20 5148                          /system/lib64/platformsdk/libpost_proc_gl.z.so
7f28347000-7f28351000 r-xp 00006000 103:20 5148                          /system/lib64/platformsdk/libpost_proc_gl.z.so
7f28351000-7f28353000 r--p 0000f000 103:20 5148                          /system/lib64/platformsdk/libpost_proc_gl.z.so
7f28353000-7f28354000 rw-p 00010000 103:20 5148                          /system/lib64/platformsdk/libpost_proc_gl.z.so
7f28360000-7f28380000 rw-p 00000000 00:00 0 
7f28380000-7f28385000 r--p 00000000 103:20 4714                          /system/lib64/platformsdk/libbatterysrv_client.z.so
7f28385000-7f2838e000 r-xp 00004000 103:20 4714                          /system/lib64/platformsdk/libbatterysrv_client.z.so
7f2838e000-7f2838f000 r--p 0000c000 103:20 4714                          /system/lib64/platformsdk/libbatterysrv_client.z.so
7f2838f000-7f28390000 rw-p 0000c000 103:20 4714                          /system/lib64/platformsdk/libbatterysrv_client.z.so
7f28390000-7f28394000 rw-p 00000000 00:00 0 
7f28397000-7f2839f000 rw-p 00000000 00:00 0 
7f283b0000-7f283c0000 rw-p 00000000 00:00 0 
7f283c0000-7f283d3000 r--p 00000000 103:20 4935                          /system/lib64/platformsdk/libdomain_account_innerkits.z.so
7f283d3000-7f283ef000 r-xp 00012000 103:20 4935                          /system/lib64/platformsdk/libdomain_account_innerkits.z.so
7f283ef000-7f283f5000 r--p 0002d000 103:20 4935                          /system/lib64/platformsdk/libdomain_account_innerkits.z.so
7f283f5000-7f283f6000 rw-p 00032000 103:20 4935                          /system/lib64/platformsdk/libdomain_account_innerkits.z.so
7f283fc000-7f283fd000 rw-p 00000000 00:00 0 
7f283fe000-7f283ff000 rw-p 00000000 00:00 0 
7f28400000-7f28419000 r--p 00000000 103:20 4578                          /system/lib64/platformsdk/libEGL.so
7f28419000-7f28439000 r-xp 00018000 103:20 4578                          /system/lib64/platformsdk/libEGL.so
7f28439000-7f28441000 r--p 00037000 103:20 4578                          /system/lib64/platformsdk/libEGL.so
7f28441000-7f28442000 rw-p 0003e000 103:20 4578                          /system/lib64/platformsdk/libEGL.so
7f28442000-7f2844b000 rw-p 00000000 00:00 0 
7f2844f000-7f28451000 rw-p 00000000 00:00 0 
7f2845f000-7f28480000 rw-p 00000000 00:00 0 
7f28480000-7f2849e000 r--p 00000000 103:20 5300                          /system/lib64/platformsdk/libuserauth_client.z.so
7f2849e000-7f284df000 r-xp 0001d000 103:20 5300                          /system/lib64/platformsdk/libuserauth_client.z.so
7f284df000-7f284ec000 r--p 0005d000 103:20 5300                          /system/lib64/platformsdk/libuserauth_client.z.so
7f284ec000-7f284ed000 rw-p 00069000 103:20 5300                          /system/lib64/platformsdk/libuserauth_client.z.so
7f28500000-7f28503000 r--p 00000000 103:20 2587                          /system/lib64/chipset-sdk-sp/libcjson.z.so
7f28503000-7f28509000 r-xp 00002000 103:20 2587                          /system/lib64/chipset-sdk-sp/libcjson.z.so
7f28509000-7f2850a000 r--p 00007000 103:20 2587                          /system/lib64/chipset-sdk-sp/libcjson.z.so
7f2850a000-7f2850b000 rw-p 00007000 103:20 2587                          /system/lib64/chipset-sdk-sp/libcjson.z.so
7f2850f000-7f28511000 rw-p 00000000 00:00 0 
7f2851b000-7f2852b000 rw-p 00000000 00:00 0 
7f28540000-7f2855a000 r--p 00000000 103:20 3155                          /system/lib64/libdlp_permission_sdk.z.so
7f2855a000-7f28582000 r-xp 00019000 103:20 3155                          /system/lib64/libdlp_permission_sdk.z.so
7f28582000-7f2858a000 r--p 00040000 103:20 3155                          /system/lib64/libdlp_permission_sdk.z.so
7f2858a000-7f2858b000 rw-p 00047000 103:20 3155                          /system/lib64/libdlp_permission_sdk.z.so
7f2858c000-7f2858d000 rw-p 00000000 00:00 0 
7f285b0000-7f285c0000 rw-p 00000000 00:00 0 
7f285c0000-7f285c5000 r--p 00000000 103:20 2813                          /system/lib64/libappspawn_client.z.so
7f285c5000-7f285cb000 r-xp 00004000 103:20 2813                          /system/lib64/libappspawn_client.z.so
7f285cb000-7f285cc000 r--p 00009000 103:20 2813                          /system/lib64/libappspawn_client.z.so
7f285cc000-7f285cd000 rw-p 00009000 103:20 2813                          /system/lib64/libappspawn_client.z.so
7f285e9000-7f285ea000 rw-p 00000000 00:00 0 
7f28600000-7f28602000 r--p 00000000 103:20 4986                          /system/lib64/platformsdk/libfreeze_util.z.so
7f28602000-7f28607000 r-xp 00001000 103:20 4986                          /system/lib64/platformsdk/libfreeze_util.z.so
7f28607000-7f28608000 r--p 00005000 103:20 4986                          /system/lib64/platformsdk/libfreeze_util.z.so
7f28608000-7f28609000 rw-p 00005000 103:20 4986                          /system/lib64/platformsdk/libfreeze_util.z.so
7f28630000-7f28640000 rw-p 00000000 00:00 0 
7f28640000-7f28642000 r--p 00000000 103:20 4881                          /system/lib64/platformsdk/libdatabase_utils.z.so
7f28642000-7f28646000 r-xp 00001000 103:20 4881                          /system/lib64/platformsdk/libdatabase_utils.z.so
7f28646000-7f28647000 r--p 00004000 103:20 4881                          /system/lib64/platformsdk/libdatabase_utils.z.so
7f28647000-7f28648000 rw-p 00004000 103:20 4881                          /system/lib64/platformsdk/libdatabase_utils.z.so
7f28650000-7f28670000 rw-p 00000000 00:00 0 
7f28680000-7f28683000 r--p 00000000 103:20 4946                          /system/lib64/platformsdk/libegl_image.z.so
7f28683000-7f28687000 r-xp 00002000 103:20 4946                          /system/lib64/platformsdk/libegl_image.z.so
7f28687000-7f28689000 r--p 00005000 103:20 4946                          /system/lib64/platformsdk/libegl_image.z.so
7f28689000-7f2868a000 rw-p 00006000 103:20 4946                          /system/lib64/platformsdk/libegl_image.z.so
7f28690000-7f28698000 rw-p 00000000 00:00 0 
7f286a4000-7f286a5000 rw-p 00000000 00:00 0 
7f286a8000-7f286c0000 rw-p 00000000 00:00 0 
7f286c0000-7f286c4000 r--p 00000000 103:20 2627                          /system/lib64/chipset-sdk-sp/libstack_printer.z.so
7f286c4000-7f286cc000 r-xp 00003000 103:20 2627                          /system/lib64/chipset-sdk-sp/libstack_printer.z.so
7f286cc000-7f286ce000 r--p 0000a000 103:20 2627                          /system/lib64/chipset-sdk-sp/libstack_printer.z.so
7f286ce000-7f286cf000 rw-p 0000b000 103:20 2627                          /system/lib64/chipset-sdk-sp/libstack_printer.z.so
7f28700000-7f28755000 r--p 00000000 103:20 2576                          /system/lib64/chipset-sdk/libxml2.z.so
7f28755000-7f28824000 r-xp 00054000 103:20 2576                          /system/lib64/chipset-sdk/libxml2.z.so
7f28824000-7f2882d000 r--p 00122000 103:20 2576                          /system/lib64/chipset-sdk/libxml2.z.so
7f2882d000-7f2882e000 rw-p 0012a000 103:20 2576                          /system/lib64/chipset-sdk/libxml2.z.so
7f2882e000-7f28837000 rw-p 00000000 00:00 0 
7f28840000-7f28842000 r--p 00000000 103:20 5337                          /system/lib64/platformsdk/libwsutils.z.so
7f28842000-7f28846000 r-xp 00001000 103:20 5337                          /system/lib64/platformsdk/libwsutils.z.so
7f28846000-7f28847000 r--p 00004000 103:20 5337                          /system/lib64/platformsdk/libwsutils.z.so
7f28847000-7f28848000 rw-p 00004000 103:20 5337                          /system/lib64/platformsdk/libwsutils.z.so
7f28849000-7f2884a000 rw-p 00000000 00:00 0 
7f28850000-7f28851000 rw-p 00000000 00:00 0 
7f28859000-7f2885d000 rw-p 00000000 00:00 0 
7f28863000-7f28880000 rw-p 00000000 00:00 0 
7f28880000-7f28888000 r--p 00000000 103:20 4621                          /system/lib64/platformsdk/libaccountkits.z.so
7f28888000-7f2889a000 r-xp 00007000 103:20 4621                          /system/lib64/platformsdk/libaccountkits.z.so
7f2889a000-7f2889d000 r--p 00018000 103:20 4621                          /system/lib64/platformsdk/libaccountkits.z.so
7f2889d000-7f2889e000 rw-p 0001a000 103:20 4621                          /system/lib64/platformsdk/libaccountkits.z.so
7f288a0000-7f288c0000 rw-p 00000000 00:00 0 
7f288c0000-7f28921000 r--p 00000000 103:20 5139                          /system/lib64/platformsdk/libphonenumber_standard.z.so
7f28921000-7f2894e000 r-xp 00060000 103:20 5139                          /system/lib64/platformsdk/libphonenumber_standard.z.so
7f2894e000-7f28951000 r--p 0008c000 103:20 5139                          /system/lib64/platformsdk/libphonenumber_standard.z.so
7f28951000-7f28953000 rw-p 0008e000 103:20 5139                          /system/lib64/platformsdk/libphonenumber_standard.z.so
7f28968000-7f28980000 rw-p 00000000 00:00 0 
7f28980000-7f28adc000 r--p 00000000 103:20 2590                          /system/lib64/chipset-sdk-sp/libcrypto_openssl.z.so
7f28adc000-7f28cab000 r-xp 0015b000 103:20 2590                          /system/lib64/chipset-sdk-sp/libcrypto_openssl.z.so
7f28cab000-7f28d0d000 r--p 00329000 103:20 2590                          /system/lib64/chipset-sdk-sp/libcrypto_openssl.z.so
7f28d0d000-7f28d10000 rw-p 0038a000 103:20 2590                          /system/lib64/chipset-sdk-sp/libcrypto_openssl.z.so
7f28d10000-7f28d13000 rw-p 00000000 00:00 0 
7f28d17000-7f28d40000 rw-p 00000000 00:00 0 
7f28d40000-7f28d47000 r--p 00000000 103:20 5125                          /system/lib64/platformsdk/libnstackx_util.open.z.so
7f28d47000-7f28d53000 r-xp 00006000 103:20 5125                          /system/lib64/platformsdk/libnstackx_util.open.z.so
7f28d53000-7f28d55000 r--p 00011000 103:20 5125                          /system/lib64/platformsdk/libnstackx_util.open.z.so
7f28d55000-7f28d56000 rw-p 00012000 103:20 5125                          /system/lib64/platformsdk/libnstackx_util.open.z.so
7f28d56000-7f28d60000 rw-p 00000000 00:00 0 
7f28d80000-7f28d8b000 r--p 00000000 103:20 2938                          /system/lib64/libbundlemgr_extension.z.so
7f28d8b000-7f28d9e000 r-xp 0000a000 103:20 2938                          /system/lib64/libbundlemgr_extension.z.so
7f28d9e000-7f28da0000 r--p 0001c000 103:20 2938                          /system/lib64/libbundlemgr_extension.z.so
7f28da0000-7f28da1000 rw-p 0001d000 103:20 2938                          /system/lib64/libbundlemgr_extension.z.so
7f28da1000-7f28da7000 rw-p 00000000 00:00 0 
7f28da9000-7f28daa000 rw-p 00000000 00:00 0 
7f28dab000-7f28dc0000 rw-p 00000000 00:00 0 
7f28dc0000-7f28dc2000 r--p 00000000 103:20 4624                          /system/lib64/platformsdk/libace_container_scope.z.so
7f28dc2000-7f28dc4000 r-xp 00001000 103:20 4624                          /system/lib64/platformsdk/libace_container_scope.z.so
7f28dc4000-7f28dc5000 r--p 00002000 103:20 4624                          /system/lib64/platformsdk/libace_container_scope.z.so
7f28dc5000-7f28dc6000 rw-p 00002000 103:20 4624                          /system/lib64/platformsdk/libace_container_scope.z.so
7f28dc6000-7f28dcb000 rw-p 00000000 00:00 0 
7f28dcb000-7f28dcd000 ---p 00000000 00:00 0 
7f28dcd000-7f28de0000 rw-p 00000000 00:00 0 
7f28de1000-7f28df1000 rw-p 00000000 00:00 0 
7f28e00000-7f28ea5000 r--p 00000000 103:20 2701                          /system/lib64/lib2d_graphics.z.so
7f28ea5000-7f28f9b000 r-xp 000a4000 103:20 2701                          /system/lib64/lib2d_graphics.z.so
7f28f9b000-7f28fa9000 r--p 00199000 103:20 2701                          /system/lib64/lib2d_graphics.z.so
7f28fa9000-7f28faa000 rw-p 001a6000 103:20 2701                          /system/lib64/lib2d_graphics.z.so
7f28faa000-7f28fb1000 rw-p 00000000 00:00 0 
7f28fb1000-7f28fc0000 rw-p 00000000 00:00 0 
7f28fc0000-7f28fc2000 r--p 00000000 103:20 5176                          /system/lib64/platformsdk/librestorecon.z.so
7f28fc2000-7f28fc4000 r-xp 00001000 103:20 5176                          /system/lib64/platformsdk/librestorecon.z.so
7f28fc4000-7f28fc5000 r--p 00002000 103:20 5176                          /system/lib64/platformsdk/librestorecon.z.so
7f28fc5000-7f28fc6000 rw-p 00002000 103:20 5176                          /system/lib64/platformsdk/librestorecon.z.so
7f28fc6000-7f29000000 rw-p 00000000 00:00 0 
7f29000000-7f29001000 r--p 00000000 103:20 5272                          /system/lib64/platformsdk/libtokensetproc_shared.z.so
7f29001000-7f29004000 r-xp 00000000 103:20 5272                          /system/lib64/platformsdk/libtokensetproc_shared.z.so
7f29004000-7f29005000 r--p 00002000 103:20 5272                          /system/lib64/platformsdk/libtokensetproc_shared.z.so
7f29005000-7f29006000 rw-p 00002000 103:20 5272                          /system/lib64/platformsdk/libtokensetproc_shared.z.so
7f29006000-7f29020000 rw-p 00000000 00:00 0 
7f2902e000-7f29040000 rw-p 00000000 00:00 0 
7f29040000-7f29045000 r--p 00000000 103:20 4566                          /system/lib64/ndk/libsync_fence.z.so
7f29045000-7f2904a000 r-xp 00004000 103:20 4566                          /system/lib64/ndk/libsync_fence.z.so
7f2904a000-7f2904c000 r--p 00008000 103:20 4566                          /system/lib64/ndk/libsync_fence.z.so
7f2904c000-7f2904d000 rw-p 00009000 103:20 4566                          /system/lib64/ndk/libsync_fence.z.so
7f2904d000-7f29056000 rw-p 00000000 00:00 0 
7f29074000-7f29080000 rw-p 00000000 00:00 0 
7f29080000-7f29085000 r--p 00000000 103:20 2598                          /system/lib64/chipset-sdk-sp/libdisplay_buffer_proxy_1.2.z.so
7f29085000-7f2908a000 r-xp 00004000 103:20 2598                          /system/lib64/chipset-sdk-sp/libdisplay_buffer_proxy_1.2.z.so
7f2908a000-7f2908b000 r--p 00008000 103:20 2598                          /system/lib64/chipset-sdk-sp/libdisplay_buffer_proxy_1.2.z.so
7f2908b000-7f2908c000 rw-p 00008000 103:20 2598                          /system/lib64/chipset-sdk-sp/libdisplay_buffer_proxy_1.2.z.so
7f2908c000-7f290ad000 rw-p 00000000 00:00 0 
7f290ad000-7f290b8000 rw-p 00000000 00:00 0 
7f290c0000-7f290fc000 r--p 00000000 103:20 2851                          /system/lib64/libarkverifier.so
7f290fc000-7f29172000 r-xp 0003b000 103:20 2851                          /system/lib64/libarkverifier.so
7f29172000-7f29176000 r--p 000b0000 103:20 2851                          /system/lib64/libarkverifier.so
7f29176000-7f29177000 rw-p 000b3000 103:20 2851                          /system/lib64/libarkverifier.so
7f29177000-7f29178000 rw-p 00000000 00:00 0 
7f2917d000-7f2917e000 rw-p 00000000 00:00 0 
7f29180000-7f29185000 r--p 00000000 103:20 4585                          /system/lib64/platformsdk/libability_connect_callback_stub.z.so
7f29185000-7f29189000 r-xp 00004000 103:20 4585                          /system/lib64/platformsdk/libability_connect_callback_stub.z.so
7f29189000-7f2918b000 r--p 00007000 103:20 4585                          /system/lib64/platformsdk/libability_connect_callback_stub.z.so
7f2918b000-7f2918c000 rw-p 00008000 103:20 4585                          /system/lib64/platformsdk/libability_connect_callback_stub.z.so
7f2918c000-7f29190000 rw-p 00000000 00:00 0 
7f29190000-7f29192000 ---p 00000000 00:00 0 
7f29192000-7f291c0000 rw-p 00000000 00:00 0 
7f291c0000-7f291c5000 r--p 00000000 103:20 2599                          /system/lib64/chipset-sdk-sp/libdisplay_buffer_proxy_1.3.z.so
7f291c5000-7f291cb000 r-xp 00004000 103:20 2599                          /system/lib64/chipset-sdk-sp/libdisplay_buffer_proxy_1.3.z.so
7f291cb000-7f291cd000 r--p 00009000 103:20 2599                          /system/lib64/chipset-sdk-sp/libdisplay_buffer_proxy_1.3.z.so
7f291cd000-7f291ce000 rw-p 0000a000 103:20 2599                          /system/lib64/chipset-sdk-sp/libdisplay_buffer_proxy_1.3.z.so
7f291ce000-7f291d2000 rw-p 00000000 00:00 0 
7f291d4000-7f291e2000 rw-p 00000000 00:00 0 
7f291e2000-7f29200000 rw-p 00000000 00:00 0 
7f29200000-7f29205000 r--p 00000000 103:20 4932                          /system/lib64/platformsdk/libdlp_permission_common_interface.z.so
7f29205000-7f29216000 r-xp 00004000 103:20 4932                          /system/lib64/platformsdk/libdlp_permission_common_interface.z.so
7f29216000-7f29217000 r--p 00014000 103:20 4932                          /system/lib64/platformsdk/libdlp_permission_common_interface.z.so
7f29217000-7f29218000 rw-p 00014000 103:20 4932                          /system/lib64/platformsdk/libdlp_permission_common_interface.z.so
7f2921d000-7f2921e000 rw-p 00000000 00:00 0 
7f29220000-7f29240000 rw-p 00000000 00:00 0 
7f29240000-7f29247000 r--p 00000000 103:20 3050                          /system/lib64/libdevice_profile_radar.z.so
7f29247000-7f29262000 r-xp 00006000 103:20 3050                          /system/lib64/libdevice_profile_radar.z.so
7f29262000-7f29263000 r--p 00020000 103:20 3050                          /system/lib64/libdevice_profile_radar.z.so
7f29263000-7f29264000 rw-p 00020000 103:20 3050                          /system/lib64/libdevice_profile_radar.z.so
7f29264000-7f2926a000 rw-p 00000000 00:00 0 
7f2926b000-7f2926c000 rw-s 00000000 103:30 617                           /data/service/el1/public/database/form_storage/formdb.db-dwr
7f29274000-7f29280000 rw-p 00000000 00:00 0 
7f29280000-7f29293000 r--p 00000000 103:20 4859                          /system/lib64/platformsdk/libcoap.z.so
7f29293000-7f292b4000 r-xp 00012000 103:20 4859                          /system/lib64/platformsdk/libcoap.z.so
7f292b4000-7f292b6000 r--p 00032000 103:20 4859                          /system/lib64/platformsdk/libcoap.z.so
7f292b6000-7f292b7000 rw-p 00033000 103:20 4859                          /system/lib64/platformsdk/libcoap.z.so
7f292b7000-7f292b8000 rw-p 00000000 00:00 0 
7f292bb000-7f292bc000 rw-p 00000000 00:00 0 
7f292c0000-7f292d4000 r--p 00000000 103:20 4612                          /system/lib64/platformsdk/libaccessibilityconfig.z.so
7f292d4000-7f292ed000 r-xp 00013000 103:20 4612                          /system/lib64/platformsdk/libaccessibilityconfig.z.so
7f292ed000-7f292f3000 r--p 0002b000 103:20 4612                          /system/lib64/platformsdk/libaccessibilityconfig.z.so
7f292f3000-7f292f4000 rw-p 00030000 103:20 4612                          /system/lib64/platformsdk/libaccessibilityconfig.z.so
7f292f4000-7f29300000 rw-p 00000000 00:00 0 
7f29300000-7f2930e000 r--p 00000000 103:20 5123                          /system/lib64/platformsdk/libnstackx_ctrl.z.so
7f2930e000-7f2932f000 r-xp 0000d000 103:20 5123                          /system/lib64/platformsdk/libnstackx_ctrl.z.so
7f2932f000-7f29330000 r--p 0002d000 103:20 5123                          /system/lib64/platformsdk/libnstackx_ctrl.z.so
7f29330000-7f29332000 rw-p 0002d000 103:20 5123                          /system/lib64/platformsdk/libnstackx_ctrl.z.so
7f29332000-7f29340000 rw-p 00000000 00:00 0 
7f29340000-7f29385000 r--p 00000000 103:20 5021                          /system/lib64/platformsdk/libimage_napi.z.so
7f29385000-7f29450000 r-xp 00044000 103:20 5021                          /system/lib64/platformsdk/libimage_napi.z.so
7f29450000-7f29459000 r--p 0010e000 103:20 5021                          /system/lib64/platformsdk/libimage_napi.z.so
7f29459000-7f2945b000 rw-p 00116000 103:20 5021                          /system/lib64/platformsdk/libimage_napi.z.so
7f2945b000-7f29471000 rw-p 00000000 00:00 0 
7f29471000-7f29480000 rw-p 00000000 00:00 0 
7f29480000-7f294d2000 r--p 00000000 103:20 5097                          /system/lib64/platformsdk/libnative_rdb.z.so
7f294d2000-7f295c7000 r-xp 00051000 103:20 5097                          /system/lib64/platformsdk/libnative_rdb.z.so
7f295c7000-7f295d3000 r--p 00145000 103:20 5097                          /system/lib64/platformsdk/libnative_rdb.z.so
7f295d3000-7f295d4000 rw-p 00150000 103:20 5097                          /system/lib64/platformsdk/libnative_rdb.z.so
7f295d4000-7f295d6000 rw-p 00000000 00:00 0 
7f295d6000-7f295d8000 ---p 00000000 00:00 0 
7f295d8000-7f295df000 rw-p 00000000 00:00 0 
7f295e0000-7f29600000 rw-p 00000000 00:00 0 
7f29600000-7f2966c000 r--p 00000000 103:20 2619                          /system/lib64/chipset-sdk-sp/libprotobuf_lite.z.so
7f2966c000-7f29717000 r-xp 0006b000 103:20 2619                          /system/lib64/chipset-sdk-sp/libprotobuf_lite.z.so
7f29717000-7f2971c000 r--p 00115000 103:20 2619                          /system/lib64/chipset-sdk-sp/libprotobuf_lite.z.so
7f2971c000-7f2971d000 rw-p 00119000 103:20 2619                          /system/lib64/chipset-sdk-sp/libprotobuf_lite.z.so
7f2971d000-7f29721000 rw-p 00000000 00:00 0 
7f2972a000-7f29736000 rw-p 00000000 00:00 0 
7f29740000-7f29748000 r--p 00000000 103:20 5318                          /system/lib64/platformsdk/libwantagent_manager.z.so
7f29748000-7f29752000 r-xp 00007000 103:20 5318                          /system/lib64/platformsdk/libwantagent_manager.z.so
7f29752000-7f29756000 r--p 00010000 103:20 5318                          /system/lib64/platformsdk/libwantagent_manager.z.so
7f29756000-7f29757000 rw-p 00013000 103:20 5318                          /system/lib64/platformsdk/libwantagent_manager.z.so
7f2975b000-7f29760000 r--s 00000000 00:13 122                            /dev/__parameters__/u:object_r:bms_param:s0
7f29760000-7f29780000 rw-p 00000000 00:00 0 
7f29780000-7f29792000 r--p 00000000 103:20 2549                          /system/lib64/chipset-sdk/libextractortool.z.so
7f29792000-7f297b2000 r-xp 00011000 103:20 2549                          /system/lib64/chipset-sdk/libextractortool.z.so
7f297b2000-7f297b3000 r--p 00030000 103:20 2549                          /system/lib64/chipset-sdk/libextractortool.z.so
7f297b3000-7f297b4000 rw-p 00030000 103:20 2549                          /system/lib64/chipset-sdk/libextractortool.z.so
7f297b4000-7f297b7000 rw-p 00000000 00:00 0 
7f297c0000-7f297c2000 r--p 00000000 103:20 5178                          /system/lib64/platformsdk/libruntime_utils.z.so
7f297c2000-7f297c6000 r-xp 00001000 103:20 5178                          /system/lib64/platformsdk/libruntime_utils.z.so
7f297c6000-7f297c7000 r--p 00004000 103:20 5178                          /system/lib64/platformsdk/libruntime_utils.z.so
7f297c7000-7f297c8000 rw-p 00004000 103:20 5178                          /system/lib64/platformsdk/libruntime_utils.z.so
7f297c8000-7f297cb000 rw-p 00000000 00:00 0 
7f297d4000-7f297dc000 rw-s 00000000 103:30 950                           /data/service/el1/public/database/ability_manager_service/ability_manager_service.db-shm
7f297f1000-7f297f7000 rw-p 00000000 00:00 0 
7f29800000-7f29803000 r--p 00000000 103:20 4860                          /system/lib64/platformsdk/libcolor_manager.z.so
7f29803000-7f29806000 r-xp 00002000 103:20 4860                          /system/lib64/platformsdk/libcolor_manager.z.so
7f29806000-7f29808000 r--p 00004000 103:20 4860                          /system/lib64/platformsdk/libcolor_manager.z.so
7f29808000-7f29809000 rw-p 00005000 103:20 4860                          /system/lib64/platformsdk/libcolor_manager.z.so
7f29809000-7f2980c000 rw-p 00000000 00:00 0 
7f2980c000-7f2980d000 rw-s 00000000 103:30 940                           /data/service/el1/public/database/ability_manager_service/ability_manager_service.db-dwr
7f2980d000-7f2980e000 rw-s 00000000 103:30 940                           /data/service/el1/public/database/ability_manager_service/ability_manager_service.db-dwr
7f2980e000-7f2980f000 rw-s 00000000 103:30 940                           /data/service/el1/public/database/ability_manager_service/ability_manager_service.db-dwr
7f2980f000-7f29811000 rw-p 00000000 00:00 0 
7f29817000-7f29821000 rw-p 00000000 00:00 0 
7f29821000-7f29840000 rw-p 00000000 00:00 0 
7f29840000-7f29842000 r--p 00000000 103:20 5240                          /system/lib64/platformsdk/libstart_window_option.z.so
7f29842000-7f29846000 r-xp 00001000 103:20 5240                          /system/lib64/platformsdk/libstart_window_option.z.so
7f29846000-7f29847000 r--p 00004000 103:20 5240                          /system/lib64/platformsdk/libstart_window_option.z.so
7f29847000-7f29848000 rw-p 00004000 103:20 5240                          /system/lib64/platformsdk/libstart_window_option.z.so
7f29848000-7f2984a000 rw-p 00000000 00:00 0 
7f2984a000-7f2984b000 rw-s 00000000 103:30 940                           /data/service/el1/public/database/ability_manager_service/ability_manager_service.db-dwr
7f2984b000-7f2984c000 rw-s 00000000 103:30 940                           /data/service/el1/public/database/ability_manager_service/ability_manager_service.db-dwr
7f29855000-7f29880000 rw-p 00000000 00:00 0 
7f29880000-7f29899000 r--p 00000000 103:20 4732                          /system/lib64/platformsdk/libcesfwk_core.z.so
7f29899000-7f298b4000 r-xp 00018000 103:20 4732                          /system/lib64/platformsdk/libcesfwk_core.z.so
7f298b4000-7f298ba000 r--p 00032000 103:20 4732                          /system/lib64/platformsdk/libcesfwk_core.z.so
7f298ba000-7f298bb000 rw-p 00037000 103:20 4732                          /system/lib64/platformsdk/libcesfwk_core.z.so
7f298bb000-7f298bf000 rw-p 00000000 00:00 0 
7f298c0000-7f298c8000 r--p 00000000 103:20 2591                          /system/lib64/chipset-sdk-sp/libdfx_dumpcatcher.z.so
7f298c8000-7f298d8000 r-xp 00007000 103:20 2591                          /system/lib64/chipset-sdk-sp/libdfx_dumpcatcher.z.so
7f298d8000-7f298da000 r--p 00016000 103:20 2591                          /system/lib64/chipset-sdk-sp/libdfx_dumpcatcher.z.so
7f298da000-7f298db000 rw-p 00017000 103:20 2591                          /system/lib64/chipset-sdk-sp/libdfx_dumpcatcher.z.so
7f298e5000-7f298e7000 rw-p 00000000 00:00 0 
7f298f0000-7f29900000 rw-p 00000000 00:00 0 
7f29900000-7f2995a000 r--p 00000000 103:20 5013                          /system/lib64/platformsdk/libhmicui18n.z.so
7f2995a000-7f29a87000 r-xp 00059000 103:20 5013                          /system/lib64/platformsdk/libhmicui18n.z.so
7f29a87000-7f29a97000 r--p 00185000 103:20 5013                          /system/lib64/platformsdk/libhmicui18n.z.so
7f29a97000-7f29a98000 rw-p 00194000 103:20 5013                          /system/lib64/platformsdk/libhmicui18n.z.so
7f29a98000-7f29a99000 rw-p 00000000 00:00 0 
7f29aa0000-7f29aa8000 rw-p 00000000 00:00 0 
7f29aa8000-7f29ac0000 rw-p 00000000 00:00 0 
7f29ac0000-7f29afa000 r--p 00000000 103:20 3319                          /system/lib64/libimage_accessor.z.so
7f29afa000-7f29bb6000 r-xp 00039000 103:20 3319                          /system/lib64/libimage_accessor.z.so
7f29bb6000-7f29bbe000 r--p 000f4000 103:20 3319                          /system/lib64/libimage_accessor.z.so
7f29bbe000-7f29bbf000 rw-p 000fb000 103:20 3319                          /system/lib64/libimage_accessor.z.so
7f29bbf000-7f29bc0000 rw-p 00000000 00:00 0 
7f29bc0000-7f29bd0000 r--p 00000000 103:20 2621                          /system/lib64/chipset-sdk-sp/libressched_client.z.so
7f29bd0000-7f29bf9000 r-xp 0000f000 103:20 2621                          /system/lib64/chipset-sdk-sp/libressched_client.z.so
7f29bf9000-7f29bff000 r--p 00037000 103:20 2621                          /system/lib64/chipset-sdk-sp/libressched_client.z.so
7f29bff000-7f29c00000 rw-p 0003c000 103:20 2621                          /system/lib64/chipset-sdk-sp/libressched_client.z.so
7f29c00000-7f29c0c000 rw-p 00000000 00:00 0 
7f29c0c000-7f29c11000 rw-p 00000000 00:00 0 
7f29c15000-7f29c2f000 rw-p 00000000 00:00 0 
7f29c2f000-7f29c37000 rw-p 00000000 00:00 0 
7f29c37000-7f29c3e000 rw-p 00000000 00:00 0 
7f29c3f000-7f29c40000 rw-p 00000000 00:00 0 
7f29c40000-7f29c4a000 r--p 00000000 103:20 5334                          /system/lib64/platformsdk/libwmutil_base.z.so
7f29c4a000-7f29c5a000 r-xp 00009000 103:20 5334                          /system/lib64/platformsdk/libwmutil_base.z.so
7f29c5a000-7f29c5d000 r--p 00018000 103:20 5334                          /system/lib64/platformsdk/libwmutil_base.z.so
7f29c5d000-7f29c5e000 rw-p 0001a000 103:20 5334                          /system/lib64/platformsdk/libwmutil_base.z.so
7f29c5e000-7f29c61000 rw-p 00000000 00:00 0 
7f29c61000-7f29c80000 rw-p 00000000 00:00 0 
7f29c80000-7f29c81000 r--p 00000000 103:20 5271                          /system/lib64/platformsdk/libtokenid_sdk.z.so
7f29c81000-7f29c84000 r-xp 00000000 103:20 5271                          /system/lib64/platformsdk/libtokenid_sdk.z.so
7f29c84000-7f29c85000 r--p 00002000 103:20 5271                          /system/lib64/platformsdk/libtokenid_sdk.z.so
7f29c85000-7f29c86000 rw-p 00002000 103:20 5271                          /system/lib64/platformsdk/libtokenid_sdk.z.so
7f29c86000-7f29c89000 rw-p 00000000 00:00 0 
7f29c8a000-7f29c8c000 rw-p 00000000 00:00 0 
7f29c90000-7f29ca1000 rw-p 00000000 00:00 0 
7f29ca1000-7f29cc0000 rw-p 00000000 00:00 0 
7f29cc0000-7f29cc3000 r--p 00000000 103:20 5072                          /system/lib64/platformsdk/libmission_info.z.so
7f29cc3000-7f29cc5000 r-xp 00002000 103:20 5072                          /system/lib64/platformsdk/libmission_info.z.so
7f29cc5000-7f29cc7000 r--p 00003000 103:20 5072                          /system/lib64/platformsdk/libmission_info.z.so
7f29cc7000-7f29cc8000 rw-p 00004000 103:20 5072                          /system/lib64/platformsdk/libmission_info.z.so
7f29cc8000-7f29cd1000 rw-p 00000000 00:00 0 
7f29cd3000-7f29cd4000 rw-p 00000000 00:00 0 
7f29cd5000-7f29cd7000 rw-p 00000000 00:00 0 
7f29cd7000-7f29cd9000 ---p 00000000 00:00 0 
7f29cd9000-7f29ce1000 rw-p 00000000 00:00 0 
7f29ce1000-7f29d00000 rw-p 00000000 00:00 0 
7f29d00000-7f29d04000 r--p 00000000 103:20 5214                          /system/lib64/platformsdk/libsession_info.z.so
7f29d04000-7f29d09000 r-xp 00003000 103:20 5214                          /system/lib64/platformsdk/libsession_info.z.so
7f29d09000-7f29d0b000 r--p 00007000 103:20 5214                          /system/lib64/platformsdk/libsession_info.z.so
7f29d0b000-7f29d0c000 rw-p 00008000 103:20 5214                          /system/lib64/platformsdk/libsession_info.z.so
7f29d0c000-7f29d0e000 rw-p 00000000 00:00 0 
7f29d0e000-7f29d0f000 r--s 00000000 00:13 142                            /dev/__parameters__/u:object_r:update_updater_param:s0
7f29d0f000-7f29d11000 rw-p 00000000 00:00 0 
7f29d13000-7f29d29000 rw-p 00000000 00:00 0 
7f29d29000-7f29d40000 rw-p 00000000 00:00 0 
7f29d40000-7f2ab8e000 r--p 00000000 103:20 3629                          /system/lib64/libskia_canvaskit.z.so
7f2ab8e000-7f2b875000 r-xp 00e4d000 103:20 3629                          /system/lib64/libskia_canvaskit.z.so
7f2b875000-7f2b8cc000 r--p 01b33000 103:20 3629                          /system/lib64/libskia_canvaskit.z.so
7f2b8cc000-7f2b8d0000 rw-p 01b89000 103:20 3629                          /system/lib64/libskia_canvaskit.z.so
7f2b8d0000-7f2b8db000 rw-p 00000000 00:00 0 
7f2b8db000-7f2b8dd000 ---p 00000000 00:00 0 
7f2b8dd000-7f2b8ec000 rw-p 00000000 00:00 0 
7f2b8ec000-7f2b8f5000 rw-p 00000000 00:00 0 
7f2b8f5000-7f2b8f7000 r--s 00000000 00:13 77                             /dev/__parameters__/u:object_r:ohos_boot_param:s0
7f2b8f7000-7f2b8f8000 r--s 00000000 00:13 136                            /dev/__parameters__/u:object_r:input_pointer_device_param:s0
7f2b8f8000-7f2b900000 rw-p 00000000 00:00 0 
7f2b900000-7f2b956000 r--p 00000000 103:20 5226                          /system/lib64/platformsdk/libsoftbus_client.z.so
7f2b956000-7f2b9fa000 r-xp 00055000 103:20 5226                          /system/lib64/platformsdk/libsoftbus_client.z.so
7f2b9fa000-7f2ba01000 r--p 000f8000 103:20 5226                          /system/lib64/platformsdk/libsoftbus_client.z.so
7f2ba01000-7f2ba02000 rw-p 000fe000 103:20 5226                          /system/lib64/platformsdk/libsoftbus_client.z.so
7f2ba02000-7f2ba12000 rw-p 00000000 00:00 0 
7f2ba12000-7f2ba14000 ---p 00000000 00:00 0 
7f2ba14000-7f2ba1b000 rw-p 00000000 00:00 0 
7f2ba1b000-7f2ba40000 r--s 00000000 103:20 938                           /system/etc/icu_tzdata/zoneinfo64.res
7f2ba40000-7f2bb0a000 r--p 00000000 103:20 5014                          /system/lib64/platformsdk/libhmicuuc.z.so
7f2bb0a000-7f2bc0c000 r-xp 000c9000 103:20 5014                          /system/lib64/platformsdk/libhmicuuc.z.so
7f2bc0c000-7f2bc23000 r--p 001ca000 103:20 5014                          /system/lib64/platformsdk/libhmicuuc.z.so
7f2bc23000-7f2bc24000 rw-p 001e0000 103:20 5014                          /system/lib64/platformsdk/libhmicuuc.z.so
7f2bc24000-7f2bc27000 rw-p 00000000 00:00 0 
7f2bc27000-7f2bc29000 ---p 00000000 00:00 0 
7f2bc29000-7f2bc40000 rw-p 00000000 00:00 0 
7f2bc40000-7f2bc4e000 r--p 00000000 103:20 4894                          /system/lib64/platformsdk/libdevicestatus_util.z.so
7f2bc4e000-7f2bc70000 r-xp 0000d000 103:20 4894                          /system/lib64/platformsdk/libdevicestatus_util.z.so
7f2bc70000-7f2bc72000 r--p 0002e000 103:20 4894                          /system/lib64/platformsdk/libdevicestatus_util.z.so
7f2bc72000-7f2bc73000 rw-p 0002f000 103:20 4894                          /system/lib64/platformsdk/libdevicestatus_util.z.so
7f2bc73000-7f2bc76000 rw-p 00000000 00:00 0 
7f2bc76000-7f2bc78000 ---p 00000000 00:00 0 
7f2bc78000-7f2bc7f000 rw-p 00000000 00:00 0 
7f2bc7f000-7f2bc81000 ---p 00000000 00:00 0 
7f2bc81000-7f2bcb2000 rw-p 00000000 00:00 0 
7f2bcb2000-7f2bcbb000 rw-p 00000000 00:00 0 
7f2bcbb000-7f2bcbd000 ---p 00000000 00:00 0 
7f2bcbd000-7f2bcc4000 rw-p 00000000 00:00 0 
7f2bcc4000-7f2bcc6000 ---p 00000000 00:00 0 
7f2bcc6000-7f2bcd3000 rw-p 00000000 00:00 0 
7f2bcd3000-7f2bcdf000 rw-p 00000000 00:00 0 
7f2bcdf000-7f2bce1000 ---p 00000000 00:00 0 
7f2bce1000-7f2bd40000 rw-p 00000000 00:00 0 
7f2bd40000-7f2bd4e000 r--p 00000000 103:20 3332                          /system/lib64/libinputmethod_common.z.so
7f2bd4e000-7f2bd5e000 r-xp 0000d000 103:20 3332                          /system/lib64/libinputmethod_common.z.so
7f2bd5e000-7f2bd63000 r--p 0001c000 103:20 3332                          /system/lib64/libinputmethod_common.z.so
7f2bd63000-7f2bd64000 rw-p 00020000 103:20 3332                          /system/lib64/libinputmethod_common.z.so
7f2bd64000-7f2bd65000 rw-p 00000000 00:00 0 
7f2bd65000-7f2bd6b000 r--s 00000000 103:20 936                           /system/etc/icu_tzdata/timezoneTypes.res
7f2bd6b000-7f2bd7b000 rw-p 00000000 00:00 0 
7f2bd7b000-7f2bd7d000 ---p 00000000 00:00 0 
7f2bd7d000-7f2bd84000 rw-p 00000000 00:00 0 
7f2bd84000-7f2bd86000 ---p 00000000 00:00 0 
7f2bd86000-7f2bd8e000 rw-p 00000000 00:00 0 
7f2bd97000-7f2bd99000 rw-p 00000000 00:00 0 
7f2bd99000-7f2bd9b000 ---p 00000000 00:00 0 
7f2bd9b000-7f2bda2000 rw-p 00000000 00:00 0 
7f2bdae000-7f2bdb3000 rw-p 00000000 00:00 0 
7f2bdbc000-7f2bdbf000 rw-p 00000000 00:00 0 
7f2bdcb000-7f2bdcd000 rw-p 00000000 00:00 0 
7f2bdcd000-7f2bdd3000 rw-p 00000000 00:00 0 
7f2bdef000-7f2bdf8000 rw-p 00000000 00:00 0 
7f2be04000-7f2be0c000 rw-p 00000000 00:00 0 
7f2be15000-7f2be25000 rw-p 00000000 00:00 0 
7f2be25000-7f2be27000 ---p 00000000 00:00 0 
7f2be27000-7f2be2e000 rw-p 00000000 00:00 0 
7f2be2e000-7f2be30000 ---p 00000000 00:00 0 
7f2be30000-7f2be37000 rw-p 00000000 00:00 0 
7f2be40000-7f2be4c000 r--p 00000000 103:20 5209                          /system/lib64/platformsdk/libsensor_utils.z.so
7f2be4c000-7f2be57000 r-xp 0000b000 103:20 5209                          /system/lib64/platformsdk/libsensor_utils.z.so
7f2be57000-7f2be59000 r--p 00015000 103:20 5209                          /system/lib64/platformsdk/libsensor_utils.z.so
7f2be59000-7f2be5a000 rw-p 00016000 103:20 5209                          /system/lib64/platformsdk/libsensor_utils.z.so
7f2be5a000-7f2be65000 rw-p 00000000 00:00 0 
7f2be6c000-7f2be6d000 rw-p 00000000 00:00 0 
7f2be80000-7f2be99000 r--p 00000000 103:20 4892                          /system/lib64/platformsdk/libdevicestatus_client.z.so
7f2be99000-7f2bede000 r-xp 00018000 103:20 4892                          /system/lib64/platformsdk/libdevicestatus_client.z.so
7f2bede000-7f2bee4000 r--p 0005c000 103:20 4892                          /system/lib64/platformsdk/libdevicestatus_client.z.so
7f2bee4000-7f2bee5000 rw-p 00061000 103:20 4892                          /system/lib64/platformsdk/libdevicestatus_client.z.so
7f2bee5000-7f2bee9000 rw-p 00000000 00:00 0 
7f2bee9000-7f2beed000 rw-p 00000000 00:00 0 
7f2bf23000-7f2bf27000 rw-p 00000000 00:00 0 
7f2bf30000-7f2bf31000 rw-p 00000000 00:00 0 
7f2bf3a000-7f2bf80000 r--s 00000000 103:20 1855                          /system/etc/zoneinfo/tzdata
7f2bf80000-7f2bf86000 r--p 00000000 103:20 5197                          /system/lib64/platformsdk/libscreenlock_client.z.so
7f2bf86000-7f2bf93000 r-xp 00005000 103:20 5197                          /system/lib64/platformsdk/libscreenlock_client.z.so
7f2bf93000-7f2bf96000 r--p 00011000 103:20 5197                          /system/lib64/platformsdk/libscreenlock_client.z.so
7f2bf96000-7f2bf97000 rw-p 00013000 103:20 5197                          /system/lib64/platformsdk/libscreenlock_client.z.so
7f2bf97000-7f2bf98000 rw-p 00000000 00:00 0 
7f2bf9b000-7f2bf9d000 rw-p 00000000 00:00 0 
7f2bf9d000-7f2bfa5000 rw-p 00000000 00:00 0 
7f2bfb6000-7f2bfb7000 rw-p 00000000 00:00 0 
7f2bfc0000-7f2bfc4000 r--p 00000000 103:20 5024                          /system/lib64/platformsdk/libimageformatagent.z.so
7f2bfc4000-7f2bfcb000 r-xp 00003000 103:20 5024                          /system/lib64/platformsdk/libimageformatagent.z.so
7f2bfcb000-7f2bfcc000 r--p 00009000 103:20 5024                          /system/lib64/platformsdk/libimageformatagent.z.so
7f2bfcc000-7f2bfcd000 rw-p 00009000 103:20 5024                          /system/lib64/platformsdk/libimageformatagent.z.so
7f2bfcd000-7f2bfcf000 rw-p 00000000 00:00 0 
7f2c000000-7f2c005000 r--p 00000000 103:20 4887                          /system/lib64/platformsdk/libdbms_fwk.z.so
7f2c005000-7f2c00d000 r-xp 00004000 103:20 4887                          /system/lib64/platformsdk/libdbms_fwk.z.so
7f2c00d000-7f2c00e000 r--p 0000b000 103:20 4887                          /system/lib64/platformsdk/libdbms_fwk.z.so
7f2c00e000-7f2c00f000 rw-p 0000b000 103:20 4887                          /system/lib64/platformsdk/libdbms_fwk.z.so
7f2c00f000-7f2c010000 r--s 00000000 00:13 146                            /dev/__parameters__/u:object_r:useriam_fwkready_param:s0
7f2c010000-7f2c013000 rw-p 00000000 00:00 0 
7f2c027000-7f2c029000 ---p 00000000 00:00 0 
7f2c029000-7f2c040000 rw-p 00000000 00:00 0 
7f2c040000-7f2c07d000 r--p 00000000 103:20 4628                          /system/lib64/platformsdk/libace_napi.z.so
7f2c07d000-7f2c0dc000 r-xp 0003c000 103:20 4628                          /system/lib64/platformsdk/libace_napi.z.so
7f2c0dc000-7f2c0e1000 r--p 0009a000 103:20 4628                          /system/lib64/platformsdk/libace_napi.z.so
7f2c0e1000-7f2c0e2000 rw-p 0009e000 103:20 4628                          /system/lib64/platformsdk/libace_napi.z.so
7f2c0e2000-7f2c0e3000 rw-p 00000000 00:00 0 
7f2c0eb000-7f2c0ed000 ---p 00000000 00:00 0 
7f2c0ed000-7f2c0f4000 rw-p 00000000 00:00 0 
7f2c100000-7f2c10c000 r--p 00000000 103:20 4713                          /system/lib64/platformsdk/libbase.z.so
7f2c10c000-7f2c114000 r-xp 0000b000 103:20 4713                          /system/lib64/platformsdk/libbase.z.so
7f2c114000-7f2c118000 r--p 00012000 103:20 4713                          /system/lib64/platformsdk/libbase.z.so
7f2c118000-7f2c119000 rw-p 00015000 103:20 4713                          /system/lib64/platformsdk/libbase.z.so
7f2c119000-7f2c12f000 rw-p 00000000 00:00 0 
7f2c12f000-7f2c131000 ---p 00000000 00:00 0 
7f2c131000-7f2c140000 rw-p 00000000 00:00 0 
7f2c140000-7f2c157000 r--p 00000000 103:20 4733                          /system/lib64/platformsdk/libcesfwk_innerkits.z.so
7f2c157000-7f2c167000 r-xp 00016000 103:20 4733                          /system/lib64/platformsdk/libcesfwk_innerkits.z.so
7f2c167000-7f2c169000 r--p 00025000 103:20 4733                          /system/lib64/platformsdk/libcesfwk_innerkits.z.so
7f2c169000-7f2c16a000 rw-p 00026000 103:20 4733                          /system/lib64/platformsdk/libcesfwk_innerkits.z.so
7f2c16a000-7f2c16d000 rw-p 00000000 00:00 0 
7f2c170000-7f2c180000 rw-p 00000000 00:00 0 
7f2c180000-7f2c198000 r--p 00000000 103:20 5301                          /system/lib64/platformsdk/libutd_client.z.so
7f2c198000-7f2c1dc000 r-xp 00017000 103:20 5301                          /system/lib64/platformsdk/libutd_client.z.so
7f2c1dc000-7f2c1df000 r--p 0005a000 103:20 5301                          /system/lib64/platformsdk/libutd_client.z.so
7f2c1df000-7f2c1e0000 rw-p 0005c000 103:20 5301                          /system/lib64/platformsdk/libutd_client.z.so
7f2c1e0000-7f2c20e000 rw-p 00000000 00:00 0 
7f2c20e000-7f2c29e000 rw-p 00000000 00:00 0 
7f2c940000-7f2c95d000 r--p 00000000 103:20 5549                          /system/lib64/libapk_installer.so
7f2c95d000-7f2c98a000 r-xp 0001c000 103:20 5549                          /system/lib64/libapk_installer.so
7f2c98a000-7f2c98c000 r--p 00048000 103:20 5549                          /system/lib64/libapk_installer.so
7f2c98c000-7f2c991000 rw-p 00049000 103:20 5549                          /system/lib64/libapk_installer.so
7f2da00000-7f2da80000 rw-p 00000000 00:00 0 
7f2da80000-7f2da89000 r--p 00000000 103:20 5071                          /system/lib64/platformsdk/libmiscdevice_utils.z.so
7f2da89000-7f2da93000 r-xp 00008000 103:20 5071                          /system/lib64/platformsdk/libmiscdevice_utils.z.so
7f2da93000-7f2da95000 r--p 00011000 103:20 5071                          /system/lib64/platformsdk/libmiscdevice_utils.z.so
7f2da95000-7f2da96000 rw-p 00012000 103:20 5071                          /system/lib64/platformsdk/libmiscdevice_utils.z.so
7f2dac0000-7f2dac9000 r--p 00000000 103:20 4679                          /system/lib64/platformsdk/libaudio_definitions.z.so
7f2dac9000-7f2dae0000 r-xp 00008000 103:20 4679                          /system/lib64/platformsdk/libaudio_definitions.z.so
7f2dae0000-7f2dae2000 r--p 0001e000 103:20 4679                          /system/lib64/platformsdk/libaudio_definitions.z.so
7f2dae2000-7f2dae3000 rw-p 0001f000 103:20 4679                          /system/lib64/platformsdk/libaudio_definitions.z.so
7f2db00000-7f2db04000 r--p 00000000 103:20 5001                          /system/lib64/platformsdk/libhiappevent_innerapi.z.so
7f2db04000-7f2db09000 r-xp 00003000 103:20 5001                          /system/lib64/platformsdk/libhiappevent_innerapi.z.so
7f2db09000-7f2db0a000 r--p 00007000 103:20 5001                          /system/lib64/platformsdk/libhiappevent_innerapi.z.so
7f2db0a000-7f2db0b000 rw-p 00007000 103:20 5001                          /system/lib64/platformsdk/libhiappevent_innerapi.z.so
7f2db40000-7f2db44000 r--p 00000000 103:20 5130                          /system/lib64/platformsdk/libopencl_wrapper.so
7f2db44000-7f2db48000 r-xp 00003000 103:20 5130                          /system/lib64/platformsdk/libopencl_wrapper.so
7f2db48000-7f2db4a000 r--p 00006000 103:20 5130                          /system/lib64/platformsdk/libopencl_wrapper.so
7f2db4a000-7f2db4b000 rw-p 00007000 103:20 5130                          /system/lib64/platformsdk/libopencl_wrapper.so
7f2db80000-7f2db95000 r--p 00000000 103:20 4939                          /system/lib64/platformsdk/libdrm_framework.z.so
7f2db95000-7f2dbb0000 r-xp 00014000 103:20 4939                          /system/lib64/platformsdk/libdrm_framework.z.so
7f2dbb0000-7f2dbb7000 r--p 0002e000 103:20 4939                          /system/lib64/platformsdk/libdrm_framework.z.so
7f2dbb7000-7f2dbb8000 rw-p 00034000 103:20 4939                          /system/lib64/platformsdk/libdrm_framework.z.so
7f2dbc0000-7f2dbf6000 r--p 00000000 103:20 4691                          /system/lib64/platformsdk/libaudio_stream_client.z.so
7f2dbf6000-7f2dc32000 r-xp 00035000 103:20 4691                          /system/lib64/platformsdk/libaudio_stream_client.z.so
7f2dc32000-7f2dc38000 r--p 00070000 103:20 4691                          /system/lib64/platformsdk/libaudio_stream_client.z.so
7f2dc38000-7f2dc39000 rw-p 00075000 103:20 4691                          /system/lib64/platformsdk/libaudio_stream_client.z.so
7f2dc39000-7f2dc3c000 rw-p 00000000 00:00 0 
7f2dc40000-7f2dc47000 r--p 00000000 103:20 5060                          /system/lib64/platformsdk/libmedia_monitor_client.z.so
7f2dc47000-7f2dc54000 r-xp 00006000 103:20 5060                          /system/lib64/platformsdk/libmedia_monitor_client.z.so
7f2dc54000-7f2dc56000 r--p 00012000 103:20 5060                          /system/lib64/platformsdk/libmedia_monitor_client.z.so
7f2dc56000-7f2dc57000 rw-p 00013000 103:20 5060                          /system/lib64/platformsdk/libmedia_monitor_client.z.so
7f2dc80000-7f2dc9d000 r--p 00000000 103:20 5231                          /system/lib64/platformsdk/libsoundpool_client.z.so
7f2dc9d000-7f2dcd8000 r-xp 0001c000 103:20 5231                          /system/lib64/platformsdk/libsoundpool_client.z.so
7f2dcd8000-7f2dcdb000 r--p 00056000 103:20 5231                          /system/lib64/platformsdk/libsoundpool_client.z.so
7f2dcdb000-7f2dcdc000 rw-p 00058000 103:20 5231                          /system/lib64/platformsdk/libsoundpool_client.z.so
7f2dcdc000-7f2dcdd000 rw-p 00000000 00:00 0 
7f2dd00000-7f2dd09000 r--p 00000000 103:20 5099                          /system/lib64/platformsdk/libnativetoken_shared.z.so
7f2dd09000-7f2dd1e000 r-xp 00008000 103:20 5099                          /system/lib64/platformsdk/libnativetoken_shared.z.so
7f2dd1e000-7f2dd20000 r--p 0001c000 103:20 5099                          /system/lib64/platformsdk/libnativetoken_shared.z.so
7f2dd20000-7f2dd21000 rw-p 0001d000 103:20 5099                          /system/lib64/platformsdk/libnativetoken_shared.z.so
7f2dd40000-7f2dd61000 r--p 00000000 103:20 2870                          /system/lib64/libaudio_policy_client_idl_interface.z.so
7f2dd61000-7f2ddc4000 r-xp 00020000 103:20 2870                          /system/lib64/libaudio_policy_client_idl_interface.z.so
7f2ddc4000-7f2ddd2000 r--p 00082000 103:20 2870                          /system/lib64/libaudio_policy_client_idl_interface.z.so
7f2ddd2000-7f2ddd3000 rw-p 0008f000 103:20 2870                          /system/lib64/libaudio_policy_client_idl_interface.z.so
7f2ddd3000-7f2ddd4000 rw-p 00000000 00:00 0 
7f2de00000-7f2de06000 r--p 00000000 103:20 2866                          /system/lib64/libaudio_engine_plugins.z.so
7f2de06000-7f2de16000 r-xp 00005000 103:20 2866                          /system/lib64/libaudio_engine_plugins.z.so
7f2de16000-7f2de17000 r--p 00014000 103:20 2866                          /system/lib64/libaudio_engine_plugins.z.so
7f2de17000-7f2de18000 rw-p 00014000 103:20 2866                          /system/lib64/libaudio_engine_plugins.z.so
7f2de40000-7f2de5a000 r--p 00000000 103:20 3559                          /system/lib64/libreminder.z.so
7f2de5a000-7f2dead000 r-xp 00019000 103:20 3559                          /system/lib64/libreminder.z.so
7f2dead000-7f2deb3000 r--p 0006b000 103:20 3559                          /system/lib64/libreminder.z.so
7f2deb3000-7f2deb4000 rw-p 00070000 103:20 3559                          /system/lib64/libreminder.z.so
7f2deb4000-7f2deb6000 rw-p 00000000 00:00 0 
7f2dec0000-7f2dee7000 r--p 00000000 103:20 5000                          /system/lib64/platformsdk/libhiappevent_base.z.so
7f2dee7000-7f2df3c000 r-xp 00026000 103:20 5000                          /system/lib64/platformsdk/libhiappevent_base.z.so
7f2df3c000-7f2df40000 r--p 0007a000 103:20 5000                          /system/lib64/platformsdk/libhiappevent_base.z.so
7f2df40000-7f2df41000 rw-p 0007d000 103:20 5000                          /system/lib64/platformsdk/libhiappevent_base.z.so
7f2df41000-7f2df45000 rw-p 00000000 00:00 0 
7f2df80000-7f2df9c000 r--p 00000000 103:20 4693                          /system/lib64/platformsdk/libaudio_utils.z.so
7f2df9c000-7f2dfde000 r-xp 0001b000 103:20 4693                          /system/lib64/platformsdk/libaudio_utils.z.so
7f2dfde000-7f2dfe1000 r--p 0005c000 103:20 4693                          /system/lib64/platformsdk/libaudio_utils.z.so
7f2dfe1000-7f2dfe2000 rw-p 0005e000 103:20 4693                          /system/lib64/platformsdk/libaudio_utils.z.so
7f2e000000-7f2e015000 r--p 00000000 103:20 4676                          /system/lib64/platformsdk/libaudio_capturer.z.so
7f2e015000-7f2e039000 r-xp 00014000 103:20 4676                          /system/lib64/platformsdk/libaudio_capturer.z.so
7f2e039000-7f2e03c000 r--p 00037000 103:20 4676                          /system/lib64/platformsdk/libaudio_capturer.z.so
7f2e03c000-7f2e03d000 rw-p 00039000 103:20 4676                          /system/lib64/platformsdk/libaudio_capturer.z.so
7f2e040000-7f2e0a8000 r--p 00000000 103:20 4704                          /system/lib64/platformsdk/libav_codec_client.z.so
7f2e0a8000-7f2e146000 r-xp 00067000 103:20 4704                          /system/lib64/platformsdk/libav_codec_client.z.so
7f2e146000-7f2e152000 r--p 00104000 103:20 4704                          /system/lib64/platformsdk/libav_codec_client.z.so
7f2e152000-7f2e153000 rw-p 0010f000 103:20 4704                          /system/lib64/platformsdk/libav_codec_client.z.so
7f2e153000-7f2e154000 rw-p 00000000 00:00 0 
7f2e180000-7f2e198000 r--p 00000000 103:20 5248                          /system/lib64/platformsdk/libsystem_sound_client.z.so
7f2e198000-7f2e1eb000 r-xp 00017000 103:20 5248                          /system/lib64/platformsdk/libsystem_sound_client.z.so
7f2e1eb000-7f2e1ed000 r--p 00069000 103:20 5248                          /system/lib64/platformsdk/libsystem_sound_client.z.so
7f2e1ed000-7f2e1ee000 rw-p 0006a000 103:20 5248                          /system/lib64/platformsdk/libsystem_sound_client.z.so
7f2e1ee000-7f2e1f3000 rw-p 00000000 00:00 0 
7f2e200000-7f2e216000 r--p 00000000 103:20 5063                          /system/lib64/platformsdk/libmedia_service_utils.z.so
7f2e216000-7f2e248000 r-xp 00015000 103:20 5063                          /system/lib64/platformsdk/libmedia_service_utils.z.so
7f2e248000-7f2e24b000 r--p 00046000 103:20 5063                          /system/lib64/platformsdk/libmedia_service_utils.z.so
7f2e24b000-7f2e24c000 rw-p 00048000 103:20 5063                          /system/lib64/platformsdk/libmedia_service_utils.z.so
7f2e2aa000-7f2e2ac000 ---p 00000000 00:00 0 
7f2e2ac000-7f2eaad000 rw-p 00000000 00:00 0 
7f2eb00000-7f2eb0b000 r--p 00000000 103:20 2883                          /system/lib64/libav_codec_service_dfx.z.so
7f2eb0b000-7f2eb21000 r-xp 0000a000 103:20 2883                          /system/lib64/libav_codec_service_dfx.z.so
7f2eb21000-7f2eb23000 r--p 0001f000 103:20 2883                          /system/lib64/libav_codec_service_dfx.z.so
7f2eb23000-7f2eb24000 rw-p 00020000 103:20 2883                          /system/lib64/libav_codec_service_dfx.z.so
7f2eb40000-7f2eb42000 r--p 00000000 103:20 5230                          /system/lib64/platformsdk/libsonic.z.so
7f2eb42000-7f2eb45000 r-xp 00001000 103:20 5230                          /system/lib64/platformsdk/libsonic.z.so
7f2eb45000-7f2eb46000 r--p 00003000 103:20 5230                          /system/lib64/platformsdk/libsonic.z.so
7f2eb46000-7f2eb47000 rw-p 00003000 103:20 5230                          /system/lib64/platformsdk/libsonic.z.so
7f2eb80000-7f2eb85000 r--p 00000000 103:20 5061                          /system/lib64/platformsdk/libmedia_monitor_common.z.so
7f2eb85000-7f2eb8c000 r-xp 00004000 103:20 5061                          /system/lib64/platformsdk/libmedia_monitor_common.z.so
7f2eb8c000-7f2eb8d000 r--p 0000a000 103:20 5061                          /system/lib64/platformsdk/libmedia_monitor_common.z.so
7f2eb8d000-7f2eb8e000 rw-p 0000a000 103:20 5061                          /system/lib64/platformsdk/libmedia_monitor_common.z.so
7f2ebc0000-7f2ec10000 r--p 00000000 103:20 2868                          /system/lib64/libaudio_framework_interface.z.so
7f2ec10000-7f2ecf5000 r-xp 0004f000 103:20 2868                          /system/lib64/libaudio_framework_interface.z.so
7f2ecf5000-7f2ed19000 r--p 00133000 103:20 2868                          /system/lib64/libaudio_framework_interface.z.so
7f2ed19000-7f2ed1a000 rw-p 00156000 103:20 2868                          /system/lib64/libaudio_framework_interface.z.so
7f2ed1a000-7f2ed1d000 rw-p 00000000 00:00 0 
7f2ed40000-7f2ed77000 r--p 00000000 103:20 5054                          /system/lib64/platformsdk/libmedia_client.z.so
7f2ed77000-7f2ee2d000 r-xp 00036000 103:20 5054                          /system/lib64/platformsdk/libmedia_client.z.so
7f2ee2d000-7f2ee3c000 r--p 000eb000 103:20 5054                          /system/lib64/platformsdk/libmedia_client.z.so
7f2ee3c000-7f2ee3d000 rw-p 000f9000 103:20 5054                          /system/lib64/platformsdk/libmedia_client.z.so
7f2ee3d000-7f2ee3f000 rw-p 00000000 00:00 0 
7f2ee40000-7f2ee45000 r--p 00000000 103:20 5306                          /system/lib64/platformsdk/libvibrator_agent.z.so
7f2ee45000-7f2ee4b000 r-xp 00004000 103:20 5306                          /system/lib64/platformsdk/libvibrator_agent.z.so
7f2ee4b000-7f2ee4d000 r--p 00009000 103:20 5306                          /system/lib64/platformsdk/libvibrator_agent.z.so
7f2ee4d000-7f2ee4e000 rw-p 0000a000 103:20 5306                          /system/lib64/platformsdk/libvibrator_agent.z.so
7f2ee80000-7f2eea3000 r--p 00000000 103:20 4687                          /system/lib64/platformsdk/libaudio_policy_manager.z.so
7f2eea3000-7f2eebd000 r-xp 00022000 103:20 4687                          /system/lib64/platformsdk/libaudio_policy_manager.z.so
7f2eebd000-7f2eec0000 r--p 0003b000 103:20 4687                          /system/lib64/platformsdk/libaudio_policy_manager.z.so
7f2eec0000-7f2eec1000 rw-p 0003d000 103:20 4687                          /system/lib64/platformsdk/libaudio_policy_manager.z.so
7f2eec1000-7f2eec2000 rw-p 00000000 00:00 0 
7f2ef00000-7f2ef28000 r--p 00000000 103:20 4685                          /system/lib64/platformsdk/libaudio_policy_client.z.so
7f2ef28000-7f2ef67000 r-xp 00027000 103:20 4685                          /system/lib64/platformsdk/libaudio_policy_client.z.so
7f2ef67000-7f2ef70000 r--p 00065000 103:20 4685                          /system/lib64/platformsdk/libaudio_policy_client.z.so
7f2ef70000-7f2ef71000 rw-p 0006d000 103:20 4685                          /system/lib64/platformsdk/libaudio_policy_client.z.so
7f2ef71000-7f2ef72000 rw-p 00000000 00:00 0 
7f2ef80000-7f2ef8d000 r--p 00000000 103:20 5308                          /system/lib64/platformsdk/libvibrator_native.z.so
7f2ef8d000-7f2efa4000 r-xp 0000c000 103:20 5308                          /system/lib64/platformsdk/libvibrator_native.z.so
7f2efa4000-7f2efa6000 r--p 00022000 103:20 5308                          /system/lib64/platformsdk/libvibrator_native.z.so
7f2efa6000-7f2efa7000 rw-p 00023000 103:20 5308                          /system/lib64/platformsdk/libvibrator_native.z.so
7f2efa7000-7f2efa8000 rw-p 00000000 00:00 0 
7f2efc0000-7f2efc2000 r--p 00000000 103:20 3586                          /system/lib64/librtg_interface.z.so
7f2efc2000-7f2efc4000 r-xp 00001000 103:20 3586                          /system/lib64/librtg_interface.z.so
7f2efc4000-7f2efc5000 r--p 00002000 103:20 3586                          /system/lib64/librtg_interface.z.so
7f2efc5000-7f2efc6000 rw-p 00002000 103:20 3586                          /system/lib64/librtg_interface.z.so
7f2f000000-7f2f003000 r--p 00000000 103:20 2884                          /system/lib64/libav_codec_service_utils.z.so
7f2f003000-7f2f008000 r-xp 00002000 103:20 2884                          /system/lib64/libav_codec_service_utils.z.so
7f2f008000-7f2f009000 r--p 00006000 103:20 2884                          /system/lib64/libav_codec_service_utils.z.so
7f2f009000-7f2f00a000 rw-p 00006000 103:20 2884                          /system/lib64/libav_codec_service_utils.z.so
7f2f040000-7f2f075000 r--p 00000000 103:20 4678                          /system/lib64/platformsdk/libaudio_common.z.so
7f2f075000-7f2f0c3000 r-xp 00034000 103:20 4678                          /system/lib64/platformsdk/libaudio_common.z.so
7f2f0c3000-7f2f0c8000 r--p 00081000 103:20 4678                          /system/lib64/platformsdk/libaudio_common.z.so
7f2f0c8000-7f2f0c9000 rw-p 00085000 103:20 4678                          /system/lib64/platformsdk/libaudio_common.z.so
7f2f0c9000-7f2f0cb000 rw-p 00000000 00:00 0 
7f2f100000-7f2f109000 r--p 00000000 103:20 3579                          /system/lib64/libringtone_data_helper.z.so
7f2f109000-7f2f11b000 r-xp 00008000 103:20 3579                          /system/lib64/libringtone_data_helper.z.so
7f2f11b000-7f2f11c000 r--p 00019000 103:20 3579                          /system/lib64/libringtone_data_helper.z.so
7f2f11c000-7f2f11d000 rw-p 00019000 103:20 3579                          /system/lib64/libringtone_data_helper.z.so
7f2f11d000-7f2f121000 rw-p 00000000 00:00 0 
7f2f140000-7f2f150000 r--p 00000000 103:20 4682                          /system/lib64/platformsdk/libaudio_haptic.z.so
7f2f150000-7f2f167000 r-xp 0000f000 103:20 4682                          /system/lib64/platformsdk/libaudio_haptic.z.so
7f2f167000-7f2f169000 r--p 00025000 103:20 4682                          /system/lib64/platformsdk/libaudio_haptic.z.so
7f2f169000-7f2f16a000 rw-p 00026000 103:20 4682                          /system/lib64/platformsdk/libaudio_haptic.z.so
7f2f180000-7f2f19a000 r--p 00000000 103:20 4688                          /system/lib64/platformsdk/libaudio_renderer.z.so
7f2f19a000-7f2f1c1000 r-xp 00019000 103:20 4688                          /system/lib64/platformsdk/libaudio_renderer.z.so
7f2f1c1000-7f2f1c5000 r--p 0003f000 103:20 4688                          /system/lib64/platformsdk/libaudio_renderer.z.so
7f2f1c5000-7f2f1c6000 rw-p 00042000 103:20 4688                          /system/lib64/platformsdk/libaudio_renderer.z.so
7f2f200000-7f2f208000 r--p 00000000 103:20 2874                          /system/lib64/libaudio_schedule.z.so
7f2f208000-7f2f215000 r-xp 00007000 103:20 2874                          /system/lib64/libaudio_schedule.z.so
7f2f215000-7f2f216000 r--p 00013000 103:20 2874                          /system/lib64/libaudio_schedule.z.so
7f2f216000-7f2f217000 rw-p 00013000 103:20 2874                          /system/lib64/libaudio_schedule.z.so
7f2f217000-7f2f218000 rw-p 00000000 00:00 0 
7f2f240000-7f2f271000 r--p 00000000 103:20 3736                          /system/lib64/libvideoprocessingengine.z.so
7f2f271000-7f2f2d0000 r-xp 00030000 103:20 3736                          /system/lib64/libvideoprocessingengine.z.so
7f2f2d0000-7f2f2d8000 r--p 0008e000 103:20 3736                          /system/lib64/libvideoprocessingengine.z.so
7f2f2d8000-7f2f2d9000 rw-p 00095000 103:20 3736                          /system/lib64/libvideoprocessingengine.z.so
7f2f2d9000-7f2f2e1000 rw-p 00000000 00:00 0 
7f2f300000-7f2f354000 r--p 00000000 103:20 2881                          /system/lib64/libav_codec_media_engine_modules.z.so
7f2f354000-7f2f3f3000 r-xp 00053000 103:20 2881                          /system/lib64/libav_codec_media_engine_modules.z.so
7f2f3f3000-7f2f3fa000 r--p 000f1000 103:20 2881                          /system/lib64/libav_codec_media_engine_modules.z.so
7f2f3fa000-7f2f3fb000 rw-p 000f7000 103:20 2881                          /system/lib64/libav_codec_media_engine_modules.z.so
7f2f3fb000-7f2f3fc000 rw-p 00000000 00:00 0 
7f2f400000-7f2f40e000 r--p 00000000 103:20 2998                          /system/lib64/libcodec_proxy_4.0.z.so
7f2f40e000-7f2f41e000 r-xp 0000d000 103:20 2998                          /system/lib64/libcodec_proxy_4.0.z.so
7f2f41e000-7f2f421000 r--p 0001c000 103:20 2998                          /system/lib64/libcodec_proxy_4.0.z.so
7f2f421000-7f2f422000 rw-p 0001e000 103:20 2998                          /system/lib64/libcodec_proxy_4.0.z.so
7f2f440000-7f2f44e000 r--p 00000000 103:20 4680                          /system/lib64/platformsdk/libaudio_engine_manager.z.so
7f2f44e000-7f2f45e000 r-xp 0000d000 103:20 4680                          /system/lib64/platformsdk/libaudio_engine_manager.z.so
7f2f45e000-7f2f462000 r--p 0001c000 103:20 4680                          /system/lib64/platformsdk/libaudio_engine_manager.z.so
7f2f462000-7f2f463000 rw-p 0001f000 103:20 4680                          /system/lib64/platformsdk/libaudio_engine_manager.z.so
7f2f463000-7f2f464000 rw-p 00000000 00:00 0 
7f2f480000-7f2f488000 r--p 00000000 103:20 4681                          /system/lib64/platformsdk/libaudio_foundation.z.so
7f2f488000-7f2f498000 r-xp 00007000 103:20 4681                          /system/lib64/platformsdk/libaudio_foundation.z.so
7f2f498000-7f2f49a000 r--p 00016000 103:20 4681                          /system/lib64/platformsdk/libaudio_foundation.z.so
7f2f49a000-7f2f49b000 rw-p 00017000 103:20 4681                          /system/lib64/platformsdk/libaudio_foundation.z.so
7f2f4c0000-7f2f4e1000 r--p 00000000 103:20 4677                          /system/lib64/platformsdk/libaudio_client.z.so
7f2f4e1000-7f2f4f2000 r-xp 00020000 103:20 4677                          /system/lib64/platformsdk/libaudio_client.z.so
7f2f4f2000-7f2f4f5000 r--p 00030000 103:20 4677                          /system/lib64/platformsdk/libaudio_client.z.so
7f2f4f5000-7f2f4f6000 rw-p 00032000 103:20 4677                          /system/lib64/platformsdk/libaudio_client.z.so
7f2f500000-7f2f546000 r--p 00000000 103:20 5055                          /system/lib64/platformsdk/libmedia_foundation.z.so
7f2f546000-7f2f5b4000 r-xp 00045000 103:20 5055                          /system/lib64/platformsdk/libmedia_foundation.z.so
7f2f5b4000-7f2f5bc000 r--p 000b2000 103:20 5055                          /system/lib64/platformsdk/libmedia_foundation.z.so
7f2f5bc000-7f2f5bd000 rw-p 000b9000 103:20 5055                          /system/lib64/platformsdk/libmedia_foundation.z.so
7f2f5bd000-7f2f5be000 rw-p 00000000 00:00 0 
7f2f5cb000-7f2f5cc000 rw-p 00000000 00:00 0 
7f2f5ff000-7f2f602000 rw-p 00000000 00:00 0 
7f2f618000-7f2f619000 rw-p 00000000 00:00 0 
7f2f69c000-7f2f69d000 rw-p 00000000 00:00 0 
7f2f6b7000-7f2f6b8000 rw-p 00000000 00:00 0 
7f2f6bf000-7f2f6c0000 rw-p 00000000 00:00 0 
7f2f6ca000-7f2f6cb000 rw-p 00000000 00:00 0 
7f2f723000-7f2f727000 rw-p 00000000 00:00 0 
7f2f7ae000-7f2f7b6000 rw-p 00000000 00:00 0 
7f2f817000-7f2f81a000 rw-p 00000000 00:00 0 
7f2f81b000-7f2f81c000 rw-p 00000000 00:00 0 
7f2f81d000-7f2f81e000 rw-p 00000000 00:00 0 
7f2f85a000-7f2f85b000 rw-p 00000000 00:00 0 
7f2f85c000-7f2f85d000 rw-p 00000000 00:00 0 
7f2f865000-7f2f866000 rw-p 00000000 00:00 0 
7f2f8a4000-7f2f8a8000 rw-p 00000000 00:00 0 
7f300fc000-7f300fe000 ---p 00000000 00:00 0 
7f300fe000-7f308ff000 rw-p 00000000 00:00 0 
7f30900000-7f30905000 r--s 00000000 00:13 124                            /dev/__parameters__/u:object_r:edm_writable_param:s0
7f30916000-7f30937000 rw-p 00000000 00:00 0 
7f30940000-7f30943000 r--p 00000000 103:20 2926                          /system/lib64/libbms_exception_wrapper.z.so
7f30943000-7f30949000 r-xp 00002000 103:20 2926                          /system/lib64/libbms_exception_wrapper.z.so
7f30949000-7f3094a000 r--p 00007000 103:20 2926                          /system/lib64/libbms_exception_wrapper.z.so
7f3094a000-7f3094b000 rw-p 00007000 103:20 2926                          /system/lib64/libbms_exception_wrapper.z.so
7f30958000-7f30965000 rw-p 00000000 00:00 0 
7f3096b000-7f30983000 rw-p 00000000 00:00 0 
7f3098c000-7f30994000 rw-s 00000000 103:30 3304                          /data/service/el1/public/notification/notification.db-shm
7f30994000-7f3099c000 rw-s 00000000 103:30 311                           /data/service/el1/public/database/app_exit_reason/kvdb/f153eea74944690feb958e6a16f6c7518753eb4573352b393c5a37837dc2d9de/single_ver/main/gen_natural_store.db-shm
7f3099c000-7f3099e000 rw-p 00000000 00:00 0 
7f3099f000-7f309be000 rw-p 00000000 00:00 0 
7f309c3000-7f309c6000 rw-p 00000000 00:00 0 
7f309c7000-7f309e2000 rw-p 00000000 00:00 0 
7f309e3000-7f309ef000 rw-p 00000000 00:00 0 
7f309f8000-7f30a1d000 rw-p 00000000 00:00 0 
7f30a1d000-7f30a37000 rw-p 00000000 00:00 0 
7f30a37000-7f30a44000 rw-s 00000000 00:01 4109                           /dev/ashmem/EXTRawData (deleted)
7f30a44000-7f30a56000 rw-p 00000000 00:00 0 
7f30a56000-7f30a63000 rw-s 00000000 00:01 4109                           /dev/ashmem/EXTRawData (deleted)
7f30a63000-7f30a93000 rw-p 00000000 00:00 0 
7f30a93000-7f30a95000 rw-p 00000000 00:00 0 
7f30a95000-7f30a96000 rw-s 00000000 103:30 3299                          /data/service/el1/public/notification/notification.db-dwr
7f30a96000-7f30a98000 rw-p 00000000 00:00 0 
7f30a98000-7f30a99000 rw-s 00000000 103:30 936                           /data/service/el1/public/database/notification_service/notificationdb.db-dwr
7f30a99000-7f30a9a000 rw-s 00000000 103:30 3299                          /data/service/el1/public/notification/notification.db-dwr
7f30a9a000-7f30a9b000 rw-s 00000000 103:30 3299                          /data/service/el1/public/notification/notification.db-dwr
7f30a9b000-7f30a9c000 rw-s 00000000 103:30 3299                          /data/service/el1/public/notification/notification.db-dwr
7f30a9c000-7f30aa0000 rw-p 00000000 00:00 0 
7f30aa0000-7f30aa2000 ---p 00000000 00:00 0 
7f30aa2000-7f30aae000 rw-p 00000000 00:00 0 
7f30aae000-7f30aaf000 rw-s 00000000 103:30 3299                          /data/service/el1/public/notification/notification.db-dwr
7f30aaf000-7f30ab9000 rw-p 00000000 00:00 0 
7f30ab9000-7f30abb000 ---p 00000000 00:00 0 
7f30abb000-7f312bc000 rw-p 00000000 00:00 0 
7f312bc000-7f312be000 ---p 00000000 00:00 0 
7f312be000-7f31abf000 rw-p 00000000 00:00 0 
7f31abf000-7f31ac1000 ---p 00000000 00:00 0 
7f31ac1000-7f322c2000 rw-p 00000000 00:00 0 
7f322c2000-7f323c0000 r--p 00000000 00:13 61                             /dev/binder
7f323c0000-7f323c2000 r--p 00000000 103:20 4988                          /system/lib64/platformsdk/libfwmark_client.z.so
7f323c2000-7f323c5000 r-xp 00001000 103:20 4988                          /system/lib64/platformsdk/libfwmark_client.z.so
7f323c5000-7f323c6000 r--p 00003000 103:20 4988                          /system/lib64/platformsdk/libfwmark_client.z.so
7f323c6000-7f323c7000 rw-p 00003000 103:20 4988                          /system/lib64/platformsdk/libfwmark_client.z.so
7f323c8000-7f323d8000 rw-p 00000000 00:00 0 
7f323d8000-7f323db000 rw-p 00000000 00:00 0 
7f323db000-7f323dc000 r--s 00000000 00:13 117                            /dev/__parameters__/u:object_r:i18n_param:s0
7f323dc000-7f32400000 rw-p 00000000 00:00 0 
7f32400000-7f32e00000 r--s 00000000 00:13 152                            /dev/__parameters__/u:object_r:default_param:s0
7f32e00000-7f330ab000 ---p 00000000 00:00 0 
7f330ab000-7f330ac000 r--p 00000000 00:00 0 
7f330ac000-7f331f8000 ---p 00000000 00:00 0 
7f331f8000-7f331f9000 r--p 00000000 00:00 0 
7f331f9000-7f331fa000 r--p 00000000 00:00 0 
7f331fa000-7f331fd000 ---p 00000000 00:00 0 
7f331fd000-7f331fe000 r--p 00000000 00:00 0 
7f331fe000-7fb2e00000 ---p 00000000 00:00 0 
7fb2e00000-7fb2e04000 r--p 00000000 103:20 2633                          /system/lib64/chipset-sdk-sp/libucollection_client.z.so
7fb2e04000-7fb2e0c000 r-xp 00003000 103:20 2633                          /system/lib64/chipset-sdk-sp/libucollection_client.z.so
7fb2e0c000-7fb2e0e000 r--p 0000a000 103:20 2633                          /system/lib64/chipset-sdk-sp/libucollection_client.z.so
7fb2e0e000-7fb2e0f000 rw-p 0000b000 103:20 2633                          /system/lib64/chipset-sdk-sp/libucollection_client.z.so
7fb2e12000-7fb2e38000 rw-p 00000000 00:00 0 
7fb2e38000-7fb2e40000 rw-p 00000000 00:00 0 
7fb2e40000-7fb2e47000 r--p 00000000 103:20 2611                          /system/lib64/chipset-sdk-sp/libhisysevent.z.so
7fb2e47000-7fb2e57000 r-xp 00006000 103:20 2611                          /system/lib64/chipset-sdk-sp/libhisysevent.z.so
7fb2e57000-7fb2e59000 r--p 00015000 103:20 2611                          /system/lib64/chipset-sdk-sp/libhisysevent.z.so
7fb2e59000-7fb2e5b000 rw-p 00016000 103:20 2611                          /system/lib64/chipset-sdk-sp/libhisysevent.z.so
7fb2e5b000-7fb2e60000 rw-p 00000000 00:00 0 
7fb2e60000-7fb2e68000 rw-p 00000000 00:00 0 
7fb2e68000-7fb2e80000 rw-p 00000000 00:00 0 
7fb2e80000-7fb2e81000 r--p 00000000 103:20 2589                          /system/lib64/chipset-sdk-sp/libconfigpolicy_util.z.so
7fb2e81000-7fb2e83000 r-xp 00000000 103:20 2589                          /system/lib64/chipset-sdk-sp/libconfigpolicy_util.z.so
7fb2e83000-7fb2e85000 r--p 00001000 103:20 2589                          /system/lib64/chipset-sdk-sp/libconfigpolicy_util.z.so
7fb2e85000-7fb2e86000 rw-p 00002000 103:20 2589                          /system/lib64/chipset-sdk-sp/libconfigpolicy_util.z.so
7fb2e86000-7fb2e87000 rw-p 00000000 00:00 0 
7fb2e88000-7fb2ec0000 rw-p 00000000 00:00 0 
7fb2ec0000-7fb2ecf000 r--p 00000000 103:20 2610                          /system/lib64/chipset-sdk-sp/libhicollie.z.so
7fb2ecf000-7fb2ef7000 r-xp 0000e000 103:20 2610                          /system/lib64/chipset-sdk-sp/libhicollie.z.so
7fb2ef7000-7fb2ef9000 r--p 00035000 103:20 2610                          /system/lib64/chipset-sdk-sp/libhicollie.z.so
7fb2ef9000-7fb2efa000 rw-p 00036000 103:20 2610                          /system/lib64/chipset-sdk-sp/libhicollie.z.so
7fb2efa000-7fb2efd000 rw-p 00000000 00:00 0 
7fb2efd000-7fb2f00000 rw-p 00000000 00:00 0 
7fb2f00000-7fb2f03000 r--p 00000000 103:20 2624                          /system/lib64/chipset-sdk-sp/libsec_shared.z.so
7fb2f03000-7fb2f0f000 r-xp 00002000 103:20 2624                          /system/lib64/chipset-sdk-sp/libsec_shared.z.so
7fb2f0f000-7fb2f10000 r--p 0000d000 103:20 2624                          /system/lib64/chipset-sdk-sp/libsec_shared.z.so
7fb2f10000-7fb2f11000 rw-p 0000d000 103:20 2624                          /system/lib64/chipset-sdk-sp/libsec_shared.z.so
7fb2f12000-7fb2f14000 rw-p 00000000 00:00 0 
7fb2f16000-7fb2f23000 rw-p 00000000 00:00 0 
7fb2f24000-7fb2f40000 rw-p 00000000 00:00 0 
7fb2f40000-7fb2f54000 r--p 00000000 103:20 2602                          /system/lib64/chipset-sdk-sp/libeventhandler.z.so
7fb2f54000-7fb2f83000 r-xp 00013000 103:20 2602                          /system/lib64/chipset-sdk-sp/libeventhandler.z.so
7fb2f83000-7fb2f85000 r--p 00041000 103:20 2602                          /system/lib64/chipset-sdk-sp/libeventhandler.z.so
7fb2f85000-7fb2f86000 rw-p 00042000 103:20 2602                          /system/lib64/chipset-sdk-sp/libeventhandler.z.so
7fb2f86000-7fb2f8a000 rw-p 00000000 00:00 0 
7fb2f8a000-7fb2f8d000 rw-p 00000000 00:00 0 
7fb2f8d000-7fb2f96000 rw-p 00000000 00:00 0 
7fb2f96000-7fb2f98000 ---p 00000000 00:00 0 
7fb2f98000-7fb2f9f000 rw-p 00000000 00:00 0 
7fb2f9f000-7fb2fa1000 ---p 00000000 00:00 0 
7fb2fa1000-7fb2fc0000 rw-p 00000000 00:00 0 
7fb2fc0000-7fb2fc4000 r--p 00000000 103:20 2592                          /system/lib64/chipset-sdk-sp/libdfx_procinfo.z.so
7fb2fc4000-7fb2fcc000 r-xp 00003000 103:20 2592                          /system/lib64/chipset-sdk-sp/libdfx_procinfo.z.so
7fb2fcc000-7fb2fcd000 r--p 0000a000 103:20 2592                          /system/lib64/chipset-sdk-sp/libdfx_procinfo.z.so
7fb2fcd000-7fb2fce000 rw-p 0000a000 103:20 2592                          /system/lib64/chipset-sdk-sp/libdfx_procinfo.z.so
7fb2fce000-7fb3000000 rw-p 00000000 00:00 0 
7fb3000000-7fb3006000 r--p 00000000 103:20 2630                          /system/lib64/chipset-sdk-sp/libsystemparam.z.so
7fb3006000-7fb300e000 r-xp 00005000 103:20 2630                          /system/lib64/chipset-sdk-sp/libsystemparam.z.so
7fb300e000-7fb300f000 r--p 0000c000 103:20 2630                          /system/lib64/chipset-sdk-sp/libsystemparam.z.so
7fb300f000-7fb3010000 rw-p 0000c000 103:20 2630                          /system/lib64/chipset-sdk-sp/libsystemparam.z.so
7fb3010000-7fb3011000 rw-p 00000000 00:00 0 
7fb3012000-7fb3018000 rw-p 00000000 00:00 0 
7fb3018000-7fb3040000 rw-p 00000000 00:00 0 
7fb3040000-7fb304e000 r--p 00000000 103:20 2625                          /system/lib64/chipset-sdk-sp/libselinux.z.so
7fb304e000-7fb306c000 r-xp 0000d000 103:20 2625                          /system/lib64/chipset-sdk-sp/libselinux.z.so
7fb306c000-7fb306d000 r--p 0002a000 103:20 2625                          /system/lib64/chipset-sdk-sp/libselinux.z.so
7fb306d000-7fb306e000 rw-p 0002a000 103:20 2625                          /system/lib64/chipset-sdk-sp/libselinux.z.so
7fb306e000-7fb3074000 rw-p 00000000 00:00 0 
7fb3074000-7fb3080000 rw-p 00000000 00:00 0 
7fb3080000-7fb308f000 r--p 00000000 103:20 2534                          /system/lib64/chipset-sdk/libaccesstoken_sdk.z.so
7fb308f000-7fb30b4000 r-xp 0000e000 103:20 2534                          /system/lib64/chipset-sdk/libaccesstoken_sdk.z.so
7fb30b4000-7fb30b7000 r--p 00032000 103:20 2534                          /system/lib64/chipset-sdk/libaccesstoken_sdk.z.so
7fb30b7000-7fb30b8000 rw-p 00034000 103:20 2534                          /system/lib64/chipset-sdk/libaccesstoken_sdk.z.so
7fb30b8000-7fb30c0000 rw-p 00000000 00:00 0 
7fb30c0000-7fb30c4000 r--p 00000000 103:20 2533                          /system/lib64/chipset-sdk/libaccesstoken_communication_adapter_cxx.z.so
7fb30c4000-7fb30cc000 r-xp 00003000 103:20 2533                          /system/lib64/chipset-sdk/libaccesstoken_communication_adapter_cxx.z.so
7fb30cc000-7fb30cf000 r--p 0000a000 103:20 2533                          /system/lib64/chipset-sdk/libaccesstoken_communication_adapter_cxx.z.so
7fb30cf000-7fb30d0000 rw-p 0000c000 103:20 2533                          /system/lib64/chipset-sdk/libaccesstoken_communication_adapter_cxx.z.so
7fb30d0000-7fb3100000 rw-p 00000000 00:00 0 
7fb3100000-7fb3112000 r--p 00000000 103:20 2623                          /system/lib64/chipset-sdk-sp/libsamgr_proxy.z.so
7fb3112000-7fb312a000 r-xp 00011000 103:20 2623                          /system/lib64/chipset-sdk-sp/libsamgr_proxy.z.so
7fb312a000-7fb3130000 r--p 00028000 103:20 2623                          /system/lib64/chipset-sdk-sp/libsamgr_proxy.z.so
7fb3130000-7fb3131000 rw-p 0002d000 103:20 2623                          /system/lib64/chipset-sdk-sp/libsamgr_proxy.z.so
7fb3131000-7fb3137000 rw-p 00000000 00:00 0 
7fb3137000-7fb3140000 rw-p 00000000 00:00 0 
7fb3140000-7fb314c000 r--p 00000000 103:20 5180                          /system/lib64/platformsdk/libsamgr_common.z.so
7fb314c000-7fb316b000 r-xp 0000b000 103:20 5180                          /system/lib64/platformsdk/libsamgr_common.z.so
7fb316b000-7fb316d000 r--p 00029000 103:20 5180                          /system/lib64/platformsdk/libsamgr_common.z.so
7fb316d000-7fb316e000 rw-p 0002a000 103:20 5180                          /system/lib64/platformsdk/libsamgr_common.z.so
7fb316e000-7fb3174000 rw-p 00000000 00:00 0 
7fb3174000-7fb3180000 rw-p 00000000 00:00 0 
7fb3180000-7fb319f000 r--p 00000000 103:20 5038                          /system/lib64/platformsdk/libipc_single.z.so
7fb319f000-7fb31e9000 r-xp 0001e000 103:20 5038                          /system/lib64/platformsdk/libipc_single.z.so
7fb31e9000-7fb31ed000 r--p 00067000 103:20 5038                          /system/lib64/platformsdk/libipc_single.z.so
7fb31ed000-7fb31ee000 rw-p 0006a000 103:20 5038                          /system/lib64/platformsdk/libipc_single.z.so
7fb31ee000-7fb3200000 rw-p 00000000 00:00 0 
7fb3200000-7fb320c000 r--p 00000000 103:20 2628                          /system/lib64/chipset-sdk-sp/libstorage_manager_acl.z.so
7fb320c000-7fb3228000 r-xp 0000b000 103:20 2628                          /system/lib64/chipset-sdk-sp/libstorage_manager_acl.z.so
7fb3228000-7fb322a000 r--p 00026000 103:20 2628                          /system/lib64/chipset-sdk-sp/libstorage_manager_acl.z.so
7fb322a000-7fb322b000 rw-p 00027000 103:20 2628                          /system/lib64/chipset-sdk-sp/libstorage_manager_acl.z.so
7fb322b000-7fb3240000 rw-p 00000000 00:00 0 
7fb3240000-7fb3298000 r--p 00000000 103:20 4480                          /system/lib64/ndk/libffrt.so
7fb3298000-7fb3325000 r-xp 00057000 103:20 4480                          /system/lib64/ndk/libffrt.so
7fb3325000-7fb332b000 r--p 000e3000 103:20 4480                          /system/lib64/ndk/libffrt.so
7fb332b000-7fb332c000 rw-p 000e8000 103:20 4480                          /system/lib64/ndk/libffrt.so
7fb332c000-7fb3338000 rw-p 00000000 00:00 0 
7fb3338000-7fb3340000 rw-p 00000000 00:00 0 
7fb3340000-7fb3346000 r--p 00000000 103:20 2612                          /system/lib64/chipset-sdk-sp/libhitrace_meter.so
7fb3346000-7fb3350000 r-xp 00005000 103:20 2612                          /system/lib64/chipset-sdk-sp/libhitrace_meter.so
7fb3350000-7fb3351000 r--p 0000e000 103:20 2612                          /system/lib64/chipset-sdk-sp/libhitrace_meter.so
7fb3351000-7fb3352000 rw-p 0000e000 103:20 2612                          /system/lib64/chipset-sdk-sp/libhitrace_meter.so
7fb3352000-7fb3354000 rw-p 00000000 00:00 0 
7fb3354000-7fb3380000 rw-p 00000000 00:00 0 
7fb3380000-7fb338c000 r--p 00000000 103:20 2584                          /system/lib64/chipset-sdk-sp/libbegetutil.z.so
7fb338c000-7fb33a2000 r-xp 0000b000 103:20 2584                          /system/lib64/chipset-sdk-sp/libbegetutil.z.so
7fb33a2000-7fb33a4000 r--p 00020000 103:20 2584                          /system/lib64/chipset-sdk-sp/libbegetutil.z.so
7fb33a4000-7fb33a5000 rw-p 00021000 103:20 2584                          /system/lib64/chipset-sdk-sp/libbegetutil.z.so
7fb33a5000-7fb33a8000 r--s 00000000 00:13 131                            /dev/__parameters__/u:object_r:samgr_writable_param:s0
7fb33a8000-7fb33c0000 rw-p 00000000 00:00 0 
7fb33c0000-7fb3451000 r--p 00000000 103:20 2586                          /system/lib64/chipset-sdk-sp/libc++.so
7fb3451000-7fb34eb000 r-xp 00090000 103:20 2586                          /system/lib64/chipset-sdk-sp/libc++.so
7fb34eb000-7fb34f6000 r--p 00129000 103:20 2586                          /system/lib64/chipset-sdk-sp/libc++.so
7fb34f6000-7fb34f7000 rw-p 00133000 103:20 2586                          /system/lib64/chipset-sdk-sp/libc++.so
7fb34f7000-7fb3500000 rw-p 00000000 00:00 0 
7fb3500000-7fb3509000 r--p 00000000 103:20 2618                          /system/lib64/chipset-sdk-sp/libpcre2.z.so
7fb3509000-7fb3529000 r-xp 00008000 103:20 2618                          /system/lib64/chipset-sdk-sp/libpcre2.z.so
7fb3529000-7fb352a000 r--p 00027000 103:20 2618                          /system/lib64/chipset-sdk-sp/libpcre2.z.so
7fb352a000-7fb352b000 rw-p 00027000 103:20 2618                          /system/lib64/chipset-sdk-sp/libpcre2.z.so
7fb352b000-7fb3530000 rw-p 00000000 00:00 0 
7fb3530000-7fb3540000 rw-p 00000000 00:00 0 
7fb3540000-7fb3542000 r--p 00000000 103:20 2603                          /system/lib64/chipset-sdk-sp/libfaultloggerd.z.so
7fb3542000-7fb3547000 r-xp 00001000 103:20 2603                          /system/lib64/chipset-sdk-sp/libfaultloggerd.z.so
7fb3547000-7fb3548000 r--p 00005000 103:20 2603                          /system/lib64/chipset-sdk-sp/libfaultloggerd.z.so
7fb3548000-7fb3549000 rw-p 00005000 103:20 2603                          /system/lib64/chipset-sdk-sp/libfaultloggerd.z.so
7fb3549000-7fb3580000 rw-p 00000000 00:00 0 
7fb3580000-7fb358a000 r--p 00000000 103:20 2615                          /system/lib64/chipset-sdk-sp/liblzma.z.so
7fb358a000-7fb35ae000 r-xp 00009000 103:20 2615                          /system/lib64/chipset-sdk-sp/liblzma.z.so
7fb35ae000-7fb35af000 r--p 0002c000 103:20 2615                          /system/lib64/chipset-sdk-sp/liblzma.z.so
7fb35af000-7fb35b0000 rw-p 0002c000 103:20 2615                          /system/lib64/chipset-sdk-sp/liblzma.z.so
7fb35b0000-7fb35ba000 rw-p 00000000 00:00 0 
7fb35ba000-7fb35c0000 rw-p 00000000 00:00 0 
7fb35c0000-7fb35c6000 r--p 00000000 103:20 5035                          /system/lib64/platformsdk/libipc_common.z.so
7fb35c6000-7fb35d0000 r-xp 00005000 103:20 5035                          /system/lib64/platformsdk/libipc_common.z.so
7fb35d0000-7fb35d1000 r--p 0000e000 103:20 5035                          /system/lib64/platformsdk/libipc_common.z.so
7fb35d1000-7fb35d2000 rw-p 0000e000 103:20 5035                          /system/lib64/platformsdk/libipc_common.z.so
7fb35d2000-7fb35d4000 rw-p 00000000 00:00 0 
7fb35d4000-7fb3600000 rw-p 00000000 00:00 0 
7fb3600000-7fb3615000 r--p 00000000 103:20 2532                          /system/lib64/chipset-sdk/libaccesstoken_common_cxx.z.so
7fb3615000-7fb361b000 r-xp 00014000 103:20 2532                          /system/lib64/chipset-sdk/libaccesstoken_common_cxx.z.so
7fb361b000-7fb3620000 r--p 00019000 103:20 2532                          /system/lib64/chipset-sdk/libaccesstoken_common_cxx.z.so
7fb3620000-7fb3628000 rw-p 0001d000 103:20 2532                          /system/lib64/chipset-sdk/libaccesstoken_common_cxx.z.so
7fb3628000-7fb3640000 rw-p 00000000 00:00 0 
7fb3640000-7fb3652000 r--p 00000000 103:20 2635                          /system/lib64/chipset-sdk-sp/libunwinder.z.so
7fb3652000-7fb3681000 r-xp 00011000 103:20 2635                          /system/lib64/chipset-sdk-sp/libunwinder.z.so
7fb3681000-7fb3684000 r--p 0003f000 103:20 2635                          /system/lib64/chipset-sdk-sp/libunwinder.z.so
7fb3684000-7fb3685000 rw-p 00041000 103:20 2635                          /system/lib64/chipset-sdk-sp/libunwinder.z.so
7fb3685000-7fb3687000 rw-p 00000000 00:00 0 
7fb3687000-7fb36c0000 rw-p 00000000 00:00 0 
7fb36c0000-7fb36c5000 r--p 00000000 103:20 2613                          /system/lib64/chipset-sdk-sp/libhitracechain.so
7fb36c5000-7fb36cd000 r-xp 00004000 103:20 2613                          /system/lib64/chipset-sdk-sp/libhitracechain.so
7fb36cd000-7fb36ce000 r--p 0000b000 103:20 2613                          /system/lib64/chipset-sdk-sp/libhitracechain.so
7fb36ce000-7fb36cf000 rw-p 0000b000 103:20 2613                          /system/lib64/chipset-sdk-sp/libhitracechain.so
7fb36cf000-7fb3700000 rw-p 00000000 00:00 0 
7fb3700000-7fb3710000 r--p 00000000 103:20 5247                          /system/lib64/platformsdk/libsystem_ability_fwk.z.so
7fb3710000-7fb372a000 r-xp 0000f000 103:20 5247                          /system/lib64/platformsdk/libsystem_ability_fwk.z.so
7fb372a000-7fb372d000 r--p 00028000 103:20 5247                          /system/lib64/platformsdk/libsystem_ability_fwk.z.so
7fb372d000-7fb372e000 rw-p 0002a000 103:20 5247                          /system/lib64/platformsdk/libsystem_ability_fwk.z.so
7fb372e000-7fb3740000 rw-p 00000000 00:00 0 
7fb3740000-7fb3742000 r--p 00000000 103:20 2588                          /system/lib64/chipset-sdk-sp/libclang_rt.ubsan_minimal.so
7fb3742000-7fb3744000 r-xp 00001000 103:20 2588                          /system/lib64/chipset-sdk-sp/libclang_rt.ubsan_minimal.so
7fb3744000-7fb3745000 r--p 00002000 103:20 2588                          /system/lib64/chipset-sdk-sp/libclang_rt.ubsan_minimal.so
7fb3745000-7fb3746000 rw-p 00002000 103:20 2588                          /system/lib64/chipset-sdk-sp/libclang_rt.ubsan_minimal.so
7fb3746000-7fb3749000 rw-p 00000000 00:00 0 
7fb3749000-7fb374a000 r--s 00000000 00:13 110                            /dev/__parameters__/u:object_r:arkcompiler_param:s0
7fb374a000-7fb374d000 rw-p 00000000 00:00 0 
7fb374d000-7fb3780000 rw-p 00000000 00:00 0 
7fb3780000-7fb3785000 r--p 00000000 103:20 4897                          /system/lib64/platformsdk/libdfx_signalhandler.z.so
7fb3785000-7fb3791000 r-xp 00004000 103:20 4897                          /system/lib64/platformsdk/libdfx_signalhandler.z.so
7fb3791000-7fb3792000 r--p 0000f000 103:20 4897                          /system/lib64/platformsdk/libdfx_signalhandler.z.so
7fb3792000-7fb3793000 rw-p 0000f000 103:20 4897                          /system/lib64/platformsdk/libdfx_signalhandler.z.so
7fb3793000-7fb3797000 rw-p 00000000 00:00 0 
7fb3797000-7fb3798000 r--s 00000000 00:13 97                             /dev/__parameters__/u:object_r:debug_param:s0
7fb3798000-7fb37b7000 rw-p 00000000 00:00 0 
7fb37b7000-7fb37bc000 rw-p 00000000 00:00 0 
7fb37bc000-7fb37c0000 rw-p 00000000 00:00 0 
7fb37c0000-7fb37d7000 r--p 00000000 103:20 2638                          /system/lib64/chipset-sdk-sp/libutils.z.so
7fb37d7000-7fb37f5000 r-xp 00016000 103:20 2638                          /system/lib64/chipset-sdk-sp/libutils.z.so
7fb37f5000-7fb37f7000 r--p 00033000 103:20 2638                          /system/lib64/chipset-sdk-sp/libutils.z.so
7fb37f7000-7fb37f8000 rw-p 00034000 103:20 2638                          /system/lib64/chipset-sdk-sp/libutils.z.so
7fb37f8000-7fb37ff000 rw-p 00000000 00:00 0 
7fb37ff000-7fb3800000 rw-p 00000000 00:00 0 
7fb3800000-7fb380c000 r--p 00000000 103:20 2552                          /system/lib64/chipset-sdk/libhilog.so
7fb380c000-7fb382b000 r-xp 0000b000 103:20 2552                          /system/lib64/chipset-sdk/libhilog.so
7fb382b000-7fb382d000 r--p 00029000 103:20 2552                          /system/lib64/chipset-sdk/libhilog.so
7fb382d000-7fb382e000 rw-p 0002a000 103:20 2552                          /system/lib64/chipset-sdk/libhilog.so
7fb382e000-7fb3840000 rw-p 00000000 00:00 0 
7fb3840000-7fb3847000 r--p 00000000 103:20 2582                          /system/lib64/chipset-sdk-sp/libbacktrace_local.so
7fb3847000-7fb385b000 r-xp 00006000 103:20 2582                          /system/lib64/chipset-sdk-sp/libbacktrace_local.so
7fb385b000-7fb385c000 r--p 00019000 103:20 2582                          /system/lib64/chipset-sdk-sp/libbacktrace_local.so
7fb385c000-7fb385d000 rw-p 00019000 103:20 2582                          /system/lib64/chipset-sdk-sp/libbacktrace_local.so
7fb385d000-7fb3861000 rw-p 00000000 00:00 0 
7fb3861000-7fb3869000 rw-p 00000000 00:00 0 
7fb3869000-7fb386b000 ---p 00000000 00:00 0 
7fb386b000-7fb3877000 rw-p 00000000 00:00 0 
7fb3877000-7fb387f000 rw-p 00000000 00:00 0 
7fb387f000-7fb3880000 r--s 00000000 00:13 140                            /dev/__parameters__/u:object_r:devinfo_type_param:s0
7fb3880000-7fb3885000 rw-p 00000000 00:00 0 
7fb3885000-7fb38b4000 rw-p 00000000 00:00 0 
7fb38b4000-7fb38b9000 rw-p 00000000 00:00 0 
7fb38b9000-7fb38e4000 rw-p 00000000 00:00 0 
7fb38e4000-7fb38e5000 rw-p 00000000 00:00 0 
7fb38e5000-7fb38e6000 rw-s 00000000 103:30 945                           /data/service/el1/public/database/notification_service/notificationdb_slave.db-dwr
7fb38e6000-7fb38eb000 rw-p 00000000 00:00 0 
7fb38eb000-7fb38ec000 rw-s 00000000 103:30 936                           /data/service/el1/public/database/notification_service/notificationdb.db-dwr
7fb38ec000-7fb38f3000 rw-p 00000000 00:00 0 
7fb38f3000-7fb38f5000 ---p 00000000 00:00 0 
7fb38f5000-7fb38fe000 rw-p 00000000 00:00 0 
7fb38fe000-7fb38ff000 r--s 00000000 00:13 118                            /dev/__parameters__/u:object_r:const_i18n_param:s0
7fb38ff000-7fb390d000 rw-p 00000000 00:00 0 
7fb390d000-7fb3922000 rw-p 00000000 00:00 0 
7fb3922000-7fb3923000 rw-s 00000000 103:30 936                           /data/service/el1/public/database/notification_service/notificationdb.db-dwr
7fb3923000-7fb392b000 rw-s 00000000 103:30 952                           /data/service/el1/public/database/notification_service/notificationdb_slave.db-shm
7fb392b000-7fb392e000 r--s 00000000 00:13 96                             /dev/__parameters__/u:object_r:persist_sys_param:s0
7fb392e000-7fb3941000 rw-p 00000000 00:00 0 
7fb3941000-7fb394d000 rw-p 00000000 00:00 0 
7fb394d000-7fb394e000 rw-s 00000000 103:30 936                           /data/service/el1/public/database/notification_service/notificationdb.db-dwr
7fb394e000-7fb3966000 rw-p 00000000 00:00 0 
7fb3966000-7fb396e000 rw-s 00000000 103:30 942                           /data/service/el1/public/database/notification_service/notificationdb.db-shm
7fb396e000-7fb396f000 rw-p 00000000 00:00 0 
7fb396f000-7fb3971000 ---p 00000000 00:00 0 
7fb3971000-7fb3979000 rw-p 00000000 00:00 0 
7fb3979000-7fb397b000 ---p 00000000 00:00 0 
7fb397b000-7fb3982000 rw-p 00000000 00:00 0 
7fb3982000-7fb3984000 ---p 00000000 00:00 0 
7fb3984000-7fb398b000 rw-p 00000000 00:00 0 
7fb398b000-7fb3995000 r--s 00000000 00:13 92                             /dev/__parameters__/u:object_r:hilog_param:s0
7fb3995000-7fb39a9000 r--s 00000000 00:13 80                             /dev/__parameters__/u:object_r:startup_init_param:s0
7fb39a9000-7fb39ad000 rw-p 00000000 00:00 0 
7fb39ad000-7fb39b5000 rw-p 00000000 00:00 0 
7fb39b5000-7fb39bf000 r--s 00000000 00:13 95                             /dev/__parameters__/u:object_r:persist_param:s0
7fb39bf000-7fb39c9000 r--s 00000000 00:13 134                            /dev/__parameters__/u:object_r:hiviewdfx_hiview_param:s0
7fb39c9000-7fb39ca000 rw-p 00000000 00:00 0 
7fb39ca000-7fb39cb000 r--s 00000000 00:13 93                             /dev/__parameters__/u:object_r:hilog_private_param:s0
7fb39cb000-7fb39cf000 rw-p 00000000 00:00 0 
7fb39cf000-7fb39d0000 r--s 00000000 00:13 94                             /dev/__parameters__/u:object_r:hook_param:s0
7fb39d0000-7fb39d1000 r--s 00000000 00:13 98                             /dev/__parameters__/u:object_r:hitrace_param:s0
7fb39d1000-7fb3bd1000 r--s 00000000 00:13 79                             /dev/__parameters__/u:object_r:devinfo_public_param:s0
7fb3bd1000-7fb3bd2000 r--s 00000000 00:13 114                            /dev/__parameters__/u:object_r:time_param:s0
7fb3bd2000-7fb3bd3000 r--s 00000000 00:13 133                            /dev/__parameters__/u:object_r:i18n_param_tz_override:s0
7fb3bd3000-7fb3bd4000 r--s 00000000 00:13 100                            /dev/__parameters__/u:object_r:musl_param:s0
7fb3bd4000-7fb3bd7000 rw-p 00000000 00:00 0 
7fb3bd7000-7fb3dd7000 r--s 00000000 00:13 73                             /dev/__parameters__/param_sec_dac
7fb3dd7000-7fb3df6000 rw-p 00000000 00:00 0 
7fb3df6000-7fb3e0a000 r--s 00000000 00:13 72                             /dev/__parameters__/param_selinux
7fb3e0a000-7fb3e0b000 rw-p 00000000 00:00 0 
7fb3e0b000-7fb3e0d000 r--p 00000000 00:00 0                              [vvar]
7fb3e0d000-7fb3e0e000 r-xp 00000000 00:00 0                              [vdso]
7fb3e0e000-7fb3e8d000 r--p 00000000 103:20 2514                          /system/lib/ld-musl-aarch64.so.1
7fb3e8d000-7fb3f66000 r-xp 0007e000 103:20 2514                          /system/lib/ld-musl-aarch64.so.1
7fb3f66000-7fb3f69000 r--p 00156000 103:20 2514                          /system/lib/ld-musl-aarch64.so.1
7fb3f69000-7fb3f6d000 rw-p 00158000 103:20 2514                          /system/lib/ld-musl-aarch64.so.1
7fb3f6d000-7fb404e000 rw-p 00000000 00:00 0 
7fefbf6000-7fefc17000 rw-p 00000000 00:00 0                              [stack]
