09-28 17:42:49.477     0     0 I I00000/HiLog: ========Zeroth log of type: init
09-28 17:50:50.259  2080  2080 W A01b01/HOME: FormModel: get all forms from layout
09-28 17:50:50.260  2080  2080 I A01b01/HOME: PageDesktopViewModel --> index: 1, pageList: 1, is outer: false
09-28 17:50:50.260  2080  2080 W A01b01/HOME: PageDesktopViewModel --> no cards in layout!
09-28 17:50:51.720  2080  2080 E A04200/WINDOW: [SCBMission]SCBSceneMissionManager: findMainSessionGlobalById error, not exist.
09-28 17:50:51.720  2080  2080 E A04200/WINDOW: [SCBMission]SCBScenePanelMissionHandler: [Screen:0][Panel:1] invalid persistentId
09-28 17:50:51.720  2080  2080 I A04200/WINDOW: [SCBMission]SCBScenePanelMissionHandler: [Screen:0][Panel:1] get none existing session.
09-28 17:50:51.720  2080  2080 E A04200/WINDOW: [SCBMission]SCBScenePanelMissionHandler: [Screen:0][Panel:2] invalid persistentId
09-28 17:50:51.720  2080  2080 I A04200/WINDOW: [SCBMission]SCBScenePanelMissionHandler: [Screen:0][Panel:2] get none existing session.
09-28 17:50:51.720  2080  2080 I A04200/WINDOW: [SCBMission]SCBSceneMissionManager: no exist container session match the info to be found.
09-28 17:50:51.720  2080  2080 I A04200/WINDOW: SCBRootSceneSession: onPendingSceneSessionActivation sceneInfo.persistentId:33 callState: 0 callerPersistentId: 0 windowMode: 0 appIndex: 0 needClearInNotShowRecent: falsedeviceTypes:  resizable: 0 supportWindowMode: 
09-28 17:50:51.720  2080  2080 I A04200/WINDOW: SCBRootSceneSession: onPendingSceneSessionActivation sceneInfo.screenName:UNKNOWN
09-28 17:50:51.721  2080  2080 I A04200/WINDOW: SCBRootSceneSession: fileManagerMode: , extraFormIdentity: 
09-28 17:50:51.721  2080  2080 W A04200/WINDOW: SCBSSM: [SCBMain]startSceneFromOther:{persistentId:33, screenId: 0, bundleInfo:com.unity3d.player.UnityPlayerActivity/com.a2hlab.bridge.zigzag/entry/0, unclearableSession:undefined, callerPersistentId:0, callerAbilityName: , toPersistentId:0, launchType:0, isNewInstance:false, fullScreenStart:false, _windowMode:1, isAppUseControl:undefined, isUnclearableInRecent:undefined, focusedOnShow:true, isAtomicService:falseisStartupInstallFree:false, isNewAppInstance:false, appInstanceKey:}, startMode:1
09-28 17:50:51.721  2080  2080 W A04200/WINDOW: SCBSSM: isExclusion, app startup detect
09-28 17:50:51.722  2080  2080 I A01b01/HOME: DeliverUtil: get default const.app_eco.support_ohos: default get default persist.ohos_fusion_mgr.ctl.support_ohos: default
09-28 17:50:51.722  2080  2080 I A01b01/HOME: SampleManager: isSampleMg: false
09-28 17:50:51.722  2080  2080 I A04200/WINDOW: SCBSSM: SCBSSM
09-28 17:50:51.722  2080  2080 I A04200/WINDOW: SCBSSM: SCBSSM
09-28 17:50:51.722  2080  2080 I A04200/WINDOW: SCBSSM: Start scene on screen with screenId: 0!
09-28 17:50:51.722  2080  2080 W A01b01/HOME: SCBScenePanelViewModel: [SCBMain][id:33][sceneInfo:com.a2hlab.bridge.zigzag/entry/com.unity3d.player.UnityPlayerActivity/0][screenId:0]onStartSceneFromOther.
09-28 17:50:51.722  2080  2080 I A04200/WINDOW: [SCBMission]SCBScenePanelMissionHandler: [Screen:0][Panel:1] get none existing session.
09-28 17:50:51.722  2080  2080 I A04200/WINDOW: [SCBMission]SCBScenePanelMissionHandler: [Screen:0][Panel:1] get none existing session.
09-28 17:50:51.722  2080  2080 I A04200/WINDOW: [SCBMission]SCBScenePanelMissionHandler: [Screen:0][Panel:2] get none existing session.
09-28 17:50:51.722  2080  2080 I A04200/WINDOW: [SCBMission]SCBScenePanelMissionHandler: [Screen:0][Panel:2] get none existing session.
09-28 17:50:51.722  2080  2080 I A04200/WINDOW: [SCBMission]SCBSceneMissionManager: no exist container session match the info to be found.
09-28 17:50:51.722  2080  2080 I A01b01/HOME: StartAndExitVisualEffectManager: mIsPowerSaveMode: false
09-28 17:50:51.722  2080  2080 I A01b01/HOME: StartAndExitVisualEffectManager: mIsStartExitBlurDisable: true
09-28 17:50:51.722  2080  2080 W A01b01/HOME: SCBScenePanelViewModel: onStartSceneFromOther get CardId from formID cardId =  isStartCard=false
09-28 17:50:51.722  2080  2080 I A04200/WINDOW: SCBScenePanelViewModel: [SCBMain][id:33][screenId:0]requestSceneSession, callerPersistentId:0, needLinkCaller:true
09-28 17:50:51.722  2080  2080 I A04200/WINDOW: SCBScenePanelViewModel: [SCBMain] find sceneSession from other screen
09-28 17:50:51.722  2080  2080 I A04200/WINDOW: SCBSSM: popSceneFromOtherScreen toScreen: 0 needBackground: true, needUpdateScreenId: true
09-28 17:50:51.722  2080  2080 E A04200/WINDOW: [SCBMission]SCBSceneMissionManager: findMainSessionGlobalById error, not exist.
09-28 17:50:51.722  2080  2080 I A04200/WINDOW: [SCBMission]SCBSceneMissionManager: popSceneFromOtherScreenByPersistentId not found target session
09-28 17:50:51.723  2080  2080 I A04200/WINDOW: [SCBMission]SCBScenePanelMissionHandler: [Screen:0][Panel:1] get none existing session.
09-28 17:50:51.723  2080  2080 I A04200/WINDOW: [SCBMission]SCBScenePanelMissionHandler: [Screen:0][Panel:1] get none existing session.
09-28 17:50:51.723  2080  2080 I A04200/WINDOW: [SCBMission]SCBScenePanelMissionHandler: [Screen:0][Panel:2] get none existing session.
09-28 17:50:51.723  2080  2080 I A04200/WINDOW: [SCBMission]SCBScenePanelMissionHandler: [Screen:0][Panel:2] get none existing session.
09-28 17:50:51.723  2080  2080 I A04200/WINDOW: [SCBMission]SCBSceneMissionManager: no exist container session match the info to be found.
09-28 17:50:51.723  2080  2080 I A04200/WINDOW: [SCBMission]SCBSceneMissionManager: popSceneFromOtherScreenByInfo not found target session
09-28 17:50:51.723  2080  2080 I A04200/WINDOW: SCBSSM: isProjectionBundleName bundleName = com.a2hlab.bridge.zigzag, screenId = 0
09-28 17:50:51.723  2080  2080 I A04200/WINDOW: SCBScenePanelViewModel: [SCBMain]requestSceneSession using exist persistentId: 33
09-28 17:50:51.723  2080  2080 W A04200/WINDOW: SCBScenePanelViewModel: getSceneSessionByPersistentId find nothing, id 33
09-28 17:50:51.723  2080  2080 W A04200/WINDOW: SCBScenePanelViewModel: [SCBMain][id:33][sceneInfo:com.a2hlab.bridge.zigzag/entry/com.unity3d.player.UnityPlayerActivity/0][screenId:0]request New SceneSession.
09-28 17:50:51.723  2080  2080 I A04200/WINDOW: SCBSSM: [SCBMain] set isAbilityHook false
09-28 17:50:51.725  2080  2080 I A04200/WINDOW: [SCBMission]SCBSceneMissionManager: [SCBMain][id:33][sceneInfo:com.a2hlab.bridge.zigzag/entry/com.unity3d.player.UnityPlayerActivity/0][screenId:0]requestSceneSession suceess, udpate persistentId from 33 to 33, udpate appInstanceKey from  to 
09-28 17:50:51.725  2080  2080 I A01b01/HOME: ResourceManager: getAppName bundleName:com.a2hlab.bridge.zigzag, moduleName:com.a2hlab.bridge.zigzag, labelId:16777219
09-28 17:50:51.726  2080  2080 I A04200/WINDOW: ContainerSessionInitBasicStrategy: Initialize the basic data state and mission management data status of the sceneSession.
09-28 17:50:51.726  2080  2080 I A04200/WINDOW: SCBSceneSession: SCBSceneSession registerData category:0.
09-28 17:50:51.726  2080  2080 I A04200/WINDOW: SCBSceneSession: SCBSceneSession registerData category:1.
09-28 17:50:51.726  2080  2080 I A04200/WINDOW: SCBSceneSession: SCBSceneSession registerState category:0.
09-28 17:50:51.728  2080  2080 I A04200/WINDOW: SCBSceneSession: requestOrientation: 0 queryKey: com.a2hlab.bridge.zigzagentrycom.unity3d.player.UnityPlayerActivity
09-28 17:50:51.732  2080  2080 I A04200/WINDOW: [SCBMission]SCBSceneMissionManager: cacheNewSceneSession of id: 33, exist: false.
09-28 17:50:51.733  2080  2080 W A04200/WINDOW: SCBScenePanelViewModel: Failed to get scene containerSession with session id: 33
09-28 17:50:51.733  2080  2080 I A01b01/HOME: SCBScenePanelViewModel: postStartSceneFromOtherEvent: com.a2hlab.bridge.zigzag + com.unity3d.player.UnityPlayerActivity
09-28 17:50:51.733  2080  2080 W A01a01/NC: DropdownPanel-Index: onStartSceneFromOtherEvent return. event: com.a2hlab.bridge.zigzag isViewShowing:false
09-28 17:50:51.733  2080  2080 I A04200/WINDOW: SCBScenePanelViewModel: GuidanceLog set unNeedKnowMore
09-28 17:50:51.733  2080  2080 I A01b00/SCB: SCBTM: findTransitionController. bundleName: com.a2hlab.bridge.zigzag, overlayBundleName: undefined
09-28 17:50:51.733  2080  2080 W A01b01/HOME: PageDesktopModel: findTransitionController shortcutId empty bundleName:com.a2hlab.bridge.zigzag
09-28 17:50:51.734  2080  2080 W A01b01/HOME: PageDesktopModel: findTransitionController bundleName: com.a2hlab.bridge.zigzag, abilityName: com.unity3d.player.UnityPlayerActivity, startType: 0, formCardId: undefined, cardId: undefined, extraId: undefined, appIndex: 0, shortcutId: undefined, appInstanceKey: %{public}s
09-28 17:50:51.734  2080  2080 W A01b00/SCB: SCBTM: Find controller success ? true, findData: {"bundleName":"com.a2hlab.bridge.zigzag","abilityName":"com.unity3d.player.UnityPlayerActivity","appIndex":0,"appIconId":"","iconRadius":0,"appIconNumber":0,"startAppType":0,"isOpenFolder":false}
09-28 17:50:51.734  2080  2080 W A01b01/HOME: SCBScenePanelViewModel: [SCBMain]onStartSceneFromOther isNewWant false. StartApp:com.a2hlab.bridge.zigzag
09-28 17:50:51.735  2080  2080 I A04200/WINDOW: ContainerSessionInitBasicStrategy: Initialize the basic data state and mission management data status of the containerSession.
09-28 17:50:51.735  2080  2080 I A01b00/SCB: SCBSCS: registerData category:0.
09-28 17:50:51.735  2080  2080 I A01b00/SCB: SCBSCS: registerData category:1.
09-28 17:50:51.735  2080  2080 I A01b00/SCB: SCBSCS: registerState category:1.
09-28 17:50:51.735  2080  2080 I A01b00/SCB: SCBSCS: registerState category:0.
09-28 17:50:51.735  2080  2080 I A01b00/SCB: SCBSCS: set NeedRenderClip clipWidth from 0 to 1200
09-28 17:50:51.736  2080  2080 I A01b00/SCB: SCBSCS: set NeedRenderClip clipHeight from 0 to 1920
09-28 17:50:51.736  2080  2080 I A01b00/SCB: SCBSCS: bundleName: com.a2hlab.bridge.zigzag, persistentId: 33
09-28 17:50:51.736  2080  2080 I A04200/WINDOW: SCBSPM: Add scene container session, id: 4
09-28 17:50:51.736  2080  2080 I A01b01/HOME: SCBScenePanelViewModel: [SCBMain]onStartSceneFromOther add new session: 4
09-28 17:50:51.736  2080  2080 I A0421d/WMSRotation: [startSceneWithRotationIfNeed] containerSession com.unity3d.player.UnityPlayerActivity/com.a2hlab.bridge.zigzag/entry/0(persistentId: 33)(containerId: 4), needAnimation false isFromRecent false fromUser false isPageRotation false
09-28 17:50:51.737  2080  2080 I A0421d/WMSRotation: [coverSensorRotation] cover sensor rotation.
09-28 17:50:51.737  2080  2080 I A0421d/WMSRotation: [calculateScreenPropertyWithRotation] before rotation: {"left":0,"top":0,"width":1200,"height":1920,"radius":0,"rotation":0,"screenId":0,"rsId":0,"defaultScreenOrientation":0,"_rotationOffset":0,"_correctingRotation":0,"_defaultRotation":0,"translateX":0,"translateY":0}
09-28 17:50:51.737  2080  2080 I A0421d/WMSRotation: [calculateScreenPropertyWithRotation]after rotation: {"left":0,"top":0,"width":1200,"height":1920,"radius":0,"rotation":0,"screenId":0,"rsId":0,"defaultScreenOrientation":0,"_rotationOffset":0,"_correctingRotation":0,"_defaultRotation":0,"translateX":0,"translateY":0}
09-28 17:50:51.737  2080  2080 I A04200/WINDOW: SCBScreenSession: coverPhoneSensorRotation sensorProperty: {"left":0,"top":0,"width":1200,"height":1920,"radius":0,"rotation":0,"screenId":0,"rsId":0,"defaultScreenOrientation":0,"_rotationOffset":0,"_correctingRotation":0,"_defaultRotation":0,"translateX":0,"translateY":0}
09-28 17:50:51.737  2080  2080 I A04200/WINDOW: SCBScreenSM: screenRotationLocked value:false
09-28 17:50:51.737  2080  2080 W A0421d/WMSRotation: [getTargetRotation] bundleName:com.a2hlab.bridge.zigzag requestOrientation:0 isScreenLocked:false isPlacedRotateFriendlyDevicePlaced:false fixedRotation: -1
09-28 17:50:51.737  2080  2080 I A04200/WINDOW: SCBSceneOrientationPolicy: SCBDefaultOrientationPolicy: currentScreenRotation: 0, sensorRotation: 0, isScreenLocked: false, fromUser: false, isPlacedRotateFriendlyDevicePlaced: false
09-28 17:50:51.737  2080  2080 W A0421d/WMSRotation: [startSceneWithRotationIfNeed] before rotate with targetRotation=0, sensorRotation=0, currentScreenRotation=0, currentContainerRotation=0, name=com.a2hlab.bridge.zigzag
09-28 17:50:51.737  2080  2080 I A0421d/WMSRotation: [rotateWindowPolicy] rotate with window policy.
09-28 17:50:51.737  2080  2080 I A0421d/WMSRotation: [rotateWindowPolicy] no need to rotate with same targetRotation.
09-28 17:50:51.737  2080  2080 W A01b01/HOME: SCBScenePanelViewModel: [SCBMain]onStartSceneFromOther com.unity3d.player.UnityPlayerActivity/com.a2hlab.bridge.zigzag/entry/0(persistentId: 33)(containerId: 4) isActive:false isStartCard:false needBlurAnimation:true scenePanelState:0
09-28 17:50:51.738  2080  2080 I A01b09/RECENT: RecentPanelViewModel: [SCBMain]onStartSceneFromOther com.example.helloworld.MainActivity/com.example.helloworld/entry/0(persistentId: 29)(containerId: 3) notShowSessionDestroy
09-28 17:50:51.738  2080  2080 W A01b01/HOME: SCBScenePanelViewModel: [SCBMain]onStartSceneFromOther do not need minimize former scene, activeContainer is null? true
09-28 17:50:51.738  2080  2080 I A04200/WINDOW: SCBSPM: Remove container id: 4, 33
09-28 17:50:51.738  2080  2080 I A01b09/RECENT: RecentDockRefreshAlarm: start alarm recent dock: com.unity3d.player.UnityPlayerActivity/com.a2hlab.bridge.zigzag/entry/0(persistentId: 33)(containerId: 4)
09-28 17:50:51.738  2080  2080 W A0420a/WMSLife: Request scene container session activation, name: com.unity3d.player.UnityPlayerActivity/com.a2hlab.bridge.zigzag/entry/0(persistentId: 33)(containerId: 4) isNewActive: false, isPersist: true, reason: undefined
09-28 17:50:51.738  2080  2080 I A04200/WINDOW: SCBSceneRecentMissionManager: add id 33 to recentMissionIdSet
09-28 17:50:51.738  2080  2080 I A04200/WINDOW: SCBSceneSession: [SCBMain]requestSceneSessionActivation: isNewActive: false, isPersist: true, reason: undefined, name: com.unity3d.player.UnityPlayerActivity/com.a2hlab.bridge.zigzag/entry/0(persistentId: 33), containerRotation: 0
09-28 17:50:51.738  2080  2080 I A04200/WINDOW: SCBSSM: [SCBMain][id:33]requestSceneSessionActivation.
09-28 17:50:51.738  2080  2080 I A04200/WINDOW: [a92ab5387bb4676] SCBSSM: [SCBMain]setIsPendingToBackgroundState, state:false
09-28 17:50:51.739  2080  2080 I A04200/WINDOW: [a92ab5387bb4676] SCBSSM: [SCBMain]setIsActivatedAfterScreenLocked, isScreenLocked: false
09-28 17:50:51.739  2080  2080 I A04200/WINDOW: SCBSceneSession: [SCBMain]isForegroundAndActive: sessionState: undefined, isActive: true
09-28 17:50:51.739  2080  2080 I A04200/WINDOW: SCBScenePersistent: update to persistentMap, bundleName: com.a2hlab.bridge.zigzag moduleName: entry abilityName: com.unity3d.player.UnityPlayerActivity
09-28 17:50:51.739  2080  2080 I A01b01/HOME: SCBScenePanelViewModel: enter FULLSCENE
09-28 17:50:51.739  2080  2080 I A01b09/RECENT: RecentPanel: RecentViewParam init
09-28 17:50:51.740  2080  2080 W A01b00/SCB: SCBSCS: [SCBSCS] sceneAlpha from 0 to 1. reason: init, extra: Ab0/org.westlake.launcher13/entry/0(persistentId: 32)(containerId: 1)
09-28 17:50:51.740  2080  2080 W A01b00/SCB: SCBSCS: [SCBSCS] sceneAlpha from 0 to 1. reason: init, extra: EntryAbility/org.westlake.imehost/entry/0(persistentId: 35)(containerId: 2)
09-28 17:50:51.740  2080  2080 W A01b00/SCB: SCBSCS: [SCBSCS] sceneAlpha from 0 to 1. reason: init, extra: com.unity3d.player.UnityPlayerActivity/com.a2hlab.bridge.zigzag/entry/0(persistentId: 33)(containerId: 4)
09-28 17:50:51.741  2080  2080 I A01b01/HOME: SCBScenePanelViewModel: updateScenePanelState from 0 to 1
09-28 17:50:51.741  2080  2080 I A01b01/HOME: SCBDesktop: scenePanelState change 1
09-28 17:50:51.741  2080  2080 I A01b01/HOME: SCBDesktop: updateScenePanelState, sceneState:1
09-28 17:50:51.741  2080  2080 W A01c05/FORM: PageDesktopViewModel --> localEventListener receive event: launcher.event.REQUEST_FORM_RECYCLE
09-28 17:50:51.741  2080  2080 I A01c05/FORM: PageDesktopViewModel --> current recycleFormEventHandler, state = true, currentStartApp = false
09-28 17:50:51.741  2080  2080 I A01b00/SCB: LocalEventManager: sendLocalEvent, send local event with no receiver
09-28 17:50:51.741  2080  2080 I A01c05/FORM: FormStackExpandView: formstack expand onScenePanelStateChange: 1
09-28 17:50:51.741  2080  2080 I A01a00/SYS_UI: SystemUIView: onScenePanelStateChange: 1
09-28 17:50:51.742  2080  2080 I A01b0a/GESTURE: AIBarView: ScenepanelState has change to 1
09-28 17:50:51.742  2080  2080 I A01a00/SYS_UI: SystemUIView: onScenePanelStateChange: 1
09-28 17:50:51.742  2080  2080 I A01b0a/GESTURE: FloatingNavigationManager: setScenePanelState 1
09-28 17:50:51.742  2080  2080 I A01b0a/GESTURE: FloatingNavigationManager: sendFloatingIsInApp true
09-28 17:50:51.742  2080  2080 I A01b0a/GESTURE: FloatingNavigationManager: sendFloatingNavIsInApp swich is closed
09-28 17:50:51.742  2080  2080 I A01b01/HOME: SCBScenePanel: is scrolling value is  false  state is  1 
09-28 17:50:51.742  2080  2080 I A01b00/SCB: PerformanceReporter: Enter calledScene:32, currentMemScene:32
09-28 17:50:51.742  2080  2080 W A01b09/RECENT: SCBScenePanelSession: setBgBlurEnable, isBlurEnable: true, caller function name: updateScenePanelState
09-28 17:50:51.744  2080  2080 I A01b01/HOME: SCBScenePanel: [scenePanelCanvasStyles] set Scale to: 1
09-28 17:50:51.748  2080  2080 I A01b00/SCB: GlobalContext: getObject (1): desktopContext is null: false
09-28 17:50:51.748  2080  2080 I A01b00/SCB: GlobalContext: getObject (1): desktopContext is null: false
09-28 17:50:51.750  2080  2080 I A01b0a/GESTURE: AIBarView: checkShowAiBar
09-28 17:50:51.750  2080  2080 I A04200/WINDOW: SCBSSM: getSystemSceneSessionWithId persistentId:18, mainScreenId:0, screenId:0
09-28 17:50:51.750  2080  2080 I A04200/WINDOW: SCBSSM: Find system scene session : 18
09-28 17:50:51.751  2080  2080 I A01b0a/GESTURE: aiBarViewData: powerMode:600 thermalLevel:0 isEnterDeliver:false
09-28 17:50:51.753  2080  2080 I A01b01/HOME: SCBSceneContainer: init.
09-28 17:50:51.754  2080  2080 I A01b0a/GESTURE: SCBEventExclusiveManager: registerEventExclusive, caller:SPLIT_GESTURE
09-28 17:50:51.754  2080  2080 I A04200/WINDOW: SCBScreenSM: registerScreenRotateChangeCallbacks caller: at aboutToAppear (SCBSceneContainer.ts:902:47)
09-28 17:50:51.754  2080  2080 I A04200/WINDOW: SCBScreenSM: registerScreenRotateChangeCallbacks screenId: 0 10
09-28 17:50:51.754  2080  2080 W A01b01/HOME: SCBSceneContainer: [SCBMain] com.unity3d.player.UnityPlayerActivity/com.a2hlab.bridge.zigzag/entry/0(persistentId: 33)(containerId: 4) enableShow change from false to true. Detail:isPrebuildStageEnableShow:false, showInRecent:false, sceneContainerSession.enableShow:true, showInScrolling:false
09-28 17:50:51.764  2080  2080 I A01c06/ICON: CompanionIcon: aboutToAppear
09-28 17:50:51.764  2080  2080 W A01c06/ICON: CompanionIcon: updateIcon startType: 0
09-28 17:50:51.764  2080  2080 I A01c06/ICON: CompanionIcon: aboutToAppear moduleName: undefined, bundleName: undefined, startAppType: undefined
09-28 17:50:51.764  2080  2080 I A04200/WINDOW: SCBSSM: Register func type: 23 with screenId: 0 success.
09-28 17:50:51.765  2080  2080 I A04200/WINDOW: SCBSSM: Register func type: 14 with screenId: 0 success.
09-28 17:50:51.765  2080  2080 I A04200/WINDOW: SCBSceneViewModel: init.
09-28 17:50:51.765  2080  2080 I A04200/WINDOW: SCBSceneSession: registerOnUpdateSessionIconCallback
09-28 17:50:51.766  2080  2080 W A04200/WINDOW: SCBSceneSession: registerCreateSubSessionCallback, id: 33, on panel: undefined
09-28 17:50:51.766  2080  2080 I A04200/WINDOW: SCBSceneSession: [SCBDialog] registerCreateDialogCallback
09-28 17:50:51.766  2080  2080 I A04200/WINDOW: SCBSceneSession: registerSessionTouchableChangeCallback
09-28 17:50:51.766  2080  2080 I A04200/WINDOW: SCBSceneSession: registerSessionSystemBarPropertyCallback
09-28 17:50:51.766  2080  2080 I A04200/WINDOW: SCBSceneSession: registerUpdatePiPTemplateInfoCallback, persistentId: 33
09-28 17:50:51.766  2080  2080 I A04200/WINDOW: SCBKioskModeManager: sceneType=SCBScene33 registerKioskModeChangeEvent success.
09-28 17:50:51.775  2080  2080 I A04200/WINDOW: SCBSPM: onBlurTransitionActive blurScale:1 source:SCBScenePanel > startBlurAnimation leg 1 isForegroundBlurActive:false
09-28 17:50:51.775  2080  2080 W A01b09/RECENT: SCBScenePanelSession: setBgBlurScale, blurScale: 0 to 1,caller function name: SCBScenePanel > startBlurAnimation leg 1
09-28 17:50:51.776  2080  2080 I A01b01/HOME: SCBScenePanelViewModel: setScenePanelTouchableByNavigation is false, scenePanelState is 1 isTouchableByNavBar:false isTouchable:undefined
09-28 17:50:51.776  2080  2080 I A04200/WINDOW: SCBSystemSceneSession: setSessionTouchable:false this.sessionChangeCallback:undefined
09-28 17:50:51.776  2080  2080 I A04200/WINDOW: SCBSSM: [SCBMain]notifyForegroundInteractiveStatus, persistentId:33 interactive:true
09-28 17:50:51.776  2080  2080 I A04209/WMSImms: enterRecent:false
09-28 17:50:51.777  2080  2080 I A04200/WINDOW: SCBSSM: displayData(1200 1920) 
09-28 17:50:51.777  2080  2080 I A01b01/HOME: SCBScenePanelViewModel: close formservice and managerview when fullscene
09-28 17:50:51.777  2080  2080 I A01a00/SYS_UI: OverlayStartAnimHelper: checkStartOverlayTransitionIn
09-28 17:50:51.777  2080  2080 E A01a00/SYS_UI: OverlayStartAnimHelper: overlayCardInfo is invalid
09-28 17:50:51.777  2080  2080 I A04200/WINDOW: SCBSSM: resetStartingSceneFromPiP
09-28 17:50:51.777  2080  2080 I A01b01/HOME: SCBScenePanelViewModel: Not quickAccessMenu
09-28 17:50:51.777  2080  2080 W A01b01/HOME: SCBScenePanelViewModel: [SCBMain]onStartSceneFromOther !isActive call sceneContainerZoomIn
09-28 17:50:51.778  2080  2080 W A01c06/ICON: CompanionIcon: isNeedUpdateIcon name is Empty, return false
09-28 17:50:51.778  2080  2080 W A01c06/ICON: CompanionIcon: isNeedUpdateIcon name is Empty, return false
09-28 17:50:51.778  2080  2080 W A01b00/SCB: SCBSCS: [SCBScenePanelViewModel] sceneAlpha from 1 to 0. reason: sceneContainerZoomIn, extra: com.unity3d.player.UnityPlayerActivity/com.a2hlab.bridge.zigzag/entry/0(persistentId: 33)(containerId: 4)
09-28 17:50:51.778  2080  2080 I A0421d/WMSRotation: [startSceneWithRotationIfNeed] containerSession com.unity3d.player.UnityPlayerActivity/com.a2hlab.bridge.zigzag/entry/0(persistentId: 33)(containerId: 4), needAnimation false isFromRecent false fromUser false isPageRotation false
09-28 17:50:51.778  2080  2080 I A0421d/WMSRotation: [coverSensorRotation] cover sensor rotation.
09-28 17:50:51.778  2080  2080 I A04200/WINDOW: SCBScreenSM: screenRotationLocked value:false
09-28 17:50:51.779  2080  2080 W A0421d/WMSRotation: [getTargetRotation] bundleName:com.a2hlab.bridge.zigzag requestOrientation:0 isScreenLocked:false isPlacedRotateFriendlyDevicePlaced:false fixedRotation: -1
09-28 17:50:51.779  2080  2080 I A04200/WINDOW: SCBSceneOrientationPolicy: SCBDefaultOrientationPolicy: currentScreenRotation: 0, sensorRotation: 0, isScreenLocked: false, fromUser: false, isPlacedRotateFriendlyDevicePlaced: false
09-28 17:50:51.779  2080  2080 W A0421d/WMSRotation: [startSceneWithRotationIfNeed] before rotate with targetRotation=0, sensorRotation=0, currentScreenRotation=0, currentContainerRotation=0, name=com.a2hlab.bridge.zigzag
09-28 17:50:51.779  2080  2080 I A0421d/WMSRotation: [rotateWindowPolicy] rotate with window policy.
09-28 17:50:51.779  2080  2080 I A0421d/WMSRotation: [rotateWindowPolicy] no need to rotate with same targetRotation.
09-28 17:50:51.779  2080  2080 W A04202/WMSMain: add failed. com.unity3d.player.UnityPlayerActivity/com.a2hlab.bridge.zigzag/entry/0(persistentId: 33)(containerId: 4) already existed in array
09-28 17:50:51.779  2080  2080 I A04200/WINDOW: SCBSceneRecentMissionManager: add id 33 to recentMissionIdSet
09-28 17:50:51.779  2080  2080 I A04200/WINDOW: SCBSPM: Remove container id: 4, 33
09-28 17:50:51.779  2080  2080 I A01b09/RECENT: RecentDockRefreshAlarm: refresh recent dock: com.unity3d.player.UnityPlayerActivity/com.a2hlab.bridge.zigzag/entry/0(persistentId: 33)(containerId: 4)
09-28 17:50:51.779  2080  2080 I A01b09/RECENT: RecentDockRefreshAlarm: start alarm recent dock: com.unity3d.player.UnityPlayerActivity/com.a2hlab.bridge.zigzag/entry/0(persistentId: 33)(containerId: 4)
09-28 17:50:51.780  2080  2080 W A01b00/SCB: SCBSCS: Add count 4, 0
09-28 17:50:51.780  2080  2080 I A01b00/SCB: SCBTM: Add count 4, 0
09-28 17:50:51.780  2080  2080 W A01b00/SCB: SCBSCS: getTransitionCount from session 4, 1
09-28 17:50:51.780  2080  2080 W A01b00/SCB: SCBTM: getTransitionCount from animationMap 4, 1
09-28 17:50:51.780  2080  2080 W A01b01/HOME: SCBScenePanelAnimator: sceneContainerZoomIn 
09-28 17:50:51.780  2080  2080 W A01b00/SCB: SCBTM: notifySceneTransitionIn isTransitionInFromOther: true
09-28 17:50:51.780  2080  2080 I A0001b/AA: OutSideWindowManager: globalSearchStatus: 0
09-28 17:50:51.783  2080  2080 E A04200/WINDOW: SCBSSM: image is null.
09-28 17:50:51.783  2080  2080 I A04200/WINDOW: SCBSSM: updateStatusbarColor contentColor: #ffffffff
09-28 17:50:51.783  2080  2080 I A04209/WMSImms: set desktop prop:[5,true,"#00000000","#ffffffff",true,true,null]
09-28 17:50:51.784  2080  2080 I A04209/WMSImms: update force prop:[0,false,"#00000000","#ffffffff",true,true,null],callfrom:RecentTask out
09-28 17:50:51.785  2080  2080 I A01b01/HOME: WallpaperManager --> updateDeskTopWallpaperScale scale = 1.1;
09-28 17:50:51.786  2080  2080 I A0001b/AA: OutSideWindowManager: globalSearchStatus: 0
09-28 17:50:51.786  2080  2080 W A01b01/HOME: SCBDesktop: onDesktopAnimateScaleChanged changeScale to 0.88, due to:onActive
09-28 17:50:51.786  2080  2080 I A01b00/SCB: SCBTM: change currentTransitionController
09-28 17:50:51.786  2080  2080 I A01b00/SCB: SCBTM: cleanTransition ignore
09-28 17:50:51.786  2080  2080 I A04200/WINDOW: SCBSPM: onBlurTransitionActive blurScale:1 source:SCBScenePanel > sceneContainerZoomIn isForegroundBlurActive:false
09-28 17:50:51.786  2080  2080 W A01b00/SCB: SCBSCS: [SCBScenePanelViewModel] sceneAlpha from 0 to 1. reason: sceneContainerZoomIn, extra: com.unity3d.player.UnityPlayerActivity/com.a2hlab.bridge.zigzag/entry/0(persistentId: 33)(containerId: 4)
09-28 17:50:51.786  2080  2080 W A01b00/SCB: SCBSCS: getTransitionCount from session 4, 1
09-28 17:50:51.786  2080  2080 W A01b00/SCB: SCBTM: getTransitionCount from animationMap 4, 1
09-28 17:50:51.786  2080  2080 I A01b01/HOME: SCBScenePanelAnimator: startSceneFromOther animation count: before 1,
09-28 17:50:51.786  2080  2080 I A01b01/HOME:         current 1
09-28 17:50:51.786  2080  2080 W A01b00/SCB: SCBSCS: getTransitionCount from session 4, 1
09-28 17:50:51.787  2080  2080 W A01b00/SCB: SCBTM: getTransitionCount from animationMap 4, 1
09-28 17:50:51.787  2080  2080 W A01b00/SCB: SCBSCS: clearTransitionCount 4, 1
09-28 17:50:51.787  2080  2080 I A01b00/SCB: SCBTM: clearTransitionCount 4, 1
09-28 17:50:51.787  2080  2080 I A01b00/SCB: AnimateToScheduleUtils: raiseAppStartToCPUPriority: 1
09-28 17:50:51.787  2080  2080 I A01b00/SCB: LocalEventManager: sendLocalEvent, send local event with no receiver
09-28 17:50:51.787  2080  2080 I A01b09/RECENT: QuickSwitchRaiseTopAlarm: cancel alarm, reason: start scene from other
09-28 17:50:51.787  2080  2080 I A04200/WINDOW: [SCBMission]SCBSceneMissionManager: startSceneFromOther, to: com.unity3d.player.UnityPlayerActivity/com.a2hlab.bridge.zigzag/entry/0 on screen 0
09-28 17:50:51.787  2080  2080 I A04200/WINDOW: [SCBMission]SCBSceneMissionManager: no need defer start
09-28 17:50:51.787  2080  2080 W A04200/WINDOW: [SCBMission]SCBScenePanelMissionHandler: [Screen:0][Panel:1]getMissionProcessor null, fallback to empty default
09-28 17:50:51.787  2080  2080 W A04200/WINDOW: [SCBMission]SCBScenePanelMissionHandler: [Screen:0][Panel:2]getMissionProcessor null, fallback to empty default
09-28 17:50:51.788  2080  2080 E A01b01/HOME: ResourceManager: getAppName error: {"code":9001001,"message":"GetStringById failed state"}
09-28 17:50:51.789  2080  2080 I A01b01/HOME: ResourceManager: getBundleAppNameFromBms for com.a2hlab.bridge.zigzag resMgrName: com.a2hlab.bridge.zigzag
09-28 17:50:51.789  2080  2080 I A01b01/HOME: ResourceManager: setBundleAppNameCache cacheKey:com.a2hlab.bridge.zigzag, value: com.a2hlab.bridge.zigzag
09-28 17:50:51.789  2080  2080 I A04200/WINDOW: SCBSSM: [SCBMain] get app name: 
09-28 17:50:51.789  2080  2080 I A04200/WINDOW: SCBSSM: [SCBMain]setLabel, label:
09-28 17:50:51.789  2080  2080 I A01b00/SCB: TaskpoolUtil: task sequenceExecute
09-28 17:50:51.789  2080  2080 I A01b00/SCB: TaskpoolUtil: task sequenceExecute finally
09-28 17:50:51.792  2080  2080 I A01b00/SCB: TaskpoolUtil: task sequenceExecute
09-28 17:50:51.792  2080  2080 I A01b00/SCB: TaskpoolUtil: task sequenceExecute finally
09-28 17:50:51.794  2080  2080 I A04200/WINDOW: SCBSSM: onShiftFocus id: 11 -> 33, displayGroupId: 0
09-28 17:50:51.794  2080  2080 I A01b00/SCB: ViewManagerPolicy --> 11 notifyViewLoseFocus
09-28 17:50:51.794  2080  2080 I A01b0a/GESTURE: SCBGestureManager: onLoseFocus
09-28 17:50:51.794  2080  2080 I A01b01/HOME: SCBDesktop: Desktop lose focus, the scenePanelState is 1
09-28 17:50:51.794  2080  2080 I A01a00/SYS_UI: SystemUIView: onDeskTopChange: false
09-28 17:50:51.795  2080  2080 I A01a00/SYS_UI: SystemUIView: onDeskTopChange: false
09-28 17:50:51.795  2080  2080 W A01b01/HOME: ExposureManager --> desktop exposure desktopExposureTimeStart: 487996, lastTime: 3521
09-28 17:50:51.795  2080  2080 W A01b01/HOME: ExposureManager --> desktop exposure displayCount: 1
09-28 17:50:51.795  2080  2080 W A01b01/HOME: ExposureManager --> desktop exposure pageIndexStart: 1, pageIndexEnd: 1, pageCount: 1
09-28 17:50:51.795  2080  2080 I A01b01/HOME: BaseLayoutCacheManager: getAllGridLayoutItemList from exposure, size: 14
09-28 17:50:51.795  2080  2080 W A01b01/HOME: ExposureManager --> desktop exposure save data: {desktopPageIndex:1,exposureTime:11,exposureCount:2,desktopAppInfoList:[{bundleName:com.ohos.clock,coordinate:{column:1,row:2},station:desktop},{bundleName:com.ohos.filemanager,coordinate:{column:0,row:3},station:desktop},{bundleName:com.ohos.calculator,coordinate:{column:1,row:3},station:desktop},{bundleName:com.ohos.note,coordinate:{column:2,row:3},station:desktop},{bundleName:com.ohos.smartperf,coordinate:{column:3,row:3},station:desktop},{bundleName:com.ohos.updateapp,coordinate:{column:0,row:4},station:desktop},{bundleName:ohos.samples.distributedmusicplayer,coordinate:{column:1,row:4},station:desktop},{bundleName:com.ohos.contacts,coordinate:{column:0,row:2},station:desktop},{bundleName:org.westlake.imehost,coordinate:{column:0,row:0},station:desktop},{bundleName:org.westlake.launcher13,coordinate:{column:1,row:0},station:desktop},{bundleName:com.example.helloworld,coordinate:{column:2,row:0},station:desktop},{bundleName:com.a2hlab.bridge.zigzag,coordinate:{column:3,row:0},station:desktop},{bundleName:com.ohos.contacts,coordinate:{column:0,row:0},station:dock},{bundleName:com.ohos.mms,coordinate:{column:1,row:0},station:dock},{bundleName:com.ohos.camera,coordinate:{column:2,row:0},station:dock},],desktopFolderInfoList:[],desktopCardInfoList:[],desktopStackInfoList:[]}
09-28 17:50:51.796  2080  2080 I A04200/WINDOW: SCBWindowFocusController: setFocusedSession, displayGroupId: 0, sessionId: 33, displayId: 0, screenId: 0
09-28 17:50:51.801  2080  2080 I A01a00/SYS_UI: AppLifeCycleManager: StateChanged, state is not page com.ohos.sceneboard_phone_sceneboard_com.ohos.sceneboard.MainAbility_2080
09-28 17:50:51.880  2080  2080 I A01b09/RECENT: RecentDockRefreshAlarm: refresh recent dock: com.unity3d.player.UnityPlayerActivity/com.a2hlab.bridge.zigzag/entry/0(persistentId: 33)(containerId: 4)
09-28 17:50:51.888  2080  2080 I A04200/WINDOW: SCBSceneSession: onSessionShowWhenLockedChange, status:false of id:33 ignored.
09-28 17:50:52.786  2080  2080 I A01b09/RECENT: SCBDesktopCacheManager: FreezeTrack setWallPaperScale old:1, new:1.1, reason:onActive
09-28 17:50:53.437  2080  2080 I A01a00/SYS_UI: AppLifeCycleManager: Ability state changed, uid: 20010056, key: com.a2hlab.bridge.zigzag_entry_com.unity3d.player.UnityPlayerActivity_11831, isForeground: true, state 2
09-28 17:50:53.437  2080  2080 I A01a00/SYS_UI: AppLifeCycleManager: Ability state change: new foregroundAbilities: 20010056: com.a2hlab.bridge.zigzag_entry_com.unity3d.player.UnityPlayerActivity_11831
09-28 17:50:53.437  2080  2080 I A01a00/SYS_UI: AppLifeCycleManager: App foreground state changed, uid: 20010056, true
09-28 17:50:53.437  2080  2080 W A01a00/SYS_UI: LiveCapsuleListVm: onAppForegroundStateChange foreground: true, uid: 20010056, bundleName: com.a2hlab.bridge.zigzag, orientation: 0
09-28 17:50:53.438  2080  2080 W A01a00/SYS_UI: LiveCapsuleListVm: start to toggleCapsuleList, param:  {"isUpwards":false,"isUpdateImmediately":false,"needAnimation":true}
09-28 17:50:53.438  2080  2080 W A01a00/SYS_UI: LiveCapsuleListVm: Visible is not changed, stop toggleCapsuleList.
09-28 17:50:53.503  2080  2080 I A04200/WINDOW: SCBSceneSession: onCreateSpecificSession, callbacks: valid
09-28 17:50:53.504  2080  2080 I A04200/WINDOW: SCBSpecificSession: constructor, id: 34, type: 2, parentId: 33, type: object
09-28 17:50:53.506  2080  2080 I A04200/WINDOW: SCBScene: [SCBSub] create subSession success, + id: 34parentId: 33
09-28 17:50:53.506  2080  2080 I A04208/WMSLayout: rectChangeCallback is undefined, id: 34, reason: 0, rect: [0, 0, 1200, 1920], currRect: [0, 0, 1200, 1920]
09-28 17:50:53.506  2080  2080 I A04200/WINDOW: SCBSpecificSession: id:34 updateSizeChangeReason:0
09-28 17:50:53.507  2080  2080 I A04200/WINDOW: SCBScene: [SCBSub] onSubSessionZLevelChange, index: 0, Id: 34
09-28 17:50:53.507  2080  2080 I A04200/WINDOW: SCBScene: [SCBSub] onSubSessionZLevelChange, index: 0, length: 1
09-28 17:50:53.507  2080  2080 I A04208/WMSLayout: followParentWindowLayout is null
09-28 17:50:53.507  2080  2080 I A04200/WINDOW: SCBSpecificSession: persistentId: 34 follow screen change : false!
09-28 17:50:53.507  2080  2080 I A04200/WINDOW: SCBSpecificSession: onSessionStateChange, id: 34, state: 1
09-28 17:50:53.508  2080  2080 I A04200/WINDOW: SCBScene: [SCBSub] state change, persistentId: 34, state: 1, isActive: false, length: 1
09-28 17:50:53.508  2080  2080 I A04200/WINDOW: SCBSpecificSession: setSubWindowSource, source: 0
09-28 17:50:53.517  2080  2080 I A04200/WINDOW: SCBSpecificScene: aboutToAppear, id: 34, currRect: [0, 0, 1200, 1920]
09-28 17:50:53.517  2080  2080 I A04200/WINDOW: SCBSpecificSession: registerSessionRectChangeCallback screenId:0
09-28 17:50:53.517  2080  2080 I A04200/WINDOW: SCBSpecificSession: registerSessionTouchableChangeCallback
09-28 17:50:53.517  2080  2080 I A04200/WINDOW: SCBSpecificSession: registerCreateSubSessionCallback
09-28 17:50:53.517  2080  2080 I A04200/WINDOW: SCBSpecificSession: registerSetWindowCornerRadiusCallback
09-28 17:50:53.518  2080  2080 I A04208/WMSLayout: register follow rect callback, screenId: undefined}
09-28 17:50:53.518  2080  2080 I A04200/WINDOW: SCBSpecificScene: onFollowParentWindowLayout, isFollow: false
09-28 17:50:53.518  2080  2080 I A04200/WINDOW: SCBSpecificSession: registerSetWindowShadowsCallback
09-28 17:50:53.518  2080  2080 I A04200/WINDOW: SCBSpecificSession: registerMaximizeRectChangeCallback persistentId: 34
09-28 17:50:53.518  2080  2080 I A04200/WINDOW: SCBSpecificScene: enable show is false, id: 34, type: 2
09-28 17:50:53.533  2080  2080 I A04200/WINDOW: SCBSpecificSession: onSessionStateChange, id: 34, state: 2
09-28 17:50:53.535  2080  2080 I A04200/WINDOW: SCBScene: [SCBSub] update subwindow zorder. persistentId: 34
09-28 17:50:53.535  2080  2080 I A04200/WINDOW: SCBScene: [SCBSub] state change, persistentId: 34, state: 2, isActive: true, length: 1
09-28 17:50:53.535  2080  2080 I A04200/WINDOW: SCBSpecificSession: onSessionStateChange, id: 34, state: 3
09-28 17:50:53.535  2080  2080 I A04200/WINDOW: SCBSpecificSession: Skip state change, SessionState: 3
09-28 17:50:53.536  2080  2080 I A04208/WMSLayout: rectChangeCallback exists, id: 34, reason: 0, rect: [0, 0, 1200, 1920], displayId:-1
09-28 17:50:53.536  2080  2080 I A04200/WINDOW: SCBSpecificScene: onSessionRectChange start, id: 34 reason: 0, rect: [0, 0, 1200, 1920], currRect: [0, 0, 1200, 1920]
09-28 17:50:53.536  2080  2080 I A04200/WINDOW: SCBSpecificScene: session rect not change
09-28 17:50:53.536  2080  2080 I A04200/WINDOW: SCBSpecificSession: id:34 updateSizeChangeReason:0
09-28 17:50:53.550  2080  2080 I A04200/WINDOW: SCBSpecificScene: enable show is true, is in active state, id: 34, type: 2
09-28 17:50:53.551  2080  2080 I A04200/WINDOW: WindowAnimationUtils: getSubWindowTransitionEffect start
09-28 17:50:54.742  2080  2080 I A01b01/HOME: PageDesktopViewModel --> index: 1, pageList: 1, is outer: false
09-28 17:50:54.742  2080  2080 W A01b01/HOME: PageDesktopViewModel --> no cards in layout!
09-28 17:50:54.742  2080  2080 W A01b01/HOME: FormModel: get all forms from layout
09-28 17:50:54.742  2080  2080 W A01b01/HOME: PageDesktopViewModel --> cards num not reach limit, no need to recycle
09-28 17:51:00.003  2080  2080 I A01a01/NC: StatusBarSysEventUtil: onTimeChangeEvent
09-28 17:51:00.003  2080  2080 I A01a00/SYS_UI: SysUI_BaseVM_: onTimeChangeEvent, need to update time, event: usual.event.TIME_TICK
09-28 17:51:00.003  2080  2080 I A01a00/SYS_UI: SysUI_BaseVM_: onTimeChangeEvent, need to update time, event: usual.event.TIME_TICK
09-28 17:51:00.006  2080  2080 I A01a01/NC: NotificationTimeVm: Update time text for __0_1018___0: 8 分钟前
09-28 17:51:00.006  2080  2080 I A01a01/NC: NotificationTimeVm: Update time text for __0_1018___1: 8 分钟前
09-28 17:51:19.291   818  1137 E C01406/skia: SurfaceNodeDrawable DrawCommSurfaceWatermark Name:SCBStatusBar15 Id:8933531975907 water mark count is zero
09-28 17:51:19.293   818  1137 E C02515/DISP: [0;32;31m[GetMetadata:109] <private> is not supported[m
09-28 17:51:19.293  1048  1170 I C02d13/HDC_LOG: [daemon.cpp:1142] FetchCommand channelId:4131404523 command:2
09-28 17:51:19.293  1048  1170 W C02d13/HDC_LOG: [session.cpp:160] BeginRemoveTask taskType:0 channelId:4131404523
09-28 17:51:19.293   818  1137 E C02515/DISP: [0;32;31m[SetMetadata:102] <private> is not supported[m
09-28 17:51:19.293   818  1137 E C02515/METADATA_SRV: [0;32;31m[SetMetadata:136]  fail[m
09-28 17:51:19.293   818  1137 E C01401/Bufferqueue: <surface_buffer_impl.cpp:714-SetMetadata>: SetMetadata Failed with -5
09-28 17:51:19.293   818  1137 E C01406/skia: RSUniRenderComposerAdapter::SetBufferColorSpace set color space fail
09-28 17:51:19.293  1048  1170 W C02d13/HDC_LOG: [session.cpp:190] ClearOwnTasks OP_CLEAR finish, sessionId:213******641(L:10) channelIDInput:4131404523
09-28 17:51:19.293  1048  1170 W C02d13/HDC_LOG: [session.cpp:115] taskClassDeleteRetry start clear task, taskType:0 cid:4131404523 sid:213******641(L:10)
09-28 17:51:19.293  1048  1170 I C02d13/HDC_LOG: [async_cmd.cpp:69] DoRelease rc:-3 pid:12541
09-28 17:51:19.293  1048  1170 I C02d13/HDC_LOG: [session.cpp:126] TaskDelay task remove retry count 0/30, taskType:0 channelId:4131404523, sessionId:213******641(L:10)
09-28 17:51:19.293  1048  1170 I C02d13/HDC_LOG: [daemon_unity.cpp:31] ~HdcDaemonUnity cid:4131404523 sid:213******641(L:10)
09-28 17:51:19.293  1048  1170 I C02d13/HDC_LOG: [task.cpp:40] ~HdcTaskBase type:0 cid:4131404523 sid:213******641(L:10)
09-28 17:51:19.293  1048  1170 W C02d13/HDC_LOG: [session.cpp:134] TaskDelay task remove finish, channelId:4131404523
09-28 17:51:19.293  1048  1170 I C02d13/HDC_LOG: [base.cpp:969] before uv handle close, the uv handle type is 13
09-28 17:51:19.294  1048  1170 I C02d13/HDC_LOG: [daemon.cpp:1142] FetchCommand channelId:4131404523 command:2
09-28 17:51:19.302 11831 12054 I C00f00/OH_DER_VSync: onOhVsync ENTRY ts=<private> data=<private>
09-28 17:51:19.303 11831 12052 I C00f00/OH_DER_VSync: scheduleVsync ENTRY receiverPtr=0x<private>
09-28 17:51:19.303 11831 12052 I C00f00/OH_DER_VSync: scheduleVsync calling RequestFrame ohVsync=<private>
09-28 17:51:19.303 11831 12052 I C00f00/OH_DER_VSync: scheduleVsync RequestFrame rc=<private>
09-28 17:51:19.304   818  1132 E C02515/DISP: [0;32;31m[SetMetadata:102] <private> is not supported[m
09-28 17:51:19.304   818  1132 E C02515/METADATA_SRV: [0;32;31m[SetMetadata:136]  fail[m
09-28 17:51:19.304   818  1132 E C01401/Bufferqueue: <surface_buffer_impl.cpp:714-SetMetadata>: SetMetadata Failed with -5
09-28 17:51:19.305   793  4141 E C02515/DISP: [0;32;31m[SetLayerMaskInfo@display_composer_vdi_impl.cpp:404] <private> is not supported[m
09-28 17:51:19.305   818  1228 E C02515/DISP: [0;32;31m[SetMetadata:102] <private> is not supported[m
09-28 17:51:19.305   818  1228 E C02515/METADATA_SRV: [0;32;31m[SetMetadata:136]  fail[m
09-28 17:51:19.305   818  1228 E C01401/Bufferqueue: <surface_buffer_impl.cpp:714-SetMetadata>: SetMetadata Failed with -5
09-28 17:51:19.306   793  4141 E C02515/DISP: [0;32;31m[SetDisplayClientDamage@display_composer_vdi_impl.cpp:179] <private> is not supported[m
09-28 17:51:19.319 11831 12054 I C00f00/OH_DER_VSync: onOhVsync ENTRY ts=<private> data=<private>
09-28 17:51:19.319   818   818 E C02515/DISP: [0;32;31m[GetMetadata:109] <private> is not supported[m
09-28 17:51:19.319   818   818 E C02515/DISP: [0;32;31m[GetMetadata:109] <private> is not supported[m
09-28 17:51:19.319   818   818 E C02515/DISP: [0;32;31m[GetMetadata:109] <private> is not supported[m
09-28 17:51:19.319 11831 12052 I C00f00/OH_DER_VSync: scheduleVsync ENTRY receiverPtr=0x<private>
09-28 17:51:19.319 11831 12052 I C00f00/OH_DER_VSync: scheduleVsync calling RequestFrame ohVsync=<private>
09-28 17:51:19.319 11831 12052 I C00f00/OH_DER_VSync: scheduleVsync RequestFrame rc=<private>
09-28 17:51:19.320   818   818 E C01406/skia: RSBaseRenderUtil::DealWithSurfaceRotationAndGravity, GetSurfaceBufferOpaque:0
09-28 17:51:19.320   818   818 E C02515/DISP: [0;32;31m[GetMetadata:109] <private> is not supported[m
09-28 17:51:19.320   818   818 E C01406/skia: RSBaseRenderUtil::DealWithSurfaceRotationAndGravity, GetSurfaceBufferOpaque:0
09-28 17:51:19.320   818   818 E C02515/DISP: [0;32;31m[GetMetadata:109] <private> is not supported[m
09-28 17:51:19.321   818  1137 E C02515/DISP: [0;32;31m[SetMetadata:102] <private> is not supported[m
09-28 17:51:19.321   818  1137 E C02515/METADATA_SRV: [0;32;31m[SetMetadata:136]  fail[m
09-28 17:51:19.321   818  1137 E C01401/Bufferqueue: <surface_buffer_impl.cpp:714-SetMetadata>: SetMetadata Failed with -5
09-28 17:51:19.321   818  1137 E C01406/skia: SurfaceNodeDrawable DrawCommSurfaceWatermark Name:BackgroundBlurView2 Id:8933531975688 water mark count is zero
09-28 17:51:19.322   818  1137 E C01406/skia: RSBaseRenderUtil::DealWithSurfaceRotationAndGravity, GetSurfaceBufferOpaque:0
09-28 17:51:19.322   818  1137 I C01406/WRAP: AHardwareBuffer_createFromHandle index = <private> handle = <private>, ahb = <private>
09-28 17:51:19.322   818  1137 E C01406/skia: SurfaceNodeDrawable DrawCommSurfaceWatermark Name:AdapterActivityContent Id:50813758078979 water mark count is zero
09-28 17:51:19.322   818  1137 E C01406/skia: RSBaseRenderUtil::DealWithSurfaceRotationAndGravity, GetSurfaceBufferOpaque:0
09-28 17:51:19.322   818  1137 I C01406/WRAP: AHardwareBuffer_createFromHandle index = <private> handle = <private>, ahb = <private>
09-28 17:51:19.322   818  1137 E C01406/skia: SurfaceNodeDrawable DrawCommSurfaceWatermark Name:AdapterSurfaceView Id:50813758078980 water mark count is zero
09-28 17:51:19.322   818  1137 E C01406/skia: SurfaceNodeDrawable DrawCommSurfaceWatermark Name:com.a2hlab.bridge.zigzag/com.unity3d.player.UnityPlayerActivity Id:50813758078977 water mark count is zero
09-28 17:51:19.323   818  1137 E C01406/skia: SurfaceNodeDrawable DrawCommSurfaceWatermark Name:WindowScene_zigzag33 Id:8933531976525 water mark count is zero
09-28 17:51:19.323   818  1137 E C01406/skia: SurfaceNodeDrawable DrawCommSurfaceWatermark Name:SCBGestureNavBar13 Id:8933531975827 water mark count is zero
09-28 17:51:19.323   818  1137 E C01406/skia: SurfaceNodeDrawable DrawCommSurfaceWatermark Name:SCBStatusBar15 Id:8933531975907 water mark count is zero
09-28 17:51:19.325   818  1137 E C02515/DISP: [0;32;31m[GetMetadata:109] <private> is not supported[m
09-28 17:51:19.325   818  1137 E C02515/DISP: [0;32;31m[SetMetadata:102] <private> is not supported[m
09-28 17:51:19.325   818  1137 E C02515/METADATA_SRV: [0;32;31m[SetMetadata:136]  fail[m
09-28 17:51:19.325   818  1137 E C01401/Bufferqueue: <surface_buffer_impl.cpp:714-SetMetadata>: SetMetadata Failed with -5
09-28 17:51:19.325   818  1137 E C01406/skia: RSUniRenderComposerAdapter::SetBufferColorSpace set color space fail
09-28 17:51:19.336 11831 12054 I C00f00/OH_DER_VSync: onOhVsync ENTRY ts=<private> data=<private>
09-28 17:51:19.336 11831 12052 I C00f00/OH_DER_VSync: scheduleVsync ENTRY receiverPtr=0x<private>
09-28 17:51:19.336 11831 12052 I C00f00/OH_DER_VSync: scheduleVsync calling RequestFrame ohVsync=<private>
09-28 17:51:19.336 11831 12052 I C00f00/OH_DER_VSync: scheduleVsync RequestFrame rc=<private>
09-28 17:51:19.338   818  1132 E C02515/DISP: [0;32;31m[SetMetadata:102] <private> is not supported[m
09-28 17:51:19.338   818  1132 E C02515/METADATA_SRV: [0;32;31m[SetMetadata:136]  fail[m
09-28 17:51:19.338   818  1132 E C01401/Bufferqueue: <surface_buffer_impl.cpp:714-SetMetadata>: SetMetadata Failed with -5
09-28 17:51:19.338   793  4141 E C02515/DISP: [0;32;31m[SetLayerMaskInfo@display_composer_vdi_impl.cpp:404] <private> is not supported[m
09-28 17:51:19.339   818  1228 E C02515/DISP: [0;32;31m[SetMetadata:102] <private> is not supported[m
09-28 17:51:19.339   818  1228 E C02515/METADATA_SRV: [0;32;31m[SetMetadata:136]  fail[m
09-28 17:51:19.339   818  1228 E C01401/Bufferqueue: <surface_buffer_impl.cpp:714-SetMetadata>: SetMetadata Failed with -5
09-28 17:51:19.340   793  4141 E C02515/DISP: [0;32;31m[SetDisplayClientDamage@display_composer_vdi_impl.cpp:179] <private> is not supported[m
09-28 17:51:19.352 11831 12054 I C00f00/OH_DER_VSync: onOhVsync ENTRY ts=<private> data=<private>
09-28 17:51:19.352   818   818 E C02515/DISP: [0;32;31m[GetMetadata:109] <private> is not supported[m
09-28 17:51:19.352   818   818 E C02515/DISP: [0;32;31m[GetMetadata:109] <private> is not supported[m
09-28 17:51:19.353   818   818 E C02515/DISP: [0;32;31m[GetMetadata:109] <private> is not supported[m
09-28 17:51:19.353 11831 12052 I C00f00/OH_DER_VSync: scheduleVsync ENTRY receiverPtr=0x<private>
09-28 17:51:19.353 11831 12052 I C00f00/OH_DER_VSync: scheduleVsync calling RequestFrame ohVsync=<private>
09-28 17:51:19.353 11831 12052 I C00f00/OH_DER_VSync: scheduleVsync RequestFrame rc=<private>
09-28 17:51:19.353   818   818 E C01406/skia: RSBaseRenderUtil::DealWithSurfaceRotationAndGravity, GetSurfaceBufferOpaque:0
09-28 17:51:19.353   818   818 E C02515/DISP: [0;32;31m[GetMetadata:109] <private> is not supported[m
09-28 17:51:19.353   818   818 E C01406/skia: RSBaseRenderUtil::DealWithSurfaceRotationAndGravity, GetSurfaceBufferOpaque:0
09-28 17:51:19.353   818   818 E C02515/DISP: [0;32;31m[GetMetadata:109] <private> is not supported[m
09-28 17:51:19.354   818  1137 E C02515/DISP: [0;32;31m[SetMetadata:102] <private> is not supported[m
09-28 17:51:19.354   818  1137 E C02515/METADATA_SRV: [0;32;31m[SetMetadata:136]  fail[m
09-28 17:51:19.354   818  1137 E C01401/Bufferqueue: <surface_buffer_impl.cpp:714-SetMetadata>: SetMetadata Failed with -5
09-28 17:51:19.355   818  1137 E C01406/skia: SurfaceNodeDrawable DrawCommSurfaceWatermark Name:BackgroundBlurView2 Id:8933531975688 water mark count is zero
09-28 17:51:19.355   818  1137 E C01406/skia: RSBaseRenderUtil::DealWithSurfaceRotationAndGravity, GetSurfaceBufferOpaque:0
09-28 17:51:19.355   818  1137 I C01406/WRAP: AHardwareBuffer_createFromHandle index = <private> handle = <private>, ahb = <private>
09-28 17:51:19.355   818  1137 E C01406/skia: SurfaceNodeDrawable DrawCommSurfaceWatermark Name:AdapterActivityContent Id:50813758078979 water mark count is zero
09-28 17:51:19.355   818  1137 E C01406/skia: RSBaseRenderUtil::DealWithSurfaceRotationAndGravity, GetSurfaceBufferOpaque:0
09-28 17:51:19.356   818  1137 I C01406/WRAP: AHardwareBuffer_createFromHandle index = <private> handle = <private>, ahb = <private>
09-28 17:51:19.356   818  1137 E C01406/skia: SurfaceNodeDrawable DrawCommSurfaceWatermark Name:AdapterSurfaceView Id:50813758078980 water mark count is zero
09-28 17:51:19.356   818  1137 E C01406/skia: SurfaceNodeDrawable DrawCommSurfaceWatermark Name:com.a2hlab.bridge.zigzag/com.unity3d.player.UnityPlayerActivity Id:50813758078977 water mark count is zero
09-28 17:51:19.356   818  1137 E C01406/skia: SurfaceNodeDrawable DrawCommSurfaceWatermark Name:WindowScene_zigzag33 Id:8933531976525 water mark count is zero
09-28 17:51:19.356   818  1137 E C01406/skia: SurfaceNodeDrawable DrawCommSurfaceWatermark Name:SCBGestureNavBar13 Id:8933531975827 water mark count is zero
09-28 17:51:19.356   818  1137 E C01406/skia: SurfaceNodeDrawable DrawCommSurfaceWatermark Name:SCBStatusBar15 Id:8933531975907 water mark count is zero
09-28 17:51:19.358   818  1137 E C02515/DISP: [0;32;31m[GetMetadata:109] <private> is not supported[m
09-28 17:51:19.358   818  1137 E C02515/DISP: [0;32;31m[SetMetadata:102] <private> is not supported[m
09-28 17:51:19.358   818  1137 E C02515/METADATA_SRV: [0;32;31m[SetMetadata:136]  fail[m
09-28 17:51:19.358   818  1137 E C01401/Bufferqueue: <surface_buffer_impl.cpp:714-SetMetadata>: SetMetadata Failed with -5
09-28 17:51:19.358   818  1137 E C01406/skia: RSUniRenderComposerAdapter::SetBufferColorSpace set color space fail
09-28 17:51:19.369 11831 12054 I C00f00/OH_DER_VSync: onOhVsync ENTRY ts=<private> data=<private>
09-28 17:51:19.369 11831 12052 I C00f00/OH_DER_VSync: scheduleVsync ENTRY receiverPtr=0x<private>
09-28 17:51:19.369 11831 12052 I C00f00/OH_DER_VSync: scheduleVsync calling RequestFrame ohVsync=<private>
09-28 17:51:19.369 11831 12052 I C00f00/OH_DER_VSync: scheduleVsync RequestFrame rc=<private>
09-28 17:51:19.371   818  1132 E C02515/DISP: [0;32;31m[SetMetadata:102] <private> is not supported[m
09-28 17:51:19.371   818  1132 E C02515/METADATA_SRV: [0;32;31m[SetMetadata:136]  fail[m
09-28 17:51:19.371   818  1132 E C01401/Bufferqueue: <surface_buffer_impl.cpp:714-SetMetadata>: SetMetadata Failed with -5
09-28 17:51:19.372   793  4141 E C02515/DISP: [0;32;31m[SetLayerMaskInfo@display_composer_vdi_impl.cpp:404] <private> is not supported[m
09-28 17:51:19.373   818  1228 E C02515/DISP: [0;32;31m[SetMetadata:102] <private> is not supported[m
09-28 17:51:19.373   818  1228 E C02515/METADATA_SRV: [0;32;31m[SetMetadata:136]  fail[m
09-28 17:51:19.373   818  1228 E C01401/Bufferqueue: <surface_buffer_impl.cpp:714-SetMetadata>: SetMetadata Failed with -5
09-28 17:51:19.374   793  4141 E C02515/DISP: [0;32;31m[SetDisplayClientDamage@display_composer_vdi_impl.cpp:179] <private> is not supported[m
09-28 17:51:19.386 11831 12054 I C00f00/OH_DER_VSync: onOhVsync ENTRY ts=<private> data=<private>
09-28 17:51:19.386   818   818 E C02515/DISP: [0;32;31m[GetMetadata:109] <private> is not supported[m
09-28 17:51:19.386   818   818 E C02515/DISP: [0;32;31m[GetMetadata:109] <private> is not supported[m
09-28 17:51:19.386   818   818 E C02515/DISP: [0;32;31m[GetMetadata:109] <private> is not supported[m
09-28 17:51:19.386 11831 12052 I C00f00/OH_DER_VSync: scheduleVsync ENTRY receiverPtr=0x<private>
09-28 17:51:19.386 11831 12052 I C00f00/OH_DER_VSync: scheduleVsync calling RequestFrame ohVsync=<private>
09-28 17:51:19.386 11831 12052 I C00f00/OH_DER_VSync: scheduleVsync RequestFrame rc=<private>
09-28 17:51:19.386   818   818 E C01406/skia: RSBaseRenderUtil::DealWithSurfaceRotationAndGravity, GetSurfaceBufferOpaque:0
09-28 17:51:19.387   818   818 E C02515/DISP: [0;32;31m[GetMetadata:109] <private> is not supported[m
09-28 17:51:19.387   818   818 E C01406/skia: RSBaseRenderUtil::DealWithSurfaceRotationAndGravity, GetSurfaceBufferOpaque:0
09-28 17:51:19.387   818   818 E C02515/DISP: [0;32;31m[GetMetadata:109] <private> is not supported[m
09-28 17:51:19.387  1048  1170 I C02d13/HDC_LOG: [daemon.cpp:1142] FetchCommand channelId:2332867582 command:1001
09-28 17:51:19.387  1048  1170 I C02d13/HDC_LOG: [session.cpp:1652] New HTaskInfo cid:2332867582 sid:213******641(L:10) command:1001
09-28 17:51:19.387  1048  1170 I C02d13/HDC_LOG: [session.cpp:891] AdminTask add task type:0 cid:2332867582 sid:213******641(L:10) mapsize:2
09-28 17:51:19.387  1048  1170 I C02d13/HDC_LOG: [task.cpp:34] HdcTaskBase type:0 cid:2332867582 sid:213******641(L:10)
09-28 17:51:19.387  1048  1170 I C02d13/HDC_LOG: [daemon_unity.cpp:414] Unity CommandDispatch command:1001 cid:2332867582 sid:213******641(L:10)
09-28 17:51:19.387  1048  1170 W C02d13/HDC_LOG: [async_cmd.cpp:114] GetDevItem false key:persist.hdc.root
09-28 17:51:19.388   818  1137 E C02515/DISP: [0;32;31m[SetMetadata:102] <private> is not supported[m
09-28 17:51:19.388   818  1137 E C02515/METADATA_SRV: [0;32;31m[SetMetadata:136]  fail[m
09-28 17:51:19.388   818  1137 E C01401/Bufferqueue: <surface_buffer_impl.cpp:714-SetMetadata>: SetMetadata Failed with -5
09-28 17:51:19.388  1048 12543 I C02d13/HDC_LOG: [async_cmd.cpp:225] Popen pipe fds[pipeRead]:36 fds[pipeWrite]:37, mode 0
09-28 17:51:19.388   818  1137 E C01406/skia: SurfaceNodeDrawable DrawCommSurfaceWatermark Name:BackgroundBlurView2 Id:8933531975688 water mark count is zero
09-28 17:51:19.388   818  1137 E C01406/skia: RSBaseRenderUtil::DealWithSurfaceRotationAndGravity, GetSurfaceBufferOpaque:0
09-28 17:51:19.388   818  1137 I C01406/WRAP: AHardwareBuffer_createFromHandle index = <private> handle = <private>, ahb = <private>
09-28 17:51:19.388   818  1137 E C01406/skia: SurfaceNodeDrawable DrawCommSurfaceWatermark Name:AdapterActivityContent Id:50813758078979 water mark count is zero
09-28 17:51:19.388   818  1137 E C01406/skia: RSBaseRenderUtil::DealWithSurfaceRotationAndGravity, GetSurfaceBufferOpaque:0
09-28 17:51:19.389   818  1137 I C01406/WRAP: AHardwareBuffer_createFromHandle index = <private> handle = <private>, ahb = <private>
09-28 17:51:19.389   818  1137 E C01406/skia: SurfaceNodeDrawable DrawCommSurfaceWatermark Name:AdapterSurfaceView Id:50813758078980 water mark count is zero
09-28 17:51:19.389   818  1137 E C01406/skia: SurfaceNodeDrawable DrawCommSurfaceWatermark Name:com.a2hlab.bridge.zigzag/com.unity3d.player.UnityPlayerActivity Id:50813758078977 water mark count is zero
09-28 17:51:19.389   818  1137 E C01406/skia: SurfaceNodeDrawable DrawCommSurfaceWatermark Name:WindowScene_zigzag33 Id:8933531976525 water mark count is zero
09-28 17:51:19.389   818  1137 E C01406/skia: SurfaceNodeDrawable DrawCommSurfaceWatermark Name:SCBGestureNavBar13 Id:8933531975827 water mark count is zero
09-28 17:51:19.389   818  1137 E C01406/skia: SurfaceNodeDrawable DrawCommSurfaceWatermark Name:SCBStatusBar15 Id:8933531975907 water mark count is zero
09-28 17:51:19.390  1048  1170 I C02d13/HDC_LOG: [async_cmd.cpp:291] ExecuteCommand cmd:param get const.product.os.dist.apiname fd:36 pid:12544
09-28 17:51:19.390 12544 12544 W C02d13/HDC_LOG: [async_cmd.cpp:140] SetSelinuxLabel con:u:r:su:s0 isRoot:0
09-28 17:51:19.390  1048  1170 I C02d13/HDC_LOG: [daemon_unity.cpp:486] Unity CommandDispatch command:1001 finish cid:2332867582 sid:213******641(L:10)
09-28 17:51:19.391   818  1137 E C02515/DISP: [0;32;31m[GetMetadata:109] <private> is not supported[m
09-28 17:51:19.391   818  1137 E C02515/DISP: [0;32;31m[SetMetadata:102] <private> is not supported[m
09-28 17:51:19.391   818  1137 E C02515/METADATA_SRV: [0;32;31m[SetMetadata:136]  fail[m
09-28 17:51:19.391   818  1137 E C01401/Bufferqueue: <surface_buffer_impl.cpp:714-SetMetadata>: SetMetadata Failed with -5
09-28 17:51:19.391   818  1137 E C01406/skia: RSUniRenderComposerAdapter::SetBufferColorSpace set color space fail
09-28 17:51:19.403 11831 12054 I C00f00/OH_DER_VSync: onOhVsync ENTRY ts=<private> data=<private>
09-28 17:51:19.403 11831 12052 I C00f00/OH_DER_VSync: scheduleVsync ENTRY receiverPtr=0x<private>
09-28 17:51:19.403 11831 12052 I C00f00/OH_DER_VSync: scheduleVsync calling RequestFrame ohVsync=<private>
09-28 17:51:19.403 11831 12052 I C00f00/OH_DER_VSync: scheduleVsync RequestFrame rc=<private>
09-28 17:51:19.405   818  1132 E C02515/DISP: [0;32;31m[SetMetadata:102] <private> is not supported[m
09-28 17:51:19.405   818  1132 E C02515/METADATA_SRV: [0;32;31m[SetMetadata:136]  fail[m
09-28 17:51:19.405   818  1132 E C01401/Bufferqueue: <surface_buffer_impl.cpp:714-SetMetadata>: SetMetadata Failed with -5
09-28 17:51:19.405   793  4141 E C02515/DISP: [0;32;31m[SetLayerMaskInfo@display_composer_vdi_impl.cpp:404] <private> is not supported[m
09-28 17:51:19.406   818  1228 E C02515/DISP: [0;32;31m[SetMetadata:102] <private> is not supported[m
09-28 17:51:19.406   818  1228 E C02515/METADATA_SRV: [0;32;31m[SetMetadata:136]  fail[m
09-28 17:51:19.406   818  1228 E C01401/Bufferqueue: <surface_buffer_impl.cpp:714-SetMetadata>: SetMetadata Failed with -5
09-28 17:51:19.407   793  4141 E C02515/DISP: [0;32;31m[SetDisplayClientDamage@display_composer_vdi_impl.cpp:179] <private> is not supported[m
09-28 17:51:19.411  1048 12545 I C02d13/HDC_LOG: [async_cmd.cpp:88] FinishShellProc finish pipeRead fd:36 pid:12544 count:1
09-28 17:51:19.411  1048 12545 I C02d13/HDC_LOG: [task.cpp:55] HdcTaskBase::TaskFinish notify begin type:0 cid:2332867582 sid:213******641(L:10)
09-28 17:51:19.412  1048 12545 I C02d13/HDC_LOG: [task.cpp:58] HdcTaskBase::TaskFinish notify end type:0 cid:2332867582 sid:213******641(L:10)
09-28 17:51:19.413  1048  1170 I C02d13/HDC_LOG: [daemon.cpp:1142] FetchCommand channelId:2332867582 command:2
09-28 17:51:19.414  1048  1170 W C02d13/HDC_LOG: [session.cpp:160] BeginRemoveTask taskType:0 channelId:2332867582
09-28 17:51:19.414  1048  1170 W C02d13/HDC_LOG: [session.cpp:190] ClearOwnTasks OP_CLEAR finish, sessionId:213******641(L:10) channelIDInput:2332867582
09-28 17:51:19.414  1048  1170 W C02d13/HDC_LOG: [session.cpp:115] taskClassDeleteRetry start clear task, taskType:0 cid:2332867582 sid:213******641(L:10)
09-28 17:51:19.414  1048  1170 I C02d13/HDC_LOG: [async_cmd.cpp:69] DoRelease rc:-3 pid:12544
09-28 17:51:19.414  1048  1170 I C02d13/HDC_LOG: [session.cpp:126] TaskDelay task remove retry count 0/30, taskType:0 channelId:2332867582, sessionId:213******641(L:10)
09-28 17:51:19.414  1048  1170 I C02d13/HDC_LOG: [daemon_unity.cpp:31] ~HdcDaemonUnity cid:2332867582 sid:213******641(L:10)
09-28 17:51:19.414  1048  1170 I C02d13/HDC_LOG: [task.cpp:40] ~HdcTaskBase type:0 cid:2332867582 sid:213******641(L:10)
09-28 17:51:19.414  1048  1170 W C02d13/HDC_LOG: [session.cpp:134] TaskDelay task remove finish, channelId:2332867582
09-28 17:51:19.414  1048  1170 I C02d13/HDC_LOG: [base.cpp:969] before uv handle close, the uv handle type is 13
09-28 17:51:19.419  1048  1170 I C02d13/HDC_LOG: [daemon.cpp:1142] FetchCommand channelId:2332867582 command:2
09-28 17:51:19.419 11831 12054 I C00f00/OH_DER_VSync: onOhVsync ENTRY ts=<private> data=<private>
09-28 17:51:19.419 11831 12052 I C00f00/OH_DER_VSync: scheduleVsync ENTRY receiverPtr=0x<private>
09-28 17:51:19.419   818   818 E C02515/DISP: [0;32;31m[GetMetadata:109] <private> is not supported[m
09-28 17:51:19.419 11831 12052 I C00f00/OH_DER_VSync: scheduleVsync calling RequestFrame ohVsync=<private>
09-28 17:51:19.419   818   818 E C02515/DISP: [0;32;31m[GetMetadata:109] <private> is not supported[m
09-28 17:51:19.420 11831 12052 I C00f00/OH_DER_VSync: scheduleVsync RequestFrame rc=<private>
09-28 17:51:19.420   818   818 E C02515/DISP: [0;32;31m[GetMetadata:109] <private> is not supported[m
09-28 17:51:19.421   818   818 E C01406/skia: RSBaseRenderUtil::DealWithSurfaceRotationAndGravity, GetSurfaceBufferOpaque:0
09-28 17:51:19.421   818   818 E C02515/DISP: [0;32;31m[GetMetadata:109] <private> is not supported[m
09-28 17:51:19.421   818   818 E C01406/skia: RSBaseRenderUtil::DealWithSurfaceRotationAndGravity, GetSurfaceBufferOpaque:0
09-28 17:51:19.421   818   818 E C02515/DISP: [0;32;31m[GetMetadata:109] <private> is not supported[m
09-28 17:51:19.423   818  1137 E C02515/DISP: [0;32;31m[SetMetadata:102] <private> is not supported[m
09-28 17:51:19.423   818  1137 E C02515/METADATA_SRV: [0;32;31m[SetMetadata:136]  fail[m
09-28 17:51:19.423   818  1137 E C01401/Bufferqueue: <surface_buffer_impl.cpp:714-SetMetadata>: SetMetadata Failed with -5
09-28 17:51:19.423   818  1137 E C01406/skia: SurfaceNodeDrawable DrawCommSurfaceWatermark Name:BackgroundBlurView2 Id:8933531975688 water mark count is zero
09-28 17:51:19.423   818  1137 E C01406/skia: RSBaseRenderUtil::DealWithSurfaceRotationAndGravity, GetSurfaceBufferOpaque:0
09-28 17:51:19.423   818  1137 I C01406/WRAP: AHardwareBuffer_createFromHandle index = <private> handle = <private>, ahb = <private>
09-28 17:51:19.424   818  1137 E C01406/skia: SurfaceNodeDrawable DrawCommSurfaceWatermark Name:AdapterActivityContent Id:50813758078979 water mark count is zero
09-28 17:51:19.424   818  1137 E C01406/skia: RSBaseRenderUtil::DealWithSurfaceRotationAndGravity, GetSurfaceBufferOpaque:0
09-28 17:51:19.424   818  1137 I C01406/WRAP: AHardwareBuffer_createFromHandle index = <private> handle = <private>, ahb = <private>
09-28 17:51:19.424   818  1137 E C01406/skia: SurfaceNodeDrawable DrawCommSurfaceWatermark Name:AdapterSurfaceView Id:50813758078980 water mark count is zero
09-28 17:51:19.424   818  1137 E C01406/skia: SurfaceNodeDrawable DrawCommSurfaceWatermark Name:com.a2hlab.bridge.zigzag/com.unity3d.player.UnityPlayerActivity Id:50813758078977 water mark count is zero
09-28 17:51:19.424   818  1137 E C01406/skia: SurfaceNodeDrawable DrawCommSurfaceWatermark Name:WindowScene_zigzag33 Id:8933531976525 water mark count is zero
09-28 17:51:19.424   818  1137 E C01406/skia: SurfaceNodeDrawable DrawCommSurfaceWatermark Name:SCBGestureNavBar13 Id:8933531975827 water mark count is zero
09-28 17:51:19.424   818  1137 E C01406/skia: SurfaceNodeDrawable DrawCommSurfaceWatermark Name:SCBStatusBar15 Id:8933531975907 water mark count is zero
09-28 17:51:19.426   818  1137 E C02515/DISP: [0;32;31m[GetMetadata:109] <private> is not supported[m
09-28 17:51:19.426   818  1137 E C02515/DISP: [0;32;31m[SetMetadata:102] <private> is not supported[m
09-28 17:51:19.426   818  1137 E C02515/METADATA_SRV: [0;32;31m[SetMetadata:136]  fail[m
09-28 17:51:19.426   818  1137 E C01401/Bufferqueue: <surface_buffer_impl.cpp:714-SetMetadata>: SetMetadata Failed with -5
09-28 17:51:19.426   818  1137 E C01406/skia: RSUniRenderComposerAdapter::SetBufferColorSpace set color space fail
09-28 17:51:19.436 11831 12054 I C00f00/OH_DER_VSync: onOhVsync ENTRY ts=<private> data=<private>
09-28 17:51:19.436 11831 12052 I C00f00/OH_DER_VSync: scheduleVsync ENTRY receiverPtr=0x<private>
09-28 17:51:19.436 11831 12052 I C00f00/OH_DER_VSync: scheduleVsync calling RequestFrame ohVsync=<private>
09-28 17:51:19.436 11831 12052 I C00f00/OH_DER_VSync: scheduleVsync RequestFrame rc=<private>
09-28 17:51:19.438   818  1132 E C02515/DISP: [0;32;31m[SetMetadata:102] <private> is not supported[m
09-28 17:51:19.438   818  1132 E C02515/METADATA_SRV: [0;32;31m[SetMetadata:136]  fail[m
09-28 17:51:19.438   818  1132 E C01401/Bufferqueue: <surface_buffer_impl.cpp:714-SetMetadata>: SetMetadata Failed with -5
09-28 17:51:19.438   793  4141 E C02515/DISP: [0;32;31m[SetLayerMaskInfo@display_composer_vdi_impl.cpp:404] <private> is not supported[m
09-28 17:51:19.439   818  1228 E C02515/DISP: [0;32;31m[SetMetadata:102] <private> is not supported[m
09-28 17:51:19.439   818  1228 E C02515/METADATA_SRV: [0;32;31m[SetMetadata:136]  fail[m
09-28 17:51:19.439   818  1228 E C01401/Bufferqueue: <surface_buffer_impl.cpp:714-SetMetadata>: SetMetadata Failed with -5
09-28 17:51:19.440   793  4141 E C02515/DISP: [0;32;31m[SetDisplayClientDamage@display_composer_vdi_impl.cpp:179] <private> is not supported[m
09-28 17:51:19.452 11831 12054 I C00f00/OH_DER_VSync: onOhVsync ENTRY ts=<private> data=<private>
09-28 17:51:19.453   818   818 E C02515/DISP: [0;32;31m[GetMetadata:109] <private> is not supported[m
09-28 17:51:19.453 11831 12052 I C00f00/OH_DER_VSync: scheduleVsync ENTRY receiverPtr=0x<private>
09-28 17:51:19.453 11831 12052 I C00f00/OH_DER_VSync: scheduleVsync calling RequestFrame ohVsync=<private>
09-28 17:51:19.453   818   818 E C02515/DISP: [0;32;31m[GetMetadata:109] <private> is not supported[m
09-28 17:51:19.453 11831 12052 I C00f00/OH_DER_VSync: scheduleVsync RequestFrame rc=<private>
09-28 17:51:19.453   818   818 E C02515/DISP: [0;32;31m[GetMetadata:109] <private> is not supported[m
09-28 17:51:19.454   818   818 E C01406/skia: RSBaseRenderUtil::DealWithSurfaceRotationAndGravity, GetSurfaceBufferOpaque:0
09-28 17:51:19.454   818   818 E C02515/DISP: [0;32;31m[GetMetadata:109] <private> is not supported[m
09-28 17:51:19.454   818   818 E C01406/skia: RSBaseRenderUtil::DealWithSurfaceRotationAndGravity, GetSurfaceBufferOpaque:0
09-28 17:51:19.454   818   818 E C02515/DISP: [0;32;31m[GetMetadata:109] <private> is not supported[m
09-28 17:51:19.456   818  1137 E C02515/DISP: [0;32;31m[SetMetadata:102] <private> is not supported[m
09-28 17:51:19.456   818  1137 E C02515/METADATA_SRV: [0;32;31m[SetMetadata:136]  fail[m
09-28 17:51:19.456   818  1137 E C01401/Bufferqueue: <surface_buffer_impl.cpp:714-SetMetadata>: SetMetadata Failed with -5
09-28 17:51:19.457   818  1137 E C01406/skia: SurfaceNodeDrawable DrawCommSurfaceWatermark Name:BackgroundBlurView2 Id:8933531975688 water mark count is zero
09-28 17:51:19.457   818  1137 E C01406/skia: RSBaseRenderUtil::DealWithSurfaceRotationAndGravity, GetSurfaceBufferOpaque:0
09-28 17:51:19.458   818  1137 I C01406/WRAP: AHardwareBuffer_createFromHandle index = <private> handle = <private>, ahb = <private>
09-28 17:51:19.458   818  1137 E C01406/skia: SurfaceNodeDrawable DrawCommSurfaceWatermark Name:AdapterActivityContent Id:50813758078979 water mark count is zero
09-28 17:51:19.458   818  1137 E C01406/skia: RSBaseRenderUtil::DealWithSurfaceRotationAndGravity, GetSurfaceBufferOpaque:0
09-28 17:51:19.459   818  1137 I C01406/WRAP: AHardwareBuffer_createFromHandle index = <private> handle = <private>, ahb = <private>
09-28 17:51:19.459   818  1137 E C01406/skia: SurfaceNodeDrawable DrawCommSurfaceWatermark Name:AdapterSurfaceView Id:50813758078980 water mark count is zero
09-28 17:51:19.459   818  1137 E C01406/skia: SurfaceNodeDrawable DrawCommSurfaceWatermark Name:com.a2hlab.bridge.zigzag/com.unity3d.player.UnityPlayerActivity Id:50813758078977 water mark count is zero
09-28 17:51:19.459   818  1137 E C01406/skia: SurfaceNodeDrawable DrawCommSurfaceWatermark Name:WindowScene_zigzag33 Id:8933531976525 water mark count is zero
09-28 17:51:19.460   818  1137 E C01406/skia: SurfaceNodeDrawable DrawCommSurfaceWatermark Name:SCBGestureNavBar13 Id:8933531975827 water mark count is zero
09-28 17:51:19.460   818  1137 E C01406/skia: SurfaceNodeDrawable DrawCommSurfaceWatermark Name:SCBStatusBar15 Id:8933531975907 water mark count is zero
09-28 17:51:19.462   818  1137 E C02515/DISP: [0;32;31m[GetMetadata:109] <private> is not supported[m
09-28 17:51:19.462   818  1137 E C02515/DISP: [0;32;31m[SetMetadata:102] <private> is not supported[m
09-28 17:51:19.462   818  1137 E C02515/METADATA_SRV: [0;32;31m[SetMetadata:136]  fail[m
09-28 17:51:19.462   818  1137 E C01401/Bufferqueue: <surface_buffer_impl.cpp:714-SetMetadata>: SetMetadata Failed with -5
09-28 17:51:19.462   818  1137 E C01406/skia: RSUniRenderComposerAdapter::SetBufferColorSpace set color space fail
09-28 17:51:19.469 11831 12054 I C00f00/OH_DER_VSync: onOhVsync ENTRY ts=<private> data=<private>
09-28 17:51:19.469 11831 12052 I C00f00/OH_DER_VSync: scheduleVsync ENTRY receiverPtr=0x<private>
09-28 17:51:19.469 11831 12052 I C00f00/OH_DER_VSync: scheduleVsync calling RequestFrame ohVsync=<private>
09-28 17:51:19.470 11831 12052 I C00f00/OH_DER_VSync: scheduleVsync RequestFrame rc=<private>
09-28 17:51:19.471   818  1132 E C02515/DISP: [0;32;31m[SetMetadata:102] <private> is not supported[m
09-28 17:51:19.471   818  1132 E C02515/METADATA_SRV: [0;32;31m[SetMetadata:136]  fail[m
09-28 17:51:19.471   818  1132 E C01401/Bufferqueue: <surface_buffer_impl.cpp:714-SetMetadata>: SetMetadata Failed with -5
09-28 17:51:19.472   793  4141 E C02515/DISP: [0;32;31m[SetLayerMaskInfo@display_composer_vdi_impl.cpp:404] <private> is not supported[m
09-28 17:51:19.472   818  1228 E C02515/DISP: [0;32;31m[SetMetadata:102] <private> is not supported[m
09-28 17:51:19.472   818  1228 E C02515/METADATA_SRV: [0;32;31m[SetMetadata:136]  fail[m
09-28 17:51:19.472   818  1228 E C01401/Bufferqueue: <surface_buffer_impl.cpp:714-SetMetadata>: SetMetadata Failed with -5
09-28 17:51:19.473   793  4141 E C02515/DISP: [0;32;31m[SetDisplayClientDamage@display_composer_vdi_impl.cpp:179] <private> is not supported[m
09-28 17:51:19.486 11831 12054 I C00f00/OH_DER_VSync: onOhVsync ENTRY ts=<private> data=<private>
09-28 17:51:19.486   818   818 E C02515/DISP: [0;32;31m[GetMetadata:109] <private> is not supported[m
09-28 17:51:19.486 11831 12052 I C00f00/OH_DER_VSync: scheduleVsync ENTRY receiverPtr=0x<private>
09-28 17:51:19.486 11831 12052 I C00f00/OH_DER_VSync: scheduleVsync calling RequestFrame ohVsync=<private>
09-28 17:51:19.486   818   818 E C02515/DISP: [0;32;31m[GetMetadata:109] <private> is not supported[m
09-28 17:51:19.486 11831 12052 I C00f00/OH_DER_VSync: scheduleVsync RequestFrame rc=<private>
09-28 17:51:19.486   818   818 E C02515/DISP: [0;32;31m[GetMetadata:109] <private> is not supported[m
09-28 17:51:19.487   818   818 E C01406/skia: RSBaseRenderUtil::DealWithSurfaceRotationAndGravity, GetSurfaceBufferOpaque:0
09-28 17:51:19.487   818   818 E C02515/DISP: [0;32;31m[GetMetadata:109] <private> is not supported[m
09-28 17:51:19.487   818   818 E C01406/skia: RSBaseRenderUtil::DealWithSurfaceRotationAndGravity, GetSurfaceBufferOpaque:0
09-28 17:51:19.488   818   818 E C02515/DISP: [0;32;31m[GetMetadata:109] <private> is not supported[m
09-28 17:51:19.490   818  1137 E C02515/DISP: [0;32;31m[SetMetadata:102] <private> is not supported[m
09-28 17:51:19.490   818  1137 E C02515/METADATA_SRV: [0;32;31m[SetMetadata:136]  fail[m
09-28 17:51:19.490   818  1137 E C01401/Bufferqueue: <surface_buffer_impl.cpp:714-SetMetadata>: SetMetadata Failed with -5
09-28 17:51:19.490   818  1137 E C01406/skia: SurfaceNodeDrawable DrawCommSurfaceWatermark Name:BackgroundBlurView2 Id:8933531975688 water mark count is zero
09-28 17:51:19.491   818  1137 E C01406/skia: RSBaseRenderUtil::DealWithSurfaceRotationAndGravity, GetSurfaceBufferOpaque:0
09-28 17:51:19.491   818  1137 I C01406/WRAP: AHardwareBuffer_createFromHandle index = <private> handle = <private>, ahb = <private>
09-28 17:51:19.492   818  1137 E C01406/skia: SurfaceNodeDrawable DrawCommSurfaceWatermark Name:AdapterActivityContent Id:50813758078979 water mark count is zero
09-28 17:51:19.492   818  1137 E C01406/skia: RSBaseRenderUtil::DealWithSurfaceRotationAndGravity, GetSurfaceBufferOpaque:0
09-28 17:51:19.492   818  1137 I C01406/WRAP: AHardwareBuffer_createFromHandle index = <private> handle = <private>, ahb = <private>
09-28 17:51:19.492   818  1137 E C01406/skia: SurfaceNodeDrawable DrawCommSurfaceWatermark Name:AdapterSurfaceView Id:50813758078980 water mark count is zero
09-28 17:51:19.492   818  1137 E C01406/skia: SurfaceNodeDrawable DrawCommSurfaceWatermark Name:com.a2hlab.bridge.zigzag/com.unity3d.player.UnityPlayerActivity Id:50813758078977 water mark count is zero
09-28 17:51:19.492   818  1137 E C01406/skia: SurfaceNodeDrawable DrawCommSurfaceWatermark Name:WindowScene_zigzag33 Id:8933531976525 water mark count is zero
09-28 17:51:19.493   818  1137 E C01406/skia: SurfaceNodeDrawable DrawCommSurfaceWatermark Name:SCBGestureNavBar13 Id:8933531975827 water mark count is zero
09-28 17:51:19.493   818  1137 E C01406/skia: SurfaceNodeDrawable DrawCommSurfaceWatermark Name:SCBStatusBar15 Id:8933531975907 water mark count is zero
09-28 17:51:19.496   818  1137 E C02515/DISP: [0;32;31m[GetMetadata:109] <private> is not supported[m
09-28 17:51:19.496   818  1137 E C02515/DISP: [0;32;31m[SetMetadata:102] <private> is not supported[m
09-28 17:51:19.496   818  1137 E C02515/METADATA_SRV: [0;32;31m[SetMetadata:136]  fail[m
09-28 17:51:19.496   818  1137 E C01401/Bufferqueue: <surface_buffer_impl.cpp:714-SetMetadata>: SetMetadata Failed with -5
09-28 17:51:19.496   818  1137 E C01406/skia: RSUniRenderComposerAdapter::SetBufferColorSpace set color space fail
09-28 17:51:19.497  1048  1170 I C02d13/HDC_LOG: [daemon.cpp:1142] FetchCommand channelId:2021065678 command:1001
09-28 17:51:19.497  1048  1170 I C02d13/HDC_LOG: [session.cpp:1652] New HTaskInfo cid:2021065678 sid:213******641(L:10) command:1001
09-28 17:51:19.497  1048  1170 I C02d13/HDC_LOG: [session.cpp:891] AdminTask add task type:0 cid:2021065678 sid:213******641(L:10) mapsize:2
09-28 17:51:19.497  1048  1170 I C02d13/HDC_LOG: [task.cpp:34] HdcTaskBase type:0 cid:2021065678 sid:213******641(L:10)
09-28 17:51:19.497  1048  1170 I C02d13/HDC_LOG: [daemon_unity.cpp:414] Unity CommandDispatch command:1001 cid:2021065678 sid:213******641(L:10)
09-28 17:51:19.498  1048  1170 W C02d13/HDC_LOG: [async_cmd.cpp:114] GetDevItem false key:persist.hdc.root
09-28 17:51:19.498  1048 12546 I C02d13/HDC_LOG: [async_cmd.cpp:225] Popen pipe fds[pipeRead]:36 fds[pipeWrite]:37, mode 0
09-28 17:51:19.502  1048  1170 I C02d13/HDC_LOG: [async_cmd.cpp:291] ExecuteCommand cmd:param get const.product.os.dist.apiname fd:36 pid:12547
09-28 17:51:19.502 12547 12547 W C02d13/HDC_LOG: [async_cmd.cpp:140] SetSelinuxLabel con:u:r:su:s0 isRoot:0
09-28 17:51:19.502  1048  1170 I C02d13/HDC_LOG: [daemon_unity.cpp:486] Unity CommandDispatch command:1001 finish cid:2021065678 sid:213******641(L:10)
09-28 17:51:19.503 11831 12054 I C00f00/OH_DER_VSync: onOhVsync ENTRY ts=<private> data=<private>
09-28 17:51:19.503 11831 12052 I C00f00/OH_DER_VSync: scheduleVsync ENTRY receiverPtr=0x<private>
09-28 17:51:19.503 11831 12052 I C00f00/OH_DER_VSync: scheduleVsync calling RequestFrame ohVsync=<private>
09-28 17:51:19.503 11831 12052 I C00f00/OH_DER_VSync: scheduleVsync RequestFrame rc=<private>
09-28 17:51:19.505   818  1132 E C02515/DISP: [0;32;31m[SetMetadata:102] <private> is not supported[m
09-28 17:51:19.505   818  1132 E C02515/METADATA_SRV: [0;32;31m[SetMetadata:136]  fail[m
09-28 17:51:19.505   818  1132 E C01401/Bufferqueue: <surface_buffer_impl.cpp:714-SetMetadata>: SetMetadata Failed with -5
09-28 17:51:19.505   793  4141 E C02515/DISP: [0;32;31m[SetLayerMaskInfo@display_composer_vdi_impl.cpp:404] <private> is not supported[m
09-28 17:51:19.505   818  1228 E C02515/DISP: [0;32;31m[SetMetadata:102] <private> is not supported[m
09-28 17:51:19.505   818  1228 E C02515/METADATA_SRV: [0;32;31m[SetMetadata:136]  fail[m
09-28 17:51:19.505   818  1228 E C01401/Bufferqueue: <surface_buffer_impl.cpp:714-SetMetadata>: SetMetadata Failed with -5
09-28 17:51:19.506   793  4141 E C02515/DISP: [0;32;31m[SetDisplayClientDamage@display_composer_vdi_impl.cpp:179] <private> is not supported[m
09-28 17:51:19.519 11831 12054 I C00f00/OH_DER_VSync: onOhVsync ENTRY ts=<private> data=<private>
09-28 17:51:19.519   818   818 E C02515/DISP: [0;32;31m[GetMetadata:109] <private> is not supported[m
09-28 17:51:19.519   818   818 E C02515/DISP: [0;32;31m[GetMetadata:109] <private> is not supported[m
09-28 17:51:19.519   818   818 E C02515/DISP: [0;32;31m[GetMetadata:109] <private> is not supported[m
09-28 17:51:19.520   818   818 E C01406/skia: RSBaseRenderUtil::DealWithSurfaceRotationAndGravity, GetSurfaceBufferOpaque:0
09-28 17:51:19.520   818   818 E C02515/DISP: [0;32;31m[GetMetadata:109] <private> is not supported[m
09-28 17:51:19.520   818   818 E C01406/skia: RSBaseRenderUtil::DealWithSurfaceRotationAndGravity, GetSurfaceBufferOpaque:0
09-28 17:51:19.520   818   818 E C02515/DISP: [0;32;31m[GetMetadata:109] <private> is not supported[m
09-28 17:51:19.521 11831 12052 I C00f00/OH_DER_VSync: scheduleVsync ENTRY receiverPtr=0x<private>
09-28 17:51:19.521 11831 12052 I C00f00/OH_DER_VSync: scheduleVsync calling RequestFrame ohVsync=<private>
09-28 17:51:19.522 11831 12052 I C00f00/OH_DER_VSync: scheduleVsync RequestFrame rc=<private>
09-28 17:51:19.522   818  1137 E C02515/DISP: [0;32;31m[SetMetadata:102] <private> is not supported[m
09-28 17:51:19.522   818  1137 E C02515/METADATA_SRV: [0;32;31m[SetMetadata:136]  fail[m
09-28 17:51:19.522   818  1137 E C01401/Bufferqueue: <surface_buffer_impl.cpp:714-SetMetadata>: SetMetadata Failed with -5
09-28 17:51:19.522   818  1137 E C01406/skia: SurfaceNodeDrawable DrawCommSurfaceWatermark Name:BackgroundBlurView2 Id:8933531975688 water mark count is zero
09-28 17:51:19.523   818  1137 E C01406/skia: RSBaseRenderUtil::DealWithSurfaceRotationAndGravity, GetSurfaceBufferOpaque:0
09-28 17:51:19.523   818  1137 I C01406/WRAP: AHardwareBuffer_createFromHandle index = <private> handle = <private>, ahb = <private>
09-28 17:51:19.523   818  1137 E C01406/skia: SurfaceNodeDrawable DrawCommSurfaceWatermark Name:AdapterActivityContent Id:50813758078979 water mark count is zero
09-28 17:51:19.524   818  1137 E C01406/skia: RSBaseRenderUtil::DealWithSurfaceRotationAndGravity, GetSurfaceBufferOpaque:0
09-28 17:51:19.524  1048 12548 I C02d13/HDC_LOG: [async_cmd.cpp:88] FinishShellProc finish pipeRead fd:36 pid:12547 count:1
09-28 17:51:19.524  1048 12548 I C02d13/HDC_LOG: [task.cpp:55] HdcTaskBase::TaskFinish notify begin type:0 cid:2021065678 sid:213******641(L:10)
09-28 17:51:19.524   818  1137 I C01406/WRAP: AHardwareBuffer_createFromHandle index = <private> handle = <private>, ahb = <private>
09-28 17:51:19.524  1048 12548 I C02d13/HDC_LOG: [task.cpp:58] HdcTaskBase::TaskFinish notify end type:0 cid:2021065678 sid:213******641(L:10)
09-28 17:51:19.524   818  1137 E C01406/skia: SurfaceNodeDrawable DrawCommSurfaceWatermark Name:AdapterSurfaceView Id:50813758078980 water mark count is zero
09-28 17:51:19.524   818  1137 E C01406/skia: SurfaceNodeDrawable DrawCommSurfaceWatermark Name:com.a2hlab.bridge.zigzag/com.unity3d.player.UnityPlayerActivity Id:50813758078977 water mark count is zero
09-28 17:51:19.524   818  1137 E C01406/skia: SurfaceNodeDrawable DrawCommSurfaceWatermark Name:WindowScene_zigzag33 Id:8933531976525 water mark count is zero
09-28 17:51:19.525   818  1137 E C01406/skia: SurfaceNodeDrawable DrawCommSurfaceWatermark Name:SCBGestureNavBar13 Id:8933531975827 water mark count is zero
09-28 17:51:19.525   818  1137 E C01406/skia: SurfaceNodeDrawable DrawCommSurfaceWatermark Name:SCBStatusBar15 Id:8933531975907 water mark count is zero
09-28 17:51:19.526  1048  1170 I C02d13/HDC_LOG: [daemon.cpp:1142] FetchCommand channelId:2021065678 command:2
09-28 17:51:19.526  1048  1170 W C02d13/HDC_LOG: [session.cpp:160] BeginRemoveTask taskType:0 channelId:2021065678
09-28 17:51:19.526  1048  1170 W C02d13/HDC_LOG: [session.cpp:190] ClearOwnTasks OP_CLEAR finish, sessionId:213******641(L:10) channelIDInput:2021065678
09-28 17:51:19.526  1048  1170 W C02d13/HDC_LOG: [session.cpp:115] taskClassDeleteRetry start clear task, taskType:0 cid:2021065678 sid:213******641(L:10)
09-28 17:51:19.526  1048  1170 I C02d13/HDC_LOG: [async_cmd.cpp:69] DoRelease rc:-3 pid:12547
09-28 17:51:19.526  1048  1170 I C02d13/HDC_LOG: [session.cpp:126] TaskDelay task remove retry count 0/30, taskType:0 channelId:2021065678, sessionId:213******641(L:10)
09-28 17:51:19.526  1048  1170 I C02d13/HDC_LOG: [daemon_unity.cpp:31] ~HdcDaemonUnity cid:2021065678 sid:213******641(L:10)
09-28 17:51:19.526  1048  1170 I C02d13/HDC_LOG: [task.cpp:40] ~HdcTaskBase type:0 cid:2021065678 sid:213******641(L:10)
09-28 17:51:19.526  1048  1170 W C02d13/HDC_LOG: [session.cpp:134] TaskDelay task remove finish, channelId:2021065678
09-28 17:51:19.526  1048  1170 I C02d13/HDC_LOG: [base.cpp:969] before uv handle close, the uv handle type is 13
09-28 17:51:19.528   818  1137 E C02515/DISP: [0;32;31m[GetMetadata:109] <private> is not supported[m
09-28 17:51:19.528   818  1137 E C02515/DISP: [0;32;31m[SetMetadata:102] <private> is not supported[m
09-28 17:51:19.528   818  1137 E C02515/METADATA_SRV: [0;32;31m[SetMetadata:136]  fail[m
09-28 17:51:19.528   818  1137 E C01401/Bufferqueue: <surface_buffer_impl.cpp:714-SetMetadata>: SetMetadata Failed with -5
09-28 17:51:19.528   818  1137 E C01406/skia: RSUniRenderComposerAdapter::SetBufferColorSpace set color space fail
09-28 17:51:19.531  1048  1170 I C02d13/HDC_LOG: [daemon.cpp:1142] FetchCommand channelId:2021065678 command:2
09-28 17:51:19.536 11831 12054 I C00f00/OH_DER_VSync: onOhVsync ENTRY ts=<private> data=<private>
09-28 17:51:19.536 11831 12052 I C00f00/OH_DER_VSync: scheduleVsync ENTRY receiverPtr=0x<private>
09-28 17:51:19.536 11831 12052 I C00f00/OH_DER_VSync: scheduleVsync calling RequestFrame ohVsync=<private>
09-28 17:51:19.536 11831 12052 I C00f00/OH_DER_VSync: scheduleVsync RequestFrame rc=<private>
09-28 17:51:19.538   818  1132 E C02515/DISP: [0;32;31m[SetMetadata:102] <private> is not supported[m
09-28 17:51:19.538   818  1132 E C02515/METADATA_SRV: [0;32;31m[SetMetadata:136]  fail[m
09-28 17:51:19.538   818  1132 E C01401/Bufferqueue: <surface_buffer_impl.cpp:714-SetMetadata>: SetMetadata Failed with -5
09-28 17:51:19.539   793  4141 E C02515/DISP: [0;32;31m[SetLayerMaskInfo@display_composer_vdi_impl.cpp:404] <private> is not supported[m
09-28 17:51:19.539   818  1228 E C02515/DISP: [0;32;31m[SetMetadata:102] <private> is not supported[m
09-28 17:51:19.539   818  1228 E C02515/METADATA_SRV: [0;32;31m[SetMetadata:136]  fail[m
09-28 17:51:19.539   818  1228 E C01401/Bufferqueue: <surface_buffer_impl.cpp:714-SetMetadata>: SetMetadata Failed with -5
09-28 17:51:19.540   793  4141 E C02515/DISP: [0;32;31m[SetDisplayClientDamage@display_composer_vdi_impl.cpp:179] <private> is not supported[m
09-28 17:51:19.553 11831 12054 I C00f00/OH_DER_VSync: onOhVsync ENTRY ts=<private> data=<private>
09-28 17:51:19.553   818   818 E C02515/DISP: [0;32;31m[GetMetadata:109] <private> is not supported[m
09-28 17:51:19.553   818   818 E C02515/DISP: [0;32;31m[GetMetadata:109] <private> is not supported[m
09-28 17:51:19.553   818   818 E C02515/DISP: [0;32;31m[GetMetadata:109] <private> is not supported[m
09-28 17:51:19.553 11831 12052 I C00f00/OH_DER_VSync: scheduleVsync ENTRY receiverPtr=0x<private>
09-28 17:51:19.553 11831 12052 I C00f00/OH_DER_VSync: scheduleVsync calling RequestFrame ohVsync=<private>
09-28 17:51:19.553 11831 12052 I C00f00/OH_DER_VSync: scheduleVsync RequestFrame rc=<private>
09-28 17:51:19.553   818   818 E C01406/skia: RSBaseRenderUtil::DealWithSurfaceRotationAndGravity, GetSurfaceBufferOpaque:0
09-28 17:51:19.553   818   818 E C02515/DISP: [0;32;31m[GetMetadata:109] <private> is not supported[m
09-28 17:51:19.553   818   818 E C01406/skia: RSBaseRenderUtil::DealWithSurfaceRotationAndGravity, GetSurfaceBufferOpaque:0
09-28 17:51:19.553   818   818 E C02515/DISP: [0;32;31m[GetMetadata:109] <private> is not supported[m
09-28 17:51:19.554   818  1137 E C02515/DISP: [0;32;31m[SetMetadata:102] <private> is not supported[m
09-28 17:51:19.554   818  1137 E C02515/METADATA_SRV: [0;32;31m[SetMetadata:136]  fail[m
09-28 17:51:19.554   818  1137 E C01401/Bufferqueue: <surface_buffer_impl.cpp:714-SetMetadata>: SetMetadata Failed with -5
09-28 17:51:19.555   818  1137 E C01406/skia: SurfaceNodeDrawable DrawCommSurfaceWatermark Name:BackgroundBlurView2 Id:8933531975688 water mark count is zero
09-28 17:51:19.555   818  1137 E C01406/skia: RSBaseRenderUtil::DealWithSurfaceRotationAndGravity, GetSurfaceBufferOpaque:0
09-28 17:51:19.555   818  1137 I C01406/WRAP: AHardwareBuffer_createFromHandle index = <private> handle = <private>, ahb = <private>
09-28 17:51:19.555   818  1137 E C01406/skia: SurfaceNodeDrawable DrawCommSurfaceWatermark Name:AdapterActivityContent Id:50813758078979 water mark count is zero
09-28 17:51:19.555   818  1137 E C01406/skia: RSBaseRenderUtil::DealWithSurfaceRotationAndGravity, GetSurfaceBufferOpaque:0
09-28 17:51:19.555   818  1137 I C01406/WRAP: AHardwareBuffer_createFromHandle index = <private> handle = <private>, ahb = <private>
09-28 17:51:19.556   818  1137 E C01406/skia: SurfaceNodeDrawable DrawCommSurfaceWatermark Name:AdapterSurfaceView Id:50813758078980 water mark count is zero
09-28 17:51:19.556   818  1137 E C01406/skia: SurfaceNodeDrawable DrawCommSurfaceWatermark Name:com.a2hlab.bridge.zigzag/com.unity3d.player.UnityPlayerActivity Id:50813758078977 water mark count is zero
09-28 17:51:19.556   818  1137 E C01406/skia: SurfaceNodeDrawable DrawCommSurfaceWatermark Name:WindowScene_zigzag33 Id:8933531976525 water mark count is zero
09-28 17:51:19.556   818  1137 E C01406/skia: SurfaceNodeDrawable DrawCommSurfaceWatermark Name:SCBGestureNavBar13 Id:8933531975827 water mark count is zero
09-28 17:51:19.556   818  1137 E C01406/skia: SurfaceNodeDrawable DrawCommSurfaceWatermark Name:SCBStatusBar15 Id:8933531975907 water mark count is zero
09-28 17:51:19.558   818  1137 E C02515/DISP: [0;32;31m[GetMetadata:109] <private> is not supported[m
09-28 17:51:19.558   818  1137 E C02515/DISP: [0;32;31m[SetMetadata:102] <private> is not supported[m
09-28 17:51:19.558   818  1137 E C02515/METADATA_SRV: [0;32;31m[SetMetadata:136]  fail[m
09-28 17:51:19.558   818  1137 E C01401/Bufferqueue: <surface_buffer_impl.cpp:714-SetMetadata>: SetMetadata Failed with -5
09-28 17:51:19.558   818  1137 E C01406/skia: RSUniRenderComposerAdapter::SetBufferColorSpace set color space fail
09-28 17:51:19.569 11831 12054 I C00f00/OH_DER_VSync: onOhVsync ENTRY ts=<private> data=<private>
09-28 17:51:19.569 11831 12052 I C00f00/OH_DER_VSync: scheduleVsync ENTRY receiverPtr=0x<private>
09-28 17:51:19.569 11831 12052 I C00f00/OH_DER_VSync: scheduleVsync calling RequestFrame ohVsync=<private>
09-28 17:51:19.570 11831 12052 I C00f00/OH_DER_VSync: scheduleVsync RequestFrame rc=<private>
09-28 17:51:19.571   818  1132 E C02515/DISP: [0;32;31m[SetMetadata:102] <private> is not supported[m
09-28 17:51:19.571   818  1132 E C02515/METADATA_SRV: [0;32;31m[SetMetadata:136]  fail[m
09-28 17:51:19.571   818  1132 E C01401/Bufferqueue: <surface_buffer_impl.cpp:714-SetMetadata>: SetMetadata Failed with -5
09-28 17:51:19.572   793  4141 E C02515/DISP: [0;32;31m[SetLayerMaskInfo@display_composer_vdi_impl.cpp:404] <private> is not supported[m
09-28 17:51:19.572   818  1228 E C02515/DISP: [0;32;31m[SetMetadata:102] <private> is not supported[m
09-28 17:51:19.572   818  1228 E C02515/METADATA_SRV: [0;32;31m[SetMetadata:136]  fail[m
09-28 17:51:19.572   818  1228 E C01401/Bufferqueue: <surface_buffer_impl.cpp:714-SetMetadata>: SetMetadata Failed with -5
09-28 17:51:19.573   793  4141 E C02515/DISP: [0;32;31m[SetDisplayClientDamage@display_composer_vdi_impl.cpp:179] <private> is not supported[m
09-28 17:51:19.586 11831 12054 I C00f00/OH_DER_VSync: onOhVsync ENTRY ts=<private> data=<private>
09-28 17:51:19.586   818   818 E C02515/DISP: [0;32;31m[GetMetadata:109] <private> is not supported[m
09-28 17:51:19.586   818   818 E C02515/DISP: [0;32;31m[GetMetadata:109] <private> is not supported[m
09-28 17:51:19.586   818   818 E C02515/DISP: [0;32;31m[GetMetadata:109] <private> is not supported[m
09-28 17:51:19.586 11831 12052 I C00f00/OH_DER_VSync: scheduleVsync ENTRY receiverPtr=0x<private>
09-28 17:51:19.586 11831 12052 I C00f00/OH_DER_VSync: scheduleVsync calling RequestFrame ohVsync=<private>
09-28 17:51:19.586 11831 12052 I C00f00/OH_DER_VSync: scheduleVsync RequestFrame rc=<private>
09-28 17:51:19.587   818   818 E C01406/skia: RSBaseRenderUtil::DealWithSurfaceRotationAndGravity, GetSurfaceBufferOpaque:0
09-28 17:51:19.587   818   818 E C02515/DISP: [0;32;31m[GetMetadata:109] <private> is not supported[m
09-28 17:51:19.587   818   818 E C01406/skia: RSBaseRenderUtil::DealWithSurfaceRotationAndGravity, GetSurfaceBufferOpaque:0
09-28 17:51:19.587   818   818 E C02515/DISP: [0;32;31m[GetMetadata:109] <private> is not supported[m
09-28 17:51:19.588   818  1137 E C02515/DISP: [0;32;31m[SetMetadata:102] <private> is not supported[m
09-28 17:51:19.588   818  1137 E C02515/METADATA_SRV: [0;32;31m[SetMetadata:136]  fail[m
09-28 17:51:19.588   818  1137 E C01401/Bufferqueue: <surface_buffer_impl.cpp:714-SetMetadata>: SetMetadata Failed with -5
09-28 17:51:19.588   818  1137 E C01406/skia: SurfaceNodeDrawable DrawCommSurfaceWatermark Name:BackgroundBlurView2 Id:8933531975688 water mark count is zero
09-28 17:51:19.588   818  1137 E C01406/skia: RSBaseRenderUtil::DealWithSurfaceRotationAndGravity, GetSurfaceBufferOpaque:0
09-28 17:51:19.588   818  1137 I C01406/WRAP: AHardwareBuffer_createFromHandle index = <private> handle = <private>, ahb = <private>
09-28 17:51:19.588   818  1137 E C01406/skia: SurfaceNodeDrawable DrawCommSurfaceWatermark Name:AdapterActivityContent Id:50813758078979 water mark count is zero
09-28 17:51:19.589   818  1137 E C01406/skia: RSBaseRenderUtil::DealWithSurfaceRotationAndGravity, GetSurfaceBufferOpaque:0
09-28 17:51:19.589   818  1137 I C01406/WRAP: AHardwareBuffer_createFromHandle index = <private> handle = <private>, ahb = <private>
09-28 17:51:19.589   818  1137 E C01406/skia: SurfaceNodeDrawable DrawCommSurfaceWatermark Name:AdapterSurfaceView Id:50813758078980 water mark count is zero
09-28 17:51:19.589   818  1137 E C01406/skia: SurfaceNodeDrawable DrawCommSurfaceWatermark Name:com.a2hlab.bridge.zigzag/com.unity3d.player.UnityPlayerActivity Id:50813758078977 water mark count is zero
09-28 17:51:19.589   818  1137 E C01406/skia: SurfaceNodeDrawable DrawCommSurfaceWatermark Name:WindowScene_zigzag33 Id:8933531976525 water mark count is zero
09-28 17:51:19.589   818  1137 E C01406/skia: SurfaceNodeDrawable DrawCommSurfaceWatermark Name:SCBGestureNavBar13 Id:8933531975827 water mark count is zero
09-28 17:51:19.589   818  1137 E C01406/skia: SurfaceNodeDrawable DrawCommSurfaceWatermark Name:SCBStatusBar15 Id:8933531975907 water mark count is zero
09-28 17:51:19.591   818  1137 E C02515/DISP: [0;32;31m[GetMetadata:109] <private> is not supported[m
09-28 17:51:19.591   818  1137 E C02515/DISP: [0;32;31m[SetMetadata:102] <private> is not supported[m
09-28 17:51:19.591   818  1137 E C02515/METADATA_SRV: [0;32;31m[SetMetadata:136]  fail[m
09-28 17:51:19.591   818  1137 E C01401/Bufferqueue: <surface_buffer_impl.cpp:714-SetMetadata>: SetMetadata Failed with -5
09-28 17:51:19.591   818  1137 E C01406/skia: RSUniRenderComposerAdapter::SetBufferColorSpace set color space fail
09-28 17:51:19.603 11831 12054 I C00f00/OH_DER_VSync: onOhVsync ENTRY ts=<private> data=<private>
09-28 17:51:19.603 11831 12052 I C00f00/OH_DER_VSync: scheduleVsync ENTRY receiverPtr=0x<private>
09-28 17:51:19.603 11831 12052 I C00f00/OH_DER_VSync: scheduleVsync calling RequestFrame ohVsync=<private>
09-28 17:51:19.603 11831 12052 I C00f00/OH_DER_VSync: scheduleVsync RequestFrame rc=<private>
09-28 17:51:19.605   818  1132 E C02515/DISP: [0;32;31m[SetMetadata:102] <private> is not supported[m
09-28 17:51:19.605   818  1132 E C02515/METADATA_SRV: [0;32;31m[SetMetadata:136]  fail[m
09-28 17:51:19.605   818  1132 E C01401/Bufferqueue: <surface_buffer_impl.cpp:714-SetMetadata>: SetMetadata Failed with -5
09-28 17:51:19.606   793  4141 E C02515/DISP: [0;32;31m[SetLayerMaskInfo@display_composer_vdi_impl.cpp:404] <private> is not supported[m
09-28 17:51:19.606   818  1228 E C02515/DISP: [0;32;31m[SetMetadata:102] <private> is not supported[m
09-28 17:51:19.606   818  1228 E C02515/METADATA_SRV: [0;32;31m[SetMetadata:136]  fail[m
09-28 17:51:19.606   818  1228 E C01401/Bufferqueue: <surface_buffer_impl.cpp:714-SetMetadata>: SetMetadata Failed with -5
09-28 17:51:19.607   793  4141 E C02515/DISP: [0;32;31m[SetDisplayClientDamage@display_composer_vdi_impl.cpp:179] <private> is not supported[m
09-28 17:51:19.619 11831 12054 I C00f00/OH_DER_VSync: onOhVsync ENTRY ts=<private> data=<private>
09-28 17:51:19.619   818   818 E C02515/DISP: [0;32;31m[GetMetadata:109] <private> is not supported[m
09-28 17:51:19.619   818   818 E C02515/DISP: [0;32;31m[GetMetadata:109] <private> is not supported[m
09-28 17:51:19.619   818   818 E C02515/DISP: [0;32;31m[GetMetadata:109] <private> is not supported[m
09-28 17:51:19.619 11831 12052 I C00f00/OH_DER_VSync: scheduleVsync ENTRY receiverPtr=0x<private>
09-28 17:51:19.619 11831 12052 I C00f00/OH_DER_VSync: scheduleVsync calling RequestFrame ohVsync=<private>
09-28 17:51:19.620 11831 12052 I C00f00/OH_DER_VSync: scheduleVsync RequestFrame rc=<private>
09-28 17:51:19.620   818   818 E C01406/skia: RSBaseRenderUtil::DealWithSurfaceRotationAndGravity, GetSurfaceBufferOpaque:0
09-28 17:51:19.620   818   818 E C02515/DISP: [0;32;31m[GetMetadata:109] <private> is not supported[m
09-28 17:51:19.620   818   818 E C01406/skia: RSBaseRenderUtil::DealWithSurfaceRotationAndGravity, GetSurfaceBufferOpaque:0
09-28 17:51:19.620   818   818 E C02515/DISP: [0;32;31m[GetMetadata:109] <private> is not supported[m
09-28 17:51:19.621   818  1137 E C02515/DISP: [0;32;31m[SetMetadata:102] <private> is not supported[m
09-28 17:51:19.621   818  1137 E C02515/METADATA_SRV: [0;32;31m[SetMetadata:136]  fail[m
09-28 17:51:19.621   818  1137 E C01401/Bufferqueue: <surface_buffer_impl.cpp:714-SetMetadata>: SetMetadata Failed with -5
09-28 17:51:19.621   818  1137 E C01406/skia: SurfaceNodeDrawable DrawCommSurfaceWatermark Name:BackgroundBlurView2 Id:8933531975688 water mark count is zero
09-28 17:51:19.622   818  1137 E C01406/skia: RSBaseRenderUtil::DealWithSurfaceRotationAndGravity, GetSurfaceBufferOpaque:0
09-28 17:51:19.622   818  1137 I C01406/WRAP: AHardwareBuffer_createFromHandle index = <private> handle = <private>, ahb = <private>
09-28 17:51:19.622   818  1137 E C01406/skia: SurfaceNodeDrawable DrawCommSurfaceWatermark Name:AdapterActivityContent Id:50813758078979 water mark count is zero
09-28 17:51:19.622   818  1137 E C01406/skia: RSBaseRenderUtil::DealWithSurfaceRotationAndGravity, GetSurfaceBufferOpaque:0
09-28 17:51:19.622   818  1137 I C01406/WRAP: AHardwareBuffer_createFromHandle index = <private> handle = <private>, ahb = <private>
09-28 17:51:19.622   818  1137 E C01406/skia: SurfaceNodeDrawable DrawCommSurfaceWatermark Name:AdapterSurfaceView Id:50813758078980 water mark count is zero
09-28 17:51:19.622   818  1137 E C01406/skia: SurfaceNodeDrawable DrawCommSurfaceWatermark Name:com.a2hlab.bridge.zigzag/com.unity3d.player.UnityPlayerActivity Id:50813758078977 water mark count is zero
09-28 17:51:19.622   818  1137 E C01406/skia: SurfaceNodeDrawable DrawCommSurfaceWatermark Name:WindowScene_zigzag33 Id:8933531976525 water mark count is zero
09-28 17:51:19.623   818  1137 E C01406/skia: SurfaceNodeDrawable DrawCommSurfaceWatermark Name:SCBGestureNavBar13 Id:8933531975827 water mark count is zero
09-28 17:51:19.623   818  1137 E C01406/skia: SurfaceNodeDrawable DrawCommSurfaceWatermark Name:SCBStatusBar15 Id:8933531975907 water mark count is zero
09-28 17:51:19.624   818  1137 E C02515/DISP: [0;32;31m[GetMetadata:109] <private> is not supported[m
09-28 17:51:19.624   818  1137 E C02515/DISP: [0;32;31m[SetMetadata:102] <private> is not supported[m
09-28 17:51:19.624   818  1137 E C02515/METADATA_SRV: [0;32;31m[SetMetadata:136]  fail[m
09-28 17:51:19.624   818  1137 E C01401/Bufferqueue: <surface_buffer_impl.cpp:714-SetMetadata>: SetMetadata Failed with -5
09-28 17:51:19.624   818  1137 E C01406/skia: RSUniRenderComposerAdapter::SetBufferColorSpace set color space fail
09-28 17:51:19.636 11831 12054 I C00f00/OH_DER_VSync: onOhVsync ENTRY ts=<private> data=<private>
09-28 17:51:19.636 11831 12052 I C00f00/OH_DER_VSync: scheduleVsync ENTRY receiverPtr=0x<private>
09-28 17:51:19.636 11831 12052 I C00f00/OH_DER_VSync: scheduleVsync calling RequestFrame ohVsync=<private>
09-28 17:51:19.636 11831 12052 I C00f00/OH_DER_VSync: scheduleVsync RequestFrame rc=<private>
09-28 17:51:19.638   818  1132 E C02515/DISP: [0;32;31m[SetMetadata:102] <private> is not supported[m
09-28 17:51:19.638   818  1132 E C02515/METADATA_SRV: [0;32;31m[SetMetadata:136]  fail[m
09-28 17:51:19.638   818  1132 E C01401/Bufferqueue: <surface_buffer_impl.cpp:714-SetMetadata>: SetMetadata Failed with -5
09-28 17:51:19.639   793  4141 E C02515/DISP: [0;32;31m[SetLayerMaskInfo@display_composer_vdi_impl.cpp:404] <private> is not supported[m
09-28 17:51:19.639   818  1228 E C02515/DISP: [0;32;31m[SetMetadata:102] <private> is not supported[m
09-28 17:51:19.639   818  1228 E C02515/METADATA_SRV: [0;32;31m[SetMetadata:136]  fail[m
09-28 17:51:19.639   818  1228 E C01401/Bufferqueue: <surface_buffer_impl.cpp:714-SetMetadata>: SetMetadata Failed with -5
09-28 17:51:19.640   793  4141 E C02515/DISP: [0;32;31m[SetDisplayClientDamage@display_composer_vdi_impl.cpp:179] <private> is not supported[m
09-28 17:51:19.653 11831 12054 I C00f00/OH_DER_VSync: onOhVsync ENTRY ts=<private> data=<private>
09-28 17:51:19.653   818   818 E C02515/DISP: [0;32;31m[GetMetadata:109] <private> is not supported[m
09-28 17:51:19.653 11831 12052 I C00f00/OH_DER_VSync: scheduleVsync ENTRY receiverPtr=0x<private>
09-28 17:51:19.653 11831 12052 I C00f00/OH_DER_VSync: scheduleVsync calling RequestFrame ohVsync=<private>
09-28 17:51:19.653   818   818 E C02515/DISP: [0;32;31m[GetMetadata:109] <private> is not supported[m
09-28 17:51:19.653 11831 12052 I C00f00/OH_DER_VSync: scheduleVsync RequestFrame rc=<private>
09-28 17:51:19.653   818   818 E C02515/DISP: [0;32;31m[GetMetadata:109] <private> is not supported[m
09-28 17:51:19.654   818   818 E C01406/skia: RSBaseRenderUtil::DealWithSurfaceRotationAndGravity, GetSurfaceBufferOpaque:0
09-28 17:51:19.654   818   818 E C02515/DISP: [0;32;31m[GetMetadata:109] <private> is not supported[m
09-28 17:51:19.654   818   818 E C01406/skia: RSBaseRenderUtil::DealWithSurfaceRotationAndGravity, GetSurfaceBufferOpaque:0
09-28 17:51:19.654   818   818 E C02515/DISP: [0;32;31m[GetMetadata:109] <private> is not supported[m
09-28 17:51:19.656   818  1137 E C02515/DISP: [0;32;31m[SetMetadata:102] <private> is not supported[m
09-28 17:51:19.656   818  1137 E C02515/METADATA_SRV: [0;32;31m[SetMetadata:136]  fail[m
09-28 17:51:19.656   818  1137 E C01401/Bufferqueue: <surface_buffer_impl.cpp:714-SetMetadata>: SetMetadata Failed with -5
09-28 17:51:19.657   818  1137 E C01406/skia: SurfaceNodeDrawable DrawCommSurfaceWatermark Name:BackgroundBlurView2 Id:8933531975688 water mark count is zero
09-28 17:51:19.657   818  1137 E C01406/skia: RSBaseRenderUtil::DealWithSurfaceRotationAndGravity, GetSurfaceBufferOpaque:0
09-28 17:51:19.657   818  1137 I C01406/WRAP: AHardwareBuffer_createFromHandle index = <private> handle = <private>, ahb = <private>
09-28 17:51:19.657   818  1137 E C01406/skia: SurfaceNodeDrawable DrawCommSurfaceWatermark Name:AdapterActivityContent Id:50813758078979 water mark count is zero
09-28 17:51:19.657   818  1137 E C01406/skia: RSBaseRenderUtil::DealWithSurfaceRotationAndGravity, GetSurfaceBufferOpaque:0
09-28 17:51:19.657   818  1137 I C01406/WRAP: AHardwareBuffer_createFromHandle index = <private> handle = <private>, ahb = <private>
09-28 17:51:19.657   818  1137 E C01406/skia: SurfaceNodeDrawable DrawCommSurfaceWatermark Name:AdapterSurfaceView Id:50813758078980 water mark count is zero
09-28 17:51:19.657   818  1137 E C01406/skia: SurfaceNodeDrawable DrawCommSurfaceWatermark Name:com.a2hlab.bridge.zigzag/com.unity3d.player.UnityPlayerActivity Id:50813758078977 water mark count is zero
09-28 17:51:19.657   818  1137 E C01406/skia: SurfaceNodeDrawable DrawCommSurfaceWatermark Name:WindowScene_zigzag33 Id:8933531976525 water mark count is zero
09-28 17:51:19.658   818  1137 E C01406/skia: SurfaceNodeDrawable DrawCommSurfaceWatermark Name:SCBGestureNavBar13 Id:8933531975827 water mark count is zero
09-28 17:51:19.658   818  1137 E C01406/skia: SurfaceNodeDrawable DrawCommSurfaceWatermark Name:SCBStatusBar15 Id:8933531975907 water mark count is zero
09-28 17:51:19.659   818  1137 E C02515/DISP: [0;32;31m[GetMetadata:109] <private> is not supported[m
09-28 17:51:19.659   818  1137 E C02515/DISP: [0;32;31m[SetMetadata:102] <private> is not supported[m
09-28 17:51:19.659   818  1137 E C02515/METADATA_SRV: [0;32;31m[SetMetadata:136]  fail[m
09-28 17:51:19.659   818  1137 E C01401/Bufferqueue: <surface_buffer_impl.cpp:714-SetMetadata>: SetMetadata Failed with -5
09-28 17:51:19.659   818  1137 E C01406/skia: RSUniRenderComposerAdapter::SetBufferColorSpace set color space fail
09-28 17:51:19.669 11831 12054 I C00f00/OH_DER_VSync: onOhVsync ENTRY ts=<private> data=<private>
09-28 17:51:19.670 11831 12052 I C00f00/OH_DER_VSync: scheduleVsync ENTRY receiverPtr=0x<private>
09-28 17:51:19.670 11831 12052 I C00f00/OH_DER_VSync: scheduleVsync calling RequestFrame ohVsync=<private>
09-28 17:51:19.670 11831 12052 I C00f00/OH_DER_VSync: scheduleVsync RequestFrame rc=<private>
09-28 17:51:19.671   818  1132 E C02515/DISP: [0;32;31m[SetMetadata:102] <private> is not supported[m
09-28 17:51:19.671   818  1132 E C02515/METADATA_SRV: [0;32;31m[SetMetadata:136]  fail[m
09-28 17:51:19.671   818  1132 E C01401/Bufferqueue: <surface_buffer_impl.cpp:714-SetMetadata>: SetMetadata Failed with -5
09-28 17:51:19.672   793  4141 E C02515/DISP: [0;32;31m[SetLayerMaskInfo@display_composer_vdi_impl.cpp:404] <private> is not supported[m
09-28 17:51:19.672   818  1228 E C02515/DISP: [0;32;31m[SetMetadata:102] <private> is not supported[m
09-28 17:51:19.672   818  1228 E C02515/METADATA_SRV: [0;32;31m[SetMetadata:136]  fail[m
09-28 17:51:19.672   818  1228 E C01401/Bufferqueue: <surface_buffer_impl.cpp:714-SetMetadata>: SetMetadata Failed with -5
09-28 17:51:19.673   793  4141 E C02515/DISP: [0;32;31m[SetDisplayClientDamage@display_composer_vdi_impl.cpp:179] <private> is not supported[m
09-28 17:51:19.686 11831 12054 I C00f00/OH_DER_VSync: onOhVsync ENTRY ts=<private> data=<private>
09-28 17:51:19.686   818   818 E C02515/DISP: [0;32;31m[GetMetadata:109] <private> is not supported[m
09-28 17:51:19.686   818   818 E C02515/DISP: [0;32;31m[GetMetadata:109] <private> is not supported[m
09-28 17:51:19.686   818   818 E C02515/DISP: [0;32;31m[GetMetadata:109] <private> is not supported[m
09-28 17:51:19.686 11831 12052 I C00f00/OH_DER_VSync: scheduleVsync ENTRY receiverPtr=0x<private>
09-28 17:51:19.686 11831 12052 I C00f00/OH_DER_VSync: scheduleVsync calling RequestFrame ohVsync=<private>
09-28 17:51:19.686 11831 12052 I C00f00/OH_DER_VSync: scheduleVsync RequestFrame rc=<private>
09-28 17:51:19.687   818   818 E C01406/skia: RSBaseRenderUtil::DealWithSurfaceRotationAndGravity, GetSurfaceBufferOpaque:0
09-28 17:51:19.687   818   818 E C02515/DISP: [0;32;31m[GetMetadata:109] <private> is not supported[m
09-28 17:51:19.687   818   818 E C01406/skia: RSBaseRenderUtil::DealWithSurfaceRotationAndGravity, GetSurfaceBufferOpaque:0
09-28 17:51:19.687   818   818 E C02515/DISP: [0;32;31m[GetMetadata:109] <private> is not supported[m
09-28 17:51:19.688   818  1137 E C02515/DISP: [0;32;31m[SetMetadata:102] <private> is not supported[m
09-28 17:51:19.688   818  1137 E C02515/METADATA_SRV: [0;32;31m[SetMetadata:136]  fail[m
09-28 17:51:19.688   818  1137 E C01401/Bufferqueue: <surface_buffer_impl.cpp:714-SetMetadata>: SetMetadata Failed with -5
09-28 17:51:19.688   818  1137 E C01406/skia: SurfaceNodeDrawable DrawCommSurfaceWatermark Name:BackgroundBlurView2 Id:8933531975688 water mark count is zero
09-28 17:51:19.688   818  1137 E C01406/skia: RSBaseRenderUtil::DealWithSurfaceRotationAndGravity, GetSurfaceBufferOpaque:0
09-28 17:51:19.688   818  1137 I C01406/WRAP: AHardwareBuffer_createFromHandle index = <private> handle = <private>, ahb = <private>
09-28 17:51:19.689   818  1137 E C01406/skia: SurfaceNodeDrawable DrawCommSurfaceWatermark Name:AdapterActivityContent Id:50813758078979 water mark count is zero
09-28 17:51:19.689   818  1137 E C01406/skia: RSBaseRenderUtil::DealWithSurfaceRotationAndGravity, GetSurfaceBufferOpaque:0
09-28 17:51:19.689   818  1137 I C01406/WRAP: AHardwareBuffer_createFromHandle index = <private> handle = <private>, ahb = <private>
09-28 17:51:19.689   818  1137 E C01406/skia: SurfaceNodeDrawable DrawCommSurfaceWatermark Name:AdapterSurfaceView Id:50813758078980 water mark count is zero
09-28 17:51:19.689   818  1137 E C01406/skia: SurfaceNodeDrawable DrawCommSurfaceWatermark Name:com.a2hlab.bridge.zigzag/com.unity3d.player.UnityPlayerActivity Id:50813758078977 water mark count is zero
09-28 17:51:19.689   818  1137 E C01406/skia: SurfaceNodeDrawable DrawCommSurfaceWatermark Name:WindowScene_zigzag33 Id:8933531976525 water mark count is zero
09-28 17:51:19.689   818  1137 E C01406/skia: SurfaceNodeDrawable DrawCommSurfaceWatermark Name:SCBGestureNavBar13 Id:8933531975827 water mark count is zero
09-28 17:51:19.690   818  1137 E C01406/skia: SurfaceNodeDrawable DrawCommSurfaceWatermark Name:SCBStatusBar15 Id:8933531975907 water mark count is zero
09-28 17:51:19.691   818  1137 E C02515/DISP: [0;32;31m[GetMetadata:109] <private> is not supported[m
09-28 17:51:19.691   818  1137 E C02515/DISP: [0;32;31m[SetMetadata:102] <private> is not supported[m
09-28 17:51:19.691   818  1137 E C02515/METADATA_SRV: [0;32;31m[SetMetadata:136]  fail[m
09-28 17:51:19.691   818  1137 E C01401/Bufferqueue: <surface_buffer_impl.cpp:714-SetMetadata>: SetMetadata Failed with -5
09-28 17:51:19.691   818  1137 E C01406/skia: RSUniRenderComposerAdapter::SetBufferColorSpace set color space fail
09-28 17:51:19.703 11831 12054 I C00f00/OH_DER_VSync: onOhVsync ENTRY ts=<private> data=<private>
09-28 17:51:19.703 11831 12052 I C00f00/OH_DER_VSync: scheduleVsync ENTRY receiverPtr=0x<private>
09-28 17:51:19.703 11831 12052 I C00f00/OH_DER_VSync: scheduleVsync calling RequestFrame ohVsync=<private>
09-28 17:51:19.703 11831 12052 I C00f00/OH_DER_VSync: scheduleVsync RequestFrame rc=<private>
09-28 17:51:19.705   818  1132 E C02515/DISP: [0;32;31m[SetMetadata:102] <private> is not supported[m
09-28 17:51:19.705   818  1132 E C02515/METADATA_SRV: [0;32;31m[SetMetadata:136]  fail[m
09-28 17:51:19.705   818  1132 E C01401/Bufferqueue: <surface_buffer_impl.cpp:714-SetMetadata>: SetMetadata Failed with -5
09-28 17:51:19.706   793  4141 E C02515/DISP: [0;32;31m[SetLayerMaskInfo@display_composer_vdi_impl.cpp:404] <private> is not supported[m
09-28 17:51:19.706   818  1228 E C02515/DISP: [0;32;31m[SetMetadata:102] <private> is not supported[m
09-28 17:51:19.706   818  1228 E C02515/METADATA_SRV: [0;32;31m[SetMetadata:136]  fail[m
09-28 17:51:19.706   818  1228 E C01401/Bufferqueue: <surface_buffer_impl.cpp:714-SetMetadata>: SetMetadata Failed with -5
09-28 17:51:19.707   793  4141 E C02515/DISP: [0;32;31m[SetDisplayClientDamage@display_composer_vdi_impl.cpp:179] <private> is not supported[m
09-28 17:51:19.719 11831 12054 I C00f00/OH_DER_VSync: onOhVsync ENTRY ts=<private> data=<private>
09-28 17:51:19.720 11831 12052 I C00f00/OH_DER_VSync: scheduleVsync ENTRY receiverPtr=0x<private>
09-28 17:51:19.720 11831 12052 I C00f00/OH_DER_VSync: scheduleVsync calling RequestFrame ohVsync=<private>
09-28 17:51:19.720   818   818 E C02515/DISP: [0;32;31m[GetMetadata:109] <private> is not supported[m
09-28 17:51:19.720   818   818 E C02515/DISP: [0;32;31m[GetMetadata:109] <private> is not supported[m
09-28 17:51:19.720 11831 12052 I C00f00/OH_DER_VSync: scheduleVsync RequestFrame rc=<private>
09-28 17:51:19.720   818   818 E C02515/DISP: [0;32;31m[GetMetadata:109] <private> is not supported[m
09-28 17:51:19.721   818   818 E C01406/skia: RSBaseRenderUtil::DealWithSurfaceRotationAndGravity, GetSurfaceBufferOpaque:0
09-28 17:51:19.721   818   818 E C02515/DISP: [0;32;31m[GetMetadata:109] <private> is not supported[m
09-28 17:51:19.721   818   818 E C01406/skia: RSBaseRenderUtil::DealWithSurfaceRotationAndGravity, GetSurfaceBufferOpaque:0
09-28 17:51:19.721   818   818 E C02515/DISP: [0;32;31m[GetMetadata:109] <private> is not supported[m
09-28 17:51:19.723   818  1137 E C02515/DISP: [0;32;31m[SetMetadata:102] <private> is not supported[m
09-28 17:51:19.723   818  1137 E C02515/METADATA_SRV: [0;32;31m[SetMetadata:136]  fail[m
09-28 17:51:19.723   818  1137 E C01401/Bufferqueue: <surface_buffer_impl.cpp:714-SetMetadata>: SetMetadata Failed with -5
09-28 17:51:19.723   818  1137 E C01406/skia: SurfaceNodeDrawable DrawCommSurfaceWatermark Name:BackgroundBlurView2 Id:8933531975688 water mark count is zero
09-28 17:51:19.723   818  1137 E C01406/skia: RSBaseRenderUtil::DealWithSurfaceRotationAndGravity, GetSurfaceBufferOpaque:0
09-28 17:51:19.724   818  1137 I C01406/WRAP: AHardwareBuffer_createFromHandle index = <private> handle = <private>, ahb = <private>
09-28 17:51:19.724   818  1137 E C01406/skia: SurfaceNodeDrawable DrawCommSurfaceWatermark Name:AdapterActivityContent Id:50813758078979 water mark count is zero
09-28 17:51:19.724   818  1137 E C01406/skia: RSBaseRenderUtil::DealWithSurfaceRotationAndGravity, GetSurfaceBufferOpaque:0
09-28 17:51:19.724   818  1137 I C01406/WRAP: AHardwareBuffer_createFromHandle index = <private> handle = <private>, ahb = <private>
09-28 17:51:19.724   818  1137 E C01406/skia: SurfaceNodeDrawable DrawCommSurfaceWatermark Name:AdapterSurfaceView Id:50813758078980 water mark count is zero
09-28 17:51:19.724   818  1137 E C01406/skia: SurfaceNodeDrawable DrawCommSurfaceWatermark Name:com.a2hlab.bridge.zigzag/com.unity3d.player.UnityPlayerActivity Id:50813758078977 water mark count is zero
09-28 17:51:19.724   818  1137 E C01406/skia: SurfaceNodeDrawable DrawCommSurfaceWatermark Name:WindowScene_zigzag33 Id:8933531976525 water mark count is zero
09-28 17:51:19.724   818  1137 E C01406/skia: SurfaceNodeDrawable DrawCommSurfaceWatermark Name:SCBGestureNavBar13 Id:8933531975827 water mark count is zero
09-28 17:51:19.725   818  1137 E C01406/skia: SurfaceNodeDrawable DrawCommSurfaceWatermark Name:SCBStatusBar15 Id:8933531975907 water mark count is zero
09-28 17:51:19.726   818  1137 E C02515/DISP: [0;32;31m[GetMetadata:109] <private> is not supported[m
09-28 17:51:19.726   818  1137 E C02515/DISP: [0;32;31m[SetMetadata:102] <private> is not supported[m
09-28 17:51:19.726   818  1137 E C02515/METADATA_SRV: [0;32;31m[SetMetadata:136]  fail[m
09-28 17:51:19.726   818  1137 E C01401/Bufferqueue: <surface_buffer_impl.cpp:714-SetMetadata>: SetMetadata Failed with -5
09-28 17:51:19.726   818  1137 E C01406/skia: RSUniRenderComposerAdapter::SetBufferColorSpace set color space fail
09-28 17:51:19.736 11831 12054 I C00f00/OH_DER_VSync: onOhVsync ENTRY ts=<private> data=<private>
09-28 17:51:19.736 11831 12052 I C00f00/OH_DER_VSync: scheduleVsync ENTRY receiverPtr=0x<private>
09-28 17:51:19.736 11831 12052 I C00f00/OH_DER_VSync: scheduleVsync calling RequestFrame ohVsync=<private>
09-28 17:51:19.736 11831 12052 I C00f00/OH_DER_VSync: scheduleVsync RequestFrame rc=<private>
09-28 17:51:19.738   818  1132 E C02515/DISP: [0;32;31m[SetMetadata:102] <private> is not supported[m
09-28 17:51:19.738   818  1132 E C02515/METADATA_SRV: [0;32;31m[SetMetadata:136]  fail[m
09-28 17:51:19.738   818  1132 E C01401/Bufferqueue: <surface_buffer_impl.cpp:714-SetMetadata>: SetMetadata Failed with -5
09-28 17:51:19.739   793  4141 E C02515/DISP: [0;32;31m[SetLayerMaskInfo@display_composer_vdi_impl.cpp:404] <private> is not supported[m
09-28 17:51:19.739   818  1228 E C02515/DISP: [0;32;31m[SetMetadata:102] <private> is not supported[m
09-28 17:51:19.739   818  1228 E C02515/METADATA_SRV: [0;32;31m[SetMetadata:136]  fail[m
09-28 17:51:19.739   818  1228 E C01401/Bufferqueue: <surface_buffer_impl.cpp:714-SetMetadata>: SetMetadata Failed with -5
09-28 17:51:19.740   793  4141 E C02515/DISP: [0;32;31m[SetDisplayClientDamage@display_composer_vdi_impl.cpp:179] <private> is not supported[m
09-28 17:51:19.753 11831 12054 I C00f00/OH_DER_VSync: onOhVsync ENTRY ts=<private> data=<private>
09-28 17:51:19.753   818   818 E C02515/DISP: [0;32;31m[GetMetadata:109] <private> is not supported[m
09-28 17:51:19.753   818   818 E C02515/DISP: [0;32;31m[GetMetadata:109] <private> is not supported[m
09-28 17:51:19.753   818   818 E C02515/DISP: [0;32;31m[GetMetadata:109] <private> is not supported[m
09-28 17:51:19.753 11831 12052 I C00f00/OH_DER_VSync: scheduleVsync ENTRY receiverPtr=0x<private>
09-28 17:51:19.753 11831 12052 I C00f00/OH_DER_VSync: scheduleVsync calling RequestFrame ohVsync=<private>
09-28 17:51:19.753 11831 12052 I C00f00/OH_DER_VSync: scheduleVsync RequestFrame rc=<private>
09-28 17:51:19.754   818   818 E C01406/skia: RSBaseRenderUtil::DealWithSurfaceRotationAndGravity, GetSurfaceBufferOpaque:0
09-28 17:51:19.754   818   818 E C02515/DISP: [0;32;31m[GetMetadata:109] <private> is not supported[m
09-28 17:51:19.754   818   818 E C01406/skia: RSBaseRenderUtil::DealWithSurfaceRotationAndGravity, GetSurfaceBufferOpaque:0
09-28 17:51:19.754   818   818 E C02515/DISP: [0;32;31m[GetMetadata:109] <private> is not supported[m
09-28 17:51:19.755   818  1137 E C02515/DISP: [0;32;31m[SetMetadata:102] <private> is not supported[m
09-28 17:51:19.755   818  1137 E C02515/METADATA_SRV: [0;32;31m[SetMetadata:136]  fail[m
09-28 17:51:19.755   818  1137 E C01401/Bufferqueue: <surface_buffer_impl.cpp:714-SetMetadata>: SetMetadata Failed with -5
09-28 17:51:19.755   818  1137 E C01406/skia: SurfaceNodeDrawable DrawCommSurfaceWatermark Name:BackgroundBlurView2 Id:8933531975688 water mark count is zero
09-28 17:51:19.755   818  1137 E C01406/skia: RSBaseRenderUtil::DealWithSurfaceRotationAndGravity, GetSurfaceBufferOpaque:0
09-28 17:51:19.755   818  1137 I C01406/WRAP: AHardwareBuffer_createFromHandle index = <private> handle = <private>, ahb = <private>
09-28 17:51:19.755   818  1137 E C01406/skia: SurfaceNodeDrawable DrawCommSurfaceWatermark Name:AdapterActivityContent Id:50813758078979 water mark count is zero
09-28 17:51:19.755   818  1137 E C01406/skia: RSBaseRenderUtil::DealWithSurfaceRotationAndGravity, GetSurfaceBufferOpaque:0
09-28 17:51:19.756   818  1137 I C01406/WRAP: AHardwareBuffer_createFromHandle index = <private> handle = <private>, ahb = <private>
09-28 17:51:19.756   818  1137 E C01406/skia: SurfaceNodeDrawable DrawCommSurfaceWatermark Name:AdapterSurfaceView Id:50813758078980 water mark count is zero
09-28 17:51:19.756   818  1137 E C01406/skia: SurfaceNodeDrawable DrawCommSurfaceWatermark Name:com.a2hlab.bridge.zigzag/com.unity3d.player.UnityPlayerActivity Id:50813758078977 water mark count is zero
09-28 17:51:19.756   818  1137 E C01406/skia: SurfaceNodeDrawable DrawCommSurfaceWatermark Name:WindowScene_zigzag33 Id:8933531976525 water mark count is zero
09-28 17:51:19.756   818  1137 E C01406/skia: SurfaceNodeDrawable DrawCommSurfaceWatermark Name:SCBGestureNavBar13 Id:8933531975827 water mark count is zero
09-28 17:51:19.756   818  1137 E C01406/skia: SurfaceNodeDrawable DrawCommSurfaceWatermark Name:SCBStatusBar15 Id:8933531975907 water mark count is zero
09-28 17:51:19.758   818  1137 E C02515/DISP: [0;32;31m[GetMetadata:109] <private> is not supported[m
09-28 17:51:19.758   818  1137 E C02515/DISP: [0;32;31m[SetMetadata:102] <private> is not supported[m
09-28 17:51:19.758   818  1137 E C02515/METADATA_SRV: [0;32;31m[SetMetadata:136]  fail[m
09-28 17:51:19.758   818  1137 E C01401/Bufferqueue: <surface_buffer_impl.cpp:714-SetMetadata>: SetMetadata Failed with -5
09-28 17:51:19.758   818  1137 E C01406/skia: RSUniRenderComposerAdapter::SetBufferColorSpace set color space fail
09-28 17:51:19.769 11831 12054 I C00f00/OH_DER_VSync: onOhVsync ENTRY ts=<private> data=<private>
09-28 17:51:19.770 11831 12052 I C00f00/OH_DER_VSync: scheduleVsync ENTRY receiverPtr=0x<private>
09-28 17:51:19.770 11831 12052 I C00f00/OH_DER_VSync: scheduleVsync calling RequestFrame ohVsync=<private>
09-28 17:51:19.770 11831 12052 I C00f00/OH_DER_VSync: scheduleVsync RequestFrame rc=<private>
09-28 17:51:19.771 11831 11872 I C00f00/appspawn-x: [<private>:<private>] <private>
09-28 17:51:19.771   818  1132 E C02515/DISP: [0;32;31m[SetMetadata:102] <private> is not supported[m
09-28 17:51:19.771   818  1132 E C02515/METADATA_SRV: [0;32;31m[SetMetadata:136]  fail[m
09-28 17:51:19.771   818  1132 E C01401/Bufferqueue: <surface_buffer_impl.cpp:714-SetMetadata>: SetMetadata Failed with -5
09-28 17:51:19.773   793  4141 E C02515/DISP: [0;32;31m[SetLayerMaskInfo@display_composer_vdi_impl.cpp:404] <private> is not supported[m
09-28 17:51:19.773   818  1228 E C02515/DISP: [0;32;31m[SetMetadata:102] <private> is not supported[m
09-28 17:51:19.773   818  1228 E C02515/METADATA_SRV: [0;32;31m[SetMetadata:136]  fail[m
09-28 17:51:19.773   818  1228 E C01401/Bufferqueue: <surface_buffer_impl.cpp:714-SetMetadata>: SetMetadata Failed with -5
09-28 17:51:19.774   793  4141 E C02515/DISP: [0;32;31m[SetDisplayClientDamage@display_composer_vdi_impl.cpp:179] <private> is not supported[m
09-28 17:51:19.786 11831 12054 I C00f00/OH_DER_VSync: onOhVsync ENTRY ts=<private> data=<private>
09-28 17:51:19.786 11831 12052 I C00f00/OH_DER_VSync: scheduleVsync ENTRY receiverPtr=0x<private>
09-28 17:51:19.786 11831 12052 I C00f00/OH_DER_VSync: scheduleVsync calling RequestFrame ohVsync=<private>
09-28 17:51:19.786   818   818 E C02515/DISP: [0;32;31m[GetMetadata:109] <private> is not supported[m
09-28 17:51:19.786   818   818 E C02515/DISP: [0;32;31m[GetMetadata:109] <private> is not supported[m
09-28 17:51:19.786 11831 12052 I C00f00/OH_DER_VSync: scheduleVsync RequestFrame rc=<private>
09-28 17:51:19.786   818   818 E C02515/DISP: [0;32;31m[GetMetadata:109] <private> is not supported[m
09-28 17:51:19.788   818   818 E C01406/skia: RSBaseRenderUtil::DealWithSurfaceRotationAndGravity, GetSurfaceBufferOpaque:0
09-28 17:51:19.788   818   818 E C02515/DISP: [0;32;31m[GetMetadata:109] <private> is not supported[m
09-28 17:51:19.788   818   818 E C01406/skia: RSBaseRenderUtil::DealWithSurfaceRotationAndGravity, GetSurfaceBufferOpaque:0
09-28 17:51:19.788   818   818 E C02515/DISP: [0;32;31m[GetMetadata:109] <private> is not supported[m
09-28 17:51:19.790   818  1137 E C02515/DISP: [0;32;31m[SetMetadata:102] <private> is not supported[m
09-28 17:51:19.790   818  1137 E C02515/METADATA_SRV: [0;32;31m[SetMetadata:136]  fail[m
09-28 17:51:19.790   818  1137 E C01401/Bufferqueue: <surface_buffer_impl.cpp:714-SetMetadata>: SetMetadata Failed with -5
09-28 17:51:19.790   818  1137 E C01406/skia: SurfaceNodeDrawable DrawCommSurfaceWatermark Name:BackgroundBlurView2 Id:8933531975688 water mark count is zero
09-28 17:51:19.790   818  1137 E C01406/skia: RSBaseRenderUtil::DealWithSurfaceRotationAndGravity, GetSurfaceBufferOpaque:0
09-28 17:51:19.790   818  1137 I C01406/WRAP: AHardwareBuffer_createFromHandle index = <private> handle = <private>, ahb = <private>
09-28 17:51:19.791   818  1137 E C01406/skia: SurfaceNodeDrawable DrawCommSurfaceWatermark Name:AdapterActivityContent Id:50813758078979 water mark count is zero
09-28 17:51:19.791   818  1137 E C01406/skia: RSBaseRenderUtil::DealWithSurfaceRotationAndGravity, GetSurfaceBufferOpaque:0
09-28 17:51:19.791   818  1137 I C01406/WRAP: AHardwareBuffer_createFromHandle index = <private> handle = <private>, ahb = <private>
09-28 17:51:19.791   818  1137 E C01406/skia: SurfaceNodeDrawable DrawCommSurfaceWatermark Name:AdapterSurfaceView Id:50813758078980 water mark count is zero
09-28 17:51:19.791   818  1137 E C01406/skia: SurfaceNodeDrawable DrawCommSurfaceWatermark Name:com.a2hlab.bridge.zigzag/com.unity3d.player.UnityPlayerActivity Id:50813758078977 water mark count is zero
09-28 17:51:19.791   818  1137 E C01406/skia: SurfaceNodeDrawable DrawCommSurfaceWatermark Name:WindowScene_zigzag33 Id:8933531976525 water mark count is zero
09-28 17:51:19.791   818  1137 E C01406/skia: SurfaceNodeDrawable DrawCommSurfaceWatermark Name:SCBGestureNavBar13 Id:8933531975827 water mark count is zero
09-28 17:51:19.791   818  1137 E C01406/skia: SurfaceNodeDrawable DrawCommSurfaceWatermark Name:SCBStatusBar15 Id:8933531975907 water mark count is zero
09-28 17:51:19.793   818  1137 E C02515/DISP: [0;32;31m[GetMetadata:109] <private> is not supported[m
09-28 17:51:19.793   818  1137 E C02515/DISP: [0;32;31m[SetMetadata:102] <private> is not supported[m
09-28 17:51:19.793   818  1137 E C02515/METADATA_SRV: [0;32;31m[SetMetadata:136]  fail[m
09-28 17:51:19.793   818  1137 E C01401/Bufferqueue: <surface_buffer_impl.cpp:714-SetMetadata>: SetMetadata Failed with -5
09-28 17:51:19.793   818  1137 E C01406/skia: RSUniRenderComposerAdapter::SetBufferColorSpace set color space fail
09-28 17:51:19.803 11831 12054 I C00f00/OH_DER_VSync: onOhVsync ENTRY ts=<private> data=<private>
09-28 17:51:19.803 11831 12052 I C00f00/OH_DER_VSync: scheduleVsync ENTRY receiverPtr=0x<private>
09-28 17:51:19.803 11831 12052 I C00f00/OH_DER_VSync: scheduleVsync calling RequestFrame ohVsync=<private>
09-28 17:51:19.803 11831 12052 I C00f00/OH_DER_VSync: scheduleVsync RequestFrame rc=<private>
09-28 17:51:19.805   818  1132 E C02515/DISP: [0;32;31m[SetMetadata:102] <private> is not supported[m
09-28 17:51:19.805   818  1132 E C02515/METADATA_SRV: [0;32;31m[SetMetadata:136]  fail[m
09-28 17:51:19.805   818  1132 E C01401/Bufferqueue: <surface_buffer_impl.cpp:714-SetMetadata>: SetMetadata Failed with -5
09-28 17:51:19.805   793  4141 E C02515/DISP: [0;32;31m[SetLayerMaskInfo@display_composer_vdi_impl.cpp:404] <private> is not supported[m
09-28 17:51:19.806   818  1228 E C02515/DISP: [0;32;31m[SetMetadata:102] <private> is not supported[m
09-28 17:51:19.806   818  1228 E C02515/METADATA_SRV: [0;32;31m[SetMetadata:136]  fail[m
09-28 17:51:19.806   818  1228 E C01401/Bufferqueue: <surface_buffer_impl.cpp:714-SetMetadata>: SetMetadata Failed with -5
09-28 17:51:19.807   793  4141 E C02515/DISP: [0;32;31m[SetDisplayClientDamage@display_composer_vdi_impl.cpp:179] <private> is not supported[m
09-28 17:51:19.819 11831 12054 I C00f00/OH_DER_VSync: onOhVsync ENTRY ts=<private> data=<private>
09-28 17:51:19.820 11831 12052 I C00f00/OH_DER_VSync: scheduleVsync ENTRY receiverPtr=0x<private>
09-28 17:51:19.820 11831 12052 I C00f00/OH_DER_VSync: scheduleVsync calling RequestFrame ohVsync=<private>
09-28 17:51:19.820   818   818 E C02515/DISP: [0;32;31m[GetMetadata:109] <private> is not supported[m
09-28 17:51:19.820   818   818 E C02515/DISP: [0;32;31m[GetMetadata:109] <private> is not supported[m
09-28 17:51:19.820 11831 12052 I C00f00/OH_DER_VSync: scheduleVsync RequestFrame rc=<private>
09-28 17:51:19.820   818   818 E C02515/DISP: [0;32;31m[GetMetadata:109] <private> is not supported[m
09-28 17:51:19.821   818   818 E C01406/skia: RSBaseRenderUtil::DealWithSurfaceRotationAndGravity, GetSurfaceBufferOpaque:0
09-28 17:51:19.821   818   818 E C02515/DISP: [0;32;31m[GetMetadata:109] <private> is not supported[m
09-28 17:51:19.821   818   818 E C01406/skia: RSBaseRenderUtil::DealWithSurfaceRotationAndGravity, GetSurfaceBufferOpaque:0
09-28 17:51:19.821   818   818 E C02515/DISP: [0;32;31m[GetMetadata:109] <private> is not supported[m
09-28 17:51:19.823   818  1137 E C02515/DISP: [0;32;31m[SetMetadata:102] <private> is not supported[m
09-28 17:51:19.823   818  1137 E C02515/METADATA_SRV: [0;32;31m[SetMetadata:136]  fail[m
09-28 17:51:19.823   818  1137 E C01401/Bufferqueue: <surface_buffer_impl.cpp:714-SetMetadata>: SetMetadata Failed with -5
09-28 17:51:19.823   818  1137 E C01406/skia: SurfaceNodeDrawable DrawCommSurfaceWatermark Name:BackgroundBlurView2 Id:8933531975688 water mark count is zero
09-28 17:51:19.824   818  1137 E C01406/skia: RSBaseRenderUtil::DealWithSurfaceRotationAndGravity, GetSurfaceBufferOpaque:0
09-28 17:51:19.824   818  1137 I C01406/WRAP: AHardwareBuffer_createFromHandle index = <private> handle = <private>, ahb = <private>
09-28 17:51:19.824   818  1137 E C01406/skia: SurfaceNodeDrawable DrawCommSurfaceWatermark Name:AdapterActivityContent Id:50813758078979 water mark count is zero
09-28 17:51:19.824   818  1137 E C01406/skia: RSBaseRenderUtil::DealWithSurfaceRotationAndGravity, GetSurfaceBufferOpaque:0
09-28 17:51:19.824   818  1137 I C01406/WRAP: AHardwareBuffer_createFromHandle index = <private> handle = <private>, ahb = <private>
09-28 17:51:19.824   818  1137 E C01406/skia: SurfaceNodeDrawable DrawCommSurfaceWatermark Name:AdapterSurfaceView Id:50813758078980 water mark count is zero
09-28 17:51:19.824   818  1137 E C01406/skia: SurfaceNodeDrawable DrawCommSurfaceWatermark Name:com.a2hlab.bridge.zigzag/com.unity3d.player.UnityPlayerActivity Id:50813758078977 water mark count is zero
09-28 17:51:19.824   818  1137 E C01406/skia: SurfaceNodeDrawable DrawCommSurfaceWatermark Name:WindowScene_zigzag33 Id:8933531976525 water mark count is zero
09-28 17:51:19.825   818  1137 E C01406/skia: SurfaceNodeDrawable DrawCommSurfaceWatermark Name:SCBGestureNavBar13 Id:8933531975827 water mark count is zero
09-28 17:51:19.825   818  1137 E C01406/skia: SurfaceNodeDrawable DrawCommSurfaceWatermark Name:SCBStatusBar15 Id:8933531975907 water mark count is zero
09-28 17:51:19.827   818  1137 E C02515/DISP: [0;32;31m[GetMetadata:109] <private> is not supported[m
09-28 17:51:19.827   818  1137 E C02515/DISP: [0;32;31m[SetMetadata:102] <private> is not supported[m
09-28 17:51:19.827   818  1137 E C02515/METADATA_SRV: [0;32;31m[SetMetadata:136]  fail[m
09-28 17:51:19.827   818  1137 E C01401/Bufferqueue: <surface_buffer_impl.cpp:714-SetMetadata>: SetMetadata Failed with -5
09-28 17:51:19.827   818  1137 E C01406/skia: RSUniRenderComposerAdapter::SetBufferColorSpace set color space fail
09-28 17:51:19.836 11831 12054 I C00f00/OH_DER_VSync: onOhVsync ENTRY ts=<private> data=<private>
09-28 17:51:19.836 11831 12052 I C00f00/OH_DER_VSync: scheduleVsync ENTRY receiverPtr=0x<private>
09-28 17:51:19.836 11831 12052 I C00f00/OH_DER_VSync: scheduleVsync calling RequestFrame ohVsync=<private>
09-28 17:51:19.837 11831 12052 I C00f00/OH_DER_VSync: scheduleVsync RequestFrame rc=<private>
09-28 17:51:19.838   818  1132 E C02515/DISP: [0;32;31m[SetMetadata:102] <private> is not supported[m
09-28 17:51:19.838   818  1132 E C02515/METADATA_SRV: [0;32;31m[SetMetadata:136]  fail[m
09-28 17:51:19.838   818  1132 E C01401/Bufferqueue: <surface_buffer_impl.cpp:714-SetMetadata>: SetMetadata Failed with -5
09-28 17:51:19.839   793  4141 E C02515/DISP: [0;32;31m[SetLayerMaskInfo@display_composer_vdi_impl.cpp:404] <private> is not supported[m
09-28 17:51:19.840   818  1228 E C02515/DISP: [0;32;31m[SetMetadata:102] <private> is not supported[m
09-28 17:51:19.840   818  1228 E C02515/METADATA_SRV: [0;32;31m[SetMetadata:136]  fail[m
09-28 17:51:19.840   818  1228 E C01401/Bufferqueue: <surface_buffer_impl.cpp:714-SetMetadata>: SetMetadata Failed with -5
09-28 17:51:19.841   793  4141 E C02515/DISP: [0;32;31m[SetDisplayClientDamage@display_composer_vdi_impl.cpp:179] <private> is not supported[m
09-28 17:51:19.853 11831 12054 I C00f00/OH_DER_VSync: onOhVsync ENTRY ts=<private> data=<private>
09-28 17:51:19.853   818   818 E C02515/DISP: [0;32;31m[GetMetadata:109] <private> is not supported[m
09-28 17:51:19.853 11831 12052 I C00f00/OH_DER_VSync: scheduleVsync ENTRY receiverPtr=0x<private>
09-28 17:51:19.853 11831 12052 I C00f00/OH_DER_VSync: scheduleVsync calling RequestFrame ohVsync=<private>
09-28 17:51:19.853   818   818 E C02515/DISP: [0;32;31m[GetMetadata:109] <private> is not supported[m
09-28 17:51:19.853 11831 12052 I C00f00/OH_DER_VSync: scheduleVsync RequestFrame rc=<private>
09-28 17:51:19.853   818   818 E C02515/DISP: [0;32;31m[GetMetadata:109] <private> is not supported[m
09-28 17:51:19.854   818   818 E C01406/skia: RSBaseRenderUtil::DealWithSurfaceRotationAndGravity, GetSurfaceBufferOpaque:0
09-28 17:51:19.854   818   818 E C02515/DISP: [0;32;31m[GetMetadata:109] <private> is not supported[m
09-28 17:51:19.854   818   818 E C01406/skia: RSBaseRenderUtil::DealWithSurfaceRotationAndGravity, GetSurfaceBufferOpaque:0
09-28 17:51:19.855   818   818 E C02515/DISP: [0;32;31m[GetMetadata:109] <private> is not supported[m
09-28 17:51:19.857   818  1137 E C02515/DISP: [0;32;31m[SetMetadata:102] <private> is not supported[m
09-28 17:51:19.857   818  1137 E C02515/METADATA_SRV: [0;32;31m[SetMetadata:136]  fail[m
09-28 17:51:19.857   818  1137 E C01401/Bufferqueue: <surface_buffer_impl.cpp:714-SetMetadata>: SetMetadata Failed with -5
09-28 17:51:19.857   818  1137 E C01406/skia: SurfaceNodeDrawable DrawCommSurfaceWatermark Name:BackgroundBlurView2 Id:8933531975688 water mark count is zero
09-28 17:51:19.858   818  1137 E C01406/skia: RSBaseRenderUtil::DealWithSurfaceRotationAndGravity, GetSurfaceBufferOpaque:0
09-28 17:51:19.858   818  1137 I C01406/WRAP: AHardwareBuffer_createFromHandle index = <private> handle = <private>, ahb = <private>
09-28 17:51:19.859   818  1137 E C01406/skia: SurfaceNodeDrawable DrawCommSurfaceWatermark Name:AdapterActivityContent Id:50813758078979 water mark count is zero
09-28 17:51:19.859   818  1137 E C01406/skia: RSBaseRenderUtil::DealWithSurfaceRotationAndGravity, GetSurfaceBufferOpaque:0
09-28 17:51:19.859   818  1137 I C01406/WRAP: AHardwareBuffer_createFromHandle index = <private> handle = <private>, ahb = <private>
09-28 17:51:19.859   818  1137 E C01406/skia: SurfaceNodeDrawable DrawCommSurfaceWatermark Name:AdapterSurfaceView Id:50813758078980 water mark count is zero
09-28 17:51:19.859   818  1137 E C01406/skia: SurfaceNodeDrawable DrawCommSurfaceWatermark Name:com.a2hlab.bridge.zigzag/com.unity3d.player.UnityPlayerActivity Id:50813758078977 water mark count is zero
09-28 17:51:19.859   818  1137 E C01406/skia: SurfaceNodeDrawable DrawCommSurfaceWatermark Name:WindowScene_zigzag33 Id:8933531976525 water mark count is zero
09-28 17:51:19.860   818  1137 E C01406/skia: SurfaceNodeDrawable DrawCommSurfaceWatermark Name:SCBGestureNavBar13 Id:8933531975827 water mark count is zero
09-28 17:51:19.860   818  1137 E C01406/skia: SurfaceNodeDrawable DrawCommSurfaceWatermark Name:SCBStatusBar15 Id:8933531975907 water mark count is zero
09-28 17:51:19.863   818  1137 E C02515/DISP: [0;32;31m[GetMetadata:109] <private> is not supported[m
09-28 17:51:19.863   818  1137 E C02515/DISP: [0;32;31m[SetMetadata:102] <private> is not supported[m
09-28 17:51:19.863   818  1137 E C02515/METADATA_SRV: [0;32;31m[SetMetadata:136]  fail[m
09-28 17:51:19.863   818  1137 E C01401/Bufferqueue: <surface_buffer_impl.cpp:714-SetMetadata>: SetMetadata Failed with -5
09-28 17:51:19.863   818  1137 E C01406/skia: RSUniRenderComposerAdapter::SetBufferColorSpace set color space fail
09-28 17:51:19.870 11831 12054 I C00f00/OH_DER_VSync: onOhVsync ENTRY ts=<private> data=<private>
09-28 17:51:19.870 11831 12052 I C00f00/OH_DER_VSync: scheduleVsync ENTRY receiverPtr=0x<private>
09-28 17:51:19.870 11831 12052 I C00f00/OH_DER_VSync: scheduleVsync calling RequestFrame ohVsync=<private>
09-28 17:51:19.870 11831 12052 I C00f00/OH_DER_VSync: scheduleVsync RequestFrame rc=<private>
09-28 17:51:19.872   818  1132 E C02515/DISP: [0;32;31m[SetMetadata:102] <private> is not supported[m
09-28 17:51:19.872   818  1132 E C02515/METADATA_SRV: [0;32;31m[SetMetadata:136]  fail[m
09-28 17:51:19.872   818  1132 E C01401/Bufferqueue: <surface_buffer_impl.cpp:714-SetMetadata>: SetMetadata Failed with -5
09-28 17:51:19.872   793  4141 E C02515/DISP: [0;32;31m[SetLayerMaskInfo@display_composer_vdi_impl.cpp:404] <private> is not supported[m
09-28 17:51:19.872   818  1228 E C02515/DISP: [0;32;31m[SetMetadata:102] <private> is not supported[m
09-28 17:51:19.872   818  1228 E C02515/METADATA_SRV: [0;32;31m[SetMetadata:136]  fail[m
09-28 17:51:19.873   818  1228 E C01401/Bufferqueue: <surface_buffer_impl.cpp:714-SetMetadata>: SetMetadata Failed with -5
09-28 17:51:19.873   793  4141 E C02515/DISP: [0;32;31m[SetDisplayClientDamage@display_composer_vdi_impl.cpp:179] <private> is not supported[m
09-28 17:51:19.886 11831 12054 I C00f00/OH_DER_VSync: onOhVsync ENTRY ts=<private> data=<private>
09-28 17:51:19.886 11831 12052 I C00f00/OH_DER_VSync: scheduleVsync ENTRY receiverPtr=0x<private>
09-28 17:51:19.886 11831 12052 I C00f00/OH_DER_VSync: scheduleVsync calling RequestFrame ohVsync=<private>
09-28 17:51:19.886   818   818 E C02515/DISP: [0;32;31m[GetMetadata:109] <private> is not supported[m
09-28 17:51:19.886   818   818 E C02515/DISP: [0;32;31m[GetMetadata:109] <private> is not supported[m
09-28 17:51:19.887 11831 12052 I C00f00/OH_DER_VSync: scheduleVsync RequestFrame rc=<private>
09-28 17:51:19.887   818   818 E C02515/DISP: [0;32;31m[GetMetadata:109] <private> is not supported[m
09-28 17:51:19.888   818   818 E C01406/skia: RSBaseRenderUtil::DealWithSurfaceRotationAndGravity, GetSurfaceBufferOpaque:0
09-28 17:51:19.888   818   818 E C02515/DISP: [0;32;31m[GetMetadata:109] <private> is not supported[m
09-28 17:51:19.888   818   818 E C01406/skia: RSBaseRenderUtil::DealWithSurfaceRotationAndGravity, GetSurfaceBufferOpaque:0
09-28 17:51:19.888   818   818 E C02515/DISP: [0;32;31m[GetMetadata:109] <private> is not supported[m
09-28 17:51:19.890   818  1137 E C02515/DISP: [0;32;31m[SetMetadata:102] <private> is not supported[m
09-28 17:51:19.890   818  1137 E C02515/METADATA_SRV: [0;32;31m[SetMetadata:136]  fail[m
09-28 17:51:19.890   818  1137 E C01401/Bufferqueue: <surface_buffer_impl.cpp:714-SetMetadata>: SetMetadata Failed with -5
09-28 17:51:19.890   818  1137 E C01406/skia: SurfaceNodeDrawable DrawCommSurfaceWatermark Name:BackgroundBlurView2 Id:8933531975688 water mark count is zero
09-28 17:51:19.890   818  1137 E C01406/skia: RSBaseRenderUtil::DealWithSurfaceRotationAndGravity, GetSurfaceBufferOpaque:0
09-28 17:51:19.890   818  1137 I C01406/WRAP: AHardwareBuffer_createFromHandle index = <private> handle = <private>, ahb = <private>
09-28 17:51:19.890   818  1137 E C01406/skia: SurfaceNodeDrawable DrawCommSurfaceWatermark Name:AdapterActivityContent Id:50813758078979 water mark count is zero
09-28 17:51:19.891   818  1137 E C01406/skia: RSBaseRenderUtil::DealWithSurfaceRotationAndGravity, GetSurfaceBufferOpaque:0
09-28 17:51:19.891   818  1137 I C01406/WRAP: AHardwareBuffer_createFromHandle index = <private> handle = <private>, ahb = <private>
09-28 17:51:19.891   818  1137 E C01406/skia: SurfaceNodeDrawable DrawCommSurfaceWatermark Name:AdapterSurfaceView Id:50813758078980 water mark count is zero
09-28 17:51:19.891   818  1137 E C01406/skia: SurfaceNodeDrawable DrawCommSurfaceWatermark Name:com.a2hlab.bridge.zigzag/com.unity3d.player.UnityPlayerActivity Id:50813758078977 water mark count is zero
09-28 17:51:19.891   818  1137 E C01406/skia: SurfaceNodeDrawable DrawCommSurfaceWatermark Name:WindowScene_zigzag33 Id:8933531976525 water mark count is zero
09-28 17:51:19.891   818  1137 E C01406/skia: SurfaceNodeDrawable DrawCommSurfaceWatermark Name:SCBGestureNavBar13 Id:8933531975827 water mark count is zero
09-28 17:51:19.891   818  1137 E C01406/skia: SurfaceNodeDrawable DrawCommSurfaceWatermark Name:SCBStatusBar15 Id:8933531975907 water mark count is zero
09-28 17:51:19.893   818  1137 E C02515/DISP: [0;32;31m[GetMetadata:109] <private> is not supported[m
09-28 17:51:19.894   818  1137 E C02515/DISP: [0;32;31m[SetMetadata:102] <private> is not supported[m
09-28 17:51:19.894   818  1137 E C02515/METADATA_SRV: [0;32;31m[SetMetadata:136]  fail[m
09-28 17:51:19.894   818  1137 E C01401/Bufferqueue: <surface_buffer_impl.cpp:714-SetMetadata>: SetMetadata Failed with -5
09-28 17:51:19.894   818  1137 E C01406/skia: RSUniRenderComposerAdapter::SetBufferColorSpace set color space fail
09-28 17:51:19.903 11831 12054 I C00f00/OH_DER_VSync: onOhVsync ENTRY ts=<private> data=<private>
09-28 17:51:19.903 11831 12052 I C00f00/OH_DER_VSync: scheduleVsync ENTRY receiverPtr=0x<private>
09-28 17:51:19.903 11831 12052 I C00f00/OH_DER_VSync: scheduleVsync calling RequestFrame ohVsync=<private>
09-28 17:51:19.903 11831 12052 I C00f00/OH_DER_VSync: scheduleVsync RequestFrame rc=<private>
09-28 17:51:19.905   818  1132 E C02515/DISP: [0;32;31m[SetMetadata:102] <private> is not supported[m
09-28 17:51:19.905   818  1132 E C02515/METADATA_SRV: [0;32;31m[SetMetadata:136]  fail[m
09-28 17:51:19.905   818  1132 E C01401/Bufferqueue: <surface_buffer_impl.cpp:714-SetMetadata>: SetMetadata Failed with -5
09-28 17:51:19.906   793  4141 E C02515/DISP: [0;32;31m[SetLayerMaskInfo@display_composer_vdi_impl.cpp:404] <private> is not supported[m
09-28 17:51:19.906   818  1228 E C02515/DISP: [0;32;31m[SetMetadata:102] <private> is not supported[m
09-28 17:51:19.906   818  1228 E C02515/METADATA_SRV: [0;32;31m[SetMetadata:136]  fail[m
09-28 17:51:19.906   818  1228 E C01401/Bufferqueue: <surface_buffer_impl.cpp:714-SetMetadata>: SetMetadata Failed with -5
09-28 17:51:19.907   793  4141 E C02515/DISP: [0;32;31m[SetDisplayClientDamage@display_composer_vdi_impl.cpp:179] <private> is not supported[m
09-28 17:51:19.920 11831 12054 I C00f00/OH_DER_VSync: onOhVsync ENTRY ts=<private> data=<private>
09-28 17:51:19.920   818   818 E C02515/DISP: [0;32;31m[GetMetadata:109] <private> is not supported[m
09-28 17:51:19.920   818   818 E C02515/DISP: [0;32;31m[GetMetadata:109] <private> is not supported[m
09-28 17:51:19.920   818   818 E C02515/DISP: [0;32;31m[GetMetadata:109] <private> is not supported[m
09-28 17:51:19.920 11831 12052 I C00f00/OH_DER_VSync: scheduleVsync ENTRY receiverPtr=0x<private>
09-28 17:51:19.920 11831 12052 I C00f00/OH_DER_VSync: scheduleVsync calling RequestFrame ohVsync=<private>
09-28 17:51:19.920 11831 12052 I C00f00/OH_DER_VSync: scheduleVsync RequestFrame rc=<private>
09-28 17:51:19.920   818   818 E C01406/skia: RSBaseRenderUtil::DealWithSurfaceRotationAndGravity, GetSurfaceBufferOpaque:0
09-28 17:51:19.920   818   818 E C02515/DISP: [0;32;31m[GetMetadata:109] <private> is not supported[m
09-28 17:51:19.920   818   818 E C01406/skia: RSBaseRenderUtil::DealWithSurfaceRotationAndGravity, GetSurfaceBufferOpaque:0
09-28 17:51:19.920   818   818 E C02515/DISP: [0;32;31m[GetMetadata:109] <private> is not supported[m
09-28 17:51:19.922   818  1137 E C02515/DISP: [0;32;31m[SetMetadata:102] <private> is not supported[m
09-28 17:51:19.922   818  1137 E C02515/METADATA_SRV: [0;32;31m[SetMetadata:136]  fail[m
09-28 17:51:19.922   818  1137 E C01401/Bufferqueue: <surface_buffer_impl.cpp:714-SetMetadata>: SetMetadata Failed with -5
09-28 17:51:19.922   818  1137 E C01406/skia: SurfaceNodeDrawable DrawCommSurfaceWatermark Name:BackgroundBlurView2 Id:8933531975688 water mark count is zero
09-28 17:51:19.923   818  1137 E C01406/skia: RSBaseRenderUtil::DealWithSurfaceRotationAndGravity, GetSurfaceBufferOpaque:0
09-28 17:51:19.923   818  1137 I C01406/WRAP: AHardwareBuffer_createFromHandle index = <private> handle = <private>, ahb = <private>
09-28 17:51:19.924   818  1137 E C01406/skia: SurfaceNodeDrawable DrawCommSurfaceWatermark Name:AdapterActivityContent Id:50813758078979 water mark count is zero
09-28 17:51:19.924   818  1137 E C01406/skia: RSBaseRenderUtil::DealWithSurfaceRotationAndGravity, GetSurfaceBufferOpaque:0
09-28 17:51:19.924   818  1137 I C01406/WRAP: AHardwareBuffer_createFromHandle index = <private> handle = <private>, ahb = <private>
09-28 17:51:19.924   818  1137 E C01406/skia: SurfaceNodeDrawable DrawCommSurfaceWatermark Name:AdapterSurfaceView Id:50813758078980 water mark count is zero
09-28 17:51:19.924   818  1137 E C01406/skia: SurfaceNodeDrawable DrawCommSurfaceWatermark Name:com.a2hlab.bridge.zigzag/com.unity3d.player.UnityPlayerActivity Id:50813758078977 water mark count is zero
09-28 17:51:19.924   818  1137 E C01406/skia: SurfaceNodeDrawable DrawCommSurfaceWatermark Name:WindowScene_zigzag33 Id:8933531976525 water mark count is zero
09-28 17:51:19.925   818  1137 E C01406/skia: SurfaceNodeDrawable DrawCommSurfaceWatermark Name:SCBGestureNavBar13 Id:8933531975827 water mark count is zero
09-28 17:51:19.925   818  1137 E C01406/skia: SurfaceNodeDrawable DrawCommSurfaceWatermark Name:SCBStatusBar15 Id:8933531975907 water mark count is zero
09-28 17:51:19.927   818  1137 E C02515/DISP: [0;32;31m[GetMetadata:109] <private> is not supported[m
09-28 17:51:19.928   818  1137 E C02515/DISP: [0;32;31m[SetMetadata:102] <private> is not supported[m
09-28 17:51:19.928   818  1137 E C02515/METADATA_SRV: [0;32;31m[SetMetadata:136]  fail[m
09-28 17:51:19.928   818  1137 E C01401/Bufferqueue: <surface_buffer_impl.cpp:714-SetMetadata>: SetMetadata Failed with -5
09-28 17:51:19.928   818  1137 E C01406/skia: RSUniRenderComposerAdapter::SetBufferColorSpace set color space fail
09-28 17:51:19.936 11831 12054 I C00f00/OH_DER_VSync: onOhVsync ENTRY ts=<private> data=<private>
09-28 17:51:19.936 11831 12052 I C00f00/OH_DER_VSync: scheduleVsync ENTRY receiverPtr=0x<private>
09-28 17:51:19.936 11831 12052 I C00f00/OH_DER_VSync: scheduleVsync calling RequestFrame ohVsync=<private>
09-28 17:51:19.936 11831 12052 I C00f00/OH_DER_VSync: scheduleVsync RequestFrame rc=<private>
09-28 17:51:19.938   818  1132 E C02515/DISP: [0;32;31m[SetMetadata:102] <private> is not supported[m
09-28 17:51:19.938   818  1132 E C02515/METADATA_SRV: [0;32;31m[SetMetadata:136]  fail[m
09-28 17:51:19.938   818  1132 E C01401/Bufferqueue: <surface_buffer_impl.cpp:714-SetMetadata>: SetMetadata Failed with -5
09-28 17:51:19.939   793  4141 E C02515/DISP: [0;32;31m[SetLayerMaskInfo@display_composer_vdi_impl.cpp:404] <private> is not supported[m
09-28 17:51:19.940   818  1228 E C02515/DISP: [0;32;31m[SetMetadata:102] <private> is not supported[m
09-28 17:51:19.940   818  1228 E C02515/METADATA_SRV: [0;32;31m[SetMetadata:136]  fail[m
09-28 17:51:19.940   818  1228 E C01401/Bufferqueue: <surface_buffer_impl.cpp:714-SetMetadata>: SetMetadata Failed with -5
09-28 17:51:19.940   793  4141 E C02515/DISP: [0;32;31m[SetDisplayClientDamage@display_composer_vdi_impl.cpp:179] <private> is not supported[m
09-28 17:51:19.953 11831 12054 I C00f00/OH_DER_VSync: onOhVsync ENTRY ts=<private> data=<private>
09-28 17:51:19.953   818   818 E C02515/DISP: [0;32;31m[GetMetadata:109] <private> is not supported[m
09-28 17:51:19.953   818   818 E C02515/DISP: [0;32;31m[GetMetadata:109] <private> is not supported[m
09-28 17:51:19.953   818   818 E C02515/DISP: [0;32;31m[GetMetadata:109] <private> is not supported[m
09-28 17:51:19.953 11831 12052 I C00f00/OH_DER_VSync: scheduleVsync ENTRY receiverPtr=0x<private>
09-28 17:51:19.953 11831 12052 I C00f00/OH_DER_VSync: scheduleVsync calling RequestFrame ohVsync=<private>
09-28 17:51:19.953 11831 12052 I C00f00/OH_DER_VSync: scheduleVsync RequestFrame rc=<private>
09-28 17:51:19.954   818   818 E C01406/skia: RSBaseRenderUtil::DealWithSurfaceRotationAndGravity, GetSurfaceBufferOpaque:0
09-28 17:51:19.954   818   818 E C02515/DISP: [0;32;31m[GetMetadata:109] <private> is not supported[m
09-28 17:51:19.954   818   818 E C01406/skia: RSBaseRenderUtil::DealWithSurfaceRotationAndGravity, GetSurfaceBufferOpaque:0
09-28 17:51:19.954   818   818 E C02515/DISP: [0;32;31m[GetMetadata:109] <private> is not supported[m
09-28 17:51:19.955   818  1137 E C02515/DISP: [0;32;31m[SetMetadata:102] <private> is not supported[m
09-28 17:51:19.955   818  1137 E C02515/METADATA_SRV: [0;32;31m[SetMetadata:136]  fail[m
09-28 17:51:19.955   818  1137 E C01401/Bufferqueue: <surface_buffer_impl.cpp:714-SetMetadata>: SetMetadata Failed with -5
09-28 17:51:19.955   818  1137 E C01406/skia: SurfaceNodeDrawable DrawCommSurfaceWatermark Name:BackgroundBlurView2 Id:8933531975688 water mark count is zero
09-28 17:51:19.955   818  1137 E C01406/skia: RSBaseRenderUtil::DealWithSurfaceRotationAndGravity, GetSurfaceBufferOpaque:0
09-28 17:51:19.956   818  1137 I C01406/WRAP: AHardwareBuffer_createFromHandle index = <private> handle = <private>, ahb = <private>
09-28 17:51:19.956   818  1137 E C01406/skia: SurfaceNodeDrawable DrawCommSurfaceWatermark Name:AdapterActivityContent Id:50813758078979 water mark count is zero
09-28 17:51:19.956   818  1137 E C01406/skia: RSBaseRenderUtil::DealWithSurfaceRotationAndGravity, GetSurfaceBufferOpaque:0
09-28 17:51:19.956   818  1137 I C01406/WRAP: AHardwareBuffer_createFromHandle index = <private> handle = <private>, ahb = <private>
09-28 17:51:19.956   818  1137 E C01406/skia: SurfaceNodeDrawable DrawCommSurfaceWatermark Name:AdapterSurfaceView Id:50813758078980 water mark count is zero
09-28 17:51:19.956   818  1137 E C01406/skia: SurfaceNodeDrawable DrawCommSurfaceWatermark Name:com.a2hlab.bridge.zigzag/com.unity3d.player.UnityPlayerActivity Id:50813758078977 water mark count is zero
09-28 17:51:19.956   818  1137 E C01406/skia: SurfaceNodeDrawable DrawCommSurfaceWatermark Name:WindowScene_zigzag33 Id:8933531976525 water mark count is zero
09-28 17:51:19.957   818  1137 E C01406/skia: SurfaceNodeDrawable DrawCommSurfaceWatermark Name:SCBGestureNavBar13 Id:8933531975827 water mark count is zero
09-28 17:51:19.957   818  1137 E C01406/skia: SurfaceNodeDrawable DrawCommSurfaceWatermark Name:SCBStatusBar15 Id:8933531975907 water mark count is zero
09-28 17:51:19.958   818  1137 E C02515/DISP: [0;32;31m[GetMetadata:109] <private> is not supported[m
09-28 17:51:19.958   818  1137 E C02515/DISP: [0;32;31m[SetMetadata:102] <private> is not supported[m
09-28 17:51:19.958   818  1137 E C02515/METADATA_SRV: [0;32;31m[SetMetadata:136]  fail[m
09-28 17:51:19.958   818  1137 E C01401/Bufferqueue: <surface_buffer_impl.cpp:714-SetMetadata>: SetMetadata Failed with -5
09-28 17:51:19.958   818  1137 E C01406/skia: RSUniRenderComposerAdapter::SetBufferColorSpace set color space fail
09-28 17:51:19.970 11831 12054 I C00f00/OH_DER_VSync: onOhVsync ENTRY ts=<private> data=<private>
09-28 17:51:19.970 11831 12052 I C00f00/OH_DER_VSync: scheduleVsync ENTRY receiverPtr=0x<private>
09-28 17:51:19.970 11831 12052 I C00f00/OH_DER_VSync: scheduleVsync calling RequestFrame ohVsync=<private>
09-28 17:51:19.970 11831 12052 I C00f00/OH_DER_VSync: scheduleVsync RequestFrame rc=<private>
09-28 17:51:19.972   818  1132 E C02515/DISP: [0;32;31m[SetMetadata:102] <private> is not supported[m
09-28 17:51:19.972   818  1132 E C02515/METADATA_SRV: [0;32;31m[SetMetadata:136]  fail[m
09-28 17:51:19.972   818  1132 E C01401/Bufferqueue: <surface_buffer_impl.cpp:714-SetMetadata>: SetMetadata Failed with -5
09-28 17:51:19.973   793  4141 E C02515/DISP: [0;32;31m[SetLayerMaskInfo@display_composer_vdi_impl.cpp:404] <private> is not supported[m
09-28 17:51:19.973   818  1228 E C02515/DISP: [0;32;31m[SetMetadata:102] <private> is not supported[m
09-28 17:51:19.973   818  1228 E C02515/METADATA_SRV: [0;32;31m[SetMetadata:136]  fail[m
09-28 17:51:19.973   818  1228 E C01401/Bufferqueue: <surface_buffer_impl.cpp:714-SetMetadata>: SetMetadata Failed with -5
09-28 17:51:19.974   793  4141 E C02515/DISP: [0;32;31m[SetDisplayClientDamage@display_composer_vdi_impl.cpp:179] <private> is not supported[m
09-28 17:51:19.986 11831 12054 I C00f00/OH_DER_VSync: onOhVsync ENTRY ts=<private> data=<private>
09-28 17:51:19.986   818   818 E C02515/DISP: [0;32;31m[GetMetadata:109] <private> is not supported[m
09-28 17:51:19.986 11831 12052 I C00f00/OH_DER_VSync: scheduleVsync ENTRY receiverPtr=0x<private>
09-28 17:51:19.986 11831 12052 I C00f00/OH_DER_VSync: scheduleVsync calling RequestFrame ohVsync=<private>
09-28 17:51:19.987   818   818 E C02515/DISP: [0;32;31m[GetMetadata:109] <private> is not supported[m
09-28 17:51:19.987 11831 12052 I C00f00/OH_DER_VSync: scheduleVsync RequestFrame rc=<private>
09-28 17:51:19.987   818   818 E C02515/DISP: [0;32;31m[GetMetadata:109] <private> is not supported[m
09-28 17:51:19.988   818   818 E C01406/skia: RSBaseRenderUtil::DealWithSurfaceRotationAndGravity, GetSurfaceBufferOpaque:0
09-28 17:51:19.988   818   818 E C02515/DISP: [0;32;31m[GetMetadata:109] <private> is not supported[m
09-28 17:51:19.988   818   818 E C01406/skia: RSBaseRenderUtil::DealWithSurfaceRotationAndGravity, GetSurfaceBufferOpaque:0
09-28 17:51:19.988   818   818 E C02515/DISP: [0;32;31m[GetMetadata:109] <private> is not supported[m
09-28 17:51:19.990   818  1137 E C02515/DISP: [0;32;31m[SetMetadata:102] <private> is not supported[m
09-28 17:51:19.990   818  1137 E C02515/METADATA_SRV: [0;32;31m[SetMetadata:136]  fail[m
09-28 17:51:19.990   818  1137 E C01401/Bufferqueue: <surface_buffer_impl.cpp:714-SetMetadata>: SetMetadata Failed with -5
09-28 17:51:19.990   818  1137 E C01406/skia: SurfaceNodeDrawable DrawCommSurfaceWatermark Name:BackgroundBlurView2 Id:8933531975688 water mark count is zero
09-28 17:51:19.990   818  1137 E C01406/skia: RSBaseRenderUtil::DealWithSurfaceRotationAndGravity, GetSurfaceBufferOpaque:0
09-28 17:51:19.990   818  1137 I C01406/WRAP: AHardwareBuffer_createFromHandle index = <private> handle = <private>, ahb = <private>
09-28 17:51:19.991   818  1137 E C01406/skia: SurfaceNodeDrawable DrawCommSurfaceWatermark Name:AdapterActivityContent Id:50813758078979 water mark count is zero
09-28 17:51:19.991   818  1137 E C01406/skia: RSBaseRenderUtil::DealWithSurfaceRotationAndGravity, GetSurfaceBufferOpaque:0
09-28 17:51:19.991   818  1137 I C01406/WRAP: AHardwareBuffer_createFromHandle index = <private> handle = <private>, ahb = <private>
09-28 17:51:19.991   818  1137 E C01406/skia: SurfaceNodeDrawable DrawCommSurfaceWatermark Name:AdapterSurfaceView Id:50813758078980 water mark count is zero
09-28 17:51:19.991   818  1137 E C01406/skia: SurfaceNodeDrawable DrawCommSurfaceWatermark Name:com.a2hlab.bridge.zigzag/com.unity3d.player.UnityPlayerActivity Id:50813758078977 water mark count is zero
09-28 17:51:19.991   818  1137 E C01406/skia: SurfaceNodeDrawable DrawCommSurfaceWatermark Name:WindowScene_zigzag33 Id:8933531976525 water mark count is zero
09-28 17:51:19.991   818  1137 E C01406/skia: SurfaceNodeDrawable DrawCommSurfaceWatermark Name:SCBGestureNavBar13 Id:8933531975827 water mark count is zero
09-28 17:51:19.991   818  1137 E C01406/skia: SurfaceNodeDrawable DrawCommSurfaceWatermark Name:SCBStatusBar15 Id:8933531975907 water mark count is zero
09-28 17:51:19.993   818  1137 E C02515/DISP: [0;32;31m[GetMetadata:109] <private> is not supported[m
09-28 17:51:19.993   818  1137 E C02515/DISP: [0;32;31m[SetMetadata:102] <private> is not supported[m
09-28 17:51:19.993   818  1137 E C02515/METADATA_SRV: [0;32;31m[SetMetadata:136]  fail[m
09-28 17:51:19.993   818  1137 E C01401/Bufferqueue: <surface_buffer_impl.cpp:714-SetMetadata>: SetMetadata Failed with -5
09-28 17:51:19.993   818  1137 E C01406/skia: RSUniRenderComposerAdapter::SetBufferColorSpace set color space fail
09-28 17:51:20.003 11831 12054 I C00f00/OH_DER_VSync: onOhVsync ENTRY ts=<private> data=<private>
09-28 17:51:20.003 11831 12052 I C00f00/OH_DER_VSync: scheduleVsync ENTRY receiverPtr=0x<private>
09-28 17:51:20.003 11831 12052 I C00f00/OH_DER_VSync: scheduleVsync calling RequestFrame ohVsync=<private>
09-28 17:51:20.003 11831 12052 I C00f00/OH_DER_VSync: scheduleVsync RequestFrame rc=<private>
09-28 17:51:20.005   818  1132 E C02515/DISP: [0;32;31m[SetMetadata:102] <private> is not supported[m
09-28 17:51:20.005   818  1132 E C02515/METADATA_SRV: [0;32;31m[SetMetadata:136]  fail[m
09-28 17:51:20.005   818  1132 E C01401/Bufferqueue: <surface_buffer_impl.cpp:714-SetMetadata>: SetMetadata Failed with -5
09-28 17:51:20.005   793  4141 E C02515/DISP: [0;32;31m[SetLayerMaskInfo@display_composer_vdi_impl.cpp:404] <private> is not supported[m
09-28 17:51:20.006   818  1228 E C02515/DISP: [0;32;31m[SetMetadata:102] <private> is not supported[m
09-28 17:51:20.006   818  1228 E C02515/METADATA_SRV: [0;32;31m[SetMetadata:136]  fail[m
09-28 17:51:20.006   818  1228 E C01401/Bufferqueue: <surface_buffer_impl.cpp:714-SetMetadata>: SetMetadata Failed with -5
09-28 17:51:20.006   793  4141 E C02515/DISP: [0;32;31m[SetDisplayClientDamage@display_composer_vdi_impl.cpp:179] <private> is not supported[m
09-28 17:51:20.020 11831 12054 I C00f00/OH_DER_VSync: onOhVsync ENTRY ts=<private> data=<private>
09-28 17:51:20.020   818   818 E C02515/DISP: [0;32;31m[GetMetadata:109] <private> is not supported[m
09-28 17:51:20.020 11831 12052 I C00f00/OH_DER_VSync: scheduleVsync ENTRY receiverPtr=0x<private>
09-28 17:51:20.020 11831 12052 I C00f00/OH_DER_VSync: scheduleVsync calling RequestFrame ohVsync=<private>
09-28 17:51:20.020   818   818 E C02515/DISP: [0;32;31m[GetMetadata:109] <private> is not supported[m
09-28 17:51:20.020 11831 12052 I C00f00/OH_DER_VSync: scheduleVsync RequestFrame rc=<private>
09-28 17:51:20.020   818   818 E C02515/DISP: [0;32;31m[GetMetadata:109] <private> is not supported[m
09-28 17:51:20.021   818   818 E C01406/skia: RSBaseRenderUtil::DealWithSurfaceRotationAndGravity, GetSurfaceBufferOpaque:0
09-28 17:51:20.021   818   818 E C02515/DISP: [0;32;31m[GetMetadata:109] <private> is not supported[m
09-28 17:51:20.021   818   818 E C01406/skia: RSBaseRenderUtil::DealWithSurfaceRotationAndGravity, GetSurfaceBufferOpaque:0
09-28 17:51:20.021   818   818 E C02515/DISP: [0;32;31m[GetMetadata:109] <private> is not supported[m
09-28 17:51:20.023   818  1137 E C02515/DISP: [0;32;31m[SetMetadata:102] <private> is not supported[m
09-28 17:51:20.023   818  1137 E C02515/METADATA_SRV: [0;32;31m[SetMetadata:136]  fail[m
09-28 17:51:20.023   818  1137 E C01401/Bufferqueue: <surface_buffer_impl.cpp:714-SetMetadata>: SetMetadata Failed with -5
09-28 17:51:20.023   818  1137 E C01406/skia: SurfaceNodeDrawable DrawCommSurfaceWatermark Name:BackgroundBlurView2 Id:8933531975688 water mark count is zero
09-28 17:51:20.024   818  1137 E C01406/skia: RSBaseRenderUtil::DealWithSurfaceRotationAndGravity, GetSurfaceBufferOpaque:0
09-28 17:51:20.024   818  1137 I C01406/WRAP: AHardwareBuffer_createFromHandle index = <private> handle = <private>, ahb = <private>
09-28 17:51:20.024   818  1137 E C01406/skia: SurfaceNodeDrawable DrawCommSurfaceWatermark Name:AdapterActivityContent Id:50813758078979 water mark count is zero
09-28 17:51:20.024   818  1137 E C01406/skia: RSBaseRenderUtil::DealWithSurfaceRotationAndGravity, GetSurfaceBufferOpaque:0
09-28 17:51:20.024   818  1137 I C01406/WRAP: AHardwareBuffer_createFromHandle index = <private> handle = <private>, ahb = <private>
09-28 17:51:20.024   818  1137 E C01406/skia: SurfaceNodeDrawable DrawCommSurfaceWatermark Name:AdapterSurfaceView Id:50813758078980 water mark count is zero
09-28 17:51:20.024   818  1137 E C01406/skia: SurfaceNodeDrawable DrawCommSurfaceWatermark Name:com.a2hlab.bridge.zigzag/com.unity3d.player.UnityPlayerActivity Id:50813758078977 water mark count is zero
09-28 17:51:20.024   818  1137 E C01406/skia: SurfaceNodeDrawable DrawCommSurfaceWatermark Name:WindowScene_zigzag33 Id:8933531976525 water mark count is zero
09-28 17:51:20.025   818  1137 E C01406/skia: SurfaceNodeDrawable DrawCommSurfaceWatermark Name:SCBGestureNavBar13 Id:8933531975827 water mark count is zero
09-28 17:51:20.025   818  1137 E C01406/skia: SurfaceNodeDrawable DrawCommSurfaceWatermark Name:SCBStatusBar15 Id:8933531975907 water mark count is zero
09-28 17:51:20.026   818  1137 E C02515/DISP: [0;32;31m[GetMetadata:109] <private> is not supported[m
09-28 17:51:20.026   818  1137 E C02515/DISP: [0;32;31m[SetMetadata:102] <private> is not supported[m
09-28 17:51:20.026   818  1137 E C02515/METADATA_SRV: [0;32;31m[SetMetadata:136]  fail[m
09-28 17:51:20.026   818  1137 E C01401/Bufferqueue: <surface_buffer_impl.cpp:714-SetMetadata>: SetMetadata Failed with -5
09-28 17:51:20.026   818  1137 E C01406/skia: RSUniRenderComposerAdapter::SetBufferColorSpace set color space fail
09-28 17:51:20.036 11831 12054 I C00f00/OH_DER_VSync: onOhVsync ENTRY ts=<private> data=<private>
09-28 17:51:20.036 11831 12052 I C00f00/OH_DER_VSync: scheduleVsync ENTRY receiverPtr=0x<private>
09-28 17:51:20.037 11831 12052 I C00f00/OH_DER_VSync: scheduleVsync calling RequestFrame ohVsync=<private>
09-28 17:51:20.037 11831 12052 I C00f00/OH_DER_VSync: scheduleVsync RequestFrame rc=<private>
09-28 17:51:20.038   818  1132 E C02515/DISP: [0;32;31m[SetMetadata:102] <private> is not supported[m
09-28 17:51:20.038   818  1132 E C02515/METADATA_SRV: [0;32;31m[SetMetadata:136]  fail[m
09-28 17:51:20.038   818  1132 E C01401/Bufferqueue: <surface_buffer_impl.cpp:714-SetMetadata>: SetMetadata Failed with -5
09-28 17:51:20.039   793  4141 E C02515/DISP: [0;32;31m[SetLayerMaskInfo@display_composer_vdi_impl.cpp:404] <private> is not supported[m
09-28 17:51:20.039   818  1228 E C02515/DISP: [0;32;31m[SetMetadata:102] <private> is not supported[m
09-28 17:51:20.039   818  1228 E C02515/METADATA_SRV: [0;32;31m[SetMetadata:136]  fail[m
09-28 17:51:20.039   818  1228 E C01401/Bufferqueue: <surface_buffer_impl.cpp:714-SetMetadata>: SetMetadata Failed with -5
09-28 17:51:20.040   793  4141 E C02515/DISP: [0;32;31m[SetDisplayClientDamage@display_composer_vdi_impl.cpp:179] <private> is not supported[m
09-28 17:51:20.053 11831 12054 I C00f00/OH_DER_VSync: onOhVsync ENTRY ts=<private> data=<private>
09-28 17:51:20.053   818   818 E C02515/DISP: [0;32;31m[GetMetadata:109] <private> is not supported[m
09-28 17:51:20.053   818   818 E C02515/DISP: [0;32;31m[GetMetadata:109] <private> is not supported[m
09-28 17:51:20.053   818   818 E C02515/DISP: [0;32;31m[GetMetadata:109] <private> is not supported[m
09-28 17:51:20.053 11831 12052 I C00f00/OH_DER_VSync: scheduleVsync ENTRY receiverPtr=0x<private>
09-28 17:51:20.053 11831 12052 I C00f00/OH_DER_VSync: scheduleVsync calling RequestFrame ohVsync=<private>
09-28 17:51:20.053 11831 12052 I C00f00/OH_DER_VSync: scheduleVsync RequestFrame rc=<private>
09-28 17:51:20.054   818   818 E C01406/skia: RSBaseRenderUtil::DealWithSurfaceRotationAndGravity, GetSurfaceBufferOpaque:0
09-28 17:51:20.054   818   818 E C02515/DISP: [0;32;31m[GetMetadata:109] <private> is not supported[m
09-28 17:51:20.054   818   818 E C01406/skia: RSBaseRenderUtil::DealWithSurfaceRotationAndGravity, GetSurfaceBufferOpaque:0
09-28 17:51:20.054   818   818 E C02515/DISP: [0;32;31m[GetMetadata:109] <private> is not supported[m
09-28 17:51:20.055   818  1137 E C02515/DISP: [0;32;31m[SetMetadata:102] <private> is not supported[m
09-28 17:51:20.055   818  1137 E C02515/METADATA_SRV: [0;32;31m[SetMetadata:136]  fail[m
09-28 17:51:20.055   818  1137 E C01401/Bufferqueue: <surface_buffer_impl.cpp:714-SetMetadata>: SetMetadata Failed with -5
09-28 17:51:20.055   818  1137 E C01406/skia: SurfaceNodeDrawable DrawCommSurfaceWatermark Name:BackgroundBlurView2 Id:8933531975688 water mark count is zero
09-28 17:51:20.055   818  1137 E C01406/skia: RSBaseRenderUtil::DealWithSurfaceRotationAndGravity, GetSurfaceBufferOpaque:0
09-28 17:51:20.056   818  1137 I C01406/WRAP: AHardwareBuffer_createFromHandle index = <private> handle = <private>, ahb = <private>
09-28 17:51:20.056   818  1137 E C01406/skia: SurfaceNodeDrawable DrawCommSurfaceWatermark Name:AdapterActivityContent Id:50813758078979 water mark count is zero
09-28 17:51:20.056   818  1137 E C01406/skia: RSBaseRenderUtil::DealWithSurfaceRotationAndGravity, GetSurfaceBufferOpaque:0
09-28 17:51:20.056   818  1137 I C01406/WRAP: AHardwareBuffer_createFromHandle index = <private> handle = <private>, ahb = <private>
09-28 17:51:20.056   818  1137 E C01406/skia: SurfaceNodeDrawable DrawCommSurfaceWatermark Name:AdapterSurfaceView Id:50813758078980 water mark count is zero
09-28 17:51:20.056   818  1137 E C01406/skia: SurfaceNodeDrawable DrawCommSurfaceWatermark Name:com.a2hlab.bridge.zigzag/com.unity3d.player.UnityPlayerActivity Id:50813758078977 water mark count is zero
09-28 17:51:20.056   818  1137 E C01406/skia: SurfaceNodeDrawable DrawCommSurfaceWatermark Name:WindowScene_zigzag33 Id:8933531976525 water mark count is zero
09-28 17:51:20.056   818  1137 E C01406/skia: SurfaceNodeDrawable DrawCommSurfaceWatermark Name:SCBGestureNavBar13 Id:8933531975827 water mark count is zero
09-28 17:51:20.057   818  1137 E C01406/skia: SurfaceNodeDrawable DrawCommSurfaceWatermark Name:SCBStatusBar15 Id:8933531975907 water mark count is zero
09-28 17:51:20.058   818  1137 E C02515/DISP: [0;32;31m[GetMetadata:109] <private> is not supported[m
09-28 17:51:20.058   818  1137 E C02515/DISP: [0;32;31m[SetMetadata:102] <private> is not supported[m
09-28 17:51:20.058   818  1137 E C02515/METADATA_SRV: [0;32;31m[SetMetadata:136]  fail[m
09-28 17:51:20.058   818  1137 E C01401/Bufferqueue: <surface_buffer_impl.cpp:714-SetMetadata>: SetMetadata Failed with -5
09-28 17:51:20.058   818  1137 E C01406/skia: RSUniRenderComposerAdapter::SetBufferColorSpace set color space fail
09-28 17:51:20.063  1048  1170 I C02d13/HDC_LOG: [daemon.cpp:1142] FetchCommand channelId:3651487208 command:1001
09-28 17:51:20.063  1048  1170 I C02d13/HDC_LOG: [session.cpp:1652] New HTaskInfo cid:3651487208 sid:213******641(L:10) command:1001
09-28 17:51:20.063  1048  1170 I C02d13/HDC_LOG: [session.cpp:891] AdminTask add task type:0 cid:3651487208 sid:213******641(L:10) mapsize:2
09-28 17:51:20.063  1048  1170 I C02d13/HDC_LOG: [task.cpp:34] HdcTaskBase type:0 cid:3651487208 sid:213******641(L:10)
09-28 17:51:20.063  1048  1170 I C02d13/HDC_LOG: [daemon_unity.cpp:414] Unity CommandDispatch command:1001 cid:3651487208 sid:213******641(L:10)
09-28 17:51:20.063  1048  1170 W C02d13/HDC_LOG: [async_cmd.cpp:114] GetDevItem false key:persist.hdc.root
09-28 17:51:20.064  1048 12549 I C02d13/HDC_LOG: [async_cmd.cpp:225] Popen pipe fds[pipeRead]:36 fds[pipeWrite]:37, mode 0
09-28 17:51:20.067  1048  1170 I C02d13/HDC_LOG: [async_cmd.cpp:291] ExecuteCommand cmd:param get const.product.os.dist.apiname fd:36 pid:12550
09-28 17:51:20.068 12550 12550 W C02d13/HDC_LOG: [async_cmd.cpp:140] SetSelinuxLabel con:u:r:su:s0 isRoot:0
09-28 17:51:20.068  1048  1170 I C02d13/HDC_LOG: [daemon_unity.cpp:486] Unity CommandDispatch command:1001 finish cid:3651487208 sid:213******641(L:10)
09-28 17:51:20.070 11831 12054 I C00f00/OH_DER_VSync: onOhVsync ENTRY ts=<private> data=<private>
09-28 17:51:20.070 11831 12052 I C00f00/OH_DER_VSync: scheduleVsync ENTRY receiverPtr=0x<private>
09-28 17:51:20.070 11831 12052 I C00f00/OH_DER_VSync: scheduleVsync calling RequestFrame ohVsync=<private>
09-28 17:51:20.070 11831 12052 I C00f00/OH_DER_VSync: scheduleVsync RequestFrame rc=<private>
09-28 17:51:20.072   818  1132 E C02515/DISP: [0;32;31m[SetMetadata:102] <private> is not supported[m
09-28 17:51:20.072   818  1132 E C02515/METADATA_SRV: [0;32;31m[SetMetadata:136]  fail[m
09-28 17:51:20.072   818  1132 E C01401/Bufferqueue: <surface_buffer_impl.cpp:714-SetMetadata>: SetMetadata Failed with -5
09-28 17:51:20.073   793  4141 E C02515/DISP: [0;32;31m[SetLayerMaskInfo@display_composer_vdi_impl.cpp:404] <private> is not supported[m
09-28 17:51:20.073   818  1228 E C02515/DISP: [0;32;31m[SetMetadata:102] <private> is not supported[m
09-28 17:51:20.073   818  1228 E C02515/METADATA_SRV: [0;32;31m[SetMetadata:136]  fail[m
09-28 17:51:20.073   818  1228 E C01401/Bufferqueue: <surface_buffer_impl.cpp:714-SetMetadata>: SetMetadata Failed with -5
09-28 17:51:20.074   793  4141 E C02515/DISP: [0;32;31m[SetDisplayClientDamage@display_composer_vdi_impl.cpp:179] <private> is not supported[m
09-28 17:51:20.086   818   818 E C02515/DISP: [0;32;31m[GetMetadata:109] <private> is not supported[m
09-28 17:51:20.086 11831 12054 I C00f00/OH_DER_VSync: onOhVsync ENTRY ts=<private> data=<private>
09-28 17:51:20.087   818   818 E C02515/DISP: [0;32;31m[GetMetadata:109] <private> is not supported[m
09-28 17:51:20.087   818   818 E C02515/DISP: [0;32;31m[GetMetadata:109] <private> is not supported[m
09-28 17:51:20.087 11831 12052 I C00f00/OH_DER_VSync: scheduleVsync ENTRY receiverPtr=0x<private>
09-28 17:51:20.087 11831 12052 I C00f00/OH_DER_VSync: scheduleVsync calling RequestFrame ohVsync=<private>
09-28 17:51:20.087 11831 12052 I C00f00/OH_DER_VSync: scheduleVsync RequestFrame rc=<private>
09-28 17:51:20.087   818   818 E C01406/skia: RSBaseRenderUtil::DealWithSurfaceRotationAndGravity, GetSurfaceBufferOpaque:0
09-28 17:51:20.087   818   818 E C02515/DISP: [0;32;31m[GetMetadata:109] <private> is not supported[m
09-28 17:51:20.087   818   818 E C01406/skia: RSBaseRenderUtil::DealWithSurfaceRotationAndGravity, GetSurfaceBufferOpaque:0
09-28 17:51:20.087   818   818 E C02515/DISP: [0;32;31m[GetMetadata:109] <private> is not supported[m
09-28 17:51:20.088   818  1137 E C02515/DISP: [0;32;31m[SetMetadata:102] <private> is not supported[m
09-28 17:51:20.088   818  1137 E C02515/METADATA_SRV: [0;32;31m[SetMetadata:136]  fail[m
09-28 17:51:20.088   818  1137 E C01401/Bufferqueue: <surface_buffer_impl.cpp:714-SetMetadata>: SetMetadata Failed with -5
09-28 17:51:20.089   818  1137 E C01406/skia: SurfaceNodeDrawable DrawCommSurfaceWatermark Name:BackgroundBlurView2 Id:8933531975688 water mark count is zero
09-28 17:51:20.089   818  1137 E C01406/skia: RSBaseRenderUtil::DealWithSurfaceRotationAndGravity, GetSurfaceBufferOpaque:0
09-28 17:51:20.089   818  1137 I C01406/WRAP: AHardwareBuffer_createFromHandle index = <private> handle = <private>, ahb = <private>
09-28 17:51:20.089   818  1137 E C01406/skia: SurfaceNodeDrawable DrawCommSurfaceWatermark Name:AdapterActivityContent Id:50813758078979 water mark count is zero
09-28 17:51:20.089   818  1137 E C01406/skia: RSBaseRenderUtil::DealWithSurfaceRotationAndGravity, GetSurfaceBufferOpaque:0
09-28 17:51:20.089   818  1137 I C01406/WRAP: AHardwareBuffer_createFromHandle index = <private> handle = <private>, ahb = <private>
09-28 17:51:20.090   818  1137 E C01406/skia: SurfaceNodeDrawable DrawCommSurfaceWatermark Name:AdapterSurfaceView Id:50813758078980 water mark count is zero
09-28 17:51:20.090   818  1137 E C01406/skia: SurfaceNodeDrawable DrawCommSurfaceWatermark Name:com.a2hlab.bridge.zigzag/com.unity3d.player.UnityPlayerActivity Id:50813758078977 water mark count is zero
09-28 17:51:20.090   818  1137 E C01406/skia: SurfaceNodeDrawable DrawCommSurfaceWatermark Name:WindowScene_zigzag33 Id:8933531976525 water mark count is zero
09-28 17:51:20.090   818  1137 E C01406/skia: SurfaceNodeDrawable DrawCommSurfaceWatermark Name:SCBGestureNavBar13 Id:8933531975827 water mark count is zero
09-28 17:51:20.090   818  1137 E C01406/skia: SurfaceNodeDrawable DrawCommSurfaceWatermark Name:SCBStatusBar15 Id:8933531975907 water mark count is zero
09-28 17:51:20.091  1048 12551 I C02d13/HDC_LOG: [async_cmd.cpp:88] FinishShellProc finish pipeRead fd:36 pid:12550 count:1
09-28 17:51:20.091  1048 12551 I C02d13/HDC_LOG: [task.cpp:55] HdcTaskBase::TaskFinish notify begin type:0 cid:3651487208 sid:213******641(L:10)
09-28 17:51:20.091  1048 12551 I C02d13/HDC_LOG: [task.cpp:58] HdcTaskBase::TaskFinish notify end type:0 cid:3651487208 sid:213******641(L:10)
09-28 17:51:20.092   818  1137 E C02515/DISP: [0;32;31m[GetMetadata:109] <private> is not supported[m
09-28 17:51:20.092   818  1137 E C02515/DISP: [0;32;31m[SetMetadata:102] <private> is not supported[m
09-28 17:51:20.092   818  1137 E C02515/METADATA_SRV: [0;32;31m[SetMetadata:136]  fail[m
09-28 17:51:20.092   818  1137 E C01401/Bufferqueue: <surface_buffer_impl.cpp:714-SetMetadata>: SetMetadata Failed with -5
09-28 17:51:20.092   818  1137 E C01406/skia: RSUniRenderComposerAdapter::SetBufferColorSpace set color space fail
09-28 17:51:20.093  1048  1170 I C02d13/HDC_LOG: [daemon.cpp:1142] FetchCommand channelId:3651487208 command:2
09-28 17:51:20.093  1048  1170 W C02d13/HDC_LOG: [session.cpp:160] BeginRemoveTask taskType:0 channelId:3651487208
09-28 17:51:20.093  1048  1170 W C02d13/HDC_LOG: [session.cpp:190] ClearOwnTasks OP_CLEAR finish, sessionId:213******641(L:10) channelIDInput:3651487208
09-28 17:51:20.093  1048  1170 W C02d13/HDC_LOG: [session.cpp:115] taskClassDeleteRetry start clear task, taskType:0 cid:3651487208 sid:213******641(L:10)
09-28 17:51:20.093  1048  1170 I C02d13/HDC_LOG: [async_cmd.cpp:69] DoRelease rc:-3 pid:12550
09-28 17:51:20.093  1048  1170 I C02d13/HDC_LOG: [session.cpp:126] TaskDelay task remove retry count 0/30, taskType:0 channelId:3651487208, sessionId:213******641(L:10)
09-28 17:51:20.093  1048  1170 I C02d13/HDC_LOG: [daemon_unity.cpp:31] ~HdcDaemonUnity cid:3651487208 sid:213******641(L:10)
09-28 17:51:20.093  1048  1170 I C02d13/HDC_LOG: [task.cpp:40] ~HdcTaskBase type:0 cid:3651487208 sid:213******641(L:10)
09-28 17:51:20.093  1048  1170 W C02d13/HDC_LOG: [session.cpp:134] TaskDelay task remove finish, channelId:3651487208
09-28 17:51:20.093  1048  1170 I C02d13/HDC_LOG: [base.cpp:969] before uv handle close, the uv handle type is 13
09-28 17:51:20.098  1048  1170 I C02d13/HDC_LOG: [daemon.cpp:1142] FetchCommand channelId:3651487208 command:2
09-28 17:51:20.103 11831 12054 I C00f00/OH_DER_VSync: onOhVsync ENTRY ts=<private> data=<private>
09-28 17:51:20.103 11831 12052 I C00f00/OH_DER_VSync: scheduleVsync ENTRY receiverPtr=0x<private>
09-28 17:51:20.103 11831 12052 I C00f00/OH_DER_VSync: scheduleVsync calling RequestFrame ohVsync=<private>
09-28 17:51:20.103 11831 12052 I C00f00/OH_DER_VSync: scheduleVsync RequestFrame rc=<private>
09-28 17:51:20.105   818  1132 E C02515/DISP: [0;32;31m[SetMetadata:102] <private> is not supported[m
09-28 17:51:20.105   818  1132 E C02515/METADATA_SRV: [0;32;31m[SetMetadata:136]  fail[m
09-28 17:51:20.105   818  1132 E C01401/Bufferqueue: <surface_buffer_impl.cpp:714-SetMetadata>: SetMetadata Failed with -5
09-28 17:51:20.106   793  4141 E C02515/DISP: [0;32;31m[SetLayerMaskInfo@display_composer_vdi_impl.cpp:404] <private> is not supported[m
09-28 17:51:20.106   818  1228 E C02515/DISP: [0;32;31m[SetMetadata:102] <private> is not supported[m
09-28 17:51:20.106   818  1228 E C02515/METADATA_SRV: [0;32;31m[SetMetadata:136]  fail[m
09-28 17:51:20.106   818  1228 E C01401/Bufferqueue: <surface_buffer_impl.cpp:714-SetMetadata>: SetMetadata Failed with -5
09-28 17:51:20.107   793  4141 E C02515/DISP: [0;32;31m[SetDisplayClientDamage@display_composer_vdi_impl.cpp:179] <private> is not supported[m
09-28 17:51:20.120 11831 12054 I C00f00/OH_DER_VSync: onOhVsync ENTRY ts=<private> data=<private>
09-28 17:51:20.120   818   818 E C02515/DISP: [0;32;31m[GetMetadata:109] <private> is not supported[m
09-28 17:51:20.120 11831 12052 I C00f00/OH_DER_VSync: scheduleVsync ENTRY receiverPtr=0x<private>
09-28 17:51:20.120 11831 12052 I C00f00/OH_DER_VSync: scheduleVsync calling RequestFrame ohVsync=<private>
09-28 17:51:20.120   818   818 E C02515/DISP: [0;32;31m[GetMetadata:109] <private> is not supported[m
09-28 17:51:20.120 11831 12052 I C00f00/OH_DER_VSync: scheduleVsync RequestFrame rc=<private>
09-28 17:51:20.120   818   818 E C02515/DISP: [0;32;31m[GetMetadata:109] <private> is not supported[m
09-28 17:51:20.121   818   818 E C01406/skia: RSBaseRenderUtil::DealWithSurfaceRotationAndGravity, GetSurfaceBufferOpaque:0
09-28 17:51:20.121   818   818 E C02515/DISP: [0;32;31m[GetMetadata:109] <private> is not supported[m
09-28 17:51:20.121   818   818 E C01406/skia: RSBaseRenderUtil::DealWithSurfaceRotationAndGravity, GetSurfaceBufferOpaque:0
09-28 17:51:20.121   818   818 E C02515/DISP: [0;32;31m[GetMetadata:109] <private> is not supported[m
09-28 17:51:20.123   818  1137 E C02515/DISP: [0;32;31m[SetMetadata:102] <private> is not supported[m
09-28 17:51:20.123   818  1137 E C02515/METADATA_SRV: [0;32;31m[SetMetadata:136]  fail[m
09-28 17:51:20.123   818  1137 E C01401/Bufferqueue: <surface_buffer_impl.cpp:714-SetMetadata>: SetMetadata Failed with -5
09-28 17:51:20.124   818  1137 E C01406/skia: SurfaceNodeDrawable DrawCommSurfaceWatermark Name:BackgroundBlurView2 Id:8933531975688 water mark count is zero
09-28 17:51:20.124   818  1137 E C01406/skia: RSBaseRenderUtil::DealWithSurfaceRotationAndGravity, GetSurfaceBufferOpaque:0
09-28 17:51:20.124   818  1137 I C01406/WRAP: AHardwareBuffer_createFromHandle index = <private> handle = <private>, ahb = <private>
09-28 17:51:20.124   818  1137 E C01406/skia: SurfaceNodeDrawable DrawCommSurfaceWatermark Name:AdapterActivityContent Id:50813758078979 water mark count is zero
09-28 17:51:20.124   818  1137 E C01406/skia: RSBaseRenderUtil::DealWithSurfaceRotationAndGravity, GetSurfaceBufferOpaque:0
09-28 17:51:20.124   818  1137 I C01406/WRAP: AHardwareBuffer_createFromHandle index = <private> handle = <private>, ahb = <private>
09-28 17:51:20.124   818  1137 E C01406/skia: SurfaceNodeDrawable DrawCommSurfaceWatermark Name:AdapterSurfaceView Id:50813758078980 water mark count is zero
09-28 17:51:20.124   818  1137 E C01406/skia: SurfaceNodeDrawable DrawCommSurfaceWatermark Name:com.a2hlab.bridge.zigzag/com.unity3d.player.UnityPlayerActivity Id:50813758078977 water mark count is zero
09-28 17:51:20.124   818  1137 E C01406/skia: SurfaceNodeDrawable DrawCommSurfaceWatermark Name:WindowScene_zigzag33 Id:8933531976525 water mark count is zero
09-28 17:51:20.125   818  1137 E C01406/skia: SurfaceNodeDrawable DrawCommSurfaceWatermark Name:SCBGestureNavBar13 Id:8933531975827 water mark count is zero
09-28 17:51:20.125   818  1137 E C01406/skia: SurfaceNodeDrawable DrawCommSurfaceWatermark Name:SCBStatusBar15 Id:8933531975907 water mark count is zero
09-28 17:51:20.126   818  1137 E C02515/DISP: [0;32;31m[GetMetadata:109] <private> is not supported[m
09-28 17:51:20.126   818  1137 E C02515/DISP: [0;32;31m[SetMetadata:102] <private> is not supported[m
09-28 17:51:20.126   818  1137 E C02515/METADATA_SRV: [0;32;31m[SetMetadata:136]  fail[m
09-28 17:51:20.126   818  1137 E C01401/Bufferqueue: <surface_buffer_impl.cpp:714-SetMetadata>: SetMetadata Failed with -5
09-28 17:51:20.126   818  1137 E C01406/skia: RSUniRenderComposerAdapter::SetBufferColorSpace set color space fail
09-28 17:51:20.128  1048  1170 I C02d13/HDC_LOG: [daemon.cpp:1142] FetchCommand channelId:3864069670 command:1001
09-28 17:51:20.128  1048  1170 I C02d13/HDC_LOG: [session.cpp:1652] New HTaskInfo cid:3864069670 sid:213******641(L:10) command:1001
09-28 17:51:20.128  1048  1170 I C02d13/HDC_LOG: [session.cpp:891] AdminTask add task type:0 cid:3864069670 sid:213******641(L:10) mapsize:2
09-28 17:51:20.128  1048  1170 I C02d13/HDC_LOG: [task.cpp:34] HdcTaskBase type:0 cid:3864069670 sid:213******641(L:10)
09-28 17:51:20.128  1048  1170 I C02d13/HDC_LOG: [daemon_unity.cpp:414] Unity CommandDispatch command:1001 cid:3864069670 sid:213******641(L:10)
09-28 17:51:20.128  1048  1170 W C02d13/HDC_LOG: [async_cmd.cpp:114] GetDevItem false key:persist.hdc.root
09-28 17:51:20.129  1048 12552 I C02d13/HDC_LOG: [async_cmd.cpp:225] Popen pipe fds[pipeRead]:36 fds[pipeWrite]:37, mode 0
09-28 17:51:20.132  1048  1170 I C02d13/HDC_LOG: [async_cmd.cpp:291] ExecuteCommand cmd:param get const.product.os.dist.apiname fd:36 pid:12553
09-28 17:51:20.133  1048  1170 I C02d13/HDC_LOG: [daemon_unity.cpp:486] Unity CommandDispatch command:1001 finish cid:3864069670 sid:213******641(L:10)
09-28 17:51:20.133 12553 12553 W C02d13/HDC_LOG: [async_cmd.cpp:140] SetSelinuxLabel con:u:r:su:s0 isRoot:0
09-28 17:51:20.136 11831 12054 I C00f00/OH_DER_VSync: onOhVsync ENTRY ts=<private> data=<private>
09-28 17:51:20.137 11831 12052 I C00f00/OH_DER_VSync: scheduleVsync ENTRY receiverPtr=0x<private>
09-28 17:51:20.137 11831 12052 I C00f00/OH_DER_VSync: scheduleVsync calling RequestFrame ohVsync=<private>
09-28 17:51:20.137 11831 12052 I C00f00/OH_DER_VSync: scheduleVsync RequestFrame rc=<private>
09-28 17:51:20.138   818  1132 E C02515/DISP: [0;32;31m[SetMetadata:102] <private> is not supported[m
09-28 17:51:20.138   818  1132 E C02515/METADATA_SRV: [0;32;31m[SetMetadata:136]  fail[m
09-28 17:51:20.139   818  1132 E C01401/Bufferqueue: <surface_buffer_impl.cpp:714-SetMetadata>: SetMetadata Failed with -5
09-28 17:51:20.139   793  4141 E C02515/DISP: [0;32;31m[SetLayerMaskInfo@display_composer_vdi_impl.cpp:404] <private> is not supported[m
09-28 17:51:20.139   818  1228 E C02515/DISP: [0;32;31m[SetMetadata:102] <private> is not supported[m
09-28 17:51:20.139   818  1228 E C02515/METADATA_SRV: [0;32;31m[SetMetadata:136]  fail[m
09-28 17:51:20.139   818  1228 E C01401/Bufferqueue: <surface_buffer_impl.cpp:714-SetMetadata>: SetMetadata Failed with -5
09-28 17:51:20.140   793  4141 E C02515/DISP: [0;32;31m[SetDisplayClientDamage@display_composer_vdi_impl.cpp:179] <private> is not supported[m
09-28 17:51:20.153 11831 12054 I C00f00/OH_DER_VSync: onOhVsync ENTRY ts=<private> data=<private>
09-28 17:51:20.153   818   818 E C02515/DISP: [0;32;31m[GetMetadata:109] <private> is not supported[m
09-28 17:51:20.153 11831 12052 I C00f00/OH_DER_VSync: scheduleVsync ENTRY receiverPtr=0x<private>
09-28 17:51:20.153 11831 12052 I C00f00/OH_DER_VSync: scheduleVsync calling RequestFrame ohVsync=<private>
09-28 17:51:20.153   818   818 E C02515/DISP: [0;32;31m[GetMetadata:109] <private> is not supported[m
09-28 17:51:20.154 11831 12052 I C00f00/OH_DER_VSync: scheduleVsync RequestFrame rc=<private>
09-28 17:51:20.154   818   818 E C02515/DISP: [0;32;31m[GetMetadata:109] <private> is not supported[m
09-28 17:51:20.154  1048 12554 I C02d13/HDC_LOG: [async_cmd.cpp:88] FinishShellProc finish pipeRead fd:36 pid:12553 count:1
09-28 17:51:20.154  1048 12554 I C02d13/HDC_LOG: [task.cpp:55] HdcTaskBase::TaskFinish notify begin type:0 cid:3864069670 sid:213******641(L:10)
09-28 17:51:20.154  1048 12554 I C02d13/HDC_LOG: [task.cpp:58] HdcTaskBase::TaskFinish notify end type:0 cid:3864069670 sid:213******641(L:10)
09-28 17:51:20.155   818   818 E C01406/skia: RSBaseRenderUtil::DealWithSurfaceRotationAndGravity, GetSurfaceBufferOpaque:0
09-28 17:51:20.155   818   818 E C02515/DISP: [0;32;31m[GetMetadata:109] <private> is not supported[m
09-28 17:51:20.155   818   818 E C01406/skia: RSBaseRenderUtil::DealWithSurfaceRotationAndGravity, GetSurfaceBufferOpaque:0
09-28 17:51:20.155   818   818 E C02515/DISP: [0;32;31m[GetMetadata:109] <private> is not supported[m
09-28 17:51:20.156  1048  1170 I C02d13/HDC_LOG: [daemon.cpp:1142] FetchCommand channelId:3864069670 command:2
09-28 17:51:20.156  1048  1170 W C02d13/HDC_LOG: [session.cpp:160] BeginRemoveTask taskType:0 channelId:3864069670
09-28 17:51:20.156  1048  1170 W C02d13/HDC_LOG: [session.cpp:190] ClearOwnTasks OP_CLEAR finish, sessionId:213******641(L:10) channelIDInput:3864069670
09-28 17:51:20.156  1048  1170 W C02d13/HDC_LOG: [session.cpp:115] taskClassDeleteRetry start clear task, taskType:0 cid:3864069670 sid:213******641(L:10)
09-28 17:51:20.156  1048  1170 I C02d13/HDC_LOG: [async_cmd.cpp:69] DoRelease rc:-3 pid:12553
09-28 17:51:20.156  1048  1170 I C02d13/HDC_LOG: [session.cpp:126] TaskDelay task remove retry count 0/30, taskType:0 channelId:3864069670, sessionId:213******641(L:10)
09-28 17:51:20.156  1048  1170 I C02d13/HDC_LOG: [daemon_unity.cpp:31] ~HdcDaemonUnity cid:3864069670 sid:213******641(L:10)
09-28 17:51:20.156  1048  1170 I C02d13/HDC_LOG: [task.cpp:40] ~HdcTaskBase type:0 cid:3864069670 sid:213******641(L:10)
09-28 17:51:20.156  1048  1170 W C02d13/HDC_LOG: [session.cpp:134] TaskDelay task remove finish, channelId:3864069670
09-28 17:51:20.156  1048  1170 I C02d13/HDC_LOG: [base.cpp:969] before uv handle close, the uv handle type is 13
09-28 17:51:20.157   818  1137 E C02515/DISP: [0;32;31m[SetMetadata:102] <private> is not supported[m
09-28 17:51:20.157   818  1137 E C02515/METADATA_SRV: [0;32;31m[SetMetadata:136]  fail[m
09-28 17:51:20.157   818  1137 E C01401/Bufferqueue: <surface_buffer_impl.cpp:714-SetMetadata>: SetMetadata Failed with -5
09-28 17:51:20.157   818  1137 E C01406/skia: SurfaceNodeDrawable DrawCommSurfaceWatermark Name:BackgroundBlurView2 Id:8933531975688 water mark count is zero
09-28 17:51:20.157   818  1137 E C01406/skia: RSBaseRenderUtil::DealWithSurfaceRotationAndGravity, GetSurfaceBufferOpaque:0
09-28 17:51:20.157   818  1137 I C01406/WRAP: AHardwareBuffer_createFromHandle index = <private> handle = <private>, ahb = <private>
09-28 17:51:20.158   818  1137 E C01406/skia: SurfaceNodeDrawable DrawCommSurfaceWatermark Name:AdapterActivityContent Id:50813758078979 water mark count is zero
09-28 17:51:20.158   818  1137 E C01406/skia: RSBaseRenderUtil::DealWithSurfaceRotationAndGravity, GetSurfaceBufferOpaque:0
09-28 17:51:20.158   818  1137 I C01406/WRAP: AHardwareBuffer_createFromHandle index = <private> handle = <private>, ahb = <private>
09-28 17:51:20.158   818  1137 E C01406/skia: SurfaceNodeDrawable DrawCommSurfaceWatermark Name:AdapterSurfaceView Id:50813758078980 water mark count is zero
09-28 17:51:20.158   818  1137 E C01406/skia: SurfaceNodeDrawable DrawCommSurfaceWatermark Name:com.a2hlab.bridge.zigzag/com.unity3d.player.UnityPlayerActivity Id:50813758078977 water mark count is zero
09-28 17:51:20.158   818  1137 E C01406/skia: SurfaceNodeDrawable DrawCommSurfaceWatermark Name:WindowScene_zigzag33 Id:8933531976525 water mark count is zero
09-28 17:51:20.158   818  1137 E C01406/skia: SurfaceNodeDrawable DrawCommSurfaceWatermark Name:SCBGestureNavBar13 Id:8933531975827 water mark count is zero
09-28 17:51:20.158   818  1137 E C01406/skia: SurfaceNodeDrawable DrawCommSurfaceWatermark Name:SCBStatusBar15 Id:8933531975907 water mark count is zero
09-28 17:51:20.161  1048  1170 I C02d13/HDC_LOG: [daemon.cpp:1142] FetchCommand channelId:3864069670 command:2
09-28 17:51:20.161   818  1137 E C02515/DISP: [0;32;31m[GetMetadata:109] <private> is not supported[m
09-28 17:51:20.161   818  1137 E C02515/DISP: [0;32;31m[SetMetadata:102] <private> is not supported[m
09-28 17:51:20.161   818  1137 E C02515/METADATA_SRV: [0;32;31m[SetMetadata:136]  fail[m
09-28 17:51:20.161   818  1137 E C01401/Bufferqueue: <surface_buffer_impl.cpp:714-SetMetadata>: SetMetadata Failed with -5
09-28 17:51:20.161   818  1137 E C01406/skia: RSUniRenderComposerAdapter::SetBufferColorSpace set color space fail
09-28 17:51:20.170 11831 12054 I C00f00/OH_DER_VSync: onOhVsync ENTRY ts=<private> data=<private>
09-28 17:51:20.170 11831 12052 I C00f00/OH_DER_VSync: scheduleVsync ENTRY receiverPtr=0x<private>
09-28 17:51:20.170 11831 12052 I C00f00/OH_DER_VSync: scheduleVsync calling RequestFrame ohVsync=<private>
09-28 17:51:20.170 11831 12052 I C00f00/OH_DER_VSync: scheduleVsync RequestFrame rc=<private>
09-28 17:51:20.172   818  1132 E C02515/DISP: [0;32;31m[SetMetadata:102] <private> is not supported[m
09-28 17:51:20.172   818  1132 E C02515/METADATA_SRV: [0;32;31m[SetMetadata:136]  fail[m
09-28 17:51:20.172   818  1132 E C01401/Bufferqueue: <surface_buffer_impl.cpp:714-SetMetadata>: SetMetadata Failed with -5
09-28 17:51:20.172   793  4141 E C02515/DISP: [0;32;31m[SetLayerMaskInfo@display_composer_vdi_impl.cpp:404] <private> is not supported[m
09-28 17:51:20.172   818  1228 E C02515/DISP: [0;32;31m[SetMetadata:102] <private> is not supported[m
09-28 17:51:20.172   818  1228 E C02515/METADATA_SRV: [0;32;31m[SetMetadata:136]  fail[m
09-28 17:51:20.172   818  1228 E C01401/Bufferqueue: <surface_buffer_impl.cpp:714-SetMetadata>: SetMetadata Failed with -5
09-28 17:51:20.173   793  4141 E C02515/DISP: [0;32;31m[SetDisplayClientDamage@display_composer_vdi_impl.cpp:179] <private> is not supported[m
09-28 17:51:20.186 11831 12054 I C00f00/OH_DER_VSync: onOhVsync ENTRY ts=<private> data=<private>
09-28 17:51:20.187 11831 12052 I C00f00/OH_DER_VSync: scheduleVsync ENTRY receiverPtr=0x<private>
09-28 17:51:20.187   818   818 E C02515/DISP: [0;32;31m[GetMetadata:109] <private> is not supported[m
09-28 17:51:20.187 11831 12052 I C00f00/OH_DER_VSync: scheduleVsync calling RequestFrame ohVsync=<private>
09-28 17:51:20.187   818   818 E C02515/DISP: [0;32;31m[GetMetadata:109] <private> is not supported[m
09-28 17:51:20.187 11831 12052 I C00f00/OH_DER_VSync: scheduleVsync RequestFrame rc=<private>
09-28 17:51:20.187   818   818 E C02515/DISP: [0;32;31m[GetMetadata:109] <private> is not supported[m
09-28 17:51:20.188   818   818 E C01406/skia: RSBaseRenderUtil::DealWithSurfaceRotationAndGravity, GetSurfaceBufferOpaque:0
09-28 17:51:20.188   818   818 E C02515/DISP: [0;32;31m[GetMetadata:109] <private> is not supported[m
09-28 17:51:20.188   818   818 E C01406/skia: RSBaseRenderUtil::DealWithSurfaceRotationAndGravity, GetSurfaceBufferOpaque:0
09-28 17:51:20.188   818   818 E C02515/DISP: [0;32;31m[GetMetadata:109] <private> is not supported[m
09-28 17:51:20.190   818  1137 E C02515/DISP: [0;32;31m[SetMetadata:102] <private> is not supported[m
09-28 17:51:20.190   818  1137 E C02515/METADATA_SRV: [0;32;31m[SetMetadata:136]  fail[m
09-28 17:51:20.190   818  1137 E C01401/Bufferqueue: <surface_buffer_impl.cpp:714-SetMetadata>: SetMetadata Failed with -5
09-28 17:51:20.190   818  1137 E C01406/skia: SurfaceNodeDrawable DrawCommSurfaceWatermark Name:BackgroundBlurView2 Id:8933531975688 water mark count is zero
09-28 17:51:20.190   818  1137 E C01406/skia: RSBaseRenderUtil::DealWithSurfaceRotationAndGravity, GetSurfaceBufferOpaque:0
09-28 17:51:20.191   818  1137 I C01406/WRAP: AHardwareBuffer_createFromHandle index = <private> handle = <private>, ahb = <private>
09-28 17:51:20.191   818  1137 E C01406/skia: SurfaceNodeDrawable DrawCommSurfaceWatermark Name:AdapterActivityContent Id:50813758078979 water mark count is zero
09-28 17:51:20.191   818  1137 E C01406/skia: RSBaseRenderUtil::DealWithSurfaceRotationAndGravity, GetSurfaceBufferOpaque:0
09-28 17:51:20.191   818  1137 I C01406/WRAP: AHardwareBuffer_createFromHandle index = <private> handle = <private>, ahb = <private>
09-28 17:51:20.191   818  1137 E C01406/skia: SurfaceNodeDrawable DrawCommSurfaceWatermark Name:AdapterSurfaceView Id:50813758078980 water mark count is zero
09-28 17:51:20.191   818  1137 E C01406/skia: SurfaceNodeDrawable DrawCommSurfaceWatermark Name:com.a2hlab.bridge.zigzag/com.unity3d.player.UnityPlayerActivity Id:50813758078977 water mark count is zero
09-28 17:51:20.191   818  1137 E C01406/skia: SurfaceNodeDrawable DrawCommSurfaceWatermark Name:WindowScene_zigzag33 Id:8933531976525 water mark count is zero
09-28 17:51:20.191   818  1137 E C01406/skia: SurfaceNodeDrawable DrawCommSurfaceWatermark Name:SCBGestureNavBar13 Id:8933531975827 water mark count is zero
09-28 17:51:20.192   818  1137 E C01406/skia: SurfaceNodeDrawable DrawCommSurfaceWatermark Name:SCBStatusBar15 Id:8933531975907 water mark count is zero
09-28 17:51:20.194   818  1137 E C02515/DISP: [0;32;31m[GetMetadata:109] <private> is not supported[m
09-28 17:51:20.194   818  1137 E C02515/DISP: [0;32;31m[SetMetadata:102] <private> is not supported[m
09-28 17:51:20.194   818  1137 E C02515/METADATA_SRV: [0;32;31m[SetMetadata:136]  fail[m
09-28 17:51:20.194   818  1137 E C01401/Bufferqueue: <surface_buffer_impl.cpp:714-SetMetadata>: SetMetadata Failed with -5
09-28 17:51:20.194   818  1137 E C01406/skia: RSUniRenderComposerAdapter::SetBufferColorSpace set color space fail
09-28 17:51:20.203 11831 12054 I C00f00/OH_DER_VSync: onOhVsync ENTRY ts=<private> data=<private>
09-28 17:51:20.203 11831 12052 I C00f00/OH_DER_VSync: scheduleVsync ENTRY receiverPtr=0x<private>
09-28 17:51:20.203 11831 12052 I C00f00/OH_DER_VSync: scheduleVsync calling RequestFrame ohVsync=<private>
09-28 17:51:20.204 11831 12052 I C00f00/OH_DER_VSync: scheduleVsync RequestFrame rc=<private>
09-28 17:51:20.205   818  1132 E C02515/DISP: [0;32;31m[SetMetadata:102] <private> is not supported[m
09-28 17:51:20.205   818  1132 E C02515/METADATA_SRV: [0;32;31m[SetMetadata:136]  fail[m
09-28 17:51:20.205   818  1132 E C01401/Bufferqueue: <surface_buffer_impl.cpp:714-SetMetadata>: SetMetadata Failed with -5
09-28 17:51:20.206   793  4141 E C02515/DISP: [0;32;31m[SetLayerMaskInfo@display_composer_vdi_impl.cpp:404] <private> is not supported[m
09-28 17:51:20.207   818  1228 E C02515/DISP: [0;32;31m[SetMetadata:102] <private> is not supported[m
09-28 17:51:20.207   818  1228 E C02515/METADATA_SRV: [0;32;31m[SetMetadata:136]  fail[m
09-28 17:51:20.207   818  1228 E C01401/Bufferqueue: <surface_buffer_impl.cpp:714-SetMetadata>: SetMetadata Failed with -5
09-28 17:51:20.207   793  4141 E C02515/DISP: [0;32;31m[SetDisplayClientDamage@display_composer_vdi_impl.cpp:179] <private> is not supported[m
09-28 17:51:20.220 11831 12054 I C00f00/OH_DER_VSync: onOhVsync ENTRY ts=<private> data=<private>
09-28 17:51:20.220 11831 12052 I C00f00/OH_DER_VSync: scheduleVsync ENTRY receiverPtr=0x<private>
09-28 17:51:20.220 11831 12052 I C00f00/OH_DER_VSync: scheduleVsync calling RequestFrame ohVsync=<private>
09-28 17:51:20.220   818   818 E C02515/DISP: [0;32;31m[GetMetadata:109] <private> is not supported[m
09-28 17:51:20.220   818   818 E C02515/DISP: [0;32;31m[GetMetadata:109] <private> is not supported[m
09-28 17:51:20.220 11831 12052 I C00f00/OH_DER_VSync: scheduleVsync RequestFrame rc=<private>
09-28 17:51:20.220   818   818 E C02515/DISP: [0;32;31m[GetMetadata:109] <private> is not supported[m
09-28 17:51:20.221   818   818 E C01406/skia: RSBaseRenderUtil::DealWithSurfaceRotationAndGravity, GetSurfaceBufferOpaque:0
09-28 17:51:20.221   818   818 E C02515/DISP: [0;32;31m[GetMetadata:109] <private> is not supported[m
09-28 17:51:20.222   818   818 E C01406/skia: RSBaseRenderUtil::DealWithSurfaceRotationAndGravity, GetSurfaceBufferOpaque:0
09-28 17:51:20.222   818   818 E C02515/DISP: [0;32;31m[GetMetadata:109] <private> is not supported[m
09-28 17:51:20.223   818  1137 E C02515/DISP: [0;32;31m[SetMetadata:102] <private> is not supported[m
09-28 17:51:20.223   818  1137 E C02515/METADATA_SRV: [0;32;31m[SetMetadata:136]  fail[m
09-28 17:51:20.223   818  1137 E C01401/Bufferqueue: <surface_buffer_impl.cpp:714-SetMetadata>: SetMetadata Failed with -5
09-28 17:51:20.224   818  1137 E C01406/skia: SurfaceNodeDrawable DrawCommSurfaceWatermark Name:BackgroundBlurView2 Id:8933531975688 water mark count is zero
09-28 17:51:20.224   818  1137 E C01406/skia: RSBaseRenderUtil::DealWithSurfaceRotationAndGravity, GetSurfaceBufferOpaque:0
09-28 17:51:20.224   818  1137 I C01406/WRAP: AHardwareBuffer_createFromHandle index = <private> handle = <private>, ahb = <private>
09-28 17:51:20.224   818  1137 E C01406/skia: SurfaceNodeDrawable DrawCommSurfaceWatermark Name:AdapterActivityContent Id:50813758078979 water mark count is zero
09-28 17:51:20.224   818  1137 E C01406/skia: RSBaseRenderUtil::DealWithSurfaceRotationAndGravity, GetSurfaceBufferOpaque:0
09-28 17:51:20.224   818  1137 I C01406/WRAP: AHardwareBuffer_createFromHandle index = <private> handle = <private>, ahb = <private>
09-28 17:51:20.224   818  1137 E C01406/skia: SurfaceNodeDrawable DrawCommSurfaceWatermark Name:AdapterSurfaceView Id:50813758078980 water mark count is zero
09-28 17:51:20.224   818  1137 E C01406/skia: SurfaceNodeDrawable DrawCommSurfaceWatermark Name:com.a2hlab.bridge.zigzag/com.unity3d.player.UnityPlayerActivity Id:50813758078977 water mark count is zero
09-28 17:51:20.224   818  1137 E C01406/skia: SurfaceNodeDrawable DrawCommSurfaceWatermark Name:WindowScene_zigzag33 Id:8933531976525 water mark count is zero
09-28 17:51:20.225   818  1137 E C01406/skia: SurfaceNodeDrawable DrawCommSurfaceWatermark Name:SCBGestureNavBar13 Id:8933531975827 water mark count is zero
09-28 17:51:20.225   818  1137 E C01406/skia: SurfaceNodeDrawable DrawCommSurfaceWatermark Name:SCBStatusBar15 Id:8933531975907 water mark count is zero
09-28 17:51:20.226   818  1137 E C02515/DISP: [0;32;31m[GetMetadata:109] <private> is not supported[m
09-28 17:51:20.227   818  1137 E C02515/DISP: [0;32;31m[SetMetadata:102] <private> is not supported[m
09-28 17:51:20.227   818  1137 E C02515/METADATA_SRV: [0;32;31m[SetMetadata:136]  fail[m
09-28 17:51:20.227   818  1137 E C01401/Bufferqueue: <surface_buffer_impl.cpp:714-SetMetadata>: SetMetadata Failed with -5
09-28 17:51:20.227   818  1137 E C01406/skia: RSUniRenderComposerAdapter::SetBufferColorSpace set color space fail
09-28 17:51:20.237 11831 12054 I C00f00/OH_DER_VSync: onOhVsync ENTRY ts=<private> data=<private>
09-28 17:51:20.237 11831 12052 I C00f00/OH_DER_VSync: scheduleVsync ENTRY receiverPtr=0x<private>
09-28 17:51:20.237 11831 12052 I C00f00/OH_DER_VSync: scheduleVsync calling RequestFrame ohVsync=<private>
09-28 17:51:20.237 11831 12052 I C00f00/OH_DER_VSync: scheduleVsync RequestFrame rc=<private>
09-28 17:51:20.238   818  1132 E C02515/DISP: [0;32;31m[SetMetadata:102] <private> is not supported[m
09-28 17:51:20.238   818  1132 E C02515/METADATA_SRV: [0;32;31m[SetMetadata:136]  fail[m
09-28 17:51:20.238   818  1132 E C01401/Bufferqueue: <surface_buffer_impl.cpp:714-SetMetadata>: SetMetadata Failed with -5
09-28 17:51:20.239   793  4141 E C02515/DISP: [0;32;31m[SetLayerMaskInfo@display_composer_vdi_impl.cpp:404] <private> is not supported[m
09-28 17:51:20.239   818  1228 E C02515/DISP: [0;32;31m[SetMetadata:102] <private> is not supported[m
09-28 17:51:20.239   818  1228 E C02515/METADATA_SRV: [0;32;31m[SetMetadata:136]  fail[m
09-28 17:51:20.239   818  1228 E C01401/Bufferqueue: <surface_buffer_impl.cpp:714-SetMetadata>: SetMetadata Failed with -5
09-28 17:51:20.240   793  4141 E C02515/DISP: [0;32;31m[SetDisplayClientDamage@display_composer_vdi_impl.cpp:179] <private> is not supported[m
09-28 17:51:20.253 11831 12054 I C00f00/OH_DER_VSync: onOhVsync ENTRY ts=<private> data=<private>
09-28 17:51:20.253   818   818 E C02515/DISP: [0;32;31m[GetMetadata:109] <private> is not supported[m
09-28 17:51:20.253   818   818 E C02515/DISP: [0;32;31m[GetMetadata:109] <private> is not supported[m
09-28 17:51:20.253   818   818 E C02515/DISP: [0;32;31m[GetMetadata:109] <private> is not supported[m
09-28 17:51:20.253 11831 12052 I C00f00/OH_DER_VSync: scheduleVsync ENTRY receiverPtr=0x<private>
09-28 17:51:20.253 11831 12052 I C00f00/OH_DER_VSync: scheduleVsync calling RequestFrame ohVsync=<private>
09-28 17:51:20.254 11831 12052 I C00f00/OH_DER_VSync: scheduleVsync RequestFrame rc=<private>
09-28 17:51:20.254   818   818 E C01406/skia: RSBaseRenderUtil::DealWithSurfaceRotationAndGravity, GetSurfaceBufferOpaque:0
09-28 17:51:20.254   818   818 E C02515/DISP: [0;32;31m[GetMetadata:109] <private> is not supported[m
09-28 17:51:20.254   818   818 E C01406/skia: RSBaseRenderUtil::DealWithSurfaceRotationAndGravity, GetSurfaceBufferOpaque:0
09-28 17:51:20.254   818   818 E C02515/DISP: [0;32;31m[GetMetadata:109] <private> is not supported[m
09-28 17:51:20.255   818  1137 E C02515/DISP: [0;32;31m[SetMetadata:102] <private> is not supported[m
09-28 17:51:20.255   818  1137 E C02515/METADATA_SRV: [0;32;31m[SetMetadata:136]  fail[m
09-28 17:51:20.255   818  1137 E C01401/Bufferqueue: <surface_buffer_impl.cpp:714-SetMetadata>: SetMetadata Failed with -5
09-28 17:51:20.256   818  1137 E C01406/skia: SurfaceNodeDrawable DrawCommSurfaceWatermark Name:BackgroundBlurView2 Id:8933531975688 water mark count is zero
09-28 17:51:20.256   818  1137 E C01406/skia: RSBaseRenderUtil::DealWithSurfaceRotationAndGravity, GetSurfaceBufferOpaque:0
09-28 17:51:20.256   818  1137 I C01406/WRAP: AHardwareBuffer_createFromHandle index = <private> handle = <private>, ahb = <private>
09-28 17:51:20.256   818  1137 E C01406/skia: SurfaceNodeDrawable DrawCommSurfaceWatermark Name:AdapterActivityContent Id:50813758078979 water mark count is zero
09-28 17:51:20.256   818  1137 E C01406/skia: RSBaseRenderUtil::DealWithSurfaceRotationAndGravity, GetSurfaceBufferOpaque:0
09-28 17:51:20.256   818  1137 I C01406/WRAP: AHardwareBuffer_createFromHandle index = <private> handle = <private>, ahb = <private>
09-28 17:51:20.256   818  1137 E C01406/skia: SurfaceNodeDrawable DrawCommSurfaceWatermark Name:AdapterSurfaceView Id:50813758078980 water mark count is zero
09-28 17:51:20.256   818  1137 E C01406/skia: SurfaceNodeDrawable DrawCommSurfaceWatermark Name:com.a2hlab.bridge.zigzag/com.unity3d.player.UnityPlayerActivity Id:50813758078977 water mark count is zero
09-28 17:51:20.257   818  1137 E C01406/skia: SurfaceNodeDrawable DrawCommSurfaceWatermark Name:WindowScene_zigzag33 Id:8933531976525 water mark count is zero
09-28 17:51:20.257   818  1137 E C01406/skia: SurfaceNodeDrawable DrawCommSurfaceWatermark Name:SCBGestureNavBar13 Id:8933531975827 water mark count is zero
09-28 17:51:20.257   818  1137 E C01406/skia: SurfaceNodeDrawable DrawCommSurfaceWatermark Name:SCBStatusBar15 Id:8933531975907 water mark count is zero
09-28 17:51:20.259   818  1137 E C02515/DISP: [0;32;31m[GetMetadata:109] <private> is not supported[m
09-28 17:51:20.259   818  1137 E C02515/DISP: [0;32;31m[SetMetadata:102] <private> is not supported[m
09-28 17:51:20.259   818  1137 E C02515/METADATA_SRV: [0;32;31m[SetMetadata:136]  fail[m
09-28 17:51:20.259   818  1137 E C01401/Bufferqueue: <surface_buffer_impl.cpp:714-SetMetadata>: SetMetadata Failed with -5
09-28 17:51:20.259   818  1137 E C01406/skia: RSUniRenderComposerAdapter::SetBufferColorSpace set color space fail
09-28 17:51:20.268  1780  2009 E C01560/WifiNetLink: SendQoeCmd: open monitor_fd error, sockFd: -1, errno: 93
09-28 17:51:20.268  1780  2009 E C01560/WifiNetLink: SendQoeCmd: open monitor_fd error, sockFd: -1, errno: 93
09-28 17:51:20.270 11831 12054 I C00f00/OH_DER_VSync: onOhVsync ENTRY ts=<private> data=<private>
09-28 17:51:20.270 11831 12052 I C00f00/OH_DER_VSync: scheduleVsync ENTRY receiverPtr=0x<private>
09-28 17:51:20.270 11831 12052 I C00f00/OH_DER_VSync: scheduleVsync calling RequestFrame ohVsync=<private>
09-28 17:51:20.270 11831 12052 I C00f00/OH_DER_VSync: scheduleVsync RequestFrame rc=<private>
09-28 17:51:20.272   818  1132 E C02515/DISP: [0;32;31m[SetMetadata:102] <private> is not supported[m
09-28 17:51:20.272   818  1132 E C02515/METADATA_SRV: [0;32;31m[SetMetadata:136]  fail[m
09-28 17:51:20.272   818  1132 E C01401/Bufferqueue: <surface_buffer_impl.cpp:714-SetMetadata>: SetMetadata Failed with -5
09-28 17:51:20.272   793  4141 E C02515/DISP: [0;32;31m[SetLayerMaskInfo@display_composer_vdi_impl.cpp:404] <private> is not supported[m
09-28 17:51:20.272   818  1228 E C02515/DISP: [0;32;31m[SetMetadata:102] <private> is not supported[m
09-28 17:51:20.272   818  1228 E C02515/METADATA_SRV: [0;32;31m[SetMetadata:136]  fail[m
09-28 17:51:20.272   818  1228 E C01401/Bufferqueue: <surface_buffer_impl.cpp:714-SetMetadata>: SetMetadata Failed with -5
09-28 17:51:20.273   793  4141 E C02515/DISP: [0;32;31m[SetDisplayClientDamage@display_composer_vdi_impl.cpp:179] <private> is not supported[m
09-28 17:51:20.287 11831 12054 I C00f00/OH_DER_VSync: onOhVsync ENTRY ts=<private> data=<private>
09-28 17:51:20.287 11831 12052 I C00f00/OH_DER_VSync: scheduleVsync ENTRY receiverPtr=0x<private>
09-28 17:51:20.287   818   818 E C02515/DISP: [0;32;31m[GetMetadata:109] <private> is not supported[m
09-28 17:51:20.287 11831 12052 I C00f00/OH_DER_VSync: scheduleVsync calling RequestFrame ohVsync=<private>
09-28 17:51:20.287 11831 12052 I C00f00/OH_DER_VSync: scheduleVsync RequestFrame rc=<private>
09-28 17:51:20.287   818   818 E C02515/DISP: [0;32;31m[GetMetadata:109] <private> is not supported[m
09-28 17:51:20.287   818   818 E C02515/DISP: [0;32;31m[GetMetadata:109] <private> is not supported[m
09-28 17:51:20.288   818   818 E C01406/skia: RSBaseRenderUtil::DealWithSurfaceRotationAndGravity, GetSurfaceBufferOpaque:0
09-28 17:51:20.288   818   818 E C02515/DISP: [0;32;31m[GetMetadata:109] <private> is not supported[m
09-28 17:51:20.288   818   818 E C01406/skia: RSBaseRenderUtil::DealWithSurfaceRotationAndGravity, GetSurfaceBufferOpaque:0
09-28 17:51:20.288   818   818 E C02515/DISP: [0;32;31m[GetMetadata:109] <private> is not supported[m
09-28 17:51:20.290   818  1137 E C02515/DISP: [0;32;31m[SetMetadata:102] <private> is not supported[m
09-28 17:51:20.290   818  1137 E C02515/METADATA_SRV: [0;32;31m[SetMetadata:136]  fail[m
09-28 17:51:20.290   818  1137 E C01401/Bufferqueue: <surface_buffer_impl.cpp:714-SetMetadata>: SetMetadata Failed with -5
09-28 17:51:20.291   818  1137 E C01406/skia: SurfaceNodeDrawable DrawCommSurfaceWatermark Name:BackgroundBlurView2 Id:8933531975688 water mark count is zero
09-28 17:51:20.291   818  1137 E C01406/skia: RSBaseRenderUtil::DealWithSurfaceRotationAndGravity, GetSurfaceBufferOpaque:0
09-28 17:51:20.291   818  1137 I C01406/WRAP: AHardwareBuffer_createFromHandle index = <private> handle = <private>, ahb = <private>
09-28 17:51:20.291   818  1137 E C01406/skia: SurfaceNodeDrawable DrawCommSurfaceWatermark Name:AdapterActivityContent Id:50813758078979 water mark count is zero
09-28 17:51:20.291   818  1137 E C01406/skia: RSBaseRenderUtil::DealWithSurfaceRotationAndGravity, GetSurfaceBufferOpaque:0
09-28 17:51:20.291   818  1137 I C01406/WRAP: AHardwareBuffer_createFromHandle index = <private> handle = <private>, ahb = <private>
09-28 17:51:20.291   818  1137 E C01406/skia: SurfaceNodeDrawable DrawCommSurfaceWatermark Name:AdapterSurfaceView Id:50813758078980 water mark count is zero
09-28 17:51:20.291   818  1137 E C01406/skia: SurfaceNodeDrawable DrawCommSurfaceWatermark Name:com.a2hlab.bridge.zigzag/com.unity3d.player.UnityPlayerActivity Id:50813758078977 water mark count is zero
09-28 17:51:20.291   818  1137 E C01406/skia: SurfaceNodeDrawable DrawCommSurfaceWatermark Name:WindowScene_zigzag33 Id:8933531976525 water mark count is zero
09-28 17:51:20.292   818  1137 E C01406/skia: SurfaceNodeDrawable DrawCommSurfaceWatermark Name:SCBGestureNavBar13 Id:8933531975827 water mark count is zero
09-28 17:51:20.292   818  1137 E C01406/skia: SurfaceNodeDrawable DrawCommSurfaceWatermark Name:SCBStatusBar15 Id:8933531975907 water mark count is zero
09-28 17:51:20.293   818  1137 E C02515/DISP: [0;32;31m[GetMetadata:109] <private> is not supported[m
09-28 17:51:20.293   818  1137 E C02515/DISP: [0;32;31m[SetMetadata:102] <private> is not supported[m
09-28 17:51:20.293   818  1137 E C02515/METADATA_SRV: [0;32;31m[SetMetadata:136]  fail[m
09-28 17:51:20.293   818  1137 E C01401/Bufferqueue: <surface_buffer_impl.cpp:714-SetMetadata>: SetMetadata Failed with -5
09-28 17:51:20.293   818  1137 E C01406/skia: RSUniRenderComposerAdapter::SetBufferColorSpace set color space fail
09-28 17:51:20.303 11831 12054 I C00f00/OH_DER_VSync: onOhVsync ENTRY ts=<private> data=<private>
09-28 17:51:20.303 11831 12052 I C00f00/OH_DER_VSync: scheduleVsync ENTRY receiverPtr=0x<private>
09-28 17:51:20.303 11831 12052 I C00f00/OH_DER_VSync: scheduleVsync calling RequestFrame ohVsync=<private>
09-28 17:51:20.304 11831 12052 I C00f00/OH_DER_VSync: scheduleVsync RequestFrame rc=<private>
09-28 17:51:20.305   818  1132 E C02515/DISP: [0;32;31m[SetMetadata:102] <private> is not supported[m
09-28 17:51:20.305   818  1132 E C02515/METADATA_SRV: [0;32;31m[SetMetadata:136]  fail[m
09-28 17:51:20.305   818  1132 E C01401/Bufferqueue: <surface_buffer_impl.cpp:714-SetMetadata>: SetMetadata Failed with -5
09-28 17:51:20.306   793  4141 E C02515/DISP: [0;32;31m[SetLayerMaskInfo@display_composer_vdi_impl.cpp:404] <private> is not supported[m
09-28 17:51:20.306   818  1228 E C02515/DISP: [0;32;31m[SetMetadata:102] <private> is not supported[m
09-28 17:51:20.306   818  1228 E C02515/METADATA_SRV: [0;32;31m[SetMetadata:136]  fail[m
09-28 17:51:20.306   818  1228 E C01401/Bufferqueue: <surface_buffer_impl.cpp:714-SetMetadata>: SetMetadata Failed with -5
09-28 17:51:20.307   793  4141 E C02515/DISP: [0;32;31m[SetDisplayClientDamage@display_composer_vdi_impl.cpp:179] <private> is not supported[m
09-28 17:51:20.320 11831 12054 I C00f00/OH_DER_VSync: onOhVsync ENTRY ts=<private> data=<private>
09-28 17:51:20.320   818   818 E C02515/DISP: [0;32;31m[GetMetadata:109] <private> is not supported[m
09-28 17:51:20.320 11831 12052 I C00f00/OH_DER_VSync: scheduleVsync ENTRY receiverPtr=0x<private>
09-28 17:51:20.320 11831 12052 I C00f00/OH_DER_VSync: scheduleVsync calling RequestFrame ohVsync=<private>
09-28 17:51:20.320   818   818 E C02515/DISP: [0;32;31m[GetMetadata:109] <private> is not supported[m
09-28 17:51:20.320 11831 12052 I C00f00/OH_DER_VSync: scheduleVsync RequestFrame rc=<private>
09-28 17:51:20.320   818   818 E C02515/DISP: [0;32;31m[GetMetadata:109] <private> is not supported[m
09-28 17:51:20.321   818   818 E C01406/skia: RSBaseRenderUtil::DealWithSurfaceRotationAndGravity, GetSurfaceBufferOpaque:0
09-28 17:51:20.321   818   818 E C02515/DISP: [0;32;31m[GetMetadata:109] <private> is not supported[m
09-28 17:51:20.322   818   818 E C01406/skia: RSBaseRenderUtil::DealWithSurfaceRotationAndGravity, GetSurfaceBufferOpaque:0
09-28 17:51:20.322   818   818 E C02515/DISP: [0;32;31m[GetMetadata:109] <private> is not supported[m
09-28 17:51:20.324   818  1137 E C02515/DISP: [0;32;31m[SetMetadata:102] <private> is not supported[m
09-28 17:51:20.324   818  1137 E C02515/METADATA_SRV: [0;32;31m[SetMetadata:136]  fail[m
09-28 17:51:20.324   818  1137 E C01401/Bufferqueue: <surface_buffer_impl.cpp:714-SetMetadata>: SetMetadata Failed with -5
09-28 17:51:20.325   818  1137 E C01406/skia: SurfaceNodeDrawable DrawCommSurfaceWatermark Name:BackgroundBlurView2 Id:8933531975688 water mark count is zero
09-28 17:51:20.325   818  1137 E C01406/skia: RSBaseRenderUtil::DealWithSurfaceRotationAndGravity, GetSurfaceBufferOpaque:0
09-28 17:51:20.325   818  1137 I C01406/WRAP: AHardwareBuffer_createFromHandle index = <private> handle = <private>, ahb = <private>
09-28 17:51:20.326   818  1137 E C01406/skia: SurfaceNodeDrawable DrawCommSurfaceWatermark Name:AdapterActivityContent Id:50813758078979 water mark count is zero
09-28 17:51:20.326   818  1137 E C01406/skia: RSBaseRenderUtil::DealWithSurfaceRotationAndGravity, GetSurfaceBufferOpaque:0
09-28 17:51:20.326   818  1137 I C01406/WRAP: AHardwareBuffer_createFromHandle index = <private> handle = <private>, ahb = <private>
09-28 17:51:20.326   818  1137 E C01406/skia: SurfaceNodeDrawable DrawCommSurfaceWatermark Name:AdapterSurfaceView Id:50813758078980 water mark count is zero
09-28 17:51:20.326   818  1137 E C01406/skia: SurfaceNodeDrawable DrawCommSurfaceWatermark Name:com.a2hlab.bridge.zigzag/com.unity3d.player.UnityPlayerActivity Id:50813758078977 water mark count is zero
09-28 17:51:20.326   818  1137 E C01406/skia: SurfaceNodeDrawable DrawCommSurfaceWatermark Name:WindowScene_zigzag33 Id:8933531976525 water mark count is zero
09-28 17:51:20.327   818  1137 E C01406/skia: SurfaceNodeDrawable DrawCommSurfaceWatermark Name:SCBGestureNavBar13 Id:8933531975827 water mark count is zero
09-28 17:51:20.327   818  1137 E C01406/skia: SurfaceNodeDrawable DrawCommSurfaceWatermark Name:SCBStatusBar15 Id:8933531975907 water mark count is zero
09-28 17:51:20.330   818  1137 E C02515/DISP: [0;32;31m[GetMetadata:109] <private> is not supported[m
09-28 17:51:20.330   818  1137 E C02515/DISP: [0;32;31m[SetMetadata:102] <private> is not supported[m
09-28 17:51:20.330   818  1137 E C02515/METADATA_SRV: [0;32;31m[SetMetadata:136]  fail[m
09-28 17:51:20.330   818  1137 E C01401/Bufferqueue: <surface_buffer_impl.cpp:714-SetMetadata>: SetMetadata Failed with -5
09-28 17:51:20.330   818  1137 E C01406/skia: RSUniRenderComposerAdapter::SetBufferColorSpace set color space fail
09-28 17:51:20.337 11831 12054 I C00f00/OH_DER_VSync: onOhVsync ENTRY ts=<private> data=<private>
09-28 17:51:20.337 11831 12052 I C00f00/OH_DER_VSync: scheduleVsync ENTRY receiverPtr=0x<private>
09-28 17:51:20.337 11831 12052 I C00f00/OH_DER_VSync: scheduleVsync calling RequestFrame ohVsync=<private>
09-28 17:51:20.337 11831 12052 I C00f00/OH_DER_VSync: scheduleVsync RequestFrame rc=<private>
09-28 17:51:20.339   818  1132 E C02515/DISP: [0;32;31m[SetMetadata:102] <private> is not supported[m
09-28 17:51:20.339   818  1132 E C02515/METADATA_SRV: [0;32;31m[SetMetadata:136]  fail[m
09-28 17:51:20.339   818  1132 E C01401/Bufferqueue: <surface_buffer_impl.cpp:714-SetMetadata>: SetMetadata Failed with -5
09-28 17:51:20.339   793  4141 E C02515/DISP: [0;32;31m[SetLayerMaskInfo@display_composer_vdi_impl.cpp:404] <private> is not supported[m
09-28 17:51:20.339   818  1228 E C02515/DISP: [0;32;31m[SetMetadata:102] <private> is not supported[m
09-28 17:51:20.339   818  1228 E C02515/METADATA_SRV: [0;32;31m[SetMetadata:136]  fail[m
09-28 17:51:20.339   818  1228 E C01401/Bufferqueue: <surface_buffer_impl.cpp:714-SetMetadata>: SetMetadata Failed with -5
09-28 17:51:20.340   793  4141 E C02515/DISP: [0;32;31m[SetDisplayClientDamage@display_composer_vdi_impl.cpp:179] <private> is not supported[m
09-28 17:51:20.353 11831 12054 I C00f00/OH_DER_VSync: onOhVsync ENTRY ts=<private> data=<private>
09-28 17:51:20.353 11831 12052 I C00f00/OH_DER_VSync: scheduleVsync ENTRY receiverPtr=0x<private>
09-28 17:51:20.353 11831 12052 I C00f00/OH_DER_VSync: scheduleVsync calling RequestFrame ohVsync=<private>
09-28 17:51:20.354   818   818 E C02515/DISP: [0;32;31m[GetMetadata:109] <private> is not supported[m
09-28 17:51:20.354 11831 12052 I C00f00/OH_DER_VSync: scheduleVsync RequestFrame rc=<private>
09-28 17:51:20.354   818   818 E C02515/DISP: [0;32;31m[GetMetadata:109] <private> is not supported[m
09-28 17:51:20.354   818   818 E C02515/DISP: [0;32;31m[GetMetadata:109] <private> is not supported[m
09-28 17:51:20.355   818   818 E C01406/skia: RSBaseRenderUtil::DealWithSurfaceRotationAndGravity, GetSurfaceBufferOpaque:0
09-28 17:51:20.355   818   818 E C02515/DISP: [0;32;31m[GetMetadata:109] <private> is not supported[m
09-28 17:51:20.355   818   818 E C01406/skia: RSBaseRenderUtil::DealWithSurfaceRotationAndGravity, GetSurfaceBufferOpaque:0
09-28 17:51:20.355   818   818 E C02515/DISP: [0;32;31m[GetMetadata:109] <private> is not supported[m
09-28 17:51:20.357   818  1137 E C02515/DISP: [0;32;31m[SetMetadata:102] <private> is not supported[m
09-28 17:51:20.357   818  1137 E C02515/METADATA_SRV: [0;32;31m[SetMetadata:136]  fail[m
09-28 17:51:20.357   818  1137 E C01401/Bufferqueue: <surface_buffer_impl.cpp:714-SetMetadata>: SetMetadata Failed with -5
09-28 17:51:20.357   818  1137 E C01406/skia: SurfaceNodeDrawable DrawCommSurfaceWatermark Name:BackgroundBlurView2 Id:8933531975688 water mark count is zero
09-28 17:51:20.357   818  1137 E C01406/skia: RSBaseRenderUtil::DealWithSurfaceRotationAndGravity, GetSurfaceBufferOpaque:0
09-28 17:51:20.358   818  1137 I C01406/WRAP: AHardwareBuffer_createFromHandle index = <private> handle = <private>, ahb = <private>
09-28 17:51:20.358   818  1137 E C01406/skia: SurfaceNodeDrawable DrawCommSurfaceWatermark Name:AdapterActivityContent Id:50813758078979 water mark count is zero
09-28 17:51:20.358   818  1137 E C01406/skia: RSBaseRenderUtil::DealWithSurfaceRotationAndGravity, GetSurfaceBufferOpaque:0
09-28 17:51:20.358   818  1137 I C01406/WRAP: AHardwareBuffer_createFromHandle index = <private> handle = <private>, ahb = <private>
09-28 17:51:20.358   818  1137 E C01406/skia: SurfaceNodeDrawable DrawCommSurfaceWatermark Name:AdapterSurfaceView Id:50813758078980 water mark count is zero
09-28 17:51:20.358   818  1137 E C01406/skia: SurfaceNodeDrawable DrawCommSurfaceWatermark Name:com.a2hlab.bridge.zigzag/com.unity3d.player.UnityPlayerActivity Id:50813758078977 water mark count is zero
09-28 17:51:20.358   818  1137 E C01406/skia: SurfaceNodeDrawable DrawCommSurfaceWatermark Name:WindowScene_zigzag33 Id:8933531976525 water mark count is zero
09-28 17:51:20.358   818  1137 E C01406/skia: SurfaceNodeDrawable DrawCommSurfaceWatermark Name:SCBGestureNavBar13 Id:8933531975827 water mark count is zero
09-28 17:51:20.358   818  1137 E C01406/skia: SurfaceNodeDrawable DrawCommSurfaceWatermark Name:SCBStatusBar15 Id:8933531975907 water mark count is zero
09-28 17:51:20.361   818  1137 E C02515/DISP: [0;32;31m[GetMetadata:109] <private> is not supported[m
09-28 17:51:20.361   818  1137 E C02515/DISP: [0;32;31m[SetMetadata:102] <private> is not supported[m
09-28 17:51:20.361   818  1137 E C02515/METADATA_SRV: [0;32;31m[SetMetadata:136]  fail[m
09-28 17:51:20.361   818  1137 E C01401/Bufferqueue: <surface_buffer_impl.cpp:714-SetMetadata>: SetMetadata Failed with -5
09-28 17:51:20.361   818  1137 E C01406/skia: RSUniRenderComposerAdapter::SetBufferColorSpace set color space fail
09-28 17:51:20.370 11831 12054 I C00f00/OH_DER_VSync: onOhVsync ENTRY ts=<private> data=<private>
09-28 17:51:20.370 11831 12052 I C00f00/OH_DER_VSync: scheduleVsync ENTRY receiverPtr=0x<private>
09-28 17:51:20.370 11831 12052 I C00f00/OH_DER_VSync: scheduleVsync calling RequestFrame ohVsync=<private>
09-28 17:51:20.370 11831 12052 I C00f00/OH_DER_VSync: scheduleVsync RequestFrame rc=<private>
09-28 17:51:20.372   818  1132 E C02515/DISP: [0;32;31m[SetMetadata:102] <private> is not supported[m
09-28 17:51:20.372   818  1132 E C02515/METADATA_SRV: [0;32;31m[SetMetadata:136]  fail[m
09-28 17:51:20.372   818  1132 E C01401/Bufferqueue: <surface_buffer_impl.cpp:714-SetMetadata>: SetMetadata Failed with -5
09-28 17:51:20.373   793  4141 E C02515/DISP: [0;32;31m[SetLayerMaskInfo@display_composer_vdi_impl.cpp:404] <private> is not supported[m
09-28 17:51:20.373   818  1228 E C02515/DISP: [0;32;31m[SetMetadata:102] <private> is not supported[m
09-28 17:51:20.374   818  1228 E C02515/METADATA_SRV: [0;32;31m[SetMetadata:136]  fail[m
09-28 17:51:20.374   818  1228 E C01401/Bufferqueue: <surface_buffer_impl.cpp:714-SetMetadata>: SetMetadata Failed with -5
09-28 17:51:20.374   793  4141 E C02515/DISP: [0;32;31m[SetDisplayClientDamage@display_composer_vdi_impl.cpp:179] <private> is not supported[m
09-28 17:51:20.387 11831 12054 I C00f00/OH_DER_VSync: onOhVsync ENTRY ts=<private> data=<private>
09-28 17:51:20.387 11831 12052 I C00f00/OH_DER_VSync: scheduleVsync ENTRY receiverPtr=0x<private>
09-28 17:51:20.387   818   818 E C02515/DISP: [0;32;31m[GetMetadata:109] <private> is not supported[m
09-28 17:51:20.387 11831 12052 I C00f00/OH_DER_VSync: scheduleVsync calling RequestFrame ohVsync=<private>
09-28 17:51:20.387   818   818 E C02515/DISP: [0;32;31m[GetMetadata:109] <private> is not supported[m
09-28 17:51:20.387 11831 12052 I C00f00/OH_DER_VSync: scheduleVsync RequestFrame rc=<private>
09-28 17:51:20.387   818   818 E C02515/DISP: [0;32;31m[GetMetadata:109] <private> is not supported[m
09-28 17:51:20.388   818   818 E C01406/skia: RSBaseRenderUtil::DealWithSurfaceRotationAndGravity, GetSurfaceBufferOpaque:0
09-28 17:51:20.388   818   818 E C02515/DISP: [0;32;31m[GetMetadata:109] <private> is not supported[m
09-28 17:51:20.388   818   818 E C01406/skia: RSBaseRenderUtil::DealWithSurfaceRotationAndGravity, GetSurfaceBufferOpaque:0
09-28 17:51:20.388   818   818 E C02515/DISP: [0;32;31m[GetMetadata:109] <private> is not supported[m
09-28 17:51:20.390   818  1137 E C02515/DISP: [0;32;31m[SetMetadata:102] <private> is not supported[m
09-28 17:51:20.390   818  1137 E C02515/METADATA_SRV: [0;32;31m[SetMetadata:136]  fail[m
09-28 17:51:20.390   818  1137 E C01401/Bufferqueue: <surface_buffer_impl.cpp:714-SetMetadata>: SetMetadata Failed with -5
09-28 17:51:20.390   818  1137 E C01406/skia: SurfaceNodeDrawable DrawCommSurfaceWatermark Name:BackgroundBlurView2 Id:8933531975688 water mark count is zero
09-28 17:51:20.391   818  1137 E C01406/skia: RSBaseRenderUtil::DealWithSurfaceRotationAndGravity, GetSurfaceBufferOpaque:0
09-28 17:51:20.391   818  1137 I C01406/WRAP: AHardwareBuffer_createFromHandle index = <private> handle = <private>, ahb = <private>
09-28 17:51:20.391   818  1137 E C01406/skia: SurfaceNodeDrawable DrawCommSurfaceWatermark Name:AdapterActivityContent Id:50813758078979 water mark count is zero
09-28 17:51:20.391   818  1137 E C01406/skia: RSBaseRenderUtil::DealWithSurfaceRotationAndGravity, GetSurfaceBufferOpaque:0
09-28 17:51:20.391   818  1137 I C01406/WRAP: AHardwareBuffer_createFromHandle index = <private> handle = <private>, ahb = <private>
09-28 17:51:20.391   818  1137 E C01406/skia: SurfaceNodeDrawable DrawCommSurfaceWatermark Name:AdapterSurfaceView Id:50813758078980 water mark count is zero
09-28 17:51:20.391   818  1137 E C01406/skia: SurfaceNodeDrawable DrawCommSurfaceWatermark Name:com.a2hlab.bridge.zigzag/com.unity3d.player.UnityPlayerActivity Id:50813758078977 water mark count is zero
09-28 17:51:20.391   818  1137 E C01406/skia: SurfaceNodeDrawable DrawCommSurfaceWatermark Name:WindowScene_zigzag33 Id:8933531976525 water mark count is zero
09-28 17:51:20.392   818  1137 E C01406/skia: SurfaceNodeDrawable DrawCommSurfaceWatermark Name:SCBGestureNavBar13 Id:8933531975827 water mark count is zero
09-28 17:51:20.392   818  1137 E C01406/skia: SurfaceNodeDrawable DrawCommSurfaceWatermark Name:SCBStatusBar15 Id:8933531975907 water mark count is zero
09-28 17:51:20.394   818  1137 E C02515/DISP: [0;32;31m[GetMetadata:109] <private> is not supported[m
09-28 17:51:20.394   818  1137 E C02515/DISP: [0;32;31m[SetMetadata:102] <private> is not supported[m
09-28 17:51:20.394   818  1137 E C02515/METADATA_SRV: [0;32;31m[SetMetadata:136]  fail[m
09-28 17:51:20.394   818  1137 E C01401/Bufferqueue: <surface_buffer_impl.cpp:714-SetMetadata>: SetMetadata Failed with -5
09-28 17:51:20.394   818  1137 E C01406/skia: RSUniRenderComposerAdapter::SetBufferColorSpace set color space fail
09-28 17:51:20.403 11831 12054 I C00f00/OH_DER_VSync: onOhVsync ENTRY ts=<private> data=<private>
09-28 17:51:20.403 11831 12052 I C00f00/OH_DER_VSync: scheduleVsync ENTRY receiverPtr=0x<private>
09-28 17:51:20.404 11831 12052 I C00f00/OH_DER_VSync: scheduleVsync calling RequestFrame ohVsync=<private>
09-28 17:51:20.404 11831 12052 I C00f00/OH_DER_VSync: scheduleVsync RequestFrame rc=<private>
09-28 17:51:20.405   818  1132 E C02515/DISP: [0;32;31m[SetMetadata:102] <private> is not supported[m
09-28 17:51:20.405   818  1132 E C02515/METADATA_SRV: [0;32;31m[SetMetadata:136]  fail[m
09-28 17:51:20.405   818  1132 E C01401/Bufferqueue: <surface_buffer_impl.cpp:714-SetMetadata>: SetMetadata Failed with -5
09-28 17:51:20.406   793  4141 E C02515/DISP: [0;32;31m[SetLayerMaskInfo@display_composer_vdi_impl.cpp:404] <private> is not supported[m
09-28 17:51:20.407   818  1228 E C02515/DISP: [0;32;31m[SetMetadata:102] <private> is not supported[m
09-28 17:51:20.407   818  1228 E C02515/METADATA_SRV: [0;32;31m[SetMetadata:136]  fail[m
09-28 17:51:20.407   818  1228 E C01401/Bufferqueue: <surface_buffer_impl.cpp:714-SetMetadata>: SetMetadata Failed with -5
09-28 17:51:20.408   793  4141 E C02515/DISP: [0;32;31m[SetDisplayClientDamage@display_composer_vdi_impl.cpp:179] <private> is not supported[m
09-28 17:51:20.420 11831 12054 I C00f00/OH_DER_VSync: onOhVsync ENTRY ts=<private> data=<private>
09-28 17:51:20.420 11831 12052 I C00f00/OH_DER_VSync: scheduleVsync ENTRY receiverPtr=0x<private>
09-28 17:51:20.420   818   818 E C02515/DISP: [0;32;31m[GetMetadata:109] <private> is not supported[m
09-28 17:51:20.420 11831 12052 I C00f00/OH_DER_VSync: scheduleVsync calling RequestFrame ohVsync=<private>
09-28 17:51:20.420   818   818 E C02515/DISP: [0;32;31m[GetMetadata:109] <private> is not supported[m
09-28 17:51:20.420 11831 12052 I C00f00/OH_DER_VSync: scheduleVsync RequestFrame rc=<private>
09-28 17:51:20.420   818   818 E C02515/DISP: [0;32;31m[GetMetadata:109] <private> is not supported[m
09-28 17:51:20.422   818   818 E C01406/skia: RSBaseRenderUtil::DealWithSurfaceRotationAndGravity, GetSurfaceBufferOpaque:0
09-28 17:51:20.422   818   818 E C02515/DISP: [0;32;31m[GetMetadata:109] <private> is not supported[m
09-28 17:51:20.422   818   818 E C01406/skia: RSBaseRenderUtil::DealWithSurfaceRotationAndGravity, GetSurfaceBufferOpaque:0
09-28 17:51:20.422   818   818 E C02515/DISP: [0;32;31m[GetMetadata:109] <private> is not supported[m
09-28 17:51:20.423   818  1137 E C02515/DISP: [0;32;31m[SetMetadata:102] <private> is not supported[m
09-28 17:51:20.423   818  1137 E C02515/METADATA_SRV: [0;32;31m[SetMetadata:136]  fail[m
09-28 17:51:20.423   818  1137 E C01401/Bufferqueue: <surface_buffer_impl.cpp:714-SetMetadata>: SetMetadata Failed with -5
09-28 17:51:20.424   818  1137 E C01406/skia: SurfaceNodeDrawable DrawCommSurfaceWatermark Name:BackgroundBlurView2 Id:8933531975688 water mark count is zero
09-28 17:51:20.424   818  1137 E C01406/skia: RSBaseRenderUtil::DealWithSurfaceRotationAndGravity, GetSurfaceBufferOpaque:0
09-28 17:51:20.424   818  1137 I C01406/WRAP: AHardwareBuffer_createFromHandle index = <private> handle = <private>, ahb = <private>
09-28 17:51:20.424   818  1137 E C01406/skia: SurfaceNodeDrawable DrawCommSurfaceWatermark Name:AdapterActivityContent Id:50813758078979 water mark count is zero
09-28 17:51:20.424   818  1137 E C01406/skia: RSBaseRenderUtil::DealWithSurfaceRotationAndGravity, GetSurfaceBufferOpaque:0
09-28 17:51:20.424   818  1137 I C01406/WRAP: AHardwareBuffer_createFromHandle index = <private> handle = <private>, ahb = <private>
09-28 17:51:20.425   818  1137 E C01406/skia: SurfaceNodeDrawable DrawCommSurfaceWatermark Name:AdapterSurfaceView Id:50813758078980 water mark count is zero
09-28 17:51:20.425   818  1137 E C01406/skia: SurfaceNodeDrawable DrawCommSurfaceWatermark Name:com.a2hlab.bridge.zigzag/com.unity3d.player.UnityPlayerActivity Id:50813758078977 water mark count is zero
09-28 17:51:20.425   818  1137 E C01406/skia: SurfaceNodeDrawable DrawCommSurfaceWatermark Name:WindowScene_zigzag33 Id:8933531976525 water mark count is zero
09-28 17:51:20.425   818  1137 E C01406/skia: SurfaceNodeDrawable DrawCommSurfaceWatermark Name:SCBGestureNavBar13 Id:8933531975827 water mark count is zero
09-28 17:51:20.425   818  1137 E C01406/skia: SurfaceNodeDrawable DrawCommSurfaceWatermark Name:SCBStatusBar15 Id:8933531975907 water mark count is zero
09-28 17:51:20.427   818  1137 E C02515/DISP: [0;32;31m[GetMetadata:109] <private> is not supported[m
09-28 17:51:20.427   818  1137 E C02515/DISP: [0;32;31m[SetMetadata:102] <private> is not supported[m
09-28 17:51:20.427   818  1137 E C02515/METADATA_SRV: [0;32;31m[SetMetadata:136]  fail[m
09-28 17:51:20.427   818  1137 E C01401/Bufferqueue: <surface_buffer_impl.cpp:714-SetMetadata>: SetMetadata Failed with -5
09-28 17:51:20.427   818  1137 E C01406/skia: RSUniRenderComposerAdapter::SetBufferColorSpace set color space fail
09-28 17:51:20.437 11831 12054 I C00f00/OH_DER_VSync: onOhVsync ENTRY ts=<private> data=<private>
09-28 17:51:20.437 11831 12052 I C00f00/OH_DER_VSync: scheduleVsync ENTRY receiverPtr=0x<private>
09-28 17:51:20.437 11831 12052 I C00f00/OH_DER_VSync: scheduleVsync calling RequestFrame ohVsync=<private>
09-28 17:51:20.437 11831 12052 I C00f00/OH_DER_VSync: scheduleVsync RequestFrame rc=<private>
09-28 17:51:20.438   818  1132 E C02515/DISP: [0;32;31m[SetMetadata:102] <private> is not supported[m
09-28 17:51:20.438   818  1132 E C02515/METADATA_SRV: [0;32;31m[SetMetadata:136]  fail[m
09-28 17:51:20.438   818  1132 E C01401/Bufferqueue: <surface_buffer_impl.cpp:714-SetMetadata>: SetMetadata Failed with -5
09-28 17:51:20.439   793  4141 E C02515/DISP: [0;32;31m[SetLayerMaskInfo@display_composer_vdi_impl.cpp:404] <private> is not supported[m
09-28 17:51:20.439   818  1228 E C02515/DISP: [0;32;31m[SetMetadata:102] <private> is not supported[m
09-28 17:51:20.439   818  1228 E C02515/METADATA_SRV: [0;32;31m[SetMetadata:136]  fail[m
09-28 17:51:20.439   818  1228 E C01401/Bufferqueue: <surface_buffer_impl.cpp:714-SetMetadata>: SetMetadata Failed with -5
09-28 17:51:20.440   793  4141 E C02515/DISP: [0;32;31m[SetDisplayClientDamage@display_composer_vdi_impl.cpp:179] <private> is not supported[m
09-28 17:51:20.453 11831 12054 I C00f00/OH_DER_VSync: onOhVsync ENTRY ts=<private> data=<private>
09-28 17:51:20.453   818   818 E C02515/DISP: [0;32;31m[GetMetadata:109] <private> is not supported[m
09-28 17:51:20.454 11831 12052 I C00f00/OH_DER_VSync: scheduleVsync ENTRY receiverPtr=0x<private>
09-28 17:51:20.454 11831 12052 I C00f00/OH_DER_VSync: scheduleVsync calling RequestFrame ohVsync=<private>
09-28 17:51:20.454   818   818 E C02515/DISP: [0;32;31m[GetMetadata:109] <private> is not supported[m
09-28 17:51:20.454   818   818 E C02515/DISP: [0;32;31m[GetMetadata:109] <private> is not supported[m
09-28 17:51:20.454 11831 12052 I C00f00/OH_DER_VSync: scheduleVsync RequestFrame rc=<private>
09-28 17:51:20.455   818   818 E C01406/skia: RSBaseRenderUtil::DealWithSurfaceRotationAndGravity, GetSurfaceBufferOpaque:0
09-28 17:51:20.455   818   818 E C02515/DISP: [0;32;31m[GetMetadata:109] <private> is not supported[m
09-28 17:51:20.455   818   818 E C01406/skia: RSBaseRenderUtil::DealWithSurfaceRotationAndGravity, GetSurfaceBufferOpaque:0
09-28 17:51:20.455   818   818 E C02515/DISP: [0;32;31m[GetMetadata:109] <private> is not supported[m
09-28 17:51:20.457   818  1137 E C02515/DISP: [0;32;31m[SetMetadata:102] <private> is not supported[m
09-28 17:51:20.457   818  1137 E C02515/METADATA_SRV: [0;32;31m[SetMetadata:136]  fail[m
09-28 17:51:20.457   818  1137 E C01401/Bufferqueue: <surface_buffer_impl.cpp:714-SetMetadata>: SetMetadata Failed with -5
09-28 17:51:20.458   818  1137 E C01406/skia: SurfaceNodeDrawable DrawCommSurfaceWatermark Name:BackgroundBlurView2 Id:8933531975688 water mark count is zero
09-28 17:51:20.458   818  1137 E C01406/skia: RSBaseRenderUtil::DealWithSurfaceRotationAndGravity, GetSurfaceBufferOpaque:0
09-28 17:51:20.459   818  1137 I C01406/WRAP: AHardwareBuffer_createFromHandle index = <private> handle = <private>, ahb = <private>
09-28 17:51:20.459   818  1137 E C01406/skia: SurfaceNodeDrawable DrawCommSurfaceWatermark Name:AdapterActivityContent Id:50813758078979 water mark count is zero
09-28 17:51:20.459   818  1137 E C01406/skia: RSBaseRenderUtil::DealWithSurfaceRotationAndGravity, GetSurfaceBufferOpaque:0
09-28 17:51:20.459   818  1137 I C01406/WRAP: AHardwareBuffer_createFromHandle index = <private> handle = <private>, ahb = <private>
09-28 17:51:20.460   818  1137 E C01406/skia: SurfaceNodeDrawable DrawCommSurfaceWatermark Name:AdapterSurfaceView Id:50813758078980 water mark count is zero
09-28 17:51:20.460   818  1137 E C01406/skia: SurfaceNodeDrawable DrawCommSurfaceWatermark Name:com.a2hlab.bridge.zigzag/com.unity3d.player.UnityPlayerActivity Id:50813758078977 water mark count is zero
09-28 17:51:20.460   818  1137 E C01406/skia: SurfaceNodeDrawable DrawCommSurfaceWatermark Name:WindowScene_zigzag33 Id:8933531976525 water mark count is zero
09-28 17:51:20.461   818  1137 E C01406/skia: SurfaceNodeDrawable DrawCommSurfaceWatermark Name:SCBGestureNavBar13 Id:8933531975827 water mark count is zero
09-28 17:51:20.461   818  1137 E C01406/skia: SurfaceNodeDrawable DrawCommSurfaceWatermark Name:SCBStatusBar15 Id:8933531975907 water mark count is zero
09-28 17:51:20.463   818  1137 E C02515/DISP: [0;32;31m[GetMetadata:109] <private> is not supported[m
09-28 17:51:20.463   818  1137 E C02515/DISP: [0;32;31m[SetMetadata:102] <private> is not supported[m
09-28 17:51:20.463   818  1137 E C02515/METADATA_SRV: [0;32;31m[SetMetadata:136]  fail[m
09-28 17:51:20.463   818  1137 E C01401/Bufferqueue: <surface_buffer_impl.cpp:714-SetMetadata>: SetMetadata Failed with -5
09-28 17:51:20.463   818  1137 E C01406/skia: RSUniRenderComposerAdapter::SetBufferColorSpace set color space fail
09-28 17:51:20.470 11831 12054 I C00f00/OH_DER_VSync: onOhVsync ENTRY ts=<private> data=<private>
09-28 17:51:20.470 11831 12052 I C00f00/OH_DER_VSync: scheduleVsync ENTRY receiverPtr=0x<private>
09-28 17:51:20.470 11831 12052 I C00f00/OH_DER_VSync: scheduleVsync calling RequestFrame ohVsync=<private>
09-28 17:51:20.470 11831 12052 I C00f00/OH_DER_VSync: scheduleVsync RequestFrame rc=<private>
09-28 17:51:20.472   818  1132 E C02515/DISP: [0;32;31m[SetMetadata:102] <private> is not supported[m
09-28 17:51:20.472   818  1132 E C02515/METADATA_SRV: [0;32;31m[SetMetadata:136]  fail[m
09-28 17:51:20.472   818  1132 E C01401/Bufferqueue: <surface_buffer_impl.cpp:714-SetMetadata>: SetMetadata Failed with -5
09-28 17:51:20.473   793  4141 E C02515/DISP: [0;32;31m[SetLayerMaskInfo@display_composer_vdi_impl.cpp:404] <private> is not supported[m
09-28 17:51:20.473   818  1228 E C02515/DISP: [0;32;31m[SetMetadata:102] <private> is not supported[m
09-28 17:51:20.473   818  1228 E C02515/METADATA_SRV: [0;32;31m[SetMetadata:136]  fail[m
09-28 17:51:20.473   818  1228 E C01401/Bufferqueue: <surface_buffer_impl.cpp:714-SetMetadata>: SetMetadata Failed with -5
09-28 17:51:20.473   793  4141 E C02515/DISP: [0;32;31m[SetDisplayClientDamage@display_composer_vdi_impl.cpp:179] <private> is not supported[m
09-28 17:51:20.487 11831 12054 I C00f00/OH_DER_VSync: onOhVsync ENTRY ts=<private> data=<private>
09-28 17:51:20.487   818   818 E C02515/DISP: [0;32;31m[GetMetadata:109] <private> is not supported[m
09-28 17:51:20.487   818   818 E C02515/DISP: [0;32;31m[GetMetadata:109] <private> is not supported[m
09-28 17:51:20.487   818   818 E C02515/DISP: [0;32;31m[GetMetadata:109] <private> is not supported[m
09-28 17:51:20.487 11831 12052 I C00f00/OH_DER_VSync: scheduleVsync ENTRY receiverPtr=0x<private>
09-28 17:51:20.487 11831 12052 I C00f00/OH_DER_VSync: scheduleVsync calling RequestFrame ohVsync=<private>
09-28 17:51:20.487 11831 12052 I C00f00/OH_DER_VSync: scheduleVsync RequestFrame rc=<private>
09-28 17:51:20.487   818   818 E C01406/skia: RSBaseRenderUtil::DealWithSurfaceRotationAndGravity, GetSurfaceBufferOpaque:0
09-28 17:51:20.487   818   818 E C02515/DISP: [0;32;31m[GetMetadata:109] <private> is not supported[m
09-28 17:51:20.488   818   818 E C01406/skia: RSBaseRenderUtil::DealWithSurfaceRotationAndGravity, GetSurfaceBufferOpaque:0
09-28 17:51:20.488   818   818 E C02515/DISP: [0;32;31m[GetMetadata:109] <private> is not supported[m
09-28 17:51:20.489   818  1137 E C02515/DISP: [0;32;31m[SetMetadata:102] <private> is not supported[m
09-28 17:51:20.489   818  1137 E C02515/METADATA_SRV: [0;32;31m[SetMetadata:136]  fail[m
09-28 17:51:20.489   818  1137 E C01401/Bufferqueue: <surface_buffer_impl.cpp:714-SetMetadata>: SetMetadata Failed with -5
09-28 17:51:20.490   818  1137 E C01406/skia: SurfaceNodeDrawable DrawCommSurfaceWatermark Name:BackgroundBlurView2 Id:8933531975688 water mark count is zero
09-28 17:51:20.490   818  1137 E C01406/skia: RSBaseRenderUtil::DealWithSurfaceRotationAndGravity, GetSurfaceBufferOpaque:0
09-28 17:51:20.490   818  1137 I C01406/WRAP: AHardwareBuffer_createFromHandle index = <private> handle = <private>, ahb = <private>
09-28 17:51:20.491   818  1137 E C01406/skia: SurfaceNodeDrawable DrawCommSurfaceWatermark Name:AdapterActivityContent Id:50813758078979 water mark count is zero
09-28 17:51:20.491   818  1137 E C01406/skia: RSBaseRenderUtil::DealWithSurfaceRotationAndGravity, GetSurfaceBufferOpaque:0
09-28 17:51:20.491   818  1137 I C01406/WRAP: AHardwareBuffer_createFromHandle index = <private> handle = <private>, ahb = <private>
09-28 17:51:20.491   818  1137 E C01406/skia: SurfaceNodeDrawable DrawCommSurfaceWatermark Name:AdapterSurfaceView Id:50813758078980 water mark count is zero
09-28 17:51:20.491   818  1137 E C01406/skia: SurfaceNodeDrawable DrawCommSurfaceWatermark Name:com.a2hlab.bridge.zigzag/com.unity3d.player.UnityPlayerActivity Id:50813758078977 water mark count is zero
09-28 17:51:20.491   818  1137 E C01406/skia: SurfaceNodeDrawable DrawCommSurfaceWatermark Name:WindowScene_zigzag33 Id:8933531976525 water mark count is zero
09-28 17:51:20.492   818  1137 E C01406/skia: SurfaceNodeDrawable DrawCommSurfaceWatermark Name:SCBGestureNavBar13 Id:8933531975827 water mark count is zero
09-28 17:51:20.492   818  1137 E C01406/skia: SurfaceNodeDrawable DrawCommSurfaceWatermark Name:SCBStatusBar15 Id:8933531975907 water mark count is zero
09-28 17:51:20.495   818  1137 E C02515/DISP: [0;32;31m[GetMetadata:109] <private> is not supported[m
09-28 17:51:20.495   818  1137 E C02515/DISP: [0;32;31m[SetMetadata:102] <private> is not supported[m
09-28 17:51:20.495   818  1137 E C02515/METADATA_SRV: [0;32;31m[SetMetadata:136]  fail[m
09-28 17:51:20.495   818  1137 E C01401/Bufferqueue: <surface_buffer_impl.cpp:714-SetMetadata>: SetMetadata Failed with -5
09-28 17:51:20.495   818  1137 E C01406/skia: RSUniRenderComposerAdapter::SetBufferColorSpace set color space fail
09-28 17:51:20.503 11831 12054 I C00f00/OH_DER_VSync: onOhVsync ENTRY ts=<private> data=<private>
09-28 17:51:20.504 11831 12052 I C00f00/OH_DER_VSync: scheduleVsync ENTRY receiverPtr=0x<private>
09-28 17:51:20.504 11831 12052 I C00f00/OH_DER_VSync: scheduleVsync calling RequestFrame ohVsync=<private>
09-28 17:51:20.504 11831 12052 I C00f00/OH_DER_VSync: scheduleVsync RequestFrame rc=<private>
09-28 17:51:20.506   818  1132 E C02515/DISP: [0;32;31m[SetMetadata:102] <private> is not supported[m
09-28 17:51:20.506   818  1132 E C02515/METADATA_SRV: [0;32;31m[SetMetadata:136]  fail[m
09-28 17:51:20.506   818  1132 E C01401/Bufferqueue: <surface_buffer_impl.cpp:714-SetMetadata>: SetMetadata Failed with -5
09-28 17:51:20.506   793  4141 E C02515/DISP: [0;32;31m[SetLayerMaskInfo@display_composer_vdi_impl.cpp:404] <private> is not supported[m
09-28 17:51:20.507   818  1228 E C02515/DISP: [0;32;31m[SetMetadata:102] <private> is not supported[m
09-28 17:51:20.507   818  1228 E C02515/METADATA_SRV: [0;32;31m[SetMetadata:136]  fail[m
09-28 17:51:20.507   818  1228 E C01401/Bufferqueue: <surface_buffer_impl.cpp:714-SetMetadata>: SetMetadata Failed with -5
09-28 17:51:20.508   793  4141 E C02515/DISP: [0;32;31m[SetDisplayClientDamage@display_composer_vdi_impl.cpp:179] <private> is not supported[m
09-28 17:51:20.520 11831 12054 I C00f00/OH_DER_VSync: onOhVsync ENTRY ts=<private> data=<private>
09-28 17:51:20.520   818   818 E C02515/DISP: [0;32;31m[GetMetadata:109] <private> is not supported[m
09-28 17:51:20.520   818   818 E C02515/DISP: [0;32;31m[GetMetadata:109] <private> is not supported[m
09-28 17:51:20.520   818   818 E C02515/DISP: [0;32;31m[GetMetadata:109] <private> is not supported[m
09-28 17:51:20.520 11831 12052 I C00f00/OH_DER_VSync: scheduleVsync ENTRY receiverPtr=0x<private>
09-28 17:51:20.520 11831 12052 I C00f00/OH_DER_VSync: scheduleVsync calling RequestFrame ohVsync=<private>
09-28 17:51:20.520 11831 12052 I C00f00/OH_DER_VSync: scheduleVsync RequestFrame rc=<private>
09-28 17:51:20.521   818   818 E C01406/skia: RSBaseRenderUtil::DealWithSurfaceRotationAndGravity, GetSurfaceBufferOpaque:0
09-28 17:51:20.521   818   818 E C02515/DISP: [0;32;31m[GetMetadata:109] <private> is not supported[m
09-28 17:51:20.521   818   818 E C01406/skia: RSBaseRenderUtil::DealWithSurfaceRotationAndGravity, GetSurfaceBufferOpaque:0
09-28 17:51:20.521   818   818 E C02515/DISP: [0;32;31m[GetMetadata:109] <private> is not supported[m
09-28 17:51:20.522   818  1137 E C02515/DISP: [0;32;31m[SetMetadata:102] <private> is not supported[m
09-28 17:51:20.522   818  1137 E C02515/METADATA_SRV: [0;32;31m[SetMetadata:136]  fail[m
09-28 17:51:20.523   818  1137 E C01401/Bufferqueue: <surface_buffer_impl.cpp:714-SetMetadata>: SetMetadata Failed with -5
09-28 17:51:20.523   818  1137 E C01406/skia: SurfaceNodeDrawable DrawCommSurfaceWatermark Name:BackgroundBlurView2 Id:8933531975688 water mark count is zero
09-28 17:51:20.523   818  1137 E C01406/skia: RSBaseRenderUtil::DealWithSurfaceRotationAndGravity, GetSurfaceBufferOpaque:0
09-28 17:51:20.524   818  1137 I C01406/WRAP: AHardwareBuffer_createFromHandle index = <private> handle = <private>, ahb = <private>
09-28 17:51:20.524   818  1137 E C01406/skia: SurfaceNodeDrawable DrawCommSurfaceWatermark Name:AdapterActivityContent Id:50813758078979 water mark count is zero
09-28 17:51:20.524   818  1137 E C01406/skia: RSBaseRenderUtil::DealWithSurfaceRotationAndGravity, GetSurfaceBufferOpaque:0
09-28 17:51:20.525   818  1137 I C01406/WRAP: AHardwareBuffer_createFromHandle index = <private> handle = <private>, ahb = <private>
09-28 17:51:20.525   818  1137 E C01406/skia: SurfaceNodeDrawable DrawCommSurfaceWatermark Name:AdapterSurfaceView Id:50813758078980 water mark count is zero
09-28 17:51:20.525   818  1137 E C01406/skia: SurfaceNodeDrawable DrawCommSurfaceWatermark Name:com.a2hlab.bridge.zigzag/com.unity3d.player.UnityPlayerActivity Id:50813758078977 water mark count is zero
09-28 17:51:20.525   818  1137 E C01406/skia: SurfaceNodeDrawable DrawCommSurfaceWatermark Name:WindowScene_zigzag33 Id:8933531976525 water mark count is zero
09-28 17:51:20.526   818  1137 E C01406/skia: SurfaceNodeDrawable DrawCommSurfaceWatermark Name:SCBGestureNavBar13 Id:8933531975827 water mark count is zero
09-28 17:51:20.526   818  1137 E C01406/skia: SurfaceNodeDrawable DrawCommSurfaceWatermark Name:SCBStatusBar15 Id:8933531975907 water mark count is zero
09-28 17:51:20.528   818  1137 E C02515/DISP: [0;32;31m[GetMetadata:109] <private> is not supported[m
09-28 17:51:20.528   818  1137 E C02515/DISP: [0;32;31m[SetMetadata:102] <private> is not supported[m
09-28 17:51:20.528   818  1137 E C02515/METADATA_SRV: [0;32;31m[SetMetadata:136]  fail[m
09-28 17:51:20.528   818  1137 E C01401/Bufferqueue: <surface_buffer_impl.cpp:714-SetMetadata>: SetMetadata Failed with -5
09-28 17:51:20.528   818  1137 E C01406/skia: RSUniRenderComposerAdapter::SetBufferColorSpace set color space fail
09-28 17:51:20.537 11831 12054 I C00f00/OH_DER_VSync: onOhVsync ENTRY ts=<private> data=<private>
09-28 17:51:20.537 11831 12052 I C00f00/OH_DER_VSync: scheduleVsync ENTRY receiverPtr=0x<private>
09-28 17:51:20.537 11831 12052 I C00f00/OH_DER_VSync: scheduleVsync calling RequestFrame ohVsync=<private>
09-28 17:51:20.537 11831 12052 I C00f00/OH_DER_VSync: scheduleVsync RequestFrame rc=<private>
09-28 17:51:20.538   818  1132 E C02515/DISP: [0;32;31m[SetMetadata:102] <private> is not supported[m
09-28 17:51:20.538   818  1132 E C02515/METADATA_SRV: [0;32;31m[SetMetadata:136]  fail[m
09-28 17:51:20.539   818  1132 E C01401/Bufferqueue: <surface_buffer_impl.cpp:714-SetMetadata>: SetMetadata Failed with -5
09-28 17:51:20.540   793  4141 E C02515/DISP: [0;32;31m[SetLayerMaskInfo@display_composer_vdi_impl.cpp:404] <private> is not supported[m
09-28 17:51:20.540   818  1228 E C02515/DISP: [0;32;31m[SetMetadata:102] <private> is not supported[m
09-28 17:51:20.540   818  1228 E C02515/METADATA_SRV: [0;32;31m[SetMetadata:136]  fail[m
09-28 17:51:20.540   818  1228 E C01401/Bufferqueue: <surface_buffer_impl.cpp:714-SetMetadata>: SetMetadata Failed with -5
09-28 17:51:20.541   793  4141 E C02515/DISP: [0;32;31m[SetDisplayClientDamage@display_composer_vdi_impl.cpp:179] <private> is not supported[m
09-28 17:51:20.553 11831 12054 I C00f00/OH_DER_VSync: onOhVsync ENTRY ts=<private> data=<private>
09-28 17:51:20.554   818   818 E C02515/DISP: [0;32;31m[GetMetadata:109] <private> is not supported[m
09-28 17:51:20.554 11831 12052 I C00f00/OH_DER_VSync: scheduleVsync ENTRY receiverPtr=0x<private>
09-28 17:51:20.554 11831 12052 I C00f00/OH_DER_VSync: scheduleVsync calling RequestFrame ohVsync=<private>
09-28 17:51:20.554   818   818 E C02515/DISP: [0;32;31m[GetMetadata:109] <private> is not supported[m
09-28 17:51:20.554 11831 12052 I C00f00/OH_DER_VSync: scheduleVsync RequestFrame rc=<private>
09-28 17:51:20.554   818   818 E C02515/DISP: [0;32;31m[GetMetadata:109] <private> is not supported[m
09-28 17:51:20.555   818   818 E C01406/skia: RSBaseRenderUtil::DealWithSurfaceRotationAndGravity, GetSurfaceBufferOpaque:0
09-28 17:51:20.555   818   818 E C02515/DISP: [0;32;31m[GetMetadata:109] <private> is not supported[m
09-28 17:51:20.555   818   818 E C01406/skia: RSBaseRenderUtil::DealWithSurfaceRotationAndGravity, GetSurfaceBufferOpaque:0
09-28 17:51:20.555   818   818 E C02515/DISP: [0;32;31m[GetMetadata:109] <private> is not supported[m
09-28 17:51:20.557   818  1137 E C02515/DISP: [0;32;31m[SetMetadata:102] <private> is not supported[m
09-28 17:51:20.557   818  1137 E C02515/METADATA_SRV: [0;32;31m[SetMetadata:136]  fail[m
09-28 17:51:20.557   818  1137 E C01401/Bufferqueue: <surface_buffer_impl.cpp:714-SetMetadata>: SetMetadata Failed with -5
09-28 17:51:20.558   818  1137 E C01406/skia: SurfaceNodeDrawable DrawCommSurfaceWatermark Name:BackgroundBlurView2 Id:8933531975688 water mark count is zero
09-28 17:51:20.558   818  1137 E C01406/skia: RSBaseRenderUtil::DealWithSurfaceRotationAndGravity, GetSurfaceBufferOpaque:0
09-28 17:51:20.559   818  1137 I C01406/WRAP: AHardwareBuffer_createFromHandle index = <private> handle = <private>, ahb = <private>
09-28 17:51:20.559   818  1137 E C01406/skia: SurfaceNodeDrawable DrawCommSurfaceWatermark Name:AdapterActivityContent Id:50813758078979 water mark count is zero
09-28 17:51:20.559   818  1137 E C01406/skia: RSBaseRenderUtil::DealWithSurfaceRotationAndGravity, GetSurfaceBufferOpaque:0
09-28 17:51:20.559   818  1137 I C01406/WRAP: AHardwareBuffer_createFromHandle index = <private> handle = <private>, ahb = <private>
09-28 17:51:20.560   818  1137 E C01406/skia: SurfaceNodeDrawable DrawCommSurfaceWatermark Name:AdapterSurfaceView Id:50813758078980 water mark count is zero
09-28 17:51:20.560   818  1137 E C01406/skia: SurfaceNodeDrawable DrawCommSurfaceWatermark Name:com.a2hlab.bridge.zigzag/com.unity3d.player.UnityPlayerActivity Id:50813758078977 water mark count is zero
09-28 17:51:20.560   818  1137 E C01406/skia: SurfaceNodeDrawable DrawCommSurfaceWatermark Name:WindowScene_zigzag33 Id:8933531976525 water mark count is zero
09-28 17:51:20.561   818  1137 E C01406/skia: SurfaceNodeDrawable DrawCommSurfaceWatermark Name:SCBGestureNavBar13 Id:8933531975827 water mark count is zero
09-28 17:51:20.561   818  1137 E C01406/skia: SurfaceNodeDrawable DrawCommSurfaceWatermark Name:SCBStatusBar15 Id:8933531975907 water mark count is zero
09-28 17:51:20.563   818  1137 E C02515/DISP: [0;32;31m[GetMetadata:109] <private> is not supported[m
09-28 17:51:20.563   818  1137 E C02515/DISP: [0;32;31m[SetMetadata:102] <private> is not supported[m
09-28 17:51:20.563   818  1137 E C02515/METADATA_SRV: [0;32;31m[SetMetadata:136]  fail[m
09-28 17:51:20.563   818  1137 E C01401/Bufferqueue: <surface_buffer_impl.cpp:714-SetMetadata>: SetMetadata Failed with -5
09-28 17:51:20.563   818  1137 E C01406/skia: RSUniRenderComposerAdapter::SetBufferColorSpace set color space fail
09-28 17:51:20.570 11831 12054 I C00f00/OH_DER_VSync: onOhVsync ENTRY ts=<private> data=<private>
09-28 17:51:20.570 11831 12052 I C00f00/OH_DER_VSync: scheduleVsync ENTRY receiverPtr=0x<private>
09-28 17:51:20.570 11831 12052 I C00f00/OH_DER_VSync: scheduleVsync calling RequestFrame ohVsync=<private>
09-28 17:51:20.570 11831 12052 I C00f00/OH_DER_VSync: scheduleVsync RequestFrame rc=<private>
09-28 17:51:20.572   818  1132 E C02515/DISP: [0;32;31m[SetMetadata:102] <private> is not supported[m
09-28 17:51:20.572   818  1132 E C02515/METADATA_SRV: [0;32;31m[SetMetadata:136]  fail[m
09-28 17:51:20.572   818  1132 E C01401/Bufferqueue: <surface_buffer_impl.cpp:714-SetMetadata>: SetMetadata Failed with -5
09-28 17:51:20.573   793  4141 E C02515/DISP: [0;32;31m[SetLayerMaskInfo@display_composer_vdi_impl.cpp:404] <private> is not supported[m
09-28 17:51:20.573   818  1228 E C02515/DISP: [0;32;31m[SetMetadata:102] <private> is not supported[m
09-28 17:51:20.573   818  1228 E C02515/METADATA_SRV: [0;32;31m[SetMetadata:136]  fail[m
09-28 17:51:20.573   818  1228 E C01401/Bufferqueue: <surface_buffer_impl.cpp:714-SetMetadata>: SetMetadata Failed with -5
09-28 17:51:20.573   793  4141 E C02515/DISP: [0;32;31m[SetDisplayClientDamage@display_composer_vdi_impl.cpp:179] <private> is not supported[m
09-28 17:51:20.587 11831 12054 I C00f00/OH_DER_VSync: onOhVsync ENTRY ts=<private> data=<private>
09-28 17:51:20.587   818   818 E C02515/DISP: [0;32;31m[GetMetadata:109] <private> is not supported[m
09-28 17:51:20.587   818   818 E C02515/DISP: [0;32;31m[GetMetadata:109] <private> is not supported[m
09-28 17:51:20.587   818   818 E C02515/DISP: [0;32;31m[GetMetadata:109] <private> is not supported[m
09-28 17:51:20.587 11831 12052 I C00f00/OH_DER_VSync: scheduleVsync ENTRY receiverPtr=0x<private>
09-28 17:51:20.587 11831 12052 I C00f00/OH_DER_VSync: scheduleVsync calling RequestFrame ohVsync=<private>
09-28 17:51:20.587 11831 12052 I C00f00/OH_DER_VSync: scheduleVsync RequestFrame rc=<private>
09-28 17:51:20.587   818   818 E C01406/skia: RSBaseRenderUtil::DealWithSurfaceRotationAndGravity, GetSurfaceBufferOpaque:0
09-28 17:51:20.588   818   818 E C02515/DISP: [0;32;31m[GetMetadata:109] <private> is not supported[m
09-28 17:51:20.588   818   818 E C01406/skia: RSBaseRenderUtil::DealWithSurfaceRotationAndGravity, GetSurfaceBufferOpaque:0
09-28 17:51:20.588   818   818 E C02515/DISP: [0;32;31m[GetMetadata:109] <private> is not supported[m
09-28 17:51:20.589   818  1137 E C02515/DISP: [0;32;31m[SetMetadata:102] <private> is not supported[m
09-28 17:51:20.589   818  1137 E C02515/METADATA_SRV: [0;32;31m[SetMetadata:136]  fail[m
09-28 17:51:20.589   818  1137 E C01401/Bufferqueue: <surface_buffer_impl.cpp:714-SetMetadata>: SetMetadata Failed with -5
09-28 17:51:20.590   818  1137 E C01406/skia: SurfaceNodeDrawable DrawCommSurfaceWatermark Name:BackgroundBlurView2 Id:8933531975688 water mark count is zero
09-28 17:51:20.590   818  1137 E C01406/skia: RSBaseRenderUtil::DealWithSurfaceRotationAndGravity, GetSurfaceBufferOpaque:0
09-28 17:51:20.590   818  1137 I C01406/WRAP: AHardwareBuffer_createFromHandle index = <private> handle = <private>, ahb = <private>
09-28 17:51:20.591   818  1137 E C01406/skia: SurfaceNodeDrawable DrawCommSurfaceWatermark Name:AdapterActivityContent Id:50813758078979 water mark count is zero
09-28 17:51:20.591   818  1137 E C01406/skia: RSBaseRenderUtil::DealWithSurfaceRotationAndGravity, GetSurfaceBufferOpaque:0
09-28 17:51:20.591   818  1137 I C01406/WRAP: AHardwareBuffer_createFromHandle index = <private> handle = <private>, ahb = <private>
09-28 17:51:20.591   818  1137 E C01406/skia: SurfaceNodeDrawable DrawCommSurfaceWatermark Name:AdapterSurfaceView Id:50813758078980 water mark count is zero
09-28 17:51:20.591   818  1137 E C01406/skia: SurfaceNodeDrawable DrawCommSurfaceWatermark Name:com.a2hlab.bridge.zigzag/com.unity3d.player.UnityPlayerActivity Id:50813758078977 water mark count is zero
09-28 17:51:20.592   818  1137 E C01406/skia: SurfaceNodeDrawable DrawCommSurfaceWatermark Name:WindowScene_zigzag33 Id:8933531976525 water mark count is zero
09-28 17:51:20.592   818  1137 E C01406/skia: SurfaceNodeDrawable DrawCommSurfaceWatermark Name:SCBGestureNavBar13 Id:8933531975827 water mark count is zero
09-28 17:51:20.593   818  1137 E C01406/skia: SurfaceNodeDrawable DrawCommSurfaceWatermark Name:SCBStatusBar15 Id:8933531975907 water mark count is zero
09-28 17:51:20.595   818  1137 E C02515/DISP: [0;32;31m[GetMetadata:109] <private> is not supported[m
09-28 17:51:20.595   818  1137 E C02515/DISP: [0;32;31m[SetMetadata:102] <private> is not supported[m
09-28 17:51:20.595   818  1137 E C02515/METADATA_SRV: [0;32;31m[SetMetadata:136]  fail[m
09-28 17:51:20.595   818  1137 E C01401/Bufferqueue: <surface_buffer_impl.cpp:714-SetMetadata>: SetMetadata Failed with -5
09-28 17:51:20.595   818  1137 E C01406/skia: RSUniRenderComposerAdapter::SetBufferColorSpace set color space fail
09-28 17:51:20.603 11831 12054 I C00f00/OH_DER_VSync: onOhVsync ENTRY ts=<private> data=<private>
09-28 17:51:20.604 11831 12052 I C00f00/OH_DER_VSync: scheduleVsync ENTRY receiverPtr=0x<private>
09-28 17:51:20.604 11831 12052 I C00f00/OH_DER_VSync: scheduleVsync calling RequestFrame ohVsync=<private>
09-28 17:51:20.604 11831 12052 I C00f00/OH_DER_VSync: scheduleVsync RequestFrame rc=<private>
09-28 17:51:20.605   818  1132 E C02515/DISP: [0;32;31m[SetMetadata:102] <private> is not supported[m
09-28 17:51:20.605   818  1132 E C02515/METADATA_SRV: [0;32;31m[SetMetadata:136]  fail[m
09-28 17:51:20.605   818  1132 E C01401/Bufferqueue: <surface_buffer_impl.cpp:714-SetMetadata>: SetMetadata Failed with -5
09-28 17:51:20.607   793  4141 E C02515/DISP: [0;32;31m[SetLayerMaskInfo@display_composer_vdi_impl.cpp:404] <private> is not supported[m
09-28 17:51:20.607   818  1228 E C02515/DISP: [0;32;31m[SetMetadata:102] <private> is not supported[m
09-28 17:51:20.607   818  1228 E C02515/METADATA_SRV: [0;32;31m[SetMetadata:136]  fail[m
09-28 17:51:20.607   818  1228 E C01401/Bufferqueue: <surface_buffer_impl.cpp:714-SetMetadata>: SetMetadata Failed with -5
09-28 17:51:20.608   793  4141 E C02515/DISP: [0;32;31m[SetDisplayClientDamage@display_composer_vdi_impl.cpp:179] <private> is not supported[m
09-28 17:51:20.620 11831 12054 I C00f00/OH_DER_VSync: onOhVsync ENTRY ts=<private> data=<private>
09-28 17:51:20.620   818   818 E C02515/DISP: [0;32;31m[GetMetadata:109] <private> is not supported[m
09-28 17:51:20.620   818   818 E C02515/DISP: [0;32;31m[GetMetadata:109] <private> is not supported[m
09-28 17:51:20.620   818   818 E C02515/DISP: [0;32;31m[GetMetadata:109] <private> is not supported[m
09-28 17:51:20.620 11831 12052 I C00f00/OH_DER_VSync: scheduleVsync ENTRY receiverPtr=0x<private>
09-28 17:51:20.620 11831 12052 I C00f00/OH_DER_VSync: scheduleVsync calling RequestFrame ohVsync=<private>
09-28 17:51:20.621 11831 12052 I C00f00/OH_DER_VSync: scheduleVsync RequestFrame rc=<private>
09-28 17:51:20.621   818   818 E C01406/skia: RSBaseRenderUtil::DealWithSurfaceRotationAndGravity, GetSurfaceBufferOpaque:0
09-28 17:51:20.621   818   818 E C02515/DISP: [0;32;31m[GetMetadata:109] <private> is not supported[m
09-28 17:51:20.621   818   818 E C01406/skia: RSBaseRenderUtil::DealWithSurfaceRotationAndGravity, GetSurfaceBufferOpaque:0
09-28 17:51:20.621   818   818 E C02515/DISP: [0;32;31m[GetMetadata:109] <private> is not supported[m
09-28 17:51:20.622   818  1137 E C02515/DISP: [0;32;31m[SetMetadata:102] <private> is not supported[m
09-28 17:51:20.622   818  1137 E C02515/METADATA_SRV: [0;32;31m[SetMetadata:136]  fail[m
09-28 17:51:20.622   818  1137 E C01401/Bufferqueue: <surface_buffer_impl.cpp:714-SetMetadata>: SetMetadata Failed with -5
09-28 17:51:20.622   818  1137 E C01406/skia: SurfaceNodeDrawable DrawCommSurfaceWatermark Name:BackgroundBlurView2 Id:8933531975688 water mark count is zero
09-28 17:51:20.622   818  1137 E C01406/skia: RSBaseRenderUtil::DealWithSurfaceRotationAndGravity, GetSurfaceBufferOpaque:0
09-28 17:51:20.623   818  1137 I C01406/WRAP: AHardwareBuffer_createFromHandle index = <private> handle = <private>, ahb = <private>
09-28 17:51:20.623   818  1137 E C01406/skia: SurfaceNodeDrawable DrawCommSurfaceWatermark Name:AdapterActivityContent Id:50813758078979 water mark count is zero
09-28 17:51:20.623   818  1137 E C01406/skia: RSBaseRenderUtil::DealWithSurfaceRotationAndGravity, GetSurfaceBufferOpaque:0
09-28 17:51:20.623   818  1137 I C01406/WRAP: AHardwareBuffer_createFromHandle index = <private> handle = <private>, ahb = <private>
09-28 17:51:20.623   818  1137 E C01406/skia: SurfaceNodeDrawable DrawCommSurfaceWatermark Name:AdapterSurfaceView Id:50813758078980 water mark count is zero
09-28 17:51:20.623   818  1137 E C01406/skia: SurfaceNodeDrawable DrawCommSurfaceWatermark Name:com.a2hlab.bridge.zigzag/com.unity3d.player.UnityPlayerActivity Id:50813758078977 water mark count is zero
09-28 17:51:20.623   818  1137 E C01406/skia: SurfaceNodeDrawable DrawCommSurfaceWatermark Name:WindowScene_zigzag33 Id:8933531976525 water mark count is zero
09-28 17:51:20.624   818  1137 E C01406/skia: SurfaceNodeDrawable DrawCommSurfaceWatermark Name:SCBGestureNavBar13 Id:8933531975827 water mark count is zero
09-28 17:51:20.624   818  1137 E C01406/skia: SurfaceNodeDrawable DrawCommSurfaceWatermark Name:SCBStatusBar15 Id:8933531975907 water mark count is zero
09-28 17:51:20.625   818  1137 E C02515/DISP: [0;32;31m[GetMetadata:109] <private> is not supported[m
09-28 17:51:20.625   818  1137 E C02515/DISP: [0;32;31m[SetMetadata:102] <private> is not supported[m
09-28 17:51:20.625   818  1137 E C02515/METADATA_SRV: [0;32;31m[SetMetadata:136]  fail[m
09-28 17:51:20.625   818  1137 E C01401/Bufferqueue: <surface_buffer_impl.cpp:714-SetMetadata>: SetMetadata Failed with -5
09-28 17:51:20.625   818  1137 E C01406/skia: RSUniRenderComposerAdapter::SetBufferColorSpace set color space fail
09-28 17:51:20.637 11831 12054 I C00f00/OH_DER_VSync: onOhVsync ENTRY ts=<private> data=<private>
09-28 17:51:20.637 11831 12052 I C00f00/OH_DER_VSync: scheduleVsync ENTRY receiverPtr=0x<private>
09-28 17:51:20.637 11831 12052 I C00f00/OH_DER_VSync: scheduleVsync calling RequestFrame ohVsync=<private>
09-28 17:51:20.637 11831 12052 I C00f00/OH_DER_VSync: scheduleVsync RequestFrame rc=<private>
09-28 17:51:20.639   818  1132 E C02515/DISP: [0;32;31m[SetMetadata:102] <private> is not supported[m
09-28 17:51:20.639   818  1132 E C02515/METADATA_SRV: [0;32;31m[SetMetadata:136]  fail[m
09-28 17:51:20.639   818  1132 E C01401/Bufferqueue: <surface_buffer_impl.cpp:714-SetMetadata>: SetMetadata Failed with -5
09-28 17:51:20.640   793  4141 E C02515/DISP: [0;32;31m[SetLayerMaskInfo@display_composer_vdi_impl.cpp:404] <private> is not supported[m
09-28 17:51:20.640   818  1228 E C02515/DISP: [0;32;31m[SetMetadata:102] <private> is not supported[m
09-28 17:51:20.640   818  1228 E C02515/METADATA_SRV: [0;32;31m[SetMetadata:136]  fail[m
09-28 17:51:20.640   818  1228 E C01401/Bufferqueue: <surface_buffer_impl.cpp:714-SetMetadata>: SetMetadata Failed with -5
09-28 17:51:20.641   793  4141 E C02515/DISP: [0;32;31m[SetDisplayClientDamage@display_composer_vdi_impl.cpp:179] <private> is not supported[m
09-28 17:51:20.654 11831 12054 I C00f00/OH_DER_VSync: onOhVsync ENTRY ts=<private> data=<private>
09-28 17:51:20.654   818   818 E C02515/DISP: [0;32;31m[GetMetadata:109] <private> is not supported[m
09-28 17:51:20.654 11831 12052 I C00f00/OH_DER_VSync: scheduleVsync ENTRY receiverPtr=0x<private>
09-28 17:51:20.654 11831 12052 I C00f00/OH_DER_VSync: scheduleVsync calling RequestFrame ohVsync=<private>
09-28 17:51:20.654   818   818 E C02515/DISP: [0;32;31m[GetMetadata:109] <private> is not supported[m
09-28 17:51:20.654 11831 12052 I C00f00/OH_DER_VSync: scheduleVsync RequestFrame rc=<private>
09-28 17:51:20.654   818   818 E C02515/DISP: [0;32;31m[GetMetadata:109] <private> is not supported[m
09-28 17:51:20.655   818   818 E C01406/skia: RSBaseRenderUtil::DealWithSurfaceRotationAndGravity, GetSurfaceBufferOpaque:0
09-28 17:51:20.655   818   818 E C02515/DISP: [0;32;31m[GetMetadata:109] <private> is not supported[m
09-28 17:51:20.655   818   818 E C01406/skia: RSBaseRenderUtil::DealWithSurfaceRotationAndGravity, GetSurfaceBufferOpaque:0
09-28 17:51:20.655   818   818 E C02515/DISP: [0;32;31m[GetMetadata:109] <private> is not supported[m
09-28 17:51:20.657   818  1137 E C02515/DISP: [0;32;31m[SetMetadata:102] <private> is not supported[m
09-28 17:51:20.657   818  1137 E C02515/METADATA_SRV: [0;32;31m[SetMetadata:136]  fail[m
09-28 17:51:20.657   818  1137 E C01401/Bufferqueue: <surface_buffer_impl.cpp:714-SetMetadata>: SetMetadata Failed with -5
09-28 17:51:20.657   818  1137 E C01406/skia: SurfaceNodeDrawable DrawCommSurfaceWatermark Name:BackgroundBlurView2 Id:8933531975688 water mark count is zero
09-28 17:51:20.657   818  1137 E C01406/skia: RSBaseRenderUtil::DealWithSurfaceRotationAndGravity, GetSurfaceBufferOpaque:0
09-28 17:51:20.658   818  1137 I C01406/WRAP: AHardwareBuffer_createFromHandle index = <private> handle = <private>, ahb = <private>
09-28 17:51:20.658   818  1137 E C01406/skia: SurfaceNodeDrawable DrawCommSurfaceWatermark Name:AdapterActivityContent Id:50813758078979 water mark count is zero
09-28 17:51:20.658   818  1137 E C01406/skia: RSBaseRenderUtil::DealWithSurfaceRotationAndGravity, GetSurfaceBufferOpaque:0
09-28 17:51:20.658   818  1137 I C01406/WRAP: AHardwareBuffer_createFromHandle index = <private> handle = <private>, ahb = <private>
09-28 17:51:20.658   818  1137 E C01406/skia: SurfaceNodeDrawable DrawCommSurfaceWatermark Name:AdapterSurfaceView Id:50813758078980 water mark count is zero
09-28 17:51:20.658   818  1137 E C01406/skia: SurfaceNodeDrawable DrawCommSurfaceWatermark Name:com.a2hlab.bridge.zigzag/com.unity3d.player.UnityPlayerActivity Id:50813758078977 water mark count is zero
09-28 17:51:20.658   818  1137 E C01406/skia: SurfaceNodeDrawable DrawCommSurfaceWatermark Name:WindowScene_zigzag33 Id:8933531976525 water mark count is zero
09-28 17:51:20.659   818  1137 E C01406/skia: SurfaceNodeDrawable DrawCommSurfaceWatermark Name:SCBGestureNavBar13 Id:8933531975827 water mark count is zero
09-28 17:51:20.659   818  1137 E C01406/skia: SurfaceNodeDrawable DrawCommSurfaceWatermark Name:SCBStatusBar15 Id:8933531975907 water mark count is zero
09-28 17:51:20.660   818  1137 E C02515/DISP: [0;32;31m[GetMetadata:109] <private> is not supported[m
09-28 17:51:20.660   818  1137 E C02515/DISP: [0;32;31m[SetMetadata:102] <private> is not supported[m
09-28 17:51:20.660   818  1137 E C02515/METADATA_SRV: [0;32;31m[SetMetadata:136]  fail[m
09-28 17:51:20.660   818  1137 E C01401/Bufferqueue: <surface_buffer_impl.cpp:714-SetMetadata>: SetMetadata Failed with -5
09-28 17:51:20.660   818  1137 E C01406/skia: RSUniRenderComposerAdapter::SetBufferColorSpace set color space fail
09-28 17:51:20.670 11831 12054 I C00f00/OH_DER_VSync: onOhVsync ENTRY ts=<private> data=<private>
09-28 17:51:20.670 11831 12052 I C00f00/OH_DER_VSync: scheduleVsync ENTRY receiverPtr=0x<private>
09-28 17:51:20.670 11831 12052 I C00f00/OH_DER_VSync: scheduleVsync calling RequestFrame ohVsync=<private>
09-28 17:51:20.671 11831 12052 I C00f00/OH_DER_VSync: scheduleVsync RequestFrame rc=<private>
09-28 17:51:20.672   818  1132 E C02515/DISP: [0;32;31m[SetMetadata:102] <private> is not supported[m
09-28 17:51:20.672   818  1132 E C02515/METADATA_SRV: [0;32;31m[SetMetadata:136]  fail[m
09-28 17:51:20.672   818  1132 E C01401/Bufferqueue: <surface_buffer_impl.cpp:714-SetMetadata>: SetMetadata Failed with -5
09-28 17:51:20.673   793  4141 E C02515/DISP: [0;32;31m[SetLayerMaskInfo@display_composer_vdi_impl.cpp:404] <private> is not supported[m
09-28 17:51:20.673   818  1228 E C02515/DISP: [0;32;31m[SetMetadata:102] <private> is not supported[m
09-28 17:51:20.673   818  1228 E C02515/METADATA_SRV: [0;32;31m[SetMetadata:136]  fail[m
09-28 17:51:20.673   818  1228 E C01401/Bufferqueue: <surface_buffer_impl.cpp:714-SetMetadata>: SetMetadata Failed with -5
09-28 17:51:20.674   793  4141 E C02515/DISP: [0;32;31m[SetDisplayClientDamage@display_composer_vdi_impl.cpp:179] <private> is not supported[m
09-28 17:51:20.687 11831 12054 I C00f00/OH_DER_VSync: onOhVsync ENTRY ts=<private> data=<private>
09-28 17:51:20.687   818   818 E C02515/DISP: [0;32;31m[GetMetadata:109] <private> is not supported[m
09-28 17:51:20.687 11831 12052 I C00f00/OH_DER_VSync: scheduleVsync ENTRY receiverPtr=0x<private>
09-28 17:51:20.687 11831 12052 I C00f00/OH_DER_VSync: scheduleVsync calling RequestFrame ohVsync=<private>
09-28 17:51:20.687   818   818 E C02515/DISP: [0;32;31m[GetMetadata:109] <private> is not supported[m
09-28 17:51:20.687   818   818 E C02515/DISP: [0;32;31m[GetMetadata:109] <private> is not supported[m
09-28 17:51:20.687 11831 12052 I C00f00/OH_DER_VSync: scheduleVsync RequestFrame rc=<private>
09-28 17:51:20.688   818   818 E C01406/skia: RSBaseRenderUtil::DealWithSurfaceRotationAndGravity, GetSurfaceBufferOpaque:0
09-28 17:51:20.688   818   818 E C02515/DISP: [0;32;31m[GetMetadata:109] <private> is not supported[m
09-28 17:51:20.689   818   818 E C01406/skia: RSBaseRenderUtil::DealWithSurfaceRotationAndGravity, GetSurfaceBufferOpaque:0
09-28 17:51:20.689   818   818 E C02515/DISP: [0;32;31m[GetMetadata:109] <private> is not supported[m
09-28 17:51:20.690   818  1137 E C02515/DISP: [0;32;31m[SetMetadata:102] <private> is not supported[m
09-28 17:51:20.690   818  1137 E C02515/METADATA_SRV: [0;32;31m[SetMetadata:136]  fail[m
09-28 17:51:20.690   818  1137 E C01401/Bufferqueue: <surface_buffer_impl.cpp:714-SetMetadata>: SetMetadata Failed with -5
09-28 17:51:20.691   818  1137 E C01406/skia: SurfaceNodeDrawable DrawCommSurfaceWatermark Name:BackgroundBlurView2 Id:8933531975688 water mark count is zero
09-28 17:51:20.691   818  1137 E C01406/skia: RSBaseRenderUtil::DealWithSurfaceRotationAndGravity, GetSurfaceBufferOpaque:0
09-28 17:51:20.691   818  1137 I C01406/WRAP: AHardwareBuffer_createFromHandle index = <private> handle = <private>, ahb = <private>
09-28 17:51:20.691   818  1137 E C01406/skia: SurfaceNodeDrawable DrawCommSurfaceWatermark Name:AdapterActivityContent Id:50813758078979 water mark count is zero
09-28 17:51:20.691   818  1137 E C01406/skia: RSBaseRenderUtil::DealWithSurfaceRotationAndGravity, GetSurfaceBufferOpaque:0
09-28 17:51:20.691   818  1137 I C01406/WRAP: AHardwareBuffer_createFromHandle index = <private> handle = <private>, ahb = <private>
09-28 17:51:20.691   818  1137 E C01406/skia: SurfaceNodeDrawable DrawCommSurfaceWatermark Name:AdapterSurfaceView Id:50813758078980 water mark count is zero
09-28 17:51:20.691   818  1137 E C01406/skia: SurfaceNodeDrawable DrawCommSurfaceWatermark Name:com.a2hlab.bridge.zigzag/com.unity3d.player.UnityPlayerActivity Id:50813758078977 water mark count is zero
09-28 17:51:20.692   818  1137 E C01406/skia: SurfaceNodeDrawable DrawCommSurfaceWatermark Name:WindowScene_zigzag33 Id:8933531976525 water mark count is zero
09-28 17:51:20.692   818  1137 E C01406/skia: SurfaceNodeDrawable DrawCommSurfaceWatermark Name:SCBGestureNavBar13 Id:8933531975827 water mark count is zero
09-28 17:51:20.692   818  1137 E C01406/skia: SurfaceNodeDrawable DrawCommSurfaceWatermark Name:SCBStatusBar15 Id:8933531975907 water mark count is zero
09-28 17:51:20.694   818  1137 E C02515/DISP: [0;32;31m[GetMetadata:109] <private> is not supported[m
09-28 17:51:20.694   818  1137 E C02515/DISP: [0;32;31m[SetMetadata:102] <private> is not supported[m
09-28 17:51:20.694   818  1137 E C02515/METADATA_SRV: [0;32;31m[SetMetadata:136]  fail[m
09-28 17:51:20.694   818  1137 E C01401/Bufferqueue: <surface_buffer_impl.cpp:714-SetMetadata>: SetMetadata Failed with -5
09-28 17:51:20.694   818  1137 E C01406/skia: RSUniRenderComposerAdapter::SetBufferColorSpace set color space fail
09-28 17:51:20.704 11831 12054 I C00f00/OH_DER_VSync: onOhVsync ENTRY ts=<private> data=<private>
09-28 17:51:20.704 11831 12052 I C00f00/OH_DER_VSync: scheduleVsync ENTRY receiverPtr=0x<private>
09-28 17:51:20.704 11831 12052 I C00f00/OH_DER_VSync: scheduleVsync calling RequestFrame ohVsync=<private>
09-28 17:51:20.704 11831 12052 I C00f00/OH_DER_VSync: scheduleVsync RequestFrame rc=<private>
09-28 17:51:20.706   818  1132 E C02515/DISP: [0;32;31m[SetMetadata:102] <private> is not supported[m
09-28 17:51:20.706   818  1132 E C02515/METADATA_SRV: [0;32;31m[SetMetadata:136]  fail[m
09-28 17:51:20.706   818  1132 E C01401/Bufferqueue: <surface_buffer_impl.cpp:714-SetMetadata>: SetMetadata Failed with -5
09-28 17:51:20.707   793  4141 E C02515/DISP: [0;32;31m[SetLayerMaskInfo@display_composer_vdi_impl.cpp:404] <private> is not supported[m
09-28 17:51:20.707   818  1228 E C02515/DISP: [0;32;31m[SetMetadata:102] <private> is not supported[m
09-28 17:51:20.707   818  1228 E C02515/METADATA_SRV: [0;32;31m[SetMetadata:136]  fail[m
09-28 17:51:20.707   818  1228 E C01401/Bufferqueue: <surface_buffer_impl.cpp:714-SetMetadata>: SetMetadata Failed with -5
09-28 17:51:20.708   793  4141 E C02515/DISP: [0;32;31m[SetDisplayClientDamage@display_composer_vdi_impl.cpp:179] <private> is not supported[m
09-28 17:51:20.720 11831 12054 I C00f00/OH_DER_VSync: onOhVsync ENTRY ts=<private> data=<private>
09-28 17:51:20.720   818   818 E C02515/DISP: [0;32;31m[GetMetadata:109] <private> is not supported[m
09-28 17:51:20.720 11831 12052 I C00f00/OH_DER_VSync: scheduleVsync ENTRY receiverPtr=0x<private>
09-28 17:51:20.720 11831 12052 I C00f00/OH_DER_VSync: scheduleVsync calling RequestFrame ohVsync=<private>
09-28 17:51:20.720   818   818 E C02515/DISP: [0;32;31m[GetMetadata:109] <private> is not supported[m
09-28 17:51:20.721 11831 12052 I C00f00/OH_DER_VSync: scheduleVsync RequestFrame rc=<private>
09-28 17:51:20.721   818   818 E C02515/DISP: [0;32;31m[GetMetadata:109] <private> is not supported[m
09-28 17:51:20.722   818   818 E C01406/skia: RSBaseRenderUtil::DealWithSurfaceRotationAndGravity, GetSurfaceBufferOpaque:0
09-28 17:51:20.722   818   818 E C02515/DISP: [0;32;31m[GetMetadata:109] <private> is not supported[m
09-28 17:51:20.722   818   818 E C01406/skia: RSBaseRenderUtil::DealWithSurfaceRotationAndGravity, GetSurfaceBufferOpaque:0
09-28 17:51:20.722   818   818 E C02515/DISP: [0;32;31m[GetMetadata:109] <private> is not supported[m
09-28 17:51:20.724   818  1137 E C02515/DISP: [0;32;31m[SetMetadata:102] <private> is not supported[m
09-28 17:51:20.724   818  1137 E C02515/METADATA_SRV: [0;32;31m[SetMetadata:136]  fail[m
09-28 17:51:20.724   818  1137 E C01401/Bufferqueue: <surface_buffer_impl.cpp:714-SetMetadata>: SetMetadata Failed with -5
09-28 17:51:20.724   818  1137 E C01406/skia: SurfaceNodeDrawable DrawCommSurfaceWatermark Name:BackgroundBlurView2 Id:8933531975688 water mark count is zero
09-28 17:51:20.724   818  1137 E C01406/skia: RSBaseRenderUtil::DealWithSurfaceRotationAndGravity, GetSurfaceBufferOpaque:0
09-28 17:51:20.724   818  1137 I C01406/WRAP: AHardwareBuffer_createFromHandle index = <private> handle = <private>, ahb = <private>
09-28 17:51:20.725   818  1137 E C01406/skia: SurfaceNodeDrawable DrawCommSurfaceWatermark Name:AdapterActivityContent Id:50813758078979 water mark count is zero
09-28 17:51:20.725   818  1137 E C01406/skia: RSBaseRenderUtil::DealWithSurfaceRotationAndGravity, GetSurfaceBufferOpaque:0
09-28 17:51:20.725   818  1137 I C01406/WRAP: AHardwareBuffer_createFromHandle index = <private> handle = <private>, ahb = <private>
09-28 17:51:20.725   818  1137 E C01406/skia: SurfaceNodeDrawable DrawCommSurfaceWatermark Name:AdapterSurfaceView Id:50813758078980 water mark count is zero
09-28 17:51:20.725   818  1137 E C01406/skia: SurfaceNodeDrawable DrawCommSurfaceWatermark Name:com.a2hlab.bridge.zigzag/com.unity3d.player.UnityPlayerActivity Id:50813758078977 water mark count is zero
09-28 17:51:20.725   818  1137 E C01406/skia: SurfaceNodeDrawable DrawCommSurfaceWatermark Name:WindowScene_zigzag33 Id:8933531976525 water mark count is zero
09-28 17:51:20.725   818  1137 E C01406/skia: SurfaceNodeDrawable DrawCommSurfaceWatermark Name:SCBGestureNavBar13 Id:8933531975827 water mark count is zero
09-28 17:51:20.726   818  1137 E C01406/skia: SurfaceNodeDrawable DrawCommSurfaceWatermark Name:SCBStatusBar15 Id:8933531975907 water mark count is zero
09-28 17:51:20.727   818  1137 E C02515/DISP: [0;32;31m[GetMetadata:109] <private> is not supported[m
09-28 17:51:20.727   818  1137 E C02515/DISP: [0;32;31m[SetMetadata:102] <private> is not supported[m
09-28 17:51:20.727   818  1137 E C02515/METADATA_SRV: [0;32;31m[SetMetadata:136]  fail[m
09-28 17:51:20.727   818  1137 E C01401/Bufferqueue: <surface_buffer_impl.cpp:714-SetMetadata>: SetMetadata Failed with -5
09-28 17:51:20.727   818  1137 E C01406/skia: RSUniRenderComposerAdapter::SetBufferColorSpace set color space fail
09-28 17:51:20.737 11831 12054 I C00f00/OH_DER_VSync: onOhVsync ENTRY ts=<private> data=<private>
09-28 17:51:20.737 11831 12052 I C00f00/OH_DER_VSync: scheduleVsync ENTRY receiverPtr=0x<private>
09-28 17:51:20.737 11831 12052 I C00f00/OH_DER_VSync: scheduleVsync calling RequestFrame ohVsync=<private>
09-28 17:51:20.737 11831 12052 I C00f00/OH_DER_VSync: scheduleVsync RequestFrame rc=<private>
09-28 17:51:20.739   818  1132 E C02515/DISP: [0;32;31m[SetMetadata:102] <private> is not supported[m
09-28 17:51:20.739   818  1132 E C02515/METADATA_SRV: [0;32;31m[SetMetadata:136]  fail[m
09-28 17:51:20.739   818  1132 E C01401/Bufferqueue: <surface_buffer_impl.cpp:714-SetMetadata>: SetMetadata Failed with -5
09-28 17:51:20.740   793  4141 E C02515/DISP: [0;32;31m[SetLayerMaskInfo@display_composer_vdi_impl.cpp:404] <private> is not supported[m
09-28 17:51:20.740   818  1228 E C02515/DISP: [0;32;31m[SetMetadata:102] <private> is not supported[m
09-28 17:51:20.740   818  1228 E C02515/METADATA_SRV: [0;32;31m[SetMetadata:136]  fail[m
09-28 17:51:20.740   818  1228 E C01401/Bufferqueue: <surface_buffer_impl.cpp:714-SetMetadata>: SetMetadata Failed with -5
09-28 17:51:20.741   793  4141 E C02515/DISP: [0;32;31m[SetDisplayClientDamage@display_composer_vdi_impl.cpp:179] <private> is not supported[m
09-28 17:51:20.751  1048  1170 I C02d13/HDC_LOG: [daemon.cpp:1142] FetchCommand channelId:1440951117 command:1001
09-28 17:51:20.751  1048  1170 I C02d13/HDC_LOG: [session.cpp:1652] New HTaskInfo cid:1440951117 sid:213******641(L:10) command:1001
09-28 17:51:20.751  1048  1170 I C02d13/HDC_LOG: [session.cpp:891] AdminTask add task type:0 cid:1440951117 sid:213******641(L:10) mapsize:2
09-28 17:51:20.751  1048  1170 I C02d13/HDC_LOG: [task.cpp:34] HdcTaskBase type:0 cid:1440951117 sid:213******641(L:10)
09-28 17:51:20.751  1048  1170 I C02d13/HDC_LOG: [daemon_unity.cpp:414] Unity CommandDispatch command:1001 cid:1440951117 sid:213******641(L:10)
09-28 17:51:20.751  1048  1170 W C02d13/HDC_LOG: [async_cmd.cpp:114] GetDevItem false key:persist.hdc.root
09-28 17:51:20.752  1048 12555 I C02d13/HDC_LOG: [async_cmd.cpp:225] Popen pipe fds[pipeRead]:36 fds[pipeWrite]:37, mode 0
09-28 17:51:20.754 11831 12054 I C00f00/OH_DER_VSync: onOhVsync ENTRY ts=<private> data=<private>
09-28 17:51:20.754   818   818 E C02515/DISP: [0;32;31m[GetMetadata:109] <private> is not supported[m
09-28 17:51:20.754   818   818 E C02515/DISP: [0;32;31m[GetMetadata:109] <private> is not supported[m
09-28 17:51:20.754   818   818 E C02515/DISP: [0;32;31m[GetMetadata:109] <private> is not supported[m
09-28 17:51:20.754 11831 12052 I C00f00/OH_DER_VSync: scheduleVsync ENTRY receiverPtr=0x<private>
09-28 17:51:20.754 11831 12052 I C00f00/OH_DER_VSync: scheduleVsync calling RequestFrame ohVsync=<private>
09-28 17:51:20.754 11831 12052 I C00f00/OH_DER_VSync: scheduleVsync RequestFrame rc=<private>
09-28 17:51:20.754   818   818 E C01406/skia: RSBaseRenderUtil::DealWithSurfaceRotationAndGravity, GetSurfaceBufferOpaque:0
09-28 17:51:20.754   818   818 E C02515/DISP: [0;32;31m[GetMetadata:109] <private> is not supported[m
09-28 17:51:20.755   818   818 E C01406/skia: RSBaseRenderUtil::DealWithSurfaceRotationAndGravity, GetSurfaceBufferOpaque:0
09-28 17:51:20.755   818   818 E C02515/DISP: [0;32;31m[GetMetadata:109] <private> is not supported[m
09-28 17:51:20.756   818  1137 E C02515/DISP: [0;32;31m[SetMetadata:102] <private> is not supported[m
09-28 17:51:20.756   818  1137 E C02515/METADATA_SRV: [0;32;31m[SetMetadata:136]  fail[m
09-28 17:51:20.756   818  1137 E C01401/Bufferqueue: <surface_buffer_impl.cpp:714-SetMetadata>: SetMetadata Failed with -5
09-28 17:51:20.756  1048  1170 I C02d13/HDC_LOG: [async_cmd.cpp:291] ExecuteCommand cmd:param get const.product.os.dist.apiname fd:36 pid:12556
09-28 17:51:20.756 12556 12556 W C02d13/HDC_LOG: [async_cmd.cpp:140] SetSelinuxLabel con:u:r:su:s0 isRoot:0
09-28 17:51:20.756   818  1137 E C01406/skia: SurfaceNodeDrawable DrawCommSurfaceWatermark Name:BackgroundBlurView2 Id:8933531975688 water mark count is zero
09-28 17:51:20.756   818  1137 E C01406/skia: RSBaseRenderUtil::DealWithSurfaceRotationAndGravity, GetSurfaceBufferOpaque:0
09-28 17:51:20.756  1048  1170 I C02d13/HDC_LOG: [daemon_unity.cpp:486] Unity CommandDispatch command:1001 finish cid:1440951117 sid:213******641(L:10)
09-28 17:51:20.756   818  1137 I C01406/WRAP: AHardwareBuffer_createFromHandle index = <private> handle = <private>, ahb = <private>
09-28 17:51:20.756   818  1137 E C01406/skia: SurfaceNodeDrawable DrawCommSurfaceWatermark Name:AdapterActivityContent Id:50813758078979 water mark count is zero
09-28 17:51:20.756   818  1137 E C01406/skia: RSBaseRenderUtil::DealWithSurfaceRotationAndGravity, GetSurfaceBufferOpaque:0
09-28 17:51:20.757   818  1137 I C01406/WRAP: AHardwareBuffer_createFromHandle index = <private> handle = <private>, ahb = <private>
09-28 17:51:20.757   818  1137 E C01406/skia: SurfaceNodeDrawable DrawCommSurfaceWatermark Name:AdapterSurfaceView Id:50813758078980 water mark count is zero
09-28 17:51:20.757   818  1137 E C01406/skia: SurfaceNodeDrawable DrawCommSurfaceWatermark Name:com.a2hlab.bridge.zigzag/com.unity3d.player.UnityPlayerActivity Id:50813758078977 water mark count is zero
09-28 17:51:20.757   818  1137 E C01406/skia: SurfaceNodeDrawable DrawCommSurfaceWatermark Name:WindowScene_zigzag33 Id:8933531976525 water mark count is zero
09-28 17:51:20.757   818  1137 E C01406/skia: SurfaceNodeDrawable DrawCommSurfaceWatermark Name:SCBGestureNavBar13 Id:8933531975827 water mark count is zero
09-28 17:51:20.757   818  1137 E C01406/skia: SurfaceNodeDrawable DrawCommSurfaceWatermark Name:SCBStatusBar15 Id:8933531975907 water mark count is zero
09-28 17:51:20.759   818  1137 E C02515/DISP: [0;32;31m[GetMetadata:109] <private> is not supported[m
09-28 17:51:20.759   818  1137 E C02515/DISP: [0;32;31m[SetMetadata:102] <private> is not supported[m
09-28 17:51:20.759   818  1137 E C02515/METADATA_SRV: [0;32;31m[SetMetadata:136]  fail[m
09-28 17:51:20.759   818  1137 E C01401/Bufferqueue: <surface_buffer_impl.cpp:714-SetMetadata>: SetMetadata Failed with -5
09-28 17:51:20.759   818  1137 E C01406/skia: RSUniRenderComposerAdapter::SetBufferColorSpace set color space fail
09-28 17:51:20.765 11020 11020 E C02c11/APPSPAWN: [appspawn_kickdog.c:29]open /sys/kernel/hungtask/userlist fail,errno:2
09-28 17:51:20.770 11831 12054 I C00f00/OH_DER_VSync: onOhVsync ENTRY ts=<private> data=<private>
09-28 17:51:20.770 11831 12052 I C00f00/OH_DER_VSync: scheduleVsync ENTRY receiverPtr=0x<private>
09-28 17:51:20.771 11831 12052 I C00f00/OH_DER_VSync: scheduleVsync calling RequestFrame ohVsync=<private>
09-28 17:51:20.771 11831 12052 I C00f00/OH_DER_VSync: scheduleVsync RequestFrame rc=<private>
09-28 17:51:20.772 11831 11872 I C00f00/appspawn-x: [<private>:<private>] <private>
09-28 17:51:20.772   818  1132 E C02515/DISP: [0;32;31m[SetMetadata:102] <private> is not supported[m
09-28 17:51:20.772   818  1132 E C02515/METADATA_SRV: [0;32;31m[SetMetadata:136]  fail[m
09-28 17:51:20.772   818  1132 E C01401/Bufferqueue: <surface_buffer_impl.cpp:714-SetMetadata>: SetMetadata Failed with -5
09-28 17:51:20.774   793  4141 E C02515/DISP: [0;32;31m[SetLayerMaskInfo@display_composer_vdi_impl.cpp:404] <private> is not supported[m
09-28 17:51:20.774   818  1228 E C02515/DISP: [0;32;31m[SetMetadata:102] <private> is not supported[m
09-28 17:51:20.774   818  1228 E C02515/METADATA_SRV: [0;32;31m[SetMetadata:136]  fail[m
09-28 17:51:20.774   818  1228 E C01401/Bufferqueue: <surface_buffer_impl.cpp:714-SetMetadata>: SetMetadata Failed with -5
09-28 17:51:20.775   793  4141 E C02515/DISP: [0;32;31m[SetDisplayClientDamage@display_composer_vdi_impl.cpp:179] <private> is not supported[m
09-28 17:51:20.780  1048 12557 I C02d13/HDC_LOG: [async_cmd.cpp:88] FinishShellProc finish pipeRead fd:36 pid:12556 count:1
09-28 17:51:20.780  1048 12557 I C02d13/HDC_LOG: [task.cpp:55] HdcTaskBase::TaskFinish notify begin type:0 cid:1440951117 sid:213******641(L:10)
09-28 17:51:20.780  1048 12557 I C02d13/HDC_LOG: [task.cpp:58] HdcTaskBase::TaskFinish notify end type:0 cid:1440951117 sid:213******641(L:10)
09-28 17:51:20.782  1048  1170 I C02d13/HDC_LOG: [daemon.cpp:1142] FetchCommand channelId:1440951117 command:2
09-28 17:51:20.782  1048  1170 W C02d13/HDC_LOG: [session.cpp:160] BeginRemoveTask taskType:0 channelId:1440951117
09-28 17:51:20.782  1048  1170 W C02d13/HDC_LOG: [session.cpp:190] ClearOwnTasks OP_CLEAR finish, sessionId:213******641(L:10) channelIDInput:1440951117
09-28 17:51:20.782  1048  1170 W C02d13/HDC_LOG: [session.cpp:115] taskClassDeleteRetry start clear task, taskType:0 cid:1440951117 sid:213******641(L:10)
09-28 17:51:20.782  1048  1170 I C02d13/HDC_LOG: [async_cmd.cpp:69] DoRelease rc:-3 pid:12556
09-28 17:51:20.782  1048  1170 I C02d13/HDC_LOG: [session.cpp:126] TaskDelay task remove retry count 0/30, taskType:0 channelId:1440951117, sessionId:213******641(L:10)
09-28 17:51:20.782  1048  1170 I C02d13/HDC_LOG: [daemon_unity.cpp:31] ~HdcDaemonUnity cid:1440951117 sid:213******641(L:10)
09-28 17:51:20.782  1048  1170 I C02d13/HDC_LOG: [task.cpp:40] ~HdcTaskBase type:0 cid:1440951117 sid:213******641(L:10)
09-28 17:51:20.782  1048  1170 W C02d13/HDC_LOG: [session.cpp:134] TaskDelay task remove finish, channelId:1440951117
09-28 17:51:20.783  1048  1170 I C02d13/HDC_LOG: [base.cpp:969] before uv handle close, the uv handle type is 13
09-28 17:51:20.787 11831 12054 I C00f00/OH_DER_VSync: onOhVsync ENTRY ts=<private> data=<private>
09-28 17:51:20.787 11831 12052 I C00f00/OH_DER_VSync: scheduleVsync ENTRY receiverPtr=0x<private>
09-28 17:51:20.787   818   818 E C02515/DISP: [0;32;31m[GetMetadata:109] <private> is not supported[m
09-28 17:51:20.787 11831 12052 I C00f00/OH_DER_VSync: scheduleVsync calling RequestFrame ohVsync=<private>
09-28 17:51:20.787 11831 12052 I C00f00/OH_DER_VSync: scheduleVsync RequestFrame rc=<private>
09-28 17:51:20.787  1048  1170 I C02d13/HDC_LOG: [daemon.cpp:1142] FetchCommand channelId:1440951117 command:2
09-28 17:51:20.787   818   818 E C02515/DISP: [0;32;31m[GetMetadata:109] <private> is not supported[m
09-28 17:51:20.787   818   818 E C02515/DISP: [0;32;31m[GetMetadata:109] <private> is not supported[m
09-28 17:51:20.789   818   818 E C01406/skia: RSBaseRenderUtil::DealWithSurfaceRotationAndGravity, GetSurfaceBufferOpaque:0
09-28 17:51:20.789   818   818 E C02515/DISP: [0;32;31m[GetMetadata:109] <private> is not supported[m
09-28 17:51:20.789   818   818 E C01406/skia: RSBaseRenderUtil::DealWithSurfaceRotationAndGravity, GetSurfaceBufferOpaque:0
09-28 17:51:20.789   818   818 E C02515/DISP: [0;32;31m[GetMetadata:109] <private> is not supported[m
09-28 17:51:20.791   818  1137 E C02515/DISP: [0;32;31m[SetMetadata:102] <private> is not supported[m
09-28 17:51:20.791   818  1137 E C02515/METADATA_SRV: [0;32;31m[SetMetadata:136]  fail[m
09-28 17:51:20.791   818  1137 E C01401/Bufferqueue: <surface_buffer_impl.cpp:714-SetMetadata>: SetMetadata Failed with -5
09-28 17:51:20.791   818  1137 E C01406/skia: SurfaceNodeDrawable DrawCommSurfaceWatermark Name:BackgroundBlurView2 Id:8933531975688 water mark count is zero
09-28 17:51:20.791   818  1137 E C01406/skia: RSBaseRenderUtil::DealWithSurfaceRotationAndGravity, GetSurfaceBufferOpaque:0
09-28 17:51:20.791   818  1137 I C01406/WRAP: AHardwareBuffer_createFromHandle index = <private> handle = <private>, ahb = <private>
09-28 17:51:20.791   818  1137 E C01406/skia: SurfaceNodeDrawable DrawCommSurfaceWatermark Name:AdapterActivityContent Id:50813758078979 water mark count is zero
09-28 17:51:20.791   818  1137 E C01406/skia: RSBaseRenderUtil::DealWithSurfaceRotationAndGravity, GetSurfaceBufferOpaque:0
09-28 17:51:20.792   818  1137 I C01406/WRAP: AHardwareBuffer_createFromHandle index = <private> handle = <private>, ahb = <private>
09-28 17:51:20.792   818  1137 E C01406/skia: SurfaceNodeDrawable DrawCommSurfaceWatermark Name:AdapterSurfaceView Id:50813758078980 water mark count is zero
09-28 17:51:20.792   818  1137 E C01406/skia: SurfaceNodeDrawable DrawCommSurfaceWatermark Name:com.a2hlab.bridge.zigzag/com.unity3d.player.UnityPlayerActivity Id:50813758078977 water mark count is zero
09-28 17:51:20.792   818  1137 E C01406/skia: SurfaceNodeDrawable DrawCommSurfaceWatermark Name:WindowScene_zigzag33 Id:8933531976525 water mark count is zero
09-28 17:51:20.792   818  1137 E C01406/skia: SurfaceNodeDrawable DrawCommSurfaceWatermark Name:SCBGestureNavBar13 Id:8933531975827 water mark count is zero
09-28 17:51:20.792   818  1137 E C01406/skia: SurfaceNodeDrawable DrawCommSurfaceWatermark Name:SCBStatusBar15 Id:8933531975907 water mark count is zero
09-28 17:51:20.794   818  1137 E C02515/DISP: [0;32;31m[GetMetadata:109] <private> is not supported[m
09-28 17:51:20.794   818  1137 E C02515/DISP: [0;32;31m[SetMetadata:102] <private> is not supported[m
09-28 17:51:20.794   818  1137 E C02515/METADATA_SRV: [0;32;31m[SetMetadata:136]  fail[m
09-28 17:51:20.794   818  1137 E C01401/Bufferqueue: <surface_buffer_impl.cpp:714-SetMetadata>: SetMetadata Failed with -5
09-28 17:51:20.794   818  1137 E C01406/skia: RSUniRenderComposerAdapter::SetBufferColorSpace set color space fail
09-28 17:51:20.804 11831 12054 I C00f00/OH_DER_VSync: onOhVsync ENTRY ts=<private> data=<private>
09-28 17:51:20.804 11831 12052 I C00f00/OH_DER_VSync: scheduleVsync ENTRY receiverPtr=0x<private>
09-28 17:51:20.804 11831 12052 I C00f00/OH_DER_VSync: scheduleVsync calling RequestFrame ohVsync=<private>
09-28 17:51:20.804 11831 12052 I C00f00/OH_DER_VSync: scheduleVsync RequestFrame rc=<private>
09-28 17:51:20.806   818  1132 E C02515/DISP: [0;32;31m[SetMetadata:102] <private> is not supported[m
09-28 17:51:20.806   818  1132 E C02515/METADATA_SRV: [0;32;31m[SetMetadata:136]  fail[m
09-28 17:51:20.806   818  1132 E C01401/Bufferqueue: <surface_buffer_impl.cpp:714-SetMetadata>: SetMetadata Failed with -5
09-28 17:51:20.806   793  4141 E C02515/DISP: [0;32;31m[SetLayerMaskInfo@display_composer_vdi_impl.cpp:404] <private> is not supported[m
09-28 17:51:20.806   818  1228 E C02515/DISP: [0;32;31m[SetMetadata:102] <private> is not supported[m
09-28 17:51:20.806   818  1228 E C02515/METADATA_SRV: [0;32;31m[SetMetadata:136]  fail[m
09-28 17:51:20.806   818  1228 E C01401/Bufferqueue: <surface_buffer_impl.cpp:714-SetMetadata>: SetMetadata Failed with -5
09-28 17:51:20.807   793  4141 E C02515/DISP: [0;32;31m[SetDisplayClientDamage@display_composer_vdi_impl.cpp:179] <private> is not supported[m
09-28 17:51:20.820 11831 12054 I C00f00/OH_DER_VSync: onOhVsync ENTRY ts=<private> data=<private>
09-28 17:51:20.821 11831 12052 I C00f00/OH_DER_VSync: scheduleVsync ENTRY receiverPtr=0x<private>
09-28 17:51:20.821   818   818 E C02515/DISP: [0;32;31m[GetMetadata:109] <private> is not supported[m
09-28 17:51:20.821 11831 12052 I C00f00/OH_DER_VSync: scheduleVsync calling RequestFrame ohVsync=<private>
09-28 17:51:20.821 11831 12052 I C00f00/OH_DER_VSync: scheduleVsync RequestFrame rc=<private>
09-28 17:51:20.821   818   818 E C02515/DISP: [0;32;31m[GetMetadata:109] <private> is not supported[m
09-28 17:51:20.821   818   818 E C02515/DISP: [0;32;31m[GetMetadata:109] <private> is not supported[m
09-28 17:51:20.822   818   818 E C01406/skia: RSBaseRenderUtil::DealWithSurfaceRotationAndGravity, GetSurfaceBufferOpaque:0
09-28 17:51:20.822   818   818 E C02515/DISP: [0;32;31m[GetMetadata:109] <private> is not supported[m
09-28 17:51:20.822   818   818 E C01406/skia: RSBaseRenderUtil::DealWithSurfaceRotationAndGravity, GetSurfaceBufferOpaque:0
09-28 17:51:20.822   818   818 E C02515/DISP: [0;32;31m[GetMetadata:109] <private> is not supported[m
09-28 17:51:20.824   818  1137 E C02515/DISP: [0;32;31m[SetMetadata:102] <private> is not supported[m
09-28 17:51:20.824   818  1137 E C02515/METADATA_SRV: [0;32;31m[SetMetadata:136]  fail[m
09-28 17:51:20.824   818  1137 E C01401/Bufferqueue: <surface_buffer_impl.cpp:714-SetMetadata>: SetMetadata Failed with -5
09-28 17:51:20.824   818  1137 E C01406/skia: SurfaceNodeDrawable DrawCommSurfaceWatermark Name:BackgroundBlurView2 Id:8933531975688 water mark count is zero
09-28 17:51:20.824   818  1137 E C01406/skia: RSBaseRenderUtil::DealWithSurfaceRotationAndGravity, GetSurfaceBufferOpaque:0
09-28 17:51:20.824   818  1137 I C01406/WRAP: AHardwareBuffer_createFromHandle index = <private> handle = <private>, ahb = <private>
09-28 17:51:20.825   818  1137 E C01406/skia: SurfaceNodeDrawable DrawCommSurfaceWatermark Name:AdapterActivityContent Id:50813758078979 water mark count is zero
09-28 17:51:20.825   818  1137 E C01406/skia: RSBaseRenderUtil::DealWithSurfaceRotationAndGravity, GetSurfaceBufferOpaque:0
09-28 17:51:20.825   818  1137 I C01406/WRAP: AHardwareBuffer_createFromHandle index = <private> handle = <private>, ahb = <private>
09-28 17:51:20.825   818  1137 E C01406/skia: SurfaceNodeDrawable DrawCommSurfaceWatermark Name:AdapterSurfaceView Id:50813758078980 water mark count is zero
09-28 17:51:20.825   818  1137 E C01406/skia: SurfaceNodeDrawable DrawCommSurfaceWatermark Name:com.a2hlab.bridge.zigzag/com.unity3d.player.UnityPlayerActivity Id:50813758078977 water mark count is zero
09-28 17:51:20.825   818  1137 E C01406/skia: SurfaceNodeDrawable DrawCommSurfaceWatermark Name:WindowScene_zigzag33 Id:8933531976525 water mark count is zero
09-28 17:51:20.825   818  1137 E C01406/skia: SurfaceNodeDrawable DrawCommSurfaceWatermark Name:SCBGestureNavBar13 Id:8933531975827 water mark count is zero
09-28 17:51:20.825   818  1137 E C01406/skia: SurfaceNodeDrawable DrawCommSurfaceWatermark Name:SCBStatusBar15 Id:8933531975907 water mark count is zero
09-28 17:51:20.827   818  1137 E C02515/DISP: [0;32;31m[GetMetadata:109] <private> is not supported[m
09-28 17:51:20.827   818  1137 E C02515/DISP: [0;32;31m[SetMetadata:102] <private> is not supported[m
09-28 17:51:20.827   818  1137 E C02515/METADATA_SRV: [0;32;31m[SetMetadata:136]  fail[m
09-28 17:51:20.827   818  1137 E C01401/Bufferqueue: <surface_buffer_impl.cpp:714-SetMetadata>: SetMetadata Failed with -5
09-28 17:51:20.827   818  1137 E C01406/skia: RSUniRenderComposerAdapter::SetBufferColorSpace set color space fail
09-28 17:51:20.837 11831 12054 I C00f00/OH_DER_VSync: onOhVsync ENTRY ts=<private> data=<private>
09-28 17:51:20.837 11831 12052 I C00f00/OH_DER_VSync: scheduleVsync ENTRY receiverPtr=0x<private>
09-28 17:51:20.837 11831 12052 I C00f00/OH_DER_VSync: scheduleVsync calling RequestFrame ohVsync=<private>
09-28 17:51:20.837 11831 12052 I C00f00/OH_DER_VSync: scheduleVsync RequestFrame rc=<private>
09-28 17:51:20.839   818  1132 E C02515/DISP: [0;32;31m[SetMetadata:102] <private> is not supported[m
09-28 17:51:20.839   818  1132 E C02515/METADATA_SRV: [0;32;31m[SetMetadata:136]  fail[m
09-28 17:51:20.839   818  1132 E C01401/Bufferqueue: <surface_buffer_impl.cpp:714-SetMetadata>: SetMetadata Failed with -5
09-28 17:51:20.839   793  4141 E C02515/DISP: [0;32;31m[SetLayerMaskInfo@display_composer_vdi_impl.cpp:404] <private> is not supported[m
09-28 17:51:20.840   818  1228 E C02515/DISP: [0;32;31m[SetMetadata:102] <private> is not supported[m
09-28 17:51:20.840   818  1228 E C02515/METADATA_SRV: [0;32;31m[SetMetadata:136]  fail[m
09-28 17:51:20.840   818  1228 E C01401/Bufferqueue: <surface_buffer_impl.cpp:714-SetMetadata>: SetMetadata Failed with -5
09-28 17:51:20.841   793  4141 E C02515/DISP: [0;32;31m[SetDisplayClientDamage@display_composer_vdi_impl.cpp:179] <private> is not supported[m
09-28 17:51:20.849   706   738 W C01c42/TimeService: t3 530572
09-28 17:51:20.850   861  1383 E C015b0/NetSysBpf: syscall failed, ret:-1, cmd:4, errno: 2
09-28 17:51:20.854 11831 12054 I C00f00/OH_DER_VSync: onOhVsync ENTRY ts=<private> data=<private>
09-28 17:51:20.854 11831 12052 I C00f00/OH_DER_VSync: scheduleVsync ENTRY receiverPtr=0x<private>
09-28 17:51:20.854 11831 12052 I C00f00/OH_DER_VSync: scheduleVsync calling RequestFrame ohVsync=<private>
09-28 17:51:20.854   818   818 E C02515/DISP: [0;32;31m[GetMetadata:109] <private> is not supported[m
09-28 17:51:20.854   818   818 E C02515/DISP: [0;32;31m[GetMetadata:109] <private> is not supported[m
09-28 17:51:20.854 11831 12052 I C00f00/OH_DER_VSync: scheduleVsync RequestFrame rc=<private>
09-28 17:51:20.854   818   818 E C02515/DISP: [0;32;31m[GetMetadata:109] <private> is not supported[m
09-28 17:51:20.855   818   818 E C01406/skia: RSBaseRenderUtil::DealWithSurfaceRotationAndGravity, GetSurfaceBufferOpaque:0
09-28 17:51:20.855   818   818 E C02515/DISP: [0;32;31m[GetMetadata:109] <private> is not supported[m
09-28 17:51:20.855   818   818 E C01406/skia: RSBaseRenderUtil::DealWithSurfaceRotationAndGravity, GetSurfaceBufferOpaque:0
09-28 17:51:20.855   818   818 E C02515/DISP: [0;32;31m[GetMetadata:109] <private> is not supported[m
09-28 17:51:20.857   818  1137 E C02515/DISP: [0;32;31m[SetMetadata:102] <private> is not supported[m
09-28 17:51:20.857   818  1137 E C02515/METADATA_SRV: [0;32;31m[SetMetadata:136]  fail[m
09-28 17:51:20.857   818  1137 E C01401/Bufferqueue: <surface_buffer_impl.cpp:714-SetMetadata>: SetMetadata Failed with -5
09-28 17:51:20.858   818  1137 E C01406/skia: SurfaceNodeDrawable DrawCommSurfaceWatermark Name:BackgroundBlurView2 Id:8933531975688 water mark count is zero
09-28 17:51:20.858   818  1137 E C01406/skia: RSBaseRenderUtil::DealWithSurfaceRotationAndGravity, GetSurfaceBufferOpaque:0
09-28 17:51:20.858   818  1137 I C01406/WRAP: AHardwareBuffer_createFromHandle index = <private> handle = <private>, ahb = <private>
09-28 17:51:20.858   818  1137 E C01406/skia: SurfaceNodeDrawable DrawCommSurfaceWatermark Name:AdapterActivityContent Id:50813758078979 water mark count is zero
09-28 17:51:20.858   818  1137 E C01406/skia: RSBaseRenderUtil::DealWithSurfaceRotationAndGravity, GetSurfaceBufferOpaque:0
09-28 17:51:20.858   818  1137 I C01406/WRAP: AHardwareBuffer_createFromHandle index = <private> handle = <private>, ahb = <private>
09-28 17:51:20.858   818  1137 E C01406/skia: SurfaceNodeDrawable DrawCommSurfaceWatermark Name:AdapterSurfaceView Id:50813758078980 water mark count is zero
09-28 17:51:20.858   818  1137 E C01406/skia: SurfaceNodeDrawable DrawCommSurfaceWatermark Name:com.a2hlab.bridge.zigzag/com.unity3d.player.UnityPlayerActivity Id:50813758078977 water mark count is zero
09-28 17:51:20.858   818  1137 E C01406/skia: SurfaceNodeDrawable DrawCommSurfaceWatermark Name:WindowScene_zigzag33 Id:8933531976525 water mark count is zero
09-28 17:51:20.859   818  1137 E C01406/skia: SurfaceNodeDrawable DrawCommSurfaceWatermark Name:SCBGestureNavBar13 Id:8933531975827 water mark count is zero
09-28 17:51:20.859   818  1137 E C01406/skia: SurfaceNodeDrawable DrawCommSurfaceWatermark Name:SCBStatusBar15 Id:8933531975907 water mark count is zero
09-28 17:51:20.860   818  1137 E C02515/DISP: [0;32;31m[GetMetadata:109] <private> is not supported[m
09-28 17:51:20.860   818  1137 E C02515/DISP: [0;32;31m[SetMetadata:102] <private> is not supported[m
09-28 17:51:20.860   818  1137 E C02515/METADATA_SRV: [0;32;31m[SetMetadata:136]  fail[m
09-28 17:51:20.860   818  1137 E C01401/Bufferqueue: <surface_buffer_impl.cpp:714-SetMetadata>: SetMetadata Failed with -5
09-28 17:51:20.860   818  1137 E C01406/skia: RSUniRenderComposerAdapter::SetBufferColorSpace set color space fail
09-28 17:51:20.870 11831 12054 I C00f00/OH_DER_VSync: onOhVsync ENTRY ts=<private> data=<private>
09-28 17:51:20.871 11831 12052 I C00f00/OH_DER_VSync: scheduleVsync ENTRY receiverPtr=0x<private>
09-28 17:51:20.871 11831 12052 I C00f00/OH_DER_VSync: scheduleVsync calling RequestFrame ohVsync=<private>
09-28 17:51:20.871 11831 12052 I C00f00/OH_DER_VSync: scheduleVsync RequestFrame rc=<private>
09-28 17:51:20.872   818  1132 E C02515/DISP: [0;32;31m[SetMetadata:102] <private> is not supported[m
09-28 17:51:20.872   818  1132 E C02515/METADATA_SRV: [0;32;31m[SetMetadata:136]  fail[m
09-28 17:51:20.872   818  1132 E C01401/Bufferqueue: <surface_buffer_impl.cpp:714-SetMetadata>: SetMetadata Failed with -5
09-28 17:51:20.873   793  4141 E C02515/DISP: [0;32;31m[SetLayerMaskInfo@display_composer_vdi_impl.cpp:404] <private> is not supported[m
09-28 17:51:20.873   818  1228 E C02515/DISP: [0;32;31m[SetMetadata:102] <private> is not supported[m
09-28 17:51:20.873   818  1228 E C02515/METADATA_SRV: [0;32;31m[SetMetadata:136]  fail[m
09-28 17:51:20.873   818  1228 E C01401/Bufferqueue: <surface_buffer_impl.cpp:714-SetMetadata>: SetMetadata Failed with -5
09-28 17:51:20.874   793  4141 E C02515/DISP: [0;32;31m[SetDisplayClientDamage@display_composer_vdi_impl.cpp:179] <private> is not supported[m
09-28 17:51:20.887 11831 12054 I C00f00/OH_DER_VSync: onOhVsync ENTRY ts=<private> data=<private>
09-28 17:51:20.887 11831 12052 I C00f00/OH_DER_VSync: scheduleVsync ENTRY receiverPtr=0x<private>
09-28 17:51:20.887 11831 12052 I C00f00/OH_DER_VSync: scheduleVsync calling RequestFrame ohVsync=<private>
09-28 17:51:20.887   818   818 E C02515/DISP: [0;32;31m[GetMetadata:109] <private> is not supported[m
09-28 17:51:20.887   818   818 E C02515/DISP: [0;32;31m[GetMetadata:109] <private> is not supported[m
09-28 17:51:20.887 11831 12052 I C00f00/OH_DER_VSync: scheduleVsync RequestFrame rc=<private>
09-28 17:51:20.887   818   818 E C02515/DISP: [0;32;31m[GetMetadata:109] <private> is not supported[m
09-28 17:51:20.889   818   818 E C01406/skia: RSBaseRenderUtil::DealWithSurfaceRotationAndGravity, GetSurfaceBufferOpaque:0
09-28 17:51:20.889   818   818 E C02515/DISP: [0;32;31m[GetMetadata:109] <private> is not supported[m
09-28 17:51:20.889   818   818 E C01406/skia: RSBaseRenderUtil::DealWithSurfaceRotationAndGravity, GetSurfaceBufferOpaque:0
09-28 17:51:20.889   818   818 E C02515/DISP: [0;32;31m[GetMetadata:109] <private> is not supported[m
09-28 17:51:20.891   818  1137 E C02515/DISP: [0;32;31m[SetMetadata:102] <private> is not supported[m
09-28 17:51:20.891   818  1137 E C02515/METADATA_SRV: [0;32;31m[SetMetadata:136]  fail[m
09-28 17:51:20.891   818  1137 E C01401/Bufferqueue: <surface_buffer_impl.cpp:714-SetMetadata>: SetMetadata Failed with -5
09-28 17:51:20.891   818  1137 E C01406/skia: SurfaceNodeDrawable DrawCommSurfaceWatermark Name:BackgroundBlurView2 Id:8933531975688 water mark count is zero
09-28 17:51:20.891   818  1137 E C01406/skia: RSBaseRenderUtil::DealWithSurfaceRotationAndGravity, GetSurfaceBufferOpaque:0
09-28 17:51:20.891   818  1137 I C01406/WRAP: AHardwareBuffer_createFromHandle index = <private> handle = <private>, ahb = <private>
09-28 17:51:20.891   818  1137 E C01406/skia: SurfaceNodeDrawable DrawCommSurfaceWatermark Name:AdapterActivityContent Id:50813758078979 water mark count is zero
09-28 17:51:20.891   818  1137 E C01406/skia: RSBaseRenderUtil::DealWithSurfaceRotationAndGravity, GetSurfaceBufferOpaque:0
09-28 17:51:20.892   818  1137 I C01406/WRAP: AHardwareBuffer_createFromHandle index = <private> handle = <private>, ahb = <private>
09-28 17:51:20.892   818  1137 E C01406/skia: SurfaceNodeDrawable DrawCommSurfaceWatermark Name:AdapterSurfaceView Id:50813758078980 water mark count is zero
09-28 17:51:20.892   818  1137 E C01406/skia: SurfaceNodeDrawable DrawCommSurfaceWatermark Name:com.a2hlab.bridge.zigzag/com.unity3d.player.UnityPlayerActivity Id:50813758078977 water mark count is zero
09-28 17:51:20.892   818  1137 E C01406/skia: SurfaceNodeDrawable DrawCommSurfaceWatermark Name:WindowScene_zigzag33 Id:8933531976525 water mark count is zero
09-28 17:51:20.892   818  1137 E C01406/skia: SurfaceNodeDrawable DrawCommSurfaceWatermark Name:SCBGestureNavBar13 Id:8933531975827 water mark count is zero
09-28 17:51:20.892   818  1137 E C01406/skia: SurfaceNodeDrawable DrawCommSurfaceWatermark Name:SCBStatusBar15 Id:8933531975907 water mark count is zero
09-28 17:51:20.895   818  1137 E C02515/DISP: [0;32;31m[GetMetadata:109] <private> is not supported[m
09-28 17:51:20.895   818  1137 E C02515/DISP: [0;32;31m[SetMetadata:102] <private> is not supported[m
09-28 17:51:20.895   818  1137 E C02515/METADATA_SRV: [0;32;31m[SetMetadata:136]  fail[m
09-28 17:51:20.895   818  1137 E C01401/Bufferqueue: <surface_buffer_impl.cpp:714-SetMetadata>: SetMetadata Failed with -5
09-28 17:51:20.895   818  1137 E C01406/skia: RSUniRenderComposerAdapter::SetBufferColorSpace set color space fail
09-28 17:51:20.904 11831 12054 I C00f00/OH_DER_VSync: onOhVsync ENTRY ts=<private> data=<private>
09-28 17:51:20.904 11831 12052 I C00f00/OH_DER_VSync: scheduleVsync ENTRY receiverPtr=0x<private>
09-28 17:51:20.904 11831 12052 I C00f00/OH_DER_VSync: scheduleVsync calling RequestFrame ohVsync=<private>
09-28 17:51:20.904 11831 12052 I C00f00/OH_DER_VSync: scheduleVsync RequestFrame rc=<private>
09-28 17:51:20.906   818  1132 E C02515/DISP: [0;32;31m[SetMetadata:102] <private> is not supported[m
09-28 17:51:20.906   818  1132 E C02515/METADATA_SRV: [0;32;31m[SetMetadata:136]  fail[m
09-28 17:51:20.906   818  1132 E C01401/Bufferqueue: <surface_buffer_impl.cpp:714-SetMetadata>: SetMetadata Failed with -5
09-28 17:51:20.906   793  4141 E C02515/DISP: [0;32;31m[SetLayerMaskInfo@display_composer_vdi_impl.cpp:404] <private> is not supported[m
09-28 17:51:20.906   818  1228 E C02515/DISP: [0;32;31m[SetMetadata:102] <private> is not supported[m
09-28 17:51:20.906   818  1228 E C02515/METADATA_SRV: [0;32;31m[SetMetadata:136]  fail[m
09-28 17:51:20.906   818  1228 E C01401/Bufferqueue: <surface_buffer_impl.cpp:714-SetMetadata>: SetMetadata Failed with -5
09-28 17:51:20.907   793  4141 E C02515/DISP: [0;32;31m[SetDisplayClientDamage@display_composer_vdi_impl.cpp:179] <private> is not supported[m
09-28 17:51:20.920 11831 12054 I C00f00/OH_DER_VSync: onOhVsync ENTRY ts=<private> data=<private>
09-28 17:51:20.921 11831 12052 I C00f00/OH_DER_VSync: scheduleVsync ENTRY receiverPtr=0x<private>
09-28 17:51:20.921 11831 12052 I C00f00/OH_DER_VSync: scheduleVsync calling RequestFrame ohVsync=<private>
09-28 17:51:20.921   818   818 E C02515/DISP: [0;32;31m[GetMetadata:109] <private> is not supported[m
09-28 17:51:20.921   818   818 E C02515/DISP: [0;32;31m[GetMetadata:109] <private> is not supported[m
09-28 17:51:20.921 11831 12052 I C00f00/OH_DER_VSync: scheduleVsync RequestFrame rc=<private>
09-28 17:51:20.921   818   818 E C02515/DISP: [0;32;31m[GetMetadata:109] <private> is not supported[m
09-28 17:51:20.922   818   818 E C01406/skia: RSBaseRenderUtil::DealWithSurfaceRotationAndGravity, GetSurfaceBufferOpaque:0
09-28 17:51:20.922   818   818 E C02515/DISP: [0;32;31m[GetMetadata:109] <private> is not supported[m
09-28 17:51:20.922   818   818 E C01406/skia: RSBaseRenderUtil::DealWithSurfaceRotationAndGravity, GetSurfaceBufferOpaque:0
09-28 17:51:20.922   818   818 E C02515/DISP: [0;32;31m[GetMetadata:109] <private> is not supported[m
09-28 17:51:20.924   818  1137 E C02515/DISP: [0;32;31m[SetMetadata:102] <private> is not supported[m
09-28 17:51:20.924   818  1137 E C02515/METADATA_SRV: [0;32;31m[SetMetadata:136]  fail[m
09-28 17:51:20.924   818  1137 E C01401/Bufferqueue: <surface_buffer_impl.cpp:714-SetMetadata>: SetMetadata Failed with -5
09-28 17:51:20.924   818  1137 E C01406/skia: SurfaceNodeDrawable DrawCommSurfaceWatermark Name:BackgroundBlurView2 Id:8933531975688 water mark count is zero
09-28 17:51:20.924   818  1137 E C01406/skia: RSBaseRenderUtil::DealWithSurfaceRotationAndGravity, GetSurfaceBufferOpaque:0
09-28 17:51:20.925   818  1137 I C01406/WRAP: AHardwareBuffer_createFromHandle index = <private> handle = <private>, ahb = <private>
09-28 17:51:20.925   818  1137 E C01406/skia: SurfaceNodeDrawable DrawCommSurfaceWatermark Name:AdapterActivityContent Id:50813758078979 water mark count is zero
09-28 17:51:20.925   818  1137 E C01406/skia: RSBaseRenderUtil::DealWithSurfaceRotationAndGravity, GetSurfaceBufferOpaque:0
09-28 17:51:20.925   818  1137 I C01406/WRAP: AHardwareBuffer_createFromHandle index = <private> handle = <private>, ahb = <private>
09-28 17:51:20.925   818  1137 E C01406/skia: SurfaceNodeDrawable DrawCommSurfaceWatermark Name:AdapterSurfaceView Id:50813758078980 water mark count is zero
09-28 17:51:20.925   818  1137 E C01406/skia: SurfaceNodeDrawable DrawCommSurfaceWatermark Name:com.a2hlab.bridge.zigzag/com.unity3d.player.UnityPlayerActivity Id:50813758078977 water mark count is zero
09-28 17:51:20.925   818  1137 E C01406/skia: SurfaceNodeDrawable DrawCommSurfaceWatermark Name:WindowScene_zigzag33 Id:8933531976525 water mark count is zero
09-28 17:51:20.926   818  1137 E C01406/skia: SurfaceNodeDrawable DrawCommSurfaceWatermark Name:SCBGestureNavBar13 Id:8933531975827 water mark count is zero
09-28 17:51:20.926   818  1137 E C01406/skia: SurfaceNodeDrawable DrawCommSurfaceWatermark Name:SCBStatusBar15 Id:8933531975907 water mark count is zero
09-28 17:51:20.927   818  1137 E C02515/DISP: [0;32;31m[GetMetadata:109] <private> is not supported[m
09-28 17:51:20.927   818  1137 E C02515/DISP: [0;32;31m[SetMetadata:102] <private> is not supported[m
09-28 17:51:20.927   818  1137 E C02515/METADATA_SRV: [0;32;31m[SetMetadata:136]  fail[m
09-28 17:51:20.927   818  1137 E C01401/Bufferqueue: <surface_buffer_impl.cpp:714-SetMetadata>: SetMetadata Failed with -5
09-28 17:51:20.927   818  1137 E C01406/skia: RSUniRenderComposerAdapter::SetBufferColorSpace set color space fail
09-28 17:51:20.937 11831 12054 I C00f00/OH_DER_VSync: onOhVsync ENTRY ts=<private> data=<private>
09-28 17:51:20.937 11831 12052 I C00f00/OH_DER_VSync: scheduleVsync ENTRY receiverPtr=0x<private>
09-28 17:51:20.937 11831 12052 I C00f00/OH_DER_VSync: scheduleVsync calling RequestFrame ohVsync=<private>
09-28 17:51:20.938 11831 12052 I C00f00/OH_DER_VSync: scheduleVsync RequestFrame rc=<private>
09-28 17:51:20.939   818  1132 E C02515/DISP: [0;32;31m[SetMetadata:102] <private> is not supported[m
09-28 17:51:20.939   818  1132 E C02515/METADATA_SRV: [0;32;31m[SetMetadata:136]  fail[m
09-28 17:51:20.939   818  1132 E C01401/Bufferqueue: <surface_buffer_impl.cpp:714-SetMetadata>: SetMetadata Failed with -5
09-28 17:51:20.940   793  4141 E C02515/DISP: [0;32;31m[SetLayerMaskInfo@display_composer_vdi_impl.cpp:404] <private> is not supported[m
09-28 17:51:20.940   818  1228 E C02515/DISP: [0;32;31m[SetMetadata:102] <private> is not supported[m
09-28 17:51:20.940   818  1228 E C02515/METADATA_SRV: [0;32;31m[SetMetadata:136]  fail[m
09-28 17:51:20.940   818  1228 E C01401/Bufferqueue: <surface_buffer_impl.cpp:714-SetMetadata>: SetMetadata Failed with -5
09-28 17:51:20.941   793  4141 E C02515/DISP: [0;32;31m[SetDisplayClientDamage@display_composer_vdi_impl.cpp:179] <private> is not supported[m
09-28 17:51:20.942  1048  1170 I C02d13/HDC_LOG: [daemon.cpp:1142] FetchCommand channelId:1023905888 command:1001
09-28 17:51:20.942  1048  1170 I C02d13/HDC_LOG: [session.cpp:1652] New HTaskInfo cid:1023905888 sid:213******641(L:10) command:1001
09-28 17:51:20.942  1048  1170 I C02d13/HDC_LOG: [session.cpp:891] AdminTask add task type:0 cid:1023905888 sid:213******641(L:10) mapsize:2
09-28 17:51:20.942  1048  1170 I C02d13/HDC_LOG: [task.cpp:34] HdcTaskBase type:0 cid:1023905888 sid:213******641(L:10)
09-28 17:51:20.942  1048  1170 I C02d13/HDC_LOG: [daemon_unity.cpp:414] Unity CommandDispatch command:1001 cid:1023905888 sid:213******641(L:10)
09-28 17:51:20.942  1048  1170 W C02d13/HDC_LOG: [async_cmd.cpp:114] GetDevItem false key:persist.hdc.root
09-28 17:51:20.942  1048 12558 I C02d13/HDC_LOG: [async_cmd.cpp:225] Popen pipe fds[pipeRead]:36 fds[pipeWrite]:37, mode 0
09-28 17:51:20.944  1048  1170 I C02d13/HDC_LOG: [async_cmd.cpp:291] ExecuteCommand cmd:param get const.product.os.dist.apiname fd:36 pid:12559
09-28 17:51:20.944  1048  1170 I C02d13/HDC_LOG: [daemon_unity.cpp:486] Unity CommandDispatch command:1001 finish cid:1023905888 sid:213******641(L:10)
09-28 17:51:20.945 12559 12559 W C02d13/HDC_LOG: [async_cmd.cpp:140] SetSelinuxLabel con:u:r:su:s0 isRoot:0
09-28 17:51:20.954 11831 12054 I C00f00/OH_DER_VSync: onOhVsync ENTRY ts=<private> data=<private>
09-28 17:51:20.954   818   818 E C02515/DISP: [0;32;31m[GetMetadata:109] <private> is not supported[m
09-28 17:51:20.954 11831 12052 I C00f00/OH_DER_VSync: scheduleVsync ENTRY receiverPtr=0x<private>
09-28 17:51:20.954 11831 12052 I C00f00/OH_DER_VSync: scheduleVsync calling RequestFrame ohVsync=<private>
09-28 17:51:20.954   818   818 E C02515/DISP: [0;32;31m[GetMetadata:109] <private> is not supported[m
09-28 17:51:20.954 11831 12052 I C00f00/OH_DER_VSync: scheduleVsync RequestFrame rc=<private>
09-28 17:51:20.954   818   818 E C02515/DISP: [0;32;31m[GetMetadata:109] <private> is not supported[m
09-28 17:51:20.955   818   818 E C01406/skia: RSBaseRenderUtil::DealWithSurfaceRotationAndGravity, GetSurfaceBufferOpaque:0
09-28 17:51:20.956   818   818 E C02515/DISP: [0;32;31m[GetMetadata:109] <private> is not supported[m
09-28 17:51:20.956   818   818 E C01406/skia: RSBaseRenderUtil::DealWithSurfaceRotationAndGravity, GetSurfaceBufferOpaque:0
09-28 17:51:20.956   818   818 E C02515/DISP: [0;32;31m[GetMetadata:109] <private> is not supported[m
09-28 17:51:20.957   818  1137 E C02515/DISP: [0;32;31m[SetMetadata:102] <private> is not supported[m
09-28 17:51:20.957   818  1137 E C02515/METADATA_SRV: [0;32;31m[SetMetadata:136]  fail[m
09-28 17:51:20.957   818  1137 E C01401/Bufferqueue: <surface_buffer_impl.cpp:714-SetMetadata>: SetMetadata Failed with -5
09-28 17:51:20.958   818  1137 E C01406/skia: SurfaceNodeDrawable DrawCommSurfaceWatermark Name:BackgroundBlurView2 Id:8933531975688 water mark count is zero
09-28 17:51:20.958   818  1137 E C01406/skia: RSBaseRenderUtil::DealWithSurfaceRotationAndGravity, GetSurfaceBufferOpaque:0
09-28 17:51:20.958   818  1137 I C01406/WRAP: AHardwareBuffer_createFromHandle index = <private> handle = <private>, ahb = <private>
09-28 17:51:20.958   818  1137 E C01406/skia: SurfaceNodeDrawable DrawCommSurfaceWatermark Name:AdapterActivityContent Id:50813758078979 water mark count is zero
09-28 17:51:20.958   818  1137 E C01406/skia: RSBaseRenderUtil::DealWithSurfaceRotationAndGravity, GetSurfaceBufferOpaque:0
09-28 17:51:20.958   818  1137 I C01406/WRAP: AHardwareBuffer_createFromHandle index = <private> handle = <private>, ahb = <private>
09-28 17:51:20.959   818  1137 E C01406/skia: SurfaceNodeDrawable DrawCommSurfaceWatermark Name:AdapterSurfaceView Id:50813758078980 water mark count is zero
09-28 17:51:20.959   818  1137 E C01406/skia: SurfaceNodeDrawable DrawCommSurfaceWatermark Name:com.a2hlab.bridge.zigzag/com.unity3d.player.UnityPlayerActivity Id:50813758078977 water mark count is zero
09-28 17:51:20.959   818  1137 E C01406/skia: SurfaceNodeDrawable DrawCommSurfaceWatermark Name:WindowScene_zigzag33 Id:8933531976525 water mark count is zero
09-28 17:51:20.959   818  1137 E C01406/skia: SurfaceNodeDrawable DrawCommSurfaceWatermark Name:SCBGestureNavBar13 Id:8933531975827 water mark count is zero
09-28 17:51:20.959   818  1137 E C01406/skia: SurfaceNodeDrawable DrawCommSurfaceWatermark Name:SCBStatusBar15 Id:8933531975907 water mark count is zero
09-28 17:51:20.961   818  1137 E C02515/DISP: [0;32;31m[GetMetadata:109] <private> is not supported[m
09-28 17:51:20.961   818  1137 E C02515/DISP: [0;32;31m[SetMetadata:102] <private> is not supported[m
09-28 17:51:20.961   818  1137 E C02515/METADATA_SRV: [0;32;31m[SetMetadata:136]  fail[m
09-28 17:51:20.961   818  1137 E C01401/Bufferqueue: <surface_buffer_impl.cpp:714-SetMetadata>: SetMetadata Failed with -5
09-28 17:51:20.961   818  1137 E C01406/skia: RSUniRenderComposerAdapter::SetBufferColorSpace set color space fail
09-28 17:51:20.970 11831 12054 I C00f00/OH_DER_VSync: onOhVsync ENTRY ts=<private> data=<private>
09-28 17:51:20.971 11831 12052 I C00f00/OH_DER_VSync: scheduleVsync ENTRY receiverPtr=0x<private>
09-28 17:51:20.971 11831 12052 I C00f00/OH_DER_VSync: scheduleVsync calling RequestFrame ohVsync=<private>
09-28 17:51:20.971 11831 12052 I C00f00/OH_DER_VSync: scheduleVsync RequestFrame rc=<private>
09-28 17:51:20.972   818  1132 E C02515/DISP: [0;32;31m[SetMetadata:102] <private> is not supported[m
09-28 17:51:20.972   818  1132 E C02515/METADATA_SRV: [0;32;31m[SetMetadata:136]  fail[m
09-28 17:51:20.972   818  1132 E C01401/Bufferqueue: <surface_buffer_impl.cpp:714-SetMetadata>: SetMetadata Failed with -5
09-28 17:51:20.974   793  4141 E C02515/DISP: [0;32;31m[SetLayerMaskInfo@display_composer_vdi_impl.cpp:404] <private> is not supported[m
09-28 17:51:20.974   818  1228 E C02515/DISP: [0;32;31m[SetMetadata:102] <private> is not supported[m
09-28 17:51:20.974   818  1228 E C02515/METADATA_SRV: [0;32;31m[SetMetadata:136]  fail[m
09-28 17:51:20.974   818  1228 E C01401/Bufferqueue: <surface_buffer_impl.cpp:714-SetMetadata>: SetMetadata Failed with -5
09-28 17:51:20.975   793  4141 E C02515/DISP: [0;32;31m[SetDisplayClientDamage@display_composer_vdi_impl.cpp:179] <private> is not supported[m
09-28 17:51:20.985  1048 12560 I C02d13/HDC_LOG: [async_cmd.cpp:88] FinishShellProc finish pipeRead fd:36 pid:12559 count:1
09-28 17:51:20.985  1048 12560 I C02d13/HDC_LOG: [task.cpp:55] HdcTaskBase::TaskFinish notify begin type:0 cid:1023905888 sid:213******641(L:10)
09-28 17:51:20.985  1048 12560 I C02d13/HDC_LOG: [task.cpp:58] HdcTaskBase::TaskFinish notify end type:0 cid:1023905888 sid:213******641(L:10)
09-28 17:51:20.987 11831 12054 I C00f00/OH_DER_VSync: onOhVsync ENTRY ts=<private> data=<private>
09-28 17:51:20.987   818   818 E C02515/DISP: [0;32;31m[GetMetadata:109] <private> is not supported[m
09-28 17:51:20.987 11831 12052 I C00f00/OH_DER_VSync: scheduleVsync ENTRY receiverPtr=0x<private>
09-28 17:51:20.987 11831 12052 I C00f00/OH_DER_VSync: scheduleVsync calling RequestFrame ohVsync=<private>
09-28 17:51:20.987   818   818 E C02515/DISP: [0;32;31m[GetMetadata:109] <private> is not supported[m
09-28 17:51:20.988 11831 12052 I C00f00/OH_DER_VSync: scheduleVsync RequestFrame rc=<private>
09-28 17:51:20.988  1048  1170 I C02d13/HDC_LOG: [daemon.cpp:1142] FetchCommand channelId:1023905888 command:2
09-28 17:51:20.988  1048  1170 W C02d13/HDC_LOG: [session.cpp:160] BeginRemoveTask taskType:0 channelId:1023905888
09-28 17:51:20.988   818   818 E C02515/DISP: [0;32;31m[GetMetadata:109] <private> is not supported[m
09-28 17:51:20.988  1048  1170 W C02d13/HDC_LOG: [session.cpp:190] ClearOwnTasks OP_CLEAR finish, sessionId:213******641(L:10) channelIDInput:1023905888
09-28 17:51:20.988  1048  1170 W C02d13/HDC_LOG: [session.cpp:115] taskClassDeleteRetry start clear task, taskType:0 cid:1023905888 sid:213******641(L:10)
09-28 17:51:20.988  1048  1170 I C02d13/HDC_LOG: [async_cmd.cpp:69] DoRelease rc:-3 pid:12559
09-28 17:51:20.988  1048  1170 I C02d13/HDC_LOG: [session.cpp:126] TaskDelay task remove retry count 0/30, taskType:0 channelId:1023905888, sessionId:213******641(L:10)
09-28 17:51:20.988  1048  1170 I C02d13/HDC_LOG: [daemon_unity.cpp:31] ~HdcDaemonUnity cid:1023905888 sid:213******641(L:10)
09-28 17:51:20.988  1048  1170 I C02d13/HDC_LOG: [task.cpp:40] ~HdcTaskBase type:0 cid:1023905888 sid:213******641(L:10)
09-28 17:51:20.988  1048  1170 W C02d13/HDC_LOG: [session.cpp:134] TaskDelay task remove finish, channelId:1023905888
09-28 17:51:20.988  1048  1170 I C02d13/HDC_LOG: [base.cpp:969] before uv handle close, the uv handle type is 13
09-28 17:51:20.989   818   818 E C01406/skia: RSBaseRenderUtil::DealWithSurfaceRotationAndGravity, GetSurfaceBufferOpaque:0
09-28 17:51:20.989   818   818 E C02515/DISP: [0;32;31m[GetMetadata:109] <private> is not supported[m
09-28 17:51:20.989   818   818 E C01406/skia: RSBaseRenderUtil::DealWithSurfaceRotationAndGravity, GetSurfaceBufferOpaque:0
09-28 17:51:20.989   818   818 E C02515/DISP: [0;32;31m[GetMetadata:109] <private> is not supported[m
09-28 17:51:20.991   818  1137 E C02515/DISP: [0;32;31m[SetMetadata:102] <private> is not supported[m
09-28 17:51:20.991   818  1137 E C02515/METADATA_SRV: [0;32;31m[SetMetadata:136]  fail[m
09-28 17:51:20.991   818  1137 E C01401/Bufferqueue: <surface_buffer_impl.cpp:714-SetMetadata>: SetMetadata Failed with -5
09-28 17:51:20.991   818  1137 E C01406/skia: SurfaceNodeDrawable DrawCommSurfaceWatermark Name:BackgroundBlurView2 Id:8933531975688 water mark count is zero
09-28 17:51:20.991   818  1137 E C01406/skia: RSBaseRenderUtil::DealWithSurfaceRotationAndGravity, GetSurfaceBufferOpaque:0
09-28 17:51:20.991   818  1137 I C01406/WRAP: AHardwareBuffer_createFromHandle index = <private> handle = <private>, ahb = <private>
09-28 17:51:20.992   818  1137 E C01406/skia: SurfaceNodeDrawable DrawCommSurfaceWatermark Name:AdapterActivityContent Id:50813758078979 water mark count is zero
09-28 17:51:20.992   818  1137 E C01406/skia: RSBaseRenderUtil::DealWithSurfaceRotationAndGravity, GetSurfaceBufferOpaque:0
09-28 17:51:20.992   818  1137 I C01406/WRAP: AHardwareBuffer_createFromHandle index = <private> handle = <private>, ahb = <private>
09-28 17:51:20.992   818  1137 E C01406/skia: SurfaceNodeDrawable DrawCommSurfaceWatermark Name:AdapterSurfaceView Id:50813758078980 water mark count is zero
09-28 17:51:20.992   818  1137 E C01406/skia: SurfaceNodeDrawable DrawCommSurfaceWatermark Name:com.a2hlab.bridge.zigzag/com.unity3d.player.UnityPlayerActivity Id:50813758078977 water mark count is zero
09-28 17:51:20.992   818  1137 E C01406/skia: SurfaceNodeDrawable DrawCommSurfaceWatermark Name:WindowScene_zigzag33 Id:8933531976525 water mark count is zero
09-28 17:51:20.992   818  1137 E C01406/skia: SurfaceNodeDrawable DrawCommSurfaceWatermark Name:SCBGestureNavBar13 Id:8933531975827 water mark count is zero
09-28 17:51:20.992   818  1137 E C01406/skia: SurfaceNodeDrawable DrawCommSurfaceWatermark Name:SCBStatusBar15 Id:8933531975907 water mark count is zero
09-28 17:51:20.993  1048  1170 I C02d13/HDC_LOG: [daemon.cpp:1142] FetchCommand channelId:1023905888 command:2
09-28 17:51:20.994   818  1137 E C02515/DISP: [0;32;31m[GetMetadata:109] <private> is not supported[m
09-28 17:51:20.994   818  1137 E C02515/DISP: [0;32;31m[SetMetadata:102] <private> is not supported[m
09-28 17:51:20.994   818  1137 E C02515/METADATA_SRV: [0;32;31m[SetMetadata:136]  fail[m
09-28 17:51:20.994   818  1137 E C01401/Bufferqueue: <surface_buffer_impl.cpp:714-SetMetadata>: SetMetadata Failed with -5
09-28 17:51:20.994   818  1137 E C01406/skia: RSUniRenderComposerAdapter::SetBufferColorSpace set color space fail
09-28 17:51:21.004 11831 12054 I C00f00/OH_DER_VSync: onOhVsync ENTRY ts=<private> data=<private>
09-28 17:51:21.004 11831 12052 I C00f00/OH_DER_VSync: scheduleVsync ENTRY receiverPtr=0x<private>
09-28 17:51:21.004 11831 12052 I C00f00/OH_DER_VSync: scheduleVsync calling RequestFrame ohVsync=<private>
09-28 17:51:21.004 11831 12052 I C00f00/OH_DER_VSync: scheduleVsync RequestFrame rc=<private>
09-28 17:51:21.006   818  1132 E C02515/DISP: [0;32;31m[SetMetadata:102] <private> is not supported[m
09-28 17:51:21.006   818  1132 E C02515/METADATA_SRV: [0;32;31m[SetMetadata:136]  fail[m
09-28 17:51:21.006   818  1132 E C01401/Bufferqueue: <surface_buffer_impl.cpp:714-SetMetadata>: SetMetadata Failed with -5
09-28 17:51:21.006   793  4141 E C02515/DISP: [0;32;31m[SetLayerMaskInfo@display_composer_vdi_impl.cpp:404] <private> is not supported[m
09-28 17:51:21.006   818  1228 E C02515/DISP: [0;32;31m[SetMetadata:102] <private> is not supported[m
09-28 17:51:21.006   818  1228 E C02515/METADATA_SRV: [0;32;31m[SetMetadata:136]  fail[m
09-28 17:51:21.007   818  1228 E C01401/Bufferqueue: <surface_buffer_impl.cpp:714-SetMetadata>: SetMetadata Failed with -5
09-28 17:51:21.007   793  4141 E C02515/DISP: [0;32;31m[SetDisplayClientDamage@display_composer_vdi_impl.cpp:179] <private> is not supported[m
09-28 17:51:21.020 11831 12054 I C00f00/OH_DER_VSync: onOhVsync ENTRY ts=<private> data=<private>
09-28 17:51:21.021 11831 12052 I C00f00/OH_DER_VSync: scheduleVsync ENTRY receiverPtr=0x<private>
09-28 17:51:21.021   818   818 E C02515/DISP: [0;32;31m[GetMetadata:109] <private> is not supported[m
09-28 17:51:21.021 11831 12052 I C00f00/OH_DER_VSync: scheduleVsync calling RequestFrame ohVsync=<private>
09-28 17:51:21.021 11831 12052 I C00f00/OH_DER_VSync: scheduleVsync RequestFrame rc=<private>
09-28 17:51:21.021   818   818 E C02515/DISP: [0;32;31m[GetMetadata:109] <private> is not supported[m
09-28 17:51:21.021   818   818 E C02515/DISP: [0;32;31m[GetMetadata:109] <private> is not supported[m
09-28 17:51:21.022   818   818 E C01406/skia: RSBaseRenderUtil::DealWithSurfaceRotationAndGravity, GetSurfaceBufferOpaque:0
09-28 17:51:21.022   818   818 E C02515/DISP: [0;32;31m[GetMetadata:109] <private> is not supported[m
09-28 17:51:21.022   818   818 E C01406/skia: RSBaseRenderUtil::DealWithSurfaceRotationAndGravity, GetSurfaceBufferOpaque:0
09-28 17:51:21.022   818   818 E C02515/DISP: [0;32;31m[GetMetadata:109] <private> is not supported[m
09-28 17:51:21.024   818  1137 E C02515/DISP: [0;32;31m[SetMetadata:102] <private> is not supported[m
09-28 17:51:21.024   818  1137 E C02515/METADATA_SRV: [0;32;31m[SetMetadata:136]  fail[m
09-28 17:51:21.024   818  1137 E C01401/Bufferqueue: <surface_buffer_impl.cpp:714-SetMetadata>: SetMetadata Failed with -5
09-28 17:51:21.024   818  1137 E C01406/skia: SurfaceNodeDrawable DrawCommSurfaceWatermark Name:BackgroundBlurView2 Id:8933531975688 water mark count is zero
09-28 17:51:21.024   818  1137 E C01406/skia: RSBaseRenderUtil::DealWithSurfaceRotationAndGravity, GetSurfaceBufferOpaque:0
09-28 17:51:21.025   818  1137 I C01406/WRAP: AHardwareBuffer_createFromHandle index = <private> handle = <private>, ahb = <private>
09-28 17:51:21.025   818  1137 E C01406/skia: SurfaceNodeDrawable DrawCommSurfaceWatermark Name:AdapterActivityContent Id:50813758078979 water mark count is zero
09-28 17:51:21.025   818  1137 E C01406/skia: RSBaseRenderUtil::DealWithSurfaceRotationAndGravity, GetSurfaceBufferOpaque:0
09-28 17:51:21.025   818  1137 I C01406/WRAP: AHardwareBuffer_createFromHandle index = <private> handle = <private>, ahb = <private>
09-28 17:51:21.025   818  1137 E C01406/skia: SurfaceNodeDrawable DrawCommSurfaceWatermark Name:AdapterSurfaceView Id:50813758078980 water mark count is zero
09-28 17:51:21.025   818  1137 E C01406/skia: SurfaceNodeDrawable DrawCommSurfaceWatermark Name:com.a2hlab.bridge.zigzag/com.unity3d.player.UnityPlayerActivity Id:50813758078977 water mark count is zero
09-28 17:51:21.025   818  1137 E C01406/skia: SurfaceNodeDrawable DrawCommSurfaceWatermark Name:WindowScene_zigzag33 Id:8933531976525 water mark count is zero
09-28 17:51:21.026   818  1137 E C01406/skia: SurfaceNodeDrawable DrawCommSurfaceWatermark Name:SCBGestureNavBar13 Id:8933531975827 water mark count is zero
09-28 17:51:21.026   818  1137 E C01406/skia: SurfaceNodeDrawable DrawCommSurfaceWatermark Name:SCBStatusBar15 Id:8933531975907 water mark count is zero
09-28 17:51:21.027   818  1137 E C02515/DISP: [0;32;31m[GetMetadata:109] <private> is not supported[m
09-28 17:51:21.027   818  1137 E C02515/DISP: [0;32;31m[SetMetadata:102] <private> is not supported[m
09-28 17:51:21.027   818  1137 E C02515/METADATA_SRV: [0;32;31m[SetMetadata:136]  fail[m
09-28 17:51:21.027   818  1137 E C01401/Bufferqueue: <surface_buffer_impl.cpp:714-SetMetadata>: SetMetadata Failed with -5
09-28 17:51:21.027   818  1137 E C01406/skia: RSUniRenderComposerAdapter::SetBufferColorSpace set color space fail
09-28 17:51:21.037 11831 12054 I C00f00/OH_DER_VSync: onOhVsync ENTRY ts=<private> data=<private>
09-28 17:51:21.037 11831 12052 I C00f00/OH_DER_VSync: scheduleVsync ENTRY receiverPtr=0x<private>
09-28 17:51:21.037 11831 12052 I C00f00/OH_DER_VSync: scheduleVsync calling RequestFrame ohVsync=<private>
09-28 17:51:21.037 11831 12052 I C00f00/OH_DER_VSync: scheduleVsync RequestFrame rc=<private>
09-28 17:51:21.039   818  1132 E C02515/DISP: [0;32;31m[SetMetadata:102] <private> is not supported[m
09-28 17:51:21.039   818  1132 E C02515/METADATA_SRV: [0;32;31m[SetMetadata:136]  fail[m
09-28 17:51:21.039   818  1132 E C01401/Bufferqueue: <surface_buffer_impl.cpp:714-SetMetadata>: SetMetadata Failed with -5
09-28 17:51:21.040   793  4141 E C02515/DISP: [0;32;31m[SetLayerMaskInfo@display_composer_vdi_impl.cpp:404] <private> is not supported[m
09-28 17:51:21.040   818  1228 E C02515/DISP: [0;32;31m[SetMetadata:102] <private> is not supported[m
09-28 17:51:21.040   818  1228 E C02515/METADATA_SRV: [0;32;31m[SetMetadata:136]  fail[m
09-28 17:51:21.040   818  1228 E C01401/Bufferqueue: <surface_buffer_impl.cpp:714-SetMetadata>: SetMetadata Failed with -5
09-28 17:51:21.041   793  4141 E C02515/DISP: [0;32;31m[SetDisplayClientDamage@display_composer_vdi_impl.cpp:179] <private> is not supported[m
09-28 17:51:21.054 11831 12054 I C00f00/OH_DER_VSync: onOhVsync ENTRY ts=<private> data=<private>
09-28 17:51:21.054 11831 12052 I C00f00/OH_DER_VSync: scheduleVsync ENTRY receiverPtr=0x<private>
09-28 17:51:21.054 11831 12052 I C00f00/OH_DER_VSync: scheduleVsync calling RequestFrame ohVsync=<private>
09-28 17:51:21.054   818   818 E C02515/DISP: [0;32;31m[GetMetadata:109] <private> is not supported[m
09-28 17:51:21.054   818   818 E C02515/DISP: [0;32;31m[GetMetadata:109] <private> is not supported[m
09-28 17:51:21.054 11831 12052 I C00f00/OH_DER_VSync: scheduleVsync RequestFrame rc=<private>
09-28 17:51:21.054   818   818 E C02515/DISP: [0;32;31m[GetMetadata:109] <private> is not supported[m
09-28 17:51:21.055   818   818 E C01406/skia: RSBaseRenderUtil::DealWithSurfaceRotationAndGravity, GetSurfaceBufferOpaque:0
09-28 17:51:21.055   818   818 E C02515/DISP: [0;32;31m[GetMetadata:109] <private> is not supported[m
09-28 17:51:21.056   818   818 E C01406/skia: RSBaseRenderUtil::DealWithSurfaceRotationAndGravity, GetSurfaceBufferOpaque:0
09-28 17:51:21.056   818   818 E C02515/DISP: [0;32;31m[GetMetadata:109] <private> is not supported[m
09-28 17:51:21.057   818  1137 E C02515/DISP: [0;32;31m[SetMetadata:102] <private> is not supported[m
09-28 17:51:21.057   818  1137 E C02515/METADATA_SRV: [0;32;31m[SetMetadata:136]  fail[m
09-28 17:51:21.057   818  1137 E C01401/Bufferqueue: <surface_buffer_impl.cpp:714-SetMetadata>: SetMetadata Failed with -5
09-28 17:51:21.058   818  1137 E C01406/skia: SurfaceNodeDrawable DrawCommSurfaceWatermark Name:BackgroundBlurView2 Id:8933531975688 water mark count is zero
09-28 17:51:21.058   818  1137 E C01406/skia: RSBaseRenderUtil::DealWithSurfaceRotationAndGravity, GetSurfaceBufferOpaque:0
09-28 17:51:21.058   818  1137 I C01406/WRAP: AHardwareBuffer_createFromHandle index = <private> handle = <private>, ahb = <private>
09-28 17:51:21.058   818  1137 E C01406/skia: SurfaceNodeDrawable DrawCommSurfaceWatermark Name:AdapterActivityContent Id:50813758078979 water mark count is zero
09-28 17:51:21.058   818  1137 E C01406/skia: RSBaseRenderUtil::DealWithSurfaceRotationAndGravity, GetSurfaceBufferOpaque:0
09-28 17:51:21.058   818  1137 I C01406/WRAP: AHardwareBuffer_createFromHandle index = <private> handle = <private>, ahb = <private>
09-28 17:51:21.059   818  1137 E C01406/skia: SurfaceNodeDrawable DrawCommSurfaceWatermark Name:AdapterSurfaceView Id:50813758078980 water mark count is zero
09-28 17:51:21.059   818  1137 E C01406/skia: SurfaceNodeDrawable DrawCommSurfaceWatermark Name:com.a2hlab.bridge.zigzag/com.unity3d.player.UnityPlayerActivity Id:50813758078977 water mark count is zero
09-28 17:51:21.059   818  1137 E C01406/skia: SurfaceNodeDrawable DrawCommSurfaceWatermark Name:WindowScene_zigzag33 Id:8933531976525 water mark count is zero
09-28 17:51:21.059   818  1137 E C01406/skia: SurfaceNodeDrawable DrawCommSurfaceWatermark Name:SCBGestureNavBar13 Id:8933531975827 water mark count is zero
09-28 17:51:21.059   818  1137 E C01406/skia: SurfaceNodeDrawable DrawCommSurfaceWatermark Name:SCBStatusBar15 Id:8933531975907 water mark count is zero
09-28 17:51:21.060   818  1137 E C02515/DISP: [0;32;31m[GetMetadata:109] <private> is not supported[m
09-28 17:51:21.061   818  1137 E C02515/DISP: [0;32;31m[SetMetadata:102] <private> is not supported[m
09-28 17:51:21.061   818  1137 E C02515/METADATA_SRV: [0;32;31m[SetMetadata:136]  fail[m
09-28 17:51:21.061   818  1137 E C01401/Bufferqueue: <surface_buffer_impl.cpp:714-SetMetadata>: SetMetadata Failed with -5
09-28 17:51:21.061   818  1137 E C01406/skia: RSUniRenderComposerAdapter::SetBufferColorSpace set color space fail
09-28 17:51:21.061  1048  1170 I C02d13/HDC_LOG: [daemon.cpp:1142] FetchCommand channelId:4081507093 command:1001
09-28 17:51:21.061  1048  1170 I C02d13/HDC_LOG: [session.cpp:1652] New HTaskInfo cid:4081507093 sid:213******641(L:10) command:1001
09-28 17:51:21.061  1048  1170 I C02d13/HDC_LOG: [session.cpp:891] AdminTask add task type:0 cid:4081507093 sid:213******641(L:10) mapsize:2
09-28 17:51:21.061  1048  1170 I C02d13/HDC_LOG: [task.cpp:34] HdcTaskBase type:0 cid:4081507093 sid:213******641(L:10)
09-28 17:51:21.061  1048  1170 I C02d13/HDC_LOG: [daemon_unity.cpp:414] Unity CommandDispatch command:1001 cid:4081507093 sid:213******641(L:10)
09-28 17:51:21.061  1048  1170 W C02d13/HDC_LOG: [async_cmd.cpp:114] GetDevItem false key:persist.hdc.root
09-28 17:51:21.062  1048 12561 I C02d13/HDC_LOG: [async_cmd.cpp:225] Popen pipe fds[pipeRead]:36 fds[pipeWrite]:37, mode 0
09-28 17:51:21.064  1048  1170 I C02d13/HDC_LOG: [async_cmd.cpp:291] ExecuteCommand cmd:param get const.product.os.dist.apiname fd:36 pid:12562
09-28 17:51:21.064  1048  1170 I C02d13/HDC_LOG: [daemon_unity.cpp:486] Unity CommandDispatch command:1001 finish cid:4081507093 sid:213******641(L:10)
09-28 17:51:21.064 12562 12562 W C02d13/HDC_LOG: [async_cmd.cpp:140] SetSelinuxLabel con:u:r:su:s0 isRoot:0
09-28 17:51:21.071 11831 12054 I C00f00/OH_DER_VSync: onOhVsync ENTRY ts=<private> data=<private>
09-28 17:51:21.071 11831 12052 I C00f00/OH_DER_VSync: scheduleVsync ENTRY receiverPtr=0x<private>
09-28 17:51:21.071 11831 12052 I C00f00/OH_DER_VSync: scheduleVsync calling RequestFrame ohVsync=<private>
09-28 17:51:21.071 11831 12052 I C00f00/OH_DER_VSync: scheduleVsync RequestFrame rc=<private>
09-28 17:51:21.073   818  1132 E C02515/DISP: [0;32;31m[SetMetadata:102] <private> is not supported[m
09-28 17:51:21.073   818  1132 E C02515/METADATA_SRV: [0;32;31m[SetMetadata:136]  fail[m
09-28 17:51:21.073   818  1132 E C01401/Bufferqueue: <surface_buffer_impl.cpp:714-SetMetadata>: SetMetadata Failed with -5
09-28 17:51:21.073   793  4141 E C02515/DISP: [0;32;31m[SetLayerMaskInfo@display_composer_vdi_impl.cpp:404] <private> is not supported[m
09-28 17:51:21.073   818  1228 E C02515/DISP: [0;32;31m[SetMetadata:102] <private> is not supported[m
09-28 17:51:21.073   818  1228 E C02515/METADATA_SRV: [0;32;31m[SetMetadata:136]  fail[m
09-28 17:51:21.073   818  1228 E C01401/Bufferqueue: <surface_buffer_impl.cpp:714-SetMetadata>: SetMetadata Failed with -5
09-28 17:51:21.074   793  4141 E C02515/DISP: [0;32;31m[SetDisplayClientDamage@display_composer_vdi_impl.cpp:179] <private> is not supported[m
09-28 17:51:21.084  1048 12563 I C02d13/HDC_LOG: [async_cmd.cpp:88] FinishShellProc finish pipeRead fd:36 pid:12562 count:1
09-28 17:51:21.084  1048 12563 I C02d13/HDC_LOG: [task.cpp:55] HdcTaskBase::TaskFinish notify begin type:0 cid:4081507093 sid:213******641(L:10)
09-28 17:51:21.084  1048 12563 I C02d13/HDC_LOG: [task.cpp:58] HdcTaskBase::TaskFinish notify end type:0 cid:4081507093 sid:213******641(L:10)
09-28 17:51:21.087  1048  1170 I C02d13/HDC_LOG: [daemon.cpp:1142] FetchCommand channelId:4081507093 command:2
09-28 17:51:21.087 11831 12054 I C00f00/OH_DER_VSync: onOhVsync ENTRY ts=<private> data=<private>
09-28 17:51:21.087  1048  1170 W C02d13/HDC_LOG: [session.cpp:160] BeginRemoveTask taskType:0 channelId:4081507093
09-28 17:51:21.087  1048  1170 W C02d13/HDC_LOG: [session.cpp:190] ClearOwnTasks OP_CLEAR finish, sessionId:213******641(L:10) channelIDInput:4081507093
09-28 17:51:21.087  1048  1170 W C02d13/HDC_LOG: [session.cpp:115] taskClassDeleteRetry start clear task, taskType:0 cid:4081507093 sid:213******641(L:10)
09-28 17:51:21.087  1048  1170 I C02d13/HDC_LOG: [async_cmd.cpp:69] DoRelease rc:-3 pid:12562
09-28 17:51:21.087  1048  1170 I C02d13/HDC_LOG: [session.cpp:126] TaskDelay task remove retry count 0/30, taskType:0 channelId:4081507093, sessionId:213******641(L:10)
09-28 17:51:21.087  1048  1170 I C02d13/HDC_LOG: [daemon_unity.cpp:31] ~HdcDaemonUnity cid:4081507093 sid:213******641(L:10)
09-28 17:51:21.087  1048  1170 I C02d13/HDC_LOG: [task.cpp:40] ~HdcTaskBase type:0 cid:4081507093 sid:213******641(L:10)
09-28 17:51:21.087  1048  1170 W C02d13/HDC_LOG: [session.cpp:134] TaskDelay task remove finish, channelId:4081507093
09-28 17:51:21.087  1048  1170 I C02d13/HDC_LOG: [base.cpp:969] before uv handle close, the uv handle type is 13
09-28 17:51:21.087 11831 12052 I C00f00/OH_DER_VSync: scheduleVsync ENTRY receiverPtr=0x<private>
09-28 17:51:21.087 11831 12052 I C00f00/OH_DER_VSync: scheduleVsync calling RequestFrame ohVsync=<private>
09-28 17:51:21.087   818   818 E C02515/DISP: [0;32;31m[GetMetadata:109] <private> is not supported[m
09-28 17:51:21.088 11831 12052 I C00f00/OH_DER_VSync: scheduleVsync RequestFrame rc=<private>
09-28 17:51:21.088   818   818 E C02515/DISP: [0;32;31m[GetMetadata:109] <private> is not supported[m
09-28 17:51:21.088   818   818 E C02515/DISP: [0;32;31m[GetMetadata:109] <private> is not supported[m
09-28 17:51:21.089   818   818 E C01406/skia: RSBaseRenderUtil::DealWithSurfaceRotationAndGravity, GetSurfaceBufferOpaque:0
09-28 17:51:21.089   818   818 E C02515/DISP: [0;32;31m[GetMetadata:109] <private> is not supported[m
09-28 17:51:21.089   818   818 E C01406/skia: RSBaseRenderUtil::DealWithSurfaceRotationAndGravity, GetSurfaceBufferOpaque:0
09-28 17:51:21.089   818   818 E C02515/DISP: [0;32;31m[GetMetadata:109] <private> is not supported[m
09-28 17:51:21.091   818  1137 E C02515/DISP: [0;32;31m[SetMetadata:102] <private> is not supported[m
09-28 17:51:21.091   818  1137 E C02515/METADATA_SRV: [0;32;31m[SetMetadata:136]  fail[m
09-28 17:51:21.091   818  1137 E C01401/Bufferqueue: <surface_buffer_impl.cpp:714-SetMetadata>: SetMetadata Failed with -5
09-28 17:51:21.091   818  1137 E C01406/skia: SurfaceNodeDrawable DrawCommSurfaceWatermark Name:BackgroundBlurView2 Id:8933531975688 water mark count is zero
09-28 17:51:21.091   818  1137 E C01406/skia: RSBaseRenderUtil::DealWithSurfaceRotationAndGravity, GetSurfaceBufferOpaque:0
09-28 17:51:21.091  1048  1170 I C02d13/HDC_LOG: [daemon.cpp:1142] FetchCommand channelId:4081507093 command:2
09-28 17:51:21.091   818  1137 I C01406/WRAP: AHardwareBuffer_createFromHandle index = <private> handle = <private>, ahb = <private>
09-28 17:51:21.092   818  1137 E C01406/skia: SurfaceNodeDrawable DrawCommSurfaceWatermark Name:AdapterActivityContent Id:50813758078979 water mark count is zero
09-28 17:51:21.092   818  1137 E C01406/skia: RSBaseRenderUtil::DealWithSurfaceRotationAndGravity, GetSurfaceBufferOpaque:0
09-28 17:51:21.092   818  1137 I C01406/WRAP: AHardwareBuffer_createFromHandle index = <private> handle = <private>, ahb = <private>
09-28 17:51:21.092   818  1137 E C01406/skia: SurfaceNodeDrawable DrawCommSurfaceWatermark Name:AdapterSurfaceView Id:50813758078980 water mark count is zero
09-28 17:51:21.092   818  1137 E C01406/skia: SurfaceNodeDrawable DrawCommSurfaceWatermark Name:com.a2hlab.bridge.zigzag/com.unity3d.player.UnityPlayerActivity Id:50813758078977 water mark count is zero
09-28 17:51:21.092   818  1137 E C01406/skia: SurfaceNodeDrawable DrawCommSurfaceWatermark Name:WindowScene_zigzag33 Id:8933531976525 water mark count is zero
09-28 17:51:21.092   818  1137 E C01406/skia: SurfaceNodeDrawable DrawCommSurfaceWatermark Name:SCBGestureNavBar13 Id:8933531975827 water mark count is zero
09-28 17:51:21.092   818  1137 E C01406/skia: SurfaceNodeDrawable DrawCommSurfaceWatermark Name:SCBStatusBar15 Id:8933531975907 water mark count is zero
09-28 17:51:21.094   818  1137 E C02515/DISP: [0;32;31m[GetMetadata:109] <private> is not supported[m
09-28 17:51:21.094   818  1137 E C02515/DISP: [0;32;31m[SetMetadata:102] <private> is not supported[m
09-28 17:51:21.094   818  1137 E C02515/METADATA_SRV: [0;32;31m[SetMetadata:136]  fail[m
09-28 17:51:21.094   818  1137 E C01401/Bufferqueue: <surface_buffer_impl.cpp:714-SetMetadata>: SetMetadata Failed with -5
09-28 17:51:21.094   818  1137 E C01406/skia: RSUniRenderComposerAdapter::SetBufferColorSpace set color space fail
09-28 17:51:21.095  1048  1170 I C02d13/HDC_LOG: [daemon.cpp:1142] FetchCommand channelId:3979366455 command:1001
09-28 17:51:21.095  1048  1170 I C02d13/HDC_LOG: [session.cpp:1652] New HTaskInfo cid:3979366455 sid:213******641(L:10) command:1001
09-28 17:51:21.095  1048  1170 I C02d13/HDC_LOG: [session.cpp:891] AdminTask add task type:0 cid:3979366455 sid:213******641(L:10) mapsize:2
09-28 17:51:21.095  1048  1170 I C02d13/HDC_LOG: [task.cpp:34] HdcTaskBase type:0 cid:3979366455 sid:213******641(L:10)
09-28 17:51:21.095  1048  1170 I C02d13/HDC_LOG: [daemon_unity.cpp:414] Unity CommandDispatch command:1001 cid:3979366455 sid:213******641(L:10)
09-28 17:51:21.095  1048  1170 W C02d13/HDC_LOG: [async_cmd.cpp:114] GetDevItem false key:persist.hdc.root
09-28 17:51:21.096  1048 12564 I C02d13/HDC_LOG: [async_cmd.cpp:225] Popen pipe fds[pipeRead]:36 fds[pipeWrite]:37, mode 0
09-28 17:51:21.100  1048  1170 I C02d13/HDC_LOG: [async_cmd.cpp:291] ExecuteCommand cmd:param get const.product.os.dist.apiname fd:36 pid:12565
09-28 17:51:21.100 12565 12565 W C02d13/HDC_LOG: [async_cmd.cpp:140] SetSelinuxLabel con:u:r:su:s0 isRoot:0
09-28 17:51:21.100  1048  1170 I C02d13/HDC_LOG: [daemon_unity.cpp:486] Unity CommandDispatch command:1001 finish cid:3979366455 sid:213******641(L:10)
09-28 17:51:21.104 11831 12054 I C00f00/OH_DER_VSync: onOhVsync ENTRY ts=<private> data=<private>
09-28 17:51:21.104 11831 12052 I C00f00/OH_DER_VSync: scheduleVsync ENTRY receiverPtr=0x<private>
09-28 17:51:21.104 11831 12052 I C00f00/OH_DER_VSync: scheduleVsync calling RequestFrame ohVsync=<private>
09-28 17:51:21.104 11831 12052 I C00f00/OH_DER_VSync: scheduleVsync RequestFrame rc=<private>
09-28 17:51:21.106   818  1132 E C02515/DISP: [0;32;31m[SetMetadata:102] <private> is not supported[m
09-28 17:51:21.106   818  1132 E C02515/METADATA_SRV: [0;32;31m[SetMetadata:136]  fail[m
09-28 17:51:21.106   818  1132 E C01401/Bufferqueue: <surface_buffer_impl.cpp:714-SetMetadata>: SetMetadata Failed with -5
09-28 17:51:21.107   793  4141 E C02515/DISP: [0;32;31m[SetLayerMaskInfo@display_composer_vdi_impl.cpp:404] <private> is not supported[m
09-28 17:51:21.107   818  1228 E C02515/DISP: [0;32;31m[SetMetadata:102] <private> is not supported[m
09-28 17:51:21.107   818  1228 E C02515/METADATA_SRV: [0;32;31m[SetMetadata:136]  fail[m
09-28 17:51:21.107   818  1228 E C01401/Bufferqueue: <surface_buffer_impl.cpp:714-SetMetadata>: SetMetadata Failed with -5
09-28 17:51:21.108   793  4141 E C02515/DISP: [0;32;31m[SetDisplayClientDamage@display_composer_vdi_impl.cpp:179] <private> is not supported[m
09-28 17:51:21.121 11831 12054 I C00f00/OH_DER_VSync: onOhVsync ENTRY ts=<private> data=<private>
09-28 17:51:21.121   818   818 E C02515/DISP: [0;32;31m[GetMetadata:109] <private> is not supported[m
09-28 17:51:21.121   818   818 E C02515/DISP: [0;32;31m[GetMetadata:109] <private> is not supported[m
09-28 17:51:21.121  1048 12566 I C02d13/HDC_LOG: [async_cmd.cpp:88] FinishShellProc finish pipeRead fd:36 pid:12565 count:1
09-28 17:51:21.121  1048 12566 I C02d13/HDC_LOG: [task.cpp:55] HdcTaskBase::TaskFinish notify begin type:0 cid:3979366455 sid:213******641(L:10)
09-28 17:51:21.121   818   818 E C02515/DISP: [0;32;31m[GetMetadata:109] <private> is not supported[m
09-28 17:51:21.121 11831 12052 I C00f00/OH_DER_VSync: scheduleVsync ENTRY receiverPtr=0x<private>
09-28 17:51:21.121 11831 12052 I C00f00/OH_DER_VSync: scheduleVsync calling RequestFrame ohVsync=<private>
09-28 17:51:21.121 11831 12052 I C00f00/OH_DER_VSync: scheduleVsync RequestFrame rc=<private>
09-28 17:51:21.121  1048 12566 I C02d13/HDC_LOG: [task.cpp:58] HdcTaskBase::TaskFinish notify end type:0 cid:3979366455 sid:213******641(L:10)
09-28 17:51:21.122   818   818 E C01406/skia: RSBaseRenderUtil::DealWithSurfaceRotationAndGravity, GetSurfaceBufferOpaque:0
09-28 17:51:21.122   818   818 E C02515/DISP: [0;32;31m[GetMetadata:109] <private> is not supported[m
09-28 17:51:21.122   818   818 E C01406/skia: RSBaseRenderUtil::DealWithSurfaceRotationAndGravity, GetSurfaceBufferOpaque:0
09-28 17:51:21.122   818   818 E C02515/DISP: [0;32;31m[GetMetadata:109] <private> is not supported[m
09-28 17:51:21.123   818  1137 E C02515/DISP: [0;32;31m[SetMetadata:102] <private> is not supported[m
09-28 17:51:21.123   818  1137 E C02515/METADATA_SRV: [0;32;31m[SetMetadata:136]  fail[m
09-28 17:51:21.123   818  1137 E C01401/Bufferqueue: <surface_buffer_impl.cpp:714-SetMetadata>: SetMetadata Failed with -5
09-28 17:51:21.123   818  1137 E C01406/skia: SurfaceNodeDrawable DrawCommSurfaceWatermark Name:BackgroundBlurView2 Id:8933531975688 water mark count is zero
09-28 17:51:21.123   818  1137 E C01406/skia: RSBaseRenderUtil::DealWithSurfaceRotationAndGravity, GetSurfaceBufferOpaque:0
09-28 17:51:21.123   818  1137 I C01406/WRAP: AHardwareBuffer_createFromHandle index = <private> handle = <private>, ahb = <private>
09-28 17:51:21.123   818  1137 E C01406/skia: SurfaceNodeDrawable DrawCommSurfaceWatermark Name:AdapterActivityContent Id:50813758078979 water mark count is zero
09-28 17:51:21.124   818  1137 E C01406/skia: RSBaseRenderUtil::DealWithSurfaceRotationAndGravity, GetSurfaceBufferOpaque:0
09-28 17:51:21.124   818  1137 I C01406/WRAP: AHardwareBuffer_createFromHandle index = <private> handle = <private>, ahb = <private>
09-28 17:51:21.124   818  1137 E C01406/skia: SurfaceNodeDrawable DrawCommSurfaceWatermark Name:AdapterSurfaceView Id:50813758078980 water mark count is zero
09-28 17:51:21.124   818  1137 E C01406/skia: SurfaceNodeDrawable DrawCommSurfaceWatermark Name:com.a2hlab.bridge.zigzag/com.unity3d.player.UnityPlayerActivity Id:50813758078977 water mark count is zero
09-28 17:51:21.124   818  1137 E C01406/skia: SurfaceNodeDrawable DrawCommSurfaceWatermark Name:WindowScene_zigzag33 Id:8933531976525 water mark count is zero
09-28 17:51:21.124  1048  1170 I C02d13/HDC_LOG: [daemon.cpp:1142] FetchCommand channelId:3979366455 command:2
09-28 17:51:21.124  1048  1170 W C02d13/HDC_LOG: [session.cpp:160] BeginRemoveTask taskType:0 channelId:3979366455
09-28 17:51:21.124  1048  1170 W C02d13/HDC_LOG: [session.cpp:190] ClearOwnTasks OP_CLEAR finish, sessionId:213******641(L:10) channelIDInput:3979366455
09-28 17:51:21.124  1048  1170 W C02d13/HDC_LOG: [session.cpp:115] taskClassDeleteRetry start clear task, taskType:0 cid:3979366455 sid:213******641(L:10)
09-28 17:51:21.124  1048  1170 I C02d13/HDC_LOG: [async_cmd.cpp:69] DoRelease rc:-3 pid:12565
09-28 17:51:21.124  1048  1170 I C02d13/HDC_LOG: [session.cpp:126] TaskDelay task remove retry count 0/30, taskType:0 channelId:3979366455, sessionId:213******641(L:10)
09-28 17:51:21.124  1048  1170 I C02d13/HDC_LOG: [daemon_unity.cpp:31] ~HdcDaemonUnity cid:3979366455 sid:213******641(L:10)
09-28 17:51:21.124  1048  1170 I C02d13/HDC_LOG: [task.cpp:40] ~HdcTaskBase type:0 cid:3979366455 sid:213******641(L:10)
09-28 17:51:21.124  1048  1170 W C02d13/HDC_LOG: [session.cpp:134] TaskDelay task remove finish, channelId:3979366455
09-28 17:51:21.124  1048  1170 I C02d13/HDC_LOG: [base.cpp:969] before uv handle close, the uv handle type is 13
09-28 17:51:21.124   818  1137 E C01406/skia: SurfaceNodeDrawable DrawCommSurfaceWatermark Name:SCBGestureNavBar13 Id:8933531975827 water mark count is zero
09-28 17:51:21.124   818  1137 E C01406/skia: SurfaceNodeDrawable DrawCommSurfaceWatermark Name:SCBStatusBar15 Id:8933531975907 water mark count is zero
09-28 17:51:21.126   818  1137 E C02515/DISP: [0;32;31m[GetMetadata:109] <private> is not supported[m
09-28 17:51:21.126   818  1137 E C02515/DISP: [0;32;31m[SetMetadata:102] <private> is not supported[m
09-28 17:51:21.126   818  1137 E C02515/METADATA_SRV: [0;32;31m[SetMetadata:136]  fail[m
09-28 17:51:21.126   818  1137 E C01401/Bufferqueue: <surface_buffer_impl.cpp:714-SetMetadata>: SetMetadata Failed with -5
09-28 17:51:21.126   818  1137 E C01406/skia: RSUniRenderComposerAdapter::SetBufferColorSpace set color space fail
09-28 17:51:21.128  1048  1170 I C02d13/HDC_LOG: [daemon.cpp:1142] FetchCommand channelId:3979366455 command:2
09-28 17:51:21.137 11831 12054 I C00f00/OH_DER_VSync: onOhVsync ENTRY ts=<private> data=<private>
09-28 17:51:21.137 11831 12052 I C00f00/OH_DER_VSync: scheduleVsync ENTRY receiverPtr=0x<private>
09-28 17:51:21.138 11831 12052 I C00f00/OH_DER_VSync: scheduleVsync calling RequestFrame ohVsync=<private>
09-28 17:51:21.138 11831 12052 I C00f00/OH_DER_VSync: scheduleVsync RequestFrame rc=<private>
09-28 17:51:21.139   818  1132 E C02515/DISP: [0;32;31m[SetMetadata:102] <private> is not supported[m
09-28 17:51:21.139   818  1132 E C02515/METADATA_SRV: [0;32;31m[SetMetadata:136]  fail[m
09-28 17:51:21.139   818  1132 E C01401/Bufferqueue: <surface_buffer_impl.cpp:714-SetMetadata>: SetMetadata Failed with -5
09-28 17:51:21.140   793  4141 E C02515/DISP: [0;32;31m[SetLayerMaskInfo@display_composer_vdi_impl.cpp:404] <private> is not supported[m
09-28 17:51:21.140   818  1228 E C02515/DISP: [0;32;31m[SetMetadata:102] <private> is not supported[m
09-28 17:51:21.140   818  1228 E C02515/METADATA_SRV: [0;32;31m[SetMetadata:136]  fail[m
09-28 17:51:21.140   818  1228 E C01401/Bufferqueue: <surface_buffer_impl.cpp:714-SetMetadata>: SetMetadata Failed with -5
09-28 17:51:21.141   793  4141 E C02515/DISP: [0;32;31m[SetDisplayClientDamage@display_composer_vdi_impl.cpp:179] <private> is not supported[m
09-28 17:51:21.154 11831 12054 I C00f00/OH_DER_VSync: onOhVsync ENTRY ts=<private> data=<private>
09-28 17:51:21.154   818   818 E C02515/DISP: [0;32;31m[GetMetadata:109] <private> is not supported[m
09-28 17:51:21.154   818   818 E C02515/DISP: [0;32;31m[GetMetadata:109] <private> is not supported[m
09-28 17:51:21.154   818   818 E C02515/DISP: [0;32;31m[GetMetadata:109] <private> is not supported[m
09-28 17:51:21.154 11831 12052 I C00f00/OH_DER_VSync: scheduleVsync ENTRY receiverPtr=0x<private>
09-28 17:51:21.154 11831 12052 I C00f00/OH_DER_VSync: scheduleVsync calling RequestFrame ohVsync=<private>
09-28 17:51:21.154 11831 12052 I C00f00/OH_DER_VSync: scheduleVsync RequestFrame rc=<private>
09-28 17:51:21.155   818   818 E C01406/skia: RSBaseRenderUtil::DealWithSurfaceRotationAndGravity, GetSurfaceBufferOpaque:0
09-28 17:51:21.155   818   818 E C02515/DISP: [0;32;31m[GetMetadata:109] <private> is not supported[m
09-28 17:51:21.155   818   818 E C01406/skia: RSBaseRenderUtil::DealWithSurfaceRotationAndGravity, GetSurfaceBufferOpaque:0
09-28 17:51:21.155   818   818 E C02515/DISP: [0;32;31m[GetMetadata:109] <private> is not supported[m
09-28 17:51:21.156   818  1137 E C02515/DISP: [0;32;31m[SetMetadata:102] <private> is not supported[m
09-28 17:51:21.156   818  1137 E C02515/METADATA_SRV: [0;32;31m[SetMetadata:136]  fail[m
09-28 17:51:21.156   818  1137 E C01401/Bufferqueue: <surface_buffer_impl.cpp:714-SetMetadata>: SetMetadata Failed with -5
09-28 17:51:21.156   818  1137 E C01406/skia: SurfaceNodeDrawable DrawCommSurfaceWatermark Name:BackgroundBlurView2 Id:8933531975688 water mark count is zero
09-28 17:51:21.156   818  1137 E C01406/skia: RSBaseRenderUtil::DealWithSurfaceRotationAndGravity, GetSurfaceBufferOpaque:0
09-28 17:51:21.156   818  1137 I C01406/WRAP: AHardwareBuffer_createFromHandle index = <private> handle = <private>, ahb = <private>
09-28 17:51:21.157   818  1137 E C01406/skia: SurfaceNodeDrawable DrawCommSurfaceWatermark Name:AdapterActivityContent Id:50813758078979 water mark count is zero
09-28 17:51:21.157   818  1137 E C01406/skia: RSBaseRenderUtil::DealWithSurfaceRotationAndGravity, GetSurfaceBufferOpaque:0
09-28 17:51:21.157   818  1137 I C01406/WRAP: AHardwareBuffer_createFromHandle index = <private> handle = <private>, ahb = <private>
09-28 17:51:21.157   818  1137 E C01406/skia: SurfaceNodeDrawable DrawCommSurfaceWatermark Name:AdapterSurfaceView Id:50813758078980 water mark count is zero
09-28 17:51:21.157   818  1137 E C01406/skia: SurfaceNodeDrawable DrawCommSurfaceWatermark Name:com.a2hlab.bridge.zigzag/com.unity3d.player.UnityPlayerActivity Id:50813758078977 water mark count is zero
09-28 17:51:21.157   818  1137 E C01406/skia: SurfaceNodeDrawable DrawCommSurfaceWatermark Name:WindowScene_zigzag33 Id:8933531976525 water mark count is zero
09-28 17:51:21.157   818  1137 E C01406/skia: SurfaceNodeDrawable DrawCommSurfaceWatermark Name:SCBGestureNavBar13 Id:8933531975827 water mark count is zero
09-28 17:51:21.158   818  1137 E C01406/skia: SurfaceNodeDrawable DrawCommSurfaceWatermark Name:SCBStatusBar15 Id:8933531975907 water mark count is zero
09-28 17:51:21.159   818  1137 E C02515/DISP: [0;32;31m[GetMetadata:109] <private> is not supported[m
09-28 17:51:21.159   818  1137 E C02515/DISP: [0;32;31m[SetMetadata:102] <private> is not supported[m
09-28 17:51:21.159   818  1137 E C02515/METADATA_SRV: [0;32;31m[SetMetadata:136]  fail[m
09-28 17:51:21.159   818  1137 E C01401/Bufferqueue: <surface_buffer_impl.cpp:714-SetMetadata>: SetMetadata Failed with -5
09-28 17:51:21.159   818  1137 E C01406/skia: RSUniRenderComposerAdapter::SetBufferColorSpace set color space fail
09-28 17:51:21.171 11831 12054 I C00f00/OH_DER_VSync: onOhVsync ENTRY ts=<private> data=<private>
09-28 17:51:21.171 11831 12052 I C00f00/OH_DER_VSync: scheduleVsync ENTRY receiverPtr=0x<private>
09-28 17:51:21.171 11831 12052 I C00f00/OH_DER_VSync: scheduleVsync calling RequestFrame ohVsync=<private>
09-28 17:51:21.171 11831 12052 I C00f00/OH_DER_VSync: scheduleVsync RequestFrame rc=<private>
09-28 17:51:21.173   818  1132 E C02515/DISP: [0;32;31m[SetMetadata:102] <private> is not supported[m
09-28 17:51:21.173   818  1132 E C02515/METADATA_SRV: [0;32;31m[SetMetadata:136]  fail[m
09-28 17:51:21.173   818  1132 E C01401/Bufferqueue: <surface_buffer_impl.cpp:714-SetMetadata>: SetMetadata Failed with -5
09-28 17:51:21.174   793  4141 E C02515/DISP: [0;32;31m[SetLayerMaskInfo@display_composer_vdi_impl.cpp:404] <private> is not supported[m
09-28 17:51:21.174   818  1228 E C02515/DISP: [0;32;31m[SetMetadata:102] <private> is not supported[m
09-28 17:51:21.174   818  1228 E C02515/METADATA_SRV: [0;32;31m[SetMetadata:136]  fail[m
09-28 17:51:21.174   818  1228 E C01401/Bufferqueue: <surface_buffer_impl.cpp:714-SetMetadata>: SetMetadata Failed with -5
09-28 17:51:21.175   793  4141 E C02515/DISP: [0;32;31m[SetDisplayClientDamage@display_composer_vdi_impl.cpp:179] <private> is not supported[m
09-28 17:51:21.181  2334  2334 E C02c11/APPSPAWN: [appspawn_kickdog.c:29]open /sys/kernel/hungtask/userlist fail,errno:2
09-28 17:51:21.187 11831 12054 I C00f00/OH_DER_VSync: onOhVsync ENTRY ts=<private> data=<private>
09-28 17:51:21.187   818   818 E C02515/DISP: [0;32;31m[GetMetadata:109] <private> is not supported[m
09-28 17:51:21.188 11831 12052 I C00f00/OH_DER_VSync: scheduleVsync ENTRY receiverPtr=0x<private>
09-28 17:51:21.188 11831 12052 I C00f00/OH_DER_VSync: scheduleVsync calling RequestFrame ohVsync=<private>
09-28 17:51:21.188   818   818 E C02515/DISP: [0;32;31m[GetMetadata:109] <private> is not supported[m
09-28 17:51:21.188   818   818 E C02515/DISP: [0;32;31m[GetMetadata:109] <private> is not supported[m
09-28 17:51:21.188 11831 12052 I C00f00/OH_DER_VSync: scheduleVsync RequestFrame rc=<private>
09-28 17:51:21.189   818   818 E C01406/skia: RSBaseRenderUtil::DealWithSurfaceRotationAndGravity, GetSurfaceBufferOpaque:0
09-28 17:51:21.189   818   818 E C02515/DISP: [0;32;31m[GetMetadata:109] <private> is not supported[m
09-28 17:51:21.189   818   818 E C01406/skia: RSBaseRenderUtil::DealWithSurfaceRotationAndGravity, GetSurfaceBufferOpaque:0
09-28 17:51:21.189   818   818 E C02515/DISP: [0;32;31m[GetMetadata:109] <private> is not supported[m
09-28 17:51:21.191   818  1137 E C02515/DISP: [0;32;31m[SetMetadata:102] <private> is not supported[m
09-28 17:51:21.191   818  1137 E C02515/METADATA_SRV: [0;32;31m[SetMetadata:136]  fail[m
09-28 17:51:21.191   818  1137 E C01401/Bufferqueue: <surface_buffer_impl.cpp:714-SetMetadata>: SetMetadata Failed with -5
09-28 17:51:21.191   818  1137 E C01406/skia: SurfaceNodeDrawable DrawCommSurfaceWatermark Name:BackgroundBlurView2 Id:8933531975688 water mark count is zero
09-28 17:51:21.191   818  1137 E C01406/skia: RSBaseRenderUtil::DealWithSurfaceRotationAndGravity, GetSurfaceBufferOpaque:0
09-28 17:51:21.192   818  1137 I C01406/WRAP: AHardwareBuffer_createFromHandle index = <private> handle = <private>, ahb = <private>
09-28 17:51:21.192   818  1137 E C01406/skia: SurfaceNodeDrawable DrawCommSurfaceWatermark Name:AdapterActivityContent Id:50813758078979 water mark count is zero
09-28 17:51:21.192   818  1137 E C01406/skia: RSBaseRenderUtil::DealWithSurfaceRotationAndGravity, GetSurfaceBufferOpaque:0
09-28 17:51:21.192   818  1137 I C01406/WRAP: AHardwareBuffer_createFromHandle index = <private> handle = <private>, ahb = <private>
09-28 17:51:21.192   818  1137 E C01406/skia: SurfaceNodeDrawable DrawCommSurfaceWatermark Name:AdapterSurfaceView Id:50813758078980 water mark count is zero
09-28 17:51:21.192   818  1137 E C01406/skia: SurfaceNodeDrawable DrawCommSurfaceWatermark Name:com.a2hlab.bridge.zigzag/com.unity3d.player.UnityPlayerActivity Id:50813758078977 water mark count is zero
09-28 17:51:21.192   818  1137 E C01406/skia: SurfaceNodeDrawable DrawCommSurfaceWatermark Name:WindowScene_zigzag33 Id:8933531976525 water mark count is zero
09-28 17:51:21.193   818  1137 E C01406/skia: SurfaceNodeDrawable DrawCommSurfaceWatermark Name:SCBGestureNavBar13 Id:8933531975827 water mark count is zero
09-28 17:51:21.193   818  1137 E C01406/skia: SurfaceNodeDrawable DrawCommSurfaceWatermark Name:SCBStatusBar15 Id:8933531975907 water mark count is zero
09-28 17:51:21.194   818  1137 E C02515/DISP: [0;32;31m[GetMetadata:109] <private> is not supported[m
09-28 17:51:21.194   818  1137 E C02515/DISP: [0;32;31m[SetMetadata:102] <private> is not supported[m
09-28 17:51:21.194   818  1137 E C02515/METADATA_SRV: [0;32;31m[SetMetadata:136]  fail[m
09-28 17:51:21.194   818  1137 E C01401/Bufferqueue: <surface_buffer_impl.cpp:714-SetMetadata>: SetMetadata Failed with -5
09-28 17:51:21.194   818  1137 E C01406/skia: RSUniRenderComposerAdapter::SetBufferColorSpace set color space fail
09-28 17:51:21.204 11831 12054 I C00f00/OH_DER_VSync: onOhVsync ENTRY ts=<private> data=<private>
09-28 17:51:21.204 11831 12052 I C00f00/OH_DER_VSync: scheduleVsync ENTRY receiverPtr=0x<private>
09-28 17:51:21.204 11831 12052 I C00f00/OH_DER_VSync: scheduleVsync calling RequestFrame ohVsync=<private>
09-28 17:51:21.204 11831 12052 I C00f00/OH_DER_VSync: scheduleVsync RequestFrame rc=<private>
09-28 17:51:21.206   818  1132 E C02515/DISP: [0;32;31m[SetMetadata:102] <private> is not supported[m
09-28 17:51:21.206   818  1132 E C02515/METADATA_SRV: [0;32;31m[SetMetadata:136]  fail[m
09-28 17:51:21.206   818  1132 E C01401/Bufferqueue: <surface_buffer_impl.cpp:714-SetMetadata>: SetMetadata Failed with -5
09-28 17:51:21.207   793  4141 E C02515/DISP: [0;32;31m[SetLayerMaskInfo@display_composer_vdi_impl.cpp:404] <private> is not supported[m
09-28 17:51:21.207   818  1228 E C02515/DISP: [0;32;31m[SetMetadata:102] <private> is not supported[m
09-28 17:51:21.207   818  1228 E C02515/METADATA_SRV: [0;32;31m[SetMetadata:136]  fail[m
09-28 17:51:21.207   818  1228 E C01401/Bufferqueue: <surface_buffer_impl.cpp:714-SetMetadata>: SetMetadata Failed with -5
09-28 17:51:21.208   793  4141 E C02515/DISP: [0;32;31m[SetDisplayClientDamage@display_composer_vdi_impl.cpp:179] <private> is not supported[m
09-28 17:51:21.219  1048  1170 I C02d13/HDC_LOG: [daemon.cpp:1142] FetchCommand channelId:2688028562 command:1001
09-28 17:51:21.219  1048  1170 I C02d13/HDC_LOG: [session.cpp:1652] New HTaskInfo cid:2688028562 sid:213******641(L:10) command:1001
09-28 17:51:21.219  1048  1170 I C02d13/HDC_LOG: [session.cpp:891] AdminTask add task type:0 cid:2688028562 sid:213******641(L:10) mapsize:2
09-28 17:51:21.219  1048  1170 I C02d13/HDC_LOG: [task.cpp:34] HdcTaskBase type:0 cid:2688028562 sid:213******641(L:10)
09-28 17:51:21.220  1048  1170 I C02d13/HDC_LOG: [daemon_unity.cpp:414] Unity CommandDispatch command:1001 cid:2688028562 sid:213******641(L:10)
09-28 17:51:21.220  1048  1170 W C02d13/HDC_LOG: [async_cmd.cpp:114] GetDevItem false key:persist.hdc.root
09-28 17:51:21.220  1048 12567 I C02d13/HDC_LOG: [async_cmd.cpp:225] Popen pipe fds[pipeRead]:36 fds[pipeWrite]:37, mode 0
09-28 17:51:21.221 11831 12054 I C00f00/OH_DER_VSync: onOhVsync ENTRY ts=<private> data=<private>
09-28 17:51:21.221   818   818 E C02515/DISP: [0;32;31m[GetMetadata:109] <private> is not supported[m
09-28 17:51:21.221   818   818 E C02515/DISP: [0;32;31m[GetMetadata:109] <private> is not supported[m
09-28 17:51:21.221 11831 12052 I C00f00/OH_DER_VSync: scheduleVsync ENTRY receiverPtr=0x<private>
09-28 17:51:21.221 11831 12052 I C00f00/OH_DER_VSync: scheduleVsync calling RequestFrame ohVsync=<private>
09-28 17:51:21.221   818   818 E C02515/DISP: [0;32;31m[GetMetadata:109] <private> is not supported[m
09-28 17:51:21.221 11831 12052 I C00f00/OH_DER_VSync: scheduleVsync RequestFrame rc=<private>
09-28 17:51:21.222   818   818 E C01406/skia: RSBaseRenderUtil::DealWithSurfaceRotationAndGravity, GetSurfaceBufferOpaque:0
09-28 17:51:21.222   818   818 E C02515/DISP: [0;32;31m[GetMetadata:109] <private> is not supported[m
09-28 17:51:21.222   818   818 E C01406/skia: RSBaseRenderUtil::DealWithSurfaceRotationAndGravity, GetSurfaceBufferOpaque:0
09-28 17:51:21.223   818   818 E C02515/DISP: [0;32;31m[GetMetadata:109] <private> is not supported[m
09-28 17:51:21.224   818  1137 E C02515/DISP: [0;32;31m[SetMetadata:102] <private> is not supported[m
09-28 17:51:21.224   818  1137 E C02515/METADATA_SRV: [0;32;31m[SetMetadata:136]  fail[m
09-28 17:51:21.224   818  1137 E C01401/Bufferqueue: <surface_buffer_impl.cpp:714-SetMetadata>: SetMetadata Failed with -5
09-28 17:51:21.225   818  1137 E C01406/skia: SurfaceNodeDrawable DrawCommSurfaceWatermark Name:BackgroundBlurView2 Id:8933531975688 water mark count is zero
09-28 17:51:21.225   818  1137 E C01406/skia: RSBaseRenderUtil::DealWithSurfaceRotationAndGravity, GetSurfaceBufferOpaque:0
09-28 17:51:21.225   818  1137 I C01406/WRAP: AHardwareBuffer_createFromHandle index = <private> handle = <private>, ahb = <private>
09-28 17:51:21.225   818  1137 E C01406/skia: SurfaceNodeDrawable DrawCommSurfaceWatermark Name:AdapterActivityContent Id:50813758078979 water mark count is zero
09-28 17:51:21.225   818  1137 E C01406/skia: RSBaseRenderUtil::DealWithSurfaceRotationAndGravity, GetSurfaceBufferOpaque:0
09-28 17:51:21.225   818  1137 I C01406/WRAP: AHardwareBuffer_createFromHandle index = <private> handle = <private>, ahb = <private>
09-28 17:51:21.225   818  1137 E C01406/skia: SurfaceNodeDrawable DrawCommSurfaceWatermark Name:AdapterSurfaceView Id:50813758078980 water mark count is zero
09-28 17:51:21.225   818  1137 E C01406/skia: SurfaceNodeDrawable DrawCommSurfaceWatermark Name:com.a2hlab.bridge.zigzag/com.unity3d.player.UnityPlayerActivity Id:50813758078977 water mark count is zero
09-28 17:51:21.225   818  1137 E C01406/skia: SurfaceNodeDrawable DrawCommSurfaceWatermark Name:WindowScene_zigzag33 Id:8933531976525 water mark count is zero
09-28 17:51:21.226   818  1137 E C01406/skia: SurfaceNodeDrawable DrawCommSurfaceWatermark Name:SCBGestureNavBar13 Id:8933531975827 water mark count is zero
09-28 17:51:21.226   818  1137 E C01406/skia: SurfaceNodeDrawable DrawCommSurfaceWatermark Name:SCBStatusBar15 Id:8933531975907 water mark count is zero
09-28 17:51:21.227   818  1137 E C02515/DISP: [0;32;31m[GetMetadata:109] <private> is not supported[m
09-28 17:51:21.227   818  1137 E C02515/DISP: [0;32;31m[SetMetadata:102] <private> is not supported[m
09-28 17:51:21.227   818  1137 E C02515/METADATA_SRV: [0;32;31m[SetMetadata:136]  fail[m
09-28 17:51:21.227   818  1137 E C01401/Bufferqueue: <surface_buffer_impl.cpp:714-SetMetadata>: SetMetadata Failed with -5
09-28 17:51:21.227   818  1137 E C01406/skia: RSUniRenderComposerAdapter::SetBufferColorSpace set color space fail
09-28 17:51:21.227  1048  1170 I C02d13/HDC_LOG: [async_cmd.cpp:291] ExecuteCommand cmd:param get const.product.os.dist.apiname fd:36 pid:12568
09-28 17:51:21.228 12568 12568 W C02d13/HDC_LOG: [async_cmd.cpp:140] SetSelinuxLabel con:u:r:su:s0 isRoot:0
09-28 17:51:21.228  1048  1170 I C02d13/HDC_LOG: [daemon_unity.cpp:486] Unity CommandDispatch command:1001 finish cid:2688028562 sid:213******641(L:10)
09-28 17:51:21.237 11831 12054 I C00f00/OH_DER_VSync: onOhVsync ENTRY ts=<private> data=<private>
09-28 17:51:21.238 11831 12052 I C00f00/OH_DER_VSync: scheduleVsync ENTRY receiverPtr=0x<private>
09-28 17:51:21.238 11831 12052 I C00f00/OH_DER_VSync: scheduleVsync calling RequestFrame ohVsync=<private>
09-28 17:51:21.238 11831 12052 I C00f00/OH_DER_VSync: scheduleVsync RequestFrame rc=<private>
09-28 17:51:21.240   818  1132 E C02515/DISP: [0;32;31m[SetMetadata:102] <private> is not supported[m
09-28 17:51:21.240   818  1132 E C02515/METADATA_SRV: [0;32;31m[SetMetadata:136]  fail[m
09-28 17:51:21.240   818  1132 E C01401/Bufferqueue: <surface_buffer_impl.cpp:714-SetMetadata>: SetMetadata Failed with -5
09-28 17:51:21.240   793  4141 E C02515/DISP: [0;32;31m[SetLayerMaskInfo@display_composer_vdi_impl.cpp:404] <private> is not supported[m
09-28 17:51:21.240   818  1228 E C02515/DISP: [0;32;31m[SetMetadata:102] <private> is not supported[m
09-28 17:51:21.240   818  1228 E C02515/METADATA_SRV: [0;32;31m[SetMetadata:136]  fail[m
09-28 17:51:21.240   818  1228 E C01401/Bufferqueue: <surface_buffer_impl.cpp:714-SetMetadata>: SetMetadata Failed with -5
09-28 17:51:21.241   793  4141 E C02515/DISP: [0;32;31m[SetDisplayClientDamage@display_composer_vdi_impl.cpp:179] <private> is not supported[m
09-28 17:51:21.249  1048 12569 I C02d13/HDC_LOG: [async_cmd.cpp:88] FinishShellProc finish pipeRead fd:36 pid:12568 count:1
09-28 17:51:21.249  1048 12569 I C02d13/HDC_LOG: [task.cpp:55] HdcTaskBase::TaskFinish notify begin type:0 cid:2688028562 sid:213******641(L:10)
09-28 17:51:21.249  1048 12569 I C02d13/HDC_LOG: [task.cpp:58] HdcTaskBase::TaskFinish notify end type:0 cid:2688028562 sid:213******641(L:10)
09-28 17:51:21.252  1048  1170 I C02d13/HDC_LOG: [daemon.cpp:1142] FetchCommand channelId:2688028562 command:2
09-28 17:51:21.252  1048  1170 W C02d13/HDC_LOG: [session.cpp:160] BeginRemoveTask taskType:0 channelId:2688028562
09-28 17:51:21.252  1048  1170 W C02d13/HDC_LOG: [session.cpp:190] ClearOwnTasks OP_CLEAR finish, sessionId:213******641(L:10) channelIDInput:2688028562
09-28 17:51:21.252  1048  1170 W C02d13/HDC_LOG: [session.cpp:115] taskClassDeleteRetry start clear task, taskType:0 cid:2688028562 sid:213******641(L:10)
09-28 17:51:21.252  1048  1170 I C02d13/HDC_LOG: [async_cmd.cpp:69] DoRelease rc:-3 pid:12568
09-28 17:51:21.252  1048  1170 I C02d13/HDC_LOG: [session.cpp:126] TaskDelay task remove retry count 0/30, taskType:0 channelId:2688028562, sessionId:213******641(L:10)
09-28 17:51:21.252  1048  1170 I C02d13/HDC_LOG: [daemon_unity.cpp:31] ~HdcDaemonUnity cid:2688028562 sid:213******641(L:10)
09-28 17:51:21.252  1048  1170 I C02d13/HDC_LOG: [task.cpp:40] ~HdcTaskBase type:0 cid:2688028562 sid:213******641(L:10)
09-28 17:51:21.252  1048  1170 W C02d13/HDC_LOG: [session.cpp:134] TaskDelay task remove finish, channelId:2688028562
09-28 17:51:21.252  1048  1170 I C02d13/HDC_LOG: [base.cpp:969] before uv handle close, the uv handle type is 13
09-28 17:51:21.254 11831 12054 I C00f00/OH_DER_VSync: onOhVsync ENTRY ts=<private> data=<private>
09-28 17:51:21.254   818   818 E C02515/DISP: [0;32;31m[GetMetadata:109] <private> is not supported[m
09-28 17:51:21.254 11831 12052 I C00f00/OH_DER_VSync: scheduleVsync ENTRY receiverPtr=0x<private>
09-28 17:51:21.254 11831 12052 I C00f00/OH_DER_VSync: scheduleVsync calling RequestFrame ohVsync=<private>
09-28 17:51:21.254   818   818 E C02515/DISP: [0;32;31m[GetMetadata:109] <private> is not supported[m
09-28 17:51:21.254   818   818 E C02515/DISP: [0;32;31m[GetMetadata:109] <private> is not supported[m
09-28 17:51:21.255 11831 12052 I C00f00/OH_DER_VSync: scheduleVsync RequestFrame rc=<private>
09-28 17:51:21.256   818   818 E C01406/skia: RSBaseRenderUtil::DealWithSurfaceRotationAndGravity, GetSurfaceBufferOpaque:0
09-28 17:51:21.256   818   818 E C02515/DISP: [0;32;31m[GetMetadata:109] <private> is not supported[m
09-28 17:51:21.256   818   818 E C01406/skia: RSBaseRenderUtil::DealWithSurfaceRotationAndGravity, GetSurfaceBufferOpaque:0
09-28 17:51:21.256   818   818 E C02515/DISP: [0;32;31m[GetMetadata:109] <private> is not supported[m
09-28 17:51:21.256  1048  1170 I C02d13/HDC_LOG: [daemon.cpp:1142] FetchCommand channelId:2688028562 command:2
09-28 17:51:21.258   818  1137 E C02515/DISP: [0;32;31m[SetMetadata:102] <private> is not supported[m
09-28 17:51:21.258   818  1137 E C02515/METADATA_SRV: [0;32;31m[SetMetadata:136]  fail[m
09-28 17:51:21.258   818  1137 E C01401/Bufferqueue: <surface_buffer_impl.cpp:714-SetMetadata>: SetMetadata Failed with -5
09-28 17:51:21.258   818  1137 E C01406/skia: SurfaceNodeDrawable DrawCommSurfaceWatermark Name:BackgroundBlurView2 Id:8933531975688 water mark count is zero
09-28 17:51:21.258   818  1137 E C01406/skia: RSBaseRenderUtil::DealWithSurfaceRotationAndGravity, GetSurfaceBufferOpaque:0
09-28 17:51:21.258   818  1137 I C01406/WRAP: AHardwareBuffer_createFromHandle index = <private> handle = <private>, ahb = <private>
09-28 17:51:21.258   818  1137 E C01406/skia: SurfaceNodeDrawable DrawCommSurfaceWatermark Name:AdapterActivityContent Id:50813758078979 water mark count is zero
09-28 17:51:21.258   818  1137 E C01406/skia: RSBaseRenderUtil::DealWithSurfaceRotationAndGravity, GetSurfaceBufferOpaque:0
09-28 17:51:21.259   818  1137 I C01406/WRAP: AHardwareBuffer_createFromHandle index = <private> handle = <private>, ahb = <private>
09-28 17:51:21.259   818  1137 E C01406/skia: SurfaceNodeDrawable DrawCommSurfaceWatermark Name:AdapterSurfaceView Id:50813758078980 water mark count is zero
09-28 17:51:21.259   818  1137 E C01406/skia: SurfaceNodeDrawable DrawCommSurfaceWatermark Name:com.a2hlab.bridge.zigzag/com.unity3d.player.UnityPlayerActivity Id:50813758078977 water mark count is zero
09-28 17:51:21.259   818  1137 E C01406/skia: SurfaceNodeDrawable DrawCommSurfaceWatermark Name:WindowScene_zigzag33 Id:8933531976525 water mark count is zero
09-28 17:51:21.259   818  1137 E C01406/skia: SurfaceNodeDrawable DrawCommSurfaceWatermark Name:SCBGestureNavBar13 Id:8933531975827 water mark count is zero
09-28 17:51:21.259   818  1137 E C01406/skia: SurfaceNodeDrawable DrawCommSurfaceWatermark Name:SCBStatusBar15 Id:8933531975907 water mark count is zero
09-28 17:51:21.261   818  1137 E C02515/DISP: [0;32;31m[GetMetadata:109] <private> is not supported[m
09-28 17:51:21.261   818  1137 E C02515/DISP: [0;32;31m[SetMetadata:102] <private> is not supported[m
09-28 17:51:21.261   818  1137 E C02515/METADATA_SRV: [0;32;31m[SetMetadata:136]  fail[m
09-28 17:51:21.261   818  1137 E C01401/Bufferqueue: <surface_buffer_impl.cpp:714-SetMetadata>: SetMetadata Failed with -5
09-28 17:51:21.261   818  1137 E C01406/skia: RSUniRenderComposerAdapter::SetBufferColorSpace set color space fail
09-28 17:51:21.271 11831 12054 I C00f00/OH_DER_VSync: onOhVsync ENTRY ts=<private> data=<private>
09-28 17:51:21.271 11831 12052 I C00f00/OH_DER_VSync: scheduleVsync ENTRY receiverPtr=0x<private>
09-28 17:51:21.271 11831 12052 I C00f00/OH_DER_VSync: scheduleVsync calling RequestFrame ohVsync=<private>
09-28 17:51:21.271 11831 12052 I C00f00/OH_DER_VSync: scheduleVsync RequestFrame rc=<private>
09-28 17:51:21.273   818  1132 E C02515/DISP: [0;32;31m[SetMetadata:102] <private> is not supported[m
09-28 17:51:21.273   818  1132 E C02515/METADATA_SRV: [0;32;31m[SetMetadata:136]  fail[m
09-28 17:51:21.273   818  1132 E C01401/Bufferqueue: <surface_buffer_impl.cpp:714-SetMetadata>: SetMetadata Failed with -5
09-28 17:51:21.273   793  4141 E C02515/DISP: [0;32;31m[SetLayerMaskInfo@display_composer_vdi_impl.cpp:404] <private> is not supported[m
09-28 17:51:21.274   818  1228 E C02515/DISP: [0;32;31m[SetMetadata:102] <private> is not supported[m
09-28 17:51:21.274   818  1228 E C02515/METADATA_SRV: [0;32;31m[SetMetadata:136]  fail[m
09-28 17:51:21.274   818  1228 E C01401/Bufferqueue: <surface_buffer_impl.cpp:714-SetMetadata>: SetMetadata Failed with -5
09-28 17:51:21.275   793  4141 E C02515/DISP: [0;32;31m[SetDisplayClientDamage@display_composer_vdi_impl.cpp:179] <private> is not supported[m
09-28 17:51:21.287 11831 12054 I C00f00/OH_DER_VSync: onOhVsync ENTRY ts=<private> data=<private>
09-28 17:51:21.288 11831 12052 I C00f00/OH_DER_VSync: scheduleVsync ENTRY receiverPtr=0x<private>
09-28 17:51:21.288 11831 12052 I C00f00/OH_DER_VSync: scheduleVsync calling RequestFrame ohVsync=<private>
09-28 17:51:21.288   818   818 E C02515/DISP: [0;32;31m[GetMetadata:109] <private> is not supported[m
09-28 17:51:21.288   818   818 E C02515/DISP: [0;32;31m[GetMetadata:109] <private> is not supported[m
09-28 17:51:21.288 11831 12052 I C00f00/OH_DER_VSync: scheduleVsync RequestFrame rc=<private>
09-28 17:51:21.288   818   818 E C02515/DISP: [0;32;31m[GetMetadata:109] <private> is not supported[m
09-28 17:51:21.289   818   818 E C01406/skia: RSBaseRenderUtil::DealWithSurfaceRotationAndGravity, GetSurfaceBufferOpaque:0
09-28 17:51:21.289   818   818 E C02515/DISP: [0;32;31m[GetMetadata:109] <private> is not supported[m
09-28 17:51:21.289   818   818 E C01406/skia: RSBaseRenderUtil::DealWithSurfaceRotationAndGravity, GetSurfaceBufferOpaque:0
09-28 17:51:21.289   818   818 E C02515/DISP: [0;32;31m[GetMetadata:109] <private> is not supported[m
09-28 17:51:21.291   818  1137 E C02515/DISP: [0;32;31m[SetMetadata:102] <private> is not supported[m
09-28 17:51:21.291   818  1137 E C02515/METADATA_SRV: [0;32;31m[SetMetadata:136]  fail[m
09-28 17:51:21.291   818  1137 E C01401/Bufferqueue: <surface_buffer_impl.cpp:714-SetMetadata>: SetMetadata Failed with -5
09-28 17:51:21.291   818  1137 E C01406/skia: SurfaceNodeDrawable DrawCommSurfaceWatermark Name:BackgroundBlurView2 Id:8933531975688 water mark count is zero
09-28 17:51:21.291   818  1137 E C01406/skia: RSBaseRenderUtil::DealWithSurfaceRotationAndGravity, GetSurfaceBufferOpaque:0
09-28 17:51:21.292   818  1137 I C01406/WRAP: AHardwareBuffer_createFromHandle index = <private> handle = <private>, ahb = <private>
09-28 17:51:21.292   818  1137 E C01406/skia: SurfaceNodeDrawable DrawCommSurfaceWatermark Name:AdapterActivityContent Id:50813758078979 water mark count is zero
09-28 17:51:21.292   818  1137 E C01406/skia: RSBaseRenderUtil::DealWithSurfaceRotationAndGravity, GetSurfaceBufferOpaque:0
09-28 17:51:21.292   818  1137 I C01406/WRAP: AHardwareBuffer_createFromHandle index = <private> handle = <private>, ahb = <private>
09-28 17:51:21.292   818  1137 E C01406/skia: SurfaceNodeDrawable DrawCommSurfaceWatermark Name:AdapterSurfaceView Id:50813758078980 water mark count is zero
09-28 17:51:21.292   818  1137 E C01406/skia: SurfaceNodeDrawable DrawCommSurfaceWatermark Name:com.a2hlab.bridge.zigzag/com.unity3d.player.UnityPlayerActivity Id:50813758078977 water mark count is zero
09-28 17:51:21.292   818  1137 E C01406/skia: SurfaceNodeDrawable DrawCommSurfaceWatermark Name:WindowScene_zigzag33 Id:8933531976525 water mark count is zero
09-28 17:51:21.292   818  1137 E C01406/skia: SurfaceNodeDrawable DrawCommSurfaceWatermark Name:SCBGestureNavBar13 Id:8933531975827 water mark count is zero
09-28 17:51:21.292   818  1137 E C01406/skia: SurfaceNodeDrawable DrawCommSurfaceWatermark Name:SCBStatusBar15 Id:8933531975907 water mark count is zero
09-28 17:51:21.295   818  1137 E C02515/DISP: [0;32;31m[GetMetadata:109] <private> is not supported[m
09-28 17:51:21.295   818  1137 E C02515/DISP: [0;32;31m[SetMetadata:102] <private> is not supported[m
09-28 17:51:21.295   818  1137 E C02515/METADATA_SRV: [0;32;31m[SetMetadata:136]  fail[m
09-28 17:51:21.295   818  1137 E C01401/Bufferqueue: <surface_buffer_impl.cpp:714-SetMetadata>: SetMetadata Failed with -5
09-28 17:51:21.295   818  1137 E C01406/skia: RSUniRenderComposerAdapter::SetBufferColorSpace set color space fail
09-28 17:51:21.304 11831 12054 I C00f00/OH_DER_VSync: onOhVsync ENTRY ts=<private> data=<private>
09-28 17:51:21.304 11831 12052 I C00f00/OH_DER_VSync: scheduleVsync ENTRY receiverPtr=0x<private>
09-28 17:51:21.304 11831 12052 I C00f00/OH_DER_VSync: scheduleVsync calling RequestFrame ohVsync=<private>
09-28 17:51:21.304 11831 12052 I C00f00/OH_DER_VSync: scheduleVsync RequestFrame rc=<private>
09-28 17:51:21.306   818  1132 E C02515/DISP: [0;32;31m[SetMetadata:102] <private> is not supported[m
09-28 17:51:21.306   818  1132 E C02515/METADATA_SRV: [0;32;31m[SetMetadata:136]  fail[m
09-28 17:51:21.306   818  1132 E C01401/Bufferqueue: <surface_buffer_impl.cpp:714-SetMetadata>: SetMetadata Failed with -5
09-28 17:51:21.307   793  4141 E C02515/DISP: [0;32;31m[SetLayerMaskInfo@display_composer_vdi_impl.cpp:404] <private> is not supported[m
09-28 17:51:21.307   818  1228 E C02515/DISP: [0;32;31m[SetMetadata:102] <private> is not supported[m
09-28 17:51:21.307   818  1228 E C02515/METADATA_SRV: [0;32;31m[SetMetadata:136]  fail[m
09-28 17:51:21.307   818  1228 E C01401/Bufferqueue: <surface_buffer_impl.cpp:714-SetMetadata>: SetMetadata Failed with -5
09-28 17:51:21.308   793  4141 E C02515/DISP: [0;32;31m[SetDisplayClientDamage@display_composer_vdi_impl.cpp:179] <private> is not supported[m
09-28 17:51:21.321 11831 12054 I C00f00/OH_DER_VSync: onOhVsync ENTRY ts=<private> data=<private>
09-28 17:51:21.321 11831 12052 I C00f00/OH_DER_VSync: scheduleVsync ENTRY receiverPtr=0x<private>
09-28 17:51:21.321 11831 12052 I C00f00/OH_DER_VSync: scheduleVsync calling RequestFrame ohVsync=<private>
09-28 17:51:21.321   818   818 E C02515/DISP: [0;32;31m[GetMetadata:109] <private> is not supported[m
09-28 17:51:21.321   818   818 E C02515/DISP: [0;32;31m[GetMetadata:109] <private> is not supported[m
09-28 17:51:21.321 11831 12052 I C00f00/OH_DER_VSync: scheduleVsync RequestFrame rc=<private>
09-28 17:51:21.321   818   818 E C02515/DISP: [0;32;31m[GetMetadata:109] <private> is not supported[m
09-28 17:51:21.322   818   818 E C01406/skia: RSBaseRenderUtil::DealWithSurfaceRotationAndGravity, GetSurfaceBufferOpaque:0
09-28 17:51:21.322   818   818 E C02515/DISP: [0;32;31m[GetMetadata:109] <private> is not supported[m
09-28 17:51:21.322   818   818 E C01406/skia: RSBaseRenderUtil::DealWithSurfaceRotationAndGravity, GetSurfaceBufferOpaque:0
09-28 17:51:21.322   818   818 E C02515/DISP: [0;32;31m[GetMetadata:109] <private> is not supported[m
09-28 17:51:21.324   818  1137 E C02515/DISP: [0;32;31m[SetMetadata:102] <private> is not supported[m
09-28 17:51:21.324   818  1137 E C02515/METADATA_SRV: [0;32;31m[SetMetadata:136]  fail[m
09-28 17:51:21.324   818  1137 E C01401/Bufferqueue: <surface_buffer_impl.cpp:714-SetMetadata>: SetMetadata Failed with -5
09-28 17:51:21.325   818  1137 E C01406/skia: SurfaceNodeDrawable DrawCommSurfaceWatermark Name:BackgroundBlurView2 Id:8933531975688 water mark count is zero
09-28 17:51:21.325   818  1137 E C01406/skia: RSBaseRenderUtil::DealWithSurfaceRotationAndGravity, GetSurfaceBufferOpaque:0
09-28 17:51:21.325   818  1137 I C01406/WRAP: AHardwareBuffer_createFromHandle index = <private> handle = <private>, ahb = <private>
09-28 17:51:21.325   818  1137 E C01406/skia: SurfaceNodeDrawable DrawCommSurfaceWatermark Name:AdapterActivityContent Id:50813758078979 water mark count is zero
09-28 17:51:21.325   818  1137 E C01406/skia: RSBaseRenderUtil::DealWithSurfaceRotationAndGravity, GetSurfaceBufferOpaque:0
09-28 17:51:21.325   818  1137 I C01406/WRAP: AHardwareBuffer_createFromHandle index = <private> handle = <private>, ahb = <private>
09-28 17:51:21.325   818  1137 E C01406/skia: SurfaceNodeDrawable DrawCommSurfaceWatermark Name:AdapterSurfaceView Id:50813758078980 water mark count is zero
09-28 17:51:21.325   818  1137 E C01406/skia: SurfaceNodeDrawable DrawCommSurfaceWatermark Name:com.a2hlab.bridge.zigzag/com.unity3d.player.UnityPlayerActivity Id:50813758078977 water mark count is zero
09-28 17:51:21.325   818  1137 E C01406/skia: SurfaceNodeDrawable DrawCommSurfaceWatermark Name:WindowScene_zigzag33 Id:8933531976525 water mark count is zero
09-28 17:51:21.326   818  1137 E C01406/skia: SurfaceNodeDrawable DrawCommSurfaceWatermark Name:SCBGestureNavBar13 Id:8933531975827 water mark count is zero
09-28 17:51:21.326   818  1137 E C01406/skia: SurfaceNodeDrawable DrawCommSurfaceWatermark Name:SCBStatusBar15 Id:8933531975907 water mark count is zero
09-28 17:51:21.327   818  1137 E C02515/DISP: [0;32;31m[GetMetadata:109] <private> is not supported[m
09-28 17:51:21.327   818  1137 E C02515/DISP: [0;32;31m[SetMetadata:102] <private> is not supported[m
09-28 17:51:21.327   818  1137 E C02515/METADATA_SRV: [0;32;31m[SetMetadata:136]  fail[m
09-28 17:51:21.327   818  1137 E C01401/Bufferqueue: <surface_buffer_impl.cpp:714-SetMetadata>: SetMetadata Failed with -5
09-28 17:51:21.327   818  1137 E C01406/skia: RSUniRenderComposerAdapter::SetBufferColorSpace set color space fail
09-28 17:51:21.337 11831 12054 I C00f00/OH_DER_VSync: onOhVsync ENTRY ts=<private> data=<private>
09-28 17:51:21.338 11831 12052 I C00f00/OH_DER_VSync: scheduleVsync ENTRY receiverPtr=0x<private>
09-28 17:51:21.338 11831 12052 I C00f00/OH_DER_VSync: scheduleVsync calling RequestFrame ohVsync=<private>
09-28 17:51:21.338 11831 12052 I C00f00/OH_DER_VSync: scheduleVsync RequestFrame rc=<private>
09-28 17:51:21.339   818  1132 E C02515/DISP: [0;32;31m[SetMetadata:102] <private> is not supported[m
09-28 17:51:21.339   818  1132 E C02515/METADATA_SRV: [0;32;31m[SetMetadata:136]  fail[m
09-28 17:51:21.339   818  1132 E C01401/Bufferqueue: <surface_buffer_impl.cpp:714-SetMetadata>: SetMetadata Failed with -5
09-28 17:51:21.341   793  4141 E C02515/DISP: [0;32;31m[SetLayerMaskInfo@display_composer_vdi_impl.cpp:404] <private> is not supported[m
09-28 17:51:21.341   818  1228 E C02515/DISP: [0;32;31m[SetMetadata:102] <private> is not supported[m
09-28 17:51:21.341   818  1228 E C02515/METADATA_SRV: [0;32;31m[SetMetadata:136]  fail[m
09-28 17:51:21.341   818  1228 E C01401/Bufferqueue: <surface_buffer_impl.cpp:714-SetMetadata>: SetMetadata Failed with -5
09-28 17:51:21.342   793  4141 E C02515/DISP: [0;32;31m[SetDisplayClientDamage@display_composer_vdi_impl.cpp:179] <private> is not supported[m
09-28 17:51:21.354 11831 12054 I C00f00/OH_DER_VSync: onOhVsync ENTRY ts=<private> data=<private>
09-28 17:51:21.354   818   818 E C02515/DISP: [0;32;31m[GetMetadata:109] <private> is not supported[m
09-28 17:51:21.354   818   818 E C02515/DISP: [0;32;31m[GetMetadata:109] <private> is not supported[m
09-28 17:51:21.354   818   818 E C02515/DISP: [0;32;31m[GetMetadata:109] <private> is not supported[m
09-28 17:51:21.354 11831 12052 I C00f00/OH_DER_VSync: scheduleVsync ENTRY receiverPtr=0x<private>
09-28 17:51:21.354 11831 12052 I C00f00/OH_DER_VSync: scheduleVsync calling RequestFrame ohVsync=<private>
09-28 17:51:21.355 11831 12052 I C00f00/OH_DER_VSync: scheduleVsync RequestFrame rc=<private>
09-28 17:51:21.355   818   818 E C01406/skia: RSBaseRenderUtil::DealWithSurfaceRotationAndGravity, GetSurfaceBufferOpaque:0
09-28 17:51:21.355   818   818 E C02515/DISP: [0;32;31m[GetMetadata:109] <private> is not supported[m
09-28 17:51:21.355   818   818 E C01406/skia: RSBaseRenderUtil::DealWithSurfaceRotationAndGravity, GetSurfaceBufferOpaque:0
09-28 17:51:21.355   818   818 E C02515/DISP: [0;32;31m[GetMetadata:109] <private> is not supported[m
09-28 17:51:21.356   818  1137 E C02515/DISP: [0;32;31m[SetMetadata:102] <private> is not supported[m
09-28 17:51:21.356   818  1137 E C02515/METADATA_SRV: [0;32;31m[SetMetadata:136]  fail[m
09-28 17:51:21.356   818  1137 E C01401/Bufferqueue: <surface_buffer_impl.cpp:714-SetMetadata>: SetMetadata Failed with -5
09-28 17:51:21.356   818  1137 E C01406/skia: SurfaceNodeDrawable DrawCommSurfaceWatermark Name:BackgroundBlurView2 Id:8933531975688 water mark count is zero
09-28 17:51:21.356   818  1137 E C01406/skia: RSBaseRenderUtil::DealWithSurfaceRotationAndGravity, GetSurfaceBufferOpaque:0
09-28 17:51:21.357   818  1137 I C01406/WRAP: AHardwareBuffer_createFromHandle index = <private> handle = <private>, ahb = <private>
09-28 17:51:21.357   818  1137 E C01406/skia: SurfaceNodeDrawable DrawCommSurfaceWatermark Name:AdapterActivityContent Id:50813758078979 water mark count is zero
09-28 17:51:21.357   818  1137 E C01406/skia: RSBaseRenderUtil::DealWithSurfaceRotationAndGravity, GetSurfaceBufferOpaque:0
09-28 17:51:21.357   818  1137 I C01406/WRAP: AHardwareBuffer_createFromHandle index = <private> handle = <private>, ahb = <private>
09-28 17:51:21.357   818  1137 E C01406/skia: SurfaceNodeDrawable DrawCommSurfaceWatermark Name:AdapterSurfaceView Id:50813758078980 water mark count is zero
09-28 17:51:21.357   818  1137 E C01406/skia: SurfaceNodeDrawable DrawCommSurfaceWatermark Name:com.a2hlab.bridge.zigzag/com.unity3d.player.UnityPlayerActivity Id:50813758078977 water mark count is zero
09-28 17:51:21.357   818  1137 E C01406/skia: SurfaceNodeDrawable DrawCommSurfaceWatermark Name:WindowScene_zigzag33 Id:8933531976525 water mark count is zero
09-28 17:51:21.358   818  1137 E C01406/skia: SurfaceNodeDrawable DrawCommSurfaceWatermark Name:SCBGestureNavBar13 Id:8933531975827 water mark count is zero
09-28 17:51:21.358   818  1137 E C01406/skia: SurfaceNodeDrawable DrawCommSurfaceWatermark Name:SCBStatusBar15 Id:8933531975907 water mark count is zero
09-28 17:51:21.359   818  1137 E C02515/DISP: [0;32;31m[GetMetadata:109] <private> is not supported[m
09-28 17:51:21.359   818  1137 E C02515/DISP: [0;32;31m[SetMetadata:102] <private> is not supported[m
09-28 17:51:21.359   818  1137 E C02515/METADATA_SRV: [0;32;31m[SetMetadata:136]  fail[m
09-28 17:51:21.359   818  1137 E C01401/Bufferqueue: <surface_buffer_impl.cpp:714-SetMetadata>: SetMetadata Failed with -5
09-28 17:51:21.359   818  1137 E C01406/skia: RSUniRenderComposerAdapter::SetBufferColorSpace set color space fail
09-28 17:51:21.362  1048  1170 I C02d13/HDC_LOG: [daemon.cpp:1142] FetchCommand channelId:3997987161 command:1001
09-28 17:51:21.362  1048  1170 I C02d13/HDC_LOG: [session.cpp:1652] New HTaskInfo cid:3997987161 sid:213******641(L:10) command:1001
09-28 17:51:21.362  1048  1170 I C02d13/HDC_LOG: [session.cpp:891] AdminTask add task type:0 cid:3997987161 sid:213******641(L:10) mapsize:2
09-28 17:51:21.362  1048  1170 I C02d13/HDC_LOG: [task.cpp:34] HdcTaskBase type:0 cid:3997987161 sid:213******641(L:10)
09-28 17:51:21.362  1048  1170 I C02d13/HDC_LOG: [daemon_unity.cpp:414] Unity CommandDispatch command:1001 cid:3997987161 sid:213******641(L:10)
09-28 17:51:21.362  1048  1170 W C02d13/HDC_LOG: [async_cmd.cpp:114] GetDevItem false key:persist.hdc.root
09-28 17:51:21.363  1048 12570 I C02d13/HDC_LOG: [async_cmd.cpp:225] Popen pipe fds[pipeRead]:36 fds[pipeWrite]:37, mode 0
09-28 17:51:21.364  1048  1170 I C02d13/HDC_LOG: [async_cmd.cpp:291] ExecuteCommand cmd:param get const.product.os.dist.apiname fd:36 pid:12571
09-28 17:51:21.365 12571 12571 W C02d13/HDC_LOG: [async_cmd.cpp:140] SetSelinuxLabel con:u:r:su:s0 isRoot:0
09-28 17:51:21.365  1048  1170 I C02d13/HDC_LOG: [daemon_unity.cpp:486] Unity CommandDispatch command:1001 finish cid:3997987161 sid:213******641(L:10)
09-28 17:51:21.371 11831 12054 I C00f00/OH_DER_VSync: onOhVsync ENTRY ts=<private> data=<private>
09-28 17:51:21.371 11831 12052 I C00f00/OH_DER_VSync: scheduleVsync ENTRY receiverPtr=0x<private>
09-28 17:51:21.371 11831 12052 I C00f00/OH_DER_VSync: scheduleVsync calling RequestFrame ohVsync=<private>
09-28 17:51:21.371 11831 12052 I C00f00/OH_DER_VSync: scheduleVsync RequestFrame rc=<private>
09-28 17:51:21.373   818  1132 E C02515/DISP: [0;32;31m[SetMetadata:102] <private> is not supported[m
09-28 17:51:21.373   818  1132 E C02515/METADATA_SRV: [0;32;31m[SetMetadata:136]  fail[m
09-28 17:51:21.373   818  1132 E C01401/Bufferqueue: <surface_buffer_impl.cpp:714-SetMetadata>: SetMetadata Failed with -5
09-28 17:51:21.374   793  4141 E C02515/DISP: [0;32;31m[SetLayerMaskInfo@display_composer_vdi_impl.cpp:404] <private> is not supported[m
09-28 17:51:21.374   818  1228 E C02515/DISP: [0;32;31m[SetMetadata:102] <private> is not supported[m
09-28 17:51:21.374   818  1228 E C02515/METADATA_SRV: [0;32;31m[SetMetadata:136]  fail[m
09-28 17:51:21.374   818  1228 E C01401/Bufferqueue: <surface_buffer_impl.cpp:714-SetMetadata>: SetMetadata Failed with -5
09-28 17:51:21.375   793  4141 E C02515/DISP: [0;32;31m[SetDisplayClientDamage@display_composer_vdi_impl.cpp:179] <private> is not supported[m
09-28 17:51:21.386  1048 12572 I C02d13/HDC_LOG: [async_cmd.cpp:88] FinishShellProc finish pipeRead fd:36 pid:12571 count:1
09-28 17:51:21.386  1048 12572 I C02d13/HDC_LOG: [task.cpp:55] HdcTaskBase::TaskFinish notify begin type:0 cid:3997987161 sid:213******641(L:10)
09-28 17:51:21.386  1048 12572 I C02d13/HDC_LOG: [task.cpp:58] HdcTaskBase::TaskFinish notify end type:0 cid:3997987161 sid:213******641(L:10)
09-28 17:51:21.387 11831 12054 I C00f00/OH_DER_VSync: onOhVsync ENTRY ts=<private> data=<private>
09-28 17:51:21.388 11831 12052 I C00f00/OH_DER_VSync: scheduleVsync ENTRY receiverPtr=0x<private>
09-28 17:51:21.388 11831 12052 I C00f00/OH_DER_VSync: scheduleVsync calling RequestFrame ohVsync=<private>
09-28 17:51:21.388   818   818 E C02515/DISP: [0;32;31m[GetMetadata:109] <private> is not supported[m
09-28 17:51:21.388   818   818 E C02515/DISP: [0;32;31m[GetMetadata:109] <private> is not supported[m
09-28 17:51:21.388 11831 12052 I C00f00/OH_DER_VSync: scheduleVsync RequestFrame rc=<private>
09-28 17:51:21.388   818   818 E C02515/DISP: [0;32;31m[GetMetadata:109] <private> is not supported[m
09-28 17:51:21.389   818   818 E C01406/skia: RSBaseRenderUtil::DealWithSurfaceRotationAndGravity, GetSurfaceBufferOpaque:0
09-28 17:51:21.389   818   818 E C02515/DISP: [0;32;31m[GetMetadata:109] <private> is not supported[m
09-28 17:51:21.389  1048  1170 I C02d13/HDC_LOG: [daemon.cpp:1142] FetchCommand channelId:3997987161 command:2
09-28 17:51:21.389   818   818 E C01406/skia: RSBaseRenderUtil::DealWithSurfaceRotationAndGravity, GetSurfaceBufferOpaque:0
09-28 17:51:21.389  1048  1170 W C02d13/HDC_LOG: [session.cpp:160] BeginRemoveTask taskType:0 channelId:3997987161
09-28 17:51:21.389  1048  1170 W C02d13/HDC_LOG: [session.cpp:190] ClearOwnTasks OP_CLEAR finish, sessionId:213******641(L:10) channelIDInput:3997987161
09-28 17:51:21.389   818   818 E C02515/DISP: [0;32;31m[GetMetadata:109] <private> is not supported[m
09-28 17:51:21.389  1048  1170 W C02d13/HDC_LOG: [session.cpp:115] taskClassDeleteRetry start clear task, taskType:0 cid:3997987161 sid:213******641(L:10)
09-28 17:51:21.389  1048  1170 I C02d13/HDC_LOG: [async_cmd.cpp:69] DoRelease rc:-3 pid:12571
09-28 17:51:21.389  1048  1170 I C02d13/HDC_LOG: [session.cpp:126] TaskDelay task remove retry count 0/30, taskType:0 channelId:3997987161, sessionId:213******641(L:10)
09-28 17:51:21.390  1048  1170 I C02d13/HDC_LOG: [daemon_unity.cpp:31] ~HdcDaemonUnity cid:3997987161 sid:213******641(L:10)
09-28 17:51:21.390  1048  1170 I C02d13/HDC_LOG: [task.cpp:40] ~HdcTaskBase type:0 cid:3997987161 sid:213******641(L:10)
09-28 17:51:21.390  1048  1170 W C02d13/HDC_LOG: [session.cpp:134] TaskDelay task remove finish, channelId:3997987161
09-28 17:51:21.390  1048  1170 I C02d13/HDC_LOG: [base.cpp:969] before uv handle close, the uv handle type is 13
09-28 17:51:21.391   818  1137 E C02515/DISP: [0;32;31m[SetMetadata:102] <private> is not supported[m
09-28 17:51:21.391   818  1137 E C02515/METADATA_SRV: [0;32;31m[SetMetadata:136]  fail[m
09-28 17:51:21.391   818  1137 E C01401/Bufferqueue: <surface_buffer_impl.cpp:714-SetMetadata>: SetMetadata Failed with -5
09-28 17:51:21.391   818  1137 E C01406/skia: SurfaceNodeDrawable DrawCommSurfaceWatermark Name:BackgroundBlurView2 Id:8933531975688 water mark count is zero
09-28 17:51:21.392   818  1137 E C01406/skia: RSBaseRenderUtil::DealWithSurfaceRotationAndGravity, GetSurfaceBufferOpaque:0
09-28 17:51:21.392   818  1137 I C01406/WRAP: AHardwareBuffer_createFromHandle index = <private> handle = <private>, ahb = <private>
09-28 17:51:21.392   818  1137 E C01406/skia: SurfaceNodeDrawable DrawCommSurfaceWatermark Name:AdapterActivityContent Id:50813758078979 water mark count is zero
09-28 17:51:21.392   818  1137 E C01406/skia: RSBaseRenderUtil::DealWithSurfaceRotationAndGravity, GetSurfaceBufferOpaque:0
09-28 17:51:21.392   818  1137 I C01406/WRAP: AHardwareBuffer_createFromHandle index = <private> handle = <private>, ahb = <private>
09-28 17:51:21.392   818  1137 E C01406/skia: SurfaceNodeDrawable DrawCommSurfaceWatermark Name:AdapterSurfaceView Id:50813758078980 water mark count is zero
09-28 17:51:21.392   818  1137 E C01406/skia: SurfaceNodeDrawable DrawCommSurfaceWatermark Name:com.a2hlab.bridge.zigzag/com.unity3d.player.UnityPlayerActivity Id:50813758078977 water mark count is zero
09-28 17:51:21.392   818  1137 E C01406/skia: SurfaceNodeDrawable DrawCommSurfaceWatermark Name:WindowScene_zigzag33 Id:8933531976525 water mark count is zero
09-28 17:51:21.393   818  1137 E C01406/skia: SurfaceNodeDrawable DrawCommSurfaceWatermark Name:SCBGestureNavBar13 Id:8933531975827 water mark count is zero
09-28 17:51:21.393   818  1137 E C01406/skia: SurfaceNodeDrawable DrawCommSurfaceWatermark Name:SCBStatusBar15 Id:8933531975907 water mark count is zero
09-28 17:51:21.393  1048  1170 I C02d13/HDC_LOG: [daemon.cpp:1142] FetchCommand channelId:3997987161 command:2
09-28 17:51:21.394   818  1137 E C02515/DISP: [0;32;31m[GetMetadata:109] <private> is not supported[m
09-28 17:51:21.394   818  1137 E C02515/DISP: [0;32;31m[SetMetadata:102] <private> is not supported[m
09-28 17:51:21.394   818  1137 E C02515/METADATA_SRV: [0;32;31m[SetMetadata:136]  fail[m
09-28 17:51:21.394   818  1137 E C01401/Bufferqueue: <surface_buffer_impl.cpp:714-SetMetadata>: SetMetadata Failed with -5
09-28 17:51:21.394   818  1137 E C01406/skia: RSUniRenderComposerAdapter::SetBufferColorSpace set color space fail
09-28 17:51:21.396  1048  1170 I C02d13/HDC_LOG: [daemon.cpp:1142] FetchCommand channelId:2012225039 command:1001
09-28 17:51:21.396  1048  1170 I C02d13/HDC_LOG: [session.cpp:1652] New HTaskInfo cid:2012225039 sid:213******641(L:10) command:1001
09-28 17:51:21.396  1048  1170 I C02d13/HDC_LOG: [session.cpp:891] AdminTask add task type:0 cid:2012225039 sid:213******641(L:10) mapsize:2
09-28 17:51:21.396  1048  1170 I C02d13/HDC_LOG: [task.cpp:34] HdcTaskBase type:0 cid:2012225039 sid:213******641(L:10)
09-28 17:51:21.396  1048  1170 I C02d13/HDC_LOG: [daemon_unity.cpp:414] Unity CommandDispatch command:1001 cid:2012225039 sid:213******641(L:10)
09-28 17:51:21.396  1048  1170 W C02d13/HDC_LOG: [async_cmd.cpp:114] GetDevItem false key:persist.hdc.root
09-28 17:51:21.397  1048 12573 I C02d13/HDC_LOG: [async_cmd.cpp:225] Popen pipe fds[pipeRead]:36 fds[pipeWrite]:37, mode 0
09-28 17:51:21.401  1048  1170 I C02d13/HDC_LOG: [async_cmd.cpp:291] ExecuteCommand cmd:param get const.product.os.dist.apiname fd:36 pid:12574
09-28 17:51:21.401 12574 12574 W C02d13/HDC_LOG: [async_cmd.cpp:140] SetSelinuxLabel con:u:r:su:s0 isRoot:0
09-28 17:51:21.401  1048  1170 I C02d13/HDC_LOG: [daemon_unity.cpp:486] Unity CommandDispatch command:1001 finish cid:2012225039 sid:213******641(L:10)
09-28 17:51:21.404 11831 12054 I C00f00/OH_DER_VSync: onOhVsync ENTRY ts=<private> data=<private>
09-28 17:51:21.404 11831 12052 I C00f00/OH_DER_VSync: scheduleVsync ENTRY receiverPtr=0x<private>
09-28 17:51:21.404 11831 12052 I C00f00/OH_DER_VSync: scheduleVsync calling RequestFrame ohVsync=<private>
09-28 17:51:21.405 11831 12052 I C00f00/OH_DER_VSync: scheduleVsync RequestFrame rc=<private>
09-28 17:51:21.406   818  1132 E C02515/DISP: [0;32;31m[SetMetadata:102] <private> is not supported[m
09-28 17:51:21.406   818  1132 E C02515/METADATA_SRV: [0;32;31m[SetMetadata:136]  fail[m
09-28 17:51:21.406   818  1132 E C01401/Bufferqueue: <surface_buffer_impl.cpp:714-SetMetadata>: SetMetadata Failed with -5
09-28 17:51:21.407   793  4141 E C02515/DISP: [0;32;31m[SetLayerMaskInfo@display_composer_vdi_impl.cpp:404] <private> is not supported[m
09-28 17:51:21.407   818  1228 E C02515/DISP: [0;32;31m[SetMetadata:102] <private> is not supported[m
09-28 17:51:21.407   818  1228 E C02515/METADATA_SRV: [0;32;31m[SetMetadata:136]  fail[m
09-28 17:51:21.407   818  1228 E C01401/Bufferqueue: <surface_buffer_impl.cpp:714-SetMetadata>: SetMetadata Failed with -5
09-28 17:51:21.408   793  4141 E C02515/DISP: [0;32;31m[SetDisplayClientDamage@display_composer_vdi_impl.cpp:179] <private> is not supported[m
09-28 17:51:21.421 11831 12054 I C00f00/OH_DER_VSync: onOhVsync ENTRY ts=<private> data=<private>
09-28 17:51:21.421 11831 12052 I C00f00/OH_DER_VSync: scheduleVsync ENTRY receiverPtr=0x<private>
09-28 17:51:21.421 11831 12052 I C00f00/OH_DER_VSync: scheduleVsync calling RequestFrame ohVsync=<private>
09-28 17:51:21.421   818   818 E C02515/DISP: [0;32;31m[GetMetadata:109] <private> is not supported[m
09-28 17:51:21.421   818   818 E C02515/DISP: [0;32;31m[GetMetadata:109] <private> is not supported[m
09-28 17:51:21.421 11831 12052 I C00f00/OH_DER_VSync: scheduleVsync RequestFrame rc=<private>
09-28 17:51:21.421   818   818 E C02515/DISP: [0;32;31m[GetMetadata:109] <private> is not supported[m
09-28 17:51:21.422  1048 12575 I C02d13/HDC_LOG: [async_cmd.cpp:88] FinishShellProc finish pipeRead fd:36 pid:12574 count:1
09-28 17:51:21.422  1048 12575 I C02d13/HDC_LOG: [task.cpp:55] HdcTaskBase::TaskFinish notify begin type:0 cid:2012225039 sid:213******641(L:10)
09-28 17:51:21.422   818   818 E C01406/skia: RSBaseRenderUtil::DealWithSurfaceRotationAndGravity, GetSurfaceBufferOpaque:0
09-28 17:51:21.423   818   818 E C02515/DISP: [0;32;31m[GetMetadata:109] <private> is not supported[m
09-28 17:51:21.423  1048 12575 I C02d13/HDC_LOG: [task.cpp:58] HdcTaskBase::TaskFinish notify end type:0 cid:2012225039 sid:213******641(L:10)
09-28 17:51:21.423   818   818 E C01406/skia: RSBaseRenderUtil::DealWithSurfaceRotationAndGravity, GetSurfaceBufferOpaque:0
09-28 17:51:21.423   818   818 E C02515/DISP: [0;32;31m[GetMetadata:109] <private> is not supported[m
09-28 17:51:21.424   818  1137 E C02515/DISP: [0;32;31m[SetMetadata:102] <private> is not supported[m
09-28 17:51:21.424   818  1137 E C02515/METADATA_SRV: [0;32;31m[SetMetadata:136]  fail[m
09-28 17:51:21.424   818  1137 E C01401/Bufferqueue: <surface_buffer_impl.cpp:714-SetMetadata>: SetMetadata Failed with -5
09-28 17:51:21.425   818  1137 E C01406/skia: SurfaceNodeDrawable DrawCommSurfaceWatermark Name:BackgroundBlurView2 Id:8933531975688 water mark count is zero
09-28 17:51:21.425   818  1137 E C01406/skia: RSBaseRenderUtil::DealWithSurfaceRotationAndGravity, GetSurfaceBufferOpaque:0
09-28 17:51:21.425   818  1137 I C01406/WRAP: AHardwareBuffer_createFromHandle index = <private> handle = <private>, ahb = <private>
09-28 17:51:21.425   818  1137 E C01406/skia: SurfaceNodeDrawable DrawCommSurfaceWatermark Name:AdapterActivityContent Id:50813758078979 water mark count is zero
09-28 17:51:21.425   818  1137 E C01406/skia: RSBaseRenderUtil::DealWithSurfaceRotationAndGravity, GetSurfaceBufferOpaque:0
09-28 17:51:21.425   818  1137 I C01406/WRAP: AHardwareBuffer_createFromHandle index = <private> handle = <private>, ahb = <private>
09-28 17:51:21.426   818  1137 E C01406/skia: SurfaceNodeDrawable DrawCommSurfaceWatermark Name:AdapterSurfaceView Id:50813758078980 water mark count is zero
09-28 17:51:21.426   818  1137 E C01406/skia: SurfaceNodeDrawable DrawCommSurfaceWatermark Name:com.a2hlab.bridge.zigzag/com.unity3d.player.UnityPlayerActivity Id:50813758078977 water mark count is zero
09-28 17:51:21.426   818  1137 E C01406/skia: SurfaceNodeDrawable DrawCommSurfaceWatermark Name:WindowScene_zigzag33 Id:8933531976525 water mark count is zero
09-28 17:51:21.426  1048  1170 I C02d13/HDC_LOG: [daemon.cpp:1142] FetchCommand channelId:2012225039 command:2
09-28 17:51:21.426  1048  1170 W C02d13/HDC_LOG: [session.cpp:160] BeginRemoveTask taskType:0 channelId:2012225039
09-28 17:51:21.426  1048  1170 W C02d13/HDC_LOG: [session.cpp:190] ClearOwnTasks OP_CLEAR finish, sessionId:213******641(L:10) channelIDInput:2012225039
09-28 17:51:21.426  1048  1170 W C02d13/HDC_LOG: [session.cpp:115] taskClassDeleteRetry start clear task, taskType:0 cid:2012225039 sid:213******641(L:10)
09-28 17:51:21.426  1048  1170 I C02d13/HDC_LOG: [async_cmd.cpp:69] DoRelease rc:-3 pid:12574
09-28 17:51:21.426  1048  1170 I C02d13/HDC_LOG: [session.cpp:126] TaskDelay task remove retry count 0/30, taskType:0 channelId:2012225039, sessionId:213******641(L:10)
09-28 17:51:21.426  1048  1170 I C02d13/HDC_LOG: [daemon_unity.cpp:31] ~HdcDaemonUnity cid:2012225039 sid:213******641(L:10)
09-28 17:51:21.426  1048  1170 I C02d13/HDC_LOG: [task.cpp:40] ~HdcTaskBase type:0 cid:2012225039 sid:213******641(L:10)
09-28 17:51:21.426  1048  1170 W C02d13/HDC_LOG: [session.cpp:134] TaskDelay task remove finish, channelId:2012225039
09-28 17:51:21.426  1048  1170 I C02d13/HDC_LOG: [base.cpp:969] before uv handle close, the uv handle type is 13
09-28 17:51:21.426   818  1137 E C01406/skia: SurfaceNodeDrawable DrawCommSurfaceWatermark Name:SCBGestureNavBar13 Id:8933531975827 water mark count is zero
09-28 17:51:21.426   818  1137 E C01406/skia: SurfaceNodeDrawable DrawCommSurfaceWatermark Name:SCBStatusBar15 Id:8933531975907 water mark count is zero
09-28 17:51:21.428   818  1137 E C02515/DISP: [0;32;31m[GetMetadata:109] <private> is not supported[m
09-28 17:51:21.428   818  1137 E C02515/DISP: [0;32;31m[SetMetadata:102] <private> is not supported[m
09-28 17:51:21.428   818  1137 E C02515/METADATA_SRV: [0;32;31m[SetMetadata:136]  fail[m
09-28 17:51:21.428   818  1137 E C01401/Bufferqueue: <surface_buffer_impl.cpp:714-SetMetadata>: SetMetadata Failed with -5
09-28 17:51:21.428   818  1137 E C01406/skia: RSUniRenderComposerAdapter::SetBufferColorSpace set color space fail
09-28 17:51:21.430  1048  1170 I C02d13/HDC_LOG: [daemon.cpp:1142] FetchCommand channelId:2012225039 command:2
09-28 17:51:21.438 11831 12054 I C00f00/OH_DER_VSync: onOhVsync ENTRY ts=<private> data=<private>
09-28 17:51:21.438 11831 12052 I C00f00/OH_DER_VSync: scheduleVsync ENTRY receiverPtr=0x<private>
09-28 17:51:21.438 11831 12052 I C00f00/OH_DER_VSync: scheduleVsync calling RequestFrame ohVsync=<private>
09-28 17:51:21.438 11831 12052 I C00f00/OH_DER_VSync: scheduleVsync RequestFrame rc=<private>
09-28 17:51:21.439   818  1132 E C02515/DISP: [0;32;31m[SetMetadata:102] <private> is not supported[m
09-28 17:51:21.439   818  1132 E C02515/METADATA_SRV: [0;32;31m[SetMetadata:136]  fail[m
09-28 17:51:21.439   818  1132 E C01401/Bufferqueue: <surface_buffer_impl.cpp:714-SetMetadata>: SetMetadata Failed with -5
09-28 17:51:21.440   793  4141 E C02515/DISP: [0;32;31m[SetLayerMaskInfo@display_composer_vdi_impl.cpp:404] <private> is not supported[m
09-28 17:51:21.440   818  1228 E C02515/DISP: [0;32;31m[SetMetadata:102] <private> is not supported[m
09-28 17:51:21.440   818  1228 E C02515/METADATA_SRV: [0;32;31m[SetMetadata:136]  fail[m
09-28 17:51:21.440   818  1228 E C01401/Bufferqueue: <surface_buffer_impl.cpp:714-SetMetadata>: SetMetadata Failed with -5
09-28 17:51:21.441   793  4141 E C02515/DISP: [0;32;31m[SetDisplayClientDamage@display_composer_vdi_impl.cpp:179] <private> is not supported[m
09-28 17:51:21.454 11831 12054 I C00f00/OH_DER_VSync: onOhVsync ENTRY ts=<private> data=<private>
09-28 17:51:21.454 11831 12052 I C00f00/OH_DER_VSync: scheduleVsync ENTRY receiverPtr=0x<private>
09-28 17:51:21.454 11831 12052 I C00f00/OH_DER_VSync: scheduleVsync calling RequestFrame ohVsync=<private>
09-28 17:51:21.454   818   818 E C02515/DISP: [0;32;31m[GetMetadata:109] <private> is not supported[m
09-28 17:51:21.455   818   818 E C02515/DISP: [0;32;31m[GetMetadata:109] <private> is not supported[m
09-28 17:51:21.455 11831 12052 I C00f00/OH_DER_VSync: scheduleVsync RequestFrame rc=<private>
09-28 17:51:21.455   818   818 E C02515/DISP: [0;32;31m[GetMetadata:109] <private> is not supported[m
09-28 17:51:21.456   818   818 E C01406/skia: RSBaseRenderUtil::DealWithSurfaceRotationAndGravity, GetSurfaceBufferOpaque:0
09-28 17:51:21.456   818   818 E C02515/DISP: [0;32;31m[GetMetadata:109] <private> is not supported[m
09-28 17:51:21.456   818   818 E C01406/skia: RSBaseRenderUtil::DealWithSurfaceRotationAndGravity, GetSurfaceBufferOpaque:0
09-28 17:51:21.456   818   818 E C02515/DISP: [0;32;31m[GetMetadata:109] <private> is not supported[m
09-28 17:51:21.458   818  1137 E C02515/DISP: [0;32;31m[SetMetadata:102] <private> is not supported[m
09-28 17:51:21.458   818  1137 E C02515/METADATA_SRV: [0;32;31m[SetMetadata:136]  fail[m
09-28 17:51:21.458   818  1137 E C01401/Bufferqueue: <surface_buffer_impl.cpp:714-SetMetadata>: SetMetadata Failed with -5
09-28 17:51:21.459   818  1137 E C01406/skia: SurfaceNodeDrawable DrawCommSurfaceWatermark Name:BackgroundBlurView2 Id:8933531975688 water mark count is zero
09-28 17:51:21.459   818  1137 E C01406/skia: RSBaseRenderUtil::DealWithSurfaceRotationAndGravity, GetSurfaceBufferOpaque:0
09-28 17:51:21.460   818  1137 I C01406/WRAP: AHardwareBuffer_createFromHandle index = <private> handle = <private>, ahb = <private>
09-28 17:51:21.460   818  1137 E C01406/skia: SurfaceNodeDrawable DrawCommSurfaceWatermark Name:AdapterActivityContent Id:50813758078979 water mark count is zero
09-28 17:51:21.460   818  1137 E C01406/skia: RSBaseRenderUtil::DealWithSurfaceRotationAndGravity, GetSurfaceBufferOpaque:0
09-28 17:51:21.460   818  1137 I C01406/WRAP: AHardwareBuffer_createFromHandle index = <private> handle = <private>, ahb = <private>
09-28 17:51:21.461   818  1137 E C01406/skia: SurfaceNodeDrawable DrawCommSurfaceWatermark Name:AdapterSurfaceView Id:50813758078980 water mark count is zero
09-28 17:51:21.461   818  1137 E C01406/skia: SurfaceNodeDrawable DrawCommSurfaceWatermark Name:com.a2hlab.bridge.zigzag/com.unity3d.player.UnityPlayerActivity Id:50813758078977 water mark count is zero
09-28 17:51:21.461   818  1137 E C01406/skia: SurfaceNodeDrawable DrawCommSurfaceWatermark Name:WindowScene_zigzag33 Id:8933531976525 water mark count is zero
09-28 17:51:21.462   818  1137 E C01406/skia: SurfaceNodeDrawable DrawCommSurfaceWatermark Name:SCBGestureNavBar13 Id:8933531975827 water mark count is zero
09-28 17:51:21.462   818  1137 E C01406/skia: SurfaceNodeDrawable DrawCommSurfaceWatermark Name:SCBStatusBar15 Id:8933531975907 water mark count is zero
09-28 17:51:21.464   818  1137 E C02515/DISP: [0;32;31m[GetMetadata:109] <private> is not supported[m
09-28 17:51:21.464   818  1137 E C02515/DISP: [0;32;31m[SetMetadata:102] <private> is not supported[m
09-28 17:51:21.464   818  1137 E C02515/METADATA_SRV: [0;32;31m[SetMetadata:136]  fail[m
09-28 17:51:21.464   818  1137 E C01401/Bufferqueue: <surface_buffer_impl.cpp:714-SetMetadata>: SetMetadata Failed with -5
09-28 17:51:21.464   818  1137 E C01406/skia: RSUniRenderComposerAdapter::SetBufferColorSpace set color space fail
09-28 17:51:21.471 11831 12054 I C00f00/OH_DER_VSync: onOhVsync ENTRY ts=<private> data=<private>
09-28 17:51:21.471 11831 12052 I C00f00/OH_DER_VSync: scheduleVsync ENTRY receiverPtr=0x<private>
09-28 17:51:21.471 11831 12052 I C00f00/OH_DER_VSync: scheduleVsync calling RequestFrame ohVsync=<private>
09-28 17:51:21.471 11831 12052 I C00f00/OH_DER_VSync: scheduleVsync RequestFrame rc=<private>
09-28 17:51:21.473   818  1132 E C02515/DISP: [0;32;31m[SetMetadata:102] <private> is not supported[m
09-28 17:51:21.473   818  1132 E C02515/METADATA_SRV: [0;32;31m[SetMetadata:136]  fail[m
09-28 17:51:21.473   818  1132 E C01401/Bufferqueue: <surface_buffer_impl.cpp:714-SetMetadata>: SetMetadata Failed with -5
09-28 17:51:21.474   793  4141 E C02515/DISP: [0;32;31m[SetLayerMaskInfo@display_composer_vdi_impl.cpp:404] <private> is not supported[m
09-28 17:51:21.474   818  1228 E C02515/DISP: [0;32;31m[SetMetadata:102] <private> is not supported[m
09-28 17:51:21.474   818  1228 E C02515/METADATA_SRV: [0;32;31m[SetMetadata:136]  fail[m
09-28 17:51:21.474   818  1228 E C01401/Bufferqueue: <surface_buffer_impl.cpp:714-SetMetadata>: SetMetadata Failed with -5
09-28 17:51:21.474   793  4141 E C02515/DISP: [0;32;31m[SetDisplayClientDamage@display_composer_vdi_impl.cpp:179] <private> is not supported[m
09-28 17:51:21.488 11831 12054 I C00f00/OH_DER_VSync: onOhVsync ENTRY ts=<private> data=<private>
09-28 17:51:21.488   818   818 E C02515/DISP: [0;32;31m[GetMetadata:109] <private> is not supported[m
09-28 17:51:21.488   818   818 E C02515/DISP: [0;32;31m[GetMetadata:109] <private> is not supported[m
09-28 17:51:21.488   818   818 E C02515/DISP: [0;32;31m[GetMetadata:109] <private> is not supported[m
09-28 17:51:21.488   818   818 E C01406/skia: RSBaseRenderUtil::DealWithSurfaceRotationAndGravity, GetSurfaceBufferOpaque:0
09-28 17:51:21.488   818   818 E C02515/DISP: [0;32;31m[GetMetadata:109] <private> is not supported[m
09-28 17:51:21.488   818   818 E C01406/skia: RSBaseRenderUtil::DealWithSurfaceRotationAndGravity, GetSurfaceBufferOpaque:0
09-28 17:51:21.488   818   818 E C02515/DISP: [0;32;31m[GetMetadata:109] <private> is not supported[m
09-28 17:51:21.489 11831 12052 I C00f00/OH_DER_VSync: scheduleVsync ENTRY receiverPtr=0x<private>
09-28 17:51:21.489 11831 12052 I C00f00/OH_DER_VSync: scheduleVsync calling RequestFrame ohVsync=<private>
09-28 17:51:21.489 11831 12052 I C00f00/OH_DER_VSync: scheduleVsync RequestFrame rc=<private>
09-28 17:51:21.490   818  1137 E C02515/DISP: [0;32;31m[SetMetadata:102] <private> is not supported[m
09-28 17:51:21.490   818  1137 E C02515/METADATA_SRV: [0;32;31m[SetMetadata:136]  fail[m
09-28 17:51:21.490   818  1137 E C01401/Bufferqueue: <surface_buffer_impl.cpp:714-SetMetadata>: SetMetadata Failed with -5
09-28 17:51:21.491   818  1137 E C01406/skia: SurfaceNodeDrawable DrawCommSurfaceWatermark Name:BackgroundBlurView2 Id:8933531975688 water mark count is zero
09-28 17:51:21.491   818  1137 E C01406/skia: RSBaseRenderUtil::DealWithSurfaceRotationAndGravity, GetSurfaceBufferOpaque:0
09-28 17:51:21.491   818  1137 I C01406/WRAP: AHardwareBuffer_createFromHandle index = <private> handle = <private>, ahb = <private>
09-28 17:51:21.492   818  1137 E C01406/skia: SurfaceNodeDrawable DrawCommSurfaceWatermark Name:AdapterActivityContent Id:50813758078979 water mark count is zero
09-28 17:51:21.492   818  1137 E C01406/skia: RSBaseRenderUtil::DealWithSurfaceRotationAndGravity, GetSurfaceBufferOpaque:0
09-28 17:51:21.492   818  1137 I C01406/WRAP: AHardwareBuffer_createFromHandle index = <private> handle = <private>, ahb = <private>
09-28 17:51:21.492   818  1137 E C01406/skia: SurfaceNodeDrawable DrawCommSurfaceWatermark Name:AdapterSurfaceView Id:50813758078980 water mark count is zero
09-28 17:51:21.492   818  1137 E C01406/skia: SurfaceNodeDrawable DrawCommSurfaceWatermark Name:com.a2hlab.bridge.zigzag/com.unity3d.player.UnityPlayerActivity Id:50813758078977 water mark count is zero
09-28 17:51:21.492   818  1137 E C01406/skia: SurfaceNodeDrawable DrawCommSurfaceWatermark Name:WindowScene_zigzag33 Id:8933531976525 water mark count is zero
09-28 17:51:21.493   818  1137 E C01406/skia: SurfaceNodeDrawable DrawCommSurfaceWatermark Name:SCBGestureNavBar13 Id:8933531975827 water mark count is zero
09-28 17:51:21.493   818  1137 E C01406/skia: SurfaceNodeDrawable DrawCommSurfaceWatermark Name:SCBStatusBar15 Id:8933531975907 water mark count is zero
09-28 17:51:21.496   818  1137 E C02515/DISP: [0;32;31m[GetMetadata:109] <private> is not supported[m
09-28 17:51:21.496   818  1137 E C02515/DISP: [0;32;31m[SetMetadata:102] <private> is not supported[m
09-28 17:51:21.496   818  1137 E C02515/METADATA_SRV: [0;32;31m[SetMetadata:136]  fail[m
09-28 17:51:21.496   818  1137 E C01401/Bufferqueue: <surface_buffer_impl.cpp:714-SetMetadata>: SetMetadata Failed with -5
09-28 17:51:21.496   818  1137 E C01406/skia: RSUniRenderComposerAdapter::SetBufferColorSpace set color space fail
09-28 17:51:21.504 11831 12054 I C00f00/OH_DER_VSync: onOhVsync ENTRY ts=<private> data=<private>
09-28 17:51:21.504 11831 12052 I C00f00/OH_DER_VSync: scheduleVsync ENTRY receiverPtr=0x<private>
09-28 17:51:21.504 11831 12052 I C00f00/OH_DER_VSync: scheduleVsync calling RequestFrame ohVsync=<private>
09-28 17:51:21.505 11831 12052 I C00f00/OH_DER_VSync: scheduleVsync RequestFrame rc=<private>
09-28 17:51:21.506   818  1132 E C02515/DISP: [0;32;31m[SetMetadata:102] <private> is not supported[m
09-28 17:51:21.506   818  1132 E C02515/METADATA_SRV: [0;32;31m[SetMetadata:136]  fail[m
09-28 17:51:21.506   818  1132 E C01401/Bufferqueue: <surface_buffer_impl.cpp:714-SetMetadata>: SetMetadata Failed with -5
09-28 17:51:21.507   793  4141 E C02515/DISP: [0;32;31m[SetLayerMaskInfo@display_composer_vdi_impl.cpp:404] <private> is not supported[m
09-28 17:51:21.508   818  1228 E C02515/DISP: [0;32;31m[SetMetadata:102] <private> is not supported[m
09-28 17:51:21.508   818  1228 E C02515/METADATA_SRV: [0;32;31m[SetMetadata:136]  fail[m
09-28 17:51:21.508   818  1228 E C01401/Bufferqueue: <surface_buffer_impl.cpp:714-SetMetadata>: SetMetadata Failed with -5
09-28 17:51:21.508   793  4141 E C02515/DISP: [0;32;31m[SetDisplayClientDamage@display_composer_vdi_impl.cpp:179] <private> is not supported[m
09-28 17:51:21.521   818   818 E C02515/DISP: [0;32;31m[GetMetadata:109] <private> is not supported[m
09-28 17:51:21.521 11831 12054 I C00f00/OH_DER_VSync: onOhVsync ENTRY ts=<private> data=<private>
09-28 17:51:21.521   818   818 E C02515/DISP: [0;32;31m[GetMetadata:109] <private> is not supported[m
09-28 17:51:21.521   818   818 E C02515/DISP: [0;32;31m[GetMetadata:109] <private> is not supported[m
09-28 17:51:21.521 11831 12052 I C00f00/OH_DER_VSync: scheduleVsync ENTRY receiverPtr=0x<private>
09-28 17:51:21.521 11831 12052 I C00f00/OH_DER_VSync: scheduleVsync calling RequestFrame ohVsync=<private>
09-28 17:51:21.521 11831 12052 I C00f00/OH_DER_VSync: scheduleVsync RequestFrame rc=<private>
09-28 17:51:21.522   818   818 E C01406/skia: RSBaseRenderUtil::DealWithSurfaceRotationAndGravity, GetSurfaceBufferOpaque:0
09-28 17:51:21.522   818   818 E C02515/DISP: [0;32;31m[GetMetadata:109] <private> is not supported[m
09-28 17:51:21.522   818   818 E C01406/skia: RSBaseRenderUtil::DealWithSurfaceRotationAndGravity, GetSurfaceBufferOpaque:0
09-28 17:51:21.522   818   818 E C02515/DISP: [0;32;31m[GetMetadata:109] <private> is not supported[m
09-28 17:51:21.523   818  1137 E C02515/DISP: [0;32;31m[SetMetadata:102] <private> is not supported[m
09-28 17:51:21.523   818  1137 E C02515/METADATA_SRV: [0;32;31m[SetMetadata:136]  fail[m
09-28 17:51:21.523   818  1137 E C01401/Bufferqueue: <surface_buffer_impl.cpp:714-SetMetadata>: SetMetadata Failed with -5
09-28 17:51:21.524   818  1137 E C01406/skia: SurfaceNodeDrawable DrawCommSurfaceWatermark Name:BackgroundBlurView2 Id:8933531975688 water mark count is zero
09-28 17:51:21.524   818  1137 E C01406/skia: RSBaseRenderUtil::DealWithSurfaceRotationAndGravity, GetSurfaceBufferOpaque:0
09-28 17:51:21.525   818  1137 I C01406/WRAP: AHardwareBuffer_createFromHandle index = <private> handle = <private>, ahb = <private>
09-28 17:51:21.525   818  1137 E C01406/skia: SurfaceNodeDrawable DrawCommSurfaceWatermark Name:AdapterActivityContent Id:50813758078979 water mark count is zero
09-28 17:51:21.525   818  1137 E C01406/skia: RSBaseRenderUtil::DealWithSurfaceRotationAndGravity, GetSurfaceBufferOpaque:0
09-28 17:51:21.526   818  1137 I C01406/WRAP: AHardwareBuffer_createFromHandle index = <private> handle = <private>, ahb = <private>
09-28 17:51:21.526   818  1137 E C01406/skia: SurfaceNodeDrawable DrawCommSurfaceWatermark Name:AdapterSurfaceView Id:50813758078980 water mark count is zero
09-28 17:51:21.526   818  1137 E C01406/skia: SurfaceNodeDrawable DrawCommSurfaceWatermark Name:com.a2hlab.bridge.zigzag/com.unity3d.player.UnityPlayerActivity Id:50813758078977 water mark count is zero
09-28 17:51:21.526   818  1137 E C01406/skia: SurfaceNodeDrawable DrawCommSurfaceWatermark Name:WindowScene_zigzag33 Id:8933531976525 water mark count is zero
09-28 17:51:21.527   818  1137 E C01406/skia: SurfaceNodeDrawable DrawCommSurfaceWatermark Name:SCBGestureNavBar13 Id:8933531975827 water mark count is zero
09-28 17:51:21.527   818  1137 E C01406/skia: SurfaceNodeDrawable DrawCommSurfaceWatermark Name:SCBStatusBar15 Id:8933531975907 water mark count is zero
09-28 17:51:21.529   818  1137 E C02515/DISP: [0;32;31m[GetMetadata:109] <private> is not supported[m
09-28 17:51:21.529   818  1137 E C02515/DISP: [0;32;31m[SetMetadata:102] <private> is not supported[m
09-28 17:51:21.529   818  1137 E C02515/METADATA_SRV: [0;32;31m[SetMetadata:136]  fail[m
09-28 17:51:21.529   818  1137 E C01401/Bufferqueue: <surface_buffer_impl.cpp:714-SetMetadata>: SetMetadata Failed with -5
09-28 17:51:21.529   818  1137 E C01406/skia: RSUniRenderComposerAdapter::SetBufferColorSpace set color space fail
09-28 17:51:21.538 11831 12054 I C00f00/OH_DER_VSync: onOhVsync ENTRY ts=<private> data=<private>
09-28 17:51:21.538 11831 12052 I C00f00/OH_DER_VSync: scheduleVsync ENTRY receiverPtr=0x<private>
09-28 17:51:21.538 11831 12052 I C00f00/OH_DER_VSync: scheduleVsync calling RequestFrame ohVsync=<private>
09-28 17:51:21.538 11831 12052 I C00f00/OH_DER_VSync: scheduleVsync RequestFrame rc=<private>
09-28 17:51:21.540   818  1132 E C02515/DISP: [0;32;31m[SetMetadata:102] <private> is not supported[m
09-28 17:51:21.540   818  1132 E C02515/METADATA_SRV: [0;32;31m[SetMetadata:136]  fail[m
09-28 17:51:21.540   818  1132 E C01401/Bufferqueue: <surface_buffer_impl.cpp:714-SetMetadata>: SetMetadata Failed with -5
09-28 17:51:21.540   793  4141 E C02515/DISP: [0;32;31m[SetLayerMaskInfo@display_composer_vdi_impl.cpp:404] <private> is not supported[m
09-28 17:51:21.540   818  1228 E C02515/DISP: [0;32;31m[SetMetadata:102] <private> is not supported[m
09-28 17:51:21.540   818  1228 E C02515/METADATA_SRV: [0;32;31m[SetMetadata:136]  fail[m
09-28 17:51:21.540   818  1228 E C01401/Bufferqueue: <surface_buffer_impl.cpp:714-SetMetadata>: SetMetadata Failed with -5
09-28 17:51:21.541   793  4141 E C02515/DISP: [0;32;31m[SetDisplayClientDamage@display_composer_vdi_impl.cpp:179] <private> is not supported[m
09-28 17:51:21.554 11831 12054 I C00f00/OH_DER_VSync: onOhVsync ENTRY ts=<private> data=<private>
09-28 17:51:21.554   818   818 E C02515/DISP: [0;32;31m[GetMetadata:109] <private> is not supported[m
09-28 17:51:21.555 11831 12052 I C00f00/OH_DER_VSync: scheduleVsync ENTRY receiverPtr=0x<private>
09-28 17:51:21.555 11831 12052 I C00f00/OH_DER_VSync: scheduleVsync calling RequestFrame ohVsync=<private>
09-28 17:51:21.555   818   818 E C02515/DISP: [0;32;31m[GetMetadata:109] <private> is not supported[m
09-28 17:51:21.555 11831 12052 I C00f00/OH_DER_VSync: scheduleVsync RequestFrame rc=<private>
09-28 17:51:21.555   818   818 E C02515/DISP: [0;32;31m[GetMetadata:109] <private> is not supported[m
09-28 17:51:21.556   818   818 E C01406/skia: RSBaseRenderUtil::DealWithSurfaceRotationAndGravity, GetSurfaceBufferOpaque:0
09-28 17:51:21.556   818   818 E C02515/DISP: [0;32;31m[GetMetadata:109] <private> is not supported[m
09-28 17:51:21.556   818   818 E C01406/skia: RSBaseRenderUtil::DealWithSurfaceRotationAndGravity, GetSurfaceBufferOpaque:0
09-28 17:51:21.556   818   818 E C02515/DISP: [0;32;31m[GetMetadata:109] <private> is not supported[m
09-28 17:51:21.558   818  1137 E C02515/DISP: [0;32;31m[SetMetadata:102] <private> is not supported[m
09-28 17:51:21.558   818  1137 E C02515/METADATA_SRV: [0;32;31m[SetMetadata:136]  fail[m
09-28 17:51:21.558   818  1137 E C01401/Bufferqueue: <surface_buffer_impl.cpp:714-SetMetadata>: SetMetadata Failed with -5
09-28 17:51:21.558   818  1137 E C01406/skia: SurfaceNodeDrawable DrawCommSurfaceWatermark Name:BackgroundBlurView2 Id:8933531975688 water mark count is zero
09-28 17:51:21.558   818  1137 E C01406/skia: RSBaseRenderUtil::DealWithSurfaceRotationAndGravity, GetSurfaceBufferOpaque:0
09-28 17:51:21.558   818  1137 I C01406/WRAP: AHardwareBuffer_createFromHandle index = <private> handle = <private>, ahb = <private>
09-28 17:51:21.559   818  1137 E C01406/skia: SurfaceNodeDrawable DrawCommSurfaceWatermark Name:AdapterActivityContent Id:50813758078979 water mark count is zero
09-28 17:51:21.559   818  1137 E C01406/skia: RSBaseRenderUtil::DealWithSurfaceRotationAndGravity, GetSurfaceBufferOpaque:0
09-28 17:51:21.559   818  1137 I C01406/WRAP: AHardwareBuffer_createFromHandle index = <private> handle = <private>, ahb = <private>
09-28 17:51:21.559   818  1137 E C01406/skia: SurfaceNodeDrawable DrawCommSurfaceWatermark Name:AdapterSurfaceView Id:50813758078980 water mark count is zero
09-28 17:51:21.559   818  1137 E C01406/skia: SurfaceNodeDrawable DrawCommSurfaceWatermark Name:com.a2hlab.bridge.zigzag/com.unity3d.player.UnityPlayerActivity Id:50813758078977 water mark count is zero
09-28 17:51:21.559   818  1137 E C01406/skia: SurfaceNodeDrawable DrawCommSurfaceWatermark Name:WindowScene_zigzag33 Id:8933531976525 water mark count is zero
09-28 17:51:21.559   818  1137 E C01406/skia: SurfaceNodeDrawable DrawCommSurfaceWatermark Name:SCBGestureNavBar13 Id:8933531975827 water mark count is zero
09-28 17:51:21.559   818  1137 E C01406/skia: SurfaceNodeDrawable DrawCommSurfaceWatermark Name:SCBStatusBar15 Id:8933531975907 water mark count is zero
09-28 17:51:21.562   818  1137 E C02515/DISP: [0;32;31m[GetMetadata:109] <private> is not supported[m
09-28 17:51:21.562   818  1137 E C02515/DISP: [0;32;31m[SetMetadata:102] <private> is not supported[m
09-28 17:51:21.562   818  1137 E C02515/METADATA_SRV: [0;32;31m[SetMetadata:136]  fail[m
09-28 17:51:21.562   818  1137 E C01401/Bufferqueue: <surface_buffer_impl.cpp:714-SetMetadata>: SetMetadata Failed with -5
09-28 17:51:21.562   818  1137 E C01406/skia: RSUniRenderComposerAdapter::SetBufferColorSpace set color space fail
09-28 17:51:21.571 11831 12054 I C00f00/OH_DER_VSync: onOhVsync ENTRY ts=<private> data=<private>
09-28 17:51:21.571 11831 12052 I C00f00/OH_DER_VSync: scheduleVsync ENTRY receiverPtr=0x<private>
09-28 17:51:21.571 11831 12052 I C00f00/OH_DER_VSync: scheduleVsync calling RequestFrame ohVsync=<private>
09-28 17:51:21.571 11831 12052 I C00f00/OH_DER_VSync: scheduleVsync RequestFrame rc=<private>
09-28 17:51:21.573   818  1132 E C02515/DISP: [0;32;31m[SetMetadata:102] <private> is not supported[m
09-28 17:51:21.573   818  1132 E C02515/METADATA_SRV: [0;32;31m[SetMetadata:136]  fail[m
09-28 17:51:21.573   818  1132 E C01401/Bufferqueue: <surface_buffer_impl.cpp:714-SetMetadata>: SetMetadata Failed with -5
09-28 17:51:21.574   793  4141 E C02515/DISP: [0;32;31m[SetLayerMaskInfo@display_composer_vdi_impl.cpp:404] <private> is not supported[m
09-28 17:51:21.574   818  1228 E C02515/DISP: [0;32;31m[SetMetadata:102] <private> is not supported[m
09-28 17:51:21.574   818  1228 E C02515/METADATA_SRV: [0;32;31m[SetMetadata:136]  fail[m
09-28 17:51:21.574   818  1228 E C01401/Bufferqueue: <surface_buffer_impl.cpp:714-SetMetadata>: SetMetadata Failed with -5
09-28 17:51:21.575   793  4141 E C02515/DISP: [0;32;31m[SetDisplayClientDamage@display_composer_vdi_impl.cpp:179] <private> is not supported[m
09-28 17:51:21.588 11831 12054 I C00f00/OH_DER_VSync: onOhVsync ENTRY ts=<private> data=<private>
09-28 17:51:21.588   818   818 E C02515/DISP: [0;32;31m[GetMetadata:109] <private> is not supported[m
09-28 17:51:21.588 11831 12052 I C00f00/OH_DER_VSync: scheduleVsync ENTRY receiverPtr=0x<private>
09-28 17:51:21.588   818   818 E C02515/DISP: [0;32;31m[GetMetadata:109] <private> is not supported[m
09-28 17:51:21.588 11831 12052 I C00f00/OH_DER_VSync: scheduleVsync calling RequestFrame ohVsync=<private>
09-28 17:51:21.588   818   818 E C02515/DISP: [0;32;31m[GetMetadata:109] <private> is not supported[m
09-28 17:51:21.588 11831 12052 I C00f00/OH_DER_VSync: scheduleVsync RequestFrame rc=<private>
09-28 17:51:21.589   818   818 E C01406/skia: RSBaseRenderUtil::DealWithSurfaceRotationAndGravity, GetSurfaceBufferOpaque:0
09-28 17:51:21.589   818   818 E C02515/DISP: [0;32;31m[GetMetadata:109] <private> is not supported[m
09-28 17:51:21.589   818   818 E C01406/skia: RSBaseRenderUtil::DealWithSurfaceRotationAndGravity, GetSurfaceBufferOpaque:0
09-28 17:51:21.589   818   818 E C02515/DISP: [0;32;31m[GetMetadata:109] <private> is not supported[m
09-28 17:51:21.591   818  1137 E C02515/DISP: [0;32;31m[SetMetadata:102] <private> is not supported[m
09-28 17:51:21.591   818  1137 E C02515/METADATA_SRV: [0;32;31m[SetMetadata:136]  fail[m
09-28 17:51:21.591   818  1137 E C01401/Bufferqueue: <surface_buffer_impl.cpp:714-SetMetadata>: SetMetadata Failed with -5
09-28 17:51:21.591   818  1137 E C01406/skia: SurfaceNodeDrawable DrawCommSurfaceWatermark Name:BackgroundBlurView2 Id:8933531975688 water mark count is zero
09-28 17:51:21.592   818  1137 E C01406/skia: RSBaseRenderUtil::DealWithSurfaceRotationAndGravity, GetSurfaceBufferOpaque:0
09-28 17:51:21.592   818  1137 I C01406/WRAP: AHardwareBuffer_createFromHandle index = <private> handle = <private>, ahb = <private>
09-28 17:51:21.592   818  1137 E C01406/skia: SurfaceNodeDrawable DrawCommSurfaceWatermark Name:AdapterActivityContent Id:50813758078979 water mark count is zero
09-28 17:51:21.592   818  1137 E C01406/skia: RSBaseRenderUtil::DealWithSurfaceRotationAndGravity, GetSurfaceBufferOpaque:0
09-28 17:51:21.592   818  1137 I C01406/WRAP: AHardwareBuffer_createFromHandle index = <private> handle = <private>, ahb = <private>
09-28 17:51:21.592   818  1137 E C01406/skia: SurfaceNodeDrawable DrawCommSurfaceWatermark Name:AdapterSurfaceView Id:50813758078980 water mark count is zero
09-28 17:51:21.592   818  1137 E C01406/skia: SurfaceNodeDrawable DrawCommSurfaceWatermark Name:com.a2hlab.bridge.zigzag/com.unity3d.player.UnityPlayerActivity Id:50813758078977 water mark count is zero
09-28 17:51:21.592   818  1137 E C01406/skia: SurfaceNodeDrawable DrawCommSurfaceWatermark Name:WindowScene_zigzag33 Id:8933531976525 water mark count is zero
09-28 17:51:21.593   818  1137 E C01406/skia: SurfaceNodeDrawable DrawCommSurfaceWatermark Name:SCBGestureNavBar13 Id:8933531975827 water mark count is zero
09-28 17:51:21.593   818  1137 E C01406/skia: SurfaceNodeDrawable DrawCommSurfaceWatermark Name:SCBStatusBar15 Id:8933531975907 water mark count is zero
09-28 17:51:21.594   818  1137 E C02515/DISP: [0;32;31m[GetMetadata:109] <private> is not supported[m
09-28 17:51:21.594   818  1137 E C02515/DISP: [0;32;31m[SetMetadata:102] <private> is not supported[m
09-28 17:51:21.594   818  1137 E C02515/METADATA_SRV: [0;32;31m[SetMetadata:136]  fail[m
09-28 17:51:21.594   818  1137 E C01401/Bufferqueue: <surface_buffer_impl.cpp:714-SetMetadata>: SetMetadata Failed with -5
09-28 17:51:21.594   818  1137 E C01406/skia: RSUniRenderComposerAdapter::SetBufferColorSpace set color space fail
09-28 17:51:21.604 11831 12054 I C00f00/OH_DER_VSync: onOhVsync ENTRY ts=<private> data=<private>
09-28 17:51:21.605 11831 12052 I C00f00/OH_DER_VSync: scheduleVsync ENTRY receiverPtr=0x<private>
09-28 17:51:21.605 11831 12052 I C00f00/OH_DER_VSync: scheduleVsync calling RequestFrame ohVsync=<private>
09-28 17:51:21.605 11831 12052 I C00f00/OH_DER_VSync: scheduleVsync RequestFrame rc=<private>
09-28 17:51:21.606   818  1132 E C02515/DISP: [0;32;31m[SetMetadata:102] <private> is not supported[m
09-28 17:51:21.606   818  1132 E C02515/METADATA_SRV: [0;32;31m[SetMetadata:136]  fail[m
09-28 17:51:21.606   818  1132 E C01401/Bufferqueue: <surface_buffer_impl.cpp:714-SetMetadata>: SetMetadata Failed with -5
09-28 17:51:21.607   793  4141 E C02515/DISP: [0;32;31m[SetLayerMaskInfo@display_composer_vdi_impl.cpp:404] <private> is not supported[m
09-28 17:51:21.607   818  1228 E C02515/DISP: [0;32;31m[SetMetadata:102] <private> is not supported[m
09-28 17:51:21.607   818  1228 E C02515/METADATA_SRV: [0;32;31m[SetMetadata:136]  fail[m
09-28 17:51:21.607   818  1228 E C01401/Bufferqueue: <surface_buffer_impl.cpp:714-SetMetadata>: SetMetadata Failed with -5
09-28 17:51:21.608   793  4141 E C02515/DISP: [0;32;31m[SetDisplayClientDamage@display_composer_vdi_impl.cpp:179] <private> is not supported[m
09-28 17:51:21.621 11831 12054 I C00f00/OH_DER_VSync: onOhVsync ENTRY ts=<private> data=<private>
09-28 17:51:21.621   818   818 E C02515/DISP: [0;32;31m[GetMetadata:109] <private> is not supported[m
09-28 17:51:21.621   818   818 E C02515/DISP: [0;32;31m[GetMetadata:109] <private> is not supported[m
09-28 17:51:21.621   818   818 E C02515/DISP: [0;32;31m[GetMetadata:109] <private> is not supported[m
09-28 17:51:21.621 11831 12052 I C00f00/OH_DER_VSync: scheduleVsync ENTRY receiverPtr=0x<private>
09-28 17:51:21.621 11831 12052 I C00f00/OH_DER_VSync: scheduleVsync calling RequestFrame ohVsync=<private>
09-28 17:51:21.621 11831 12052 I C00f00/OH_DER_VSync: scheduleVsync RequestFrame rc=<private>
09-28 17:51:21.622   818   818 E C01406/skia: RSBaseRenderUtil::DealWithSurfaceRotationAndGravity, GetSurfaceBufferOpaque:0
09-28 17:51:21.622   818   818 E C02515/DISP: [0;32;31m[GetMetadata:109] <private> is not supported[m
09-28 17:51:21.622   818   818 E C01406/skia: RSBaseRenderUtil::DealWithSurfaceRotationAndGravity, GetSurfaceBufferOpaque:0
09-28 17:51:21.622   818   818 E C02515/DISP: [0;32;31m[GetMetadata:109] <private> is not supported[m
09-28 17:51:21.623   818  1137 E C02515/DISP: [0;32;31m[SetMetadata:102] <private> is not supported[m
09-28 17:51:21.623   818  1137 E C02515/METADATA_SRV: [0;32;31m[SetMetadata:136]  fail[m
09-28 17:51:21.623   818  1137 E C01401/Bufferqueue: <surface_buffer_impl.cpp:714-SetMetadata>: SetMetadata Failed with -5
09-28 17:51:21.623   818  1137 E C01406/skia: SurfaceNodeDrawable DrawCommSurfaceWatermark Name:BackgroundBlurView2 Id:8933531975688 water mark count is zero
09-28 17:51:21.623   818  1137 E C01406/skia: RSBaseRenderUtil::DealWithSurfaceRotationAndGravity, GetSurfaceBufferOpaque:0
09-28 17:51:21.623   818  1137 I C01406/WRAP: AHardwareBuffer_createFromHandle index = <private> handle = <private>, ahb = <private>
09-28 17:51:21.624   818  1137 E C01406/skia: SurfaceNodeDrawable DrawCommSurfaceWatermark Name:AdapterActivityContent Id:50813758078979 water mark count is zero
09-28 17:51:21.624   818  1137 E C01406/skia: RSBaseRenderUtil::DealWithSurfaceRotationAndGravity, GetSurfaceBufferOpaque:0
09-28 17:51:21.624   818  1137 I C01406/WRAP: AHardwareBuffer_createFromHandle index = <private> handle = <private>, ahb = <private>
09-28 17:51:21.624   818  1137 E C01406/skia: SurfaceNodeDrawable DrawCommSurfaceWatermark Name:AdapterSurfaceView Id:50813758078980 water mark count is zero
09-28 17:51:21.624   818  1137 E C01406/skia: SurfaceNodeDrawable DrawCommSurfaceWatermark Name:com.a2hlab.bridge.zigzag/com.unity3d.player.UnityPlayerActivity Id:50813758078977 water mark count is zero
09-28 17:51:21.624   818  1137 E C01406/skia: SurfaceNodeDrawable DrawCommSurfaceWatermark Name:WindowScene_zigzag33 Id:8933531976525 water mark count is zero
09-28 17:51:21.624   818  1137 E C01406/skia: SurfaceNodeDrawable DrawCommSurfaceWatermark Name:SCBGestureNavBar13 Id:8933531975827 water mark count is zero
09-28 17:51:21.625   818  1137 E C01406/skia: SurfaceNodeDrawable DrawCommSurfaceWatermark Name:SCBStatusBar15 Id:8933531975907 water mark count is zero
09-28 17:51:21.626   818  1137 E C02515/DISP: [0;32;31m[GetMetadata:109] <private> is not supported[m
09-28 17:51:21.626   818  1137 E C02515/DISP: [0;32;31m[SetMetadata:102] <private> is not supported[m
09-28 17:51:21.626   818  1137 E C02515/METADATA_SRV: [0;32;31m[SetMetadata:136]  fail[m
09-28 17:51:21.626   818  1137 E C01401/Bufferqueue: <surface_buffer_impl.cpp:714-SetMetadata>: SetMetadata Failed with -5
09-28 17:51:21.626   818  1137 E C01406/skia: RSUniRenderComposerAdapter::SetBufferColorSpace set color space fail
09-28 17:51:21.638 11831 12054 I C00f00/OH_DER_VSync: onOhVsync ENTRY ts=<private> data=<private>
09-28 17:51:21.638 11831 12052 I C00f00/OH_DER_VSync: scheduleVsync ENTRY receiverPtr=0x<private>
09-28 17:51:21.638 11831 12052 I C00f00/OH_DER_VSync: scheduleVsync calling RequestFrame ohVsync=<private>
09-28 17:51:21.638 11831 12052 I C00f00/OH_DER_VSync: scheduleVsync RequestFrame rc=<private>
09-28 17:51:21.639   818  1132 E C02515/DISP: [0;32;31m[SetMetadata:102] <private> is not supported[m
09-28 17:51:21.639   818  1132 E C02515/METADATA_SRV: [0;32;31m[SetMetadata:136]  fail[m
09-28 17:51:21.639   818  1132 E C01401/Bufferqueue: <surface_buffer_impl.cpp:714-SetMetadata>: SetMetadata Failed with -5
09-28 17:51:21.641   793  4141 E C02515/DISP: [0;32;31m[SetLayerMaskInfo@display_composer_vdi_impl.cpp:404] <private> is not supported[m
09-28 17:51:21.641   818  1228 E C02515/DISP: [0;32;31m[SetMetadata:102] <private> is not supported[m
09-28 17:51:21.641   818  1228 E C02515/METADATA_SRV: [0;32;31m[SetMetadata:136]  fail[m
09-28 17:51:21.641   818  1228 E C01401/Bufferqueue: <surface_buffer_impl.cpp:714-SetMetadata>: SetMetadata Failed with -5
09-28 17:51:21.642   793  4141 E C02515/DISP: [0;32;31m[SetDisplayClientDamage@display_composer_vdi_impl.cpp:179] <private> is not supported[m
09-28 17:51:21.654 11831 12054 I C00f00/OH_DER_VSync: onOhVsync ENTRY ts=<private> data=<private>
09-28 17:51:21.655 11831 12052 I C00f00/OH_DER_VSync: scheduleVsync ENTRY receiverPtr=0x<private>
09-28 17:51:21.655 11831 12052 I C00f00/OH_DER_VSync: scheduleVsync calling RequestFrame ohVsync=<private>
09-28 17:51:21.655   818   818 E C02515/DISP: [0;32;31m[GetMetadata:109] <private> is not supported[m
09-28 17:51:21.655   818   818 E C02515/DISP: [0;32;31m[GetMetadata:109] <private> is not supported[m
09-28 17:51:21.655 11831 12052 I C00f00/OH_DER_VSync: scheduleVsync RequestFrame rc=<private>
09-28 17:51:21.655   818   818 E C02515/DISP: [0;32;31m[GetMetadata:109] <private> is not supported[m
09-28 17:51:21.656   818   818 E C01406/skia: RSBaseRenderUtil::DealWithSurfaceRotationAndGravity, GetSurfaceBufferOpaque:0
09-28 17:51:21.656   818   818 E C02515/DISP: [0;32;31m[GetMetadata:109] <private> is not supported[m
09-28 17:51:21.656   818   818 E C01406/skia: RSBaseRenderUtil::DealWithSurfaceRotationAndGravity, GetSurfaceBufferOpaque:0
09-28 17:51:21.656   818   818 E C02515/DISP: [0;32;31m[GetMetadata:109] <private> is not supported[m
09-28 17:51:21.658   818  1137 E C02515/DISP: [0;32;31m[SetMetadata:102] <private> is not supported[m
09-28 17:51:21.658   818  1137 E C02515/METADATA_SRV: [0;32;31m[SetMetadata:136]  fail[m
09-28 17:51:21.658   818  1137 E C01401/Bufferqueue: <surface_buffer_impl.cpp:714-SetMetadata>: SetMetadata Failed with -5
09-28 17:51:21.658   818  1137 E C01406/skia: SurfaceNodeDrawable DrawCommSurfaceWatermark Name:BackgroundBlurView2 Id:8933531975688 water mark count is zero
09-28 17:51:21.659   818  1137 E C01406/skia: RSBaseRenderUtil::DealWithSurfaceRotationAndGravity, GetSurfaceBufferOpaque:0
09-28 17:51:21.659   818  1137 I C01406/WRAP: AHardwareBuffer_createFromHandle index = <private> handle = <private>, ahb = <private>
09-28 17:51:21.659   818  1137 E C01406/skia: SurfaceNodeDrawable DrawCommSurfaceWatermark Name:AdapterActivityContent Id:50813758078979 water mark count is zero
09-28 17:51:21.659   818  1137 E C01406/skia: RSBaseRenderUtil::DealWithSurfaceRotationAndGravity, GetSurfaceBufferOpaque:0
09-28 17:51:21.659   818  1137 I C01406/WRAP: AHardwareBuffer_createFromHandle index = <private> handle = <private>, ahb = <private>
09-28 17:51:21.659   818  1137 E C01406/skia: SurfaceNodeDrawable DrawCommSurfaceWatermark Name:AdapterSurfaceView Id:50813758078980 water mark count is zero
09-28 17:51:21.659   818  1137 E C01406/skia: SurfaceNodeDrawable DrawCommSurfaceWatermark Name:com.a2hlab.bridge.zigzag/com.unity3d.player.UnityPlayerActivity Id:50813758078977 water mark count is zero
09-28 17:51:21.659   818  1137 E C01406/skia: SurfaceNodeDrawable DrawCommSurfaceWatermark Name:WindowScene_zigzag33 Id:8933531976525 water mark count is zero
09-28 17:51:21.660   818  1137 E C01406/skia: SurfaceNodeDrawable DrawCommSurfaceWatermark Name:SCBGestureNavBar13 Id:8933531975827 water mark count is zero
09-28 17:51:21.660   818  1137 E C01406/skia: SurfaceNodeDrawable DrawCommSurfaceWatermark Name:SCBStatusBar15 Id:8933531975907 water mark count is zero
09-28 17:51:21.661   818  1137 E C02515/DISP: [0;32;31m[GetMetadata:109] <private> is not supported[m
09-28 17:51:21.661   818  1137 E C02515/DISP: [0;32;31m[SetMetadata:102] <private> is not supported[m
09-28 17:51:21.661   818  1137 E C02515/METADATA_SRV: [0;32;31m[SetMetadata:136]  fail[m
09-28 17:51:21.661   818  1137 E C01401/Bufferqueue: <surface_buffer_impl.cpp:714-SetMetadata>: SetMetadata Failed with -5
09-28 17:51:21.661   818  1137 E C01406/skia: RSUniRenderComposerAdapter::SetBufferColorSpace set color space fail
09-28 17:51:21.671 11831 12054 I C00f00/OH_DER_VSync: onOhVsync ENTRY ts=<private> data=<private>
09-28 17:51:21.671 11831 12052 I C00f00/OH_DER_VSync: scheduleVsync ENTRY receiverPtr=0x<private>
09-28 17:51:21.671 11831 12052 I C00f00/OH_DER_VSync: scheduleVsync calling RequestFrame ohVsync=<private>
09-28 17:51:21.671 11831 12052 I C00f00/OH_DER_VSync: scheduleVsync RequestFrame rc=<private>
09-28 17:51:21.673   818  1132 E C02515/DISP: [0;32;31m[SetMetadata:102] <private> is not supported[m
09-28 17:51:21.673   818  1132 E C02515/METADATA_SRV: [0;32;31m[SetMetadata:136]  fail[m
09-28 17:51:21.673   818  1132 E C01401/Bufferqueue: <surface_buffer_impl.cpp:714-SetMetadata>: SetMetadata Failed with -5
09-28 17:51:21.674   793  4141 E C02515/DISP: [0;32;31m[SetLayerMaskInfo@display_composer_vdi_impl.cpp:404] <private> is not supported[m
09-28 17:51:21.674   818  1228 E C02515/DISP: [0;32;31m[SetMetadata:102] <private> is not supported[m
09-28 17:51:21.674   818  1228 E C02515/METADATA_SRV: [0;32;31m[SetMetadata:136]  fail[m
09-28 17:51:21.674   818  1228 E C01401/Bufferqueue: <surface_buffer_impl.cpp:714-SetMetadata>: SetMetadata Failed with -5
09-28 17:51:21.675   793  4141 E C02515/DISP: [0;32;31m[SetDisplayClientDamage@display_composer_vdi_impl.cpp:179] <private> is not supported[m
09-28 17:51:21.688 11831 12054 I C00f00/OH_DER_VSync: onOhVsync ENTRY ts=<private> data=<private>
09-28 17:51:21.688 11831 12052 I C00f00/OH_DER_VSync: scheduleVsync ENTRY receiverPtr=0x<private>
09-28 17:51:21.688   818   818 E C02515/DISP: [0;32;31m[GetMetadata:109] <private> is not supported[m
09-28 17:51:21.688 11831 12052 I C00f00/OH_DER_VSync: scheduleVsync calling RequestFrame ohVsync=<private>
09-28 17:51:21.688   818   818 E C02515/DISP: [0;32;31m[GetMetadata:109] <private> is not supported[m
09-28 17:51:21.688 11831 12052 I C00f00/OH_DER_VSync: scheduleVsync RequestFrame rc=<private>
09-28 17:51:21.688   818   818 E C02515/DISP: [0;32;31m[GetMetadata:109] <private> is not supported[m
09-28 17:51:21.689   818   818 E C01406/skia: RSBaseRenderUtil::DealWithSurfaceRotationAndGravity, GetSurfaceBufferOpaque:0
09-28 17:51:21.689   818   818 E C02515/DISP: [0;32;31m[GetMetadata:109] <private> is not supported[m
09-28 17:51:21.690   818   818 E C01406/skia: RSBaseRenderUtil::DealWithSurfaceRotationAndGravity, GetSurfaceBufferOpaque:0
09-28 17:51:21.690   818   818 E C02515/DISP: [0;32;31m[GetMetadata:109] <private> is not supported[m
09-28 17:51:21.691   818  1137 E C02515/DISP: [0;32;31m[SetMetadata:102] <private> is not supported[m
09-28 17:51:21.691   818  1137 E C02515/METADATA_SRV: [0;32;31m[SetMetadata:136]  fail[m
09-28 17:51:21.691   818  1137 E C01401/Bufferqueue: <surface_buffer_impl.cpp:714-SetMetadata>: SetMetadata Failed with -5
09-28 17:51:21.692   818  1137 E C01406/skia: SurfaceNodeDrawable DrawCommSurfaceWatermark Name:BackgroundBlurView2 Id:8933531975688 water mark count is zero
09-28 17:51:21.692   818  1137 E C01406/skia: RSBaseRenderUtil::DealWithSurfaceRotationAndGravity, GetSurfaceBufferOpaque:0
09-28 17:51:21.692   818  1137 I C01406/WRAP: AHardwareBuffer_createFromHandle index = <private> handle = <private>, ahb = <private>
09-28 17:51:21.692   818  1137 E C01406/skia: SurfaceNodeDrawable DrawCommSurfaceWatermark Name:AdapterActivityContent Id:50813758078979 water mark count is zero
09-28 17:51:21.692   818  1137 E C01406/skia: RSBaseRenderUtil::DealWithSurfaceRotationAndGravity, GetSurfaceBufferOpaque:0
09-28 17:51:21.692   818  1137 I C01406/WRAP: AHardwareBuffer_createFromHandle index = <private> handle = <private>, ahb = <private>
09-28 17:51:21.692   818  1137 E C01406/skia: SurfaceNodeDrawable DrawCommSurfaceWatermark Name:AdapterSurfaceView Id:50813758078980 water mark count is zero
09-28 17:51:21.693   818  1137 E C01406/skia: SurfaceNodeDrawable DrawCommSurfaceWatermark Name:com.a2hlab.bridge.zigzag/com.unity3d.player.UnityPlayerActivity Id:50813758078977 water mark count is zero
09-28 17:51:21.693   818  1137 E C01406/skia: SurfaceNodeDrawable DrawCommSurfaceWatermark Name:WindowScene_zigzag33 Id:8933531976525 water mark count is zero
09-28 17:51:21.693   818  1137 E C01406/skia: SurfaceNodeDrawable DrawCommSurfaceWatermark Name:SCBGestureNavBar13 Id:8933531975827 water mark count is zero
09-28 17:51:21.693   818  1137 E C01406/skia: SurfaceNodeDrawable DrawCommSurfaceWatermark Name:SCBStatusBar15 Id:8933531975907 water mark count is zero
09-28 17:51:21.695   818  1137 E C02515/DISP: [0;32;31m[GetMetadata:109] <private> is not supported[m
09-28 17:51:21.695   818  1137 E C02515/DISP: [0;32;31m[SetMetadata:102] <private> is not supported[m
09-28 17:51:21.695   818  1137 E C02515/METADATA_SRV: [0;32;31m[SetMetadata:136]  fail[m
09-28 17:51:21.695   818  1137 E C01401/Bufferqueue: <surface_buffer_impl.cpp:714-SetMetadata>: SetMetadata Failed with -5
09-28 17:51:21.695   818  1137 E C01406/skia: RSUniRenderComposerAdapter::SetBufferColorSpace set color space fail
09-28 17:51:21.704 11831 12054 I C00f00/OH_DER_VSync: onOhVsync ENTRY ts=<private> data=<private>
09-28 17:51:21.705 11831 12052 I C00f00/OH_DER_VSync: scheduleVsync ENTRY receiverPtr=0x<private>
09-28 17:51:21.705 11831 12052 I C00f00/OH_DER_VSync: scheduleVsync calling RequestFrame ohVsync=<private>
09-28 17:51:21.705 11831 12052 I C00f00/OH_DER_VSync: scheduleVsync RequestFrame rc=<private>
09-28 17:51:21.706   818  1132 E C02515/DISP: [0;32;31m[SetMetadata:102] <private> is not supported[m
09-28 17:51:21.706   818  1132 E C02515/METADATA_SRV: [0;32;31m[SetMetadata:136]  fail[m
09-28 17:51:21.706   818  1132 E C01401/Bufferqueue: <surface_buffer_impl.cpp:714-SetMetadata>: SetMetadata Failed with -5
09-28 17:51:21.707   793  4141 E C02515/DISP: [0;32;31m[SetLayerMaskInfo@display_composer_vdi_impl.cpp:404] <private> is not supported[m
09-28 17:51:21.707   818  1228 E C02515/DISP: [0;32;31m[SetMetadata:102] <private> is not supported[m
09-28 17:51:21.707   818  1228 E C02515/METADATA_SRV: [0;32;31m[SetMetadata:136]  fail[m
09-28 17:51:21.707   818  1228 E C01401/Bufferqueue: <surface_buffer_impl.cpp:714-SetMetadata>: SetMetadata Failed with -5
09-28 17:51:21.708   793  4141 E C02515/DISP: [0;32;31m[SetDisplayClientDamage@display_composer_vdi_impl.cpp:179] <private> is not supported[m
09-28 17:51:21.721 11831 12054 I C00f00/OH_DER_VSync: onOhVsync ENTRY ts=<private> data=<private>
09-28 17:51:21.721   818   818 E C02515/DISP: [0;32;31m[GetMetadata:109] <private> is not supported[m
09-28 17:51:21.721 11831 12052 I C00f00/OH_DER_VSync: scheduleVsync ENTRY receiverPtr=0x<private>
09-28 17:51:21.721 11831 12052 I C00f00/OH_DER_VSync: scheduleVsync calling RequestFrame ohVsync=<private>
09-28 17:51:21.721   818   818 E C02515/DISP: [0;32;31m[GetMetadata:109] <private> is not supported[m
09-28 17:51:21.722   818   818 E C02515/DISP: [0;32;31m[GetMetadata:109] <private> is not supported[m
09-28 17:51:21.722 11831 12052 I C00f00/OH_DER_VSync: scheduleVsync RequestFrame rc=<private>
09-28 17:51:21.723   818   818 E C01406/skia: RSBaseRenderUtil::DealWithSurfaceRotationAndGravity, GetSurfaceBufferOpaque:0
09-28 17:51:21.723   818   818 E C02515/DISP: [0;32;31m[GetMetadata:109] <private> is not supported[m
09-28 17:51:21.723   818   818 E C01406/skia: RSBaseRenderUtil::DealWithSurfaceRotationAndGravity, GetSurfaceBufferOpaque:0
09-28 17:51:21.723   818   818 E C02515/DISP: [0;32;31m[GetMetadata:109] <private> is not supported[m
09-28 17:51:21.725   818  1137 E C02515/DISP: [0;32;31m[SetMetadata:102] <private> is not supported[m
09-28 17:51:21.725   818  1137 E C02515/METADATA_SRV: [0;32;31m[SetMetadata:136]  fail[m
09-28 17:51:21.725   818  1137 E C01401/Bufferqueue: <surface_buffer_impl.cpp:714-SetMetadata>: SetMetadata Failed with -5
09-28 17:51:21.725   818  1137 E C01406/skia: SurfaceNodeDrawable DrawCommSurfaceWatermark Name:BackgroundBlurView2 Id:8933531975688 water mark count is zero
09-28 17:51:21.725   818  1137 E C01406/skia: RSBaseRenderUtil::DealWithSurfaceRotationAndGravity, GetSurfaceBufferOpaque:0
09-28 17:51:21.725   818  1137 I C01406/WRAP: AHardwareBuffer_createFromHandle index = <private> handle = <private>, ahb = <private>
09-28 17:51:21.725   818  1137 E C01406/skia: SurfaceNodeDrawable DrawCommSurfaceWatermark Name:AdapterActivityContent Id:50813758078979 water mark count is zero
09-28 17:51:21.725   818  1137 E C01406/skia: RSBaseRenderUtil::DealWithSurfaceRotationAndGravity, GetSurfaceBufferOpaque:0
09-28 17:51:21.726   818  1137 I C01406/WRAP: AHardwareBuffer_createFromHandle index = <private> handle = <private>, ahb = <private>
09-28 17:51:21.726   818  1137 E C01406/skia: SurfaceNodeDrawable DrawCommSurfaceWatermark Name:AdapterSurfaceView Id:50813758078980 water mark count is zero
09-28 17:51:21.726   818  1137 E C01406/skia: SurfaceNodeDrawable DrawCommSurfaceWatermark Name:com.a2hlab.bridge.zigzag/com.unity3d.player.UnityPlayerActivity Id:50813758078977 water mark count is zero
09-28 17:51:21.726   818  1137 E C01406/skia: SurfaceNodeDrawable DrawCommSurfaceWatermark Name:WindowScene_zigzag33 Id:8933531976525 water mark count is zero
09-28 17:51:21.726   818  1137 E C01406/skia: SurfaceNodeDrawable DrawCommSurfaceWatermark Name:SCBGestureNavBar13 Id:8933531975827 water mark count is zero
09-28 17:51:21.726   818  1137 E C01406/skia: SurfaceNodeDrawable DrawCommSurfaceWatermark Name:SCBStatusBar15 Id:8933531975907 water mark count is zero
09-28 17:51:21.728   818  1137 E C02515/DISP: [0;32;31m[GetMetadata:109] <private> is not supported[m
09-28 17:51:21.728   818  1137 E C02515/DISP: [0;32;31m[SetMetadata:102] <private> is not supported[m
09-28 17:51:21.728   818  1137 E C02515/METADATA_SRV: [0;32;31m[SetMetadata:136]  fail[m
09-28 17:51:21.728   818  1137 E C01401/Bufferqueue: <surface_buffer_impl.cpp:714-SetMetadata>: SetMetadata Failed with -5
09-28 17:51:21.728   818  1137 E C01406/skia: RSUniRenderComposerAdapter::SetBufferColorSpace set color space fail
09-28 17:51:21.738 11831 12054 I C00f00/OH_DER_VSync: onOhVsync ENTRY ts=<private> data=<private>
09-28 17:51:21.738 11831 12052 I C00f00/OH_DER_VSync: scheduleVsync ENTRY receiverPtr=0x<private>
09-28 17:51:21.738 11831 12052 I C00f00/OH_DER_VSync: scheduleVsync calling RequestFrame ohVsync=<private>
09-28 17:51:21.738 11831 12052 I C00f00/OH_DER_VSync: scheduleVsync RequestFrame rc=<private>
09-28 17:51:21.739   818  1132 E C02515/DISP: [0;32;31m[SetMetadata:102] <private> is not supported[m
09-28 17:51:21.740   818  1132 E C02515/METADATA_SRV: [0;32;31m[SetMetadata:136]  fail[m
09-28 17:51:21.740   818  1132 E C01401/Bufferqueue: <surface_buffer_impl.cpp:714-SetMetadata>: SetMetadata Failed with -5
09-28 17:51:21.740   793  4141 E C02515/DISP: [0;32;31m[SetLayerMaskInfo@display_composer_vdi_impl.cpp:404] <private> is not supported[m
09-28 17:51:21.741   818  1228 E C02515/DISP: [0;32;31m[SetMetadata:102] <private> is not supported[m
09-28 17:51:21.741   818  1228 E C02515/METADATA_SRV: [0;32;31m[SetMetadata:136]  fail[m
09-28 17:51:21.741   818  1228 E C01401/Bufferqueue: <surface_buffer_impl.cpp:714-SetMetadata>: SetMetadata Failed with -5
09-28 17:51:21.741   793  4141 E C02515/DISP: [0;32;31m[SetDisplayClientDamage@display_composer_vdi_impl.cpp:179] <private> is not supported[m
09-28 17:51:21.754 11831 12054 I C00f00/OH_DER_VSync: onOhVsync ENTRY ts=<private> data=<private>
09-28 17:51:21.755   818   818 E C02515/DISP: [0;32;31m[GetMetadata:109] <private> is not supported[m
09-28 17:51:21.755   818   818 E C02515/DISP: [0;32;31m[GetMetadata:109] <private> is not supported[m
09-28 17:51:21.755   818   818 E C02515/DISP: [0;32;31m[GetMetadata:109] <private> is not supported[m
09-28 17:51:21.755 11831 12052 I C00f00/OH_DER_VSync: scheduleVsync ENTRY receiverPtr=0x<private>
09-28 17:51:21.755 11831 12052 I C00f00/OH_DER_VSync: scheduleVsync calling RequestFrame ohVsync=<private>
09-28 17:51:21.755 11831 12052 I C00f00/OH_DER_VSync: scheduleVsync RequestFrame rc=<private>
09-28 17:51:21.755   818   818 E C01406/skia: RSBaseRenderUtil::DealWithSurfaceRotationAndGravity, GetSurfaceBufferOpaque:0
09-28 17:51:21.755   818   818 E C02515/DISP: [0;32;31m[GetMetadata:109] <private> is not supported[m
09-28 17:51:21.755   818   818 E C01406/skia: RSBaseRenderUtil::DealWithSurfaceRotationAndGravity, GetSurfaceBufferOpaque:0
09-28 17:51:21.755   818   818 E C02515/DISP: [0;32;31m[GetMetadata:109] <private> is not supported[m
09-28 17:51:21.756   818  1137 E C02515/DISP: [0;32;31m[SetMetadata:102] <private> is not supported[m
09-28 17:51:21.756   818  1137 E C02515/METADATA_SRV: [0;32;31m[SetMetadata:136]  fail[m
09-28 17:51:21.756   818  1137 E C01401/Bufferqueue: <surface_buffer_impl.cpp:714-SetMetadata>: SetMetadata Failed with -5
09-28 17:51:21.757   818  1137 E C01406/skia: SurfaceNodeDrawable DrawCommSurfaceWatermark Name:BackgroundBlurView2 Id:8933531975688 water mark count is zero
09-28 17:51:21.757   818  1137 E C01406/skia: RSBaseRenderUtil::DealWithSurfaceRotationAndGravity, GetSurfaceBufferOpaque:0
09-28 17:51:21.757   818  1137 I C01406/WRAP: AHardwareBuffer_createFromHandle index = <private> handle = <private>, ahb = <private>
09-28 17:51:21.757   818  1137 E C01406/skia: SurfaceNodeDrawable DrawCommSurfaceWatermark Name:AdapterActivityContent Id:50813758078979 water mark count is zero
09-28 17:51:21.757   818  1137 E C01406/skia: RSBaseRenderUtil::DealWithSurfaceRotationAndGravity, GetSurfaceBufferOpaque:0
09-28 17:51:21.757   818  1137 I C01406/WRAP: AHardwareBuffer_createFromHandle index = <private> handle = <private>, ahb = <private>
09-28 17:51:21.757   818  1137 E C01406/skia: SurfaceNodeDrawable DrawCommSurfaceWatermark Name:AdapterSurfaceView Id:50813758078980 water mark count is zero
09-28 17:51:21.757   818  1137 E C01406/skia: SurfaceNodeDrawable DrawCommSurfaceWatermark Name:com.a2hlab.bridge.zigzag/com.unity3d.player.UnityPlayerActivity Id:50813758078977 water mark count is zero
09-28 17:51:21.758   818  1137 E C01406/skia: SurfaceNodeDrawable DrawCommSurfaceWatermark Name:WindowScene_zigzag33 Id:8933531976525 water mark count is zero
09-28 17:51:21.758   818  1137 E C01406/skia: SurfaceNodeDrawable DrawCommSurfaceWatermark Name:SCBGestureNavBar13 Id:8933531975827 water mark count is zero
09-28 17:51:21.758   818  1137 E C01406/skia: SurfaceNodeDrawable DrawCommSurfaceWatermark Name:SCBStatusBar15 Id:8933531975907 water mark count is zero
09-28 17:51:21.760   818  1137 E C02515/DISP: [0;32;31m[GetMetadata:109] <private> is not supported[m
09-28 17:51:21.760   818  1137 E C02515/DISP: [0;32;31m[SetMetadata:102] <private> is not supported[m
09-28 17:51:21.760   818  1137 E C02515/METADATA_SRV: [0;32;31m[SetMetadata:136]  fail[m
09-28 17:51:21.760   818  1137 E C01401/Bufferqueue: <surface_buffer_impl.cpp:714-SetMetadata>: SetMetadata Failed with -5
09-28 17:51:21.760   818  1137 E C01406/skia: RSUniRenderComposerAdapter::SetBufferColorSpace set color space fail
09-28 17:51:21.771 11831 12054 I C00f00/OH_DER_VSync: onOhVsync ENTRY ts=<private> data=<private>
09-28 17:51:21.771 11831 12052 I C00f00/OH_DER_VSync: scheduleVsync ENTRY receiverPtr=0x<private>
09-28 17:51:21.771 11831 12052 I C00f00/OH_DER_VSync: scheduleVsync calling RequestFrame ohVsync=<private>
09-28 17:51:21.772 11831 12052 I C00f00/OH_DER_VSync: scheduleVsync RequestFrame rc=<private>
09-28 17:51:21.773 11831 11872 I C00f00/appspawn-x: [<private>:<private>] <private>
09-28 17:51:21.773   818  1132 E C02515/DISP: [0;32;31m[SetMetadata:102] <private> is not supported[m
09-28 17:51:21.773   818  1132 E C02515/METADATA_SRV: [0;32;31m[SetMetadata:136]  fail[m
09-28 17:51:21.773   818  1132 E C01401/Bufferqueue: <surface_buffer_impl.cpp:714-SetMetadata>: SetMetadata Failed with -5
09-28 17:51:21.774   793  4141 E C02515/DISP: [0;32;31m[SetLayerMaskInfo@display_composer_vdi_impl.cpp:404] <private> is not supported[m
09-28 17:51:21.775   818  1228 E C02515/DISP: [0;32;31m[SetMetadata:102] <private> is not supported[m
09-28 17:51:21.775   818  1228 E C02515/METADATA_SRV: [0;32;31m[SetMetadata:136]  fail[m
09-28 17:51:21.775   818  1228 E C01401/Bufferqueue: <surface_buffer_impl.cpp:714-SetMetadata>: SetMetadata Failed with -5
09-28 17:51:21.775   793  4141 E C02515/DISP: [0;32;31m[SetDisplayClientDamage@display_composer_vdi_impl.cpp:179] <private> is not supported[m
09-28 17:51:21.788 11831 12054 I C00f00/OH_DER_VSync: onOhVsync ENTRY ts=<private> data=<private>
09-28 17:51:21.788   818   818 E C02515/DISP: [0;32;31m[GetMetadata:109] <private> is not supported[m
09-28 17:51:21.788   818   818 E C02515/DISP: [0;32;31m[GetMetadata:109] <private> is not supported[m
09-28 17:51:21.788   818   818 E C02515/DISP: [0;32;31m[GetMetadata:109] <private> is not supported[m
09-28 17:51:21.788 11831 12052 I C00f00/OH_DER_VSync: scheduleVsync ENTRY receiverPtr=0x<private>
09-28 17:51:21.788 11831 12052 I C00f00/OH_DER_VSync: scheduleVsync calling RequestFrame ohVsync=<private>
09-28 17:51:21.788 11831 12052 I C00f00/OH_DER_VSync: scheduleVsync RequestFrame rc=<private>
09-28 17:51:21.789   818   818 E C01406/skia: RSBaseRenderUtil::DealWithSurfaceRotationAndGravity, GetSurfaceBufferOpaque:0
09-28 17:51:21.789   818   818 E C02515/DISP: [0;32;31m[GetMetadata:109] <private> is not supported[m
09-28 17:51:21.789   818   818 E C01406/skia: RSBaseRenderUtil::DealWithSurfaceRotationAndGravity, GetSurfaceBufferOpaque:0
09-28 17:51:21.789   818   818 E C02515/DISP: [0;32;31m[GetMetadata:109] <private> is not supported[m
09-28 17:51:21.790   818  1137 E C02515/DISP: [0;32;31m[SetMetadata:102] <private> is not supported[m
09-28 17:51:21.790   818  1137 E C02515/METADATA_SRV: [0;32;31m[SetMetadata:136]  fail[m
09-28 17:51:21.790   818  1137 E C01401/Bufferqueue: <surface_buffer_impl.cpp:714-SetMetadata>: SetMetadata Failed with -5
09-28 17:51:21.790   818  1137 E C01406/skia: SurfaceNodeDrawable DrawCommSurfaceWatermark Name:BackgroundBlurView2 Id:8933531975688 water mark count is zero
09-28 17:51:21.790   818  1137 E C01406/skia: RSBaseRenderUtil::DealWithSurfaceRotationAndGravity, GetSurfaceBufferOpaque:0
09-28 17:51:21.790   818  1137 I C01406/WRAP: AHardwareBuffer_createFromHandle index = <private> handle = <private>, ahb = <private>
09-28 17:51:21.790   818  1137 E C01406/skia: SurfaceNodeDrawable DrawCommSurfaceWatermark Name:AdapterActivityContent Id:50813758078979 water mark count is zero
09-28 17:51:21.790   818  1137 E C01406/skia: RSBaseRenderUtil::DealWithSurfaceRotationAndGravity, GetSurfaceBufferOpaque:0
09-28 17:51:21.791   818  1137 I C01406/WRAP: AHardwareBuffer_createFromHandle index = <private> handle = <private>, ahb = <private>
09-28 17:51:21.791   818  1137 E C01406/skia: SurfaceNodeDrawable DrawCommSurfaceWatermark Name:AdapterSurfaceView Id:50813758078980 water mark count is zero
09-28 17:51:21.791   818  1137 E C01406/skia: SurfaceNodeDrawable DrawCommSurfaceWatermark Name:com.a2hlab.bridge.zigzag/com.unity3d.player.UnityPlayerActivity Id:50813758078977 water mark count is zero
09-28 17:51:21.791   818  1137 E C01406/skia: SurfaceNodeDrawable DrawCommSurfaceWatermark Name:WindowScene_zigzag33 Id:8933531976525 water mark count is zero
09-28 17:51:21.791   818  1137 E C01406/skia: SurfaceNodeDrawable DrawCommSurfaceWatermark Name:SCBGestureNavBar13 Id:8933531975827 water mark count is zero
09-28 17:51:21.791   818  1137 E C01406/skia: SurfaceNodeDrawable DrawCommSurfaceWatermark Name:SCBStatusBar15 Id:8933531975907 water mark count is zero
09-28 17:51:21.793   818  1137 E C02515/DISP: [0;32;31m[GetMetadata:109] <private> is not supported[m
09-28 17:51:21.793   818  1137 E C02515/DISP: [0;32;31m[SetMetadata:102] <private> is not supported[m
09-28 17:51:21.793   818  1137 E C02515/METADATA_SRV: [0;32;31m[SetMetadata:136]  fail[m
09-28 17:51:21.793   818  1137 E C01401/Bufferqueue: <surface_buffer_impl.cpp:714-SetMetadata>: SetMetadata Failed with -5
09-28 17:51:21.793   818  1137 E C01406/skia: RSUniRenderComposerAdapter::SetBufferColorSpace set color space fail
09-28 17:51:21.804 11831 12054 I C00f00/OH_DER_VSync: onOhVsync ENTRY ts=<private> data=<private>
09-28 17:51:21.805 11831 12052 I C00f00/OH_DER_VSync: scheduleVsync ENTRY receiverPtr=0x<private>
09-28 17:51:21.805 11831 12052 I C00f00/OH_DER_VSync: scheduleVsync calling RequestFrame ohVsync=<private>
09-28 17:51:21.805 11831 12052 I C00f00/OH_DER_VSync: scheduleVsync RequestFrame rc=<private>
09-28 17:51:21.806   818  1132 E C02515/DISP: [0;32;31m[SetMetadata:102] <private> is not supported[m
09-28 17:51:21.806   818  1132 E C02515/METADATA_SRV: [0;32;31m[SetMetadata:136]  fail[m
09-28 17:51:21.806   818  1132 E C01401/Bufferqueue: <surface_buffer_impl.cpp:714-SetMetadata>: SetMetadata Failed with -5
09-28 17:51:21.807   793  4141 E C02515/DISP: [0;32;31m[SetLayerMaskInfo@display_composer_vdi_impl.cpp:404] <private> is not supported[m
09-28 17:51:21.808   818  1228 E C02515/DISP: [0;32;31m[SetMetadata:102] <private> is not supported[m
09-28 17:51:21.808   818  1228 E C02515/METADATA_SRV: [0;32;31m[SetMetadata:136]  fail[m
09-28 17:51:21.808   818  1228 E C01401/Bufferqueue: <surface_buffer_impl.cpp:714-SetMetadata>: SetMetadata Failed with -5
09-28 17:51:21.808   793  4141 E C02515/DISP: [0;32;31m[SetDisplayClientDamage@display_composer_vdi_impl.cpp:179] <private> is not supported[m
09-28 17:51:21.821 11831 12054 I C00f00/OH_DER_VSync: onOhVsync ENTRY ts=<private> data=<private>
09-28 17:51:21.821   818   818 E C02515/DISP: [0;32;31m[GetMetadata:109] <private> is not supported[m
09-28 17:51:21.821   818   818 E C02515/DISP: [0;32;31m[GetMetadata:109] <private> is not supported[m
09-28 17:51:21.821   818   818 E C02515/DISP: [0;32;31m[GetMetadata:109] <private> is not supported[m
09-28 17:51:21.821 11831 12052 I C00f00/OH_DER_VSync: scheduleVsync ENTRY receiverPtr=0x<private>
09-28 17:51:21.821 11831 12052 I C00f00/OH_DER_VSync: scheduleVsync calling RequestFrame ohVsync=<private>
09-28 17:51:21.822 11831 12052 I C00f00/OH_DER_VSync: scheduleVsync RequestFrame rc=<private>
09-28 17:51:21.822   818   818 E C01406/skia: RSBaseRenderUtil::DealWithSurfaceRotationAndGravity, GetSurfaceBufferOpaque:0
09-28 17:51:21.822   818   818 E C02515/DISP: [0;32;31m[GetMetadata:109] <private> is not supported[m
09-28 17:51:21.822   818   818 E C01406/skia: RSBaseRenderUtil::DealWithSurfaceRotationAndGravity, GetSurfaceBufferOpaque:0
09-28 17:51:21.822   818   818 E C02515/DISP: [0;32;31m[GetMetadata:109] <private> is not supported[m
09-28 17:51:21.823   818  1137 E C02515/DISP: [0;32;31m[SetMetadata:102] <private> is not supported[m
09-28 17:51:21.823   818  1137 E C02515/METADATA_SRV: [0;32;31m[SetMetadata:136]  fail[m
09-28 17:51:21.823   818  1137 E C01401/Bufferqueue: <surface_buffer_impl.cpp:714-SetMetadata>: SetMetadata Failed with -5
09-28 17:51:21.823   818  1137 E C01406/skia: SurfaceNodeDrawable DrawCommSurfaceWatermark Name:BackgroundBlurView2 Id:8933531975688 water mark count is zero
09-28 17:51:21.823   818  1137 E C01406/skia: RSBaseRenderUtil::DealWithSurfaceRotationAndGravity, GetSurfaceBufferOpaque:0
09-28 17:51:21.824   818  1137 I C01406/WRAP: AHardwareBuffer_createFromHandle index = <private> handle = <private>, ahb = <private>
09-28 17:51:21.824   818  1137 E C01406/skia: SurfaceNodeDrawable DrawCommSurfaceWatermark Name:AdapterActivityContent Id:50813758078979 water mark count is zero
09-28 17:51:21.824   818  1137 E C01406/skia: RSBaseRenderUtil::DealWithSurfaceRotationAndGravity, GetSurfaceBufferOpaque:0
09-28 17:51:21.824   818  1137 I C01406/WRAP: AHardwareBuffer_createFromHandle index = <private> handle = <private>, ahb = <private>
09-28 17:51:21.824   818  1137 E C01406/skia: SurfaceNodeDrawable DrawCommSurfaceWatermark Name:AdapterSurfaceView Id:50813758078980 water mark count is zero
09-28 17:51:21.824   818  1137 E C01406/skia: SurfaceNodeDrawable DrawCommSurfaceWatermark Name:com.a2hlab.bridge.zigzag/com.unity3d.player.UnityPlayerActivity Id:50813758078977 water mark count is zero
09-28 17:51:21.824   818  1137 E C01406/skia: SurfaceNodeDrawable DrawCommSurfaceWatermark Name:WindowScene_zigzag33 Id:8933531976525 water mark count is zero
09-28 17:51:21.825   818  1137 E C01406/skia: SurfaceNodeDrawable DrawCommSurfaceWatermark Name:SCBGestureNavBar13 Id:8933531975827 water mark count is zero
09-28 17:51:21.825   818  1137 E C01406/skia: SurfaceNodeDrawable DrawCommSurfaceWatermark Name:SCBStatusBar15 Id:8933531975907 water mark count is zero
09-28 17:51:21.826   818  1137 E C02515/DISP: [0;32;31m[GetMetadata:109] <private> is not supported[m
09-28 17:51:21.826   818  1137 E C02515/DISP: [0;32;31m[SetMetadata:102] <private> is not supported[m
09-28 17:51:21.826   818  1137 E C02515/METADATA_SRV: [0;32;31m[SetMetadata:136]  fail[m
09-28 17:51:21.826   818  1137 E C01401/Bufferqueue: <surface_buffer_impl.cpp:714-SetMetadata>: SetMetadata Failed with -5
09-28 17:51:21.826   818  1137 E C01406/skia: RSUniRenderComposerAdapter::SetBufferColorSpace set color space fail
09-28 17:51:21.838 11831 12054 I C00f00/OH_DER_VSync: onOhVsync ENTRY ts=<private> data=<private>
09-28 17:51:21.838 11831 12052 I C00f00/OH_DER_VSync: scheduleVsync ENTRY receiverPtr=0x<private>
09-28 17:51:21.838 11831 12052 I C00f00/OH_DER_VSync: scheduleVsync calling RequestFrame ohVsync=<private>
09-28 17:51:21.838 11831 12052 I C00f00/OH_DER_VSync: scheduleVsync RequestFrame rc=<private>
09-28 17:51:21.840   818  1132 E C02515/DISP: [0;32;31m[SetMetadata:102] <private> is not supported[m
09-28 17:51:21.840   818  1132 E C02515/METADATA_SRV: [0;32;31m[SetMetadata:136]  fail[m
09-28 17:51:21.840   818  1132 E C01401/Bufferqueue: <surface_buffer_impl.cpp:714-SetMetadata>: SetMetadata Failed with -5
09-28 17:51:21.841   793  4141 E C02515/DISP: [0;32;31m[SetLayerMaskInfo@display_composer_vdi_impl.cpp:404] <private> is not supported[m
09-28 17:51:21.841   818  1228 E C02515/DISP: [0;32;31m[SetMetadata:102] <private> is not supported[m
09-28 17:51:21.841   818  1228 E C02515/METADATA_SRV: [0;32;31m[SetMetadata:136]  fail[m
09-28 17:51:21.841   818  1228 E C01401/Bufferqueue: <surface_buffer_impl.cpp:714-SetMetadata>: SetMetadata Failed with -5
09-28 17:51:21.842   793  4141 E C02515/DISP: [0;32;31m[SetDisplayClientDamage@display_composer_vdi_impl.cpp:179] <private> is not supported[m
09-28 17:51:21.855 11831 12054 I C00f00/OH_DER_VSync: onOhVsync ENTRY ts=<private> data=<private>
09-28 17:51:21.855 11831 12052 I C00f00/OH_DER_VSync: scheduleVsync ENTRY receiverPtr=0x<private>
09-28 17:51:21.855 11831 12052 I C00f00/OH_DER_VSync: scheduleVsync calling RequestFrame ohVsync=<private>
09-28 17:51:21.855   818   818 E C02515/DISP: [0;32;31m[GetMetadata:109] <private> is not supported[m
09-28 17:51:21.855   818   818 E C02515/DISP: [0;32;31m[GetMetadata:109] <private> is not supported[m
09-28 17:51:21.855 11831 12052 I C00f00/OH_DER_VSync: scheduleVsync RequestFrame rc=<private>
09-28 17:51:21.855   818   818 E C02515/DISP: [0;32;31m[GetMetadata:109] <private> is not supported[m
09-28 17:51:21.856   818   818 E C01406/skia: RSBaseRenderUtil::DealWithSurfaceRotationAndGravity, GetSurfaceBufferOpaque:0
09-28 17:51:21.856   818   818 E C02515/DISP: [0;32;31m[GetMetadata:109] <private> is not supported[m
09-28 17:51:21.856   818   818 E C01406/skia: RSBaseRenderUtil::DealWithSurfaceRotationAndGravity, GetSurfaceBufferOpaque:0
09-28 17:51:21.856   818   818 E C02515/DISP: [0;32;31m[GetMetadata:109] <private> is not supported[m
09-28 17:51:21.858   818  1137 E C02515/DISP: [0;32;31m[SetMetadata:102] <private> is not supported[m
09-28 17:51:21.858   818  1137 E C02515/METADATA_SRV: [0;32;31m[SetMetadata:136]  fail[m
09-28 17:51:21.858   818  1137 E C01401/Bufferqueue: <surface_buffer_impl.cpp:714-SetMetadata>: SetMetadata Failed with -5
09-28 17:51:21.858   818  1137 E C01406/skia: SurfaceNodeDrawable DrawCommSurfaceWatermark Name:BackgroundBlurView2 Id:8933531975688 water mark count is zero
09-28 17:51:21.859   818  1137 E C01406/skia: RSBaseRenderUtil::DealWithSurfaceRotationAndGravity, GetSurfaceBufferOpaque:0
09-28 17:51:21.859   818  1137 I C01406/WRAP: AHardwareBuffer_createFromHandle index = <private> handle = <private>, ahb = <private>
09-28 17:51:21.859   818  1137 E C01406/skia: SurfaceNodeDrawable DrawCommSurfaceWatermark Name:AdapterActivityContent Id:50813758078979 water mark count is zero
09-28 17:51:21.859   818  1137 E C01406/skia: RSBaseRenderUtil::DealWithSurfaceRotationAndGravity, GetSurfaceBufferOpaque:0
09-28 17:51:21.859   818  1137 I C01406/WRAP: AHardwareBuffer_createFromHandle index = <private> handle = <private>, ahb = <private>
09-28 17:51:21.859   818  1137 E C01406/skia: SurfaceNodeDrawable DrawCommSurfaceWatermark Name:AdapterSurfaceView Id:50813758078980 water mark count is zero
09-28 17:51:21.859   818  1137 E C01406/skia: SurfaceNodeDrawable DrawCommSurfaceWatermark Name:com.a2hlab.bridge.zigzag/com.unity3d.player.UnityPlayerActivity Id:50813758078977 water mark count is zero
09-28 17:51:21.859   818  1137 E C01406/skia: SurfaceNodeDrawable DrawCommSurfaceWatermark Name:WindowScene_zigzag33 Id:8933531976525 water mark count is zero
09-28 17:51:21.860   818  1137 E C01406/skia: SurfaceNodeDrawable DrawCommSurfaceWatermark Name:SCBGestureNavBar13 Id:8933531975827 water mark count is zero
09-28 17:51:21.860   818  1137 E C01406/skia: SurfaceNodeDrawable DrawCommSurfaceWatermark Name:SCBStatusBar15 Id:8933531975907 water mark count is zero
09-28 17:51:21.861   818  1137 E C02515/DISP: [0;32;31m[GetMetadata:109] <private> is not supported[m
09-28 17:51:21.861   818  1137 E C02515/DISP: [0;32;31m[SetMetadata:102] <private> is not supported[m
09-28 17:51:21.861   818  1137 E C02515/METADATA_SRV: [0;32;31m[SetMetadata:136]  fail[m
09-28 17:51:21.861   818  1137 E C01401/Bufferqueue: <surface_buffer_impl.cpp:714-SetMetadata>: SetMetadata Failed with -5
09-28 17:51:21.861   818  1137 E C01406/skia: RSUniRenderComposerAdapter::SetBufferColorSpace set color space fail
09-28 17:51:21.871 11831 12054 I C00f00/OH_DER_VSync: onOhVsync ENTRY ts=<private> data=<private>
09-28 17:51:21.871 11831 12052 I C00f00/OH_DER_VSync: scheduleVsync ENTRY receiverPtr=0x<private>
09-28 17:51:21.871 11831 12052 I C00f00/OH_DER_VSync: scheduleVsync calling RequestFrame ohVsync=<private>
09-28 17:51:21.872 11831 12052 I C00f00/OH_DER_VSync: scheduleVsync RequestFrame rc=<private>
09-28 17:51:21.873   818  1132 E C02515/DISP: [0;32;31m[SetMetadata:102] <private> is not supported[m
09-28 17:51:21.873   818  1132 E C02515/METADATA_SRV: [0;32;31m[SetMetadata:136]  fail[m
09-28 17:51:21.873   818  1132 E C01401/Bufferqueue: <surface_buffer_impl.cpp:714-SetMetadata>: SetMetadata Failed with -5
09-28 17:51:21.874   793  4141 E C02515/DISP: [0;32;31m[SetLayerMaskInfo@display_composer_vdi_impl.cpp:404] <private> is not supported[m
09-28 17:51:21.874   818  1228 E C02515/DISP: [0;32;31m[SetMetadata:102] <private> is not supported[m
09-28 17:51:21.874   818  1228 E C02515/METADATA_SRV: [0;32;31m[SetMetadata:136]  fail[m
09-28 17:51:21.874   818  1228 E C01401/Bufferqueue: <surface_buffer_impl.cpp:714-SetMetadata>: SetMetadata Failed with -5
09-28 17:51:21.875   793  4141 E C02515/DISP: [0;32;31m[SetDisplayClientDamage@display_composer_vdi_impl.cpp:179] <private> is not supported[m
09-28 17:51:21.880   378   801 I C02d10/CpuCollector: CalculateProcessCpuStatInfos: startTime=1790589071876, endTime=1790589081880, startBootTime=511598, endBootTime=521603, period=10005, isNeedUpdate=1
09-28 17:51:21.882  1048  1170 I C02d13/HDC_LOG: [daemon.cpp:1142] FetchCommand channelId:1886199019 command:1001
09-28 17:51:21.882  1048  1170 I C02d13/HDC_LOG: [session.cpp:1652] New HTaskInfo cid:1886199019 sid:213******641(L:10) command:1001
09-28 17:51:21.882  1048  1170 I C02d13/HDC_LOG: [session.cpp:891] AdminTask add task type:0 cid:1886199019 sid:213******641(L:10) mapsize:2
09-28 17:51:21.882  1048  1170 I C02d13/HDC_LOG: [task.cpp:34] HdcTaskBase type:0 cid:1886199019 sid:213******641(L:10)
09-28 17:51:21.882  1048  1170 I C02d13/HDC_LOG: [daemon_unity.cpp:414] Unity CommandDispatch command:1001 cid:1886199019 sid:213******641(L:10)
09-28 17:51:21.882  1048  1170 W C02d13/HDC_LOG: [async_cmd.cpp:114] GetDevItem false key:persist.hdc.root
09-28 17:51:21.883  1048 12576 I C02d13/HDC_LOG: [async_cmd.cpp:225] Popen pipe fds[pipeRead]:36 fds[pipeWrite]:37, mode 0
09-28 17:51:21.887  1048  1170 I C02d13/HDC_LOG: [async_cmd.cpp:291] ExecuteCommand cmd:hilog -x fd:36 pid:12577
09-28 17:51:21.887 12577 12577 W C02d13/HDC_LOG: [async_cmd.cpp:140] SetSelinuxLabel con:u:r:su:s0 isRoot:0
09-28 17:51:21.887  1048  1170 I C02d13/HDC_LOG: [daemon_unity.cpp:486] Unity CommandDispatch command:1001 finish cid:1886199019 sid:213******641(L:10)
09-28 17:51:21.888 11831 12054 I C00f00/OH_DER_VSync: onOhVsync ENTRY ts=<private> data=<private>
09-28 17:51:21.888   818   818 E C02515/DISP: [0;32;31m[GetMetadata:109] <private> is not supported[m
09-28 17:51:21.888 11831 12052 I C00f00/OH_DER_VSync: scheduleVsync ENTRY receiverPtr=0x<private>
09-28 17:51:21.888 11831 12052 I C00f00/OH_DER_VSync: scheduleVsync calling RequestFrame ohVsync=<private>
09-28 17:51:21.888   818   818 E C02515/DISP: [0;32;31m[GetMetadata:109] <private> is not supported[m
09-28 17:51:21.888 11831 12052 I C00f00/OH_DER_VSync: scheduleVsync RequestFrame rc=<private>
09-28 17:51:21.888   818   818 E C02515/DISP: [0;32;31m[GetMetadata:109] <private> is not supported[m
09-28 17:51:21.890   818   818 E C01406/skia: RSBaseRenderUtil::DealWithSurfaceRotationAndGravity, GetSurfaceBufferOpaque:0
09-28 17:51:21.890   818   818 E C02515/DISP: [0;32;31m[GetMetadata:109] <private> is not supported[m
09-28 17:51:21.890   818   818 E C01406/skia: RSBaseRenderUtil::DealWithSurfaceRotationAndGravity, GetSurfaceBufferOpaque:0
09-28 17:51:21.890   818   818 E C02515/DISP: [0;32;31m[GetMetadata:109] <private> is not supported[m
09-28 17:51:21.891   818  1137 E C02515/DISP: [0;32;31m[SetMetadata:102] <private> is not supported[m
09-28 17:51:21.891   818  1137 E C02515/METADATA_SRV: [0;32;31m[SetMetadata:136]  fail[m
09-28 17:51:21.891   818  1137 E C01401/Bufferqueue: <surface_buffer_impl.cpp:714-SetMetadata>: SetMetadata Failed with -5
09-28 17:51:21.892   818  1137 E C01406/skia: SurfaceNodeDrawable DrawCommSurfaceWatermark Name:BackgroundBlurView2 Id:8933531975688 water mark count is zero
09-28 17:51:21.892   818  1137 E C01406/skia: RSBaseRenderUtil::DealWithSurfaceRotationAndGravity, GetSurfaceBufferOpaque:0
09-28 17:51:21.892   818  1137 I C01406/WRAP: AHardwareBuffer_createFromHandle index = <private> handle = <private>, ahb = <private>
09-28 17:51:21.892   818  1137 E C01406/skia: SurfaceNodeDrawable DrawCommSurfaceWatermark Name:AdapterActivityContent Id:50813758078979 water mark count is zero
09-28 17:51:21.892   818  1137 E C01406/skia: RSBaseRenderUtil::DealWithSurfaceRotationAndGravity, GetSurfaceBufferOpaque:0
09-28 17:51:21.892   818  1137 I C01406/WRAP: AHardwareBuffer_createFromHandle index = <private> handle = <private>, ahb = <private>
09-28 17:51:21.893   818  1137 E C01406/skia: SurfaceNodeDrawable DrawCommSurfaceWatermark Name:AdapterSurfaceView Id:50813758078980 water mark count is zero
09-28 17:51:21.893   818  1137 E C01406/skia: SurfaceNodeDrawable DrawCommSurfaceWatermark Name:com.a2hlab.bridge.zigzag/com.unity3d.player.UnityPlayerActivity Id:50813758078977 water mark count is zero
09-28 17:51:21.893   818  1137 E C01406/skia: SurfaceNodeDrawable DrawCommSurfaceWatermark Name:WindowScene_zigzag33 Id:8933531976525 water mark count is zero
09-28 17:51:21.893   818  1137 E C01406/skia: SurfaceNodeDrawable DrawCommSurfaceWatermark Name:SCBGestureNavBar13 Id:8933531975827 water mark count is zero
09-28 17:51:21.893   818  1137 E C01406/skia: SurfaceNodeDrawable DrawCommSurfaceWatermark Name:SCBStatusBar15 Id:8933531975907 water mark count is zero
09-28 17:51:21.894   818  1137 E C02515/DISP: [0;32;31m[GetMetadata:109] <private> is not supported[m
09-28 17:51:21.895   818  1137 E C02515/DISP: [0;32;31m[SetMetadata:102] <private> is not supported[m
09-28 17:51:21.895   818  1137 E C02515/METADATA_SRV: [0;32;31m[SetMetadata:136]  fail[m
09-28 17:51:21.895   818  1137 E C01401/Bufferqueue: <surface_buffer_impl.cpp:714-SetMetadata>: SetMetadata Failed with -5
09-28 17:51:21.895   818  1137 E C01406/skia: RSUniRenderComposerAdapter::SetBufferColorSpace set color space fail
09-28 17:51:21.905 11831 12054 I C00f00/OH_DER_VSync: onOhVsync ENTRY ts=<private> data=<private>
09-28 17:51:21.905 11831 12052 I C00f00/OH_DER_VSync: scheduleVsync ENTRY receiverPtr=0x<private>
09-28 17:51:21.905 11831 12052 I C00f00/OH_DER_VSync: scheduleVsync calling RequestFrame ohVsync=<private>
09-28 17:51:21.905 11831 12052 I C00f00/OH_DER_VSync: scheduleVsync RequestFrame rc=<private>
09-28 17:51:21.907   818  1132 E C02515/DISP: [0;32;31m[SetMetadata:102] <private> is not supported[m
09-28 17:51:21.907   818  1132 E C02515/METADATA_SRV: [0;32;31m[SetMetadata:136]  fail[m
09-28 17:51:21.907   818  1132 E C01401/Bufferqueue: <surface_buffer_impl.cpp:714-SetMetadata>: SetMetadata Failed with -5
09-28 17:51:21.907   793  4141 E C02515/DISP: [0;32;31m[SetLayerMaskInfo@display_composer_vdi_impl.cpp:404] <private> is not supported[m
09-28 17:51:21.907   818  1228 E C02515/DISP: [0;32;31m[SetMetadata:102] <private> is not supported[m
09-28 17:51:21.907   818  1228 E C02515/METADATA_SRV: [0;32;31m[SetMetadata:136]  fail[m
09-28 17:51:21.907   818  1228 E C01401/Bufferqueue: <surface_buffer_impl.cpp:714-SetMetadata>: SetMetadata Failed with -5
09-28 17:51:21.909   793  4141 E C02515/DISP: [0;32;31m[SetDisplayClientDamage@display_composer_vdi_impl.cpp:179] <private> is not supported[m
09-28 17:51:21.921 11831 12054 I C00f00/OH_DER_VSync: onOhVsync ENTRY ts=<private> data=<private>
09-28 17:51:21.921   818   818 E C02515/DISP: [0;32;31m[GetMetadata:109] <private> is not supported[m
09-28 17:51:21.921   818   818 E C02515/DISP: [0;32;31m[GetMetadata:109] <private> is not supported[m
09-28 17:51:21.921   818   818 E C02515/DISP: [0;32;31m[GetMetadata:109] <private> is not supported[m
09-28 17:51:21.922 11831 12052 I C00f00/OH_DER_VSync: scheduleVsync ENTRY receiverPtr=0x<private>
09-28 17:51:21.922 11831 12052 I C00f00/OH_DER_VSync: scheduleVsync calling RequestFrame ohVsync=<private>
09-28 17:51:21.922 11831 12052 I C00f00/OH_DER_VSync: scheduleVsync RequestFrame rc=<private>
09-28 17:51:21.922   818   818 E C01406/skia: RSBaseRenderUtil::DealWithSurfaceRotationAndGravity, GetSurfaceBufferOpaque:0
09-28 17:51:21.922   818   818 E C02515/DISP: [0;32;31m[GetMetadata:109] <private> is not supported[m
09-28 17:51:21.922   818   818 E C01406/skia: RSBaseRenderUtil::DealWithSurfaceRotationAndGravity, GetSurfaceBufferOpaque:0
09-28 17:51:21.922   818   818 E C02515/DISP: [0;32;31m[GetMetadata:109] <private> is not supported[m
09-28 17:51:21.923   818  1137 E C02515/DISP: [0;32;31m[SetMetadata:102] <private> is not supported[m
09-28 17:51:21.923   818  1137 E C02515/METADATA_SRV: [0;32;31m[SetMetadata:136]  fail[m
09-28 17:51:21.923   818  1137 E C01401/Bufferqueue: <surface_buffer_impl.cpp:714-SetMetadata>: SetMetadata Failed with -5
09-28 17:51:21.924   818  1137 E C01406/skia: SurfaceNodeDrawable DrawCommSurfaceWatermark Name:BackgroundBlurView2 Id:8933531975688 water mark count is zero
09-28 17:51:21.924   818  1137 E C01406/skia: RSBaseRenderUtil::DealWithSurfaceRotationAndGravity, GetSurfaceBufferOpaque:0
09-28 17:51:21.924   818  1137 I C01406/WRAP: AHardwareBuffer_createFromHandle index = <private> handle = <private>, ahb = <private>
09-28 17:51:21.924   818  1137 E C01406/skia: SurfaceNodeDrawable DrawCommSurfaceWatermark Name:AdapterActivityContent Id:50813758078979 water mark count is zero
09-28 17:51:21.924   818  1137 E C01406/skia: RSBaseRenderUtil::DealWithSurfaceRotationAndGravity, GetSurfaceBufferOpaque:0
09-28 17:51:21.924   818  1137 I C01406/WRAP: AHardwareBuffer_createFromHandle index = <private> handle = <private>, ahb = <private>
09-28 17:51:21.924   818  1137 E C01406/skia: SurfaceNodeDrawable DrawCommSurfaceWatermark Name:AdapterSurfaceView Id:50813758078980 water mark count is zero
09-28 17:51:21.924   818  1137 E C01406/skia: SurfaceNodeDrawable DrawCommSurfaceWatermark Name:com.a2hlab.bridge.zigzag/com.unity3d.player.UnityPlayerActivity Id:50813758078977 water mark count is zero
09-28 17:51:21.924   818  1137 E C01406/skia: SurfaceNodeDrawable DrawCommSurfaceWatermark Name:WindowScene_zigzag33 Id:8933531976525 water mark count is zero
09-28 17:51:21.925   818  1137 E C01406/skia: SurfaceNodeDrawable DrawCommSurfaceWatermark Name:SCBGestureNavBar13 Id:8933531975827 water mark count is zero
09-28 17:51:21.925   818  1137 E C01406/skia: SurfaceNodeDrawable DrawCommSurfaceWatermark Name:SCBStatusBar15 Id:8933531975907 water mark count is zero
09-28 17:51:21.927   818  1137 E C02515/DISP: [0;32;31m[GetMetadata:109] <private> is not supported[m
09-28 17:51:21.927   818  1137 E C02515/DISP: [0;32;31m[SetMetadata:102] <private> is not supported[m
09-28 17:51:21.927   818  1137 E C02515/METADATA_SRV: [0;32;31m[SetMetadata:136]  fail[m
09-28 17:51:21.927   818  1137 E C01401/Bufferqueue: <surface_buffer_impl.cpp:714-SetMetadata>: SetMetadata Failed with -5
09-28 17:51:21.927   818  1137 E C01406/skia: RSUniRenderComposerAdapter::SetBufferColorSpace set color space fail
09-28 17:51:21.938 11831 12054 I C00f00/OH_DER_VSync: onOhVsync ENTRY ts=<private> data=<private>
09-28 17:51:21.938 11831 12052 I C00f00/OH_DER_VSync: scheduleVsync ENTRY receiverPtr=0x<private>
09-28 17:51:21.938 11831 12052 I C00f00/OH_DER_VSync: scheduleVsync calling RequestFrame ohVsync=<private>
09-28 17:51:21.938 11831 12052 I C00f00/OH_DER_VSync: scheduleVsync RequestFrame rc=<private>
09-28 17:51:21.940   818  1132 E C02515/DISP: [0;32;31m[SetMetadata:102] <private> is not supported[m
09-28 17:51:21.940   818  1132 E C02515/METADATA_SRV: [0;32;31m[SetMetadata:136]  fail[m
09-28 17:51:21.940   818  1132 E C01401/Bufferqueue: <surface_buffer_impl.cpp:714-SetMetadata>: SetMetadata Failed with -5
09-28 17:51:21.940   793  4141 E C02515/DISP: [0;32;31m[SetLayerMaskInfo@display_composer_vdi_impl.cpp:404] <private> is not supported[m
09-28 17:51:21.941   818  1228 E C02515/DISP: [0;32;31m[SetMetadata:102] <private> is not supported[m
09-28 17:51:21.941   818  1228 E C02515/METADATA_SRV: [0;32;31m[SetMetadata:136]  fail[m
09-28 17:51:21.941   818  1228 E C01401/Bufferqueue: <surface_buffer_impl.cpp:714-SetMetadata>: SetMetadata Failed with -5
09-28 17:51:21.942   793  4141 E C02515/DISP: [0;32;31m[SetDisplayClientDamage@display_composer_vdi_impl.cpp:179] <private> is not supported[m
09-28 17:51:21.955 11831 12054 I C00f00/OH_DER_VSync: onOhVsync ENTRY ts=<private> data=<private>
09-28 17:51:21.955   818   818 E C02515/DISP: [0;32;31m[GetMetadata:109] <private> is not supported[m
09-28 17:51:21.955 11831 12052 I C00f00/OH_DER_VSync: scheduleVsync ENTRY receiverPtr=0x<private>
09-28 17:51:21.955 11831 12052 I C00f00/OH_DER_VSync: scheduleVsync calling RequestFrame ohVsync=<private>
09-28 17:51:21.955   818   818 E C02515/DISP: [0;32;31m[GetMetadata:109] <private> is not supported[m
09-28 17:51:21.955 11831 12052 I C00f00/OH_DER_VSync: scheduleVsync RequestFrame rc=<private>
09-28 17:51:21.955   818   818 E C02515/DISP: [0;32;31m[GetMetadata:109] <private> is not supported[m
09-28 17:51:21.955  1780  2011 I C01560/StaStateMachine: SignalPoll,bssid:a2:34:**:**:**:ad,ssid:bri*******ver,networkId:0,band:2,freq:5745,rssi:-60,noise:0,chload:0,snr:0,ulDelay:0,txLinkSpeed:2925,rxLinkSpeed:3250,txBytes:78906,rxBytes:111678,txFailed:0,txPackets:357,rxPackets:393,wifiCategory:1, wifiLinkType:0,GetWifiStandard:1,rxmax:54,txmax:54,connState:4,detState:10,lastSignal:4,chloadSelf:0,c0Rssi:0,c1Rssi:0
09-28 17:51:21.955  1780  2011 E C01560/WifiServiceManager: WifiServiceManager, Enhance handle is null
09-28 17:51:21.955  1780  2011 E C01560/WifiHiSysEvent: EnhanceWriteEventIpc: pEnhanceService is null
09-28 17:51:21.956  1780  2011 E C01560/WifiServiceManager: WifiServiceManager, Enhance handle is null
09-28 17:51:21.956  1780  2011 I C01560/Perf5gHandoverService: Enter ActiveScan, rssi: -60, scanStyle: 0
09-28 17:51:21.956   818   818 E C01406/skia: RSBaseRenderUtil::DealWithSurfaceRotationAndGravity, GetSurfaceBufferOpaque:0
09-28 17:51:21.956   818   818 E C02515/DISP: [0;32;31m[GetMetadata:109] <private> is not supported[m
09-28 17:51:21.957   818   818 E C01406/skia: RSBaseRenderUtil::DealWithSurfaceRotationAndGravity, GetSurfaceBufferOpaque:0
09-28 17:51:21.957   818   818 E C02515/DISP: [0;32;31m[GetMetadata:109] <private> is not supported[m
09-28 17:51:21.958   861  1383 I C015b0/NetsysNativeService: GetTotalStats callingUid:1099
09-28 17:51:21.958   861  1383 E C015b0/NetSysBpf: syscall failed, ret:-1, cmd:4, errno: 2
09-28 17:51:21.958   861  1787 I C015b0/NetsysNativeService: GetTotalStats callingUid:1099
09-28 17:51:21.959   818  1137 E C02515/DISP: [0;32;31m[SetMetadata:102] <private> is not supported[m
09-28 17:51:21.959   818  1137 E C02515/METADATA_SRV: [0;32;31m[SetMetadata:136]  fail[m
09-28 17:51:21.959   818  1137 E C01401/Bufferqueue: <surface_buffer_impl.cpp:714-SetMetadata>: SetMetadata Failed with -5
09-28 17:51:21.959   861  1787 E C015b0/NetSysBpf: syscall failed, ret:-1, cmd:4, errno: 2
09-28 17:51:21.960   818  1137 E C01406/skia: SurfaceNodeDrawable DrawCommSurfaceWatermark Name:BackgroundBlurView2 Id:8933531975688 water mark count is zero
09-28 17:51:21.960   818  1137 E C01406/skia: RSBaseRenderUtil::DealWithSurfaceRotationAndGravity, GetSurfaceBufferOpaque:0
09-28 17:51:21.961   818  1137 I C01406/WRAP: AHardwareBuffer_createFromHandle index = <private> handle = <private>, ahb = <private>
09-28 17:51:21.961   818  1137 E C01406/skia: SurfaceNodeDrawable DrawCommSurfaceWatermark Name:AdapterActivityContent Id:50813758078979 water mark count is zero
09-28 17:51:21.961   818  1137 E C01406/skia: RSBaseRenderUtil::DealWithSurfaceRotationAndGravity, GetSurfaceBufferOpaque:0
09-28 17:51:21.961   818  1137 I C01406/WRAP: AHardwareBuffer_createFromHandle index = <private> handle = <private>, ahb = <private>
09-28 17:51:21.962   818  1137 E C01406/skia: SurfaceNodeDrawable DrawCommSurfaceWatermark Name:AdapterSurfaceView Id:50813758078980 water mark count is zero
09-28 17:51:21.962   818  1137 E C01406/skia: SurfaceNodeDrawable DrawCommSurfaceWatermark Name:com.a2hlab.bridge.zigzag/com.unity3d.player.UnityPlayerActivity Id:50813758078977 water mark count is zero
09-28 17:51:21.962   818  1137 E C01406/skia: SurfaceNodeDrawable DrawCommSurfaceWatermark Name:WindowScene_zigzag33 Id:8933531976525 water mark count is zero
09-28 17:51:21.963   818  1137 E C01406/skia: SurfaceNodeDrawable DrawCommSurfaceWatermark Name:SCBGestureNavBar13 Id:8933531975827 water mark count is zero
09-28 17:51:21.963   818  1137 E C01406/skia: SurfaceNodeDrawable DrawCommSurfaceWatermark Name:SCBStatusBar15 Id:8933531975907 water mark count is zero
09-28 17:51:21.966   818  1137 E C02515/DISP: [0;32;31m[GetMetadata:109] <private> is not supported[m
09-28 17:51:21.966   818  1137 E C02515/DISP: [0;32;31m[SetMetadata:102] <private> is not supported[m
09-28 17:51:21.966   818  1137 E C02515/METADATA_SRV: [0;32;31m[SetMetadata:136]  fail[m
09-28 17:51:21.966   818  1137 E C01401/Bufferqueue: <surface_buffer_impl.cpp:714-SetMetadata>: SetMetadata Failed with -5
09-28 17:51:21.966   818  1137 E C01406/skia: RSUniRenderComposerAdapter::SetBufferColorSpace set color space fail
09-28 17:51:21.971 11831 12054 I C00f00/OH_DER_VSync: onOhVsync ENTRY ts=<private> data=<private>
09-28 17:51:21.972 11831 12052 I C00f00/OH_DER_VSync: scheduleVsync ENTRY receiverPtr=0x<private>
09-28 17:51:21.972 11831 12052 I C00f00/OH_DER_VSync: scheduleVsync calling RequestFrame ohVsync=<private>
09-28 17:51:21.972 11831 12052 I C00f00/OH_DER_VSync: scheduleVsync RequestFrame rc=<private>
09-28 17:51:21.974   818  1132 E C02515/DISP: [0;32;31m[SetMetadata:102] <private> is not supported[m
09-28 17:51:21.974   818  1132 E C02515/METADATA_SRV: [0;32;31m[SetMetadata:136]  fail[m
09-28 17:51:21.974   818  1132 E C01401/Bufferqueue: <surface_buffer_impl.cpp:714-SetMetadata>: SetMetadata Failed with -5
09-28 17:51:21.974   793  4141 E C02515/DISP: [0;32;31m[SetLayerMaskInfo@display_composer_vdi_impl.cpp:404] <private> is not supported[m
09-28 17:51:21.975   818  1228 E C02515/DISP: [0;32;31m[SetMetadata:102] <private> is not supported[m
09-28 17:51:21.975   818  1228 E C02515/METADATA_SRV: [0;32;31m[SetMetadata:136]  fail[m
09-28 17:51:21.975   818  1228 E C01401/Bufferqueue: <surface_buffer_impl.cpp:714-SetMetadata>: SetMetadata Failed with -5
09-28 17:51:21.975   793  4141 E C02515/DISP: [0;32;31m[SetDisplayClientDamage@display_composer_vdi_impl.cpp:179] <private> is not supported[m
