SOURCE_APP_NAMESPACE uid=20010053 mount=4026531841->4026533006 runtime=/data/app/el2/100/base/org.westlake.imehost/files/a2hlab-source-84c6e2db66a64ec8bf5f74419a51b8e8 icu=/data/app/el2/100/base/org.westlake.imehost/files/a2hlab-source-84c6e2db66a64ec8bf5f74419a51b8e8/i18n/etc/icu
[AppSpawnX] ========================================
[AppSpawnX] appspawn-x hybrid spawner starting
[AppSpawnX]   pid=10742  uid=0  gid=0
[AppSpawnX] ========================================
[MAIN] >>> Phase 1 START <<<
[AppSpawnX] Phase 1: Initializing OH security modules...
[AppSpawnX] Initializing security modules
[AppSpawnX] Loading sandbox config from: /system/etc/appspawn_x_sandbox.json
[AppSpawnX][W] Sandbox config not readable: /system/etc/appspawn_x_sandbox.json (errno=2: No such file or directory)
[AppSpawnX][W] Continuing without sandbox config – apps will run without filesystem isolation
[AppSpawnX] Initializing SELinux labeling
[AppSpawnX][D] SELinux labeling: stub initialized
[AppSpawnX] Initializing AccessToken management
[AppSpawnX][D] AccessToken management: stub initialized
[AppSpawnX] SIGCHLD handler installed
[AppSpawnX] Security modules initialized successfully
[MAIN] initSecurity ret=0
[AppSpawnX] Env OHOS_SOCKET_A2HSource84c6e2db66a64ec8bf5f not set, falling back to manual bind (standalone mode)
[AppSpawnX] Creating listen socket manually: /dev/unix/socket/A2HSource84c6e2db66a64ec8bf5f
[AppSpawnX] Listen socket ready (manual): fd=5 path=/dev/unix/socket/A2HSource84c6e2db66a64ec8bf5f
[MAIN] createListenSocket ret=0
[MAIN] >>> Phase 1 DONE <<<
[MAIN] >>> Phase 2 START <<<
[AppSpawnX] Phase 2: Initializing Android Runtime (ART VM)...
[MAIN] starting ART VM on MAIN thread (CMS)
[AppSpawnX][VM] Starting ART VM initialization
[AppSpawnX][VM] Step 1: JniInvocation::Init (dlopen libart.so)...
[AppSpawnX][VM] Step 1: OK - libart.so loaded
[AppSpawnX][VM] Step 2: BOOTCLASSPATH=/data/local/tmp/asx/fw/core-oj.jar:/data/local/tmp/asx/fw/core-libart.jar:/data/local/tmp/asx/fw/core-icu4j.jar:/data/local/tmp/asx/fw/conscrypt.jar:/data/local/tmp/asx/fw/okhttp.jar:/data/local/tmp/asx/fw/bouncycastle.jar:/data/local/tmp/asx/fw/apache-xml.jar:/data/local/tmp/asx/fw/framework.jar:/data/local/tmp/asx/fw/adapter-runtime-bcp.jar
[AppSpawnX][VM] Step 2: Boot image=/data/local/tmp/asx/boot/boot.art
[AppSpawnX] ART explicit null/stack checks enabled for OH signal compatibility
[AppSpawnX][VM] Step 3: Creating JavaVM with 10 options
[AppSpawnX][VM]   option[0]: -Xzygote
[AppSpawnX][VM]   option[1]: -Djava.library.path=/data/local/tmp/asx:/system/lib64:/system/lib64/platformsdk:/system/lib64/chipset-sdk:/system/lib64/chipset-sdk-sp:/system/lib64/ndk
[AppSpawnX][VM]   option[2]: -Dwestlake.source.runtime=true
[AppSpawnX][VM]   option[3]: -Dwestlake.android.root=/data/local/tmp/asx
[AppSpawnX][VM]   option[4]: -Dwestlake.android.product=/data/local/tmp/asx/product
[AppSpawnX][VM]   option[5]: -Xbootclasspath-locations:/system/framework/core-oj.jar:/system/framework/core-libart.jar:/system/framework/core-icu4j.jar:/system/framework/conscrypt.jar:/system/framework/okhttp.jar:/system/framework/bouncycastle.jar:/system/framework/apache-xml.jar:/system/framework/framework.jar:/system/framework/adapter-runtime-bcp.jar
[AppSpawnX][VM]   option[6]: -Xbootclasspath:/data/local/tmp/asx/fw/core-oj.jar:/data/local/tmp/asx/fw/core-libart.jar:/data/local/tmp/asx/fw/core-icu4j.jar:/data/local/tmp/asx/fw/conscrypt.jar:/data/local/tmp/asx/fw/okhttp.jar:/data/local/tmp/asx/fw/bouncycastle.jar:/data/local/tmp/asx/fw/apache-xml.jar:/data/local/tmp/asx/fw/framework.jar:/data/local/tmp/asx/fw/adapter-runtime-bcp.jar
[AppSpawnX][VM]   option[7]: -Ximage:/data/local/tmp/asx/boot/boot.art
[AppSpawnX][VM]   option[8]: -Ximplicit-checks:none
[AppSpawnX][VM]   option[9]: -Xexplicit-checks:all
[AppSpawnX][VM] Step 4: Calling JNI_CreateJavaVM...
nullptr I 09-25 22:56:51 10742 10742 parsed_options.cc:656] option[0]=-Xzygote
nullptr I 09-25 22:56:51 10742 10742 parsed_options.cc:656] option[1]=-Djava.library.path=/data/local/tmp/asx:/system/lib64:/system/lib64/platformsdk:/system/lib64/chipset-sdk:/system/lib64/chipset-sdk-sp:/system/lib64/ndk
nullptr I 09-25 22:56:51 10742 10742 parsed_options.cc:656] option[2]=-Dwestlake.source.runtime=true
nullptr I 09-25 22:56:51 10742 10742 parsed_options.cc:656] option[3]=-Dwestlake.android.root=/data/local/tmp/asx
nullptr I 09-25 22:56:51 10742 10742 parsed_options.cc:656] option[4]=-Dwestlake.android.product=/data/local/tmp/asx/product
nullptr I 09-25 22:56:51 10742 10742 parsed_options.cc:656] option[5]=-Xbootclasspath-locations:/system/framework/core-oj.jar:/system/framework/core-libart.jar:/system/framework/core-icu4j.jar:/system/framework/conscrypt.jar:/system/framework/okhttp.jar:/system/framework/bouncycastle.jar:/system/framework/apache-xml.jar:/system/framework/framework.jar:/system/framework/adapter-runtime-bcp.jar
nullptr I 09-25 22:56:51 10742 10742 parsed_options.cc:656] option[6]=-Xbootclasspath:/data/local/tmp/asx/fw/core-oj.jar:/data/local/tmp/asx/fw/core-libart.jar:/data/local/tmp/asx/fw/core-icu4j.jar:/data/local/tmp/asx/fw/conscrypt.jar:/data/local/tmp/asx/fw/okhttp.jar:/data/local/tmp/asx/fw/bouncycastle.jar:/data/local/tmp/asx/fw/apache-xml.jar:/data/local/tmp/asx/fw/framework.jar:/data/local/tmp/asx/fw/adapter-runtime-bcp.jar
nullptr I 09-25 22:56:51 10742 10742 parsed_options.cc:656] option[7]=-Ximage:/data/local/tmp/asx/boot/boot.art
nullptr I 09-25 22:56:51 10742 10742 parsed_options.cc:656] option[8]=-Ximplicit-checks:none
nullptr I 09-25 22:56:51 10742 10742 parsed_options.cc:656] option[9]=-Xexplicit-checks:all
nullptr I 09-25 22:56:51 10742 10742 parsed_options.cc:701] setting boot class path to /data/local/tmp/asx/fw/core-oj.jar:/data/local/tmp/asx/fw/core-libart.jar:/data/local/tmp/asx/fw/core-icu4j.jar:/data/local/tmp/asx/fw/conscrypt.jar:/data/local/tmp/asx/fw/okhttp.jar:/data/local/tmp/asx/fw/bouncycastle.jar:/data/local/tmp/asx/fw/apache-xml.jar:/data/local/tmp/asx/fw/framework.jar:/data/local/tmp/asx/fw/adapter-runtime-bcp.jar
nullptr I 09-25 22:56:51 10742 10742 heap.cc:440] Using CollectorType(2) GC.
[IMG] LoadBootImage entered, image_locations=1
ziparchive: +++ Found EOCD at buf+65535
ziparchive: +++ num_entries=17 dir_size=1518 dir_offset=1925810
ziparchive: +++ zip good scan 17 entries
ziparchive: Zip: Unable to find entry classes2.dex
ziparchive: Zip: Could not find entry classes2.dex
ziparchive: Closing archive 0x7fb750df80
ziparchive: +++ Found EOCD at buf+65535
ziparchive: +++ num_entries=1 dir_size=57 dir_offset=197850
ziparchive: +++ zip good scan 1 entries
ziparchive: Zip: Unable to find entry classes2.dex
ziparchive: Zip: Could not find entry classes2.dex
ziparchive: Closing archive 0x7fb7525cd0
ziparchive: +++ Found EOCD at buf+65535
ziparchive: +++ num_entries=19 dir_size=1741 dir_offset=1077563
ziparchive: +++ zip good scan 19 entries
ziparchive: Zip: Unable to find entry classes2.dex
ziparchive: Zip: Could not find entry classes2.dex
ziparchive: Closing archive 0x7fb7525790
ziparchive: +++ Found EOCD at buf+65535
ziparchive: +++ num_entries=1 dir_size=57 dir_offset=163395
ziparchive: +++ zip good scan 1 entries
ziparchive: Zip: Unable to find entry classes2.dex
ziparchive: Zip: Could not find entry classes2.dex
ziparchive: Closing archive 0x7fb750e640
ziparchive: +++ Found EOCD at buf+65535
ziparchive: +++ num_entries=1 dir_size=57 dir_offset=148849
ziparchive: +++ zip good scan 1 entries
ziparchive: Zip: Unable to find entry classes2.dex
ziparchive: Zip: Could not find entry classes2.dex
ziparchive: Closing archive 0x7fb7525cd0
ziparchive: +++ Found EOCD at buf+65535
ziparchive: +++ num_entries=1 dir_size=57 dir_offset=483711
ziparchive: +++ zip good scan 1 entries
ziparchive: Zip: Unable to find entry classes2.dex
ziparchive: Zip: Could not find entry classes2.dex
ziparchive: Closing archive 0x7fb7525790
ziparchive: +++ Found EOCD at buf+65535
ziparchive: +++ num_entries=27 dir_size=2290 dir_offset=436910
ziparchive: +++ zip good scan 27 entries
ziparchive: Zip: Unable to find entry classes2.dex
ziparchive: Zip: Could not find entry classes2.dex
ziparchive: Closing archive 0x7fb750e640
ziparchive: +++ Found EOCD at buf+65535
ziparchive: +++ num_entries=6 dir_size=347 dir_offset=16200729
ziparchive: +++ zip good scan 6 entries
ziparchive: Zip: Unable to find entry classes7.dex
ziparchive: Zip: Could not find entry classes7.dex
ziparchive: Closing archive 0x7fb750e040
ziparchive: +++ Found EOCD at buf+65535
ziparchive: +++ num_entries=1 dir_size=57 dir_offset=198076
ziparchive: +++ zip good scan 1 entries
ziparchive: Zip: Unable to find entry classes2.dex
ziparchive: Zip: Could not find entry classes2.dex
ziparchive: Closing archive 0x7fb750e040
[IMG] Reserving 0xaefa000 bytes at compiled address 0x70000000
[IMG] Reservation OK at 0x70000000
[IMG] Loaded /data/local/tmp/asx/boot/boot.art at 0x70000000 (size=0x4b031c)
[IMG] Loaded /data/local/tmp/asx/boot/boot-core-libart.art at 0x704b1000 (size=0x6c46c)
[IMG] Loaded /data/local/tmp/asx/boot/boot-core-icu4j.art at 0x7051e000 (size=0x1c4594)
[IMG] Loaded /data/local/tmp/asx/boot/boot-conscrypt.art at 0x706e3000 (size=0x54a40)
[IMG] Loaded /data/local/tmp/asx/boot/boot-okhttp.art at 0x70738000 (size=0x446e0)
[IMG] Loaded /data/local/tmp/asx/boot/boot-bouncycastle.art at 0x7077d000 (size=0x10bbe0)
[IMG] Loaded /data/local/tmp/asx/boot/boot-apache-xml.art at 0x70889000 (size=0x18e684)
[IMG] Loaded /data/local/tmp/asx/boot/boot-framework.art at 0x70a18000 (size=0x2c48fc4)
[IMG] Loaded /data/local/tmp/asx/boot/boot-adapter-runtime-bcp.art at 0x73661000 (size=0x54fc0)
[IMG] MaybeRelocateSpaces: actual=0x70000000 compiled=0x70000000 diff=0
[IMG] DoRelocateSpaces entered, spaces=9 diff=0
[SIGCHAIN] ART registered in OHOS special-handler chain
nullptr I 09-25 22:56:51 10742 10742 runtime.cc:4910] Initializing ART runtime metrics
[WESTLAKE-SOCKET-STREAM] SocketOutputStream class=0x7fb74ae001
[WESTLAKE-SOCKET-STREAM] socketWrite0 register rc=0
[WESTLAKE-SOCKET-STREAM] SocketInputStream class=0x7fb74ae001
[WESTLAKE-SOCKET-STREAM] socketRead0 register rc=0
nullptr E 09-25 22:56:51 10742 10742 jni_internal.cc:2677] ----- class 'Llibcore/icu/ICU;' cl=0 -----
nullptr E 09-25 22:56:51 10742 10742 jni_internal.cc:2677]   objectSize=260 (224 from super)
nullptr E 09-25 22:56:51 10742 10742 jni_internal.cc:2677]   access=0x0000.0011
nullptr E 09-25 22:56:51 10742 10742 jni_internal.cc:2677]   super='java.lang.Class<java.lang.Object>' (cl=0)
nullptr E 09-25 22:56:51 10742 10742 jni_internal.cc:2677]   vtable (0 entries, 11 in super):
nullptr E 09-25 22:56:51 10742 10742 jni_internal.cc:2677]   direct methods (41 entries):
nullptr E 09-25 22:56:51 10742 10742 jni_internal.cc:2677]      0: void libcore.icu.ICU.<clinit>()
nullptr E 09-25 22:56:51 10742 10742 jni_internal.cc:2677]      1: void libcore.icu.ICU.<init>()
nullptr E 09-25 22:56:51 10742 10742 jni_internal.cc:2677]      2: java.lang.String libcore.icu.ICU.addLikelySubtags(java.lang.String)
nullptr E 09-25 22:56:51 10742 10742 jni_internal.cc:2677]      3: java.util.Locale libcore.icu.ICU.addLikelySubtags(java.util.Locale)
nullptr E 09-25 22:56:51 10742 10742 jni_internal.cc:2677]      4: void libcore.icu.ICU.clearAvailableLocales()
nullptr E 09-25 22:56:51 10742 10742 jni_internal.cc:2677]      5: java.lang.String libcore.icu.ICU.convertToTzId(java.lang.String)
nullptr E 09-25 22:56:51 10742 10742 jni_internal.cc:2677]      6: java.util.Locale[] libcore.icu.ICU.getAvailableLocales()
nullptr E 09-25 22:56:51 10742 10742 jni_internal.cc:2677]      7: java.lang.String[] libcore.icu.ICU.getAvailableLocalesNative()
nullptr E 09-25 22:56:51 10742 10742 jni_internal.cc:2677]      8: java.lang.String libcore.icu.ICU.getBestDateTimePattern(java.lang.String, java.util.Locale)
nullptr E 09-25 22:56:51 10742 10742 jni_internal.cc:2677]      9: java.lang.String libcore.icu.ICU.getBestDateTimePattern0(java.lang.String, java.util.Locale)
nullptr E 09-25 22:56:51 10742 10742 jni_internal.cc:2677]     10: java.lang.String libcore.icu.ICU.getBestDateTimePatternNative(java.lang.String, java.lang.String)
nullptr E 09-25 22:56:51 10742 10742 jni_internal.cc:2677]     11: java.lang.String libcore.icu.ICU.getCldrVersion()
nullptr E 09-25 22:56:51 10742 10742 jni_internal.cc:2677]     12: java.lang.String libcore.icu.ICU.getCurrencyCode(java.lang.String)
nullptr E 09-25 22:56:51 10742 10742 jni_internal.cc:2677]     13: char[] libcore.icu.ICU.getDateFormatOrder(java.lang.String)
nullptr E 09-25 22:56:51 10742 10742 jni_internal.cc:2677]     14: java.lang.String libcore.icu.ICU.getDefaultLocale()
nullptr E 09-25 22:56:51 10742 10742 jni_internal.cc:2677]     15: com.android.icu.util.ExtendedCalendar libcore.icu.ICU.getExtendedCalendar(java.util.Locale, java.lang.String)
nullptr E 09-25 22:56:51 10742 10742 jni_internal.cc:2677]     16: java.lang.String libcore.icu.ICU.getGMTZeroFormatString(java.util.Locale)
nullptr E 09-25 22:56:51 10742 10742 jni_internal.cc:2677]     17: java.lang.String libcore.icu.ICU.getISO3Country(java.lang.String)
nullptr E 09-25 22:56:51 10742 10742 jni_internal.cc:2677]     18: java.lang.String libcore.icu.ICU.getISO3Language(java.lang.String)
nullptr E 09-25 22:56:51 10742 10742 jni_internal.cc:2677]     19: java.lang.String[] libcore.icu.ICU.getISOCountries()
nullptr E 09-25 22:56:51 10742 10742 jni_internal.cc:2677]     20: java.lang.String[] libcore.icu.ICU.getISOCountriesInternal()
nullptr E 09-25 22:56:51 10742 10742 jni_internal.cc:2677]     21: java.lang.String[] libcore.icu.ICU.getISOCountriesNative()
nullptr E 09-25 22:56:51 10742 10742 jni_internal.cc:2677]     22: java.lang.String[] libcore.icu.ICU.getISOLanguages()
nullptr E 09-25 22:56:51 10742 10742 jni_internal.cc:2677]     23: java.lang.String[] libcore.icu.ICU.getISOLanguagesNative()
nullptr E 09-25 22:56:51 10742 10742 jni_internal.cc:2677]     24: java.lang.String libcore.icu.ICU.getIcuVersion()
nullptr E 09-25 22:56:51 10742 10742 jni_internal.cc:2677]     25: java.lang.String libcore.icu.ICU.getScript(java.lang.String)
nullptr E 09-25 22:56:51 10742 10742 jni_internal.cc:2677]     26: java.lang.String libcore.icu.ICU.getTimePattern(java.util.Locale, boolean, boolean)
nullptr E 09-25 22:56:51 10742 10742 jni_internal.cc:2677]     27: java.lang.String libcore.icu.ICU.getUnicodeVersion()
nullptr E 09-25 22:56:51 10742 10742 jni_internal.cc:2677]     28: void libcore.icu.ICU.initializeCacheInZygote()
nullptr E 09-25 22:56:51 10742 10742 jni_internal.cc:2677]     29: boolean libcore.icu.ICU.isIsoCountry(java.lang.String)
nullptr E 09-25 22:56:51 10742 10742 jni_internal.cc:2677]     30: java.util.Locale libcore.icu.ICU.localeFromIcuLocaleId(java.lang.String)
nullptr E 09-25 22:56:51 10742 10742 jni_internal.cc:2677]     31: java.util.Locale[] libcore.icu.ICU.localesFromStrings(java.lang.String[])
nullptr E 09-25 22:56:51 10742 10742 jni_internal.cc:2677]     32: void libcore.icu.ICU.parseLangScriptRegionAndVariants(java.lang.String, java.lang.String[])
nullptr E 09-25 22:56:51 10742 10742 jni_internal.cc:2677]     33: java.lang.String libcore.icu.ICU.removeBFromDateTimePattern(java.lang.String)
nullptr E 09-25 22:56:51 10742 10742 jni_internal.cc:2677]     34: java.lang.String libcore.icu.ICU.replaceSymbolInDatePattern(java.lang.String, char, char)
nullptr E 09-25 22:56:51 10742 10742 jni_internal.cc:2677]     35: void libcore.icu.ICU.setDefaultLocale(java.lang.String)
nullptr E 09-25 22:56:51 10742 10742 jni_internal.cc:2677]     36: java.lang.String libcore.icu.ICU.transformHashSign(java.lang.String)
nullptr E 09-25 22:56:51 10742 10742 jni_internal.cc:2677]     37: java.lang.String libcore.icu.ICU.transformIcuDateTimePattern(java.lang.String, boolean)
nullptr E 09-25 22:56:51 10742 10742 jni_internal.cc:2677]     38: java.lang.String libcore.icu.ICU.transformIcuDateTimePattern_forJavaText(java.lang.String)
nullptr E 09-25 22:56:51 10742 10742 jni_internal.cc:2677]     39: java.lang.String libcore.icu.ICU.transformIcuDateTimePattern_forJavaTime(java.lang.String)
nullptr E 09-25 22:56:51 10742 10742 jni_internal.cc:2677]     40: java.lang.String libcore.icu.ICU.transformSymbolB(java.lang.String)
nullptr E 09-25 22:56:51 10742 10742 jni_internal.cc:2677]   static fields (9 entries):
nullptr E 09-25 22:56:51 10742 10742 jni_internal.cc:2677]      0: libcore.util.BasicLruCache libcore.icu.ICU.CACHED_PATTERNS
nullptr E 09-25 22:56:51 10742 10742 jni_internal.cc:2677]      1: int libcore.icu.ICU.IDX_LANGUAGE
nullptr E 09-25 22:56:51 10742 10742 jni_internal.cc:2677]      2: int libcore.icu.ICU.IDX_REGION
nullptr E 09-25 22:56:51 10742 10742 jni_internal.cc:2677]      3: int libcore.icu.ICU.IDX_SCRIPT
nullptr E 09-25 22:56:51 10742 10742 jni_internal.cc:2677]      4: int libcore.icu.ICU.IDX_VARIANT
nullptr E 09-25 22:56:51 10742 10742 jni_internal.cc:2677]      5: java.util.Locale[] libcore.icu.ICU.availableLocalesCache
nullptr E 09-25 22:56:51 10742 10742 jni_internal.cc:2677]      6: java.lang.String[] libcore.icu.ICU.isoCountries
nullptr E 09-25 22:56:51 10742 10742 jni_internal.cc:2677]      7: java.util.Set libcore.icu.ICU.isoCountriesSet
nullptr E 09-25 22:56:51 10742 10742 jni_internal.cc:2677]      8: java.lang.String[] libcore.icu.ICU.isoLanguages
nullptr E 09-25 22:56:51 10742 10742 jni_internal.cc:2677] 
nullptr E 09-25 22:56:51 10742 10742 jni_internal.cc:2678] Failed to register native method libcore.icu.ICU.initLocaleDataNative(Ljava/lang/String;Llibcore/icu/LocaleData;)Z in /system/framework/core-libart.jar
nullptr E 09-25 22:56:51 10742 10742 jni_internal.cc:2685] Failed to register non-native method libcore.icu.ICU.getBestDateTimePatternNative(Ljava/lang/String;Ljava/lang/String;)Ljava/lang/String; as native
nullptr E 09-25 22:56:51 10742 10742 jni_internal.cc:2685] Failed to register non-native method libcore.icu.ICU.getCurrencyCode(Ljava/lang/String;)Ljava/lang/String; as native
nullptr E 09-25 22:56:51 10742 10742 jni_internal.cc:2685] Failed to register non-native method libcore.icu.ICU.setDefaultLocale(Ljava/lang/String;)V as native
nullptr E 09-25 22:56:51 10742 10742 jni_internal.cc:2677] ----- class 'Ljava/lang/Thread;' cl=0 -----
nullptr E 09-25 22:56:51 10742 10742 jni_internal.cc:2677]   objectSize=528 (224 from super)
nullptr E 09-25 22:56:51 10742 10742 jni_internal.cc:2677]   access=0x0000.0001
nullptr E 09-25 22:56:51 10742 10742 jni_internal.cc:2677]   super='java.lang.Class<java.lang.Object>' (cl=0)
nullptr E 09-25 22:56:51 10742 10742 jni_internal.cc:2677]   interfaces (1):
nullptr E 09-25 22:56:51 10742 10742 jni_internal.cc:2677]      0: java.lang.Class<java.lang.Runnable> (cl=0)
nullptr E 09-25 22:56:51 10742 10742 jni_internal.cc:2677]   vtable (35 entries, 11 in super):
nullptr E 09-25 22:56:51 10742 10742 jni_internal.cc:2677]      0: void java.lang.Thread.blockedOn(sun.nio.ch.Interruptible)
nullptr E 09-25 22:56:51 10742 10742 jni_internal.cc:2677]      1: void java.lang.Thread.checkAccess()
nullptr E 09-25 22:56:51 10742 10742 jni_internal.cc:2677]      2: java.lang.Object java.lang.Thread.clone()
nullptr E 09-25 22:56:51 10742 10742 jni_internal.cc:2677]      3: int java.lang.Thread.countStackFrames()
nullptr E 09-25 22:56:51 10742 10742 jni_internal.cc:2677]      4: void java.lang.Thread.destroy()
nullptr E 09-25 22:56:51 10742 10742 jni_internal.cc:2677]      5: void java.lang.Thread.dispatchUncaughtException(java.lang.Throwable)
nullptr E 09-25 22:56:51 10742 10742 jni_internal.cc:2677]      6: java.lang.ClassLoader java.lang.Thread.getContextClassLoader()
nullptr E 09-25 22:56:51 10742 10742 jni_internal.cc:2677]      7: long java.lang.Thread.getId()
nullptr E 09-25 22:56:51 10742 10742 jni_internal.cc:2677]      8: java.lang.String java.lang.Thread.getName()
nullptr E 09-25 22:56:51 10742 10742 jni_internal.cc:2677]      9: int java.lang.Thread.getPriority()
nullptr E 09-25 22:56:51 10742 10742 jni_internal.cc:2677]     10: java.lang.StackTraceElement[] java.lang.Thread.getStackTrace()
nullptr E 09-25 22:56:51 10742 10742 jni_internal.cc:2677]     11: java.lang.Thread$State java.lang.Thread.getState()
nullptr E 09-25 22:56:51 10742 10742 jni_internal.cc:2677]     12: java.lang.ThreadGroup java.lang.Thread.getThreadGroup()
nullptr E 09-25 22:56:51 10742 10742 jni_internal.cc:2677]     13: java.lang.Thread$UncaughtExceptionHandler java.lang.Thread.getUncaughtExceptionHandler()
nullptr E 09-25 22:56:51 10742 10742 jni_internal.cc:2677]     14: void java.lang.Thread.interrupt()
nullptr E 09-25 22:56:51 10742 10742 jni_internal.cc:2677]     15: boolean java.lang.Thread.isAlive()
nullptr E 09-25 22:56:51 10742 10742 jni_internal.cc:2677]     16: boolean java.lang.Thread.isDaemon()
nullptr E 09-25 22:56:51 10742 10742 jni_internal.cc:2677]     17: boolean java.lang.Thread.isInterrupted()
nullptr E 09-25 22:56:51 10742 10742 jni_internal.cc:2677]     18: void java.lang.Thread.join()
nullptr E 09-25 22:56:51 10742 10742 jni_internal.cc:2677]     19: void java.lang.Thread.join(long)
nullptr E 09-25 22:56:51 10742 10742 jni_internal.cc:2677]     20: void java.lang.Thread.join(long, int)
nullptr E 09-25 22:56:51 10742 10742 jni_internal.cc:2677]     21: void java.lang.Thread.resume()
nullptr E 09-25 22:56:51 10742 10742 jni_internal.cc:2677]     22: void java.lang.Thread.run()
nullptr E 09-25 22:56:51 10742 10742 jni_internal.cc:2677]     23: void java.lang.Thread.setContextClassLoader(java.lang.ClassLoader)
nullptr E 09-25 22:56:51 10742 10742 jni_internal.cc:2677]     24: void java.lang.Thread.setDaemon(boolean)
nullptr E 09-25 22:56:51 10742 10742 jni_internal.cc:2677]     25: void java.lang.Thread.setName(java.lang.String)
nullptr E 09-25 22:56:51 10742 10742 jni_internal.cc:2677]     26: void java.lang.Thread.setPriority(int)
nullptr E 09-25 22:56:51 10742 10742 jni_internal.cc:2677]     27: void java.lang.Thread.setPriority0(int)
nullptr E 09-25 22:56:51 10742 10742 jni_internal.cc:2677]     28: void java.lang.Thread.setSystemDaemon(boolean)
nullptr E 09-25 22:56:51 10742 10742 jni_internal.cc:2677]     29: void java.lang.Thread.setUncaughtExceptionHandler(java.lang.Thread$UncaughtExceptionHandler)
nullptr E 09-25 22:56:51 10742 10742 jni_internal.cc:2677]     30: void java.lang.Thread.start()
nullptr E 09-25 22:56:51 10742 10742 jni_internal.cc:2677]     31: void java.lang.Thread.stop()
nullptr E 09-25 22:56:51 10742 10742 jni_internal.cc:2677]     32: void java.lang.Thread.stop(java.lang.Throwable)
nullptr E 09-25 22:56:51 10742 10742 jni_internal.cc:2677]     33: void java.lang.Thread.suspend()
nullptr E 09-25 22:56:51 10742 10742 jni_internal.cc:2677]     34: java.lang.String java.lang.Thread.toString()
nullptr E 09-25 22:56:51 10742 10742 jni_internal.cc:2677]   direct methods (40 entries):
nullptr E 09-25 22:56:51 10742 10742 jni_internal.cc:2677]      0: void java.lang.Thread.<clinit>()
nullptr E 09-25 22:56:51 10742 10742 jni_internal.cc:2677]      1: void java.lang.Thread.<init>()
nullptr E 09-25 22:56:51 10742 10742 jni_internal.cc:2677]      2: void java.lang.Thread.<init>(java.lang.Runnable)
nullptr E 09-25 22:56:51 10742 10742 jni_internal.cc:2677]      3: void java.lang.Thread.<init>(java.lang.Runnable, java.lang.String)
nullptr E 09-25 22:56:51 10742 10742 jni_internal.cc:2677]      4: void java.lang.Thread.<init>(java.lang.Runnable, java.security.AccessControlContext)
nullptr E 09-25 22:56:51 10742 10742 jni_internal.cc:2677]      5: void java.lang.Thread.<init>(java.lang.String)
nullptr E 09-25 22:56:51 10742 10742 jni_internal.cc:2677]      6: void java.lang.Thread.<init>(java.lang.ThreadGroup, java.lang.Runnable)
nullptr E 09-25 22:56:51 10742 10742 jni_internal.cc:2677]      7: void java.lang.Thread.<init>(java.lang.ThreadGroup, java.lang.Runnable, java.lang.String)
nullptr E 09-25 22:56:51 10742 10742 jni_internal.cc:2677]      8: void java.lang.Thread.<init>(java.lang.ThreadGroup, java.lang.Runnable, java.lang.String, long)
nullptr E 09-25 22:56:51 10742 10742 jni_internal.cc:2677]      9: void java.lang.Thread.<init>(java.lang.ThreadGroup, java.lang.Runnable, java.lang.String, long, java.security.AccessControlContext, boolean)
nullptr E 09-25 22:56:51 10742 10742 jni_internal.cc:2677]     10: void java.lang.Thread.<init>(java.lang.ThreadGroup, java.lang.Runnable, java.lang.String, long, boolean)
nullptr E 09-25 22:56:51 10742 10742 jni_internal.cc:2677]     11: void java.lang.Thread.<init>(java.lang.ThreadGroup, java.lang.String)
nullptr E 09-25 22:56:51 10742 10742 jni_internal.cc:2677]     12: void java.lang.Thread.<init>(java.lang.ThreadGroup, java.lang.String, int, boolean)
nullptr E 09-25 22:56:51 10742 10742 jni_internal.cc:2677]     13: int java.lang.Thread.activeCount()
nullptr E 09-25 22:56:51 10742 10742 jni_internal.cc:2677]     14: boolean java.lang.Thread.auditSubclass(java.lang.Class)
nullptr E 09-25 22:56:51 10742 10742 jni_internal.cc:2677]     15: java.lang.Thread java.lang.Thread.currentThread()
nullptr E 09-25 22:56:51 10742 10742 jni_internal.cc:2677]     16: void java.lang.Thread.dumpStack()
nullptr E 09-25 22:56:51 10742 10742 jni_internal.cc:2677]     17: int java.lang.Thread.enumerate(java.lang.Thread[])
nullptr E 09-25 22:56:51 10742 10742 jni_internal.cc:2677]     18: void java.lang.Thread.exit()
nullptr E 09-25 22:56:51 10742 10742 jni_internal.cc:2677]     19: java.util.Map java.lang.Thread.getAllStackTraces()
nullptr E 09-25 22:56:51 10742 10742 jni_internal.cc:2677]     20: java.lang.Thread$UncaughtExceptionHandler java.lang.Thread.getDefaultUncaughtExceptionHandler()
nullptr E 09-25 22:56:51 10742 10742 jni_internal.cc:2677]     21: java.lang.Thread$UncaughtExceptionHandler java.lang.Thread.getUncaughtExceptionPreHandler()
nullptr E 09-25 22:56:51 10742 10742 jni_internal.cc:2677]     22: boolean java.lang.Thread.holdsLock(java.lang.Object)
nullptr E 09-25 22:56:51 10742 10742 jni_internal.cc:2677]     23: void java.lang.Thread.init2(java.lang.Thread, boolean)
nullptr E 09-25 22:56:51 10742 10742 jni_internal.cc:2677]     24: void java.lang.Thread.interrupt0()
nullptr E 09-25 22:56:51 10742 10742 jni_internal.cc:2677]     25: boolean java.lang.Thread.interrupted()
nullptr E 09-25 22:56:51 10742 10742 jni_internal.cc:2677]     26: boolean java.lang.Thread.isCCLOverridden(java.lang.Class)
nullptr E 09-25 22:56:51 10742 10742 jni_internal.cc:2677]     27: void java.lang.Thread.nativeCreate(java.lang.Thread, long, boolean)
nullptr E 09-25 22:56:51 10742 10742 jni_internal.cc:2677]     28: int java.lang.Thread.nativeGetStatus(boolean)
nullptr E 09-25 22:56:51 10742 10742 jni_internal.cc:2677]     29: long java.lang.Thread.nextThreadID()
nullptr E 09-25 22:56:51 10742 10742 jni_internal.cc:2677]     30: int java.lang.Thread.nextThreadNum()
nullptr E 09-25 22:56:51 10742 10742 jni_internal.cc:2677]     31: void java.lang.Thread.onSpinWait()
nullptr E 09-25 22:56:51 10742 10742 jni_internal.cc:2677]     32: void java.lang.Thread.processQueue(java.lang.ref.ReferenceQueue, java.util.concurrent.ConcurrentMap)
nullptr E 09-25 22:56:51 10742 10742 jni_internal.cc:2677]     33: void java.lang.Thread.setDefaultUncaughtExceptionHandler(java.lang.Thread$UncaughtExceptionHandler)
nullptr E 09-25 22:56:51 10742 10742 jni_internal.cc:2677]     34: void java.lang.Thread.setNativeName(java.lang.String)
nullptr E 09-25 22:56:51 10742 10742 jni_internal.cc:2677]     35: void java.lang.Thread.setUncaughtExceptionPreHandler(java.lang.Thread$UncaughtExceptionHandler)
nullptr E 09-25 22:56:51 10742 10742 jni_internal.cc:2677]     36: void java.lang.Thread.sleep(long)
nullptr E 09-25 22:56:51 10742 10742 jni_internal.cc:2677]     37: void java.lang.Thread.sleep(long, int)
nullptr E 09-25 22:56:51 10742 10742 jni_internal.cc:2677]     38: void java.lang.Thread.sleep(java.lang.Object, long, int)
nullptr E 09-25 22:56:51 10742 10742 jni_internal.cc:2677]     39: void java.lang.Thread.yield()
nullptr E 09-25 22:56:51 10742 10742 jni_internal.cc:2677]   static fields (9 entries):
nullptr E 09-25 22:56:51 10742 10742 jni_internal.cc:2677]      0: java.lang.StackTraceElement[] java.lang.Thread.EMPTY_STACK_TRACE
nullptr E 09-25 22:56:51 10742 10742 jni_internal.cc:2677]      1: int java.lang.Thread.MAX_PRIORITY
nullptr E 09-25 22:56:51 10742 10742 jni_internal.cc:2677]      2: int java.lang.Thread.MIN_PRIORITY
nullptr E 09-25 22:56:51 10742 10742 jni_internal.cc:2677]      3: int java.lang.Thread.NORM_PRIORITY
nullptr E 09-25 22:56:51 10742 10742 jni_internal.cc:2677]      4: java.lang.RuntimePermission java.lang.Thread.SUBCLASS_IMPLEMENTATION_PERMISSION
nullptr E 09-25 22:56:51 10742 10742 jni_internal.cc:2677]      5: java.lang.Thread$UncaughtExceptionHandler java.lang.Thread.defaultUncaughtExceptionHandler
nullptr E 09-25 22:56:51 10742 10742 jni_internal.cc:2677]      6: int java.lang.Thread.threadInitNumber
nullptr E 09-25 22:56:51 10742 10742 jni_internal.cc:2677]      7: long java.lang.Thread.threadSeqNumber
nullptr E 09-25 22:56:51 10742 10742 jni_internal.cc:2677]      8: java.lang.Thread$UncaughtExceptionHandler java.lang.Thread.uncaughtExceptionPreHandler
nullptr E 09-25 22:56:51 10742 10742 jni_internal.cc:2677]   instance fields (26 entries):
nullptr E 09-25 22:56:51 10742 10742 jni_internal.cc:2677]      0: sun.nio.ch.Interruptible java.lang.Thread.blocker
nullptr E 09-25 22:56:51 10742 10742 jni_internal.cc:2677]      1: java.lang.Object java.lang.Thread.blockerLock
nullptr E 09-25 22:56:51 10742 10742 jni_internal.cc:2677]      2: java.lang.ClassLoader java.lang.Thread.contextClassLoader
nullptr E 09-25 22:56:51 10742 10742 jni_internal.cc:2677]      3: boolean java.lang.Thread.daemon
nullptr E 09-25 22:56:51 10742 10742 jni_internal.cc:2677]      4: long java.lang.Thread.eetop
nullptr E 09-25 22:56:51 10742 10742 jni_internal.cc:2677]      5: java.lang.ThreadGroup java.lang.Thread.group
nullptr E 09-25 22:56:51 10742 10742 jni_internal.cc:2677]      6: java.lang.ThreadLocal$ThreadLocalMap java.lang.Thread.inheritableThreadLocals
nullptr E 09-25 22:56:51 10742 10742 jni_internal.cc:2677]      7: java.security.AccessControlContext java.lang.Thread.inheritedAccessControlContext
nullptr E 09-25 22:56:51 10742 10742 jni_internal.cc:2677]      8: java.lang.Object java.lang.Thread.lock
nullptr E 09-25 22:56:51 10742 10742 jni_internal.cc:2677]      9: java.lang.String java.lang.Thread.name
nullptr E 09-25 22:56:51 10742 10742 jni_internal.cc:2677]     10: long java.lang.Thread.nativePeer
nullptr E 09-25 22:56:51 10742 10742 jni_internal.cc:2677]     11: java.lang.Object java.lang.Thread.parkBlocker
nullptr E 09-25 22:56:51 10742 10742 jni_internal.cc:2677]     12: int java.lang.Thread.priority
nullptr E 09-25 22:56:51 10742 10742 jni_internal.cc:2677]     13: boolean java.lang.Thread.single_step
nullptr E 09-25 22:56:51 10742 10742 jni_internal.cc:2677]     14: long java.lang.Thread.stackSize
nullptr E 09-25 22:56:51 10742 10742 jni_internal.cc:2677]     15: boolean java.lang.Thread.started
nullptr E 09-25 22:56:51 10742 10742 jni_internal.cc:2677]     16: boolean java.lang.Thread.stillborn
nullptr E 09-25 22:56:51 10742 10742 jni_internal.cc:2677]     17: boolean java.lang.Thread.systemDaemon
nullptr E 09-25 22:56:51 10742 10742 jni_internal.cc:2677]     18: java.lang.Runnable java.lang.Thread.target
nullptr E 09-25 22:56:51 10742 10742 jni_internal.cc:2677]     19: int java.lang.Thread.threadLocalRandomProbe
nullptr E 09-25 22:56:51 10742 10742 jni_internal.cc:2677]     20: int java.lang.Thread.threadLocalRandomSecondarySeed
nullptr E 09-25 22:56:51 10742 10742 jni_internal.cc:2677]     21: long java.lang.Thread.threadLocalRandomSeed
nullptr E 09-25 22:56:51 10742 10742 jni_internal.cc:2677]     22: java.lang.ThreadLocal$ThreadLocalMap java.lang.Thread.threadLocals
nullptr E 09-25 22:56:51 10742 10742 jni_internal.cc:2677]     23: long java.lang.Thread.tid
nullptr E 09-25 22:56:51 10742 10742 jni_internal.cc:2677]     24: java.lang.Thread$UncaughtExceptionHandler java.lang.Thread.uncaughtExceptionHandler
nullptr E 09-25 22:56:51 10742 10742 jni_internal.cc:2677]     25: boolean java.lang.Thread.unparkedBeforeStart
nullptr E 09-25 22:56:51 10742 10742 jni_internal.cc:2677] 
nullptr E 09-25 22:56:51 10742 10742 jni_internal.cc:2678] Failed to register native method java.lang.Thread.nicenessForPriority(I)I in /system/framework/core-oj.jar
nullptr E 09-25 22:56:51 10742 10742 jni_internal.cc:2677] ----- class 'Lsun/nio/ch/FileKey;' cl=0 -----
nullptr E 09-25 22:56:51 10742 10742 jni_internal.cc:2677]   objectSize=224 (224 from super)
nullptr E 09-25 22:56:51 10742 10742 jni_internal.cc:2677]   access=0x0000.0001
nullptr E 09-25 22:56:51 10742 10742 jni_internal.cc:2677]   super='java.lang.Class<java.lang.Object>' (cl=0)
nullptr E 09-25 22:56:51 10742 10742 jni_internal.cc:2677]   vtable (2 entries, 11 in super):
nullptr E 09-25 22:56:51 10742 10742 jni_internal.cc:2677]      0: boolean sun.nio.ch.FileKey.equals(java.lang.Object)
nullptr E 09-25 22:56:51 10742 10742 jni_internal.cc:2677]      1: int sun.nio.ch.FileKey.hashCode()
nullptr E 09-25 22:56:51 10742 10742 jni_internal.cc:2677]   direct methods (3 entries):
nullptr E 09-25 22:56:51 10742 10742 jni_internal.cc:2677]      0: void sun.nio.ch.FileKey.<init>()
nullptr E 09-25 22:56:51 10742 10742 jni_internal.cc:2677]      1: sun.nio.ch.FileKey sun.nio.ch.FileKey.create(java.io.FileDescriptor)
nullptr E 09-25 22:56:51 10742 10742 jni_internal.cc:2677]      2: void sun.nio.ch.FileKey.init(java.io.FileDescriptor)
nullptr E 09-25 22:56:51 10742 10742 jni_internal.cc:2677]   instance fields (2 entries):
nullptr E 09-25 22:56:51 10742 10742 jni_internal.cc:2677]      0: long sun.nio.ch.FileKey.st_dev
nullptr E 09-25 22:56:51 10742 10742 jni_internal.cc:2677]      1: long sun.nio.ch.FileKey.st_ino
nullptr E 09-25 22:56:51 10742 10742 jni_internal.cc:2677] 
nullptr E 09-25 22:56:51 10742 10742 jni_internal.cc:2678] Failed to register native method sun.nio.ch.FileKey.initIDs()V in /system/framework/core-oj.jar
nullptr E 09-25 22:56:51 10742 10742 jni_internal.cc:2685] Failed to register non-native method java.util.zip.CRC32.updateBytes(I[BII)I as native
nullptr E 09-25 22:56:51 10742 10742 jni_internal.cc:2685] Failed to register non-native method java.util.zip.CRC32.updateByteBuffer(IJII)I as native
nullptr E 09-25 22:56:51 10742 10742 jni_internal.cc:2677] ----- class 'Ljava/util/zip/Inflater;' cl=0 -----
nullptr E 09-25 22:56:51 10742 10742 jni_internal.cc:2677]   objectSize=385 (224 from super)
nullptr E 09-25 22:56:51 10742 10742 jni_internal.cc:2677]   access=0x0000.0001
nullptr E 09-25 22:56:51 10742 10742 jni_internal.cc:2677]   super='java.lang.Class<java.lang.Object>' (cl=0)
nullptr E 09-25 22:56:51 10742 10742 jni_internal.cc:2677]   vtable (20 entries, 11 in super):
nullptr E 09-25 22:56:51 10742 10742 jni_internal.cc:2677]      0: void java.util.zip.Inflater.end()
nullptr E 09-25 22:56:51 10742 10742 jni_internal.cc:2677]      1: boolean java.util.zip.Inflater.finished()
nullptr E 09-25 22:56:51 10742 10742 jni_internal.cc:2677]      2: int java.util.zip.Inflater.getAdler()
nullptr E 09-25 22:56:51 10742 10742 jni_internal.cc:2677]      3: long java.util.zip.Inflater.getBytesRead()
nullptr E 09-25 22:56:51 10742 10742 jni_internal.cc:2677]      4: long java.util.zip.Inflater.getBytesWritten()
nullptr E 09-25 22:56:51 10742 10742 jni_internal.cc:2677]      5: int java.util.zip.Inflater.getRemaining()
nullptr E 09-25 22:56:51 10742 10742 jni_internal.cc:2677]      6: int java.util.zip.Inflater.getTotalIn()
nullptr E 09-25 22:56:51 10742 10742 jni_internal.cc:2677]      7: int java.util.zip.Inflater.getTotalOut()
nullptr E 09-25 22:56:51 10742 10742 jni_internal.cc:2677]      8: int java.util.zip.Inflater.inflate(java.nio.ByteBuffer)
nullptr E 09-25 22:56:51 10742 10742 jni_internal.cc:2677]      9: int java.util.zip.Inflater.inflate(byte[])
nullptr E 09-25 22:56:51 10742 10742 jni_internal.cc:2677]     10: int java.util.zip.Inflater.inflate(byte[], int, int)
nullptr E 09-25 22:56:51 10742 10742 jni_internal.cc:2677]     11: boolean java.util.zip.Inflater.needsDictionary()
nullptr E 09-25 22:56:51 10742 10742 jni_internal.cc:2677]     12: boolean java.util.zip.Inflater.needsInput()
nullptr E 09-25 22:56:51 10742 10742 jni_internal.cc:2677]     13: void java.util.zip.Inflater.reset()
nullptr E 09-25 22:56:51 10742 10742 jni_internal.cc:2677]     14: void java.util.zip.Inflater.setDictionary(java.nio.ByteBuffer)
nullptr E 09-25 22:56:51 10742 10742 jni_internal.cc:2677]     15: void java.util.zip.Inflater.setDictionary(byte[])
nullptr E 09-25 22:56:51 10742 10742 jni_internal.cc:2677]     16: void java.util.zip.Inflater.setDictionary(byte[], int, int)
nullptr E 09-25 22:56:51 10742 10742 jni_internal.cc:2677]     17: void java.util.zip.Inflater.setInput(java.nio.ByteBuffer)
nullptr E 09-25 22:56:51 10742 10742 jni_internal.cc:2677]     18: void java.util.zip.Inflater.setInput(byte[])
nullptr E 09-25 22:56:51 10742 10742 jni_internal.cc:2677]     19: void java.util.zip.Inflater.setInput(byte[], int, int)
nullptr E 09-25 22:56:51 10742 10742 jni_internal.cc:2677]   direct methods (15 entries):
nullptr E 09-25 22:56:51 10742 10742 jni_internal.cc:2677]      0: void java.util.zip.Inflater.-$$Nest$smend(long)
nullptr E 09-25 22:56:51 10742 10742 jni_internal.cc:2677]      1: void java.util.zip.Inflater.<clinit>()
nullptr E 09-25 22:56:51 10742 10742 jni_internal.cc:2677]      2: void java.util.zip.Inflater.<init>()
nullptr E 09-25 22:56:51 10742 10742 jni_internal.cc:2677]      3: void java.util.zip.Inflater.<init>(boolean)
nullptr E 09-25 22:56:51 10742 10742 jni_internal.cc:2677]      4: void java.util.zip.Inflater.end(long)
nullptr E 09-25 22:56:51 10742 10742 jni_internal.cc:2677]      5: void java.util.zip.Inflater.ensureOpen()
nullptr E 09-25 22:56:51 10742 10742 jni_internal.cc:2677]      6: int java.util.zip.Inflater.getAdler(long)
nullptr E 09-25 22:56:51 10742 10742 jni_internal.cc:2677]      7: long java.util.zip.Inflater.inflateBufferBuffer(long, long, int, long, int)
nullptr E 09-25 22:56:51 10742 10742 jni_internal.cc:2677]      8: long java.util.zip.Inflater.inflateBufferBytes(long, long, int, byte[], int, int)
nullptr E 09-25 22:56:51 10742 10742 jni_internal.cc:2677]      9: long java.util.zip.Inflater.inflateBytesBuffer(long, byte[], int, int, long, int)
nullptr E 09-25 22:56:51 10742 10742 jni_internal.cc:2677]     10: long java.util.zip.Inflater.inflateBytesBytes(long, byte[], int, int, byte[], int, int)
nullptr E 09-25 22:56:51 10742 10742 jni_internal.cc:2677]     11: long java.util.zip.Inflater.init(boolean)
nullptr E 09-25 22:56:51 10742 10742 jni_internal.cc:2677]     12: void java.util.zip.Inflater.reset(long)
nullptr E 09-25 22:56:51 10742 10742 jni_internal.cc:2677]     13: void java.util.zip.Inflater.setDictionary(long, byte[], int, int)
nullptr E 09-25 22:56:51 10742 10742 jni_internal.cc:2677]     14: void java.util.zip.Inflater.setDictionaryBuffer(long, long, int)
nullptr E 09-25 22:56:51 10742 10742 jni_internal.cc:2677]   static fields (1 entries):
nullptr E 09-25 22:56:51 10742 10742 jni_internal.cc:2677]      0: boolean java.util.zip.Inflater.$assertionsDisabled
nullptr E 09-25 22:56:51 10742 10742 jni_internal.cc:2677]   instance fields (12 entries):
nullptr E 09-25 22:56:51 10742 10742 jni_internal.cc:2677]      0: long java.util.zip.Inflater.bytesRead
nullptr E 09-25 22:56:51 10742 10742 jni_internal.cc:2677]      1: long java.util.zip.Inflater.bytesWritten
nullptr E 09-25 22:56:51 10742 10742 jni_internal.cc:2677]      2: boolean java.util.zip.Inflater.finished
nullptr E 09-25 22:56:51 10742 10742 jni_internal.cc:2677]      3: dalvik.system.CloseGuard java.util.zip.Inflater.guard
nullptr E 09-25 22:56:51 10742 10742 jni_internal.cc:2677]      4: java.nio.ByteBuffer java.util.zip.Inflater.input
nullptr E 09-25 22:56:51 10742 10742 jni_internal.cc:2677]      5: byte[] java.util.zip.Inflater.inputArray
nullptr E 09-25 22:56:51 10742 10742 jni_internal.cc:2677]      6: int java.util.zip.Inflater.inputConsumed
nullptr E 09-25 22:56:51 10742 10742 jni_internal.cc:2677]      7: int java.util.zip.Inflater.inputLim
nullptr E 09-25 22:56:51 10742 10742 jni_internal.cc:2677]      8: int java.util.zip.Inflater.inputPos
nullptr E 09-25 22:56:51 10742 10742 jni_internal.cc:2677]      9: boolean java.util.zip.Inflater.needDict
nullptr E 09-25 22:56:51 10742 10742 jni_internal.cc:2677]     10: int java.util.zip.Inflater.outputConsumed
nullptr E 09-25 22:56:51 10742 10742 jni_internal.cc:2677]     11: java.util.zip.Inflater$InflaterZStreamRef java.util.zip.Inflater.zsRef
nullptr E 09-25 22:56:51 10742 10742 jni_internal.cc:2677] 
nullptr E 09-25 22:56:51 10742 10742 jni_internal.cc:2678] Failed to register native method java.util.zip.Inflater.initIDs()V in /system/framework/core-oj.jar
nullptr E 09-25 22:56:51 10742 10742 jni_internal.cc:2677] ----- class 'Lsun/nio/ch/FileDispatcherImpl;' cl=0 -----
nullptr E 09-25 22:56:51 10742 10742 jni_internal.cc:2677]   objectSize=360 (136 from super)
nullptr E 09-25 22:56:51 10742 10742 jni_internal.cc:2677]   access=0x0000.0000
nullptr E 09-25 22:56:51 10742 10742 jni_internal.cc:2677]   super='java.lang.Class<sun.nio.ch.FileDispatcher>' (cl=0)
nullptr E 09-25 22:56:51 10742 10742 jni_internal.cc:2677]   vtable (16 entries, 8 in super):
nullptr E 09-25 22:56:51 10742 10742 jni_internal.cc:2677]      0: boolean sun.nio.ch.FileDispatcherImpl.canTransferToDirectly(java.nio.channels.SelectableChannel)
nullptr E 09-25 22:56:51 10742 10742 jni_internal.cc:2677]      1: void sun.nio.ch.FileDispatcherImpl.close(java.io.FileDescriptor)
nullptr E 09-25 22:56:51 10742 10742 jni_internal.cc:2677]      2: java.io.FileDescriptor sun.nio.ch.FileDispatcherImpl.duplicateForMapping(java.io.FileDescriptor)
nullptr E 09-25 22:56:51 10742 10742 jni_internal.cc:2677]      3: int sun.nio.ch.FileDispatcherImpl.force(java.io.FileDescriptor, boolean)
nullptr E 09-25 22:56:51 10742 10742 jni_internal.cc:2677]      4: int sun.nio.ch.FileDispatcherImpl.lock(java.io.FileDescriptor, boolean, long, long, boolean)
nullptr E 09-25 22:56:51 10742 10742 jni_internal.cc:2677]      5: void sun.nio.ch.FileDispatcherImpl.preClose(java.io.FileDescriptor)
nullptr E 09-25 22:56:51 10742 10742 jni_internal.cc:2677]      6: int sun.nio.ch.FileDispatcherImpl.pread(java.io.FileDescriptor, long, int, long)
nullptr E 09-25 22:56:51 10742 10742 jni_internal.cc:2677]      7: int sun.nio.ch.FileDispatcherImpl.pwrite(java.io.FileDescriptor, long, int, long)
nullptr E 09-25 22:56:51 10742 10742 jni_internal.cc:2677]      8: int sun.nio.ch.FileDispatcherImpl.read(java.io.FileDescriptor, long, int)
nullptr E 09-25 22:56:51 10742 10742 jni_internal.cc:2677]      9: long sun.nio.ch.FileDispatcherImpl.readv(java.io.FileDescriptor, long, int)
nullptr E 09-25 22:56:51 10742 10742 jni_internal.cc:2677]     10: void sun.nio.ch.FileDispatcherImpl.release(java.io.FileDescriptor, long, long)
nullptr E 09-25 22:56:51 10742 10742 jni_internal.cc:2677]     11: long sun.nio.ch.FileDispatcherImpl.size(java.io.FileDescriptor)
nullptr E 09-25 22:56:51 10742 10742 jni_internal.cc:2677]     12: boolean sun.nio.ch.FileDispatcherImpl.transferToDirectlyNeedsPositionLock()
nullptr E 09-25 22:56:51 10742 10742 jni_internal.cc:2677]     13: int sun.nio.ch.FileDispatcherImpl.truncate(java.io.FileDescriptor, long)
nullptr E 09-25 22:56:51 10742 10742 jni_internal.cc:2677]     14: int sun.nio.ch.FileDispatcherImpl.write(java.io.FileDescriptor, long, int)
nullptr E 09-25 22:56:51 10742 10742 jni_internal.cc:2677]     15: long sun.nio.ch.FileDispatcherImpl.writev(java.io.FileDescriptor, long, int)
nullptr E 09-25 22:56:51 10742 10742 jni_internal.cc:2677]   direct methods (15 entries):
nullptr E 09-25 22:56:51 10742 10742 jni_internal.cc:2677]      0: void sun.nio.ch.FileDispatcherImpl.<init>()
nullptr E 09-25 22:56:51 10742 10742 jni_internal.cc:2677]      1: void sun.nio.ch.FileDispatcherImpl.close0(java.io.FileDescriptor)
nullptr E 09-25 22:56:51 10742 10742 jni_internal.cc:2677]      2: void sun.nio.ch.FileDispatcherImpl.closeIntFD(int)
nullptr E 09-25 22:56:51 10742 10742 jni_internal.cc:2677]      3: int sun.nio.ch.FileDispatcherImpl.force0(java.io.FileDescriptor, boolean)
nullptr E 09-25 22:56:51 10742 10742 jni_internal.cc:2677]      4: int sun.nio.ch.FileDispatcherImpl.lock0(java.io.FileDescriptor, boolean, long, long, boolean)
nullptr E 09-25 22:56:51 10742 10742 jni_internal.cc:2677]      5: void sun.nio.ch.FileDispatcherImpl.preClose0(java.io.FileDescriptor)
nullptr E 09-25 22:56:51 10742 10742 jni_internal.cc:2677]      6: int sun.nio.ch.FileDispatcherImpl.pread0(java.io.FileDescriptor, long, int, long)
nullptr E 09-25 22:56:51 10742 10742 jni_internal.cc:2677]      7: int sun.nio.ch.FileDispatcherImpl.pwrite0(java.io.FileDescriptor, long, int, long)
nullptr E 09-25 22:56:51 10742 10742 jni_internal.cc:2677]      8: int sun.nio.ch.FileDispatcherImpl.read0(java.io.FileDescriptor, long, int)
nullptr E 09-25 22:56:51 10742 10742 jni_internal.cc:2677]      9: long sun.nio.ch.FileDispatcherImpl.readv0(java.io.FileDescriptor, long, int)
nullptr E 09-25 22:56:51 10742 10742 jni_internal.cc:2677]     10: void sun.nio.ch.FileDispatcherImpl.release0(java.io.FileDescriptor, long, long)
nullptr E 09-25 22:56:51 10742 10742 jni_internal.cc:2677]     11: long sun.nio.ch.FileDispatcherImpl.size0(java.io.FileDescriptor)
nullptr E 09-25 22:56:51 10742 10742 jni_internal.cc:2677]     12: int sun.nio.ch.FileDispatcherImpl.truncate0(java.io.FileDescriptor, long)
nullptr E 09-25 22:56:51 10742 10742 jni_internal.cc:2677]     13: int sun.nio.ch.FileDispatcherImpl.write0(java.io.FileDescriptor, long, int)
nullptr E 09-25 22:56:51 10742 10742 jni_internal.cc:2677]     14: long sun.nio.ch.FileDispatcherImpl.writev0(java.io.FileDescriptor, long, int)
nullptr E 09-25 22:56:51 10742 10742 jni_internal.cc:2677] 
nullptr E 09-25 22:56:51 10742 10742 jni_internal.cc:2678] Failed to register native method sun.nio.ch.FileDispatcherImpl.init0()V in /system/framework/core-oj.jar
nullptr E 09-25 22:56:51 10742 10742 jni_internal.cc:2677] ----- class 'Lsun/nio/ch/FileDispatcherImpl;' cl=0 -----
nullptr E 09-25 22:56:51 10742 10742 jni_internal.cc:2677]   objectSize=360 (136 from super)
nullptr E 09-25 22:56:51 10742 10742 jni_internal.cc:2677]   access=0x0000.0000
nullptr E 09-25 22:56:51 10742 10742 jni_internal.cc:2677]   super='java.lang.Class<sun.nio.ch.FileDispatcher>' (cl=0)
nullptr E 09-25 22:56:51 10742 10742 jni_internal.cc:2677]   vtable (16 entries, 8 in super):
nullptr E 09-25 22:56:51 10742 10742 jni_internal.cc:2677]      0: boolean sun.nio.ch.FileDispatcherImpl.canTransferToDirectly(java.nio.channels.SelectableChannel)
nullptr E 09-25 22:56:51 10742 10742 jni_internal.cc:2677]      1: void sun.nio.ch.FileDispatcherImpl.close(java.io.FileDescriptor)
nullptr E 09-25 22:56:51 10742 10742 jni_internal.cc:2677]      2: java.io.FileDescriptor sun.nio.ch.FileDispatcherImpl.duplicateForMapping(java.io.FileDescriptor)
nullptr E 09-25 22:56:51 10742 10742 jni_internal.cc:2677]      3: int sun.nio.ch.FileDispatcherImpl.force(java.io.FileDescriptor, boolean)
nullptr E 09-25 22:56:51 10742 10742 jni_internal.cc:2677]      4: int sun.nio.ch.FileDispatcherImpl.lock(java.io.FileDescriptor, boolean, long, long, boolean)
nullptr E 09-25 22:56:51 10742 10742 jni_internal.cc:2677]      5: void sun.nio.ch.FileDispatcherImpl.preClose(java.io.FileDescriptor)
nullptr E 09-25 22:56:51 10742 10742 jni_internal.cc:2677]      6: int sun.nio.ch.FileDispatcherImpl.pread(java.io.FileDescriptor, long, int, long)
nullptr E 09-25 22:56:51 10742 10742 jni_internal.cc:2677]      7: int sun.nio.ch.FileDispatcherImpl.pwrite(java.io.FileDescriptor, long, int, long)
nullptr E 09-25 22:56:51 10742 10742 jni_internal.cc:2677]      8: int sun.nio.ch.FileDispatcherImpl.read(java.io.FileDescriptor, long, int)
nullptr E 09-25 22:56:51 10742 10742 jni_internal.cc:2677]      9: long sun.nio.ch.FileDispatcherImpl.readv(java.io.FileDescriptor, long, int)
nullptr E 09-25 22:56:51 10742 10742 jni_internal.cc:2677]     10: void sun.nio.ch.FileDispatcherImpl.release(java.io.FileDescriptor, long, long)
nullptr E 09-25 22:56:51 10742 10742 jni_internal.cc:2677]     11: long sun.nio.ch.FileDispatcherImpl.size(java.io.FileDescriptor)
nullptr E 09-25 22:56:51 10742 10742 jni_internal.cc:2677]     12: boolean sun.nio.ch.FileDispatcherImpl.transferToDirectlyNeedsPositionLock()
nullptr E 09-25 22:56:51 10742 10742 jni_internal.cc:2677]     13: int sun.nio.ch.FileDispatcherImpl.truncate(java.io.FileDescriptor, long)
nullptr E 09-25 22:56:51 10742 10742 jni_internal.cc:2677]     14: int sun.nio.ch.FileDispatcherImpl.write(java.io.FileDescriptor, long, int)
nullptr E 09-25 22:56:51 10742 10742 jni_internal.cc:2677]     15: long sun.nio.ch.FileDispatcherImpl.writev(java.io.FileDescriptor, long, int)
nullptr E 09-25 22:56:51 10742 10742 jni_internal.cc:2677]   direct methods (15 entries):
nullptr E 09-25 22:56:51 10742 10742 jni_internal.cc:2677]      0: void sun.nio.ch.FileDispatcherImpl.<init>()
nullptr E 09-25 22:56:51 10742 10742 jni_internal.cc:2677]      1: void sun.nio.ch.FileDispatcherImpl.close0(java.io.FileDescriptor)
nullptr E 09-25 22:56:51 10742 10742 jni_internal.cc:2677]      2: void sun.nio.ch.FileDispatcherImpl.closeIntFD(int)
nullptr E 09-25 22:56:51 10742 10742 jni_internal.cc:2677]      3: int sun.nio.ch.FileDispatcherImpl.force0(java.io.FileDescriptor, boolean)
nullptr E 09-25 22:56:51 10742 10742 jni_internal.cc:2677]      4: int sun.nio.ch.FileDispatcherImpl.lock0(java.io.FileDescriptor, boolean, long, long, boolean)
nullptr E 09-25 22:56:51 10742 10742 jni_internal.cc:2677]      5: void sun.nio.ch.FileDispatcherImpl.preClose0(java.io.FileDescriptor)
nullptr E 09-25 22:56:51 10742 10742 jni_internal.cc:2677]      6: int sun.nio.ch.FileDispatcherImpl.pread0(java.io.FileDescriptor, long, int, long)
nullptr E 09-25 22:56:51 10742 10742 jni_internal.cc:2677]      7: int sun.nio.ch.FileDispatcherImpl.pwrite0(java.io.FileDescriptor, long, int, long)
nullptr E 09-25 22:56:51 10742 10742 jni_internal.cc:2677]      8: int sun.nio.ch.FileDispatcherImpl.read0(java.io.FileDescriptor, long, int)
nullptr E 09-25 22:56:51 10742 10742 jni_internal.cc:2677]      9: long sun.nio.ch.FileDispatcherImpl.readv0(java.io.FileDescriptor, long, int)
nullptr E 09-25 22:56:51 10742 10742 jni_internal.cc:2677]     10: void sun.nio.ch.FileDispatcherImpl.release0(java.io.FileDescriptor, long, long)
nullptr E 09-25 22:56:51 10742 10742 jni_internal.cc:2677]     11: long sun.nio.ch.FileDispatcherImpl.size0(java.io.FileDescriptor)
nullptr E 09-25 22:56:51 10742 10742 jni_internal.cc:2677]     12: int sun.nio.ch.FileDispatcherImpl.truncate0(java.io.FileDescriptor, long)
nullptr E 09-25 22:56:51 10742 10742 jni_internal.cc:2677]     13: int sun.nio.ch.FileDispatcherImpl.write0(java.io.FileDescriptor, long, int)
nullptr E 09-25 22:56:51 10742 10742 jni_internal.cc:2677]     14: long sun.nio.ch.FileDispatcherImpl.writev0(java.io.FileDescriptor, long, int)
nullptr E 09-25 22:56:51 10742 10742 jni_internal.cc:2677] 
nullptr E 09-25 22:56:51 10742 10742 jni_internal.cc:2678] Failed to register native method sun.nio.ch.FileDispatcherImpl.seek0(Ljava/io/FileDescriptor;J)J in /system/framework/core-oj.jar
nullptr E 09-25 22:56:51 10742 10742 jni_internal.cc:2677] ----- class 'Lsun/nio/ch/FileDispatcherImpl;' cl=0 -----
nullptr E 09-25 22:56:51 10742 10742 jni_internal.cc:2677]   objectSize=360 (136 from super)
nullptr E 09-25 22:56:51 10742 10742 jni_internal.cc:2677]   access=0x0000.0000
nullptr E 09-25 22:56:51 10742 10742 jni_internal.cc:2677]   super='java.lang.Class<sun.nio.ch.FileDispatcher>' (cl=0)
nullptr E 09-25 22:56:51 10742 10742 jni_internal.cc:2677]   vtable (16 entries, 8 in super):
nullptr E 09-25 22:56:51 10742 10742 jni_internal.cc:2677]      0: boolean sun.nio.ch.FileDispatcherImpl.canTransferToDirectly(java.nio.channels.SelectableChannel)
nullptr E 09-25 22:56:51 10742 10742 jni_internal.cc:2677]      1: void sun.nio.ch.FileDispatcherImpl.close(java.io.FileDescriptor)
nullptr E 09-25 22:56:51 10742 10742 jni_internal.cc:2677]      2: java.io.FileDescriptor sun.nio.ch.FileDispatcherImpl.duplicateForMapping(java.io.FileDescriptor)
nullptr E 09-25 22:56:51 10742 10742 jni_internal.cc:2677]      3: int sun.nio.ch.FileDispatcherImpl.force(java.io.FileDescriptor, boolean)
nullptr E 09-25 22:56:51 10742 10742 jni_internal.cc:2677]      4: int sun.nio.ch.FileDispatcherImpl.lock(java.io.FileDescriptor, boolean, long, long, boolean)
nullptr E 09-25 22:56:51 10742 10742 jni_internal.cc:2677]      5: void sun.nio.ch.FileDispatcherImpl.preClose(java.io.FileDescriptor)
nullptr E 09-25 22:56:51 10742 10742 jni_internal.cc:2677]      6: int sun.nio.ch.FileDispatcherImpl.pread(java.io.FileDescriptor, long, int, long)
nullptr E 09-25 22:56:51 10742 10742 jni_internal.cc:2677]      7: int sun.nio.ch.FileDispatcherImpl.pwrite(java.io.FileDescriptor, long, int, long)
nullptr E 09-25 22:56:51 10742 10742 jni_internal.cc:2677]      8: int sun.nio.ch.FileDispatcherImpl.read(java.io.FileDescriptor, long, int)
nullptr E 09-25 22:56:51 10742 10742 jni_internal.cc:2677]      9: long sun.nio.ch.FileDispatcherImpl.readv(java.io.FileDescriptor, long, int)
nullptr E 09-25 22:56:51 10742 10742 jni_internal.cc:2677]     10: void sun.nio.ch.FileDispatcherImpl.release(java.io.FileDescriptor, long, long)
nullptr E 09-25 22:56:51 10742 10742 jni_internal.cc:2677]     11: long sun.nio.ch.FileDispatcherImpl.size(java.io.FileDescriptor)
nullptr E 09-25 22:56:51 10742 10742 jni_internal.cc:2677]     12: boolean sun.nio.ch.FileDispatcherImpl.transferToDirectlyNeedsPositionLock()
nullptr E 09-25 22:56:51 10742 10742 jni_internal.cc:2677]     13: int sun.nio.ch.FileDispatcherImpl.truncate(java.io.FileDescriptor, long)
nullptr E 09-25 22:56:51 10742 10742 jni_internal.cc:2677]     14: int sun.nio.ch.FileDispatcherImpl.write(java.io.FileDescriptor, long, int)
nullptr E 09-25 22:56:51 10742 10742 jni_internal.cc:2677]     15: long sun.nio.ch.FileDispatcherImpl.writev(java.io.FileDescriptor, long, int)
nullptr E 09-25 22:56:51 10742 10742 jni_internal.cc:2677]   direct methods (15 entries):
nullptr E 09-25 22:56:51 10742 10742 jni_internal.cc:2677]      0: void sun.nio.ch.FileDispatcherImpl.<init>()
nullptr E 09-25 22:56:51 10742 10742 jni_internal.cc:2677]      1: void sun.nio.ch.FileDispatcherImpl.close0(java.io.FileDescriptor)
nullptr E 09-25 22:56:51 10742 10742 jni_internal.cc:2677]      2: void sun.nio.ch.FileDispatcherImpl.closeIntFD(int)
nullptr E 09-25 22:56:51 10742 10742 jni_internal.cc:2677]      3: int sun.nio.ch.FileDispatcherImpl.force0(java.io.FileDescriptor, boolean)
nullptr E 09-25 22:56:51 10742 10742 jni_internal.cc:2677]      4: int sun.nio.ch.FileDispatcherImpl.lock0(java.io.FileDescriptor, boolean, long, long, boolean)
nullptr E 09-25 22:56:51 10742 10742 jni_internal.cc:2677]      5: void sun.nio.ch.FileDispatcherImpl.preClose0(java.io.FileDescriptor)
nullptr E 09-25 22:56:51 10742 10742 jni_internal.cc:2677]      6: int sun.nio.ch.FileDispatcherImpl.pread0(java.io.FileDescriptor, long, int, long)
nullptr E 09-25 22:56:51 10742 10742 jni_internal.cc:2677]      7: int sun.nio.ch.FileDispatcherImpl.pwrite0(java.io.FileDescriptor, long, int, long)
nullptr E 09-25 22:56:51 10742 10742 jni_internal.cc:2677]      8: int sun.nio.ch.FileDispatcherImpl.read0(java.io.FileDescriptor, long, int)
nullptr E 09-25 22:56:51 10742 10742 jni_internal.cc:2677]      9: long sun.nio.ch.FileDispatcherImpl.readv0(java.io.FileDescriptor, long, int)
nullptr E 09-25 22:56:51 10742 10742 jni_internal.cc:2677]     10: void sun.nio.ch.FileDispatcherImpl.release0(java.io.FileDescriptor, long, long)
nullptr E 09-25 22:56:51 10742 10742 jni_internal.cc:2677]     11: long sun.nio.ch.FileDispatcherImpl.size0(java.io.FileDescriptor)
nullptr E 09-25 22:56:51 10742 10742 jni_internal.cc:2677]     12: int sun.nio.ch.FileDispatcherImpl.truncate0(java.io.FileDescriptor, long)
nullptr E 09-25 22:56:51 10742 10742 jni_internal.cc:2677]     13: int sun.nio.ch.FileDispatcherImpl.write0(java.io.FileDescriptor, long, int)
nullptr E 09-25 22:56:51 10742 10742 jni_internal.cc:2677]     14: long sun.nio.ch.FileDispatcherImpl.writev0(java.io.FileDescriptor, long, int)
nullptr E 09-25 22:56:51 10742 10742 jni_internal.cc:2677] 
nullptr E 09-25 22:56:51 10742 10742 jni_internal.cc:2678] Failed to register native method sun.nio.ch.FileDispatcherImpl.allocationGranularity0()J in /system/framework/core-oj.jar
nullptr E 09-25 22:56:51 10742 10742 jni_internal.cc:2677] ----- class 'Lsun/nio/ch/FileDispatcherImpl;' cl=0 -----
nullptr E 09-25 22:56:51 10742 10742 jni_internal.cc:2677]   objectSize=360 (136 from super)
nullptr E 09-25 22:56:51 10742 10742 jni_internal.cc:2677]   access=0x0000.0000
nullptr E 09-25 22:56:51 10742 10742 jni_internal.cc:2677]   super='java.lang.Class<sun.nio.ch.FileDispatcher>' (cl=0)
nullptr E 09-25 22:56:51 10742 10742 jni_internal.cc:2677]   vtable (16 entries, 8 in super):
nullptr E 09-25 22:56:51 10742 10742 jni_internal.cc:2677]      0: boolean sun.nio.ch.FileDispatcherImpl.canTransferToDirectly(java.nio.channels.SelectableChannel)
nullptr E 09-25 22:56:51 10742 10742 jni_internal.cc:2677]      1: void sun.nio.ch.FileDispatcherImpl.close(java.io.FileDescriptor)
nullptr E 09-25 22:56:51 10742 10742 jni_internal.cc:2677]      2: java.io.FileDescriptor sun.nio.ch.FileDispatcherImpl.duplicateForMapping(java.io.FileDescriptor)
nullptr E 09-25 22:56:51 10742 10742 jni_internal.cc:2677]      3: int sun.nio.ch.FileDispatcherImpl.force(java.io.FileDescriptor, boolean)
nullptr E 09-25 22:56:51 10742 10742 jni_internal.cc:2677]      4: int sun.nio.ch.FileDispatcherImpl.lock(java.io.FileDescriptor, boolean, long, long, boolean)
nullptr E 09-25 22:56:51 10742 10742 jni_internal.cc:2677]      5: void sun.nio.ch.FileDispatcherImpl.preClose(java.io.FileDescriptor)
nullptr E 09-25 22:56:51 10742 10742 jni_internal.cc:2677]      6: int sun.nio.ch.FileDispatcherImpl.pread(java.io.FileDescriptor, long, int, long)
nullptr E 09-25 22:56:51 10742 10742 jni_internal.cc:2677]      7: int sun.nio.ch.FileDispatcherImpl.pwrite(java.io.FileDescriptor, long, int, long)
nullptr E 09-25 22:56:51 10742 10742 jni_internal.cc:2677]      8: int sun.nio.ch.FileDispatcherImpl.read(java.io.FileDescriptor, long, int)
nullptr E 09-25 22:56:51 10742 10742 jni_internal.cc:2677]      9: long sun.nio.ch.FileDispatcherImpl.readv(java.io.FileDescriptor, long, int)
nullptr E 09-25 22:56:51 10742 10742 jni_internal.cc:2677]     10: void sun.nio.ch.FileDispatcherImpl.release(java.io.FileDescriptor, long, long)
nullptr E 09-25 22:56:51 10742 10742 jni_internal.cc:2677]     11: long sun.nio.ch.FileDispatcherImpl.size(java.io.FileDescriptor)
nullptr E 09-25 22:56:51 10742 10742 jni_internal.cc:2677]     12: boolean sun.nio.ch.FileDispatcherImpl.transferToDirectlyNeedsPositionLock()
nullptr E 09-25 22:56:51 10742 10742 jni_internal.cc:2677]     13: int sun.nio.ch.FileDispatcherImpl.truncate(java.io.FileDescriptor, long)
nullptr E 09-25 22:56:51 10742 10742 jni_internal.cc:2677]     14: int sun.nio.ch.FileDispatcherImpl.write(java.io.FileDescriptor, long, int)
nullptr E 09-25 22:56:51 10742 10742 jni_internal.cc:2677]     15: long sun.nio.ch.FileDispatcherImpl.writev(java.io.FileDescriptor, long, int)
nullptr E 09-25 22:56:51 10742 10742 jni_internal.cc:2677]   direct methods (15 entries):
nullptr E 09-25 22:56:51 10742 10742 jni_internal.cc:2677]      0: void sun.nio.ch.FileDispatcherImpl.<init>()
nullptr E 09-25 22:56:51 10742 10742 jni_internal.cc:2677]      1: void sun.nio.ch.FileDispatcherImpl.close0(java.io.FileDescriptor)
nullptr E 09-25 22:56:51 10742 10742 jni_internal.cc:2677]      2: void sun.nio.ch.FileDispatcherImpl.closeIntFD(int)
nullptr E 09-25 22:56:51 10742 10742 jni_internal.cc:2677]      3: int sun.nio.ch.FileDispatcherImpl.force0(java.io.FileDescriptor, boolean)
nullptr E 09-25 22:56:51 10742 10742 jni_internal.cc:2677]      4: int sun.nio.ch.FileDispatcherImpl.lock0(java.io.FileDescriptor, boolean, long, long, boolean)
nullptr E 09-25 22:56:51 10742 10742 jni_internal.cc:2677]      5: void sun.nio.ch.FileDispatcherImpl.preClose0(java.io.FileDescriptor)
nullptr E 09-25 22:56:51 10742 10742 jni_internal.cc:2677]      6: int sun.nio.ch.FileDispatcherImpl.pread0(java.io.FileDescriptor, long, int, long)
nullptr E 09-25 22:56:51 10742 10742 jni_internal.cc:2677]      7: int sun.nio.ch.FileDispatcherImpl.pwrite0(java.io.FileDescriptor, long, int, long)
nullptr E 09-25 22:56:51 10742 10742 jni_internal.cc:2677]      8: int sun.nio.ch.FileDispatcherImpl.read0(java.io.FileDescriptor, long, int)
nullptr E 09-25 22:56:51 10742 10742 jni_internal.cc:2677]      9: long sun.nio.ch.FileDispatcherImpl.readv0(java.io.FileDescriptor, long, int)
nullptr E 09-25 22:56:51 10742 10742 jni_internal.cc:2677]     10: void sun.nio.ch.FileDispatcherImpl.release0(java.io.FileDescriptor, long, long)
nullptr E 09-25 22:56:51 10742 10742 jni_internal.cc:2677]     11: long sun.nio.ch.FileDispatcherImpl.size0(java.io.FileDescriptor)
nullptr E 09-25 22:56:51 10742 10742 jni_internal.cc:2677]     12: int sun.nio.ch.FileDispatcherImpl.truncate0(java.io.FileDescriptor, long)
nullptr E 09-25 22:56:51 10742 10742 jni_internal.cc:2677]     13: int sun.nio.ch.FileDispatcherImpl.write0(java.io.FileDescriptor, long, int)
nullptr E 09-25 22:56:51 10742 10742 jni_internal.cc:2677]     14: long sun.nio.ch.FileDispatcherImpl.writev0(java.io.FileDescriptor, long, int)
nullptr E 09-25 22:56:51 10742 10742 jni_internal.cc:2677] 
nullptr E 09-25 22:56:51 10742 10742 jni_internal.cc:2678] Failed to register native method sun.nio.ch.FileDispatcherImpl.map0(Ljava/io/FileDescriptor;IJJZ)J in /system/framework/core-oj.jar
nullptr E 09-25 22:56:51 10742 10742 jni_internal.cc:2677] ----- class 'Lsun/nio/ch/FileDispatcherImpl;' cl=0 -----
nullptr E 09-25 22:56:51 10742 10742 jni_internal.cc:2677]   objectSize=360 (136 from super)
nullptr E 09-25 22:56:51 10742 10742 jni_internal.cc:2677]   access=0x0000.0000
nullptr E 09-25 22:56:51 10742 10742 jni_internal.cc:2677]   super='java.lang.Class<sun.nio.ch.FileDispatcher>' (cl=0)
nullptr E 09-25 22:56:51 10742 10742 jni_internal.cc:2677]   vtable (16 entries, 8 in super):
nullptr E 09-25 22:56:51 10742 10742 jni_internal.cc:2677]      0: boolean sun.nio.ch.FileDispatcherImpl.canTransferToDirectly(java.nio.channels.SelectableChannel)
nullptr E 09-25 22:56:51 10742 10742 jni_internal.cc:2677]      1: void sun.nio.ch.FileDispatcherImpl.close(java.io.FileDescriptor)
nullptr E 09-25 22:56:51 10742 10742 jni_internal.cc:2677]      2: java.io.FileDescriptor sun.nio.ch.FileDispatcherImpl.duplicateForMapping(java.io.FileDescriptor)
nullptr E 09-25 22:56:51 10742 10742 jni_internal.cc:2677]      3: int sun.nio.ch.FileDispatcherImpl.force(java.io.FileDescriptor, boolean)
nullptr E 09-25 22:56:51 10742 10742 jni_internal.cc:2677]      4: int sun.nio.ch.FileDispatcherImpl.lock(java.io.FileDescriptor, boolean, long, long, boolean)
nullptr E 09-25 22:56:51 10742 10742 jni_internal.cc:2677]      5: void sun.nio.ch.FileDispatcherImpl.preClose(java.io.FileDescriptor)
nullptr E 09-25 22:56:51 10742 10742 jni_internal.cc:2677]      6: int sun.nio.ch.FileDispatcherImpl.pread(java.io.FileDescriptor, long, int, long)
nullptr E 09-25 22:56:51 10742 10742 jni_internal.cc:2677]      7: int sun.nio.ch.FileDispatcherImpl.pwrite(java.io.FileDescriptor, long, int, long)
nullptr E 09-25 22:56:51 10742 10742 jni_internal.cc:2677]      8: int sun.nio.ch.FileDispatcherImpl.read(java.io.FileDescriptor, long, int)
nullptr E 09-25 22:56:51 10742 10742 jni_internal.cc:2677]      9: long sun.nio.ch.FileDispatcherImpl.readv(java.io.FileDescriptor, long, int)
nullptr E 09-25 22:56:51 10742 10742 jni_internal.cc:2677]     10: void sun.nio.ch.FileDispatcherImpl.release(java.io.FileDescriptor, long, long)
nullptr E 09-25 22:56:51 10742 10742 jni_internal.cc:2677]     11: long sun.nio.ch.FileDispatcherImpl.size(java.io.FileDescriptor)
nullptr E 09-25 22:56:51 10742 10742 jni_internal.cc:2677]     12: boolean sun.nio.ch.FileDispatcherImpl.transferToDirectlyNeedsPositionLock()
nullptr E 09-25 22:56:51 10742 10742 jni_internal.cc:2677]     13: int sun.nio.ch.FileDispatcherImpl.truncate(java.io.FileDescriptor, long)
nullptr E 09-25 22:56:51 10742 10742 jni_internal.cc:2677]     14: int sun.nio.ch.FileDispatcherImpl.write(java.io.FileDescriptor, long, int)
nullptr E 09-25 22:56:51 10742 10742 jni_internal.cc:2677]     15: long sun.nio.ch.FileDispatcherImpl.writev(java.io.FileDescriptor, long, int)
nullptr E 09-25 22:56:51 10742 10742 jni_internal.cc:2677]   direct methods (15 entries):
nullptr E 09-25 22:56:51 10742 10742 jni_internal.cc:2677]      0: void sun.nio.ch.FileDispatcherImpl.<init>()
nullptr E 09-25 22:56:51 10742 10742 jni_internal.cc:2677]      1: void sun.nio.ch.FileDispatcherImpl.close0(java.io.FileDescriptor)
nullptr E 09-25 22:56:51 10742 10742 jni_internal.cc:2677]      2: void sun.nio.ch.FileDispatcherImpl.closeIntFD(int)
nullptr E 09-25 22:56:51 10742 10742 jni_internal.cc:2677]      3: int sun.nio.ch.FileDispatcherImpl.force0(java.io.FileDescriptor, boolean)
nullptr E 09-25 22:56:51 10742 10742 jni_internal.cc:2677]      4: int sun.nio.ch.FileDispatcherImpl.lock0(java.io.FileDescriptor, boolean, long, long, boolean)
nullptr E 09-25 22:56:51 10742 10742 jni_internal.cc:2677]      5: void sun.nio.ch.FileDispatcherImpl.preClose0(java.io.FileDescriptor)
nullptr E 09-25 22:56:51 10742 10742 jni_internal.cc:2677]      6: int sun.nio.ch.FileDispatcherImpl.pread0(java.io.FileDescriptor, long, int, long)
nullptr E 09-25 22:56:51 10742 10742 jni_internal.cc:2677]      7: int sun.nio.ch.FileDispatcherImpl.pwrite0(java.io.FileDescriptor, long, int, long)
nullptr E 09-25 22:56:51 10742 10742 jni_internal.cc:2677]      8: int sun.nio.ch.FileDispatcherImpl.read0(java.io.FileDescriptor, long, int)
nullptr E 09-25 22:56:51 10742 10742 jni_internal.cc:2677]      9: long sun.nio.ch.FileDispatcherImpl.readv0(java.io.FileDescriptor, long, int)
nullptr E 09-25 22:56:51 10742 10742 jni_internal.cc:2677]     10: void sun.nio.ch.FileDispatcherImpl.release0(java.io.FileDescriptor, long, long)
nullptr E 09-25 22:56:51 10742 10742 jni_internal.cc:2677]     11: long sun.nio.ch.FileDispatcherImpl.size0(java.io.FileDescriptor)
nullptr E 09-25 22:56:51 10742 10742 jni_internal.cc:2677]     12: int sun.nio.ch.FileDispatcherImpl.truncate0(java.io.FileDescriptor, long)
nullptr E 09-25 22:56:51 10742 10742 jni_internal.cc:2677]     13: int sun.nio.ch.FileDispatcherImpl.write0(java.io.FileDescriptor, long, int)
nullptr E 09-25 22:56:51 10742 10742 jni_internal.cc:2677]     14: long sun.nio.ch.FileDispatcherImpl.writev0(java.io.FileDescriptor, long, int)
nullptr E 09-25 22:56:51 10742 10742 jni_internal.cc:2677] 
nullptr E 09-25 22:56:51 10742 10742 jni_internal.cc:2678] Failed to register native method sun.nio.ch.FileDispatcherImpl.unmap0(JJ)I in /system/framework/core-oj.jar
nullptr E 09-25 22:56:51 10742 10742 jni_internal.cc:2677] ----- class 'Lsun/nio/ch/FileDispatcherImpl;' cl=0 -----
nullptr E 09-25 22:56:51 10742 10742 jni_internal.cc:2677]   objectSize=360 (136 from super)
nullptr E 09-25 22:56:51 10742 10742 jni_internal.cc:2677]   access=0x0000.0000
nullptr E 09-25 22:56:51 10742 10742 jni_internal.cc:2677]   super='java.lang.Class<sun.nio.ch.FileDispatcher>' (cl=0)
nullptr E 09-25 22:56:51 10742 10742 jni_internal.cc:2677]   vtable (16 entries, 8 in super):
nullptr E 09-25 22:56:51 10742 10742 jni_internal.cc:2677]      0: boolean sun.nio.ch.FileDispatcherImpl.canTransferToDirectly(java.nio.channels.SelectableChannel)
nullptr E 09-25 22:56:51 10742 10742 jni_internal.cc:2677]      1: void sun.nio.ch.FileDispatcherImpl.close(java.io.FileDescriptor)
nullptr E 09-25 22:56:51 10742 10742 jni_internal.cc:2677]      2: java.io.FileDescriptor sun.nio.ch.FileDispatcherImpl.duplicateForMapping(java.io.FileDescriptor)
nullptr E 09-25 22:56:51 10742 10742 jni_internal.cc:2677]      3: int sun.nio.ch.FileDispatcherImpl.force(java.io.FileDescriptor, boolean)
nullptr E 09-25 22:56:51 10742 10742 jni_internal.cc:2677]      4: int sun.nio.ch.FileDispatcherImpl.lock(java.io.FileDescriptor, boolean, long, long, boolean)
nullptr E 09-25 22:56:51 10742 10742 jni_internal.cc:2677]      5: void sun.nio.ch.FileDispatcherImpl.preClose(java.io.FileDescriptor)
nullptr E 09-25 22:56:51 10742 10742 jni_internal.cc:2677]      6: int sun.nio.ch.FileDispatcherImpl.pread(java.io.FileDescriptor, long, int, long)
nullptr E 09-25 22:56:51 10742 10742 jni_internal.cc:2677]      7: int sun.nio.ch.FileDispatcherImpl.pwrite(java.io.FileDescriptor, long, int, long)
nullptr E 09-25 22:56:51 10742 10742 jni_internal.cc:2677]      8: int sun.nio.ch.FileDispatcherImpl.read(java.io.FileDescriptor, long, int)
nullptr E 09-25 22:56:51 10742 10742 jni_internal.cc:2677]      9: long sun.nio.ch.FileDispatcherImpl.readv(java.io.FileDescriptor, long, int)
nullptr E 09-25 22:56:51 10742 10742 jni_internal.cc:2677]     10: void sun.nio.ch.FileDispatcherImpl.release(java.io.FileDescriptor, long, long)
nullptr E 09-25 22:56:51 10742 10742 jni_internal.cc:2677]     11: long sun.nio.ch.FileDispatcherImpl.size(java.io.FileDescriptor)
nullptr E 09-25 22:56:51 10742 10742 jni_internal.cc:2677]     12: boolean sun.nio.ch.FileDispatcherImpl.transferToDirectlyNeedsPositionLock()
nullptr E 09-25 22:56:51 10742 10742 jni_internal.cc:2677]     13: int sun.nio.ch.FileDispatcherImpl.truncate(java.io.FileDescriptor, long)
nullptr E 09-25 22:56:51 10742 10742 jni_internal.cc:2677]     14: int sun.nio.ch.FileDispatcherImpl.write(java.io.FileDescriptor, long, int)
nullptr E 09-25 22:56:51 10742 10742 jni_internal.cc:2677]     15: long sun.nio.ch.FileDispatcherImpl.writev(java.io.FileDescriptor, long, int)
nullptr E 09-25 22:56:51 10742 10742 jni_internal.cc:2677]   direct methods (15 entries):
nullptr E 09-25 22:56:51 10742 10742 jni_internal.cc:2677]      0: void sun.nio.ch.FileDispatcherImpl.<init>()
nullptr E 09-25 22:56:51 10742 10742 jni_internal.cc:2677]      1: void sun.nio.ch.FileDispatcherImpl.close0(java.io.FileDescriptor)
nullptr E 09-25 22:56:51 10742 10742 jni_internal.cc:2677]      2: void sun.nio.ch.FileDispatcherImpl.closeIntFD(int)
nullptr E 09-25 22:56:51 10742 10742 jni_internal.cc:2677]      3: int sun.nio.ch.FileDispatcherImpl.force0(java.io.FileDescriptor, boolean)
nullptr E 09-25 22:56:51 10742 10742 jni_internal.cc:2677]      4: int sun.nio.ch.FileDispatcherImpl.lock0(java.io.FileDescriptor, boolean, long, long, boolean)
nullptr E 09-25 22:56:51 10742 10742 jni_internal.cc:2677]      5: void sun.nio.ch.FileDispatcherImpl.preClose0(java.io.FileDescriptor)
nullptr E 09-25 22:56:51 10742 10742 jni_internal.cc:2677]      6: int sun.nio.ch.FileDispatcherImpl.pread0(java.io.FileDescriptor, long, int, long)
nullptr E 09-25 22:56:51 10742 10742 jni_internal.cc:2677]      7: int sun.nio.ch.FileDispatcherImpl.pwrite0(java.io.FileDescriptor, long, int, long)
nullptr E 09-25 22:56:51 10742 10742 jni_internal.cc:2677]      8: int sun.nio.ch.FileDispatcherImpl.read0(java.io.FileDescriptor, long, int)
nullptr E 09-25 22:56:51 10742 10742 jni_internal.cc:2677]      9: long sun.nio.ch.FileDispatcherImpl.readv0(java.io.FileDescriptor, long, int)
nullptr E 09-25 22:56:51 10742 10742 jni_internal.cc:2677]     10: void sun.nio.ch.FileDispatcherImpl.release0(java.io.FileDescriptor, long, long)
nullptr E 09-25 22:56:51 10742 10742 jni_internal.cc:2677]     11: long sun.nio.ch.FileDispatcherImpl.size0(java.io.FileDescriptor)
nullptr E 09-25 22:56:51 10742 10742 jni_internal.cc:2677]     12: int sun.nio.ch.FileDispatcherImpl.truncate0(java.io.FileDescriptor, long)
nullptr E 09-25 22:56:51 10742 10742 jni_internal.cc:2677]     13: int sun.nio.ch.FileDispatcherImpl.write0(java.io.FileDescriptor, long, int)
nullptr E 09-25 22:56:51 10742 10742 jni_internal.cc:2677]     14: long sun.nio.ch.FileDispatcherImpl.writev0(java.io.FileDescriptor, long, int)
nullptr E 09-25 22:56:51 10742 10742 jni_internal.cc:2677] 
nullptr E 09-25 22:56:51 10742 10742 jni_internal.cc:2678] Failed to register native method sun.nio.ch.FileDispatcherImpl.setDirect0(Ljava/io/FileDescriptor;)I in /system/framework/core-oj.jar
nullptr E 09-25 22:56:51 10742 10742 jni_internal.cc:2677] ----- class 'Ljava/io/FileOutputStream;' cl=0 -----
nullptr E 09-25 22:56:51 10742 10742 jni_internal.cc:2677]   objectSize=280 (120 from super)
nullptr E 09-25 22:56:51 10742 10742 jni_internal.cc:2677]   access=0x8000.0001
nullptr E 09-25 22:56:51 10742 10742 jni_internal.cc:2677]   super='java.lang.Class<java.io.OutputStream>' (cl=0)
nullptr E 09-25 22:56:51 10742 10742 jni_internal.cc:2677]   vtable (7 entries, 5 in super):
nullptr E 09-25 22:56:51 10742 10742 jni_internal.cc:2677]      0: void java.io.FileOutputStream.close()
nullptr E 09-25 22:56:51 10742 10742 jni_internal.cc:2677]      1: void java.io.FileOutputStream.finalize()
nullptr E 09-25 22:56:51 10742 10742 jni_internal.cc:2677]      2: java.nio.channels.FileChannel java.io.FileOutputStream.getChannel()
nullptr E 09-25 22:56:51 10742 10742 jni_internal.cc:2677]      3: java.io.FileDescriptor java.io.FileOutputStream.getFD()
nullptr E 09-25 22:56:51 10742 10742 jni_internal.cc:2677]      4: void java.io.FileOutputStream.write(int)
nullptr E 09-25 22:56:51 10742 10742 jni_internal.cc:2677]      5: void java.io.FileOutputStream.write(byte[])
nullptr E 09-25 22:56:51 10742 10742 jni_internal.cc:2677]      6: void java.io.FileOutputStream.write(byte[], int, int)
nullptr E 09-25 22:56:51 10742 10742 jni_internal.cc:2677]   direct methods (6 entries):
nullptr E 09-25 22:56:51 10742 10742 jni_internal.cc:2677]      0: void java.io.FileOutputStream.<init>(java.io.File)
nullptr E 09-25 22:56:51 10742 10742 jni_internal.cc:2677]      1: void java.io.FileOutputStream.<init>(java.io.File, boolean)
nullptr E 09-25 22:56:51 10742 10742 jni_internal.cc:2677]      2: void java.io.FileOutputStream.<init>(java.io.FileDescriptor)
nullptr E 09-25 22:56:51 10742 10742 jni_internal.cc:2677]      3: void java.io.FileOutputStream.<init>(java.io.FileDescriptor, boolean)
nullptr E 09-25 22:56:51 10742 10742 jni_internal.cc:2677]      4: void java.io.FileOutputStream.<init>(java.lang.String)
nullptr E 09-25 22:56:51 10742 10742 jni_internal.cc:2677]      5: void java.io.FileOutputStream.<init>(java.lang.String, boolean)
nullptr E 09-25 22:56:51 10742 10742 jni_internal.cc:2677]   instance fields (8 entries):
nullptr E 09-25 22:56:51 10742 10742 jni_internal.cc:2677]      0: java.nio.channels.FileChannel java.io.FileOutputStream.channel
nullptr E 09-25 22:56:51 10742 10742 jni_internal.cc:2677]      1: java.lang.Object java.io.FileOutputStream.closeLock
nullptr E 09-25 22:56:51 10742 10742 jni_internal.cc:2677]      2: boolean java.io.FileOutputStream.closed
nullptr E 09-25 22:56:51 10742 10742 jni_internal.cc:2677]      3: java.io.FileDescriptor java.io.FileOutputStream.fd
nullptr E 09-25 22:56:51 10742 10742 jni_internal.cc:2677]      4: dalvik.system.CloseGuard java.io.FileOutputStream.guard
nullptr E 09-25 22:56:51 10742 10742 jni_internal.cc:2677]      5: boolean java.io.FileOutputStream.isFdOwner
nullptr E 09-25 22:56:51 10742 10742 jni_internal.cc:2677]      6: java.lang.String java.io.FileOutputStream.path
nullptr E 09-25 22:56:51 10742 10742 jni_internal.cc:2677]      7: libcore.io.IoTracker java.io.FileOutputStream.tracker
nullptr E 09-25 22:56:51 10742 10742 jni_internal.cc:2677] 
nullptr E 09-25 22:56:51 10742 10742 jni_internal.cc:2678] Failed to register native method java.io.FileOutputStream.open0(Ljava/lang/String;Z)V in /system/framework/core-oj.jar
nullptr E 09-25 22:56:51 10742 10742 jni_internal.cc:2677] ----- class 'Ljava/io/FileOutputStream;' cl=0 -----
nullptr E 09-25 22:56:51 10742 10742 jni_internal.cc:2677]   objectSize=280 (120 from super)
nullptr E 09-25 22:56:51 10742 10742 jni_internal.cc:2677]   access=0x8000.0001
nullptr E 09-25 22:56:51 10742 10742 jni_internal.cc:2677]   super='java.lang.Class<java.io.OutputStream>' (cl=0)
nullptr E 09-25 22:56:51 10742 10742 jni_internal.cc:2677]   vtable (7 entries, 5 in super):
nullptr E 09-25 22:56:51 10742 10742 jni_internal.cc:2677]      0: void java.io.FileOutputStream.close()
nullptr E 09-25 22:56:51 10742 10742 jni_internal.cc:2677]      1: void java.io.FileOutputStream.finalize()
nullptr E 09-25 22:56:51 10742 10742 jni_internal.cc:2677]      2: java.nio.channels.FileChannel java.io.FileOutputStream.getChannel()
nullptr E 09-25 22:56:51 10742 10742 jni_internal.cc:2677]      3: java.io.FileDescriptor java.io.FileOutputStream.getFD()
nullptr E 09-25 22:56:51 10742 10742 jni_internal.cc:2677]      4: void java.io.FileOutputStream.write(int)
nullptr E 09-25 22:56:51 10742 10742 jni_internal.cc:2677]      5: void java.io.FileOutputStream.write(byte[])
nullptr E 09-25 22:56:51 10742 10742 jni_internal.cc:2677]      6: void java.io.FileOutputStream.write(byte[], int, int)
nullptr E 09-25 22:56:51 10742 10742 jni_internal.cc:2677]   direct methods (6 entries):
nullptr E 09-25 22:56:51 10742 10742 jni_internal.cc:2677]      0: void java.io.FileOutputStream.<init>(java.io.File)
nullptr E 09-25 22:56:51 10742 10742 jni_internal.cc:2677]      1: void java.io.FileOutputStream.<init>(java.io.File, boolean)
nullptr E 09-25 22:56:51 10742 10742 jni_internal.cc:2677]      2: void java.io.FileOutputStream.<init>(java.io.FileDescriptor)
nullptr E 09-25 22:56:51 10742 10742 jni_internal.cc:2677]      3: void java.io.FileOutputStream.<init>(java.io.FileDescriptor, boolean)
nullptr E 09-25 22:56:51 10742 10742 jni_internal.cc:2677]      4: void java.io.FileOutputStream.<init>(java.lang.String)
nullptr E 09-25 22:56:51 10742 10742 jni_internal.cc:2677]      5: void java.io.FileOutputStream.<init>(java.lang.String, boolean)
nullptr E 09-25 22:56:51 10742 10742 jni_internal.cc:2677]   instance fields (8 entries):
nullptr E 09-25 22:56:51 10742 10742 jni_internal.cc:2677]      0: java.nio.channels.FileChannel java.io.FileOutputStream.channel
nullptr E 09-25 22:56:51 10742 10742 jni_internal.cc:2677]      1: java.lang.Object java.io.FileOutputStream.closeLock
nullptr E 09-25 22:56:51 10742 10742 jni_internal.cc:2677]      2: boolean java.io.FileOutputStream.closed
nullptr E 09-25 22:56:51 10742 10742 jni_internal.cc:2677]      3: java.io.FileDescriptor java.io.FileOutputStream.fd
nullptr E 09-25 22:56:51 10742 10742 jni_internal.cc:2677]      4: dalvik.system.CloseGuard java.io.FileOutputStream.guard
nullptr E 09-25 22:56:51 10742 10742 jni_internal.cc:2677]      5: boolean java.io.FileOutputStream.isFdOwner
nullptr E 09-25 22:56:51 10742 10742 jni_internal.cc:2677]      6: java.lang.String java.io.FileOutputStream.path
nullptr E 09-25 22:56:51 10742 10742 jni_internal.cc:2677]      7: libcore.io.IoTracker java.io.FileOutputStream.tracker
nullptr E 09-25 22:56:51 10742 10742 jni_internal.cc:2677] 
nullptr E 09-25 22:56:51 10742 10742 jni_internal.cc:2678] Failed to register native method java.io.FileOutputStream.write(IZ)V in /system/framework/core-oj.jar
nullptr E 09-25 22:56:51 10742 10742 jni_internal.cc:2677] ----- class 'Ljava/io/FileOutputStream;' cl=0 -----
nullptr E 09-25 22:56:51 10742 10742 jni_internal.cc:2677]   objectSize=280 (120 from super)
nullptr E 09-25 22:56:51 10742 10742 jni_internal.cc:2677]   access=0x8000.0001
nullptr E 09-25 22:56:51 10742 10742 jni_internal.cc:2677]   super='java.lang.Class<java.io.OutputStream>' (cl=0)
nullptr E 09-25 22:56:51 10742 10742 jni_internal.cc:2677]   vtable (7 entries, 5 in super):
nullptr E 09-25 22:56:51 10742 10742 jni_internal.cc:2677]      0: void java.io.FileOutputStream.close()
nullptr E 09-25 22:56:51 10742 10742 jni_internal.cc:2677]      1: void java.io.FileOutputStream.finalize()
nullptr E 09-25 22:56:51 10742 10742 jni_internal.cc:2677]      2: java.nio.channels.FileChannel java.io.FileOutputStream.getChannel()
nullptr E 09-25 22:56:51 10742 10742 jni_internal.cc:2677]      3: java.io.FileDescriptor java.io.FileOutputStream.getFD()
nullptr E 09-25 22:56:51 10742 10742 jni_internal.cc:2677]      4: void java.io.FileOutputStream.write(int)
nullptr E 09-25 22:56:51 10742 10742 jni_internal.cc:2677]      5: void java.io.FileOutputStream.write(byte[])
nullptr E 09-25 22:56:51 10742 10742 jni_internal.cc:2677]      6: void java.io.FileOutputStream.write(byte[], int, int)
nullptr E 09-25 22:56:51 10742 10742 jni_internal.cc:2677]   direct methods (6 entries):
nullptr E 09-25 22:56:51 10742 10742 jni_internal.cc:2677]      0: void java.io.FileOutputStream.<init>(java.io.File)
nullptr E 09-25 22:56:51 10742 10742 jni_internal.cc:2677]      1: void java.io.FileOutputStream.<init>(java.io.File, boolean)
nullptr E 09-25 22:56:51 10742 10742 jni_internal.cc:2677]      2: void java.io.FileOutputStream.<init>(java.io.FileDescriptor)
nullptr E 09-25 22:56:51 10742 10742 jni_internal.cc:2677]      3: void java.io.FileOutputStream.<init>(java.io.FileDescriptor, boolean)
nullptr E 09-25 22:56:51 10742 10742 jni_internal.cc:2677]      4: void java.io.FileOutputStream.<init>(java.lang.String)
nullptr E 09-25 22:56:51 10742 10742 jni_internal.cc:2677]      5: void java.io.FileOutputStream.<init>(java.lang.String, boolean)
nullptr E 09-25 22:56:51 10742 10742 jni_internal.cc:2677]   instance fields (8 entries):
nullptr E 09-25 22:56:51 10742 10742 jni_internal.cc:2677]      0: java.nio.channels.FileChannel java.io.FileOutputStream.channel
nullptr E 09-25 22:56:51 10742 10742 jni_internal.cc:2677]      1: java.lang.Object java.io.FileOutputStream.closeLock
nullptr E 09-25 22:56:51 10742 10742 jni_internal.cc:2677]      2: boolean java.io.FileOutputStream.closed
nullptr E 09-25 22:56:51 10742 10742 jni_internal.cc:2677]      3: java.io.FileDescriptor java.io.FileOutputStream.fd
nullptr E 09-25 22:56:51 10742 10742 jni_internal.cc:2677]      4: dalvik.system.CloseGuard java.io.FileOutputStream.guard
nullptr E 09-25 22:56:51 10742 10742 jni_internal.cc:2677]      5: boolean java.io.FileOutputStream.isFdOwner
nullptr E 09-25 22:56:51 10742 10742 jni_internal.cc:2677]      6: java.lang.String java.io.FileOutputStream.path
nullptr E 09-25 22:56:51 10742 10742 jni_internal.cc:2677]      7: libcore.io.IoTracker java.io.FileOutputStream.tracker
nullptr E 09-25 22:56:51 10742 10742 jni_internal.cc:2677] 
nullptr E 09-25 22:56:51 10742 10742 jni_internal.cc:2678] Failed to register native method java.io.FileOutputStream.writeBytes([BIIZ)V in /system/framework/core-oj.jar
nullptr E 09-25 22:56:51 10742 10742 jni_internal.cc:2677] ----- class 'Ljava/io/FileOutputStream;' cl=0 -----
nullptr E 09-25 22:56:51 10742 10742 jni_internal.cc:2677]   objectSize=280 (120 from super)
nullptr E 09-25 22:56:51 10742 10742 jni_internal.cc:2677]   access=0x8000.0001
nullptr E 09-25 22:56:51 10742 10742 jni_internal.cc:2677]   super='java.lang.Class<java.io.OutputStream>' (cl=0)
nullptr E 09-25 22:56:51 10742 10742 jni_internal.cc:2677]   vtable (7 entries, 5 in super):
nullptr E 09-25 22:56:51 10742 10742 jni_internal.cc:2677]      0: void java.io.FileOutputStream.close()
nullptr E 09-25 22:56:51 10742 10742 jni_internal.cc:2677]      1: void java.io.FileOutputStream.finalize()
nullptr E 09-25 22:56:51 10742 10742 jni_internal.cc:2677]      2: java.nio.channels.FileChannel java.io.FileOutputStream.getChannel()
nullptr E 09-25 22:56:51 10742 10742 jni_internal.cc:2677]      3: java.io.FileDescriptor java.io.FileOutputStream.getFD()
nullptr E 09-25 22:56:51 10742 10742 jni_internal.cc:2677]      4: void java.io.FileOutputStream.write(int)
nullptr E 09-25 22:56:51 10742 10742 jni_internal.cc:2677]      5: void java.io.FileOutputStream.write(byte[])
nullptr E 09-25 22:56:51 10742 10742 jni_internal.cc:2677]      6: void java.io.FileOutputStream.write(byte[], int, int)
nullptr E 09-25 22:56:51 10742 10742 jni_internal.cc:2677]   direct methods (6 entries):
nullptr E 09-25 22:56:51 10742 10742 jni_internal.cc:2677]      0: void java.io.FileOutputStream.<init>(java.io.File)
nullptr E 09-25 22:56:51 10742 10742 jni_internal.cc:2677]      1: void java.io.FileOutputStream.<init>(java.io.File, boolean)
nullptr E 09-25 22:56:51 10742 10742 jni_internal.cc:2677]      2: void java.io.FileOutputStream.<init>(java.io.FileDescriptor)
nullptr E 09-25 22:56:51 10742 10742 jni_internal.cc:2677]      3: void java.io.FileOutputStream.<init>(java.io.FileDescriptor, boolean)
nullptr E 09-25 22:56:51 10742 10742 jni_internal.cc:2677]      4: void java.io.FileOutputStream.<init>(java.lang.String)
nullptr E 09-25 22:56:51 10742 10742 jni_internal.cc:2677]      5: void java.io.FileOutputStream.<init>(java.lang.String, boolean)
nullptr E 09-25 22:56:51 10742 10742 jni_internal.cc:2677]   instance fields (8 entries):
nullptr E 09-25 22:56:51 10742 10742 jni_internal.cc:2677]      0: java.nio.channels.FileChannel java.io.FileOutputStream.channel
nullptr E 09-25 22:56:51 10742 10742 jni_internal.cc:2677]      1: java.lang.Object java.io.FileOutputStream.closeLock
nullptr E 09-25 22:56:51 10742 10742 jni_internal.cc:2677]      2: boolean java.io.FileOutputStream.closed
nullptr E 09-25 22:56:51 10742 10742 jni_internal.cc:2677]      3: java.io.FileDescriptor java.io.FileOutputStream.fd
nullptr E 09-25 22:56:51 10742 10742 jni_internal.cc:2677]      4: dalvik.system.CloseGuard java.io.FileOutputStream.guard
nullptr E 09-25 22:56:51 10742 10742 jni_internal.cc:2677]      5: boolean java.io.FileOutputStream.isFdOwner
nullptr E 09-25 22:56:51 10742 10742 jni_internal.cc:2677]      6: java.lang.String java.io.FileOutputStream.path
nullptr E 09-25 22:56:51 10742 10742 jni_internal.cc:2677]      7: libcore.io.IoTracker java.io.FileOutputStream.tracker
nullptr E 09-25 22:56:51 10742 10742 jni_internal.cc:2677] 
nullptr E 09-25 22:56:51 10742 10742 jni_internal.cc:2678] Failed to register native method java.io.FileOutputStream.close0()V in /system/framework/core-oj.jar
nullptr E 09-25 22:56:51 10742 10742 jni_internal.cc:2677] ----- class 'Ljava/io/FileInputStream;' cl=0 -----
nullptr E 09-25 22:56:51 10742 10742 jni_internal.cc:2677]   objectSize=356 (132 from super)
nullptr E 09-25 22:56:51 10742 10742 jni_internal.cc:2677]   access=0x8000.0001
nullptr E 09-25 22:56:51 10742 10742 jni_internal.cc:2677]   super='java.lang.Class<java.io.InputStream>' (cl=0)
nullptr E 09-25 22:56:51 10742 10742 jni_internal.cc:2677]   vtable (9 entries, 14 in super):
nullptr E 09-25 22:56:51 10742 10742 jni_internal.cc:2677]      0: int java.io.FileInputStream.available()
nullptr E 09-25 22:56:51 10742 10742 jni_internal.cc:2677]      1: void java.io.FileInputStream.close()
nullptr E 09-25 22:56:51 10742 10742 jni_internal.cc:2677]      2: void java.io.FileInputStream.finalize()
nullptr E 09-25 22:56:51 10742 10742 jni_internal.cc:2677]      3: java.nio.channels.FileChannel java.io.FileInputStream.getChannel()
nullptr E 09-25 22:56:51 10742 10742 jni_internal.cc:2677]      4: java.io.FileDescriptor java.io.FileInputStream.getFD()
nullptr E 09-25 22:56:51 10742 10742 jni_internal.cc:2677]      5: int java.io.FileInputStream.read()
nullptr E 09-25 22:56:51 10742 10742 jni_internal.cc:2677]      6: int java.io.FileInputStream.read(byte[])
nullptr E 09-25 22:56:51 10742 10742 jni_internal.cc:2677]      7: int java.io.FileInputStream.read(byte[], int, int)
nullptr E 09-25 22:56:51 10742 10742 jni_internal.cc:2677]      8: long java.io.FileInputStream.skip(long)
nullptr E 09-25 22:56:51 10742 10742 jni_internal.cc:2677]   direct methods (10 entries):
nullptr E 09-25 22:56:51 10742 10742 jni_internal.cc:2677]      0: void java.io.FileInputStream.<init>(java.io.File)
nullptr E 09-25 22:56:51 10742 10742 jni_internal.cc:2677]      1: void java.io.FileInputStream.<init>(java.io.FileDescriptor)
nullptr E 09-25 22:56:51 10742 10742 jni_internal.cc:2677]      2: void java.io.FileInputStream.<init>(java.io.FileDescriptor, boolean)
nullptr E 09-25 22:56:51 10742 10742 jni_internal.cc:2677]      3: void java.io.FileInputStream.<init>(java.lang.String)
nullptr E 09-25 22:56:51 10742 10742 jni_internal.cc:2677]      4: int java.io.FileInputStream.available0()
nullptr E 09-25 22:56:51 10742 10742 jni_internal.cc:2677]      5: long java.io.FileInputStream.length()
nullptr E 09-25 22:56:51 10742 10742 jni_internal.cc:2677]      6: long java.io.FileInputStream.length0()
nullptr E 09-25 22:56:51 10742 10742 jni_internal.cc:2677]      7: long java.io.FileInputStream.position()
nullptr E 09-25 22:56:51 10742 10742 jni_internal.cc:2677]      8: long java.io.FileInputStream.position0()
nullptr E 09-25 22:56:51 10742 10742 jni_internal.cc:2677]      9: long java.io.FileInputStream.skip0(long)
nullptr E 09-25 22:56:51 10742 10742 jni_internal.cc:2677]   static fields (1 entries):
nullptr E 09-25 22:56:51 10742 10742 jni_internal.cc:2677]      0: int java.io.FileInputStream.DEFAULT_BUFFER_SIZE
nullptr E 09-25 22:56:51 10742 10742 jni_internal.cc:2677]   instance fields (8 entries):
nullptr E 09-25 22:56:51 10742 10742 jni_internal.cc:2677]      0: java.nio.channels.FileChannel java.io.FileInputStream.channel
nullptr E 09-25 22:56:51 10742 10742 jni_internal.cc:2677]      1: java.lang.Object java.io.FileInputStream.closeLock
nullptr E 09-25 22:56:51 10742 10742 jni_internal.cc:2677]      2: boolean java.io.FileInputStream.closed
nullptr E 09-25 22:56:51 10742 10742 jni_internal.cc:2677]      3: java.io.FileDescriptor java.io.FileInputStream.fd
nullptr E 09-25 22:56:51 10742 10742 jni_internal.cc:2677]      4: dalvik.system.CloseGuard java.io.FileInputStream.guard
nullptr E 09-25 22:56:51 10742 10742 jni_internal.cc:2677]      5: boolean java.io.FileInputStream.isFdOwner
nullptr E 09-25 22:56:51 10742 10742 jni_internal.cc:2677]      6: java.lang.String java.io.FileInputStream.path
nullptr E 09-25 22:56:51 10742 10742 jni_internal.cc:2677]      7: libcore.io.IoTracker java.io.FileInputStream.tracker
nullptr E 09-25 22:56:51 10742 10742 jni_internal.cc:2677] 
nullptr E 09-25 22:56:51 10742 10742 jni_internal.cc:2678] Failed to register native method java.io.FileInputStream.open0(Ljava/lang/String;)V in /system/framework/core-oj.jar
nullptr E 09-25 22:56:51 10742 10742 jni_internal.cc:2677] ----- class 'Ljava/io/FileInputStream;' cl=0 -----
nullptr E 09-25 22:56:51 10742 10742 jni_internal.cc:2677]   objectSize=356 (132 from super)
nullptr E 09-25 22:56:51 10742 10742 jni_internal.cc:2677]   access=0x8000.0001
nullptr E 09-25 22:56:51 10742 10742 jni_internal.cc:2677]   super='java.lang.Class<java.io.InputStream>' (cl=0)
nullptr E 09-25 22:56:51 10742 10742 jni_internal.cc:2677]   vtable (9 entries, 14 in super):
nullptr E 09-25 22:56:51 10742 10742 jni_internal.cc:2677]      0: int java.io.FileInputStream.available()
nullptr E 09-25 22:56:51 10742 10742 jni_internal.cc:2677]      1: void java.io.FileInputStream.close()
nullptr E 09-25 22:56:51 10742 10742 jni_internal.cc:2677]      2: void java.io.FileInputStream.finalize()
nullptr E 09-25 22:56:51 10742 10742 jni_internal.cc:2677]      3: java.nio.channels.FileChannel java.io.FileInputStream.getChannel()
nullptr E 09-25 22:56:51 10742 10742 jni_internal.cc:2677]      4: java.io.FileDescriptor java.io.FileInputStream.getFD()
nullptr E 09-25 22:56:51 10742 10742 jni_internal.cc:2677]      5: int java.io.FileInputStream.read()
nullptr E 09-25 22:56:51 10742 10742 jni_internal.cc:2677]      6: int java.io.FileInputStream.read(byte[])
nullptr E 09-25 22:56:51 10742 10742 jni_internal.cc:2677]      7: int java.io.FileInputStream.read(byte[], int, int)
nullptr E 09-25 22:56:51 10742 10742 jni_internal.cc:2677]      8: long java.io.FileInputStream.skip(long)
nullptr E 09-25 22:56:51 10742 10742 jni_internal.cc:2677]   direct methods (10 entries):
nullptr E 09-25 22:56:51 10742 10742 jni_internal.cc:2677]      0: void java.io.FileInputStream.<init>(java.io.File)
nullptr E 09-25 22:56:51 10742 10742 jni_internal.cc:2677]      1: void java.io.FileInputStream.<init>(java.io.FileDescriptor)
nullptr E 09-25 22:56:51 10742 10742 jni_internal.cc:2677]      2: void java.io.FileInputStream.<init>(java.io.FileDescriptor, boolean)
nullptr E 09-25 22:56:51 10742 10742 jni_internal.cc:2677]      3: void java.io.FileInputStream.<init>(java.lang.String)
nullptr E 09-25 22:56:51 10742 10742 jni_internal.cc:2677]      4: int java.io.FileInputStream.available0()
nullptr E 09-25 22:56:51 10742 10742 jni_internal.cc:2677]      5: long java.io.FileInputStream.length()
nullptr E 09-25 22:56:51 10742 10742 jni_internal.cc:2677]      6: long java.io.FileInputStream.length0()
nullptr E 09-25 22:56:51 10742 10742 jni_internal.cc:2677]      7: long java.io.FileInputStream.position()
nullptr E 09-25 22:56:51 10742 10742 jni_internal.cc:2677]      8: long java.io.FileInputStream.position0()
nullptr E 09-25 22:56:51 10742 10742 jni_internal.cc:2677]      9: long java.io.FileInputStream.skip0(long)
nullptr E 09-25 22:56:51 10742 10742 jni_internal.cc:2677]   static fields (1 entries):
nullptr E 09-25 22:56:51 10742 10742 jni_internal.cc:2677]      0: int java.io.FileInputStream.DEFAULT_BUFFER_SIZE
nullptr E 09-25 22:56:51 10742 10742 jni_internal.cc:2677]   instance fields (8 entries):
nullptr E 09-25 22:56:51 10742 10742 jni_internal.cc:2677]      0: java.nio.channels.FileChannel java.io.FileInputStream.channel
nullptr E 09-25 22:56:51 10742 10742 jni_internal.cc:2677]      1: java.lang.Object java.io.FileInputStream.closeLock
nullptr E 09-25 22:56:51 10742 10742 jni_internal.cc:2677]      2: boolean java.io.FileInputStream.closed
nullptr E 09-25 22:56:51 10742 10742 jni_internal.cc:2677]      3: java.io.FileDescriptor java.io.FileInputStream.fd
nullptr E 09-25 22:56:51 10742 10742 jni_internal.cc:2677]      4: dalvik.system.CloseGuard java.io.FileInputStream.guard
nullptr E 09-25 22:56:51 10742 10742 jni_internal.cc:2677]      5: boolean java.io.FileInputStream.isFdOwner
nullptr E 09-25 22:56:51 10742 10742 jni_internal.cc:2677]      6: java.lang.String java.io.FileInputStream.path
nullptr E 09-25 22:56:51 10742 10742 jni_internal.cc:2677]      7: libcore.io.IoTracker java.io.FileInputStream.tracker
nullptr E 09-25 22:56:51 10742 10742 jni_internal.cc:2677] 
nullptr E 09-25 22:56:51 10742 10742 jni_internal.cc:2678] Failed to register native method java.io.FileInputStream.read0()I in /system/framework/core-oj.jar
nullptr E 09-25 22:56:51 10742 10742 jni_internal.cc:2677] ----- class 'Ljava/io/FileInputStream;' cl=0 -----
nullptr E 09-25 22:56:51 10742 10742 jni_internal.cc:2677]   objectSize=356 (132 from super)
nullptr E 09-25 22:56:51 10742 10742 jni_internal.cc:2677]   access=0x8000.0001
nullptr E 09-25 22:56:51 10742 10742 jni_internal.cc:2677]   super='java.lang.Class<java.io.InputStream>' (cl=0)
nullptr E 09-25 22:56:51 10742 10742 jni_internal.cc:2677]   vtable (9 entries, 14 in super):
nullptr E 09-25 22:56:51 10742 10742 jni_internal.cc:2677]      0: int java.io.FileInputStream.available()
nullptr E 09-25 22:56:51 10742 10742 jni_internal.cc:2677]      1: void java.io.FileInputStream.close()
nullptr E 09-25 22:56:51 10742 10742 jni_internal.cc:2677]      2: void java.io.FileInputStream.finalize()
nullptr E 09-25 22:56:51 10742 10742 jni_internal.cc:2677]      3: java.nio.channels.FileChannel java.io.FileInputStream.getChannel()
nullptr E 09-25 22:56:51 10742 10742 jni_internal.cc:2677]      4: java.io.FileDescriptor java.io.FileInputStream.getFD()
nullptr E 09-25 22:56:51 10742 10742 jni_internal.cc:2677]      5: int java.io.FileInputStream.read()
nullptr E 09-25 22:56:51 10742 10742 jni_internal.cc:2677]      6: int java.io.FileInputStream.read(byte[])
nullptr E 09-25 22:56:51 10742 10742 jni_internal.cc:2677]      7: int java.io.FileInputStream.read(byte[], int, int)
nullptr E 09-25 22:56:51 10742 10742 jni_internal.cc:2677]      8: long java.io.FileInputStream.skip(long)
nullptr E 09-25 22:56:51 10742 10742 jni_internal.cc:2677]   direct methods (10 entries):
nullptr E 09-25 22:56:51 10742 10742 jni_internal.cc:2677]      0: void java.io.FileInputStream.<init>(java.io.File)
nullptr E 09-25 22:56:51 10742 10742 jni_internal.cc:2677]      1: void java.io.FileInputStream.<init>(java.io.FileDescriptor)
nullptr E 09-25 22:56:51 10742 10742 jni_internal.cc:2677]      2: void java.io.FileInputStream.<init>(java.io.FileDescriptor, boolean)
nullptr E 09-25 22:56:51 10742 10742 jni_internal.cc:2677]      3: void java.io.FileInputStream.<init>(java.lang.String)
nullptr E 09-25 22:56:51 10742 10742 jni_internal.cc:2677]      4: int java.io.FileInputStream.available0()
nullptr E 09-25 22:56:51 10742 10742 jni_internal.cc:2677]      5: long java.io.FileInputStream.length()
nullptr E 09-25 22:56:51 10742 10742 jni_internal.cc:2677]      6: long java.io.FileInputStream.length0()
nullptr E 09-25 22:56:51 10742 10742 jni_internal.cc:2677]      7: long java.io.FileInputStream.position()
nullptr E 09-25 22:56:51 10742 10742 jni_internal.cc:2677]      8: long java.io.FileInputStream.position0()
nullptr E 09-25 22:56:51 10742 10742 jni_internal.cc:2677]      9: long java.io.FileInputStream.skip0(long)
nullptr E 09-25 22:56:51 10742 10742 jni_internal.cc:2677]   static fields (1 entries):
nullptr E 09-25 22:56:51 10742 10742 jni_internal.cc:2677]      0: int java.io.FileInputStream.DEFAULT_BUFFER_SIZE
nullptr E 09-25 22:56:51 10742 10742 jni_internal.cc:2677]   instance fields (8 entries):
nullptr E 09-25 22:56:51 10742 10742 jni_internal.cc:2677]      0: java.nio.channels.FileChannel java.io.FileInputStream.channel
nullptr E 09-25 22:56:51 10742 10742 jni_internal.cc:2677]      1: java.lang.Object java.io.FileInputStream.closeLock
nullptr E 09-25 22:56:51 10742 10742 jni_internal.cc:2677]      2: boolean java.io.FileInputStream.closed
nullptr E 09-25 22:56:51 10742 10742 jni_internal.cc:2677]      3: java.io.FileDescriptor java.io.FileInputStream.fd
nullptr E 09-25 22:56:51 10742 10742 jni_internal.cc:2677]      4: dalvik.system.CloseGuard java.io.FileInputStream.guard
nullptr E 09-25 22:56:51 10742 10742 jni_internal.cc:2677]      5: boolean java.io.FileInputStream.isFdOwner
nullptr E 09-25 22:56:51 10742 10742 jni_internal.cc:2677]      6: java.lang.String java.io.FileInputStream.path
nullptr E 09-25 22:56:51 10742 10742 jni_internal.cc:2677]      7: libcore.io.IoTracker java.io.FileInputStream.tracker
nullptr E 09-25 22:56:51 10742 10742 jni_internal.cc:2677] 
nullptr E 09-25 22:56:51 10742 10742 jni_internal.cc:2678] Failed to register native method java.io.FileInputStream.readBytes([BII)I in /system/framework/core-oj.jar
nullptr E 09-25 22:56:51 10742 10742 jni_internal.cc:2677] ----- class 'Ljava/io/FileInputStream;' cl=0 -----
nullptr E 09-25 22:56:51 10742 10742 jni_internal.cc:2677]   objectSize=356 (132 from super)
nullptr E 09-25 22:56:51 10742 10742 jni_internal.cc:2677]   access=0x8000.0001
nullptr E 09-25 22:56:51 10742 10742 jni_internal.cc:2677]   super='java.lang.Class<java.io.InputStream>' (cl=0)
nullptr E 09-25 22:56:51 10742 10742 jni_internal.cc:2677]   vtable (9 entries, 14 in super):
nullptr E 09-25 22:56:51 10742 10742 jni_internal.cc:2677]      0: int java.io.FileInputStream.available()
nullptr E 09-25 22:56:51 10742 10742 jni_internal.cc:2677]      1: void java.io.FileInputStream.close()
nullptr E 09-25 22:56:51 10742 10742 jni_internal.cc:2677]      2: void java.io.FileInputStream.finalize()
nullptr E 09-25 22:56:51 10742 10742 jni_internal.cc:2677]      3: java.nio.channels.FileChannel java.io.FileInputStream.getChannel()
nullptr E 09-25 22:56:51 10742 10742 jni_internal.cc:2677]      4: java.io.FileDescriptor java.io.FileInputStream.getFD()
nullptr E 09-25 22:56:51 10742 10742 jni_internal.cc:2677]      5: int java.io.FileInputStream.read()
nullptr E 09-25 22:56:51 10742 10742 jni_internal.cc:2677]      6: int java.io.FileInputStream.read(byte[])
nullptr E 09-25 22:56:51 10742 10742 jni_internal.cc:2677]      7: int java.io.FileInputStream.read(byte[], int, int)
nullptr E 09-25 22:56:51 10742 10742 jni_internal.cc:2677]      8: long java.io.FileInputStream.skip(long)
nullptr E 09-25 22:56:51 10742 10742 jni_internal.cc:2677]   direct methods (10 entries):
nullptr E 09-25 22:56:51 10742 10742 jni_internal.cc:2677]      0: void java.io.FileInputStream.<init>(java.io.File)
nullptr E 09-25 22:56:51 10742 10742 jni_internal.cc:2677]      1: void java.io.FileInputStream.<init>(java.io.FileDescriptor)
nullptr E 09-25 22:56:51 10742 10742 jni_internal.cc:2677]      2: void java.io.FileInputStream.<init>(java.io.FileDescriptor, boolean)
nullptr E 09-25 22:56:51 10742 10742 jni_internal.cc:2677]      3: void java.io.FileInputStream.<init>(java.lang.String)
nullptr E 09-25 22:56:51 10742 10742 jni_internal.cc:2677]      4: int java.io.FileInputStream.available0()
nullptr E 09-25 22:56:51 10742 10742 jni_internal.cc:2677]      5: long java.io.FileInputStream.length()
nullptr E 09-25 22:56:51 10742 10742 jni_internal.cc:2677]      6: long java.io.FileInputStream.length0()
nullptr E 09-25 22:56:51 10742 10742 jni_internal.cc:2677]      7: long java.io.FileInputStream.position()
nullptr E 09-25 22:56:51 10742 10742 jni_internal.cc:2677]      8: long java.io.FileInputStream.position0()
nullptr E 09-25 22:56:51 10742 10742 jni_internal.cc:2677]      9: long java.io.FileInputStream.skip0(long)
nullptr E 09-25 22:56:51 10742 10742 jni_internal.cc:2677]   static fields (1 entries):
nullptr E 09-25 22:56:51 10742 10742 jni_internal.cc:2677]      0: int java.io.FileInputStream.DEFAULT_BUFFER_SIZE
nullptr E 09-25 22:56:51 10742 10742 jni_internal.cc:2677]   instance fields (8 entries):
nullptr E 09-25 22:56:51 10742 10742 jni_internal.cc:2677]      0: java.nio.channels.FileChannel java.io.FileInputStream.channel
nullptr E 09-25 22:56:51 10742 10742 jni_internal.cc:2677]      1: java.lang.Object java.io.FileInputStream.closeLock
nullptr E 09-25 22:56:51 10742 10742 jni_internal.cc:2677]      2: boolean java.io.FileInputStream.closed
nullptr E 09-25 22:56:51 10742 10742 jni_internal.cc:2677]      3: java.io.FileDescriptor java.io.FileInputStream.fd
nullptr E 09-25 22:56:51 10742 10742 jni_internal.cc:2677]      4: dalvik.system.CloseGuard java.io.FileInputStream.guard
nullptr E 09-25 22:56:51 10742 10742 jni_internal.cc:2677]      5: boolean java.io.FileInputStream.isFdOwner
nullptr E 09-25 22:56:51 10742 10742 jni_internal.cc:2677]      6: java.lang.String java.io.FileInputStream.path
nullptr E 09-25 22:56:51 10742 10742 jni_internal.cc:2677]      7: libcore.io.IoTracker java.io.FileInputStream.tracker
nullptr E 09-25 22:56:51 10742 10742 jni_internal.cc:2677] 
nullptr E 09-25 22:56:51 10742 10742 jni_internal.cc:2678] Failed to register native method java.io.FileInputStream.close0()V in /system/framework/core-oj.jar
nullptr E 09-25 22:56:51 10742 10742 jni_internal.cc:2677] ----- class 'Ljava/lang/Runtime;' cl=0 -----
nullptr E 09-25 22:56:51 10742 10742 jni_internal.cc:2677]   objectSize=445 (224 from super)
nullptr E 09-25 22:56:51 10742 10742 jni_internal.cc:2677]   access=0x0000.0001
nullptr E 09-25 22:56:51 10742 10742 jni_internal.cc:2677]   super='java.lang.Class<java.lang.Object>' (cl=0)
nullptr E 09-25 22:56:51 10742 10742 jni_internal.cc:2677]   vtable (27 entries, 11 in super):
nullptr E 09-25 22:56:51 10742 10742 jni_internal.cc:2677]      0: void java.lang.Runtime.addShutdownHook(java.lang.Thread)
nullptr E 09-25 22:56:51 10742 10742 jni_internal.cc:2677]      1: int java.lang.Runtime.availableProcessors()
nullptr E 09-25 22:56:51 10742 10742 jni_internal.cc:2677]      2: java.lang.Process java.lang.Runtime.exec(java.lang.String)
nullptr E 09-25 22:56:51 10742 10742 jni_internal.cc:2677]      3: java.lang.Process java.lang.Runtime.exec(java.lang.String, java.lang.String[])
nullptr E 09-25 22:56:51 10742 10742 jni_internal.cc:2677]      4: java.lang.Process java.lang.Runtime.exec(java.lang.String, java.lang.String[], java.io.File)
nullptr E 09-25 22:56:51 10742 10742 jni_internal.cc:2677]      5: java.lang.Process java.lang.Runtime.exec(java.lang.String[])
nullptr E 09-25 22:56:51 10742 10742 jni_internal.cc:2677]      6: java.lang.Process java.lang.Runtime.exec(java.lang.String[], java.lang.String[])
nullptr E 09-25 22:56:51 10742 10742 jni_internal.cc:2677]      7: java.lang.Process java.lang.Runtime.exec(java.lang.String[], java.lang.String[], java.io.File)
nullptr E 09-25 22:56:51 10742 10742 jni_internal.cc:2677]      8: void java.lang.Runtime.exit(int)
nullptr E 09-25 22:56:51 10742 10742 jni_internal.cc:2677]      9: long java.lang.Runtime.freeMemory()
nullptr E 09-25 22:56:51 10742 10742 jni_internal.cc:2677]     10: void java.lang.Runtime.gc()
nullptr E 09-25 22:56:51 10742 10742 jni_internal.cc:2677]     11: java.io.InputStream java.lang.Runtime.getLocalizedInputStream(java.io.InputStream)
nullptr E 09-25 22:56:51 10742 10742 jni_internal.cc:2677]     12: java.io.OutputStream java.lang.Runtime.getLocalizedOutputStream(java.io.OutputStream)
nullptr E 09-25 22:56:51 10742 10742 jni_internal.cc:2677]     13: void java.lang.Runtime.halt(int)
nullptr E 09-25 22:56:51 10742 10742 jni_internal.cc:2677]     14: void java.lang.Runtime.load(java.lang.String)
nullptr E 09-25 22:56:51 10742 10742 jni_internal.cc:2677]     15: void java.lang.Runtime.load(java.lang.String, java.lang.ClassLoader)
nullptr E 09-25 22:56:51 10742 10742 jni_internal.cc:2677]     16: void java.lang.Runtime.load0(java.lang.Class, java.lang.String)
nullptr E 09-25 22:56:51 10742 10742 jni_internal.cc:2677]     17: void java.lang.Runtime.loadLibrary(java.lang.String)
nullptr E 09-25 22:56:51 10742 10742 jni_internal.cc:2677]     18: void java.lang.Runtime.loadLibrary(java.lang.String, java.lang.ClassLoader)
nullptr E 09-25 22:56:51 10742 10742 jni_internal.cc:2677]     19: void java.lang.Runtime.loadLibrary0(java.lang.Class, java.lang.String)
nullptr E 09-25 22:56:51 10742 10742 jni_internal.cc:2677]     20: void java.lang.Runtime.loadLibrary0(java.lang.ClassLoader, java.lang.String)
nullptr E 09-25 22:56:51 10742 10742 jni_internal.cc:2677]     21: long java.lang.Runtime.maxMemory()
nullptr E 09-25 22:56:51 10742 10742 jni_internal.cc:2677]     22: boolean java.lang.Runtime.removeShutdownHook(java.lang.Thread)
nullptr E 09-25 22:56:51 10742 10742 jni_internal.cc:2677]     23: void java.lang.Runtime.runFinalization()
nullptr E 09-25 22:56:51 10742 10742 jni_internal.cc:2677]     24: long java.lang.Runtime.totalMemory()
nullptr E 09-25 22:56:51 10742 10742 jni_internal.cc:2677]     25: void java.lang.Runtime.traceInstructions(boolean)
nullptr E 09-25 22:56:51 10742 10742 jni_internal.cc:2677]     26: void java.lang.Runtime.traceMethodCalls(boolean)
nullptr E 09-25 22:56:51 10742 10742 jni_internal.cc:2677]   direct methods (12 entries):
nullptr E 09-25 22:56:51 10742 10742 jni_internal.cc:2677]      0: void java.lang.Runtime.<clinit>()
nullptr E 09-25 22:56:51 10742 10742 jni_internal.cc:2677]      1: void java.lang.Runtime.<init>()
nullptr E 09-25 22:56:51 10742 10742 jni_internal.cc:2677]      2: void java.lang.Runtime.checkTargetSdkVersionForLoad(java.lang.String)
nullptr E 09-25 22:56:51 10742 10742 jni_internal.cc:2677]      3: java.lang.String[] java.lang.Runtime.getLibPaths()
nullptr E 09-25 22:56:51 10742 10742 jni_internal.cc:2677]      4: java.lang.Runtime java.lang.Runtime.getRuntime()
nullptr E 09-25 22:56:51 10742 10742 jni_internal.cc:2677]      5: java.lang.String[] java.lang.Runtime.initLibPaths()
nullptr E 09-25 22:56:51 10742 10742 jni_internal.cc:2677]      6: void java.lang.Runtime.loadLibrary0(java.lang.ClassLoader, java.lang.Class, java.lang.String)
nullptr E 09-25 22:56:51 10742 10742 jni_internal.cc:2677]      7: void java.lang.Runtime.nativeExit(int)
nullptr E 09-25 22:56:51 10742 10742 jni_internal.cc:2677]      8: void java.lang.Runtime.nativeGc()
nullptr E 09-25 22:56:51 10742 10742 jni_internal.cc:2677]      9: java.lang.String java.lang.Runtime.nativeLoad(java.lang.String, java.lang.ClassLoader)
nullptr E 09-25 22:56:51 10742 10742 jni_internal.cc:2677]     10: java.lang.String java.lang.Runtime.nativeLoad(java.lang.String, java.lang.ClassLoader, java.lang.Class)
nullptr E 09-25 22:56:51 10742 10742 jni_internal.cc:2677]     11: void java.lang.Runtime.runFinalizersOnExit(boolean)
nullptr E 09-25 22:56:51 10742 10742 jni_internal.cc:2677]   static fields (2 entries):
nullptr E 09-25 22:56:51 10742 10742 jni_internal.cc:2677]      0: java.lang.Runtime java.lang.Runtime.currentRuntime
nullptr E 09-25 22:56:51 10742 10742 jni_internal.cc:2677]      1: boolean java.lang.Runtime.finalizeOnExit
nullptr E 09-25 22:56:51 10742 10742 jni_internal.cc:2677]   instance fields (3 entries):
nullptr E 09-25 22:56:51 10742 10742 jni_internal.cc:2677]      0: java.lang.String[] java.lang.Runtime.mLibPaths
nullptr E 09-25 22:56:51 10742 10742 jni_internal.cc:2677]      1: java.util.List java.lang.Runtime.shutdownHooks
nullptr E 09-25 22:56:51 10742 10742 jni_internal.cc:2677]      2: boolean java.lang.Runtime.shuttingDown
nullptr E 09-25 22:56:51 10742 10742 jni_internal.cc:2677] 
nullptr E 09-25 22:56:51 10742 10742 jni_internal.cc:2678] Failed to register native method java.lang.Runtime.runFinalization0()V in /system/framework/core-oj.jar
nullptr E 09-25 22:56:51 10742 10742 jni_internal.cc:2677] ----- class 'Ljava/io/UnixFileSystem;' cl=0 -----
nullptr E 09-25 22:56:51 10742 10742 jni_internal.cc:2677]   objectSize=440 (166 from super)
nullptr E 09-25 22:56:51 10742 10742 jni_internal.cc:2677]   access=0x0040.0000
nullptr E 09-25 22:56:51 10742 10742 jni_internal.cc:2677]   super='java.lang.Class<java.io.FileSystem>' (cl=0)
nullptr E 09-25 22:56:51 10742 10742 jni_internal.cc:2677]   vtable (27 entries, 27 in super):
nullptr E 09-25 22:56:51 10742 10742 jni_internal.cc:2677]      0: java.lang.String java.io.UnixFileSystem.canonicalize(java.lang.String)
nullptr E 09-25 22:56:51 10742 10742 jni_internal.cc:2677]      1: boolean java.io.UnixFileSystem.checkAccess(java.io.File, int)
nullptr E 09-25 22:56:51 10742 10742 jni_internal.cc:2677]      2: int java.io.UnixFileSystem.compare(java.io.File, java.io.File)
nullptr E 09-25 22:56:51 10742 10742 jni_internal.cc:2677]      3: boolean java.io.UnixFileSystem.createDirectory(java.io.File)
nullptr E 09-25 22:56:51 10742 10742 jni_internal.cc:2677]      4: boolean java.io.UnixFileSystem.createFileExclusively(java.lang.String)
nullptr E 09-25 22:56:51 10742 10742 jni_internal.cc:2677]      5: boolean java.io.UnixFileSystem.delete(java.io.File)
nullptr E 09-25 22:56:51 10742 10742 jni_internal.cc:2677]      6: java.lang.String java.io.UnixFileSystem.fromURIPath(java.lang.String)
nullptr E 09-25 22:56:51 10742 10742 jni_internal.cc:2677]      7: int java.io.UnixFileSystem.getBooleanAttributes(java.io.File)
nullptr E 09-25 22:56:51 10742 10742 jni_internal.cc:2677]      8: java.lang.String java.io.UnixFileSystem.getDefaultParent()
nullptr E 09-25 22:56:51 10742 10742 jni_internal.cc:2677]      9: long java.io.UnixFileSystem.getLastModifiedTime(java.io.File)
nullptr E 09-25 22:56:51 10742 10742 jni_internal.cc:2677]     10: long java.io.UnixFileSystem.getLength(java.io.File)
nullptr E 09-25 22:56:51 10742 10742 jni_internal.cc:2677]     11: int java.io.UnixFileSystem.getNameMax(java.lang.String)
nullptr E 09-25 22:56:51 10742 10742 jni_internal.cc:2677]     12: char java.io.UnixFileSystem.getPathSeparator()
nullptr E 09-25 22:56:51 10742 10742 jni_internal.cc:2677]     13: char java.io.UnixFileSystem.getSeparator()
nullptr E 09-25 22:56:51 10742 10742 jni_internal.cc:2677]     14: long java.io.UnixFileSystem.getSpace(java.io.File, int)
nullptr E 09-25 22:56:51 10742 10742 jni_internal.cc:2677]     15: int java.io.UnixFileSystem.hashCode(java.io.File)
nullptr E 09-25 22:56:51 10742 10742 jni_internal.cc:2677]     16: boolean java.io.UnixFileSystem.isAbsolute(java.io.File)
nullptr E 09-25 22:56:51 10742 10742 jni_internal.cc:2677]     17: java.lang.String[] java.io.UnixFileSystem.list(java.io.File)
nullptr E 09-25 22:56:51 10742 10742 jni_internal.cc:2677]     18: java.io.File[] java.io.UnixFileSystem.listRoots()
nullptr E 09-25 22:56:51 10742 10742 jni_internal.cc:2677]     19: java.lang.String java.io.UnixFileSystem.normalize(java.lang.String)
nullptr E 09-25 22:56:51 10742 10742 jni_internal.cc:2677]     20: int java.io.UnixFileSystem.prefixLength(java.lang.String)
nullptr E 09-25 22:56:51 10742 10742 jni_internal.cc:2677]     21: boolean java.io.UnixFileSystem.rename(java.io.File, java.io.File)
nullptr E 09-25 22:56:51 10742 10742 jni_internal.cc:2677]     22: java.lang.String java.io.UnixFileSystem.resolve(java.io.File)
nullptr E 09-25 22:56:51 10742 10742 jni_internal.cc:2677]     23: java.lang.String java.io.UnixFileSystem.resolve(java.lang.String, java.lang.String)
nullptr E 09-25 22:56:51 10742 10742 jni_internal.cc:2677]     24: boolean java.io.UnixFileSystem.setLastModifiedTime(java.io.File, long)
nullptr E 09-25 22:56:51 10742 10742 jni_internal.cc:2677]     25: boolean java.io.UnixFileSystem.setPermission(java.io.File, int, boolean, boolean)
nullptr E 09-25 22:56:51 10742 10742 jni_internal.cc:2677]     26: boolean java.io.UnixFileSystem.setReadOnly(java.io.File)
nullptr E 09-25 22:56:51 10742 10742 jni_internal.cc:2677]   direct methods (16 entries):
nullptr E 09-25 22:56:51 10742 10742 jni_internal.cc:2677]      0: void java.io.UnixFileSystem.<clinit>()
nullptr E 09-25 22:56:51 10742 10742 jni_internal.cc:2677]      1: void java.io.UnixFileSystem.<init>()
nullptr E 09-25 22:56:51 10742 10742 jni_internal.cc:2677]      2: java.lang.String java.io.UnixFileSystem.canonicalize0(java.lang.String)
nullptr E 09-25 22:56:51 10742 10742 jni_internal.cc:2677]      3: java.lang.String java.io.UnixFileSystem.canonicalize0(java.lang.String, boolean)
nullptr E 09-25 22:56:51 10742 10742 jni_internal.cc:2677]      4: boolean java.io.UnixFileSystem.createDirectory0(java.io.File)
nullptr E 09-25 22:56:51 10742 10742 jni_internal.cc:2677]      5: boolean java.io.UnixFileSystem.createFileExclusively0(java.lang.String)
nullptr E 09-25 22:56:51 10742 10742 jni_internal.cc:2677]      6: int java.io.UnixFileSystem.getBooleanAttributes0(java.lang.String)
nullptr E 09-25 22:56:51 10742 10742 jni_internal.cc:2677]      7: long java.io.UnixFileSystem.getLastModifiedTime0(java.io.File)
nullptr E 09-25 22:56:51 10742 10742 jni_internal.cc:2677]      8: long java.io.UnixFileSystem.getNameMax0(java.lang.String)
nullptr E 09-25 22:56:51 10742 10742 jni_internal.cc:2677]      9: long java.io.UnixFileSystem.getSpace0(java.io.File, int)
nullptr E 09-25 22:56:51 10742 10742 jni_internal.cc:2677]     10: void java.io.UnixFileSystem.initIDs()
nullptr E 09-25 22:56:51 10742 10742 jni_internal.cc:2677]     11: java.lang.String[] java.io.UnixFileSystem.list0(java.io.File)
nullptr E 09-25 22:56:51 10742 10742 jni_internal.cc:2677]     12: java.lang.String java.io.UnixFileSystem.parentOrNull(java.lang.String)
nullptr E 09-25 22:56:51 10742 10742 jni_internal.cc:2677]     13: boolean java.io.UnixFileSystem.setLastModifiedTime0(java.io.File, long)
nullptr E 09-25 22:56:51 10742 10742 jni_internal.cc:2677]     14: boolean java.io.UnixFileSystem.setPermission0(java.io.File, int, boolean, boolean)
nullptr E 09-25 22:56:51 10742 10742 jni_internal.cc:2677]     15: boolean java.io.UnixFileSystem.setReadOnly0(java.io.File)
nullptr E 09-25 22:56:51 10742 10742 jni_internal.cc:2677]   instance fields (6 entries):
nullptr E 09-25 22:56:51 10742 10742 jni_internal.cc:2677]      0: java.io.ExpiringCache java.io.UnixFileSystem.cache
nullptr E 09-25 22:56:51 10742 10742 jni_internal.cc:2677]      1: char java.io.UnixFileSystem.colon
nullptr E 09-25 22:56:51 10742 10742 jni_internal.cc:2677]      2: java.lang.String java.io.UnixFileSystem.javaHome
nullptr E 09-25 22:56:51 10742 10742 jni_internal.cc:2677]      3: java.io.ExpiringCache java.io.UnixFileSystem.javaHomePrefixCache
nullptr E 09-25 22:56:51 10742 10742 jni_internal.cc:2677]      4: char java.io.UnixFileSystem.slash
nullptr E 09-25 22:56:51 10742 10742 jni_internal.cc:2677]      5: java.lang.String java.io.UnixFileSystem.userDir
nullptr E 09-25 22:56:51 10742 10742 jni_internal.cc:2677] 
nullptr E 09-25 22:56:51 10742 10742 jni_internal.cc:2678] Failed to register native method java.io.UnixFileSystem.getBooleanAttributes0(Ljava/io/File;)I in /system/framework/core-oj.jar
nullptr E 09-25 22:56:51 10742 10742 jni_internal.cc:2685] Failed to register non-native method java.io.UnixFileSystem.canonicalize0(Ljava/lang/String;)Ljava/lang/String; as native
nullptr E 09-25 22:56:51 10742 10742 jni_internal.cc:2685] Failed to register non-native method java.io.UnixFileSystem.canonicalize(Ljava/lang/String;)Ljava/lang/String; as native
nullptr E 09-25 22:56:51 10742 10742 jni_internal.cc:2685] Failed to register non-native method java.io.UnixFileSystem.parentOrNull(Ljava/lang/String;)Ljava/lang/String; as native
nullptr E 09-25 22:56:51 10742 10742 jni_internal.cc:2677] ----- class 'Ljava/io/UnixFileSystem;' cl=0 -----
nullptr E 09-25 22:56:51 10742 10742 jni_internal.cc:2677]   objectSize=440 (166 from super)
nullptr E 09-25 22:56:51 10742 10742 jni_internal.cc:2677]   access=0x0040.0000
nullptr E 09-25 22:56:51 10742 10742 jni_internal.cc:2677]   super='java.lang.Class<java.io.FileSystem>' (cl=0)
nullptr E 09-25 22:56:51 10742 10742 jni_internal.cc:2677]   vtable (27 entries, 27 in super):
nullptr E 09-25 22:56:51 10742 10742 jni_internal.cc:2677]      0: java.lang.String java.io.UnixFileSystem.canonicalize(java.lang.String)
nullptr E 09-25 22:56:51 10742 10742 jni_internal.cc:2677]      1: boolean java.io.UnixFileSystem.checkAccess(java.io.File, int)
nullptr E 09-25 22:56:51 10742 10742 jni_internal.cc:2677]      2: int java.io.UnixFileSystem.compare(java.io.File, java.io.File)
nullptr E 09-25 22:56:51 10742 10742 jni_internal.cc:2677]      3: boolean java.io.UnixFileSystem.createDirectory(java.io.File)
nullptr E 09-25 22:56:51 10742 10742 jni_internal.cc:2677]      4: boolean java.io.UnixFileSystem.createFileExclusively(java.lang.String)
nullptr E 09-25 22:56:51 10742 10742 jni_internal.cc:2677]      5: boolean java.io.UnixFileSystem.delete(java.io.File)
nullptr E 09-25 22:56:51 10742 10742 jni_internal.cc:2677]      6: java.lang.String java.io.UnixFileSystem.fromURIPath(java.lang.String)
nullptr E 09-25 22:56:51 10742 10742 jni_internal.cc:2677]      7: int java.io.UnixFileSystem.getBooleanAttributes(java.io.File)
nullptr E 09-25 22:56:51 10742 10742 jni_internal.cc:2677]      8: java.lang.String java.io.UnixFileSystem.getDefaultParent()
nullptr E 09-25 22:56:51 10742 10742 jni_internal.cc:2677]      9: long java.io.UnixFileSystem.getLastModifiedTime(java.io.File)
nullptr E 09-25 22:56:51 10742 10742 jni_internal.cc:2677]     10: long java.io.UnixFileSystem.getLength(java.io.File)
nullptr E 09-25 22:56:51 10742 10742 jni_internal.cc:2677]     11: int java.io.UnixFileSystem.getNameMax(java.lang.String)
nullptr E 09-25 22:56:51 10742 10742 jni_internal.cc:2677]     12: char java.io.UnixFileSystem.getPathSeparator()
nullptr E 09-25 22:56:51 10742 10742 jni_internal.cc:2677]     13: char java.io.UnixFileSystem.getSeparator()
nullptr E 09-25 22:56:51 10742 10742 jni_internal.cc:2677]     14: long java.io.UnixFileSystem.getSpace(java.io.File, int)
nullptr E 09-25 22:56:51 10742 10742 jni_internal.cc:2677]     15: int java.io.UnixFileSystem.hashCode(java.io.File)
nullptr E 09-25 22:56:51 10742 10742 jni_internal.cc:2677]     16: boolean java.io.UnixFileSystem.isAbsolute(java.io.File)
nullptr E 09-25 22:56:51 10742 10742 jni_internal.cc:2677]     17: java.lang.String[] java.io.UnixFileSystem.list(java.io.File)
nullptr E 09-25 22:56:51 10742 10742 jni_internal.cc:2677]     18: java.io.File[] java.io.UnixFileSystem.listRoots()
nullptr E 09-25 22:56:51 10742 10742 jni_internal.cc:2677]     19: java.lang.String java.io.UnixFileSystem.normalize(java.lang.String)
nullptr E 09-25 22:56:51 10742 10742 jni_internal.cc:2677]     20: int java.io.UnixFileSystem.prefixLength(java.lang.String)
nullptr E 09-25 22:56:51 10742 10742 jni_internal.cc:2677]     21: boolean java.io.UnixFileSystem.rename(java.io.File, java.io.File)
nullptr E 09-25 22:56:51 10742 10742 jni_internal.cc:2677]     22: java.lang.String java.io.UnixFileSystem.resolve(java.io.File)
nullptr E 09-25 22:56:51 10742 10742 jni_internal.cc:2677]     23: java.lang.String java.io.UnixFileSystem.resolve(java.lang.String, java.lang.String)
nullptr E 09-25 22:56:51 10742 10742 jni_internal.cc:2677]     24: boolean java.io.UnixFileSystem.setLastModifiedTime(java.io.File, long)
nullptr E 09-25 22:56:51 10742 10742 jni_internal.cc:2677]     25: boolean java.io.UnixFileSystem.setPermission(java.io.File, int, boolean, boolean)
nullptr E 09-25 22:56:51 10742 10742 jni_internal.cc:2677]     26: boolean java.io.UnixFileSystem.setReadOnly(java.io.File)
nullptr E 09-25 22:56:51 10742 10742 jni_internal.cc:2677]   direct methods (16 entries):
nullptr E 09-25 22:56:51 10742 10742 jni_internal.cc:2677]      0: void java.io.UnixFileSystem.<clinit>()
nullptr E 09-25 22:56:51 10742 10742 jni_internal.cc:2677]      1: void java.io.UnixFileSystem.<init>()
nullptr E 09-25 22:56:51 10742 10742 jni_internal.cc:2677]      2: java.lang.String java.io.UnixFileSystem.canonicalize0(java.lang.String)
nullptr E 09-25 22:56:51 10742 10742 jni_internal.cc:2677]      3: java.lang.String java.io.UnixFileSystem.canonicalize0(java.lang.String, boolean)
nullptr E 09-25 22:56:51 10742 10742 jni_internal.cc:2677]      4: boolean java.io.UnixFileSystem.createDirectory0(java.io.File)
nullptr E 09-25 22:56:51 10742 10742 jni_internal.cc:2677]      5: boolean java.io.UnixFileSystem.createFileExclusively0(java.lang.String)
nullptr E 09-25 22:56:51 10742 10742 jni_internal.cc:2677]      6: int java.io.UnixFileSystem.getBooleanAttributes0(java.lang.String)
nullptr E 09-25 22:56:51 10742 10742 jni_internal.cc:2677]      7: long java.io.UnixFileSystem.getLastModifiedTime0(java.io.File)
nullptr E 09-25 22:56:51 10742 10742 jni_internal.cc:2677]      8: long java.io.UnixFileSystem.getNameMax0(java.lang.String)
nullptr E 09-25 22:56:51 10742 10742 jni_internal.cc:2677]      9: long java.io.UnixFileSystem.getSpace0(java.io.File, int)
nullptr E 09-25 22:56:51 10742 10742 jni_internal.cc:2677]     10: void java.io.UnixFileSystem.initIDs()
nullptr E 09-25 22:56:51 10742 10742 jni_internal.cc:2677]     11: java.lang.String[] java.io.UnixFileSystem.list0(java.io.File)
nullptr E 09-25 22:56:51 10742 10742 jni_internal.cc:2677]     12: java.lang.String java.io.UnixFileSystem.parentOrNull(java.lang.String)
nullptr E 09-25 22:56:51 10742 10742 jni_internal.cc:2677]     13: boolean java.io.UnixFileSystem.setLastModifiedTime0(java.io.File, long)
nullptr E 09-25 22:56:51 10742 10742 jni_internal.cc:2677]     14: boolean java.io.UnixFileSystem.setPermission0(java.io.File, int, boolean, boolean)
nullptr E 09-25 22:56:51 10742 10742 jni_internal.cc:2677]     15: boolean java.io.UnixFileSystem.setReadOnly0(java.io.File)
nullptr E 09-25 22:56:51 10742 10742 jni_internal.cc:2677]   instance fields (6 entries):
nullptr E 09-25 22:56:51 10742 10742 jni_internal.cc:2677]      0: java.io.ExpiringCache java.io.UnixFileSystem.cache
nullptr E 09-25 22:56:51 10742 10742 jni_internal.cc:2677]      1: char java.io.UnixFileSystem.colon
nullptr E 09-25 22:56:51 10742 10742 jni_internal.cc:2677]      2: java.lang.String java.io.UnixFileSystem.javaHome
nullptr E 09-25 22:56:51 10742 10742 jni_internal.cc:2677]      3: java.io.ExpiringCache java.io.UnixFileSystem.javaHomePrefixCache
nullptr E 09-25 22:56:51 10742 10742 jni_internal.cc:2677]      4: char java.io.UnixFileSystem.slash
nullptr E 09-25 22:56:51 10742 10742 jni_internal.cc:2677]      5: java.lang.String java.io.UnixFileSystem.userDir
nullptr E 09-25 22:56:51 10742 10742 jni_internal.cc:2677] 
nullptr E 09-25 22:56:51 10742 10742 jni_internal.cc:2678] Failed to register native method java.io.UnixFileSystem.checkAccess0(Ljava/io/File;I)Z in /system/framework/core-oj.jar
nullptr E 09-25 22:56:51 10742 10742 jni_internal.cc:2677] ----- class 'Ljava/io/UnixFileSystem;' cl=0 -----
nullptr E 09-25 22:56:51 10742 10742 jni_internal.cc:2677]   objectSize=440 (166 from super)
nullptr E 09-25 22:56:51 10742 10742 jni_internal.cc:2677]   access=0x0040.0000
nullptr E 09-25 22:56:51 10742 10742 jni_internal.cc:2677]   super='java.lang.Class<java.io.FileSystem>' (cl=0)
nullptr E 09-25 22:56:51 10742 10742 jni_internal.cc:2677]   vtable (27 entries, 27 in super):
nullptr E 09-25 22:56:51 10742 10742 jni_internal.cc:2677]      0: java.lang.String java.io.UnixFileSystem.canonicalize(java.lang.String)
nullptr E 09-25 22:56:51 10742 10742 jni_internal.cc:2677]      1: boolean java.io.UnixFileSystem.checkAccess(java.io.File, int)
nullptr E 09-25 22:56:51 10742 10742 jni_internal.cc:2677]      2: int java.io.UnixFileSystem.compare(java.io.File, java.io.File)
nullptr E 09-25 22:56:51 10742 10742 jni_internal.cc:2677]      3: boolean java.io.UnixFileSystem.createDirectory(java.io.File)
nullptr E 09-25 22:56:51 10742 10742 jni_internal.cc:2677]      4: boolean java.io.UnixFileSystem.createFileExclusively(java.lang.String)
nullptr E 09-25 22:56:51 10742 10742 jni_internal.cc:2677]      5: boolean java.io.UnixFileSystem.delete(java.io.File)
nullptr E 09-25 22:56:51 10742 10742 jni_internal.cc:2677]      6: java.lang.String java.io.UnixFileSystem.fromURIPath(java.lang.String)
nullptr E 09-25 22:56:51 10742 10742 jni_internal.cc:2677]      7: int java.io.UnixFileSystem.getBooleanAttributes(java.io.File)
nullptr E 09-25 22:56:51 10742 10742 jni_internal.cc:2677]      8: java.lang.String java.io.UnixFileSystem.getDefaultParent()
nullptr E 09-25 22:56:51 10742 10742 jni_internal.cc:2677]      9: long java.io.UnixFileSystem.getLastModifiedTime(java.io.File)
nullptr E 09-25 22:56:51 10742 10742 jni_internal.cc:2677]     10: long java.io.UnixFileSystem.getLength(java.io.File)
nullptr E 09-25 22:56:51 10742 10742 jni_internal.cc:2677]     11: int java.io.UnixFileSystem.getNameMax(java.lang.String)
nullptr E 09-25 22:56:51 10742 10742 jni_internal.cc:2677]     12: char java.io.UnixFileSystem.getPathSeparator()
nullptr E 09-25 22:56:51 10742 10742 jni_internal.cc:2677]     13: char java.io.UnixFileSystem.getSeparator()
nullptr E 09-25 22:56:51 10742 10742 jni_internal.cc:2677]     14: long java.io.UnixFileSystem.getSpace(java.io.File, int)
nullptr E 09-25 22:56:51 10742 10742 jni_internal.cc:2677]     15: int java.io.UnixFileSystem.hashCode(java.io.File)
nullptr E 09-25 22:56:51 10742 10742 jni_internal.cc:2677]     16: boolean java.io.UnixFileSystem.isAbsolute(java.io.File)
nullptr E 09-25 22:56:51 10742 10742 jni_internal.cc:2677]     17: java.lang.String[] java.io.UnixFileSystem.list(java.io.File)
nullptr E 09-25 22:56:51 10742 10742 jni_internal.cc:2677]     18: java.io.File[] java.io.UnixFileSystem.listRoots()
nullptr E 09-25 22:56:51 10742 10742 jni_internal.cc:2677]     19: java.lang.String java.io.UnixFileSystem.normalize(java.lang.String)
nullptr E 09-25 22:56:51 10742 10742 jni_internal.cc:2677]     20: int java.io.UnixFileSystem.prefixLength(java.lang.String)
nullptr E 09-25 22:56:51 10742 10742 jni_internal.cc:2677]     21: boolean java.io.UnixFileSystem.rename(java.io.File, java.io.File)
nullptr E 09-25 22:56:51 10742 10742 jni_internal.cc:2677]     22: java.lang.String java.io.UnixFileSystem.resolve(java.io.File)
nullptr E 09-25 22:56:51 10742 10742 jni_internal.cc:2677]     23: java.lang.String java.io.UnixFileSystem.resolve(java.lang.String, java.lang.String)
nullptr E 09-25 22:56:51 10742 10742 jni_internal.cc:2677]     24: boolean java.io.UnixFileSystem.setLastModifiedTime(java.io.File, long)
nullptr E 09-25 22:56:51 10742 10742 jni_internal.cc:2677]     25: boolean java.io.UnixFileSystem.setPermission(java.io.File, int, boolean, boolean)
nullptr E 09-25 22:56:51 10742 10742 jni_internal.cc:2677]     26: boolean java.io.UnixFileSystem.setReadOnly(java.io.File)
nullptr E 09-25 22:56:51 10742 10742 jni_internal.cc:2677]   direct methods (16 entries):
nullptr E 09-25 22:56:51 10742 10742 jni_internal.cc:2677]      0: void java.io.UnixFileSystem.<clinit>()
nullptr E 09-25 22:56:51 10742 10742 jni_internal.cc:2677]      1: void java.io.UnixFileSystem.<init>()
nullptr E 09-25 22:56:51 10742 10742 jni_internal.cc:2677]      2: java.lang.String java.io.UnixFileSystem.canonicalize0(java.lang.String)
nullptr E 09-25 22:56:51 10742 10742 jni_internal.cc:2677]      3: java.lang.String java.io.UnixFileSystem.canonicalize0(java.lang.String, boolean)
nullptr E 09-25 22:56:51 10742 10742 jni_internal.cc:2677]      4: boolean java.io.UnixFileSystem.createDirectory0(java.io.File)
nullptr E 09-25 22:56:51 10742 10742 jni_internal.cc:2677]      5: boolean java.io.UnixFileSystem.createFileExclusively0(java.lang.String)
nullptr E 09-25 22:56:51 10742 10742 jni_internal.cc:2677]      6: int java.io.UnixFileSystem.getBooleanAttributes0(java.lang.String)
nullptr E 09-25 22:56:51 10742 10742 jni_internal.cc:2677]      7: long java.io.UnixFileSystem.getLastModifiedTime0(java.io.File)
nullptr E 09-25 22:56:51 10742 10742 jni_internal.cc:2677]      8: long java.io.UnixFileSystem.getNameMax0(java.lang.String)
nullptr E 09-25 22:56:51 10742 10742 jni_internal.cc:2677]      9: long java.io.UnixFileSystem.getSpace0(java.io.File, int)
nullptr E 09-25 22:56:51 10742 10742 jni_internal.cc:2677]     10: void java.io.UnixFileSystem.initIDs()
nullptr E 09-25 22:56:51 10742 10742 jni_internal.cc:2677]     11: java.lang.String[] java.io.UnixFileSystem.list0(java.io.File)
nullptr E 09-25 22:56:51 10742 10742 jni_internal.cc:2677]     12: java.lang.String java.io.UnixFileSystem.parentOrNull(java.lang.String)
nullptr E 09-25 22:56:51 10742 10742 jni_internal.cc:2677]     13: boolean java.io.UnixFileSystem.setLastModifiedTime0(java.io.File, long)
nullptr E 09-25 22:56:51 10742 10742 jni_internal.cc:2677]     14: boolean java.io.UnixFileSystem.setPermission0(java.io.File, int, boolean, boolean)
nullptr E 09-25 22:56:51 10742 10742 jni_internal.cc:2677]     15: boolean java.io.UnixFileSystem.setReadOnly0(java.io.File)
nullptr E 09-25 22:56:51 10742 10742 jni_internal.cc:2677]   instance fields (6 entries):
nullptr E 09-25 22:56:51 10742 10742 jni_internal.cc:2677]      0: java.io.ExpiringCache java.io.UnixFileSystem.cache
nullptr E 09-25 22:56:51 10742 10742 jni_internal.cc:2677]      1: char java.io.UnixFileSystem.colon
nullptr E 09-25 22:56:51 10742 10742 jni_internal.cc:2677]      2: java.lang.String java.io.UnixFileSystem.javaHome
nullptr E 09-25 22:56:51 10742 10742 jni_internal.cc:2677]      3: java.io.ExpiringCache java.io.UnixFileSystem.javaHomePrefixCache
nullptr E 09-25 22:56:51 10742 10742 jni_internal.cc:2677]      4: char java.io.UnixFileSystem.slash
nullptr E 09-25 22:56:51 10742 10742 jni_internal.cc:2677]      5: java.lang.String java.io.UnixFileSystem.userDir
nullptr E 09-25 22:56:51 10742 10742 jni_internal.cc:2677] 
nullptr E 09-25 22:56:51 10742 10742 jni_internal.cc:2678] Failed to register native method java.io.UnixFileSystem.getLength0(Ljava/io/File;)J in /system/framework/core-oj.jar
nullptr E 09-25 22:56:51 10742 10742 jni_internal.cc:2677] ----- class 'Ljava/io/UnixFileSystem;' cl=0 -----
nullptr E 09-25 22:56:51 10742 10742 jni_internal.cc:2677]   objectSize=440 (166 from super)
nullptr E 09-25 22:56:51 10742 10742 jni_internal.cc:2677]   access=0x0040.0000
nullptr E 09-25 22:56:51 10742 10742 jni_internal.cc:2677]   super='java.lang.Class<java.io.FileSystem>' (cl=0)
nullptr E 09-25 22:56:51 10742 10742 jni_internal.cc:2677]   vtable (27 entries, 27 in super):
nullptr E 09-25 22:56:51 10742 10742 jni_internal.cc:2677]      0: java.lang.String java.io.UnixFileSystem.canonicalize(java.lang.String)
nullptr E 09-25 22:56:51 10742 10742 jni_internal.cc:2677]      1: boolean java.io.UnixFileSystem.checkAccess(java.io.File, int)
nullptr E 09-25 22:56:51 10742 10742 jni_internal.cc:2677]      2: int java.io.UnixFileSystem.compare(java.io.File, java.io.File)
nullptr E 09-25 22:56:51 10742 10742 jni_internal.cc:2677]      3: boolean java.io.UnixFileSystem.createDirectory(java.io.File)
nullptr E 09-25 22:56:51 10742 10742 jni_internal.cc:2677]      4: boolean java.io.UnixFileSystem.createFileExclusively(java.lang.String)
nullptr E 09-25 22:56:51 10742 10742 jni_internal.cc:2677]      5: boolean java.io.UnixFileSystem.delete(java.io.File)
nullptr E 09-25 22:56:51 10742 10742 jni_internal.cc:2677]      6: java.lang.String java.io.UnixFileSystem.fromURIPath(java.lang.String)
nullptr E 09-25 22:56:51 10742 10742 jni_internal.cc:2677]      7: int java.io.UnixFileSystem.getBooleanAttributes(java.io.File)
nullptr E 09-25 22:56:51 10742 10742 jni_internal.cc:2677]      8: java.lang.String java.io.UnixFileSystem.getDefaultParent()
nullptr E 09-25 22:56:51 10742 10742 jni_internal.cc:2677]      9: long java.io.UnixFileSystem.getLastModifiedTime(java.io.File)
nullptr E 09-25 22:56:51 10742 10742 jni_internal.cc:2677]     10: long java.io.UnixFileSystem.getLength(java.io.File)
nullptr E 09-25 22:56:51 10742 10742 jni_internal.cc:2677]     11: int java.io.UnixFileSystem.getNameMax(java.lang.String)
nullptr E 09-25 22:56:51 10742 10742 jni_internal.cc:2677]     12: char java.io.UnixFileSystem.getPathSeparator()
nullptr E 09-25 22:56:51 10742 10742 jni_internal.cc:2677]     13: char java.io.UnixFileSystem.getSeparator()
nullptr E 09-25 22:56:51 10742 10742 jni_internal.cc:2677]     14: long java.io.UnixFileSystem.getSpace(java.io.File, int)
nullptr E 09-25 22:56:51 10742 10742 jni_internal.cc:2677]     15: int java.io.UnixFileSystem.hashCode(java.io.File)
nullptr E 09-25 22:56:51 10742 10742 jni_internal.cc:2677]     16: boolean java.io.UnixFileSystem.isAbsolute(java.io.File)
nullptr E 09-25 22:56:51 10742 10742 jni_internal.cc:2677]     17: java.lang.String[] java.io.UnixFileSystem.list(java.io.File)
nullptr E 09-25 22:56:51 10742 10742 jni_internal.cc:2677]     18: java.io.File[] java.io.UnixFileSystem.listRoots()
nullptr E 09-25 22:56:51 10742 10742 jni_internal.cc:2677]     19: java.lang.String java.io.UnixFileSystem.normalize(java.lang.String)
nullptr E 09-25 22:56:51 10742 10742 jni_internal.cc:2677]     20: int java.io.UnixFileSystem.prefixLength(java.lang.String)
nullptr E 09-25 22:56:51 10742 10742 jni_internal.cc:2677]     21: boolean java.io.UnixFileSystem.rename(java.io.File, java.io.File)
nullptr E 09-25 22:56:51 10742 10742 jni_internal.cc:2677]     22: java.lang.String java.io.UnixFileSystem.resolve(java.io.File)
nullptr E 09-25 22:56:51 10742 10742 jni_internal.cc:2677]     23: java.lang.String java.io.UnixFileSystem.resolve(java.lang.String, java.lang.String)
nullptr E 09-25 22:56:51 10742 10742 jni_internal.cc:2677]     24: boolean java.io.UnixFileSystem.setLastModifiedTime(java.io.File, long)
nullptr E 09-25 22:56:51 10742 10742 jni_internal.cc:2677]     25: boolean java.io.UnixFileSystem.setPermission(java.io.File, int, boolean, boolean)
nullptr E 09-25 22:56:51 10742 10742 jni_internal.cc:2677]     26: boolean java.io.UnixFileSystem.setReadOnly(java.io.File)
nullptr E 09-25 22:56:51 10742 10742 jni_internal.cc:2677]   direct methods (16 entries):
nullptr E 09-25 22:56:51 10742 10742 jni_internal.cc:2677]      0: void java.io.UnixFileSystem.<clinit>()
nullptr E 09-25 22:56:51 10742 10742 jni_internal.cc:2677]      1: void java.io.UnixFileSystem.<init>()
nullptr E 09-25 22:56:51 10742 10742 jni_internal.cc:2677]      2: java.lang.String java.io.UnixFileSystem.canonicalize0(java.lang.String)
nullptr E 09-25 22:56:51 10742 10742 jni_internal.cc:2677]      3: java.lang.String java.io.UnixFileSystem.canonicalize0(java.lang.String, boolean)
nullptr E 09-25 22:56:51 10742 10742 jni_internal.cc:2677]      4: boolean java.io.UnixFileSystem.createDirectory0(java.io.File)
nullptr E 09-25 22:56:51 10742 10742 jni_internal.cc:2677]      5: boolean java.io.UnixFileSystem.createFileExclusively0(java.lang.String)
nullptr E 09-25 22:56:51 10742 10742 jni_internal.cc:2677]      6: int java.io.UnixFileSystem.getBooleanAttributes0(java.lang.String)
nullptr E 09-25 22:56:51 10742 10742 jni_internal.cc:2677]      7: long java.io.UnixFileSystem.getLastModifiedTime0(java.io.File)
nullptr E 09-25 22:56:51 10742 10742 jni_internal.cc:2677]      8: long java.io.UnixFileSystem.getNameMax0(java.lang.String)
nullptr E 09-25 22:56:51 10742 10742 jni_internal.cc:2677]      9: long java.io.UnixFileSystem.getSpace0(java.io.File, int)
nullptr E 09-25 22:56:51 10742 10742 jni_internal.cc:2677]     10: void java.io.UnixFileSystem.initIDs()
nullptr E 09-25 22:56:51 10742 10742 jni_internal.cc:2677]     11: java.lang.String[] java.io.UnixFileSystem.list0(java.io.File)
nullptr E 09-25 22:56:51 10742 10742 jni_internal.cc:2677]     12: java.lang.String java.io.UnixFileSystem.parentOrNull(java.lang.String)
nullptr E 09-25 22:56:51 10742 10742 jni_internal.cc:2677]     13: boolean java.io.UnixFileSystem.setLastModifiedTime0(java.io.File, long)
nullptr E 09-25 22:56:51 10742 10742 jni_internal.cc:2677]     14: boolean java.io.UnixFileSystem.setPermission0(java.io.File, int, boolean, boolean)
nullptr E 09-25 22:56:51 10742 10742 jni_internal.cc:2677]     15: boolean java.io.UnixFileSystem.setReadOnly0(java.io.File)
nullptr E 09-25 22:56:51 10742 10742 jni_internal.cc:2677]   instance fields (6 entries):
nullptr E 09-25 22:56:51 10742 10742 jni_internal.cc:2677]      0: java.io.ExpiringCache java.io.UnixFileSystem.cache
nullptr E 09-25 22:56:51 10742 10742 jni_internal.cc:2677]      1: char java.io.UnixFileSystem.colon
nullptr E 09-25 22:56:51 10742 10742 jni_internal.cc:2677]      2: java.lang.String java.io.UnixFileSystem.javaHome
nullptr E 09-25 22:56:51 10742 10742 jni_internal.cc:2677]      3: java.io.ExpiringCache java.io.UnixFileSystem.javaHomePrefixCache
nullptr E 09-25 22:56:51 10742 10742 jni_internal.cc:2677]      4: char java.io.UnixFileSystem.slash
nullptr E 09-25 22:56:51 10742 10742 jni_internal.cc:2677]      5: java.lang.String java.io.UnixFileSystem.userDir
nullptr E 09-25 22:56:51 10742 10742 jni_internal.cc:2677] 
nullptr E 09-25 22:56:51 10742 10742 jni_internal.cc:2678] Failed to register native method java.io.UnixFileSystem.delete0(Ljava/io/File;)Z in /system/framework/core-oj.jar
nullptr E 09-25 22:56:51 10742 10742 jni_internal.cc:2677] ----- class 'Ljava/io/UnixFileSystem;' cl=0 -----
nullptr E 09-25 22:56:51 10742 10742 jni_internal.cc:2677]   objectSize=440 (166 from super)
nullptr E 09-25 22:56:51 10742 10742 jni_internal.cc:2677]   access=0x0040.0000
nullptr E 09-25 22:56:51 10742 10742 jni_internal.cc:2677]   super='java.lang.Class<java.io.FileSystem>' (cl=0)
nullptr E 09-25 22:56:51 10742 10742 jni_internal.cc:2677]   vtable (27 entries, 27 in super):
nullptr E 09-25 22:56:51 10742 10742 jni_internal.cc:2677]      0: java.lang.String java.io.UnixFileSystem.canonicalize(java.lang.String)
nullptr E 09-25 22:56:51 10742 10742 jni_internal.cc:2677]      1: boolean java.io.UnixFileSystem.checkAccess(java.io.File, int)
nullptr E 09-25 22:56:51 10742 10742 jni_internal.cc:2677]      2: int java.io.UnixFileSystem.compare(java.io.File, java.io.File)
nullptr E 09-25 22:56:51 10742 10742 jni_internal.cc:2677]      3: boolean java.io.UnixFileSystem.createDirectory(java.io.File)
nullptr E 09-25 22:56:51 10742 10742 jni_internal.cc:2677]      4: boolean java.io.UnixFileSystem.createFileExclusively(java.lang.String)
nullptr E 09-25 22:56:51 10742 10742 jni_internal.cc:2677]      5: boolean java.io.UnixFileSystem.delete(java.io.File)
nullptr E 09-25 22:56:51 10742 10742 jni_internal.cc:2677]      6: java.lang.String java.io.UnixFileSystem.fromURIPath(java.lang.String)
nullptr E 09-25 22:56:51 10742 10742 jni_internal.cc:2677]      7: int java.io.UnixFileSystem.getBooleanAttributes(java.io.File)
nullptr E 09-25 22:56:51 10742 10742 jni_internal.cc:2677]      8: java.lang.String java.io.UnixFileSystem.getDefaultParent()
nullptr E 09-25 22:56:51 10742 10742 jni_internal.cc:2677]      9: long java.io.UnixFileSystem.getLastModifiedTime(java.io.File)
nullptr E 09-25 22:56:51 10742 10742 jni_internal.cc:2677]     10: long java.io.UnixFileSystem.getLength(java.io.File)
nullptr E 09-25 22:56:51 10742 10742 jni_internal.cc:2677]     11: int java.io.UnixFileSystem.getNameMax(java.lang.String)
nullptr E 09-25 22:56:51 10742 10742 jni_internal.cc:2677]     12: char java.io.UnixFileSystem.getPathSeparator()
nullptr E 09-25 22:56:51 10742 10742 jni_internal.cc:2677]     13: char java.io.UnixFileSystem.getSeparator()
nullptr E 09-25 22:56:51 10742 10742 jni_internal.cc:2677]     14: long java.io.UnixFileSystem.getSpace(java.io.File, int)
nullptr E 09-25 22:56:51 10742 10742 jni_internal.cc:2677]     15: int java.io.UnixFileSystem.hashCode(java.io.File)
nullptr E 09-25 22:56:51 10742 10742 jni_internal.cc:2677]     16: boolean java.io.UnixFileSystem.isAbsolute(java.io.File)
nullptr E 09-25 22:56:51 10742 10742 jni_internal.cc:2677]     17: java.lang.String[] java.io.UnixFileSystem.list(java.io.File)
nullptr E 09-25 22:56:51 10742 10742 jni_internal.cc:2677]     18: java.io.File[] java.io.UnixFileSystem.listRoots()
nullptr E 09-25 22:56:51 10742 10742 jni_internal.cc:2677]     19: java.lang.String java.io.UnixFileSystem.normalize(java.lang.String)
nullptr E 09-25 22:56:51 10742 10742 jni_internal.cc:2677]     20: int java.io.UnixFileSystem.prefixLength(java.lang.String)
nullptr E 09-25 22:56:51 10742 10742 jni_internal.cc:2677]     21: boolean java.io.UnixFileSystem.rename(java.io.File, java.io.File)
nullptr E 09-25 22:56:51 10742 10742 jni_internal.cc:2677]     22: java.lang.String java.io.UnixFileSystem.resolve(java.io.File)
nullptr E 09-25 22:56:51 10742 10742 jni_internal.cc:2677]     23: java.lang.String java.io.UnixFileSystem.resolve(java.lang.String, java.lang.String)
nullptr E 09-25 22:56:51 10742 10742 jni_internal.cc:2677]     24: boolean java.io.UnixFileSystem.setLastModifiedTime(java.io.File, long)
nullptr E 09-25 22:56:51 10742 10742 jni_internal.cc:2677]     25: boolean java.io.UnixFileSystem.setPermission(java.io.File, int, boolean, boolean)
nullptr E 09-25 22:56:51 10742 10742 jni_internal.cc:2677]     26: boolean java.io.UnixFileSystem.setReadOnly(java.io.File)
nullptr E 09-25 22:56:51 10742 10742 jni_internal.cc:2677]   direct methods (16 entries):
nullptr E 09-25 22:56:51 10742 10742 jni_internal.cc:2677]      0: void java.io.UnixFileSystem.<clinit>()
nullptr E 09-25 22:56:51 10742 10742 jni_internal.cc:2677]      1: void java.io.UnixFileSystem.<init>()
nullptr E 09-25 22:56:51 10742 10742 jni_internal.cc:2677]      2: java.lang.String java.io.UnixFileSystem.canonicalize0(java.lang.String)
nullptr E 09-25 22:56:51 10742 10742 jni_internal.cc:2677]      3: java.lang.String java.io.UnixFileSystem.canonicalize0(java.lang.String, boolean)
nullptr E 09-25 22:56:51 10742 10742 jni_internal.cc:2677]      4: boolean java.io.UnixFileSystem.createDirectory0(java.io.File)
nullptr E 09-25 22:56:51 10742 10742 jni_internal.cc:2677]      5: boolean java.io.UnixFileSystem.createFileExclusively0(java.lang.String)
nullptr E 09-25 22:56:51 10742 10742 jni_internal.cc:2677]      6: int java.io.UnixFileSystem.getBooleanAttributes0(java.lang.String)
nullptr E 09-25 22:56:51 10742 10742 jni_internal.cc:2677]      7: long java.io.UnixFileSystem.getLastModifiedTime0(java.io.File)
nullptr E 09-25 22:56:51 10742 10742 jni_internal.cc:2677]      8: long java.io.UnixFileSystem.getNameMax0(java.lang.String)
nullptr E 09-25 22:56:51 10742 10742 jni_internal.cc:2677]      9: long java.io.UnixFileSystem.getSpace0(java.io.File, int)
nullptr E 09-25 22:56:51 10742 10742 jni_internal.cc:2677]     10: void java.io.UnixFileSystem.initIDs()
nullptr E 09-25 22:56:51 10742 10742 jni_internal.cc:2677]     11: java.lang.String[] java.io.UnixFileSystem.list0(java.io.File)
nullptr E 09-25 22:56:51 10742 10742 jni_internal.cc:2677]     12: java.lang.String java.io.UnixFileSystem.parentOrNull(java.lang.String)
nullptr E 09-25 22:56:51 10742 10742 jni_internal.cc:2677]     13: boolean java.io.UnixFileSystem.setLastModifiedTime0(java.io.File, long)
nullptr E 09-25 22:56:51 10742 10742 jni_internal.cc:2677]     14: boolean java.io.UnixFileSystem.setPermission0(java.io.File, int, boolean, boolean)
nullptr E 09-25 22:56:51 10742 10742 jni_internal.cc:2677]     15: boolean java.io.UnixFileSystem.setReadOnly0(java.io.File)
nullptr E 09-25 22:56:51 10742 10742 jni_internal.cc:2677]   instance fields (6 entries):
nullptr E 09-25 22:56:51 10742 10742 jni_internal.cc:2677]      0: java.io.ExpiringCache java.io.UnixFileSystem.cache
nullptr E 09-25 22:56:51 10742 10742 jni_internal.cc:2677]      1: char java.io.UnixFileSystem.colon
nullptr E 09-25 22:56:51 10742 10742 jni_internal.cc:2677]      2: java.lang.String java.io.UnixFileSystem.javaHome
nullptr E 09-25 22:56:51 10742 10742 jni_internal.cc:2677]      3: java.io.ExpiringCache java.io.UnixFileSystem.javaHomePrefixCache
nullptr E 09-25 22:56:51 10742 10742 jni_internal.cc:2677]      4: char java.io.UnixFileSystem.slash
nullptr E 09-25 22:56:51 10742 10742 jni_internal.cc:2677]      5: java.lang.String java.io.UnixFileSystem.userDir
nullptr E 09-25 22:56:51 10742 10742 jni_internal.cc:2677] 
nullptr E 09-25 22:56:51 10742 10742 jni_internal.cc:2678] Failed to register native method java.io.UnixFileSystem.rename0(Ljava/io/File;Ljava/io/File;)Z in /system/framework/core-oj.jar
nullptr E 09-25 22:56:51 10742 10742 jni_internal.cc:2677] ----- class 'Ljava/util/zip/ZipFile;' cl=0 -----
nullptr E 09-25 22:56:51 10742 10742 jni_internal.cc:2677]   objectSize=328 (224 from super)
nullptr E 09-25 22:56:51 10742 10742 jni_internal.cc:2677]   access=0x0000.0001
nullptr E 09-25 22:56:51 10742 10742 jni_internal.cc:2677]   super='java.lang.Class<java.lang.Object>' (cl=0)
nullptr E 09-25 22:56:51 10742 10742 jni_internal.cc:2677]   interfaces (2):
nullptr E 09-25 22:56:51 10742 10742 jni_internal.cc:2677]      0: java.lang.Class<java.util.zip.ZipConstants> (cl=0)
nullptr E 09-25 22:56:51 10742 10742 jni_internal.cc:2677]      1: java.lang.Class<java.io.Closeable> (cl=0)
nullptr E 09-25 22:56:51 10742 10742 jni_internal.cc:2677]   vtable (11 entries, 11 in super):
nullptr E 09-25 22:56:51 10742 10742 jni_internal.cc:2677]      0: void java.util.zip.ZipFile.close()
nullptr E 09-25 22:56:51 10742 10742 jni_internal.cc:2677]      1: java.util.Enumeration java.util.zip.ZipFile.entries()
nullptr E 09-25 22:56:51 10742 10742 jni_internal.cc:2677]      2: java.lang.String java.util.zip.ZipFile.getComment()
nullptr E 09-25 22:56:51 10742 10742 jni_internal.cc:2677]      3: java.util.zip.ZipEntry java.util.zip.ZipFile.getEntry(java.lang.String)
nullptr E 09-25 22:56:51 10742 10742 jni_internal.cc:2677]      4: java.io.InputStream java.util.zip.ZipFile.getInputStream(java.util.zip.ZipEntry)
nullptr E 09-25 22:56:51 10742 10742 jni_internal.cc:2677]      5: java.util.List java.util.zip.ZipFile.getManifestAndSignatureRelatedFiles()
nullptr E 09-25 22:56:51 10742 10742 jni_internal.cc:2677]      6: java.lang.String java.util.zip.ZipFile.getManifestName(boolean)
nullptr E 09-25 22:56:51 10742 10742 jni_internal.cc:2677]      7: java.lang.String java.util.zip.ZipFile.getName()
nullptr E 09-25 22:56:51 10742 10742 jni_internal.cc:2677]      8: int java.util.zip.ZipFile.size()
nullptr E 09-25 22:56:51 10742 10742 jni_internal.cc:2677]      9: boolean java.util.zip.ZipFile.startsWithLocHeader()
nullptr E 09-25 22:56:51 10742 10742 jni_internal.cc:2677]     10: java.util.stream.Stream java.util.zip.ZipFile.stream()
nullptr E 09-25 22:56:51 10742 10742 jni_internal.cc:2677]   direct methods (26 entries):
nullptr E 09-25 22:56:51 10742 10742 jni_internal.cc:2677]      0: java.util.jar.JarEntry java.util.zip.ZipFile.$r8$lambda$E6H00l6z3Lr623CYOBOGhMpxBB8(java.util.zip.ZipFile, int)
nullptr E 09-25 22:56:51 10742 10742 jni_internal.cc:2677]      1: java.lang.String java.util.zip.ZipFile.$r8$lambda$ZHaIYBAblJk1_wjJIK_woaEGYTE(java.util.zip.ZipFile, int)
nullptr E 09-25 22:56:51 10742 10742 jni_internal.cc:2677]      2: java.util.zip.ZipEntry java.util.zip.ZipFile.$r8$lambda$ezC-4OQ_M11WsQ9SZfXtPWcxf2w(java.util.zip.ZipFile, int)
nullptr E 09-25 22:56:51 10742 10742 jni_internal.cc:2677]      3: java.util.zip.ZipFile$CleanableResource java.util.zip.ZipFile.-$$Nest$fgetres(java.util.zip.ZipFile)
nullptr E 09-25 22:56:51 10742 10742 jni_internal.cc:2677]      4: void java.util.zip.ZipFile.-$$Nest$mensureOpen(java.util.zip.ZipFile)
nullptr E 09-25 22:56:51 10742 10742 jni_internal.cc:2677]      5: void java.util.zip.ZipFile.-$$Nest$mensureOpenOrZipException(java.util.zip.ZipFile)
nullptr E 09-25 22:56:51 10742 10742 jni_internal.cc:2677]      6: java.util.zip.ZipEntry java.util.zip.ZipFile.-$$Nest$mgetZipEntry(java.util.zip.ZipFile, java.lang.String, int)
nullptr E 09-25 22:56:51 10742 10742 jni_internal.cc:2677]      7: void java.util.zip.ZipFile.<init>(java.io.File)
nullptr E 09-25 22:56:51 10742 10742 jni_internal.cc:2677]      8: void java.util.zip.ZipFile.<init>(java.io.File, int)
nullptr E 09-25 22:56:51 10742 10742 jni_internal.cc:2677]      9: void java.util.zip.ZipFile.<init>(java.io.File, int, java.nio.charset.Charset)
nullptr E 09-25 22:56:51 10742 10742 jni_internal.cc:2677]     10: void java.util.zip.ZipFile.<init>(java.io.File, int, java.nio.charset.Charset, boolean)
nullptr E 09-25 22:56:51 10742 10742 jni_internal.cc:2677]     11: void java.util.zip.ZipFile.<init>(java.io.File, int, boolean)
nullptr E 09-25 22:56:51 10742 10742 jni_internal.cc:2677]     12: void java.util.zip.ZipFile.<init>(java.io.File, java.nio.charset.Charset)
nullptr E 09-25 22:56:51 10742 10742 jni_internal.cc:2677]     13: void java.util.zip.ZipFile.<init>(java.lang.String)
nullptr E 09-25 22:56:51 10742 10742 jni_internal.cc:2677]     14: void java.util.zip.ZipFile.<init>(java.lang.String, java.nio.charset.Charset)
nullptr E 09-25 22:56:51 10742 10742 jni_internal.cc:2677]     15: void java.util.zip.ZipFile.ensureOpen()
nullptr E 09-25 22:56:51 10742 10742 jni_internal.cc:2677]     16: void java.util.zip.ZipFile.ensureOpenOrZipException()
nullptr E 09-25 22:56:51 10742 10742 jni_internal.cc:2677]     17: java.util.stream.Stream java.util.zip.ZipFile.entryNameStream()
nullptr E 09-25 22:56:51 10742 10742 jni_internal.cc:2677]     18: java.lang.String java.util.zip.ZipFile.getEntryName(int)
nullptr E 09-25 22:56:51 10742 10742 jni_internal.cc:2677]     19: int java.util.zip.ZipFile.getManifestNum()
nullptr E 09-25 22:56:51 10742 10742 jni_internal.cc:2677]     20: int[] java.util.zip.ZipFile.getMetaInfVersions()
nullptr E 09-25 22:56:51 10742 10742 jni_internal.cc:2677]     21: java.util.zip.ZipEntry java.util.zip.ZipFile.getZipEntry(java.lang.String, int)
nullptr E 09-25 22:56:51 10742 10742 jni_internal.cc:2677]     22: java.util.Enumeration java.util.zip.ZipFile.jarEntries()
nullptr E 09-25 22:56:51 10742 10742 jni_internal.cc:2677]     23: java.util.stream.Stream java.util.zip.ZipFile.jarStream()
nullptr E 09-25 22:56:51 10742 10742 jni_internal.cc:2677]     24: java.util.jar.JarEntry java.util.zip.ZipFile.lambda$jarStream$1(int)
nullptr E 09-25 22:56:51 10742 10742 jni_internal.cc:2677]     25: java.util.zip.ZipEntry java.util.zip.ZipFile.lambda$stream$0(int)
nullptr E 09-25 22:56:51 10742 10742 jni_internal.cc:2677]   static fields (4 entries):
nullptr E 09-25 22:56:51 10742 10742 jni_internal.cc:2677]      0: int java.util.zip.ZipFile.DEFLATED
nullptr E 09-25 22:56:51 10742 10742 jni_internal.cc:2677]      1: int java.util.zip.ZipFile.OPEN_DELETE
nullptr E 09-25 22:56:51 10742 10742 jni_internal.cc:2677]      2: int java.util.zip.ZipFile.OPEN_READ
nullptr E 09-25 22:56:51 10742 10742 jni_internal.cc:2677]      3: int java.util.zip.ZipFile.STORED
nullptr E 09-25 22:56:51 10742 10742 jni_internal.cc:2677]   instance fields (6 entries):
nullptr E 09-25 22:56:51 10742 10742 jni_internal.cc:2677]      0: boolean java.util.zip.ZipFile.closeRequested
nullptr E 09-25 22:56:51 10742 10742 jni_internal.cc:2677]      1: dalvik.system.CloseGuard java.util.zip.ZipFile.guard
nullptr E 09-25 22:56:51 10742 10742 jni_internal.cc:2677]      2: java.lang.String java.util.zip.ZipFile.lastEntryName
nullptr E 09-25 22:56:51 10742 10742 jni_internal.cc:2677]      3: int java.util.zip.ZipFile.lastEntryPos
nullptr E 09-25 22:56:51 10742 10742 jni_internal.cc:2677]      4: java.lang.String java.util.zip.ZipFile.name
nullptr E 09-25 22:56:51 10742 10742 jni_internal.cc:2677]      5: java.util.zip.ZipFile$CleanableResource java.util.zip.ZipFile.res
nullptr E 09-25 22:56:51 10742 10742 jni_internal.cc:2677] 
nullptr E 09-25 22:56:51 10742 10742 jni_internal.cc:2678] Failed to register native method java.util.zip.ZipFile.open(Ljava/lang/String;IJZ)J in /system/framework/core-oj.jar
nullptr E 09-25 22:56:51 10742 10742 jni_internal.cc:2677] ----- class 'Ljava/util/zip/ZipFile;' cl=0 -----
nullptr E 09-25 22:56:51 10742 10742 jni_internal.cc:2677]   objectSize=328 (224 from super)
nullptr E 09-25 22:56:51 10742 10742 jni_internal.cc:2677]   access=0x0000.0001
nullptr E 09-25 22:56:51 10742 10742 jni_internal.cc:2677]   super='java.lang.Class<java.lang.Object>' (cl=0)
nullptr E 09-25 22:56:51 10742 10742 jni_internal.cc:2677]   interfaces (2):
nullptr E 09-25 22:56:51 10742 10742 jni_internal.cc:2677]      0: java.lang.Class<java.util.zip.ZipConstants> (cl=0)
nullptr E 09-25 22:56:51 10742 10742 jni_internal.cc:2677]      1: java.lang.Class<java.io.Closeable> (cl=0)
nullptr E 09-25 22:56:51 10742 10742 jni_internal.cc:2677]   vtable (11 entries, 11 in super):
nullptr E 09-25 22:56:51 10742 10742 jni_internal.cc:2677]      0: void java.util.zip.ZipFile.close()
nullptr E 09-25 22:56:51 10742 10742 jni_internal.cc:2677]      1: java.util.Enumeration java.util.zip.ZipFile.entries()
nullptr E 09-25 22:56:51 10742 10742 jni_internal.cc:2677]      2: java.lang.String java.util.zip.ZipFile.getComment()
nullptr E 09-25 22:56:51 10742 10742 jni_internal.cc:2677]      3: java.util.zip.ZipEntry java.util.zip.ZipFile.getEntry(java.lang.String)
nullptr E 09-25 22:56:51 10742 10742 jni_internal.cc:2677]      4: java.io.InputStream java.util.zip.ZipFile.getInputStream(java.util.zip.ZipEntry)
nullptr E 09-25 22:56:51 10742 10742 jni_internal.cc:2677]      5: java.util.List java.util.zip.ZipFile.getManifestAndSignatureRelatedFiles()
nullptr E 09-25 22:56:51 10742 10742 jni_internal.cc:2677]      6: java.lang.String java.util.zip.ZipFile.getManifestName(boolean)
nullptr E 09-25 22:56:51 10742 10742 jni_internal.cc:2677]      7: java.lang.String java.util.zip.ZipFile.getName()
nullptr E 09-25 22:56:51 10742 10742 jni_internal.cc:2677]      8: int java.util.zip.ZipFile.size()
nullptr E 09-25 22:56:51 10742 10742 jni_internal.cc:2677]      9: boolean java.util.zip.ZipFile.startsWithLocHeader()
nullptr E 09-25 22:56:51 10742 10742 jni_internal.cc:2677]     10: java.util.stream.Stream java.util.zip.ZipFile.stream()
nullptr E 09-25 22:56:51 10742 10742 jni_internal.cc:2677]   direct methods (26 entries):
nullptr E 09-25 22:56:51 10742 10742 jni_internal.cc:2677]      0: java.util.jar.JarEntry java.util.zip.ZipFile.$r8$lambda$E6H00l6z3Lr623CYOBOGhMpxBB8(java.util.zip.ZipFile, int)
nullptr E 09-25 22:56:51 10742 10742 jni_internal.cc:2677]      1: java.lang.String java.util.zip.ZipFile.$r8$lambda$ZHaIYBAblJk1_wjJIK_woaEGYTE(java.util.zip.ZipFile, int)
nullptr E 09-25 22:56:51 10742 10742 jni_internal.cc:2677]      2: java.util.zip.ZipEntry java.util.zip.ZipFile.$r8$lambda$ezC-4OQ_M11WsQ9SZfXtPWcxf2w(java.util.zip.ZipFile, int)
nullptr E 09-25 22:56:51 10742 10742 jni_internal.cc:2677]      3: java.util.zip.ZipFile$CleanableResource java.util.zip.ZipFile.-$$Nest$fgetres(java.util.zip.ZipFile)
nullptr E 09-25 22:56:51 10742 10742 jni_internal.cc:2677]      4: void java.util.zip.ZipFile.-$$Nest$mensureOpen(java.util.zip.ZipFile)
nullptr E 09-25 22:56:51 10742 10742 jni_internal.cc:2677]      5: void java.util.zip.ZipFile.-$$Nest$mensureOpenOrZipException(java.util.zip.ZipFile)
nullptr E 09-25 22:56:51 10742 10742 jni_internal.cc:2677]      6: java.util.zip.ZipEntry java.util.zip.ZipFile.-$$Nest$mgetZipEntry(java.util.zip.ZipFile, java.lang.String, int)
nullptr E 09-25 22:56:51 10742 10742 jni_internal.cc:2677]      7: void java.util.zip.ZipFile.<init>(java.io.File)
nullptr E 09-25 22:56:51 10742 10742 jni_internal.cc:2677]      8: void java.util.zip.ZipFile.<init>(java.io.File, int)
nullptr E 09-25 22:56:51 10742 10742 jni_internal.cc:2677]      9: void java.util.zip.ZipFile.<init>(java.io.File, int, java.nio.charset.Charset)
nullptr E 09-25 22:56:51 10742 10742 jni_internal.cc:2677]     10: void java.util.zip.ZipFile.<init>(java.io.File, int, java.nio.charset.Charset, boolean)
nullptr E 09-25 22:56:51 10742 10742 jni_internal.cc:2677]     11: void java.util.zip.ZipFile.<init>(java.io.File, int, boolean)
nullptr E 09-25 22:56:51 10742 10742 jni_internal.cc:2677]     12: void java.util.zip.ZipFile.<init>(java.io.File, java.nio.charset.Charset)
nullptr E 09-25 22:56:51 10742 10742 jni_internal.cc:2677]     13: void java.util.zip.ZipFile.<init>(java.lang.String)
nullptr E 09-25 22:56:51 10742 10742 jni_internal.cc:2677]     14: void java.util.zip.ZipFile.<init>(java.lang.String, java.nio.charset.Charset)
nullptr E 09-25 22:56:51 10742 10742 jni_internal.cc:2677]     15: void java.util.zip.ZipFile.ensureOpen()
nullptr E 09-25 22:56:51 10742 10742 jni_internal.cc:2677]     16: void java.util.zip.ZipFile.ensureOpenOrZipException()
nullptr E 09-25 22:56:51 10742 10742 jni_internal.cc:2677]     17: java.util.stream.Stream java.util.zip.ZipFile.entryNameStream()
nullptr E 09-25 22:56:51 10742 10742 jni_internal.cc:2677]     18: java.lang.String java.util.zip.ZipFile.getEntryName(int)
nullptr E 09-25 22:56:51 10742 10742 jni_internal.cc:2677]     19: int java.util.zip.ZipFile.getManifestNum()
nullptr E 09-25 22:56:51 10742 10742 jni_internal.cc:2677]     20: int[] java.util.zip.ZipFile.getMetaInfVersions()
nullptr E 09-25 22:56:51 10742 10742 jni_internal.cc:2677]     21: java.util.zip.ZipEntry java.util.zip.ZipFile.getZipEntry(java.lang.String, int)
nullptr E 09-25 22:56:51 10742 10742 jni_internal.cc:2677]     22: java.util.Enumeration java.util.zip.ZipFile.jarEntries()
nullptr E 09-25 22:56:51 10742 10742 jni_internal.cc:2677]     23: java.util.stream.Stream java.util.zip.ZipFile.jarStream()
nullptr E 09-25 22:56:51 10742 10742 jni_internal.cc:2677]     24: java.util.jar.JarEntry java.util.zip.ZipFile.lambda$jarStream$1(int)
nullptr E 09-25 22:56:51 10742 10742 jni_internal.cc:2677]     25: java.util.zip.ZipEntry java.util.zip.ZipFile.lambda$stream$0(int)
nullptr E 09-25 22:56:51 10742 10742 jni_internal.cc:2677]   static fields (4 entries):
nullptr E 09-25 22:56:51 10742 10742 jni_internal.cc:2677]      0: int java.util.zip.ZipFile.DEFLATED
nullptr E 09-25 22:56:51 10742 10742 jni_internal.cc:2677]      1: int java.util.zip.ZipFile.OPEN_DELETE
nullptr E 09-25 22:56:51 10742 10742 jni_internal.cc:2677]      2: int java.util.zip.ZipFile.OPEN_READ
nullptr E 09-25 22:56:51 10742 10742 jni_internal.cc:2677]      3: int java.util.zip.ZipFile.STORED
nullptr E 09-25 22:56:51 10742 10742 jni_internal.cc:2677]   instance fields (6 entries):
nullptr E 09-25 22:56:51 10742 10742 jni_internal.cc:2677]      0: boolean java.util.zip.ZipFile.closeRequested
nullptr E 09-25 22:56:51 10742 10742 jni_internal.cc:2677]      1: dalvik.system.CloseGuard java.util.zip.ZipFile.guard
nullptr E 09-25 22:56:51 10742 10742 jni_internal.cc:2677]      2: java.lang.String java.util.zip.ZipFile.lastEntryName
nullptr E 09-25 22:56:51 10742 10742 jni_internal.cc:2677]      3: int java.util.zip.ZipFile.lastEntryPos
nullptr E 09-25 22:56:51 10742 10742 jni_internal.cc:2677]      4: java.lang.String java.util.zip.ZipFile.name
nullptr E 09-25 22:56:51 10742 10742 jni_internal.cc:2677]      5: java.util.zip.ZipFile$CleanableResource java.util.zip.ZipFile.res
nullptr E 09-25 22:56:51 10742 10742 jni_internal.cc:2677] 
nullptr E 09-25 22:56:51 10742 10742 jni_internal.cc:2678] Failed to register native method java.util.zip.ZipFile.close(J)V in /system/framework/core-oj.jar
nullptr E 09-25 22:56:51 10742 10742 jni_internal.cc:2677] ----- class 'Ljava/util/zip/ZipFile;' cl=0 -----
nullptr E 09-25 22:56:51 10742 10742 jni_internal.cc:2677]   objectSize=328 (224 from super)
nullptr E 09-25 22:56:51 10742 10742 jni_internal.cc:2677]   access=0x0000.0001
nullptr E 09-25 22:56:51 10742 10742 jni_internal.cc:2677]   super='java.lang.Class<java.lang.Object>' (cl=0)
nullptr E 09-25 22:56:51 10742 10742 jni_internal.cc:2677]   interfaces (2):
nullptr E 09-25 22:56:51 10742 10742 jni_internal.cc:2677]      0: java.lang.Class<java.util.zip.ZipConstants> (cl=0)
nullptr E 09-25 22:56:51 10742 10742 jni_internal.cc:2677]      1: java.lang.Class<java.io.Closeable> (cl=0)
nullptr E 09-25 22:56:51 10742 10742 jni_internal.cc:2677]   vtable (11 entries, 11 in super):
nullptr E 09-25 22:56:51 10742 10742 jni_internal.cc:2677]      0: void java.util.zip.ZipFile.close()
nullptr E 09-25 22:56:51 10742 10742 jni_internal.cc:2677]      1: java.util.Enumeration java.util.zip.ZipFile.entries()
nullptr E 09-25 22:56:51 10742 10742 jni_internal.cc:2677]      2: java.lang.String java.util.zip.ZipFile.getComment()
nullptr E 09-25 22:56:51 10742 10742 jni_internal.cc:2677]      3: java.util.zip.ZipEntry java.util.zip.ZipFile.getEntry(java.lang.String)
nullptr E 09-25 22:56:51 10742 10742 jni_internal.cc:2677]      4: java.io.InputStream java.util.zip.ZipFile.getInputStream(java.util.zip.ZipEntry)
nullptr E 09-25 22:56:51 10742 10742 jni_internal.cc:2677]      5: java.util.List java.util.zip.ZipFile.getManifestAndSignatureRelatedFiles()
nullptr E 09-25 22:56:51 10742 10742 jni_internal.cc:2677]      6: java.lang.String java.util.zip.ZipFile.getManifestName(boolean)
nullptr E 09-25 22:56:51 10742 10742 jni_internal.cc:2677]      7: java.lang.String java.util.zip.ZipFile.getName()
nullptr E 09-25 22:56:51 10742 10742 jni_internal.cc:2677]      8: int java.util.zip.ZipFile.size()
nullptr E 09-25 22:56:51 10742 10742 jni_internal.cc:2677]      9: boolean java.util.zip.ZipFile.startsWithLocHeader()
nullptr E 09-25 22:56:51 10742 10742 jni_internal.cc:2677]     10: java.util.stream.Stream java.util.zip.ZipFile.stream()
nullptr E 09-25 22:56:51 10742 10742 jni_internal.cc:2677]   direct methods (26 entries):
nullptr E 09-25 22:56:51 10742 10742 jni_internal.cc:2677]      0: java.util.jar.JarEntry java.util.zip.ZipFile.$r8$lambda$E6H00l6z3Lr623CYOBOGhMpxBB8(java.util.zip.ZipFile, int)
nullptr E 09-25 22:56:51 10742 10742 jni_internal.cc:2677]      1: java.lang.String java.util.zip.ZipFile.$r8$lambda$ZHaIYBAblJk1_wjJIK_woaEGYTE(java.util.zip.ZipFile, int)
nullptr E 09-25 22:56:51 10742 10742 jni_internal.cc:2677]      2: java.util.zip.ZipEntry java.util.zip.ZipFile.$r8$lambda$ezC-4OQ_M11WsQ9SZfXtPWcxf2w(java.util.zip.ZipFile, int)
nullptr E 09-25 22:56:51 10742 10742 jni_internal.cc:2677]      3: java.util.zip.ZipFile$CleanableResource java.util.zip.ZipFile.-$$Nest$fgetres(java.util.zip.ZipFile)
nullptr E 09-25 22:56:51 10742 10742 jni_internal.cc:2677]      4: void java.util.zip.ZipFile.-$$Nest$mensureOpen(java.util.zip.ZipFile)
nullptr E 09-25 22:56:51 10742 10742 jni_internal.cc:2677]      5: void java.util.zip.ZipFile.-$$Nest$mensureOpenOrZipException(java.util.zip.ZipFile)
nullptr E 09-25 22:56:51 10742 10742 jni_internal.cc:2677]      6: java.util.zip.ZipEntry java.util.zip.ZipFile.-$$Nest$mgetZipEntry(java.util.zip.ZipFile, java.lang.String, int)
nullptr E 09-25 22:56:51 10742 10742 jni_internal.cc:2677]      7: void java.util.zip.ZipFile.<init>(java.io.File)
nullptr E 09-25 22:56:51 10742 10742 jni_internal.cc:2677]      8: void java.util.zip.ZipFile.<init>(java.io.File, int)
nullptr E 09-25 22:56:51 10742 10742 jni_internal.cc:2677]      9: void java.util.zip.ZipFile.<init>(java.io.File, int, java.nio.charset.Charset)
nullptr E 09-25 22:56:51 10742 10742 jni_internal.cc:2677]     10: void java.util.zip.ZipFile.<init>(java.io.File, int, java.nio.charset.Charset, boolean)
nullptr E 09-25 22:56:51 10742 10742 jni_internal.cc:2677]     11: void java.util.zip.ZipFile.<init>(java.io.File, int, boolean)
nullptr E 09-25 22:56:51 10742 10742 jni_internal.cc:2677]     12: void java.util.zip.ZipFile.<init>(java.io.File, java.nio.charset.Charset)
nullptr E 09-25 22:56:51 10742 10742 jni_internal.cc:2677]     13: void java.util.zip.ZipFile.<init>(java.lang.String)
nullptr E 09-25 22:56:51 10742 10742 jni_internal.cc:2677]     14: void java.util.zip.ZipFile.<init>(java.lang.String, java.nio.charset.Charset)
nullptr E 09-25 22:56:51 10742 10742 jni_internal.cc:2677]     15: void java.util.zip.ZipFile.ensureOpen()
nullptr E 09-25 22:56:51 10742 10742 jni_internal.cc:2677]     16: void java.util.zip.ZipFile.ensureOpenOrZipException()
nullptr E 09-25 22:56:51 10742 10742 jni_internal.cc:2677]     17: java.util.stream.Stream java.util.zip.ZipFile.entryNameStream()
nullptr E 09-25 22:56:51 10742 10742 jni_internal.cc:2677]     18: java.lang.String java.util.zip.ZipFile.getEntryName(int)
nullptr E 09-25 22:56:51 10742 10742 jni_internal.cc:2677]     19: int java.util.zip.ZipFile.getManifestNum()
nullptr E 09-25 22:56:51 10742 10742 jni_internal.cc:2677]     20: int[] java.util.zip.ZipFile.getMetaInfVersions()
nullptr E 09-25 22:56:51 10742 10742 jni_internal.cc:2677]     21: java.util.zip.ZipEntry java.util.zip.ZipFile.getZipEntry(java.lang.String, int)
nullptr E 09-25 22:56:51 10742 10742 jni_internal.cc:2677]     22: java.util.Enumeration java.util.zip.ZipFile.jarEntries()
nullptr E 09-25 22:56:51 10742 10742 jni_internal.cc:2677]     23: java.util.stream.Stream java.util.zip.ZipFile.jarStream()
nullptr E 09-25 22:56:51 10742 10742 jni_internal.cc:2677]     24: java.util.jar.JarEntry java.util.zip.ZipFile.lambda$jarStream$1(int)
nullptr E 09-25 22:56:51 10742 10742 jni_internal.cc:2677]     25: java.util.zip.ZipEntry java.util.zip.ZipFile.lambda$stream$0(int)
nullptr E 09-25 22:56:51 10742 10742 jni_internal.cc:2677]   static fields (4 entries):
nullptr E 09-25 22:56:51 10742 10742 jni_internal.cc:2677]      0: int java.util.zip.ZipFile.DEFLATED
nullptr E 09-25 22:56:51 10742 10742 jni_internal.cc:2677]      1: int java.util.zip.ZipFile.OPEN_DELETE
nullptr E 09-25 22:56:51 10742 10742 jni_internal.cc:2677]      2: int java.util.zip.ZipFile.OPEN_READ
nullptr E 09-25 22:56:51 10742 10742 jni_internal.cc:2677]      3: int java.util.zip.ZipFile.STORED
nullptr E 09-25 22:56:51 10742 10742 jni_internal.cc:2677]   instance fields (6 entries):
nullptr E 09-25 22:56:51 10742 10742 jni_internal.cc:2677]      0: boolean java.util.zip.ZipFile.closeRequested
nullptr E 09-25 22:56:51 10742 10742 jni_internal.cc:2677]      1: dalvik.system.CloseGuard java.util.zip.ZipFile.guard
nullptr E 09-25 22:56:51 10742 10742 jni_internal.cc:2677]      2: java.lang.String java.util.zip.ZipFile.lastEntryName
nullptr E 09-25 22:56:51 10742 10742 jni_internal.cc:2677]      3: int java.util.zip.ZipFile.lastEntryPos
nullptr E 09-25 22:56:51 10742 10742 jni_internal.cc:2677]      4: java.lang.String java.util.zip.ZipFile.name
nullptr E 09-25 22:56:51 10742 10742 jni_internal.cc:2677]      5: java.util.zip.ZipFile$CleanableResource java.util.zip.ZipFile.res
nullptr E 09-25 22:56:51 10742 10742 jni_internal.cc:2677] 
nullptr E 09-25 22:56:51 10742 10742 jni_internal.cc:2678] Failed to register native method java.util.zip.ZipFile.getTotal(J)I in /system/framework/core-oj.jar
nullptr E 09-25 22:56:51 10742 10742 jni_internal.cc:2677] ----- class 'Ljava/util/zip/ZipFile;' cl=0 -----
nullptr E 09-25 22:56:51 10742 10742 jni_internal.cc:2677]   objectSize=328 (224 from super)
nullptr E 09-25 22:56:51 10742 10742 jni_internal.cc:2677]   access=0x0000.0001
nullptr E 09-25 22:56:51 10742 10742 jni_internal.cc:2677]   super='java.lang.Class<java.lang.Object>' (cl=0)
nullptr E 09-25 22:56:51 10742 10742 jni_internal.cc:2677]   interfaces (2):
nullptr E 09-25 22:56:51 10742 10742 jni_internal.cc:2677]      0: java.lang.Class<java.util.zip.ZipConstants> (cl=0)
nullptr E 09-25 22:56:51 10742 10742 jni_internal.cc:2677]      1: java.lang.Class<java.io.Closeable> (cl=0)
nullptr E 09-25 22:56:51 10742 10742 jni_internal.cc:2677]   vtable (11 entries, 11 in super):
nullptr E 09-25 22:56:51 10742 10742 jni_internal.cc:2677]      0: void java.util.zip.ZipFile.close()
nullptr E 09-25 22:56:51 10742 10742 jni_internal.cc:2677]      1: java.util.Enumeration java.util.zip.ZipFile.entries()
nullptr E 09-25 22:56:51 10742 10742 jni_internal.cc:2677]      2: java.lang.String java.util.zip.ZipFile.getComment()
nullptr E 09-25 22:56:51 10742 10742 jni_internal.cc:2677]      3: java.util.zip.ZipEntry java.util.zip.ZipFile.getEntry(java.lang.String)
nullptr E 09-25 22:56:51 10742 10742 jni_internal.cc:2677]      4: java.io.InputStream java.util.zip.ZipFile.getInputStream(java.util.zip.ZipEntry)
nullptr E 09-25 22:56:51 10742 10742 jni_internal.cc:2677]      5: java.util.List java.util.zip.ZipFile.getManifestAndSignatureRelatedFiles()
nullptr E 09-25 22:56:51 10742 10742 jni_internal.cc:2677]      6: java.lang.String java.util.zip.ZipFile.getManifestName(boolean)
nullptr E 09-25 22:56:51 10742 10742 jni_internal.cc:2677]      7: java.lang.String java.util.zip.ZipFile.getName()
nullptr E 09-25 22:56:51 10742 10742 jni_internal.cc:2677]      8: int java.util.zip.ZipFile.size()
nullptr E 09-25 22:56:51 10742 10742 jni_internal.cc:2677]      9: boolean java.util.zip.ZipFile.startsWithLocHeader()
nullptr E 09-25 22:56:51 10742 10742 jni_internal.cc:2677]     10: java.util.stream.Stream java.util.zip.ZipFile.stream()
nullptr E 09-25 22:56:51 10742 10742 jni_internal.cc:2677]   direct methods (26 entries):
nullptr E 09-25 22:56:51 10742 10742 jni_internal.cc:2677]      0: java.util.jar.JarEntry java.util.zip.ZipFile.$r8$lambda$E6H00l6z3Lr623CYOBOGhMpxBB8(java.util.zip.ZipFile, int)
nullptr E 09-25 22:56:51 10742 10742 jni_internal.cc:2677]      1: java.lang.String java.util.zip.ZipFile.$r8$lambda$ZHaIYBAblJk1_wjJIK_woaEGYTE(java.util.zip.ZipFile, int)
nullptr E 09-25 22:56:51 10742 10742 jni_internal.cc:2677]      2: java.util.zip.ZipEntry java.util.zip.ZipFile.$r8$lambda$ezC-4OQ_M11WsQ9SZfXtPWcxf2w(java.util.zip.ZipFile, int)
nullptr E 09-25 22:56:51 10742 10742 jni_internal.cc:2677]      3: java.util.zip.ZipFile$CleanableResource java.util.zip.ZipFile.-$$Nest$fgetres(java.util.zip.ZipFile)
nullptr E 09-25 22:56:51 10742 10742 jni_internal.cc:2677]      4: void java.util.zip.ZipFile.-$$Nest$mensureOpen(java.util.zip.ZipFile)
nullptr E 09-25 22:56:51 10742 10742 jni_internal.cc:2677]      5: void java.util.zip.ZipFile.-$$Nest$mensureOpenOrZipException(java.util.zip.ZipFile)
nullptr E 09-25 22:56:51 10742 10742 jni_internal.cc:2677]      6: java.util.zip.ZipEntry java.util.zip.ZipFile.-$$Nest$mgetZipEntry(java.util.zip.ZipFile, java.lang.String, int)
nullptr E 09-25 22:56:51 10742 10742 jni_internal.cc:2677]      7: void java.util.zip.ZipFile.<init>(java.io.File)
nullptr E 09-25 22:56:51 10742 10742 jni_internal.cc:2677]      8: void java.util.zip.ZipFile.<init>(java.io.File, int)
nullptr E 09-25 22:56:51 10742 10742 jni_internal.cc:2677]      9: void java.util.zip.ZipFile.<init>(java.io.File, int, java.nio.charset.Charset)
nullptr E 09-25 22:56:51 10742 10742 jni_internal.cc:2677]     10: void java.util.zip.ZipFile.<init>(java.io.File, int, java.nio.charset.Charset, boolean)
nullptr E 09-25 22:56:51 10742 10742 jni_internal.cc:2677]     11: void java.util.zip.ZipFile.<init>(java.io.File, int, boolean)
nullptr E 09-25 22:56:51 10742 10742 jni_internal.cc:2677]     12: void java.util.zip.ZipFile.<init>(java.io.File, java.nio.charset.Charset)
nullptr E 09-25 22:56:51 10742 10742 jni_internal.cc:2677]     13: void java.util.zip.ZipFile.<init>(java.lang.String)
nullptr E 09-25 22:56:51 10742 10742 jni_internal.cc:2677]     14: void java.util.zip.ZipFile.<init>(java.lang.String, java.nio.charset.Charset)
nullptr E 09-25 22:56:51 10742 10742 jni_internal.cc:2677]     15: void java.util.zip.ZipFile.ensureOpen()
nullptr E 09-25 22:56:51 10742 10742 jni_internal.cc:2677]     16: void java.util.zip.ZipFile.ensureOpenOrZipException()
nullptr E 09-25 22:56:51 10742 10742 jni_internal.cc:2677]     17: java.util.stream.Stream java.util.zip.ZipFile.entryNameStream()
nullptr E 09-25 22:56:51 10742 10742 jni_internal.cc:2677]     18: java.lang.String java.util.zip.ZipFile.getEntryName(int)
nullptr E 09-25 22:56:51 10742 10742 jni_internal.cc:2677]     19: int java.util.zip.ZipFile.getManifestNum()
nullptr E 09-25 22:56:51 10742 10742 jni_internal.cc:2677]     20: int[] java.util.zip.ZipFile.getMetaInfVersions()
nullptr E 09-25 22:56:51 10742 10742 jni_internal.cc:2677]     21: java.util.zip.ZipEntry java.util.zip.ZipFile.getZipEntry(java.lang.String, int)
nullptr E 09-25 22:56:51 10742 10742 jni_internal.cc:2677]     22: java.util.Enumeration java.util.zip.ZipFile.jarEntries()
nullptr E 09-25 22:56:51 10742 10742 jni_internal.cc:2677]     23: java.util.stream.Stream java.util.zip.ZipFile.jarStream()
nullptr E 09-25 22:56:51 10742 10742 jni_internal.cc:2677]     24: java.util.jar.JarEntry java.util.zip.ZipFile.lambda$jarStream$1(int)
nullptr E 09-25 22:56:51 10742 10742 jni_internal.cc:2677]     25: java.util.zip.ZipEntry java.util.zip.ZipFile.lambda$stream$0(int)
nullptr E 09-25 22:56:51 10742 10742 jni_internal.cc:2677]   static fields (4 entries):
nullptr E 09-25 22:56:51 10742 10742 jni_internal.cc:2677]      0: int java.util.zip.ZipFile.DEFLATED
nullptr E 09-25 22:56:51 10742 10742 jni_internal.cc:2677]      1: int java.util.zip.ZipFile.OPEN_DELETE
nullptr E 09-25 22:56:51 10742 10742 jni_internal.cc:2677]      2: int java.util.zip.ZipFile.OPEN_READ
nullptr E 09-25 22:56:51 10742 10742 jni_internal.cc:2677]      3: int java.util.zip.ZipFile.STORED
nullptr E 09-25 22:56:51 10742 10742 jni_internal.cc:2677]   instance fields (6 entries):
nullptr E 09-25 22:56:51 10742 10742 jni_internal.cc:2677]      0: boolean java.util.zip.ZipFile.closeRequested
nullptr E 09-25 22:56:51 10742 10742 jni_internal.cc:2677]      1: dalvik.system.CloseGuard java.util.zip.ZipFile.guard
nullptr E 09-25 22:56:51 10742 10742 jni_internal.cc:2677]      2: java.lang.String java.util.zip.ZipFile.lastEntryName
nullptr E 09-25 22:56:51 10742 10742 jni_internal.cc:2677]      3: int java.util.zip.ZipFile.lastEntryPos
nullptr E 09-25 22:56:51 10742 10742 jni_internal.cc:2677]      4: java.lang.String java.util.zip.ZipFile.name
nullptr E 09-25 22:56:51 10742 10742 jni_internal.cc:2677]      5: java.util.zip.ZipFile$CleanableResource java.util.zip.ZipFile.res
nullptr E 09-25 22:56:51 10742 10742 jni_internal.cc:2677] 
nullptr E 09-25 22:56:51 10742 10742 jni_internal.cc:2678] Failed to register native method java.util.zip.ZipFile.getEntry(J[BZ)J in /system/framework/core-oj.jar
nullptr E 09-25 22:56:51 10742 10742 jni_internal.cc:2677] ----- class 'Ljava/util/zip/ZipFile;' cl=0 -----
nullptr E 09-25 22:56:51 10742 10742 jni_internal.cc:2677]   objectSize=328 (224 from super)
nullptr E 09-25 22:56:51 10742 10742 jni_internal.cc:2677]   access=0x0000.0001
nullptr E 09-25 22:56:51 10742 10742 jni_internal.cc:2677]   super='java.lang.Class<java.lang.Object>' (cl=0)
nullptr E 09-25 22:56:51 10742 10742 jni_internal.cc:2677]   interfaces (2):
nullptr E 09-25 22:56:51 10742 10742 jni_internal.cc:2677]      0: java.lang.Class<java.util.zip.ZipConstants> (cl=0)
nullptr E 09-25 22:56:51 10742 10742 jni_internal.cc:2677]      1: java.lang.Class<java.io.Closeable> (cl=0)
nullptr E 09-25 22:56:51 10742 10742 jni_internal.cc:2677]   vtable (11 entries, 11 in super):
nullptr E 09-25 22:56:51 10742 10742 jni_internal.cc:2677]      0: void java.util.zip.ZipFile.close()
nullptr E 09-25 22:56:51 10742 10742 jni_internal.cc:2677]      1: java.util.Enumeration java.util.zip.ZipFile.entries()
nullptr E 09-25 22:56:51 10742 10742 jni_internal.cc:2677]      2: java.lang.String java.util.zip.ZipFile.getComment()
nullptr E 09-25 22:56:51 10742 10742 jni_internal.cc:2677]      3: java.util.zip.ZipEntry java.util.zip.ZipFile.getEntry(java.lang.String)
nullptr E 09-25 22:56:51 10742 10742 jni_internal.cc:2677]      4: java.io.InputStream java.util.zip.ZipFile.getInputStream(java.util.zip.ZipEntry)
nullptr E 09-25 22:56:51 10742 10742 jni_internal.cc:2677]      5: java.util.List java.util.zip.ZipFile.getManifestAndSignatureRelatedFiles()
nullptr E 09-25 22:56:51 10742 10742 jni_internal.cc:2677]      6: java.lang.String java.util.zip.ZipFile.getManifestName(boolean)
nullptr E 09-25 22:56:51 10742 10742 jni_internal.cc:2677]      7: java.lang.String java.util.zip.ZipFile.getName()
nullptr E 09-25 22:56:51 10742 10742 jni_internal.cc:2677]      8: int java.util.zip.ZipFile.size()
nullptr E 09-25 22:56:51 10742 10742 jni_internal.cc:2677]      9: boolean java.util.zip.ZipFile.startsWithLocHeader()
nullptr E 09-25 22:56:51 10742 10742 jni_internal.cc:2677]     10: java.util.stream.Stream java.util.zip.ZipFile.stream()
nullptr E 09-25 22:56:51 10742 10742 jni_internal.cc:2677]   direct methods (26 entries):
nullptr E 09-25 22:56:51 10742 10742 jni_internal.cc:2677]      0: java.util.jar.JarEntry java.util.zip.ZipFile.$r8$lambda$E6H00l6z3Lr623CYOBOGhMpxBB8(java.util.zip.ZipFile, int)
nullptr E 09-25 22:56:51 10742 10742 jni_internal.cc:2677]      1: java.lang.String java.util.zip.ZipFile.$r8$lambda$ZHaIYBAblJk1_wjJIK_woaEGYTE(java.util.zip.ZipFile, int)
nullptr E 09-25 22:56:51 10742 10742 jni_internal.cc:2677]      2: java.util.zip.ZipEntry java.util.zip.ZipFile.$r8$lambda$ezC-4OQ_M11WsQ9SZfXtPWcxf2w(java.util.zip.ZipFile, int)
nullptr E 09-25 22:56:51 10742 10742 jni_internal.cc:2677]      3: java.util.zip.ZipFile$CleanableResource java.util.zip.ZipFile.-$$Nest$fgetres(java.util.zip.ZipFile)
nullptr E 09-25 22:56:51 10742 10742 jni_internal.cc:2677]      4: void java.util.zip.ZipFile.-$$Nest$mensureOpen(java.util.zip.ZipFile)
nullptr E 09-25 22:56:51 10742 10742 jni_internal.cc:2677]      5: void java.util.zip.ZipFile.-$$Nest$mensureOpenOrZipException(java.util.zip.ZipFile)
nullptr E 09-25 22:56:51 10742 10742 jni_internal.cc:2677]      6: java.util.zip.ZipEntry java.util.zip.ZipFile.-$$Nest$mgetZipEntry(java.util.zip.ZipFile, java.lang.String, int)
nullptr E 09-25 22:56:51 10742 10742 jni_internal.cc:2677]      7: void java.util.zip.ZipFile.<init>(java.io.File)
nullptr E 09-25 22:56:51 10742 10742 jni_internal.cc:2677]      8: void java.util.zip.ZipFile.<init>(java.io.File, int)
nullptr E 09-25 22:56:51 10742 10742 jni_internal.cc:2677]      9: void java.util.zip.ZipFile.<init>(java.io.File, int, java.nio.charset.Charset)
nullptr E 09-25 22:56:51 10742 10742 jni_internal.cc:2677]     10: void java.util.zip.ZipFile.<init>(java.io.File, int, java.nio.charset.Charset, boolean)
nullptr E 09-25 22:56:51 10742 10742 jni_internal.cc:2677]     11: void java.util.zip.ZipFile.<init>(java.io.File, int, boolean)
nullptr E 09-25 22:56:51 10742 10742 jni_internal.cc:2677]     12: void java.util.zip.ZipFile.<init>(java.io.File, java.nio.charset.Charset)
nullptr E 09-25 22:56:51 10742 10742 jni_internal.cc:2677]     13: void java.util.zip.ZipFile.<init>(java.lang.String)
nullptr E 09-25 22:56:51 10742 10742 jni_internal.cc:2677]     14: void java.util.zip.ZipFile.<init>(java.lang.String, java.nio.charset.Charset)
nullptr E 09-25 22:56:51 10742 10742 jni_internal.cc:2677]     15: void java.util.zip.ZipFile.ensureOpen()
nullptr E 09-25 22:56:51 10742 10742 jni_internal.cc:2677]     16: void java.util.zip.ZipFile.ensureOpenOrZipException()
nullptr E 09-25 22:56:51 10742 10742 jni_internal.cc:2677]     17: java.util.stream.Stream java.util.zip.ZipFile.entryNameStream()
nullptr E 09-25 22:56:51 10742 10742 jni_internal.cc:2677]     18: java.lang.String java.util.zip.ZipFile.getEntryName(int)
nullptr E 09-25 22:56:51 10742 10742 jni_internal.cc:2677]     19: int java.util.zip.ZipFile.getManifestNum()
nullptr E 09-25 22:56:51 10742 10742 jni_internal.cc:2677]     20: int[] java.util.zip.ZipFile.getMetaInfVersions()
nullptr E 09-25 22:56:51 10742 10742 jni_internal.cc:2677]     21: java.util.zip.ZipEntry java.util.zip.ZipFile.getZipEntry(java.lang.String, int)
nullptr E 09-25 22:56:51 10742 10742 jni_internal.cc:2677]     22: java.util.Enumeration java.util.zip.ZipFile.jarEntries()
nullptr E 09-25 22:56:51 10742 10742 jni_internal.cc:2677]     23: java.util.stream.Stream java.util.zip.ZipFile.jarStream()
nullptr E 09-25 22:56:51 10742 10742 jni_internal.cc:2677]     24: java.util.jar.JarEntry java.util.zip.ZipFile.lambda$jarStream$1(int)
nullptr E 09-25 22:56:51 10742 10742 jni_internal.cc:2677]     25: java.util.zip.ZipEntry java.util.zip.ZipFile.lambda$stream$0(int)
nullptr E 09-25 22:56:51 10742 10742 jni_internal.cc:2677]   static fields (4 entries):
nullptr E 09-25 22:56:51 10742 10742 jni_internal.cc:2677]      0: int java.util.zip.ZipFile.DEFLATED
nullptr E 09-25 22:56:51 10742 10742 jni_internal.cc:2677]      1: int java.util.zip.ZipFile.OPEN_DELETE
nullptr E 09-25 22:56:51 10742 10742 jni_internal.cc:2677]      2: int java.util.zip.ZipFile.OPEN_READ
nullptr E 09-25 22:56:51 10742 10742 jni_internal.cc:2677]      3: int java.util.zip.ZipFile.STORED
nullptr E 09-25 22:56:51 10742 10742 jni_internal.cc:2677]   instance fields (6 entries):
nullptr E 09-25 22:56:51 10742 10742 jni_internal.cc:2677]      0: boolean java.util.zip.ZipFile.closeRequested
nullptr E 09-25 22:56:51 10742 10742 jni_internal.cc:2677]      1: dalvik.system.CloseGuard java.util.zip.ZipFile.guard
nullptr E 09-25 22:56:51 10742 10742 jni_internal.cc:2677]      2: java.lang.String java.util.zip.ZipFile.lastEntryName
nullptr E 09-25 22:56:51 10742 10742 jni_internal.cc:2677]      3: int java.util.zip.ZipFile.lastEntryPos
nullptr E 09-25 22:56:51 10742 10742 jni_internal.cc:2677]      4: java.lang.String java.util.zip.ZipFile.name
nullptr E 09-25 22:56:51 10742 10742 jni_internal.cc:2677]      5: java.util.zip.ZipFile$CleanableResource java.util.zip.ZipFile.res
nullptr E 09-25 22:56:51 10742 10742 jni_internal.cc:2677] 
nullptr E 09-25 22:56:51 10742 10742 jni_internal.cc:2678] Failed to register native method java.util.zip.ZipFile.getEntryBytes(JI)[B in /system/framework/core-oj.jar
nullptr E 09-25 22:56:51 10742 10742 jni_internal.cc:2677] ----- class 'Ljava/util/zip/ZipFile;' cl=0 -----
nullptr E 09-25 22:56:51 10742 10742 jni_internal.cc:2677]   objectSize=328 (224 from super)
nullptr E 09-25 22:56:51 10742 10742 jni_internal.cc:2677]   access=0x0000.0001
nullptr E 09-25 22:56:51 10742 10742 jni_internal.cc:2677]   super='java.lang.Class<java.lang.Object>' (cl=0)
nullptr E 09-25 22:56:51 10742 10742 jni_internal.cc:2677]   interfaces (2):
nullptr E 09-25 22:56:51 10742 10742 jni_internal.cc:2677]      0: java.lang.Class<java.util.zip.ZipConstants> (cl=0)
nullptr E 09-25 22:56:51 10742 10742 jni_internal.cc:2677]      1: java.lang.Class<java.io.Closeable> (cl=0)
nullptr E 09-25 22:56:51 10742 10742 jni_internal.cc:2677]   vtable (11 entries, 11 in super):
nullptr E 09-25 22:56:51 10742 10742 jni_internal.cc:2677]      0: void java.util.zip.ZipFile.close()
nullptr E 09-25 22:56:51 10742 10742 jni_internal.cc:2677]      1: java.util.Enumeration java.util.zip.ZipFile.entries()
nullptr E 09-25 22:56:51 10742 10742 jni_internal.cc:2677]      2: java.lang.String java.util.zip.ZipFile.getComment()
nullptr E 09-25 22:56:51 10742 10742 jni_internal.cc:2677]      3: java.util.zip.ZipEntry java.util.zip.ZipFile.getEntry(java.lang.String)
nullptr E 09-25 22:56:51 10742 10742 jni_internal.cc:2677]      4: java.io.InputStream java.util.zip.ZipFile.getInputStream(java.util.zip.ZipEntry)
nullptr E 09-25 22:56:51 10742 10742 jni_internal.cc:2677]      5: java.util.List java.util.zip.ZipFile.getManifestAndSignatureRelatedFiles()
nullptr E 09-25 22:56:51 10742 10742 jni_internal.cc:2677]      6: java.lang.String java.util.zip.ZipFile.getManifestName(boolean)
nullptr E 09-25 22:56:51 10742 10742 jni_internal.cc:2677]      7: java.lang.String java.util.zip.ZipFile.getName()
nullptr E 09-25 22:56:51 10742 10742 jni_internal.cc:2677]      8: int java.util.zip.ZipFile.size()
nullptr E 09-25 22:56:51 10742 10742 jni_internal.cc:2677]      9: boolean java.util.zip.ZipFile.startsWithLocHeader()
nullptr E 09-25 22:56:51 10742 10742 jni_internal.cc:2677]     10: java.util.stream.Stream java.util.zip.ZipFile.stream()
nullptr E 09-25 22:56:51 10742 10742 jni_internal.cc:2677]   direct methods (26 entries):
nullptr E 09-25 22:56:51 10742 10742 jni_internal.cc:2677]      0: java.util.jar.JarEntry java.util.zip.ZipFile.$r8$lambda$E6H00l6z3Lr623CYOBOGhMpxBB8(java.util.zip.ZipFile, int)
nullptr E 09-25 22:56:51 10742 10742 jni_internal.cc:2677]      1: java.lang.String java.util.zip.ZipFile.$r8$lambda$ZHaIYBAblJk1_wjJIK_woaEGYTE(java.util.zip.ZipFile, int)
nullptr E 09-25 22:56:51 10742 10742 jni_internal.cc:2677]      2: java.util.zip.ZipEntry java.util.zip.ZipFile.$r8$lambda$ezC-4OQ_M11WsQ9SZfXtPWcxf2w(java.util.zip.ZipFile, int)
nullptr E 09-25 22:56:51 10742 10742 jni_internal.cc:2677]      3: java.util.zip.ZipFile$CleanableResource java.util.zip.ZipFile.-$$Nest$fgetres(java.util.zip.ZipFile)
nullptr E 09-25 22:56:51 10742 10742 jni_internal.cc:2677]      4: void java.util.zip.ZipFile.-$$Nest$mensureOpen(java.util.zip.ZipFile)
nullptr E 09-25 22:56:51 10742 10742 jni_internal.cc:2677]      5: void java.util.zip.ZipFile.-$$Nest$mensureOpenOrZipException(java.util.zip.ZipFile)
nullptr E 09-25 22:56:51 10742 10742 jni_internal.cc:2677]      6: java.util.zip.ZipEntry java.util.zip.ZipFile.-$$Nest$mgetZipEntry(java.util.zip.ZipFile, java.lang.String, int)
nullptr E 09-25 22:56:51 10742 10742 jni_internal.cc:2677]      7: void java.util.zip.ZipFile.<init>(java.io.File)
nullptr E 09-25 22:56:51 10742 10742 jni_internal.cc:2677]      8: void java.util.zip.ZipFile.<init>(java.io.File, int)
nullptr E 09-25 22:56:51 10742 10742 jni_internal.cc:2677]      9: void java.util.zip.ZipFile.<init>(java.io.File, int, java.nio.charset.Charset)
nullptr E 09-25 22:56:51 10742 10742 jni_internal.cc:2677]     10: void java.util.zip.ZipFile.<init>(java.io.File, int, java.nio.charset.Charset, boolean)
nullptr E 09-25 22:56:51 10742 10742 jni_internal.cc:2677]     11: void java.util.zip.ZipFile.<init>(java.io.File, int, boolean)
nullptr E 09-25 22:56:51 10742 10742 jni_internal.cc:2677]     12: void java.util.zip.ZipFile.<init>(java.io.File, java.nio.charset.Charset)
nullptr E 09-25 22:56:51 10742 10742 jni_internal.cc:2677]     13: void java.util.zip.ZipFile.<init>(java.lang.String)
nullptr E 09-25 22:56:51 10742 10742 jni_internal.cc:2677]     14: void java.util.zip.ZipFile.<init>(java.lang.String, java.nio.charset.Charset)
nullptr E 09-25 22:56:51 10742 10742 jni_internal.cc:2677]     15: void java.util.zip.ZipFile.ensureOpen()
nullptr E 09-25 22:56:51 10742 10742 jni_internal.cc:2677]     16: void java.util.zip.ZipFile.ensureOpenOrZipException()
nullptr E 09-25 22:56:51 10742 10742 jni_internal.cc:2677]     17: java.util.stream.Stream java.util.zip.ZipFile.entryNameStream()
nullptr E 09-25 22:56:51 10742 10742 jni_internal.cc:2677]     18: java.lang.String java.util.zip.ZipFile.getEntryName(int)
nullptr E 09-25 22:56:51 10742 10742 jni_internal.cc:2677]     19: int java.util.zip.ZipFile.getManifestNum()
nullptr E 09-25 22:56:51 10742 10742 jni_internal.cc:2677]     20: int[] java.util.zip.ZipFile.getMetaInfVersions()
nullptr E 09-25 22:56:51 10742 10742 jni_internal.cc:2677]     21: java.util.zip.ZipEntry java.util.zip.ZipFile.getZipEntry(java.lang.String, int)
nullptr E 09-25 22:56:51 10742 10742 jni_internal.cc:2677]     22: java.util.Enumeration java.util.zip.ZipFile.jarEntries()
nullptr E 09-25 22:56:51 10742 10742 jni_internal.cc:2677]     23: java.util.stream.Stream java.util.zip.ZipFile.jarStream()
nullptr E 09-25 22:56:51 10742 10742 jni_internal.cc:2677]     24: java.util.jar.JarEntry java.util.zip.ZipFile.lambda$jarStream$1(int)
nullptr E 09-25 22:56:51 10742 10742 jni_internal.cc:2677]     25: java.util.zip.ZipEntry java.util.zip.ZipFile.lambda$stream$0(int)
nullptr E 09-25 22:56:51 10742 10742 jni_internal.cc:2677]   static fields (4 entries):
nullptr E 09-25 22:56:51 10742 10742 jni_internal.cc:2677]      0: int java.util.zip.ZipFile.DEFLATED
nullptr E 09-25 22:56:51 10742 10742 jni_internal.cc:2677]      1: int java.util.zip.ZipFile.OPEN_DELETE
nullptr E 09-25 22:56:51 10742 10742 jni_internal.cc:2677]      2: int java.util.zip.ZipFile.OPEN_READ
nullptr E 09-25 22:56:51 10742 10742 jni_internal.cc:2677]      3: int java.util.zip.ZipFile.STORED
nullptr E 09-25 22:56:51 10742 10742 jni_internal.cc:2677]   instance fields (6 entries):
nullptr E 09-25 22:56:51 10742 10742 jni_internal.cc:2677]      0: boolean java.util.zip.ZipFile.closeRequested
nullptr E 09-25 22:56:51 10742 10742 jni_internal.cc:2677]      1: dalvik.system.CloseGuard java.util.zip.ZipFile.guard
nullptr E 09-25 22:56:51 10742 10742 jni_internal.cc:2677]      2: java.lang.String java.util.zip.ZipFile.lastEntryName
nullptr E 09-25 22:56:51 10742 10742 jni_internal.cc:2677]      3: int java.util.zip.ZipFile.lastEntryPos
nullptr E 09-25 22:56:51 10742 10742 jni_internal.cc:2677]      4: java.lang.String java.util.zip.ZipFile.name
nullptr E 09-25 22:56:51 10742 10742 jni_internal.cc:2677]      5: java.util.zip.ZipFile$CleanableResource java.util.zip.ZipFile.res
nullptr E 09-25 22:56:51 10742 10742 jni_internal.cc:2677] 
nullptr E 09-25 22:56:51 10742 10742 jni_internal.cc:2678] Failed to register native method java.util.zip.ZipFile.getEntrySize(J)J in /system/framework/core-oj.jar
nullptr E 09-25 22:56:51 10742 10742 jni_internal.cc:2677] ----- class 'Ljava/util/zip/ZipFile;' cl=0 -----
nullptr E 09-25 22:56:51 10742 10742 jni_internal.cc:2677]   objectSize=328 (224 from super)
nullptr E 09-25 22:56:51 10742 10742 jni_internal.cc:2677]   access=0x0000.0001
nullptr E 09-25 22:56:51 10742 10742 jni_internal.cc:2677]   super='java.lang.Class<java.lang.Object>' (cl=0)
nullptr E 09-25 22:56:51 10742 10742 jni_internal.cc:2677]   interfaces (2):
nullptr E 09-25 22:56:51 10742 10742 jni_internal.cc:2677]      0: java.lang.Class<java.util.zip.ZipConstants> (cl=0)
nullptr E 09-25 22:56:51 10742 10742 jni_internal.cc:2677]      1: java.lang.Class<java.io.Closeable> (cl=0)
nullptr E 09-25 22:56:51 10742 10742 jni_internal.cc:2677]   vtable (11 entries, 11 in super):
nullptr E 09-25 22:56:51 10742 10742 jni_internal.cc:2677]      0: void java.util.zip.ZipFile.close()
nullptr E 09-25 22:56:51 10742 10742 jni_internal.cc:2677]      1: java.util.Enumeration java.util.zip.ZipFile.entries()
nullptr E 09-25 22:56:51 10742 10742 jni_internal.cc:2677]      2: java.lang.String java.util.zip.ZipFile.getComment()
nullptr E 09-25 22:56:51 10742 10742 jni_internal.cc:2677]      3: java.util.zip.ZipEntry java.util.zip.ZipFile.getEntry(java.lang.String)
nullptr E 09-25 22:56:51 10742 10742 jni_internal.cc:2677]      4: java.io.InputStream java.util.zip.ZipFile.getInputStream(java.util.zip.ZipEntry)
nullptr E 09-25 22:56:51 10742 10742 jni_internal.cc:2677]      5: java.util.List java.util.zip.ZipFile.getManifestAndSignatureRelatedFiles()
nullptr E 09-25 22:56:51 10742 10742 jni_internal.cc:2677]      6: java.lang.String java.util.zip.ZipFile.getManifestName(boolean)
nullptr E 09-25 22:56:51 10742 10742 jni_internal.cc:2677]      7: java.lang.String java.util.zip.ZipFile.getName()
nullptr E 09-25 22:56:51 10742 10742 jni_internal.cc:2677]      8: int java.util.zip.ZipFile.size()
nullptr E 09-25 22:56:51 10742 10742 jni_internal.cc:2677]      9: boolean java.util.zip.ZipFile.startsWithLocHeader()
nullptr E 09-25 22:56:51 10742 10742 jni_internal.cc:2677]     10: java.util.stream.Stream java.util.zip.ZipFile.stream()
nullptr E 09-25 22:56:51 10742 10742 jni_internal.cc:2677]   direct methods (26 entries):
nullptr E 09-25 22:56:51 10742 10742 jni_internal.cc:2677]      0: java.util.jar.JarEntry java.util.zip.ZipFile.$r8$lambda$E6H00l6z3Lr623CYOBOGhMpxBB8(java.util.zip.ZipFile, int)
nullptr E 09-25 22:56:51 10742 10742 jni_internal.cc:2677]      1: java.lang.String java.util.zip.ZipFile.$r8$lambda$ZHaIYBAblJk1_wjJIK_woaEGYTE(java.util.zip.ZipFile, int)
nullptr E 09-25 22:56:51 10742 10742 jni_internal.cc:2677]      2: java.util.zip.ZipEntry java.util.zip.ZipFile.$r8$lambda$ezC-4OQ_M11WsQ9SZfXtPWcxf2w(java.util.zip.ZipFile, int)
nullptr E 09-25 22:56:51 10742 10742 jni_internal.cc:2677]      3: java.util.zip.ZipFile$CleanableResource java.util.zip.ZipFile.-$$Nest$fgetres(java.util.zip.ZipFile)
nullptr E 09-25 22:56:51 10742 10742 jni_internal.cc:2677]      4: void java.util.zip.ZipFile.-$$Nest$mensureOpen(java.util.zip.ZipFile)
nullptr E 09-25 22:56:51 10742 10742 jni_internal.cc:2677]      5: void java.util.zip.ZipFile.-$$Nest$mensureOpenOrZipException(java.util.zip.ZipFile)
nullptr E 09-25 22:56:51 10742 10742 jni_internal.cc:2677]      6: java.util.zip.ZipEntry java.util.zip.ZipFile.-$$Nest$mgetZipEntry(java.util.zip.ZipFile, java.lang.String, int)
nullptr E 09-25 22:56:51 10742 10742 jni_internal.cc:2677]      7: void java.util.zip.ZipFile.<init>(java.io.File)
nullptr E 09-25 22:56:51 10742 10742 jni_internal.cc:2677]      8: void java.util.zip.ZipFile.<init>(java.io.File, int)
nullptr E 09-25 22:56:51 10742 10742 jni_internal.cc:2677]      9: void java.util.zip.ZipFile.<init>(java.io.File, int, java.nio.charset.Charset)
nullptr E 09-25 22:56:51 10742 10742 jni_internal.cc:2677]     10: void java.util.zip.ZipFile.<init>(java.io.File, int, java.nio.charset.Charset, boolean)
nullptr E 09-25 22:56:51 10742 10742 jni_internal.cc:2677]     11: void java.util.zip.ZipFile.<init>(java.io.File, int, boolean)
nullptr E 09-25 22:56:51 10742 10742 jni_internal.cc:2677]     12: void java.util.zip.ZipFile.<init>(java.io.File, java.nio.charset.Charset)
nullptr E 09-25 22:56:51 10742 10742 jni_internal.cc:2677]     13: void java.util.zip.ZipFile.<init>(java.lang.String)
nullptr E 09-25 22:56:51 10742 10742 jni_internal.cc:2677]     14: void java.util.zip.ZipFile.<init>(java.lang.String, java.nio.charset.Charset)
nullptr E 09-25 22:56:51 10742 10742 jni_internal.cc:2677]     15: void java.util.zip.ZipFile.ensureOpen()
nullptr E 09-25 22:56:51 10742 10742 jni_internal.cc:2677]     16: void java.util.zip.ZipFile.ensureOpenOrZipException()
nullptr E 09-25 22:56:51 10742 10742 jni_internal.cc:2677]     17: java.util.stream.Stream java.util.zip.ZipFile.entryNameStream()
nullptr E 09-25 22:56:51 10742 10742 jni_internal.cc:2677]     18: java.lang.String java.util.zip.ZipFile.getEntryName(int)
nullptr E 09-25 22:56:51 10742 10742 jni_internal.cc:2677]     19: int java.util.zip.ZipFile.getManifestNum()
nullptr E 09-25 22:56:51 10742 10742 jni_internal.cc:2677]     20: int[] java.util.zip.ZipFile.getMetaInfVersions()
nullptr E 09-25 22:56:51 10742 10742 jni_internal.cc:2677]     21: java.util.zip.ZipEntry java.util.zip.ZipFile.getZipEntry(java.lang.String, int)
nullptr E 09-25 22:56:51 10742 10742 jni_internal.cc:2677]     22: java.util.Enumeration java.util.zip.ZipFile.jarEntries()
nullptr E 09-25 22:56:51 10742 10742 jni_internal.cc:2677]     23: java.util.stream.Stream java.util.zip.ZipFile.jarStream()
nullptr E 09-25 22:56:51 10742 10742 jni_internal.cc:2677]     24: java.util.jar.JarEntry java.util.zip.ZipFile.lambda$jarStream$1(int)
nullptr E 09-25 22:56:51 10742 10742 jni_internal.cc:2677]     25: java.util.zip.ZipEntry java.util.zip.ZipFile.lambda$stream$0(int)
nullptr E 09-25 22:56:51 10742 10742 jni_internal.cc:2677]   static fields (4 entries):
nullptr E 09-25 22:56:51 10742 10742 jni_internal.cc:2677]      0: int java.util.zip.ZipFile.DEFLATED
nullptr E 09-25 22:56:51 10742 10742 jni_internal.cc:2677]      1: int java.util.zip.ZipFile.OPEN_DELETE
nullptr E 09-25 22:56:51 10742 10742 jni_internal.cc:2677]      2: int java.util.zip.ZipFile.OPEN_READ
nullptr E 09-25 22:56:51 10742 10742 jni_internal.cc:2677]      3: int java.util.zip.ZipFile.STORED
nullptr E 09-25 22:56:51 10742 10742 jni_internal.cc:2677]   instance fields (6 entries):
nullptr E 09-25 22:56:51 10742 10742 jni_internal.cc:2677]      0: boolean java.util.zip.ZipFile.closeRequested
nullptr E 09-25 22:56:51 10742 10742 jni_internal.cc:2677]      1: dalvik.system.CloseGuard java.util.zip.ZipFile.guard
nullptr E 09-25 22:56:51 10742 10742 jni_internal.cc:2677]      2: java.lang.String java.util.zip.ZipFile.lastEntryName
nullptr E 09-25 22:56:51 10742 10742 jni_internal.cc:2677]      3: int java.util.zip.ZipFile.lastEntryPos
nullptr E 09-25 22:56:51 10742 10742 jni_internal.cc:2677]      4: java.lang.String java.util.zip.ZipFile.name
nullptr E 09-25 22:56:51 10742 10742 jni_internal.cc:2677]      5: java.util.zip.ZipFile$CleanableResource java.util.zip.ZipFile.res
nullptr E 09-25 22:56:51 10742 10742 jni_internal.cc:2677] 
nullptr E 09-25 22:56:51 10742 10742 jni_internal.cc:2678] Failed to register native method java.util.zip.ZipFile.getEntryCSize(J)J in /system/framework/core-oj.jar
nullptr E 09-25 22:56:51 10742 10742 jni_internal.cc:2677] ----- class 'Ljava/util/zip/ZipFile;' cl=0 -----
nullptr E 09-25 22:56:51 10742 10742 jni_internal.cc:2677]   objectSize=328 (224 from super)
nullptr E 09-25 22:56:51 10742 10742 jni_internal.cc:2677]   access=0x0000.0001
nullptr E 09-25 22:56:51 10742 10742 jni_internal.cc:2677]   super='java.lang.Class<java.lang.Object>' (cl=0)
nullptr E 09-25 22:56:51 10742 10742 jni_internal.cc:2677]   interfaces (2):
nullptr E 09-25 22:56:51 10742 10742 jni_internal.cc:2677]      0: java.lang.Class<java.util.zip.ZipConstants> (cl=0)
nullptr E 09-25 22:56:51 10742 10742 jni_internal.cc:2677]      1: java.lang.Class<java.io.Closeable> (cl=0)
nullptr E 09-25 22:56:51 10742 10742 jni_internal.cc:2677]   vtable (11 entries, 11 in super):
nullptr E 09-25 22:56:51 10742 10742 jni_internal.cc:2677]      0: void java.util.zip.ZipFile.close()
nullptr E 09-25 22:56:51 10742 10742 jni_internal.cc:2677]      1: java.util.Enumeration java.util.zip.ZipFile.entries()
nullptr E 09-25 22:56:51 10742 10742 jni_internal.cc:2677]      2: java.lang.String java.util.zip.ZipFile.getComment()
nullptr E 09-25 22:56:51 10742 10742 jni_internal.cc:2677]      3: java.util.zip.ZipEntry java.util.zip.ZipFile.getEntry(java.lang.String)
nullptr E 09-25 22:56:51 10742 10742 jni_internal.cc:2677]      4: java.io.InputStream java.util.zip.ZipFile.getInputStream(java.util.zip.ZipEntry)
nullptr E 09-25 22:56:51 10742 10742 jni_internal.cc:2677]      5: java.util.List java.util.zip.ZipFile.getManifestAndSignatureRelatedFiles()
nullptr E 09-25 22:56:51 10742 10742 jni_internal.cc:2677]      6: java.lang.String java.util.zip.ZipFile.getManifestName(boolean)
nullptr E 09-25 22:56:51 10742 10742 jni_internal.cc:2677]      7: java.lang.String java.util.zip.ZipFile.getName()
nullptr E 09-25 22:56:51 10742 10742 jni_internal.cc:2677]      8: int java.util.zip.ZipFile.size()
nullptr E 09-25 22:56:51 10742 10742 jni_internal.cc:2677]      9: boolean java.util.zip.ZipFile.startsWithLocHeader()
nullptr E 09-25 22:56:51 10742 10742 jni_internal.cc:2677]     10: java.util.stream.Stream java.util.zip.ZipFile.stream()
nullptr E 09-25 22:56:51 10742 10742 jni_internal.cc:2677]   direct methods (26 entries):
nullptr E 09-25 22:56:51 10742 10742 jni_internal.cc:2677]      0: java.util.jar.JarEntry java.util.zip.ZipFile.$r8$lambda$E6H00l6z3Lr623CYOBOGhMpxBB8(java.util.zip.ZipFile, int)
nullptr E 09-25 22:56:51 10742 10742 jni_internal.cc:2677]      1: java.lang.String java.util.zip.ZipFile.$r8$lambda$ZHaIYBAblJk1_wjJIK_woaEGYTE(java.util.zip.ZipFile, int)
nullptr E 09-25 22:56:51 10742 10742 jni_internal.cc:2677]      2: java.util.zip.ZipEntry java.util.zip.ZipFile.$r8$lambda$ezC-4OQ_M11WsQ9SZfXtPWcxf2w(java.util.zip.ZipFile, int)
nullptr E 09-25 22:56:51 10742 10742 jni_internal.cc:2677]      3: java.util.zip.ZipFile$CleanableResource java.util.zip.ZipFile.-$$Nest$fgetres(java.util.zip.ZipFile)
nullptr E 09-25 22:56:51 10742 10742 jni_internal.cc:2677]      4: void java.util.zip.ZipFile.-$$Nest$mensureOpen(java.util.zip.ZipFile)
nullptr E 09-25 22:56:51 10742 10742 jni_internal.cc:2677]      5: void java.util.zip.ZipFile.-$$Nest$mensureOpenOrZipException(java.util.zip.ZipFile)
nullptr E 09-25 22:56:51 10742 10742 jni_internal.cc:2677]      6: java.util.zip.ZipEntry java.util.zip.ZipFile.-$$Nest$mgetZipEntry(java.util.zip.ZipFile, java.lang.String, int)
nullptr E 09-25 22:56:51 10742 10742 jni_internal.cc:2677]      7: void java.util.zip.ZipFile.<init>(java.io.File)
nullptr E 09-25 22:56:51 10742 10742 jni_internal.cc:2677]      8: void java.util.zip.ZipFile.<init>(java.io.File, int)
nullptr E 09-25 22:56:51 10742 10742 jni_internal.cc:2677]      9: void java.util.zip.ZipFile.<init>(java.io.File, int, java.nio.charset.Charset)
nullptr E 09-25 22:56:51 10742 10742 jni_internal.cc:2677]     10: void java.util.zip.ZipFile.<init>(java.io.File, int, java.nio.charset.Charset, boolean)
nullptr E 09-25 22:56:51 10742 10742 jni_internal.cc:2677]     11: void java.util.zip.ZipFile.<init>(java.io.File, int, boolean)
nullptr E 09-25 22:56:51 10742 10742 jni_internal.cc:2677]     12: void java.util.zip.ZipFile.<init>(java.io.File, java.nio.charset.Charset)
nullptr E 09-25 22:56:51 10742 10742 jni_internal.cc:2677]     13: void java.util.zip.ZipFile.<init>(java.lang.String)
nullptr E 09-25 22:56:51 10742 10742 jni_internal.cc:2677]     14: void java.util.zip.ZipFile.<init>(java.lang.String, java.nio.charset.Charset)
nullptr E 09-25 22:56:51 10742 10742 jni_internal.cc:2677]     15: void java.util.zip.ZipFile.ensureOpen()
nullptr E 09-25 22:56:51 10742 10742 jni_internal.cc:2677]     16: void java.util.zip.ZipFile.ensureOpenOrZipException()
nullptr E 09-25 22:56:51 10742 10742 jni_internal.cc:2677]     17: java.util.stream.Stream java.util.zip.ZipFile.entryNameStream()
nullptr E 09-25 22:56:51 10742 10742 jni_internal.cc:2677]     18: java.lang.String java.util.zip.ZipFile.getEntryName(int)
nullptr E 09-25 22:56:51 10742 10742 jni_internal.cc:2677]     19: int java.util.zip.ZipFile.getManifestNum()
nullptr E 09-25 22:56:51 10742 10742 jni_internal.cc:2677]     20: int[] java.util.zip.ZipFile.getMetaInfVersions()
nullptr E 09-25 22:56:51 10742 10742 jni_internal.cc:2677]     21: java.util.zip.ZipEntry java.util.zip.ZipFile.getZipEntry(java.lang.String, int)
nullptr E 09-25 22:56:51 10742 10742 jni_internal.cc:2677]     22: java.util.Enumeration java.util.zip.ZipFile.jarEntries()
nullptr E 09-25 22:56:51 10742 10742 jni_internal.cc:2677]     23: java.util.stream.Stream java.util.zip.ZipFile.jarStream()
nullptr E 09-25 22:56:51 10742 10742 jni_internal.cc:2677]     24: java.util.jar.JarEntry java.util.zip.ZipFile.lambda$jarStream$1(int)
nullptr E 09-25 22:56:51 10742 10742 jni_internal.cc:2677]     25: java.util.zip.ZipEntry java.util.zip.ZipFile.lambda$stream$0(int)
nullptr E 09-25 22:56:51 10742 10742 jni_internal.cc:2677]   static fields (4 entries):
nullptr E 09-25 22:56:51 10742 10742 jni_internal.cc:2677]      0: int java.util.zip.ZipFile.DEFLATED
nullptr E 09-25 22:56:51 10742 10742 jni_internal.cc:2677]      1: int java.util.zip.ZipFile.OPEN_DELETE
nullptr E 09-25 22:56:51 10742 10742 jni_internal.cc:2677]      2: int java.util.zip.ZipFile.OPEN_READ
nullptr E 09-25 22:56:51 10742 10742 jni_internal.cc:2677]      3: int java.util.zip.ZipFile.STORED
nullptr E 09-25 22:56:51 10742 10742 jni_internal.cc:2677]   instance fields (6 entries):
nullptr E 09-25 22:56:51 10742 10742 jni_internal.cc:2677]      0: boolean java.util.zip.ZipFile.closeRequested
nullptr E 09-25 22:56:51 10742 10742 jni_internal.cc:2677]      1: dalvik.system.CloseGuard java.util.zip.ZipFile.guard
nullptr E 09-25 22:56:51 10742 10742 jni_internal.cc:2677]      2: java.lang.String java.util.zip.ZipFile.lastEntryName
nullptr E 09-25 22:56:51 10742 10742 jni_internal.cc:2677]      3: int java.util.zip.ZipFile.lastEntryPos
nullptr E 09-25 22:56:51 10742 10742 jni_internal.cc:2677]      4: java.lang.String java.util.zip.ZipFile.name
nullptr E 09-25 22:56:51 10742 10742 jni_internal.cc:2677]      5: java.util.zip.ZipFile$CleanableResource java.util.zip.ZipFile.res
nullptr E 09-25 22:56:51 10742 10742 jni_internal.cc:2677] 
nullptr E 09-25 22:56:51 10742 10742 jni_internal.cc:2678] Failed to register native method java.util.zip.ZipFile.getEntryMethod(J)I in /system/framework/core-oj.jar
nullptr E 09-25 22:56:51 10742 10742 jni_internal.cc:2677] ----- class 'Ljava/util/zip/ZipFile;' cl=0 -----
nullptr E 09-25 22:56:51 10742 10742 jni_internal.cc:2677]   objectSize=328 (224 from super)
nullptr E 09-25 22:56:51 10742 10742 jni_internal.cc:2677]   access=0x0000.0001
nullptr E 09-25 22:56:51 10742 10742 jni_internal.cc:2677]   super='java.lang.Class<java.lang.Object>' (cl=0)
nullptr E 09-25 22:56:51 10742 10742 jni_internal.cc:2677]   interfaces (2):
nullptr E 09-25 22:56:51 10742 10742 jni_internal.cc:2677]      0: java.lang.Class<java.util.zip.ZipConstants> (cl=0)
nullptr E 09-25 22:56:51 10742 10742 jni_internal.cc:2677]      1: java.lang.Class<java.io.Closeable> (cl=0)
nullptr E 09-25 22:56:51 10742 10742 jni_internal.cc:2677]   vtable (11 entries, 11 in super):
nullptr E 09-25 22:56:51 10742 10742 jni_internal.cc:2677]      0: void java.util.zip.ZipFile.close()
nullptr E 09-25 22:56:51 10742 10742 jni_internal.cc:2677]      1: java.util.Enumeration java.util.zip.ZipFile.entries()
nullptr E 09-25 22:56:51 10742 10742 jni_internal.cc:2677]      2: java.lang.String java.util.zip.ZipFile.getComment()
nullptr E 09-25 22:56:51 10742 10742 jni_internal.cc:2677]      3: java.util.zip.ZipEntry java.util.zip.ZipFile.getEntry(java.lang.String)
nullptr E 09-25 22:56:51 10742 10742 jni_internal.cc:2677]      4: java.io.InputStream java.util.zip.ZipFile.getInputStream(java.util.zip.ZipEntry)
nullptr E 09-25 22:56:51 10742 10742 jni_internal.cc:2677]      5: java.util.List java.util.zip.ZipFile.getManifestAndSignatureRelatedFiles()
nullptr E 09-25 22:56:51 10742 10742 jni_internal.cc:2677]      6: java.lang.String java.util.zip.ZipFile.getManifestName(boolean)
nullptr E 09-25 22:56:51 10742 10742 jni_internal.cc:2677]      7: java.lang.String java.util.zip.ZipFile.getName()
nullptr E 09-25 22:56:51 10742 10742 jni_internal.cc:2677]      8: int java.util.zip.ZipFile.size()
nullptr E 09-25 22:56:51 10742 10742 jni_internal.cc:2677]      9: boolean java.util.zip.ZipFile.startsWithLocHeader()
nullptr E 09-25 22:56:51 10742 10742 jni_internal.cc:2677]     10: java.util.stream.Stream java.util.zip.ZipFile.stream()
nullptr E 09-25 22:56:51 10742 10742 jni_internal.cc:2677]   direct methods (26 entries):
nullptr E 09-25 22:56:51 10742 10742 jni_internal.cc:2677]      0: java.util.jar.JarEntry java.util.zip.ZipFile.$r8$lambda$E6H00l6z3Lr623CYOBOGhMpxBB8(java.util.zip.ZipFile, int)
nullptr E 09-25 22:56:51 10742 10742 jni_internal.cc:2677]      1: java.lang.String java.util.zip.ZipFile.$r8$lambda$ZHaIYBAblJk1_wjJIK_woaEGYTE(java.util.zip.ZipFile, int)
nullptr E 09-25 22:56:51 10742 10742 jni_internal.cc:2677]      2: java.util.zip.ZipEntry java.util.zip.ZipFile.$r8$lambda$ezC-4OQ_M11WsQ9SZfXtPWcxf2w(java.util.zip.ZipFile, int)
nullptr E 09-25 22:56:51 10742 10742 jni_internal.cc:2677]      3: java.util.zip.ZipFile$CleanableResource java.util.zip.ZipFile.-$$Nest$fgetres(java.util.zip.ZipFile)
nullptr E 09-25 22:56:51 10742 10742 jni_internal.cc:2677]      4: void java.util.zip.ZipFile.-$$Nest$mensureOpen(java.util.zip.ZipFile)
nullptr E 09-25 22:56:51 10742 10742 jni_internal.cc:2677]      5: void java.util.zip.ZipFile.-$$Nest$mensureOpenOrZipException(java.util.zip.ZipFile)
nullptr E 09-25 22:56:51 10742 10742 jni_internal.cc:2677]      6: java.util.zip.ZipEntry java.util.zip.ZipFile.-$$Nest$mgetZipEntry(java.util.zip.ZipFile, java.lang.String, int)
nullptr E 09-25 22:56:51 10742 10742 jni_internal.cc:2677]      7: void java.util.zip.ZipFile.<init>(java.io.File)
nullptr E 09-25 22:56:51 10742 10742 jni_internal.cc:2677]      8: void java.util.zip.ZipFile.<init>(java.io.File, int)
nullptr E 09-25 22:56:51 10742 10742 jni_internal.cc:2677]      9: void java.util.zip.ZipFile.<init>(java.io.File, int, java.nio.charset.Charset)
nullptr E 09-25 22:56:51 10742 10742 jni_internal.cc:2677]     10: void java.util.zip.ZipFile.<init>(java.io.File, int, java.nio.charset.Charset, boolean)
nullptr E 09-25 22:56:51 10742 10742 jni_internal.cc:2677]     11: void java.util.zip.ZipFile.<init>(java.io.File, int, boolean)
nullptr E 09-25 22:56:51 10742 10742 jni_internal.cc:2677]     12: void java.util.zip.ZipFile.<init>(java.io.File, java.nio.charset.Charset)
nullptr E 09-25 22:56:51 10742 10742 jni_internal.cc:2677]     13: void java.util.zip.ZipFile.<init>(java.lang.String)
nullptr E 09-25 22:56:51 10742 10742 jni_internal.cc:2677]     14: void java.util.zip.ZipFile.<init>(java.lang.String, java.nio.charset.Charset)
nullptr E 09-25 22:56:51 10742 10742 jni_internal.cc:2677]     15: void java.util.zip.ZipFile.ensureOpen()
nullptr E 09-25 22:56:51 10742 10742 jni_internal.cc:2677]     16: void java.util.zip.ZipFile.ensureOpenOrZipException()
nullptr E 09-25 22:56:51 10742 10742 jni_internal.cc:2677]     17: java.util.stream.Stream java.util.zip.ZipFile.entryNameStream()
nullptr E 09-25 22:56:51 10742 10742 jni_internal.cc:2677]     18: java.lang.String java.util.zip.ZipFile.getEntryName(int)
nullptr E 09-25 22:56:51 10742 10742 jni_internal.cc:2677]     19: int java.util.zip.ZipFile.getManifestNum()
nullptr E 09-25 22:56:51 10742 10742 jni_internal.cc:2677]     20: int[] java.util.zip.ZipFile.getMetaInfVersions()
nullptr E 09-25 22:56:51 10742 10742 jni_internal.cc:2677]     21: java.util.zip.ZipEntry java.util.zip.ZipFile.getZipEntry(java.lang.String, int)
nullptr E 09-25 22:56:51 10742 10742 jni_internal.cc:2677]     22: java.util.Enumeration java.util.zip.ZipFile.jarEntries()
nullptr E 09-25 22:56:51 10742 10742 jni_internal.cc:2677]     23: java.util.stream.Stream java.util.zip.ZipFile.jarStream()
nullptr E 09-25 22:56:51 10742 10742 jni_internal.cc:2677]     24: java.util.jar.JarEntry java.util.zip.ZipFile.lambda$jarStream$1(int)
nullptr E 09-25 22:56:51 10742 10742 jni_internal.cc:2677]     25: java.util.zip.ZipEntry java.util.zip.ZipFile.lambda$stream$0(int)
nullptr E 09-25 22:56:51 10742 10742 jni_internal.cc:2677]   static fields (4 entries):
nullptr E 09-25 22:56:51 10742 10742 jni_internal.cc:2677]      0: int java.util.zip.ZipFile.DEFLATED
nullptr E 09-25 22:56:51 10742 10742 jni_internal.cc:2677]      1: int java.util.zip.ZipFile.OPEN_DELETE
nullptr E 09-25 22:56:51 10742 10742 jni_internal.cc:2677]      2: int java.util.zip.ZipFile.OPEN_READ
nullptr E 09-25 22:56:51 10742 10742 jni_internal.cc:2677]      3: int java.util.zip.ZipFile.STORED
nullptr E 09-25 22:56:51 10742 10742 jni_internal.cc:2677]   instance fields (6 entries):
nullptr E 09-25 22:56:51 10742 10742 jni_internal.cc:2677]      0: boolean java.util.zip.ZipFile.closeRequested
nullptr E 09-25 22:56:51 10742 10742 jni_internal.cc:2677]      1: dalvik.system.CloseGuard java.util.zip.ZipFile.guard
nullptr E 09-25 22:56:51 10742 10742 jni_internal.cc:2677]      2: java.lang.String java.util.zip.ZipFile.lastEntryName
nullptr E 09-25 22:56:51 10742 10742 jni_internal.cc:2677]      3: int java.util.zip.ZipFile.lastEntryPos
nullptr E 09-25 22:56:51 10742 10742 jni_internal.cc:2677]      4: java.lang.String java.util.zip.ZipFile.name
nullptr E 09-25 22:56:51 10742 10742 jni_internal.cc:2677]      5: java.util.zip.ZipFile$CleanableResource java.util.zip.ZipFile.res
nullptr E 09-25 22:56:51 10742 10742 jni_internal.cc:2677] 
nullptr E 09-25 22:56:51 10742 10742 jni_internal.cc:2678] Failed to register native method java.util.zip.ZipFile.getEntryTime(J)J in /system/framework/core-oj.jar
nullptr E 09-25 22:56:51 10742 10742 jni_internal.cc:2677] ----- class 'Ljava/util/zip/ZipFile;' cl=0 -----
nullptr E 09-25 22:56:51 10742 10742 jni_internal.cc:2677]   objectSize=328 (224 from super)
nullptr E 09-25 22:56:51 10742 10742 jni_internal.cc:2677]   access=0x0000.0001
nullptr E 09-25 22:56:51 10742 10742 jni_internal.cc:2677]   super='java.lang.Class<java.lang.Object>' (cl=0)
nullptr E 09-25 22:56:51 10742 10742 jni_internal.cc:2677]   interfaces (2):
nullptr E 09-25 22:56:51 10742 10742 jni_internal.cc:2677]      0: java.lang.Class<java.util.zip.ZipConstants> (cl=0)
nullptr E 09-25 22:56:51 10742 10742 jni_internal.cc:2677]      1: java.lang.Class<java.io.Closeable> (cl=0)
nullptr E 09-25 22:56:51 10742 10742 jni_internal.cc:2677]   vtable (11 entries, 11 in super):
nullptr E 09-25 22:56:51 10742 10742 jni_internal.cc:2677]      0: void java.util.zip.ZipFile.close()
nullptr E 09-25 22:56:51 10742 10742 jni_internal.cc:2677]      1: java.util.Enumeration java.util.zip.ZipFile.entries()
nullptr E 09-25 22:56:51 10742 10742 jni_internal.cc:2677]      2: java.lang.String java.util.zip.ZipFile.getComment()
nullptr E 09-25 22:56:51 10742 10742 jni_internal.cc:2677]      3: java.util.zip.ZipEntry java.util.zip.ZipFile.getEntry(java.lang.String)
nullptr E 09-25 22:56:51 10742 10742 jni_internal.cc:2677]      4: java.io.InputStream java.util.zip.ZipFile.getInputStream(java.util.zip.ZipEntry)
nullptr E 09-25 22:56:51 10742 10742 jni_internal.cc:2677]      5: java.util.List java.util.zip.ZipFile.getManifestAndSignatureRelatedFiles()
nullptr E 09-25 22:56:51 10742 10742 jni_internal.cc:2677]      6: java.lang.String java.util.zip.ZipFile.getManifestName(boolean)
nullptr E 09-25 22:56:51 10742 10742 jni_internal.cc:2677]      7: java.lang.String java.util.zip.ZipFile.getName()
nullptr E 09-25 22:56:51 10742 10742 jni_internal.cc:2677]      8: int java.util.zip.ZipFile.size()
nullptr E 09-25 22:56:51 10742 10742 jni_internal.cc:2677]      9: boolean java.util.zip.ZipFile.startsWithLocHeader()
nullptr E 09-25 22:56:51 10742 10742 jni_internal.cc:2677]     10: java.util.stream.Stream java.util.zip.ZipFile.stream()
nullptr E 09-25 22:56:51 10742 10742 jni_internal.cc:2677]   direct methods (26 entries):
nullptr E 09-25 22:56:51 10742 10742 jni_internal.cc:2677]      0: java.util.jar.JarEntry java.util.zip.ZipFile.$r8$lambda$E6H00l6z3Lr623CYOBOGhMpxBB8(java.util.zip.ZipFile, int)
nullptr E 09-25 22:56:51 10742 10742 jni_internal.cc:2677]      1: java.lang.String java.util.zip.ZipFile.$r8$lambda$ZHaIYBAblJk1_wjJIK_woaEGYTE(java.util.zip.ZipFile, int)
nullptr E 09-25 22:56:51 10742 10742 jni_internal.cc:2677]      2: java.util.zip.ZipEntry java.util.zip.ZipFile.$r8$lambda$ezC-4OQ_M11WsQ9SZfXtPWcxf2w(java.util.zip.ZipFile, int)
nullptr E 09-25 22:56:51 10742 10742 jni_internal.cc:2677]      3: java.util.zip.ZipFile$CleanableResource java.util.zip.ZipFile.-$$Nest$fgetres(java.util.zip.ZipFile)
nullptr E 09-25 22:56:51 10742 10742 jni_internal.cc:2677]      4: void java.util.zip.ZipFile.-$$Nest$mensureOpen(java.util.zip.ZipFile)
nullptr E 09-25 22:56:51 10742 10742 jni_internal.cc:2677]      5: void java.util.zip.ZipFile.-$$Nest$mensureOpenOrZipException(java.util.zip.ZipFile)
nullptr E 09-25 22:56:51 10742 10742 jni_internal.cc:2677]      6: java.util.zip.ZipEntry java.util.zip.ZipFile.-$$Nest$mgetZipEntry(java.util.zip.ZipFile, java.lang.String, int)
nullptr E 09-25 22:56:51 10742 10742 jni_internal.cc:2677]      7: void java.util.zip.ZipFile.<init>(java.io.File)
nullptr E 09-25 22:56:51 10742 10742 jni_internal.cc:2677]      8: void java.util.zip.ZipFile.<init>(java.io.File, int)
nullptr E 09-25 22:56:51 10742 10742 jni_internal.cc:2677]      9: void java.util.zip.ZipFile.<init>(java.io.File, int, java.nio.charset.Charset)
nullptr E 09-25 22:56:51 10742 10742 jni_internal.cc:2677]     10: void java.util.zip.ZipFile.<init>(java.io.File, int, java.nio.charset.Charset, boolean)
nullptr E 09-25 22:56:51 10742 10742 jni_internal.cc:2677]     11: void java.util.zip.ZipFile.<init>(java.io.File, int, boolean)
nullptr E 09-25 22:56:51 10742 10742 jni_internal.cc:2677]     12: void java.util.zip.ZipFile.<init>(java.io.File, java.nio.charset.Charset)
nullptr E 09-25 22:56:51 10742 10742 jni_internal.cc:2677]     13: void java.util.zip.ZipFile.<init>(java.lang.String)
nullptr E 09-25 22:56:51 10742 10742 jni_internal.cc:2677]     14: void java.util.zip.ZipFile.<init>(java.lang.String, java.nio.charset.Charset)
nullptr E 09-25 22:56:51 10742 10742 jni_internal.cc:2677]     15: void java.util.zip.ZipFile.ensureOpen()
nullptr E 09-25 22:56:51 10742 10742 jni_internal.cc:2677]     16: void java.util.zip.ZipFile.ensureOpenOrZipException()
nullptr E 09-25 22:56:51 10742 10742 jni_internal.cc:2677]     17: java.util.stream.Stream java.util.zip.ZipFile.entryNameStream()
nullptr E 09-25 22:56:51 10742 10742 jni_internal.cc:2677]     18: java.lang.String java.util.zip.ZipFile.getEntryName(int)
nullptr E 09-25 22:56:51 10742 10742 jni_internal.cc:2677]     19: int java.util.zip.ZipFile.getManifestNum()
nullptr E 09-25 22:56:51 10742 10742 jni_internal.cc:2677]     20: int[] java.util.zip.ZipFile.getMetaInfVersions()
nullptr E 09-25 22:56:51 10742 10742 jni_internal.cc:2677]     21: java.util.zip.ZipEntry java.util.zip.ZipFile.getZipEntry(java.lang.String, int)
nullptr E 09-25 22:56:51 10742 10742 jni_internal.cc:2677]     22: java.util.Enumeration java.util.zip.ZipFile.jarEntries()
nullptr E 09-25 22:56:51 10742 10742 jni_internal.cc:2677]     23: java.util.stream.Stream java.util.zip.ZipFile.jarStream()
nullptr E 09-25 22:56:51 10742 10742 jni_internal.cc:2677]     24: java.util.jar.JarEntry java.util.zip.ZipFile.lambda$jarStream$1(int)
nullptr E 09-25 22:56:51 10742 10742 jni_internal.cc:2677]     25: java.util.zip.ZipEntry java.util.zip.ZipFile.lambda$stream$0(int)
nullptr E 09-25 22:56:51 10742 10742 jni_internal.cc:2677]   static fields (4 entries):
nullptr E 09-25 22:56:51 10742 10742 jni_internal.cc:2677]      0: int java.util.zip.ZipFile.DEFLATED
nullptr E 09-25 22:56:51 10742 10742 jni_internal.cc:2677]      1: int java.util.zip.ZipFile.OPEN_DELETE
nullptr E 09-25 22:56:51 10742 10742 jni_internal.cc:2677]      2: int java.util.zip.ZipFile.OPEN_READ
nullptr E 09-25 22:56:51 10742 10742 jni_internal.cc:2677]      3: int java.util.zip.ZipFile.STORED
nullptr E 09-25 22:56:51 10742 10742 jni_internal.cc:2677]   instance fields (6 entries):
nullptr E 09-25 22:56:51 10742 10742 jni_internal.cc:2677]      0: boolean java.util.zip.ZipFile.closeRequested
nullptr E 09-25 22:56:51 10742 10742 jni_internal.cc:2677]      1: dalvik.system.CloseGuard java.util.zip.ZipFile.guard
nullptr E 09-25 22:56:51 10742 10742 jni_internal.cc:2677]      2: java.lang.String java.util.zip.ZipFile.lastEntryName
nullptr E 09-25 22:56:51 10742 10742 jni_internal.cc:2677]      3: int java.util.zip.ZipFile.lastEntryPos
nullptr E 09-25 22:56:51 10742 10742 jni_internal.cc:2677]      4: java.lang.String java.util.zip.ZipFile.name
nullptr E 09-25 22:56:51 10742 10742 jni_internal.cc:2677]      5: java.util.zip.ZipFile$CleanableResource java.util.zip.ZipFile.res
nullptr E 09-25 22:56:51 10742 10742 jni_internal.cc:2677] 
nullptr E 09-25 22:56:51 10742 10742 jni_internal.cc:2678] Failed to register native method java.util.zip.ZipFile.getEntryCrc(J)J in /system/framework/core-oj.jar
nullptr E 09-25 22:56:51 10742 10742 jni_internal.cc:2677] ----- class 'Ljava/util/zip/ZipFile;' cl=0 -----
nullptr E 09-25 22:56:51 10742 10742 jni_internal.cc:2677]   objectSize=328 (224 from super)
nullptr E 09-25 22:56:51 10742 10742 jni_internal.cc:2677]   access=0x0000.0001
nullptr E 09-25 22:56:51 10742 10742 jni_internal.cc:2677]   super='java.lang.Class<java.lang.Object>' (cl=0)
nullptr E 09-25 22:56:51 10742 10742 jni_internal.cc:2677]   interfaces (2):
nullptr E 09-25 22:56:51 10742 10742 jni_internal.cc:2677]      0: java.lang.Class<java.util.zip.ZipConstants> (cl=0)
nullptr E 09-25 22:56:51 10742 10742 jni_internal.cc:2677]      1: java.lang.Class<java.io.Closeable> (cl=0)
nullptr E 09-25 22:56:51 10742 10742 jni_internal.cc:2677]   vtable (11 entries, 11 in super):
nullptr E 09-25 22:56:51 10742 10742 jni_internal.cc:2677]      0: void java.util.zip.ZipFile.close()
nullptr E 09-25 22:56:51 10742 10742 jni_internal.cc:2677]      1: java.util.Enumeration java.util.zip.ZipFile.entries()
nullptr E 09-25 22:56:51 10742 10742 jni_internal.cc:2677]      2: java.lang.String java.util.zip.ZipFile.getComment()
nullptr E 09-25 22:56:51 10742 10742 jni_internal.cc:2677]      3: java.util.zip.ZipEntry java.util.zip.ZipFile.getEntry(java.lang.String)
nullptr E 09-25 22:56:51 10742 10742 jni_internal.cc:2677]      4: java.io.InputStream java.util.zip.ZipFile.getInputStream(java.util.zip.ZipEntry)
nullptr E 09-25 22:56:51 10742 10742 jni_internal.cc:2677]      5: java.util.List java.util.zip.ZipFile.getManifestAndSignatureRelatedFiles()
nullptr E 09-25 22:56:51 10742 10742 jni_internal.cc:2677]      6: java.lang.String java.util.zip.ZipFile.getManifestName(boolean)
nullptr E 09-25 22:56:51 10742 10742 jni_internal.cc:2677]      7: java.lang.String java.util.zip.ZipFile.getName()
nullptr E 09-25 22:56:51 10742 10742 jni_internal.cc:2677]      8: int java.util.zip.ZipFile.size()
nullptr E 09-25 22:56:51 10742 10742 jni_internal.cc:2677]      9: boolean java.util.zip.ZipFile.startsWithLocHeader()
nullptr E 09-25 22:56:51 10742 10742 jni_internal.cc:2677]     10: java.util.stream.Stream java.util.zip.ZipFile.stream()
nullptr E 09-25 22:56:51 10742 10742 jni_internal.cc:2677]   direct methods (26 entries):
nullptr E 09-25 22:56:51 10742 10742 jni_internal.cc:2677]      0: java.util.jar.JarEntry java.util.zip.ZipFile.$r8$lambda$E6H00l6z3Lr623CYOBOGhMpxBB8(java.util.zip.ZipFile, int)
nullptr E 09-25 22:56:51 10742 10742 jni_internal.cc:2677]      1: java.lang.String java.util.zip.ZipFile.$r8$lambda$ZHaIYBAblJk1_wjJIK_woaEGYTE(java.util.zip.ZipFile, int)
nullptr E 09-25 22:56:51 10742 10742 jni_internal.cc:2677]      2: java.util.zip.ZipEntry java.util.zip.ZipFile.$r8$lambda$ezC-4OQ_M11WsQ9SZfXtPWcxf2w(java.util.zip.ZipFile, int)
nullptr E 09-25 22:56:51 10742 10742 jni_internal.cc:2677]      3: java.util.zip.ZipFile$CleanableResource java.util.zip.ZipFile.-$$Nest$fgetres(java.util.zip.ZipFile)
nullptr E 09-25 22:56:51 10742 10742 jni_internal.cc:2677]      4: void java.util.zip.ZipFile.-$$Nest$mensureOpen(java.util.zip.ZipFile)
nullptr E 09-25 22:56:51 10742 10742 jni_internal.cc:2677]      5: void java.util.zip.ZipFile.-$$Nest$mensureOpenOrZipException(java.util.zip.ZipFile)
nullptr E 09-25 22:56:51 10742 10742 jni_internal.cc:2677]      6: java.util.zip.ZipEntry java.util.zip.ZipFile.-$$Nest$mgetZipEntry(java.util.zip.ZipFile, java.lang.String, int)
nullptr E 09-25 22:56:51 10742 10742 jni_internal.cc:2677]      7: void java.util.zip.ZipFile.<init>(java.io.File)
nullptr E 09-25 22:56:51 10742 10742 jni_internal.cc:2677]      8: void java.util.zip.ZipFile.<init>(java.io.File, int)
nullptr E 09-25 22:56:51 10742 10742 jni_internal.cc:2677]      9: void java.util.zip.ZipFile.<init>(java.io.File, int, java.nio.charset.Charset)
nullptr E 09-25 22:56:51 10742 10742 jni_internal.cc:2677]     10: void java.util.zip.ZipFile.<init>(java.io.File, int, java.nio.charset.Charset, boolean)
nullptr E 09-25 22:56:51 10742 10742 jni_internal.cc:2677]     11: void java.util.zip.ZipFile.<init>(java.io.File, int, boolean)
nullptr E 09-25 22:56:51 10742 10742 jni_internal.cc:2677]     12: void java.util.zip.ZipFile.<init>(java.io.File, java.nio.charset.Charset)
nullptr E 09-25 22:56:51 10742 10742 jni_internal.cc:2677]     13: void java.util.zip.ZipFile.<init>(java.lang.String)
nullptr E 09-25 22:56:51 10742 10742 jni_internal.cc:2677]     14: void java.util.zip.ZipFile.<init>(java.lang.String, java.nio.charset.Charset)
nullptr E 09-25 22:56:51 10742 10742 jni_internal.cc:2677]     15: void java.util.zip.ZipFile.ensureOpen()
nullptr E 09-25 22:56:51 10742 10742 jni_internal.cc:2677]     16: void java.util.zip.ZipFile.ensureOpenOrZipException()
nullptr E 09-25 22:56:51 10742 10742 jni_internal.cc:2677]     17: java.util.stream.Stream java.util.zip.ZipFile.entryNameStream()
nullptr E 09-25 22:56:51 10742 10742 jni_internal.cc:2677]     18: java.lang.String java.util.zip.ZipFile.getEntryName(int)
nullptr E 09-25 22:56:51 10742 10742 jni_internal.cc:2677]     19: int java.util.zip.ZipFile.getManifestNum()
nullptr E 09-25 22:56:51 10742 10742 jni_internal.cc:2677]     20: int[] java.util.zip.ZipFile.getMetaInfVersions()
nullptr E 09-25 22:56:51 10742 10742 jni_internal.cc:2677]     21: java.util.zip.ZipEntry java.util.zip.ZipFile.getZipEntry(java.lang.String, int)
nullptr E 09-25 22:56:51 10742 10742 jni_internal.cc:2677]     22: java.util.Enumeration java.util.zip.ZipFile.jarEntries()
nullptr E 09-25 22:56:51 10742 10742 jni_internal.cc:2677]     23: java.util.stream.Stream java.util.zip.ZipFile.jarStream()
nullptr E 09-25 22:56:51 10742 10742 jni_internal.cc:2677]     24: java.util.jar.JarEntry java.util.zip.ZipFile.lambda$jarStream$1(int)
nullptr E 09-25 22:56:51 10742 10742 jni_internal.cc:2677]     25: java.util.zip.ZipEntry java.util.zip.ZipFile.lambda$stream$0(int)
nullptr E 09-25 22:56:51 10742 10742 jni_internal.cc:2677]   static fields (4 entries):
nullptr E 09-25 22:56:51 10742 10742 jni_internal.cc:2677]      0: int java.util.zip.ZipFile.DEFLATED
nullptr E 09-25 22:56:51 10742 10742 jni_internal.cc:2677]      1: int java.util.zip.ZipFile.OPEN_DELETE
nullptr E 09-25 22:56:51 10742 10742 jni_internal.cc:2677]      2: int java.util.zip.ZipFile.OPEN_READ
nullptr E 09-25 22:56:51 10742 10742 jni_internal.cc:2677]      3: int java.util.zip.ZipFile.STORED
nullptr E 09-25 22:56:51 10742 10742 jni_internal.cc:2677]   instance fields (6 entries):
nullptr E 09-25 22:56:51 10742 10742 jni_internal.cc:2677]      0: boolean java.util.zip.ZipFile.closeRequested
nullptr E 09-25 22:56:51 10742 10742 jni_internal.cc:2677]      1: dalvik.system.CloseGuard java.util.zip.ZipFile.guard
nullptr E 09-25 22:56:51 10742 10742 jni_internal.cc:2677]      2: java.lang.String java.util.zip.ZipFile.lastEntryName
nullptr E 09-25 22:56:51 10742 10742 jni_internal.cc:2677]      3: int java.util.zip.ZipFile.lastEntryPos
nullptr E 09-25 22:56:51 10742 10742 jni_internal.cc:2677]      4: java.lang.String java.util.zip.ZipFile.name
nullptr E 09-25 22:56:51 10742 10742 jni_internal.cc:2677]      5: java.util.zip.ZipFile$CleanableResource java.util.zip.ZipFile.res
nullptr E 09-25 22:56:51 10742 10742 jni_internal.cc:2677] 
nullptr E 09-25 22:56:51 10742 10742 jni_internal.cc:2678] Failed to register native method java.util.zip.ZipFile.getEntryFlag(J)I in /system/framework/core-oj.jar
nullptr E 09-25 22:56:51 10742 10742 jni_internal.cc:2677] ----- class 'Ljava/util/zip/ZipFile;' cl=0 -----
nullptr E 09-25 22:56:51 10742 10742 jni_internal.cc:2677]   objectSize=328 (224 from super)
nullptr E 09-25 22:56:51 10742 10742 jni_internal.cc:2677]   access=0x0000.0001
nullptr E 09-25 22:56:51 10742 10742 jni_internal.cc:2677]   super='java.lang.Class<java.lang.Object>' (cl=0)
nullptr E 09-25 22:56:51 10742 10742 jni_internal.cc:2677]   interfaces (2):
nullptr E 09-25 22:56:51 10742 10742 jni_internal.cc:2677]      0: java.lang.Class<java.util.zip.ZipConstants> (cl=0)
nullptr E 09-25 22:56:51 10742 10742 jni_internal.cc:2677]      1: java.lang.Class<java.io.Closeable> (cl=0)
nullptr E 09-25 22:56:51 10742 10742 jni_internal.cc:2677]   vtable (11 entries, 11 in super):
nullptr E 09-25 22:56:51 10742 10742 jni_internal.cc:2677]      0: void java.util.zip.ZipFile.close()
nullptr E 09-25 22:56:51 10742 10742 jni_internal.cc:2677]      1: java.util.Enumeration java.util.zip.ZipFile.entries()
nullptr E 09-25 22:56:51 10742 10742 jni_internal.cc:2677]      2: java.lang.String java.util.zip.ZipFile.getComment()
nullptr E 09-25 22:56:51 10742 10742 jni_internal.cc:2677]      3: java.util.zip.ZipEntry java.util.zip.ZipFile.getEntry(java.lang.String)
nullptr E 09-25 22:56:51 10742 10742 jni_internal.cc:2677]      4: java.io.InputStream java.util.zip.ZipFile.getInputStream(java.util.zip.ZipEntry)
nullptr E 09-25 22:56:51 10742 10742 jni_internal.cc:2677]      5: java.util.List java.util.zip.ZipFile.getManifestAndSignatureRelatedFiles()
nullptr E 09-25 22:56:51 10742 10742 jni_internal.cc:2677]      6: java.lang.String java.util.zip.ZipFile.getManifestName(boolean)
nullptr E 09-25 22:56:51 10742 10742 jni_internal.cc:2677]      7: java.lang.String java.util.zip.ZipFile.getName()
nullptr E 09-25 22:56:51 10742 10742 jni_internal.cc:2677]      8: int java.util.zip.ZipFile.size()
nullptr E 09-25 22:56:51 10742 10742 jni_internal.cc:2677]      9: boolean java.util.zip.ZipFile.startsWithLocHeader()
nullptr E 09-25 22:56:51 10742 10742 jni_internal.cc:2677]     10: java.util.stream.Stream java.util.zip.ZipFile.stream()
nullptr E 09-25 22:56:51 10742 10742 jni_internal.cc:2677]   direct methods (26 entries):
nullptr E 09-25 22:56:51 10742 10742 jni_internal.cc:2677]      0: java.util.jar.JarEntry java.util.zip.ZipFile.$r8$lambda$E6H00l6z3Lr623CYOBOGhMpxBB8(java.util.zip.ZipFile, int)
nullptr E 09-25 22:56:51 10742 10742 jni_internal.cc:2677]      1: java.lang.String java.util.zip.ZipFile.$r8$lambda$ZHaIYBAblJk1_wjJIK_woaEGYTE(java.util.zip.ZipFile, int)
nullptr E 09-25 22:56:51 10742 10742 jni_internal.cc:2677]      2: java.util.zip.ZipEntry java.util.zip.ZipFile.$r8$lambda$ezC-4OQ_M11WsQ9SZfXtPWcxf2w(java.util.zip.ZipFile, int)
nullptr E 09-25 22:56:51 10742 10742 jni_internal.cc:2677]      3: java.util.zip.ZipFile$CleanableResource java.util.zip.ZipFile.-$$Nest$fgetres(java.util.zip.ZipFile)
nullptr E 09-25 22:56:51 10742 10742 jni_internal.cc:2677]      4: void java.util.zip.ZipFile.-$$Nest$mensureOpen(java.util.zip.ZipFile)
nullptr E 09-25 22:56:51 10742 10742 jni_internal.cc:2677]      5: void java.util.zip.ZipFile.-$$Nest$mensureOpenOrZipException(java.util.zip.ZipFile)
nullptr E 09-25 22:56:51 10742 10742 jni_internal.cc:2677]      6: java.util.zip.ZipEntry java.util.zip.ZipFile.-$$Nest$mgetZipEntry(java.util.zip.ZipFile, java.lang.String, int)
nullptr E 09-25 22:56:51 10742 10742 jni_internal.cc:2677]      7: void java.util.zip.ZipFile.<init>(java.io.File)
nullptr E 09-25 22:56:51 10742 10742 jni_internal.cc:2677]      8: void java.util.zip.ZipFile.<init>(java.io.File, int)
nullptr E 09-25 22:56:51 10742 10742 jni_internal.cc:2677]      9: void java.util.zip.ZipFile.<init>(java.io.File, int, java.nio.charset.Charset)
nullptr E 09-25 22:56:51 10742 10742 jni_internal.cc:2677]     10: void java.util.zip.ZipFile.<init>(java.io.File, int, java.nio.charset.Charset, boolean)
nullptr E 09-25 22:56:51 10742 10742 jni_internal.cc:2677]     11: void java.util.zip.ZipFile.<init>(java.io.File, int, boolean)
nullptr E 09-25 22:56:51 10742 10742 jni_internal.cc:2677]     12: void java.util.zip.ZipFile.<init>(java.io.File, java.nio.charset.Charset)
nullptr E 09-25 22:56:51 10742 10742 jni_internal.cc:2677]     13: void java.util.zip.ZipFile.<init>(java.lang.String)
nullptr E 09-25 22:56:51 10742 10742 jni_internal.cc:2677]     14: void java.util.zip.ZipFile.<init>(java.lang.String, java.nio.charset.Charset)
nullptr E 09-25 22:56:51 10742 10742 jni_internal.cc:2677]     15: void java.util.zip.ZipFile.ensureOpen()
nullptr E 09-25 22:56:51 10742 10742 jni_internal.cc:2677]     16: void java.util.zip.ZipFile.ensureOpenOrZipException()
nullptr E 09-25 22:56:51 10742 10742 jni_internal.cc:2677]     17: java.util.stream.Stream java.util.zip.ZipFile.entryNameStream()
nullptr E 09-25 22:56:51 10742 10742 jni_internal.cc:2677]     18: java.lang.String java.util.zip.ZipFile.getEntryName(int)
nullptr E 09-25 22:56:51 10742 10742 jni_internal.cc:2677]     19: int java.util.zip.ZipFile.getManifestNum()
nullptr E 09-25 22:56:51 10742 10742 jni_internal.cc:2677]     20: int[] java.util.zip.ZipFile.getMetaInfVersions()
nullptr E 09-25 22:56:51 10742 10742 jni_internal.cc:2677]     21: java.util.zip.ZipEntry java.util.zip.ZipFile.getZipEntry(java.lang.String, int)
nullptr E 09-25 22:56:51 10742 10742 jni_internal.cc:2677]     22: java.util.Enumeration java.util.zip.ZipFile.jarEntries()
nullptr E 09-25 22:56:51 10742 10742 jni_internal.cc:2677]     23: java.util.stream.Stream java.util.zip.ZipFile.jarStream()
nullptr E 09-25 22:56:51 10742 10742 jni_internal.cc:2677]     24: java.util.jar.JarEntry java.util.zip.ZipFile.lambda$jarStream$1(int)
nullptr E 09-25 22:56:51 10742 10742 jni_internal.cc:2677]     25: java.util.zip.ZipEntry java.util.zip.ZipFile.lambda$stream$0(int)
nullptr E 09-25 22:56:51 10742 10742 jni_internal.cc:2677]   static fields (4 entries):
nullptr E 09-25 22:56:51 10742 10742 jni_internal.cc:2677]      0: int java.util.zip.ZipFile.DEFLATED
nullptr E 09-25 22:56:51 10742 10742 jni_internal.cc:2677]      1: int java.util.zip.ZipFile.OPEN_DELETE
nullptr E 09-25 22:56:51 10742 10742 jni_internal.cc:2677]      2: int java.util.zip.ZipFile.OPEN_READ
nullptr E 09-25 22:56:51 10742 10742 jni_internal.cc:2677]      3: int java.util.zip.ZipFile.STORED
nullptr E 09-25 22:56:51 10742 10742 jni_internal.cc:2677]   instance fields (6 entries):
nullptr E 09-25 22:56:51 10742 10742 jni_internal.cc:2677]      0: boolean java.util.zip.ZipFile.closeRequested
nullptr E 09-25 22:56:51 10742 10742 jni_internal.cc:2677]      1: dalvik.system.CloseGuard java.util.zip.ZipFile.guard
nullptr E 09-25 22:56:51 10742 10742 jni_internal.cc:2677]      2: java.lang.String java.util.zip.ZipFile.lastEntryName
nullptr E 09-25 22:56:51 10742 10742 jni_internal.cc:2677]      3: int java.util.zip.ZipFile.lastEntryPos
nullptr E 09-25 22:56:51 10742 10742 jni_internal.cc:2677]      4: java.lang.String java.util.zip.ZipFile.name
nullptr E 09-25 22:56:51 10742 10742 jni_internal.cc:2677]      5: java.util.zip.ZipFile$CleanableResource java.util.zip.ZipFile.res
nullptr E 09-25 22:56:51 10742 10742 jni_internal.cc:2677] 
nullptr E 09-25 22:56:51 10742 10742 jni_internal.cc:2678] Failed to register native method java.util.zip.ZipFile.getFileDescriptor(J)I in /system/framework/core-oj.jar
nullptr E 09-25 22:56:51 10742 10742 jni_internal.cc:2677] ----- class 'Ljava/util/zip/ZipFile;' cl=0 -----
nullptr E 09-25 22:56:51 10742 10742 jni_internal.cc:2677]   objectSize=328 (224 from super)
nullptr E 09-25 22:56:51 10742 10742 jni_internal.cc:2677]   access=0x0000.0001
nullptr E 09-25 22:56:51 10742 10742 jni_internal.cc:2677]   super='java.lang.Class<java.lang.Object>' (cl=0)
nullptr E 09-25 22:56:51 10742 10742 jni_internal.cc:2677]   interfaces (2):
nullptr E 09-25 22:56:51 10742 10742 jni_internal.cc:2677]      0: java.lang.Class<java.util.zip.ZipConstants> (cl=0)
nullptr E 09-25 22:56:51 10742 10742 jni_internal.cc:2677]      1: java.lang.Class<java.io.Closeable> (cl=0)
nullptr E 09-25 22:56:51 10742 10742 jni_internal.cc:2677]   vtable (11 entries, 11 in super):
nullptr E 09-25 22:56:51 10742 10742 jni_internal.cc:2677]      0: void java.util.zip.ZipFile.close()
nullptr E 09-25 22:56:51 10742 10742 jni_internal.cc:2677]      1: java.util.Enumeration java.util.zip.ZipFile.entries()
nullptr E 09-25 22:56:51 10742 10742 jni_internal.cc:2677]      2: java.lang.String java.util.zip.ZipFile.getComment()
nullptr E 09-25 22:56:51 10742 10742 jni_internal.cc:2677]      3: java.util.zip.ZipEntry java.util.zip.ZipFile.getEntry(java.lang.String)
nullptr E 09-25 22:56:51 10742 10742 jni_internal.cc:2677]      4: java.io.InputStream java.util.zip.ZipFile.getInputStream(java.util.zip.ZipEntry)
nullptr E 09-25 22:56:51 10742 10742 jni_internal.cc:2677]      5: java.util.List java.util.zip.ZipFile.getManifestAndSignatureRelatedFiles()
nullptr E 09-25 22:56:51 10742 10742 jni_internal.cc:2677]      6: java.lang.String java.util.zip.ZipFile.getManifestName(boolean)
nullptr E 09-25 22:56:51 10742 10742 jni_internal.cc:2677]      7: java.lang.String java.util.zip.ZipFile.getName()
nullptr E 09-25 22:56:51 10742 10742 jni_internal.cc:2677]      8: int java.util.zip.ZipFile.size()
nullptr E 09-25 22:56:51 10742 10742 jni_internal.cc:2677]      9: boolean java.util.zip.ZipFile.startsWithLocHeader()
nullptr E 09-25 22:56:51 10742 10742 jni_internal.cc:2677]     10: java.util.stream.Stream java.util.zip.ZipFile.stream()
nullptr E 09-25 22:56:51 10742 10742 jni_internal.cc:2677]   direct methods (26 entries):
nullptr E 09-25 22:56:51 10742 10742 jni_internal.cc:2677]      0: java.util.jar.JarEntry java.util.zip.ZipFile.$r8$lambda$E6H00l6z3Lr623CYOBOGhMpxBB8(java.util.zip.ZipFile, int)
nullptr E 09-25 22:56:51 10742 10742 jni_internal.cc:2677]      1: java.lang.String java.util.zip.ZipFile.$r8$lambda$ZHaIYBAblJk1_wjJIK_woaEGYTE(java.util.zip.ZipFile, int)
nullptr E 09-25 22:56:51 10742 10742 jni_internal.cc:2677]      2: java.util.zip.ZipEntry java.util.zip.ZipFile.$r8$lambda$ezC-4OQ_M11WsQ9SZfXtPWcxf2w(java.util.zip.ZipFile, int)
nullptr E 09-25 22:56:51 10742 10742 jni_internal.cc:2677]      3: java.util.zip.ZipFile$CleanableResource java.util.zip.ZipFile.-$$Nest$fgetres(java.util.zip.ZipFile)
nullptr E 09-25 22:56:51 10742 10742 jni_internal.cc:2677]      4: void java.util.zip.ZipFile.-$$Nest$mensureOpen(java.util.zip.ZipFile)
nullptr E 09-25 22:56:51 10742 10742 jni_internal.cc:2677]      5: void java.util.zip.ZipFile.-$$Nest$mensureOpenOrZipException(java.util.zip.ZipFile)
nullptr E 09-25 22:56:51 10742 10742 jni_internal.cc:2677]      6: java.util.zip.ZipEntry java.util.zip.ZipFile.-$$Nest$mgetZipEntry(java.util.zip.ZipFile, java.lang.String, int)
nullptr E 09-25 22:56:51 10742 10742 jni_internal.cc:2677]      7: void java.util.zip.ZipFile.<init>(java.io.File)
nullptr E 09-25 22:56:51 10742 10742 jni_internal.cc:2677]      8: void java.util.zip.ZipFile.<init>(java.io.File, int)
nullptr E 09-25 22:56:51 10742 10742 jni_internal.cc:2677]      9: void java.util.zip.ZipFile.<init>(java.io.File, int, java.nio.charset.Charset)
nullptr E 09-25 22:56:51 10742 10742 jni_internal.cc:2677]     10: void java.util.zip.ZipFile.<init>(java.io.File, int, java.nio.charset.Charset, boolean)
nullptr E 09-25 22:56:51 10742 10742 jni_internal.cc:2677]     11: void java.util.zip.ZipFile.<init>(java.io.File, int, boolean)
nullptr E 09-25 22:56:51 10742 10742 jni_internal.cc:2677]     12: void java.util.zip.ZipFile.<init>(java.io.File, java.nio.charset.Charset)
nullptr E 09-25 22:56:51 10742 10742 jni_internal.cc:2677]     13: void java.util.zip.ZipFile.<init>(java.lang.String)
nullptr E 09-25 22:56:51 10742 10742 jni_internal.cc:2677]     14: void java.util.zip.ZipFile.<init>(java.lang.String, java.nio.charset.Charset)
nullptr E 09-25 22:56:51 10742 10742 jni_internal.cc:2677]     15: void java.util.zip.ZipFile.ensureOpen()
nullptr E 09-25 22:56:51 10742 10742 jni_internal.cc:2677]     16: void java.util.zip.ZipFile.ensureOpenOrZipException()
nullptr E 09-25 22:56:51 10742 10742 jni_internal.cc:2677]     17: java.util.stream.Stream java.util.zip.ZipFile.entryNameStream()
nullptr E 09-25 22:56:51 10742 10742 jni_internal.cc:2677]     18: java.lang.String java.util.zip.ZipFile.getEntryName(int)
nullptr E 09-25 22:56:51 10742 10742 jni_internal.cc:2677]     19: int java.util.zip.ZipFile.getManifestNum()
nullptr E 09-25 22:56:51 10742 10742 jni_internal.cc:2677]     20: int[] java.util.zip.ZipFile.getMetaInfVersions()
nullptr E 09-25 22:56:51 10742 10742 jni_internal.cc:2677]     21: java.util.zip.ZipEntry java.util.zip.ZipFile.getZipEntry(java.lang.String, int)
nullptr E 09-25 22:56:51 10742 10742 jni_internal.cc:2677]     22: java.util.Enumeration java.util.zip.ZipFile.jarEntries()
nullptr E 09-25 22:56:51 10742 10742 jni_internal.cc:2677]     23: java.util.stream.Stream java.util.zip.ZipFile.jarStream()
nullptr E 09-25 22:56:51 10742 10742 jni_internal.cc:2677]     24: java.util.jar.JarEntry java.util.zip.ZipFile.lambda$jarStream$1(int)
nullptr E 09-25 22:56:51 10742 10742 jni_internal.cc:2677]     25: java.util.zip.ZipEntry java.util.zip.ZipFile.lambda$stream$0(int)
nullptr E 09-25 22:56:51 10742 10742 jni_internal.cc:2677]   static fields (4 entries):
nullptr E 09-25 22:56:51 10742 10742 jni_internal.cc:2677]      0: int java.util.zip.ZipFile.DEFLATED
nullptr E 09-25 22:56:51 10742 10742 jni_internal.cc:2677]      1: int java.util.zip.ZipFile.OPEN_DELETE
nullptr E 09-25 22:56:51 10742 10742 jni_internal.cc:2677]      2: int java.util.zip.ZipFile.OPEN_READ
nullptr E 09-25 22:56:51 10742 10742 jni_internal.cc:2677]      3: int java.util.zip.ZipFile.STORED
nullptr E 09-25 22:56:51 10742 10742 jni_internal.cc:2677]   instance fields (6 entries):
nullptr E 09-25 22:56:51 10742 10742 jni_internal.cc:2677]      0: boolean java.util.zip.ZipFile.closeRequested
nullptr E 09-25 22:56:51 10742 10742 jni_internal.cc:2677]      1: dalvik.system.CloseGuard java.util.zip.ZipFile.guard
nullptr E 09-25 22:56:51 10742 10742 jni_internal.cc:2677]      2: java.lang.String java.util.zip.ZipFile.lastEntryName
nullptr E 09-25 22:56:51 10742 10742 jni_internal.cc:2677]      3: int java.util.zip.ZipFile.lastEntryPos
nullptr E 09-25 22:56:51 10742 10742 jni_internal.cc:2677]      4: java.lang.String java.util.zip.ZipFile.name
nullptr E 09-25 22:56:51 10742 10742 jni_internal.cc:2677]      5: java.util.zip.ZipFile$CleanableResource java.util.zip.ZipFile.res
nullptr E 09-25 22:56:51 10742 10742 jni_internal.cc:2677] 
nullptr E 09-25 22:56:51 10742 10742 jni_internal.cc:2678] Failed to register native method java.util.zip.ZipFile.getCommentBytes(J)[B in /system/framework/core-oj.jar
nullptr E 09-25 22:56:51 10742 10742 jni_internal.cc:2677] ----- class 'Ljava/util/zip/ZipFile;' cl=0 -----
nullptr E 09-25 22:56:51 10742 10742 jni_internal.cc:2677]   objectSize=328 (224 from super)
nullptr E 09-25 22:56:51 10742 10742 jni_internal.cc:2677]   access=0x0000.0001
nullptr E 09-25 22:56:51 10742 10742 jni_internal.cc:2677]   super='java.lang.Class<java.lang.Object>' (cl=0)
nullptr E 09-25 22:56:51 10742 10742 jni_internal.cc:2677]   interfaces (2):
nullptr E 09-25 22:56:51 10742 10742 jni_internal.cc:2677]      0: java.lang.Class<java.util.zip.ZipConstants> (cl=0)
nullptr E 09-25 22:56:51 10742 10742 jni_internal.cc:2677]      1: java.lang.Class<java.io.Closeable> (cl=0)
nullptr E 09-25 22:56:51 10742 10742 jni_internal.cc:2677]   vtable (11 entries, 11 in super):
nullptr E 09-25 22:56:51 10742 10742 jni_internal.cc:2677]      0: void java.util.zip.ZipFile.close()
nullptr E 09-25 22:56:51 10742 10742 jni_internal.cc:2677]      1: java.util.Enumeration java.util.zip.ZipFile.entries()
nullptr E 09-25 22:56:51 10742 10742 jni_internal.cc:2677]      2: java.lang.String java.util.zip.ZipFile.getComment()
nullptr E 09-25 22:56:51 10742 10742 jni_internal.cc:2677]      3: java.util.zip.ZipEntry java.util.zip.ZipFile.getEntry(java.lang.String)
nullptr E 09-25 22:56:51 10742 10742 jni_internal.cc:2677]      4: java.io.InputStream java.util.zip.ZipFile.getInputStream(java.util.zip.ZipEntry)
nullptr E 09-25 22:56:51 10742 10742 jni_internal.cc:2677]      5: java.util.List java.util.zip.ZipFile.getManifestAndSignatureRelatedFiles()
nullptr E 09-25 22:56:51 10742 10742 jni_internal.cc:2677]      6: java.lang.String java.util.zip.ZipFile.getManifestName(boolean)
nullptr E 09-25 22:56:51 10742 10742 jni_internal.cc:2677]      7: java.lang.String java.util.zip.ZipFile.getName()
nullptr E 09-25 22:56:51 10742 10742 jni_internal.cc:2677]      8: int java.util.zip.ZipFile.size()
nullptr E 09-25 22:56:51 10742 10742 jni_internal.cc:2677]      9: boolean java.util.zip.ZipFile.startsWithLocHeader()
nullptr E 09-25 22:56:51 10742 10742 jni_internal.cc:2677]     10: java.util.stream.Stream java.util.zip.ZipFile.stream()
nullptr E 09-25 22:56:51 10742 10742 jni_internal.cc:2677]   direct methods (26 entries):
nullptr E 09-25 22:56:51 10742 10742 jni_internal.cc:2677]      0: java.util.jar.JarEntry java.util.zip.ZipFile.$r8$lambda$E6H00l6z3Lr623CYOBOGhMpxBB8(java.util.zip.ZipFile, int)
nullptr E 09-25 22:56:51 10742 10742 jni_internal.cc:2677]      1: java.lang.String java.util.zip.ZipFile.$r8$lambda$ZHaIYBAblJk1_wjJIK_woaEGYTE(java.util.zip.ZipFile, int)
nullptr E 09-25 22:56:51 10742 10742 jni_internal.cc:2677]      2: java.util.zip.ZipEntry java.util.zip.ZipFile.$r8$lambda$ezC-4OQ_M11WsQ9SZfXtPWcxf2w(java.util.zip.ZipFile, int)
nullptr E 09-25 22:56:51 10742 10742 jni_internal.cc:2677]      3: java.util.zip.ZipFile$CleanableResource java.util.zip.ZipFile.-$$Nest$fgetres(java.util.zip.ZipFile)
nullptr E 09-25 22:56:51 10742 10742 jni_internal.cc:2677]      4: void java.util.zip.ZipFile.-$$Nest$mensureOpen(java.util.zip.ZipFile)
nullptr E 09-25 22:56:51 10742 10742 jni_internal.cc:2677]      5: void java.util.zip.ZipFile.-$$Nest$mensureOpenOrZipException(java.util.zip.ZipFile)
nullptr E 09-25 22:56:51 10742 10742 jni_internal.cc:2677]      6: java.util.zip.ZipEntry java.util.zip.ZipFile.-$$Nest$mgetZipEntry(java.util.zip.ZipFile, java.lang.String, int)
nullptr E 09-25 22:56:51 10742 10742 jni_internal.cc:2677]      7: void java.util.zip.ZipFile.<init>(java.io.File)
nullptr E 09-25 22:56:51 10742 10742 jni_internal.cc:2677]      8: void java.util.zip.ZipFile.<init>(java.io.File, int)
nullptr E 09-25 22:56:51 10742 10742 jni_internal.cc:2677]      9: void java.util.zip.ZipFile.<init>(java.io.File, int, java.nio.charset.Charset)
nullptr E 09-25 22:56:51 10742 10742 jni_internal.cc:2677]     10: void java.util.zip.ZipFile.<init>(java.io.File, int, java.nio.charset.Charset, boolean)
nullptr E 09-25 22:56:51 10742 10742 jni_internal.cc:2677]     11: void java.util.zip.ZipFile.<init>(java.io.File, int, boolean)
nullptr E 09-25 22:56:51 10742 10742 jni_internal.cc:2677]     12: void java.util.zip.ZipFile.<init>(java.io.File, java.nio.charset.Charset)
nullptr E 09-25 22:56:51 10742 10742 jni_internal.cc:2677]     13: void java.util.zip.ZipFile.<init>(java.lang.String)
nullptr E 09-25 22:56:51 10742 10742 jni_internal.cc:2677]     14: void java.util.zip.ZipFile.<init>(java.lang.String, java.nio.charset.Charset)
nullptr E 09-25 22:56:51 10742 10742 jni_internal.cc:2677]     15: void java.util.zip.ZipFile.ensureOpen()
nullptr E 09-25 22:56:51 10742 10742 jni_internal.cc:2677]     16: void java.util.zip.ZipFile.ensureOpenOrZipException()
nullptr E 09-25 22:56:51 10742 10742 jni_internal.cc:2677]     17: java.util.stream.Stream java.util.zip.ZipFile.entryNameStream()
nullptr E 09-25 22:56:51 10742 10742 jni_internal.cc:2677]     18: java.lang.String java.util.zip.ZipFile.getEntryName(int)
nullptr E 09-25 22:56:51 10742 10742 jni_internal.cc:2677]     19: int java.util.zip.ZipFile.getManifestNum()
nullptr E 09-25 22:56:51 10742 10742 jni_internal.cc:2677]     20: int[] java.util.zip.ZipFile.getMetaInfVersions()
nullptr E 09-25 22:56:51 10742 10742 jni_internal.cc:2677]     21: java.util.zip.ZipEntry java.util.zip.ZipFile.getZipEntry(java.lang.String, int)
nullptr E 09-25 22:56:51 10742 10742 jni_internal.cc:2677]     22: java.util.Enumeration java.util.zip.ZipFile.jarEntries()
nullptr E 09-25 22:56:51 10742 10742 jni_internal.cc:2677]     23: java.util.stream.Stream java.util.zip.ZipFile.jarStream()
nullptr E 09-25 22:56:51 10742 10742 jni_internal.cc:2677]     24: java.util.jar.JarEntry java.util.zip.ZipFile.lambda$jarStream$1(int)
nullptr E 09-25 22:56:51 10742 10742 jni_internal.cc:2677]     25: java.util.zip.ZipEntry java.util.zip.ZipFile.lambda$stream$0(int)
nullptr E 09-25 22:56:51 10742 10742 jni_internal.cc:2677]   static fields (4 entries):
nullptr E 09-25 22:56:51 10742 10742 jni_internal.cc:2677]      0: int java.util.zip.ZipFile.DEFLATED
nullptr E 09-25 22:56:51 10742 10742 jni_internal.cc:2677]      1: int java.util.zip.ZipFile.OPEN_DELETE
nullptr E 09-25 22:56:51 10742 10742 jni_internal.cc:2677]      2: int java.util.zip.ZipFile.OPEN_READ
nullptr E 09-25 22:56:51 10742 10742 jni_internal.cc:2677]      3: int java.util.zip.ZipFile.STORED
nullptr E 09-25 22:56:51 10742 10742 jni_internal.cc:2677]   instance fields (6 entries):
nullptr E 09-25 22:56:51 10742 10742 jni_internal.cc:2677]      0: boolean java.util.zip.ZipFile.closeRequested
nullptr E 09-25 22:56:51 10742 10742 jni_internal.cc:2677]      1: dalvik.system.CloseGuard java.util.zip.ZipFile.guard
nullptr E 09-25 22:56:51 10742 10742 jni_internal.cc:2677]      2: java.lang.String java.util.zip.ZipFile.lastEntryName
nullptr E 09-25 22:56:51 10742 10742 jni_internal.cc:2677]      3: int java.util.zip.ZipFile.lastEntryPos
nullptr E 09-25 22:56:51 10742 10742 jni_internal.cc:2677]      4: java.lang.String java.util.zip.ZipFile.name
nullptr E 09-25 22:56:51 10742 10742 jni_internal.cc:2677]      5: java.util.zip.ZipFile$CleanableResource java.util.zip.ZipFile.res
nullptr E 09-25 22:56:51 10742 10742 jni_internal.cc:2677] 
nullptr E 09-25 22:56:51 10742 10742 jni_internal.cc:2678] Failed to register native method java.util.zip.ZipFile.read(JJJ[BII)I in /system/framework/core-oj.jar
nullptr E 09-25 22:56:51 10742 10742 jni_internal.cc:2677] ----- class 'Ljava/util/zip/ZipFile;' cl=0 -----
nullptr E 09-25 22:56:51 10742 10742 jni_internal.cc:2677]   objectSize=328 (224 from super)
nullptr E 09-25 22:56:51 10742 10742 jni_internal.cc:2677]   access=0x0000.0001
nullptr E 09-25 22:56:51 10742 10742 jni_internal.cc:2677]   super='java.lang.Class<java.lang.Object>' (cl=0)
nullptr E 09-25 22:56:51 10742 10742 jni_internal.cc:2677]   interfaces (2):
nullptr E 09-25 22:56:51 10742 10742 jni_internal.cc:2677]      0: java.lang.Class<java.util.zip.ZipConstants> (cl=0)
nullptr E 09-25 22:56:51 10742 10742 jni_internal.cc:2677]      1: java.lang.Class<java.io.Closeable> (cl=0)
nullptr E 09-25 22:56:51 10742 10742 jni_internal.cc:2677]   vtable (11 entries, 11 in super):
nullptr E 09-25 22:56:51 10742 10742 jni_internal.cc:2677]      0: void java.util.zip.ZipFile.close()
nullptr E 09-25 22:56:51 10742 10742 jni_internal.cc:2677]      1: java.util.Enumeration java.util.zip.ZipFile.entries()
nullptr E 09-25 22:56:51 10742 10742 jni_internal.cc:2677]      2: java.lang.String java.util.zip.ZipFile.getComment()
nullptr E 09-25 22:56:51 10742 10742 jni_internal.cc:2677]      3: java.util.zip.ZipEntry java.util.zip.ZipFile.getEntry(java.lang.String)
nullptr E 09-25 22:56:51 10742 10742 jni_internal.cc:2677]      4: java.io.InputStream java.util.zip.ZipFile.getInputStream(java.util.zip.ZipEntry)
nullptr E 09-25 22:56:51 10742 10742 jni_internal.cc:2677]      5: java.util.List java.util.zip.ZipFile.getManifestAndSignatureRelatedFiles()
nullptr E 09-25 22:56:51 10742 10742 jni_internal.cc:2677]      6: java.lang.String java.util.zip.ZipFile.getManifestName(boolean)
nullptr E 09-25 22:56:51 10742 10742 jni_internal.cc:2677]      7: java.lang.String java.util.zip.ZipFile.getName()
nullptr E 09-25 22:56:51 10742 10742 jni_internal.cc:2677]      8: int java.util.zip.ZipFile.size()
nullptr E 09-25 22:56:51 10742 10742 jni_internal.cc:2677]      9: boolean java.util.zip.ZipFile.startsWithLocHeader()
nullptr E 09-25 22:56:51 10742 10742 jni_internal.cc:2677]     10: java.util.stream.Stream java.util.zip.ZipFile.stream()
nullptr E 09-25 22:56:51 10742 10742 jni_internal.cc:2677]   direct methods (26 entries):
nullptr E 09-25 22:56:51 10742 10742 jni_internal.cc:2677]      0: java.util.jar.JarEntry java.util.zip.ZipFile.$r8$lambda$E6H00l6z3Lr623CYOBOGhMpxBB8(java.util.zip.ZipFile, int)
nullptr E 09-25 22:56:51 10742 10742 jni_internal.cc:2677]      1: java.lang.String java.util.zip.ZipFile.$r8$lambda$ZHaIYBAblJk1_wjJIK_woaEGYTE(java.util.zip.ZipFile, int)
nullptr E 09-25 22:56:51 10742 10742 jni_internal.cc:2677]      2: java.util.zip.ZipEntry java.util.zip.ZipFile.$r8$lambda$ezC-4OQ_M11WsQ9SZfXtPWcxf2w(java.util.zip.ZipFile, int)
nullptr E 09-25 22:56:51 10742 10742 jni_internal.cc:2677]      3: java.util.zip.ZipFile$CleanableResource java.util.zip.ZipFile.-$$Nest$fgetres(java.util.zip.ZipFile)
nullptr E 09-25 22:56:51 10742 10742 jni_internal.cc:2677]      4: void java.util.zip.ZipFile.-$$Nest$mensureOpen(java.util.zip.ZipFile)
nullptr E 09-25 22:56:51 10742 10742 jni_internal.cc:2677]      5: void java.util.zip.ZipFile.-$$Nest$mensureOpenOrZipException(java.util.zip.ZipFile)
nullptr E 09-25 22:56:51 10742 10742 jni_internal.cc:2677]      6: java.util.zip.ZipEntry java.util.zip.ZipFile.-$$Nest$mgetZipEntry(java.util.zip.ZipFile, java.lang.String, int)
nullptr E 09-25 22:56:51 10742 10742 jni_internal.cc:2677]      7: void java.util.zip.ZipFile.<init>(java.io.File)
nullptr E 09-25 22:56:51 10742 10742 jni_internal.cc:2677]      8: void java.util.zip.ZipFile.<init>(java.io.File, int)
nullptr E 09-25 22:56:51 10742 10742 jni_internal.cc:2677]      9: void java.util.zip.ZipFile.<init>(java.io.File, int, java.nio.charset.Charset)
nullptr E 09-25 22:56:51 10742 10742 jni_internal.cc:2677]     10: void java.util.zip.ZipFile.<init>(java.io.File, int, java.nio.charset.Charset, boolean)
nullptr E 09-25 22:56:51 10742 10742 jni_internal.cc:2677]     11: void java.util.zip.ZipFile.<init>(java.io.File, int, boolean)
nullptr E 09-25 22:56:51 10742 10742 jni_internal.cc:2677]     12: void java.util.zip.ZipFile.<init>(java.io.File, java.nio.charset.Charset)
nullptr E 09-25 22:56:51 10742 10742 jni_internal.cc:2677]     13: void java.util.zip.ZipFile.<init>(java.lang.String)
nullptr E 09-25 22:56:51 10742 10742 jni_internal.cc:2677]     14: void java.util.zip.ZipFile.<init>(java.lang.String, java.nio.charset.Charset)
nullptr E 09-25 22:56:51 10742 10742 jni_internal.cc:2677]     15: void java.util.zip.ZipFile.ensureOpen()
nullptr E 09-25 22:56:51 10742 10742 jni_internal.cc:2677]     16: void java.util.zip.ZipFile.ensureOpenOrZipException()
nullptr E 09-25 22:56:51 10742 10742 jni_internal.cc:2677]     17: java.util.stream.Stream java.util.zip.ZipFile.entryNameStream()
nullptr E 09-25 22:56:51 10742 10742 jni_internal.cc:2677]     18: java.lang.String java.util.zip.ZipFile.getEntryName(int)
nullptr E 09-25 22:56:51 10742 10742 jni_internal.cc:2677]     19: int java.util.zip.ZipFile.getManifestNum()
nullptr E 09-25 22:56:51 10742 10742 jni_internal.cc:2677]     20: int[] java.util.zip.ZipFile.getMetaInfVersions()
nullptr E 09-25 22:56:51 10742 10742 jni_internal.cc:2677]     21: java.util.zip.ZipEntry java.util.zip.ZipFile.getZipEntry(java.lang.String, int)
nullptr E 09-25 22:56:51 10742 10742 jni_internal.cc:2677]     22: java.util.Enumeration java.util.zip.ZipFile.jarEntries()
nullptr E 09-25 22:56:51 10742 10742 jni_internal.cc:2677]     23: java.util.stream.Stream java.util.zip.ZipFile.jarStream()
nullptr E 09-25 22:56:51 10742 10742 jni_internal.cc:2677]     24: java.util.jar.JarEntry java.util.zip.ZipFile.lambda$jarStream$1(int)
nullptr E 09-25 22:56:51 10742 10742 jni_internal.cc:2677]     25: java.util.zip.ZipEntry java.util.zip.ZipFile.lambda$stream$0(int)
nullptr E 09-25 22:56:51 10742 10742 jni_internal.cc:2677]   static fields (4 entries):
nullptr E 09-25 22:56:51 10742 10742 jni_internal.cc:2677]      0: int java.util.zip.ZipFile.DEFLATED
nullptr E 09-25 22:56:51 10742 10742 jni_internal.cc:2677]      1: int java.util.zip.ZipFile.OPEN_DELETE
nullptr E 09-25 22:56:51 10742 10742 jni_internal.cc:2677]      2: int java.util.zip.ZipFile.OPEN_READ
nullptr E 09-25 22:56:51 10742 10742 jni_internal.cc:2677]      3: int java.util.zip.ZipFile.STORED
nullptr E 09-25 22:56:51 10742 10742 jni_internal.cc:2677]   instance fields (6 entries):
nullptr E 09-25 22:56:51 10742 10742 jni_internal.cc:2677]      0: boolean java.util.zip.ZipFile.closeRequested
nullptr E 09-25 22:56:51 10742 10742 jni_internal.cc:2677]      1: dalvik.system.CloseGuard java.util.zip.ZipFile.guard
nullptr E 09-25 22:56:51 10742 10742 jni_internal.cc:2677]      2: java.lang.String java.util.zip.ZipFile.lastEntryName
nullptr E 09-25 22:56:51 10742 10742 jni_internal.cc:2677]      3: int java.util.zip.ZipFile.lastEntryPos
nullptr E 09-25 22:56:51 10742 10742 jni_internal.cc:2677]      4: java.lang.String java.util.zip.ZipFile.name
nullptr E 09-25 22:56:51 10742 10742 jni_internal.cc:2677]      5: java.util.zip.ZipFile$CleanableResource java.util.zip.ZipFile.res
nullptr E 09-25 22:56:51 10742 10742 jni_internal.cc:2677] 
nullptr E 09-25 22:56:51 10742 10742 jni_internal.cc:2678] Failed to register native method java.util.zip.ZipFile.freeEntry(JJ)V in /system/framework/core-oj.jar
nullptr E 09-25 22:56:51 10742 10742 jni_internal.cc:2677] ----- class 'Ljava/util/zip/ZipFile;' cl=0 -----
nullptr E 09-25 22:56:51 10742 10742 jni_internal.cc:2677]   objectSize=328 (224 from super)
nullptr E 09-25 22:56:51 10742 10742 jni_internal.cc:2677]   access=0x0000.0001
nullptr E 09-25 22:56:51 10742 10742 jni_internal.cc:2677]   super='java.lang.Class<java.lang.Object>' (cl=0)
nullptr E 09-25 22:56:51 10742 10742 jni_internal.cc:2677]   interfaces (2):
nullptr E 09-25 22:56:51 10742 10742 jni_internal.cc:2677]      0: java.lang.Class<java.util.zip.ZipConstants> (cl=0)
nullptr E 09-25 22:56:51 10742 10742 jni_internal.cc:2677]      1: java.lang.Class<java.io.Closeable> (cl=0)
nullptr E 09-25 22:56:51 10742 10742 jni_internal.cc:2677]   vtable (11 entries, 11 in super):
nullptr E 09-25 22:56:51 10742 10742 jni_internal.cc:2677]      0: void java.util.zip.ZipFile.close()
nullptr E 09-25 22:56:51 10742 10742 jni_internal.cc:2677]      1: java.util.Enumeration java.util.zip.ZipFile.entries()
nullptr E 09-25 22:56:51 10742 10742 jni_internal.cc:2677]      2: java.lang.String java.util.zip.ZipFile.getComment()
nullptr E 09-25 22:56:51 10742 10742 jni_internal.cc:2677]      3: java.util.zip.ZipEntry java.util.zip.ZipFile.getEntry(java.lang.String)
nullptr E 09-25 22:56:51 10742 10742 jni_internal.cc:2677]      4: java.io.InputStream java.util.zip.ZipFile.getInputStream(java.util.zip.ZipEntry)
nullptr E 09-25 22:56:51 10742 10742 jni_internal.cc:2677]      5: java.util.List java.util.zip.ZipFile.getManifestAndSignatureRelatedFiles()
nullptr E 09-25 22:56:51 10742 10742 jni_internal.cc:2677]      6: java.lang.String java.util.zip.ZipFile.getManifestName(boolean)
nullptr E 09-25 22:56:51 10742 10742 jni_internal.cc:2677]      7: java.lang.String java.util.zip.ZipFile.getName()
nullptr E 09-25 22:56:51 10742 10742 jni_internal.cc:2677]      8: int java.util.zip.ZipFile.size()
nullptr E 09-25 22:56:51 10742 10742 jni_internal.cc:2677]      9: boolean java.util.zip.ZipFile.startsWithLocHeader()
nullptr E 09-25 22:56:51 10742 10742 jni_internal.cc:2677]     10: java.util.stream.Stream java.util.zip.ZipFile.stream()
nullptr E 09-25 22:56:51 10742 10742 jni_internal.cc:2677]   direct methods (26 entries):
nullptr E 09-25 22:56:51 10742 10742 jni_internal.cc:2677]      0: java.util.jar.JarEntry java.util.zip.ZipFile.$r8$lambda$E6H00l6z3Lr623CYOBOGhMpxBB8(java.util.zip.ZipFile, int)
nullptr E 09-25 22:56:51 10742 10742 jni_internal.cc:2677]      1: java.lang.String java.util.zip.ZipFile.$r8$lambda$ZHaIYBAblJk1_wjJIK_woaEGYTE(java.util.zip.ZipFile, int)
nullptr E 09-25 22:56:51 10742 10742 jni_internal.cc:2677]      2: java.util.zip.ZipEntry java.util.zip.ZipFile.$r8$lambda$ezC-4OQ_M11WsQ9SZfXtPWcxf2w(java.util.zip.ZipFile, int)
nullptr E 09-25 22:56:51 10742 10742 jni_internal.cc:2677]      3: java.util.zip.ZipFile$CleanableResource java.util.zip.ZipFile.-$$Nest$fgetres(java.util.zip.ZipFile)
nullptr E 09-25 22:56:51 10742 10742 jni_internal.cc:2677]      4: void java.util.zip.ZipFile.-$$Nest$mensureOpen(java.util.zip.ZipFile)
nullptr E 09-25 22:56:51 10742 10742 jni_internal.cc:2677]      5: void java.util.zip.ZipFile.-$$Nest$mensureOpenOrZipException(java.util.zip.ZipFile)
nullptr E 09-25 22:56:51 10742 10742 jni_internal.cc:2677]      6: java.util.zip.ZipEntry java.util.zip.ZipFile.-$$Nest$mgetZipEntry(java.util.zip.ZipFile, java.lang.String, int)
nullptr E 09-25 22:56:51 10742 10742 jni_internal.cc:2677]      7: void java.util.zip.ZipFile.<init>(java.io.File)
nullptr E 09-25 22:56:51 10742 10742 jni_internal.cc:2677]      8: void java.util.zip.ZipFile.<init>(java.io.File, int)
nullptr E 09-25 22:56:51 10742 10742 jni_internal.cc:2677]      9: void java.util.zip.ZipFile.<init>(java.io.File, int, java.nio.charset.Charset)
nullptr E 09-25 22:56:51 10742 10742 jni_internal.cc:2677]     10: void java.util.zip.ZipFile.<init>(java.io.File, int, java.nio.charset.Charset, boolean)
nullptr E 09-25 22:56:51 10742 10742 jni_internal.cc:2677]     11: void java.util.zip.ZipFile.<init>(java.io.File, int, boolean)
nullptr E 09-25 22:56:51 10742 10742 jni_internal.cc:2677]     12: void java.util.zip.ZipFile.<init>(java.io.File, java.nio.charset.Charset)
nullptr E 09-25 22:56:51 10742 10742 jni_internal.cc:2677]     13: void java.util.zip.ZipFile.<init>(java.lang.String)
nullptr E 09-25 22:56:51 10742 10742 jni_internal.cc:2677]     14: void java.util.zip.ZipFile.<init>(java.lang.String, java.nio.charset.Charset)
nullptr E 09-25 22:56:51 10742 10742 jni_internal.cc:2677]     15: void java.util.zip.ZipFile.ensureOpen()
nullptr E 09-25 22:56:51 10742 10742 jni_internal.cc:2677]     16: void java.util.zip.ZipFile.ensureOpenOrZipException()
nullptr E 09-25 22:56:51 10742 10742 jni_internal.cc:2677]     17: java.util.stream.Stream java.util.zip.ZipFile.entryNameStream()
nullptr E 09-25 22:56:51 10742 10742 jni_internal.cc:2677]     18: java.lang.String java.util.zip.ZipFile.getEntryName(int)
nullptr E 09-25 22:56:51 10742 10742 jni_internal.cc:2677]     19: int java.util.zip.ZipFile.getManifestNum()
nullptr E 09-25 22:56:51 10742 10742 jni_internal.cc:2677]     20: int[] java.util.zip.ZipFile.getMetaInfVersions()
nullptr E 09-25 22:56:51 10742 10742 jni_internal.cc:2677]     21: java.util.zip.ZipEntry java.util.zip.ZipFile.getZipEntry(java.lang.String, int)
nullptr E 09-25 22:56:51 10742 10742 jni_internal.cc:2677]     22: java.util.Enumeration java.util.zip.ZipFile.jarEntries()
nullptr E 09-25 22:56:51 10742 10742 jni_internal.cc:2677]     23: java.util.stream.Stream java.util.zip.ZipFile.jarStream()
nullptr E 09-25 22:56:51 10742 10742 jni_internal.cc:2677]     24: java.util.jar.JarEntry java.util.zip.ZipFile.lambda$jarStream$1(int)
nullptr E 09-25 22:56:51 10742 10742 jni_internal.cc:2677]     25: java.util.zip.ZipEntry java.util.zip.ZipFile.lambda$stream$0(int)
nullptr E 09-25 22:56:51 10742 10742 jni_internal.cc:2677]   static fields (4 entries):
nullptr E 09-25 22:56:51 10742 10742 jni_internal.cc:2677]      0: int java.util.zip.ZipFile.DEFLATED
nullptr E 09-25 22:56:51 10742 10742 jni_internal.cc:2677]      1: int java.util.zip.ZipFile.OPEN_DELETE
nullptr E 09-25 22:56:51 10742 10742 jni_internal.cc:2677]      2: int java.util.zip.ZipFile.OPEN_READ
nullptr E 09-25 22:56:51 10742 10742 jni_internal.cc:2677]      3: int java.util.zip.ZipFile.STORED
nullptr E 09-25 22:56:51 10742 10742 jni_internal.cc:2677]   instance fields (6 entries):
nullptr E 09-25 22:56:51 10742 10742 jni_internal.cc:2677]      0: boolean java.util.zip.ZipFile.closeRequested
nullptr E 09-25 22:56:51 10742 10742 jni_internal.cc:2677]      1: dalvik.system.CloseGuard java.util.zip.ZipFile.guard
nullptr E 09-25 22:56:51 10742 10742 jni_internal.cc:2677]      2: java.lang.String java.util.zip.ZipFile.lastEntryName
nullptr E 09-25 22:56:51 10742 10742 jni_internal.cc:2677]      3: int java.util.zip.ZipFile.lastEntryPos
nullptr E 09-25 22:56:51 10742 10742 jni_internal.cc:2677]      4: java.lang.String java.util.zip.ZipFile.name
nullptr E 09-25 22:56:51 10742 10742 jni_internal.cc:2677]      5: java.util.zip.ZipFile$CleanableResource java.util.zip.ZipFile.res
nullptr E 09-25 22:56:51 10742 10742 jni_internal.cc:2677] 
nullptr E 09-25 22:56:51 10742 10742 jni_internal.cc:2678] Failed to register native method java.util.zip.ZipFile.startsWithLOC(J)Z in /system/framework/core-oj.jar
nullptr E 09-25 22:56:51 10742 10742 jni_internal.cc:2685] Failed to register non-native method java.util.zip.ZipFile.ensureOpen()V as native
nullptr E 09-25 22:56:51 10742 10742 jni_internal.cc:2685] Failed to register non-native method java.lang.Math.abs(D)D as native
nullptr E 09-25 22:56:51 10742 10742 jni_internal.cc:2685] Failed to register non-native method java.lang.Math.max(DD)D as native
nullptr E 09-25 22:56:51 10742 10742 jni_internal.cc:2685] Failed to register non-native method java.lang.Math.copySign(DD)D as native
nullptr E 09-25 22:56:51 10742 10742 jni_internal.cc:2685] Failed to register non-native method java.lang.Math.toDegrees(D)D as native
nullptr E 09-25 22:56:51 10742 10742 jni_internal.cc:2685] Failed to register non-native method java.lang.Math.round(F)I as native
nullptr E 09-25 22:56:51 10742 10742 jni_internal.cc:2685] Failed to register non-native method java.lang.StrictMath.ceil(D)D as native
nullptr E 09-25 22:56:51 10742 10742 jni_internal.cc:2685] Failed to register non-native method java.lang.StrictMath.floor(D)D as native
nullptr E 09-25 22:56:51 10742 10742 jni_internal.cc:2685] Failed to register non-native method java.lang.StrictMath.abs(D)D as native
nullptr E 09-25 22:56:51 10742 10742 jni_internal.cc:2685] Failed to register non-native method java.lang.StrictMath.max(DD)D as native
nullptr E 09-25 22:56:51 10742 10742 jni_internal.cc:2685] Failed to register non-native method java.lang.StrictMath.toDegrees(D)D as native
nullptr E 09-25 22:56:51 10742 10742 jni_internal.cc:2685] Failed to register non-native method java.lang.StrictMath.random()D as native
nullptr W 09-25 22:56:51 10742 10742 jit_memory_region.cc:631] Returning un-sealable region on non-bionic
[AppSpawnX][VM] Step 4: JNI_CreateJavaVM returned 0
[AppSpawnX][VM] Step 4: JavaVM created successfully
[AppSpawnX] Registering framework JNI native methods
[liboh_android_runtime] startReg entering (38 modules)
[liboh_android_runtime] cached JavaVM=0x7fb3589020
[liboh_android_runtime]   ok register_android_util_Log
[WESTLAKE-504] libcore.io.Memory bound 3/3 (essential failures=0)
[liboh_android_runtime]   ok register_libcore_io_Memory
[liboh_android_runtime]   ok register_westlake_class_library_services
SOURCE_LIBCORE_LINUX_REGISTERED
[liboh_android_runtime]   ok register_westlake_linux_memory
[liboh_android_runtime] register_android_util_EventLog: 7 methods (5 writeEvent overloads + 2 readEvents)
[liboh_android_runtime]   ok register_android_util_EventLog
[liboh_android_runtime]   ok register_android_app_Activity
[liboh_android_runtime]   ok register_android_os_SystemProperties
[liboh_android_runtime]   ok register_android_os_Trace
[liboh_android_runtime]   ok register_android_os_Process
[liboh_android_runtime]   ok register_android_os_incremental_IncrementalManager
[liboh_android_runtime]   ok register_android_os_SystemClock
[liboh_android_runtime]   ok register_android_os_Binder
[liboh_android_runtime]   ok register_android_os_Parcel
[liboh_android_runtime]   ok register_android_hardware_HardwareBuffer
[liboh_android_runtime]   ok register_android_hardware_OverlayProperties
[liboh_android_runtime]   ok register_android_os_SharedMemory
[liboh_android_runtime]   ok register_android_view_SurfaceControl
[liboh_android_runtime] register_android_view_SurfaceSession: 2 methods (nativeCreate, nativeDestroy)
[liboh_android_runtime]   ok register_android_view_SurfaceSession
[WESTLAKE-SURFACETEXTURE] registered 12/12 JNI methods
[liboh_android_runtime]   ok register_android_graphics_SurfaceTexture_oh
[WESTLAKE-TEXTUREVIEW] register rc=0
[liboh_android_runtime]   ok register_android_view_TextureView_oh
[liboh_android_runtime] register_android_view_DisplayEventReceiver: 4 methods (Init, Finalizer, ScheduleVsync, GetLatestVsyncEventData)
[liboh_android_runtime]   ok register_android_view_DisplayEventReceiver
[liboh_android_runtime] register_android_view_InputChannel: 8 methods (NO_INPUT_EVENT_TRANSPORT baseline)
[liboh_android_runtime]   ok register_android_view_InputChannel
[liboh_android_runtime]   ok register_android_view_KeyCharacterMap
[liboh_android_runtime]   ok register_android_view_MotionEvent
[liboh_android_runtime]   ok register_android_view_VelocityTracker
[liboh_android_runtime]   ok register_android_view_InputEventReceiver
[liboh_android_runtime]   ok register_android_content_AssetManager
[liboh_android_runtime]   ok register_android_os_MessageQueue
[liboh_android_runtime]   ok register_android_content_res_ApkAssets
[liboh_android_runtime]   ok register_android_content_StringBlock
[liboh_android_runtime]   ok register_android_content_XmlBlock
[liboh_android_runtime]   ok register_com_android_internal_os_ClassLoaderFactory
[liboh_android_runtime]   ok register_com_android_internal_util_VirtualRefBasePtr
[liboh_android_runtime]   ok register_android_os_GraphicsEnvironment
[liboh_android_runtime]   ok register_libcore_util_NativeAllocationRegistry_guard
[liboh_android_runtime]   ok register_android_animation_PropertyValuesHolder
[SQLiteConnection] registered 31/31 framework-declared natives
[liboh_android_runtime]   ok register_android_database_SQLiteConnection
[liboh_android_runtime]   ok register_android_database_CursorWindow
[liboh_android_runtime] kRegJNI loop done: 38 ok, 0 failed
[liboh_android_runtime] dlopen libhwui.so OK
[SOURCE-HWUI] register module 1/52
[SOURCE-HWUI] register module 2/52
[SOURCE-HWUI] register module 3/52
[SOURCE-HWUI] register module 4/52
[WESTLAKE-VMRUNTIME] newUnpaddedArray env=0x7facb59e10 class=0x7fe53a7fec length=8
[WESTLAKE-VMRUNTIME] newUnpaddedArray env=0x7facb59e10 class=0x7fe53a7fec length=8
[WESTLAKE-VMRUNTIME] newUnpaddedArray env=0x7facb59e10 class=0x7fe53a7fec length=18
[WESTLAKE-VMRUNTIME] newUnpaddedArray env=0x7facb59e10 class=0x7fe53a7fec length=18
[SOURCE-HWUI] register module 5/52
[SOURCE-HWUI] register module 6/52
[SOURCE-HWUI] register module 7/52
[SOURCE-HWUI] register module 8/52
[SOURCE-HWUI] register module 9/52
[SOURCE-HWUI] register module 10/52
[SOURCE-HWUI] register module 11/52
[SOURCE-HWUI] register module 12/52
[SOURCE-HWUI] register module 13/52
[SOURCE-HWUI] register module 14/52
[SOURCE-HWUI] register module 15/52
[SOURCE-HWUI] register module 16/52
[SOURCE-HWUI] register module 17/52
[SOURCE-HWUI] register module 18/52
[SOURCE-HWUI] register module 19/52
[SOURCE-HWUI] register module 20/52
[SOURCE-HWUI] register module 21/52
[SOURCE-HWUI] register module 22/52
[SOURCE-HWUI] register module 23/52
[SOURCE-HWUI] register module 24/52
[SOURCE-HWUI] register module 25/52
[SOURCE-HWUI] register module 26/52
[SOURCE-HWUI] register module 27/52
[SOURCE-HWUI] register module 28/52
[SOURCE-HWUI] register module 29/52
[SOURCE-HWUI] register module 30/52
[SOURCE-HWUI] register module 31/52
[SOURCE-HWUI] register module 32/52
[SOURCE-HWUI] register module 33/52
[SOURCE-HWUI] register module 34/52
[SOURCE-HWUI] register module 35/52
[SOURCE-HWUI] register module 36/52
[SOURCE-HWUI] register module 37/52
[SOURCE-HWUI] register module 38/52
[SOURCE-HWUI] register module 39/52
[SOURCE-HWUI] register module 40/52
[SOURCE-HWUI] register module 41/52
[SOURCE-HWUI] register module 42/52
[SOURCE-HWUI] register module 43/52
[SOURCE-HWUI] register module 44/52
[SOURCE-HWUI] register module 45/52
[SOURCE-HWUI] register module 46/52
[SOURCE-HWUI] register module 47/52
[SOURCE-HWUI] register module 48/52
[SOURCE-HWUI] register module 49/52
[SOURCE-HWUI] register module 50/52
[SOURCE-HWUI] register module 51/52
[SOURCE-HWUI] register module 52/52
[liboh_android_runtime] source HWUI canonical registration PASS
[WESTLAKE-677] sensorless SystemSensorManager boundary managerRc=0 queueRc=0
[WESTLAKE-414] KeyEvent.nativeNextId RegisterNatives rc=0
[WESTLAKE-416] seeded ServiceManager.sCache['user'] (replaced=0 threw=0)
[WESTLAKE-416] seeded ServiceManager.sCache['shortcut'] (replaced=0 threw=0)
[WESTLAKE-416] seeded ServiceManager.sCache['notification'] (replaced=0 threw=0)
[WESTLAKE-416] seeded ServiceManager.sCache['content'] (replaced=0 threw=0)
[WESTLAKE-468] RegisterNatives(android/media/audiopolicy/AudioProductStrategy.native_list_audio_product_strategies) rc=0
[WESTLAKE-468] RegisterNatives(android/media/audiopolicy/AudioVolumeGroup.native_list_audio_volume_groups) rc=0
[WESTLAKE-678] RegisterNatives(AudioPortEventHandler setup/finalize) rc=0
[WESTLAKE-679] RegisterNatives(AudioSystem empty ports/patches) rc=0
[SOURCE-NATIVE-LOAD] path=libmedia_jni.so search=/data/local/tmp/asx:/system/lib64:/system/lib64/platformsdk:/system/lib64/chipset-sdk:/system/lib64/chipset-sdk-sp:/system/lib64/ndk:/vendor/lib64/chipsetsdk:/vendor/lib64/hw:/vendor/lib64:/data/local/tmp/asx/lib/arm64-v8a:/data/local/tmp/asx/webview-t-lib
[SOURCE-NATIVE-LOADER] path=libmedia_jni.so class_paths=<none>
[SOURCE-NATIVE-ABI] errno=0x7fab946550 provider=/data/local/tmp/asx/webview-t-lib/libwebview_bionic_shim.so
[SOURCE-MEDIA-JNI] OH MediaCodec natives registered
[WESTLAKE-494] register_MediaCodec_shim rc=0
[WESTLAKE-467] media session: installed media_session, queryLocalInterface=OK; fetcher: already registered
[WESTLAKE-454] shortcut service: installed, queryLocalInterface=OK
[liboh_android_runtime] startReg exiting (ok)
[AppSpawnX] Framework JNI methods registered via AndroidRuntime::startReg
[AppSpawnX] JNI registration complete
[AppSpawnX] Caching Java class/method references
[AppSpawnX] Attempting to load AppSpawnXInit via PathClassLoader from /data/local/tmp/asx/fw/adapter-runtime-bcp.jar
ziparchive: Unable to open '/data/local/tmp/asx/fw/adapter-runtime-bcp.dm': No such file or directory
ziparchive: Closing archive 0x7fb7452fc0
ziparchive: +++ Found EOCD at buf+65535
ziparchive: +++ num_entries=1 dir_size=57 dir_offset=198076
ziparchive: +++ zip good scan 1 entries
ziparchive: Zip: Unable to find entry classes2.dex
ziparchive: Zip: Could not find entry classes2.dex
ziparchive: Closing archive 0x7fb7452fc0
ziparchive: +++ Found EOCD at buf+65535
ziparchive: +++ num_entries=1 dir_size=57 dir_offset=198076
ziparchive: +++ zip good scan 1 entries
ziparchive: Zip: Unable to find entry classes2.dex
ziparchive: Zip: Could not find entry classes2.dex
ziparchive: Closing archive 0x7fb74f7200
nullptr I 09-25 22:56:51 10742 10755 jit.cc:1074] Background verification of 1 classes from boot classpath took 37.248ms
[AppSpawnX] AppSpawnXInit loaded via PathClassLoader
[AppSpawnX] Cached PathClassLoader + loadClass for child reuse
[AppSpawnX] Java references cached successfully
[AppSpawnX] ART VM initialization complete
[AppSpawnX] Calling AppSpawnXInit.preload()...
[WESTLAKE-VMRUNTIME] newUnpaddedArray env=0x7facb59e10 class=0x7fe53a7e0c length=10
[WESTLAKE-VMRUNTIME] newUnpaddedArray env=0x7facb59e10 class=0x7fe53a7e0c length=10
[WESTLAKE-VMRUNTIME] newUnpaddedArray env=0x7facb59e10 class=0x7fe53a7e0c length=10
[WESTLAKE-VMRUNTIME] newUnpaddedArray env=0x7facb59e10 class=0x7fe53a7e0c length=10
[WESTLAKE-VMRUNTIME] newUnpaddedArray env=0x7facb59e10 class=0x7fe53a7e0c length=10
[WESTLAKE-VMRUNTIME] newUnpaddedArray env=0x7facb59e10 class=0x7fe53a7e0c length=10
[WESTLAKE-VMRUNTIME] newUnpaddedArray env=0x7facb59e10 class=0x7fe53a7e0c length=10
[WESTLAKE-VMRUNTIME] newUnpaddedArray env=0x7facb59e10 class=0x7fe53a7e0c length=10
[SOURCE-NATIVE-LOAD] path=libjavacrypto.so search=/data/local/tmp/asx:/system/lib64:/system/lib64/platformsdk:/system/lib64/chipset-sdk:/system/lib64/chipset-sdk-sp:/system/lib64/ndk:/vendor/lib64/chipsetsdk:/vendor/lib64/hw:/vendor/lib64:/data/local/tmp/asx/lib/arm64-v8a:/data/local/tmp/asx/webview-t-lib
[SOURCE-NATIVE-LOADER] path=libjavacrypto.so class_paths=<none>
[SOURCE-NATIVE-ABI] errno=0x7fab946550 provider=/data/local/tmp/asx/webview-t-lib/libwebview_bionic_shim.so
[SOURCE-NATIVE-LOAD] path=liboh_adapter_bridge.so search=/data/local/tmp/asx:/system/lib64:/system/lib64/platformsdk:/system/lib64/chipset-sdk:/system/lib64/chipset-sdk-sp:/system/lib64/ndk:/vendor/lib64/chipsetsdk:/vendor/lib64/hw:/vendor/lib64:/data/local/tmp/asx/lib/arm64-v8a:/data/local/tmp/asx/webview-t-lib
[SOURCE-NATIVE-LOADER] path=liboh_adapter_bridge.so class_paths=<none>
[SOURCE-NATIVE-ABI] errno=0x7fab946550 provider=/data/local/tmp/asx/webview-t-lib/libwebview_bionic_shim.so
[JNIONLOAD] skipped skia
[OH_IMEBridge] register_InputMethodBridge: ENTER
[OH_IMEBridge] register_InputMethodBridge: before FindClass(OhImeBridge)
[OH_IMEBridge] register_InputMethodBridge: FindClass OK, before RegisterNatives
[OH_IMEBridge] register_InputMethodBridge: RegisterNatives returned rc=0
[OH_IMEBridge] register_InputMethodBridge: OK (2 natives)
[AppSpawnX] Preload completed successfully
[WESTLAKE-TLS] TrustManagerFactory.OH-PKIX installed via BC
[AppSpawnX] OH PKIX trust bridge installed
[AppSpawnX] [DAEMON-INIT] force-initializing fork-sensitive classes (pre-fork context)
[AppSpawnX] [DAEMON-INIT]   java.lang.Daemons OK
[AppSpawnX] [DAEMON-INIT]   java.lang.Daemons$Daemon OK
[AppSpawnX] [DAEMON-INIT]   java.lang.Daemons$FinalizerDaemon OK
[AppSpawnX] [DAEMON-INIT]   java.lang.Daemons$FinalizerWatchdogDaemon OK
[AppSpawnX] [DAEMON-INIT]   java.lang.Daemons$ReferenceQueueDaemon OK
[AppSpawnX] [DAEMON-INIT]   java.lang.Daemons$HeapTaskDaemon OK
[AppSpawnX] [DAEMON-INIT]   java.lang.ref.Reference OK
[AppSpawnX] [DAEMON-INIT]   java.lang.ref.Cleaner OK
[AppSpawnX] [DAEMON-INIT]   jdk.internal.ref.CleanerImpl OK
[AppSpawnX] [DAEMON-INIT]   jdk.internal.ref.CleanerImpl$PhantomCleanableRef OK
[AppSpawnX] [DAEMON-INIT] Daemons.start() OK — daemon threads running
[AppSpawnX] [B35.A] RegisterNatives(AppSpawnXInit.nativeHiLog) OK via dlopen handle
[AppSpawnX] [Direction2] adapter_bridge_set_class_loader injected via dlsym OK
[AppSpawnX] [B48] RegisterNatives(ActivityThread.nInitZygoteChildHeapProfiling) OK
[AppSpawnX] [P2-Bv2] RegisterNatives(AppSchedulerBridge, 3) OK
[WESTLAKE-VMRUNTIME] newUnpaddedArray env=0x7facb59e10 class=0x7fe53a84bc length=3
[WESTLAKE-VMRUNTIME] newUnpaddedArray env=0x7facb59e10 class=0x7fe53a84bc length=3
[WESTLAKE-VMRUNTIME] newUnpaddedArray env=0x7facb59e10 class=0x7fe53a84bc length=3
[WESTLAKE-VMRUNTIME] newUnpaddedArray env=0x7facb59e10 class=0x7fe53a84bc length=3
[WESTLAKE-VMRUNTIME] newUnpaddedArray env=0x7facb59e10 class=0x7fe53a801c length=4
[WESTLAKE-VMRUNTIME] newUnpaddedArray env=0x7facb59e10 class=0x7fe53a811c length=8
[WESTLAKE-VMRUNTIME] newUnpaddedArray env=0x7facb59e10 class=0x7fe53a811c length=8
[WESTLAKE-VMRUNTIME] newUnpaddedArray env=0x7facb59e10 class=0x7fe53a801c length=4
[WESTLAKE-VMRUNTIME] newUnpaddedArray env=0x7facb59e10 class=0x7fe53a811c length=8
[WESTLAKE-VMRUNTIME] newUnpaddedArray env=0x7facb59e10 class=0x7fe53a811c length=8
[WESTLAKE-VMRUNTIME] newUnpaddedArray env=0x7facb59e10 class=0x7fe53a801c length=4
[WESTLAKE-VMRUNTIME] newUnpaddedArray env=0x7facb59e10 class=0x7fe53a811c length=8
[WESTLAKE-VMRUNTIME] newUnpaddedArray env=0x7facb59e10 class=0x7fe53a811c length=8
[WESTLAKE-VMRUNTIME] newUnpaddedArray env=0x7facb59e10 class=0x7fe53a801c length=4
[WESTLAKE-VMRUNTIME] newUnpaddedArray env=0x7facb59e10 class=0x7fe53a811c length=8
[WESTLAKE-VMRUNTIME] newUnpaddedArray env=0x7facb59e10 class=0x7fe53a811c length=8
[WESTLAKE-VMRUNTIME] newUnpaddedArray env=0x7facb59e10 class=0x7fe53a801c length=4
[WESTLAKE-VMRUNTIME] newUnpaddedArray env=0x7facb59e10 class=0x7fe53a811c length=8
[WESTLAKE-VMRUNTIME] newUnpaddedArray env=0x7facb59e10 class=0x7fe53a811c length=8
[WESTLAKE-VMRUNTIME] newUnpaddedArray env=0x7facb59e10 class=0x7fe53a801c length=4
SOURCE_FONT_MAP_PASS
[AppSpawnX] ART VM started + framework preloaded on worker pthread
[AppSpawnX] Phase 4: Ready to accept spawn requests
[AppSpawnX] Listening on /dev/unix/socket/A2HSource84c6e2db66a64ec8bf5f
[AppSpawnX] Entering event loop on /dev/unix/socket/A2HSource84c6e2db66a64ec8bf5f
[AppSpawnX][D] Accepted connection, clientFd=20
[AppSpawnX] OH binary msg received: type=0 len=672 id=1093814273 tlvCount=4 proc=org.westlake.imehost
[AppSpawnX] Parsed spawn request: code=0 proc=org.westlake.imehost bundle=org.westlake.imehost uid=20010053 isOhBinary=1
[AppSpawnX] Spawn request: proc=org.westlake.imehost bundle=org.westlake.imehost uid=20010053 flags=0x0
[AppSpawnX] [ZYG] ZygoteHooks resolved (Java and native fork hooks)
[AppSpawnX] [ZYG] >>> ZygoteHooks.preFork() (parent)
[AppSpawnX] [ZYG] <<< ZygoteHooks.preFork() OK
[AppSpawnX] [ZYG] >>> ZygoteHooks.postForkCommon()
[AppSpawnX] Child process started, pid=10773 uid=20010053 bundle=org.westlake.imehost
[AppSpawnX] [CHILD] entering stderr redirect probe
[AppSpawnX][W] [CHILD] open(/data/service/el1/public/appspawnx/adapter_child_10773.stderr) failed: errno=2 No such file or directory
[AppSpawnX][W] [CHILD] open(/data/misc/appspawnx/adapter_child_10773.stderr) failed: errno=2 No such file or directory
[AppSpawnX] [CHILD] opened /data/local/tmp/adapter_child_10773.stderr fd=5
[AppSpawnX] [ZYG] <<< ZygoteHooks.postForkCommon() OK
[AppSpawnX] Spawned child pid=10773 for org.westlake.imehost (uid=20010053)
[AppSpawnX][D] OH binary response sent: pid=10773 result=0 msgId=1093814273
