serial,role,pid,path,device,inode,identity,sha256,root_sha256,mapped_sha256
5ea34a4500000000000000001123012c,foundation,881,/system/lib64/platformsdk/libappexecfwk_base.z.so,103:20,4656,mapped_object_verified,85c84aff96b10e5ba2f3f5138bdb5b864c321f1fa00d5153f7143b363e5b869d,85c84aff96b10e5ba2f3f5138bdb5b864c321f1fa00d5153f7143b363e5b869d,85c84aff96b10e5ba2f3f5138bdb5b864c321f1fa00d5153f7143b363e5b869d
5ea34a4500000000000000001123012c,foundation,881,/system/lib64/chipset-sdk-sp/libshared_libz.z.so,103:20,2626,mapped_object_verified,3c025525f68bc3afcd74fe3c14c2f7c55112e2b801a4d1046a335dd2f4c73240,3c025525f68bc3afcd74fe3c14c2f7c55112e2b801a4d1046a335dd2f4c73240,3c025525f68bc3afcd74fe3c14c2f7c55112e2b801a4d1046a335dd2f4c73240
5ea34a4500000000000000001123012c,foundation,881,/system/lib64/libapk_installer.so,103:20,5572,mapped_object_verified,675536e8a43ac747cbffc0e130d5681ba7bcf2bd3fd305f3d0d357ca797a793d,675536e8a43ac747cbffc0e130d5681ba7bcf2bd3fd305f3d0d357ca797a793d,675536e8a43ac747cbffc0e130d5681ba7bcf2bd3fd305f3d0d357ca797a793d
5ea34a4500000000000000001123012c,appspawn,28947,/system/android/lib64/libbionic_compat.so,103:30,77778,mapped_object_verified,aa7e77f943ab4edd791590ca6b739120249b1ad6eb40e1ece7710ba206742a08,aa7e77f943ab4edd791590ca6b739120249b1ad6eb40e1ece7710ba206742a08,aa7e77f943ab4edd791590ca6b739120249b1ad6eb40e1ece7710ba206742a08
5ea34a4500000000000000001123012c,appspawn,28947,/system/android/lib64/liblzma.so,103:30,77797,mapped_object_verified,239bdf61bcc8c971ef65c6e688c87048d01781d4ab8707546668f5d5e4cc7d40,239bdf61bcc8c971ef65c6e688c87048d01781d4ab8707546668f5d5e4cc7d40,239bdf61bcc8c971ef65c6e688c87048d01781d4ab8707546668f5d5e4cc7d40
5ea34a4500000000000000001123012c,appspawn,28947,/system/android/lib64/libwestlake_thread_guard_registry.so,103:30,77851,mapped_object_verified,674d3ef3b9b00b367e389b539df4ae71bf2a12e3dd25dba962d6fcc7f240f063,674d3ef3b9b00b367e389b539df4ae71bf2a12e3dd25dba962d6fcc7f240f063,674d3ef3b9b00b367e389b539df4ae71bf2a12e3dd25dba962d6fcc7f240f063
5ea34a4500000000000000001123012c,appspawn,28947,/system/lib64/appspawn/libwestlake_android_child.z.so,103:30,77856,mapped_object_verified,03aa62166ad085091f21c9ee68798a10d88e2336eee26b342a0fa62b44c571d2,03aa62166ad085091f21c9ee68798a10d88e2336eee26b342a0fa62b44c571d2,03aa62166ad085091f21c9ee68798a10d88e2336eee26b342a0fa62b44c571d2
5ea34a4500000000000000001123012c,appspawn,28947,/system/android/lib64/libappexecfwk_base.z.so,103:30,77770,mapped_object_verified,b8889d4f9848272966acdc5009ecc95724c7c562876c3ed259f1f3e7e77a97d8,b8889d4f9848272966acdc5009ecc95724c7c562876c3ed259f1f3e7e77a97d8,b8889d4f9848272966acdc5009ecc95724c7c562876c3ed259f1f3e7e77a97d8
5ea34a4500000000000000001123012c,appspawn,28947,/system/lib64/appspawn/common/libappspawn_common.z.so,103:20,2522,mapped_object_verified,9caa7c11bfe1bd755aebfe6c6bf41e9cec40c34d239c16de3eb91d2b7be45279,9caa7c11bfe1bd755aebfe6c6bf41e9cec40c34d239c16de3eb91d2b7be45279,9caa7c11bfe1bd755aebfe6c6bf41e9cec40c34d239c16de3eb91d2b7be45279
5ea34a4500000000000000001123012c,appspawn,28947,/system/lib64/appspawn/common/libappspawn_sandbox.z.so,103:20,2523,mapped_object_verified,b50bb2be3dcda2f4217f257b18d81dede010ed1f11fccc7ca5358b3c00c16ded,b50bb2be3dcda2f4217f257b18d81dede010ed1f11fccc7ca5358b3c00c16ded,b50bb2be3dcda2f4217f257b18d81dede010ed1f11fccc7ca5358b3c00c16ded
5ea34a4500000000000000001123012c,appspawn,28947,/system/lib64/appspawn/libappspawn_asan.z.so,103:20,2524,mapped_object_verified,f7e8dea52385fa1935c92c9ee10dea4bbb48b8f698f90af302476eafdc309d50,f7e8dea52385fa1935c92c9ee10dea4bbb48b8f698f90af302476eafdc309d50,f7e8dea52385fa1935c92c9ee10dea4bbb48b8f698f90af302476eafdc309d50
5ea34a4500000000000000001123012c,appspawn,28947,/system/bin/appspawn-x,103:30,77855,mapped_object_verified,b7205719b3139164d5b7c3ff50c1235784cc0b090cb5420cd8d1ccbd57ca55d2,b7205719b3139164d5b7c3ff50c1235784cc0b090cb5420cd8d1ccbd57ca55d2,b7205719b3139164d5b7c3ff50c1235784cc0b090cb5420cd8d1ccbd57ca55d2
5ea34a4500000000000000001123012c,helloworld,29584,/system/android/framework/arm64/boot-core-libart.art,103:30,77659,mapped_object_verified,4bdcfdf6b1cd1110cf1843b46956562b9452933fb3f7e5df3f020b38e19c26a9,4bdcfdf6b1cd1110cf1843b46956562b9452933fb3f7e5df3f020b38e19c26a9,4bdcfdf6b1cd1110cf1843b46956562b9452933fb3f7e5df3f020b38e19c26a9
5ea34a4500000000000000001123012c,helloworld,29584,/system/android/framework/arm64/boot-okhttp.art,103:30,77703,mapped_object_verified,882f3e75354a45a9552bf81a1d286d5eb8b1d760e9d70ddda22e33e9a4fcf5ee,882f3e75354a45a9552bf81a1d286d5eb8b1d760e9d70ddda22e33e9a4fcf5ee,882f3e75354a45a9552bf81a1d286d5eb8b1d760e9d70ddda22e33e9a4fcf5ee
5ea34a4500000000000000001123012c,helloworld,29584,/system/android/framework/arm64/boot-oh-adapter-framework.art,103:30,77700,mapped_object_verified,0b259a12b49bb7044669c9939a590964068ded11c79b60b6f9a7bf18343b1c7c,0b259a12b49bb7044669c9939a590964068ded11c79b60b6f9a7bf18343b1c7c,0b259a12b49bb7044669c9939a590964068ded11c79b60b6f9a7bf18343b1c7c
5ea34a4500000000000000001123012c,helloworld,29584,/system/android/framework/arm64/boot-adapter-mainline-stubs.art,103:30,77646,mapped_object_verified,fd96c12667a94dd8ffa70e068b115430365e61f3a0a8d2745554d61aa2537bd8,fd96c12667a94dd8ffa70e068b115430365e61f3a0a8d2745554d61aa2537bd8,fd96c12667a94dd8ffa70e068b115430365e61f3a0a8d2745554d61aa2537bd8
5ea34a4500000000000000001123012c,helloworld,29584,/system/android/framework/arm64/boot.oat,103:30,77708,mapped_object_verified,25d92cf7df9c86ca4bbc81c1e2f44a5c6c64798506247239e07a30f651b9e78c,25d92cf7df9c86ca4bbc81c1e2f44a5c6c64798506247239e07a30f651b9e78c,25d92cf7df9c86ca4bbc81c1e2f44a5c6c64798506247239e07a30f651b9e78c
5ea34a4500000000000000001123012c,helloworld,29584,/system/android/framework/arm64/boot.art,103:30,77706,mapped_object_verified,2e4f8049b77c915ac8ffe7bde981f971bf2bab3fb87ae71b11f60f4cc50649ac,2e4f8049b77c915ac8ffe7bde981f971bf2bab3fb87ae71b11f60f4cc50649ac,2e4f8049b77c915ac8ffe7bde981f971bf2bab3fb87ae71b11f60f4cc50649ac
5ea34a4500000000000000001123012c,helloworld,29584,/system/android/framework/arm64/boot-core-icu4j.art,103:30,77655,mapped_object_verified,339040032b0d7a3802acd8e17ddb65646de9005acdb3029ee5a1644f9f0e3d06,339040032b0d7a3802acd8e17ddb65646de9005acdb3029ee5a1644f9f0e3d06,339040032b0d7a3802acd8e17ddb65646de9005acdb3029ee5a1644f9f0e3d06
5ea34a4500000000000000001123012c,helloworld,29584,/system/android/framework/arm64/boot-bouncycastle.art,103:30,77652,mapped_object_verified,0dcf0f58a1251db24dddf69661e00511445e100faa4c93737ada32a2098ff060,0dcf0f58a1251db24dddf69661e00511445e100faa4c93737ada32a2098ff060,0dcf0f58a1251db24dddf69661e00511445e100faa4c93737ada32a2098ff060
5ea34a4500000000000000001123012c,helloworld,29584,/system/android/framework/arm64/boot-apache-xml.art,103:30,77649,mapped_object_verified,be0b335d698c0564de84113193fd1f923f43b22db9bf2fe05207b22161a3fdc2,be0b335d698c0564de84113193fd1f923f43b22db9bf2fe05207b22161a3fdc2,be0b335d698c0564de84113193fd1f923f43b22db9bf2fe05207b22161a3fdc2
5ea34a4500000000000000001123012c,helloworld,29584,/system/android/framework/arm64/boot-core-libart.oat,103:30,77660,mapped_object_verified,daa3a327e1d8fc1dcaf3e0fc5a87c6a0f20a3de3373334c6a87bf849b58b97cf,daa3a327e1d8fc1dcaf3e0fc5a87c6a0f20a3de3373334c6a87bf849b58b97cf,daa3a327e1d8fc1dcaf3e0fc5a87c6a0f20a3de3373334c6a87bf849b58b97cf
5ea34a4500000000000000001123012c,helloworld,29584,/system/android/framework/arm64/boot-core-icu4j.oat,103:30,77656,mapped_object_verified,4a8423844f08042edefc604852c5f38e86934f81f8833040e7ad0ab7241fa82f,4a8423844f08042edefc604852c5f38e86934f81f8833040e7ad0ab7241fa82f,4a8423844f08042edefc604852c5f38e86934f81f8833040e7ad0ab7241fa82f
5ea34a4500000000000000001123012c,helloworld,29584,/system/android/framework/arm64/boot-okhttp.oat,103:30,77704,mapped_object_verified,332e3d8c2ee56cc6241943cdeb94fa19fec86c2d14ddd018ec8ee7cdaecc18a1,332e3d8c2ee56cc6241943cdeb94fa19fec86c2d14ddd018ec8ee7cdaecc18a1,332e3d8c2ee56cc6241943cdeb94fa19fec86c2d14ddd018ec8ee7cdaecc18a1
5ea34a4500000000000000001123012c,helloworld,29584,/system/android/framework/arm64/boot-bouncycastle.oat,103:30,77653,mapped_object_verified,932abb2bd802663c7b4abdb8fe79b8f8a8cc870678c1fb2a72fb3e16dd5547fb,932abb2bd802663c7b4abdb8fe79b8f8a8cc870678c1fb2a72fb3e16dd5547fb,932abb2bd802663c7b4abdb8fe79b8f8a8cc870678c1fb2a72fb3e16dd5547fb
5ea34a4500000000000000001123012c,helloworld,29584,/system/android/framework/arm64/boot-apache-xml.oat,103:30,77650,mapped_object_verified,9fbc55d5bf5936afe2fddab82674a533c3aedaa722f451942043f403a1700f0f,9fbc55d5bf5936afe2fddab82674a533c3aedaa722f451942043f403a1700f0f,9fbc55d5bf5936afe2fddab82674a533c3aedaa722f451942043f403a1700f0f
5ea34a4500000000000000001123012c,helloworld,29584,/system/android/framework/arm64/boot-adapter-mainline-stubs.oat,103:30,77647,mapped_object_verified,27b36360cb7706e54e5f60ef18fdb9ced4652159a04d461d3e4caef76d6318b4,27b36360cb7706e54e5f60ef18fdb9ced4652159a04d461d3e4caef76d6318b4,27b36360cb7706e54e5f60ef18fdb9ced4652159a04d461d3e4caef76d6318b4
5ea34a4500000000000000001123012c,helloworld,29584,/system/android/framework/arm64/boot-framework.oat,103:30,77673,mapped_object_verified,0ff275fa856c9a7e404b3e03460aa3b514268e9ee8a3910e0549f0750cc2d7c0,0ff275fa856c9a7e404b3e03460aa3b514268e9ee8a3910e0549f0750cc2d7c0,0ff275fa856c9a7e404b3e03460aa3b514268e9ee8a3910e0549f0750cc2d7c0
5ea34a4500000000000000001123012c,helloworld,29584,/system/android/framework/arm64/boot-oh-adapter-framework.oat,103:30,77701,mapped_object_verified,82c341aa072b8dbbc2913132536e39995c9c4c3e99319007d1077c456294c1bf,82c341aa072b8dbbc2913132536e39995c9c4c3e99319007d1077c456294c1bf,82c341aa072b8dbbc2913132536e39995c9c4c3e99319007d1077c456294c1bf
5ea34a4500000000000000001123012c,helloworld,29584,/system/android/framework/arm64/boot-framework.art,103:30,77662,mapped_object_verified,e129d601041ffa6bf3560a4d00881c90c4bd1091f195ca185698851155608310,e129d601041ffa6bf3560a4d00881c90c4bd1091f195ca185698851155608310,e129d601041ffa6bf3560a4d00881c90c4bd1091f195ca185698851155608310
5ea34a4500000000000000001123012c,helloworld,29584,/system/android/lib64/libbionic_compat.so,103:30,77778,mapped_object_verified,aa7e77f943ab4edd791590ca6b739120249b1ad6eb40e1ece7710ba206742a08,aa7e77f943ab4edd791590ca6b739120249b1ad6eb40e1ece7710ba206742a08,aa7e77f943ab4edd791590ca6b739120249b1ad6eb40e1ece7710ba206742a08
5ea34a4500000000000000001123012c,helloworld,29584,/system/android/lib64/liblzma.so,103:30,77797,mapped_object_verified,239bdf61bcc8c971ef65c6e688c87048d01781d4ab8707546668f5d5e4cc7d40,239bdf61bcc8c971ef65c6e688c87048d01781d4ab8707546668f5d5e4cc7d40,239bdf61bcc8c971ef65c6e688c87048d01781d4ab8707546668f5d5e4cc7d40
5ea34a4500000000000000001123012c,helloworld,29584,/system/android/lib64/libwestlake_thread_guard_registry.so,103:30,77851,mapped_object_verified,674d3ef3b9b00b367e389b539df4ae71bf2a12e3dd25dba962d6fcc7f240f063,674d3ef3b9b00b367e389b539df4ae71bf2a12e3dd25dba962d6fcc7f240f063,674d3ef3b9b00b367e389b539df4ae71bf2a12e3dd25dba962d6fcc7f240f063
5ea34a4500000000000000001123012c,helloworld,29584,/system/android/framework/core-oj.jar,103:30,77717,mapped_object_verified,e5b187702b82f830d18f838406c75f4a375d494bc541c3916d74228564c9fb6d,e5b187702b82f830d18f838406c75f4a375d494bc541c3916d74228564c9fb6d,e5b187702b82f830d18f838406c75f4a375d494bc541c3916d74228564c9fb6d
5ea34a4500000000000000001123012c,helloworld,29584,/system/android/framework/core-libart.jar,103:30,77716,mapped_object_verified,4e767490d696dbe351bef9217a13b75f3c3d848947477d041c38ff2cbfc1c8b1,4e767490d696dbe351bef9217a13b75f3c3d848947477d041c38ff2cbfc1c8b1,4e767490d696dbe351bef9217a13b75f3c3d848947477d041c38ff2cbfc1c8b1
5ea34a4500000000000000001123012c,helloworld,29584,/system/lib64/appspawn/libwestlake_android_child.z.so,103:30,77856,mapped_object_verified,03aa62166ad085091f21c9ee68798a10d88e2336eee26b342a0fa62b44c571d2,03aa62166ad085091f21c9ee68798a10d88e2336eee26b342a0fa62b44c571d2,03aa62166ad085091f21c9ee68798a10d88e2336eee26b342a0fa62b44c571d2
5ea34a4500000000000000001123012c,helloworld,29584,/system/android/framework/okhttp.jar,103:30,77763,mapped_object_verified,d510981adcb7f5b6d9b7fb167fb4cc83e67f88c164ff3007c6f4c046ea9552a6,d510981adcb7f5b6d9b7fb167fb4cc83e67f88c164ff3007c6f4c046ea9552a6,d510981adcb7f5b6d9b7fb167fb4cc83e67f88c164ff3007c6f4c046ea9552a6
5ea34a4500000000000000001123012c,helloworld,29584,/system/android/framework/bouncycastle.jar,103:30,77714,mapped_object_verified,8b15216d690fce5a144259014dd91f9d918816c959c5414a4785e3719795bc20,8b15216d690fce5a144259014dd91f9d918816c959c5414a4785e3719795bc20,8b15216d690fce5a144259014dd91f9d918816c959c5414a4785e3719795bc20
5ea34a4500000000000000001123012c,helloworld,29584,/system/android/lib64/libappexecfwk_base.z.so,103:30,77770,mapped_object_verified,b8889d4f9848272966acdc5009ecc95724c7c562876c3ed259f1f3e7e77a97d8,b8889d4f9848272966acdc5009ecc95724c7c562876c3ed259f1f3e7e77a97d8,b8889d4f9848272966acdc5009ecc95724c7c562876c3ed259f1f3e7e77a97d8
5ea34a4500000000000000001123012c,helloworld,29584,/system/lib64/appspawn/common/libappspawn_common.z.so,103:20,2522,mapped_object_verified,9caa7c11bfe1bd755aebfe6c6bf41e9cec40c34d239c16de3eb91d2b7be45279,9caa7c11bfe1bd755aebfe6c6bf41e9cec40c34d239c16de3eb91d2b7be45279,9caa7c11bfe1bd755aebfe6c6bf41e9cec40c34d239c16de3eb91d2b7be45279
5ea34a4500000000000000001123012c,helloworld,29584,/system/android/framework/apache-xml.jar,103:30,77644,mapped_object_verified,f79af065bdd621156cd62482dd2a455608971fbd9b2c4a82744f3301f7bc9f1f,f79af065bdd621156cd62482dd2a455608971fbd9b2c4a82744f3301f7bc9f1f,f79af065bdd621156cd62482dd2a455608971fbd9b2c4a82744f3301f7bc9f1f
5ea34a4500000000000000001123012c,helloworld,29584,/system/android/framework/core-icu4j.jar,103:30,77715,mapped_object_verified,f31e34e244b6dc90a1fe28b26508447e62d898943cdf72ebbd0a4f540ad731d2,f31e34e244b6dc90a1fe28b26508447e62d898943cdf72ebbd0a4f540ad731d2,f31e34e244b6dc90a1fe28b26508447e62d898943cdf72ebbd0a4f540ad731d2
5ea34a4500000000000000001123012c,helloworld,29584,/system/android/framework/adapter-mainline-stubs.jar,103:30,77643,mapped_object_verified,beb369a1173eec0ce6cb070487ea100e50e7f1612e0144bf2be273ca21d7db25,beb369a1173eec0ce6cb070487ea100e50e7f1612e0144bf2be273ca21d7db25,beb369a1173eec0ce6cb070487ea100e50e7f1612e0144bf2be273ca21d7db25
5ea34a4500000000000000001123012c,helloworld,29584,/system/android/framework/oh-adapter-framework.jar,103:30,77761,mapped_object_verified,f38ec31259dbfdd20c3c7b95b61364ed85f2c67c440366546ffbc130e6773a50,f38ec31259dbfdd20c3c7b95b61364ed85f2c67c440366546ffbc130e6773a50,f38ec31259dbfdd20c3c7b95b61364ed85f2c67c440366546ffbc130e6773a50
5ea34a4500000000000000001123012c,helloworld,29584,/system/android/framework/framework.jar,103:30,77750,mapped_object_verified,3e106350d882cd1f2f6d71c3cc4e9f124412d16f50a2dcb160007c34e6dde9af,3e106350d882cd1f2f6d71c3cc4e9f124412d16f50a2dcb160007c34e6dde9af,3e106350d882cd1f2f6d71c3cc4e9f124412d16f50a2dcb160007c34e6dde9af
5ea34a4500000000000000001123012c,helloworld,29584,/system/lib64/appspawn/common/libappspawn_sandbox.z.so,103:20,2523,mapped_object_verified,b50bb2be3dcda2f4217f257b18d81dede010ed1f11fccc7ca5358b3c00c16ded,b50bb2be3dcda2f4217f257b18d81dede010ed1f11fccc7ca5358b3c00c16ded,b50bb2be3dcda2f4217f257b18d81dede010ed1f11fccc7ca5358b3c00c16ded
5ea34a4500000000000000001123012c,helloworld,29584,/system/lib64/appspawn/libappspawn_asan.z.so,103:20,2524,mapped_object_verified,f7e8dea52385fa1935c92c9ee10dea4bbb48b8f698f90af302476eafdc309d50,f7e8dea52385fa1935c92c9ee10dea4bbb48b8f698f90af302476eafdc309d50,f7e8dea52385fa1935c92c9ee10dea4bbb48b8f698f90af302476eafdc309d50
5ea34a4500000000000000001123012c,helloworld,29584,/system/lib64/westlake/route-a/6cb40cd610ec29a69e320b8cc7d766ccffc675cbd7e94b709cc5d2462b9cddb0/libapp_native_loader.so,103:30,77821,mapped_object_verified,a3d4b80d943dd78972e5689a29810406f97056e0ce8f040d2ec24ac3618d9929,a3d4b80d943dd78972e5689a29810406f97056e0ce8f040d2ec24ac3618d9929,a3d4b80d943dd78972e5689a29810406f97056e0ce8f040d2ec24ac3618d9929
5ea34a4500000000000000001123012c,helloworld,29584,/system/lib64/westlake/route-a/6cb40cd610ec29a69e320b8cc7d766ccffc675cbd7e94b709cc5d2462b9cddb0/liblog.so,103:30,77833,mapped_object_verified,a2530a4bfdcdfc94df02c6e60821282dc273007b300970915a8cb85835d30c4c,a2530a4bfdcdfc94df02c6e60821282dc273007b300970915a8cb85835d30c4c,a2530a4bfdcdfc94df02c6e60821282dc273007b300970915a8cb85835d30c4c
5ea34a4500000000000000001123012c,helloworld,29584,/system/lib64/westlake/route-a/6cb40cd610ec29a69e320b8cc7d766ccffc675cbd7e94b709cc5d2462b9cddb0/libnativehelper.so,103:30,77838,mapped_object_verified,fe2ef89f2a7763ab7294b659bcc86bac95b64577eb81089eecd93285a4451256,fe2ef89f2a7763ab7294b659bcc86bac95b64577eb81089eecd93285a4451256,fe2ef89f2a7763ab7294b659bcc86bac95b64577eb81089eecd93285a4451256
5ea34a4500000000000000001123012c,helloworld,29584,/system/lib64/westlake/route-a/6cb40cd610ec29a69e320b8cc7d766ccffc675cbd7e94b709cc5d2462b9cddb0/libbase.so,103:30,77828,mapped_object_verified,4549ad71eb77bfcc95a60f2f5a33941e953f434284b3f9d85d37e883f7238833,4549ad71eb77bfcc95a60f2f5a33941e953f434284b3f9d85d37e883f7238833,4549ad71eb77bfcc95a60f2f5a33941e953f434284b3f9d85d37e883f7238833
5ea34a4500000000000000001123012c,helloworld,29584,/system/lib64/westlake/route-a/6cb40cd610ec29a69e320b8cc7d766ccffc675cbd7e94b709cc5d2462b9cddb0/libcutils.so,103:30,77830,mapped_object_verified,91fbd71976c737ecf0a6db3293c83cf06366d6cd2504812e8fcbad4fc9201e39,91fbd71976c737ecf0a6db3293c83cf06366d6cd2504812e8fcbad4fc9201e39,91fbd71976c737ecf0a6db3293c83cf06366d6cd2504812e8fcbad4fc9201e39
5ea34a4500000000000000001123012c,helloworld,29584,/system/lib64/westlake/route-a/6cb40cd610ec29a69e320b8cc7d766ccffc675cbd7e94b709cc5d2462b9cddb0/libutils.so,103:30,77846,mapped_object_verified,e20f30688c6c02b838fcf98e75855fad7dca7d7d0d7bedae5293496c65205f34,e20f30688c6c02b838fcf98e75855fad7dca7d7d0d7bedae5293496c65205f34,e20f30688c6c02b838fcf98e75855fad7dca7d7d0d7bedae5293496c65205f34
5ea34a4500000000000000001123012c,helloworld,29584,/system/lib64/westlake/route-a/6cb40cd610ec29a69e320b8cc7d766ccffc675cbd7e94b709cc5d2462b9cddb0/libsigchain.so,103:30,77843,mapped_object_verified,6d5d5538ff45c057208186f5cb74b9b5c2402d693aa2756a99327fd4b9f8c400,6d5d5538ff45c057208186f5cb74b9b5c2402d693aa2756a99327fd4b9f8c400,6d5d5538ff45c057208186f5cb74b9b5c2402d693aa2756a99327fd4b9f8c400
5ea34a4500000000000000001123012c,helloworld,29584,/system/lib64/westlake/route-a/6cb40cd610ec29a69e320b8cc7d766ccffc675cbd7e94b709cc5d2462b9cddb0/libshared_libz.z.so,103:30,77842,mapped_object_verified,ab0820c6a33c58f2b5aa6d7b5f967f0eae42319baa2d7a42b779d1583f8a14fc,ab0820c6a33c58f2b5aa6d7b5f967f0eae42319baa2d7a42b779d1583f8a14fc,ab0820c6a33c58f2b5aa6d7b5f967f0eae42319baa2d7a42b779d1583f8a14fc
5ea34a4500000000000000001123012c,helloworld,29584,/system/lib64/westlake/route-a/6cb40cd610ec29a69e320b8cc7d766ccffc675cbd7e94b709cc5d2462b9cddb0/libziparchive.so,103:30,77852,mapped_object_verified,e9fda6bcea152003418431c0153ab4e39d92ea5a4b2a54b9165c7ee544cef894,e9fda6bcea152003418431c0153ab4e39d92ea5a4b2a54b9165c7ee544cef894,e9fda6bcea152003418431c0153ab4e39d92ea5a4b2a54b9165c7ee544cef894
5ea34a4500000000000000001123012c,helloworld,29584,/system/lib64/westlake/route-a/6cb40cd610ec29a69e320b8cc7d766ccffc675cbd7e94b709cc5d2462b9cddb0/libtinyxml2.so,103:30,77844,mapped_object_verified,67498c971c75ff885fea3555360bc6c1928745a0579bc149c3b3523770722a5a,67498c971c75ff885fea3555360bc6c1928745a0579bc149c3b3523770722a5a,67498c971c75ff885fea3555360bc6c1928745a0579bc149c3b3523770722a5a
5ea34a4500000000000000001123012c,helloworld,29584,/system/lib64/westlake/route-a/6cb40cd610ec29a69e320b8cc7d766ccffc675cbd7e94b709cc5d2462b9cddb0/libartbase.so,103:30,77825,mapped_object_verified,75c0f18372207ea54cd735b86eae7f0e0797e026136c0d07050520b8199f85b1,75c0f18372207ea54cd735b86eae7f0e0797e026136c0d07050520b8199f85b1,75c0f18372207ea54cd735b86eae7f0e0797e026136c0d07050520b8199f85b1
5ea34a4500000000000000001123012c,helloworld,29584,/system/lib64/westlake/route-a/6cb40cd610ec29a69e320b8cc7d766ccffc675cbd7e94b709cc5d2462b9cddb0/libartpalette.so,103:30,77827,mapped_object_verified,a5c5603dbdceab7063b7d87b905bdc4fde23a688483b13d1b37b12f36c3c516c,a5c5603dbdceab7063b7d87b905bdc4fde23a688483b13d1b37b12f36c3c516c,a5c5603dbdceab7063b7d87b905bdc4fde23a688483b13d1b37b12f36c3c516c
5ea34a4500000000000000001123012c,helloworld,29584,/system/lib64/westlake/route-a/6cb40cd610ec29a69e320b8cc7d766ccffc675cbd7e94b709cc5d2462b9cddb0/libdexfile.so,103:30,77831,mapped_object_verified,a7fdc521910f94064f179f1155898c757f03913f26e447a8f910b4fd5a7210f8,a7fdc521910f94064f179f1155898c757f03913f26e447a8f910b4fd5a7210f8,a7fdc521910f94064f179f1155898c757f03913f26e447a8f910b4fd5a7210f8
5ea34a4500000000000000001123012c,helloworld,29584,/system/lib64/westlake/route-a/6cb40cd610ec29a69e320b8cc7d766ccffc675cbd7e94b709cc5d2462b9cddb0/libvixl.so,103:30,77847,mapped_object_verified,9de4006120a7064e9106e54e3432a8ae10e1b5eb3cd67fb92d43b097317851cf,9de4006120a7064e9106e54e3432a8ae10e1b5eb3cd67fb92d43b097317851cf,9de4006120a7064e9106e54e3432a8ae10e1b5eb3cd67fb92d43b097317851cf
5ea34a4500000000000000001123012c,helloworld,29584,/system/lib64/westlake/route-a/6cb40cd610ec29a69e320b8cc7d766ccffc675cbd7e94b709cc5d2462b9cddb0/liblz4.so,103:30,77835,mapped_object_verified,66b01d03ef1d0aadbf325ca4e7c158d2ca0a4d775976bde5e0d58c971e7e221c,66b01d03ef1d0aadbf325ca4e7c158d2ca0a4d775976bde5e0d58c971e7e221c,66b01d03ef1d0aadbf325ca4e7c158d2ca0a4d775976bde5e0d58c971e7e221c
5ea34a4500000000000000001123012c,helloworld,29584,/system/lib64/westlake/route-a/6cb40cd610ec29a69e320b8cc7d766ccffc675cbd7e94b709cc5d2462b9cddb0/libelffile.so,103:30,77832,mapped_object_verified,15fe84f6be925e5012a66e9992d6e3958d8cd6a8de80817976aca495771c95fe,15fe84f6be925e5012a66e9992d6e3958d8cd6a8de80817976aca495771c95fe,15fe84f6be925e5012a66e9992d6e3958d8cd6a8de80817976aca495771c95fe
5ea34a4500000000000000001123012c,helloworld,29584,/system/lib64/westlake/route-a/6cb40cd610ec29a69e320b8cc7d766ccffc675cbd7e94b709cc5d2462b9cddb0/liblzma.so,103:30,77836,mapped_object_verified,239bdf61bcc8c971ef65c6e688c87048d01781d4ab8707546668f5d5e4cc7d40,239bdf61bcc8c971ef65c6e688c87048d01781d4ab8707546668f5d5e4cc7d40,239bdf61bcc8c971ef65c6e688c87048d01781d4ab8707546668f5d5e4cc7d40
5ea34a4500000000000000001123012c,helloworld,29584,/system/lib64/westlake/route-a/6cb40cd610ec29a69e320b8cc7d766ccffc675cbd7e94b709cc5d2462b9cddb0/libnativebridge.so,103:30,77837,mapped_object_verified,516d703bdc7e06b6f0ab4900eccbf625c56b244fe3516a98e6eded00f5671afd,516d703bdc7e06b6f0ab4900eccbf625c56b244fe3516a98e6eded00f5671afd,516d703bdc7e06b6f0ab4900eccbf625c56b244fe3516a98e6eded00f5671afd
5ea34a4500000000000000001123012c,helloworld,29584,/system/lib64/westlake/route-a/6cb40cd610ec29a69e320b8cc7d766ccffc675cbd7e94b709cc5d2462b9cddb0/libnativeloader.so,103:30,77839,mapped_object_verified,fde6f31c6f8911bd5be165d69bc248f47699be435240dc855fa7528c0ba73ccd,fde6f31c6f8911bd5be165d69bc248f47699be435240dc855fa7528c0ba73ccd,fde6f31c6f8911bd5be165d69bc248f47699be435240dc855fa7528c0ba73ccd
5ea34a4500000000000000001123012c,helloworld,29584,/system/lib64/westlake/route-a/6cb40cd610ec29a69e320b8cc7d766ccffc675cbd7e94b709cc5d2462b9cddb0/libprofile.so,103:30,77841,mapped_object_verified,86bfcad43fd830487eb19c69f861de4624d3df03c0b858cd02d6daa926c221a9,86bfcad43fd830487eb19c69f861de4624d3df03c0b858cd02d6daa926c221a9,86bfcad43fd830487eb19c69f861de4624d3df03c0b858cd02d6daa926c221a9
5ea34a4500000000000000001123012c,helloworld,29584,/system/lib64/westlake/route-a/6cb40cd610ec29a69e320b8cc7d766ccffc675cbd7e94b709cc5d2462b9cddb0/libunwindstack.so,103:30,77845,mapped_object_verified,d2c1cbc70d097855b9196ec87f80c09d6f24e674ee16a3c517629df999c66965,d2c1cbc70d097855b9196ec87f80c09d6f24e674ee16a3c517629df999c66965,d2c1cbc70d097855b9196ec87f80c09d6f24e674ee16a3c517629df999c66965
5ea34a4500000000000000001123012c,helloworld,29584,/system/lib64/westlake/route-a/6cb40cd610ec29a69e320b8cc7d766ccffc675cbd7e94b709cc5d2462b9cddb0/libart.so,103:30,77822,mapped_object_verified,59e1bb45294b9dd587dc9b81bad719b60675aa98c9c6cfced426449bcad0fe5f,59e1bb45294b9dd587dc9b81bad719b60675aa98c9c6cfced426449bcad0fe5f,59e1bb45294b9dd587dc9b81bad719b60675aa98c9c6cfced426449bcad0fe5f
5ea34a4500000000000000001123012c,helloworld,29584,/system/lib64/westlake/route-a/6cb40cd610ec29a69e320b8cc7d766ccffc675cbd7e94b709cc5d2462b9cddb0/libopenjdkjvm.so,103:30,77840,mapped_object_verified,8b462862921f3fbca7e4306523d851b2ae00564094a6f5ca1b6658c7c6b457a8,8b462862921f3fbca7e4306523d851b2ae00564094a6f5ca1b6658c7c6b457a8,8b462862921f3fbca7e4306523d851b2ae00564094a6f5ca1b6658c7c6b457a8
5ea34a4500000000000000001123012c,helloworld,29584,/system/lib64/westlake/route-a/6cb40cd610ec29a69e320b8cc7d766ccffc675cbd7e94b709cc5d2462b9cddb0/libwestlake_android_runtime_provider.so,103:30,77848,mapped_object_verified,3aa5d169ff17f4a680384691920d6b0168a45b306aff7dbf257b6eae6969bf2f,3aa5d169ff17f4a680384691920d6b0168a45b306aff7dbf257b6eae6969bf2f,3aa5d169ff17f4a680384691920d6b0168a45b306aff7dbf257b6eae6969bf2f
5ea34a4500000000000000001123012c,helloworld,29584,/system/lib64/westlake/route-a/6cb40cd610ec29a69e320b8cc7d766ccffc675cbd7e94b709cc5d2462b9cddb0/libartpalette-system.so,103:30,77826,mapped_object_verified,0dce5cd6ba606a0db7444cd16900773c92978f878f21dec3eb6861af4d215ebf,0dce5cd6ba606a0db7444cd16900773c92978f878f21dec3eb6861af4d215ebf,0dce5cd6ba606a0db7444cd16900773c92978f878f21dec3eb6861af4d215ebf
5ea34a4500000000000000001123012c,helloworld,29584,/system/android/lib64/libicuuc.so,103:30,77792,mapped_object_verified,f74827d992d25ffe481873f1b7f4416d97820c443f16bd715102455dbafbcf6f,f74827d992d25ffe481873f1b7f4416d97820c443f16bd715102455dbafbcf6f,f74827d992d25ffe481873f1b7f4416d97820c443f16bd715102455dbafbcf6f
5ea34a4500000000000000001123012c,helloworld,29584,/system/android/lib64/libicu_jni.so,103:30,77787,mapped_object_verified,4261c09eeda033f3de8a083ffd8896058ddcfc83d4f109990c0e680862591a1c,4261c09eeda033f3de8a083ffd8896058ddcfc83d4f109990c0e680862591a1c,4261c09eeda033f3de8a083ffd8896058ddcfc83d4f109990c0e680862591a1c
5ea34a4500000000000000001123012c,helloworld,29584,/system/android/lib64/libicui18n.so,103:30,77788,mapped_object_verified,40766b549f49b1dc5d405ad2d8465ce841eafb19a926c7924ab7078079bbbb86,40766b549f49b1dc5d405ad2d8465ce841eafb19a926c7924ab7078079bbbb86,40766b549f49b1dc5d405ad2d8465ce841eafb19a926c7924ab7078079bbbb86
5ea34a4500000000000000001123012c,helloworld,29584,/system/android/lib64/libandroidio.so,103:30,77768,mapped_object_verified,c462f43f06d2ba028d4ae3e90001a5a81399c0824c95aafc99a01f6d9c170503,c462f43f06d2ba028d4ae3e90001a5a81399c0824c95aafc99a01f6d9c170503,c462f43f06d2ba028d4ae3e90001a5a81399c0824c95aafc99a01f6d9c170503
5ea34a4500000000000000001123012c,helloworld,29584,/system/android/lib64/libjavacore.so,103:30,77794,mapped_object_verified,43d8103f41a65d1f68ad74213cb0e458f549b76bb8d322b8579b8c1a116518ec,43d8103f41a65d1f68ad74213cb0e458f549b76bb8d322b8579b8c1a116518ec,43d8103f41a65d1f68ad74213cb0e458f549b76bb8d322b8579b8c1a116518ec
5ea34a4500000000000000001123012c,helloworld,29584,/system/android/lib64/libexpat.so,103:30,77783,mapped_object_verified,838960f8c2f3d8a3f1a00ca40ecdf9cb1fd5171b35edcb92b24e90bd4d8b7c9c,838960f8c2f3d8a3f1a00ca40ecdf9cb1fd5171b35edcb92b24e90bd4d8b7c9c,838960f8c2f3d8a3f1a00ca40ecdf9cb1fd5171b35edcb92b24e90bd4d8b7c9c
5ea34a4500000000000000001123012c,helloworld,29584,/system/android/lib64/libcrypto.so,103:30,77779,mapped_object_verified,0ca9ced4ac01ba5901fa1f86c413a30499df1b9e53991bbe7143fc407b444e88,0ca9ced4ac01ba5901fa1f86c413a30499df1b9e53991bbe7143fc407b444e88,0ca9ced4ac01ba5901fa1f86c413a30499df1b9e53991bbe7143fc407b444e88
5ea34a4500000000000000001123012c,helloworld,29584,/system/android/lib64/liblog.so,103:30,77795,mapped_object_verified,cc3eb850fc316b31fc3dd4ea4cc3b9b0871432f3bc8750f60a9b5efbde63d94e,cc3eb850fc316b31fc3dd4ea4cc3b9b0871432f3bc8750f60a9b5efbde63d94e,cc3eb850fc316b31fc3dd4ea4cc3b9b0871432f3bc8750f60a9b5efbde63d94e
5ea34a4500000000000000001123012c,helloworld,29584,/system/android/lib64/libopenjdk.so,103:30,77807,mapped_object_verified,078d0bced16936c7b1bdd0b9663968c8345064b68557dabd3dcae589e99fe167,078d0bced16936c7b1bdd0b9663968c8345064b68557dabd3dcae589e99fe167,078d0bced16936c7b1bdd0b9663968c8345064b68557dabd3dcae589e99fe167
5ea34a4500000000000000001123012c,helloworld,29584,/system/android/lib64/liboh_adapter_bridge.so,103:30,77802,mapped_object_verified,84695d62f515cfec6bb317c959ec55b1d5085bf82303f792a764cf549a22267a,84695d62f515cfec6bb317c959ec55b1d5085bf82303f792a764cf549a22267a,84695d62f515cfec6bb317c959ec55b1d5085bf82303f792a764cf549a22267a
5ea34a4500000000000000001123012c,helloworld,29584,/system/android/lib64/libshared_libz.z.so,103:30,77810,mapped_object_verified,ab0820c6a33c58f2b5aa6d7b5f967f0eae42319baa2d7a42b779d1583f8a14fc,ab0820c6a33c58f2b5aa6d7b5f967f0eae42319baa2d7a42b779d1583f8a14fc,ab0820c6a33c58f2b5aa6d7b5f967f0eae42319baa2d7a42b779d1583f8a14fc
5ea34a4500000000000000001123012c,helloworld,29584,/system/android/lib64/libutils.so,103:30,77814,mapped_object_verified,d2122565c44876c52191a847206de1eef8ede63d4464fda488be0000157448fe,d2122565c44876c52191a847206de1eef8ede63d4464fda488be0000157448fe,d2122565c44876c52191a847206de1eef8ede63d4464fda488be0000157448fe
5ea34a4500000000000000001123012c,helloworld,29584,/system/android/lib64/libcutils.so,103:30,77780,mapped_object_verified,dac8122813fb2de82912ed95dcfd2071ad80d978602dec09eb45156f201f3a0b,dac8122813fb2de82912ed95dcfd2071ad80d978602dec09eb45156f201f3a0b,dac8122813fb2de82912ed95dcfd2071ad80d978602dec09eb45156f201f3a0b
5ea34a4500000000000000001123012c,helloworld,29584,/system/android/lib64/libbase.so,103:30,77777,mapped_object_verified,6687427f8d92ca365f04abf66e5e253fb8d8214480b02740768a64017fef9585,6687427f8d92ca365f04abf66e5e253fb8d8214480b02740768a64017fef9585,6687427f8d92ca365f04abf66e5e253fb8d8214480b02740768a64017fef9585
5ea34a4500000000000000001123012c,helloworld,29584,/system/android/lib64/liboh_android_runtime.so,103:30,77803,mapped_object_verified,9ccf64f8d1f6e1748665057273eaa4c2770098934d39afa160f2c6b4c18b06db,9ccf64f8d1f6e1748665057273eaa4c2770098934d39afa160f2c6b4c18b06db,9ccf64f8d1f6e1748665057273eaa4c2770098934d39afa160f2c6b4c18b06db
5ea34a4500000000000000001123012c,helloworld,29584,/system/android/lib64/libziparchive.so,103:30,77819,mapped_object_verified,62c36cf5e2a99d23748119bfa6f16bae4c25e5c02d7965744568dcafe0c86cae,62c36cf5e2a99d23748119bfa6f16bae4c25e5c02d7965744568dcafe0c86cae,62c36cf5e2a99d23748119bfa6f16bae4c25e5c02d7965744568dcafe0c86cae
5ea34a4500000000000000001123012c,helloworld,29584,/system/android/lib64/libandroidfw.so,103:30,77766,mapped_object_verified,14b51c422c5d41231c29515e7ac16e492bed0a988c69150e068031fbbf8bff73,14b51c422c5d41231c29515e7ac16e492bed0a988c69150e068031fbbf8bff73,14b51c422c5d41231c29515e7ac16e492bed0a988c69150e068031fbbf8bff73
5ea34a4500000000000000001123012c,helloworld,29584,/system/android/lib64/libnativehelper.so,103:30,77800,mapped_object_verified,6a5a32e3928aae323b4b758d1e171e42d4107d974925cfc1bd92e791a453219a,6a5a32e3928aae323b4b758d1e171e42d4107d974925cfc1bd92e791a453219a,6a5a32e3928aae323b4b758d1e171e42d4107d974925cfc1bd92e791a453219a
5ea34a4500000000000000001123012c,helloworld,29584,/system/android/lib64/libminikin.so,103:30,77798,mapped_object_verified,1d688d8f6829bbb3a63ab83234791a9a1436c37731a4aaebd8c277d278401d2a,1d688d8f6829bbb3a63ab83234791a9a1436c37731a4aaebd8c277d278401d2a,1d688d8f6829bbb3a63ab83234791a9a1436c37731a4aaebd8c277d278401d2a
5ea34a4500000000000000001123012c,helloworld,29584,/system/android/lib64/liboh_hwui_shim.so,103:30,77804,mapped_object_verified,e97315493ba9edffc638bf25f65e559d7af647af3905b938a636e398cda9ce53,e97315493ba9edffc638bf25f65e559d7af647af3905b938a636e398cda9ce53,e97315493ba9edffc638bf25f65e559d7af647af3905b938a636e398cda9ce53
5ea34a4500000000000000001123012c,helloworld,29584,/system/android/lib64/liboh_skia_rtti_shim.so,103:30,77806,mapped_object_verified,ba12b45ad5c957e57731a15ba8bba6c623282cd02c50c8b1d860f45cbaf78515,ba12b45ad5c957e57731a15ba8bba6c623282cd02c50c8b1d860f45cbaf78515,ba12b45ad5c957e57731a15ba8bba6c623282cd02c50c8b1d860f45cbaf78515
5ea34a4500000000000000001123012c,helloworld,29584,/system/android/lib64/libhwui.so,103:30,77786,mapped_object_verified,be59260f93b3debe1ad64cc8e7b6b0575e5be04794b46f8eb876436d1ebc9b74,be59260f93b3debe1ad64cc8e7b6b0575e5be04794b46f8eb876436d1ebc9b74,be59260f93b3debe1ad64cc8e7b6b0575e5be04794b46f8eb876436d1ebc9b74
5ea34a4500000000000000001123012c,helloworld,29584,/system/android/lib64/libharfbuzz_ng.so,103:30,77785,mapped_object_verified,644bcae8ade4c53fcdb576f2add6627f27c094bbffef79924552113deafe14b4,644bcae8ade4c53fcdb576f2add6627f27c094bbffef79924552113deafe14b4,644bcae8ade4c53fcdb576f2add6627f27c094bbffef79924552113deafe14b4
5ea34a4500000000000000001123012c,helloworld,29584,/system/android/lib64/libft2.so,103:30,77784,mapped_object_verified,8e1de240283ec60c9be7da368a04d8fbc062e13c0bd6bb26218b8dc96fd193e0,8e1de240283ec60c9be7da368a04d8fbc062e13c0bd6bb26218b8dc96fd193e0,8e1de240283ec60c9be7da368a04d8fbc062e13c0bd6bb26218b8dc96fd193e0
5ea34a4500000000000000001123012c,helloworld,29584,/system/android/lib64/libapp_native_loader.so,103:30,77769,mapped_object_verified,a9caa67f397ed4e7bd8ee47784aecb7f6966eaa9afd65c498597947ccc8f04b6,a9caa67f397ed4e7bd8ee47784aecb7f6966eaa9afd65c498597947ccc8f04b6,a9caa67f397ed4e7bd8ee47784aecb7f6966eaa9afd65c498597947ccc8f04b6
5ea34a4500000000000000001123012c,helloworld,29584,/system/android/lib64/libandroid.so,103:30,77765,mapped_object_verified,9ccf64f8d1f6e1748665057273eaa4c2770098934d39afa160f2c6b4c18b06db,9ccf64f8d1f6e1748665057273eaa4c2770098934d39afa160f2c6b4c18b06db,9ccf64f8d1f6e1748665057273eaa4c2770098934d39afa160f2c6b4c18b06db
5ea34a4500000000000000001123012c,helloworld,29584,/system/android/lib64/libnativeloader.so,103:30,77801,mapped_object_verified,fde6f31c6f8911bd5be165d69bc248f47699be435240dc855fa7528c0ba73ccd,fde6f31c6f8911bd5be165d69bc248f47699be435240dc855fa7528c0ba73ccd,fde6f31c6f8911bd5be165d69bc248f47699be435240dc855fa7528c0ba73ccd
5ea34a4500000000000000001123012c,helloworld,29584,/system/android/framework/framework-res.apk,103:30,77740,mapped_object_verified,76a157c084f9b90dae195191d2159901434f11f815e3e2d9eea02ded486e7770,76a157c084f9b90dae195191d2159901434f11f815e3e2d9eea02ded486e7770,76a157c084f9b90dae195191d2159901434f11f815e3e2d9eea02ded486e7770
5ea34a4500000000000000001123012c,helloworld,29584,/system/android/lib64/libwestlake_bionic_pthread_bridge.so,103:30,77817,mapped_object_verified,db31d6d81c543860449e4e13f94dda6d39acde94ce00e34e7087a4d796e88fc6,db31d6d81c543860449e4e13f94dda6d39acde94ce00e34e7087a4d796e88fc6,db31d6d81c543860449e4e13f94dda6d39acde94ce00e34e7087a4d796e88fc6
5ea34a4500000000000000001123012c,helloworld,29584,/system/bin/appspawn-x,103:30,77855,mapped_object_verified,b7205719b3139164d5b7c3ff50c1235784cc0b090cb5420cd8d1ccbd57ca55d2,b7205719b3139164d5b7c3ff50c1235784cc0b090cb5420cd8d1ccbd57ca55d2,b7205719b3139164d5b7c3ff50c1235784cc0b090cb5420cd8d1ccbd57ca55d2
5ea34a4500000000000000001123012c,helloworld,29584,/system/android/framework/arm64/boot-oh-adapter-framework.vdex,103:30,77702,mapped_object_verified,5e0557427f19acd3adca6166a79b288535a92b370fa48ff1e2aa3accdc4f8925,5e0557427f19acd3adca6166a79b288535a92b370fa48ff1e2aa3accdc4f8925,5e0557427f19acd3adca6166a79b288535a92b370fa48ff1e2aa3accdc4f8925
5ea34a4500000000000000001123012c,helloworld,29584,/system/android/framework/arm64/boot-framework.vdex,103:30,77690,mapped_object_verified,531de30496b0780d6b3bf1dcc94f15f243be855d313a9526839bb741a64d9957,531de30496b0780d6b3bf1dcc94f15f243be855d313a9526839bb741a64d9957,531de30496b0780d6b3bf1dcc94f15f243be855d313a9526839bb741a64d9957
5ea34a4500000000000000001123012c,helloworld,29584,/system/android/framework/arm64/boot-adapter-mainline-stubs.vdex,103:30,77648,mapped_object_verified,998c2af8919e7f030a38b0df5c0e67f64093a269d9f53e2771784814decc8afe,998c2af8919e7f030a38b0df5c0e67f64093a269d9f53e2771784814decc8afe,998c2af8919e7f030a38b0df5c0e67f64093a269d9f53e2771784814decc8afe
5ea34a4500000000000000001123012c,helloworld,29584,/system/android/framework/arm64/boot-apache-xml.vdex,103:30,77651,mapped_object_verified,5cdf56053f7118ec232a8dee49fd0fe53816d82a3f6587a1a335964871970f83,5cdf56053f7118ec232a8dee49fd0fe53816d82a3f6587a1a335964871970f83,5cdf56053f7118ec232a8dee49fd0fe53816d82a3f6587a1a335964871970f83
5ea34a4500000000000000001123012c,helloworld,29584,/system/android/framework/arm64/boot-bouncycastle.vdex,103:30,77654,mapped_object_verified,51d42e85675ee72420775bf9e532ab3c3ba1dd8e41832037c2f225076fec0d67,51d42e85675ee72420775bf9e532ab3c3ba1dd8e41832037c2f225076fec0d67,51d42e85675ee72420775bf9e532ab3c3ba1dd8e41832037c2f225076fec0d67
5ea34a4500000000000000001123012c,helloworld,29584,/system/android/framework/arm64/boot-okhttp.vdex,103:30,77705,mapped_object_verified,bfad17177cb49196cb3f1895a620f8dbbed367e97120f2406f7d5d0c4426027a,bfad17177cb49196cb3f1895a620f8dbbed367e97120f2406f7d5d0c4426027a,bfad17177cb49196cb3f1895a620f8dbbed367e97120f2406f7d5d0c4426027a
5ea34a4500000000000000001123012c,helloworld,29584,/system/android/framework/arm64/boot-core-icu4j.vdex,103:30,77658,mapped_object_verified,8da239f3c7c297f0cc88d0a6ebe6644004fe98713a22bc81b1b5ee4159ac48ab,8da239f3c7c297f0cc88d0a6ebe6644004fe98713a22bc81b1b5ee4159ac48ab,8da239f3c7c297f0cc88d0a6ebe6644004fe98713a22bc81b1b5ee4159ac48ab
5ea34a4500000000000000001123012c,helloworld,29584,/system/android/framework/arm64/boot-core-libart.vdex,103:30,77661,mapped_object_verified,a5a90304c7b061360829f822bea0690dc8f8a5350fc5d9c83696158d0b9b17ad,a5a90304c7b061360829f822bea0690dc8f8a5350fc5d9c83696158d0b9b17ad,a5a90304c7b061360829f822bea0690dc8f8a5350fc5d9c83696158d0b9b17ad
5ea34a4500000000000000001123012c,helloworld,29584,/system/android/framework/arm64/boot.vdex,103:30,77711,mapped_object_verified,23c1f5b05f1b103f5d74e4570f3faf29869c7027f930dd81ba2c7355ebc210b8,23c1f5b05f1b103f5d74e4570f3faf29869c7027f930dd81ba2c7355ebc210b8,23c1f5b05f1b103f5d74e4570f3faf29869c7027f930dd81ba2c7355ebc210b8
5cd1e3dd00000000000000000923012c,foundation,919,/system/lib64/chipset-sdk-sp/libshared_libz.z.so,103:20,2626,mapped_object_verified,3c025525f68bc3afcd74fe3c14c2f7c55112e2b801a4d1046a335dd2f4c73240,3c025525f68bc3afcd74fe3c14c2f7c55112e2b801a4d1046a335dd2f4c73240,3c025525f68bc3afcd74fe3c14c2f7c55112e2b801a4d1046a335dd2f4c73240
5cd1e3dd00000000000000000923012c,foundation,919,/system/lib64/platformsdk/libappexecfwk_base.z.so,103:20,4656,mapped_object_verified,85c84aff96b10e5ba2f3f5138bdb5b864c321f1fa00d5153f7143b363e5b869d,85c84aff96b10e5ba2f3f5138bdb5b864c321f1fa00d5153f7143b363e5b869d,85c84aff96b10e5ba2f3f5138bdb5b864c321f1fa00d5153f7143b363e5b869d
5cd1e3dd00000000000000000923012c,foundation,919,/system/lib64/libapk_installer.so,103:20,5564,mapped_object_verified,1ebf78ab2bbe4573dfbe146b9f99e6b06e3a581fb9d16721c2272bc18e6cdfa5,1ebf78ab2bbe4573dfbe146b9f99e6b06e3a581fb9d16721c2272bc18e6cdfa5,1ebf78ab2bbe4573dfbe146b9f99e6b06e3a581fb9d16721c2272bc18e6cdfa5
5cd1e3dd00000000000000000923012c,appspawn,18501,/system/android/lib64/liblzma.so,103:30,92013,mapped_object_verified,239bdf61bcc8c971ef65c6e688c87048d01781d4ab8707546668f5d5e4cc7d40,239bdf61bcc8c971ef65c6e688c87048d01781d4ab8707546668f5d5e4cc7d40,239bdf61bcc8c971ef65c6e688c87048d01781d4ab8707546668f5d5e4cc7d40
5cd1e3dd00000000000000000923012c,appspawn,18501,/system/android/lib64/libbionic_compat.so,103:30,91994,mapped_object_verified,aa7e77f943ab4edd791590ca6b739120249b1ad6eb40e1ece7710ba206742a08,aa7e77f943ab4edd791590ca6b739120249b1ad6eb40e1ece7710ba206742a08,aa7e77f943ab4edd791590ca6b739120249b1ad6eb40e1ece7710ba206742a08
5cd1e3dd00000000000000000923012c,appspawn,18501,/system/android/lib64/libwestlake_thread_guard_registry.so,103:30,92068,mapped_object_verified,674d3ef3b9b00b367e389b539df4ae71bf2a12e3dd25dba962d6fcc7f240f063,674d3ef3b9b00b367e389b539df4ae71bf2a12e3dd25dba962d6fcc7f240f063,674d3ef3b9b00b367e389b539df4ae71bf2a12e3dd25dba962d6fcc7f240f063
5cd1e3dd00000000000000000923012c,appspawn,18501,/system/lib64/appspawn/libwestlake_android_child.z.so,103:30,92073,mapped_object_verified,03aa62166ad085091f21c9ee68798a10d88e2336eee26b342a0fa62b44c571d2,03aa62166ad085091f21c9ee68798a10d88e2336eee26b342a0fa62b44c571d2,03aa62166ad085091f21c9ee68798a10d88e2336eee26b342a0fa62b44c571d2
5cd1e3dd00000000000000000923012c,appspawn,18501,/system/lib64/appspawn/common/libappspawn_common.z.so,103:20,2522,mapped_object_verified,9caa7c11bfe1bd755aebfe6c6bf41e9cec40c34d239c16de3eb91d2b7be45279,9caa7c11bfe1bd755aebfe6c6bf41e9cec40c34d239c16de3eb91d2b7be45279,9caa7c11bfe1bd755aebfe6c6bf41e9cec40c34d239c16de3eb91d2b7be45279
5cd1e3dd00000000000000000923012c,appspawn,18501,/system/android/lib64/libappexecfwk_base.z.so,103:30,91986,mapped_object_verified,b8889d4f9848272966acdc5009ecc95724c7c562876c3ed259f1f3e7e77a97d8,b8889d4f9848272966acdc5009ecc95724c7c562876c3ed259f1f3e7e77a97d8,b8889d4f9848272966acdc5009ecc95724c7c562876c3ed259f1f3e7e77a97d8
5cd1e3dd00000000000000000923012c,appspawn,18501,/system/lib64/appspawn/common/libappspawn_sandbox.z.so,103:20,2523,mapped_object_verified,b50bb2be3dcda2f4217f257b18d81dede010ed1f11fccc7ca5358b3c00c16ded,b50bb2be3dcda2f4217f257b18d81dede010ed1f11fccc7ca5358b3c00c16ded,b50bb2be3dcda2f4217f257b18d81dede010ed1f11fccc7ca5358b3c00c16ded
5cd1e3dd00000000000000000923012c,appspawn,18501,/system/lib64/appspawn/libappspawn_asan.z.so,103:20,2524,mapped_object_verified,f7e8dea52385fa1935c92c9ee10dea4bbb48b8f698f90af302476eafdc309d50,f7e8dea52385fa1935c92c9ee10dea4bbb48b8f698f90af302476eafdc309d50,f7e8dea52385fa1935c92c9ee10dea4bbb48b8f698f90af302476eafdc309d50
5cd1e3dd00000000000000000923012c,appspawn,18501,/system/bin/appspawn-x,103:30,92072,mapped_object_verified,b7205719b3139164d5b7c3ff50c1235784cc0b090cb5420cd8d1ccbd57ca55d2,b7205719b3139164d5b7c3ff50c1235784cc0b090cb5420cd8d1ccbd57ca55d2,b7205719b3139164d5b7c3ff50c1235784cc0b090cb5420cd8d1ccbd57ca55d2
61b0657200000000000000000324012c,foundation,885,/system/lib64/chipset-sdk-sp/libshared_libz.z.so,103:20,2626,mapped_object_verified,3c025525f68bc3afcd74fe3c14c2f7c55112e2b801a4d1046a335dd2f4c73240,3c025525f68bc3afcd74fe3c14c2f7c55112e2b801a4d1046a335dd2f4c73240,3c025525f68bc3afcd74fe3c14c2f7c55112e2b801a4d1046a335dd2f4c73240
61b0657200000000000000000324012c,foundation,885,/system/lib64/platformsdk/libappexecfwk_base.z.so,103:20,4656,mapped_object_verified,85c84aff96b10e5ba2f3f5138bdb5b864c321f1fa00d5153f7143b363e5b869d,85c84aff96b10e5ba2f3f5138bdb5b864c321f1fa00d5153f7143b363e5b869d,85c84aff96b10e5ba2f3f5138bdb5b864c321f1fa00d5153f7143b363e5b869d
61b0657200000000000000000324012c,foundation,885,/system/lib64/libapk_installer.so,103:20,5549,mapped_object_verified,675536e8a43ac747cbffc0e130d5681ba7bcf2bd3fd305f3d0d357ca797a793d,675536e8a43ac747cbffc0e130d5681ba7bcf2bd3fd305f3d0d357ca797a793d,675536e8a43ac747cbffc0e130d5681ba7bcf2bd3fd305f3d0d357ca797a793d
61b0657200000000000000000324012c,appspawn,13708,/system/android/lib64/libwestlake_thread_guard_registry.so,103:30,459268,mapped_object_verified,674d3ef3b9b00b367e389b539df4ae71bf2a12e3dd25dba962d6fcc7f240f063,674d3ef3b9b00b367e389b539df4ae71bf2a12e3dd25dba962d6fcc7f240f063,674d3ef3b9b00b367e389b539df4ae71bf2a12e3dd25dba962d6fcc7f240f063
61b0657200000000000000000324012c,appspawn,13708,/system/android/lib64/libbionic_compat.so,103:30,459196,mapped_object_verified,aa7e77f943ab4edd791590ca6b739120249b1ad6eb40e1ece7710ba206742a08,aa7e77f943ab4edd791590ca6b739120249b1ad6eb40e1ece7710ba206742a08,aa7e77f943ab4edd791590ca6b739120249b1ad6eb40e1ece7710ba206742a08
61b0657200000000000000000324012c,appspawn,13708,/system/android/lib64/liblzma.so,103:30,459215,mapped_object_verified,239bdf61bcc8c971ef65c6e688c87048d01781d4ab8707546668f5d5e4cc7d40,239bdf61bcc8c971ef65c6e688c87048d01781d4ab8707546668f5d5e4cc7d40,239bdf61bcc8c971ef65c6e688c87048d01781d4ab8707546668f5d5e4cc7d40
61b0657200000000000000000324012c,appspawn,13708,/system/lib64/appspawn/libwestlake_android_child.z.so,103:30,459273,mapped_object_verified,03aa62166ad085091f21c9ee68798a10d88e2336eee26b342a0fa62b44c571d2,03aa62166ad085091f21c9ee68798a10d88e2336eee26b342a0fa62b44c571d2,03aa62166ad085091f21c9ee68798a10d88e2336eee26b342a0fa62b44c571d2
61b0657200000000000000000324012c,appspawn,13708,/system/lib64/appspawn/common/libappspawn_common.z.so,103:20,2522,mapped_object_verified,9caa7c11bfe1bd755aebfe6c6bf41e9cec40c34d239c16de3eb91d2b7be45279,9caa7c11bfe1bd755aebfe6c6bf41e9cec40c34d239c16de3eb91d2b7be45279,9caa7c11bfe1bd755aebfe6c6bf41e9cec40c34d239c16de3eb91d2b7be45279
61b0657200000000000000000324012c,appspawn,13708,/system/android/lib64/libappexecfwk_base.z.so,103:30,459188,mapped_object_verified,b8889d4f9848272966acdc5009ecc95724c7c562876c3ed259f1f3e7e77a97d8,b8889d4f9848272966acdc5009ecc95724c7c562876c3ed259f1f3e7e77a97d8,b8889d4f9848272966acdc5009ecc95724c7c562876c3ed259f1f3e7e77a97d8
61b0657200000000000000000324012c,appspawn,13708,/system/lib64/appspawn/common/libappspawn_sandbox.z.so,103:20,2523,mapped_object_verified,b50bb2be3dcda2f4217f257b18d81dede010ed1f11fccc7ca5358b3c00c16ded,b50bb2be3dcda2f4217f257b18d81dede010ed1f11fccc7ca5358b3c00c16ded,b50bb2be3dcda2f4217f257b18d81dede010ed1f11fccc7ca5358b3c00c16ded
61b0657200000000000000000324012c,appspawn,13708,/system/lib64/appspawn/libappspawn_asan.z.so,103:20,2524,mapped_object_verified,f7e8dea52385fa1935c92c9ee10dea4bbb48b8f698f90af302476eafdc309d50,f7e8dea52385fa1935c92c9ee10dea4bbb48b8f698f90af302476eafdc309d50,f7e8dea52385fa1935c92c9ee10dea4bbb48b8f698f90af302476eafdc309d50
61b0657200000000000000000324012c,appspawn,13708,/system/bin/appspawn-x,103:30,459272,mapped_object_verified,b7205719b3139164d5b7c3ff50c1235784cc0b090cb5420cd8d1ccbd57ca55d2,b7205719b3139164d5b7c3ff50c1235784cc0b090cb5420cd8d1ccbd57ca55d2,b7205719b3139164d5b7c3ff50c1235784cc0b090cb5420cd8d1ccbd57ca55d2
61b0657200000000000000000324012c,helloworld,14337,/system/android/framework/arm64/boot-core-libart.art,103:30,459080,mapped_object_verified,4bdcfdf6b1cd1110cf1843b46956562b9452933fb3f7e5df3f020b38e19c26a9,4bdcfdf6b1cd1110cf1843b46956562b9452933fb3f7e5df3f020b38e19c26a9,4bdcfdf6b1cd1110cf1843b46956562b9452933fb3f7e5df3f020b38e19c26a9
61b0657200000000000000000324012c,helloworld,14337,/system/android/framework/arm64/boot-okhttp.art,103:30,459122,mapped_object_verified,882f3e75354a45a9552bf81a1d286d5eb8b1d760e9d70ddda22e33e9a4fcf5ee,882f3e75354a45a9552bf81a1d286d5eb8b1d760e9d70ddda22e33e9a4fcf5ee,882f3e75354a45a9552bf81a1d286d5eb8b1d760e9d70ddda22e33e9a4fcf5ee
61b0657200000000000000000324012c,helloworld,14337,/system/android/framework/arm64/boot-oh-adapter-framework.art,103:30,459119,mapped_object_verified,0b259a12b49bb7044669c9939a590964068ded11c79b60b6f9a7bf18343b1c7c,0b259a12b49bb7044669c9939a590964068ded11c79b60b6f9a7bf18343b1c7c,0b259a12b49bb7044669c9939a590964068ded11c79b60b6f9a7bf18343b1c7c
61b0657200000000000000000324012c,helloworld,14337,/system/android/framework/arm64/boot-adapter-mainline-stubs.art,103:30,459067,mapped_object_verified,fd96c12667a94dd8ffa70e068b115430365e61f3a0a8d2745554d61aa2537bd8,fd96c12667a94dd8ffa70e068b115430365e61f3a0a8d2745554d61aa2537bd8,fd96c12667a94dd8ffa70e068b115430365e61f3a0a8d2745554d61aa2537bd8
61b0657200000000000000000324012c,helloworld,14337,/system/android/framework/arm64/boot.oat,103:30,459127,mapped_object_verified,25d92cf7df9c86ca4bbc81c1e2f44a5c6c64798506247239e07a30f651b9e78c,25d92cf7df9c86ca4bbc81c1e2f44a5c6c64798506247239e07a30f651b9e78c,25d92cf7df9c86ca4bbc81c1e2f44a5c6c64798506247239e07a30f651b9e78c
61b0657200000000000000000324012c,helloworld,14337,/system/android/framework/arm64/boot.art,103:30,459125,mapped_object_verified,2e4f8049b77c915ac8ffe7bde981f971bf2bab3fb87ae71b11f60f4cc50649ac,2e4f8049b77c915ac8ffe7bde981f971bf2bab3fb87ae71b11f60f4cc50649ac,2e4f8049b77c915ac8ffe7bde981f971bf2bab3fb87ae71b11f60f4cc50649ac
61b0657200000000000000000324012c,helloworld,14337,/system/android/framework/arm64/boot-core-icu4j.art,103:30,459076,mapped_object_verified,339040032b0d7a3802acd8e17ddb65646de9005acdb3029ee5a1644f9f0e3d06,339040032b0d7a3802acd8e17ddb65646de9005acdb3029ee5a1644f9f0e3d06,339040032b0d7a3802acd8e17ddb65646de9005acdb3029ee5a1644f9f0e3d06
61b0657200000000000000000324012c,helloworld,14337,/system/android/framework/arm64/boot-bouncycastle.art,103:30,459073,mapped_object_verified,0dcf0f58a1251db24dddf69661e00511445e100faa4c93737ada32a2098ff060,0dcf0f58a1251db24dddf69661e00511445e100faa4c93737ada32a2098ff060,0dcf0f58a1251db24dddf69661e00511445e100faa4c93737ada32a2098ff060
61b0657200000000000000000324012c,helloworld,14337,/system/android/framework/arm64/boot-apache-xml.art,103:30,459070,mapped_object_verified,be0b335d698c0564de84113193fd1f923f43b22db9bf2fe05207b22161a3fdc2,be0b335d698c0564de84113193fd1f923f43b22db9bf2fe05207b22161a3fdc2,be0b335d698c0564de84113193fd1f923f43b22db9bf2fe05207b22161a3fdc2
61b0657200000000000000000324012c,helloworld,14337,/system/android/framework/arm64/boot-core-libart.oat,103:30,459081,mapped_object_verified,daa3a327e1d8fc1dcaf3e0fc5a87c6a0f20a3de3373334c6a87bf849b58b97cf,daa3a327e1d8fc1dcaf3e0fc5a87c6a0f20a3de3373334c6a87bf849b58b97cf,daa3a327e1d8fc1dcaf3e0fc5a87c6a0f20a3de3373334c6a87bf849b58b97cf
61b0657200000000000000000324012c,helloworld,14337,/system/android/framework/arm64/boot-core-icu4j.oat,103:30,459077,mapped_object_verified,4a8423844f08042edefc604852c5f38e86934f81f8833040e7ad0ab7241fa82f,4a8423844f08042edefc604852c5f38e86934f81f8833040e7ad0ab7241fa82f,4a8423844f08042edefc604852c5f38e86934f81f8833040e7ad0ab7241fa82f
61b0657200000000000000000324012c,helloworld,14337,/system/android/framework/arm64/boot-okhttp.oat,103:30,459123,mapped_object_verified,332e3d8c2ee56cc6241943cdeb94fa19fec86c2d14ddd018ec8ee7cdaecc18a1,332e3d8c2ee56cc6241943cdeb94fa19fec86c2d14ddd018ec8ee7cdaecc18a1,332e3d8c2ee56cc6241943cdeb94fa19fec86c2d14ddd018ec8ee7cdaecc18a1
61b0657200000000000000000324012c,helloworld,14337,/system/android/framework/arm64/boot-bouncycastle.oat,103:30,459074,mapped_object_verified,932abb2bd802663c7b4abdb8fe79b8f8a8cc870678c1fb2a72fb3e16dd5547fb,932abb2bd802663c7b4abdb8fe79b8f8a8cc870678c1fb2a72fb3e16dd5547fb,932abb2bd802663c7b4abdb8fe79b8f8a8cc870678c1fb2a72fb3e16dd5547fb
61b0657200000000000000000324012c,helloworld,14337,/system/android/framework/arm64/boot-apache-xml.oat,103:30,459071,mapped_object_verified,9fbc55d5bf5936afe2fddab82674a533c3aedaa722f451942043f403a1700f0f,9fbc55d5bf5936afe2fddab82674a533c3aedaa722f451942043f403a1700f0f,9fbc55d5bf5936afe2fddab82674a533c3aedaa722f451942043f403a1700f0f
61b0657200000000000000000324012c,helloworld,14337,/system/android/framework/arm64/boot-adapter-mainline-stubs.oat,103:30,459068,mapped_object_verified,27b36360cb7706e54e5f60ef18fdb9ced4652159a04d461d3e4caef76d6318b4,27b36360cb7706e54e5f60ef18fdb9ced4652159a04d461d3e4caef76d6318b4,27b36360cb7706e54e5f60ef18fdb9ced4652159a04d461d3e4caef76d6318b4
61b0657200000000000000000324012c,helloworld,14337,/system/android/framework/arm64/boot-framework.oat,103:30,459092,mapped_object_verified,0ff275fa856c9a7e404b3e03460aa3b514268e9ee8a3910e0549f0750cc2d7c0,0ff275fa856c9a7e404b3e03460aa3b514268e9ee8a3910e0549f0750cc2d7c0,0ff275fa856c9a7e404b3e03460aa3b514268e9ee8a3910e0549f0750cc2d7c0
61b0657200000000000000000324012c,helloworld,14337,/system/android/framework/arm64/boot-oh-adapter-framework.oat,103:30,459120,mapped_object_verified,82c341aa072b8dbbc2913132536e39995c9c4c3e99319007d1077c456294c1bf,82c341aa072b8dbbc2913132536e39995c9c4c3e99319007d1077c456294c1bf,82c341aa072b8dbbc2913132536e39995c9c4c3e99319007d1077c456294c1bf
61b0657200000000000000000324012c,helloworld,14337,/system/android/lib64/libwestlake_thread_guard_registry.so,103:30,459268,mapped_object_verified,674d3ef3b9b00b367e389b539df4ae71bf2a12e3dd25dba962d6fcc7f240f063,674d3ef3b9b00b367e389b539df4ae71bf2a12e3dd25dba962d6fcc7f240f063,674d3ef3b9b00b367e389b539df4ae71bf2a12e3dd25dba962d6fcc7f240f063
61b0657200000000000000000324012c,helloworld,14337,/system/android/lib64/libbionic_compat.so,103:30,459196,mapped_object_verified,aa7e77f943ab4edd791590ca6b739120249b1ad6eb40e1ece7710ba206742a08,aa7e77f943ab4edd791590ca6b739120249b1ad6eb40e1ece7710ba206742a08,aa7e77f943ab4edd791590ca6b739120249b1ad6eb40e1ece7710ba206742a08
61b0657200000000000000000324012c,helloworld,14337,/system/android/lib64/liblzma.so,103:30,459215,mapped_object_verified,239bdf61bcc8c971ef65c6e688c87048d01781d4ab8707546668f5d5e4cc7d40,239bdf61bcc8c971ef65c6e688c87048d01781d4ab8707546668f5d5e4cc7d40,239bdf61bcc8c971ef65c6e688c87048d01781d4ab8707546668f5d5e4cc7d40
61b0657200000000000000000324012c,helloworld,14337,/system/android/framework/core-oj.jar,103:30,459136,mapped_object_verified,e5b187702b82f830d18f838406c75f4a375d494bc541c3916d74228564c9fb6d,e5b187702b82f830d18f838406c75f4a375d494bc541c3916d74228564c9fb6d,e5b187702b82f830d18f838406c75f4a375d494bc541c3916d74228564c9fb6d
61b0657200000000000000000324012c,helloworld,14337,/system/android/framework/core-libart.jar,103:30,459135,mapped_object_verified,4e767490d696dbe351bef9217a13b75f3c3d848947477d041c38ff2cbfc1c8b1,4e767490d696dbe351bef9217a13b75f3c3d848947477d041c38ff2cbfc1c8b1,4e767490d696dbe351bef9217a13b75f3c3d848947477d041c38ff2cbfc1c8b1
61b0657200000000000000000324012c,helloworld,14337,/system/lib64/appspawn/libwestlake_android_child.z.so,103:30,459273,mapped_object_verified,03aa62166ad085091f21c9ee68798a10d88e2336eee26b342a0fa62b44c571d2,03aa62166ad085091f21c9ee68798a10d88e2336eee26b342a0fa62b44c571d2,03aa62166ad085091f21c9ee68798a10d88e2336eee26b342a0fa62b44c571d2
61b0657200000000000000000324012c,helloworld,14337,/system/android/framework/okhttp.jar,103:30,459182,mapped_object_verified,d510981adcb7f5b6d9b7fb167fb4cc83e67f88c164ff3007c6f4c046ea9552a6,d510981adcb7f5b6d9b7fb167fb4cc83e67f88c164ff3007c6f4c046ea9552a6,d510981adcb7f5b6d9b7fb167fb4cc83e67f88c164ff3007c6f4c046ea9552a6
61b0657200000000000000000324012c,helloworld,14337,/system/android/framework/core-icu4j.jar,103:30,459134,mapped_object_verified,f31e34e244b6dc90a1fe28b26508447e62d898943cdf72ebbd0a4f540ad731d2,f31e34e244b6dc90a1fe28b26508447e62d898943cdf72ebbd0a4f540ad731d2,f31e34e244b6dc90a1fe28b26508447e62d898943cdf72ebbd0a4f540ad731d2
61b0657200000000000000000324012c,helloworld,14337,/system/android/framework/bouncycastle.jar,103:30,459133,mapped_object_verified,8b15216d690fce5a144259014dd91f9d918816c959c5414a4785e3719795bc20,8b15216d690fce5a144259014dd91f9d918816c959c5414a4785e3719795bc20,8b15216d690fce5a144259014dd91f9d918816c959c5414a4785e3719795bc20
61b0657200000000000000000324012c,helloworld,14337,/system/android/framework/apache-xml.jar,103:30,459065,mapped_object_verified,f79af065bdd621156cd62482dd2a455608971fbd9b2c4a82744f3301f7bc9f1f,f79af065bdd621156cd62482dd2a455608971fbd9b2c4a82744f3301f7bc9f1f,f79af065bdd621156cd62482dd2a455608971fbd9b2c4a82744f3301f7bc9f1f
61b0657200000000000000000324012c,helloworld,14337,/system/android/framework/adapter-mainline-stubs.jar,103:30,459064,mapped_object_verified,beb369a1173eec0ce6cb070487ea100e50e7f1612e0144bf2be273ca21d7db25,beb369a1173eec0ce6cb070487ea100e50e7f1612e0144bf2be273ca21d7db25,beb369a1173eec0ce6cb070487ea100e50e7f1612e0144bf2be273ca21d7db25
61b0657200000000000000000324012c,helloworld,14337,/system/android/framework/oh-adapter-framework.jar,103:30,459180,mapped_object_verified,f38ec31259dbfdd20c3c7b95b61364ed85f2c67c440366546ffbc130e6773a50,f38ec31259dbfdd20c3c7b95b61364ed85f2c67c440366546ffbc130e6773a50,f38ec31259dbfdd20c3c7b95b61364ed85f2c67c440366546ffbc130e6773a50
61b0657200000000000000000324012c,helloworld,14337,/system/android/framework/arm64/boot-framework.art,103:30,459083,mapped_object_verified,e129d601041ffa6bf3560a4d00881c90c4bd1091f195ca185698851155608310,e129d601041ffa6bf3560a4d00881c90c4bd1091f195ca185698851155608310,e129d601041ffa6bf3560a4d00881c90c4bd1091f195ca185698851155608310
61b0657200000000000000000324012c,helloworld,14337,/system/lib64/appspawn/common/libappspawn_common.z.so,103:20,2522,mapped_object_verified,9caa7c11bfe1bd755aebfe6c6bf41e9cec40c34d239c16de3eb91d2b7be45279,9caa7c11bfe1bd755aebfe6c6bf41e9cec40c34d239c16de3eb91d2b7be45279,9caa7c11bfe1bd755aebfe6c6bf41e9cec40c34d239c16de3eb91d2b7be45279
61b0657200000000000000000324012c,helloworld,14337,/system/android/framework/framework.jar,103:30,459169,mapped_object_verified,3e106350d882cd1f2f6d71c3cc4e9f124412d16f50a2dcb160007c34e6dde9af,3e106350d882cd1f2f6d71c3cc4e9f124412d16f50a2dcb160007c34e6dde9af,3e106350d882cd1f2f6d71c3cc4e9f124412d16f50a2dcb160007c34e6dde9af
61b0657200000000000000000324012c,helloworld,14337,/system/android/lib64/libappexecfwk_base.z.so,103:30,459188,mapped_object_verified,b8889d4f9848272966acdc5009ecc95724c7c562876c3ed259f1f3e7e77a97d8,b8889d4f9848272966acdc5009ecc95724c7c562876c3ed259f1f3e7e77a97d8,b8889d4f9848272966acdc5009ecc95724c7c562876c3ed259f1f3e7e77a97d8
61b0657200000000000000000324012c,helloworld,14337,/system/lib64/appspawn/common/libappspawn_sandbox.z.so,103:20,2523,mapped_object_verified,b50bb2be3dcda2f4217f257b18d81dede010ed1f11fccc7ca5358b3c00c16ded,b50bb2be3dcda2f4217f257b18d81dede010ed1f11fccc7ca5358b3c00c16ded,b50bb2be3dcda2f4217f257b18d81dede010ed1f11fccc7ca5358b3c00c16ded
61b0657200000000000000000324012c,helloworld,14337,/system/lib64/appspawn/libappspawn_asan.z.so,103:20,2524,mapped_object_verified,f7e8dea52385fa1935c92c9ee10dea4bbb48b8f698f90af302476eafdc309d50,f7e8dea52385fa1935c92c9ee10dea4bbb48b8f698f90af302476eafdc309d50,f7e8dea52385fa1935c92c9ee10dea4bbb48b8f698f90af302476eafdc309d50
61b0657200000000000000000324012c,helloworld,14337,/system/lib64/westlake/route-a/6cb40cd610ec29a69e320b8cc7d766ccffc675cbd7e94b709cc5d2462b9cddb0/libapp_native_loader.so,103:30,459239,mapped_object_verified,a3d4b80d943dd78972e5689a29810406f97056e0ce8f040d2ec24ac3618d9929,a3d4b80d943dd78972e5689a29810406f97056e0ce8f040d2ec24ac3618d9929,a3d4b80d943dd78972e5689a29810406f97056e0ce8f040d2ec24ac3618d9929
61b0657200000000000000000324012c,helloworld,14337,/system/lib64/westlake/route-a/6cb40cd610ec29a69e320b8cc7d766ccffc675cbd7e94b709cc5d2462b9cddb0/liblog.so,103:30,459251,mapped_object_verified,a2530a4bfdcdfc94df02c6e60821282dc273007b300970915a8cb85835d30c4c,a2530a4bfdcdfc94df02c6e60821282dc273007b300970915a8cb85835d30c4c,a2530a4bfdcdfc94df02c6e60821282dc273007b300970915a8cb85835d30c4c
61b0657200000000000000000324012c,helloworld,14337,/system/lib64/westlake/route-a/6cb40cd610ec29a69e320b8cc7d766ccffc675cbd7e94b709cc5d2462b9cddb0/libnativehelper.so,103:30,459255,mapped_object_verified,fe2ef89f2a7763ab7294b659bcc86bac95b64577eb81089eecd93285a4451256,fe2ef89f2a7763ab7294b659bcc86bac95b64577eb81089eecd93285a4451256,fe2ef89f2a7763ab7294b659bcc86bac95b64577eb81089eecd93285a4451256
61b0657200000000000000000324012c,helloworld,14337,/system/lib64/westlake/route-a/6cb40cd610ec29a69e320b8cc7d766ccffc675cbd7e94b709cc5d2462b9cddb0/libbase.so,103:30,459246,mapped_object_verified,4549ad71eb77bfcc95a60f2f5a33941e953f434284b3f9d85d37e883f7238833,4549ad71eb77bfcc95a60f2f5a33941e953f434284b3f9d85d37e883f7238833,4549ad71eb77bfcc95a60f2f5a33941e953f434284b3f9d85d37e883f7238833
61b0657200000000000000000324012c,helloworld,14337,/system/lib64/westlake/route-a/6cb40cd610ec29a69e320b8cc7d766ccffc675cbd7e94b709cc5d2462b9cddb0/libcutils.so,103:30,459248,mapped_object_verified,91fbd71976c737ecf0a6db3293c83cf06366d6cd2504812e8fcbad4fc9201e39,91fbd71976c737ecf0a6db3293c83cf06366d6cd2504812e8fcbad4fc9201e39,91fbd71976c737ecf0a6db3293c83cf06366d6cd2504812e8fcbad4fc9201e39
61b0657200000000000000000324012c,helloworld,14337,/system/lib64/westlake/route-a/6cb40cd610ec29a69e320b8cc7d766ccffc675cbd7e94b709cc5d2462b9cddb0/libutils.so,103:30,459263,mapped_object_verified,e20f30688c6c02b838fcf98e75855fad7dca7d7d0d7bedae5293496c65205f34,e20f30688c6c02b838fcf98e75855fad7dca7d7d0d7bedae5293496c65205f34,e20f30688c6c02b838fcf98e75855fad7dca7d7d0d7bedae5293496c65205f34
61b0657200000000000000000324012c,helloworld,14337,/system/lib64/westlake/route-a/6cb40cd610ec29a69e320b8cc7d766ccffc675cbd7e94b709cc5d2462b9cddb0/libsigchain.so,103:30,459260,mapped_object_verified,6d5d5538ff45c057208186f5cb74b9b5c2402d693aa2756a99327fd4b9f8c400,6d5d5538ff45c057208186f5cb74b9b5c2402d693aa2756a99327fd4b9f8c400,6d5d5538ff45c057208186f5cb74b9b5c2402d693aa2756a99327fd4b9f8c400
61b0657200000000000000000324012c,helloworld,14337,/system/lib64/westlake/route-a/6cb40cd610ec29a69e320b8cc7d766ccffc675cbd7e94b709cc5d2462b9cddb0/libshared_libz.z.so,103:30,459259,mapped_object_verified,ab0820c6a33c58f2b5aa6d7b5f967f0eae42319baa2d7a42b779d1583f8a14fc,ab0820c6a33c58f2b5aa6d7b5f967f0eae42319baa2d7a42b779d1583f8a14fc,ab0820c6a33c58f2b5aa6d7b5f967f0eae42319baa2d7a42b779d1583f8a14fc
61b0657200000000000000000324012c,helloworld,14337,/system/lib64/westlake/route-a/6cb40cd610ec29a69e320b8cc7d766ccffc675cbd7e94b709cc5d2462b9cddb0/libziparchive.so,103:30,459269,mapped_object_verified,e9fda6bcea152003418431c0153ab4e39d92ea5a4b2a54b9165c7ee544cef894,e9fda6bcea152003418431c0153ab4e39d92ea5a4b2a54b9165c7ee544cef894,e9fda6bcea152003418431c0153ab4e39d92ea5a4b2a54b9165c7ee544cef894
61b0657200000000000000000324012c,helloworld,14337,/system/lib64/westlake/route-a/6cb40cd610ec29a69e320b8cc7d766ccffc675cbd7e94b709cc5d2462b9cddb0/libtinyxml2.so,103:30,459261,mapped_object_verified,67498c971c75ff885fea3555360bc6c1928745a0579bc149c3b3523770722a5a,67498c971c75ff885fea3555360bc6c1928745a0579bc149c3b3523770722a5a,67498c971c75ff885fea3555360bc6c1928745a0579bc149c3b3523770722a5a
61b0657200000000000000000324012c,helloworld,14337,/system/lib64/westlake/route-a/6cb40cd610ec29a69e320b8cc7d766ccffc675cbd7e94b709cc5d2462b9cddb0/libartbase.so,103:30,459243,mapped_object_verified,75c0f18372207ea54cd735b86eae7f0e0797e026136c0d07050520b8199f85b1,75c0f18372207ea54cd735b86eae7f0e0797e026136c0d07050520b8199f85b1,75c0f18372207ea54cd735b86eae7f0e0797e026136c0d07050520b8199f85b1
61b0657200000000000000000324012c,helloworld,14337,/system/lib64/westlake/route-a/6cb40cd610ec29a69e320b8cc7d766ccffc675cbd7e94b709cc5d2462b9cddb0/libartpalette.so,103:30,459245,mapped_object_verified,a5c5603dbdceab7063b7d87b905bdc4fde23a688483b13d1b37b12f36c3c516c,a5c5603dbdceab7063b7d87b905bdc4fde23a688483b13d1b37b12f36c3c516c,a5c5603dbdceab7063b7d87b905bdc4fde23a688483b13d1b37b12f36c3c516c
61b0657200000000000000000324012c,helloworld,14337,/system/lib64/westlake/route-a/6cb40cd610ec29a69e320b8cc7d766ccffc675cbd7e94b709cc5d2462b9cddb0/libdexfile.so,103:30,459249,mapped_object_verified,a7fdc521910f94064f179f1155898c757f03913f26e447a8f910b4fd5a7210f8,a7fdc521910f94064f179f1155898c757f03913f26e447a8f910b4fd5a7210f8,a7fdc521910f94064f179f1155898c757f03913f26e447a8f910b4fd5a7210f8
61b0657200000000000000000324012c,helloworld,14337,/system/lib64/westlake/route-a/6cb40cd610ec29a69e320b8cc7d766ccffc675cbd7e94b709cc5d2462b9cddb0/libvixl.so,103:30,459264,mapped_object_verified,9de4006120a7064e9106e54e3432a8ae10e1b5eb3cd67fb92d43b097317851cf,9de4006120a7064e9106e54e3432a8ae10e1b5eb3cd67fb92d43b097317851cf,9de4006120a7064e9106e54e3432a8ae10e1b5eb3cd67fb92d43b097317851cf
61b0657200000000000000000324012c,helloworld,14337,/system/lib64/westlake/route-a/6cb40cd610ec29a69e320b8cc7d766ccffc675cbd7e94b709cc5d2462b9cddb0/liblz4.so,103:30,459252,mapped_object_verified,66b01d03ef1d0aadbf325ca4e7c158d2ca0a4d775976bde5e0d58c971e7e221c,66b01d03ef1d0aadbf325ca4e7c158d2ca0a4d775976bde5e0d58c971e7e221c,66b01d03ef1d0aadbf325ca4e7c158d2ca0a4d775976bde5e0d58c971e7e221c
61b0657200000000000000000324012c,helloworld,14337,/system/lib64/westlake/route-a/6cb40cd610ec29a69e320b8cc7d766ccffc675cbd7e94b709cc5d2462b9cddb0/libelffile.so,103:30,459250,mapped_object_verified,15fe84f6be925e5012a66e9992d6e3958d8cd6a8de80817976aca495771c95fe,15fe84f6be925e5012a66e9992d6e3958d8cd6a8de80817976aca495771c95fe,15fe84f6be925e5012a66e9992d6e3958d8cd6a8de80817976aca495771c95fe
61b0657200000000000000000324012c,helloworld,14337,/system/lib64/westlake/route-a/6cb40cd610ec29a69e320b8cc7d766ccffc675cbd7e94b709cc5d2462b9cddb0/liblzma.so,103:30,459253,mapped_object_verified,239bdf61bcc8c971ef65c6e688c87048d01781d4ab8707546668f5d5e4cc7d40,239bdf61bcc8c971ef65c6e688c87048d01781d4ab8707546668f5d5e4cc7d40,239bdf61bcc8c971ef65c6e688c87048d01781d4ab8707546668f5d5e4cc7d40
61b0657200000000000000000324012c,helloworld,14337,/system/lib64/westlake/route-a/6cb40cd610ec29a69e320b8cc7d766ccffc675cbd7e94b709cc5d2462b9cddb0/libnativebridge.so,103:30,459254,mapped_object_verified,516d703bdc7e06b6f0ab4900eccbf625c56b244fe3516a98e6eded00f5671afd,516d703bdc7e06b6f0ab4900eccbf625c56b244fe3516a98e6eded00f5671afd,516d703bdc7e06b6f0ab4900eccbf625c56b244fe3516a98e6eded00f5671afd
61b0657200000000000000000324012c,helloworld,14337,/system/lib64/westlake/route-a/6cb40cd610ec29a69e320b8cc7d766ccffc675cbd7e94b709cc5d2462b9cddb0/libnativeloader.so,103:30,459256,mapped_object_verified,fde6f31c6f8911bd5be165d69bc248f47699be435240dc855fa7528c0ba73ccd,fde6f31c6f8911bd5be165d69bc248f47699be435240dc855fa7528c0ba73ccd,fde6f31c6f8911bd5be165d69bc248f47699be435240dc855fa7528c0ba73ccd
61b0657200000000000000000324012c,helloworld,14337,/system/lib64/westlake/route-a/6cb40cd610ec29a69e320b8cc7d766ccffc675cbd7e94b709cc5d2462b9cddb0/libprofile.so,103:30,459258,mapped_object_verified,86bfcad43fd830487eb19c69f861de4624d3df03c0b858cd02d6daa926c221a9,86bfcad43fd830487eb19c69f861de4624d3df03c0b858cd02d6daa926c221a9,86bfcad43fd830487eb19c69f861de4624d3df03c0b858cd02d6daa926c221a9
61b0657200000000000000000324012c,helloworld,14337,/system/lib64/westlake/route-a/6cb40cd610ec29a69e320b8cc7d766ccffc675cbd7e94b709cc5d2462b9cddb0/libunwindstack.so,103:30,459262,mapped_object_verified,d2c1cbc70d097855b9196ec87f80c09d6f24e674ee16a3c517629df999c66965,d2c1cbc70d097855b9196ec87f80c09d6f24e674ee16a3c517629df999c66965,d2c1cbc70d097855b9196ec87f80c09d6f24e674ee16a3c517629df999c66965
61b0657200000000000000000324012c,helloworld,14337,/system/lib64/westlake/route-a/6cb40cd610ec29a69e320b8cc7d766ccffc675cbd7e94b709cc5d2462b9cddb0/libart.so,103:30,459240,mapped_object_verified,59e1bb45294b9dd587dc9b81bad719b60675aa98c9c6cfced426449bcad0fe5f,59e1bb45294b9dd587dc9b81bad719b60675aa98c9c6cfced426449bcad0fe5f,59e1bb45294b9dd587dc9b81bad719b60675aa98c9c6cfced426449bcad0fe5f
61b0657200000000000000000324012c,helloworld,14337,/system/lib64/westlake/route-a/6cb40cd610ec29a69e320b8cc7d766ccffc675cbd7e94b709cc5d2462b9cddb0/libopenjdkjvm.so,103:30,459257,mapped_object_verified,8b462862921f3fbca7e4306523d851b2ae00564094a6f5ca1b6658c7c6b457a8,8b462862921f3fbca7e4306523d851b2ae00564094a6f5ca1b6658c7c6b457a8,8b462862921f3fbca7e4306523d851b2ae00564094a6f5ca1b6658c7c6b457a8
61b0657200000000000000000324012c,helloworld,14337,/system/lib64/westlake/route-a/6cb40cd610ec29a69e320b8cc7d766ccffc675cbd7e94b709cc5d2462b9cddb0/libwestlake_android_runtime_provider.so,103:30,459265,mapped_object_verified,3aa5d169ff17f4a680384691920d6b0168a45b306aff7dbf257b6eae6969bf2f,3aa5d169ff17f4a680384691920d6b0168a45b306aff7dbf257b6eae6969bf2f,3aa5d169ff17f4a680384691920d6b0168a45b306aff7dbf257b6eae6969bf2f
61b0657200000000000000000324012c,helloworld,14337,/system/lib64/westlake/route-a/6cb40cd610ec29a69e320b8cc7d766ccffc675cbd7e94b709cc5d2462b9cddb0/libartpalette-system.so,103:30,459244,mapped_object_verified,0dce5cd6ba606a0db7444cd16900773c92978f878f21dec3eb6861af4d215ebf,0dce5cd6ba606a0db7444cd16900773c92978f878f21dec3eb6861af4d215ebf,0dce5cd6ba606a0db7444cd16900773c92978f878f21dec3eb6861af4d215ebf
61b0657200000000000000000324012c,helloworld,14337,/system/android/lib64/libicuuc.so,103:30,459210,mapped_object_verified,f74827d992d25ffe481873f1b7f4416d97820c443f16bd715102455dbafbcf6f,f74827d992d25ffe481873f1b7f4416d97820c443f16bd715102455dbafbcf6f,f74827d992d25ffe481873f1b7f4416d97820c443f16bd715102455dbafbcf6f
61b0657200000000000000000324012c,helloworld,14337,/system/android/lib64/libicu_jni.so,103:30,459205,mapped_object_verified,4261c09eeda033f3de8a083ffd8896058ddcfc83d4f109990c0e680862591a1c,4261c09eeda033f3de8a083ffd8896058ddcfc83d4f109990c0e680862591a1c,4261c09eeda033f3de8a083ffd8896058ddcfc83d4f109990c0e680862591a1c
61b0657200000000000000000324012c,helloworld,14337,/system/android/lib64/libicui18n.so,103:30,459206,mapped_object_verified,40766b549f49b1dc5d405ad2d8465ce841eafb19a926c7924ab7078079bbbb86,40766b549f49b1dc5d405ad2d8465ce841eafb19a926c7924ab7078079bbbb86,40766b549f49b1dc5d405ad2d8465ce841eafb19a926c7924ab7078079bbbb86
61b0657200000000000000000324012c,helloworld,14337,/system/android/lib64/libjavacore.so,103:30,459212,mapped_object_verified,43d8103f41a65d1f68ad74213cb0e458f549b76bb8d322b8579b8c1a116518ec,43d8103f41a65d1f68ad74213cb0e458f549b76bb8d322b8579b8c1a116518ec,43d8103f41a65d1f68ad74213cb0e458f549b76bb8d322b8579b8c1a116518ec
61b0657200000000000000000324012c,helloworld,14337,/system/android/lib64/libexpat.so,103:30,459201,mapped_object_verified,838960f8c2f3d8a3f1a00ca40ecdf9cb1fd5171b35edcb92b24e90bd4d8b7c9c,838960f8c2f3d8a3f1a00ca40ecdf9cb1fd5171b35edcb92b24e90bd4d8b7c9c,838960f8c2f3d8a3f1a00ca40ecdf9cb1fd5171b35edcb92b24e90bd4d8b7c9c
61b0657200000000000000000324012c,helloworld,14337,/system/android/lib64/liblog.so,103:30,459213,mapped_object_verified,cc3eb850fc316b31fc3dd4ea4cc3b9b0871432f3bc8750f60a9b5efbde63d94e,cc3eb850fc316b31fc3dd4ea4cc3b9b0871432f3bc8750f60a9b5efbde63d94e,cc3eb850fc316b31fc3dd4ea4cc3b9b0871432f3bc8750f60a9b5efbde63d94e
61b0657200000000000000000324012c,helloworld,14337,/system/android/lib64/libandroidio.so,103:30,459186,mapped_object_verified,c462f43f06d2ba028d4ae3e90001a5a81399c0824c95aafc99a01f6d9c170503,c462f43f06d2ba028d4ae3e90001a5a81399c0824c95aafc99a01f6d9c170503,c462f43f06d2ba028d4ae3e90001a5a81399c0824c95aafc99a01f6d9c170503
61b0657200000000000000000324012c,helloworld,14337,/system/android/lib64/libcrypto.so,103:30,459197,mapped_object_verified,0ca9ced4ac01ba5901fa1f86c413a30499df1b9e53991bbe7143fc407b444e88,0ca9ced4ac01ba5901fa1f86c413a30499df1b9e53991bbe7143fc407b444e88,0ca9ced4ac01ba5901fa1f86c413a30499df1b9e53991bbe7143fc407b444e88
61b0657200000000000000000324012c,helloworld,14337,/system/android/lib64/libopenjdk.so,103:30,459225,mapped_object_verified,078d0bced16936c7b1bdd0b9663968c8345064b68557dabd3dcae589e99fe167,078d0bced16936c7b1bdd0b9663968c8345064b68557dabd3dcae589e99fe167,078d0bced16936c7b1bdd0b9663968c8345064b68557dabd3dcae589e99fe167
61b0657200000000000000000324012c,helloworld,14337,/system/android/lib64/libshared_libz.z.so,103:30,459228,mapped_object_verified,ab0820c6a33c58f2b5aa6d7b5f967f0eae42319baa2d7a42b779d1583f8a14fc,ab0820c6a33c58f2b5aa6d7b5f967f0eae42319baa2d7a42b779d1583f8a14fc,ab0820c6a33c58f2b5aa6d7b5f967f0eae42319baa2d7a42b779d1583f8a14fc
61b0657200000000000000000324012c,helloworld,14337,/system/android/lib64/liboh_adapter_bridge.so,103:30,459220,mapped_object_verified,84695d62f515cfec6bb317c959ec55b1d5085bf82303f792a764cf549a22267a,84695d62f515cfec6bb317c959ec55b1d5085bf82303f792a764cf549a22267a,84695d62f515cfec6bb317c959ec55b1d5085bf82303f792a764cf549a22267a
61b0657200000000000000000324012c,helloworld,14337,/system/android/lib64/liboh_android_runtime.so,103:30,459221,mapped_object_verified,9ccf64f8d1f6e1748665057273eaa4c2770098934d39afa160f2c6b4c18b06db,9ccf64f8d1f6e1748665057273eaa4c2770098934d39afa160f2c6b4c18b06db,9ccf64f8d1f6e1748665057273eaa4c2770098934d39afa160f2c6b4c18b06db
61b0657200000000000000000324012c,helloworld,14337,/system/android/lib64/libutils.so,103:30,459232,mapped_object_verified,d2122565c44876c52191a847206de1eef8ede63d4464fda488be0000157448fe,d2122565c44876c52191a847206de1eef8ede63d4464fda488be0000157448fe,d2122565c44876c52191a847206de1eef8ede63d4464fda488be0000157448fe
61b0657200000000000000000324012c,helloworld,14337,/system/android/lib64/libandroidfw.so,103:30,459185,mapped_object_verified,14b51c422c5d41231c29515e7ac16e492bed0a988c69150e068031fbbf8bff73,14b51c422c5d41231c29515e7ac16e492bed0a988c69150e068031fbbf8bff73,14b51c422c5d41231c29515e7ac16e492bed0a988c69150e068031fbbf8bff73
61b0657200000000000000000324012c,helloworld,14337,/system/android/lib64/libcutils.so,103:30,459198,mapped_object_verified,dac8122813fb2de82912ed95dcfd2071ad80d978602dec09eb45156f201f3a0b,dac8122813fb2de82912ed95dcfd2071ad80d978602dec09eb45156f201f3a0b,dac8122813fb2de82912ed95dcfd2071ad80d978602dec09eb45156f201f3a0b
61b0657200000000000000000324012c,helloworld,14337,/system/android/lib64/libbase.so,103:30,459195,mapped_object_verified,6687427f8d92ca365f04abf66e5e253fb8d8214480b02740768a64017fef9585,6687427f8d92ca365f04abf66e5e253fb8d8214480b02740768a64017fef9585,6687427f8d92ca365f04abf66e5e253fb8d8214480b02740768a64017fef9585
61b0657200000000000000000324012c,helloworld,14337,/system/android/lib64/libziparchive.so,103:30,459237,mapped_object_verified,62c36cf5e2a99d23748119bfa6f16bae4c25e5c02d7965744568dcafe0c86cae,62c36cf5e2a99d23748119bfa6f16bae4c25e5c02d7965744568dcafe0c86cae,62c36cf5e2a99d23748119bfa6f16bae4c25e5c02d7965744568dcafe0c86cae
61b0657200000000000000000324012c,helloworld,14337,/system/android/lib64/libnativehelper.so,103:30,459218,mapped_object_verified,6a5a32e3928aae323b4b758d1e171e42d4107d974925cfc1bd92e791a453219a,6a5a32e3928aae323b4b758d1e171e42d4107d974925cfc1bd92e791a453219a,6a5a32e3928aae323b4b758d1e171e42d4107d974925cfc1bd92e791a453219a
61b0657200000000000000000324012c,helloworld,14337,/system/android/lib64/liboh_skia_rtti_shim.so,103:30,459224,mapped_object_verified,ba12b45ad5c957e57731a15ba8bba6c623282cd02c50c8b1d860f45cbaf78515,ba12b45ad5c957e57731a15ba8bba6c623282cd02c50c8b1d860f45cbaf78515,ba12b45ad5c957e57731a15ba8bba6c623282cd02c50c8b1d860f45cbaf78515
61b0657200000000000000000324012c,helloworld,14337,/system/android/lib64/libhwui.so,103:30,459204,mapped_object_verified,be59260f93b3debe1ad64cc8e7b6b0575e5be04794b46f8eb876436d1ebc9b74,be59260f93b3debe1ad64cc8e7b6b0575e5be04794b46f8eb876436d1ebc9b74,be59260f93b3debe1ad64cc8e7b6b0575e5be04794b46f8eb876436d1ebc9b74
61b0657200000000000000000324012c,helloworld,14337,/system/android/lib64/libft2.so,103:30,459202,mapped_object_verified,8e1de240283ec60c9be7da368a04d8fbc062e13c0bd6bb26218b8dc96fd193e0,8e1de240283ec60c9be7da368a04d8fbc062e13c0bd6bb26218b8dc96fd193e0,8e1de240283ec60c9be7da368a04d8fbc062e13c0bd6bb26218b8dc96fd193e0
61b0657200000000000000000324012c,helloworld,14337,/system/android/lib64/libharfbuzz_ng.so,103:30,459203,mapped_object_verified,644bcae8ade4c53fcdb576f2add6627f27c094bbffef79924552113deafe14b4,644bcae8ade4c53fcdb576f2add6627f27c094bbffef79924552113deafe14b4,644bcae8ade4c53fcdb576f2add6627f27c094bbffef79924552113deafe14b4
61b0657200000000000000000324012c,helloworld,14337,/system/android/lib64/libminikin.so,103:30,459216,mapped_object_verified,1d688d8f6829bbb3a63ab83234791a9a1436c37731a4aaebd8c277d278401d2a,1d688d8f6829bbb3a63ab83234791a9a1436c37731a4aaebd8c277d278401d2a,1d688d8f6829bbb3a63ab83234791a9a1436c37731a4aaebd8c277d278401d2a
61b0657200000000000000000324012c,helloworld,14337,/system/android/lib64/liboh_hwui_shim.so,103:30,459222,mapped_object_verified,e97315493ba9edffc638bf25f65e559d7af647af3905b938a636e398cda9ce53,e97315493ba9edffc638bf25f65e559d7af647af3905b938a636e398cda9ce53,e97315493ba9edffc638bf25f65e559d7af647af3905b938a636e398cda9ce53
61b0657200000000000000000324012c,helloworld,14337,/system/android/lib64/libnativeloader.so,103:30,459219,mapped_object_verified,fde6f31c6f8911bd5be165d69bc248f47699be435240dc855fa7528c0ba73ccd,fde6f31c6f8911bd5be165d69bc248f47699be435240dc855fa7528c0ba73ccd,fde6f31c6f8911bd5be165d69bc248f47699be435240dc855fa7528c0ba73ccd
61b0657200000000000000000324012c,helloworld,14337,/system/android/lib64/libapp_native_loader.so,103:30,459187,mapped_object_verified,a9caa67f397ed4e7bd8ee47784aecb7f6966eaa9afd65c498597947ccc8f04b6,a9caa67f397ed4e7bd8ee47784aecb7f6966eaa9afd65c498597947ccc8f04b6,a9caa67f397ed4e7bd8ee47784aecb7f6966eaa9afd65c498597947ccc8f04b6
61b0657200000000000000000324012c,helloworld,14337,/system/android/lib64/libandroid.so,103:30,459184,mapped_object_verified,9ccf64f8d1f6e1748665057273eaa4c2770098934d39afa160f2c6b4c18b06db,9ccf64f8d1f6e1748665057273eaa4c2770098934d39afa160f2c6b4c18b06db,9ccf64f8d1f6e1748665057273eaa4c2770098934d39afa160f2c6b4c18b06db
61b0657200000000000000000324012c,helloworld,14337,/system/android/framework/framework-res.apk,103:30,459159,mapped_object_verified,76a157c084f9b90dae195191d2159901434f11f815e3e2d9eea02ded486e7770,76a157c084f9b90dae195191d2159901434f11f815e3e2d9eea02ded486e7770,76a157c084f9b90dae195191d2159901434f11f815e3e2d9eea02ded486e7770
61b0657200000000000000000324012c,helloworld,14337,/system/android/lib64/libwestlake_bionic_pthread_bridge.so,103:30,459235,mapped_object_verified,db31d6d81c543860449e4e13f94dda6d39acde94ce00e34e7087a4d796e88fc6,db31d6d81c543860449e4e13f94dda6d39acde94ce00e34e7087a4d796e88fc6,db31d6d81c543860449e4e13f94dda6d39acde94ce00e34e7087a4d796e88fc6
61b0657200000000000000000324012c,helloworld,14337,/system/bin/appspawn-x,103:30,459272,mapped_object_verified,b7205719b3139164d5b7c3ff50c1235784cc0b090cb5420cd8d1ccbd57ca55d2,b7205719b3139164d5b7c3ff50c1235784cc0b090cb5420cd8d1ccbd57ca55d2,b7205719b3139164d5b7c3ff50c1235784cc0b090cb5420cd8d1ccbd57ca55d2
61b0657200000000000000000324012c,helloworld,14337,/system/android/framework/arm64/boot-oh-adapter-framework.vdex,103:30,459121,mapped_object_verified,5e0557427f19acd3adca6166a79b288535a92b370fa48ff1e2aa3accdc4f8925,5e0557427f19acd3adca6166a79b288535a92b370fa48ff1e2aa3accdc4f8925,5e0557427f19acd3adca6166a79b288535a92b370fa48ff1e2aa3accdc4f8925
61b0657200000000000000000324012c,helloworld,14337,/system/android/framework/arm64/boot-framework.vdex,103:30,459109,mapped_object_verified,531de30496b0780d6b3bf1dcc94f15f243be855d313a9526839bb741a64d9957,531de30496b0780d6b3bf1dcc94f15f243be855d313a9526839bb741a64d9957,531de30496b0780d6b3bf1dcc94f15f243be855d313a9526839bb741a64d9957
61b0657200000000000000000324012c,helloworld,14337,/system/android/framework/arm64/boot-adapter-mainline-stubs.vdex,103:30,459069,mapped_object_verified,998c2af8919e7f030a38b0df5c0e67f64093a269d9f53e2771784814decc8afe,998c2af8919e7f030a38b0df5c0e67f64093a269d9f53e2771784814decc8afe,998c2af8919e7f030a38b0df5c0e67f64093a269d9f53e2771784814decc8afe
61b0657200000000000000000324012c,helloworld,14337,/system/android/framework/arm64/boot-apache-xml.vdex,103:30,459072,mapped_object_verified,5cdf56053f7118ec232a8dee49fd0fe53816d82a3f6587a1a335964871970f83,5cdf56053f7118ec232a8dee49fd0fe53816d82a3f6587a1a335964871970f83,5cdf56053f7118ec232a8dee49fd0fe53816d82a3f6587a1a335964871970f83
61b0657200000000000000000324012c,helloworld,14337,/system/android/framework/arm64/boot-bouncycastle.vdex,103:30,459075,mapped_object_verified,51d42e85675ee72420775bf9e532ab3c3ba1dd8e41832037c2f225076fec0d67,51d42e85675ee72420775bf9e532ab3c3ba1dd8e41832037c2f225076fec0d67,51d42e85675ee72420775bf9e532ab3c3ba1dd8e41832037c2f225076fec0d67
61b0657200000000000000000324012c,helloworld,14337,/system/android/framework/arm64/boot-okhttp.vdex,103:30,459124,mapped_object_verified,bfad17177cb49196cb3f1895a620f8dbbed367e97120f2406f7d5d0c4426027a,bfad17177cb49196cb3f1895a620f8dbbed367e97120f2406f7d5d0c4426027a,bfad17177cb49196cb3f1895a620f8dbbed367e97120f2406f7d5d0c4426027a
61b0657200000000000000000324012c,helloworld,14337,/system/android/framework/arm64/boot-core-icu4j.vdex,103:30,459079,mapped_object_verified,8da239f3c7c297f0cc88d0a6ebe6644004fe98713a22bc81b1b5ee4159ac48ab,8da239f3c7c297f0cc88d0a6ebe6644004fe98713a22bc81b1b5ee4159ac48ab,8da239f3c7c297f0cc88d0a6ebe6644004fe98713a22bc81b1b5ee4159ac48ab
61b0657200000000000000000324012c,helloworld,14337,/system/android/framework/arm64/boot-core-libart.vdex,103:30,459082,mapped_object_verified,a5a90304c7b061360829f822bea0690dc8f8a5350fc5d9c83696158d0b9b17ad,a5a90304c7b061360829f822bea0690dc8f8a5350fc5d9c83696158d0b9b17ad,a5a90304c7b061360829f822bea0690dc8f8a5350fc5d9c83696158d0b9b17ad
61b0657200000000000000000324012c,helloworld,14337,/system/android/framework/arm64/boot.vdex,103:30,459130,mapped_object_verified,23c1f5b05f1b103f5d74e4570f3faf29869c7027f930dd81ba2c7355ebc210b8,23c1f5b05f1b103f5d74e4570f3faf29869c7027f930dd81ba2c7355ebc210b8,23c1f5b05f1b103f5d74e4570f3faf29869c7027f930dd81ba2c7355ebc210b8
61b0657200000000000000000324012c,other_app_child,17209,/system/android/framework/arm64/boot-core-libart.art,103:30,459080,mapped_object_verified,4bdcfdf6b1cd1110cf1843b46956562b9452933fb3f7e5df3f020b38e19c26a9,4bdcfdf6b1cd1110cf1843b46956562b9452933fb3f7e5df3f020b38e19c26a9,4bdcfdf6b1cd1110cf1843b46956562b9452933fb3f7e5df3f020b38e19c26a9
61b0657200000000000000000324012c,other_app_child,17209,/system/android/framework/arm64/boot-okhttp.art,103:30,459122,mapped_object_verified,882f3e75354a45a9552bf81a1d286d5eb8b1d760e9d70ddda22e33e9a4fcf5ee,882f3e75354a45a9552bf81a1d286d5eb8b1d760e9d70ddda22e33e9a4fcf5ee,882f3e75354a45a9552bf81a1d286d5eb8b1d760e9d70ddda22e33e9a4fcf5ee
61b0657200000000000000000324012c,other_app_child,17209,/system/android/framework/arm64/boot-oh-adapter-framework.art,103:30,459119,mapped_object_verified,0b259a12b49bb7044669c9939a590964068ded11c79b60b6f9a7bf18343b1c7c,0b259a12b49bb7044669c9939a590964068ded11c79b60b6f9a7bf18343b1c7c,0b259a12b49bb7044669c9939a590964068ded11c79b60b6f9a7bf18343b1c7c
61b0657200000000000000000324012c,other_app_child,17209,/system/android/framework/arm64/boot-adapter-mainline-stubs.art,103:30,459067,mapped_object_verified,fd96c12667a94dd8ffa70e068b115430365e61f3a0a8d2745554d61aa2537bd8,fd96c12667a94dd8ffa70e068b115430365e61f3a0a8d2745554d61aa2537bd8,fd96c12667a94dd8ffa70e068b115430365e61f3a0a8d2745554d61aa2537bd8
61b0657200000000000000000324012c,other_app_child,17209,/system/android/framework/arm64/boot.oat,103:30,459127,mapped_object_verified,25d92cf7df9c86ca4bbc81c1e2f44a5c6c64798506247239e07a30f651b9e78c,25d92cf7df9c86ca4bbc81c1e2f44a5c6c64798506247239e07a30f651b9e78c,25d92cf7df9c86ca4bbc81c1e2f44a5c6c64798506247239e07a30f651b9e78c
61b0657200000000000000000324012c,other_app_child,17209,/system/android/framework/arm64/boot.art,103:30,459125,mapped_object_verified,2e4f8049b77c915ac8ffe7bde981f971bf2bab3fb87ae71b11f60f4cc50649ac,2e4f8049b77c915ac8ffe7bde981f971bf2bab3fb87ae71b11f60f4cc50649ac,2e4f8049b77c915ac8ffe7bde981f971bf2bab3fb87ae71b11f60f4cc50649ac
61b0657200000000000000000324012c,other_app_child,17209,/system/android/framework/arm64/boot-core-icu4j.art,103:30,459076,mapped_object_verified,339040032b0d7a3802acd8e17ddb65646de9005acdb3029ee5a1644f9f0e3d06,339040032b0d7a3802acd8e17ddb65646de9005acdb3029ee5a1644f9f0e3d06,339040032b0d7a3802acd8e17ddb65646de9005acdb3029ee5a1644f9f0e3d06
61b0657200000000000000000324012c,other_app_child,17209,/system/android/framework/arm64/boot-bouncycastle.art,103:30,459073,mapped_object_verified,0dcf0f58a1251db24dddf69661e00511445e100faa4c93737ada32a2098ff060,0dcf0f58a1251db24dddf69661e00511445e100faa4c93737ada32a2098ff060,0dcf0f58a1251db24dddf69661e00511445e100faa4c93737ada32a2098ff060
61b0657200000000000000000324012c,other_app_child,17209,/system/android/framework/arm64/boot-apache-xml.art,103:30,459070,mapped_object_verified,be0b335d698c0564de84113193fd1f923f43b22db9bf2fe05207b22161a3fdc2,be0b335d698c0564de84113193fd1f923f43b22db9bf2fe05207b22161a3fdc2,be0b335d698c0564de84113193fd1f923f43b22db9bf2fe05207b22161a3fdc2
61b0657200000000000000000324012c,other_app_child,17209,/system/android/framework/arm64/boot-core-libart.oat,103:30,459081,mapped_object_verified,daa3a327e1d8fc1dcaf3e0fc5a87c6a0f20a3de3373334c6a87bf849b58b97cf,daa3a327e1d8fc1dcaf3e0fc5a87c6a0f20a3de3373334c6a87bf849b58b97cf,daa3a327e1d8fc1dcaf3e0fc5a87c6a0f20a3de3373334c6a87bf849b58b97cf
61b0657200000000000000000324012c,other_app_child,17209,/system/android/framework/arm64/boot-core-icu4j.oat,103:30,459077,mapped_object_verified,4a8423844f08042edefc604852c5f38e86934f81f8833040e7ad0ab7241fa82f,4a8423844f08042edefc604852c5f38e86934f81f8833040e7ad0ab7241fa82f,4a8423844f08042edefc604852c5f38e86934f81f8833040e7ad0ab7241fa82f
61b0657200000000000000000324012c,other_app_child,17209,/system/android/framework/arm64/boot-okhttp.oat,103:30,459123,mapped_object_verified,332e3d8c2ee56cc6241943cdeb94fa19fec86c2d14ddd018ec8ee7cdaecc18a1,332e3d8c2ee56cc6241943cdeb94fa19fec86c2d14ddd018ec8ee7cdaecc18a1,332e3d8c2ee56cc6241943cdeb94fa19fec86c2d14ddd018ec8ee7cdaecc18a1
61b0657200000000000000000324012c,other_app_child,17209,/system/android/framework/arm64/boot-bouncycastle.oat,103:30,459074,mapped_object_verified,932abb2bd802663c7b4abdb8fe79b8f8a8cc870678c1fb2a72fb3e16dd5547fb,932abb2bd802663c7b4abdb8fe79b8f8a8cc870678c1fb2a72fb3e16dd5547fb,932abb2bd802663c7b4abdb8fe79b8f8a8cc870678c1fb2a72fb3e16dd5547fb
61b0657200000000000000000324012c,other_app_child,17209,/system/android/framework/arm64/boot-apache-xml.oat,103:30,459071,mapped_object_verified,9fbc55d5bf5936afe2fddab82674a533c3aedaa722f451942043f403a1700f0f,9fbc55d5bf5936afe2fddab82674a533c3aedaa722f451942043f403a1700f0f,9fbc55d5bf5936afe2fddab82674a533c3aedaa722f451942043f403a1700f0f
61b0657200000000000000000324012c,other_app_child,17209,/system/android/framework/arm64/boot-adapter-mainline-stubs.oat,103:30,459068,mapped_object_verified,27b36360cb7706e54e5f60ef18fdb9ced4652159a04d461d3e4caef76d6318b4,27b36360cb7706e54e5f60ef18fdb9ced4652159a04d461d3e4caef76d6318b4,27b36360cb7706e54e5f60ef18fdb9ced4652159a04d461d3e4caef76d6318b4
61b0657200000000000000000324012c,other_app_child,17209,/system/android/framework/arm64/boot-framework.oat,103:30,459092,mapped_object_verified,0ff275fa856c9a7e404b3e03460aa3b514268e9ee8a3910e0549f0750cc2d7c0,0ff275fa856c9a7e404b3e03460aa3b514268e9ee8a3910e0549f0750cc2d7c0,0ff275fa856c9a7e404b3e03460aa3b514268e9ee8a3910e0549f0750cc2d7c0
61b0657200000000000000000324012c,other_app_child,17209,/system/android/framework/arm64/boot-oh-adapter-framework.oat,103:30,459120,mapped_object_verified,82c341aa072b8dbbc2913132536e39995c9c4c3e99319007d1077c456294c1bf,82c341aa072b8dbbc2913132536e39995c9c4c3e99319007d1077c456294c1bf,82c341aa072b8dbbc2913132536e39995c9c4c3e99319007d1077c456294c1bf
61b0657200000000000000000324012c,other_app_child,17209,/system/android/lib64/libwestlake_thread_guard_registry.so,103:30,459268,mapped_object_verified,674d3ef3b9b00b367e389b539df4ae71bf2a12e3dd25dba962d6fcc7f240f063,674d3ef3b9b00b367e389b539df4ae71bf2a12e3dd25dba962d6fcc7f240f063,674d3ef3b9b00b367e389b539df4ae71bf2a12e3dd25dba962d6fcc7f240f063
61b0657200000000000000000324012c,other_app_child,17209,/system/android/lib64/libbionic_compat.so,103:30,459196,mapped_object_verified,aa7e77f943ab4edd791590ca6b739120249b1ad6eb40e1ece7710ba206742a08,aa7e77f943ab4edd791590ca6b739120249b1ad6eb40e1ece7710ba206742a08,aa7e77f943ab4edd791590ca6b739120249b1ad6eb40e1ece7710ba206742a08
61b0657200000000000000000324012c,other_app_child,17209,/system/android/lib64/liblzma.so,103:30,459215,mapped_object_verified,239bdf61bcc8c971ef65c6e688c87048d01781d4ab8707546668f5d5e4cc7d40,239bdf61bcc8c971ef65c6e688c87048d01781d4ab8707546668f5d5e4cc7d40,239bdf61bcc8c971ef65c6e688c87048d01781d4ab8707546668f5d5e4cc7d40
61b0657200000000000000000324012c,other_app_child,17209,/system/android/framework/core-oj.jar,103:30,459136,mapped_object_verified,e5b187702b82f830d18f838406c75f4a375d494bc541c3916d74228564c9fb6d,e5b187702b82f830d18f838406c75f4a375d494bc541c3916d74228564c9fb6d,e5b187702b82f830d18f838406c75f4a375d494bc541c3916d74228564c9fb6d
61b0657200000000000000000324012c,other_app_child,17209,/system/android/framework/core-libart.jar,103:30,459135,mapped_object_verified,4e767490d696dbe351bef9217a13b75f3c3d848947477d041c38ff2cbfc1c8b1,4e767490d696dbe351bef9217a13b75f3c3d848947477d041c38ff2cbfc1c8b1,4e767490d696dbe351bef9217a13b75f3c3d848947477d041c38ff2cbfc1c8b1
61b0657200000000000000000324012c,other_app_child,17209,/system/lib64/appspawn/libwestlake_android_child.z.so,103:30,459273,mapped_object_verified,03aa62166ad085091f21c9ee68798a10d88e2336eee26b342a0fa62b44c571d2,03aa62166ad085091f21c9ee68798a10d88e2336eee26b342a0fa62b44c571d2,03aa62166ad085091f21c9ee68798a10d88e2336eee26b342a0fa62b44c571d2
61b0657200000000000000000324012c,other_app_child,17209,/system/android/framework/okhttp.jar,103:30,459182,mapped_object_verified,d510981adcb7f5b6d9b7fb167fb4cc83e67f88c164ff3007c6f4c046ea9552a6,d510981adcb7f5b6d9b7fb167fb4cc83e67f88c164ff3007c6f4c046ea9552a6,d510981adcb7f5b6d9b7fb167fb4cc83e67f88c164ff3007c6f4c046ea9552a6
61b0657200000000000000000324012c,other_app_child,17209,/system/android/framework/core-icu4j.jar,103:30,459134,mapped_object_verified,f31e34e244b6dc90a1fe28b26508447e62d898943cdf72ebbd0a4f540ad731d2,f31e34e244b6dc90a1fe28b26508447e62d898943cdf72ebbd0a4f540ad731d2,f31e34e244b6dc90a1fe28b26508447e62d898943cdf72ebbd0a4f540ad731d2
61b0657200000000000000000324012c,other_app_child,17209,/system/android/framework/bouncycastle.jar,103:30,459133,mapped_object_verified,8b15216d690fce5a144259014dd91f9d918816c959c5414a4785e3719795bc20,8b15216d690fce5a144259014dd91f9d918816c959c5414a4785e3719795bc20,8b15216d690fce5a144259014dd91f9d918816c959c5414a4785e3719795bc20
61b0657200000000000000000324012c,other_app_child,17209,/system/android/framework/apache-xml.jar,103:30,459065,mapped_object_verified,f79af065bdd621156cd62482dd2a455608971fbd9b2c4a82744f3301f7bc9f1f,f79af065bdd621156cd62482dd2a455608971fbd9b2c4a82744f3301f7bc9f1f,f79af065bdd621156cd62482dd2a455608971fbd9b2c4a82744f3301f7bc9f1f
61b0657200000000000000000324012c,other_app_child,17209,/system/android/framework/adapter-mainline-stubs.jar,103:30,459064,mapped_object_verified,beb369a1173eec0ce6cb070487ea100e50e7f1612e0144bf2be273ca21d7db25,beb369a1173eec0ce6cb070487ea100e50e7f1612e0144bf2be273ca21d7db25,beb369a1173eec0ce6cb070487ea100e50e7f1612e0144bf2be273ca21d7db25
61b0657200000000000000000324012c,other_app_child,17209,/system/android/framework/oh-adapter-framework.jar,103:30,459180,mapped_object_verified,f38ec31259dbfdd20c3c7b95b61364ed85f2c67c440366546ffbc130e6773a50,f38ec31259dbfdd20c3c7b95b61364ed85f2c67c440366546ffbc130e6773a50,f38ec31259dbfdd20c3c7b95b61364ed85f2c67c440366546ffbc130e6773a50
61b0657200000000000000000324012c,other_app_child,17209,/system/android/framework/arm64/boot-framework.art,103:30,459083,mapped_object_verified,e129d601041ffa6bf3560a4d00881c90c4bd1091f195ca185698851155608310,e129d601041ffa6bf3560a4d00881c90c4bd1091f195ca185698851155608310,e129d601041ffa6bf3560a4d00881c90c4bd1091f195ca185698851155608310
61b0657200000000000000000324012c,other_app_child,17209,/system/lib64/appspawn/common/libappspawn_common.z.so,103:20,2522,mapped_object_verified,9caa7c11bfe1bd755aebfe6c6bf41e9cec40c34d239c16de3eb91d2b7be45279,9caa7c11bfe1bd755aebfe6c6bf41e9cec40c34d239c16de3eb91d2b7be45279,9caa7c11bfe1bd755aebfe6c6bf41e9cec40c34d239c16de3eb91d2b7be45279
61b0657200000000000000000324012c,other_app_child,17209,/system/android/framework/framework.jar,103:30,459169,mapped_object_verified,3e106350d882cd1f2f6d71c3cc4e9f124412d16f50a2dcb160007c34e6dde9af,3e106350d882cd1f2f6d71c3cc4e9f124412d16f50a2dcb160007c34e6dde9af,3e106350d882cd1f2f6d71c3cc4e9f124412d16f50a2dcb160007c34e6dde9af
61b0657200000000000000000324012c,other_app_child,17209,/system/android/lib64/libappexecfwk_base.z.so,103:30,459188,mapped_object_verified,b8889d4f9848272966acdc5009ecc95724c7c562876c3ed259f1f3e7e77a97d8,b8889d4f9848272966acdc5009ecc95724c7c562876c3ed259f1f3e7e77a97d8,b8889d4f9848272966acdc5009ecc95724c7c562876c3ed259f1f3e7e77a97d8
61b0657200000000000000000324012c,other_app_child,17209,/system/lib64/appspawn/common/libappspawn_sandbox.z.so,103:20,2523,mapped_object_verified,b50bb2be3dcda2f4217f257b18d81dede010ed1f11fccc7ca5358b3c00c16ded,b50bb2be3dcda2f4217f257b18d81dede010ed1f11fccc7ca5358b3c00c16ded,b50bb2be3dcda2f4217f257b18d81dede010ed1f11fccc7ca5358b3c00c16ded
61b0657200000000000000000324012c,other_app_child,17209,/system/lib64/appspawn/libappspawn_asan.z.so,103:20,2524,mapped_object_verified,f7e8dea52385fa1935c92c9ee10dea4bbb48b8f698f90af302476eafdc309d50,f7e8dea52385fa1935c92c9ee10dea4bbb48b8f698f90af302476eafdc309d50,f7e8dea52385fa1935c92c9ee10dea4bbb48b8f698f90af302476eafdc309d50
61b0657200000000000000000324012c,other_app_child,17209,/system/lib64/westlake/route-a/6cb40cd610ec29a69e320b8cc7d766ccffc675cbd7e94b709cc5d2462b9cddb0/libapp_native_loader.so,103:30,459239,mapped_object_verified,a3d4b80d943dd78972e5689a29810406f97056e0ce8f040d2ec24ac3618d9929,a3d4b80d943dd78972e5689a29810406f97056e0ce8f040d2ec24ac3618d9929,a3d4b80d943dd78972e5689a29810406f97056e0ce8f040d2ec24ac3618d9929
61b0657200000000000000000324012c,other_app_child,17209,/system/lib64/westlake/route-a/6cb40cd610ec29a69e320b8cc7d766ccffc675cbd7e94b709cc5d2462b9cddb0/liblog.so,103:30,459251,mapped_object_verified,a2530a4bfdcdfc94df02c6e60821282dc273007b300970915a8cb85835d30c4c,a2530a4bfdcdfc94df02c6e60821282dc273007b300970915a8cb85835d30c4c,a2530a4bfdcdfc94df02c6e60821282dc273007b300970915a8cb85835d30c4c
61b0657200000000000000000324012c,other_app_child,17209,/system/lib64/westlake/route-a/6cb40cd610ec29a69e320b8cc7d766ccffc675cbd7e94b709cc5d2462b9cddb0/libnativehelper.so,103:30,459255,mapped_object_verified,fe2ef89f2a7763ab7294b659bcc86bac95b64577eb81089eecd93285a4451256,fe2ef89f2a7763ab7294b659bcc86bac95b64577eb81089eecd93285a4451256,fe2ef89f2a7763ab7294b659bcc86bac95b64577eb81089eecd93285a4451256
61b0657200000000000000000324012c,other_app_child,17209,/system/lib64/westlake/route-a/6cb40cd610ec29a69e320b8cc7d766ccffc675cbd7e94b709cc5d2462b9cddb0/libbase.so,103:30,459246,mapped_object_verified,4549ad71eb77bfcc95a60f2f5a33941e953f434284b3f9d85d37e883f7238833,4549ad71eb77bfcc95a60f2f5a33941e953f434284b3f9d85d37e883f7238833,4549ad71eb77bfcc95a60f2f5a33941e953f434284b3f9d85d37e883f7238833
61b0657200000000000000000324012c,other_app_child,17209,/system/lib64/westlake/route-a/6cb40cd610ec29a69e320b8cc7d766ccffc675cbd7e94b709cc5d2462b9cddb0/libcutils.so,103:30,459248,mapped_object_verified,91fbd71976c737ecf0a6db3293c83cf06366d6cd2504812e8fcbad4fc9201e39,91fbd71976c737ecf0a6db3293c83cf06366d6cd2504812e8fcbad4fc9201e39,91fbd71976c737ecf0a6db3293c83cf06366d6cd2504812e8fcbad4fc9201e39
61b0657200000000000000000324012c,other_app_child,17209,/system/lib64/westlake/route-a/6cb40cd610ec29a69e320b8cc7d766ccffc675cbd7e94b709cc5d2462b9cddb0/libutils.so,103:30,459263,mapped_object_verified,e20f30688c6c02b838fcf98e75855fad7dca7d7d0d7bedae5293496c65205f34,e20f30688c6c02b838fcf98e75855fad7dca7d7d0d7bedae5293496c65205f34,e20f30688c6c02b838fcf98e75855fad7dca7d7d0d7bedae5293496c65205f34
61b0657200000000000000000324012c,other_app_child,17209,/system/lib64/westlake/route-a/6cb40cd610ec29a69e320b8cc7d766ccffc675cbd7e94b709cc5d2462b9cddb0/libsigchain.so,103:30,459260,mapped_object_verified,6d5d5538ff45c057208186f5cb74b9b5c2402d693aa2756a99327fd4b9f8c400,6d5d5538ff45c057208186f5cb74b9b5c2402d693aa2756a99327fd4b9f8c400,6d5d5538ff45c057208186f5cb74b9b5c2402d693aa2756a99327fd4b9f8c400
61b0657200000000000000000324012c,other_app_child,17209,/system/lib64/westlake/route-a/6cb40cd610ec29a69e320b8cc7d766ccffc675cbd7e94b709cc5d2462b9cddb0/libshared_libz.z.so,103:30,459259,mapped_object_verified,ab0820c6a33c58f2b5aa6d7b5f967f0eae42319baa2d7a42b779d1583f8a14fc,ab0820c6a33c58f2b5aa6d7b5f967f0eae42319baa2d7a42b779d1583f8a14fc,ab0820c6a33c58f2b5aa6d7b5f967f0eae42319baa2d7a42b779d1583f8a14fc
61b0657200000000000000000324012c,other_app_child,17209,/system/lib64/westlake/route-a/6cb40cd610ec29a69e320b8cc7d766ccffc675cbd7e94b709cc5d2462b9cddb0/libziparchive.so,103:30,459269,mapped_object_verified,e9fda6bcea152003418431c0153ab4e39d92ea5a4b2a54b9165c7ee544cef894,e9fda6bcea152003418431c0153ab4e39d92ea5a4b2a54b9165c7ee544cef894,e9fda6bcea152003418431c0153ab4e39d92ea5a4b2a54b9165c7ee544cef894
61b0657200000000000000000324012c,other_app_child,17209,/system/lib64/westlake/route-a/6cb40cd610ec29a69e320b8cc7d766ccffc675cbd7e94b709cc5d2462b9cddb0/libtinyxml2.so,103:30,459261,mapped_object_verified,67498c971c75ff885fea3555360bc6c1928745a0579bc149c3b3523770722a5a,67498c971c75ff885fea3555360bc6c1928745a0579bc149c3b3523770722a5a,67498c971c75ff885fea3555360bc6c1928745a0579bc149c3b3523770722a5a
61b0657200000000000000000324012c,other_app_child,17209,/system/lib64/westlake/route-a/6cb40cd610ec29a69e320b8cc7d766ccffc675cbd7e94b709cc5d2462b9cddb0/libartbase.so,103:30,459243,mapped_object_verified,75c0f18372207ea54cd735b86eae7f0e0797e026136c0d07050520b8199f85b1,75c0f18372207ea54cd735b86eae7f0e0797e026136c0d07050520b8199f85b1,75c0f18372207ea54cd735b86eae7f0e0797e026136c0d07050520b8199f85b1
61b0657200000000000000000324012c,other_app_child,17209,/system/lib64/westlake/route-a/6cb40cd610ec29a69e320b8cc7d766ccffc675cbd7e94b709cc5d2462b9cddb0/libartpalette.so,103:30,459245,mapped_object_verified,a5c5603dbdceab7063b7d87b905bdc4fde23a688483b13d1b37b12f36c3c516c,a5c5603dbdceab7063b7d87b905bdc4fde23a688483b13d1b37b12f36c3c516c,a5c5603dbdceab7063b7d87b905bdc4fde23a688483b13d1b37b12f36c3c516c
61b0657200000000000000000324012c,other_app_child,17209,/system/lib64/westlake/route-a/6cb40cd610ec29a69e320b8cc7d766ccffc675cbd7e94b709cc5d2462b9cddb0/libdexfile.so,103:30,459249,mapped_object_verified,a7fdc521910f94064f179f1155898c757f03913f26e447a8f910b4fd5a7210f8,a7fdc521910f94064f179f1155898c757f03913f26e447a8f910b4fd5a7210f8,a7fdc521910f94064f179f1155898c757f03913f26e447a8f910b4fd5a7210f8
61b0657200000000000000000324012c,other_app_child,17209,/system/lib64/westlake/route-a/6cb40cd610ec29a69e320b8cc7d766ccffc675cbd7e94b709cc5d2462b9cddb0/libvixl.so,103:30,459264,mapped_object_verified,9de4006120a7064e9106e54e3432a8ae10e1b5eb3cd67fb92d43b097317851cf,9de4006120a7064e9106e54e3432a8ae10e1b5eb3cd67fb92d43b097317851cf,9de4006120a7064e9106e54e3432a8ae10e1b5eb3cd67fb92d43b097317851cf
61b0657200000000000000000324012c,other_app_child,17209,/system/lib64/westlake/route-a/6cb40cd610ec29a69e320b8cc7d766ccffc675cbd7e94b709cc5d2462b9cddb0/liblz4.so,103:30,459252,mapped_object_verified,66b01d03ef1d0aadbf325ca4e7c158d2ca0a4d775976bde5e0d58c971e7e221c,66b01d03ef1d0aadbf325ca4e7c158d2ca0a4d775976bde5e0d58c971e7e221c,66b01d03ef1d0aadbf325ca4e7c158d2ca0a4d775976bde5e0d58c971e7e221c
61b0657200000000000000000324012c,other_app_child,17209,/system/lib64/westlake/route-a/6cb40cd610ec29a69e320b8cc7d766ccffc675cbd7e94b709cc5d2462b9cddb0/liblzma.so,103:30,459253,mapped_object_verified,239bdf61bcc8c971ef65c6e688c87048d01781d4ab8707546668f5d5e4cc7d40,239bdf61bcc8c971ef65c6e688c87048d01781d4ab8707546668f5d5e4cc7d40,239bdf61bcc8c971ef65c6e688c87048d01781d4ab8707546668f5d5e4cc7d40
61b0657200000000000000000324012c,other_app_child,17209,/system/lib64/westlake/route-a/6cb40cd610ec29a69e320b8cc7d766ccffc675cbd7e94b709cc5d2462b9cddb0/libelffile.so,103:30,459250,mapped_object_verified,15fe84f6be925e5012a66e9992d6e3958d8cd6a8de80817976aca495771c95fe,15fe84f6be925e5012a66e9992d6e3958d8cd6a8de80817976aca495771c95fe,15fe84f6be925e5012a66e9992d6e3958d8cd6a8de80817976aca495771c95fe
61b0657200000000000000000324012c,other_app_child,17209,/system/lib64/westlake/route-a/6cb40cd610ec29a69e320b8cc7d766ccffc675cbd7e94b709cc5d2462b9cddb0/libnativebridge.so,103:30,459254,mapped_object_verified,516d703bdc7e06b6f0ab4900eccbf625c56b244fe3516a98e6eded00f5671afd,516d703bdc7e06b6f0ab4900eccbf625c56b244fe3516a98e6eded00f5671afd,516d703bdc7e06b6f0ab4900eccbf625c56b244fe3516a98e6eded00f5671afd
61b0657200000000000000000324012c,other_app_child,17209,/system/lib64/westlake/route-a/6cb40cd610ec29a69e320b8cc7d766ccffc675cbd7e94b709cc5d2462b9cddb0/libnativeloader.so,103:30,459256,mapped_object_verified,fde6f31c6f8911bd5be165d69bc248f47699be435240dc855fa7528c0ba73ccd,fde6f31c6f8911bd5be165d69bc248f47699be435240dc855fa7528c0ba73ccd,fde6f31c6f8911bd5be165d69bc248f47699be435240dc855fa7528c0ba73ccd
61b0657200000000000000000324012c,other_app_child,17209,/system/lib64/westlake/route-a/6cb40cd610ec29a69e320b8cc7d766ccffc675cbd7e94b709cc5d2462b9cddb0/libprofile.so,103:30,459258,mapped_object_verified,86bfcad43fd830487eb19c69f861de4624d3df03c0b858cd02d6daa926c221a9,86bfcad43fd830487eb19c69f861de4624d3df03c0b858cd02d6daa926c221a9,86bfcad43fd830487eb19c69f861de4624d3df03c0b858cd02d6daa926c221a9
61b0657200000000000000000324012c,other_app_child,17209,/system/lib64/westlake/route-a/6cb40cd610ec29a69e320b8cc7d766ccffc675cbd7e94b709cc5d2462b9cddb0/libunwindstack.so,103:30,459262,mapped_object_verified,d2c1cbc70d097855b9196ec87f80c09d6f24e674ee16a3c517629df999c66965,d2c1cbc70d097855b9196ec87f80c09d6f24e674ee16a3c517629df999c66965,d2c1cbc70d097855b9196ec87f80c09d6f24e674ee16a3c517629df999c66965
61b0657200000000000000000324012c,other_app_child,17209,/system/lib64/westlake/route-a/6cb40cd610ec29a69e320b8cc7d766ccffc675cbd7e94b709cc5d2462b9cddb0/libart.so,103:30,459240,mapped_object_verified,59e1bb45294b9dd587dc9b81bad719b60675aa98c9c6cfced426449bcad0fe5f,59e1bb45294b9dd587dc9b81bad719b60675aa98c9c6cfced426449bcad0fe5f,59e1bb45294b9dd587dc9b81bad719b60675aa98c9c6cfced426449bcad0fe5f
61b0657200000000000000000324012c,other_app_child,17209,/system/lib64/westlake/route-a/6cb40cd610ec29a69e320b8cc7d766ccffc675cbd7e94b709cc5d2462b9cddb0/libopenjdkjvm.so,103:30,459257,mapped_object_verified,8b462862921f3fbca7e4306523d851b2ae00564094a6f5ca1b6658c7c6b457a8,8b462862921f3fbca7e4306523d851b2ae00564094a6f5ca1b6658c7c6b457a8,8b462862921f3fbca7e4306523d851b2ae00564094a6f5ca1b6658c7c6b457a8
61b0657200000000000000000324012c,other_app_child,17209,/system/lib64/westlake/route-a/6cb40cd610ec29a69e320b8cc7d766ccffc675cbd7e94b709cc5d2462b9cddb0/libwestlake_android_runtime_provider.so,103:30,459265,mapped_object_verified,3aa5d169ff17f4a680384691920d6b0168a45b306aff7dbf257b6eae6969bf2f,3aa5d169ff17f4a680384691920d6b0168a45b306aff7dbf257b6eae6969bf2f,3aa5d169ff17f4a680384691920d6b0168a45b306aff7dbf257b6eae6969bf2f
61b0657200000000000000000324012c,other_app_child,17209,/system/lib64/westlake/route-a/6cb40cd610ec29a69e320b8cc7d766ccffc675cbd7e94b709cc5d2462b9cddb0/libartpalette-system.so,103:30,459244,mapped_object_verified,0dce5cd6ba606a0db7444cd16900773c92978f878f21dec3eb6861af4d215ebf,0dce5cd6ba606a0db7444cd16900773c92978f878f21dec3eb6861af4d215ebf,0dce5cd6ba606a0db7444cd16900773c92978f878f21dec3eb6861af4d215ebf
61b0657200000000000000000324012c,other_app_child,17209,/system/android/lib64/libicu_jni.so,103:30,459205,mapped_object_verified,4261c09eeda033f3de8a083ffd8896058ddcfc83d4f109990c0e680862591a1c,4261c09eeda033f3de8a083ffd8896058ddcfc83d4f109990c0e680862591a1c,4261c09eeda033f3de8a083ffd8896058ddcfc83d4f109990c0e680862591a1c
61b0657200000000000000000324012c,other_app_child,17209,/system/android/lib64/libicuuc.so,103:30,459210,mapped_object_verified,f74827d992d25ffe481873f1b7f4416d97820c443f16bd715102455dbafbcf6f,f74827d992d25ffe481873f1b7f4416d97820c443f16bd715102455dbafbcf6f,f74827d992d25ffe481873f1b7f4416d97820c443f16bd715102455dbafbcf6f
61b0657200000000000000000324012c,other_app_child,17209,/system/android/lib64/libicui18n.so,103:30,459206,mapped_object_verified,40766b549f49b1dc5d405ad2d8465ce841eafb19a926c7924ab7078079bbbb86,40766b549f49b1dc5d405ad2d8465ce841eafb19a926c7924ab7078079bbbb86,40766b549f49b1dc5d405ad2d8465ce841eafb19a926c7924ab7078079bbbb86
61b0657200000000000000000324012c,other_app_child,17209,/system/android/lib64/libcrypto.so,103:30,459197,mapped_object_verified,0ca9ced4ac01ba5901fa1f86c413a30499df1b9e53991bbe7143fc407b444e88,0ca9ced4ac01ba5901fa1f86c413a30499df1b9e53991bbe7143fc407b444e88,0ca9ced4ac01ba5901fa1f86c413a30499df1b9e53991bbe7143fc407b444e88
61b0657200000000000000000324012c,other_app_child,17209,/system/android/lib64/libandroidio.so,103:30,459186,mapped_object_verified,c462f43f06d2ba028d4ae3e90001a5a81399c0824c95aafc99a01f6d9c170503,c462f43f06d2ba028d4ae3e90001a5a81399c0824c95aafc99a01f6d9c170503,c462f43f06d2ba028d4ae3e90001a5a81399c0824c95aafc99a01f6d9c170503
61b0657200000000000000000324012c,other_app_child,17209,/system/android/lib64/libexpat.so,103:30,459201,mapped_object_verified,838960f8c2f3d8a3f1a00ca40ecdf9cb1fd5171b35edcb92b24e90bd4d8b7c9c,838960f8c2f3d8a3f1a00ca40ecdf9cb1fd5171b35edcb92b24e90bd4d8b7c9c,838960f8c2f3d8a3f1a00ca40ecdf9cb1fd5171b35edcb92b24e90bd4d8b7c9c
61b0657200000000000000000324012c,other_app_child,17209,/system/android/lib64/liblog.so,103:30,459213,mapped_object_verified,cc3eb850fc316b31fc3dd4ea4cc3b9b0871432f3bc8750f60a9b5efbde63d94e,cc3eb850fc316b31fc3dd4ea4cc3b9b0871432f3bc8750f60a9b5efbde63d94e,cc3eb850fc316b31fc3dd4ea4cc3b9b0871432f3bc8750f60a9b5efbde63d94e
61b0657200000000000000000324012c,other_app_child,17209,/system/android/lib64/libjavacore.so,103:30,459212,mapped_object_verified,43d8103f41a65d1f68ad74213cb0e458f549b76bb8d322b8579b8c1a116518ec,43d8103f41a65d1f68ad74213cb0e458f549b76bb8d322b8579b8c1a116518ec,43d8103f41a65d1f68ad74213cb0e458f549b76bb8d322b8579b8c1a116518ec
61b0657200000000000000000324012c,other_app_child,17209,/system/android/lib64/libopenjdk.so,103:30,459225,mapped_object_verified,078d0bced16936c7b1bdd0b9663968c8345064b68557dabd3dcae589e99fe167,078d0bced16936c7b1bdd0b9663968c8345064b68557dabd3dcae589e99fe167,078d0bced16936c7b1bdd0b9663968c8345064b68557dabd3dcae589e99fe167
61b0657200000000000000000324012c,other_app_child,17209,/system/android/lib64/liboh_adapter_bridge.so,103:30,459220,mapped_object_verified,84695d62f515cfec6bb317c959ec55b1d5085bf82303f792a764cf549a22267a,84695d62f515cfec6bb317c959ec55b1d5085bf82303f792a764cf549a22267a,84695d62f515cfec6bb317c959ec55b1d5085bf82303f792a764cf549a22267a
61b0657200000000000000000324012c,other_app_child,17209,/system/android/lib64/libshared_libz.z.so,103:30,459228,mapped_object_verified,ab0820c6a33c58f2b5aa6d7b5f967f0eae42319baa2d7a42b779d1583f8a14fc,ab0820c6a33c58f2b5aa6d7b5f967f0eae42319baa2d7a42b779d1583f8a14fc,ab0820c6a33c58f2b5aa6d7b5f967f0eae42319baa2d7a42b779d1583f8a14fc
61b0657200000000000000000324012c,other_app_child,17209,/system/android/lib64/liboh_android_runtime.so,103:30,459221,mapped_object_verified,9ccf64f8d1f6e1748665057273eaa4c2770098934d39afa160f2c6b4c18b06db,9ccf64f8d1f6e1748665057273eaa4c2770098934d39afa160f2c6b4c18b06db,9ccf64f8d1f6e1748665057273eaa4c2770098934d39afa160f2c6b4c18b06db
61b0657200000000000000000324012c,other_app_child,17209,/system/android/lib64/libutils.so,103:30,459232,mapped_object_verified,d2122565c44876c52191a847206de1eef8ede63d4464fda488be0000157448fe,d2122565c44876c52191a847206de1eef8ede63d4464fda488be0000157448fe,d2122565c44876c52191a847206de1eef8ede63d4464fda488be0000157448fe
61b0657200000000000000000324012c,other_app_child,17209,/system/android/lib64/libbase.so,103:30,459195,mapped_object_verified,6687427f8d92ca365f04abf66e5e253fb8d8214480b02740768a64017fef9585,6687427f8d92ca365f04abf66e5e253fb8d8214480b02740768a64017fef9585,6687427f8d92ca365f04abf66e5e253fb8d8214480b02740768a64017fef9585
61b0657200000000000000000324012c,other_app_child,17209,/system/android/lib64/libcutils.so,103:30,459198,mapped_object_verified,dac8122813fb2de82912ed95dcfd2071ad80d978602dec09eb45156f201f3a0b,dac8122813fb2de82912ed95dcfd2071ad80d978602dec09eb45156f201f3a0b,dac8122813fb2de82912ed95dcfd2071ad80d978602dec09eb45156f201f3a0b
61b0657200000000000000000324012c,other_app_child,17209,/system/android/lib64/libandroidfw.so,103:30,459185,mapped_object_verified,14b51c422c5d41231c29515e7ac16e492bed0a988c69150e068031fbbf8bff73,14b51c422c5d41231c29515e7ac16e492bed0a988c69150e068031fbbf8bff73,14b51c422c5d41231c29515e7ac16e492bed0a988c69150e068031fbbf8bff73
61b0657200000000000000000324012c,other_app_child,17209,/system/android/lib64/libziparchive.so,103:30,459237,mapped_object_verified,62c36cf5e2a99d23748119bfa6f16bae4c25e5c02d7965744568dcafe0c86cae,62c36cf5e2a99d23748119bfa6f16bae4c25e5c02d7965744568dcafe0c86cae,62c36cf5e2a99d23748119bfa6f16bae4c25e5c02d7965744568dcafe0c86cae
61b0657200000000000000000324012c,other_app_child,17209,/system/android/lib64/libnativehelper.so,103:30,459218,mapped_object_verified,6a5a32e3928aae323b4b758d1e171e42d4107d974925cfc1bd92e791a453219a,6a5a32e3928aae323b4b758d1e171e42d4107d974925cfc1bd92e791a453219a,6a5a32e3928aae323b4b758d1e171e42d4107d974925cfc1bd92e791a453219a
61b0657200000000000000000324012c,other_app_child,17209,/system/android/lib64/libminikin.so,103:30,459216,mapped_object_verified,1d688d8f6829bbb3a63ab83234791a9a1436c37731a4aaebd8c277d278401d2a,1d688d8f6829bbb3a63ab83234791a9a1436c37731a4aaebd8c277d278401d2a,1d688d8f6829bbb3a63ab83234791a9a1436c37731a4aaebd8c277d278401d2a
61b0657200000000000000000324012c,other_app_child,17209,/system/android/lib64/libft2.so,103:30,459202,mapped_object_verified,8e1de240283ec60c9be7da368a04d8fbc062e13c0bd6bb26218b8dc96fd193e0,8e1de240283ec60c9be7da368a04d8fbc062e13c0bd6bb26218b8dc96fd193e0,8e1de240283ec60c9be7da368a04d8fbc062e13c0bd6bb26218b8dc96fd193e0
61b0657200000000000000000324012c,other_app_child,17209,/system/android/lib64/libhwui.so,103:30,459204,mapped_object_verified,be59260f93b3debe1ad64cc8e7b6b0575e5be04794b46f8eb876436d1ebc9b74,be59260f93b3debe1ad64cc8e7b6b0575e5be04794b46f8eb876436d1ebc9b74,be59260f93b3debe1ad64cc8e7b6b0575e5be04794b46f8eb876436d1ebc9b74
61b0657200000000000000000324012c,other_app_child,17209,/system/android/lib64/liboh_hwui_shim.so,103:30,459222,mapped_object_verified,e97315493ba9edffc638bf25f65e559d7af647af3905b938a636e398cda9ce53,e97315493ba9edffc638bf25f65e559d7af647af3905b938a636e398cda9ce53,e97315493ba9edffc638bf25f65e559d7af647af3905b938a636e398cda9ce53
61b0657200000000000000000324012c,other_app_child,17209,/system/android/lib64/libharfbuzz_ng.so,103:30,459203,mapped_object_verified,644bcae8ade4c53fcdb576f2add6627f27c094bbffef79924552113deafe14b4,644bcae8ade4c53fcdb576f2add6627f27c094bbffef79924552113deafe14b4,644bcae8ade4c53fcdb576f2add6627f27c094bbffef79924552113deafe14b4
61b0657200000000000000000324012c,other_app_child,17209,/system/android/lib64/liboh_skia_rtti_shim.so,103:30,459224,mapped_object_verified,ba12b45ad5c957e57731a15ba8bba6c623282cd02c50c8b1d860f45cbaf78515,ba12b45ad5c957e57731a15ba8bba6c623282cd02c50c8b1d860f45cbaf78515,ba12b45ad5c957e57731a15ba8bba6c623282cd02c50c8b1d860f45cbaf78515
61b0657200000000000000000324012c,other_app_child,17209,/system/android/lib64/libnativeloader.so,103:30,459219,mapped_object_verified,fde6f31c6f8911bd5be165d69bc248f47699be435240dc855fa7528c0ba73ccd,fde6f31c6f8911bd5be165d69bc248f47699be435240dc855fa7528c0ba73ccd,fde6f31c6f8911bd5be165d69bc248f47699be435240dc855fa7528c0ba73ccd
61b0657200000000000000000324012c,other_app_child,17209,/system/android/lib64/libandroid.so,103:30,459184,mapped_object_verified,9ccf64f8d1f6e1748665057273eaa4c2770098934d39afa160f2c6b4c18b06db,9ccf64f8d1f6e1748665057273eaa4c2770098934d39afa160f2c6b4c18b06db,9ccf64f8d1f6e1748665057273eaa4c2770098934d39afa160f2c6b4c18b06db
61b0657200000000000000000324012c,other_app_child,17209,/system/android/lib64/libapp_native_loader.so,103:30,459187,mapped_object_verified,a9caa67f397ed4e7bd8ee47784aecb7f6966eaa9afd65c498597947ccc8f04b6,a9caa67f397ed4e7bd8ee47784aecb7f6966eaa9afd65c498597947ccc8f04b6,a9caa67f397ed4e7bd8ee47784aecb7f6966eaa9afd65c498597947ccc8f04b6
61b0657200000000000000000324012c,other_app_child,17209,/system/android/framework/framework-res.apk,103:30,459159,mapped_object_verified,76a157c084f9b90dae195191d2159901434f11f815e3e2d9eea02ded486e7770,76a157c084f9b90dae195191d2159901434f11f815e3e2d9eea02ded486e7770,76a157c084f9b90dae195191d2159901434f11f815e3e2d9eea02ded486e7770
61b0657200000000000000000324012c,other_app_child,17209,/system/android/lib64/libwestlake_bionic_pthread_bridge.so,103:30,459235,mapped_object_verified,db31d6d81c543860449e4e13f94dda6d39acde94ce00e34e7087a4d796e88fc6,db31d6d81c543860449e4e13f94dda6d39acde94ce00e34e7087a4d796e88fc6,db31d6d81c543860449e4e13f94dda6d39acde94ce00e34e7087a4d796e88fc6
61b0657200000000000000000324012c,other_app_child,17209,/system/lib64/chipset-sdk-sp/libshared_libz.z.so,103:20,2626,mapped_object_verified,3c025525f68bc3afcd74fe3c14c2f7c55112e2b801a4d1046a335dd2f4c73240,3c025525f68bc3afcd74fe3c14c2f7c55112e2b801a4d1046a335dd2f4c73240,3c025525f68bc3afcd74fe3c14c2f7c55112e2b801a4d1046a335dd2f4c73240
61b0657200000000000000000324012c,other_app_child,17209,/system/bin/appspawn-x,103:30,459272,mapped_object_verified,b7205719b3139164d5b7c3ff50c1235784cc0b090cb5420cd8d1ccbd57ca55d2,b7205719b3139164d5b7c3ff50c1235784cc0b090cb5420cd8d1ccbd57ca55d2,b7205719b3139164d5b7c3ff50c1235784cc0b090cb5420cd8d1ccbd57ca55d2
61b0657200000000000000000324012c,other_app_child,17209,/system/android/framework/arm64/boot-oh-adapter-framework.vdex,103:30,459121,mapped_object_verified,5e0557427f19acd3adca6166a79b288535a92b370fa48ff1e2aa3accdc4f8925,5e0557427f19acd3adca6166a79b288535a92b370fa48ff1e2aa3accdc4f8925,5e0557427f19acd3adca6166a79b288535a92b370fa48ff1e2aa3accdc4f8925
61b0657200000000000000000324012c,other_app_child,17209,/system/android/framework/arm64/boot-framework.vdex,103:30,459109,mapped_object_verified,531de30496b0780d6b3bf1dcc94f15f243be855d313a9526839bb741a64d9957,531de30496b0780d6b3bf1dcc94f15f243be855d313a9526839bb741a64d9957,531de30496b0780d6b3bf1dcc94f15f243be855d313a9526839bb741a64d9957
61b0657200000000000000000324012c,other_app_child,17209,/system/android/framework/arm64/boot-adapter-mainline-stubs.vdex,103:30,459069,mapped_object_verified,998c2af8919e7f030a38b0df5c0e67f64093a269d9f53e2771784814decc8afe,998c2af8919e7f030a38b0df5c0e67f64093a269d9f53e2771784814decc8afe,998c2af8919e7f030a38b0df5c0e67f64093a269d9f53e2771784814decc8afe
61b0657200000000000000000324012c,other_app_child,17209,/system/android/framework/arm64/boot-apache-xml.vdex,103:30,459072,mapped_object_verified,5cdf56053f7118ec232a8dee49fd0fe53816d82a3f6587a1a335964871970f83,5cdf56053f7118ec232a8dee49fd0fe53816d82a3f6587a1a335964871970f83,5cdf56053f7118ec232a8dee49fd0fe53816d82a3f6587a1a335964871970f83
61b0657200000000000000000324012c,other_app_child,17209,/system/android/framework/arm64/boot-bouncycastle.vdex,103:30,459075,mapped_object_verified,51d42e85675ee72420775bf9e532ab3c3ba1dd8e41832037c2f225076fec0d67,51d42e85675ee72420775bf9e532ab3c3ba1dd8e41832037c2f225076fec0d67,51d42e85675ee72420775bf9e532ab3c3ba1dd8e41832037c2f225076fec0d67
61b0657200000000000000000324012c,other_app_child,17209,/system/android/framework/arm64/boot-okhttp.vdex,103:30,459124,mapped_object_verified,bfad17177cb49196cb3f1895a620f8dbbed367e97120f2406f7d5d0c4426027a,bfad17177cb49196cb3f1895a620f8dbbed367e97120f2406f7d5d0c4426027a,bfad17177cb49196cb3f1895a620f8dbbed367e97120f2406f7d5d0c4426027a
61b0657200000000000000000324012c,other_app_child,17209,/system/android/framework/arm64/boot-core-icu4j.vdex,103:30,459079,mapped_object_verified,8da239f3c7c297f0cc88d0a6ebe6644004fe98713a22bc81b1b5ee4159ac48ab,8da239f3c7c297f0cc88d0a6ebe6644004fe98713a22bc81b1b5ee4159ac48ab,8da239f3c7c297f0cc88d0a6ebe6644004fe98713a22bc81b1b5ee4159ac48ab
61b0657200000000000000000324012c,other_app_child,17209,/system/android/framework/arm64/boot-core-libart.vdex,103:30,459082,mapped_object_verified,a5a90304c7b061360829f822bea0690dc8f8a5350fc5d9c83696158d0b9b17ad,a5a90304c7b061360829f822bea0690dc8f8a5350fc5d9c83696158d0b9b17ad,a5a90304c7b061360829f822bea0690dc8f8a5350fc5d9c83696158d0b9b17ad
61b0657200000000000000000324012c,other_app_child,17209,/system/android/framework/arm64/boot.vdex,103:30,459130,mapped_object_verified,23c1f5b05f1b103f5d74e4570f3faf29869c7027f930dd81ba2c7355ebc210b8,23c1f5b05f1b103f5d74e4570f3faf29869c7027f930dd81ba2c7355ebc210b8,23c1f5b05f1b103f5d74e4570f3faf29869c7027f930dd81ba2c7355ebc210b8
