09-28 17:42:49.477     0     0 I I00000/HiLog: ========Zeroth log of type: init
09-28 17:52:17.868  2080  2080 W A01b01/HOME: FormModel: get all forms from layout
09-28 17:52:17.868  2080  2080 I A01b01/HOME: PageDesktopViewModel --> index: 1, pageList: 1, is outer: false
09-28 17:52:17.868  2080  2080 W A01b01/HOME: PageDesktopViewModel --> no cards in layout!
09-28 17:52:19.355  2080  2080 E A04200/WINDOW: [SCBMission]SCBSceneMissionManager: findMainSessionGlobalById error, not exist.
09-28 17:52:19.355  2080  2080 E A04200/WINDOW: [SCBMission]SCBScenePanelMissionHandler: [Screen:0][Panel:1] invalid persistentId
09-28 17:52:19.355  2080  2080 I A04200/WINDOW: [SCBMission]SCBScenePanelMissionHandler: [Screen:0][Panel:1] get none existing session.
09-28 17:52:19.355  2080  2080 E A04200/WINDOW: [SCBMission]SCBScenePanelMissionHandler: [Screen:0][Panel:2] invalid persistentId
09-28 17:52:19.355  2080  2080 I A04200/WINDOW: [SCBMission]SCBScenePanelMissionHandler: [Screen:0][Panel:2] get none existing session.
09-28 17:52:19.355  2080  2080 I A04200/WINDOW: [SCBMission]SCBSceneMissionManager: no exist container session match the info to be found.
09-28 17:52:19.355  2080  2080 I A04200/WINDOW: SCBRootSceneSession: onPendingSceneSessionActivation sceneInfo.persistentId:37 callState: 0 callerPersistentId: 0 windowMode: 0 appIndex: 0 needClearInNotShowRecent: falsedeviceTypes:  resizable: 0 supportWindowMode: 
09-28 17:52:19.355  2080  2080 I A04200/WINDOW: SCBRootSceneSession: onPendingSceneSessionActivation sceneInfo.screenName:UNKNOWN
09-28 17:52:19.356  2080  2080 I A04200/WINDOW: SCBRootSceneSession: fileManagerMode: , extraFormIdentity: 
09-28 17:52:19.356  2080  2080 W A04200/WINDOW: SCBSSM: [SCBMain]startSceneFromOther:{persistentId:37, screenId: 0, bundleInfo:com.unity3d.player.UnityPlayerActivity/com.a2hlab.bridge.zigzag/entry/0, unclearableSession:undefined, callerPersistentId:0, callerAbilityName: , toPersistentId:0, launchType:0, isNewInstance:false, fullScreenStart:false, _windowMode:1, isAppUseControl:undefined, isUnclearableInRecent:undefined, focusedOnShow:true, isAtomicService:falseisStartupInstallFree:false, isNewAppInstance:false, appInstanceKey:}, startMode:1
09-28 17:52:19.357  2080  2080 W A04200/WINDOW: SCBSSM: isExclusion, app startup detect
09-28 17:52:19.357  2080  2080 I A01b01/HOME: DeliverUtil: get default const.app_eco.support_ohos: default get default persist.ohos_fusion_mgr.ctl.support_ohos: default
09-28 17:52:19.357  2080  2080 I A01b01/HOME: SampleManager: isSampleMg: false
09-28 17:52:19.357  2080  2080 I A04200/WINDOW: SCBSSM: SCBSSM
09-28 17:52:19.357  2080  2080 I A04200/WINDOW: SCBSSM: SCBSSM
09-28 17:52:19.357  2080  2080 I A04200/WINDOW: SCBSSM: Start scene on screen with screenId: 0!
09-28 17:52:19.357  2080  2080 W A01b01/HOME: SCBScenePanelViewModel: [SCBMain][id:37][sceneInfo:com.a2hlab.bridge.zigzag/entry/com.unity3d.player.UnityPlayerActivity/0][screenId:0]onStartSceneFromOther.
09-28 17:52:19.357  2080  2080 I A04200/WINDOW: [SCBMission]SCBScenePanelMissionHandler: [Screen:0][Panel:1] get none existing session.
09-28 17:52:19.357  2080  2080 I A04200/WINDOW: [SCBMission]SCBScenePanelMissionHandler: [Screen:0][Panel:1] get none existing session.
09-28 17:52:19.357  2080  2080 I A04200/WINDOW: [SCBMission]SCBScenePanelMissionHandler: [Screen:0][Panel:2] get none existing session.
09-28 17:52:19.357  2080  2080 I A04200/WINDOW: [SCBMission]SCBScenePanelMissionHandler: [Screen:0][Panel:2] get none existing session.
09-28 17:52:19.357  2080  2080 I A04200/WINDOW: [SCBMission]SCBSceneMissionManager: no exist container session match the info to be found.
09-28 17:52:19.357  2080  2080 I A01b01/HOME: StartAndExitVisualEffectManager: mIsPowerSaveMode: false
09-28 17:52:19.357  2080  2080 I A01b01/HOME: StartAndExitVisualEffectManager: mIsStartExitBlurDisable: true
09-28 17:52:19.357  2080  2080 W A01b01/HOME: SCBScenePanelViewModel: onStartSceneFromOther get CardId from formID cardId =  isStartCard=false
09-28 17:52:19.357  2080  2080 I A04200/WINDOW: SCBScenePanelViewModel: [SCBMain][id:37][screenId:0]requestSceneSession, callerPersistentId:0, needLinkCaller:true
09-28 17:52:19.357  2080  2080 I A04200/WINDOW: SCBScenePanelViewModel: [SCBMain] find sceneSession from other screen
09-28 17:52:19.358  2080  2080 I A04200/WINDOW: SCBSSM: popSceneFromOtherScreen toScreen: 0 needBackground: true, needUpdateScreenId: true
09-28 17:52:19.358  2080  2080 E A04200/WINDOW: [SCBMission]SCBSceneMissionManager: findMainSessionGlobalById error, not exist.
09-28 17:52:19.358  2080  2080 I A04200/WINDOW: [SCBMission]SCBSceneMissionManager: popSceneFromOtherScreenByPersistentId not found target session
09-28 17:52:19.358  2080  2080 I A04200/WINDOW: [SCBMission]SCBScenePanelMissionHandler: [Screen:0][Panel:1] get none existing session.
09-28 17:52:19.358  2080  2080 I A04200/WINDOW: [SCBMission]SCBScenePanelMissionHandler: [Screen:0][Panel:1] get none existing session.
09-28 17:52:19.358  2080  2080 I A04200/WINDOW: [SCBMission]SCBScenePanelMissionHandler: [Screen:0][Panel:2] get none existing session.
09-28 17:52:19.358  2080  2080 I A04200/WINDOW: [SCBMission]SCBScenePanelMissionHandler: [Screen:0][Panel:2] get none existing session.
09-28 17:52:19.358  2080  2080 I A04200/WINDOW: [SCBMission]SCBSceneMissionManager: no exist container session match the info to be found.
09-28 17:52:19.358  2080  2080 I A04200/WINDOW: [SCBMission]SCBSceneMissionManager: popSceneFromOtherScreenByInfo not found target session
09-28 17:52:19.358  2080  2080 I A04200/WINDOW: SCBSSM: isProjectionBundleName bundleName = com.a2hlab.bridge.zigzag, screenId = 0
09-28 17:52:19.358  2080  2080 I A04200/WINDOW: SCBScenePanelViewModel: [SCBMain]requestSceneSession using exist persistentId: 37
09-28 17:52:19.358  2080  2080 W A04200/WINDOW: SCBScenePanelViewModel: getSceneSessionByPersistentId find nothing, id 37
09-28 17:52:19.358  2080  2080 W A04200/WINDOW: SCBScenePanelViewModel: [SCBMain][id:37][sceneInfo:com.a2hlab.bridge.zigzag/entry/com.unity3d.player.UnityPlayerActivity/0][screenId:0]request New SceneSession.
09-28 17:52:19.358  2080  2080 I A04200/WINDOW: SCBSSM: [SCBMain] set isAbilityHook false
09-28 17:52:19.360  2080  2080 I A04200/WINDOW: [SCBMission]SCBSceneMissionManager: [SCBMain][id:37][sceneInfo:com.a2hlab.bridge.zigzag/entry/com.unity3d.player.UnityPlayerActivity/0][screenId:0]requestSceneSession suceess, udpate persistentId from 37 to 37, udpate appInstanceKey from  to 
09-28 17:52:19.360  2080  2080 I A01b01/HOME: ResourceManager: getAppName bundleName:com.a2hlab.bridge.zigzag, moduleName:com.a2hlab.bridge.zigzag, labelId:16777219
09-28 17:52:19.360  2080  2080 I A04200/WINDOW: ContainerSessionInitBasicStrategy: Initialize the basic data state and mission management data status of the sceneSession.
09-28 17:52:19.360  2080  2080 I A04200/WINDOW: SCBSceneSession: SCBSceneSession registerData category:0.
09-28 17:52:19.360  2080  2080 I A04200/WINDOW: SCBSceneSession: SCBSceneSession registerData category:1.
09-28 17:52:19.360  2080  2080 I A04200/WINDOW: SCBSceneSession: SCBSceneSession registerState category:0.
09-28 17:52:19.361  2080  2080 I A04200/WINDOW: SCBSceneSession: requestOrientation: 0 queryKey: com.a2hlab.bridge.zigzagentrycom.unity3d.player.UnityPlayerActivity
09-28 17:52:19.363  2080  2080 I A04200/WINDOW: [SCBMission]SCBSceneMissionManager: cacheNewSceneSession of id: 37, exist: false.
09-28 17:52:19.364  2080  2080 W A04200/WINDOW: SCBScenePanelViewModel: Failed to get scene containerSession with session id: 37
09-28 17:52:19.364  2080  2080 I A01b01/HOME: SCBScenePanelViewModel: postStartSceneFromOtherEvent: com.a2hlab.bridge.zigzag + com.unity3d.player.UnityPlayerActivity
09-28 17:52:19.364  2080  2080 W A01a01/NC: DropdownPanel-Index: onStartSceneFromOtherEvent return. event: com.a2hlab.bridge.zigzag isViewShowing:false
09-28 17:52:19.364  2080  2080 I A04200/WINDOW: SCBScenePanelViewModel: GuidanceLog set unNeedKnowMore
09-28 17:52:19.364  2080  2080 I A01b00/SCB: SCBTM: findTransitionController. bundleName: com.a2hlab.bridge.zigzag, overlayBundleName: undefined
09-28 17:52:19.365  2080  2080 W A01b01/HOME: PageDesktopModel: findTransitionController shortcutId empty bundleName:com.a2hlab.bridge.zigzag
09-28 17:52:19.365  2080  2080 W A01b01/HOME: PageDesktopModel: findTransitionController bundleName: com.a2hlab.bridge.zigzag, abilityName: com.unity3d.player.UnityPlayerActivity, startType: 0, formCardId: undefined, cardId: undefined, extraId: undefined, appIndex: 0, shortcutId: undefined, appInstanceKey: %{public}s
09-28 17:52:19.365  2080  2080 W A01b00/SCB: SCBTM: Find controller success ? true, findData: {"bundleName":"com.a2hlab.bridge.zigzag","abilityName":"com.unity3d.player.UnityPlayerActivity","appIndex":0,"appIconId":"","iconRadius":0,"appIconNumber":0,"startAppType":0,"isOpenFolder":false}
09-28 17:52:19.365  2080  2080 W A01b01/HOME: SCBScenePanelViewModel: [SCBMain]onStartSceneFromOther isNewWant false. StartApp:com.a2hlab.bridge.zigzag
09-28 17:52:19.366  2080  2080 I A04200/WINDOW: ContainerSessionInitBasicStrategy: Initialize the basic data state and mission management data status of the containerSession.
09-28 17:52:19.366  2080  2080 I A01b00/SCB: SCBSCS: registerData category:0.
09-28 17:52:19.367  2080  2080 I A01b00/SCB: SCBSCS: registerData category:1.
09-28 17:52:19.367  2080  2080 I A01b00/SCB: SCBSCS: registerState category:1.
09-28 17:52:19.367  2080  2080 I A01b00/SCB: SCBSCS: registerState category:0.
09-28 17:52:19.367  2080  2080 I A01b00/SCB: SCBSCS: set NeedRenderClip clipWidth from 0 to 1200
09-28 17:52:19.367  2080  2080 I A01b00/SCB: SCBSCS: set NeedRenderClip clipHeight from 0 to 1920
09-28 17:52:19.367  2080  2080 I A01b00/SCB: SCBSCS: bundleName: com.a2hlab.bridge.zigzag, persistentId: 37
09-28 17:52:19.368  2080  2080 I A04200/WINDOW: SCBSPM: Add scene container session, id: 5
09-28 17:52:19.368  2080  2080 I A01b01/HOME: SCBScenePanelViewModel: [SCBMain]onStartSceneFromOther add new session: 5
09-28 17:52:19.368  2080  2080 I A0421d/WMSRotation: [startSceneWithRotationIfNeed] containerSession com.unity3d.player.UnityPlayerActivity/com.a2hlab.bridge.zigzag/entry/0(persistentId: 37)(containerId: 5), needAnimation false isFromRecent false fromUser false isPageRotation false
09-28 17:52:19.368  2080  2080 I A0421d/WMSRotation: [coverSensorRotation] cover sensor rotation.
09-28 17:52:19.368  2080  2080 I A0421d/WMSRotation: [calculateScreenPropertyWithRotation] before rotation: {"left":0,"top":0,"width":1200,"height":1920,"radius":0,"rotation":0,"screenId":0,"rsId":0,"defaultScreenOrientation":0,"_rotationOffset":0,"_correctingRotation":0,"_defaultRotation":0,"translateX":0,"translateY":0}
09-28 17:52:19.368  2080  2080 I A0421d/WMSRotation: [calculateScreenPropertyWithRotation]after rotation: {"left":0,"top":0,"width":1200,"height":1920,"radius":0,"rotation":0,"screenId":0,"rsId":0,"defaultScreenOrientation":0,"_rotationOffset":0,"_correctingRotation":0,"_defaultRotation":0,"translateX":0,"translateY":0}
09-28 17:52:19.368  2080  2080 I A04200/WINDOW: SCBScreenSession: coverPhoneSensorRotation sensorProperty: {"left":0,"top":0,"width":1200,"height":1920,"radius":0,"rotation":0,"screenId":0,"rsId":0,"defaultScreenOrientation":0,"_rotationOffset":0,"_correctingRotation":0,"_defaultRotation":0,"translateX":0,"translateY":0}
09-28 17:52:19.368  2080  2080 I A04200/WINDOW: SCBScreenSM: screenRotationLocked value:false
09-28 17:52:19.369  2080  2080 W A0421d/WMSRotation: [getTargetRotation] bundleName:com.a2hlab.bridge.zigzag requestOrientation:0 isScreenLocked:false isPlacedRotateFriendlyDevicePlaced:false fixedRotation: -1
09-28 17:52:19.369  2080  2080 I A04200/WINDOW: SCBSceneOrientationPolicy: SCBDefaultOrientationPolicy: currentScreenRotation: 0, sensorRotation: 0, isScreenLocked: false, fromUser: false, isPlacedRotateFriendlyDevicePlaced: false
09-28 17:52:19.369  2080  2080 W A0421d/WMSRotation: [startSceneWithRotationIfNeed] before rotate with targetRotation=0, sensorRotation=0, currentScreenRotation=0, currentContainerRotation=0, name=com.a2hlab.bridge.zigzag
09-28 17:52:19.369  2080  2080 I A0421d/WMSRotation: [rotateWindowPolicy] rotate with window policy.
09-28 17:52:19.369  2080  2080 I A0421d/WMSRotation: [rotateWindowPolicy] no need to rotate with same targetRotation.
09-28 17:52:19.369  2080  2080 W A01b01/HOME: SCBScenePanelViewModel: [SCBMain]onStartSceneFromOther com.unity3d.player.UnityPlayerActivity/com.a2hlab.bridge.zigzag/entry/0(persistentId: 37)(containerId: 5) isActive:false isStartCard:false needBlurAnimation:true scenePanelState:0
09-28 17:52:19.369  2080  2080 I A01b09/RECENT: RecentPanelViewModel: [SCBMain]onStartSceneFromOther com.example.helloworld.MainActivity/com.example.helloworld/entry/0(persistentId: 29)(containerId: 3) notShowSessionDestroy
09-28 17:52:19.369  2080  2080 W A01b01/HOME: SCBScenePanelViewModel: [SCBMain]onStartSceneFromOther do not need minimize former scene, activeContainer is null? true
09-28 17:52:19.369  2080  2080 I A04200/WINDOW: SCBSPM: Remove container id: 5, 37
09-28 17:52:19.369  2080  2080 I A01b09/RECENT: RecentDockRefreshAlarm: start alarm recent dock: com.unity3d.player.UnityPlayerActivity/com.a2hlab.bridge.zigzag/entry/0(persistentId: 37)(containerId: 5)
09-28 17:52:19.370  2080  2080 W A0420a/WMSLife: Request scene container session activation, name: com.unity3d.player.UnityPlayerActivity/com.a2hlab.bridge.zigzag/entry/0(persistentId: 37)(containerId: 5) isNewActive: false, isPersist: true, reason: undefined
09-28 17:52:19.370  2080  2080 I A04200/WINDOW: SCBSceneRecentMissionManager: add id 37 to recentMissionIdSet
09-28 17:52:19.370  2080  2080 I A04200/WINDOW: SCBSceneSession: [SCBMain]requestSceneSessionActivation: isNewActive: false, isPersist: true, reason: undefined, name: com.unity3d.player.UnityPlayerActivity/com.a2hlab.bridge.zigzag/entry/0(persistentId: 37), containerRotation: 0
09-28 17:52:19.370  2080  2080 I A04200/WINDOW: SCBSSM: [SCBMain][id:37]requestSceneSessionActivation.
09-28 17:52:19.370  2080  2080 I A04200/WINDOW: [a92ab738d35a75a] SCBSSM: [SCBMain]setIsPendingToBackgroundState, state:false
09-28 17:52:19.370  2080  2080 I A04200/WINDOW: [a92ab738d35a75a] SCBSSM: [SCBMain]setIsActivatedAfterScreenLocked, isScreenLocked: false
09-28 17:52:19.370  2080  2080 I A04200/WINDOW: SCBSceneSession: [SCBMain]isForegroundAndActive: sessionState: undefined, isActive: true
09-28 17:52:19.370  2080  2080 I A04200/WINDOW: SCBScenePersistent: update to persistentMap, bundleName: com.a2hlab.bridge.zigzag moduleName: entry abilityName: com.unity3d.player.UnityPlayerActivity
09-28 17:52:19.371  2080  2080 I A01b01/HOME: SCBScenePanelViewModel: enter FULLSCENE
09-28 17:52:19.371  2080  2080 I A01b09/RECENT: RecentPanel: RecentViewParam init
09-28 17:52:19.371  2080  2080 W A01b00/SCB: SCBSCS: [SCBSCS] sceneAlpha from 0 to 1. reason: init, extra: Ab0/org.westlake.launcher13/entry/0(persistentId: 32)(containerId: 1)
09-28 17:52:19.372  2080  2080 W A01b00/SCB: SCBSCS: [SCBSCS] sceneAlpha from 0 to 1. reason: init, extra: EntryAbility/org.westlake.imehost/entry/0(persistentId: 35)(containerId: 2)
09-28 17:52:19.372  2080  2080 W A01b00/SCB: SCBSCS: [SCBSCS] sceneAlpha from 0 to 1. reason: init, extra: com.unity3d.player.UnityPlayerActivity/com.a2hlab.bridge.zigzag/entry/0(persistentId: 37)(containerId: 5)
09-28 17:52:19.372  2080  2080 I A01b01/HOME: SCBScenePanelViewModel: updateScenePanelState from 0 to 1
09-28 17:52:19.372  2080  2080 I A01b01/HOME: SCBDesktop: scenePanelState change 1
09-28 17:52:19.372  2080  2080 I A01b01/HOME: SCBDesktop: updateScenePanelState, sceneState:1
09-28 17:52:19.373  2080  2080 W A01c05/FORM: PageDesktopViewModel --> localEventListener receive event: launcher.event.REQUEST_FORM_RECYCLE
09-28 17:52:19.373  2080  2080 I A01c05/FORM: PageDesktopViewModel --> current recycleFormEventHandler, state = true, currentStartApp = false
09-28 17:52:19.373  2080  2080 I A01b00/SCB: LocalEventManager: sendLocalEvent, send local event with no receiver
09-28 17:52:19.373  2080  2080 I A01c05/FORM: FormStackExpandView: formstack expand onScenePanelStateChange: 1
09-28 17:52:19.373  2080  2080 I A01a00/SYS_UI: SystemUIView: onScenePanelStateChange: 1
09-28 17:52:19.373  2080  2080 I A01b0a/GESTURE: AIBarView: ScenepanelState has change to 1
09-28 17:52:19.373  2080  2080 I A01a00/SYS_UI: SystemUIView: onScenePanelStateChange: 1
09-28 17:52:19.374  2080  2080 I A01b0a/GESTURE: FloatingNavigationManager: setScenePanelState 1
09-28 17:52:19.374  2080  2080 I A01b0a/GESTURE: FloatingNavigationManager: sendFloatingIsInApp true
09-28 17:52:19.374  2080  2080 I A01b0a/GESTURE: FloatingNavigationManager: sendFloatingNavIsInApp swich is closed
09-28 17:52:19.374  2080  2080 I A01b01/HOME: SCBScenePanel: is scrolling value is  false  state is  1 
09-28 17:52:19.374  2080  2080 I A01b00/SCB: PerformanceReporter: Enter calledScene:32, currentMemScene:32
09-28 17:52:19.374  2080  2080 W A01b09/RECENT: SCBScenePanelSession: setBgBlurEnable, isBlurEnable: true, caller function name: updateScenePanelState
09-28 17:52:19.375  2080  2080 I A01b01/HOME: SCBScenePanel: [scenePanelCanvasStyles] set Scale to: 1
09-28 17:52:19.380  2080  2080 I A01b00/SCB: GlobalContext: getObject (1): desktopContext is null: false
09-28 17:52:19.380  2080  2080 I A01b00/SCB: GlobalContext: getObject (1): desktopContext is null: false
09-28 17:52:19.383  2080  2080 I A01b0a/GESTURE: AIBarView: checkShowAiBar
09-28 17:52:19.383  2080  2080 I A04200/WINDOW: SCBSSM: getSystemSceneSessionWithId persistentId:18, mainScreenId:0, screenId:0
09-28 17:52:19.383  2080  2080 I A04200/WINDOW: SCBSSM: Find system scene session : 18
09-28 17:52:19.384  2080  2080 I A01b0a/GESTURE: aiBarViewData: powerMode:600 thermalLevel:0 isEnterDeliver:false
09-28 17:52:19.386  2080  2080 I A01b01/HOME: SCBSceneContainer: init.
09-28 17:52:19.387  2080  2080 I A01b0a/GESTURE: SCBEventExclusiveManager: registerEventExclusive, caller:SPLIT_GESTURE
09-28 17:52:19.387  2080  2080 I A04200/WINDOW: SCBScreenSM: registerScreenRotateChangeCallbacks caller: at aboutToAppear (SCBSceneContainer.ts:902:47)
09-28 17:52:19.387  2080  2080 I A04200/WINDOW: SCBScreenSM: registerScreenRotateChangeCallbacks screenId: 0 10
09-28 17:52:19.387  2080  2080 W A01b01/HOME: SCBSceneContainer: [SCBMain] com.unity3d.player.UnityPlayerActivity/com.a2hlab.bridge.zigzag/entry/0(persistentId: 37)(containerId: 5) enableShow change from false to true. Detail:isPrebuildStageEnableShow:false, showInRecent:false, sceneContainerSession.enableShow:true, showInScrolling:false
09-28 17:52:19.396  2080  2080 I A01c06/ICON: CompanionIcon: aboutToAppear
09-28 17:52:19.397  2080  2080 W A01c06/ICON: CompanionIcon: updateIcon startType: 0
09-28 17:52:19.397  2080  2080 I A01c06/ICON: CompanionIcon: aboutToAppear moduleName: undefined, bundleName: undefined, startAppType: undefined
09-28 17:52:19.397  2080  2080 I A04200/WINDOW: SCBSSM: Register func type: 23 with screenId: 0 success.
09-28 17:52:19.397  2080  2080 I A04200/WINDOW: SCBSSM: Register func type: 14 with screenId: 0 success.
09-28 17:52:19.398  2080  2080 I A04200/WINDOW: SCBSceneViewModel: init.
09-28 17:52:19.398  2080  2080 I A04200/WINDOW: SCBSceneSession: registerOnUpdateSessionIconCallback
09-28 17:52:19.398  2080  2080 W A04200/WINDOW: SCBSceneSession: registerCreateSubSessionCallback, id: 37, on panel: undefined
09-28 17:52:19.398  2080  2080 I A04200/WINDOW: SCBSceneSession: [SCBDialog] registerCreateDialogCallback
09-28 17:52:19.398  2080  2080 I A04200/WINDOW: SCBSceneSession: registerSessionTouchableChangeCallback
09-28 17:52:19.398  2080  2080 I A04200/WINDOW: SCBSceneSession: registerSessionSystemBarPropertyCallback
09-28 17:52:19.398  2080  2080 I A04200/WINDOW: SCBSceneSession: registerUpdatePiPTemplateInfoCallback, persistentId: 37
09-28 17:52:19.398  2080  2080 I A04200/WINDOW: SCBKioskModeManager: sceneType=SCBScene37 registerKioskModeChangeEvent success.
09-28 17:52:19.406  2080  2080 I A04200/WINDOW: SCBSPM: onBlurTransitionActive blurScale:1 source:SCBScenePanel > startBlurAnimation leg 1 isForegroundBlurActive:false
09-28 17:52:19.406  2080  2080 W A01b09/RECENT: SCBScenePanelSession: setBgBlurScale, blurScale: 0 to 1,caller function name: SCBScenePanel > startBlurAnimation leg 1
09-28 17:52:19.407  2080  2080 I A01b01/HOME: SCBScenePanelViewModel: setScenePanelTouchableByNavigation is false, scenePanelState is 1 isTouchableByNavBar:false isTouchable:undefined
09-28 17:52:19.407  2080  2080 I A04200/WINDOW: SCBSystemSceneSession: setSessionTouchable:false this.sessionChangeCallback:undefined
09-28 17:52:19.407  2080  2080 I A04200/WINDOW: SCBSSM: [SCBMain]notifyForegroundInteractiveStatus, persistentId:37 interactive:true
09-28 17:52:19.407  2080  2080 I A04209/WMSImms: enterRecent:false
09-28 17:52:19.408  2080  2080 I A04200/WINDOW: SCBSSM: displayData(1200 1920) 
09-28 17:52:19.408  2080  2080 I A01b01/HOME: SCBScenePanelViewModel: close formservice and managerview when fullscene
09-28 17:52:19.408  2080  2080 I A01a00/SYS_UI: OverlayStartAnimHelper: checkStartOverlayTransitionIn
09-28 17:52:19.408  2080  2080 E A01a00/SYS_UI: OverlayStartAnimHelper: overlayCardInfo is invalid
09-28 17:52:19.408  2080  2080 I A04200/WINDOW: SCBSSM: resetStartingSceneFromPiP
09-28 17:52:19.408  2080  2080 I A01b01/HOME: SCBScenePanelViewModel: Not quickAccessMenu
09-28 17:52:19.408  2080  2080 W A01b01/HOME: SCBScenePanelViewModel: [SCBMain]onStartSceneFromOther !isActive call sceneContainerZoomIn
09-28 17:52:19.409  2080  2080 W A01c06/ICON: CompanionIcon: isNeedUpdateIcon name is Empty, return false
09-28 17:52:19.409  2080  2080 W A01c06/ICON: CompanionIcon: isNeedUpdateIcon name is Empty, return false
09-28 17:52:19.409  2080  2080 W A01b00/SCB: SCBSCS: [SCBScenePanelViewModel] sceneAlpha from 1 to 0. reason: sceneContainerZoomIn, extra: com.unity3d.player.UnityPlayerActivity/com.a2hlab.bridge.zigzag/entry/0(persistentId: 37)(containerId: 5)
09-28 17:52:19.409  2080  2080 I A0421d/WMSRotation: [startSceneWithRotationIfNeed] containerSession com.unity3d.player.UnityPlayerActivity/com.a2hlab.bridge.zigzag/entry/0(persistentId: 37)(containerId: 5), needAnimation false isFromRecent false fromUser false isPageRotation false
09-28 17:52:19.409  2080  2080 I A0421d/WMSRotation: [coverSensorRotation] cover sensor rotation.
09-28 17:52:19.409  2080  2080 I A04200/WINDOW: SCBScreenSM: screenRotationLocked value:false
09-28 17:52:19.409  2080  2080 W A0421d/WMSRotation: [getTargetRotation] bundleName:com.a2hlab.bridge.zigzag requestOrientation:0 isScreenLocked:false isPlacedRotateFriendlyDevicePlaced:false fixedRotation: -1
09-28 17:52:19.409  2080  2080 I A04200/WINDOW: SCBSceneOrientationPolicy: SCBDefaultOrientationPolicy: currentScreenRotation: 0, sensorRotation: 0, isScreenLocked: false, fromUser: false, isPlacedRotateFriendlyDevicePlaced: false
09-28 17:52:19.410  2080  2080 W A0421d/WMSRotation: [startSceneWithRotationIfNeed] before rotate with targetRotation=0, sensorRotation=0, currentScreenRotation=0, currentContainerRotation=0, name=com.a2hlab.bridge.zigzag
09-28 17:52:19.410  2080  2080 I A0421d/WMSRotation: [rotateWindowPolicy] rotate with window policy.
09-28 17:52:19.410  2080  2080 I A0421d/WMSRotation: [rotateWindowPolicy] no need to rotate with same targetRotation.
09-28 17:52:19.410  2080  2080 W A04202/WMSMain: add failed. com.unity3d.player.UnityPlayerActivity/com.a2hlab.bridge.zigzag/entry/0(persistentId: 37)(containerId: 5) already existed in array
09-28 17:52:19.410  2080  2080 I A04200/WINDOW: SCBSceneRecentMissionManager: add id 37 to recentMissionIdSet
09-28 17:52:19.410  2080  2080 I A04200/WINDOW: SCBSPM: Remove container id: 5, 37
09-28 17:52:19.410  2080  2080 I A01b09/RECENT: RecentDockRefreshAlarm: refresh recent dock: com.unity3d.player.UnityPlayerActivity/com.a2hlab.bridge.zigzag/entry/0(persistentId: 37)(containerId: 5)
09-28 17:52:19.410  2080  2080 I A01b09/RECENT: RecentDockRefreshAlarm: start alarm recent dock: com.unity3d.player.UnityPlayerActivity/com.a2hlab.bridge.zigzag/entry/0(persistentId: 37)(containerId: 5)
09-28 17:52:19.410  2080  2080 W A01b00/SCB: SCBSCS: Add count 5, 0
09-28 17:52:19.410  2080  2080 I A01b00/SCB: SCBTM: Add count 5, 0
09-28 17:52:19.411  2080  2080 W A01b00/SCB: SCBSCS: getTransitionCount from session 5, 1
09-28 17:52:19.411  2080  2080 W A01b00/SCB: SCBTM: getTransitionCount from animationMap 5, 1
09-28 17:52:19.411  2080  2080 W A01b01/HOME: SCBScenePanelAnimator: sceneContainerZoomIn 
09-28 17:52:19.411  2080  2080 W A01b00/SCB: SCBTM: notifySceneTransitionIn isTransitionInFromOther: true
09-28 17:52:19.411  2080  2080 I A0001b/AA: OutSideWindowManager: globalSearchStatus: 0
09-28 17:52:19.414  2080  2080 E A04200/WINDOW: SCBSSM: image is null.
09-28 17:52:19.414  2080  2080 I A04200/WINDOW: SCBSSM: updateStatusbarColor contentColor: #ffffffff
09-28 17:52:19.414  2080  2080 I A04209/WMSImms: set desktop prop:[5,true,"#00000000","#ffffffff",true,true,null]
09-28 17:52:19.414  2080  2080 I A04209/WMSImms: update force prop:[0,false,"#00000000","#ffffffff",true,true,null],callfrom:RecentTask out
09-28 17:52:19.416  2080  2080 I A01b01/HOME: WallpaperManager --> updateDeskTopWallpaperScale scale = 1.1;
09-28 17:52:19.416  2080  2080 I A0001b/AA: OutSideWindowManager: globalSearchStatus: 0
09-28 17:52:19.416  2080  2080 W A01b01/HOME: SCBDesktop: onDesktopAnimateScaleChanged changeScale to 0.88, due to:onActive
09-28 17:52:19.416  2080  2080 I A01b00/SCB: SCBTM: change currentTransitionController
09-28 17:52:19.416  2080  2080 I A01b00/SCB: SCBTM: cleanTransition ignore
09-28 17:52:19.417  2080  2080 I A04200/WINDOW: SCBSPM: onBlurTransitionActive blurScale:1 source:SCBScenePanel > sceneContainerZoomIn isForegroundBlurActive:false
09-28 17:52:19.417  2080  2080 W A01b00/SCB: SCBSCS: [SCBScenePanelViewModel] sceneAlpha from 0 to 1. reason: sceneContainerZoomIn, extra: com.unity3d.player.UnityPlayerActivity/com.a2hlab.bridge.zigzag/entry/0(persistentId: 37)(containerId: 5)
09-28 17:52:19.417  2080  2080 W A01b00/SCB: SCBSCS: getTransitionCount from session 5, 1
09-28 17:52:19.417  2080  2080 W A01b00/SCB: SCBTM: getTransitionCount from animationMap 5, 1
09-28 17:52:19.417  2080  2080 I A01b01/HOME: SCBScenePanelAnimator: startSceneFromOther animation count: before 1,
09-28 17:52:19.417  2080  2080 I A01b01/HOME:         current 1
09-28 17:52:19.417  2080  2080 W A01b00/SCB: SCBSCS: getTransitionCount from session 5, 1
09-28 17:52:19.417  2080  2080 W A01b00/SCB: SCBTM: getTransitionCount from animationMap 5, 1
09-28 17:52:19.417  2080  2080 W A01b00/SCB: SCBSCS: clearTransitionCount 5, 1
09-28 17:52:19.417  2080  2080 I A01b00/SCB: SCBTM: clearTransitionCount 5, 1
09-28 17:52:19.417  2080  2080 I A01b00/SCB: AnimateToScheduleUtils: raiseAppStartToCPUPriority: 1
09-28 17:52:19.417  2080  2080 I A01b00/SCB: LocalEventManager: sendLocalEvent, send local event with no receiver
09-28 17:52:19.417  2080  2080 I A01b09/RECENT: QuickSwitchRaiseTopAlarm: cancel alarm, reason: start scene from other
09-28 17:52:19.418  2080  2080 I A04200/WINDOW: [SCBMission]SCBSceneMissionManager: startSceneFromOther, to: com.unity3d.player.UnityPlayerActivity/com.a2hlab.bridge.zigzag/entry/0 on screen 0
09-28 17:52:19.418  2080  2080 I A04200/WINDOW: [SCBMission]SCBSceneMissionManager: no need defer start
09-28 17:52:19.418  2080  2080 W A04200/WINDOW: [SCBMission]SCBScenePanelMissionHandler: [Screen:0][Panel:1]getMissionProcessor null, fallback to empty default
09-28 17:52:19.418  2080  2080 W A04200/WINDOW: [SCBMission]SCBScenePanelMissionHandler: [Screen:0][Panel:2]getMissionProcessor null, fallback to empty default
09-28 17:52:19.418  2080  2080 E A01b01/HOME: ResourceManager: getAppName error: {"code":9001001,"message":"GetStringById failed state"}
09-28 17:52:19.419  2080  2080 I A01b01/HOME: ResourceManager: getBundleAppNameFromBms for com.a2hlab.bridge.zigzag resMgrName: com.a2hlab.bridge.zigzag
09-28 17:52:19.420  2080  2080 I A01b01/HOME: ResourceManager: setBundleAppNameCache cacheKey:com.a2hlab.bridge.zigzag, value: com.a2hlab.bridge.zigzag
09-28 17:52:19.420  2080  2080 I A04200/WINDOW: SCBSSM: [SCBMain] get app name: 
09-28 17:52:19.420  2080  2080 I A04200/WINDOW: SCBSSM: [SCBMain]setLabel, label:
09-28 17:52:19.420  2080  2080 I A01b00/SCB: TaskpoolUtil: task sequenceExecute
09-28 17:52:19.420  2080  2080 I A01b00/SCB: TaskpoolUtil: task sequenceExecute finally
09-28 17:52:19.424  2080  2080 I A01b00/SCB: TaskpoolUtil: task sequenceExecute
09-28 17:52:19.424  2080  2080 I A01b00/SCB: TaskpoolUtil: task sequenceExecute finally
09-28 17:52:19.424  2080  2080 I A04200/WINDOW: SCBSSM: onShiftFocus id: 11 -> 37, displayGroupId: 0
09-28 17:52:19.425  2080  2080 I A01b00/SCB: ViewManagerPolicy --> 11 notifyViewLoseFocus
09-28 17:52:19.425  2080  2080 I A01b0a/GESTURE: SCBGestureManager: onLoseFocus
09-28 17:52:19.425  2080  2080 I A01b01/HOME: SCBDesktop: Desktop lose focus, the scenePanelState is 1
09-28 17:52:19.425  2080  2080 I A01a00/SYS_UI: SystemUIView: onDeskTopChange: false
09-28 17:52:19.425  2080  2080 I A01a00/SYS_UI: SystemUIView: onDeskTopChange: false
09-28 17:52:19.426  2080  2080 W A01b01/HOME: ExposureManager --> desktop exposure desktopExposureTimeStart: 575607, lastTime: 3541
09-28 17:52:19.426  2080  2080 W A01b01/HOME: ExposureManager --> desktop exposure displayCount: 1
09-28 17:52:19.426  2080  2080 W A01b01/HOME: ExposureManager --> desktop exposure pageIndexStart: 1, pageIndexEnd: 1, pageCount: 1
09-28 17:52:19.426  2080  2080 I A01b01/HOME: BaseLayoutCacheManager: getAllGridLayoutItemList from exposure, size: 14
09-28 17:52:19.426  2080  2080 W A01b01/HOME: ExposureManager --> desktop exposure save data: {desktopPageIndex:1,exposureTime:18,exposureCount:4,desktopAppInfoList:[{bundleName:com.ohos.clock,coordinate:{column:1,row:2},station:desktop},{bundleName:com.ohos.filemanager,coordinate:{column:0,row:3},station:desktop},{bundleName:com.ohos.calculator,coordinate:{column:1,row:3},station:desktop},{bundleName:com.ohos.note,coordinate:{column:2,row:3},station:desktop},{bundleName:com.ohos.smartperf,coordinate:{column:3,row:3},station:desktop},{bundleName:com.ohos.updateapp,coordinate:{column:0,row:4},station:desktop},{bundleName:ohos.samples.distributedmusicplayer,coordinate:{column:1,row:4},station:desktop},{bundleName:com.ohos.contacts,coordinate:{column:0,row:2},station:desktop},{bundleName:org.westlake.imehost,coordinate:{column:0,row:0},station:desktop},{bundleName:org.westlake.launcher13,coordinate:{column:1,row:0},station:desktop},{bundleName:com.example.helloworld,coordinate:{column:2,row:0},station:desktop},{bundleName:com.a2hlab.bridge.zigzag,coordinate:{column:3,row:0},station:desktop},{bundleName:com.ohos.contacts,coordinate:{column:0,row:0},station:dock},{bundleName:com.ohos.mms,coordinate:{column:1,row:0},station:dock},{bundleName:com.ohos.camera,coordinate:{column:2,row:0},station:dock},],desktopFolderInfoList:[],desktopCardInfoList:[],desktopStackInfoList:[]}
09-28 17:52:19.427  2080  2080 I A04200/WINDOW: SCBWindowFocusController: setFocusedSession, displayGroupId: 0, sessionId: 37, displayId: 0, screenId: 0
09-28 17:52:19.429  2080  2080 I A01a00/SYS_UI: AppLifeCycleManager: StateChanged, state is not page com.ohos.sceneboard_phone_sceneboard_com.ohos.sceneboard.MainAbility_2080
09-28 17:52:19.511  2080  2080 I A01b09/RECENT: RecentDockRefreshAlarm: refresh recent dock: com.unity3d.player.UnityPlayerActivity/com.a2hlab.bridge.zigzag/entry/0(persistentId: 37)(containerId: 5)
09-28 17:52:19.518  2080  2080 I A04200/WINDOW: SCBSceneSession: onSessionShowWhenLockedChange, status:false of id:37 ignored.
09-28 17:52:20.417  2080  2080 I A01b09/RECENT: SCBDesktopCacheManager: FreezeTrack setWallPaperScale old:1, new:1.1, reason:onActive
09-28 17:52:21.067  2080  2080 I A01a00/SYS_UI: AppLifeCycleManager: Ability state changed, uid: 20010056, key: com.a2hlab.bridge.zigzag_entry_com.unity3d.player.UnityPlayerActivity_13972, isForeground: true, state 2
09-28 17:52:21.067  2080  2080 I A01a00/SYS_UI: AppLifeCycleManager: Ability state change: new foregroundAbilities: 20010056: com.a2hlab.bridge.zigzag_entry_com.unity3d.player.UnityPlayerActivity_11831,com.a2hlab.bridge.zigzag_entry_com.unity3d.player.UnityPlayerActivity_13972
09-28 17:52:21.129  2080  2080 I A04200/WINDOW: SCBSceneSession: onCreateSpecificSession, callbacks: valid
09-28 17:52:21.129  2080  2080 I A04200/WINDOW: SCBSpecificSession: constructor, id: 38, type: 2, parentId: 37, type: object
09-28 17:52:21.131  2080  2080 I A04200/WINDOW: SCBScene: [SCBSub] create subSession success, + id: 38parentId: 37
09-28 17:52:21.131  2080  2080 I A04208/WMSLayout: rectChangeCallback is undefined, id: 38, reason: 0, rect: [0, 0, 1200, 1920], currRect: [0, 0, 1200, 1920]
09-28 17:52:21.132  2080  2080 I A04200/WINDOW: SCBSpecificSession: id:38 updateSizeChangeReason:0
09-28 17:52:21.132  2080  2080 I A04200/WINDOW: SCBScene: [SCBSub] onSubSessionZLevelChange, index: 0, Id: 38
09-28 17:52:21.132  2080  2080 I A04200/WINDOW: SCBScene: [SCBSub] onSubSessionZLevelChange, index: 0, length: 1
09-28 17:52:21.133  2080  2080 I A04208/WMSLayout: followParentWindowLayout is null
09-28 17:52:21.133  2080  2080 I A04200/WINDOW: SCBSpecificSession: persistentId: 38 follow screen change : false!
09-28 17:52:21.133  2080  2080 I A04200/WINDOW: SCBSpecificSession: onSessionStateChange, id: 38, state: 1
09-28 17:52:21.133  2080  2080 I A04200/WINDOW: SCBScene: [SCBSub] state change, persistentId: 38, state: 1, isActive: false, length: 1
09-28 17:52:21.134  2080  2080 I A04200/WINDOW: SCBSpecificSession: setSubWindowSource, source: 0
09-28 17:52:21.138  2080  2080 I A04200/WINDOW: SCBSpecificScene: aboutToAppear, id: 38, currRect: [0, 0, 1200, 1920]
09-28 17:52:21.138  2080  2080 I A04200/WINDOW: SCBSpecificSession: registerSessionRectChangeCallback screenId:0
09-28 17:52:21.138  2080  2080 I A04200/WINDOW: SCBSpecificSession: registerSessionTouchableChangeCallback
09-28 17:52:21.138  2080  2080 I A04200/WINDOW: SCBSpecificSession: registerCreateSubSessionCallback
09-28 17:52:21.138  2080  2080 I A04200/WINDOW: SCBSpecificSession: registerSetWindowCornerRadiusCallback
09-28 17:52:21.139  2080  2080 I A04208/WMSLayout: register follow rect callback, screenId: undefined}
09-28 17:52:21.139  2080  2080 I A04200/WINDOW: SCBSpecificScene: onFollowParentWindowLayout, isFollow: false
09-28 17:52:21.139  2080  2080 I A04200/WINDOW: SCBSpecificSession: registerSetWindowShadowsCallback
09-28 17:52:21.139  2080  2080 I A04200/WINDOW: SCBSpecificSession: registerMaximizeRectChangeCallback persistentId: 38
09-28 17:52:21.139  2080  2080 I A04200/WINDOW: SCBSpecificScene: enable show is false, id: 38, type: 2
09-28 17:52:21.161  2080  2080 I A04200/WINDOW: SCBSpecificSession: onSessionStateChange, id: 38, state: 2
09-28 17:52:21.162  2080  2080 I A04200/WINDOW: SCBScene: [SCBSub] update subwindow zorder. persistentId: 38
09-28 17:52:21.162  2080  2080 I A04200/WINDOW: SCBScene: [SCBSub] state change, persistentId: 38, state: 2, isActive: true, length: 1
09-28 17:52:21.163  2080  2080 I A04200/WINDOW: SCBSpecificSession: onSessionStateChange, id: 38, state: 3
09-28 17:52:21.163  2080  2080 I A04200/WINDOW: SCBSpecificSession: Skip state change, SessionState: 3
09-28 17:52:21.163  2080  2080 I A04208/WMSLayout: rectChangeCallback exists, id: 38, reason: 0, rect: [0, 0, 1200, 1920], displayId:-1
09-28 17:52:21.163  2080  2080 I A04200/WINDOW: SCBSpecificScene: onSessionRectChange start, id: 38 reason: 0, rect: [0, 0, 1200, 1920], currRect: [0, 0, 1200, 1920]
09-28 17:52:21.163  2080  2080 I A04200/WINDOW: SCBSpecificScene: session rect not change
09-28 17:52:21.163  2080  2080 I A04200/WINDOW: SCBSpecificSession: id:38 updateSizeChangeReason:0
09-28 17:52:21.170  2080  2080 I A04200/WINDOW: SCBSpecificScene: enable show is true, is in active state, id: 38, type: 2
09-28 17:52:21.171  2080  2080 I A04200/WINDOW: WindowAnimationUtils: getSubWindowTransitionEffect start
09-28 17:52:22.374  2080  2080 I A01b01/HOME: PageDesktopViewModel --> index: 1, pageList: 1, is outer: false
09-28 17:52:22.374  2080  2080 W A01b01/HOME: PageDesktopViewModel --> no cards in layout!
09-28 17:52:22.374  2080  2080 W A01b01/HOME: FormModel: get all forms from layout
09-28 17:52:22.374  2080  2080 W A01b01/HOME: PageDesktopViewModel --> cards num not reach limit, no need to recycle
09-28 17:52:27.971  2080  2080 I A01a00/SYS_UI: SignalComponent-StatusBarNetspeed: do not refresh!
09-28 17:52:28.150  2080  2080 I A01a00/SYS_UI: Model.WifiController: SignalLevel start taskpool 4
09-28 17:52:28.167  2080  2080 W A01a00/SYS_UI: Model.WifiController: setSignalLevelDelay:result 3
09-28 17:52:30.971  2080  2080 I A01a00/SYS_UI: SignalComponent-StatusBarNetspeed: do not refresh!
09-28 17:52:31.158  2080  2080 I A01a00/SYS_UI: Model.WifiController: SignalLevel start taskpool 3
09-28 17:52:31.163  2080  2080 W A01a00/SYS_UI: Model.WifiController: setSignalLevelDelay:result 4
09-28 17:52:46.745   818  1137 E C01406/skia: SurfaceNodeDrawable DrawCommSurfaceWatermark Name:com.a2hlab.bridge.zigzag/com.unity3d.player.UnityPlayerActivity Id:60009283059713 water mark count is zero
09-28 17:52:46.745   818  1137 E C01406/skia: SurfaceNodeDrawable DrawCommSurfaceWatermark Name:WindowScene_zigzag37 Id:8933531976573 water mark count is zero
09-28 17:52:46.745   818  1137 E C01406/skia: SurfaceNodeDrawable DrawCommSurfaceWatermark Name:SCBGestureNavBar13 Id:8933531975827 water mark count is zero
09-28 17:52:46.745   818  1137 E C01406/skia: SurfaceNodeDrawable DrawCommSurfaceWatermark Name:SCBStatusBar15 Id:8933531975907 water mark count is zero
09-28 17:52:46.747   818  1137 E C02515/DISP: [0;32;31m[GetMetadata:109] <private> is not supported[m
09-28 17:52:46.747   818  1137 E C02515/DISP: [0;32;31m[SetMetadata:102] <private> is not supported[m
09-28 17:52:46.747   818  1137 E C02515/METADATA_SRV: [0;32;31m[SetMetadata:136]  fail[m
09-28 17:52:46.747   818  1137 E C01401/Bufferqueue: <surface_buffer_impl.cpp:714-SetMetadata>: SetMetadata Failed with -5
09-28 17:52:46.747   818  1137 E C01406/skia: RSUniRenderComposerAdapter::SetBufferColorSpace set color space fail
09-28 17:52:46.757 13972 14187 I C00f00/OH_DER_VSync: onOhVsync ENTRY ts=<private> data=<private>
09-28 17:52:46.757 13972 14185 I C00f00/OH_DER_VSync: scheduleVsync ENTRY receiverPtr=0x<private>
09-28 17:52:46.757 13972 14185 I C00f00/OH_DER_VSync: scheduleVsync calling RequestFrame ohVsync=<private>
09-28 17:52:46.757 13972 14185 I C00f00/OH_DER_VSync: scheduleVsync RequestFrame rc=<private>
09-28 17:52:46.758   818  1132 E C02515/DISP: [0;32;31m[SetMetadata:102] <private> is not supported[m
09-28 17:52:46.758   818  1132 E C02515/METADATA_SRV: [0;32;31m[SetMetadata:136]  fail[m
09-28 17:52:46.758   818  1132 E C01401/Bufferqueue: <surface_buffer_impl.cpp:714-SetMetadata>: SetMetadata Failed with -5
09-28 17:52:46.759   793  4141 E C02515/DISP: [0;32;31m[SetLayerMaskInfo@display_composer_vdi_impl.cpp:404] <private> is not supported[m
09-28 17:52:46.759   818  1228 E C02515/DISP: [0;32;31m[SetMetadata:102] <private> is not supported[m
09-28 17:52:46.760   818  1228 E C02515/METADATA_SRV: [0;32;31m[SetMetadata:136]  fail[m
09-28 17:52:46.760   818  1228 E C01401/Bufferqueue: <surface_buffer_impl.cpp:714-SetMetadata>: SetMetadata Failed with -5
09-28 17:52:46.760   793  4141 E C02515/DISP: [0;32;31m[SetDisplayClientDamage@display_composer_vdi_impl.cpp:179] <private> is not supported[m
09-28 17:52:46.773 13972 14187 I C00f00/OH_DER_VSync: onOhVsync ENTRY ts=<private> data=<private>
09-28 17:52:46.774 13972 14185 I C00f00/OH_DER_VSync: scheduleVsync ENTRY receiverPtr=0x<private>
09-28 17:52:46.774 13972 14185 I C00f00/OH_DER_VSync: scheduleVsync calling RequestFrame ohVsync=<private>
09-28 17:52:46.774   818   818 E C02515/DISP: [0;32;31m[GetMetadata:109] <private> is not supported[m
09-28 17:52:46.774 13972 14185 I C00f00/OH_DER_VSync: scheduleVsync RequestFrame rc=<private>
09-28 17:52:46.774   818   818 E C02515/DISP: [0;32;31m[GetMetadata:109] <private> is not supported[m
09-28 17:52:46.774   818   818 E C02515/DISP: [0;32;31m[GetMetadata:109] <private> is not supported[m
09-28 17:52:46.775   818   818 E C01406/skia: RSBaseRenderUtil::DealWithSurfaceRotationAndGravity, GetSurfaceBufferOpaque:0
09-28 17:52:46.775   818   818 E C02515/DISP: [0;32;31m[GetMetadata:109] <private> is not supported[m
09-28 17:52:46.775   818   818 E C01406/skia: RSBaseRenderUtil::DealWithSurfaceRotationAndGravity, GetSurfaceBufferOpaque:0
09-28 17:52:46.775   818   818 E C02515/DISP: [0;32;31m[GetMetadata:109] <private> is not supported[m
09-28 17:52:46.777   818  1137 E C02515/DISP: [0;32;31m[SetMetadata:102] <private> is not supported[m
09-28 17:52:46.777   818  1137 E C02515/METADATA_SRV: [0;32;31m[SetMetadata:136]  fail[m
09-28 17:52:46.777   818  1137 E C01401/Bufferqueue: <surface_buffer_impl.cpp:714-SetMetadata>: SetMetadata Failed with -5
09-28 17:52:46.778   818  1137 E C01406/skia: SurfaceNodeDrawable DrawCommSurfaceWatermark Name:BackgroundBlurView2 Id:8933531975688 water mark count is zero
09-28 17:52:46.778   818  1137 E C01406/skia: RSBaseRenderUtil::DealWithSurfaceRotationAndGravity, GetSurfaceBufferOpaque:0
09-28 17:52:46.779   818  1137 I C01406/WRAP: AHardwareBuffer_createFromHandle index = <private> handle = <private>, ahb = <private>
09-28 17:52:46.779   818  1137 E C01406/skia: SurfaceNodeDrawable DrawCommSurfaceWatermark Name:AdapterActivityContent Id:60009283059715 water mark count is zero
09-28 17:52:46.779   818  1137 E C01406/skia: RSBaseRenderUtil::DealWithSurfaceRotationAndGravity, GetSurfaceBufferOpaque:0
09-28 17:52:46.780   818  1137 I C01406/WRAP: AHardwareBuffer_createFromHandle index = <private> handle = <private>, ahb = <private>
09-28 17:52:46.780   818  1137 E C01406/skia: SurfaceNodeDrawable DrawCommSurfaceWatermark Name:AdapterSurfaceView Id:60009283059716 water mark count is zero
09-28 17:52:46.780   818  1137 E C01406/skia: SurfaceNodeDrawable DrawCommSurfaceWatermark Name:com.a2hlab.bridge.zigzag/com.unity3d.player.UnityPlayerActivity Id:60009283059713 water mark count is zero
09-28 17:52:46.780   818  1137 E C01406/skia: SurfaceNodeDrawable DrawCommSurfaceWatermark Name:WindowScene_zigzag37 Id:8933531976573 water mark count is zero
09-28 17:52:46.781   818  1137 E C01406/skia: SurfaceNodeDrawable DrawCommSurfaceWatermark Name:SCBGestureNavBar13 Id:8933531975827 water mark count is zero
09-28 17:52:46.781   818  1137 E C01406/skia: SurfaceNodeDrawable DrawCommSurfaceWatermark Name:SCBStatusBar15 Id:8933531975907 water mark count is zero
09-28 17:52:46.783   818  1137 E C02515/DISP: [0;32;31m[GetMetadata:109] <private> is not supported[m
09-28 17:52:46.783   818  1137 E C02515/DISP: [0;32;31m[SetMetadata:102] <private> is not supported[m
09-28 17:52:46.783   818  1137 E C02515/METADATA_SRV: [0;32;31m[SetMetadata:136]  fail[m
09-28 17:52:46.783   818  1137 E C01401/Bufferqueue: <surface_buffer_impl.cpp:714-SetMetadata>: SetMetadata Failed with -5
09-28 17:52:46.783   818  1137 E C01406/skia: RSUniRenderComposerAdapter::SetBufferColorSpace set color space fail
09-28 17:52:46.790 13972 14187 I C00f00/OH_DER_VSync: onOhVsync ENTRY ts=<private> data=<private>
09-28 17:52:46.790 13972 14185 I C00f00/OH_DER_VSync: scheduleVsync ENTRY receiverPtr=0x<private>
09-28 17:52:46.790 13972 14185 I C00f00/OH_DER_VSync: scheduleVsync calling RequestFrame ohVsync=<private>
09-28 17:52:46.790 13972 14185 I C00f00/OH_DER_VSync: scheduleVsync RequestFrame rc=<private>
09-28 17:52:46.792   818  1132 E C02515/DISP: [0;32;31m[SetMetadata:102] <private> is not supported[m
09-28 17:52:46.792   818  1132 E C02515/METADATA_SRV: [0;32;31m[SetMetadata:136]  fail[m
09-28 17:52:46.792   818  1132 E C01401/Bufferqueue: <surface_buffer_impl.cpp:714-SetMetadata>: SetMetadata Failed with -5
09-28 17:52:46.793   793  4141 E C02515/DISP: [0;32;31m[SetLayerMaskInfo@display_composer_vdi_impl.cpp:404] <private> is not supported[m
09-28 17:52:46.793   818  1228 E C02515/DISP: [0;32;31m[SetMetadata:102] <private> is not supported[m
09-28 17:52:46.793   818  1228 E C02515/METADATA_SRV: [0;32;31m[SetMetadata:136]  fail[m
09-28 17:52:46.793   818  1228 E C01401/Bufferqueue: <surface_buffer_impl.cpp:714-SetMetadata>: SetMetadata Failed with -5
09-28 17:52:46.794   793  4141 E C02515/DISP: [0;32;31m[SetDisplayClientDamage@display_composer_vdi_impl.cpp:179] <private> is not supported[m
09-28 17:52:46.807 13972 14187 I C00f00/OH_DER_VSync: onOhVsync ENTRY ts=<private> data=<private>
09-28 17:52:46.807 13972 14185 I C00f00/OH_DER_VSync: scheduleVsync ENTRY receiverPtr=0x<private>
09-28 17:52:46.807 13972 14185 I C00f00/OH_DER_VSync: scheduleVsync calling RequestFrame ohVsync=<private>
09-28 17:52:46.807   818   818 E C02515/DISP: [0;32;31m[GetMetadata:109] <private> is not supported[m
09-28 17:52:46.807 13972 14185 I C00f00/OH_DER_VSync: scheduleVsync RequestFrame rc=<private>
09-28 17:52:46.807   818   818 E C02515/DISP: [0;32;31m[GetMetadata:109] <private> is not supported[m
09-28 17:52:46.807   818   818 E C02515/DISP: [0;32;31m[GetMetadata:109] <private> is not supported[m
09-28 17:52:46.808   818   818 E C01406/skia: RSBaseRenderUtil::DealWithSurfaceRotationAndGravity, GetSurfaceBufferOpaque:0
09-28 17:52:46.808   818   818 E C02515/DISP: [0;32;31m[GetMetadata:109] <private> is not supported[m
09-28 17:52:46.808   818   818 E C01406/skia: RSBaseRenderUtil::DealWithSurfaceRotationAndGravity, GetSurfaceBufferOpaque:0
09-28 17:52:46.808   818   818 E C02515/DISP: [0;32;31m[GetMetadata:109] <private> is not supported[m
09-28 17:52:46.811   818  1137 E C02515/DISP: [0;32;31m[SetMetadata:102] <private> is not supported[m
09-28 17:52:46.811   818  1137 E C02515/METADATA_SRV: [0;32;31m[SetMetadata:136]  fail[m
09-28 17:52:46.811   818  1137 E C01401/Bufferqueue: <surface_buffer_impl.cpp:714-SetMetadata>: SetMetadata Failed with -5
09-28 17:52:46.811   818  1137 E C01406/skia: SurfaceNodeDrawable DrawCommSurfaceWatermark Name:BackgroundBlurView2 Id:8933531975688 water mark count is zero
09-28 17:52:46.812   818  1137 E C01406/skia: RSBaseRenderUtil::DealWithSurfaceRotationAndGravity, GetSurfaceBufferOpaque:0
09-28 17:52:46.812   818  1137 I C01406/WRAP: AHardwareBuffer_createFromHandle index = <private> handle = <private>, ahb = <private>
09-28 17:52:46.812   818  1137 E C01406/skia: SurfaceNodeDrawable DrawCommSurfaceWatermark Name:AdapterActivityContent Id:60009283059715 water mark count is zero
09-28 17:52:46.812   818  1137 E C01406/skia: RSBaseRenderUtil::DealWithSurfaceRotationAndGravity, GetSurfaceBufferOpaque:0
09-28 17:52:46.813   818  1137 I C01406/WRAP: AHardwareBuffer_createFromHandle index = <private> handle = <private>, ahb = <private>
09-28 17:52:46.813   818  1137 E C01406/skia: SurfaceNodeDrawable DrawCommSurfaceWatermark Name:AdapterSurfaceView Id:60009283059716 water mark count is zero
09-28 17:52:46.813   818  1137 E C01406/skia: SurfaceNodeDrawable DrawCommSurfaceWatermark Name:com.a2hlab.bridge.zigzag/com.unity3d.player.UnityPlayerActivity Id:60009283059713 water mark count is zero
09-28 17:52:46.813   818  1137 E C01406/skia: SurfaceNodeDrawable DrawCommSurfaceWatermark Name:WindowScene_zigzag37 Id:8933531976573 water mark count is zero
09-28 17:52:46.814   818  1137 E C01406/skia: SurfaceNodeDrawable DrawCommSurfaceWatermark Name:SCBGestureNavBar13 Id:8933531975827 water mark count is zero
09-28 17:52:46.814   818  1137 E C01406/skia: SurfaceNodeDrawable DrawCommSurfaceWatermark Name:SCBStatusBar15 Id:8933531975907 water mark count is zero
09-28 17:52:46.816   818  1137 E C02515/DISP: [0;32;31m[GetMetadata:109] <private> is not supported[m
09-28 17:52:46.817   818  1137 E C02515/DISP: [0;32;31m[SetMetadata:102] <private> is not supported[m
09-28 17:52:46.817   818  1137 E C02515/METADATA_SRV: [0;32;31m[SetMetadata:136]  fail[m
09-28 17:52:46.817   818  1137 E C01401/Bufferqueue: <surface_buffer_impl.cpp:714-SetMetadata>: SetMetadata Failed with -5
09-28 17:52:46.817   818  1137 E C01406/skia: RSUniRenderComposerAdapter::SetBufferColorSpace set color space fail
09-28 17:52:46.823 13972 14187 I C00f00/OH_DER_VSync: onOhVsync ENTRY ts=<private> data=<private>
09-28 17:52:46.824 13972 14185 I C00f00/OH_DER_VSync: scheduleVsync ENTRY receiverPtr=0x<private>
09-28 17:52:46.824 13972 14185 I C00f00/OH_DER_VSync: scheduleVsync calling RequestFrame ohVsync=<private>
09-28 17:52:46.824 13972 14185 I C00f00/OH_DER_VSync: scheduleVsync RequestFrame rc=<private>
09-28 17:52:46.826   818  1132 E C02515/DISP: [0;32;31m[SetMetadata:102] <private> is not supported[m
09-28 17:52:46.826   818  1132 E C02515/METADATA_SRV: [0;32;31m[SetMetadata:136]  fail[m
09-28 17:52:46.826   818  1132 E C01401/Bufferqueue: <surface_buffer_impl.cpp:714-SetMetadata>: SetMetadata Failed with -5
09-28 17:52:46.826   793  4141 E C02515/DISP: [0;32;31m[SetLayerMaskInfo@display_composer_vdi_impl.cpp:404] <private> is not supported[m
09-28 17:52:46.826   818  1228 E C02515/DISP: [0;32;31m[SetMetadata:102] <private> is not supported[m
09-28 17:52:46.826   818  1228 E C02515/METADATA_SRV: [0;32;31m[SetMetadata:136]  fail[m
09-28 17:52:46.827   818  1228 E C01401/Bufferqueue: <surface_buffer_impl.cpp:714-SetMetadata>: SetMetadata Failed with -5
09-28 17:52:46.827   793  4141 E C02515/DISP: [0;32;31m[SetDisplayClientDamage@display_composer_vdi_impl.cpp:179] <private> is not supported[m
09-28 17:52:46.840 13972 14187 I C00f00/OH_DER_VSync: onOhVsync ENTRY ts=<private> data=<private>
09-28 17:52:46.840   818   818 E C02515/DISP: [0;32;31m[GetMetadata:109] <private> is not supported[m
09-28 17:52:46.840   818   818 E C02515/DISP: [0;32;31m[GetMetadata:109] <private> is not supported[m
09-28 17:52:46.840   818   818 E C02515/DISP: [0;32;31m[GetMetadata:109] <private> is not supported[m
09-28 17:52:46.840 13972 14185 I C00f00/OH_DER_VSync: scheduleVsync ENTRY receiverPtr=0x<private>
09-28 17:52:46.840 13972 14185 I C00f00/OH_DER_VSync: scheduleVsync calling RequestFrame ohVsync=<private>
09-28 17:52:46.840 13972 14185 I C00f00/OH_DER_VSync: scheduleVsync RequestFrame rc=<private>
09-28 17:52:46.841   818   818 E C01406/skia: RSBaseRenderUtil::DealWithSurfaceRotationAndGravity, GetSurfaceBufferOpaque:0
09-28 17:52:46.841   818   818 E C02515/DISP: [0;32;31m[GetMetadata:109] <private> is not supported[m
09-28 17:52:46.841   818   818 E C01406/skia: RSBaseRenderUtil::DealWithSurfaceRotationAndGravity, GetSurfaceBufferOpaque:0
09-28 17:52:46.841   818   818 E C02515/DISP: [0;32;31m[GetMetadata:109] <private> is not supported[m
09-28 17:52:46.842   818  1137 E C02515/DISP: [0;32;31m[SetMetadata:102] <private> is not supported[m
09-28 17:52:46.842   818  1137 E C02515/METADATA_SRV: [0;32;31m[SetMetadata:136]  fail[m
09-28 17:52:46.842   818  1137 E C01401/Bufferqueue: <surface_buffer_impl.cpp:714-SetMetadata>: SetMetadata Failed with -5
09-28 17:52:46.843   818  1137 E C01406/skia: SurfaceNodeDrawable DrawCommSurfaceWatermark Name:BackgroundBlurView2 Id:8933531975688 water mark count is zero
09-28 17:52:46.843   818  1137 E C01406/skia: RSBaseRenderUtil::DealWithSurfaceRotationAndGravity, GetSurfaceBufferOpaque:0
09-28 17:52:46.844   818  1137 I C01406/WRAP: AHardwareBuffer_createFromHandle index = <private> handle = <private>, ahb = <private>
09-28 17:52:46.844   818  1137 E C01406/skia: SurfaceNodeDrawable DrawCommSurfaceWatermark Name:AdapterActivityContent Id:60009283059715 water mark count is zero
09-28 17:52:46.844   818  1137 E C01406/skia: RSBaseRenderUtil::DealWithSurfaceRotationAndGravity, GetSurfaceBufferOpaque:0
09-28 17:52:46.844   818  1137 I C01406/WRAP: AHardwareBuffer_createFromHandle index = <private> handle = <private>, ahb = <private>
09-28 17:52:46.845   818  1137 E C01406/skia: SurfaceNodeDrawable DrawCommSurfaceWatermark Name:AdapterSurfaceView Id:60009283059716 water mark count is zero
09-28 17:52:46.845   818  1137 E C01406/skia: SurfaceNodeDrawable DrawCommSurfaceWatermark Name:com.a2hlab.bridge.zigzag/com.unity3d.player.UnityPlayerActivity Id:60009283059713 water mark count is zero
09-28 17:52:46.845   818  1137 E C01406/skia: SurfaceNodeDrawable DrawCommSurfaceWatermark Name:WindowScene_zigzag37 Id:8933531976573 water mark count is zero
09-28 17:52:46.846   818  1137 E C01406/skia: SurfaceNodeDrawable DrawCommSurfaceWatermark Name:SCBGestureNavBar13 Id:8933531975827 water mark count is zero
09-28 17:52:46.846   818  1137 E C01406/skia: SurfaceNodeDrawable DrawCommSurfaceWatermark Name:SCBStatusBar15 Id:8933531975907 water mark count is zero
09-28 17:52:46.848   818  1137 E C02515/DISP: [0;32;31m[GetMetadata:109] <private> is not supported[m
09-28 17:52:46.848   818  1137 E C02515/DISP: [0;32;31m[SetMetadata:102] <private> is not supported[m
09-28 17:52:46.848   818  1137 E C02515/METADATA_SRV: [0;32;31m[SetMetadata:136]  fail[m
09-28 17:52:46.848   818  1137 E C01401/Bufferqueue: <surface_buffer_impl.cpp:714-SetMetadata>: SetMetadata Failed with -5
09-28 17:52:46.848   818  1137 E C01406/skia: RSUniRenderComposerAdapter::SetBufferColorSpace set color space fail
09-28 17:52:46.857 13972 14187 I C00f00/OH_DER_VSync: onOhVsync ENTRY ts=<private> data=<private>
09-28 17:52:46.857 13972 14185 I C00f00/OH_DER_VSync: scheduleVsync ENTRY receiverPtr=0x<private>
09-28 17:52:46.857 13972 14185 I C00f00/OH_DER_VSync: scheduleVsync calling RequestFrame ohVsync=<private>
09-28 17:52:46.857 13972 14185 I C00f00/OH_DER_VSync: scheduleVsync RequestFrame rc=<private>
09-28 17:52:46.859   818  1132 E C02515/DISP: [0;32;31m[SetMetadata:102] <private> is not supported[m
09-28 17:52:46.859   818  1132 E C02515/METADATA_SRV: [0;32;31m[SetMetadata:136]  fail[m
09-28 17:52:46.859   818  1132 E C01401/Bufferqueue: <surface_buffer_impl.cpp:714-SetMetadata>: SetMetadata Failed with -5
09-28 17:52:46.860   793  4141 E C02515/DISP: [0;32;31m[SetLayerMaskInfo@display_composer_vdi_impl.cpp:404] <private> is not supported[m
09-28 17:52:46.860   818  1228 E C02515/DISP: [0;32;31m[SetMetadata:102] <private> is not supported[m
09-28 17:52:46.860   818  1228 E C02515/METADATA_SRV: [0;32;31m[SetMetadata:136]  fail[m
09-28 17:52:46.860   818  1228 E C01401/Bufferqueue: <surface_buffer_impl.cpp:714-SetMetadata>: SetMetadata Failed with -5
09-28 17:52:46.861   793  4141 E C02515/DISP: [0;32;31m[SetDisplayClientDamage@display_composer_vdi_impl.cpp:179] <private> is not supported[m
09-28 17:52:46.873   818   818 E C02515/DISP: [0;32;31m[GetMetadata:109] <private> is not supported[m
09-28 17:52:46.873 13972 14187 I C00f00/OH_DER_VSync: onOhVsync ENTRY ts=<private> data=<private>
09-28 17:52:46.874   818   818 E C02515/DISP: [0;32;31m[GetMetadata:109] <private> is not supported[m
09-28 17:52:46.874   818   818 E C02515/DISP: [0;32;31m[GetMetadata:109] <private> is not supported[m
09-28 17:52:46.874 13972 14185 I C00f00/OH_DER_VSync: scheduleVsync ENTRY receiverPtr=0x<private>
09-28 17:52:46.874 13972 14185 I C00f00/OH_DER_VSync: scheduleVsync calling RequestFrame ohVsync=<private>
09-28 17:52:46.874 13972 14185 I C00f00/OH_DER_VSync: scheduleVsync RequestFrame rc=<private>
09-28 17:52:46.874   818   818 E C01406/skia: RSBaseRenderUtil::DealWithSurfaceRotationAndGravity, GetSurfaceBufferOpaque:0
09-28 17:52:46.874   818   818 E C02515/DISP: [0;32;31m[GetMetadata:109] <private> is not supported[m
09-28 17:52:46.874   818   818 E C01406/skia: RSBaseRenderUtil::DealWithSurfaceRotationAndGravity, GetSurfaceBufferOpaque:0
09-28 17:52:46.874   818   818 E C02515/DISP: [0;32;31m[GetMetadata:109] <private> is not supported[m
09-28 17:52:46.875   818  1137 E C02515/DISP: [0;32;31m[SetMetadata:102] <private> is not supported[m
09-28 17:52:46.875   818  1137 E C02515/METADATA_SRV: [0;32;31m[SetMetadata:136]  fail[m
09-28 17:52:46.875   818  1137 E C01401/Bufferqueue: <surface_buffer_impl.cpp:714-SetMetadata>: SetMetadata Failed with -5
09-28 17:52:46.876   818  1137 E C01406/skia: SurfaceNodeDrawable DrawCommSurfaceWatermark Name:BackgroundBlurView2 Id:8933531975688 water mark count is zero
09-28 17:52:46.876   818  1137 E C01406/skia: RSBaseRenderUtil::DealWithSurfaceRotationAndGravity, GetSurfaceBufferOpaque:0
09-28 17:52:46.876   818  1137 I C01406/WRAP: AHardwareBuffer_createFromHandle index = <private> handle = <private>, ahb = <private>
09-28 17:52:46.876   818  1137 E C01406/skia: SurfaceNodeDrawable DrawCommSurfaceWatermark Name:AdapterActivityContent Id:60009283059715 water mark count is zero
09-28 17:52:46.876   818  1137 E C01406/skia: RSBaseRenderUtil::DealWithSurfaceRotationAndGravity, GetSurfaceBufferOpaque:0
09-28 17:52:46.876   818  1137 I C01406/WRAP: AHardwareBuffer_createFromHandle index = <private> handle = <private>, ahb = <private>
09-28 17:52:46.876   818  1137 E C01406/skia: SurfaceNodeDrawable DrawCommSurfaceWatermark Name:AdapterSurfaceView Id:60009283059716 water mark count is zero
09-28 17:52:46.876   818  1137 E C01406/skia: SurfaceNodeDrawable DrawCommSurfaceWatermark Name:com.a2hlab.bridge.zigzag/com.unity3d.player.UnityPlayerActivity Id:60009283059713 water mark count is zero
09-28 17:52:46.876   818  1137 E C01406/skia: SurfaceNodeDrawable DrawCommSurfaceWatermark Name:WindowScene_zigzag37 Id:8933531976573 water mark count is zero
09-28 17:52:46.877   818  1137 E C01406/skia: SurfaceNodeDrawable DrawCommSurfaceWatermark Name:SCBGestureNavBar13 Id:8933531975827 water mark count is zero
09-28 17:52:46.877   818  1137 E C01406/skia: SurfaceNodeDrawable DrawCommSurfaceWatermark Name:SCBStatusBar15 Id:8933531975907 water mark count is zero
09-28 17:52:46.879   818  1137 E C02515/DISP: [0;32;31m[GetMetadata:109] <private> is not supported[m
09-28 17:52:46.879   818  1137 E C02515/DISP: [0;32;31m[SetMetadata:102] <private> is not supported[m
09-28 17:52:46.879   818  1137 E C02515/METADATA_SRV: [0;32;31m[SetMetadata:136]  fail[m
09-28 17:52:46.879   818  1137 E C01401/Bufferqueue: <surface_buffer_impl.cpp:714-SetMetadata>: SetMetadata Failed with -5
09-28 17:52:46.879   818  1137 E C01406/skia: RSUniRenderComposerAdapter::SetBufferColorSpace set color space fail
09-28 17:52:46.890 13972 14187 I C00f00/OH_DER_VSync: onOhVsync ENTRY ts=<private> data=<private>
09-28 17:52:46.890 13972 14185 I C00f00/OH_DER_VSync: scheduleVsync ENTRY receiverPtr=0x<private>
09-28 17:52:46.890 13972 14185 I C00f00/OH_DER_VSync: scheduleVsync calling RequestFrame ohVsync=<private>
09-28 17:52:46.891 13972 14185 I C00f00/OH_DER_VSync: scheduleVsync RequestFrame rc=<private>
09-28 17:52:46.892   818  1132 E C02515/DISP: [0;32;31m[SetMetadata:102] <private> is not supported[m
09-28 17:52:46.892   818  1132 E C02515/METADATA_SRV: [0;32;31m[SetMetadata:136]  fail[m
09-28 17:52:46.892   818  1132 E C01401/Bufferqueue: <surface_buffer_impl.cpp:714-SetMetadata>: SetMetadata Failed with -5
09-28 17:52:46.892   793  4141 E C02515/DISP: [0;32;31m[SetLayerMaskInfo@display_composer_vdi_impl.cpp:404] <private> is not supported[m
09-28 17:52:46.893   818  1228 E C02515/DISP: [0;32;31m[SetMetadata:102] <private> is not supported[m
09-28 17:52:46.893   818  1228 E C02515/METADATA_SRV: [0;32;31m[SetMetadata:136]  fail[m
09-28 17:52:46.893   818  1228 E C01401/Bufferqueue: <surface_buffer_impl.cpp:714-SetMetadata>: SetMetadata Failed with -5
09-28 17:52:46.893   793  4141 E C02515/DISP: [0;32;31m[SetDisplayClientDamage@display_composer_vdi_impl.cpp:179] <private> is not supported[m
09-28 17:52:46.907 13972 14187 I C00f00/OH_DER_VSync: onOhVsync ENTRY ts=<private> data=<private>
09-28 17:52:46.907 13972 14185 I C00f00/OH_DER_VSync: scheduleVsync ENTRY receiverPtr=0x<private>
09-28 17:52:46.907   818   818 E C02515/DISP: [0;32;31m[GetMetadata:109] <private> is not supported[m
09-28 17:52:46.907 13972 14185 I C00f00/OH_DER_VSync: scheduleVsync calling RequestFrame ohVsync=<private>
09-28 17:52:46.907   818   818 E C02515/DISP: [0;32;31m[GetMetadata:109] <private> is not supported[m
09-28 17:52:46.907 13972 14185 I C00f00/OH_DER_VSync: scheduleVsync RequestFrame rc=<private>
09-28 17:52:46.907   818   818 E C02515/DISP: [0;32;31m[GetMetadata:109] <private> is not supported[m
09-28 17:52:46.908   818   818 E C01406/skia: RSBaseRenderUtil::DealWithSurfaceRotationAndGravity, GetSurfaceBufferOpaque:0
09-28 17:52:46.909   818   818 E C02515/DISP: [0;32;31m[GetMetadata:109] <private> is not supported[m
09-28 17:52:46.909   818   818 E C01406/skia: RSBaseRenderUtil::DealWithSurfaceRotationAndGravity, GetSurfaceBufferOpaque:0
09-28 17:52:46.909   818   818 E C02515/DISP: [0;32;31m[GetMetadata:109] <private> is not supported[m
09-28 17:52:46.911   818  1137 E C02515/DISP: [0;32;31m[SetMetadata:102] <private> is not supported[m
09-28 17:52:46.911   818  1137 E C02515/METADATA_SRV: [0;32;31m[SetMetadata:136]  fail[m
09-28 17:52:46.911   818  1137 E C01401/Bufferqueue: <surface_buffer_impl.cpp:714-SetMetadata>: SetMetadata Failed with -5
09-28 17:52:46.911   818  1137 E C01406/skia: SurfaceNodeDrawable DrawCommSurfaceWatermark Name:BackgroundBlurView2 Id:8933531975688 water mark count is zero
09-28 17:52:46.911   818  1137 E C01406/skia: RSBaseRenderUtil::DealWithSurfaceRotationAndGravity, GetSurfaceBufferOpaque:0
09-28 17:52:46.911   818  1137 I C01406/WRAP: AHardwareBuffer_createFromHandle index = <private> handle = <private>, ahb = <private>
09-28 17:52:46.911   818  1137 E C01406/skia: SurfaceNodeDrawable DrawCommSurfaceWatermark Name:AdapterActivityContent Id:60009283059715 water mark count is zero
09-28 17:52:46.911   818  1137 E C01406/skia: RSBaseRenderUtil::DealWithSurfaceRotationAndGravity, GetSurfaceBufferOpaque:0
09-28 17:52:46.912   818  1137 I C01406/WRAP: AHardwareBuffer_createFromHandle index = <private> handle = <private>, ahb = <private>
09-28 17:52:46.912   818  1137 E C01406/skia: SurfaceNodeDrawable DrawCommSurfaceWatermark Name:AdapterSurfaceView Id:60009283059716 water mark count is zero
09-28 17:52:46.912   818  1137 E C01406/skia: SurfaceNodeDrawable DrawCommSurfaceWatermark Name:com.a2hlab.bridge.zigzag/com.unity3d.player.UnityPlayerActivity Id:60009283059713 water mark count is zero
09-28 17:52:46.912   818  1137 E C01406/skia: SurfaceNodeDrawable DrawCommSurfaceWatermark Name:WindowScene_zigzag37 Id:8933531976573 water mark count is zero
09-28 17:52:46.912   818  1137 E C01406/skia: SurfaceNodeDrawable DrawCommSurfaceWatermark Name:SCBGestureNavBar13 Id:8933531975827 water mark count is zero
09-28 17:52:46.912   818  1137 E C01406/skia: SurfaceNodeDrawable DrawCommSurfaceWatermark Name:SCBStatusBar15 Id:8933531975907 water mark count is zero
09-28 17:52:46.914   818  1137 E C02515/DISP: [0;32;31m[GetMetadata:109] <private> is not supported[m
09-28 17:52:46.914   818  1137 E C02515/DISP: [0;32;31m[SetMetadata:102] <private> is not supported[m
09-28 17:52:46.914   818  1137 E C02515/METADATA_SRV: [0;32;31m[SetMetadata:136]  fail[m
09-28 17:52:46.914   818  1137 E C01401/Bufferqueue: <surface_buffer_impl.cpp:714-SetMetadata>: SetMetadata Failed with -5
09-28 17:52:46.914   818  1137 E C01406/skia: RSUniRenderComposerAdapter::SetBufferColorSpace set color space fail
09-28 17:52:46.923 13972 14187 I C00f00/OH_DER_VSync: onOhVsync ENTRY ts=<private> data=<private>
09-28 17:52:46.924 13972 14185 I C00f00/OH_DER_VSync: scheduleVsync ENTRY receiverPtr=0x<private>
09-28 17:52:46.924 13972 14185 I C00f00/OH_DER_VSync: scheduleVsync calling RequestFrame ohVsync=<private>
09-28 17:52:46.924 13972 14185 I C00f00/OH_DER_VSync: scheduleVsync RequestFrame rc=<private>
09-28 17:52:46.925   818  1132 E C02515/DISP: [0;32;31m[SetMetadata:102] <private> is not supported[m
09-28 17:52:46.925   818  1132 E C02515/METADATA_SRV: [0;32;31m[SetMetadata:136]  fail[m
09-28 17:52:46.926   818  1132 E C01401/Bufferqueue: <surface_buffer_impl.cpp:714-SetMetadata>: SetMetadata Failed with -5
09-28 17:52:46.927   793  4141 E C02515/DISP: [0;32;31m[SetLayerMaskInfo@display_composer_vdi_impl.cpp:404] <private> is not supported[m
09-28 17:52:46.927   818  1228 E C02515/DISP: [0;32;31m[SetMetadata:102] <private> is not supported[m
09-28 17:52:46.927   818  1228 E C02515/METADATA_SRV: [0;32;31m[SetMetadata:136]  fail[m
09-28 17:52:46.927   818  1228 E C01401/Bufferqueue: <surface_buffer_impl.cpp:714-SetMetadata>: SetMetadata Failed with -5
09-28 17:52:46.928   793  4141 E C02515/DISP: [0;32;31m[SetDisplayClientDamage@display_composer_vdi_impl.cpp:179] <private> is not supported[m
09-28 17:52:46.940   818   818 E C02515/DISP: [0;32;31m[GetMetadata:109] <private> is not supported[m
09-28 17:52:46.940   818   818 E C02515/DISP: [0;32;31m[GetMetadata:109] <private> is not supported[m
09-28 17:52:46.940   818   818 E C02515/DISP: [0;32;31m[GetMetadata:109] <private> is not supported[m
09-28 17:52:46.941   818   818 E C01406/skia: RSBaseRenderUtil::DealWithSurfaceRotationAndGravity, GetSurfaceBufferOpaque:0
09-28 17:52:46.941   818   818 E C02515/DISP: [0;32;31m[GetMetadata:109] <private> is not supported[m
09-28 17:52:46.941   818   818 E C01406/skia: RSBaseRenderUtil::DealWithSurfaceRotationAndGravity, GetSurfaceBufferOpaque:0
09-28 17:52:46.941   818   818 E C02515/DISP: [0;32;31m[GetMetadata:109] <private> is not supported[m
09-28 17:52:46.942 13972 14187 I C00f00/OH_DER_VSync: onOhVsync ENTRY ts=<private> data=<private>
09-28 17:52:46.942 13972 14185 I C00f00/OH_DER_VSync: scheduleVsync ENTRY receiverPtr=0x<private>
09-28 17:52:46.942 13972 14185 I C00f00/OH_DER_VSync: scheduleVsync calling RequestFrame ohVsync=<private>
09-28 17:52:46.942   818  1137 E C02515/DISP: [0;32;31m[SetMetadata:102] <private> is not supported[m
09-28 17:52:46.942   818  1137 E C02515/METADATA_SRV: [0;32;31m[SetMetadata:136]  fail[m
09-28 17:52:46.942   818  1137 E C01401/Bufferqueue: <surface_buffer_impl.cpp:714-SetMetadata>: SetMetadata Failed with -5
09-28 17:52:46.942 13972 14185 I C00f00/OH_DER_VSync: scheduleVsync RequestFrame rc=<private>
09-28 17:52:46.943   818  1137 E C01406/skia: SurfaceNodeDrawable DrawCommSurfaceWatermark Name:BackgroundBlurView2 Id:8933531975688 water mark count is zero
09-28 17:52:46.943   818  1137 E C01406/skia: RSBaseRenderUtil::DealWithSurfaceRotationAndGravity, GetSurfaceBufferOpaque:0
09-28 17:52:46.943   818  1137 I C01406/WRAP: AHardwareBuffer_createFromHandle index = <private> handle = <private>, ahb = <private>
09-28 17:52:46.943   818  1137 E C01406/skia: SurfaceNodeDrawable DrawCommSurfaceWatermark Name:AdapterActivityContent Id:60009283059715 water mark count is zero
09-28 17:52:46.943   818  1137 E C01406/skia: RSBaseRenderUtil::DealWithSurfaceRotationAndGravity, GetSurfaceBufferOpaque:0
09-28 17:52:46.943   818  1137 I C01406/WRAP: AHardwareBuffer_createFromHandle index = <private> handle = <private>, ahb = <private>
09-28 17:52:46.943   818  1137 E C01406/skia: SurfaceNodeDrawable DrawCommSurfaceWatermark Name:AdapterSurfaceView Id:60009283059716 water mark count is zero
09-28 17:52:46.943   818  1137 E C01406/skia: SurfaceNodeDrawable DrawCommSurfaceWatermark Name:com.a2hlab.bridge.zigzag/com.unity3d.player.UnityPlayerActivity Id:60009283059713 water mark count is zero
09-28 17:52:46.943   818  1137 E C01406/skia: SurfaceNodeDrawable DrawCommSurfaceWatermark Name:WindowScene_zigzag37 Id:8933531976573 water mark count is zero
09-28 17:52:46.944   818  1137 E C01406/skia: SurfaceNodeDrawable DrawCommSurfaceWatermark Name:SCBGestureNavBar13 Id:8933531975827 water mark count is zero
09-28 17:52:46.944   818  1137 E C01406/skia: SurfaceNodeDrawable DrawCommSurfaceWatermark Name:SCBStatusBar15 Id:8933531975907 water mark count is zero
09-28 17:52:46.946   818  1137 E C02515/DISP: [0;32;31m[GetMetadata:109] <private> is not supported[m
09-28 17:52:46.946   818  1137 E C02515/DISP: [0;32;31m[SetMetadata:102] <private> is not supported[m
09-28 17:52:46.946   818  1137 E C02515/METADATA_SRV: [0;32;31m[SetMetadata:136]  fail[m
09-28 17:52:46.946   818  1137 E C01401/Bufferqueue: <surface_buffer_impl.cpp:714-SetMetadata>: SetMetadata Failed with -5
09-28 17:52:46.946   818  1137 E C01406/skia: RSUniRenderComposerAdapter::SetBufferColorSpace set color space fail
09-28 17:52:46.957 13972 14187 I C00f00/OH_DER_VSync: onOhVsync ENTRY ts=<private> data=<private>
09-28 17:52:46.957 13972 14185 I C00f00/OH_DER_VSync: scheduleVsync ENTRY receiverPtr=0x<private>
09-28 17:52:46.957 13972 14185 I C00f00/OH_DER_VSync: scheduleVsync calling RequestFrame ohVsync=<private>
09-28 17:52:46.957  1048  1170 I C02d13/HDC_LOG: [daemon.cpp:1142] FetchCommand channelId:2093973461 command:1001
09-28 17:52:46.957  1048  1170 I C02d13/HDC_LOG: [session.cpp:1652] New HTaskInfo cid:2093973461 sid:213******641(L:10) command:1001
09-28 17:52:46.957 13972 14185 I C00f00/OH_DER_VSync: scheduleVsync RequestFrame rc=<private>
09-28 17:52:46.957  1048  1170 I C02d13/HDC_LOG: [session.cpp:891] AdminTask add task type:0 cid:2093973461 sid:213******641(L:10) mapsize:2
09-28 17:52:46.957  1048  1170 I C02d13/HDC_LOG: [task.cpp:34] HdcTaskBase type:0 cid:2093973461 sid:213******641(L:10)
09-28 17:52:46.957  1048  1170 I C02d13/HDC_LOG: [daemon_unity.cpp:414] Unity CommandDispatch command:1001 cid:2093973461 sid:213******641(L:10)
09-28 17:52:46.957  1048  1170 W C02d13/HDC_LOG: [async_cmd.cpp:114] GetDevItem false key:persist.hdc.root
09-28 17:52:46.958  1048 14669 I C02d13/HDC_LOG: [async_cmd.cpp:225] Popen pipe fds[pipeRead]:36 fds[pipeWrite]:37, mode 0
09-28 17:52:46.959   818  1132 E C02515/DISP: [0;32;31m[SetMetadata:102] <private> is not supported[m
09-28 17:52:46.959   818  1132 E C02515/METADATA_SRV: [0;32;31m[SetMetadata:136]  fail[m
09-28 17:52:46.959   818  1132 E C01401/Bufferqueue: <surface_buffer_impl.cpp:714-SetMetadata>: SetMetadata Failed with -5
09-28 17:52:46.959   793  4141 E C02515/DISP: [0;32;31m[SetLayerMaskInfo@display_composer_vdi_impl.cpp:404] <private> is not supported[m
09-28 17:52:46.959   818  1228 E C02515/DISP: [0;32;31m[SetMetadata:102] <private> is not supported[m
09-28 17:52:46.959   818  1228 E C02515/METADATA_SRV: [0;32;31m[SetMetadata:136]  fail[m
09-28 17:52:46.959   818  1228 E C01401/Bufferqueue: <surface_buffer_impl.cpp:714-SetMetadata>: SetMetadata Failed with -5
09-28 17:52:46.960   793  4141 E C02515/DISP: [0;32;31m[SetDisplayClientDamage@display_composer_vdi_impl.cpp:179] <private> is not supported[m
09-28 17:52:46.962  1048  1170 I C02d13/HDC_LOG: [async_cmd.cpp:291] ExecuteCommand cmd:param get const.product.os.dist.apiname fd:36 pid:14670
09-28 17:52:46.963  1048  1170 I C02d13/HDC_LOG: [daemon_unity.cpp:486] Unity CommandDispatch command:1001 finish cid:2093973461 sid:213******641(L:10)
09-28 17:52:46.963 14670 14670 W C02d13/HDC_LOG: [async_cmd.cpp:140] SetSelinuxLabel con:u:r:su:s0 isRoot:0
09-28 17:52:46.973 13972 14187 I C00f00/OH_DER_VSync: onOhVsync ENTRY ts=<private> data=<private>
09-28 17:52:46.974   818   818 E C02515/DISP: [0;32;31m[GetMetadata:109] <private> is not supported[m
09-28 17:52:46.974 13972 14185 I C00f00/OH_DER_VSync: scheduleVsync ENTRY receiverPtr=0x<private>
09-28 17:52:46.974 13972 14185 I C00f00/OH_DER_VSync: scheduleVsync calling RequestFrame ohVsync=<private>
09-28 17:52:46.974   818   818 E C02515/DISP: [0;32;31m[GetMetadata:109] <private> is not supported[m
09-28 17:52:46.974 13972 14185 I C00f00/OH_DER_VSync: scheduleVsync RequestFrame rc=<private>
09-28 17:52:46.974   818   818 E C02515/DISP: [0;32;31m[GetMetadata:109] <private> is not supported[m
09-28 17:52:46.975   818   818 E C01406/skia: RSBaseRenderUtil::DealWithSurfaceRotationAndGravity, GetSurfaceBufferOpaque:0
09-28 17:52:46.975   818   818 E C02515/DISP: [0;32;31m[GetMetadata:109] <private> is not supported[m
09-28 17:52:46.975   818   818 E C01406/skia: RSBaseRenderUtil::DealWithSurfaceRotationAndGravity, GetSurfaceBufferOpaque:0
09-28 17:52:46.975   818   818 E C02515/DISP: [0;32;31m[GetMetadata:109] <private> is not supported[m
09-28 17:52:46.977   818  1137 E C02515/DISP: [0;32;31m[SetMetadata:102] <private> is not supported[m
09-28 17:52:46.977   818  1137 E C02515/METADATA_SRV: [0;32;31m[SetMetadata:136]  fail[m
09-28 17:52:46.977   818  1137 E C01401/Bufferqueue: <surface_buffer_impl.cpp:714-SetMetadata>: SetMetadata Failed with -5
09-28 17:52:46.977   818  1137 E C01406/skia: SurfaceNodeDrawable DrawCommSurfaceWatermark Name:BackgroundBlurView2 Id:8933531975688 water mark count is zero
09-28 17:52:46.978   818  1137 E C01406/skia: RSBaseRenderUtil::DealWithSurfaceRotationAndGravity, GetSurfaceBufferOpaque:0
09-28 17:52:46.978   818  1137 I C01406/WRAP: AHardwareBuffer_createFromHandle index = <private> handle = <private>, ahb = <private>
09-28 17:52:46.978   818  1137 E C01406/skia: SurfaceNodeDrawable DrawCommSurfaceWatermark Name:AdapterActivityContent Id:60009283059715 water mark count is zero
09-28 17:52:46.978   818  1137 E C01406/skia: RSBaseRenderUtil::DealWithSurfaceRotationAndGravity, GetSurfaceBufferOpaque:0
09-28 17:52:46.978   818  1137 I C01406/WRAP: AHardwareBuffer_createFromHandle index = <private> handle = <private>, ahb = <private>
09-28 17:52:46.978   818  1137 E C01406/skia: SurfaceNodeDrawable DrawCommSurfaceWatermark Name:AdapterSurfaceView Id:60009283059716 water mark count is zero
09-28 17:52:46.978   818  1137 E C01406/skia: SurfaceNodeDrawable DrawCommSurfaceWatermark Name:com.a2hlab.bridge.zigzag/com.unity3d.player.UnityPlayerActivity Id:60009283059713 water mark count is zero
09-28 17:52:46.978   818  1137 E C01406/skia: SurfaceNodeDrawable DrawCommSurfaceWatermark Name:WindowScene_zigzag37 Id:8933531976573 water mark count is zero
09-28 17:52:46.979   818  1137 E C01406/skia: SurfaceNodeDrawable DrawCommSurfaceWatermark Name:SCBGestureNavBar13 Id:8933531975827 water mark count is zero
09-28 17:52:46.979   818  1137 E C01406/skia: SurfaceNodeDrawable DrawCommSurfaceWatermark Name:SCBStatusBar15 Id:8933531975907 water mark count is zero
09-28 17:52:46.980   818  1137 E C02515/DISP: [0;32;31m[GetMetadata:109] <private> is not supported[m
09-28 17:52:46.980   818  1137 E C02515/DISP: [0;32;31m[SetMetadata:102] <private> is not supported[m
09-28 17:52:46.981   818  1137 E C02515/METADATA_SRV: [0;32;31m[SetMetadata:136]  fail[m
09-28 17:52:46.981   818  1137 E C01401/Bufferqueue: <surface_buffer_impl.cpp:714-SetMetadata>: SetMetadata Failed with -5
09-28 17:52:46.981   818  1137 E C01406/skia: RSUniRenderComposerAdapter::SetBufferColorSpace set color space fail
09-28 17:52:46.990 13972 14187 I C00f00/OH_DER_VSync: onOhVsync ENTRY ts=<private> data=<private>
09-28 17:52:46.991 13972 14185 I C00f00/OH_DER_VSync: scheduleVsync ENTRY receiverPtr=0x<private>
09-28 17:52:46.991 13972 14185 I C00f00/OH_DER_VSync: scheduleVsync calling RequestFrame ohVsync=<private>
09-28 17:52:46.991 13972 14185 I C00f00/OH_DER_VSync: scheduleVsync RequestFrame rc=<private>
09-28 17:52:46.992   818  1132 E C02515/DISP: [0;32;31m[SetMetadata:102] <private> is not supported[m
09-28 17:52:46.992   818  1132 E C02515/METADATA_SRV: [0;32;31m[SetMetadata:136]  fail[m
09-28 17:52:46.992   818  1132 E C01401/Bufferqueue: <surface_buffer_impl.cpp:714-SetMetadata>: SetMetadata Failed with -5
09-28 17:52:46.993   793  4141 E C02515/DISP: [0;32;31m[SetLayerMaskInfo@display_composer_vdi_impl.cpp:404] <private> is not supported[m
09-28 17:52:46.993   818  1228 E C02515/DISP: [0;32;31m[SetMetadata:102] <private> is not supported[m
09-28 17:52:46.993   818  1228 E C02515/METADATA_SRV: [0;32;31m[SetMetadata:136]  fail[m
09-28 17:52:46.993   818  1228 E C01401/Bufferqueue: <surface_buffer_impl.cpp:714-SetMetadata>: SetMetadata Failed with -5
09-28 17:52:46.994   793  4141 E C02515/DISP: [0;32;31m[SetDisplayClientDamage@display_composer_vdi_impl.cpp:179] <private> is not supported[m
09-28 17:52:46.997  1048 14671 I C02d13/HDC_LOG: [async_cmd.cpp:88] FinishShellProc finish pipeRead fd:36 pid:14670 count:1
09-28 17:52:46.997  1048 14671 I C02d13/HDC_LOG: [task.cpp:55] HdcTaskBase::TaskFinish notify begin type:0 cid:2093973461 sid:213******641(L:10)
09-28 17:52:46.998  1048 14671 I C02d13/HDC_LOG: [task.cpp:58] HdcTaskBase::TaskFinish notify end type:0 cid:2093973461 sid:213******641(L:10)
09-28 17:52:46.999  1048  1170 I C02d13/HDC_LOG: [daemon.cpp:1142] FetchCommand channelId:2093973461 command:2
09-28 17:52:46.999  1048  1170 W C02d13/HDC_LOG: [session.cpp:160] BeginRemoveTask taskType:0 channelId:2093973461
09-28 17:52:47.000  1048  1170 W C02d13/HDC_LOG: [session.cpp:190] ClearOwnTasks OP_CLEAR finish, sessionId:213******641(L:10) channelIDInput:2093973461
09-28 17:52:47.000  1048  1170 W C02d13/HDC_LOG: [session.cpp:115] taskClassDeleteRetry start clear task, taskType:0 cid:2093973461 sid:213******641(L:10)
09-28 17:52:47.000  1048  1170 I C02d13/HDC_LOG: [async_cmd.cpp:69] DoRelease rc:-3 pid:14670
09-28 17:52:47.000  1048  1170 I C02d13/HDC_LOG: [session.cpp:126] TaskDelay task remove retry count 0/30, taskType:0 channelId:2093973461, sessionId:213******641(L:10)
09-28 17:52:47.000  1048  1170 I C02d13/HDC_LOG: [daemon_unity.cpp:31] ~HdcDaemonUnity cid:2093973461 sid:213******641(L:10)
09-28 17:52:47.000  1048  1170 I C02d13/HDC_LOG: [task.cpp:40] ~HdcTaskBase type:0 cid:2093973461 sid:213******641(L:10)
09-28 17:52:47.000  1048  1170 W C02d13/HDC_LOG: [session.cpp:134] TaskDelay task remove finish, channelId:2093973461
09-28 17:52:47.000  1048  1170 I C02d13/HDC_LOG: [base.cpp:969] before uv handle close, the uv handle type is 13
09-28 17:52:47.005  1048  1170 I C02d13/HDC_LOG: [daemon.cpp:1142] FetchCommand channelId:2093973461 command:2
09-28 17:52:47.007 13972 14187 I C00f00/OH_DER_VSync: onOhVsync ENTRY ts=<private> data=<private>
09-28 17:52:47.007 13972 14185 I C00f00/OH_DER_VSync: scheduleVsync ENTRY receiverPtr=0x<private>
09-28 17:52:47.007   818   818 E C02515/DISP: [0;32;31m[GetMetadata:109] <private> is not supported[m
09-28 17:52:47.007 13972 14185 I C00f00/OH_DER_VSync: scheduleVsync calling RequestFrame ohVsync=<private>
09-28 17:52:47.007   818   818 E C02515/DISP: [0;32;31m[GetMetadata:109] <private> is not supported[m
09-28 17:52:47.007 13972 14185 I C00f00/OH_DER_VSync: scheduleVsync RequestFrame rc=<private>
09-28 17:52:47.007   818   818 E C02515/DISP: [0;32;31m[GetMetadata:109] <private> is not supported[m
09-28 17:52:47.008   818   818 E C01406/skia: RSBaseRenderUtil::DealWithSurfaceRotationAndGravity, GetSurfaceBufferOpaque:0
09-28 17:52:47.009   818   818 E C02515/DISP: [0;32;31m[GetMetadata:109] <private> is not supported[m
09-28 17:52:47.009   818   818 E C01406/skia: RSBaseRenderUtil::DealWithSurfaceRotationAndGravity, GetSurfaceBufferOpaque:0
09-28 17:52:47.009   818   818 E C02515/DISP: [0;32;31m[GetMetadata:109] <private> is not supported[m
09-28 17:52:47.011   818  1137 E C02515/DISP: [0;32;31m[SetMetadata:102] <private> is not supported[m
09-28 17:52:47.011   818  1137 E C02515/METADATA_SRV: [0;32;31m[SetMetadata:136]  fail[m
09-28 17:52:47.011   818  1137 E C01401/Bufferqueue: <surface_buffer_impl.cpp:714-SetMetadata>: SetMetadata Failed with -5
09-28 17:52:47.011   818  1137 E C01406/skia: SurfaceNodeDrawable DrawCommSurfaceWatermark Name:BackgroundBlurView2 Id:8933531975688 water mark count is zero
09-28 17:52:47.011   818  1137 E C01406/skia: RSBaseRenderUtil::DealWithSurfaceRotationAndGravity, GetSurfaceBufferOpaque:0
09-28 17:52:47.011   818  1137 I C01406/WRAP: AHardwareBuffer_createFromHandle index = <private> handle = <private>, ahb = <private>
09-28 17:52:47.011   818  1137 E C01406/skia: SurfaceNodeDrawable DrawCommSurfaceWatermark Name:AdapterActivityContent Id:60009283059715 water mark count is zero
09-28 17:52:47.012   818  1137 E C01406/skia: RSBaseRenderUtil::DealWithSurfaceRotationAndGravity, GetSurfaceBufferOpaque:0
09-28 17:52:47.012   818  1137 I C01406/WRAP: AHardwareBuffer_createFromHandle index = <private> handle = <private>, ahb = <private>
09-28 17:52:47.012   818  1137 E C01406/skia: SurfaceNodeDrawable DrawCommSurfaceWatermark Name:AdapterSurfaceView Id:60009283059716 water mark count is zero
09-28 17:52:47.012   818  1137 E C01406/skia: SurfaceNodeDrawable DrawCommSurfaceWatermark Name:com.a2hlab.bridge.zigzag/com.unity3d.player.UnityPlayerActivity Id:60009283059713 water mark count is zero
09-28 17:52:47.012   818  1137 E C01406/skia: SurfaceNodeDrawable DrawCommSurfaceWatermark Name:WindowScene_zigzag37 Id:8933531976573 water mark count is zero
09-28 17:52:47.012   818  1137 E C01406/skia: SurfaceNodeDrawable DrawCommSurfaceWatermark Name:SCBGestureNavBar13 Id:8933531975827 water mark count is zero
09-28 17:52:47.012   818  1137 E C01406/skia: SurfaceNodeDrawable DrawCommSurfaceWatermark Name:SCBStatusBar15 Id:8933531975907 water mark count is zero
09-28 17:52:47.014   818  1137 E C02515/DISP: [0;32;31m[GetMetadata:109] <private> is not supported[m
09-28 17:52:47.014   818  1137 E C02515/DISP: [0;32;31m[SetMetadata:102] <private> is not supported[m
09-28 17:52:47.014   818  1137 E C02515/METADATA_SRV: [0;32;31m[SetMetadata:136]  fail[m
09-28 17:52:47.014   818  1137 E C01401/Bufferqueue: <surface_buffer_impl.cpp:714-SetMetadata>: SetMetadata Failed with -5
09-28 17:52:47.014   818  1137 E C01406/skia: RSUniRenderComposerAdapter::SetBufferColorSpace set color space fail
09-28 17:52:47.024 13972 14187 I C00f00/OH_DER_VSync: onOhVsync ENTRY ts=<private> data=<private>
09-28 17:52:47.024 13972 14185 I C00f00/OH_DER_VSync: scheduleVsync ENTRY receiverPtr=0x<private>
09-28 17:52:47.024 13972 14185 I C00f00/OH_DER_VSync: scheduleVsync calling RequestFrame ohVsync=<private>
09-28 17:52:47.024 13972 14185 I C00f00/OH_DER_VSync: scheduleVsync RequestFrame rc=<private>
09-28 17:52:47.026   818  1132 E C02515/DISP: [0;32;31m[SetMetadata:102] <private> is not supported[m
09-28 17:52:47.026   818  1132 E C02515/METADATA_SRV: [0;32;31m[SetMetadata:136]  fail[m
09-28 17:52:47.026   818  1132 E C01401/Bufferqueue: <surface_buffer_impl.cpp:714-SetMetadata>: SetMetadata Failed with -5
09-28 17:52:47.026   793  4141 E C02515/DISP: [0;32;31m[SetLayerMaskInfo@display_composer_vdi_impl.cpp:404] <private> is not supported[m
09-28 17:52:47.027   818  1228 E C02515/DISP: [0;32;31m[SetMetadata:102] <private> is not supported[m
09-28 17:52:47.027   818  1228 E C02515/METADATA_SRV: [0;32;31m[SetMetadata:136]  fail[m
09-28 17:52:47.027   818  1228 E C01401/Bufferqueue: <surface_buffer_impl.cpp:714-SetMetadata>: SetMetadata Failed with -5
09-28 17:52:47.027   793  4141 E C02515/DISP: [0;32;31m[SetDisplayClientDamage@display_composer_vdi_impl.cpp:179] <private> is not supported[m
09-28 17:52:47.040   818   818 E C02515/DISP: [0;32;31m[GetMetadata:109] <private> is not supported[m
09-28 17:52:47.040   818   818 E C02515/DISP: [0;32;31m[GetMetadata:109] <private> is not supported[m
09-28 17:52:47.040   818   818 E C02515/DISP: [0;32;31m[GetMetadata:109] <private> is not supported[m
09-28 17:52:47.041   818   818 E C01406/skia: RSBaseRenderUtil::DealWithSurfaceRotationAndGravity, GetSurfaceBufferOpaque:0
09-28 17:52:47.041   818   818 E C02515/DISP: [0;32;31m[GetMetadata:109] <private> is not supported[m
09-28 17:52:47.041   818   818 E C01406/skia: RSBaseRenderUtil::DealWithSurfaceRotationAndGravity, GetSurfaceBufferOpaque:0
09-28 17:52:47.041   818   818 E C02515/DISP: [0;32;31m[GetMetadata:109] <private> is not supported[m
09-28 17:52:47.042 13972 14187 I C00f00/OH_DER_VSync: onOhVsync ENTRY ts=<private> data=<private>
09-28 17:52:47.042 13972 14185 I C00f00/OH_DER_VSync: scheduleVsync ENTRY receiverPtr=0x<private>
09-28 17:52:47.042 13972 14185 I C00f00/OH_DER_VSync: scheduleVsync calling RequestFrame ohVsync=<private>
09-28 17:52:47.042   818  1137 E C02515/DISP: [0;32;31m[SetMetadata:102] <private> is not supported[m
09-28 17:52:47.042   818  1137 E C02515/METADATA_SRV: [0;32;31m[SetMetadata:136]  fail[m
09-28 17:52:47.042   818  1137 E C01401/Bufferqueue: <surface_buffer_impl.cpp:714-SetMetadata>: SetMetadata Failed with -5
09-28 17:52:47.042 13972 14185 I C00f00/OH_DER_VSync: scheduleVsync RequestFrame rc=<private>
09-28 17:52:47.042   818  1137 E C01406/skia: SurfaceNodeDrawable DrawCommSurfaceWatermark Name:BackgroundBlurView2 Id:8933531975688 water mark count is zero
09-28 17:52:47.043   818  1137 E C01406/skia: RSBaseRenderUtil::DealWithSurfaceRotationAndGravity, GetSurfaceBufferOpaque:0
09-28 17:52:47.043   818  1137 I C01406/WRAP: AHardwareBuffer_createFromHandle index = <private> handle = <private>, ahb = <private>
09-28 17:52:47.043   818  1137 E C01406/skia: SurfaceNodeDrawable DrawCommSurfaceWatermark Name:AdapterActivityContent Id:60009283059715 water mark count is zero
09-28 17:52:47.043   818  1137 E C01406/skia: RSBaseRenderUtil::DealWithSurfaceRotationAndGravity, GetSurfaceBufferOpaque:0
09-28 17:52:47.043   818  1137 I C01406/WRAP: AHardwareBuffer_createFromHandle index = <private> handle = <private>, ahb = <private>
09-28 17:52:47.043   818  1137 E C01406/skia: SurfaceNodeDrawable DrawCommSurfaceWatermark Name:AdapterSurfaceView Id:60009283059716 water mark count is zero
09-28 17:52:47.043   818  1137 E C01406/skia: SurfaceNodeDrawable DrawCommSurfaceWatermark Name:com.a2hlab.bridge.zigzag/com.unity3d.player.UnityPlayerActivity Id:60009283059713 water mark count is zero
09-28 17:52:47.043   818  1137 E C01406/skia: SurfaceNodeDrawable DrawCommSurfaceWatermark Name:WindowScene_zigzag37 Id:8933531976573 water mark count is zero
09-28 17:52:47.044   818  1137 E C01406/skia: SurfaceNodeDrawable DrawCommSurfaceWatermark Name:SCBGestureNavBar13 Id:8933531975827 water mark count is zero
09-28 17:52:47.044   818  1137 E C01406/skia: SurfaceNodeDrawable DrawCommSurfaceWatermark Name:SCBStatusBar15 Id:8933531975907 water mark count is zero
09-28 17:52:47.045   818  1137 E C02515/DISP: [0;32;31m[GetMetadata:109] <private> is not supported[m
09-28 17:52:47.045   818  1137 E C02515/DISP: [0;32;31m[SetMetadata:102] <private> is not supported[m
09-28 17:52:47.045   818  1137 E C02515/METADATA_SRV: [0;32;31m[SetMetadata:136]  fail[m
09-28 17:52:47.045   818  1137 E C01401/Bufferqueue: <surface_buffer_impl.cpp:714-SetMetadata>: SetMetadata Failed with -5
09-28 17:52:47.045   818  1137 E C01406/skia: RSUniRenderComposerAdapter::SetBufferColorSpace set color space fail
09-28 17:52:47.057 13972 14187 I C00f00/OH_DER_VSync: onOhVsync ENTRY ts=<private> data=<private>
09-28 17:52:47.057 13972 14185 I C00f00/OH_DER_VSync: scheduleVsync ENTRY receiverPtr=0x<private>
09-28 17:52:47.057 13972 14185 I C00f00/OH_DER_VSync: scheduleVsync calling RequestFrame ohVsync=<private>
09-28 17:52:47.057 13972 14185 I C00f00/OH_DER_VSync: scheduleVsync RequestFrame rc=<private>
09-28 17:52:47.059   818  1132 E C02515/DISP: [0;32;31m[SetMetadata:102] <private> is not supported[m
09-28 17:52:47.059   818  1132 E C02515/METADATA_SRV: [0;32;31m[SetMetadata:136]  fail[m
09-28 17:52:47.059   818  1132 E C01401/Bufferqueue: <surface_buffer_impl.cpp:714-SetMetadata>: SetMetadata Failed with -5
09-28 17:52:47.060   793  4141 E C02515/DISP: [0;32;31m[SetLayerMaskInfo@display_composer_vdi_impl.cpp:404] <private> is not supported[m
09-28 17:52:47.060   818  1228 E C02515/DISP: [0;32;31m[SetMetadata:102] <private> is not supported[m
09-28 17:52:47.060   818  1228 E C02515/METADATA_SRV: [0;32;31m[SetMetadata:136]  fail[m
09-28 17:52:47.060   818  1228 E C01401/Bufferqueue: <surface_buffer_impl.cpp:714-SetMetadata>: SetMetadata Failed with -5
09-28 17:52:47.061   793  4141 E C02515/DISP: [0;32;31m[SetDisplayClientDamage@display_composer_vdi_impl.cpp:179] <private> is not supported[m
09-28 17:52:47.074 13972 14187 I C00f00/OH_DER_VSync: onOhVsync ENTRY ts=<private> data=<private>
09-28 17:52:47.074 13972 14185 I C00f00/OH_DER_VSync: scheduleVsync ENTRY receiverPtr=0x<private>
09-28 17:52:47.074   818   818 E C02515/DISP: [0;32;31m[GetMetadata:109] <private> is not supported[m
09-28 17:52:47.074 13972 14185 I C00f00/OH_DER_VSync: scheduleVsync calling RequestFrame ohVsync=<private>
09-28 17:52:47.074 13972 14185 I C00f00/OH_DER_VSync: scheduleVsync RequestFrame rc=<private>
09-28 17:52:47.074   818   818 E C02515/DISP: [0;32;31m[GetMetadata:109] <private> is not supported[m
09-28 17:52:47.074   818   818 E C02515/DISP: [0;32;31m[GetMetadata:109] <private> is not supported[m
09-28 17:52:47.075   818   818 E C01406/skia: RSBaseRenderUtil::DealWithSurfaceRotationAndGravity, GetSurfaceBufferOpaque:0
09-28 17:52:47.075   818   818 E C02515/DISP: [0;32;31m[GetMetadata:109] <private> is not supported[m
09-28 17:52:47.075   818   818 E C01406/skia: RSBaseRenderUtil::DealWithSurfaceRotationAndGravity, GetSurfaceBufferOpaque:0
09-28 17:52:47.075   818   818 E C02515/DISP: [0;32;31m[GetMetadata:109] <private> is not supported[m
09-28 17:52:47.077   818  1137 E C02515/DISP: [0;32;31m[SetMetadata:102] <private> is not supported[m
09-28 17:52:47.077   818  1137 E C02515/METADATA_SRV: [0;32;31m[SetMetadata:136]  fail[m
09-28 17:52:47.077   818  1137 E C01401/Bufferqueue: <surface_buffer_impl.cpp:714-SetMetadata>: SetMetadata Failed with -5
09-28 17:52:47.078   818  1137 E C01406/skia: SurfaceNodeDrawable DrawCommSurfaceWatermark Name:BackgroundBlurView2 Id:8933531975688 water mark count is zero
09-28 17:52:47.078   818  1137 E C01406/skia: RSBaseRenderUtil::DealWithSurfaceRotationAndGravity, GetSurfaceBufferOpaque:0
09-28 17:52:47.078   818  1137 I C01406/WRAP: AHardwareBuffer_createFromHandle index = <private> handle = <private>, ahb = <private>
09-28 17:52:47.078   818  1137 E C01406/skia: SurfaceNodeDrawable DrawCommSurfaceWatermark Name:AdapterActivityContent Id:60009283059715 water mark count is zero
09-28 17:52:47.078   818  1137 E C01406/skia: RSBaseRenderUtil::DealWithSurfaceRotationAndGravity, GetSurfaceBufferOpaque:0
09-28 17:52:47.078   818  1137 I C01406/WRAP: AHardwareBuffer_createFromHandle index = <private> handle = <private>, ahb = <private>
09-28 17:52:47.078   818  1137 E C01406/skia: SurfaceNodeDrawable DrawCommSurfaceWatermark Name:AdapterSurfaceView Id:60009283059716 water mark count is zero
09-28 17:52:47.078   818  1137 E C01406/skia: SurfaceNodeDrawable DrawCommSurfaceWatermark Name:com.a2hlab.bridge.zigzag/com.unity3d.player.UnityPlayerActivity Id:60009283059713 water mark count is zero
09-28 17:52:47.078   818  1137 E C01406/skia: SurfaceNodeDrawable DrawCommSurfaceWatermark Name:WindowScene_zigzag37 Id:8933531976573 water mark count is zero
09-28 17:52:47.079   818  1137 E C01406/skia: SurfaceNodeDrawable DrawCommSurfaceWatermark Name:SCBGestureNavBar13 Id:8933531975827 water mark count is zero
09-28 17:52:47.079   818  1137 E C01406/skia: SurfaceNodeDrawable DrawCommSurfaceWatermark Name:SCBStatusBar15 Id:8933531975907 water mark count is zero
09-28 17:52:47.080   818  1137 E C02515/DISP: [0;32;31m[GetMetadata:109] <private> is not supported[m
09-28 17:52:47.081   818  1137 E C02515/DISP: [0;32;31m[SetMetadata:102] <private> is not supported[m
09-28 17:52:47.081   818  1137 E C02515/METADATA_SRV: [0;32;31m[SetMetadata:136]  fail[m
09-28 17:52:47.081   818  1137 E C01401/Bufferqueue: <surface_buffer_impl.cpp:714-SetMetadata>: SetMetadata Failed with -5
09-28 17:52:47.081   818  1137 E C01406/skia: RSUniRenderComposerAdapter::SetBufferColorSpace set color space fail
09-28 17:52:47.087  1048  1170 I C02d13/HDC_LOG: [daemon.cpp:1142] FetchCommand channelId:2473267582 command:1001
09-28 17:52:47.087  1048  1170 I C02d13/HDC_LOG: [session.cpp:1652] New HTaskInfo cid:2473267582 sid:213******641(L:10) command:1001
09-28 17:52:47.087  1048  1170 I C02d13/HDC_LOG: [session.cpp:891] AdminTask add task type:0 cid:2473267582 sid:213******641(L:10) mapsize:2
09-28 17:52:47.087  1048  1170 I C02d13/HDC_LOG: [task.cpp:34] HdcTaskBase type:0 cid:2473267582 sid:213******641(L:10)
09-28 17:52:47.087  1048  1170 I C02d13/HDC_LOG: [daemon_unity.cpp:414] Unity CommandDispatch command:1001 cid:2473267582 sid:213******641(L:10)
09-28 17:52:47.088  1048  1170 W C02d13/HDC_LOG: [async_cmd.cpp:114] GetDevItem false key:persist.hdc.root
09-28 17:52:47.088  1048 14672 I C02d13/HDC_LOG: [async_cmd.cpp:225] Popen pipe fds[pipeRead]:36 fds[pipeWrite]:37, mode 0
09-28 17:52:47.090 13972 14187 I C00f00/OH_DER_VSync: onOhVsync ENTRY ts=<private> data=<private>
09-28 17:52:47.090 13972 14185 I C00f00/OH_DER_VSync: scheduleVsync ENTRY receiverPtr=0x<private>
09-28 17:52:47.090 13972 14185 I C00f00/OH_DER_VSync: scheduleVsync calling RequestFrame ohVsync=<private>
09-28 17:52:47.091 13972 14185 I C00f00/OH_DER_VSync: scheduleVsync RequestFrame rc=<private>
09-28 17:52:47.092  1048  1170 I C02d13/HDC_LOG: [async_cmd.cpp:291] ExecuteCommand cmd:param get const.product.os.dist.apiname fd:36 pid:14673
09-28 17:52:47.092   818  1132 E C02515/DISP: [0;32;31m[SetMetadata:102] <private> is not supported[m
09-28 17:52:47.092  1048  1170 I C02d13/HDC_LOG: [daemon_unity.cpp:486] Unity CommandDispatch command:1001 finish cid:2473267582 sid:213******641(L:10)
09-28 17:52:47.092   818  1132 E C02515/METADATA_SRV: [0;32;31m[SetMetadata:136]  fail[m
09-28 17:52:47.092   818  1132 E C01401/Bufferqueue: <surface_buffer_impl.cpp:714-SetMetadata>: SetMetadata Failed with -5
09-28 17:52:47.093   793  4141 E C02515/DISP: [0;32;31m[SetLayerMaskInfo@display_composer_vdi_impl.cpp:404] <private> is not supported[m
09-28 17:52:47.093 14673 14673 W C02d13/HDC_LOG: [async_cmd.cpp:140] SetSelinuxLabel con:u:r:su:s0 isRoot:0
09-28 17:52:47.093   818  1228 E C02515/DISP: [0;32;31m[SetMetadata:102] <private> is not supported[m
09-28 17:52:47.093   818  1228 E C02515/METADATA_SRV: [0;32;31m[SetMetadata:136]  fail[m
09-28 17:52:47.093   818  1228 E C01401/Bufferqueue: <surface_buffer_impl.cpp:714-SetMetadata>: SetMetadata Failed with -5
09-28 17:52:47.094   793  4141 E C02515/DISP: [0;32;31m[SetDisplayClientDamage@display_composer_vdi_impl.cpp:179] <private> is not supported[m
09-28 17:52:47.107 13972 14187 I C00f00/OH_DER_VSync: onOhVsync ENTRY ts=<private> data=<private>
09-28 17:52:47.107 13972 14185 I C00f00/OH_DER_VSync: scheduleVsync ENTRY receiverPtr=0x<private>
09-28 17:52:47.107   818   818 E C02515/DISP: [0;32;31m[GetMetadata:109] <private> is not supported[m
09-28 17:52:47.107 13972 14185 I C00f00/OH_DER_VSync: scheduleVsync calling RequestFrame ohVsync=<private>
09-28 17:52:47.107 13972 14185 I C00f00/OH_DER_VSync: scheduleVsync RequestFrame rc=<private>
09-28 17:52:47.107   818   818 E C02515/DISP: [0;32;31m[GetMetadata:109] <private> is not supported[m
09-28 17:52:47.107   818   818 E C02515/DISP: [0;32;31m[GetMetadata:109] <private> is not supported[m
09-28 17:52:47.108   818   818 E C01406/skia: RSBaseRenderUtil::DealWithSurfaceRotationAndGravity, GetSurfaceBufferOpaque:0
09-28 17:52:47.109   818   818 E C02515/DISP: [0;32;31m[GetMetadata:109] <private> is not supported[m
09-28 17:52:47.109   818   818 E C01406/skia: RSBaseRenderUtil::DealWithSurfaceRotationAndGravity, GetSurfaceBufferOpaque:0
09-28 17:52:47.109   818   818 E C02515/DISP: [0;32;31m[GetMetadata:109] <private> is not supported[m
09-28 17:52:47.111   818  1137 E C02515/DISP: [0;32;31m[SetMetadata:102] <private> is not supported[m
09-28 17:52:47.111   818  1137 E C02515/METADATA_SRV: [0;32;31m[SetMetadata:136]  fail[m
09-28 17:52:47.111   818  1137 E C01401/Bufferqueue: <surface_buffer_impl.cpp:714-SetMetadata>: SetMetadata Failed with -5
09-28 17:52:47.111   818  1137 E C01406/skia: SurfaceNodeDrawable DrawCommSurfaceWatermark Name:BackgroundBlurView2 Id:8933531975688 water mark count is zero
09-28 17:52:47.112   818  1137 E C01406/skia: RSBaseRenderUtil::DealWithSurfaceRotationAndGravity, GetSurfaceBufferOpaque:0
09-28 17:52:47.112   818  1137 I C01406/WRAP: AHardwareBuffer_createFromHandle index = <private> handle = <private>, ahb = <private>
09-28 17:52:47.113   818  1137 E C01406/skia: SurfaceNodeDrawable DrawCommSurfaceWatermark Name:AdapterActivityContent Id:60009283059715 water mark count is zero
09-28 17:52:47.113   818  1137 E C01406/skia: RSBaseRenderUtil::DealWithSurfaceRotationAndGravity, GetSurfaceBufferOpaque:0
09-28 17:52:47.113   818  1137 I C01406/WRAP: AHardwareBuffer_createFromHandle index = <private> handle = <private>, ahb = <private>
09-28 17:52:47.113   818  1137 E C01406/skia: SurfaceNodeDrawable DrawCommSurfaceWatermark Name:AdapterSurfaceView Id:60009283059716 water mark count is zero
09-28 17:52:47.113   818  1137 E C01406/skia: SurfaceNodeDrawable DrawCommSurfaceWatermark Name:com.a2hlab.bridge.zigzag/com.unity3d.player.UnityPlayerActivity Id:60009283059713 water mark count is zero
09-28 17:52:47.113   818  1137 E C01406/skia: SurfaceNodeDrawable DrawCommSurfaceWatermark Name:WindowScene_zigzag37 Id:8933531976573 water mark count is zero
09-28 17:52:47.114   818  1137 E C01406/skia: SurfaceNodeDrawable DrawCommSurfaceWatermark Name:SCBGestureNavBar13 Id:8933531975827 water mark count is zero
09-28 17:52:47.114   818  1137 E C01406/skia: SurfaceNodeDrawable DrawCommSurfaceWatermark Name:SCBStatusBar15 Id:8933531975907 water mark count is zero
09-28 17:52:47.117   818  1137 E C02515/DISP: [0;32;31m[GetMetadata:109] <private> is not supported[m
09-28 17:52:47.117   818  1137 E C02515/DISP: [0;32;31m[SetMetadata:102] <private> is not supported[m
09-28 17:52:47.117   818  1137 E C02515/METADATA_SRV: [0;32;31m[SetMetadata:136]  fail[m
09-28 17:52:47.117   818  1137 E C01401/Bufferqueue: <surface_buffer_impl.cpp:714-SetMetadata>: SetMetadata Failed with -5
09-28 17:52:47.117   818  1137 E C01406/skia: RSUniRenderComposerAdapter::SetBufferColorSpace set color space fail
09-28 17:52:47.124 13972 14187 I C00f00/OH_DER_VSync: onOhVsync ENTRY ts=<private> data=<private>
09-28 17:52:47.124 13972 14185 I C00f00/OH_DER_VSync: scheduleVsync ENTRY receiverPtr=0x<private>
09-28 17:52:47.124 13972 14185 I C00f00/OH_DER_VSync: scheduleVsync calling RequestFrame ohVsync=<private>
09-28 17:52:47.124 13972 14185 I C00f00/OH_DER_VSync: scheduleVsync RequestFrame rc=<private>
09-28 17:52:47.126   818  1132 E C02515/DISP: [0;32;31m[SetMetadata:102] <private> is not supported[m
09-28 17:52:47.126   818  1132 E C02515/METADATA_SRV: [0;32;31m[SetMetadata:136]  fail[m
09-28 17:52:47.126   818  1132 E C01401/Bufferqueue: <surface_buffer_impl.cpp:714-SetMetadata>: SetMetadata Failed with -5
09-28 17:52:47.126   793  4141 E C02515/DISP: [0;32;31m[SetLayerMaskInfo@display_composer_vdi_impl.cpp:404] <private> is not supported[m
09-28 17:52:47.126   818  1228 E C02515/DISP: [0;32;31m[SetMetadata:102] <private> is not supported[m
09-28 17:52:47.126   818  1228 E C02515/METADATA_SRV: [0;32;31m[SetMetadata:136]  fail[m
09-28 17:52:47.126   818  1228 E C01401/Bufferqueue: <surface_buffer_impl.cpp:714-SetMetadata>: SetMetadata Failed with -5
09-28 17:52:47.127   793  4141 E C02515/DISP: [0;32;31m[SetDisplayClientDamage@display_composer_vdi_impl.cpp:179] <private> is not supported[m
09-28 17:52:47.134  1048 14674 I C02d13/HDC_LOG: [async_cmd.cpp:88] FinishShellProc finish pipeRead fd:36 pid:14673 count:1
09-28 17:52:47.134  1048 14674 I C02d13/HDC_LOG: [task.cpp:55] HdcTaskBase::TaskFinish notify begin type:0 cid:2473267582 sid:213******641(L:10)
09-28 17:52:47.134  1048 14674 I C02d13/HDC_LOG: [task.cpp:58] HdcTaskBase::TaskFinish notify end type:0 cid:2473267582 sid:213******641(L:10)
09-28 17:52:47.136  1048  1170 I C02d13/HDC_LOG: [daemon.cpp:1142] FetchCommand channelId:2473267582 command:2
09-28 17:52:47.136  1048  1170 W C02d13/HDC_LOG: [session.cpp:160] BeginRemoveTask taskType:0 channelId:2473267582
09-28 17:52:47.136  1048  1170 W C02d13/HDC_LOG: [session.cpp:190] ClearOwnTasks OP_CLEAR finish, sessionId:213******641(L:10) channelIDInput:2473267582
09-28 17:52:47.136  1048  1170 W C02d13/HDC_LOG: [session.cpp:115] taskClassDeleteRetry start clear task, taskType:0 cid:2473267582 sid:213******641(L:10)
09-28 17:52:47.136  1048  1170 I C02d13/HDC_LOG: [async_cmd.cpp:69] DoRelease rc:-3 pid:14673
09-28 17:52:47.136  1048  1170 I C02d13/HDC_LOG: [session.cpp:126] TaskDelay task remove retry count 0/30, taskType:0 channelId:2473267582, sessionId:213******641(L:10)
09-28 17:52:47.136  1048  1170 I C02d13/HDC_LOG: [daemon_unity.cpp:31] ~HdcDaemonUnity cid:2473267582 sid:213******641(L:10)
09-28 17:52:47.137  1048  1170 I C02d13/HDC_LOG: [task.cpp:40] ~HdcTaskBase type:0 cid:2473267582 sid:213******641(L:10)
09-28 17:52:47.137  1048  1170 W C02d13/HDC_LOG: [session.cpp:134] TaskDelay task remove finish, channelId:2473267582
09-28 17:52:47.137  1048  1170 I C02d13/HDC_LOG: [base.cpp:969] before uv handle close, the uv handle type is 13
09-28 17:52:47.140 13972 14187 I C00f00/OH_DER_VSync: onOhVsync ENTRY ts=<private> data=<private>
09-28 17:52:47.140   818   818 E C02515/DISP: [0;32;31m[GetMetadata:109] <private> is not supported[m
09-28 17:52:47.141 13972 14185 I C00f00/OH_DER_VSync: scheduleVsync ENTRY receiverPtr=0x<private>
09-28 17:52:47.141 13972 14185 I C00f00/OH_DER_VSync: scheduleVsync calling RequestFrame ohVsync=<private>
09-28 17:52:47.141 13972 14185 I C00f00/OH_DER_VSync: scheduleVsync RequestFrame rc=<private>
09-28 17:52:47.141   818   818 E C02515/DISP: [0;32;31m[GetMetadata:109] <private> is not supported[m
09-28 17:52:47.141   818   818 E C02515/DISP: [0;32;31m[GetMetadata:109] <private> is not supported[m
09-28 17:52:47.142  1048  1170 I C02d13/HDC_LOG: [daemon.cpp:1142] FetchCommand channelId:2473267582 command:2
09-28 17:52:47.142   818   818 E C01406/skia: RSBaseRenderUtil::DealWithSurfaceRotationAndGravity, GetSurfaceBufferOpaque:0
09-28 17:52:47.142   818   818 E C02515/DISP: [0;32;31m[GetMetadata:109] <private> is not supported[m
09-28 17:52:47.142   818   818 E C01406/skia: RSBaseRenderUtil::DealWithSurfaceRotationAndGravity, GetSurfaceBufferOpaque:0
09-28 17:52:47.142   818   818 E C02515/DISP: [0;32;31m[GetMetadata:109] <private> is not supported[m
09-28 17:52:47.144   818  1137 E C02515/DISP: [0;32;31m[SetMetadata:102] <private> is not supported[m
09-28 17:52:47.144   818  1137 E C02515/METADATA_SRV: [0;32;31m[SetMetadata:136]  fail[m
09-28 17:52:47.144   818  1137 E C01401/Bufferqueue: <surface_buffer_impl.cpp:714-SetMetadata>: SetMetadata Failed with -5
09-28 17:52:47.145   818  1137 E C01406/skia: SurfaceNodeDrawable DrawCommSurfaceWatermark Name:BackgroundBlurView2 Id:8933531975688 water mark count is zero
09-28 17:52:47.145   818  1137 E C01406/skia: RSBaseRenderUtil::DealWithSurfaceRotationAndGravity, GetSurfaceBufferOpaque:0
09-28 17:52:47.146   818  1137 I C01406/WRAP: AHardwareBuffer_createFromHandle index = <private> handle = <private>, ahb = <private>
09-28 17:52:47.146   818  1137 E C01406/skia: SurfaceNodeDrawable DrawCommSurfaceWatermark Name:AdapterActivityContent Id:60009283059715 water mark count is zero
09-28 17:52:47.146   818  1137 E C01406/skia: RSBaseRenderUtil::DealWithSurfaceRotationAndGravity, GetSurfaceBufferOpaque:0
09-28 17:52:47.146   818  1137 I C01406/WRAP: AHardwareBuffer_createFromHandle index = <private> handle = <private>, ahb = <private>
09-28 17:52:47.147   818  1137 E C01406/skia: SurfaceNodeDrawable DrawCommSurfaceWatermark Name:AdapterSurfaceView Id:60009283059716 water mark count is zero
09-28 17:52:47.147   818  1137 E C01406/skia: SurfaceNodeDrawable DrawCommSurfaceWatermark Name:com.a2hlab.bridge.zigzag/com.unity3d.player.UnityPlayerActivity Id:60009283059713 water mark count is zero
09-28 17:52:47.147   818  1137 E C01406/skia: SurfaceNodeDrawable DrawCommSurfaceWatermark Name:WindowScene_zigzag37 Id:8933531976573 water mark count is zero
09-28 17:52:47.148   818  1137 E C01406/skia: SurfaceNodeDrawable DrawCommSurfaceWatermark Name:SCBGestureNavBar13 Id:8933531975827 water mark count is zero
09-28 17:52:47.148   818  1137 E C01406/skia: SurfaceNodeDrawable DrawCommSurfaceWatermark Name:SCBStatusBar15 Id:8933531975907 water mark count is zero
09-28 17:52:47.150   818  1137 E C02515/DISP: [0;32;31m[GetMetadata:109] <private> is not supported[m
09-28 17:52:47.150   818  1137 E C02515/DISP: [0;32;31m[SetMetadata:102] <private> is not supported[m
09-28 17:52:47.150   818  1137 E C02515/METADATA_SRV: [0;32;31m[SetMetadata:136]  fail[m
09-28 17:52:47.150   818  1137 E C01401/Bufferqueue: <surface_buffer_impl.cpp:714-SetMetadata>: SetMetadata Failed with -5
09-28 17:52:47.150   818  1137 E C01406/skia: RSUniRenderComposerAdapter::SetBufferColorSpace set color space fail
09-28 17:52:47.150  1048  1170 I C02d13/HDC_LOG: [daemon.cpp:1142] FetchCommand channelId:754152501 command:1001
09-28 17:52:47.151  1048  1170 I C02d13/HDC_LOG: [session.cpp:1652] New HTaskInfo cid:754152501 sid:213******641(L:10) command:1001
09-28 17:52:47.151  1048  1170 I C02d13/HDC_LOG: [session.cpp:891] AdminTask add task type:0 cid:754152501 sid:213******641(L:10) mapsize:2
09-28 17:52:47.151  1048  1170 I C02d13/HDC_LOG: [task.cpp:34] HdcTaskBase type:0 cid:754152501 sid:213******641(L:10)
09-28 17:52:47.151  1048  1170 I C02d13/HDC_LOG: [daemon_unity.cpp:414] Unity CommandDispatch command:1001 cid:754152501 sid:213******641(L:10)
09-28 17:52:47.151  1048  1170 W C02d13/HDC_LOG: [async_cmd.cpp:114] GetDevItem false key:persist.hdc.root
09-28 17:52:47.151  1048 14675 I C02d13/HDC_LOG: [async_cmd.cpp:225] Popen pipe fds[pipeRead]:36 fds[pipeWrite]:37, mode 0
09-28 17:52:47.155  1048  1170 I C02d13/HDC_LOG: [async_cmd.cpp:291] ExecuteCommand cmd:param get const.product.os.dist.apiname fd:36 pid:14676
09-28 17:52:47.156  1048  1170 I C02d13/HDC_LOG: [daemon_unity.cpp:486] Unity CommandDispatch command:1001 finish cid:754152501 sid:213******641(L:10)
09-28 17:52:47.156 14676 14676 W C02d13/HDC_LOG: [async_cmd.cpp:140] SetSelinuxLabel con:u:r:su:s0 isRoot:0
09-28 17:52:47.157 13972 14187 I C00f00/OH_DER_VSync: onOhVsync ENTRY ts=<private> data=<private>
09-28 17:52:47.157 13972 14185 I C00f00/OH_DER_VSync: scheduleVsync ENTRY receiverPtr=0x<private>
09-28 17:52:47.157 13972 14185 I C00f00/OH_DER_VSync: scheduleVsync calling RequestFrame ohVsync=<private>
09-28 17:52:47.157 13972 14185 I C00f00/OH_DER_VSync: scheduleVsync RequestFrame rc=<private>
09-28 17:52:47.159   818  1132 E C02515/DISP: [0;32;31m[SetMetadata:102] <private> is not supported[m
09-28 17:52:47.159   818  1132 E C02515/METADATA_SRV: [0;32;31m[SetMetadata:136]  fail[m
09-28 17:52:47.159   818  1132 E C01401/Bufferqueue: <surface_buffer_impl.cpp:714-SetMetadata>: SetMetadata Failed with -5
09-28 17:52:47.160   793  4141 E C02515/DISP: [0;32;31m[SetLayerMaskInfo@display_composer_vdi_impl.cpp:404] <private> is not supported[m
09-28 17:52:47.160   818  1228 E C02515/DISP: [0;32;31m[SetMetadata:102] <private> is not supported[m
09-28 17:52:47.160   818  1228 E C02515/METADATA_SRV: [0;32;31m[SetMetadata:136]  fail[m
09-28 17:52:47.160   818  1228 E C01401/Bufferqueue: <surface_buffer_impl.cpp:714-SetMetadata>: SetMetadata Failed with -5
09-28 17:52:47.161   793  4141 E C02515/DISP: [0;32;31m[SetDisplayClientDamage@display_composer_vdi_impl.cpp:179] <private> is not supported[m
09-28 17:52:47.174 13972 14187 I C00f00/OH_DER_VSync: onOhVsync ENTRY ts=<private> data=<private>
09-28 17:52:47.174   818   818 E C02515/DISP: [0;32;31m[GetMetadata:109] <private> is not supported[m
09-28 17:52:47.174 13972 14185 I C00f00/OH_DER_VSync: scheduleVsync ENTRY receiverPtr=0x<private>
09-28 17:52:47.174 13972 14185 I C00f00/OH_DER_VSync: scheduleVsync calling RequestFrame ohVsync=<private>
09-28 17:52:47.174 13972 14185 I C00f00/OH_DER_VSync: scheduleVsync RequestFrame rc=<private>
09-28 17:52:47.174   818   818 E C02515/DISP: [0;32;31m[GetMetadata:109] <private> is not supported[m
09-28 17:52:47.174   818   818 E C02515/DISP: [0;32;31m[GetMetadata:109] <private> is not supported[m
09-28 17:52:47.175   818   818 E C01406/skia: RSBaseRenderUtil::DealWithSurfaceRotationAndGravity, GetSurfaceBufferOpaque:0
09-28 17:52:47.175   818   818 E C02515/DISP: [0;32;31m[GetMetadata:109] <private> is not supported[m
09-28 17:52:47.175   818   818 E C01406/skia: RSBaseRenderUtil::DealWithSurfaceRotationAndGravity, GetSurfaceBufferOpaque:0
09-28 17:52:47.175   818   818 E C02515/DISP: [0;32;31m[GetMetadata:109] <private> is not supported[m
09-28 17:52:47.176   787  1039 E C02943/ThermalHdi: create output dir failed
09-28 17:52:47.176   787  1039 E C02943/ThermalHdi: open uncompressfile failed
09-28 17:52:47.177   818  1137 E C02515/DISP: [0;32;31m[SetMetadata:102] <private> is not supported[m
09-28 17:52:47.177   818  1137 E C02515/METADATA_SRV: [0;32;31m[SetMetadata:136]  fail[m
09-28 17:52:47.177   818  1137 E C01401/Bufferqueue: <surface_buffer_impl.cpp:714-SetMetadata>: SetMetadata Failed with -5
09-28 17:52:47.178   818  1137 E C01406/skia: SurfaceNodeDrawable DrawCommSurfaceWatermark Name:BackgroundBlurView2 Id:8933531975688 water mark count is zero
09-28 17:52:47.178   818  1137 E C01406/skia: RSBaseRenderUtil::DealWithSurfaceRotationAndGravity, GetSurfaceBufferOpaque:0
09-28 17:52:47.179   818  1137 I C01406/WRAP: AHardwareBuffer_createFromHandle index = <private> handle = <private>, ahb = <private>
09-28 17:52:47.179   818  1137 E C01406/skia: SurfaceNodeDrawable DrawCommSurfaceWatermark Name:AdapterActivityContent Id:60009283059715 water mark count is zero
09-28 17:52:47.179   818  1137 E C01406/skia: RSBaseRenderUtil::DealWithSurfaceRotationAndGravity, GetSurfaceBufferOpaque:0
09-28 17:52:47.180   818  1137 I C01406/WRAP: AHardwareBuffer_createFromHandle index = <private> handle = <private>, ahb = <private>
09-28 17:52:47.180   818  1137 E C01406/skia: SurfaceNodeDrawable DrawCommSurfaceWatermark Name:AdapterSurfaceView Id:60009283059716 water mark count is zero
09-28 17:52:47.180   818  1137 E C01406/skia: SurfaceNodeDrawable DrawCommSurfaceWatermark Name:com.a2hlab.bridge.zigzag/com.unity3d.player.UnityPlayerActivity Id:60009283059713 water mark count is zero
09-28 17:52:47.180   818  1137 E C01406/skia: SurfaceNodeDrawable DrawCommSurfaceWatermark Name:WindowScene_zigzag37 Id:8933531976573 water mark count is zero
09-28 17:52:47.181   818  1137 E C01406/skia: SurfaceNodeDrawable DrawCommSurfaceWatermark Name:SCBGestureNavBar13 Id:8933531975827 water mark count is zero
09-28 17:52:47.181   818  1137 E C01406/skia: SurfaceNodeDrawable DrawCommSurfaceWatermark Name:SCBStatusBar15 Id:8933531975907 water mark count is zero
09-28 17:52:47.184   818  1137 E C02515/DISP: [0;32;31m[GetMetadata:109] <private> is not supported[m
09-28 17:52:47.184   818  1137 E C02515/DISP: [0;32;31m[SetMetadata:102] <private> is not supported[m
09-28 17:52:47.184   818  1137 E C02515/METADATA_SRV: [0;32;31m[SetMetadata:136]  fail[m
09-28 17:52:47.184   818  1137 E C01401/Bufferqueue: <surface_buffer_impl.cpp:714-SetMetadata>: SetMetadata Failed with -5
09-28 17:52:47.184   818  1137 E C01406/skia: RSUniRenderComposerAdapter::SetBufferColorSpace set color space fail
09-28 17:52:47.190  1048 14677 I C02d13/HDC_LOG: [async_cmd.cpp:88] FinishShellProc finish pipeRead fd:36 pid:14676 count:1
09-28 17:52:47.190  1048 14677 I C02d13/HDC_LOG: [task.cpp:55] HdcTaskBase::TaskFinish notify begin type:0 cid:754152501 sid:213******641(L:10)
09-28 17:52:47.190 13972 14187 I C00f00/OH_DER_VSync: onOhVsync ENTRY ts=<private> data=<private>
09-28 17:52:47.191 13972 14185 I C00f00/OH_DER_VSync: scheduleVsync ENTRY receiverPtr=0x<private>
09-28 17:52:47.191 13972 14185 I C00f00/OH_DER_VSync: scheduleVsync calling RequestFrame ohVsync=<private>
09-28 17:52:47.191 13972 14185 I C00f00/OH_DER_VSync: scheduleVsync RequestFrame rc=<private>
09-28 17:52:47.191  1048 14677 I C02d13/HDC_LOG: [task.cpp:58] HdcTaskBase::TaskFinish notify end type:0 cid:754152501 sid:213******641(L:10)
09-28 17:52:47.193   818  1132 E C02515/DISP: [0;32;31m[SetMetadata:102] <private> is not supported[m
09-28 17:52:47.193   818  1132 E C02515/METADATA_SRV: [0;32;31m[SetMetadata:136]  fail[m
09-28 17:52:47.193   818  1132 E C01401/Bufferqueue: <surface_buffer_impl.cpp:714-SetMetadata>: SetMetadata Failed with -5
09-28 17:52:47.194   793  4141 E C02515/DISP: [0;32;31m[SetLayerMaskInfo@display_composer_vdi_impl.cpp:404] <private> is not supported[m
09-28 17:52:47.194   818  1228 E C02515/DISP: [0;32;31m[SetMetadata:102] <private> is not supported[m
09-28 17:52:47.194   818  1228 E C02515/METADATA_SRV: [0;32;31m[SetMetadata:136]  fail[m
09-28 17:52:47.194   818  1228 E C01401/Bufferqueue: <surface_buffer_impl.cpp:714-SetMetadata>: SetMetadata Failed with -5
09-28 17:52:47.194  1048  1170 I C02d13/HDC_LOG: [daemon.cpp:1142] FetchCommand channelId:754152501 command:2
09-28 17:52:47.194  1048  1170 W C02d13/HDC_LOG: [session.cpp:160] BeginRemoveTask taskType:0 channelId:754152501
09-28 17:52:47.194  1048  1170 W C02d13/HDC_LOG: [session.cpp:190] ClearOwnTasks OP_CLEAR finish, sessionId:213******641(L:10) channelIDInput:754152501
09-28 17:52:47.194  1048  1170 W C02d13/HDC_LOG: [session.cpp:115] taskClassDeleteRetry start clear task, taskType:0 cid:754152501 sid:213******641(L:10)
09-28 17:52:47.194  1048  1170 I C02d13/HDC_LOG: [async_cmd.cpp:69] DoRelease rc:-3 pid:14676
09-28 17:52:47.195  1048  1170 I C02d13/HDC_LOG: [session.cpp:126] TaskDelay task remove retry count 0/30, taskType:0 channelId:754152501, sessionId:213******641(L:10)
09-28 17:52:47.195  1048  1170 I C02d13/HDC_LOG: [daemon_unity.cpp:31] ~HdcDaemonUnity cid:754152501 sid:213******641(L:10)
09-28 17:52:47.195  1048  1170 I C02d13/HDC_LOG: [task.cpp:40] ~HdcTaskBase type:0 cid:754152501 sid:213******641(L:10)
09-28 17:52:47.195  1048  1170 W C02d13/HDC_LOG: [session.cpp:134] TaskDelay task remove finish, channelId:754152501
09-28 17:52:47.195  1048  1170 I C02d13/HDC_LOG: [base.cpp:969] before uv handle close, the uv handle type is 13
09-28 17:52:47.196   793  4141 E C02515/DISP: [0;32;31m[SetDisplayClientDamage@display_composer_vdi_impl.cpp:179] <private> is not supported[m
09-28 17:52:47.199  1048  1170 I C02d13/HDC_LOG: [daemon.cpp:1142] FetchCommand channelId:754152501 command:2
09-28 17:52:47.207   818   818 E C02515/DISP: [0;32;31m[GetMetadata:109] <private> is not supported[m
09-28 17:52:47.207   818   818 E C02515/DISP: [0;32;31m[GetMetadata:109] <private> is not supported[m
09-28 17:52:47.207   818   818 E C02515/DISP: [0;32;31m[GetMetadata:109] <private> is not supported[m
09-28 17:52:47.208   818   818 E C01406/skia: RSBaseRenderUtil::DealWithSurfaceRotationAndGravity, GetSurfaceBufferOpaque:0
09-28 17:52:47.208   818   818 E C02515/DISP: [0;32;31m[GetMetadata:109] <private> is not supported[m
09-28 17:52:47.208   818   818 E C01406/skia: RSBaseRenderUtil::DealWithSurfaceRotationAndGravity, GetSurfaceBufferOpaque:0
09-28 17:52:47.208   818   818 E C02515/DISP: [0;32;31m[GetMetadata:109] <private> is not supported[m
09-28 17:52:47.209 13972 14187 I C00f00/OH_DER_VSync: onOhVsync ENTRY ts=<private> data=<private>
09-28 17:52:47.209 13972 14185 I C00f00/OH_DER_VSync: scheduleVsync ENTRY receiverPtr=0x<private>
09-28 17:52:47.209 13972 14185 I C00f00/OH_DER_VSync: scheduleVsync calling RequestFrame ohVsync=<private>
09-28 17:52:47.209   818  1137 E C02515/DISP: [0;32;31m[SetMetadata:102] <private> is not supported[m
09-28 17:52:47.209   818  1137 E C02515/METADATA_SRV: [0;32;31m[SetMetadata:136]  fail[m
09-28 17:52:47.209   818  1137 E C01401/Bufferqueue: <surface_buffer_impl.cpp:714-SetMetadata>: SetMetadata Failed with -5
09-28 17:52:47.209 13972 14185 I C00f00/OH_DER_VSync: scheduleVsync RequestFrame rc=<private>
09-28 17:52:47.209   818  1137 E C01406/skia: SurfaceNodeDrawable DrawCommSurfaceWatermark Name:BackgroundBlurView2 Id:8933531975688 water mark count is zero
09-28 17:52:47.209   818  1137 E C01406/skia: RSBaseRenderUtil::DealWithSurfaceRotationAndGravity, GetSurfaceBufferOpaque:0
09-28 17:52:47.210   818  1137 I C01406/WRAP: AHardwareBuffer_createFromHandle index = <private> handle = <private>, ahb = <private>
09-28 17:52:47.210   818  1137 E C01406/skia: SurfaceNodeDrawable DrawCommSurfaceWatermark Name:AdapterActivityContent Id:60009283059715 water mark count is zero
09-28 17:52:47.210   818  1137 E C01406/skia: RSBaseRenderUtil::DealWithSurfaceRotationAndGravity, GetSurfaceBufferOpaque:0
09-28 17:52:47.210   818  1137 I C01406/WRAP: AHardwareBuffer_createFromHandle index = <private> handle = <private>, ahb = <private>
09-28 17:52:47.210   818  1137 E C01406/skia: SurfaceNodeDrawable DrawCommSurfaceWatermark Name:AdapterSurfaceView Id:60009283059716 water mark count is zero
09-28 17:52:47.210   818  1137 E C01406/skia: SurfaceNodeDrawable DrawCommSurfaceWatermark Name:com.a2hlab.bridge.zigzag/com.unity3d.player.UnityPlayerActivity Id:60009283059713 water mark count is zero
09-28 17:52:47.210   818  1137 E C01406/skia: SurfaceNodeDrawable DrawCommSurfaceWatermark Name:WindowScene_zigzag37 Id:8933531976573 water mark count is zero
09-28 17:52:47.211   818  1137 E C01406/skia: SurfaceNodeDrawable DrawCommSurfaceWatermark Name:SCBGestureNavBar13 Id:8933531975827 water mark count is zero
09-28 17:52:47.211   818  1137 E C01406/skia: SurfaceNodeDrawable DrawCommSurfaceWatermark Name:SCBStatusBar15 Id:8933531975907 water mark count is zero
09-28 17:52:47.213   818  1137 E C02515/DISP: [0;32;31m[GetMetadata:109] <private> is not supported[m
09-28 17:52:47.214   818  1137 E C02515/DISP: [0;32;31m[SetMetadata:102] <private> is not supported[m
09-28 17:52:47.214   818  1137 E C02515/METADATA_SRV: [0;32;31m[SetMetadata:136]  fail[m
09-28 17:52:47.214   818  1137 E C01401/Bufferqueue: <surface_buffer_impl.cpp:714-SetMetadata>: SetMetadata Failed with -5
09-28 17:52:47.214   818  1137 E C01406/skia: RSUniRenderComposerAdapter::SetBufferColorSpace set color space fail
09-28 17:52:47.224 13972 14187 I C00f00/OH_DER_VSync: onOhVsync ENTRY ts=<private> data=<private>
09-28 17:52:47.224 13972 14185 I C00f00/OH_DER_VSync: scheduleVsync ENTRY receiverPtr=0x<private>
09-28 17:52:47.224 13972 14185 I C00f00/OH_DER_VSync: scheduleVsync calling RequestFrame ohVsync=<private>
09-28 17:52:47.224 13972 14185 I C00f00/OH_DER_VSync: scheduleVsync RequestFrame rc=<private>
09-28 17:52:47.226   818  1132 E C02515/DISP: [0;32;31m[SetMetadata:102] <private> is not supported[m
09-28 17:52:47.226   818  1132 E C02515/METADATA_SRV: [0;32;31m[SetMetadata:136]  fail[m
09-28 17:52:47.226   818  1132 E C01401/Bufferqueue: <surface_buffer_impl.cpp:714-SetMetadata>: SetMetadata Failed with -5
09-28 17:52:47.226   793  4141 E C02515/DISP: [0;32;31m[SetLayerMaskInfo@display_composer_vdi_impl.cpp:404] <private> is not supported[m
09-28 17:52:47.226   818  1228 E C02515/DISP: [0;32;31m[SetMetadata:102] <private> is not supported[m
09-28 17:52:47.226   818  1228 E C02515/METADATA_SRV: [0;32;31m[SetMetadata:136]  fail[m
09-28 17:52:47.226   818  1228 E C01401/Bufferqueue: <surface_buffer_impl.cpp:714-SetMetadata>: SetMetadata Failed with -5
09-28 17:52:47.227   793  4141 E C02515/DISP: [0;32;31m[SetDisplayClientDamage@display_composer_vdi_impl.cpp:179] <private> is not supported[m
09-28 17:52:47.240 13972 14187 I C00f00/OH_DER_VSync: onOhVsync ENTRY ts=<private> data=<private>
09-28 17:52:47.240   818   818 E C02515/DISP: [0;32;31m[GetMetadata:109] <private> is not supported[m
09-28 17:52:47.241   818   818 E C02515/DISP: [0;32;31m[GetMetadata:109] <private> is not supported[m
09-28 17:52:47.241 13972 14185 I C00f00/OH_DER_VSync: scheduleVsync ENTRY receiverPtr=0x<private>
09-28 17:52:47.241 13972 14185 I C00f00/OH_DER_VSync: scheduleVsync calling RequestFrame ohVsync=<private>
09-28 17:52:47.241   818   818 E C02515/DISP: [0;32;31m[GetMetadata:109] <private> is not supported[m
09-28 17:52:47.241 13972 14185 I C00f00/OH_DER_VSync: scheduleVsync RequestFrame rc=<private>
09-28 17:52:47.241   818   818 E C01406/skia: RSBaseRenderUtil::DealWithSurfaceRotationAndGravity, GetSurfaceBufferOpaque:0
09-28 17:52:47.241   818   818 E C02515/DISP: [0;32;31m[GetMetadata:109] <private> is not supported[m
09-28 17:52:47.241   818   818 E C01406/skia: RSBaseRenderUtil::DealWithSurfaceRotationAndGravity, GetSurfaceBufferOpaque:0
09-28 17:52:47.241   818   818 E C02515/DISP: [0;32;31m[GetMetadata:109] <private> is not supported[m
09-28 17:52:47.242   818  1137 E C02515/DISP: [0;32;31m[SetMetadata:102] <private> is not supported[m
09-28 17:52:47.242   818  1137 E C02515/METADATA_SRV: [0;32;31m[SetMetadata:136]  fail[m
09-28 17:52:47.242   818  1137 E C01401/Bufferqueue: <surface_buffer_impl.cpp:714-SetMetadata>: SetMetadata Failed with -5
09-28 17:52:47.243   818  1137 E C01406/skia: SurfaceNodeDrawable DrawCommSurfaceWatermark Name:BackgroundBlurView2 Id:8933531975688 water mark count is zero
09-28 17:52:47.243   818  1137 E C01406/skia: RSBaseRenderUtil::DealWithSurfaceRotationAndGravity, GetSurfaceBufferOpaque:0
09-28 17:52:47.243   818  1137 I C01406/WRAP: AHardwareBuffer_createFromHandle index = <private> handle = <private>, ahb = <private>
09-28 17:52:47.243   818  1137 E C01406/skia: SurfaceNodeDrawable DrawCommSurfaceWatermark Name:AdapterActivityContent Id:60009283059715 water mark count is zero
09-28 17:52:47.243   818  1137 E C01406/skia: RSBaseRenderUtil::DealWithSurfaceRotationAndGravity, GetSurfaceBufferOpaque:0
09-28 17:52:47.243   818  1137 I C01406/WRAP: AHardwareBuffer_createFromHandle index = <private> handle = <private>, ahb = <private>
09-28 17:52:47.244   818  1137 E C01406/skia: SurfaceNodeDrawable DrawCommSurfaceWatermark Name:AdapterSurfaceView Id:60009283059716 water mark count is zero
09-28 17:52:47.244   818  1137 E C01406/skia: SurfaceNodeDrawable DrawCommSurfaceWatermark Name:com.a2hlab.bridge.zigzag/com.unity3d.player.UnityPlayerActivity Id:60009283059713 water mark count is zero
09-28 17:52:47.244   818  1137 E C01406/skia: SurfaceNodeDrawable DrawCommSurfaceWatermark Name:WindowScene_zigzag37 Id:8933531976573 water mark count is zero
09-28 17:52:47.245   818  1137 E C01406/skia: SurfaceNodeDrawable DrawCommSurfaceWatermark Name:SCBGestureNavBar13 Id:8933531975827 water mark count is zero
09-28 17:52:47.245   818  1137 E C01406/skia: SurfaceNodeDrawable DrawCommSurfaceWatermark Name:SCBStatusBar15 Id:8933531975907 water mark count is zero
09-28 17:52:47.247   818  1137 E C02515/DISP: [0;32;31m[GetMetadata:109] <private> is not supported[m
09-28 17:52:47.247   818  1137 E C02515/DISP: [0;32;31m[SetMetadata:102] <private> is not supported[m
09-28 17:52:47.247   818  1137 E C02515/METADATA_SRV: [0;32;31m[SetMetadata:136]  fail[m
09-28 17:52:47.247   818  1137 E C01401/Bufferqueue: <surface_buffer_impl.cpp:714-SetMetadata>: SetMetadata Failed with -5
09-28 17:52:47.247   818  1137 E C01406/skia: RSUniRenderComposerAdapter::SetBufferColorSpace set color space fail
09-28 17:52:47.257 13972 14187 I C00f00/OH_DER_VSync: onOhVsync ENTRY ts=<private> data=<private>
09-28 17:52:47.257 13972 14185 I C00f00/OH_DER_VSync: scheduleVsync ENTRY receiverPtr=0x<private>
09-28 17:52:47.257 13972 14185 I C00f00/OH_DER_VSync: scheduleVsync calling RequestFrame ohVsync=<private>
09-28 17:52:47.257 13972 14185 I C00f00/OH_DER_VSync: scheduleVsync RequestFrame rc=<private>
09-28 17:52:47.259   818  1132 E C02515/DISP: [0;32;31m[SetMetadata:102] <private> is not supported[m
09-28 17:52:47.259   818  1132 E C02515/METADATA_SRV: [0;32;31m[SetMetadata:136]  fail[m
09-28 17:52:47.259   818  1132 E C01401/Bufferqueue: <surface_buffer_impl.cpp:714-SetMetadata>: SetMetadata Failed with -5
09-28 17:52:47.260   793  4141 E C02515/DISP: [0;32;31m[SetLayerMaskInfo@display_composer_vdi_impl.cpp:404] <private> is not supported[m
09-28 17:52:47.260   818  1228 E C02515/DISP: [0;32;31m[SetMetadata:102] <private> is not supported[m
09-28 17:52:47.260   818  1228 E C02515/METADATA_SRV: [0;32;31m[SetMetadata:136]  fail[m
09-28 17:52:47.261   818  1228 E C01401/Bufferqueue: <surface_buffer_impl.cpp:714-SetMetadata>: SetMetadata Failed with -5
09-28 17:52:47.261   793  4141 E C02515/DISP: [0;32;31m[SetDisplayClientDamage@display_composer_vdi_impl.cpp:179] <private> is not supported[m
09-28 17:52:47.274   818   818 E C02515/DISP: [0;32;31m[GetMetadata:109] <private> is not supported[m
09-28 17:52:47.274   818   818 E C02515/DISP: [0;32;31m[GetMetadata:109] <private> is not supported[m
09-28 17:52:47.274   818   818 E C02515/DISP: [0;32;31m[GetMetadata:109] <private> is not supported[m
09-28 17:52:47.274   818   818 E C01406/skia: RSBaseRenderUtil::DealWithSurfaceRotationAndGravity, GetSurfaceBufferOpaque:0
09-28 17:52:47.274   818   818 E C02515/DISP: [0;32;31m[GetMetadata:109] <private> is not supported[m
09-28 17:52:47.275   818   818 E C01406/skia: RSBaseRenderUtil::DealWithSurfaceRotationAndGravity, GetSurfaceBufferOpaque:0
09-28 17:52:47.275   818   818 E C02515/DISP: [0;32;31m[GetMetadata:109] <private> is not supported[m
09-28 17:52:47.275 13972 14187 I C00f00/OH_DER_VSync: onOhVsync ENTRY ts=<private> data=<private>
09-28 17:52:47.275 13972 14185 I C00f00/OH_DER_VSync: scheduleVsync ENTRY receiverPtr=0x<private>
09-28 17:52:47.275 13972 14185 I C00f00/OH_DER_VSync: scheduleVsync calling RequestFrame ohVsync=<private>
09-28 17:52:47.276   818  1137 E C02515/DISP: [0;32;31m[SetMetadata:102] <private> is not supported[m
09-28 17:52:47.276   818  1137 E C02515/METADATA_SRV: [0;32;31m[SetMetadata:136]  fail[m
09-28 17:52:47.276   818  1137 E C01401/Bufferqueue: <surface_buffer_impl.cpp:714-SetMetadata>: SetMetadata Failed with -5
09-28 17:52:47.276 13972 14185 I C00f00/OH_DER_VSync: scheduleVsync RequestFrame rc=<private>
09-28 17:52:47.276   818  1137 E C01406/skia: SurfaceNodeDrawable DrawCommSurfaceWatermark Name:BackgroundBlurView2 Id:8933531975688 water mark count is zero
09-28 17:52:47.276   818  1137 E C01406/skia: RSBaseRenderUtil::DealWithSurfaceRotationAndGravity, GetSurfaceBufferOpaque:0
09-28 17:52:47.276   818  1137 I C01406/WRAP: AHardwareBuffer_createFromHandle index = <private> handle = <private>, ahb = <private>
09-28 17:52:47.276   818  1137 E C01406/skia: SurfaceNodeDrawable DrawCommSurfaceWatermark Name:AdapterActivityContent Id:60009283059715 water mark count is zero
09-28 17:52:47.276   818  1137 E C01406/skia: RSBaseRenderUtil::DealWithSurfaceRotationAndGravity, GetSurfaceBufferOpaque:0
09-28 17:52:47.277   818  1137 I C01406/WRAP: AHardwareBuffer_createFromHandle index = <private> handle = <private>, ahb = <private>
09-28 17:52:47.277   818  1137 E C01406/skia: SurfaceNodeDrawable DrawCommSurfaceWatermark Name:AdapterSurfaceView Id:60009283059716 water mark count is zero
09-28 17:52:47.277   818  1137 E C01406/skia: SurfaceNodeDrawable DrawCommSurfaceWatermark Name:com.a2hlab.bridge.zigzag/com.unity3d.player.UnityPlayerActivity Id:60009283059713 water mark count is zero
09-28 17:52:47.277   818  1137 E C01406/skia: SurfaceNodeDrawable DrawCommSurfaceWatermark Name:WindowScene_zigzag37 Id:8933531976573 water mark count is zero
09-28 17:52:47.277   818  1137 E C01406/skia: SurfaceNodeDrawable DrawCommSurfaceWatermark Name:SCBGestureNavBar13 Id:8933531975827 water mark count is zero
09-28 17:52:47.277   818  1137 E C01406/skia: SurfaceNodeDrawable DrawCommSurfaceWatermark Name:SCBStatusBar15 Id:8933531975907 water mark count is zero
09-28 17:52:47.279   818  1137 E C02515/DISP: [0;32;31m[GetMetadata:109] <private> is not supported[m
09-28 17:52:47.279   818  1137 E C02515/DISP: [0;32;31m[SetMetadata:102] <private> is not supported[m
09-28 17:52:47.279   818  1137 E C02515/METADATA_SRV: [0;32;31m[SetMetadata:136]  fail[m
09-28 17:52:47.279   818  1137 E C01401/Bufferqueue: <surface_buffer_impl.cpp:714-SetMetadata>: SetMetadata Failed with -5
09-28 17:52:47.279   818  1137 E C01406/skia: RSUniRenderComposerAdapter::SetBufferColorSpace set color space fail
09-28 17:52:47.290 13972 14187 I C00f00/OH_DER_VSync: onOhVsync ENTRY ts=<private> data=<private>
09-28 17:52:47.291 13972 14185 I C00f00/OH_DER_VSync: scheduleVsync ENTRY receiverPtr=0x<private>
09-28 17:52:47.291 13972 14185 I C00f00/OH_DER_VSync: scheduleVsync calling RequestFrame ohVsync=<private>
09-28 17:52:47.291  1048  1170 I C02d13/HDC_LOG: [daemon.cpp:1142] FetchCommand channelId:1036419369 command:1001
09-28 17:52:47.291  1048  1170 I C02d13/HDC_LOG: [session.cpp:1652] New HTaskInfo cid:1036419369 sid:213******641(L:10) command:1001
09-28 17:52:47.291  1048  1170 I C02d13/HDC_LOG: [session.cpp:891] AdminTask add task type:0 cid:1036419369 sid:213******641(L:10) mapsize:2
09-28 17:52:47.291  1048  1170 I C02d13/HDC_LOG: [task.cpp:34] HdcTaskBase type:0 cid:1036419369 sid:213******641(L:10)
09-28 17:52:47.291 13972 14185 I C00f00/OH_DER_VSync: scheduleVsync RequestFrame rc=<private>
09-28 17:52:47.291  1048  1170 I C02d13/HDC_LOG: [daemon_unity.cpp:414] Unity CommandDispatch command:1001 cid:1036419369 sid:213******641(L:10)
09-28 17:52:47.291  1048  1170 W C02d13/HDC_LOG: [async_cmd.cpp:114] GetDevItem false key:persist.hdc.root
09-28 17:52:47.291  1048 14678 I C02d13/HDC_LOG: [async_cmd.cpp:225] Popen pipe fds[pipeRead]:36 fds[pipeWrite]:37, mode 0
09-28 17:52:47.292   818  1132 E C02515/DISP: [0;32;31m[SetMetadata:102] <private> is not supported[m
09-28 17:52:47.292   818  1132 E C02515/METADATA_SRV: [0;32;31m[SetMetadata:136]  fail[m
09-28 17:52:47.292   818  1132 E C01401/Bufferqueue: <surface_buffer_impl.cpp:714-SetMetadata>: SetMetadata Failed with -5
09-28 17:52:47.293   793  4141 E C02515/DISP: [0;32;31m[SetLayerMaskInfo@display_composer_vdi_impl.cpp:404] <private> is not supported[m
09-28 17:52:47.294   818  1228 E C02515/DISP: [0;32;31m[SetMetadata:102] <private> is not supported[m
09-28 17:52:47.294   818  1228 E C02515/METADATA_SRV: [0;32;31m[SetMetadata:136]  fail[m
09-28 17:52:47.294   818  1228 E C01401/Bufferqueue: <surface_buffer_impl.cpp:714-SetMetadata>: SetMetadata Failed with -5
09-28 17:52:47.294   793  4141 E C02515/DISP: [0;32;31m[SetDisplayClientDamage@display_composer_vdi_impl.cpp:179] <private> is not supported[m
09-28 17:52:47.295  1048  1170 I C02d13/HDC_LOG: [async_cmd.cpp:291] ExecuteCommand cmd:param get const.product.os.dist.apiname fd:36 pid:14679
09-28 17:52:47.295 14679 14679 W C02d13/HDC_LOG: [async_cmd.cpp:140] SetSelinuxLabel con:u:r:su:s0 isRoot:0
09-28 17:52:47.296  1048  1170 I C02d13/HDC_LOG: [daemon_unity.cpp:486] Unity CommandDispatch command:1001 finish cid:1036419369 sid:213******641(L:10)
09-28 17:52:47.307 13972 14187 I C00f00/OH_DER_VSync: onOhVsync ENTRY ts=<private> data=<private>
09-28 17:52:47.307 13972 14185 I C00f00/OH_DER_VSync: scheduleVsync ENTRY receiverPtr=0x<private>
09-28 17:52:47.307   818   818 E C02515/DISP: [0;32;31m[GetMetadata:109] <private> is not supported[m
09-28 17:52:47.307 13972 14185 I C00f00/OH_DER_VSync: scheduleVsync calling RequestFrame ohVsync=<private>
09-28 17:52:47.307   818   818 E C02515/DISP: [0;32;31m[GetMetadata:109] <private> is not supported[m
09-28 17:52:47.307 13972 14185 I C00f00/OH_DER_VSync: scheduleVsync RequestFrame rc=<private>
09-28 17:52:47.308   818   818 E C02515/DISP: [0;32;31m[GetMetadata:109] <private> is not supported[m
09-28 17:52:47.309   818   818 E C01406/skia: RSBaseRenderUtil::DealWithSurfaceRotationAndGravity, GetSurfaceBufferOpaque:0
09-28 17:52:47.309   818   818 E C02515/DISP: [0;32;31m[GetMetadata:109] <private> is not supported[m
09-28 17:52:47.309   818   818 E C01406/skia: RSBaseRenderUtil::DealWithSurfaceRotationAndGravity, GetSurfaceBufferOpaque:0
09-28 17:52:47.309   818   818 E C02515/DISP: [0;32;31m[GetMetadata:109] <private> is not supported[m
09-28 17:52:47.311   818  1137 E C02515/DISP: [0;32;31m[SetMetadata:102] <private> is not supported[m
09-28 17:52:47.311   818  1137 E C02515/METADATA_SRV: [0;32;31m[SetMetadata:136]  fail[m
09-28 17:52:47.311   818  1137 E C01401/Bufferqueue: <surface_buffer_impl.cpp:714-SetMetadata>: SetMetadata Failed with -5
09-28 17:52:47.311   818  1137 E C01406/skia: SurfaceNodeDrawable DrawCommSurfaceWatermark Name:BackgroundBlurView2 Id:8933531975688 water mark count is zero
09-28 17:52:47.311   818  1137 E C01406/skia: RSBaseRenderUtil::DealWithSurfaceRotationAndGravity, GetSurfaceBufferOpaque:0
09-28 17:52:47.312   818  1137 I C01406/WRAP: AHardwareBuffer_createFromHandle index = <private> handle = <private>, ahb = <private>
09-28 17:52:47.312   818  1137 E C01406/skia: SurfaceNodeDrawable DrawCommSurfaceWatermark Name:AdapterActivityContent Id:60009283059715 water mark count is zero
09-28 17:52:47.312   818  1137 E C01406/skia: RSBaseRenderUtil::DealWithSurfaceRotationAndGravity, GetSurfaceBufferOpaque:0
09-28 17:52:47.312   818  1137 I C01406/WRAP: AHardwareBuffer_createFromHandle index = <private> handle = <private>, ahb = <private>
09-28 17:52:47.312   818  1137 E C01406/skia: SurfaceNodeDrawable DrawCommSurfaceWatermark Name:AdapterSurfaceView Id:60009283059716 water mark count is zero
09-28 17:52:47.312   818  1137 E C01406/skia: SurfaceNodeDrawable DrawCommSurfaceWatermark Name:com.a2hlab.bridge.zigzag/com.unity3d.player.UnityPlayerActivity Id:60009283059713 water mark count is zero
09-28 17:52:47.312   818  1137 E C01406/skia: SurfaceNodeDrawable DrawCommSurfaceWatermark Name:WindowScene_zigzag37 Id:8933531976573 water mark count is zero
09-28 17:52:47.313   818  1137 E C01406/skia: SurfaceNodeDrawable DrawCommSurfaceWatermark Name:SCBGestureNavBar13 Id:8933531975827 water mark count is zero
09-28 17:52:47.313   818  1137 E C01406/skia: SurfaceNodeDrawable DrawCommSurfaceWatermark Name:SCBStatusBar15 Id:8933531975907 water mark count is zero
09-28 17:52:47.314   818  1137 E C02515/DISP: [0;32;31m[GetMetadata:109] <private> is not supported[m
09-28 17:52:47.314   818  1137 E C02515/DISP: [0;32;31m[SetMetadata:102] <private> is not supported[m
09-28 17:52:47.314   818  1137 E C02515/METADATA_SRV: [0;32;31m[SetMetadata:136]  fail[m
09-28 17:52:47.314   818  1137 E C01401/Bufferqueue: <surface_buffer_impl.cpp:714-SetMetadata>: SetMetadata Failed with -5
09-28 17:52:47.314   818  1137 E C01406/skia: RSUniRenderComposerAdapter::SetBufferColorSpace set color space fail
09-28 17:52:47.317  1048 14680 I C02d13/HDC_LOG: [async_cmd.cpp:88] FinishShellProc finish pipeRead fd:36 pid:14679 count:1
09-28 17:52:47.317  1048 14680 I C02d13/HDC_LOG: [task.cpp:55] HdcTaskBase::TaskFinish notify begin type:0 cid:1036419369 sid:213******641(L:10)
09-28 17:52:47.318  1048 14680 I C02d13/HDC_LOG: [task.cpp:58] HdcTaskBase::TaskFinish notify end type:0 cid:1036419369 sid:213******641(L:10)
09-28 17:52:47.321  1048  1170 I C02d13/HDC_LOG: [daemon.cpp:1142] FetchCommand channelId:1036419369 command:2
09-28 17:52:47.321  1048  1170 W C02d13/HDC_LOG: [session.cpp:160] BeginRemoveTask taskType:0 channelId:1036419369
09-28 17:52:47.321  1048  1170 W C02d13/HDC_LOG: [session.cpp:190] ClearOwnTasks OP_CLEAR finish, sessionId:213******641(L:10) channelIDInput:1036419369
09-28 17:52:47.321  1048  1170 W C02d13/HDC_LOG: [session.cpp:115] taskClassDeleteRetry start clear task, taskType:0 cid:1036419369 sid:213******641(L:10)
09-28 17:52:47.321  1048  1170 I C02d13/HDC_LOG: [async_cmd.cpp:69] DoRelease rc:-3 pid:14679
09-28 17:52:47.321  1048  1170 I C02d13/HDC_LOG: [session.cpp:126] TaskDelay task remove retry count 0/30, taskType:0 channelId:1036419369, sessionId:213******641(L:10)
09-28 17:52:47.321  1048  1170 I C02d13/HDC_LOG: [daemon_unity.cpp:31] ~HdcDaemonUnity cid:1036419369 sid:213******641(L:10)
09-28 17:52:47.321  1048  1170 I C02d13/HDC_LOG: [task.cpp:40] ~HdcTaskBase type:0 cid:1036419369 sid:213******641(L:10)
09-28 17:52:47.321  1048  1170 W C02d13/HDC_LOG: [session.cpp:134] TaskDelay task remove finish, channelId:1036419369
09-28 17:52:47.321  1048  1170 I C02d13/HDC_LOG: [base.cpp:969] before uv handle close, the uv handle type is 13
09-28 17:52:47.324 13972 14187 I C00f00/OH_DER_VSync: onOhVsync ENTRY ts=<private> data=<private>
09-28 17:52:47.324 13972 14185 I C00f00/OH_DER_VSync: scheduleVsync ENTRY receiverPtr=0x<private>
09-28 17:52:47.324 13972 14185 I C00f00/OH_DER_VSync: scheduleVsync calling RequestFrame ohVsync=<private>
09-28 17:52:47.324 13972 14185 I C00f00/OH_DER_VSync: scheduleVsync RequestFrame rc=<private>
09-28 17:52:47.326  1048  1170 I C02d13/HDC_LOG: [daemon.cpp:1142] FetchCommand channelId:1036419369 command:2
09-28 17:52:47.326   818  1132 E C02515/DISP: [0;32;31m[SetMetadata:102] <private> is not supported[m
09-28 17:52:47.326   818  1132 E C02515/METADATA_SRV: [0;32;31m[SetMetadata:136]  fail[m
09-28 17:52:47.326   818  1132 E C01401/Bufferqueue: <surface_buffer_impl.cpp:714-SetMetadata>: SetMetadata Failed with -5
09-28 17:52:47.327   793  4141 E C02515/DISP: [0;32;31m[SetLayerMaskInfo@display_composer_vdi_impl.cpp:404] <private> is not supported[m
09-28 17:52:47.327  1048  1170 I C02d13/HDC_LOG: [daemon.cpp:1142] FetchCommand channelId:1510720478 command:1001
09-28 17:52:47.327   818  1228 E C02515/DISP: [0;32;31m[SetMetadata:102] <private> is not supported[m
09-28 17:52:47.327  1048  1170 I C02d13/HDC_LOG: [session.cpp:1652] New HTaskInfo cid:1510720478 sid:213******641(L:10) command:1001
09-28 17:52:47.327   818  1228 E C02515/METADATA_SRV: [0;32;31m[SetMetadata:136]  fail[m
09-28 17:52:47.327  1048  1170 I C02d13/HDC_LOG: [session.cpp:891] AdminTask add task type:0 cid:1510720478 sid:213******641(L:10) mapsize:2
09-28 17:52:47.327   818  1228 E C01401/Bufferqueue: <surface_buffer_impl.cpp:714-SetMetadata>: SetMetadata Failed with -5
09-28 17:52:47.327  1048  1170 I C02d13/HDC_LOG: [task.cpp:34] HdcTaskBase type:0 cid:1510720478 sid:213******641(L:10)
09-28 17:52:47.327  1048  1170 I C02d13/HDC_LOG: [daemon_unity.cpp:414] Unity CommandDispatch command:1001 cid:1510720478 sid:213******641(L:10)
09-28 17:52:47.327  1048  1170 W C02d13/HDC_LOG: [async_cmd.cpp:114] GetDevItem false key:persist.hdc.root
09-28 17:52:47.328   793  4141 E C02515/DISP: [0;32;31m[SetDisplayClientDamage@display_composer_vdi_impl.cpp:179] <private> is not supported[m
09-28 17:52:47.328  1048 14681 I C02d13/HDC_LOG: [async_cmd.cpp:225] Popen pipe fds[pipeRead]:36 fds[pipeWrite]:37, mode 0
09-28 17:52:47.334  1048  1170 I C02d13/HDC_LOG: [async_cmd.cpp:291] ExecuteCommand cmd:param get const.product.os.dist.apiname fd:36 pid:14682
09-28 17:52:47.334  1048  1170 I C02d13/HDC_LOG: [daemon_unity.cpp:486] Unity CommandDispatch command:1001 finish cid:1510720478 sid:213******641(L:10)
09-28 17:52:47.335 14682 14682 W C02d13/HDC_LOG: [async_cmd.cpp:140] SetSelinuxLabel con:u:r:su:s0 isRoot:0
09-28 17:52:47.340 13972 14187 I C00f00/OH_DER_VSync: onOhVsync ENTRY ts=<private> data=<private>
09-28 17:52:47.341   818   818 E C02515/DISP: [0;32;31m[GetMetadata:109] <private> is not supported[m
09-28 17:52:47.341   818   818 E C02515/DISP: [0;32;31m[GetMetadata:109] <private> is not supported[m
09-28 17:52:47.341   818   818 E C02515/DISP: [0;32;31m[GetMetadata:109] <private> is not supported[m
09-28 17:52:47.341 13972 14185 I C00f00/OH_DER_VSync: scheduleVsync ENTRY receiverPtr=0x<private>
09-28 17:52:47.341 13972 14185 I C00f00/OH_DER_VSync: scheduleVsync calling RequestFrame ohVsync=<private>
09-28 17:52:47.341 13972 14185 I C00f00/OH_DER_VSync: scheduleVsync RequestFrame rc=<private>
09-28 17:52:47.341   818   818 E C01406/skia: RSBaseRenderUtil::DealWithSurfaceRotationAndGravity, GetSurfaceBufferOpaque:0
09-28 17:52:47.341   818   818 E C02515/DISP: [0;32;31m[GetMetadata:109] <private> is not supported[m
09-28 17:52:47.341   818   818 E C01406/skia: RSBaseRenderUtil::DealWithSurfaceRotationAndGravity, GetSurfaceBufferOpaque:0
09-28 17:52:47.341   818   818 E C02515/DISP: [0;32;31m[GetMetadata:109] <private> is not supported[m
09-28 17:52:47.342   818  1137 E C02515/DISP: [0;32;31m[SetMetadata:102] <private> is not supported[m
09-28 17:52:47.342   818  1137 E C02515/METADATA_SRV: [0;32;31m[SetMetadata:136]  fail[m
09-28 17:52:47.342   818  1137 E C01401/Bufferqueue: <surface_buffer_impl.cpp:714-SetMetadata>: SetMetadata Failed with -5
09-28 17:52:47.343   818  1137 E C01406/skia: SurfaceNodeDrawable DrawCommSurfaceWatermark Name:BackgroundBlurView2 Id:8933531975688 water mark count is zero
09-28 17:52:47.343   818  1137 E C01406/skia: RSBaseRenderUtil::DealWithSurfaceRotationAndGravity, GetSurfaceBufferOpaque:0
09-28 17:52:47.343   818  1137 I C01406/WRAP: AHardwareBuffer_createFromHandle index = <private> handle = <private>, ahb = <private>
09-28 17:52:47.343   818  1137 E C01406/skia: SurfaceNodeDrawable DrawCommSurfaceWatermark Name:AdapterActivityContent Id:60009283059715 water mark count is zero
09-28 17:52:47.343   818  1137 E C01406/skia: RSBaseRenderUtil::DealWithSurfaceRotationAndGravity, GetSurfaceBufferOpaque:0
09-28 17:52:47.343   818  1137 I C01406/WRAP: AHardwareBuffer_createFromHandle index = <private> handle = <private>, ahb = <private>
09-28 17:52:47.344   818  1137 E C01406/skia: SurfaceNodeDrawable DrawCommSurfaceWatermark Name:AdapterSurfaceView Id:60009283059716 water mark count is zero
09-28 17:52:47.344   818  1137 E C01406/skia: SurfaceNodeDrawable DrawCommSurfaceWatermark Name:com.a2hlab.bridge.zigzag/com.unity3d.player.UnityPlayerActivity Id:60009283059713 water mark count is zero
09-28 17:52:47.344   818  1137 E C01406/skia: SurfaceNodeDrawable DrawCommSurfaceWatermark Name:WindowScene_zigzag37 Id:8933531976573 water mark count is zero
09-28 17:52:47.344   818  1137 E C01406/skia: SurfaceNodeDrawable DrawCommSurfaceWatermark Name:SCBGestureNavBar13 Id:8933531975827 water mark count is zero
09-28 17:52:47.344   818  1137 E C01406/skia: SurfaceNodeDrawable DrawCommSurfaceWatermark Name:SCBStatusBar15 Id:8933531975907 water mark count is zero
09-28 17:52:47.346   818  1137 E C02515/DISP: [0;32;31m[GetMetadata:109] <private> is not supported[m
09-28 17:52:47.346   818  1137 E C02515/DISP: [0;32;31m[SetMetadata:102] <private> is not supported[m
09-28 17:52:47.346   818  1137 E C02515/METADATA_SRV: [0;32;31m[SetMetadata:136]  fail[m
09-28 17:52:47.346   818  1137 E C01401/Bufferqueue: <surface_buffer_impl.cpp:714-SetMetadata>: SetMetadata Failed with -5
09-28 17:52:47.346   818  1137 E C01406/skia: RSUniRenderComposerAdapter::SetBufferColorSpace set color space fail
09-28 17:52:47.357 13972 14187 I C00f00/OH_DER_VSync: onOhVsync ENTRY ts=<private> data=<private>
09-28 17:52:47.357 13972 14185 I C00f00/OH_DER_VSync: scheduleVsync ENTRY receiverPtr=0x<private>
09-28 17:52:47.357 13972 14185 I C00f00/OH_DER_VSync: scheduleVsync calling RequestFrame ohVsync=<private>
09-28 17:52:47.357 13972 14185 I C00f00/OH_DER_VSync: scheduleVsync RequestFrame rc=<private>
09-28 17:52:47.359   818  1132 E C02515/DISP: [0;32;31m[SetMetadata:102] <private> is not supported[m
09-28 17:52:47.359   818  1132 E C02515/METADATA_SRV: [0;32;31m[SetMetadata:136]  fail[m
09-28 17:52:47.359   818  1132 E C01401/Bufferqueue: <surface_buffer_impl.cpp:714-SetMetadata>: SetMetadata Failed with -5
09-28 17:52:47.360   793  4141 E C02515/DISP: [0;32;31m[SetLayerMaskInfo@display_composer_vdi_impl.cpp:404] <private> is not supported[m
09-28 17:52:47.361   818  1228 E C02515/DISP: [0;32;31m[SetMetadata:102] <private> is not supported[m
09-28 17:52:47.361   818  1228 E C02515/METADATA_SRV: [0;32;31m[SetMetadata:136]  fail[m
09-28 17:52:47.361   818  1228 E C01401/Bufferqueue: <surface_buffer_impl.cpp:714-SetMetadata>: SetMetadata Failed with -5
09-28 17:52:47.362   793  4141 E C02515/DISP: [0;32;31m[SetDisplayClientDamage@display_composer_vdi_impl.cpp:179] <private> is not supported[m
09-28 17:52:47.369  1048 14683 I C02d13/HDC_LOG: [async_cmd.cpp:88] FinishShellProc finish pipeRead fd:36 pid:14682 count:1
09-28 17:52:47.369  1048 14683 I C02d13/HDC_LOG: [task.cpp:55] HdcTaskBase::TaskFinish notify begin type:0 cid:1510720478 sid:213******641(L:10)
09-28 17:52:47.369  1048 14683 I C02d13/HDC_LOG: [task.cpp:58] HdcTaskBase::TaskFinish notify end type:0 cid:1510720478 sid:213******641(L:10)
09-28 17:52:47.372  1048  1170 I C02d13/HDC_LOG: [daemon.cpp:1142] FetchCommand channelId:1510720478 command:2
09-28 17:52:47.372  1048  1170 W C02d13/HDC_LOG: [session.cpp:160] BeginRemoveTask taskType:0 channelId:1510720478
09-28 17:52:47.372  1048  1170 W C02d13/HDC_LOG: [session.cpp:190] ClearOwnTasks OP_CLEAR finish, sessionId:213******641(L:10) channelIDInput:1510720478
09-28 17:52:47.372  1048  1170 W C02d13/HDC_LOG: [session.cpp:115] taskClassDeleteRetry start clear task, taskType:0 cid:1510720478 sid:213******641(L:10)
09-28 17:52:47.372  1048  1170 I C02d13/HDC_LOG: [async_cmd.cpp:69] DoRelease rc:-3 pid:14682
09-28 17:52:47.372  1048  1170 I C02d13/HDC_LOG: [session.cpp:126] TaskDelay task remove retry count 0/30, taskType:0 channelId:1510720478, sessionId:213******641(L:10)
09-28 17:52:47.372  1048  1170 I C02d13/HDC_LOG: [daemon_unity.cpp:31] ~HdcDaemonUnity cid:1510720478 sid:213******641(L:10)
09-28 17:52:47.372  1048  1170 I C02d13/HDC_LOG: [task.cpp:40] ~HdcTaskBase type:0 cid:1510720478 sid:213******641(L:10)
09-28 17:52:47.372  1048  1170 W C02d13/HDC_LOG: [session.cpp:134] TaskDelay task remove finish, channelId:1510720478
09-28 17:52:47.372  1048  1170 I C02d13/HDC_LOG: [base.cpp:969] before uv handle close, the uv handle type is 13
09-28 17:52:47.374   818   818 E C02515/DISP: [0;32;31m[GetMetadata:109] <private> is not supported[m
09-28 17:52:47.374   818   818 E C02515/DISP: [0;32;31m[GetMetadata:109] <private> is not supported[m
09-28 17:52:47.374   818   818 E C02515/DISP: [0;32;31m[GetMetadata:109] <private> is not supported[m
09-28 17:52:47.375   818   818 E C01406/skia: RSBaseRenderUtil::DealWithSurfaceRotationAndGravity, GetSurfaceBufferOpaque:0
09-28 17:52:47.375   818   818 E C02515/DISP: [0;32;31m[GetMetadata:109] <private> is not supported[m
09-28 17:52:47.375   818   818 E C01406/skia: RSBaseRenderUtil::DealWithSurfaceRotationAndGravity, GetSurfaceBufferOpaque:0
09-28 17:52:47.375   818   818 E C02515/DISP: [0;32;31m[GetMetadata:109] <private> is not supported[m
09-28 17:52:47.375  1048  1170 I C02d13/HDC_LOG: [daemon.cpp:1142] FetchCommand channelId:1510720478 command:2
09-28 17:52:47.376 13972 14187 I C00f00/OH_DER_VSync: onOhVsync ENTRY ts=<private> data=<private>
09-28 17:52:47.376 13972 14185 I C00f00/OH_DER_VSync: scheduleVsync ENTRY receiverPtr=0x<private>
09-28 17:52:47.376 13972 14185 I C00f00/OH_DER_VSync: scheduleVsync calling RequestFrame ohVsync=<private>
09-28 17:52:47.376   818  1137 E C02515/DISP: [0;32;31m[SetMetadata:102] <private> is not supported[m
09-28 17:52:47.376   818  1137 E C02515/METADATA_SRV: [0;32;31m[SetMetadata:136]  fail[m
09-28 17:52:47.376   818  1137 E C01401/Bufferqueue: <surface_buffer_impl.cpp:714-SetMetadata>: SetMetadata Failed with -5
09-28 17:52:47.376 13972 14185 I C00f00/OH_DER_VSync: scheduleVsync RequestFrame rc=<private>
09-28 17:52:47.376   818  1137 E C01406/skia: SurfaceNodeDrawable DrawCommSurfaceWatermark Name:BackgroundBlurView2 Id:8933531975688 water mark count is zero
09-28 17:52:47.376   818  1137 E C01406/skia: RSBaseRenderUtil::DealWithSurfaceRotationAndGravity, GetSurfaceBufferOpaque:0
09-28 17:52:47.377   818  1137 I C01406/WRAP: AHardwareBuffer_createFromHandle index = <private> handle = <private>, ahb = <private>
09-28 17:52:47.377   818  1137 E C01406/skia: SurfaceNodeDrawable DrawCommSurfaceWatermark Name:AdapterActivityContent Id:60009283059715 water mark count is zero
09-28 17:52:47.377   818  1137 E C01406/skia: RSBaseRenderUtil::DealWithSurfaceRotationAndGravity, GetSurfaceBufferOpaque:0
09-28 17:52:47.377   818  1137 I C01406/WRAP: AHardwareBuffer_createFromHandle index = <private> handle = <private>, ahb = <private>
09-28 17:52:47.377   818  1137 E C01406/skia: SurfaceNodeDrawable DrawCommSurfaceWatermark Name:AdapterSurfaceView Id:60009283059716 water mark count is zero
09-28 17:52:47.377   818  1137 E C01406/skia: SurfaceNodeDrawable DrawCommSurfaceWatermark Name:com.a2hlab.bridge.zigzag/com.unity3d.player.UnityPlayerActivity Id:60009283059713 water mark count is zero
09-28 17:52:47.377   818  1137 E C01406/skia: SurfaceNodeDrawable DrawCommSurfaceWatermark Name:WindowScene_zigzag37 Id:8933531976573 water mark count is zero
09-28 17:52:47.378   818  1137 E C01406/skia: SurfaceNodeDrawable DrawCommSurfaceWatermark Name:SCBGestureNavBar13 Id:8933531975827 water mark count is zero
09-28 17:52:47.378   818  1137 E C01406/skia: SurfaceNodeDrawable DrawCommSurfaceWatermark Name:SCBStatusBar15 Id:8933531975907 water mark count is zero
09-28 17:52:47.379   818  1137 E C02515/DISP: [0;32;31m[GetMetadata:109] <private> is not supported[m
09-28 17:52:47.379   818  1137 E C02515/DISP: [0;32;31m[SetMetadata:102] <private> is not supported[m
09-28 17:52:47.379   818  1137 E C02515/METADATA_SRV: [0;32;31m[SetMetadata:136]  fail[m
09-28 17:52:47.379   818  1137 E C01401/Bufferqueue: <surface_buffer_impl.cpp:714-SetMetadata>: SetMetadata Failed with -5
09-28 17:52:47.379   818  1137 E C01406/skia: RSUniRenderComposerAdapter::SetBufferColorSpace set color space fail
09-28 17:52:47.390 13972 14187 I C00f00/OH_DER_VSync: onOhVsync ENTRY ts=<private> data=<private>
09-28 17:52:47.391 13972 14185 I C00f00/OH_DER_VSync: scheduleVsync ENTRY receiverPtr=0x<private>
09-28 17:52:47.391 13972 14185 I C00f00/OH_DER_VSync: scheduleVsync calling RequestFrame ohVsync=<private>
09-28 17:52:47.391 13972 14185 I C00f00/OH_DER_VSync: scheduleVsync RequestFrame rc=<private>
09-28 17:52:47.393   818  1132 E C02515/DISP: [0;32;31m[SetMetadata:102] <private> is not supported[m
09-28 17:52:47.393   818  1132 E C02515/METADATA_SRV: [0;32;31m[SetMetadata:136]  fail[m
09-28 17:52:47.393   818  1132 E C01401/Bufferqueue: <surface_buffer_impl.cpp:714-SetMetadata>: SetMetadata Failed with -5
09-28 17:52:47.393   793  4141 E C02515/DISP: [0;32;31m[SetLayerMaskInfo@display_composer_vdi_impl.cpp:404] <private> is not supported[m
09-28 17:52:47.393   818  1228 E C02515/DISP: [0;32;31m[SetMetadata:102] <private> is not supported[m
09-28 17:52:47.393   818  1228 E C02515/METADATA_SRV: [0;32;31m[SetMetadata:136]  fail[m
09-28 17:52:47.393   818  1228 E C01401/Bufferqueue: <surface_buffer_impl.cpp:714-SetMetadata>: SetMetadata Failed with -5
09-28 17:52:47.394   793  4141 E C02515/DISP: [0;32;31m[SetDisplayClientDamage@display_composer_vdi_impl.cpp:179] <private> is not supported[m
09-28 17:52:47.407   818   818 E C02515/DISP: [0;32;31m[GetMetadata:109] <private> is not supported[m
09-28 17:52:47.407   818   818 E C02515/DISP: [0;32;31m[GetMetadata:109] <private> is not supported[m
09-28 17:52:47.407   818   818 E C02515/DISP: [0;32;31m[GetMetadata:109] <private> is not supported[m
09-28 17:52:47.408   818   818 E C01406/skia: RSBaseRenderUtil::DealWithSurfaceRotationAndGravity, GetSurfaceBufferOpaque:0
09-28 17:52:47.408   818   818 E C02515/DISP: [0;32;31m[GetMetadata:109] <private> is not supported[m
09-28 17:52:47.408   818   818 E C01406/skia: RSBaseRenderUtil::DealWithSurfaceRotationAndGravity, GetSurfaceBufferOpaque:0
09-28 17:52:47.408   818   818 E C02515/DISP: [0;32;31m[GetMetadata:109] <private> is not supported[m
09-28 17:52:47.409 13972 14187 I C00f00/OH_DER_VSync: onOhVsync ENTRY ts=<private> data=<private>
09-28 17:52:47.409 13972 14185 I C00f00/OH_DER_VSync: scheduleVsync ENTRY receiverPtr=0x<private>
09-28 17:52:47.409 13972 14185 I C00f00/OH_DER_VSync: scheduleVsync calling RequestFrame ohVsync=<private>
09-28 17:52:47.409   818  1137 E C02515/DISP: [0;32;31m[SetMetadata:102] <private> is not supported[m
09-28 17:52:47.409   818  1137 E C02515/METADATA_SRV: [0;32;31m[SetMetadata:136]  fail[m
09-28 17:52:47.409   818  1137 E C01401/Bufferqueue: <surface_buffer_impl.cpp:714-SetMetadata>: SetMetadata Failed with -5
09-28 17:52:47.409 13972 14185 I C00f00/OH_DER_VSync: scheduleVsync RequestFrame rc=<private>
09-28 17:52:47.409   818  1137 E C01406/skia: SurfaceNodeDrawable DrawCommSurfaceWatermark Name:BackgroundBlurView2 Id:8933531975688 water mark count is zero
09-28 17:52:47.410   818  1137 E C01406/skia: RSBaseRenderUtil::DealWithSurfaceRotationAndGravity, GetSurfaceBufferOpaque:0
09-28 17:52:47.410   818  1137 I C01406/WRAP: AHardwareBuffer_createFromHandle index = <private> handle = <private>, ahb = <private>
09-28 17:52:47.410   818  1137 E C01406/skia: SurfaceNodeDrawable DrawCommSurfaceWatermark Name:AdapterActivityContent Id:60009283059715 water mark count is zero
09-28 17:52:47.410   818  1137 E C01406/skia: RSBaseRenderUtil::DealWithSurfaceRotationAndGravity, GetSurfaceBufferOpaque:0
09-28 17:52:47.410   818  1137 I C01406/WRAP: AHardwareBuffer_createFromHandle index = <private> handle = <private>, ahb = <private>
09-28 17:52:47.410   818  1137 E C01406/skia: SurfaceNodeDrawable DrawCommSurfaceWatermark Name:AdapterSurfaceView Id:60009283059716 water mark count is zero
09-28 17:52:47.410   818  1137 E C01406/skia: SurfaceNodeDrawable DrawCommSurfaceWatermark Name:com.a2hlab.bridge.zigzag/com.unity3d.player.UnityPlayerActivity Id:60009283059713 water mark count is zero
09-28 17:52:47.410   818  1137 E C01406/skia: SurfaceNodeDrawable DrawCommSurfaceWatermark Name:WindowScene_zigzag37 Id:8933531976573 water mark count is zero
09-28 17:52:47.411   818  1137 E C01406/skia: SurfaceNodeDrawable DrawCommSurfaceWatermark Name:SCBGestureNavBar13 Id:8933531975827 water mark count is zero
09-28 17:52:47.411   818  1137 E C01406/skia: SurfaceNodeDrawable DrawCommSurfaceWatermark Name:SCBStatusBar15 Id:8933531975907 water mark count is zero
09-28 17:52:47.412   818  1137 E C02515/DISP: [0;32;31m[GetMetadata:109] <private> is not supported[m
09-28 17:52:47.412   818  1137 E C02515/DISP: [0;32;31m[SetMetadata:102] <private> is not supported[m
09-28 17:52:47.412   818  1137 E C02515/METADATA_SRV: [0;32;31m[SetMetadata:136]  fail[m
09-28 17:52:47.412   818  1137 E C01401/Bufferqueue: <surface_buffer_impl.cpp:714-SetMetadata>: SetMetadata Failed with -5
09-28 17:52:47.412   818  1137 E C01406/skia: RSUniRenderComposerAdapter::SetBufferColorSpace set color space fail
09-28 17:52:47.424 13972 14187 I C00f00/OH_DER_VSync: onOhVsync ENTRY ts=<private> data=<private>
09-28 17:52:47.424 13972 14185 I C00f00/OH_DER_VSync: scheduleVsync ENTRY receiverPtr=0x<private>
09-28 17:52:47.424 13972 14185 I C00f00/OH_DER_VSync: scheduleVsync calling RequestFrame ohVsync=<private>
09-28 17:52:47.424 13972 14185 I C00f00/OH_DER_VSync: scheduleVsync RequestFrame rc=<private>
09-28 17:52:47.426 13972 13999 I C00f00/appspawn-x: [<private>:<private>] <private>
09-28 17:52:47.426   818  1132 E C02515/DISP: [0;32;31m[SetMetadata:102] <private> is not supported[m
09-28 17:52:47.426   818  1132 E C02515/METADATA_SRV: [0;32;31m[SetMetadata:136]  fail[m
09-28 17:52:47.426   818  1132 E C01401/Bufferqueue: <surface_buffer_impl.cpp:714-SetMetadata>: SetMetadata Failed with -5
09-28 17:52:47.427   793  4141 E C02515/DISP: [0;32;31m[SetLayerMaskInfo@display_composer_vdi_impl.cpp:404] <private> is not supported[m
09-28 17:52:47.427   818  1228 E C02515/DISP: [0;32;31m[SetMetadata:102] <private> is not supported[m
09-28 17:52:47.427   818  1228 E C02515/METADATA_SRV: [0;32;31m[SetMetadata:136]  fail[m
09-28 17:52:47.427   818  1228 E C01401/Bufferqueue: <surface_buffer_impl.cpp:714-SetMetadata>: SetMetadata Failed with -5
09-28 17:52:47.428   793  4141 E C02515/DISP: [0;32;31m[SetDisplayClientDamage@display_composer_vdi_impl.cpp:179] <private> is not supported[m
09-28 17:52:47.440 13972 14187 I C00f00/OH_DER_VSync: onOhVsync ENTRY ts=<private> data=<private>
09-28 17:52:47.441   818   818 E C02515/DISP: [0;32;31m[GetMetadata:109] <private> is not supported[m
09-28 17:52:47.441   818   818 E C02515/DISP: [0;32;31m[GetMetadata:109] <private> is not supported[m
09-28 17:52:47.441 13972 14185 I C00f00/OH_DER_VSync: scheduleVsync ENTRY receiverPtr=0x<private>
09-28 17:52:47.441 13972 14185 I C00f00/OH_DER_VSync: scheduleVsync calling RequestFrame ohVsync=<private>
09-28 17:52:47.441   818   818 E C02515/DISP: [0;32;31m[GetMetadata:109] <private> is not supported[m
09-28 17:52:47.441 13972 14185 I C00f00/OH_DER_VSync: scheduleVsync RequestFrame rc=<private>
09-28 17:52:47.442   818   818 E C01406/skia: RSBaseRenderUtil::DealWithSurfaceRotationAndGravity, GetSurfaceBufferOpaque:0
09-28 17:52:47.442   818   818 E C02515/DISP: [0;32;31m[GetMetadata:109] <private> is not supported[m
09-28 17:52:47.442   818   818 E C01406/skia: RSBaseRenderUtil::DealWithSurfaceRotationAndGravity, GetSurfaceBufferOpaque:0
09-28 17:52:47.442   818   818 E C02515/DISP: [0;32;31m[GetMetadata:109] <private> is not supported[m
09-28 17:52:47.444   818  1137 E C02515/DISP: [0;32;31m[SetMetadata:102] <private> is not supported[m
09-28 17:52:47.444   818  1137 E C02515/METADATA_SRV: [0;32;31m[SetMetadata:136]  fail[m
09-28 17:52:47.444   818  1137 E C01401/Bufferqueue: <surface_buffer_impl.cpp:714-SetMetadata>: SetMetadata Failed with -5
09-28 17:52:47.444   818  1137 E C01406/skia: SurfaceNodeDrawable DrawCommSurfaceWatermark Name:BackgroundBlurView2 Id:8933531975688 water mark count is zero
09-28 17:52:47.445   818  1137 E C01406/skia: RSBaseRenderUtil::DealWithSurfaceRotationAndGravity, GetSurfaceBufferOpaque:0
09-28 17:52:47.445   818  1137 I C01406/WRAP: AHardwareBuffer_createFromHandle index = <private> handle = <private>, ahb = <private>
09-28 17:52:47.445   818  1137 E C01406/skia: SurfaceNodeDrawable DrawCommSurfaceWatermark Name:AdapterActivityContent Id:60009283059715 water mark count is zero
09-28 17:52:47.445   818  1137 E C01406/skia: RSBaseRenderUtil::DealWithSurfaceRotationAndGravity, GetSurfaceBufferOpaque:0
09-28 17:52:47.445   818  1137 I C01406/WRAP: AHardwareBuffer_createFromHandle index = <private> handle = <private>, ahb = <private>
09-28 17:52:47.445   818  1137 E C01406/skia: SurfaceNodeDrawable DrawCommSurfaceWatermark Name:AdapterSurfaceView Id:60009283059716 water mark count is zero
09-28 17:52:47.445   818  1137 E C01406/skia: SurfaceNodeDrawable DrawCommSurfaceWatermark Name:com.a2hlab.bridge.zigzag/com.unity3d.player.UnityPlayerActivity Id:60009283059713 water mark count is zero
09-28 17:52:47.445   818  1137 E C01406/skia: SurfaceNodeDrawable DrawCommSurfaceWatermark Name:WindowScene_zigzag37 Id:8933531976573 water mark count is zero
09-28 17:52:47.446   818  1137 E C01406/skia: SurfaceNodeDrawable DrawCommSurfaceWatermark Name:SCBGestureNavBar13 Id:8933531975827 water mark count is zero
09-28 17:52:47.446   818  1137 E C01406/skia: SurfaceNodeDrawable DrawCommSurfaceWatermark Name:SCBStatusBar15 Id:8933531975907 water mark count is zero
09-28 17:52:47.447   818  1137 E C02515/DISP: [0;32;31m[GetMetadata:109] <private> is not supported[m
09-28 17:52:47.447   818  1137 E C02515/DISP: [0;32;31m[SetMetadata:102] <private> is not supported[m
09-28 17:52:47.447   818  1137 E C02515/METADATA_SRV: [0;32;31m[SetMetadata:136]  fail[m
09-28 17:52:47.447   818  1137 E C01401/Bufferqueue: <surface_buffer_impl.cpp:714-SetMetadata>: SetMetadata Failed with -5
09-28 17:52:47.447   818  1137 E C01406/skia: RSUniRenderComposerAdapter::SetBufferColorSpace set color space fail
09-28 17:52:47.457 13972 14187 I C00f00/OH_DER_VSync: onOhVsync ENTRY ts=<private> data=<private>
09-28 17:52:47.457 13972 14185 I C00f00/OH_DER_VSync: scheduleVsync ENTRY receiverPtr=0x<private>
09-28 17:52:47.457 13972 14185 I C00f00/OH_DER_VSync: scheduleVsync calling RequestFrame ohVsync=<private>
09-28 17:52:47.457 13972 14185 I C00f00/OH_DER_VSync: scheduleVsync RequestFrame rc=<private>
09-28 17:52:47.459   818  1132 E C02515/DISP: [0;32;31m[SetMetadata:102] <private> is not supported[m
09-28 17:52:47.459   818  1132 E C02515/METADATA_SRV: [0;32;31m[SetMetadata:136]  fail[m
09-28 17:52:47.459   818  1132 E C01401/Bufferqueue: <surface_buffer_impl.cpp:714-SetMetadata>: SetMetadata Failed with -5
09-28 17:52:47.460   793  4141 E C02515/DISP: [0;32;31m[SetLayerMaskInfo@display_composer_vdi_impl.cpp:404] <private> is not supported[m
09-28 17:52:47.460   818  1228 E C02515/DISP: [0;32;31m[SetMetadata:102] <private> is not supported[m
09-28 17:52:47.460   818  1228 E C02515/METADATA_SRV: [0;32;31m[SetMetadata:136]  fail[m
09-28 17:52:47.460   818  1228 E C01401/Bufferqueue: <surface_buffer_impl.cpp:714-SetMetadata>: SetMetadata Failed with -5
09-28 17:52:47.461   793  4141 E C02515/DISP: [0;32;31m[SetDisplayClientDamage@display_composer_vdi_impl.cpp:179] <private> is not supported[m
09-28 17:52:47.474 13972 14187 I C00f00/OH_DER_VSync: onOhVsync ENTRY ts=<private> data=<private>
09-28 17:52:47.474   818   818 E C02515/DISP: [0;32;31m[GetMetadata:109] <private> is not supported[m
09-28 17:52:47.474   818   818 E C02515/DISP: [0;32;31m[GetMetadata:109] <private> is not supported[m
09-28 17:52:47.474   818   818 E C02515/DISP: [0;32;31m[GetMetadata:109] <private> is not supported[m
09-28 17:52:47.474 13972 14185 I C00f00/OH_DER_VSync: scheduleVsync ENTRY receiverPtr=0x<private>
09-28 17:52:47.474 13972 14185 I C00f00/OH_DER_VSync: scheduleVsync calling RequestFrame ohVsync=<private>
09-28 17:52:47.474 13972 14185 I C00f00/OH_DER_VSync: scheduleVsync RequestFrame rc=<private>
09-28 17:52:47.475   818   818 E C01406/skia: RSBaseRenderUtil::DealWithSurfaceRotationAndGravity, GetSurfaceBufferOpaque:0
09-28 17:52:47.475   818   818 E C02515/DISP: [0;32;31m[GetMetadata:109] <private> is not supported[m
09-28 17:52:47.475   818   818 E C01406/skia: RSBaseRenderUtil::DealWithSurfaceRotationAndGravity, GetSurfaceBufferOpaque:0
09-28 17:52:47.475   818   818 E C02515/DISP: [0;32;31m[GetMetadata:109] <private> is not supported[m
09-28 17:52:47.476   818  1137 E C02515/DISP: [0;32;31m[SetMetadata:102] <private> is not supported[m
09-28 17:52:47.476   818  1137 E C02515/METADATA_SRV: [0;32;31m[SetMetadata:136]  fail[m
09-28 17:52:47.476   818  1137 E C01401/Bufferqueue: <surface_buffer_impl.cpp:714-SetMetadata>: SetMetadata Failed with -5
09-28 17:52:47.477   818  1137 E C01406/skia: SurfaceNodeDrawable DrawCommSurfaceWatermark Name:BackgroundBlurView2 Id:8933531975688 water mark count is zero
09-28 17:52:47.477   818  1137 E C01406/skia: RSBaseRenderUtil::DealWithSurfaceRotationAndGravity, GetSurfaceBufferOpaque:0
09-28 17:52:47.477   818  1137 I C01406/WRAP: AHardwareBuffer_createFromHandle index = <private> handle = <private>, ahb = <private>
09-28 17:52:47.478   818  1137 E C01406/skia: SurfaceNodeDrawable DrawCommSurfaceWatermark Name:AdapterActivityContent Id:60009283059715 water mark count is zero
09-28 17:52:47.478   818  1137 E C01406/skia: RSBaseRenderUtil::DealWithSurfaceRotationAndGravity, GetSurfaceBufferOpaque:0
09-28 17:52:47.478   818  1137 I C01406/WRAP: AHardwareBuffer_createFromHandle index = <private> handle = <private>, ahb = <private>
09-28 17:52:47.479   818  1137 E C01406/skia: SurfaceNodeDrawable DrawCommSurfaceWatermark Name:AdapterSurfaceView Id:60009283059716 water mark count is zero
09-28 17:52:47.479   818  1137 E C01406/skia: SurfaceNodeDrawable DrawCommSurfaceWatermark Name:com.a2hlab.bridge.zigzag/com.unity3d.player.UnityPlayerActivity Id:60009283059713 water mark count is zero
09-28 17:52:47.479   818  1137 E C01406/skia: SurfaceNodeDrawable DrawCommSurfaceWatermark Name:WindowScene_zigzag37 Id:8933531976573 water mark count is zero
09-28 17:52:47.480   818  1137 E C01406/skia: SurfaceNodeDrawable DrawCommSurfaceWatermark Name:SCBGestureNavBar13 Id:8933531975827 water mark count is zero
09-28 17:52:47.480   818  1137 E C01406/skia: SurfaceNodeDrawable DrawCommSurfaceWatermark Name:SCBStatusBar15 Id:8933531975907 water mark count is zero
09-28 17:52:47.482   818  1137 E C02515/DISP: [0;32;31m[GetMetadata:109] <private> is not supported[m
09-28 17:52:47.482   818  1137 E C02515/DISP: [0;32;31m[SetMetadata:102] <private> is not supported[m
09-28 17:52:47.482   818  1137 E C02515/METADATA_SRV: [0;32;31m[SetMetadata:136]  fail[m
09-28 17:52:47.482   818  1137 E C01401/Bufferqueue: <surface_buffer_impl.cpp:714-SetMetadata>: SetMetadata Failed with -5
09-28 17:52:47.482   818  1137 E C01406/skia: RSUniRenderComposerAdapter::SetBufferColorSpace set color space fail
09-28 17:52:47.483  1048  1170 I C02d13/HDC_LOG: [daemon.cpp:1142] FetchCommand channelId:3688500088 command:1001
09-28 17:52:47.483  1048  1170 I C02d13/HDC_LOG: [session.cpp:1652] New HTaskInfo cid:3688500088 sid:213******641(L:10) command:1001
09-28 17:52:47.483  1048  1170 I C02d13/HDC_LOG: [session.cpp:891] AdminTask add task type:0 cid:3688500088 sid:213******641(L:10) mapsize:2
09-28 17:52:47.483  1048  1170 I C02d13/HDC_LOG: [task.cpp:34] HdcTaskBase type:0 cid:3688500088 sid:213******641(L:10)
09-28 17:52:47.483  1048  1170 I C02d13/HDC_LOG: [daemon_unity.cpp:414] Unity CommandDispatch command:1001 cid:3688500088 sid:213******641(L:10)
09-28 17:52:47.483  1048  1170 W C02d13/HDC_LOG: [async_cmd.cpp:114] GetDevItem false key:persist.hdc.root
09-28 17:52:47.484  1048 14684 I C02d13/HDC_LOG: [async_cmd.cpp:225] Popen pipe fds[pipeRead]:36 fds[pipeWrite]:37, mode 0
09-28 17:52:47.487  1048  1170 I C02d13/HDC_LOG: [async_cmd.cpp:291] ExecuteCommand cmd:param get const.product.os.dist.apiname fd:36 pid:14685
09-28 17:52:47.488  1048  1170 I C02d13/HDC_LOG: [daemon_unity.cpp:486] Unity CommandDispatch command:1001 finish cid:3688500088 sid:213******641(L:10)
09-28 17:52:47.489 14685 14685 W C02d13/HDC_LOG: [async_cmd.cpp:140] SetSelinuxLabel con:u:r:su:s0 isRoot:0
09-28 17:52:47.491 13972 14187 I C00f00/OH_DER_VSync: onOhVsync ENTRY ts=<private> data=<private>
09-28 17:52:47.491 13972 14185 I C00f00/OH_DER_VSync: scheduleVsync ENTRY receiverPtr=0x<private>
09-28 17:52:47.491 13972 14185 I C00f00/OH_DER_VSync: scheduleVsync calling RequestFrame ohVsync=<private>
09-28 17:52:47.491 13972 14185 I C00f00/OH_DER_VSync: scheduleVsync RequestFrame rc=<private>
09-28 17:52:47.492   818  1132 E C02515/DISP: [0;32;31m[SetMetadata:102] <private> is not supported[m
09-28 17:52:47.493   818  1132 E C02515/METADATA_SRV: [0;32;31m[SetMetadata:136]  fail[m
09-28 17:52:47.493   818  1132 E C01401/Bufferqueue: <surface_buffer_impl.cpp:714-SetMetadata>: SetMetadata Failed with -5
09-28 17:52:47.493   793  4141 E C02515/DISP: [0;32;31m[SetLayerMaskInfo@display_composer_vdi_impl.cpp:404] <private> is not supported[m
09-28 17:52:47.493   818  1228 E C02515/DISP: [0;32;31m[SetMetadata:102] <private> is not supported[m
09-28 17:52:47.493   818  1228 E C02515/METADATA_SRV: [0;32;31m[SetMetadata:136]  fail[m
09-28 17:52:47.493   818  1228 E C01401/Bufferqueue: <surface_buffer_impl.cpp:714-SetMetadata>: SetMetadata Failed with -5
09-28 17:52:47.494   793  4141 E C02515/DISP: [0;32;31m[SetDisplayClientDamage@display_composer_vdi_impl.cpp:179] <private> is not supported[m
09-28 17:52:47.507 13972 14187 I C00f00/OH_DER_VSync: onOhVsync ENTRY ts=<private> data=<private>
09-28 17:52:47.507   818   818 E C02515/DISP: [0;32;31m[GetMetadata:109] <private> is not supported[m
09-28 17:52:47.507   818   818 E C02515/DISP: [0;32;31m[GetMetadata:109] <private> is not supported[m
09-28 17:52:47.507 13972 14185 I C00f00/OH_DER_VSync: scheduleVsync ENTRY receiverPtr=0x<private>
09-28 17:52:47.507   818   818 E C02515/DISP: [0;32;31m[GetMetadata:109] <private> is not supported[m
09-28 17:52:47.507 13972 14185 I C00f00/OH_DER_VSync: scheduleVsync calling RequestFrame ohVsync=<private>
09-28 17:52:47.508 13972 14185 I C00f00/OH_DER_VSync: scheduleVsync RequestFrame rc=<private>
09-28 17:52:47.508   818   818 E C01406/skia: RSBaseRenderUtil::DealWithSurfaceRotationAndGravity, GetSurfaceBufferOpaque:0
09-28 17:52:47.508   818   818 E C02515/DISP: [0;32;31m[GetMetadata:109] <private> is not supported[m
09-28 17:52:47.508   818   818 E C01406/skia: RSBaseRenderUtil::DealWithSurfaceRotationAndGravity, GetSurfaceBufferOpaque:0
09-28 17:52:47.508   818   818 E C02515/DISP: [0;32;31m[GetMetadata:109] <private> is not supported[m
09-28 17:52:47.509   818  1137 E C02515/DISP: [0;32;31m[SetMetadata:102] <private> is not supported[m
09-28 17:52:47.510   818  1137 E C02515/METADATA_SRV: [0;32;31m[SetMetadata:136]  fail[m
09-28 17:52:47.510   818  1137 E C01401/Bufferqueue: <surface_buffer_impl.cpp:714-SetMetadata>: SetMetadata Failed with -5
09-28 17:52:47.510   818  1137 E C01406/skia: SurfaceNodeDrawable DrawCommSurfaceWatermark Name:BackgroundBlurView2 Id:8933531975688 water mark count is zero
09-28 17:52:47.510   818  1137 E C01406/skia: RSBaseRenderUtil::DealWithSurfaceRotationAndGravity, GetSurfaceBufferOpaque:0
09-28 17:52:47.511   818  1137 I C01406/WRAP: AHardwareBuffer_createFromHandle index = <private> handle = <private>, ahb = <private>
09-28 17:52:47.511   818  1137 E C01406/skia: SurfaceNodeDrawable DrawCommSurfaceWatermark Name:AdapterActivityContent Id:60009283059715 water mark count is zero
09-28 17:52:47.511   818  1137 E C01406/skia: RSBaseRenderUtil::DealWithSurfaceRotationAndGravity, GetSurfaceBufferOpaque:0
09-28 17:52:47.512   818  1137 I C01406/WRAP: AHardwareBuffer_createFromHandle index = <private> handle = <private>, ahb = <private>
09-28 17:52:47.512   818  1137 E C01406/skia: SurfaceNodeDrawable DrawCommSurfaceWatermark Name:AdapterSurfaceView Id:60009283059716 water mark count is zero
09-28 17:52:47.512   818  1137 E C01406/skia: SurfaceNodeDrawable DrawCommSurfaceWatermark Name:com.a2hlab.bridge.zigzag/com.unity3d.player.UnityPlayerActivity Id:60009283059713 water mark count is zero
09-28 17:52:47.512   818  1137 E C01406/skia: SurfaceNodeDrawable DrawCommSurfaceWatermark Name:WindowScene_zigzag37 Id:8933531976573 water mark count is zero
09-28 17:52:47.513   818  1137 E C01406/skia: SurfaceNodeDrawable DrawCommSurfaceWatermark Name:SCBGestureNavBar13 Id:8933531975827 water mark count is zero
09-28 17:52:47.513   818  1137 E C01406/skia: SurfaceNodeDrawable DrawCommSurfaceWatermark Name:SCBStatusBar15 Id:8933531975907 water mark count is zero
09-28 17:52:47.516   818  1137 E C02515/DISP: [0;32;31m[GetMetadata:109] <private> is not supported[m
09-28 17:52:47.516   818  1137 E C02515/DISP: [0;32;31m[SetMetadata:102] <private> is not supported[m
09-28 17:52:47.516   818  1137 E C02515/METADATA_SRV: [0;32;31m[SetMetadata:136]  fail[m
09-28 17:52:47.516   818  1137 E C01401/Bufferqueue: <surface_buffer_impl.cpp:714-SetMetadata>: SetMetadata Failed with -5
09-28 17:52:47.516   818  1137 E C01406/skia: RSUniRenderComposerAdapter::SetBufferColorSpace set color space fail
09-28 17:52:47.524 13972 14187 I C00f00/OH_DER_VSync: onOhVsync ENTRY ts=<private> data=<private>
09-28 17:52:47.524 13972 14185 I C00f00/OH_DER_VSync: scheduleVsync ENTRY receiverPtr=0x<private>
09-28 17:52:47.524 13972 14185 I C00f00/OH_DER_VSync: scheduleVsync calling RequestFrame ohVsync=<private>
09-28 17:52:47.524 13972 14185 I C00f00/OH_DER_VSync: scheduleVsync RequestFrame rc=<private>
09-28 17:52:47.526   818  1132 E C02515/DISP: [0;32;31m[SetMetadata:102] <private> is not supported[m
09-28 17:52:47.526   818  1132 E C02515/METADATA_SRV: [0;32;31m[SetMetadata:136]  fail[m
09-28 17:52:47.526   818  1132 E C01401/Bufferqueue: <surface_buffer_impl.cpp:714-SetMetadata>: SetMetadata Failed with -5
09-28 17:52:47.526   793  4141 E C02515/DISP: [0;32;31m[SetLayerMaskInfo@display_composer_vdi_impl.cpp:404] <private> is not supported[m
09-28 17:52:47.527   818  1228 E C02515/DISP: [0;32;31m[SetMetadata:102] <private> is not supported[m
09-28 17:52:47.527   818  1228 E C02515/METADATA_SRV: [0;32;31m[SetMetadata:136]  fail[m
09-28 17:52:47.527   818  1228 E C01401/Bufferqueue: <surface_buffer_impl.cpp:714-SetMetadata>: SetMetadata Failed with -5
09-28 17:52:47.527  1048 14686 I C02d13/HDC_LOG: [async_cmd.cpp:88] FinishShellProc finish pipeRead fd:36 pid:14685 count:1
09-28 17:52:47.527   793  4141 E C02515/DISP: [0;32;31m[SetDisplayClientDamage@display_composer_vdi_impl.cpp:179] <private> is not supported[m
09-28 17:52:47.528  1048 14686 I C02d13/HDC_LOG: [task.cpp:55] HdcTaskBase::TaskFinish notify begin type:0 cid:3688500088 sid:213******641(L:10)
09-28 17:52:47.529  1048 14686 I C02d13/HDC_LOG: [task.cpp:58] HdcTaskBase::TaskFinish notify end type:0 cid:3688500088 sid:213******641(L:10)
09-28 17:52:47.532  1048  1170 I C02d13/HDC_LOG: [daemon.cpp:1142] FetchCommand channelId:3688500088 command:2
09-28 17:52:47.532  1048  1170 W C02d13/HDC_LOG: [session.cpp:160] BeginRemoveTask taskType:0 channelId:3688500088
09-28 17:52:47.532  1048  1170 W C02d13/HDC_LOG: [session.cpp:190] ClearOwnTasks OP_CLEAR finish, sessionId:213******641(L:10) channelIDInput:3688500088
09-28 17:52:47.532  1048  1170 W C02d13/HDC_LOG: [session.cpp:115] taskClassDeleteRetry start clear task, taskType:0 cid:3688500088 sid:213******641(L:10)
09-28 17:52:47.532  1048  1170 I C02d13/HDC_LOG: [async_cmd.cpp:69] DoRelease rc:-3 pid:14685
09-28 17:52:47.532  1048  1170 I C02d13/HDC_LOG: [session.cpp:126] TaskDelay task remove retry count 0/30, taskType:0 channelId:3688500088, sessionId:213******641(L:10)
09-28 17:52:47.532  1048  1170 I C02d13/HDC_LOG: [daemon_unity.cpp:31] ~HdcDaemonUnity cid:3688500088 sid:213******641(L:10)
09-28 17:52:47.532  1048  1170 I C02d13/HDC_LOG: [task.cpp:40] ~HdcTaskBase type:0 cid:3688500088 sid:213******641(L:10)
09-28 17:52:47.532  1048  1170 W C02d13/HDC_LOG: [session.cpp:134] TaskDelay task remove finish, channelId:3688500088
09-28 17:52:47.532  1048  1170 I C02d13/HDC_LOG: [base.cpp:969] before uv handle close, the uv handle type is 13
09-28 17:52:47.536  1048  1170 I C02d13/HDC_LOG: [daemon.cpp:1142] FetchCommand channelId:3688500088 command:2
09-28 17:52:47.541 13972 14187 I C00f00/OH_DER_VSync: onOhVsync ENTRY ts=<private> data=<private>
09-28 17:52:47.541   818   818 E C02515/DISP: [0;32;31m[GetMetadata:109] <private> is not supported[m
09-28 17:52:47.541   818   818 E C02515/DISP: [0;32;31m[GetMetadata:109] <private> is not supported[m
09-28 17:52:47.541   818   818 E C02515/DISP: [0;32;31m[GetMetadata:109] <private> is not supported[m
09-28 17:52:47.541 13972 14185 I C00f00/OH_DER_VSync: scheduleVsync ENTRY receiverPtr=0x<private>
09-28 17:52:47.541 13972 14185 I C00f00/OH_DER_VSync: scheduleVsync calling RequestFrame ohVsync=<private>
09-28 17:52:47.541 13972 14185 I C00f00/OH_DER_VSync: scheduleVsync RequestFrame rc=<private>
09-28 17:52:47.542   818   818 E C01406/skia: RSBaseRenderUtil::DealWithSurfaceRotationAndGravity, GetSurfaceBufferOpaque:0
09-28 17:52:47.542   818   818 E C02515/DISP: [0;32;31m[GetMetadata:109] <private> is not supported[m
09-28 17:52:47.542   818   818 E C01406/skia: RSBaseRenderUtil::DealWithSurfaceRotationAndGravity, GetSurfaceBufferOpaque:0
09-28 17:52:47.542   818   818 E C02515/DISP: [0;32;31m[GetMetadata:109] <private> is not supported[m
09-28 17:52:47.543   818  1137 E C02515/DISP: [0;32;31m[SetMetadata:102] <private> is not supported[m
09-28 17:52:47.543   818  1137 E C02515/METADATA_SRV: [0;32;31m[SetMetadata:136]  fail[m
09-28 17:52:47.543   818  1137 E C01401/Bufferqueue: <surface_buffer_impl.cpp:714-SetMetadata>: SetMetadata Failed with -5
09-28 17:52:47.543   818  1137 E C01406/skia: SurfaceNodeDrawable DrawCommSurfaceWatermark Name:BackgroundBlurView2 Id:8933531975688 water mark count is zero
09-28 17:52:47.543   818  1137 E C01406/skia: RSBaseRenderUtil::DealWithSurfaceRotationAndGravity, GetSurfaceBufferOpaque:0
09-28 17:52:47.543   818  1137 I C01406/WRAP: AHardwareBuffer_createFromHandle index = <private> handle = <private>, ahb = <private>
09-28 17:52:47.544   818  1137 E C01406/skia: SurfaceNodeDrawable DrawCommSurfaceWatermark Name:AdapterActivityContent Id:60009283059715 water mark count is zero
09-28 17:52:47.544   818  1137 E C01406/skia: RSBaseRenderUtil::DealWithSurfaceRotationAndGravity, GetSurfaceBufferOpaque:0
09-28 17:52:47.544   818  1137 I C01406/WRAP: AHardwareBuffer_createFromHandle index = <private> handle = <private>, ahb = <private>
09-28 17:52:47.544   818  1137 E C01406/skia: SurfaceNodeDrawable DrawCommSurfaceWatermark Name:AdapterSurfaceView Id:60009283059716 water mark count is zero
09-28 17:52:47.544   818  1137 E C01406/skia: SurfaceNodeDrawable DrawCommSurfaceWatermark Name:com.a2hlab.bridge.zigzag/com.unity3d.player.UnityPlayerActivity Id:60009283059713 water mark count is zero
09-28 17:52:47.544   818  1137 E C01406/skia: SurfaceNodeDrawable DrawCommSurfaceWatermark Name:WindowScene_zigzag37 Id:8933531976573 water mark count is zero
09-28 17:52:47.544   818  1137 E C01406/skia: SurfaceNodeDrawable DrawCommSurfaceWatermark Name:SCBGestureNavBar13 Id:8933531975827 water mark count is zero
09-28 17:52:47.545   818  1137 E C01406/skia: SurfaceNodeDrawable DrawCommSurfaceWatermark Name:SCBStatusBar15 Id:8933531975907 water mark count is zero
09-28 17:52:47.546   818  1137 E C02515/DISP: [0;32;31m[GetMetadata:109] <private> is not supported[m
09-28 17:52:47.546   818  1137 E C02515/DISP: [0;32;31m[SetMetadata:102] <private> is not supported[m
09-28 17:52:47.546   818  1137 E C02515/METADATA_SRV: [0;32;31m[SetMetadata:136]  fail[m
09-28 17:52:47.546   818  1137 E C01401/Bufferqueue: <surface_buffer_impl.cpp:714-SetMetadata>: SetMetadata Failed with -5
09-28 17:52:47.546   818  1137 E C01406/skia: RSUniRenderComposerAdapter::SetBufferColorSpace set color space fail
09-28 17:52:47.557 13972 14187 I C00f00/OH_DER_VSync: onOhVsync ENTRY ts=<private> data=<private>
09-28 17:52:47.557 13972 14185 I C00f00/OH_DER_VSync: scheduleVsync ENTRY receiverPtr=0x<private>
09-28 17:52:47.557 13972 14185 I C00f00/OH_DER_VSync: scheduleVsync calling RequestFrame ohVsync=<private>
09-28 17:52:47.558 13972 14185 I C00f00/OH_DER_VSync: scheduleVsync RequestFrame rc=<private>
09-28 17:52:47.559   818  1132 E C02515/DISP: [0;32;31m[SetMetadata:102] <private> is not supported[m
09-28 17:52:47.559   818  1132 E C02515/METADATA_SRV: [0;32;31m[SetMetadata:136]  fail[m
09-28 17:52:47.559   818  1132 E C01401/Bufferqueue: <surface_buffer_impl.cpp:714-SetMetadata>: SetMetadata Failed with -5
09-28 17:52:47.560   793  4141 E C02515/DISP: [0;32;31m[SetLayerMaskInfo@display_composer_vdi_impl.cpp:404] <private> is not supported[m
09-28 17:52:47.560   818  1228 E C02515/DISP: [0;32;31m[SetMetadata:102] <private> is not supported[m
09-28 17:52:47.560   818  1228 E C02515/METADATA_SRV: [0;32;31m[SetMetadata:136]  fail[m
09-28 17:52:47.560   818  1228 E C01401/Bufferqueue: <surface_buffer_impl.cpp:714-SetMetadata>: SetMetadata Failed with -5
09-28 17:52:47.561   793  4141 E C02515/DISP: [0;32;31m[SetDisplayClientDamage@display_composer_vdi_impl.cpp:179] <private> is not supported[m
09-28 17:52:47.574   818   818 E C02515/DISP: [0;32;31m[GetMetadata:109] <private> is not supported[m
09-28 17:52:47.574   818   818 E C02515/DISP: [0;32;31m[GetMetadata:109] <private> is not supported[m
09-28 17:52:47.574   818   818 E C02515/DISP: [0;32;31m[GetMetadata:109] <private> is not supported[m
09-28 17:52:47.575   818   818 E C01406/skia: RSBaseRenderUtil::DealWithSurfaceRotationAndGravity, GetSurfaceBufferOpaque:0
09-28 17:52:47.575   818   818 E C02515/DISP: [0;32;31m[GetMetadata:109] <private> is not supported[m
09-28 17:52:47.575   818   818 E C01406/skia: RSBaseRenderUtil::DealWithSurfaceRotationAndGravity, GetSurfaceBufferOpaque:0
09-28 17:52:47.575   818   818 E C02515/DISP: [0;32;31m[GetMetadata:109] <private> is not supported[m
09-28 17:52:47.575 13972 14187 I C00f00/OH_DER_VSync: onOhVsync ENTRY ts=<private> data=<private>
09-28 17:52:47.576 13972 14185 I C00f00/OH_DER_VSync: scheduleVsync ENTRY receiverPtr=0x<private>
09-28 17:52:47.576 13972 14185 I C00f00/OH_DER_VSync: scheduleVsync calling RequestFrame ohVsync=<private>
09-28 17:52:47.576   818  1137 E C02515/DISP: [0;32;31m[SetMetadata:102] <private> is not supported[m
09-28 17:52:47.576   818  1137 E C02515/METADATA_SRV: [0;32;31m[SetMetadata:136]  fail[m
09-28 17:52:47.576   818  1137 E C01401/Bufferqueue: <surface_buffer_impl.cpp:714-SetMetadata>: SetMetadata Failed with -5
09-28 17:52:47.576 13972 14185 I C00f00/OH_DER_VSync: scheduleVsync RequestFrame rc=<private>
09-28 17:52:47.576   818  1137 E C01406/skia: SurfaceNodeDrawable DrawCommSurfaceWatermark Name:BackgroundBlurView2 Id:8933531975688 water mark count is zero
09-28 17:52:47.576   818  1137 E C01406/skia: RSBaseRenderUtil::DealWithSurfaceRotationAndGravity, GetSurfaceBufferOpaque:0
09-28 17:52:47.576   818  1137 I C01406/WRAP: AHardwareBuffer_createFromHandle index = <private> handle = <private>, ahb = <private>
09-28 17:52:47.577   818  1137 E C01406/skia: SurfaceNodeDrawable DrawCommSurfaceWatermark Name:AdapterActivityContent Id:60009283059715 water mark count is zero
09-28 17:52:47.577   818  1137 E C01406/skia: RSBaseRenderUtil::DealWithSurfaceRotationAndGravity, GetSurfaceBufferOpaque:0
09-28 17:52:47.577   818  1137 I C01406/WRAP: AHardwareBuffer_createFromHandle index = <private> handle = <private>, ahb = <private>
09-28 17:52:47.577   818  1137 E C01406/skia: SurfaceNodeDrawable DrawCommSurfaceWatermark Name:AdapterSurfaceView Id:60009283059716 water mark count is zero
09-28 17:52:47.577   818  1137 E C01406/skia: SurfaceNodeDrawable DrawCommSurfaceWatermark Name:com.a2hlab.bridge.zigzag/com.unity3d.player.UnityPlayerActivity Id:60009283059713 water mark count is zero
09-28 17:52:47.577   818  1137 E C01406/skia: SurfaceNodeDrawable DrawCommSurfaceWatermark Name:WindowScene_zigzag37 Id:8933531976573 water mark count is zero
09-28 17:52:47.577   818  1137 E C01406/skia: SurfaceNodeDrawable DrawCommSurfaceWatermark Name:SCBGestureNavBar13 Id:8933531975827 water mark count is zero
09-28 17:52:47.577   818  1137 E C01406/skia: SurfaceNodeDrawable DrawCommSurfaceWatermark Name:SCBStatusBar15 Id:8933531975907 water mark count is zero
09-28 17:52:47.579   818  1137 E C02515/DISP: [0;32;31m[GetMetadata:109] <private> is not supported[m
09-28 17:52:47.579   818  1137 E C02515/DISP: [0;32;31m[SetMetadata:102] <private> is not supported[m
09-28 17:52:47.579   818  1137 E C02515/METADATA_SRV: [0;32;31m[SetMetadata:136]  fail[m
09-28 17:52:47.579   818  1137 E C01401/Bufferqueue: <surface_buffer_impl.cpp:714-SetMetadata>: SetMetadata Failed with -5
09-28 17:52:47.579   818  1137 E C01406/skia: RSUniRenderComposerAdapter::SetBufferColorSpace set color space fail
09-28 17:52:47.591 13972 14187 I C00f00/OH_DER_VSync: onOhVsync ENTRY ts=<private> data=<private>
09-28 17:52:47.591 13972 14185 I C00f00/OH_DER_VSync: scheduleVsync ENTRY receiverPtr=0x<private>
09-28 17:52:47.591 13972 14185 I C00f00/OH_DER_VSync: scheduleVsync calling RequestFrame ohVsync=<private>
09-28 17:52:47.591 13972 14185 I C00f00/OH_DER_VSync: scheduleVsync RequestFrame rc=<private>
09-28 17:52:47.593   818  1132 E C02515/DISP: [0;32;31m[SetMetadata:102] <private> is not supported[m
09-28 17:52:47.593   818  1132 E C02515/METADATA_SRV: [0;32;31m[SetMetadata:136]  fail[m
09-28 17:52:47.593   818  1132 E C01401/Bufferqueue: <surface_buffer_impl.cpp:714-SetMetadata>: SetMetadata Failed with -5
09-28 17:52:47.593   793  4141 E C02515/DISP: [0;32;31m[SetLayerMaskInfo@display_composer_vdi_impl.cpp:404] <private> is not supported[m
09-28 17:52:47.594   818  1228 E C02515/DISP: [0;32;31m[SetMetadata:102] <private> is not supported[m
09-28 17:52:47.594   818  1228 E C02515/METADATA_SRV: [0;32;31m[SetMetadata:136]  fail[m
09-28 17:52:47.594   818  1228 E C01401/Bufferqueue: <surface_buffer_impl.cpp:714-SetMetadata>: SetMetadata Failed with -5
09-28 17:52:47.595   793  4141 E C02515/DISP: [0;32;31m[SetDisplayClientDamage@display_composer_vdi_impl.cpp:179] <private> is not supported[m
09-28 17:52:47.607 13972 14187 I C00f00/OH_DER_VSync: onOhVsync ENTRY ts=<private> data=<private>
09-28 17:52:47.608   818   818 E C02515/DISP: [0;32;31m[GetMetadata:109] <private> is not supported[m
09-28 17:52:47.608 13972 14185 I C00f00/OH_DER_VSync: scheduleVsync ENTRY receiverPtr=0x<private>
09-28 17:52:47.608 13972 14185 I C00f00/OH_DER_VSync: scheduleVsync calling RequestFrame ohVsync=<private>
09-28 17:52:47.608   818   818 E C02515/DISP: [0;32;31m[GetMetadata:109] <private> is not supported[m
09-28 17:52:47.608 13972 14185 I C00f00/OH_DER_VSync: scheduleVsync RequestFrame rc=<private>
09-28 17:52:47.608   818   818 E C02515/DISP: [0;32;31m[GetMetadata:109] <private> is not supported[m
09-28 17:52:47.609   818   818 E C01406/skia: RSBaseRenderUtil::DealWithSurfaceRotationAndGravity, GetSurfaceBufferOpaque:0
09-28 17:52:47.609   818   818 E C02515/DISP: [0;32;31m[GetMetadata:109] <private> is not supported[m
09-28 17:52:47.609   818   818 E C01406/skia: RSBaseRenderUtil::DealWithSurfaceRotationAndGravity, GetSurfaceBufferOpaque:0
09-28 17:52:47.609   818   818 E C02515/DISP: [0;32;31m[GetMetadata:109] <private> is not supported[m
09-28 17:52:47.611   818  1137 E C02515/DISP: [0;32;31m[SetMetadata:102] <private> is not supported[m
09-28 17:52:47.611   818  1137 E C02515/METADATA_SRV: [0;32;31m[SetMetadata:136]  fail[m
09-28 17:52:47.611   818  1137 E C01401/Bufferqueue: <surface_buffer_impl.cpp:714-SetMetadata>: SetMetadata Failed with -5
09-28 17:52:47.612   818  1137 E C01406/skia: SurfaceNodeDrawable DrawCommSurfaceWatermark Name:BackgroundBlurView2 Id:8933531975688 water mark count is zero
09-28 17:52:47.612   818  1137 E C01406/skia: RSBaseRenderUtil::DealWithSurfaceRotationAndGravity, GetSurfaceBufferOpaque:0
09-28 17:52:47.613   818  1137 I C01406/WRAP: AHardwareBuffer_createFromHandle index = <private> handle = <private>, ahb = <private>
09-28 17:52:47.613   818  1137 E C01406/skia: SurfaceNodeDrawable DrawCommSurfaceWatermark Name:AdapterActivityContent Id:60009283059715 water mark count is zero
09-28 17:52:47.613   818  1137 E C01406/skia: RSBaseRenderUtil::DealWithSurfaceRotationAndGravity, GetSurfaceBufferOpaque:0
09-28 17:52:47.613   818  1137 I C01406/WRAP: AHardwareBuffer_createFromHandle index = <private> handle = <private>, ahb = <private>
09-28 17:52:47.614   818  1137 E C01406/skia: SurfaceNodeDrawable DrawCommSurfaceWatermark Name:AdapterSurfaceView Id:60009283059716 water mark count is zero
09-28 17:52:47.614   818  1137 E C01406/skia: SurfaceNodeDrawable DrawCommSurfaceWatermark Name:com.a2hlab.bridge.zigzag/com.unity3d.player.UnityPlayerActivity Id:60009283059713 water mark count is zero
09-28 17:52:47.614   818  1137 E C01406/skia: SurfaceNodeDrawable DrawCommSurfaceWatermark Name:WindowScene_zigzag37 Id:8933531976573 water mark count is zero
09-28 17:52:47.615   818  1137 E C01406/skia: SurfaceNodeDrawable DrawCommSurfaceWatermark Name:SCBGestureNavBar13 Id:8933531975827 water mark count is zero
09-28 17:52:47.615   818  1137 E C01406/skia: SurfaceNodeDrawable DrawCommSurfaceWatermark Name:SCBStatusBar15 Id:8933531975907 water mark count is zero
09-28 17:52:47.617   818  1137 E C02515/DISP: [0;32;31m[GetMetadata:109] <private> is not supported[m
09-28 17:52:47.617   818  1137 E C02515/DISP: [0;32;31m[SetMetadata:102] <private> is not supported[m
09-28 17:52:47.617   818  1137 E C02515/METADATA_SRV: [0;32;31m[SetMetadata:136]  fail[m
09-28 17:52:47.617   818  1137 E C01401/Bufferqueue: <surface_buffer_impl.cpp:714-SetMetadata>: SetMetadata Failed with -5
09-28 17:52:47.617   818  1137 E C01406/skia: RSUniRenderComposerAdapter::SetBufferColorSpace set color space fail
09-28 17:52:47.624 13972 14187 I C00f00/OH_DER_VSync: onOhVsync ENTRY ts=<private> data=<private>
09-28 17:52:47.624 13972 14185 I C00f00/OH_DER_VSync: scheduleVsync ENTRY receiverPtr=0x<private>
09-28 17:52:47.624 13972 14185 I C00f00/OH_DER_VSync: scheduleVsync calling RequestFrame ohVsync=<private>
09-28 17:52:47.624 13972 14185 I C00f00/OH_DER_VSync: scheduleVsync RequestFrame rc=<private>
09-28 17:52:47.626   818  1132 E C02515/DISP: [0;32;31m[SetMetadata:102] <private> is not supported[m
09-28 17:52:47.626   818  1132 E C02515/METADATA_SRV: [0;32;31m[SetMetadata:136]  fail[m
09-28 17:52:47.626   818  1132 E C01401/Bufferqueue: <surface_buffer_impl.cpp:714-SetMetadata>: SetMetadata Failed with -5
09-28 17:52:47.627   793  4141 E C02515/DISP: [0;32;31m[SetLayerMaskInfo@display_composer_vdi_impl.cpp:404] <private> is not supported[m
09-28 17:52:47.627   818  1228 E C02515/DISP: [0;32;31m[SetMetadata:102] <private> is not supported[m
09-28 17:52:47.627   818  1228 E C02515/METADATA_SRV: [0;32;31m[SetMetadata:136]  fail[m
09-28 17:52:47.627   818  1228 E C01401/Bufferqueue: <surface_buffer_impl.cpp:714-SetMetadata>: SetMetadata Failed with -5
09-28 17:52:47.628   793  4141 E C02515/DISP: [0;32;31m[SetDisplayClientDamage@display_composer_vdi_impl.cpp:179] <private> is not supported[m
09-28 17:52:47.641 13972 14187 I C00f00/OH_DER_VSync: onOhVsync ENTRY ts=<private> data=<private>
09-28 17:52:47.641 13972 14185 I C00f00/OH_DER_VSync: scheduleVsync ENTRY receiverPtr=0x<private>
09-28 17:52:47.641 13972 14185 I C00f00/OH_DER_VSync: scheduleVsync calling RequestFrame ohVsync=<private>
09-28 17:52:47.641   818   818 E C02515/DISP: [0;32;31m[GetMetadata:109] <private> is not supported[m
09-28 17:52:47.641 13972 14185 I C00f00/OH_DER_VSync: scheduleVsync RequestFrame rc=<private>
09-28 17:52:47.641   818   818 E C02515/DISP: [0;32;31m[GetMetadata:109] <private> is not supported[m
09-28 17:52:47.641   818   818 E C02515/DISP: [0;32;31m[GetMetadata:109] <private> is not supported[m
09-28 17:52:47.642   818   818 E C01406/skia: RSBaseRenderUtil::DealWithSurfaceRotationAndGravity, GetSurfaceBufferOpaque:0
09-28 17:52:47.642   818   818 E C02515/DISP: [0;32;31m[GetMetadata:109] <private> is not supported[m
09-28 17:52:47.642   818   818 E C01406/skia: RSBaseRenderUtil::DealWithSurfaceRotationAndGravity, GetSurfaceBufferOpaque:0
09-28 17:52:47.642   818   818 E C02515/DISP: [0;32;31m[GetMetadata:109] <private> is not supported[m
09-28 17:52:47.644   818  1137 E C02515/DISP: [0;32;31m[SetMetadata:102] <private> is not supported[m
09-28 17:52:47.644   818  1137 E C02515/METADATA_SRV: [0;32;31m[SetMetadata:136]  fail[m
09-28 17:52:47.644   818  1137 E C01401/Bufferqueue: <surface_buffer_impl.cpp:714-SetMetadata>: SetMetadata Failed with -5
09-28 17:52:47.645   818  1137 E C01406/skia: SurfaceNodeDrawable DrawCommSurfaceWatermark Name:BackgroundBlurView2 Id:8933531975688 water mark count is zero
09-28 17:52:47.645   818  1137 E C01406/skia: RSBaseRenderUtil::DealWithSurfaceRotationAndGravity, GetSurfaceBufferOpaque:0
09-28 17:52:47.645   818  1137 I C01406/WRAP: AHardwareBuffer_createFromHandle index = <private> handle = <private>, ahb = <private>
09-28 17:52:47.645   818  1137 E C01406/skia: SurfaceNodeDrawable DrawCommSurfaceWatermark Name:AdapterActivityContent Id:60009283059715 water mark count is zero
09-28 17:52:47.645   818  1137 E C01406/skia: RSBaseRenderUtil::DealWithSurfaceRotationAndGravity, GetSurfaceBufferOpaque:0
09-28 17:52:47.645   818  1137 I C01406/WRAP: AHardwareBuffer_createFromHandle index = <private> handle = <private>, ahb = <private>
09-28 17:52:47.646   818  1137 E C01406/skia: SurfaceNodeDrawable DrawCommSurfaceWatermark Name:AdapterSurfaceView Id:60009283059716 water mark count is zero
09-28 17:52:47.646   818  1137 E C01406/skia: SurfaceNodeDrawable DrawCommSurfaceWatermark Name:com.a2hlab.bridge.zigzag/com.unity3d.player.UnityPlayerActivity Id:60009283059713 water mark count is zero
09-28 17:52:47.646   818  1137 E C01406/skia: SurfaceNodeDrawable DrawCommSurfaceWatermark Name:WindowScene_zigzag37 Id:8933531976573 water mark count is zero
09-28 17:52:47.646   818  1137 E C01406/skia: SurfaceNodeDrawable DrawCommSurfaceWatermark Name:SCBGestureNavBar13 Id:8933531975827 water mark count is zero
09-28 17:52:47.646   818  1137 E C01406/skia: SurfaceNodeDrawable DrawCommSurfaceWatermark Name:SCBStatusBar15 Id:8933531975907 water mark count is zero
09-28 17:52:47.648   818  1137 E C02515/DISP: [0;32;31m[GetMetadata:109] <private> is not supported[m
09-28 17:52:47.648   818  1137 E C02515/DISP: [0;32;31m[SetMetadata:102] <private> is not supported[m
09-28 17:52:47.648   818  1137 E C02515/METADATA_SRV: [0;32;31m[SetMetadata:136]  fail[m
09-28 17:52:47.648   818  1137 E C01401/Bufferqueue: <surface_buffer_impl.cpp:714-SetMetadata>: SetMetadata Failed with -5
09-28 17:52:47.648   818  1137 E C01406/skia: RSUniRenderComposerAdapter::SetBufferColorSpace set color space fail
09-28 17:52:47.657 13972 14187 I C00f00/OH_DER_VSync: onOhVsync ENTRY ts=<private> data=<private>
09-28 17:52:47.658 13972 14185 I C00f00/OH_DER_VSync: scheduleVsync ENTRY receiverPtr=0x<private>
09-28 17:52:47.658 13972 14185 I C00f00/OH_DER_VSync: scheduleVsync calling RequestFrame ohVsync=<private>
09-28 17:52:47.658 13972 14185 I C00f00/OH_DER_VSync: scheduleVsync RequestFrame rc=<private>
09-28 17:52:47.659   818  1132 E C02515/DISP: [0;32;31m[SetMetadata:102] <private> is not supported[m
09-28 17:52:47.659   818  1132 E C02515/METADATA_SRV: [0;32;31m[SetMetadata:136]  fail[m
09-28 17:52:47.659   818  1132 E C01401/Bufferqueue: <surface_buffer_impl.cpp:714-SetMetadata>: SetMetadata Failed with -5
09-28 17:52:47.660   793  4141 E C02515/DISP: [0;32;31m[SetLayerMaskInfo@display_composer_vdi_impl.cpp:404] <private> is not supported[m
09-28 17:52:47.661   818  1228 E C02515/DISP: [0;32;31m[SetMetadata:102] <private> is not supported[m
09-28 17:52:47.661   818  1228 E C02515/METADATA_SRV: [0;32;31m[SetMetadata:136]  fail[m
09-28 17:52:47.661   818  1228 E C01401/Bufferqueue: <surface_buffer_impl.cpp:714-SetMetadata>: SetMetadata Failed with -5
09-28 17:52:47.661   793  4141 E C02515/DISP: [0;32;31m[SetDisplayClientDamage@display_composer_vdi_impl.cpp:179] <private> is not supported[m
09-28 17:52:47.674   818   818 E C02515/DISP: [0;32;31m[GetMetadata:109] <private> is not supported[m
09-28 17:52:47.674   818   818 E C02515/DISP: [0;32;31m[GetMetadata:109] <private> is not supported[m
09-28 17:52:47.674   818   818 E C02515/DISP: [0;32;31m[GetMetadata:109] <private> is not supported[m
09-28 17:52:47.675   818   818 E C01406/skia: RSBaseRenderUtil::DealWithSurfaceRotationAndGravity, GetSurfaceBufferOpaque:0
09-28 17:52:47.675   818   818 E C02515/DISP: [0;32;31m[GetMetadata:109] <private> is not supported[m
09-28 17:52:47.675   818   818 E C01406/skia: RSBaseRenderUtil::DealWithSurfaceRotationAndGravity, GetSurfaceBufferOpaque:0
09-28 17:52:47.675   818   818 E C02515/DISP: [0;32;31m[GetMetadata:109] <private> is not supported[m
09-28 17:52:47.676 13972 14187 I C00f00/OH_DER_VSync: onOhVsync ENTRY ts=<private> data=<private>
09-28 17:52:47.676 13972 14185 I C00f00/OH_DER_VSync: scheduleVsync ENTRY receiverPtr=0x<private>
09-28 17:52:47.676 13972 14185 I C00f00/OH_DER_VSync: scheduleVsync calling RequestFrame ohVsync=<private>
09-28 17:52:47.676   818  1137 E C02515/DISP: [0;32;31m[SetMetadata:102] <private> is not supported[m
09-28 17:52:47.676   818  1137 E C02515/METADATA_SRV: [0;32;31m[SetMetadata:136]  fail[m
09-28 17:52:47.676   818  1137 E C01401/Bufferqueue: <surface_buffer_impl.cpp:714-SetMetadata>: SetMetadata Failed with -5
09-28 17:52:47.676 13972 14185 I C00f00/OH_DER_VSync: scheduleVsync RequestFrame rc=<private>
09-28 17:52:47.676   818  1137 E C01406/skia: SurfaceNodeDrawable DrawCommSurfaceWatermark Name:BackgroundBlurView2 Id:8933531975688 water mark count is zero
09-28 17:52:47.676   818  1137 E C01406/skia: RSBaseRenderUtil::DealWithSurfaceRotationAndGravity, GetSurfaceBufferOpaque:0
09-28 17:52:47.677   818  1137 I C01406/WRAP: AHardwareBuffer_createFromHandle index = <private> handle = <private>, ahb = <private>
09-28 17:52:47.677   818  1137 E C01406/skia: SurfaceNodeDrawable DrawCommSurfaceWatermark Name:AdapterActivityContent Id:60009283059715 water mark count is zero
09-28 17:52:47.677   818  1137 E C01406/skia: RSBaseRenderUtil::DealWithSurfaceRotationAndGravity, GetSurfaceBufferOpaque:0
09-28 17:52:47.677   818  1137 I C01406/WRAP: AHardwareBuffer_createFromHandle index = <private> handle = <private>, ahb = <private>
09-28 17:52:47.677   818  1137 E C01406/skia: SurfaceNodeDrawable DrawCommSurfaceWatermark Name:AdapterSurfaceView Id:60009283059716 water mark count is zero
09-28 17:52:47.677   818  1137 E C01406/skia: SurfaceNodeDrawable DrawCommSurfaceWatermark Name:com.a2hlab.bridge.zigzag/com.unity3d.player.UnityPlayerActivity Id:60009283059713 water mark count is zero
09-28 17:52:47.677   818  1137 E C01406/skia: SurfaceNodeDrawable DrawCommSurfaceWatermark Name:WindowScene_zigzag37 Id:8933531976573 water mark count is zero
09-28 17:52:47.678   818  1137 E C01406/skia: SurfaceNodeDrawable DrawCommSurfaceWatermark Name:SCBGestureNavBar13 Id:8933531975827 water mark count is zero
09-28 17:52:47.678   818  1137 E C01406/skia: SurfaceNodeDrawable DrawCommSurfaceWatermark Name:SCBStatusBar15 Id:8933531975907 water mark count is zero
09-28 17:52:47.679   818  1137 E C02515/DISP: [0;32;31m[GetMetadata:109] <private> is not supported[m
09-28 17:52:47.679   818  1137 E C02515/DISP: [0;32;31m[SetMetadata:102] <private> is not supported[m
09-28 17:52:47.679   818  1137 E C02515/METADATA_SRV: [0;32;31m[SetMetadata:136]  fail[m
09-28 17:52:47.679   818  1137 E C01401/Bufferqueue: <surface_buffer_impl.cpp:714-SetMetadata>: SetMetadata Failed with -5
09-28 17:52:47.679   818  1137 E C01406/skia: RSUniRenderComposerAdapter::SetBufferColorSpace set color space fail
09-28 17:52:47.691 13972 14187 I C00f00/OH_DER_VSync: onOhVsync ENTRY ts=<private> data=<private>
09-28 17:52:47.691 13972 14185 I C00f00/OH_DER_VSync: scheduleVsync ENTRY receiverPtr=0x<private>
09-28 17:52:47.691 13972 14185 I C00f00/OH_DER_VSync: scheduleVsync calling RequestFrame ohVsync=<private>
09-28 17:52:47.691 13972 14185 I C00f00/OH_DER_VSync: scheduleVsync RequestFrame rc=<private>
09-28 17:52:47.693   818  1132 E C02515/DISP: [0;32;31m[SetMetadata:102] <private> is not supported[m
09-28 17:52:47.693   818  1132 E C02515/METADATA_SRV: [0;32;31m[SetMetadata:136]  fail[m
09-28 17:52:47.693   818  1132 E C01401/Bufferqueue: <surface_buffer_impl.cpp:714-SetMetadata>: SetMetadata Failed with -5
09-28 17:52:47.694   793  4141 E C02515/DISP: [0;32;31m[SetLayerMaskInfo@display_composer_vdi_impl.cpp:404] <private> is not supported[m
09-28 17:52:47.694   818  1228 E C02515/DISP: [0;32;31m[SetMetadata:102] <private> is not supported[m
09-28 17:52:47.694   818  1228 E C02515/METADATA_SRV: [0;32;31m[SetMetadata:136]  fail[m
09-28 17:52:47.694   818  1228 E C01401/Bufferqueue: <surface_buffer_impl.cpp:714-SetMetadata>: SetMetadata Failed with -5
09-28 17:52:47.695   793  4141 E C02515/DISP: [0;32;31m[SetDisplayClientDamage@display_composer_vdi_impl.cpp:179] <private> is not supported[m
09-28 17:52:47.707   818   818 E C02515/DISP: [0;32;31m[GetMetadata:109] <private> is not supported[m
09-28 17:52:47.708   818   818 E C02515/DISP: [0;32;31m[GetMetadata:109] <private> is not supported[m
09-28 17:52:47.708   818   818 E C02515/DISP: [0;32;31m[GetMetadata:109] <private> is not supported[m
09-28 17:52:47.708   818   818 E C01406/skia: RSBaseRenderUtil::DealWithSurfaceRotationAndGravity, GetSurfaceBufferOpaque:0
09-28 17:52:47.708   818   818 E C02515/DISP: [0;32;31m[GetMetadata:109] <private> is not supported[m
09-28 17:52:47.708   818   818 E C01406/skia: RSBaseRenderUtil::DealWithSurfaceRotationAndGravity, GetSurfaceBufferOpaque:0
09-28 17:52:47.708   818   818 E C02515/DISP: [0;32;31m[GetMetadata:109] <private> is not supported[m
09-28 17:52:47.709 13972 14187 I C00f00/OH_DER_VSync: onOhVsync ENTRY ts=<private> data=<private>
09-28 17:52:47.709 13972 14185 I C00f00/OH_DER_VSync: scheduleVsync ENTRY receiverPtr=0x<private>
09-28 17:52:47.709 13972 14185 I C00f00/OH_DER_VSync: scheduleVsync calling RequestFrame ohVsync=<private>
09-28 17:52:47.709   818  1137 E C02515/DISP: [0;32;31m[SetMetadata:102] <private> is not supported[m
09-28 17:52:47.709   818  1137 E C02515/METADATA_SRV: [0;32;31m[SetMetadata:136]  fail[m
09-28 17:52:47.709   818  1137 E C01401/Bufferqueue: <surface_buffer_impl.cpp:714-SetMetadata>: SetMetadata Failed with -5
09-28 17:52:47.709 13972 14185 I C00f00/OH_DER_VSync: scheduleVsync RequestFrame rc=<private>
09-28 17:52:47.710   818  1137 E C01406/skia: SurfaceNodeDrawable DrawCommSurfaceWatermark Name:BackgroundBlurView2 Id:8933531975688 water mark count is zero
09-28 17:52:47.710   818  1137 E C01406/skia: RSBaseRenderUtil::DealWithSurfaceRotationAndGravity, GetSurfaceBufferOpaque:0
09-28 17:52:47.710   818  1137 I C01406/WRAP: AHardwareBuffer_createFromHandle index = <private> handle = <private>, ahb = <private>
09-28 17:52:47.710   818  1137 E C01406/skia: SurfaceNodeDrawable DrawCommSurfaceWatermark Name:AdapterActivityContent Id:60009283059715 water mark count is zero
09-28 17:52:47.710   818  1137 E C01406/skia: RSBaseRenderUtil::DealWithSurfaceRotationAndGravity, GetSurfaceBufferOpaque:0
09-28 17:52:47.710   818  1137 I C01406/WRAP: AHardwareBuffer_createFromHandle index = <private> handle = <private>, ahb = <private>
09-28 17:52:47.710   818  1137 E C01406/skia: SurfaceNodeDrawable DrawCommSurfaceWatermark Name:AdapterSurfaceView Id:60009283059716 water mark count is zero
09-28 17:52:47.710   818  1137 E C01406/skia: SurfaceNodeDrawable DrawCommSurfaceWatermark Name:com.a2hlab.bridge.zigzag/com.unity3d.player.UnityPlayerActivity Id:60009283059713 water mark count is zero
09-28 17:52:47.710   818  1137 E C01406/skia: SurfaceNodeDrawable DrawCommSurfaceWatermark Name:WindowScene_zigzag37 Id:8933531976573 water mark count is zero
09-28 17:52:47.711   818  1137 E C01406/skia: SurfaceNodeDrawable DrawCommSurfaceWatermark Name:SCBGestureNavBar13 Id:8933531975827 water mark count is zero
09-28 17:52:47.711   818  1137 E C01406/skia: SurfaceNodeDrawable DrawCommSurfaceWatermark Name:SCBStatusBar15 Id:8933531975907 water mark count is zero
09-28 17:52:47.714   818  1137 E C02515/DISP: [0;32;31m[GetMetadata:109] <private> is not supported[m
09-28 17:52:47.714   818  1137 E C02515/DISP: [0;32;31m[SetMetadata:102] <private> is not supported[m
09-28 17:52:47.714   818  1137 E C02515/METADATA_SRV: [0;32;31m[SetMetadata:136]  fail[m
09-28 17:52:47.714   818  1137 E C01401/Bufferqueue: <surface_buffer_impl.cpp:714-SetMetadata>: SetMetadata Failed with -5
09-28 17:52:47.714   818  1137 E C01406/skia: RSUniRenderComposerAdapter::SetBufferColorSpace set color space fail
09-28 17:52:47.724 13972 14187 I C00f00/OH_DER_VSync: onOhVsync ENTRY ts=<private> data=<private>
09-28 17:52:47.724 13972 14185 I C00f00/OH_DER_VSync: scheduleVsync ENTRY receiverPtr=0x<private>
09-28 17:52:47.724 13972 14185 I C00f00/OH_DER_VSync: scheduleVsync calling RequestFrame ohVsync=<private>
09-28 17:52:47.724 13972 14185 I C00f00/OH_DER_VSync: scheduleVsync RequestFrame rc=<private>
09-28 17:52:47.726   818  1132 E C02515/DISP: [0;32;31m[SetMetadata:102] <private> is not supported[m
09-28 17:52:47.726   818  1132 E C02515/METADATA_SRV: [0;32;31m[SetMetadata:136]  fail[m
09-28 17:52:47.726   818  1132 E C01401/Bufferqueue: <surface_buffer_impl.cpp:714-SetMetadata>: SetMetadata Failed with -5
09-28 17:52:47.727   793  4141 E C02515/DISP: [0;32;31m[SetLayerMaskInfo@display_composer_vdi_impl.cpp:404] <private> is not supported[m
09-28 17:52:47.728   818  1228 E C02515/DISP: [0;32;31m[SetMetadata:102] <private> is not supported[m
09-28 17:52:47.728   818  1228 E C02515/METADATA_SRV: [0;32;31m[SetMetadata:136]  fail[m
09-28 17:52:47.728   818  1228 E C01401/Bufferqueue: <surface_buffer_impl.cpp:714-SetMetadata>: SetMetadata Failed with -5
09-28 17:52:47.728   793  4141 E C02515/DISP: [0;32;31m[SetDisplayClientDamage@display_composer_vdi_impl.cpp:179] <private> is not supported[m
09-28 17:52:47.741   818   818 E C02515/DISP: [0;32;31m[GetMetadata:109] <private> is not supported[m
09-28 17:52:47.741   818   818 E C02515/DISP: [0;32;31m[GetMetadata:109] <private> is not supported[m
09-28 17:52:47.741   818   818 E C02515/DISP: [0;32;31m[GetMetadata:109] <private> is not supported[m
09-28 17:52:47.742   818   818 E C01406/skia: RSBaseRenderUtil::DealWithSurfaceRotationAndGravity, GetSurfaceBufferOpaque:0
09-28 17:52:47.742   818   818 E C02515/DISP: [0;32;31m[GetMetadata:109] <private> is not supported[m
09-28 17:52:47.742   818   818 E C01406/skia: RSBaseRenderUtil::DealWithSurfaceRotationAndGravity, GetSurfaceBufferOpaque:0
09-28 17:52:47.742   818   818 E C02515/DISP: [0;32;31m[GetMetadata:109] <private> is not supported[m
09-28 17:52:47.742 13972 14187 I C00f00/OH_DER_VSync: onOhVsync ENTRY ts=<private> data=<private>
09-28 17:52:47.743   818  1137 E C02515/DISP: [0;32;31m[SetMetadata:102] <private> is not supported[m
09-28 17:52:47.743   818  1137 E C02515/METADATA_SRV: [0;32;31m[SetMetadata:136]  fail[m
09-28 17:52:47.743   818  1137 E C01401/Bufferqueue: <surface_buffer_impl.cpp:714-SetMetadata>: SetMetadata Failed with -5
09-28 17:52:47.743 13972 14185 I C00f00/OH_DER_VSync: scheduleVsync ENTRY receiverPtr=0x<private>
09-28 17:52:47.743 13972 14185 I C00f00/OH_DER_VSync: scheduleVsync calling RequestFrame ohVsync=<private>
09-28 17:52:47.743 13972 14185 I C00f00/OH_DER_VSync: scheduleVsync RequestFrame rc=<private>
09-28 17:52:47.743   818  1137 E C01406/skia: SurfaceNodeDrawable DrawCommSurfaceWatermark Name:BackgroundBlurView2 Id:8933531975688 water mark count is zero
09-28 17:52:47.743   818  1137 E C01406/skia: RSBaseRenderUtil::DealWithSurfaceRotationAndGravity, GetSurfaceBufferOpaque:0
09-28 17:52:47.743   818  1137 I C01406/WRAP: AHardwareBuffer_createFromHandle index = <private> handle = <private>, ahb = <private>
09-28 17:52:47.744   818  1137 E C01406/skia: SurfaceNodeDrawable DrawCommSurfaceWatermark Name:AdapterActivityContent Id:60009283059715 water mark count is zero
09-28 17:52:47.744   818  1137 E C01406/skia: RSBaseRenderUtil::DealWithSurfaceRotationAndGravity, GetSurfaceBufferOpaque:0
09-28 17:52:47.744   818  1137 I C01406/WRAP: AHardwareBuffer_createFromHandle index = <private> handle = <private>, ahb = <private>
09-28 17:52:47.744   818  1137 E C01406/skia: SurfaceNodeDrawable DrawCommSurfaceWatermark Name:AdapterSurfaceView Id:60009283059716 water mark count is zero
09-28 17:52:47.744   818  1137 E C01406/skia: SurfaceNodeDrawable DrawCommSurfaceWatermark Name:com.a2hlab.bridge.zigzag/com.unity3d.player.UnityPlayerActivity Id:60009283059713 water mark count is zero
09-28 17:52:47.744   818  1137 E C01406/skia: SurfaceNodeDrawable DrawCommSurfaceWatermark Name:WindowScene_zigzag37 Id:8933531976573 water mark count is zero
09-28 17:52:47.744   818  1137 E C01406/skia: SurfaceNodeDrawable DrawCommSurfaceWatermark Name:SCBGestureNavBar13 Id:8933531975827 water mark count is zero
09-28 17:52:47.744   818  1137 E C01406/skia: SurfaceNodeDrawable DrawCommSurfaceWatermark Name:SCBStatusBar15 Id:8933531975907 water mark count is zero
09-28 17:52:47.746   818  1137 E C02515/DISP: [0;32;31m[GetMetadata:109] <private> is not supported[m
09-28 17:52:47.746   818  1137 E C02515/DISP: [0;32;31m[SetMetadata:102] <private> is not supported[m
09-28 17:52:47.746   818  1137 E C02515/METADATA_SRV: [0;32;31m[SetMetadata:136]  fail[m
09-28 17:52:47.746   818  1137 E C01401/Bufferqueue: <surface_buffer_impl.cpp:714-SetMetadata>: SetMetadata Failed with -5
09-28 17:52:47.746   818  1137 E C01406/skia: RSUniRenderComposerAdapter::SetBufferColorSpace set color space fail
09-28 17:52:47.757 13972 14187 I C00f00/OH_DER_VSync: onOhVsync ENTRY ts=<private> data=<private>
09-28 17:52:47.758 13972 14185 I C00f00/OH_DER_VSync: scheduleVsync ENTRY receiverPtr=0x<private>
09-28 17:52:47.758 13972 14185 I C00f00/OH_DER_VSync: scheduleVsync calling RequestFrame ohVsync=<private>
09-28 17:52:47.758 13972 14185 I C00f00/OH_DER_VSync: scheduleVsync RequestFrame rc=<private>
09-28 17:52:47.759   818  1132 E C02515/DISP: [0;32;31m[SetMetadata:102] <private> is not supported[m
09-28 17:52:47.759   818  1132 E C02515/METADATA_SRV: [0;32;31m[SetMetadata:136]  fail[m
09-28 17:52:47.759   818  1132 E C01401/Bufferqueue: <surface_buffer_impl.cpp:714-SetMetadata>: SetMetadata Failed with -5
09-28 17:52:47.761   793  4141 E C02515/DISP: [0;32;31m[SetLayerMaskInfo@display_composer_vdi_impl.cpp:404] <private> is not supported[m
09-28 17:52:47.761   818  1228 E C02515/DISP: [0;32;31m[SetMetadata:102] <private> is not supported[m
09-28 17:52:47.761   818  1228 E C02515/METADATA_SRV: [0;32;31m[SetMetadata:136]  fail[m
09-28 17:52:47.761   818  1228 E C01401/Bufferqueue: <surface_buffer_impl.cpp:714-SetMetadata>: SetMetadata Failed with -5
09-28 17:52:47.762   793  4141 E C02515/DISP: [0;32;31m[SetDisplayClientDamage@display_composer_vdi_impl.cpp:179] <private> is not supported[m
09-28 17:52:47.774 13972 14187 I C00f00/OH_DER_VSync: onOhVsync ENTRY ts=<private> data=<private>
09-28 17:52:47.774   818   818 E C02515/DISP: [0;32;31m[GetMetadata:109] <private> is not supported[m
09-28 17:52:47.774   818   818 E C02515/DISP: [0;32;31m[GetMetadata:109] <private> is not supported[m
09-28 17:52:47.774   818   818 E C02515/DISP: [0;32;31m[GetMetadata:109] <private> is not supported[m
09-28 17:52:47.774 13972 14185 I C00f00/OH_DER_VSync: scheduleVsync ENTRY receiverPtr=0x<private>
09-28 17:52:47.774 13972 14185 I C00f00/OH_DER_VSync: scheduleVsync calling RequestFrame ohVsync=<private>
09-28 17:52:47.775 13972 14185 I C00f00/OH_DER_VSync: scheduleVsync RequestFrame rc=<private>
09-28 17:52:47.775   818   818 E C01406/skia: RSBaseRenderUtil::DealWithSurfaceRotationAndGravity, GetSurfaceBufferOpaque:0
09-28 17:52:47.775   818   818 E C02515/DISP: [0;32;31m[GetMetadata:109] <private> is not supported[m
09-28 17:52:47.775   818   818 E C01406/skia: RSBaseRenderUtil::DealWithSurfaceRotationAndGravity, GetSurfaceBufferOpaque:0
09-28 17:52:47.775   818   818 E C02515/DISP: [0;32;31m[GetMetadata:109] <private> is not supported[m
09-28 17:52:47.776   818  1137 E C02515/DISP: [0;32;31m[SetMetadata:102] <private> is not supported[m
09-28 17:52:47.776   818  1137 E C02515/METADATA_SRV: [0;32;31m[SetMetadata:136]  fail[m
09-28 17:52:47.776   818  1137 E C01401/Bufferqueue: <surface_buffer_impl.cpp:714-SetMetadata>: SetMetadata Failed with -5
09-28 17:52:47.776   818  1137 E C01406/skia: SurfaceNodeDrawable DrawCommSurfaceWatermark Name:BackgroundBlurView2 Id:8933531975688 water mark count is zero
09-28 17:52:47.776   818  1137 E C01406/skia: RSBaseRenderUtil::DealWithSurfaceRotationAndGravity, GetSurfaceBufferOpaque:0
09-28 17:52:47.777   818  1137 I C01406/WRAP: AHardwareBuffer_createFromHandle index = <private> handle = <private>, ahb = <private>
09-28 17:52:47.777   818  1137 E C01406/skia: SurfaceNodeDrawable DrawCommSurfaceWatermark Name:AdapterActivityContent Id:60009283059715 water mark count is zero
09-28 17:52:47.777   818  1137 E C01406/skia: RSBaseRenderUtil::DealWithSurfaceRotationAndGravity, GetSurfaceBufferOpaque:0
09-28 17:52:47.777   818  1137 I C01406/WRAP: AHardwareBuffer_createFromHandle index = <private> handle = <private>, ahb = <private>
09-28 17:52:47.777   818  1137 E C01406/skia: SurfaceNodeDrawable DrawCommSurfaceWatermark Name:AdapterSurfaceView Id:60009283059716 water mark count is zero
09-28 17:52:47.777   818  1137 E C01406/skia: SurfaceNodeDrawable DrawCommSurfaceWatermark Name:com.a2hlab.bridge.zigzag/com.unity3d.player.UnityPlayerActivity Id:60009283059713 water mark count is zero
09-28 17:52:47.777   818  1137 E C01406/skia: SurfaceNodeDrawable DrawCommSurfaceWatermark Name:WindowScene_zigzag37 Id:8933531976573 water mark count is zero
09-28 17:52:47.778   818  1137 E C01406/skia: SurfaceNodeDrawable DrawCommSurfaceWatermark Name:SCBGestureNavBar13 Id:8933531975827 water mark count is zero
09-28 17:52:47.778   818  1137 E C01406/skia: SurfaceNodeDrawable DrawCommSurfaceWatermark Name:SCBStatusBar15 Id:8933531975907 water mark count is zero
09-28 17:52:47.779   818  1137 E C02515/DISP: [0;32;31m[GetMetadata:109] <private> is not supported[m
09-28 17:52:47.779   818  1137 E C02515/DISP: [0;32;31m[SetMetadata:102] <private> is not supported[m
09-28 17:52:47.779   818  1137 E C02515/METADATA_SRV: [0;32;31m[SetMetadata:136]  fail[m
09-28 17:52:47.779   818  1137 E C01401/Bufferqueue: <surface_buffer_impl.cpp:714-SetMetadata>: SetMetadata Failed with -5
09-28 17:52:47.779   818  1137 E C01406/skia: RSUniRenderComposerAdapter::SetBufferColorSpace set color space fail
09-28 17:52:47.791 13972 14187 I C00f00/OH_DER_VSync: onOhVsync ENTRY ts=<private> data=<private>
09-28 17:52:47.791 13972 14185 I C00f00/OH_DER_VSync: scheduleVsync ENTRY receiverPtr=0x<private>
09-28 17:52:47.791 13972 14185 I C00f00/OH_DER_VSync: scheduleVsync calling RequestFrame ohVsync=<private>
09-28 17:52:47.791 13972 14185 I C00f00/OH_DER_VSync: scheduleVsync RequestFrame rc=<private>
09-28 17:52:47.793   818  1132 E C02515/DISP: [0;32;31m[SetMetadata:102] <private> is not supported[m
09-28 17:52:47.793   818  1132 E C02515/METADATA_SRV: [0;32;31m[SetMetadata:136]  fail[m
09-28 17:52:47.793   818  1132 E C01401/Bufferqueue: <surface_buffer_impl.cpp:714-SetMetadata>: SetMetadata Failed with -5
09-28 17:52:47.794   793  4141 E C02515/DISP: [0;32;31m[SetLayerMaskInfo@display_composer_vdi_impl.cpp:404] <private> is not supported[m
09-28 17:52:47.794   818  1228 E C02515/DISP: [0;32;31m[SetMetadata:102] <private> is not supported[m
09-28 17:52:47.794   818  1228 E C02515/METADATA_SRV: [0;32;31m[SetMetadata:136]  fail[m
09-28 17:52:47.794   818  1228 E C01401/Bufferqueue: <surface_buffer_impl.cpp:714-SetMetadata>: SetMetadata Failed with -5
09-28 17:52:47.795   793  4141 E C02515/DISP: [0;32;31m[SetDisplayClientDamage@display_composer_vdi_impl.cpp:179] <private> is not supported[m
09-28 17:52:47.807 13972 14187 I C00f00/OH_DER_VSync: onOhVsync ENTRY ts=<private> data=<private>
09-28 17:52:47.808 13972 14185 I C00f00/OH_DER_VSync: scheduleVsync ENTRY receiverPtr=0x<private>
09-28 17:52:47.808 13972 14185 I C00f00/OH_DER_VSync: scheduleVsync calling RequestFrame ohVsync=<private>
09-28 17:52:47.808   818   818 E C02515/DISP: [0;32;31m[GetMetadata:109] <private> is not supported[m
09-28 17:52:47.808 13972 14185 I C00f00/OH_DER_VSync: scheduleVsync RequestFrame rc=<private>
09-28 17:52:47.808   818   818 E C02515/DISP: [0;32;31m[GetMetadata:109] <private> is not supported[m
09-28 17:52:47.808   818   818 E C02515/DISP: [0;32;31m[GetMetadata:109] <private> is not supported[m
09-28 17:52:47.809   818   818 E C01406/skia: RSBaseRenderUtil::DealWithSurfaceRotationAndGravity, GetSurfaceBufferOpaque:0
09-28 17:52:47.809   818   818 E C02515/DISP: [0;32;31m[GetMetadata:109] <private> is not supported[m
09-28 17:52:47.809   818   818 E C01406/skia: RSBaseRenderUtil::DealWithSurfaceRotationAndGravity, GetSurfaceBufferOpaque:0
09-28 17:52:47.809   818   818 E C02515/DISP: [0;32;31m[GetMetadata:109] <private> is not supported[m
09-28 17:52:47.811   818  1137 E C02515/DISP: [0;32;31m[SetMetadata:102] <private> is not supported[m
09-28 17:52:47.811   818  1137 E C02515/METADATA_SRV: [0;32;31m[SetMetadata:136]  fail[m
09-28 17:52:47.811   818  1137 E C01401/Bufferqueue: <surface_buffer_impl.cpp:714-SetMetadata>: SetMetadata Failed with -5
09-28 17:52:47.811   818  1137 E C01406/skia: SurfaceNodeDrawable DrawCommSurfaceWatermark Name:BackgroundBlurView2 Id:8933531975688 water mark count is zero
09-28 17:52:47.812   818  1137 E C01406/skia: RSBaseRenderUtil::DealWithSurfaceRotationAndGravity, GetSurfaceBufferOpaque:0
09-28 17:52:47.812   818  1137 I C01406/WRAP: AHardwareBuffer_createFromHandle index = <private> handle = <private>, ahb = <private>
09-28 17:52:47.812   818  1137 E C01406/skia: SurfaceNodeDrawable DrawCommSurfaceWatermark Name:AdapterActivityContent Id:60009283059715 water mark count is zero
09-28 17:52:47.812   818  1137 E C01406/skia: RSBaseRenderUtil::DealWithSurfaceRotationAndGravity, GetSurfaceBufferOpaque:0
09-28 17:52:47.812   818  1137 I C01406/WRAP: AHardwareBuffer_createFromHandle index = <private> handle = <private>, ahb = <private>
09-28 17:52:47.812   818  1137 E C01406/skia: SurfaceNodeDrawable DrawCommSurfaceWatermark Name:AdapterSurfaceView Id:60009283059716 water mark count is zero
09-28 17:52:47.812   818  1137 E C01406/skia: SurfaceNodeDrawable DrawCommSurfaceWatermark Name:com.a2hlab.bridge.zigzag/com.unity3d.player.UnityPlayerActivity Id:60009283059713 water mark count is zero
09-28 17:52:47.812   818  1137 E C01406/skia: SurfaceNodeDrawable DrawCommSurfaceWatermark Name:WindowScene_zigzag37 Id:8933531976573 water mark count is zero
09-28 17:52:47.813   818  1137 E C01406/skia: SurfaceNodeDrawable DrawCommSurfaceWatermark Name:SCBGestureNavBar13 Id:8933531975827 water mark count is zero
09-28 17:52:47.813   818  1137 E C01406/skia: SurfaceNodeDrawable DrawCommSurfaceWatermark Name:SCBStatusBar15 Id:8933531975907 water mark count is zero
09-28 17:52:47.814   818  1137 E C02515/DISP: [0;32;31m[GetMetadata:109] <private> is not supported[m
09-28 17:52:47.814   818  1137 E C02515/DISP: [0;32;31m[SetMetadata:102] <private> is not supported[m
09-28 17:52:47.814   818  1137 E C02515/METADATA_SRV: [0;32;31m[SetMetadata:136]  fail[m
09-28 17:52:47.814   818  1137 E C01401/Bufferqueue: <surface_buffer_impl.cpp:714-SetMetadata>: SetMetadata Failed with -5
09-28 17:52:47.815   818  1137 E C01406/skia: RSUniRenderComposerAdapter::SetBufferColorSpace set color space fail
09-28 17:52:47.824 13972 14187 I C00f00/OH_DER_VSync: onOhVsync ENTRY ts=<private> data=<private>
09-28 17:52:47.824 13972 14185 I C00f00/OH_DER_VSync: scheduleVsync ENTRY receiverPtr=0x<private>
09-28 17:52:47.825 13972 14185 I C00f00/OH_DER_VSync: scheduleVsync calling RequestFrame ohVsync=<private>
09-28 17:52:47.825 13972 14185 I C00f00/OH_DER_VSync: scheduleVsync RequestFrame rc=<private>
09-28 17:52:47.826   818  1132 E C02515/DISP: [0;32;31m[SetMetadata:102] <private> is not supported[m
09-28 17:52:47.826   818  1132 E C02515/METADATA_SRV: [0;32;31m[SetMetadata:136]  fail[m
09-28 17:52:47.826   818  1132 E C01401/Bufferqueue: <surface_buffer_impl.cpp:714-SetMetadata>: SetMetadata Failed with -5
09-28 17:52:47.827   793  4141 E C02515/DISP: [0;32;31m[SetLayerMaskInfo@display_composer_vdi_impl.cpp:404] <private> is not supported[m
09-28 17:52:47.827   818  1228 E C02515/DISP: [0;32;31m[SetMetadata:102] <private> is not supported[m
09-28 17:52:47.827   818  1228 E C02515/METADATA_SRV: [0;32;31m[SetMetadata:136]  fail[m
09-28 17:52:47.827   818  1228 E C01401/Bufferqueue: <surface_buffer_impl.cpp:714-SetMetadata>: SetMetadata Failed with -5
09-28 17:52:47.828   793  4141 E C02515/DISP: [0;32;31m[SetDisplayClientDamage@display_composer_vdi_impl.cpp:179] <private> is not supported[m
09-28 17:52:47.841 13972 14187 I C00f00/OH_DER_VSync: onOhVsync ENTRY ts=<private> data=<private>
09-28 17:52:47.841 13972 14185 I C00f00/OH_DER_VSync: scheduleVsync ENTRY receiverPtr=0x<private>
09-28 17:52:47.841 13972 14185 I C00f00/OH_DER_VSync: scheduleVsync calling RequestFrame ohVsync=<private>
09-28 17:52:47.841   818   818 E C02515/DISP: [0;32;31m[GetMetadata:109] <private> is not supported[m
09-28 17:52:47.841 13972 14185 I C00f00/OH_DER_VSync: scheduleVsync RequestFrame rc=<private>
09-28 17:52:47.841   818   818 E C02515/DISP: [0;32;31m[GetMetadata:109] <private> is not supported[m
09-28 17:52:47.841   818   818 E C02515/DISP: [0;32;31m[GetMetadata:109] <private> is not supported[m
09-28 17:52:47.843   818   818 E C01406/skia: RSBaseRenderUtil::DealWithSurfaceRotationAndGravity, GetSurfaceBufferOpaque:0
09-28 17:52:47.843   818   818 E C02515/DISP: [0;32;31m[GetMetadata:109] <private> is not supported[m
09-28 17:52:47.843   818   818 E C01406/skia: RSBaseRenderUtil::DealWithSurfaceRotationAndGravity, GetSurfaceBufferOpaque:0
09-28 17:52:47.843   818   818 E C02515/DISP: [0;32;31m[GetMetadata:109] <private> is not supported[m
09-28 17:52:47.845   818  1137 E C02515/DISP: [0;32;31m[SetMetadata:102] <private> is not supported[m
09-28 17:52:47.845   818  1137 E C02515/METADATA_SRV: [0;32;31m[SetMetadata:136]  fail[m
09-28 17:52:47.845   818  1137 E C01401/Bufferqueue: <surface_buffer_impl.cpp:714-SetMetadata>: SetMetadata Failed with -5
09-28 17:52:47.846   818  1137 E C01406/skia: SurfaceNodeDrawable DrawCommSurfaceWatermark Name:BackgroundBlurView2 Id:8933531975688 water mark count is zero
09-28 17:52:47.846   818  1137 E C01406/skia: RSBaseRenderUtil::DealWithSurfaceRotationAndGravity, GetSurfaceBufferOpaque:0
09-28 17:52:47.846   818  1137 I C01406/WRAP: AHardwareBuffer_createFromHandle index = <private> handle = <private>, ahb = <private>
09-28 17:52:47.847   818  1137 E C01406/skia: SurfaceNodeDrawable DrawCommSurfaceWatermark Name:AdapterActivityContent Id:60009283059715 water mark count is zero
09-28 17:52:47.847   818  1137 E C01406/skia: RSBaseRenderUtil::DealWithSurfaceRotationAndGravity, GetSurfaceBufferOpaque:0
09-28 17:52:47.847   818  1137 I C01406/WRAP: AHardwareBuffer_createFromHandle index = <private> handle = <private>, ahb = <private>
09-28 17:52:47.848   818  1137 E C01406/skia: SurfaceNodeDrawable DrawCommSurfaceWatermark Name:AdapterSurfaceView Id:60009283059716 water mark count is zero
09-28 17:52:47.848   818  1137 E C01406/skia: SurfaceNodeDrawable DrawCommSurfaceWatermark Name:com.a2hlab.bridge.zigzag/com.unity3d.player.UnityPlayerActivity Id:60009283059713 water mark count is zero
09-28 17:52:47.848   818  1137 E C01406/skia: SurfaceNodeDrawable DrawCommSurfaceWatermark Name:WindowScene_zigzag37 Id:8933531976573 water mark count is zero
09-28 17:52:47.849   818  1137 E C01406/skia: SurfaceNodeDrawable DrawCommSurfaceWatermark Name:SCBGestureNavBar13 Id:8933531975827 water mark count is zero
09-28 17:52:47.849   818  1137 E C01406/skia: SurfaceNodeDrawable DrawCommSurfaceWatermark Name:SCBStatusBar15 Id:8933531975907 water mark count is zero
09-28 17:52:47.851   818  1137 E C02515/DISP: [0;32;31m[GetMetadata:109] <private> is not supported[m
09-28 17:52:47.851   818  1137 E C02515/DISP: [0;32;31m[SetMetadata:102] <private> is not supported[m
09-28 17:52:47.851   818  1137 E C02515/METADATA_SRV: [0;32;31m[SetMetadata:136]  fail[m
09-28 17:52:47.851   818  1137 E C01401/Bufferqueue: <surface_buffer_impl.cpp:714-SetMetadata>: SetMetadata Failed with -5
09-28 17:52:47.851   818  1137 E C01406/skia: RSUniRenderComposerAdapter::SetBufferColorSpace set color space fail
09-28 17:52:47.857 13972 14187 I C00f00/OH_DER_VSync: onOhVsync ENTRY ts=<private> data=<private>
09-28 17:52:47.858 13972 14185 I C00f00/OH_DER_VSync: scheduleVsync ENTRY receiverPtr=0x<private>
09-28 17:52:47.858 13972 14185 I C00f00/OH_DER_VSync: scheduleVsync calling RequestFrame ohVsync=<private>
09-28 17:52:47.858 13972 14185 I C00f00/OH_DER_VSync: scheduleVsync RequestFrame rc=<private>
09-28 17:52:47.859   818  1132 E C02515/DISP: [0;32;31m[SetMetadata:102] <private> is not supported[m
09-28 17:52:47.859   818  1132 E C02515/METADATA_SRV: [0;32;31m[SetMetadata:136]  fail[m
09-28 17:52:47.859   818  1132 E C01401/Bufferqueue: <surface_buffer_impl.cpp:714-SetMetadata>: SetMetadata Failed with -5
09-28 17:52:47.860   793  4141 E C02515/DISP: [0;32;31m[SetLayerMaskInfo@display_composer_vdi_impl.cpp:404] <private> is not supported[m
09-28 17:52:47.860   818  1228 E C02515/DISP: [0;32;31m[SetMetadata:102] <private> is not supported[m
09-28 17:52:47.860   818  1228 E C02515/METADATA_SRV: [0;32;31m[SetMetadata:136]  fail[m
09-28 17:52:47.860   818  1228 E C01401/Bufferqueue: <surface_buffer_impl.cpp:714-SetMetadata>: SetMetadata Failed with -5
09-28 17:52:47.861   793  4141 E C02515/DISP: [0;32;31m[SetDisplayClientDamage@display_composer_vdi_impl.cpp:179] <private> is not supported[m
09-28 17:52:47.874 13972 14187 I C00f00/OH_DER_VSync: onOhVsync ENTRY ts=<private> data=<private>
09-28 17:52:47.874   818   818 E C02515/DISP: [0;32;31m[GetMetadata:109] <private> is not supported[m
09-28 17:52:47.874 13972 14185 I C00f00/OH_DER_VSync: scheduleVsync ENTRY receiverPtr=0x<private>
09-28 17:52:47.874 13972 14185 I C00f00/OH_DER_VSync: scheduleVsync calling RequestFrame ohVsync=<private>
09-28 17:52:47.875 13972 14185 I C00f00/OH_DER_VSync: scheduleVsync RequestFrame rc=<private>
09-28 17:52:47.875   818   818 E C02515/DISP: [0;32;31m[GetMetadata:109] <private> is not supported[m
09-28 17:52:47.875   818   818 E C02515/DISP: [0;32;31m[GetMetadata:109] <private> is not supported[m
09-28 17:52:47.876   818   818 E C01406/skia: RSBaseRenderUtil::DealWithSurfaceRotationAndGravity, GetSurfaceBufferOpaque:0
09-28 17:52:47.876   818   818 E C02515/DISP: [0;32;31m[GetMetadata:109] <private> is not supported[m
09-28 17:52:47.876   818   818 E C01406/skia: RSBaseRenderUtil::DealWithSurfaceRotationAndGravity, GetSurfaceBufferOpaque:0
09-28 17:52:47.876   818   818 E C02515/DISP: [0;32;31m[GetMetadata:109] <private> is not supported[m
09-28 17:52:47.878   818  1137 E C02515/DISP: [0;32;31m[SetMetadata:102] <private> is not supported[m
09-28 17:52:47.878   818  1137 E C02515/METADATA_SRV: [0;32;31m[SetMetadata:136]  fail[m
09-28 17:52:47.878   818  1137 E C01401/Bufferqueue: <surface_buffer_impl.cpp:714-SetMetadata>: SetMetadata Failed with -5
09-28 17:52:47.879   818  1137 E C01406/skia: SurfaceNodeDrawable DrawCommSurfaceWatermark Name:BackgroundBlurView2 Id:8933531975688 water mark count is zero
09-28 17:52:47.879   818  1137 E C01406/skia: RSBaseRenderUtil::DealWithSurfaceRotationAndGravity, GetSurfaceBufferOpaque:0
09-28 17:52:47.880   818  1137 I C01406/WRAP: AHardwareBuffer_createFromHandle index = <private> handle = <private>, ahb = <private>
09-28 17:52:47.880   818  1137 E C01406/skia: SurfaceNodeDrawable DrawCommSurfaceWatermark Name:AdapterActivityContent Id:60009283059715 water mark count is zero
09-28 17:52:47.880   818  1137 E C01406/skia: RSBaseRenderUtil::DealWithSurfaceRotationAndGravity, GetSurfaceBufferOpaque:0
09-28 17:52:47.881   818  1137 I C01406/WRAP: AHardwareBuffer_createFromHandle index = <private> handle = <private>, ahb = <private>
09-28 17:52:47.881   818  1137 E C01406/skia: SurfaceNodeDrawable DrawCommSurfaceWatermark Name:AdapterSurfaceView Id:60009283059716 water mark count is zero
09-28 17:52:47.881   818  1137 E C01406/skia: SurfaceNodeDrawable DrawCommSurfaceWatermark Name:com.a2hlab.bridge.zigzag/com.unity3d.player.UnityPlayerActivity Id:60009283059713 water mark count is zero
09-28 17:52:47.881   818  1137 E C01406/skia: SurfaceNodeDrawable DrawCommSurfaceWatermark Name:WindowScene_zigzag37 Id:8933531976573 water mark count is zero
09-28 17:52:47.882   818  1137 E C01406/skia: SurfaceNodeDrawable DrawCommSurfaceWatermark Name:SCBGestureNavBar13 Id:8933531975827 water mark count is zero
09-28 17:52:47.882   818  1137 E C01406/skia: SurfaceNodeDrawable DrawCommSurfaceWatermark Name:SCBStatusBar15 Id:8933531975907 water mark count is zero
09-28 17:52:47.884   818  1137 E C02515/DISP: [0;32;31m[GetMetadata:109] <private> is not supported[m
09-28 17:52:47.884   818  1137 E C02515/DISP: [0;32;31m[SetMetadata:102] <private> is not supported[m
09-28 17:52:47.884   818  1137 E C02515/METADATA_SRV: [0;32;31m[SetMetadata:136]  fail[m
09-28 17:52:47.884   818  1137 E C01401/Bufferqueue: <surface_buffer_impl.cpp:714-SetMetadata>: SetMetadata Failed with -5
09-28 17:52:47.884   818  1137 E C01406/skia: RSUniRenderComposerAdapter::SetBufferColorSpace set color space fail
09-28 17:52:47.891 13972 14187 I C00f00/OH_DER_VSync: onOhVsync ENTRY ts=<private> data=<private>
09-28 17:52:47.891 13972 14185 I C00f00/OH_DER_VSync: scheduleVsync ENTRY receiverPtr=0x<private>
09-28 17:52:47.891 13972 14185 I C00f00/OH_DER_VSync: scheduleVsync calling RequestFrame ohVsync=<private>
09-28 17:52:47.891 13972 14185 I C00f00/OH_DER_VSync: scheduleVsync RequestFrame rc=<private>
09-28 17:52:47.893   818  1132 E C02515/DISP: [0;32;31m[SetMetadata:102] <private> is not supported[m
09-28 17:52:47.893   818  1132 E C02515/METADATA_SRV: [0;32;31m[SetMetadata:136]  fail[m
09-28 17:52:47.893   818  1132 E C01401/Bufferqueue: <surface_buffer_impl.cpp:714-SetMetadata>: SetMetadata Failed with -5
09-28 17:52:47.894   793  4141 E C02515/DISP: [0;32;31m[SetLayerMaskInfo@display_composer_vdi_impl.cpp:404] <private> is not supported[m
09-28 17:52:47.894   818  1228 E C02515/DISP: [0;32;31m[SetMetadata:102] <private> is not supported[m
09-28 17:52:47.894   818  1228 E C02515/METADATA_SRV: [0;32;31m[SetMetadata:136]  fail[m
09-28 17:52:47.894   818  1228 E C01401/Bufferqueue: <surface_buffer_impl.cpp:714-SetMetadata>: SetMetadata Failed with -5
09-28 17:52:47.895   793  4141 E C02515/DISP: [0;32;31m[SetDisplayClientDamage@display_composer_vdi_impl.cpp:179] <private> is not supported[m
09-28 17:52:47.908 13972 14187 I C00f00/OH_DER_VSync: onOhVsync ENTRY ts=<private> data=<private>
09-28 17:52:47.908   818   818 E C02515/DISP: [0;32;31m[GetMetadata:109] <private> is not supported[m
09-28 17:52:47.908   818   818 E C02515/DISP: [0;32;31m[GetMetadata:109] <private> is not supported[m
09-28 17:52:47.908   818   818 E C02515/DISP: [0;32;31m[GetMetadata:109] <private> is not supported[m
09-28 17:52:47.908 13972 14185 I C00f00/OH_DER_VSync: scheduleVsync ENTRY receiverPtr=0x<private>
09-28 17:52:47.908 13972 14185 I C00f00/OH_DER_VSync: scheduleVsync calling RequestFrame ohVsync=<private>
09-28 17:52:47.908 13972 14185 I C00f00/OH_DER_VSync: scheduleVsync RequestFrame rc=<private>
09-28 17:52:47.908   818   818 E C01406/skia: RSBaseRenderUtil::DealWithSurfaceRotationAndGravity, GetSurfaceBufferOpaque:0
09-28 17:52:47.908   818   818 E C02515/DISP: [0;32;31m[GetMetadata:109] <private> is not supported[m
09-28 17:52:47.908   818   818 E C01406/skia: RSBaseRenderUtil::DealWithSurfaceRotationAndGravity, GetSurfaceBufferOpaque:0
09-28 17:52:47.908   818   818 E C02515/DISP: [0;32;31m[GetMetadata:109] <private> is not supported[m
09-28 17:52:47.909   818  1137 E C02515/DISP: [0;32;31m[SetMetadata:102] <private> is not supported[m
09-28 17:52:47.909   818  1137 E C02515/METADATA_SRV: [0;32;31m[SetMetadata:136]  fail[m
09-28 17:52:47.909   818  1137 E C01401/Bufferqueue: <surface_buffer_impl.cpp:714-SetMetadata>: SetMetadata Failed with -5
09-28 17:52:47.910   818  1137 E C01406/skia: SurfaceNodeDrawable DrawCommSurfaceWatermark Name:BackgroundBlurView2 Id:8933531975688 water mark count is zero
09-28 17:52:47.910   818  1137 E C01406/skia: RSBaseRenderUtil::DealWithSurfaceRotationAndGravity, GetSurfaceBufferOpaque:0
09-28 17:52:47.910   818  1137 I C01406/WRAP: AHardwareBuffer_createFromHandle index = <private> handle = <private>, ahb = <private>
09-28 17:52:47.910   818  1137 E C01406/skia: SurfaceNodeDrawable DrawCommSurfaceWatermark Name:AdapterActivityContent Id:60009283059715 water mark count is zero
09-28 17:52:47.910   818  1137 E C01406/skia: RSBaseRenderUtil::DealWithSurfaceRotationAndGravity, GetSurfaceBufferOpaque:0
09-28 17:52:47.910   818  1137 I C01406/WRAP: AHardwareBuffer_createFromHandle index = <private> handle = <private>, ahb = <private>
09-28 17:52:47.911   818  1137 E C01406/skia: SurfaceNodeDrawable DrawCommSurfaceWatermark Name:AdapterSurfaceView Id:60009283059716 water mark count is zero
09-28 17:52:47.911   818  1137 E C01406/skia: SurfaceNodeDrawable DrawCommSurfaceWatermark Name:com.a2hlab.bridge.zigzag/com.unity3d.player.UnityPlayerActivity Id:60009283059713 water mark count is zero
09-28 17:52:47.911   818  1137 E C01406/skia: SurfaceNodeDrawable DrawCommSurfaceWatermark Name:WindowScene_zigzag37 Id:8933531976573 water mark count is zero
09-28 17:52:47.911   818  1137 E C01406/skia: SurfaceNodeDrawable DrawCommSurfaceWatermark Name:SCBGestureNavBar13 Id:8933531975827 water mark count is zero
09-28 17:52:47.911   818  1137 E C01406/skia: SurfaceNodeDrawable DrawCommSurfaceWatermark Name:SCBStatusBar15 Id:8933531975907 water mark count is zero
09-28 17:52:47.914   818  1137 E C02515/DISP: [0;32;31m[GetMetadata:109] <private> is not supported[m
09-28 17:52:47.914   818  1137 E C02515/DISP: [0;32;31m[SetMetadata:102] <private> is not supported[m
09-28 17:52:47.914   818  1137 E C02515/METADATA_SRV: [0;32;31m[SetMetadata:136]  fail[m
09-28 17:52:47.914   818  1137 E C01401/Bufferqueue: <surface_buffer_impl.cpp:714-SetMetadata>: SetMetadata Failed with -5
09-28 17:52:47.914   818  1137 E C01406/skia: RSUniRenderComposerAdapter::SetBufferColorSpace set color space fail
09-28 17:52:47.921  1048  1170 I C02d13/HDC_LOG: [daemon.cpp:1142] FetchCommand channelId:3491468 command:1001
09-28 17:52:47.921  1048  1170 I C02d13/HDC_LOG: [session.cpp:1652] New HTaskInfo cid:3491468 sid:213******641(L:10) command:1001
09-28 17:52:47.921  1048  1170 I C02d13/HDC_LOG: [session.cpp:891] AdminTask add task type:0 cid:3491468 sid:213******641(L:10) mapsize:2
09-28 17:52:47.921  1048  1170 I C02d13/HDC_LOG: [task.cpp:34] HdcTaskBase type:0 cid:3491468 sid:213******641(L:10)
09-28 17:52:47.921  1048  1170 I C02d13/HDC_LOG: [daemon_unity.cpp:414] Unity CommandDispatch command:1001 cid:3491468 sid:213******641(L:10)
09-28 17:52:47.921  1048  1170 W C02d13/HDC_LOG: [async_cmd.cpp:114] GetDevItem false key:persist.hdc.root
09-28 17:52:47.922  1048 14687 I C02d13/HDC_LOG: [async_cmd.cpp:225] Popen pipe fds[pipeRead]:36 fds[pipeWrite]:37, mode 0
09-28 17:52:47.924 13972 14187 I C00f00/OH_DER_VSync: onOhVsync ENTRY ts=<private> data=<private>
09-28 17:52:47.924 13972 14185 I C00f00/OH_DER_VSync: scheduleVsync ENTRY receiverPtr=0x<private>
09-28 17:52:47.924 13972 14185 I C00f00/OH_DER_VSync: scheduleVsync calling RequestFrame ohVsync=<private>
09-28 17:52:47.925 13972 14185 I C00f00/OH_DER_VSync: scheduleVsync RequestFrame rc=<private>
09-28 17:52:47.926  1048  1170 I C02d13/HDC_LOG: [async_cmd.cpp:291] ExecuteCommand cmd:param get const.product.os.dist.apiname fd:36 pid:14688
09-28 17:52:47.926   818  1132 E C02515/DISP: [0;32;31m[SetMetadata:102] <private> is not supported[m
09-28 17:52:47.926   818  1132 E C02515/METADATA_SRV: [0;32;31m[SetMetadata:136]  fail[m
09-28 17:52:47.926  1048  1170 I C02d13/HDC_LOG: [daemon_unity.cpp:486] Unity CommandDispatch command:1001 finish cid:3491468 sid:213******641(L:10)
09-28 17:52:47.926   818  1132 E C01401/Bufferqueue: <surface_buffer_impl.cpp:714-SetMetadata>: SetMetadata Failed with -5
09-28 17:52:47.927 14688 14688 W C02d13/HDC_LOG: [async_cmd.cpp:140] SetSelinuxLabel con:u:r:su:s0 isRoot:0
09-28 17:52:47.927   793  4141 E C02515/DISP: [0;32;31m[SetLayerMaskInfo@display_composer_vdi_impl.cpp:404] <private> is not supported[m
09-28 17:52:47.928   818  1228 E C02515/DISP: [0;32;31m[SetMetadata:102] <private> is not supported[m
09-28 17:52:47.928   818  1228 E C02515/METADATA_SRV: [0;32;31m[SetMetadata:136]  fail[m
09-28 17:52:47.928   818  1228 E C01401/Bufferqueue: <surface_buffer_impl.cpp:714-SetMetadata>: SetMetadata Failed with -5
09-28 17:52:47.929   793  4141 E C02515/DISP: [0;32;31m[SetDisplayClientDamage@display_composer_vdi_impl.cpp:179] <private> is not supported[m
09-28 17:52:47.941   818   818 E C02515/DISP: [0;32;31m[GetMetadata:109] <private> is not supported[m
09-28 17:52:47.941   818   818 E C02515/DISP: [0;32;31m[GetMetadata:109] <private> is not supported[m
09-28 17:52:47.941   818   818 E C02515/DISP: [0;32;31m[GetMetadata:109] <private> is not supported[m
09-28 17:52:47.942   818   818 E C01406/skia: RSBaseRenderUtil::DealWithSurfaceRotationAndGravity, GetSurfaceBufferOpaque:0
09-28 17:52:47.942   818   818 E C02515/DISP: [0;32;31m[GetMetadata:109] <private> is not supported[m
09-28 17:52:47.942   818   818 E C01406/skia: RSBaseRenderUtil::DealWithSurfaceRotationAndGravity, GetSurfaceBufferOpaque:0
09-28 17:52:47.942   818   818 E C02515/DISP: [0;32;31m[GetMetadata:109] <private> is not supported[m
09-28 17:52:47.943 13972 14187 I C00f00/OH_DER_VSync: onOhVsync ENTRY ts=<private> data=<private>
09-28 17:52:47.943 13972 14185 I C00f00/OH_DER_VSync: scheduleVsync ENTRY receiverPtr=0x<private>
09-28 17:52:47.943 13972 14185 I C00f00/OH_DER_VSync: scheduleVsync calling RequestFrame ohVsync=<private>
09-28 17:52:47.943   818  1137 E C02515/DISP: [0;32;31m[SetMetadata:102] <private> is not supported[m
09-28 17:52:47.943   818  1137 E C02515/METADATA_SRV: [0;32;31m[SetMetadata:136]  fail[m
09-28 17:52:47.943   818  1137 E C01401/Bufferqueue: <surface_buffer_impl.cpp:714-SetMetadata>: SetMetadata Failed with -5
09-28 17:52:47.943 13972 14185 I C00f00/OH_DER_VSync: scheduleVsync RequestFrame rc=<private>
09-28 17:52:47.943   818  1137 E C01406/skia: SurfaceNodeDrawable DrawCommSurfaceWatermark Name:BackgroundBlurView2 Id:8933531975688 water mark count is zero
09-28 17:52:47.944   818  1137 E C01406/skia: RSBaseRenderUtil::DealWithSurfaceRotationAndGravity, GetSurfaceBufferOpaque:0
09-28 17:52:47.944   818  1137 I C01406/WRAP: AHardwareBuffer_createFromHandle index = <private> handle = <private>, ahb = <private>
09-28 17:52:47.944   818  1137 E C01406/skia: SurfaceNodeDrawable DrawCommSurfaceWatermark Name:AdapterActivityContent Id:60009283059715 water mark count is zero
09-28 17:52:47.944   818  1137 E C01406/skia: RSBaseRenderUtil::DealWithSurfaceRotationAndGravity, GetSurfaceBufferOpaque:0
09-28 17:52:47.944   818  1137 I C01406/WRAP: AHardwareBuffer_createFromHandle index = <private> handle = <private>, ahb = <private>
09-28 17:52:47.944   818  1137 E C01406/skia: SurfaceNodeDrawable DrawCommSurfaceWatermark Name:AdapterSurfaceView Id:60009283059716 water mark count is zero
09-28 17:52:47.944   818  1137 E C01406/skia: SurfaceNodeDrawable DrawCommSurfaceWatermark Name:com.a2hlab.bridge.zigzag/com.unity3d.player.UnityPlayerActivity Id:60009283059713 water mark count is zero
09-28 17:52:47.944   818  1137 E C01406/skia: SurfaceNodeDrawable DrawCommSurfaceWatermark Name:WindowScene_zigzag37 Id:8933531976573 water mark count is zero
09-28 17:52:47.945   818  1137 E C01406/skia: SurfaceNodeDrawable DrawCommSurfaceWatermark Name:SCBGestureNavBar13 Id:8933531975827 water mark count is zero
09-28 17:52:47.945   818  1137 E C01406/skia: SurfaceNodeDrawable DrawCommSurfaceWatermark Name:SCBStatusBar15 Id:8933531975907 water mark count is zero
09-28 17:52:47.946   818  1137 E C02515/DISP: [0;32;31m[GetMetadata:109] <private> is not supported[m
09-28 17:52:47.946   818  1137 E C02515/DISP: [0;32;31m[SetMetadata:102] <private> is not supported[m
09-28 17:52:47.946   818  1137 E C02515/METADATA_SRV: [0;32;31m[SetMetadata:136]  fail[m
09-28 17:52:47.946   818  1137 E C01401/Bufferqueue: <surface_buffer_impl.cpp:714-SetMetadata>: SetMetadata Failed with -5
09-28 17:52:47.946   818  1137 E C01406/skia: RSUniRenderComposerAdapter::SetBufferColorSpace set color space fail
09-28 17:52:47.958 13972 14187 I C00f00/OH_DER_VSync: onOhVsync ENTRY ts=<private> data=<private>
09-28 17:52:47.958 13972 14185 I C00f00/OH_DER_VSync: scheduleVsync ENTRY receiverPtr=0x<private>
09-28 17:52:47.958 13972 14185 I C00f00/OH_DER_VSync: scheduleVsync calling RequestFrame ohVsync=<private>
09-28 17:52:47.958 13972 14185 I C00f00/OH_DER_VSync: scheduleVsync RequestFrame rc=<private>
09-28 17:52:47.960   818  1132 E C02515/DISP: [0;32;31m[SetMetadata:102] <private> is not supported[m
09-28 17:52:47.960   818  1132 E C02515/METADATA_SRV: [0;32;31m[SetMetadata:136]  fail[m
09-28 17:52:47.960   818  1132 E C01401/Bufferqueue: <surface_buffer_impl.cpp:714-SetMetadata>: SetMetadata Failed with -5
09-28 17:52:47.961   793  4141 E C02515/DISP: [0;32;31m[SetLayerMaskInfo@display_composer_vdi_impl.cpp:404] <private> is not supported[m
09-28 17:52:47.961   818  1228 E C02515/DISP: [0;32;31m[SetMetadata:102] <private> is not supported[m
09-28 17:52:47.962   818  1228 E C02515/METADATA_SRV: [0;32;31m[SetMetadata:136]  fail[m
09-28 17:52:47.962   818  1228 E C01401/Bufferqueue: <surface_buffer_impl.cpp:714-SetMetadata>: SetMetadata Failed with -5
09-28 17:52:47.963   793  4141 E C02515/DISP: [0;32;31m[SetDisplayClientDamage@display_composer_vdi_impl.cpp:179] <private> is not supported[m
09-28 17:52:47.967  1048 14689 I C02d13/HDC_LOG: [async_cmd.cpp:88] FinishShellProc finish pipeRead fd:36 pid:14688 count:1
09-28 17:52:47.967  1048 14689 I C02d13/HDC_LOG: [task.cpp:55] HdcTaskBase::TaskFinish notify begin type:0 cid:3491468 sid:213******641(L:10)
09-28 17:52:47.967  1048 14689 I C02d13/HDC_LOG: [task.cpp:58] HdcTaskBase::TaskFinish notify end type:0 cid:3491468 sid:213******641(L:10)
09-28 17:52:47.970  1048  1170 I C02d13/HDC_LOG: [daemon.cpp:1142] FetchCommand channelId:3491468 command:2
09-28 17:52:47.970  1048  1170 W C02d13/HDC_LOG: [session.cpp:160] BeginRemoveTask taskType:0 channelId:3491468
09-28 17:52:47.970  1048  1170 W C02d13/HDC_LOG: [session.cpp:190] ClearOwnTasks OP_CLEAR finish, sessionId:213******641(L:10) channelIDInput:3491468
09-28 17:52:47.970  1048  1170 W C02d13/HDC_LOG: [session.cpp:115] taskClassDeleteRetry start clear task, taskType:0 cid:3491468 sid:213******641(L:10)
09-28 17:52:47.970  1048  1170 I C02d13/HDC_LOG: [async_cmd.cpp:69] DoRelease rc:-3 pid:14688
09-28 17:52:47.970  1048  1170 I C02d13/HDC_LOG: [session.cpp:126] TaskDelay task remove retry count 0/30, taskType:0 channelId:3491468, sessionId:213******641(L:10)
09-28 17:52:47.970  1048  1170 I C02d13/HDC_LOG: [daemon_unity.cpp:31] ~HdcDaemonUnity cid:3491468 sid:213******641(L:10)
09-28 17:52:47.970  1048  1170 I C02d13/HDC_LOG: [task.cpp:40] ~HdcTaskBase type:0 cid:3491468 sid:213******641(L:10)
09-28 17:52:47.970  1048  1170 W C02d13/HDC_LOG: [session.cpp:134] TaskDelay task remove finish, channelId:3491468
09-28 17:52:47.971  1048  1170 I C02d13/HDC_LOG: [base.cpp:969] before uv handle close, the uv handle type is 13
09-28 17:52:47.974 13972 14187 I C00f00/OH_DER_VSync: onOhVsync ENTRY ts=<private> data=<private>
09-28 17:52:47.974 13972 14185 I C00f00/OH_DER_VSync: scheduleVsync ENTRY receiverPtr=0x<private>
09-28 17:52:47.974 13972 14185 I C00f00/OH_DER_VSync: scheduleVsync calling RequestFrame ohVsync=<private>
09-28 17:52:47.974   818   818 E C02515/DISP: [0;32;31m[GetMetadata:109] <private> is not supported[m
09-28 17:52:47.975 13972 14185 I C00f00/OH_DER_VSync: scheduleVsync RequestFrame rc=<private>
09-28 17:52:47.975   818   818 E C02515/DISP: [0;32;31m[GetMetadata:109] <private> is not supported[m
09-28 17:52:47.975   818   818 E C02515/DISP: [0;32;31m[GetMetadata:109] <private> is not supported[m
09-28 17:52:47.975  1048  1170 I C02d13/HDC_LOG: [daemon.cpp:1142] FetchCommand channelId:3491468 command:2
09-28 17:52:47.976   818   818 E C01406/skia: RSBaseRenderUtil::DealWithSurfaceRotationAndGravity, GetSurfaceBufferOpaque:0
09-28 17:52:47.976   818   818 E C02515/DISP: [0;32;31m[GetMetadata:109] <private> is not supported[m
09-28 17:52:47.976   818   818 E C01406/skia: RSBaseRenderUtil::DealWithSurfaceRotationAndGravity, GetSurfaceBufferOpaque:0
09-28 17:52:47.976   818   818 E C02515/DISP: [0;32;31m[GetMetadata:109] <private> is not supported[m
09-28 17:52:47.978   818  1137 E C02515/DISP: [0;32;31m[SetMetadata:102] <private> is not supported[m
09-28 17:52:47.978   818  1137 E C02515/METADATA_SRV: [0;32;31m[SetMetadata:136]  fail[m
09-28 17:52:47.978   818  1137 E C01401/Bufferqueue: <surface_buffer_impl.cpp:714-SetMetadata>: SetMetadata Failed with -5
09-28 17:52:47.978   818  1137 E C01406/skia: SurfaceNodeDrawable DrawCommSurfaceWatermark Name:BackgroundBlurView2 Id:8933531975688 water mark count is zero
09-28 17:52:47.978   818  1137 E C01406/skia: RSBaseRenderUtil::DealWithSurfaceRotationAndGravity, GetSurfaceBufferOpaque:0
09-28 17:52:47.979   818  1137 I C01406/WRAP: AHardwareBuffer_createFromHandle index = <private> handle = <private>, ahb = <private>
09-28 17:52:47.979   818  1137 E C01406/skia: SurfaceNodeDrawable DrawCommSurfaceWatermark Name:AdapterActivityContent Id:60009283059715 water mark count is zero
09-28 17:52:47.979   818  1137 E C01406/skia: RSBaseRenderUtil::DealWithSurfaceRotationAndGravity, GetSurfaceBufferOpaque:0
09-28 17:52:47.979   818  1137 I C01406/WRAP: AHardwareBuffer_createFromHandle index = <private> handle = <private>, ahb = <private>
09-28 17:52:47.979   818  1137 E C01406/skia: SurfaceNodeDrawable DrawCommSurfaceWatermark Name:AdapterSurfaceView Id:60009283059716 water mark count is zero
09-28 17:52:47.979   818  1137 E C01406/skia: SurfaceNodeDrawable DrawCommSurfaceWatermark Name:com.a2hlab.bridge.zigzag/com.unity3d.player.UnityPlayerActivity Id:60009283059713 water mark count is zero
09-28 17:52:47.979   818  1137 E C01406/skia: SurfaceNodeDrawable DrawCommSurfaceWatermark Name:WindowScene_zigzag37 Id:8933531976573 water mark count is zero
09-28 17:52:47.980   818  1137 E C01406/skia: SurfaceNodeDrawable DrawCommSurfaceWatermark Name:SCBGestureNavBar13 Id:8933531975827 water mark count is zero
09-28 17:52:47.980   818  1137 E C01406/skia: SurfaceNodeDrawable DrawCommSurfaceWatermark Name:SCBStatusBar15 Id:8933531975907 water mark count is zero
09-28 17:52:47.981   818  1137 E C02515/DISP: [0;32;31m[GetMetadata:109] <private> is not supported[m
09-28 17:52:47.981   818  1137 E C02515/DISP: [0;32;31m[SetMetadata:102] <private> is not supported[m
09-28 17:52:47.981   818  1137 E C02515/METADATA_SRV: [0;32;31m[SetMetadata:136]  fail[m
09-28 17:52:47.981   818  1137 E C01401/Bufferqueue: <surface_buffer_impl.cpp:714-SetMetadata>: SetMetadata Failed with -5
09-28 17:52:47.981   818  1137 E C01406/skia: RSUniRenderComposerAdapter::SetBufferColorSpace set color space fail
09-28 17:52:47.991 13972 14187 I C00f00/OH_DER_VSync: onOhVsync ENTRY ts=<private> data=<private>
09-28 17:52:47.991 13972 14185 I C00f00/OH_DER_VSync: scheduleVsync ENTRY receiverPtr=0x<private>
09-28 17:52:47.991 13972 14185 I C00f00/OH_DER_VSync: scheduleVsync calling RequestFrame ohVsync=<private>
09-28 17:52:47.991 13972 14185 I C00f00/OH_DER_VSync: scheduleVsync RequestFrame rc=<private>
09-28 17:52:47.993   818  1132 E C02515/DISP: [0;32;31m[SetMetadata:102] <private> is not supported[m
09-28 17:52:47.993   818  1132 E C02515/METADATA_SRV: [0;32;31m[SetMetadata:136]  fail[m
09-28 17:52:47.993   818  1132 E C01401/Bufferqueue: <surface_buffer_impl.cpp:714-SetMetadata>: SetMetadata Failed with -5
09-28 17:52:47.994   793  4141 E C02515/DISP: [0;32;31m[SetLayerMaskInfo@display_composer_vdi_impl.cpp:404] <private> is not supported[m
09-28 17:52:47.994   818  1228 E C02515/DISP: [0;32;31m[SetMetadata:102] <private> is not supported[m
09-28 17:52:47.994   818  1228 E C02515/METADATA_SRV: [0;32;31m[SetMetadata:136]  fail[m
09-28 17:52:47.994   818  1228 E C01401/Bufferqueue: <surface_buffer_impl.cpp:714-SetMetadata>: SetMetadata Failed with -5
09-28 17:52:47.995   793  4141 E C02515/DISP: [0;32;31m[SetDisplayClientDamage@display_composer_vdi_impl.cpp:179] <private> is not supported[m
09-28 17:52:48.008 13972 14187 I C00f00/OH_DER_VSync: onOhVsync ENTRY ts=<private> data=<private>
09-28 17:52:48.008 13972 14185 I C00f00/OH_DER_VSync: scheduleVsync ENTRY receiverPtr=0x<private>
09-28 17:52:48.008   818   818 E C02515/DISP: [0;32;31m[GetMetadata:109] <private> is not supported[m
09-28 17:52:48.008 13972 14185 I C00f00/OH_DER_VSync: scheduleVsync calling RequestFrame ohVsync=<private>
09-28 17:52:48.008 13972 14185 I C00f00/OH_DER_VSync: scheduleVsync RequestFrame rc=<private>
09-28 17:52:48.008   818   818 E C02515/DISP: [0;32;31m[GetMetadata:109] <private> is not supported[m
09-28 17:52:48.008   818   818 E C02515/DISP: [0;32;31m[GetMetadata:109] <private> is not supported[m
09-28 17:52:48.009   818   818 E C01406/skia: RSBaseRenderUtil::DealWithSurfaceRotationAndGravity, GetSurfaceBufferOpaque:0
09-28 17:52:48.009   818   818 E C02515/DISP: [0;32;31m[GetMetadata:109] <private> is not supported[m
09-28 17:52:48.009   818   818 E C01406/skia: RSBaseRenderUtil::DealWithSurfaceRotationAndGravity, GetSurfaceBufferOpaque:0
09-28 17:52:48.009   818   818 E C02515/DISP: [0;32;31m[GetMetadata:109] <private> is not supported[m
09-28 17:52:48.011   818  1137 E C02515/DISP: [0;32;31m[SetMetadata:102] <private> is not supported[m
09-28 17:52:48.011   818  1137 E C02515/METADATA_SRV: [0;32;31m[SetMetadata:136]  fail[m
09-28 17:52:48.011   818  1137 E C01401/Bufferqueue: <surface_buffer_impl.cpp:714-SetMetadata>: SetMetadata Failed with -5
09-28 17:52:48.012   818  1137 E C01406/skia: SurfaceNodeDrawable DrawCommSurfaceWatermark Name:BackgroundBlurView2 Id:8933531975688 water mark count is zero
09-28 17:52:48.012   818  1137 E C01406/skia: RSBaseRenderUtil::DealWithSurfaceRotationAndGravity, GetSurfaceBufferOpaque:0
09-28 17:52:48.012   818  1137 I C01406/WRAP: AHardwareBuffer_createFromHandle index = <private> handle = <private>, ahb = <private>
09-28 17:52:48.012   818  1137 E C01406/skia: SurfaceNodeDrawable DrawCommSurfaceWatermark Name:AdapterActivityContent Id:60009283059715 water mark count is zero
09-28 17:52:48.012   818  1137 E C01406/skia: RSBaseRenderUtil::DealWithSurfaceRotationAndGravity, GetSurfaceBufferOpaque:0
09-28 17:52:48.012   818  1137 I C01406/WRAP: AHardwareBuffer_createFromHandle index = <private> handle = <private>, ahb = <private>
09-28 17:52:48.012   818  1137 E C01406/skia: SurfaceNodeDrawable DrawCommSurfaceWatermark Name:AdapterSurfaceView Id:60009283059716 water mark count is zero
09-28 17:52:48.013   818  1137 E C01406/skia: SurfaceNodeDrawable DrawCommSurfaceWatermark Name:com.a2hlab.bridge.zigzag/com.unity3d.player.UnityPlayerActivity Id:60009283059713 water mark count is zero
09-28 17:52:48.013   818  1137 E C01406/skia: SurfaceNodeDrawable DrawCommSurfaceWatermark Name:WindowScene_zigzag37 Id:8933531976573 water mark count is zero
09-28 17:52:48.013   818  1137 E C01406/skia: SurfaceNodeDrawable DrawCommSurfaceWatermark Name:SCBGestureNavBar13 Id:8933531975827 water mark count is zero
09-28 17:52:48.013   818  1137 E C01406/skia: SurfaceNodeDrawable DrawCommSurfaceWatermark Name:SCBStatusBar15 Id:8933531975907 water mark count is zero
09-28 17:52:48.015   818  1137 E C02515/DISP: [0;32;31m[GetMetadata:109] <private> is not supported[m
09-28 17:52:48.015   818  1137 E C02515/DISP: [0;32;31m[SetMetadata:102] <private> is not supported[m
09-28 17:52:48.015   818  1137 E C02515/METADATA_SRV: [0;32;31m[SetMetadata:136]  fail[m
09-28 17:52:48.015   818  1137 E C01401/Bufferqueue: <surface_buffer_impl.cpp:714-SetMetadata>: SetMetadata Failed with -5
09-28 17:52:48.015   818  1137 E C01406/skia: RSUniRenderComposerAdapter::SetBufferColorSpace set color space fail
09-28 17:52:48.024 13972 14187 I C00f00/OH_DER_VSync: onOhVsync ENTRY ts=<private> data=<private>
09-28 17:52:48.024 13972 14185 I C00f00/OH_DER_VSync: scheduleVsync ENTRY receiverPtr=0x<private>
09-28 17:52:48.025 13972 14185 I C00f00/OH_DER_VSync: scheduleVsync calling RequestFrame ohVsync=<private>
09-28 17:52:48.025 13972 14185 I C00f00/OH_DER_VSync: scheduleVsync RequestFrame rc=<private>
09-28 17:52:48.026   818  1132 E C02515/DISP: [0;32;31m[SetMetadata:102] <private> is not supported[m
09-28 17:52:48.026   818  1132 E C02515/METADATA_SRV: [0;32;31m[SetMetadata:136]  fail[m
09-28 17:52:48.026   818  1132 E C01401/Bufferqueue: <surface_buffer_impl.cpp:714-SetMetadata>: SetMetadata Failed with -5
09-28 17:52:48.027   793  4141 E C02515/DISP: [0;32;31m[SetLayerMaskInfo@display_composer_vdi_impl.cpp:404] <private> is not supported[m
09-28 17:52:48.027   818  1228 E C02515/DISP: [0;32;31m[SetMetadata:102] <private> is not supported[m
09-28 17:52:48.027   818  1228 E C02515/METADATA_SRV: [0;32;31m[SetMetadata:136]  fail[m
09-28 17:52:48.027   818  1228 E C01401/Bufferqueue: <surface_buffer_impl.cpp:714-SetMetadata>: SetMetadata Failed with -5
09-28 17:52:48.028   793  4141 E C02515/DISP: [0;32;31m[SetDisplayClientDamage@display_composer_vdi_impl.cpp:179] <private> is not supported[m
09-28 17:52:48.041 13972 14187 I C00f00/OH_DER_VSync: onOhVsync ENTRY ts=<private> data=<private>
09-28 17:52:48.041   818   818 E C02515/DISP: [0;32;31m[GetMetadata:109] <private> is not supported[m
09-28 17:52:48.041 13972 14185 I C00f00/OH_DER_VSync: scheduleVsync ENTRY receiverPtr=0x<private>
09-28 17:52:48.041 13972 14185 I C00f00/OH_DER_VSync: scheduleVsync calling RequestFrame ohVsync=<private>
09-28 17:52:48.041   818   818 E C02515/DISP: [0;32;31m[GetMetadata:109] <private> is not supported[m
09-28 17:52:48.041 13972 14185 I C00f00/OH_DER_VSync: scheduleVsync RequestFrame rc=<private>
09-28 17:52:48.041   818   818 E C02515/DISP: [0;32;31m[GetMetadata:109] <private> is not supported[m
09-28 17:52:48.043   818   818 E C01406/skia: RSBaseRenderUtil::DealWithSurfaceRotationAndGravity, GetSurfaceBufferOpaque:0
09-28 17:52:48.043   818   818 E C02515/DISP: [0;32;31m[GetMetadata:109] <private> is not supported[m
09-28 17:52:48.043   818   818 E C01406/skia: RSBaseRenderUtil::DealWithSurfaceRotationAndGravity, GetSurfaceBufferOpaque:0
09-28 17:52:48.043   818   818 E C02515/DISP: [0;32;31m[GetMetadata:109] <private> is not supported[m
09-28 17:52:48.045   818  1137 E C02515/DISP: [0;32;31m[SetMetadata:102] <private> is not supported[m
09-28 17:52:48.045   818  1137 E C02515/METADATA_SRV: [0;32;31m[SetMetadata:136]  fail[m
09-28 17:52:48.045   818  1137 E C01401/Bufferqueue: <surface_buffer_impl.cpp:714-SetMetadata>: SetMetadata Failed with -5
09-28 17:52:48.045   818  1137 E C01406/skia: SurfaceNodeDrawable DrawCommSurfaceWatermark Name:BackgroundBlurView2 Id:8933531975688 water mark count is zero
09-28 17:52:48.046   818  1137 E C01406/skia: RSBaseRenderUtil::DealWithSurfaceRotationAndGravity, GetSurfaceBufferOpaque:0
09-28 17:52:48.046   818  1137 I C01406/WRAP: AHardwareBuffer_createFromHandle index = <private> handle = <private>, ahb = <private>
09-28 17:52:48.047   818  1137 E C01406/skia: SurfaceNodeDrawable DrawCommSurfaceWatermark Name:AdapterActivityContent Id:60009283059715 water mark count is zero
09-28 17:52:48.047   818  1137 E C01406/skia: RSBaseRenderUtil::DealWithSurfaceRotationAndGravity, GetSurfaceBufferOpaque:0
09-28 17:52:48.047   818  1137 I C01406/WRAP: AHardwareBuffer_createFromHandle index = <private> handle = <private>, ahb = <private>
09-28 17:52:48.047   818  1137 E C01406/skia: SurfaceNodeDrawable DrawCommSurfaceWatermark Name:AdapterSurfaceView Id:60009283059716 water mark count is zero
09-28 17:52:48.047   818  1137 E C01406/skia: SurfaceNodeDrawable DrawCommSurfaceWatermark Name:com.a2hlab.bridge.zigzag/com.unity3d.player.UnityPlayerActivity Id:60009283059713 water mark count is zero
09-28 17:52:48.047   818  1137 E C01406/skia: SurfaceNodeDrawable DrawCommSurfaceWatermark Name:WindowScene_zigzag37 Id:8933531976573 water mark count is zero
09-28 17:52:48.048   818  1137 E C01406/skia: SurfaceNodeDrawable DrawCommSurfaceWatermark Name:SCBGestureNavBar13 Id:8933531975827 water mark count is zero
09-28 17:52:48.048   818  1137 E C01406/skia: SurfaceNodeDrawable DrawCommSurfaceWatermark Name:SCBStatusBar15 Id:8933531975907 water mark count is zero
09-28 17:52:48.051   818  1137 E C02515/DISP: [0;32;31m[GetMetadata:109] <private> is not supported[m
09-28 17:52:48.051   818  1137 E C02515/DISP: [0;32;31m[SetMetadata:102] <private> is not supported[m
09-28 17:52:48.051   818  1137 E C02515/METADATA_SRV: [0;32;31m[SetMetadata:136]  fail[m
09-28 17:52:48.051   818  1137 E C01401/Bufferqueue: <surface_buffer_impl.cpp:714-SetMetadata>: SetMetadata Failed with -5
09-28 17:52:48.051   818  1137 E C01406/skia: RSUniRenderComposerAdapter::SetBufferColorSpace set color space fail
09-28 17:52:48.058 13972 14187 I C00f00/OH_DER_VSync: onOhVsync ENTRY ts=<private> data=<private>
09-28 17:52:48.058 13972 14185 I C00f00/OH_DER_VSync: scheduleVsync ENTRY receiverPtr=0x<private>
09-28 17:52:48.058 13972 14185 I C00f00/OH_DER_VSync: scheduleVsync calling RequestFrame ohVsync=<private>
09-28 17:52:48.058 13972 14185 I C00f00/OH_DER_VSync: scheduleVsync RequestFrame rc=<private>
09-28 17:52:48.060   818  1132 E C02515/DISP: [0;32;31m[SetMetadata:102] <private> is not supported[m
09-28 17:52:48.060   818  1132 E C02515/METADATA_SRV: [0;32;31m[SetMetadata:136]  fail[m
09-28 17:52:48.060   818  1132 E C01401/Bufferqueue: <surface_buffer_impl.cpp:714-SetMetadata>: SetMetadata Failed with -5
09-28 17:52:48.061   793  4141 E C02515/DISP: [0;32;31m[SetLayerMaskInfo@display_composer_vdi_impl.cpp:404] <private> is not supported[m
09-28 17:52:48.061   818  1228 E C02515/DISP: [0;32;31m[SetMetadata:102] <private> is not supported[m
09-28 17:52:48.061   818  1228 E C02515/METADATA_SRV: [0;32;31m[SetMetadata:136]  fail[m
09-28 17:52:48.061   818  1228 E C01401/Bufferqueue: <surface_buffer_impl.cpp:714-SetMetadata>: SetMetadata Failed with -5
09-28 17:52:48.062   793  4141 E C02515/DISP: [0;32;31m[SetDisplayClientDamage@display_composer_vdi_impl.cpp:179] <private> is not supported[m
09-28 17:52:48.065  1048  1170 I C02d13/HDC_LOG: [daemon.cpp:1142] FetchCommand channelId:97723206 command:1001
09-28 17:52:48.065  1048  1170 I C02d13/HDC_LOG: [session.cpp:1652] New HTaskInfo cid:97723206 sid:213******641(L:10) command:1001
09-28 17:52:48.066  1048  1170 I C02d13/HDC_LOG: [session.cpp:891] AdminTask add task type:0 cid:97723206 sid:213******641(L:10) mapsize:2
09-28 17:52:48.066  1048  1170 I C02d13/HDC_LOG: [task.cpp:34] HdcTaskBase type:0 cid:97723206 sid:213******641(L:10)
09-28 17:52:48.066  1048  1170 I C02d13/HDC_LOG: [daemon_unity.cpp:414] Unity CommandDispatch command:1001 cid:97723206 sid:213******641(L:10)
09-28 17:52:48.066  1048  1170 W C02d13/HDC_LOG: [async_cmd.cpp:114] GetDevItem false key:persist.hdc.root
09-28 17:52:48.066  1048 14690 I C02d13/HDC_LOG: [async_cmd.cpp:225] Popen pipe fds[pipeRead]:36 fds[pipeWrite]:37, mode 0
09-28 17:52:48.070  1048  1170 I C02d13/HDC_LOG: [async_cmd.cpp:291] ExecuteCommand cmd:param get const.product.os.dist.apiname fd:36 pid:14691
09-28 17:52:48.070  1048  1170 I C02d13/HDC_LOG: [daemon_unity.cpp:486] Unity CommandDispatch command:1001 finish cid:97723206 sid:213******641(L:10)
09-28 17:52:48.071 14691 14691 W C02d13/HDC_LOG: [async_cmd.cpp:140] SetSelinuxLabel con:u:r:su:s0 isRoot:0
09-28 17:52:48.074 13972 14187 I C00f00/OH_DER_VSync: onOhVsync ENTRY ts=<private> data=<private>
09-28 17:52:48.075   818   818 E C02515/DISP: [0;32;31m[GetMetadata:109] <private> is not supported[m
09-28 17:52:48.075 13972 14185 I C00f00/OH_DER_VSync: scheduleVsync ENTRY receiverPtr=0x<private>
09-28 17:52:48.075 13972 14185 I C00f00/OH_DER_VSync: scheduleVsync calling RequestFrame ohVsync=<private>
09-28 17:52:48.075   818   818 E C02515/DISP: [0;32;31m[GetMetadata:109] <private> is not supported[m
09-28 17:52:48.075 13972 14185 I C00f00/OH_DER_VSync: scheduleVsync RequestFrame rc=<private>
09-28 17:52:48.075   818   818 E C02515/DISP: [0;32;31m[GetMetadata:109] <private> is not supported[m
09-28 17:52:48.076   818   818 E C01406/skia: RSBaseRenderUtil::DealWithSurfaceRotationAndGravity, GetSurfaceBufferOpaque:0
09-28 17:52:48.076   818   818 E C02515/DISP: [0;32;31m[GetMetadata:109] <private> is not supported[m
09-28 17:52:48.076   818   818 E C01406/skia: RSBaseRenderUtil::DealWithSurfaceRotationAndGravity, GetSurfaceBufferOpaque:0
09-28 17:52:48.076   818   818 E C02515/DISP: [0;32;31m[GetMetadata:109] <private> is not supported[m
09-28 17:52:48.078   818  1137 E C02515/DISP: [0;32;31m[SetMetadata:102] <private> is not supported[m
09-28 17:52:48.078   818  1137 E C02515/METADATA_SRV: [0;32;31m[SetMetadata:136]  fail[m
09-28 17:52:48.078   818  1137 E C01401/Bufferqueue: <surface_buffer_impl.cpp:714-SetMetadata>: SetMetadata Failed with -5
09-28 17:52:48.079   818  1137 E C01406/skia: SurfaceNodeDrawable DrawCommSurfaceWatermark Name:BackgroundBlurView2 Id:8933531975688 water mark count is zero
09-28 17:52:48.079   818  1137 E C01406/skia: RSBaseRenderUtil::DealWithSurfaceRotationAndGravity, GetSurfaceBufferOpaque:0
09-28 17:52:48.080   818  1137 I C01406/WRAP: AHardwareBuffer_createFromHandle index = <private> handle = <private>, ahb = <private>
09-28 17:52:48.080   818  1137 E C01406/skia: SurfaceNodeDrawable DrawCommSurfaceWatermark Name:AdapterActivityContent Id:60009283059715 water mark count is zero
09-28 17:52:48.080   818  1137 E C01406/skia: RSBaseRenderUtil::DealWithSurfaceRotationAndGravity, GetSurfaceBufferOpaque:0
09-28 17:52:48.080   818  1137 I C01406/WRAP: AHardwareBuffer_createFromHandle index = <private> handle = <private>, ahb = <private>
09-28 17:52:48.081   818  1137 E C01406/skia: SurfaceNodeDrawable DrawCommSurfaceWatermark Name:AdapterSurfaceView Id:60009283059716 water mark count is zero
09-28 17:52:48.081   818  1137 E C01406/skia: SurfaceNodeDrawable DrawCommSurfaceWatermark Name:com.a2hlab.bridge.zigzag/com.unity3d.player.UnityPlayerActivity Id:60009283059713 water mark count is zero
09-28 17:52:48.081   818  1137 E C01406/skia: SurfaceNodeDrawable DrawCommSurfaceWatermark Name:WindowScene_zigzag37 Id:8933531976573 water mark count is zero
09-28 17:52:48.082   818  1137 E C01406/skia: SurfaceNodeDrawable DrawCommSurfaceWatermark Name:SCBGestureNavBar13 Id:8933531975827 water mark count is zero
09-28 17:52:48.082   818  1137 E C01406/skia: SurfaceNodeDrawable DrawCommSurfaceWatermark Name:SCBStatusBar15 Id:8933531975907 water mark count is zero
09-28 17:52:48.084   818  1137 E C02515/DISP: [0;32;31m[GetMetadata:109] <private> is not supported[m
09-28 17:52:48.084   818  1137 E C02515/DISP: [0;32;31m[SetMetadata:102] <private> is not supported[m
09-28 17:52:48.084   818  1137 E C02515/METADATA_SRV: [0;32;31m[SetMetadata:136]  fail[m
09-28 17:52:48.084   818  1137 E C01401/Bufferqueue: <surface_buffer_impl.cpp:714-SetMetadata>: SetMetadata Failed with -5
09-28 17:52:48.084   818  1137 E C01406/skia: RSUniRenderComposerAdapter::SetBufferColorSpace set color space fail
09-28 17:52:48.091 13972 14187 I C00f00/OH_DER_VSync: onOhVsync ENTRY ts=<private> data=<private>
09-28 17:52:48.091 13972 14185 I C00f00/OH_DER_VSync: scheduleVsync ENTRY receiverPtr=0x<private>
09-28 17:52:48.091 13972 14185 I C00f00/OH_DER_VSync: scheduleVsync calling RequestFrame ohVsync=<private>
09-28 17:52:48.091 13972 14185 I C00f00/OH_DER_VSync: scheduleVsync RequestFrame rc=<private>
09-28 17:52:48.093   818  1132 E C02515/DISP: [0;32;31m[SetMetadata:102] <private> is not supported[m
09-28 17:52:48.093   818  1132 E C02515/METADATA_SRV: [0;32;31m[SetMetadata:136]  fail[m
09-28 17:52:48.093   818  1132 E C01401/Bufferqueue: <surface_buffer_impl.cpp:714-SetMetadata>: SetMetadata Failed with -5
09-28 17:52:48.094   793  4141 E C02515/DISP: [0;32;31m[SetLayerMaskInfo@display_composer_vdi_impl.cpp:404] <private> is not supported[m
09-28 17:52:48.094   818  1228 E C02515/DISP: [0;32;31m[SetMetadata:102] <private> is not supported[m
09-28 17:52:48.094   818  1228 E C02515/METADATA_SRV: [0;32;31m[SetMetadata:136]  fail[m
09-28 17:52:48.094   818  1228 E C01401/Bufferqueue: <surface_buffer_impl.cpp:714-SetMetadata>: SetMetadata Failed with -5
09-28 17:52:48.095   793  4141 E C02515/DISP: [0;32;31m[SetDisplayClientDamage@display_composer_vdi_impl.cpp:179] <private> is not supported[m
09-28 17:52:48.108   818   818 E C02515/DISP: [0;32;31m[GetMetadata:109] <private> is not supported[m
09-28 17:52:48.108   818   818 E C02515/DISP: [0;32;31m[GetMetadata:109] <private> is not supported[m
09-28 17:52:48.108   818   818 E C02515/DISP: [0;32;31m[GetMetadata:109] <private> is not supported[m
09-28 17:52:48.108  1048 14692 I C02d13/HDC_LOG: [async_cmd.cpp:88] FinishShellProc finish pipeRead fd:36 pid:14691 count:1
09-28 17:52:48.108  1048 14692 I C02d13/HDC_LOG: [task.cpp:55] HdcTaskBase::TaskFinish notify begin type:0 cid:97723206 sid:213******641(L:10)
09-28 17:52:48.109   818   818 E C01406/skia: RSBaseRenderUtil::DealWithSurfaceRotationAndGravity, GetSurfaceBufferOpaque:0
09-28 17:52:48.109   818   818 E C02515/DISP: [0;32;31m[GetMetadata:109] <private> is not supported[m
09-28 17:52:48.109   818   818 E C01406/skia: RSBaseRenderUtil::DealWithSurfaceRotationAndGravity, GetSurfaceBufferOpaque:0
09-28 17:52:48.109  1048 14692 I C02d13/HDC_LOG: [task.cpp:58] HdcTaskBase::TaskFinish notify end type:0 cid:97723206 sid:213******641(L:10)
09-28 17:52:48.109   818   818 E C02515/DISP: [0;32;31m[GetMetadata:109] <private> is not supported[m
09-28 17:52:48.109 13972 14187 I C00f00/OH_DER_VSync: onOhVsync ENTRY ts=<private> data=<private>
09-28 17:52:48.110 13972 14185 I C00f00/OH_DER_VSync: scheduleVsync ENTRY receiverPtr=0x<private>
09-28 17:52:48.110 13972 14185 I C00f00/OH_DER_VSync: scheduleVsync calling RequestFrame ohVsync=<private>
09-28 17:52:48.110   818  1137 E C02515/DISP: [0;32;31m[SetMetadata:102] <private> is not supported[m
09-28 17:52:48.110   818  1137 E C02515/METADATA_SRV: [0;32;31m[SetMetadata:136]  fail[m
09-28 17:52:48.110   818  1137 E C01401/Bufferqueue: <surface_buffer_impl.cpp:714-SetMetadata>: SetMetadata Failed with -5
09-28 17:52:48.110 13972 14185 I C00f00/OH_DER_VSync: scheduleVsync RequestFrame rc=<private>
09-28 17:52:48.110   818  1137 E C01406/skia: SurfaceNodeDrawable DrawCommSurfaceWatermark Name:BackgroundBlurView2 Id:8933531975688 water mark count is zero
09-28 17:52:48.110   818  1137 E C01406/skia: RSBaseRenderUtil::DealWithSurfaceRotationAndGravity, GetSurfaceBufferOpaque:0
09-28 17:52:48.110   818  1137 I C01406/WRAP: AHardwareBuffer_createFromHandle index = <private> handle = <private>, ahb = <private>
09-28 17:52:48.111   818  1137 E C01406/skia: SurfaceNodeDrawable DrawCommSurfaceWatermark Name:AdapterActivityContent Id:60009283059715 water mark count is zero
09-28 17:52:48.111   818  1137 E C01406/skia: RSBaseRenderUtil::DealWithSurfaceRotationAndGravity, GetSurfaceBufferOpaque:0
09-28 17:52:48.111   818  1137 I C01406/WRAP: AHardwareBuffer_createFromHandle index = <private> handle = <private>, ahb = <private>
09-28 17:52:48.111   818  1137 E C01406/skia: SurfaceNodeDrawable DrawCommSurfaceWatermark Name:AdapterSurfaceView Id:60009283059716 water mark count is zero
09-28 17:52:48.111   818  1137 E C01406/skia: SurfaceNodeDrawable DrawCommSurfaceWatermark Name:com.a2hlab.bridge.zigzag/com.unity3d.player.UnityPlayerActivity Id:60009283059713 water mark count is zero
09-28 17:52:48.111   818  1137 E C01406/skia: SurfaceNodeDrawable DrawCommSurfaceWatermark Name:WindowScene_zigzag37 Id:8933531976573 water mark count is zero
09-28 17:52:48.111  1048  1170 I C02d13/HDC_LOG: [daemon.cpp:1142] FetchCommand channelId:97723206 command:2
09-28 17:52:48.111  1048  1170 W C02d13/HDC_LOG: [session.cpp:160] BeginRemoveTask taskType:0 channelId:97723206
09-28 17:52:48.111  1048  1170 W C02d13/HDC_LOG: [session.cpp:190] ClearOwnTasks OP_CLEAR finish, sessionId:213******641(L:10) channelIDInput:97723206
09-28 17:52:48.111  1048  1170 W C02d13/HDC_LOG: [session.cpp:115] taskClassDeleteRetry start clear task, taskType:0 cid:97723206 sid:213******641(L:10)
09-28 17:52:48.111  1048  1170 I C02d13/HDC_LOG: [async_cmd.cpp:69] DoRelease rc:-3 pid:14691
09-28 17:52:48.111  1048  1170 I C02d13/HDC_LOG: [session.cpp:126] TaskDelay task remove retry count 0/30, taskType:0 channelId:97723206, sessionId:213******641(L:10)
09-28 17:52:48.111  1048  1170 I C02d13/HDC_LOG: [daemon_unity.cpp:31] ~HdcDaemonUnity cid:97723206 sid:213******641(L:10)
09-28 17:52:48.112  1048  1170 I C02d13/HDC_LOG: [task.cpp:40] ~HdcTaskBase type:0 cid:97723206 sid:213******641(L:10)
09-28 17:52:48.112  1048  1170 W C02d13/HDC_LOG: [session.cpp:134] TaskDelay task remove finish, channelId:97723206
09-28 17:52:48.112  1048  1170 I C02d13/HDC_LOG: [base.cpp:969] before uv handle close, the uv handle type is 13
09-28 17:52:48.112   818  1137 E C01406/skia: SurfaceNodeDrawable DrawCommSurfaceWatermark Name:SCBGestureNavBar13 Id:8933531975827 water mark count is zero
09-28 17:52:48.112   818  1137 E C01406/skia: SurfaceNodeDrawable DrawCommSurfaceWatermark Name:SCBStatusBar15 Id:8933531975907 water mark count is zero
09-28 17:52:48.114   818  1137 E C02515/DISP: [0;32;31m[GetMetadata:109] <private> is not supported[m
09-28 17:52:48.114   818  1137 E C02515/DISP: [0;32;31m[SetMetadata:102] <private> is not supported[m
09-28 17:52:48.114   818  1137 E C02515/METADATA_SRV: [0;32;31m[SetMetadata:136]  fail[m
09-28 17:52:48.114   818  1137 E C01401/Bufferqueue: <surface_buffer_impl.cpp:714-SetMetadata>: SetMetadata Failed with -5
09-28 17:52:48.114   818  1137 E C01406/skia: RSUniRenderComposerAdapter::SetBufferColorSpace set color space fail
09-28 17:52:48.116  1048  1170 I C02d13/HDC_LOG: [daemon.cpp:1142] FetchCommand channelId:97723206 command:2
09-28 17:52:48.124 13972 14187 I C00f00/OH_DER_VSync: onOhVsync ENTRY ts=<private> data=<private>
09-28 17:52:48.125 13972 14185 I C00f00/OH_DER_VSync: scheduleVsync ENTRY receiverPtr=0x<private>
09-28 17:52:48.125 13972 14185 I C00f00/OH_DER_VSync: scheduleVsync calling RequestFrame ohVsync=<private>
09-28 17:52:48.125 13972 14185 I C00f00/OH_DER_VSync: scheduleVsync RequestFrame rc=<private>
09-28 17:52:48.126   818  1132 E C02515/DISP: [0;32;31m[SetMetadata:102] <private> is not supported[m
09-28 17:52:48.126   818  1132 E C02515/METADATA_SRV: [0;32;31m[SetMetadata:136]  fail[m
09-28 17:52:48.126   818  1132 E C01401/Bufferqueue: <surface_buffer_impl.cpp:714-SetMetadata>: SetMetadata Failed with -5
09-28 17:52:48.128   793  4141 E C02515/DISP: [0;32;31m[SetLayerMaskInfo@display_composer_vdi_impl.cpp:404] <private> is not supported[m
09-28 17:52:48.129   818  1228 E C02515/DISP: [0;32;31m[SetMetadata:102] <private> is not supported[m
09-28 17:52:48.129   818  1228 E C02515/METADATA_SRV: [0;32;31m[SetMetadata:136]  fail[m
09-28 17:52:48.129   818  1228 E C01401/Bufferqueue: <surface_buffer_impl.cpp:714-SetMetadata>: SetMetadata Failed with -5
09-28 17:52:48.129   793  4141 E C02515/DISP: [0;32;31m[SetDisplayClientDamage@display_composer_vdi_impl.cpp:179] <private> is not supported[m
09-28 17:52:48.141   818   818 E C02515/DISP: [0;32;31m[GetMetadata:109] <private> is not supported[m
09-28 17:52:48.141   818   818 E C02515/DISP: [0;32;31m[GetMetadata:109] <private> is not supported[m
09-28 17:52:48.141   818   818 E C02515/DISP: [0;32;31m[GetMetadata:109] <private> is not supported[m
09-28 17:52:48.142   818   818 E C01406/skia: RSBaseRenderUtil::DealWithSurfaceRotationAndGravity, GetSurfaceBufferOpaque:0
09-28 17:52:48.142   818   818 E C02515/DISP: [0;32;31m[GetMetadata:109] <private> is not supported[m
09-28 17:52:48.142   818   818 E C01406/skia: RSBaseRenderUtil::DealWithSurfaceRotationAndGravity, GetSurfaceBufferOpaque:0
09-28 17:52:48.142   818   818 E C02515/DISP: [0;32;31m[GetMetadata:109] <private> is not supported[m
09-28 17:52:48.143 13972 14187 I C00f00/OH_DER_VSync: onOhVsync ENTRY ts=<private> data=<private>
09-28 17:52:48.143 13972 14185 I C00f00/OH_DER_VSync: scheduleVsync ENTRY receiverPtr=0x<private>
09-28 17:52:48.143 13972 14185 I C00f00/OH_DER_VSync: scheduleVsync calling RequestFrame ohVsync=<private>
09-28 17:52:48.143   818  1137 E C02515/DISP: [0;32;31m[SetMetadata:102] <private> is not supported[m
09-28 17:52:48.143   818  1137 E C02515/METADATA_SRV: [0;32;31m[SetMetadata:136]  fail[m
09-28 17:52:48.143   818  1137 E C01401/Bufferqueue: <surface_buffer_impl.cpp:714-SetMetadata>: SetMetadata Failed with -5
09-28 17:52:48.143 13972 14185 I C00f00/OH_DER_VSync: scheduleVsync RequestFrame rc=<private>
09-28 17:52:48.143   818  1137 E C01406/skia: SurfaceNodeDrawable DrawCommSurfaceWatermark Name:BackgroundBlurView2 Id:8933531975688 water mark count is zero
09-28 17:52:48.144   818  1137 E C01406/skia: RSBaseRenderUtil::DealWithSurfaceRotationAndGravity, GetSurfaceBufferOpaque:0
09-28 17:52:48.144   818  1137 I C01406/WRAP: AHardwareBuffer_createFromHandle index = <private> handle = <private>, ahb = <private>
09-28 17:52:48.144   818  1137 E C01406/skia: SurfaceNodeDrawable DrawCommSurfaceWatermark Name:AdapterActivityContent Id:60009283059715 water mark count is zero
09-28 17:52:48.144   818  1137 E C01406/skia: RSBaseRenderUtil::DealWithSurfaceRotationAndGravity, GetSurfaceBufferOpaque:0
09-28 17:52:48.144   818  1137 I C01406/WRAP: AHardwareBuffer_createFromHandle index = <private> handle = <private>, ahb = <private>
09-28 17:52:48.144   818  1137 E C01406/skia: SurfaceNodeDrawable DrawCommSurfaceWatermark Name:AdapterSurfaceView Id:60009283059716 water mark count is zero
09-28 17:52:48.144   818  1137 E C01406/skia: SurfaceNodeDrawable DrawCommSurfaceWatermark Name:com.a2hlab.bridge.zigzag/com.unity3d.player.UnityPlayerActivity Id:60009283059713 water mark count is zero
09-28 17:52:48.144   818  1137 E C01406/skia: SurfaceNodeDrawable DrawCommSurfaceWatermark Name:WindowScene_zigzag37 Id:8933531976573 water mark count is zero
09-28 17:52:48.145   818  1137 E C01406/skia: SurfaceNodeDrawable DrawCommSurfaceWatermark Name:SCBGestureNavBar13 Id:8933531975827 water mark count is zero
09-28 17:52:48.145   818  1137 E C01406/skia: SurfaceNodeDrawable DrawCommSurfaceWatermark Name:SCBStatusBar15 Id:8933531975907 water mark count is zero
09-28 17:52:48.146   818  1137 E C02515/DISP: [0;32;31m[GetMetadata:109] <private> is not supported[m
09-28 17:52:48.146   818  1137 E C02515/DISP: [0;32;31m[SetMetadata:102] <private> is not supported[m
09-28 17:52:48.146   818  1137 E C02515/METADATA_SRV: [0;32;31m[SetMetadata:136]  fail[m
09-28 17:52:48.146   818  1137 E C01401/Bufferqueue: <surface_buffer_impl.cpp:714-SetMetadata>: SetMetadata Failed with -5
09-28 17:52:48.146   818  1137 E C01406/skia: RSUniRenderComposerAdapter::SetBufferColorSpace set color space fail
09-28 17:52:48.158 13972 14187 I C00f00/OH_DER_VSync: onOhVsync ENTRY ts=<private> data=<private>
09-28 17:52:48.158 13972 14185 I C00f00/OH_DER_VSync: scheduleVsync ENTRY receiverPtr=0x<private>
09-28 17:52:48.158 13972 14185 I C00f00/OH_DER_VSync: scheduleVsync calling RequestFrame ohVsync=<private>
09-28 17:52:48.158 13972 14185 I C00f00/OH_DER_VSync: scheduleVsync RequestFrame rc=<private>
09-28 17:52:48.160   818  1132 E C02515/DISP: [0;32;31m[SetMetadata:102] <private> is not supported[m
09-28 17:52:48.160   818  1132 E C02515/METADATA_SRV: [0;32;31m[SetMetadata:136]  fail[m
09-28 17:52:48.160   818  1132 E C01401/Bufferqueue: <surface_buffer_impl.cpp:714-SetMetadata>: SetMetadata Failed with -5
09-28 17:52:48.161   793  4141 E C02515/DISP: [0;32;31m[SetLayerMaskInfo@display_composer_vdi_impl.cpp:404] <private> is not supported[m
09-28 17:52:48.161   818  1228 E C02515/DISP: [0;32;31m[SetMetadata:102] <private> is not supported[m
09-28 17:52:48.161   818  1228 E C02515/METADATA_SRV: [0;32;31m[SetMetadata:136]  fail[m
09-28 17:52:48.161   818  1228 E C01401/Bufferqueue: <surface_buffer_impl.cpp:714-SetMetadata>: SetMetadata Failed with -5
09-28 17:52:48.162   793  4141 E C02515/DISP: [0;32;31m[SetDisplayClientDamage@display_composer_vdi_impl.cpp:179] <private> is not supported[m
09-28 17:52:48.174 13972 14187 I C00f00/OH_DER_VSync: onOhVsync ENTRY ts=<private> data=<private>
09-28 17:52:48.174   818   818 E C02515/DISP: [0;32;31m[GetMetadata:109] <private> is not supported[m
09-28 17:52:48.175   818   818 E C02515/DISP: [0;32;31m[GetMetadata:109] <private> is not supported[m
09-28 17:52:48.175   818   818 E C02515/DISP: [0;32;31m[GetMetadata:109] <private> is not supported[m
09-28 17:52:48.175 13972 14185 I C00f00/OH_DER_VSync: scheduleVsync ENTRY receiverPtr=0x<private>
09-28 17:52:48.175 13972 14185 I C00f00/OH_DER_VSync: scheduleVsync calling RequestFrame ohVsync=<private>
09-28 17:52:48.175 13972 14185 I C00f00/OH_DER_VSync: scheduleVsync RequestFrame rc=<private>
09-28 17:52:48.175   818   818 E C01406/skia: RSBaseRenderUtil::DealWithSurfaceRotationAndGravity, GetSurfaceBufferOpaque:0
09-28 17:52:48.175   818   818 E C02515/DISP: [0;32;31m[GetMetadata:109] <private> is not supported[m
09-28 17:52:48.175   818   818 E C01406/skia: RSBaseRenderUtil::DealWithSurfaceRotationAndGravity, GetSurfaceBufferOpaque:0
09-28 17:52:48.175   818   818 E C02515/DISP: [0;32;31m[GetMetadata:109] <private> is not supported[m
09-28 17:52:48.176   818  1137 E C02515/DISP: [0;32;31m[SetMetadata:102] <private> is not supported[m
09-28 17:52:48.176   818  1137 E C02515/METADATA_SRV: [0;32;31m[SetMetadata:136]  fail[m
09-28 17:52:48.176   818  1137 E C01401/Bufferqueue: <surface_buffer_impl.cpp:714-SetMetadata>: SetMetadata Failed with -5
09-28 17:52:48.177   818  1137 E C01406/skia: SurfaceNodeDrawable DrawCommSurfaceWatermark Name:BackgroundBlurView2 Id:8933531975688 water mark count is zero
09-28 17:52:48.177   818  1137 E C01406/skia: RSBaseRenderUtil::DealWithSurfaceRotationAndGravity, GetSurfaceBufferOpaque:0
09-28 17:52:48.177   818  1137 I C01406/WRAP: AHardwareBuffer_createFromHandle index = <private> handle = <private>, ahb = <private>
09-28 17:52:48.177   818  1137 E C01406/skia: SurfaceNodeDrawable DrawCommSurfaceWatermark Name:AdapterActivityContent Id:60009283059715 water mark count is zero
09-28 17:52:48.177   818  1137 E C01406/skia: RSBaseRenderUtil::DealWithSurfaceRotationAndGravity, GetSurfaceBufferOpaque:0
09-28 17:52:48.177   818  1137 I C01406/WRAP: AHardwareBuffer_createFromHandle index = <private> handle = <private>, ahb = <private>
09-28 17:52:48.177   818  1137 E C01406/skia: SurfaceNodeDrawable DrawCommSurfaceWatermark Name:AdapterSurfaceView Id:60009283059716 water mark count is zero
09-28 17:52:48.177   818  1137 E C01406/skia: SurfaceNodeDrawable DrawCommSurfaceWatermark Name:com.a2hlab.bridge.zigzag/com.unity3d.player.UnityPlayerActivity Id:60009283059713 water mark count is zero
09-28 17:52:48.177   818  1137 E C01406/skia: SurfaceNodeDrawable DrawCommSurfaceWatermark Name:WindowScene_zigzag37 Id:8933531976573 water mark count is zero
09-28 17:52:48.178   818  1137 E C01406/skia: SurfaceNodeDrawable DrawCommSurfaceWatermark Name:SCBGestureNavBar13 Id:8933531975827 water mark count is zero
09-28 17:52:48.178   818  1137 E C01406/skia: SurfaceNodeDrawable DrawCommSurfaceWatermark Name:SCBStatusBar15 Id:8933531975907 water mark count is zero
09-28 17:52:48.179   818  1137 E C02515/DISP: [0;32;31m[GetMetadata:109] <private> is not supported[m
09-28 17:52:48.180   818  1137 E C02515/DISP: [0;32;31m[SetMetadata:102] <private> is not supported[m
09-28 17:52:48.180   818  1137 E C02515/METADATA_SRV: [0;32;31m[SetMetadata:136]  fail[m
09-28 17:52:48.180   818  1137 E C01401/Bufferqueue: <surface_buffer_impl.cpp:714-SetMetadata>: SetMetadata Failed with -5
09-28 17:52:48.180   818  1137 E C01406/skia: RSUniRenderComposerAdapter::SetBufferColorSpace set color space fail
09-28 17:52:48.191 13972 14187 I C00f00/OH_DER_VSync: onOhVsync ENTRY ts=<private> data=<private>
09-28 17:52:48.191 13972 14185 I C00f00/OH_DER_VSync: scheduleVsync ENTRY receiverPtr=0x<private>
09-28 17:52:48.191 13972 14185 I C00f00/OH_DER_VSync: scheduleVsync calling RequestFrame ohVsync=<private>
09-28 17:52:48.192 13972 14185 I C00f00/OH_DER_VSync: scheduleVsync RequestFrame rc=<private>
09-28 17:52:48.193   818  1132 E C02515/DISP: [0;32;31m[SetMetadata:102] <private> is not supported[m
09-28 17:52:48.193   818  1132 E C02515/METADATA_SRV: [0;32;31m[SetMetadata:136]  fail[m
09-28 17:52:48.193   818  1132 E C01401/Bufferqueue: <surface_buffer_impl.cpp:714-SetMetadata>: SetMetadata Failed with -5
09-28 17:52:48.194   793  4141 E C02515/DISP: [0;32;31m[SetLayerMaskInfo@display_composer_vdi_impl.cpp:404] <private> is not supported[m
09-28 17:52:48.194   818  1228 E C02515/DISP: [0;32;31m[SetMetadata:102] <private> is not supported[m
09-28 17:52:48.194   818  1228 E C02515/METADATA_SRV: [0;32;31m[SetMetadata:136]  fail[m
09-28 17:52:48.194   818  1228 E C01401/Bufferqueue: <surface_buffer_impl.cpp:714-SetMetadata>: SetMetadata Failed with -5
09-28 17:52:48.195   793  4141 E C02515/DISP: [0;32;31m[SetDisplayClientDamage@display_composer_vdi_impl.cpp:179] <private> is not supported[m
09-28 17:52:48.208 13972 14187 I C00f00/OH_DER_VSync: onOhVsync ENTRY ts=<private> data=<private>
09-28 17:52:48.208 13972 14185 I C00f00/OH_DER_VSync: scheduleVsync ENTRY receiverPtr=0x<private>
09-28 17:52:48.208 13972 14185 I C00f00/OH_DER_VSync: scheduleVsync calling RequestFrame ohVsync=<private>
09-28 17:52:48.208   818   818 E C02515/DISP: [0;32;31m[GetMetadata:109] <private> is not supported[m
09-28 17:52:48.208 13972 14185 I C00f00/OH_DER_VSync: scheduleVsync RequestFrame rc=<private>
09-28 17:52:48.208   818   818 E C02515/DISP: [0;32;31m[GetMetadata:109] <private> is not supported[m
09-28 17:52:48.208   818   818 E C02515/DISP: [0;32;31m[GetMetadata:109] <private> is not supported[m
09-28 17:52:48.209   818   818 E C01406/skia: RSBaseRenderUtil::DealWithSurfaceRotationAndGravity, GetSurfaceBufferOpaque:0
09-28 17:52:48.209   818   818 E C02515/DISP: [0;32;31m[GetMetadata:109] <private> is not supported[m
09-28 17:52:48.210   818   818 E C01406/skia: RSBaseRenderUtil::DealWithSurfaceRotationAndGravity, GetSurfaceBufferOpaque:0
09-28 17:52:48.210   818   818 E C02515/DISP: [0;32;31m[GetMetadata:109] <private> is not supported[m
09-28 17:52:48.211   818  1137 E C02515/DISP: [0;32;31m[SetMetadata:102] <private> is not supported[m
09-28 17:52:48.211   818  1137 E C02515/METADATA_SRV: [0;32;31m[SetMetadata:136]  fail[m
09-28 17:52:48.211   818  1137 E C01401/Bufferqueue: <surface_buffer_impl.cpp:714-SetMetadata>: SetMetadata Failed with -5
09-28 17:52:48.212   818  1137 E C01406/skia: SurfaceNodeDrawable DrawCommSurfaceWatermark Name:BackgroundBlurView2 Id:8933531975688 water mark count is zero
09-28 17:52:48.212   818  1137 E C01406/skia: RSBaseRenderUtil::DealWithSurfaceRotationAndGravity, GetSurfaceBufferOpaque:0
09-28 17:52:48.212   818  1137 I C01406/WRAP: AHardwareBuffer_createFromHandle index = <private> handle = <private>, ahb = <private>
09-28 17:52:48.212   818  1137 E C01406/skia: SurfaceNodeDrawable DrawCommSurfaceWatermark Name:AdapterActivityContent Id:60009283059715 water mark count is zero
09-28 17:52:48.212   818  1137 E C01406/skia: RSBaseRenderUtil::DealWithSurfaceRotationAndGravity, GetSurfaceBufferOpaque:0
09-28 17:52:48.212   818  1137 I C01406/WRAP: AHardwareBuffer_createFromHandle index = <private> handle = <private>, ahb = <private>
09-28 17:52:48.213   818  1137 E C01406/skia: SurfaceNodeDrawable DrawCommSurfaceWatermark Name:AdapterSurfaceView Id:60009283059716 water mark count is zero
09-28 17:52:48.213   818  1137 E C01406/skia: SurfaceNodeDrawable DrawCommSurfaceWatermark Name:com.a2hlab.bridge.zigzag/com.unity3d.player.UnityPlayerActivity Id:60009283059713 water mark count is zero
09-28 17:52:48.213   818  1137 E C01406/skia: SurfaceNodeDrawable DrawCommSurfaceWatermark Name:WindowScene_zigzag37 Id:8933531976573 water mark count is zero
09-28 17:52:48.213   818  1137 E C01406/skia: SurfaceNodeDrawable DrawCommSurfaceWatermark Name:SCBGestureNavBar13 Id:8933531975827 water mark count is zero
09-28 17:52:48.213   818  1137 E C01406/skia: SurfaceNodeDrawable DrawCommSurfaceWatermark Name:SCBStatusBar15 Id:8933531975907 water mark count is zero
09-28 17:52:48.215   818  1137 E C02515/DISP: [0;32;31m[GetMetadata:109] <private> is not supported[m
09-28 17:52:48.215   818  1137 E C02515/DISP: [0;32;31m[SetMetadata:102] <private> is not supported[m
09-28 17:52:48.215   818  1137 E C02515/METADATA_SRV: [0;32;31m[SetMetadata:136]  fail[m
09-28 17:52:48.215   818  1137 E C01401/Bufferqueue: <surface_buffer_impl.cpp:714-SetMetadata>: SetMetadata Failed with -5
09-28 17:52:48.215   818  1137 E C01406/skia: RSUniRenderComposerAdapter::SetBufferColorSpace set color space fail
09-28 17:52:48.224 13972 14187 I C00f00/OH_DER_VSync: onOhVsync ENTRY ts=<private> data=<private>
09-28 17:52:48.225 13972 14185 I C00f00/OH_DER_VSync: scheduleVsync ENTRY receiverPtr=0x<private>
09-28 17:52:48.225 13972 14185 I C00f00/OH_DER_VSync: scheduleVsync calling RequestFrame ohVsync=<private>
09-28 17:52:48.225 13972 14185 I C00f00/OH_DER_VSync: scheduleVsync RequestFrame rc=<private>
09-28 17:52:48.227   818  1132 E C02515/DISP: [0;32;31m[SetMetadata:102] <private> is not supported[m
09-28 17:52:48.227   818  1132 E C02515/METADATA_SRV: [0;32;31m[SetMetadata:136]  fail[m
09-28 17:52:48.227   818  1132 E C01401/Bufferqueue: <surface_buffer_impl.cpp:714-SetMetadata>: SetMetadata Failed with -5
09-28 17:52:48.227   793  4141 E C02515/DISP: [0;32;31m[SetLayerMaskInfo@display_composer_vdi_impl.cpp:404] <private> is not supported[m
09-28 17:52:48.227   818  1228 E C02515/DISP: [0;32;31m[SetMetadata:102] <private> is not supported[m
09-28 17:52:48.227   818  1228 E C02515/METADATA_SRV: [0;32;31m[SetMetadata:136]  fail[m
09-28 17:52:48.227   818  1228 E C01401/Bufferqueue: <surface_buffer_impl.cpp:714-SetMetadata>: SetMetadata Failed with -5
09-28 17:52:48.228   793  4141 E C02515/DISP: [0;32;31m[SetDisplayClientDamage@display_composer_vdi_impl.cpp:179] <private> is not supported[m
09-28 17:52:48.241 13972 14187 I C00f00/OH_DER_VSync: onOhVsync ENTRY ts=<private> data=<private>
09-28 17:52:48.241   818   818 E C02515/DISP: [0;32;31m[GetMetadata:109] <private> is not supported[m
09-28 17:52:48.241 13972 14185 I C00f00/OH_DER_VSync: scheduleVsync ENTRY receiverPtr=0x<private>
09-28 17:52:48.241 13972 14185 I C00f00/OH_DER_VSync: scheduleVsync calling RequestFrame ohVsync=<private>
09-28 17:52:48.241   818   818 E C02515/DISP: [0;32;31m[GetMetadata:109] <private> is not supported[m
09-28 17:52:48.242 13972 14185 I C00f00/OH_DER_VSync: scheduleVsync RequestFrame rc=<private>
09-28 17:52:48.242   818   818 E C02515/DISP: [0;32;31m[GetMetadata:109] <private> is not supported[m
09-28 17:52:48.243   818   818 E C01406/skia: RSBaseRenderUtil::DealWithSurfaceRotationAndGravity, GetSurfaceBufferOpaque:0
09-28 17:52:48.243   818   818 E C02515/DISP: [0;32;31m[GetMetadata:109] <private> is not supported[m
09-28 17:52:48.243   818   818 E C01406/skia: RSBaseRenderUtil::DealWithSurfaceRotationAndGravity, GetSurfaceBufferOpaque:0
09-28 17:52:48.243   818   818 E C02515/DISP: [0;32;31m[GetMetadata:109] <private> is not supported[m
09-28 17:52:48.245   818  1137 E C02515/DISP: [0;32;31m[SetMetadata:102] <private> is not supported[m
09-28 17:52:48.245   818  1137 E C02515/METADATA_SRV: [0;32;31m[SetMetadata:136]  fail[m
09-28 17:52:48.245   818  1137 E C01401/Bufferqueue: <surface_buffer_impl.cpp:714-SetMetadata>: SetMetadata Failed with -5
09-28 17:52:48.245   818  1137 E C01406/skia: SurfaceNodeDrawable DrawCommSurfaceWatermark Name:BackgroundBlurView2 Id:8933531975688 water mark count is zero
09-28 17:52:48.245   818  1137 E C01406/skia: RSBaseRenderUtil::DealWithSurfaceRotationAndGravity, GetSurfaceBufferOpaque:0
09-28 17:52:48.245   818  1137 I C01406/WRAP: AHardwareBuffer_createFromHandle index = <private> handle = <private>, ahb = <private>
09-28 17:52:48.246   818  1137 E C01406/skia: SurfaceNodeDrawable DrawCommSurfaceWatermark Name:AdapterActivityContent Id:60009283059715 water mark count is zero
09-28 17:52:48.246   818  1137 E C01406/skia: RSBaseRenderUtil::DealWithSurfaceRotationAndGravity, GetSurfaceBufferOpaque:0
09-28 17:52:48.246   818  1137 I C01406/WRAP: AHardwareBuffer_createFromHandle index = <private> handle = <private>, ahb = <private>
09-28 17:52:48.246   818  1137 E C01406/skia: SurfaceNodeDrawable DrawCommSurfaceWatermark Name:AdapterSurfaceView Id:60009283059716 water mark count is zero
09-28 17:52:48.246   818  1137 E C01406/skia: SurfaceNodeDrawable DrawCommSurfaceWatermark Name:com.a2hlab.bridge.zigzag/com.unity3d.player.UnityPlayerActivity Id:60009283059713 water mark count is zero
09-28 17:52:48.246   818  1137 E C01406/skia: SurfaceNodeDrawable DrawCommSurfaceWatermark Name:WindowScene_zigzag37 Id:8933531976573 water mark count is zero
09-28 17:52:48.246   818  1137 E C01406/skia: SurfaceNodeDrawable DrawCommSurfaceWatermark Name:SCBGestureNavBar13 Id:8933531975827 water mark count is zero
09-28 17:52:48.247   818  1137 E C01406/skia: SurfaceNodeDrawable DrawCommSurfaceWatermark Name:SCBStatusBar15 Id:8933531975907 water mark count is zero
09-28 17:52:48.248   818  1137 E C02515/DISP: [0;32;31m[GetMetadata:109] <private> is not supported[m
09-28 17:52:48.248   818  1137 E C02515/DISP: [0;32;31m[SetMetadata:102] <private> is not supported[m
09-28 17:52:48.248   818  1137 E C02515/METADATA_SRV: [0;32;31m[SetMetadata:136]  fail[m
09-28 17:52:48.248   818  1137 E C01401/Bufferqueue: <surface_buffer_impl.cpp:714-SetMetadata>: SetMetadata Failed with -5
09-28 17:52:48.248   818  1137 E C01406/skia: RSUniRenderComposerAdapter::SetBufferColorSpace set color space fail
09-28 17:52:48.258 13972 14187 I C00f00/OH_DER_VSync: onOhVsync ENTRY ts=<private> data=<private>
09-28 17:52:48.258 13972 14185 I C00f00/OH_DER_VSync: scheduleVsync ENTRY receiverPtr=0x<private>
09-28 17:52:48.258 13972 14185 I C00f00/OH_DER_VSync: scheduleVsync calling RequestFrame ohVsync=<private>
09-28 17:52:48.258 13972 14185 I C00f00/OH_DER_VSync: scheduleVsync RequestFrame rc=<private>
09-28 17:52:48.260   818  1132 E C02515/DISP: [0;32;31m[SetMetadata:102] <private> is not supported[m
09-28 17:52:48.260   818  1132 E C02515/METADATA_SRV: [0;32;31m[SetMetadata:136]  fail[m
09-28 17:52:48.260   818  1132 E C01401/Bufferqueue: <surface_buffer_impl.cpp:714-SetMetadata>: SetMetadata Failed with -5
09-28 17:52:48.260   793  4141 E C02515/DISP: [0;32;31m[SetLayerMaskInfo@display_composer_vdi_impl.cpp:404] <private> is not supported[m
09-28 17:52:48.261   818  1228 E C02515/DISP: [0;32;31m[SetMetadata:102] <private> is not supported[m
09-28 17:52:48.261   818  1228 E C02515/METADATA_SRV: [0;32;31m[SetMetadata:136]  fail[m
09-28 17:52:48.261   818  1228 E C01401/Bufferqueue: <surface_buffer_impl.cpp:714-SetMetadata>: SetMetadata Failed with -5
09-28 17:52:48.261   793  4141 E C02515/DISP: [0;32;31m[SetDisplayClientDamage@display_composer_vdi_impl.cpp:179] <private> is not supported[m
09-28 17:52:48.262 13161 13161 E C02c11/APPSPAWN: [appspawn_kickdog.c:29]open /sys/kernel/hungtask/userlist fail,errno:2
09-28 17:52:48.274 13972 14187 I C00f00/OH_DER_VSync: onOhVsync ENTRY ts=<private> data=<private>
09-28 17:52:48.275   818   818 E C02515/DISP: [0;32;31m[GetMetadata:109] <private> is not supported[m
09-28 17:52:48.275 13972 14185 I C00f00/OH_DER_VSync: scheduleVsync ENTRY receiverPtr=0x<private>
09-28 17:52:48.275 13972 14185 I C00f00/OH_DER_VSync: scheduleVsync calling RequestFrame ohVsync=<private>
09-28 17:52:48.275   818   818 E C02515/DISP: [0;32;31m[GetMetadata:109] <private> is not supported[m
09-28 17:52:48.275 13972 14185 I C00f00/OH_DER_VSync: scheduleVsync RequestFrame rc=<private>
09-28 17:52:48.275   818   818 E C02515/DISP: [0;32;31m[GetMetadata:109] <private> is not supported[m
09-28 17:52:48.276   818   818 E C01406/skia: RSBaseRenderUtil::DealWithSurfaceRotationAndGravity, GetSurfaceBufferOpaque:0
09-28 17:52:48.276   818   818 E C02515/DISP: [0;32;31m[GetMetadata:109] <private> is not supported[m
09-28 17:52:48.276   818   818 E C01406/skia: RSBaseRenderUtil::DealWithSurfaceRotationAndGravity, GetSurfaceBufferOpaque:0
09-28 17:52:48.276   818   818 E C02515/DISP: [0;32;31m[GetMetadata:109] <private> is not supported[m
09-28 17:52:48.278   818  1137 E C02515/DISP: [0;32;31m[SetMetadata:102] <private> is not supported[m
09-28 17:52:48.278   818  1137 E C02515/METADATA_SRV: [0;32;31m[SetMetadata:136]  fail[m
09-28 17:52:48.278   818  1137 E C01401/Bufferqueue: <surface_buffer_impl.cpp:714-SetMetadata>: SetMetadata Failed with -5
09-28 17:52:48.279   818  1137 E C01406/skia: SurfaceNodeDrawable DrawCommSurfaceWatermark Name:BackgroundBlurView2 Id:8933531975688 water mark count is zero
09-28 17:52:48.279   818  1137 E C01406/skia: RSBaseRenderUtil::DealWithSurfaceRotationAndGravity, GetSurfaceBufferOpaque:0
09-28 17:52:48.280   818  1137 I C01406/WRAP: AHardwareBuffer_createFromHandle index = <private> handle = <private>, ahb = <private>
09-28 17:52:48.280   818  1137 E C01406/skia: SurfaceNodeDrawable DrawCommSurfaceWatermark Name:AdapterActivityContent Id:60009283059715 water mark count is zero
09-28 17:52:48.280   818  1137 E C01406/skia: RSBaseRenderUtil::DealWithSurfaceRotationAndGravity, GetSurfaceBufferOpaque:0
09-28 17:52:48.280  1780  1809 E C01560/WifiNetLink: SendQoeCmd: open monitor_fd error, sockFd: -1, errno: 93
09-28 17:52:48.280  1780  1809 E C01560/WifiNetLink: SendQoeCmd: open monitor_fd error, sockFd: -1, errno: 93
09-28 17:52:48.280   818  1137 I C01406/WRAP: AHardwareBuffer_createFromHandle index = <private> handle = <private>, ahb = <private>
09-28 17:52:48.281   818  1137 E C01406/skia: SurfaceNodeDrawable DrawCommSurfaceWatermark Name:AdapterSurfaceView Id:60009283059716 water mark count is zero
09-28 17:52:48.281   818  1137 E C01406/skia: SurfaceNodeDrawable DrawCommSurfaceWatermark Name:com.a2hlab.bridge.zigzag/com.unity3d.player.UnityPlayerActivity Id:60009283059713 water mark count is zero
09-28 17:52:48.281   818  1137 E C01406/skia: SurfaceNodeDrawable DrawCommSurfaceWatermark Name:WindowScene_zigzag37 Id:8933531976573 water mark count is zero
09-28 17:52:48.282   818  1137 E C01406/skia: SurfaceNodeDrawable DrawCommSurfaceWatermark Name:SCBGestureNavBar13 Id:8933531975827 water mark count is zero
09-28 17:52:48.282   818  1137 E C01406/skia: SurfaceNodeDrawable DrawCommSurfaceWatermark Name:SCBStatusBar15 Id:8933531975907 water mark count is zero
09-28 17:52:48.284   818  1137 E C02515/DISP: [0;32;31m[GetMetadata:109] <private> is not supported[m
09-28 17:52:48.284   818  1137 E C02515/DISP: [0;32;31m[SetMetadata:102] <private> is not supported[m
09-28 17:52:48.284   818  1137 E C02515/METADATA_SRV: [0;32;31m[SetMetadata:136]  fail[m
09-28 17:52:48.284   818  1137 E C01401/Bufferqueue: <surface_buffer_impl.cpp:714-SetMetadata>: SetMetadata Failed with -5
09-28 17:52:48.284   818  1137 E C01406/skia: RSUniRenderComposerAdapter::SetBufferColorSpace set color space fail
09-28 17:52:48.291 13972 14187 I C00f00/OH_DER_VSync: onOhVsync ENTRY ts=<private> data=<private>
09-28 17:52:48.291 13972 14185 I C00f00/OH_DER_VSync: scheduleVsync ENTRY receiverPtr=0x<private>
09-28 17:52:48.291 13972 14185 I C00f00/OH_DER_VSync: scheduleVsync calling RequestFrame ohVsync=<private>
09-28 17:52:48.292 13972 14185 I C00f00/OH_DER_VSync: scheduleVsync RequestFrame rc=<private>
09-28 17:52:48.293   818  1132 E C02515/DISP: [0;32;31m[SetMetadata:102] <private> is not supported[m
09-28 17:52:48.293   818  1132 E C02515/METADATA_SRV: [0;32;31m[SetMetadata:136]  fail[m
09-28 17:52:48.293   818  1132 E C01401/Bufferqueue: <surface_buffer_impl.cpp:714-SetMetadata>: SetMetadata Failed with -5
09-28 17:52:48.294   793  4141 E C02515/DISP: [0;32;31m[SetLayerMaskInfo@display_composer_vdi_impl.cpp:404] <private> is not supported[m
09-28 17:52:48.294   818  1228 E C02515/DISP: [0;32;31m[SetMetadata:102] <private> is not supported[m
09-28 17:52:48.294   818  1228 E C02515/METADATA_SRV: [0;32;31m[SetMetadata:136]  fail[m
09-28 17:52:48.294   818  1228 E C01401/Bufferqueue: <surface_buffer_impl.cpp:714-SetMetadata>: SetMetadata Failed with -5
09-28 17:52:48.295   793  4141 E C02515/DISP: [0;32;31m[SetDisplayClientDamage@display_composer_vdi_impl.cpp:179] <private> is not supported[m
09-28 17:52:48.308 13972 14187 I C00f00/OH_DER_VSync: onOhVsync ENTRY ts=<private> data=<private>
09-28 17:52:48.308 13972 14185 I C00f00/OH_DER_VSync: scheduleVsync ENTRY receiverPtr=0x<private>
09-28 17:52:48.308 13972 14185 I C00f00/OH_DER_VSync: scheduleVsync calling RequestFrame ohVsync=<private>
09-28 17:52:48.308   818   818 E C02515/DISP: [0;32;31m[GetMetadata:109] <private> is not supported[m
09-28 17:52:48.308 13972 14185 I C00f00/OH_DER_VSync: scheduleVsync RequestFrame rc=<private>
09-28 17:52:48.308   818   818 E C02515/DISP: [0;32;31m[GetMetadata:109] <private> is not supported[m
09-28 17:52:48.308   818   818 E C02515/DISP: [0;32;31m[GetMetadata:109] <private> is not supported[m
09-28 17:52:48.310   818   818 E C01406/skia: RSBaseRenderUtil::DealWithSurfaceRotationAndGravity, GetSurfaceBufferOpaque:0
09-28 17:52:48.310   818   818 E C02515/DISP: [0;32;31m[GetMetadata:109] <private> is not supported[m
09-28 17:52:48.310   818   818 E C01406/skia: RSBaseRenderUtil::DealWithSurfaceRotationAndGravity, GetSurfaceBufferOpaque:0
09-28 17:52:48.310   818   818 E C02515/DISP: [0;32;31m[GetMetadata:109] <private> is not supported[m
09-28 17:52:48.312   818  1137 E C02515/DISP: [0;32;31m[SetMetadata:102] <private> is not supported[m
09-28 17:52:48.312   818  1137 E C02515/METADATA_SRV: [0;32;31m[SetMetadata:136]  fail[m
09-28 17:52:48.312   818  1137 E C01401/Bufferqueue: <surface_buffer_impl.cpp:714-SetMetadata>: SetMetadata Failed with -5
09-28 17:52:48.312   818  1137 E C01406/skia: SurfaceNodeDrawable DrawCommSurfaceWatermark Name:BackgroundBlurView2 Id:8933531975688 water mark count is zero
09-28 17:52:48.312   818  1137 E C01406/skia: RSBaseRenderUtil::DealWithSurfaceRotationAndGravity, GetSurfaceBufferOpaque:0
09-28 17:52:48.312   818  1137 I C01406/WRAP: AHardwareBuffer_createFromHandle index = <private> handle = <private>, ahb = <private>
09-28 17:52:48.313   818  1137 E C01406/skia: SurfaceNodeDrawable DrawCommSurfaceWatermark Name:AdapterActivityContent Id:60009283059715 water mark count is zero
09-28 17:52:48.313   818  1137 E C01406/skia: RSBaseRenderUtil::DealWithSurfaceRotationAndGravity, GetSurfaceBufferOpaque:0
09-28 17:52:48.313   818  1137 I C01406/WRAP: AHardwareBuffer_createFromHandle index = <private> handle = <private>, ahb = <private>
09-28 17:52:48.313   818  1137 E C01406/skia: SurfaceNodeDrawable DrawCommSurfaceWatermark Name:AdapterSurfaceView Id:60009283059716 water mark count is zero
09-28 17:52:48.313   818  1137 E C01406/skia: SurfaceNodeDrawable DrawCommSurfaceWatermark Name:com.a2hlab.bridge.zigzag/com.unity3d.player.UnityPlayerActivity Id:60009283059713 water mark count is zero
09-28 17:52:48.313   818  1137 E C01406/skia: SurfaceNodeDrawable DrawCommSurfaceWatermark Name:WindowScene_zigzag37 Id:8933531976573 water mark count is zero
09-28 17:52:48.313   818  1137 E C01406/skia: SurfaceNodeDrawable DrawCommSurfaceWatermark Name:SCBGestureNavBar13 Id:8933531975827 water mark count is zero
09-28 17:52:48.313   818  1137 E C01406/skia: SurfaceNodeDrawable DrawCommSurfaceWatermark Name:SCBStatusBar15 Id:8933531975907 water mark count is zero
09-28 17:52:48.316   818  1137 E C02515/DISP: [0;32;31m[GetMetadata:109] <private> is not supported[m
09-28 17:52:48.316   818  1137 E C02515/DISP: [0;32;31m[SetMetadata:102] <private> is not supported[m
09-28 17:52:48.316   818  1137 E C02515/METADATA_SRV: [0;32;31m[SetMetadata:136]  fail[m
09-28 17:52:48.316   818  1137 E C01401/Bufferqueue: <surface_buffer_impl.cpp:714-SetMetadata>: SetMetadata Failed with -5
09-28 17:52:48.316   818  1137 E C01406/skia: RSUniRenderComposerAdapter::SetBufferColorSpace set color space fail
09-28 17:52:48.325 13972 14187 I C00f00/OH_DER_VSync: onOhVsync ENTRY ts=<private> data=<private>
09-28 17:52:48.325 13972 14185 I C00f00/OH_DER_VSync: scheduleVsync ENTRY receiverPtr=0x<private>
09-28 17:52:48.325 13972 14185 I C00f00/OH_DER_VSync: scheduleVsync calling RequestFrame ohVsync=<private>
09-28 17:52:48.325 13972 14185 I C00f00/OH_DER_VSync: scheduleVsync RequestFrame rc=<private>
09-28 17:52:48.326   818  1132 E C02515/DISP: [0;32;31m[SetMetadata:102] <private> is not supported[m
09-28 17:52:48.327   818  1132 E C02515/METADATA_SRV: [0;32;31m[SetMetadata:136]  fail[m
09-28 17:52:48.327   818  1132 E C01401/Bufferqueue: <surface_buffer_impl.cpp:714-SetMetadata>: SetMetadata Failed with -5
09-28 17:52:48.328   793  4141 E C02515/DISP: [0;32;31m[SetLayerMaskInfo@display_composer_vdi_impl.cpp:404] <private> is not supported[m
09-28 17:52:48.328   818  1228 E C02515/DISP: [0;32;31m[SetMetadata:102] <private> is not supported[m
09-28 17:52:48.328   818  1228 E C02515/METADATA_SRV: [0;32;31m[SetMetadata:136]  fail[m
09-28 17:52:48.328   818  1228 E C01401/Bufferqueue: <surface_buffer_impl.cpp:714-SetMetadata>: SetMetadata Failed with -5
09-28 17:52:48.329   793  4141 E C02515/DISP: [0;32;31m[SetDisplayClientDamage@display_composer_vdi_impl.cpp:179] <private> is not supported[m
09-28 17:52:48.341   818   818 E C02515/DISP: [0;32;31m[GetMetadata:109] <private> is not supported[m
09-28 17:52:48.341   818   818 E C02515/DISP: [0;32;31m[GetMetadata:109] <private> is not supported[m
09-28 17:52:48.341   818   818 E C02515/DISP: [0;32;31m[GetMetadata:109] <private> is not supported[m
09-28 17:52:48.342   818   818 E C01406/skia: RSBaseRenderUtil::DealWithSurfaceRotationAndGravity, GetSurfaceBufferOpaque:0
09-28 17:52:48.342   818   818 E C02515/DISP: [0;32;31m[GetMetadata:109] <private> is not supported[m
09-28 17:52:48.342   818   818 E C01406/skia: RSBaseRenderUtil::DealWithSurfaceRotationAndGravity, GetSurfaceBufferOpaque:0
09-28 17:52:48.342   818   818 E C02515/DISP: [0;32;31m[GetMetadata:109] <private> is not supported[m
09-28 17:52:48.343 13972 14187 I C00f00/OH_DER_VSync: onOhVsync ENTRY ts=<private> data=<private>
09-28 17:52:48.343 13972 14185 I C00f00/OH_DER_VSync: scheduleVsync ENTRY receiverPtr=0x<private>
09-28 17:52:48.343 13972 14185 I C00f00/OH_DER_VSync: scheduleVsync calling RequestFrame ohVsync=<private>
09-28 17:52:48.343   818  1137 E C02515/DISP: [0;32;31m[SetMetadata:102] <private> is not supported[m
09-28 17:52:48.343   818  1137 E C02515/METADATA_SRV: [0;32;31m[SetMetadata:136]  fail[m
09-28 17:52:48.343 13972 14185 I C00f00/OH_DER_VSync: scheduleVsync RequestFrame rc=<private>
09-28 17:52:48.343   818  1137 E C01401/Bufferqueue: <surface_buffer_impl.cpp:714-SetMetadata>: SetMetadata Failed with -5
09-28 17:52:48.344   818  1137 E C01406/skia: SurfaceNodeDrawable DrawCommSurfaceWatermark Name:BackgroundBlurView2 Id:8933531975688 water mark count is zero
09-28 17:52:48.344   818  1137 E C01406/skia: RSBaseRenderUtil::DealWithSurfaceRotationAndGravity, GetSurfaceBufferOpaque:0
09-28 17:52:48.344   818  1137 I C01406/WRAP: AHardwareBuffer_createFromHandle index = <private> handle = <private>, ahb = <private>
09-28 17:52:48.344   818  1137 E C01406/skia: SurfaceNodeDrawable DrawCommSurfaceWatermark Name:AdapterActivityContent Id:60009283059715 water mark count is zero
09-28 17:52:48.344   818  1137 E C01406/skia: RSBaseRenderUtil::DealWithSurfaceRotationAndGravity, GetSurfaceBufferOpaque:0
09-28 17:52:48.344   818  1137 I C01406/WRAP: AHardwareBuffer_createFromHandle index = <private> handle = <private>, ahb = <private>
09-28 17:52:48.344   818  1137 E C01406/skia: SurfaceNodeDrawable DrawCommSurfaceWatermark Name:AdapterSurfaceView Id:60009283059716 water mark count is zero
09-28 17:52:48.344   818  1137 E C01406/skia: SurfaceNodeDrawable DrawCommSurfaceWatermark Name:com.a2hlab.bridge.zigzag/com.unity3d.player.UnityPlayerActivity Id:60009283059713 water mark count is zero
09-28 17:52:48.345   818  1137 E C01406/skia: SurfaceNodeDrawable DrawCommSurfaceWatermark Name:WindowScene_zigzag37 Id:8933531976573 water mark count is zero
09-28 17:52:48.345   818  1137 E C01406/skia: SurfaceNodeDrawable DrawCommSurfaceWatermark Name:SCBGestureNavBar13 Id:8933531975827 water mark count is zero
09-28 17:52:48.346   818  1137 E C01406/skia: SurfaceNodeDrawable DrawCommSurfaceWatermark Name:SCBStatusBar15 Id:8933531975907 water mark count is zero
09-28 17:52:48.348   818  1137 E C02515/DISP: [0;32;31m[GetMetadata:109] <private> is not supported[m
09-28 17:52:48.348   818  1137 E C02515/DISP: [0;32;31m[SetMetadata:102] <private> is not supported[m
09-28 17:52:48.348   818  1137 E C02515/METADATA_SRV: [0;32;31m[SetMetadata:136]  fail[m
09-28 17:52:48.348   818  1137 E C01401/Bufferqueue: <surface_buffer_impl.cpp:714-SetMetadata>: SetMetadata Failed with -5
09-28 17:52:48.348   818  1137 E C01406/skia: RSUniRenderComposerAdapter::SetBufferColorSpace set color space fail
09-28 17:52:48.358 13972 14187 I C00f00/OH_DER_VSync: onOhVsync ENTRY ts=<private> data=<private>
09-28 17:52:48.358 13972 14185 I C00f00/OH_DER_VSync: scheduleVsync ENTRY receiverPtr=0x<private>
09-28 17:52:48.358 13972 14185 I C00f00/OH_DER_VSync: scheduleVsync calling RequestFrame ohVsync=<private>
09-28 17:52:48.358 13972 14185 I C00f00/OH_DER_VSync: scheduleVsync RequestFrame rc=<private>
09-28 17:52:48.360   818  1132 E C02515/DISP: [0;32;31m[SetMetadata:102] <private> is not supported[m
09-28 17:52:48.360   818  1132 E C02515/METADATA_SRV: [0;32;31m[SetMetadata:136]  fail[m
09-28 17:52:48.360   818  1132 E C01401/Bufferqueue: <surface_buffer_impl.cpp:714-SetMetadata>: SetMetadata Failed with -5
09-28 17:52:48.361   793  4141 E C02515/DISP: [0;32;31m[SetLayerMaskInfo@display_composer_vdi_impl.cpp:404] <private> is not supported[m
09-28 17:52:48.361   818  1228 E C02515/DISP: [0;32;31m[SetMetadata:102] <private> is not supported[m
09-28 17:52:48.361   818  1228 E C02515/METADATA_SRV: [0;32;31m[SetMetadata:136]  fail[m
09-28 17:52:48.361   818  1228 E C01401/Bufferqueue: <surface_buffer_impl.cpp:714-SetMetadata>: SetMetadata Failed with -5
09-28 17:52:48.362   793  4141 E C02515/DISP: [0;32;31m[SetDisplayClientDamage@display_composer_vdi_impl.cpp:179] <private> is not supported[m
09-28 17:52:48.375 13972 14187 I C00f00/OH_DER_VSync: onOhVsync ENTRY ts=<private> data=<private>
09-28 17:52:48.375   818   818 E C02515/DISP: [0;32;31m[GetMetadata:109] <private> is not supported[m
09-28 17:52:48.375   818   818 E C02515/DISP: [0;32;31m[GetMetadata:109] <private> is not supported[m
09-28 17:52:48.375   818   818 E C02515/DISP: [0;32;31m[GetMetadata:109] <private> is not supported[m
09-28 17:52:48.375 13972 14185 I C00f00/OH_DER_VSync: scheduleVsync ENTRY receiverPtr=0x<private>
09-28 17:52:48.375 13972 14185 I C00f00/OH_DER_VSync: scheduleVsync calling RequestFrame ohVsync=<private>
09-28 17:52:48.375 13972 14185 I C00f00/OH_DER_VSync: scheduleVsync RequestFrame rc=<private>
09-28 17:52:48.375   818   818 E C01406/skia: RSBaseRenderUtil::DealWithSurfaceRotationAndGravity, GetSurfaceBufferOpaque:0
09-28 17:52:48.375   818   818 E C02515/DISP: [0;32;31m[GetMetadata:109] <private> is not supported[m
09-28 17:52:48.375   818   818 E C01406/skia: RSBaseRenderUtil::DealWithSurfaceRotationAndGravity, GetSurfaceBufferOpaque:0
09-28 17:52:48.375   818   818 E C02515/DISP: [0;32;31m[GetMetadata:109] <private> is not supported[m
09-28 17:52:48.377   818  1137 E C02515/DISP: [0;32;31m[SetMetadata:102] <private> is not supported[m
09-28 17:52:48.377   818  1137 E C02515/METADATA_SRV: [0;32;31m[SetMetadata:136]  fail[m
09-28 17:52:48.377   818  1137 E C01401/Bufferqueue: <surface_buffer_impl.cpp:714-SetMetadata>: SetMetadata Failed with -5
09-28 17:52:48.377   818  1137 E C01406/skia: SurfaceNodeDrawable DrawCommSurfaceWatermark Name:BackgroundBlurView2 Id:8933531975688 water mark count is zero
09-28 17:52:48.377   818  1137 E C01406/skia: RSBaseRenderUtil::DealWithSurfaceRotationAndGravity, GetSurfaceBufferOpaque:0
09-28 17:52:48.377   818  1137 I C01406/WRAP: AHardwareBuffer_createFromHandle index = <private> handle = <private>, ahb = <private>
09-28 17:52:48.377   818  1137 E C01406/skia: SurfaceNodeDrawable DrawCommSurfaceWatermark Name:AdapterActivityContent Id:60009283059715 water mark count is zero
09-28 17:52:48.377   818  1137 E C01406/skia: RSBaseRenderUtil::DealWithSurfaceRotationAndGravity, GetSurfaceBufferOpaque:0
09-28 17:52:48.378   818  1137 I C01406/WRAP: AHardwareBuffer_createFromHandle index = <private> handle = <private>, ahb = <private>
09-28 17:52:48.378   818  1137 E C01406/skia: SurfaceNodeDrawable DrawCommSurfaceWatermark Name:AdapterSurfaceView Id:60009283059716 water mark count is zero
09-28 17:52:48.378   818  1137 E C01406/skia: SurfaceNodeDrawable DrawCommSurfaceWatermark Name:com.a2hlab.bridge.zigzag/com.unity3d.player.UnityPlayerActivity Id:60009283059713 water mark count is zero
09-28 17:52:48.378   818  1137 E C01406/skia: SurfaceNodeDrawable DrawCommSurfaceWatermark Name:WindowScene_zigzag37 Id:8933531976573 water mark count is zero
09-28 17:52:48.378   818  1137 E C01406/skia: SurfaceNodeDrawable DrawCommSurfaceWatermark Name:SCBGestureNavBar13 Id:8933531975827 water mark count is zero
09-28 17:52:48.379   818  1137 E C01406/skia: SurfaceNodeDrawable DrawCommSurfaceWatermark Name:SCBStatusBar15 Id:8933531975907 water mark count is zero
09-28 17:52:48.381   818  1137 E C02515/DISP: [0;32;31m[GetMetadata:109] <private> is not supported[m
09-28 17:52:48.381   818  1137 E C02515/DISP: [0;32;31m[SetMetadata:102] <private> is not supported[m
09-28 17:52:48.381   818  1137 E C02515/METADATA_SRV: [0;32;31m[SetMetadata:136]  fail[m
09-28 17:52:48.381   818  1137 E C01401/Bufferqueue: <surface_buffer_impl.cpp:714-SetMetadata>: SetMetadata Failed with -5
09-28 17:52:48.381   818  1137 E C01406/skia: RSUniRenderComposerAdapter::SetBufferColorSpace set color space fail
09-28 17:52:48.391 13972 14187 I C00f00/OH_DER_VSync: onOhVsync ENTRY ts=<private> data=<private>
09-28 17:52:48.392 13972 14185 I C00f00/OH_DER_VSync: scheduleVsync ENTRY receiverPtr=0x<private>
09-28 17:52:48.392 13972 14185 I C00f00/OH_DER_VSync: scheduleVsync calling RequestFrame ohVsync=<private>
09-28 17:52:48.392 13972 14185 I C00f00/OH_DER_VSync: scheduleVsync RequestFrame rc=<private>
09-28 17:52:48.394   818  1132 E C02515/DISP: [0;32;31m[SetMetadata:102] <private> is not supported[m
09-28 17:52:48.394   818  1132 E C02515/METADATA_SRV: [0;32;31m[SetMetadata:136]  fail[m
09-28 17:52:48.394   818  1132 E C01401/Bufferqueue: <surface_buffer_impl.cpp:714-SetMetadata>: SetMetadata Failed with -5
09-28 17:52:48.394   793  4141 E C02515/DISP: [0;32;31m[SetLayerMaskInfo@display_composer_vdi_impl.cpp:404] <private> is not supported[m
09-28 17:52:48.394   818  1228 E C02515/DISP: [0;32;31m[SetMetadata:102] <private> is not supported[m
09-28 17:52:48.394   818  1228 E C02515/METADATA_SRV: [0;32;31m[SetMetadata:136]  fail[m
09-28 17:52:48.394   818  1228 E C01401/Bufferqueue: <surface_buffer_impl.cpp:714-SetMetadata>: SetMetadata Failed with -5
09-28 17:52:48.395   793  4141 E C02515/DISP: [0;32;31m[SetDisplayClientDamage@display_composer_vdi_impl.cpp:179] <private> is not supported[m
09-28 17:52:48.408   818   818 E C02515/DISP: [0;32;31m[GetMetadata:109] <private> is not supported[m
09-28 17:52:48.408   818   818 E C02515/DISP: [0;32;31m[GetMetadata:109] <private> is not supported[m
09-28 17:52:48.408   818   818 E C02515/DISP: [0;32;31m[GetMetadata:109] <private> is not supported[m
09-28 17:52:48.409   818   818 E C01406/skia: RSBaseRenderUtil::DealWithSurfaceRotationAndGravity, GetSurfaceBufferOpaque:0
09-28 17:52:48.409   818   818 E C02515/DISP: [0;32;31m[GetMetadata:109] <private> is not supported[m
09-28 17:52:48.409   818   818 E C01406/skia: RSBaseRenderUtil::DealWithSurfaceRotationAndGravity, GetSurfaceBufferOpaque:0
09-28 17:52:48.409   818   818 E C02515/DISP: [0;32;31m[GetMetadata:109] <private> is not supported[m
09-28 17:52:48.410 13972 14187 I C00f00/OH_DER_VSync: onOhVsync ENTRY ts=<private> data=<private>
09-28 17:52:48.410 13972 14185 I C00f00/OH_DER_VSync: scheduleVsync ENTRY receiverPtr=0x<private>
09-28 17:52:48.410 13972 14185 I C00f00/OH_DER_VSync: scheduleVsync calling RequestFrame ohVsync=<private>
09-28 17:52:48.410   818  1137 E C02515/DISP: [0;32;31m[SetMetadata:102] <private> is not supported[m
09-28 17:52:48.410   818  1137 E C02515/METADATA_SRV: [0;32;31m[SetMetadata:136]  fail[m
09-28 17:52:48.410   818  1137 E C01401/Bufferqueue: <surface_buffer_impl.cpp:714-SetMetadata>: SetMetadata Failed with -5
09-28 17:52:48.410 13972 14185 I C00f00/OH_DER_VSync: scheduleVsync RequestFrame rc=<private>
09-28 17:52:48.410   818  1137 E C01406/skia: SurfaceNodeDrawable DrawCommSurfaceWatermark Name:BackgroundBlurView2 Id:8933531975688 water mark count is zero
09-28 17:52:48.410   818  1137 E C01406/skia: RSBaseRenderUtil::DealWithSurfaceRotationAndGravity, GetSurfaceBufferOpaque:0
09-28 17:52:48.411   818  1137 I C01406/WRAP: AHardwareBuffer_createFromHandle index = <private> handle = <private>, ahb = <private>
09-28 17:52:48.411   818  1137 E C01406/skia: SurfaceNodeDrawable DrawCommSurfaceWatermark Name:AdapterActivityContent Id:60009283059715 water mark count is zero
09-28 17:52:48.411   818  1137 E C01406/skia: RSBaseRenderUtil::DealWithSurfaceRotationAndGravity, GetSurfaceBufferOpaque:0
09-28 17:52:48.411   818  1137 I C01406/WRAP: AHardwareBuffer_createFromHandle index = <private> handle = <private>, ahb = <private>
09-28 17:52:48.411   818  1137 E C01406/skia: SurfaceNodeDrawable DrawCommSurfaceWatermark Name:AdapterSurfaceView Id:60009283059716 water mark count is zero
09-28 17:52:48.411   818  1137 E C01406/skia: SurfaceNodeDrawable DrawCommSurfaceWatermark Name:com.a2hlab.bridge.zigzag/com.unity3d.player.UnityPlayerActivity Id:60009283059713 water mark count is zero
09-28 17:52:48.411   818  1137 E C01406/skia: SurfaceNodeDrawable DrawCommSurfaceWatermark Name:WindowScene_zigzag37 Id:8933531976573 water mark count is zero
09-28 17:52:48.412   818  1137 E C01406/skia: SurfaceNodeDrawable DrawCommSurfaceWatermark Name:SCBGestureNavBar13 Id:8933531975827 water mark count is zero
09-28 17:52:48.412   818  1137 E C01406/skia: SurfaceNodeDrawable DrawCommSurfaceWatermark Name:SCBStatusBar15 Id:8933531975907 water mark count is zero
09-28 17:52:48.413   818  1137 E C02515/DISP: [0;32;31m[GetMetadata:109] <private> is not supported[m
09-28 17:52:48.413   818  1137 E C02515/DISP: [0;32;31m[SetMetadata:102] <private> is not supported[m
09-28 17:52:48.413   818  1137 E C02515/METADATA_SRV: [0;32;31m[SetMetadata:136]  fail[m
09-28 17:52:48.413   818  1137 E C01401/Bufferqueue: <surface_buffer_impl.cpp:714-SetMetadata>: SetMetadata Failed with -5
09-28 17:52:48.413   818  1137 E C01406/skia: RSUniRenderComposerAdapter::SetBufferColorSpace set color space fail
09-28 17:52:48.425 13972 14187 I C00f00/OH_DER_VSync: onOhVsync ENTRY ts=<private> data=<private>
09-28 17:52:48.425 13972 14185 I C00f00/OH_DER_VSync: scheduleVsync ENTRY receiverPtr=0x<private>
09-28 17:52:48.425 13972 14185 I C00f00/OH_DER_VSync: scheduleVsync calling RequestFrame ohVsync=<private>
09-28 17:52:48.425 13972 14185 I C00f00/OH_DER_VSync: scheduleVsync RequestFrame rc=<private>
09-28 17:52:48.426 13972 13999 I C00f00/appspawn-x: [<private>:<private>] <private>
09-28 17:52:48.427   818  1132 E C02515/DISP: [0;32;31m[SetMetadata:102] <private> is not supported[m
09-28 17:52:48.427   818  1132 E C02515/METADATA_SRV: [0;32;31m[SetMetadata:136]  fail[m
09-28 17:52:48.427   818  1132 E C01401/Bufferqueue: <surface_buffer_impl.cpp:714-SetMetadata>: SetMetadata Failed with -5
09-28 17:52:48.427   793  4141 E C02515/DISP: [0;32;31m[SetLayerMaskInfo@display_composer_vdi_impl.cpp:404] <private> is not supported[m
09-28 17:52:48.427   818  1228 E C02515/DISP: [0;32;31m[SetMetadata:102] <private> is not supported[m
09-28 17:52:48.427   818  1228 E C02515/METADATA_SRV: [0;32;31m[SetMetadata:136]  fail[m
09-28 17:52:48.427   818  1228 E C01401/Bufferqueue: <surface_buffer_impl.cpp:714-SetMetadata>: SetMetadata Failed with -5
09-28 17:52:48.428   793  4141 E C02515/DISP: [0;32;31m[SetDisplayClientDamage@display_composer_vdi_impl.cpp:179] <private> is not supported[m
09-28 17:52:48.441   818   818 E C02515/DISP: [0;32;31m[GetMetadata:109] <private> is not supported[m
09-28 17:52:48.441   818   818 E C02515/DISP: [0;32;31m[GetMetadata:109] <private> is not supported[m
09-28 17:52:48.442   818   818 E C02515/DISP: [0;32;31m[GetMetadata:109] <private> is not supported[m
09-28 17:52:48.442   818   818 E C01406/skia: RSBaseRenderUtil::DealWithSurfaceRotationAndGravity, GetSurfaceBufferOpaque:0
09-28 17:52:48.442   818   818 E C02515/DISP: [0;32;31m[GetMetadata:109] <private> is not supported[m
09-28 17:52:48.442   818   818 E C01406/skia: RSBaseRenderUtil::DealWithSurfaceRotationAndGravity, GetSurfaceBufferOpaque:0
09-28 17:52:48.442   818   818 E C02515/DISP: [0;32;31m[GetMetadata:109] <private> is not supported[m
09-28 17:52:48.443 13972 14187 I C00f00/OH_DER_VSync: onOhVsync ENTRY ts=<private> data=<private>
09-28 17:52:48.443 13972 14185 I C00f00/OH_DER_VSync: scheduleVsync ENTRY receiverPtr=0x<private>
09-28 17:52:48.443 13972 14185 I C00f00/OH_DER_VSync: scheduleVsync calling RequestFrame ohVsync=<private>
09-28 17:52:48.443 13972 14185 I C00f00/OH_DER_VSync: scheduleVsync RequestFrame rc=<private>
09-28 17:52:48.443   818  1137 E C02515/DISP: [0;32;31m[SetMetadata:102] <private> is not supported[m
09-28 17:52:48.443   818  1137 E C02515/METADATA_SRV: [0;32;31m[SetMetadata:136]  fail[m
09-28 17:52:48.443   818  1137 E C01401/Bufferqueue: <surface_buffer_impl.cpp:714-SetMetadata>: SetMetadata Failed with -5
09-28 17:52:48.444   818  1137 E C01406/skia: SurfaceNodeDrawable DrawCommSurfaceWatermark Name:BackgroundBlurView2 Id:8933531975688 water mark count is zero
09-28 17:52:48.444   818  1137 E C01406/skia: RSBaseRenderUtil::DealWithSurfaceRotationAndGravity, GetSurfaceBufferOpaque:0
09-28 17:52:48.444   818  1137 I C01406/WRAP: AHardwareBuffer_createFromHandle index = <private> handle = <private>, ahb = <private>
09-28 17:52:48.444   818  1137 E C01406/skia: SurfaceNodeDrawable DrawCommSurfaceWatermark Name:AdapterActivityContent Id:60009283059715 water mark count is zero
09-28 17:52:48.444   818  1137 E C01406/skia: RSBaseRenderUtil::DealWithSurfaceRotationAndGravity, GetSurfaceBufferOpaque:0
09-28 17:52:48.444   818  1137 I C01406/WRAP: AHardwareBuffer_createFromHandle index = <private> handle = <private>, ahb = <private>
09-28 17:52:48.444   818  1137 E C01406/skia: SurfaceNodeDrawable DrawCommSurfaceWatermark Name:AdapterSurfaceView Id:60009283059716 water mark count is zero
09-28 17:52:48.444   818  1137 E C01406/skia: SurfaceNodeDrawable DrawCommSurfaceWatermark Name:com.a2hlab.bridge.zigzag/com.unity3d.player.UnityPlayerActivity Id:60009283059713 water mark count is zero
09-28 17:52:48.444   818  1137 E C01406/skia: SurfaceNodeDrawable DrawCommSurfaceWatermark Name:WindowScene_zigzag37 Id:8933531976573 water mark count is zero
09-28 17:52:48.445   818  1137 E C01406/skia: SurfaceNodeDrawable DrawCommSurfaceWatermark Name:SCBGestureNavBar13 Id:8933531975827 water mark count is zero
09-28 17:52:48.446   818  1137 E C01406/skia: SurfaceNodeDrawable DrawCommSurfaceWatermark Name:SCBStatusBar15 Id:8933531975907 water mark count is zero
09-28 17:52:48.448   818  1137 E C02515/DISP: [0;32;31m[GetMetadata:109] <private> is not supported[m
09-28 17:52:48.448   818  1137 E C02515/DISP: [0;32;31m[SetMetadata:102] <private> is not supported[m
09-28 17:52:48.448   818  1137 E C02515/METADATA_SRV: [0;32;31m[SetMetadata:136]  fail[m
09-28 17:52:48.448   818  1137 E C01401/Bufferqueue: <surface_buffer_impl.cpp:714-SetMetadata>: SetMetadata Failed with -5
09-28 17:52:48.448   818  1137 E C01406/skia: RSUniRenderComposerAdapter::SetBufferColorSpace set color space fail
09-28 17:52:48.458 13972 14187 I C00f00/OH_DER_VSync: onOhVsync ENTRY ts=<private> data=<private>
09-28 17:52:48.458 13972 14185 I C00f00/OH_DER_VSync: scheduleVsync ENTRY receiverPtr=0x<private>
09-28 17:52:48.458 13972 14185 I C00f00/OH_DER_VSync: scheduleVsync calling RequestFrame ohVsync=<private>
09-28 17:52:48.458 13972 14185 I C00f00/OH_DER_VSync: scheduleVsync RequestFrame rc=<private>
09-28 17:52:48.460   818  1132 E C02515/DISP: [0;32;31m[SetMetadata:102] <private> is not supported[m
09-28 17:52:48.460   818  1132 E C02515/METADATA_SRV: [0;32;31m[SetMetadata:136]  fail[m
09-28 17:52:48.460   818  1132 E C01401/Bufferqueue: <surface_buffer_impl.cpp:714-SetMetadata>: SetMetadata Failed with -5
09-28 17:52:48.461   793  4141 E C02515/DISP: [0;32;31m[SetLayerMaskInfo@display_composer_vdi_impl.cpp:404] <private> is not supported[m
09-28 17:52:48.461   818  1228 E C02515/DISP: [0;32;31m[SetMetadata:102] <private> is not supported[m
09-28 17:52:48.461   818  1228 E C02515/METADATA_SRV: [0;32;31m[SetMetadata:136]  fail[m
09-28 17:52:48.461   818  1228 E C01401/Bufferqueue: <surface_buffer_impl.cpp:714-SetMetadata>: SetMetadata Failed with -5
09-28 17:52:48.462   793  4141 E C02515/DISP: [0;32;31m[SetDisplayClientDamage@display_composer_vdi_impl.cpp:179] <private> is not supported[m
09-28 17:52:48.475   818   818 E C02515/DISP: [0;32;31m[GetMetadata:109] <private> is not supported[m
09-28 17:52:48.475   818   818 E C02515/DISP: [0;32;31m[GetMetadata:109] <private> is not supported[m
09-28 17:52:48.475   818   818 E C02515/DISP: [0;32;31m[GetMetadata:109] <private> is not supported[m
09-28 17:52:48.475   818   818 E C01406/skia: RSBaseRenderUtil::DealWithSurfaceRotationAndGravity, GetSurfaceBufferOpaque:0
09-28 17:52:48.475   818   818 E C02515/DISP: [0;32;31m[GetMetadata:109] <private> is not supported[m
09-28 17:52:48.475   818   818 E C01406/skia: RSBaseRenderUtil::DealWithSurfaceRotationAndGravity, GetSurfaceBufferOpaque:0
09-28 17:52:48.476   818   818 E C02515/DISP: [0;32;31m[GetMetadata:109] <private> is not supported[m
09-28 17:52:48.476 13972 14187 I C00f00/OH_DER_VSync: onOhVsync ENTRY ts=<private> data=<private>
09-28 17:52:48.476 13972 14185 I C00f00/OH_DER_VSync: scheduleVsync ENTRY receiverPtr=0x<private>
09-28 17:52:48.477 13972 14185 I C00f00/OH_DER_VSync: scheduleVsync calling RequestFrame ohVsync=<private>
09-28 17:52:48.477   818  1137 E C02515/DISP: [0;32;31m[SetMetadata:102] <private> is not supported[m
09-28 17:52:48.477   818  1137 E C02515/METADATA_SRV: [0;32;31m[SetMetadata:136]  fail[m
09-28 17:52:48.477   818  1137 E C01401/Bufferqueue: <surface_buffer_impl.cpp:714-SetMetadata>: SetMetadata Failed with -5
09-28 17:52:48.477 13972 14185 I C00f00/OH_DER_VSync: scheduleVsync RequestFrame rc=<private>
09-28 17:52:48.477   818  1137 E C01406/skia: SurfaceNodeDrawable DrawCommSurfaceWatermark Name:BackgroundBlurView2 Id:8933531975688 water mark count is zero
09-28 17:52:48.477   818  1137 E C01406/skia: RSBaseRenderUtil::DealWithSurfaceRotationAndGravity, GetSurfaceBufferOpaque:0
09-28 17:52:48.477   818  1137 I C01406/WRAP: AHardwareBuffer_createFromHandle index = <private> handle = <private>, ahb = <private>
09-28 17:52:48.477   818  1137 E C01406/skia: SurfaceNodeDrawable DrawCommSurfaceWatermark Name:AdapterActivityContent Id:60009283059715 water mark count is zero
09-28 17:52:48.478   818  1137 E C01406/skia: RSBaseRenderUtil::DealWithSurfaceRotationAndGravity, GetSurfaceBufferOpaque:0
09-28 17:52:48.478   818  1137 I C01406/WRAP: AHardwareBuffer_createFromHandle index = <private> handle = <private>, ahb = <private>
09-28 17:52:48.478   818  1137 E C01406/skia: SurfaceNodeDrawable DrawCommSurfaceWatermark Name:AdapterSurfaceView Id:60009283059716 water mark count is zero
09-28 17:52:48.478   818  1137 E C01406/skia: SurfaceNodeDrawable DrawCommSurfaceWatermark Name:com.a2hlab.bridge.zigzag/com.unity3d.player.UnityPlayerActivity Id:60009283059713 water mark count is zero
09-28 17:52:48.478   818  1137 E C01406/skia: SurfaceNodeDrawable DrawCommSurfaceWatermark Name:WindowScene_zigzag37 Id:8933531976573 water mark count is zero
09-28 17:52:48.478   818  1137 E C01406/skia: SurfaceNodeDrawable DrawCommSurfaceWatermark Name:SCBGestureNavBar13 Id:8933531975827 water mark count is zero
09-28 17:52:48.478   818  1137 E C01406/skia: SurfaceNodeDrawable DrawCommSurfaceWatermark Name:SCBStatusBar15 Id:8933531975907 water mark count is zero
09-28 17:52:48.480   818  1137 E C02515/DISP: [0;32;31m[GetMetadata:109] <private> is not supported[m
09-28 17:52:48.480   818  1137 E C02515/DISP: [0;32;31m[SetMetadata:102] <private> is not supported[m
09-28 17:52:48.480   818  1137 E C02515/METADATA_SRV: [0;32;31m[SetMetadata:136]  fail[m
09-28 17:52:48.480   818  1137 E C01401/Bufferqueue: <surface_buffer_impl.cpp:714-SetMetadata>: SetMetadata Failed with -5
09-28 17:52:48.480   818  1137 E C01406/skia: RSUniRenderComposerAdapter::SetBufferColorSpace set color space fail
09-28 17:52:48.491 13972 14187 I C00f00/OH_DER_VSync: onOhVsync ENTRY ts=<private> data=<private>
09-28 17:52:48.492 13972 14185 I C00f00/OH_DER_VSync: scheduleVsync ENTRY receiverPtr=0x<private>
09-28 17:52:48.492 13972 14185 I C00f00/OH_DER_VSync: scheduleVsync calling RequestFrame ohVsync=<private>
09-28 17:52:48.492 13972 14185 I C00f00/OH_DER_VSync: scheduleVsync RequestFrame rc=<private>
09-28 17:52:48.493   818  1132 E C02515/DISP: [0;32;31m[SetMetadata:102] <private> is not supported[m
09-28 17:52:48.494   818  1132 E C02515/METADATA_SRV: [0;32;31m[SetMetadata:136]  fail[m
09-28 17:52:48.494   818  1132 E C01401/Bufferqueue: <surface_buffer_impl.cpp:714-SetMetadata>: SetMetadata Failed with -5
09-28 17:52:48.494   793  4141 E C02515/DISP: [0;32;31m[SetLayerMaskInfo@display_composer_vdi_impl.cpp:404] <private> is not supported[m
09-28 17:52:48.495   818  1228 E C02515/DISP: [0;32;31m[SetMetadata:102] <private> is not supported[m
09-28 17:52:48.495   818  1228 E C02515/METADATA_SRV: [0;32;31m[SetMetadata:136]  fail[m
09-28 17:52:48.495   818  1228 E C01401/Bufferqueue: <surface_buffer_impl.cpp:714-SetMetadata>: SetMetadata Failed with -5
09-28 17:52:48.496   793  4141 E C02515/DISP: [0;32;31m[SetDisplayClientDamage@display_composer_vdi_impl.cpp:179] <private> is not supported[m
09-28 17:52:48.508   818   818 E C02515/DISP: [0;32;31m[GetMetadata:109] <private> is not supported[m
09-28 17:52:48.508   818   818 E C02515/DISP: [0;32;31m[GetMetadata:109] <private> is not supported[m
09-28 17:52:48.508   818   818 E C02515/DISP: [0;32;31m[GetMetadata:109] <private> is not supported[m
09-28 17:52:48.509   818   818 E C01406/skia: RSBaseRenderUtil::DealWithSurfaceRotationAndGravity, GetSurfaceBufferOpaque:0
09-28 17:52:48.509   818   818 E C02515/DISP: [0;32;31m[GetMetadata:109] <private> is not supported[m
09-28 17:52:48.509   818   818 E C01406/skia: RSBaseRenderUtil::DealWithSurfaceRotationAndGravity, GetSurfaceBufferOpaque:0
09-28 17:52:48.509   818   818 E C02515/DISP: [0;32;31m[GetMetadata:109] <private> is not supported[m
09-28 17:52:48.510 13972 14187 I C00f00/OH_DER_VSync: onOhVsync ENTRY ts=<private> data=<private>
09-28 17:52:48.510 13972 14185 I C00f00/OH_DER_VSync: scheduleVsync ENTRY receiverPtr=0x<private>
09-28 17:52:48.510 13972 14185 I C00f00/OH_DER_VSync: scheduleVsync calling RequestFrame ohVsync=<private>
09-28 17:52:48.510   818  1137 E C02515/DISP: [0;32;31m[SetMetadata:102] <private> is not supported[m
09-28 17:52:48.510   818  1137 E C02515/METADATA_SRV: [0;32;31m[SetMetadata:136]  fail[m
09-28 17:52:48.510   818  1137 E C01401/Bufferqueue: <surface_buffer_impl.cpp:714-SetMetadata>: SetMetadata Failed with -5
09-28 17:52:48.510 13972 14185 I C00f00/OH_DER_VSync: scheduleVsync RequestFrame rc=<private>
09-28 17:52:48.510   818  1137 E C01406/skia: SurfaceNodeDrawable DrawCommSurfaceWatermark Name:BackgroundBlurView2 Id:8933531975688 water mark count is zero
09-28 17:52:48.510   818  1137 E C01406/skia: RSBaseRenderUtil::DealWithSurfaceRotationAndGravity, GetSurfaceBufferOpaque:0
09-28 17:52:48.511   818  1137 I C01406/WRAP: AHardwareBuffer_createFromHandle index = <private> handle = <private>, ahb = <private>
09-28 17:52:48.511   818  1137 E C01406/skia: SurfaceNodeDrawable DrawCommSurfaceWatermark Name:AdapterActivityContent Id:60009283059715 water mark count is zero
09-28 17:52:48.511   818  1137 E C01406/skia: RSBaseRenderUtil::DealWithSurfaceRotationAndGravity, GetSurfaceBufferOpaque:0
09-28 17:52:48.511   818  1137 I C01406/WRAP: AHardwareBuffer_createFromHandle index = <private> handle = <private>, ahb = <private>
09-28 17:52:48.511   818  1137 E C01406/skia: SurfaceNodeDrawable DrawCommSurfaceWatermark Name:AdapterSurfaceView Id:60009283059716 water mark count is zero
09-28 17:52:48.511   818  1137 E C01406/skia: SurfaceNodeDrawable DrawCommSurfaceWatermark Name:com.a2hlab.bridge.zigzag/com.unity3d.player.UnityPlayerActivity Id:60009283059713 water mark count is zero
09-28 17:52:48.511   818  1137 E C01406/skia: SurfaceNodeDrawable DrawCommSurfaceWatermark Name:WindowScene_zigzag37 Id:8933531976573 water mark count is zero
09-28 17:52:48.512   818  1137 E C01406/skia: SurfaceNodeDrawable DrawCommSurfaceWatermark Name:SCBGestureNavBar13 Id:8933531975827 water mark count is zero
09-28 17:52:48.512   818  1137 E C01406/skia: SurfaceNodeDrawable DrawCommSurfaceWatermark Name:SCBStatusBar15 Id:8933531975907 water mark count is zero
09-28 17:52:48.513   818  1137 E C02515/DISP: [0;32;31m[GetMetadata:109] <private> is not supported[m
09-28 17:52:48.513   818  1137 E C02515/DISP: [0;32;31m[SetMetadata:102] <private> is not supported[m
09-28 17:52:48.513   818  1137 E C02515/METADATA_SRV: [0;32;31m[SetMetadata:136]  fail[m
09-28 17:52:48.513   818  1137 E C01401/Bufferqueue: <surface_buffer_impl.cpp:714-SetMetadata>: SetMetadata Failed with -5
09-28 17:52:48.513   818  1137 E C01406/skia: RSUniRenderComposerAdapter::SetBufferColorSpace set color space fail
09-28 17:52:48.525 13972 14187 I C00f00/OH_DER_VSync: onOhVsync ENTRY ts=<private> data=<private>
09-28 17:52:48.525 13972 14185 I C00f00/OH_DER_VSync: scheduleVsync ENTRY receiverPtr=0x<private>
09-28 17:52:48.525 13972 14185 I C00f00/OH_DER_VSync: scheduleVsync calling RequestFrame ohVsync=<private>
09-28 17:52:48.525 13972 14185 I C00f00/OH_DER_VSync: scheduleVsync RequestFrame rc=<private>
09-28 17:52:48.527   818  1132 E C02515/DISP: [0;32;31m[SetMetadata:102] <private> is not supported[m
09-28 17:52:48.527   818  1132 E C02515/METADATA_SRV: [0;32;31m[SetMetadata:136]  fail[m
09-28 17:52:48.527   818  1132 E C01401/Bufferqueue: <surface_buffer_impl.cpp:714-SetMetadata>: SetMetadata Failed with -5
09-28 17:52:48.528   793  4141 E C02515/DISP: [0;32;31m[SetLayerMaskInfo@display_composer_vdi_impl.cpp:404] <private> is not supported[m
09-28 17:52:48.528   818  1228 E C02515/DISP: [0;32;31m[SetMetadata:102] <private> is not supported[m
09-28 17:52:48.528   818  1228 E C02515/METADATA_SRV: [0;32;31m[SetMetadata:136]  fail[m
09-28 17:52:48.528   818  1228 E C01401/Bufferqueue: <surface_buffer_impl.cpp:714-SetMetadata>: SetMetadata Failed with -5
09-28 17:52:48.529   793  4141 E C02515/DISP: [0;32;31m[SetDisplayClientDamage@display_composer_vdi_impl.cpp:179] <private> is not supported[m
09-28 17:52:48.541   818   818 E C02515/DISP: [0;32;31m[GetMetadata:109] <private> is not supported[m
09-28 17:52:48.542   818   818 E C02515/DISP: [0;32;31m[GetMetadata:109] <private> is not supported[m
09-28 17:52:48.542   818   818 E C02515/DISP: [0;32;31m[GetMetadata:109] <private> is not supported[m
09-28 17:52:48.542   818   818 E C01406/skia: RSBaseRenderUtil::DealWithSurfaceRotationAndGravity, GetSurfaceBufferOpaque:0
09-28 17:52:48.542   818   818 E C02515/DISP: [0;32;31m[GetMetadata:109] <private> is not supported[m
09-28 17:52:48.542   818   818 E C01406/skia: RSBaseRenderUtil::DealWithSurfaceRotationAndGravity, GetSurfaceBufferOpaque:0
09-28 17:52:48.542   818   818 E C02515/DISP: [0;32;31m[GetMetadata:109] <private> is not supported[m
09-28 17:52:48.543 13972 14187 I C00f00/OH_DER_VSync: onOhVsync ENTRY ts=<private> data=<private>
09-28 17:52:48.543   818  1137 E C02515/DISP: [0;32;31m[SetMetadata:102] <private> is not supported[m
09-28 17:52:48.543   818  1137 E C02515/METADATA_SRV: [0;32;31m[SetMetadata:136]  fail[m
09-28 17:52:48.543   818  1137 E C01401/Bufferqueue: <surface_buffer_impl.cpp:714-SetMetadata>: SetMetadata Failed with -5
09-28 17:52:48.543 13972 14185 I C00f00/OH_DER_VSync: scheduleVsync ENTRY receiverPtr=0x<private>
09-28 17:52:48.543 13972 14185 I C00f00/OH_DER_VSync: scheduleVsync calling RequestFrame ohVsync=<private>
09-28 17:52:48.544 13972 14185 I C00f00/OH_DER_VSync: scheduleVsync RequestFrame rc=<private>
09-28 17:52:48.544   818  1137 E C01406/skia: SurfaceNodeDrawable DrawCommSurfaceWatermark Name:BackgroundBlurView2 Id:8933531975688 water mark count is zero
09-28 17:52:48.544   818  1137 E C01406/skia: RSBaseRenderUtil::DealWithSurfaceRotationAndGravity, GetSurfaceBufferOpaque:0
09-28 17:52:48.544   818  1137 I C01406/WRAP: AHardwareBuffer_createFromHandle index = <private> handle = <private>, ahb = <private>
09-28 17:52:48.544   818  1137 E C01406/skia: SurfaceNodeDrawable DrawCommSurfaceWatermark Name:AdapterActivityContent Id:60009283059715 water mark count is zero
09-28 17:52:48.544   818  1137 E C01406/skia: RSBaseRenderUtil::DealWithSurfaceRotationAndGravity, GetSurfaceBufferOpaque:0
09-28 17:52:48.544   818  1137 I C01406/WRAP: AHardwareBuffer_createFromHandle index = <private> handle = <private>, ahb = <private>
09-28 17:52:48.544   818  1137 E C01406/skia: SurfaceNodeDrawable DrawCommSurfaceWatermark Name:AdapterSurfaceView Id:60009283059716 water mark count is zero
09-28 17:52:48.544   818  1137 E C01406/skia: SurfaceNodeDrawable DrawCommSurfaceWatermark Name:com.a2hlab.bridge.zigzag/com.unity3d.player.UnityPlayerActivity Id:60009283059713 water mark count is zero
09-28 17:52:48.544   818  1137 E C01406/skia: SurfaceNodeDrawable DrawCommSurfaceWatermark Name:WindowScene_zigzag37 Id:8933531976573 water mark count is zero
09-28 17:52:48.545   818  1137 E C01406/skia: SurfaceNodeDrawable DrawCommSurfaceWatermark Name:SCBGestureNavBar13 Id:8933531975827 water mark count is zero
09-28 17:52:48.545   818  1137 E C01406/skia: SurfaceNodeDrawable DrawCommSurfaceWatermark Name:SCBStatusBar15 Id:8933531975907 water mark count is zero
09-28 17:52:48.547   818  1137 E C02515/DISP: [0;32;31m[GetMetadata:109] <private> is not supported[m
09-28 17:52:48.547   818  1137 E C02515/DISP: [0;32;31m[SetMetadata:102] <private> is not supported[m
09-28 17:52:48.547   818  1137 E C02515/METADATA_SRV: [0;32;31m[SetMetadata:136]  fail[m
09-28 17:52:48.547   818  1137 E C01401/Bufferqueue: <surface_buffer_impl.cpp:714-SetMetadata>: SetMetadata Failed with -5
09-28 17:52:48.547   818  1137 E C01406/skia: RSUniRenderComposerAdapter::SetBufferColorSpace set color space fail
09-28 17:52:48.558 13972 14187 I C00f00/OH_DER_VSync: onOhVsync ENTRY ts=<private> data=<private>
09-28 17:52:48.558 13972 14185 I C00f00/OH_DER_VSync: scheduleVsync ENTRY receiverPtr=0x<private>
09-28 17:52:48.558 13972 14185 I C00f00/OH_DER_VSync: scheduleVsync calling RequestFrame ohVsync=<private>
09-28 17:52:48.558 13972 14185 I C00f00/OH_DER_VSync: scheduleVsync RequestFrame rc=<private>
09-28 17:52:48.560   818  1132 E C02515/DISP: [0;32;31m[SetMetadata:102] <private> is not supported[m
09-28 17:52:48.560   818  1132 E C02515/METADATA_SRV: [0;32;31m[SetMetadata:136]  fail[m
09-28 17:52:48.560   818  1132 E C01401/Bufferqueue: <surface_buffer_impl.cpp:714-SetMetadata>: SetMetadata Failed with -5
09-28 17:52:48.561   793  4141 E C02515/DISP: [0;32;31m[SetLayerMaskInfo@display_composer_vdi_impl.cpp:404] <private> is not supported[m
09-28 17:52:48.561   818  1228 E C02515/DISP: [0;32;31m[SetMetadata:102] <private> is not supported[m
09-28 17:52:48.561   818  1228 E C02515/METADATA_SRV: [0;32;31m[SetMetadata:136]  fail[m
09-28 17:52:48.561   818  1228 E C01401/Bufferqueue: <surface_buffer_impl.cpp:714-SetMetadata>: SetMetadata Failed with -5
09-28 17:52:48.562   793  4141 E C02515/DISP: [0;32;31m[SetDisplayClientDamage@display_composer_vdi_impl.cpp:179] <private> is not supported[m
09-28 17:52:48.572  1048  1170 I C02d13/HDC_LOG: [daemon.cpp:1142] FetchCommand channelId:2613228062 command:1001
09-28 17:52:48.572  1048  1170 I C02d13/HDC_LOG: [session.cpp:1652] New HTaskInfo cid:2613228062 sid:213******641(L:10) command:1001
09-28 17:52:48.572  1048  1170 I C02d13/HDC_LOG: [session.cpp:891] AdminTask add task type:0 cid:2613228062 sid:213******641(L:10) mapsize:2
09-28 17:52:48.572  1048  1170 I C02d13/HDC_LOG: [task.cpp:34] HdcTaskBase type:0 cid:2613228062 sid:213******641(L:10)
09-28 17:52:48.572  1048  1170 I C02d13/HDC_LOG: [daemon_unity.cpp:414] Unity CommandDispatch command:1001 cid:2613228062 sid:213******641(L:10)
09-28 17:52:48.572  1048  1170 W C02d13/HDC_LOG: [async_cmd.cpp:114] GetDevItem false key:persist.hdc.root
09-28 17:52:48.572  1048 14693 I C02d13/HDC_LOG: [async_cmd.cpp:225] Popen pipe fds[pipeRead]:36 fds[pipeWrite]:37, mode 0
09-28 17:52:48.574  1048  1170 I C02d13/HDC_LOG: [async_cmd.cpp:291] ExecuteCommand cmd:param get const.product.os.dist.apiname fd:36 pid:14694
09-28 17:52:48.574  1048  1170 I C02d13/HDC_LOG: [daemon_unity.cpp:486] Unity CommandDispatch command:1001 finish cid:2613228062 sid:213******641(L:10)
09-28 17:52:48.575 14694 14694 W C02d13/HDC_LOG: [async_cmd.cpp:140] SetSelinuxLabel con:u:r:su:s0 isRoot:0
09-28 17:52:48.575 13972 14187 I C00f00/OH_DER_VSync: onOhVsync ENTRY ts=<private> data=<private>
09-28 17:52:48.575   818   818 E C02515/DISP: [0;32;31m[GetMetadata:109] <private> is not supported[m
09-28 17:52:48.575 13972 14185 I C00f00/OH_DER_VSync: scheduleVsync ENTRY receiverPtr=0x<private>
09-28 17:52:48.575 13972 14185 I C00f00/OH_DER_VSync: scheduleVsync calling RequestFrame ohVsync=<private>
09-28 17:52:48.575 13972 14185 I C00f00/OH_DER_VSync: scheduleVsync RequestFrame rc=<private>
09-28 17:52:48.575   818   818 E C02515/DISP: [0;32;31m[GetMetadata:109] <private> is not supported[m
09-28 17:52:48.575   818   818 E C02515/DISP: [0;32;31m[GetMetadata:109] <private> is not supported[m
09-28 17:52:48.576   818   818 E C01406/skia: RSBaseRenderUtil::DealWithSurfaceRotationAndGravity, GetSurfaceBufferOpaque:0
09-28 17:52:48.576   818   818 E C02515/DISP: [0;32;31m[GetMetadata:109] <private> is not supported[m
09-28 17:52:48.577   818   818 E C01406/skia: RSBaseRenderUtil::DealWithSurfaceRotationAndGravity, GetSurfaceBufferOpaque:0
09-28 17:52:48.577   818   818 E C02515/DISP: [0;32;31m[GetMetadata:109] <private> is not supported[m
09-28 17:52:48.578   818  1137 E C02515/DISP: [0;32;31m[SetMetadata:102] <private> is not supported[m
09-28 17:52:48.578   818  1137 E C02515/METADATA_SRV: [0;32;31m[SetMetadata:136]  fail[m
09-28 17:52:48.578   818  1137 E C01401/Bufferqueue: <surface_buffer_impl.cpp:714-SetMetadata>: SetMetadata Failed with -5
09-28 17:52:48.579   818  1137 E C01406/skia: SurfaceNodeDrawable DrawCommSurfaceWatermark Name:BackgroundBlurView2 Id:8933531975688 water mark count is zero
09-28 17:52:48.579   818  1137 E C01406/skia: RSBaseRenderUtil::DealWithSurfaceRotationAndGravity, GetSurfaceBufferOpaque:0
09-28 17:52:48.579   818  1137 I C01406/WRAP: AHardwareBuffer_createFromHandle index = <private> handle = <private>, ahb = <private>
09-28 17:52:48.579   818  1137 E C01406/skia: SurfaceNodeDrawable DrawCommSurfaceWatermark Name:AdapterActivityContent Id:60009283059715 water mark count is zero
09-28 17:52:48.579   818  1137 E C01406/skia: RSBaseRenderUtil::DealWithSurfaceRotationAndGravity, GetSurfaceBufferOpaque:0
09-28 17:52:48.580   818  1137 I C01406/WRAP: AHardwareBuffer_createFromHandle index = <private> handle = <private>, ahb = <private>
09-28 17:52:48.580   818  1137 E C01406/skia: SurfaceNodeDrawable DrawCommSurfaceWatermark Name:AdapterSurfaceView Id:60009283059716 water mark count is zero
09-28 17:52:48.580   818  1137 E C01406/skia: SurfaceNodeDrawable DrawCommSurfaceWatermark Name:com.a2hlab.bridge.zigzag/com.unity3d.player.UnityPlayerActivity Id:60009283059713 water mark count is zero
09-28 17:52:48.580   818  1137 E C01406/skia: SurfaceNodeDrawable DrawCommSurfaceWatermark Name:WindowScene_zigzag37 Id:8933531976573 water mark count is zero
09-28 17:52:48.580   818  1137 E C01406/skia: SurfaceNodeDrawable DrawCommSurfaceWatermark Name:SCBGestureNavBar13 Id:8933531975827 water mark count is zero
09-28 17:52:48.580   818  1137 E C01406/skia: SurfaceNodeDrawable DrawCommSurfaceWatermark Name:SCBStatusBar15 Id:8933531975907 water mark count is zero
09-28 17:52:48.582   818  1137 E C02515/DISP: [0;32;31m[GetMetadata:109] <private> is not supported[m
09-28 17:52:48.582   818  1137 E C02515/DISP: [0;32;31m[SetMetadata:102] <private> is not supported[m
09-28 17:52:48.582   818  1137 E C02515/METADATA_SRV: [0;32;31m[SetMetadata:136]  fail[m
09-28 17:52:48.582   818  1137 E C01401/Bufferqueue: <surface_buffer_impl.cpp:714-SetMetadata>: SetMetadata Failed with -5
09-28 17:52:48.582   818  1137 E C01406/skia: RSUniRenderComposerAdapter::SetBufferColorSpace set color space fail
09-28 17:52:48.591 13972 14187 I C00f00/OH_DER_VSync: onOhVsync ENTRY ts=<private> data=<private>
09-28 17:52:48.592 13972 14185 I C00f00/OH_DER_VSync: scheduleVsync ENTRY receiverPtr=0x<private>
09-28 17:52:48.592 13972 14185 I C00f00/OH_DER_VSync: scheduleVsync calling RequestFrame ohVsync=<private>
09-28 17:52:48.592 13972 14185 I C00f00/OH_DER_VSync: scheduleVsync RequestFrame rc=<private>
09-28 17:52:48.594   818  1132 E C02515/DISP: [0;32;31m[SetMetadata:102] <private> is not supported[m
09-28 17:52:48.594   818  1132 E C02515/METADATA_SRV: [0;32;31m[SetMetadata:136]  fail[m
09-28 17:52:48.594   818  1132 E C01401/Bufferqueue: <surface_buffer_impl.cpp:714-SetMetadata>: SetMetadata Failed with -5
09-28 17:52:48.594   793  4141 E C02515/DISP: [0;32;31m[SetLayerMaskInfo@display_composer_vdi_impl.cpp:404] <private> is not supported[m
09-28 17:52:48.595   818  1228 E C02515/DISP: [0;32;31m[SetMetadata:102] <private> is not supported[m
09-28 17:52:48.595   818  1228 E C02515/METADATA_SRV: [0;32;31m[SetMetadata:136]  fail[m
09-28 17:52:48.595   818  1228 E C01401/Bufferqueue: <surface_buffer_impl.cpp:714-SetMetadata>: SetMetadata Failed with -5
09-28 17:52:48.595   793  4141 E C02515/DISP: [0;32;31m[SetDisplayClientDamage@display_composer_vdi_impl.cpp:179] <private> is not supported[m
09-28 17:52:48.597  1048 14695 I C02d13/HDC_LOG: [async_cmd.cpp:88] FinishShellProc finish pipeRead fd:36 pid:14694 count:1
09-28 17:52:48.597  1048 14695 I C02d13/HDC_LOG: [task.cpp:55] HdcTaskBase::TaskFinish notify begin type:0 cid:2613228062 sid:213******641(L:10)
09-28 17:52:48.597  1048 14695 I C02d13/HDC_LOG: [task.cpp:58] HdcTaskBase::TaskFinish notify end type:0 cid:2613228062 sid:213******641(L:10)
09-28 17:52:48.600  1048  1170 I C02d13/HDC_LOG: [daemon.cpp:1142] FetchCommand channelId:2613228062 command:2
09-28 17:52:48.600  1048  1170 W C02d13/HDC_LOG: [session.cpp:160] BeginRemoveTask taskType:0 channelId:2613228062
09-28 17:52:48.600  1048  1170 W C02d13/HDC_LOG: [session.cpp:190] ClearOwnTasks OP_CLEAR finish, sessionId:213******641(L:10) channelIDInput:2613228062
09-28 17:52:48.600  1048  1170 W C02d13/HDC_LOG: [session.cpp:115] taskClassDeleteRetry start clear task, taskType:0 cid:2613228062 sid:213******641(L:10)
09-28 17:52:48.600  1048  1170 I C02d13/HDC_LOG: [async_cmd.cpp:69] DoRelease rc:-3 pid:14694
09-28 17:52:48.600  1048  1170 I C02d13/HDC_LOG: [session.cpp:126] TaskDelay task remove retry count 0/30, taskType:0 channelId:2613228062, sessionId:213******641(L:10)
09-28 17:52:48.600  1048  1170 I C02d13/HDC_LOG: [daemon_unity.cpp:31] ~HdcDaemonUnity cid:2613228062 sid:213******641(L:10)
09-28 17:52:48.600  1048  1170 I C02d13/HDC_LOG: [task.cpp:40] ~HdcTaskBase type:0 cid:2613228062 sid:213******641(L:10)
09-28 17:52:48.600  1048  1170 W C02d13/HDC_LOG: [session.cpp:134] TaskDelay task remove finish, channelId:2613228062
09-28 17:52:48.600  1048  1170 I C02d13/HDC_LOG: [base.cpp:969] before uv handle close, the uv handle type is 13
09-28 17:52:48.605  1048  1170 I C02d13/HDC_LOG: [daemon.cpp:1142] FetchCommand channelId:2613228062 command:2
09-28 17:52:48.608 13972 14187 I C00f00/OH_DER_VSync: onOhVsync ENTRY ts=<private> data=<private>
09-28 17:52:48.608 13972 14185 I C00f00/OH_DER_VSync: scheduleVsync ENTRY receiverPtr=0x<private>
09-28 17:52:48.608 13972 14185 I C00f00/OH_DER_VSync: scheduleVsync calling RequestFrame ohVsync=<private>
09-28 17:52:48.608   818   818 E C02515/DISP: [0;32;31m[GetMetadata:109] <private> is not supported[m
09-28 17:52:48.608 13972 14185 I C00f00/OH_DER_VSync: scheduleVsync RequestFrame rc=<private>
09-28 17:52:48.608   818   818 E C02515/DISP: [0;32;31m[GetMetadata:109] <private> is not supported[m
09-28 17:52:48.609   818   818 E C02515/DISP: [0;32;31m[GetMetadata:109] <private> is not supported[m
09-28 17:52:48.610   818   818 E C01406/skia: RSBaseRenderUtil::DealWithSurfaceRotationAndGravity, GetSurfaceBufferOpaque:0
09-28 17:52:48.610   818   818 E C02515/DISP: [0;32;31m[GetMetadata:109] <private> is not supported[m
09-28 17:52:48.610   818   818 E C01406/skia: RSBaseRenderUtil::DealWithSurfaceRotationAndGravity, GetSurfaceBufferOpaque:0
09-28 17:52:48.610   818   818 E C02515/DISP: [0;32;31m[GetMetadata:109] <private> is not supported[m
09-28 17:52:48.612   818  1137 E C02515/DISP: [0;32;31m[SetMetadata:102] <private> is not supported[m
09-28 17:52:48.612   818  1137 E C02515/METADATA_SRV: [0;32;31m[SetMetadata:136]  fail[m
09-28 17:52:48.612   818  1137 E C01401/Bufferqueue: <surface_buffer_impl.cpp:714-SetMetadata>: SetMetadata Failed with -5
09-28 17:52:48.613   818  1137 E C01406/skia: SurfaceNodeDrawable DrawCommSurfaceWatermark Name:BackgroundBlurView2 Id:8933531975688 water mark count is zero
09-28 17:52:48.613   818  1137 E C01406/skia: RSBaseRenderUtil::DealWithSurfaceRotationAndGravity, GetSurfaceBufferOpaque:0
09-28 17:52:48.613   818  1137 I C01406/WRAP: AHardwareBuffer_createFromHandle index = <private> handle = <private>, ahb = <private>
09-28 17:52:48.614   818  1137 E C01406/skia: SurfaceNodeDrawable DrawCommSurfaceWatermark Name:AdapterActivityContent Id:60009283059715 water mark count is zero
09-28 17:52:48.614   818  1137 E C01406/skia: RSBaseRenderUtil::DealWithSurfaceRotationAndGravity, GetSurfaceBufferOpaque:0
09-28 17:52:48.614   818  1137 I C01406/WRAP: AHardwareBuffer_createFromHandle index = <private> handle = <private>, ahb = <private>
09-28 17:52:48.615   818  1137 E C01406/skia: SurfaceNodeDrawable DrawCommSurfaceWatermark Name:AdapterSurfaceView Id:60009283059716 water mark count is zero
09-28 17:52:48.615   818  1137 E C01406/skia: SurfaceNodeDrawable DrawCommSurfaceWatermark Name:com.a2hlab.bridge.zigzag/com.unity3d.player.UnityPlayerActivity Id:60009283059713 water mark count is zero
09-28 17:52:48.615   818  1137 E C01406/skia: SurfaceNodeDrawable DrawCommSurfaceWatermark Name:WindowScene_zigzag37 Id:8933531976573 water mark count is zero
09-28 17:52:48.616   818  1137 E C01406/skia: SurfaceNodeDrawable DrawCommSurfaceWatermark Name:SCBGestureNavBar13 Id:8933531975827 water mark count is zero
09-28 17:52:48.616   818  1137 E C01406/skia: SurfaceNodeDrawable DrawCommSurfaceWatermark Name:SCBStatusBar15 Id:8933531975907 water mark count is zero
09-28 17:52:48.618   818  1137 E C02515/DISP: [0;32;31m[GetMetadata:109] <private> is not supported[m
09-28 17:52:48.618   818  1137 E C02515/DISP: [0;32;31m[SetMetadata:102] <private> is not supported[m
09-28 17:52:48.618   818  1137 E C02515/METADATA_SRV: [0;32;31m[SetMetadata:136]  fail[m
09-28 17:52:48.618   818  1137 E C01401/Bufferqueue: <surface_buffer_impl.cpp:714-SetMetadata>: SetMetadata Failed with -5
09-28 17:52:48.618   818  1137 E C01406/skia: RSUniRenderComposerAdapter::SetBufferColorSpace set color space fail
09-28 17:52:48.625 13972 14187 I C00f00/OH_DER_VSync: onOhVsync ENTRY ts=<private> data=<private>
09-28 17:52:48.625 13972 14185 I C00f00/OH_DER_VSync: scheduleVsync ENTRY receiverPtr=0x<private>
09-28 17:52:48.625 13972 14185 I C00f00/OH_DER_VSync: scheduleVsync calling RequestFrame ohVsync=<private>
09-28 17:52:48.625 13972 14185 I C00f00/OH_DER_VSync: scheduleVsync RequestFrame rc=<private>
09-28 17:52:48.627   818  1132 E C02515/DISP: [0;32;31m[SetMetadata:102] <private> is not supported[m
09-28 17:52:48.627   818  1132 E C02515/METADATA_SRV: [0;32;31m[SetMetadata:136]  fail[m
09-28 17:52:48.627   818  1132 E C01401/Bufferqueue: <surface_buffer_impl.cpp:714-SetMetadata>: SetMetadata Failed with -5
09-28 17:52:48.628   793  4141 E C02515/DISP: [0;32;31m[SetLayerMaskInfo@display_composer_vdi_impl.cpp:404] <private> is not supported[m
09-28 17:52:48.628   818  1228 E C02515/DISP: [0;32;31m[SetMetadata:102] <private> is not supported[m
09-28 17:52:48.628   818  1228 E C02515/METADATA_SRV: [0;32;31m[SetMetadata:136]  fail[m
09-28 17:52:48.628   818  1228 E C01401/Bufferqueue: <surface_buffer_impl.cpp:714-SetMetadata>: SetMetadata Failed with -5
09-28 17:52:48.629   793  4141 E C02515/DISP: [0;32;31m[SetDisplayClientDamage@display_composer_vdi_impl.cpp:179] <private> is not supported[m
09-28 17:52:48.641 13972 14187 I C00f00/OH_DER_VSync: onOhVsync ENTRY ts=<private> data=<private>
09-28 17:52:48.642 13972 14185 I C00f00/OH_DER_VSync: scheduleVsync ENTRY receiverPtr=0x<private>
09-28 17:52:48.642 13972 14185 I C00f00/OH_DER_VSync: scheduleVsync calling RequestFrame ohVsync=<private>
09-28 17:52:48.642   818   818 E C02515/DISP: [0;32;31m[GetMetadata:109] <private> is not supported[m
09-28 17:52:48.642 13972 14185 I C00f00/OH_DER_VSync: scheduleVsync RequestFrame rc=<private>
09-28 17:52:48.642   818   818 E C02515/DISP: [0;32;31m[GetMetadata:109] <private> is not supported[m
09-28 17:52:48.642   818   818 E C02515/DISP: [0;32;31m[GetMetadata:109] <private> is not supported[m
09-28 17:52:48.643   818   818 E C01406/skia: RSBaseRenderUtil::DealWithSurfaceRotationAndGravity, GetSurfaceBufferOpaque:0
09-28 17:52:48.643   818   818 E C02515/DISP: [0;32;31m[GetMetadata:109] <private> is not supported[m
09-28 17:52:48.643   818   818 E C01406/skia: RSBaseRenderUtil::DealWithSurfaceRotationAndGravity, GetSurfaceBufferOpaque:0
09-28 17:52:48.643   818   818 E C02515/DISP: [0;32;31m[GetMetadata:109] <private> is not supported[m
09-28 17:52:48.645   818  1137 E C02515/DISP: [0;32;31m[SetMetadata:102] <private> is not supported[m
09-28 17:52:48.645   818  1137 E C02515/METADATA_SRV: [0;32;31m[SetMetadata:136]  fail[m
09-28 17:52:48.645   818  1137 E C01401/Bufferqueue: <surface_buffer_impl.cpp:714-SetMetadata>: SetMetadata Failed with -5
09-28 17:52:48.646   818  1137 E C01406/skia: SurfaceNodeDrawable DrawCommSurfaceWatermark Name:BackgroundBlurView2 Id:8933531975688 water mark count is zero
09-28 17:52:48.646   818  1137 E C01406/skia: RSBaseRenderUtil::DealWithSurfaceRotationAndGravity, GetSurfaceBufferOpaque:0
09-28 17:52:48.646   818  1137 I C01406/WRAP: AHardwareBuffer_createFromHandle index = <private> handle = <private>, ahb = <private>
09-28 17:52:48.647   818  1137 E C01406/skia: SurfaceNodeDrawable DrawCommSurfaceWatermark Name:AdapterActivityContent Id:60009283059715 water mark count is zero
09-28 17:52:48.647   818  1137 E C01406/skia: RSBaseRenderUtil::DealWithSurfaceRotationAndGravity, GetSurfaceBufferOpaque:0
09-28 17:52:48.647   818  1137 I C01406/WRAP: AHardwareBuffer_createFromHandle index = <private> handle = <private>, ahb = <private>
09-28 17:52:48.648   818  1137 E C01406/skia: SurfaceNodeDrawable DrawCommSurfaceWatermark Name:AdapterSurfaceView Id:60009283059716 water mark count is zero
09-28 17:52:48.648   818  1137 E C01406/skia: SurfaceNodeDrawable DrawCommSurfaceWatermark Name:com.a2hlab.bridge.zigzag/com.unity3d.player.UnityPlayerActivity Id:60009283059713 water mark count is zero
09-28 17:52:48.648   818  1137 E C01406/skia: SurfaceNodeDrawable DrawCommSurfaceWatermark Name:WindowScene_zigzag37 Id:8933531976573 water mark count is zero
09-28 17:52:48.649   818  1137 E C01406/skia: SurfaceNodeDrawable DrawCommSurfaceWatermark Name:SCBGestureNavBar13 Id:8933531975827 water mark count is zero
09-28 17:52:48.649   818  1137 E C01406/skia: SurfaceNodeDrawable DrawCommSurfaceWatermark Name:SCBStatusBar15 Id:8933531975907 water mark count is zero
09-28 17:52:48.651   818  1137 E C02515/DISP: [0;32;31m[GetMetadata:109] <private> is not supported[m
09-28 17:52:48.651   818  1137 E C02515/DISP: [0;32;31m[SetMetadata:102] <private> is not supported[m
09-28 17:52:48.651   818  1137 E C02515/METADATA_SRV: [0;32;31m[SetMetadata:136]  fail[m
09-28 17:52:48.651   818  1137 E C01401/Bufferqueue: <surface_buffer_impl.cpp:714-SetMetadata>: SetMetadata Failed with -5
09-28 17:52:48.651   818  1137 E C01406/skia: RSUniRenderComposerAdapter::SetBufferColorSpace set color space fail
09-28 17:52:48.658 13972 14187 I C00f00/OH_DER_VSync: onOhVsync ENTRY ts=<private> data=<private>
09-28 17:52:48.658 13972 14185 I C00f00/OH_DER_VSync: scheduleVsync ENTRY receiverPtr=0x<private>
09-28 17:52:48.658 13972 14185 I C00f00/OH_DER_VSync: scheduleVsync calling RequestFrame ohVsync=<private>
09-28 17:52:48.658 13972 14185 I C00f00/OH_DER_VSync: scheduleVsync RequestFrame rc=<private>
09-28 17:52:48.660   818  1132 E C02515/DISP: [0;32;31m[SetMetadata:102] <private> is not supported[m
09-28 17:52:48.660   818  1132 E C02515/METADATA_SRV: [0;32;31m[SetMetadata:136]  fail[m
09-28 17:52:48.660   818  1132 E C01401/Bufferqueue: <surface_buffer_impl.cpp:714-SetMetadata>: SetMetadata Failed with -5
09-28 17:52:48.661   793  4141 E C02515/DISP: [0;32;31m[SetLayerMaskInfo@display_composer_vdi_impl.cpp:404] <private> is not supported[m
09-28 17:52:48.661   818  1228 E C02515/DISP: [0;32;31m[SetMetadata:102] <private> is not supported[m
09-28 17:52:48.661   818  1228 E C02515/METADATA_SRV: [0;32;31m[SetMetadata:136]  fail[m
09-28 17:52:48.661   818  1228 E C01401/Bufferqueue: <surface_buffer_impl.cpp:714-SetMetadata>: SetMetadata Failed with -5
09-28 17:52:48.662   793  4141 E C02515/DISP: [0;32;31m[SetDisplayClientDamage@display_composer_vdi_impl.cpp:179] <private> is not supported[m
09-28 17:52:48.675 13972 14187 I C00f00/OH_DER_VSync: onOhVsync ENTRY ts=<private> data=<private>
09-28 17:52:48.675   818   818 E C02515/DISP: [0;32;31m[GetMetadata:109] <private> is not supported[m
09-28 17:52:48.675 13972 14185 I C00f00/OH_DER_VSync: scheduleVsync ENTRY receiverPtr=0x<private>
09-28 17:52:48.675 13972 14185 I C00f00/OH_DER_VSync: scheduleVsync calling RequestFrame ohVsync=<private>
09-28 17:52:48.675   818   818 E C02515/DISP: [0;32;31m[GetMetadata:109] <private> is not supported[m
09-28 17:52:48.675 13972 14185 I C00f00/OH_DER_VSync: scheduleVsync RequestFrame rc=<private>
09-28 17:52:48.675   818   818 E C02515/DISP: [0;32;31m[GetMetadata:109] <private> is not supported[m
09-28 17:52:48.676   818   818 E C01406/skia: RSBaseRenderUtil::DealWithSurfaceRotationAndGravity, GetSurfaceBufferOpaque:0
09-28 17:52:48.676   818   818 E C02515/DISP: [0;32;31m[GetMetadata:109] <private> is not supported[m
09-28 17:52:48.677   818   818 E C01406/skia: RSBaseRenderUtil::DealWithSurfaceRotationAndGravity, GetSurfaceBufferOpaque:0
09-28 17:52:48.677   818   818 E C02515/DISP: [0;32;31m[GetMetadata:109] <private> is not supported[m
09-28 17:52:48.679   818  1137 E C02515/DISP: [0;32;31m[SetMetadata:102] <private> is not supported[m
09-28 17:52:48.679   818  1137 E C02515/METADATA_SRV: [0;32;31m[SetMetadata:136]  fail[m
09-28 17:52:48.679   818  1137 E C01401/Bufferqueue: <surface_buffer_impl.cpp:714-SetMetadata>: SetMetadata Failed with -5
09-28 17:52:48.679   818  1137 E C01406/skia: SurfaceNodeDrawable DrawCommSurfaceWatermark Name:BackgroundBlurView2 Id:8933531975688 water mark count is zero
09-28 17:52:48.680   818  1137 E C01406/skia: RSBaseRenderUtil::DealWithSurfaceRotationAndGravity, GetSurfaceBufferOpaque:0
09-28 17:52:48.680   818  1137 I C01406/WRAP: AHardwareBuffer_createFromHandle index = <private> handle = <private>, ahb = <private>
09-28 17:52:48.681   818  1137 E C01406/skia: SurfaceNodeDrawable DrawCommSurfaceWatermark Name:AdapterActivityContent Id:60009283059715 water mark count is zero
09-28 17:52:48.681   818  1137 E C01406/skia: RSBaseRenderUtil::DealWithSurfaceRotationAndGravity, GetSurfaceBufferOpaque:0
09-28 17:52:48.681   818  1137 I C01406/WRAP: AHardwareBuffer_createFromHandle index = <private> handle = <private>, ahb = <private>
09-28 17:52:48.681   818  1137 E C01406/skia: SurfaceNodeDrawable DrawCommSurfaceWatermark Name:AdapterSurfaceView Id:60009283059716 water mark count is zero
09-28 17:52:48.681   818  1137 E C01406/skia: SurfaceNodeDrawable DrawCommSurfaceWatermark Name:com.a2hlab.bridge.zigzag/com.unity3d.player.UnityPlayerActivity Id:60009283059713 water mark count is zero
09-28 17:52:48.681   818  1137 E C01406/skia: SurfaceNodeDrawable DrawCommSurfaceWatermark Name:WindowScene_zigzag37 Id:8933531976573 water mark count is zero
09-28 17:52:48.682   818  1137 E C01406/skia: SurfaceNodeDrawable DrawCommSurfaceWatermark Name:SCBGestureNavBar13 Id:8933531975827 water mark count is zero
09-28 17:52:48.682   818  1137 E C01406/skia: SurfaceNodeDrawable DrawCommSurfaceWatermark Name:SCBStatusBar15 Id:8933531975907 water mark count is zero
09-28 17:52:48.685   818  1137 E C02515/DISP: [0;32;31m[GetMetadata:109] <private> is not supported[m
09-28 17:52:48.685   818  1137 E C02515/DISP: [0;32;31m[SetMetadata:102] <private> is not supported[m
09-28 17:52:48.685   818  1137 E C02515/METADATA_SRV: [0;32;31m[SetMetadata:136]  fail[m
09-28 17:52:48.685   818  1137 E C01401/Bufferqueue: <surface_buffer_impl.cpp:714-SetMetadata>: SetMetadata Failed with -5
09-28 17:52:48.685   818  1137 E C01406/skia: RSUniRenderComposerAdapter::SetBufferColorSpace set color space fail
09-28 17:52:48.691 13972 14187 I C00f00/OH_DER_VSync: onOhVsync ENTRY ts=<private> data=<private>
09-28 17:52:48.692 13972 14185 I C00f00/OH_DER_VSync: scheduleVsync ENTRY receiverPtr=0x<private>
09-28 17:52:48.692 13972 14185 I C00f00/OH_DER_VSync: scheduleVsync calling RequestFrame ohVsync=<private>
09-28 17:52:48.692 13972 14185 I C00f00/OH_DER_VSync: scheduleVsync RequestFrame rc=<private>
09-28 17:52:48.694   818  1132 E C02515/DISP: [0;32;31m[SetMetadata:102] <private> is not supported[m
09-28 17:52:48.694   818  1132 E C02515/METADATA_SRV: [0;32;31m[SetMetadata:136]  fail[m
09-28 17:52:48.694   818  1132 E C01401/Bufferqueue: <surface_buffer_impl.cpp:714-SetMetadata>: SetMetadata Failed with -5
09-28 17:52:48.694   793  4141 E C02515/DISP: [0;32;31m[SetLayerMaskInfo@display_composer_vdi_impl.cpp:404] <private> is not supported[m
09-28 17:52:48.695   818  1228 E C02515/DISP: [0;32;31m[SetMetadata:102] <private> is not supported[m
09-28 17:52:48.695   818  1228 E C02515/METADATA_SRV: [0;32;31m[SetMetadata:136]  fail[m
09-28 17:52:48.695   818  1228 E C01401/Bufferqueue: <surface_buffer_impl.cpp:714-SetMetadata>: SetMetadata Failed with -5
09-28 17:52:48.695   793  4141 E C02515/DISP: [0;32;31m[SetDisplayClientDamage@display_composer_vdi_impl.cpp:179] <private> is not supported[m
09-28 17:52:48.708 13972 14187 I C00f00/OH_DER_VSync: onOhVsync ENTRY ts=<private> data=<private>
09-28 17:52:48.708   818   818 E C02515/DISP: [0;32;31m[GetMetadata:109] <private> is not supported[m
09-28 17:52:48.709   818   818 E C02515/DISP: [0;32;31m[GetMetadata:109] <private> is not supported[m
09-28 17:52:48.709 13972 14185 I C00f00/OH_DER_VSync: scheduleVsync ENTRY receiverPtr=0x<private>
09-28 17:52:48.709 13972 14185 I C00f00/OH_DER_VSync: scheduleVsync calling RequestFrame ohVsync=<private>
09-28 17:52:48.709   818   818 E C02515/DISP: [0;32;31m[GetMetadata:109] <private> is not supported[m
09-28 17:52:48.709 13972 14185 I C00f00/OH_DER_VSync: scheduleVsync RequestFrame rc=<private>
09-28 17:52:48.710   818   818 E C01406/skia: RSBaseRenderUtil::DealWithSurfaceRotationAndGravity, GetSurfaceBufferOpaque:0
09-28 17:52:48.710   818   818 E C02515/DISP: [0;32;31m[GetMetadata:109] <private> is not supported[m
09-28 17:52:48.710   818   818 E C01406/skia: RSBaseRenderUtil::DealWithSurfaceRotationAndGravity, GetSurfaceBufferOpaque:0
09-28 17:52:48.710   818   818 E C02515/DISP: [0;32;31m[GetMetadata:109] <private> is not supported[m
09-28 17:52:48.712   818  1137 E C02515/DISP: [0;32;31m[SetMetadata:102] <private> is not supported[m
09-28 17:52:48.712   818  1137 E C02515/METADATA_SRV: [0;32;31m[SetMetadata:136]  fail[m
09-28 17:52:48.712   818  1137 E C01401/Bufferqueue: <surface_buffer_impl.cpp:714-SetMetadata>: SetMetadata Failed with -5
09-28 17:52:48.713   818  1137 E C01406/skia: SurfaceNodeDrawable DrawCommSurfaceWatermark Name:BackgroundBlurView2 Id:8933531975688 water mark count is zero
09-28 17:52:48.713   818  1137 E C01406/skia: RSBaseRenderUtil::DealWithSurfaceRotationAndGravity, GetSurfaceBufferOpaque:0
09-28 17:52:48.713   818  1137 I C01406/WRAP: AHardwareBuffer_createFromHandle index = <private> handle = <private>, ahb = <private>
09-28 17:52:48.714   818  1137 E C01406/skia: SurfaceNodeDrawable DrawCommSurfaceWatermark Name:AdapterActivityContent Id:60009283059715 water mark count is zero
09-28 17:52:48.714   818  1137 E C01406/skia: RSBaseRenderUtil::DealWithSurfaceRotationAndGravity, GetSurfaceBufferOpaque:0
09-28 17:52:48.714   818  1137 I C01406/WRAP: AHardwareBuffer_createFromHandle index = <private> handle = <private>, ahb = <private>
09-28 17:52:48.715   818  1137 E C01406/skia: SurfaceNodeDrawable DrawCommSurfaceWatermark Name:AdapterSurfaceView Id:60009283059716 water mark count is zero
09-28 17:52:48.715   818  1137 E C01406/skia: SurfaceNodeDrawable DrawCommSurfaceWatermark Name:com.a2hlab.bridge.zigzag/com.unity3d.player.UnityPlayerActivity Id:60009283059713 water mark count is zero
09-28 17:52:48.715   818  1137 E C01406/skia: SurfaceNodeDrawable DrawCommSurfaceWatermark Name:WindowScene_zigzag37 Id:8933531976573 water mark count is zero
09-28 17:52:48.716   818  1137 E C01406/skia: SurfaceNodeDrawable DrawCommSurfaceWatermark Name:SCBGestureNavBar13 Id:8933531975827 water mark count is zero
09-28 17:52:48.716   818  1137 E C01406/skia: SurfaceNodeDrawable DrawCommSurfaceWatermark Name:SCBStatusBar15 Id:8933531975907 water mark count is zero
09-28 17:52:48.718   818  1137 E C02515/DISP: [0;32;31m[GetMetadata:109] <private> is not supported[m
09-28 17:52:48.718   818  1137 E C02515/DISP: [0;32;31m[SetMetadata:102] <private> is not supported[m
09-28 17:52:48.718   818  1137 E C02515/METADATA_SRV: [0;32;31m[SetMetadata:136]  fail[m
09-28 17:52:48.718   818  1137 E C01401/Bufferqueue: <surface_buffer_impl.cpp:714-SetMetadata>: SetMetadata Failed with -5
09-28 17:52:48.718   818  1137 E C01406/skia: RSUniRenderComposerAdapter::SetBufferColorSpace set color space fail
09-28 17:52:48.725 13972 14187 I C00f00/OH_DER_VSync: onOhVsync ENTRY ts=<private> data=<private>
09-28 17:52:48.725 13972 14185 I C00f00/OH_DER_VSync: scheduleVsync ENTRY receiverPtr=0x<private>
09-28 17:52:48.725 13972 14185 I C00f00/OH_DER_VSync: scheduleVsync calling RequestFrame ohVsync=<private>
09-28 17:52:48.725 13972 14185 I C00f00/OH_DER_VSync: scheduleVsync RequestFrame rc=<private>
09-28 17:52:48.727   818  1132 E C02515/DISP: [0;32;31m[SetMetadata:102] <private> is not supported[m
09-28 17:52:48.727   818  1132 E C02515/METADATA_SRV: [0;32;31m[SetMetadata:136]  fail[m
09-28 17:52:48.727   818  1132 E C01401/Bufferqueue: <surface_buffer_impl.cpp:714-SetMetadata>: SetMetadata Failed with -5
09-28 17:52:48.728   793  4141 E C02515/DISP: [0;32;31m[SetLayerMaskInfo@display_composer_vdi_impl.cpp:404] <private> is not supported[m
09-28 17:52:48.728   818  1228 E C02515/DISP: [0;32;31m[SetMetadata:102] <private> is not supported[m
09-28 17:52:48.728   818  1228 E C02515/METADATA_SRV: [0;32;31m[SetMetadata:136]  fail[m
09-28 17:52:48.728   818  1228 E C01401/Bufferqueue: <surface_buffer_impl.cpp:714-SetMetadata>: SetMetadata Failed with -5
09-28 17:52:48.728   793  4141 E C02515/DISP: [0;32;31m[SetDisplayClientDamage@display_composer_vdi_impl.cpp:179] <private> is not supported[m
09-28 17:52:48.742 13972 14187 I C00f00/OH_DER_VSync: onOhVsync ENTRY ts=<private> data=<private>
09-28 17:52:48.742   818   818 E C02515/DISP: [0;32;31m[GetMetadata:109] <private> is not supported[m
09-28 17:52:48.742   818   818 E C02515/DISP: [0;32;31m[GetMetadata:109] <private> is not supported[m
09-28 17:52:48.742   818   818 E C02515/DISP: [0;32;31m[GetMetadata:109] <private> is not supported[m
09-28 17:52:48.742 13972 14185 I C00f00/OH_DER_VSync: scheduleVsync ENTRY receiverPtr=0x<private>
09-28 17:52:48.742 13972 14185 I C00f00/OH_DER_VSync: scheduleVsync calling RequestFrame ohVsync=<private>
09-28 17:52:48.742 13972 14185 I C00f00/OH_DER_VSync: scheduleVsync RequestFrame rc=<private>
09-28 17:52:48.742   818   818 E C01406/skia: RSBaseRenderUtil::DealWithSurfaceRotationAndGravity, GetSurfaceBufferOpaque:0
09-28 17:52:48.742   818   818 E C02515/DISP: [0;32;31m[GetMetadata:109] <private> is not supported[m
09-28 17:52:48.742   818   818 E C01406/skia: RSBaseRenderUtil::DealWithSurfaceRotationAndGravity, GetSurfaceBufferOpaque:0
09-28 17:52:48.742   818   818 E C02515/DISP: [0;32;31m[GetMetadata:109] <private> is not supported[m
09-28 17:52:48.744   818  1137 E C02515/DISP: [0;32;31m[SetMetadata:102] <private> is not supported[m
09-28 17:52:48.744   818  1137 E C02515/METADATA_SRV: [0;32;31m[SetMetadata:136]  fail[m
09-28 17:52:48.744   818  1137 E C01401/Bufferqueue: <surface_buffer_impl.cpp:714-SetMetadata>: SetMetadata Failed with -5
09-28 17:52:48.745   818  1137 E C01406/skia: SurfaceNodeDrawable DrawCommSurfaceWatermark Name:BackgroundBlurView2 Id:8933531975688 water mark count is zero
09-28 17:52:48.745   818  1137 E C01406/skia: RSBaseRenderUtil::DealWithSurfaceRotationAndGravity, GetSurfaceBufferOpaque:0
09-28 17:52:48.745   818  1137 I C01406/WRAP: AHardwareBuffer_createFromHandle index = <private> handle = <private>, ahb = <private>
09-28 17:52:48.746   818  1137 E C01406/skia: SurfaceNodeDrawable DrawCommSurfaceWatermark Name:AdapterActivityContent Id:60009283059715 water mark count is zero
09-28 17:52:48.746   818  1137 E C01406/skia: RSBaseRenderUtil::DealWithSurfaceRotationAndGravity, GetSurfaceBufferOpaque:0
09-28 17:52:48.746   818  1137 I C01406/WRAP: AHardwareBuffer_createFromHandle index = <private> handle = <private>, ahb = <private>
09-28 17:52:48.746   818  1137 E C01406/skia: SurfaceNodeDrawable DrawCommSurfaceWatermark Name:AdapterSurfaceView Id:60009283059716 water mark count is zero
09-28 17:52:48.746   818  1137 E C01406/skia: SurfaceNodeDrawable DrawCommSurfaceWatermark Name:com.a2hlab.bridge.zigzag/com.unity3d.player.UnityPlayerActivity Id:60009283059713 water mark count is zero
09-28 17:52:48.746   818  1137 E C01406/skia: SurfaceNodeDrawable DrawCommSurfaceWatermark Name:WindowScene_zigzag37 Id:8933531976573 water mark count is zero
09-28 17:52:48.747   818  1137 E C01406/skia: SurfaceNodeDrawable DrawCommSurfaceWatermark Name:SCBGestureNavBar13 Id:8933531975827 water mark count is zero
09-28 17:52:48.748   818  1137 E C01406/skia: SurfaceNodeDrawable DrawCommSurfaceWatermark Name:SCBStatusBar15 Id:8933531975907 water mark count is zero
09-28 17:52:48.750   818  1137 E C02515/DISP: [0;32;31m[GetMetadata:109] <private> is not supported[m
09-28 17:52:48.750   818  1137 E C02515/DISP: [0;32;31m[SetMetadata:102] <private> is not supported[m
09-28 17:52:48.750   818  1137 E C02515/METADATA_SRV: [0;32;31m[SetMetadata:136]  fail[m
09-28 17:52:48.750   818  1137 E C01401/Bufferqueue: <surface_buffer_impl.cpp:714-SetMetadata>: SetMetadata Failed with -5
09-28 17:52:48.750   818  1137 E C01406/skia: RSUniRenderComposerAdapter::SetBufferColorSpace set color space fail
09-28 17:52:48.758 13972 14187 I C00f00/OH_DER_VSync: onOhVsync ENTRY ts=<private> data=<private>
09-28 17:52:48.758 13972 14185 I C00f00/OH_DER_VSync: scheduleVsync ENTRY receiverPtr=0x<private>
09-28 17:52:48.759 13972 14185 I C00f00/OH_DER_VSync: scheduleVsync calling RequestFrame ohVsync=<private>
09-28 17:52:48.759 13972 14185 I C00f00/OH_DER_VSync: scheduleVsync RequestFrame rc=<private>
09-28 17:52:48.760   818  1132 E C02515/DISP: [0;32;31m[SetMetadata:102] <private> is not supported[m
09-28 17:52:48.760   818  1132 E C02515/METADATA_SRV: [0;32;31m[SetMetadata:136]  fail[m
09-28 17:52:48.760   818  1132 E C01401/Bufferqueue: <surface_buffer_impl.cpp:714-SetMetadata>: SetMetadata Failed with -5
09-28 17:52:48.762   793  4141 E C02515/DISP: [0;32;31m[SetLayerMaskInfo@display_composer_vdi_impl.cpp:404] <private> is not supported[m
09-28 17:52:48.762   818  1228 E C02515/DISP: [0;32;31m[SetMetadata:102] <private> is not supported[m
09-28 17:52:48.762   818  1228 E C02515/METADATA_SRV: [0;32;31m[SetMetadata:136]  fail[m
09-28 17:52:48.762   818  1228 E C01401/Bufferqueue: <surface_buffer_impl.cpp:714-SetMetadata>: SetMetadata Failed with -5
09-28 17:52:48.763   793  4141 E C02515/DISP: [0;32;31m[SetDisplayClientDamage@display_composer_vdi_impl.cpp:179] <private> is not supported[m
09-28 17:52:48.775   818   818 E C02515/DISP: [0;32;31m[GetMetadata:109] <private> is not supported[m
09-28 17:52:48.775   818   818 E C02515/DISP: [0;32;31m[GetMetadata:109] <private> is not supported[m
09-28 17:52:48.775   818   818 E C02515/DISP: [0;32;31m[GetMetadata:109] <private> is not supported[m
09-28 17:52:48.776   818   818 E C01406/skia: RSBaseRenderUtil::DealWithSurfaceRotationAndGravity, GetSurfaceBufferOpaque:0
09-28 17:52:48.776   818   818 E C02515/DISP: [0;32;31m[GetMetadata:109] <private> is not supported[m
09-28 17:52:48.776   818   818 E C01406/skia: RSBaseRenderUtil::DealWithSurfaceRotationAndGravity, GetSurfaceBufferOpaque:0
09-28 17:52:48.776   818   818 E C02515/DISP: [0;32;31m[GetMetadata:109] <private> is not supported[m
09-28 17:52:48.777 13972 14187 I C00f00/OH_DER_VSync: onOhVsync ENTRY ts=<private> data=<private>
09-28 17:52:48.777 13972 14185 I C00f00/OH_DER_VSync: scheduleVsync ENTRY receiverPtr=0x<private>
09-28 17:52:48.777 13972 14185 I C00f00/OH_DER_VSync: scheduleVsync calling RequestFrame ohVsync=<private>
09-28 17:52:48.777   818  1137 E C02515/DISP: [0;32;31m[SetMetadata:102] <private> is not supported[m
09-28 17:52:48.777   818  1137 E C02515/METADATA_SRV: [0;32;31m[SetMetadata:136]  fail[m
09-28 17:52:48.777   818  1137 E C01401/Bufferqueue: <surface_buffer_impl.cpp:714-SetMetadata>: SetMetadata Failed with -5
09-28 17:52:48.777 13972 14185 I C00f00/OH_DER_VSync: scheduleVsync RequestFrame rc=<private>
09-28 17:52:48.777   818  1137 E C01406/skia: SurfaceNodeDrawable DrawCommSurfaceWatermark Name:BackgroundBlurView2 Id:8933531975688 water mark count is zero
09-28 17:52:48.777   818  1137 E C01406/skia: RSBaseRenderUtil::DealWithSurfaceRotationAndGravity, GetSurfaceBufferOpaque:0
09-28 17:52:48.778   818  1137 I C01406/WRAP: AHardwareBuffer_createFromHandle index = <private> handle = <private>, ahb = <private>
09-28 17:52:48.778   818  1137 E C01406/skia: SurfaceNodeDrawable DrawCommSurfaceWatermark Name:AdapterActivityContent Id:60009283059715 water mark count is zero
09-28 17:52:48.778   818  1137 E C01406/skia: RSBaseRenderUtil::DealWithSurfaceRotationAndGravity, GetSurfaceBufferOpaque:0
09-28 17:52:48.778   818  1137 I C01406/WRAP: AHardwareBuffer_createFromHandle index = <private> handle = <private>, ahb = <private>
09-28 17:52:48.778   818  1137 E C01406/skia: SurfaceNodeDrawable DrawCommSurfaceWatermark Name:AdapterSurfaceView Id:60009283059716 water mark count is zero
09-28 17:52:48.778   818  1137 E C01406/skia: SurfaceNodeDrawable DrawCommSurfaceWatermark Name:com.a2hlab.bridge.zigzag/com.unity3d.player.UnityPlayerActivity Id:60009283059713 water mark count is zero
09-28 17:52:48.778   818  1137 E C01406/skia: SurfaceNodeDrawable DrawCommSurfaceWatermark Name:WindowScene_zigzag37 Id:8933531976573 water mark count is zero
09-28 17:52:48.779   818  1137 E C01406/skia: SurfaceNodeDrawable DrawCommSurfaceWatermark Name:SCBGestureNavBar13 Id:8933531975827 water mark count is zero
09-28 17:52:48.779   818  1137 E C01406/skia: SurfaceNodeDrawable DrawCommSurfaceWatermark Name:SCBStatusBar15 Id:8933531975907 water mark count is zero
09-28 17:52:48.782   818  1137 E C02515/DISP: [0;32;31m[GetMetadata:109] <private> is not supported[m
09-28 17:52:48.782   818  1137 E C02515/DISP: [0;32;31m[SetMetadata:102] <private> is not supported[m
09-28 17:52:48.782   818  1137 E C02515/METADATA_SRV: [0;32;31m[SetMetadata:136]  fail[m
09-28 17:52:48.782   818  1137 E C01401/Bufferqueue: <surface_buffer_impl.cpp:714-SetMetadata>: SetMetadata Failed with -5
09-28 17:52:48.782   818  1137 E C01406/skia: RSUniRenderComposerAdapter::SetBufferColorSpace set color space fail
09-28 17:52:48.792 13972 14187 I C00f00/OH_DER_VSync: onOhVsync ENTRY ts=<private> data=<private>
09-28 17:52:48.792 13972 14185 I C00f00/OH_DER_VSync: scheduleVsync ENTRY receiverPtr=0x<private>
09-28 17:52:48.792 13972 14185 I C00f00/OH_DER_VSync: scheduleVsync calling RequestFrame ohVsync=<private>
09-28 17:52:48.792 13972 14185 I C00f00/OH_DER_VSync: scheduleVsync RequestFrame rc=<private>
09-28 17:52:48.794   818  1132 E C02515/DISP: [0;32;31m[SetMetadata:102] <private> is not supported[m
09-28 17:52:48.794   818  1132 E C02515/METADATA_SRV: [0;32;31m[SetMetadata:136]  fail[m
09-28 17:52:48.794   818  1132 E C01401/Bufferqueue: <surface_buffer_impl.cpp:714-SetMetadata>: SetMetadata Failed with -5
09-28 17:52:48.795   793  4141 E C02515/DISP: [0;32;31m[SetLayerMaskInfo@display_composer_vdi_impl.cpp:404] <private> is not supported[m
09-28 17:52:48.795   818  1228 E C02515/DISP: [0;32;31m[SetMetadata:102] <private> is not supported[m
09-28 17:52:48.795   818  1228 E C02515/METADATA_SRV: [0;32;31m[SetMetadata:136]  fail[m
09-28 17:52:48.795   818  1228 E C01401/Bufferqueue: <surface_buffer_impl.cpp:714-SetMetadata>: SetMetadata Failed with -5
09-28 17:52:48.796   793  4141 E C02515/DISP: [0;32;31m[SetDisplayClientDamage@display_composer_vdi_impl.cpp:179] <private> is not supported[m
09-28 17:52:48.808   818   818 E C02515/DISP: [0;32;31m[GetMetadata:109] <private> is not supported[m
09-28 17:52:48.808 13972 14187 I C00f00/OH_DER_VSync: onOhVsync ENTRY ts=<private> data=<private>
09-28 17:52:48.808   818   818 E C02515/DISP: [0;32;31m[GetMetadata:109] <private> is not supported[m
09-28 17:52:48.808   818   818 E C02515/DISP: [0;32;31m[GetMetadata:109] <private> is not supported[m
09-28 17:52:48.809 13972 14185 I C00f00/OH_DER_VSync: scheduleVsync ENTRY receiverPtr=0x<private>
09-28 17:52:48.809 13972 14185 I C00f00/OH_DER_VSync: scheduleVsync calling RequestFrame ohVsync=<private>
09-28 17:52:48.809 13972 14185 I C00f00/OH_DER_VSync: scheduleVsync RequestFrame rc=<private>
09-28 17:52:48.809   818   818 E C01406/skia: RSBaseRenderUtil::DealWithSurfaceRotationAndGravity, GetSurfaceBufferOpaque:0
09-28 17:52:48.809   818   818 E C02515/DISP: [0;32;31m[GetMetadata:109] <private> is not supported[m
09-28 17:52:48.809   818   818 E C01406/skia: RSBaseRenderUtil::DealWithSurfaceRotationAndGravity, GetSurfaceBufferOpaque:0
09-28 17:52:48.809   818   818 E C02515/DISP: [0;32;31m[GetMetadata:109] <private> is not supported[m
09-28 17:52:48.810   818  1137 E C02515/DISP: [0;32;31m[SetMetadata:102] <private> is not supported[m
09-28 17:52:48.810   818  1137 E C02515/METADATA_SRV: [0;32;31m[SetMetadata:136]  fail[m
09-28 17:52:48.810   818  1137 E C01401/Bufferqueue: <surface_buffer_impl.cpp:714-SetMetadata>: SetMetadata Failed with -5
09-28 17:52:48.811   818  1137 E C01406/skia: SurfaceNodeDrawable DrawCommSurfaceWatermark Name:BackgroundBlurView2 Id:8933531975688 water mark count is zero
09-28 17:52:48.811   818  1137 E C01406/skia: RSBaseRenderUtil::DealWithSurfaceRotationAndGravity, GetSurfaceBufferOpaque:0
09-28 17:52:48.811   818  1137 I C01406/WRAP: AHardwareBuffer_createFromHandle index = <private> handle = <private>, ahb = <private>
09-28 17:52:48.811   818  1137 E C01406/skia: SurfaceNodeDrawable DrawCommSurfaceWatermark Name:AdapterActivityContent Id:60009283059715 water mark count is zero
09-28 17:52:48.811   818  1137 E C01406/skia: RSBaseRenderUtil::DealWithSurfaceRotationAndGravity, GetSurfaceBufferOpaque:0
09-28 17:52:48.811   818  1137 I C01406/WRAP: AHardwareBuffer_createFromHandle index = <private> handle = <private>, ahb = <private>
09-28 17:52:48.811   818  1137 E C01406/skia: SurfaceNodeDrawable DrawCommSurfaceWatermark Name:AdapterSurfaceView Id:60009283059716 water mark count is zero
09-28 17:52:48.812   818  1137 E C01406/skia: SurfaceNodeDrawable DrawCommSurfaceWatermark Name:com.a2hlab.bridge.zigzag/com.unity3d.player.UnityPlayerActivity Id:60009283059713 water mark count is zero
09-28 17:52:48.812   818  1137 E C01406/skia: SurfaceNodeDrawable DrawCommSurfaceWatermark Name:WindowScene_zigzag37 Id:8933531976573 water mark count is zero
09-28 17:52:48.812   818  1137 E C01406/skia: SurfaceNodeDrawable DrawCommSurfaceWatermark Name:SCBGestureNavBar13 Id:8933531975827 water mark count is zero
09-28 17:52:48.812   818  1137 E C01406/skia: SurfaceNodeDrawable DrawCommSurfaceWatermark Name:SCBStatusBar15 Id:8933531975907 water mark count is zero
09-28 17:52:48.814   818  1137 E C02515/DISP: [0;32;31m[GetMetadata:109] <private> is not supported[m
09-28 17:52:48.815   818  1137 E C02515/DISP: [0;32;31m[SetMetadata:102] <private> is not supported[m
09-28 17:52:48.815   818  1137 E C02515/METADATA_SRV: [0;32;31m[SetMetadata:136]  fail[m
09-28 17:52:48.815   818  1137 E C01401/Bufferqueue: <surface_buffer_impl.cpp:714-SetMetadata>: SetMetadata Failed with -5
09-28 17:52:48.815   818  1137 E C01406/skia: RSUniRenderComposerAdapter::SetBufferColorSpace set color space fail
09-28 17:52:48.825 13972 14187 I C00f00/OH_DER_VSync: onOhVsync ENTRY ts=<private> data=<private>
09-28 17:52:48.825 13972 14185 I C00f00/OH_DER_VSync: scheduleVsync ENTRY receiverPtr=0x<private>
09-28 17:52:48.825 13972 14185 I C00f00/OH_DER_VSync: scheduleVsync calling RequestFrame ohVsync=<private>
09-28 17:52:48.825 13972 14185 I C00f00/OH_DER_VSync: scheduleVsync RequestFrame rc=<private>
09-28 17:52:48.827   818  1132 E C02515/DISP: [0;32;31m[SetMetadata:102] <private> is not supported[m
09-28 17:52:48.827   818  1132 E C02515/METADATA_SRV: [0;32;31m[SetMetadata:136]  fail[m
09-28 17:52:48.827   818  1132 E C01401/Bufferqueue: <surface_buffer_impl.cpp:714-SetMetadata>: SetMetadata Failed with -5
09-28 17:52:48.828   793  4141 E C02515/DISP: [0;32;31m[SetLayerMaskInfo@display_composer_vdi_impl.cpp:404] <private> is not supported[m
09-28 17:52:48.828   818  1228 E C02515/DISP: [0;32;31m[SetMetadata:102] <private> is not supported[m
09-28 17:52:48.828   818  1228 E C02515/METADATA_SRV: [0;32;31m[SetMetadata:136]  fail[m
09-28 17:52:48.828   818  1228 E C01401/Bufferqueue: <surface_buffer_impl.cpp:714-SetMetadata>: SetMetadata Failed with -5
09-28 17:52:48.829   793  4141 E C02515/DISP: [0;32;31m[SetDisplayClientDamage@display_composer_vdi_impl.cpp:179] <private> is not supported[m
09-28 17:52:48.842 13972 14187 I C00f00/OH_DER_VSync: onOhVsync ENTRY ts=<private> data=<private>
09-28 17:52:48.842   818   818 E C02515/DISP: [0;32;31m[GetMetadata:109] <private> is not supported[m
09-28 17:52:48.842   818   818 E C02515/DISP: [0;32;31m[GetMetadata:109] <private> is not supported[m
09-28 17:52:48.842   818   818 E C02515/DISP: [0;32;31m[GetMetadata:109] <private> is not supported[m
09-28 17:52:48.842 13972 14185 I C00f00/OH_DER_VSync: scheduleVsync ENTRY receiverPtr=0x<private>
09-28 17:52:48.842 13972 14185 I C00f00/OH_DER_VSync: scheduleVsync calling RequestFrame ohVsync=<private>
09-28 17:52:48.842 13972 14185 I C00f00/OH_DER_VSync: scheduleVsync RequestFrame rc=<private>
09-28 17:52:48.842   818   818 E C01406/skia: RSBaseRenderUtil::DealWithSurfaceRotationAndGravity, GetSurfaceBufferOpaque:0
09-28 17:52:48.842   818   818 E C02515/DISP: [0;32;31m[GetMetadata:109] <private> is not supported[m
09-28 17:52:48.842   818   818 E C01406/skia: RSBaseRenderUtil::DealWithSurfaceRotationAndGravity, GetSurfaceBufferOpaque:0
09-28 17:52:48.842   818   818 E C02515/DISP: [0;32;31m[GetMetadata:109] <private> is not supported[m
09-28 17:52:48.844   818  1137 E C02515/DISP: [0;32;31m[SetMetadata:102] <private> is not supported[m
09-28 17:52:48.844   818  1137 E C02515/METADATA_SRV: [0;32;31m[SetMetadata:136]  fail[m
09-28 17:52:48.844   818  1137 E C01401/Bufferqueue: <surface_buffer_impl.cpp:714-SetMetadata>: SetMetadata Failed with -5
09-28 17:52:48.844   818  1137 E C01406/skia: SurfaceNodeDrawable DrawCommSurfaceWatermark Name:BackgroundBlurView2 Id:8933531975688 water mark count is zero
09-28 17:52:48.844   818  1137 E C01406/skia: RSBaseRenderUtil::DealWithSurfaceRotationAndGravity, GetSurfaceBufferOpaque:0
09-28 17:52:48.844   818  1137 I C01406/WRAP: AHardwareBuffer_createFromHandle index = <private> handle = <private>, ahb = <private>
09-28 17:52:48.844   818  1137 E C01406/skia: SurfaceNodeDrawable DrawCommSurfaceWatermark Name:AdapterActivityContent Id:60009283059715 water mark count is zero
09-28 17:52:48.844   818  1137 E C01406/skia: RSBaseRenderUtil::DealWithSurfaceRotationAndGravity, GetSurfaceBufferOpaque:0
09-28 17:52:48.845   818  1137 I C01406/WRAP: AHardwareBuffer_createFromHandle index = <private> handle = <private>, ahb = <private>
09-28 17:52:48.845   818  1137 E C01406/skia: SurfaceNodeDrawable DrawCommSurfaceWatermark Name:AdapterSurfaceView Id:60009283059716 water mark count is zero
09-28 17:52:48.845   818  1137 E C01406/skia: SurfaceNodeDrawable DrawCommSurfaceWatermark Name:com.a2hlab.bridge.zigzag/com.unity3d.player.UnityPlayerActivity Id:60009283059713 water mark count is zero
09-28 17:52:48.845   818  1137 E C01406/skia: SurfaceNodeDrawable DrawCommSurfaceWatermark Name:WindowScene_zigzag37 Id:8933531976573 water mark count is zero
09-28 17:52:48.845   818  1137 E C01406/skia: SurfaceNodeDrawable DrawCommSurfaceWatermark Name:SCBGestureNavBar13 Id:8933531975827 water mark count is zero
09-28 17:52:48.846   818  1137 E C01406/skia: SurfaceNodeDrawable DrawCommSurfaceWatermark Name:SCBStatusBar15 Id:8933531975907 water mark count is zero
09-28 17:52:48.848   818  1137 E C02515/DISP: [0;32;31m[GetMetadata:109] <private> is not supported[m
09-28 17:52:48.848   818  1137 E C02515/DISP: [0;32;31m[SetMetadata:102] <private> is not supported[m
09-28 17:52:48.848   818  1137 E C02515/METADATA_SRV: [0;32;31m[SetMetadata:136]  fail[m
09-28 17:52:48.848   818  1137 E C01401/Bufferqueue: <surface_buffer_impl.cpp:714-SetMetadata>: SetMetadata Failed with -5
09-28 17:52:48.848   818  1137 E C01406/skia: RSUniRenderComposerAdapter::SetBufferColorSpace set color space fail
09-28 17:52:48.858 13972 14187 I C00f00/OH_DER_VSync: onOhVsync ENTRY ts=<private> data=<private>
09-28 17:52:48.859 13972 14185 I C00f00/OH_DER_VSync: scheduleVsync ENTRY receiverPtr=0x<private>
09-28 17:52:48.859 13972 14185 I C00f00/OH_DER_VSync: scheduleVsync calling RequestFrame ohVsync=<private>
09-28 17:52:48.859 13972 14185 I C00f00/OH_DER_VSync: scheduleVsync RequestFrame rc=<private>
09-28 17:52:48.860   818  1132 E C02515/DISP: [0;32;31m[SetMetadata:102] <private> is not supported[m
09-28 17:52:48.860   818  1132 E C02515/METADATA_SRV: [0;32;31m[SetMetadata:136]  fail[m
09-28 17:52:48.860   818  1132 E C01401/Bufferqueue: <surface_buffer_impl.cpp:714-SetMetadata>: SetMetadata Failed with -5
09-28 17:52:48.862   793  4141 E C02515/DISP: [0;32;31m[SetLayerMaskInfo@display_composer_vdi_impl.cpp:404] <private> is not supported[m
09-28 17:52:48.862   818  1228 E C02515/DISP: [0;32;31m[SetMetadata:102] <private> is not supported[m
09-28 17:52:48.862   818  1228 E C02515/METADATA_SRV: [0;32;31m[SetMetadata:136]  fail[m
09-28 17:52:48.862   818  1228 E C01401/Bufferqueue: <surface_buffer_impl.cpp:714-SetMetadata>: SetMetadata Failed with -5
09-28 17:52:48.862   793  4141 E C02515/DISP: [0;32;31m[SetDisplayClientDamage@display_composer_vdi_impl.cpp:179] <private> is not supported[m
09-28 17:52:48.875 13972 14187 I C00f00/OH_DER_VSync: onOhVsync ENTRY ts=<private> data=<private>
09-28 17:52:48.875   818   818 E C02515/DISP: [0;32;31m[GetMetadata:109] <private> is not supported[m
09-28 17:52:48.875   818   818 E C02515/DISP: [0;32;31m[GetMetadata:109] <private> is not supported[m
09-28 17:52:48.875   818   818 E C02515/DISP: [0;32;31m[GetMetadata:109] <private> is not supported[m
09-28 17:52:48.875 13972 14185 I C00f00/OH_DER_VSync: scheduleVsync ENTRY receiverPtr=0x<private>
09-28 17:52:48.875 13972 14185 I C00f00/OH_DER_VSync: scheduleVsync calling RequestFrame ohVsync=<private>
09-28 17:52:48.875 13972 14185 I C00f00/OH_DER_VSync: scheduleVsync RequestFrame rc=<private>
09-28 17:52:48.876   818   818 E C01406/skia: RSBaseRenderUtil::DealWithSurfaceRotationAndGravity, GetSurfaceBufferOpaque:0
09-28 17:52:48.876   818   818 E C02515/DISP: [0;32;31m[GetMetadata:109] <private> is not supported[m
09-28 17:52:48.876   818   818 E C01406/skia: RSBaseRenderUtil::DealWithSurfaceRotationAndGravity, GetSurfaceBufferOpaque:0
09-28 17:52:48.876   818   818 E C02515/DISP: [0;32;31m[GetMetadata:109] <private> is not supported[m
09-28 17:52:48.877   818  1137 E C02515/DISP: [0;32;31m[SetMetadata:102] <private> is not supported[m
09-28 17:52:48.877   818  1137 E C02515/METADATA_SRV: [0;32;31m[SetMetadata:136]  fail[m
09-28 17:52:48.877   818  1137 E C01401/Bufferqueue: <surface_buffer_impl.cpp:714-SetMetadata>: SetMetadata Failed with -5
09-28 17:52:48.877   818  1137 E C01406/skia: SurfaceNodeDrawable DrawCommSurfaceWatermark Name:BackgroundBlurView2 Id:8933531975688 water mark count is zero
09-28 17:52:48.877   818  1137 E C01406/skia: RSBaseRenderUtil::DealWithSurfaceRotationAndGravity, GetSurfaceBufferOpaque:0
09-28 17:52:48.878   818  1137 I C01406/WRAP: AHardwareBuffer_createFromHandle index = <private> handle = <private>, ahb = <private>
09-28 17:52:48.878   818  1137 E C01406/skia: SurfaceNodeDrawable DrawCommSurfaceWatermark Name:AdapterActivityContent Id:60009283059715 water mark count is zero
09-28 17:52:48.878   818  1137 E C01406/skia: RSBaseRenderUtil::DealWithSurfaceRotationAndGravity, GetSurfaceBufferOpaque:0
09-28 17:52:48.878   818  1137 I C01406/WRAP: AHardwareBuffer_createFromHandle index = <private> handle = <private>, ahb = <private>
09-28 17:52:48.878   818  1137 E C01406/skia: SurfaceNodeDrawable DrawCommSurfaceWatermark Name:AdapterSurfaceView Id:60009283059716 water mark count is zero
09-28 17:52:48.878   818  1137 E C01406/skia: SurfaceNodeDrawable DrawCommSurfaceWatermark Name:com.a2hlab.bridge.zigzag/com.unity3d.player.UnityPlayerActivity Id:60009283059713 water mark count is zero
09-28 17:52:48.878   818  1137 E C01406/skia: SurfaceNodeDrawable DrawCommSurfaceWatermark Name:WindowScene_zigzag37 Id:8933531976573 water mark count is zero
09-28 17:52:48.879   818  1137 E C01406/skia: SurfaceNodeDrawable DrawCommSurfaceWatermark Name:SCBGestureNavBar13 Id:8933531975827 water mark count is zero
09-28 17:52:48.879   818  1137 E C01406/skia: SurfaceNodeDrawable DrawCommSurfaceWatermark Name:SCBStatusBar15 Id:8933531975907 water mark count is zero
09-28 17:52:48.881   818  1137 E C02515/DISP: [0;32;31m[GetMetadata:109] <private> is not supported[m
09-28 17:52:48.881   818  1137 E C02515/DISP: [0;32;31m[SetMetadata:102] <private> is not supported[m
09-28 17:52:48.881   818  1137 E C02515/METADATA_SRV: [0;32;31m[SetMetadata:136]  fail[m
09-28 17:52:48.881   818  1137 E C01401/Bufferqueue: <surface_buffer_impl.cpp:714-SetMetadata>: SetMetadata Failed with -5
09-28 17:52:48.881   818  1137 E C01406/skia: RSUniRenderComposerAdapter::SetBufferColorSpace set color space fail
09-28 17:52:48.892 13972 14187 I C00f00/OH_DER_VSync: onOhVsync ENTRY ts=<private> data=<private>
09-28 17:52:48.892 13972 14185 I C00f00/OH_DER_VSync: scheduleVsync ENTRY receiverPtr=0x<private>
09-28 17:52:48.892 13972 14185 I C00f00/OH_DER_VSync: scheduleVsync calling RequestFrame ohVsync=<private>
09-28 17:52:48.892 13972 14185 I C00f00/OH_DER_VSync: scheduleVsync RequestFrame rc=<private>
09-28 17:52:48.894   818  1132 E C02515/DISP: [0;32;31m[SetMetadata:102] <private> is not supported[m
09-28 17:52:48.894   818  1132 E C02515/METADATA_SRV: [0;32;31m[SetMetadata:136]  fail[m
09-28 17:52:48.894   818  1132 E C01401/Bufferqueue: <surface_buffer_impl.cpp:714-SetMetadata>: SetMetadata Failed with -5
09-28 17:52:48.896   793  4141 E C02515/DISP: [0;32;31m[SetLayerMaskInfo@display_composer_vdi_impl.cpp:404] <private> is not supported[m
09-28 17:52:48.897   818  1228 E C02515/DISP: [0;32;31m[SetMetadata:102] <private> is not supported[m
09-28 17:52:48.897   818  1228 E C02515/METADATA_SRV: [0;32;31m[SetMetadata:136]  fail[m
09-28 17:52:48.897   818  1228 E C01401/Bufferqueue: <surface_buffer_impl.cpp:714-SetMetadata>: SetMetadata Failed with -5
09-28 17:52:48.897   793  4141 E C02515/DISP: [0;32;31m[SetDisplayClientDamage@display_composer_vdi_impl.cpp:179] <private> is not supported[m
09-28 17:52:48.908   818   818 E C02515/DISP: [0;32;31m[GetMetadata:109] <private> is not supported[m
09-28 17:52:48.909   818   818 E C02515/DISP: [0;32;31m[GetMetadata:109] <private> is not supported[m
09-28 17:52:48.909   818   818 E C02515/DISP: [0;32;31m[GetMetadata:109] <private> is not supported[m
09-28 17:52:48.909   818   818 E C01406/skia: RSBaseRenderUtil::DealWithSurfaceRotationAndGravity, GetSurfaceBufferOpaque:0
09-28 17:52:48.909   818   818 E C02515/DISP: [0;32;31m[GetMetadata:109] <private> is not supported[m
09-28 17:52:48.909   818   818 E C01406/skia: RSBaseRenderUtil::DealWithSurfaceRotationAndGravity, GetSurfaceBufferOpaque:0
09-28 17:52:48.909   818   818 E C02515/DISP: [0;32;31m[GetMetadata:109] <private> is not supported[m
09-28 17:52:48.910 13972 14187 I C00f00/OH_DER_VSync: onOhVsync ENTRY ts=<private> data=<private>
09-28 17:52:48.910 13972 14185 I C00f00/OH_DER_VSync: scheduleVsync ENTRY receiverPtr=0x<private>
09-28 17:52:48.910 13972 14185 I C00f00/OH_DER_VSync: scheduleVsync calling RequestFrame ohVsync=<private>
09-28 17:52:48.910   818  1137 E C02515/DISP: [0;32;31m[SetMetadata:102] <private> is not supported[m
09-28 17:52:48.910   818  1137 E C02515/METADATA_SRV: [0;32;31m[SetMetadata:136]  fail[m
09-28 17:52:48.910   818  1137 E C01401/Bufferqueue: <surface_buffer_impl.cpp:714-SetMetadata>: SetMetadata Failed with -5
09-28 17:52:48.910 13972 14185 I C00f00/OH_DER_VSync: scheduleVsync RequestFrame rc=<private>
09-28 17:52:48.911   818  1137 E C01406/skia: SurfaceNodeDrawable DrawCommSurfaceWatermark Name:BackgroundBlurView2 Id:8933531975688 water mark count is zero
09-28 17:52:48.911   818  1137 E C01406/skia: RSBaseRenderUtil::DealWithSurfaceRotationAndGravity, GetSurfaceBufferOpaque:0
09-28 17:52:48.911   818  1137 I C01406/WRAP: AHardwareBuffer_createFromHandle index = <private> handle = <private>, ahb = <private>
09-28 17:52:48.911   818  1137 E C01406/skia: SurfaceNodeDrawable DrawCommSurfaceWatermark Name:AdapterActivityContent Id:60009283059715 water mark count is zero
09-28 17:52:48.911   818  1137 E C01406/skia: RSBaseRenderUtil::DealWithSurfaceRotationAndGravity, GetSurfaceBufferOpaque:0
09-28 17:52:48.911   818  1137 I C01406/WRAP: AHardwareBuffer_createFromHandle index = <private> handle = <private>, ahb = <private>
09-28 17:52:48.912   818  1137 E C01406/skia: SurfaceNodeDrawable DrawCommSurfaceWatermark Name:AdapterSurfaceView Id:60009283059716 water mark count is zero
09-28 17:52:48.912   818  1137 E C01406/skia: SurfaceNodeDrawable DrawCommSurfaceWatermark Name:com.a2hlab.bridge.zigzag/com.unity3d.player.UnityPlayerActivity Id:60009283059713 water mark count is zero
09-28 17:52:48.912   818  1137 E C01406/skia: SurfaceNodeDrawable DrawCommSurfaceWatermark Name:WindowScene_zigzag37 Id:8933531976573 water mark count is zero
09-28 17:52:48.912   818  1137 E C01406/skia: SurfaceNodeDrawable DrawCommSurfaceWatermark Name:SCBGestureNavBar13 Id:8933531975827 water mark count is zero
09-28 17:52:48.912   818  1137 E C01406/skia: SurfaceNodeDrawable DrawCommSurfaceWatermark Name:SCBStatusBar15 Id:8933531975907 water mark count is zero
09-28 17:52:48.914   818  1137 E C02515/DISP: [0;32;31m[GetMetadata:109] <private> is not supported[m
09-28 17:52:48.914   818  1137 E C02515/DISP: [0;32;31m[SetMetadata:102] <private> is not supported[m
09-28 17:52:48.914   818  1137 E C02515/METADATA_SRV: [0;32;31m[SetMetadata:136]  fail[m
09-28 17:52:48.914   818  1137 E C01401/Bufferqueue: <surface_buffer_impl.cpp:714-SetMetadata>: SetMetadata Failed with -5
09-28 17:52:48.914   818  1137 E C01406/skia: RSUniRenderComposerAdapter::SetBufferColorSpace set color space fail
09-28 17:52:48.925 13972 14187 I C00f00/OH_DER_VSync: onOhVsync ENTRY ts=<private> data=<private>
09-28 17:52:48.925 13972 14185 I C00f00/OH_DER_VSync: scheduleVsync ENTRY receiverPtr=0x<private>
09-28 17:52:48.925 13972 14185 I C00f00/OH_DER_VSync: scheduleVsync calling RequestFrame ohVsync=<private>
09-28 17:52:48.925 13972 14185 I C00f00/OH_DER_VSync: scheduleVsync RequestFrame rc=<private>
09-28 17:52:48.927   818  1132 E C02515/DISP: [0;32;31m[SetMetadata:102] <private> is not supported[m
09-28 17:52:48.927   818  1132 E C02515/METADATA_SRV: [0;32;31m[SetMetadata:136]  fail[m
09-28 17:52:48.927   818  1132 E C01401/Bufferqueue: <surface_buffer_impl.cpp:714-SetMetadata>: SetMetadata Failed with -5
09-28 17:52:48.928   793  4141 E C02515/DISP: [0;32;31m[SetLayerMaskInfo@display_composer_vdi_impl.cpp:404] <private> is not supported[m
09-28 17:52:48.928   818  1228 E C02515/DISP: [0;32;31m[SetMetadata:102] <private> is not supported[m
09-28 17:52:48.928   818  1228 E C02515/METADATA_SRV: [0;32;31m[SetMetadata:136]  fail[m
09-28 17:52:48.928   818  1228 E C01401/Bufferqueue: <surface_buffer_impl.cpp:714-SetMetadata>: SetMetadata Failed with -5
09-28 17:52:48.929   793  4141 E C02515/DISP: [0;32;31m[SetDisplayClientDamage@display_composer_vdi_impl.cpp:179] <private> is not supported[m
09-28 17:52:48.942   818   818 E C02515/DISP: [0;32;31m[GetMetadata:109] <private> is not supported[m
09-28 17:52:48.942   818   818 E C02515/DISP: [0;32;31m[GetMetadata:109] <private> is not supported[m
09-28 17:52:48.942   818   818 E C02515/DISP: [0;32;31m[GetMetadata:109] <private> is not supported[m
09-28 17:52:48.942   818   818 E C01406/skia: RSBaseRenderUtil::DealWithSurfaceRotationAndGravity, GetSurfaceBufferOpaque:0
09-28 17:52:48.942   818   818 E C02515/DISP: [0;32;31m[GetMetadata:109] <private> is not supported[m
09-28 17:52:48.943   818   818 E C01406/skia: RSBaseRenderUtil::DealWithSurfaceRotationAndGravity, GetSurfaceBufferOpaque:0
09-28 17:52:48.943   818   818 E C02515/DISP: [0;32;31m[GetMetadata:109] <private> is not supported[m
09-28 17:52:48.943 13972 14187 I C00f00/OH_DER_VSync: onOhVsync ENTRY ts=<private> data=<private>
09-28 17:52:48.944 13972 14185 I C00f00/OH_DER_VSync: scheduleVsync ENTRY receiverPtr=0x<private>
09-28 17:52:48.944 13972 14185 I C00f00/OH_DER_VSync: scheduleVsync calling RequestFrame ohVsync=<private>
09-28 17:52:48.944   818  1137 E C02515/DISP: [0;32;31m[SetMetadata:102] <private> is not supported[m
09-28 17:52:48.944   818  1137 E C02515/METADATA_SRV: [0;32;31m[SetMetadata:136]  fail[m
09-28 17:52:48.944   818  1137 E C01401/Bufferqueue: <surface_buffer_impl.cpp:714-SetMetadata>: SetMetadata Failed with -5
09-28 17:52:48.944 13972 14185 I C00f00/OH_DER_VSync: scheduleVsync RequestFrame rc=<private>
09-28 17:52:48.944   818  1137 E C01406/skia: SurfaceNodeDrawable DrawCommSurfaceWatermark Name:BackgroundBlurView2 Id:8933531975688 water mark count is zero
09-28 17:52:48.944   818  1137 E C01406/skia: RSBaseRenderUtil::DealWithSurfaceRotationAndGravity, GetSurfaceBufferOpaque:0
09-28 17:52:48.944   818  1137 I C01406/WRAP: AHardwareBuffer_createFromHandle index = <private> handle = <private>, ahb = <private>
09-28 17:52:48.945   818  1137 E C01406/skia: SurfaceNodeDrawable DrawCommSurfaceWatermark Name:AdapterActivityContent Id:60009283059715 water mark count is zero
09-28 17:52:48.945   818  1137 E C01406/skia: RSBaseRenderUtil::DealWithSurfaceRotationAndGravity, GetSurfaceBufferOpaque:0
09-28 17:52:48.945   818  1137 I C01406/WRAP: AHardwareBuffer_createFromHandle index = <private> handle = <private>, ahb = <private>
09-28 17:52:48.945   818  1137 E C01406/skia: SurfaceNodeDrawable DrawCommSurfaceWatermark Name:AdapterSurfaceView Id:60009283059716 water mark count is zero
09-28 17:52:48.945   818  1137 E C01406/skia: SurfaceNodeDrawable DrawCommSurfaceWatermark Name:com.a2hlab.bridge.zigzag/com.unity3d.player.UnityPlayerActivity Id:60009283059713 water mark count is zero
09-28 17:52:48.945   818  1137 E C01406/skia: SurfaceNodeDrawable DrawCommSurfaceWatermark Name:WindowScene_zigzag37 Id:8933531976573 water mark count is zero
09-28 17:52:48.945   818  1137 E C01406/skia: SurfaceNodeDrawable DrawCommSurfaceWatermark Name:SCBGestureNavBar13 Id:8933531975827 water mark count is zero
09-28 17:52:48.945   818  1137 E C01406/skia: SurfaceNodeDrawable DrawCommSurfaceWatermark Name:SCBStatusBar15 Id:8933531975907 water mark count is zero
09-28 17:52:48.946  1048  1170 I C02d13/HDC_LOG: [daemon.cpp:1142] FetchCommand channelId:3716575539 command:1001
09-28 17:52:48.946  1048  1170 I C02d13/HDC_LOG: [session.cpp:1652] New HTaskInfo cid:3716575539 sid:213******641(L:10) command:1001
09-28 17:52:48.946  1048  1170 I C02d13/HDC_LOG: [session.cpp:891] AdminTask add task type:0 cid:3716575539 sid:213******641(L:10) mapsize:2
09-28 17:52:48.946  1048  1170 I C02d13/HDC_LOG: [task.cpp:34] HdcTaskBase type:0 cid:3716575539 sid:213******641(L:10)
09-28 17:52:48.946  1048  1170 I C02d13/HDC_LOG: [daemon_unity.cpp:414] Unity CommandDispatch command:1001 cid:3716575539 sid:213******641(L:10)
09-28 17:52:48.946  1048  1170 W C02d13/HDC_LOG: [async_cmd.cpp:114] GetDevItem false key:persist.hdc.root
09-28 17:52:48.946  1048 14696 I C02d13/HDC_LOG: [async_cmd.cpp:225] Popen pipe fds[pipeRead]:36 fds[pipeWrite]:37, mode 0
09-28 17:52:48.947   818  1137 E C02515/DISP: [0;32;31m[GetMetadata:109] <private> is not supported[m
09-28 17:52:48.947   818  1137 E C02515/DISP: [0;32;31m[SetMetadata:102] <private> is not supported[m
09-28 17:52:48.947   818  1137 E C02515/METADATA_SRV: [0;32;31m[SetMetadata:136]  fail[m
09-28 17:52:48.947   818  1137 E C01401/Bufferqueue: <surface_buffer_impl.cpp:714-SetMetadata>: SetMetadata Failed with -5
09-28 17:52:48.947   818  1137 E C01406/skia: RSUniRenderComposerAdapter::SetBufferColorSpace set color space fail
09-28 17:52:48.948  1048  1170 I C02d13/HDC_LOG: [async_cmd.cpp:291] ExecuteCommand cmd:param get const.product.os.dist.apiname fd:36 pid:14697
09-28 17:52:48.948  1048  1170 I C02d13/HDC_LOG: [daemon_unity.cpp:486] Unity CommandDispatch command:1001 finish cid:3716575539 sid:213******641(L:10)
09-28 17:52:48.949 14697 14697 W C02d13/HDC_LOG: [async_cmd.cpp:140] SetSelinuxLabel con:u:r:su:s0 isRoot:0
09-28 17:52:48.958 13972 14187 I C00f00/OH_DER_VSync: onOhVsync ENTRY ts=<private> data=<private>
09-28 17:52:48.959 13972 14185 I C00f00/OH_DER_VSync: scheduleVsync ENTRY receiverPtr=0x<private>
09-28 17:52:48.959 13972 14185 I C00f00/OH_DER_VSync: scheduleVsync calling RequestFrame ohVsync=<private>
09-28 17:52:48.959 13972 14185 I C00f00/OH_DER_VSync: scheduleVsync RequestFrame rc=<private>
09-28 17:52:48.960   818  1132 E C02515/DISP: [0;32;31m[SetMetadata:102] <private> is not supported[m
09-28 17:52:48.960   818  1132 E C02515/METADATA_SRV: [0;32;31m[SetMetadata:136]  fail[m
09-28 17:52:48.960   818  1132 E C01401/Bufferqueue: <surface_buffer_impl.cpp:714-SetMetadata>: SetMetadata Failed with -5
09-28 17:52:48.962   793  4141 E C02515/DISP: [0;32;31m[SetLayerMaskInfo@display_composer_vdi_impl.cpp:404] <private> is not supported[m
09-28 17:52:48.962   818  1228 E C02515/DISP: [0;32;31m[SetMetadata:102] <private> is not supported[m
09-28 17:52:48.962   818  1228 E C02515/METADATA_SRV: [0;32;31m[SetMetadata:136]  fail[m
09-28 17:52:48.962   818  1228 E C01401/Bufferqueue: <surface_buffer_impl.cpp:714-SetMetadata>: SetMetadata Failed with -5
09-28 17:52:48.963   793  4141 E C02515/DISP: [0;32;31m[SetDisplayClientDamage@display_composer_vdi_impl.cpp:179] <private> is not supported[m
09-28 17:52:48.968   861 13631 I C015b0/NetsysNativeService: GetTotalStats callingUid:1099
09-28 17:52:48.968   861 13631 E C015b0/NetSysBpf: syscall failed, ret:-1, cmd:4, errno: 2
09-28 17:52:48.968   861 13608 I C015b0/NetsysNativeService: GetTotalStats callingUid:1099
09-28 17:52:48.969   861 13608 E C015b0/NetSysBpf: syscall failed, ret:-1, cmd:4, errno: 2
09-28 17:52:48.975 13972 14187 I C00f00/OH_DER_VSync: onOhVsync ENTRY ts=<private> data=<private>
09-28 17:52:48.975   818   818 E C02515/DISP: [0;32;31m[GetMetadata:109] <private> is not supported[m
09-28 17:52:48.975 13972 14185 I C00f00/OH_DER_VSync: scheduleVsync ENTRY receiverPtr=0x<private>
09-28 17:52:48.975 13972 14185 I C00f00/OH_DER_VSync: scheduleVsync calling RequestFrame ohVsync=<private>
09-28 17:52:48.975 13972 14185 I C00f00/OH_DER_VSync: scheduleVsync RequestFrame rc=<private>
09-28 17:52:48.975   818   818 E C02515/DISP: [0;32;31m[GetMetadata:109] <private> is not supported[m
09-28 17:52:48.976   818   818 E C02515/DISP: [0;32;31m[GetMetadata:109] <private> is not supported[m
09-28 17:52:48.977   818   818 E C01406/skia: RSBaseRenderUtil::DealWithSurfaceRotationAndGravity, GetSurfaceBufferOpaque:0
09-28 17:52:48.977   818   818 E C02515/DISP: [0;32;31m[GetMetadata:109] <private> is not supported[m
09-28 17:52:48.977   818   818 E C01406/skia: RSBaseRenderUtil::DealWithSurfaceRotationAndGravity, GetSurfaceBufferOpaque:0
09-28 17:52:48.977   818   818 E C02515/DISP: [0;32;31m[GetMetadata:109] <private> is not supported[m
09-28 17:52:48.979   818  1137 E C02515/DISP: [0;32;31m[SetMetadata:102] <private> is not supported[m
09-28 17:52:48.979   818  1137 E C02515/METADATA_SRV: [0;32;31m[SetMetadata:136]  fail[m
09-28 17:52:48.979   818  1137 E C01401/Bufferqueue: <surface_buffer_impl.cpp:714-SetMetadata>: SetMetadata Failed with -5
09-28 17:52:48.979   818  1137 E C01406/skia: SurfaceNodeDrawable DrawCommSurfaceWatermark Name:BackgroundBlurView2 Id:8933531975688 water mark count is zero
09-28 17:52:48.979   818  1137 E C01406/skia: RSBaseRenderUtil::DealWithSurfaceRotationAndGravity, GetSurfaceBufferOpaque:0
09-28 17:52:48.980   818  1137 I C01406/WRAP: AHardwareBuffer_createFromHandle index = <private> handle = <private>, ahb = <private>
09-28 17:52:48.980   818  1137 E C01406/skia: SurfaceNodeDrawable DrawCommSurfaceWatermark Name:AdapterActivityContent Id:60009283059715 water mark count is zero
09-28 17:52:48.980   818  1137 E C01406/skia: RSBaseRenderUtil::DealWithSurfaceRotationAndGravity, GetSurfaceBufferOpaque:0
09-28 17:52:48.980   818  1137 I C01406/WRAP: AHardwareBuffer_createFromHandle index = <private> handle = <private>, ahb = <private>
09-28 17:52:48.980   818  1137 E C01406/skia: SurfaceNodeDrawable DrawCommSurfaceWatermark Name:AdapterSurfaceView Id:60009283059716 water mark count is zero
09-28 17:52:48.980   818  1137 E C01406/skia: SurfaceNodeDrawable DrawCommSurfaceWatermark Name:com.a2hlab.bridge.zigzag/com.unity3d.player.UnityPlayerActivity Id:60009283059713 water mark count is zero
09-28 17:52:48.980   818  1137 E C01406/skia: SurfaceNodeDrawable DrawCommSurfaceWatermark Name:WindowScene_zigzag37 Id:8933531976573 water mark count is zero
09-28 17:52:48.981   818  1137 E C01406/skia: SurfaceNodeDrawable DrawCommSurfaceWatermark Name:SCBGestureNavBar13 Id:8933531975827 water mark count is zero
09-28 17:52:48.981   818  1137 E C01406/skia: SurfaceNodeDrawable DrawCommSurfaceWatermark Name:SCBStatusBar15 Id:8933531975907 water mark count is zero
09-28 17:52:48.982   818  1137 E C02515/DISP: [0;32;31m[GetMetadata:109] <private> is not supported[m
09-28 17:52:48.982   818  1137 E C02515/DISP: [0;32;31m[SetMetadata:102] <private> is not supported[m
09-28 17:52:48.982   818  1137 E C02515/METADATA_SRV: [0;32;31m[SetMetadata:136]  fail[m
09-28 17:52:48.982   818  1137 E C01401/Bufferqueue: <surface_buffer_impl.cpp:714-SetMetadata>: SetMetadata Failed with -5
09-28 17:52:48.982   818  1137 E C01406/skia: RSUniRenderComposerAdapter::SetBufferColorSpace set color space fail
09-28 17:52:48.988  1048 14698 I C02d13/HDC_LOG: [async_cmd.cpp:88] FinishShellProc finish pipeRead fd:36 pid:14697 count:1
09-28 17:52:48.988  1048 14698 I C02d13/HDC_LOG: [task.cpp:55] HdcTaskBase::TaskFinish notify begin type:0 cid:3716575539 sid:213******641(L:10)
09-28 17:52:48.989  1048 14698 I C02d13/HDC_LOG: [task.cpp:58] HdcTaskBase::TaskFinish notify end type:0 cid:3716575539 sid:213******641(L:10)
09-28 17:52:48.992  1048  1170 I C02d13/HDC_LOG: [daemon.cpp:1142] FetchCommand channelId:3716575539 command:2
09-28 17:52:48.992  1048  1170 W C02d13/HDC_LOG: [session.cpp:160] BeginRemoveTask taskType:0 channelId:3716575539
09-28 17:52:48.992  1048  1170 W C02d13/HDC_LOG: [session.cpp:190] ClearOwnTasks OP_CLEAR finish, sessionId:213******641(L:10) channelIDInput:3716575539
09-28 17:52:48.992  1048  1170 W C02d13/HDC_LOG: [session.cpp:115] taskClassDeleteRetry start clear task, taskType:0 cid:3716575539 sid:213******641(L:10)
09-28 17:52:48.992  1048  1170 I C02d13/HDC_LOG: [async_cmd.cpp:69] DoRelease rc:-3 pid:14697
09-28 17:52:48.992  1048  1170 I C02d13/HDC_LOG: [session.cpp:126] TaskDelay task remove retry count 0/30, taskType:0 channelId:3716575539, sessionId:213******641(L:10)
09-28 17:52:48.992  1048  1170 I C02d13/HDC_LOG: [daemon_unity.cpp:31] ~HdcDaemonUnity cid:3716575539 sid:213******641(L:10)
09-28 17:52:48.992  1048  1170 I C02d13/HDC_LOG: [task.cpp:40] ~HdcTaskBase type:0 cid:3716575539 sid:213******641(L:10)
09-28 17:52:48.992  1048  1170 W C02d13/HDC_LOG: [session.cpp:134] TaskDelay task remove finish, channelId:3716575539
09-28 17:52:48.992 13972 14187 I C00f00/OH_DER_VSync: onOhVsync ENTRY ts=<private> data=<private>
09-28 17:52:48.992  1048  1170 I C02d13/HDC_LOG: [base.cpp:969] before uv handle close, the uv handle type is 13
09-28 17:52:48.992 13972 14185 I C00f00/OH_DER_VSync: scheduleVsync ENTRY receiverPtr=0x<private>
09-28 17:52:48.992 13972 14185 I C00f00/OH_DER_VSync: scheduleVsync calling RequestFrame ohVsync=<private>
09-28 17:52:48.992 13972 14185 I C00f00/OH_DER_VSync: scheduleVsync RequestFrame rc=<private>
09-28 17:52:48.994   818  1132 E C02515/DISP: [0;32;31m[SetMetadata:102] <private> is not supported[m
09-28 17:52:48.994   818  1132 E C02515/METADATA_SRV: [0;32;31m[SetMetadata:136]  fail[m
09-28 17:52:48.994   818  1132 E C01401/Bufferqueue: <surface_buffer_impl.cpp:714-SetMetadata>: SetMetadata Failed with -5
09-28 17:52:48.995   793  4141 E C02515/DISP: [0;32;31m[SetLayerMaskInfo@display_composer_vdi_impl.cpp:404] <private> is not supported[m
09-28 17:52:48.995   818  1228 E C02515/DISP: [0;32;31m[SetMetadata:102] <private> is not supported[m
09-28 17:52:48.995   818  1228 E C02515/METADATA_SRV: [0;32;31m[SetMetadata:136]  fail[m
09-28 17:52:48.995   818  1228 E C01401/Bufferqueue: <surface_buffer_impl.cpp:714-SetMetadata>: SetMetadata Failed with -5
09-28 17:52:48.996   793  4141 E C02515/DISP: [0;32;31m[SetDisplayClientDamage@display_composer_vdi_impl.cpp:179] <private> is not supported[m
09-28 17:52:48.996  1048  1170 I C02d13/HDC_LOG: [daemon.cpp:1142] FetchCommand channelId:3716575539 command:2
09-28 17:52:49.008 13972 14187 I C00f00/OH_DER_VSync: onOhVsync ENTRY ts=<private> data=<private>
09-28 17:52:49.009   818   818 E C02515/DISP: [0;32;31m[GetMetadata:109] <private> is not supported[m
09-28 17:52:49.009 13972 14185 I C00f00/OH_DER_VSync: scheduleVsync ENTRY receiverPtr=0x<private>
09-28 17:52:49.009 13972 14185 I C00f00/OH_DER_VSync: scheduleVsync calling RequestFrame ohVsync=<private>
09-28 17:52:49.009   818   818 E C02515/DISP: [0;32;31m[GetMetadata:109] <private> is not supported[m
09-28 17:52:49.009 13972 14185 I C00f00/OH_DER_VSync: scheduleVsync RequestFrame rc=<private>
09-28 17:52:49.009   818   818 E C02515/DISP: [0;32;31m[GetMetadata:109] <private> is not supported[m
09-28 17:52:49.010   818   818 E C01406/skia: RSBaseRenderUtil::DealWithSurfaceRotationAndGravity, GetSurfaceBufferOpaque:0
09-28 17:52:49.010   818   818 E C02515/DISP: [0;32;31m[GetMetadata:109] <private> is not supported[m
09-28 17:52:49.010   818   818 E C01406/skia: RSBaseRenderUtil::DealWithSurfaceRotationAndGravity, GetSurfaceBufferOpaque:0
09-28 17:52:49.010   818   818 E C02515/DISP: [0;32;31m[GetMetadata:109] <private> is not supported[m
09-28 17:52:49.012   818  1137 E C02515/DISP: [0;32;31m[SetMetadata:102] <private> is not supported[m
09-28 17:52:49.012   818  1137 E C02515/METADATA_SRV: [0;32;31m[SetMetadata:136]  fail[m
09-28 17:52:49.012   818  1137 E C01401/Bufferqueue: <surface_buffer_impl.cpp:714-SetMetadata>: SetMetadata Failed with -5
09-28 17:52:49.012   818  1137 E C01406/skia: SurfaceNodeDrawable DrawCommSurfaceWatermark Name:BackgroundBlurView2 Id:8933531975688 water mark count is zero
09-28 17:52:49.013   818  1137 E C01406/skia: RSBaseRenderUtil::DealWithSurfaceRotationAndGravity, GetSurfaceBufferOpaque:0
09-28 17:52:49.013   818  1137 I C01406/WRAP: AHardwareBuffer_createFromHandle index = <private> handle = <private>, ahb = <private>
09-28 17:52:49.013   818  1137 E C01406/skia: SurfaceNodeDrawable DrawCommSurfaceWatermark Name:AdapterActivityContent Id:60009283059715 water mark count is zero
09-28 17:52:49.013   818  1137 E C01406/skia: RSBaseRenderUtil::DealWithSurfaceRotationAndGravity, GetSurfaceBufferOpaque:0
09-28 17:52:49.013   818  1137 I C01406/WRAP: AHardwareBuffer_createFromHandle index = <private> handle = <private>, ahb = <private>
09-28 17:52:49.013   818  1137 E C01406/skia: SurfaceNodeDrawable DrawCommSurfaceWatermark Name:AdapterSurfaceView Id:60009283059716 water mark count is zero
09-28 17:52:49.013   818  1137 E C01406/skia: SurfaceNodeDrawable DrawCommSurfaceWatermark Name:com.a2hlab.bridge.zigzag/com.unity3d.player.UnityPlayerActivity Id:60009283059713 water mark count is zero
09-28 17:52:49.013   818  1137 E C01406/skia: SurfaceNodeDrawable DrawCommSurfaceWatermark Name:WindowScene_zigzag37 Id:8933531976573 water mark count is zero
09-28 17:52:49.014   818  1137 E C01406/skia: SurfaceNodeDrawable DrawCommSurfaceWatermark Name:SCBGestureNavBar13 Id:8933531975827 water mark count is zero
09-28 17:52:49.014   818  1137 E C01406/skia: SurfaceNodeDrawable DrawCommSurfaceWatermark Name:SCBStatusBar15 Id:8933531975907 water mark count is zero
09-28 17:52:49.015   818  1137 E C02515/DISP: [0;32;31m[GetMetadata:109] <private> is not supported[m
09-28 17:52:49.015   818  1137 E C02515/DISP: [0;32;31m[SetMetadata:102] <private> is not supported[m
09-28 17:52:49.015   818  1137 E C02515/METADATA_SRV: [0;32;31m[SetMetadata:136]  fail[m
09-28 17:52:49.015   818  1137 E C01401/Bufferqueue: <surface_buffer_impl.cpp:714-SetMetadata>: SetMetadata Failed with -5
09-28 17:52:49.015   818  1137 E C01406/skia: RSUniRenderComposerAdapter::SetBufferColorSpace set color space fail
09-28 17:52:49.025 13972 14187 I C00f00/OH_DER_VSync: onOhVsync ENTRY ts=<private> data=<private>
09-28 17:52:49.025 13972 14185 I C00f00/OH_DER_VSync: scheduleVsync ENTRY receiverPtr=0x<private>
09-28 17:52:49.025 13972 14185 I C00f00/OH_DER_VSync: scheduleVsync calling RequestFrame ohVsync=<private>
09-28 17:52:49.026 13972 14185 I C00f00/OH_DER_VSync: scheduleVsync RequestFrame rc=<private>
09-28 17:52:49.027   818  1132 E C02515/DISP: [0;32;31m[SetMetadata:102] <private> is not supported[m
09-28 17:52:49.027   818  1132 E C02515/METADATA_SRV: [0;32;31m[SetMetadata:136]  fail[m
09-28 17:52:49.027   818  1132 E C01401/Bufferqueue: <surface_buffer_impl.cpp:714-SetMetadata>: SetMetadata Failed with -5
09-28 17:52:49.028   793  4141 E C02515/DISP: [0;32;31m[SetLayerMaskInfo@display_composer_vdi_impl.cpp:404] <private> is not supported[m
09-28 17:52:49.028   818  1228 E C02515/DISP: [0;32;31m[SetMetadata:102] <private> is not supported[m
09-28 17:52:49.028   818  1228 E C02515/METADATA_SRV: [0;32;31m[SetMetadata:136]  fail[m
09-28 17:52:49.028   818  1228 E C01401/Bufferqueue: <surface_buffer_impl.cpp:714-SetMetadata>: SetMetadata Failed with -5
09-28 17:52:49.029   793  4141 E C02515/DISP: [0;32;31m[SetDisplayClientDamage@display_composer_vdi_impl.cpp:179] <private> is not supported[m
09-28 17:52:49.042 13972 14187 I C00f00/OH_DER_VSync: onOhVsync ENTRY ts=<private> data=<private>
09-28 17:52:49.042 13972 14185 I C00f00/OH_DER_VSync: scheduleVsync ENTRY receiverPtr=0x<private>
09-28 17:52:49.042   818   818 E C02515/DISP: [0;32;31m[GetMetadata:109] <private> is not supported[m
09-28 17:52:49.042 13972 14185 I C00f00/OH_DER_VSync: scheduleVsync calling RequestFrame ohVsync=<private>
09-28 17:52:49.042 13972 14185 I C00f00/OH_DER_VSync: scheduleVsync RequestFrame rc=<private>
09-28 17:52:49.042   818   818 E C02515/DISP: [0;32;31m[GetMetadata:109] <private> is not supported[m
09-28 17:52:49.042   818   818 E C02515/DISP: [0;32;31m[GetMetadata:109] <private> is not supported[m
09-28 17:52:49.043   818   818 E C01406/skia: RSBaseRenderUtil::DealWithSurfaceRotationAndGravity, GetSurfaceBufferOpaque:0
09-28 17:52:49.043   818   818 E C02515/DISP: [0;32;31m[GetMetadata:109] <private> is not supported[m
09-28 17:52:49.043   818   818 E C01406/skia: RSBaseRenderUtil::DealWithSurfaceRotationAndGravity, GetSurfaceBufferOpaque:0
09-28 17:52:49.044   818   818 E C02515/DISP: [0;32;31m[GetMetadata:109] <private> is not supported[m
09-28 17:52:49.046   818  1137 E C02515/DISP: [0;32;31m[SetMetadata:102] <private> is not supported[m
09-28 17:52:49.046   818  1137 E C02515/METADATA_SRV: [0;32;31m[SetMetadata:136]  fail[m
09-28 17:52:49.046   818  1137 E C01401/Bufferqueue: <surface_buffer_impl.cpp:714-SetMetadata>: SetMetadata Failed with -5
09-28 17:52:49.046   818  1137 E C01406/skia: SurfaceNodeDrawable DrawCommSurfaceWatermark Name:BackgroundBlurView2 Id:8933531975688 water mark count is zero
09-28 17:52:49.047   818  1137 E C01406/skia: RSBaseRenderUtil::DealWithSurfaceRotationAndGravity, GetSurfaceBufferOpaque:0
09-28 17:52:49.047   818  1137 I C01406/WRAP: AHardwareBuffer_createFromHandle index = <private> handle = <private>, ahb = <private>
09-28 17:52:49.047   818  1137 E C01406/skia: SurfaceNodeDrawable DrawCommSurfaceWatermark Name:AdapterActivityContent Id:60009283059715 water mark count is zero
09-28 17:52:49.047   818  1137 E C01406/skia: RSBaseRenderUtil::DealWithSurfaceRotationAndGravity, GetSurfaceBufferOpaque:0
09-28 17:52:49.048   818  1137 I C01406/WRAP: AHardwareBuffer_createFromHandle index = <private> handle = <private>, ahb = <private>
09-28 17:52:49.048   818  1137 E C01406/skia: SurfaceNodeDrawable DrawCommSurfaceWatermark Name:AdapterSurfaceView Id:60009283059716 water mark count is zero
09-28 17:52:49.048   818  1137 E C01406/skia: SurfaceNodeDrawable DrawCommSurfaceWatermark Name:com.a2hlab.bridge.zigzag/com.unity3d.player.UnityPlayerActivity Id:60009283059713 water mark count is zero
09-28 17:52:49.048   818  1137 E C01406/skia: SurfaceNodeDrawable DrawCommSurfaceWatermark Name:WindowScene_zigzag37 Id:8933531976573 water mark count is zero
09-28 17:52:49.049   818  1137 E C01406/skia: SurfaceNodeDrawable DrawCommSurfaceWatermark Name:SCBGestureNavBar13 Id:8933531975827 water mark count is zero
09-28 17:52:49.049   818  1137 E C01406/skia: SurfaceNodeDrawable DrawCommSurfaceWatermark Name:SCBStatusBar15 Id:8933531975907 water mark count is zero
09-28 17:52:49.051   818  1137 E C02515/DISP: [0;32;31m[GetMetadata:109] <private> is not supported[m
09-28 17:52:49.052   818  1137 E C02515/DISP: [0;32;31m[SetMetadata:102] <private> is not supported[m
09-28 17:52:49.052   818  1137 E C02515/METADATA_SRV: [0;32;31m[SetMetadata:136]  fail[m
09-28 17:52:49.052   818  1137 E C01401/Bufferqueue: <surface_buffer_impl.cpp:714-SetMetadata>: SetMetadata Failed with -5
09-28 17:52:49.052   818  1137 E C01406/skia: RSUniRenderComposerAdapter::SetBufferColorSpace set color space fail
09-28 17:52:49.058 13972 14187 I C00f00/OH_DER_VSync: onOhVsync ENTRY ts=<private> data=<private>
09-28 17:52:49.059 13972 14185 I C00f00/OH_DER_VSync: scheduleVsync ENTRY receiverPtr=0x<private>
09-28 17:52:49.059 13972 14185 I C00f00/OH_DER_VSync: scheduleVsync calling RequestFrame ohVsync=<private>
09-28 17:52:49.059 13972 14185 I C00f00/OH_DER_VSync: scheduleVsync RequestFrame rc=<private>
09-28 17:52:49.060   818  1132 E C02515/DISP: [0;32;31m[SetMetadata:102] <private> is not supported[m
09-28 17:52:49.060   818  1132 E C02515/METADATA_SRV: [0;32;31m[SetMetadata:136]  fail[m
09-28 17:52:49.060   818  1132 E C01401/Bufferqueue: <surface_buffer_impl.cpp:714-SetMetadata>: SetMetadata Failed with -5
09-28 17:52:49.061   793  4141 E C02515/DISP: [0;32;31m[SetLayerMaskInfo@display_composer_vdi_impl.cpp:404] <private> is not supported[m
09-28 17:52:49.061   818  1228 E C02515/DISP: [0;32;31m[SetMetadata:102] <private> is not supported[m
09-28 17:52:49.061   818  1228 E C02515/METADATA_SRV: [0;32;31m[SetMetadata:136]  fail[m
09-28 17:52:49.061   818  1228 E C01401/Bufferqueue: <surface_buffer_impl.cpp:714-SetMetadata>: SetMetadata Failed with -5
09-28 17:52:49.062   793  4141 E C02515/DISP: [0;32;31m[SetDisplayClientDamage@display_composer_vdi_impl.cpp:179] <private> is not supported[m
09-28 17:52:49.075 13972 14187 I C00f00/OH_DER_VSync: onOhVsync ENTRY ts=<private> data=<private>
09-28 17:52:49.075   818   818 E C02515/DISP: [0;32;31m[GetMetadata:109] <private> is not supported[m
09-28 17:52:49.075   818   818 E C02515/DISP: [0;32;31m[GetMetadata:109] <private> is not supported[m
09-28 17:52:49.075 13972 14185 I C00f00/OH_DER_VSync: scheduleVsync ENTRY receiverPtr=0x<private>
09-28 17:52:49.075   818   818 E C02515/DISP: [0;32;31m[GetMetadata:109] <private> is not supported[m
09-28 17:52:49.075 13972 14185 I C00f00/OH_DER_VSync: scheduleVsync calling RequestFrame ohVsync=<private>
09-28 17:52:49.075 13972 14185 I C00f00/OH_DER_VSync: scheduleVsync RequestFrame rc=<private>
09-28 17:52:49.076  1048  1170 I C02d13/HDC_LOG: [daemon.cpp:1142] FetchCommand channelId:2763879467 command:1001
09-28 17:52:49.076   818   818 E C01406/skia: RSBaseRenderUtil::DealWithSurfaceRotationAndGravity, GetSurfaceBufferOpaque:0
09-28 17:52:49.076   818   818 E C02515/DISP: [0;32;31m[GetMetadata:109] <private> is not supported[m
09-28 17:52:49.076  1048  1170 I C02d13/HDC_LOG: [session.cpp:1652] New HTaskInfo cid:2763879467 sid:213******641(L:10) command:1001
09-28 17:52:49.076   818   818 E C01406/skia: RSBaseRenderUtil::DealWithSurfaceRotationAndGravity, GetSurfaceBufferOpaque:0
09-28 17:52:49.076  1048  1170 I C02d13/HDC_LOG: [session.cpp:891] AdminTask add task type:0 cid:2763879467 sid:213******641(L:10) mapsize:2
09-28 17:52:49.076  1048  1170 I C02d13/HDC_LOG: [task.cpp:34] HdcTaskBase type:0 cid:2763879467 sid:213******641(L:10)
09-28 17:52:49.076   818   818 E C02515/DISP: [0;32;31m[GetMetadata:109] <private> is not supported[m
09-28 17:52:49.076  1048  1170 I C02d13/HDC_LOG: [daemon_unity.cpp:414] Unity CommandDispatch command:1001 cid:2763879467 sid:213******641(L:10)
09-28 17:52:49.076  1048  1170 W C02d13/HDC_LOG: [async_cmd.cpp:114] GetDevItem false key:persist.hdc.root
09-28 17:52:49.077  1048 14699 I C02d13/HDC_LOG: [async_cmd.cpp:225] Popen pipe fds[pipeRead]:36 fds[pipeWrite]:37, mode 0
09-28 17:52:49.077   818  1137 E C02515/DISP: [0;32;31m[SetMetadata:102] <private> is not supported[m
09-28 17:52:49.077   818  1137 E C02515/METADATA_SRV: [0;32;31m[SetMetadata:136]  fail[m
09-28 17:52:49.077   818  1137 E C01401/Bufferqueue: <surface_buffer_impl.cpp:714-SetMetadata>: SetMetadata Failed with -5
09-28 17:52:49.078   818  1137 E C01406/skia: SurfaceNodeDrawable DrawCommSurfaceWatermark Name:BackgroundBlurView2 Id:8933531975688 water mark count is zero
09-28 17:52:49.078   818  1137 E C01406/skia: RSBaseRenderUtil::DealWithSurfaceRotationAndGravity, GetSurfaceBufferOpaque:0
09-28 17:52:49.079   818  1137 I C01406/WRAP: AHardwareBuffer_createFromHandle index = <private> handle = <private>, ahb = <private>
09-28 17:52:49.079   818  1137 E C01406/skia: SurfaceNodeDrawable DrawCommSurfaceWatermark Name:AdapterActivityContent Id:60009283059715 water mark count is zero
09-28 17:52:49.079   818  1137 E C01406/skia: RSBaseRenderUtil::DealWithSurfaceRotationAndGravity, GetSurfaceBufferOpaque:0
09-28 17:52:49.080   818  1137 I C01406/WRAP: AHardwareBuffer_createFromHandle index = <private> handle = <private>, ahb = <private>
09-28 17:52:49.080   818  1137 E C01406/skia: SurfaceNodeDrawable DrawCommSurfaceWatermark Name:AdapterSurfaceView Id:60009283059716 water mark count is zero
09-28 17:52:49.080   818  1137 E C01406/skia: SurfaceNodeDrawable DrawCommSurfaceWatermark Name:com.a2hlab.bridge.zigzag/com.unity3d.player.UnityPlayerActivity Id:60009283059713 water mark count is zero
09-28 17:52:49.080   818  1137 E C01406/skia: SurfaceNodeDrawable DrawCommSurfaceWatermark Name:WindowScene_zigzag37 Id:8933531976573 water mark count is zero
09-28 17:52:49.080  1048  1170 I C02d13/HDC_LOG: [async_cmd.cpp:291] ExecuteCommand cmd:param get const.product.os.dist.apiname fd:36 pid:14700
09-28 17:52:49.080 14700 14700 W C02d13/HDC_LOG: [async_cmd.cpp:140] SetSelinuxLabel con:u:r:su:s0 isRoot:0
09-28 17:52:49.081  1048  1170 I C02d13/HDC_LOG: [daemon_unity.cpp:486] Unity CommandDispatch command:1001 finish cid:2763879467 sid:213******641(L:10)
09-28 17:52:49.081  1780  2010 I C01560/StaStateMachine: SignalPoll,bssid:a2:34:**:**:**:ad,ssid:bri*******ver,networkId:0,band:2,freq:5745,rssi:-63,noise:0,chload:0,snr:0,ulDelay:0,txLinkSpeed:2925,rxLinkSpeed:60,txBytes:78906,rxBytes:111734,txFailed:0,txPackets:357,rxPackets:395,wifiCategory:1, wifiLinkType:0,GetWifiStandard:1,rxmax:54,txmax:54,connState:4,detState:10,lastSignal:4,chloadSelf:0,c0Rssi:0,c1Rssi:0
09-28 17:52:49.081  1780  2010 E C01560/WifiServiceManager: WifiServiceManager, Enhance handle is null
09-28 17:52:49.081  1780  2010 E C01560/WifiHiSysEvent: EnhanceWriteEventIpc: pEnhanceService is null
09-28 17:52:49.081   818  1137 E C01406/skia: SurfaceNodeDrawable DrawCommSurfaceWatermark Name:SCBGestureNavBar13 Id:8933531975827 water mark count is zero
09-28 17:52:49.081  1780  1808 E C01560/WifiServiceManager: WifiServiceManager, Enhance handle is null
09-28 17:52:49.081  1780  1808 I C01560/Perf5gHandoverService: Enter ActiveScan, rssi: -63, scanStyle: 0
09-28 17:52:49.081   818  1137 E C01406/skia: SurfaceNodeDrawable DrawCommSurfaceWatermark Name:SCBStatusBar15 Id:8933531975907 water mark count is zero
09-28 17:52:49.084   818  1137 E C02515/DISP: [0;32;31m[GetMetadata:109] <private> is not supported[m
09-28 17:52:49.084   818  1137 E C02515/DISP: [0;32;31m[SetMetadata:102] <private> is not supported[m
09-28 17:52:49.084   818  1137 E C02515/METADATA_SRV: [0;32;31m[SetMetadata:136]  fail[m
09-28 17:52:49.084   818  1137 E C01401/Bufferqueue: <surface_buffer_impl.cpp:714-SetMetadata>: SetMetadata Failed with -5
09-28 17:52:49.084   818  1137 E C01406/skia: RSUniRenderComposerAdapter::SetBufferColorSpace set color space fail
09-28 17:52:49.092 13972 14187 I C00f00/OH_DER_VSync: onOhVsync ENTRY ts=<private> data=<private>
09-28 17:52:49.092 13972 14185 I C00f00/OH_DER_VSync: scheduleVsync ENTRY receiverPtr=0x<private>
09-28 17:52:49.092 13972 14185 I C00f00/OH_DER_VSync: scheduleVsync calling RequestFrame ohVsync=<private>
09-28 17:52:49.092 13972 14185 I C00f00/OH_DER_VSync: scheduleVsync RequestFrame rc=<private>
09-28 17:52:49.094   818  1132 E C02515/DISP: [0;32;31m[SetMetadata:102] <private> is not supported[m
09-28 17:52:49.094   818  1132 E C02515/METADATA_SRV: [0;32;31m[SetMetadata:136]  fail[m
09-28 17:52:49.094   818  1132 E C01401/Bufferqueue: <surface_buffer_impl.cpp:714-SetMetadata>: SetMetadata Failed with -5
09-28 17:52:49.095   793  4141 E C02515/DISP: [0;32;31m[SetLayerMaskInfo@display_composer_vdi_impl.cpp:404] <private> is not supported[m
09-28 17:52:49.095   818  1228 E C02515/DISP: [0;32;31m[SetMetadata:102] <private> is not supported[m
09-28 17:52:49.095   818  1228 E C02515/METADATA_SRV: [0;32;31m[SetMetadata:136]  fail[m
09-28 17:52:49.095   818  1228 E C01401/Bufferqueue: <surface_buffer_impl.cpp:714-SetMetadata>: SetMetadata Failed with -5
09-28 17:52:49.096   793  4141 E C02515/DISP: [0;32;31m[SetDisplayClientDamage@display_composer_vdi_impl.cpp:179] <private> is not supported[m
09-28 17:52:49.102  1048 14701 I C02d13/HDC_LOG: [async_cmd.cpp:88] FinishShellProc finish pipeRead fd:36 pid:14700 count:1
09-28 17:52:49.102  1048 14701 I C02d13/HDC_LOG: [task.cpp:55] HdcTaskBase::TaskFinish notify begin type:0 cid:2763879467 sid:213******641(L:10)
09-28 17:52:49.102  1048 14701 I C02d13/HDC_LOG: [task.cpp:58] HdcTaskBase::TaskFinish notify end type:0 cid:2763879467 sid:213******641(L:10)
09-28 17:52:49.105  1048  1170 I C02d13/HDC_LOG: [daemon.cpp:1142] FetchCommand channelId:2763879467 command:2
09-28 17:52:49.105  1048  1170 W C02d13/HDC_LOG: [session.cpp:160] BeginRemoveTask taskType:0 channelId:2763879467
09-28 17:52:49.105  1048  1170 W C02d13/HDC_LOG: [session.cpp:190] ClearOwnTasks OP_CLEAR finish, sessionId:213******641(L:10) channelIDInput:2763879467
09-28 17:52:49.105  1048  1170 W C02d13/HDC_LOG: [session.cpp:115] taskClassDeleteRetry start clear task, taskType:0 cid:2763879467 sid:213******641(L:10)
09-28 17:52:49.105  1048  1170 I C02d13/HDC_LOG: [async_cmd.cpp:69] DoRelease rc:-3 pid:14700
09-28 17:52:49.105  1048  1170 I C02d13/HDC_LOG: [session.cpp:126] TaskDelay task remove retry count 0/30, taskType:0 channelId:2763879467, sessionId:213******641(L:10)
09-28 17:52:49.105  1048  1170 I C02d13/HDC_LOG: [daemon_unity.cpp:31] ~HdcDaemonUnity cid:2763879467 sid:213******641(L:10)
09-28 17:52:49.106  1048  1170 I C02d13/HDC_LOG: [task.cpp:40] ~HdcTaskBase type:0 cid:2763879467 sid:213******641(L:10)
09-28 17:52:49.106  1048  1170 W C02d13/HDC_LOG: [session.cpp:134] TaskDelay task remove finish, channelId:2763879467
09-28 17:52:49.106  1048  1170 I C02d13/HDC_LOG: [base.cpp:969] before uv handle close, the uv handle type is 13
09-28 17:52:49.108 13972 14187 I C00f00/OH_DER_VSync: onOhVsync ENTRY ts=<private> data=<private>
09-28 17:52:49.109   818   818 E C02515/DISP: [0;32;31m[GetMetadata:109] <private> is not supported[m
09-28 17:52:49.109   818   818 E C02515/DISP: [0;32;31m[GetMetadata:109] <private> is not supported[m
09-28 17:52:49.109   818   818 E C02515/DISP: [0;32;31m[GetMetadata:109] <private> is not supported[m
09-28 17:52:49.109 13972 14185 I C00f00/OH_DER_VSync: scheduleVsync ENTRY receiverPtr=0x<private>
09-28 17:52:49.109 13972 14185 I C00f00/OH_DER_VSync: scheduleVsync calling RequestFrame ohVsync=<private>
09-28 17:52:49.109 13972 14185 I C00f00/OH_DER_VSync: scheduleVsync RequestFrame rc=<private>
09-28 17:52:49.109   818   818 E C01406/skia: RSBaseRenderUtil::DealWithSurfaceRotationAndGravity, GetSurfaceBufferOpaque:0
09-28 17:52:49.109   818   818 E C02515/DISP: [0;32;31m[GetMetadata:109] <private> is not supported[m
09-28 17:52:49.109   818   818 E C01406/skia: RSBaseRenderUtil::DealWithSurfaceRotationAndGravity, GetSurfaceBufferOpaque:0
09-28 17:52:49.109   818   818 E C02515/DISP: [0;32;31m[GetMetadata:109] <private> is not supported[m
09-28 17:52:49.110  1048  1170 I C02d13/HDC_LOG: [daemon.cpp:1142] FetchCommand channelId:2763879467 command:2
09-28 17:52:49.111   818  1137 E C02515/DISP: [0;32;31m[SetMetadata:102] <private> is not supported[m
09-28 17:52:49.111   818  1137 E C02515/METADATA_SRV: [0;32;31m[SetMetadata:136]  fail[m
09-28 17:52:49.111   818  1137 E C01401/Bufferqueue: <surface_buffer_impl.cpp:714-SetMetadata>: SetMetadata Failed with -5
09-28 17:52:49.111   818  1137 E C01406/skia: SurfaceNodeDrawable DrawCommSurfaceWatermark Name:BackgroundBlurView2 Id:8933531975688 water mark count is zero
09-28 17:52:49.111   818  1137 E C01406/skia: RSBaseRenderUtil::DealWithSurfaceRotationAndGravity, GetSurfaceBufferOpaque:0
09-28 17:52:49.111   818  1137 I C01406/WRAP: AHardwareBuffer_createFromHandle index = <private> handle = <private>, ahb = <private>
09-28 17:52:49.111   818  1137 E C01406/skia: SurfaceNodeDrawable DrawCommSurfaceWatermark Name:AdapterActivityContent Id:60009283059715 water mark count is zero
09-28 17:52:49.112   818  1137 E C01406/skia: RSBaseRenderUtil::DealWithSurfaceRotationAndGravity, GetSurfaceBufferOpaque:0
09-28 17:52:49.112   818  1137 I C01406/WRAP: AHardwareBuffer_createFromHandle index = <private> handle = <private>, ahb = <private>
09-28 17:52:49.112   818  1137 E C01406/skia: SurfaceNodeDrawable DrawCommSurfaceWatermark Name:AdapterSurfaceView Id:60009283059716 water mark count is zero
09-28 17:52:49.112   818  1137 E C01406/skia: SurfaceNodeDrawable DrawCommSurfaceWatermark Name:com.a2hlab.bridge.zigzag/com.unity3d.player.UnityPlayerActivity Id:60009283059713 water mark count is zero
09-28 17:52:49.112   818  1137 E C01406/skia: SurfaceNodeDrawable DrawCommSurfaceWatermark Name:WindowScene_zigzag37 Id:8933531976573 water mark count is zero
09-28 17:52:49.112   818  1137 E C01406/skia: SurfaceNodeDrawable DrawCommSurfaceWatermark Name:SCBGestureNavBar13 Id:8933531975827 water mark count is zero
09-28 17:52:49.112   818  1137 E C01406/skia: SurfaceNodeDrawable DrawCommSurfaceWatermark Name:SCBStatusBar15 Id:8933531975907 water mark count is zero
09-28 17:52:49.114   818  1137 E C02515/DISP: [0;32;31m[GetMetadata:109] <private> is not supported[m
09-28 17:52:49.114   818  1137 E C02515/DISP: [0;32;31m[SetMetadata:102] <private> is not supported[m
09-28 17:52:49.114   818  1137 E C02515/METADATA_SRV: [0;32;31m[SetMetadata:136]  fail[m
09-28 17:52:49.114   818  1137 E C01401/Bufferqueue: <surface_buffer_impl.cpp:714-SetMetadata>: SetMetadata Failed with -5
09-28 17:52:49.114   818  1137 E C01406/skia: RSUniRenderComposerAdapter::SetBufferColorSpace set color space fail
09-28 17:52:49.125 13972 14187 I C00f00/OH_DER_VSync: onOhVsync ENTRY ts=<private> data=<private>
09-28 17:52:49.125  1048  1170 I C02d13/HDC_LOG: [daemon.cpp:1142] FetchCommand channelId:2238864526 command:1001
09-28 17:52:49.125  1048  1170 I C02d13/HDC_LOG: [session.cpp:1652] New HTaskInfo cid:2238864526 sid:213******641(L:10) command:1001
09-28 17:52:49.125  1048  1170 I C02d13/HDC_LOG: [session.cpp:891] AdminTask add task type:0 cid:2238864526 sid:213******641(L:10) mapsize:2
09-28 17:52:49.125 13972 14185 I C00f00/OH_DER_VSync: scheduleVsync ENTRY receiverPtr=0x<private>
09-28 17:52:49.125 13972 14185 I C00f00/OH_DER_VSync: scheduleVsync calling RequestFrame ohVsync=<private>
09-28 17:52:49.125  1048  1170 I C02d13/HDC_LOG: [task.cpp:34] HdcTaskBase type:0 cid:2238864526 sid:213******641(L:10)
09-28 17:52:49.125  1048  1170 I C02d13/HDC_LOG: [daemon_unity.cpp:414] Unity CommandDispatch command:1001 cid:2238864526 sid:213******641(L:10)
09-28 17:52:49.126 13972 14185 I C00f00/OH_DER_VSync: scheduleVsync RequestFrame rc=<private>
09-28 17:52:49.126  1048  1170 W C02d13/HDC_LOG: [async_cmd.cpp:114] GetDevItem false key:persist.hdc.root
09-28 17:52:49.126  1048 14702 I C02d13/HDC_LOG: [async_cmd.cpp:225] Popen pipe fds[pipeRead]:36 fds[pipeWrite]:37, mode 0
09-28 17:52:49.127   818  1132 E C02515/DISP: [0;32;31m[SetMetadata:102] <private> is not supported[m
09-28 17:52:49.127   818  1132 E C02515/METADATA_SRV: [0;32;31m[SetMetadata:136]  fail[m
09-28 17:52:49.127   818  1132 E C01401/Bufferqueue: <surface_buffer_impl.cpp:714-SetMetadata>: SetMetadata Failed with -5
09-28 17:52:49.128   793  4141 E C02515/DISP: [0;32;31m[SetLayerMaskInfo@display_composer_vdi_impl.cpp:404] <private> is not supported[m
09-28 17:52:49.128   818  1228 E C02515/DISP: [0;32;31m[SetMetadata:102] <private> is not supported[m
09-28 17:52:49.128   818  1228 E C02515/METADATA_SRV: [0;32;31m[SetMetadata:136]  fail[m
09-28 17:52:49.128   818  1228 E C01401/Bufferqueue: <surface_buffer_impl.cpp:714-SetMetadata>: SetMetadata Failed with -5
09-28 17:52:49.129   793  4141 E C02515/DISP: [0;32;31m[SetDisplayClientDamage@display_composer_vdi_impl.cpp:179] <private> is not supported[m
09-28 17:52:49.130  1048  1170 I C02d13/HDC_LOG: [async_cmd.cpp:291] ExecuteCommand cmd:param get const.product.os.dist.apiname fd:36 pid:14703
09-28 17:52:49.130  1048  1170 I C02d13/HDC_LOG: [daemon_unity.cpp:486] Unity CommandDispatch command:1001 finish cid:2238864526 sid:213******641(L:10)
09-28 17:52:49.131 14703 14703 W C02d13/HDC_LOG: [async_cmd.cpp:140] SetSelinuxLabel con:u:r:su:s0 isRoot:0
09-28 17:52:49.142   818   818 E C02515/DISP: [0;32;31m[GetMetadata:109] <private> is not supported[m
09-28 17:52:49.142   818   818 E C02515/DISP: [0;32;31m[GetMetadata:109] <private> is not supported[m
09-28 17:52:49.142   818   818 E C02515/DISP: [0;32;31m[GetMetadata:109] <private> is not supported[m
09-28 17:52:49.143   818   818 E C01406/skia: RSBaseRenderUtil::DealWithSurfaceRotationAndGravity, GetSurfaceBufferOpaque:0
09-28 17:52:49.143   818   818 E C02515/DISP: [0;32;31m[GetMetadata:109] <private> is not supported[m
09-28 17:52:49.143   818   818 E C01406/skia: RSBaseRenderUtil::DealWithSurfaceRotationAndGravity, GetSurfaceBufferOpaque:0
09-28 17:52:49.143   818   818 E C02515/DISP: [0;32;31m[GetMetadata:109] <private> is not supported[m
09-28 17:52:49.143 13972 14187 I C00f00/OH_DER_VSync: onOhVsync ENTRY ts=<private> data=<private>
09-28 17:52:49.144 13972 14185 I C00f00/OH_DER_VSync: scheduleVsync ENTRY receiverPtr=0x<private>
09-28 17:52:49.144 13972 14185 I C00f00/OH_DER_VSync: scheduleVsync calling RequestFrame ohVsync=<private>
09-28 17:52:49.144   818  1137 E C02515/DISP: [0;32;31m[SetMetadata:102] <private> is not supported[m
09-28 17:52:49.144   818  1137 E C02515/METADATA_SRV: [0;32;31m[SetMetadata:136]  fail[m
09-28 17:52:49.144   818  1137 E C01401/Bufferqueue: <surface_buffer_impl.cpp:714-SetMetadata>: SetMetadata Failed with -5
09-28 17:52:49.144 13972 14185 I C00f00/OH_DER_VSync: scheduleVsync RequestFrame rc=<private>
09-28 17:52:49.144   818  1137 E C01406/skia: SurfaceNodeDrawable DrawCommSurfaceWatermark Name:BackgroundBlurView2 Id:8933531975688 water mark count is zero
09-28 17:52:49.144   818  1137 E C01406/skia: RSBaseRenderUtil::DealWithSurfaceRotationAndGravity, GetSurfaceBufferOpaque:0
09-28 17:52:49.144   818  1137 I C01406/WRAP: AHardwareBuffer_createFromHandle index = <private> handle = <private>, ahb = <private>
09-28 17:52:49.145   818  1137 E C01406/skia: SurfaceNodeDrawable DrawCommSurfaceWatermark Name:AdapterActivityContent Id:60009283059715 water mark count is zero
09-28 17:52:49.145   818  1137 E C01406/skia: RSBaseRenderUtil::DealWithSurfaceRotationAndGravity, GetSurfaceBufferOpaque:0
09-28 17:52:49.145   818  1137 I C01406/WRAP: AHardwareBuffer_createFromHandle index = <private> handle = <private>, ahb = <private>
09-28 17:52:49.145   818  1137 E C01406/skia: SurfaceNodeDrawable DrawCommSurfaceWatermark Name:AdapterSurfaceView Id:60009283059716 water mark count is zero
09-28 17:52:49.145   818  1137 E C01406/skia: SurfaceNodeDrawable DrawCommSurfaceWatermark Name:com.a2hlab.bridge.zigzag/com.unity3d.player.UnityPlayerActivity Id:60009283059713 water mark count is zero
09-28 17:52:49.145   818  1137 E C01406/skia: SurfaceNodeDrawable DrawCommSurfaceWatermark Name:WindowScene_zigzag37 Id:8933531976573 water mark count is zero
09-28 17:52:49.146   818  1137 E C01406/skia: SurfaceNodeDrawable DrawCommSurfaceWatermark Name:SCBGestureNavBar13 Id:8933531975827 water mark count is zero
09-28 17:52:49.146   818  1137 E C01406/skia: SurfaceNodeDrawable DrawCommSurfaceWatermark Name:SCBStatusBar15 Id:8933531975907 water mark count is zero
09-28 17:52:49.148   818  1137 E C02515/DISP: [0;32;31m[GetMetadata:109] <private> is not supported[m
09-28 17:52:49.148   818  1137 E C02515/DISP: [0;32;31m[SetMetadata:102] <private> is not supported[m
09-28 17:52:49.148   818  1137 E C02515/METADATA_SRV: [0;32;31m[SetMetadata:136]  fail[m
09-28 17:52:49.148   818  1137 E C01401/Bufferqueue: <surface_buffer_impl.cpp:714-SetMetadata>: SetMetadata Failed with -5
09-28 17:52:49.148   818  1137 E C01406/skia: RSUniRenderComposerAdapter::SetBufferColorSpace set color space fail
09-28 17:52:49.159 13972 14187 I C00f00/OH_DER_VSync: onOhVsync ENTRY ts=<private> data=<private>
09-28 17:52:49.159 13972 14185 I C00f00/OH_DER_VSync: scheduleVsync ENTRY receiverPtr=0x<private>
09-28 17:52:49.159 13972 14185 I C00f00/OH_DER_VSync: scheduleVsync calling RequestFrame ohVsync=<private>
09-28 17:52:49.159 13972 14185 I C00f00/OH_DER_VSync: scheduleVsync RequestFrame rc=<private>
09-28 17:52:49.161   818  1132 E C02515/DISP: [0;32;31m[SetMetadata:102] <private> is not supported[m
09-28 17:52:49.161   818  1132 E C02515/METADATA_SRV: [0;32;31m[SetMetadata:136]  fail[m
09-28 17:52:49.161   818  1132 E C01401/Bufferqueue: <surface_buffer_impl.cpp:714-SetMetadata>: SetMetadata Failed with -5
09-28 17:52:49.162 14703 14703 I C03f07/MUSL: [gwp_asan]: SlotLength 1000, SampleRate 2500
09-28 17:52:49.162   793  4141 E C02515/DISP: [0;32;31m[SetLayerMaskInfo@display_composer_vdi_impl.cpp:404] <private> is not supported[m
09-28 17:52:49.162   818  1228 E C02515/DISP: [0;32;31m[SetMetadata:102] <private> is not supported[m
09-28 17:52:49.162   818  1228 E C02515/METADATA_SRV: [0;32;31m[SetMetadata:136]  fail[m
09-28 17:52:49.162   818  1228 E C01401/Bufferqueue: <surface_buffer_impl.cpp:714-SetMetadata>: SetMetadata Failed with -5
09-28 17:52:49.163   793  4141 E C02515/DISP: [0;32;31m[SetDisplayClientDamage@display_composer_vdi_impl.cpp:179] <private> is not supported[m
09-28 17:52:49.168  1048 14704 I C02d13/HDC_LOG: [async_cmd.cpp:88] FinishShellProc finish pipeRead fd:36 pid:14703 count:1
09-28 17:52:49.168  1048 14704 I C02d13/HDC_LOG: [task.cpp:55] HdcTaskBase::TaskFinish notify begin type:0 cid:2238864526 sid:213******641(L:10)
09-28 17:52:49.168  1048 14704 I C02d13/HDC_LOG: [task.cpp:58] HdcTaskBase::TaskFinish notify end type:0 cid:2238864526 sid:213******641(L:10)
09-28 17:52:49.171  1048  1170 I C02d13/HDC_LOG: [daemon.cpp:1142] FetchCommand channelId:2238864526 command:2
09-28 17:52:49.171  1048  1170 W C02d13/HDC_LOG: [session.cpp:160] BeginRemoveTask taskType:0 channelId:2238864526
09-28 17:52:49.171  1048  1170 W C02d13/HDC_LOG: [session.cpp:190] ClearOwnTasks OP_CLEAR finish, sessionId:213******641(L:10) channelIDInput:2238864526
09-28 17:52:49.171  1048  1170 W C02d13/HDC_LOG: [session.cpp:115] taskClassDeleteRetry start clear task, taskType:0 cid:2238864526 sid:213******641(L:10)
09-28 17:52:49.171  1048  1170 I C02d13/HDC_LOG: [async_cmd.cpp:69] DoRelease rc:-3 pid:14703
09-28 17:52:49.171  1048  1170 I C02d13/HDC_LOG: [session.cpp:126] TaskDelay task remove retry count 0/30, taskType:0 channelId:2238864526, sessionId:213******641(L:10)
09-28 17:52:49.171  1048  1170 I C02d13/HDC_LOG: [daemon_unity.cpp:31] ~HdcDaemonUnity cid:2238864526 sid:213******641(L:10)
09-28 17:52:49.171  1048  1170 I C02d13/HDC_LOG: [task.cpp:40] ~HdcTaskBase type:0 cid:2238864526 sid:213******641(L:10)
09-28 17:52:49.171  1048  1170 W C02d13/HDC_LOG: [session.cpp:134] TaskDelay task remove finish, channelId:2238864526
09-28 17:52:49.171  1048  1170 I C02d13/HDC_LOG: [base.cpp:969] before uv handle close, the uv handle type is 13
09-28 17:52:49.175 13972 14187 I C00f00/OH_DER_VSync: onOhVsync ENTRY ts=<private> data=<private>
09-28 17:52:49.175   818   818 E C02515/DISP: [0;32;31m[GetMetadata:109] <private> is not supported[m
09-28 17:52:49.175  1048  1170 I C02d13/HDC_LOG: [daemon.cpp:1142] FetchCommand channelId:2238864526 command:2
09-28 17:52:49.175   818   818 E C02515/DISP: [0;32;31m[GetMetadata:109] <private> is not supported[m
09-28 17:52:49.175   818   818 E C02515/DISP: [0;32;31m[GetMetadata:109] <private> is not supported[m
09-28 17:52:49.175 13972 14185 I C00f00/OH_DER_VSync: scheduleVsync ENTRY receiverPtr=0x<private>
09-28 17:52:49.175 13972 14185 I C00f00/OH_DER_VSync: scheduleVsync calling RequestFrame ohVsync=<private>
09-28 17:52:49.176 13972 14185 I C00f00/OH_DER_VSync: scheduleVsync RequestFrame rc=<private>
09-28 17:52:49.176   818   818 E C01406/skia: RSBaseRenderUtil::DealWithSurfaceRotationAndGravity, GetSurfaceBufferOpaque:0
09-28 17:52:49.176   818   818 E C02515/DISP: [0;32;31m[GetMetadata:109] <private> is not supported[m
09-28 17:52:49.176   818   818 E C01406/skia: RSBaseRenderUtil::DealWithSurfaceRotationAndGravity, GetSurfaceBufferOpaque:0
09-28 17:52:49.176   818   818 E C02515/DISP: [0;32;31m[GetMetadata:109] <private> is not supported[m
09-28 17:52:49.177   818  1137 E C02515/DISP: [0;32;31m[SetMetadata:102] <private> is not supported[m
09-28 17:52:49.177   818  1137 E C02515/METADATA_SRV: [0;32;31m[SetMetadata:136]  fail[m
09-28 17:52:49.177   818  1137 E C01401/Bufferqueue: <surface_buffer_impl.cpp:714-SetMetadata>: SetMetadata Failed with -5
09-28 17:52:49.178   818  1137 E C01406/skia: SurfaceNodeDrawable DrawCommSurfaceWatermark Name:BackgroundBlurView2 Id:8933531975688 water mark count is zero
09-28 17:52:49.178   818  1137 E C01406/skia: RSBaseRenderUtil::DealWithSurfaceRotationAndGravity, GetSurfaceBufferOpaque:0
09-28 17:52:49.178   818  1137 I C01406/WRAP: AHardwareBuffer_createFromHandle index = <private> handle = <private>, ahb = <private>
09-28 17:52:49.178   818  1137 E C01406/skia: SurfaceNodeDrawable DrawCommSurfaceWatermark Name:AdapterActivityContent Id:60009283059715 water mark count is zero
09-28 17:52:49.178   818  1137 E C01406/skia: RSBaseRenderUtil::DealWithSurfaceRotationAndGravity, GetSurfaceBufferOpaque:0
09-28 17:52:49.178   818  1137 I C01406/WRAP: AHardwareBuffer_createFromHandle index = <private> handle = <private>, ahb = <private>
09-28 17:52:49.178   818  1137 E C01406/skia: SurfaceNodeDrawable DrawCommSurfaceWatermark Name:AdapterSurfaceView Id:60009283059716 water mark count is zero
09-28 17:52:49.178   818  1137 E C01406/skia: SurfaceNodeDrawable DrawCommSurfaceWatermark Name:com.a2hlab.bridge.zigzag/com.unity3d.player.UnityPlayerActivity Id:60009283059713 water mark count is zero
09-28 17:52:49.178   818  1137 E C01406/skia: SurfaceNodeDrawable DrawCommSurfaceWatermark Name:WindowScene_zigzag37 Id:8933531976573 water mark count is zero
09-28 17:52:49.178  1048  1170 I C02d13/HDC_LOG: [session.cpp:1521] send heartbeat count is 118 and messages count is 12024 for session 213******641(L:10)
09-28 17:52:49.179   818  1137 E C01406/skia: SurfaceNodeDrawable DrawCommSurfaceWatermark Name:SCBGestureNavBar13 Id:8933531975827 water mark count is zero
09-28 17:52:49.180   818  1137 E C01406/skia: SurfaceNodeDrawable DrawCommSurfaceWatermark Name:SCBStatusBar15 Id:8933531975907 water mark count is zero
09-28 17:52:49.182   818  1137 E C02515/DISP: [0;32;31m[GetMetadata:109] <private> is not supported[m
09-28 17:52:49.182   818  1137 E C02515/DISP: [0;32;31m[SetMetadata:102] <private> is not supported[m
09-28 17:52:49.182   818  1137 E C02515/METADATA_SRV: [0;32;31m[SetMetadata:136]  fail[m
09-28 17:52:49.182   818  1137 E C01401/Bufferqueue: <surface_buffer_impl.cpp:714-SetMetadata>: SetMetadata Failed with -5
09-28 17:52:49.182   818  1137 E C01406/skia: RSUniRenderComposerAdapter::SetBufferColorSpace set color space fail
09-28 17:52:49.192 13972 14187 I C00f00/OH_DER_VSync: onOhVsync ENTRY ts=<private> data=<private>
09-28 17:52:49.192 13972 14185 I C00f00/OH_DER_VSync: scheduleVsync ENTRY receiverPtr=0x<private>
09-28 17:52:49.192 13972 14185 I C00f00/OH_DER_VSync: scheduleVsync calling RequestFrame ohVsync=<private>
09-28 17:52:49.192 13972 14185 I C00f00/OH_DER_VSync: scheduleVsync RequestFrame rc=<private>
09-28 17:52:49.194  1048  1170 I C02d13/HDC_LOG: [daemon.cpp:1142] FetchCommand channelId:4010561750 command:1001
09-28 17:52:49.194  1048  1170 I C02d13/HDC_LOG: [session.cpp:1652] New HTaskInfo cid:4010561750 sid:213******641(L:10) command:1001
09-28 17:52:49.194  1048  1170 I C02d13/HDC_LOG: [session.cpp:891] AdminTask add task type:0 cid:4010561750 sid:213******641(L:10) mapsize:2
09-28 17:52:49.194  1048  1170 I C02d13/HDC_LOG: [task.cpp:34] HdcTaskBase type:0 cid:4010561750 sid:213******641(L:10)
09-28 17:52:49.194  1048  1170 I C02d13/HDC_LOG: [daemon_unity.cpp:414] Unity CommandDispatch command:1001 cid:4010561750 sid:213******641(L:10)
09-28 17:52:49.194  1048  1170 W C02d13/HDC_LOG: [async_cmd.cpp:114] GetDevItem false key:persist.hdc.root
09-28 17:52:49.194   818  1132 E C02515/DISP: [0;32;31m[SetMetadata:102] <private> is not supported[m
09-28 17:52:49.194   818  1132 E C02515/METADATA_SRV: [0;32;31m[SetMetadata:136]  fail[m
09-28 17:52:49.194   818  1132 E C01401/Bufferqueue: <surface_buffer_impl.cpp:714-SetMetadata>: SetMetadata Failed with -5
09-28 17:52:49.195   793  4141 E C02515/DISP: [0;32;31m[SetLayerMaskInfo@display_composer_vdi_impl.cpp:404] <private> is not supported[m
09-28 17:52:49.195   818  1228 E C02515/DISP: [0;32;31m[SetMetadata:102] <private> is not supported[m
09-28 17:52:49.195   818  1228 E C02515/METADATA_SRV: [0;32;31m[SetMetadata:136]  fail[m
09-28 17:52:49.195   818  1228 E C01401/Bufferqueue: <surface_buffer_impl.cpp:714-SetMetadata>: SetMetadata Failed with -5
09-28 17:52:49.195  1048 14705 I C02d13/HDC_LOG: [async_cmd.cpp:225] Popen pipe fds[pipeRead]:36 fds[pipeWrite]:37, mode 0
09-28 17:52:49.196   793  4141 E C02515/DISP: [0;32;31m[SetDisplayClientDamage@display_composer_vdi_impl.cpp:179] <private> is not supported[m
09-28 17:52:49.199  1048  1170 I C02d13/HDC_LOG: [async_cmd.cpp:291] ExecuteCommand cmd:param get const.product.os.dist.apiname fd:36 pid:14706
09-28 17:52:49.199  1048  1170 I C02d13/HDC_LOG: [daemon_unity.cpp:486] Unity CommandDispatch command:1001 finish cid:4010561750 sid:213******641(L:10)
09-28 17:52:49.200 14706 14706 W C02d13/HDC_LOG: [async_cmd.cpp:140] SetSelinuxLabel con:u:r:su:s0 isRoot:0
09-28 17:52:49.209 13972 14187 I C00f00/OH_DER_VSync: onOhVsync ENTRY ts=<private> data=<private>
09-28 17:52:49.209   818   818 E C02515/DISP: [0;32;31m[GetMetadata:109] <private> is not supported[m
09-28 17:52:49.209   818   818 E C02515/DISP: [0;32;31m[GetMetadata:109] <private> is not supported[m
09-28 17:52:49.209   818   818 E C02515/DISP: [0;32;31m[GetMetadata:109] <private> is not supported[m
09-28 17:52:49.209 13972 14185 I C00f00/OH_DER_VSync: scheduleVsync ENTRY receiverPtr=0x<private>
09-28 17:52:49.209 13972 14185 I C00f00/OH_DER_VSync: scheduleVsync calling RequestFrame ohVsync=<private>
09-28 17:52:49.209 13972 14185 I C00f00/OH_DER_VSync: scheduleVsync RequestFrame rc=<private>
09-28 17:52:49.209   818   818 E C01406/skia: RSBaseRenderUtil::DealWithSurfaceRotationAndGravity, GetSurfaceBufferOpaque:0
09-28 17:52:49.209   818   818 E C02515/DISP: [0;32;31m[GetMetadata:109] <private> is not supported[m
09-28 17:52:49.210   818   818 E C01406/skia: RSBaseRenderUtil::DealWithSurfaceRotationAndGravity, GetSurfaceBufferOpaque:0
09-28 17:52:49.210   818   818 E C02515/DISP: [0;32;31m[GetMetadata:109] <private> is not supported[m
09-28 17:52:49.211   818  1137 E C02515/DISP: [0;32;31m[SetMetadata:102] <private> is not supported[m
09-28 17:52:49.211   818  1137 E C02515/METADATA_SRV: [0;32;31m[SetMetadata:136]  fail[m
09-28 17:52:49.211   818  1137 E C01401/Bufferqueue: <surface_buffer_impl.cpp:714-SetMetadata>: SetMetadata Failed with -5
09-28 17:52:49.211   818  1137 E C01406/skia: SurfaceNodeDrawable DrawCommSurfaceWatermark Name:BackgroundBlurView2 Id:8933531975688 water mark count is zero
09-28 17:52:49.211   818  1137 E C01406/skia: RSBaseRenderUtil::DealWithSurfaceRotationAndGravity, GetSurfaceBufferOpaque:0
09-28 17:52:49.211   818  1137 I C01406/WRAP: AHardwareBuffer_createFromHandle index = <private> handle = <private>, ahb = <private>
09-28 17:52:49.212   818  1137 E C01406/skia: SurfaceNodeDrawable DrawCommSurfaceWatermark Name:AdapterActivityContent Id:60009283059715 water mark count is zero
09-28 17:52:49.212   818  1137 E C01406/skia: RSBaseRenderUtil::DealWithSurfaceRotationAndGravity, GetSurfaceBufferOpaque:0
09-28 17:52:49.212   818  1137 I C01406/WRAP: AHardwareBuffer_createFromHandle index = <private> handle = <private>, ahb = <private>
09-28 17:52:49.212   818  1137 E C01406/skia: SurfaceNodeDrawable DrawCommSurfaceWatermark Name:AdapterSurfaceView Id:60009283059716 water mark count is zero
09-28 17:52:49.212   818  1137 E C01406/skia: SurfaceNodeDrawable DrawCommSurfaceWatermark Name:com.a2hlab.bridge.zigzag/com.unity3d.player.UnityPlayerActivity Id:60009283059713 water mark count is zero
09-28 17:52:49.212   818  1137 E C01406/skia: SurfaceNodeDrawable DrawCommSurfaceWatermark Name:WindowScene_zigzag37 Id:8933531976573 water mark count is zero
09-28 17:52:49.212   818  1137 E C01406/skia: SurfaceNodeDrawable DrawCommSurfaceWatermark Name:SCBGestureNavBar13 Id:8933531975827 water mark count is zero
09-28 17:52:49.212   818  1137 E C01406/skia: SurfaceNodeDrawable DrawCommSurfaceWatermark Name:SCBStatusBar15 Id:8933531975907 water mark count is zero
09-28 17:52:49.214   818  1137 E C02515/DISP: [0;32;31m[GetMetadata:109] <private> is not supported[m
09-28 17:52:49.214   818  1137 E C02515/DISP: [0;32;31m[SetMetadata:102] <private> is not supported[m
09-28 17:52:49.214   818  1137 E C02515/METADATA_SRV: [0;32;31m[SetMetadata:136]  fail[m
09-28 17:52:49.214   818  1137 E C01401/Bufferqueue: <surface_buffer_impl.cpp:714-SetMetadata>: SetMetadata Failed with -5
09-28 17:52:49.214   818  1137 E C01406/skia: RSUniRenderComposerAdapter::SetBufferColorSpace set color space fail
09-28 17:52:49.225 13972 14187 I C00f00/OH_DER_VSync: onOhVsync ENTRY ts=<private> data=<private>
09-28 17:52:49.226 13972 14185 I C00f00/OH_DER_VSync: scheduleVsync ENTRY receiverPtr=0x<private>
09-28 17:52:49.226 13972 14185 I C00f00/OH_DER_VSync: scheduleVsync calling RequestFrame ohVsync=<private>
09-28 17:52:49.226 13972 14185 I C00f00/OH_DER_VSync: scheduleVsync RequestFrame rc=<private>
09-28 17:52:49.227   818  1132 E C02515/DISP: [0;32;31m[SetMetadata:102] <private> is not supported[m
09-28 17:52:49.227   818  1132 E C02515/METADATA_SRV: [0;32;31m[SetMetadata:136]  fail[m
09-28 17:52:49.227   818  1132 E C01401/Bufferqueue: <surface_buffer_impl.cpp:714-SetMetadata>: SetMetadata Failed with -5
09-28 17:52:49.228   793  4141 E C02515/DISP: [0;32;31m[SetLayerMaskInfo@display_composer_vdi_impl.cpp:404] <private> is not supported[m
09-28 17:52:49.228   818  1228 E C02515/DISP: [0;32;31m[SetMetadata:102] <private> is not supported[m
09-28 17:52:49.228   818  1228 E C02515/METADATA_SRV: [0;32;31m[SetMetadata:136]  fail[m
09-28 17:52:49.228   818  1228 E C01401/Bufferqueue: <surface_buffer_impl.cpp:714-SetMetadata>: SetMetadata Failed with -5
09-28 17:52:49.229   793  4141 E C02515/DISP: [0;32;31m[SetDisplayClientDamage@display_composer_vdi_impl.cpp:179] <private> is not supported[m
09-28 17:52:49.234  1048 14707 I C02d13/HDC_LOG: [async_cmd.cpp:88] FinishShellProc finish pipeRead fd:36 pid:14706 count:1
09-28 17:52:49.234  1048 14707 I C02d13/HDC_LOG: [task.cpp:55] HdcTaskBase::TaskFinish notify begin type:0 cid:4010561750 sid:213******641(L:10)
09-28 17:52:49.234  1048 14707 I C02d13/HDC_LOG: [task.cpp:58] HdcTaskBase::TaskFinish notify end type:0 cid:4010561750 sid:213******641(L:10)
09-28 17:52:49.237  1048  1170 I C02d13/HDC_LOG: [daemon.cpp:1142] FetchCommand channelId:4010561750 command:2
09-28 17:52:49.237  1048  1170 W C02d13/HDC_LOG: [session.cpp:160] BeginRemoveTask taskType:0 channelId:4010561750
09-28 17:52:49.237  1048  1170 W C02d13/HDC_LOG: [session.cpp:190] ClearOwnTasks OP_CLEAR finish, sessionId:213******641(L:10) channelIDInput:4010561750
09-28 17:52:49.237  1048  1170 W C02d13/HDC_LOG: [session.cpp:115] taskClassDeleteRetry start clear task, taskType:0 cid:4010561750 sid:213******641(L:10)
09-28 17:52:49.238  1048  1170 I C02d13/HDC_LOG: [async_cmd.cpp:69] DoRelease rc:-3 pid:14706
09-28 17:52:49.238  1048  1170 I C02d13/HDC_LOG: [session.cpp:126] TaskDelay task remove retry count 0/30, taskType:0 channelId:4010561750, sessionId:213******641(L:10)
09-28 17:52:49.238  1048  1170 I C02d13/HDC_LOG: [daemon_unity.cpp:31] ~HdcDaemonUnity cid:4010561750 sid:213******641(L:10)
09-28 17:52:49.238  1048  1170 I C02d13/HDC_LOG: [task.cpp:40] ~HdcTaskBase type:0 cid:4010561750 sid:213******641(L:10)
09-28 17:52:49.238  1048  1170 W C02d13/HDC_LOG: [session.cpp:134] TaskDelay task remove finish, channelId:4010561750
09-28 17:52:49.238  1048  1170 I C02d13/HDC_LOG: [base.cpp:969] before uv handle close, the uv handle type is 13
09-28 17:52:49.238  1048  1170 I C02d13/HDC_LOG: [daemon.cpp:1142] FetchCommand channelId:0 command:5000
09-28 17:52:49.239  1048  1170 I C02d13/HDC_LOG: [daemon.cpp:1163] recv heartbeat count is 118 for session 213******641(L:10)
09-28 17:52:49.241  1048  1170 I C02d13/HDC_LOG: [daemon.cpp:1142] FetchCommand channelId:4010561750 command:2
09-28 17:52:49.242 13972 14187 I C00f00/OH_DER_VSync: onOhVsync ENTRY ts=<private> data=<private>
09-28 17:52:49.242   818   818 E C02515/DISP: [0;32;31m[GetMetadata:109] <private> is not supported[m
09-28 17:52:49.242   818   818 E C02515/DISP: [0;32;31m[GetMetadata:109] <private> is not supported[m
09-28 17:52:49.242   818   818 E C02515/DISP: [0;32;31m[GetMetadata:109] <private> is not supported[m
09-28 17:52:49.242 13972 14185 I C00f00/OH_DER_VSync: scheduleVsync ENTRY receiverPtr=0x<private>
09-28 17:52:49.242 13972 14185 I C00f00/OH_DER_VSync: scheduleVsync calling RequestFrame ohVsync=<private>
09-28 17:52:49.242 13972 14185 I C00f00/OH_DER_VSync: scheduleVsync RequestFrame rc=<private>
09-28 17:52:49.243   818   818 E C01406/skia: RSBaseRenderUtil::DealWithSurfaceRotationAndGravity, GetSurfaceBufferOpaque:0
09-28 17:52:49.243   818   818 E C02515/DISP: [0;32;31m[GetMetadata:109] <private> is not supported[m
09-28 17:52:49.243   818   818 E C01406/skia: RSBaseRenderUtil::DealWithSurfaceRotationAndGravity, GetSurfaceBufferOpaque:0
09-28 17:52:49.243   818   818 E C02515/DISP: [0;32;31m[GetMetadata:109] <private> is not supported[m
09-28 17:52:49.244   818  1137 E C02515/DISP: [0;32;31m[SetMetadata:102] <private> is not supported[m
09-28 17:52:49.244   818  1137 E C02515/METADATA_SRV: [0;32;31m[SetMetadata:136]  fail[m
09-28 17:52:49.244   818  1137 E C01401/Bufferqueue: <surface_buffer_impl.cpp:714-SetMetadata>: SetMetadata Failed with -5
09-28 17:52:49.244   818  1137 E C01406/skia: SurfaceNodeDrawable DrawCommSurfaceWatermark Name:BackgroundBlurView2 Id:8933531975688 water mark count is zero
09-28 17:52:49.244   818  1137 E C01406/skia: RSBaseRenderUtil::DealWithSurfaceRotationAndGravity, GetSurfaceBufferOpaque:0
09-28 17:52:49.245   818  1137 I C01406/WRAP: AHardwareBuffer_createFromHandle index = <private> handle = <private>, ahb = <private>
09-28 17:52:49.245   818  1137 E C01406/skia: SurfaceNodeDrawable DrawCommSurfaceWatermark Name:AdapterActivityContent Id:60009283059715 water mark count is zero
09-28 17:52:49.245   818  1137 E C01406/skia: RSBaseRenderUtil::DealWithSurfaceRotationAndGravity, GetSurfaceBufferOpaque:0
09-28 17:52:49.245   818  1137 I C01406/WRAP: AHardwareBuffer_createFromHandle index = <private> handle = <private>, ahb = <private>
09-28 17:52:49.245   818  1137 E C01406/skia: SurfaceNodeDrawable DrawCommSurfaceWatermark Name:AdapterSurfaceView Id:60009283059716 water mark count is zero
09-28 17:52:49.245   818  1137 E C01406/skia: SurfaceNodeDrawable DrawCommSurfaceWatermark Name:com.a2hlab.bridge.zigzag/com.unity3d.player.UnityPlayerActivity Id:60009283059713 water mark count is zero
09-28 17:52:49.245   818  1137 E C01406/skia: SurfaceNodeDrawable DrawCommSurfaceWatermark Name:WindowScene_zigzag37 Id:8933531976573 water mark count is zero
09-28 17:52:49.246   818  1137 E C01406/skia: SurfaceNodeDrawable DrawCommSurfaceWatermark Name:SCBGestureNavBar13 Id:8933531975827 water mark count is zero
09-28 17:52:49.246   818  1137 E C01406/skia: SurfaceNodeDrawable DrawCommSurfaceWatermark Name:SCBStatusBar15 Id:8933531975907 water mark count is zero
09-28 17:52:49.247   818  1137 E C02515/DISP: [0;32;31m[GetMetadata:109] <private> is not supported[m
09-28 17:52:49.247   818  1137 E C02515/DISP: [0;32;31m[SetMetadata:102] <private> is not supported[m
09-28 17:52:49.247   818  1137 E C02515/METADATA_SRV: [0;32;31m[SetMetadata:136]  fail[m
09-28 17:52:49.247   818  1137 E C01401/Bufferqueue: <surface_buffer_impl.cpp:714-SetMetadata>: SetMetadata Failed with -5
09-28 17:52:49.247   818  1137 E C01406/skia: RSUniRenderComposerAdapter::SetBufferColorSpace set color space fail
09-28 17:52:49.259  1048  1170 I C02d13/HDC_LOG: [daemon.cpp:1142] FetchCommand channelId:963222522 command:1001
09-28 17:52:49.259 13972 14187 I C00f00/OH_DER_VSync: onOhVsync ENTRY ts=<private> data=<private>
09-28 17:52:49.259  1048  1170 I C02d13/HDC_LOG: [session.cpp:1652] New HTaskInfo cid:963222522 sid:213******641(L:10) command:1001
09-28 17:52:49.259  1048  1170 I C02d13/HDC_LOG: [session.cpp:891] AdminTask add task type:0 cid:963222522 sid:213******641(L:10) mapsize:2
09-28 17:52:49.259  1048  1170 I C02d13/HDC_LOG: [task.cpp:34] HdcTaskBase type:0 cid:963222522 sid:213******641(L:10)
09-28 17:52:49.259  1048  1170 I C02d13/HDC_LOG: [daemon_unity.cpp:414] Unity CommandDispatch command:1001 cid:963222522 sid:213******641(L:10)
09-28 17:52:49.259  1048  1170 W C02d13/HDC_LOG: [async_cmd.cpp:114] GetDevItem false key:persist.hdc.root
09-28 17:52:49.259 13972 14185 I C00f00/OH_DER_VSync: scheduleVsync ENTRY receiverPtr=0x<private>
09-28 17:52:49.259 13972 14185 I C00f00/OH_DER_VSync: scheduleVsync calling RequestFrame ohVsync=<private>
09-28 17:52:49.259 13972 14185 I C00f00/OH_DER_VSync: scheduleVsync RequestFrame rc=<private>
09-28 17:52:49.259  1048 14708 I C02d13/HDC_LOG: [async_cmd.cpp:225] Popen pipe fds[pipeRead]:36 fds[pipeWrite]:37, mode 0
09-28 17:52:49.261   818  1132 E C02515/DISP: [0;32;31m[SetMetadata:102] <private> is not supported[m
09-28 17:52:49.261   818  1132 E C02515/METADATA_SRV: [0;32;31m[SetMetadata:136]  fail[m
09-28 17:52:49.261   818  1132 E C01401/Bufferqueue: <surface_buffer_impl.cpp:714-SetMetadata>: SetMetadata Failed with -5
09-28 17:52:49.262   793  4141 E C02515/DISP: [0;32;31m[SetLayerMaskInfo@display_composer_vdi_impl.cpp:404] <private> is not supported[m
09-28 17:52:49.262   818  1228 E C02515/DISP: [0;32;31m[SetMetadata:102] <private> is not supported[m
09-28 17:52:49.262   818  1228 E C02515/METADATA_SRV: [0;32;31m[SetMetadata:136]  fail[m
09-28 17:52:49.262   818  1228 E C01401/Bufferqueue: <surface_buffer_impl.cpp:714-SetMetadata>: SetMetadata Failed with -5
09-28 17:52:49.263  1048  1170 I C02d13/HDC_LOG: [async_cmd.cpp:291] ExecuteCommand cmd:hilog -x fd:36 pid:14709
09-28 17:52:49.263   793  4141 E C02515/DISP: [0;32;31m[SetDisplayClientDamage@display_composer_vdi_impl.cpp:179] <private> is not supported[m
09-28 17:52:49.263  1048  1170 I C02d13/HDC_LOG: [daemon_unity.cpp:486] Unity CommandDispatch command:1001 finish cid:963222522 sid:213******641(L:10)
09-28 17:52:49.263 14709 14709 W C02d13/HDC_LOG: [async_cmd.cpp:140] SetSelinuxLabel con:u:r:su:s0 isRoot:0
09-28 17:52:49.275 13972 14187 I C00f00/OH_DER_VSync: onOhVsync ENTRY ts=<private> data=<private>
09-28 17:52:49.276 13972 14185 I C00f00/OH_DER_VSync: scheduleVsync ENTRY receiverPtr=0x<private>
09-28 17:52:49.276   818   818 E C02515/DISP: [0;32;31m[GetMetadata:109] <private> is not supported[m
09-28 17:52:49.276 13972 14185 I C00f00/OH_DER_VSync: scheduleVsync calling RequestFrame ohVsync=<private>
09-28 17:52:49.276   818   818 E C02515/DISP: [0;32;31m[GetMetadata:109] <private> is not supported[m
09-28 17:52:49.276 13972 14185 I C00f00/OH_DER_VSync: scheduleVsync RequestFrame rc=<private>
09-28 17:52:49.276   818   818 E C02515/DISP: [0;32;31m[GetMetadata:109] <private> is not supported[m
09-28 17:52:49.277   818   818 E C01406/skia: RSBaseRenderUtil::DealWithSurfaceRotationAndGravity, GetSurfaceBufferOpaque:0
09-28 17:52:49.277   818   818 E C02515/DISP: [0;32;31m[GetMetadata:109] <private> is not supported[m
09-28 17:52:49.277   818   818 E C01406/skia: RSBaseRenderUtil::DealWithSurfaceRotationAndGravity, GetSurfaceBufferOpaque:0
09-28 17:52:49.277   818   818 E C02515/DISP: [0;32;31m[GetMetadata:109] <private> is not supported[m
09-28 17:52:49.279   818  1137 E C02515/DISP: [0;32;31m[SetMetadata:102] <private> is not supported[m
09-28 17:52:49.279   818  1137 E C02515/METADATA_SRV: [0;32;31m[SetMetadata:136]  fail[m
09-28 17:52:49.279   818  1137 E C01401/Bufferqueue: <surface_buffer_impl.cpp:714-SetMetadata>: SetMetadata Failed with -5
09-28 17:52:49.279   818  1137 E C01406/skia: SurfaceNodeDrawable DrawCommSurfaceWatermark Name:BackgroundBlurView2 Id:8933531975688 water mark count is zero
09-28 17:52:49.280   818  1137 E C01406/skia: RSBaseRenderUtil::DealWithSurfaceRotationAndGravity, GetSurfaceBufferOpaque:0
09-28 17:52:49.280   818  1137 I C01406/WRAP: AHardwareBuffer_createFromHandle index = <private> handle = <private>, ahb = <private>
09-28 17:52:49.280   818  1137 E C01406/skia: SurfaceNodeDrawable DrawCommSurfaceWatermark Name:AdapterActivityContent Id:60009283059715 water mark count is zero
09-28 17:52:49.280   818  1137 E C01406/skia: RSBaseRenderUtil::DealWithSurfaceRotationAndGravity, GetSurfaceBufferOpaque:0
09-28 17:52:49.280   818  1137 I C01406/WRAP: AHardwareBuffer_createFromHandle index = <private> handle = <private>, ahb = <private>
09-28 17:52:49.280   818  1137 E C01406/skia: SurfaceNodeDrawable DrawCommSurfaceWatermark Name:AdapterSurfaceView Id:60009283059716 water mark count is zero
09-28 17:52:49.280   818  1137 E C01406/skia: SurfaceNodeDrawable DrawCommSurfaceWatermark Name:com.a2hlab.bridge.zigzag/com.unity3d.player.UnityPlayerActivity Id:60009283059713 water mark count is zero
09-28 17:52:49.280   818  1137 E C01406/skia: SurfaceNodeDrawable DrawCommSurfaceWatermark Name:WindowScene_zigzag37 Id:8933531976573 water mark count is zero
09-28 17:52:49.281   818  1137 E C01406/skia: SurfaceNodeDrawable DrawCommSurfaceWatermark Name:SCBGestureNavBar13 Id:8933531975827 water mark count is zero
09-28 17:52:49.281   818  1137 E C01406/skia: SurfaceNodeDrawable DrawCommSurfaceWatermark Name:SCBStatusBar15 Id:8933531975907 water mark count is zero
09-28 17:52:49.283   818  1137 E C02515/DISP: [0;32;31m[GetMetadata:109] <private> is not supported[m
09-28 17:52:49.283   818  1137 E C02515/DISP: [0;32;31m[SetMetadata:102] <private> is not supported[m
09-28 17:52:49.283   818  1137 E C02515/METADATA_SRV: [0;32;31m[SetMetadata:136]  fail[m
09-28 17:52:49.283   818  1137 E C01401/Bufferqueue: <surface_buffer_impl.cpp:714-SetMetadata>: SetMetadata Failed with -5
09-28 17:52:49.283   818  1137 E C01406/skia: RSUniRenderComposerAdapter::SetBufferColorSpace set color space fail
09-28 17:52:49.283  1048  1170 I C02d13/HDC_LOG: [daemon.cpp:1142] FetchCommand channelId:1577853360 command:1001
09-28 17:52:49.283  1048  1170 I C02d13/HDC_LOG: [session.cpp:1652] New HTaskInfo cid:1577853360 sid:213******641(L:10) command:1001
09-28 17:52:49.283  1048  1170 I C02d13/HDC_LOG: [session.cpp:891] AdminTask add task type:0 cid:1577853360 sid:213******641(L:10) mapsize:3
09-28 17:52:49.283  1048  1170 I C02d13/HDC_LOG: [task.cpp:34] HdcTaskBase type:0 cid:1577853360 sid:213******641(L:10)
09-28 17:52:49.283  1048  1170 I C02d13/HDC_LOG: [daemon_unity.cpp:414] Unity CommandDispatch command:1001 cid:1577853360 sid:213******641(L:10)
09-28 17:52:49.283  1048  1170 W C02d13/HDC_LOG: [async_cmd.cpp:114] GetDevItem false key:persist.hdc.root
09-28 17:52:49.284  1048 14711 I C02d13/HDC_LOG: [async_cmd.cpp:225] Popen pipe fds[pipeRead]:38 fds[pipeWrite]:39, mode 0
09-28 17:52:49.288  1048  1170 I C02d13/HDC_LOG: [async_cmd.cpp:291] ExecuteCommand cmd:param get const.product.os.dist.apiname fd:38 pid:14713
09-28 17:52:49.288 14713 14713 W C02d13/HDC_LOG: [async_cmd.cpp:140] SetSelinuxLabel con:u:r:su:s0 isRoot:0
09-28 17:52:49.289  1048  1170 I C02d13/HDC_LOG: [daemon_unity.cpp:486] Unity CommandDispatch command:1001 finish cid:1577853360 sid:213******641(L:10)
09-28 17:52:49.292 13972 14187 I C00f00/OH_DER_VSync: onOhVsync ENTRY ts=<private> data=<private>
09-28 17:52:49.292 13972 14185 I C00f00/OH_DER_VSync: scheduleVsync ENTRY receiverPtr=0x<private>
09-28 17:52:49.292 13972 14185 I C00f00/OH_DER_VSync: scheduleVsync calling RequestFrame ohVsync=<private>
09-28 17:52:49.292 13972 14185 I C00f00/OH_DER_VSync: scheduleVsync RequestFrame rc=<private>
09-28 17:52:49.294   818  1132 E C02515/DISP: [0;32;31m[SetMetadata:102] <private> is not supported[m
09-28 17:52:49.294   818  1132 E C02515/METADATA_SRV: [0;32;31m[SetMetadata:136]  fail[m
09-28 17:52:49.294   818  1132 E C01401/Bufferqueue: <surface_buffer_impl.cpp:714-SetMetadata>: SetMetadata Failed with -5
09-28 17:52:49.295   793  4141 E C02515/DISP: [0;32;31m[SetLayerMaskInfo@display_composer_vdi_impl.cpp:404] <private> is not supported[m
09-28 17:52:49.296   818  1228 E C02515/DISP: [0;32;31m[SetMetadata:102] <private> is not supported[m
09-28 17:52:49.296   818  1228 E C02515/METADATA_SRV: [0;32;31m[SetMetadata:136]  fail[m
09-28 17:52:49.296   818  1228 E C01401/Bufferqueue: <surface_buffer_impl.cpp:714-SetMetadata>: SetMetadata Failed with -5
09-28 17:52:49.297   793  4141 E C02515/DISP: [0;32;31m[SetDisplayClientDamage@display_composer_vdi_impl.cpp:179] <private> is not supported[m
09-28 17:52:49.309 13972 14187 I C00f00/OH_DER_VSync: onOhVsync ENTRY ts=<private> data=<private>
09-28 17:52:49.309   818   818 E C02515/DISP: [0;32;31m[GetMetadata:109] <private> is not supported[m
09-28 17:52:49.309   818   818 E C02515/DISP: [0;32;31m[GetMetadata:109] <private> is not supported[m
09-28 17:52:49.309   818   818 E C02515/DISP: [0;32;31m[GetMetadata:109] <private> is not supported[m
09-28 17:52:49.309 13972 14185 I C00f00/OH_DER_VSync: scheduleVsync ENTRY receiverPtr=0x<private>
09-28 17:52:49.309 13972 14185 I C00f00/OH_DER_VSync: scheduleVsync calling RequestFrame ohVsync=<private>
09-28 17:52:49.309 13972 14185 I C00f00/OH_DER_VSync: scheduleVsync RequestFrame rc=<private>
09-28 17:52:49.310   818   818 E C01406/skia: RSBaseRenderUtil::DealWithSurfaceRotationAndGravity, GetSurfaceBufferOpaque:0
09-28 17:52:49.310   818   818 E C02515/DISP: [0;32;31m[GetMetadata:109] <private> is not supported[m
09-28 17:52:49.310   818   818 E C01406/skia: RSBaseRenderUtil::DealWithSurfaceRotationAndGravity, GetSurfaceBufferOpaque:0
09-28 17:52:49.310   818   818 E C02515/DISP: [0;32;31m[GetMetadata:109] <private> is not supported[m
09-28 17:52:49.310  1048 14714 I C02d13/HDC_LOG: [async_cmd.cpp:88] FinishShellProc finish pipeRead fd:38 pid:14713 count:1
09-28 17:52:49.311  1048 14714 I C02d13/HDC_LOG: [task.cpp:55] HdcTaskBase::TaskFinish notify begin type:0 cid:1577853360 sid:213******641(L:10)
09-28 17:52:49.311   818  1137 E C02515/DISP: [0;32;31m[SetMetadata:102] <private> is not supported[m
09-28 17:52:49.311   818  1137 E C02515/METADATA_SRV: [0;32;31m[SetMetadata:136]  fail[m
09-28 17:52:49.311   818  1137 E C01401/Bufferqueue: <surface_buffer_impl.cpp:714-SetMetadata>: SetMetadata Failed with -5
09-28 17:52:49.311  1048 14714 I C02d13/HDC_LOG: [task.cpp:58] HdcTaskBase::TaskFinish notify end type:0 cid:1577853360 sid:213******641(L:10)
09-28 17:52:49.311   818  1137 E C01406/skia: SurfaceNodeDrawable DrawCommSurfaceWatermark Name:BackgroundBlurView2 Id:8933531975688 water mark count is zero
09-28 17:52:49.311   818  1137 E C01406/skia: RSBaseRenderUtil::DealWithSurfaceRotationAndGravity, GetSurfaceBufferOpaque:0
09-28 17:52:49.311   818  1137 I C01406/WRAP: AHardwareBuffer_createFromHandle index = <private> handle = <private>, ahb = <private>
09-28 17:52:49.312   818  1137 E C01406/skia: SurfaceNodeDrawable DrawCommSurfaceWatermark Name:AdapterActivityContent Id:60009283059715 water mark count is zero
09-28 17:52:49.312   818  1137 E C01406/skia: RSBaseRenderUtil::DealWithSurfaceRotationAndGravity, GetSurfaceBufferOpaque:0
09-28 17:52:49.312   818  1137 I C01406/WRAP: AHardwareBuffer_createFromHandle index = <private> handle = <private>, ahb = <private>
09-28 17:52:49.312   818  1137 E C01406/skia: SurfaceNodeDrawable DrawCommSurfaceWatermark Name:AdapterSurfaceView Id:60009283059716 water mark count is zero
09-28 17:52:49.312   818  1137 E C01406/skia: SurfaceNodeDrawable DrawCommSurfaceWatermark Name:com.a2hlab.bridge.zigzag/com.unity3d.player.UnityPlayerActivity Id:60009283059713 water mark count is zero
09-28 17:52:49.312   818  1137 E C01406/skia: SurfaceNodeDrawable DrawCommSurfaceWatermark Name:WindowScene_zigzag37 Id:8933531976573 water mark count is zero
09-28 17:52:49.312   818  1137 E C01406/skia: SurfaceNodeDrawable DrawCommSurfaceWatermark Name:SCBGestureNavBar13 Id:8933531975827 water mark count is zero
09-28 17:52:49.312   818  1137 E C01406/skia: SurfaceNodeDrawable DrawCommSurfaceWatermark Name:SCBStatusBar15 Id:8933531975907 water mark count is zero
09-28 17:52:49.313  1048  1170 I C02d13/HDC_LOG: [daemon.cpp:1142] FetchCommand channelId:1577853360 command:2
09-28 17:52:49.313  1048  1170 W C02d13/HDC_LOG: [session.cpp:160] BeginRemoveTask taskType:0 channelId:1577853360
09-28 17:52:49.313  1048  1170 W C02d13/HDC_LOG: [session.cpp:190] ClearOwnTasks OP_CLEAR finish, sessionId:213******641(L:10) channelIDInput:1577853360
09-28 17:52:49.313  1048  1170 W C02d13/HDC_LOG: [session.cpp:115] taskClassDeleteRetry start clear task, taskType:0 cid:1577853360 sid:213******641(L:10)
09-28 17:52:49.313  1048  1170 I C02d13/HDC_LOG: [async_cmd.cpp:69] DoRelease rc:-3 pid:14713
09-28 17:52:49.313  1048  1170 I C02d13/HDC_LOG: [session.cpp:126] TaskDelay task remove retry count 0/30, taskType:0 channelId:1577853360, sessionId:213******641(L:10)
09-28 17:52:49.313  1048  1170 I C02d13/HDC_LOG: [daemon_unity.cpp:31] ~HdcDaemonUnity cid:1577853360 sid:213******641(L:10)
09-28 17:52:49.313  1048  1170 I C02d13/HDC_LOG: [task.cpp:40] ~HdcTaskBase type:0 cid:1577853360 sid:213******641(L:10)
09-28 17:52:49.313  1048  1170 W C02d13/HDC_LOG: [session.cpp:134] TaskDelay task remove finish, channelId:1577853360
09-28 17:52:49.313  1048  1170 I C02d13/HDC_LOG: [base.cpp:969] before uv handle close, the uv handle type is 13
09-28 17:52:49.314   818  1137 E C02515/DISP: [0;32;31m[GetMetadata:109] <private> is not supported[m
09-28 17:52:49.314   818  1137 E C02515/DISP: [0;32;31m[SetMetadata:102] <private> is not supported[m
09-28 17:52:49.314   818  1137 E C02515/METADATA_SRV: [0;32;31m[SetMetadata:136]  fail[m
09-28 17:52:49.314   818  1137 E C01401/Bufferqueue: <surface_buffer_impl.cpp:714-SetMetadata>: SetMetadata Failed with -5
09-28 17:52:49.314   818  1137 E C01406/skia: RSUniRenderComposerAdapter::SetBufferColorSpace set color space fail
09-28 17:52:49.319  1048  1170 I C02d13/HDC_LOG: [daemon.cpp:1142] FetchCommand channelId:1577853360 command:2
09-28 17:52:49.325 13972 14187 I C00f00/OH_DER_VSync: onOhVsync ENTRY ts=<private> data=<private>
09-28 17:52:49.326 13972 14185 I C00f00/OH_DER_VSync: scheduleVsync ENTRY receiverPtr=0x<private>
09-28 17:52:49.326 13972 14185 I C00f00/OH_DER_VSync: scheduleVsync calling RequestFrame ohVsync=<private>
09-28 17:52:49.326 13972 14185 I C00f00/OH_DER_VSync: scheduleVsync RequestFrame rc=<private>
09-28 17:52:49.327   818  1132 E C02515/DISP: [0;32;31m[SetMetadata:102] <private> is not supported[m
09-28 17:52:49.328   818  1132 E C02515/METADATA_SRV: [0;32;31m[SetMetadata:136]  fail[m
09-28 17:52:49.328   818  1132 E C01401/Bufferqueue: <surface_buffer_impl.cpp:714-SetMetadata>: SetMetadata Failed with -5
09-28 17:52:49.329   793  4141 E C02515/DISP: [0;32;31m[SetLayerMaskInfo@display_composer_vdi_impl.cpp:404] <private> is not supported[m
09-28 17:52:49.329   818  1228 E C02515/DISP: [0;32;31m[SetMetadata:102] <private> is not supported[m
09-28 17:52:49.329   818  1228 E C02515/METADATA_SRV: [0;32;31m[SetMetadata:136]  fail[m
09-28 17:52:49.329   818  1228 E C01401/Bufferqueue: <surface_buffer_impl.cpp:714-SetMetadata>: SetMetadata Failed with -5
09-28 17:52:49.330   793  4141 E C02515/DISP: [0;32;31m[SetDisplayClientDamage@display_composer_vdi_impl.cpp:179] <private> is not supported[m
09-28 17:52:49.342   818   818 E C02515/DISP: [0;32;31m[GetMetadata:109] <private> is not supported[m
09-28 17:52:49.342   818   818 E C02515/DISP: [0;32;31m[GetMetadata:109] <private> is not supported[m
09-28 17:52:49.342   818   818 E C02515/DISP: [0;32;31m[GetMetadata:109] <private> is not supported[m
09-28 17:52:49.343   818   818 E C01406/skia: RSBaseRenderUtil::DealWithSurfaceRotationAndGravity, GetSurfaceBufferOpaque:0
09-28 17:52:49.343   818   818 E C02515/DISP: [0;32;31m[GetMetadata:109] <private> is not supported[m
09-28 17:52:49.343   818   818 E C01406/skia: RSBaseRenderUtil::DealWithSurfaceRotationAndGravity, GetSurfaceBufferOpaque:0
09-28 17:52:49.343   818   818 E C02515/DISP: [0;32;31m[GetMetadata:109] <private> is not supported[m
09-28 17:52:49.344 13972 14187 I C00f00/OH_DER_VSync: onOhVsync ENTRY ts=<private> data=<private>
09-28 17:52:49.344 13972 14185 I C00f00/OH_DER_VSync: scheduleVsync ENTRY receiverPtr=0x<private>
09-28 17:52:49.344 13972 14185 I C00f00/OH_DER_VSync: scheduleVsync calling RequestFrame ohVsync=<private>
09-28 17:52:49.344   818  1137 E C02515/DISP: [0;32;31m[SetMetadata:102] <private> is not supported[m
09-28 17:52:49.344   818  1137 E C02515/METADATA_SRV: [0;32;31m[SetMetadata:136]  fail[m
09-28 17:52:49.344   818  1137 E C01401/Bufferqueue: <surface_buffer_impl.cpp:714-SetMetadata>: SetMetadata Failed with -5
09-28 17:52:49.344 13972 14185 I C00f00/OH_DER_VSync: scheduleVsync RequestFrame rc=<private>
09-28 17:52:49.344   818  1137 E C01406/skia: SurfaceNodeDrawable DrawCommSurfaceWatermark Name:BackgroundBlurView2 Id:8933531975688 water mark count is zero
09-28 17:52:49.344   818  1137 E C01406/skia: RSBaseRenderUtil::DealWithSurfaceRotationAndGravity, GetSurfaceBufferOpaque:0
09-28 17:52:49.345   818  1137 I C01406/WRAP: AHardwareBuffer_createFromHandle index = <private> handle = <private>, ahb = <private>
09-28 17:52:49.345   818  1137 E C01406/skia: SurfaceNodeDrawable DrawCommSurfaceWatermark Name:AdapterActivityContent Id:60009283059715 water mark count is zero
09-28 17:52:49.345   818  1137 E C01406/skia: RSBaseRenderUtil::DealWithSurfaceRotationAndGravity, GetSurfaceBufferOpaque:0
09-28 17:52:49.345   818  1137 I C01406/WRAP: AHardwareBuffer_createFromHandle index = <private> handle = <private>, ahb = <private>
09-28 17:52:49.345   818  1137 E C01406/skia: SurfaceNodeDrawable DrawCommSurfaceWatermark Name:AdapterSurfaceView Id:60009283059716 water mark count is zero
09-28 17:52:49.345   818  1137 E C01406/skia: SurfaceNodeDrawable DrawCommSurfaceWatermark Name:com.a2hlab.bridge.zigzag/com.unity3d.player.UnityPlayerActivity Id:60009283059713 water mark count is zero
09-28 17:52:49.345   818  1137 E C01406/skia: SurfaceNodeDrawable DrawCommSurfaceWatermark Name:WindowScene_zigzag37 Id:8933531976573 water mark count is zero
09-28 17:52:49.346   818  1137 E C01406/skia: SurfaceNodeDrawable DrawCommSurfaceWatermark Name:SCBGestureNavBar13 Id:8933531975827 water mark count is zero
09-28 17:52:49.346   818  1137 E C01406/skia: SurfaceNodeDrawable DrawCommSurfaceWatermark Name:SCBStatusBar15 Id:8933531975907 water mark count is zero
09-28 17:52:49.347   818  1137 E C02515/DISP: [0;32;31m[GetMetadata:109] <private> is not supported[m
09-28 17:52:49.347   818  1137 E C02515/DISP: [0;32;31m[SetMetadata:102] <private> is not supported[m
09-28 17:52:49.347   818  1137 E C02515/METADATA_SRV: [0;32;31m[SetMetadata:136]  fail[m
09-28 17:52:49.347   818  1137 E C01401/Bufferqueue: <surface_buffer_impl.cpp:714-SetMetadata>: SetMetadata Failed with -5
09-28 17:52:49.347   818  1137 E C01406/skia: RSUniRenderComposerAdapter::SetBufferColorSpace set color space fail
09-28 17:52:49.359 13972 14187 I C00f00/OH_DER_VSync: onOhVsync ENTRY ts=<private> data=<private>
09-28 17:52:49.359 13972 14185 I C00f00/OH_DER_VSync: scheduleVsync ENTRY receiverPtr=0x<private>
09-28 17:52:49.359 13972 14185 I C00f00/OH_DER_VSync: scheduleVsync calling RequestFrame ohVsync=<private>
09-28 17:52:49.359 13972 14185 I C00f00/OH_DER_VSync: scheduleVsync RequestFrame rc=<private>
