01-01 15:00:41.418     0     0 I I00000/HiLog: ========Zeroth log of type: init
09-28 17:50:49.555  1971  1971 W A01b01/HOME: FormModel: get all forms from layout
09-28 17:50:49.555  1971  1971 I A01b01/HOME: PageDesktopViewModel --> index: 1, pageList: 1, is outer: false
09-28 17:50:49.555  1971  1971 W A01b01/HOME: PageDesktopViewModel --> no cards in layout!
09-28 17:50:51.119  1971  1971 E A04200/WINDOW: [SCBMission]SCBSceneMissionManager: findMainSessionGlobalById error, not exist.
09-28 17:50:51.119  1971  1971 E A04200/WINDOW: [SCBMission]SCBScenePanelMissionHandler: [Screen:0][Panel:1] invalid persistentId
09-28 17:50:51.119  1971  1971 I A04200/WINDOW: [SCBMission]SCBScenePanelMissionHandler: [Screen:0][Panel:1] get none existing session.
09-28 17:50:51.119  1971  1971 E A04200/WINDOW: [SCBMission]SCBScenePanelMissionHandler: [Screen:0][Panel:2] invalid persistentId
09-28 17:50:51.120  1971  1971 I A04200/WINDOW: [SCBMission]SCBScenePanelMissionHandler: [Screen:0][Panel:2] get none existing session.
09-28 17:50:51.120  1971  1971 I A04200/WINDOW: [SCBMission]SCBSceneMissionManager: no exist container session match the info to be found.
09-28 17:50:51.120  1971  1971 I A04200/WINDOW: SCBRootSceneSession: onPendingSceneSessionActivation sceneInfo.persistentId:37 callState: 0 callerPersistentId: 0 windowMode: 0 appIndex: 0 needClearInNotShowRecent: falsedeviceTypes:  resizable: 0 supportWindowMode: 
09-28 17:50:51.120  1971  1971 I A04200/WINDOW: SCBRootSceneSession: onPendingSceneSessionActivation sceneInfo.screenName:UNKNOWN
09-28 17:50:51.121  1971  1971 I A04200/WINDOW: SCBRootSceneSession: fileManagerMode: , extraFormIdentity: 
09-28 17:50:51.121  1971  1971 W A04200/WINDOW: SCBSSM: [SCBMain]startSceneFromOther:{persistentId:37, screenId: 0, bundleInfo:com.unity3d.player.UnityPlayerActivity/com.a2hlab.bridge.zigzag/entry/0, unclearableSession:undefined, callerPersistentId:0, callerAbilityName: , toPersistentId:0, launchType:0, isNewInstance:false, fullScreenStart:false, _windowMode:1, isAppUseControl:undefined, isUnclearableInRecent:undefined, focusedOnShow:true, isAtomicService:falseisStartupInstallFree:false, isNewAppInstance:false, appInstanceKey:}, startMode:1
09-28 17:50:51.121  1971  1971 W A04200/WINDOW: SCBSSM: isExclusion, app startup detect
09-28 17:50:51.121  1971  1971 I A01b01/HOME: DeliverUtil: get default const.app_eco.support_ohos: default get default persist.ohos_fusion_mgr.ctl.support_ohos: default
09-28 17:50:51.121  1971  1971 I A01b01/HOME: SampleManager: isSampleMg: false
09-28 17:50:51.121  1971  1971 I A04200/WINDOW: SCBSSM: SCBSSM
09-28 17:50:51.121  1971  1971 I A04200/WINDOW: SCBSSM: SCBSSM
09-28 17:50:51.121  1971  1971 I A04200/WINDOW: SCBSSM: Start scene on screen with screenId: 0!
09-28 17:50:51.121  1971  1971 W A01b01/HOME: SCBScenePanelViewModel: [SCBMain][id:37][sceneInfo:com.a2hlab.bridge.zigzag/entry/com.unity3d.player.UnityPlayerActivity/0][screenId:0]onStartSceneFromOther.
09-28 17:50:51.121  1971  1971 I A04200/WINDOW: [SCBMission]SCBScenePanelMissionHandler: [Screen:0][Panel:1] get none existing session.
09-28 17:50:51.121  1971  1971 I A04200/WINDOW: [SCBMission]SCBScenePanelMissionHandler: [Screen:0][Panel:1] get none existing session.
09-28 17:50:51.121  1971  1971 I A04200/WINDOW: [SCBMission]SCBScenePanelMissionHandler: [Screen:0][Panel:2] get none existing session.
09-28 17:50:51.121  1971  1971 I A04200/WINDOW: [SCBMission]SCBScenePanelMissionHandler: [Screen:0][Panel:2] get none existing session.
09-28 17:50:51.121  1971  1971 I A04200/WINDOW: [SCBMission]SCBSceneMissionManager: no exist container session match the info to be found.
09-28 17:50:51.121  1971  1971 I A01b01/HOME: StartAndExitVisualEffectManager: mIsPowerSaveMode: false
09-28 17:50:51.122  1971  1971 I A01b01/HOME: StartAndExitVisualEffectManager: mIsStartExitBlurDisable: true
09-28 17:50:51.122  1971  1971 W A01b01/HOME: SCBScenePanelViewModel: onStartSceneFromOther get CardId from formID cardId =  isStartCard=false
09-28 17:50:51.122  1971  1971 I A04200/WINDOW: SCBScenePanelViewModel: [SCBMain][id:37][screenId:0]requestSceneSession, callerPersistentId:0, needLinkCaller:true
09-28 17:50:51.122  1971  1971 I A04200/WINDOW: SCBScenePanelViewModel: [SCBMain] find sceneSession from other screen
09-28 17:50:51.122  1971  1971 I A04200/WINDOW: SCBSSM: popSceneFromOtherScreen toScreen: 0 needBackground: true, needUpdateScreenId: true
09-28 17:50:51.122  1971  1971 E A04200/WINDOW: [SCBMission]SCBSceneMissionManager: findMainSessionGlobalById error, not exist.
09-28 17:50:51.122  1971  1971 I A04200/WINDOW: [SCBMission]SCBSceneMissionManager: popSceneFromOtherScreenByPersistentId not found target session
09-28 17:50:51.122  1971  1971 I A04200/WINDOW: [SCBMission]SCBScenePanelMissionHandler: [Screen:0][Panel:1] get none existing session.
09-28 17:50:51.122  1971  1971 I A04200/WINDOW: [SCBMission]SCBScenePanelMissionHandler: [Screen:0][Panel:1] get none existing session.
09-28 17:50:51.122  1971  1971 I A04200/WINDOW: [SCBMission]SCBScenePanelMissionHandler: [Screen:0][Panel:2] get none existing session.
09-28 17:50:51.122  1971  1971 I A04200/WINDOW: [SCBMission]SCBScenePanelMissionHandler: [Screen:0][Panel:2] get none existing session.
09-28 17:50:51.122  1971  1971 I A04200/WINDOW: [SCBMission]SCBSceneMissionManager: no exist container session match the info to be found.
09-28 17:50:51.122  1971  1971 I A04200/WINDOW: [SCBMission]SCBSceneMissionManager: popSceneFromOtherScreenByInfo not found target session
09-28 17:50:51.122  1971  1971 I A04200/WINDOW: SCBSSM: isProjectionBundleName bundleName = com.a2hlab.bridge.zigzag, screenId = 0
09-28 17:50:51.122  1971  1971 I A04200/WINDOW: SCBScenePanelViewModel: [SCBMain]requestSceneSession using exist persistentId: 37
09-28 17:50:51.122  1971  1971 W A04200/WINDOW: SCBScenePanelViewModel: getSceneSessionByPersistentId find nothing, id 37
09-28 17:50:51.122  1971  1971 W A04200/WINDOW: SCBScenePanelViewModel: [SCBMain][id:37][sceneInfo:com.a2hlab.bridge.zigzag/entry/com.unity3d.player.UnityPlayerActivity/0][screenId:0]request New SceneSession.
09-28 17:50:51.122  1971  1971 I A04200/WINDOW: SCBSSM: [SCBMain] set isAbilityHook false
09-28 17:50:51.124  1971  1971 I A04200/WINDOW: [SCBMission]SCBSceneMissionManager: [SCBMain][id:37][sceneInfo:com.a2hlab.bridge.zigzag/entry/com.unity3d.player.UnityPlayerActivity/0][screenId:0]requestSceneSession suceess, udpate persistentId from 37 to 37, udpate appInstanceKey from  to 
09-28 17:50:51.124  1971  1971 I A01b01/HOME: ResourceManager: getAppName bundleName:com.a2hlab.bridge.zigzag, moduleName:com.a2hlab.bridge.zigzag, labelId:16777219
09-28 17:50:51.125  1971  1971 I A04200/WINDOW: ContainerSessionInitBasicStrategy: Initialize the basic data state and mission management data status of the sceneSession.
09-28 17:50:51.125  1971  1971 I A04200/WINDOW: SCBSceneSession: SCBSceneSession registerData category:0.
09-28 17:50:51.125  1971  1971 I A04200/WINDOW: SCBSceneSession: SCBSceneSession registerData category:1.
09-28 17:50:51.125  1971  1971 I A04200/WINDOW: SCBSceneSession: SCBSceneSession registerState category:0.
09-28 17:50:51.126  1971  1971 I A04200/WINDOW: SCBSceneSession: requestOrientation: 0 queryKey: com.a2hlab.bridge.zigzagentrycom.unity3d.player.UnityPlayerActivity
09-28 17:50:51.127  1971  1971 I A04200/WINDOW: [SCBMission]SCBSceneMissionManager: cacheNewSceneSession of id: 37, exist: false.
09-28 17:50:51.128  1971  1971 W A04200/WINDOW: SCBScenePanelViewModel: Failed to get scene containerSession with session id: 37
09-28 17:50:51.128  1971  1971 I A01b01/HOME: SCBScenePanelViewModel: postStartSceneFromOtherEvent: com.a2hlab.bridge.zigzag + com.unity3d.player.UnityPlayerActivity
09-28 17:50:51.129  1971  1971 W A01a01/NC: DropdownPanel-Index: onStartSceneFromOtherEvent return. event: com.a2hlab.bridge.zigzag isViewShowing:false
09-28 17:50:51.129  1971  1971 I A04200/WINDOW: SCBScenePanelViewModel: GuidanceLog set unNeedKnowMore
09-28 17:50:51.129  1971  1971 I A01b00/SCB: SCBTM: findTransitionController. bundleName: com.a2hlab.bridge.zigzag, overlayBundleName: undefined
09-28 17:50:51.129  1971  1971 W A01b01/HOME: PageDesktopModel: findTransitionController shortcutId empty bundleName:com.a2hlab.bridge.zigzag
09-28 17:50:51.129  1971  1971 W A01b01/HOME: PageDesktopModel: findTransitionController bundleName: com.a2hlab.bridge.zigzag, abilityName: com.unity3d.player.UnityPlayerActivity, startType: 0, formCardId: undefined, cardId: undefined, extraId: undefined, appIndex: 0, shortcutId: undefined, appInstanceKey: %{public}s
09-28 17:50:51.129  1971  1971 W A01b00/SCB: SCBTM: Find controller success ? true, findData: {"bundleName":"com.a2hlab.bridge.zigzag","abilityName":"com.unity3d.player.UnityPlayerActivity","appIndex":0,"appIconId":"","iconRadius":0,"appIconNumber":0,"startAppType":0,"isOpenFolder":false}
09-28 17:50:51.129  1971  1971 W A01b01/HOME: SCBScenePanelViewModel: [SCBMain]onStartSceneFromOther isNewWant false. StartApp:com.a2hlab.bridge.zigzag
09-28 17:50:51.130  1971  1971 I A04200/WINDOW: ContainerSessionInitBasicStrategy: Initialize the basic data state and mission management data status of the containerSession.
09-28 17:50:51.130  1971  1971 I A01b00/SCB: SCBSCS: registerData category:0.
09-28 17:50:51.130  1971  1971 I A01b00/SCB: SCBSCS: registerData category:1.
09-28 17:50:51.131  1971  1971 I A01b00/SCB: SCBSCS: registerState category:1.
09-28 17:50:51.131  1971  1971 I A01b00/SCB: SCBSCS: registerState category:0.
09-28 17:50:51.131  1971  1971 I A01b00/SCB: SCBSCS: set NeedRenderClip clipWidth from 0 to 1200
09-28 17:50:51.131  1971  1971 I A01b00/SCB: SCBSCS: set NeedRenderClip clipHeight from 0 to 1920
09-28 17:50:51.131  1971  1971 I A01b00/SCB: SCBSCS: bundleName: com.a2hlab.bridge.zigzag, persistentId: 37
09-28 17:50:51.131  1971  1971 I A04200/WINDOW: SCBSPM: Add scene container session, id: 8
09-28 17:50:51.132  1971  1971 I A01b01/HOME: SCBScenePanelViewModel: [SCBMain]onStartSceneFromOther add new session: 8
09-28 17:50:51.132  1971  1971 I A0421d/WMSRotation: [startSceneWithRotationIfNeed] containerSession com.unity3d.player.UnityPlayerActivity/com.a2hlab.bridge.zigzag/entry/0(persistentId: 37)(containerId: 8), needAnimation false isFromRecent false fromUser false isPageRotation false
09-28 17:50:51.132  1971  1971 I A0421d/WMSRotation: [coverSensorRotation] cover sensor rotation.
09-28 17:50:51.132  1971  1971 I A0421d/WMSRotation: [calculateScreenPropertyWithRotation] before rotation: {"left":0,"top":0,"width":1200,"height":1920,"radius":0,"rotation":0,"screenId":0,"rsId":0,"defaultScreenOrientation":0,"_rotationOffset":0,"_correctingRotation":0,"_defaultRotation":0,"translateX":0,"translateY":0}
09-28 17:50:51.132  1971  1971 I A0421d/WMSRotation: [calculateScreenPropertyWithRotation]after rotation: {"left":0,"top":0,"width":1200,"height":1920,"radius":0,"rotation":0,"screenId":0,"rsId":0,"defaultScreenOrientation":0,"_rotationOffset":0,"_correctingRotation":0,"_defaultRotation":0,"translateX":0,"translateY":0}
09-28 17:50:51.132  1971  1971 I A04200/WINDOW: SCBScreenSession: coverPhoneSensorRotation sensorProperty: {"left":0,"top":0,"width":1200,"height":1920,"radius":0,"rotation":0,"screenId":0,"rsId":0,"defaultScreenOrientation":0,"_rotationOffset":0,"_correctingRotation":0,"_defaultRotation":0,"translateX":0,"translateY":0}
09-28 17:50:51.132  1971  1971 I A04200/WINDOW: SCBScreenSM: screenRotationLocked value:false
09-28 17:50:51.132  1971  1971 W A0421d/WMSRotation: [getTargetRotation] bundleName:com.a2hlab.bridge.zigzag requestOrientation:0 isScreenLocked:false isPlacedRotateFriendlyDevicePlaced:false fixedRotation: -1
09-28 17:50:51.132  1971  1971 I A04200/WINDOW: SCBSceneOrientationPolicy: SCBDefaultOrientationPolicy: currentScreenRotation: 0, sensorRotation: 0, isScreenLocked: false, fromUser: false, isPlacedRotateFriendlyDevicePlaced: false
09-28 17:50:51.132  1971  1971 W A0421d/WMSRotation: [startSceneWithRotationIfNeed] before rotate with targetRotation=0, sensorRotation=0, currentScreenRotation=0, currentContainerRotation=0, name=com.a2hlab.bridge.zigzag
09-28 17:50:51.133  1971  1971 I A0421d/WMSRotation: [rotateWindowPolicy] rotate with window policy.
09-28 17:50:51.133  1971  1971 I A0421d/WMSRotation: [rotateWindowPolicy] no need to rotate with same targetRotation.
09-28 17:50:51.133  1971  1971 W A01b01/HOME: SCBScenePanelViewModel: [SCBMain]onStartSceneFromOther com.unity3d.player.UnityPlayerActivity/com.a2hlab.bridge.zigzag/entry/0(persistentId: 37)(containerId: 8) isActive:false isStartCard:false needBlurAnimation:true scenePanelState:0
09-28 17:50:51.133  1971  1971 I A01b09/RECENT: RecentPanelViewModel: [SCBMain]onStartSceneFromOther com.example.helloworld.MainActivity/com.example.helloworld/entry/0(persistentId: 32)(containerId: 7) notShowSessionDestroy
09-28 17:50:51.133  1971  1971 W A01b01/HOME: SCBScenePanelViewModel: [SCBMain]onStartSceneFromOther do not need minimize former scene, activeContainer is null? true
09-28 17:50:51.133  1971  1971 I A04200/WINDOW: SCBSPM: Remove container id: 8, 37
09-28 17:50:51.133  1971  1971 I A01b09/RECENT: RecentDockRefreshAlarm: start alarm recent dock: com.unity3d.player.UnityPlayerActivity/com.a2hlab.bridge.zigzag/entry/0(persistentId: 37)(containerId: 8)
09-28 17:50:51.133  1971  1971 W A0420a/WMSLife: Request scene container session activation, name: com.unity3d.player.UnityPlayerActivity/com.a2hlab.bridge.zigzag/entry/0(persistentId: 37)(containerId: 8) isNewActive: false, isPersist: true, reason: undefined
09-28 17:50:51.133  1971  1971 I A04200/WINDOW: SCBSceneRecentMissionManager: add id 37 to recentMissionIdSet
09-28 17:50:51.133  1971  1971 I A04200/WINDOW: SCBSceneSession: [SCBMain]requestSceneSessionActivation: isNewActive: false, isPersist: true, reason: undefined, name: com.unity3d.player.UnityPlayerActivity/com.a2hlab.bridge.zigzag/entry/0(persistentId: 37), containerRotation: 0
09-28 17:50:51.134  1971  1971 I A04200/WINDOW: SCBSSM: [SCBMain][id:37]requestSceneSessionActivation.
09-28 17:50:51.134  1971  1971 I A04200/WINDOW: [a92ab5387b20c05] SCBSSM: [SCBMain]setIsPendingToBackgroundState, state:false
09-28 17:50:51.134  1971  1971 I A04200/WINDOW: [a92ab5387b20c05] SCBSSM: [SCBMain]setIsActivatedAfterScreenLocked, isScreenLocked: false
09-28 17:50:51.134  1971  1971 I A04200/WINDOW: SCBSceneSession: [SCBMain]isForegroundAndActive: sessionState: undefined, isActive: true
09-28 17:50:51.134  1971  1971 I A04200/WINDOW: SCBScenePersistent: update to persistentMap, bundleName: com.a2hlab.bridge.zigzag moduleName: entry abilityName: com.unity3d.player.UnityPlayerActivity
09-28 17:50:51.134  1971  1971 I A01b01/HOME: SCBScenePanelViewModel: enter FULLSCENE
09-28 17:50:51.134  1971  1971 I A01b09/RECENT: RecentPanel: RecentViewParam init
09-28 17:50:51.135  1971  1971 W A01b00/SCB: SCBSCS: [SCBSCS] sceneAlpha from 0 to 1. reason: init, extra: com.ohos.settings.MainAbility/com.ohos.settings/phone/0(persistentId: 31)(containerId: 1)
09-28 17:50:51.135  1971  1971 W A01b00/SCB: SCBSCS: [SCBSCS] sceneAlpha from 0 to 1. reason: init, extra: EntryAbility/org.westlake.la9/entry/0(persistentId: 36)(containerId: 2)
09-28 17:50:51.135  1971  1971 W A01b00/SCB: SCBSCS: [SCBSCS] sceneAlpha from 0 to 1. reason: init, extra: EntryAbility/org.westlake.la6/entry/0(persistentId: 33)(containerId: 3)
09-28 17:50:51.136  1971  1971 W A01b00/SCB: SCBSCS: [SCBSCS] sceneAlpha from 0 to 1. reason: init, extra: EntryAbility/org.westlake.la0/entry/0(persistentId: 29)(containerId: 4)
09-28 17:50:51.136  1971  1971 W A01b00/SCB: SCBSCS: [SCBSCS] sceneAlpha from 0 to 1. reason: init, extra: EntryAbility/org.westlake.la1/entry/0(persistentId: 42)(containerId: 5)
09-28 17:50:51.136  1971  1971 W A01b00/SCB: SCBSCS: [SCBSCS] sceneAlpha from 0 to 1. reason: init, extra: EntryAbility/org.westlake.imehost/entry/0(persistentId: 30)(containerId: 6)
09-28 17:50:51.136  1971  1971 W A01b00/SCB: SCBSCS: [SCBSCS] sceneAlpha from 0 to 1. reason: init, extra: com.unity3d.player.UnityPlayerActivity/com.a2hlab.bridge.zigzag/entry/0(persistentId: 37)(containerId: 8)
09-28 17:50:51.137  1971  1971 I A01b01/HOME: SCBScenePanelViewModel: updateScenePanelState from 0 to 1
09-28 17:50:51.137  1971  1971 I A01b01/HOME: SCBDesktop: scenePanelState change 1
09-28 17:50:51.137  1971  1971 I A01b01/HOME: SCBDesktop: updateScenePanelState, sceneState:1
09-28 17:50:51.137  1971  1971 W A01c05/FORM: PageDesktopViewModel --> localEventListener receive event: launcher.event.REQUEST_FORM_RECYCLE
09-28 17:50:51.137  1971  1971 I A01c05/FORM: PageDesktopViewModel --> current recycleFormEventHandler, state = true, currentStartApp = false
09-28 17:50:51.137  1971  1971 I A01b00/SCB: LocalEventManager: sendLocalEvent, send local event with no receiver
09-28 17:50:51.137  1971  1971 I A01c05/FORM: FormStackExpandView: formstack expand onScenePanelStateChange: 1
09-28 17:50:51.137  1971  1971 I A01a00/SYS_UI: SystemUIView: onScenePanelStateChange: 1
09-28 17:50:51.138  1971  1971 I A01b0a/GESTURE: AIBarView: ScenepanelState has change to 1
09-28 17:50:51.138  1971  1971 I A01a00/SYS_UI: SystemUIView: onScenePanelStateChange: 1
09-28 17:50:51.138  1971  1971 I A01b0a/GESTURE: FloatingNavigationManager: setScenePanelState 1
09-28 17:50:51.138  1971  1971 I A01b0a/GESTURE: FloatingNavigationManager: sendFloatingIsInApp true
09-28 17:50:51.138  1971  1971 I A01b0a/GESTURE: FloatingNavigationManager: sendFloatingNavIsInApp swich is closed
09-28 17:50:51.138  1971  1971 I A01b01/HOME: SCBScenePanel: is scrolling value is  false  state is  1 
09-28 17:50:51.138  1971  1971 I A01b00/SCB: PerformanceReporter: Enter calledScene:32, currentMemScene:32
09-28 17:50:51.138  1971  1971 W A01b09/RECENT: SCBScenePanelSession: setBgBlurEnable, isBlurEnable: true, caller function name: updateScenePanelState
09-28 17:50:51.139  1971  1971 I A01b00/SCB: GlobalContext: getObject (1): desktopContext is null: false
09-28 17:50:51.139  1971  1971 I A01b00/SCB: GlobalContext: getObject (1): desktopContext is null: false
09-28 17:50:51.143  1971  1971 I A01b01/HOME: SCBScenePanel: [scenePanelCanvasStyles] set Scale to: 1
09-28 17:50:51.148  1971  1971 I A01b0a/GESTURE: AIBarView: checkShowAiBar
09-28 17:50:51.148  1971  1971 I A04200/WINDOW: SCBSSM: getSystemSceneSessionWithId persistentId:18, mainScreenId:0, screenId:0
09-28 17:50:51.148  1971  1971 I A04200/WINDOW: SCBSSM: Find system scene session : 18
09-28 17:50:51.149  1971  1971 I A01b0a/GESTURE: aiBarViewData: powerMode:600 thermalLevel:0 isEnterDeliver:false
09-28 17:50:51.151  1971  1971 I A01b01/HOME: SCBSceneContainer: init.
09-28 17:50:51.151  1971  1971 I A01b0a/GESTURE: SCBEventExclusiveManager: registerEventExclusive, caller:SPLIT_GESTURE
09-28 17:50:51.152  1971  1971 I A04200/WINDOW: SCBScreenSM: registerScreenRotateChangeCallbacks caller: at aboutToAppear (SCBSceneContainer.ts:902:47)
09-28 17:50:51.152  1971  1971 I A04200/WINDOW: SCBScreenSM: registerScreenRotateChangeCallbacks screenId: 0 14
09-28 17:50:51.152  1971  1971 W A01b01/HOME: SCBSceneContainer: [SCBMain] com.unity3d.player.UnityPlayerActivity/com.a2hlab.bridge.zigzag/entry/0(persistentId: 37)(containerId: 8) enableShow change from false to true. Detail:isPrebuildStageEnableShow:false, showInRecent:false, sceneContainerSession.enableShow:true, showInScrolling:false
09-28 17:50:51.161  1971  1971 I A01c06/ICON: CompanionIcon: aboutToAppear
09-28 17:50:51.161  1971  1971 W A01c06/ICON: CompanionIcon: updateIcon startType: 0
09-28 17:50:51.161  1971  1971 I A01c06/ICON: CompanionIcon: aboutToAppear moduleName: undefined, bundleName: undefined, startAppType: undefined
09-28 17:50:51.161  1971  1971 I A04200/WINDOW: SCBSSM: Register func type: 23 with screenId: 0 success.
09-28 17:50:51.161  1971  1971 I A04200/WINDOW: SCBSSM: Register func type: 14 with screenId: 0 success.
09-28 17:50:51.162  1971  1971 I A04200/WINDOW: SCBSceneViewModel: init.
09-28 17:50:51.162  1971  1971 I A04200/WINDOW: SCBSceneSession: registerOnUpdateSessionIconCallback
09-28 17:50:51.163  1971  1971 W A04200/WINDOW: SCBSceneSession: registerCreateSubSessionCallback, id: 37, on panel: undefined
09-28 17:50:51.163  1971  1971 I A04200/WINDOW: SCBSceneSession: [SCBDialog] registerCreateDialogCallback
09-28 17:50:51.163  1971  1971 I A04200/WINDOW: SCBSceneSession: registerSessionTouchableChangeCallback
09-28 17:50:51.163  1971  1971 I A04200/WINDOW: SCBSceneSession: registerSessionSystemBarPropertyCallback
09-28 17:50:51.163  1971  1971 I A04200/WINDOW: SCBSceneSession: registerUpdatePiPTemplateInfoCallback, persistentId: 37
09-28 17:50:51.163  1971  1971 I A04200/WINDOW: SCBKioskModeManager: sceneType=SCBScene37 registerKioskModeChangeEvent success.
09-28 17:50:51.171  1971  1971 I A04200/WINDOW: SCBSPM: onBlurTransitionActive blurScale:1 source:SCBScenePanel > startBlurAnimation leg 1 isForegroundBlurActive:false
09-28 17:50:51.171  1971  1971 W A01b09/RECENT: SCBScenePanelSession: setBgBlurScale, blurScale: 0 to 1,caller function name: SCBScenePanel > startBlurAnimation leg 1
09-28 17:50:51.172  1971  1971 I A01b01/HOME: SCBScenePanelViewModel: setScenePanelTouchableByNavigation is false, scenePanelState is 1 isTouchableByNavBar:false isTouchable:undefined
09-28 17:50:51.172  1971  1971 I A04200/WINDOW: SCBSystemSceneSession: setSessionTouchable:false this.sessionChangeCallback:undefined
09-28 17:50:51.172  1971  1971 I A04200/WINDOW: SCBSSM: [SCBMain]notifyForegroundInteractiveStatus, persistentId:37 interactive:true
09-28 17:50:51.172  1971  1971 I A04209/WMSImms: enterRecent:false
09-28 17:50:51.173  1971  1971 I A04200/WINDOW: SCBSSM: displayData(1200 1920) 
09-28 17:50:51.173  1971  1971 I A01b01/HOME: SCBScenePanelViewModel: close formservice and managerview when fullscene
09-28 17:50:51.173  1971  1971 I A01a00/SYS_UI: OverlayStartAnimHelper: checkStartOverlayTransitionIn
09-28 17:50:51.173  1971  1971 E A01a00/SYS_UI: OverlayStartAnimHelper: overlayCardInfo is invalid
09-28 17:50:51.173  1971  1971 I A04200/WINDOW: SCBSSM: resetStartingSceneFromPiP
09-28 17:50:51.173  1971  1971 I A01b01/HOME: SCBScenePanelViewModel: Not quickAccessMenu
09-28 17:50:51.173  1971  1971 W A01b01/HOME: SCBScenePanelViewModel: [SCBMain]onStartSceneFromOther !isActive call sceneContainerZoomIn
09-28 17:50:51.174  1971  1971 W A01c06/ICON: CompanionIcon: isNeedUpdateIcon name is Empty, return false
09-28 17:50:51.174  1971  1971 W A01c06/ICON: CompanionIcon: isNeedUpdateIcon name is Empty, return false
09-28 17:50:51.174  1971  1971 W A01b00/SCB: SCBSCS: [SCBScenePanelViewModel] sceneAlpha from 1 to 0. reason: sceneContainerZoomIn, extra: com.unity3d.player.UnityPlayerActivity/com.a2hlab.bridge.zigzag/entry/0(persistentId: 37)(containerId: 8)
09-28 17:50:51.174  1971  1971 I A0421d/WMSRotation: [startSceneWithRotationIfNeed] containerSession com.unity3d.player.UnityPlayerActivity/com.a2hlab.bridge.zigzag/entry/0(persistentId: 37)(containerId: 8), needAnimation false isFromRecent false fromUser false isPageRotation false
09-28 17:50:51.174  1971  1971 I A0421d/WMSRotation: [coverSensorRotation] cover sensor rotation.
09-28 17:50:51.174  1971  1971 I A04200/WINDOW: SCBScreenSM: screenRotationLocked value:false
09-28 17:50:51.174  1971  1971 W A0421d/WMSRotation: [getTargetRotation] bundleName:com.a2hlab.bridge.zigzag requestOrientation:0 isScreenLocked:false isPlacedRotateFriendlyDevicePlaced:false fixedRotation: -1
09-28 17:50:51.175  1971  1971 I A04200/WINDOW: SCBSceneOrientationPolicy: SCBDefaultOrientationPolicy: currentScreenRotation: 0, sensorRotation: 0, isScreenLocked: false, fromUser: false, isPlacedRotateFriendlyDevicePlaced: false
09-28 17:50:51.175  1971  1971 W A0421d/WMSRotation: [startSceneWithRotationIfNeed] before rotate with targetRotation=0, sensorRotation=0, currentScreenRotation=0, currentContainerRotation=0, name=com.a2hlab.bridge.zigzag
09-28 17:50:51.175  1971  1971 I A0421d/WMSRotation: [rotateWindowPolicy] rotate with window policy.
09-28 17:50:51.175  1971  1971 I A0421d/WMSRotation: [rotateWindowPolicy] no need to rotate with same targetRotation.
09-28 17:50:51.175  1971  1971 W A04202/WMSMain: add failed. com.unity3d.player.UnityPlayerActivity/com.a2hlab.bridge.zigzag/entry/0(persistentId: 37)(containerId: 8) already existed in array
09-28 17:50:51.175  1971  1971 I A04200/WINDOW: SCBSceneRecentMissionManager: add id 37 to recentMissionIdSet
09-28 17:50:51.175  1971  1971 I A04200/WINDOW: SCBSPM: Remove container id: 8, 37
09-28 17:50:51.175  1971  1971 I A01b09/RECENT: RecentDockRefreshAlarm: refresh recent dock: com.unity3d.player.UnityPlayerActivity/com.a2hlab.bridge.zigzag/entry/0(persistentId: 37)(containerId: 8)
09-28 17:50:51.175  1971  1971 I A01b09/RECENT: RecentDockRefreshAlarm: start alarm recent dock: com.unity3d.player.UnityPlayerActivity/com.a2hlab.bridge.zigzag/entry/0(persistentId: 37)(containerId: 8)
09-28 17:50:51.176  1971  1971 W A01b00/SCB: SCBSCS: Add count 8, 0
09-28 17:50:51.176  1971  1971 I A01b00/SCB: SCBTM: Add count 8, 0
09-28 17:50:51.176  1971  1971 W A01b00/SCB: SCBSCS: getTransitionCount from session 8, 1
09-28 17:50:51.176  1971  1971 W A01b00/SCB: SCBTM: getTransitionCount from animationMap 8, 1
09-28 17:50:51.176  1971  1971 W A01b01/HOME: SCBScenePanelAnimator: sceneContainerZoomIn 
09-28 17:50:51.176  1971  1971 W A01b00/SCB: SCBTM: notifySceneTransitionIn isTransitionInFromOther: true
09-28 17:50:51.176  1971  1971 I A0001b/AA: OutSideWindowManager: globalSearchStatus: 0
09-28 17:50:51.179  1971  1971 E A04200/WINDOW: SCBSSM: image is null.
09-28 17:50:51.179  1971  1971 I A04200/WINDOW: SCBSSM: updateStatusbarColor contentColor: #ffffffff
09-28 17:50:51.179  1971  1971 I A04209/WMSImms: set desktop prop:[5,true,"#00000000","#ffffffff",true,true,null]
09-28 17:50:51.179  1971  1971 I A04209/WMSImms: update force prop:[0,false,"#00000000","#ffffffff",true,true,null],callfrom:RecentTask out
09-28 17:50:51.181  1971  1971 I A01b01/HOME: WallpaperManager --> updateDeskTopWallpaperScale scale = 1.1;
09-28 17:50:51.181  1971  1971 I A0001b/AA: OutSideWindowManager: globalSearchStatus: 0
09-28 17:50:51.181  1971  1971 W A01b01/HOME: SCBDesktop: onDesktopAnimateScaleChanged changeScale to 0.88, due to:onActive
09-28 17:50:51.182  1971  1971 I A01b00/SCB: SCBTM: change currentTransitionController
09-28 17:50:51.182  1971  1971 I A01b00/SCB: SCBTM: cleanTransition ignore
09-28 17:50:51.182  1971  1971 I A04200/WINDOW: SCBSPM: onBlurTransitionActive blurScale:1 source:SCBScenePanel > sceneContainerZoomIn isForegroundBlurActive:false
09-28 17:50:51.182  1971  1971 W A01b00/SCB: SCBSCS: [SCBScenePanelViewModel] sceneAlpha from 0 to 1. reason: sceneContainerZoomIn, extra: com.unity3d.player.UnityPlayerActivity/com.a2hlab.bridge.zigzag/entry/0(persistentId: 37)(containerId: 8)
09-28 17:50:51.182  1971  1971 W A01b00/SCB: SCBSCS: getTransitionCount from session 8, 1
09-28 17:50:51.182  1971  1971 W A01b00/SCB: SCBTM: getTransitionCount from animationMap 8, 1
09-28 17:50:51.182  1971  1971 I A01b01/HOME: SCBScenePanelAnimator: startSceneFromOther animation count: before 1,
09-28 17:50:51.182  1971  1971 I A01b01/HOME:         current 1
09-28 17:50:51.182  1971  1971 W A01b00/SCB: SCBSCS: getTransitionCount from session 8, 1
09-28 17:50:51.182  1971  1971 W A01b00/SCB: SCBTM: getTransitionCount from animationMap 8, 1
09-28 17:50:51.182  1971  1971 W A01b00/SCB: SCBSCS: clearTransitionCount 8, 1
09-28 17:50:51.182  1971  1971 I A01b00/SCB: SCBTM: clearTransitionCount 8, 1
09-28 17:50:51.183  1971  1971 I A01b00/SCB: AnimateToScheduleUtils: raiseAppStartToCPUPriority: 1
09-28 17:50:51.183  1971  1971 I A01b00/SCB: LocalEventManager: sendLocalEvent, send local event with no receiver
09-28 17:50:51.183  1971  1971 I A01b09/RECENT: QuickSwitchRaiseTopAlarm: cancel alarm, reason: start scene from other
09-28 17:50:51.183  1971  1971 I A04200/WINDOW: [SCBMission]SCBSceneMissionManager: startSceneFromOther, to: com.unity3d.player.UnityPlayerActivity/com.a2hlab.bridge.zigzag/entry/0 on screen 0
09-28 17:50:51.183  1971  1971 I A04200/WINDOW: [SCBMission]SCBSceneMissionManager: no need defer start
09-28 17:50:51.183  1971  1971 W A04200/WINDOW: [SCBMission]SCBScenePanelMissionHandler: [Screen:0][Panel:1]getMissionProcessor null, fallback to empty default
09-28 17:50:51.183  1971  1971 W A04200/WINDOW: [SCBMission]SCBScenePanelMissionHandler: [Screen:0][Panel:2]getMissionProcessor null, fallback to empty default
09-28 17:50:51.184  1971  1971 E A01b01/HOME: ResourceManager: getAppName error: {"code":9001001,"message":"GetStringById failed state"}
09-28 17:50:51.184  1971  1971 I A01b01/HOME: ResourceManager: getBundleAppNameFromBms for com.a2hlab.bridge.zigzag resMgrName: com.a2hlab.bridge.zigzag
09-28 17:50:51.184  1971  1971 I A01b01/HOME: ResourceManager: setBundleAppNameCache cacheKey:com.a2hlab.bridge.zigzag, value: com.a2hlab.bridge.zigzag
09-28 17:50:51.184  1971  1971 I A04200/WINDOW: SCBSSM: [SCBMain] get app name: 
09-28 17:50:51.184  1971  1971 I A04200/WINDOW: SCBSSM: [SCBMain]setLabel, label:
09-28 17:50:51.185  1971  1971 I A01b00/SCB: TaskpoolUtil: task sequenceExecute
09-28 17:50:51.185  1971  1971 I A01b00/SCB: TaskpoolUtil: task sequenceExecute finally
09-28 17:50:51.187  1971  1971 I A01b00/SCB: TaskpoolUtil: task sequenceExecute
09-28 17:50:51.188  1971  1971 I A01b00/SCB: TaskpoolUtil: task sequenceExecute finally
09-28 17:50:51.197  1971  1971 I A04200/WINDOW: SCBSSM: onShiftFocus id: 11 -> 37, displayGroupId: 0
09-28 17:50:51.197  1971  1971 I A01b00/SCB: ViewManagerPolicy --> 11 notifyViewLoseFocus
09-28 17:50:51.197  1971  1971 I A01b0a/GESTURE: SCBGestureManager: onLoseFocus
09-28 17:50:51.197  1971  1971 I A01b01/HOME: SCBDesktop: Desktop lose focus, the scenePanelState is 1
09-28 17:50:51.198  1971  1971 I A01a00/SYS_UI: SystemUIView: onDeskTopChange: false
09-28 17:50:51.198  1971  1971 I A01a00/SYS_UI: SystemUIView: onDeskTopChange: false
09-28 17:50:51.198  1971  1971 W A01b01/HOME: ExposureManager --> desktop exposure desktopExposureTimeStart: 484087, lastTime: 3627
09-28 17:50:51.198  1971  1971 W A01b01/HOME: ExposureManager --> desktop exposure displayCount: 1
09-28 17:50:51.198  1971  1971 W A01b01/HOME: ExposureManager --> desktop exposure pageIndexStart: 1, pageIndexEnd: 1, pageCount: 1
09-28 17:50:51.198  1971  1971 I A01b01/HOME: BaseLayoutCacheManager: getAllGridLayoutItemList from exposure, size: 25
09-28 17:50:51.198  1971  1971 W A01b01/HOME: ExposureManager --> desktop exposure save data: {desktopPageIndex:1,exposureTime:11,exposureCount:2,desktopAppInfoList:[{bundleName:com.ohos.clock,coordinate:{column:1,row:2},station:desktop},{bundleName:com.ohos.filemanager,coordinate:{column:0,row:3},station:desktop},{bundleName:com.ohos.calculator,coordinate:{column:1,row:3},station:desktop},{bundleName:com.ohos.note,coordinate:{column:2,row:3},station:desktop},{bundleName:com.ohos.smartperf,coordinate:{column:3,row:3},station:desktop},{bundleName:com.ohos.updateapp,coordinate:{column:0,row:4},station:desktop},{bundleName:ohos.samples.distributedmusicplayer,coordinate:{column:1,row:4},station:desktop},{bundleName:com.ohos.contacts,coordinate:{column:0,row:2},station:desktop},{bundleName:org.westlake.imehost,coordinate:{column:0,row:0},station:desktop},{bundleName:org.westlake.la0,coordinate:{column:1,row:0},station:desktop},{bundleName:org.westlake.la1,coordinate:{column:2,row:0},station:desktop},{bundleName:org.westlake.la2,coordinate:{column:3,row:0},station:desktop},{bundleName:org.westlake.la3,coordinate:{column:0,row:1},station:desktop},{bundleName:org.westlake.la4,coordinate:{column:1,row:1},station:desktop},{bundleName:org.westlake.la5,coordinate:{column:2,row:1},station:desktop},{bundleName:org.westlake.la6,coordinate:{column:3,row:1},station:desktop},{bundleName:org.westlake.la7,coordinate:{column:2,row:2},station:desktop},{bundleName:org.westlake.la8,coordinate:{column:3,row:2},station:desktop},{bundleName:org.westlake.la9,coordinate:{column:2,row:4},station:desktop},{bundleName:org.westlake.la10,coordinate:{column:3,row:4},station:desktop},{bundleName:org.westlake.la11,coordinate:{column:0,row:5},station:desktop},{bundleName:com.example.helloworld,coordinate:{column:1,row:5},station:desktop},{bundleName:com.a2hlab.bridge.zigzag,coordinate:{column:2,row:5},station:desktop},{bundleName:com.ohos.contacts,coordinate:{column:0,row:0},station:dock},{bundleName:com.ohos.mms,coordinate:{column:1,row:0},station:dock},{bundleName:com.ohos.camera,coordinate:{column:2,row:0},station:dock},],desktopFolderInfoList:[],desktopCardInfoList:[],desktopStackInfoList:[]}
09-28 17:50:51.199  1971  1971 I A04200/WINDOW: SCBWindowFocusController: setFocusedSession, displayGroupId: 0, sessionId: 37, displayId: 0, screenId: 0
09-28 17:50:51.210  1971  1971 I A01a00/SYS_UI: AppLifeCycleManager: StateChanged, state is not page com.ohos.sceneboard_phone_sceneboard_com.ohos.sceneboard.MainAbility_1971
09-28 17:50:51.276  1971  1971 I A01b09/RECENT: RecentDockRefreshAlarm: refresh recent dock: com.unity3d.player.UnityPlayerActivity/com.a2hlab.bridge.zigzag/entry/0(persistentId: 37)(containerId: 8)
09-28 17:50:51.284  1971  1971 I A04200/WINDOW: SCBSceneSession: onSessionShowWhenLockedChange, status:false of id:37 ignored.
09-28 17:50:52.182  1971  1971 I A01b09/RECENT: SCBDesktopCacheManager: FreezeTrack setWallPaperScale old:1, new:1.1, reason:onActive
09-28 17:50:52.821  1971  1971 I A01a00/SYS_UI: AppLifeCycleManager: Ability state changed, uid: 20010067, key: com.a2hlab.bridge.zigzag_entry_com.unity3d.player.UnityPlayerActivity_11760, isForeground: true, state 2
09-28 17:50:52.821  1971  1971 I A01a00/SYS_UI: AppLifeCycleManager: Ability state change: new foregroundAbilities: 20010067: com.a2hlab.bridge.zigzag_entry_com.unity3d.player.UnityPlayerActivity_11760
09-28 17:50:52.821  1971  1971 I A01a00/SYS_UI: AppLifeCycleManager: App foreground state changed, uid: 20010067, true
09-28 17:50:52.821  1971  1971 W A01a00/SYS_UI: LiveCapsuleListVm: onAppForegroundStateChange foreground: true, uid: 20010067, bundleName: com.a2hlab.bridge.zigzag, orientation: 0
09-28 17:50:52.821  1971  1971 W A01a00/SYS_UI: LiveCapsuleListVm: start to toggleCapsuleList, param:  {"isUpwards":false,"isUpdateImmediately":false,"needAnimation":true}
09-28 17:50:52.822  1971  1971 W A01a00/SYS_UI: LiveCapsuleListVm: Visible is not changed, stop toggleCapsuleList.
09-28 17:50:52.886  1971  1971 I A04200/WINDOW: SCBSceneSession: onCreateSpecificSession, callbacks: valid
09-28 17:50:52.886  1971  1971 I A04200/WINDOW: SCBSpecificSession: constructor, id: 38, type: 2, parentId: 37, type: object
09-28 17:50:52.888  1971  1971 I A04200/WINDOW: SCBScene: [SCBSub] create subSession success, + id: 38parentId: 37
09-28 17:50:52.888  1971  1971 I A04208/WMSLayout: rectChangeCallback is undefined, id: 38, reason: 0, rect: [0, 0, 1200, 1920], currRect: [0, 0, 1200, 1920]
09-28 17:50:52.888  1971  1971 I A04200/WINDOW: SCBSpecificSession: id:38 updateSizeChangeReason:0
09-28 17:50:52.889  1971  1971 I A04200/WINDOW: SCBScene: [SCBSub] onSubSessionZLevelChange, index: 0, Id: 38
09-28 17:50:52.889  1971  1971 I A04200/WINDOW: SCBScene: [SCBSub] onSubSessionZLevelChange, index: 0, length: 1
09-28 17:50:52.889  1971  1971 I A04208/WMSLayout: followParentWindowLayout is null
09-28 17:50:52.889  1971  1971 I A04200/WINDOW: SCBSpecificSession: persistentId: 38 follow screen change : false!
09-28 17:50:52.890  1971  1971 I A04200/WINDOW: SCBSpecificSession: onSessionStateChange, id: 38, state: 1
09-28 17:50:52.890  1971  1971 I A04200/WINDOW: SCBScene: [SCBSub] state change, persistentId: 38, state: 1, isActive: false, length: 1
09-28 17:50:52.890  1971  1971 I A04200/WINDOW: SCBSpecificSession: setSubWindowSource, source: 0
09-28 17:50:52.891  1971  1971 I A04200/WINDOW: SCBSpecificScene: aboutToAppear, id: 38, currRect: [0, 0, 1200, 1920]
09-28 17:50:52.891  1971  1971 I A04200/WINDOW: SCBSpecificSession: registerSessionRectChangeCallback screenId:0
09-28 17:50:52.891  1971  1971 I A04200/WINDOW: SCBSpecificSession: registerSessionTouchableChangeCallback
09-28 17:50:52.892  1971  1971 I A04200/WINDOW: SCBSpecificSession: registerCreateSubSessionCallback
09-28 17:50:52.892  1971  1971 I A04200/WINDOW: SCBSpecificSession: registerSetWindowCornerRadiusCallback
09-28 17:50:52.892  1971  1971 I A04208/WMSLayout: register follow rect callback, screenId: undefined}
09-28 17:50:52.892  1971  1971 I A04200/WINDOW: SCBSpecificScene: onFollowParentWindowLayout, isFollow: false
09-28 17:50:52.892  1971  1971 I A04200/WINDOW: SCBSpecificSession: registerSetWindowShadowsCallback
09-28 17:50:52.892  1971  1971 I A04200/WINDOW: SCBSpecificSession: registerMaximizeRectChangeCallback persistentId: 38
09-28 17:50:52.893  1971  1971 I A04200/WINDOW: SCBSpecificScene: enable show is false, id: 38, type: 2
09-28 17:50:52.912  1971  1971 I A04200/WINDOW: SCBSpecificSession: onSessionStateChange, id: 38, state: 2
09-28 17:50:52.912  1971  1971 I A04200/WINDOW: SCBScene: [SCBSub] update subwindow zorder. persistentId: 38
09-28 17:50:52.913  1971  1971 I A04200/WINDOW: SCBScene: [SCBSub] state change, persistentId: 38, state: 2, isActive: true, length: 1
09-28 17:50:52.913  1971  1971 I A04200/WINDOW: SCBSpecificSession: onSessionStateChange, id: 38, state: 3
09-28 17:50:52.913  1971  1971 I A04200/WINDOW: SCBSpecificSession: Skip state change, SessionState: 3
09-28 17:50:52.914  1971  1971 I A04208/WMSLayout: rectChangeCallback exists, id: 38, reason: 0, rect: [0, 0, 1200, 1920], displayId:-1
09-28 17:50:52.914  1971  1971 I A04200/WINDOW: SCBSpecificScene: onSessionRectChange start, id: 38 reason: 0, rect: [0, 0, 1200, 1920], currRect: [0, 0, 1200, 1920]
09-28 17:50:52.914  1971  1971 I A04200/WINDOW: SCBSpecificScene: session rect not change
09-28 17:50:52.914  1971  1971 I A04200/WINDOW: SCBSpecificSession: id:38 updateSizeChangeReason:0
09-28 17:50:52.924  1971  1971 I A04200/WINDOW: SCBSpecificScene: enable show is true, is in active state, id: 38, type: 2
09-28 17:50:52.926  1971  1971 I A04200/WINDOW: WindowAnimationUtils: getSubWindowTransitionEffect start
09-28 17:50:53.358  1971  1971 I A04208/WMSLayout: rectChangeCallback exists, id: 38, reason: 0, rect: [0, 0, 1200, 1920], displayId:-1
09-28 17:50:53.358  1971  1971 I A04200/WINDOW: SCBSpecificScene: onSessionRectChange start, id: 38 reason: 0, rect: [0, 0, 1200, 1920], currRect: [0, 0, 1200, 1920]
09-28 17:50:53.358  1971  1971 I A04200/WINDOW: SCBSpecificScene: session rect not change
09-28 17:50:53.358  1971  1971 I A04200/WINDOW: SCBSpecificSession: id:38 updateSizeChangeReason:0
09-28 17:50:53.376  1971  1971 I A04208/WMSLayout: rectChangeCallback exists, id: 38, reason: 0, rect: [0, 0, 1200, 1920], displayId:-1
09-28 17:50:53.376  1971  1971 I A04200/WINDOW: SCBSpecificScene: onSessionRectChange start, id: 38 reason: 0, rect: [0, 0, 1200, 1920], currRect: [0, 0, 1200, 1920]
09-28 17:50:53.376  1971  1971 I A04200/WINDOW: SCBSpecificScene: session rect not change
09-28 17:50:53.376  1971  1971 I A04200/WINDOW: SCBSpecificSession: id:38 updateSizeChangeReason:0
09-28 17:50:54.138  1971  1971 I A01b01/HOME: PageDesktopViewModel --> index: 1, pageList: 1, is outer: false
09-28 17:50:54.138  1971  1971 W A01b01/HOME: PageDesktopViewModel --> no cards in layout!
09-28 17:50:54.139  1971  1971 W A01b01/HOME: FormModel: get all forms from layout
09-28 17:50:54.139  1971  1971 W A01b01/HOME: PageDesktopViewModel --> cards num not reach limit, no need to recycle
09-28 17:50:56.061  1971  1971 I A04208/WMSLayout: rectChangeCallback exists, id: 38, reason: 0, rect: [0, 0, 1200, 1920], displayId:-1
09-28 17:50:56.061  1971  1971 I A04200/WINDOW: SCBSpecificScene: onSessionRectChange start, id: 38 reason: 0, rect: [0, 0, 1200, 1920], currRect: [0, 0, 1200, 1920]
09-28 17:50:56.061  1971  1971 I A04200/WINDOW: SCBSpecificScene: session rect not change
09-28 17:50:56.061  1971  1971 I A04200/WINDOW: SCBSpecificSession: id:38 updateSizeChangeReason:0
09-28 17:51:00.004  1971  1971 I A01a01/NC: StatusBarSysEventUtil: onTimeChangeEvent
09-28 17:51:00.004  1971  1971 I A01a00/SYS_UI: SysUI_BaseVM_: onTimeChangeEvent, need to update time, event: usual.event.TIME_TICK
09-28 17:51:00.005  1971  1971 I A01a00/SYS_UI: SysUI_BaseVM_: onTimeChangeEvent, need to update time, event: usual.event.TIME_TICK
09-28 17:51:00.006  1971  1971 I A01a01/NC: NotificationTimeVm: Update time text for __0_1018___1: 1970/1/1
09-28 17:51:00.006  1971  1971 I A01a01/NC: NotificationTimeVm: Update time text for __0_1018___0: 1970/1/1
09-28 17:51:18.744 11760 11996 I C00f00/OH_DER_VSync: onOhVsync ENTRY ts=<private> data=<private>
09-28 17:51:18.744 11760 11994 I C00f00/OH_DER_VSync: scheduleVsync ENTRY receiverPtr=0x<private>
09-28 17:51:18.744 11760 11994 I C00f00/OH_DER_VSync: scheduleVsync calling RequestFrame ohVsync=<private>
09-28 17:51:18.744 11760 11994 I C00f00/OH_DER_VSync: scheduleVsync RequestFrame rc=<private>
09-28 17:51:18.746   879  2132 E C02515/DISP: [0;32;31m[SetMetadata:102] <private> is not supported[m
09-28 17:51:18.746   879  2132 E C02515/METADATA_SRV: [0;32;31m[SetMetadata:136]  fail[m
09-28 17:51:18.746   879  2132 E C01401/Bufferqueue: <surface_buffer_impl.cpp:714-SetMetadata>: SetMetadata Failed with -5
09-28 17:51:18.747   797  4165 E C02515/DISP: [0;32;31m[SetLayerMaskInfo@display_composer_vdi_impl.cpp:404] <private> is not supported[m
09-28 17:51:18.747   879  1233 E C02515/DISP: [0;32;31m[SetMetadata:102] <private> is not supported[m
09-28 17:51:18.747   879  1233 E C02515/METADATA_SRV: [0;32;31m[SetMetadata:136]  fail[m
09-28 17:51:18.747   879  1233 E C01401/Bufferqueue: <surface_buffer_impl.cpp:714-SetMetadata>: SetMetadata Failed with -5
09-28 17:51:18.748   797  4165 E C02515/DISP: [0;32;31m[SetDisplayClientDamage@display_composer_vdi_impl.cpp:179] <private> is not supported[m
09-28 17:51:18.761 11760 11996 I C00f00/OH_DER_VSync: onOhVsync ENTRY ts=<private> data=<private>
09-28 17:51:18.761 11760 11994 I C00f00/OH_DER_VSync: scheduleVsync ENTRY receiverPtr=0x<private>
09-28 17:51:18.761 11760 11994 I C00f00/OH_DER_VSync: scheduleVsync calling RequestFrame ohVsync=<private>
09-28 17:51:18.761   879   879 E C02515/DISP: [0;32;31m[GetMetadata:109] <private> is not supported[m
09-28 17:51:18.761 11760 11994 I C00f00/OH_DER_VSync: scheduleVsync RequestFrame rc=<private>
09-28 17:51:18.761   879   879 E C02515/DISP: [0;32;31m[GetMetadata:109] <private> is not supported[m
09-28 17:51:18.761   879   879 E C02515/DISP: [0;32;31m[GetMetadata:109] <private> is not supported[m
09-28 17:51:18.762   879   879 E C01406/skia: RSBaseRenderUtil::DealWithSurfaceRotationAndGravity, GetSurfaceBufferOpaque:0
09-28 17:51:18.762   879   879 E C02515/DISP: [0;32;31m[GetMetadata:109] <private> is not supported[m
09-28 17:51:18.762   879   879 E C01406/skia: RSBaseRenderUtil::DealWithSurfaceRotationAndGravity, GetSurfaceBufferOpaque:0
09-28 17:51:18.762   879   879 E C02515/DISP: [0;32;31m[GetMetadata:109] <private> is not supported[m
09-28 17:51:18.764   879  1104 E C02515/DISP: [0;32;31m[SetMetadata:102] <private> is not supported[m
09-28 17:51:18.764   879  1104 E C02515/METADATA_SRV: [0;32;31m[SetMetadata:136]  fail[m
09-28 17:51:18.764   879  1104 E C01401/Bufferqueue: <surface_buffer_impl.cpp:714-SetMetadata>: SetMetadata Failed with -5
09-28 17:51:18.764   879  1104 E C01406/skia: SurfaceNodeDrawable DrawCommSurfaceWatermark Name:BackgroundBlurView2 Id:8465380540424 water mark count is zero
09-28 17:51:18.765   879  1104 E C01406/skia: RSBaseRenderUtil::DealWithSurfaceRotationAndGravity, GetSurfaceBufferOpaque:0
09-28 17:51:18.765   879  1104 I C01406/WRAP: AHardwareBuffer_createFromHandle index = <private> handle = <private>, ahb = <private>
09-28 17:51:18.765   879  1104 E C01406/skia: SurfaceNodeDrawable DrawCommSurfaceWatermark Name:AdapterActivityContent Id:50508815400963 water mark count is zero
09-28 17:51:18.765   879  1104 E C01406/skia: RSBaseRenderUtil::DealWithSurfaceRotationAndGravity, GetSurfaceBufferOpaque:0
09-28 17:51:18.765   879  1104 I C01406/WRAP: AHardwareBuffer_createFromHandle index = <private> handle = <private>, ahb = <private>
09-28 17:51:18.765   879  1104 E C01406/skia: SurfaceNodeDrawable DrawCommSurfaceWatermark Name:AdapterSurfaceView Id:50508815400964 water mark count is zero
09-28 17:51:18.765   879  1104 E C01406/skia: SurfaceNodeDrawable DrawCommSurfaceWatermark Name:com.a2hlab.bridge.zigzag/com.unity3d.player.UnityPlayerActivity Id:50508815400961 water mark count is zero
09-28 17:51:18.765   879  1104 E C01406/skia: SurfaceNodeDrawable DrawCommSurfaceWatermark Name:WindowScene_zigzag37 Id:8465380541288 water mark count is zero
09-28 17:51:18.766   879  1104 E C01406/skia: SurfaceNodeDrawable DrawCommSurfaceWatermark Name:SCBGestureNavBar13 Id:8465380540563 water mark count is zero
09-28 17:51:18.766   879  1104 E C01406/skia: SurfaceNodeDrawable DrawCommSurfaceWatermark Name:SCBStatusBar15 Id:8465380540646 water mark count is zero
09-28 17:51:18.768   879  1104 E C02515/DISP: [0;32;31m[GetMetadata:109] <private> is not supported[m
09-28 17:51:18.768   879  1104 E C02515/DISP: [0;32;31m[SetMetadata:102] <private> is not supported[m
09-28 17:51:18.768   879  1104 E C02515/METADATA_SRV: [0;32;31m[SetMetadata:136]  fail[m
09-28 17:51:18.768   879  1104 E C01401/Bufferqueue: <surface_buffer_impl.cpp:714-SetMetadata>: SetMetadata Failed with -5
09-28 17:51:18.768   879  1104 E C01406/skia: RSUniRenderComposerAdapter::SetBufferColorSpace set color space fail
09-28 17:51:18.777 11760 11996 I C00f00/OH_DER_VSync: onOhVsync ENTRY ts=<private> data=<private>
09-28 17:51:18.777 11760 11994 I C00f00/OH_DER_VSync: scheduleVsync ENTRY receiverPtr=0x<private>
09-28 17:51:18.777 11760 11994 I C00f00/OH_DER_VSync: scheduleVsync calling RequestFrame ohVsync=<private>
09-28 17:51:18.778 11760 11994 I C00f00/OH_DER_VSync: scheduleVsync RequestFrame rc=<private>
09-28 17:51:18.779   879  2132 E C02515/DISP: [0;32;31m[SetMetadata:102] <private> is not supported[m
09-28 17:51:18.779   879  2132 E C02515/METADATA_SRV: [0;32;31m[SetMetadata:136]  fail[m
09-28 17:51:18.779   879  2132 E C01401/Bufferqueue: <surface_buffer_impl.cpp:714-SetMetadata>: SetMetadata Failed with -5
09-28 17:51:18.780   797  4165 E C02515/DISP: [0;32;31m[SetLayerMaskInfo@display_composer_vdi_impl.cpp:404] <private> is not supported[m
09-28 17:51:18.781   879  1233 E C02515/DISP: [0;32;31m[SetMetadata:102] <private> is not supported[m
09-28 17:51:18.781   879  1233 E C02515/METADATA_SRV: [0;32;31m[SetMetadata:136]  fail[m
09-28 17:51:18.781   879  1233 E C01401/Bufferqueue: <surface_buffer_impl.cpp:714-SetMetadata>: SetMetadata Failed with -5
09-28 17:51:18.781   797  4165 E C02515/DISP: [0;32;31m[SetDisplayClientDamage@display_composer_vdi_impl.cpp:179] <private> is not supported[m
09-28 17:51:18.794 11760 11996 I C00f00/OH_DER_VSync: onOhVsync ENTRY ts=<private> data=<private>
09-28 17:51:18.794   879   879 E C02515/DISP: [0;32;31m[GetMetadata:109] <private> is not supported[m
09-28 17:51:18.794   879   879 E C02515/DISP: [0;32;31m[GetMetadata:109] <private> is not supported[m
09-28 17:51:18.794   879   879 E C02515/DISP: [0;32;31m[GetMetadata:109] <private> is not supported[m
09-28 17:51:18.794 11760 11994 I C00f00/OH_DER_VSync: scheduleVsync ENTRY receiverPtr=0x<private>
09-28 17:51:18.794 11760 11994 I C00f00/OH_DER_VSync: scheduleVsync calling RequestFrame ohVsync=<private>
09-28 17:51:18.794 11760 11994 I C00f00/OH_DER_VSync: scheduleVsync RequestFrame rc=<private>
09-28 17:51:18.795   879   879 E C01406/skia: RSBaseRenderUtil::DealWithSurfaceRotationAndGravity, GetSurfaceBufferOpaque:0
09-28 17:51:18.795   879   879 E C02515/DISP: [0;32;31m[GetMetadata:109] <private> is not supported[m
09-28 17:51:18.795   879   879 E C01406/skia: RSBaseRenderUtil::DealWithSurfaceRotationAndGravity, GetSurfaceBufferOpaque:0
09-28 17:51:18.795   879   879 E C02515/DISP: [0;32;31m[GetMetadata:109] <private> is not supported[m
09-28 17:51:18.796   879  1104 E C02515/DISP: [0;32;31m[SetMetadata:102] <private> is not supported[m
09-28 17:51:18.796   879  1104 E C02515/METADATA_SRV: [0;32;31m[SetMetadata:136]  fail[m
09-28 17:51:18.796   879  1104 E C01401/Bufferqueue: <surface_buffer_impl.cpp:714-SetMetadata>: SetMetadata Failed with -5
09-28 17:51:18.796   879  1104 E C01406/skia: SurfaceNodeDrawable DrawCommSurfaceWatermark Name:BackgroundBlurView2 Id:8465380540424 water mark count is zero
09-28 17:51:18.796   879  1104 E C01406/skia: RSBaseRenderUtil::DealWithSurfaceRotationAndGravity, GetSurfaceBufferOpaque:0
09-28 17:51:18.796   879  1104 I C01406/WRAP: AHardwareBuffer_createFromHandle index = <private> handle = <private>, ahb = <private>
09-28 17:51:18.797   879  1104 E C01406/skia: SurfaceNodeDrawable DrawCommSurfaceWatermark Name:AdapterActivityContent Id:50508815400963 water mark count is zero
09-28 17:51:18.797   879  1104 E C01406/skia: RSBaseRenderUtil::DealWithSurfaceRotationAndGravity, GetSurfaceBufferOpaque:0
09-28 17:51:18.797   879  1104 I C01406/WRAP: AHardwareBuffer_createFromHandle index = <private> handle = <private>, ahb = <private>
09-28 17:51:18.797   879  1104 E C01406/skia: SurfaceNodeDrawable DrawCommSurfaceWatermark Name:AdapterSurfaceView Id:50508815400964 water mark count is zero
09-28 17:51:18.797   879  1104 E C01406/skia: SurfaceNodeDrawable DrawCommSurfaceWatermark Name:com.a2hlab.bridge.zigzag/com.unity3d.player.UnityPlayerActivity Id:50508815400961 water mark count is zero
09-28 17:51:18.797   879  1104 E C01406/skia: SurfaceNodeDrawable DrawCommSurfaceWatermark Name:WindowScene_zigzag37 Id:8465380541288 water mark count is zero
09-28 17:51:18.798   879  1104 E C01406/skia: SurfaceNodeDrawable DrawCommSurfaceWatermark Name:SCBGestureNavBar13 Id:8465380540563 water mark count is zero
09-28 17:51:18.798   879  1104 E C01406/skia: SurfaceNodeDrawable DrawCommSurfaceWatermark Name:SCBStatusBar15 Id:8465380540646 water mark count is zero
09-28 17:51:18.799   879  1104 E C02515/DISP: [0;32;31m[GetMetadata:109] <private> is not supported[m
09-28 17:51:18.799   879  1104 E C02515/DISP: [0;32;31m[SetMetadata:102] <private> is not supported[m
09-28 17:51:18.799   879  1104 E C02515/METADATA_SRV: [0;32;31m[SetMetadata:136]  fail[m
09-28 17:51:18.799   879  1104 E C01401/Bufferqueue: <surface_buffer_impl.cpp:714-SetMetadata>: SetMetadata Failed with -5
09-28 17:51:18.799   879  1104 E C01406/skia: RSUniRenderComposerAdapter::SetBufferColorSpace set color space fail
09-28 17:51:18.811 11760 11996 I C00f00/OH_DER_VSync: onOhVsync ENTRY ts=<private> data=<private>
09-28 17:51:18.811 11760 11994 I C00f00/OH_DER_VSync: scheduleVsync ENTRY receiverPtr=0x<private>
09-28 17:51:18.811 11760 11994 I C00f00/OH_DER_VSync: scheduleVsync calling RequestFrame ohVsync=<private>
09-28 17:51:18.811 11760 11994 I C00f00/OH_DER_VSync: scheduleVsync RequestFrame rc=<private>
09-28 17:51:18.812   879  2132 E C02515/DISP: [0;32;31m[SetMetadata:102] <private> is not supported[m
09-28 17:51:18.812   879  2132 E C02515/METADATA_SRV: [0;32;31m[SetMetadata:136]  fail[m
09-28 17:51:18.812   879  2132 E C01401/Bufferqueue: <surface_buffer_impl.cpp:714-SetMetadata>: SetMetadata Failed with -5
09-28 17:51:18.814   797  4165 E C02515/DISP: [0;32;31m[SetLayerMaskInfo@display_composer_vdi_impl.cpp:404] <private> is not supported[m
09-28 17:51:18.814   879  1233 E C02515/DISP: [0;32;31m[SetMetadata:102] <private> is not supported[m
09-28 17:51:18.814   879  1233 E C02515/METADATA_SRV: [0;32;31m[SetMetadata:136]  fail[m
09-28 17:51:18.814   879  1233 E C01401/Bufferqueue: <surface_buffer_impl.cpp:714-SetMetadata>: SetMetadata Failed with -5
09-28 17:51:18.815   797  4165 E C02515/DISP: [0;32;31m[SetDisplayClientDamage@display_composer_vdi_impl.cpp:179] <private> is not supported[m
09-28 17:51:18.827 11760 11996 I C00f00/OH_DER_VSync: onOhVsync ENTRY ts=<private> data=<private>
09-28 17:51:18.827 11760 11994 I C00f00/OH_DER_VSync: scheduleVsync ENTRY receiverPtr=0x<private>
09-28 17:51:18.828 11760 11994 I C00f00/OH_DER_VSync: scheduleVsync calling RequestFrame ohVsync=<private>
09-28 17:51:18.828   879   879 E C02515/DISP: [0;32;31m[GetMetadata:109] <private> is not supported[m
09-28 17:51:18.828 11760 11994 I C00f00/OH_DER_VSync: scheduleVsync RequestFrame rc=<private>
09-28 17:51:18.828   879   879 E C02515/DISP: [0;32;31m[GetMetadata:109] <private> is not supported[m
09-28 17:51:18.828   879   879 E C02515/DISP: [0;32;31m[GetMetadata:109] <private> is not supported[m
09-28 17:51:18.829   879   879 E C01406/skia: RSBaseRenderUtil::DealWithSurfaceRotationAndGravity, GetSurfaceBufferOpaque:0
09-28 17:51:18.829   879   879 E C02515/DISP: [0;32;31m[GetMetadata:109] <private> is not supported[m
09-28 17:51:18.829   879   879 E C01406/skia: RSBaseRenderUtil::DealWithSurfaceRotationAndGravity, GetSurfaceBufferOpaque:0
09-28 17:51:18.829   879   879 E C02515/DISP: [0;32;31m[GetMetadata:109] <private> is not supported[m
09-28 17:51:18.831   879  1104 E C02515/DISP: [0;32;31m[SetMetadata:102] <private> is not supported[m
09-28 17:51:18.831   879  1104 E C02515/METADATA_SRV: [0;32;31m[SetMetadata:136]  fail[m
09-28 17:51:18.831   879  1104 E C01401/Bufferqueue: <surface_buffer_impl.cpp:714-SetMetadata>: SetMetadata Failed with -5
09-28 17:51:18.831   879  1104 E C01406/skia: SurfaceNodeDrawable DrawCommSurfaceWatermark Name:BackgroundBlurView2 Id:8465380540424 water mark count is zero
09-28 17:51:18.832   879  1104 E C01406/skia: RSBaseRenderUtil::DealWithSurfaceRotationAndGravity, GetSurfaceBufferOpaque:0
09-28 17:51:18.832   879  1104 I C01406/WRAP: AHardwareBuffer_createFromHandle index = <private> handle = <private>, ahb = <private>
09-28 17:51:18.832   879  1104 E C01406/skia: SurfaceNodeDrawable DrawCommSurfaceWatermark Name:AdapterActivityContent Id:50508815400963 water mark count is zero
09-28 17:51:18.832   879  1104 E C01406/skia: RSBaseRenderUtil::DealWithSurfaceRotationAndGravity, GetSurfaceBufferOpaque:0
09-28 17:51:18.832   879  1104 I C01406/WRAP: AHardwareBuffer_createFromHandle index = <private> handle = <private>, ahb = <private>
09-28 17:51:18.832   879  1104 E C01406/skia: SurfaceNodeDrawable DrawCommSurfaceWatermark Name:AdapterSurfaceView Id:50508815400964 water mark count is zero
09-28 17:51:18.832   879  1104 E C01406/skia: SurfaceNodeDrawable DrawCommSurfaceWatermark Name:com.a2hlab.bridge.zigzag/com.unity3d.player.UnityPlayerActivity Id:50508815400961 water mark count is zero
09-28 17:51:18.832   879  1104 E C01406/skia: SurfaceNodeDrawable DrawCommSurfaceWatermark Name:WindowScene_zigzag37 Id:8465380541288 water mark count is zero
09-28 17:51:18.833   879  1104 E C01406/skia: SurfaceNodeDrawable DrawCommSurfaceWatermark Name:SCBGestureNavBar13 Id:8465380540563 water mark count is zero
09-28 17:51:18.833   879  1104 E C01406/skia: SurfaceNodeDrawable DrawCommSurfaceWatermark Name:SCBStatusBar15 Id:8465380540646 water mark count is zero
09-28 17:51:18.835   879  1104 E C02515/DISP: [0;32;31m[GetMetadata:109] <private> is not supported[m
09-28 17:51:18.835   879  1104 E C02515/DISP: [0;32;31m[SetMetadata:102] <private> is not supported[m
09-28 17:51:18.835   879  1104 E C02515/METADATA_SRV: [0;32;31m[SetMetadata:136]  fail[m
09-28 17:51:18.835   879  1104 E C01401/Bufferqueue: <surface_buffer_impl.cpp:714-SetMetadata>: SetMetadata Failed with -5
09-28 17:51:18.835   879  1104 E C01406/skia: RSUniRenderComposerAdapter::SetBufferColorSpace set color space fail
09-28 17:51:18.844 11760 11996 I C00f00/OH_DER_VSync: onOhVsync ENTRY ts=<private> data=<private>
09-28 17:51:18.844 11760 11994 I C00f00/OH_DER_VSync: scheduleVsync ENTRY receiverPtr=0x<private>
09-28 17:51:18.844 11760 11994 I C00f00/OH_DER_VSync: scheduleVsync calling RequestFrame ohVsync=<private>
09-28 17:51:18.844 11760 11994 I C00f00/OH_DER_VSync: scheduleVsync RequestFrame rc=<private>
09-28 17:51:18.846   879  2132 E C02515/DISP: [0;32;31m[SetMetadata:102] <private> is not supported[m
09-28 17:51:18.846   879  2132 E C02515/METADATA_SRV: [0;32;31m[SetMetadata:136]  fail[m
09-28 17:51:18.846   879  2132 E C01401/Bufferqueue: <surface_buffer_impl.cpp:714-SetMetadata>: SetMetadata Failed with -5
09-28 17:51:18.847   797  4165 E C02515/DISP: [0;32;31m[SetLayerMaskInfo@display_composer_vdi_impl.cpp:404] <private> is not supported[m
09-28 17:51:18.847   879  1233 E C02515/DISP: [0;32;31m[SetMetadata:102] <private> is not supported[m
09-28 17:51:18.848   879  1233 E C02515/METADATA_SRV: [0;32;31m[SetMetadata:136]  fail[m
09-28 17:51:18.848   879  1233 E C01401/Bufferqueue: <surface_buffer_impl.cpp:714-SetMetadata>: SetMetadata Failed with -5
09-28 17:51:18.849   797  4165 E C02515/DISP: [0;32;31m[SetDisplayClientDamage@display_composer_vdi_impl.cpp:179] <private> is not supported[m
09-28 17:51:18.861 11760 11996 I C00f00/OH_DER_VSync: onOhVsync ENTRY ts=<private> data=<private>
09-28 17:51:18.861 11760 11994 I C00f00/OH_DER_VSync: scheduleVsync ENTRY receiverPtr=0x<private>
09-28 17:51:18.861 11760 11994 I C00f00/OH_DER_VSync: scheduleVsync calling RequestFrame ohVsync=<private>
09-28 17:51:18.861   879   879 E C02515/DISP: [0;32;31m[GetMetadata:109] <private> is not supported[m
09-28 17:51:18.861 11760 11994 I C00f00/OH_DER_VSync: scheduleVsync RequestFrame rc=<private>
09-28 17:51:18.861   879   879 E C02515/DISP: [0;32;31m[GetMetadata:109] <private> is not supported[m
09-28 17:51:18.861   879   879 E C02515/DISP: [0;32;31m[GetMetadata:109] <private> is not supported[m
09-28 17:51:18.862   879   879 E C01406/skia: RSBaseRenderUtil::DealWithSurfaceRotationAndGravity, GetSurfaceBufferOpaque:0
09-28 17:51:18.862   879   879 E C02515/DISP: [0;32;31m[GetMetadata:109] <private> is not supported[m
09-28 17:51:18.863   879   879 E C01406/skia: RSBaseRenderUtil::DealWithSurfaceRotationAndGravity, GetSurfaceBufferOpaque:0
09-28 17:51:18.863   879   879 E C02515/DISP: [0;32;31m[GetMetadata:109] <private> is not supported[m
09-28 17:51:18.864   879  1104 E C02515/DISP: [0;32;31m[SetMetadata:102] <private> is not supported[m
09-28 17:51:18.864   879  1104 E C02515/METADATA_SRV: [0;32;31m[SetMetadata:136]  fail[m
09-28 17:51:18.864   879  1104 E C01401/Bufferqueue: <surface_buffer_impl.cpp:714-SetMetadata>: SetMetadata Failed with -5
09-28 17:51:18.865   879  1104 E C01406/skia: SurfaceNodeDrawable DrawCommSurfaceWatermark Name:BackgroundBlurView2 Id:8465380540424 water mark count is zero
09-28 17:51:18.865   879  1104 E C01406/skia: RSBaseRenderUtil::DealWithSurfaceRotationAndGravity, GetSurfaceBufferOpaque:0
09-28 17:51:18.865   879  1104 I C01406/WRAP: AHardwareBuffer_createFromHandle index = <private> handle = <private>, ahb = <private>
09-28 17:51:18.865   879  1104 E C01406/skia: SurfaceNodeDrawable DrawCommSurfaceWatermark Name:AdapterActivityContent Id:50508815400963 water mark count is zero
09-28 17:51:18.865   879  1104 E C01406/skia: RSBaseRenderUtil::DealWithSurfaceRotationAndGravity, GetSurfaceBufferOpaque:0
09-28 17:51:18.866   879  1104 I C01406/WRAP: AHardwareBuffer_createFromHandle index = <private> handle = <private>, ahb = <private>
09-28 17:51:18.866   879  1104 E C01406/skia: SurfaceNodeDrawable DrawCommSurfaceWatermark Name:AdapterSurfaceView Id:50508815400964 water mark count is zero
09-28 17:51:18.866   879  1104 E C01406/skia: SurfaceNodeDrawable DrawCommSurfaceWatermark Name:com.a2hlab.bridge.zigzag/com.unity3d.player.UnityPlayerActivity Id:50508815400961 water mark count is zero
09-28 17:51:18.866   879  1104 E C01406/skia: SurfaceNodeDrawable DrawCommSurfaceWatermark Name:WindowScene_zigzag37 Id:8465380541288 water mark count is zero
09-28 17:51:18.866   879  1104 E C01406/skia: SurfaceNodeDrawable DrawCommSurfaceWatermark Name:SCBGestureNavBar13 Id:8465380540563 water mark count is zero
09-28 17:51:18.866   879  1104 E C01406/skia: SurfaceNodeDrawable DrawCommSurfaceWatermark Name:SCBStatusBar15 Id:8465380540646 water mark count is zero
09-28 17:51:18.869   879  1104 E C02515/DISP: [0;32;31m[GetMetadata:109] <private> is not supported[m
09-28 17:51:18.869   879  1104 E C02515/DISP: [0;32;31m[SetMetadata:102] <private> is not supported[m
09-28 17:51:18.869   879  1104 E C02515/METADATA_SRV: [0;32;31m[SetMetadata:136]  fail[m
09-28 17:51:18.869   879  1104 E C01401/Bufferqueue: <surface_buffer_impl.cpp:714-SetMetadata>: SetMetadata Failed with -5
09-28 17:51:18.869   879  1104 E C01406/skia: RSUniRenderComposerAdapter::SetBufferColorSpace set color space fail
09-28 17:51:18.877 11760 11996 I C00f00/OH_DER_VSync: onOhVsync ENTRY ts=<private> data=<private>
09-28 17:51:18.877 11760 11994 I C00f00/OH_DER_VSync: scheduleVsync ENTRY receiverPtr=0x<private>
09-28 17:51:18.877 11760 11994 I C00f00/OH_DER_VSync: scheduleVsync calling RequestFrame ohVsync=<private>
09-28 17:51:18.878 11760 11994 I C00f00/OH_DER_VSync: scheduleVsync RequestFrame rc=<private>
09-28 17:51:18.879   879  2132 E C02515/DISP: [0;32;31m[SetMetadata:102] <private> is not supported[m
09-28 17:51:18.879   879  2132 E C02515/METADATA_SRV: [0;32;31m[SetMetadata:136]  fail[m
09-28 17:51:18.879   879  2132 E C01401/Bufferqueue: <surface_buffer_impl.cpp:714-SetMetadata>: SetMetadata Failed with -5
09-28 17:51:18.880   797  4165 E C02515/DISP: [0;32;31m[SetLayerMaskInfo@display_composer_vdi_impl.cpp:404] <private> is not supported[m
09-28 17:51:18.880   879  1233 E C02515/DISP: [0;32;31m[SetMetadata:102] <private> is not supported[m
09-28 17:51:18.880   879  1233 E C02515/METADATA_SRV: [0;32;31m[SetMetadata:136]  fail[m
09-28 17:51:18.880   879  1233 E C01401/Bufferqueue: <surface_buffer_impl.cpp:714-SetMetadata>: SetMetadata Failed with -5
09-28 17:51:18.881   797  4165 E C02515/DISP: [0;32;31m[SetDisplayClientDamage@display_composer_vdi_impl.cpp:179] <private> is not supported[m
09-28 17:51:18.894 11760 11996 I C00f00/OH_DER_VSync: onOhVsync ENTRY ts=<private> data=<private>
09-28 17:51:18.894 11760 11994 I C00f00/OH_DER_VSync: scheduleVsync ENTRY receiverPtr=0x<private>
09-28 17:51:18.894 11760 11994 I C00f00/OH_DER_VSync: scheduleVsync calling RequestFrame ohVsync=<private>
09-28 17:51:18.894   879   879 E C02515/DISP: [0;32;31m[GetMetadata:109] <private> is not supported[m
09-28 17:51:18.894 11760 11994 I C00f00/OH_DER_VSync: scheduleVsync RequestFrame rc=<private>
09-28 17:51:18.894   879   879 E C02515/DISP: [0;32;31m[GetMetadata:109] <private> is not supported[m
09-28 17:51:18.894   879   879 E C02515/DISP: [0;32;31m[GetMetadata:109] <private> is not supported[m
09-28 17:51:18.896   879   879 E C01406/skia: RSBaseRenderUtil::DealWithSurfaceRotationAndGravity, GetSurfaceBufferOpaque:0
09-28 17:51:18.896   879   879 E C02515/DISP: [0;32;31m[GetMetadata:109] <private> is not supported[m
09-28 17:51:18.896   879   879 E C01406/skia: RSBaseRenderUtil::DealWithSurfaceRotationAndGravity, GetSurfaceBufferOpaque:0
09-28 17:51:18.896   879   879 E C02515/DISP: [0;32;31m[GetMetadata:109] <private> is not supported[m
09-28 17:51:18.898   879  1104 E C02515/DISP: [0;32;31m[SetMetadata:102] <private> is not supported[m
09-28 17:51:18.898   879  1104 E C02515/METADATA_SRV: [0;32;31m[SetMetadata:136]  fail[m
09-28 17:51:18.898   879  1104 E C01401/Bufferqueue: <surface_buffer_impl.cpp:714-SetMetadata>: SetMetadata Failed with -5
09-28 17:51:18.898   879  1104 E C01406/skia: SurfaceNodeDrawable DrawCommSurfaceWatermark Name:BackgroundBlurView2 Id:8465380540424 water mark count is zero
09-28 17:51:18.898   879  1104 E C01406/skia: RSBaseRenderUtil::DealWithSurfaceRotationAndGravity, GetSurfaceBufferOpaque:0
09-28 17:51:18.898   879  1104 I C01406/WRAP: AHardwareBuffer_createFromHandle index = <private> handle = <private>, ahb = <private>
09-28 17:51:18.898   879  1104 E C01406/skia: SurfaceNodeDrawable DrawCommSurfaceWatermark Name:AdapterActivityContent Id:50508815400963 water mark count is zero
09-28 17:51:18.899   879  1104 E C01406/skia: RSBaseRenderUtil::DealWithSurfaceRotationAndGravity, GetSurfaceBufferOpaque:0
09-28 17:51:18.899   879  1104 I C01406/WRAP: AHardwareBuffer_createFromHandle index = <private> handle = <private>, ahb = <private>
09-28 17:51:18.899   879  1104 E C01406/skia: SurfaceNodeDrawable DrawCommSurfaceWatermark Name:AdapterSurfaceView Id:50508815400964 water mark count is zero
09-28 17:51:18.899   879  1104 E C01406/skia: SurfaceNodeDrawable DrawCommSurfaceWatermark Name:com.a2hlab.bridge.zigzag/com.unity3d.player.UnityPlayerActivity Id:50508815400961 water mark count is zero
09-28 17:51:18.899   879  1104 E C01406/skia: SurfaceNodeDrawable DrawCommSurfaceWatermark Name:WindowScene_zigzag37 Id:8465380541288 water mark count is zero
09-28 17:51:18.899   879  1104 E C01406/skia: SurfaceNodeDrawable DrawCommSurfaceWatermark Name:SCBGestureNavBar13 Id:8465380540563 water mark count is zero
09-28 17:51:18.899   879  1104 E C01406/skia: SurfaceNodeDrawable DrawCommSurfaceWatermark Name:SCBStatusBar15 Id:8465380540646 water mark count is zero
09-28 17:51:18.901   879  1104 E C02515/DISP: [0;32;31m[GetMetadata:109] <private> is not supported[m
09-28 17:51:18.901   879  1104 E C02515/DISP: [0;32;31m[SetMetadata:102] <private> is not supported[m
09-28 17:51:18.901   879  1104 E C02515/METADATA_SRV: [0;32;31m[SetMetadata:136]  fail[m
09-28 17:51:18.901   879  1104 E C01401/Bufferqueue: <surface_buffer_impl.cpp:714-SetMetadata>: SetMetadata Failed with -5
09-28 17:51:18.901   879  1104 E C01406/skia: RSUniRenderComposerAdapter::SetBufferColorSpace set color space fail
09-28 17:51:18.911 11760 11996 I C00f00/OH_DER_VSync: onOhVsync ENTRY ts=<private> data=<private>
09-28 17:51:18.911 11760 11994 I C00f00/OH_DER_VSync: scheduleVsync ENTRY receiverPtr=0x<private>
09-28 17:51:18.911 11760 11994 I C00f00/OH_DER_VSync: scheduleVsync calling RequestFrame ohVsync=<private>
09-28 17:51:18.911 11760 11994 I C00f00/OH_DER_VSync: scheduleVsync RequestFrame rc=<private>
09-28 17:51:18.913   879  2132 E C02515/DISP: [0;32;31m[SetMetadata:102] <private> is not supported[m
09-28 17:51:18.913   879  2132 E C02515/METADATA_SRV: [0;32;31m[SetMetadata:136]  fail[m
09-28 17:51:18.913   879  2132 E C01401/Bufferqueue: <surface_buffer_impl.cpp:714-SetMetadata>: SetMetadata Failed with -5
09-28 17:51:18.914   797  4165 E C02515/DISP: [0;32;31m[SetLayerMaskInfo@display_composer_vdi_impl.cpp:404] <private> is not supported[m
09-28 17:51:18.914   879  1233 E C02515/DISP: [0;32;31m[SetMetadata:102] <private> is not supported[m
09-28 17:51:18.914   879  1233 E C02515/METADATA_SRV: [0;32;31m[SetMetadata:136]  fail[m
09-28 17:51:18.914   879  1233 E C01401/Bufferqueue: <surface_buffer_impl.cpp:714-SetMetadata>: SetMetadata Failed with -5
09-28 17:51:18.915   797  4165 E C02515/DISP: [0;32;31m[SetDisplayClientDamage@display_composer_vdi_impl.cpp:179] <private> is not supported[m
09-28 17:51:18.927 11760 11996 I C00f00/OH_DER_VSync: onOhVsync ENTRY ts=<private> data=<private>
09-28 17:51:18.928   879   879 E C02515/DISP: [0;32;31m[GetMetadata:109] <private> is not supported[m
09-28 17:51:18.928 11760 11994 I C00f00/OH_DER_VSync: scheduleVsync ENTRY receiverPtr=0x<private>
09-28 17:51:18.928 11760 11994 I C00f00/OH_DER_VSync: scheduleVsync calling RequestFrame ohVsync=<private>
09-28 17:51:18.928   879   879 E C02515/DISP: [0;32;31m[GetMetadata:109] <private> is not supported[m
09-28 17:51:18.928   879   879 E C02515/DISP: [0;32;31m[GetMetadata:109] <private> is not supported[m
09-28 17:51:18.928 11760 11994 I C00f00/OH_DER_VSync: scheduleVsync RequestFrame rc=<private>
09-28 17:51:18.929   879   879 E C01406/skia: RSBaseRenderUtil::DealWithSurfaceRotationAndGravity, GetSurfaceBufferOpaque:0
09-28 17:51:18.929   879   879 E C02515/DISP: [0;32;31m[GetMetadata:109] <private> is not supported[m
09-28 17:51:18.929   879   879 E C01406/skia: RSBaseRenderUtil::DealWithSurfaceRotationAndGravity, GetSurfaceBufferOpaque:0
09-28 17:51:18.929   879   879 E C02515/DISP: [0;32;31m[GetMetadata:109] <private> is not supported[m
09-28 17:51:18.931   879  1104 E C02515/DISP: [0;32;31m[SetMetadata:102] <private> is not supported[m
09-28 17:51:18.931   879  1104 E C02515/METADATA_SRV: [0;32;31m[SetMetadata:136]  fail[m
09-28 17:51:18.931   879  1104 E C01401/Bufferqueue: <surface_buffer_impl.cpp:714-SetMetadata>: SetMetadata Failed with -5
09-28 17:51:18.931   879  1104 E C01406/skia: SurfaceNodeDrawable DrawCommSurfaceWatermark Name:BackgroundBlurView2 Id:8465380540424 water mark count is zero
09-28 17:51:18.931   879  1104 E C01406/skia: RSBaseRenderUtil::DealWithSurfaceRotationAndGravity, GetSurfaceBufferOpaque:0
09-28 17:51:18.932   879  1104 I C01406/WRAP: AHardwareBuffer_createFromHandle index = <private> handle = <private>, ahb = <private>
09-28 17:51:18.932   879  1104 E C01406/skia: SurfaceNodeDrawable DrawCommSurfaceWatermark Name:AdapterActivityContent Id:50508815400963 water mark count is zero
09-28 17:51:18.932   879  1104 E C01406/skia: RSBaseRenderUtil::DealWithSurfaceRotationAndGravity, GetSurfaceBufferOpaque:0
09-28 17:51:18.932   879  1104 I C01406/WRAP: AHardwareBuffer_createFromHandle index = <private> handle = <private>, ahb = <private>
09-28 17:51:18.932   879  1104 E C01406/skia: SurfaceNodeDrawable DrawCommSurfaceWatermark Name:AdapterSurfaceView Id:50508815400964 water mark count is zero
09-28 17:51:18.932   879  1104 E C01406/skia: SurfaceNodeDrawable DrawCommSurfaceWatermark Name:com.a2hlab.bridge.zigzag/com.unity3d.player.UnityPlayerActivity Id:50508815400961 water mark count is zero
09-28 17:51:18.932   879  1104 E C01406/skia: SurfaceNodeDrawable DrawCommSurfaceWatermark Name:WindowScene_zigzag37 Id:8465380541288 water mark count is zero
09-28 17:51:18.933   879  1104 E C01406/skia: SurfaceNodeDrawable DrawCommSurfaceWatermark Name:SCBGestureNavBar13 Id:8465380540563 water mark count is zero
09-28 17:51:18.933   879  1104 E C01406/skia: SurfaceNodeDrawable DrawCommSurfaceWatermark Name:SCBStatusBar15 Id:8465380540646 water mark count is zero
09-28 17:51:18.934   879  1104 E C02515/DISP: [0;32;31m[GetMetadata:109] <private> is not supported[m
09-28 17:51:18.934   879  1104 E C02515/DISP: [0;32;31m[SetMetadata:102] <private> is not supported[m
09-28 17:51:18.934   879  1104 E C02515/METADATA_SRV: [0;32;31m[SetMetadata:136]  fail[m
09-28 17:51:18.934   879  1104 E C01401/Bufferqueue: <surface_buffer_impl.cpp:714-SetMetadata>: SetMetadata Failed with -5
09-28 17:51:18.934   879  1104 E C01406/skia: RSUniRenderComposerAdapter::SetBufferColorSpace set color space fail
09-28 17:51:18.944 11760 11996 I C00f00/OH_DER_VSync: onOhVsync ENTRY ts=<private> data=<private>
09-28 17:51:18.944 11760 11994 I C00f00/OH_DER_VSync: scheduleVsync ENTRY receiverPtr=0x<private>
09-28 17:51:18.944 11760 11994 I C00f00/OH_DER_VSync: scheduleVsync calling RequestFrame ohVsync=<private>
09-28 17:51:18.944 11760 11994 I C00f00/OH_DER_VSync: scheduleVsync RequestFrame rc=<private>
09-28 17:51:18.946   879  2132 E C02515/DISP: [0;32;31m[SetMetadata:102] <private> is not supported[m
09-28 17:51:18.946   879  2132 E C02515/METADATA_SRV: [0;32;31m[SetMetadata:136]  fail[m
09-28 17:51:18.946   879  2132 E C01401/Bufferqueue: <surface_buffer_impl.cpp:714-SetMetadata>: SetMetadata Failed with -5
09-28 17:51:18.947   797  4165 E C02515/DISP: [0;32;31m[SetLayerMaskInfo@display_composer_vdi_impl.cpp:404] <private> is not supported[m
09-28 17:51:18.947   879  1233 E C02515/DISP: [0;32;31m[SetMetadata:102] <private> is not supported[m
09-28 17:51:18.947   879  1233 E C02515/METADATA_SRV: [0;32;31m[SetMetadata:136]  fail[m
09-28 17:51:18.947   879  1233 E C01401/Bufferqueue: <surface_buffer_impl.cpp:714-SetMetadata>: SetMetadata Failed with -5
09-28 17:51:18.948   797  4165 E C02515/DISP: [0;32;31m[SetDisplayClientDamage@display_composer_vdi_impl.cpp:179] <private> is not supported[m
09-28 17:51:18.961 11760 11996 I C00f00/OH_DER_VSync: onOhVsync ENTRY ts=<private> data=<private>
09-28 17:51:18.961 11760 11994 I C00f00/OH_DER_VSync: scheduleVsync ENTRY receiverPtr=0x<private>
09-28 17:51:18.961 11760 11994 I C00f00/OH_DER_VSync: scheduleVsync calling RequestFrame ohVsync=<private>
09-28 17:51:18.961   879   879 E C02515/DISP: [0;32;31m[GetMetadata:109] <private> is not supported[m
09-28 17:51:18.961 11760 11994 I C00f00/OH_DER_VSync: scheduleVsync RequestFrame rc=<private>
09-28 17:51:18.961   879   879 E C02515/DISP: [0;32;31m[GetMetadata:109] <private> is not supported[m
09-28 17:51:18.961   879   879 E C02515/DISP: [0;32;31m[GetMetadata:109] <private> is not supported[m
09-28 17:51:18.962   879   879 E C01406/skia: RSBaseRenderUtil::DealWithSurfaceRotationAndGravity, GetSurfaceBufferOpaque:0
09-28 17:51:18.962   879   879 E C02515/DISP: [0;32;31m[GetMetadata:109] <private> is not supported[m
09-28 17:51:18.962   879   879 E C01406/skia: RSBaseRenderUtil::DealWithSurfaceRotationAndGravity, GetSurfaceBufferOpaque:0
09-28 17:51:18.962   879   879 E C02515/DISP: [0;32;31m[GetMetadata:109] <private> is not supported[m
09-28 17:51:18.964   879  1104 E C02515/DISP: [0;32;31m[SetMetadata:102] <private> is not supported[m
09-28 17:51:18.964   879  1104 E C02515/METADATA_SRV: [0;32;31m[SetMetadata:136]  fail[m
09-28 17:51:18.964   879  1104 E C01401/Bufferqueue: <surface_buffer_impl.cpp:714-SetMetadata>: SetMetadata Failed with -5
09-28 17:51:18.965   879  1104 E C01406/skia: SurfaceNodeDrawable DrawCommSurfaceWatermark Name:BackgroundBlurView2 Id:8465380540424 water mark count is zero
09-28 17:51:18.965   879  1104 E C01406/skia: RSBaseRenderUtil::DealWithSurfaceRotationAndGravity, GetSurfaceBufferOpaque:0
09-28 17:51:18.965   879  1104 I C01406/WRAP: AHardwareBuffer_createFromHandle index = <private> handle = <private>, ahb = <private>
09-28 17:51:18.965   879  1104 E C01406/skia: SurfaceNodeDrawable DrawCommSurfaceWatermark Name:AdapterActivityContent Id:50508815400963 water mark count is zero
09-28 17:51:18.965   879  1104 E C01406/skia: RSBaseRenderUtil::DealWithSurfaceRotationAndGravity, GetSurfaceBufferOpaque:0
09-28 17:51:18.965   879  1104 I C01406/WRAP: AHardwareBuffer_createFromHandle index = <private> handle = <private>, ahb = <private>
09-28 17:51:18.965   879  1104 E C01406/skia: SurfaceNodeDrawable DrawCommSurfaceWatermark Name:AdapterSurfaceView Id:50508815400964 water mark count is zero
09-28 17:51:18.965   879  1104 E C01406/skia: SurfaceNodeDrawable DrawCommSurfaceWatermark Name:com.a2hlab.bridge.zigzag/com.unity3d.player.UnityPlayerActivity Id:50508815400961 water mark count is zero
09-28 17:51:18.966   879  1104 E C01406/skia: SurfaceNodeDrawable DrawCommSurfaceWatermark Name:WindowScene_zigzag37 Id:8465380541288 water mark count is zero
09-28 17:51:18.966   879  1104 E C01406/skia: SurfaceNodeDrawable DrawCommSurfaceWatermark Name:SCBGestureNavBar13 Id:8465380540563 water mark count is zero
09-28 17:51:18.966   879  1104 E C01406/skia: SurfaceNodeDrawable DrawCommSurfaceWatermark Name:SCBStatusBar15 Id:8465380540646 water mark count is zero
09-28 17:51:18.968   879  1104 E C02515/DISP: [0;32;31m[GetMetadata:109] <private> is not supported[m
09-28 17:51:18.968   879  1104 E C02515/DISP: [0;32;31m[SetMetadata:102] <private> is not supported[m
09-28 17:51:18.968   879  1104 E C02515/METADATA_SRV: [0;32;31m[SetMetadata:136]  fail[m
09-28 17:51:18.968   879  1104 E C01401/Bufferqueue: <surface_buffer_impl.cpp:714-SetMetadata>: SetMetadata Failed with -5
09-28 17:51:18.968   879  1104 E C01406/skia: RSUniRenderComposerAdapter::SetBufferColorSpace set color space fail
09-28 17:51:18.977 11760 11996 I C00f00/OH_DER_VSync: onOhVsync ENTRY ts=<private> data=<private>
09-28 17:51:18.978 11760 11994 I C00f00/OH_DER_VSync: scheduleVsync ENTRY receiverPtr=0x<private>
09-28 17:51:18.978 11760 11994 I C00f00/OH_DER_VSync: scheduleVsync calling RequestFrame ohVsync=<private>
09-28 17:51:18.978 11760 11994 I C00f00/OH_DER_VSync: scheduleVsync RequestFrame rc=<private>
09-28 17:51:18.979   879  2132 E C02515/DISP: [0;32;31m[SetMetadata:102] <private> is not supported[m
09-28 17:51:18.979   879  2132 E C02515/METADATA_SRV: [0;32;31m[SetMetadata:136]  fail[m
09-28 17:51:18.979   879  2132 E C01401/Bufferqueue: <surface_buffer_impl.cpp:714-SetMetadata>: SetMetadata Failed with -5
09-28 17:51:18.981   797  4165 E C02515/DISP: [0;32;31m[SetLayerMaskInfo@display_composer_vdi_impl.cpp:404] <private> is not supported[m
09-28 17:51:18.981   879  1233 E C02515/DISP: [0;32;31m[SetMetadata:102] <private> is not supported[m
09-28 17:51:18.981   879  1233 E C02515/METADATA_SRV: [0;32;31m[SetMetadata:136]  fail[m
09-28 17:51:18.981   879  1233 E C01401/Bufferqueue: <surface_buffer_impl.cpp:714-SetMetadata>: SetMetadata Failed with -5
09-28 17:51:18.982   797  4165 E C02515/DISP: [0;32;31m[SetDisplayClientDamage@display_composer_vdi_impl.cpp:179] <private> is not supported[m
09-28 17:51:18.986   921  1220 I C02d13/HDC_LOG: [daemon.cpp:1142] FetchCommand channelId:3010782602 command:1001
09-28 17:51:18.986   921  1220 I C02d13/HDC_LOG: [session.cpp:1652] New HTaskInfo cid:3010782602 sid:252******606(L:10) command:1001
09-28 17:51:18.986   921  1220 I C02d13/HDC_LOG: [session.cpp:891] AdminTask add task type:0 cid:3010782602 sid:252******606(L:10) mapsize:2
09-28 17:51:18.986   921  1220 I C02d13/HDC_LOG: [task.cpp:34] HdcTaskBase type:0 cid:3010782602 sid:252******606(L:10)
09-28 17:51:18.986   921  1220 I C02d13/HDC_LOG: [daemon_unity.cpp:414] Unity CommandDispatch command:1001 cid:3010782602 sid:252******606(L:10)
09-28 17:51:18.986   921  1220 W C02d13/HDC_LOG: [async_cmd.cpp:114] GetDevItem false key:persist.hdc.root
09-28 17:51:18.987   921 12479 I C02d13/HDC_LOG: [async_cmd.cpp:225] Popen pipe fds[pipeRead]:33 fds[pipeWrite]:34, mode 0
09-28 17:51:18.991   921  1220 I C02d13/HDC_LOG: [async_cmd.cpp:291] ExecuteCommand cmd:param get const.product.os.dist.apiname fd:33 pid:12480
09-28 17:51:18.991   921  1220 I C02d13/HDC_LOG: [daemon_unity.cpp:486] Unity CommandDispatch command:1001 finish cid:3010782602 sid:252******606(L:10)
09-28 17:51:18.992 12480 12480 W C02d13/HDC_LOG: [async_cmd.cpp:140] SetSelinuxLabel con:u:r:su:s0 isRoot:0
09-28 17:51:18.994 11760 11996 I C00f00/OH_DER_VSync: onOhVsync ENTRY ts=<private> data=<private>
09-28 17:51:18.994   879   879 E C02515/DISP: [0;32;31m[GetMetadata:109] <private> is not supported[m
09-28 17:51:18.994 11760 11994 I C00f00/OH_DER_VSync: scheduleVsync ENTRY receiverPtr=0x<private>
09-28 17:51:18.994 11760 11994 I C00f00/OH_DER_VSync: scheduleVsync calling RequestFrame ohVsync=<private>
09-28 17:51:18.994   879   879 E C02515/DISP: [0;32;31m[GetMetadata:109] <private> is not supported[m
09-28 17:51:18.994   879   879 E C02515/DISP: [0;32;31m[GetMetadata:109] <private> is not supported[m
09-28 17:51:18.994 11760 11994 I C00f00/OH_DER_VSync: scheduleVsync RequestFrame rc=<private>
09-28 17:51:18.996   879   879 E C01406/skia: RSBaseRenderUtil::DealWithSurfaceRotationAndGravity, GetSurfaceBufferOpaque:0
09-28 17:51:18.996   879   879 E C02515/DISP: [0;32;31m[GetMetadata:109] <private> is not supported[m
09-28 17:51:18.996   879   879 E C01406/skia: RSBaseRenderUtil::DealWithSurfaceRotationAndGravity, GetSurfaceBufferOpaque:0
09-28 17:51:18.996   879   879 E C02515/DISP: [0;32;31m[GetMetadata:109] <private> is not supported[m
09-28 17:51:18.998   879  1104 E C02515/DISP: [0;32;31m[SetMetadata:102] <private> is not supported[m
09-28 17:51:18.998   879  1104 E C02515/METADATA_SRV: [0;32;31m[SetMetadata:136]  fail[m
09-28 17:51:18.998   879  1104 E C01401/Bufferqueue: <surface_buffer_impl.cpp:714-SetMetadata>: SetMetadata Failed with -5
09-28 17:51:18.998   879  1104 E C01406/skia: SurfaceNodeDrawable DrawCommSurfaceWatermark Name:BackgroundBlurView2 Id:8465380540424 water mark count is zero
09-28 17:51:18.998   879  1104 E C01406/skia: RSBaseRenderUtil::DealWithSurfaceRotationAndGravity, GetSurfaceBufferOpaque:0
09-28 17:51:18.999   879  1104 I C01406/WRAP: AHardwareBuffer_createFromHandle index = <private> handle = <private>, ahb = <private>
09-28 17:51:18.999   879  1104 E C01406/skia: SurfaceNodeDrawable DrawCommSurfaceWatermark Name:AdapterActivityContent Id:50508815400963 water mark count is zero
09-28 17:51:18.999   879  1104 E C01406/skia: RSBaseRenderUtil::DealWithSurfaceRotationAndGravity, GetSurfaceBufferOpaque:0
09-28 17:51:18.999   879  1104 I C01406/WRAP: AHardwareBuffer_createFromHandle index = <private> handle = <private>, ahb = <private>
09-28 17:51:18.999   879  1104 E C01406/skia: SurfaceNodeDrawable DrawCommSurfaceWatermark Name:AdapterSurfaceView Id:50508815400964 water mark count is zero
09-28 17:51:18.999   879  1104 E C01406/skia: SurfaceNodeDrawable DrawCommSurfaceWatermark Name:com.a2hlab.bridge.zigzag/com.unity3d.player.UnityPlayerActivity Id:50508815400961 water mark count is zero
09-28 17:51:18.999   879  1104 E C01406/skia: SurfaceNodeDrawable DrawCommSurfaceWatermark Name:WindowScene_zigzag37 Id:8465380541288 water mark count is zero
09-28 17:51:19.000   879  1104 E C01406/skia: SurfaceNodeDrawable DrawCommSurfaceWatermark Name:SCBGestureNavBar13 Id:8465380540563 water mark count is zero
09-28 17:51:19.000   879  1104 E C01406/skia: SurfaceNodeDrawable DrawCommSurfaceWatermark Name:SCBStatusBar15 Id:8465380540646 water mark count is zero
09-28 17:51:19.001   879  1104 E C02515/DISP: [0;32;31m[GetMetadata:109] <private> is not supported[m
09-28 17:51:19.001   879  1104 E C02515/DISP: [0;32;31m[SetMetadata:102] <private> is not supported[m
09-28 17:51:19.001   879  1104 E C02515/METADATA_SRV: [0;32;31m[SetMetadata:136]  fail[m
09-28 17:51:19.001   879  1104 E C01401/Bufferqueue: <surface_buffer_impl.cpp:714-SetMetadata>: SetMetadata Failed with -5
09-28 17:51:19.001   879  1104 E C01406/skia: RSUniRenderComposerAdapter::SetBufferColorSpace set color space fail
09-28 17:51:19.011 11760 11996 I C00f00/OH_DER_VSync: onOhVsync ENTRY ts=<private> data=<private>
09-28 17:51:19.011 11760 11994 I C00f00/OH_DER_VSync: scheduleVsync ENTRY receiverPtr=0x<private>
09-28 17:51:19.011 11760 11994 I C00f00/OH_DER_VSync: scheduleVsync calling RequestFrame ohVsync=<private>
09-28 17:51:19.011 11760 11994 I C00f00/OH_DER_VSync: scheduleVsync RequestFrame rc=<private>
09-28 17:51:19.013   879  2132 E C02515/DISP: [0;32;31m[SetMetadata:102] <private> is not supported[m
09-28 17:51:19.013   879  2132 E C02515/METADATA_SRV: [0;32;31m[SetMetadata:136]  fail[m
09-28 17:51:19.013   879  2132 E C01401/Bufferqueue: <surface_buffer_impl.cpp:714-SetMetadata>: SetMetadata Failed with -5
09-28 17:51:19.014   797  4165 E C02515/DISP: [0;32;31m[SetLayerMaskInfo@display_composer_vdi_impl.cpp:404] <private> is not supported[m
09-28 17:51:19.014   879  1233 E C02515/DISP: [0;32;31m[SetMetadata:102] <private> is not supported[m
09-28 17:51:19.014   879  1233 E C02515/METADATA_SRV: [0;32;31m[SetMetadata:136]  fail[m
09-28 17:51:19.014   879  1233 E C01401/Bufferqueue: <surface_buffer_impl.cpp:714-SetMetadata>: SetMetadata Failed with -5
09-28 17:51:19.015   797  4165 E C02515/DISP: [0;32;31m[SetDisplayClientDamage@display_composer_vdi_impl.cpp:179] <private> is not supported[m
09-28 17:51:19.027 11760 11996 I C00f00/OH_DER_VSync: onOhVsync ENTRY ts=<private> data=<private>
09-28 17:51:19.028 11760 11994 I C00f00/OH_DER_VSync: scheduleVsync ENTRY receiverPtr=0x<private>
09-28 17:51:19.028 11760 11994 I C00f00/OH_DER_VSync: scheduleVsync calling RequestFrame ohVsync=<private>
09-28 17:51:19.028   879   879 E C02515/DISP: [0;32;31m[GetMetadata:109] <private> is not supported[m
09-28 17:51:19.028 11760 11994 I C00f00/OH_DER_VSync: scheduleVsync RequestFrame rc=<private>
09-28 17:51:19.028   879   879 E C02515/DISP: [0;32;31m[GetMetadata:109] <private> is not supported[m
09-28 17:51:19.028   879   879 E C02515/DISP: [0;32;31m[GetMetadata:109] <private> is not supported[m
09-28 17:51:19.029   879   879 E C01406/skia: RSBaseRenderUtil::DealWithSurfaceRotationAndGravity, GetSurfaceBufferOpaque:0
09-28 17:51:19.029   879   879 E C02515/DISP: [0;32;31m[GetMetadata:109] <private> is not supported[m
09-28 17:51:19.029   879   879 E C01406/skia: RSBaseRenderUtil::DealWithSurfaceRotationAndGravity, GetSurfaceBufferOpaque:0
09-28 17:51:19.029   879   879 E C02515/DISP: [0;32;31m[GetMetadata:109] <private> is not supported[m
09-28 17:51:19.031   879  1104 E C02515/DISP: [0;32;31m[SetMetadata:102] <private> is not supported[m
09-28 17:51:19.031   879  1104 E C02515/METADATA_SRV: [0;32;31m[SetMetadata:136]  fail[m
09-28 17:51:19.031   879  1104 E C01401/Bufferqueue: <surface_buffer_impl.cpp:714-SetMetadata>: SetMetadata Failed with -5
09-28 17:51:19.032   879  1104 E C01406/skia: SurfaceNodeDrawable DrawCommSurfaceWatermark Name:BackgroundBlurView2 Id:8465380540424 water mark count is zero
09-28 17:51:19.032   879  1104 E C01406/skia: RSBaseRenderUtil::DealWithSurfaceRotationAndGravity, GetSurfaceBufferOpaque:0
09-28 17:51:19.032   879  1104 I C01406/WRAP: AHardwareBuffer_createFromHandle index = <private> handle = <private>, ahb = <private>
09-28 17:51:19.032   879  1104 E C01406/skia: SurfaceNodeDrawable DrawCommSurfaceWatermark Name:AdapterActivityContent Id:50508815400963 water mark count is zero
09-28 17:51:19.032   879  1104 E C01406/skia: RSBaseRenderUtil::DealWithSurfaceRotationAndGravity, GetSurfaceBufferOpaque:0
09-28 17:51:19.032   879  1104 I C01406/WRAP: AHardwareBuffer_createFromHandle index = <private> handle = <private>, ahb = <private>
09-28 17:51:19.033   879  1104 E C01406/skia: SurfaceNodeDrawable DrawCommSurfaceWatermark Name:AdapterSurfaceView Id:50508815400964 water mark count is zero
09-28 17:51:19.033   879  1104 E C01406/skia: SurfaceNodeDrawable DrawCommSurfaceWatermark Name:com.a2hlab.bridge.zigzag/com.unity3d.player.UnityPlayerActivity Id:50508815400961 water mark count is zero
09-28 17:51:19.033   879  1104 E C01406/skia: SurfaceNodeDrawable DrawCommSurfaceWatermark Name:WindowScene_zigzag37 Id:8465380541288 water mark count is zero
09-28 17:51:19.033   879  1104 E C01406/skia: SurfaceNodeDrawable DrawCommSurfaceWatermark Name:SCBGestureNavBar13 Id:8465380540563 water mark count is zero
09-28 17:51:19.033   879  1104 E C01406/skia: SurfaceNodeDrawable DrawCommSurfaceWatermark Name:SCBStatusBar15 Id:8465380540646 water mark count is zero
09-28 17:51:19.034   921 12481 I C02d13/HDC_LOG: [async_cmd.cpp:88] FinishShellProc finish pipeRead fd:33 pid:12480 count:1
09-28 17:51:19.034   921 12481 I C02d13/HDC_LOG: [task.cpp:55] HdcTaskBase::TaskFinish notify begin type:0 cid:3010782602 sid:252******606(L:10)
09-28 17:51:19.035   879  1104 E C02515/DISP: [0;32;31m[GetMetadata:109] <private> is not supported[m
09-28 17:51:19.035   879  1104 E C02515/DISP: [0;32;31m[SetMetadata:102] <private> is not supported[m
09-28 17:51:19.035   921 12481 I C02d13/HDC_LOG: [task.cpp:58] HdcTaskBase::TaskFinish notify end type:0 cid:3010782602 sid:252******606(L:10)
09-28 17:51:19.035   879  1104 E C02515/METADATA_SRV: [0;32;31m[SetMetadata:136]  fail[m
09-28 17:51:19.035   879  1104 E C01401/Bufferqueue: <surface_buffer_impl.cpp:714-SetMetadata>: SetMetadata Failed with -5
09-28 17:51:19.035   879  1104 E C01406/skia: RSUniRenderComposerAdapter::SetBufferColorSpace set color space fail
09-28 17:51:19.042   921  1220 I C02d13/HDC_LOG: [daemon.cpp:1142] FetchCommand channelId:3010782602 command:2
09-28 17:51:19.043   921  1220 W C02d13/HDC_LOG: [session.cpp:160] BeginRemoveTask taskType:0 channelId:3010782602
09-28 17:51:19.043   921  1220 W C02d13/HDC_LOG: [session.cpp:190] ClearOwnTasks OP_CLEAR finish, sessionId:252******606(L:10) channelIDInput:3010782602
09-28 17:51:19.043   921  1220 W C02d13/HDC_LOG: [session.cpp:115] taskClassDeleteRetry start clear task, taskType:0 cid:3010782602 sid:252******606(L:10)
09-28 17:51:19.043   921  1220 I C02d13/HDC_LOG: [async_cmd.cpp:69] DoRelease rc:-3 pid:12480
09-28 17:51:19.043   921  1220 I C02d13/HDC_LOG: [session.cpp:126] TaskDelay task remove retry count 0/30, taskType:0 channelId:3010782602, sessionId:252******606(L:10)
09-28 17:51:19.043   921  1220 I C02d13/HDC_LOG: [daemon_unity.cpp:31] ~HdcDaemonUnity cid:3010782602 sid:252******606(L:10)
09-28 17:51:19.043   921  1220 I C02d13/HDC_LOG: [task.cpp:40] ~HdcTaskBase type:0 cid:3010782602 sid:252******606(L:10)
09-28 17:51:19.043   921  1220 W C02d13/HDC_LOG: [session.cpp:134] TaskDelay task remove finish, channelId:3010782602
09-28 17:51:19.043   921  1220 I C02d13/HDC_LOG: [base.cpp:969] before uv handle close, the uv handle type is 13
09-28 17:51:19.043   921  1220 I C02d13/HDC_LOG: [daemon.cpp:1142] FetchCommand channelId:3010782602 command:2
09-28 17:51:19.044 11760 11996 I C00f00/OH_DER_VSync: onOhVsync ENTRY ts=<private> data=<private>
09-28 17:51:19.044 11760 11994 I C00f00/OH_DER_VSync: scheduleVsync ENTRY receiverPtr=0x<private>
09-28 17:51:19.044 11760 11994 I C00f00/OH_DER_VSync: scheduleVsync calling RequestFrame ohVsync=<private>
09-28 17:51:19.045 11760 11994 I C00f00/OH_DER_VSync: scheduleVsync RequestFrame rc=<private>
09-28 17:51:19.046   879  2132 E C02515/DISP: [0;32;31m[SetMetadata:102] <private> is not supported[m
09-28 17:51:19.046   879  2132 E C02515/METADATA_SRV: [0;32;31m[SetMetadata:136]  fail[m
09-28 17:51:19.046   879  2132 E C01401/Bufferqueue: <surface_buffer_impl.cpp:714-SetMetadata>: SetMetadata Failed with -5
09-28 17:51:19.047   797  4165 E C02515/DISP: [0;32;31m[SetLayerMaskInfo@display_composer_vdi_impl.cpp:404] <private> is not supported[m
09-28 17:51:19.048   879  1233 E C02515/DISP: [0;32;31m[SetMetadata:102] <private> is not supported[m
09-28 17:51:19.048   879  1233 E C02515/METADATA_SRV: [0;32;31m[SetMetadata:136]  fail[m
09-28 17:51:19.048   879  1233 E C01401/Bufferqueue: <surface_buffer_impl.cpp:714-SetMetadata>: SetMetadata Failed with -5
09-28 17:51:19.048   797  4165 E C02515/DISP: [0;32;31m[SetDisplayClientDamage@display_composer_vdi_impl.cpp:179] <private> is not supported[m
09-28 17:51:19.050   921  1220 I C02d13/HDC_LOG: [daemon.cpp:1142] FetchCommand channelId:4151913793 command:1001
09-28 17:51:19.050   921  1220 I C02d13/HDC_LOG: [session.cpp:1652] New HTaskInfo cid:4151913793 sid:252******606(L:10) command:1001
09-28 17:51:19.051   921  1220 I C02d13/HDC_LOG: [session.cpp:891] AdminTask add task type:0 cid:4151913793 sid:252******606(L:10) mapsize:2
09-28 17:51:19.051   921  1220 I C02d13/HDC_LOG: [task.cpp:34] HdcTaskBase type:0 cid:4151913793 sid:252******606(L:10)
09-28 17:51:19.051   921  1220 I C02d13/HDC_LOG: [daemon_unity.cpp:414] Unity CommandDispatch command:1001 cid:4151913793 sid:252******606(L:10)
09-28 17:51:19.051   921  1220 W C02d13/HDC_LOG: [async_cmd.cpp:114] GetDevItem false key:persist.hdc.root
09-28 17:51:19.051   921 12482 I C02d13/HDC_LOG: [async_cmd.cpp:225] Popen pipe fds[pipeRead]:33 fds[pipeWrite]:34, mode 0
09-28 17:51:19.055   921  1220 I C02d13/HDC_LOG: [async_cmd.cpp:291] ExecuteCommand cmd:param get const.product.os.dist.apiname fd:33 pid:12483
09-28 17:51:19.055 12483 12483 W C02d13/HDC_LOG: [async_cmd.cpp:140] SetSelinuxLabel con:u:r:su:s0 isRoot:0
09-28 17:51:19.055   921  1220 I C02d13/HDC_LOG: [daemon_unity.cpp:486] Unity CommandDispatch command:1001 finish cid:4151913793 sid:252******606(L:10)
09-28 17:51:19.061 11760 11996 I C00f00/OH_DER_VSync: onOhVsync ENTRY ts=<private> data=<private>
09-28 17:51:19.061   879   879 E C02515/DISP: [0;32;31m[GetMetadata:109] <private> is not supported[m
09-28 17:51:19.061 11760 11994 I C00f00/OH_DER_VSync: scheduleVsync ENTRY receiverPtr=0x<private>
09-28 17:51:19.061 11760 11994 I C00f00/OH_DER_VSync: scheduleVsync calling RequestFrame ohVsync=<private>
09-28 17:51:19.061   879   879 E C02515/DISP: [0;32;31m[GetMetadata:109] <private> is not supported[m
09-28 17:51:19.061 11760 11994 I C00f00/OH_DER_VSync: scheduleVsync RequestFrame rc=<private>
09-28 17:51:19.061   879   879 E C02515/DISP: [0;32;31m[GetMetadata:109] <private> is not supported[m
09-28 17:51:19.062   879   879 E C01406/skia: RSBaseRenderUtil::DealWithSurfaceRotationAndGravity, GetSurfaceBufferOpaque:0
09-28 17:51:19.062   879   879 E C02515/DISP: [0;32;31m[GetMetadata:109] <private> is not supported[m
09-28 17:51:19.063   879   879 E C01406/skia: RSBaseRenderUtil::DealWithSurfaceRotationAndGravity, GetSurfaceBufferOpaque:0
09-28 17:51:19.063   879   879 E C02515/DISP: [0;32;31m[GetMetadata:109] <private> is not supported[m
09-28 17:51:19.064   879  1104 E C02515/DISP: [0;32;31m[SetMetadata:102] <private> is not supported[m
09-28 17:51:19.064   879  1104 E C02515/METADATA_SRV: [0;32;31m[SetMetadata:136]  fail[m
09-28 17:51:19.064   879  1104 E C01401/Bufferqueue: <surface_buffer_impl.cpp:714-SetMetadata>: SetMetadata Failed with -5
09-28 17:51:19.065   879  1104 E C01406/skia: SurfaceNodeDrawable DrawCommSurfaceWatermark Name:BackgroundBlurView2 Id:8465380540424 water mark count is zero
09-28 17:51:19.065   879  1104 E C01406/skia: RSBaseRenderUtil::DealWithSurfaceRotationAndGravity, GetSurfaceBufferOpaque:0
09-28 17:51:19.065   879  1104 I C01406/WRAP: AHardwareBuffer_createFromHandle index = <private> handle = <private>, ahb = <private>
09-28 17:51:19.065   879  1104 E C01406/skia: SurfaceNodeDrawable DrawCommSurfaceWatermark Name:AdapterActivityContent Id:50508815400963 water mark count is zero
09-28 17:51:19.065   879  1104 E C01406/skia: RSBaseRenderUtil::DealWithSurfaceRotationAndGravity, GetSurfaceBufferOpaque:0
09-28 17:51:19.066   879  1104 I C01406/WRAP: AHardwareBuffer_createFromHandle index = <private> handle = <private>, ahb = <private>
09-28 17:51:19.066   879  1104 E C01406/skia: SurfaceNodeDrawable DrawCommSurfaceWatermark Name:AdapterSurfaceView Id:50508815400964 water mark count is zero
09-28 17:51:19.066   879  1104 E C01406/skia: SurfaceNodeDrawable DrawCommSurfaceWatermark Name:com.a2hlab.bridge.zigzag/com.unity3d.player.UnityPlayerActivity Id:50508815400961 water mark count is zero
09-28 17:51:19.066   879  1104 E C01406/skia: SurfaceNodeDrawable DrawCommSurfaceWatermark Name:WindowScene_zigzag37 Id:8465380541288 water mark count is zero
09-28 17:51:19.066   879  1104 E C01406/skia: SurfaceNodeDrawable DrawCommSurfaceWatermark Name:SCBGestureNavBar13 Id:8465380540563 water mark count is zero
09-28 17:51:19.066   879  1104 E C01406/skia: SurfaceNodeDrawable DrawCommSurfaceWatermark Name:SCBStatusBar15 Id:8465380540646 water mark count is zero
09-28 17:51:19.068   879  1104 E C02515/DISP: [0;32;31m[GetMetadata:109] <private> is not supported[m
09-28 17:51:19.068   879  1104 E C02515/DISP: [0;32;31m[SetMetadata:102] <private> is not supported[m
09-28 17:51:19.068   879  1104 E C02515/METADATA_SRV: [0;32;31m[SetMetadata:136]  fail[m
09-28 17:51:19.068   879  1104 E C01401/Bufferqueue: <surface_buffer_impl.cpp:714-SetMetadata>: SetMetadata Failed with -5
09-28 17:51:19.068   879  1104 E C01406/skia: RSUniRenderComposerAdapter::SetBufferColorSpace set color space fail
09-28 17:51:19.070   921  1220 I C02d13/HDC_LOG: [session.cpp:1521] send heartbeat count is 99 and messages count is 9672 for session 252******606(L:10)
09-28 17:51:19.070 12483 12483 I C03f07/MUSL: [gwp_asan]: SlotLength 1000, SampleRate 2500
09-28 17:51:19.074   921  1220 I C02d13/HDC_LOG: [daemon.cpp:1142] FetchCommand channelId:0 command:5000
09-28 17:51:19.074   921  1220 I C02d13/HDC_LOG: [daemon.cpp:1163] recv heartbeat count is 99 for session 252******606(L:10)
09-28 17:51:19.077   921 12484 I C02d13/HDC_LOG: [async_cmd.cpp:88] FinishShellProc finish pipeRead fd:33 pid:12483 count:1
09-28 17:51:19.077   921 12484 I C02d13/HDC_LOG: [task.cpp:55] HdcTaskBase::TaskFinish notify begin type:0 cid:4151913793 sid:252******606(L:10)
09-28 17:51:19.077   921 12484 I C02d13/HDC_LOG: [task.cpp:58] HdcTaskBase::TaskFinish notify end type:0 cid:4151913793 sid:252******606(L:10)
09-28 17:51:19.077 11760 11996 I C00f00/OH_DER_VSync: onOhVsync ENTRY ts=<private> data=<private>
09-28 17:51:19.078   921  1220 I C02d13/HDC_LOG: [daemon.cpp:1142] FetchCommand channelId:4151913793 command:2
09-28 17:51:19.078 11760 11994 I C00f00/OH_DER_VSync: scheduleVsync ENTRY receiverPtr=0x<private>
09-28 17:51:19.078 11760 11994 I C00f00/OH_DER_VSync: scheduleVsync calling RequestFrame ohVsync=<private>
09-28 17:51:19.078   921  1220 W C02d13/HDC_LOG: [session.cpp:160] BeginRemoveTask taskType:0 channelId:4151913793
09-28 17:51:19.078   921  1220 W C02d13/HDC_LOG: [session.cpp:190] ClearOwnTasks OP_CLEAR finish, sessionId:252******606(L:10) channelIDInput:4151913793
09-28 17:51:19.078   921  1220 W C02d13/HDC_LOG: [session.cpp:115] taskClassDeleteRetry start clear task, taskType:0 cid:4151913793 sid:252******606(L:10)
09-28 17:51:19.078   921  1220 I C02d13/HDC_LOG: [async_cmd.cpp:69] DoRelease rc:-3 pid:12483
09-28 17:51:19.078   921  1220 I C02d13/HDC_LOG: [session.cpp:126] TaskDelay task remove retry count 0/30, taskType:0 channelId:4151913793, sessionId:252******606(L:10)
09-28 17:51:19.078 11760 11994 I C00f00/OH_DER_VSync: scheduleVsync RequestFrame rc=<private>
09-28 17:51:19.078   921  1220 I C02d13/HDC_LOG: [daemon_unity.cpp:31] ~HdcDaemonUnity cid:4151913793 sid:252******606(L:10)
09-28 17:51:19.078   921  1220 I C02d13/HDC_LOG: [task.cpp:40] ~HdcTaskBase type:0 cid:4151913793 sid:252******606(L:10)
09-28 17:51:19.078   921  1220 W C02d13/HDC_LOG: [session.cpp:134] TaskDelay task remove finish, channelId:4151913793
09-28 17:51:19.078   921  1220 I C02d13/HDC_LOG: [base.cpp:969] before uv handle close, the uv handle type is 13
09-28 17:51:19.079   879  2132 E C02515/DISP: [0;32;31m[SetMetadata:102] <private> is not supported[m
09-28 17:51:19.079   879  2132 E C02515/METADATA_SRV: [0;32;31m[SetMetadata:136]  fail[m
09-28 17:51:19.079   879  2132 E C01401/Bufferqueue: <surface_buffer_impl.cpp:714-SetMetadata>: SetMetadata Failed with -5
09-28 17:51:19.081   797  4165 E C02515/DISP: [0;32;31m[SetLayerMaskInfo@display_composer_vdi_impl.cpp:404] <private> is not supported[m
09-28 17:51:19.081   879  1233 E C02515/DISP: [0;32;31m[SetMetadata:102] <private> is not supported[m
09-28 17:51:19.081   879  1233 E C02515/METADATA_SRV: [0;32;31m[SetMetadata:136]  fail[m
09-28 17:51:19.081   879  1233 E C01401/Bufferqueue: <surface_buffer_impl.cpp:714-SetMetadata>: SetMetadata Failed with -5
09-28 17:51:19.082   797  4165 E C02515/DISP: [0;32;31m[SetDisplayClientDamage@display_composer_vdi_impl.cpp:179] <private> is not supported[m
09-28 17:51:19.083   921  1220 I C02d13/HDC_LOG: [daemon.cpp:1142] FetchCommand channelId:4151913793 command:2
09-28 17:51:19.094 11760 11996 I C00f00/OH_DER_VSync: onOhVsync ENTRY ts=<private> data=<private>
09-28 17:51:19.094   879   879 E C02515/DISP: [0;32;31m[GetMetadata:109] <private> is not supported[m
09-28 17:51:19.094 11760 11994 I C00f00/OH_DER_VSync: scheduleVsync ENTRY receiverPtr=0x<private>
09-28 17:51:19.094 11760 11994 I C00f00/OH_DER_VSync: scheduleVsync calling RequestFrame ohVsync=<private>
09-28 17:51:19.094   879   879 E C02515/DISP: [0;32;31m[GetMetadata:109] <private> is not supported[m
09-28 17:51:19.094   879   879 E C02515/DISP: [0;32;31m[GetMetadata:109] <private> is not supported[m
09-28 17:51:19.095 11760 11994 I C00f00/OH_DER_VSync: scheduleVsync RequestFrame rc=<private>
09-28 17:51:19.095   879   879 E C01406/skia: RSBaseRenderUtil::DealWithSurfaceRotationAndGravity, GetSurfaceBufferOpaque:0
09-28 17:51:19.095   879   879 E C02515/DISP: [0;32;31m[GetMetadata:109] <private> is not supported[m
09-28 17:51:19.095   879   879 E C01406/skia: RSBaseRenderUtil::DealWithSurfaceRotationAndGravity, GetSurfaceBufferOpaque:0
09-28 17:51:19.095   879   879 E C02515/DISP: [0;32;31m[GetMetadata:109] <private> is not supported[m
09-28 17:51:19.096   879  1104 E C02515/DISP: [0;32;31m[SetMetadata:102] <private> is not supported[m
09-28 17:51:19.096   879  1104 E C02515/METADATA_SRV: [0;32;31m[SetMetadata:136]  fail[m
09-28 17:51:19.096   879  1104 E C01401/Bufferqueue: <surface_buffer_impl.cpp:714-SetMetadata>: SetMetadata Failed with -5
09-28 17:51:19.097   879  1104 E C01406/skia: SurfaceNodeDrawable DrawCommSurfaceWatermark Name:BackgroundBlurView2 Id:8465380540424 water mark count is zero
09-28 17:51:19.097   879  1104 E C01406/skia: RSBaseRenderUtil::DealWithSurfaceRotationAndGravity, GetSurfaceBufferOpaque:0
09-28 17:51:19.097   879  1104 I C01406/WRAP: AHardwareBuffer_createFromHandle index = <private> handle = <private>, ahb = <private>
09-28 17:51:19.097   879  1104 E C01406/skia: SurfaceNodeDrawable DrawCommSurfaceWatermark Name:AdapterActivityContent Id:50508815400963 water mark count is zero
09-28 17:51:19.097   879  1104 E C01406/skia: RSBaseRenderUtil::DealWithSurfaceRotationAndGravity, GetSurfaceBufferOpaque:0
09-28 17:51:19.097   879  1104 I C01406/WRAP: AHardwareBuffer_createFromHandle index = <private> handle = <private>, ahb = <private>
09-28 17:51:19.098   879  1104 E C01406/skia: SurfaceNodeDrawable DrawCommSurfaceWatermark Name:AdapterSurfaceView Id:50508815400964 water mark count is zero
09-28 17:51:19.098   879  1104 E C01406/skia: SurfaceNodeDrawable DrawCommSurfaceWatermark Name:com.a2hlab.bridge.zigzag/com.unity3d.player.UnityPlayerActivity Id:50508815400961 water mark count is zero
09-28 17:51:19.098   879  1104 E C01406/skia: SurfaceNodeDrawable DrawCommSurfaceWatermark Name:WindowScene_zigzag37 Id:8465380541288 water mark count is zero
09-28 17:51:19.098   879  1104 E C01406/skia: SurfaceNodeDrawable DrawCommSurfaceWatermark Name:SCBGestureNavBar13 Id:8465380540563 water mark count is zero
09-28 17:51:19.098   879  1104 E C01406/skia: SurfaceNodeDrawable DrawCommSurfaceWatermark Name:SCBStatusBar15 Id:8465380540646 water mark count is zero
09-28 17:51:19.099   879  1104 E C02515/DISP: [0;32;31m[GetMetadata:109] <private> is not supported[m
09-28 17:51:19.099   879  1104 E C02515/DISP: [0;32;31m[SetMetadata:102] <private> is not supported[m
09-28 17:51:19.099   879  1104 E C02515/METADATA_SRV: [0;32;31m[SetMetadata:136]  fail[m
09-28 17:51:19.099   879  1104 E C01401/Bufferqueue: <surface_buffer_impl.cpp:714-SetMetadata>: SetMetadata Failed with -5
09-28 17:51:19.100   879  1104 E C01406/skia: RSUniRenderComposerAdapter::SetBufferColorSpace set color space fail
09-28 17:51:19.111 11760 11996 I C00f00/OH_DER_VSync: onOhVsync ENTRY ts=<private> data=<private>
09-28 17:51:19.111 11760 11994 I C00f00/OH_DER_VSync: scheduleVsync ENTRY receiverPtr=0x<private>
09-28 17:51:19.111 11760 11994 I C00f00/OH_DER_VSync: scheduleVsync calling RequestFrame ohVsync=<private>
09-28 17:51:19.111 11760 11994 I C00f00/OH_DER_VSync: scheduleVsync RequestFrame rc=<private>
09-28 17:51:19.113   879  2132 E C02515/DISP: [0;32;31m[SetMetadata:102] <private> is not supported[m
09-28 17:51:19.113   879  2132 E C02515/METADATA_SRV: [0;32;31m[SetMetadata:136]  fail[m
09-28 17:51:19.113   879  2132 E C01401/Bufferqueue: <surface_buffer_impl.cpp:714-SetMetadata>: SetMetadata Failed with -5
09-28 17:51:19.114   797  4165 E C02515/DISP: [0;32;31m[SetLayerMaskInfo@display_composer_vdi_impl.cpp:404] <private> is not supported[m
09-28 17:51:19.114   879  1233 E C02515/DISP: [0;32;31m[SetMetadata:102] <private> is not supported[m
09-28 17:51:19.114   879  1233 E C02515/METADATA_SRV: [0;32;31m[SetMetadata:136]  fail[m
09-28 17:51:19.114   879  1233 E C01401/Bufferqueue: <surface_buffer_impl.cpp:714-SetMetadata>: SetMetadata Failed with -5
09-28 17:51:19.115   797  4165 E C02515/DISP: [0;32;31m[SetDisplayClientDamage@display_composer_vdi_impl.cpp:179] <private> is not supported[m
09-28 17:51:19.128   879   879 E C02515/DISP: [0;32;31m[GetMetadata:109] <private> is not supported[m
09-28 17:51:19.128   879   879 E C02515/DISP: [0;32;31m[GetMetadata:109] <private> is not supported[m
09-28 17:51:19.128   879   879 E C02515/DISP: [0;32;31m[GetMetadata:109] <private> is not supported[m
09-28 17:51:19.128   879   879 E C01406/skia: RSBaseRenderUtil::DealWithSurfaceRotationAndGravity, GetSurfaceBufferOpaque:0
09-28 17:51:19.128   879   879 E C02515/DISP: [0;32;31m[GetMetadata:109] <private> is not supported[m
09-28 17:51:19.128   879   879 E C01406/skia: RSBaseRenderUtil::DealWithSurfaceRotationAndGravity, GetSurfaceBufferOpaque:0
09-28 17:51:19.128   879   879 E C02515/DISP: [0;32;31m[GetMetadata:109] <private> is not supported[m
09-28 17:51:19.129 11760 11996 I C00f00/OH_DER_VSync: onOhVsync ENTRY ts=<private> data=<private>
09-28 17:51:19.129 11760 11994 I C00f00/OH_DER_VSync: scheduleVsync ENTRY receiverPtr=0x<private>
09-28 17:51:19.129 11760 11994 I C00f00/OH_DER_VSync: scheduleVsync calling RequestFrame ohVsync=<private>
09-28 17:51:19.129   879  1104 E C02515/DISP: [0;32;31m[SetMetadata:102] <private> is not supported[m
09-28 17:51:19.129   879  1104 E C02515/METADATA_SRV: [0;32;31m[SetMetadata:136]  fail[m
09-28 17:51:19.129   879  1104 E C01401/Bufferqueue: <surface_buffer_impl.cpp:714-SetMetadata>: SetMetadata Failed with -5
09-28 17:51:19.129 11760 11994 I C00f00/OH_DER_VSync: scheduleVsync RequestFrame rc=<private>
09-28 17:51:19.130   879  1104 E C01406/skia: SurfaceNodeDrawable DrawCommSurfaceWatermark Name:BackgroundBlurView2 Id:8465380540424 water mark count is zero
09-28 17:51:19.130   879  1104 E C01406/skia: RSBaseRenderUtil::DealWithSurfaceRotationAndGravity, GetSurfaceBufferOpaque:0
09-28 17:51:19.130   879  1104 I C01406/WRAP: AHardwareBuffer_createFromHandle index = <private> handle = <private>, ahb = <private>
09-28 17:51:19.130   879  1104 E C01406/skia: SurfaceNodeDrawable DrawCommSurfaceWatermark Name:AdapterActivityContent Id:50508815400963 water mark count is zero
09-28 17:51:19.130   879  1104 E C01406/skia: RSBaseRenderUtil::DealWithSurfaceRotationAndGravity, GetSurfaceBufferOpaque:0
09-28 17:51:19.130   879  1104 I C01406/WRAP: AHardwareBuffer_createFromHandle index = <private> handle = <private>, ahb = <private>
09-28 17:51:19.131   879  1104 E C01406/skia: SurfaceNodeDrawable DrawCommSurfaceWatermark Name:AdapterSurfaceView Id:50508815400964 water mark count is zero
09-28 17:51:19.131   879  1104 E C01406/skia: SurfaceNodeDrawable DrawCommSurfaceWatermark Name:com.a2hlab.bridge.zigzag/com.unity3d.player.UnityPlayerActivity Id:50508815400961 water mark count is zero
09-28 17:51:19.131   879  1104 E C01406/skia: SurfaceNodeDrawable DrawCommSurfaceWatermark Name:WindowScene_zigzag37 Id:8465380541288 water mark count is zero
09-28 17:51:19.132   879  1104 E C01406/skia: SurfaceNodeDrawable DrawCommSurfaceWatermark Name:SCBGestureNavBar13 Id:8465380540563 water mark count is zero
09-28 17:51:19.132   879  1104 E C01406/skia: SurfaceNodeDrawable DrawCommSurfaceWatermark Name:SCBStatusBar15 Id:8465380540646 water mark count is zero
09-28 17:51:19.134   879  1104 E C02515/DISP: [0;32;31m[GetMetadata:109] <private> is not supported[m
09-28 17:51:19.134   879  1104 E C02515/DISP: [0;32;31m[SetMetadata:102] <private> is not supported[m
09-28 17:51:19.134   879  1104 E C02515/METADATA_SRV: [0;32;31m[SetMetadata:136]  fail[m
09-28 17:51:19.134   879  1104 E C01401/Bufferqueue: <surface_buffer_impl.cpp:714-SetMetadata>: SetMetadata Failed with -5
09-28 17:51:19.134   879  1104 E C01406/skia: RSUniRenderComposerAdapter::SetBufferColorSpace set color space fail
09-28 17:51:19.144 11760 11996 I C00f00/OH_DER_VSync: onOhVsync ENTRY ts=<private> data=<private>
09-28 17:51:19.144 11760 11994 I C00f00/OH_DER_VSync: scheduleVsync ENTRY receiverPtr=0x<private>
09-28 17:51:19.144 11760 11994 I C00f00/OH_DER_VSync: scheduleVsync calling RequestFrame ohVsync=<private>
09-28 17:51:19.145 11760 11994 I C00f00/OH_DER_VSync: scheduleVsync RequestFrame rc=<private>
09-28 17:51:19.146   879  2132 E C02515/DISP: [0;32;31m[SetMetadata:102] <private> is not supported[m
09-28 17:51:19.146   879  2132 E C02515/METADATA_SRV: [0;32;31m[SetMetadata:136]  fail[m
09-28 17:51:19.146   879  2132 E C01401/Bufferqueue: <surface_buffer_impl.cpp:714-SetMetadata>: SetMetadata Failed with -5
09-28 17:51:19.147   797  4165 E C02515/DISP: [0;32;31m[SetLayerMaskInfo@display_composer_vdi_impl.cpp:404] <private> is not supported[m
09-28 17:51:19.147   879  1233 E C02515/DISP: [0;32;31m[SetMetadata:102] <private> is not supported[m
09-28 17:51:19.147   879  1233 E C02515/METADATA_SRV: [0;32;31m[SetMetadata:136]  fail[m
09-28 17:51:19.147   879  1233 E C01401/Bufferqueue: <surface_buffer_impl.cpp:714-SetMetadata>: SetMetadata Failed with -5
09-28 17:51:19.148   797  4165 E C02515/DISP: [0;32;31m[SetDisplayClientDamage@display_composer_vdi_impl.cpp:179] <private> is not supported[m
09-28 17:51:19.161 11760 11996 I C00f00/OH_DER_VSync: onOhVsync ENTRY ts=<private> data=<private>
09-28 17:51:19.161   879   879 E C02515/DISP: [0;32;31m[GetMetadata:109] <private> is not supported[m
09-28 17:51:19.161 11760 11994 I C00f00/OH_DER_VSync: scheduleVsync ENTRY receiverPtr=0x<private>
09-28 17:51:19.161 11760 11994 I C00f00/OH_DER_VSync: scheduleVsync calling RequestFrame ohVsync=<private>
09-28 17:51:19.161   879   879 E C02515/DISP: [0;32;31m[GetMetadata:109] <private> is not supported[m
09-28 17:51:19.161   879   879 E C02515/DISP: [0;32;31m[GetMetadata:109] <private> is not supported[m
09-28 17:51:19.161 11760 11994 I C00f00/OH_DER_VSync: scheduleVsync RequestFrame rc=<private>
09-28 17:51:19.162   879   879 E C01406/skia: RSBaseRenderUtil::DealWithSurfaceRotationAndGravity, GetSurfaceBufferOpaque:0
09-28 17:51:19.162   879   879 E C02515/DISP: [0;32;31m[GetMetadata:109] <private> is not supported[m
09-28 17:51:19.162   879   879 E C01406/skia: RSBaseRenderUtil::DealWithSurfaceRotationAndGravity, GetSurfaceBufferOpaque:0
09-28 17:51:19.162   879   879 E C02515/DISP: [0;32;31m[GetMetadata:109] <private> is not supported[m
09-28 17:51:19.163   879  1104 E C02515/DISP: [0;32;31m[SetMetadata:102] <private> is not supported[m
09-28 17:51:19.163   879  1104 E C02515/METADATA_SRV: [0;32;31m[SetMetadata:136]  fail[m
09-28 17:51:19.163   879  1104 E C01401/Bufferqueue: <surface_buffer_impl.cpp:714-SetMetadata>: SetMetadata Failed with -5
09-28 17:51:19.163   879  1104 E C01406/skia: SurfaceNodeDrawable DrawCommSurfaceWatermark Name:BackgroundBlurView2 Id:8465380540424 water mark count is zero
09-28 17:51:19.163   879  1104 E C01406/skia: RSBaseRenderUtil::DealWithSurfaceRotationAndGravity, GetSurfaceBufferOpaque:0
09-28 17:51:19.164   879  1104 I C01406/WRAP: AHardwareBuffer_createFromHandle index = <private> handle = <private>, ahb = <private>
09-28 17:51:19.164   879  1104 E C01406/skia: SurfaceNodeDrawable DrawCommSurfaceWatermark Name:AdapterActivityContent Id:50508815400963 water mark count is zero
09-28 17:51:19.164   879  1104 E C01406/skia: RSBaseRenderUtil::DealWithSurfaceRotationAndGravity, GetSurfaceBufferOpaque:0
09-28 17:51:19.164   879  1104 I C01406/WRAP: AHardwareBuffer_createFromHandle index = <private> handle = <private>, ahb = <private>
09-28 17:51:19.164   879  1104 E C01406/skia: SurfaceNodeDrawable DrawCommSurfaceWatermark Name:AdapterSurfaceView Id:50508815400964 water mark count is zero
09-28 17:51:19.164   879  1104 E C01406/skia: SurfaceNodeDrawable DrawCommSurfaceWatermark Name:com.a2hlab.bridge.zigzag/com.unity3d.player.UnityPlayerActivity Id:50508815400961 water mark count is zero
09-28 17:51:19.164   879  1104 E C01406/skia: SurfaceNodeDrawable DrawCommSurfaceWatermark Name:WindowScene_zigzag37 Id:8465380541288 water mark count is zero
09-28 17:51:19.165   879  1104 E C01406/skia: SurfaceNodeDrawable DrawCommSurfaceWatermark Name:SCBGestureNavBar13 Id:8465380540563 water mark count is zero
09-28 17:51:19.165   879  1104 E C01406/skia: SurfaceNodeDrawable DrawCommSurfaceWatermark Name:SCBStatusBar15 Id:8465380540646 water mark count is zero
09-28 17:51:19.166   879  1104 E C02515/DISP: [0;32;31m[GetMetadata:109] <private> is not supported[m
09-28 17:51:19.166   879  1104 E C02515/DISP: [0;32;31m[SetMetadata:102] <private> is not supported[m
09-28 17:51:19.166   879  1104 E C02515/METADATA_SRV: [0;32;31m[SetMetadata:136]  fail[m
09-28 17:51:19.166   879  1104 E C01401/Bufferqueue: <surface_buffer_impl.cpp:714-SetMetadata>: SetMetadata Failed with -5
09-28 17:51:19.166   879  1104 E C01406/skia: RSUniRenderComposerAdapter::SetBufferColorSpace set color space fail
09-28 17:51:19.178 11760 11996 I C00f00/OH_DER_VSync: onOhVsync ENTRY ts=<private> data=<private>
09-28 17:51:19.178 11760 11994 I C00f00/OH_DER_VSync: scheduleVsync ENTRY receiverPtr=0x<private>
09-28 17:51:19.178 11760 11994 I C00f00/OH_DER_VSync: scheduleVsync calling RequestFrame ohVsync=<private>
09-28 17:51:19.178 11760 11994 I C00f00/OH_DER_VSync: scheduleVsync RequestFrame rc=<private>
09-28 17:51:19.179   879  2132 E C02515/DISP: [0;32;31m[SetMetadata:102] <private> is not supported[m
09-28 17:51:19.179   879  2132 E C02515/METADATA_SRV: [0;32;31m[SetMetadata:136]  fail[m
09-28 17:51:19.179   879  2132 E C01401/Bufferqueue: <surface_buffer_impl.cpp:714-SetMetadata>: SetMetadata Failed with -5
09-28 17:51:19.181   797  4165 E C02515/DISP: [0;32;31m[SetLayerMaskInfo@display_composer_vdi_impl.cpp:404] <private> is not supported[m
09-28 17:51:19.181   879  1233 E C02515/DISP: [0;32;31m[SetMetadata:102] <private> is not supported[m
09-28 17:51:19.181   879  1233 E C02515/METADATA_SRV: [0;32;31m[SetMetadata:136]  fail[m
09-28 17:51:19.181   879  1233 E C01401/Bufferqueue: <surface_buffer_impl.cpp:714-SetMetadata>: SetMetadata Failed with -5
09-28 17:51:19.182   797  4165 E C02515/DISP: [0;32;31m[SetDisplayClientDamage@display_composer_vdi_impl.cpp:179] <private> is not supported[m
09-28 17:51:19.194 11760 11996 I C00f00/OH_DER_VSync: onOhVsync ENTRY ts=<private> data=<private>
09-28 17:51:19.194 11760 11994 I C00f00/OH_DER_VSync: scheduleVsync ENTRY receiverPtr=0x<private>
09-28 17:51:19.194 11760 11994 I C00f00/OH_DER_VSync: scheduleVsync calling RequestFrame ohVsync=<private>
09-28 17:51:19.194   879   879 E C02515/DISP: [0;32;31m[GetMetadata:109] <private> is not supported[m
09-28 17:51:19.195 11760 11994 I C00f00/OH_DER_VSync: scheduleVsync RequestFrame rc=<private>
09-28 17:51:19.195   879   879 E C02515/DISP: [0;32;31m[GetMetadata:109] <private> is not supported[m
09-28 17:51:19.195   879   879 E C02515/DISP: [0;32;31m[GetMetadata:109] <private> is not supported[m
09-28 17:51:19.196   879   879 E C01406/skia: RSBaseRenderUtil::DealWithSurfaceRotationAndGravity, GetSurfaceBufferOpaque:0
09-28 17:51:19.196   879   879 E C02515/DISP: [0;32;31m[GetMetadata:109] <private> is not supported[m
09-28 17:51:19.196   879   879 E C01406/skia: RSBaseRenderUtil::DealWithSurfaceRotationAndGravity, GetSurfaceBufferOpaque:0
09-28 17:51:19.196   879   879 E C02515/DISP: [0;32;31m[GetMetadata:109] <private> is not supported[m
09-28 17:51:19.198   879  1104 E C02515/DISP: [0;32;31m[SetMetadata:102] <private> is not supported[m
09-28 17:51:19.198   879  1104 E C02515/METADATA_SRV: [0;32;31m[SetMetadata:136]  fail[m
09-28 17:51:19.198   879  1104 E C01401/Bufferqueue: <surface_buffer_impl.cpp:714-SetMetadata>: SetMetadata Failed with -5
09-28 17:51:19.198   879  1104 E C01406/skia: SurfaceNodeDrawable DrawCommSurfaceWatermark Name:BackgroundBlurView2 Id:8465380540424 water mark count is zero
09-28 17:51:19.198   879  1104 E C01406/skia: RSBaseRenderUtil::DealWithSurfaceRotationAndGravity, GetSurfaceBufferOpaque:0
09-28 17:51:19.198   879  1104 I C01406/WRAP: AHardwareBuffer_createFromHandle index = <private> handle = <private>, ahb = <private>
09-28 17:51:19.199   879  1104 E C01406/skia: SurfaceNodeDrawable DrawCommSurfaceWatermark Name:AdapterActivityContent Id:50508815400963 water mark count is zero
09-28 17:51:19.199   879  1104 E C01406/skia: RSBaseRenderUtil::DealWithSurfaceRotationAndGravity, GetSurfaceBufferOpaque:0
09-28 17:51:19.199   879  1104 I C01406/WRAP: AHardwareBuffer_createFromHandle index = <private> handle = <private>, ahb = <private>
09-28 17:51:19.199   879  1104 E C01406/skia: SurfaceNodeDrawable DrawCommSurfaceWatermark Name:AdapterSurfaceView Id:50508815400964 water mark count is zero
09-28 17:51:19.199   879  1104 E C01406/skia: SurfaceNodeDrawable DrawCommSurfaceWatermark Name:com.a2hlab.bridge.zigzag/com.unity3d.player.UnityPlayerActivity Id:50508815400961 water mark count is zero
09-28 17:51:19.199   879  1104 E C01406/skia: SurfaceNodeDrawable DrawCommSurfaceWatermark Name:WindowScene_zigzag37 Id:8465380541288 water mark count is zero
09-28 17:51:19.199   879  1104 E C01406/skia: SurfaceNodeDrawable DrawCommSurfaceWatermark Name:SCBGestureNavBar13 Id:8465380540563 water mark count is zero
09-28 17:51:19.199   879  1104 E C01406/skia: SurfaceNodeDrawable DrawCommSurfaceWatermark Name:SCBStatusBar15 Id:8465380540646 water mark count is zero
09-28 17:51:19.201   879  1104 E C02515/DISP: [0;32;31m[GetMetadata:109] <private> is not supported[m
09-28 17:51:19.201   879  1104 E C02515/DISP: [0;32;31m[SetMetadata:102] <private> is not supported[m
09-28 17:51:19.201   879  1104 E C02515/METADATA_SRV: [0;32;31m[SetMetadata:136]  fail[m
09-28 17:51:19.201   879  1104 E C01401/Bufferqueue: <surface_buffer_impl.cpp:714-SetMetadata>: SetMetadata Failed with -5
09-28 17:51:19.201   879  1104 E C01406/skia: RSUniRenderComposerAdapter::SetBufferColorSpace set color space fail
09-28 17:51:19.211 11760 11996 I C00f00/OH_DER_VSync: onOhVsync ENTRY ts=<private> data=<private>
09-28 17:51:19.211 11760 11994 I C00f00/OH_DER_VSync: scheduleVsync ENTRY receiverPtr=0x<private>
09-28 17:51:19.211 11760 11994 I C00f00/OH_DER_VSync: scheduleVsync calling RequestFrame ohVsync=<private>
09-28 17:51:19.211 11760 11994 I C00f00/OH_DER_VSync: scheduleVsync RequestFrame rc=<private>
09-28 17:51:19.212 11760 11799 I C00f00/appspawn-x: [<private>:<private>] <private>
09-28 17:51:19.213   879  2132 E C02515/DISP: [0;32;31m[SetMetadata:102] <private> is not supported[m
09-28 17:51:19.213   879  2132 E C02515/METADATA_SRV: [0;32;31m[SetMetadata:136]  fail[m
09-28 17:51:19.213   879  2132 E C01401/Bufferqueue: <surface_buffer_impl.cpp:714-SetMetadata>: SetMetadata Failed with -5
09-28 17:51:19.213   797  4165 E C02515/DISP: [0;32;31m[SetLayerMaskInfo@display_composer_vdi_impl.cpp:404] <private> is not supported[m
09-28 17:51:19.214   879  1233 E C02515/DISP: [0;32;31m[SetMetadata:102] <private> is not supported[m
09-28 17:51:19.214   879  1233 E C02515/METADATA_SRV: [0;32;31m[SetMetadata:136]  fail[m
09-28 17:51:19.214   879  1233 E C01401/Bufferqueue: <surface_buffer_impl.cpp:714-SetMetadata>: SetMetadata Failed with -5
09-28 17:51:19.214   797  4165 E C02515/DISP: [0;32;31m[SetDisplayClientDamage@display_composer_vdi_impl.cpp:179] <private> is not supported[m
09-28 17:51:19.228 11760 11996 I C00f00/OH_DER_VSync: onOhVsync ENTRY ts=<private> data=<private>
09-28 17:51:19.228   879   879 E C02515/DISP: [0;32;31m[GetMetadata:109] <private> is not supported[m
09-28 17:51:19.228 11760 11994 I C00f00/OH_DER_VSync: scheduleVsync ENTRY receiverPtr=0x<private>
09-28 17:51:19.228 11760 11994 I C00f00/OH_DER_VSync: scheduleVsync calling RequestFrame ohVsync=<private>
09-28 17:51:19.228   879   879 E C02515/DISP: [0;32;31m[GetMetadata:109] <private> is not supported[m
09-28 17:51:19.228 11760 11994 I C00f00/OH_DER_VSync: scheduleVsync RequestFrame rc=<private>
09-28 17:51:19.228   879   879 E C02515/DISP: [0;32;31m[GetMetadata:109] <private> is not supported[m
09-28 17:51:19.229   879   879 E C01406/skia: RSBaseRenderUtil::DealWithSurfaceRotationAndGravity, GetSurfaceBufferOpaque:0
09-28 17:51:19.229   879   879 E C02515/DISP: [0;32;31m[GetMetadata:109] <private> is not supported[m
09-28 17:51:19.229   879   879 E C01406/skia: RSBaseRenderUtil::DealWithSurfaceRotationAndGravity, GetSurfaceBufferOpaque:0
09-28 17:51:19.229   879   879 E C02515/DISP: [0;32;31m[GetMetadata:109] <private> is not supported[m
09-28 17:51:19.231   879  1104 E C02515/DISP: [0;32;31m[SetMetadata:102] <private> is not supported[m
09-28 17:51:19.231   879  1104 E C02515/METADATA_SRV: [0;32;31m[SetMetadata:136]  fail[m
09-28 17:51:19.231   879  1104 E C01401/Bufferqueue: <surface_buffer_impl.cpp:714-SetMetadata>: SetMetadata Failed with -5
09-28 17:51:19.232   879  1104 E C01406/skia: SurfaceNodeDrawable DrawCommSurfaceWatermark Name:BackgroundBlurView2 Id:8465380540424 water mark count is zero
09-28 17:51:19.232   879  1104 E C01406/skia: RSBaseRenderUtil::DealWithSurfaceRotationAndGravity, GetSurfaceBufferOpaque:0
09-28 17:51:19.232   879  1104 I C01406/WRAP: AHardwareBuffer_createFromHandle index = <private> handle = <private>, ahb = <private>
09-28 17:51:19.232   879  1104 E C01406/skia: SurfaceNodeDrawable DrawCommSurfaceWatermark Name:AdapterActivityContent Id:50508815400963 water mark count is zero
09-28 17:51:19.232   879  1104 E C01406/skia: RSBaseRenderUtil::DealWithSurfaceRotationAndGravity, GetSurfaceBufferOpaque:0
09-28 17:51:19.232   879  1104 I C01406/WRAP: AHardwareBuffer_createFromHandle index = <private> handle = <private>, ahb = <private>
09-28 17:51:19.232   879  1104 E C01406/skia: SurfaceNodeDrawable DrawCommSurfaceWatermark Name:AdapterSurfaceView Id:50508815400964 water mark count is zero
09-28 17:51:19.232   879  1104 E C01406/skia: SurfaceNodeDrawable DrawCommSurfaceWatermark Name:com.a2hlab.bridge.zigzag/com.unity3d.player.UnityPlayerActivity Id:50508815400961 water mark count is zero
09-28 17:51:19.232   879  1104 E C01406/skia: SurfaceNodeDrawable DrawCommSurfaceWatermark Name:WindowScene_zigzag37 Id:8465380541288 water mark count is zero
09-28 17:51:19.233   879  1104 E C01406/skia: SurfaceNodeDrawable DrawCommSurfaceWatermark Name:SCBGestureNavBar13 Id:8465380540563 water mark count is zero
09-28 17:51:19.233   879  1104 E C01406/skia: SurfaceNodeDrawable DrawCommSurfaceWatermark Name:SCBStatusBar15 Id:8465380540646 water mark count is zero
09-28 17:51:19.234   879  1104 E C02515/DISP: [0;32;31m[GetMetadata:109] <private> is not supported[m
09-28 17:51:19.234   879  1104 E C02515/DISP: [0;32;31m[SetMetadata:102] <private> is not supported[m
09-28 17:51:19.234   879  1104 E C02515/METADATA_SRV: [0;32;31m[SetMetadata:136]  fail[m
09-28 17:51:19.234   879  1104 E C01401/Bufferqueue: <surface_buffer_impl.cpp:714-SetMetadata>: SetMetadata Failed with -5
09-28 17:51:19.234   879  1104 E C01406/skia: RSUniRenderComposerAdapter::SetBufferColorSpace set color space fail
09-28 17:51:19.244 11760 11996 I C00f00/OH_DER_VSync: onOhVsync ENTRY ts=<private> data=<private>
09-28 17:51:19.245 11760 11994 I C00f00/OH_DER_VSync: scheduleVsync ENTRY receiverPtr=0x<private>
09-28 17:51:19.245 11760 11994 I C00f00/OH_DER_VSync: scheduleVsync calling RequestFrame ohVsync=<private>
09-28 17:51:19.245 11760 11994 I C00f00/OH_DER_VSync: scheduleVsync RequestFrame rc=<private>
09-28 17:51:19.246   879  2132 E C02515/DISP: [0;32;31m[SetMetadata:102] <private> is not supported[m
09-28 17:51:19.247   879  2132 E C02515/METADATA_SRV: [0;32;31m[SetMetadata:136]  fail[m
09-28 17:51:19.247   879  2132 E C01401/Bufferqueue: <surface_buffer_impl.cpp:714-SetMetadata>: SetMetadata Failed with -5
09-28 17:51:19.247   797  4165 E C02515/DISP: [0;32;31m[SetLayerMaskInfo@display_composer_vdi_impl.cpp:404] <private> is not supported[m
09-28 17:51:19.247   879  1233 E C02515/DISP: [0;32;31m[SetMetadata:102] <private> is not supported[m
09-28 17:51:19.247   879  1233 E C02515/METADATA_SRV: [0;32;31m[SetMetadata:136]  fail[m
09-28 17:51:19.247   879  1233 E C01401/Bufferqueue: <surface_buffer_impl.cpp:714-SetMetadata>: SetMetadata Failed with -5
09-28 17:51:19.248   797  4165 E C02515/DISP: [0;32;31m[SetDisplayClientDamage@display_composer_vdi_impl.cpp:179] <private> is not supported[m
09-28 17:51:19.261 11760 11996 I C00f00/OH_DER_VSync: onOhVsync ENTRY ts=<private> data=<private>
09-28 17:51:19.261 11760 11994 I C00f00/OH_DER_VSync: scheduleVsync ENTRY receiverPtr=0x<private>
09-28 17:51:19.261   879   879 E C02515/DISP: [0;32;31m[GetMetadata:109] <private> is not supported[m
09-28 17:51:19.261 11760 11994 I C00f00/OH_DER_VSync: scheduleVsync calling RequestFrame ohVsync=<private>
09-28 17:51:19.261 11760 11994 I C00f00/OH_DER_VSync: scheduleVsync RequestFrame rc=<private>
09-28 17:51:19.261   879   879 E C02515/DISP: [0;32;31m[GetMetadata:109] <private> is not supported[m
09-28 17:51:19.261   879   879 E C02515/DISP: [0;32;31m[GetMetadata:109] <private> is not supported[m
09-28 17:51:19.263   879   879 E C01406/skia: RSBaseRenderUtil::DealWithSurfaceRotationAndGravity, GetSurfaceBufferOpaque:0
09-28 17:51:19.263   879   879 E C02515/DISP: [0;32;31m[GetMetadata:109] <private> is not supported[m
09-28 17:51:19.263   879   879 E C01406/skia: RSBaseRenderUtil::DealWithSurfaceRotationAndGravity, GetSurfaceBufferOpaque:0
09-28 17:51:19.263   879   879 E C02515/DISP: [0;32;31m[GetMetadata:109] <private> is not supported[m
09-28 17:51:19.265   879  1104 E C02515/DISP: [0;32;31m[SetMetadata:102] <private> is not supported[m
09-28 17:51:19.265   879  1104 E C02515/METADATA_SRV: [0;32;31m[SetMetadata:136]  fail[m
09-28 17:51:19.265   879  1104 E C01401/Bufferqueue: <surface_buffer_impl.cpp:714-SetMetadata>: SetMetadata Failed with -5
09-28 17:51:19.265   879  1104 E C01406/skia: SurfaceNodeDrawable DrawCommSurfaceWatermark Name:BackgroundBlurView2 Id:8465380540424 water mark count is zero
09-28 17:51:19.265   879  1104 E C01406/skia: RSBaseRenderUtil::DealWithSurfaceRotationAndGravity, GetSurfaceBufferOpaque:0
09-28 17:51:19.265   879  1104 I C01406/WRAP: AHardwareBuffer_createFromHandle index = <private> handle = <private>, ahb = <private>
09-28 17:51:19.265   879  1104 E C01406/skia: SurfaceNodeDrawable DrawCommSurfaceWatermark Name:AdapterActivityContent Id:50508815400963 water mark count is zero
09-28 17:51:19.265   879  1104 E C01406/skia: RSBaseRenderUtil::DealWithSurfaceRotationAndGravity, GetSurfaceBufferOpaque:0
09-28 17:51:19.266   879  1104 I C01406/WRAP: AHardwareBuffer_createFromHandle index = <private> handle = <private>, ahb = <private>
09-28 17:51:19.266   879  1104 E C01406/skia: SurfaceNodeDrawable DrawCommSurfaceWatermark Name:AdapterSurfaceView Id:50508815400964 water mark count is zero
09-28 17:51:19.266   879  1104 E C01406/skia: SurfaceNodeDrawable DrawCommSurfaceWatermark Name:com.a2hlab.bridge.zigzag/com.unity3d.player.UnityPlayerActivity Id:50508815400961 water mark count is zero
09-28 17:51:19.266   879  1104 E C01406/skia: SurfaceNodeDrawable DrawCommSurfaceWatermark Name:WindowScene_zigzag37 Id:8465380541288 water mark count is zero
09-28 17:51:19.266   879  1104 E C01406/skia: SurfaceNodeDrawable DrawCommSurfaceWatermark Name:SCBGestureNavBar13 Id:8465380540563 water mark count is zero
09-28 17:51:19.266   879  1104 E C01406/skia: SurfaceNodeDrawable DrawCommSurfaceWatermark Name:SCBStatusBar15 Id:8465380540646 water mark count is zero
09-28 17:51:19.268   879  1104 E C02515/DISP: [0;32;31m[GetMetadata:109] <private> is not supported[m
09-28 17:51:19.268   879  1104 E C02515/DISP: [0;32;31m[SetMetadata:102] <private> is not supported[m
09-28 17:51:19.268   879  1104 E C02515/METADATA_SRV: [0;32;31m[SetMetadata:136]  fail[m
09-28 17:51:19.268   879  1104 E C01401/Bufferqueue: <surface_buffer_impl.cpp:714-SetMetadata>: SetMetadata Failed with -5
09-28 17:51:19.268   879  1104 E C01406/skia: RSUniRenderComposerAdapter::SetBufferColorSpace set color space fail
09-28 17:51:19.278 11760 11996 I C00f00/OH_DER_VSync: onOhVsync ENTRY ts=<private> data=<private>
09-28 17:51:19.278 11760 11994 I C00f00/OH_DER_VSync: scheduleVsync ENTRY receiverPtr=0x<private>
09-28 17:51:19.278 11760 11994 I C00f00/OH_DER_VSync: scheduleVsync calling RequestFrame ohVsync=<private>
09-28 17:51:19.278 11760 11994 I C00f00/OH_DER_VSync: scheduleVsync RequestFrame rc=<private>
09-28 17:51:19.280   879  2132 E C02515/DISP: [0;32;31m[SetMetadata:102] <private> is not supported[m
09-28 17:51:19.280   879  2132 E C02515/METADATA_SRV: [0;32;31m[SetMetadata:136]  fail[m
09-28 17:51:19.280   879  2132 E C01401/Bufferqueue: <surface_buffer_impl.cpp:714-SetMetadata>: SetMetadata Failed with -5
09-28 17:51:19.281   797  4165 E C02515/DISP: [0;32;31m[SetLayerMaskInfo@display_composer_vdi_impl.cpp:404] <private> is not supported[m
09-28 17:51:19.281   879  1233 E C02515/DISP: [0;32;31m[SetMetadata:102] <private> is not supported[m
09-28 17:51:19.281   879  1233 E C02515/METADATA_SRV: [0;32;31m[SetMetadata:136]  fail[m
09-28 17:51:19.281   879  1233 E C01401/Bufferqueue: <surface_buffer_impl.cpp:714-SetMetadata>: SetMetadata Failed with -5
09-28 17:51:19.282   797  4165 E C02515/DISP: [0;32;31m[SetDisplayClientDamage@display_composer_vdi_impl.cpp:179] <private> is not supported[m
09-28 17:51:19.294 11760 11996 I C00f00/OH_DER_VSync: onOhVsync ENTRY ts=<private> data=<private>
09-28 17:51:19.294   879   879 E C02515/DISP: [0;32;31m[GetMetadata:109] <private> is not supported[m
09-28 17:51:19.294   879   879 E C02515/DISP: [0;32;31m[GetMetadata:109] <private> is not supported[m
09-28 17:51:19.295   879   879 E C02515/DISP: [0;32;31m[GetMetadata:109] <private> is not supported[m
09-28 17:51:19.295 11760 11994 I C00f00/OH_DER_VSync: scheduleVsync ENTRY receiverPtr=0x<private>
09-28 17:51:19.295 11760 11994 I C00f00/OH_DER_VSync: scheduleVsync calling RequestFrame ohVsync=<private>
09-28 17:51:19.295 11760 11994 I C00f00/OH_DER_VSync: scheduleVsync RequestFrame rc=<private>
09-28 17:51:19.295   879   879 E C01406/skia: RSBaseRenderUtil::DealWithSurfaceRotationAndGravity, GetSurfaceBufferOpaque:0
09-28 17:51:19.295   879   879 E C02515/DISP: [0;32;31m[GetMetadata:109] <private> is not supported[m
09-28 17:51:19.295   879   879 E C01406/skia: RSBaseRenderUtil::DealWithSurfaceRotationAndGravity, GetSurfaceBufferOpaque:0
09-28 17:51:19.295   879   879 E C02515/DISP: [0;32;31m[GetMetadata:109] <private> is not supported[m
09-28 17:51:19.297   879  1104 E C02515/DISP: [0;32;31m[SetMetadata:102] <private> is not supported[m
09-28 17:51:19.297   879  1104 E C02515/METADATA_SRV: [0;32;31m[SetMetadata:136]  fail[m
09-28 17:51:19.297   879  1104 E C01401/Bufferqueue: <surface_buffer_impl.cpp:714-SetMetadata>: SetMetadata Failed with -5
09-28 17:51:19.297   879  1104 E C01406/skia: SurfaceNodeDrawable DrawCommSurfaceWatermark Name:BackgroundBlurView2 Id:8465380540424 water mark count is zero
09-28 17:51:19.298   879  1104 E C01406/skia: RSBaseRenderUtil::DealWithSurfaceRotationAndGravity, GetSurfaceBufferOpaque:0
09-28 17:51:19.298   879  1104 I C01406/WRAP: AHardwareBuffer_createFromHandle index = <private> handle = <private>, ahb = <private>
09-28 17:51:19.299   879  1104 E C01406/skia: SurfaceNodeDrawable DrawCommSurfaceWatermark Name:AdapterActivityContent Id:50508815400963 water mark count is zero
09-28 17:51:19.299   879  1104 E C01406/skia: RSBaseRenderUtil::DealWithSurfaceRotationAndGravity, GetSurfaceBufferOpaque:0
09-28 17:51:19.299   879  1104 I C01406/WRAP: AHardwareBuffer_createFromHandle index = <private> handle = <private>, ahb = <private>
09-28 17:51:19.299   879  1104 E C01406/skia: SurfaceNodeDrawable DrawCommSurfaceWatermark Name:AdapterSurfaceView Id:50508815400964 water mark count is zero
09-28 17:51:19.300   879  1104 E C01406/skia: SurfaceNodeDrawable DrawCommSurfaceWatermark Name:com.a2hlab.bridge.zigzag/com.unity3d.player.UnityPlayerActivity Id:50508815400961 water mark count is zero
09-28 17:51:19.300   879  1104 E C01406/skia: SurfaceNodeDrawable DrawCommSurfaceWatermark Name:WindowScene_zigzag37 Id:8465380541288 water mark count is zero
09-28 17:51:19.300   879  1104 E C01406/skia: SurfaceNodeDrawable DrawCommSurfaceWatermark Name:SCBGestureNavBar13 Id:8465380540563 water mark count is zero
09-28 17:51:19.301   879  1104 E C01406/skia: SurfaceNodeDrawable DrawCommSurfaceWatermark Name:SCBStatusBar15 Id:8465380540646 water mark count is zero
09-28 17:51:19.303   879  1104 E C02515/DISP: [0;32;31m[GetMetadata:109] <private> is not supported[m
09-28 17:51:19.303   879  1104 E C02515/DISP: [0;32;31m[SetMetadata:102] <private> is not supported[m
09-28 17:51:19.303   879  1104 E C02515/METADATA_SRV: [0;32;31m[SetMetadata:136]  fail[m
09-28 17:51:19.303   879  1104 E C01401/Bufferqueue: <surface_buffer_impl.cpp:714-SetMetadata>: SetMetadata Failed with -5
09-28 17:51:19.303   879  1104 E C01406/skia: RSUniRenderComposerAdapter::SetBufferColorSpace set color space fail
09-28 17:51:19.311 11760 11996 I C00f00/OH_DER_VSync: onOhVsync ENTRY ts=<private> data=<private>
09-28 17:51:19.311 11760 11994 I C00f00/OH_DER_VSync: scheduleVsync ENTRY receiverPtr=0x<private>
09-28 17:51:19.311 11760 11994 I C00f00/OH_DER_VSync: scheduleVsync calling RequestFrame ohVsync=<private>
09-28 17:51:19.311 11760 11994 I C00f00/OH_DER_VSync: scheduleVsync RequestFrame rc=<private>
09-28 17:51:19.313   879  2132 E C02515/DISP: [0;32;31m[SetMetadata:102] <private> is not supported[m
09-28 17:51:19.313   879  2132 E C02515/METADATA_SRV: [0;32;31m[SetMetadata:136]  fail[m
09-28 17:51:19.313   879  2132 E C01401/Bufferqueue: <surface_buffer_impl.cpp:714-SetMetadata>: SetMetadata Failed with -5
09-28 17:51:19.314   797  4165 E C02515/DISP: [0;32;31m[SetLayerMaskInfo@display_composer_vdi_impl.cpp:404] <private> is not supported[m
09-28 17:51:19.314   879  1233 E C02515/DISP: [0;32;31m[SetMetadata:102] <private> is not supported[m
09-28 17:51:19.314   879  1233 E C02515/METADATA_SRV: [0;32;31m[SetMetadata:136]  fail[m
09-28 17:51:19.314   879  1233 E C01401/Bufferqueue: <surface_buffer_impl.cpp:714-SetMetadata>: SetMetadata Failed with -5
09-28 17:51:19.315   797  4165 E C02515/DISP: [0;32;31m[SetDisplayClientDamage@display_composer_vdi_impl.cpp:179] <private> is not supported[m
09-28 17:51:19.328 11760 11996 I C00f00/OH_DER_VSync: onOhVsync ENTRY ts=<private> data=<private>
09-28 17:51:19.328   879   879 E C02515/DISP: [0;32;31m[GetMetadata:109] <private> is not supported[m
09-28 17:51:19.328   879   879 E C02515/DISP: [0;32;31m[GetMetadata:109] <private> is not supported[m
09-28 17:51:19.328   879   879 E C02515/DISP: [0;32;31m[GetMetadata:109] <private> is not supported[m
09-28 17:51:19.328 11760 11994 I C00f00/OH_DER_VSync: scheduleVsync ENTRY receiverPtr=0x<private>
09-28 17:51:19.328 11760 11994 I C00f00/OH_DER_VSync: scheduleVsync calling RequestFrame ohVsync=<private>
09-28 17:51:19.328 11760 11994 I C00f00/OH_DER_VSync: scheduleVsync RequestFrame rc=<private>
09-28 17:51:19.329   879   879 E C01406/skia: RSBaseRenderUtil::DealWithSurfaceRotationAndGravity, GetSurfaceBufferOpaque:0
09-28 17:51:19.329   879   879 E C02515/DISP: [0;32;31m[GetMetadata:109] <private> is not supported[m
09-28 17:51:19.329   879   879 E C01406/skia: RSBaseRenderUtil::DealWithSurfaceRotationAndGravity, GetSurfaceBufferOpaque:0
09-28 17:51:19.329   879   879 E C02515/DISP: [0;32;31m[GetMetadata:109] <private> is not supported[m
09-28 17:51:19.330   879  1104 E C02515/DISP: [0;32;31m[SetMetadata:102] <private> is not supported[m
09-28 17:51:19.330   879  1104 E C02515/METADATA_SRV: [0;32;31m[SetMetadata:136]  fail[m
09-28 17:51:19.330   879  1104 E C01401/Bufferqueue: <surface_buffer_impl.cpp:714-SetMetadata>: SetMetadata Failed with -5
09-28 17:51:19.330   879  1104 E C01406/skia: SurfaceNodeDrawable DrawCommSurfaceWatermark Name:BackgroundBlurView2 Id:8465380540424 water mark count is zero
09-28 17:51:19.330   879  1104 E C01406/skia: RSBaseRenderUtil::DealWithSurfaceRotationAndGravity, GetSurfaceBufferOpaque:0
09-28 17:51:19.330   879  1104 I C01406/WRAP: AHardwareBuffer_createFromHandle index = <private> handle = <private>, ahb = <private>
09-28 17:51:19.331   879  1104 E C01406/skia: SurfaceNodeDrawable DrawCommSurfaceWatermark Name:AdapterActivityContent Id:50508815400963 water mark count is zero
09-28 17:51:19.331   879  1104 E C01406/skia: RSBaseRenderUtil::DealWithSurfaceRotationAndGravity, GetSurfaceBufferOpaque:0
09-28 17:51:19.331   879  1104 I C01406/WRAP: AHardwareBuffer_createFromHandle index = <private> handle = <private>, ahb = <private>
09-28 17:51:19.331   879  1104 E C01406/skia: SurfaceNodeDrawable DrawCommSurfaceWatermark Name:AdapterSurfaceView Id:50508815400964 water mark count is zero
09-28 17:51:19.331   879  1104 E C01406/skia: SurfaceNodeDrawable DrawCommSurfaceWatermark Name:com.a2hlab.bridge.zigzag/com.unity3d.player.UnityPlayerActivity Id:50508815400961 water mark count is zero
09-28 17:51:19.331   879  1104 E C01406/skia: SurfaceNodeDrawable DrawCommSurfaceWatermark Name:WindowScene_zigzag37 Id:8465380541288 water mark count is zero
09-28 17:51:19.331   879  1104 E C01406/skia: SurfaceNodeDrawable DrawCommSurfaceWatermark Name:SCBGestureNavBar13 Id:8465380540563 water mark count is zero
09-28 17:51:19.332   879  1104 E C01406/skia: SurfaceNodeDrawable DrawCommSurfaceWatermark Name:SCBStatusBar15 Id:8465380540646 water mark count is zero
09-28 17:51:19.333   879  1104 E C02515/DISP: [0;32;31m[GetMetadata:109] <private> is not supported[m
09-28 17:51:19.333   879  1104 E C02515/DISP: [0;32;31m[SetMetadata:102] <private> is not supported[m
09-28 17:51:19.333   879  1104 E C02515/METADATA_SRV: [0;32;31m[SetMetadata:136]  fail[m
09-28 17:51:19.333   879  1104 E C01401/Bufferqueue: <surface_buffer_impl.cpp:714-SetMetadata>: SetMetadata Failed with -5
09-28 17:51:19.333   879  1104 E C01406/skia: RSUniRenderComposerAdapter::SetBufferColorSpace set color space fail
09-28 17:51:19.344 11760 11996 I C00f00/OH_DER_VSync: onOhVsync ENTRY ts=<private> data=<private>
09-28 17:51:19.345 11760 11994 I C00f00/OH_DER_VSync: scheduleVsync ENTRY receiverPtr=0x<private>
09-28 17:51:19.345 11760 11994 I C00f00/OH_DER_VSync: scheduleVsync calling RequestFrame ohVsync=<private>
09-28 17:51:19.345 11760 11994 I C00f00/OH_DER_VSync: scheduleVsync RequestFrame rc=<private>
09-28 17:51:19.346   879  2132 E C02515/DISP: [0;32;31m[SetMetadata:102] <private> is not supported[m
09-28 17:51:19.346   879  2132 E C02515/METADATA_SRV: [0;32;31m[SetMetadata:136]  fail[m
09-28 17:51:19.346   879  2132 E C01401/Bufferqueue: <surface_buffer_impl.cpp:714-SetMetadata>: SetMetadata Failed with -5
09-28 17:51:19.348   797  4165 E C02515/DISP: [0;32;31m[SetLayerMaskInfo@display_composer_vdi_impl.cpp:404] <private> is not supported[m
09-28 17:51:19.348   879  1233 E C02515/DISP: [0;32;31m[SetMetadata:102] <private> is not supported[m
09-28 17:51:19.348   879  1233 E C02515/METADATA_SRV: [0;32;31m[SetMetadata:136]  fail[m
09-28 17:51:19.348   879  1233 E C01401/Bufferqueue: <surface_buffer_impl.cpp:714-SetMetadata>: SetMetadata Failed with -5
09-28 17:51:19.349   797  4165 E C02515/DISP: [0;32;31m[SetDisplayClientDamage@display_composer_vdi_impl.cpp:179] <private> is not supported[m
09-28 17:51:19.361   879   879 E C02515/DISP: [0;32;31m[GetMetadata:109] <private> is not supported[m
09-28 17:51:19.361   879   879 E C02515/DISP: [0;32;31m[GetMetadata:109] <private> is not supported[m
09-28 17:51:19.361   879   879 E C02515/DISP: [0;32;31m[GetMetadata:109] <private> is not supported[m
09-28 17:51:19.362   879   879 E C01406/skia: RSBaseRenderUtil::DealWithSurfaceRotationAndGravity, GetSurfaceBufferOpaque:0
09-28 17:51:19.362   879   879 E C02515/DISP: [0;32;31m[GetMetadata:109] <private> is not supported[m
09-28 17:51:19.362   879   879 E C01406/skia: RSBaseRenderUtil::DealWithSurfaceRotationAndGravity, GetSurfaceBufferOpaque:0
09-28 17:51:19.362   879   879 E C02515/DISP: [0;32;31m[GetMetadata:109] <private> is not supported[m
09-28 17:51:19.363 11760 11996 I C00f00/OH_DER_VSync: onOhVsync ENTRY ts=<private> data=<private>
09-28 17:51:19.363 11760 11994 I C00f00/OH_DER_VSync: scheduleVsync ENTRY receiverPtr=0x<private>
09-28 17:51:19.363 11760 11994 I C00f00/OH_DER_VSync: scheduleVsync calling RequestFrame ohVsync=<private>
09-28 17:51:19.363   879  1104 E C02515/DISP: [0;32;31m[SetMetadata:102] <private> is not supported[m
09-28 17:51:19.363   879  1104 E C02515/METADATA_SRV: [0;32;31m[SetMetadata:136]  fail[m
09-28 17:51:19.363   879  1104 E C01401/Bufferqueue: <surface_buffer_impl.cpp:714-SetMetadata>: SetMetadata Failed with -5
09-28 17:51:19.363 11760 11994 I C00f00/OH_DER_VSync: scheduleVsync RequestFrame rc=<private>
09-28 17:51:19.363   879  1104 E C01406/skia: SurfaceNodeDrawable DrawCommSurfaceWatermark Name:BackgroundBlurView2 Id:8465380540424 water mark count is zero
09-28 17:51:19.363   879  1104 E C01406/skia: RSBaseRenderUtil::DealWithSurfaceRotationAndGravity, GetSurfaceBufferOpaque:0
09-28 17:51:19.364   879  1104 I C01406/WRAP: AHardwareBuffer_createFromHandle index = <private> handle = <private>, ahb = <private>
09-28 17:51:19.364   879  1104 E C01406/skia: SurfaceNodeDrawable DrawCommSurfaceWatermark Name:AdapterActivityContent Id:50508815400963 water mark count is zero
09-28 17:51:19.364   879  1104 E C01406/skia: RSBaseRenderUtil::DealWithSurfaceRotationAndGravity, GetSurfaceBufferOpaque:0
09-28 17:51:19.364   879  1104 I C01406/WRAP: AHardwareBuffer_createFromHandle index = <private> handle = <private>, ahb = <private>
09-28 17:51:19.364   879  1104 E C01406/skia: SurfaceNodeDrawable DrawCommSurfaceWatermark Name:AdapterSurfaceView Id:50508815400964 water mark count is zero
09-28 17:51:19.364   879  1104 E C01406/skia: SurfaceNodeDrawable DrawCommSurfaceWatermark Name:com.a2hlab.bridge.zigzag/com.unity3d.player.UnityPlayerActivity Id:50508815400961 water mark count is zero
09-28 17:51:19.364   879  1104 E C01406/skia: SurfaceNodeDrawable DrawCommSurfaceWatermark Name:WindowScene_zigzag37 Id:8465380541288 water mark count is zero
09-28 17:51:19.365   879  1104 E C01406/skia: SurfaceNodeDrawable DrawCommSurfaceWatermark Name:SCBGestureNavBar13 Id:8465380540563 water mark count is zero
09-28 17:51:19.365   879  1104 E C01406/skia: SurfaceNodeDrawable DrawCommSurfaceWatermark Name:SCBStatusBar15 Id:8465380540646 water mark count is zero
09-28 17:51:19.366   879  1104 E C02515/DISP: [0;32;31m[GetMetadata:109] <private> is not supported[m
09-28 17:51:19.366   879  1104 E C02515/DISP: [0;32;31m[SetMetadata:102] <private> is not supported[m
09-28 17:51:19.366   879  1104 E C02515/METADATA_SRV: [0;32;31m[SetMetadata:136]  fail[m
09-28 17:51:19.366   879  1104 E C01401/Bufferqueue: <surface_buffer_impl.cpp:714-SetMetadata>: SetMetadata Failed with -5
09-28 17:51:19.366   879  1104 E C01406/skia: RSUniRenderComposerAdapter::SetBufferColorSpace set color space fail
09-28 17:51:19.378 11760 11996 I C00f00/OH_DER_VSync: onOhVsync ENTRY ts=<private> data=<private>
09-28 17:51:19.378 11760 11994 I C00f00/OH_DER_VSync: scheduleVsync ENTRY receiverPtr=0x<private>
09-28 17:51:19.378 11760 11994 I C00f00/OH_DER_VSync: scheduleVsync calling RequestFrame ohVsync=<private>
09-28 17:51:19.378 11760 11994 I C00f00/OH_DER_VSync: scheduleVsync RequestFrame rc=<private>
09-28 17:51:19.380   879  2132 E C02515/DISP: [0;32;31m[SetMetadata:102] <private> is not supported[m
09-28 17:51:19.380   879  2132 E C02515/METADATA_SRV: [0;32;31m[SetMetadata:136]  fail[m
09-28 17:51:19.380   879  2132 E C01401/Bufferqueue: <surface_buffer_impl.cpp:714-SetMetadata>: SetMetadata Failed with -5
09-28 17:51:19.381   797  4165 E C02515/DISP: [0;32;31m[SetLayerMaskInfo@display_composer_vdi_impl.cpp:404] <private> is not supported[m
09-28 17:51:19.381   879  1233 E C02515/DISP: [0;32;31m[SetMetadata:102] <private> is not supported[m
09-28 17:51:19.381   879  1233 E C02515/METADATA_SRV: [0;32;31m[SetMetadata:136]  fail[m
09-28 17:51:19.381   879  1233 E C01401/Bufferqueue: <surface_buffer_impl.cpp:714-SetMetadata>: SetMetadata Failed with -5
09-28 17:51:19.382   797  4165 E C02515/DISP: [0;32;31m[SetDisplayClientDamage@display_composer_vdi_impl.cpp:179] <private> is not supported[m
09-28 17:51:19.393 10945 10945 E C02c11/APPSPAWN: [appspawn_kickdog.c:29]open /sys/kernel/hungtask/userlist fail,errno:2
09-28 17:51:19.394 11760 11996 I C00f00/OH_DER_VSync: onOhVsync ENTRY ts=<private> data=<private>
09-28 17:51:19.395 11760 11994 I C00f00/OH_DER_VSync: scheduleVsync ENTRY receiverPtr=0x<private>
09-28 17:51:19.395 11760 11994 I C00f00/OH_DER_VSync: scheduleVsync calling RequestFrame ohVsync=<private>
09-28 17:51:19.395   879   879 E C02515/DISP: [0;32;31m[GetMetadata:109] <private> is not supported[m
09-28 17:51:19.395 11760 11994 I C00f00/OH_DER_VSync: scheduleVsync RequestFrame rc=<private>
09-28 17:51:19.395   879   879 E C02515/DISP: [0;32;31m[GetMetadata:109] <private> is not supported[m
09-28 17:51:19.395   879   879 E C02515/DISP: [0;32;31m[GetMetadata:109] <private> is not supported[m
09-28 17:51:19.396   879   879 E C01406/skia: RSBaseRenderUtil::DealWithSurfaceRotationAndGravity, GetSurfaceBufferOpaque:0
09-28 17:51:19.396   879   879 E C02515/DISP: [0;32;31m[GetMetadata:109] <private> is not supported[m
09-28 17:51:19.396   879   879 E C01406/skia: RSBaseRenderUtil::DealWithSurfaceRotationAndGravity, GetSurfaceBufferOpaque:0
09-28 17:51:19.396   879   879 E C02515/DISP: [0;32;31m[GetMetadata:109] <private> is not supported[m
09-28 17:51:19.398   879  1104 E C02515/DISP: [0;32;31m[SetMetadata:102] <private> is not supported[m
09-28 17:51:19.398   879  1104 E C02515/METADATA_SRV: [0;32;31m[SetMetadata:136]  fail[m
09-28 17:51:19.398   879  1104 E C01401/Bufferqueue: <surface_buffer_impl.cpp:714-SetMetadata>: SetMetadata Failed with -5
09-28 17:51:19.398   879  1104 E C01406/skia: SurfaceNodeDrawable DrawCommSurfaceWatermark Name:BackgroundBlurView2 Id:8465380540424 water mark count is zero
09-28 17:51:19.398   879  1104 E C01406/skia: RSBaseRenderUtil::DealWithSurfaceRotationAndGravity, GetSurfaceBufferOpaque:0
09-28 17:51:19.399   879  1104 I C01406/WRAP: AHardwareBuffer_createFromHandle index = <private> handle = <private>, ahb = <private>
09-28 17:51:19.399   879  1104 E C01406/skia: SurfaceNodeDrawable DrawCommSurfaceWatermark Name:AdapterActivityContent Id:50508815400963 water mark count is zero
09-28 17:51:19.399   879  1104 E C01406/skia: RSBaseRenderUtil::DealWithSurfaceRotationAndGravity, GetSurfaceBufferOpaque:0
09-28 17:51:19.399   879  1104 I C01406/WRAP: AHardwareBuffer_createFromHandle index = <private> handle = <private>, ahb = <private>
09-28 17:51:19.399   879  1104 E C01406/skia: SurfaceNodeDrawable DrawCommSurfaceWatermark Name:AdapterSurfaceView Id:50508815400964 water mark count is zero
09-28 17:51:19.399   879  1104 E C01406/skia: SurfaceNodeDrawable DrawCommSurfaceWatermark Name:com.a2hlab.bridge.zigzag/com.unity3d.player.UnityPlayerActivity Id:50508815400961 water mark count is zero
09-28 17:51:19.399   879  1104 E C01406/skia: SurfaceNodeDrawable DrawCommSurfaceWatermark Name:WindowScene_zigzag37 Id:8465380541288 water mark count is zero
09-28 17:51:19.400   879  1104 E C01406/skia: SurfaceNodeDrawable DrawCommSurfaceWatermark Name:SCBGestureNavBar13 Id:8465380540563 water mark count is zero
09-28 17:51:19.400   879  1104 E C01406/skia: SurfaceNodeDrawable DrawCommSurfaceWatermark Name:SCBStatusBar15 Id:8465380540646 water mark count is zero
09-28 17:51:19.401   879  1104 E C02515/DISP: [0;32;31m[GetMetadata:109] <private> is not supported[m
09-28 17:51:19.401   879  1104 E C02515/DISP: [0;32;31m[SetMetadata:102] <private> is not supported[m
09-28 17:51:19.401   879  1104 E C02515/METADATA_SRV: [0;32;31m[SetMetadata:136]  fail[m
09-28 17:51:19.401   879  1104 E C01401/Bufferqueue: <surface_buffer_impl.cpp:714-SetMetadata>: SetMetadata Failed with -5
09-28 17:51:19.401   879  1104 E C01406/skia: RSUniRenderComposerAdapter::SetBufferColorSpace set color space fail
09-28 17:51:19.411 11760 11996 I C00f00/OH_DER_VSync: onOhVsync ENTRY ts=<private> data=<private>
09-28 17:51:19.411 11760 11994 I C00f00/OH_DER_VSync: scheduleVsync ENTRY receiverPtr=0x<private>
09-28 17:51:19.411 11760 11994 I C00f00/OH_DER_VSync: scheduleVsync calling RequestFrame ohVsync=<private>
09-28 17:51:19.411 11760 11994 I C00f00/OH_DER_VSync: scheduleVsync RequestFrame rc=<private>
09-28 17:51:19.413   879  2132 E C02515/DISP: [0;32;31m[SetMetadata:102] <private> is not supported[m
09-28 17:51:19.413   879  2132 E C02515/METADATA_SRV: [0;32;31m[SetMetadata:136]  fail[m
09-28 17:51:19.413   879  2132 E C01401/Bufferqueue: <surface_buffer_impl.cpp:714-SetMetadata>: SetMetadata Failed with -5
09-28 17:51:19.414   797  4165 E C02515/DISP: [0;32;31m[SetLayerMaskInfo@display_composer_vdi_impl.cpp:404] <private> is not supported[m
09-28 17:51:19.414   879  1233 E C02515/DISP: [0;32;31m[SetMetadata:102] <private> is not supported[m
09-28 17:51:19.414   879  1233 E C02515/METADATA_SRV: [0;32;31m[SetMetadata:136]  fail[m
09-28 17:51:19.414   879  1233 E C01401/Bufferqueue: <surface_buffer_impl.cpp:714-SetMetadata>: SetMetadata Failed with -5
09-28 17:51:19.415   797  4165 E C02515/DISP: [0;32;31m[SetDisplayClientDamage@display_composer_vdi_impl.cpp:179] <private> is not supported[m
09-28 17:51:19.428 11760 11996 I C00f00/OH_DER_VSync: onOhVsync ENTRY ts=<private> data=<private>
09-28 17:51:19.428 11760 11994 I C00f00/OH_DER_VSync: scheduleVsync ENTRY receiverPtr=0x<private>
09-28 17:51:19.428 11760 11994 I C00f00/OH_DER_VSync: scheduleVsync calling RequestFrame ohVsync=<private>
09-28 17:51:19.428   879   879 E C02515/DISP: [0;32;31m[GetMetadata:109] <private> is not supported[m
09-28 17:51:19.428 11760 11994 I C00f00/OH_DER_VSync: scheduleVsync RequestFrame rc=<private>
09-28 17:51:19.428   879   879 E C02515/DISP: [0;32;31m[GetMetadata:109] <private> is not supported[m
09-28 17:51:19.428   879   879 E C02515/DISP: [0;32;31m[GetMetadata:109] <private> is not supported[m
09-28 17:51:19.429   879   879 E C01406/skia: RSBaseRenderUtil::DealWithSurfaceRotationAndGravity, GetSurfaceBufferOpaque:0
09-28 17:51:19.430   879   879 E C02515/DISP: [0;32;31m[GetMetadata:109] <private> is not supported[m
09-28 17:51:19.430   879   879 E C01406/skia: RSBaseRenderUtil::DealWithSurfaceRotationAndGravity, GetSurfaceBufferOpaque:0
09-28 17:51:19.430   879   879 E C02515/DISP: [0;32;31m[GetMetadata:109] <private> is not supported[m
09-28 17:51:19.431   879  1104 E C02515/DISP: [0;32;31m[SetMetadata:102] <private> is not supported[m
09-28 17:51:19.431   879  1104 E C02515/METADATA_SRV: [0;32;31m[SetMetadata:136]  fail[m
09-28 17:51:19.431   879  1104 E C01401/Bufferqueue: <surface_buffer_impl.cpp:714-SetMetadata>: SetMetadata Failed with -5
09-28 17:51:19.432   879  1104 E C01406/skia: SurfaceNodeDrawable DrawCommSurfaceWatermark Name:BackgroundBlurView2 Id:8465380540424 water mark count is zero
09-28 17:51:19.432   879  1104 E C01406/skia: RSBaseRenderUtil::DealWithSurfaceRotationAndGravity, GetSurfaceBufferOpaque:0
09-28 17:51:19.432   879  1104 I C01406/WRAP: AHardwareBuffer_createFromHandle index = <private> handle = <private>, ahb = <private>
09-28 17:51:19.432   879  1104 E C01406/skia: SurfaceNodeDrawable DrawCommSurfaceWatermark Name:AdapterActivityContent Id:50508815400963 water mark count is zero
09-28 17:51:19.432   879  1104 E C01406/skia: RSBaseRenderUtil::DealWithSurfaceRotationAndGravity, GetSurfaceBufferOpaque:0
09-28 17:51:19.432   879  1104 I C01406/WRAP: AHardwareBuffer_createFromHandle index = <private> handle = <private>, ahb = <private>
09-28 17:51:19.433   879  1104 E C01406/skia: SurfaceNodeDrawable DrawCommSurfaceWatermark Name:AdapterSurfaceView Id:50508815400964 water mark count is zero
09-28 17:51:19.433   879  1104 E C01406/skia: SurfaceNodeDrawable DrawCommSurfaceWatermark Name:com.a2hlab.bridge.zigzag/com.unity3d.player.UnityPlayerActivity Id:50508815400961 water mark count is zero
09-28 17:51:19.433   879  1104 E C01406/skia: SurfaceNodeDrawable DrawCommSurfaceWatermark Name:WindowScene_zigzag37 Id:8465380541288 water mark count is zero
09-28 17:51:19.433   879  1104 E C01406/skia: SurfaceNodeDrawable DrawCommSurfaceWatermark Name:SCBGestureNavBar13 Id:8465380540563 water mark count is zero
09-28 17:51:19.433   879  1104 E C01406/skia: SurfaceNodeDrawable DrawCommSurfaceWatermark Name:SCBStatusBar15 Id:8465380540646 water mark count is zero
09-28 17:51:19.435   879  1104 E C02515/DISP: [0;32;31m[GetMetadata:109] <private> is not supported[m
09-28 17:51:19.435   879  1104 E C02515/DISP: [0;32;31m[SetMetadata:102] <private> is not supported[m
09-28 17:51:19.435   879  1104 E C02515/METADATA_SRV: [0;32;31m[SetMetadata:136]  fail[m
09-28 17:51:19.435   879  1104 E C01401/Bufferqueue: <surface_buffer_impl.cpp:714-SetMetadata>: SetMetadata Failed with -5
09-28 17:51:19.435   879  1104 E C01406/skia: RSUniRenderComposerAdapter::SetBufferColorSpace set color space fail
09-28 17:51:19.444 11760 11996 I C00f00/OH_DER_VSync: onOhVsync ENTRY ts=<private> data=<private>
09-28 17:51:19.445 11760 11994 I C00f00/OH_DER_VSync: scheduleVsync ENTRY receiverPtr=0x<private>
09-28 17:51:19.445 11760 11994 I C00f00/OH_DER_VSync: scheduleVsync calling RequestFrame ohVsync=<private>
09-28 17:51:19.445 11760 11994 I C00f00/OH_DER_VSync: scheduleVsync RequestFrame rc=<private>
09-28 17:51:19.446   879  2132 E C02515/DISP: [0;32;31m[SetMetadata:102] <private> is not supported[m
09-28 17:51:19.446   879  2132 E C02515/METADATA_SRV: [0;32;31m[SetMetadata:136]  fail[m
09-28 17:51:19.446   879  2132 E C01401/Bufferqueue: <surface_buffer_impl.cpp:714-SetMetadata>: SetMetadata Failed with -5
09-28 17:51:19.447   797  4165 E C02515/DISP: [0;32;31m[SetLayerMaskInfo@display_composer_vdi_impl.cpp:404] <private> is not supported[m
09-28 17:51:19.447   879  1233 E C02515/DISP: [0;32;31m[SetMetadata:102] <private> is not supported[m
09-28 17:51:19.448   879  1233 E C02515/METADATA_SRV: [0;32;31m[SetMetadata:136]  fail[m
09-28 17:51:19.448   879  1233 E C01401/Bufferqueue: <surface_buffer_impl.cpp:714-SetMetadata>: SetMetadata Failed with -5
09-28 17:51:19.449   797  4165 E C02515/DISP: [0;32;31m[SetDisplayClientDamage@display_composer_vdi_impl.cpp:179] <private> is not supported[m
09-28 17:51:19.461 11760 11996 I C00f00/OH_DER_VSync: onOhVsync ENTRY ts=<private> data=<private>
09-28 17:51:19.461 11760 11994 I C00f00/OH_DER_VSync: scheduleVsync ENTRY receiverPtr=0x<private>
09-28 17:51:19.461 11760 11994 I C00f00/OH_DER_VSync: scheduleVsync calling RequestFrame ohVsync=<private>
09-28 17:51:19.461   879   879 E C02515/DISP: [0;32;31m[GetMetadata:109] <private> is not supported[m
09-28 17:51:19.461   879   879 E C02515/DISP: [0;32;31m[GetMetadata:109] <private> is not supported[m
09-28 17:51:19.461 11760 11994 I C00f00/OH_DER_VSync: scheduleVsync RequestFrame rc=<private>
09-28 17:51:19.462   879   879 E C02515/DISP: [0;32;31m[GetMetadata:109] <private> is not supported[m
09-28 17:51:19.463   879   879 E C01406/skia: RSBaseRenderUtil::DealWithSurfaceRotationAndGravity, GetSurfaceBufferOpaque:0
09-28 17:51:19.463   879   879 E C02515/DISP: [0;32;31m[GetMetadata:109] <private> is not supported[m
09-28 17:51:19.463   879   879 E C01406/skia: RSBaseRenderUtil::DealWithSurfaceRotationAndGravity, GetSurfaceBufferOpaque:0
09-28 17:51:19.463   879   879 E C02515/DISP: [0;32;31m[GetMetadata:109] <private> is not supported[m
09-28 17:51:19.465   879  1104 E C02515/DISP: [0;32;31m[SetMetadata:102] <private> is not supported[m
09-28 17:51:19.465   879  1104 E C02515/METADATA_SRV: [0;32;31m[SetMetadata:136]  fail[m
09-28 17:51:19.465   879  1104 E C01401/Bufferqueue: <surface_buffer_impl.cpp:714-SetMetadata>: SetMetadata Failed with -5
09-28 17:51:19.465   879  1104 E C01406/skia: SurfaceNodeDrawable DrawCommSurfaceWatermark Name:BackgroundBlurView2 Id:8465380540424 water mark count is zero
09-28 17:51:19.465   879  1104 E C01406/skia: RSBaseRenderUtil::DealWithSurfaceRotationAndGravity, GetSurfaceBufferOpaque:0
09-28 17:51:19.465   879  1104 I C01406/WRAP: AHardwareBuffer_createFromHandle index = <private> handle = <private>, ahb = <private>
09-28 17:51:19.466   879  1104 E C01406/skia: SurfaceNodeDrawable DrawCommSurfaceWatermark Name:AdapterActivityContent Id:50508815400963 water mark count is zero
09-28 17:51:19.466   879  1104 E C01406/skia: RSBaseRenderUtil::DealWithSurfaceRotationAndGravity, GetSurfaceBufferOpaque:0
09-28 17:51:19.466   879  1104 I C01406/WRAP: AHardwareBuffer_createFromHandle index = <private> handle = <private>, ahb = <private>
09-28 17:51:19.466   879  1104 E C01406/skia: SurfaceNodeDrawable DrawCommSurfaceWatermark Name:AdapterSurfaceView Id:50508815400964 water mark count is zero
09-28 17:51:19.466   879  1104 E C01406/skia: SurfaceNodeDrawable DrawCommSurfaceWatermark Name:com.a2hlab.bridge.zigzag/com.unity3d.player.UnityPlayerActivity Id:50508815400961 water mark count is zero
09-28 17:51:19.466   879  1104 E C01406/skia: SurfaceNodeDrawable DrawCommSurfaceWatermark Name:WindowScene_zigzag37 Id:8465380541288 water mark count is zero
09-28 17:51:19.466   879  1104 E C01406/skia: SurfaceNodeDrawable DrawCommSurfaceWatermark Name:SCBGestureNavBar13 Id:8465380540563 water mark count is zero
09-28 17:51:19.466   879  1104 E C01406/skia: SurfaceNodeDrawable DrawCommSurfaceWatermark Name:SCBStatusBar15 Id:8465380540646 water mark count is zero
09-28 17:51:19.468   879  1104 E C02515/DISP: [0;32;31m[GetMetadata:109] <private> is not supported[m
09-28 17:51:19.468   879  1104 E C02515/DISP: [0;32;31m[SetMetadata:102] <private> is not supported[m
09-28 17:51:19.468   879  1104 E C02515/METADATA_SRV: [0;32;31m[SetMetadata:136]  fail[m
09-28 17:51:19.468   879  1104 E C01401/Bufferqueue: <surface_buffer_impl.cpp:714-SetMetadata>: SetMetadata Failed with -5
09-28 17:51:19.468   879  1104 E C01406/skia: RSUniRenderComposerAdapter::SetBufferColorSpace set color space fail
09-28 17:51:19.478 11760 11996 I C00f00/OH_DER_VSync: onOhVsync ENTRY ts=<private> data=<private>
09-28 17:51:19.478 11760 11994 I C00f00/OH_DER_VSync: scheduleVsync ENTRY receiverPtr=0x<private>
09-28 17:51:19.478 11760 11994 I C00f00/OH_DER_VSync: scheduleVsync calling RequestFrame ohVsync=<private>
09-28 17:51:19.478 11760 11994 I C00f00/OH_DER_VSync: scheduleVsync RequestFrame rc=<private>
09-28 17:51:19.480   879  2132 E C02515/DISP: [0;32;31m[SetMetadata:102] <private> is not supported[m
09-28 17:51:19.480   879  2132 E C02515/METADATA_SRV: [0;32;31m[SetMetadata:136]  fail[m
09-28 17:51:19.480   879  2132 E C01401/Bufferqueue: <surface_buffer_impl.cpp:714-SetMetadata>: SetMetadata Failed with -5
09-28 17:51:19.481   797  4165 E C02515/DISP: [0;32;31m[SetLayerMaskInfo@display_composer_vdi_impl.cpp:404] <private> is not supported[m
09-28 17:51:19.481   879  1233 E C02515/DISP: [0;32;31m[SetMetadata:102] <private> is not supported[m
09-28 17:51:19.481   879  1233 E C02515/METADATA_SRV: [0;32;31m[SetMetadata:136]  fail[m
09-28 17:51:19.481   879  1233 E C01401/Bufferqueue: <surface_buffer_impl.cpp:714-SetMetadata>: SetMetadata Failed with -5
09-28 17:51:19.482   797  4165 E C02515/DISP: [0;32;31m[SetDisplayClientDamage@display_composer_vdi_impl.cpp:179] <private> is not supported[m
09-28 17:51:19.494 11760 11996 I C00f00/OH_DER_VSync: onOhVsync ENTRY ts=<private> data=<private>
09-28 17:51:19.495   879   879 E C02515/DISP: [0;32;31m[GetMetadata:109] <private> is not supported[m
09-28 17:51:19.495   879   879 E C02515/DISP: [0;32;31m[GetMetadata:109] <private> is not supported[m
09-28 17:51:19.495 11760 11994 I C00f00/OH_DER_VSync: scheduleVsync ENTRY receiverPtr=0x<private>
09-28 17:51:19.495 11760 11994 I C00f00/OH_DER_VSync: scheduleVsync calling RequestFrame ohVsync=<private>
09-28 17:51:19.495   879   879 E C02515/DISP: [0;32;31m[GetMetadata:109] <private> is not supported[m
09-28 17:51:19.495 11760 11994 I C00f00/OH_DER_VSync: scheduleVsync RequestFrame rc=<private>
09-28 17:51:19.495   879   879 E C01406/skia: RSBaseRenderUtil::DealWithSurfaceRotationAndGravity, GetSurfaceBufferOpaque:0
09-28 17:51:19.495   879   879 E C02515/DISP: [0;32;31m[GetMetadata:109] <private> is not supported[m
09-28 17:51:19.495   879   879 E C01406/skia: RSBaseRenderUtil::DealWithSurfaceRotationAndGravity, GetSurfaceBufferOpaque:0
09-28 17:51:19.495   879   879 E C02515/DISP: [0;32;31m[GetMetadata:109] <private> is not supported[m
09-28 17:51:19.496   879  1104 E C02515/DISP: [0;32;31m[SetMetadata:102] <private> is not supported[m
09-28 17:51:19.496   879  1104 E C02515/METADATA_SRV: [0;32;31m[SetMetadata:136]  fail[m
09-28 17:51:19.496   879  1104 E C01401/Bufferqueue: <surface_buffer_impl.cpp:714-SetMetadata>: SetMetadata Failed with -5
09-28 17:51:19.497   879  1104 E C01406/skia: SurfaceNodeDrawable DrawCommSurfaceWatermark Name:BackgroundBlurView2 Id:8465380540424 water mark count is zero
09-28 17:51:19.497   879  1104 E C01406/skia: RSBaseRenderUtil::DealWithSurfaceRotationAndGravity, GetSurfaceBufferOpaque:0
09-28 17:51:19.497   879  1104 I C01406/WRAP: AHardwareBuffer_createFromHandle index = <private> handle = <private>, ahb = <private>
09-28 17:51:19.497   879  1104 E C01406/skia: SurfaceNodeDrawable DrawCommSurfaceWatermark Name:AdapterActivityContent Id:50508815400963 water mark count is zero
09-28 17:51:19.497   879  1104 E C01406/skia: RSBaseRenderUtil::DealWithSurfaceRotationAndGravity, GetSurfaceBufferOpaque:0
09-28 17:51:19.498   879  1104 I C01406/WRAP: AHardwareBuffer_createFromHandle index = <private> handle = <private>, ahb = <private>
09-28 17:51:19.498   879  1104 E C01406/skia: SurfaceNodeDrawable DrawCommSurfaceWatermark Name:AdapterSurfaceView Id:50508815400964 water mark count is zero
09-28 17:51:19.498   879  1104 E C01406/skia: SurfaceNodeDrawable DrawCommSurfaceWatermark Name:com.a2hlab.bridge.zigzag/com.unity3d.player.UnityPlayerActivity Id:50508815400961 water mark count is zero
09-28 17:51:19.498   879  1104 E C01406/skia: SurfaceNodeDrawable DrawCommSurfaceWatermark Name:WindowScene_zigzag37 Id:8465380541288 water mark count is zero
09-28 17:51:19.498   879  1104 E C01406/skia: SurfaceNodeDrawable DrawCommSurfaceWatermark Name:SCBGestureNavBar13 Id:8465380540563 water mark count is zero
09-28 17:51:19.498   879  1104 E C01406/skia: SurfaceNodeDrawable DrawCommSurfaceWatermark Name:SCBStatusBar15 Id:8465380540646 water mark count is zero
09-28 17:51:19.500   879  1104 E C02515/DISP: [0;32;31m[GetMetadata:109] <private> is not supported[m
09-28 17:51:19.500   879  1104 E C02515/DISP: [0;32;31m[SetMetadata:102] <private> is not supported[m
09-28 17:51:19.500   879  1104 E C02515/METADATA_SRV: [0;32;31m[SetMetadata:136]  fail[m
09-28 17:51:19.500   879  1104 E C01401/Bufferqueue: <surface_buffer_impl.cpp:714-SetMetadata>: SetMetadata Failed with -5
09-28 17:51:19.500   879  1104 E C01406/skia: RSUniRenderComposerAdapter::SetBufferColorSpace set color space fail
09-28 17:51:19.511 11760 11996 I C00f00/OH_DER_VSync: onOhVsync ENTRY ts=<private> data=<private>
09-28 17:51:19.511 11760 11994 I C00f00/OH_DER_VSync: scheduleVsync ENTRY receiverPtr=0x<private>
09-28 17:51:19.511 11760 11994 I C00f00/OH_DER_VSync: scheduleVsync calling RequestFrame ohVsync=<private>
09-28 17:51:19.511 11760 11994 I C00f00/OH_DER_VSync: scheduleVsync RequestFrame rc=<private>
09-28 17:51:19.513   879  2132 E C02515/DISP: [0;32;31m[SetMetadata:102] <private> is not supported[m
09-28 17:51:19.513   879  2132 E C02515/METADATA_SRV: [0;32;31m[SetMetadata:136]  fail[m
09-28 17:51:19.513   879  2132 E C01401/Bufferqueue: <surface_buffer_impl.cpp:714-SetMetadata>: SetMetadata Failed with -5
09-28 17:51:19.514   797  4165 E C02515/DISP: [0;32;31m[SetLayerMaskInfo@display_composer_vdi_impl.cpp:404] <private> is not supported[m
09-28 17:51:19.515   879  1233 E C02515/DISP: [0;32;31m[SetMetadata:102] <private> is not supported[m
09-28 17:51:19.515   879  1233 E C02515/METADATA_SRV: [0;32;31m[SetMetadata:136]  fail[m
09-28 17:51:19.515   879  1233 E C01401/Bufferqueue: <surface_buffer_impl.cpp:714-SetMetadata>: SetMetadata Failed with -5
09-28 17:51:19.516   797  4165 E C02515/DISP: [0;32;31m[SetDisplayClientDamage@display_composer_vdi_impl.cpp:179] <private> is not supported[m
09-28 17:51:19.528 11760 11996 I C00f00/OH_DER_VSync: onOhVsync ENTRY ts=<private> data=<private>
09-28 17:51:19.528   879   879 E C02515/DISP: [0;32;31m[GetMetadata:109] <private> is not supported[m
09-28 17:51:19.528 11760 11994 I C00f00/OH_DER_VSync: scheduleVsync ENTRY receiverPtr=0x<private>
09-28 17:51:19.528 11760 11994 I C00f00/OH_DER_VSync: scheduleVsync calling RequestFrame ohVsync=<private>
09-28 17:51:19.528   879   879 E C02515/DISP: [0;32;31m[GetMetadata:109] <private> is not supported[m
09-28 17:51:19.528   879   879 E C02515/DISP: [0;32;31m[GetMetadata:109] <private> is not supported[m
09-28 17:51:19.528 11760 11994 I C00f00/OH_DER_VSync: scheduleVsync RequestFrame rc=<private>
09-28 17:51:19.529   879   879 E C01406/skia: RSBaseRenderUtil::DealWithSurfaceRotationAndGravity, GetSurfaceBufferOpaque:0
09-28 17:51:19.530   879   879 E C02515/DISP: [0;32;31m[GetMetadata:109] <private> is not supported[m
09-28 17:51:19.530   879   879 E C01406/skia: RSBaseRenderUtil::DealWithSurfaceRotationAndGravity, GetSurfaceBufferOpaque:0
09-28 17:51:19.530   879   879 E C02515/DISP: [0;32;31m[GetMetadata:109] <private> is not supported[m
09-28 17:51:19.531   879  1104 E C02515/DISP: [0;32;31m[SetMetadata:102] <private> is not supported[m
09-28 17:51:19.531   879  1104 E C02515/METADATA_SRV: [0;32;31m[SetMetadata:136]  fail[m
09-28 17:51:19.531   879  1104 E C01401/Bufferqueue: <surface_buffer_impl.cpp:714-SetMetadata>: SetMetadata Failed with -5
09-28 17:51:19.532   879  1104 E C01406/skia: SurfaceNodeDrawable DrawCommSurfaceWatermark Name:BackgroundBlurView2 Id:8465380540424 water mark count is zero
09-28 17:51:19.532   879  1104 E C01406/skia: RSBaseRenderUtil::DealWithSurfaceRotationAndGravity, GetSurfaceBufferOpaque:0
09-28 17:51:19.532   879  1104 I C01406/WRAP: AHardwareBuffer_createFromHandle index = <private> handle = <private>, ahb = <private>
09-28 17:51:19.532   879  1104 E C01406/skia: SurfaceNodeDrawable DrawCommSurfaceWatermark Name:AdapterActivityContent Id:50508815400963 water mark count is zero
09-28 17:51:19.532   879  1104 E C01406/skia: RSBaseRenderUtil::DealWithSurfaceRotationAndGravity, GetSurfaceBufferOpaque:0
09-28 17:51:19.532   879  1104 I C01406/WRAP: AHardwareBuffer_createFromHandle index = <private> handle = <private>, ahb = <private>
09-28 17:51:19.533   879  1104 E C01406/skia: SurfaceNodeDrawable DrawCommSurfaceWatermark Name:AdapterSurfaceView Id:50508815400964 water mark count is zero
09-28 17:51:19.533   879  1104 E C01406/skia: SurfaceNodeDrawable DrawCommSurfaceWatermark Name:com.a2hlab.bridge.zigzag/com.unity3d.player.UnityPlayerActivity Id:50508815400961 water mark count is zero
09-28 17:51:19.533   879  1104 E C01406/skia: SurfaceNodeDrawable DrawCommSurfaceWatermark Name:WindowScene_zigzag37 Id:8465380541288 water mark count is zero
09-28 17:51:19.533   879  1104 E C01406/skia: SurfaceNodeDrawable DrawCommSurfaceWatermark Name:SCBGestureNavBar13 Id:8465380540563 water mark count is zero
09-28 17:51:19.533   879  1104 E C01406/skia: SurfaceNodeDrawable DrawCommSurfaceWatermark Name:SCBStatusBar15 Id:8465380540646 water mark count is zero
09-28 17:51:19.534   879  1104 E C02515/DISP: [0;32;31m[GetMetadata:109] <private> is not supported[m
09-28 17:51:19.535   879  1104 E C02515/DISP: [0;32;31m[SetMetadata:102] <private> is not supported[m
09-28 17:51:19.535   879  1104 E C02515/METADATA_SRV: [0;32;31m[SetMetadata:136]  fail[m
09-28 17:51:19.535   879  1104 E C01401/Bufferqueue: <surface_buffer_impl.cpp:714-SetMetadata>: SetMetadata Failed with -5
09-28 17:51:19.535   879  1104 E C01406/skia: RSUniRenderComposerAdapter::SetBufferColorSpace set color space fail
09-28 17:51:19.545 11760 11996 I C00f00/OH_DER_VSync: onOhVsync ENTRY ts=<private> data=<private>
09-28 17:51:19.545 11760 11994 I C00f00/OH_DER_VSync: scheduleVsync ENTRY receiverPtr=0x<private>
09-28 17:51:19.545 11760 11994 I C00f00/OH_DER_VSync: scheduleVsync calling RequestFrame ohVsync=<private>
09-28 17:51:19.545 11760 11994 I C00f00/OH_DER_VSync: scheduleVsync RequestFrame rc=<private>
09-28 17:51:19.546   879  2132 E C02515/DISP: [0;32;31m[SetMetadata:102] <private> is not supported[m
09-28 17:51:19.546   879  2132 E C02515/METADATA_SRV: [0;32;31m[SetMetadata:136]  fail[m
09-28 17:51:19.546   879  2132 E C01401/Bufferqueue: <surface_buffer_impl.cpp:714-SetMetadata>: SetMetadata Failed with -5
09-28 17:51:19.547   797  4165 E C02515/DISP: [0;32;31m[SetLayerMaskInfo@display_composer_vdi_impl.cpp:404] <private> is not supported[m
09-28 17:51:19.547   879  1233 E C02515/DISP: [0;32;31m[SetMetadata:102] <private> is not supported[m
09-28 17:51:19.547   879  1233 E C02515/METADATA_SRV: [0;32;31m[SetMetadata:136]  fail[m
09-28 17:51:19.547   879  1233 E C01401/Bufferqueue: <surface_buffer_impl.cpp:714-SetMetadata>: SetMetadata Failed with -5
09-28 17:51:19.548   797  4165 E C02515/DISP: [0;32;31m[SetDisplayClientDamage@display_composer_vdi_impl.cpp:179] <private> is not supported[m
09-28 17:51:19.561 11760 11996 I C00f00/OH_DER_VSync: onOhVsync ENTRY ts=<private> data=<private>
09-28 17:51:19.561   879   879 E C02515/DISP: [0;32;31m[GetMetadata:109] <private> is not supported[m
09-28 17:51:19.561 11760 11994 I C00f00/OH_DER_VSync: scheduleVsync ENTRY receiverPtr=0x<private>
09-28 17:51:19.561 11760 11994 I C00f00/OH_DER_VSync: scheduleVsync calling RequestFrame ohVsync=<private>
09-28 17:51:19.562   879   879 E C02515/DISP: [0;32;31m[GetMetadata:109] <private> is not supported[m
09-28 17:51:19.562 11760 11994 I C00f00/OH_DER_VSync: scheduleVsync RequestFrame rc=<private>
09-28 17:51:19.562   879   879 E C02515/DISP: [0;32;31m[GetMetadata:109] <private> is not supported[m
09-28 17:51:19.563   879   879 E C01406/skia: RSBaseRenderUtil::DealWithSurfaceRotationAndGravity, GetSurfaceBufferOpaque:0
09-28 17:51:19.563   879   879 E C02515/DISP: [0;32;31m[GetMetadata:109] <private> is not supported[m
09-28 17:51:19.563   879   879 E C01406/skia: RSBaseRenderUtil::DealWithSurfaceRotationAndGravity, GetSurfaceBufferOpaque:0
09-28 17:51:19.563   879   879 E C02515/DISP: [0;32;31m[GetMetadata:109] <private> is not supported[m
09-28 17:51:19.565   879  1104 E C02515/DISP: [0;32;31m[SetMetadata:102] <private> is not supported[m
09-28 17:51:19.565   879  1104 E C02515/METADATA_SRV: [0;32;31m[SetMetadata:136]  fail[m
09-28 17:51:19.565   879  1104 E C01401/Bufferqueue: <surface_buffer_impl.cpp:714-SetMetadata>: SetMetadata Failed with -5
09-28 17:51:19.565   879  1104 E C01406/skia: SurfaceNodeDrawable DrawCommSurfaceWatermark Name:BackgroundBlurView2 Id:8465380540424 water mark count is zero
09-28 17:51:19.565   879  1104 E C01406/skia: RSBaseRenderUtil::DealWithSurfaceRotationAndGravity, GetSurfaceBufferOpaque:0
09-28 17:51:19.565   879  1104 I C01406/WRAP: AHardwareBuffer_createFromHandle index = <private> handle = <private>, ahb = <private>
09-28 17:51:19.566   879  1104 E C01406/skia: SurfaceNodeDrawable DrawCommSurfaceWatermark Name:AdapterActivityContent Id:50508815400963 water mark count is zero
09-28 17:51:19.566   879  1104 E C01406/skia: RSBaseRenderUtil::DealWithSurfaceRotationAndGravity, GetSurfaceBufferOpaque:0
09-28 17:51:19.566   879  1104 I C01406/WRAP: AHardwareBuffer_createFromHandle index = <private> handle = <private>, ahb = <private>
09-28 17:51:19.566   879  1104 E C01406/skia: SurfaceNodeDrawable DrawCommSurfaceWatermark Name:AdapterSurfaceView Id:50508815400964 water mark count is zero
09-28 17:51:19.566   879  1104 E C01406/skia: SurfaceNodeDrawable DrawCommSurfaceWatermark Name:com.a2hlab.bridge.zigzag/com.unity3d.player.UnityPlayerActivity Id:50508815400961 water mark count is zero
09-28 17:51:19.566   879  1104 E C01406/skia: SurfaceNodeDrawable DrawCommSurfaceWatermark Name:WindowScene_zigzag37 Id:8465380541288 water mark count is zero
09-28 17:51:19.566   879  1104 E C01406/skia: SurfaceNodeDrawable DrawCommSurfaceWatermark Name:SCBGestureNavBar13 Id:8465380540563 water mark count is zero
09-28 17:51:19.566   879  1104 E C01406/skia: SurfaceNodeDrawable DrawCommSurfaceWatermark Name:SCBStatusBar15 Id:8465380540646 water mark count is zero
09-28 17:51:19.568   879  1104 E C02515/DISP: [0;32;31m[GetMetadata:109] <private> is not supported[m
09-28 17:51:19.568   879  1104 E C02515/DISP: [0;32;31m[SetMetadata:102] <private> is not supported[m
09-28 17:51:19.568   879  1104 E C02515/METADATA_SRV: [0;32;31m[SetMetadata:136]  fail[m
09-28 17:51:19.568   879  1104 E C01401/Bufferqueue: <surface_buffer_impl.cpp:714-SetMetadata>: SetMetadata Failed with -5
09-28 17:51:19.568   879  1104 E C01406/skia: RSUniRenderComposerAdapter::SetBufferColorSpace set color space fail
09-28 17:51:19.575   613  1054 W C01f04/TelephonySubsystem: [GetSimAccountInfo-(multi_sim_controller.cpp:1079)] slotId 0 is invalid
09-28 17:51:19.575   613  1054 E C01f04/TelephonySubsystem: GetSimAccountInfo fail!
09-28 17:51:19.578 11760 11996 I C00f00/OH_DER_VSync: onOhVsync ENTRY ts=<private> data=<private>
09-28 17:51:19.578 11760 11994 I C00f00/OH_DER_VSync: scheduleVsync ENTRY receiverPtr=0x<private>
09-28 17:51:19.578 11760 11994 I C00f00/OH_DER_VSync: scheduleVsync calling RequestFrame ohVsync=<private>
09-28 17:51:19.578 11760 11994 I C00f00/OH_DER_VSync: scheduleVsync RequestFrame rc=<private>
09-28 17:51:19.580   879  2132 E C02515/DISP: [0;32;31m[SetMetadata:102] <private> is not supported[m
09-28 17:51:19.580   879  2132 E C02515/METADATA_SRV: [0;32;31m[SetMetadata:136]  fail[m
09-28 17:51:19.580   879  2132 E C01401/Bufferqueue: <surface_buffer_impl.cpp:714-SetMetadata>: SetMetadata Failed with -5
09-28 17:51:19.581   797  4165 E C02515/DISP: [0;32;31m[SetLayerMaskInfo@display_composer_vdi_impl.cpp:404] <private> is not supported[m
09-28 17:51:19.581   879  1233 E C02515/DISP: [0;32;31m[SetMetadata:102] <private> is not supported[m
09-28 17:51:19.581   879  1233 E C02515/METADATA_SRV: [0;32;31m[SetMetadata:136]  fail[m
09-28 17:51:19.581   879  1233 E C01401/Bufferqueue: <surface_buffer_impl.cpp:714-SetMetadata>: SetMetadata Failed with -5
09-28 17:51:19.582   797  4165 E C02515/DISP: [0;32;31m[SetDisplayClientDamage@display_composer_vdi_impl.cpp:179] <private> is not supported[m
09-28 17:51:19.595   879   879 E C02515/DISP: [0;32;31m[GetMetadata:109] <private> is not supported[m
09-28 17:51:19.595   879   879 E C02515/DISP: [0;32;31m[GetMetadata:109] <private> is not supported[m
09-28 17:51:19.595   879   879 E C02515/DISP: [0;32;31m[GetMetadata:109] <private> is not supported[m
09-28 17:51:19.595   879   879 E C01406/skia: RSBaseRenderUtil::DealWithSurfaceRotationAndGravity, GetSurfaceBufferOpaque:0
09-28 17:51:19.595   879   879 E C02515/DISP: [0;32;31m[GetMetadata:109] <private> is not supported[m
09-28 17:51:19.595   879   879 E C01406/skia: RSBaseRenderUtil::DealWithSurfaceRotationAndGravity, GetSurfaceBufferOpaque:0
09-28 17:51:19.595   879   879 E C02515/DISP: [0;32;31m[GetMetadata:109] <private> is not supported[m
09-28 17:51:19.596 11760 11996 I C00f00/OH_DER_VSync: onOhVsync ENTRY ts=<private> data=<private>
09-28 17:51:19.596 11760 11994 I C00f00/OH_DER_VSync: scheduleVsync ENTRY receiverPtr=0x<private>
09-28 17:51:19.596 11760 11994 I C00f00/OH_DER_VSync: scheduleVsync calling RequestFrame ohVsync=<private>
09-28 17:51:19.596   879  1104 E C02515/DISP: [0;32;31m[SetMetadata:102] <private> is not supported[m
09-28 17:51:19.596   879  1104 E C02515/METADATA_SRV: [0;32;31m[SetMetadata:136]  fail[m
09-28 17:51:19.596   879  1104 E C01401/Bufferqueue: <surface_buffer_impl.cpp:714-SetMetadata>: SetMetadata Failed with -5
09-28 17:51:19.597 11760 11994 I C00f00/OH_DER_VSync: scheduleVsync RequestFrame rc=<private>
09-28 17:51:19.597   879  1104 E C01406/skia: SurfaceNodeDrawable DrawCommSurfaceWatermark Name:BackgroundBlurView2 Id:8465380540424 water mark count is zero
09-28 17:51:19.597   879  1104 E C01406/skia: RSBaseRenderUtil::DealWithSurfaceRotationAndGravity, GetSurfaceBufferOpaque:0
09-28 17:51:19.597   879  1104 I C01406/WRAP: AHardwareBuffer_createFromHandle index = <private> handle = <private>, ahb = <private>
09-28 17:51:19.597   879  1104 E C01406/skia: SurfaceNodeDrawable DrawCommSurfaceWatermark Name:AdapterActivityContent Id:50508815400963 water mark count is zero
09-28 17:51:19.597   879  1104 E C01406/skia: RSBaseRenderUtil::DealWithSurfaceRotationAndGravity, GetSurfaceBufferOpaque:0
09-28 17:51:19.598   879  1104 I C01406/WRAP: AHardwareBuffer_createFromHandle index = <private> handle = <private>, ahb = <private>
09-28 17:51:19.598   879  1104 E C01406/skia: SurfaceNodeDrawable DrawCommSurfaceWatermark Name:AdapterSurfaceView Id:50508815400964 water mark count is zero
09-28 17:51:19.598   879  1104 E C01406/skia: SurfaceNodeDrawable DrawCommSurfaceWatermark Name:com.a2hlab.bridge.zigzag/com.unity3d.player.UnityPlayerActivity Id:50508815400961 water mark count is zero
09-28 17:51:19.598   879  1104 E C01406/skia: SurfaceNodeDrawable DrawCommSurfaceWatermark Name:WindowScene_zigzag37 Id:8465380541288 water mark count is zero
09-28 17:51:19.598   879  1104 E C01406/skia: SurfaceNodeDrawable DrawCommSurfaceWatermark Name:SCBGestureNavBar13 Id:8465380540563 water mark count is zero
09-28 17:51:19.598   879  1104 E C01406/skia: SurfaceNodeDrawable DrawCommSurfaceWatermark Name:SCBStatusBar15 Id:8465380540646 water mark count is zero
09-28 17:51:19.600   879  1104 E C02515/DISP: [0;32;31m[GetMetadata:109] <private> is not supported[m
09-28 17:51:19.600   879  1104 E C02515/DISP: [0;32;31m[SetMetadata:102] <private> is not supported[m
09-28 17:51:19.600   879  1104 E C02515/METADATA_SRV: [0;32;31m[SetMetadata:136]  fail[m
09-28 17:51:19.600   879  1104 E C01401/Bufferqueue: <surface_buffer_impl.cpp:714-SetMetadata>: SetMetadata Failed with -5
09-28 17:51:19.600   879  1104 E C01406/skia: RSUniRenderComposerAdapter::SetBufferColorSpace set color space fail
09-28 17:51:19.611 11760 11996 I C00f00/OH_DER_VSync: onOhVsync ENTRY ts=<private> data=<private>
09-28 17:51:19.611 11760 11994 I C00f00/OH_DER_VSync: scheduleVsync ENTRY receiverPtr=0x<private>
09-28 17:51:19.611 11760 11994 I C00f00/OH_DER_VSync: scheduleVsync calling RequestFrame ohVsync=<private>
09-28 17:51:19.612 11760 11994 I C00f00/OH_DER_VSync: scheduleVsync RequestFrame rc=<private>
09-28 17:51:19.613   879  2132 E C02515/DISP: [0;32;31m[SetMetadata:102] <private> is not supported[m
09-28 17:51:19.613   879  2132 E C02515/METADATA_SRV: [0;32;31m[SetMetadata:136]  fail[m
09-28 17:51:19.613   879  2132 E C01401/Bufferqueue: <surface_buffer_impl.cpp:714-SetMetadata>: SetMetadata Failed with -5
09-28 17:51:19.614   797  4165 E C02515/DISP: [0;32;31m[SetLayerMaskInfo@display_composer_vdi_impl.cpp:404] <private> is not supported[m
09-28 17:51:19.614   879  1233 E C02515/DISP: [0;32;31m[SetMetadata:102] <private> is not supported[m
09-28 17:51:19.614   879  1233 E C02515/METADATA_SRV: [0;32;31m[SetMetadata:136]  fail[m
09-28 17:51:19.614   879  1233 E C01401/Bufferqueue: <surface_buffer_impl.cpp:714-SetMetadata>: SetMetadata Failed with -5
09-28 17:51:19.615   797  4165 E C02515/DISP: [0;32;31m[SetDisplayClientDamage@display_composer_vdi_impl.cpp:179] <private> is not supported[m
09-28 17:51:19.628 11760 11996 I C00f00/OH_DER_VSync: onOhVsync ENTRY ts=<private> data=<private>
09-28 17:51:19.628   879   879 E C02515/DISP: [0;32;31m[GetMetadata:109] <private> is not supported[m
09-28 17:51:19.628 11760 11994 I C00f00/OH_DER_VSync: scheduleVsync ENTRY receiverPtr=0x<private>
09-28 17:51:19.628 11760 11994 I C00f00/OH_DER_VSync: scheduleVsync calling RequestFrame ohVsync=<private>
09-28 17:51:19.628   879   879 E C02515/DISP: [0;32;31m[GetMetadata:109] <private> is not supported[m
09-28 17:51:19.628   879   879 E C02515/DISP: [0;32;31m[GetMetadata:109] <private> is not supported[m
09-28 17:51:19.628 11760 11994 I C00f00/OH_DER_VSync: scheduleVsync RequestFrame rc=<private>
09-28 17:51:19.630   879   879 E C01406/skia: RSBaseRenderUtil::DealWithSurfaceRotationAndGravity, GetSurfaceBufferOpaque:0
09-28 17:51:19.630   879   879 E C02515/DISP: [0;32;31m[GetMetadata:109] <private> is not supported[m
09-28 17:51:19.630   879   879 E C01406/skia: RSBaseRenderUtil::DealWithSurfaceRotationAndGravity, GetSurfaceBufferOpaque:0
09-28 17:51:19.630   879   879 E C02515/DISP: [0;32;31m[GetMetadata:109] <private> is not supported[m
09-28 17:51:19.631   879  1104 E C02515/DISP: [0;32;31m[SetMetadata:102] <private> is not supported[m
09-28 17:51:19.631   879  1104 E C02515/METADATA_SRV: [0;32;31m[SetMetadata:136]  fail[m
09-28 17:51:19.631   879  1104 E C01401/Bufferqueue: <surface_buffer_impl.cpp:714-SetMetadata>: SetMetadata Failed with -5
09-28 17:51:19.632   879  1104 E C01406/skia: SurfaceNodeDrawable DrawCommSurfaceWatermark Name:BackgroundBlurView2 Id:8465380540424 water mark count is zero
09-28 17:51:19.632   879  1104 E C01406/skia: RSBaseRenderUtil::DealWithSurfaceRotationAndGravity, GetSurfaceBufferOpaque:0
09-28 17:51:19.632   879  1104 I C01406/WRAP: AHardwareBuffer_createFromHandle index = <private> handle = <private>, ahb = <private>
09-28 17:51:19.632   879  1104 E C01406/skia: SurfaceNodeDrawable DrawCommSurfaceWatermark Name:AdapterActivityContent Id:50508815400963 water mark count is zero
09-28 17:51:19.632   879  1104 E C01406/skia: RSBaseRenderUtil::DealWithSurfaceRotationAndGravity, GetSurfaceBufferOpaque:0
09-28 17:51:19.633   879  1104 I C01406/WRAP: AHardwareBuffer_createFromHandle index = <private> handle = <private>, ahb = <private>
09-28 17:51:19.633   879  1104 E C01406/skia: SurfaceNodeDrawable DrawCommSurfaceWatermark Name:AdapterSurfaceView Id:50508815400964 water mark count is zero
09-28 17:51:19.633   879  1104 E C01406/skia: SurfaceNodeDrawable DrawCommSurfaceWatermark Name:com.a2hlab.bridge.zigzag/com.unity3d.player.UnityPlayerActivity Id:50508815400961 water mark count is zero
09-28 17:51:19.633   879  1104 E C01406/skia: SurfaceNodeDrawable DrawCommSurfaceWatermark Name:WindowScene_zigzag37 Id:8465380541288 water mark count is zero
09-28 17:51:19.633   879  1104 E C01406/skia: SurfaceNodeDrawable DrawCommSurfaceWatermark Name:SCBGestureNavBar13 Id:8465380540563 water mark count is zero
09-28 17:51:19.633   879  1104 E C01406/skia: SurfaceNodeDrawable DrawCommSurfaceWatermark Name:SCBStatusBar15 Id:8465380540646 water mark count is zero
09-28 17:51:19.635   879  1104 E C02515/DISP: [0;32;31m[GetMetadata:109] <private> is not supported[m
09-28 17:51:19.635   879  1104 E C02515/DISP: [0;32;31m[SetMetadata:102] <private> is not supported[m
09-28 17:51:19.635   879  1104 E C02515/METADATA_SRV: [0;32;31m[SetMetadata:136]  fail[m
09-28 17:51:19.635   879  1104 E C01401/Bufferqueue: <surface_buffer_impl.cpp:714-SetMetadata>: SetMetadata Failed with -5
09-28 17:51:19.635   879  1104 E C01406/skia: RSUniRenderComposerAdapter::SetBufferColorSpace set color space fail
09-28 17:51:19.645 11760 11996 I C00f00/OH_DER_VSync: onOhVsync ENTRY ts=<private> data=<private>
09-28 17:51:19.645 11760 11994 I C00f00/OH_DER_VSync: scheduleVsync ENTRY receiverPtr=0x<private>
09-28 17:51:19.645 11760 11994 I C00f00/OH_DER_VSync: scheduleVsync calling RequestFrame ohVsync=<private>
09-28 17:51:19.645 11760 11994 I C00f00/OH_DER_VSync: scheduleVsync RequestFrame rc=<private>
09-28 17:51:19.647   879  2132 E C02515/DISP: [0;32;31m[SetMetadata:102] <private> is not supported[m
09-28 17:51:19.647   879  2132 E C02515/METADATA_SRV: [0;32;31m[SetMetadata:136]  fail[m
09-28 17:51:19.647   879  2132 E C01401/Bufferqueue: <surface_buffer_impl.cpp:714-SetMetadata>: SetMetadata Failed with -5
09-28 17:51:19.647   797  4165 E C02515/DISP: [0;32;31m[SetLayerMaskInfo@display_composer_vdi_impl.cpp:404] <private> is not supported[m
09-28 17:51:19.647   879  1233 E C02515/DISP: [0;32;31m[SetMetadata:102] <private> is not supported[m
09-28 17:51:19.647   879  1233 E C02515/METADATA_SRV: [0;32;31m[SetMetadata:136]  fail[m
09-28 17:51:19.647   879  1233 E C01401/Bufferqueue: <surface_buffer_impl.cpp:714-SetMetadata>: SetMetadata Failed with -5
09-28 17:51:19.648   797  4165 E C02515/DISP: [0;32;31m[SetDisplayClientDamage@display_composer_vdi_impl.cpp:179] <private> is not supported[m
09-28 17:51:19.661 11760 11996 I C00f00/OH_DER_VSync: onOhVsync ENTRY ts=<private> data=<private>
09-28 17:51:19.662   879   879 E C02515/DISP: [0;32;31m[GetMetadata:109] <private> is not supported[m
09-28 17:51:19.662 11760 11994 I C00f00/OH_DER_VSync: scheduleVsync ENTRY receiverPtr=0x<private>
09-28 17:51:19.662 11760 11994 I C00f00/OH_DER_VSync: scheduleVsync calling RequestFrame ohVsync=<private>
09-28 17:51:19.662   879   879 E C02515/DISP: [0;32;31m[GetMetadata:109] <private> is not supported[m
09-28 17:51:19.662   879   879 E C02515/DISP: [0;32;31m[GetMetadata:109] <private> is not supported[m
09-28 17:51:19.662 11760 11994 I C00f00/OH_DER_VSync: scheduleVsync RequestFrame rc=<private>
09-28 17:51:19.663   879   879 E C01406/skia: RSBaseRenderUtil::DealWithSurfaceRotationAndGravity, GetSurfaceBufferOpaque:0
09-28 17:51:19.663   879   879 E C02515/DISP: [0;32;31m[GetMetadata:109] <private> is not supported[m
09-28 17:51:19.663   879   879 E C01406/skia: RSBaseRenderUtil::DealWithSurfaceRotationAndGravity, GetSurfaceBufferOpaque:0
09-28 17:51:19.663   879   879 E C02515/DISP: [0;32;31m[GetMetadata:109] <private> is not supported[m
09-28 17:51:19.665   879  1104 E C02515/DISP: [0;32;31m[SetMetadata:102] <private> is not supported[m
09-28 17:51:19.665   879  1104 E C02515/METADATA_SRV: [0;32;31m[SetMetadata:136]  fail[m
09-28 17:51:19.665   879  1104 E C01401/Bufferqueue: <surface_buffer_impl.cpp:714-SetMetadata>: SetMetadata Failed with -5
09-28 17:51:19.665   879  1104 E C01406/skia: SurfaceNodeDrawable DrawCommSurfaceWatermark Name:BackgroundBlurView2 Id:8465380540424 water mark count is zero
09-28 17:51:19.665   879  1104 E C01406/skia: RSBaseRenderUtil::DealWithSurfaceRotationAndGravity, GetSurfaceBufferOpaque:0
09-28 17:51:19.666   879  1104 I C01406/WRAP: AHardwareBuffer_createFromHandle index = <private> handle = <private>, ahb = <private>
09-28 17:51:19.666   879  1104 E C01406/skia: SurfaceNodeDrawable DrawCommSurfaceWatermark Name:AdapterActivityContent Id:50508815400963 water mark count is zero
09-28 17:51:19.666   879  1104 E C01406/skia: RSBaseRenderUtil::DealWithSurfaceRotationAndGravity, GetSurfaceBufferOpaque:0
09-28 17:51:19.666   879  1104 I C01406/WRAP: AHardwareBuffer_createFromHandle index = <private> handle = <private>, ahb = <private>
09-28 17:51:19.666   879  1104 E C01406/skia: SurfaceNodeDrawable DrawCommSurfaceWatermark Name:AdapterSurfaceView Id:50508815400964 water mark count is zero
09-28 17:51:19.666   879  1104 E C01406/skia: SurfaceNodeDrawable DrawCommSurfaceWatermark Name:com.a2hlab.bridge.zigzag/com.unity3d.player.UnityPlayerActivity Id:50508815400961 water mark count is zero
09-28 17:51:19.666   879  1104 E C01406/skia: SurfaceNodeDrawable DrawCommSurfaceWatermark Name:WindowScene_zigzag37 Id:8465380541288 water mark count is zero
09-28 17:51:19.666   879  1104 E C01406/skia: SurfaceNodeDrawable DrawCommSurfaceWatermark Name:SCBGestureNavBar13 Id:8465380540563 water mark count is zero
09-28 17:51:19.667   879  1104 E C01406/skia: SurfaceNodeDrawable DrawCommSurfaceWatermark Name:SCBStatusBar15 Id:8465380540646 water mark count is zero
09-28 17:51:19.669   879  1104 E C02515/DISP: [0;32;31m[GetMetadata:109] <private> is not supported[m
09-28 17:51:19.669   879  1104 E C02515/DISP: [0;32;31m[SetMetadata:102] <private> is not supported[m
09-28 17:51:19.669   879  1104 E C02515/METADATA_SRV: [0;32;31m[SetMetadata:136]  fail[m
09-28 17:51:19.669   879  1104 E C01401/Bufferqueue: <surface_buffer_impl.cpp:714-SetMetadata>: SetMetadata Failed with -5
09-28 17:51:19.669   879  1104 E C01406/skia: RSUniRenderComposerAdapter::SetBufferColorSpace set color space fail
09-28 17:51:19.675   921  1220 I C02d13/HDC_LOG: [daemon.cpp:1142] FetchCommand channelId:1393233839 command:1001
09-28 17:51:19.675   921  1220 I C02d13/HDC_LOG: [session.cpp:1652] New HTaskInfo cid:1393233839 sid:252******606(L:10) command:1001
09-28 17:51:19.675   921  1220 I C02d13/HDC_LOG: [session.cpp:891] AdminTask add task type:0 cid:1393233839 sid:252******606(L:10) mapsize:2
09-28 17:51:19.675   921  1220 I C02d13/HDC_LOG: [task.cpp:34] HdcTaskBase type:0 cid:1393233839 sid:252******606(L:10)
09-28 17:51:19.675   921  1220 I C02d13/HDC_LOG: [daemon_unity.cpp:414] Unity CommandDispatch command:1001 cid:1393233839 sid:252******606(L:10)
09-28 17:51:19.675   921  1220 W C02d13/HDC_LOG: [async_cmd.cpp:114] GetDevItem false key:persist.hdc.root
09-28 17:51:19.676   921 12485 I C02d13/HDC_LOG: [async_cmd.cpp:225] Popen pipe fds[pipeRead]:33 fds[pipeWrite]:34, mode 0
09-28 17:51:19.678 11760 11996 I C00f00/OH_DER_VSync: onOhVsync ENTRY ts=<private> data=<private>
09-28 17:51:19.678 11760 11994 I C00f00/OH_DER_VSync: scheduleVsync ENTRY receiverPtr=0x<private>
09-28 17:51:19.678 11760 11994 I C00f00/OH_DER_VSync: scheduleVsync calling RequestFrame ohVsync=<private>
09-28 17:51:19.678 11760 11994 I C00f00/OH_DER_VSync: scheduleVsync RequestFrame rc=<private>
09-28 17:51:19.680   921  1220 I C02d13/HDC_LOG: [async_cmd.cpp:291] ExecuteCommand cmd:param get const.product.os.dist.apiname fd:33 pid:12486
09-28 17:51:19.680   879  2132 E C02515/DISP: [0;32;31m[SetMetadata:102] <private> is not supported[m
09-28 17:51:19.680   879  2132 E C02515/METADATA_SRV: [0;32;31m[SetMetadata:136]  fail[m
09-28 17:51:19.680   879  2132 E C01401/Bufferqueue: <surface_buffer_impl.cpp:714-SetMetadata>: SetMetadata Failed with -5
09-28 17:51:19.680   921  1220 I C02d13/HDC_LOG: [daemon_unity.cpp:486] Unity CommandDispatch command:1001 finish cid:1393233839 sid:252******606(L:10)
09-28 17:51:19.681   797  4165 E C02515/DISP: [0;32;31m[SetLayerMaskInfo@display_composer_vdi_impl.cpp:404] <private> is not supported[m
09-28 17:51:19.681   879  1233 E C02515/DISP: [0;32;31m[SetMetadata:102] <private> is not supported[m
09-28 17:51:19.681   879  1233 E C02515/METADATA_SRV: [0;32;31m[SetMetadata:136]  fail[m
09-28 17:51:19.681   879  1233 E C01401/Bufferqueue: <surface_buffer_impl.cpp:714-SetMetadata>: SetMetadata Failed with -5
09-28 17:51:19.681 12486 12486 W C02d13/HDC_LOG: [async_cmd.cpp:140] SetSelinuxLabel con:u:r:su:s0 isRoot:0
09-28 17:51:19.682   797  4165 E C02515/DISP: [0;32;31m[SetDisplayClientDamage@display_composer_vdi_impl.cpp:179] <private> is not supported[m
09-28 17:51:19.695 11760 11996 I C00f00/OH_DER_VSync: onOhVsync ENTRY ts=<private> data=<private>
09-28 17:51:19.695   879   879 E C02515/DISP: [0;32;31m[GetMetadata:109] <private> is not supported[m
09-28 17:51:19.695   879   879 E C02515/DISP: [0;32;31m[GetMetadata:109] <private> is not supported[m
09-28 17:51:19.695   879   879 E C02515/DISP: [0;32;31m[GetMetadata:109] <private> is not supported[m
09-28 17:51:19.696   879   879 E C01406/skia: RSBaseRenderUtil::DealWithSurfaceRotationAndGravity, GetSurfaceBufferOpaque:0
09-28 17:51:19.696   879   879 E C02515/DISP: [0;32;31m[GetMetadata:109] <private> is not supported[m
09-28 17:51:19.696   879   879 E C01406/skia: RSBaseRenderUtil::DealWithSurfaceRotationAndGravity, GetSurfaceBufferOpaque:0
09-28 17:51:19.696   879   879 E C02515/DISP: [0;32;31m[GetMetadata:109] <private> is not supported[m
09-28 17:51:19.696 11760 11994 I C00f00/OH_DER_VSync: scheduleVsync ENTRY receiverPtr=0x<private>
09-28 17:51:19.696 11760 11994 I C00f00/OH_DER_VSync: scheduleVsync calling RequestFrame ohVsync=<private>
09-28 17:51:19.696 11760 11994 I C00f00/OH_DER_VSync: scheduleVsync RequestFrame rc=<private>
09-28 17:51:19.697   879  1104 E C02515/DISP: [0;32;31m[SetMetadata:102] <private> is not supported[m
09-28 17:51:19.698   879  1104 E C02515/METADATA_SRV: [0;32;31m[SetMetadata:136]  fail[m
09-28 17:51:19.698   879  1104 E C01401/Bufferqueue: <surface_buffer_impl.cpp:714-SetMetadata>: SetMetadata Failed with -5
09-28 17:51:19.698   879  1104 E C01406/skia: SurfaceNodeDrawable DrawCommSurfaceWatermark Name:BackgroundBlurView2 Id:8465380540424 water mark count is zero
09-28 17:51:19.699   879  1104 E C01406/skia: RSBaseRenderUtil::DealWithSurfaceRotationAndGravity, GetSurfaceBufferOpaque:0
09-28 17:51:19.699   879  1104 I C01406/WRAP: AHardwareBuffer_createFromHandle index = <private> handle = <private>, ahb = <private>
09-28 17:51:19.700   879  1104 E C01406/skia: SurfaceNodeDrawable DrawCommSurfaceWatermark Name:AdapterActivityContent Id:50508815400963 water mark count is zero
09-28 17:51:19.700   879  1104 E C01406/skia: RSBaseRenderUtil::DealWithSurfaceRotationAndGravity, GetSurfaceBufferOpaque:0
09-28 17:51:19.700   879  1104 I C01406/WRAP: AHardwareBuffer_createFromHandle index = <private> handle = <private>, ahb = <private>
09-28 17:51:19.700   879  1104 E C01406/skia: SurfaceNodeDrawable DrawCommSurfaceWatermark Name:AdapterSurfaceView Id:50508815400964 water mark count is zero
09-28 17:51:19.700   879  1104 E C01406/skia: SurfaceNodeDrawable DrawCommSurfaceWatermark Name:com.a2hlab.bridge.zigzag/com.unity3d.player.UnityPlayerActivity Id:50508815400961 water mark count is zero
09-28 17:51:19.701   879  1104 E C01406/skia: SurfaceNodeDrawable DrawCommSurfaceWatermark Name:WindowScene_zigzag37 Id:8465380541288 water mark count is zero
09-28 17:51:19.702   879  1104 E C01406/skia: SurfaceNodeDrawable DrawCommSurfaceWatermark Name:SCBGestureNavBar13 Id:8465380540563 water mark count is zero
09-28 17:51:19.702   879  1104 E C01406/skia: SurfaceNodeDrawable DrawCommSurfaceWatermark Name:SCBStatusBar15 Id:8465380540646 water mark count is zero
09-28 17:51:19.702   921 12487 I C02d13/HDC_LOG: [async_cmd.cpp:88] FinishShellProc finish pipeRead fd:33 pid:12486 count:1
09-28 17:51:19.702   921 12487 I C02d13/HDC_LOG: [task.cpp:55] HdcTaskBase::TaskFinish notify begin type:0 cid:1393233839 sid:252******606(L:10)
09-28 17:51:19.702   921 12487 I C02d13/HDC_LOG: [task.cpp:58] HdcTaskBase::TaskFinish notify end type:0 cid:1393233839 sid:252******606(L:10)
09-28 17:51:19.704   921  1220 I C02d13/HDC_LOG: [daemon.cpp:1142] FetchCommand channelId:1393233839 command:2
09-28 17:51:19.704   921  1220 W C02d13/HDC_LOG: [session.cpp:160] BeginRemoveTask taskType:0 channelId:1393233839
09-28 17:51:19.704   921  1220 W C02d13/HDC_LOG: [session.cpp:190] ClearOwnTasks OP_CLEAR finish, sessionId:252******606(L:10) channelIDInput:1393233839
09-28 17:51:19.704   921  1220 W C02d13/HDC_LOG: [session.cpp:115] taskClassDeleteRetry start clear task, taskType:0 cid:1393233839 sid:252******606(L:10)
09-28 17:51:19.704   879  1104 E C02515/DISP: [0;32;31m[GetMetadata:109] <private> is not supported[m
09-28 17:51:19.704   921  1220 I C02d13/HDC_LOG: [async_cmd.cpp:69] DoRelease rc:-3 pid:12486
09-28 17:51:19.704   921  1220 I C02d13/HDC_LOG: [session.cpp:126] TaskDelay task remove retry count 0/30, taskType:0 channelId:1393233839, sessionId:252******606(L:10)
09-28 17:51:19.704   879  1104 E C02515/DISP: [0;32;31m[SetMetadata:102] <private> is not supported[m
09-28 17:51:19.704   879  1104 E C02515/METADATA_SRV: [0;32;31m[SetMetadata:136]  fail[m
09-28 17:51:19.704   921  1220 I C02d13/HDC_LOG: [daemon_unity.cpp:31] ~HdcDaemonUnity cid:1393233839 sid:252******606(L:10)
09-28 17:51:19.704   879  1104 E C01401/Bufferqueue: <surface_buffer_impl.cpp:714-SetMetadata>: SetMetadata Failed with -5
09-28 17:51:19.704   879  1104 E C01406/skia: RSUniRenderComposerAdapter::SetBufferColorSpace set color space fail
09-28 17:51:19.705   921  1220 I C02d13/HDC_LOG: [task.cpp:40] ~HdcTaskBase type:0 cid:1393233839 sid:252******606(L:10)
09-28 17:51:19.705   921  1220 W C02d13/HDC_LOG: [session.cpp:134] TaskDelay task remove finish, channelId:1393233839
09-28 17:51:19.705   921  1220 I C02d13/HDC_LOG: [base.cpp:969] before uv handle close, the uv handle type is 13
09-28 17:51:19.709   921  1220 I C02d13/HDC_LOG: [daemon.cpp:1142] FetchCommand channelId:1393233839 command:2
09-28 17:51:19.711 11760 11996 I C00f00/OH_DER_VSync: onOhVsync ENTRY ts=<private> data=<private>
09-28 17:51:19.712 11760 11994 I C00f00/OH_DER_VSync: scheduleVsync ENTRY receiverPtr=0x<private>
09-28 17:51:19.712 11760 11994 I C00f00/OH_DER_VSync: scheduleVsync calling RequestFrame ohVsync=<private>
09-28 17:51:19.712 11760 11994 I C00f00/OH_DER_VSync: scheduleVsync RequestFrame rc=<private>
09-28 17:51:19.713   879  2132 E C02515/DISP: [0;32;31m[SetMetadata:102] <private> is not supported[m
09-28 17:51:19.713   879  2132 E C02515/METADATA_SRV: [0;32;31m[SetMetadata:136]  fail[m
09-28 17:51:19.713   879  2132 E C01401/Bufferqueue: <surface_buffer_impl.cpp:714-SetMetadata>: SetMetadata Failed with -5
09-28 17:51:19.714   797  4165 E C02515/DISP: [0;32;31m[SetLayerMaskInfo@display_composer_vdi_impl.cpp:404] <private> is not supported[m
09-28 17:51:19.714   879  1233 E C02515/DISP: [0;32;31m[SetMetadata:102] <private> is not supported[m
09-28 17:51:19.714   879  1233 E C02515/METADATA_SRV: [0;32;31m[SetMetadata:136]  fail[m
09-28 17:51:19.714   879  1233 E C01401/Bufferqueue: <surface_buffer_impl.cpp:714-SetMetadata>: SetMetadata Failed with -5
09-28 17:51:19.715   797  4165 E C02515/DISP: [0;32;31m[SetDisplayClientDamage@display_composer_vdi_impl.cpp:179] <private> is not supported[m
09-28 17:51:19.728   879   879 E C02515/DISP: [0;32;31m[GetMetadata:109] <private> is not supported[m
09-28 17:51:19.728   879   879 E C02515/DISP: [0;32;31m[GetMetadata:109] <private> is not supported[m
09-28 17:51:19.728   879   879 E C02515/DISP: [0;32;31m[GetMetadata:109] <private> is not supported[m
09-28 17:51:19.729   879   879 E C01406/skia: RSBaseRenderUtil::DealWithSurfaceRotationAndGravity, GetSurfaceBufferOpaque:0
09-28 17:51:19.729   879   879 E C02515/DISP: [0;32;31m[GetMetadata:109] <private> is not supported[m
09-28 17:51:19.729   879   879 E C01406/skia: RSBaseRenderUtil::DealWithSurfaceRotationAndGravity, GetSurfaceBufferOpaque:0
09-28 17:51:19.729   879   879 E C02515/DISP: [0;32;31m[GetMetadata:109] <private> is not supported[m
09-28 17:51:19.730 11760 11996 I C00f00/OH_DER_VSync: onOhVsync ENTRY ts=<private> data=<private>
09-28 17:51:19.730   879  1104 E C02515/DISP: [0;32;31m[SetMetadata:102] <private> is not supported[m
09-28 17:51:19.730   879  1104 E C02515/METADATA_SRV: [0;32;31m[SetMetadata:136]  fail[m
09-28 17:51:19.730 11760 11994 I C00f00/OH_DER_VSync: scheduleVsync ENTRY receiverPtr=0x<private>
09-28 17:51:19.730   879  1104 E C01401/Bufferqueue: <surface_buffer_impl.cpp:714-SetMetadata>: SetMetadata Failed with -5
09-28 17:51:19.730 11760 11994 I C00f00/OH_DER_VSync: scheduleVsync calling RequestFrame ohVsync=<private>
09-28 17:51:19.730 11760 11994 I C00f00/OH_DER_VSync: scheduleVsync RequestFrame rc=<private>
09-28 17:51:19.730   879  1104 E C01406/skia: SurfaceNodeDrawable DrawCommSurfaceWatermark Name:BackgroundBlurView2 Id:8465380540424 water mark count is zero
09-28 17:51:19.730   879  1104 E C01406/skia: RSBaseRenderUtil::DealWithSurfaceRotationAndGravity, GetSurfaceBufferOpaque:0
09-28 17:51:19.731   879  1104 I C01406/WRAP: AHardwareBuffer_createFromHandle index = <private> handle = <private>, ahb = <private>
09-28 17:51:19.731   879  1104 E C01406/skia: SurfaceNodeDrawable DrawCommSurfaceWatermark Name:AdapterActivityContent Id:50508815400963 water mark count is zero
09-28 17:51:19.731   879  1104 E C01406/skia: RSBaseRenderUtil::DealWithSurfaceRotationAndGravity, GetSurfaceBufferOpaque:0
09-28 17:51:19.731   879  1104 I C01406/WRAP: AHardwareBuffer_createFromHandle index = <private> handle = <private>, ahb = <private>
09-28 17:51:19.731   879  1104 E C01406/skia: SurfaceNodeDrawable DrawCommSurfaceWatermark Name:AdapterSurfaceView Id:50508815400964 water mark count is zero
09-28 17:51:19.731   879  1104 E C01406/skia: SurfaceNodeDrawable DrawCommSurfaceWatermark Name:com.a2hlab.bridge.zigzag/com.unity3d.player.UnityPlayerActivity Id:50508815400961 water mark count is zero
09-28 17:51:19.731   879  1104 E C01406/skia: SurfaceNodeDrawable DrawCommSurfaceWatermark Name:WindowScene_zigzag37 Id:8465380541288 water mark count is zero
09-28 17:51:19.732   879  1104 E C01406/skia: SurfaceNodeDrawable DrawCommSurfaceWatermark Name:SCBGestureNavBar13 Id:8465380540563 water mark count is zero
09-28 17:51:19.733   879  1104 E C01406/skia: SurfaceNodeDrawable DrawCommSurfaceWatermark Name:SCBStatusBar15 Id:8465380540646 water mark count is zero
09-28 17:51:19.735   879  1104 E C02515/DISP: [0;32;31m[GetMetadata:109] <private> is not supported[m
09-28 17:51:19.735   879  1104 E C02515/DISP: [0;32;31m[SetMetadata:102] <private> is not supported[m
09-28 17:51:19.735   879  1104 E C02515/METADATA_SRV: [0;32;31m[SetMetadata:136]  fail[m
09-28 17:51:19.735   879  1104 E C01401/Bufferqueue: <surface_buffer_impl.cpp:714-SetMetadata>: SetMetadata Failed with -5
09-28 17:51:19.735   879  1104 E C01406/skia: RSUniRenderComposerAdapter::SetBufferColorSpace set color space fail
09-28 17:51:19.745 11760 11996 I C00f00/OH_DER_VSync: onOhVsync ENTRY ts=<private> data=<private>
09-28 17:51:19.745 11760 11994 I C00f00/OH_DER_VSync: scheduleVsync ENTRY receiverPtr=0x<private>
09-28 17:51:19.745 11760 11994 I C00f00/OH_DER_VSync: scheduleVsync calling RequestFrame ohVsync=<private>
09-28 17:51:19.745 11760 11994 I C00f00/OH_DER_VSync: scheduleVsync RequestFrame rc=<private>
09-28 17:51:19.747   879  2132 E C02515/DISP: [0;32;31m[SetMetadata:102] <private> is not supported[m
09-28 17:51:19.747   879  2132 E C02515/METADATA_SRV: [0;32;31m[SetMetadata:136]  fail[m
09-28 17:51:19.747   879  2132 E C01401/Bufferqueue: <surface_buffer_impl.cpp:714-SetMetadata>: SetMetadata Failed with -5
09-28 17:51:19.748   797  4165 E C02515/DISP: [0;32;31m[SetLayerMaskInfo@display_composer_vdi_impl.cpp:404] <private> is not supported[m
09-28 17:51:19.748   879  1233 E C02515/DISP: [0;32;31m[SetMetadata:102] <private> is not supported[m
09-28 17:51:19.748   879  1233 E C02515/METADATA_SRV: [0;32;31m[SetMetadata:136]  fail[m
09-28 17:51:19.748   879  1233 E C01401/Bufferqueue: <surface_buffer_impl.cpp:714-SetMetadata>: SetMetadata Failed with -5
09-28 17:51:19.749   797  4165 E C02515/DISP: [0;32;31m[SetDisplayClientDamage@display_composer_vdi_impl.cpp:179] <private> is not supported[m
09-28 17:51:19.761 11760 11996 I C00f00/OH_DER_VSync: onOhVsync ENTRY ts=<private> data=<private>
09-28 17:51:19.761   879   879 E C02515/DISP: [0;32;31m[GetMetadata:109] <private> is not supported[m
09-28 17:51:19.761   879   879 E C02515/DISP: [0;32;31m[GetMetadata:109] <private> is not supported[m
09-28 17:51:19.762   879   879 E C02515/DISP: [0;32;31m[GetMetadata:109] <private> is not supported[m
09-28 17:51:19.762 11760 11994 I C00f00/OH_DER_VSync: scheduleVsync ENTRY receiverPtr=0x<private>
09-28 17:51:19.762 11760 11994 I C00f00/OH_DER_VSync: scheduleVsync calling RequestFrame ohVsync=<private>
09-28 17:51:19.762 11760 11994 I C00f00/OH_DER_VSync: scheduleVsync RequestFrame rc=<private>
09-28 17:51:19.762   879   879 E C01406/skia: RSBaseRenderUtil::DealWithSurfaceRotationAndGravity, GetSurfaceBufferOpaque:0
09-28 17:51:19.762   879   879 E C02515/DISP: [0;32;31m[GetMetadata:109] <private> is not supported[m
09-28 17:51:19.762   879   879 E C01406/skia: RSBaseRenderUtil::DealWithSurfaceRotationAndGravity, GetSurfaceBufferOpaque:0
09-28 17:51:19.762   879   879 E C02515/DISP: [0;32;31m[GetMetadata:109] <private> is not supported[m
09-28 17:51:19.763   879  1104 E C02515/DISP: [0;32;31m[SetMetadata:102] <private> is not supported[m
09-28 17:51:19.763   879  1104 E C02515/METADATA_SRV: [0;32;31m[SetMetadata:136]  fail[m
09-28 17:51:19.763   879  1104 E C01401/Bufferqueue: <surface_buffer_impl.cpp:714-SetMetadata>: SetMetadata Failed with -5
09-28 17:51:19.764   879  1104 E C01406/skia: SurfaceNodeDrawable DrawCommSurfaceWatermark Name:BackgroundBlurView2 Id:8465380540424 water mark count is zero
09-28 17:51:19.764   879  1104 E C01406/skia: RSBaseRenderUtil::DealWithSurfaceRotationAndGravity, GetSurfaceBufferOpaque:0
09-28 17:51:19.764   879  1104 I C01406/WRAP: AHardwareBuffer_createFromHandle index = <private> handle = <private>, ahb = <private>
09-28 17:51:19.764   879  1104 E C01406/skia: SurfaceNodeDrawable DrawCommSurfaceWatermark Name:AdapterActivityContent Id:50508815400963 water mark count is zero
09-28 17:51:19.764   879  1104 E C01406/skia: RSBaseRenderUtil::DealWithSurfaceRotationAndGravity, GetSurfaceBufferOpaque:0
09-28 17:51:19.765   879  1104 I C01406/WRAP: AHardwareBuffer_createFromHandle index = <private> handle = <private>, ahb = <private>
09-28 17:51:19.765   879  1104 E C01406/skia: SurfaceNodeDrawable DrawCommSurfaceWatermark Name:AdapterSurfaceView Id:50508815400964 water mark count is zero
09-28 17:51:19.765   879  1104 E C01406/skia: SurfaceNodeDrawable DrawCommSurfaceWatermark Name:com.a2hlab.bridge.zigzag/com.unity3d.player.UnityPlayerActivity Id:50508815400961 water mark count is zero
09-28 17:51:19.765   879  1104 E C01406/skia: SurfaceNodeDrawable DrawCommSurfaceWatermark Name:WindowScene_zigzag37 Id:8465380541288 water mark count is zero
09-28 17:51:19.765   879  1104 E C01406/skia: SurfaceNodeDrawable DrawCommSurfaceWatermark Name:SCBGestureNavBar13 Id:8465380540563 water mark count is zero
09-28 17:51:19.765   879  1104 E C01406/skia: SurfaceNodeDrawable DrawCommSurfaceWatermark Name:SCBStatusBar15 Id:8465380540646 water mark count is zero
09-28 17:51:19.767   879  1104 E C02515/DISP: [0;32;31m[GetMetadata:109] <private> is not supported[m
09-28 17:51:19.767   879  1104 E C02515/DISP: [0;32;31m[SetMetadata:102] <private> is not supported[m
09-28 17:51:19.767   879  1104 E C02515/METADATA_SRV: [0;32;31m[SetMetadata:136]  fail[m
09-28 17:51:19.767   879  1104 E C01401/Bufferqueue: <surface_buffer_impl.cpp:714-SetMetadata>: SetMetadata Failed with -5
09-28 17:51:19.767   879  1104 E C01406/skia: RSUniRenderComposerAdapter::SetBufferColorSpace set color space fail
09-28 17:51:19.778 11760 11996 I C00f00/OH_DER_VSync: onOhVsync ENTRY ts=<private> data=<private>
09-28 17:51:19.778 11760 11994 I C00f00/OH_DER_VSync: scheduleVsync ENTRY receiverPtr=0x<private>
09-28 17:51:19.778 11760 11994 I C00f00/OH_DER_VSync: scheduleVsync calling RequestFrame ohVsync=<private>
09-28 17:51:19.778 11760 11994 I C00f00/OH_DER_VSync: scheduleVsync RequestFrame rc=<private>
09-28 17:51:19.780   879  2132 E C02515/DISP: [0;32;31m[SetMetadata:102] <private> is not supported[m
09-28 17:51:19.780   879  2132 E C02515/METADATA_SRV: [0;32;31m[SetMetadata:136]  fail[m
09-28 17:51:19.780   879  2132 E C01401/Bufferqueue: <surface_buffer_impl.cpp:714-SetMetadata>: SetMetadata Failed with -5
09-28 17:51:19.780   797  4165 E C02515/DISP: [0;32;31m[SetLayerMaskInfo@display_composer_vdi_impl.cpp:404] <private> is not supported[m
09-28 17:51:19.781   879  1233 E C02515/DISP: [0;32;31m[SetMetadata:102] <private> is not supported[m
09-28 17:51:19.781   879  1233 E C02515/METADATA_SRV: [0;32;31m[SetMetadata:136]  fail[m
09-28 17:51:19.781   879  1233 E C01401/Bufferqueue: <surface_buffer_impl.cpp:714-SetMetadata>: SetMetadata Failed with -5
09-28 17:51:19.782   797  4165 E C02515/DISP: [0;32;31m[SetDisplayClientDamage@display_composer_vdi_impl.cpp:179] <private> is not supported[m
09-28 17:51:19.782   797  4165 E C01400/DISP: [0;32;31m[Apply@hdi_drm_composition.cpp:283] Drm fps 29[m
09-28 17:51:19.795 11760 11996 I C00f00/OH_DER_VSync: onOhVsync ENTRY ts=<private> data=<private>
09-28 17:51:19.795   879   879 E C02515/DISP: [0;32;31m[GetMetadata:109] <private> is not supported[m
09-28 17:51:19.795 11760 11994 I C00f00/OH_DER_VSync: scheduleVsync ENTRY receiverPtr=0x<private>
09-28 17:51:19.795 11760 11994 I C00f00/OH_DER_VSync: scheduleVsync calling RequestFrame ohVsync=<private>
09-28 17:51:19.795   879   879 E C02515/DISP: [0;32;31m[GetMetadata:109] <private> is not supported[m
09-28 17:51:19.795 11760 11994 I C00f00/OH_DER_VSync: scheduleVsync RequestFrame rc=<private>
09-28 17:51:19.795   879   879 E C02515/DISP: [0;32;31m[GetMetadata:109] <private> is not supported[m
09-28 17:51:19.796   879   879 E C01406/skia: RSBaseRenderUtil::DealWithSurfaceRotationAndGravity, GetSurfaceBufferOpaque:0
09-28 17:51:19.797   879   879 E C02515/DISP: [0;32;31m[GetMetadata:109] <private> is not supported[m
09-28 17:51:19.797   879   879 E C01406/skia: RSBaseRenderUtil::DealWithSurfaceRotationAndGravity, GetSurfaceBufferOpaque:0
09-28 17:51:19.797   879   879 E C02515/DISP: [0;32;31m[GetMetadata:109] <private> is not supported[m
09-28 17:51:19.798   879  1104 E C02515/DISP: [0;32;31m[SetMetadata:102] <private> is not supported[m
09-28 17:51:19.798   879  1104 E C02515/METADATA_SRV: [0;32;31m[SetMetadata:136]  fail[m
09-28 17:51:19.798   879  1104 E C01401/Bufferqueue: <surface_buffer_impl.cpp:714-SetMetadata>: SetMetadata Failed with -5
09-28 17:51:19.799   879  1104 E C01406/skia: SurfaceNodeDrawable DrawCommSurfaceWatermark Name:BackgroundBlurView2 Id:8465380540424 water mark count is zero
09-28 17:51:19.799   879  1104 E C01406/skia: RSBaseRenderUtil::DealWithSurfaceRotationAndGravity, GetSurfaceBufferOpaque:0
09-28 17:51:19.799   879  1104 I C01406/WRAP: AHardwareBuffer_createFromHandle index = <private> handle = <private>, ahb = <private>
09-28 17:51:19.799   879  1104 E C01406/skia: SurfaceNodeDrawable DrawCommSurfaceWatermark Name:AdapterActivityContent Id:50508815400963 water mark count is zero
09-28 17:51:19.799   879  1104 E C01406/skia: RSBaseRenderUtil::DealWithSurfaceRotationAndGravity, GetSurfaceBufferOpaque:0
09-28 17:51:19.799   879  1104 I C01406/WRAP: AHardwareBuffer_createFromHandle index = <private> handle = <private>, ahb = <private>
09-28 17:51:19.800   879  1104 E C01406/skia: SurfaceNodeDrawable DrawCommSurfaceWatermark Name:AdapterSurfaceView Id:50508815400964 water mark count is zero
09-28 17:51:19.800   879  1104 E C01406/skia: SurfaceNodeDrawable DrawCommSurfaceWatermark Name:com.a2hlab.bridge.zigzag/com.unity3d.player.UnityPlayerActivity Id:50508815400961 water mark count is zero
09-28 17:51:19.800   879  1104 E C01406/skia: SurfaceNodeDrawable DrawCommSurfaceWatermark Name:WindowScene_zigzag37 Id:8465380541288 water mark count is zero
09-28 17:51:19.800   879  1104 E C01406/skia: SurfaceNodeDrawable DrawCommSurfaceWatermark Name:SCBGestureNavBar13 Id:8465380540563 water mark count is zero
09-28 17:51:19.800   879  1104 E C01406/skia: SurfaceNodeDrawable DrawCommSurfaceWatermark Name:SCBStatusBar15 Id:8465380540646 water mark count is zero
09-28 17:51:19.802   879  1104 E C02515/DISP: [0;32;31m[GetMetadata:109] <private> is not supported[m
09-28 17:51:19.802   879  1104 E C02515/DISP: [0;32;31m[SetMetadata:102] <private> is not supported[m
09-28 17:51:19.802   879  1104 E C02515/METADATA_SRV: [0;32;31m[SetMetadata:136]  fail[m
09-28 17:51:19.802   879  1104 E C01401/Bufferqueue: <surface_buffer_impl.cpp:714-SetMetadata>: SetMetadata Failed with -5
09-28 17:51:19.802   879  1104 E C01406/skia: RSUniRenderComposerAdapter::SetBufferColorSpace set color space fail
09-28 17:51:19.811 11760 11996 I C00f00/OH_DER_VSync: onOhVsync ENTRY ts=<private> data=<private>
09-28 17:51:19.812 11760 11994 I C00f00/OH_DER_VSync: scheduleVsync ENTRY receiverPtr=0x<private>
09-28 17:51:19.812 11760 11994 I C00f00/OH_DER_VSync: scheduleVsync calling RequestFrame ohVsync=<private>
09-28 17:51:19.812 11760 11994 I C00f00/OH_DER_VSync: scheduleVsync RequestFrame rc=<private>
09-28 17:51:19.813   879  2132 E C02515/DISP: [0;32;31m[SetMetadata:102] <private> is not supported[m
09-28 17:51:19.813   879  2132 E C02515/METADATA_SRV: [0;32;31m[SetMetadata:136]  fail[m
09-28 17:51:19.813   879  2132 E C01401/Bufferqueue: <surface_buffer_impl.cpp:714-SetMetadata>: SetMetadata Failed with -5
09-28 17:51:19.814   797  4165 E C02515/DISP: [0;32;31m[SetLayerMaskInfo@display_composer_vdi_impl.cpp:404] <private> is not supported[m
09-28 17:51:19.815   879  1233 E C02515/DISP: [0;32;31m[SetMetadata:102] <private> is not supported[m
09-28 17:51:19.815   879  1233 E C02515/METADATA_SRV: [0;32;31m[SetMetadata:136]  fail[m
09-28 17:51:19.815   879  1233 E C01401/Bufferqueue: <surface_buffer_impl.cpp:714-SetMetadata>: SetMetadata Failed with -5
09-28 17:51:19.816   797  4165 E C02515/DISP: [0;32;31m[SetDisplayClientDamage@display_composer_vdi_impl.cpp:179] <private> is not supported[m
09-28 17:51:19.828   879   879 E C02515/DISP: [0;32;31m[GetMetadata:109] <private> is not supported[m
09-28 17:51:19.828 11760 11996 I C00f00/OH_DER_VSync: onOhVsync ENTRY ts=<private> data=<private>
09-28 17:51:19.828   879   879 E C02515/DISP: [0;32;31m[GetMetadata:109] <private> is not supported[m
09-28 17:51:19.828   879   879 E C02515/DISP: [0;32;31m[GetMetadata:109] <private> is not supported[m
09-28 17:51:19.828 11760 11994 I C00f00/OH_DER_VSync: scheduleVsync ENTRY receiverPtr=0x<private>
09-28 17:51:19.829 11760 11994 I C00f00/OH_DER_VSync: scheduleVsync calling RequestFrame ohVsync=<private>
09-28 17:51:19.829 11760 11994 I C00f00/OH_DER_VSync: scheduleVsync RequestFrame rc=<private>
09-28 17:51:19.829   879   879 E C01406/skia: RSBaseRenderUtil::DealWithSurfaceRotationAndGravity, GetSurfaceBufferOpaque:0
09-28 17:51:19.829   879   879 E C02515/DISP: [0;32;31m[GetMetadata:109] <private> is not supported[m
09-28 17:51:19.829   879   879 E C01406/skia: RSBaseRenderUtil::DealWithSurfaceRotationAndGravity, GetSurfaceBufferOpaque:0
09-28 17:51:19.829   879   879 E C02515/DISP: [0;32;31m[GetMetadata:109] <private> is not supported[m
09-28 17:51:19.830   879  1104 E C02515/DISP: [0;32;31m[SetMetadata:102] <private> is not supported[m
09-28 17:51:19.830   879  1104 E C02515/METADATA_SRV: [0;32;31m[SetMetadata:136]  fail[m
09-28 17:51:19.830   879  1104 E C01401/Bufferqueue: <surface_buffer_impl.cpp:714-SetMetadata>: SetMetadata Failed with -5
09-28 17:51:19.830   879  1104 E C01406/skia: SurfaceNodeDrawable DrawCommSurfaceWatermark Name:BackgroundBlurView2 Id:8465380540424 water mark count is zero
09-28 17:51:19.831   879  1104 E C01406/skia: RSBaseRenderUtil::DealWithSurfaceRotationAndGravity, GetSurfaceBufferOpaque:0
09-28 17:51:19.831   879  1104 I C01406/WRAP: AHardwareBuffer_createFromHandle index = <private> handle = <private>, ahb = <private>
09-28 17:51:19.831   879  1104 E C01406/skia: SurfaceNodeDrawable DrawCommSurfaceWatermark Name:AdapterActivityContent Id:50508815400963 water mark count is zero
09-28 17:51:19.831   879  1104 E C01406/skia: RSBaseRenderUtil::DealWithSurfaceRotationAndGravity, GetSurfaceBufferOpaque:0
09-28 17:51:19.831   879  1104 I C01406/WRAP: AHardwareBuffer_createFromHandle index = <private> handle = <private>, ahb = <private>
09-28 17:51:19.831   879  1104 E C01406/skia: SurfaceNodeDrawable DrawCommSurfaceWatermark Name:AdapterSurfaceView Id:50508815400964 water mark count is zero
09-28 17:51:19.831   879  1104 E C01406/skia: SurfaceNodeDrawable DrawCommSurfaceWatermark Name:com.a2hlab.bridge.zigzag/com.unity3d.player.UnityPlayerActivity Id:50508815400961 water mark count is zero
09-28 17:51:19.832   879  1104 E C01406/skia: SurfaceNodeDrawable DrawCommSurfaceWatermark Name:WindowScene_zigzag37 Id:8465380541288 water mark count is zero
09-28 17:51:19.832   879  1104 E C01406/skia: SurfaceNodeDrawable DrawCommSurfaceWatermark Name:SCBGestureNavBar13 Id:8465380540563 water mark count is zero
09-28 17:51:19.832   879  1104 E C01406/skia: SurfaceNodeDrawable DrawCommSurfaceWatermark Name:SCBStatusBar15 Id:8465380540646 water mark count is zero
09-28 17:51:19.833   879  1104 E C02515/DISP: [0;32;31m[GetMetadata:109] <private> is not supported[m
09-28 17:51:19.833   879  1104 E C02515/DISP: [0;32;31m[SetMetadata:102] <private> is not supported[m
09-28 17:51:19.833   879  1104 E C02515/METADATA_SRV: [0;32;31m[SetMetadata:136]  fail[m
09-28 17:51:19.833   879  1104 E C01401/Bufferqueue: <surface_buffer_impl.cpp:714-SetMetadata>: SetMetadata Failed with -5
09-28 17:51:19.834   879  1104 E C01406/skia: RSUniRenderComposerAdapter::SetBufferColorSpace set color space fail
09-28 17:51:19.845 11760 11996 I C00f00/OH_DER_VSync: onOhVsync ENTRY ts=<private> data=<private>
09-28 17:51:19.845 11760 11994 I C00f00/OH_DER_VSync: scheduleVsync ENTRY receiverPtr=0x<private>
09-28 17:51:19.845 11760 11994 I C00f00/OH_DER_VSync: scheduleVsync calling RequestFrame ohVsync=<private>
09-28 17:51:19.845 11760 11994 I C00f00/OH_DER_VSync: scheduleVsync RequestFrame rc=<private>
09-28 17:51:19.847   879  2132 E C02515/DISP: [0;32;31m[SetMetadata:102] <private> is not supported[m
09-28 17:51:19.847   879  2132 E C02515/METADATA_SRV: [0;32;31m[SetMetadata:136]  fail[m
09-28 17:51:19.847   879  2132 E C01401/Bufferqueue: <surface_buffer_impl.cpp:714-SetMetadata>: SetMetadata Failed with -5
09-28 17:51:19.848   797  4165 E C02515/DISP: [0;32;31m[SetLayerMaskInfo@display_composer_vdi_impl.cpp:404] <private> is not supported[m
09-28 17:51:19.848   879  1233 E C02515/DISP: [0;32;31m[SetMetadata:102] <private> is not supported[m
09-28 17:51:19.848   879  1233 E C02515/METADATA_SRV: [0;32;31m[SetMetadata:136]  fail[m
09-28 17:51:19.848   879  1233 E C01401/Bufferqueue: <surface_buffer_impl.cpp:714-SetMetadata>: SetMetadata Failed with -5
09-28 17:51:19.849   797  4165 E C02515/DISP: [0;32;31m[SetDisplayClientDamage@display_composer_vdi_impl.cpp:179] <private> is not supported[m
09-28 17:51:19.861 11760 11996 I C00f00/OH_DER_VSync: onOhVsync ENTRY ts=<private> data=<private>
09-28 17:51:19.861   879   879 E C02515/DISP: [0;32;31m[GetMetadata:109] <private> is not supported[m
09-28 17:51:19.862   879   879 E C02515/DISP: [0;32;31m[GetMetadata:109] <private> is not supported[m
09-28 17:51:19.862   879   879 E C02515/DISP: [0;32;31m[GetMetadata:109] <private> is not supported[m
09-28 17:51:19.862 11760 11994 I C00f00/OH_DER_VSync: scheduleVsync ENTRY receiverPtr=0x<private>
09-28 17:51:19.862 11760 11994 I C00f00/OH_DER_VSync: scheduleVsync calling RequestFrame ohVsync=<private>
09-28 17:51:19.862 11760 11994 I C00f00/OH_DER_VSync: scheduleVsync RequestFrame rc=<private>
09-28 17:51:19.862   879   879 E C01406/skia: RSBaseRenderUtil::DealWithSurfaceRotationAndGravity, GetSurfaceBufferOpaque:0
09-28 17:51:19.862   879   879 E C02515/DISP: [0;32;31m[GetMetadata:109] <private> is not supported[m
09-28 17:51:19.862   879   879 E C01406/skia: RSBaseRenderUtil::DealWithSurfaceRotationAndGravity, GetSurfaceBufferOpaque:0
09-28 17:51:19.862   879   879 E C02515/DISP: [0;32;31m[GetMetadata:109] <private> is not supported[m
09-28 17:51:19.863   879  1104 E C02515/DISP: [0;32;31m[SetMetadata:102] <private> is not supported[m
09-28 17:51:19.863   879  1104 E C02515/METADATA_SRV: [0;32;31m[SetMetadata:136]  fail[m
09-28 17:51:19.863   879  1104 E C01401/Bufferqueue: <surface_buffer_impl.cpp:714-SetMetadata>: SetMetadata Failed with -5
09-28 17:51:19.864   879  1104 E C01406/skia: SurfaceNodeDrawable DrawCommSurfaceWatermark Name:BackgroundBlurView2 Id:8465380540424 water mark count is zero
09-28 17:51:19.864   879  1104 E C01406/skia: RSBaseRenderUtil::DealWithSurfaceRotationAndGravity, GetSurfaceBufferOpaque:0
09-28 17:51:19.864   879  1104 I C01406/WRAP: AHardwareBuffer_createFromHandle index = <private> handle = <private>, ahb = <private>
09-28 17:51:19.864   879  1104 E C01406/skia: SurfaceNodeDrawable DrawCommSurfaceWatermark Name:AdapterActivityContent Id:50508815400963 water mark count is zero
09-28 17:51:19.864   879  1104 E C01406/skia: RSBaseRenderUtil::DealWithSurfaceRotationAndGravity, GetSurfaceBufferOpaque:0
09-28 17:51:19.864   879  1104 I C01406/WRAP: AHardwareBuffer_createFromHandle index = <private> handle = <private>, ahb = <private>
09-28 17:51:19.864   879  1104 E C01406/skia: SurfaceNodeDrawable DrawCommSurfaceWatermark Name:AdapterSurfaceView Id:50508815400964 water mark count is zero
09-28 17:51:19.865   879  1104 E C01406/skia: SurfaceNodeDrawable DrawCommSurfaceWatermark Name:com.a2hlab.bridge.zigzag/com.unity3d.player.UnityPlayerActivity Id:50508815400961 water mark count is zero
09-28 17:51:19.865   879  1104 E C01406/skia: SurfaceNodeDrawable DrawCommSurfaceWatermark Name:WindowScene_zigzag37 Id:8465380541288 water mark count is zero
09-28 17:51:19.865   879  1104 E C01406/skia: SurfaceNodeDrawable DrawCommSurfaceWatermark Name:SCBGestureNavBar13 Id:8465380540563 water mark count is zero
09-28 17:51:19.865   879  1104 E C01406/skia: SurfaceNodeDrawable DrawCommSurfaceWatermark Name:SCBStatusBar15 Id:8465380540646 water mark count is zero
09-28 17:51:19.867   879  1104 E C02515/DISP: [0;32;31m[GetMetadata:109] <private> is not supported[m
09-28 17:51:19.867   879  1104 E C02515/DISP: [0;32;31m[SetMetadata:102] <private> is not supported[m
09-28 17:51:19.867   879  1104 E C02515/METADATA_SRV: [0;32;31m[SetMetadata:136]  fail[m
09-28 17:51:19.867   879  1104 E C01401/Bufferqueue: <surface_buffer_impl.cpp:714-SetMetadata>: SetMetadata Failed with -5
09-28 17:51:19.867   879  1104 E C01406/skia: RSUniRenderComposerAdapter::SetBufferColorSpace set color space fail
09-28 17:51:19.878 11760 11996 I C00f00/OH_DER_VSync: onOhVsync ENTRY ts=<private> data=<private>
09-28 17:51:19.878 11760 11994 I C00f00/OH_DER_VSync: scheduleVsync ENTRY receiverPtr=0x<private>
09-28 17:51:19.878 11760 11994 I C00f00/OH_DER_VSync: scheduleVsync calling RequestFrame ohVsync=<private>
09-28 17:51:19.879 11760 11994 I C00f00/OH_DER_VSync: scheduleVsync RequestFrame rc=<private>
09-28 17:51:19.880   879  2132 E C02515/DISP: [0;32;31m[SetMetadata:102] <private> is not supported[m
09-28 17:51:19.880   879  2132 E C02515/METADATA_SRV: [0;32;31m[SetMetadata:136]  fail[m
09-28 17:51:19.880   879  2132 E C01401/Bufferqueue: <surface_buffer_impl.cpp:714-SetMetadata>: SetMetadata Failed with -5
09-28 17:51:19.880   921  1220 I C02d13/HDC_LOG: [daemon.cpp:1142] FetchCommand channelId:1788019111 command:1001
09-28 17:51:19.880   921  1220 I C02d13/HDC_LOG: [session.cpp:1652] New HTaskInfo cid:1788019111 sid:252******606(L:10) command:1001
09-28 17:51:19.880   921  1220 I C02d13/HDC_LOG: [session.cpp:891] AdminTask add task type:0 cid:1788019111 sid:252******606(L:10) mapsize:2
09-28 17:51:19.881   921  1220 I C02d13/HDC_LOG: [task.cpp:34] HdcTaskBase type:0 cid:1788019111 sid:252******606(L:10)
09-28 17:51:19.881   921  1220 I C02d13/HDC_LOG: [daemon_unity.cpp:414] Unity CommandDispatch command:1001 cid:1788019111 sid:252******606(L:10)
09-28 17:51:19.881   921  1220 W C02d13/HDC_LOG: [async_cmd.cpp:114] GetDevItem false key:persist.hdc.root
09-28 17:51:19.881   797  4165 E C02515/DISP: [0;32;31m[SetLayerMaskInfo@display_composer_vdi_impl.cpp:404] <private> is not supported[m
09-28 17:51:19.881   921 12488 I C02d13/HDC_LOG: [async_cmd.cpp:225] Popen pipe fds[pipeRead]:33 fds[pipeWrite]:34, mode 0
09-28 17:51:19.881   879  1233 E C02515/DISP: [0;32;31m[SetMetadata:102] <private> is not supported[m
09-28 17:51:19.881   879  1233 E C02515/METADATA_SRV: [0;32;31m[SetMetadata:136]  fail[m
09-28 17:51:19.881   879  1233 E C01401/Bufferqueue: <surface_buffer_impl.cpp:714-SetMetadata>: SetMetadata Failed with -5
09-28 17:51:19.882   797  4165 E C02515/DISP: [0;32;31m[SetDisplayClientDamage@display_composer_vdi_impl.cpp:179] <private> is not supported[m
09-28 17:51:19.885   921  1220 I C02d13/HDC_LOG: [async_cmd.cpp:291] ExecuteCommand cmd:param get const.product.os.dist.apiname fd:33 pid:12489
09-28 17:51:19.885 12489 12489 W C02d13/HDC_LOG: [async_cmd.cpp:140] SetSelinuxLabel con:u:r:su:s0 isRoot:0
09-28 17:51:19.886   921  1220 I C02d13/HDC_LOG: [daemon_unity.cpp:486] Unity CommandDispatch command:1001 finish cid:1788019111 sid:252******606(L:10)
09-28 17:51:19.895 11760 11996 I C00f00/OH_DER_VSync: onOhVsync ENTRY ts=<private> data=<private>
09-28 17:51:19.895   879   879 E C02515/DISP: [0;32;31m[GetMetadata:109] <private> is not supported[m
09-28 17:51:19.895   879   879 E C02515/DISP: [0;32;31m[GetMetadata:109] <private> is not supported[m
09-28 17:51:19.895   879   879 E C02515/DISP: [0;32;31m[GetMetadata:109] <private> is not supported[m
09-28 17:51:19.895 11760 11994 I C00f00/OH_DER_VSync: scheduleVsync ENTRY receiverPtr=0x<private>
09-28 17:51:19.895 11760 11994 I C00f00/OH_DER_VSync: scheduleVsync calling RequestFrame ohVsync=<private>
09-28 17:51:19.895 11760 11994 I C00f00/OH_DER_VSync: scheduleVsync RequestFrame rc=<private>
09-28 17:51:19.896   879   879 E C01406/skia: RSBaseRenderUtil::DealWithSurfaceRotationAndGravity, GetSurfaceBufferOpaque:0
09-28 17:51:19.896   879   879 E C02515/DISP: [0;32;31m[GetMetadata:109] <private> is not supported[m
09-28 17:51:19.896   879   879 E C01406/skia: RSBaseRenderUtil::DealWithSurfaceRotationAndGravity, GetSurfaceBufferOpaque:0
09-28 17:51:19.896   879   879 E C02515/DISP: [0;32;31m[GetMetadata:109] <private> is not supported[m
09-28 17:51:19.897   879  1104 E C02515/DISP: [0;32;31m[SetMetadata:102] <private> is not supported[m
09-28 17:51:19.897   879  1104 E C02515/METADATA_SRV: [0;32;31m[SetMetadata:136]  fail[m
09-28 17:51:19.897   879  1104 E C01401/Bufferqueue: <surface_buffer_impl.cpp:714-SetMetadata>: SetMetadata Failed with -5
09-28 17:51:19.897   879  1104 E C01406/skia: SurfaceNodeDrawable DrawCommSurfaceWatermark Name:BackgroundBlurView2 Id:8465380540424 water mark count is zero
09-28 17:51:19.897   879  1104 E C01406/skia: RSBaseRenderUtil::DealWithSurfaceRotationAndGravity, GetSurfaceBufferOpaque:0
09-28 17:51:19.897   879  1104 I C01406/WRAP: AHardwareBuffer_createFromHandle index = <private> handle = <private>, ahb = <private>
09-28 17:51:19.898   879  1104 E C01406/skia: SurfaceNodeDrawable DrawCommSurfaceWatermark Name:AdapterActivityContent Id:50508815400963 water mark count is zero
09-28 17:51:19.898   879  1104 E C01406/skia: RSBaseRenderUtil::DealWithSurfaceRotationAndGravity, GetSurfaceBufferOpaque:0
09-28 17:51:19.898   879  1104 I C01406/WRAP: AHardwareBuffer_createFromHandle index = <private> handle = <private>, ahb = <private>
09-28 17:51:19.898   879  1104 E C01406/skia: SurfaceNodeDrawable DrawCommSurfaceWatermark Name:AdapterSurfaceView Id:50508815400964 water mark count is zero
09-28 17:51:19.898   879  1104 E C01406/skia: SurfaceNodeDrawable DrawCommSurfaceWatermark Name:com.a2hlab.bridge.zigzag/com.unity3d.player.UnityPlayerActivity Id:50508815400961 water mark count is zero
09-28 17:51:19.898   879  1104 E C01406/skia: SurfaceNodeDrawable DrawCommSurfaceWatermark Name:WindowScene_zigzag37 Id:8465380541288 water mark count is zero
09-28 17:51:19.899   879  1104 E C01406/skia: SurfaceNodeDrawable DrawCommSurfaceWatermark Name:SCBGestureNavBar13 Id:8465380540563 water mark count is zero
09-28 17:51:19.899   879  1104 E C01406/skia: SurfaceNodeDrawable DrawCommSurfaceWatermark Name:SCBStatusBar15 Id:8465380540646 water mark count is zero
09-28 17:51:19.900   879  1104 E C02515/DISP: [0;32;31m[GetMetadata:109] <private> is not supported[m
09-28 17:51:19.900   879  1104 E C02515/DISP: [0;32;31m[SetMetadata:102] <private> is not supported[m
09-28 17:51:19.900   879  1104 E C02515/METADATA_SRV: [0;32;31m[SetMetadata:136]  fail[m
09-28 17:51:19.900   879  1104 E C01401/Bufferqueue: <surface_buffer_impl.cpp:714-SetMetadata>: SetMetadata Failed with -5
09-28 17:51:19.900   879  1104 E C01406/skia: RSUniRenderComposerAdapter::SetBufferColorSpace set color space fail
09-28 17:51:19.909   921 12490 I C02d13/HDC_LOG: [async_cmd.cpp:88] FinishShellProc finish pipeRead fd:33 pid:12489 count:1
09-28 17:51:19.909   921 12490 I C02d13/HDC_LOG: [task.cpp:55] HdcTaskBase::TaskFinish notify begin type:0 cid:1788019111 sid:252******606(L:10)
09-28 17:51:19.909   921 12490 I C02d13/HDC_LOG: [task.cpp:58] HdcTaskBase::TaskFinish notify end type:0 cid:1788019111 sid:252******606(L:10)
09-28 17:51:19.911   921  1220 I C02d13/HDC_LOG: [daemon.cpp:1142] FetchCommand channelId:1788019111 command:2
09-28 17:51:19.911   921  1220 W C02d13/HDC_LOG: [session.cpp:160] BeginRemoveTask taskType:0 channelId:1788019111
09-28 17:51:19.911   921  1220 W C02d13/HDC_LOG: [session.cpp:190] ClearOwnTasks OP_CLEAR finish, sessionId:252******606(L:10) channelIDInput:1788019111
09-28 17:51:19.911   921  1220 W C02d13/HDC_LOG: [session.cpp:115] taskClassDeleteRetry start clear task, taskType:0 cid:1788019111 sid:252******606(L:10)
09-28 17:51:19.911   921  1220 I C02d13/HDC_LOG: [async_cmd.cpp:69] DoRelease rc:-3 pid:12489
09-28 17:51:19.911   921  1220 I C02d13/HDC_LOG: [session.cpp:126] TaskDelay task remove retry count 0/30, taskType:0 channelId:1788019111, sessionId:252******606(L:10)
09-28 17:51:19.911   921  1220 I C02d13/HDC_LOG: [daemon_unity.cpp:31] ~HdcDaemonUnity cid:1788019111 sid:252******606(L:10)
09-28 17:51:19.911   921  1220 I C02d13/HDC_LOG: [task.cpp:40] ~HdcTaskBase type:0 cid:1788019111 sid:252******606(L:10)
09-28 17:51:19.911   921  1220 W C02d13/HDC_LOG: [session.cpp:134] TaskDelay task remove finish, channelId:1788019111
09-28 17:51:19.911   921  1220 I C02d13/HDC_LOG: [base.cpp:969] before uv handle close, the uv handle type is 13
09-28 17:51:19.911 11760 11996 I C00f00/OH_DER_VSync: onOhVsync ENTRY ts=<private> data=<private>
09-28 17:51:19.912   921  1220 I C02d13/HDC_LOG: [daemon.cpp:1142] FetchCommand channelId:1788019111 command:2
09-28 17:51:19.912 11760 11994 I C00f00/OH_DER_VSync: scheduleVsync ENTRY receiverPtr=0x<private>
09-28 17:51:19.912 11760 11994 I C00f00/OH_DER_VSync: scheduleVsync calling RequestFrame ohVsync=<private>
09-28 17:51:19.912 11760 11994 I C00f00/OH_DER_VSync: scheduleVsync RequestFrame rc=<private>
09-28 17:51:19.913   879  2132 E C02515/DISP: [0;32;31m[SetMetadata:102] <private> is not supported[m
09-28 17:51:19.913   879  2132 E C02515/METADATA_SRV: [0;32;31m[SetMetadata:136]  fail[m
09-28 17:51:19.913   879  2132 E C01401/Bufferqueue: <surface_buffer_impl.cpp:714-SetMetadata>: SetMetadata Failed with -5
09-28 17:51:19.913   921  1220 I C02d13/HDC_LOG: [daemon.cpp:1142] FetchCommand channelId:3596623454 command:1001
09-28 17:51:19.913   921  1220 I C02d13/HDC_LOG: [session.cpp:1652] New HTaskInfo cid:3596623454 sid:252******606(L:10) command:1001
09-28 17:51:19.914   921  1220 I C02d13/HDC_LOG: [session.cpp:891] AdminTask add task type:0 cid:3596623454 sid:252******606(L:10) mapsize:2
09-28 17:51:19.914   921  1220 I C02d13/HDC_LOG: [task.cpp:34] HdcTaskBase type:0 cid:3596623454 sid:252******606(L:10)
09-28 17:51:19.914   921  1220 I C02d13/HDC_LOG: [daemon_unity.cpp:414] Unity CommandDispatch command:1001 cid:3596623454 sid:252******606(L:10)
09-28 17:51:19.914   921  1220 W C02d13/HDC_LOG: [async_cmd.cpp:114] GetDevItem false key:persist.hdc.root
09-28 17:51:19.914   797  4165 E C02515/DISP: [0;32;31m[SetLayerMaskInfo@display_composer_vdi_impl.cpp:404] <private> is not supported[m
09-28 17:51:19.914   879  1233 E C02515/DISP: [0;32;31m[SetMetadata:102] <private> is not supported[m
09-28 17:51:19.914   879  1233 E C02515/METADATA_SRV: [0;32;31m[SetMetadata:136]  fail[m
09-28 17:51:19.914   879  1233 E C01401/Bufferqueue: <surface_buffer_impl.cpp:714-SetMetadata>: SetMetadata Failed with -5
09-28 17:51:19.915   921 12491 I C02d13/HDC_LOG: [async_cmd.cpp:225] Popen pipe fds[pipeRead]:33 fds[pipeWrite]:34, mode 0
09-28 17:51:19.915   797  4165 E C02515/DISP: [0;32;31m[SetDisplayClientDamage@display_composer_vdi_impl.cpp:179] <private> is not supported[m
09-28 17:51:19.919   921  1220 I C02d13/HDC_LOG: [async_cmd.cpp:291] ExecuteCommand cmd:param get const.product.os.dist.apiname fd:33 pid:12492
09-28 17:51:19.920   921  1220 I C02d13/HDC_LOG: [daemon_unity.cpp:486] Unity CommandDispatch command:1001 finish cid:3596623454 sid:252******606(L:10)
09-28 17:51:19.921 12492 12492 W C02d13/HDC_LOG: [async_cmd.cpp:140] SetSelinuxLabel con:u:r:su:s0 isRoot:0
09-28 17:51:19.928 11760 11996 I C00f00/OH_DER_VSync: onOhVsync ENTRY ts=<private> data=<private>
09-28 17:51:19.928   879   879 E C02515/DISP: [0;32;31m[GetMetadata:109] <private> is not supported[m
09-28 17:51:19.928 11760 11994 I C00f00/OH_DER_VSync: scheduleVsync ENTRY receiverPtr=0x<private>
09-28 17:51:19.928 11760 11994 I C00f00/OH_DER_VSync: scheduleVsync calling RequestFrame ohVsync=<private>
09-28 17:51:19.929 11760 11994 I C00f00/OH_DER_VSync: scheduleVsync RequestFrame rc=<private>
09-28 17:51:19.929   879   879 E C02515/DISP: [0;32;31m[GetMetadata:109] <private> is not supported[m
09-28 17:51:19.929   879   879 E C02515/DISP: [0;32;31m[GetMetadata:109] <private> is not supported[m
09-28 17:51:19.930   879   879 E C01406/skia: RSBaseRenderUtil::DealWithSurfaceRotationAndGravity, GetSurfaceBufferOpaque:0
09-28 17:51:19.930   879   879 E C02515/DISP: [0;32;31m[GetMetadata:109] <private> is not supported[m
09-28 17:51:19.930   879   879 E C01406/skia: RSBaseRenderUtil::DealWithSurfaceRotationAndGravity, GetSurfaceBufferOpaque:0
09-28 17:51:19.930   879   879 E C02515/DISP: [0;32;31m[GetMetadata:109] <private> is not supported[m
09-28 17:51:19.932   879  1104 E C02515/DISP: [0;32;31m[SetMetadata:102] <private> is not supported[m
09-28 17:51:19.932   879  1104 E C02515/METADATA_SRV: [0;32;31m[SetMetadata:136]  fail[m
09-28 17:51:19.932   879  1104 E C01401/Bufferqueue: <surface_buffer_impl.cpp:714-SetMetadata>: SetMetadata Failed with -5
09-28 17:51:19.932   879  1104 E C01406/skia: SurfaceNodeDrawable DrawCommSurfaceWatermark Name:BackgroundBlurView2 Id:8465380540424 water mark count is zero
09-28 17:51:19.932   879  1104 E C01406/skia: RSBaseRenderUtil::DealWithSurfaceRotationAndGravity, GetSurfaceBufferOpaque:0
09-28 17:51:19.933   879  1104 I C01406/WRAP: AHardwareBuffer_createFromHandle index = <private> handle = <private>, ahb = <private>
09-28 17:51:19.933   879  1104 E C01406/skia: SurfaceNodeDrawable DrawCommSurfaceWatermark Name:AdapterActivityContent Id:50508815400963 water mark count is zero
09-28 17:51:19.933   879  1104 E C01406/skia: RSBaseRenderUtil::DealWithSurfaceRotationAndGravity, GetSurfaceBufferOpaque:0
09-28 17:51:19.933   879  1104 I C01406/WRAP: AHardwareBuffer_createFromHandle index = <private> handle = <private>, ahb = <private>
09-28 17:51:19.933   879  1104 E C01406/skia: SurfaceNodeDrawable DrawCommSurfaceWatermark Name:AdapterSurfaceView Id:50508815400964 water mark count is zero
09-28 17:51:19.933   879  1104 E C01406/skia: SurfaceNodeDrawable DrawCommSurfaceWatermark Name:com.a2hlab.bridge.zigzag/com.unity3d.player.UnityPlayerActivity Id:50508815400961 water mark count is zero
09-28 17:51:19.933   879  1104 E C01406/skia: SurfaceNodeDrawable DrawCommSurfaceWatermark Name:WindowScene_zigzag37 Id:8465380541288 water mark count is zero
09-28 17:51:19.934   879  1104 E C01406/skia: SurfaceNodeDrawable DrawCommSurfaceWatermark Name:SCBGestureNavBar13 Id:8465380540563 water mark count is zero
09-28 17:51:19.934   879  1104 E C01406/skia: SurfaceNodeDrawable DrawCommSurfaceWatermark Name:SCBStatusBar15 Id:8465380540646 water mark count is zero
09-28 17:51:19.935   879  1104 E C02515/DISP: [0;32;31m[GetMetadata:109] <private> is not supported[m
09-28 17:51:19.935   879  1104 E C02515/DISP: [0;32;31m[SetMetadata:102] <private> is not supported[m
09-28 17:51:19.935   879  1104 E C02515/METADATA_SRV: [0;32;31m[SetMetadata:136]  fail[m
09-28 17:51:19.935   879  1104 E C01401/Bufferqueue: <surface_buffer_impl.cpp:714-SetMetadata>: SetMetadata Failed with -5
09-28 17:51:19.935   879  1104 E C01406/skia: RSUniRenderComposerAdapter::SetBufferColorSpace set color space fail
09-28 17:51:19.945 11760 11996 I C00f00/OH_DER_VSync: onOhVsync ENTRY ts=<private> data=<private>
09-28 17:51:19.945 11760 11994 I C00f00/OH_DER_VSync: scheduleVsync ENTRY receiverPtr=0x<private>
09-28 17:51:19.945 11760 11994 I C00f00/OH_DER_VSync: scheduleVsync calling RequestFrame ohVsync=<private>
09-28 17:51:19.945 11760 11994 I C00f00/OH_DER_VSync: scheduleVsync RequestFrame rc=<private>
09-28 17:51:19.947   879  2132 E C02515/DISP: [0;32;31m[SetMetadata:102] <private> is not supported[m
09-28 17:51:19.947   879  2132 E C02515/METADATA_SRV: [0;32;31m[SetMetadata:136]  fail[m
09-28 17:51:19.947   879  2132 E C01401/Bufferqueue: <surface_buffer_impl.cpp:714-SetMetadata>: SetMetadata Failed with -5
09-28 17:51:19.948   797  4165 E C02515/DISP: [0;32;31m[SetLayerMaskInfo@display_composer_vdi_impl.cpp:404] <private> is not supported[m
09-28 17:51:19.948   879  1233 E C02515/DISP: [0;32;31m[SetMetadata:102] <private> is not supported[m
09-28 17:51:19.948   879  1233 E C02515/METADATA_SRV: [0;32;31m[SetMetadata:136]  fail[m
09-28 17:51:19.948   879  1233 E C01401/Bufferqueue: <surface_buffer_impl.cpp:714-SetMetadata>: SetMetadata Failed with -5
09-28 17:51:19.949   797  4165 E C02515/DISP: [0;32;31m[SetDisplayClientDamage@display_composer_vdi_impl.cpp:179] <private> is not supported[m
09-28 17:51:19.957   921 12493 I C02d13/HDC_LOG: [async_cmd.cpp:88] FinishShellProc finish pipeRead fd:33 pid:12492 count:1
09-28 17:51:19.957   921 12493 I C02d13/HDC_LOG: [task.cpp:55] HdcTaskBase::TaskFinish notify begin type:0 cid:3596623454 sid:252******606(L:10)
09-28 17:51:19.957   921 12493 I C02d13/HDC_LOG: [task.cpp:58] HdcTaskBase::TaskFinish notify end type:0 cid:3596623454 sid:252******606(L:10)
09-28 17:51:19.959   921  1220 I C02d13/HDC_LOG: [daemon.cpp:1142] FetchCommand channelId:3596623454 command:2
09-28 17:51:19.959   921  1220 W C02d13/HDC_LOG: [session.cpp:160] BeginRemoveTask taskType:0 channelId:3596623454
09-28 17:51:19.959   921  1220 W C02d13/HDC_LOG: [session.cpp:190] ClearOwnTasks OP_CLEAR finish, sessionId:252******606(L:10) channelIDInput:3596623454
09-28 17:51:19.959   921  1220 W C02d13/HDC_LOG: [session.cpp:115] taskClassDeleteRetry start clear task, taskType:0 cid:3596623454 sid:252******606(L:10)
09-28 17:51:19.959   921  1220 I C02d13/HDC_LOG: [async_cmd.cpp:69] DoRelease rc:-3 pid:12492
09-28 17:51:19.959   921  1220 I C02d13/HDC_LOG: [session.cpp:126] TaskDelay task remove retry count 0/30, taskType:0 channelId:3596623454, sessionId:252******606(L:10)
09-28 17:51:19.959   921  1220 I C02d13/HDC_LOG: [daemon_unity.cpp:31] ~HdcDaemonUnity cid:3596623454 sid:252******606(L:10)
09-28 17:51:19.959   921  1220 I C02d13/HDC_LOG: [task.cpp:40] ~HdcTaskBase type:0 cid:3596623454 sid:252******606(L:10)
09-28 17:51:19.959   921  1220 W C02d13/HDC_LOG: [session.cpp:134] TaskDelay task remove finish, channelId:3596623454
09-28 17:51:19.959   921  1220 I C02d13/HDC_LOG: [base.cpp:969] before uv handle close, the uv handle type is 13
09-28 17:51:19.962 11760 11996 I C00f00/OH_DER_VSync: onOhVsync ENTRY ts=<private> data=<private>
09-28 17:51:19.962 11760 11994 I C00f00/OH_DER_VSync: scheduleVsync ENTRY receiverPtr=0x<private>
09-28 17:51:19.962 11760 11994 I C00f00/OH_DER_VSync: scheduleVsync calling RequestFrame ohVsync=<private>
09-28 17:51:19.962   879   879 E C02515/DISP: [0;32;31m[GetMetadata:109] <private> is not supported[m
09-28 17:51:19.962 11760 11994 I C00f00/OH_DER_VSync: scheduleVsync RequestFrame rc=<private>
09-28 17:51:19.962   879   879 E C02515/DISP: [0;32;31m[GetMetadata:109] <private> is not supported[m
09-28 17:51:19.962   879   879 E C02515/DISP: [0;32;31m[GetMetadata:109] <private> is not supported[m
09-28 17:51:19.963   879   879 E C01406/skia: RSBaseRenderUtil::DealWithSurfaceRotationAndGravity, GetSurfaceBufferOpaque:0
09-28 17:51:19.963   879   879 E C02515/DISP: [0;32;31m[GetMetadata:109] <private> is not supported[m
09-28 17:51:19.963   879   879 E C01406/skia: RSBaseRenderUtil::DealWithSurfaceRotationAndGravity, GetSurfaceBufferOpaque:0
09-28 17:51:19.963   879   879 E C02515/DISP: [0;32;31m[GetMetadata:109] <private> is not supported[m
09-28 17:51:19.963   921  1220 I C02d13/HDC_LOG: [daemon.cpp:1142] FetchCommand channelId:3596623454 command:2
09-28 17:51:19.965   879  1104 E C02515/DISP: [0;32;31m[SetMetadata:102] <private> is not supported[m
09-28 17:51:19.965   879  1104 E C02515/METADATA_SRV: [0;32;31m[SetMetadata:136]  fail[m
09-28 17:51:19.965   879  1104 E C01401/Bufferqueue: <surface_buffer_impl.cpp:714-SetMetadata>: SetMetadata Failed with -5
09-28 17:51:19.966   879  1104 E C01406/skia: SurfaceNodeDrawable DrawCommSurfaceWatermark Name:BackgroundBlurView2 Id:8465380540424 water mark count is zero
09-28 17:51:19.966   879  1104 E C01406/skia: RSBaseRenderUtil::DealWithSurfaceRotationAndGravity, GetSurfaceBufferOpaque:0
09-28 17:51:19.966   879  1104 I C01406/WRAP: AHardwareBuffer_createFromHandle index = <private> handle = <private>, ahb = <private>
09-28 17:51:19.966   879  1104 E C01406/skia: SurfaceNodeDrawable DrawCommSurfaceWatermark Name:AdapterActivityContent Id:50508815400963 water mark count is zero
09-28 17:51:19.966   879  1104 E C01406/skia: RSBaseRenderUtil::DealWithSurfaceRotationAndGravity, GetSurfaceBufferOpaque:0
09-28 17:51:19.966   879  1104 I C01406/WRAP: AHardwareBuffer_createFromHandle index = <private> handle = <private>, ahb = <private>
09-28 17:51:19.966   879  1104 E C01406/skia: SurfaceNodeDrawable DrawCommSurfaceWatermark Name:AdapterSurfaceView Id:50508815400964 water mark count is zero
09-28 17:51:19.966   879  1104 E C01406/skia: SurfaceNodeDrawable DrawCommSurfaceWatermark Name:com.a2hlab.bridge.zigzag/com.unity3d.player.UnityPlayerActivity Id:50508815400961 water mark count is zero
09-28 17:51:19.966   879  1104 E C01406/skia: SurfaceNodeDrawable DrawCommSurfaceWatermark Name:WindowScene_zigzag37 Id:8465380541288 water mark count is zero
09-28 17:51:19.967   879  1104 E C01406/skia: SurfaceNodeDrawable DrawCommSurfaceWatermark Name:SCBGestureNavBar13 Id:8465380540563 water mark count is zero
09-28 17:51:19.967   879  1104 E C01406/skia: SurfaceNodeDrawable DrawCommSurfaceWatermark Name:SCBStatusBar15 Id:8465380540646 water mark count is zero
09-28 17:51:19.968   879  1104 E C02515/DISP: [0;32;31m[GetMetadata:109] <private> is not supported[m
09-28 17:51:19.968   879  1104 E C02515/DISP: [0;32;31m[SetMetadata:102] <private> is not supported[m
09-28 17:51:19.968   879  1104 E C02515/METADATA_SRV: [0;32;31m[SetMetadata:136]  fail[m
09-28 17:51:19.968   879  1104 E C01401/Bufferqueue: <surface_buffer_impl.cpp:714-SetMetadata>: SetMetadata Failed with -5
09-28 17:51:19.968   879  1104 E C01406/skia: RSUniRenderComposerAdapter::SetBufferColorSpace set color space fail
09-28 17:51:19.978 11760 11996 I C00f00/OH_DER_VSync: onOhVsync ENTRY ts=<private> data=<private>
09-28 17:51:19.978 11760 11994 I C00f00/OH_DER_VSync: scheduleVsync ENTRY receiverPtr=0x<private>
09-28 17:51:19.978 11760 11994 I C00f00/OH_DER_VSync: scheduleVsync calling RequestFrame ohVsync=<private>
09-28 17:51:19.979 11760 11994 I C00f00/OH_DER_VSync: scheduleVsync RequestFrame rc=<private>
09-28 17:51:19.980   879  2132 E C02515/DISP: [0;32;31m[SetMetadata:102] <private> is not supported[m
09-28 17:51:19.980   879  2132 E C02515/METADATA_SRV: [0;32;31m[SetMetadata:136]  fail[m
09-28 17:51:19.980   879  2132 E C01401/Bufferqueue: <surface_buffer_impl.cpp:714-SetMetadata>: SetMetadata Failed with -5
09-28 17:51:19.980   921  1220 I C02d13/HDC_LOG: [daemon.cpp:1142] FetchCommand channelId:3702466935 command:1001
09-28 17:51:19.980   921  1220 I C02d13/HDC_LOG: [session.cpp:1652] New HTaskInfo cid:3702466935 sid:252******606(L:10) command:1001
09-28 17:51:19.980   921  1220 I C02d13/HDC_LOG: [session.cpp:891] AdminTask add task type:0 cid:3702466935 sid:252******606(L:10) mapsize:2
09-28 17:51:19.980   921  1220 I C02d13/HDC_LOG: [task.cpp:34] HdcTaskBase type:0 cid:3702466935 sid:252******606(L:10)
09-28 17:51:19.980   921  1220 I C02d13/HDC_LOG: [daemon_unity.cpp:414] Unity CommandDispatch command:1001 cid:3702466935 sid:252******606(L:10)
09-28 17:51:19.981   921  1220 W C02d13/HDC_LOG: [async_cmd.cpp:114] GetDevItem false key:persist.hdc.root
09-28 17:51:19.981   797  4165 E C02515/DISP: [0;32;31m[SetLayerMaskInfo@display_composer_vdi_impl.cpp:404] <private> is not supported[m
09-28 17:51:19.981   879  1233 E C02515/DISP: [0;32;31m[SetMetadata:102] <private> is not supported[m
09-28 17:51:19.981   879  1233 E C02515/METADATA_SRV: [0;32;31m[SetMetadata:136]  fail[m
09-28 17:51:19.981   879  1233 E C01401/Bufferqueue: <surface_buffer_impl.cpp:714-SetMetadata>: SetMetadata Failed with -5
09-28 17:51:19.981   921 12494 I C02d13/HDC_LOG: [async_cmd.cpp:225] Popen pipe fds[pipeRead]:33 fds[pipeWrite]:34, mode 0
09-28 17:51:19.982   797  4165 E C02515/DISP: [0;32;31m[SetDisplayClientDamage@display_composer_vdi_impl.cpp:179] <private> is not supported[m
09-28 17:51:19.985   921  1220 I C02d13/HDC_LOG: [async_cmd.cpp:291] ExecuteCommand cmd:param get const.product.os.dist.apiname fd:33 pid:12495
09-28 17:51:19.986   921  1220 I C02d13/HDC_LOG: [daemon_unity.cpp:486] Unity CommandDispatch command:1001 finish cid:3702466935 sid:252******606(L:10)
09-28 17:51:19.987 12495 12495 W C02d13/HDC_LOG: [async_cmd.cpp:140] SetSelinuxLabel con:u:r:su:s0 isRoot:0
09-28 17:51:19.995 11760 11996 I C00f00/OH_DER_VSync: onOhVsync ENTRY ts=<private> data=<private>
09-28 17:51:19.995   879   879 E C02515/DISP: [0;32;31m[GetMetadata:109] <private> is not supported[m
09-28 17:51:19.995 11760 11994 I C00f00/OH_DER_VSync: scheduleVsync ENTRY receiverPtr=0x<private>
09-28 17:51:19.995 11760 11994 I C00f00/OH_DER_VSync: scheduleVsync calling RequestFrame ohVsync=<private>
09-28 17:51:19.995 11760 11994 I C00f00/OH_DER_VSync: scheduleVsync RequestFrame rc=<private>
09-28 17:51:19.995   879   879 E C02515/DISP: [0;32;31m[GetMetadata:109] <private> is not supported[m
09-28 17:51:19.995   879   879 E C02515/DISP: [0;32;31m[GetMetadata:109] <private> is not supported[m
09-28 17:51:19.997   879   879 E C01406/skia: RSBaseRenderUtil::DealWithSurfaceRotationAndGravity, GetSurfaceBufferOpaque:0
09-28 17:51:19.997   879   879 E C02515/DISP: [0;32;31m[GetMetadata:109] <private> is not supported[m
09-28 17:51:19.997   879   879 E C01406/skia: RSBaseRenderUtil::DealWithSurfaceRotationAndGravity, GetSurfaceBufferOpaque:0
09-28 17:51:19.997   879   879 E C02515/DISP: [0;32;31m[GetMetadata:109] <private> is not supported[m
09-28 17:51:19.999   879  1104 E C02515/DISP: [0;32;31m[SetMetadata:102] <private> is not supported[m
09-28 17:51:19.999   879  1104 E C02515/METADATA_SRV: [0;32;31m[SetMetadata:136]  fail[m
09-28 17:51:19.999   879  1104 E C01401/Bufferqueue: <surface_buffer_impl.cpp:714-SetMetadata>: SetMetadata Failed with -5
09-28 17:51:19.999   879  1104 E C01406/skia: SurfaceNodeDrawable DrawCommSurfaceWatermark Name:BackgroundBlurView2 Id:8465380540424 water mark count is zero
09-28 17:51:19.999   879  1104 E C01406/skia: RSBaseRenderUtil::DealWithSurfaceRotationAndGravity, GetSurfaceBufferOpaque:0
09-28 17:51:19.999   879  1104 I C01406/WRAP: AHardwareBuffer_createFromHandle index = <private> handle = <private>, ahb = <private>
09-28 17:51:20.000   879  1104 E C01406/skia: SurfaceNodeDrawable DrawCommSurfaceWatermark Name:AdapterActivityContent Id:50508815400963 water mark count is zero
09-28 17:51:20.000   879  1104 E C01406/skia: RSBaseRenderUtil::DealWithSurfaceRotationAndGravity, GetSurfaceBufferOpaque:0
09-28 17:51:20.000   879  1104 I C01406/WRAP: AHardwareBuffer_createFromHandle index = <private> handle = <private>, ahb = <private>
09-28 17:51:20.000   879  1104 E C01406/skia: SurfaceNodeDrawable DrawCommSurfaceWatermark Name:AdapterSurfaceView Id:50508815400964 water mark count is zero
09-28 17:51:20.000   879  1104 E C01406/skia: SurfaceNodeDrawable DrawCommSurfaceWatermark Name:com.a2hlab.bridge.zigzag/com.unity3d.player.UnityPlayerActivity Id:50508815400961 water mark count is zero
09-28 17:51:20.000   879  1104 E C01406/skia: SurfaceNodeDrawable DrawCommSurfaceWatermark Name:WindowScene_zigzag37 Id:8465380541288 water mark count is zero
09-28 17:51:20.000   879  1104 E C01406/skia: SurfaceNodeDrawable DrawCommSurfaceWatermark Name:SCBGestureNavBar13 Id:8465380540563 water mark count is zero
09-28 17:51:20.000   879  1104 E C01406/skia: SurfaceNodeDrawable DrawCommSurfaceWatermark Name:SCBStatusBar15 Id:8465380540646 water mark count is zero
09-28 17:51:20.002   879  1104 E C02515/DISP: [0;32;31m[GetMetadata:109] <private> is not supported[m
09-28 17:51:20.002   879  1104 E C02515/DISP: [0;32;31m[SetMetadata:102] <private> is not supported[m
09-28 17:51:20.002   879  1104 E C02515/METADATA_SRV: [0;32;31m[SetMetadata:136]  fail[m
09-28 17:51:20.002   879  1104 E C01401/Bufferqueue: <surface_buffer_impl.cpp:714-SetMetadata>: SetMetadata Failed with -5
09-28 17:51:20.002   879  1104 E C01406/skia: RSUniRenderComposerAdapter::SetBufferColorSpace set color space fail
09-28 17:51:20.012 11760 11996 I C00f00/OH_DER_VSync: onOhVsync ENTRY ts=<private> data=<private>
09-28 17:51:20.012 11760 11994 I C00f00/OH_DER_VSync: scheduleVsync ENTRY receiverPtr=0x<private>
09-28 17:51:20.012 11760 11994 I C00f00/OH_DER_VSync: scheduleVsync calling RequestFrame ohVsync=<private>
09-28 17:51:20.012 11760 11994 I C00f00/OH_DER_VSync: scheduleVsync RequestFrame rc=<private>
09-28 17:51:20.013   879  2132 E C02515/DISP: [0;32;31m[SetMetadata:102] <private> is not supported[m
09-28 17:51:20.013   879  2132 E C02515/METADATA_SRV: [0;32;31m[SetMetadata:136]  fail[m
09-28 17:51:20.013   879  2132 E C01401/Bufferqueue: <surface_buffer_impl.cpp:714-SetMetadata>: SetMetadata Failed with -5
09-28 17:51:20.014   797  4165 E C02515/DISP: [0;32;31m[SetLayerMaskInfo@display_composer_vdi_impl.cpp:404] <private> is not supported[m
09-28 17:51:20.014   879  1233 E C02515/DISP: [0;32;31m[SetMetadata:102] <private> is not supported[m
09-28 17:51:20.015   879  1233 E C02515/METADATA_SRV: [0;32;31m[SetMetadata:136]  fail[m
09-28 17:51:20.015   879  1233 E C01401/Bufferqueue: <surface_buffer_impl.cpp:714-SetMetadata>: SetMetadata Failed with -5
09-28 17:51:20.015   797  4165 E C02515/DISP: [0;32;31m[SetDisplayClientDamage@display_composer_vdi_impl.cpp:179] <private> is not supported[m
09-28 17:51:20.019   921 12496 I C02d13/HDC_LOG: [async_cmd.cpp:88] FinishShellProc finish pipeRead fd:33 pid:12495 count:1
09-28 17:51:20.019   921 12496 I C02d13/HDC_LOG: [task.cpp:55] HdcTaskBase::TaskFinish notify begin type:0 cid:3702466935 sid:252******606(L:10)
09-28 17:51:20.019   921 12496 I C02d13/HDC_LOG: [task.cpp:58] HdcTaskBase::TaskFinish notify end type:0 cid:3702466935 sid:252******606(L:10)
09-28 17:51:20.021   921  1220 I C02d13/HDC_LOG: [daemon.cpp:1142] FetchCommand channelId:3702466935 command:2
09-28 17:51:20.021   921  1220 W C02d13/HDC_LOG: [session.cpp:160] BeginRemoveTask taskType:0 channelId:3702466935
09-28 17:51:20.021   921  1220 W C02d13/HDC_LOG: [session.cpp:190] ClearOwnTasks OP_CLEAR finish, sessionId:252******606(L:10) channelIDInput:3702466935
09-28 17:51:20.021   921  1220 W C02d13/HDC_LOG: [session.cpp:115] taskClassDeleteRetry start clear task, taskType:0 cid:3702466935 sid:252******606(L:10)
09-28 17:51:20.021   921  1220 I C02d13/HDC_LOG: [async_cmd.cpp:69] DoRelease rc:-3 pid:12495
09-28 17:51:20.021   921  1220 I C02d13/HDC_LOG: [session.cpp:126] TaskDelay task remove retry count 0/30, taskType:0 channelId:3702466935, sessionId:252******606(L:10)
09-28 17:51:20.021   921  1220 I C02d13/HDC_LOG: [daemon_unity.cpp:31] ~HdcDaemonUnity cid:3702466935 sid:252******606(L:10)
09-28 17:51:20.021   921  1220 I C02d13/HDC_LOG: [task.cpp:40] ~HdcTaskBase type:0 cid:3702466935 sid:252******606(L:10)
09-28 17:51:20.021   921  1220 W C02d13/HDC_LOG: [session.cpp:134] TaskDelay task remove finish, channelId:3702466935
09-28 17:51:20.021   921  1220 I C02d13/HDC_LOG: [base.cpp:969] before uv handle close, the uv handle type is 13
09-28 17:51:20.026   921  1220 I C02d13/HDC_LOG: [daemon.cpp:1142] FetchCommand channelId:3702466935 command:2
09-28 17:51:20.028 11760 11996 I C00f00/OH_DER_VSync: onOhVsync ENTRY ts=<private> data=<private>
09-28 17:51:20.028 11760 11994 I C00f00/OH_DER_VSync: scheduleVsync ENTRY receiverPtr=0x<private>
09-28 17:51:20.028 11760 11994 I C00f00/OH_DER_VSync: scheduleVsync calling RequestFrame ohVsync=<private>
09-28 17:51:20.029   879   879 E C02515/DISP: [0;32;31m[GetMetadata:109] <private> is not supported[m
09-28 17:51:20.029 11760 11994 I C00f00/OH_DER_VSync: scheduleVsync RequestFrame rc=<private>
09-28 17:51:20.029   879   879 E C02515/DISP: [0;32;31m[GetMetadata:109] <private> is not supported[m
09-28 17:51:20.029   879   879 E C02515/DISP: [0;32;31m[GetMetadata:109] <private> is not supported[m
09-28 17:51:20.030   879   879 E C01406/skia: RSBaseRenderUtil::DealWithSurfaceRotationAndGravity, GetSurfaceBufferOpaque:0
09-28 17:51:20.030   879   879 E C02515/DISP: [0;32;31m[GetMetadata:109] <private> is not supported[m
09-28 17:51:20.030   879   879 E C01406/skia: RSBaseRenderUtil::DealWithSurfaceRotationAndGravity, GetSurfaceBufferOpaque:0
09-28 17:51:20.030   879   879 E C02515/DISP: [0;32;31m[GetMetadata:109] <private> is not supported[m
09-28 17:51:20.032   879  1104 E C02515/DISP: [0;32;31m[SetMetadata:102] <private> is not supported[m
09-28 17:51:20.032   879  1104 E C02515/METADATA_SRV: [0;32;31m[SetMetadata:136]  fail[m
09-28 17:51:20.032   879  1104 E C01401/Bufferqueue: <surface_buffer_impl.cpp:714-SetMetadata>: SetMetadata Failed with -5
09-28 17:51:20.032   879  1104 E C01406/skia: SurfaceNodeDrawable DrawCommSurfaceWatermark Name:BackgroundBlurView2 Id:8465380540424 water mark count is zero
09-28 17:51:20.032   879  1104 E C01406/skia: RSBaseRenderUtil::DealWithSurfaceRotationAndGravity, GetSurfaceBufferOpaque:0
09-28 17:51:20.032   879  1104 I C01406/WRAP: AHardwareBuffer_createFromHandle index = <private> handle = <private>, ahb = <private>
09-28 17:51:20.033   879  1104 E C01406/skia: SurfaceNodeDrawable DrawCommSurfaceWatermark Name:AdapterActivityContent Id:50508815400963 water mark count is zero
09-28 17:51:20.033   879  1104 E C01406/skia: RSBaseRenderUtil::DealWithSurfaceRotationAndGravity, GetSurfaceBufferOpaque:0
09-28 17:51:20.033   879  1104 I C01406/WRAP: AHardwareBuffer_createFromHandle index = <private> handle = <private>, ahb = <private>
09-28 17:51:20.033   879  1104 E C01406/skia: SurfaceNodeDrawable DrawCommSurfaceWatermark Name:AdapterSurfaceView Id:50508815400964 water mark count is zero
09-28 17:51:20.033   879  1104 E C01406/skia: SurfaceNodeDrawable DrawCommSurfaceWatermark Name:com.a2hlab.bridge.zigzag/com.unity3d.player.UnityPlayerActivity Id:50508815400961 water mark count is zero
09-28 17:51:20.033   879  1104 E C01406/skia: SurfaceNodeDrawable DrawCommSurfaceWatermark Name:WindowScene_zigzag37 Id:8465380541288 water mark count is zero
09-28 17:51:20.033   879  1104 E C01406/skia: SurfaceNodeDrawable DrawCommSurfaceWatermark Name:SCBGestureNavBar13 Id:8465380540563 water mark count is zero
09-28 17:51:20.033   879  1104 E C01406/skia: SurfaceNodeDrawable DrawCommSurfaceWatermark Name:SCBStatusBar15 Id:8465380540646 water mark count is zero
09-28 17:51:20.035   879  1104 E C02515/DISP: [0;32;31m[GetMetadata:109] <private> is not supported[m
09-28 17:51:20.035   879  1104 E C02515/DISP: [0;32;31m[SetMetadata:102] <private> is not supported[m
09-28 17:51:20.035   879  1104 E C02515/METADATA_SRV: [0;32;31m[SetMetadata:136]  fail[m
09-28 17:51:20.035   879  1104 E C01401/Bufferqueue: <surface_buffer_impl.cpp:714-SetMetadata>: SetMetadata Failed with -5
09-28 17:51:20.035   879  1104 E C01406/skia: RSUniRenderComposerAdapter::SetBufferColorSpace set color space fail
09-28 17:51:20.045 11760 11996 I C00f00/OH_DER_VSync: onOhVsync ENTRY ts=<private> data=<private>
09-28 17:51:20.045 11760 11994 I C00f00/OH_DER_VSync: scheduleVsync ENTRY receiverPtr=0x<private>
09-28 17:51:20.045 11760 11994 I C00f00/OH_DER_VSync: scheduleVsync calling RequestFrame ohVsync=<private>
09-28 17:51:20.045 11760 11994 I C00f00/OH_DER_VSync: scheduleVsync RequestFrame rc=<private>
09-28 17:51:20.047   879  2132 E C02515/DISP: [0;32;31m[SetMetadata:102] <private> is not supported[m
09-28 17:51:20.047   879  2132 E C02515/METADATA_SRV: [0;32;31m[SetMetadata:136]  fail[m
09-28 17:51:20.047   879  2132 E C01401/Bufferqueue: <surface_buffer_impl.cpp:714-SetMetadata>: SetMetadata Failed with -5
09-28 17:51:20.047   797  4165 E C02515/DISP: [0;32;31m[SetLayerMaskInfo@display_composer_vdi_impl.cpp:404] <private> is not supported[m
09-28 17:51:20.048   879  1233 E C02515/DISP: [0;32;31m[SetMetadata:102] <private> is not supported[m
09-28 17:51:20.048   879  1233 E C02515/METADATA_SRV: [0;32;31m[SetMetadata:136]  fail[m
09-28 17:51:20.048   879  1233 E C01401/Bufferqueue: <surface_buffer_impl.cpp:714-SetMetadata>: SetMetadata Failed with -5
09-28 17:51:20.048   797  4165 E C02515/DISP: [0;32;31m[SetDisplayClientDamage@display_composer_vdi_impl.cpp:179] <private> is not supported[m
09-28 17:51:20.055   921  1220 I C02d13/HDC_LOG: [daemon.cpp:1142] FetchCommand channelId:162660591 command:1001
09-28 17:51:20.055   921  1220 I C02d13/HDC_LOG: [session.cpp:1652] New HTaskInfo cid:162660591 sid:252******606(L:10) command:1001
09-28 17:51:20.055   921  1220 I C02d13/HDC_LOG: [session.cpp:891] AdminTask add task type:0 cid:162660591 sid:252******606(L:10) mapsize:2
09-28 17:51:20.055   921  1220 I C02d13/HDC_LOG: [task.cpp:34] HdcTaskBase type:0 cid:162660591 sid:252******606(L:10)
09-28 17:51:20.055   921  1220 I C02d13/HDC_LOG: [daemon_unity.cpp:414] Unity CommandDispatch command:1001 cid:162660591 sid:252******606(L:10)
09-28 17:51:20.055   921  1220 W C02d13/HDC_LOG: [async_cmd.cpp:114] GetDevItem false key:persist.hdc.root
09-28 17:51:20.056   921 12497 I C02d13/HDC_LOG: [async_cmd.cpp:225] Popen pipe fds[pipeRead]:33 fds[pipeWrite]:34, mode 0
09-28 17:51:20.060   921  1220 I C02d13/HDC_LOG: [async_cmd.cpp:291] ExecuteCommand cmd:param get const.product.os.dist.apiname fd:33 pid:12498
09-28 17:51:20.060   921  1220 I C02d13/HDC_LOG: [daemon_unity.cpp:486] Unity CommandDispatch command:1001 finish cid:162660591 sid:252******606(L:10)
09-28 17:51:20.061 12498 12498 W C02d13/HDC_LOG: [async_cmd.cpp:140] SetSelinuxLabel con:u:r:su:s0 isRoot:0
09-28 17:51:20.062   879   879 E C02515/DISP: [0;32;31m[GetMetadata:109] <private> is not supported[m
09-28 17:51:20.062   879   879 E C02515/DISP: [0;32;31m[GetMetadata:109] <private> is not supported[m
09-28 17:51:20.062   879   879 E C02515/DISP: [0;32;31m[GetMetadata:109] <private> is not supported[m
09-28 17:51:20.062   879   879 E C01406/skia: RSBaseRenderUtil::DealWithSurfaceRotationAndGravity, GetSurfaceBufferOpaque:0
09-28 17:51:20.062   879   879 E C02515/DISP: [0;32;31m[GetMetadata:109] <private> is not supported[m
09-28 17:51:20.062   879   879 E C01406/skia: RSBaseRenderUtil::DealWithSurfaceRotationAndGravity, GetSurfaceBufferOpaque:0
09-28 17:51:20.062   879   879 E C02515/DISP: [0;32;31m[GetMetadata:109] <private> is not supported[m
09-28 17:51:20.063 11760 11996 I C00f00/OH_DER_VSync: onOhVsync ENTRY ts=<private> data=<private>
09-28 17:51:20.063 11760 11994 I C00f00/OH_DER_VSync: scheduleVsync ENTRY receiverPtr=0x<private>
09-28 17:51:20.063 11760 11994 I C00f00/OH_DER_VSync: scheduleVsync calling RequestFrame ohVsync=<private>
09-28 17:51:20.064   879  1104 E C02515/DISP: [0;32;31m[SetMetadata:102] <private> is not supported[m
09-28 17:51:20.064   879  1104 E C02515/METADATA_SRV: [0;32;31m[SetMetadata:136]  fail[m
09-28 17:51:20.064   879  1104 E C01401/Bufferqueue: <surface_buffer_impl.cpp:714-SetMetadata>: SetMetadata Failed with -5
09-28 17:51:20.064 11760 11994 I C00f00/OH_DER_VSync: scheduleVsync RequestFrame rc=<private>
09-28 17:51:20.064   879  1104 E C01406/skia: SurfaceNodeDrawable DrawCommSurfaceWatermark Name:BackgroundBlurView2 Id:8465380540424 water mark count is zero
09-28 17:51:20.064   879  1104 E C01406/skia: RSBaseRenderUtil::DealWithSurfaceRotationAndGravity, GetSurfaceBufferOpaque:0
09-28 17:51:20.064   879  1104 I C01406/WRAP: AHardwareBuffer_createFromHandle index = <private> handle = <private>, ahb = <private>
09-28 17:51:20.064   879  1104 E C01406/skia: SurfaceNodeDrawable DrawCommSurfaceWatermark Name:AdapterActivityContent Id:50508815400963 water mark count is zero
09-28 17:51:20.064   879  1104 E C01406/skia: RSBaseRenderUtil::DealWithSurfaceRotationAndGravity, GetSurfaceBufferOpaque:0
09-28 17:51:20.065   879  1104 I C01406/WRAP: AHardwareBuffer_createFromHandle index = <private> handle = <private>, ahb = <private>
09-28 17:51:20.065   879  1104 E C01406/skia: SurfaceNodeDrawable DrawCommSurfaceWatermark Name:AdapterSurfaceView Id:50508815400964 water mark count is zero
09-28 17:51:20.065   879  1104 E C01406/skia: SurfaceNodeDrawable DrawCommSurfaceWatermark Name:com.a2hlab.bridge.zigzag/com.unity3d.player.UnityPlayerActivity Id:50508815400961 water mark count is zero
09-28 17:51:20.065   879  1104 E C01406/skia: SurfaceNodeDrawable DrawCommSurfaceWatermark Name:WindowScene_zigzag37 Id:8465380541288 water mark count is zero
09-28 17:51:20.065   879  1104 E C01406/skia: SurfaceNodeDrawable DrawCommSurfaceWatermark Name:SCBGestureNavBar13 Id:8465380540563 water mark count is zero
09-28 17:51:20.065   879  1104 E C01406/skia: SurfaceNodeDrawable DrawCommSurfaceWatermark Name:SCBStatusBar15 Id:8465380540646 water mark count is zero
09-28 17:51:20.067   879  1104 E C02515/DISP: [0;32;31m[GetMetadata:109] <private> is not supported[m
09-28 17:51:20.067   879  1104 E C02515/DISP: [0;32;31m[SetMetadata:102] <private> is not supported[m
09-28 17:51:20.067   879  1104 E C02515/METADATA_SRV: [0;32;31m[SetMetadata:136]  fail[m
09-28 17:51:20.067   879  1104 E C01401/Bufferqueue: <surface_buffer_impl.cpp:714-SetMetadata>: SetMetadata Failed with -5
09-28 17:51:20.067   879  1104 E C01406/skia: RSUniRenderComposerAdapter::SetBufferColorSpace set color space fail
09-28 17:51:20.078 11760 11996 I C00f00/OH_DER_VSync: onOhVsync ENTRY ts=<private> data=<private>
09-28 17:51:20.079 11760 11994 I C00f00/OH_DER_VSync: scheduleVsync ENTRY receiverPtr=0x<private>
09-28 17:51:20.079 11760 11994 I C00f00/OH_DER_VSync: scheduleVsync calling RequestFrame ohVsync=<private>
09-28 17:51:20.079 11760 11994 I C00f00/OH_DER_VSync: scheduleVsync RequestFrame rc=<private>
09-28 17:51:20.080   879  2132 E C02515/DISP: [0;32;31m[SetMetadata:102] <private> is not supported[m
09-28 17:51:20.080   879  2132 E C02515/METADATA_SRV: [0;32;31m[SetMetadata:136]  fail[m
09-28 17:51:20.080   879  2132 E C01401/Bufferqueue: <surface_buffer_impl.cpp:714-SetMetadata>: SetMetadata Failed with -5
09-28 17:51:20.081   797  4165 E C02515/DISP: [0;32;31m[SetLayerMaskInfo@display_composer_vdi_impl.cpp:404] <private> is not supported[m
09-28 17:51:20.082   879  1233 E C02515/DISP: [0;32;31m[SetMetadata:102] <private> is not supported[m
09-28 17:51:20.082   879  1233 E C02515/METADATA_SRV: [0;32;31m[SetMetadata:136]  fail[m
09-28 17:51:20.082   879  1233 E C01401/Bufferqueue: <surface_buffer_impl.cpp:714-SetMetadata>: SetMetadata Failed with -5
09-28 17:51:20.083   797  4165 E C02515/DISP: [0;32;31m[SetDisplayClientDamage@display_composer_vdi_impl.cpp:179] <private> is not supported[m
09-28 17:51:20.095 11760 11996 I C00f00/OH_DER_VSync: onOhVsync ENTRY ts=<private> data=<private>
09-28 17:51:20.095 11760 11994 I C00f00/OH_DER_VSync: scheduleVsync ENTRY receiverPtr=0x<private>
09-28 17:51:20.095 11760 11994 I C00f00/OH_DER_VSync: scheduleVsync calling RequestFrame ohVsync=<private>
09-28 17:51:20.095   879   879 E C02515/DISP: [0;32;31m[GetMetadata:109] <private> is not supported[m
09-28 17:51:20.095 11760 11994 I C00f00/OH_DER_VSync: scheduleVsync RequestFrame rc=<private>
09-28 17:51:20.096   879   879 E C02515/DISP: [0;32;31m[GetMetadata:109] <private> is not supported[m
09-28 17:51:20.096   879   879 E C02515/DISP: [0;32;31m[GetMetadata:109] <private> is not supported[m
09-28 17:51:20.096   921 12499 I C02d13/HDC_LOG: [async_cmd.cpp:88] FinishShellProc finish pipeRead fd:33 pid:12498 count:1
09-28 17:51:20.096   921 12499 I C02d13/HDC_LOG: [task.cpp:55] HdcTaskBase::TaskFinish notify begin type:0 cid:162660591 sid:252******606(L:10)
09-28 17:51:20.096   921 12499 I C02d13/HDC_LOG: [task.cpp:58] HdcTaskBase::TaskFinish notify end type:0 cid:162660591 sid:252******606(L:10)
09-28 17:51:20.097   879   879 E C01406/skia: RSBaseRenderUtil::DealWithSurfaceRotationAndGravity, GetSurfaceBufferOpaque:0
09-28 17:51:20.097   879   879 E C02515/DISP: [0;32;31m[GetMetadata:109] <private> is not supported[m
09-28 17:51:20.097   879   879 E C01406/skia: RSBaseRenderUtil::DealWithSurfaceRotationAndGravity, GetSurfaceBufferOpaque:0
09-28 17:51:20.097   879   879 E C02515/DISP: [0;32;31m[GetMetadata:109] <private> is not supported[m
09-28 17:51:20.098   921  1220 I C02d13/HDC_LOG: [daemon.cpp:1142] FetchCommand channelId:162660591 command:2
09-28 17:51:20.098   921  1220 W C02d13/HDC_LOG: [session.cpp:160] BeginRemoveTask taskType:0 channelId:162660591
09-28 17:51:20.098   921  1220 W C02d13/HDC_LOG: [session.cpp:190] ClearOwnTasks OP_CLEAR finish, sessionId:252******606(L:10) channelIDInput:162660591
09-28 17:51:20.098   921  1220 W C02d13/HDC_LOG: [session.cpp:115] taskClassDeleteRetry start clear task, taskType:0 cid:162660591 sid:252******606(L:10)
09-28 17:51:20.098   921  1220 I C02d13/HDC_LOG: [async_cmd.cpp:69] DoRelease rc:-3 pid:12498
09-28 17:51:20.098   921  1220 I C02d13/HDC_LOG: [session.cpp:126] TaskDelay task remove retry count 0/30, taskType:0 channelId:162660591, sessionId:252******606(L:10)
09-28 17:51:20.098   921  1220 I C02d13/HDC_LOG: [daemon_unity.cpp:31] ~HdcDaemonUnity cid:162660591 sid:252******606(L:10)
09-28 17:51:20.098   921  1220 I C02d13/HDC_LOG: [task.cpp:40] ~HdcTaskBase type:0 cid:162660591 sid:252******606(L:10)
09-28 17:51:20.098   921  1220 W C02d13/HDC_LOG: [session.cpp:134] TaskDelay task remove finish, channelId:162660591
09-28 17:51:20.098   921  1220 I C02d13/HDC_LOG: [base.cpp:969] before uv handle close, the uv handle type is 13
09-28 17:51:20.099   879  1104 E C02515/DISP: [0;32;31m[SetMetadata:102] <private> is not supported[m
09-28 17:51:20.099   879  1104 E C02515/METADATA_SRV: [0;32;31m[SetMetadata:136]  fail[m
09-28 17:51:20.099   879  1104 E C01401/Bufferqueue: <surface_buffer_impl.cpp:714-SetMetadata>: SetMetadata Failed with -5
09-28 17:51:20.100   879  1104 E C01406/skia: SurfaceNodeDrawable DrawCommSurfaceWatermark Name:BackgroundBlurView2 Id:8465380540424 water mark count is zero
09-28 17:51:20.100   879  1104 E C01406/skia: RSBaseRenderUtil::DealWithSurfaceRotationAndGravity, GetSurfaceBufferOpaque:0
09-28 17:51:20.100   879  1104 I C01406/WRAP: AHardwareBuffer_createFromHandle index = <private> handle = <private>, ahb = <private>
09-28 17:51:20.100   879  1104 E C01406/skia: SurfaceNodeDrawable DrawCommSurfaceWatermark Name:AdapterActivityContent Id:50508815400963 water mark count is zero
09-28 17:51:20.100   879  1104 E C01406/skia: RSBaseRenderUtil::DealWithSurfaceRotationAndGravity, GetSurfaceBufferOpaque:0
09-28 17:51:20.100   879  1104 I C01406/WRAP: AHardwareBuffer_createFromHandle index = <private> handle = <private>, ahb = <private>
09-28 17:51:20.100   879  1104 E C01406/skia: SurfaceNodeDrawable DrawCommSurfaceWatermark Name:AdapterSurfaceView Id:50508815400964 water mark count is zero
09-28 17:51:20.100   879  1104 E C01406/skia: SurfaceNodeDrawable DrawCommSurfaceWatermark Name:com.a2hlab.bridge.zigzag/com.unity3d.player.UnityPlayerActivity Id:50508815400961 water mark count is zero
09-28 17:51:20.100   879  1104 E C01406/skia: SurfaceNodeDrawable DrawCommSurfaceWatermark Name:WindowScene_zigzag37 Id:8465380541288 water mark count is zero
09-28 17:51:20.101   879  1104 E C01406/skia: SurfaceNodeDrawable DrawCommSurfaceWatermark Name:SCBGestureNavBar13 Id:8465380540563 water mark count is zero
09-28 17:51:20.101   879  1104 E C01406/skia: SurfaceNodeDrawable DrawCommSurfaceWatermark Name:SCBStatusBar15 Id:8465380540646 water mark count is zero
09-28 17:51:20.102   879  1104 E C02515/DISP: [0;32;31m[GetMetadata:109] <private> is not supported[m
09-28 17:51:20.102   879  1104 E C02515/DISP: [0;32;31m[SetMetadata:102] <private> is not supported[m
09-28 17:51:20.102   879  1104 E C02515/METADATA_SRV: [0;32;31m[SetMetadata:136]  fail[m
09-28 17:51:20.102   879  1104 E C01401/Bufferqueue: <surface_buffer_impl.cpp:714-SetMetadata>: SetMetadata Failed with -5
09-28 17:51:20.102   879  1104 E C01406/skia: RSUniRenderComposerAdapter::SetBufferColorSpace set color space fail
09-28 17:51:20.103   921  1220 I C02d13/HDC_LOG: [daemon.cpp:1142] FetchCommand channelId:162660591 command:2
09-28 17:51:20.112 11760 11996 I C00f00/OH_DER_VSync: onOhVsync ENTRY ts=<private> data=<private>
09-28 17:51:20.112 11760 11994 I C00f00/OH_DER_VSync: scheduleVsync ENTRY receiverPtr=0x<private>
09-28 17:51:20.112 11760 11994 I C00f00/OH_DER_VSync: scheduleVsync calling RequestFrame ohVsync=<private>
09-28 17:51:20.112 11760 11994 I C00f00/OH_DER_VSync: scheduleVsync RequestFrame rc=<private>
09-28 17:51:20.113   879  2132 E C02515/DISP: [0;32;31m[SetMetadata:102] <private> is not supported[m
09-28 17:51:20.113   879  2132 E C02515/METADATA_SRV: [0;32;31m[SetMetadata:136]  fail[m
09-28 17:51:20.113   879  2132 E C01401/Bufferqueue: <surface_buffer_impl.cpp:714-SetMetadata>: SetMetadata Failed with -5
09-28 17:51:20.115   797  4165 E C02515/DISP: [0;32;31m[SetLayerMaskInfo@display_composer_vdi_impl.cpp:404] <private> is not supported[m
09-28 17:51:20.115   879  1233 E C02515/DISP: [0;32;31m[SetMetadata:102] <private> is not supported[m
09-28 17:51:20.115   879  1233 E C02515/METADATA_SRV: [0;32;31m[SetMetadata:136]  fail[m
09-28 17:51:20.115   879  1233 E C01401/Bufferqueue: <surface_buffer_impl.cpp:714-SetMetadata>: SetMetadata Failed with -5
09-28 17:51:20.116   797  4165 E C02515/DISP: [0;32;31m[SetDisplayClientDamage@display_composer_vdi_impl.cpp:179] <private> is not supported[m
09-28 17:51:20.128 11760 11996 I C00f00/OH_DER_VSync: onOhVsync ENTRY ts=<private> data=<private>
09-28 17:51:20.129   879   879 E C02515/DISP: [0;32;31m[GetMetadata:109] <private> is not supported[m
09-28 17:51:20.129 11760 11994 I C00f00/OH_DER_VSync: scheduleVsync ENTRY receiverPtr=0x<private>
09-28 17:51:20.129 11760 11994 I C00f00/OH_DER_VSync: scheduleVsync calling RequestFrame ohVsync=<private>
09-28 17:51:20.129   879   879 E C02515/DISP: [0;32;31m[GetMetadata:109] <private> is not supported[m
09-28 17:51:20.129   879   879 E C02515/DISP: [0;32;31m[GetMetadata:109] <private> is not supported[m
09-28 17:51:20.129 11760 11994 I C00f00/OH_DER_VSync: scheduleVsync RequestFrame rc=<private>
09-28 17:51:20.130   879   879 E C01406/skia: RSBaseRenderUtil::DealWithSurfaceRotationAndGravity, GetSurfaceBufferOpaque:0
09-28 17:51:20.130   879   879 E C02515/DISP: [0;32;31m[GetMetadata:109] <private> is not supported[m
09-28 17:51:20.130   879   879 E C01406/skia: RSBaseRenderUtil::DealWithSurfaceRotationAndGravity, GetSurfaceBufferOpaque:0
09-28 17:51:20.130   879   879 E C02515/DISP: [0;32;31m[GetMetadata:109] <private> is not supported[m
09-28 17:51:20.132   879  1104 E C02515/DISP: [0;32;31m[SetMetadata:102] <private> is not supported[m
09-28 17:51:20.132   879  1104 E C02515/METADATA_SRV: [0;32;31m[SetMetadata:136]  fail[m
09-28 17:51:20.132   879  1104 E C01401/Bufferqueue: <surface_buffer_impl.cpp:714-SetMetadata>: SetMetadata Failed with -5
09-28 17:51:20.132   879  1104 E C01406/skia: SurfaceNodeDrawable DrawCommSurfaceWatermark Name:BackgroundBlurView2 Id:8465380540424 water mark count is zero
09-28 17:51:20.132   879  1104 E C01406/skia: RSBaseRenderUtil::DealWithSurfaceRotationAndGravity, GetSurfaceBufferOpaque:0
09-28 17:51:20.133   879  1104 I C01406/WRAP: AHardwareBuffer_createFromHandle index = <private> handle = <private>, ahb = <private>
09-28 17:51:20.133   879  1104 E C01406/skia: SurfaceNodeDrawable DrawCommSurfaceWatermark Name:AdapterActivityContent Id:50508815400963 water mark count is zero
09-28 17:51:20.133   879  1104 E C01406/skia: RSBaseRenderUtil::DealWithSurfaceRotationAndGravity, GetSurfaceBufferOpaque:0
09-28 17:51:20.133   879  1104 I C01406/WRAP: AHardwareBuffer_createFromHandle index = <private> handle = <private>, ahb = <private>
09-28 17:51:20.133   879  1104 E C01406/skia: SurfaceNodeDrawable DrawCommSurfaceWatermark Name:AdapterSurfaceView Id:50508815400964 water mark count is zero
09-28 17:51:20.133   879  1104 E C01406/skia: SurfaceNodeDrawable DrawCommSurfaceWatermark Name:com.a2hlab.bridge.zigzag/com.unity3d.player.UnityPlayerActivity Id:50508815400961 water mark count is zero
09-28 17:51:20.133   879  1104 E C01406/skia: SurfaceNodeDrawable DrawCommSurfaceWatermark Name:WindowScene_zigzag37 Id:8465380541288 water mark count is zero
09-28 17:51:20.134   879  1104 E C01406/skia: SurfaceNodeDrawable DrawCommSurfaceWatermark Name:SCBGestureNavBar13 Id:8465380540563 water mark count is zero
09-28 17:51:20.134   879  1104 E C01406/skia: SurfaceNodeDrawable DrawCommSurfaceWatermark Name:SCBStatusBar15 Id:8465380540646 water mark count is zero
09-28 17:51:20.135   879  1104 E C02515/DISP: [0;32;31m[GetMetadata:109] <private> is not supported[m
09-28 17:51:20.135   879  1104 E C02515/DISP: [0;32;31m[SetMetadata:102] <private> is not supported[m
09-28 17:51:20.135   879  1104 E C02515/METADATA_SRV: [0;32;31m[SetMetadata:136]  fail[m
09-28 17:51:20.135   879  1104 E C01401/Bufferqueue: <surface_buffer_impl.cpp:714-SetMetadata>: SetMetadata Failed with -5
09-28 17:51:20.135   879  1104 E C01406/skia: RSUniRenderComposerAdapter::SetBufferColorSpace set color space fail
09-28 17:51:20.145 11760 11996 I C00f00/OH_DER_VSync: onOhVsync ENTRY ts=<private> data=<private>
09-28 17:51:20.145 11760 11994 I C00f00/OH_DER_VSync: scheduleVsync ENTRY receiverPtr=0x<private>
09-28 17:51:20.145 11760 11994 I C00f00/OH_DER_VSync: scheduleVsync calling RequestFrame ohVsync=<private>
09-28 17:51:20.145 11760 11994 I C00f00/OH_DER_VSync: scheduleVsync RequestFrame rc=<private>
09-28 17:51:20.147   879  2132 E C02515/DISP: [0;32;31m[SetMetadata:102] <private> is not supported[m
09-28 17:51:20.147   879  2132 E C02515/METADATA_SRV: [0;32;31m[SetMetadata:136]  fail[m
09-28 17:51:20.147   879  2132 E C01401/Bufferqueue: <surface_buffer_impl.cpp:714-SetMetadata>: SetMetadata Failed with -5
09-28 17:51:20.148   797  4165 E C02515/DISP: [0;32;31m[SetLayerMaskInfo@display_composer_vdi_impl.cpp:404] <private> is not supported[m
09-28 17:51:20.148   879  1233 E C02515/DISP: [0;32;31m[SetMetadata:102] <private> is not supported[m
09-28 17:51:20.148   879  1233 E C02515/METADATA_SRV: [0;32;31m[SetMetadata:136]  fail[m
09-28 17:51:20.148   879  1233 E C01401/Bufferqueue: <surface_buffer_impl.cpp:714-SetMetadata>: SetMetadata Failed with -5
09-28 17:51:20.149   797  4165 E C02515/DISP: [0;32;31m[SetDisplayClientDamage@display_composer_vdi_impl.cpp:179] <private> is not supported[m
09-28 17:51:20.162 11760 11996 I C00f00/OH_DER_VSync: onOhVsync ENTRY ts=<private> data=<private>
09-28 17:51:20.162 11760 11994 I C00f00/OH_DER_VSync: scheduleVsync ENTRY receiverPtr=0x<private>
09-28 17:51:20.162 11760 11994 I C00f00/OH_DER_VSync: scheduleVsync calling RequestFrame ohVsync=<private>
09-28 17:51:20.162   879   879 E C02515/DISP: [0;32;31m[GetMetadata:109] <private> is not supported[m
09-28 17:51:20.162 11760 11994 I C00f00/OH_DER_VSync: scheduleVsync RequestFrame rc=<private>
09-28 17:51:20.162   879   879 E C02515/DISP: [0;32;31m[GetMetadata:109] <private> is not supported[m
09-28 17:51:20.162   879   879 E C02515/DISP: [0;32;31m[GetMetadata:109] <private> is not supported[m
09-28 17:51:20.163   879   879 E C01406/skia: RSBaseRenderUtil::DealWithSurfaceRotationAndGravity, GetSurfaceBufferOpaque:0
09-28 17:51:20.163   879   879 E C02515/DISP: [0;32;31m[GetMetadata:109] <private> is not supported[m
09-28 17:51:20.163   879   879 E C01406/skia: RSBaseRenderUtil::DealWithSurfaceRotationAndGravity, GetSurfaceBufferOpaque:0
09-28 17:51:20.163   879   879 E C02515/DISP: [0;32;31m[GetMetadata:109] <private> is not supported[m
09-28 17:51:20.165   879  1104 E C02515/DISP: [0;32;31m[SetMetadata:102] <private> is not supported[m
09-28 17:51:20.165   879  1104 E C02515/METADATA_SRV: [0;32;31m[SetMetadata:136]  fail[m
09-28 17:51:20.165   879  1104 E C01401/Bufferqueue: <surface_buffer_impl.cpp:714-SetMetadata>: SetMetadata Failed with -5
09-28 17:51:20.166   879  1104 E C01406/skia: SurfaceNodeDrawable DrawCommSurfaceWatermark Name:BackgroundBlurView2 Id:8465380540424 water mark count is zero
09-28 17:51:20.166   879  1104 E C01406/skia: RSBaseRenderUtil::DealWithSurfaceRotationAndGravity, GetSurfaceBufferOpaque:0
09-28 17:51:20.166   879  1104 I C01406/WRAP: AHardwareBuffer_createFromHandle index = <private> handle = <private>, ahb = <private>
09-28 17:51:20.166   879  1104 E C01406/skia: SurfaceNodeDrawable DrawCommSurfaceWatermark Name:AdapterActivityContent Id:50508815400963 water mark count is zero
09-28 17:51:20.166   879  1104 E C01406/skia: RSBaseRenderUtil::DealWithSurfaceRotationAndGravity, GetSurfaceBufferOpaque:0
09-28 17:51:20.166   879  1104 I C01406/WRAP: AHardwareBuffer_createFromHandle index = <private> handle = <private>, ahb = <private>
09-28 17:51:20.166   879  1104 E C01406/skia: SurfaceNodeDrawable DrawCommSurfaceWatermark Name:AdapterSurfaceView Id:50508815400964 water mark count is zero
09-28 17:51:20.166   879  1104 E C01406/skia: SurfaceNodeDrawable DrawCommSurfaceWatermark Name:com.a2hlab.bridge.zigzag/com.unity3d.player.UnityPlayerActivity Id:50508815400961 water mark count is zero
09-28 17:51:20.166   879  1104 E C01406/skia: SurfaceNodeDrawable DrawCommSurfaceWatermark Name:WindowScene_zigzag37 Id:8465380541288 water mark count is zero
09-28 17:51:20.167   879  1104 E C01406/skia: SurfaceNodeDrawable DrawCommSurfaceWatermark Name:SCBGestureNavBar13 Id:8465380540563 water mark count is zero
09-28 17:51:20.167   879  1104 E C01406/skia: SurfaceNodeDrawable DrawCommSurfaceWatermark Name:SCBStatusBar15 Id:8465380540646 water mark count is zero
09-28 17:51:20.168   879  1104 E C02515/DISP: [0;32;31m[GetMetadata:109] <private> is not supported[m
09-28 17:51:20.168   879  1104 E C02515/DISP: [0;32;31m[SetMetadata:102] <private> is not supported[m
09-28 17:51:20.168   879  1104 E C02515/METADATA_SRV: [0;32;31m[SetMetadata:136]  fail[m
09-28 17:51:20.168   879  1104 E C01401/Bufferqueue: <surface_buffer_impl.cpp:714-SetMetadata>: SetMetadata Failed with -5
09-28 17:51:20.168   879  1104 E C01406/skia: RSUniRenderComposerAdapter::SetBufferColorSpace set color space fail
09-28 17:51:20.178 11760 11996 I C00f00/OH_DER_VSync: onOhVsync ENTRY ts=<private> data=<private>
09-28 17:51:20.179 11760 11994 I C00f00/OH_DER_VSync: scheduleVsync ENTRY receiverPtr=0x<private>
09-28 17:51:20.179 11760 11994 I C00f00/OH_DER_VSync: scheduleVsync calling RequestFrame ohVsync=<private>
09-28 17:51:20.179 11760 11994 I C00f00/OH_DER_VSync: scheduleVsync RequestFrame rc=<private>
09-28 17:51:20.180   879  2132 E C02515/DISP: [0;32;31m[SetMetadata:102] <private> is not supported[m
09-28 17:51:20.180   879  2132 E C02515/METADATA_SRV: [0;32;31m[SetMetadata:136]  fail[m
09-28 17:51:20.180   879  2132 E C01401/Bufferqueue: <surface_buffer_impl.cpp:714-SetMetadata>: SetMetadata Failed with -5
09-28 17:51:20.181   797  4165 E C02515/DISP: [0;32;31m[SetLayerMaskInfo@display_composer_vdi_impl.cpp:404] <private> is not supported[m
09-28 17:51:20.181   879  1233 E C02515/DISP: [0;32;31m[SetMetadata:102] <private> is not supported[m
09-28 17:51:20.181   879  1233 E C02515/METADATA_SRV: [0;32;31m[SetMetadata:136]  fail[m
09-28 17:51:20.181   879  1233 E C01401/Bufferqueue: <surface_buffer_impl.cpp:714-SetMetadata>: SetMetadata Failed with -5
09-28 17:51:20.182   797  4165 E C02515/DISP: [0;32;31m[SetDisplayClientDamage@display_composer_vdi_impl.cpp:179] <private> is not supported[m
09-28 17:51:20.194   921  1220 I C02d13/HDC_LOG: [daemon.cpp:1142] FetchCommand channelId:2898252469 command:1001
09-28 17:51:20.194   921  1220 I C02d13/HDC_LOG: [session.cpp:1652] New HTaskInfo cid:2898252469 sid:252******606(L:10) command:1001
09-28 17:51:20.195   921  1220 I C02d13/HDC_LOG: [session.cpp:891] AdminTask add task type:0 cid:2898252469 sid:252******606(L:10) mapsize:2
09-28 17:51:20.195   921  1220 I C02d13/HDC_LOG: [task.cpp:34] HdcTaskBase type:0 cid:2898252469 sid:252******606(L:10)
09-28 17:51:20.195   921  1220 I C02d13/HDC_LOG: [daemon_unity.cpp:414] Unity CommandDispatch command:1001 cid:2898252469 sid:252******606(L:10)
09-28 17:51:20.195   921  1220 W C02d13/HDC_LOG: [async_cmd.cpp:114] GetDevItem false key:persist.hdc.root
09-28 17:51:20.195 11760 11996 I C00f00/OH_DER_VSync: onOhVsync ENTRY ts=<private> data=<private>
09-28 17:51:20.195   879   879 E C02515/DISP: [0;32;31m[GetMetadata:109] <private> is not supported[m
09-28 17:51:20.195   921 12500 I C02d13/HDC_LOG: [async_cmd.cpp:225] Popen pipe fds[pipeRead]:33 fds[pipeWrite]:34, mode 0
09-28 17:51:20.195 11760 11994 I C00f00/OH_DER_VSync: scheduleVsync ENTRY receiverPtr=0x<private>
09-28 17:51:20.195 11760 11994 I C00f00/OH_DER_VSync: scheduleVsync calling RequestFrame ohVsync=<private>
09-28 17:51:20.195   879   879 E C02515/DISP: [0;32;31m[GetMetadata:109] <private> is not supported[m
09-28 17:51:20.195   879   879 E C02515/DISP: [0;32;31m[GetMetadata:109] <private> is not supported[m
09-28 17:51:20.195 11760 11994 I C00f00/OH_DER_VSync: scheduleVsync RequestFrame rc=<private>
09-28 17:51:20.197   879   879 E C01406/skia: RSBaseRenderUtil::DealWithSurfaceRotationAndGravity, GetSurfaceBufferOpaque:0
09-28 17:51:20.197   879   879 E C02515/DISP: [0;32;31m[GetMetadata:109] <private> is not supported[m
09-28 17:51:20.197   879   879 E C01406/skia: RSBaseRenderUtil::DealWithSurfaceRotationAndGravity, GetSurfaceBufferOpaque:0
09-28 17:51:20.197   879   879 E C02515/DISP: [0;32;31m[GetMetadata:109] <private> is not supported[m
09-28 17:51:20.199   921  1220 I C02d13/HDC_LOG: [async_cmd.cpp:291] ExecuteCommand cmd:param get const.product.os.dist.apiname fd:33 pid:12501
09-28 17:51:20.199   879  1104 E C02515/DISP: [0;32;31m[SetMetadata:102] <private> is not supported[m
09-28 17:51:20.199   879  1104 E C02515/METADATA_SRV: [0;32;31m[SetMetadata:136]  fail[m
09-28 17:51:20.199   879  1104 E C01401/Bufferqueue: <surface_buffer_impl.cpp:714-SetMetadata>: SetMetadata Failed with -5
09-28 17:51:20.199   921  1220 I C02d13/HDC_LOG: [daemon_unity.cpp:486] Unity CommandDispatch command:1001 finish cid:2898252469 sid:252******606(L:10)
09-28 17:51:20.199   879  1104 E C01406/skia: SurfaceNodeDrawable DrawCommSurfaceWatermark Name:BackgroundBlurView2 Id:8465380540424 water mark count is zero
09-28 17:51:20.199   879  1104 E C01406/skia: RSBaseRenderUtil::DealWithSurfaceRotationAndGravity, GetSurfaceBufferOpaque:0
09-28 17:51:20.200   879  1104 I C01406/WRAP: AHardwareBuffer_createFromHandle index = <private> handle = <private>, ahb = <private>
09-28 17:51:20.200   879  1104 E C01406/skia: SurfaceNodeDrawable DrawCommSurfaceWatermark Name:AdapterActivityContent Id:50508815400963 water mark count is zero
09-28 17:51:20.200   879  1104 E C01406/skia: RSBaseRenderUtil::DealWithSurfaceRotationAndGravity, GetSurfaceBufferOpaque:0
09-28 17:51:20.200   879  1104 I C01406/WRAP: AHardwareBuffer_createFromHandle index = <private> handle = <private>, ahb = <private>
09-28 17:51:20.200   879  1104 E C01406/skia: SurfaceNodeDrawable DrawCommSurfaceWatermark Name:AdapterSurfaceView Id:50508815400964 water mark count is zero
09-28 17:51:20.200   879  1104 E C01406/skia: SurfaceNodeDrawable DrawCommSurfaceWatermark Name:com.a2hlab.bridge.zigzag/com.unity3d.player.UnityPlayerActivity Id:50508815400961 water mark count is zero
09-28 17:51:20.200   879  1104 E C01406/skia: SurfaceNodeDrawable DrawCommSurfaceWatermark Name:WindowScene_zigzag37 Id:8465380541288 water mark count is zero
09-28 17:51:20.200 12501 12501 W C02d13/HDC_LOG: [async_cmd.cpp:140] SetSelinuxLabel con:u:r:su:s0 isRoot:0
09-28 17:51:20.201   879  1104 E C01406/skia: SurfaceNodeDrawable DrawCommSurfaceWatermark Name:SCBGestureNavBar13 Id:8465380540563 water mark count is zero
09-28 17:51:20.201   879  1104 E C01406/skia: SurfaceNodeDrawable DrawCommSurfaceWatermark Name:SCBStatusBar15 Id:8465380540646 water mark count is zero
09-28 17:51:20.202   879  1104 E C02515/DISP: [0;32;31m[GetMetadata:109] <private> is not supported[m
09-28 17:51:20.202   879  1104 E C02515/DISP: [0;32;31m[SetMetadata:102] <private> is not supported[m
09-28 17:51:20.202   879  1104 E C02515/METADATA_SRV: [0;32;31m[SetMetadata:136]  fail[m
09-28 17:51:20.202   879  1104 E C01401/Bufferqueue: <surface_buffer_impl.cpp:714-SetMetadata>: SetMetadata Failed with -5
09-28 17:51:20.202   879  1104 E C01406/skia: RSUniRenderComposerAdapter::SetBufferColorSpace set color space fail
09-28 17:51:20.212 11760 11996 I C00f00/OH_DER_VSync: onOhVsync ENTRY ts=<private> data=<private>
09-28 17:51:20.212 11760 11994 I C00f00/OH_DER_VSync: scheduleVsync ENTRY receiverPtr=0x<private>
09-28 17:51:20.212 11760 11994 I C00f00/OH_DER_VSync: scheduleVsync calling RequestFrame ohVsync=<private>
09-28 17:51:20.212 11760 11994 I C00f00/OH_DER_VSync: scheduleVsync RequestFrame rc=<private>
09-28 17:51:20.213 11760 11799 I C00f00/appspawn-x: [<private>:<private>] <private>
09-28 17:51:20.214   879  2132 E C02515/DISP: [0;32;31m[SetMetadata:102] <private> is not supported[m
09-28 17:51:20.214   879  2132 E C02515/METADATA_SRV: [0;32;31m[SetMetadata:136]  fail[m
09-28 17:51:20.214   879  2132 E C01401/Bufferqueue: <surface_buffer_impl.cpp:714-SetMetadata>: SetMetadata Failed with -5
09-28 17:51:20.215   797  4165 E C02515/DISP: [0;32;31m[SetLayerMaskInfo@display_composer_vdi_impl.cpp:404] <private> is not supported[m
09-28 17:51:20.215   879  1233 E C02515/DISP: [0;32;31m[SetMetadata:102] <private> is not supported[m
09-28 17:51:20.215   879  1233 E C02515/METADATA_SRV: [0;32;31m[SetMetadata:136]  fail[m
09-28 17:51:20.215   879  1233 E C01401/Bufferqueue: <surface_buffer_impl.cpp:714-SetMetadata>: SetMetadata Failed with -5
09-28 17:51:20.216   797  4165 E C02515/DISP: [0;32;31m[SetDisplayClientDamage@display_composer_vdi_impl.cpp:179] <private> is not supported[m
09-28 17:51:20.229   879   879 E C02515/DISP: [0;32;31m[GetMetadata:109] <private> is not supported[m
09-28 17:51:20.229   879   879 E C02515/DISP: [0;32;31m[GetMetadata:109] <private> is not supported[m
09-28 17:51:20.229   879   879 E C02515/DISP: [0;32;31m[GetMetadata:109] <private> is not supported[m
09-28 17:51:20.229   879   879 E C01406/skia: RSBaseRenderUtil::DealWithSurfaceRotationAndGravity, GetSurfaceBufferOpaque:0
09-28 17:51:20.229   879   879 E C02515/DISP: [0;32;31m[GetMetadata:109] <private> is not supported[m
09-28 17:51:20.229   879   879 E C01406/skia: RSBaseRenderUtil::DealWithSurfaceRotationAndGravity, GetSurfaceBufferOpaque:0
09-28 17:51:20.229   879   879 E C02515/DISP: [0;32;31m[GetMetadata:109] <private> is not supported[m
09-28 17:51:20.230 11760 11996 I C00f00/OH_DER_VSync: onOhVsync ENTRY ts=<private> data=<private>
09-28 17:51:20.230 11760 11994 I C00f00/OH_DER_VSync: scheduleVsync ENTRY receiverPtr=0x<private>
09-28 17:51:20.230 11760 11994 I C00f00/OH_DER_VSync: scheduleVsync calling RequestFrame ohVsync=<private>
09-28 17:51:20.230   879  1104 E C02515/DISP: [0;32;31m[SetMetadata:102] <private> is not supported[m
09-28 17:51:20.230   879  1104 E C02515/METADATA_SRV: [0;32;31m[SetMetadata:136]  fail[m
09-28 17:51:20.230   879  1104 E C01401/Bufferqueue: <surface_buffer_impl.cpp:714-SetMetadata>: SetMetadata Failed with -5
09-28 17:51:20.231 11760 11994 I C00f00/OH_DER_VSync: scheduleVsync RequestFrame rc=<private>
09-28 17:51:20.231   879  1104 E C01406/skia: SurfaceNodeDrawable DrawCommSurfaceWatermark Name:BackgroundBlurView2 Id:8465380540424 water mark count is zero
09-28 17:51:20.231   879  1104 E C01406/skia: RSBaseRenderUtil::DealWithSurfaceRotationAndGravity, GetSurfaceBufferOpaque:0
09-28 17:51:20.231   879  1104 I C01406/WRAP: AHardwareBuffer_createFromHandle index = <private> handle = <private>, ahb = <private>
09-28 17:51:20.231   879  1104 E C01406/skia: SurfaceNodeDrawable DrawCommSurfaceWatermark Name:AdapterActivityContent Id:50508815400963 water mark count is zero
09-28 17:51:20.231   879  1104 E C01406/skia: RSBaseRenderUtil::DealWithSurfaceRotationAndGravity, GetSurfaceBufferOpaque:0
09-28 17:51:20.232   879  1104 I C01406/WRAP: AHardwareBuffer_createFromHandle index = <private> handle = <private>, ahb = <private>
09-28 17:51:20.232   879  1104 E C01406/skia: SurfaceNodeDrawable DrawCommSurfaceWatermark Name:AdapterSurfaceView Id:50508815400964 water mark count is zero
09-28 17:51:20.232   879  1104 E C01406/skia: SurfaceNodeDrawable DrawCommSurfaceWatermark Name:com.a2hlab.bridge.zigzag/com.unity3d.player.UnityPlayerActivity Id:50508815400961 water mark count is zero
09-28 17:51:20.232   879  1104 E C01406/skia: SurfaceNodeDrawable DrawCommSurfaceWatermark Name:WindowScene_zigzag37 Id:8465380541288 water mark count is zero
09-28 17:51:20.232   879  1104 E C01406/skia: SurfaceNodeDrawable DrawCommSurfaceWatermark Name:SCBGestureNavBar13 Id:8465380540563 water mark count is zero
09-28 17:51:20.233   879  1104 E C01406/skia: SurfaceNodeDrawable DrawCommSurfaceWatermark Name:SCBStatusBar15 Id:8465380540646 water mark count is zero
09-28 17:51:20.234   879  1104 E C02515/DISP: [0;32;31m[GetMetadata:109] <private> is not supported[m
09-28 17:51:20.234   879  1104 E C02515/DISP: [0;32;31m[SetMetadata:102] <private> is not supported[m
09-28 17:51:20.234   879  1104 E C02515/METADATA_SRV: [0;32;31m[SetMetadata:136]  fail[m
09-28 17:51:20.234   879  1104 E C01401/Bufferqueue: <surface_buffer_impl.cpp:714-SetMetadata>: SetMetadata Failed with -5
09-28 17:51:20.234   879  1104 E C01406/skia: RSUniRenderComposerAdapter::SetBufferColorSpace set color space fail
09-28 17:51:20.237   921 12502 I C02d13/HDC_LOG: [async_cmd.cpp:88] FinishShellProc finish pipeRead fd:33 pid:12501 count:1
09-28 17:51:20.237   921 12502 I C02d13/HDC_LOG: [task.cpp:55] HdcTaskBase::TaskFinish notify begin type:0 cid:2898252469 sid:252******606(L:10)
09-28 17:51:20.237   921 12502 I C02d13/HDC_LOG: [task.cpp:58] HdcTaskBase::TaskFinish notify end type:0 cid:2898252469 sid:252******606(L:10)
09-28 17:51:20.239   921  1220 I C02d13/HDC_LOG: [daemon.cpp:1142] FetchCommand channelId:2898252469 command:2
09-28 17:51:20.239   921  1220 W C02d13/HDC_LOG: [session.cpp:160] BeginRemoveTask taskType:0 channelId:2898252469
09-28 17:51:20.239   921  1220 W C02d13/HDC_LOG: [session.cpp:190] ClearOwnTasks OP_CLEAR finish, sessionId:252******606(L:10) channelIDInput:2898252469
09-28 17:51:20.239   921  1220 W C02d13/HDC_LOG: [session.cpp:115] taskClassDeleteRetry start clear task, taskType:0 cid:2898252469 sid:252******606(L:10)
09-28 17:51:20.239   921  1220 I C02d13/HDC_LOG: [async_cmd.cpp:69] DoRelease rc:-3 pid:12501
09-28 17:51:20.239   921  1220 I C02d13/HDC_LOG: [session.cpp:126] TaskDelay task remove retry count 0/30, taskType:0 channelId:2898252469, sessionId:252******606(L:10)
09-28 17:51:20.239   921  1220 I C02d13/HDC_LOG: [daemon_unity.cpp:31] ~HdcDaemonUnity cid:2898252469 sid:252******606(L:10)
09-28 17:51:20.239   921  1220 I C02d13/HDC_LOG: [task.cpp:40] ~HdcTaskBase type:0 cid:2898252469 sid:252******606(L:10)
09-28 17:51:20.239   921  1220 W C02d13/HDC_LOG: [session.cpp:134] TaskDelay task remove finish, channelId:2898252469
09-28 17:51:20.239   921  1220 I C02d13/HDC_LOG: [base.cpp:969] before uv handle close, the uv handle type is 13
09-28 17:51:20.244   921  1220 I C02d13/HDC_LOG: [daemon.cpp:1142] FetchCommand channelId:2898252469 command:2
09-28 17:51:20.245 11760 11996 I C00f00/OH_DER_VSync: onOhVsync ENTRY ts=<private> data=<private>
09-28 17:51:20.245 11760 11994 I C00f00/OH_DER_VSync: scheduleVsync ENTRY receiverPtr=0x<private>
09-28 17:51:20.245 11760 11994 I C00f00/OH_DER_VSync: scheduleVsync calling RequestFrame ohVsync=<private>
09-28 17:51:20.245 11760 11994 I C00f00/OH_DER_VSync: scheduleVsync RequestFrame rc=<private>
09-28 17:51:20.247   879  2132 E C02515/DISP: [0;32;31m[SetMetadata:102] <private> is not supported[m
09-28 17:51:20.247   879  2132 E C02515/METADATA_SRV: [0;32;31m[SetMetadata:136]  fail[m
09-28 17:51:20.247   879  2132 E C01401/Bufferqueue: <surface_buffer_impl.cpp:714-SetMetadata>: SetMetadata Failed with -5
09-28 17:51:20.248   797  4165 E C02515/DISP: [0;32;31m[SetLayerMaskInfo@display_composer_vdi_impl.cpp:404] <private> is not supported[m
09-28 17:51:20.248   879  1233 E C02515/DISP: [0;32;31m[SetMetadata:102] <private> is not supported[m
09-28 17:51:20.248   879  1233 E C02515/METADATA_SRV: [0;32;31m[SetMetadata:136]  fail[m
09-28 17:51:20.248   879  1233 E C01401/Bufferqueue: <surface_buffer_impl.cpp:714-SetMetadata>: SetMetadata Failed with -5
09-28 17:51:20.249   797  4165 E C02515/DISP: [0;32;31m[SetDisplayClientDamage@display_composer_vdi_impl.cpp:179] <private> is not supported[m
09-28 17:51:20.262 11760 11996 I C00f00/OH_DER_VSync: onOhVsync ENTRY ts=<private> data=<private>
09-28 17:51:20.262 11760 11994 I C00f00/OH_DER_VSync: scheduleVsync ENTRY receiverPtr=0x<private>
09-28 17:51:20.262 11760 11994 I C00f00/OH_DER_VSync: scheduleVsync calling RequestFrame ohVsync=<private>
09-28 17:51:20.262   879   879 E C02515/DISP: [0;32;31m[GetMetadata:109] <private> is not supported[m
09-28 17:51:20.262 11760 11994 I C00f00/OH_DER_VSync: scheduleVsync RequestFrame rc=<private>
09-28 17:51:20.262   879   879 E C02515/DISP: [0;32;31m[GetMetadata:109] <private> is not supported[m
09-28 17:51:20.262   879   879 E C02515/DISP: [0;32;31m[GetMetadata:109] <private> is not supported[m
09-28 17:51:20.263   879   879 E C01406/skia: RSBaseRenderUtil::DealWithSurfaceRotationAndGravity, GetSurfaceBufferOpaque:0
09-28 17:51:20.264   879   879 E C02515/DISP: [0;32;31m[GetMetadata:109] <private> is not supported[m
09-28 17:51:20.264   879   879 E C01406/skia: RSBaseRenderUtil::DealWithSurfaceRotationAndGravity, GetSurfaceBufferOpaque:0
09-28 17:51:20.264   879   879 E C02515/DISP: [0;32;31m[GetMetadata:109] <private> is not supported[m
09-28 17:51:20.265   879  1104 E C02515/DISP: [0;32;31m[SetMetadata:102] <private> is not supported[m
09-28 17:51:20.265   879  1104 E C02515/METADATA_SRV: [0;32;31m[SetMetadata:136]  fail[m
09-28 17:51:20.265   879  1104 E C01401/Bufferqueue: <surface_buffer_impl.cpp:714-SetMetadata>: SetMetadata Failed with -5
09-28 17:51:20.266   879  1104 E C01406/skia: SurfaceNodeDrawable DrawCommSurfaceWatermark Name:BackgroundBlurView2 Id:8465380540424 water mark count is zero
09-28 17:51:20.266   879  1104 E C01406/skia: RSBaseRenderUtil::DealWithSurfaceRotationAndGravity, GetSurfaceBufferOpaque:0
09-28 17:51:20.266   879  1104 I C01406/WRAP: AHardwareBuffer_createFromHandle index = <private> handle = <private>, ahb = <private>
09-28 17:51:20.266   879  1104 E C01406/skia: SurfaceNodeDrawable DrawCommSurfaceWatermark Name:AdapterActivityContent Id:50508815400963 water mark count is zero
09-28 17:51:20.266   879  1104 E C01406/skia: RSBaseRenderUtil::DealWithSurfaceRotationAndGravity, GetSurfaceBufferOpaque:0
09-28 17:51:20.266   879  1104 I C01406/WRAP: AHardwareBuffer_createFromHandle index = <private> handle = <private>, ahb = <private>
09-28 17:51:20.267   879  1104 E C01406/skia: SurfaceNodeDrawable DrawCommSurfaceWatermark Name:AdapterSurfaceView Id:50508815400964 water mark count is zero
09-28 17:51:20.267   879  1104 E C01406/skia: SurfaceNodeDrawable DrawCommSurfaceWatermark Name:com.a2hlab.bridge.zigzag/com.unity3d.player.UnityPlayerActivity Id:50508815400961 water mark count is zero
09-28 17:51:20.267   879  1104 E C01406/skia: SurfaceNodeDrawable DrawCommSurfaceWatermark Name:WindowScene_zigzag37 Id:8465380541288 water mark count is zero
09-28 17:51:20.267   879  1104 E C01406/skia: SurfaceNodeDrawable DrawCommSurfaceWatermark Name:SCBGestureNavBar13 Id:8465380540563 water mark count is zero
09-28 17:51:20.267   879  1104 E C01406/skia: SurfaceNodeDrawable DrawCommSurfaceWatermark Name:SCBStatusBar15 Id:8465380540646 water mark count is zero
09-28 17:51:20.269   879  1104 E C02515/DISP: [0;32;31m[GetMetadata:109] <private> is not supported[m
09-28 17:51:20.269   879  1104 E C02515/DISP: [0;32;31m[SetMetadata:102] <private> is not supported[m
09-28 17:51:20.269   879  1104 E C02515/METADATA_SRV: [0;32;31m[SetMetadata:136]  fail[m
09-28 17:51:20.269   879  1104 E C01401/Bufferqueue: <surface_buffer_impl.cpp:714-SetMetadata>: SetMetadata Failed with -5
09-28 17:51:20.269   879  1104 E C01406/skia: RSUniRenderComposerAdapter::SetBufferColorSpace set color space fail
09-28 17:51:20.278 11760 11996 I C00f00/OH_DER_VSync: onOhVsync ENTRY ts=<private> data=<private>
09-28 17:51:20.279 11760 11994 I C00f00/OH_DER_VSync: scheduleVsync ENTRY receiverPtr=0x<private>
09-28 17:51:20.279 11760 11994 I C00f00/OH_DER_VSync: scheduleVsync calling RequestFrame ohVsync=<private>
09-28 17:51:20.279 11760 11994 I C00f00/OH_DER_VSync: scheduleVsync RequestFrame rc=<private>
09-28 17:51:20.280   879  2132 E C02515/DISP: [0;32;31m[SetMetadata:102] <private> is not supported[m
09-28 17:51:20.280   879  2132 E C02515/METADATA_SRV: [0;32;31m[SetMetadata:136]  fail[m
09-28 17:51:20.280   879  2132 E C01401/Bufferqueue: <surface_buffer_impl.cpp:714-SetMetadata>: SetMetadata Failed with -5
09-28 17:51:20.281   797  4165 E C02515/DISP: [0;32;31m[SetLayerMaskInfo@display_composer_vdi_impl.cpp:404] <private> is not supported[m
09-28 17:51:20.281   879  1233 E C02515/DISP: [0;32;31m[SetMetadata:102] <private> is not supported[m
09-28 17:51:20.281   879  1233 E C02515/METADATA_SRV: [0;32;31m[SetMetadata:136]  fail[m
09-28 17:51:20.282   879  1233 E C01401/Bufferqueue: <surface_buffer_impl.cpp:714-SetMetadata>: SetMetadata Failed with -5
09-28 17:51:20.282   797  4165 E C02515/DISP: [0;32;31m[SetDisplayClientDamage@display_composer_vdi_impl.cpp:179] <private> is not supported[m
09-28 17:51:20.295 11760 11996 I C00f00/OH_DER_VSync: onOhVsync ENTRY ts=<private> data=<private>
09-28 17:51:20.295 11760 11994 I C00f00/OH_DER_VSync: scheduleVsync ENTRY receiverPtr=0x<private>
09-28 17:51:20.295 11760 11994 I C00f00/OH_DER_VSync: scheduleVsync calling RequestFrame ohVsync=<private>
09-28 17:51:20.295   879   879 E C02515/DISP: [0;32;31m[GetMetadata:109] <private> is not supported[m
09-28 17:51:20.295 11760 11994 I C00f00/OH_DER_VSync: scheduleVsync RequestFrame rc=<private>
09-28 17:51:20.295   879   879 E C02515/DISP: [0;32;31m[GetMetadata:109] <private> is not supported[m
09-28 17:51:20.296   879   879 E C02515/DISP: [0;32;31m[GetMetadata:109] <private> is not supported[m
09-28 17:51:20.297   879   879 E C01406/skia: RSBaseRenderUtil::DealWithSurfaceRotationAndGravity, GetSurfaceBufferOpaque:0
09-28 17:51:20.297   879   879 E C02515/DISP: [0;32;31m[GetMetadata:109] <private> is not supported[m
09-28 17:51:20.297   879   879 E C01406/skia: RSBaseRenderUtil::DealWithSurfaceRotationAndGravity, GetSurfaceBufferOpaque:0
09-28 17:51:20.297   879   879 E C02515/DISP: [0;32;31m[GetMetadata:109] <private> is not supported[m
09-28 17:51:20.299   879  1104 E C02515/DISP: [0;32;31m[SetMetadata:102] <private> is not supported[m
09-28 17:51:20.299   879  1104 E C02515/METADATA_SRV: [0;32;31m[SetMetadata:136]  fail[m
09-28 17:51:20.299   879  1104 E C01401/Bufferqueue: <surface_buffer_impl.cpp:714-SetMetadata>: SetMetadata Failed with -5
09-28 17:51:20.299   879  1104 E C01406/skia: SurfaceNodeDrawable DrawCommSurfaceWatermark Name:BackgroundBlurView2 Id:8465380540424 water mark count is zero
09-28 17:51:20.299   879  1104 E C01406/skia: RSBaseRenderUtil::DealWithSurfaceRotationAndGravity, GetSurfaceBufferOpaque:0
09-28 17:51:20.299   879  1104 I C01406/WRAP: AHardwareBuffer_createFromHandle index = <private> handle = <private>, ahb = <private>
09-28 17:51:20.300   879  1104 E C01406/skia: SurfaceNodeDrawable DrawCommSurfaceWatermark Name:AdapterActivityContent Id:50508815400963 water mark count is zero
09-28 17:51:20.300   879  1104 E C01406/skia: RSBaseRenderUtil::DealWithSurfaceRotationAndGravity, GetSurfaceBufferOpaque:0
09-28 17:51:20.300   879  1104 I C01406/WRAP: AHardwareBuffer_createFromHandle index = <private> handle = <private>, ahb = <private>
09-28 17:51:20.300   879  1104 E C01406/skia: SurfaceNodeDrawable DrawCommSurfaceWatermark Name:AdapterSurfaceView Id:50508815400964 water mark count is zero
09-28 17:51:20.300   879  1104 E C01406/skia: SurfaceNodeDrawable DrawCommSurfaceWatermark Name:com.a2hlab.bridge.zigzag/com.unity3d.player.UnityPlayerActivity Id:50508815400961 water mark count is zero
09-28 17:51:20.300   879  1104 E C01406/skia: SurfaceNodeDrawable DrawCommSurfaceWatermark Name:WindowScene_zigzag37 Id:8465380541288 water mark count is zero
09-28 17:51:20.300   879  1104 E C01406/skia: SurfaceNodeDrawable DrawCommSurfaceWatermark Name:SCBGestureNavBar13 Id:8465380540563 water mark count is zero
09-28 17:51:20.300   879  1104 E C01406/skia: SurfaceNodeDrawable DrawCommSurfaceWatermark Name:SCBStatusBar15 Id:8465380540646 water mark count is zero
09-28 17:51:20.302   879  1104 E C02515/DISP: [0;32;31m[GetMetadata:109] <private> is not supported[m
09-28 17:51:20.302   879  1104 E C02515/DISP: [0;32;31m[SetMetadata:102] <private> is not supported[m
09-28 17:51:20.302   879  1104 E C02515/METADATA_SRV: [0;32;31m[SetMetadata:136]  fail[m
09-28 17:51:20.302   879  1104 E C01401/Bufferqueue: <surface_buffer_impl.cpp:714-SetMetadata>: SetMetadata Failed with -5
09-28 17:51:20.302   879  1104 E C01406/skia: RSUniRenderComposerAdapter::SetBufferColorSpace set color space fail
09-28 17:51:20.312 11760 11996 I C00f00/OH_DER_VSync: onOhVsync ENTRY ts=<private> data=<private>
09-28 17:51:20.312 11760 11994 I C00f00/OH_DER_VSync: scheduleVsync ENTRY receiverPtr=0x<private>
09-28 17:51:20.312 11760 11994 I C00f00/OH_DER_VSync: scheduleVsync calling RequestFrame ohVsync=<private>
09-28 17:51:20.312 11760 11994 I C00f00/OH_DER_VSync: scheduleVsync RequestFrame rc=<private>
09-28 17:51:20.314   879  2132 E C02515/DISP: [0;32;31m[SetMetadata:102] <private> is not supported[m
09-28 17:51:20.314   879  2132 E C02515/METADATA_SRV: [0;32;31m[SetMetadata:136]  fail[m
09-28 17:51:20.314   879  2132 E C01401/Bufferqueue: <surface_buffer_impl.cpp:714-SetMetadata>: SetMetadata Failed with -5
09-28 17:51:20.314   797  4165 E C02515/DISP: [0;32;31m[SetLayerMaskInfo@display_composer_vdi_impl.cpp:404] <private> is not supported[m
09-28 17:51:20.314   879  1233 E C02515/DISP: [0;32;31m[SetMetadata:102] <private> is not supported[m
09-28 17:51:20.314   879  1233 E C02515/METADATA_SRV: [0;32;31m[SetMetadata:136]  fail[m
09-28 17:51:20.314   879  1233 E C01401/Bufferqueue: <surface_buffer_impl.cpp:714-SetMetadata>: SetMetadata Failed with -5
09-28 17:51:20.315   797  4165 E C02515/DISP: [0;32;31m[SetDisplayClientDamage@display_composer_vdi_impl.cpp:179] <private> is not supported[m
09-28 17:51:20.318   921  1220 I C02d13/HDC_LOG: [daemon.cpp:1142] FetchCommand channelId:1491057266 command:1001
09-28 17:51:20.318   921  1220 I C02d13/HDC_LOG: [session.cpp:1652] New HTaskInfo cid:1491057266 sid:252******606(L:10) command:1001
09-28 17:51:20.318   921  1220 I C02d13/HDC_LOG: [session.cpp:891] AdminTask add task type:0 cid:1491057266 sid:252******606(L:10) mapsize:2
09-28 17:51:20.318   921  1220 I C02d13/HDC_LOG: [task.cpp:34] HdcTaskBase type:0 cid:1491057266 sid:252******606(L:10)
09-28 17:51:20.318   921  1220 I C02d13/HDC_LOG: [daemon_unity.cpp:414] Unity CommandDispatch command:1001 cid:1491057266 sid:252******606(L:10)
09-28 17:51:20.318   921  1220 W C02d13/HDC_LOG: [async_cmd.cpp:114] GetDevItem false key:persist.hdc.root
09-28 17:51:20.319   921 12503 I C02d13/HDC_LOG: [async_cmd.cpp:225] Popen pipe fds[pipeRead]:33 fds[pipeWrite]:34, mode 0
09-28 17:51:20.322   921  1220 I C02d13/HDC_LOG: [async_cmd.cpp:291] ExecuteCommand cmd:param get const.product.os.dist.apiname fd:33 pid:12504
09-28 17:51:20.323   921  1220 I C02d13/HDC_LOG: [daemon_unity.cpp:486] Unity CommandDispatch command:1001 finish cid:1491057266 sid:252******606(L:10)
09-28 17:51:20.324 12504 12504 W C02d13/HDC_LOG: [async_cmd.cpp:140] SetSelinuxLabel con:u:r:su:s0 isRoot:0
09-28 17:51:20.329   879   879 E C02515/DISP: [0;32;31m[GetMetadata:109] <private> is not supported[m
09-28 17:51:20.329 11760 11996 I C00f00/OH_DER_VSync: onOhVsync ENTRY ts=<private> data=<private>
09-28 17:51:20.329   879   879 E C02515/DISP: [0;32;31m[GetMetadata:109] <private> is not supported[m
09-28 17:51:20.329   879   879 E C02515/DISP: [0;32;31m[GetMetadata:109] <private> is not supported[m
09-28 17:51:20.329 11760 11994 I C00f00/OH_DER_VSync: scheduleVsync ENTRY receiverPtr=0x<private>
09-28 17:51:20.329 11760 11994 I C00f00/OH_DER_VSync: scheduleVsync calling RequestFrame ohVsync=<private>
09-28 17:51:20.329 11760 11994 I C00f00/OH_DER_VSync: scheduleVsync RequestFrame rc=<private>
09-28 17:51:20.329   879   879 E C01406/skia: RSBaseRenderUtil::DealWithSurfaceRotationAndGravity, GetSurfaceBufferOpaque:0
09-28 17:51:20.329   879   879 E C02515/DISP: [0;32;31m[GetMetadata:109] <private> is not supported[m
09-28 17:51:20.329   879   879 E C01406/skia: RSBaseRenderUtil::DealWithSurfaceRotationAndGravity, GetSurfaceBufferOpaque:0
09-28 17:51:20.330   879   879 E C02515/DISP: [0;32;31m[GetMetadata:109] <private> is not supported[m
09-28 17:51:20.331   879  1104 E C02515/DISP: [0;32;31m[SetMetadata:102] <private> is not supported[m
09-28 17:51:20.331   879  1104 E C02515/METADATA_SRV: [0;32;31m[SetMetadata:136]  fail[m
09-28 17:51:20.331   879  1104 E C01401/Bufferqueue: <surface_buffer_impl.cpp:714-SetMetadata>: SetMetadata Failed with -5
09-28 17:51:20.331   879  1104 E C01406/skia: SurfaceNodeDrawable DrawCommSurfaceWatermark Name:BackgroundBlurView2 Id:8465380540424 water mark count is zero
09-28 17:51:20.331   879  1104 E C01406/skia: RSBaseRenderUtil::DealWithSurfaceRotationAndGravity, GetSurfaceBufferOpaque:0
09-28 17:51:20.331   879  1104 I C01406/WRAP: AHardwareBuffer_createFromHandle index = <private> handle = <private>, ahb = <private>
09-28 17:51:20.332   879  1104 E C01406/skia: SurfaceNodeDrawable DrawCommSurfaceWatermark Name:AdapterActivityContent Id:50508815400963 water mark count is zero
09-28 17:51:20.332   879  1104 E C01406/skia: RSBaseRenderUtil::DealWithSurfaceRotationAndGravity, GetSurfaceBufferOpaque:0
09-28 17:51:20.332   879  1104 I C01406/WRAP: AHardwareBuffer_createFromHandle index = <private> handle = <private>, ahb = <private>
09-28 17:51:20.332   879  1104 E C01406/skia: SurfaceNodeDrawable DrawCommSurfaceWatermark Name:AdapterSurfaceView Id:50508815400964 water mark count is zero
09-28 17:51:20.332   879  1104 E C01406/skia: SurfaceNodeDrawable DrawCommSurfaceWatermark Name:com.a2hlab.bridge.zigzag/com.unity3d.player.UnityPlayerActivity Id:50508815400961 water mark count is zero
09-28 17:51:20.332   879  1104 E C01406/skia: SurfaceNodeDrawable DrawCommSurfaceWatermark Name:WindowScene_zigzag37 Id:8465380541288 water mark count is zero
09-28 17:51:20.332   879  1104 E C01406/skia: SurfaceNodeDrawable DrawCommSurfaceWatermark Name:SCBGestureNavBar13 Id:8465380540563 water mark count is zero
09-28 17:51:20.333   879  1104 E C01406/skia: SurfaceNodeDrawable DrawCommSurfaceWatermark Name:SCBStatusBar15 Id:8465380540646 water mark count is zero
09-28 17:51:20.334   879  1104 E C02515/DISP: [0;32;31m[GetMetadata:109] <private> is not supported[m
09-28 17:51:20.334   879  1104 E C02515/DISP: [0;32;31m[SetMetadata:102] <private> is not supported[m
09-28 17:51:20.334   879  1104 E C02515/METADATA_SRV: [0;32;31m[SetMetadata:136]  fail[m
09-28 17:51:20.334   879  1104 E C01401/Bufferqueue: <surface_buffer_impl.cpp:714-SetMetadata>: SetMetadata Failed with -5
09-28 17:51:20.334   879  1104 E C01406/skia: RSUniRenderComposerAdapter::SetBufferColorSpace set color space fail
09-28 17:51:20.345 11760 11996 I C00f00/OH_DER_VSync: onOhVsync ENTRY ts=<private> data=<private>
09-28 17:51:20.345 11760 11994 I C00f00/OH_DER_VSync: scheduleVsync ENTRY receiverPtr=0x<private>
09-28 17:51:20.345 11760 11994 I C00f00/OH_DER_VSync: scheduleVsync calling RequestFrame ohVsync=<private>
09-28 17:51:20.346 11760 11994 I C00f00/OH_DER_VSync: scheduleVsync RequestFrame rc=<private>
09-28 17:51:20.347   879  2132 E C02515/DISP: [0;32;31m[SetMetadata:102] <private> is not supported[m
09-28 17:51:20.347   879  2132 E C02515/METADATA_SRV: [0;32;31m[SetMetadata:136]  fail[m
09-28 17:51:20.347   879  2132 E C01401/Bufferqueue: <surface_buffer_impl.cpp:714-SetMetadata>: SetMetadata Failed with -5
09-28 17:51:20.348   797  4165 E C02515/DISP: [0;32;31m[SetLayerMaskInfo@display_composer_vdi_impl.cpp:404] <private> is not supported[m
09-28 17:51:20.348   879  1233 E C02515/DISP: [0;32;31m[SetMetadata:102] <private> is not supported[m
09-28 17:51:20.348   879  1233 E C02515/METADATA_SRV: [0;32;31m[SetMetadata:136]  fail[m
09-28 17:51:20.348   879  1233 E C01401/Bufferqueue: <surface_buffer_impl.cpp:714-SetMetadata>: SetMetadata Failed with -5
09-28 17:51:20.349   797  4165 E C02515/DISP: [0;32;31m[SetDisplayClientDamage@display_composer_vdi_impl.cpp:179] <private> is not supported[m
09-28 17:51:20.358   921 12505 I C02d13/HDC_LOG: [async_cmd.cpp:88] FinishShellProc finish pipeRead fd:33 pid:12504 count:1
09-28 17:51:20.358   921 12505 I C02d13/HDC_LOG: [task.cpp:55] HdcTaskBase::TaskFinish notify begin type:0 cid:1491057266 sid:252******606(L:10)
09-28 17:51:20.358   921 12505 I C02d13/HDC_LOG: [task.cpp:58] HdcTaskBase::TaskFinish notify end type:0 cid:1491057266 sid:252******606(L:10)
09-28 17:51:20.360   921  1220 I C02d13/HDC_LOG: [daemon.cpp:1142] FetchCommand channelId:1491057266 command:2
09-28 17:51:20.360   921  1220 W C02d13/HDC_LOG: [session.cpp:160] BeginRemoveTask taskType:0 channelId:1491057266
09-28 17:51:20.360   921  1220 W C02d13/HDC_LOG: [session.cpp:190] ClearOwnTasks OP_CLEAR finish, sessionId:252******606(L:10) channelIDInput:1491057266
09-28 17:51:20.360   921  1220 W C02d13/HDC_LOG: [session.cpp:115] taskClassDeleteRetry start clear task, taskType:0 cid:1491057266 sid:252******606(L:10)
09-28 17:51:20.360   921  1220 I C02d13/HDC_LOG: [async_cmd.cpp:69] DoRelease rc:-3 pid:12504
09-28 17:51:20.360   921  1220 I C02d13/HDC_LOG: [session.cpp:126] TaskDelay task remove retry count 0/30, taskType:0 channelId:1491057266, sessionId:252******606(L:10)
09-28 17:51:20.360   921  1220 I C02d13/HDC_LOG: [daemon_unity.cpp:31] ~HdcDaemonUnity cid:1491057266 sid:252******606(L:10)
09-28 17:51:20.360   921  1220 I C02d13/HDC_LOG: [task.cpp:40] ~HdcTaskBase type:0 cid:1491057266 sid:252******606(L:10)
09-28 17:51:20.360   921  1220 W C02d13/HDC_LOG: [session.cpp:134] TaskDelay task remove finish, channelId:1491057266
09-28 17:51:20.360   921  1220 I C02d13/HDC_LOG: [base.cpp:969] before uv handle close, the uv handle type is 13
09-28 17:51:20.362 11760 11996 I C00f00/OH_DER_VSync: onOhVsync ENTRY ts=<private> data=<private>
09-28 17:51:20.362 11760 11994 I C00f00/OH_DER_VSync: scheduleVsync ENTRY receiverPtr=0x<private>
09-28 17:51:20.362 11760 11994 I C00f00/OH_DER_VSync: scheduleVsync calling RequestFrame ohVsync=<private>
09-28 17:51:20.362   879   879 E C02515/DISP: [0;32;31m[GetMetadata:109] <private> is not supported[m
09-28 17:51:20.362 11760 11994 I C00f00/OH_DER_VSync: scheduleVsync RequestFrame rc=<private>
09-28 17:51:20.362   879   879 E C02515/DISP: [0;32;31m[GetMetadata:109] <private> is not supported[m
09-28 17:51:20.362   879   879 E C02515/DISP: [0;32;31m[GetMetadata:109] <private> is not supported[m
09-28 17:51:20.364   879   879 E C01406/skia: RSBaseRenderUtil::DealWithSurfaceRotationAndGravity, GetSurfaceBufferOpaque:0
09-28 17:51:20.364   879   879 E C02515/DISP: [0;32;31m[GetMetadata:109] <private> is not supported[m
09-28 17:51:20.364   879   879 E C01406/skia: RSBaseRenderUtil::DealWithSurfaceRotationAndGravity, GetSurfaceBufferOpaque:0
09-28 17:51:20.364   879   879 E C02515/DISP: [0;32;31m[GetMetadata:109] <private> is not supported[m
09-28 17:51:20.365   921  1220 I C02d13/HDC_LOG: [daemon.cpp:1142] FetchCommand channelId:1491057266 command:2
09-28 17:51:20.366   879  1104 E C02515/DISP: [0;32;31m[SetMetadata:102] <private> is not supported[m
09-28 17:51:20.366   879  1104 E C02515/METADATA_SRV: [0;32;31m[SetMetadata:136]  fail[m
09-28 17:51:20.366   879  1104 E C01401/Bufferqueue: <surface_buffer_impl.cpp:714-SetMetadata>: SetMetadata Failed with -5
09-28 17:51:20.366   879  1104 E C01406/skia: SurfaceNodeDrawable DrawCommSurfaceWatermark Name:BackgroundBlurView2 Id:8465380540424 water mark count is zero
09-28 17:51:20.366   879  1104 E C01406/skia: RSBaseRenderUtil::DealWithSurfaceRotationAndGravity, GetSurfaceBufferOpaque:0
09-28 17:51:20.366   879  1104 I C01406/WRAP: AHardwareBuffer_createFromHandle index = <private> handle = <private>, ahb = <private>
09-28 17:51:20.366   879  1104 E C01406/skia: SurfaceNodeDrawable DrawCommSurfaceWatermark Name:AdapterActivityContent Id:50508815400963 water mark count is zero
09-28 17:51:20.366   879  1104 E C01406/skia: RSBaseRenderUtil::DealWithSurfaceRotationAndGravity, GetSurfaceBufferOpaque:0
09-28 17:51:20.367   879  1104 I C01406/WRAP: AHardwareBuffer_createFromHandle index = <private> handle = <private>, ahb = <private>
09-28 17:51:20.367   879  1104 E C01406/skia: SurfaceNodeDrawable DrawCommSurfaceWatermark Name:AdapterSurfaceView Id:50508815400964 water mark count is zero
09-28 17:51:20.367   879  1104 E C01406/skia: SurfaceNodeDrawable DrawCommSurfaceWatermark Name:com.a2hlab.bridge.zigzag/com.unity3d.player.UnityPlayerActivity Id:50508815400961 water mark count is zero
09-28 17:51:20.367   879  1104 E C01406/skia: SurfaceNodeDrawable DrawCommSurfaceWatermark Name:WindowScene_zigzag37 Id:8465380541288 water mark count is zero
09-28 17:51:20.367   879  1104 E C01406/skia: SurfaceNodeDrawable DrawCommSurfaceWatermark Name:SCBGestureNavBar13 Id:8465380540563 water mark count is zero
09-28 17:51:20.367   879  1104 E C01406/skia: SurfaceNodeDrawable DrawCommSurfaceWatermark Name:SCBStatusBar15 Id:8465380540646 water mark count is zero
09-28 17:51:20.369   879  1104 E C02515/DISP: [0;32;31m[GetMetadata:109] <private> is not supported[m
09-28 17:51:20.369   879  1104 E C02515/DISP: [0;32;31m[SetMetadata:102] <private> is not supported[m
09-28 17:51:20.369   879  1104 E C02515/METADATA_SRV: [0;32;31m[SetMetadata:136]  fail[m
09-28 17:51:20.369   879  1104 E C01401/Bufferqueue: <surface_buffer_impl.cpp:714-SetMetadata>: SetMetadata Failed with -5
09-28 17:51:20.369   879  1104 E C01406/skia: RSUniRenderComposerAdapter::SetBufferColorSpace set color space fail
09-28 17:51:20.379 11760 11996 I C00f00/OH_DER_VSync: onOhVsync ENTRY ts=<private> data=<private>
09-28 17:51:20.379 11760 11994 I C00f00/OH_DER_VSync: scheduleVsync ENTRY receiverPtr=0x<private>
09-28 17:51:20.379 11760 11994 I C00f00/OH_DER_VSync: scheduleVsync calling RequestFrame ohVsync=<private>
09-28 17:51:20.379 11760 11994 I C00f00/OH_DER_VSync: scheduleVsync RequestFrame rc=<private>
09-28 17:51:20.380   879  2132 E C02515/DISP: [0;32;31m[SetMetadata:102] <private> is not supported[m
09-28 17:51:20.380   879  2132 E C02515/METADATA_SRV: [0;32;31m[SetMetadata:136]  fail[m
09-28 17:51:20.380   879  2132 E C01401/Bufferqueue: <surface_buffer_impl.cpp:714-SetMetadata>: SetMetadata Failed with -5
09-28 17:51:20.381   797  4165 E C02515/DISP: [0;32;31m[SetLayerMaskInfo@display_composer_vdi_impl.cpp:404] <private> is not supported[m
09-28 17:51:20.381   879  1233 E C02515/DISP: [0;32;31m[SetMetadata:102] <private> is not supported[m
09-28 17:51:20.381   879  1233 E C02515/METADATA_SRV: [0;32;31m[SetMetadata:136]  fail[m
09-28 17:51:20.381   879  1233 E C01401/Bufferqueue: <surface_buffer_impl.cpp:714-SetMetadata>: SetMetadata Failed with -5
09-28 17:51:20.382   797  4165 E C02515/DISP: [0;32;31m[SetDisplayClientDamage@display_composer_vdi_impl.cpp:179] <private> is not supported[m
09-28 17:51:20.395 11760 11996 I C00f00/OH_DER_VSync: onOhVsync ENTRY ts=<private> data=<private>
09-28 17:51:20.395 11760 11994 I C00f00/OH_DER_VSync: scheduleVsync ENTRY receiverPtr=0x<private>
09-28 17:51:20.395 11760 11994 I C00f00/OH_DER_VSync: scheduleVsync calling RequestFrame ohVsync=<private>
09-28 17:51:20.395   879   879 E C02515/DISP: [0;32;31m[GetMetadata:109] <private> is not supported[m
09-28 17:51:20.395 11760 11994 I C00f00/OH_DER_VSync: scheduleVsync RequestFrame rc=<private>
09-28 17:51:20.396   879   879 E C02515/DISP: [0;32;31m[GetMetadata:109] <private> is not supported[m
09-28 17:51:20.396   879   879 E C02515/DISP: [0;32;31m[GetMetadata:109] <private> is not supported[m
09-28 17:51:20.397   879   879 E C01406/skia: RSBaseRenderUtil::DealWithSurfaceRotationAndGravity, GetSurfaceBufferOpaque:0
09-28 17:51:20.397   879   879 E C02515/DISP: [0;32;31m[GetMetadata:109] <private> is not supported[m
09-28 17:51:20.397   879   879 E C01406/skia: RSBaseRenderUtil::DealWithSurfaceRotationAndGravity, GetSurfaceBufferOpaque:0
09-28 17:51:20.397   879   879 E C02515/DISP: [0;32;31m[GetMetadata:109] <private> is not supported[m
09-28 17:51:20.399   879  1104 E C02515/DISP: [0;32;31m[SetMetadata:102] <private> is not supported[m
09-28 17:51:20.399   879  1104 E C02515/METADATA_SRV: [0;32;31m[SetMetadata:136]  fail[m
09-28 17:51:20.399   879  1104 E C01401/Bufferqueue: <surface_buffer_impl.cpp:714-SetMetadata>: SetMetadata Failed with -5
09-28 17:51:20.399   879  1104 E C01406/skia: SurfaceNodeDrawable DrawCommSurfaceWatermark Name:BackgroundBlurView2 Id:8465380540424 water mark count is zero
09-28 17:51:20.399   879  1104 E C01406/skia: RSBaseRenderUtil::DealWithSurfaceRotationAndGravity, GetSurfaceBufferOpaque:0
09-28 17:51:20.399   879  1104 I C01406/WRAP: AHardwareBuffer_createFromHandle index = <private> handle = <private>, ahb = <private>
09-28 17:51:20.400   879  1104 E C01406/skia: SurfaceNodeDrawable DrawCommSurfaceWatermark Name:AdapterActivityContent Id:50508815400963 water mark count is zero
09-28 17:51:20.400   879  1104 E C01406/skia: RSBaseRenderUtil::DealWithSurfaceRotationAndGravity, GetSurfaceBufferOpaque:0
09-28 17:51:20.400   879  1104 I C01406/WRAP: AHardwareBuffer_createFromHandle index = <private> handle = <private>, ahb = <private>
09-28 17:51:20.400   879  1104 E C01406/skia: SurfaceNodeDrawable DrawCommSurfaceWatermark Name:AdapterSurfaceView Id:50508815400964 water mark count is zero
09-28 17:51:20.400   879  1104 E C01406/skia: SurfaceNodeDrawable DrawCommSurfaceWatermark Name:com.a2hlab.bridge.zigzag/com.unity3d.player.UnityPlayerActivity Id:50508815400961 water mark count is zero
09-28 17:51:20.400   879  1104 E C01406/skia: SurfaceNodeDrawable DrawCommSurfaceWatermark Name:WindowScene_zigzag37 Id:8465380541288 water mark count is zero
09-28 17:51:20.400   879  1104 E C01406/skia: SurfaceNodeDrawable DrawCommSurfaceWatermark Name:SCBGestureNavBar13 Id:8465380540563 water mark count is zero
09-28 17:51:20.400   879  1104 E C01406/skia: SurfaceNodeDrawable DrawCommSurfaceWatermark Name:SCBStatusBar15 Id:8465380540646 water mark count is zero
09-28 17:51:20.402   879  1104 E C02515/DISP: [0;32;31m[GetMetadata:109] <private> is not supported[m
09-28 17:51:20.402   879  1104 E C02515/DISP: [0;32;31m[SetMetadata:102] <private> is not supported[m
09-28 17:51:20.402   879  1104 E C02515/METADATA_SRV: [0;32;31m[SetMetadata:136]  fail[m
09-28 17:51:20.402   879  1104 E C01401/Bufferqueue: <surface_buffer_impl.cpp:714-SetMetadata>: SetMetadata Failed with -5
09-28 17:51:20.402   879  1104 E C01406/skia: RSUniRenderComposerAdapter::SetBufferColorSpace set color space fail
09-28 17:51:20.412 11760 11996 I C00f00/OH_DER_VSync: onOhVsync ENTRY ts=<private> data=<private>
09-28 17:51:20.412 11760 11994 I C00f00/OH_DER_VSync: scheduleVsync ENTRY receiverPtr=0x<private>
09-28 17:51:20.412 11760 11994 I C00f00/OH_DER_VSync: scheduleVsync calling RequestFrame ohVsync=<private>
09-28 17:51:20.412 11760 11994 I C00f00/OH_DER_VSync: scheduleVsync RequestFrame rc=<private>
09-28 17:51:20.414   879  2132 E C02515/DISP: [0;32;31m[SetMetadata:102] <private> is not supported[m
09-28 17:51:20.414   879  2132 E C02515/METADATA_SRV: [0;32;31m[SetMetadata:136]  fail[m
09-28 17:51:20.414   879  2132 E C01401/Bufferqueue: <surface_buffer_impl.cpp:714-SetMetadata>: SetMetadata Failed with -5
09-28 17:51:20.415   797  4165 E C02515/DISP: [0;32;31m[SetLayerMaskInfo@display_composer_vdi_impl.cpp:404] <private> is not supported[m
09-28 17:51:20.415   879  1233 E C02515/DISP: [0;32;31m[SetMetadata:102] <private> is not supported[m
09-28 17:51:20.415   879  1233 E C02515/METADATA_SRV: [0;32;31m[SetMetadata:136]  fail[m
09-28 17:51:20.415   879  1233 E C01401/Bufferqueue: <surface_buffer_impl.cpp:714-SetMetadata>: SetMetadata Failed with -5
09-28 17:51:20.416   797  4165 E C02515/DISP: [0;32;31m[SetDisplayClientDamage@display_composer_vdi_impl.cpp:179] <private> is not supported[m
09-28 17:51:20.429 11760 11996 I C00f00/OH_DER_VSync: onOhVsync ENTRY ts=<private> data=<private>
09-28 17:51:20.429   879   879 E C02515/DISP: [0;32;31m[GetMetadata:109] <private> is not supported[m
09-28 17:51:20.429 11760 11994 I C00f00/OH_DER_VSync: scheduleVsync ENTRY receiverPtr=0x<private>
09-28 17:51:20.429 11760 11994 I C00f00/OH_DER_VSync: scheduleVsync calling RequestFrame ohVsync=<private>
09-28 17:51:20.429   879   879 E C02515/DISP: [0;32;31m[GetMetadata:109] <private> is not supported[m
09-28 17:51:20.429 11760 11994 I C00f00/OH_DER_VSync: scheduleVsync RequestFrame rc=<private>
09-28 17:51:20.429   879   879 E C02515/DISP: [0;32;31m[GetMetadata:109] <private> is not supported[m
09-28 17:51:20.430   879   879 E C01406/skia: RSBaseRenderUtil::DealWithSurfaceRotationAndGravity, GetSurfaceBufferOpaque:0
09-28 17:51:20.430   879   879 E C02515/DISP: [0;32;31m[GetMetadata:109] <private> is not supported[m
09-28 17:51:20.430   879   879 E C01406/skia: RSBaseRenderUtil::DealWithSurfaceRotationAndGravity, GetSurfaceBufferOpaque:0
09-28 17:51:20.430   879   879 E C02515/DISP: [0;32;31m[GetMetadata:109] <private> is not supported[m
09-28 17:51:20.432   879  1104 E C02515/DISP: [0;32;31m[SetMetadata:102] <private> is not supported[m
09-28 17:51:20.432   879  1104 E C02515/METADATA_SRV: [0;32;31m[SetMetadata:136]  fail[m
09-28 17:51:20.432   879  1104 E C01401/Bufferqueue: <surface_buffer_impl.cpp:714-SetMetadata>: SetMetadata Failed with -5
09-28 17:51:20.433   879  1104 E C01406/skia: SurfaceNodeDrawable DrawCommSurfaceWatermark Name:BackgroundBlurView2 Id:8465380540424 water mark count is zero
09-28 17:51:20.433   879  1104 E C01406/skia: RSBaseRenderUtil::DealWithSurfaceRotationAndGravity, GetSurfaceBufferOpaque:0
09-28 17:51:20.433   879  1104 I C01406/WRAP: AHardwareBuffer_createFromHandle index = <private> handle = <private>, ahb = <private>
09-28 17:51:20.433   879  1104 E C01406/skia: SurfaceNodeDrawable DrawCommSurfaceWatermark Name:AdapterActivityContent Id:50508815400963 water mark count is zero
09-28 17:51:20.433   879  1104 E C01406/skia: RSBaseRenderUtil::DealWithSurfaceRotationAndGravity, GetSurfaceBufferOpaque:0
09-28 17:51:20.433   879  1104 I C01406/WRAP: AHardwareBuffer_createFromHandle index = <private> handle = <private>, ahb = <private>
09-28 17:51:20.433   879  1104 E C01406/skia: SurfaceNodeDrawable DrawCommSurfaceWatermark Name:AdapterSurfaceView Id:50508815400964 water mark count is zero
09-28 17:51:20.433   879  1104 E C01406/skia: SurfaceNodeDrawable DrawCommSurfaceWatermark Name:com.a2hlab.bridge.zigzag/com.unity3d.player.UnityPlayerActivity Id:50508815400961 water mark count is zero
09-28 17:51:20.433   879  1104 E C01406/skia: SurfaceNodeDrawable DrawCommSurfaceWatermark Name:WindowScene_zigzag37 Id:8465380541288 water mark count is zero
09-28 17:51:20.434   879  1104 E C01406/skia: SurfaceNodeDrawable DrawCommSurfaceWatermark Name:SCBGestureNavBar13 Id:8465380540563 water mark count is zero
09-28 17:51:20.434   879  1104 E C01406/skia: SurfaceNodeDrawable DrawCommSurfaceWatermark Name:SCBStatusBar15 Id:8465380540646 water mark count is zero
09-28 17:51:20.435   879  1104 E C02515/DISP: [0;32;31m[GetMetadata:109] <private> is not supported[m
09-28 17:51:20.435   879  1104 E C02515/DISP: [0;32;31m[SetMetadata:102] <private> is not supported[m
09-28 17:51:20.435   879  1104 E C02515/METADATA_SRV: [0;32;31m[SetMetadata:136]  fail[m
09-28 17:51:20.435   879  1104 E C01401/Bufferqueue: <surface_buffer_impl.cpp:714-SetMetadata>: SetMetadata Failed with -5
09-28 17:51:20.435   879  1104 E C01406/skia: RSUniRenderComposerAdapter::SetBufferColorSpace set color space fail
09-28 17:51:20.445 11760 11996 I C00f00/OH_DER_VSync: onOhVsync ENTRY ts=<private> data=<private>
09-28 17:51:20.446 11760 11994 I C00f00/OH_DER_VSync: scheduleVsync ENTRY receiverPtr=0x<private>
09-28 17:51:20.446 11760 11994 I C00f00/OH_DER_VSync: scheduleVsync calling RequestFrame ohVsync=<private>
09-28 17:51:20.446 11760 11994 I C00f00/OH_DER_VSync: scheduleVsync RequestFrame rc=<private>
09-28 17:51:20.447   879  2132 E C02515/DISP: [0;32;31m[SetMetadata:102] <private> is not supported[m
09-28 17:51:20.447   879  2132 E C02515/METADATA_SRV: [0;32;31m[SetMetadata:136]  fail[m
09-28 17:51:20.447   879  2132 E C01401/Bufferqueue: <surface_buffer_impl.cpp:714-SetMetadata>: SetMetadata Failed with -5
09-28 17:51:20.448   797  4165 E C02515/DISP: [0;32;31m[SetLayerMaskInfo@display_composer_vdi_impl.cpp:404] <private> is not supported[m
09-28 17:51:20.448   879  1233 E C02515/DISP: [0;32;31m[SetMetadata:102] <private> is not supported[m
09-28 17:51:20.448   879  1233 E C02515/METADATA_SRV: [0;32;31m[SetMetadata:136]  fail[m
09-28 17:51:20.448   879  1233 E C01401/Bufferqueue: <surface_buffer_impl.cpp:714-SetMetadata>: SetMetadata Failed with -5
09-28 17:51:20.451   797  4165 E C02515/DISP: [0;32;31m[SetDisplayClientDamage@display_composer_vdi_impl.cpp:179] <private> is not supported[m
09-28 17:51:20.462 11760 11996 I C00f00/OH_DER_VSync: onOhVsync ENTRY ts=<private> data=<private>
09-28 17:51:20.462   879   879 E C02515/DISP: [0;32;31m[GetMetadata:109] <private> is not supported[m
09-28 17:51:20.462 11760 11994 I C00f00/OH_DER_VSync: scheduleVsync ENTRY receiverPtr=0x<private>
09-28 17:51:20.462 11760 11994 I C00f00/OH_DER_VSync: scheduleVsync calling RequestFrame ohVsync=<private>
09-28 17:51:20.462   879   879 E C02515/DISP: [0;32;31m[GetMetadata:109] <private> is not supported[m
09-28 17:51:20.462 11760 11994 I C00f00/OH_DER_VSync: scheduleVsync RequestFrame rc=<private>
09-28 17:51:20.462   879   879 E C02515/DISP: [0;32;31m[GetMetadata:109] <private> is not supported[m
09-28 17:51:20.463   879   879 E C01406/skia: RSBaseRenderUtil::DealWithSurfaceRotationAndGravity, GetSurfaceBufferOpaque:0
09-28 17:51:20.464   879   879 E C02515/DISP: [0;32;31m[GetMetadata:109] <private> is not supported[m
09-28 17:51:20.464   879   879 E C01406/skia: RSBaseRenderUtil::DealWithSurfaceRotationAndGravity, GetSurfaceBufferOpaque:0
09-28 17:51:20.464   879   879 E C02515/DISP: [0;32;31m[GetMetadata:109] <private> is not supported[m
09-28 17:51:20.465   879  1104 E C02515/DISP: [0;32;31m[SetMetadata:102] <private> is not supported[m
09-28 17:51:20.465   879  1104 E C02515/METADATA_SRV: [0;32;31m[SetMetadata:136]  fail[m
09-28 17:51:20.465   879  1104 E C01401/Bufferqueue: <surface_buffer_impl.cpp:714-SetMetadata>: SetMetadata Failed with -5
09-28 17:51:20.466   879  1104 E C01406/skia: SurfaceNodeDrawable DrawCommSurfaceWatermark Name:BackgroundBlurView2 Id:8465380540424 water mark count is zero
09-28 17:51:20.466   879  1104 E C01406/skia: RSBaseRenderUtil::DealWithSurfaceRotationAndGravity, GetSurfaceBufferOpaque:0
09-28 17:51:20.466   879  1104 I C01406/WRAP: AHardwareBuffer_createFromHandle index = <private> handle = <private>, ahb = <private>
09-28 17:51:20.466   879  1104 E C01406/skia: SurfaceNodeDrawable DrawCommSurfaceWatermark Name:AdapterActivityContent Id:50508815400963 water mark count is zero
09-28 17:51:20.466   879  1104 E C01406/skia: RSBaseRenderUtil::DealWithSurfaceRotationAndGravity, GetSurfaceBufferOpaque:0
09-28 17:51:20.466   879  1104 I C01406/WRAP: AHardwareBuffer_createFromHandle index = <private> handle = <private>, ahb = <private>
09-28 17:51:20.467   879  1104 E C01406/skia: SurfaceNodeDrawable DrawCommSurfaceWatermark Name:AdapterSurfaceView Id:50508815400964 water mark count is zero
09-28 17:51:20.467   879  1104 E C01406/skia: SurfaceNodeDrawable DrawCommSurfaceWatermark Name:com.a2hlab.bridge.zigzag/com.unity3d.player.UnityPlayerActivity Id:50508815400961 water mark count is zero
09-28 17:51:20.467   879  1104 E C01406/skia: SurfaceNodeDrawable DrawCommSurfaceWatermark Name:WindowScene_zigzag37 Id:8465380541288 water mark count is zero
09-28 17:51:20.467   879  1104 E C01406/skia: SurfaceNodeDrawable DrawCommSurfaceWatermark Name:SCBGestureNavBar13 Id:8465380540563 water mark count is zero
09-28 17:51:20.467   879  1104 E C01406/skia: SurfaceNodeDrawable DrawCommSurfaceWatermark Name:SCBStatusBar15 Id:8465380540646 water mark count is zero
09-28 17:51:20.469   879  1104 E C02515/DISP: [0;32;31m[GetMetadata:109] <private> is not supported[m
09-28 17:51:20.469   879  1104 E C02515/DISP: [0;32;31m[SetMetadata:102] <private> is not supported[m
09-28 17:51:20.469   879  1104 E C02515/METADATA_SRV: [0;32;31m[SetMetadata:136]  fail[m
09-28 17:51:20.469   879  1104 E C01401/Bufferqueue: <surface_buffer_impl.cpp:714-SetMetadata>: SetMetadata Failed with -5
09-28 17:51:20.469   879  1104 E C01406/skia: RSUniRenderComposerAdapter::SetBufferColorSpace set color space fail
09-28 17:51:20.479 11760 11996 I C00f00/OH_DER_VSync: onOhVsync ENTRY ts=<private> data=<private>
09-28 17:51:20.479 11760 11994 I C00f00/OH_DER_VSync: scheduleVsync ENTRY receiverPtr=0x<private>
09-28 17:51:20.479 11760 11994 I C00f00/OH_DER_VSync: scheduleVsync calling RequestFrame ohVsync=<private>
09-28 17:51:20.479 11760 11994 I C00f00/OH_DER_VSync: scheduleVsync RequestFrame rc=<private>
09-28 17:51:20.481   879  2132 E C02515/DISP: [0;32;31m[SetMetadata:102] <private> is not supported[m
09-28 17:51:20.481   879  2132 E C02515/METADATA_SRV: [0;32;31m[SetMetadata:136]  fail[m
09-28 17:51:20.481   879  2132 E C01401/Bufferqueue: <surface_buffer_impl.cpp:714-SetMetadata>: SetMetadata Failed with -5
09-28 17:51:20.481   797  4165 E C02515/DISP: [0;32;31m[SetLayerMaskInfo@display_composer_vdi_impl.cpp:404] <private> is not supported[m
09-28 17:51:20.481   879  1233 E C02515/DISP: [0;32;31m[SetMetadata:102] <private> is not supported[m
09-28 17:51:20.482   879  1233 E C02515/METADATA_SRV: [0;32;31m[SetMetadata:136]  fail[m
09-28 17:51:20.482   879  1233 E C01401/Bufferqueue: <surface_buffer_impl.cpp:714-SetMetadata>: SetMetadata Failed with -5
09-28 17:51:20.483   797  4165 E C02515/DISP: [0;32;31m[SetDisplayClientDamage@display_composer_vdi_impl.cpp:179] <private> is not supported[m
09-28 17:51:20.495 11760 11996 I C00f00/OH_DER_VSync: onOhVsync ENTRY ts=<private> data=<private>
09-28 17:51:20.495 11760 11994 I C00f00/OH_DER_VSync: scheduleVsync ENTRY receiverPtr=0x<private>
09-28 17:51:20.496 11760 11994 I C00f00/OH_DER_VSync: scheduleVsync calling RequestFrame ohVsync=<private>
09-28 17:51:20.496   879   879 E C02515/DISP: [0;32;31m[GetMetadata:109] <private> is not supported[m
09-28 17:51:20.496 11760 11994 I C00f00/OH_DER_VSync: scheduleVsync RequestFrame rc=<private>
09-28 17:51:20.496   879   879 E C02515/DISP: [0;32;31m[GetMetadata:109] <private> is not supported[m
09-28 17:51:20.496   879   879 E C02515/DISP: [0;32;31m[GetMetadata:109] <private> is not supported[m
09-28 17:51:20.497   879   879 E C01406/skia: RSBaseRenderUtil::DealWithSurfaceRotationAndGravity, GetSurfaceBufferOpaque:0
09-28 17:51:20.497   879   879 E C02515/DISP: [0;32;31m[GetMetadata:109] <private> is not supported[m
09-28 17:51:20.497   879   879 E C01406/skia: RSBaseRenderUtil::DealWithSurfaceRotationAndGravity, GetSurfaceBufferOpaque:0
09-28 17:51:20.497   879   879 E C02515/DISP: [0;32;31m[GetMetadata:109] <private> is not supported[m
09-28 17:51:20.499   879  1104 E C02515/DISP: [0;32;31m[SetMetadata:102] <private> is not supported[m
09-28 17:51:20.499   879  1104 E C02515/METADATA_SRV: [0;32;31m[SetMetadata:136]  fail[m
09-28 17:51:20.499   879  1104 E C01401/Bufferqueue: <surface_buffer_impl.cpp:714-SetMetadata>: SetMetadata Failed with -5
09-28 17:51:20.499   879  1104 E C01406/skia: SurfaceNodeDrawable DrawCommSurfaceWatermark Name:BackgroundBlurView2 Id:8465380540424 water mark count is zero
09-28 17:51:20.499   879  1104 E C01406/skia: RSBaseRenderUtil::DealWithSurfaceRotationAndGravity, GetSurfaceBufferOpaque:0
09-28 17:51:20.500   879  1104 I C01406/WRAP: AHardwareBuffer_createFromHandle index = <private> handle = <private>, ahb = <private>
09-28 17:51:20.500   879  1104 E C01406/skia: SurfaceNodeDrawable DrawCommSurfaceWatermark Name:AdapterActivityContent Id:50508815400963 water mark count is zero
09-28 17:51:20.500   879  1104 E C01406/skia: RSBaseRenderUtil::DealWithSurfaceRotationAndGravity, GetSurfaceBufferOpaque:0
09-28 17:51:20.500   879  1104 I C01406/WRAP: AHardwareBuffer_createFromHandle index = <private> handle = <private>, ahb = <private>
09-28 17:51:20.500   879  1104 E C01406/skia: SurfaceNodeDrawable DrawCommSurfaceWatermark Name:AdapterSurfaceView Id:50508815400964 water mark count is zero
09-28 17:51:20.500   879  1104 E C01406/skia: SurfaceNodeDrawable DrawCommSurfaceWatermark Name:com.a2hlab.bridge.zigzag/com.unity3d.player.UnityPlayerActivity Id:50508815400961 water mark count is zero
09-28 17:51:20.500   879  1104 E C01406/skia: SurfaceNodeDrawable DrawCommSurfaceWatermark Name:WindowScene_zigzag37 Id:8465380541288 water mark count is zero
09-28 17:51:20.500   879  1104 E C01406/skia: SurfaceNodeDrawable DrawCommSurfaceWatermark Name:SCBGestureNavBar13 Id:8465380540563 water mark count is zero
09-28 17:51:20.501   879  1104 E C01406/skia: SurfaceNodeDrawable DrawCommSurfaceWatermark Name:SCBStatusBar15 Id:8465380540646 water mark count is zero
09-28 17:51:20.502   879  1104 E C02515/DISP: [0;32;31m[GetMetadata:109] <private> is not supported[m
09-28 17:51:20.502   879  1104 E C02515/DISP: [0;32;31m[SetMetadata:102] <private> is not supported[m
09-28 17:51:20.502   879  1104 E C02515/METADATA_SRV: [0;32;31m[SetMetadata:136]  fail[m
09-28 17:51:20.502   879  1104 E C01401/Bufferqueue: <surface_buffer_impl.cpp:714-SetMetadata>: SetMetadata Failed with -5
09-28 17:51:20.502   879  1104 E C01406/skia: RSUniRenderComposerAdapter::SetBufferColorSpace set color space fail
09-28 17:51:20.512 11760 11996 I C00f00/OH_DER_VSync: onOhVsync ENTRY ts=<private> data=<private>
09-28 17:51:20.512 11760 11994 I C00f00/OH_DER_VSync: scheduleVsync ENTRY receiverPtr=0x<private>
09-28 17:51:20.512 11760 11994 I C00f00/OH_DER_VSync: scheduleVsync calling RequestFrame ohVsync=<private>
09-28 17:51:20.512 11760 11994 I C00f00/OH_DER_VSync: scheduleVsync RequestFrame rc=<private>
09-28 17:51:20.514   879  2132 E C02515/DISP: [0;32;31m[SetMetadata:102] <private> is not supported[m
09-28 17:51:20.514   879  2132 E C02515/METADATA_SRV: [0;32;31m[SetMetadata:136]  fail[m
09-28 17:51:20.514   879  2132 E C01401/Bufferqueue: <surface_buffer_impl.cpp:714-SetMetadata>: SetMetadata Failed with -5
09-28 17:51:20.515   797  4165 E C02515/DISP: [0;32;31m[SetLayerMaskInfo@display_composer_vdi_impl.cpp:404] <private> is not supported[m
09-28 17:51:20.515   879  1233 E C02515/DISP: [0;32;31m[SetMetadata:102] <private> is not supported[m
09-28 17:51:20.515   879  1233 E C02515/METADATA_SRV: [0;32;31m[SetMetadata:136]  fail[m
09-28 17:51:20.515   879  1233 E C01401/Bufferqueue: <surface_buffer_impl.cpp:714-SetMetadata>: SetMetadata Failed with -5
09-28 17:51:20.516   797  4165 E C02515/DISP: [0;32;31m[SetDisplayClientDamage@display_composer_vdi_impl.cpp:179] <private> is not supported[m
09-28 17:51:20.529 11760 11996 I C00f00/OH_DER_VSync: onOhVsync ENTRY ts=<private> data=<private>
09-28 17:51:20.529   879   879 E C02515/DISP: [0;32;31m[GetMetadata:109] <private> is not supported[m
09-28 17:51:20.529 11760 11994 I C00f00/OH_DER_VSync: scheduleVsync ENTRY receiverPtr=0x<private>
09-28 17:51:20.529 11760 11994 I C00f00/OH_DER_VSync: scheduleVsync calling RequestFrame ohVsync=<private>
09-28 17:51:20.529   879   879 E C02515/DISP: [0;32;31m[GetMetadata:109] <private> is not supported[m
09-28 17:51:20.529   879   879 E C02515/DISP: [0;32;31m[GetMetadata:109] <private> is not supported[m
09-28 17:51:20.529 11760 11994 I C00f00/OH_DER_VSync: scheduleVsync RequestFrame rc=<private>
09-28 17:51:20.530   879   879 E C01406/skia: RSBaseRenderUtil::DealWithSurfaceRotationAndGravity, GetSurfaceBufferOpaque:0
09-28 17:51:20.530   879   879 E C02515/DISP: [0;32;31m[GetMetadata:109] <private> is not supported[m
09-28 17:51:20.530   879   879 E C01406/skia: RSBaseRenderUtil::DealWithSurfaceRotationAndGravity, GetSurfaceBufferOpaque:0
09-28 17:51:20.530   879   879 E C02515/DISP: [0;32;31m[GetMetadata:109] <private> is not supported[m
09-28 17:51:20.532   879  1104 E C02515/DISP: [0;32;31m[SetMetadata:102] <private> is not supported[m
09-28 17:51:20.532   879  1104 E C02515/METADATA_SRV: [0;32;31m[SetMetadata:136]  fail[m
09-28 17:51:20.532   879  1104 E C01401/Bufferqueue: <surface_buffer_impl.cpp:714-SetMetadata>: SetMetadata Failed with -5
09-28 17:51:20.533   879  1104 E C01406/skia: SurfaceNodeDrawable DrawCommSurfaceWatermark Name:BackgroundBlurView2 Id:8465380540424 water mark count is zero
09-28 17:51:20.533   879  1104 E C01406/skia: RSBaseRenderUtil::DealWithSurfaceRotationAndGravity, GetSurfaceBufferOpaque:0
09-28 17:51:20.533   879  1104 I C01406/WRAP: AHardwareBuffer_createFromHandle index = <private> handle = <private>, ahb = <private>
09-28 17:51:20.533   879  1104 E C01406/skia: SurfaceNodeDrawable DrawCommSurfaceWatermark Name:AdapterActivityContent Id:50508815400963 water mark count is zero
09-28 17:51:20.533   879  1104 E C01406/skia: RSBaseRenderUtil::DealWithSurfaceRotationAndGravity, GetSurfaceBufferOpaque:0
09-28 17:51:20.533   879  1104 I C01406/WRAP: AHardwareBuffer_createFromHandle index = <private> handle = <private>, ahb = <private>
09-28 17:51:20.534   879  1104 E C01406/skia: SurfaceNodeDrawable DrawCommSurfaceWatermark Name:AdapterSurfaceView Id:50508815400964 water mark count is zero
09-28 17:51:20.534   879  1104 E C01406/skia: SurfaceNodeDrawable DrawCommSurfaceWatermark Name:com.a2hlab.bridge.zigzag/com.unity3d.player.UnityPlayerActivity Id:50508815400961 water mark count is zero
09-28 17:51:20.534   879  1104 E C01406/skia: SurfaceNodeDrawable DrawCommSurfaceWatermark Name:WindowScene_zigzag37 Id:8465380541288 water mark count is zero
09-28 17:51:20.534   879  1104 E C01406/skia: SurfaceNodeDrawable DrawCommSurfaceWatermark Name:SCBGestureNavBar13 Id:8465380540563 water mark count is zero
09-28 17:51:20.534   879  1104 E C01406/skia: SurfaceNodeDrawable DrawCommSurfaceWatermark Name:SCBStatusBar15 Id:8465380540646 water mark count is zero
09-28 17:51:20.536   879  1104 E C02515/DISP: [0;32;31m[GetMetadata:109] <private> is not supported[m
09-28 17:51:20.536   879  1104 E C02515/DISP: [0;32;31m[SetMetadata:102] <private> is not supported[m
09-28 17:51:20.536   879  1104 E C02515/METADATA_SRV: [0;32;31m[SetMetadata:136]  fail[m
09-28 17:51:20.536   879  1104 E C01401/Bufferqueue: <surface_buffer_impl.cpp:714-SetMetadata>: SetMetadata Failed with -5
09-28 17:51:20.536   879  1104 E C01406/skia: RSUniRenderComposerAdapter::SetBufferColorSpace set color space fail
09-28 17:51:20.545 11760 11996 I C00f00/OH_DER_VSync: onOhVsync ENTRY ts=<private> data=<private>
09-28 17:51:20.546 11760 11994 I C00f00/OH_DER_VSync: scheduleVsync ENTRY receiverPtr=0x<private>
09-28 17:51:20.546 11760 11994 I C00f00/OH_DER_VSync: scheduleVsync calling RequestFrame ohVsync=<private>
09-28 17:51:20.546 11760 11994 I C00f00/OH_DER_VSync: scheduleVsync RequestFrame rc=<private>
09-28 17:51:20.547   879  2132 E C02515/DISP: [0;32;31m[SetMetadata:102] <private> is not supported[m
09-28 17:51:20.547   879  2132 E C02515/METADATA_SRV: [0;32;31m[SetMetadata:136]  fail[m
09-28 17:51:20.547   879  2132 E C01401/Bufferqueue: <surface_buffer_impl.cpp:714-SetMetadata>: SetMetadata Failed with -5
09-28 17:51:20.549   797  4165 E C02515/DISP: [0;32;31m[SetLayerMaskInfo@display_composer_vdi_impl.cpp:404] <private> is not supported[m
09-28 17:51:20.549   879  1233 E C02515/DISP: [0;32;31m[SetMetadata:102] <private> is not supported[m
09-28 17:51:20.549   879  1233 E C02515/METADATA_SRV: [0;32;31m[SetMetadata:136]  fail[m
09-28 17:51:20.549   879  1233 E C01401/Bufferqueue: <surface_buffer_impl.cpp:714-SetMetadata>: SetMetadata Failed with -5
09-28 17:51:20.550   797  4165 E C02515/DISP: [0;32;31m[SetDisplayClientDamage@display_composer_vdi_impl.cpp:179] <private> is not supported[m
09-28 17:51:20.562 11760 11996 I C00f00/OH_DER_VSync: onOhVsync ENTRY ts=<private> data=<private>
09-28 17:51:20.562   879   879 E C02515/DISP: [0;32;31m[GetMetadata:109] <private> is not supported[m
09-28 17:51:20.562 11760 11994 I C00f00/OH_DER_VSync: scheduleVsync ENTRY receiverPtr=0x<private>
09-28 17:51:20.562 11760 11994 I C00f00/OH_DER_VSync: scheduleVsync calling RequestFrame ohVsync=<private>
09-28 17:51:20.562   879   879 E C02515/DISP: [0;32;31m[GetMetadata:109] <private> is not supported[m
09-28 17:51:20.562   879   879 E C02515/DISP: [0;32;31m[GetMetadata:109] <private> is not supported[m
09-28 17:51:20.562 11760 11994 I C00f00/OH_DER_VSync: scheduleVsync RequestFrame rc=<private>
09-28 17:51:20.564   879   879 E C01406/skia: RSBaseRenderUtil::DealWithSurfaceRotationAndGravity, GetSurfaceBufferOpaque:0
09-28 17:51:20.564   879   879 E C02515/DISP: [0;32;31m[GetMetadata:109] <private> is not supported[m
09-28 17:51:20.564   879   879 E C01406/skia: RSBaseRenderUtil::DealWithSurfaceRotationAndGravity, GetSurfaceBufferOpaque:0
09-28 17:51:20.564   879   879 E C02515/DISP: [0;32;31m[GetMetadata:109] <private> is not supported[m
09-28 17:51:20.566   879  1104 E C02515/DISP: [0;32;31m[SetMetadata:102] <private> is not supported[m
09-28 17:51:20.566   879  1104 E C02515/METADATA_SRV: [0;32;31m[SetMetadata:136]  fail[m
09-28 17:51:20.566   879  1104 E C01401/Bufferqueue: <surface_buffer_impl.cpp:714-SetMetadata>: SetMetadata Failed with -5
09-28 17:51:20.566   879  1104 E C01406/skia: SurfaceNodeDrawable DrawCommSurfaceWatermark Name:BackgroundBlurView2 Id:8465380540424 water mark count is zero
09-28 17:51:20.566   879  1104 E C01406/skia: RSBaseRenderUtil::DealWithSurfaceRotationAndGravity, GetSurfaceBufferOpaque:0
09-28 17:51:20.566   879  1104 I C01406/WRAP: AHardwareBuffer_createFromHandle index = <private> handle = <private>, ahb = <private>
09-28 17:51:20.567   879  1104 E C01406/skia: SurfaceNodeDrawable DrawCommSurfaceWatermark Name:AdapterActivityContent Id:50508815400963 water mark count is zero
09-28 17:51:20.567   879  1104 E C01406/skia: RSBaseRenderUtil::DealWithSurfaceRotationAndGravity, GetSurfaceBufferOpaque:0
09-28 17:51:20.567   879  1104 I C01406/WRAP: AHardwareBuffer_createFromHandle index = <private> handle = <private>, ahb = <private>
09-28 17:51:20.567   879  1104 E C01406/skia: SurfaceNodeDrawable DrawCommSurfaceWatermark Name:AdapterSurfaceView Id:50508815400964 water mark count is zero
09-28 17:51:20.567   879  1104 E C01406/skia: SurfaceNodeDrawable DrawCommSurfaceWatermark Name:com.a2hlab.bridge.zigzag/com.unity3d.player.UnityPlayerActivity Id:50508815400961 water mark count is zero
09-28 17:51:20.567   879  1104 E C01406/skia: SurfaceNodeDrawable DrawCommSurfaceWatermark Name:WindowScene_zigzag37 Id:8465380541288 water mark count is zero
09-28 17:51:20.567   879  1104 E C01406/skia: SurfaceNodeDrawable DrawCommSurfaceWatermark Name:SCBGestureNavBar13 Id:8465380540563 water mark count is zero
09-28 17:51:20.568   879  1104 E C01406/skia: SurfaceNodeDrawable DrawCommSurfaceWatermark Name:SCBStatusBar15 Id:8465380540646 water mark count is zero
09-28 17:51:20.569   879  1104 E C02515/DISP: [0;32;31m[GetMetadata:109] <private> is not supported[m
09-28 17:51:20.569   879  1104 E C02515/DISP: [0;32;31m[SetMetadata:102] <private> is not supported[m
09-28 17:51:20.569   879  1104 E C02515/METADATA_SRV: [0;32;31m[SetMetadata:136]  fail[m
09-28 17:51:20.569   879  1104 E C01401/Bufferqueue: <surface_buffer_impl.cpp:714-SetMetadata>: SetMetadata Failed with -5
09-28 17:51:20.569   879  1104 E C01406/skia: RSUniRenderComposerAdapter::SetBufferColorSpace set color space fail
09-28 17:51:20.579 11760 11996 I C00f00/OH_DER_VSync: onOhVsync ENTRY ts=<private> data=<private>
09-28 17:51:20.579 11760 11994 I C00f00/OH_DER_VSync: scheduleVsync ENTRY receiverPtr=0x<private>
09-28 17:51:20.579 11760 11994 I C00f00/OH_DER_VSync: scheduleVsync calling RequestFrame ohVsync=<private>
09-28 17:51:20.579 11760 11994 I C00f00/OH_DER_VSync: scheduleVsync RequestFrame rc=<private>
09-28 17:51:20.581   879  2132 E C02515/DISP: [0;32;31m[SetMetadata:102] <private> is not supported[m
09-28 17:51:20.581   879  2132 E C02515/METADATA_SRV: [0;32;31m[SetMetadata:136]  fail[m
09-28 17:51:20.581   879  2132 E C01401/Bufferqueue: <surface_buffer_impl.cpp:714-SetMetadata>: SetMetadata Failed with -5
09-28 17:51:20.582   797  4165 E C02515/DISP: [0;32;31m[SetLayerMaskInfo@display_composer_vdi_impl.cpp:404] <private> is not supported[m
09-28 17:51:20.582   879  1233 E C02515/DISP: [0;32;31m[SetMetadata:102] <private> is not supported[m
09-28 17:51:20.582   879  1233 E C02515/METADATA_SRV: [0;32;31m[SetMetadata:136]  fail[m
09-28 17:51:20.582   879  1233 E C01401/Bufferqueue: <surface_buffer_impl.cpp:714-SetMetadata>: SetMetadata Failed with -5
09-28 17:51:20.583   797  4165 E C02515/DISP: [0;32;31m[SetDisplayClientDamage@display_composer_vdi_impl.cpp:179] <private> is not supported[m
09-28 17:51:20.595   879   879 E C02515/DISP: [0;32;31m[GetMetadata:109] <private> is not supported[m
09-28 17:51:20.595   879   879 E C02515/DISP: [0;32;31m[GetMetadata:109] <private> is not supported[m
09-28 17:51:20.596   879   879 E C02515/DISP: [0;32;31m[GetMetadata:109] <private> is not supported[m
09-28 17:51:20.596   879   879 E C01406/skia: RSBaseRenderUtil::DealWithSurfaceRotationAndGravity, GetSurfaceBufferOpaque:0
09-28 17:51:20.596   879   879 E C02515/DISP: [0;32;31m[GetMetadata:109] <private> is not supported[m
09-28 17:51:20.596   879   879 E C01406/skia: RSBaseRenderUtil::DealWithSurfaceRotationAndGravity, GetSurfaceBufferOpaque:0
09-28 17:51:20.596   879   879 E C02515/DISP: [0;32;31m[GetMetadata:109] <private> is not supported[m
09-28 17:51:20.597 11760 11996 I C00f00/OH_DER_VSync: onOhVsync ENTRY ts=<private> data=<private>
09-28 17:51:20.597 11760 11994 I C00f00/OH_DER_VSync: scheduleVsync ENTRY receiverPtr=0x<private>
09-28 17:51:20.597 11760 11994 I C00f00/OH_DER_VSync: scheduleVsync calling RequestFrame ohVsync=<private>
09-28 17:51:20.597   879  1104 E C02515/DISP: [0;32;31m[SetMetadata:102] <private> is not supported[m
09-28 17:51:20.597   879  1104 E C02515/METADATA_SRV: [0;32;31m[SetMetadata:136]  fail[m
09-28 17:51:20.597   879  1104 E C01401/Bufferqueue: <surface_buffer_impl.cpp:714-SetMetadata>: SetMetadata Failed with -5
09-28 17:51:20.597 11760 11994 I C00f00/OH_DER_VSync: scheduleVsync RequestFrame rc=<private>
09-28 17:51:20.598   879  1104 E C01406/skia: SurfaceNodeDrawable DrawCommSurfaceWatermark Name:BackgroundBlurView2 Id:8465380540424 water mark count is zero
09-28 17:51:20.598   879  1104 E C01406/skia: RSBaseRenderUtil::DealWithSurfaceRotationAndGravity, GetSurfaceBufferOpaque:0
09-28 17:51:20.598   879  1104 I C01406/WRAP: AHardwareBuffer_createFromHandle index = <private> handle = <private>, ahb = <private>
09-28 17:51:20.598   879  1104 E C01406/skia: SurfaceNodeDrawable DrawCommSurfaceWatermark Name:AdapterActivityContent Id:50508815400963 water mark count is zero
09-28 17:51:20.598   879  1104 E C01406/skia: RSBaseRenderUtil::DealWithSurfaceRotationAndGravity, GetSurfaceBufferOpaque:0
09-28 17:51:20.598   879  1104 I C01406/WRAP: AHardwareBuffer_createFromHandle index = <private> handle = <private>, ahb = <private>
09-28 17:51:20.598   879  1104 E C01406/skia: SurfaceNodeDrawable DrawCommSurfaceWatermark Name:AdapterSurfaceView Id:50508815400964 water mark count is zero
09-28 17:51:20.598   879  1104 E C01406/skia: SurfaceNodeDrawable DrawCommSurfaceWatermark Name:com.a2hlab.bridge.zigzag/com.unity3d.player.UnityPlayerActivity Id:50508815400961 water mark count is zero
09-28 17:51:20.598   879  1104 E C01406/skia: SurfaceNodeDrawable DrawCommSurfaceWatermark Name:WindowScene_zigzag37 Id:8465380541288 water mark count is zero
09-28 17:51:20.599   879  1104 E C01406/skia: SurfaceNodeDrawable DrawCommSurfaceWatermark Name:SCBGestureNavBar13 Id:8465380540563 water mark count is zero
09-28 17:51:20.599   879  1104 E C01406/skia: SurfaceNodeDrawable DrawCommSurfaceWatermark Name:SCBStatusBar15 Id:8465380540646 water mark count is zero
09-28 17:51:20.601   879  1104 E C02515/DISP: [0;32;31m[GetMetadata:109] <private> is not supported[m
09-28 17:51:20.601   879  1104 E C02515/DISP: [0;32;31m[SetMetadata:102] <private> is not supported[m
09-28 17:51:20.601   879  1104 E C02515/METADATA_SRV: [0;32;31m[SetMetadata:136]  fail[m
09-28 17:51:20.601   879  1104 E C01401/Bufferqueue: <surface_buffer_impl.cpp:714-SetMetadata>: SetMetadata Failed with -5
09-28 17:51:20.601   879  1104 E C01406/skia: RSUniRenderComposerAdapter::SetBufferColorSpace set color space fail
09-28 17:51:20.612 11760 11996 I C00f00/OH_DER_VSync: onOhVsync ENTRY ts=<private> data=<private>
09-28 17:51:20.612 11760 11994 I C00f00/OH_DER_VSync: scheduleVsync ENTRY receiverPtr=0x<private>
09-28 17:51:20.612 11760 11994 I C00f00/OH_DER_VSync: scheduleVsync calling RequestFrame ohVsync=<private>
09-28 17:51:20.612 11760 11994 I C00f00/OH_DER_VSync: scheduleVsync RequestFrame rc=<private>
09-28 17:51:20.614   879  2132 E C02515/DISP: [0;32;31m[SetMetadata:102] <private> is not supported[m
09-28 17:51:20.614   879  2132 E C02515/METADATA_SRV: [0;32;31m[SetMetadata:136]  fail[m
09-28 17:51:20.614   879  2132 E C01401/Bufferqueue: <surface_buffer_impl.cpp:714-SetMetadata>: SetMetadata Failed with -5
09-28 17:51:20.615   797  4165 E C02515/DISP: [0;32;31m[SetLayerMaskInfo@display_composer_vdi_impl.cpp:404] <private> is not supported[m
09-28 17:51:20.615   879  1233 E C02515/DISP: [0;32;31m[SetMetadata:102] <private> is not supported[m
09-28 17:51:20.615   879  1233 E C02515/METADATA_SRV: [0;32;31m[SetMetadata:136]  fail[m
09-28 17:51:20.615   879  1233 E C01401/Bufferqueue: <surface_buffer_impl.cpp:714-SetMetadata>: SetMetadata Failed with -5
09-28 17:51:20.616   797  4165 E C02515/DISP: [0;32;31m[SetDisplayClientDamage@display_composer_vdi_impl.cpp:179] <private> is not supported[m
09-28 17:51:20.629 11760 11996 I C00f00/OH_DER_VSync: onOhVsync ENTRY ts=<private> data=<private>
09-28 17:51:20.629 11760 11994 I C00f00/OH_DER_VSync: scheduleVsync ENTRY receiverPtr=0x<private>
09-28 17:51:20.629 11760 11994 I C00f00/OH_DER_VSync: scheduleVsync calling RequestFrame ohVsync=<private>
09-28 17:51:20.629   879   879 E C02515/DISP: [0;32;31m[GetMetadata:109] <private> is not supported[m
09-28 17:51:20.629 11760 11994 I C00f00/OH_DER_VSync: scheduleVsync RequestFrame rc=<private>
09-28 17:51:20.629   879   879 E C02515/DISP: [0;32;31m[GetMetadata:109] <private> is not supported[m
09-28 17:51:20.629   879   879 E C02515/DISP: [0;32;31m[GetMetadata:109] <private> is not supported[m
09-28 17:51:20.630   879   879 E C01406/skia: RSBaseRenderUtil::DealWithSurfaceRotationAndGravity, GetSurfaceBufferOpaque:0
09-28 17:51:20.630   879   879 E C02515/DISP: [0;32;31m[GetMetadata:109] <private> is not supported[m
09-28 17:51:20.631   879   879 E C01406/skia: RSBaseRenderUtil::DealWithSurfaceRotationAndGravity, GetSurfaceBufferOpaque:0
09-28 17:51:20.631   879   879 E C02515/DISP: [0;32;31m[GetMetadata:109] <private> is not supported[m
09-28 17:51:20.632   879  1104 E C02515/DISP: [0;32;31m[SetMetadata:102] <private> is not supported[m
09-28 17:51:20.632   879  1104 E C02515/METADATA_SRV: [0;32;31m[SetMetadata:136]  fail[m
09-28 17:51:20.632   879  1104 E C01401/Bufferqueue: <surface_buffer_impl.cpp:714-SetMetadata>: SetMetadata Failed with -5
09-28 17:51:20.633   879  1104 E C01406/skia: SurfaceNodeDrawable DrawCommSurfaceWatermark Name:BackgroundBlurView2 Id:8465380540424 water mark count is zero
09-28 17:51:20.633   879  1104 E C01406/skia: RSBaseRenderUtil::DealWithSurfaceRotationAndGravity, GetSurfaceBufferOpaque:0
09-28 17:51:20.633   879  1104 I C01406/WRAP: AHardwareBuffer_createFromHandle index = <private> handle = <private>, ahb = <private>
09-28 17:51:20.633   879  1104 E C01406/skia: SurfaceNodeDrawable DrawCommSurfaceWatermark Name:AdapterActivityContent Id:50508815400963 water mark count is zero
09-28 17:51:20.633   879  1104 E C01406/skia: RSBaseRenderUtil::DealWithSurfaceRotationAndGravity, GetSurfaceBufferOpaque:0
09-28 17:51:20.633   879  1104 I C01406/WRAP: AHardwareBuffer_createFromHandle index = <private> handle = <private>, ahb = <private>
09-28 17:51:20.634   879  1104 E C01406/skia: SurfaceNodeDrawable DrawCommSurfaceWatermark Name:AdapterSurfaceView Id:50508815400964 water mark count is zero
09-28 17:51:20.634   879  1104 E C01406/skia: SurfaceNodeDrawable DrawCommSurfaceWatermark Name:com.a2hlab.bridge.zigzag/com.unity3d.player.UnityPlayerActivity Id:50508815400961 water mark count is zero
09-28 17:51:20.634   879  1104 E C01406/skia: SurfaceNodeDrawable DrawCommSurfaceWatermark Name:WindowScene_zigzag37 Id:8465380541288 water mark count is zero
09-28 17:51:20.634   879  1104 E C01406/skia: SurfaceNodeDrawable DrawCommSurfaceWatermark Name:SCBGestureNavBar13 Id:8465380540563 water mark count is zero
09-28 17:51:20.634   879  1104 E C01406/skia: SurfaceNodeDrawable DrawCommSurfaceWatermark Name:SCBStatusBar15 Id:8465380540646 water mark count is zero
09-28 17:51:20.636   879  1104 E C02515/DISP: [0;32;31m[GetMetadata:109] <private> is not supported[m
09-28 17:51:20.636   879  1104 E C02515/DISP: [0;32;31m[SetMetadata:102] <private> is not supported[m
09-28 17:51:20.636   879  1104 E C02515/METADATA_SRV: [0;32;31m[SetMetadata:136]  fail[m
09-28 17:51:20.636   879  1104 E C01401/Bufferqueue: <surface_buffer_impl.cpp:714-SetMetadata>: SetMetadata Failed with -5
09-28 17:51:20.636   879  1104 E C01406/skia: RSUniRenderComposerAdapter::SetBufferColorSpace set color space fail
09-28 17:51:20.645 11760 11996 I C00f00/OH_DER_VSync: onOhVsync ENTRY ts=<private> data=<private>
09-28 17:51:20.646 11760 11994 I C00f00/OH_DER_VSync: scheduleVsync ENTRY receiverPtr=0x<private>
09-28 17:51:20.646 11760 11994 I C00f00/OH_DER_VSync: scheduleVsync calling RequestFrame ohVsync=<private>
09-28 17:51:20.646 11760 11994 I C00f00/OH_DER_VSync: scheduleVsync RequestFrame rc=<private>
09-28 17:51:20.647   879  2132 E C02515/DISP: [0;32;31m[SetMetadata:102] <private> is not supported[m
09-28 17:51:20.647   879  2132 E C02515/METADATA_SRV: [0;32;31m[SetMetadata:136]  fail[m
09-28 17:51:20.647   879  2132 E C01401/Bufferqueue: <surface_buffer_impl.cpp:714-SetMetadata>: SetMetadata Failed with -5
09-28 17:51:20.648   797  4165 E C02515/DISP: [0;32;31m[SetLayerMaskInfo@display_composer_vdi_impl.cpp:404] <private> is not supported[m
09-28 17:51:20.649   879  1233 E C02515/DISP: [0;32;31m[SetMetadata:102] <private> is not supported[m
09-28 17:51:20.649   879  1233 E C02515/METADATA_SRV: [0;32;31m[SetMetadata:136]  fail[m
09-28 17:51:20.649   879  1233 E C01401/Bufferqueue: <surface_buffer_impl.cpp:714-SetMetadata>: SetMetadata Failed with -5
09-28 17:51:20.650   797  4165 E C02515/DISP: [0;32;31m[SetDisplayClientDamage@display_composer_vdi_impl.cpp:179] <private> is not supported[m
09-28 17:51:20.662 11760 11996 I C00f00/OH_DER_VSync: onOhVsync ENTRY ts=<private> data=<private>
09-28 17:51:20.662   879   879 E C02515/DISP: [0;32;31m[GetMetadata:109] <private> is not supported[m
09-28 17:51:20.662 11760 11994 I C00f00/OH_DER_VSync: scheduleVsync ENTRY receiverPtr=0x<private>
09-28 17:51:20.662 11760 11994 I C00f00/OH_DER_VSync: scheduleVsync calling RequestFrame ohVsync=<private>
09-28 17:51:20.662   879   879 E C02515/DISP: [0;32;31m[GetMetadata:109] <private> is not supported[m
09-28 17:51:20.663   879   879 E C02515/DISP: [0;32;31m[GetMetadata:109] <private> is not supported[m
09-28 17:51:20.663 11760 11994 I C00f00/OH_DER_VSync: scheduleVsync RequestFrame rc=<private>
09-28 17:51:20.664   879   879 E C01406/skia: RSBaseRenderUtil::DealWithSurfaceRotationAndGravity, GetSurfaceBufferOpaque:0
09-28 17:51:20.664   879   879 E C02515/DISP: [0;32;31m[GetMetadata:109] <private> is not supported[m
09-28 17:51:20.664   879   879 E C01406/skia: RSBaseRenderUtil::DealWithSurfaceRotationAndGravity, GetSurfaceBufferOpaque:0
09-28 17:51:20.664   879   879 E C02515/DISP: [0;32;31m[GetMetadata:109] <private> is not supported[m
09-28 17:51:20.666   879  1104 E C02515/DISP: [0;32;31m[SetMetadata:102] <private> is not supported[m
09-28 17:51:20.666   879  1104 E C02515/METADATA_SRV: [0;32;31m[SetMetadata:136]  fail[m
09-28 17:51:20.666   879  1104 E C01401/Bufferqueue: <surface_buffer_impl.cpp:714-SetMetadata>: SetMetadata Failed with -5
09-28 17:51:20.666   879  1104 E C01406/skia: SurfaceNodeDrawable DrawCommSurfaceWatermark Name:BackgroundBlurView2 Id:8465380540424 water mark count is zero
09-28 17:51:20.666   879  1104 E C01406/skia: RSBaseRenderUtil::DealWithSurfaceRotationAndGravity, GetSurfaceBufferOpaque:0
09-28 17:51:20.666   879  1104 I C01406/WRAP: AHardwareBuffer_createFromHandle index = <private> handle = <private>, ahb = <private>
09-28 17:51:20.667   879  1104 E C01406/skia: SurfaceNodeDrawable DrawCommSurfaceWatermark Name:AdapterActivityContent Id:50508815400963 water mark count is zero
09-28 17:51:20.667   879  1104 E C01406/skia: RSBaseRenderUtil::DealWithSurfaceRotationAndGravity, GetSurfaceBufferOpaque:0
09-28 17:51:20.667   879  1104 I C01406/WRAP: AHardwareBuffer_createFromHandle index = <private> handle = <private>, ahb = <private>
09-28 17:51:20.667   879  1104 E C01406/skia: SurfaceNodeDrawable DrawCommSurfaceWatermark Name:AdapterSurfaceView Id:50508815400964 water mark count is zero
09-28 17:51:20.667   879  1104 E C01406/skia: SurfaceNodeDrawable DrawCommSurfaceWatermark Name:com.a2hlab.bridge.zigzag/com.unity3d.player.UnityPlayerActivity Id:50508815400961 water mark count is zero
09-28 17:51:20.667   879  1104 E C01406/skia: SurfaceNodeDrawable DrawCommSurfaceWatermark Name:WindowScene_zigzag37 Id:8465380541288 water mark count is zero
09-28 17:51:20.667   879  1104 E C01406/skia: SurfaceNodeDrawable DrawCommSurfaceWatermark Name:SCBGestureNavBar13 Id:8465380540563 water mark count is zero
09-28 17:51:20.667   879  1104 E C01406/skia: SurfaceNodeDrawable DrawCommSurfaceWatermark Name:SCBStatusBar15 Id:8465380540646 water mark count is zero
09-28 17:51:20.669   879  1104 E C02515/DISP: [0;32;31m[GetMetadata:109] <private> is not supported[m
09-28 17:51:20.669   879  1104 E C02515/DISP: [0;32;31m[SetMetadata:102] <private> is not supported[m
09-28 17:51:20.669   879  1104 E C02515/METADATA_SRV: [0;32;31m[SetMetadata:136]  fail[m
09-28 17:51:20.669   879  1104 E C01401/Bufferqueue: <surface_buffer_impl.cpp:714-SetMetadata>: SetMetadata Failed with -5
09-28 17:51:20.669   879  1104 E C01406/skia: RSUniRenderComposerAdapter::SetBufferColorSpace set color space fail
09-28 17:51:20.679 11760 11996 I C00f00/OH_DER_VSync: onOhVsync ENTRY ts=<private> data=<private>
09-28 17:51:20.679 11760 11994 I C00f00/OH_DER_VSync: scheduleVsync ENTRY receiverPtr=0x<private>
09-28 17:51:20.679 11760 11994 I C00f00/OH_DER_VSync: scheduleVsync calling RequestFrame ohVsync=<private>
09-28 17:51:20.679 11760 11994 I C00f00/OH_DER_VSync: scheduleVsync RequestFrame rc=<private>
09-28 17:51:20.681   879  2132 E C02515/DISP: [0;32;31m[SetMetadata:102] <private> is not supported[m
09-28 17:51:20.681   879  2132 E C02515/METADATA_SRV: [0;32;31m[SetMetadata:136]  fail[m
09-28 17:51:20.681   879  2132 E C01401/Bufferqueue: <surface_buffer_impl.cpp:714-SetMetadata>: SetMetadata Failed with -5
09-28 17:51:20.682   797  4165 E C02515/DISP: [0;32;31m[SetLayerMaskInfo@display_composer_vdi_impl.cpp:404] <private> is not supported[m
09-28 17:51:20.682   879  1233 E C02515/DISP: [0;32;31m[SetMetadata:102] <private> is not supported[m
09-28 17:51:20.682   879  1233 E C02515/METADATA_SRV: [0;32;31m[SetMetadata:136]  fail[m
09-28 17:51:20.682   879  1233 E C01401/Bufferqueue: <surface_buffer_impl.cpp:714-SetMetadata>: SetMetadata Failed with -5
09-28 17:51:20.683   797  4165 E C02515/DISP: [0;32;31m[SetDisplayClientDamage@display_composer_vdi_impl.cpp:179] <private> is not supported[m
09-28 17:51:20.695 11760 11996 I C00f00/OH_DER_VSync: onOhVsync ENTRY ts=<private> data=<private>
09-28 17:51:20.696 11760 11994 I C00f00/OH_DER_VSync: scheduleVsync ENTRY receiverPtr=0x<private>
09-28 17:51:20.696 11760 11994 I C00f00/OH_DER_VSync: scheduleVsync calling RequestFrame ohVsync=<private>
09-28 17:51:20.696   879   879 E C02515/DISP: [0;32;31m[GetMetadata:109] <private> is not supported[m
09-28 17:51:20.696 11760 11994 I C00f00/OH_DER_VSync: scheduleVsync RequestFrame rc=<private>
09-28 17:51:20.696   879   879 E C02515/DISP: [0;32;31m[GetMetadata:109] <private> is not supported[m
09-28 17:51:20.696   879   879 E C02515/DISP: [0;32;31m[GetMetadata:109] <private> is not supported[m
09-28 17:51:20.697   879   879 E C01406/skia: RSBaseRenderUtil::DealWithSurfaceRotationAndGravity, GetSurfaceBufferOpaque:0
09-28 17:51:20.697   879   879 E C02515/DISP: [0;32;31m[GetMetadata:109] <private> is not supported[m
09-28 17:51:20.697   879   879 E C01406/skia: RSBaseRenderUtil::DealWithSurfaceRotationAndGravity, GetSurfaceBufferOpaque:0
09-28 17:51:20.697   879   879 E C02515/DISP: [0;32;31m[GetMetadata:109] <private> is not supported[m
09-28 17:51:20.699   879  1104 E C02515/DISP: [0;32;31m[SetMetadata:102] <private> is not supported[m
09-28 17:51:20.699   879  1104 E C02515/METADATA_SRV: [0;32;31m[SetMetadata:136]  fail[m
09-28 17:51:20.699   879  1104 E C01401/Bufferqueue: <surface_buffer_impl.cpp:714-SetMetadata>: SetMetadata Failed with -5
09-28 17:51:20.700   879  1104 E C01406/skia: SurfaceNodeDrawable DrawCommSurfaceWatermark Name:BackgroundBlurView2 Id:8465380540424 water mark count is zero
09-28 17:51:20.700   879  1104 E C01406/skia: RSBaseRenderUtil::DealWithSurfaceRotationAndGravity, GetSurfaceBufferOpaque:0
09-28 17:51:20.700   879  1104 I C01406/WRAP: AHardwareBuffer_createFromHandle index = <private> handle = <private>, ahb = <private>
09-28 17:51:20.700   879  1104 E C01406/skia: SurfaceNodeDrawable DrawCommSurfaceWatermark Name:AdapterActivityContent Id:50508815400963 water mark count is zero
09-28 17:51:20.700   879  1104 E C01406/skia: RSBaseRenderUtil::DealWithSurfaceRotationAndGravity, GetSurfaceBufferOpaque:0
09-28 17:51:20.700   879  1104 I C01406/WRAP: AHardwareBuffer_createFromHandle index = <private> handle = <private>, ahb = <private>
09-28 17:51:20.701   879  1104 E C01406/skia: SurfaceNodeDrawable DrawCommSurfaceWatermark Name:AdapterSurfaceView Id:50508815400964 water mark count is zero
09-28 17:51:20.701   879  1104 E C01406/skia: SurfaceNodeDrawable DrawCommSurfaceWatermark Name:com.a2hlab.bridge.zigzag/com.unity3d.player.UnityPlayerActivity Id:50508815400961 water mark count is zero
09-28 17:51:20.701   879  1104 E C01406/skia: SurfaceNodeDrawable DrawCommSurfaceWatermark Name:WindowScene_zigzag37 Id:8465380541288 water mark count is zero
09-28 17:51:20.701   879  1104 E C01406/skia: SurfaceNodeDrawable DrawCommSurfaceWatermark Name:SCBGestureNavBar13 Id:8465380540563 water mark count is zero
09-28 17:51:20.701   879  1104 E C01406/skia: SurfaceNodeDrawable DrawCommSurfaceWatermark Name:SCBStatusBar15 Id:8465380540646 water mark count is zero
09-28 17:51:20.703   879  1104 E C02515/DISP: [0;32;31m[GetMetadata:109] <private> is not supported[m
09-28 17:51:20.703   879  1104 E C02515/DISP: [0;32;31m[SetMetadata:102] <private> is not supported[m
09-28 17:51:20.703   879  1104 E C02515/METADATA_SRV: [0;32;31m[SetMetadata:136]  fail[m
09-28 17:51:20.703   879  1104 E C01401/Bufferqueue: <surface_buffer_impl.cpp:714-SetMetadata>: SetMetadata Failed with -5
09-28 17:51:20.703   879  1104 E C01406/skia: RSUniRenderComposerAdapter::SetBufferColorSpace set color space fail
09-28 17:51:20.712 11760 11996 I C00f00/OH_DER_VSync: onOhVsync ENTRY ts=<private> data=<private>
09-28 17:51:20.712 11760 11994 I C00f00/OH_DER_VSync: scheduleVsync ENTRY receiverPtr=0x<private>
09-28 17:51:20.712 11760 11994 I C00f00/OH_DER_VSync: scheduleVsync calling RequestFrame ohVsync=<private>
09-28 17:51:20.713 11760 11994 I C00f00/OH_DER_VSync: scheduleVsync RequestFrame rc=<private>
09-28 17:51:20.714   879  2132 E C02515/DISP: [0;32;31m[SetMetadata:102] <private> is not supported[m
09-28 17:51:20.714   879  2132 E C02515/METADATA_SRV: [0;32;31m[SetMetadata:136]  fail[m
09-28 17:51:20.714   879  2132 E C01401/Bufferqueue: <surface_buffer_impl.cpp:714-SetMetadata>: SetMetadata Failed with -5
09-28 17:51:20.715   797  4165 E C02515/DISP: [0;32;31m[SetLayerMaskInfo@display_composer_vdi_impl.cpp:404] <private> is not supported[m
09-28 17:51:20.716   879  1233 E C02515/DISP: [0;32;31m[SetMetadata:102] <private> is not supported[m
09-28 17:51:20.716   879  1233 E C02515/METADATA_SRV: [0;32;31m[SetMetadata:136]  fail[m
09-28 17:51:20.716   879  1233 E C01401/Bufferqueue: <surface_buffer_impl.cpp:714-SetMetadata>: SetMetadata Failed with -5
09-28 17:51:20.717   797  4165 E C02515/DISP: [0;32;31m[SetDisplayClientDamage@display_composer_vdi_impl.cpp:179] <private> is not supported[m
09-28 17:51:20.729 11760 11996 I C00f00/OH_DER_VSync: onOhVsync ENTRY ts=<private> data=<private>
09-28 17:51:20.729   879   879 E C02515/DISP: [0;32;31m[GetMetadata:109] <private> is not supported[m
09-28 17:51:20.729 11760 11994 I C00f00/OH_DER_VSync: scheduleVsync ENTRY receiverPtr=0x<private>
09-28 17:51:20.729 11760 11994 I C00f00/OH_DER_VSync: scheduleVsync calling RequestFrame ohVsync=<private>
09-28 17:51:20.729   879   879 E C02515/DISP: [0;32;31m[GetMetadata:109] <private> is not supported[m
09-28 17:51:20.729   879   879 E C02515/DISP: [0;32;31m[GetMetadata:109] <private> is not supported[m
09-28 17:51:20.729 11760 11994 I C00f00/OH_DER_VSync: scheduleVsync RequestFrame rc=<private>
09-28 17:51:20.731   879   879 E C01406/skia: RSBaseRenderUtil::DealWithSurfaceRotationAndGravity, GetSurfaceBufferOpaque:0
09-28 17:51:20.731   879   879 E C02515/DISP: [0;32;31m[GetMetadata:109] <private> is not supported[m
09-28 17:51:20.731   879   879 E C01406/skia: RSBaseRenderUtil::DealWithSurfaceRotationAndGravity, GetSurfaceBufferOpaque:0
09-28 17:51:20.731   879   879 E C02515/DISP: [0;32;31m[GetMetadata:109] <private> is not supported[m
09-28 17:51:20.733   879  1104 E C02515/DISP: [0;32;31m[SetMetadata:102] <private> is not supported[m
09-28 17:51:20.733   879  1104 E C02515/METADATA_SRV: [0;32;31m[SetMetadata:136]  fail[m
09-28 17:51:20.733   879  1104 E C01401/Bufferqueue: <surface_buffer_impl.cpp:714-SetMetadata>: SetMetadata Failed with -5
09-28 17:51:20.733   879  1104 E C01406/skia: SurfaceNodeDrawable DrawCommSurfaceWatermark Name:BackgroundBlurView2 Id:8465380540424 water mark count is zero
09-28 17:51:20.733   879  1104 E C01406/skia: RSBaseRenderUtil::DealWithSurfaceRotationAndGravity, GetSurfaceBufferOpaque:0
09-28 17:51:20.733   879  1104 I C01406/WRAP: AHardwareBuffer_createFromHandle index = <private> handle = <private>, ahb = <private>
09-28 17:51:20.734   879  1104 E C01406/skia: SurfaceNodeDrawable DrawCommSurfaceWatermark Name:AdapterActivityContent Id:50508815400963 water mark count is zero
09-28 17:51:20.734   879  1104 E C01406/skia: RSBaseRenderUtil::DealWithSurfaceRotationAndGravity, GetSurfaceBufferOpaque:0
09-28 17:51:20.734   879  1104 I C01406/WRAP: AHardwareBuffer_createFromHandle index = <private> handle = <private>, ahb = <private>
09-28 17:51:20.734   879  1104 E C01406/skia: SurfaceNodeDrawable DrawCommSurfaceWatermark Name:AdapterSurfaceView Id:50508815400964 water mark count is zero
09-28 17:51:20.734   879  1104 E C01406/skia: SurfaceNodeDrawable DrawCommSurfaceWatermark Name:com.a2hlab.bridge.zigzag/com.unity3d.player.UnityPlayerActivity Id:50508815400961 water mark count is zero
09-28 17:51:20.734   879  1104 E C01406/skia: SurfaceNodeDrawable DrawCommSurfaceWatermark Name:WindowScene_zigzag37 Id:8465380541288 water mark count is zero
09-28 17:51:20.734   879  1104 E C01406/skia: SurfaceNodeDrawable DrawCommSurfaceWatermark Name:SCBGestureNavBar13 Id:8465380540563 water mark count is zero
09-28 17:51:20.735   879  1104 E C01406/skia: SurfaceNodeDrawable DrawCommSurfaceWatermark Name:SCBStatusBar15 Id:8465380540646 water mark count is zero
09-28 17:51:20.736   879  1104 E C02515/DISP: [0;32;31m[GetMetadata:109] <private> is not supported[m
09-28 17:51:20.736   879  1104 E C02515/DISP: [0;32;31m[SetMetadata:102] <private> is not supported[m
09-28 17:51:20.736   879  1104 E C02515/METADATA_SRV: [0;32;31m[SetMetadata:136]  fail[m
09-28 17:51:20.736   879  1104 E C01401/Bufferqueue: <surface_buffer_impl.cpp:714-SetMetadata>: SetMetadata Failed with -5
09-28 17:51:20.736   879  1104 E C01406/skia: RSUniRenderComposerAdapter::SetBufferColorSpace set color space fail
09-28 17:51:20.746 11760 11996 I C00f00/OH_DER_VSync: onOhVsync ENTRY ts=<private> data=<private>
09-28 17:51:20.746 11760 11994 I C00f00/OH_DER_VSync: scheduleVsync ENTRY receiverPtr=0x<private>
09-28 17:51:20.746 11760 11994 I C00f00/OH_DER_VSync: scheduleVsync calling RequestFrame ohVsync=<private>
09-28 17:51:20.746 11760 11994 I C00f00/OH_DER_VSync: scheduleVsync RequestFrame rc=<private>
09-28 17:51:20.748   879  2132 E C02515/DISP: [0;32;31m[SetMetadata:102] <private> is not supported[m
09-28 17:51:20.748   879  2132 E C02515/METADATA_SRV: [0;32;31m[SetMetadata:136]  fail[m
09-28 17:51:20.748   879  2132 E C01401/Bufferqueue: <surface_buffer_impl.cpp:714-SetMetadata>: SetMetadata Failed with -5
09-28 17:51:20.749   797  4165 E C02515/DISP: [0;32;31m[SetLayerMaskInfo@display_composer_vdi_impl.cpp:404] <private> is not supported[m
09-28 17:51:20.749   879  1233 E C02515/DISP: [0;32;31m[SetMetadata:102] <private> is not supported[m
09-28 17:51:20.749   879  1233 E C02515/METADATA_SRV: [0;32;31m[SetMetadata:136]  fail[m
09-28 17:51:20.749   879  1233 E C01401/Bufferqueue: <surface_buffer_impl.cpp:714-SetMetadata>: SetMetadata Failed with -5
09-28 17:51:20.750   797  4165 E C02515/DISP: [0;32;31m[SetDisplayClientDamage@display_composer_vdi_impl.cpp:179] <private> is not supported[m
09-28 17:51:20.762   879   879 E C02515/DISP: [0;32;31m[GetMetadata:109] <private> is not supported[m
09-28 17:51:20.762   879   879 E C02515/DISP: [0;32;31m[GetMetadata:109] <private> is not supported[m
09-28 17:51:20.762   879   879 E C02515/DISP: [0;32;31m[GetMetadata:109] <private> is not supported[m
09-28 17:51:20.763   879   879 E C01406/skia: RSBaseRenderUtil::DealWithSurfaceRotationAndGravity, GetSurfaceBufferOpaque:0
09-28 17:51:20.763   879   879 E C02515/DISP: [0;32;31m[GetMetadata:109] <private> is not supported[m
09-28 17:51:20.763   879   879 E C01406/skia: RSBaseRenderUtil::DealWithSurfaceRotationAndGravity, GetSurfaceBufferOpaque:0
09-28 17:51:20.763   879   879 E C02515/DISP: [0;32;31m[GetMetadata:109] <private> is not supported[m
09-28 17:51:20.764 11760 11996 I C00f00/OH_DER_VSync: onOhVsync ENTRY ts=<private> data=<private>
09-28 17:51:20.764 11760 11994 I C00f00/OH_DER_VSync: scheduleVsync ENTRY receiverPtr=0x<private>
09-28 17:51:20.764 11760 11994 I C00f00/OH_DER_VSync: scheduleVsync calling RequestFrame ohVsync=<private>
09-28 17:51:20.764   879  1104 E C02515/DISP: [0;32;31m[SetMetadata:102] <private> is not supported[m
09-28 17:51:20.764   879  1104 E C02515/METADATA_SRV: [0;32;31m[SetMetadata:136]  fail[m
09-28 17:51:20.764   879  1104 E C01401/Bufferqueue: <surface_buffer_impl.cpp:714-SetMetadata>: SetMetadata Failed with -5
09-28 17:51:20.764 11760 11994 I C00f00/OH_DER_VSync: scheduleVsync RequestFrame rc=<private>
09-28 17:51:20.764   879  1104 E C01406/skia: SurfaceNodeDrawable DrawCommSurfaceWatermark Name:BackgroundBlurView2 Id:8465380540424 water mark count is zero
09-28 17:51:20.765   879  1104 E C01406/skia: RSBaseRenderUtil::DealWithSurfaceRotationAndGravity, GetSurfaceBufferOpaque:0
09-28 17:51:20.765   879  1104 I C01406/WRAP: AHardwareBuffer_createFromHandle index = <private> handle = <private>, ahb = <private>
09-28 17:51:20.765   879  1104 E C01406/skia: SurfaceNodeDrawable DrawCommSurfaceWatermark Name:AdapterActivityContent Id:50508815400963 water mark count is zero
09-28 17:51:20.765   879  1104 E C01406/skia: RSBaseRenderUtil::DealWithSurfaceRotationAndGravity, GetSurfaceBufferOpaque:0
09-28 17:51:20.765   879  1104 I C01406/WRAP: AHardwareBuffer_createFromHandle index = <private> handle = <private>, ahb = <private>
09-28 17:51:20.765   879  1104 E C01406/skia: SurfaceNodeDrawable DrawCommSurfaceWatermark Name:AdapterSurfaceView Id:50508815400964 water mark count is zero
09-28 17:51:20.765   879  1104 E C01406/skia: SurfaceNodeDrawable DrawCommSurfaceWatermark Name:com.a2hlab.bridge.zigzag/com.unity3d.player.UnityPlayerActivity Id:50508815400961 water mark count is zero
09-28 17:51:20.765   879  1104 E C01406/skia: SurfaceNodeDrawable DrawCommSurfaceWatermark Name:WindowScene_zigzag37 Id:8465380541288 water mark count is zero
09-28 17:51:20.766   879  1104 E C01406/skia: SurfaceNodeDrawable DrawCommSurfaceWatermark Name:SCBGestureNavBar13 Id:8465380540563 water mark count is zero
09-28 17:51:20.766   879  1104 E C01406/skia: SurfaceNodeDrawable DrawCommSurfaceWatermark Name:SCBStatusBar15 Id:8465380540646 water mark count is zero
09-28 17:51:20.768   879  1104 E C02515/DISP: [0;32;31m[GetMetadata:109] <private> is not supported[m
09-28 17:51:20.768   879  1104 E C02515/DISP: [0;32;31m[SetMetadata:102] <private> is not supported[m
09-28 17:51:20.768   879  1104 E C02515/METADATA_SRV: [0;32;31m[SetMetadata:136]  fail[m
09-28 17:51:20.768   879  1104 E C01401/Bufferqueue: <surface_buffer_impl.cpp:714-SetMetadata>: SetMetadata Failed with -5
09-28 17:51:20.768   879  1104 E C01406/skia: RSUniRenderComposerAdapter::SetBufferColorSpace set color space fail
09-28 17:51:20.779 11760 11996 I C00f00/OH_DER_VSync: onOhVsync ENTRY ts=<private> data=<private>
09-28 17:51:20.779 11760 11994 I C00f00/OH_DER_VSync: scheduleVsync ENTRY receiverPtr=0x<private>
09-28 17:51:20.779 11760 11994 I C00f00/OH_DER_VSync: scheduleVsync calling RequestFrame ohVsync=<private>
09-28 17:51:20.779 11760 11994 I C00f00/OH_DER_VSync: scheduleVsync RequestFrame rc=<private>
09-28 17:51:20.781   879  2132 E C02515/DISP: [0;32;31m[SetMetadata:102] <private> is not supported[m
09-28 17:51:20.781   879  2132 E C02515/METADATA_SRV: [0;32;31m[SetMetadata:136]  fail[m
09-28 17:51:20.781   879  2132 E C01401/Bufferqueue: <surface_buffer_impl.cpp:714-SetMetadata>: SetMetadata Failed with -5
09-28 17:51:20.782   797  4165 E C02515/DISP: [0;32;31m[SetLayerMaskInfo@display_composer_vdi_impl.cpp:404] <private> is not supported[m
09-28 17:51:20.783   879  1233 E C02515/DISP: [0;32;31m[SetMetadata:102] <private> is not supported[m
09-28 17:51:20.783   879  1233 E C02515/METADATA_SRV: [0;32;31m[SetMetadata:136]  fail[m
09-28 17:51:20.783   879  1233 E C01401/Bufferqueue: <surface_buffer_impl.cpp:714-SetMetadata>: SetMetadata Failed with -5
09-28 17:51:20.783   797  4165 E C02515/DISP: [0;32;31m[SetDisplayClientDamage@display_composer_vdi_impl.cpp:179] <private> is not supported[m
09-28 17:51:20.796   879   879 E C02515/DISP: [0;32;31m[GetMetadata:109] <private> is not supported[m
09-28 17:51:20.796   879   879 E C02515/DISP: [0;32;31m[GetMetadata:109] <private> is not supported[m
09-28 17:51:20.796   879   879 E C02515/DISP: [0;32;31m[GetMetadata:109] <private> is not supported[m
09-28 17:51:20.796   879   879 E C01406/skia: RSBaseRenderUtil::DealWithSurfaceRotationAndGravity, GetSurfaceBufferOpaque:0
09-28 17:51:20.796   879   879 E C02515/DISP: [0;32;31m[GetMetadata:109] <private> is not supported[m
09-28 17:51:20.796   879   879 E C01406/skia: RSBaseRenderUtil::DealWithSurfaceRotationAndGravity, GetSurfaceBufferOpaque:0
09-28 17:51:20.796   879   879 E C02515/DISP: [0;32;31m[GetMetadata:109] <private> is not supported[m
09-28 17:51:20.797 11760 11996 I C00f00/OH_DER_VSync: onOhVsync ENTRY ts=<private> data=<private>
09-28 17:51:20.797 11760 11994 I C00f00/OH_DER_VSync: scheduleVsync ENTRY receiverPtr=0x<private>
09-28 17:51:20.797 11760 11994 I C00f00/OH_DER_VSync: scheduleVsync calling RequestFrame ohVsync=<private>
09-28 17:51:20.797   879  1104 E C02515/DISP: [0;32;31m[SetMetadata:102] <private> is not supported[m
09-28 17:51:20.797   879  1104 E C02515/METADATA_SRV: [0;32;31m[SetMetadata:136]  fail[m
09-28 17:51:20.797   879  1104 E C01401/Bufferqueue: <surface_buffer_impl.cpp:714-SetMetadata>: SetMetadata Failed with -5
09-28 17:51:20.797 11760 11994 I C00f00/OH_DER_VSync: scheduleVsync RequestFrame rc=<private>
09-28 17:51:20.798   879  1104 E C01406/skia: SurfaceNodeDrawable DrawCommSurfaceWatermark Name:BackgroundBlurView2 Id:8465380540424 water mark count is zero
09-28 17:51:20.798   879  1104 E C01406/skia: RSBaseRenderUtil::DealWithSurfaceRotationAndGravity, GetSurfaceBufferOpaque:0
09-28 17:51:20.798   879  1104 I C01406/WRAP: AHardwareBuffer_createFromHandle index = <private> handle = <private>, ahb = <private>
09-28 17:51:20.798   879  1104 E C01406/skia: SurfaceNodeDrawable DrawCommSurfaceWatermark Name:AdapterActivityContent Id:50508815400963 water mark count is zero
09-28 17:51:20.798   879  1104 E C01406/skia: RSBaseRenderUtil::DealWithSurfaceRotationAndGravity, GetSurfaceBufferOpaque:0
09-28 17:51:20.799   879  1104 I C01406/WRAP: AHardwareBuffer_createFromHandle index = <private> handle = <private>, ahb = <private>
09-28 17:51:20.799   879  1104 E C01406/skia: SurfaceNodeDrawable DrawCommSurfaceWatermark Name:AdapterSurfaceView Id:50508815400964 water mark count is zero
09-28 17:51:20.799   879  1104 E C01406/skia: SurfaceNodeDrawable DrawCommSurfaceWatermark Name:com.a2hlab.bridge.zigzag/com.unity3d.player.UnityPlayerActivity Id:50508815400961 water mark count is zero
09-28 17:51:20.799   879  1104 E C01406/skia: SurfaceNodeDrawable DrawCommSurfaceWatermark Name:WindowScene_zigzag37 Id:8465380541288 water mark count is zero
09-28 17:51:20.799   879  1104 E C01406/skia: SurfaceNodeDrawable DrawCommSurfaceWatermark Name:SCBGestureNavBar13 Id:8465380540563 water mark count is zero
09-28 17:51:20.799   879  1104 E C01406/skia: SurfaceNodeDrawable DrawCommSurfaceWatermark Name:SCBStatusBar15 Id:8465380540646 water mark count is zero
09-28 17:51:20.801   879  1104 E C02515/DISP: [0;32;31m[GetMetadata:109] <private> is not supported[m
09-28 17:51:20.801   879  1104 E C02515/DISP: [0;32;31m[SetMetadata:102] <private> is not supported[m
09-28 17:51:20.801   879  1104 E C02515/METADATA_SRV: [0;32;31m[SetMetadata:136]  fail[m
09-28 17:51:20.801   879  1104 E C01401/Bufferqueue: <surface_buffer_impl.cpp:714-SetMetadata>: SetMetadata Failed with -5
09-28 17:51:20.801   879  1104 E C01406/skia: RSUniRenderComposerAdapter::SetBufferColorSpace set color space fail
09-28 17:51:20.812 11760 11996 I C00f00/OH_DER_VSync: onOhVsync ENTRY ts=<private> data=<private>
09-28 17:51:20.812 11760 11994 I C00f00/OH_DER_VSync: scheduleVsync ENTRY receiverPtr=0x<private>
09-28 17:51:20.812 11760 11994 I C00f00/OH_DER_VSync: scheduleVsync calling RequestFrame ohVsync=<private>
09-28 17:51:20.813 11760 11994 I C00f00/OH_DER_VSync: scheduleVsync RequestFrame rc=<private>
09-28 17:51:20.814   879  2132 E C02515/DISP: [0;32;31m[SetMetadata:102] <private> is not supported[m
09-28 17:51:20.814   879  2132 E C02515/METADATA_SRV: [0;32;31m[SetMetadata:136]  fail[m
09-28 17:51:20.814   879  2132 E C01401/Bufferqueue: <surface_buffer_impl.cpp:714-SetMetadata>: SetMetadata Failed with -5
09-28 17:51:20.815   797  4165 E C02515/DISP: [0;32;31m[SetLayerMaskInfo@display_composer_vdi_impl.cpp:404] <private> is not supported[m
09-28 17:51:20.815   879  1233 E C02515/DISP: [0;32;31m[SetMetadata:102] <private> is not supported[m
09-28 17:51:20.815   879  1233 E C02515/METADATA_SRV: [0;32;31m[SetMetadata:136]  fail[m
09-28 17:51:20.815   879  1233 E C01401/Bufferqueue: <surface_buffer_impl.cpp:714-SetMetadata>: SetMetadata Failed with -5
09-28 17:51:20.816   797  4165 E C02515/DISP: [0;32;31m[SetDisplayClientDamage@display_composer_vdi_impl.cpp:179] <private> is not supported[m
09-28 17:51:20.829 11760 11996 I C00f00/OH_DER_VSync: onOhVsync ENTRY ts=<private> data=<private>
09-28 17:51:20.829   879   879 E C02515/DISP: [0;32;31m[GetMetadata:109] <private> is not supported[m
09-28 17:51:20.829 11760 11994 I C00f00/OH_DER_VSync: scheduleVsync ENTRY receiverPtr=0x<private>
09-28 17:51:20.829 11760 11994 I C00f00/OH_DER_VSync: scheduleVsync calling RequestFrame ohVsync=<private>
09-28 17:51:20.829   879   879 E C02515/DISP: [0;32;31m[GetMetadata:109] <private> is not supported[m
09-28 17:51:20.829   879   879 E C02515/DISP: [0;32;31m[GetMetadata:109] <private> is not supported[m
09-28 17:51:20.829 11760 11994 I C00f00/OH_DER_VSync: scheduleVsync RequestFrame rc=<private>
09-28 17:51:20.831   879   879 E C01406/skia: RSBaseRenderUtil::DealWithSurfaceRotationAndGravity, GetSurfaceBufferOpaque:0
09-28 17:51:20.831   879   879 E C02515/DISP: [0;32;31m[GetMetadata:109] <private> is not supported[m
09-28 17:51:20.831   879   879 E C01406/skia: RSBaseRenderUtil::DealWithSurfaceRotationAndGravity, GetSurfaceBufferOpaque:0
09-28 17:51:20.831   879   879 E C02515/DISP: [0;32;31m[GetMetadata:109] <private> is not supported[m
09-28 17:51:20.833   879  1104 E C02515/DISP: [0;32;31m[SetMetadata:102] <private> is not supported[m
09-28 17:51:20.833   879  1104 E C02515/METADATA_SRV: [0;32;31m[SetMetadata:136]  fail[m
09-28 17:51:20.833   879  1104 E C01401/Bufferqueue: <surface_buffer_impl.cpp:714-SetMetadata>: SetMetadata Failed with -5
09-28 17:51:20.833   879  1104 E C01406/skia: SurfaceNodeDrawable DrawCommSurfaceWatermark Name:BackgroundBlurView2 Id:8465380540424 water mark count is zero
09-28 17:51:20.833   879  1104 E C01406/skia: RSBaseRenderUtil::DealWithSurfaceRotationAndGravity, GetSurfaceBufferOpaque:0
09-28 17:51:20.833   879  1104 I C01406/WRAP: AHardwareBuffer_createFromHandle index = <private> handle = <private>, ahb = <private>
09-28 17:51:20.833   879  1104 E C01406/skia: SurfaceNodeDrawable DrawCommSurfaceWatermark Name:AdapterActivityContent Id:50508815400963 water mark count is zero
09-28 17:51:20.834   879  1104 E C01406/skia: RSBaseRenderUtil::DealWithSurfaceRotationAndGravity, GetSurfaceBufferOpaque:0
09-28 17:51:20.834   879  1104 I C01406/WRAP: AHardwareBuffer_createFromHandle index = <private> handle = <private>, ahb = <private>
09-28 17:51:20.834   879  1104 E C01406/skia: SurfaceNodeDrawable DrawCommSurfaceWatermark Name:AdapterSurfaceView Id:50508815400964 water mark count is zero
09-28 17:51:20.834   879  1104 E C01406/skia: SurfaceNodeDrawable DrawCommSurfaceWatermark Name:com.a2hlab.bridge.zigzag/com.unity3d.player.UnityPlayerActivity Id:50508815400961 water mark count is zero
09-28 17:51:20.834   879  1104 E C01406/skia: SurfaceNodeDrawable DrawCommSurfaceWatermark Name:WindowScene_zigzag37 Id:8465380541288 water mark count is zero
09-28 17:51:20.834   879  1104 E C01406/skia: SurfaceNodeDrawable DrawCommSurfaceWatermark Name:SCBGestureNavBar13 Id:8465380540563 water mark count is zero
09-28 17:51:20.834   879  1104 E C01406/skia: SurfaceNodeDrawable DrawCommSurfaceWatermark Name:SCBStatusBar15 Id:8465380540646 water mark count is zero
09-28 17:51:20.836   879  1104 E C02515/DISP: [0;32;31m[GetMetadata:109] <private> is not supported[m
09-28 17:51:20.836   879  1104 E C02515/DISP: [0;32;31m[SetMetadata:102] <private> is not supported[m
09-28 17:51:20.836   879  1104 E C02515/METADATA_SRV: [0;32;31m[SetMetadata:136]  fail[m
09-28 17:51:20.836   879  1104 E C01401/Bufferqueue: <surface_buffer_impl.cpp:714-SetMetadata>: SetMetadata Failed with -5
09-28 17:51:20.836   879  1104 E C01406/skia: RSUniRenderComposerAdapter::SetBufferColorSpace set color space fail
09-28 17:51:20.837   774  1107 E C02943/ThermalHdi: create output dir failed
09-28 17:51:20.837   774  1107 E C02943/ThermalHdi: open uncompressfile failed
09-28 17:51:20.846 11760 11996 I C00f00/OH_DER_VSync: onOhVsync ENTRY ts=<private> data=<private>
09-28 17:51:20.846 11760 11994 I C00f00/OH_DER_VSync: scheduleVsync ENTRY receiverPtr=0x<private>
09-28 17:51:20.846 11760 11994 I C00f00/OH_DER_VSync: scheduleVsync calling RequestFrame ohVsync=<private>
09-28 17:51:20.846 11760 11994 I C00f00/OH_DER_VSync: scheduleVsync RequestFrame rc=<private>
09-28 17:51:20.847   879  2132 E C02515/DISP: [0;32;31m[SetMetadata:102] <private> is not supported[m
09-28 17:51:20.847   879  2132 E C02515/METADATA_SRV: [0;32;31m[SetMetadata:136]  fail[m
09-28 17:51:20.847   879  2132 E C01401/Bufferqueue: <surface_buffer_impl.cpp:714-SetMetadata>: SetMetadata Failed with -5
09-28 17:51:20.849   797  4165 E C02515/DISP: [0;32;31m[SetLayerMaskInfo@display_composer_vdi_impl.cpp:404] <private> is not supported[m
09-28 17:51:20.849   879  1233 E C02515/DISP: [0;32;31m[SetMetadata:102] <private> is not supported[m
09-28 17:51:20.849   879  1233 E C02515/METADATA_SRV: [0;32;31m[SetMetadata:136]  fail[m
09-28 17:51:20.849   879  1233 E C01401/Bufferqueue: <surface_buffer_impl.cpp:714-SetMetadata>: SetMetadata Failed with -5
09-28 17:51:20.850   797  4165 E C02515/DISP: [0;32;31m[SetDisplayClientDamage@display_composer_vdi_impl.cpp:179] <private> is not supported[m
09-28 17:51:20.862   879   879 E C02515/DISP: [0;32;31m[GetMetadata:109] <private> is not supported[m
09-28 17:51:20.862   879   879 E C02515/DISP: [0;32;31m[GetMetadata:109] <private> is not supported[m
09-28 17:51:20.862   879   879 E C02515/DISP: [0;32;31m[GetMetadata:109] <private> is not supported[m
09-28 17:51:20.863   879   879 E C01406/skia: RSBaseRenderUtil::DealWithSurfaceRotationAndGravity, GetSurfaceBufferOpaque:0
09-28 17:51:20.863   879   879 E C02515/DISP: [0;32;31m[GetMetadata:109] <private> is not supported[m
09-28 17:51:20.863   879   879 E C01406/skia: RSBaseRenderUtil::DealWithSurfaceRotationAndGravity, GetSurfaceBufferOpaque:0
09-28 17:51:20.863   879   879 E C02515/DISP: [0;32;31m[GetMetadata:109] <private> is not supported[m
09-28 17:51:20.864 11760 11996 I C00f00/OH_DER_VSync: onOhVsync ENTRY ts=<private> data=<private>
09-28 17:51:20.864 11760 11994 I C00f00/OH_DER_VSync: scheduleVsync ENTRY receiverPtr=0x<private>
09-28 17:51:20.864 11760 11994 I C00f00/OH_DER_VSync: scheduleVsync calling RequestFrame ohVsync=<private>
09-28 17:51:20.864   879  1104 E C02515/DISP: [0;32;31m[SetMetadata:102] <private> is not supported[m
09-28 17:51:20.864 11760 11994 I C00f00/OH_DER_VSync: scheduleVsync RequestFrame rc=<private>
09-28 17:51:20.864   879  1104 E C02515/METADATA_SRV: [0;32;31m[SetMetadata:136]  fail[m
09-28 17:51:20.864   879  1104 E C01401/Bufferqueue: <surface_buffer_impl.cpp:714-SetMetadata>: SetMetadata Failed with -5
09-28 17:51:20.865   879  1104 E C01406/skia: SurfaceNodeDrawable DrawCommSurfaceWatermark Name:BackgroundBlurView2 Id:8465380540424 water mark count is zero
09-28 17:51:20.865   879  1104 E C01406/skia: RSBaseRenderUtil::DealWithSurfaceRotationAndGravity, GetSurfaceBufferOpaque:0
09-28 17:51:20.865   879  1104 I C01406/WRAP: AHardwareBuffer_createFromHandle index = <private> handle = <private>, ahb = <private>
09-28 17:51:20.865   879  1104 E C01406/skia: SurfaceNodeDrawable DrawCommSurfaceWatermark Name:AdapterActivityContent Id:50508815400963 water mark count is zero
09-28 17:51:20.865   879  1104 E C01406/skia: RSBaseRenderUtil::DealWithSurfaceRotationAndGravity, GetSurfaceBufferOpaque:0
09-28 17:51:20.865   879  1104 I C01406/WRAP: AHardwareBuffer_createFromHandle index = <private> handle = <private>, ahb = <private>
09-28 17:51:20.866   879  1104 E C01406/skia: SurfaceNodeDrawable DrawCommSurfaceWatermark Name:AdapterSurfaceView Id:50508815400964 water mark count is zero
09-28 17:51:20.866   879  1104 E C01406/skia: SurfaceNodeDrawable DrawCommSurfaceWatermark Name:com.a2hlab.bridge.zigzag/com.unity3d.player.UnityPlayerActivity Id:50508815400961 water mark count is zero
09-28 17:51:20.866   879  1104 E C01406/skia: SurfaceNodeDrawable DrawCommSurfaceWatermark Name:WindowScene_zigzag37 Id:8465380541288 water mark count is zero
09-28 17:51:20.866   879  1104 E C01406/skia: SurfaceNodeDrawable DrawCommSurfaceWatermark Name:SCBGestureNavBar13 Id:8465380540563 water mark count is zero
09-28 17:51:20.866   879  1104 E C01406/skia: SurfaceNodeDrawable DrawCommSurfaceWatermark Name:SCBStatusBar15 Id:8465380540646 water mark count is zero
09-28 17:51:20.868   879  1104 E C02515/DISP: [0;32;31m[GetMetadata:109] <private> is not supported[m
09-28 17:51:20.868   879  1104 E C02515/DISP: [0;32;31m[SetMetadata:102] <private> is not supported[m
09-28 17:51:20.868   879  1104 E C02515/METADATA_SRV: [0;32;31m[SetMetadata:136]  fail[m
09-28 17:51:20.868   879  1104 E C01401/Bufferqueue: <surface_buffer_impl.cpp:714-SetMetadata>: SetMetadata Failed with -5
09-28 17:51:20.868   879  1104 E C01406/skia: RSUniRenderComposerAdapter::SetBufferColorSpace set color space fail
09-28 17:51:20.879 11760 11996 I C00f00/OH_DER_VSync: onOhVsync ENTRY ts=<private> data=<private>
09-28 17:51:20.879 11760 11994 I C00f00/OH_DER_VSync: scheduleVsync ENTRY receiverPtr=0x<private>
09-28 17:51:20.879 11760 11994 I C00f00/OH_DER_VSync: scheduleVsync calling RequestFrame ohVsync=<private>
09-28 17:51:20.879 11760 11994 I C00f00/OH_DER_VSync: scheduleVsync RequestFrame rc=<private>
09-28 17:51:20.881   879  2132 E C02515/DISP: [0;32;31m[SetMetadata:102] <private> is not supported[m
09-28 17:51:20.881   879  2132 E C02515/METADATA_SRV: [0;32;31m[SetMetadata:136]  fail[m
09-28 17:51:20.881   879  2132 E C01401/Bufferqueue: <surface_buffer_impl.cpp:714-SetMetadata>: SetMetadata Failed with -5
09-28 17:51:20.882   797  4165 E C02515/DISP: [0;32;31m[SetLayerMaskInfo@display_composer_vdi_impl.cpp:404] <private> is not supported[m
09-28 17:51:20.883   879  1233 E C02515/DISP: [0;32;31m[SetMetadata:102] <private> is not supported[m
09-28 17:51:20.883   879  1233 E C02515/METADATA_SRV: [0;32;31m[SetMetadata:136]  fail[m
09-28 17:51:20.883   879  1233 E C01401/Bufferqueue: <surface_buffer_impl.cpp:714-SetMetadata>: SetMetadata Failed with -5
09-28 17:51:20.883   797  4165 E C02515/DISP: [0;32;31m[SetDisplayClientDamage@display_composer_vdi_impl.cpp:179] <private> is not supported[m
09-28 17:51:20.896 11760 11996 I C00f00/OH_DER_VSync: onOhVsync ENTRY ts=<private> data=<private>
09-28 17:51:20.896   879   879 E C02515/DISP: [0;32;31m[GetMetadata:109] <private> is not supported[m
09-28 17:51:20.896 11760 11994 I C00f00/OH_DER_VSync: scheduleVsync ENTRY receiverPtr=0x<private>
09-28 17:51:20.896 11760 11994 I C00f00/OH_DER_VSync: scheduleVsync calling RequestFrame ohVsync=<private>
09-28 17:51:20.896   879   879 E C02515/DISP: [0;32;31m[GetMetadata:109] <private> is not supported[m
09-28 17:51:20.896 11760 11994 I C00f00/OH_DER_VSync: scheduleVsync RequestFrame rc=<private>
09-28 17:51:20.896   879   879 E C02515/DISP: [0;32;31m[GetMetadata:109] <private> is not supported[m
09-28 17:51:20.897   879   879 E C01406/skia: RSBaseRenderUtil::DealWithSurfaceRotationAndGravity, GetSurfaceBufferOpaque:0
09-28 17:51:20.897   879   879 E C02515/DISP: [0;32;31m[GetMetadata:109] <private> is not supported[m
09-28 17:51:20.897   879   879 E C01406/skia: RSBaseRenderUtil::DealWithSurfaceRotationAndGravity, GetSurfaceBufferOpaque:0
09-28 17:51:20.897   879   879 E C02515/DISP: [0;32;31m[GetMetadata:109] <private> is not supported[m
09-28 17:51:20.899   879  1104 E C02515/DISP: [0;32;31m[SetMetadata:102] <private> is not supported[m
09-28 17:51:20.899   879  1104 E C02515/METADATA_SRV: [0;32;31m[SetMetadata:136]  fail[m
09-28 17:51:20.899   879  1104 E C01401/Bufferqueue: <surface_buffer_impl.cpp:714-SetMetadata>: SetMetadata Failed with -5
09-28 17:51:20.900   879  1104 E C01406/skia: SurfaceNodeDrawable DrawCommSurfaceWatermark Name:BackgroundBlurView2 Id:8465380540424 water mark count is zero
09-28 17:51:20.900   879  1104 E C01406/skia: RSBaseRenderUtil::DealWithSurfaceRotationAndGravity, GetSurfaceBufferOpaque:0
09-28 17:51:20.900   879  1104 I C01406/WRAP: AHardwareBuffer_createFromHandle index = <private> handle = <private>, ahb = <private>
09-28 17:51:20.900   879  1104 E C01406/skia: SurfaceNodeDrawable DrawCommSurfaceWatermark Name:AdapterActivityContent Id:50508815400963 water mark count is zero
09-28 17:51:20.900   879  1104 E C01406/skia: RSBaseRenderUtil::DealWithSurfaceRotationAndGravity, GetSurfaceBufferOpaque:0
09-28 17:51:20.900   879  1104 I C01406/WRAP: AHardwareBuffer_createFromHandle index = <private> handle = <private>, ahb = <private>
09-28 17:51:20.900   879  1104 E C01406/skia: SurfaceNodeDrawable DrawCommSurfaceWatermark Name:AdapterSurfaceView Id:50508815400964 water mark count is zero
09-28 17:51:20.900   879  1104 E C01406/skia: SurfaceNodeDrawable DrawCommSurfaceWatermark Name:com.a2hlab.bridge.zigzag/com.unity3d.player.UnityPlayerActivity Id:50508815400961 water mark count is zero
09-28 17:51:20.900   879  1104 E C01406/skia: SurfaceNodeDrawable DrawCommSurfaceWatermark Name:WindowScene_zigzag37 Id:8465380541288 water mark count is zero
09-28 17:51:20.901   879  1104 E C01406/skia: SurfaceNodeDrawable DrawCommSurfaceWatermark Name:SCBGestureNavBar13 Id:8465380540563 water mark count is zero
09-28 17:51:20.901   879  1104 E C01406/skia: SurfaceNodeDrawable DrawCommSurfaceWatermark Name:SCBStatusBar15 Id:8465380540646 water mark count is zero
09-28 17:51:20.902   879  1104 E C02515/DISP: [0;32;31m[GetMetadata:109] <private> is not supported[m
09-28 17:51:20.903   879  1104 E C02515/DISP: [0;32;31m[SetMetadata:102] <private> is not supported[m
09-28 17:51:20.903   879  1104 E C02515/METADATA_SRV: [0;32;31m[SetMetadata:136]  fail[m
09-28 17:51:20.903   879  1104 E C01401/Bufferqueue: <surface_buffer_impl.cpp:714-SetMetadata>: SetMetadata Failed with -5
09-28 17:51:20.903   879  1104 E C01406/skia: RSUniRenderComposerAdapter::SetBufferColorSpace set color space fail
09-28 17:51:20.912 11760 11996 I C00f00/OH_DER_VSync: onOhVsync ENTRY ts=<private> data=<private>
09-28 17:51:20.913 11760 11994 I C00f00/OH_DER_VSync: scheduleVsync ENTRY receiverPtr=0x<private>
09-28 17:51:20.913 11760 11994 I C00f00/OH_DER_VSync: scheduleVsync calling RequestFrame ohVsync=<private>
09-28 17:51:20.913 11760 11994 I C00f00/OH_DER_VSync: scheduleVsync RequestFrame rc=<private>
09-28 17:51:20.914   879  2132 E C02515/DISP: [0;32;31m[SetMetadata:102] <private> is not supported[m
09-28 17:51:20.914   879  2132 E C02515/METADATA_SRV: [0;32;31m[SetMetadata:136]  fail[m
09-28 17:51:20.914   879  2132 E C01401/Bufferqueue: <surface_buffer_impl.cpp:714-SetMetadata>: SetMetadata Failed with -5
09-28 17:51:20.915   797  4165 E C02515/DISP: [0;32;31m[SetLayerMaskInfo@display_composer_vdi_impl.cpp:404] <private> is not supported[m
09-28 17:51:20.915   879  1233 E C02515/DISP: [0;32;31m[SetMetadata:102] <private> is not supported[m
09-28 17:51:20.915   879  1233 E C02515/METADATA_SRV: [0;32;31m[SetMetadata:136]  fail[m
09-28 17:51:20.915   879  1233 E C01401/Bufferqueue: <surface_buffer_impl.cpp:714-SetMetadata>: SetMetadata Failed with -5
09-28 17:51:20.916   797  4165 E C02515/DISP: [0;32;31m[SetDisplayClientDamage@display_composer_vdi_impl.cpp:179] <private> is not supported[m
09-28 17:51:20.929 11760 11996 I C00f00/OH_DER_VSync: onOhVsync ENTRY ts=<private> data=<private>
09-28 17:51:20.929 11760 11994 I C00f00/OH_DER_VSync: scheduleVsync ENTRY receiverPtr=0x<private>
09-28 17:51:20.929 11760 11994 I C00f00/OH_DER_VSync: scheduleVsync calling RequestFrame ohVsync=<private>
09-28 17:51:20.929   879   879 E C02515/DISP: [0;32;31m[GetMetadata:109] <private> is not supported[m
09-28 17:51:20.929 11760 11994 I C00f00/OH_DER_VSync: scheduleVsync RequestFrame rc=<private>
09-28 17:51:20.929   879   879 E C02515/DISP: [0;32;31m[GetMetadata:109] <private> is not supported[m
09-28 17:51:20.929   879   879 E C02515/DISP: [0;32;31m[GetMetadata:109] <private> is not supported[m
09-28 17:51:20.931   879   879 E C01406/skia: RSBaseRenderUtil::DealWithSurfaceRotationAndGravity, GetSurfaceBufferOpaque:0
09-28 17:51:20.931   879   879 E C02515/DISP: [0;32;31m[GetMetadata:109] <private> is not supported[m
09-28 17:51:20.931   879   879 E C01406/skia: RSBaseRenderUtil::DealWithSurfaceRotationAndGravity, GetSurfaceBufferOpaque:0
09-28 17:51:20.931   879   879 E C02515/DISP: [0;32;31m[GetMetadata:109] <private> is not supported[m
09-28 17:51:20.933   879  1104 E C02515/DISP: [0;32;31m[SetMetadata:102] <private> is not supported[m
09-28 17:51:20.933   879  1104 E C02515/METADATA_SRV: [0;32;31m[SetMetadata:136]  fail[m
09-28 17:51:20.933   879  1104 E C01401/Bufferqueue: <surface_buffer_impl.cpp:714-SetMetadata>: SetMetadata Failed with -5
09-28 17:51:20.933   879  1104 E C01406/skia: SurfaceNodeDrawable DrawCommSurfaceWatermark Name:BackgroundBlurView2 Id:8465380540424 water mark count is zero
09-28 17:51:20.933   879  1104 E C01406/skia: RSBaseRenderUtil::DealWithSurfaceRotationAndGravity, GetSurfaceBufferOpaque:0
09-28 17:51:20.933   879  1104 I C01406/WRAP: AHardwareBuffer_createFromHandle index = <private> handle = <private>, ahb = <private>
09-28 17:51:20.934   879  1104 E C01406/skia: SurfaceNodeDrawable DrawCommSurfaceWatermark Name:AdapterActivityContent Id:50508815400963 water mark count is zero
09-28 17:51:20.934   879  1104 E C01406/skia: RSBaseRenderUtil::DealWithSurfaceRotationAndGravity, GetSurfaceBufferOpaque:0
09-28 17:51:20.934   879  1104 I C01406/WRAP: AHardwareBuffer_createFromHandle index = <private> handle = <private>, ahb = <private>
09-28 17:51:20.934   879  1104 E C01406/skia: SurfaceNodeDrawable DrawCommSurfaceWatermark Name:AdapterSurfaceView Id:50508815400964 water mark count is zero
09-28 17:51:20.934   879  1104 E C01406/skia: SurfaceNodeDrawable DrawCommSurfaceWatermark Name:com.a2hlab.bridge.zigzag/com.unity3d.player.UnityPlayerActivity Id:50508815400961 water mark count is zero
09-28 17:51:20.934   879  1104 E C01406/skia: SurfaceNodeDrawable DrawCommSurfaceWatermark Name:WindowScene_zigzag37 Id:8465380541288 water mark count is zero
09-28 17:51:20.934   879  1104 E C01406/skia: SurfaceNodeDrawable DrawCommSurfaceWatermark Name:SCBGestureNavBar13 Id:8465380540563 water mark count is zero
09-28 17:51:20.934   879  1104 E C01406/skia: SurfaceNodeDrawable DrawCommSurfaceWatermark Name:SCBStatusBar15 Id:8465380540646 water mark count is zero
09-28 17:51:20.936   921  1220 I C02d13/HDC_LOG: [daemon.cpp:1142] FetchCommand channelId:3864410240 command:1001
09-28 17:51:20.936   921  1220 I C02d13/HDC_LOG: [session.cpp:1652] New HTaskInfo cid:3864410240 sid:252******606(L:10) command:1001
09-28 17:51:20.936   921  1220 I C02d13/HDC_LOG: [session.cpp:891] AdminTask add task type:0 cid:3864410240 sid:252******606(L:10) mapsize:2
09-28 17:51:20.936   921  1220 I C02d13/HDC_LOG: [task.cpp:34] HdcTaskBase type:0 cid:3864410240 sid:252******606(L:10)
09-28 17:51:20.936   921  1220 I C02d13/HDC_LOG: [daemon_unity.cpp:414] Unity CommandDispatch command:1001 cid:3864410240 sid:252******606(L:10)
09-28 17:51:20.936   921  1220 W C02d13/HDC_LOG: [async_cmd.cpp:114] GetDevItem false key:persist.hdc.root
09-28 17:51:20.936   879  1104 E C02515/DISP: [0;32;31m[GetMetadata:109] <private> is not supported[m
09-28 17:51:20.936   879  1104 E C02515/DISP: [0;32;31m[SetMetadata:102] <private> is not supported[m
09-28 17:51:20.936   879  1104 E C02515/METADATA_SRV: [0;32;31m[SetMetadata:136]  fail[m
09-28 17:51:20.936   879  1104 E C01401/Bufferqueue: <surface_buffer_impl.cpp:714-SetMetadata>: SetMetadata Failed with -5
09-28 17:51:20.936   879  1104 E C01406/skia: RSUniRenderComposerAdapter::SetBufferColorSpace set color space fail
09-28 17:51:20.937   921 12506 I C02d13/HDC_LOG: [async_cmd.cpp:225] Popen pipe fds[pipeRead]:33 fds[pipeWrite]:34, mode 0
09-28 17:51:20.940   921  1220 I C02d13/HDC_LOG: [async_cmd.cpp:291] ExecuteCommand cmd:param get const.product.os.dist.apiname fd:33 pid:12507
09-28 17:51:20.941 12507 12507 W C02d13/HDC_LOG: [async_cmd.cpp:140] SetSelinuxLabel con:u:r:su:s0 isRoot:0
09-28 17:51:20.941   921  1220 I C02d13/HDC_LOG: [daemon_unity.cpp:486] Unity CommandDispatch command:1001 finish cid:3864410240 sid:252******606(L:10)
09-28 17:51:20.946 11760 11996 I C00f00/OH_DER_VSync: onOhVsync ENTRY ts=<private> data=<private>
09-28 17:51:20.946 11760 11994 I C00f00/OH_DER_VSync: scheduleVsync ENTRY receiverPtr=0x<private>
09-28 17:51:20.946 11760 11994 I C00f00/OH_DER_VSync: scheduleVsync calling RequestFrame ohVsync=<private>
09-28 17:51:20.946 11760 11994 I C00f00/OH_DER_VSync: scheduleVsync RequestFrame rc=<private>
09-28 17:51:20.948   879  2132 E C02515/DISP: [0;32;31m[SetMetadata:102] <private> is not supported[m
09-28 17:51:20.948   879  2132 E C02515/METADATA_SRV: [0;32;31m[SetMetadata:136]  fail[m
09-28 17:51:20.948   879  2132 E C01401/Bufferqueue: <surface_buffer_impl.cpp:714-SetMetadata>: SetMetadata Failed with -5
09-28 17:51:20.949   797  4165 E C02515/DISP: [0;32;31m[SetLayerMaskInfo@display_composer_vdi_impl.cpp:404] <private> is not supported[m
09-28 17:51:20.949   879  1233 E C02515/DISP: [0;32;31m[SetMetadata:102] <private> is not supported[m
09-28 17:51:20.949   879  1233 E C02515/METADATA_SRV: [0;32;31m[SetMetadata:136]  fail[m
09-28 17:51:20.949   879  1233 E C01401/Bufferqueue: <surface_buffer_impl.cpp:714-SetMetadata>: SetMetadata Failed with -5
09-28 17:51:20.950   797  4165 E C02515/DISP: [0;32;31m[SetDisplayClientDamage@display_composer_vdi_impl.cpp:179] <private> is not supported[m
09-28 17:51:20.962   921 12508 I C02d13/HDC_LOG: [async_cmd.cpp:88] FinishShellProc finish pipeRead fd:33 pid:12507 count:1
09-28 17:51:20.962   921 12508 I C02d13/HDC_LOG: [task.cpp:55] HdcTaskBase::TaskFinish notify begin type:0 cid:3864410240 sid:252******606(L:10)
09-28 17:51:20.962   921 12508 I C02d13/HDC_LOG: [task.cpp:58] HdcTaskBase::TaskFinish notify end type:0 cid:3864410240 sid:252******606(L:10)
09-28 17:51:20.962 11760 11996 I C00f00/OH_DER_VSync: onOhVsync ENTRY ts=<private> data=<private>
09-28 17:51:20.963   879   879 E C02515/DISP: [0;32;31m[GetMetadata:109] <private> is not supported[m
09-28 17:51:20.963 11760 11994 I C00f00/OH_DER_VSync: scheduleVsync ENTRY receiverPtr=0x<private>
09-28 17:51:20.963 11760 11994 I C00f00/OH_DER_VSync: scheduleVsync calling RequestFrame ohVsync=<private>
09-28 17:51:20.963   879   879 E C02515/DISP: [0;32;31m[GetMetadata:109] <private> is not supported[m
09-28 17:51:20.963   879   879 E C02515/DISP: [0;32;31m[GetMetadata:109] <private> is not supported[m
09-28 17:51:20.963 11760 11994 I C00f00/OH_DER_VSync: scheduleVsync RequestFrame rc=<private>
09-28 17:51:20.964   921  1220 I C02d13/HDC_LOG: [daemon.cpp:1142] FetchCommand channelId:3864410240 command:2
09-28 17:51:20.964   921  1220 W C02d13/HDC_LOG: [session.cpp:160] BeginRemoveTask taskType:0 channelId:3864410240
09-28 17:51:20.964   921  1220 W C02d13/HDC_LOG: [session.cpp:190] ClearOwnTasks OP_CLEAR finish, sessionId:252******606(L:10) channelIDInput:3864410240
09-28 17:51:20.964   921  1220 W C02d13/HDC_LOG: [session.cpp:115] taskClassDeleteRetry start clear task, taskType:0 cid:3864410240 sid:252******606(L:10)
09-28 17:51:20.964   879   879 E C01406/skia: RSBaseRenderUtil::DealWithSurfaceRotationAndGravity, GetSurfaceBufferOpaque:0
09-28 17:51:20.964   921  1220 I C02d13/HDC_LOG: [async_cmd.cpp:69] DoRelease rc:-3 pid:12507
09-28 17:51:20.964   921  1220 I C02d13/HDC_LOG: [session.cpp:126] TaskDelay task remove retry count 0/30, taskType:0 channelId:3864410240, sessionId:252******606(L:10)
09-28 17:51:20.964   879   879 E C02515/DISP: [0;32;31m[GetMetadata:109] <private> is not supported[m
09-28 17:51:20.964   921  1220 I C02d13/HDC_LOG: [daemon_unity.cpp:31] ~HdcDaemonUnity cid:3864410240 sid:252******606(L:10)
09-28 17:51:20.964   879   879 E C01406/skia: RSBaseRenderUtil::DealWithSurfaceRotationAndGravity, GetSurfaceBufferOpaque:0
09-28 17:51:20.964   921  1220 I C02d13/HDC_LOG: [task.cpp:40] ~HdcTaskBase type:0 cid:3864410240 sid:252******606(L:10)
09-28 17:51:20.964   921  1220 W C02d13/HDC_LOG: [session.cpp:134] TaskDelay task remove finish, channelId:3864410240
09-28 17:51:20.964   879   879 E C02515/DISP: [0;32;31m[GetMetadata:109] <private> is not supported[m
09-28 17:51:20.964   921  1220 I C02d13/HDC_LOG: [base.cpp:969] before uv handle close, the uv handle type is 13
09-28 17:51:20.966   879  1104 E C02515/DISP: [0;32;31m[SetMetadata:102] <private> is not supported[m
09-28 17:51:20.966   879  1104 E C02515/METADATA_SRV: [0;32;31m[SetMetadata:136]  fail[m
09-28 17:51:20.966   879  1104 E C01401/Bufferqueue: <surface_buffer_impl.cpp:714-SetMetadata>: SetMetadata Failed with -5
09-28 17:51:20.966   879  1104 E C01406/skia: SurfaceNodeDrawable DrawCommSurfaceWatermark Name:BackgroundBlurView2 Id:8465380540424 water mark count is zero
09-28 17:51:20.967   879  1104 E C01406/skia: RSBaseRenderUtil::DealWithSurfaceRotationAndGravity, GetSurfaceBufferOpaque:0
09-28 17:51:20.967   879  1104 I C01406/WRAP: AHardwareBuffer_createFromHandle index = <private> handle = <private>, ahb = <private>
09-28 17:51:20.967   879  1104 E C01406/skia: SurfaceNodeDrawable DrawCommSurfaceWatermark Name:AdapterActivityContent Id:50508815400963 water mark count is zero
09-28 17:51:20.967   879  1104 E C01406/skia: RSBaseRenderUtil::DealWithSurfaceRotationAndGravity, GetSurfaceBufferOpaque:0
09-28 17:51:20.967   879  1104 I C01406/WRAP: AHardwareBuffer_createFromHandle index = <private> handle = <private>, ahb = <private>
09-28 17:51:20.967   879  1104 E C01406/skia: SurfaceNodeDrawable DrawCommSurfaceWatermark Name:AdapterSurfaceView Id:50508815400964 water mark count is zero
09-28 17:51:20.967   879  1104 E C01406/skia: SurfaceNodeDrawable DrawCommSurfaceWatermark Name:com.a2hlab.bridge.zigzag/com.unity3d.player.UnityPlayerActivity Id:50508815400961 water mark count is zero
09-28 17:51:20.967   879  1104 E C01406/skia: SurfaceNodeDrawable DrawCommSurfaceWatermark Name:WindowScene_zigzag37 Id:8465380541288 water mark count is zero
09-28 17:51:20.968   879  1104 E C01406/skia: SurfaceNodeDrawable DrawCommSurfaceWatermark Name:SCBGestureNavBar13 Id:8465380540563 water mark count is zero
09-28 17:51:20.968   879  1104 E C01406/skia: SurfaceNodeDrawable DrawCommSurfaceWatermark Name:SCBStatusBar15 Id:8465380540646 water mark count is zero
09-28 17:51:20.969   879  1104 E C02515/DISP: [0;32;31m[GetMetadata:109] <private> is not supported[m
09-28 17:51:20.969   879  1104 E C02515/DISP: [0;32;31m[SetMetadata:102] <private> is not supported[m
09-28 17:51:20.969   879  1104 E C02515/METADATA_SRV: [0;32;31m[SetMetadata:136]  fail[m
09-28 17:51:20.969   879  1104 E C01401/Bufferqueue: <surface_buffer_impl.cpp:714-SetMetadata>: SetMetadata Failed with -5
09-28 17:51:20.969   879  1104 E C01406/skia: RSUniRenderComposerAdapter::SetBufferColorSpace set color space fail
09-28 17:51:20.971   921  1220 I C02d13/HDC_LOG: [daemon.cpp:1142] FetchCommand channelId:3864410240 command:2
09-28 17:51:20.979 11760 11996 I C00f00/OH_DER_VSync: onOhVsync ENTRY ts=<private> data=<private>
09-28 17:51:20.979 11760 11994 I C00f00/OH_DER_VSync: scheduleVsync ENTRY receiverPtr=0x<private>
09-28 17:51:20.979 11760 11994 I C00f00/OH_DER_VSync: scheduleVsync calling RequestFrame ohVsync=<private>
09-28 17:51:20.979 11760 11994 I C00f00/OH_DER_VSync: scheduleVsync RequestFrame rc=<private>
09-28 17:51:20.981   879  2132 E C02515/DISP: [0;32;31m[SetMetadata:102] <private> is not supported[m
09-28 17:51:20.981   879  2132 E C02515/METADATA_SRV: [0;32;31m[SetMetadata:136]  fail[m
09-28 17:51:20.981   879  2132 E C01401/Bufferqueue: <surface_buffer_impl.cpp:714-SetMetadata>: SetMetadata Failed with -5
09-28 17:51:20.982   797  4165 E C02515/DISP: [0;32;31m[SetLayerMaskInfo@display_composer_vdi_impl.cpp:404] <private> is not supported[m
09-28 17:51:20.982   879  1233 E C02515/DISP: [0;32;31m[SetMetadata:102] <private> is not supported[m
09-28 17:51:20.982   879  1233 E C02515/METADATA_SRV: [0;32;31m[SetMetadata:136]  fail[m
09-28 17:51:20.982   879  1233 E C01401/Bufferqueue: <surface_buffer_impl.cpp:714-SetMetadata>: SetMetadata Failed with -5
09-28 17:51:20.983   797  4165 E C02515/DISP: [0;32;31m[SetDisplayClientDamage@display_composer_vdi_impl.cpp:179] <private> is not supported[m
09-28 17:51:20.996 11760 11996 I C00f00/OH_DER_VSync: onOhVsync ENTRY ts=<private> data=<private>
09-28 17:51:20.996   879   879 E C02515/DISP: [0;32;31m[GetMetadata:109] <private> is not supported[m
09-28 17:51:20.996 11760 11994 I C00f00/OH_DER_VSync: scheduleVsync ENTRY receiverPtr=0x<private>
09-28 17:51:20.996 11760 11994 I C00f00/OH_DER_VSync: scheduleVsync calling RequestFrame ohVsync=<private>
09-28 17:51:20.996 11760 11994 I C00f00/OH_DER_VSync: scheduleVsync RequestFrame rc=<private>
09-28 17:51:20.996   879   879 E C02515/DISP: [0;32;31m[GetMetadata:109] <private> is not supported[m
09-28 17:51:20.996   879   879 E C02515/DISP: [0;32;31m[GetMetadata:109] <private> is not supported[m
09-28 17:51:20.997   879   879 E C01406/skia: RSBaseRenderUtil::DealWithSurfaceRotationAndGravity, GetSurfaceBufferOpaque:0
09-28 17:51:20.997   879   879 E C02515/DISP: [0;32;31m[GetMetadata:109] <private> is not supported[m
09-28 17:51:20.997   879   879 E C01406/skia: RSBaseRenderUtil::DealWithSurfaceRotationAndGravity, GetSurfaceBufferOpaque:0
09-28 17:51:20.997   879   879 E C02515/DISP: [0;32;31m[GetMetadata:109] <private> is not supported[m
09-28 17:51:20.999   879  1104 E C02515/DISP: [0;32;31m[SetMetadata:102] <private> is not supported[m
09-28 17:51:20.999   879  1104 E C02515/METADATA_SRV: [0;32;31m[SetMetadata:136]  fail[m
09-28 17:51:20.999   879  1104 E C01401/Bufferqueue: <surface_buffer_impl.cpp:714-SetMetadata>: SetMetadata Failed with -5
09-28 17:51:21.000   879  1104 E C01406/skia: SurfaceNodeDrawable DrawCommSurfaceWatermark Name:BackgroundBlurView2 Id:8465380540424 water mark count is zero
09-28 17:51:21.000   879  1104 E C01406/skia: RSBaseRenderUtil::DealWithSurfaceRotationAndGravity, GetSurfaceBufferOpaque:0
09-28 17:51:21.000   879  1104 I C01406/WRAP: AHardwareBuffer_createFromHandle index = <private> handle = <private>, ahb = <private>
09-28 17:51:21.000   879  1104 E C01406/skia: SurfaceNodeDrawable DrawCommSurfaceWatermark Name:AdapterActivityContent Id:50508815400963 water mark count is zero
09-28 17:51:21.000   879  1104 E C01406/skia: RSBaseRenderUtil::DealWithSurfaceRotationAndGravity, GetSurfaceBufferOpaque:0
09-28 17:51:21.000   879  1104 I C01406/WRAP: AHardwareBuffer_createFromHandle index = <private> handle = <private>, ahb = <private>
09-28 17:51:21.001   879  1104 E C01406/skia: SurfaceNodeDrawable DrawCommSurfaceWatermark Name:AdapterSurfaceView Id:50508815400964 water mark count is zero
09-28 17:51:21.001   879  1104 E C01406/skia: SurfaceNodeDrawable DrawCommSurfaceWatermark Name:com.a2hlab.bridge.zigzag/com.unity3d.player.UnityPlayerActivity Id:50508815400961 water mark count is zero
09-28 17:51:21.001   879  1104 E C01406/skia: SurfaceNodeDrawable DrawCommSurfaceWatermark Name:WindowScene_zigzag37 Id:8465380541288 water mark count is zero
09-28 17:51:21.001   879  1104 E C01406/skia: SurfaceNodeDrawable DrawCommSurfaceWatermark Name:SCBGestureNavBar13 Id:8465380540563 water mark count is zero
09-28 17:51:21.001   879  1104 E C01406/skia: SurfaceNodeDrawable DrawCommSurfaceWatermark Name:SCBStatusBar15 Id:8465380540646 water mark count is zero
09-28 17:51:21.002   879  1104 E C02515/DISP: [0;32;31m[GetMetadata:109] <private> is not supported[m
09-28 17:51:21.003   879  1104 E C02515/DISP: [0;32;31m[SetMetadata:102] <private> is not supported[m
09-28 17:51:21.003   879  1104 E C02515/METADATA_SRV: [0;32;31m[SetMetadata:136]  fail[m
09-28 17:51:21.003   879  1104 E C01401/Bufferqueue: <surface_buffer_impl.cpp:714-SetMetadata>: SetMetadata Failed with -5
09-28 17:51:21.003   879  1104 E C01406/skia: RSUniRenderComposerAdapter::SetBufferColorSpace set color space fail
09-28 17:51:21.012 11760 11996 I C00f00/OH_DER_VSync: onOhVsync ENTRY ts=<private> data=<private>
09-28 17:51:21.013 11760 11994 I C00f00/OH_DER_VSync: scheduleVsync ENTRY receiverPtr=0x<private>
09-28 17:51:21.013 11760 11994 I C00f00/OH_DER_VSync: scheduleVsync calling RequestFrame ohVsync=<private>
09-28 17:51:21.013 11760 11994 I C00f00/OH_DER_VSync: scheduleVsync RequestFrame rc=<private>
09-28 17:51:21.014   879  2132 E C02515/DISP: [0;32;31m[SetMetadata:102] <private> is not supported[m
09-28 17:51:21.014   879  2132 E C02515/METADATA_SRV: [0;32;31m[SetMetadata:136]  fail[m
09-28 17:51:21.014   879  2132 E C01401/Bufferqueue: <surface_buffer_impl.cpp:714-SetMetadata>: SetMetadata Failed with -5
09-28 17:51:21.015   797  4165 E C02515/DISP: [0;32;31m[SetLayerMaskInfo@display_composer_vdi_impl.cpp:404] <private> is not supported[m
09-28 17:51:21.015   879  1233 E C02515/DISP: [0;32;31m[SetMetadata:102] <private> is not supported[m
09-28 17:51:21.015   879  1233 E C02515/METADATA_SRV: [0;32;31m[SetMetadata:136]  fail[m
09-28 17:51:21.015   879  1233 E C01401/Bufferqueue: <surface_buffer_impl.cpp:714-SetMetadata>: SetMetadata Failed with -5
09-28 17:51:21.016   797  4165 E C02515/DISP: [0;32;31m[SetDisplayClientDamage@display_composer_vdi_impl.cpp:179] <private> is not supported[m
09-28 17:51:21.029   879   879 E C02515/DISP: [0;32;31m[GetMetadata:109] <private> is not supported[m
09-28 17:51:21.029 11760 11996 I C00f00/OH_DER_VSync: onOhVsync ENTRY ts=<private> data=<private>
09-28 17:51:21.029   879   879 E C02515/DISP: [0;32;31m[GetMetadata:109] <private> is not supported[m
09-28 17:51:21.029   879   879 E C02515/DISP: [0;32;31m[GetMetadata:109] <private> is not supported[m
09-28 17:51:21.029 11760 11994 I C00f00/OH_DER_VSync: scheduleVsync ENTRY receiverPtr=0x<private>
09-28 17:51:21.029 11760 11994 I C00f00/OH_DER_VSync: scheduleVsync calling RequestFrame ohVsync=<private>
09-28 17:51:21.030 11760 11994 I C00f00/OH_DER_VSync: scheduleVsync RequestFrame rc=<private>
09-28 17:51:21.030   879   879 E C01406/skia: RSBaseRenderUtil::DealWithSurfaceRotationAndGravity, GetSurfaceBufferOpaque:0
09-28 17:51:21.030   879   879 E C02515/DISP: [0;32;31m[GetMetadata:109] <private> is not supported[m
09-28 17:51:21.030   879   879 E C01406/skia: RSBaseRenderUtil::DealWithSurfaceRotationAndGravity, GetSurfaceBufferOpaque:0
09-28 17:51:21.030   879   879 E C02515/DISP: [0;32;31m[GetMetadata:109] <private> is not supported[m
09-28 17:51:21.031   879  1104 E C02515/DISP: [0;32;31m[SetMetadata:102] <private> is not supported[m
09-28 17:51:21.031   879  1104 E C02515/METADATA_SRV: [0;32;31m[SetMetadata:136]  fail[m
09-28 17:51:21.031   879  1104 E C01401/Bufferqueue: <surface_buffer_impl.cpp:714-SetMetadata>: SetMetadata Failed with -5
09-28 17:51:21.031   879  1104 E C01406/skia: SurfaceNodeDrawable DrawCommSurfaceWatermark Name:BackgroundBlurView2 Id:8465380540424 water mark count is zero
09-28 17:51:21.031   879  1104 E C01406/skia: RSBaseRenderUtil::DealWithSurfaceRotationAndGravity, GetSurfaceBufferOpaque:0
09-28 17:51:21.032   879  1104 I C01406/WRAP: AHardwareBuffer_createFromHandle index = <private> handle = <private>, ahb = <private>
09-28 17:51:21.032   879  1104 E C01406/skia: SurfaceNodeDrawable DrawCommSurfaceWatermark Name:AdapterActivityContent Id:50508815400963 water mark count is zero
09-28 17:51:21.032   879  1104 E C01406/skia: RSBaseRenderUtil::DealWithSurfaceRotationAndGravity, GetSurfaceBufferOpaque:0
09-28 17:51:21.032   879  1104 I C01406/WRAP: AHardwareBuffer_createFromHandle index = <private> handle = <private>, ahb = <private>
09-28 17:51:21.032   879  1104 E C01406/skia: SurfaceNodeDrawable DrawCommSurfaceWatermark Name:AdapterSurfaceView Id:50508815400964 water mark count is zero
09-28 17:51:21.032   879  1104 E C01406/skia: SurfaceNodeDrawable DrawCommSurfaceWatermark Name:com.a2hlab.bridge.zigzag/com.unity3d.player.UnityPlayerActivity Id:50508815400961 water mark count is zero
09-28 17:51:21.032   879  1104 E C01406/skia: SurfaceNodeDrawable DrawCommSurfaceWatermark Name:WindowScene_zigzag37 Id:8465380541288 water mark count is zero
09-28 17:51:21.033   879  1104 E C01406/skia: SurfaceNodeDrawable DrawCommSurfaceWatermark Name:SCBGestureNavBar13 Id:8465380540563 water mark count is zero
09-28 17:51:21.033   879  1104 E C01406/skia: SurfaceNodeDrawable DrawCommSurfaceWatermark Name:SCBStatusBar15 Id:8465380540646 water mark count is zero
09-28 17:51:21.035   879  1104 E C02515/DISP: [0;32;31m[GetMetadata:109] <private> is not supported[m
09-28 17:51:21.035   879  1104 E C02515/DISP: [0;32;31m[SetMetadata:102] <private> is not supported[m
09-28 17:51:21.035   879  1104 E C02515/METADATA_SRV: [0;32;31m[SetMetadata:136]  fail[m
09-28 17:51:21.035   879  1104 E C01401/Bufferqueue: <surface_buffer_impl.cpp:714-SetMetadata>: SetMetadata Failed with -5
09-28 17:51:21.035   879  1104 E C01406/skia: RSUniRenderComposerAdapter::SetBufferColorSpace set color space fail
09-28 17:51:21.046 11760 11996 I C00f00/OH_DER_VSync: onOhVsync ENTRY ts=<private> data=<private>
09-28 17:51:21.046 11760 11994 I C00f00/OH_DER_VSync: scheduleVsync ENTRY receiverPtr=0x<private>
09-28 17:51:21.046 11760 11994 I C00f00/OH_DER_VSync: scheduleVsync calling RequestFrame ohVsync=<private>
09-28 17:51:21.046 11760 11994 I C00f00/OH_DER_VSync: scheduleVsync RequestFrame rc=<private>
09-28 17:51:21.048   879  2132 E C02515/DISP: [0;32;31m[SetMetadata:102] <private> is not supported[m
09-28 17:51:21.048   879  2132 E C02515/METADATA_SRV: [0;32;31m[SetMetadata:136]  fail[m
09-28 17:51:21.048   879  2132 E C01401/Bufferqueue: <surface_buffer_impl.cpp:714-SetMetadata>: SetMetadata Failed with -5
09-28 17:51:21.048   797  4165 E C02515/DISP: [0;32;31m[SetLayerMaskInfo@display_composer_vdi_impl.cpp:404] <private> is not supported[m
09-28 17:51:21.049   879  1233 E C02515/DISP: [0;32;31m[SetMetadata:102] <private> is not supported[m
09-28 17:51:21.049   879  1233 E C02515/METADATA_SRV: [0;32;31m[SetMetadata:136]  fail[m
09-28 17:51:21.049   879  1233 E C01401/Bufferqueue: <surface_buffer_impl.cpp:714-SetMetadata>: SetMetadata Failed with -5
09-28 17:51:21.050   797  4165 E C02515/DISP: [0;32;31m[SetDisplayClientDamage@display_composer_vdi_impl.cpp:179] <private> is not supported[m
09-28 17:51:21.063 11760 11996 I C00f00/OH_DER_VSync: onOhVsync ENTRY ts=<private> data=<private>
09-28 17:51:21.063   879   879 E C02515/DISP: [0;32;31m[GetMetadata:109] <private> is not supported[m
09-28 17:51:21.063 11760 11994 I C00f00/OH_DER_VSync: scheduleVsync ENTRY receiverPtr=0x<private>
09-28 17:51:21.063 11760 11994 I C00f00/OH_DER_VSync: scheduleVsync calling RequestFrame ohVsync=<private>
09-28 17:51:21.063   879   879 E C02515/DISP: [0;32;31m[GetMetadata:109] <private> is not supported[m
09-28 17:51:21.063   879   879 E C02515/DISP: [0;32;31m[GetMetadata:109] <private> is not supported[m
09-28 17:51:21.063 11760 11994 I C00f00/OH_DER_VSync: scheduleVsync RequestFrame rc=<private>
09-28 17:51:21.064   879   879 E C01406/skia: RSBaseRenderUtil::DealWithSurfaceRotationAndGravity, GetSurfaceBufferOpaque:0
09-28 17:51:21.064   879   879 E C02515/DISP: [0;32;31m[GetMetadata:109] <private> is not supported[m
09-28 17:51:21.064   879   879 E C01406/skia: RSBaseRenderUtil::DealWithSurfaceRotationAndGravity, GetSurfaceBufferOpaque:0
09-28 17:51:21.064   879   879 E C02515/DISP: [0;32;31m[GetMetadata:109] <private> is not supported[m
09-28 17:51:21.066   879  1104 E C02515/DISP: [0;32;31m[SetMetadata:102] <private> is not supported[m
09-28 17:51:21.066   879  1104 E C02515/METADATA_SRV: [0;32;31m[SetMetadata:136]  fail[m
09-28 17:51:21.066   879  1104 E C01401/Bufferqueue: <surface_buffer_impl.cpp:714-SetMetadata>: SetMetadata Failed with -5
09-28 17:51:21.066   879  1104 E C01406/skia: SurfaceNodeDrawable DrawCommSurfaceWatermark Name:BackgroundBlurView2 Id:8465380540424 water mark count is zero
09-28 17:51:21.067   879  1104 E C01406/skia: RSBaseRenderUtil::DealWithSurfaceRotationAndGravity, GetSurfaceBufferOpaque:0
09-28 17:51:21.067   879  1104 I C01406/WRAP: AHardwareBuffer_createFromHandle index = <private> handle = <private>, ahb = <private>
09-28 17:51:21.067   879  1104 E C01406/skia: SurfaceNodeDrawable DrawCommSurfaceWatermark Name:AdapterActivityContent Id:50508815400963 water mark count is zero
09-28 17:51:21.067   879  1104 E C01406/skia: RSBaseRenderUtil::DealWithSurfaceRotationAndGravity, GetSurfaceBufferOpaque:0
09-28 17:51:21.067   879  1104 I C01406/WRAP: AHardwareBuffer_createFromHandle index = <private> handle = <private>, ahb = <private>
09-28 17:51:21.067   879  1104 E C01406/skia: SurfaceNodeDrawable DrawCommSurfaceWatermark Name:AdapterSurfaceView Id:50508815400964 water mark count is zero
09-28 17:51:21.067   879  1104 E C01406/skia: SurfaceNodeDrawable DrawCommSurfaceWatermark Name:com.a2hlab.bridge.zigzag/com.unity3d.player.UnityPlayerActivity Id:50508815400961 water mark count is zero
09-28 17:51:21.067   879  1104 E C01406/skia: SurfaceNodeDrawable DrawCommSurfaceWatermark Name:WindowScene_zigzag37 Id:8465380541288 water mark count is zero
09-28 17:51:21.068   879  1104 E C01406/skia: SurfaceNodeDrawable DrawCommSurfaceWatermark Name:SCBGestureNavBar13 Id:8465380540563 water mark count is zero
09-28 17:51:21.068   879  1104 E C01406/skia: SurfaceNodeDrawable DrawCommSurfaceWatermark Name:SCBStatusBar15 Id:8465380540646 water mark count is zero
09-28 17:51:21.070   879  1104 E C02515/DISP: [0;32;31m[GetMetadata:109] <private> is not supported[m
09-28 17:51:21.070   879  1104 E C02515/DISP: [0;32;31m[SetMetadata:102] <private> is not supported[m
09-28 17:51:21.070   879  1104 E C02515/METADATA_SRV: [0;32;31m[SetMetadata:136]  fail[m
09-28 17:51:21.070   879  1104 E C01401/Bufferqueue: <surface_buffer_impl.cpp:714-SetMetadata>: SetMetadata Failed with -5
09-28 17:51:21.070   879  1104 E C01406/skia: RSUniRenderComposerAdapter::SetBufferColorSpace set color space fail
09-28 17:51:21.071   921  1220 I C02d13/HDC_LOG: [daemon.cpp:1142] FetchCommand channelId:241703473 command:1001
09-28 17:51:21.071   921  1220 I C02d13/HDC_LOG: [session.cpp:1652] New HTaskInfo cid:241703473 sid:252******606(L:10) command:1001
09-28 17:51:21.071   921  1220 I C02d13/HDC_LOG: [session.cpp:891] AdminTask add task type:0 cid:241703473 sid:252******606(L:10) mapsize:2
09-28 17:51:21.071   921  1220 I C02d13/HDC_LOG: [task.cpp:34] HdcTaskBase type:0 cid:241703473 sid:252******606(L:10)
09-28 17:51:21.071   921  1220 I C02d13/HDC_LOG: [daemon_unity.cpp:414] Unity CommandDispatch command:1001 cid:241703473 sid:252******606(L:10)
09-28 17:51:21.072   921  1220 W C02d13/HDC_LOG: [async_cmd.cpp:114] GetDevItem false key:persist.hdc.root
09-28 17:51:21.072   921 12509 I C02d13/HDC_LOG: [async_cmd.cpp:225] Popen pipe fds[pipeRead]:33 fds[pipeWrite]:34, mode 0
09-28 17:51:21.076   921  1220 I C02d13/HDC_LOG: [async_cmd.cpp:291] ExecuteCommand cmd:param get const.product.os.dist.apiname fd:33 pid:12510
09-28 17:51:21.076   921  1220 I C02d13/HDC_LOG: [daemon_unity.cpp:486] Unity CommandDispatch command:1001 finish cid:241703473 sid:252******606(L:10)
09-28 17:51:21.077 12510 12510 W C02d13/HDC_LOG: [async_cmd.cpp:140] SetSelinuxLabel con:u:r:su:s0 isRoot:0
09-28 17:51:21.079 11760 11996 I C00f00/OH_DER_VSync: onOhVsync ENTRY ts=<private> data=<private>
09-28 17:51:21.079 11760 11994 I C00f00/OH_DER_VSync: scheduleVsync ENTRY receiverPtr=0x<private>
09-28 17:51:21.079 11760 11994 I C00f00/OH_DER_VSync: scheduleVsync calling RequestFrame ohVsync=<private>
09-28 17:51:21.080 11760 11994 I C00f00/OH_DER_VSync: scheduleVsync RequestFrame rc=<private>
09-28 17:51:21.081   879  2132 E C02515/DISP: [0;32;31m[SetMetadata:102] <private> is not supported[m
09-28 17:51:21.081   879  2132 E C02515/METADATA_SRV: [0;32;31m[SetMetadata:136]  fail[m
09-28 17:51:21.081   879  2132 E C01401/Bufferqueue: <surface_buffer_impl.cpp:714-SetMetadata>: SetMetadata Failed with -5
09-28 17:51:21.082   797  4165 E C02515/DISP: [0;32;31m[SetLayerMaskInfo@display_composer_vdi_impl.cpp:404] <private> is not supported[m
09-28 17:51:21.082   879  1233 E C02515/DISP: [0;32;31m[SetMetadata:102] <private> is not supported[m
09-28 17:51:21.082   879  1233 E C02515/METADATA_SRV: [0;32;31m[SetMetadata:136]  fail[m
09-28 17:51:21.082   879  1233 E C01401/Bufferqueue: <surface_buffer_impl.cpp:714-SetMetadata>: SetMetadata Failed with -5
09-28 17:51:21.083   797  4165 E C02515/DISP: [0;32;31m[SetDisplayClientDamage@display_composer_vdi_impl.cpp:179] <private> is not supported[m
09-28 17:51:21.096 11760 11996 I C00f00/OH_DER_VSync: onOhVsync ENTRY ts=<private> data=<private>
09-28 17:51:21.096   879   879 E C02515/DISP: [0;32;31m[GetMetadata:109] <private> is not supported[m
09-28 17:51:21.096   879   879 E C02515/DISP: [0;32;31m[GetMetadata:109] <private> is not supported[m
09-28 17:51:21.096   879   879 E C02515/DISP: [0;32;31m[GetMetadata:109] <private> is not supported[m
09-28 17:51:21.096 11760 11994 I C00f00/OH_DER_VSync: scheduleVsync ENTRY receiverPtr=0x<private>
09-28 17:51:21.096 11760 11994 I C00f00/OH_DER_VSync: scheduleVsync calling RequestFrame ohVsync=<private>
09-28 17:51:21.096 11760 11994 I C00f00/OH_DER_VSync: scheduleVsync RequestFrame rc=<private>
09-28 17:51:21.097   879   879 E C01406/skia: RSBaseRenderUtil::DealWithSurfaceRotationAndGravity, GetSurfaceBufferOpaque:0
09-28 17:51:21.097   879   879 E C02515/DISP: [0;32;31m[GetMetadata:109] <private> is not supported[m
09-28 17:51:21.097   879   879 E C01406/skia: RSBaseRenderUtil::DealWithSurfaceRotationAndGravity, GetSurfaceBufferOpaque:0
09-28 17:51:21.097   879   879 E C02515/DISP: [0;32;31m[GetMetadata:109] <private> is not supported[m
09-28 17:51:21.098   879  1104 E C02515/DISP: [0;32;31m[SetMetadata:102] <private> is not supported[m
09-28 17:51:21.098   879  1104 E C02515/METADATA_SRV: [0;32;31m[SetMetadata:136]  fail[m
09-28 17:51:21.098   879  1104 E C01401/Bufferqueue: <surface_buffer_impl.cpp:714-SetMetadata>: SetMetadata Failed with -5
09-28 17:51:21.098   879  1104 E C01406/skia: SurfaceNodeDrawable DrawCommSurfaceWatermark Name:BackgroundBlurView2 Id:8465380540424 water mark count is zero
09-28 17:51:21.098   879  1104 E C01406/skia: RSBaseRenderUtil::DealWithSurfaceRotationAndGravity, GetSurfaceBufferOpaque:0
09-28 17:51:21.098   879  1104 I C01406/WRAP: AHardwareBuffer_createFromHandle index = <private> handle = <private>, ahb = <private>
09-28 17:51:21.099   879  1104 E C01406/skia: SurfaceNodeDrawable DrawCommSurfaceWatermark Name:AdapterActivityContent Id:50508815400963 water mark count is zero
09-28 17:51:21.099   879  1104 E C01406/skia: RSBaseRenderUtil::DealWithSurfaceRotationAndGravity, GetSurfaceBufferOpaque:0
09-28 17:51:21.099   879  1104 I C01406/WRAP: AHardwareBuffer_createFromHandle index = <private> handle = <private>, ahb = <private>
09-28 17:51:21.099   879  1104 E C01406/skia: SurfaceNodeDrawable DrawCommSurfaceWatermark Name:AdapterSurfaceView Id:50508815400964 water mark count is zero
09-28 17:51:21.099   879  1104 E C01406/skia: SurfaceNodeDrawable DrawCommSurfaceWatermark Name:com.a2hlab.bridge.zigzag/com.unity3d.player.UnityPlayerActivity Id:50508815400961 water mark count is zero
09-28 17:51:21.099   879  1104 E C01406/skia: SurfaceNodeDrawable DrawCommSurfaceWatermark Name:WindowScene_zigzag37 Id:8465380541288 water mark count is zero
09-28 17:51:21.100   879  1104 E C01406/skia: SurfaceNodeDrawable DrawCommSurfaceWatermark Name:SCBGestureNavBar13 Id:8465380540563 water mark count is zero
09-28 17:51:21.100   879  1104 E C01406/skia: SurfaceNodeDrawable DrawCommSurfaceWatermark Name:SCBStatusBar15 Id:8465380540646 water mark count is zero
09-28 17:51:21.101   879  1104 E C02515/DISP: [0;32;31m[GetMetadata:109] <private> is not supported[m
09-28 17:51:21.102   879  1104 E C02515/DISP: [0;32;31m[SetMetadata:102] <private> is not supported[m
09-28 17:51:21.102   879  1104 E C02515/METADATA_SRV: [0;32;31m[SetMetadata:136]  fail[m
09-28 17:51:21.102   879  1104 E C01401/Bufferqueue: <surface_buffer_impl.cpp:714-SetMetadata>: SetMetadata Failed with -5
09-28 17:51:21.102   879  1104 E C01406/skia: RSUniRenderComposerAdapter::SetBufferColorSpace set color space fail
09-28 17:51:21.112 11760 11996 I C00f00/OH_DER_VSync: onOhVsync ENTRY ts=<private> data=<private>
09-28 17:51:21.113 11760 11994 I C00f00/OH_DER_VSync: scheduleVsync ENTRY receiverPtr=0x<private>
09-28 17:51:21.113 11760 11994 I C00f00/OH_DER_VSync: scheduleVsync calling RequestFrame ohVsync=<private>
09-28 17:51:21.113 11760 11994 I C00f00/OH_DER_VSync: scheduleVsync RequestFrame rc=<private>
09-28 17:51:21.114   879  2132 E C02515/DISP: [0;32;31m[SetMetadata:102] <private> is not supported[m
09-28 17:51:21.114   879  2132 E C02515/METADATA_SRV: [0;32;31m[SetMetadata:136]  fail[m
09-28 17:51:21.114   879  2132 E C01401/Bufferqueue: <surface_buffer_impl.cpp:714-SetMetadata>: SetMetadata Failed with -5
09-28 17:51:21.115   921 12511 I C02d13/HDC_LOG: [async_cmd.cpp:88] FinishShellProc finish pipeRead fd:33 pid:12510 count:1
09-28 17:51:21.115   921 12511 I C02d13/HDC_LOG: [task.cpp:55] HdcTaskBase::TaskFinish notify begin type:0 cid:241703473 sid:252******606(L:10)
09-28 17:51:21.115   797  4165 E C02515/DISP: [0;32;31m[SetLayerMaskInfo@display_composer_vdi_impl.cpp:404] <private> is not supported[m
09-28 17:51:21.115   921 12511 I C02d13/HDC_LOG: [task.cpp:58] HdcTaskBase::TaskFinish notify end type:0 cid:241703473 sid:252******606(L:10)
09-28 17:51:21.115   879  1233 E C02515/DISP: [0;32;31m[SetMetadata:102] <private> is not supported[m
09-28 17:51:21.115   879  1233 E C02515/METADATA_SRV: [0;32;31m[SetMetadata:136]  fail[m
09-28 17:51:21.115   879  1233 E C01401/Bufferqueue: <surface_buffer_impl.cpp:714-SetMetadata>: SetMetadata Failed with -5
09-28 17:51:21.116   797  4165 E C02515/DISP: [0;32;31m[SetDisplayClientDamage@display_composer_vdi_impl.cpp:179] <private> is not supported[m
09-28 17:51:21.117   921  1220 I C02d13/HDC_LOG: [daemon.cpp:1142] FetchCommand channelId:241703473 command:2
09-28 17:51:21.117   921  1220 W C02d13/HDC_LOG: [session.cpp:160] BeginRemoveTask taskType:0 channelId:241703473
09-28 17:51:21.117   921  1220 W C02d13/HDC_LOG: [session.cpp:190] ClearOwnTasks OP_CLEAR finish, sessionId:252******606(L:10) channelIDInput:241703473
09-28 17:51:21.117   921  1220 W C02d13/HDC_LOG: [session.cpp:115] taskClassDeleteRetry start clear task, taskType:0 cid:241703473 sid:252******606(L:10)
09-28 17:51:21.118   921  1220 I C02d13/HDC_LOG: [async_cmd.cpp:69] DoRelease rc:-3 pid:12510
09-28 17:51:21.118   921  1220 I C02d13/HDC_LOG: [session.cpp:126] TaskDelay task remove retry count 0/30, taskType:0 channelId:241703473, sessionId:252******606(L:10)
09-28 17:51:21.118   921  1220 I C02d13/HDC_LOG: [daemon_unity.cpp:31] ~HdcDaemonUnity cid:241703473 sid:252******606(L:10)
09-28 17:51:21.118   921  1220 I C02d13/HDC_LOG: [task.cpp:40] ~HdcTaskBase type:0 cid:241703473 sid:252******606(L:10)
09-28 17:51:21.118   921  1220 W C02d13/HDC_LOG: [session.cpp:134] TaskDelay task remove finish, channelId:241703473
09-28 17:51:21.118   921  1220 I C02d13/HDC_LOG: [base.cpp:969] before uv handle close, the uv handle type is 13
09-28 17:51:21.122   921  1220 I C02d13/HDC_LOG: [daemon.cpp:1142] FetchCommand channelId:241703473 command:2
09-28 17:51:21.129 11760 11996 I C00f00/OH_DER_VSync: onOhVsync ENTRY ts=<private> data=<private>
09-28 17:51:21.129 11760 11994 I C00f00/OH_DER_VSync: scheduleVsync ENTRY receiverPtr=0x<private>
09-28 17:51:21.129 11760 11994 I C00f00/OH_DER_VSync: scheduleVsync calling RequestFrame ohVsync=<private>
09-28 17:51:21.129   879   879 E C02515/DISP: [0;32;31m[GetMetadata:109] <private> is not supported[m
09-28 17:51:21.130   879   879 E C02515/DISP: [0;32;31m[GetMetadata:109] <private> is not supported[m
09-28 17:51:21.130 11760 11994 I C00f00/OH_DER_VSync: scheduleVsync RequestFrame rc=<private>
09-28 17:51:21.130   879   879 E C02515/DISP: [0;32;31m[GetMetadata:109] <private> is not supported[m
09-28 17:51:21.131   879   879 E C01406/skia: RSBaseRenderUtil::DealWithSurfaceRotationAndGravity, GetSurfaceBufferOpaque:0
09-28 17:51:21.131   879   879 E C02515/DISP: [0;32;31m[GetMetadata:109] <private> is not supported[m
09-28 17:51:21.131   879   879 E C01406/skia: RSBaseRenderUtil::DealWithSurfaceRotationAndGravity, GetSurfaceBufferOpaque:0
09-28 17:51:21.131   879   879 E C02515/DISP: [0;32;31m[GetMetadata:109] <private> is not supported[m
09-28 17:51:21.133   879  1104 E C02515/DISP: [0;32;31m[SetMetadata:102] <private> is not supported[m
09-28 17:51:21.133   879  1104 E C02515/METADATA_SRV: [0;32;31m[SetMetadata:136]  fail[m
09-28 17:51:21.133   879  1104 E C01401/Bufferqueue: <surface_buffer_impl.cpp:714-SetMetadata>: SetMetadata Failed with -5
09-28 17:51:21.133   879  1104 E C01406/skia: SurfaceNodeDrawable DrawCommSurfaceWatermark Name:BackgroundBlurView2 Id:8465380540424 water mark count is zero
09-28 17:51:21.133   879  1104 E C01406/skia: RSBaseRenderUtil::DealWithSurfaceRotationAndGravity, GetSurfaceBufferOpaque:0
09-28 17:51:21.134   879  1104 I C01406/WRAP: AHardwareBuffer_createFromHandle index = <private> handle = <private>, ahb = <private>
09-28 17:51:21.134   879  1104 E C01406/skia: SurfaceNodeDrawable DrawCommSurfaceWatermark Name:AdapterActivityContent Id:50508815400963 water mark count is zero
09-28 17:51:21.134   879  1104 E C01406/skia: RSBaseRenderUtil::DealWithSurfaceRotationAndGravity, GetSurfaceBufferOpaque:0
09-28 17:51:21.134   879  1104 I C01406/WRAP: AHardwareBuffer_createFromHandle index = <private> handle = <private>, ahb = <private>
09-28 17:51:21.134   879  1104 E C01406/skia: SurfaceNodeDrawable DrawCommSurfaceWatermark Name:AdapterSurfaceView Id:50508815400964 water mark count is zero
09-28 17:51:21.134   879  1104 E C01406/skia: SurfaceNodeDrawable DrawCommSurfaceWatermark Name:com.a2hlab.bridge.zigzag/com.unity3d.player.UnityPlayerActivity Id:50508815400961 water mark count is zero
09-28 17:51:21.134   879  1104 E C01406/skia: SurfaceNodeDrawable DrawCommSurfaceWatermark Name:WindowScene_zigzag37 Id:8465380541288 water mark count is zero
09-28 17:51:21.135   879  1104 E C01406/skia: SurfaceNodeDrawable DrawCommSurfaceWatermark Name:SCBGestureNavBar13 Id:8465380540563 water mark count is zero
09-28 17:51:21.135   879  1104 E C01406/skia: SurfaceNodeDrawable DrawCommSurfaceWatermark Name:SCBStatusBar15 Id:8465380540646 water mark count is zero
09-28 17:51:21.137   879  1104 E C02515/DISP: [0;32;31m[GetMetadata:109] <private> is not supported[m
09-28 17:51:21.137   879  1104 E C02515/DISP: [0;32;31m[SetMetadata:102] <private> is not supported[m
09-28 17:51:21.137   879  1104 E C02515/METADATA_SRV: [0;32;31m[SetMetadata:136]  fail[m
09-28 17:51:21.137   879  1104 E C01401/Bufferqueue: <surface_buffer_impl.cpp:714-SetMetadata>: SetMetadata Failed with -5
09-28 17:51:21.137   879  1104 E C01406/skia: RSUniRenderComposerAdapter::SetBufferColorSpace set color space fail
09-28 17:51:21.146 11760 11996 I C00f00/OH_DER_VSync: onOhVsync ENTRY ts=<private> data=<private>
09-28 17:51:21.146 11760 11994 I C00f00/OH_DER_VSync: scheduleVsync ENTRY receiverPtr=0x<private>
09-28 17:51:21.146 11760 11994 I C00f00/OH_DER_VSync: scheduleVsync calling RequestFrame ohVsync=<private>
09-28 17:51:21.146 11760 11994 I C00f00/OH_DER_VSync: scheduleVsync RequestFrame rc=<private>
09-28 17:51:21.148   879  2132 E C02515/DISP: [0;32;31m[SetMetadata:102] <private> is not supported[m
09-28 17:51:21.148   879  2132 E C02515/METADATA_SRV: [0;32;31m[SetMetadata:136]  fail[m
09-28 17:51:21.148   879  2132 E C01401/Bufferqueue: <surface_buffer_impl.cpp:714-SetMetadata>: SetMetadata Failed with -5
09-28 17:51:21.149   797  4165 E C02515/DISP: [0;32;31m[SetLayerMaskInfo@display_composer_vdi_impl.cpp:404] <private> is not supported[m
09-28 17:51:21.149   879  1233 E C02515/DISP: [0;32;31m[SetMetadata:102] <private> is not supported[m
09-28 17:51:21.149   879  1233 E C02515/METADATA_SRV: [0;32;31m[SetMetadata:136]  fail[m
09-28 17:51:21.149   879  1233 E C01401/Bufferqueue: <surface_buffer_impl.cpp:714-SetMetadata>: SetMetadata Failed with -5
09-28 17:51:21.150   797  4165 E C02515/DISP: [0;32;31m[SetDisplayClientDamage@display_composer_vdi_impl.cpp:179] <private> is not supported[m
09-28 17:51:21.162 11760 11996 I C00f00/OH_DER_VSync: onOhVsync ENTRY ts=<private> data=<private>
09-28 17:51:21.163   879   879 E C02515/DISP: [0;32;31m[GetMetadata:109] <private> is not supported[m
09-28 17:51:21.163   879   879 E C02515/DISP: [0;32;31m[GetMetadata:109] <private> is not supported[m
09-28 17:51:21.163   879   879 E C02515/DISP: [0;32;31m[GetMetadata:109] <private> is not supported[m
09-28 17:51:21.163 11760 11994 I C00f00/OH_DER_VSync: scheduleVsync ENTRY receiverPtr=0x<private>
09-28 17:51:21.163 11760 11994 I C00f00/OH_DER_VSync: scheduleVsync calling RequestFrame ohVsync=<private>
09-28 17:51:21.163 11760 11994 I C00f00/OH_DER_VSync: scheduleVsync RequestFrame rc=<private>
09-28 17:51:21.163   879   879 E C01406/skia: RSBaseRenderUtil::DealWithSurfaceRotationAndGravity, GetSurfaceBufferOpaque:0
09-28 17:51:21.163   879   879 E C02515/DISP: [0;32;31m[GetMetadata:109] <private> is not supported[m
09-28 17:51:21.163   879   879 E C01406/skia: RSBaseRenderUtil::DealWithSurfaceRotationAndGravity, GetSurfaceBufferOpaque:0
09-28 17:51:21.163   879   879 E C02515/DISP: [0;32;31m[GetMetadata:109] <private> is not supported[m
09-28 17:51:21.165   879  1104 E C02515/DISP: [0;32;31m[SetMetadata:102] <private> is not supported[m
09-28 17:51:21.165   879  1104 E C02515/METADATA_SRV: [0;32;31m[SetMetadata:136]  fail[m
09-28 17:51:21.165   879  1104 E C01401/Bufferqueue: <surface_buffer_impl.cpp:714-SetMetadata>: SetMetadata Failed with -5
09-28 17:51:21.165   879  1104 E C01406/skia: SurfaceNodeDrawable DrawCommSurfaceWatermark Name:BackgroundBlurView2 Id:8465380540424 water mark count is zero
09-28 17:51:21.165   879  1104 E C01406/skia: RSBaseRenderUtil::DealWithSurfaceRotationAndGravity, GetSurfaceBufferOpaque:0
09-28 17:51:21.165   879  1104 I C01406/WRAP: AHardwareBuffer_createFromHandle index = <private> handle = <private>, ahb = <private>
09-28 17:51:21.165   879  1104 E C01406/skia: SurfaceNodeDrawable DrawCommSurfaceWatermark Name:AdapterActivityContent Id:50508815400963 water mark count is zero
09-28 17:51:21.166   879  1104 E C01406/skia: RSBaseRenderUtil::DealWithSurfaceRotationAndGravity, GetSurfaceBufferOpaque:0
09-28 17:51:21.166   879  1104 I C01406/WRAP: AHardwareBuffer_createFromHandle index = <private> handle = <private>, ahb = <private>
09-28 17:51:21.166   879  1104 E C01406/skia: SurfaceNodeDrawable DrawCommSurfaceWatermark Name:AdapterSurfaceView Id:50508815400964 water mark count is zero
09-28 17:51:21.166   879  1104 E C01406/skia: SurfaceNodeDrawable DrawCommSurfaceWatermark Name:com.a2hlab.bridge.zigzag/com.unity3d.player.UnityPlayerActivity Id:50508815400961 water mark count is zero
09-28 17:51:21.166   879  1104 E C01406/skia: SurfaceNodeDrawable DrawCommSurfaceWatermark Name:WindowScene_zigzag37 Id:8465380541288 water mark count is zero
09-28 17:51:21.166   879  1104 E C01406/skia: SurfaceNodeDrawable DrawCommSurfaceWatermark Name:SCBGestureNavBar13 Id:8465380540563 water mark count is zero
09-28 17:51:21.167   879  1104 E C01406/skia: SurfaceNodeDrawable DrawCommSurfaceWatermark Name:SCBStatusBar15 Id:8465380540646 water mark count is zero
09-28 17:51:21.168   879  1104 E C02515/DISP: [0;32;31m[GetMetadata:109] <private> is not supported[m
09-28 17:51:21.168   879  1104 E C02515/DISP: [0;32;31m[SetMetadata:102] <private> is not supported[m
09-28 17:51:21.168   879  1104 E C02515/METADATA_SRV: [0;32;31m[SetMetadata:136]  fail[m
09-28 17:51:21.168   879  1104 E C01401/Bufferqueue: <surface_buffer_impl.cpp:714-SetMetadata>: SetMetadata Failed with -5
09-28 17:51:21.168   879  1104 E C01406/skia: RSUniRenderComposerAdapter::SetBufferColorSpace set color space fail
09-28 17:51:21.179 11760 11996 I C00f00/OH_DER_VSync: onOhVsync ENTRY ts=<private> data=<private>
09-28 17:51:21.179 11760 11994 I C00f00/OH_DER_VSync: scheduleVsync ENTRY receiverPtr=0x<private>
09-28 17:51:21.179 11760 11994 I C00f00/OH_DER_VSync: scheduleVsync calling RequestFrame ohVsync=<private>
09-28 17:51:21.180 11760 11994 I C00f00/OH_DER_VSync: scheduleVsync RequestFrame rc=<private>
09-28 17:51:21.181   879  2132 E C02515/DISP: [0;32;31m[SetMetadata:102] <private> is not supported[m
09-28 17:51:21.181   879  2132 E C02515/METADATA_SRV: [0;32;31m[SetMetadata:136]  fail[m
09-28 17:51:21.181   879  2132 E C01401/Bufferqueue: <surface_buffer_impl.cpp:714-SetMetadata>: SetMetadata Failed with -5
09-28 17:51:21.182   797  4165 E C02515/DISP: [0;32;31m[SetLayerMaskInfo@display_composer_vdi_impl.cpp:404] <private> is not supported[m
09-28 17:51:21.182   879  1233 E C02515/DISP: [0;32;31m[SetMetadata:102] <private> is not supported[m
09-28 17:51:21.182   879  1233 E C02515/METADATA_SRV: [0;32;31m[SetMetadata:136]  fail[m
09-28 17:51:21.182   879  1233 E C01401/Bufferqueue: <surface_buffer_impl.cpp:714-SetMetadata>: SetMetadata Failed with -5
09-28 17:51:21.183   797  4165 E C02515/DISP: [0;32;31m[SetDisplayClientDamage@display_composer_vdi_impl.cpp:179] <private> is not supported[m
09-28 17:51:21.196 11760 11996 I C00f00/OH_DER_VSync: onOhVsync ENTRY ts=<private> data=<private>
09-28 17:51:21.196 11760 11994 I C00f00/OH_DER_VSync: scheduleVsync ENTRY receiverPtr=0x<private>
09-28 17:51:21.196 11760 11994 I C00f00/OH_DER_VSync: scheduleVsync calling RequestFrame ohVsync=<private>
09-28 17:51:21.196   879   879 E C02515/DISP: [0;32;31m[GetMetadata:109] <private> is not supported[m
09-28 17:51:21.196 11760 11994 I C00f00/OH_DER_VSync: scheduleVsync RequestFrame rc=<private>
09-28 17:51:21.196   879   879 E C02515/DISP: [0;32;31m[GetMetadata:109] <private> is not supported[m
09-28 17:51:21.196   879   879 E C02515/DISP: [0;32;31m[GetMetadata:109] <private> is not supported[m
09-28 17:51:21.198   879   879 E C01406/skia: RSBaseRenderUtil::DealWithSurfaceRotationAndGravity, GetSurfaceBufferOpaque:0
09-28 17:51:21.198   879   879 E C02515/DISP: [0;32;31m[GetMetadata:109] <private> is not supported[m
09-28 17:51:21.198   879   879 E C01406/skia: RSBaseRenderUtil::DealWithSurfaceRotationAndGravity, GetSurfaceBufferOpaque:0
09-28 17:51:21.198   879   879 E C02515/DISP: [0;32;31m[GetMetadata:109] <private> is not supported[m
09-28 17:51:21.199   879  1104 E C02515/DISP: [0;32;31m[SetMetadata:102] <private> is not supported[m
09-28 17:51:21.200   879  1104 E C02515/METADATA_SRV: [0;32;31m[SetMetadata:136]  fail[m
09-28 17:51:21.200   879  1104 E C01401/Bufferqueue: <surface_buffer_impl.cpp:714-SetMetadata>: SetMetadata Failed with -5
09-28 17:51:21.200   879  1104 E C01406/skia: SurfaceNodeDrawable DrawCommSurfaceWatermark Name:BackgroundBlurView2 Id:8465380540424 water mark count is zero
09-28 17:51:21.200   879  1104 E C01406/skia: RSBaseRenderUtil::DealWithSurfaceRotationAndGravity, GetSurfaceBufferOpaque:0
09-28 17:51:21.200   879  1104 I C01406/WRAP: AHardwareBuffer_createFromHandle index = <private> handle = <private>, ahb = <private>
09-28 17:51:21.200   879  1104 E C01406/skia: SurfaceNodeDrawable DrawCommSurfaceWatermark Name:AdapterActivityContent Id:50508815400963 water mark count is zero
09-28 17:51:21.200   879  1104 E C01406/skia: RSBaseRenderUtil::DealWithSurfaceRotationAndGravity, GetSurfaceBufferOpaque:0
09-28 17:51:21.201   879  1104 I C01406/WRAP: AHardwareBuffer_createFromHandle index = <private> handle = <private>, ahb = <private>
09-28 17:51:21.201   879  1104 E C01406/skia: SurfaceNodeDrawable DrawCommSurfaceWatermark Name:AdapterSurfaceView Id:50508815400964 water mark count is zero
09-28 17:51:21.201   879  1104 E C01406/skia: SurfaceNodeDrawable DrawCommSurfaceWatermark Name:com.a2hlab.bridge.zigzag/com.unity3d.player.UnityPlayerActivity Id:50508815400961 water mark count is zero
09-28 17:51:21.201   879  1104 E C01406/skia: SurfaceNodeDrawable DrawCommSurfaceWatermark Name:WindowScene_zigzag37 Id:8465380541288 water mark count is zero
09-28 17:51:21.201   879  1104 E C01406/skia: SurfaceNodeDrawable DrawCommSurfaceWatermark Name:SCBGestureNavBar13 Id:8465380540563 water mark count is zero
09-28 17:51:21.201   879  1104 E C01406/skia: SurfaceNodeDrawable DrawCommSurfaceWatermark Name:SCBStatusBar15 Id:8465380540646 water mark count is zero
09-28 17:51:21.203   879  1104 E C02515/DISP: [0;32;31m[GetMetadata:109] <private> is not supported[m
09-28 17:51:21.203   879  1104 E C02515/DISP: [0;32;31m[SetMetadata:102] <private> is not supported[m
09-28 17:51:21.203   879  1104 E C02515/METADATA_SRV: [0;32;31m[SetMetadata:136]  fail[m
09-28 17:51:21.203   879  1104 E C01401/Bufferqueue: <surface_buffer_impl.cpp:714-SetMetadata>: SetMetadata Failed with -5
09-28 17:51:21.203   879  1104 E C01406/skia: RSUniRenderComposerAdapter::SetBufferColorSpace set color space fail
09-28 17:51:21.213 11760 11996 I C00f00/OH_DER_VSync: onOhVsync ENTRY ts=<private> data=<private>
09-28 17:51:21.213 11760 11994 I C00f00/OH_DER_VSync: scheduleVsync ENTRY receiverPtr=0x<private>
09-28 17:51:21.213 11760 11994 I C00f00/OH_DER_VSync: scheduleVsync calling RequestFrame ohVsync=<private>
09-28 17:51:21.213 11760 11994 I C00f00/OH_DER_VSync: scheduleVsync RequestFrame rc=<private>
09-28 17:51:21.214 11760 11799 I C00f00/appspawn-x: [<private>:<private>] <private>
09-28 17:51:21.214   879  2132 E C02515/DISP: [0;32;31m[SetMetadata:102] <private> is not supported[m
09-28 17:51:21.214   879  2132 E C02515/METADATA_SRV: [0;32;31m[SetMetadata:136]  fail[m
09-28 17:51:21.214   879  2132 E C01401/Bufferqueue: <surface_buffer_impl.cpp:714-SetMetadata>: SetMetadata Failed with -5
09-28 17:51:21.215   797  4165 E C02515/DISP: [0;32;31m[SetLayerMaskInfo@display_composer_vdi_impl.cpp:404] <private> is not supported[m
09-28 17:51:21.215   879  1233 E C02515/DISP: [0;32;31m[SetMetadata:102] <private> is not supported[m
09-28 17:51:21.215   879  1233 E C02515/METADATA_SRV: [0;32;31m[SetMetadata:136]  fail[m
09-28 17:51:21.215   879  1233 E C01401/Bufferqueue: <surface_buffer_impl.cpp:714-SetMetadata>: SetMetadata Failed with -5
09-28 17:51:21.216   797  4165 E C02515/DISP: [0;32;31m[SetDisplayClientDamage@display_composer_vdi_impl.cpp:179] <private> is not supported[m
09-28 17:51:21.229 11760 11996 I C00f00/OH_DER_VSync: onOhVsync ENTRY ts=<private> data=<private>
09-28 17:51:21.229   879   879 E C02515/DISP: [0;32;31m[GetMetadata:109] <private> is not supported[m
09-28 17:51:21.229 11760 11994 I C00f00/OH_DER_VSync: scheduleVsync ENTRY receiverPtr=0x<private>
09-28 17:51:21.229 11760 11994 I C00f00/OH_DER_VSync: scheduleVsync calling RequestFrame ohVsync=<private>
09-28 17:51:21.230   879   879 E C02515/DISP: [0;32;31m[GetMetadata:109] <private> is not supported[m
09-28 17:51:21.230 11760 11994 I C00f00/OH_DER_VSync: scheduleVsync RequestFrame rc=<private>
09-28 17:51:21.230   879   879 E C02515/DISP: [0;32;31m[GetMetadata:109] <private> is not supported[m
09-28 17:51:21.231   879   879 E C01406/skia: RSBaseRenderUtil::DealWithSurfaceRotationAndGravity, GetSurfaceBufferOpaque:0
09-28 17:51:21.231   879   879 E C02515/DISP: [0;32;31m[GetMetadata:109] <private> is not supported[m
09-28 17:51:21.231   879   879 E C01406/skia: RSBaseRenderUtil::DealWithSurfaceRotationAndGravity, GetSurfaceBufferOpaque:0
09-28 17:51:21.231   879   879 E C02515/DISP: [0;32;31m[GetMetadata:109] <private> is not supported[m
09-28 17:51:21.233   879  1104 E C02515/DISP: [0;32;31m[SetMetadata:102] <private> is not supported[m
09-28 17:51:21.233   879  1104 E C02515/METADATA_SRV: [0;32;31m[SetMetadata:136]  fail[m
09-28 17:51:21.233   879  1104 E C01401/Bufferqueue: <surface_buffer_impl.cpp:714-SetMetadata>: SetMetadata Failed with -5
09-28 17:51:21.233   879  1104 E C01406/skia: SurfaceNodeDrawable DrawCommSurfaceWatermark Name:BackgroundBlurView2 Id:8465380540424 water mark count is zero
09-28 17:51:21.233   879  1104 E C01406/skia: RSBaseRenderUtil::DealWithSurfaceRotationAndGravity, GetSurfaceBufferOpaque:0
09-28 17:51:21.234   879  1104 I C01406/WRAP: AHardwareBuffer_createFromHandle index = <private> handle = <private>, ahb = <private>
09-28 17:51:21.234   879  1104 E C01406/skia: SurfaceNodeDrawable DrawCommSurfaceWatermark Name:AdapterActivityContent Id:50508815400963 water mark count is zero
09-28 17:51:21.234   879  1104 E C01406/skia: RSBaseRenderUtil::DealWithSurfaceRotationAndGravity, GetSurfaceBufferOpaque:0
09-28 17:51:21.234   879  1104 I C01406/WRAP: AHardwareBuffer_createFromHandle index = <private> handle = <private>, ahb = <private>
09-28 17:51:21.234   879  1104 E C01406/skia: SurfaceNodeDrawable DrawCommSurfaceWatermark Name:AdapterSurfaceView Id:50508815400964 water mark count is zero
09-28 17:51:21.234   879  1104 E C01406/skia: SurfaceNodeDrawable DrawCommSurfaceWatermark Name:com.a2hlab.bridge.zigzag/com.unity3d.player.UnityPlayerActivity Id:50508815400961 water mark count is zero
09-28 17:51:21.234   879  1104 E C01406/skia: SurfaceNodeDrawable DrawCommSurfaceWatermark Name:WindowScene_zigzag37 Id:8465380541288 water mark count is zero
09-28 17:51:21.235   879  1104 E C01406/skia: SurfaceNodeDrawable DrawCommSurfaceWatermark Name:SCBGestureNavBar13 Id:8465380540563 water mark count is zero
09-28 17:51:21.235   879  1104 E C01406/skia: SurfaceNodeDrawable DrawCommSurfaceWatermark Name:SCBStatusBar15 Id:8465380540646 water mark count is zero
09-28 17:51:21.237   879  1104 E C02515/DISP: [0;32;31m[GetMetadata:109] <private> is not supported[m
09-28 17:51:21.237   879  1104 E C02515/DISP: [0;32;31m[SetMetadata:102] <private> is not supported[m
09-28 17:51:21.237   879  1104 E C02515/METADATA_SRV: [0;32;31m[SetMetadata:136]  fail[m
09-28 17:51:21.237   879  1104 E C01401/Bufferqueue: <surface_buffer_impl.cpp:714-SetMetadata>: SetMetadata Failed with -5
09-28 17:51:21.237   879  1104 E C01406/skia: RSUniRenderComposerAdapter::SetBufferColorSpace set color space fail
09-28 17:51:21.246 11760 11996 I C00f00/OH_DER_VSync: onOhVsync ENTRY ts=<private> data=<private>
09-28 17:51:21.246 11760 11994 I C00f00/OH_DER_VSync: scheduleVsync ENTRY receiverPtr=0x<private>
09-28 17:51:21.246 11760 11994 I C00f00/OH_DER_VSync: scheduleVsync calling RequestFrame ohVsync=<private>
09-28 17:51:21.246 11760 11994 I C00f00/OH_DER_VSync: scheduleVsync RequestFrame rc=<private>
09-28 17:51:21.248   879  2132 E C02515/DISP: [0;32;31m[SetMetadata:102] <private> is not supported[m
09-28 17:51:21.248   879  2132 E C02515/METADATA_SRV: [0;32;31m[SetMetadata:136]  fail[m
09-28 17:51:21.248   879  2132 E C01401/Bufferqueue: <surface_buffer_impl.cpp:714-SetMetadata>: SetMetadata Failed with -5
09-28 17:51:21.248   797  4165 E C02515/DISP: [0;32;31m[SetLayerMaskInfo@display_composer_vdi_impl.cpp:404] <private> is not supported[m
09-28 17:51:21.249   879  1233 E C02515/DISP: [0;32;31m[SetMetadata:102] <private> is not supported[m
09-28 17:51:21.249   879  1233 E C02515/METADATA_SRV: [0;32;31m[SetMetadata:136]  fail[m
09-28 17:51:21.249   879  1233 E C01401/Bufferqueue: <surface_buffer_impl.cpp:714-SetMetadata>: SetMetadata Failed with -5
09-28 17:51:21.249   797  4165 E C02515/DISP: [0;32;31m[SetDisplayClientDamage@display_composer_vdi_impl.cpp:179] <private> is not supported[m
09-28 17:51:21.263 11760 11996 I C00f00/OH_DER_VSync: onOhVsync ENTRY ts=<private> data=<private>
09-28 17:51:21.263 11760 11994 I C00f00/OH_DER_VSync: scheduleVsync ENTRY receiverPtr=0x<private>
09-28 17:51:21.263 11760 11994 I C00f00/OH_DER_VSync: scheduleVsync calling RequestFrame ohVsync=<private>
09-28 17:51:21.263   879   879 E C02515/DISP: [0;32;31m[GetMetadata:109] <private> is not supported[m
09-28 17:51:21.263 11760 11994 I C00f00/OH_DER_VSync: scheduleVsync RequestFrame rc=<private>
09-28 17:51:21.263   879   879 E C02515/DISP: [0;32;31m[GetMetadata:109] <private> is not supported[m
09-28 17:51:21.263   879   879 E C02515/DISP: [0;32;31m[GetMetadata:109] <private> is not supported[m
09-28 17:51:21.264   879   879 E C01406/skia: RSBaseRenderUtil::DealWithSurfaceRotationAndGravity, GetSurfaceBufferOpaque:0
09-28 17:51:21.264   879   879 E C02515/DISP: [0;32;31m[GetMetadata:109] <private> is not supported[m
09-28 17:51:21.264   879   879 E C01406/skia: RSBaseRenderUtil::DealWithSurfaceRotationAndGravity, GetSurfaceBufferOpaque:0
09-28 17:51:21.264   879   879 E C02515/DISP: [0;32;31m[GetMetadata:109] <private> is not supported[m
09-28 17:51:21.266   879  1104 E C02515/DISP: [0;32;31m[SetMetadata:102] <private> is not supported[m
09-28 17:51:21.266   879  1104 E C02515/METADATA_SRV: [0;32;31m[SetMetadata:136]  fail[m
09-28 17:51:21.266   879  1104 E C01401/Bufferqueue: <surface_buffer_impl.cpp:714-SetMetadata>: SetMetadata Failed with -5
09-28 17:51:21.267   879  1104 E C01406/skia: SurfaceNodeDrawable DrawCommSurfaceWatermark Name:BackgroundBlurView2 Id:8465380540424 water mark count is zero
09-28 17:51:21.267   879  1104 E C01406/skia: RSBaseRenderUtil::DealWithSurfaceRotationAndGravity, GetSurfaceBufferOpaque:0
09-28 17:51:21.267   879  1104 I C01406/WRAP: AHardwareBuffer_createFromHandle index = <private> handle = <private>, ahb = <private>
09-28 17:51:21.267   879  1104 E C01406/skia: SurfaceNodeDrawable DrawCommSurfaceWatermark Name:AdapterActivityContent Id:50508815400963 water mark count is zero
09-28 17:51:21.267   879  1104 E C01406/skia: RSBaseRenderUtil::DealWithSurfaceRotationAndGravity, GetSurfaceBufferOpaque:0
09-28 17:51:21.267   879  1104 I C01406/WRAP: AHardwareBuffer_createFromHandle index = <private> handle = <private>, ahb = <private>
09-28 17:51:21.267   879  1104 E C01406/skia: SurfaceNodeDrawable DrawCommSurfaceWatermark Name:AdapterSurfaceView Id:50508815400964 water mark count is zero
09-28 17:51:21.267   879  1104 E C01406/skia: SurfaceNodeDrawable DrawCommSurfaceWatermark Name:com.a2hlab.bridge.zigzag/com.unity3d.player.UnityPlayerActivity Id:50508815400961 water mark count is zero
09-28 17:51:21.267   879  1104 E C01406/skia: SurfaceNodeDrawable DrawCommSurfaceWatermark Name:WindowScene_zigzag37 Id:8465380541288 water mark count is zero
09-28 17:51:21.268   879  1104 E C01406/skia: SurfaceNodeDrawable DrawCommSurfaceWatermark Name:SCBGestureNavBar13 Id:8465380540563 water mark count is zero
09-28 17:51:21.268   879  1104 E C01406/skia: SurfaceNodeDrawable DrawCommSurfaceWatermark Name:SCBStatusBar15 Id:8465380540646 water mark count is zero
09-28 17:51:21.270   879  1104 E C02515/DISP: [0;32;31m[GetMetadata:109] <private> is not supported[m
09-28 17:51:21.270   879  1104 E C02515/DISP: [0;32;31m[SetMetadata:102] <private> is not supported[m
09-28 17:51:21.270   879  1104 E C02515/METADATA_SRV: [0;32;31m[SetMetadata:136]  fail[m
09-28 17:51:21.270   879  1104 E C01401/Bufferqueue: <surface_buffer_impl.cpp:714-SetMetadata>: SetMetadata Failed with -5
09-28 17:51:21.270   879  1104 E C01406/skia: RSUniRenderComposerAdapter::SetBufferColorSpace set color space fail
09-28 17:51:21.279 11760 11996 I C00f00/OH_DER_VSync: onOhVsync ENTRY ts=<private> data=<private>
09-28 17:51:21.279 11760 11994 I C00f00/OH_DER_VSync: scheduleVsync ENTRY receiverPtr=0x<private>
09-28 17:51:21.279 11760 11994 I C00f00/OH_DER_VSync: scheduleVsync calling RequestFrame ohVsync=<private>
09-28 17:51:21.280 11760 11994 I C00f00/OH_DER_VSync: scheduleVsync RequestFrame rc=<private>
09-28 17:51:21.281   879  2132 E C02515/DISP: [0;32;31m[SetMetadata:102] <private> is not supported[m
09-28 17:51:21.281   879  2132 E C02515/METADATA_SRV: [0;32;31m[SetMetadata:136]  fail[m
09-28 17:51:21.281   879  2132 E C01401/Bufferqueue: <surface_buffer_impl.cpp:714-SetMetadata>: SetMetadata Failed with -5
09-28 17:51:21.282   797  4165 E C02515/DISP: [0;32;31m[SetLayerMaskInfo@display_composer_vdi_impl.cpp:404] <private> is not supported[m
09-28 17:51:21.282   879  1233 E C02515/DISP: [0;32;31m[SetMetadata:102] <private> is not supported[m
09-28 17:51:21.282   879  1233 E C02515/METADATA_SRV: [0;32;31m[SetMetadata:136]  fail[m
09-28 17:51:21.282   879  1233 E C01401/Bufferqueue: <surface_buffer_impl.cpp:714-SetMetadata>: SetMetadata Failed with -5
09-28 17:51:21.283   797  4165 E C02515/DISP: [0;32;31m[SetDisplayClientDamage@display_composer_vdi_impl.cpp:179] <private> is not supported[m
09-28 17:51:21.296 11760 11996 I C00f00/OH_DER_VSync: onOhVsync ENTRY ts=<private> data=<private>
09-28 17:51:21.296   879   879 E C02515/DISP: [0;32;31m[GetMetadata:109] <private> is not supported[m
09-28 17:51:21.296 11760 11994 I C00f00/OH_DER_VSync: scheduleVsync ENTRY receiverPtr=0x<private>
09-28 17:51:21.296 11760 11994 I C00f00/OH_DER_VSync: scheduleVsync calling RequestFrame ohVsync=<private>
09-28 17:51:21.296   879   879 E C02515/DISP: [0;32;31m[GetMetadata:109] <private> is not supported[m
09-28 17:51:21.296   879   879 E C02515/DISP: [0;32;31m[GetMetadata:109] <private> is not supported[m
09-28 17:51:21.296 11760 11994 I C00f00/OH_DER_VSync: scheduleVsync RequestFrame rc=<private>
09-28 17:51:21.297   879   879 E C01406/skia: RSBaseRenderUtil::DealWithSurfaceRotationAndGravity, GetSurfaceBufferOpaque:0
09-28 17:51:21.298   879   879 E C02515/DISP: [0;32;31m[GetMetadata:109] <private> is not supported[m
09-28 17:51:21.298   879   879 E C01406/skia: RSBaseRenderUtil::DealWithSurfaceRotationAndGravity, GetSurfaceBufferOpaque:0
09-28 17:51:21.298   879   879 E C02515/DISP: [0;32;31m[GetMetadata:109] <private> is not supported[m
09-28 17:51:21.299   879  1104 E C02515/DISP: [0;32;31m[SetMetadata:102] <private> is not supported[m
09-28 17:51:21.299   879  1104 E C02515/METADATA_SRV: [0;32;31m[SetMetadata:136]  fail[m
09-28 17:51:21.299   879  1104 E C01401/Bufferqueue: <surface_buffer_impl.cpp:714-SetMetadata>: SetMetadata Failed with -5
09-28 17:51:21.300   879  1104 E C01406/skia: SurfaceNodeDrawable DrawCommSurfaceWatermark Name:BackgroundBlurView2 Id:8465380540424 water mark count is zero
09-28 17:51:21.300   879  1104 E C01406/skia: RSBaseRenderUtil::DealWithSurfaceRotationAndGravity, GetSurfaceBufferOpaque:0
09-28 17:51:21.300   879  1104 I C01406/WRAP: AHardwareBuffer_createFromHandle index = <private> handle = <private>, ahb = <private>
09-28 17:51:21.300   879  1104 E C01406/skia: SurfaceNodeDrawable DrawCommSurfaceWatermark Name:AdapterActivityContent Id:50508815400963 water mark count is zero
09-28 17:51:21.300   879  1104 E C01406/skia: RSBaseRenderUtil::DealWithSurfaceRotationAndGravity, GetSurfaceBufferOpaque:0
09-28 17:51:21.300   879  1104 I C01406/WRAP: AHardwareBuffer_createFromHandle index = <private> handle = <private>, ahb = <private>
09-28 17:51:21.301   879  1104 E C01406/skia: SurfaceNodeDrawable DrawCommSurfaceWatermark Name:AdapterSurfaceView Id:50508815400964 water mark count is zero
09-28 17:51:21.301   879  1104 E C01406/skia: SurfaceNodeDrawable DrawCommSurfaceWatermark Name:com.a2hlab.bridge.zigzag/com.unity3d.player.UnityPlayerActivity Id:50508815400961 water mark count is zero
09-28 17:51:21.301   879  1104 E C01406/skia: SurfaceNodeDrawable DrawCommSurfaceWatermark Name:WindowScene_zigzag37 Id:8465380541288 water mark count is zero
09-28 17:51:21.301   879  1104 E C01406/skia: SurfaceNodeDrawable DrawCommSurfaceWatermark Name:SCBGestureNavBar13 Id:8465380540563 water mark count is zero
09-28 17:51:21.301   879  1104 E C01406/skia: SurfaceNodeDrawable DrawCommSurfaceWatermark Name:SCBStatusBar15 Id:8465380540646 water mark count is zero
09-28 17:51:21.303   879  1104 E C02515/DISP: [0;32;31m[GetMetadata:109] <private> is not supported[m
09-28 17:51:21.303   879  1104 E C02515/DISP: [0;32;31m[SetMetadata:102] <private> is not supported[m
09-28 17:51:21.303   879  1104 E C02515/METADATA_SRV: [0;32;31m[SetMetadata:136]  fail[m
09-28 17:51:21.303   879  1104 E C01401/Bufferqueue: <surface_buffer_impl.cpp:714-SetMetadata>: SetMetadata Failed with -5
09-28 17:51:21.303   879  1104 E C01406/skia: RSUniRenderComposerAdapter::SetBufferColorSpace set color space fail
09-28 17:51:21.313 11760 11996 I C00f00/OH_DER_VSync: onOhVsync ENTRY ts=<private> data=<private>
09-28 17:51:21.313 11760 11994 I C00f00/OH_DER_VSync: scheduleVsync ENTRY receiverPtr=0x<private>
09-28 17:51:21.313 11760 11994 I C00f00/OH_DER_VSync: scheduleVsync calling RequestFrame ohVsync=<private>
09-28 17:51:21.313 11760 11994 I C00f00/OH_DER_VSync: scheduleVsync RequestFrame rc=<private>
09-28 17:51:21.314   879  2132 E C02515/DISP: [0;32;31m[SetMetadata:102] <private> is not supported[m
09-28 17:51:21.314   879  2132 E C02515/METADATA_SRV: [0;32;31m[SetMetadata:136]  fail[m
09-28 17:51:21.314   879  2132 E C01401/Bufferqueue: <surface_buffer_impl.cpp:714-SetMetadata>: SetMetadata Failed with -5
09-28 17:51:21.315   797  4165 E C02515/DISP: [0;32;31m[SetLayerMaskInfo@display_composer_vdi_impl.cpp:404] <private> is not supported[m
09-28 17:51:21.315   879  1233 E C02515/DISP: [0;32;31m[SetMetadata:102] <private> is not supported[m
09-28 17:51:21.315   879  1233 E C02515/METADATA_SRV: [0;32;31m[SetMetadata:136]  fail[m
09-28 17:51:21.315   879  1233 E C01401/Bufferqueue: <surface_buffer_impl.cpp:714-SetMetadata>: SetMetadata Failed with -5
09-28 17:51:21.316   797  4165 E C02515/DISP: [0;32;31m[SetDisplayClientDamage@display_composer_vdi_impl.cpp:179] <private> is not supported[m
09-28 17:51:21.329 11760 11996 I C00f00/OH_DER_VSync: onOhVsync ENTRY ts=<private> data=<private>
09-28 17:51:21.330 11760 11994 I C00f00/OH_DER_VSync: scheduleVsync ENTRY receiverPtr=0x<private>
09-28 17:51:21.330 11760 11994 I C00f00/OH_DER_VSync: scheduleVsync calling RequestFrame ohVsync=<private>
09-28 17:51:21.330   879   879 E C02515/DISP: [0;32;31m[GetMetadata:109] <private> is not supported[m
09-28 17:51:21.330 11760 11994 I C00f00/OH_DER_VSync: scheduleVsync RequestFrame rc=<private>
09-28 17:51:21.330   879   879 E C02515/DISP: [0;32;31m[GetMetadata:109] <private> is not supported[m
09-28 17:51:21.330   879   879 E C02515/DISP: [0;32;31m[GetMetadata:109] <private> is not supported[m
09-28 17:51:21.331   879   879 E C01406/skia: RSBaseRenderUtil::DealWithSurfaceRotationAndGravity, GetSurfaceBufferOpaque:0
09-28 17:51:21.331   879   879 E C02515/DISP: [0;32;31m[GetMetadata:109] <private> is not supported[m
09-28 17:51:21.331   879   879 E C01406/skia: RSBaseRenderUtil::DealWithSurfaceRotationAndGravity, GetSurfaceBufferOpaque:0
09-28 17:51:21.331   879   879 E C02515/DISP: [0;32;31m[GetMetadata:109] <private> is not supported[m
09-28 17:51:21.333   879  1104 E C02515/DISP: [0;32;31m[SetMetadata:102] <private> is not supported[m
09-28 17:51:21.333   879  1104 E C02515/METADATA_SRV: [0;32;31m[SetMetadata:136]  fail[m
09-28 17:51:21.333   879  1104 E C01401/Bufferqueue: <surface_buffer_impl.cpp:714-SetMetadata>: SetMetadata Failed with -5
09-28 17:51:21.333   879  1104 E C01406/skia: SurfaceNodeDrawable DrawCommSurfaceWatermark Name:BackgroundBlurView2 Id:8465380540424 water mark count is zero
09-28 17:51:21.333   879  1104 E C01406/skia: RSBaseRenderUtil::DealWithSurfaceRotationAndGravity, GetSurfaceBufferOpaque:0
09-28 17:51:21.334   879  1104 I C01406/WRAP: AHardwareBuffer_createFromHandle index = <private> handle = <private>, ahb = <private>
09-28 17:51:21.334   879  1104 E C01406/skia: SurfaceNodeDrawable DrawCommSurfaceWatermark Name:AdapterActivityContent Id:50508815400963 water mark count is zero
09-28 17:51:21.334   879  1104 E C01406/skia: RSBaseRenderUtil::DealWithSurfaceRotationAndGravity, GetSurfaceBufferOpaque:0
09-28 17:51:21.334   879  1104 I C01406/WRAP: AHardwareBuffer_createFromHandle index = <private> handle = <private>, ahb = <private>
09-28 17:51:21.334   879  1104 E C01406/skia: SurfaceNodeDrawable DrawCommSurfaceWatermark Name:AdapterSurfaceView Id:50508815400964 water mark count is zero
09-28 17:51:21.334   879  1104 E C01406/skia: SurfaceNodeDrawable DrawCommSurfaceWatermark Name:com.a2hlab.bridge.zigzag/com.unity3d.player.UnityPlayerActivity Id:50508815400961 water mark count is zero
09-28 17:51:21.334   879  1104 E C01406/skia: SurfaceNodeDrawable DrawCommSurfaceWatermark Name:WindowScene_zigzag37 Id:8465380541288 water mark count is zero
09-28 17:51:21.335   879  1104 E C01406/skia: SurfaceNodeDrawable DrawCommSurfaceWatermark Name:SCBGestureNavBar13 Id:8465380540563 water mark count is zero
09-28 17:51:21.335   879  1104 E C01406/skia: SurfaceNodeDrawable DrawCommSurfaceWatermark Name:SCBStatusBar15 Id:8465380540646 water mark count is zero
09-28 17:51:21.336   879  1104 E C02515/DISP: [0;32;31m[GetMetadata:109] <private> is not supported[m
09-28 17:51:21.336   879  1104 E C02515/DISP: [0;32;31m[SetMetadata:102] <private> is not supported[m
09-28 17:51:21.336   879  1104 E C02515/METADATA_SRV: [0;32;31m[SetMetadata:136]  fail[m
09-28 17:51:21.336   879  1104 E C01401/Bufferqueue: <surface_buffer_impl.cpp:714-SetMetadata>: SetMetadata Failed with -5
09-28 17:51:21.336   879  1104 E C01406/skia: RSUniRenderComposerAdapter::SetBufferColorSpace set color space fail
09-28 17:51:21.346 11760 11996 I C00f00/OH_DER_VSync: onOhVsync ENTRY ts=<private> data=<private>
09-28 17:51:21.346 11760 11994 I C00f00/OH_DER_VSync: scheduleVsync ENTRY receiverPtr=0x<private>
09-28 17:51:21.346 11760 11994 I C00f00/OH_DER_VSync: scheduleVsync calling RequestFrame ohVsync=<private>
09-28 17:51:21.346 11760 11994 I C00f00/OH_DER_VSync: scheduleVsync RequestFrame rc=<private>
09-28 17:51:21.348   879  2132 E C02515/DISP: [0;32;31m[SetMetadata:102] <private> is not supported[m
09-28 17:51:21.348   879  2132 E C02515/METADATA_SRV: [0;32;31m[SetMetadata:136]  fail[m
09-28 17:51:21.348   879  2132 E C01401/Bufferqueue: <surface_buffer_impl.cpp:714-SetMetadata>: SetMetadata Failed with -5
09-28 17:51:21.349   797  4165 E C02515/DISP: [0;32;31m[SetLayerMaskInfo@display_composer_vdi_impl.cpp:404] <private> is not supported[m
09-28 17:51:21.349   879  1233 E C02515/DISP: [0;32;31m[SetMetadata:102] <private> is not supported[m
09-28 17:51:21.349   879  1233 E C02515/METADATA_SRV: [0;32;31m[SetMetadata:136]  fail[m
09-28 17:51:21.349   879  1233 E C01401/Bufferqueue: <surface_buffer_impl.cpp:714-SetMetadata>: SetMetadata Failed with -5
09-28 17:51:21.350   797  4165 E C02515/DISP: [0;32;31m[SetDisplayClientDamage@display_composer_vdi_impl.cpp:179] <private> is not supported[m
09-28 17:51:21.361   921  1220 I C02d13/HDC_LOG: [daemon.cpp:1142] FetchCommand channelId:2494645205 command:1001
09-28 17:51:21.361   921  1220 I C02d13/HDC_LOG: [session.cpp:1652] New HTaskInfo cid:2494645205 sid:252******606(L:10) command:1001
09-28 17:51:21.361   921  1220 I C02d13/HDC_LOG: [session.cpp:891] AdminTask add task type:0 cid:2494645205 sid:252******606(L:10) mapsize:2
09-28 17:51:21.361   921  1220 I C02d13/HDC_LOG: [task.cpp:34] HdcTaskBase type:0 cid:2494645205 sid:252******606(L:10)
09-28 17:51:21.361   921  1220 I C02d13/HDC_LOG: [daemon_unity.cpp:414] Unity CommandDispatch command:1001 cid:2494645205 sid:252******606(L:10)
09-28 17:51:21.361   921  1220 W C02d13/HDC_LOG: [async_cmd.cpp:114] GetDevItem false key:persist.hdc.root
09-28 17:51:21.361   921 12512 I C02d13/HDC_LOG: [async_cmd.cpp:225] Popen pipe fds[pipeRead]:33 fds[pipeWrite]:34, mode 0
09-28 17:51:21.363 11760 11996 I C00f00/OH_DER_VSync: onOhVsync ENTRY ts=<private> data=<private>
09-28 17:51:21.363 11760 11994 I C00f00/OH_DER_VSync: scheduleVsync ENTRY receiverPtr=0x<private>
09-28 17:51:21.363 11760 11994 I C00f00/OH_DER_VSync: scheduleVsync calling RequestFrame ohVsync=<private>
09-28 17:51:21.363   879   879 E C02515/DISP: [0;32;31m[GetMetadata:109] <private> is not supported[m
09-28 17:51:21.363 11760 11994 I C00f00/OH_DER_VSync: scheduleVsync RequestFrame rc=<private>
09-28 17:51:21.363   879   879 E C02515/DISP: [0;32;31m[GetMetadata:109] <private> is not supported[m
09-28 17:51:21.363   879   879 E C02515/DISP: [0;32;31m[GetMetadata:109] <private> is not supported[m
09-28 17:51:21.364   879   879 E C01406/skia: RSBaseRenderUtil::DealWithSurfaceRotationAndGravity, GetSurfaceBufferOpaque:0
09-28 17:51:21.364   879   879 E C02515/DISP: [0;32;31m[GetMetadata:109] <private> is not supported[m
09-28 17:51:21.364   879   879 E C01406/skia: RSBaseRenderUtil::DealWithSurfaceRotationAndGravity, GetSurfaceBufferOpaque:0
09-28 17:51:21.365   879   879 E C02515/DISP: [0;32;31m[GetMetadata:109] <private> is not supported[m
09-28 17:51:21.365   921  1220 I C02d13/HDC_LOG: [async_cmd.cpp:291] ExecuteCommand cmd:hilog -x fd:33 pid:12513
09-28 17:51:21.365 12513 12513 W C02d13/HDC_LOG: [async_cmd.cpp:140] SetSelinuxLabel con:u:r:su:s0 isRoot:0
09-28 17:51:21.366   921  1220 I C02d13/HDC_LOG: [daemon_unity.cpp:486] Unity CommandDispatch command:1001 finish cid:2494645205 sid:252******606(L:10)
09-28 17:51:21.366   879  1104 E C02515/DISP: [0;32;31m[SetMetadata:102] <private> is not supported[m
09-28 17:51:21.366   879  1104 E C02515/METADATA_SRV: [0;32;31m[SetMetadata:136]  fail[m
09-28 17:51:21.366   879  1104 E C01401/Bufferqueue: <surface_buffer_impl.cpp:714-SetMetadata>: SetMetadata Failed with -5
09-28 17:51:21.367   879  1104 E C01406/skia: SurfaceNodeDrawable DrawCommSurfaceWatermark Name:BackgroundBlurView2 Id:8465380540424 water mark count is zero
09-28 17:51:21.367   879  1104 E C01406/skia: RSBaseRenderUtil::DealWithSurfaceRotationAndGravity, GetSurfaceBufferOpaque:0
09-28 17:51:21.367   879  1104 I C01406/WRAP: AHardwareBuffer_createFromHandle index = <private> handle = <private>, ahb = <private>
09-28 17:51:21.367   879  1104 E C01406/skia: SurfaceNodeDrawable DrawCommSurfaceWatermark Name:AdapterActivityContent Id:50508815400963 water mark count is zero
09-28 17:51:21.367   879  1104 E C01406/skia: RSBaseRenderUtil::DealWithSurfaceRotationAndGravity, GetSurfaceBufferOpaque:0
09-28 17:51:21.368   879  1104 I C01406/WRAP: AHardwareBuffer_createFromHandle index = <private> handle = <private>, ahb = <private>
09-28 17:51:21.368   879  1104 E C01406/skia: SurfaceNodeDrawable DrawCommSurfaceWatermark Name:AdapterSurfaceView Id:50508815400964 water mark count is zero
09-28 17:51:21.368   879  1104 E C01406/skia: SurfaceNodeDrawable DrawCommSurfaceWatermark Name:com.a2hlab.bridge.zigzag/com.unity3d.player.UnityPlayerActivity Id:50508815400961 water mark count is zero
09-28 17:51:21.368   879  1104 E C01406/skia: SurfaceNodeDrawable DrawCommSurfaceWatermark Name:WindowScene_zigzag37 Id:8465380541288 water mark count is zero
09-28 17:51:21.368   879  1104 E C01406/skia: SurfaceNodeDrawable DrawCommSurfaceWatermark Name:SCBGestureNavBar13 Id:8465380540563 water mark count is zero
09-28 17:51:21.368   879  1104 E C01406/skia: SurfaceNodeDrawable DrawCommSurfaceWatermark Name:SCBStatusBar15 Id:8465380540646 water mark count is zero
09-28 17:51:21.370   879  1104 E C02515/DISP: [0;32;31m[GetMetadata:109] <private> is not supported[m
09-28 17:51:21.370   879  1104 E C02515/DISP: [0;32;31m[SetMetadata:102] <private> is not supported[m
09-28 17:51:21.370   879  1104 E C02515/METADATA_SRV: [0;32;31m[SetMetadata:136]  fail[m
09-28 17:51:21.370   879  1104 E C01401/Bufferqueue: <surface_buffer_impl.cpp:714-SetMetadata>: SetMetadata Failed with -5
09-28 17:51:21.370   879  1104 E C01406/skia: RSUniRenderComposerAdapter::SetBufferColorSpace set color space fail
09-28 17:51:21.379 11760 11996 I C00f00/OH_DER_VSync: onOhVsync ENTRY ts=<private> data=<private>
09-28 17:51:21.380 11760 11994 I C00f00/OH_DER_VSync: scheduleVsync ENTRY receiverPtr=0x<private>
09-28 17:51:21.380 11760 11994 I C00f00/OH_DER_VSync: scheduleVsync calling RequestFrame ohVsync=<private>
09-28 17:51:21.380 11760 11994 I C00f00/OH_DER_VSync: scheduleVsync RequestFrame rc=<private>
09-28 17:51:21.382   879  2132 E C02515/DISP: [0;32;31m[SetMetadata:102] <private> is not supported[m
09-28 17:51:21.382   879  2132 E C02515/METADATA_SRV: [0;32;31m[SetMetadata:136]  fail[m
09-28 17:51:21.382   879  2132 E C01401/Bufferqueue: <surface_buffer_impl.cpp:714-SetMetadata>: SetMetadata Failed with -5
09-28 17:51:21.383   797  4165 E C02515/DISP: [0;32;31m[SetLayerMaskInfo@display_composer_vdi_impl.cpp:404] <private> is not supported[m
09-28 17:51:21.383   879  1233 E C02515/DISP: [0;32;31m[SetMetadata:102] <private> is not supported[m
09-28 17:51:21.383   879  1233 E C02515/METADATA_SRV: [0;32;31m[SetMetadata:136]  fail[m
09-28 17:51:21.383   879  1233 E C01401/Bufferqueue: <surface_buffer_impl.cpp:714-SetMetadata>: SetMetadata Failed with -5
09-28 17:51:21.387   797  4165 E C02515/DISP: [0;32;31m[SetDisplayClientDamage@display_composer_vdi_impl.cpp:179] <private> is not supported[m
09-28 17:51:21.396 11760 11996 I C00f00/OH_DER_VSync: onOhVsync ENTRY ts=<private> data=<private>
09-28 17:51:21.396   879   879 E C02515/DISP: [0;32;31m[GetMetadata:109] <private> is not supported[m
09-28 17:51:21.396   879   879 E C02515/DISP: [0;32;31m[GetMetadata:109] <private> is not supported[m
09-28 17:51:21.396   879   879 E C02515/DISP: [0;32;31m[GetMetadata:109] <private> is not supported[m
09-28 17:51:21.396 11760 11994 I C00f00/OH_DER_VSync: scheduleVsync ENTRY receiverPtr=0x<private>
09-28 17:51:21.396 11760 11994 I C00f00/OH_DER_VSync: scheduleVsync calling RequestFrame ohVsync=<private>
09-28 17:51:21.396 11760 11994 I C00f00/OH_DER_VSync: scheduleVsync RequestFrame rc=<private>
09-28 17:51:21.397   879   879 E C01406/skia: RSBaseRenderUtil::DealWithSurfaceRotationAndGravity, GetSurfaceBufferOpaque:0
09-28 17:51:21.397   879   879 E C02515/DISP: [0;32;31m[GetMetadata:109] <private> is not supported[m
09-28 17:51:21.397   879   879 E C01406/skia: RSBaseRenderUtil::DealWithSurfaceRotationAndGravity, GetSurfaceBufferOpaque:0
09-28 17:51:21.397   879   879 E C02515/DISP: [0;32;31m[GetMetadata:109] <private> is not supported[m
09-28 17:51:21.398   879  1104 E C02515/DISP: [0;32;31m[SetMetadata:102] <private> is not supported[m
09-28 17:51:21.398   879  1104 E C02515/METADATA_SRV: [0;32;31m[SetMetadata:136]  fail[m
09-28 17:51:21.398   879  1104 E C01401/Bufferqueue: <surface_buffer_impl.cpp:714-SetMetadata>: SetMetadata Failed with -5
09-28 17:51:21.398   879  1104 E C01406/skia: SurfaceNodeDrawable DrawCommSurfaceWatermark Name:BackgroundBlurView2 Id:8465380540424 water mark count is zero
09-28 17:51:21.398   879  1104 E C01406/skia: RSBaseRenderUtil::DealWithSurfaceRotationAndGravity, GetSurfaceBufferOpaque:0
09-28 17:51:21.399   879  1104 I C01406/WRAP: AHardwareBuffer_createFromHandle index = <private> handle = <private>, ahb = <private>
09-28 17:51:21.399   879  1104 E C01406/skia: SurfaceNodeDrawable DrawCommSurfaceWatermark Name:AdapterActivityContent Id:50508815400963 water mark count is zero
09-28 17:51:21.399   879  1104 E C01406/skia: RSBaseRenderUtil::DealWithSurfaceRotationAndGravity, GetSurfaceBufferOpaque:0
09-28 17:51:21.399   879  1104 I C01406/WRAP: AHardwareBuffer_createFromHandle index = <private> handle = <private>, ahb = <private>
09-28 17:51:21.399   879  1104 E C01406/skia: SurfaceNodeDrawable DrawCommSurfaceWatermark Name:AdapterSurfaceView Id:50508815400964 water mark count is zero
09-28 17:51:21.399   879  1104 E C01406/skia: SurfaceNodeDrawable DrawCommSurfaceWatermark Name:com.a2hlab.bridge.zigzag/com.unity3d.player.UnityPlayerActivity Id:50508815400961 water mark count is zero
09-28 17:51:21.399   879  1104 E C01406/skia: SurfaceNodeDrawable DrawCommSurfaceWatermark Name:WindowScene_zigzag37 Id:8465380541288 water mark count is zero
09-28 17:51:21.400   879  1104 E C01406/skia: SurfaceNodeDrawable DrawCommSurfaceWatermark Name:SCBGestureNavBar13 Id:8465380540563 water mark count is zero
09-28 17:51:21.400   879  1104 E C01406/skia: SurfaceNodeDrawable DrawCommSurfaceWatermark Name:SCBStatusBar15 Id:8465380540646 water mark count is zero
09-28 17:51:21.401   879  1104 E C02515/DISP: [0;32;31m[GetMetadata:109] <private> is not supported[m
09-28 17:51:21.401   879  1104 E C02515/DISP: [0;32;31m[SetMetadata:102] <private> is not supported[m
09-28 17:51:21.401   879  1104 E C02515/METADATA_SRV: [0;32;31m[SetMetadata:136]  fail[m
09-28 17:51:21.401   879  1104 E C01401/Bufferqueue: <surface_buffer_impl.cpp:714-SetMetadata>: SetMetadata Failed with -5
09-28 17:51:21.402   879  1104 E C01406/skia: RSUniRenderComposerAdapter::SetBufferColorSpace set color space fail
09-28 17:51:21.413 11760 11996 I C00f00/OH_DER_VSync: onOhVsync ENTRY ts=<private> data=<private>
09-28 17:51:21.413 11760 11994 I C00f00/OH_DER_VSync: scheduleVsync ENTRY receiverPtr=0x<private>
09-28 17:51:21.413 11760 11994 I C00f00/OH_DER_VSync: scheduleVsync calling RequestFrame ohVsync=<private>
09-28 17:51:21.413 11760 11994 I C00f00/OH_DER_VSync: scheduleVsync RequestFrame rc=<private>
09-28 17:51:21.415   879  2132 E C02515/DISP: [0;32;31m[SetMetadata:102] <private> is not supported[m
09-28 17:51:21.415   879  2132 E C02515/METADATA_SRV: [0;32;31m[SetMetadata:136]  fail[m
09-28 17:51:21.415   879  2132 E C01401/Bufferqueue: <surface_buffer_impl.cpp:714-SetMetadata>: SetMetadata Failed with -5
09-28 17:51:21.415   797  4165 E C02515/DISP: [0;32;31m[SetLayerMaskInfo@display_composer_vdi_impl.cpp:404] <private> is not supported[m
09-28 17:51:21.415   879  1233 E C02515/DISP: [0;32;31m[SetMetadata:102] <private> is not supported[m
09-28 17:51:21.415   879  1233 E C02515/METADATA_SRV: [0;32;31m[SetMetadata:136]  fail[m
09-28 17:51:21.415   879  1233 E C01401/Bufferqueue: <surface_buffer_impl.cpp:714-SetMetadata>: SetMetadata Failed with -5
09-28 17:51:21.417   797  4165 E C02515/DISP: [0;32;31m[SetDisplayClientDamage@display_composer_vdi_impl.cpp:179] <private> is not supported[m
09-28 17:51:21.429 11760 11996 I C00f00/OH_DER_VSync: onOhVsync ENTRY ts=<private> data=<private>
09-28 17:51:21.429   879   879 E C02515/DISP: [0;32;31m[GetMetadata:109] <private> is not supported[m
09-28 17:51:21.430   879   879 E C02515/DISP: [0;32;31m[GetMetadata:109] <private> is not supported[m
09-28 17:51:21.430   879   879 E C02515/DISP: [0;32;31m[GetMetadata:109] <private> is not supported[m
09-28 17:51:21.430 11760 11994 I C00f00/OH_DER_VSync: scheduleVsync ENTRY receiverPtr=0x<private>
09-28 17:51:21.430 11760 11994 I C00f00/OH_DER_VSync: scheduleVsync calling RequestFrame ohVsync=<private>
09-28 17:51:21.430 11760 11994 I C00f00/OH_DER_VSync: scheduleVsync RequestFrame rc=<private>
09-28 17:51:21.430   879   879 E C01406/skia: RSBaseRenderUtil::DealWithSurfaceRotationAndGravity, GetSurfaceBufferOpaque:0
09-28 17:51:21.430   879   879 E C02515/DISP: [0;32;31m[GetMetadata:109] <private> is not supported[m
09-28 17:51:21.430   879   879 E C01406/skia: RSBaseRenderUtil::DealWithSurfaceRotationAndGravity, GetSurfaceBufferOpaque:0
09-28 17:51:21.430   879   879 E C02515/DISP: [0;32;31m[GetMetadata:109] <private> is not supported[m
09-28 17:51:21.431   879  1104 E C02515/DISP: [0;32;31m[SetMetadata:102] <private> is not supported[m
09-28 17:51:21.431   879  1104 E C02515/METADATA_SRV: [0;32;31m[SetMetadata:136]  fail[m
09-28 17:51:21.431   879  1104 E C01401/Bufferqueue: <surface_buffer_impl.cpp:714-SetMetadata>: SetMetadata Failed with -5
09-28 17:51:21.432   879  1104 E C01406/skia: SurfaceNodeDrawable DrawCommSurfaceWatermark Name:BackgroundBlurView2 Id:8465380540424 water mark count is zero
09-28 17:51:21.432   879  1104 E C01406/skia: RSBaseRenderUtil::DealWithSurfaceRotationAndGravity, GetSurfaceBufferOpaque:0
09-28 17:51:21.432   879  1104 I C01406/WRAP: AHardwareBuffer_createFromHandle index = <private> handle = <private>, ahb = <private>
09-28 17:51:21.432   879  1104 E C01406/skia: SurfaceNodeDrawable DrawCommSurfaceWatermark Name:AdapterActivityContent Id:50508815400963 water mark count is zero
09-28 17:51:21.432   879  1104 E C01406/skia: RSBaseRenderUtil::DealWithSurfaceRotationAndGravity, GetSurfaceBufferOpaque:0
09-28 17:51:21.432   879  1104 I C01406/WRAP: AHardwareBuffer_createFromHandle index = <private> handle = <private>, ahb = <private>
09-28 17:51:21.433   879  1104 E C01406/skia: SurfaceNodeDrawable DrawCommSurfaceWatermark Name:AdapterSurfaceView Id:50508815400964 water mark count is zero
09-28 17:51:21.433   879  1104 E C01406/skia: SurfaceNodeDrawable DrawCommSurfaceWatermark Name:com.a2hlab.bridge.zigzag/com.unity3d.player.UnityPlayerActivity Id:50508815400961 water mark count is zero
09-28 17:51:21.433   879  1104 E C01406/skia: SurfaceNodeDrawable DrawCommSurfaceWatermark Name:WindowScene_zigzag37 Id:8465380541288 water mark count is zero
09-28 17:51:21.433   879  1104 E C01406/skia: SurfaceNodeDrawable DrawCommSurfaceWatermark Name:SCBGestureNavBar13 Id:8465380540563 water mark count is zero
09-28 17:51:21.433   879  1104 E C01406/skia: SurfaceNodeDrawable DrawCommSurfaceWatermark Name:SCBStatusBar15 Id:8465380540646 water mark count is zero
09-28 17:51:21.435   879  1104 E C02515/DISP: [0;32;31m[GetMetadata:109] <private> is not supported[m
09-28 17:51:21.435   879  1104 E C02515/DISP: [0;32;31m[SetMetadata:102] <private> is not supported[m
09-28 17:51:21.435   879  1104 E C02515/METADATA_SRV: [0;32;31m[SetMetadata:136]  fail[m
09-28 17:51:21.435   879  1104 E C01401/Bufferqueue: <surface_buffer_impl.cpp:714-SetMetadata>: SetMetadata Failed with -5
09-28 17:51:21.435   879  1104 E C01406/skia: RSUniRenderComposerAdapter::SetBufferColorSpace set color space fail
09-28 17:51:21.446 11760 11996 I C00f00/OH_DER_VSync: onOhVsync ENTRY ts=<private> data=<private>
09-28 17:51:21.446 11760 11994 I C00f00/OH_DER_VSync: scheduleVsync ENTRY receiverPtr=0x<private>
09-28 17:51:21.446 11760 11994 I C00f00/OH_DER_VSync: scheduleVsync calling RequestFrame ohVsync=<private>
09-28 17:51:21.446 11760 11994 I C00f00/OH_DER_VSync: scheduleVsync RequestFrame rc=<private>
09-28 17:51:21.448   879  2132 E C02515/DISP: [0;32;31m[SetMetadata:102] <private> is not supported[m
09-28 17:51:21.448   879  2132 E C02515/METADATA_SRV: [0;32;31m[SetMetadata:136]  fail[m
09-28 17:51:21.448   879  2132 E C01401/Bufferqueue: <surface_buffer_impl.cpp:714-SetMetadata>: SetMetadata Failed with -5
09-28 17:51:21.449   797  4165 E C02515/DISP: [0;32;31m[SetLayerMaskInfo@display_composer_vdi_impl.cpp:404] <private> is not supported[m
09-28 17:51:21.449   879  1233 E C02515/DISP: [0;32;31m[SetMetadata:102] <private> is not supported[m
09-28 17:51:21.449   879  1233 E C02515/METADATA_SRV: [0;32;31m[SetMetadata:136]  fail[m
09-28 17:51:21.449   879  1233 E C01401/Bufferqueue: <surface_buffer_impl.cpp:714-SetMetadata>: SetMetadata Failed with -5
09-28 17:51:21.450   797  4165 E C02515/DISP: [0;32;31m[SetDisplayClientDamage@display_composer_vdi_impl.cpp:179] <private> is not supported[m
