09-28 17:42:51.538     0     0 I I00000/HiLog: ========Zeroth log of type: init
09-28 17:52:22.201  1983  1983 W A01b01/HOME: FormModel: get all forms from layout
09-28 17:52:22.201  1983  1983 I A01b01/HOME: PageDesktopViewModel --> index: 1, pageList: 1, is outer: false
09-28 17:52:22.201  1983  1983 W A01b01/HOME: PageDesktopViewModel --> no cards in layout!
09-28 17:52:23.610  1983  1983 E A04200/WINDOW: [SCBMission]SCBSceneMissionManager: findMainSessionGlobalById error, not exist.
09-28 17:52:23.610  1983  1983 E A04200/WINDOW: [SCBMission]SCBScenePanelMissionHandler: [Screen:0][Panel:1] invalid persistentId
09-28 17:52:23.611  1983  1983 I A04200/WINDOW: [SCBMission]SCBScenePanelMissionHandler: [Screen:0][Panel:1] get none existing session.
09-28 17:52:23.611  1983  1983 E A04200/WINDOW: [SCBMission]SCBScenePanelMissionHandler: [Screen:0][Panel:2] invalid persistentId
09-28 17:52:23.611  1983  1983 I A04200/WINDOW: [SCBMission]SCBScenePanelMissionHandler: [Screen:0][Panel:2] get none existing session.
09-28 17:52:23.611  1983  1983 I A04200/WINDOW: [SCBMission]SCBSceneMissionManager: no exist container session match the info to be found.
09-28 17:52:23.611  1983  1983 I A04200/WINDOW: SCBRootSceneSession: onPendingSceneSessionActivation sceneInfo.persistentId:35 callState: 0 callerPersistentId: 0 windowMode: 0 appIndex: 0 needClearInNotShowRecent: falsedeviceTypes:  resizable: 0 supportWindowMode: 
09-28 17:52:23.611  1983  1983 I A04200/WINDOW: SCBRootSceneSession: onPendingSceneSessionActivation sceneInfo.screenName:UNKNOWN
09-28 17:52:23.612  1983  1983 I A04200/WINDOW: SCBRootSceneSession: fileManagerMode: , extraFormIdentity: 
09-28 17:52:23.612  1983  1983 W A04200/WINDOW: SCBSSM: [SCBMain]startSceneFromOther:{persistentId:35, screenId: 0, bundleInfo:com.unity3d.player.UnityPlayerActivity/com.a2hlab.bridge.zigzag/entry/0, unclearableSession:undefined, callerPersistentId:0, callerAbilityName: , toPersistentId:0, launchType:0, isNewInstance:false, fullScreenStart:false, _windowMode:1, isAppUseControl:undefined, isUnclearableInRecent:undefined, focusedOnShow:true, isAtomicService:falseisStartupInstallFree:false, isNewAppInstance:false, appInstanceKey:}, startMode:1
09-28 17:52:23.612  1983  1983 W A04200/WINDOW: SCBSSM: isExclusion, app startup detect
09-28 17:52:23.612  1983  1983 I A01b01/HOME: DeliverUtil: get default const.app_eco.support_ohos: default get default persist.ohos_fusion_mgr.ctl.support_ohos: default
09-28 17:52:23.612  1983  1983 I A01b01/HOME: SampleManager: isSampleMg: false
09-28 17:52:23.612  1983  1983 I A04200/WINDOW: SCBSSM: SCBSSM
09-28 17:52:23.612  1983  1983 I A04200/WINDOW: SCBSSM: SCBSSM
09-28 17:52:23.612  1983  1983 I A04200/WINDOW: SCBSSM: Start scene on screen with screenId: 0!
09-28 17:52:23.612  1983  1983 W A01b01/HOME: SCBScenePanelViewModel: [SCBMain][id:35][sceneInfo:com.a2hlab.bridge.zigzag/entry/com.unity3d.player.UnityPlayerActivity/0][screenId:0]onStartSceneFromOther.
09-28 17:52:23.612  1983  1983 I A04200/WINDOW: [SCBMission]SCBScenePanelMissionHandler: [Screen:0][Panel:1] get none existing session.
09-28 17:52:23.612  1983  1983 I A04200/WINDOW: [SCBMission]SCBScenePanelMissionHandler: [Screen:0][Panel:1] get none existing session.
09-28 17:52:23.613  1983  1983 I A04200/WINDOW: [SCBMission]SCBScenePanelMissionHandler: [Screen:0][Panel:2] get none existing session.
09-28 17:52:23.613  1983  1983 I A04200/WINDOW: [SCBMission]SCBScenePanelMissionHandler: [Screen:0][Panel:2] get none existing session.
09-28 17:52:23.613  1983  1983 I A04200/WINDOW: [SCBMission]SCBSceneMissionManager: no exist container session match the info to be found.
09-28 17:52:23.613  1983  1983 I A01b01/HOME: StartAndExitVisualEffectManager: mIsPowerSaveMode: true
09-28 17:52:23.613  1983  1983 W A01b01/HOME: SCBScenePanelViewModel: onStartSceneFromOther get CardId from formID cardId =  isStartCard=false
09-28 17:52:23.613  1983  1983 I A04200/WINDOW: SCBScenePanelViewModel: [SCBMain][id:35][screenId:0]requestSceneSession, callerPersistentId:0, needLinkCaller:true
09-28 17:52:23.613  1983  1983 I A04200/WINDOW: SCBScenePanelViewModel: [SCBMain] find sceneSession from other screen
09-28 17:52:23.613  1983  1983 I A04200/WINDOW: SCBSSM: popSceneFromOtherScreen toScreen: 0 needBackground: true, needUpdateScreenId: true
09-28 17:52:23.613  1983  1983 E A04200/WINDOW: [SCBMission]SCBSceneMissionManager: findMainSessionGlobalById error, not exist.
09-28 17:52:23.613  1983  1983 I A04200/WINDOW: [SCBMission]SCBSceneMissionManager: popSceneFromOtherScreenByPersistentId not found target session
09-28 17:52:23.613  1983  1983 I A04200/WINDOW: [SCBMission]SCBScenePanelMissionHandler: [Screen:0][Panel:1] get none existing session.
09-28 17:52:23.613  1983  1983 I A04200/WINDOW: [SCBMission]SCBScenePanelMissionHandler: [Screen:0][Panel:1] get none existing session.
09-28 17:52:23.613  1983  1983 I A04200/WINDOW: [SCBMission]SCBScenePanelMissionHandler: [Screen:0][Panel:2] get none existing session.
09-28 17:52:23.613  1983  1983 I A04200/WINDOW: [SCBMission]SCBScenePanelMissionHandler: [Screen:0][Panel:2] get none existing session.
09-28 17:52:23.613  1983  1983 I A04200/WINDOW: [SCBMission]SCBSceneMissionManager: no exist container session match the info to be found.
09-28 17:52:23.613  1983  1983 I A04200/WINDOW: [SCBMission]SCBSceneMissionManager: popSceneFromOtherScreenByInfo not found target session
09-28 17:52:23.613  1983  1983 I A04200/WINDOW: SCBSSM: isProjectionBundleName bundleName = com.a2hlab.bridge.zigzag, screenId = 0
09-28 17:52:23.613  1983  1983 I A04200/WINDOW: SCBScenePanelViewModel: [SCBMain]requestSceneSession using exist persistentId: 35
09-28 17:52:23.613  1983  1983 W A04200/WINDOW: SCBScenePanelViewModel: getSceneSessionByPersistentId find nothing, id 35
09-28 17:52:23.613  1983  1983 W A04200/WINDOW: SCBScenePanelViewModel: [SCBMain][id:35][sceneInfo:com.a2hlab.bridge.zigzag/entry/com.unity3d.player.UnityPlayerActivity/0][screenId:0]request New SceneSession.
09-28 17:52:23.614  1983  1983 I A04200/WINDOW: SCBSSM: [SCBMain] set isAbilityHook false
09-28 17:52:23.615  1983  1983 I A04200/WINDOW: [SCBMission]SCBSceneMissionManager: [SCBMain][id:35][sceneInfo:com.a2hlab.bridge.zigzag/entry/com.unity3d.player.UnityPlayerActivity/0][screenId:0]requestSceneSession suceess, udpate persistentId from 35 to 35, udpate appInstanceKey from  to 
09-28 17:52:23.615  1983  1983 I A01b01/HOME: ResourceManager: getAppName bundleName:com.a2hlab.bridge.zigzag, moduleName:com.a2hlab.bridge.zigzag, labelId:16777219
09-28 17:52:23.616  1983  1983 I A04200/WINDOW: ContainerSessionInitBasicStrategy: Initialize the basic data state and mission management data status of the sceneSession.
09-28 17:52:23.616  1983  1983 I A04200/WINDOW: SCBSceneSession: SCBSceneSession registerData category:0.
09-28 17:52:23.616  1983  1983 I A04200/WINDOW: SCBSceneSession: SCBSceneSession registerData category:1.
09-28 17:52:23.616  1983  1983 I A04200/WINDOW: SCBSceneSession: SCBSceneSession registerState category:0.
09-28 17:52:23.617  1983  1983 I A04200/WINDOW: SCBSceneSession: requestOrientation: 0 queryKey: com.a2hlab.bridge.zigzagentrycom.unity3d.player.UnityPlayerActivity
09-28 17:52:23.618  1983  1983 I A04200/WINDOW: [SCBMission]SCBSceneMissionManager: cacheNewSceneSession of id: 35, exist: false.
09-28 17:52:23.619  1983  1983 W A04200/WINDOW: SCBScenePanelViewModel: Failed to get scene containerSession with session id: 35
09-28 17:52:23.619  1983  1983 I A01b01/HOME: SCBScenePanelViewModel: postStartSceneFromOtherEvent: com.a2hlab.bridge.zigzag + com.unity3d.player.UnityPlayerActivity
09-28 17:52:23.619  1983  1983 W A01a01/NC: DropdownPanel-Index: onStartSceneFromOtherEvent return. event: com.a2hlab.bridge.zigzag isViewShowing:false
09-28 17:52:23.619  1983  1983 I A04200/WINDOW: SCBScenePanelViewModel: GuidanceLog set unNeedKnowMore
09-28 17:52:23.619  1983  1983 I A01b00/SCB: SCBTM: findTransitionController. bundleName: com.a2hlab.bridge.zigzag, overlayBundleName: undefined
09-28 17:52:23.620  1983  1983 W A01b01/HOME: PageDesktopModel: findTransitionController shortcutId empty bundleName:com.a2hlab.bridge.zigzag
09-28 17:52:23.620  1983  1983 W A01b01/HOME: PageDesktopModel: findTransitionController bundleName: com.a2hlab.bridge.zigzag, abilityName: com.unity3d.player.UnityPlayerActivity, startType: 0, formCardId: undefined, cardId: undefined, extraId: undefined, appIndex: 0, shortcutId: undefined, appInstanceKey: %{public}s
09-28 17:52:23.620  1983  1983 W A01b00/SCB: SCBTM: Find controller success ? true, findData: {"bundleName":"com.a2hlab.bridge.zigzag","abilityName":"com.unity3d.player.UnityPlayerActivity","appIndex":0,"appIconId":"","iconRadius":0,"appIconNumber":0,"startAppType":0,"isOpenFolder":false}
09-28 17:52:23.620  1983  1983 W A01b01/HOME: SCBScenePanelViewModel: [SCBMain]onStartSceneFromOther isNewWant false. StartApp:com.a2hlab.bridge.zigzag
09-28 17:52:23.621  1983  1983 I A04200/WINDOW: ContainerSessionInitBasicStrategy: Initialize the basic data state and mission management data status of the containerSession.
09-28 17:52:23.621  1983  1983 I A01b00/SCB: SCBSCS: registerData category:0.
09-28 17:52:23.621  1983  1983 I A01b00/SCB: SCBSCS: registerData category:1.
09-28 17:52:23.622  1983  1983 I A01b00/SCB: SCBSCS: registerState category:1.
09-28 17:52:23.622  1983  1983 I A01b00/SCB: SCBSCS: registerState category:0.
09-28 17:52:23.622  1983  1983 I A01b00/SCB: SCBSCS: set NeedRenderClip clipWidth from 0 to 1200
09-28 17:52:23.622  1983  1983 I A01b00/SCB: SCBSCS: set NeedRenderClip clipHeight from 0 to 1920
09-28 17:52:23.622  1983  1983 I A01b00/SCB: SCBSCS: bundleName: com.a2hlab.bridge.zigzag, persistentId: 35
09-28 17:52:23.623  1983  1983 I A04200/WINDOW: SCBSPM: Add scene container session, id: 5
09-28 17:52:23.623  1983  1983 I A01b01/HOME: SCBScenePanelViewModel: [SCBMain]onStartSceneFromOther add new session: 5
09-28 17:52:23.623  1983  1983 I A0421d/WMSRotation: [startSceneWithRotationIfNeed] containerSession com.unity3d.player.UnityPlayerActivity/com.a2hlab.bridge.zigzag/entry/0(persistentId: 35)(containerId: 5), needAnimation false isFromRecent false fromUser false isPageRotation false
09-28 17:52:23.623  1983  1983 I A0421d/WMSRotation: [coverSensorRotation] cover sensor rotation.
09-28 17:52:23.623  1983  1983 I A0421d/WMSRotation: [calculateScreenPropertyWithRotation] before rotation: {"left":0,"top":0,"width":1200,"height":1920,"radius":0,"rotation":0,"screenId":0,"rsId":0,"defaultScreenOrientation":0,"_rotationOffset":0,"_correctingRotation":0,"_defaultRotation":0,"translateX":0,"translateY":0}
09-28 17:52:23.623  1983  1983 I A0421d/WMSRotation: [calculateScreenPropertyWithRotation]after rotation: {"left":0,"top":0,"width":1200,"height":1920,"radius":0,"rotation":0,"screenId":0,"rsId":0,"defaultScreenOrientation":0,"_rotationOffset":0,"_correctingRotation":0,"_defaultRotation":0,"translateX":0,"translateY":0}
09-28 17:52:23.623  1983  1983 I A04200/WINDOW: SCBScreenSession: coverPhoneSensorRotation sensorProperty: {"left":0,"top":0,"width":1200,"height":1920,"radius":0,"rotation":0,"screenId":0,"rsId":0,"defaultScreenOrientation":0,"_rotationOffset":0,"_correctingRotation":0,"_defaultRotation":0,"translateX":0,"translateY":0}
09-28 17:52:23.623  1983  1983 I A04200/WINDOW: SCBScreenSM: screenRotationLocked value:false
09-28 17:52:23.623  1983  1983 W A0421d/WMSRotation: [getTargetRotation] bundleName:com.a2hlab.bridge.zigzag requestOrientation:0 isScreenLocked:false isPlacedRotateFriendlyDevicePlaced:false fixedRotation: -1
09-28 17:52:23.623  1983  1983 I A04200/WINDOW: SCBSceneOrientationPolicy: SCBDefaultOrientationPolicy: currentScreenRotation: 0, sensorRotation: 0, isScreenLocked: false, fromUser: false, isPlacedRotateFriendlyDevicePlaced: false
09-28 17:52:23.624  1983  1983 W A0421d/WMSRotation: [startSceneWithRotationIfNeed] before rotate with targetRotation=0, sensorRotation=0, currentScreenRotation=0, currentContainerRotation=0, name=com.a2hlab.bridge.zigzag
09-28 17:52:23.624  1983  1983 I A0421d/WMSRotation: [rotateWindowPolicy] rotate with window policy.
09-28 17:52:23.624  1983  1983 I A0421d/WMSRotation: [rotateWindowPolicy] no need to rotate with same targetRotation.
09-28 17:52:23.624  1983  1983 W A01b01/HOME: SCBScenePanelViewModel: [SCBMain]onStartSceneFromOther com.unity3d.player.UnityPlayerActivity/com.a2hlab.bridge.zigzag/entry/0(persistentId: 35)(containerId: 5) isActive:false isStartCard:false needBlurAnimation:true scenePanelState:0
09-28 17:52:23.624  1983  1983 I A01b09/RECENT: RecentPanelViewModel: [SCBMain]onStartSceneFromOther com.example.helloworld.MainActivity/com.example.helloworld/entry/0(persistentId: 29)(containerId: 3) notShowSessionDestroy
09-28 17:52:23.624  1983  1983 W A01b01/HOME: SCBScenePanelViewModel: [SCBMain]onStartSceneFromOther do not need minimize former scene, activeContainer is null? true
09-28 17:52:23.624  1983  1983 I A04200/WINDOW: SCBSPM: Remove container id: 5, 35
09-28 17:52:23.624  1983  1983 I A01b09/RECENT: RecentDockRefreshAlarm: start alarm recent dock: com.unity3d.player.UnityPlayerActivity/com.a2hlab.bridge.zigzag/entry/0(persistentId: 35)(containerId: 5)
09-28 17:52:23.624  1983  1983 W A0420a/WMSLife: Request scene container session activation, name: com.unity3d.player.UnityPlayerActivity/com.a2hlab.bridge.zigzag/entry/0(persistentId: 35)(containerId: 5) isNewActive: false, isPersist: true, reason: undefined
09-28 17:52:23.624  1983  1983 I A04200/WINDOW: SCBSceneRecentMissionManager: add id 35 to recentMissionIdSet
09-28 17:52:23.625  1983  1983 I A04200/WINDOW: SCBSceneSession: [SCBMain]requestSceneSessionActivation: isNewActive: false, isPersist: true, reason: undefined, name: com.unity3d.player.UnityPlayerActivity/com.a2hlab.bridge.zigzag/entry/0(persistentId: 35), containerRotation: 0
09-28 17:52:23.625  1983  1983 I A04200/WINDOW: SCBSSM: [SCBMain][id:35]requestSceneSessionActivation.
09-28 17:52:23.625  1983  1983 I A04200/WINDOW: [a92ab738d798a15] SCBSSM: [SCBMain]setIsPendingToBackgroundState, state:false
09-28 17:52:23.625  1983  1983 I A04200/WINDOW: [a92ab738d798a15] SCBSSM: [SCBMain]setIsActivatedAfterScreenLocked, isScreenLocked: false
09-28 17:52:23.625  1983  1983 I A04200/WINDOW: SCBSceneSession: [SCBMain]isForegroundAndActive: sessionState: undefined, isActive: true
09-28 17:52:23.625  1983  1983 I A04200/WINDOW: SCBScenePersistent: update to persistentMap, bundleName: com.a2hlab.bridge.zigzag moduleName: entry abilityName: com.unity3d.player.UnityPlayerActivity
09-28 17:52:23.625  1983  1983 I A01b01/HOME: SCBScenePanelViewModel: enter FULLSCENE
09-28 17:52:23.625  1983  1983 I A01b09/RECENT: RecentPanel: RecentViewParam init
09-28 17:52:23.626  1983  1983 W A01b00/SCB: SCBSCS: [SCBSCS] sceneAlpha from 0 to 1. reason: init, extra: com.ohos.settings.MainAbility/com.ohos.settings/phone/0(persistentId: 43)(containerId: 1)
09-28 17:52:23.626  1983  1983 W A01b00/SCB: SCBSCS: [SCBSCS] sceneAlpha from 0 to 1. reason: init, extra: EntryAbility/org.westlake.imehost/entry/0(persistentId: 93)(containerId: 2)
09-28 17:52:23.626  1983  1983 W A01b00/SCB: SCBSCS: [SCBSCS] sceneAlpha from 0 to 1. reason: init, extra: com.unity3d.player.UnityPlayerActivity/com.a2hlab.bridge.zigzag/entry/0(persistentId: 35)(containerId: 5)
09-28 17:52:23.627  1983  1983 I A01b01/HOME: SCBScenePanelViewModel: updateScenePanelState from 0 to 1
09-28 17:52:23.627  1983  1983 I A01b01/HOME: SCBDesktop: scenePanelState change 1
09-28 17:52:23.627  1983  1983 I A01b01/HOME: SCBDesktop: updateScenePanelState, sceneState:1
09-28 17:52:23.627  1983  1983 W A01c05/FORM: PageDesktopViewModel --> localEventListener receive event: launcher.event.REQUEST_FORM_RECYCLE
09-28 17:52:23.627  1983  1983 I A01c05/FORM: PageDesktopViewModel --> current recycleFormEventHandler, state = true, currentStartApp = false
09-28 17:52:23.627  1983  1983 I A01b00/SCB: LocalEventManager: sendLocalEvent, send local event with no receiver
09-28 17:52:23.627  1983  1983 I A01c05/FORM: FormStackExpandView: formstack expand onScenePanelStateChange: 1
09-28 17:52:23.627  1983  1983 I A01a00/SYS_UI: SystemUIView: onScenePanelStateChange: 1
09-28 17:52:23.627  1983  1983 I A01b0a/GESTURE: AIBarView: ScenepanelState has change to 1
09-28 17:52:23.628  1983  1983 I A01a00/SYS_UI: SystemUIView: onScenePanelStateChange: 1
09-28 17:52:23.628  1983  1983 I A01b0a/GESTURE: FloatingNavigationManager: setScenePanelState 1
09-28 17:52:23.628  1983  1983 I A01b0a/GESTURE: FloatingNavigationManager: sendFloatingIsInApp true
09-28 17:52:23.628  1983  1983 I A01b0a/GESTURE: FloatingNavigationManager: sendFloatingNavIsInApp swich is closed
09-28 17:52:23.628  1983  1983 I A01b01/HOME: SCBScenePanel: is scrolling value is  false  state is  1 
09-28 17:52:23.628  1983  1983 I A01b00/SCB: PerformanceReporter: Enter calledScene:32, currentMemScene:32
09-28 17:52:23.628  1983  1983 I A01b01/HOME: LauncherVisualEffectManager: triggerDesktopBlurByPanelState blurAnimDelayTime:undefined, fromState: 0, curState: 1
09-28 17:52:23.628  1983  1983 W A01b01/HOME: LauncherVisualEffectManager: startBlurAnim isEnabled: false, effectType: recentEffect
09-28 17:52:23.628  1983  1983 W A01b01/HOME: LauncherVisualEffectManager: oldState: false, newState: false effectType: recentEffect
09-28 17:52:23.629  1983  1983 W A01b01/HOME: LauncherVisualEffectManager: checkBlurAnimIsInvalid return.
09-28 17:52:23.629  1983  1983 I A0001b/AA: OutSideWindowManager: globalSearchStatus: 0
09-28 17:52:23.629  1983  1983 I A01b01/HOME: SCBScenePanel: [scenePanelCanvasStyles] set Scale to: 1
09-28 17:52:23.633  1983  1983 I A01b00/SCB: GlobalContext: getObject (1): desktopContext is null: false
09-28 17:52:23.633  1983  1983 I A01b00/SCB: GlobalContext: getObject (1): desktopContext is null: false
09-28 17:52:23.635  1983  1983 I A01b0a/GESTURE: AIBarView: checkShowAiBar
09-28 17:52:23.635  1983  1983 I A04200/WINDOW: SCBSSM: getSystemSceneSessionWithId persistentId:18, mainScreenId:0, screenId:0
09-28 17:52:23.635  1983  1983 I A04200/WINDOW: SCBSSM: Find system scene session : 18
09-28 17:52:23.636  1983  1983 I A01b0a/GESTURE: aiBarViewData: powerMode:600 thermalLevel:0 isEnterDeliver:false
09-28 17:52:23.638  1983  1983 I A01b01/HOME: SCBSceneContainer: init.
09-28 17:52:23.638  1983  1983 I A01b0a/GESTURE: SCBEventExclusiveManager: registerEventExclusive, caller:SPLIT_GESTURE
09-28 17:52:23.638  1983  1983 I A04200/WINDOW: SCBScreenSM: registerScreenRotateChangeCallbacks caller: at aboutToAppear (SCBSceneContainer.ts:902:47)
09-28 17:52:23.638  1983  1983 I A04200/WINDOW: SCBScreenSM: registerScreenRotateChangeCallbacks screenId: 0 10
09-28 17:52:23.639  1983  1983 W A01b01/HOME: SCBSceneContainer: [SCBMain] com.unity3d.player.UnityPlayerActivity/com.a2hlab.bridge.zigzag/entry/0(persistentId: 35)(containerId: 5) enableShow change from false to true. Detail:isPrebuildStageEnableShow:false, showInRecent:false, sceneContainerSession.enableShow:true, showInScrolling:false
09-28 17:52:23.647  1983  1983 I A01c06/ICON: CompanionIcon: aboutToAppear
09-28 17:52:23.648  1983  1983 W A01c06/ICON: CompanionIcon: updateIcon startType: 0
09-28 17:52:23.648  1983  1983 I A01c06/ICON: CompanionIcon: aboutToAppear moduleName: undefined, bundleName: undefined, startAppType: undefined
09-28 17:52:23.648  1983  1983 I A04200/WINDOW: SCBSSM: Register func type: 23 with screenId: 0 success.
09-28 17:52:23.648  1983  1983 I A04200/WINDOW: SCBSSM: Register func type: 14 with screenId: 0 success.
09-28 17:52:23.649  1983  1983 I A04200/WINDOW: SCBSceneViewModel: init.
09-28 17:52:23.649  1983  1983 I A04200/WINDOW: SCBSceneSession: registerOnUpdateSessionIconCallback
09-28 17:52:23.649  1983  1983 W A04200/WINDOW: SCBSceneSession: registerCreateSubSessionCallback, id: 35, on panel: undefined
09-28 17:52:23.649  1983  1983 I A04200/WINDOW: SCBSceneSession: [SCBDialog] registerCreateDialogCallback
09-28 17:52:23.649  1983  1983 I A04200/WINDOW: SCBSceneSession: registerSessionTouchableChangeCallback
09-28 17:52:23.649  1983  1983 I A04200/WINDOW: SCBSceneSession: registerSessionSystemBarPropertyCallback
09-28 17:52:23.649  1983  1983 I A04200/WINDOW: SCBSceneSession: registerUpdatePiPTemplateInfoCallback, persistentId: 35
09-28 17:52:23.649  1983  1983 I A04200/WINDOW: SCBKioskModeManager: sceneType=SCBScene35 registerKioskModeChangeEvent success.
09-28 17:52:23.657  1983  1983 W A01b01/HOME: StartAndExitVisualEffectManager: isStartExitWallpaperBlurDisable mIsStartExitBlurDisable: true, startExitMotionLevel: 1 
09-28 17:52:23.657  1983  1983 I A04200/WINDOW: SCBSPM: onBlurTransitionInactive out of focus
09-28 17:52:23.657  1983  1983 I A01b01/HOME: SCBScenePanelViewModel: setScenePanelTouchableByNavigation is false, scenePanelState is 1 isTouchableByNavBar:false isTouchable:undefined
09-28 17:52:23.657  1983  1983 I A04200/WINDOW: SCBSystemSceneSession: setSessionTouchable:false this.sessionChangeCallback:undefined
09-28 17:52:23.658  1983  1983 I A04200/WINDOW: SCBSSM: [SCBMain]notifyForegroundInteractiveStatus, persistentId:35 interactive:true
09-28 17:52:23.658  1983  1983 I A04209/WMSImms: enterRecent:false
09-28 17:52:23.658  1983  1983 I A04200/WINDOW: SCBSSM: displayData(1200 1920) 
09-28 17:52:23.659  1983  1983 I A01b01/HOME: SCBScenePanelViewModel: close formservice and managerview when fullscene
09-28 17:52:23.659  1983  1983 I A01a00/SYS_UI: OverlayStartAnimHelper: checkStartOverlayTransitionIn
09-28 17:52:23.659  1983  1983 E A01a00/SYS_UI: OverlayStartAnimHelper: overlayCardInfo is invalid
09-28 17:52:23.659  1983  1983 I A04200/WINDOW: SCBSSM: resetStartingSceneFromPiP
09-28 17:52:23.659  1983  1983 I A01b01/HOME: SCBScenePanelViewModel: Not quickAccessMenu
09-28 17:52:23.659  1983  1983 W A01b01/HOME: SCBScenePanelViewModel: [SCBMain]onStartSceneFromOther !isActive call sceneContainerZoomIn
09-28 17:52:23.659  1983  1983 W A01c06/ICON: CompanionIcon: isNeedUpdateIcon name is Empty, return false
09-28 17:52:23.659  1983  1983 W A01c06/ICON: CompanionIcon: isNeedUpdateIcon name is Empty, return false
09-28 17:52:23.660  1983  1983 W A01b00/SCB: SCBSCS: [SCBScenePanelViewModel] sceneAlpha from 1 to 0. reason: sceneContainerZoomIn, extra: com.unity3d.player.UnityPlayerActivity/com.a2hlab.bridge.zigzag/entry/0(persistentId: 35)(containerId: 5)
09-28 17:52:23.660  1983  1983 I A0421d/WMSRotation: [startSceneWithRotationIfNeed] containerSession com.unity3d.player.UnityPlayerActivity/com.a2hlab.bridge.zigzag/entry/0(persistentId: 35)(containerId: 5), needAnimation false isFromRecent false fromUser false isPageRotation false
09-28 17:52:23.660  1983  1983 I A0421d/WMSRotation: [coverSensorRotation] cover sensor rotation.
09-28 17:52:23.660  1983  1983 I A04200/WINDOW: SCBScreenSM: screenRotationLocked value:false
09-28 17:52:23.660  1983  1983 W A0421d/WMSRotation: [getTargetRotation] bundleName:com.a2hlab.bridge.zigzag requestOrientation:0 isScreenLocked:false isPlacedRotateFriendlyDevicePlaced:false fixedRotation: -1
09-28 17:52:23.660  1983  1983 I A04200/WINDOW: SCBSceneOrientationPolicy: SCBDefaultOrientationPolicy: currentScreenRotation: 0, sensorRotation: 0, isScreenLocked: false, fromUser: false, isPlacedRotateFriendlyDevicePlaced: false
09-28 17:52:23.660  1983  1983 W A0421d/WMSRotation: [startSceneWithRotationIfNeed] before rotate with targetRotation=0, sensorRotation=0, currentScreenRotation=0, currentContainerRotation=0, name=com.a2hlab.bridge.zigzag
09-28 17:52:23.660  1983  1983 I A0421d/WMSRotation: [rotateWindowPolicy] rotate with window policy.
09-28 17:52:23.660  1983  1983 I A0421d/WMSRotation: [rotateWindowPolicy] no need to rotate with same targetRotation.
09-28 17:52:23.660  1983  1983 W A04202/WMSMain: add failed. com.unity3d.player.UnityPlayerActivity/com.a2hlab.bridge.zigzag/entry/0(persistentId: 35)(containerId: 5) already existed in array
09-28 17:52:23.660  1983  1983 I A04200/WINDOW: SCBSceneRecentMissionManager: add id 35 to recentMissionIdSet
09-28 17:52:23.661  1983  1983 I A04200/WINDOW: SCBSPM: Remove container id: 5, 35
09-28 17:52:23.661  1983  1983 I A01b09/RECENT: RecentDockRefreshAlarm: refresh recent dock: com.unity3d.player.UnityPlayerActivity/com.a2hlab.bridge.zigzag/entry/0(persistentId: 35)(containerId: 5)
09-28 17:52:23.661  1983  1983 I A01b09/RECENT: RecentDockRefreshAlarm: start alarm recent dock: com.unity3d.player.UnityPlayerActivity/com.a2hlab.bridge.zigzag/entry/0(persistentId: 35)(containerId: 5)
09-28 17:52:23.661  1983  1983 W A01b00/SCB: SCBSCS: Add count 5, 0
09-28 17:52:23.661  1983  1983 I A01b00/SCB: SCBTM: Add count 5, 0
09-28 17:52:23.661  1983  1983 W A01b00/SCB: SCBSCS: getTransitionCount from session 5, 1
09-28 17:52:23.661  1983  1983 W A01b00/SCB: SCBTM: getTransitionCount from animationMap 5, 1
09-28 17:52:23.661  1983  1983 W A01b01/HOME: SCBScenePanelAnimator: sceneContainerZoomIn 
09-28 17:52:23.661  1983  1983 W A01b00/SCB: SCBTM: notifySceneTransitionIn isTransitionInFromOther: true
09-28 17:52:23.661  1983  1983 I A0001b/AA: OutSideWindowManager: globalSearchStatus: 0
09-28 17:52:23.664  1983  1983 E A04200/WINDOW: SCBSSM: image is null.
09-28 17:52:23.664  1983  1983 I A04200/WINDOW: SCBSSM: updateStatusbarColor contentColor: #ffffffff
09-28 17:52:23.664  1983  1983 I A04209/WMSImms: set desktop prop:[5,true,"#00000000","#ffffffff",true,true,null]
09-28 17:52:23.664  1983  1983 I A04209/WMSImms: update force prop:[0,false,"#00000000","#ffffffff",true,true,null],callfrom:RecentTask out
09-28 17:52:23.666  1983  1983 I A01b01/HOME: WallpaperManager --> updateDeskTopWallpaperScale scale = 1.1;
09-28 17:52:23.666  1983  1983 I A0001b/AA: OutSideWindowManager: globalSearchStatus: 0
09-28 17:52:23.667  1983  1983 W A01b01/HOME: SCBDesktop: onDesktopAnimateScaleChanged changeScale to 0.88, due to:onActive
09-28 17:52:23.667  1983  1983 I A01b00/SCB: SCBTM: change currentTransitionController
09-28 17:52:23.667  1983  1983 I A01b00/SCB: SCBTM: cleanTransition ignore
09-28 17:52:23.667  1983  1983 I A04200/WINDOW: SCBSPM: onBlurTransitionActive blurScale:1 source:SCBScenePanel > sceneContainerZoomIn isForegroundBlurActive:false
09-28 17:52:23.667  1983  1983 W A01b09/RECENT: SCBScenePanelSession: setBgBlurScale, blurScale: 0 to 1,caller function name: SCBScenePanel > sceneContainerZoomIn
09-28 17:52:23.667  1983  1983 W A01b00/SCB: SCBSCS: [SCBScenePanelViewModel] sceneAlpha from 0 to 1. reason: sceneContainerZoomIn, extra: com.unity3d.player.UnityPlayerActivity/com.a2hlab.bridge.zigzag/entry/0(persistentId: 35)(containerId: 5)
09-28 17:52:23.667  1983  1983 W A01b00/SCB: SCBSCS: getTransitionCount from session 5, 1
09-28 17:52:23.667  1983  1983 W A01b00/SCB: SCBTM: getTransitionCount from animationMap 5, 1
09-28 17:52:23.667  1983  1983 I A01b01/HOME: SCBScenePanelAnimator: startSceneFromOther animation count: before 1,
09-28 17:52:23.667  1983  1983 I A01b01/HOME:         current 1
09-28 17:52:23.667  1983  1983 W A01b00/SCB: SCBSCS: getTransitionCount from session 5, 1
09-28 17:52:23.667  1983  1983 W A01b00/SCB: SCBTM: getTransitionCount from animationMap 5, 1
09-28 17:52:23.667  1983  1983 W A01b00/SCB: SCBSCS: clearTransitionCount 5, 1
09-28 17:52:23.667  1983  1983 I A01b00/SCB: SCBTM: clearTransitionCount 5, 1
09-28 17:52:23.668  1983  1983 I A01b00/SCB: AnimateToScheduleUtils: raiseAppStartToCPUPriority: 1
09-28 17:52:23.668  1983  1983 I A01b00/SCB: LocalEventManager: sendLocalEvent, send local event with no receiver
09-28 17:52:23.668  1983  1983 I A01b09/RECENT: QuickSwitchRaiseTopAlarm: cancel alarm, reason: start scene from other
09-28 17:52:23.668  1983  1983 I A04200/WINDOW: [SCBMission]SCBSceneMissionManager: startSceneFromOther, to: com.unity3d.player.UnityPlayerActivity/com.a2hlab.bridge.zigzag/entry/0 on screen 0
09-28 17:52:23.668  1983  1983 I A04200/WINDOW: [SCBMission]SCBSceneMissionManager: no need defer start
09-28 17:52:23.668  1983  1983 W A04200/WINDOW: [SCBMission]SCBScenePanelMissionHandler: [Screen:0][Panel:1]getMissionProcessor null, fallback to empty default
09-28 17:52:23.668  1983  1983 W A04200/WINDOW: [SCBMission]SCBScenePanelMissionHandler: [Screen:0][Panel:2]getMissionProcessor null, fallback to empty default
09-28 17:52:23.669  1983  1983 E A01b01/HOME: ResourceManager: getAppName error: {"code":9001001,"message":"GetStringById failed state"}
09-28 17:52:23.670  1983  1983 I A01b01/HOME: ResourceManager: getBundleAppNameFromBms for com.a2hlab.bridge.zigzag resMgrName: com.a2hlab.bridge.zigzag
09-28 17:52:23.670  1983  1983 I A01b01/HOME: ResourceManager: setBundleAppNameCache cacheKey:com.a2hlab.bridge.zigzag, value: com.a2hlab.bridge.zigzag
09-28 17:52:23.670  1983  1983 I A04200/WINDOW: SCBSSM: [SCBMain] get app name: 
09-28 17:52:23.670  1983  1983 I A04200/WINDOW: SCBSSM: [SCBMain]setLabel, label:
09-28 17:52:23.670  1983  1983 I A01b00/SCB: TaskpoolUtil: task sequenceExecute
09-28 17:52:23.670  1983  1983 I A01b00/SCB: TaskpoolUtil: task sequenceExecute finally
09-28 17:52:23.674  1983  1983 I A01b00/SCB: TaskpoolUtil: task sequenceExecute
09-28 17:52:23.674  1983  1983 I A01b00/SCB: TaskpoolUtil: task sequenceExecute finally
09-28 17:52:23.675  1983  1983 I A04200/WINDOW: SCBSSM: onShiftFocus id: 11 -> 35, displayGroupId: 0
09-28 17:52:23.675  1983  1983 I A01b00/SCB: ViewManagerPolicy --> 11 notifyViewLoseFocus
09-28 17:52:23.675  1983  1983 I A01b0a/GESTURE: SCBGestureManager: onLoseFocus
09-28 17:52:23.675  1983  1983 I A01b01/HOME: SCBDesktop: Desktop lose focus, the scenePanelState is 1
09-28 17:52:23.675  1983  1983 I A01a00/SYS_UI: SystemUIView: onDeskTopChange: false
09-28 17:52:23.676  1983  1983 I A01a00/SYS_UI: SystemUIView: onDeskTopChange: false
09-28 17:52:23.676  1983  1983 W A01b01/HOME: ExposureManager --> desktop exposure desktopExposureTimeStart: 579359, lastTime: 3460
09-28 17:52:23.676  1983  1983 W A01b01/HOME: ExposureManager --> desktop exposure displayCount: 1
09-28 17:52:23.676  1983  1983 W A01b01/HOME: ExposureManager --> desktop exposure pageIndexStart: 1, pageIndexEnd: 1, pageCount: 1
09-28 17:52:23.676  1983  1983 I A01b01/HOME: BaseLayoutCacheManager: getAllGridLayoutItemList from exposure, size: 13
09-28 17:52:23.676  1983  1983 W A01b01/HOME: ExposureManager --> desktop exposure save data: {desktopPageIndex:1,exposureTime:20,exposureCount:4,desktopAppInfoList:[{bundleName:com.ohos.clock,coordinate:{column:1,row:2},station:desktop},{bundleName:com.ohos.filemanager,coordinate:{column:0,row:3},station:desktop},{bundleName:com.ohos.calculator,coordinate:{column:1,row:3},station:desktop},{bundleName:com.ohos.note,coordinate:{column:2,row:3},station:desktop},{bundleName:com.ohos.smartperf,coordinate:{column:3,row:3},station:desktop},{bundleName:com.ohos.updateapp,coordinate:{column:0,row:4},station:desktop},{bundleName:ohos.samples.distributedmusicplayer,coordinate:{column:1,row:4},station:desktop},{bundleName:com.ohos.contacts,coordinate:{column:0,row:2},station:desktop},{bundleName:org.westlake.imehost,coordinate:{column:0,row:0},station:desktop},{bundleName:com.example.helloworld,coordinate:{column:1,row:0},station:desktop},{bundleName:com.a2hlab.bridge.zigzag,coordinate:{column:2,row:0},station:desktop},{bundleName:com.ohos.contacts,coordinate:{column:0,row:0},station:dock},{bundleName:com.ohos.mms,coordinate:{column:1,row:0},station:dock},{bundleName:com.ohos.camera,coordinate:{column:2,row:0},station:dock},],desktopFolderInfoList:[],desktopCardInfoList:[],desktopStackInfoList:[]}
09-28 17:52:23.677  1983  1983 I A04200/WINDOW: SCBWindowFocusController: setFocusedSession, displayGroupId: 0, sessionId: 35, displayId: 0, screenId: 0
09-28 17:52:23.677  1983  1983 I A01a00/SYS_UI: AppLifeCycleManager: StateChanged, state is not page com.ohos.sceneboard_phone_sceneboard_com.ohos.sceneboard.MainAbility_1983
09-28 17:52:23.762  1983  1983 I A01b09/RECENT: RecentDockRefreshAlarm: refresh recent dock: com.unity3d.player.UnityPlayerActivity/com.a2hlab.bridge.zigzag/entry/0(persistentId: 35)(containerId: 5)
09-28 17:52:23.768  1983  1983 I A04200/WINDOW: SCBSceneSession: onSessionShowWhenLockedChange, status:false of id:35 ignored.
09-28 17:52:24.658  1983  1983 I A04200/WINDOW: SCBSPM: onBlurTransitionFinish 1 blurComponentTransitionCount:1
09-28 17:52:24.658  1983  1983 W A01b01/HOME: StartAndExitVisualEffectManager: isStartExitWallpaperBlurDisable mIsStartExitBlurDisable: true, startExitMotionLevel: 1 
09-28 17:52:24.658  1983  1983 I A0001b/AA: OutSideWindowManager: globalSearchStatus: 0
09-28 17:52:24.658  1983  1983 I A01b09/RECENT: SCBDesktopCacheManager: setDesktopCacheWithDfx Validate cacheFlag:false reason:startBlurAnimation
09-28 17:52:24.667  1983  1983 I A01b09/RECENT: SCBDesktopCacheManager: FreezeTrack setWallPaperScale old:1, new:1.1, reason:onActive
09-28 17:52:25.250  1983  1983 I A01a00/SYS_UI: AppLifeCycleManager: Ability state changed, uid: 20010055, key: com.a2hlab.bridge.zigzag_entry_com.unity3d.player.UnityPlayerActivity_14198, isForeground: true, state 2
09-28 17:52:25.250  1983  1983 I A01a00/SYS_UI: AppLifeCycleManager: Ability state change: new foregroundAbilities: 20010055: com.a2hlab.bridge.zigzag_entry_com.unity3d.player.UnityPlayerActivity_12005,com.a2hlab.bridge.zigzag_entry_com.unity3d.player.UnityPlayerActivity_14198
09-28 17:52:25.308  1983  1983 I A04200/WINDOW: SCBSceneSession: onCreateSpecificSession, callbacks: valid
09-28 17:52:25.308  1983  1983 I A04200/WINDOW: SCBSpecificSession: constructor, id: 36, type: 2, parentId: 35, type: object
09-28 17:52:25.310  1983  1983 I A04200/WINDOW: SCBScene: [SCBSub] create subSession success, + id: 36parentId: 35
09-28 17:52:25.311  1983  1983 I A04208/WMSLayout: rectChangeCallback is undefined, id: 36, reason: 0, rect: [0, 0, 1200, 1920], currRect: [0, 0, 1200, 1920]
09-28 17:52:25.311  1983  1983 I A04200/WINDOW: SCBSpecificSession: id:36 updateSizeChangeReason:0
09-28 17:52:25.312  1983  1983 I A04200/WINDOW: SCBScene: [SCBSub] onSubSessionZLevelChange, index: 0, Id: 36
09-28 17:52:25.312  1983  1983 I A04200/WINDOW: SCBScene: [SCBSub] onSubSessionZLevelChange, index: 0, length: 1
09-28 17:52:25.313  1983  1983 I A04208/WMSLayout: followParentWindowLayout is null
09-28 17:52:25.313  1983  1983 I A04200/WINDOW: SCBSpecificSession: persistentId: 36 follow screen change : false!
09-28 17:52:25.315  1983  1983 I A04200/WINDOW: SCBSpecificScene: aboutToAppear, id: 36, currRect: [0, 0, 1200, 1920]
09-28 17:52:25.315  1983  1983 I A04200/WINDOW: SCBSpecificSession: registerSessionRectChangeCallback screenId:0
09-28 17:52:25.315  1983  1983 I A04200/WINDOW: SCBSpecificSession: registerSessionTouchableChangeCallback
09-28 17:52:25.315  1983  1983 I A04200/WINDOW: SCBSpecificSession: registerCreateSubSessionCallback
09-28 17:52:25.315  1983  1983 I A04200/WINDOW: SCBSpecificSession: registerSetWindowCornerRadiusCallback
09-28 17:52:25.315  1983  1983 I A04208/WMSLayout: register follow rect callback, screenId: undefined}
09-28 17:52:25.315  1983  1983 I A04200/WINDOW: SCBSpecificScene: onFollowParentWindowLayout, isFollow: false
09-28 17:52:25.315  1983  1983 I A04200/WINDOW: SCBSpecificSession: registerSetWindowShadowsCallback
09-28 17:52:25.315  1983  1983 I A04200/WINDOW: SCBSpecificSession: registerMaximizeRectChangeCallback persistentId: 36
09-28 17:52:25.316  1983  1983 I A04200/WINDOW: SCBSpecificScene: enable show is false, id: 36, type: 2
09-28 17:52:25.317  1983  1983 I A04200/WINDOW: SCBSpecificSession: onSessionStateChange, id: 36, state: 1
09-28 17:52:25.317  1983  1983 I A04200/WINDOW: SCBScene: [SCBSub] state change, persistentId: 36, state: 1, isActive: false, length: 1
09-28 17:52:25.318  1983  1983 I A04200/WINDOW: SCBSpecificSession: setSubWindowSource, source: 0
09-28 17:52:25.340  1983  1983 I A04200/WINDOW: SCBSpecificSession: onSessionStateChange, id: 36, state: 2
09-28 17:52:25.341  1983  1983 I A04200/WINDOW: SCBScene: [SCBSub] update subwindow zorder. persistentId: 36
09-28 17:52:25.341  1983  1983 I A04200/WINDOW: SCBScene: [SCBSub] state change, persistentId: 36, state: 2, isActive: true, length: 1
09-28 17:52:25.341  1983  1983 I A04200/WINDOW: SCBSpecificSession: onSessionStateChange, id: 36, state: 3
09-28 17:52:25.341  1983  1983 I A04200/WINDOW: SCBSpecificSession: Skip state change, SessionState: 3
09-28 17:52:25.341  1983  1983 I A04208/WMSLayout: rectChangeCallback exists, id: 36, reason: 0, rect: [0, 0, 1200, 1920], displayId:-1
09-28 17:52:25.341  1983  1983 I A04200/WINDOW: SCBSpecificScene: onSessionRectChange start, id: 36 reason: 0, rect: [0, 0, 1200, 1920], currRect: [0, 0, 1200, 1920]
09-28 17:52:25.341  1983  1983 I A04200/WINDOW: SCBSpecificScene: session rect not change
09-28 17:52:25.341  1983  1983 I A04200/WINDOW: SCBSpecificSession: id:36 updateSizeChangeReason:0
09-28 17:52:25.347  1983  1983 I A04200/WINDOW: SCBSpecificScene: enable show is true, is in active state, id: 36, type: 2
09-28 17:52:25.348  1983  1983 I A04200/WINDOW: WindowAnimationUtils: getSubWindowTransitionEffect start
09-28 17:52:26.628  1983  1983 I A01b01/HOME: PageDesktopViewModel --> index: 1, pageList: 1, is outer: false
09-28 17:52:26.628  1983  1983 W A01b01/HOME: PageDesktopViewModel --> no cards in layout!
09-28 17:52:26.628  1983  1983 W A01b01/HOME: FormModel: get all forms from layout
09-28 17:52:26.628  1983  1983 W A01b01/HOME: PageDesktopViewModel --> cards num not reach limit, no need to recycle
09-28 17:52:31.258  1983  1983 I A01a00/SYS_UI: SignalComponent-StatusBarNetspeed: do not refresh!
09-28 17:52:34.253  1983  1983 I A01a00/SYS_UI: SignalComponent-StatusBarNetspeed: do not refresh!
09-28 17:52:51.390   822  1089 E C01406/skia: RSBaseRenderUtil::DealWithSurfaceRotationAndGravity, GetSurfaceBufferOpaque:0
09-28 17:52:51.390   822  1089 I C01406/WRAP: AHardwareBuffer_createFromHandle index = <private> handle = <private>, ahb = <private>
09-28 17:52:51.390   822  1089 E C01406/skia: SurfaceNodeDrawable DrawCommSurfaceWatermark Name:AdapterSurfaceView Id:60979945668612 water mark count is zero
09-28 17:52:51.390   822  1089 E C01406/skia: SurfaceNodeDrawable DrawCommSurfaceWatermark Name:com.a2hlab.bridge.zigzag/com.unity3d.player.UnityPlayerActivity Id:60979945668609 water mark count is zero
09-28 17:52:51.390   822  1089 E C01406/skia: SurfaceNodeDrawable DrawCommSurfaceWatermark Name:WindowScene_zigzag35 Id:8516920148845 water mark count is zero
09-28 17:52:51.391   822  1089 E C01406/skia: SurfaceNodeDrawable DrawCommSurfaceWatermark Name:SCBGestureNavBar13 Id:8516920148115 water mark count is zero
09-28 17:52:51.391   822  1089 E C01406/skia: SurfaceNodeDrawable DrawCommSurfaceWatermark Name:SCBStatusBar15 Id:8516920148195 water mark count is zero
09-28 17:52:51.393   822  1089 E C02515/DISP: [0;32;31m[GetMetadata:109] <private> is not supported[m
09-28 17:52:51.393   822  1089 E C02515/DISP: [0;32;31m[SetMetadata:102] <private> is not supported[m
09-28 17:52:51.393   822  1089 E C02515/METADATA_SRV: [0;32;31m[SetMetadata:136]  fail[m
09-28 17:52:51.393   822  1089 E C01401/Bufferqueue: <surface_buffer_impl.cpp:714-SetMetadata>: SetMetadata Failed with -5
09-28 17:52:51.393   822  1089 E C01406/skia: RSUniRenderComposerAdapter::SetBufferColorSpace set color space fail
09-28 17:52:51.401 14198 14423 I C00f00/OH_DER_VSync: onOhVsync ENTRY ts=<private> data=<private>
09-28 17:52:51.401 14198 14422 I C00f00/OH_DER_VSync: scheduleVsync ENTRY receiverPtr=0x<private>
09-28 17:52:51.401 14198 14422 I C00f00/OH_DER_VSync: scheduleVsync calling RequestFrame ohVsync=<private>
09-28 17:52:51.402 14198 14422 I C00f00/OH_DER_VSync: scheduleVsync RequestFrame rc=<private>
09-28 17:52:51.403   822  1208 E C02515/DISP: [0;32;31m[SetMetadata:102] <private> is not supported[m
09-28 17:52:51.403   822  1208 E C02515/METADATA_SRV: [0;32;31m[SetMetadata:136]  fail[m
09-28 17:52:51.403   822  1208 E C01401/Bufferqueue: <surface_buffer_impl.cpp:714-SetMetadata>: SetMetadata Failed with -5
09-28 17:52:51.403   798  1062 E C02515/DISP: [0;32;31m[SetLayerMaskInfo@display_composer_vdi_impl.cpp:404] <private> is not supported[m
09-28 17:52:51.404   822  1240 E C02515/DISP: [0;32;31m[SetMetadata:102] <private> is not supported[m
09-28 17:52:51.404   822  1240 E C02515/METADATA_SRV: [0;32;31m[SetMetadata:136]  fail[m
09-28 17:52:51.404   822  1240 E C01401/Bufferqueue: <surface_buffer_impl.cpp:714-SetMetadata>: SetMetadata Failed with -5
09-28 17:52:51.404   798  1062 E C02515/DISP: [0;32;31m[SetDisplayClientDamage@display_composer_vdi_impl.cpp:179] <private> is not supported[m
09-28 17:52:51.418 14198 14423 I C00f00/OH_DER_VSync: onOhVsync ENTRY ts=<private> data=<private>
09-28 17:52:51.418   822   822 E C02515/DISP: [0;32;31m[GetMetadata:109] <private> is not supported[m
09-28 17:52:51.418   822   822 E C02515/DISP: [0;32;31m[GetMetadata:109] <private> is not supported[m
09-28 17:52:51.418   822   822 E C02515/DISP: [0;32;31m[GetMetadata:109] <private> is not supported[m
09-28 17:52:51.418 14198 14422 I C00f00/OH_DER_VSync: scheduleVsync ENTRY receiverPtr=0x<private>
09-28 17:52:51.418 14198 14422 I C00f00/OH_DER_VSync: scheduleVsync calling RequestFrame ohVsync=<private>
09-28 17:52:51.418 14198 14422 I C00f00/OH_DER_VSync: scheduleVsync RequestFrame rc=<private>
09-28 17:52:51.419   822   822 E C01406/skia: RSBaseRenderUtil::DealWithSurfaceRotationAndGravity, GetSurfaceBufferOpaque:0
09-28 17:52:51.419   822   822 E C02515/DISP: [0;32;31m[GetMetadata:109] <private> is not supported[m
09-28 17:52:51.419   822   822 E C01406/skia: RSBaseRenderUtil::DealWithSurfaceRotationAndGravity, GetSurfaceBufferOpaque:0
09-28 17:52:51.419   822   822 E C02515/DISP: [0;32;31m[GetMetadata:109] <private> is not supported[m
09-28 17:52:51.420   822  1089 E C02515/DISP: [0;32;31m[SetMetadata:102] <private> is not supported[m
09-28 17:52:51.420   822  1089 E C02515/METADATA_SRV: [0;32;31m[SetMetadata:136]  fail[m
09-28 17:52:51.420   822  1089 E C01401/Bufferqueue: <surface_buffer_impl.cpp:714-SetMetadata>: SetMetadata Failed with -5
09-28 17:52:51.420   822  1089 E C01406/skia: SurfaceNodeDrawable DrawCommSurfaceWatermark Name:SCBWallpaper5 Id:8516920147979 water mark count is zero
09-28 17:52:51.421   822  1089 E C01406/skia: SurfaceNodeDrawable DrawCommSurfaceWatermark Name:SCBDesktop6 Id:8516920147988 water mark count is zero
09-28 17:52:51.422   822  1089 E C01406/skia: RSBaseRenderUtil::DealWithSurfaceRotationAndGravity, GetSurfaceBufferOpaque:0
09-28 17:52:51.422   822  1089 I C01406/WRAP: AHardwareBuffer_createFromHandle index = <private> handle = <private>, ahb = <private>
09-28 17:52:51.422   822  1089 E C01406/skia: SurfaceNodeDrawable DrawCommSurfaceWatermark Name:AdapterActivityContent Id:60979945668611 water mark count is zero
09-28 17:52:51.422   822  1089 E C01406/skia: RSBaseRenderUtil::DealWithSurfaceRotationAndGravity, GetSurfaceBufferOpaque:0
09-28 17:52:51.422   822  1089 I C01406/WRAP: AHardwareBuffer_createFromHandle index = <private> handle = <private>, ahb = <private>
09-28 17:52:51.422   822  1089 E C01406/skia: SurfaceNodeDrawable DrawCommSurfaceWatermark Name:AdapterSurfaceView Id:60979945668612 water mark count is zero
09-28 17:52:51.422   822  1089 E C01406/skia: SurfaceNodeDrawable DrawCommSurfaceWatermark Name:com.a2hlab.bridge.zigzag/com.unity3d.player.UnityPlayerActivity Id:60979945668609 water mark count is zero
09-28 17:52:51.422   822  1089 E C01406/skia: SurfaceNodeDrawable DrawCommSurfaceWatermark Name:WindowScene_zigzag35 Id:8516920148845 water mark count is zero
09-28 17:52:51.423   822  1089 E C01406/skia: SurfaceNodeDrawable DrawCommSurfaceWatermark Name:SCBGestureNavBar13 Id:8516920148115 water mark count is zero
09-28 17:52:51.423   822  1089 E C01406/skia: SurfaceNodeDrawable DrawCommSurfaceWatermark Name:SCBStatusBar15 Id:8516920148195 water mark count is zero
09-28 17:52:51.425   822  1089 E C02515/DISP: [0;32;31m[GetMetadata:109] <private> is not supported[m
09-28 17:52:51.425   822  1089 E C02515/DISP: [0;32;31m[SetMetadata:102] <private> is not supported[m
09-28 17:52:51.425   822  1089 E C02515/METADATA_SRV: [0;32;31m[SetMetadata:136]  fail[m
09-28 17:52:51.425   822  1089 E C01401/Bufferqueue: <surface_buffer_impl.cpp:714-SetMetadata>: SetMetadata Failed with -5
09-28 17:52:51.425   822  1089 E C01406/skia: RSUniRenderComposerAdapter::SetBufferColorSpace set color space fail
09-28 17:52:51.435 14198 14423 I C00f00/OH_DER_VSync: onOhVsync ENTRY ts=<private> data=<private>
09-28 17:52:51.435 14198 14422 I C00f00/OH_DER_VSync: scheduleVsync ENTRY receiverPtr=0x<private>
09-28 17:52:51.435 14198 14422 I C00f00/OH_DER_VSync: scheduleVsync calling RequestFrame ohVsync=<private>
09-28 17:52:51.435 14198 14422 I C00f00/OH_DER_VSync: scheduleVsync RequestFrame rc=<private>
09-28 17:52:51.436   822  1208 E C02515/DISP: [0;32;31m[SetMetadata:102] <private> is not supported[m
09-28 17:52:51.437   822  1208 E C02515/METADATA_SRV: [0;32;31m[SetMetadata:136]  fail[m
09-28 17:52:51.437   822  1208 E C01401/Bufferqueue: <surface_buffer_impl.cpp:714-SetMetadata>: SetMetadata Failed with -5
09-28 17:52:51.438   798  1062 E C02515/DISP: [0;32;31m[SetLayerMaskInfo@display_composer_vdi_impl.cpp:404] <private> is not supported[m
09-28 17:52:51.438   822  1240 E C02515/DISP: [0;32;31m[SetMetadata:102] <private> is not supported[m
09-28 17:52:51.438   822  1240 E C02515/METADATA_SRV: [0;32;31m[SetMetadata:136]  fail[m
09-28 17:52:51.438   822  1240 E C01401/Bufferqueue: <surface_buffer_impl.cpp:714-SetMetadata>: SetMetadata Failed with -5
09-28 17:52:51.439   798  1062 E C02515/DISP: [0;32;31m[SetDisplayClientDamage@display_composer_vdi_impl.cpp:179] <private> is not supported[m
09-28 17:52:51.451 14198 14423 I C00f00/OH_DER_VSync: onOhVsync ENTRY ts=<private> data=<private>
09-28 17:52:51.451 14198 14422 I C00f00/OH_DER_VSync: scheduleVsync ENTRY receiverPtr=0x<private>
09-28 17:52:51.451 14198 14422 I C00f00/OH_DER_VSync: scheduleVsync calling RequestFrame ohVsync=<private>
09-28 17:52:51.451   822   822 E C02515/DISP: [0;32;31m[GetMetadata:109] <private> is not supported[m
09-28 17:52:51.452 14198 14422 I C00f00/OH_DER_VSync: scheduleVsync RequestFrame rc=<private>
09-28 17:52:51.452   822   822 E C02515/DISP: [0;32;31m[GetMetadata:109] <private> is not supported[m
09-28 17:52:51.452   822   822 E C02515/DISP: [0;32;31m[GetMetadata:109] <private> is not supported[m
09-28 17:52:51.453   822   822 E C01406/skia: RSBaseRenderUtil::DealWithSurfaceRotationAndGravity, GetSurfaceBufferOpaque:0
09-28 17:52:51.453   822   822 E C02515/DISP: [0;32;31m[GetMetadata:109] <private> is not supported[m
09-28 17:52:51.453   822   822 E C01406/skia: RSBaseRenderUtil::DealWithSurfaceRotationAndGravity, GetSurfaceBufferOpaque:0
09-28 17:52:51.453   822   822 E C02515/DISP: [0;32;31m[GetMetadata:109] <private> is not supported[m
09-28 17:52:51.455   822  1089 E C02515/DISP: [0;32;31m[SetMetadata:102] <private> is not supported[m
09-28 17:52:51.455   822  1089 E C02515/METADATA_SRV: [0;32;31m[SetMetadata:136]  fail[m
09-28 17:52:51.455   822  1089 E C01401/Bufferqueue: <surface_buffer_impl.cpp:714-SetMetadata>: SetMetadata Failed with -5
09-28 17:52:51.455   822  1089 E C01406/skia: SurfaceNodeDrawable DrawCommSurfaceWatermark Name:SCBWallpaper5 Id:8516920147979 water mark count is zero
09-28 17:52:51.456   822  1089 E C01406/skia: SurfaceNodeDrawable DrawCommSurfaceWatermark Name:SCBDesktop6 Id:8516920147988 water mark count is zero
09-28 17:52:51.456   822  1089 E C01406/skia: RSBaseRenderUtil::DealWithSurfaceRotationAndGravity, GetSurfaceBufferOpaque:0
09-28 17:52:51.457   822  1089 I C01406/WRAP: AHardwareBuffer_createFromHandle index = <private> handle = <private>, ahb = <private>
09-28 17:52:51.457   822  1089 E C01406/skia: SurfaceNodeDrawable DrawCommSurfaceWatermark Name:AdapterActivityContent Id:60979945668611 water mark count is zero
09-28 17:52:51.457   822  1089 E C01406/skia: RSBaseRenderUtil::DealWithSurfaceRotationAndGravity, GetSurfaceBufferOpaque:0
09-28 17:52:51.457   822  1089 I C01406/WRAP: AHardwareBuffer_createFromHandle index = <private> handle = <private>, ahb = <private>
09-28 17:52:51.457   822  1089 E C01406/skia: SurfaceNodeDrawable DrawCommSurfaceWatermark Name:AdapterSurfaceView Id:60979945668612 water mark count is zero
09-28 17:52:51.457   822  1089 E C01406/skia: SurfaceNodeDrawable DrawCommSurfaceWatermark Name:com.a2hlab.bridge.zigzag/com.unity3d.player.UnityPlayerActivity Id:60979945668609 water mark count is zero
09-28 17:52:51.457   822  1089 E C01406/skia: SurfaceNodeDrawable DrawCommSurfaceWatermark Name:WindowScene_zigzag35 Id:8516920148845 water mark count is zero
09-28 17:52:51.457   822  1089 E C01406/skia: SurfaceNodeDrawable DrawCommSurfaceWatermark Name:SCBGestureNavBar13 Id:8516920148115 water mark count is zero
09-28 17:52:51.458   822  1089 E C01406/skia: SurfaceNodeDrawable DrawCommSurfaceWatermark Name:SCBStatusBar15 Id:8516920148195 water mark count is zero
09-28 17:52:51.460   822  1089 E C02515/DISP: [0;32;31m[GetMetadata:109] <private> is not supported[m
09-28 17:52:51.460   822  1089 E C02515/DISP: [0;32;31m[SetMetadata:102] <private> is not supported[m
09-28 17:52:51.460   822  1089 E C02515/METADATA_SRV: [0;32;31m[SetMetadata:136]  fail[m
09-28 17:52:51.460   822  1089 E C01401/Bufferqueue: <surface_buffer_impl.cpp:714-SetMetadata>: SetMetadata Failed with -5
09-28 17:52:51.460   822  1089 E C01406/skia: RSUniRenderComposerAdapter::SetBufferColorSpace set color space fail
09-28 17:52:51.467   850   982 I C02d13/HDC_LOG: [daemon.cpp:1142] FetchCommand channelId:2480611089 command:1001
09-28 17:52:51.467   850   982 I C02d13/HDC_LOG: [session.cpp:1652] New HTaskInfo cid:2480611089 sid:246******508(L:10) command:1001
09-28 17:52:51.467   850   982 I C02d13/HDC_LOG: [session.cpp:891] AdminTask add task type:0 cid:2480611089 sid:246******508(L:10) mapsize:2
09-28 17:52:51.467   850   982 I C02d13/HDC_LOG: [task.cpp:34] HdcTaskBase type:0 cid:2480611089 sid:246******508(L:10)
09-28 17:52:51.467   850   982 I C02d13/HDC_LOG: [daemon_unity.cpp:414] Unity CommandDispatch command:1001 cid:2480611089 sid:246******508(L:10)
09-28 17:52:51.467   850   982 W C02d13/HDC_LOG: [async_cmd.cpp:114] GetDevItem false key:persist.hdc.root
09-28 17:52:51.468   850 14911 I C02d13/HDC_LOG: [async_cmd.cpp:225] Popen pipe fds[pipeRead]:32 fds[pipeWrite]:36, mode 0
09-28 17:52:51.468 14198 14423 I C00f00/OH_DER_VSync: onOhVsync ENTRY ts=<private> data=<private>
09-28 17:52:51.468 14198 14422 I C00f00/OH_DER_VSync: scheduleVsync ENTRY receiverPtr=0x<private>
09-28 17:52:51.468 14198 14422 I C00f00/OH_DER_VSync: scheduleVsync calling RequestFrame ohVsync=<private>
09-28 17:52:51.468 14198 14422 I C00f00/OH_DER_VSync: scheduleVsync RequestFrame rc=<private>
09-28 17:52:51.470   850   982 I C02d13/HDC_LOG: [async_cmd.cpp:291] ExecuteCommand cmd:param get const.product.os.dist.apiname fd:32 pid:14912
09-28 17:52:51.470   850   982 I C02d13/HDC_LOG: [daemon_unity.cpp:486] Unity CommandDispatch command:1001 finish cid:2480611089 sid:246******508(L:10)
09-28 17:52:51.470   822  1208 E C02515/DISP: [0;32;31m[SetMetadata:102] <private> is not supported[m
09-28 17:52:51.470   822  1208 E C02515/METADATA_SRV: [0;32;31m[SetMetadata:136]  fail[m
09-28 17:52:51.470   822  1208 E C01401/Bufferqueue: <surface_buffer_impl.cpp:714-SetMetadata>: SetMetadata Failed with -5
09-28 17:52:51.470   798  1062 E C02515/DISP: [0;32;31m[SetLayerMaskInfo@display_composer_vdi_impl.cpp:404] <private> is not supported[m
09-28 17:52:51.471   822  1240 E C02515/DISP: [0;32;31m[SetMetadata:102] <private> is not supported[m
09-28 17:52:51.471   822  1240 E C02515/METADATA_SRV: [0;32;31m[SetMetadata:136]  fail[m
09-28 17:52:51.471   822  1240 E C01401/Bufferqueue: <surface_buffer_impl.cpp:714-SetMetadata>: SetMetadata Failed with -5
09-28 17:52:51.472   798  1062 E C02515/DISP: [0;32;31m[SetDisplayClientDamage@display_composer_vdi_impl.cpp:179] <private> is not supported[m
09-28 17:52:51.473 14912 14912 W C02d13/HDC_LOG: [async_cmd.cpp:140] SetSelinuxLabel con:u:r:su:s0 isRoot:0
09-28 17:52:51.485 14198 14423 I C00f00/OH_DER_VSync: onOhVsync ENTRY ts=<private> data=<private>
09-28 17:52:51.485   822   822 E C02515/DISP: [0;32;31m[GetMetadata:109] <private> is not supported[m
09-28 17:52:51.485 14198 14422 I C00f00/OH_DER_VSync: scheduleVsync ENTRY receiverPtr=0x<private>
09-28 17:52:51.485 14198 14422 I C00f00/OH_DER_VSync: scheduleVsync calling RequestFrame ohVsync=<private>
09-28 17:52:51.485   822   822 E C02515/DISP: [0;32;31m[GetMetadata:109] <private> is not supported[m
09-28 17:52:51.485   822   822 E C02515/DISP: [0;32;31m[GetMetadata:109] <private> is not supported[m
09-28 17:52:51.485 14198 14422 I C00f00/OH_DER_VSync: scheduleVsync RequestFrame rc=<private>
09-28 17:52:51.486   822   822 E C01406/skia: RSBaseRenderUtil::DealWithSurfaceRotationAndGravity, GetSurfaceBufferOpaque:0
09-28 17:52:51.486   822   822 E C02515/DISP: [0;32;31m[GetMetadata:109] <private> is not supported[m
09-28 17:52:51.486   822   822 E C01406/skia: RSBaseRenderUtil::DealWithSurfaceRotationAndGravity, GetSurfaceBufferOpaque:0
09-28 17:52:51.486   822   822 E C02515/DISP: [0;32;31m[GetMetadata:109] <private> is not supported[m
09-28 17:52:51.488   822  1089 E C02515/DISP: [0;32;31m[SetMetadata:102] <private> is not supported[m
09-28 17:52:51.488   822  1089 E C02515/METADATA_SRV: [0;32;31m[SetMetadata:136]  fail[m
09-28 17:52:51.488   822  1089 E C01401/Bufferqueue: <surface_buffer_impl.cpp:714-SetMetadata>: SetMetadata Failed with -5
09-28 17:52:51.489   822  1089 E C01406/skia: SurfaceNodeDrawable DrawCommSurfaceWatermark Name:SCBWallpaper5 Id:8516920147979 water mark count is zero
09-28 17:52:51.492   822  1089 E C01406/skia: SurfaceNodeDrawable DrawCommSurfaceWatermark Name:SCBDesktop6 Id:8516920147988 water mark count is zero
09-28 17:52:51.493   822  1089 E C01406/skia: RSBaseRenderUtil::DealWithSurfaceRotationAndGravity, GetSurfaceBufferOpaque:0
09-28 17:52:51.493   822  1089 I C01406/WRAP: AHardwareBuffer_createFromHandle index = <private> handle = <private>, ahb = <private>
09-28 17:52:51.494   822  1089 E C01406/skia: SurfaceNodeDrawable DrawCommSurfaceWatermark Name:AdapterActivityContent Id:60979945668611 water mark count is zero
09-28 17:52:51.494   822  1089 E C01406/skia: RSBaseRenderUtil::DealWithSurfaceRotationAndGravity, GetSurfaceBufferOpaque:0
09-28 17:52:51.494   822  1089 I C01406/WRAP: AHardwareBuffer_createFromHandle index = <private> handle = <private>, ahb = <private>
09-28 17:52:51.494   822  1089 E C01406/skia: SurfaceNodeDrawable DrawCommSurfaceWatermark Name:AdapterSurfaceView Id:60979945668612 water mark count is zero
09-28 17:52:51.494   822  1089 E C01406/skia: SurfaceNodeDrawable DrawCommSurfaceWatermark Name:com.a2hlab.bridge.zigzag/com.unity3d.player.UnityPlayerActivity Id:60979945668609 water mark count is zero
09-28 17:52:51.494   822  1089 E C01406/skia: SurfaceNodeDrawable DrawCommSurfaceWatermark Name:WindowScene_zigzag35 Id:8516920148845 water mark count is zero
09-28 17:52:51.495   822  1089 E C01406/skia: SurfaceNodeDrawable DrawCommSurfaceWatermark Name:SCBGestureNavBar13 Id:8516920148115 water mark count is zero
09-28 17:52:51.495   822  1089 E C01406/skia: SurfaceNodeDrawable DrawCommSurfaceWatermark Name:SCBStatusBar15 Id:8516920148195 water mark count is zero
09-28 17:52:51.499   822  1089 E C02515/DISP: [0;32;31m[GetMetadata:109] <private> is not supported[m
09-28 17:52:51.499   822  1089 E C02515/DISP: [0;32;31m[SetMetadata:102] <private> is not supported[m
09-28 17:52:51.499   822  1089 E C02515/METADATA_SRV: [0;32;31m[SetMetadata:136]  fail[m
09-28 17:52:51.499   822  1089 E C01401/Bufferqueue: <surface_buffer_impl.cpp:714-SetMetadata>: SetMetadata Failed with -5
09-28 17:52:51.499   822  1089 E C01406/skia: RSUniRenderComposerAdapter::SetBufferColorSpace set color space fail
09-28 17:52:51.501 14198 14423 I C00f00/OH_DER_VSync: onOhVsync ENTRY ts=<private> data=<private>
09-28 17:52:51.502 14198 14422 I C00f00/OH_DER_VSync: scheduleVsync ENTRY receiverPtr=0x<private>
09-28 17:52:51.502 14198 14422 I C00f00/OH_DER_VSync: scheduleVsync calling RequestFrame ohVsync=<private>
09-28 17:52:51.502 14198 14422 I C00f00/OH_DER_VSync: scheduleVsync RequestFrame rc=<private>
09-28 17:52:51.504   798  1062 E C02515/DISP: [0;32;31m[SetLayerMaskInfo@display_composer_vdi_impl.cpp:404] <private> is not supported[m
09-28 17:52:51.504   850 14913 I C02d13/HDC_LOG: [async_cmd.cpp:88] FinishShellProc finish pipeRead fd:32 pid:14912 count:1
09-28 17:52:51.504   822  1208 E C02515/DISP: [0;32;31m[SetMetadata:102] <private> is not supported[m
09-28 17:52:51.504   850 14913 I C02d13/HDC_LOG: [task.cpp:55] HdcTaskBase::TaskFinish notify begin type:0 cid:2480611089 sid:246******508(L:10)
09-28 17:52:51.504   822  1208 E C02515/METADATA_SRV: [0;32;31m[SetMetadata:136]  fail[m
09-28 17:52:51.504   822  1208 E C01401/Bufferqueue: <surface_buffer_impl.cpp:714-SetMetadata>: SetMetadata Failed with -5
09-28 17:52:51.504   822  1240 E C02515/DISP: [0;32;31m[SetMetadata:102] <private> is not supported[m
09-28 17:52:51.504   822  1240 E C02515/METADATA_SRV: [0;32;31m[SetMetadata:136]  fail[m
09-28 17:52:51.504   822  1240 E C01401/Bufferqueue: <surface_buffer_impl.cpp:714-SetMetadata>: SetMetadata Failed with -5
09-28 17:52:51.504   850 14913 I C02d13/HDC_LOG: [task.cpp:58] HdcTaskBase::TaskFinish notify end type:0 cid:2480611089 sid:246******508(L:10)
09-28 17:52:51.505   798  1062 E C02515/DISP: [0;32;31m[SetDisplayClientDamage@display_composer_vdi_impl.cpp:179] <private> is not supported[m
09-28 17:52:51.506   850   982 I C02d13/HDC_LOG: [daemon.cpp:1142] FetchCommand channelId:2480611089 command:2
09-28 17:52:51.506   850   982 W C02d13/HDC_LOG: [session.cpp:160] BeginRemoveTask taskType:0 channelId:2480611089
09-28 17:52:51.506   850   982 W C02d13/HDC_LOG: [session.cpp:190] ClearOwnTasks OP_CLEAR finish, sessionId:246******508(L:10) channelIDInput:2480611089
09-28 17:52:51.506   850   982 W C02d13/HDC_LOG: [session.cpp:115] taskClassDeleteRetry start clear task, taskType:0 cid:2480611089 sid:246******508(L:10)
09-28 17:52:51.506   850   982 I C02d13/HDC_LOG: [async_cmd.cpp:69] DoRelease rc:-3 pid:14912
09-28 17:52:51.506   850   982 I C02d13/HDC_LOG: [session.cpp:126] TaskDelay task remove retry count 0/30, taskType:0 channelId:2480611089, sessionId:246******508(L:10)
09-28 17:52:51.506   850   982 I C02d13/HDC_LOG: [daemon_unity.cpp:31] ~HdcDaemonUnity cid:2480611089 sid:246******508(L:10)
09-28 17:52:51.506   850   982 I C02d13/HDC_LOG: [task.cpp:40] ~HdcTaskBase type:0 cid:2480611089 sid:246******508(L:10)
09-28 17:52:51.506   850   982 W C02d13/HDC_LOG: [session.cpp:134] TaskDelay task remove finish, channelId:2480611089
09-28 17:52:51.506   850   982 I C02d13/HDC_LOG: [base.cpp:969] before uv handle close, the uv handle type is 13
09-28 17:52:51.511   850   982 I C02d13/HDC_LOG: [daemon.cpp:1142] FetchCommand channelId:2480611089 command:2
09-28 17:52:51.518   822   822 E C02515/DISP: [0;32;31m[GetMetadata:109] <private> is not supported[m
09-28 17:52:51.518 14198 14423 I C00f00/OH_DER_VSync: onOhVsync ENTRY ts=<private> data=<private>
09-28 17:52:51.518   822   822 E C02515/DISP: [0;32;31m[GetMetadata:109] <private> is not supported[m
09-28 17:52:51.518   822   822 E C02515/DISP: [0;32;31m[GetMetadata:109] <private> is not supported[m
09-28 17:52:51.518 14198 14422 I C00f00/OH_DER_VSync: scheduleVsync ENTRY receiverPtr=0x<private>
09-28 17:52:51.518 14198 14422 I C00f00/OH_DER_VSync: scheduleVsync calling RequestFrame ohVsync=<private>
09-28 17:52:51.518 14198 14422 I C00f00/OH_DER_VSync: scheduleVsync RequestFrame rc=<private>
09-28 17:52:51.519   822   822 E C01406/skia: RSBaseRenderUtil::DealWithSurfaceRotationAndGravity, GetSurfaceBufferOpaque:0
09-28 17:52:51.519   822   822 E C02515/DISP: [0;32;31m[GetMetadata:109] <private> is not supported[m
09-28 17:52:51.519   822   822 E C01406/skia: RSBaseRenderUtil::DealWithSurfaceRotationAndGravity, GetSurfaceBufferOpaque:0
09-28 17:52:51.519   822   822 E C02515/DISP: [0;32;31m[GetMetadata:109] <private> is not supported[m
09-28 17:52:51.520   822  1089 E C02515/DISP: [0;32;31m[SetMetadata:102] <private> is not supported[m
09-28 17:52:51.520   822  1089 E C02515/METADATA_SRV: [0;32;31m[SetMetadata:136]  fail[m
09-28 17:52:51.520   822  1089 E C01401/Bufferqueue: <surface_buffer_impl.cpp:714-SetMetadata>: SetMetadata Failed with -5
09-28 17:52:51.520   822  1089 E C01406/skia: SurfaceNodeDrawable DrawCommSurfaceWatermark Name:SCBWallpaper5 Id:8516920147979 water mark count is zero
09-28 17:52:51.525   822  1089 E C01406/skia: SurfaceNodeDrawable DrawCommSurfaceWatermark Name:SCBDesktop6 Id:8516920147988 water mark count is zero
09-28 17:52:51.525   822  1089 E C01406/skia: RSBaseRenderUtil::DealWithSurfaceRotationAndGravity, GetSurfaceBufferOpaque:0
09-28 17:52:51.525   822  1089 I C01406/WRAP: AHardwareBuffer_createFromHandle index = <private> handle = <private>, ahb = <private>
09-28 17:52:51.526   822  1089 E C01406/skia: SurfaceNodeDrawable DrawCommSurfaceWatermark Name:AdapterActivityContent Id:60979945668611 water mark count is zero
09-28 17:52:51.526   822  1089 E C01406/skia: RSBaseRenderUtil::DealWithSurfaceRotationAndGravity, GetSurfaceBufferOpaque:0
09-28 17:52:51.526   822  1089 I C01406/WRAP: AHardwareBuffer_createFromHandle index = <private> handle = <private>, ahb = <private>
09-28 17:52:51.526   822  1089 E C01406/skia: SurfaceNodeDrawable DrawCommSurfaceWatermark Name:AdapterSurfaceView Id:60979945668612 water mark count is zero
09-28 17:52:51.526   822  1089 E C01406/skia: SurfaceNodeDrawable DrawCommSurfaceWatermark Name:com.a2hlab.bridge.zigzag/com.unity3d.player.UnityPlayerActivity Id:60979945668609 water mark count is zero
09-28 17:52:51.527   822  1089 E C01406/skia: SurfaceNodeDrawable DrawCommSurfaceWatermark Name:WindowScene_zigzag35 Id:8516920148845 water mark count is zero
09-28 17:52:51.527   822  1089 E C01406/skia: SurfaceNodeDrawable DrawCommSurfaceWatermark Name:SCBGestureNavBar13 Id:8516920148115 water mark count is zero
09-28 17:52:51.528   822  1089 E C01406/skia: SurfaceNodeDrawable DrawCommSurfaceWatermark Name:SCBStatusBar15 Id:8516920148195 water mark count is zero
09-28 17:52:51.531   822  1089 E C02515/DISP: [0;32;31m[GetMetadata:109] <private> is not supported[m
09-28 17:52:51.531   822  1089 E C02515/DISP: [0;32;31m[SetMetadata:102] <private> is not supported[m
09-28 17:52:51.531   822  1089 E C02515/METADATA_SRV: [0;32;31m[SetMetadata:136]  fail[m
09-28 17:52:51.531   822  1089 E C01401/Bufferqueue: <surface_buffer_impl.cpp:714-SetMetadata>: SetMetadata Failed with -5
09-28 17:52:51.531   822  1089 E C01406/skia: RSUniRenderComposerAdapter::SetBufferColorSpace set color space fail
09-28 17:52:51.535 14198 14423 I C00f00/OH_DER_VSync: onOhVsync ENTRY ts=<private> data=<private>
09-28 17:52:51.535 14198 14422 I C00f00/OH_DER_VSync: scheduleVsync ENTRY receiverPtr=0x<private>
09-28 17:52:51.535 14198 14422 I C00f00/OH_DER_VSync: scheduleVsync calling RequestFrame ohVsync=<private>
09-28 17:52:51.535 14198 14422 I C00f00/OH_DER_VSync: scheduleVsync RequestFrame rc=<private>
09-28 17:52:51.537   798  1062 E C02515/DISP: [0;32;31m[SetLayerMaskInfo@display_composer_vdi_impl.cpp:404] <private> is not supported[m
09-28 17:52:51.537   822  1208 E C02515/DISP: [0;32;31m[SetMetadata:102] <private> is not supported[m
09-28 17:52:51.537   822  1208 E C02515/METADATA_SRV: [0;32;31m[SetMetadata:136]  fail[m
09-28 17:52:51.537   822  1208 E C01401/Bufferqueue: <surface_buffer_impl.cpp:714-SetMetadata>: SetMetadata Failed with -5
09-28 17:52:51.538   822  1240 E C02515/DISP: [0;32;31m[SetMetadata:102] <private> is not supported[m
09-28 17:52:51.538   822  1240 E C02515/METADATA_SRV: [0;32;31m[SetMetadata:136]  fail[m
09-28 17:52:51.538   822  1240 E C01401/Bufferqueue: <surface_buffer_impl.cpp:714-SetMetadata>: SetMetadata Failed with -5
09-28 17:52:51.539   798  1062 E C02515/DISP: [0;32;31m[SetDisplayClientDamage@display_composer_vdi_impl.cpp:179] <private> is not supported[m
09-28 17:52:51.551 14198 14423 I C00f00/OH_DER_VSync: onOhVsync ENTRY ts=<private> data=<private>
09-28 17:52:51.551   822   822 E C02515/DISP: [0;32;31m[GetMetadata:109] <private> is not supported[m
09-28 17:52:51.551   822   822 E C02515/DISP: [0;32;31m[GetMetadata:109] <private> is not supported[m
09-28 17:52:51.552   822   822 E C02515/DISP: [0;32;31m[GetMetadata:109] <private> is not supported[m
09-28 17:52:51.552 14198 14422 I C00f00/OH_DER_VSync: scheduleVsync ENTRY receiverPtr=0x<private>
09-28 17:52:51.552 14198 14422 I C00f00/OH_DER_VSync: scheduleVsync calling RequestFrame ohVsync=<private>
09-28 17:52:51.552 14198 14422 I C00f00/OH_DER_VSync: scheduleVsync RequestFrame rc=<private>
09-28 17:52:51.552   822   822 E C01406/skia: RSBaseRenderUtil::DealWithSurfaceRotationAndGravity, GetSurfaceBufferOpaque:0
09-28 17:52:51.552   822   822 E C02515/DISP: [0;32;31m[GetMetadata:109] <private> is not supported[m
09-28 17:52:51.552   822   822 E C01406/skia: RSBaseRenderUtil::DealWithSurfaceRotationAndGravity, GetSurfaceBufferOpaque:0
09-28 17:52:51.552   822   822 E C02515/DISP: [0;32;31m[GetMetadata:109] <private> is not supported[m
09-28 17:52:51.553   822  1089 E C02515/DISP: [0;32;31m[SetMetadata:102] <private> is not supported[m
09-28 17:52:51.553   822  1089 E C02515/METADATA_SRV: [0;32;31m[SetMetadata:136]  fail[m
09-28 17:52:51.553   822  1089 E C01401/Bufferqueue: <surface_buffer_impl.cpp:714-SetMetadata>: SetMetadata Failed with -5
09-28 17:52:51.554   822  1089 E C01406/skia: SurfaceNodeDrawable DrawCommSurfaceWatermark Name:SCBWallpaper5 Id:8516920147979 water mark count is zero
09-28 17:52:51.555   822  1089 E C01406/skia: SurfaceNodeDrawable DrawCommSurfaceWatermark Name:SCBDesktop6 Id:8516920147988 water mark count is zero
09-28 17:52:51.555   822  1089 E C01406/skia: RSBaseRenderUtil::DealWithSurfaceRotationAndGravity, GetSurfaceBufferOpaque:0
09-28 17:52:51.555   822  1089 I C01406/WRAP: AHardwareBuffer_createFromHandle index = <private> handle = <private>, ahb = <private>
09-28 17:52:51.556   822  1089 E C01406/skia: SurfaceNodeDrawable DrawCommSurfaceWatermark Name:AdapterActivityContent Id:60979945668611 water mark count is zero
09-28 17:52:51.556   822  1089 E C01406/skia: RSBaseRenderUtil::DealWithSurfaceRotationAndGravity, GetSurfaceBufferOpaque:0
09-28 17:52:51.556   822  1089 I C01406/WRAP: AHardwareBuffer_createFromHandle index = <private> handle = <private>, ahb = <private>
09-28 17:52:51.556   822  1089 E C01406/skia: SurfaceNodeDrawable DrawCommSurfaceWatermark Name:AdapterSurfaceView Id:60979945668612 water mark count is zero
09-28 17:52:51.556   822  1089 E C01406/skia: SurfaceNodeDrawable DrawCommSurfaceWatermark Name:com.a2hlab.bridge.zigzag/com.unity3d.player.UnityPlayerActivity Id:60979945668609 water mark count is zero
09-28 17:52:51.556   822  1089 E C01406/skia: SurfaceNodeDrawable DrawCommSurfaceWatermark Name:WindowScene_zigzag35 Id:8516920148845 water mark count is zero
09-28 17:52:51.556   822  1089 E C01406/skia: SurfaceNodeDrawable DrawCommSurfaceWatermark Name:SCBGestureNavBar13 Id:8516920148115 water mark count is zero
09-28 17:52:51.556   822  1089 E C01406/skia: SurfaceNodeDrawable DrawCommSurfaceWatermark Name:SCBStatusBar15 Id:8516920148195 water mark count is zero
09-28 17:52:51.559   822  1089 E C02515/DISP: [0;32;31m[GetMetadata:109] <private> is not supported[m
09-28 17:52:51.559   822  1089 E C02515/DISP: [0;32;31m[SetMetadata:102] <private> is not supported[m
09-28 17:52:51.559   822  1089 E C02515/METADATA_SRV: [0;32;31m[SetMetadata:136]  fail[m
09-28 17:52:51.559   822  1089 E C01401/Bufferqueue: <surface_buffer_impl.cpp:714-SetMetadata>: SetMetadata Failed with -5
09-28 17:52:51.559   822  1089 E C01406/skia: RSUniRenderComposerAdapter::SetBufferColorSpace set color space fail
09-28 17:52:51.568 14198 14423 I C00f00/OH_DER_VSync: onOhVsync ENTRY ts=<private> data=<private>
09-28 17:52:51.568 14198 14422 I C00f00/OH_DER_VSync: scheduleVsync ENTRY receiverPtr=0x<private>
09-28 17:52:51.568 14198 14422 I C00f00/OH_DER_VSync: scheduleVsync calling RequestFrame ohVsync=<private>
09-28 17:52:51.568 14198 14422 I C00f00/OH_DER_VSync: scheduleVsync RequestFrame rc=<private>
09-28 17:52:51.570   822  1208 E C02515/DISP: [0;32;31m[SetMetadata:102] <private> is not supported[m
09-28 17:52:51.570   822  1208 E C02515/METADATA_SRV: [0;32;31m[SetMetadata:136]  fail[m
09-28 17:52:51.570   822  1208 E C01401/Bufferqueue: <surface_buffer_impl.cpp:714-SetMetadata>: SetMetadata Failed with -5
09-28 17:52:51.571   798  1062 E C02515/DISP: [0;32;31m[SetLayerMaskInfo@display_composer_vdi_impl.cpp:404] <private> is not supported[m
09-28 17:52:51.572   822  1240 E C02515/DISP: [0;32;31m[SetMetadata:102] <private> is not supported[m
09-28 17:52:51.572   822  1240 E C02515/METADATA_SRV: [0;32;31m[SetMetadata:136]  fail[m
09-28 17:52:51.572   822  1240 E C01401/Bufferqueue: <surface_buffer_impl.cpp:714-SetMetadata>: SetMetadata Failed with -5
09-28 17:52:51.572   798  1062 E C02515/DISP: [0;32;31m[SetDisplayClientDamage@display_composer_vdi_impl.cpp:179] <private> is not supported[m
09-28 17:52:51.585 14198 14423 I C00f00/OH_DER_VSync: onOhVsync ENTRY ts=<private> data=<private>
09-28 17:52:51.585   822   822 E C02515/DISP: [0;32;31m[GetMetadata:109] <private> is not supported[m
09-28 17:52:51.585   822   822 E C02515/DISP: [0;32;31m[GetMetadata:109] <private> is not supported[m
09-28 17:52:51.585   822   822 E C02515/DISP: [0;32;31m[GetMetadata:109] <private> is not supported[m
09-28 17:52:51.585 14198 14422 I C00f00/OH_DER_VSync: scheduleVsync ENTRY receiverPtr=0x<private>
09-28 17:52:51.585 14198 14422 I C00f00/OH_DER_VSync: scheduleVsync calling RequestFrame ohVsync=<private>
09-28 17:52:51.585 14198 14422 I C00f00/OH_DER_VSync: scheduleVsync RequestFrame rc=<private>
09-28 17:52:51.585   822   822 E C01406/skia: RSBaseRenderUtil::DealWithSurfaceRotationAndGravity, GetSurfaceBufferOpaque:0
09-28 17:52:51.585   822   822 E C02515/DISP: [0;32;31m[GetMetadata:109] <private> is not supported[m
09-28 17:52:51.586   822   822 E C01406/skia: RSBaseRenderUtil::DealWithSurfaceRotationAndGravity, GetSurfaceBufferOpaque:0
09-28 17:52:51.586   822   822 E C02515/DISP: [0;32;31m[GetMetadata:109] <private> is not supported[m
09-28 17:52:51.586   822  1089 E C02515/DISP: [0;32;31m[SetMetadata:102] <private> is not supported[m
09-28 17:52:51.586   822  1089 E C02515/METADATA_SRV: [0;32;31m[SetMetadata:136]  fail[m
09-28 17:52:51.586   822  1089 E C01401/Bufferqueue: <surface_buffer_impl.cpp:714-SetMetadata>: SetMetadata Failed with -5
09-28 17:52:51.587   822  1089 E C01406/skia: SurfaceNodeDrawable DrawCommSurfaceWatermark Name:SCBWallpaper5 Id:8516920147979 water mark count is zero
09-28 17:52:51.588   822  1089 E C01406/skia: SurfaceNodeDrawable DrawCommSurfaceWatermark Name:SCBDesktop6 Id:8516920147988 water mark count is zero
09-28 17:52:51.588   822  1089 E C01406/skia: RSBaseRenderUtil::DealWithSurfaceRotationAndGravity, GetSurfaceBufferOpaque:0
09-28 17:52:51.589   822  1089 I C01406/WRAP: AHardwareBuffer_createFromHandle index = <private> handle = <private>, ahb = <private>
09-28 17:52:51.589   822  1089 E C01406/skia: SurfaceNodeDrawable DrawCommSurfaceWatermark Name:AdapterActivityContent Id:60979945668611 water mark count is zero
09-28 17:52:51.589   822  1089 E C01406/skia: RSBaseRenderUtil::DealWithSurfaceRotationAndGravity, GetSurfaceBufferOpaque:0
09-28 17:52:51.589   822  1089 I C01406/WRAP: AHardwareBuffer_createFromHandle index = <private> handle = <private>, ahb = <private>
09-28 17:52:51.589   822  1089 E C01406/skia: SurfaceNodeDrawable DrawCommSurfaceWatermark Name:AdapterSurfaceView Id:60979945668612 water mark count is zero
09-28 17:52:51.589   822  1089 E C01406/skia: SurfaceNodeDrawable DrawCommSurfaceWatermark Name:com.a2hlab.bridge.zigzag/com.unity3d.player.UnityPlayerActivity Id:60979945668609 water mark count is zero
09-28 17:52:51.589   822  1089 E C01406/skia: SurfaceNodeDrawable DrawCommSurfaceWatermark Name:WindowScene_zigzag35 Id:8516920148845 water mark count is zero
09-28 17:52:51.590   822  1089 E C01406/skia: SurfaceNodeDrawable DrawCommSurfaceWatermark Name:SCBGestureNavBar13 Id:8516920148115 water mark count is zero
09-28 17:52:51.590   822  1089 E C01406/skia: SurfaceNodeDrawable DrawCommSurfaceWatermark Name:SCBStatusBar15 Id:8516920148195 water mark count is zero
09-28 17:52:51.592   822  1089 E C02515/DISP: [0;32;31m[GetMetadata:109] <private> is not supported[m
09-28 17:52:51.592   822  1089 E C02515/DISP: [0;32;31m[SetMetadata:102] <private> is not supported[m
09-28 17:52:51.592   822  1089 E C02515/METADATA_SRV: [0;32;31m[SetMetadata:136]  fail[m
09-28 17:52:51.592   822  1089 E C01401/Bufferqueue: <surface_buffer_impl.cpp:714-SetMetadata>: SetMetadata Failed with -5
09-28 17:52:51.592   822  1089 E C01406/skia: RSUniRenderComposerAdapter::SetBufferColorSpace set color space fail
09-28 17:52:51.601 14198 14423 I C00f00/OH_DER_VSync: onOhVsync ENTRY ts=<private> data=<private>
09-28 17:52:51.602 14198 14422 I C00f00/OH_DER_VSync: scheduleVsync ENTRY receiverPtr=0x<private>
09-28 17:52:51.602 14198 14422 I C00f00/OH_DER_VSync: scheduleVsync calling RequestFrame ohVsync=<private>
09-28 17:52:51.602 14198 14422 I C00f00/OH_DER_VSync: scheduleVsync RequestFrame rc=<private>
09-28 17:52:51.603   822  1208 E C02515/DISP: [0;32;31m[SetMetadata:102] <private> is not supported[m
09-28 17:52:51.603   822  1208 E C02515/METADATA_SRV: [0;32;31m[SetMetadata:136]  fail[m
09-28 17:52:51.603   822  1208 E C01401/Bufferqueue: <surface_buffer_impl.cpp:714-SetMetadata>: SetMetadata Failed with -5
09-28 17:52:51.605   798  1062 E C02515/DISP: [0;32;31m[SetLayerMaskInfo@display_composer_vdi_impl.cpp:404] <private> is not supported[m
09-28 17:52:51.605   822  1240 E C02515/DISP: [0;32;31m[SetMetadata:102] <private> is not supported[m
09-28 17:52:51.605   822  1240 E C02515/METADATA_SRV: [0;32;31m[SetMetadata:136]  fail[m
09-28 17:52:51.605   822  1240 E C01401/Bufferqueue: <surface_buffer_impl.cpp:714-SetMetadata>: SetMetadata Failed with -5
09-28 17:52:51.606   798  1062 E C02515/DISP: [0;32;31m[SetDisplayClientDamage@display_composer_vdi_impl.cpp:179] <private> is not supported[m
09-28 17:52:51.618 14198 14423 I C00f00/OH_DER_VSync: onOhVsync ENTRY ts=<private> data=<private>
09-28 17:52:51.618   822   822 E C02515/DISP: [0;32;31m[GetMetadata:109] <private> is not supported[m
09-28 17:52:51.618 14198 14422 I C00f00/OH_DER_VSync: scheduleVsync ENTRY receiverPtr=0x<private>
09-28 17:52:51.618 14198 14422 I C00f00/OH_DER_VSync: scheduleVsync calling RequestFrame ohVsync=<private>
09-28 17:52:51.618   822   822 E C02515/DISP: [0;32;31m[GetMetadata:109] <private> is not supported[m
09-28 17:52:51.618 14198 14422 I C00f00/OH_DER_VSync: scheduleVsync RequestFrame rc=<private>
09-28 17:52:51.618   822   822 E C02515/DISP: [0;32;31m[GetMetadata:109] <private> is not supported[m
09-28 17:52:51.620   822   822 E C01406/skia: RSBaseRenderUtil::DealWithSurfaceRotationAndGravity, GetSurfaceBufferOpaque:0
09-28 17:52:51.620   822   822 E C02515/DISP: [0;32;31m[GetMetadata:109] <private> is not supported[m
09-28 17:52:51.620   822   822 E C01406/skia: RSBaseRenderUtil::DealWithSurfaceRotationAndGravity, GetSurfaceBufferOpaque:0
09-28 17:52:51.620   822   822 E C02515/DISP: [0;32;31m[GetMetadata:109] <private> is not supported[m
09-28 17:52:51.622   822  1089 E C02515/DISP: [0;32;31m[SetMetadata:102] <private> is not supported[m
09-28 17:52:51.622   822  1089 E C02515/METADATA_SRV: [0;32;31m[SetMetadata:136]  fail[m
09-28 17:52:51.622   822  1089 E C01401/Bufferqueue: <surface_buffer_impl.cpp:714-SetMetadata>: SetMetadata Failed with -5
09-28 17:52:51.623   822  1089 E C01406/skia: SurfaceNodeDrawable DrawCommSurfaceWatermark Name:SCBWallpaper5 Id:8516920147979 water mark count is zero
09-28 17:52:51.626   822  1089 E C01406/skia: SurfaceNodeDrawable DrawCommSurfaceWatermark Name:SCBDesktop6 Id:8516920147988 water mark count is zero
09-28 17:52:51.626   822  1089 E C01406/skia: RSBaseRenderUtil::DealWithSurfaceRotationAndGravity, GetSurfaceBufferOpaque:0
09-28 17:52:51.627   822  1089 I C01406/WRAP: AHardwareBuffer_createFromHandle index = <private> handle = <private>, ahb = <private>
09-28 17:52:51.627   822  1089 E C01406/skia: SurfaceNodeDrawable DrawCommSurfaceWatermark Name:AdapterActivityContent Id:60979945668611 water mark count is zero
09-28 17:52:51.627   822  1089 E C01406/skia: RSBaseRenderUtil::DealWithSurfaceRotationAndGravity, GetSurfaceBufferOpaque:0
09-28 17:52:51.627   822  1089 I C01406/WRAP: AHardwareBuffer_createFromHandle index = <private> handle = <private>, ahb = <private>
09-28 17:52:51.628   822  1089 E C01406/skia: SurfaceNodeDrawable DrawCommSurfaceWatermark Name:AdapterSurfaceView Id:60979945668612 water mark count is zero
09-28 17:52:51.628   822  1089 E C01406/skia: SurfaceNodeDrawable DrawCommSurfaceWatermark Name:com.a2hlab.bridge.zigzag/com.unity3d.player.UnityPlayerActivity Id:60979945668609 water mark count is zero
09-28 17:52:51.628   822  1089 E C01406/skia: SurfaceNodeDrawable DrawCommSurfaceWatermark Name:WindowScene_zigzag35 Id:8516920148845 water mark count is zero
09-28 17:52:51.629   822  1089 E C01406/skia: SurfaceNodeDrawable DrawCommSurfaceWatermark Name:SCBGestureNavBar13 Id:8516920148115 water mark count is zero
09-28 17:52:51.629   822  1089 E C01406/skia: SurfaceNodeDrawable DrawCommSurfaceWatermark Name:SCBStatusBar15 Id:8516920148195 water mark count is zero
09-28 17:52:51.632   822  1089 E C02515/DISP: [0;32;31m[GetMetadata:109] <private> is not supported[m
09-28 17:52:51.632   822  1089 E C02515/DISP: [0;32;31m[SetMetadata:102] <private> is not supported[m
09-28 17:52:51.633   822  1089 E C02515/METADATA_SRV: [0;32;31m[SetMetadata:136]  fail[m
09-28 17:52:51.633   822  1089 E C01401/Bufferqueue: <surface_buffer_impl.cpp:714-SetMetadata>: SetMetadata Failed with -5
09-28 17:52:51.633   822  1089 E C01406/skia: RSUniRenderComposerAdapter::SetBufferColorSpace set color space fail
09-28 17:52:51.635 14198 14423 I C00f00/OH_DER_VSync: onOhVsync ENTRY ts=<private> data=<private>
09-28 17:52:51.635 14198 14422 I C00f00/OH_DER_VSync: scheduleVsync ENTRY receiverPtr=0x<private>
09-28 17:52:51.635 14198 14422 I C00f00/OH_DER_VSync: scheduleVsync calling RequestFrame ohVsync=<private>
09-28 17:52:51.635 14198 14422 I C00f00/OH_DER_VSync: scheduleVsync RequestFrame rc=<private>
09-28 17:52:51.637   798  1062 E C02515/DISP: [0;32;31m[SetLayerMaskInfo@display_composer_vdi_impl.cpp:404] <private> is not supported[m
09-28 17:52:51.637   822  1240 E C02515/DISP: [0;32;31m[SetMetadata:102] <private> is not supported[m
09-28 17:52:51.637   822  1240 E C02515/METADATA_SRV: [0;32;31m[SetMetadata:136]  fail[m
09-28 17:52:51.637   822  1240 E C01401/Bufferqueue: <surface_buffer_impl.cpp:714-SetMetadata>: SetMetadata Failed with -5
09-28 17:52:51.638   822  1208 E C02515/DISP: [0;32;31m[SetMetadata:102] <private> is not supported[m
09-28 17:52:51.638   822  1208 E C02515/METADATA_SRV: [0;32;31m[SetMetadata:136]  fail[m
09-28 17:52:51.638   822  1208 E C01401/Bufferqueue: <surface_buffer_impl.cpp:714-SetMetadata>: SetMetadata Failed with -5
09-28 17:52:51.638   798  1062 E C02515/DISP: [0;32;31m[SetDisplayClientDamage@display_composer_vdi_impl.cpp:179] <private> is not supported[m
09-28 17:52:51.651 14198 14423 I C00f00/OH_DER_VSync: onOhVsync ENTRY ts=<private> data=<private>
09-28 17:52:51.652 14198 14422 I C00f00/OH_DER_VSync: scheduleVsync ENTRY receiverPtr=0x<private>
09-28 17:52:51.652 14198 14422 I C00f00/OH_DER_VSync: scheduleVsync calling RequestFrame ohVsync=<private>
09-28 17:52:51.652   822   822 E C02515/DISP: [0;32;31m[GetMetadata:109] <private> is not supported[m
09-28 17:52:51.652 14198 14422 I C00f00/OH_DER_VSync: scheduleVsync RequestFrame rc=<private>
09-28 17:52:51.652   822   822 E C02515/DISP: [0;32;31m[GetMetadata:109] <private> is not supported[m
09-28 17:52:51.652   822   822 E C02515/DISP: [0;32;31m[GetMetadata:109] <private> is not supported[m
09-28 17:52:51.653   822   822 E C01406/skia: RSBaseRenderUtil::DealWithSurfaceRotationAndGravity, GetSurfaceBufferOpaque:0
09-28 17:52:51.653   822   822 E C02515/DISP: [0;32;31m[GetMetadata:109] <private> is not supported[m
09-28 17:52:51.653   822   822 E C01406/skia: RSBaseRenderUtil::DealWithSurfaceRotationAndGravity, GetSurfaceBufferOpaque:0
09-28 17:52:51.653   822   822 E C02515/DISP: [0;32;31m[GetMetadata:109] <private> is not supported[m
09-28 17:52:51.655   822  1089 E C02515/DISP: [0;32;31m[SetMetadata:102] <private> is not supported[m
09-28 17:52:51.655   822  1089 E C02515/METADATA_SRV: [0;32;31m[SetMetadata:136]  fail[m
09-28 17:52:51.655   822  1089 E C01401/Bufferqueue: <surface_buffer_impl.cpp:714-SetMetadata>: SetMetadata Failed with -5
09-28 17:52:51.655   822  1089 E C01406/skia: SurfaceNodeDrawable DrawCommSurfaceWatermark Name:SCBWallpaper5 Id:8516920147979 water mark count is zero
09-28 17:52:51.656   822  1089 E C01406/skia: SurfaceNodeDrawable DrawCommSurfaceWatermark Name:SCBDesktop6 Id:8516920147988 water mark count is zero
09-28 17:52:51.657   822  1089 E C01406/skia: RSBaseRenderUtil::DealWithSurfaceRotationAndGravity, GetSurfaceBufferOpaque:0
09-28 17:52:51.657   822  1089 I C01406/WRAP: AHardwareBuffer_createFromHandle index = <private> handle = <private>, ahb = <private>
09-28 17:52:51.657   822  1089 E C01406/skia: SurfaceNodeDrawable DrawCommSurfaceWatermark Name:AdapterActivityContent Id:60979945668611 water mark count is zero
09-28 17:52:51.657   822  1089 E C01406/skia: RSBaseRenderUtil::DealWithSurfaceRotationAndGravity, GetSurfaceBufferOpaque:0
09-28 17:52:51.657   822  1089 I C01406/WRAP: AHardwareBuffer_createFromHandle index = <private> handle = <private>, ahb = <private>
09-28 17:52:51.657   822  1089 E C01406/skia: SurfaceNodeDrawable DrawCommSurfaceWatermark Name:AdapterSurfaceView Id:60979945668612 water mark count is zero
09-28 17:52:51.657   822  1089 E C01406/skia: SurfaceNodeDrawable DrawCommSurfaceWatermark Name:com.a2hlab.bridge.zigzag/com.unity3d.player.UnityPlayerActivity Id:60979945668609 water mark count is zero
09-28 17:52:51.657   822  1089 E C01406/skia: SurfaceNodeDrawable DrawCommSurfaceWatermark Name:WindowScene_zigzag35 Id:8516920148845 water mark count is zero
09-28 17:52:51.658   822  1089 E C01406/skia: SurfaceNodeDrawable DrawCommSurfaceWatermark Name:SCBGestureNavBar13 Id:8516920148115 water mark count is zero
09-28 17:52:51.658   822  1089 E C01406/skia: SurfaceNodeDrawable DrawCommSurfaceWatermark Name:SCBStatusBar15 Id:8516920148195 water mark count is zero
09-28 17:52:51.661   822  1089 E C02515/DISP: [0;32;31m[GetMetadata:109] <private> is not supported[m
09-28 17:52:51.661   822  1089 E C02515/DISP: [0;32;31m[SetMetadata:102] <private> is not supported[m
09-28 17:52:51.661   822  1089 E C02515/METADATA_SRV: [0;32;31m[SetMetadata:136]  fail[m
09-28 17:52:51.661   822  1089 E C01401/Bufferqueue: <surface_buffer_impl.cpp:714-SetMetadata>: SetMetadata Failed with -5
09-28 17:52:51.661   822  1089 E C01406/skia: RSUniRenderComposerAdapter::SetBufferColorSpace set color space fail
09-28 17:52:51.668 14198 14423 I C00f00/OH_DER_VSync: onOhVsync ENTRY ts=<private> data=<private>
09-28 17:52:51.668 14198 14422 I C00f00/OH_DER_VSync: scheduleVsync ENTRY receiverPtr=0x<private>
09-28 17:52:51.668 14198 14422 I C00f00/OH_DER_VSync: scheduleVsync calling RequestFrame ohVsync=<private>
09-28 17:52:51.668 14198 14422 I C00f00/OH_DER_VSync: scheduleVsync RequestFrame rc=<private>
09-28 17:52:51.670   822  1208 E C02515/DISP: [0;32;31m[SetMetadata:102] <private> is not supported[m
09-28 17:52:51.670   822  1208 E C02515/METADATA_SRV: [0;32;31m[SetMetadata:136]  fail[m
09-28 17:52:51.670   822  1208 E C01401/Bufferqueue: <surface_buffer_impl.cpp:714-SetMetadata>: SetMetadata Failed with -5
09-28 17:52:51.671   798  1062 E C02515/DISP: [0;32;31m[SetLayerMaskInfo@display_composer_vdi_impl.cpp:404] <private> is not supported[m
09-28 17:52:51.671   822  1240 E C02515/DISP: [0;32;31m[SetMetadata:102] <private> is not supported[m
09-28 17:52:51.671   822  1240 E C02515/METADATA_SRV: [0;32;31m[SetMetadata:136]  fail[m
09-28 17:52:51.671   822  1240 E C01401/Bufferqueue: <surface_buffer_impl.cpp:714-SetMetadata>: SetMetadata Failed with -5
09-28 17:52:51.671   798  1062 E C02515/DISP: [0;32;31m[SetDisplayClientDamage@display_composer_vdi_impl.cpp:179] <private> is not supported[m
09-28 17:52:51.685 14198 14423 I C00f00/OH_DER_VSync: onOhVsync ENTRY ts=<private> data=<private>
09-28 17:52:51.685 14198 14422 I C00f00/OH_DER_VSync: scheduleVsync ENTRY receiverPtr=0x<private>
09-28 17:52:51.685 14198 14422 I C00f00/OH_DER_VSync: scheduleVsync calling RequestFrame ohVsync=<private>
09-28 17:52:51.685   822   822 E C02515/DISP: [0;32;31m[GetMetadata:109] <private> is not supported[m
09-28 17:52:51.685 14198 14422 I C00f00/OH_DER_VSync: scheduleVsync RequestFrame rc=<private>
09-28 17:52:51.685   822   822 E C02515/DISP: [0;32;31m[GetMetadata:109] <private> is not supported[m
09-28 17:52:51.685   822   822 E C02515/DISP: [0;32;31m[GetMetadata:109] <private> is not supported[m
09-28 17:52:51.686   822   822 E C01406/skia: RSBaseRenderUtil::DealWithSurfaceRotationAndGravity, GetSurfaceBufferOpaque:0
09-28 17:52:51.686   822   822 E C02515/DISP: [0;32;31m[GetMetadata:109] <private> is not supported[m
09-28 17:52:51.687   822   822 E C01406/skia: RSBaseRenderUtil::DealWithSurfaceRotationAndGravity, GetSurfaceBufferOpaque:0
09-28 17:52:51.687   822   822 E C02515/DISP: [0;32;31m[GetMetadata:109] <private> is not supported[m
09-28 17:52:51.688   822  1089 E C02515/DISP: [0;32;31m[SetMetadata:102] <private> is not supported[m
09-28 17:52:51.688   822  1089 E C02515/METADATA_SRV: [0;32;31m[SetMetadata:136]  fail[m
09-28 17:52:51.688   822  1089 E C01401/Bufferqueue: <surface_buffer_impl.cpp:714-SetMetadata>: SetMetadata Failed with -5
09-28 17:52:51.689   822  1089 E C01406/skia: SurfaceNodeDrawable DrawCommSurfaceWatermark Name:SCBWallpaper5 Id:8516920147979 water mark count is zero
09-28 17:52:51.690   822  1089 E C01406/skia: SurfaceNodeDrawable DrawCommSurfaceWatermark Name:SCBDesktop6 Id:8516920147988 water mark count is zero
09-28 17:52:51.690   822  1089 E C01406/skia: RSBaseRenderUtil::DealWithSurfaceRotationAndGravity, GetSurfaceBufferOpaque:0
09-28 17:52:51.690   822  1089 I C01406/WRAP: AHardwareBuffer_createFromHandle index = <private> handle = <private>, ahb = <private>
09-28 17:52:51.690   822  1089 E C01406/skia: SurfaceNodeDrawable DrawCommSurfaceWatermark Name:AdapterActivityContent Id:60979945668611 water mark count is zero
09-28 17:52:51.690   822  1089 E C01406/skia: RSBaseRenderUtil::DealWithSurfaceRotationAndGravity, GetSurfaceBufferOpaque:0
09-28 17:52:51.691   822  1089 I C01406/WRAP: AHardwareBuffer_createFromHandle index = <private> handle = <private>, ahb = <private>
09-28 17:52:51.691   822  1089 E C01406/skia: SurfaceNodeDrawable DrawCommSurfaceWatermark Name:AdapterSurfaceView Id:60979945668612 water mark count is zero
09-28 17:52:51.691   822  1089 E C01406/skia: SurfaceNodeDrawable DrawCommSurfaceWatermark Name:com.a2hlab.bridge.zigzag/com.unity3d.player.UnityPlayerActivity Id:60979945668609 water mark count is zero
09-28 17:52:51.691   822  1089 E C01406/skia: SurfaceNodeDrawable DrawCommSurfaceWatermark Name:WindowScene_zigzag35 Id:8516920148845 water mark count is zero
09-28 17:52:51.691   822  1089 E C01406/skia: SurfaceNodeDrawable DrawCommSurfaceWatermark Name:SCBGestureNavBar13 Id:8516920148115 water mark count is zero
09-28 17:52:51.691   822  1089 E C01406/skia: SurfaceNodeDrawable DrawCommSurfaceWatermark Name:SCBStatusBar15 Id:8516920148195 water mark count is zero
09-28 17:52:51.694   822  1089 E C02515/DISP: [0;32;31m[GetMetadata:109] <private> is not supported[m
09-28 17:52:51.694   822  1089 E C02515/DISP: [0;32;31m[SetMetadata:102] <private> is not supported[m
09-28 17:52:51.694   822  1089 E C02515/METADATA_SRV: [0;32;31m[SetMetadata:136]  fail[m
09-28 17:52:51.694   822  1089 E C01401/Bufferqueue: <surface_buffer_impl.cpp:714-SetMetadata>: SetMetadata Failed with -5
09-28 17:52:51.694   822  1089 E C01406/skia: RSUniRenderComposerAdapter::SetBufferColorSpace set color space fail
09-28 17:52:51.701 14198 14423 I C00f00/OH_DER_VSync: onOhVsync ENTRY ts=<private> data=<private>
09-28 17:52:51.702 14198 14422 I C00f00/OH_DER_VSync: scheduleVsync ENTRY receiverPtr=0x<private>
09-28 17:52:51.702 14198 14422 I C00f00/OH_DER_VSync: scheduleVsync calling RequestFrame ohVsync=<private>
09-28 17:52:51.702 14198 14422 I C00f00/OH_DER_VSync: scheduleVsync RequestFrame rc=<private>
09-28 17:52:51.703   822  1208 E C02515/DISP: [0;32;31m[SetMetadata:102] <private> is not supported[m
09-28 17:52:51.703   822  1208 E C02515/METADATA_SRV: [0;32;31m[SetMetadata:136]  fail[m
09-28 17:52:51.703   822  1208 E C01401/Bufferqueue: <surface_buffer_impl.cpp:714-SetMetadata>: SetMetadata Failed with -5
09-28 17:52:51.704   798  1062 E C02515/DISP: [0;32;31m[SetLayerMaskInfo@display_composer_vdi_impl.cpp:404] <private> is not supported[m
09-28 17:52:51.704   822  1240 E C02515/DISP: [0;32;31m[SetMetadata:102] <private> is not supported[m
09-28 17:52:51.704   822  1240 E C02515/METADATA_SRV: [0;32;31m[SetMetadata:136]  fail[m
09-28 17:52:51.704   822  1240 E C01401/Bufferqueue: <surface_buffer_impl.cpp:714-SetMetadata>: SetMetadata Failed with -5
09-28 17:52:51.705   798  1062 E C02515/DISP: [0;32;31m[SetDisplayClientDamage@display_composer_vdi_impl.cpp:179] <private> is not supported[m
09-28 17:52:51.718 14198 14423 I C00f00/OH_DER_VSync: onOhVsync ENTRY ts=<private> data=<private>
09-28 17:52:51.718   822   822 E C02515/DISP: [0;32;31m[GetMetadata:109] <private> is not supported[m
09-28 17:52:51.718   822   822 E C02515/DISP: [0;32;31m[GetMetadata:109] <private> is not supported[m
09-28 17:52:51.718   822   822 E C02515/DISP: [0;32;31m[GetMetadata:109] <private> is not supported[m
09-28 17:52:51.718 14198 14422 I C00f00/OH_DER_VSync: scheduleVsync ENTRY receiverPtr=0x<private>
09-28 17:52:51.718 14198 14422 I C00f00/OH_DER_VSync: scheduleVsync calling RequestFrame ohVsync=<private>
09-28 17:52:51.718 14198 14422 I C00f00/OH_DER_VSync: scheduleVsync RequestFrame rc=<private>
09-28 17:52:51.719   822   822 E C01406/skia: RSBaseRenderUtil::DealWithSurfaceRotationAndGravity, GetSurfaceBufferOpaque:0
09-28 17:52:51.719   822   822 E C02515/DISP: [0;32;31m[GetMetadata:109] <private> is not supported[m
09-28 17:52:51.719   822   822 E C01406/skia: RSBaseRenderUtil::DealWithSurfaceRotationAndGravity, GetSurfaceBufferOpaque:0
09-28 17:52:51.719   822   822 E C02515/DISP: [0;32;31m[GetMetadata:109] <private> is not supported[m
09-28 17:52:51.720   822  1089 E C02515/DISP: [0;32;31m[SetMetadata:102] <private> is not supported[m
09-28 17:52:51.720   822  1089 E C02515/METADATA_SRV: [0;32;31m[SetMetadata:136]  fail[m
09-28 17:52:51.720   822  1089 E C01401/Bufferqueue: <surface_buffer_impl.cpp:714-SetMetadata>: SetMetadata Failed with -5
09-28 17:52:51.720   822  1089 E C01406/skia: SurfaceNodeDrawable DrawCommSurfaceWatermark Name:SCBWallpaper5 Id:8516920147979 water mark count is zero
09-28 17:52:51.722   822  1089 E C01406/skia: SurfaceNodeDrawable DrawCommSurfaceWatermark Name:SCBDesktop6 Id:8516920147988 water mark count is zero
09-28 17:52:51.722   822  1089 E C01406/skia: RSBaseRenderUtil::DealWithSurfaceRotationAndGravity, GetSurfaceBufferOpaque:0
09-28 17:52:51.722   822  1089 I C01406/WRAP: AHardwareBuffer_createFromHandle index = <private> handle = <private>, ahb = <private>
09-28 17:52:51.722   822  1089 E C01406/skia: SurfaceNodeDrawable DrawCommSurfaceWatermark Name:AdapterActivityContent Id:60979945668611 water mark count is zero
09-28 17:52:51.722   822  1089 E C01406/skia: RSBaseRenderUtil::DealWithSurfaceRotationAndGravity, GetSurfaceBufferOpaque:0
09-28 17:52:51.722   822  1089 I C01406/WRAP: AHardwareBuffer_createFromHandle index = <private> handle = <private>, ahb = <private>
09-28 17:52:51.723   822  1089 E C01406/skia: SurfaceNodeDrawable DrawCommSurfaceWatermark Name:AdapterSurfaceView Id:60979945668612 water mark count is zero
09-28 17:52:51.723   822  1089 E C01406/skia: SurfaceNodeDrawable DrawCommSurfaceWatermark Name:com.a2hlab.bridge.zigzag/com.unity3d.player.UnityPlayerActivity Id:60979945668609 water mark count is zero
09-28 17:52:51.723   822  1089 E C01406/skia: SurfaceNodeDrawable DrawCommSurfaceWatermark Name:WindowScene_zigzag35 Id:8516920148845 water mark count is zero
09-28 17:52:51.723   822  1089 E C01406/skia: SurfaceNodeDrawable DrawCommSurfaceWatermark Name:SCBGestureNavBar13 Id:8516920148115 water mark count is zero
09-28 17:52:51.723   822  1089 E C01406/skia: SurfaceNodeDrawable DrawCommSurfaceWatermark Name:SCBStatusBar15 Id:8516920148195 water mark count is zero
09-28 17:52:51.725   822  1089 E C02515/DISP: [0;32;31m[GetMetadata:109] <private> is not supported[m
09-28 17:52:51.725   822  1089 E C02515/DISP: [0;32;31m[SetMetadata:102] <private> is not supported[m
09-28 17:52:51.725   822  1089 E C02515/METADATA_SRV: [0;32;31m[SetMetadata:136]  fail[m
09-28 17:52:51.725   822  1089 E C01401/Bufferqueue: <surface_buffer_impl.cpp:714-SetMetadata>: SetMetadata Failed with -5
09-28 17:52:51.725   822  1089 E C01406/skia: RSUniRenderComposerAdapter::SetBufferColorSpace set color space fail
09-28 17:52:51.735 14198 14423 I C00f00/OH_DER_VSync: onOhVsync ENTRY ts=<private> data=<private>
09-28 17:52:51.735 14198 14422 I C00f00/OH_DER_VSync: scheduleVsync ENTRY receiverPtr=0x<private>
09-28 17:52:51.735 14198 14422 I C00f00/OH_DER_VSync: scheduleVsync calling RequestFrame ohVsync=<private>
09-28 17:52:51.735 14198 14422 I C00f00/OH_DER_VSync: scheduleVsync RequestFrame rc=<private>
09-28 17:52:51.737 14198 14235 I C00f00/appspawn-x: [<private>:<private>] <private>
09-28 17:52:51.737   822  1208 E C02515/DISP: [0;32;31m[SetMetadata:102] <private> is not supported[m
09-28 17:52:51.737   822  1208 E C02515/METADATA_SRV: [0;32;31m[SetMetadata:136]  fail[m
09-28 17:52:51.737   822  1208 E C01401/Bufferqueue: <surface_buffer_impl.cpp:714-SetMetadata>: SetMetadata Failed with -5
09-28 17:52:51.738   798  1062 E C02515/DISP: [0;32;31m[SetLayerMaskInfo@display_composer_vdi_impl.cpp:404] <private> is not supported[m
09-28 17:52:51.738   822  1240 E C02515/DISP: [0;32;31m[SetMetadata:102] <private> is not supported[m
09-28 17:52:51.738   822  1240 E C02515/METADATA_SRV: [0;32;31m[SetMetadata:136]  fail[m
09-28 17:52:51.738   822  1240 E C01401/Bufferqueue: <surface_buffer_impl.cpp:714-SetMetadata>: SetMetadata Failed with -5
09-28 17:52:51.739   798  1062 E C02515/DISP: [0;32;31m[SetDisplayClientDamage@display_composer_vdi_impl.cpp:179] <private> is not supported[m
09-28 17:52:51.752   822   822 E C02515/DISP: [0;32;31m[GetMetadata:109] <private> is not supported[m
09-28 17:52:51.752 14198 14423 I C00f00/OH_DER_VSync: onOhVsync ENTRY ts=<private> data=<private>
09-28 17:52:51.752   822   822 E C02515/DISP: [0;32;31m[GetMetadata:109] <private> is not supported[m
09-28 17:52:51.752   822   822 E C02515/DISP: [0;32;31m[GetMetadata:109] <private> is not supported[m
09-28 17:52:51.752 14198 14422 I C00f00/OH_DER_VSync: scheduleVsync ENTRY receiverPtr=0x<private>
09-28 17:52:51.752 14198 14422 I C00f00/OH_DER_VSync: scheduleVsync calling RequestFrame ohVsync=<private>
09-28 17:52:51.752 14198 14422 I C00f00/OH_DER_VSync: scheduleVsync RequestFrame rc=<private>
09-28 17:52:51.752   822   822 E C01406/skia: RSBaseRenderUtil::DealWithSurfaceRotationAndGravity, GetSurfaceBufferOpaque:0
09-28 17:52:51.752   822   822 E C02515/DISP: [0;32;31m[GetMetadata:109] <private> is not supported[m
09-28 17:52:51.752   822   822 E C01406/skia: RSBaseRenderUtil::DealWithSurfaceRotationAndGravity, GetSurfaceBufferOpaque:0
09-28 17:52:51.752   822   822 E C02515/DISP: [0;32;31m[GetMetadata:109] <private> is not supported[m
09-28 17:52:51.753   822  1089 E C02515/DISP: [0;32;31m[SetMetadata:102] <private> is not supported[m
09-28 17:52:51.753   822  1089 E C02515/METADATA_SRV: [0;32;31m[SetMetadata:136]  fail[m
09-28 17:52:51.753   822  1089 E C01401/Bufferqueue: <surface_buffer_impl.cpp:714-SetMetadata>: SetMetadata Failed with -5
09-28 17:52:51.754   822  1089 E C01406/skia: SurfaceNodeDrawable DrawCommSurfaceWatermark Name:SCBWallpaper5 Id:8516920147979 water mark count is zero
09-28 17:52:51.755   822  1089 E C01406/skia: SurfaceNodeDrawable DrawCommSurfaceWatermark Name:SCBDesktop6 Id:8516920147988 water mark count is zero
09-28 17:52:51.755   822  1089 E C01406/skia: RSBaseRenderUtil::DealWithSurfaceRotationAndGravity, GetSurfaceBufferOpaque:0
09-28 17:52:51.755   822  1089 I C01406/WRAP: AHardwareBuffer_createFromHandle index = <private> handle = <private>, ahb = <private>
09-28 17:52:51.756   822  1089 E C01406/skia: SurfaceNodeDrawable DrawCommSurfaceWatermark Name:AdapterActivityContent Id:60979945668611 water mark count is zero
09-28 17:52:51.756   822  1089 E C01406/skia: RSBaseRenderUtil::DealWithSurfaceRotationAndGravity, GetSurfaceBufferOpaque:0
09-28 17:52:51.756   822  1089 I C01406/WRAP: AHardwareBuffer_createFromHandle index = <private> handle = <private>, ahb = <private>
09-28 17:52:51.756   822  1089 E C01406/skia: SurfaceNodeDrawable DrawCommSurfaceWatermark Name:AdapterSurfaceView Id:60979945668612 water mark count is zero
09-28 17:52:51.756   822  1089 E C01406/skia: SurfaceNodeDrawable DrawCommSurfaceWatermark Name:com.a2hlab.bridge.zigzag/com.unity3d.player.UnityPlayerActivity Id:60979945668609 water mark count is zero
09-28 17:52:51.756   822  1089 E C01406/skia: SurfaceNodeDrawable DrawCommSurfaceWatermark Name:WindowScene_zigzag35 Id:8516920148845 water mark count is zero
09-28 17:52:51.756   822  1089 E C01406/skia: SurfaceNodeDrawable DrawCommSurfaceWatermark Name:SCBGestureNavBar13 Id:8516920148115 water mark count is zero
09-28 17:52:51.757   822  1089 E C01406/skia: SurfaceNodeDrawable DrawCommSurfaceWatermark Name:SCBStatusBar15 Id:8516920148195 water mark count is zero
09-28 17:52:51.759   822  1089 E C02515/DISP: [0;32;31m[GetMetadata:109] <private> is not supported[m
09-28 17:52:51.759   822  1089 E C02515/DISP: [0;32;31m[SetMetadata:102] <private> is not supported[m
09-28 17:52:51.759   822  1089 E C02515/METADATA_SRV: [0;32;31m[SetMetadata:136]  fail[m
09-28 17:52:51.759   822  1089 E C01401/Bufferqueue: <surface_buffer_impl.cpp:714-SetMetadata>: SetMetadata Failed with -5
09-28 17:52:51.759   822  1089 E C01406/skia: RSUniRenderComposerAdapter::SetBufferColorSpace set color space fail
09-28 17:52:51.768   850   982 I C02d13/HDC_LOG: [daemon.cpp:1142] FetchCommand channelId:1236977612 command:1001
09-28 17:52:51.768   850   982 I C02d13/HDC_LOG: [session.cpp:1652] New HTaskInfo cid:1236977612 sid:246******508(L:10) command:1001
09-28 17:52:51.768   850   982 I C02d13/HDC_LOG: [session.cpp:891] AdminTask add task type:0 cid:1236977612 sid:246******508(L:10) mapsize:2
09-28 17:52:51.768   850   982 I C02d13/HDC_LOG: [task.cpp:34] HdcTaskBase type:0 cid:1236977612 sid:246******508(L:10)
09-28 17:52:51.768 14198 14423 I C00f00/OH_DER_VSync: onOhVsync ENTRY ts=<private> data=<private>
09-28 17:52:51.768   850   982 I C02d13/HDC_LOG: [daemon_unity.cpp:414] Unity CommandDispatch command:1001 cid:1236977612 sid:246******508(L:10)
09-28 17:52:51.768   850   982 W C02d13/HDC_LOG: [async_cmd.cpp:114] GetDevItem false key:persist.hdc.root
09-28 17:52:51.768 14198 14422 I C00f00/OH_DER_VSync: scheduleVsync ENTRY receiverPtr=0x<private>
09-28 17:52:51.768 14198 14422 I C00f00/OH_DER_VSync: scheduleVsync calling RequestFrame ohVsync=<private>
09-28 17:52:51.769 14198 14422 I C00f00/OH_DER_VSync: scheduleVsync RequestFrame rc=<private>
09-28 17:52:51.769   850 14914 I C02d13/HDC_LOG: [async_cmd.cpp:225] Popen pipe fds[pipeRead]:32 fds[pipeWrite]:36, mode 0
09-28 17:52:51.770   822  1208 E C02515/DISP: [0;32;31m[SetMetadata:102] <private> is not supported[m
09-28 17:52:51.770   822  1208 E C02515/METADATA_SRV: [0;32;31m[SetMetadata:136]  fail[m
09-28 17:52:51.770   822  1208 E C01401/Bufferqueue: <surface_buffer_impl.cpp:714-SetMetadata>: SetMetadata Failed with -5
09-28 17:52:51.771   798  1062 E C02515/DISP: [0;32;31m[SetLayerMaskInfo@display_composer_vdi_impl.cpp:404] <private> is not supported[m
09-28 17:52:51.771   822  1240 E C02515/DISP: [0;32;31m[SetMetadata:102] <private> is not supported[m
09-28 17:52:51.771   822  1240 E C02515/METADATA_SRV: [0;32;31m[SetMetadata:136]  fail[m
09-28 17:52:51.771   822  1240 E C01401/Bufferqueue: <surface_buffer_impl.cpp:714-SetMetadata>: SetMetadata Failed with -5
09-28 17:52:51.772   850   982 I C02d13/HDC_LOG: [async_cmd.cpp:291] ExecuteCommand cmd:param get const.product.os.dist.apiname fd:32 pid:14915
09-28 17:52:51.772   798  1062 E C02515/DISP: [0;32;31m[SetDisplayClientDamage@display_composer_vdi_impl.cpp:179] <private> is not supported[m
09-28 17:52:51.772   850   982 I C02d13/HDC_LOG: [daemon_unity.cpp:486] Unity CommandDispatch command:1001 finish cid:1236977612 sid:246******508(L:10)
09-28 17:52:51.774 14915 14915 W C02d13/HDC_LOG: [async_cmd.cpp:140] SetSelinuxLabel con:u:r:su:s0 isRoot:0
09-28 17:52:51.785 14198 14423 I C00f00/OH_DER_VSync: onOhVsync ENTRY ts=<private> data=<private>
09-28 17:52:51.785   822   822 E C02515/DISP: [0;32;31m[GetMetadata:109] <private> is not supported[m
09-28 17:52:51.785 14198 14422 I C00f00/OH_DER_VSync: scheduleVsync ENTRY receiverPtr=0x<private>
09-28 17:52:51.785 14198 14422 I C00f00/OH_DER_VSync: scheduleVsync calling RequestFrame ohVsync=<private>
09-28 17:52:51.785 14198 14422 I C00f00/OH_DER_VSync: scheduleVsync RequestFrame rc=<private>
09-28 17:52:51.785   822   822 E C02515/DISP: [0;32;31m[GetMetadata:109] <private> is not supported[m
09-28 17:52:51.785   822   822 E C02515/DISP: [0;32;31m[GetMetadata:109] <private> is not supported[m
09-28 17:52:51.786   822   822 E C01406/skia: RSBaseRenderUtil::DealWithSurfaceRotationAndGravity, GetSurfaceBufferOpaque:0
09-28 17:52:51.787   822   822 E C02515/DISP: [0;32;31m[GetMetadata:109] <private> is not supported[m
09-28 17:52:51.787   822   822 E C01406/skia: RSBaseRenderUtil::DealWithSurfaceRotationAndGravity, GetSurfaceBufferOpaque:0
09-28 17:52:51.787   822   822 E C02515/DISP: [0;32;31m[GetMetadata:109] <private> is not supported[m
09-28 17:52:51.788   822  1089 E C02515/DISP: [0;32;31m[SetMetadata:102] <private> is not supported[m
09-28 17:52:51.788   822  1089 E C02515/METADATA_SRV: [0;32;31m[SetMetadata:136]  fail[m
09-28 17:52:51.788   822  1089 E C01401/Bufferqueue: <surface_buffer_impl.cpp:714-SetMetadata>: SetMetadata Failed with -5
09-28 17:52:51.789   822  1089 E C01406/skia: SurfaceNodeDrawable DrawCommSurfaceWatermark Name:SCBWallpaper5 Id:8516920147979 water mark count is zero
09-28 17:52:51.790   822  1089 E C01406/skia: SurfaceNodeDrawable DrawCommSurfaceWatermark Name:SCBDesktop6 Id:8516920147988 water mark count is zero
09-28 17:52:51.790   822  1089 E C01406/skia: RSBaseRenderUtil::DealWithSurfaceRotationAndGravity, GetSurfaceBufferOpaque:0
09-28 17:52:51.790   822  1089 I C01406/WRAP: AHardwareBuffer_createFromHandle index = <private> handle = <private>, ahb = <private>
09-28 17:52:51.791   822  1089 E C01406/skia: SurfaceNodeDrawable DrawCommSurfaceWatermark Name:AdapterActivityContent Id:60979945668611 water mark count is zero
09-28 17:52:51.791   822  1089 E C01406/skia: RSBaseRenderUtil::DealWithSurfaceRotationAndGravity, GetSurfaceBufferOpaque:0
09-28 17:52:51.791   822  1089 I C01406/WRAP: AHardwareBuffer_createFromHandle index = <private> handle = <private>, ahb = <private>
09-28 17:52:51.791   822  1089 E C01406/skia: SurfaceNodeDrawable DrawCommSurfaceWatermark Name:AdapterSurfaceView Id:60979945668612 water mark count is zero
09-28 17:52:51.791   822  1089 E C01406/skia: SurfaceNodeDrawable DrawCommSurfaceWatermark Name:com.a2hlab.bridge.zigzag/com.unity3d.player.UnityPlayerActivity Id:60979945668609 water mark count is zero
09-28 17:52:51.791   822  1089 E C01406/skia: SurfaceNodeDrawable DrawCommSurfaceWatermark Name:WindowScene_zigzag35 Id:8516920148845 water mark count is zero
09-28 17:52:51.791   822  1089 E C01406/skia: SurfaceNodeDrawable DrawCommSurfaceWatermark Name:SCBGestureNavBar13 Id:8516920148115 water mark count is zero
09-28 17:52:51.791   822  1089 E C01406/skia: SurfaceNodeDrawable DrawCommSurfaceWatermark Name:SCBStatusBar15 Id:8516920148195 water mark count is zero
09-28 17:52:51.793   822  1089 E C02515/DISP: [0;32;31m[GetMetadata:109] <private> is not supported[m
09-28 17:52:51.794   822  1089 E C02515/DISP: [0;32;31m[SetMetadata:102] <private> is not supported[m
09-28 17:52:51.794   822  1089 E C02515/METADATA_SRV: [0;32;31m[SetMetadata:136]  fail[m
09-28 17:52:51.794   822  1089 E C01401/Bufferqueue: <surface_buffer_impl.cpp:714-SetMetadata>: SetMetadata Failed with -5
09-28 17:52:51.794   822  1089 E C01406/skia: RSUniRenderComposerAdapter::SetBufferColorSpace set color space fail
09-28 17:52:51.802 14198 14423 I C00f00/OH_DER_VSync: onOhVsync ENTRY ts=<private> data=<private>
09-28 17:52:51.802 14198 14422 I C00f00/OH_DER_VSync: scheduleVsync ENTRY receiverPtr=0x<private>
09-28 17:52:51.802 14198 14422 I C00f00/OH_DER_VSync: scheduleVsync calling RequestFrame ohVsync=<private>
09-28 17:52:51.802 14198 14422 I C00f00/OH_DER_VSync: scheduleVsync RequestFrame rc=<private>
09-28 17:52:51.803   822  1208 E C02515/DISP: [0;32;31m[SetMetadata:102] <private> is not supported[m
09-28 17:52:51.803   822  1208 E C02515/METADATA_SRV: [0;32;31m[SetMetadata:136]  fail[m
09-28 17:52:51.803   822  1208 E C01401/Bufferqueue: <surface_buffer_impl.cpp:714-SetMetadata>: SetMetadata Failed with -5
09-28 17:52:51.804   798  1062 E C02515/DISP: [0;32;31m[SetLayerMaskInfo@display_composer_vdi_impl.cpp:404] <private> is not supported[m
09-28 17:52:51.804   822  1240 E C02515/DISP: [0;32;31m[SetMetadata:102] <private> is not supported[m
09-28 17:52:51.804   822  1240 E C02515/METADATA_SRV: [0;32;31m[SetMetadata:136]  fail[m
09-28 17:52:51.804   822  1240 E C01401/Bufferqueue: <surface_buffer_impl.cpp:714-SetMetadata>: SetMetadata Failed with -5
09-28 17:52:51.805   798  1062 E C02515/DISP: [0;32;31m[SetDisplayClientDamage@display_composer_vdi_impl.cpp:179] <private> is not supported[m
09-28 17:52:51.811   850 14916 I C02d13/HDC_LOG: [async_cmd.cpp:88] FinishShellProc finish pipeRead fd:32 pid:14915 count:1
09-28 17:52:51.811   850 14916 I C02d13/HDC_LOG: [task.cpp:55] HdcTaskBase::TaskFinish notify begin type:0 cid:1236977612 sid:246******508(L:10)
09-28 17:52:51.811   850 14916 I C02d13/HDC_LOG: [task.cpp:58] HdcTaskBase::TaskFinish notify end type:0 cid:1236977612 sid:246******508(L:10)
09-28 17:52:51.813   850   982 I C02d13/HDC_LOG: [daemon.cpp:1142] FetchCommand channelId:1236977612 command:2
09-28 17:52:51.813   850   982 W C02d13/HDC_LOG: [session.cpp:160] BeginRemoveTask taskType:0 channelId:1236977612
09-28 17:52:51.813   850   982 W C02d13/HDC_LOG: [session.cpp:190] ClearOwnTasks OP_CLEAR finish, sessionId:246******508(L:10) channelIDInput:1236977612
09-28 17:52:51.813   850   982 W C02d13/HDC_LOG: [session.cpp:115] taskClassDeleteRetry start clear task, taskType:0 cid:1236977612 sid:246******508(L:10)
09-28 17:52:51.813   850   982 I C02d13/HDC_LOG: [async_cmd.cpp:69] DoRelease rc:-3 pid:14915
09-28 17:52:51.813   850   982 I C02d13/HDC_LOG: [session.cpp:126] TaskDelay task remove retry count 0/30, taskType:0 channelId:1236977612, sessionId:246******508(L:10)
09-28 17:52:51.813   850   982 I C02d13/HDC_LOG: [daemon_unity.cpp:31] ~HdcDaemonUnity cid:1236977612 sid:246******508(L:10)
09-28 17:52:51.813   850   982 I C02d13/HDC_LOG: [task.cpp:40] ~HdcTaskBase type:0 cid:1236977612 sid:246******508(L:10)
09-28 17:52:51.813   850   982 W C02d13/HDC_LOG: [session.cpp:134] TaskDelay task remove finish, channelId:1236977612
09-28 17:52:51.813   850   982 I C02d13/HDC_LOG: [base.cpp:969] before uv handle close, the uv handle type is 13
09-28 17:52:51.818 14198 14423 I C00f00/OH_DER_VSync: onOhVsync ENTRY ts=<private> data=<private>
09-28 17:52:51.818   850   982 I C02d13/HDC_LOG: [daemon.cpp:1142] FetchCommand channelId:1236977612 command:2
09-28 17:52:51.818 14198 14422 I C00f00/OH_DER_VSync: scheduleVsync ENTRY receiverPtr=0x<private>
09-28 17:52:51.818 14198 14422 I C00f00/OH_DER_VSync: scheduleVsync calling RequestFrame ohVsync=<private>
09-28 17:52:51.818   822   822 E C02515/DISP: [0;32;31m[GetMetadata:109] <private> is not supported[m
09-28 17:52:51.819 14198 14422 I C00f00/OH_DER_VSync: scheduleVsync RequestFrame rc=<private>
09-28 17:52:51.819   822   822 E C02515/DISP: [0;32;31m[GetMetadata:109] <private> is not supported[m
09-28 17:52:51.819   822   822 E C02515/DISP: [0;32;31m[GetMetadata:109] <private> is not supported[m
09-28 17:52:51.820   822   822 E C01406/skia: RSBaseRenderUtil::DealWithSurfaceRotationAndGravity, GetSurfaceBufferOpaque:0
09-28 17:52:51.820   822   822 E C02515/DISP: [0;32;31m[GetMetadata:109] <private> is not supported[m
09-28 17:52:51.820   822   822 E C01406/skia: RSBaseRenderUtil::DealWithSurfaceRotationAndGravity, GetSurfaceBufferOpaque:0
09-28 17:52:51.820   822   822 E C02515/DISP: [0;32;31m[GetMetadata:109] <private> is not supported[m
09-28 17:52:51.822   822  1089 E C02515/DISP: [0;32;31m[SetMetadata:102] <private> is not supported[m
09-28 17:52:51.822   822  1089 E C02515/METADATA_SRV: [0;32;31m[SetMetadata:136]  fail[m
09-28 17:52:51.822   822  1089 E C01401/Bufferqueue: <surface_buffer_impl.cpp:714-SetMetadata>: SetMetadata Failed with -5
09-28 17:52:51.822   822  1089 E C01406/skia: SurfaceNodeDrawable DrawCommSurfaceWatermark Name:SCBWallpaper5 Id:8516920147979 water mark count is zero
09-28 17:52:51.823   822  1089 E C01406/skia: SurfaceNodeDrawable DrawCommSurfaceWatermark Name:SCBDesktop6 Id:8516920147988 water mark count is zero
09-28 17:52:51.823   822  1089 E C01406/skia: RSBaseRenderUtil::DealWithSurfaceRotationAndGravity, GetSurfaceBufferOpaque:0
09-28 17:52:51.824   822  1089 I C01406/WRAP: AHardwareBuffer_createFromHandle index = <private> handle = <private>, ahb = <private>
09-28 17:52:51.824   822  1089 E C01406/skia: SurfaceNodeDrawable DrawCommSurfaceWatermark Name:AdapterActivityContent Id:60979945668611 water mark count is zero
09-28 17:52:51.824   822  1089 E C01406/skia: RSBaseRenderUtil::DealWithSurfaceRotationAndGravity, GetSurfaceBufferOpaque:0
09-28 17:52:51.824   822  1089 I C01406/WRAP: AHardwareBuffer_createFromHandle index = <private> handle = <private>, ahb = <private>
09-28 17:52:51.824   822  1089 E C01406/skia: SurfaceNodeDrawable DrawCommSurfaceWatermark Name:AdapterSurfaceView Id:60979945668612 water mark count is zero
09-28 17:52:51.824   822  1089 E C01406/skia: SurfaceNodeDrawable DrawCommSurfaceWatermark Name:com.a2hlab.bridge.zigzag/com.unity3d.player.UnityPlayerActivity Id:60979945668609 water mark count is zero
09-28 17:52:51.824   822  1089 E C01406/skia: SurfaceNodeDrawable DrawCommSurfaceWatermark Name:WindowScene_zigzag35 Id:8516920148845 water mark count is zero
09-28 17:52:51.824   822  1089 E C01406/skia: SurfaceNodeDrawable DrawCommSurfaceWatermark Name:SCBGestureNavBar13 Id:8516920148115 water mark count is zero
09-28 17:52:51.825   822  1089 E C01406/skia: SurfaceNodeDrawable DrawCommSurfaceWatermark Name:SCBStatusBar15 Id:8516920148195 water mark count is zero
09-28 17:52:51.827   822  1089 E C02515/DISP: [0;32;31m[GetMetadata:109] <private> is not supported[m
09-28 17:52:51.827   822  1089 E C02515/DISP: [0;32;31m[SetMetadata:102] <private> is not supported[m
09-28 17:52:51.827   822  1089 E C02515/METADATA_SRV: [0;32;31m[SetMetadata:136]  fail[m
09-28 17:52:51.827   822  1089 E C01401/Bufferqueue: <surface_buffer_impl.cpp:714-SetMetadata>: SetMetadata Failed with -5
09-28 17:52:51.827   822  1089 E C01406/skia: RSUniRenderComposerAdapter::SetBufferColorSpace set color space fail
09-28 17:52:51.835 14198 14423 I C00f00/OH_DER_VSync: onOhVsync ENTRY ts=<private> data=<private>
09-28 17:52:51.835 14198 14422 I C00f00/OH_DER_VSync: scheduleVsync ENTRY receiverPtr=0x<private>
09-28 17:52:51.835 14198 14422 I C00f00/OH_DER_VSync: scheduleVsync calling RequestFrame ohVsync=<private>
09-28 17:52:51.835 14198 14422 I C00f00/OH_DER_VSync: scheduleVsync RequestFrame rc=<private>
09-28 17:52:51.837   822  1208 E C02515/DISP: [0;32;31m[SetMetadata:102] <private> is not supported[m
09-28 17:52:51.837   822  1208 E C02515/METADATA_SRV: [0;32;31m[SetMetadata:136]  fail[m
09-28 17:52:51.837   822  1208 E C01401/Bufferqueue: <surface_buffer_impl.cpp:714-SetMetadata>: SetMetadata Failed with -5
09-28 17:52:51.838   798  1062 E C02515/DISP: [0;32;31m[SetLayerMaskInfo@display_composer_vdi_impl.cpp:404] <private> is not supported[m
09-28 17:52:51.838   822  1240 E C02515/DISP: [0;32;31m[SetMetadata:102] <private> is not supported[m
09-28 17:52:51.838   822  1240 E C02515/METADATA_SRV: [0;32;31m[SetMetadata:136]  fail[m
09-28 17:52:51.838   822  1240 E C01401/Bufferqueue: <surface_buffer_impl.cpp:714-SetMetadata>: SetMetadata Failed with -5
09-28 17:52:51.839   798  1062 E C02515/DISP: [0;32;31m[SetDisplayClientDamage@display_composer_vdi_impl.cpp:179] <private> is not supported[m
09-28 17:52:51.852 14198 14423 I C00f00/OH_DER_VSync: onOhVsync ENTRY ts=<private> data=<private>
09-28 17:52:51.852 14198 14422 I C00f00/OH_DER_VSync: scheduleVsync ENTRY receiverPtr=0x<private>
09-28 17:52:51.852 14198 14422 I C00f00/OH_DER_VSync: scheduleVsync calling RequestFrame ohVsync=<private>
09-28 17:52:51.852   822   822 E C02515/DISP: [0;32;31m[GetMetadata:109] <private> is not supported[m
09-28 17:52:51.852 14198 14422 I C00f00/OH_DER_VSync: scheduleVsync RequestFrame rc=<private>
09-28 17:52:51.852   822   822 E C02515/DISP: [0;32;31m[GetMetadata:109] <private> is not supported[m
09-28 17:52:51.852   822   822 E C02515/DISP: [0;32;31m[GetMetadata:109] <private> is not supported[m
09-28 17:52:51.853   822   822 E C01406/skia: RSBaseRenderUtil::DealWithSurfaceRotationAndGravity, GetSurfaceBufferOpaque:0
09-28 17:52:51.853   822   822 E C02515/DISP: [0;32;31m[GetMetadata:109] <private> is not supported[m
09-28 17:52:51.853   822   822 E C01406/skia: RSBaseRenderUtil::DealWithSurfaceRotationAndGravity, GetSurfaceBufferOpaque:0
09-28 17:52:51.853   822   822 E C02515/DISP: [0;32;31m[GetMetadata:109] <private> is not supported[m
09-28 17:52:51.855   822  1089 E C02515/DISP: [0;32;31m[SetMetadata:102] <private> is not supported[m
09-28 17:52:51.855   822  1089 E C02515/METADATA_SRV: [0;32;31m[SetMetadata:136]  fail[m
09-28 17:52:51.855   822  1089 E C01401/Bufferqueue: <surface_buffer_impl.cpp:714-SetMetadata>: SetMetadata Failed with -5
09-28 17:52:51.855   822  1089 E C01406/skia: SurfaceNodeDrawable DrawCommSurfaceWatermark Name:SCBWallpaper5 Id:8516920147979 water mark count is zero
09-28 17:52:51.857   822  1089 E C01406/skia: SurfaceNodeDrawable DrawCommSurfaceWatermark Name:SCBDesktop6 Id:8516920147988 water mark count is zero
09-28 17:52:51.857   822  1089 E C01406/skia: RSBaseRenderUtil::DealWithSurfaceRotationAndGravity, GetSurfaceBufferOpaque:0
09-28 17:52:51.857   822  1089 I C01406/WRAP: AHardwareBuffer_createFromHandle index = <private> handle = <private>, ahb = <private>
09-28 17:52:51.857   822  1089 E C01406/skia: SurfaceNodeDrawable DrawCommSurfaceWatermark Name:AdapterActivityContent Id:60979945668611 water mark count is zero
09-28 17:52:51.857   822  1089 E C01406/skia: RSBaseRenderUtil::DealWithSurfaceRotationAndGravity, GetSurfaceBufferOpaque:0
09-28 17:52:51.857   822  1089 I C01406/WRAP: AHardwareBuffer_createFromHandle index = <private> handle = <private>, ahb = <private>
09-28 17:52:51.857   822  1089 E C01406/skia: SurfaceNodeDrawable DrawCommSurfaceWatermark Name:AdapterSurfaceView Id:60979945668612 water mark count is zero
09-28 17:52:51.857   822  1089 E C01406/skia: SurfaceNodeDrawable DrawCommSurfaceWatermark Name:com.a2hlab.bridge.zigzag/com.unity3d.player.UnityPlayerActivity Id:60979945668609 water mark count is zero
09-28 17:52:51.857   822  1089 E C01406/skia: SurfaceNodeDrawable DrawCommSurfaceWatermark Name:WindowScene_zigzag35 Id:8516920148845 water mark count is zero
09-28 17:52:51.858   822  1089 E C01406/skia: SurfaceNodeDrawable DrawCommSurfaceWatermark Name:SCBGestureNavBar13 Id:8516920148115 water mark count is zero
09-28 17:52:51.858   822  1089 E C01406/skia: SurfaceNodeDrawable DrawCommSurfaceWatermark Name:SCBStatusBar15 Id:8516920148195 water mark count is zero
09-28 17:52:51.860   822  1089 E C02515/DISP: [0;32;31m[GetMetadata:109] <private> is not supported[m
09-28 17:52:51.860   822  1089 E C02515/DISP: [0;32;31m[SetMetadata:102] <private> is not supported[m
09-28 17:52:51.860   822  1089 E C02515/METADATA_SRV: [0;32;31m[SetMetadata:136]  fail[m
09-28 17:52:51.860   822  1089 E C01401/Bufferqueue: <surface_buffer_impl.cpp:714-SetMetadata>: SetMetadata Failed with -5
09-28 17:52:51.860   822  1089 E C01406/skia: RSUniRenderComposerAdapter::SetBufferColorSpace set color space fail
09-28 17:52:51.868 14198 14423 I C00f00/OH_DER_VSync: onOhVsync ENTRY ts=<private> data=<private>
09-28 17:52:51.868 14198 14422 I C00f00/OH_DER_VSync: scheduleVsync ENTRY receiverPtr=0x<private>
09-28 17:52:51.868 14198 14422 I C00f00/OH_DER_VSync: scheduleVsync calling RequestFrame ohVsync=<private>
09-28 17:52:51.869 14198 14422 I C00f00/OH_DER_VSync: scheduleVsync RequestFrame rc=<private>
09-28 17:52:51.870   822  1208 E C02515/DISP: [0;32;31m[SetMetadata:102] <private> is not supported[m
09-28 17:52:51.870   822  1208 E C02515/METADATA_SRV: [0;32;31m[SetMetadata:136]  fail[m
09-28 17:52:51.870   822  1208 E C01401/Bufferqueue: <surface_buffer_impl.cpp:714-SetMetadata>: SetMetadata Failed with -5
09-28 17:52:51.872   798  1062 E C02515/DISP: [0;32;31m[SetLayerMaskInfo@display_composer_vdi_impl.cpp:404] <private> is not supported[m
09-28 17:52:51.872   822  1240 E C02515/DISP: [0;32;31m[SetMetadata:102] <private> is not supported[m
09-28 17:52:51.872   822  1240 E C02515/METADATA_SRV: [0;32;31m[SetMetadata:136]  fail[m
09-28 17:52:51.872   822  1240 E C01401/Bufferqueue: <surface_buffer_impl.cpp:714-SetMetadata>: SetMetadata Failed with -5
09-28 17:52:51.873   798  1062 E C02515/DISP: [0;32;31m[SetDisplayClientDamage@display_composer_vdi_impl.cpp:179] <private> is not supported[m
09-28 17:52:51.885 14198 14423 I C00f00/OH_DER_VSync: onOhVsync ENTRY ts=<private> data=<private>
09-28 17:52:51.885 14198 14422 I C00f00/OH_DER_VSync: scheduleVsync ENTRY receiverPtr=0x<private>
09-28 17:52:51.885 14198 14422 I C00f00/OH_DER_VSync: scheduleVsync calling RequestFrame ohVsync=<private>
09-28 17:52:51.885   822   822 E C02515/DISP: [0;32;31m[GetMetadata:109] <private> is not supported[m
09-28 17:52:51.885 14198 14422 I C00f00/OH_DER_VSync: scheduleVsync RequestFrame rc=<private>
09-28 17:52:51.885   822   822 E C02515/DISP: [0;32;31m[GetMetadata:109] <private> is not supported[m
09-28 17:52:51.885   822   822 E C02515/DISP: [0;32;31m[GetMetadata:109] <private> is not supported[m
09-28 17:52:51.886   822   822 E C01406/skia: RSBaseRenderUtil::DealWithSurfaceRotationAndGravity, GetSurfaceBufferOpaque:0
09-28 17:52:51.887   822   822 E C02515/DISP: [0;32;31m[GetMetadata:109] <private> is not supported[m
09-28 17:52:51.887   822   822 E C01406/skia: RSBaseRenderUtil::DealWithSurfaceRotationAndGravity, GetSurfaceBufferOpaque:0
09-28 17:52:51.887   822   822 E C02515/DISP: [0;32;31m[GetMetadata:109] <private> is not supported[m
09-28 17:52:51.889   822  1089 E C02515/DISP: [0;32;31m[SetMetadata:102] <private> is not supported[m
09-28 17:52:51.889   822  1089 E C02515/METADATA_SRV: [0;32;31m[SetMetadata:136]  fail[m
09-28 17:52:51.889   822  1089 E C01401/Bufferqueue: <surface_buffer_impl.cpp:714-SetMetadata>: SetMetadata Failed with -5
09-28 17:52:51.890   822  1089 E C01406/skia: SurfaceNodeDrawable DrawCommSurfaceWatermark Name:SCBWallpaper5 Id:8516920147979 water mark count is zero
09-28 17:52:51.893   822  1089 E C01406/skia: SurfaceNodeDrawable DrawCommSurfaceWatermark Name:SCBDesktop6 Id:8516920147988 water mark count is zero
09-28 17:52:51.893   822  1089 E C01406/skia: RSBaseRenderUtil::DealWithSurfaceRotationAndGravity, GetSurfaceBufferOpaque:0
09-28 17:52:51.894   822  1089 I C01406/WRAP: AHardwareBuffer_createFromHandle index = <private> handle = <private>, ahb = <private>
09-28 17:52:51.894   822  1089 E C01406/skia: SurfaceNodeDrawable DrawCommSurfaceWatermark Name:AdapterActivityContent Id:60979945668611 water mark count is zero
09-28 17:52:51.894   822  1089 E C01406/skia: RSBaseRenderUtil::DealWithSurfaceRotationAndGravity, GetSurfaceBufferOpaque:0
09-28 17:52:51.894   822  1089 I C01406/WRAP: AHardwareBuffer_createFromHandle index = <private> handle = <private>, ahb = <private>
09-28 17:52:51.895   822  1089 E C01406/skia: SurfaceNodeDrawable DrawCommSurfaceWatermark Name:AdapterSurfaceView Id:60979945668612 water mark count is zero
09-28 17:52:51.895   822  1089 E C01406/skia: SurfaceNodeDrawable DrawCommSurfaceWatermark Name:com.a2hlab.bridge.zigzag/com.unity3d.player.UnityPlayerActivity Id:60979945668609 water mark count is zero
09-28 17:52:51.895   822  1089 E C01406/skia: SurfaceNodeDrawable DrawCommSurfaceWatermark Name:WindowScene_zigzag35 Id:8516920148845 water mark count is zero
09-28 17:52:51.896   822  1089 E C01406/skia: SurfaceNodeDrawable DrawCommSurfaceWatermark Name:SCBGestureNavBar13 Id:8516920148115 water mark count is zero
09-28 17:52:51.896   822  1089 E C01406/skia: SurfaceNodeDrawable DrawCommSurfaceWatermark Name:SCBStatusBar15 Id:8516920148195 water mark count is zero
09-28 17:52:51.899   822  1089 E C02515/DISP: [0;32;31m[GetMetadata:109] <private> is not supported[m
09-28 17:52:51.899   822  1089 E C02515/DISP: [0;32;31m[SetMetadata:102] <private> is not supported[m
09-28 17:52:51.899   822  1089 E C02515/METADATA_SRV: [0;32;31m[SetMetadata:136]  fail[m
09-28 17:52:51.900   822  1089 E C01401/Bufferqueue: <surface_buffer_impl.cpp:714-SetMetadata>: SetMetadata Failed with -5
09-28 17:52:51.900   822  1089 E C01406/skia: RSUniRenderComposerAdapter::SetBufferColorSpace set color space fail
09-28 17:52:51.902 14198 14423 I C00f00/OH_DER_VSync: onOhVsync ENTRY ts=<private> data=<private>
09-28 17:52:51.902 14198 14422 I C00f00/OH_DER_VSync: scheduleVsync ENTRY receiverPtr=0x<private>
09-28 17:52:51.902 14198 14422 I C00f00/OH_DER_VSync: scheduleVsync calling RequestFrame ohVsync=<private>
09-28 17:52:51.902 14198 14422 I C00f00/OH_DER_VSync: scheduleVsync RequestFrame rc=<private>
09-28 17:52:51.904   798  1062 E C02515/DISP: [0;32;31m[SetLayerMaskInfo@display_composer_vdi_impl.cpp:404] <private> is not supported[m
09-28 17:52:51.904   822  1208 E C02515/DISP: [0;32;31m[SetMetadata:102] <private> is not supported[m
09-28 17:52:51.904   822  1208 E C02515/METADATA_SRV: [0;32;31m[SetMetadata:136]  fail[m
09-28 17:52:51.904   822  1208 E C01401/Bufferqueue: <surface_buffer_impl.cpp:714-SetMetadata>: SetMetadata Failed with -5
09-28 17:52:51.904   822  1240 E C02515/DISP: [0;32;31m[SetMetadata:102] <private> is not supported[m
09-28 17:52:51.905   822  1240 E C02515/METADATA_SRV: [0;32;31m[SetMetadata:136]  fail[m
09-28 17:52:51.905   822  1240 E C01401/Bufferqueue: <surface_buffer_impl.cpp:714-SetMetadata>: SetMetadata Failed with -5
09-28 17:52:51.906   798  1062 E C02515/DISP: [0;32;31m[SetDisplayClientDamage@display_composer_vdi_impl.cpp:179] <private> is not supported[m
09-28 17:52:51.918 14198 14423 I C00f00/OH_DER_VSync: onOhVsync ENTRY ts=<private> data=<private>
09-28 17:52:51.918 14198 14422 I C00f00/OH_DER_VSync: scheduleVsync ENTRY receiverPtr=0x<private>
09-28 17:52:51.918 14198 14422 I C00f00/OH_DER_VSync: scheduleVsync calling RequestFrame ohVsync=<private>
09-28 17:52:51.918   822   822 E C02515/DISP: [0;32;31m[GetMetadata:109] <private> is not supported[m
09-28 17:52:51.919 14198 14422 I C00f00/OH_DER_VSync: scheduleVsync RequestFrame rc=<private>
09-28 17:52:51.919   822   822 E C02515/DISP: [0;32;31m[GetMetadata:109] <private> is not supported[m
09-28 17:52:51.919   822   822 E C02515/DISP: [0;32;31m[GetMetadata:109] <private> is not supported[m
09-28 17:52:51.920   822   822 E C01406/skia: RSBaseRenderUtil::DealWithSurfaceRotationAndGravity, GetSurfaceBufferOpaque:0
09-28 17:52:51.920   822   822 E C02515/DISP: [0;32;31m[GetMetadata:109] <private> is not supported[m
09-28 17:52:51.920   822   822 E C01406/skia: RSBaseRenderUtil::DealWithSurfaceRotationAndGravity, GetSurfaceBufferOpaque:0
09-28 17:52:51.920   822   822 E C02515/DISP: [0;32;31m[GetMetadata:109] <private> is not supported[m
09-28 17:52:51.922   822  1089 E C02515/DISP: [0;32;31m[SetMetadata:102] <private> is not supported[m
09-28 17:52:51.922   822  1089 E C02515/METADATA_SRV: [0;32;31m[SetMetadata:136]  fail[m
09-28 17:52:51.922   822  1089 E C01401/Bufferqueue: <surface_buffer_impl.cpp:714-SetMetadata>: SetMetadata Failed with -5
09-28 17:52:51.922   822  1089 E C01406/skia: SurfaceNodeDrawable DrawCommSurfaceWatermark Name:SCBWallpaper5 Id:8516920147979 water mark count is zero
09-28 17:52:51.923   822  1089 E C01406/skia: SurfaceNodeDrawable DrawCommSurfaceWatermark Name:SCBDesktop6 Id:8516920147988 water mark count is zero
09-28 17:52:51.923   822  1089 E C01406/skia: RSBaseRenderUtil::DealWithSurfaceRotationAndGravity, GetSurfaceBufferOpaque:0
09-28 17:52:51.924   822  1089 I C01406/WRAP: AHardwareBuffer_createFromHandle index = <private> handle = <private>, ahb = <private>
09-28 17:52:51.924   822  1089 E C01406/skia: SurfaceNodeDrawable DrawCommSurfaceWatermark Name:AdapterActivityContent Id:60979945668611 water mark count is zero
09-28 17:52:51.924   822  1089 E C01406/skia: RSBaseRenderUtil::DealWithSurfaceRotationAndGravity, GetSurfaceBufferOpaque:0
09-28 17:52:51.924   822  1089 I C01406/WRAP: AHardwareBuffer_createFromHandle index = <private> handle = <private>, ahb = <private>
09-28 17:52:51.924   822  1089 E C01406/skia: SurfaceNodeDrawable DrawCommSurfaceWatermark Name:AdapterSurfaceView Id:60979945668612 water mark count is zero
09-28 17:52:51.924   822  1089 E C01406/skia: SurfaceNodeDrawable DrawCommSurfaceWatermark Name:com.a2hlab.bridge.zigzag/com.unity3d.player.UnityPlayerActivity Id:60979945668609 water mark count is zero
09-28 17:52:51.924   822  1089 E C01406/skia: SurfaceNodeDrawable DrawCommSurfaceWatermark Name:WindowScene_zigzag35 Id:8516920148845 water mark count is zero
09-28 17:52:51.924   822  1089 E C01406/skia: SurfaceNodeDrawable DrawCommSurfaceWatermark Name:SCBGestureNavBar13 Id:8516920148115 water mark count is zero
09-28 17:52:51.925   822  1089 E C01406/skia: SurfaceNodeDrawable DrawCommSurfaceWatermark Name:SCBStatusBar15 Id:8516920148195 water mark count is zero
09-28 17:52:51.927   822  1089 E C02515/DISP: [0;32;31m[GetMetadata:109] <private> is not supported[m
09-28 17:52:51.927   822  1089 E C02515/DISP: [0;32;31m[SetMetadata:102] <private> is not supported[m
09-28 17:52:51.927   822  1089 E C02515/METADATA_SRV: [0;32;31m[SetMetadata:136]  fail[m
09-28 17:52:51.927   822  1089 E C01401/Bufferqueue: <surface_buffer_impl.cpp:714-SetMetadata>: SetMetadata Failed with -5
09-28 17:52:51.927   822  1089 E C01406/skia: RSUniRenderComposerAdapter::SetBufferColorSpace set color space fail
09-28 17:52:51.935 14198 14423 I C00f00/OH_DER_VSync: onOhVsync ENTRY ts=<private> data=<private>
09-28 17:52:51.935 14198 14422 I C00f00/OH_DER_VSync: scheduleVsync ENTRY receiverPtr=0x<private>
09-28 17:52:51.935 14198 14422 I C00f00/OH_DER_VSync: scheduleVsync calling RequestFrame ohVsync=<private>
09-28 17:52:51.935 14198 14422 I C00f00/OH_DER_VSync: scheduleVsync RequestFrame rc=<private>
09-28 17:52:51.937   822  1208 E C02515/DISP: [0;32;31m[SetMetadata:102] <private> is not supported[m
09-28 17:52:51.937   822  1208 E C02515/METADATA_SRV: [0;32;31m[SetMetadata:136]  fail[m
09-28 17:52:51.937   822  1208 E C01401/Bufferqueue: <surface_buffer_impl.cpp:714-SetMetadata>: SetMetadata Failed with -5
09-28 17:52:51.938   798  1062 E C02515/DISP: [0;32;31m[SetLayerMaskInfo@display_composer_vdi_impl.cpp:404] <private> is not supported[m
09-28 17:52:51.938   822  1240 E C02515/DISP: [0;32;31m[SetMetadata:102] <private> is not supported[m
09-28 17:52:51.938   822  1240 E C02515/METADATA_SRV: [0;32;31m[SetMetadata:136]  fail[m
09-28 17:52:51.938   822  1240 E C01401/Bufferqueue: <surface_buffer_impl.cpp:714-SetMetadata>: SetMetadata Failed with -5
09-28 17:52:51.939   798  1062 E C02515/DISP: [0;32;31m[SetDisplayClientDamage@display_composer_vdi_impl.cpp:179] <private> is not supported[m
09-28 17:52:51.952 14198 14423 I C00f00/OH_DER_VSync: onOhVsync ENTRY ts=<private> data=<private>
09-28 17:52:51.952 14198 14422 I C00f00/OH_DER_VSync: scheduleVsync ENTRY receiverPtr=0x<private>
09-28 17:52:51.952 14198 14422 I C00f00/OH_DER_VSync: scheduleVsync calling RequestFrame ohVsync=<private>
09-28 17:52:51.952 14198 14422 I C00f00/OH_DER_VSync: scheduleVsync RequestFrame rc=<private>
09-28 17:52:51.952   822   822 E C02515/DISP: [0;32;31m[GetMetadata:109] <private> is not supported[m
09-28 17:52:51.952   822   822 E C02515/DISP: [0;32;31m[GetMetadata:109] <private> is not supported[m
09-28 17:52:51.952   822   822 E C02515/DISP: [0;32;31m[GetMetadata:109] <private> is not supported[m
09-28 17:52:51.953   822   822 E C01406/skia: RSBaseRenderUtil::DealWithSurfaceRotationAndGravity, GetSurfaceBufferOpaque:0
09-28 17:52:51.953   822   822 E C02515/DISP: [0;32;31m[GetMetadata:109] <private> is not supported[m
09-28 17:52:51.953   822   822 E C01406/skia: RSBaseRenderUtil::DealWithSurfaceRotationAndGravity, GetSurfaceBufferOpaque:0
09-28 17:52:51.954   822   822 E C02515/DISP: [0;32;31m[GetMetadata:109] <private> is not supported[m
09-28 17:52:51.955   822  1089 E C02515/DISP: [0;32;31m[SetMetadata:102] <private> is not supported[m
09-28 17:52:51.955   822  1089 E C02515/METADATA_SRV: [0;32;31m[SetMetadata:136]  fail[m
09-28 17:52:51.955   822  1089 E C01401/Bufferqueue: <surface_buffer_impl.cpp:714-SetMetadata>: SetMetadata Failed with -5
09-28 17:52:51.955   822  1089 E C01406/skia: SurfaceNodeDrawable DrawCommSurfaceWatermark Name:SCBWallpaper5 Id:8516920147979 water mark count is zero
09-28 17:52:51.957   822  1089 E C01406/skia: SurfaceNodeDrawable DrawCommSurfaceWatermark Name:SCBDesktop6 Id:8516920147988 water mark count is zero
09-28 17:52:51.957   822  1089 E C01406/skia: RSBaseRenderUtil::DealWithSurfaceRotationAndGravity, GetSurfaceBufferOpaque:0
09-28 17:52:51.957   822  1089 I C01406/WRAP: AHardwareBuffer_createFromHandle index = <private> handle = <private>, ahb = <private>
09-28 17:52:51.957   822  1089 E C01406/skia: SurfaceNodeDrawable DrawCommSurfaceWatermark Name:AdapterActivityContent Id:60979945668611 water mark count is zero
09-28 17:52:51.957   822  1089 E C01406/skia: RSBaseRenderUtil::DealWithSurfaceRotationAndGravity, GetSurfaceBufferOpaque:0
09-28 17:52:51.957   822  1089 I C01406/WRAP: AHardwareBuffer_createFromHandle index = <private> handle = <private>, ahb = <private>
09-28 17:52:51.958   822  1089 E C01406/skia: SurfaceNodeDrawable DrawCommSurfaceWatermark Name:AdapterSurfaceView Id:60979945668612 water mark count is zero
09-28 17:52:51.958   822  1089 E C01406/skia: SurfaceNodeDrawable DrawCommSurfaceWatermark Name:com.a2hlab.bridge.zigzag/com.unity3d.player.UnityPlayerActivity Id:60979945668609 water mark count is zero
09-28 17:52:51.958   822  1089 E C01406/skia: SurfaceNodeDrawable DrawCommSurfaceWatermark Name:WindowScene_zigzag35 Id:8516920148845 water mark count is zero
09-28 17:52:51.958   822  1089 E C01406/skia: SurfaceNodeDrawable DrawCommSurfaceWatermark Name:SCBGestureNavBar13 Id:8516920148115 water mark count is zero
09-28 17:52:51.958   822  1089 E C01406/skia: SurfaceNodeDrawable DrawCommSurfaceWatermark Name:SCBStatusBar15 Id:8516920148195 water mark count is zero
09-28 17:52:51.961   822  1089 E C02515/DISP: [0;32;31m[GetMetadata:109] <private> is not supported[m
09-28 17:52:51.961   822  1089 E C02515/DISP: [0;32;31m[SetMetadata:102] <private> is not supported[m
09-28 17:52:51.961   822  1089 E C02515/METADATA_SRV: [0;32;31m[SetMetadata:136]  fail[m
09-28 17:52:51.961   822  1089 E C01401/Bufferqueue: <surface_buffer_impl.cpp:714-SetMetadata>: SetMetadata Failed with -5
09-28 17:52:51.961   822  1089 E C01406/skia: RSUniRenderComposerAdapter::SetBufferColorSpace set color space fail
09-28 17:52:51.968 14198 14423 I C00f00/OH_DER_VSync: onOhVsync ENTRY ts=<private> data=<private>
09-28 17:52:51.968 14198 14422 I C00f00/OH_DER_VSync: scheduleVsync ENTRY receiverPtr=0x<private>
09-28 17:52:51.969 14198 14422 I C00f00/OH_DER_VSync: scheduleVsync calling RequestFrame ohVsync=<private>
09-28 17:52:51.969 14198 14422 I C00f00/OH_DER_VSync: scheduleVsync RequestFrame rc=<private>
09-28 17:52:51.970   822  1208 E C02515/DISP: [0;32;31m[SetMetadata:102] <private> is not supported[m
09-28 17:52:51.970   822  1208 E C02515/METADATA_SRV: [0;32;31m[SetMetadata:136]  fail[m
09-28 17:52:51.970   822  1208 E C01401/Bufferqueue: <surface_buffer_impl.cpp:714-SetMetadata>: SetMetadata Failed with -5
09-28 17:52:51.971   798  1062 E C02515/DISP: [0;32;31m[SetLayerMaskInfo@display_composer_vdi_impl.cpp:404] <private> is not supported[m
09-28 17:52:51.971   822  1240 E C02515/DISP: [0;32;31m[SetMetadata:102] <private> is not supported[m
09-28 17:52:51.971   822  1240 E C02515/METADATA_SRV: [0;32;31m[SetMetadata:136]  fail[m
09-28 17:52:51.971   822  1240 E C01401/Bufferqueue: <surface_buffer_impl.cpp:714-SetMetadata>: SetMetadata Failed with -5
09-28 17:52:51.972   798  1062 E C02515/DISP: [0;32;31m[SetDisplayClientDamage@display_composer_vdi_impl.cpp:179] <private> is not supported[m
09-28 17:52:51.985 14198 14423 I C00f00/OH_DER_VSync: onOhVsync ENTRY ts=<private> data=<private>
09-28 17:52:51.985   822   822 E C02515/DISP: [0;32;31m[GetMetadata:109] <private> is not supported[m
09-28 17:52:51.985   822   822 E C02515/DISP: [0;32;31m[GetMetadata:109] <private> is not supported[m
09-28 17:52:51.985   822   822 E C02515/DISP: [0;32;31m[GetMetadata:109] <private> is not supported[m
09-28 17:52:51.985 14198 14422 I C00f00/OH_DER_VSync: scheduleVsync ENTRY receiverPtr=0x<private>
09-28 17:52:51.985 14198 14422 I C00f00/OH_DER_VSync: scheduleVsync calling RequestFrame ohVsync=<private>
09-28 17:52:51.985 14198 14422 I C00f00/OH_DER_VSync: scheduleVsync RequestFrame rc=<private>
09-28 17:52:51.986   822   822 E C01406/skia: RSBaseRenderUtil::DealWithSurfaceRotationAndGravity, GetSurfaceBufferOpaque:0
09-28 17:52:51.986   822   822 E C02515/DISP: [0;32;31m[GetMetadata:109] <private> is not supported[m
09-28 17:52:51.986   822   822 E C01406/skia: RSBaseRenderUtil::DealWithSurfaceRotationAndGravity, GetSurfaceBufferOpaque:0
09-28 17:52:51.986   822   822 E C02515/DISP: [0;32;31m[GetMetadata:109] <private> is not supported[m
09-28 17:52:51.987   822  1089 E C02515/DISP: [0;32;31m[SetMetadata:102] <private> is not supported[m
09-28 17:52:51.987   822  1089 E C02515/METADATA_SRV: [0;32;31m[SetMetadata:136]  fail[m
09-28 17:52:51.987   822  1089 E C01401/Bufferqueue: <surface_buffer_impl.cpp:714-SetMetadata>: SetMetadata Failed with -5
09-28 17:52:51.988   822  1089 E C01406/skia: SurfaceNodeDrawable DrawCommSurfaceWatermark Name:SCBWallpaper5 Id:8516920147979 water mark count is zero
09-28 17:52:51.991   822  1089 E C01406/skia: SurfaceNodeDrawable DrawCommSurfaceWatermark Name:SCBDesktop6 Id:8516920147988 water mark count is zero
09-28 17:52:51.991   822  1089 E C01406/skia: RSBaseRenderUtil::DealWithSurfaceRotationAndGravity, GetSurfaceBufferOpaque:0
09-28 17:52:51.992   822  1089 I C01406/WRAP: AHardwareBuffer_createFromHandle index = <private> handle = <private>, ahb = <private>
09-28 17:52:51.992   822  1089 E C01406/skia: SurfaceNodeDrawable DrawCommSurfaceWatermark Name:AdapterActivityContent Id:60979945668611 water mark count is zero
09-28 17:52:51.992   822  1089 E C01406/skia: RSBaseRenderUtil::DealWithSurfaceRotationAndGravity, GetSurfaceBufferOpaque:0
09-28 17:52:51.993   822  1089 I C01406/WRAP: AHardwareBuffer_createFromHandle index = <private> handle = <private>, ahb = <private>
09-28 17:52:51.993   822  1089 E C01406/skia: SurfaceNodeDrawable DrawCommSurfaceWatermark Name:AdapterSurfaceView Id:60979945668612 water mark count is zero
09-28 17:52:51.993   822  1089 E C01406/skia: SurfaceNodeDrawable DrawCommSurfaceWatermark Name:com.a2hlab.bridge.zigzag/com.unity3d.player.UnityPlayerActivity Id:60979945668609 water mark count is zero
09-28 17:52:51.993   822  1089 E C01406/skia: SurfaceNodeDrawable DrawCommSurfaceWatermark Name:WindowScene_zigzag35 Id:8516920148845 water mark count is zero
09-28 17:52:51.994   822  1089 E C01406/skia: SurfaceNodeDrawable DrawCommSurfaceWatermark Name:SCBGestureNavBar13 Id:8516920148115 water mark count is zero
09-28 17:52:51.994   822  1089 E C01406/skia: SurfaceNodeDrawable DrawCommSurfaceWatermark Name:SCBStatusBar15 Id:8516920148195 water mark count is zero
09-28 17:52:51.998   822  1089 E C02515/DISP: [0;32;31m[GetMetadata:109] <private> is not supported[m
09-28 17:52:51.998   822  1089 E C02515/DISP: [0;32;31m[SetMetadata:102] <private> is not supported[m
09-28 17:52:51.998   822  1089 E C02515/METADATA_SRV: [0;32;31m[SetMetadata:136]  fail[m
09-28 17:52:51.998   822  1089 E C01401/Bufferqueue: <surface_buffer_impl.cpp:714-SetMetadata>: SetMetadata Failed with -5
09-28 17:52:51.998   822  1089 E C01406/skia: RSUniRenderComposerAdapter::SetBufferColorSpace set color space fail
09-28 17:52:52.002 14198 14423 I C00f00/OH_DER_VSync: onOhVsync ENTRY ts=<private> data=<private>
09-28 17:52:52.002 14198 14422 I C00f00/OH_DER_VSync: scheduleVsync ENTRY receiverPtr=0x<private>
09-28 17:52:52.002 14198 14422 I C00f00/OH_DER_VSync: scheduleVsync calling RequestFrame ohVsync=<private>
09-28 17:52:52.002 14198 14422 I C00f00/OH_DER_VSync: scheduleVsync RequestFrame rc=<private>
09-28 17:52:52.004   822  1208 E C02515/DISP: [0;32;31m[SetMetadata:102] <private> is not supported[m
09-28 17:52:52.004   822  1208 E C02515/METADATA_SRV: [0;32;31m[SetMetadata:136]  fail[m
09-28 17:52:52.004   822  1208 E C01401/Bufferqueue: <surface_buffer_impl.cpp:714-SetMetadata>: SetMetadata Failed with -5
09-28 17:52:52.005   798  1062 E C02515/DISP: [0;32;31m[SetLayerMaskInfo@display_composer_vdi_impl.cpp:404] <private> is not supported[m
09-28 17:52:52.005   822  1240 E C02515/DISP: [0;32;31m[SetMetadata:102] <private> is not supported[m
09-28 17:52:52.005   822  1240 E C02515/METADATA_SRV: [0;32;31m[SetMetadata:136]  fail[m
09-28 17:52:52.005   822  1240 E C01401/Bufferqueue: <surface_buffer_impl.cpp:714-SetMetadata>: SetMetadata Failed with -5
09-28 17:52:52.006   798  1062 E C02515/DISP: [0;32;31m[SetDisplayClientDamage@display_composer_vdi_impl.cpp:179] <private> is not supported[m
09-28 17:52:52.018   822   822 E C02515/DISP: [0;32;31m[GetMetadata:109] <private> is not supported[m
09-28 17:52:52.019   822   822 E C02515/DISP: [0;32;31m[GetMetadata:109] <private> is not supported[m
09-28 17:52:52.019   822   822 E C02515/DISP: [0;32;31m[GetMetadata:109] <private> is not supported[m
09-28 17:52:52.019   822   822 E C01406/skia: RSBaseRenderUtil::DealWithSurfaceRotationAndGravity, GetSurfaceBufferOpaque:0
09-28 17:52:52.019   822   822 E C02515/DISP: [0;32;31m[GetMetadata:109] <private> is not supported[m
09-28 17:52:52.019   822   822 E C01406/skia: RSBaseRenderUtil::DealWithSurfaceRotationAndGravity, GetSurfaceBufferOpaque:0
09-28 17:52:52.019   822   822 E C02515/DISP: [0;32;31m[GetMetadata:109] <private> is not supported[m
09-28 17:52:52.020 14198 14423 I C00f00/OH_DER_VSync: onOhVsync ENTRY ts=<private> data=<private>
09-28 17:52:52.020 14198 14422 I C00f00/OH_DER_VSync: scheduleVsync ENTRY receiverPtr=0x<private>
09-28 17:52:52.020 14198 14422 I C00f00/OH_DER_VSync: scheduleVsync calling RequestFrame ohVsync=<private>
09-28 17:52:52.020   822  1089 E C02515/DISP: [0;32;31m[SetMetadata:102] <private> is not supported[m
09-28 17:52:52.020   822  1089 E C02515/METADATA_SRV: [0;32;31m[SetMetadata:136]  fail[m
09-28 17:52:52.020   822  1089 E C01401/Bufferqueue: <surface_buffer_impl.cpp:714-SetMetadata>: SetMetadata Failed with -5
09-28 17:52:52.020 14198 14422 I C00f00/OH_DER_VSync: scheduleVsync RequestFrame rc=<private>
09-28 17:52:52.021   822  1089 E C01406/skia: SurfaceNodeDrawable DrawCommSurfaceWatermark Name:SCBWallpaper5 Id:8516920147979 water mark count is zero
09-28 17:52:52.023   822  1089 E C01406/skia: SurfaceNodeDrawable DrawCommSurfaceWatermark Name:SCBDesktop6 Id:8516920147988 water mark count is zero
09-28 17:52:52.023   822  1089 E C01406/skia: RSBaseRenderUtil::DealWithSurfaceRotationAndGravity, GetSurfaceBufferOpaque:0
09-28 17:52:52.024   822  1089 I C01406/WRAP: AHardwareBuffer_createFromHandle index = <private> handle = <private>, ahb = <private>
09-28 17:52:52.024   822  1089 E C01406/skia: SurfaceNodeDrawable DrawCommSurfaceWatermark Name:AdapterActivityContent Id:60979945668611 water mark count is zero
09-28 17:52:52.024   822  1089 E C01406/skia: RSBaseRenderUtil::DealWithSurfaceRotationAndGravity, GetSurfaceBufferOpaque:0
09-28 17:52:52.024   822  1089 I C01406/WRAP: AHardwareBuffer_createFromHandle index = <private> handle = <private>, ahb = <private>
09-28 17:52:52.025   822  1089 E C01406/skia: SurfaceNodeDrawable DrawCommSurfaceWatermark Name:AdapterSurfaceView Id:60979945668612 water mark count is zero
09-28 17:52:52.025   822  1089 E C01406/skia: SurfaceNodeDrawable DrawCommSurfaceWatermark Name:com.a2hlab.bridge.zigzag/com.unity3d.player.UnityPlayerActivity Id:60979945668609 water mark count is zero
09-28 17:52:52.025   822  1089 E C01406/skia: SurfaceNodeDrawable DrawCommSurfaceWatermark Name:WindowScene_zigzag35 Id:8516920148845 water mark count is zero
09-28 17:52:52.026   822  1089 E C01406/skia: SurfaceNodeDrawable DrawCommSurfaceWatermark Name:SCBGestureNavBar13 Id:8516920148115 water mark count is zero
09-28 17:52:52.026   822  1089 E C01406/skia: SurfaceNodeDrawable DrawCommSurfaceWatermark Name:SCBStatusBar15 Id:8516920148195 water mark count is zero
09-28 17:52:52.029   822  1089 E C02515/DISP: [0;32;31m[GetMetadata:109] <private> is not supported[m
09-28 17:52:52.029   822  1089 E C02515/DISP: [0;32;31m[SetMetadata:102] <private> is not supported[m
09-28 17:52:52.029   822  1089 E C02515/METADATA_SRV: [0;32;31m[SetMetadata:136]  fail[m
09-28 17:52:52.029   822  1089 E C01401/Bufferqueue: <surface_buffer_impl.cpp:714-SetMetadata>: SetMetadata Failed with -5
09-28 17:52:52.029   822  1089 E C01406/skia: RSUniRenderComposerAdapter::SetBufferColorSpace set color space fail
09-28 17:52:52.034   850   982 I C02d13/HDC_LOG: [daemon.cpp:1142] FetchCommand channelId:13687033 command:1001
09-28 17:52:52.034   850   982 I C02d13/HDC_LOG: [session.cpp:1652] New HTaskInfo cid:13687033 sid:246******508(L:10) command:1001
09-28 17:52:52.034   850   982 I C02d13/HDC_LOG: [session.cpp:891] AdminTask add task type:0 cid:13687033 sid:246******508(L:10) mapsize:2
09-28 17:52:52.034   850   982 I C02d13/HDC_LOG: [task.cpp:34] HdcTaskBase type:0 cid:13687033 sid:246******508(L:10)
09-28 17:52:52.034   850   982 I C02d13/HDC_LOG: [daemon_unity.cpp:414] Unity CommandDispatch command:1001 cid:13687033 sid:246******508(L:10)
09-28 17:52:52.034   850   982 W C02d13/HDC_LOG: [async_cmd.cpp:114] GetDevItem false key:persist.hdc.root
09-28 17:52:52.035   850 14917 I C02d13/HDC_LOG: [async_cmd.cpp:225] Popen pipe fds[pipeRead]:32 fds[pipeWrite]:36, mode 0
09-28 17:52:52.035 14198 14423 I C00f00/OH_DER_VSync: onOhVsync ENTRY ts=<private> data=<private>
09-28 17:52:52.035 14198 14422 I C00f00/OH_DER_VSync: scheduleVsync ENTRY receiverPtr=0x<private>
09-28 17:52:52.035 14198 14422 I C00f00/OH_DER_VSync: scheduleVsync calling RequestFrame ohVsync=<private>
09-28 17:52:52.035 14198 14422 I C00f00/OH_DER_VSync: scheduleVsync RequestFrame rc=<private>
09-28 17:52:52.037   822  1208 E C02515/DISP: [0;32;31m[SetMetadata:102] <private> is not supported[m
09-28 17:52:52.037   822  1208 E C02515/METADATA_SRV: [0;32;31m[SetMetadata:136]  fail[m
09-28 17:52:52.037   822  1208 E C01401/Bufferqueue: <surface_buffer_impl.cpp:714-SetMetadata>: SetMetadata Failed with -5
09-28 17:52:52.038   798  1062 E C02515/DISP: [0;32;31m[SetLayerMaskInfo@display_composer_vdi_impl.cpp:404] <private> is not supported[m
09-28 17:52:52.038   822  1240 E C02515/DISP: [0;32;31m[SetMetadata:102] <private> is not supported[m
09-28 17:52:52.038   822  1240 E C02515/METADATA_SRV: [0;32;31m[SetMetadata:136]  fail[m
09-28 17:52:52.038   822  1240 E C01401/Bufferqueue: <surface_buffer_impl.cpp:714-SetMetadata>: SetMetadata Failed with -5
09-28 17:52:52.039 14918 14918 W C02d13/HDC_LOG: [async_cmd.cpp:140] SetSelinuxLabel con:u:r:su:s0 isRoot:0
09-28 17:52:52.038   850   982 I C02d13/HDC_LOG: [async_cmd.cpp:291] ExecuteCommand cmd:param get const.product.os.dist.apiname fd:32 pid:14918
09-28 17:52:52.039   850   982 I C02d13/HDC_LOG: [daemon_unity.cpp:486] Unity CommandDispatch command:1001 finish cid:13687033 sid:246******508(L:10)
09-28 17:52:52.039   798  1062 E C02515/DISP: [0;32;31m[SetDisplayClientDamage@display_composer_vdi_impl.cpp:179] <private> is not supported[m
09-28 17:52:52.052   822   822 E C02515/DISP: [0;32;31m[GetMetadata:109] <private> is not supported[m
09-28 17:52:52.052   822   822 E C02515/DISP: [0;32;31m[GetMetadata:109] <private> is not supported[m
09-28 17:52:52.052   822   822 E C02515/DISP: [0;32;31m[GetMetadata:109] <private> is not supported[m
09-28 17:52:52.053   822   822 E C01406/skia: RSBaseRenderUtil::DealWithSurfaceRotationAndGravity, GetSurfaceBufferOpaque:0
09-28 17:52:52.053   822   822 E C02515/DISP: [0;32;31m[GetMetadata:109] <private> is not supported[m
09-28 17:52:52.053   822   822 E C01406/skia: RSBaseRenderUtil::DealWithSurfaceRotationAndGravity, GetSurfaceBufferOpaque:0
09-28 17:52:52.053   822   822 E C02515/DISP: [0;32;31m[GetMetadata:109] <private> is not supported[m
09-28 17:52:52.053 14198 14423 I C00f00/OH_DER_VSync: onOhVsync ENTRY ts=<private> data=<private>
09-28 17:52:52.054   822  1089 E C02515/DISP: [0;32;31m[SetMetadata:102] <private> is not supported[m
09-28 17:52:52.054   822  1089 E C02515/METADATA_SRV: [0;32;31m[SetMetadata:136]  fail[m
09-28 17:52:52.054   822  1089 E C01401/Bufferqueue: <surface_buffer_impl.cpp:714-SetMetadata>: SetMetadata Failed with -5
09-28 17:52:52.054 14198 14422 I C00f00/OH_DER_VSync: scheduleVsync ENTRY receiverPtr=0x<private>
09-28 17:52:52.054 14198 14422 I C00f00/OH_DER_VSync: scheduleVsync calling RequestFrame ohVsync=<private>
09-28 17:52:52.054 14198 14422 I C00f00/OH_DER_VSync: scheduleVsync RequestFrame rc=<private>
09-28 17:52:52.054   822  1089 E C01406/skia: SurfaceNodeDrawable DrawCommSurfaceWatermark Name:SCBWallpaper5 Id:8516920147979 water mark count is zero
09-28 17:52:52.055   822  1089 E C01406/skia: SurfaceNodeDrawable DrawCommSurfaceWatermark Name:SCBDesktop6 Id:8516920147988 water mark count is zero
09-28 17:52:52.056   822  1089 E C01406/skia: RSBaseRenderUtil::DealWithSurfaceRotationAndGravity, GetSurfaceBufferOpaque:0
09-28 17:52:52.056   822  1089 I C01406/WRAP: AHardwareBuffer_createFromHandle index = <private> handle = <private>, ahb = <private>
09-28 17:52:52.056   822  1089 E C01406/skia: SurfaceNodeDrawable DrawCommSurfaceWatermark Name:AdapterActivityContent Id:60979945668611 water mark count is zero
09-28 17:52:52.056   822  1089 E C01406/skia: RSBaseRenderUtil::DealWithSurfaceRotationAndGravity, GetSurfaceBufferOpaque:0
09-28 17:52:52.056   822  1089 I C01406/WRAP: AHardwareBuffer_createFromHandle index = <private> handle = <private>, ahb = <private>
09-28 17:52:52.056   822  1089 E C01406/skia: SurfaceNodeDrawable DrawCommSurfaceWatermark Name:AdapterSurfaceView Id:60979945668612 water mark count is zero
09-28 17:52:52.056   822  1089 E C01406/skia: SurfaceNodeDrawable DrawCommSurfaceWatermark Name:com.a2hlab.bridge.zigzag/com.unity3d.player.UnityPlayerActivity Id:60979945668609 water mark count is zero
09-28 17:52:52.056   822  1089 E C01406/skia: SurfaceNodeDrawable DrawCommSurfaceWatermark Name:WindowScene_zigzag35 Id:8516920148845 water mark count is zero
09-28 17:52:52.057   822  1089 E C01406/skia: SurfaceNodeDrawable DrawCommSurfaceWatermark Name:SCBGestureNavBar13 Id:8516920148115 water mark count is zero
09-28 17:52:52.057   822  1089 E C01406/skia: SurfaceNodeDrawable DrawCommSurfaceWatermark Name:SCBStatusBar15 Id:8516920148195 water mark count is zero
09-28 17:52:52.059   822  1089 E C02515/DISP: [0;32;31m[GetMetadata:109] <private> is not supported[m
09-28 17:52:52.059   822  1089 E C02515/DISP: [0;32;31m[SetMetadata:102] <private> is not supported[m
09-28 17:52:52.059   822  1089 E C02515/METADATA_SRV: [0;32;31m[SetMetadata:136]  fail[m
09-28 17:52:52.059   822  1089 E C01401/Bufferqueue: <surface_buffer_impl.cpp:714-SetMetadata>: SetMetadata Failed with -5
09-28 17:52:52.059   822  1089 E C01406/skia: RSUniRenderComposerAdapter::SetBufferColorSpace set color space fail
09-28 17:52:52.059   399   475 I C04300/StorageManager: [UpdateBaseLineByUid:135] begin update base line by uid task.
09-28 17:52:52.060   399   475 I C04300/StorageManager: [UpdateBaseLineByUid:45] UpdateBaseLineByUid start
09-28 17:52:52.060   399   475 E C04300/StorageManager: [ReadCcmConfigFile:84] config path is nullptr
09-28 17:52:52.060   399   475 E C04300/StorageManager: [UpdateBaseLineByUid:50] ReadCcmConfigFile failed
09-28 17:52:52.065   850 14919 I C02d13/HDC_LOG: [async_cmd.cpp:88] FinishShellProc finish pipeRead fd:32 pid:14918 count:1
09-28 17:52:52.065   850 14919 I C02d13/HDC_LOG: [task.cpp:55] HdcTaskBase::TaskFinish notify begin type:0 cid:13687033 sid:246******508(L:10)
09-28 17:52:52.065   850 14919 I C02d13/HDC_LOG: [task.cpp:58] HdcTaskBase::TaskFinish notify end type:0 cid:13687033 sid:246******508(L:10)
09-28 17:52:52.066   399   475 I C04300/StorageManager: [GetSizeOfPath:111] StorageStatusManager::GetSizeOfPath path is /data, type is total space, size is 249515999232.
09-28 17:52:52.066   399   475 I C04300/StorageManager: [GetSizeOfPath:111] StorageStatusManager::GetSizeOfPath path is /, type is total space, size is 2881249280.
09-28 17:52:52.066   399   475 E C04300/StorageManager: [GetTotalSize:76] StorageTotalStatusService::GetTotalSize success, roundSize=256000000000, (/data)totalDataSize=249515999232, (/)totalRootSize=2881249280
09-28 17:52:52.066   399   475 I C04300/StorageManager: [GetSizeOfPath:111] StorageStatusManager::GetSizeOfPath path is /data, type is free space, size is 212978098176.
09-28 17:52:52.066   399   475 E C04300/StorageManager: [GetFreeSize:88] StorageTotalStatusService::GetFreeSize success, (/data)freeSize=212978098176
09-28 17:52:52.066   399   475 I C04300/StorageManager: [MonitorAndManageStorage:158] clean_l, size=786432000, clean_m, size=12800000000, clean_h, size=25600000000
09-28 17:52:52.066   399   475 I C04300/StorageManager: [MonitorAndManageStorage:167] notify_l, size=524288000, notify_m, size=2147483648, notify_h, size=25600000000
09-28 17:52:52.067   850   982 I C02d13/HDC_LOG: [daemon.cpp:1142] FetchCommand channelId:13687033 command:2
09-28 17:52:52.067   850   982 W C02d13/HDC_LOG: [session.cpp:160] BeginRemoveTask taskType:0 channelId:13687033
09-28 17:52:52.067   850   982 W C02d13/HDC_LOG: [session.cpp:190] ClearOwnTasks OP_CLEAR finish, sessionId:246******508(L:10) channelIDInput:13687033
09-28 17:52:52.067   850   982 W C02d13/HDC_LOG: [session.cpp:115] taskClassDeleteRetry start clear task, taskType:0 cid:13687033 sid:246******508(L:10)
09-28 17:52:52.067   850   982 I C02d13/HDC_LOG: [async_cmd.cpp:69] DoRelease rc:-3 pid:14918
09-28 17:52:52.067   850   982 I C02d13/HDC_LOG: [session.cpp:126] TaskDelay task remove retry count 0/30, taskType:0 channelId:13687033, sessionId:246******508(L:10)
09-28 17:52:52.067   850   982 I C02d13/HDC_LOG: [daemon_unity.cpp:31] ~HdcDaemonUnity cid:13687033 sid:246******508(L:10)
09-28 17:52:52.067   850   982 I C02d13/HDC_LOG: [task.cpp:40] ~HdcTaskBase type:0 cid:13687033 sid:246******508(L:10)
09-28 17:52:52.067   850   982 W C02d13/HDC_LOG: [session.cpp:134] TaskDelay task remove finish, channelId:13687033
09-28 17:52:52.067   850   982 I C02d13/HDC_LOG: [base.cpp:969] before uv handle close, the uv handle type is 13
09-28 17:52:52.068 14198 14423 I C00f00/OH_DER_VSync: onOhVsync ENTRY ts=<private> data=<private>
09-28 17:52:52.069 14198 14422 I C00f00/OH_DER_VSync: scheduleVsync ENTRY receiverPtr=0x<private>
09-28 17:52:52.069 14198 14422 I C00f00/OH_DER_VSync: scheduleVsync calling RequestFrame ohVsync=<private>
09-28 17:52:52.069 14198 14422 I C00f00/OH_DER_VSync: scheduleVsync RequestFrame rc=<private>
09-28 17:52:52.070   822  1208 E C02515/DISP: [0;32;31m[SetMetadata:102] <private> is not supported[m
09-28 17:52:52.070   822  1208 E C02515/METADATA_SRV: [0;32;31m[SetMetadata:136]  fail[m
09-28 17:52:52.070   822  1208 E C01401/Bufferqueue: <surface_buffer_impl.cpp:714-SetMetadata>: SetMetadata Failed with -5
09-28 17:52:52.072   798  1062 E C02515/DISP: [0;32;31m[SetLayerMaskInfo@display_composer_vdi_impl.cpp:404] <private> is not supported[m
09-28 17:52:52.072   850   982 I C02d13/HDC_LOG: [daemon.cpp:1142] FetchCommand channelId:13687033 command:2
09-28 17:52:52.072   822  1240 E C02515/DISP: [0;32;31m[SetMetadata:102] <private> is not supported[m
09-28 17:52:52.072   822  1240 E C02515/METADATA_SRV: [0;32;31m[SetMetadata:136]  fail[m
09-28 17:52:52.072   822  1240 E C01401/Bufferqueue: <surface_buffer_impl.cpp:714-SetMetadata>: SetMetadata Failed with -5
09-28 17:52:52.073   798  1062 E C02515/DISP: [0;32;31m[SetDisplayClientDamage@display_composer_vdi_impl.cpp:179] <private> is not supported[m
09-28 17:52:52.085 14198 14423 I C00f00/OH_DER_VSync: onOhVsync ENTRY ts=<private> data=<private>
09-28 17:52:52.085   822   822 E C02515/DISP: [0;32;31m[GetMetadata:109] <private> is not supported[m
09-28 17:52:52.085   822   822 E C02515/DISP: [0;32;31m[GetMetadata:109] <private> is not supported[m
09-28 17:52:52.085   822   822 E C02515/DISP: [0;32;31m[GetMetadata:109] <private> is not supported[m
09-28 17:52:52.085 14198 14422 I C00f00/OH_DER_VSync: scheduleVsync ENTRY receiverPtr=0x<private>
09-28 17:52:52.085 14198 14422 I C00f00/OH_DER_VSync: scheduleVsync calling RequestFrame ohVsync=<private>
09-28 17:52:52.085 14198 14422 I C00f00/OH_DER_VSync: scheduleVsync RequestFrame rc=<private>
09-28 17:52:52.086   822   822 E C01406/skia: RSBaseRenderUtil::DealWithSurfaceRotationAndGravity, GetSurfaceBufferOpaque:0
09-28 17:52:52.086   822   822 E C02515/DISP: [0;32;31m[GetMetadata:109] <private> is not supported[m
09-28 17:52:52.086   822   822 E C01406/skia: RSBaseRenderUtil::DealWithSurfaceRotationAndGravity, GetSurfaceBufferOpaque:0
09-28 17:52:52.086   822   822 E C02515/DISP: [0;32;31m[GetMetadata:109] <private> is not supported[m
09-28 17:52:52.087   822  1089 E C02515/DISP: [0;32;31m[SetMetadata:102] <private> is not supported[m
09-28 17:52:52.087   822  1089 E C02515/METADATA_SRV: [0;32;31m[SetMetadata:136]  fail[m
09-28 17:52:52.087   822  1089 E C01401/Bufferqueue: <surface_buffer_impl.cpp:714-SetMetadata>: SetMetadata Failed with -5
09-28 17:52:52.087   822  1089 E C01406/skia: SurfaceNodeDrawable DrawCommSurfaceWatermark Name:SCBWallpaper5 Id:8516920147979 water mark count is zero
09-28 17:52:52.089   822  1089 E C01406/skia: SurfaceNodeDrawable DrawCommSurfaceWatermark Name:SCBDesktop6 Id:8516920147988 water mark count is zero
09-28 17:52:52.089   822  1089 E C01406/skia: RSBaseRenderUtil::DealWithSurfaceRotationAndGravity, GetSurfaceBufferOpaque:0
09-28 17:52:52.089   822  1089 I C01406/WRAP: AHardwareBuffer_createFromHandle index = <private> handle = <private>, ahb = <private>
09-28 17:52:52.089   822  1089 E C01406/skia: SurfaceNodeDrawable DrawCommSurfaceWatermark Name:AdapterActivityContent Id:60979945668611 water mark count is zero
09-28 17:52:52.089   822  1089 E C01406/skia: RSBaseRenderUtil::DealWithSurfaceRotationAndGravity, GetSurfaceBufferOpaque:0
09-28 17:52:52.089   822  1089 I C01406/WRAP: AHardwareBuffer_createFromHandle index = <private> handle = <private>, ahb = <private>
09-28 17:52:52.090   822  1089 E C01406/skia: SurfaceNodeDrawable DrawCommSurfaceWatermark Name:AdapterSurfaceView Id:60979945668612 water mark count is zero
09-28 17:52:52.090   822  1089 E C01406/skia: SurfaceNodeDrawable DrawCommSurfaceWatermark Name:com.a2hlab.bridge.zigzag/com.unity3d.player.UnityPlayerActivity Id:60979945668609 water mark count is zero
09-28 17:52:52.090   822  1089 E C01406/skia: SurfaceNodeDrawable DrawCommSurfaceWatermark Name:WindowScene_zigzag35 Id:8516920148845 water mark count is zero
09-28 17:52:52.090   822  1089 E C01406/skia: SurfaceNodeDrawable DrawCommSurfaceWatermark Name:SCBGestureNavBar13 Id:8516920148115 water mark count is zero
09-28 17:52:52.090   822  1089 E C01406/skia: SurfaceNodeDrawable DrawCommSurfaceWatermark Name:SCBStatusBar15 Id:8516920148195 water mark count is zero
09-28 17:52:52.092   822  1089 E C02515/DISP: [0;32;31m[GetMetadata:109] <private> is not supported[m
09-28 17:52:52.092   822  1089 E C02515/DISP: [0;32;31m[SetMetadata:102] <private> is not supported[m
09-28 17:52:52.092   822  1089 E C02515/METADATA_SRV: [0;32;31m[SetMetadata:136]  fail[m
09-28 17:52:52.092   822  1089 E C01401/Bufferqueue: <surface_buffer_impl.cpp:714-SetMetadata>: SetMetadata Failed with -5
09-28 17:52:52.092   822  1089 E C01406/skia: RSUniRenderComposerAdapter::SetBufferColorSpace set color space fail
09-28 17:52:52.102 14198 14423 I C00f00/OH_DER_VSync: onOhVsync ENTRY ts=<private> data=<private>
09-28 17:52:52.102 14198 14422 I C00f00/OH_DER_VSync: scheduleVsync ENTRY receiverPtr=0x<private>
09-28 17:52:52.102 14198 14422 I C00f00/OH_DER_VSync: scheduleVsync calling RequestFrame ohVsync=<private>
09-28 17:52:52.102 14198 14422 I C00f00/OH_DER_VSync: scheduleVsync RequestFrame rc=<private>
09-28 17:52:52.103   822  1208 E C02515/DISP: [0;32;31m[SetMetadata:102] <private> is not supported[m
09-28 17:52:52.103   822  1208 E C02515/METADATA_SRV: [0;32;31m[SetMetadata:136]  fail[m
09-28 17:52:52.104   822  1208 E C01401/Bufferqueue: <surface_buffer_impl.cpp:714-SetMetadata>: SetMetadata Failed with -5
09-28 17:52:52.105   798  1062 E C02515/DISP: [0;32;31m[SetLayerMaskInfo@display_composer_vdi_impl.cpp:404] <private> is not supported[m
09-28 17:52:52.105   822  1240 E C02515/DISP: [0;32;31m[SetMetadata:102] <private> is not supported[m
09-28 17:52:52.105   822  1240 E C02515/METADATA_SRV: [0;32;31m[SetMetadata:136]  fail[m
09-28 17:52:52.105   822  1240 E C01401/Bufferqueue: <surface_buffer_impl.cpp:714-SetMetadata>: SetMetadata Failed with -5
09-28 17:52:52.106   798  1062 E C02515/DISP: [0;32;31m[SetDisplayClientDamage@display_composer_vdi_impl.cpp:179] <private> is not supported[m
09-28 17:52:52.119 14198 14423 I C00f00/OH_DER_VSync: onOhVsync ENTRY ts=<private> data=<private>
09-28 17:52:52.119   822   822 E C02515/DISP: [0;32;31m[GetMetadata:109] <private> is not supported[m
09-28 17:52:52.119 14198 14422 I C00f00/OH_DER_VSync: scheduleVsync ENTRY receiverPtr=0x<private>
09-28 17:52:52.119 14198 14422 I C00f00/OH_DER_VSync: scheduleVsync calling RequestFrame ohVsync=<private>
09-28 17:52:52.119   822   822 E C02515/DISP: [0;32;31m[GetMetadata:109] <private> is not supported[m
09-28 17:52:52.119   822   822 E C02515/DISP: [0;32;31m[GetMetadata:109] <private> is not supported[m
09-28 17:52:52.119 14198 14422 I C00f00/OH_DER_VSync: scheduleVsync RequestFrame rc=<private>
09-28 17:52:52.120   822   822 E C01406/skia: RSBaseRenderUtil::DealWithSurfaceRotationAndGravity, GetSurfaceBufferOpaque:0
09-28 17:52:52.120   822   822 E C02515/DISP: [0;32;31m[GetMetadata:109] <private> is not supported[m
09-28 17:52:52.120   822   822 E C01406/skia: RSBaseRenderUtil::DealWithSurfaceRotationAndGravity, GetSurfaceBufferOpaque:0
09-28 17:52:52.120   822   822 E C02515/DISP: [0;32;31m[GetMetadata:109] <private> is not supported[m
09-28 17:52:52.122   822  1089 E C02515/DISP: [0;32;31m[SetMetadata:102] <private> is not supported[m
09-28 17:52:52.122   822  1089 E C02515/METADATA_SRV: [0;32;31m[SetMetadata:136]  fail[m
09-28 17:52:52.122   822  1089 E C01401/Bufferqueue: <surface_buffer_impl.cpp:714-SetMetadata>: SetMetadata Failed with -5
09-28 17:52:52.122   822  1089 E C01406/skia: SurfaceNodeDrawable DrawCommSurfaceWatermark Name:SCBWallpaper5 Id:8516920147979 water mark count is zero
09-28 17:52:52.123   822  1089 E C01406/skia: SurfaceNodeDrawable DrawCommSurfaceWatermark Name:SCBDesktop6 Id:8516920147988 water mark count is zero
09-28 17:52:52.124   822  1089 E C01406/skia: RSBaseRenderUtil::DealWithSurfaceRotationAndGravity, GetSurfaceBufferOpaque:0
09-28 17:52:52.124   822  1089 I C01406/WRAP: AHardwareBuffer_createFromHandle index = <private> handle = <private>, ahb = <private>
09-28 17:52:52.124   822  1089 E C01406/skia: SurfaceNodeDrawable DrawCommSurfaceWatermark Name:AdapterActivityContent Id:60979945668611 water mark count is zero
09-28 17:52:52.124   822  1089 E C01406/skia: RSBaseRenderUtil::DealWithSurfaceRotationAndGravity, GetSurfaceBufferOpaque:0
09-28 17:52:52.124   822  1089 I C01406/WRAP: AHardwareBuffer_createFromHandle index = <private> handle = <private>, ahb = <private>
09-28 17:52:52.124   822  1089 E C01406/skia: SurfaceNodeDrawable DrawCommSurfaceWatermark Name:AdapterSurfaceView Id:60979945668612 water mark count is zero
09-28 17:52:52.124   822  1089 E C01406/skia: SurfaceNodeDrawable DrawCommSurfaceWatermark Name:com.a2hlab.bridge.zigzag/com.unity3d.player.UnityPlayerActivity Id:60979945668609 water mark count is zero
09-28 17:52:52.124   822  1089 E C01406/skia: SurfaceNodeDrawable DrawCommSurfaceWatermark Name:WindowScene_zigzag35 Id:8516920148845 water mark count is zero
09-28 17:52:52.125   822  1089 E C01406/skia: SurfaceNodeDrawable DrawCommSurfaceWatermark Name:SCBGestureNavBar13 Id:8516920148115 water mark count is zero
09-28 17:52:52.125   822  1089 E C01406/skia: SurfaceNodeDrawable DrawCommSurfaceWatermark Name:SCBStatusBar15 Id:8516920148195 water mark count is zero
09-28 17:52:52.127   822  1089 E C02515/DISP: [0;32;31m[GetMetadata:109] <private> is not supported[m
09-28 17:52:52.127   822  1089 E C02515/DISP: [0;32;31m[SetMetadata:102] <private> is not supported[m
09-28 17:52:52.127   822  1089 E C02515/METADATA_SRV: [0;32;31m[SetMetadata:136]  fail[m
09-28 17:52:52.127   822  1089 E C01401/Bufferqueue: <surface_buffer_impl.cpp:714-SetMetadata>: SetMetadata Failed with -5
09-28 17:52:52.127   822  1089 E C01406/skia: RSUniRenderComposerAdapter::SetBufferColorSpace set color space fail
09-28 17:52:52.135 14198 14423 I C00f00/OH_DER_VSync: onOhVsync ENTRY ts=<private> data=<private>
09-28 17:52:52.135 14198 14422 I C00f00/OH_DER_VSync: scheduleVsync ENTRY receiverPtr=0x<private>
09-28 17:52:52.135 14198 14422 I C00f00/OH_DER_VSync: scheduleVsync calling RequestFrame ohVsync=<private>
09-28 17:52:52.135 14198 14422 I C00f00/OH_DER_VSync: scheduleVsync RequestFrame rc=<private>
09-28 17:52:52.137   822  1208 E C02515/DISP: [0;32;31m[SetMetadata:102] <private> is not supported[m
09-28 17:52:52.137   822  1208 E C02515/METADATA_SRV: [0;32;31m[SetMetadata:136]  fail[m
09-28 17:52:52.137   822  1208 E C01401/Bufferqueue: <surface_buffer_impl.cpp:714-SetMetadata>: SetMetadata Failed with -5
09-28 17:52:52.138   798  1062 E C02515/DISP: [0;32;31m[SetLayerMaskInfo@display_composer_vdi_impl.cpp:404] <private> is not supported[m
09-28 17:52:52.138   822  1240 E C02515/DISP: [0;32;31m[SetMetadata:102] <private> is not supported[m
09-28 17:52:52.138   822  1240 E C02515/METADATA_SRV: [0;32;31m[SetMetadata:136]  fail[m
09-28 17:52:52.138   822  1240 E C01401/Bufferqueue: <surface_buffer_impl.cpp:714-SetMetadata>: SetMetadata Failed with -5
09-28 17:52:52.139   798  1062 E C02515/DISP: [0;32;31m[SetDisplayClientDamage@display_composer_vdi_impl.cpp:179] <private> is not supported[m
09-28 17:52:52.152 14198 14423 I C00f00/OH_DER_VSync: onOhVsync ENTRY ts=<private> data=<private>
09-28 17:52:52.152 14198 14422 I C00f00/OH_DER_VSync: scheduleVsync ENTRY receiverPtr=0x<private>
09-28 17:52:52.152 14198 14422 I C00f00/OH_DER_VSync: scheduleVsync calling RequestFrame ohVsync=<private>
09-28 17:52:52.152 14198 14422 I C00f00/OH_DER_VSync: scheduleVsync RequestFrame rc=<private>
09-28 17:52:52.152   822   822 E C02515/DISP: [0;32;31m[GetMetadata:109] <private> is not supported[m
09-28 17:52:52.152   822   822 E C02515/DISP: [0;32;31m[GetMetadata:109] <private> is not supported[m
09-28 17:52:52.152   822   822 E C02515/DISP: [0;32;31m[GetMetadata:109] <private> is not supported[m
09-28 17:52:52.154   822   822 E C01406/skia: RSBaseRenderUtil::DealWithSurfaceRotationAndGravity, GetSurfaceBufferOpaque:0
09-28 17:52:52.154   822   822 E C02515/DISP: [0;32;31m[GetMetadata:109] <private> is not supported[m
09-28 17:52:52.154   822   822 E C01406/skia: RSBaseRenderUtil::DealWithSurfaceRotationAndGravity, GetSurfaceBufferOpaque:0
09-28 17:52:52.154   822   822 E C02515/DISP: [0;32;31m[GetMetadata:109] <private> is not supported[m
09-28 17:52:52.155   822  1089 E C02515/DISP: [0;32;31m[SetMetadata:102] <private> is not supported[m
09-28 17:52:52.155   822  1089 E C02515/METADATA_SRV: [0;32;31m[SetMetadata:136]  fail[m
09-28 17:52:52.155   822  1089 E C01401/Bufferqueue: <surface_buffer_impl.cpp:714-SetMetadata>: SetMetadata Failed with -5
09-28 17:52:52.156   822  1089 E C01406/skia: SurfaceNodeDrawable DrawCommSurfaceWatermark Name:SCBWallpaper5 Id:8516920147979 water mark count is zero
09-28 17:52:52.157   822  1089 E C01406/skia: SurfaceNodeDrawable DrawCommSurfaceWatermark Name:SCBDesktop6 Id:8516920147988 water mark count is zero
09-28 17:52:52.157   822  1089 E C01406/skia: RSBaseRenderUtil::DealWithSurfaceRotationAndGravity, GetSurfaceBufferOpaque:0
09-28 17:52:52.157   822  1089 I C01406/WRAP: AHardwareBuffer_createFromHandle index = <private> handle = <private>, ahb = <private>
09-28 17:52:52.158   822  1089 E C01406/skia: SurfaceNodeDrawable DrawCommSurfaceWatermark Name:AdapterActivityContent Id:60979945668611 water mark count is zero
09-28 17:52:52.158   822  1089 E C01406/skia: RSBaseRenderUtil::DealWithSurfaceRotationAndGravity, GetSurfaceBufferOpaque:0
09-28 17:52:52.158   822  1089 I C01406/WRAP: AHardwareBuffer_createFromHandle index = <private> handle = <private>, ahb = <private>
09-28 17:52:52.158   822  1089 E C01406/skia: SurfaceNodeDrawable DrawCommSurfaceWatermark Name:AdapterSurfaceView Id:60979945668612 water mark count is zero
09-28 17:52:52.158   822  1089 E C01406/skia: SurfaceNodeDrawable DrawCommSurfaceWatermark Name:com.a2hlab.bridge.zigzag/com.unity3d.player.UnityPlayerActivity Id:60979945668609 water mark count is zero
09-28 17:52:52.158   822  1089 E C01406/skia: SurfaceNodeDrawable DrawCommSurfaceWatermark Name:WindowScene_zigzag35 Id:8516920148845 water mark count is zero
09-28 17:52:52.158   822  1089 E C01406/skia: SurfaceNodeDrawable DrawCommSurfaceWatermark Name:SCBGestureNavBar13 Id:8516920148115 water mark count is zero
09-28 17:52:52.158   822  1089 E C01406/skia: SurfaceNodeDrawable DrawCommSurfaceWatermark Name:SCBStatusBar15 Id:8516920148195 water mark count is zero
09-28 17:52:52.160   822  1089 E C02515/DISP: [0;32;31m[GetMetadata:109] <private> is not supported[m
09-28 17:52:52.161   822  1089 E C02515/DISP: [0;32;31m[SetMetadata:102] <private> is not supported[m
09-28 17:52:52.161   822  1089 E C02515/METADATA_SRV: [0;32;31m[SetMetadata:136]  fail[m
09-28 17:52:52.161   822  1089 E C01401/Bufferqueue: <surface_buffer_impl.cpp:714-SetMetadata>: SetMetadata Failed with -5
09-28 17:52:52.161   822  1089 E C01406/skia: RSUniRenderComposerAdapter::SetBufferColorSpace set color space fail
09-28 17:52:52.168 14198 14423 I C00f00/OH_DER_VSync: onOhVsync ENTRY ts=<private> data=<private>
09-28 17:52:52.169 14198 14422 I C00f00/OH_DER_VSync: scheduleVsync ENTRY receiverPtr=0x<private>
09-28 17:52:52.169 14198 14422 I C00f00/OH_DER_VSync: scheduleVsync calling RequestFrame ohVsync=<private>
09-28 17:52:52.169 14198 14422 I C00f00/OH_DER_VSync: scheduleVsync RequestFrame rc=<private>
09-28 17:52:52.170   822  1208 E C02515/DISP: [0;32;31m[SetMetadata:102] <private> is not supported[m
09-28 17:52:52.171   822  1208 E C02515/METADATA_SRV: [0;32;31m[SetMetadata:136]  fail[m
09-28 17:52:52.171   822  1208 E C01401/Bufferqueue: <surface_buffer_impl.cpp:714-SetMetadata>: SetMetadata Failed with -5
09-28 17:52:52.171   798  1062 E C02515/DISP: [0;32;31m[SetLayerMaskInfo@display_composer_vdi_impl.cpp:404] <private> is not supported[m
09-28 17:52:52.171   822  1240 E C02515/DISP: [0;32;31m[SetMetadata:102] <private> is not supported[m
09-28 17:52:52.171   822  1240 E C02515/METADATA_SRV: [0;32;31m[SetMetadata:136]  fail[m
09-28 17:52:52.171   822  1240 E C01401/Bufferqueue: <surface_buffer_impl.cpp:714-SetMetadata>: SetMetadata Failed with -5
09-28 17:52:52.172   798  1062 E C02515/DISP: [0;32;31m[SetDisplayClientDamage@display_composer_vdi_impl.cpp:179] <private> is not supported[m
09-28 17:52:52.185   822   822 E C02515/DISP: [0;32;31m[GetMetadata:109] <private> is not supported[m
09-28 17:52:52.185   822   822 E C02515/DISP: [0;32;31m[GetMetadata:109] <private> is not supported[m
09-28 17:52:52.185   822   822 E C02515/DISP: [0;32;31m[GetMetadata:109] <private> is not supported[m
09-28 17:52:52.186   822   822 E C01406/skia: RSBaseRenderUtil::DealWithSurfaceRotationAndGravity, GetSurfaceBufferOpaque:0
09-28 17:52:52.186   822   822 E C02515/DISP: [0;32;31m[GetMetadata:109] <private> is not supported[m
09-28 17:52:52.186   822   822 E C01406/skia: RSBaseRenderUtil::DealWithSurfaceRotationAndGravity, GetSurfaceBufferOpaque:0
09-28 17:52:52.186   822   822 E C02515/DISP: [0;32;31m[GetMetadata:109] <private> is not supported[m
09-28 17:52:52.187 14198 14423 I C00f00/OH_DER_VSync: onOhVsync ENTRY ts=<private> data=<private>
09-28 17:52:52.187 14198 14422 I C00f00/OH_DER_VSync: scheduleVsync ENTRY receiverPtr=0x<private>
09-28 17:52:52.187 14198 14422 I C00f00/OH_DER_VSync: scheduleVsync calling RequestFrame ohVsync=<private>
09-28 17:52:52.187   822  1089 E C02515/DISP: [0;32;31m[SetMetadata:102] <private> is not supported[m
09-28 17:52:52.187   822  1089 E C02515/METADATA_SRV: [0;32;31m[SetMetadata:136]  fail[m
09-28 17:52:52.187   822  1089 E C01401/Bufferqueue: <surface_buffer_impl.cpp:714-SetMetadata>: SetMetadata Failed with -5
09-28 17:52:52.187 14198 14422 I C00f00/OH_DER_VSync: scheduleVsync RequestFrame rc=<private>
09-28 17:52:52.187   822  1089 E C01406/skia: SurfaceNodeDrawable DrawCommSurfaceWatermark Name:SCBWallpaper5 Id:8516920147979 water mark count is zero
09-28 17:52:52.189   822  1089 E C01406/skia: SurfaceNodeDrawable DrawCommSurfaceWatermark Name:SCBDesktop6 Id:8516920147988 water mark count is zero
09-28 17:52:52.189   822  1089 E C01406/skia: RSBaseRenderUtil::DealWithSurfaceRotationAndGravity, GetSurfaceBufferOpaque:0
09-28 17:52:52.189   822  1089 I C01406/WRAP: AHardwareBuffer_createFromHandle index = <private> handle = <private>, ahb = <private>
09-28 17:52:52.189   822  1089 E C01406/skia: SurfaceNodeDrawable DrawCommSurfaceWatermark Name:AdapterActivityContent Id:60979945668611 water mark count is zero
09-28 17:52:52.189   822  1089 E C01406/skia: RSBaseRenderUtil::DealWithSurfaceRotationAndGravity, GetSurfaceBufferOpaque:0
09-28 17:52:52.190   822  1089 I C01406/WRAP: AHardwareBuffer_createFromHandle index = <private> handle = <private>, ahb = <private>
09-28 17:52:52.190   822  1089 E C01406/skia: SurfaceNodeDrawable DrawCommSurfaceWatermark Name:AdapterSurfaceView Id:60979945668612 water mark count is zero
09-28 17:52:52.190   822  1089 E C01406/skia: SurfaceNodeDrawable DrawCommSurfaceWatermark Name:com.a2hlab.bridge.zigzag/com.unity3d.player.UnityPlayerActivity Id:60979945668609 water mark count is zero
09-28 17:52:52.190   822  1089 E C01406/skia: SurfaceNodeDrawable DrawCommSurfaceWatermark Name:WindowScene_zigzag35 Id:8516920148845 water mark count is zero
09-28 17:52:52.190   822  1089 E C01406/skia: SurfaceNodeDrawable DrawCommSurfaceWatermark Name:SCBGestureNavBar13 Id:8516920148115 water mark count is zero
09-28 17:52:52.190   822  1089 E C01406/skia: SurfaceNodeDrawable DrawCommSurfaceWatermark Name:SCBStatusBar15 Id:8516920148195 water mark count is zero
09-28 17:52:52.192   822  1089 E C02515/DISP: [0;32;31m[GetMetadata:109] <private> is not supported[m
09-28 17:52:52.193   822  1089 E C02515/DISP: [0;32;31m[SetMetadata:102] <private> is not supported[m
09-28 17:52:52.193   822  1089 E C02515/METADATA_SRV: [0;32;31m[SetMetadata:136]  fail[m
09-28 17:52:52.193   822  1089 E C01401/Bufferqueue: <surface_buffer_impl.cpp:714-SetMetadata>: SetMetadata Failed with -5
09-28 17:52:52.193   822  1089 E C01406/skia: RSUniRenderComposerAdapter::SetBufferColorSpace set color space fail
09-28 17:52:52.202 14198 14423 I C00f00/OH_DER_VSync: onOhVsync ENTRY ts=<private> data=<private>
09-28 17:52:52.202 14198 14422 I C00f00/OH_DER_VSync: scheduleVsync ENTRY receiverPtr=0x<private>
09-28 17:52:52.202 14198 14422 I C00f00/OH_DER_VSync: scheduleVsync calling RequestFrame ohVsync=<private>
09-28 17:52:52.202 14198 14422 I C00f00/OH_DER_VSync: scheduleVsync RequestFrame rc=<private>
09-28 17:52:52.204   822  1208 E C02515/DISP: [0;32;31m[SetMetadata:102] <private> is not supported[m
09-28 17:52:52.204   822  1208 E C02515/METADATA_SRV: [0;32;31m[SetMetadata:136]  fail[m
09-28 17:52:52.204   822  1208 E C01401/Bufferqueue: <surface_buffer_impl.cpp:714-SetMetadata>: SetMetadata Failed with -5
09-28 17:52:52.204   798  1062 E C02515/DISP: [0;32;31m[SetLayerMaskInfo@display_composer_vdi_impl.cpp:404] <private> is not supported[m
09-28 17:52:52.204   822  1240 E C02515/DISP: [0;32;31m[SetMetadata:102] <private> is not supported[m
09-28 17:52:52.204   822  1240 E C02515/METADATA_SRV: [0;32;31m[SetMetadata:136]  fail[m
09-28 17:52:52.204   822  1240 E C01401/Bufferqueue: <surface_buffer_impl.cpp:714-SetMetadata>: SetMetadata Failed with -5
09-28 17:52:52.205   798  1062 E C02515/DISP: [0;32;31m[SetDisplayClientDamage@display_composer_vdi_impl.cpp:179] <private> is not supported[m
09-28 17:52:52.218 14198 14423 I C00f00/OH_DER_VSync: onOhVsync ENTRY ts=<private> data=<private>
09-28 17:52:52.219 14198 14422 I C00f00/OH_DER_VSync: scheduleVsync ENTRY receiverPtr=0x<private>
09-28 17:52:52.219 14198 14422 I C00f00/OH_DER_VSync: scheduleVsync calling RequestFrame ohVsync=<private>
09-28 17:52:52.219   822   822 E C02515/DISP: [0;32;31m[GetMetadata:109] <private> is not supported[m
09-28 17:52:52.219 14198 14422 I C00f00/OH_DER_VSync: scheduleVsync RequestFrame rc=<private>
09-28 17:52:52.219   822   822 E C02515/DISP: [0;32;31m[GetMetadata:109] <private> is not supported[m
09-28 17:52:52.219   822   822 E C02515/DISP: [0;32;31m[GetMetadata:109] <private> is not supported[m
09-28 17:52:52.220   822   822 E C01406/skia: RSBaseRenderUtil::DealWithSurfaceRotationAndGravity, GetSurfaceBufferOpaque:0
09-28 17:52:52.220   822   822 E C02515/DISP: [0;32;31m[GetMetadata:109] <private> is not supported[m
09-28 17:52:52.220   822   822 E C01406/skia: RSBaseRenderUtil::DealWithSurfaceRotationAndGravity, GetSurfaceBufferOpaque:0
09-28 17:52:52.220   822   822 E C02515/DISP: [0;32;31m[GetMetadata:109] <private> is not supported[m
09-28 17:52:52.222   822  1089 E C02515/DISP: [0;32;31m[SetMetadata:102] <private> is not supported[m
09-28 17:52:52.222   822  1089 E C02515/METADATA_SRV: [0;32;31m[SetMetadata:136]  fail[m
09-28 17:52:52.222   822  1089 E C01401/Bufferqueue: <surface_buffer_impl.cpp:714-SetMetadata>: SetMetadata Failed with -5
09-28 17:52:52.222   822  1089 E C01406/skia: SurfaceNodeDrawable DrawCommSurfaceWatermark Name:SCBWallpaper5 Id:8516920147979 water mark count is zero
09-28 17:52:52.224   822  1089 E C01406/skia: SurfaceNodeDrawable DrawCommSurfaceWatermark Name:SCBDesktop6 Id:8516920147988 water mark count is zero
09-28 17:52:52.224   822  1089 E C01406/skia: RSBaseRenderUtil::DealWithSurfaceRotationAndGravity, GetSurfaceBufferOpaque:0
09-28 17:52:52.224   822  1089 I C01406/WRAP: AHardwareBuffer_createFromHandle index = <private> handle = <private>, ahb = <private>
09-28 17:52:52.224   822  1089 E C01406/skia: SurfaceNodeDrawable DrawCommSurfaceWatermark Name:AdapterActivityContent Id:60979945668611 water mark count is zero
09-28 17:52:52.224   822  1089 E C01406/skia: RSBaseRenderUtil::DealWithSurfaceRotationAndGravity, GetSurfaceBufferOpaque:0
09-28 17:52:52.224   822  1089 I C01406/WRAP: AHardwareBuffer_createFromHandle index = <private> handle = <private>, ahb = <private>
09-28 17:52:52.224   822  1089 E C01406/skia: SurfaceNodeDrawable DrawCommSurfaceWatermark Name:AdapterSurfaceView Id:60979945668612 water mark count is zero
09-28 17:52:52.224   822  1089 E C01406/skia: SurfaceNodeDrawable DrawCommSurfaceWatermark Name:com.a2hlab.bridge.zigzag/com.unity3d.player.UnityPlayerActivity Id:60979945668609 water mark count is zero
09-28 17:52:52.224   822  1089 E C01406/skia: SurfaceNodeDrawable DrawCommSurfaceWatermark Name:WindowScene_zigzag35 Id:8516920148845 water mark count is zero
09-28 17:52:52.225   822  1089 E C01406/skia: SurfaceNodeDrawable DrawCommSurfaceWatermark Name:SCBGestureNavBar13 Id:8516920148115 water mark count is zero
09-28 17:52:52.225   822  1089 E C01406/skia: SurfaceNodeDrawable DrawCommSurfaceWatermark Name:SCBStatusBar15 Id:8516920148195 water mark count is zero
09-28 17:52:52.227   822  1089 E C02515/DISP: [0;32;31m[GetMetadata:109] <private> is not supported[m
09-28 17:52:52.227   822  1089 E C02515/DISP: [0;32;31m[SetMetadata:102] <private> is not supported[m
09-28 17:52:52.227   822  1089 E C02515/METADATA_SRV: [0;32;31m[SetMetadata:136]  fail[m
09-28 17:52:52.227   822  1089 E C01401/Bufferqueue: <surface_buffer_impl.cpp:714-SetMetadata>: SetMetadata Failed with -5
09-28 17:52:52.227   822  1089 E C01406/skia: RSUniRenderComposerAdapter::SetBufferColorSpace set color space fail
09-28 17:52:52.235 14198 14423 I C00f00/OH_DER_VSync: onOhVsync ENTRY ts=<private> data=<private>
09-28 17:52:52.235 14198 14422 I C00f00/OH_DER_VSync: scheduleVsync ENTRY receiverPtr=0x<private>
09-28 17:52:52.235 14198 14422 I C00f00/OH_DER_VSync: scheduleVsync calling RequestFrame ohVsync=<private>
09-28 17:52:52.236 14198 14422 I C00f00/OH_DER_VSync: scheduleVsync RequestFrame rc=<private>
09-28 17:52:52.237   822  1208 E C02515/DISP: [0;32;31m[SetMetadata:102] <private> is not supported[m
09-28 17:52:52.237   822  1208 E C02515/METADATA_SRV: [0;32;31m[SetMetadata:136]  fail[m
09-28 17:52:52.237   822  1208 E C01401/Bufferqueue: <surface_buffer_impl.cpp:714-SetMetadata>: SetMetadata Failed with -5
09-28 17:52:52.239   798  1062 E C02515/DISP: [0;32;31m[SetLayerMaskInfo@display_composer_vdi_impl.cpp:404] <private> is not supported[m
09-28 17:52:52.239   822  1240 E C02515/DISP: [0;32;31m[SetMetadata:102] <private> is not supported[m
09-28 17:52:52.239   822  1240 E C02515/METADATA_SRV: [0;32;31m[SetMetadata:136]  fail[m
09-28 17:52:52.239   822  1240 E C01401/Bufferqueue: <surface_buffer_impl.cpp:714-SetMetadata>: SetMetadata Failed with -5
09-28 17:52:52.240   798  1062 E C02515/DISP: [0;32;31m[SetDisplayClientDamage@display_composer_vdi_impl.cpp:179] <private> is not supported[m
09-28 17:52:52.251   833   833 I C015b0/NetsysNativeService: GetTotalStats callingUid:1099
09-28 17:52:52.252   833   833 E C015b0/NetSysBpf: syscall failed, ret:-1, cmd:4, errno: 2
09-28 17:52:52.252   833   878 I C015b0/NetsysNativeService: GetTotalStats callingUid:1099
09-28 17:52:52.252   822   822 E C02515/DISP: [0;32;31m[GetMetadata:109] <private> is not supported[m
09-28 17:52:52.252   822   822 E C02515/DISP: [0;32;31m[GetMetadata:109] <private> is not supported[m
09-28 17:52:52.252   822   822 E C02515/DISP: [0;32;31m[GetMetadata:109] <private> is not supported[m
09-28 17:52:52.253   822   822 E C01406/skia: RSBaseRenderUtil::DealWithSurfaceRotationAndGravity, GetSurfaceBufferOpaque:0
09-28 17:52:52.253   822   822 E C02515/DISP: [0;32;31m[GetMetadata:109] <private> is not supported[m
09-28 17:52:52.253   822   822 E C01406/skia: RSBaseRenderUtil::DealWithSurfaceRotationAndGravity, GetSurfaceBufferOpaque:0
09-28 17:52:52.253   822   822 E C02515/DISP: [0;32;31m[GetMetadata:109] <private> is not supported[m
09-28 17:52:52.253   833   878 E C015b0/NetSysBpf: syscall failed, ret:-1, cmd:4, errno: 2
09-28 17:52:52.253 14198 14423 I C00f00/OH_DER_VSync: onOhVsync ENTRY ts=<private> data=<private>
09-28 17:52:52.254 14198 14422 I C00f00/OH_DER_VSync: scheduleVsync ENTRY receiverPtr=0x<private>
09-28 17:52:52.254 14198 14422 I C00f00/OH_DER_VSync: scheduleVsync calling RequestFrame ohVsync=<private>
09-28 17:52:52.254   822  1089 E C02515/DISP: [0;32;31m[SetMetadata:102] <private> is not supported[m
09-28 17:52:52.254   822  1089 E C02515/METADATA_SRV: [0;32;31m[SetMetadata:136]  fail[m
09-28 17:52:52.254   822  1089 E C01401/Bufferqueue: <surface_buffer_impl.cpp:714-SetMetadata>: SetMetadata Failed with -5
09-28 17:52:52.254 14198 14422 I C00f00/OH_DER_VSync: scheduleVsync RequestFrame rc=<private>
09-28 17:52:52.254   822  1089 E C01406/skia: SurfaceNodeDrawable DrawCommSurfaceWatermark Name:SCBWallpaper5 Id:8516920147979 water mark count is zero
09-28 17:52:52.256   822  1089 E C01406/skia: SurfaceNodeDrawable DrawCommSurfaceWatermark Name:SCBDesktop6 Id:8516920147988 water mark count is zero
09-28 17:52:52.256   822  1089 E C01406/skia: RSBaseRenderUtil::DealWithSurfaceRotationAndGravity, GetSurfaceBufferOpaque:0
09-28 17:52:52.256   822  1089 I C01406/WRAP: AHardwareBuffer_createFromHandle index = <private> handle = <private>, ahb = <private>
09-28 17:52:52.256   822  1089 E C01406/skia: SurfaceNodeDrawable DrawCommSurfaceWatermark Name:AdapterActivityContent Id:60979945668611 water mark count is zero
09-28 17:52:52.256   822  1089 E C01406/skia: RSBaseRenderUtil::DealWithSurfaceRotationAndGravity, GetSurfaceBufferOpaque:0
09-28 17:52:52.256   822  1089 I C01406/WRAP: AHardwareBuffer_createFromHandle index = <private> handle = <private>, ahb = <private>
09-28 17:52:52.257   822  1089 E C01406/skia: SurfaceNodeDrawable DrawCommSurfaceWatermark Name:AdapterSurfaceView Id:60979945668612 water mark count is zero
09-28 17:52:52.257   822  1089 E C01406/skia: SurfaceNodeDrawable DrawCommSurfaceWatermark Name:com.a2hlab.bridge.zigzag/com.unity3d.player.UnityPlayerActivity Id:60979945668609 water mark count is zero
09-28 17:52:52.257   822  1089 E C01406/skia: SurfaceNodeDrawable DrawCommSurfaceWatermark Name:WindowScene_zigzag35 Id:8516920148845 water mark count is zero
09-28 17:52:52.257   822  1089 E C01406/skia: SurfaceNodeDrawable DrawCommSurfaceWatermark Name:SCBGestureNavBar13 Id:8516920148115 water mark count is zero
09-28 17:52:52.257   822  1089 E C01406/skia: SurfaceNodeDrawable DrawCommSurfaceWatermark Name:SCBStatusBar15 Id:8516920148195 water mark count is zero
09-28 17:52:52.258  1786  1914 I C01560/StaStateMachine: SignalPoll,bssid:a2:34:**:**:**:ad,ssid:bri*******ver,networkId:4,band:2,freq:5745,rssi:-56,noise:0,chload:0,snr:0,ulDelay:0,txLinkSpeed:2925,rxLinkSpeed:60,txBytes:56016,rxBytes:94201,txFailed:0,txPackets:256,rxPackets:344,wifiCategory:1, wifiLinkType:0,GetWifiStandard:1,rxmax:54,txmax:54,connState:4,detState:10,lastSignal:4,chloadSelf:0,c0Rssi:0,c1Rssi:0
09-28 17:52:52.258  1786  1914 E C01560/WifiServiceManager: WifiServiceManager, Enhance handle is null
09-28 17:52:52.258  1786  1914 E C01560/WifiHiSysEvent: EnhanceWriteEventIpc: pEnhanceService is null
09-28 17:52:52.259  1786  1864 E C01560/WifiServiceManager: WifiServiceManager, Enhance handle is null
09-28 17:52:52.259  1786  1864 I C01560/Perf5gHandoverService: Enter ActiveScan, rssi: -56, scanStyle: 0
09-28 17:52:52.259   822  1089 E C02515/DISP: [0;32;31m[GetMetadata:109] <private> is not supported[m
09-28 17:52:52.259   822  1089 E C02515/DISP: [0;32;31m[SetMetadata:102] <private> is not supported[m
09-28 17:52:52.259   822  1089 E C02515/METADATA_SRV: [0;32;31m[SetMetadata:136]  fail[m
09-28 17:52:52.259   822  1089 E C01401/Bufferqueue: <surface_buffer_impl.cpp:714-SetMetadata>: SetMetadata Failed with -5
09-28 17:52:52.259   822  1089 E C01406/skia: RSUniRenderComposerAdapter::SetBufferColorSpace set color space fail
09-28 17:52:52.269 14198 14423 I C00f00/OH_DER_VSync: onOhVsync ENTRY ts=<private> data=<private>
09-28 17:52:52.269 14198 14422 I C00f00/OH_DER_VSync: scheduleVsync ENTRY receiverPtr=0x<private>
09-28 17:52:52.269 14198 14422 I C00f00/OH_DER_VSync: scheduleVsync calling RequestFrame ohVsync=<private>
09-28 17:52:52.269 14198 14422 I C00f00/OH_DER_VSync: scheduleVsync RequestFrame rc=<private>
09-28 17:52:52.270   822  1208 E C02515/DISP: [0;32;31m[SetMetadata:102] <private> is not supported[m
09-28 17:52:52.270   822  1208 E C02515/METADATA_SRV: [0;32;31m[SetMetadata:136]  fail[m
09-28 17:52:52.270   822  1208 E C01401/Bufferqueue: <surface_buffer_impl.cpp:714-SetMetadata>: SetMetadata Failed with -5
09-28 17:52:52.271   798  1062 E C02515/DISP: [0;32;31m[SetLayerMaskInfo@display_composer_vdi_impl.cpp:404] <private> is not supported[m
09-28 17:52:52.271   822  1240 E C02515/DISP: [0;32;31m[SetMetadata:102] <private> is not supported[m
09-28 17:52:52.271   822  1240 E C02515/METADATA_SRV: [0;32;31m[SetMetadata:136]  fail[m
09-28 17:52:52.271   822  1240 E C01401/Bufferqueue: <surface_buffer_impl.cpp:714-SetMetadata>: SetMetadata Failed with -5
09-28 17:52:52.272   798  1062 E C02515/DISP: [0;32;31m[SetDisplayClientDamage@display_composer_vdi_impl.cpp:179] <private> is not supported[m
09-28 17:52:52.285 14198 14423 I C00f00/OH_DER_VSync: onOhVsync ENTRY ts=<private> data=<private>
09-28 17:52:52.285   822   822 E C02515/DISP: [0;32;31m[GetMetadata:109] <private> is not supported[m
09-28 17:52:52.285   822   822 E C02515/DISP: [0;32;31m[GetMetadata:109] <private> is not supported[m
09-28 17:52:52.285   822   822 E C02515/DISP: [0;32;31m[GetMetadata:109] <private> is not supported[m
09-28 17:52:52.285 14198 14422 I C00f00/OH_DER_VSync: scheduleVsync ENTRY receiverPtr=0x<private>
09-28 17:52:52.285 14198 14422 I C00f00/OH_DER_VSync: scheduleVsync calling RequestFrame ohVsync=<private>
09-28 17:52:52.286 14198 14422 I C00f00/OH_DER_VSync: scheduleVsync RequestFrame rc=<private>
09-28 17:52:52.286   822   822 E C01406/skia: RSBaseRenderUtil::DealWithSurfaceRotationAndGravity, GetSurfaceBufferOpaque:0
09-28 17:52:52.286   822   822 E C02515/DISP: [0;32;31m[GetMetadata:109] <private> is not supported[m
09-28 17:52:52.286   822   822 E C01406/skia: RSBaseRenderUtil::DealWithSurfaceRotationAndGravity, GetSurfaceBufferOpaque:0
09-28 17:52:52.286   822   822 E C02515/DISP: [0;32;31m[GetMetadata:109] <private> is not supported[m
09-28 17:52:52.287   822  1089 E C02515/DISP: [0;32;31m[SetMetadata:102] <private> is not supported[m
09-28 17:52:52.287   822  1089 E C02515/METADATA_SRV: [0;32;31m[SetMetadata:136]  fail[m
09-28 17:52:52.287   822  1089 E C01401/Bufferqueue: <surface_buffer_impl.cpp:714-SetMetadata>: SetMetadata Failed with -5
09-28 17:52:52.287   822  1089 E C01406/skia: SurfaceNodeDrawable DrawCommSurfaceWatermark Name:SCBWallpaper5 Id:8516920147979 water mark count is zero
09-28 17:52:52.289   822  1089 E C01406/skia: SurfaceNodeDrawable DrawCommSurfaceWatermark Name:SCBDesktop6 Id:8516920147988 water mark count is zero
09-28 17:52:52.289   822  1089 E C01406/skia: RSBaseRenderUtil::DealWithSurfaceRotationAndGravity, GetSurfaceBufferOpaque:0
09-28 17:52:52.289   822  1089 I C01406/WRAP: AHardwareBuffer_createFromHandle index = <private> handle = <private>, ahb = <private>
09-28 17:52:52.289   822  1089 E C01406/skia: SurfaceNodeDrawable DrawCommSurfaceWatermark Name:AdapterActivityContent Id:60979945668611 water mark count is zero
09-28 17:52:52.289   822  1089 E C01406/skia: RSBaseRenderUtil::DealWithSurfaceRotationAndGravity, GetSurfaceBufferOpaque:0
09-28 17:52:52.290   822  1089 I C01406/WRAP: AHardwareBuffer_createFromHandle index = <private> handle = <private>, ahb = <private>
09-28 17:52:52.290   822  1089 E C01406/skia: SurfaceNodeDrawable DrawCommSurfaceWatermark Name:AdapterSurfaceView Id:60979945668612 water mark count is zero
09-28 17:52:52.290   822  1089 E C01406/skia: SurfaceNodeDrawable DrawCommSurfaceWatermark Name:com.a2hlab.bridge.zigzag/com.unity3d.player.UnityPlayerActivity Id:60979945668609 water mark count is zero
09-28 17:52:52.290   822  1089 E C01406/skia: SurfaceNodeDrawable DrawCommSurfaceWatermark Name:WindowScene_zigzag35 Id:8516920148845 water mark count is zero
09-28 17:52:52.290   822  1089 E C01406/skia: SurfaceNodeDrawable DrawCommSurfaceWatermark Name:SCBGestureNavBar13 Id:8516920148115 water mark count is zero
09-28 17:52:52.290   822  1089 E C01406/skia: SurfaceNodeDrawable DrawCommSurfaceWatermark Name:SCBStatusBar15 Id:8516920148195 water mark count is zero
09-28 17:52:52.292   822  1089 E C02515/DISP: [0;32;31m[GetMetadata:109] <private> is not supported[m
09-28 17:52:52.292   822  1089 E C02515/DISP: [0;32;31m[SetMetadata:102] <private> is not supported[m
09-28 17:52:52.292   822  1089 E C02515/METADATA_SRV: [0;32;31m[SetMetadata:136]  fail[m
09-28 17:52:52.292   822  1089 E C01401/Bufferqueue: <surface_buffer_impl.cpp:714-SetMetadata>: SetMetadata Failed with -5
09-28 17:52:52.292   822  1089 E C01406/skia: RSUniRenderComposerAdapter::SetBufferColorSpace set color space fail
09-28 17:52:52.302 14198 14423 I C00f00/OH_DER_VSync: onOhVsync ENTRY ts=<private> data=<private>
09-28 17:52:52.302 14198 14422 I C00f00/OH_DER_VSync: scheduleVsync ENTRY receiverPtr=0x<private>
09-28 17:52:52.302 14198 14422 I C00f00/OH_DER_VSync: scheduleVsync calling RequestFrame ohVsync=<private>
09-28 17:52:52.302 14198 14422 I C00f00/OH_DER_VSync: scheduleVsync RequestFrame rc=<private>
09-28 17:52:52.304   822  1208 E C02515/DISP: [0;32;31m[SetMetadata:102] <private> is not supported[m
09-28 17:52:52.304   822  1208 E C02515/METADATA_SRV: [0;32;31m[SetMetadata:136]  fail[m
09-28 17:52:52.304   822  1208 E C01401/Bufferqueue: <surface_buffer_impl.cpp:714-SetMetadata>: SetMetadata Failed with -5
09-28 17:52:52.305   798  1062 E C02515/DISP: [0;32;31m[SetLayerMaskInfo@display_composer_vdi_impl.cpp:404] <private> is not supported[m
09-28 17:52:52.305   822  1240 E C02515/DISP: [0;32;31m[SetMetadata:102] <private> is not supported[m
09-28 17:52:52.305   822  1240 E C02515/METADATA_SRV: [0;32;31m[SetMetadata:136]  fail[m
09-28 17:52:52.305   822  1240 E C01401/Bufferqueue: <surface_buffer_impl.cpp:714-SetMetadata>: SetMetadata Failed with -5
09-28 17:52:52.306   798  1062 E C02515/DISP: [0;32;31m[SetDisplayClientDamage@display_composer_vdi_impl.cpp:179] <private> is not supported[m
09-28 17:52:52.319 14198 14423 I C00f00/OH_DER_VSync: onOhVsync ENTRY ts=<private> data=<private>
09-28 17:52:52.319 14198 14422 I C00f00/OH_DER_VSync: scheduleVsync ENTRY receiverPtr=0x<private>
09-28 17:52:52.319   822   822 E C02515/DISP: [0;32;31m[GetMetadata:109] <private> is not supported[m
09-28 17:52:52.319 14198 14422 I C00f00/OH_DER_VSync: scheduleVsync calling RequestFrame ohVsync=<private>
09-28 17:52:52.319 14198 14422 I C00f00/OH_DER_VSync: scheduleVsync RequestFrame rc=<private>
09-28 17:52:52.319   822   822 E C02515/DISP: [0;32;31m[GetMetadata:109] <private> is not supported[m
09-28 17:52:52.319   822   822 E C02515/DISP: [0;32;31m[GetMetadata:109] <private> is not supported[m
09-28 17:52:52.320   822   822 E C01406/skia: RSBaseRenderUtil::DealWithSurfaceRotationAndGravity, GetSurfaceBufferOpaque:0
09-28 17:52:52.320   822   822 E C02515/DISP: [0;32;31m[GetMetadata:109] <private> is not supported[m
09-28 17:52:52.320   822   822 E C01406/skia: RSBaseRenderUtil::DealWithSurfaceRotationAndGravity, GetSurfaceBufferOpaque:0
09-28 17:52:52.320   822   822 E C02515/DISP: [0;32;31m[GetMetadata:109] <private> is not supported[m
09-28 17:52:52.322   822  1089 E C02515/DISP: [0;32;31m[SetMetadata:102] <private> is not supported[m
09-28 17:52:52.322   822  1089 E C02515/METADATA_SRV: [0;32;31m[SetMetadata:136]  fail[m
09-28 17:52:52.322   822  1089 E C01401/Bufferqueue: <surface_buffer_impl.cpp:714-SetMetadata>: SetMetadata Failed with -5
09-28 17:52:52.322   822  1089 E C01406/skia: SurfaceNodeDrawable DrawCommSurfaceWatermark Name:SCBWallpaper5 Id:8516920147979 water mark count is zero
09-28 17:52:52.324   822  1089 E C01406/skia: SurfaceNodeDrawable DrawCommSurfaceWatermark Name:SCBDesktop6 Id:8516920147988 water mark count is zero
09-28 17:52:52.324   822  1089 E C01406/skia: RSBaseRenderUtil::DealWithSurfaceRotationAndGravity, GetSurfaceBufferOpaque:0
09-28 17:52:52.324   822  1089 I C01406/WRAP: AHardwareBuffer_createFromHandle index = <private> handle = <private>, ahb = <private>
09-28 17:52:52.324   822  1089 E C01406/skia: SurfaceNodeDrawable DrawCommSurfaceWatermark Name:AdapterActivityContent Id:60979945668611 water mark count is zero
09-28 17:52:52.324   822  1089 E C01406/skia: RSBaseRenderUtil::DealWithSurfaceRotationAndGravity, GetSurfaceBufferOpaque:0
09-28 17:52:52.324   822  1089 I C01406/WRAP: AHardwareBuffer_createFromHandle index = <private> handle = <private>, ahb = <private>
09-28 17:52:52.324   822  1089 E C01406/skia: SurfaceNodeDrawable DrawCommSurfaceWatermark Name:AdapterSurfaceView Id:60979945668612 water mark count is zero
09-28 17:52:52.324   822  1089 E C01406/skia: SurfaceNodeDrawable DrawCommSurfaceWatermark Name:com.a2hlab.bridge.zigzag/com.unity3d.player.UnityPlayerActivity Id:60979945668609 water mark count is zero
09-28 17:52:52.325   822  1089 E C01406/skia: SurfaceNodeDrawable DrawCommSurfaceWatermark Name:WindowScene_zigzag35 Id:8516920148845 water mark count is zero
09-28 17:52:52.325   822  1089 E C01406/skia: SurfaceNodeDrawable DrawCommSurfaceWatermark Name:SCBGestureNavBar13 Id:8516920148115 water mark count is zero
09-28 17:52:52.325   822  1089 E C01406/skia: SurfaceNodeDrawable DrawCommSurfaceWatermark Name:SCBStatusBar15 Id:8516920148195 water mark count is zero
09-28 17:52:52.327   822  1089 E C02515/DISP: [0;32;31m[GetMetadata:109] <private> is not supported[m
09-28 17:52:52.327   822  1089 E C02515/DISP: [0;32;31m[SetMetadata:102] <private> is not supported[m
09-28 17:52:52.327   822  1089 E C02515/METADATA_SRV: [0;32;31m[SetMetadata:136]  fail[m
09-28 17:52:52.327   822  1089 E C01401/Bufferqueue: <surface_buffer_impl.cpp:714-SetMetadata>: SetMetadata Failed with -5
09-28 17:52:52.327   822  1089 E C01406/skia: RSUniRenderComposerAdapter::SetBufferColorSpace set color space fail
09-28 17:52:52.333  2516  2516 E C02c11/APPSPAWN: [appspawn_kickdog.c:29]open /sys/kernel/hungtask/userlist fail,errno:2
09-28 17:52:52.335 14198 14423 I C00f00/OH_DER_VSync: onOhVsync ENTRY ts=<private> data=<private>
09-28 17:52:52.335 14198 14422 I C00f00/OH_DER_VSync: scheduleVsync ENTRY receiverPtr=0x<private>
09-28 17:52:52.336 14198 14422 I C00f00/OH_DER_VSync: scheduleVsync calling RequestFrame ohVsync=<private>
09-28 17:52:52.336 14198 14422 I C00f00/OH_DER_VSync: scheduleVsync RequestFrame rc=<private>
09-28 17:52:52.337   822  1208 E C02515/DISP: [0;32;31m[SetMetadata:102] <private> is not supported[m
09-28 17:52:52.337   822  1208 E C02515/METADATA_SRV: [0;32;31m[SetMetadata:136]  fail[m
09-28 17:52:52.337   822  1208 E C01401/Bufferqueue: <surface_buffer_impl.cpp:714-SetMetadata>: SetMetadata Failed with -5
09-28 17:52:52.337   561   755 I C02801/InputDeviceManager: [|638]DeviceId:2, isReportEvent:1
09-28 17:52:52.338   561   755 I C02801/InputDeviceManager: [|1208]AddNewPointerDevice:0, existEnabledPointerDevice:0
09-28 17:52:52.339   798  1062 E C02515/DISP: [0;32;31m[SetLayerMaskInfo@display_composer_vdi_impl.cpp:404] <private> is not supported[m
09-28 17:52:52.339   822  1240 E C02515/DISP: [0;32;31m[SetMetadata:102] <private> is not supported[m
09-28 17:52:52.339   822  1240 E C02515/METADATA_SRV: [0;32;31m[SetMetadata:136]  fail[m
09-28 17:52:52.339   822  1240 E C01401/Bufferqueue: <surface_buffer_impl.cpp:714-SetMetadata>: SetMetadata Failed with -5
09-28 17:52:52.339   561   755 W C03f07/MUSL-LDSO: load libmmi_knuckle.z.so failed, namespace=ndk no inherits, errno=2
09-28 17:52:52.339   561   755 W C03f07/MUSL-LDSO: load libmmi_knuckle.z.so failed, namespace=default, errno=2
09-28 17:52:52.339   561   755 W C03f07/MUSL-LDSO: dlopen_impl load library header failed for libmmi_knuckle.z.so
09-28 17:52:52.339   561   755 E C02800/NetPacket: [|231]libmmi_knuckle.z.so dlopen fail
09-28 17:52:52.339   561   755 E C02800/NetPacket: [|205]load knuckle shared library fail
09-28 17:52:52.339   561   755 E C02800/NetPacket: [|172]impl is null
09-28 17:52:52.340   561   755 I C02805/InputWindowsManager: [P:D:181|5577]Pre search window -1 20|2202|0|0|1200|88|1983 18|2200|0|0|1200|63|1983 23|4102|0|88|36|1769|1164|88|36|1769|1983 
09-28 17:52:52.340   561   755 I C02805/InputKeyFlow: [P:D:181|5801]PA:down,Pid:14198,TWI:36,FWI:35,EID:181, flags:0,DID:0AWI:36,zOrder:102.000000
09-28 17:52:52.340   561   755 I C02803/InputWindowsManager: [P:D:181|5865]get deviceId failed:2
09-28 17:52:52.340   561   755 I C02805/InputKeyFlow: [P:D:181|328]gsl680_tp, TW: 36: 181
09-28 17:52:52.340   561   755 I C02805/InputKeyFlow: [P:D:181|377]PI:0, IP:1, P:0.00, MF:-1, WI:36, OPI:0, SI:false, T:0
09-28 17:52:52.340   798  1062 E C02515/DISP: [0;32;31m[SetDisplayClientDamage@display_composer_vdi_impl.cpp:179] <private> is not supported[m
09-28 17:52:52.340   561   755 I C02801/MultiModalInputPluginManager: [P:D:181|163]plugins_ not stage:16.
09-28 17:52:52.340   561   755 I C02802/InputActiveSubscriberHandler: [P:D:181|316]0|0|809
09-28 17:52:52.341   561   755 I C02803/InputWindowsManager: [P:D:181|423]get deviceId failed:2
09-28 17:52:52.341   561   755 I C02803/InputWindowsManager: [P:D:181|593]get deviceId failed:2
09-28 17:52:52.341   561   755 I C02803/InputWindowsManager: [P:D:181|391]get deviceId failed:2
09-28 17:52:52.341   561   755 I C02805/InputKeyFlow: [P:D:181|497]SendMsg:14198
09-28 17:52:52.341 14198 14237 I C02805/InputKeyFlow: [P:D:181|648]recv
09-28 17:52:52.341 14198 14237 I C00f00/OH_InputBridge: [<private>:<private>] <private>
09-28 17:52:52.342 14198 14243 E C00f00/OH_IER: DIAG worker recv got=<private> type=<private> seq=<private>
09-28 17:52:52.342 14198 14243 I C00f00/OH_IER: dispatchInputEvent seq=<private> action=<private> x=<private> y=<private> downMs=<private> evtMs=<private> src=TOUCHSCREEN (posting to main looper)
09-28 17:52:52.342 14198 14198 I C00f00/MotionEvent-aosp: [<private>:<private>] <private>
09-28 17:52:52.342 14198 14198 I C00f00/MotionEvent-aosp: [<private>:<private>] <private>
09-28 17:52:52.343 14198 14198 I C00f00/MotionEvent-aosp: [<private>:<private>] <private>
09-28 17:52:52.343 14198 14198 I C00f00/MotionEvent-aosp: [<private>:<private>] <private>
09-28 17:52:52.343 14198 14198 I C00f00/MotionEvent-aosp: [<private>:<private>] <private>
09-28 17:52:52.343 14198 14198 I C00f00/MotionEvent-aosp: [<private>:<private>] <private>
09-28 17:52:52.344 14198 14198 I C00f00/MotionEvent-aosp: [<private>:<private>] <private>
09-28 17:52:52.344 14198 14198 I C00f00/MotionEvent-aosp: [<private>:<private>] <private>
09-28 17:52:52.344 14198 14198 I C00f00/MotionEvent-aosp: [<private>:<private>] <private>
09-28 17:52:52.344 14198 14198 I C00f00/MotionEvent-aosp: [<private>:<private>] <private>
09-28 17:52:52.344 14198 14198 I C00f00/MotionEvent-aosp: [<private>:<private>] <private>
09-28 17:52:52.344 14198 14198 I C00f00/MotionEvent-aosp: [<private>:<private>] <private>
09-28 17:52:52.344 14198 14198 I C00f00/MotionEvent-aosp: [<private>:<private>] <private>
09-28 17:52:52.344 14198 14198 I C00f00/MotionEvent-aosp: [<private>:<private>] <private>
09-28 17:52:52.344 14198 14198 I C00f00/MotionEvent-aosp: [<private>:<private>] <private>
09-28 17:52:52.345 14198 14198 I C00f00/MotionEvent-aosp: [<private>:<private>] <private>
09-28 17:52:52.345 14198 14198 I C00f00/MotionEvent-aosp: [<private>:<private>] <private>
09-28 17:52:52.345 14198 14198 I C00f00/MotionEvent-aosp: [<private>:<private>] <private>
09-28 17:52:52.345 14198 14198 I C00f00/MotionEvent-aosp: [<private>:<private>] <private>
09-28 17:52:52.345 14198 14198 I C00f00/MotionEvent-aosp: [<private>:<private>] <private>
09-28 17:52:52.345 14198 14198 I C00f00/MotionEvent-aosp: [<private>:<private>] <private>
09-28 17:52:52.345 14198 14198 I C00f00/MotionEvent-aosp: [<private>:<private>] <private>
09-28 17:52:52.345 14198 14198 I C00f00/MotionEvent-aosp: [<private>:<private>] <private>
09-28 17:52:52.345 14198 14198 I C00f00/MotionEvent-aosp: [<private>:<private>] <private>
09-28 17:52:52.345 14198 14198 I C00f00/MotionEvent-aosp: [<private>:<private>] <private>
09-28 17:52:52.346 14198 14198 I C00f00/MotionEvent-aosp: [<private>:<private>] <private>
09-28 17:52:52.346 14198 14198 I C00f00/MotionEvent-aosp: [<private>:<private>] <private>
09-28 17:52:52.346 14198 14198 I C00f00/MotionEvent-aosp: [<private>:<private>] <private>
09-28 17:52:52.346 14198 14198 I C00f00/MotionEvent-aosp: [<private>:<private>] <private>
09-28 17:52:52.346 14198 14198 I C00f00/MotionEvent-aosp: [<private>:<private>] <private>
09-28 17:52:52.346 14198 14198 I C00f00/MotionEvent-aosp: [<private>:<private>] <private>
09-28 17:52:52.346 14198 14198 I C00f00/MotionEvent-aosp: [<private>:<private>] <private>
09-28 17:52:52.346 14198 14198 I C00f00/MotionEvent-aosp: [<private>:<private>] <private>
09-28 17:52:52.346 14198 14198 I C00f00/MotionEvent-aosp: [<private>:<private>] <private>
09-28 17:52:52.347 14198 14198 I C00f00/MotionEvent-aosp: [<private>:<private>] <private>
09-28 17:52:52.347 14198 14198 I C00f00/MotionEvent-aosp: [<private>:<private>] <private>
09-28 17:52:52.347 14198 14198 I C00f00/MotionEvent-aosp: [<private>:<private>] <private>
09-28 17:52:52.347 14198 14198 I C00f00/MotionEvent-aosp: [<private>:<private>] <private>
09-28 17:52:52.347 14198 14198 I C00f00/MotionEvent-aosp: [<private>:<private>] <private>
09-28 17:52:52.347 14198 14198 I C00f00/MotionEvent-aosp: [<private>:<private>] <private>
09-28 17:52:52.347 14198 14198 I C00f00/MotionEvent-aosp: [<private>:<private>] <private>
09-28 17:52:52.347 14198 14198 I C00f00/MotionEvent-aosp: [<private>:<private>] <private>
09-28 17:52:52.347 14198 14198 I C00f00/MotionEvent-aosp: [<private>:<private>] <private>
09-28 17:52:52.348 14198 14198 I C00f00/MotionEvent-aosp: [<private>:<private>] <private>
09-28 17:52:52.348 14198 14198 I C00f00/MotionEvent-aosp: [<private>:<private>] <private>
09-28 17:52:52.348 14198 14198 I C00f00/MotionEvent-aosp: [<private>:<private>] <private>
09-28 17:52:52.348 14198 14198 I C00f00/MotionEvent-aosp: [<private>:<private>] <private>
09-28 17:52:52.348 14198 14198 I C00f00/MotionEvent-aosp: [<private>:<private>] <private>
09-28 17:52:52.348 14198 14198 I C00f00/MotionEvent-aosp: [<private>:<private>] <private>
09-28 17:52:52.348 14198 14198 I C00f00/MotionEvent-aosp: [<private>:<private>] <private>
09-28 17:52:52.349 14198 14198 I C00f00/MotionEvent-aosp: [<private>:<private>] <private>
09-28 17:52:52.349 14198 14198 I C00f00/MotionEvent-aosp: [<private>:<private>] <private>
09-28 17:52:52.349 14198 14242 I C00f00/OH_InputBridge: [<private>:<private>] <private>
09-28 17:52:52.352 14198 14423 I C00f00/OH_DER_VSync: onOhVsync ENTRY ts=<private> data=<private>
09-28 17:52:52.352 14198 14422 I C00f00/OH_DER_VSync: scheduleVsync ENTRY receiverPtr=0x<private>
09-28 17:52:52.352 14198 14422 I C00f00/OH_DER_VSync: scheduleVsync calling RequestFrame ohVsync=<private>
09-28 17:52:52.352   822   822 E C02515/DISP: [0;32;31m[GetMetadata:109] <private> is not supported[m
09-28 17:52:52.352 14198 14422 I C00f00/OH_DER_VSync: scheduleVsync RequestFrame rc=<private>
09-28 17:52:52.352   822   822 E C02515/DISP: [0;32;31m[GetMetadata:109] <private> is not supported[m
09-28 17:52:52.352   822   822 E C02515/DISP: [0;32;31m[GetMetadata:109] <private> is not supported[m
09-28 17:52:52.354   822   822 E C01406/skia: RSBaseRenderUtil::DealWithSurfaceRotationAndGravity, GetSurfaceBufferOpaque:0
09-28 17:52:52.354   822   822 E C02515/DISP: [0;32;31m[GetMetadata:109] <private> is not supported[m
09-28 17:52:52.354   822   822 E C01406/skia: RSBaseRenderUtil::DealWithSurfaceRotationAndGravity, GetSurfaceBufferOpaque:0
09-28 17:52:52.354   822   822 E C02515/DISP: [0;32;31m[GetMetadata:109] <private> is not supported[m
09-28 17:52:52.355   822  1089 E C02515/DISP: [0;32;31m[SetMetadata:102] <private> is not supported[m
09-28 17:52:52.355   822  1089 E C02515/METADATA_SRV: [0;32;31m[SetMetadata:136]  fail[m
09-28 17:52:52.355   822  1089 E C01401/Bufferqueue: <surface_buffer_impl.cpp:714-SetMetadata>: SetMetadata Failed with -5
09-28 17:52:52.356   822  1089 E C01406/skia: SurfaceNodeDrawable DrawCommSurfaceWatermark Name:SCBWallpaper5 Id:8516920147979 water mark count is zero
09-28 17:52:52.357   822  1089 E C01406/skia: SurfaceNodeDrawable DrawCommSurfaceWatermark Name:SCBDesktop6 Id:8516920147988 water mark count is zero
09-28 17:52:52.357   822  1089 E C01406/skia: RSBaseRenderUtil::DealWithSurfaceRotationAndGravity, GetSurfaceBufferOpaque:0
09-28 17:52:52.357   822  1089 I C01406/WRAP: AHardwareBuffer_createFromHandle index = <private> handle = <private>, ahb = <private>
09-28 17:52:52.357   822  1089 E C01406/skia: SurfaceNodeDrawable DrawCommSurfaceWatermark Name:AdapterActivityContent Id:60979945668611 water mark count is zero
09-28 17:52:52.358   822  1089 E C01406/skia: RSBaseRenderUtil::DealWithSurfaceRotationAndGravity, GetSurfaceBufferOpaque:0
09-28 17:52:52.358   822  1089 I C01406/WRAP: AHardwareBuffer_createFromHandle index = <private> handle = <private>, ahb = <private>
09-28 17:52:52.358   822  1089 E C01406/skia: SurfaceNodeDrawable DrawCommSurfaceWatermark Name:AdapterSurfaceView Id:60979945668612 water mark count is zero
09-28 17:52:52.358   822  1089 E C01406/skia: SurfaceNodeDrawable DrawCommSurfaceWatermark Name:com.a2hlab.bridge.zigzag/com.unity3d.player.UnityPlayerActivity Id:60979945668609 water mark count is zero
09-28 17:52:52.358   822  1089 E C01406/skia: SurfaceNodeDrawable DrawCommSurfaceWatermark Name:WindowScene_zigzag35 Id:8516920148845 water mark count is zero
09-28 17:52:52.358   822  1089 E C01406/skia: SurfaceNodeDrawable DrawCommSurfaceWatermark Name:SCBGestureNavBar13 Id:8516920148115 water mark count is zero
09-28 17:52:52.358   822  1089 E C01406/skia: SurfaceNodeDrawable DrawCommSurfaceWatermark Name:SCBStatusBar15 Id:8516920148195 water mark count is zero
09-28 17:52:52.360   822  1089 E C02515/DISP: [0;32;31m[GetMetadata:109] <private> is not supported[m
09-28 17:52:52.360   822  1089 E C02515/DISP: [0;32;31m[SetMetadata:102] <private> is not supported[m
09-28 17:52:52.360   822  1089 E C02515/METADATA_SRV: [0;32;31m[SetMetadata:136]  fail[m
09-28 17:52:52.360   822  1089 E C01401/Bufferqueue: <surface_buffer_impl.cpp:714-SetMetadata>: SetMetadata Failed with -5
09-28 17:52:52.360   822  1089 E C01406/skia: RSUniRenderComposerAdapter::SetBufferColorSpace set color space fail
09-28 17:52:52.369 14198 14423 I C00f00/OH_DER_VSync: onOhVsync ENTRY ts=<private> data=<private>
09-28 17:52:52.369 14198 14422 I C00f00/OH_DER_VSync: scheduleVsync ENTRY receiverPtr=0x<private>
09-28 17:52:52.369 14198 14422 I C00f00/OH_DER_VSync: scheduleVsync calling RequestFrame ohVsync=<private>
09-28 17:52:52.369 14198 14235 I C00f00/MotionEvent-aosp: [<private>:<private>] <private>
09-28 17:52:52.369 14198 14235 I C00f00/MotionEvent-aosp: [<private>:<private>] <private>
09-28 17:52:52.369 14198 14422 I C00f00/OH_DER_VSync: scheduleVsync RequestFrame rc=<private>
09-28 17:52:52.369 14198 14235 I C00f00/MotionEvent-aosp: [<private>:<private>] <private>
09-28 17:52:52.369 14198 14235 I C00f00/MotionEvent-aosp: [<private>:<private>] <private>
09-28 17:52:52.369 14198 14235 I C00f00/MotionEvent-aosp: [<private>:<private>] <private>
09-28 17:52:52.369 14198 14235 I C00f00/MotionEvent-aosp: [<private>:<private>] <private>
09-28 17:52:52.369 14198 14235 I C00f00/MotionEvent-aosp: [<private>:<private>] <private>
09-28 17:52:52.371   822  1208 E C02515/DISP: [0;32;31m[SetMetadata:102] <private> is not supported[m
09-28 17:52:52.371   822  1208 E C02515/METADATA_SRV: [0;32;31m[SetMetadata:136]  fail[m
09-28 17:52:52.371   822  1208 E C01401/Bufferqueue: <surface_buffer_impl.cpp:714-SetMetadata>: SetMetadata Failed with -5
09-28 17:52:52.372   798  1062 E C02515/DISP: [0;32;31m[SetLayerMaskInfo@display_composer_vdi_impl.cpp:404] <private> is not supported[m
09-28 17:52:52.372   822  1240 E C02515/DISP: [0;32;31m[SetMetadata:102] <private> is not supported[m
09-28 17:52:52.372   822  1240 E C02515/METADATA_SRV: [0;32;31m[SetMetadata:136]  fail[m
09-28 17:52:52.372   822  1240 E C01401/Bufferqueue: <surface_buffer_impl.cpp:714-SetMetadata>: SetMetadata Failed with -5
09-28 17:52:52.373   798  1062 E C02515/DISP: [0;32;31m[SetDisplayClientDamage@display_composer_vdi_impl.cpp:179] <private> is not supported[m
09-28 17:52:52.379   561   755 I C02801/MultiModalInputPluginManager: [P:M:182|163]plugins_ not stage:16.
09-28 17:52:52.379   561   755 I C02803/InputWindowsManager: [P:M:182|423]get deviceId failed:2
09-28 17:52:52.379   561   755 I C02803/InputWindowsManager: [P:M:182|593]get deviceId failed:2
09-28 17:52:52.379   561   755 I C02803/InputWindowsManager: [P:M:182|391]get deviceId failed:2
09-28 17:52:52.379 14198 14237 I C00f00/OH_InputBridge: [<private>:<private>] <private>
09-28 17:52:52.379 14198 14243 E C00f00/OH_IER: DIAG worker recv got=<private> type=<private> seq=<private>
09-28 17:52:52.380 14198 14243 I C00f00/OH_IER: dispatchInputEvent seq=<private> action=<private> x=<private> y=<private> downMs=<private> evtMs=<private> src=TOUCHSCREEN (posting to main looper)
09-28 17:52:52.380 14198 14198 I C00f00/MotionEvent-aosp: [<private>:<private>] <private>
09-28 17:52:52.380 14198 14198 I C00f00/MotionEvent-aosp: [<private>:<private>] <private>
09-28 17:52:52.380 14198 14198 I C00f00/MotionEvent-aosp: [<private>:<private>] <private>
09-28 17:52:52.380 14198 14198 I C00f00/MotionEvent-aosp: [<private>:<private>] <private>
09-28 17:52:52.380 14198 14198 I C00f00/MotionEvent-aosp: [<private>:<private>] <private>
09-28 17:52:52.380 14198 14198 I C00f00/MotionEvent-aosp: [<private>:<private>] <private>
09-28 17:52:52.380 14198 14198 I C00f00/MotionEvent-aosp: [<private>:<private>] <private>
09-28 17:52:52.380 14198 14198 I C00f00/MotionEvent-aosp: [<private>:<private>] <private>
09-28 17:52:52.380 14198 14198 I C00f00/MotionEvent-aosp: [<private>:<private>] <private>
09-28 17:52:52.380 14198 14198 I C00f00/MotionEvent-aosp: [<private>:<private>] <private>
09-28 17:52:52.380 14198 14198 I C00f00/MotionEvent-aosp: [<private>:<private>] <private>
09-28 17:52:52.380 14198 14198 I C00f00/MotionEvent-aosp: [<private>:<private>] <private>
09-28 17:52:52.380 14198 14198 I C00f00/MotionEvent-aosp: [<private>:<private>] <private>
09-28 17:52:52.380 14198 14198 I C00f00/MotionEvent-aosp: [<private>:<private>] <private>
09-28 17:52:52.380 14198 14198 I C00f00/MotionEvent-aosp: [<private>:<private>] <private>
09-28 17:52:52.380 14198 14198 I C00f00/MotionEvent-aosp: [<private>:<private>] <private>
09-28 17:52:52.380 14198 14198 I C00f00/MotionEvent-aosp: [<private>:<private>] <private>
09-28 17:52:52.380 14198 14198 I C00f00/MotionEvent-aosp: [<private>:<private>] <private>
09-28 17:52:52.380 14198 14198 I C00f00/MotionEvent-aosp: [<private>:<private>] <private>
09-28 17:52:52.380 14198 14198 I C00f00/MotionEvent-aosp: [<private>:<private>] <private>
09-28 17:52:52.381 14198 14198 I C00f00/MotionEvent-aosp: [<private>:<private>] <private>
09-28 17:52:52.381 14198 14198 I C00f00/MotionEvent-aosp: [<private>:<private>] <private>
09-28 17:52:52.381 14198 14198 I C00f00/MotionEvent-aosp: [<private>:<private>] <private>
09-28 17:52:52.381 14198 14198 I C00f00/MotionEvent-aosp: [<private>:<private>] <private>
09-28 17:52:52.381 14198 14242 I C00f00/OH_InputBridge: [<private>:<private>] <private>
09-28 17:52:52.385 14198 14423 I C00f00/OH_DER_VSync: onOhVsync ENTRY ts=<private> data=<private>
09-28 17:52:52.385 14198 14422 I C00f00/OH_DER_VSync: scheduleVsync ENTRY receiverPtr=0x<private>
09-28 17:52:52.385 14198 14422 I C00f00/OH_DER_VSync: scheduleVsync calling RequestFrame ohVsync=<private>
09-28 17:52:52.385   822   822 E C02515/DISP: [0;32;31m[GetMetadata:109] <private> is not supported[m
09-28 17:52:52.386 14198 14422 I C00f00/OH_DER_VSync: scheduleVsync RequestFrame rc=<private>
09-28 17:52:52.386   822   822 E C02515/DISP: [0;32;31m[GetMetadata:109] <private> is not supported[m
09-28 17:52:52.386   822   822 E C02515/DISP: [0;32;31m[GetMetadata:109] <private> is not supported[m
09-28 17:52:52.387   822   822 E C01406/skia: RSBaseRenderUtil::DealWithSurfaceRotationAndGravity, GetSurfaceBufferOpaque:0
09-28 17:52:52.387   822   822 E C02515/DISP: [0;32;31m[GetMetadata:109] <private> is not supported[m
09-28 17:52:52.387   822   822 E C01406/skia: RSBaseRenderUtil::DealWithSurfaceRotationAndGravity, GetSurfaceBufferOpaque:0
09-28 17:52:52.387   822   822 E C02515/DISP: [0;32;31m[GetMetadata:109] <private> is not supported[m
09-28 17:52:52.389   822  1089 E C02515/DISP: [0;32;31m[SetMetadata:102] <private> is not supported[m
09-28 17:52:52.389   822  1089 E C02515/METADATA_SRV: [0;32;31m[SetMetadata:136]  fail[m
09-28 17:52:52.389   822  1089 E C01401/Bufferqueue: <surface_buffer_impl.cpp:714-SetMetadata>: SetMetadata Failed with -5
09-28 17:52:52.389   822  1089 E C01406/skia: SurfaceNodeDrawable DrawCommSurfaceWatermark Name:SCBWallpaper5 Id:8516920147979 water mark count is zero
09-28 17:52:52.391   822  1089 E C01406/skia: SurfaceNodeDrawable DrawCommSurfaceWatermark Name:SCBDesktop6 Id:8516920147988 water mark count is zero
09-28 17:52:52.391   822  1089 E C01406/skia: RSBaseRenderUtil::DealWithSurfaceRotationAndGravity, GetSurfaceBufferOpaque:0
09-28 17:52:52.391   822  1089 I C01406/WRAP: AHardwareBuffer_createFromHandle index = <private> handle = <private>, ahb = <private>
09-28 17:52:52.391   822  1089 E C01406/skia: SurfaceNodeDrawable DrawCommSurfaceWatermark Name:AdapterActivityContent Id:60979945668611 water mark count is zero
09-28 17:52:52.391   822  1089 E C01406/skia: RSBaseRenderUtil::DealWithSurfaceRotationAndGravity, GetSurfaceBufferOpaque:0
09-28 17:52:52.391   822  1089 I C01406/WRAP: AHardwareBuffer_createFromHandle index = <private> handle = <private>, ahb = <private>
09-28 17:52:52.391   822  1089 E C01406/skia: SurfaceNodeDrawable DrawCommSurfaceWatermark Name:AdapterSurfaceView Id:60979945668612 water mark count is zero
09-28 17:52:52.391   822  1089 E C01406/skia: SurfaceNodeDrawable DrawCommSurfaceWatermark Name:com.a2hlab.bridge.zigzag/com.unity3d.player.UnityPlayerActivity Id:60979945668609 water mark count is zero
09-28 17:52:52.391   822  1089 E C01406/skia: SurfaceNodeDrawable DrawCommSurfaceWatermark Name:WindowScene_zigzag35 Id:8516920148845 water mark count is zero
09-28 17:52:52.392   822  1089 E C01406/skia: SurfaceNodeDrawable DrawCommSurfaceWatermark Name:SCBGestureNavBar13 Id:8516920148115 water mark count is zero
09-28 17:52:52.392   822  1089 E C01406/skia: SurfaceNodeDrawable DrawCommSurfaceWatermark Name:SCBStatusBar15 Id:8516920148195 water mark count is zero
09-28 17:52:52.394   822  1089 E C02515/DISP: [0;32;31m[GetMetadata:109] <private> is not supported[m
09-28 17:52:52.394   822  1089 E C02515/DISP: [0;32;31m[SetMetadata:102] <private> is not supported[m
09-28 17:52:52.394   822  1089 E C02515/METADATA_SRV: [0;32;31m[SetMetadata:136]  fail[m
09-28 17:52:52.394   822  1089 E C01401/Bufferqueue: <surface_buffer_impl.cpp:714-SetMetadata>: SetMetadata Failed with -5
09-28 17:52:52.394   822  1089 E C01406/skia: RSUniRenderComposerAdapter::SetBufferColorSpace set color space fail
09-28 17:52:52.402 14198 14423 I C00f00/OH_DER_VSync: onOhVsync ENTRY ts=<private> data=<private>
09-28 17:52:52.402 14198 14422 I C00f00/OH_DER_VSync: scheduleVsync ENTRY receiverPtr=0x<private>
09-28 17:52:52.402 14198 14422 I C00f00/OH_DER_VSync: scheduleVsync calling RequestFrame ohVsync=<private>
09-28 17:52:52.402 14198 14235 I C00f00/MotionEvent-aosp: [<private>:<private>] <private>
09-28 17:52:52.402 14198 14235 I C00f00/MotionEvent-aosp: [<private>:<private>] <private>
09-28 17:52:52.402 14198 14422 I C00f00/OH_DER_VSync: scheduleVsync RequestFrame rc=<private>
09-28 17:52:52.402 14198 14235 I C00f00/MotionEvent-aosp: [<private>:<private>] <private>
09-28 17:52:52.402 14198 14235 I C00f00/MotionEvent-aosp: [<private>:<private>] <private>
09-28 17:52:52.402 14198 14235 I C00f00/MotionEvent-aosp: [<private>:<private>] <private>
09-28 17:52:52.402 14198 14235 I C00f00/MotionEvent-aosp: [<private>:<private>] <private>
09-28 17:52:52.402 14198 14235 I C00f00/MotionEvent-aosp: [<private>:<private>] <private>
09-28 17:52:52.404   822  1208 E C02515/DISP: [0;32;31m[SetMetadata:102] <private> is not supported[m
09-28 17:52:52.404   822  1208 E C02515/METADATA_SRV: [0;32;31m[SetMetadata:136]  fail[m
09-28 17:52:52.404   822  1208 E C01401/Bufferqueue: <surface_buffer_impl.cpp:714-SetMetadata>: SetMetadata Failed with -5
09-28 17:52:52.405   798  1062 E C02515/DISP: [0;32;31m[SetLayerMaskInfo@display_composer_vdi_impl.cpp:404] <private> is not supported[m
09-28 17:52:52.405   822  1240 E C02515/DISP: [0;32;31m[SetMetadata:102] <private> is not supported[m
09-28 17:52:52.405   822  1240 E C02515/METADATA_SRV: [0;32;31m[SetMetadata:136]  fail[m
09-28 17:52:52.405   822  1240 E C01401/Bufferqueue: <surface_buffer_impl.cpp:714-SetMetadata>: SetMetadata Failed with -5
09-28 17:52:52.406   798  1062 E C02515/DISP: [0;32;31m[SetDisplayClientDamage@display_composer_vdi_impl.cpp:179] <private> is not supported[m
09-28 17:52:52.417   561   755 I C02801/MultiModalInputPluginManager: [P:M:183|163]plugins_ not stage:16.
09-28 17:52:52.417   561   755 I C02803/InputWindowsManager: [P:M:183|423]get deviceId failed:2
09-28 17:52:52.417   561   755 I C02803/InputWindowsManager: [P:M:183|593]get deviceId failed:2
09-28 17:52:52.418   561   755 I C02803/InputWindowsManager: [P:M:183|391]get deviceId failed:2
09-28 17:52:52.418 14198 14237 I C00f00/OH_InputBridge: [<private>:<private>] <private>
09-28 17:52:52.418 14198 14243 E C00f00/OH_IER: DIAG worker recv got=<private> type=<private> seq=<private>
09-28 17:52:52.418 14198 14243 I C00f00/OH_IER: dispatchInputEvent seq=<private> action=<private> x=<private> y=<private> downMs=<private> evtMs=<private> src=TOUCHSCREEN (posting to main looper)
09-28 17:52:52.418 14198 14198 I C00f00/MotionEvent-aosp: [<private>:<private>] <private>
09-28 17:52:52.419 14198 14198 I C00f00/MotionEvent-aosp: [<private>:<private>] <private>
09-28 17:52:52.419 14198 14423 I C00f00/OH_DER_VSync: onOhVsync ENTRY ts=<private> data=<private>
09-28 17:52:52.419 14198 14422 I C00f00/OH_DER_VSync: scheduleVsync ENTRY receiverPtr=0x<private>
09-28 17:52:52.419 14198 14422 I C00f00/OH_DER_VSync: scheduleVsync calling RequestFrame ohVsync=<private>
09-28 17:52:52.419 14198 14198 I C00f00/MotionEvent-aosp: [<private>:<private>] <private>
09-28 17:52:52.419   822   822 E C02515/DISP: [0;32;31m[GetMetadata:109] <private> is not supported[m
09-28 17:52:52.419 14198 14198 I C00f00/MotionEvent-aosp: [<private>:<private>] <private>
09-28 17:52:52.419 14198 14422 I C00f00/OH_DER_VSync: scheduleVsync RequestFrame rc=<private>
09-28 17:52:52.419   822   822 E C02515/DISP: [0;32;31m[GetMetadata:109] <private> is not supported[m
09-28 17:52:52.419   822   822 E C02515/DISP: [0;32;31m[GetMetadata:109] <private> is not supported[m
09-28 17:52:52.419 14198 14198 I C00f00/MotionEvent-aosp: [<private>:<private>] <private>
09-28 17:52:52.419 14198 14198 I C00f00/MotionEvent-aosp: [<private>:<private>] <private>
09-28 17:52:52.419 14198 14198 I C00f00/MotionEvent-aosp: [<private>:<private>] <private>
09-28 17:52:52.419 14198 14198 I C00f00/MotionEvent-aosp: [<private>:<private>] <private>
09-28 17:52:52.420 14198 14198 I C00f00/MotionEvent-aosp: [<private>:<private>] <private>
09-28 17:52:52.420 14198 14198 I C00f00/MotionEvent-aosp: [<private>:<private>] <private>
09-28 17:52:52.420 14198 14198 I C00f00/MotionEvent-aosp: [<private>:<private>] <private>
09-28 17:52:52.420 14198 14198 I C00f00/MotionEvent-aosp: [<private>:<private>] <private>
09-28 17:52:52.420 14198 14198 I C00f00/MotionEvent-aosp: [<private>:<private>] <private>
09-28 17:52:52.420 14198 14198 I C00f00/MotionEvent-aosp: [<private>:<private>] <private>
09-28 17:52:52.420 14198 14198 I C00f00/MotionEvent-aosp: [<private>:<private>] <private>
09-28 17:52:52.420   822   822 E C01406/skia: RSBaseRenderUtil::DealWithSurfaceRotationAndGravity, GetSurfaceBufferOpaque:0
09-28 17:52:52.420   822   822 E C02515/DISP: [0;32;31m[GetMetadata:109] <private> is not supported[m
09-28 17:52:52.420 14198 14198 I C00f00/MotionEvent-aosp: [<private>:<private>] <private>
09-28 17:52:52.420   822   822 E C01406/skia: RSBaseRenderUtil::DealWithSurfaceRotationAndGravity, GetSurfaceBufferOpaque:0
09-28 17:52:52.420 14198 14198 I C00f00/MotionEvent-aosp: [<private>:<private>] <private>
09-28 17:52:52.420   822   822 E C02515/DISP: [0;32;31m[GetMetadata:109] <private> is not supported[m
09-28 17:52:52.421 14198 14198 I C00f00/MotionEvent-aosp: [<private>:<private>] <private>
09-28 17:52:52.421 14198 14198 I C00f00/MotionEvent-aosp: [<private>:<private>] <private>
09-28 17:52:52.421 14198 14198 I C00f00/MotionEvent-aosp: [<private>:<private>] <private>
09-28 17:52:52.421 14198 14198 I C00f00/MotionEvent-aosp: [<private>:<private>] <private>
09-28 17:52:52.421 14198 14198 I C00f00/MotionEvent-aosp: [<private>:<private>] <private>
09-28 17:52:52.421 14198 14198 I C00f00/MotionEvent-aosp: [<private>:<private>] <private>
09-28 17:52:52.421 14198 14198 I C00f00/MotionEvent-aosp: [<private>:<private>] <private>
09-28 17:52:52.422 14198 14242 I C00f00/OH_InputBridge: [<private>:<private>] <private>
09-28 17:52:52.422   822  1089 E C02515/DISP: [0;32;31m[SetMetadata:102] <private> is not supported[m
09-28 17:52:52.422   822  1089 E C02515/METADATA_SRV: [0;32;31m[SetMetadata:136]  fail[m
09-28 17:52:52.422   822  1089 E C01401/Bufferqueue: <surface_buffer_impl.cpp:714-SetMetadata>: SetMetadata Failed with -5
09-28 17:52:52.422   822  1089 E C01406/skia: SurfaceNodeDrawable DrawCommSurfaceWatermark Name:SCBWallpaper5 Id:8516920147979 water mark count is zero
09-28 17:52:52.424   822  1089 E C01406/skia: SurfaceNodeDrawable DrawCommSurfaceWatermark Name:SCBDesktop6 Id:8516920147988 water mark count is zero
09-28 17:52:52.424   822  1089 E C01406/skia: RSBaseRenderUtil::DealWithSurfaceRotationAndGravity, GetSurfaceBufferOpaque:0
09-28 17:52:52.424   822  1089 I C01406/WRAP: AHardwareBuffer_createFromHandle index = <private> handle = <private>, ahb = <private>
09-28 17:52:52.424   822  1089 E C01406/skia: SurfaceNodeDrawable DrawCommSurfaceWatermark Name:AdapterActivityContent Id:60979945668611 water mark count is zero
09-28 17:52:52.424   822  1089 E C01406/skia: RSBaseRenderUtil::DealWithSurfaceRotationAndGravity, GetSurfaceBufferOpaque:0
09-28 17:52:52.424   822  1089 I C01406/WRAP: AHardwareBuffer_createFromHandle index = <private> handle = <private>, ahb = <private>
09-28 17:52:52.425   822  1089 E C01406/skia: SurfaceNodeDrawable DrawCommSurfaceWatermark Name:AdapterSurfaceView Id:60979945668612 water mark count is zero
09-28 17:52:52.425   822  1089 E C01406/skia: SurfaceNodeDrawable DrawCommSurfaceWatermark Name:com.a2hlab.bridge.zigzag/com.unity3d.player.UnityPlayerActivity Id:60979945668609 water mark count is zero
09-28 17:52:52.425   822  1089 E C01406/skia: SurfaceNodeDrawable DrawCommSurfaceWatermark Name:WindowScene_zigzag35 Id:8516920148845 water mark count is zero
09-28 17:52:52.425   822  1089 E C01406/skia: SurfaceNodeDrawable DrawCommSurfaceWatermark Name:SCBGestureNavBar13 Id:8516920148115 water mark count is zero
09-28 17:52:52.425   822  1089 E C01406/skia: SurfaceNodeDrawable DrawCommSurfaceWatermark Name:SCBStatusBar15 Id:8516920148195 water mark count is zero
09-28 17:52:52.427   822  1089 E C02515/DISP: [0;32;31m[GetMetadata:109] <private> is not supported[m
09-28 17:52:52.427   822  1089 E C02515/DISP: [0;32;31m[SetMetadata:102] <private> is not supported[m
09-28 17:52:52.427   822  1089 E C02515/METADATA_SRV: [0;32;31m[SetMetadata:136]  fail[m
09-28 17:52:52.427   822  1089 E C01401/Bufferqueue: <surface_buffer_impl.cpp:714-SetMetadata>: SetMetadata Failed with -5
09-28 17:52:52.427   822  1089 E C01406/skia: RSUniRenderComposerAdapter::SetBufferColorSpace set color space fail
09-28 17:52:52.431   850   982 I C02d13/HDC_LOG: [daemon.cpp:1142] FetchCommand channelId:1666309765 command:1001
09-28 17:52:52.431   850   982 I C02d13/HDC_LOG: [session.cpp:1652] New HTaskInfo cid:1666309765 sid:246******508(L:10) command:1001
09-28 17:52:52.431   850   982 I C02d13/HDC_LOG: [session.cpp:891] AdminTask add task type:0 cid:1666309765 sid:246******508(L:10) mapsize:2
09-28 17:52:52.431   850   982 I C02d13/HDC_LOG: [task.cpp:34] HdcTaskBase type:0 cid:1666309765 sid:246******508(L:10)
09-28 17:52:52.431   850   982 I C02d13/HDC_LOG: [daemon_unity.cpp:414] Unity CommandDispatch command:1001 cid:1666309765 sid:246******508(L:10)
09-28 17:52:52.431   850   982 W C02d13/HDC_LOG: [async_cmd.cpp:114] GetDevItem false key:persist.hdc.root
09-28 17:52:52.431   850 14920 I C02d13/HDC_LOG: [async_cmd.cpp:225] Popen pipe fds[pipeRead]:32 fds[pipeWrite]:36, mode 0
09-28 17:52:52.435   850   982 I C02d13/HDC_LOG: [async_cmd.cpp:291] ExecuteCommand cmd:param get const.product.os.dist.apiname fd:32 pid:14921
09-28 17:52:52.435   850   982 I C02d13/HDC_LOG: [daemon_unity.cpp:486] Unity CommandDispatch command:1001 finish cid:1666309765 sid:246******508(L:10)
09-28 17:52:52.435 14198 14423 I C00f00/OH_DER_VSync: onOhVsync ENTRY ts=<private> data=<private>
09-28 17:52:52.436 14198 14422 I C00f00/OH_DER_VSync: scheduleVsync ENTRY receiverPtr=0x<private>
09-28 17:52:52.436 14198 14422 I C00f00/OH_DER_VSync: scheduleVsync calling RequestFrame ohVsync=<private>
09-28 17:52:52.436 14198 14235 I C00f00/MotionEvent-aosp: [<private>:<private>] <private>
09-28 17:52:52.436 14198 14235 I C00f00/MotionEvent-aosp: [<private>:<private>] <private>
09-28 17:52:52.436 14198 14235 I C00f00/MotionEvent-aosp: [<private>:<private>] <private>
09-28 17:52:52.436 14198 14235 I C00f00/MotionEvent-aosp: [<private>:<private>] <private>
09-28 17:52:52.436 14198 14235 I C00f00/MotionEvent-aosp: [<private>:<private>] <private>
09-28 17:52:52.436 14198 14235 I C00f00/MotionEvent-aosp: [<private>:<private>] <private>
09-28 17:52:52.436 14198 14235 I C00f00/MotionEvent-aosp: [<private>:<private>] <private>
09-28 17:52:52.436 14198 14422 I C00f00/OH_DER_VSync: scheduleVsync RequestFrame rc=<private>
09-28 17:52:52.436 14921 14921 W C02d13/HDC_LOG: [async_cmd.cpp:140] SetSelinuxLabel con:u:r:su:s0 isRoot:0
09-28 17:52:52.438   822  1208 E C02515/DISP: [0;32;31m[SetMetadata:102] <private> is not supported[m
09-28 17:52:52.438   822  1208 E C02515/METADATA_SRV: [0;32;31m[SetMetadata:136]  fail[m
09-28 17:52:52.438   822  1208 E C01401/Bufferqueue: <surface_buffer_impl.cpp:714-SetMetadata>: SetMetadata Failed with -5
09-28 17:52:52.439   798  1062 E C02515/DISP: [0;32;31m[SetLayerMaskInfo@display_composer_vdi_impl.cpp:404] <private> is not supported[m
09-28 17:52:52.439   822  1240 E C02515/DISP: [0;32;31m[SetMetadata:102] <private> is not supported[m
09-28 17:52:52.439   822  1240 E C02515/METADATA_SRV: [0;32;31m[SetMetadata:136]  fail[m
09-28 17:52:52.439   822  1240 E C01401/Bufferqueue: <surface_buffer_impl.cpp:714-SetMetadata>: SetMetadata Failed with -5
09-28 17:52:52.440   798  1062 E C02515/DISP: [0;32;31m[SetDisplayClientDamage@display_composer_vdi_impl.cpp:179] <private> is not supported[m
09-28 17:52:52.452   822   822 E C02515/DISP: [0;32;31m[GetMetadata:109] <private> is not supported[m
09-28 17:52:52.452   822   822 E C02515/DISP: [0;32;31m[GetMetadata:109] <private> is not supported[m
09-28 17:52:52.452   822   822 E C02515/DISP: [0;32;31m[GetMetadata:109] <private> is not supported[m
09-28 17:52:52.453 14198 14423 I C00f00/OH_DER_VSync: onOhVsync ENTRY ts=<private> data=<private>
09-28 17:52:52.453 14198 14422 I C00f00/OH_DER_VSync: scheduleVsync ENTRY receiverPtr=0x<private>
09-28 17:52:52.453 14198 14422 I C00f00/OH_DER_VSync: scheduleVsync calling RequestFrame ohVsync=<private>
09-28 17:52:52.453   822   822 E C01406/skia: RSBaseRenderUtil::DealWithSurfaceRotationAndGravity, GetSurfaceBufferOpaque:0
09-28 17:52:52.453 14198 14422 I C00f00/OH_DER_VSync: scheduleVsync RequestFrame rc=<private>
09-28 17:52:52.453   822   822 E C02515/DISP: [0;32;31m[GetMetadata:109] <private> is not supported[m
09-28 17:52:52.453   822   822 E C01406/skia: RSBaseRenderUtil::DealWithSurfaceRotationAndGravity, GetSurfaceBufferOpaque:0
09-28 17:52:52.453   822   822 E C02515/DISP: [0;32;31m[GetMetadata:109] <private> is not supported[m
09-28 17:52:52.454   822  1089 E C02515/DISP: [0;32;31m[SetMetadata:102] <private> is not supported[m
09-28 17:52:52.454   822  1089 E C02515/METADATA_SRV: [0;32;31m[SetMetadata:136]  fail[m
09-28 17:52:52.454   822  1089 E C01401/Bufferqueue: <surface_buffer_impl.cpp:714-SetMetadata>: SetMetadata Failed with -5
09-28 17:52:52.454   822  1089 E C01406/skia: SurfaceNodeDrawable DrawCommSurfaceWatermark Name:SCBWallpaper5 Id:8516920147979 water mark count is zero
09-28 17:52:52.456   822  1089 E C01406/skia: SurfaceNodeDrawable DrawCommSurfaceWatermark Name:SCBDesktop6 Id:8516920147988 water mark count is zero
09-28 17:52:52.456   822  1089 E C01406/skia: RSBaseRenderUtil::DealWithSurfaceRotationAndGravity, GetSurfaceBufferOpaque:0
09-28 17:52:52.456   822  1089 I C01406/WRAP: AHardwareBuffer_createFromHandle index = <private> handle = <private>, ahb = <private>
09-28 17:52:52.456   822  1089 E C01406/skia: SurfaceNodeDrawable DrawCommSurfaceWatermark Name:AdapterActivityContent Id:60979945668611 water mark count is zero
09-28 17:52:52.456   822  1089 E C01406/skia: RSBaseRenderUtil::DealWithSurfaceRotationAndGravity, GetSurfaceBufferOpaque:0
09-28 17:52:52.457   561   755 W C03f07/MUSL-LDSO: load libmmi_knuckle.z.so failed, namespace=ndk no inherits, errno=2
09-28 17:52:52.457   561   755 W C03f07/MUSL-LDSO: load libmmi_knuckle.z.so failed, namespace=default, errno=2
09-28 17:52:52.457   561   755 W C03f07/MUSL-LDSO: dlopen_impl load library header failed for libmmi_knuckle.z.so
09-28 17:52:52.457   561   755 E C02800/NetPacket: [|231]libmmi_knuckle.z.so dlopen fail
09-28 17:52:52.457   561   755 E C02800/NetPacket: [|205]load knuckle shared library fail
09-28 17:52:52.457   561   755 E C02800/NetPacket: [|172]impl is null
09-28 17:52:52.457   822  1089 I C01406/WRAP: AHardwareBuffer_createFromHandle index = <private> handle = <private>, ahb = <private>
09-28 17:52:52.457   561   755 I C02805/InputKeyFlow: [P:U:184|5801]PA:up,Pid:14198,TWI:36,FWI:35,EID:184, flags:0,DID:0AWI:36,zOrder:102.000000
09-28 17:52:52.457   561   755 I C02805/InputKeyFlow: [P:U:184|377]PI:0, IP:0, P:0.00, MF:-1, WI:36, OPI:0, SI:false, T:0
09-28 17:52:52.457   561   755 I C02801/MultiModalInputPluginManager: [P:U:184|163]plugins_ not stage:16.
09-28 17:52:52.457   822  1089 E C01406/skia: SurfaceNodeDrawable DrawCommSurfaceWatermark Name:AdapterSurfaceView Id:60979945668612 water mark count is zero
09-28 17:52:52.457   822  1089 E C01406/skia: SurfaceNodeDrawable DrawCommSurfaceWatermark Name:com.a2hlab.bridge.zigzag/com.unity3d.player.UnityPlayerActivity Id:60979945668609 water mark count is zero
09-28 17:52:52.457   822  1089 E C01406/skia: SurfaceNodeDrawable DrawCommSurfaceWatermark Name:WindowScene_zigzag35 Id:8516920148845 water mark count is zero
09-28 17:52:52.457   561   755 I C02803/InputWindowsManager: [P:U:184|423]get deviceId failed:2
09-28 17:52:52.457   561   755 I C02803/InputWindowsManager: [P:U:184|593]get deviceId failed:2
09-28 17:52:52.457   561   755 I C02803/InputWindowsManager: [P:U:184|391]get deviceId failed:2
09-28 17:52:52.457   561   755 I C02805/InputKeyFlow: [P:U:184|497]SendMsg:14198
09-28 17:52:52.457   822  1089 E C01406/skia: SurfaceNodeDrawable DrawCommSurfaceWatermark Name:SCBGestureNavBar13 Id:8516920148115 water mark count is zero
09-28 17:52:52.457   822  1089 E C01406/skia: SurfaceNodeDrawable DrawCommSurfaceWatermark Name:SCBStatusBar15 Id:8516920148195 water mark count is zero
09-28 17:52:52.458 14198 14237 I C02805/InputKeyFlow: [P:U:184|648]recv
09-28 17:52:52.458 14198 14237 I C00f00/OH_InputBridge: [<private>:<private>] <private>
09-28 17:52:52.458 14198 14243 E C00f00/OH_IER: DIAG worker recv got=<private> type=<private> seq=<private>
09-28 17:52:52.458 14198 14243 I C00f00/OH_IER: dispatchInputEvent seq=<private> action=<private> x=<private> y=<private> downMs=<private> evtMs=<private> src=TOUCHSCREEN (posting to main looper)
09-28 17:52:52.459 14198 14198 I C00f00/MotionEvent-aosp: [<private>:<private>] <private>
09-28 17:52:52.459 14198 14198 I C00f00/MotionEvent-aosp: [<private>:<private>] <private>
09-28 17:52:52.459 14198 14198 I C00f00/MotionEvent-aosp: [<private>:<private>] <private>
09-28 17:52:52.459 14198 14198 I C00f00/MotionEvent-aosp: [<private>:<private>] <private>
09-28 17:52:52.459 14198 14198 I C00f00/MotionEvent-aosp: [<private>:<private>] <private>
09-28 17:52:52.459 14198 14198 I C00f00/MotionEvent-aosp: [<private>:<private>] <private>
09-28 17:52:52.459 14198 14198 I C00f00/MotionEvent-aosp: [<private>:<private>] <private>
09-28 17:52:52.459 14198 14198 I C00f00/MotionEvent-aosp: [<private>:<private>] <private>
09-28 17:52:52.459 14198 14198 I C00f00/MotionEvent-aosp: [<private>:<private>] <private>
09-28 17:52:52.459 14198 14198 I C00f00/MotionEvent-aosp: [<private>:<private>] <private>
09-28 17:52:52.459 14198 14198 I C00f00/MotionEvent-aosp: [<private>:<private>] <private>
09-28 17:52:52.459 14198 14198 I C00f00/MotionEvent-aosp: [<private>:<private>] <private>
09-28 17:52:52.459 14198 14198 I C00f00/MotionEvent-aosp: [<private>:<private>] <private>
09-28 17:52:52.459 14198 14198 I C00f00/MotionEvent-aosp: [<private>:<private>] <private>
09-28 17:52:52.459 14198 14198 I C00f00/MotionEvent-aosp: [<private>:<private>] <private>
09-28 17:52:52.459 14198 14198 I C00f00/MotionEvent-aosp: [<private>:<private>] <private>
09-28 17:52:52.459 14198 14198 I C00f00/MotionEvent-aosp: [<private>:<private>] <private>
09-28 17:52:52.459 14198 14198 I C00f00/MotionEvent-aosp: [<private>:<private>] <private>
09-28 17:52:52.459 14198 14198 I C00f00/MotionEvent-aosp: [<private>:<private>] <private>
09-28 17:52:52.459 14198 14198 I C00f00/MotionEvent-aosp: [<private>:<private>] <private>
09-28 17:52:52.459 14198 14198 I C00f00/MotionEvent-aosp: [<private>:<private>] <private>
09-28 17:52:52.459 14198 14198 I C00f00/MotionEvent-aosp: [<private>:<private>] <private>
09-28 17:52:52.459 14198 14198 I C00f00/MotionEvent-aosp: [<private>:<private>] <private>
09-28 17:52:52.459 14198 14198 I C00f00/MotionEvent-aosp: [<private>:<private>] <private>
09-28 17:52:52.459 14198 14198 I C00f00/MotionEvent-aosp: [<private>:<private>] <private>
09-28 17:52:52.460 14198 14242 I C00f00/OH_InputBridge: [<private>:<private>] <private>
09-28 17:52:52.460   822  1089 E C02515/DISP: [0;32;31m[GetMetadata:109] <private> is not supported[m
09-28 17:52:52.460   822  1089 E C02515/DISP: [0;32;31m[SetMetadata:102] <private> is not supported[m
09-28 17:52:52.460   822  1089 E C02515/METADATA_SRV: [0;32;31m[SetMetadata:136]  fail[m
09-28 17:52:52.460   822  1089 E C01401/Bufferqueue: <surface_buffer_impl.cpp:714-SetMetadata>: SetMetadata Failed with -5
09-28 17:52:52.460   822  1089 E C01406/skia: RSUniRenderComposerAdapter::SetBufferColorSpace set color space fail
09-28 17:52:52.469 14198 14423 I C00f00/OH_DER_VSync: onOhVsync ENTRY ts=<private> data=<private>
09-28 17:52:52.469 14198 14422 I C00f00/OH_DER_VSync: scheduleVsync ENTRY receiverPtr=0x<private>
09-28 17:52:52.469 14198 14422 I C00f00/OH_DER_VSync: scheduleVsync calling RequestFrame ohVsync=<private>
09-28 17:52:52.469 14198 14235 I C00f00/MotionEvent-aosp: [<private>:<private>] <private>
09-28 17:52:52.469 14198 14235 I C00f00/MotionEvent-aosp: [<private>:<private>] <private>
09-28 17:52:52.469 14198 14235 I C00f00/MotionEvent-aosp: [<private>:<private>] <private>
09-28 17:52:52.469 14198 14235 I C00f00/MotionEvent-aosp: [<private>:<private>] <private>
09-28 17:52:52.469 14198 14235 I C00f00/MotionEvent-aosp: [<private>:<private>] <private>
09-28 17:52:52.469 14198 14235 I C00f00/MotionEvent-aosp: [<private>:<private>] <private>
09-28 17:52:52.469 14198 14235 I C00f00/MotionEvent-aosp: [<private>:<private>] <private>
09-28 17:52:52.469 14198 14422 I C00f00/OH_DER_VSync: scheduleVsync RequestFrame rc=<private>
09-28 17:52:52.470   850 14922 I C02d13/HDC_LOG: [async_cmd.cpp:88] FinishShellProc finish pipeRead fd:32 pid:14921 count:1
09-28 17:52:52.470   850 14922 I C02d13/HDC_LOG: [task.cpp:55] HdcTaskBase::TaskFinish notify begin type:0 cid:1666309765 sid:246******508(L:10)
09-28 17:52:52.471   850 14922 I C02d13/HDC_LOG: [task.cpp:58] HdcTaskBase::TaskFinish notify end type:0 cid:1666309765 sid:246******508(L:10)
09-28 17:52:52.471   822  1208 E C02515/DISP: [0;32;31m[SetMetadata:102] <private> is not supported[m
09-28 17:52:52.471   822  1208 E C02515/METADATA_SRV: [0;32;31m[SetMetadata:136]  fail[m
09-28 17:52:52.471   822  1208 E C01401/Bufferqueue: <surface_buffer_impl.cpp:714-SetMetadata>: SetMetadata Failed with -5
09-28 17:52:52.472   798  1062 E C02515/DISP: [0;32;31m[SetLayerMaskInfo@display_composer_vdi_impl.cpp:404] <private> is not supported[m
09-28 17:52:52.472   822  1240 E C02515/DISP: [0;32;31m[SetMetadata:102] <private> is not supported[m
09-28 17:52:52.472   822  1240 E C02515/METADATA_SRV: [0;32;31m[SetMetadata:136]  fail[m
09-28 17:52:52.472   822  1240 E C01401/Bufferqueue: <surface_buffer_impl.cpp:714-SetMetadata>: SetMetadata Failed with -5
09-28 17:52:52.472   850   982 I C02d13/HDC_LOG: [daemon.cpp:1142] FetchCommand channelId:1666309765 command:2
09-28 17:52:52.472   850   982 W C02d13/HDC_LOG: [session.cpp:160] BeginRemoveTask taskType:0 channelId:1666309765
09-28 17:52:52.472   850   982 W C02d13/HDC_LOG: [session.cpp:190] ClearOwnTasks OP_CLEAR finish, sessionId:246******508(L:10) channelIDInput:1666309765
09-28 17:52:52.472   850   982 W C02d13/HDC_LOG: [session.cpp:115] taskClassDeleteRetry start clear task, taskType:0 cid:1666309765 sid:246******508(L:10)
09-28 17:52:52.472   850   982 I C02d13/HDC_LOG: [async_cmd.cpp:69] DoRelease rc:-3 pid:14921
09-28 17:52:52.472   850   982 I C02d13/HDC_LOG: [session.cpp:126] TaskDelay task remove retry count 0/30, taskType:0 channelId:1666309765, sessionId:246******508(L:10)
09-28 17:52:52.472   850   982 I C02d13/HDC_LOG: [daemon_unity.cpp:31] ~HdcDaemonUnity cid:1666309765 sid:246******508(L:10)
09-28 17:52:52.472   850   982 I C02d13/HDC_LOG: [task.cpp:40] ~HdcTaskBase type:0 cid:1666309765 sid:246******508(L:10)
09-28 17:52:52.472   850   982 W C02d13/HDC_LOG: [session.cpp:134] TaskDelay task remove finish, channelId:1666309765
09-28 17:52:52.472   850   982 I C02d13/HDC_LOG: [base.cpp:969] before uv handle close, the uv handle type is 13
09-28 17:52:52.473   798  1062 E C02515/DISP: [0;32;31m[SetDisplayClientDamage@display_composer_vdi_impl.cpp:179] <private> is not supported[m
09-28 17:52:52.478   850   982 I C02d13/HDC_LOG: [daemon.cpp:1142] FetchCommand channelId:1666309765 command:2
09-28 17:52:52.485 14198 14423 I C00f00/OH_DER_VSync: onOhVsync ENTRY ts=<private> data=<private>
09-28 17:52:52.486   822   822 E C02515/DISP: [0;32;31m[GetMetadata:109] <private> is not supported[m
09-28 17:52:52.486 14198 14422 I C00f00/OH_DER_VSync: scheduleVsync ENTRY receiverPtr=0x<private>
09-28 17:52:52.486 14198 14422 I C00f00/OH_DER_VSync: scheduleVsync calling RequestFrame ohVsync=<private>
09-28 17:52:52.486   822   822 E C02515/DISP: [0;32;31m[GetMetadata:109] <private> is not supported[m
09-28 17:52:52.486   822   822 E C02515/DISP: [0;32;31m[GetMetadata:109] <private> is not supported[m
09-28 17:52:52.486 14198 14422 I C00f00/OH_DER_VSync: scheduleVsync RequestFrame rc=<private>
09-28 17:52:52.487   822   822 E C01406/skia: RSBaseRenderUtil::DealWithSurfaceRotationAndGravity, GetSurfaceBufferOpaque:0
09-28 17:52:52.487   822   822 E C02515/DISP: [0;32;31m[GetMetadata:109] <private> is not supported[m
09-28 17:52:52.487   822   822 E C01406/skia: RSBaseRenderUtil::DealWithSurfaceRotationAndGravity, GetSurfaceBufferOpaque:0
09-28 17:52:52.487   822   822 E C02515/DISP: [0;32;31m[GetMetadata:109] <private> is not supported[m
09-28 17:52:52.489   822  1089 E C02515/DISP: [0;32;31m[SetMetadata:102] <private> is not supported[m
09-28 17:52:52.489   822  1089 E C02515/METADATA_SRV: [0;32;31m[SetMetadata:136]  fail[m
09-28 17:52:52.489   822  1089 E C01401/Bufferqueue: <surface_buffer_impl.cpp:714-SetMetadata>: SetMetadata Failed with -5
09-28 17:52:52.490   822  1089 E C01406/skia: SurfaceNodeDrawable DrawCommSurfaceWatermark Name:SCBWallpaper5 Id:8516920147979 water mark count is zero
09-28 17:52:52.493   822  1089 E C01406/skia: SurfaceNodeDrawable DrawCommSurfaceWatermark Name:SCBDesktop6 Id:8516920147988 water mark count is zero
09-28 17:52:52.494   822  1089 E C01406/skia: RSBaseRenderUtil::DealWithSurfaceRotationAndGravity, GetSurfaceBufferOpaque:0
09-28 17:52:52.494   822  1089 I C01406/WRAP: AHardwareBuffer_createFromHandle index = <private> handle = <private>, ahb = <private>
09-28 17:52:52.494   822  1089 E C01406/skia: SurfaceNodeDrawable DrawCommSurfaceWatermark Name:AdapterActivityContent Id:60979945668611 water mark count is zero
09-28 17:52:52.494   822  1089 E C01406/skia: RSBaseRenderUtil::DealWithSurfaceRotationAndGravity, GetSurfaceBufferOpaque:0
09-28 17:52:52.495   822  1089 I C01406/WRAP: AHardwareBuffer_createFromHandle index = <private> handle = <private>, ahb = <private>
09-28 17:52:52.495   822  1089 E C01406/skia: SurfaceNodeDrawable DrawCommSurfaceWatermark Name:AdapterSurfaceView Id:60979945668612 water mark count is zero
09-28 17:52:52.495   822  1089 E C01406/skia: SurfaceNodeDrawable DrawCommSurfaceWatermark Name:com.a2hlab.bridge.zigzag/com.unity3d.player.UnityPlayerActivity Id:60979945668609 water mark count is zero
09-28 17:52:52.495   822  1089 E C01406/skia: SurfaceNodeDrawable DrawCommSurfaceWatermark Name:WindowScene_zigzag35 Id:8516920148845 water mark count is zero
09-28 17:52:52.496   822  1089 E C01406/skia: SurfaceNodeDrawable DrawCommSurfaceWatermark Name:SCBGestureNavBar13 Id:8516920148115 water mark count is zero
09-28 17:52:52.496   822  1089 E C01406/skia: SurfaceNodeDrawable DrawCommSurfaceWatermark Name:SCBStatusBar15 Id:8516920148195 water mark count is zero
09-28 17:52:52.500   822  1089 E C02515/DISP: [0;32;31m[GetMetadata:109] <private> is not supported[m
09-28 17:52:52.500   822  1089 E C02515/DISP: [0;32;31m[SetMetadata:102] <private> is not supported[m
09-28 17:52:52.500   822  1089 E C02515/METADATA_SRV: [0;32;31m[SetMetadata:136]  fail[m
09-28 17:52:52.500   822  1089 E C01401/Bufferqueue: <surface_buffer_impl.cpp:714-SetMetadata>: SetMetadata Failed with -5
09-28 17:52:52.500   822  1089 E C01406/skia: RSUniRenderComposerAdapter::SetBufferColorSpace set color space fail
09-28 17:52:52.502 14198 14423 I C00f00/OH_DER_VSync: onOhVsync ENTRY ts=<private> data=<private>
09-28 17:52:52.503 14198 14422 I C00f00/OH_DER_VSync: scheduleVsync ENTRY receiverPtr=0x<private>
09-28 17:52:52.503 14198 14422 I C00f00/OH_DER_VSync: scheduleVsync calling RequestFrame ohVsync=<private>
09-28 17:52:52.503 14198 14422 I C00f00/OH_DER_VSync: scheduleVsync RequestFrame rc=<private>
09-28 17:52:52.505   798  1062 E C02515/DISP: [0;32;31m[SetLayerMaskInfo@display_composer_vdi_impl.cpp:404] <private> is not supported[m
09-28 17:52:52.505   822  1240 E C02515/DISP: [0;32;31m[SetMetadata:102] <private> is not supported[m
09-28 17:52:52.505   822  1240 E C02515/METADATA_SRV: [0;32;31m[SetMetadata:136]  fail[m
09-28 17:52:52.505   822  1240 E C01401/Bufferqueue: <surface_buffer_impl.cpp:714-SetMetadata>: SetMetadata Failed with -5
09-28 17:52:52.506   798  1062 E C02515/DISP: [0;32;31m[SetDisplayClientDamage@display_composer_vdi_impl.cpp:179] <private> is not supported[m
09-28 17:52:52.506   822  1208 E C02515/DISP: [0;32;31m[SetMetadata:102] <private> is not supported[m
09-28 17:52:52.507   822  1208 E C02515/METADATA_SRV: [0;32;31m[SetMetadata:136]  fail[m
09-28 17:52:52.507   822  1208 E C01401/Bufferqueue: <surface_buffer_impl.cpp:714-SetMetadata>: SetMetadata Failed with -5
09-28 17:52:52.519 14198 14423 I C00f00/OH_DER_VSync: onOhVsync ENTRY ts=<private> data=<private>
09-28 17:52:52.519   822   822 E C02515/DISP: [0;32;31m[GetMetadata:109] <private> is not supported[m
09-28 17:52:52.519   822   822 E C02515/DISP: [0;32;31m[GetMetadata:109] <private> is not supported[m
09-28 17:52:52.519   822   822 E C02515/DISP: [0;32;31m[GetMetadata:109] <private> is not supported[m
09-28 17:52:52.519 14198 14422 I C00f00/OH_DER_VSync: scheduleVsync ENTRY receiverPtr=0x<private>
09-28 17:52:52.519 14198 14422 I C00f00/OH_DER_VSync: scheduleVsync calling RequestFrame ohVsync=<private>
09-28 17:52:52.519 14198 14422 I C00f00/OH_DER_VSync: scheduleVsync RequestFrame rc=<private>
09-28 17:52:52.519   822   822 E C01406/skia: RSBaseRenderUtil::DealWithSurfaceRotationAndGravity, GetSurfaceBufferOpaque:0
09-28 17:52:52.520   822   822 E C02515/DISP: [0;32;31m[GetMetadata:109] <private> is not supported[m
09-28 17:52:52.520   822   822 E C01406/skia: RSBaseRenderUtil::DealWithSurfaceRotationAndGravity, GetSurfaceBufferOpaque:0
09-28 17:52:52.520   822   822 E C02515/DISP: [0;32;31m[GetMetadata:109] <private> is not supported[m
09-28 17:52:52.521   822  1089 E C02515/DISP: [0;32;31m[SetMetadata:102] <private> is not supported[m
09-28 17:52:52.521   822  1089 E C02515/METADATA_SRV: [0;32;31m[SetMetadata:136]  fail[m
09-28 17:52:52.521   822  1089 E C01401/Bufferqueue: <surface_buffer_impl.cpp:714-SetMetadata>: SetMetadata Failed with -5
09-28 17:52:52.522   822  1089 E C01406/skia: SurfaceNodeDrawable DrawCommSurfaceWatermark Name:SCBWallpaper5 Id:8516920147979 water mark count is zero
09-28 17:52:52.525   822  1089 E C01406/skia: SurfaceNodeDrawable DrawCommSurfaceWatermark Name:SCBDesktop6 Id:8516920147988 water mark count is zero
09-28 17:52:52.525   822  1089 E C01406/skia: RSBaseRenderUtil::DealWithSurfaceRotationAndGravity, GetSurfaceBufferOpaque:0
09-28 17:52:52.526   822  1089 I C01406/WRAP: AHardwareBuffer_createFromHandle index = <private> handle = <private>, ahb = <private>
09-28 17:52:52.526   822  1089 E C01406/skia: SurfaceNodeDrawable DrawCommSurfaceWatermark Name:AdapterActivityContent Id:60979945668611 water mark count is zero
09-28 17:52:52.526   822  1089 E C01406/skia: RSBaseRenderUtil::DealWithSurfaceRotationAndGravity, GetSurfaceBufferOpaque:0
09-28 17:52:52.526   822  1089 I C01406/WRAP: AHardwareBuffer_createFromHandle index = <private> handle = <private>, ahb = <private>
09-28 17:52:52.527   822  1089 E C01406/skia: SurfaceNodeDrawable DrawCommSurfaceWatermark Name:AdapterSurfaceView Id:60979945668612 water mark count is zero
09-28 17:52:52.527   822  1089 E C01406/skia: SurfaceNodeDrawable DrawCommSurfaceWatermark Name:com.a2hlab.bridge.zigzag/com.unity3d.player.UnityPlayerActivity Id:60979945668609 water mark count is zero
09-28 17:52:52.527   822  1089 E C01406/skia: SurfaceNodeDrawable DrawCommSurfaceWatermark Name:WindowScene_zigzag35 Id:8516920148845 water mark count is zero
09-28 17:52:52.528   822  1089 E C01406/skia: SurfaceNodeDrawable DrawCommSurfaceWatermark Name:SCBGestureNavBar13 Id:8516920148115 water mark count is zero
09-28 17:52:52.528   822  1089 E C01406/skia: SurfaceNodeDrawable DrawCommSurfaceWatermark Name:SCBStatusBar15 Id:8516920148195 water mark count is zero
09-28 17:52:52.531   822  1089 E C02515/DISP: [0;32;31m[GetMetadata:109] <private> is not supported[m
09-28 17:52:52.532   822  1089 E C02515/DISP: [0;32;31m[SetMetadata:102] <private> is not supported[m
09-28 17:52:52.532   822  1089 E C02515/METADATA_SRV: [0;32;31m[SetMetadata:136]  fail[m
09-28 17:52:52.532   822  1089 E C01401/Bufferqueue: <surface_buffer_impl.cpp:714-SetMetadata>: SetMetadata Failed with -5
09-28 17:52:52.532   822  1089 E C01406/skia: RSUniRenderComposerAdapter::SetBufferColorSpace set color space fail
09-28 17:52:52.535 14198 14423 I C00f00/OH_DER_VSync: onOhVsync ENTRY ts=<private> data=<private>
09-28 17:52:52.536 14198 14422 I C00f00/OH_DER_VSync: scheduleVsync ENTRY receiverPtr=0x<private>
09-28 17:52:52.536 14198 14422 I C00f00/OH_DER_VSync: scheduleVsync calling RequestFrame ohVsync=<private>
09-28 17:52:52.536 14198 14422 I C00f00/OH_DER_VSync: scheduleVsync RequestFrame rc=<private>
09-28 17:52:52.538   822  1208 E C02515/DISP: [0;32;31m[SetMetadata:102] <private> is not supported[m
09-28 17:52:52.538   822  1208 E C02515/METADATA_SRV: [0;32;31m[SetMetadata:136]  fail[m
09-28 17:52:52.538   822  1208 E C01401/Bufferqueue: <surface_buffer_impl.cpp:714-SetMetadata>: SetMetadata Failed with -5
09-28 17:52:52.538   798  1062 E C02515/DISP: [0;32;31m[SetLayerMaskInfo@display_composer_vdi_impl.cpp:404] <private> is not supported[m
09-28 17:52:52.538   822  1240 E C02515/DISP: [0;32;31m[SetMetadata:102] <private> is not supported[m
09-28 17:52:52.538   822  1240 E C02515/METADATA_SRV: [0;32;31m[SetMetadata:136]  fail[m
09-28 17:52:52.538   822  1240 E C01401/Bufferqueue: <surface_buffer_impl.cpp:714-SetMetadata>: SetMetadata Failed with -5
09-28 17:52:52.539   798  1062 E C02515/DISP: [0;32;31m[SetDisplayClientDamage@display_composer_vdi_impl.cpp:179] <private> is not supported[m
09-28 17:52:52.552   822   822 E C02515/DISP: [0;32;31m[GetMetadata:109] <private> is not supported[m
09-28 17:52:52.552 14198 14423 I C00f00/OH_DER_VSync: onOhVsync ENTRY ts=<private> data=<private>
09-28 17:52:52.552   822   822 E C02515/DISP: [0;32;31m[GetMetadata:109] <private> is not supported[m
09-28 17:52:52.552   822   822 E C02515/DISP: [0;32;31m[GetMetadata:109] <private> is not supported[m
09-28 17:52:52.552 14198 14422 I C00f00/OH_DER_VSync: scheduleVsync ENTRY receiverPtr=0x<private>
09-28 17:52:52.553 14198 14422 I C00f00/OH_DER_VSync: scheduleVsync calling RequestFrame ohVsync=<private>
09-28 17:52:52.553 14198 14422 I C00f00/OH_DER_VSync: scheduleVsync RequestFrame rc=<private>
09-28 17:52:52.553   822   822 E C01406/skia: RSBaseRenderUtil::DealWithSurfaceRotationAndGravity, GetSurfaceBufferOpaque:0
09-28 17:52:52.553   822   822 E C02515/DISP: [0;32;31m[GetMetadata:109] <private> is not supported[m
09-28 17:52:52.553   822   822 E C01406/skia: RSBaseRenderUtil::DealWithSurfaceRotationAndGravity, GetSurfaceBufferOpaque:0
09-28 17:52:52.553   822   822 E C02515/DISP: [0;32;31m[GetMetadata:109] <private> is not supported[m
09-28 17:52:52.554   822  1089 E C02515/DISP: [0;32;31m[SetMetadata:102] <private> is not supported[m
09-28 17:52:52.554   822  1089 E C02515/METADATA_SRV: [0;32;31m[SetMetadata:136]  fail[m
09-28 17:52:52.554   822  1089 E C01401/Bufferqueue: <surface_buffer_impl.cpp:714-SetMetadata>: SetMetadata Failed with -5
09-28 17:52:52.554   822  1089 E C01406/skia: SurfaceNodeDrawable DrawCommSurfaceWatermark Name:SCBWallpaper5 Id:8516920147979 water mark count is zero
09-28 17:52:52.556   822  1089 E C01406/skia: SurfaceNodeDrawable DrawCommSurfaceWatermark Name:SCBDesktop6 Id:8516920147988 water mark count is zero
09-28 17:52:52.557   822  1089 E C01406/skia: RSBaseRenderUtil::DealWithSurfaceRotationAndGravity, GetSurfaceBufferOpaque:0
09-28 17:52:52.557   822  1089 I C01406/WRAP: AHardwareBuffer_createFromHandle index = <private> handle = <private>, ahb = <private>
09-28 17:52:52.557   822  1089 E C01406/skia: SurfaceNodeDrawable DrawCommSurfaceWatermark Name:AdapterActivityContent Id:60979945668611 water mark count is zero
09-28 17:52:52.558   822  1089 E C01406/skia: RSBaseRenderUtil::DealWithSurfaceRotationAndGravity, GetSurfaceBufferOpaque:0
09-28 17:52:52.558   822  1089 I C01406/WRAP: AHardwareBuffer_createFromHandle index = <private> handle = <private>, ahb = <private>
09-28 17:52:52.558   822  1089 E C01406/skia: SurfaceNodeDrawable DrawCommSurfaceWatermark Name:AdapterSurfaceView Id:60979945668612 water mark count is zero
09-28 17:52:52.558   822  1089 E C01406/skia: SurfaceNodeDrawable DrawCommSurfaceWatermark Name:com.a2hlab.bridge.zigzag/com.unity3d.player.UnityPlayerActivity Id:60979945668609 water mark count is zero
09-28 17:52:52.558   822  1089 E C01406/skia: SurfaceNodeDrawable DrawCommSurfaceWatermark Name:WindowScene_zigzag35 Id:8516920148845 water mark count is zero
09-28 17:52:52.559   822  1089 E C01406/skia: SurfaceNodeDrawable DrawCommSurfaceWatermark Name:SCBGestureNavBar13 Id:8516920148115 water mark count is zero
09-28 17:52:52.559   822  1089 E C01406/skia: SurfaceNodeDrawable DrawCommSurfaceWatermark Name:SCBStatusBar15 Id:8516920148195 water mark count is zero
09-28 17:52:52.563   822  1089 E C02515/DISP: [0;32;31m[GetMetadata:109] <private> is not supported[m
09-28 17:52:52.563   822  1089 E C02515/DISP: [0;32;31m[SetMetadata:102] <private> is not supported[m
09-28 17:52:52.563   822  1089 E C02515/METADATA_SRV: [0;32;31m[SetMetadata:136]  fail[m
09-28 17:52:52.563   822  1089 E C01401/Bufferqueue: <surface_buffer_impl.cpp:714-SetMetadata>: SetMetadata Failed with -5
09-28 17:52:52.563   822  1089 E C01406/skia: RSUniRenderComposerAdapter::SetBufferColorSpace set color space fail
09-28 17:52:52.569 14198 14423 I C00f00/OH_DER_VSync: onOhVsync ENTRY ts=<private> data=<private>
09-28 17:52:52.569 14198 14422 I C00f00/OH_DER_VSync: scheduleVsync ENTRY receiverPtr=0x<private>
09-28 17:52:52.569 14198 14422 I C00f00/OH_DER_VSync: scheduleVsync calling RequestFrame ohVsync=<private>
09-28 17:52:52.569 14198 14422 I C00f00/OH_DER_VSync: scheduleVsync RequestFrame rc=<private>
09-28 17:52:52.571   822  1208 E C02515/DISP: [0;32;31m[SetMetadata:102] <private> is not supported[m
09-28 17:52:52.571   822  1208 E C02515/METADATA_SRV: [0;32;31m[SetMetadata:136]  fail[m
09-28 17:52:52.571   822  1208 E C01401/Bufferqueue: <surface_buffer_impl.cpp:714-SetMetadata>: SetMetadata Failed with -5
09-28 17:52:52.572   798  1062 E C02515/DISP: [0;32;31m[SetLayerMaskInfo@display_composer_vdi_impl.cpp:404] <private> is not supported[m
09-28 17:52:52.572   822  1240 E C02515/DISP: [0;32;31m[SetMetadata:102] <private> is not supported[m
09-28 17:52:52.572   822  1240 E C02515/METADATA_SRV: [0;32;31m[SetMetadata:136]  fail[m
09-28 17:52:52.572   822  1240 E C01401/Bufferqueue: <surface_buffer_impl.cpp:714-SetMetadata>: SetMetadata Failed with -5
09-28 17:52:52.573   798  1062 E C02515/DISP: [0;32;31m[SetDisplayClientDamage@display_composer_vdi_impl.cpp:179] <private> is not supported[m
09-28 17:52:52.585 14198 14423 I C00f00/OH_DER_VSync: onOhVsync ENTRY ts=<private> data=<private>
09-28 17:52:52.586   822   822 E C02515/DISP: [0;32;31m[GetMetadata:109] <private> is not supported[m
09-28 17:52:52.586   822   822 E C02515/DISP: [0;32;31m[GetMetadata:109] <private> is not supported[m
09-28 17:52:52.586   822   822 E C02515/DISP: [0;32;31m[GetMetadata:109] <private> is not supported[m
09-28 17:52:52.586 14198 14422 I C00f00/OH_DER_VSync: scheduleVsync ENTRY receiverPtr=0x<private>
09-28 17:52:52.586 14198 14422 I C00f00/OH_DER_VSync: scheduleVsync calling RequestFrame ohVsync=<private>
09-28 17:52:52.586 14198 14422 I C00f00/OH_DER_VSync: scheduleVsync RequestFrame rc=<private>
09-28 17:52:52.586   822   822 E C01406/skia: RSBaseRenderUtil::DealWithSurfaceRotationAndGravity, GetSurfaceBufferOpaque:0
09-28 17:52:52.586   822   822 E C02515/DISP: [0;32;31m[GetMetadata:109] <private> is not supported[m
09-28 17:52:52.586   822   822 E C01406/skia: RSBaseRenderUtil::DealWithSurfaceRotationAndGravity, GetSurfaceBufferOpaque:0
09-28 17:52:52.586   822   822 E C02515/DISP: [0;32;31m[GetMetadata:109] <private> is not supported[m
09-28 17:52:52.587   822  1089 E C02515/DISP: [0;32;31m[SetMetadata:102] <private> is not supported[m
09-28 17:52:52.587   822  1089 E C02515/METADATA_SRV: [0;32;31m[SetMetadata:136]  fail[m
09-28 17:52:52.587   822  1089 E C01401/Bufferqueue: <surface_buffer_impl.cpp:714-SetMetadata>: SetMetadata Failed with -5
09-28 17:52:52.588   822  1089 E C01406/skia: SurfaceNodeDrawable DrawCommSurfaceWatermark Name:SCBWallpaper5 Id:8516920147979 water mark count is zero
09-28 17:52:52.590   822  1089 E C01406/skia: SurfaceNodeDrawable DrawCommSurfaceWatermark Name:SCBDesktop6 Id:8516920147988 water mark count is zero
09-28 17:52:52.590   822  1089 E C01406/skia: RSBaseRenderUtil::DealWithSurfaceRotationAndGravity, GetSurfaceBufferOpaque:0
09-28 17:52:52.591   822  1089 I C01406/WRAP: AHardwareBuffer_createFromHandle index = <private> handle = <private>, ahb = <private>
09-28 17:52:52.591   822  1089 E C01406/skia: SurfaceNodeDrawable DrawCommSurfaceWatermark Name:AdapterActivityContent Id:60979945668611 water mark count is zero
09-28 17:52:52.591   822  1089 E C01406/skia: RSBaseRenderUtil::DealWithSurfaceRotationAndGravity, GetSurfaceBufferOpaque:0
09-28 17:52:52.592   822  1089 I C01406/WRAP: AHardwareBuffer_createFromHandle index = <private> handle = <private>, ahb = <private>
09-28 17:52:52.592   822  1089 E C01406/skia: SurfaceNodeDrawable DrawCommSurfaceWatermark Name:AdapterSurfaceView Id:60979945668612 water mark count is zero
09-28 17:52:52.592   822  1089 E C01406/skia: SurfaceNodeDrawable DrawCommSurfaceWatermark Name:com.a2hlab.bridge.zigzag/com.unity3d.player.UnityPlayerActivity Id:60979945668609 water mark count is zero
09-28 17:52:52.592   822  1089 E C01406/skia: SurfaceNodeDrawable DrawCommSurfaceWatermark Name:WindowScene_zigzag35 Id:8516920148845 water mark count is zero
09-28 17:52:52.593   822  1089 E C01406/skia: SurfaceNodeDrawable DrawCommSurfaceWatermark Name:SCBGestureNavBar13 Id:8516920148115 water mark count is zero
09-28 17:52:52.593   822  1089 E C01406/skia: SurfaceNodeDrawable DrawCommSurfaceWatermark Name:SCBStatusBar15 Id:8516920148195 water mark count is zero
09-28 17:52:52.597   822  1089 E C02515/DISP: [0;32;31m[GetMetadata:109] <private> is not supported[m
09-28 17:52:52.597   822  1089 E C02515/DISP: [0;32;31m[SetMetadata:102] <private> is not supported[m
09-28 17:52:52.597   822  1089 E C02515/METADATA_SRV: [0;32;31m[SetMetadata:136]  fail[m
09-28 17:52:52.597   822  1089 E C01401/Bufferqueue: <surface_buffer_impl.cpp:714-SetMetadata>: SetMetadata Failed with -5
09-28 17:52:52.597   822  1089 E C01406/skia: RSUniRenderComposerAdapter::SetBufferColorSpace set color space fail
09-28 17:52:52.602 14198 14423 I C00f00/OH_DER_VSync: onOhVsync ENTRY ts=<private> data=<private>
09-28 17:52:52.602 14198 14422 I C00f00/OH_DER_VSync: scheduleVsync ENTRY receiverPtr=0x<private>
09-28 17:52:52.602 14198 14422 I C00f00/OH_DER_VSync: scheduleVsync calling RequestFrame ohVsync=<private>
09-28 17:52:52.603 14198 14422 I C00f00/OH_DER_VSync: scheduleVsync RequestFrame rc=<private>
09-28 17:52:52.604   822  1208 E C02515/DISP: [0;32;31m[SetMetadata:102] <private> is not supported[m
09-28 17:52:52.604   822  1208 E C02515/METADATA_SRV: [0;32;31m[SetMetadata:136]  fail[m
09-28 17:52:52.604   822  1208 E C01401/Bufferqueue: <surface_buffer_impl.cpp:714-SetMetadata>: SetMetadata Failed with -5
09-28 17:52:52.606   798  1062 E C02515/DISP: [0;32;31m[SetLayerMaskInfo@display_composer_vdi_impl.cpp:404] <private> is not supported[m
09-28 17:52:52.606   822  1240 E C02515/DISP: [0;32;31m[SetMetadata:102] <private> is not supported[m
09-28 17:52:52.606   822  1240 E C02515/METADATA_SRV: [0;32;31m[SetMetadata:136]  fail[m
09-28 17:52:52.606   822  1240 E C01401/Bufferqueue: <surface_buffer_impl.cpp:714-SetMetadata>: SetMetadata Failed with -5
09-28 17:52:52.607   798  1062 E C02515/DISP: [0;32;31m[SetDisplayClientDamage@display_composer_vdi_impl.cpp:179] <private> is not supported[m
09-28 17:52:52.619 14198 14423 I C00f00/OH_DER_VSync: onOhVsync ENTRY ts=<private> data=<private>
09-28 17:52:52.619   822   822 E C02515/DISP: [0;32;31m[GetMetadata:109] <private> is not supported[m
09-28 17:52:52.619   822   822 E C02515/DISP: [0;32;31m[GetMetadata:109] <private> is not supported[m
09-28 17:52:52.619   822   822 E C02515/DISP: [0;32;31m[GetMetadata:109] <private> is not supported[m
09-28 17:52:52.619 14198 14422 I C00f00/OH_DER_VSync: scheduleVsync ENTRY receiverPtr=0x<private>
09-28 17:52:52.619 14198 14422 I C00f00/OH_DER_VSync: scheduleVsync calling RequestFrame ohVsync=<private>
09-28 17:52:52.619 14198 14422 I C00f00/OH_DER_VSync: scheduleVsync RequestFrame rc=<private>
09-28 17:52:52.620   822   822 E C01406/skia: RSBaseRenderUtil::DealWithSurfaceRotationAndGravity, GetSurfaceBufferOpaque:0
09-28 17:52:52.620   822   822 E C02515/DISP: [0;32;31m[GetMetadata:109] <private> is not supported[m
09-28 17:52:52.620   822   822 E C01406/skia: RSBaseRenderUtil::DealWithSurfaceRotationAndGravity, GetSurfaceBufferOpaque:0
09-28 17:52:52.620   822   822 E C02515/DISP: [0;32;31m[GetMetadata:109] <private> is not supported[m
09-28 17:52:52.621   822  1089 E C02515/DISP: [0;32;31m[SetMetadata:102] <private> is not supported[m
09-28 17:52:52.621   822  1089 E C02515/METADATA_SRV: [0;32;31m[SetMetadata:136]  fail[m
09-28 17:52:52.621   822  1089 E C01401/Bufferqueue: <surface_buffer_impl.cpp:714-SetMetadata>: SetMetadata Failed with -5
09-28 17:52:52.621   822  1089 E C01406/skia: SurfaceNodeDrawable DrawCommSurfaceWatermark Name:SCBWallpaper5 Id:8516920147979 water mark count is zero
09-28 17:52:52.623   822  1089 E C01406/skia: SurfaceNodeDrawable DrawCommSurfaceWatermark Name:SCBDesktop6 Id:8516920147988 water mark count is zero
09-28 17:52:52.624   822  1089 E C01406/skia: RSBaseRenderUtil::DealWithSurfaceRotationAndGravity, GetSurfaceBufferOpaque:0
09-28 17:52:52.624   822  1089 I C01406/WRAP: AHardwareBuffer_createFromHandle index = <private> handle = <private>, ahb = <private>
09-28 17:52:52.624   822  1089 E C01406/skia: SurfaceNodeDrawable DrawCommSurfaceWatermark Name:AdapterActivityContent Id:60979945668611 water mark count is zero
09-28 17:52:52.625   822  1089 E C01406/skia: RSBaseRenderUtil::DealWithSurfaceRotationAndGravity, GetSurfaceBufferOpaque:0
09-28 17:52:52.625   822  1089 I C01406/WRAP: AHardwareBuffer_createFromHandle index = <private> handle = <private>, ahb = <private>
09-28 17:52:52.625   822  1089 E C01406/skia: SurfaceNodeDrawable DrawCommSurfaceWatermark Name:AdapterSurfaceView Id:60979945668612 water mark count is zero
09-28 17:52:52.625   822  1089 E C01406/skia: SurfaceNodeDrawable DrawCommSurfaceWatermark Name:com.a2hlab.bridge.zigzag/com.unity3d.player.UnityPlayerActivity Id:60979945668609 water mark count is zero
09-28 17:52:52.625   822  1089 E C01406/skia: SurfaceNodeDrawable DrawCommSurfaceWatermark Name:WindowScene_zigzag35 Id:8516920148845 water mark count is zero
09-28 17:52:52.626   822  1089 E C01406/skia: SurfaceNodeDrawable DrawCommSurfaceWatermark Name:SCBGestureNavBar13 Id:8516920148115 water mark count is zero
09-28 17:52:52.626   822  1089 E C01406/skia: SurfaceNodeDrawable DrawCommSurfaceWatermark Name:SCBStatusBar15 Id:8516920148195 water mark count is zero
09-28 17:52:52.630   822  1089 E C02515/DISP: [0;32;31m[GetMetadata:109] <private> is not supported[m
09-28 17:52:52.630   822  1089 E C02515/DISP: [0;32;31m[SetMetadata:102] <private> is not supported[m
09-28 17:52:52.630   822  1089 E C02515/METADATA_SRV: [0;32;31m[SetMetadata:136]  fail[m
09-28 17:52:52.630   822  1089 E C01401/Bufferqueue: <surface_buffer_impl.cpp:714-SetMetadata>: SetMetadata Failed with -5
09-28 17:52:52.630   822  1089 E C01406/skia: RSUniRenderComposerAdapter::SetBufferColorSpace set color space fail
09-28 17:52:52.636 14198 14423 I C00f00/OH_DER_VSync: onOhVsync ENTRY ts=<private> data=<private>
09-28 17:52:52.636 14198 14422 I C00f00/OH_DER_VSync: scheduleVsync ENTRY receiverPtr=0x<private>
09-28 17:52:52.636 14198 14422 I C00f00/OH_DER_VSync: scheduleVsync calling RequestFrame ohVsync=<private>
09-28 17:52:52.636 14198 14422 I C00f00/OH_DER_VSync: scheduleVsync RequestFrame rc=<private>
09-28 17:52:52.638   822  1208 E C02515/DISP: [0;32;31m[SetMetadata:102] <private> is not supported[m
09-28 17:52:52.638   822  1208 E C02515/METADATA_SRV: [0;32;31m[SetMetadata:136]  fail[m
09-28 17:52:52.638   822  1208 E C01401/Bufferqueue: <surface_buffer_impl.cpp:714-SetMetadata>: SetMetadata Failed with -5
09-28 17:52:52.639   798  1062 E C02515/DISP: [0;32;31m[SetLayerMaskInfo@display_composer_vdi_impl.cpp:404] <private> is not supported[m
09-28 17:52:52.639   822  1240 E C02515/DISP: [0;32;31m[SetMetadata:102] <private> is not supported[m
09-28 17:52:52.639   822  1240 E C02515/METADATA_SRV: [0;32;31m[SetMetadata:136]  fail[m
09-28 17:52:52.639   822  1240 E C01401/Bufferqueue: <surface_buffer_impl.cpp:714-SetMetadata>: SetMetadata Failed with -5
09-28 17:52:52.640   798  1062 E C02515/DISP: [0;32;31m[SetDisplayClientDamage@display_composer_vdi_impl.cpp:179] <private> is not supported[m
09-28 17:52:52.652 14198 14423 I C00f00/OH_DER_VSync: onOhVsync ENTRY ts=<private> data=<private>
09-28 17:52:52.652   822   822 E C02515/DISP: [0;32;31m[GetMetadata:109] <private> is not supported[m
09-28 17:52:52.652   822   822 E C02515/DISP: [0;32;31m[GetMetadata:109] <private> is not supported[m
09-28 17:52:52.652   822   822 E C02515/DISP: [0;32;31m[GetMetadata:109] <private> is not supported[m
09-28 17:52:52.652 14198 14422 I C00f00/OH_DER_VSync: scheduleVsync ENTRY receiverPtr=0x<private>
09-28 17:52:52.652 14198 14422 I C00f00/OH_DER_VSync: scheduleVsync calling RequestFrame ohVsync=<private>
09-28 17:52:52.653 14198 14422 I C00f00/OH_DER_VSync: scheduleVsync RequestFrame rc=<private>
09-28 17:52:52.653   822   822 E C01406/skia: RSBaseRenderUtil::DealWithSurfaceRotationAndGravity, GetSurfaceBufferOpaque:0
09-28 17:52:52.653   822   822 E C02515/DISP: [0;32;31m[GetMetadata:109] <private> is not supported[m
09-28 17:52:52.653   822   822 E C01406/skia: RSBaseRenderUtil::DealWithSurfaceRotationAndGravity, GetSurfaceBufferOpaque:0
09-28 17:52:52.653   822   822 E C02515/DISP: [0;32;31m[GetMetadata:109] <private> is not supported[m
09-28 17:52:52.654   822  1089 E C02515/DISP: [0;32;31m[SetMetadata:102] <private> is not supported[m
09-28 17:52:52.654   822  1089 E C02515/METADATA_SRV: [0;32;31m[SetMetadata:136]  fail[m
09-28 17:52:52.654   822  1089 E C01401/Bufferqueue: <surface_buffer_impl.cpp:714-SetMetadata>: SetMetadata Failed with -5
09-28 17:52:52.654   822  1089 E C01406/skia: SurfaceNodeDrawable DrawCommSurfaceWatermark Name:SCBWallpaper5 Id:8516920147979 water mark count is zero
09-28 17:52:52.656   822  1089 E C01406/skia: SurfaceNodeDrawable DrawCommSurfaceWatermark Name:SCBDesktop6 Id:8516920147988 water mark count is zero
09-28 17:52:52.656   822  1089 E C01406/skia: RSBaseRenderUtil::DealWithSurfaceRotationAndGravity, GetSurfaceBufferOpaque:0
09-28 17:52:52.656   822  1089 I C01406/WRAP: AHardwareBuffer_createFromHandle index = <private> handle = <private>, ahb = <private>
09-28 17:52:52.656   822  1089 E C01406/skia: SurfaceNodeDrawable DrawCommSurfaceWatermark Name:AdapterActivityContent Id:60979945668611 water mark count is zero
09-28 17:52:52.656   822  1089 E C01406/skia: RSBaseRenderUtil::DealWithSurfaceRotationAndGravity, GetSurfaceBufferOpaque:0
09-28 17:52:52.657   822  1089 I C01406/WRAP: AHardwareBuffer_createFromHandle index = <private> handle = <private>, ahb = <private>
09-28 17:52:52.657   822  1089 E C01406/skia: SurfaceNodeDrawable DrawCommSurfaceWatermark Name:AdapterSurfaceView Id:60979945668612 water mark count is zero
09-28 17:52:52.657   822  1089 E C01406/skia: SurfaceNodeDrawable DrawCommSurfaceWatermark Name:com.a2hlab.bridge.zigzag/com.unity3d.player.UnityPlayerActivity Id:60979945668609 water mark count is zero
09-28 17:52:52.657   822  1089 E C01406/skia: SurfaceNodeDrawable DrawCommSurfaceWatermark Name:WindowScene_zigzag35 Id:8516920148845 water mark count is zero
09-28 17:52:52.657   822  1089 E C01406/skia: SurfaceNodeDrawable DrawCommSurfaceWatermark Name:SCBGestureNavBar13 Id:8516920148115 water mark count is zero
09-28 17:52:52.657   822  1089 E C01406/skia: SurfaceNodeDrawable DrawCommSurfaceWatermark Name:SCBStatusBar15 Id:8516920148195 water mark count is zero
09-28 17:52:52.659   822  1089 E C02515/DISP: [0;32;31m[GetMetadata:109] <private> is not supported[m
09-28 17:52:52.659   822  1089 E C02515/DISP: [0;32;31m[SetMetadata:102] <private> is not supported[m
09-28 17:52:52.659   822  1089 E C02515/METADATA_SRV: [0;32;31m[SetMetadata:136]  fail[m
09-28 17:52:52.659   822  1089 E C01401/Bufferqueue: <surface_buffer_impl.cpp:714-SetMetadata>: SetMetadata Failed with -5
09-28 17:52:52.659   822  1089 E C01406/skia: RSUniRenderComposerAdapter::SetBufferColorSpace set color space fail
09-28 17:52:52.669 14198 14423 I C00f00/OH_DER_VSync: onOhVsync ENTRY ts=<private> data=<private>
09-28 17:52:52.669 14198 14422 I C00f00/OH_DER_VSync: scheduleVsync ENTRY receiverPtr=0x<private>
09-28 17:52:52.669 14198 14422 I C00f00/OH_DER_VSync: scheduleVsync calling RequestFrame ohVsync=<private>
09-28 17:52:52.669 14198 14422 I C00f00/OH_DER_VSync: scheduleVsync RequestFrame rc=<private>
09-28 17:52:52.671   822  1208 E C02515/DISP: [0;32;31m[SetMetadata:102] <private> is not supported[m
09-28 17:52:52.671   822  1208 E C02515/METADATA_SRV: [0;32;31m[SetMetadata:136]  fail[m
09-28 17:52:52.671   822  1208 E C01401/Bufferqueue: <surface_buffer_impl.cpp:714-SetMetadata>: SetMetadata Failed with -5
09-28 17:52:52.672   798  1062 E C02515/DISP: [0;32;31m[SetLayerMaskInfo@display_composer_vdi_impl.cpp:404] <private> is not supported[m
09-28 17:52:52.672   822  1240 E C02515/DISP: [0;32;31m[SetMetadata:102] <private> is not supported[m
09-28 17:52:52.673   822  1240 E C02515/METADATA_SRV: [0;32;31m[SetMetadata:136]  fail[m
09-28 17:52:52.673   822  1240 E C01401/Bufferqueue: <surface_buffer_impl.cpp:714-SetMetadata>: SetMetadata Failed with -5
09-28 17:52:52.674   798  1062 E C02515/DISP: [0;32;31m[SetDisplayClientDamage@display_composer_vdi_impl.cpp:179] <private> is not supported[m
09-28 17:52:52.686 14198 14423 I C00f00/OH_DER_VSync: onOhVsync ENTRY ts=<private> data=<private>
09-28 17:52:52.686   822   822 E C02515/DISP: [0;32;31m[GetMetadata:109] <private> is not supported[m
09-28 17:52:52.686   822   822 E C02515/DISP: [0;32;31m[GetMetadata:109] <private> is not supported[m
09-28 17:52:52.686   822   822 E C02515/DISP: [0;32;31m[GetMetadata:109] <private> is not supported[m
09-28 17:52:52.686 14198 14422 I C00f00/OH_DER_VSync: scheduleVsync ENTRY receiverPtr=0x<private>
09-28 17:52:52.686 14198 14422 I C00f00/OH_DER_VSync: scheduleVsync calling RequestFrame ohVsync=<private>
09-28 17:52:52.686 14198 14422 I C00f00/OH_DER_VSync: scheduleVsync RequestFrame rc=<private>
09-28 17:52:52.686   822   822 E C01406/skia: RSBaseRenderUtil::DealWithSurfaceRotationAndGravity, GetSurfaceBufferOpaque:0
09-28 17:52:52.686   822   822 E C02515/DISP: [0;32;31m[GetMetadata:109] <private> is not supported[m
09-28 17:52:52.686   822   822 E C01406/skia: RSBaseRenderUtil::DealWithSurfaceRotationAndGravity, GetSurfaceBufferOpaque:0
09-28 17:52:52.686   822   822 E C02515/DISP: [0;32;31m[GetMetadata:109] <private> is not supported[m
09-28 17:52:52.687   822  1089 E C02515/DISP: [0;32;31m[SetMetadata:102] <private> is not supported[m
09-28 17:52:52.687   822  1089 E C02515/METADATA_SRV: [0;32;31m[SetMetadata:136]  fail[m
09-28 17:52:52.687   822  1089 E C01401/Bufferqueue: <surface_buffer_impl.cpp:714-SetMetadata>: SetMetadata Failed with -5
09-28 17:52:52.688   822  1089 E C01406/skia: SurfaceNodeDrawable DrawCommSurfaceWatermark Name:SCBWallpaper5 Id:8516920147979 water mark count is zero
09-28 17:52:52.689   822  1089 E C01406/skia: SurfaceNodeDrawable DrawCommSurfaceWatermark Name:SCBDesktop6 Id:8516920147988 water mark count is zero
09-28 17:52:52.689   822  1089 E C01406/skia: RSBaseRenderUtil::DealWithSurfaceRotationAndGravity, GetSurfaceBufferOpaque:0
09-28 17:52:52.689   822  1089 I C01406/WRAP: AHardwareBuffer_createFromHandle index = <private> handle = <private>, ahb = <private>
09-28 17:52:52.690   822  1089 E C01406/skia: SurfaceNodeDrawable DrawCommSurfaceWatermark Name:AdapterActivityContent Id:60979945668611 water mark count is zero
09-28 17:52:52.690   822  1089 E C01406/skia: RSBaseRenderUtil::DealWithSurfaceRotationAndGravity, GetSurfaceBufferOpaque:0
09-28 17:52:52.690   822  1089 I C01406/WRAP: AHardwareBuffer_createFromHandle index = <private> handle = <private>, ahb = <private>
09-28 17:52:52.690   822  1089 E C01406/skia: SurfaceNodeDrawable DrawCommSurfaceWatermark Name:AdapterSurfaceView Id:60979945668612 water mark count is zero
09-28 17:52:52.690   822  1089 E C01406/skia: SurfaceNodeDrawable DrawCommSurfaceWatermark Name:com.a2hlab.bridge.zigzag/com.unity3d.player.UnityPlayerActivity Id:60979945668609 water mark count is zero
09-28 17:52:52.690   822  1089 E C01406/skia: SurfaceNodeDrawable DrawCommSurfaceWatermark Name:WindowScene_zigzag35 Id:8516920148845 water mark count is zero
09-28 17:52:52.690   822  1089 E C01406/skia: SurfaceNodeDrawable DrawCommSurfaceWatermark Name:SCBGestureNavBar13 Id:8516920148115 water mark count is zero
09-28 17:52:52.691   822  1089 E C01406/skia: SurfaceNodeDrawable DrawCommSurfaceWatermark Name:SCBStatusBar15 Id:8516920148195 water mark count is zero
09-28 17:52:52.693   822  1089 E C02515/DISP: [0;32;31m[GetMetadata:109] <private> is not supported[m
09-28 17:52:52.693   822  1089 E C02515/DISP: [0;32;31m[SetMetadata:102] <private> is not supported[m
09-28 17:52:52.693   822  1089 E C02515/METADATA_SRV: [0;32;31m[SetMetadata:136]  fail[m
09-28 17:52:52.693   822  1089 E C01401/Bufferqueue: <surface_buffer_impl.cpp:714-SetMetadata>: SetMetadata Failed with -5
09-28 17:52:52.693   822  1089 E C01406/skia: RSUniRenderComposerAdapter::SetBufferColorSpace set color space fail
09-28 17:52:52.702 14198 14423 I C00f00/OH_DER_VSync: onOhVsync ENTRY ts=<private> data=<private>
09-28 17:52:52.702 14198 14422 I C00f00/OH_DER_VSync: scheduleVsync ENTRY receiverPtr=0x<private>
09-28 17:52:52.702 14198 14422 I C00f00/OH_DER_VSync: scheduleVsync calling RequestFrame ohVsync=<private>
09-28 17:52:52.703 14198 14422 I C00f00/OH_DER_VSync: scheduleVsync RequestFrame rc=<private>
09-28 17:52:52.704   822  1208 E C02515/DISP: [0;32;31m[SetMetadata:102] <private> is not supported[m
09-28 17:52:52.704   822  1208 E C02515/METADATA_SRV: [0;32;31m[SetMetadata:136]  fail[m
09-28 17:52:52.704   822  1208 E C01401/Bufferqueue: <surface_buffer_impl.cpp:714-SetMetadata>: SetMetadata Failed with -5
09-28 17:52:52.705   798  1062 E C02515/DISP: [0;32;31m[SetLayerMaskInfo@display_composer_vdi_impl.cpp:404] <private> is not supported[m
09-28 17:52:52.706   822  1240 E C02515/DISP: [0;32;31m[SetMetadata:102] <private> is not supported[m
09-28 17:52:52.706   822  1240 E C02515/METADATA_SRV: [0;32;31m[SetMetadata:136]  fail[m
09-28 17:52:52.706   822  1240 E C01401/Bufferqueue: <surface_buffer_impl.cpp:714-SetMetadata>: SetMetadata Failed with -5
09-28 17:52:52.706   798  1062 E C02515/DISP: [0;32;31m[SetDisplayClientDamage@display_composer_vdi_impl.cpp:179] <private> is not supported[m
09-28 17:52:52.719 14198 14423 I C00f00/OH_DER_VSync: onOhVsync ENTRY ts=<private> data=<private>
09-28 17:52:52.719   822   822 E C02515/DISP: [0;32;31m[GetMetadata:109] <private> is not supported[m
09-28 17:52:52.719   822   822 E C02515/DISP: [0;32;31m[GetMetadata:109] <private> is not supported[m
09-28 17:52:52.719   822   822 E C02515/DISP: [0;32;31m[GetMetadata:109] <private> is not supported[m
09-28 17:52:52.719 14198 14422 I C00f00/OH_DER_VSync: scheduleVsync ENTRY receiverPtr=0x<private>
09-28 17:52:52.719 14198 14422 I C00f00/OH_DER_VSync: scheduleVsync calling RequestFrame ohVsync=<private>
09-28 17:52:52.719 14198 14422 I C00f00/OH_DER_VSync: scheduleVsync RequestFrame rc=<private>
09-28 17:52:52.720   822   822 E C01406/skia: RSBaseRenderUtil::DealWithSurfaceRotationAndGravity, GetSurfaceBufferOpaque:0
09-28 17:52:52.720   822   822 E C02515/DISP: [0;32;31m[GetMetadata:109] <private> is not supported[m
09-28 17:52:52.720   822   822 E C01406/skia: RSBaseRenderUtil::DealWithSurfaceRotationAndGravity, GetSurfaceBufferOpaque:0
09-28 17:52:52.720   822   822 E C02515/DISP: [0;32;31m[GetMetadata:109] <private> is not supported[m
09-28 17:52:52.721   822  1089 E C02515/DISP: [0;32;31m[SetMetadata:102] <private> is not supported[m
09-28 17:52:52.721   822  1089 E C02515/METADATA_SRV: [0;32;31m[SetMetadata:136]  fail[m
09-28 17:52:52.721   822  1089 E C01401/Bufferqueue: <surface_buffer_impl.cpp:714-SetMetadata>: SetMetadata Failed with -5
09-28 17:52:52.721   822  1089 E C01406/skia: SurfaceNodeDrawable DrawCommSurfaceWatermark Name:SCBWallpaper5 Id:8516920147979 water mark count is zero
09-28 17:52:52.723   822  1089 E C01406/skia: SurfaceNodeDrawable DrawCommSurfaceWatermark Name:SCBDesktop6 Id:8516920147988 water mark count is zero
09-28 17:52:52.723   822  1089 E C01406/skia: RSBaseRenderUtil::DealWithSurfaceRotationAndGravity, GetSurfaceBufferOpaque:0
09-28 17:52:52.723   822  1089 I C01406/WRAP: AHardwareBuffer_createFromHandle index = <private> handle = <private>, ahb = <private>
09-28 17:52:52.723   822  1089 E C01406/skia: SurfaceNodeDrawable DrawCommSurfaceWatermark Name:AdapterActivityContent Id:60979945668611 water mark count is zero
09-28 17:52:52.723   822  1089 E C01406/skia: RSBaseRenderUtil::DealWithSurfaceRotationAndGravity, GetSurfaceBufferOpaque:0
09-28 17:52:52.723   822  1089 I C01406/WRAP: AHardwareBuffer_createFromHandle index = <private> handle = <private>, ahb = <private>
09-28 17:52:52.723   822  1089 E C01406/skia: SurfaceNodeDrawable DrawCommSurfaceWatermark Name:AdapterSurfaceView Id:60979945668612 water mark count is zero
09-28 17:52:52.723   822  1089 E C01406/skia: SurfaceNodeDrawable DrawCommSurfaceWatermark Name:com.a2hlab.bridge.zigzag/com.unity3d.player.UnityPlayerActivity Id:60979945668609 water mark count is zero
09-28 17:52:52.723   822  1089 E C01406/skia: SurfaceNodeDrawable DrawCommSurfaceWatermark Name:WindowScene_zigzag35 Id:8516920148845 water mark count is zero
09-28 17:52:52.724   822  1089 E C01406/skia: SurfaceNodeDrawable DrawCommSurfaceWatermark Name:SCBGestureNavBar13 Id:8516920148115 water mark count is zero
09-28 17:52:52.724   822  1089 E C01406/skia: SurfaceNodeDrawable DrawCommSurfaceWatermark Name:SCBStatusBar15 Id:8516920148195 water mark count is zero
09-28 17:52:52.726   822  1089 E C02515/DISP: [0;32;31m[GetMetadata:109] <private> is not supported[m
09-28 17:52:52.726   822  1089 E C02515/DISP: [0;32;31m[SetMetadata:102] <private> is not supported[m
09-28 17:52:52.726   822  1089 E C02515/METADATA_SRV: [0;32;31m[SetMetadata:136]  fail[m
09-28 17:52:52.726   822  1089 E C01401/Bufferqueue: <surface_buffer_impl.cpp:714-SetMetadata>: SetMetadata Failed with -5
09-28 17:52:52.726   822  1089 E C01406/skia: RSUniRenderComposerAdapter::SetBufferColorSpace set color space fail
09-28 17:52:52.736 14198 14423 I C00f00/OH_DER_VSync: onOhVsync ENTRY ts=<private> data=<private>
09-28 17:52:52.736 14198 14422 I C00f00/OH_DER_VSync: scheduleVsync ENTRY receiverPtr=0x<private>
09-28 17:52:52.736 14198 14422 I C00f00/OH_DER_VSync: scheduleVsync calling RequestFrame ohVsync=<private>
09-28 17:52:52.736 14198 14422 I C00f00/OH_DER_VSync: scheduleVsync RequestFrame rc=<private>
09-28 17:52:52.737 14198 14235 I C00f00/appspawn-x: [<private>:<private>] <private>
09-28 17:52:52.738   822  1208 E C02515/DISP: [0;32;31m[SetMetadata:102] <private> is not supported[m
09-28 17:52:52.738   822  1208 E C02515/METADATA_SRV: [0;32;31m[SetMetadata:136]  fail[m
09-28 17:52:52.738   822  1208 E C01401/Bufferqueue: <surface_buffer_impl.cpp:714-SetMetadata>: SetMetadata Failed with -5
09-28 17:52:52.739   798  1062 E C02515/DISP: [0;32;31m[SetLayerMaskInfo@display_composer_vdi_impl.cpp:404] <private> is not supported[m
09-28 17:52:52.739   822  1240 E C02515/DISP: [0;32;31m[SetMetadata:102] <private> is not supported[m
09-28 17:52:52.739   822  1240 E C02515/METADATA_SRV: [0;32;31m[SetMetadata:136]  fail[m
09-28 17:52:52.739   822  1240 E C01401/Bufferqueue: <surface_buffer_impl.cpp:714-SetMetadata>: SetMetadata Failed with -5
09-28 17:52:52.740   798  1062 E C02515/DISP: [0;32;31m[SetDisplayClientDamage@display_composer_vdi_impl.cpp:179] <private> is not supported[m
09-28 17:52:52.752   822   822 E C02515/DISP: [0;32;31m[GetMetadata:109] <private> is not supported[m
09-28 17:52:52.752   822   822 E C02515/DISP: [0;32;31m[GetMetadata:109] <private> is not supported[m
09-28 17:52:52.753   822   822 E C02515/DISP: [0;32;31m[GetMetadata:109] <private> is not supported[m
09-28 17:52:52.753   822   822 E C01406/skia: RSBaseRenderUtil::DealWithSurfaceRotationAndGravity, GetSurfaceBufferOpaque:0
09-28 17:52:52.753   822   822 E C02515/DISP: [0;32;31m[GetMetadata:109] <private> is not supported[m
09-28 17:52:52.753   822   822 E C01406/skia: RSBaseRenderUtil::DealWithSurfaceRotationAndGravity, GetSurfaceBufferOpaque:0
09-28 17:52:52.753   822   822 E C02515/DISP: [0;32;31m[GetMetadata:109] <private> is not supported[m
09-28 17:52:52.754 14198 14423 I C00f00/OH_DER_VSync: onOhVsync ENTRY ts=<private> data=<private>
09-28 17:52:52.754 14198 14422 I C00f00/OH_DER_VSync: scheduleVsync ENTRY receiverPtr=0x<private>
09-28 17:52:52.754 14198 14422 I C00f00/OH_DER_VSync: scheduleVsync calling RequestFrame ohVsync=<private>
09-28 17:52:52.754   822  1089 E C02515/DISP: [0;32;31m[SetMetadata:102] <private> is not supported[m
09-28 17:52:52.754   822  1089 E C02515/METADATA_SRV: [0;32;31m[SetMetadata:136]  fail[m
09-28 17:52:52.754   822  1089 E C01401/Bufferqueue: <surface_buffer_impl.cpp:714-SetMetadata>: SetMetadata Failed with -5
09-28 17:52:52.754 14198 14422 I C00f00/OH_DER_VSync: scheduleVsync RequestFrame rc=<private>
09-28 17:52:52.755   822  1089 E C01406/skia: SurfaceNodeDrawable DrawCommSurfaceWatermark Name:SCBWallpaper5 Id:8516920147979 water mark count is zero
09-28 17:52:52.756   822  1089 E C01406/skia: SurfaceNodeDrawable DrawCommSurfaceWatermark Name:SCBDesktop6 Id:8516920147988 water mark count is zero
09-28 17:52:52.756   822  1089 E C01406/skia: RSBaseRenderUtil::DealWithSurfaceRotationAndGravity, GetSurfaceBufferOpaque:0
09-28 17:52:52.756   822  1089 I C01406/WRAP: AHardwareBuffer_createFromHandle index = <private> handle = <private>, ahb = <private>
09-28 17:52:52.757   822  1089 E C01406/skia: SurfaceNodeDrawable DrawCommSurfaceWatermark Name:AdapterActivityContent Id:60979945668611 water mark count is zero
09-28 17:52:52.757   822  1089 E C01406/skia: RSBaseRenderUtil::DealWithSurfaceRotationAndGravity, GetSurfaceBufferOpaque:0
09-28 17:52:52.757   822  1089 I C01406/WRAP: AHardwareBuffer_createFromHandle index = <private> handle = <private>, ahb = <private>
09-28 17:52:52.757   822  1089 E C01406/skia: SurfaceNodeDrawable DrawCommSurfaceWatermark Name:AdapterSurfaceView Id:60979945668612 water mark count is zero
09-28 17:52:52.757   822  1089 E C01406/skia: SurfaceNodeDrawable DrawCommSurfaceWatermark Name:com.a2hlab.bridge.zigzag/com.unity3d.player.UnityPlayerActivity Id:60979945668609 water mark count is zero
09-28 17:52:52.757   822  1089 E C01406/skia: SurfaceNodeDrawable DrawCommSurfaceWatermark Name:WindowScene_zigzag35 Id:8516920148845 water mark count is zero
09-28 17:52:52.757   822  1089 E C01406/skia: SurfaceNodeDrawable DrawCommSurfaceWatermark Name:SCBGestureNavBar13 Id:8516920148115 water mark count is zero
09-28 17:52:52.757   822  1089 E C01406/skia: SurfaceNodeDrawable DrawCommSurfaceWatermark Name:SCBStatusBar15 Id:8516920148195 water mark count is zero
09-28 17:52:52.759   822  1089 E C02515/DISP: [0;32;31m[GetMetadata:109] <private> is not supported[m
09-28 17:52:52.759   822  1089 E C02515/DISP: [0;32;31m[SetMetadata:102] <private> is not supported[m
09-28 17:52:52.760   822  1089 E C02515/METADATA_SRV: [0;32;31m[SetMetadata:136]  fail[m
09-28 17:52:52.760   822  1089 E C01401/Bufferqueue: <surface_buffer_impl.cpp:714-SetMetadata>: SetMetadata Failed with -5
09-28 17:52:52.760   822  1089 E C01406/skia: RSUniRenderComposerAdapter::SetBufferColorSpace set color space fail
09-28 17:52:52.769 14198 14423 I C00f00/OH_DER_VSync: onOhVsync ENTRY ts=<private> data=<private>
09-28 17:52:52.769 14198 14422 I C00f00/OH_DER_VSync: scheduleVsync ENTRY receiverPtr=0x<private>
09-28 17:52:52.769 14198 14422 I C00f00/OH_DER_VSync: scheduleVsync calling RequestFrame ohVsync=<private>
09-28 17:52:52.769 14198 14422 I C00f00/OH_DER_VSync: scheduleVsync RequestFrame rc=<private>
09-28 17:52:52.771   822  1208 E C02515/DISP: [0;32;31m[SetMetadata:102] <private> is not supported[m
09-28 17:52:52.771   822  1208 E C02515/METADATA_SRV: [0;32;31m[SetMetadata:136]  fail[m
09-28 17:52:52.771   822  1208 E C01401/Bufferqueue: <surface_buffer_impl.cpp:714-SetMetadata>: SetMetadata Failed with -5
09-28 17:52:52.772   798  1062 E C02515/DISP: [0;32;31m[SetLayerMaskInfo@display_composer_vdi_impl.cpp:404] <private> is not supported[m
09-28 17:52:52.772   822  1240 E C02515/DISP: [0;32;31m[SetMetadata:102] <private> is not supported[m
09-28 17:52:52.772   822  1240 E C02515/METADATA_SRV: [0;32;31m[SetMetadata:136]  fail[m
09-28 17:52:52.772   822  1240 E C01401/Bufferqueue: <surface_buffer_impl.cpp:714-SetMetadata>: SetMetadata Failed with -5
09-28 17:52:52.773   798  1062 E C02515/DISP: [0;32;31m[SetDisplayClientDamage@display_composer_vdi_impl.cpp:179] <private> is not supported[m
09-28 17:52:52.786 14198 14423 I C00f00/OH_DER_VSync: onOhVsync ENTRY ts=<private> data=<private>
09-28 17:52:52.786   822   822 E C02515/DISP: [0;32;31m[GetMetadata:109] <private> is not supported[m
09-28 17:52:52.786   822   822 E C02515/DISP: [0;32;31m[GetMetadata:109] <private> is not supported[m
09-28 17:52:52.786   822   822 E C02515/DISP: [0;32;31m[GetMetadata:109] <private> is not supported[m
09-28 17:52:52.786 14198 14422 I C00f00/OH_DER_VSync: scheduleVsync ENTRY receiverPtr=0x<private>
09-28 17:52:52.786 14198 14422 I C00f00/OH_DER_VSync: scheduleVsync calling RequestFrame ohVsync=<private>
09-28 17:52:52.786 14198 14422 I C00f00/OH_DER_VSync: scheduleVsync RequestFrame rc=<private>
09-28 17:52:52.786   822   822 E C01406/skia: RSBaseRenderUtil::DealWithSurfaceRotationAndGravity, GetSurfaceBufferOpaque:0
09-28 17:52:52.786   822   822 E C02515/DISP: [0;32;31m[GetMetadata:109] <private> is not supported[m
09-28 17:52:52.786   822   822 E C01406/skia: RSBaseRenderUtil::DealWithSurfaceRotationAndGravity, GetSurfaceBufferOpaque:0
09-28 17:52:52.787   822   822 E C02515/DISP: [0;32;31m[GetMetadata:109] <private> is not supported[m
09-28 17:52:52.787   822  1089 E C02515/DISP: [0;32;31m[SetMetadata:102] <private> is not supported[m
09-28 17:52:52.787   822  1089 E C02515/METADATA_SRV: [0;32;31m[SetMetadata:136]  fail[m
09-28 17:52:52.787   822  1089 E C01401/Bufferqueue: <surface_buffer_impl.cpp:714-SetMetadata>: SetMetadata Failed with -5
09-28 17:52:52.788   822  1089 E C01406/skia: SurfaceNodeDrawable DrawCommSurfaceWatermark Name:SCBWallpaper5 Id:8516920147979 water mark count is zero
09-28 17:52:52.789   822  1089 E C01406/skia: SurfaceNodeDrawable DrawCommSurfaceWatermark Name:SCBDesktop6 Id:8516920147988 water mark count is zero
09-28 17:52:52.789   822  1089 E C01406/skia: RSBaseRenderUtil::DealWithSurfaceRotationAndGravity, GetSurfaceBufferOpaque:0
09-28 17:52:52.790   822  1089 I C01406/WRAP: AHardwareBuffer_createFromHandle index = <private> handle = <private>, ahb = <private>
09-28 17:52:52.790   822  1089 E C01406/skia: SurfaceNodeDrawable DrawCommSurfaceWatermark Name:AdapterActivityContent Id:60979945668611 water mark count is zero
09-28 17:52:52.790   822  1089 E C01406/skia: RSBaseRenderUtil::DealWithSurfaceRotationAndGravity, GetSurfaceBufferOpaque:0
09-28 17:52:52.790   822  1089 I C01406/WRAP: AHardwareBuffer_createFromHandle index = <private> handle = <private>, ahb = <private>
09-28 17:52:52.790   822  1089 E C01406/skia: SurfaceNodeDrawable DrawCommSurfaceWatermark Name:AdapterSurfaceView Id:60979945668612 water mark count is zero
09-28 17:52:52.790   822  1089 E C01406/skia: SurfaceNodeDrawable DrawCommSurfaceWatermark Name:com.a2hlab.bridge.zigzag/com.unity3d.player.UnityPlayerActivity Id:60979945668609 water mark count is zero
09-28 17:52:52.790   822  1089 E C01406/skia: SurfaceNodeDrawable DrawCommSurfaceWatermark Name:WindowScene_zigzag35 Id:8516920148845 water mark count is zero
09-28 17:52:52.791   822  1089 E C01406/skia: SurfaceNodeDrawable DrawCommSurfaceWatermark Name:SCBGestureNavBar13 Id:8516920148115 water mark count is zero
09-28 17:52:52.791   822  1089 E C01406/skia: SurfaceNodeDrawable DrawCommSurfaceWatermark Name:SCBStatusBar15 Id:8516920148195 water mark count is zero
09-28 17:52:52.793   822  1089 E C02515/DISP: [0;32;31m[GetMetadata:109] <private> is not supported[m
09-28 17:52:52.793   822  1089 E C02515/DISP: [0;32;31m[SetMetadata:102] <private> is not supported[m
09-28 17:52:52.793   822  1089 E C02515/METADATA_SRV: [0;32;31m[SetMetadata:136]  fail[m
09-28 17:52:52.793   822  1089 E C01401/Bufferqueue: <surface_buffer_impl.cpp:714-SetMetadata>: SetMetadata Failed with -5
09-28 17:52:52.793   822  1089 E C01406/skia: RSUniRenderComposerAdapter::SetBufferColorSpace set color space fail
09-28 17:52:52.802 14198 14423 I C00f00/OH_DER_VSync: onOhVsync ENTRY ts=<private> data=<private>
09-28 17:52:52.803 14198 14422 I C00f00/OH_DER_VSync: scheduleVsync ENTRY receiverPtr=0x<private>
09-28 17:52:52.803 14198 14422 I C00f00/OH_DER_VSync: scheduleVsync calling RequestFrame ohVsync=<private>
09-28 17:52:52.803 14198 14422 I C00f00/OH_DER_VSync: scheduleVsync RequestFrame rc=<private>
09-28 17:52:52.804   822  1208 E C02515/DISP: [0;32;31m[SetMetadata:102] <private> is not supported[m
09-28 17:52:52.804   822  1208 E C02515/METADATA_SRV: [0;32;31m[SetMetadata:136]  fail[m
09-28 17:52:52.804   822  1208 E C01401/Bufferqueue: <surface_buffer_impl.cpp:714-SetMetadata>: SetMetadata Failed with -5
09-28 17:52:52.806   798  1062 E C02515/DISP: [0;32;31m[SetLayerMaskInfo@display_composer_vdi_impl.cpp:404] <private> is not supported[m
09-28 17:52:52.806   822  1240 E C02515/DISP: [0;32;31m[SetMetadata:102] <private> is not supported[m
09-28 17:52:52.806   561   755 W C03f07/MUSL-LDSO: load libmmi_knuckle.z.so failed, namespace=ndk no inherits, errno=2
09-28 17:52:52.806   822  1240 E C02515/METADATA_SRV: [0;32;31m[SetMetadata:136]  fail[m
09-28 17:52:52.806   561   755 W C03f07/MUSL-LDSO: load libmmi_knuckle.z.so failed, namespace=default, errno=2
09-28 17:52:52.806   822  1240 E C01401/Bufferqueue: <surface_buffer_impl.cpp:714-SetMetadata>: SetMetadata Failed with -5
09-28 17:52:52.806   561   755 W C03f07/MUSL-LDSO: dlopen_impl load library header failed for libmmi_knuckle.z.so
09-28 17:52:52.806   561   755 E C02800/NetPacket: [|231]libmmi_knuckle.z.so dlopen fail
09-28 17:52:52.806   561   755 E C02800/NetPacket: [|205]load knuckle shared library fail
09-28 17:52:52.806   561   755 E C02800/NetPacket: [|172]impl is null
09-28 17:52:52.806   561   755 I C02805/InputWindowsManager: [P:D:185|5577]Pre search window -1 20|2202|0|0|1200|88|1983 18|2200|0|0|1200|63|1983 23|4102|0|88|36|1769|1164|88|36|1769|1983 
09-28 17:52:52.806   561   755 I C02805/InputKeyFlow: [P:D:185|5801]PA:down,Pid:14198,TWI:36,FWI:35,EID:185, flags:0,DID:0AWI:36,zOrder:102.000000
09-28 17:52:52.806   561   755 I C02803/InputWindowsManager: [P:D:185|5865]get deviceId failed:2
09-28 17:52:52.806   561   755 I C02805/InputKeyFlow: [P:D:185|377]PI:0, IP:1, P:0.00, MF:-1, WI:36, OPI:0, SI:false, T:0
09-28 17:52:52.807   561   755 I C02801/MultiModalInputPluginManager: [P:D:185|163]plugins_ not stage:16.
09-28 17:52:52.807   561   755 I C02803/InputWindowsManager: [P:D:185|423]get deviceId failed:2
09-28 17:52:52.807   561   755 I C02803/InputWindowsManager: [P:D:185|593]get deviceId failed:2
09-28 17:52:52.807   561   755 I C02803/InputWindowsManager: [P:D:185|391]get deviceId failed:2
09-28 17:52:52.807   798  1062 E C02515/DISP: [0;32;31m[SetDisplayClientDamage@display_composer_vdi_impl.cpp:179] <private> is not supported[m
09-28 17:52:52.807   561   755 I C02805/InputKeyFlow: [P:D:185|497]SendMsg:14198
09-28 17:52:52.807 14198 14237 I C02805/InputKeyFlow: [P:D:185|648]recv
09-28 17:52:52.807 14198 14237 I C00f00/OH_InputBridge: [<private>:<private>] <private>
09-28 17:52:52.807 14198 14243 E C00f00/OH_IER: DIAG worker recv got=<private> type=<private> seq=<private>
09-28 17:52:52.807 14198 14243 I C00f00/OH_IER: dispatchInputEvent seq=<private> action=<private> x=<private> y=<private> downMs=<private> evtMs=<private> src=TOUCHSCREEN (posting to main looper)
09-28 17:52:52.808 14198 14198 I C00f00/MotionEvent-aosp: [<private>:<private>] <private>
09-28 17:52:52.808 14198 14198 I C00f00/MotionEvent-aosp: [<private>:<private>] <private>
09-28 17:52:52.808 14198 14198 I C00f00/MotionEvent-aosp: [<private>:<private>] <private>
09-28 17:52:52.808 14198 14198 I C00f00/MotionEvent-aosp: [<private>:<private>] <private>
09-28 17:52:52.808 14198 14198 I C00f00/MotionEvent-aosp: [<private>:<private>] <private>
09-28 17:52:52.808 14198 14198 I C00f00/MotionEvent-aosp: [<private>:<private>] <private>
09-28 17:52:52.808 14198 14198 I C00f00/MotionEvent-aosp: [<private>:<private>] <private>
09-28 17:52:52.808 14198 14198 I C00f00/MotionEvent-aosp: [<private>:<private>] <private>
09-28 17:52:52.808 14198 14198 I C00f00/MotionEvent-aosp: [<private>:<private>] <private>
09-28 17:52:52.808 14198 14198 I C00f00/MotionEvent-aosp: [<private>:<private>] <private>
09-28 17:52:52.808 14198 14198 I C00f00/MotionEvent-aosp: [<private>:<private>] <private>
09-28 17:52:52.808 14198 14198 I C00f00/MotionEvent-aosp: [<private>:<private>] <private>
09-28 17:52:52.808 14198 14198 I C00f00/MotionEvent-aosp: [<private>:<private>] <private>
09-28 17:52:52.809 14198 14198 I C00f00/MotionEvent-aosp: [<private>:<private>] <private>
09-28 17:52:52.809 14198 14198 I C00f00/MotionEvent-aosp: [<private>:<private>] <private>
09-28 17:52:52.809 14198 14198 I C00f00/MotionEvent-aosp: [<private>:<private>] <private>
09-28 17:52:52.809 14198 14198 I C00f00/MotionEvent-aosp: [<private>:<private>] <private>
09-28 17:52:52.809 14198 14198 I C00f00/MotionEvent-aosp: [<private>:<private>] <private>
09-28 17:52:52.809 14198 14198 I C00f00/MotionEvent-aosp: [<private>:<private>] <private>
09-28 17:52:52.809 14198 14198 I C00f00/MotionEvent-aosp: [<private>:<private>] <private>
09-28 17:52:52.809 14198 14198 I C00f00/MotionEvent-aosp: [<private>:<private>] <private>
09-28 17:52:52.809 14198 14198 I C00f00/MotionEvent-aosp: [<private>:<private>] <private>
09-28 17:52:52.809 14198 14198 I C00f00/MotionEvent-aosp: [<private>:<private>] <private>
09-28 17:52:52.809 14198 14198 I C00f00/MotionEvent-aosp: [<private>:<private>] <private>
09-28 17:52:52.809 14198 14198 I C00f00/MotionEvent-aosp: [<private>:<private>] <private>
09-28 17:52:52.809 14198 14198 I C00f00/MotionEvent-aosp: [<private>:<private>] <private>
09-28 17:52:52.809 14198 14198 I C00f00/MotionEvent-aosp: [<private>:<private>] <private>
09-28 17:52:52.809 14198 14198 I C00f00/MotionEvent-aosp: [<private>:<private>] <private>
09-28 17:52:52.809 14198 14198 I C00f00/MotionEvent-aosp: [<private>:<private>] <private>
09-28 17:52:52.809 14198 14198 I C00f00/MotionEvent-aosp: [<private>:<private>] <private>
09-28 17:52:52.809 14198 14198 I C00f00/MotionEvent-aosp: [<private>:<private>] <private>
09-28 17:52:52.809 14198 14198 I C00f00/MotionEvent-aosp: [<private>:<private>] <private>
09-28 17:52:52.809 14198 14198 I C00f00/MotionEvent-aosp: [<private>:<private>] <private>
09-28 17:52:52.809 14198 14198 I C00f00/MotionEvent-aosp: [<private>:<private>] <private>
09-28 17:52:52.809 14198 14198 I C00f00/MotionEvent-aosp: [<private>:<private>] <private>
09-28 17:52:52.809 14198 14198 I C00f00/MotionEvent-aosp: [<private>:<private>] <private>
09-28 17:52:52.809 14198 14198 I C00f00/MotionEvent-aosp: [<private>:<private>] <private>
09-28 17:52:52.809 14198 14198 I C00f00/MotionEvent-aosp: [<private>:<private>] <private>
09-28 17:52:52.809 14198 14198 I C00f00/MotionEvent-aosp: [<private>:<private>] <private>
09-28 17:52:52.809 14198 14198 I C00f00/MotionEvent-aosp: [<private>:<private>] <private>
09-28 17:52:52.809 14198 14198 I C00f00/MotionEvent-aosp: [<private>:<private>] <private>
09-28 17:52:52.809 14198 14198 I C00f00/MotionEvent-aosp: [<private>:<private>] <private>
09-28 17:52:52.809 14198 14198 I C00f00/MotionEvent-aosp: [<private>:<private>] <private>
09-28 17:52:52.809 14198 14198 I C00f00/MotionEvent-aosp: [<private>:<private>] <private>
09-28 17:52:52.809 14198 14198 I C00f00/MotionEvent-aosp: [<private>:<private>] <private>
09-28 17:52:52.809 14198 14198 I C00f00/MotionEvent-aosp: [<private>:<private>] <private>
09-28 17:52:52.809 14198 14198 I C00f00/MotionEvent-aosp: [<private>:<private>] <private>
09-28 17:52:52.809 14198 14198 I C00f00/MotionEvent-aosp: [<private>:<private>] <private>
09-28 17:52:52.809 14198 14198 I C00f00/MotionEvent-aosp: [<private>:<private>] <private>
09-28 17:52:52.809 14198 14198 I C00f00/MotionEvent-aosp: [<private>:<private>] <private>
09-28 17:52:52.809 14198 14198 I C00f00/MotionEvent-aosp: [<private>:<private>] <private>
09-28 17:52:52.810 14198 14198 I C00f00/MotionEvent-aosp: [<private>:<private>] <private>
09-28 17:52:52.810 14198 14242 I C00f00/OH_InputBridge: [<private>:<private>] <private>
09-28 17:52:52.819 14198 14423 I C00f00/OH_DER_VSync: onOhVsync ENTRY ts=<private> data=<private>
09-28 17:52:52.819 14198 14422 I C00f00/OH_DER_VSync: scheduleVsync ENTRY receiverPtr=0x<private>
09-28 17:52:52.819 14198 14422 I C00f00/OH_DER_VSync: scheduleVsync calling RequestFrame ohVsync=<private>
09-28 17:52:52.819   822   822 E C02515/DISP: [0;32;31m[GetMetadata:109] <private> is not supported[m
09-28 17:52:52.819 14198 14422 I C00f00/OH_DER_VSync: scheduleVsync RequestFrame rc=<private>
09-28 17:52:52.819   822   822 E C02515/DISP: [0;32;31m[GetMetadata:109] <private> is not supported[m
09-28 17:52:52.819   822   822 E C02515/DISP: [0;32;31m[GetMetadata:109] <private> is not supported[m
09-28 17:52:52.821   822   822 E C01406/skia: RSBaseRenderUtil::DealWithSurfaceRotationAndGravity, GetSurfaceBufferOpaque:0
09-28 17:52:52.821   822   822 E C02515/DISP: [0;32;31m[GetMetadata:109] <private> is not supported[m
09-28 17:52:52.821   822   822 E C01406/skia: RSBaseRenderUtil::DealWithSurfaceRotationAndGravity, GetSurfaceBufferOpaque:0
09-28 17:52:52.821   822   822 E C02515/DISP: [0;32;31m[GetMetadata:109] <private> is not supported[m
09-28 17:52:52.822   822  1089 E C02515/DISP: [0;32;31m[SetMetadata:102] <private> is not supported[m
09-28 17:52:52.822   822  1089 E C02515/METADATA_SRV: [0;32;31m[SetMetadata:136]  fail[m
09-28 17:52:52.822   822  1089 E C01401/Bufferqueue: <surface_buffer_impl.cpp:714-SetMetadata>: SetMetadata Failed with -5
09-28 17:52:52.823   822  1089 E C01406/skia: SurfaceNodeDrawable DrawCommSurfaceWatermark Name:SCBWallpaper5 Id:8516920147979 water mark count is zero
09-28 17:52:52.824   822  1089 E C01406/skia: SurfaceNodeDrawable DrawCommSurfaceWatermark Name:SCBDesktop6 Id:8516920147988 water mark count is zero
09-28 17:52:52.824   822  1089 E C01406/skia: RSBaseRenderUtil::DealWithSurfaceRotationAndGravity, GetSurfaceBufferOpaque:0
09-28 17:52:52.824   822  1089 I C01406/WRAP: AHardwareBuffer_createFromHandle index = <private> handle = <private>, ahb = <private>
09-28 17:52:52.825   822  1089 E C01406/skia: SurfaceNodeDrawable DrawCommSurfaceWatermark Name:AdapterActivityContent Id:60979945668611 water mark count is zero
09-28 17:52:52.825   822  1089 E C01406/skia: RSBaseRenderUtil::DealWithSurfaceRotationAndGravity, GetSurfaceBufferOpaque:0
09-28 17:52:52.825   822  1089 I C01406/WRAP: AHardwareBuffer_createFromHandle index = <private> handle = <private>, ahb = <private>
09-28 17:52:52.825   822  1089 E C01406/skia: SurfaceNodeDrawable DrawCommSurfaceWatermark Name:AdapterSurfaceView Id:60979945668612 water mark count is zero
09-28 17:52:52.825   822  1089 E C01406/skia: SurfaceNodeDrawable DrawCommSurfaceWatermark Name:com.a2hlab.bridge.zigzag/com.unity3d.player.UnityPlayerActivity Id:60979945668609 water mark count is zero
09-28 17:52:52.825   822  1089 E C01406/skia: SurfaceNodeDrawable DrawCommSurfaceWatermark Name:WindowScene_zigzag35 Id:8516920148845 water mark count is zero
09-28 17:52:52.825   822  1089 E C01406/skia: SurfaceNodeDrawable DrawCommSurfaceWatermark Name:SCBGestureNavBar13 Id:8516920148115 water mark count is zero
09-28 17:52:52.825   822  1089 E C01406/skia: SurfaceNodeDrawable DrawCommSurfaceWatermark Name:SCBStatusBar15 Id:8516920148195 water mark count is zero
09-28 17:52:52.827   822  1089 E C02515/DISP: [0;32;31m[GetMetadata:109] <private> is not supported[m
09-28 17:52:52.828   822  1089 E C02515/DISP: [0;32;31m[SetMetadata:102] <private> is not supported[m
09-28 17:52:52.828   822  1089 E C02515/METADATA_SRV: [0;32;31m[SetMetadata:136]  fail[m
09-28 17:52:52.828   822  1089 E C01401/Bufferqueue: <surface_buffer_impl.cpp:714-SetMetadata>: SetMetadata Failed with -5
09-28 17:52:52.828   822  1089 E C01406/skia: RSUniRenderComposerAdapter::SetBufferColorSpace set color space fail
09-28 17:52:52.836 14198 14423 I C00f00/OH_DER_VSync: onOhVsync ENTRY ts=<private> data=<private>
09-28 17:52:52.836 14198 14422 I C00f00/OH_DER_VSync: scheduleVsync ENTRY receiverPtr=0x<private>
09-28 17:52:52.836 14198 14422 I C00f00/OH_DER_VSync: scheduleVsync calling RequestFrame ohVsync=<private>
09-28 17:52:52.836 14198 14235 I C00f00/MotionEvent-aosp: [<private>:<private>] <private>
09-28 17:52:52.836 14198 14235 I C00f00/MotionEvent-aosp: [<private>:<private>] <private>
09-28 17:52:52.836 14198 14235 I C00f00/MotionEvent-aosp: [<private>:<private>] <private>
09-28 17:52:52.836 14198 14235 I C00f00/MotionEvent-aosp: [<private>:<private>] <private>
09-28 17:52:52.836 14198 14235 I C00f00/MotionEvent-aosp: [<private>:<private>] <private>
09-28 17:52:52.836 14198 14235 I C00f00/MotionEvent-aosp: [<private>:<private>] <private>
09-28 17:52:52.836 14198 14235 I C00f00/MotionEvent-aosp: [<private>:<private>] <private>
09-28 17:52:52.836 14198 14422 I C00f00/OH_DER_VSync: scheduleVsync RequestFrame rc=<private>
09-28 17:52:52.838   822  1208 E C02515/DISP: [0;32;31m[SetMetadata:102] <private> is not supported[m
09-28 17:52:52.838   822  1208 E C02515/METADATA_SRV: [0;32;31m[SetMetadata:136]  fail[m
09-28 17:52:52.838   822  1208 E C01401/Bufferqueue: <surface_buffer_impl.cpp:714-SetMetadata>: SetMetadata Failed with -5
09-28 17:52:52.839   798  1062 E C02515/DISP: [0;32;31m[SetLayerMaskInfo@display_composer_vdi_impl.cpp:404] <private> is not supported[m
09-28 17:52:52.839   822  1240 E C02515/DISP: [0;32;31m[SetMetadata:102] <private> is not supported[m
09-28 17:52:52.839   822  1240 E C02515/METADATA_SRV: [0;32;31m[SetMetadata:136]  fail[m
09-28 17:52:52.839   822  1240 E C01401/Bufferqueue: <surface_buffer_impl.cpp:714-SetMetadata>: SetMetadata Failed with -5
09-28 17:52:52.840   798  1062 E C02515/DISP: [0;32;31m[SetDisplayClientDamage@display_composer_vdi_impl.cpp:179] <private> is not supported[m
09-28 17:52:52.843   561   755 I C02801/MultiModalInputPluginManager: [P:M:186|163]plugins_ not stage:16.
09-28 17:52:52.843   561   755 I C02803/InputWindowsManager: [P:M:186|423]get deviceId failed:2
09-28 17:52:52.843   561   755 I C02803/InputWindowsManager: [P:M:186|593]get deviceId failed:2
09-28 17:52:52.843   561   755 I C02803/InputWindowsManager: [P:M:186|391]get deviceId failed:2
09-28 17:52:52.844 14198 14237 I C00f00/OH_InputBridge: [<private>:<private>] <private>
09-28 17:52:52.844 14198 14243 E C00f00/OH_IER: DIAG worker recv got=<private> type=<private> seq=<private>
09-28 17:52:52.844 14198 14243 I C00f00/OH_IER: dispatchInputEvent seq=<private> action=<private> x=<private> y=<private> downMs=<private> evtMs=<private> src=TOUCHSCREEN (posting to main looper)
09-28 17:52:52.844 14198 14198 I C00f00/MotionEvent-aosp: [<private>:<private>] <private>
09-28 17:52:52.844 14198 14198 I C00f00/MotionEvent-aosp: [<private>:<private>] <private>
09-28 17:52:52.844 14198 14198 I C00f00/MotionEvent-aosp: [<private>:<private>] <private>
09-28 17:52:52.844 14198 14198 I C00f00/MotionEvent-aosp: [<private>:<private>] <private>
09-28 17:52:52.845 14198 14198 I C00f00/MotionEvent-aosp: [<private>:<private>] <private>
09-28 17:52:52.845 14198 14198 I C00f00/MotionEvent-aosp: [<private>:<private>] <private>
09-28 17:52:52.845 14198 14198 I C00f00/MotionEvent-aosp: [<private>:<private>] <private>
09-28 17:52:52.845 14198 14198 I C00f00/MotionEvent-aosp: [<private>:<private>] <private>
09-28 17:52:52.845 14198 14198 I C00f00/MotionEvent-aosp: [<private>:<private>] <private>
09-28 17:52:52.845 14198 14198 I C00f00/MotionEvent-aosp: [<private>:<private>] <private>
09-28 17:52:52.845 14198 14198 I C00f00/MotionEvent-aosp: [<private>:<private>] <private>
09-28 17:52:52.845 14198 14198 I C00f00/MotionEvent-aosp: [<private>:<private>] <private>
09-28 17:52:52.845 14198 14198 I C00f00/MotionEvent-aosp: [<private>:<private>] <private>
09-28 17:52:52.845 14198 14198 I C00f00/MotionEvent-aosp: [<private>:<private>] <private>
09-28 17:52:52.845 14198 14198 I C00f00/MotionEvent-aosp: [<private>:<private>] <private>
09-28 17:52:52.845 14198 14198 I C00f00/MotionEvent-aosp: [<private>:<private>] <private>
09-28 17:52:52.845 14198 14198 I C00f00/MotionEvent-aosp: [<private>:<private>] <private>
09-28 17:52:52.845 14198 14198 I C00f00/MotionEvent-aosp: [<private>:<private>] <private>
09-28 17:52:52.845 14198 14198 I C00f00/MotionEvent-aosp: [<private>:<private>] <private>
09-28 17:52:52.845 14198 14198 I C00f00/MotionEvent-aosp: [<private>:<private>] <private>
09-28 17:52:52.845 14198 14198 I C00f00/MotionEvent-aosp: [<private>:<private>] <private>
09-28 17:52:52.845 14198 14198 I C00f00/MotionEvent-aosp: [<private>:<private>] <private>
09-28 17:52:52.845 14198 14198 I C00f00/MotionEvent-aosp: [<private>:<private>] <private>
09-28 17:52:52.845 14198 14198 I C00f00/MotionEvent-aosp: [<private>:<private>] <private>
09-28 17:52:52.845 14198 14242 I C00f00/OH_InputBridge: [<private>:<private>] <private>
09-28 17:52:52.852 14198 14423 I C00f00/OH_DER_VSync: onOhVsync ENTRY ts=<private> data=<private>
09-28 17:52:52.853 14198 14422 I C00f00/OH_DER_VSync: scheduleVsync ENTRY receiverPtr=0x<private>
09-28 17:52:52.853 14198 14422 I C00f00/OH_DER_VSync: scheduleVsync calling RequestFrame ohVsync=<private>
09-28 17:52:52.853 14198 14422 I C00f00/OH_DER_VSync: scheduleVsync RequestFrame rc=<private>
09-28 17:52:52.853   822   822 E C02515/DISP: [0;32;31m[GetMetadata:109] <private> is not supported[m
09-28 17:52:52.853   822   822 E C02515/DISP: [0;32;31m[GetMetadata:109] <private> is not supported[m
09-28 17:52:52.853   822   822 E C02515/DISP: [0;32;31m[GetMetadata:109] <private> is not supported[m
09-28 17:52:52.854   822   822 E C01406/skia: RSBaseRenderUtil::DealWithSurfaceRotationAndGravity, GetSurfaceBufferOpaque:0
09-28 17:52:52.854   822   822 E C02515/DISP: [0;32;31m[GetMetadata:109] <private> is not supported[m
09-28 17:52:52.854   822   822 E C01406/skia: RSBaseRenderUtil::DealWithSurfaceRotationAndGravity, GetSurfaceBufferOpaque:0
09-28 17:52:52.854   822   822 E C02515/DISP: [0;32;31m[GetMetadata:109] <private> is not supported[m
09-28 17:52:52.856   822  1089 E C02515/DISP: [0;32;31m[SetMetadata:102] <private> is not supported[m
09-28 17:52:52.856   822  1089 E C02515/METADATA_SRV: [0;32;31m[SetMetadata:136]  fail[m
09-28 17:52:52.856   822  1089 E C01401/Bufferqueue: <surface_buffer_impl.cpp:714-SetMetadata>: SetMetadata Failed with -5
09-28 17:52:52.856   822  1089 E C01406/skia: SurfaceNodeDrawable DrawCommSurfaceWatermark Name:SCBWallpaper5 Id:8516920147979 water mark count is zero
09-28 17:52:52.858   822  1089 E C01406/skia: SurfaceNodeDrawable DrawCommSurfaceWatermark Name:SCBDesktop6 Id:8516920147988 water mark count is zero
09-28 17:52:52.858   822  1089 E C01406/skia: RSBaseRenderUtil::DealWithSurfaceRotationAndGravity, GetSurfaceBufferOpaque:0
09-28 17:52:52.858   822  1089 I C01406/WRAP: AHardwareBuffer_createFromHandle index = <private> handle = <private>, ahb = <private>
09-28 17:52:52.858   822  1089 E C01406/skia: SurfaceNodeDrawable DrawCommSurfaceWatermark Name:AdapterActivityContent Id:60979945668611 water mark count is zero
09-28 17:52:52.858   822  1089 E C01406/skia: RSBaseRenderUtil::DealWithSurfaceRotationAndGravity, GetSurfaceBufferOpaque:0
09-28 17:52:52.858   822  1089 I C01406/WRAP: AHardwareBuffer_createFromHandle index = <private> handle = <private>, ahb = <private>
09-28 17:52:52.858   822  1089 E C01406/skia: SurfaceNodeDrawable DrawCommSurfaceWatermark Name:AdapterSurfaceView Id:60979945668612 water mark count is zero
09-28 17:52:52.858   822  1089 E C01406/skia: SurfaceNodeDrawable DrawCommSurfaceWatermark Name:com.a2hlab.bridge.zigzag/com.unity3d.player.UnityPlayerActivity Id:60979945668609 water mark count is zero
09-28 17:52:52.858   822  1089 E C01406/skia: SurfaceNodeDrawable DrawCommSurfaceWatermark Name:WindowScene_zigzag35 Id:8516920148845 water mark count is zero
09-28 17:52:52.859   822  1089 E C01406/skia: SurfaceNodeDrawable DrawCommSurfaceWatermark Name:SCBGestureNavBar13 Id:8516920148115 water mark count is zero
09-28 17:52:52.859   822  1089 E C01406/skia: SurfaceNodeDrawable DrawCommSurfaceWatermark Name:SCBStatusBar15 Id:8516920148195 water mark count is zero
09-28 17:52:52.861   822  1089 E C02515/DISP: [0;32;31m[GetMetadata:109] <private> is not supported[m
09-28 17:52:52.861   822  1089 E C02515/DISP: [0;32;31m[SetMetadata:102] <private> is not supported[m
09-28 17:52:52.861   822  1089 E C02515/METADATA_SRV: [0;32;31m[SetMetadata:136]  fail[m
09-28 17:52:52.861   822  1089 E C01401/Bufferqueue: <surface_buffer_impl.cpp:714-SetMetadata>: SetMetadata Failed with -5
09-28 17:52:52.861   822  1089 E C01406/skia: RSUniRenderComposerAdapter::SetBufferColorSpace set color space fail
09-28 17:52:52.869 14198 14423 I C00f00/OH_DER_VSync: onOhVsync ENTRY ts=<private> data=<private>
09-28 17:52:52.869 14198 14422 I C00f00/OH_DER_VSync: scheduleVsync ENTRY receiverPtr=0x<private>
09-28 17:52:52.869 14198 14422 I C00f00/OH_DER_VSync: scheduleVsync calling RequestFrame ohVsync=<private>
09-28 17:52:52.869 14198 14235 I C00f00/MotionEvent-aosp: [<private>:<private>] <private>
09-28 17:52:52.869 14198 14235 I C00f00/MotionEvent-aosp: [<private>:<private>] <private>
09-28 17:52:52.869 14198 14235 I C00f00/MotionEvent-aosp: [<private>:<private>] <private>
09-28 17:52:52.869 14198 14235 I C00f00/MotionEvent-aosp: [<private>:<private>] <private>
09-28 17:52:52.869 14198 14235 I C00f00/MotionEvent-aosp: [<private>:<private>] <private>
09-28 17:52:52.869 14198 14235 I C00f00/MotionEvent-aosp: [<private>:<private>] <private>
09-28 17:52:52.869 14198 14235 I C00f00/MotionEvent-aosp: [<private>:<private>] <private>
09-28 17:52:52.869 14198 14422 I C00f00/OH_DER_VSync: scheduleVsync RequestFrame rc=<private>
09-28 17:52:52.871   822  1208 E C02515/DISP: [0;32;31m[SetMetadata:102] <private> is not supported[m
09-28 17:52:52.871   822  1208 E C02515/METADATA_SRV: [0;32;31m[SetMetadata:136]  fail[m
09-28 17:52:52.871   822  1208 E C01401/Bufferqueue: <surface_buffer_impl.cpp:714-SetMetadata>: SetMetadata Failed with -5
09-28 17:52:52.872   798  1062 E C02515/DISP: [0;32;31m[SetLayerMaskInfo@display_composer_vdi_impl.cpp:404] <private> is not supported[m
09-28 17:52:52.872   822  1240 E C02515/DISP: [0;32;31m[SetMetadata:102] <private> is not supported[m
09-28 17:52:52.872   822  1240 E C02515/METADATA_SRV: [0;32;31m[SetMetadata:136]  fail[m
09-28 17:52:52.872   822  1240 E C01401/Bufferqueue: <surface_buffer_impl.cpp:714-SetMetadata>: SetMetadata Failed with -5
09-28 17:52:52.873   798  1062 E C02515/DISP: [0;32;31m[SetDisplayClientDamage@display_composer_vdi_impl.cpp:179] <private> is not supported[m
09-28 17:52:52.881   561   755 I C02801/MultiModalInputPluginManager: [P:M:187|163]plugins_ not stage:16.
09-28 17:52:52.882   561   755 I C02803/InputWindowsManager: [P:M:187|423]get deviceId failed:2
09-28 17:52:52.882   561   755 I C02803/InputWindowsManager: [P:M:187|593]get deviceId failed:2
09-28 17:52:52.882   561   755 I C02803/InputWindowsManager: [P:M:187|391]get deviceId failed:2
09-28 17:52:52.882 14198 14237 I C00f00/OH_InputBridge: [<private>:<private>] <private>
09-28 17:52:52.882 14198 14243 E C00f00/OH_IER: DIAG worker recv got=<private> type=<private> seq=<private>
09-28 17:52:52.883 14198 14243 I C00f00/OH_IER: dispatchInputEvent seq=<private> action=<private> x=<private> y=<private> downMs=<private> evtMs=<private> src=TOUCHSCREEN (posting to main looper)
09-28 17:52:52.883 14198 14198 I C00f00/MotionEvent-aosp: [<private>:<private>] <private>
09-28 17:52:52.883 14198 14198 I C00f00/MotionEvent-aosp: [<private>:<private>] <private>
09-28 17:52:52.883 14198 14198 I C00f00/MotionEvent-aosp: [<private>:<private>] <private>
09-28 17:52:52.883 14198 14198 I C00f00/MotionEvent-aosp: [<private>:<private>] <private>
09-28 17:52:52.883 14198 14198 I C00f00/MotionEvent-aosp: [<private>:<private>] <private>
09-28 17:52:52.883 14198 14198 I C00f00/MotionEvent-aosp: [<private>:<private>] <private>
09-28 17:52:52.883 14198 14198 I C00f00/MotionEvent-aosp: [<private>:<private>] <private>
09-28 17:52:52.883 14198 14198 I C00f00/MotionEvent-aosp: [<private>:<private>] <private>
09-28 17:52:52.883 14198 14198 I C00f00/MotionEvent-aosp: [<private>:<private>] <private>
09-28 17:52:52.883 14198 14198 I C00f00/MotionEvent-aosp: [<private>:<private>] <private>
09-28 17:52:52.883 14198 14198 I C00f00/MotionEvent-aosp: [<private>:<private>] <private>
09-28 17:52:52.883 14198 14198 I C00f00/MotionEvent-aosp: [<private>:<private>] <private>
09-28 17:52:52.883 14198 14198 I C00f00/MotionEvent-aosp: [<private>:<private>] <private>
09-28 17:52:52.883 14198 14198 I C00f00/MotionEvent-aosp: [<private>:<private>] <private>
09-28 17:52:52.883 14198 14198 I C00f00/MotionEvent-aosp: [<private>:<private>] <private>
09-28 17:52:52.883 14198 14198 I C00f00/MotionEvent-aosp: [<private>:<private>] <private>
09-28 17:52:52.883 14198 14198 I C00f00/MotionEvent-aosp: [<private>:<private>] <private>
09-28 17:52:52.883 14198 14198 I C00f00/MotionEvent-aosp: [<private>:<private>] <private>
09-28 17:52:52.883 14198 14198 I C00f00/MotionEvent-aosp: [<private>:<private>] <private>
09-28 17:52:52.883 14198 14198 I C00f00/MotionEvent-aosp: [<private>:<private>] <private>
09-28 17:52:52.883 14198 14198 I C00f00/MotionEvent-aosp: [<private>:<private>] <private>
09-28 17:52:52.883 14198 14198 I C00f00/MotionEvent-aosp: [<private>:<private>] <private>
09-28 17:52:52.883 14198 14198 I C00f00/MotionEvent-aosp: [<private>:<private>] <private>
09-28 17:52:52.883 14198 14198 I C00f00/MotionEvent-aosp: [<private>:<private>] <private>
09-28 17:52:52.883 14198 14242 I C00f00/OH_InputBridge: [<private>:<private>] <private>
09-28 17:52:52.886 14198 14423 I C00f00/OH_DER_VSync: onOhVsync ENTRY ts=<private> data=<private>
09-28 17:52:52.886   822   822 E C02515/DISP: [0;32;31m[GetMetadata:109] <private> is not supported[m
09-28 17:52:52.886   822   822 E C02515/DISP: [0;32;31m[GetMetadata:109] <private> is not supported[m
09-28 17:52:52.886 14198 14422 I C00f00/OH_DER_VSync: scheduleVsync ENTRY receiverPtr=0x<private>
09-28 17:52:52.886   822   822 E C02515/DISP: [0;32;31m[GetMetadata:109] <private> is not supported[m
09-28 17:52:52.886 14198 14422 I C00f00/OH_DER_VSync: scheduleVsync calling RequestFrame ohVsync=<private>
09-28 17:52:52.886 14198 14422 I C00f00/OH_DER_VSync: scheduleVsync RequestFrame rc=<private>
09-28 17:52:52.886   822   822 E C01406/skia: RSBaseRenderUtil::DealWithSurfaceRotationAndGravity, GetSurfaceBufferOpaque:0
09-28 17:52:52.887   822   822 E C02515/DISP: [0;32;31m[GetMetadata:109] <private> is not supported[m
09-28 17:52:52.887   822   822 E C01406/skia: RSBaseRenderUtil::DealWithSurfaceRotationAndGravity, GetSurfaceBufferOpaque:0
09-28 17:52:52.887   822   822 E C02515/DISP: [0;32;31m[GetMetadata:109] <private> is not supported[m
09-28 17:52:52.888   822  1089 E C02515/DISP: [0;32;31m[SetMetadata:102] <private> is not supported[m
09-28 17:52:52.888   822  1089 E C02515/METADATA_SRV: [0;32;31m[SetMetadata:136]  fail[m
09-28 17:52:52.888   822  1089 E C01401/Bufferqueue: <surface_buffer_impl.cpp:714-SetMetadata>: SetMetadata Failed with -5
09-28 17:52:52.888   822  1089 E C01406/skia: SurfaceNodeDrawable DrawCommSurfaceWatermark Name:SCBWallpaper5 Id:8516920147979 water mark count is zero
09-28 17:52:52.890   822  1089 E C01406/skia: SurfaceNodeDrawable DrawCommSurfaceWatermark Name:SCBDesktop6 Id:8516920147988 water mark count is zero
09-28 17:52:52.891   822  1089 E C01406/skia: RSBaseRenderUtil::DealWithSurfaceRotationAndGravity, GetSurfaceBufferOpaque:0
09-28 17:52:52.891   822  1089 I C01406/WRAP: AHardwareBuffer_createFromHandle index = <private> handle = <private>, ahb = <private>
09-28 17:52:52.891   822  1089 E C01406/skia: SurfaceNodeDrawable DrawCommSurfaceWatermark Name:AdapterActivityContent Id:60979945668611 water mark count is zero
09-28 17:52:52.891   822  1089 E C01406/skia: RSBaseRenderUtil::DealWithSurfaceRotationAndGravity, GetSurfaceBufferOpaque:0
09-28 17:52:52.892   822  1089 I C01406/WRAP: AHardwareBuffer_createFromHandle index = <private> handle = <private>, ahb = <private>
09-28 17:52:52.892   822  1089 E C01406/skia: SurfaceNodeDrawable DrawCommSurfaceWatermark Name:AdapterSurfaceView Id:60979945668612 water mark count is zero
09-28 17:52:52.892   822  1089 E C01406/skia: SurfaceNodeDrawable DrawCommSurfaceWatermark Name:com.a2hlab.bridge.zigzag/com.unity3d.player.UnityPlayerActivity Id:60979945668609 water mark count is zero
09-28 17:52:52.892   822  1089 E C01406/skia: SurfaceNodeDrawable DrawCommSurfaceWatermark Name:WindowScene_zigzag35 Id:8516920148845 water mark count is zero
09-28 17:52:52.893   822  1089 E C01406/skia: SurfaceNodeDrawable DrawCommSurfaceWatermark Name:SCBGestureNavBar13 Id:8516920148115 water mark count is zero
09-28 17:52:52.893   822  1089 E C01406/skia: SurfaceNodeDrawable DrawCommSurfaceWatermark Name:SCBStatusBar15 Id:8516920148195 water mark count is zero
09-28 17:52:52.897   822  1089 E C02515/DISP: [0;32;31m[GetMetadata:109] <private> is not supported[m
09-28 17:52:52.897   822  1089 E C02515/DISP: [0;32;31m[SetMetadata:102] <private> is not supported[m
09-28 17:52:52.897   822  1089 E C02515/METADATA_SRV: [0;32;31m[SetMetadata:136]  fail[m
09-28 17:52:52.897   822  1089 E C01401/Bufferqueue: <surface_buffer_impl.cpp:714-SetMetadata>: SetMetadata Failed with -5
09-28 17:52:52.897   822  1089 E C01406/skia: RSUniRenderComposerAdapter::SetBufferColorSpace set color space fail
09-28 17:52:52.902 14198 14423 I C00f00/OH_DER_VSync: onOhVsync ENTRY ts=<private> data=<private>
09-28 17:52:52.903 14198 14422 I C00f00/OH_DER_VSync: scheduleVsync ENTRY receiverPtr=0x<private>
09-28 17:52:52.903 14198 14422 I C00f00/OH_DER_VSync: scheduleVsync calling RequestFrame ohVsync=<private>
09-28 17:52:52.903 14198 14235 I C00f00/MotionEvent-aosp: [<private>:<private>] <private>
09-28 17:52:52.903 14198 14235 I C00f00/MotionEvent-aosp: [<private>:<private>] <private>
09-28 17:52:52.903 14198 14235 I C00f00/MotionEvent-aosp: [<private>:<private>] <private>
09-28 17:52:52.903 14198 14235 I C00f00/MotionEvent-aosp: [<private>:<private>] <private>
09-28 17:52:52.903 14198 14235 I C00f00/MotionEvent-aosp: [<private>:<private>] <private>
09-28 17:52:52.903 14198 14235 I C00f00/MotionEvent-aosp: [<private>:<private>] <private>
09-28 17:52:52.903 14198 14235 I C00f00/MotionEvent-aosp: [<private>:<private>] <private>
09-28 17:52:52.903 14198 14422 I C00f00/OH_DER_VSync: scheduleVsync RequestFrame rc=<private>
09-28 17:52:52.905   822  1208 E C02515/DISP: [0;32;31m[SetMetadata:102] <private> is not supported[m
09-28 17:52:52.905   822  1208 E C02515/METADATA_SRV: [0;32;31m[SetMetadata:136]  fail[m
09-28 17:52:52.905   822  1208 E C01401/Bufferqueue: <surface_buffer_impl.cpp:714-SetMetadata>: SetMetadata Failed with -5
09-28 17:52:52.905   798  1062 E C02515/DISP: [0;32;31m[SetLayerMaskInfo@display_composer_vdi_impl.cpp:404] <private> is not supported[m
09-28 17:52:52.906   822  1240 E C02515/DISP: [0;32;31m[SetMetadata:102] <private> is not supported[m
09-28 17:52:52.906   822  1240 E C02515/METADATA_SRV: [0;32;31m[SetMetadata:136]  fail[m
09-28 17:52:52.906   822  1240 E C01401/Bufferqueue: <surface_buffer_impl.cpp:714-SetMetadata>: SetMetadata Failed with -5
09-28 17:52:52.906   798  1062 E C02515/DISP: [0;32;31m[SetDisplayClientDamage@display_composer_vdi_impl.cpp:179] <private> is not supported[m
09-28 17:52:52.911   850   982 I C02d13/HDC_LOG: [daemon.cpp:1142] FetchCommand channelId:1676689456 command:1001
09-28 17:52:52.911   850   982 I C02d13/HDC_LOG: [session.cpp:1652] New HTaskInfo cid:1676689456 sid:246******508(L:10) command:1001
09-28 17:52:52.911   850   982 I C02d13/HDC_LOG: [session.cpp:891] AdminTask add task type:0 cid:1676689456 sid:246******508(L:10) mapsize:2
09-28 17:52:52.911   850   982 I C02d13/HDC_LOG: [task.cpp:34] HdcTaskBase type:0 cid:1676689456 sid:246******508(L:10)
09-28 17:52:52.911   850   982 I C02d13/HDC_LOG: [daemon_unity.cpp:414] Unity CommandDispatch command:1001 cid:1676689456 sid:246******508(L:10)
09-28 17:52:52.911   850   982 W C02d13/HDC_LOG: [async_cmd.cpp:114] GetDevItem false key:persist.hdc.root
09-28 17:52:52.912   850 14923 I C02d13/HDC_LOG: [async_cmd.cpp:225] Popen pipe fds[pipeRead]:32 fds[pipeWrite]:36, mode 0
09-28 17:52:52.915   850   982 I C02d13/HDC_LOG: [async_cmd.cpp:291] ExecuteCommand cmd:param get const.product.os.dist.apiname fd:32 pid:14924
09-28 17:52:52.915   850   982 I C02d13/HDC_LOG: [daemon_unity.cpp:486] Unity CommandDispatch command:1001 finish cid:1676689456 sid:246******508(L:10)
09-28 17:52:52.917 14924 14924 W C02d13/HDC_LOG: [async_cmd.cpp:140] SetSelinuxLabel con:u:r:su:s0 isRoot:0
09-28 17:52:52.919   822   822 E C02515/DISP: [0;32;31m[GetMetadata:109] <private> is not supported[m
09-28 17:52:52.919   822   822 E C02515/DISP: [0;32;31m[GetMetadata:109] <private> is not supported[m
09-28 17:52:52.919   822   822 E C02515/DISP: [0;32;31m[GetMetadata:109] <private> is not supported[m
09-28 17:52:52.920   822   822 E C01406/skia: RSBaseRenderUtil::DealWithSurfaceRotationAndGravity, GetSurfaceBufferOpaque:0
09-28 17:52:52.920   822   822 E C02515/DISP: [0;32;31m[GetMetadata:109] <private> is not supported[m
09-28 17:52:52.920   822   822 E C01406/skia: RSBaseRenderUtil::DealWithSurfaceRotationAndGravity, GetSurfaceBufferOpaque:0
09-28 17:52:52.920   822   822 E C02515/DISP: [0;32;31m[GetMetadata:109] <private> is not supported[m
09-28 17:52:52.921 14198 14423 I C00f00/OH_DER_VSync: onOhVsync ENTRY ts=<private> data=<private>
09-28 17:52:52.921 14198 14422 I C00f00/OH_DER_VSync: scheduleVsync ENTRY receiverPtr=0x<private>
09-28 17:52:52.921 14198 14422 I C00f00/OH_DER_VSync: scheduleVsync calling RequestFrame ohVsync=<private>
09-28 17:52:52.921   822  1089 E C02515/DISP: [0;32;31m[SetMetadata:102] <private> is not supported[m
09-28 17:52:52.921   822  1089 E C02515/METADATA_SRV: [0;32;31m[SetMetadata:136]  fail[m
09-28 17:52:52.921   822  1089 E C01401/Bufferqueue: <surface_buffer_impl.cpp:714-SetMetadata>: SetMetadata Failed with -5
09-28 17:52:52.921 14198 14422 I C00f00/OH_DER_VSync: scheduleVsync RequestFrame rc=<private>
09-28 17:52:52.921   561   755 W C03f07/MUSL-LDSO: load libmmi_knuckle.z.so failed, namespace=ndk no inherits, errno=2
09-28 17:52:52.921   822  1089 E C01406/skia: SurfaceNodeDrawable DrawCommSurfaceWatermark Name:SCBWallpaper5 Id:8516920147979 water mark count is zero
09-28 17:52:52.921   561   755 W C03f07/MUSL-LDSO: load libmmi_knuckle.z.so failed, namespace=default, errno=2
09-28 17:52:52.921   561   755 W C03f07/MUSL-LDSO: dlopen_impl load library header failed for libmmi_knuckle.z.so
09-28 17:52:52.921   561   755 E C02800/NetPacket: [|231]libmmi_knuckle.z.so dlopen fail
09-28 17:52:52.921   561   755 E C02800/NetPacket: [|205]load knuckle shared library fail
09-28 17:52:52.921   561   755 E C02800/NetPacket: [|172]impl is null
09-28 17:52:52.922   561   755 I C02805/InputKeyFlow: [P:U:188|5801]PA:up,Pid:14198,TWI:36,FWI:35,EID:188, flags:0,DID:0AWI:36,zOrder:102.000000
09-28 17:52:52.922   561   755 I C02805/InputKeyFlow: [P:U:188|377]PI:0, IP:0, P:0.00, MF:-1, WI:36, OPI:0, SI:false, T:0
09-28 17:52:52.922   561   755 I C02801/MultiModalInputPluginManager: [P:U:188|163]plugins_ not stage:16.
09-28 17:52:52.922   561   755 I C02803/InputWindowsManager: [P:U:188|423]get deviceId failed:2
09-28 17:52:52.922   561   755 I C02803/InputWindowsManager: [P:U:188|593]get deviceId failed:2
09-28 17:52:52.922   561   755 I C02803/InputWindowsManager: [P:U:188|391]get deviceId failed:2
09-28 17:52:52.922   561   755 I C02805/InputKeyFlow: [P:U:188|497]SendMsg:14198
09-28 17:52:52.922 14198 14237 I C02805/InputKeyFlow: [P:U:188|648]recv
09-28 17:52:52.922 14198 14237 I C00f00/OH_InputBridge: [<private>:<private>] <private>
09-28 17:52:52.923 14198 14243 E C00f00/OH_IER: DIAG worker recv got=<private> type=<private> seq=<private>
09-28 17:52:52.923 14198 14243 I C00f00/OH_IER: dispatchInputEvent seq=<private> action=<private> x=<private> y=<private> downMs=<private> evtMs=<private> src=TOUCHSCREEN (posting to main looper)
09-28 17:52:52.923 14198 14198 I C00f00/MotionEvent-aosp: [<private>:<private>] <private>
09-28 17:52:52.923 14198 14198 I C00f00/MotionEvent-aosp: [<private>:<private>] <private>
09-28 17:52:52.923 14198 14198 I C00f00/MotionEvent-aosp: [<private>:<private>] <private>
09-28 17:52:52.923 14198 14198 I C00f00/MotionEvent-aosp: [<private>:<private>] <private>
09-28 17:52:52.923 14198 14198 I C00f00/MotionEvent-aosp: [<private>:<private>] <private>
09-28 17:52:52.923 14198 14198 I C00f00/MotionEvent-aosp: [<private>:<private>] <private>
09-28 17:52:52.923 14198 14198 I C00f00/MotionEvent-aosp: [<private>:<private>] <private>
09-28 17:52:52.923 14198 14198 I C00f00/MotionEvent-aosp: [<private>:<private>] <private>
09-28 17:52:52.923 14198 14198 I C00f00/MotionEvent-aosp: [<private>:<private>] <private>
09-28 17:52:52.923 14198 14198 I C00f00/MotionEvent-aosp: [<private>:<private>] <private>
09-28 17:52:52.923 14198 14198 I C00f00/MotionEvent-aosp: [<private>:<private>] <private>
09-28 17:52:52.923 14198 14198 I C00f00/MotionEvent-aosp: [<private>:<private>] <private>
09-28 17:52:52.923 14198 14198 I C00f00/MotionEvent-aosp: [<private>:<private>] <private>
09-28 17:52:52.923 14198 14198 I C00f00/MotionEvent-aosp: [<private>:<private>] <private>
09-28 17:52:52.923 14198 14198 I C00f00/MotionEvent-aosp: [<private>:<private>] <private>
09-28 17:52:52.923 14198 14198 I C00f00/MotionEvent-aosp: [<private>:<private>] <private>
09-28 17:52:52.923 14198 14198 I C00f00/MotionEvent-aosp: [<private>:<private>] <private>
09-28 17:52:52.923 14198 14198 I C00f00/MotionEvent-aosp: [<private>:<private>] <private>
09-28 17:52:52.923 14198 14198 I C00f00/MotionEvent-aosp: [<private>:<private>] <private>
09-28 17:52:52.923 14198 14198 I C00f00/MotionEvent-aosp: [<private>:<private>] <private>
09-28 17:52:52.923 14198 14198 I C00f00/MotionEvent-aosp: [<private>:<private>] <private>
09-28 17:52:52.923 14198 14198 I C00f00/MotionEvent-aosp: [<private>:<private>] <private>
09-28 17:52:52.923 14198 14198 I C00f00/MotionEvent-aosp: [<private>:<private>] <private>
09-28 17:52:52.923 14198 14198 I C00f00/MotionEvent-aosp: [<private>:<private>] <private>
09-28 17:52:52.923 14198 14198 I C00f00/MotionEvent-aosp: [<private>:<private>] <private>
09-28 17:52:52.923 14198 14242 I C00f00/OH_InputBridge: [<private>:<private>] <private>
09-28 17:52:52.924   822  1089 E C01406/skia: SurfaceNodeDrawable DrawCommSurfaceWatermark Name:SCBDesktop6 Id:8516920147988 water mark count is zero
09-28 17:52:52.924   822  1089 E C01406/skia: RSBaseRenderUtil::DealWithSurfaceRotationAndGravity, GetSurfaceBufferOpaque:0
09-28 17:52:52.925   822  1089 I C01406/WRAP: AHardwareBuffer_createFromHandle index = <private> handle = <private>, ahb = <private>
09-28 17:52:52.925   822  1089 E C01406/skia: SurfaceNodeDrawable DrawCommSurfaceWatermark Name:AdapterActivityContent Id:60979945668611 water mark count is zero
09-28 17:52:52.925   822  1089 E C01406/skia: RSBaseRenderUtil::DealWithSurfaceRotationAndGravity, GetSurfaceBufferOpaque:0
09-28 17:52:52.925   822  1089 I C01406/WRAP: AHardwareBuffer_createFromHandle index = <private> handle = <private>, ahb = <private>
09-28 17:52:52.926   822  1089 E C01406/skia: SurfaceNodeDrawable DrawCommSurfaceWatermark Name:AdapterSurfaceView Id:60979945668612 water mark count is zero
09-28 17:52:52.926   822  1089 E C01406/skia: SurfaceNodeDrawable DrawCommSurfaceWatermark Name:com.a2hlab.bridge.zigzag/com.unity3d.player.UnityPlayerActivity Id:60979945668609 water mark count is zero
09-28 17:52:52.926   822  1089 E C01406/skia: SurfaceNodeDrawable DrawCommSurfaceWatermark Name:WindowScene_zigzag35 Id:8516920148845 water mark count is zero
09-28 17:52:52.927   822  1089 E C01406/skia: SurfaceNodeDrawable DrawCommSurfaceWatermark Name:SCBGestureNavBar13 Id:8516920148115 water mark count is zero
09-28 17:52:52.927   822  1089 E C01406/skia: SurfaceNodeDrawable DrawCommSurfaceWatermark Name:SCBStatusBar15 Id:8516920148195 water mark count is zero
09-28 17:52:52.931   822  1089 E C02515/DISP: [0;32;31m[GetMetadata:109] <private> is not supported[m
09-28 17:52:52.931   822  1089 E C02515/DISP: [0;32;31m[SetMetadata:102] <private> is not supported[m
09-28 17:52:52.931   822  1089 E C02515/METADATA_SRV: [0;32;31m[SetMetadata:136]  fail[m
09-28 17:52:52.931   822  1089 E C01401/Bufferqueue: <surface_buffer_impl.cpp:714-SetMetadata>: SetMetadata Failed with -5
09-28 17:52:52.931   822  1089 E C01406/skia: RSUniRenderComposerAdapter::SetBufferColorSpace set color space fail
09-28 17:52:52.936 14198 14423 I C00f00/OH_DER_VSync: onOhVsync ENTRY ts=<private> data=<private>
09-28 17:52:52.936 14198 14422 I C00f00/OH_DER_VSync: scheduleVsync ENTRY receiverPtr=0x<private>
09-28 17:52:52.936 14198 14422 I C00f00/OH_DER_VSync: scheduleVsync calling RequestFrame ohVsync=<private>
09-28 17:52:52.936 14198 14422 I C00f00/OH_DER_VSync: scheduleVsync RequestFrame rc=<private>
09-28 17:52:52.936 14198 14235 I C00f00/MotionEvent-aosp: [<private>:<private>] <private>
09-28 17:52:52.936 14198 14235 I C00f00/MotionEvent-aosp: [<private>:<private>] <private>
09-28 17:52:52.936 14198 14235 I C00f00/MotionEvent-aosp: [<private>:<private>] <private>
09-28 17:52:52.936 14198 14235 I C00f00/MotionEvent-aosp: [<private>:<private>] <private>
09-28 17:52:52.936 14198 14235 I C00f00/MotionEvent-aosp: [<private>:<private>] <private>
09-28 17:52:52.936 14198 14235 I C00f00/MotionEvent-aosp: [<private>:<private>] <private>
09-28 17:52:52.936 14198 14235 I C00f00/MotionEvent-aosp: [<private>:<private>] <private>
09-28 17:52:52.938   822  1208 E C02515/DISP: [0;32;31m[SetMetadata:102] <private> is not supported[m
09-28 17:52:52.938   822  1208 E C02515/METADATA_SRV: [0;32;31m[SetMetadata:136]  fail[m
09-28 17:52:52.938   822  1208 E C01401/Bufferqueue: <surface_buffer_impl.cpp:714-SetMetadata>: SetMetadata Failed with -5
09-28 17:52:52.939   798  1062 E C02515/DISP: [0;32;31m[SetLayerMaskInfo@display_composer_vdi_impl.cpp:404] <private> is not supported[m
09-28 17:52:52.939   822  1240 E C02515/DISP: [0;32;31m[SetMetadata:102] <private> is not supported[m
09-28 17:52:52.939   822  1240 E C02515/METADATA_SRV: [0;32;31m[SetMetadata:136]  fail[m
09-28 17:52:52.939   822  1240 E C01401/Bufferqueue: <surface_buffer_impl.cpp:714-SetMetadata>: SetMetadata Failed with -5
09-28 17:52:52.940   798  1062 E C02515/DISP: [0;32;31m[SetDisplayClientDamage@display_composer_vdi_impl.cpp:179] <private> is not supported[m
09-28 17:52:52.951   850 14925 I C02d13/HDC_LOG: [async_cmd.cpp:88] FinishShellProc finish pipeRead fd:32 pid:14924 count:1
09-28 17:52:52.951   850 14925 I C02d13/HDC_LOG: [task.cpp:55] HdcTaskBase::TaskFinish notify begin type:0 cid:1676689456 sid:246******508(L:10)
09-28 17:52:52.951   850 14925 I C02d13/HDC_LOG: [task.cpp:58] HdcTaskBase::TaskFinish notify end type:0 cid:1676689456 sid:246******508(L:10)
09-28 17:52:52.952 14198 14423 I C00f00/OH_DER_VSync: onOhVsync ENTRY ts=<private> data=<private>
09-28 17:52:52.953   822   822 E C02515/DISP: [0;32;31m[GetMetadata:109] <private> is not supported[m
09-28 17:52:52.953   822   822 E C02515/DISP: [0;32;31m[GetMetadata:109] <private> is not supported[m
09-28 17:52:52.953   822   822 E C02515/DISP: [0;32;31m[GetMetadata:109] <private> is not supported[m
09-28 17:52:52.953 14198 14422 I C00f00/OH_DER_VSync: scheduleVsync ENTRY receiverPtr=0x<private>
09-28 17:52:52.953 14198 14422 I C00f00/OH_DER_VSync: scheduleVsync calling RequestFrame ohVsync=<private>
09-28 17:52:52.953 14198 14422 I C00f00/OH_DER_VSync: scheduleVsync RequestFrame rc=<private>
09-28 17:52:52.954   822   822 E C01406/skia: RSBaseRenderUtil::DealWithSurfaceRotationAndGravity, GetSurfaceBufferOpaque:0
09-28 17:52:52.954   822   822 E C02515/DISP: [0;32;31m[GetMetadata:109] <private> is not supported[m
09-28 17:52:52.954   822   822 E C01406/skia: RSBaseRenderUtil::DealWithSurfaceRotationAndGravity, GetSurfaceBufferOpaque:0
09-28 17:52:52.954   822   822 E C02515/DISP: [0;32;31m[GetMetadata:109] <private> is not supported[m
09-28 17:52:52.954   850   982 I C02d13/HDC_LOG: [daemon.cpp:1142] FetchCommand channelId:1676689456 command:2
09-28 17:52:52.954   850   982 W C02d13/HDC_LOG: [session.cpp:160] BeginRemoveTask taskType:0 channelId:1676689456
09-28 17:52:52.954   850   982 W C02d13/HDC_LOG: [session.cpp:190] ClearOwnTasks OP_CLEAR finish, sessionId:246******508(L:10) channelIDInput:1676689456
09-28 17:52:52.954   850   982 W C02d13/HDC_LOG: [session.cpp:115] taskClassDeleteRetry start clear task, taskType:0 cid:1676689456 sid:246******508(L:10)
09-28 17:52:52.954   850   982 I C02d13/HDC_LOG: [async_cmd.cpp:69] DoRelease rc:-3 pid:14924
09-28 17:52:52.954   850   982 I C02d13/HDC_LOG: [session.cpp:126] TaskDelay task remove retry count 0/30, taskType:0 channelId:1676689456, sessionId:246******508(L:10)
09-28 17:52:52.954   850   982 I C02d13/HDC_LOG: [daemon_unity.cpp:31] ~HdcDaemonUnity cid:1676689456 sid:246******508(L:10)
09-28 17:52:52.954   850   982 I C02d13/HDC_LOG: [task.cpp:40] ~HdcTaskBase type:0 cid:1676689456 sid:246******508(L:10)
09-28 17:52:52.954   850   982 W C02d13/HDC_LOG: [session.cpp:134] TaskDelay task remove finish, channelId:1676689456
09-28 17:52:52.954   850   982 I C02d13/HDC_LOG: [base.cpp:969] before uv handle close, the uv handle type is 13
09-28 17:52:52.955   822  1089 E C02515/DISP: [0;32;31m[SetMetadata:102] <private> is not supported[m
09-28 17:52:52.955   822  1089 E C02515/METADATA_SRV: [0;32;31m[SetMetadata:136]  fail[m
09-28 17:52:52.955   822  1089 E C01401/Bufferqueue: <surface_buffer_impl.cpp:714-SetMetadata>: SetMetadata Failed with -5
09-28 17:52:52.956   822  1089 E C01406/skia: SurfaceNodeDrawable DrawCommSurfaceWatermark Name:SCBWallpaper5 Id:8516920147979 water mark count is zero
09-28 17:52:52.959   850   982 I C02d13/HDC_LOG: [daemon.cpp:1142] FetchCommand channelId:1676689456 command:2
09-28 17:52:52.959   822  1089 E C01406/skia: SurfaceNodeDrawable DrawCommSurfaceWatermark Name:SCBDesktop6 Id:8516920147988 water mark count is zero
09-28 17:52:52.959   822  1089 E C01406/skia: RSBaseRenderUtil::DealWithSurfaceRotationAndGravity, GetSurfaceBufferOpaque:0
09-28 17:52:52.960   822  1089 I C01406/WRAP: AHardwareBuffer_createFromHandle index = <private> handle = <private>, ahb = <private>
09-28 17:52:52.960   822  1089 E C01406/skia: SurfaceNodeDrawable DrawCommSurfaceWatermark Name:AdapterActivityContent Id:60979945668611 water mark count is zero
09-28 17:52:52.960   822  1089 E C01406/skia: RSBaseRenderUtil::DealWithSurfaceRotationAndGravity, GetSurfaceBufferOpaque:0
09-28 17:52:52.961   822  1089 I C01406/WRAP: AHardwareBuffer_createFromHandle index = <private> handle = <private>, ahb = <private>
09-28 17:52:52.961   822  1089 E C01406/skia: SurfaceNodeDrawable DrawCommSurfaceWatermark Name:AdapterSurfaceView Id:60979945668612 water mark count is zero
09-28 17:52:52.961   822  1089 E C01406/skia: SurfaceNodeDrawable DrawCommSurfaceWatermark Name:com.a2hlab.bridge.zigzag/com.unity3d.player.UnityPlayerActivity Id:60979945668609 water mark count is zero
09-28 17:52:52.961   822  1089 E C01406/skia: SurfaceNodeDrawable DrawCommSurfaceWatermark Name:WindowScene_zigzag35 Id:8516920148845 water mark count is zero
09-28 17:52:52.962   822  1089 E C01406/skia: SurfaceNodeDrawable DrawCommSurfaceWatermark Name:SCBGestureNavBar13 Id:8516920148115 water mark count is zero
09-28 17:52:52.962   822  1089 E C01406/skia: SurfaceNodeDrawable DrawCommSurfaceWatermark Name:SCBStatusBar15 Id:8516920148195 water mark count is zero
09-28 17:52:52.966   822  1089 E C02515/DISP: [0;32;31m[GetMetadata:109] <private> is not supported[m
09-28 17:52:52.966   822  1089 E C02515/DISP: [0;32;31m[SetMetadata:102] <private> is not supported[m
09-28 17:52:52.966   822  1089 E C02515/METADATA_SRV: [0;32;31m[SetMetadata:136]  fail[m
09-28 17:52:52.966   822  1089 E C01401/Bufferqueue: <surface_buffer_impl.cpp:714-SetMetadata>: SetMetadata Failed with -5
09-28 17:52:52.966   822  1089 E C01406/skia: RSUniRenderComposerAdapter::SetBufferColorSpace set color space fail
09-28 17:52:52.969 14198 14423 I C00f00/OH_DER_VSync: onOhVsync ENTRY ts=<private> data=<private>
09-28 17:52:52.970 14198 14422 I C00f00/OH_DER_VSync: scheduleVsync ENTRY receiverPtr=0x<private>
09-28 17:52:52.970 14198 14422 I C00f00/OH_DER_VSync: scheduleVsync calling RequestFrame ohVsync=<private>
09-28 17:52:52.970 14198 14422 I C00f00/OH_DER_VSync: scheduleVsync RequestFrame rc=<private>
09-28 17:52:52.972   798  1062 E C02515/DISP: [0;32;31m[SetLayerMaskInfo@display_composer_vdi_impl.cpp:404] <private> is not supported[m
09-28 17:52:52.972   822  1240 E C02515/DISP: [0;32;31m[SetMetadata:102] <private> is not supported[m
09-28 17:52:52.972   822  1240 E C02515/METADATA_SRV: [0;32;31m[SetMetadata:136]  fail[m
09-28 17:52:52.972   822  1240 E C01401/Bufferqueue: <surface_buffer_impl.cpp:714-SetMetadata>: SetMetadata Failed with -5
09-28 17:52:52.972   822  1208 E C02515/DISP: [0;32;31m[SetMetadata:102] <private> is not supported[m
09-28 17:52:52.972   822  1208 E C02515/METADATA_SRV: [0;32;31m[SetMetadata:136]  fail[m
09-28 17:52:52.972   822  1208 E C01401/Bufferqueue: <surface_buffer_impl.cpp:714-SetMetadata>: SetMetadata Failed with -5
09-28 17:52:52.973   798  1062 E C02515/DISP: [0;32;31m[SetDisplayClientDamage@display_composer_vdi_impl.cpp:179] <private> is not supported[m
09-28 17:52:52.986 14198 14423 I C00f00/OH_DER_VSync: onOhVsync ENTRY ts=<private> data=<private>
09-28 17:52:52.986   822   822 E C02515/DISP: [0;32;31m[GetMetadata:109] <private> is not supported[m
09-28 17:52:52.986 14198 14422 I C00f00/OH_DER_VSync: scheduleVsync ENTRY receiverPtr=0x<private>
09-28 17:52:52.986 14198 14422 I C00f00/OH_DER_VSync: scheduleVsync calling RequestFrame ohVsync=<private>
09-28 17:52:52.986 14198 14422 I C00f00/OH_DER_VSync: scheduleVsync RequestFrame rc=<private>
09-28 17:52:52.986   822   822 E C02515/DISP: [0;32;31m[GetMetadata:109] <private> is not supported[m
09-28 17:52:52.986   822   822 E C02515/DISP: [0;32;31m[GetMetadata:109] <private> is not supported[m
09-28 17:52:52.987   822   822 E C01406/skia: RSBaseRenderUtil::DealWithSurfaceRotationAndGravity, GetSurfaceBufferOpaque:0
09-28 17:52:52.987   822   822 E C02515/DISP: [0;32;31m[GetMetadata:109] <private> is not supported[m
09-28 17:52:52.987   822   822 E C01406/skia: RSBaseRenderUtil::DealWithSurfaceRotationAndGravity, GetSurfaceBufferOpaque:0
09-28 17:52:52.988   822   822 E C02515/DISP: [0;32;31m[GetMetadata:109] <private> is not supported[m
09-28 17:52:52.989   822  1089 E C02515/DISP: [0;32;31m[SetMetadata:102] <private> is not supported[m
09-28 17:52:52.989   822  1089 E C02515/METADATA_SRV: [0;32;31m[SetMetadata:136]  fail[m
09-28 17:52:52.989   822  1089 E C01401/Bufferqueue: <surface_buffer_impl.cpp:714-SetMetadata>: SetMetadata Failed with -5
09-28 17:52:52.990   822  1089 E C01406/skia: SurfaceNodeDrawable DrawCommSurfaceWatermark Name:SCBWallpaper5 Id:8516920147979 water mark count is zero
09-28 17:52:52.991   822  1089 E C01406/skia: SurfaceNodeDrawable DrawCommSurfaceWatermark Name:SCBDesktop6 Id:8516920147988 water mark count is zero
09-28 17:52:52.991   822  1089 E C01406/skia: RSBaseRenderUtil::DealWithSurfaceRotationAndGravity, GetSurfaceBufferOpaque:0
09-28 17:52:52.991   822  1089 I C01406/WRAP: AHardwareBuffer_createFromHandle index = <private> handle = <private>, ahb = <private>
09-28 17:52:52.991   822  1089 E C01406/skia: SurfaceNodeDrawable DrawCommSurfaceWatermark Name:AdapterActivityContent Id:60979945668611 water mark count is zero
09-28 17:52:52.991   822  1089 E C01406/skia: RSBaseRenderUtil::DealWithSurfaceRotationAndGravity, GetSurfaceBufferOpaque:0
09-28 17:52:52.992   822  1089 I C01406/WRAP: AHardwareBuffer_createFromHandle index = <private> handle = <private>, ahb = <private>
09-28 17:52:52.992   822  1089 E C01406/skia: SurfaceNodeDrawable DrawCommSurfaceWatermark Name:AdapterSurfaceView Id:60979945668612 water mark count is zero
09-28 17:52:52.992   822  1089 E C01406/skia: SurfaceNodeDrawable DrawCommSurfaceWatermark Name:com.a2hlab.bridge.zigzag/com.unity3d.player.UnityPlayerActivity Id:60979945668609 water mark count is zero
09-28 17:52:52.992   822  1089 E C01406/skia: SurfaceNodeDrawable DrawCommSurfaceWatermark Name:WindowScene_zigzag35 Id:8516920148845 water mark count is zero
09-28 17:52:52.992   822  1089 E C01406/skia: SurfaceNodeDrawable DrawCommSurfaceWatermark Name:SCBGestureNavBar13 Id:8516920148115 water mark count is zero
09-28 17:52:52.992   822  1089 E C01406/skia: SurfaceNodeDrawable DrawCommSurfaceWatermark Name:SCBStatusBar15 Id:8516920148195 water mark count is zero
09-28 17:52:52.995   822  1089 E C02515/DISP: [0;32;31m[GetMetadata:109] <private> is not supported[m
09-28 17:52:52.995   822  1089 E C02515/DISP: [0;32;31m[SetMetadata:102] <private> is not supported[m
09-28 17:52:52.995   822  1089 E C02515/METADATA_SRV: [0;32;31m[SetMetadata:136]  fail[m
09-28 17:52:52.995   822  1089 E C01401/Bufferqueue: <surface_buffer_impl.cpp:714-SetMetadata>: SetMetadata Failed with -5
09-28 17:52:52.995   822  1089 E C01406/skia: RSUniRenderComposerAdapter::SetBufferColorSpace set color space fail
09-28 17:52:53.002 14198 14423 I C00f00/OH_DER_VSync: onOhVsync ENTRY ts=<private> data=<private>
09-28 17:52:53.003 14198 14422 I C00f00/OH_DER_VSync: scheduleVsync ENTRY receiverPtr=0x<private>
09-28 17:52:53.003 14198 14422 I C00f00/OH_DER_VSync: scheduleVsync calling RequestFrame ohVsync=<private>
09-28 17:52:53.003 14198 14422 I C00f00/OH_DER_VSync: scheduleVsync RequestFrame rc=<private>
09-28 17:52:53.004   822  1208 E C02515/DISP: [0;32;31m[SetMetadata:102] <private> is not supported[m
09-28 17:52:53.004   822  1208 E C02515/METADATA_SRV: [0;32;31m[SetMetadata:136]  fail[m
09-28 17:52:53.004   822  1208 E C01401/Bufferqueue: <surface_buffer_impl.cpp:714-SetMetadata>: SetMetadata Failed with -5
09-28 17:52:53.006   798  1062 E C02515/DISP: [0;32;31m[SetLayerMaskInfo@display_composer_vdi_impl.cpp:404] <private> is not supported[m
09-28 17:52:53.006   822  1240 E C02515/DISP: [0;32;31m[SetMetadata:102] <private> is not supported[m
09-28 17:52:53.006   822  1240 E C02515/METADATA_SRV: [0;32;31m[SetMetadata:136]  fail[m
09-28 17:52:53.006   822  1240 E C01401/Bufferqueue: <surface_buffer_impl.cpp:714-SetMetadata>: SetMetadata Failed with -5
09-28 17:52:53.007   798  1062 E C02515/DISP: [0;32;31m[SetDisplayClientDamage@display_composer_vdi_impl.cpp:179] <private> is not supported[m
09-28 17:52:53.019 14198 14423 I C00f00/OH_DER_VSync: onOhVsync ENTRY ts=<private> data=<private>
09-28 17:52:53.019   822   822 E C02515/DISP: [0;32;31m[GetMetadata:109] <private> is not supported[m
09-28 17:52:53.019   822   822 E C02515/DISP: [0;32;31m[GetMetadata:109] <private> is not supported[m
09-28 17:52:53.019   822   822 E C02515/DISP: [0;32;31m[GetMetadata:109] <private> is not supported[m
09-28 17:52:53.019 14198 14422 I C00f00/OH_DER_VSync: scheduleVsync ENTRY receiverPtr=0x<private>
09-28 17:52:53.020 14198 14422 I C00f00/OH_DER_VSync: scheduleVsync calling RequestFrame ohVsync=<private>
09-28 17:52:53.020 14198 14422 I C00f00/OH_DER_VSync: scheduleVsync RequestFrame rc=<private>
09-28 17:52:53.020   822   822 E C01406/skia: RSBaseRenderUtil::DealWithSurfaceRotationAndGravity, GetSurfaceBufferOpaque:0
09-28 17:52:53.020   822   822 E C02515/DISP: [0;32;31m[GetMetadata:109] <private> is not supported[m
09-28 17:52:53.020   822   822 E C01406/skia: RSBaseRenderUtil::DealWithSurfaceRotationAndGravity, GetSurfaceBufferOpaque:0
09-28 17:52:53.020   822   822 E C02515/DISP: [0;32;31m[GetMetadata:109] <private> is not supported[m
09-28 17:52:53.021   822  1089 E C02515/DISP: [0;32;31m[SetMetadata:102] <private> is not supported[m
09-28 17:52:53.021   822  1089 E C02515/METADATA_SRV: [0;32;31m[SetMetadata:136]  fail[m
09-28 17:52:53.021   822  1089 E C01401/Bufferqueue: <surface_buffer_impl.cpp:714-SetMetadata>: SetMetadata Failed with -5
09-28 17:52:53.021   822  1089 E C01406/skia: SurfaceNodeDrawable DrawCommSurfaceWatermark Name:SCBWallpaper5 Id:8516920147979 water mark count is zero
09-28 17:52:53.023   822  1089 E C01406/skia: SurfaceNodeDrawable DrawCommSurfaceWatermark Name:SCBDesktop6 Id:8516920147988 water mark count is zero
09-28 17:52:53.023   822  1089 E C01406/skia: RSBaseRenderUtil::DealWithSurfaceRotationAndGravity, GetSurfaceBufferOpaque:0
09-28 17:52:53.023   822  1089 I C01406/WRAP: AHardwareBuffer_createFromHandle index = <private> handle = <private>, ahb = <private>
09-28 17:52:53.023   822  1089 E C01406/skia: SurfaceNodeDrawable DrawCommSurfaceWatermark Name:AdapterActivityContent Id:60979945668611 water mark count is zero
09-28 17:52:53.023   822  1089 E C01406/skia: RSBaseRenderUtil::DealWithSurfaceRotationAndGravity, GetSurfaceBufferOpaque:0
09-28 17:52:53.024   822  1089 I C01406/WRAP: AHardwareBuffer_createFromHandle index = <private> handle = <private>, ahb = <private>
09-28 17:52:53.024   822  1089 E C01406/skia: SurfaceNodeDrawable DrawCommSurfaceWatermark Name:AdapterSurfaceView Id:60979945668612 water mark count is zero
09-28 17:52:53.024   822  1089 E C01406/skia: SurfaceNodeDrawable DrawCommSurfaceWatermark Name:com.a2hlab.bridge.zigzag/com.unity3d.player.UnityPlayerActivity Id:60979945668609 water mark count is zero
09-28 17:52:53.024   822  1089 E C01406/skia: SurfaceNodeDrawable DrawCommSurfaceWatermark Name:WindowScene_zigzag35 Id:8516920148845 water mark count is zero
09-28 17:52:53.024   822  1089 E C01406/skia: SurfaceNodeDrawable DrawCommSurfaceWatermark Name:SCBGestureNavBar13 Id:8516920148115 water mark count is zero
09-28 17:52:53.024   822  1089 E C01406/skia: SurfaceNodeDrawable DrawCommSurfaceWatermark Name:SCBStatusBar15 Id:8516920148195 water mark count is zero
09-28 17:52:53.026   822  1089 E C02515/DISP: [0;32;31m[GetMetadata:109] <private> is not supported[m
09-28 17:52:53.026   822  1089 E C02515/DISP: [0;32;31m[SetMetadata:102] <private> is not supported[m
09-28 17:52:53.026   822  1089 E C02515/METADATA_SRV: [0;32;31m[SetMetadata:136]  fail[m
09-28 17:52:53.026   822  1089 E C01401/Bufferqueue: <surface_buffer_impl.cpp:714-SetMetadata>: SetMetadata Failed with -5
09-28 17:52:53.026   822  1089 E C01406/skia: RSUniRenderComposerAdapter::SetBufferColorSpace set color space fail
09-28 17:52:53.035   850   982 I C02d13/HDC_LOG: [daemon.cpp:1142] FetchCommand channelId:79545278 command:1001
09-28 17:52:53.035   850   982 I C02d13/HDC_LOG: [session.cpp:1652] New HTaskInfo cid:79545278 sid:246******508(L:10) command:1001
09-28 17:52:53.035   850   982 I C02d13/HDC_LOG: [session.cpp:891] AdminTask add task type:0 cid:79545278 sid:246******508(L:10) mapsize:2
09-28 17:52:53.035   850   982 I C02d13/HDC_LOG: [task.cpp:34] HdcTaskBase type:0 cid:79545278 sid:246******508(L:10)
09-28 17:52:53.035   850   982 I C02d13/HDC_LOG: [daemon_unity.cpp:414] Unity CommandDispatch command:1001 cid:79545278 sid:246******508(L:10)
09-28 17:52:53.035   850   982 W C02d13/HDC_LOG: [async_cmd.cpp:114] GetDevItem false key:persist.hdc.root
09-28 17:52:53.036   850 14926 I C02d13/HDC_LOG: [async_cmd.cpp:225] Popen pipe fds[pipeRead]:32 fds[pipeWrite]:36, mode 0
09-28 17:52:53.036 14198 14423 I C00f00/OH_DER_VSync: onOhVsync ENTRY ts=<private> data=<private>
09-28 17:52:53.036 14198 14422 I C00f00/OH_DER_VSync: scheduleVsync ENTRY receiverPtr=0x<private>
09-28 17:52:53.036 14198 14422 I C00f00/OH_DER_VSync: scheduleVsync calling RequestFrame ohVsync=<private>
09-28 17:52:53.036 14198 14422 I C00f00/OH_DER_VSync: scheduleVsync RequestFrame rc=<private>
09-28 17:52:53.038   822  1208 E C02515/DISP: [0;32;31m[SetMetadata:102] <private> is not supported[m
09-28 17:52:53.038   822  1208 E C02515/METADATA_SRV: [0;32;31m[SetMetadata:136]  fail[m
09-28 17:52:53.038   822  1208 E C01401/Bufferqueue: <surface_buffer_impl.cpp:714-SetMetadata>: SetMetadata Failed with -5
09-28 17:52:53.039   798  1062 E C02515/DISP: [0;32;31m[SetLayerMaskInfo@display_composer_vdi_impl.cpp:404] <private> is not supported[m
09-28 17:52:53.039   822  1240 E C02515/DISP: [0;32;31m[SetMetadata:102] <private> is not supported[m
09-28 17:52:53.039   822  1240 E C02515/METADATA_SRV: [0;32;31m[SetMetadata:136]  fail[m
09-28 17:52:53.039   822  1240 E C01401/Bufferqueue: <surface_buffer_impl.cpp:714-SetMetadata>: SetMetadata Failed with -5
09-28 17:52:53.040   798  1062 E C02515/DISP: [0;32;31m[SetDisplayClientDamage@display_composer_vdi_impl.cpp:179] <private> is not supported[m
09-28 17:52:53.040   850   982 I C02d13/HDC_LOG: [async_cmd.cpp:291] ExecuteCommand cmd:param get const.product.os.dist.apiname fd:32 pid:14927
09-28 17:52:53.040   850   982 I C02d13/HDC_LOG: [daemon_unity.cpp:486] Unity CommandDispatch command:1001 finish cid:79545278 sid:246******508(L:10)
09-28 17:52:53.043 14927 14927 W C02d13/HDC_LOG: [async_cmd.cpp:140] SetSelinuxLabel con:u:r:su:s0 isRoot:0
09-28 17:52:53.053 14198 14423 I C00f00/OH_DER_VSync: onOhVsync ENTRY ts=<private> data=<private>
09-28 17:52:53.053 14198 14422 I C00f00/OH_DER_VSync: scheduleVsync ENTRY receiverPtr=0x<private>
09-28 17:52:53.053 14198 14422 I C00f00/OH_DER_VSync: scheduleVsync calling RequestFrame ohVsync=<private>
09-28 17:52:53.053   822   822 E C02515/DISP: [0;32;31m[GetMetadata:109] <private> is not supported[m
09-28 17:52:53.053 14198 14422 I C00f00/OH_DER_VSync: scheduleVsync RequestFrame rc=<private>
09-28 17:52:53.053   822   822 E C02515/DISP: [0;32;31m[GetMetadata:109] <private> is not supported[m
09-28 17:52:53.053   822   822 E C02515/DISP: [0;32;31m[GetMetadata:109] <private> is not supported[m
09-28 17:52:53.054   822   822 E C01406/skia: RSBaseRenderUtil::DealWithSurfaceRotationAndGravity, GetSurfaceBufferOpaque:0
09-28 17:52:53.054   822   822 E C02515/DISP: [0;32;31m[GetMetadata:109] <private> is not supported[m
09-28 17:52:53.054   822   822 E C01406/skia: RSBaseRenderUtil::DealWithSurfaceRotationAndGravity, GetSurfaceBufferOpaque:0
09-28 17:52:53.054   822   822 E C02515/DISP: [0;32;31m[GetMetadata:109] <private> is not supported[m
09-28 17:52:53.056   822  1089 E C02515/DISP: [0;32;31m[SetMetadata:102] <private> is not supported[m
09-28 17:52:53.056   822  1089 E C02515/METADATA_SRV: [0;32;31m[SetMetadata:136]  fail[m
09-28 17:52:53.056   822  1089 E C01401/Bufferqueue: <surface_buffer_impl.cpp:714-SetMetadata>: SetMetadata Failed with -5
09-28 17:52:53.057   822  1089 E C01406/skia: SurfaceNodeDrawable DrawCommSurfaceWatermark Name:SCBWallpaper5 Id:8516920147979 water mark count is zero
09-28 17:52:53.058   822  1089 E C01406/skia: SurfaceNodeDrawable DrawCommSurfaceWatermark Name:SCBDesktop6 Id:8516920147988 water mark count is zero
09-28 17:52:53.058   822  1089 E C01406/skia: RSBaseRenderUtil::DealWithSurfaceRotationAndGravity, GetSurfaceBufferOpaque:0
09-28 17:52:53.058   822  1089 I C01406/WRAP: AHardwareBuffer_createFromHandle index = <private> handle = <private>, ahb = <private>
09-28 17:52:53.058   822  1089 E C01406/skia: SurfaceNodeDrawable DrawCommSurfaceWatermark Name:AdapterActivityContent Id:60979945668611 water mark count is zero
09-28 17:52:53.058   822  1089 E C01406/skia: RSBaseRenderUtil::DealWithSurfaceRotationAndGravity, GetSurfaceBufferOpaque:0
09-28 17:52:53.059   822  1089 I C01406/WRAP: AHardwareBuffer_createFromHandle index = <private> handle = <private>, ahb = <private>
09-28 17:52:53.059   822  1089 E C01406/skia: SurfaceNodeDrawable DrawCommSurfaceWatermark Name:AdapterSurfaceView Id:60979945668612 water mark count is zero
09-28 17:52:53.059   822  1089 E C01406/skia: SurfaceNodeDrawable DrawCommSurfaceWatermark Name:com.a2hlab.bridge.zigzag/com.unity3d.player.UnityPlayerActivity Id:60979945668609 water mark count is zero
09-28 17:52:53.059   822  1089 E C01406/skia: SurfaceNodeDrawable DrawCommSurfaceWatermark Name:WindowScene_zigzag35 Id:8516920148845 water mark count is zero
09-28 17:52:53.059   822  1089 E C01406/skia: SurfaceNodeDrawable DrawCommSurfaceWatermark Name:SCBGestureNavBar13 Id:8516920148115 water mark count is zero
09-28 17:52:53.059   822  1089 E C01406/skia: SurfaceNodeDrawable DrawCommSurfaceWatermark Name:SCBStatusBar15 Id:8516920148195 water mark count is zero
09-28 17:52:53.060 13396 13396 E C02c11/APPSPAWN: [appspawn_kickdog.c:29]open /sys/kernel/hungtask/userlist fail,errno:2
09-28 17:52:53.061   822  1089 E C02515/DISP: [0;32;31m[GetMetadata:109] <private> is not supported[m
09-28 17:52:53.061   822  1089 E C02515/DISP: [0;32;31m[SetMetadata:102] <private> is not supported[m
09-28 17:52:53.061   822  1089 E C02515/METADATA_SRV: [0;32;31m[SetMetadata:136]  fail[m
09-28 17:52:53.061   822  1089 E C01401/Bufferqueue: <surface_buffer_impl.cpp:714-SetMetadata>: SetMetadata Failed with -5
09-28 17:52:53.061   822  1089 E C01406/skia: RSUniRenderComposerAdapter::SetBufferColorSpace set color space fail
09-28 17:52:53.069 14198 14423 I C00f00/OH_DER_VSync: onOhVsync ENTRY ts=<private> data=<private>
09-28 17:52:53.069 14198 14422 I C00f00/OH_DER_VSync: scheduleVsync ENTRY receiverPtr=0x<private>
09-28 17:52:53.069 14198 14422 I C00f00/OH_DER_VSync: scheduleVsync calling RequestFrame ohVsync=<private>
09-28 17:52:53.070 14198 14422 I C00f00/OH_DER_VSync: scheduleVsync RequestFrame rc=<private>
09-28 17:52:53.072   822  1208 E C02515/DISP: [0;32;31m[SetMetadata:102] <private> is not supported[m
09-28 17:52:53.072   822  1208 E C02515/METADATA_SRV: [0;32;31m[SetMetadata:136]  fail[m
09-28 17:52:53.072   822  1208 E C01401/Bufferqueue: <surface_buffer_impl.cpp:714-SetMetadata>: SetMetadata Failed with -5
09-28 17:52:53.072   562  1424 I C01f11/CHMG: <private> len:<private> AT< <private>
09-28 17:52:53.072   562  1424 I C01f11/CHMG: [<private>] INDM
09-28 17:52:53.072   562  1424 I C01f11/CHMG: tpye:<private>, num:<private>, sim_id:<private>
09-28 17:52:53.072   562  1424 I C01f11/CHMG: s_ind_pty[<private>]->used:<private>
09-28 17:52:53.072   562  1424 I C01f11/CHMG: get lock
09-28 17:52:53.072   562  1424 I C01f11/CHMG: PS_PTY:<private> length <private> write <:<private>
09-28 17:52:53.072   562  1424 I C01f11/CHMG: write done
09-28 17:52:53.072   562  1424 I C01f11/CHMG: free lock
09-28 17:52:53.072   785  1489 I C01f10/AT-CHANNEL: <private>: AT< <private>
09-28 17:52:53.072   785  1489 I C01f09/TELE-NETWORK: newLine = <private>
09-28 17:52:53.072   798  1062 E C02515/DISP: [0;32;31m[SetLayerMaskInfo@display_composer_vdi_impl.cpp:404] <private> is not supported[m
09-28 17:52:53.073   822  1240 E C02515/DISP: [0;32;31m[SetMetadata:102] <private> is not supported[m
09-28 17:52:53.073   822  1240 E C02515/METADATA_SRV: [0;32;31m[SetMetadata:136]  fail[m
09-28 17:52:53.073   822  1240 E C01401/Bufferqueue: <surface_buffer_impl.cpp:714-SetMetadata>: SetMetadata Failed with -5
09-28 17:52:53.073   850 14928 I C02d13/HDC_LOG: [async_cmd.cpp:88] FinishShellProc finish pipeRead fd:32 pid:14927 count:1
09-28 17:52:53.073   850 14928 I C02d13/HDC_LOG: [task.cpp:55] HdcTaskBase::TaskFinish notify begin type:0 cid:79545278 sid:246******508(L:10)
09-28 17:52:53.073   850 14928 I C02d13/HDC_LOG: [task.cpp:58] HdcTaskBase::TaskFinish notify end type:0 cid:79545278 sid:246******508(L:10)
09-28 17:52:53.073   798  1062 E C02515/DISP: [0;32;31m[SetDisplayClientDamage@display_composer_vdi_impl.cpp:179] <private> is not supported[m
09-28 17:52:53.075   850   982 I C02d13/HDC_LOG: [daemon.cpp:1142] FetchCommand channelId:79545278 command:2
09-28 17:52:53.075   850   982 W C02d13/HDC_LOG: [session.cpp:160] BeginRemoveTask taskType:0 channelId:79545278
09-28 17:52:53.075   850   982 W C02d13/HDC_LOG: [session.cpp:190] ClearOwnTasks OP_CLEAR finish, sessionId:246******508(L:10) channelIDInput:79545278
09-28 17:52:53.075   850   982 W C02d13/HDC_LOG: [session.cpp:115] taskClassDeleteRetry start clear task, taskType:0 cid:79545278 sid:246******508(L:10)
09-28 17:52:53.075   850   982 I C02d13/HDC_LOG: [async_cmd.cpp:69] DoRelease rc:-3 pid:14927
09-28 17:52:53.075   850   982 I C02d13/HDC_LOG: [session.cpp:126] TaskDelay task remove retry count 0/30, taskType:0 channelId:79545278, sessionId:246******508(L:10)
09-28 17:52:53.075   850   982 I C02d13/HDC_LOG: [daemon_unity.cpp:31] ~HdcDaemonUnity cid:79545278 sid:246******508(L:10)
09-28 17:52:53.075   850   982 I C02d13/HDC_LOG: [task.cpp:40] ~HdcTaskBase type:0 cid:79545278 sid:246******508(L:10)
09-28 17:52:53.075   850   982 W C02d13/HDC_LOG: [session.cpp:134] TaskDelay task remove finish, channelId:79545278
09-28 17:52:53.075   850   982 I C02d13/HDC_LOG: [base.cpp:969] before uv handle close, the uv handle type is 13
09-28 17:52:53.080   850   982 I C02d13/HDC_LOG: [daemon.cpp:1142] FetchCommand channelId:79545278 command:2
09-28 17:52:53.084   850   982 I C02d13/HDC_LOG: [daemon.cpp:1142] FetchCommand channelId:2034113796 command:1001
09-28 17:52:53.084   850   982 I C02d13/HDC_LOG: [session.cpp:1652] New HTaskInfo cid:2034113796 sid:246******508(L:10) command:1001
09-28 17:52:53.084   850   982 I C02d13/HDC_LOG: [session.cpp:891] AdminTask add task type:0 cid:2034113796 sid:246******508(L:10) mapsize:2
09-28 17:52:53.084   850   982 I C02d13/HDC_LOG: [task.cpp:34] HdcTaskBase type:0 cid:2034113796 sid:246******508(L:10)
09-28 17:52:53.084   850   982 I C02d13/HDC_LOG: [daemon_unity.cpp:414] Unity CommandDispatch command:1001 cid:2034113796 sid:246******508(L:10)
09-28 17:52:53.084   850   982 W C02d13/HDC_LOG: [async_cmd.cpp:114] GetDevItem false key:persist.hdc.root
09-28 17:52:53.085   850 14929 I C02d13/HDC_LOG: [async_cmd.cpp:225] Popen pipe fds[pipeRead]:32 fds[pipeWrite]:36, mode 0
09-28 17:52:53.086 14198 14423 I C00f00/OH_DER_VSync: onOhVsync ENTRY ts=<private> data=<private>
09-28 17:52:53.086   822   822 E C02515/DISP: [0;32;31m[GetMetadata:109] <private> is not supported[m
09-28 17:52:53.086   822   822 E C02515/DISP: [0;32;31m[GetMetadata:109] <private> is not supported[m
09-28 17:52:53.086   822   822 E C02515/DISP: [0;32;31m[GetMetadata:109] <private> is not supported[m
09-28 17:52:53.086 14198 14422 I C00f00/OH_DER_VSync: scheduleVsync ENTRY receiverPtr=0x<private>
09-28 17:52:53.086 14198 14422 I C00f00/OH_DER_VSync: scheduleVsync calling RequestFrame ohVsync=<private>
09-28 17:52:53.086 14198 14422 I C00f00/OH_DER_VSync: scheduleVsync RequestFrame rc=<private>
09-28 17:52:53.087   822   822 E C01406/skia: RSBaseRenderUtil::DealWithSurfaceRotationAndGravity, GetSurfaceBufferOpaque:0
09-28 17:52:53.087   822   822 E C02515/DISP: [0;32;31m[GetMetadata:109] <private> is not supported[m
09-28 17:52:53.087   822   822 E C01406/skia: RSBaseRenderUtil::DealWithSurfaceRotationAndGravity, GetSurfaceBufferOpaque:0
09-28 17:52:53.087   822   822 E C02515/DISP: [0;32;31m[GetMetadata:109] <private> is not supported[m
09-28 17:52:53.088   822  1089 E C02515/DISP: [0;32;31m[SetMetadata:102] <private> is not supported[m
09-28 17:52:53.088   822  1089 E C02515/METADATA_SRV: [0;32;31m[SetMetadata:136]  fail[m
09-28 17:52:53.088   822  1089 E C01401/Bufferqueue: <surface_buffer_impl.cpp:714-SetMetadata>: SetMetadata Failed with -5
09-28 17:52:53.088   822  1089 E C01406/skia: SurfaceNodeDrawable DrawCommSurfaceWatermark Name:SCBWallpaper5 Id:8516920147979 water mark count is zero
09-28 17:52:53.088   850   982 I C02d13/HDC_LOG: [async_cmd.cpp:291] ExecuteCommand cmd:param get const.product.os.dist.apiname fd:32 pid:14930
09-28 17:52:53.089   850   982 I C02d13/HDC_LOG: [daemon_unity.cpp:486] Unity CommandDispatch command:1001 finish cid:2034113796 sid:246******508(L:10)
09-28 17:52:53.090   822  1089 E C01406/skia: SurfaceNodeDrawable DrawCommSurfaceWatermark Name:SCBDesktop6 Id:8516920147988 water mark count is zero
09-28 17:52:53.090   822  1089 E C01406/skia: RSBaseRenderUtil::DealWithSurfaceRotationAndGravity, GetSurfaceBufferOpaque:0
09-28 17:52:53.090 14930 14930 W C02d13/HDC_LOG: [async_cmd.cpp:140] SetSelinuxLabel con:u:r:su:s0 isRoot:0
09-28 17:52:53.090   822  1089 I C01406/WRAP: AHardwareBuffer_createFromHandle index = <private> handle = <private>, ahb = <private>
09-28 17:52:53.090   822  1089 E C01406/skia: SurfaceNodeDrawable DrawCommSurfaceWatermark Name:AdapterActivityContent Id:60979945668611 water mark count is zero
09-28 17:52:53.090   822  1089 E C01406/skia: RSBaseRenderUtil::DealWithSurfaceRotationAndGravity, GetSurfaceBufferOpaque:0
09-28 17:52:53.090   822  1089 I C01406/WRAP: AHardwareBuffer_createFromHandle index = <private> handle = <private>, ahb = <private>
09-28 17:52:53.091   822  1089 E C01406/skia: SurfaceNodeDrawable DrawCommSurfaceWatermark Name:AdapterSurfaceView Id:60979945668612 water mark count is zero
09-28 17:52:53.091   822  1089 E C01406/skia: SurfaceNodeDrawable DrawCommSurfaceWatermark Name:com.a2hlab.bridge.zigzag/com.unity3d.player.UnityPlayerActivity Id:60979945668609 water mark count is zero
09-28 17:52:53.091   822  1089 E C01406/skia: SurfaceNodeDrawable DrawCommSurfaceWatermark Name:WindowScene_zigzag35 Id:8516920148845 water mark count is zero
09-28 17:52:53.091   822  1089 E C01406/skia: SurfaceNodeDrawable DrawCommSurfaceWatermark Name:SCBGestureNavBar13 Id:8516920148115 water mark count is zero
09-28 17:52:53.091   822  1089 E C01406/skia: SurfaceNodeDrawable DrawCommSurfaceWatermark Name:SCBStatusBar15 Id:8516920148195 water mark count is zero
09-28 17:52:53.093   822  1089 E C02515/DISP: [0;32;31m[GetMetadata:109] <private> is not supported[m
09-28 17:52:53.093   822  1089 E C02515/DISP: [0;32;31m[SetMetadata:102] <private> is not supported[m
09-28 17:52:53.094   822  1089 E C02515/METADATA_SRV: [0;32;31m[SetMetadata:136]  fail[m
09-28 17:52:53.094   822  1089 E C01401/Bufferqueue: <surface_buffer_impl.cpp:714-SetMetadata>: SetMetadata Failed with -5
09-28 17:52:53.094   822  1089 E C01406/skia: RSUniRenderComposerAdapter::SetBufferColorSpace set color space fail
09-28 17:52:53.103 14198 14423 I C00f00/OH_DER_VSync: onOhVsync ENTRY ts=<private> data=<private>
09-28 17:52:53.103 14198 14422 I C00f00/OH_DER_VSync: scheduleVsync ENTRY receiverPtr=0x<private>
09-28 17:52:53.103 14198 14422 I C00f00/OH_DER_VSync: scheduleVsync calling RequestFrame ohVsync=<private>
09-28 17:52:53.103 14198 14422 I C00f00/OH_DER_VSync: scheduleVsync RequestFrame rc=<private>
09-28 17:52:53.105   822  1208 E C02515/DISP: [0;32;31m[SetMetadata:102] <private> is not supported[m
09-28 17:52:53.105   822  1208 E C02515/METADATA_SRV: [0;32;31m[SetMetadata:136]  fail[m
09-28 17:52:53.105   822  1208 E C01401/Bufferqueue: <surface_buffer_impl.cpp:714-SetMetadata>: SetMetadata Failed with -5
09-28 17:52:53.105   798  1062 E C02515/DISP: [0;32;31m[SetLayerMaskInfo@display_composer_vdi_impl.cpp:404] <private> is not supported[m
09-28 17:52:53.106   822  1240 E C02515/DISP: [0;32;31m[SetMetadata:102] <private> is not supported[m
09-28 17:52:53.106   822  1240 E C02515/METADATA_SRV: [0;32;31m[SetMetadata:136]  fail[m
09-28 17:52:53.106   822  1240 E C01401/Bufferqueue: <surface_buffer_impl.cpp:714-SetMetadata>: SetMetadata Failed with -5
09-28 17:52:53.107   798  1062 E C02515/DISP: [0;32;31m[SetDisplayClientDamage@display_composer_vdi_impl.cpp:179] <private> is not supported[m
09-28 17:52:53.119 14198 14423 I C00f00/OH_DER_VSync: onOhVsync ENTRY ts=<private> data=<private>
09-28 17:52:53.119   822   822 E C02515/DISP: [0;32;31m[GetMetadata:109] <private> is not supported[m
09-28 17:52:53.119   822   822 E C02515/DISP: [0;32;31m[GetMetadata:109] <private> is not supported[m
09-28 17:52:53.119   822   822 E C02515/DISP: [0;32;31m[GetMetadata:109] <private> is not supported[m
09-28 17:52:53.120 14198 14422 I C00f00/OH_DER_VSync: scheduleVsync ENTRY receiverPtr=0x<private>
09-28 17:52:53.120 14198 14422 I C00f00/OH_DER_VSync: scheduleVsync calling RequestFrame ohVsync=<private>
09-28 17:52:53.120 14198 14422 I C00f00/OH_DER_VSync: scheduleVsync RequestFrame rc=<private>
09-28 17:52:53.120   822   822 E C01406/skia: RSBaseRenderUtil::DealWithSurfaceRotationAndGravity, GetSurfaceBufferOpaque:0
09-28 17:52:53.120   822   822 E C02515/DISP: [0;32;31m[GetMetadata:109] <private> is not supported[m
09-28 17:52:53.120   822   822 E C01406/skia: RSBaseRenderUtil::DealWithSurfaceRotationAndGravity, GetSurfaceBufferOpaque:0
09-28 17:52:53.120   822   822 E C02515/DISP: [0;32;31m[GetMetadata:109] <private> is not supported[m
09-28 17:52:53.121   822  1089 E C02515/DISP: [0;32;31m[SetMetadata:102] <private> is not supported[m
09-28 17:52:53.121   822  1089 E C02515/METADATA_SRV: [0;32;31m[SetMetadata:136]  fail[m
09-28 17:52:53.121   822  1089 E C01401/Bufferqueue: <surface_buffer_impl.cpp:714-SetMetadata>: SetMetadata Failed with -5
09-28 17:52:53.122   822  1089 E C01406/skia: SurfaceNodeDrawable DrawCommSurfaceWatermark Name:SCBWallpaper5 Id:8516920147979 water mark count is zero
09-28 17:52:53.123   822  1089 E C01406/skia: SurfaceNodeDrawable DrawCommSurfaceWatermark Name:SCBDesktop6 Id:8516920147988 water mark count is zero
09-28 17:52:53.123   822  1089 E C01406/skia: RSBaseRenderUtil::DealWithSurfaceRotationAndGravity, GetSurfaceBufferOpaque:0
09-28 17:52:53.123   822  1089 I C01406/WRAP: AHardwareBuffer_createFromHandle index = <private> handle = <private>, ahb = <private>
09-28 17:52:53.123   822  1089 E C01406/skia: SurfaceNodeDrawable DrawCommSurfaceWatermark Name:AdapterActivityContent Id:60979945668611 water mark count is zero
09-28 17:52:53.124   822  1089 E C01406/skia: RSBaseRenderUtil::DealWithSurfaceRotationAndGravity, GetSurfaceBufferOpaque:0
09-28 17:52:53.124   822  1089 I C01406/WRAP: AHardwareBuffer_createFromHandle index = <private> handle = <private>, ahb = <private>
09-28 17:52:53.124   822  1089 E C01406/skia: SurfaceNodeDrawable DrawCommSurfaceWatermark Name:AdapterSurfaceView Id:60979945668612 water mark count is zero
09-28 17:52:53.124   822  1089 E C01406/skia: SurfaceNodeDrawable DrawCommSurfaceWatermark Name:com.a2hlab.bridge.zigzag/com.unity3d.player.UnityPlayerActivity Id:60979945668609 water mark count is zero
09-28 17:52:53.124   822  1089 E C01406/skia: SurfaceNodeDrawable DrawCommSurfaceWatermark Name:WindowScene_zigzag35 Id:8516920148845 water mark count is zero
09-28 17:52:53.124   822  1089 E C01406/skia: SurfaceNodeDrawable DrawCommSurfaceWatermark Name:SCBGestureNavBar13 Id:8516920148115 water mark count is zero
09-28 17:52:53.124   822  1089 E C01406/skia: SurfaceNodeDrawable DrawCommSurfaceWatermark Name:SCBStatusBar15 Id:8516920148195 water mark count is zero
09-28 17:52:53.127   822  1089 E C02515/DISP: [0;32;31m[GetMetadata:109] <private> is not supported[m
09-28 17:52:53.127   822  1089 E C02515/DISP: [0;32;31m[SetMetadata:102] <private> is not supported[m
09-28 17:52:53.127   822  1089 E C02515/METADATA_SRV: [0;32;31m[SetMetadata:136]  fail[m
09-28 17:52:53.127   822  1089 E C01401/Bufferqueue: <surface_buffer_impl.cpp:714-SetMetadata>: SetMetadata Failed with -5
09-28 17:52:53.127   822  1089 E C01406/skia: RSUniRenderComposerAdapter::SetBufferColorSpace set color space fail
09-28 17:52:53.130   850 14931 I C02d13/HDC_LOG: [async_cmd.cpp:88] FinishShellProc finish pipeRead fd:32 pid:14930 count:1
09-28 17:52:53.130   850 14931 I C02d13/HDC_LOG: [task.cpp:55] HdcTaskBase::TaskFinish notify begin type:0 cid:2034113796 sid:246******508(L:10)
09-28 17:52:53.131   850 14931 I C02d13/HDC_LOG: [task.cpp:58] HdcTaskBase::TaskFinish notify end type:0 cid:2034113796 sid:246******508(L:10)
09-28 17:52:53.132   850   982 I C02d13/HDC_LOG: [daemon.cpp:1142] FetchCommand channelId:2034113796 command:2
09-28 17:52:53.132   850   982 W C02d13/HDC_LOG: [session.cpp:160] BeginRemoveTask taskType:0 channelId:2034113796
09-28 17:52:53.132   850   982 W C02d13/HDC_LOG: [session.cpp:190] ClearOwnTasks OP_CLEAR finish, sessionId:246******508(L:10) channelIDInput:2034113796
09-28 17:52:53.132   850   982 W C02d13/HDC_LOG: [session.cpp:115] taskClassDeleteRetry start clear task, taskType:0 cid:2034113796 sid:246******508(L:10)
09-28 17:52:53.132   850   982 I C02d13/HDC_LOG: [async_cmd.cpp:69] DoRelease rc:-3 pid:14930
09-28 17:52:53.132   850   982 I C02d13/HDC_LOG: [session.cpp:126] TaskDelay task remove retry count 0/30, taskType:0 channelId:2034113796, sessionId:246******508(L:10)
09-28 17:52:53.132   850   982 I C02d13/HDC_LOG: [daemon_unity.cpp:31] ~HdcDaemonUnity cid:2034113796 sid:246******508(L:10)
09-28 17:52:53.132   850   982 I C02d13/HDC_LOG: [task.cpp:40] ~HdcTaskBase type:0 cid:2034113796 sid:246******508(L:10)
09-28 17:52:53.132   850   982 W C02d13/HDC_LOG: [session.cpp:134] TaskDelay task remove finish, channelId:2034113796
09-28 17:52:53.132   850   982 I C02d13/HDC_LOG: [base.cpp:969] before uv handle close, the uv handle type is 13
09-28 17:52:53.136 14198 14423 I C00f00/OH_DER_VSync: onOhVsync ENTRY ts=<private> data=<private>
09-28 17:52:53.136 14198 14422 I C00f00/OH_DER_VSync: scheduleVsync ENTRY receiverPtr=0x<private>
09-28 17:52:53.136 14198 14422 I C00f00/OH_DER_VSync: scheduleVsync calling RequestFrame ohVsync=<private>
09-28 17:52:53.136 14198 14422 I C00f00/OH_DER_VSync: scheduleVsync RequestFrame rc=<private>
09-28 17:52:53.137   850   982 I C02d13/HDC_LOG: [daemon.cpp:1142] FetchCommand channelId:2034113796 command:2
09-28 17:52:53.138   822  1208 E C02515/DISP: [0;32;31m[SetMetadata:102] <private> is not supported[m
09-28 17:52:53.138   822  1208 E C02515/METADATA_SRV: [0;32;31m[SetMetadata:136]  fail[m
09-28 17:52:53.138   822  1208 E C01401/Bufferqueue: <surface_buffer_impl.cpp:714-SetMetadata>: SetMetadata Failed with -5
09-28 17:52:53.138   850   982 I C02d13/HDC_LOG: [daemon.cpp:1142] FetchCommand channelId:2733121377 command:1001
09-28 17:52:53.138   850   982 I C02d13/HDC_LOG: [session.cpp:1652] New HTaskInfo cid:2733121377 sid:246******508(L:10) command:1001
09-28 17:52:53.138   850   982 I C02d13/HDC_LOG: [session.cpp:891] AdminTask add task type:0 cid:2733121377 sid:246******508(L:10) mapsize:2
09-28 17:52:53.138   850   982 I C02d13/HDC_LOG: [task.cpp:34] HdcTaskBase type:0 cid:2733121377 sid:246******508(L:10)
09-28 17:52:53.138   850   982 I C02d13/HDC_LOG: [daemon_unity.cpp:414] Unity CommandDispatch command:1001 cid:2733121377 sid:246******508(L:10)
09-28 17:52:53.138   798  1062 E C02515/DISP: [0;32;31m[SetLayerMaskInfo@display_composer_vdi_impl.cpp:404] <private> is not supported[m
09-28 17:52:53.138   850   982 W C02d13/HDC_LOG: [async_cmd.cpp:114] GetDevItem false key:persist.hdc.root
09-28 17:52:53.139   822  1240 E C02515/DISP: [0;32;31m[SetMetadata:102] <private> is not supported[m
09-28 17:52:53.139   822  1240 E C02515/METADATA_SRV: [0;32;31m[SetMetadata:136]  fail[m
09-28 17:52:53.139   822  1240 E C01401/Bufferqueue: <surface_buffer_impl.cpp:714-SetMetadata>: SetMetadata Failed with -5
09-28 17:52:53.139   850 14932 I C02d13/HDC_LOG: [async_cmd.cpp:225] Popen pipe fds[pipeRead]:32 fds[pipeWrite]:36, mode 0
09-28 17:52:53.140   798  1062 E C02515/DISP: [0;32;31m[SetDisplayClientDamage@display_composer_vdi_impl.cpp:179] <private> is not supported[m
09-28 17:52:53.143   850   982 I C02d13/HDC_LOG: [async_cmd.cpp:291] ExecuteCommand cmd:param get const.product.os.dist.apiname fd:32 pid:14933
09-28 17:52:53.143   850   982 I C02d13/HDC_LOG: [daemon_unity.cpp:486] Unity CommandDispatch command:1001 finish cid:2733121377 sid:246******508(L:10)
09-28 17:52:53.144 14933 14933 W C02d13/HDC_LOG: [async_cmd.cpp:140] SetSelinuxLabel con:u:r:su:s0 isRoot:0
09-28 17:52:53.153 14198 14423 I C00f00/OH_DER_VSync: onOhVsync ENTRY ts=<private> data=<private>
09-28 17:52:53.153   822   822 E C02515/DISP: [0;32;31m[GetMetadata:109] <private> is not supported[m
09-28 17:52:53.153   822   822 E C02515/DISP: [0;32;31m[GetMetadata:109] <private> is not supported[m
09-28 17:52:53.153   822   822 E C02515/DISP: [0;32;31m[GetMetadata:109] <private> is not supported[m
09-28 17:52:53.153 14198 14422 I C00f00/OH_DER_VSync: scheduleVsync ENTRY receiverPtr=0x<private>
09-28 17:52:53.153 14198 14422 I C00f00/OH_DER_VSync: scheduleVsync calling RequestFrame ohVsync=<private>
09-28 17:52:53.153 14198 14422 I C00f00/OH_DER_VSync: scheduleVsync RequestFrame rc=<private>
09-28 17:52:53.153   822   822 E C01406/skia: RSBaseRenderUtil::DealWithSurfaceRotationAndGravity, GetSurfaceBufferOpaque:0
09-28 17:52:53.153   822   822 E C02515/DISP: [0;32;31m[GetMetadata:109] <private> is not supported[m
09-28 17:52:53.154   822   822 E C01406/skia: RSBaseRenderUtil::DealWithSurfaceRotationAndGravity, GetSurfaceBufferOpaque:0
09-28 17:52:53.154   822   822 E C02515/DISP: [0;32;31m[GetMetadata:109] <private> is not supported[m
09-28 17:52:53.155   822  1089 E C02515/DISP: [0;32;31m[SetMetadata:102] <private> is not supported[m
09-28 17:52:53.155   822  1089 E C02515/METADATA_SRV: [0;32;31m[SetMetadata:136]  fail[m
09-28 17:52:53.155   822  1089 E C01401/Bufferqueue: <surface_buffer_impl.cpp:714-SetMetadata>: SetMetadata Failed with -5
09-28 17:52:53.155   822  1089 E C01406/skia: SurfaceNodeDrawable DrawCommSurfaceWatermark Name:SCBWallpaper5 Id:8516920147979 water mark count is zero
09-28 17:52:53.156   822  1089 E C01406/skia: SurfaceNodeDrawable DrawCommSurfaceWatermark Name:SCBDesktop6 Id:8516920147988 water mark count is zero
09-28 17:52:53.157   822  1089 E C01406/skia: RSBaseRenderUtil::DealWithSurfaceRotationAndGravity, GetSurfaceBufferOpaque:0
09-28 17:52:53.157   822  1089 I C01406/WRAP: AHardwareBuffer_createFromHandle index = <private> handle = <private>, ahb = <private>
09-28 17:52:53.157   822  1089 E C01406/skia: SurfaceNodeDrawable DrawCommSurfaceWatermark Name:AdapterActivityContent Id:60979945668611 water mark count is zero
09-28 17:52:53.157   822  1089 E C01406/skia: RSBaseRenderUtil::DealWithSurfaceRotationAndGravity, GetSurfaceBufferOpaque:0
09-28 17:52:53.157   822  1089 I C01406/WRAP: AHardwareBuffer_createFromHandle index = <private> handle = <private>, ahb = <private>
09-28 17:52:53.157   822  1089 E C01406/skia: SurfaceNodeDrawable DrawCommSurfaceWatermark Name:AdapterSurfaceView Id:60979945668612 water mark count is zero
09-28 17:52:53.157   822  1089 E C01406/skia: SurfaceNodeDrawable DrawCommSurfaceWatermark Name:com.a2hlab.bridge.zigzag/com.unity3d.player.UnityPlayerActivity Id:60979945668609 water mark count is zero
09-28 17:52:53.157   822  1089 E C01406/skia: SurfaceNodeDrawable DrawCommSurfaceWatermark Name:WindowScene_zigzag35 Id:8516920148845 water mark count is zero
09-28 17:52:53.158   822  1089 E C01406/skia: SurfaceNodeDrawable DrawCommSurfaceWatermark Name:SCBGestureNavBar13 Id:8516920148115 water mark count is zero
09-28 17:52:53.158   822  1089 E C01406/skia: SurfaceNodeDrawable DrawCommSurfaceWatermark Name:SCBStatusBar15 Id:8516920148195 water mark count is zero
09-28 17:52:53.160   822  1089 E C02515/DISP: [0;32;31m[GetMetadata:109] <private> is not supported[m
09-28 17:52:53.160   822  1089 E C02515/DISP: [0;32;31m[SetMetadata:102] <private> is not supported[m
09-28 17:52:53.160   822  1089 E C02515/METADATA_SRV: [0;32;31m[SetMetadata:136]  fail[m
09-28 17:52:53.160   822  1089 E C01401/Bufferqueue: <surface_buffer_impl.cpp:714-SetMetadata>: SetMetadata Failed with -5
09-28 17:52:53.160   822  1089 E C01406/skia: RSUniRenderComposerAdapter::SetBufferColorSpace set color space fail
09-28 17:52:53.166   850 14934 I C02d13/HDC_LOG: [async_cmd.cpp:88] FinishShellProc finish pipeRead fd:32 pid:14933 count:1
09-28 17:52:53.166   850 14934 I C02d13/HDC_LOG: [task.cpp:55] HdcTaskBase::TaskFinish notify begin type:0 cid:2733121377 sid:246******508(L:10)
09-28 17:52:53.166   850 14934 I C02d13/HDC_LOG: [task.cpp:58] HdcTaskBase::TaskFinish notify end type:0 cid:2733121377 sid:246******508(L:10)
09-28 17:52:53.167   850   982 I C02d13/HDC_LOG: [daemon.cpp:1142] FetchCommand channelId:2733121377 command:2
09-28 17:52:53.167   850   982 W C02d13/HDC_LOG: [session.cpp:160] BeginRemoveTask taskType:0 channelId:2733121377
09-28 17:52:53.167   850   982 W C02d13/HDC_LOG: [session.cpp:190] ClearOwnTasks OP_CLEAR finish, sessionId:246******508(L:10) channelIDInput:2733121377
09-28 17:52:53.167   850   982 W C02d13/HDC_LOG: [session.cpp:115] taskClassDeleteRetry start clear task, taskType:0 cid:2733121377 sid:246******508(L:10)
09-28 17:52:53.168   850   982 I C02d13/HDC_LOG: [async_cmd.cpp:69] DoRelease rc:-3 pid:14933
09-28 17:52:53.168   850   982 I C02d13/HDC_LOG: [session.cpp:126] TaskDelay task remove retry count 0/30, taskType:0 channelId:2733121377, sessionId:246******508(L:10)
09-28 17:52:53.168   850   982 I C02d13/HDC_LOG: [daemon_unity.cpp:31] ~HdcDaemonUnity cid:2733121377 sid:246******508(L:10)
09-28 17:52:53.168   850   982 I C02d13/HDC_LOG: [task.cpp:40] ~HdcTaskBase type:0 cid:2733121377 sid:246******508(L:10)
09-28 17:52:53.168   850   982 W C02d13/HDC_LOG: [session.cpp:134] TaskDelay task remove finish, channelId:2733121377
09-28 17:52:53.168   850   982 I C02d13/HDC_LOG: [base.cpp:969] before uv handle close, the uv handle type is 13
09-28 17:52:53.169 14198 14423 I C00f00/OH_DER_VSync: onOhVsync ENTRY ts=<private> data=<private>
09-28 17:52:53.170 14198 14422 I C00f00/OH_DER_VSync: scheduleVsync ENTRY receiverPtr=0x<private>
09-28 17:52:53.170 14198 14422 I C00f00/OH_DER_VSync: scheduleVsync calling RequestFrame ohVsync=<private>
09-28 17:52:53.170 14198 14422 I C00f00/OH_DER_VSync: scheduleVsync RequestFrame rc=<private>
09-28 17:52:53.171   822  1208 E C02515/DISP: [0;32;31m[SetMetadata:102] <private> is not supported[m
09-28 17:52:53.172   822  1208 E C02515/METADATA_SRV: [0;32;31m[SetMetadata:136]  fail[m
09-28 17:52:53.172   822  1208 E C01401/Bufferqueue: <surface_buffer_impl.cpp:714-SetMetadata>: SetMetadata Failed with -5
09-28 17:52:53.172   798  1062 E C02515/DISP: [0;32;31m[SetLayerMaskInfo@display_composer_vdi_impl.cpp:404] <private> is not supported[m
09-28 17:52:53.172   822  1240 E C02515/DISP: [0;32;31m[SetMetadata:102] <private> is not supported[m
09-28 17:52:53.172   822  1240 E C02515/METADATA_SRV: [0;32;31m[SetMetadata:136]  fail[m
09-28 17:52:53.172   822  1240 E C01401/Bufferqueue: <surface_buffer_impl.cpp:714-SetMetadata>: SetMetadata Failed with -5
09-28 17:52:53.173   850   982 I C02d13/HDC_LOG: [daemon.cpp:1142] FetchCommand channelId:2733121377 command:2
09-28 17:52:53.173   798  1062 E C02515/DISP: [0;32;31m[SetDisplayClientDamage@display_composer_vdi_impl.cpp:179] <private> is not supported[m
09-28 17:52:53.186 14198 14423 I C00f00/OH_DER_VSync: onOhVsync ENTRY ts=<private> data=<private>
09-28 17:52:53.186   822   822 E C02515/DISP: [0;32;31m[GetMetadata:109] <private> is not supported[m
09-28 17:52:53.186 14198 14422 I C00f00/OH_DER_VSync: scheduleVsync ENTRY receiverPtr=0x<private>
09-28 17:52:53.186 14198 14422 I C00f00/OH_DER_VSync: scheduleVsync calling RequestFrame ohVsync=<private>
09-28 17:52:53.186   822   822 E C02515/DISP: [0;32;31m[GetMetadata:109] <private> is not supported[m
09-28 17:52:53.186   822   822 E C02515/DISP: [0;32;31m[GetMetadata:109] <private> is not supported[m
09-28 17:52:53.186 14198 14422 I C00f00/OH_DER_VSync: scheduleVsync RequestFrame rc=<private>
09-28 17:52:53.188   822   822 E C01406/skia: RSBaseRenderUtil::DealWithSurfaceRotationAndGravity, GetSurfaceBufferOpaque:0
09-28 17:52:53.188   822   822 E C02515/DISP: [0;32;31m[GetMetadata:109] <private> is not supported[m
09-28 17:52:53.188   822   822 E C01406/skia: RSBaseRenderUtil::DealWithSurfaceRotationAndGravity, GetSurfaceBufferOpaque:0
09-28 17:52:53.188   822   822 E C02515/DISP: [0;32;31m[GetMetadata:109] <private> is not supported[m
09-28 17:52:53.189   822  1089 E C02515/DISP: [0;32;31m[SetMetadata:102] <private> is not supported[m
09-28 17:52:53.189   822  1089 E C02515/METADATA_SRV: [0;32;31m[SetMetadata:136]  fail[m
09-28 17:52:53.189   822  1089 E C01401/Bufferqueue: <surface_buffer_impl.cpp:714-SetMetadata>: SetMetadata Failed with -5
09-28 17:52:53.190   822  1089 E C01406/skia: SurfaceNodeDrawable DrawCommSurfaceWatermark Name:SCBWallpaper5 Id:8516920147979 water mark count is zero
09-28 17:52:53.191   822  1089 E C01406/skia: SurfaceNodeDrawable DrawCommSurfaceWatermark Name:SCBDesktop6 Id:8516920147988 water mark count is zero
09-28 17:52:53.191   822  1089 E C01406/skia: RSBaseRenderUtil::DealWithSurfaceRotationAndGravity, GetSurfaceBufferOpaque:0
09-28 17:52:53.191   822  1089 I C01406/WRAP: AHardwareBuffer_createFromHandle index = <private> handle = <private>, ahb = <private>
09-28 17:52:53.192   822  1089 E C01406/skia: SurfaceNodeDrawable DrawCommSurfaceWatermark Name:AdapterActivityContent Id:60979945668611 water mark count is zero
09-28 17:52:53.192   822  1089 E C01406/skia: RSBaseRenderUtil::DealWithSurfaceRotationAndGravity, GetSurfaceBufferOpaque:0
09-28 17:52:53.192   822  1089 I C01406/WRAP: AHardwareBuffer_createFromHandle index = <private> handle = <private>, ahb = <private>
09-28 17:52:53.192   822  1089 E C01406/skia: SurfaceNodeDrawable DrawCommSurfaceWatermark Name:AdapterSurfaceView Id:60979945668612 water mark count is zero
09-28 17:52:53.192   822  1089 E C01406/skia: SurfaceNodeDrawable DrawCommSurfaceWatermark Name:com.a2hlab.bridge.zigzag/com.unity3d.player.UnityPlayerActivity Id:60979945668609 water mark count is zero
09-28 17:52:53.192   822  1089 E C01406/skia: SurfaceNodeDrawable DrawCommSurfaceWatermark Name:WindowScene_zigzag35 Id:8516920148845 water mark count is zero
09-28 17:52:53.192   822  1089 E C01406/skia: SurfaceNodeDrawable DrawCommSurfaceWatermark Name:SCBGestureNavBar13 Id:8516920148115 water mark count is zero
09-28 17:52:53.192   822  1089 E C01406/skia: SurfaceNodeDrawable DrawCommSurfaceWatermark Name:SCBStatusBar15 Id:8516920148195 water mark count is zero
09-28 17:52:53.195   822  1089 E C02515/DISP: [0;32;31m[GetMetadata:109] <private> is not supported[m
09-28 17:52:53.195   822  1089 E C02515/DISP: [0;32;31m[SetMetadata:102] <private> is not supported[m
09-28 17:52:53.195   822  1089 E C02515/METADATA_SRV: [0;32;31m[SetMetadata:136]  fail[m
09-28 17:52:53.195   822  1089 E C01401/Bufferqueue: <surface_buffer_impl.cpp:714-SetMetadata>: SetMetadata Failed with -5
09-28 17:52:53.195   822  1089 E C01406/skia: RSUniRenderComposerAdapter::SetBufferColorSpace set color space fail
09-28 17:52:53.203 14198 14423 I C00f00/OH_DER_VSync: onOhVsync ENTRY ts=<private> data=<private>
09-28 17:52:53.203 14198 14422 I C00f00/OH_DER_VSync: scheduleVsync ENTRY receiverPtr=0x<private>
09-28 17:52:53.203 14198 14422 I C00f00/OH_DER_VSync: scheduleVsync calling RequestFrame ohVsync=<private>
09-28 17:52:53.203 14198 14422 I C00f00/OH_DER_VSync: scheduleVsync RequestFrame rc=<private>
09-28 17:52:53.205   822  1208 E C02515/DISP: [0;32;31m[SetMetadata:102] <private> is not supported[m
09-28 17:52:53.205   822  1208 E C02515/METADATA_SRV: [0;32;31m[SetMetadata:136]  fail[m
09-28 17:52:53.205   822  1208 E C01401/Bufferqueue: <surface_buffer_impl.cpp:714-SetMetadata>: SetMetadata Failed with -5
09-28 17:52:53.205   798  1062 E C02515/DISP: [0;32;31m[SetLayerMaskInfo@display_composer_vdi_impl.cpp:404] <private> is not supported[m
09-28 17:52:53.206   822  1240 E C02515/DISP: [0;32;31m[SetMetadata:102] <private> is not supported[m
09-28 17:52:53.206   822  1240 E C02515/METADATA_SRV: [0;32;31m[SetMetadata:136]  fail[m
09-28 17:52:53.206   822  1240 E C01401/Bufferqueue: <surface_buffer_impl.cpp:714-SetMetadata>: SetMetadata Failed with -5
09-28 17:52:53.206   798  1062 E C02515/DISP: [0;32;31m[SetDisplayClientDamage@display_composer_vdi_impl.cpp:179] <private> is not supported[m
09-28 17:52:53.219   822   822 E C02515/DISP: [0;32;31m[GetMetadata:109] <private> is not supported[m
09-28 17:52:53.219   822   822 E C02515/DISP: [0;32;31m[GetMetadata:109] <private> is not supported[m
09-28 17:52:53.219   822   822 E C02515/DISP: [0;32;31m[GetMetadata:109] <private> is not supported[m
09-28 17:52:53.220   822   822 E C01406/skia: RSBaseRenderUtil::DealWithSurfaceRotationAndGravity, GetSurfaceBufferOpaque:0
09-28 17:52:53.220   822   822 E C02515/DISP: [0;32;31m[GetMetadata:109] <private> is not supported[m
09-28 17:52:53.220   822   822 E C01406/skia: RSBaseRenderUtil::DealWithSurfaceRotationAndGravity, GetSurfaceBufferOpaque:0
09-28 17:52:53.220   822   822 E C02515/DISP: [0;32;31m[GetMetadata:109] <private> is not supported[m
09-28 17:52:53.221 14198 14423 I C00f00/OH_DER_VSync: onOhVsync ENTRY ts=<private> data=<private>
09-28 17:52:53.221 14198 14422 I C00f00/OH_DER_VSync: scheduleVsync ENTRY receiverPtr=0x<private>
09-28 17:52:53.221 14198 14422 I C00f00/OH_DER_VSync: scheduleVsync calling RequestFrame ohVsync=<private>
09-28 17:52:53.221   822  1089 E C02515/DISP: [0;32;31m[SetMetadata:102] <private> is not supported[m
09-28 17:52:53.221   822  1089 E C02515/METADATA_SRV: [0;32;31m[SetMetadata:136]  fail[m
09-28 17:52:53.221   822  1089 E C01401/Bufferqueue: <surface_buffer_impl.cpp:714-SetMetadata>: SetMetadata Failed with -5
09-28 17:52:53.221 14198 14422 I C00f00/OH_DER_VSync: scheduleVsync RequestFrame rc=<private>
09-28 17:52:53.222   822  1089 E C01406/skia: SurfaceNodeDrawable DrawCommSurfaceWatermark Name:SCBWallpaper5 Id:8516920147979 water mark count is zero
09-28 17:52:53.223   822  1089 E C01406/skia: SurfaceNodeDrawable DrawCommSurfaceWatermark Name:SCBDesktop6 Id:8516920147988 water mark count is zero
09-28 17:52:53.223   822  1089 E C01406/skia: RSBaseRenderUtil::DealWithSurfaceRotationAndGravity, GetSurfaceBufferOpaque:0
09-28 17:52:53.223   822  1089 I C01406/WRAP: AHardwareBuffer_createFromHandle index = <private> handle = <private>, ahb = <private>
09-28 17:52:53.223   822  1089 E C01406/skia: SurfaceNodeDrawable DrawCommSurfaceWatermark Name:AdapterActivityContent Id:60979945668611 water mark count is zero
09-28 17:52:53.224   822  1089 E C01406/skia: RSBaseRenderUtil::DealWithSurfaceRotationAndGravity, GetSurfaceBufferOpaque:0
09-28 17:52:53.224   822  1089 I C01406/WRAP: AHardwareBuffer_createFromHandle index = <private> handle = <private>, ahb = <private>
09-28 17:52:53.224   822  1089 E C01406/skia: SurfaceNodeDrawable DrawCommSurfaceWatermark Name:AdapterSurfaceView Id:60979945668612 water mark count is zero
09-28 17:52:53.224   822  1089 E C01406/skia: SurfaceNodeDrawable DrawCommSurfaceWatermark Name:com.a2hlab.bridge.zigzag/com.unity3d.player.UnityPlayerActivity Id:60979945668609 water mark count is zero
09-28 17:52:53.224   822  1089 E C01406/skia: SurfaceNodeDrawable DrawCommSurfaceWatermark Name:WindowScene_zigzag35 Id:8516920148845 water mark count is zero
09-28 17:52:53.224   822  1089 E C01406/skia: SurfaceNodeDrawable DrawCommSurfaceWatermark Name:SCBGestureNavBar13 Id:8516920148115 water mark count is zero
09-28 17:52:53.224   822  1089 E C01406/skia: SurfaceNodeDrawable DrawCommSurfaceWatermark Name:SCBStatusBar15 Id:8516920148195 water mark count is zero
09-28 17:52:53.227   822  1089 E C02515/DISP: [0;32;31m[GetMetadata:109] <private> is not supported[m
09-28 17:52:53.227   822  1089 E C02515/DISP: [0;32;31m[SetMetadata:102] <private> is not supported[m
09-28 17:52:53.227   822  1089 E C02515/METADATA_SRV: [0;32;31m[SetMetadata:136]  fail[m
09-28 17:52:53.227   822  1089 E C01401/Bufferqueue: <surface_buffer_impl.cpp:714-SetMetadata>: SetMetadata Failed with -5
09-28 17:52:53.227   822  1089 E C01406/skia: RSUniRenderComposerAdapter::SetBufferColorSpace set color space fail
09-28 17:52:53.236 14198 14423 I C00f00/OH_DER_VSync: onOhVsync ENTRY ts=<private> data=<private>
09-28 17:52:53.236 14198 14422 I C00f00/OH_DER_VSync: scheduleVsync ENTRY receiverPtr=0x<private>
09-28 17:52:53.236 14198 14422 I C00f00/OH_DER_VSync: scheduleVsync calling RequestFrame ohVsync=<private>
09-28 17:52:53.236 14198 14422 I C00f00/OH_DER_VSync: scheduleVsync RequestFrame rc=<private>
09-28 17:52:53.238   822  1208 E C02515/DISP: [0;32;31m[SetMetadata:102] <private> is not supported[m
09-28 17:52:53.238   822  1208 E C02515/METADATA_SRV: [0;32;31m[SetMetadata:136]  fail[m
09-28 17:52:53.238   822  1208 E C01401/Bufferqueue: <surface_buffer_impl.cpp:714-SetMetadata>: SetMetadata Failed with -5
09-28 17:52:53.239   798  1062 E C02515/DISP: [0;32;31m[SetLayerMaskInfo@display_composer_vdi_impl.cpp:404] <private> is not supported[m
09-28 17:52:53.239   822  1240 E C02515/DISP: [0;32;31m[SetMetadata:102] <private> is not supported[m
09-28 17:52:53.239   822  1240 E C02515/METADATA_SRV: [0;32;31m[SetMetadata:136]  fail[m
09-28 17:52:53.239   822  1240 E C01401/Bufferqueue: <surface_buffer_impl.cpp:714-SetMetadata>: SetMetadata Failed with -5
09-28 17:52:53.240   798  1062 E C02515/DISP: [0;32;31m[SetDisplayClientDamage@display_composer_vdi_impl.cpp:179] <private> is not supported[m
09-28 17:52:53.253 14198 14423 I C00f00/OH_DER_VSync: onOhVsync ENTRY ts=<private> data=<private>
09-28 17:52:53.253   822   822 E C02515/DISP: [0;32;31m[GetMetadata:109] <private> is not supported[m
09-28 17:52:53.253 14198 14422 I C00f00/OH_DER_VSync: scheduleVsync ENTRY receiverPtr=0x<private>
09-28 17:52:53.253 14198 14422 I C00f00/OH_DER_VSync: scheduleVsync calling RequestFrame ohVsync=<private>
09-28 17:52:53.253   822   822 E C02515/DISP: [0;32;31m[GetMetadata:109] <private> is not supported[m
09-28 17:52:53.253   822   822 E C02515/DISP: [0;32;31m[GetMetadata:109] <private> is not supported[m
09-28 17:52:53.253 14198 14422 I C00f00/OH_DER_VSync: scheduleVsync RequestFrame rc=<private>
09-28 17:52:53.254   822   822 E C01406/skia: RSBaseRenderUtil::DealWithSurfaceRotationAndGravity, GetSurfaceBufferOpaque:0
09-28 17:52:53.254   822   822 E C02515/DISP: [0;32;31m[GetMetadata:109] <private> is not supported[m
09-28 17:52:53.254   822   822 E C01406/skia: RSBaseRenderUtil::DealWithSurfaceRotationAndGravity, GetSurfaceBufferOpaque:0
09-28 17:52:53.254   822   822 E C02515/DISP: [0;32;31m[GetMetadata:109] <private> is not supported[m
09-28 17:52:53.256   822  1089 E C02515/DISP: [0;32;31m[SetMetadata:102] <private> is not supported[m
09-28 17:52:53.256   822  1089 E C02515/METADATA_SRV: [0;32;31m[SetMetadata:136]  fail[m
09-28 17:52:53.256   822  1089 E C01401/Bufferqueue: <surface_buffer_impl.cpp:714-SetMetadata>: SetMetadata Failed with -5
09-28 17:52:53.256   822  1089 E C01406/skia: SurfaceNodeDrawable DrawCommSurfaceWatermark Name:SCBWallpaper5 Id:8516920147979 water mark count is zero
09-28 17:52:53.258   822  1089 E C01406/skia: SurfaceNodeDrawable DrawCommSurfaceWatermark Name:SCBDesktop6 Id:8516920147988 water mark count is zero
09-28 17:52:53.258   822  1089 E C01406/skia: RSBaseRenderUtil::DealWithSurfaceRotationAndGravity, GetSurfaceBufferOpaque:0
09-28 17:52:53.258   822  1089 I C01406/WRAP: AHardwareBuffer_createFromHandle index = <private> handle = <private>, ahb = <private>
09-28 17:52:53.258   822  1089 E C01406/skia: SurfaceNodeDrawable DrawCommSurfaceWatermark Name:AdapterActivityContent Id:60979945668611 water mark count is zero
09-28 17:52:53.258   822  1089 E C01406/skia: RSBaseRenderUtil::DealWithSurfaceRotationAndGravity, GetSurfaceBufferOpaque:0
09-28 17:52:53.258   822  1089 I C01406/WRAP: AHardwareBuffer_createFromHandle index = <private> handle = <private>, ahb = <private>
09-28 17:52:53.259   822  1089 E C01406/skia: SurfaceNodeDrawable DrawCommSurfaceWatermark Name:AdapterSurfaceView Id:60979945668612 water mark count is zero
09-28 17:52:53.259   822  1089 E C01406/skia: SurfaceNodeDrawable DrawCommSurfaceWatermark Name:com.a2hlab.bridge.zigzag/com.unity3d.player.UnityPlayerActivity Id:60979945668609 water mark count is zero
09-28 17:52:53.259   822  1089 E C01406/skia: SurfaceNodeDrawable DrawCommSurfaceWatermark Name:WindowScene_zigzag35 Id:8516920148845 water mark count is zero
09-28 17:52:53.259   822  1089 E C01406/skia: SurfaceNodeDrawable DrawCommSurfaceWatermark Name:SCBGestureNavBar13 Id:8516920148115 water mark count is zero
09-28 17:52:53.259   822  1089 E C01406/skia: SurfaceNodeDrawable DrawCommSurfaceWatermark Name:SCBStatusBar15 Id:8516920148195 water mark count is zero
09-28 17:52:53.261   822  1089 E C02515/DISP: [0;32;31m[GetMetadata:109] <private> is not supported[m
09-28 17:52:53.261   822  1089 E C02515/DISP: [0;32;31m[SetMetadata:102] <private> is not supported[m
09-28 17:52:53.261   822  1089 E C02515/METADATA_SRV: [0;32;31m[SetMetadata:136]  fail[m
09-28 17:52:53.261   822  1089 E C01401/Bufferqueue: <surface_buffer_impl.cpp:714-SetMetadata>: SetMetadata Failed with -5
09-28 17:52:53.261   822  1089 E C01406/skia: RSUniRenderComposerAdapter::SetBufferColorSpace set color space fail
09-28 17:52:53.270 14198 14423 I C00f00/OH_DER_VSync: onOhVsync ENTRY ts=<private> data=<private>
09-28 17:52:53.270 14198 14422 I C00f00/OH_DER_VSync: scheduleVsync ENTRY receiverPtr=0x<private>
09-28 17:52:53.270 14198 14422 I C00f00/OH_DER_VSync: scheduleVsync calling RequestFrame ohVsync=<private>
09-28 17:52:53.270 14198 14422 I C00f00/OH_DER_VSync: scheduleVsync RequestFrame rc=<private>
09-28 17:52:53.272   822  1208 E C02515/DISP: [0;32;31m[SetMetadata:102] <private> is not supported[m
09-28 17:52:53.272   822  1208 E C02515/METADATA_SRV: [0;32;31m[SetMetadata:136]  fail[m
09-28 17:52:53.272   822  1208 E C01401/Bufferqueue: <surface_buffer_impl.cpp:714-SetMetadata>: SetMetadata Failed with -5
09-28 17:52:53.272   798  1062 E C02515/DISP: [0;32;31m[SetLayerMaskInfo@display_composer_vdi_impl.cpp:404] <private> is not supported[m
09-28 17:52:53.272   822  1240 E C02515/DISP: [0;32;31m[SetMetadata:102] <private> is not supported[m
09-28 17:52:53.272   822  1240 E C02515/METADATA_SRV: [0;32;31m[SetMetadata:136]  fail[m
09-28 17:52:53.272   822  1240 E C01401/Bufferqueue: <surface_buffer_impl.cpp:714-SetMetadata>: SetMetadata Failed with -5
09-28 17:52:53.273   798  1062 E C02515/DISP: [0;32;31m[SetDisplayClientDamage@display_composer_vdi_impl.cpp:179] <private> is not supported[m
09-28 17:52:53.286 14198 14423 I C00f00/OH_DER_VSync: onOhVsync ENTRY ts=<private> data=<private>
09-28 17:52:53.286 14198 14422 I C00f00/OH_DER_VSync: scheduleVsync ENTRY receiverPtr=0x<private>
09-28 17:52:53.286 14198 14422 I C00f00/OH_DER_VSync: scheduleVsync calling RequestFrame ohVsync=<private>
09-28 17:52:53.286   822   822 E C02515/DISP: [0;32;31m[GetMetadata:109] <private> is not supported[m
09-28 17:52:53.286 14198 14422 I C00f00/OH_DER_VSync: scheduleVsync RequestFrame rc=<private>
09-28 17:52:53.286   822   822 E C02515/DISP: [0;32;31m[GetMetadata:109] <private> is not supported[m
09-28 17:52:53.286   822   822 E C02515/DISP: [0;32;31m[GetMetadata:109] <private> is not supported[m
09-28 17:52:53.288   822   822 E C01406/skia: RSBaseRenderUtil::DealWithSurfaceRotationAndGravity, GetSurfaceBufferOpaque:0
09-28 17:52:53.288   822   822 E C02515/DISP: [0;32;31m[GetMetadata:109] <private> is not supported[m
09-28 17:52:53.288   822   822 E C01406/skia: RSBaseRenderUtil::DealWithSurfaceRotationAndGravity, GetSurfaceBufferOpaque:0
09-28 17:52:53.288   822   822 E C02515/DISP: [0;32;31m[GetMetadata:109] <private> is not supported[m
09-28 17:52:53.289   822  1089 E C02515/DISP: [0;32;31m[SetMetadata:102] <private> is not supported[m
09-28 17:52:53.290   822  1089 E C02515/METADATA_SRV: [0;32;31m[SetMetadata:136]  fail[m
09-28 17:52:53.290   822  1089 E C01401/Bufferqueue: <surface_buffer_impl.cpp:714-SetMetadata>: SetMetadata Failed with -5
09-28 17:52:53.290   822  1089 E C01406/skia: SurfaceNodeDrawable DrawCommSurfaceWatermark Name:SCBWallpaper5 Id:8516920147979 water mark count is zero
09-28 17:52:53.291   822  1089 E C01406/skia: SurfaceNodeDrawable DrawCommSurfaceWatermark Name:SCBDesktop6 Id:8516920147988 water mark count is zero
09-28 17:52:53.291   822  1089 E C01406/skia: RSBaseRenderUtil::DealWithSurfaceRotationAndGravity, GetSurfaceBufferOpaque:0
09-28 17:52:53.291   822  1089 I C01406/WRAP: AHardwareBuffer_createFromHandle index = <private> handle = <private>, ahb = <private>
09-28 17:52:53.292   822  1089 E C01406/skia: SurfaceNodeDrawable DrawCommSurfaceWatermark Name:AdapterActivityContent Id:60979945668611 water mark count is zero
09-28 17:52:53.292   822  1089 E C01406/skia: RSBaseRenderUtil::DealWithSurfaceRotationAndGravity, GetSurfaceBufferOpaque:0
09-28 17:52:53.292   822  1089 I C01406/WRAP: AHardwareBuffer_createFromHandle index = <private> handle = <private>, ahb = <private>
09-28 17:52:53.292   822  1089 E C01406/skia: SurfaceNodeDrawable DrawCommSurfaceWatermark Name:AdapterSurfaceView Id:60979945668612 water mark count is zero
09-28 17:52:53.292   822  1089 E C01406/skia: SurfaceNodeDrawable DrawCommSurfaceWatermark Name:com.a2hlab.bridge.zigzag/com.unity3d.player.UnityPlayerActivity Id:60979945668609 water mark count is zero
09-28 17:52:53.292   822  1089 E C01406/skia: SurfaceNodeDrawable DrawCommSurfaceWatermark Name:WindowScene_zigzag35 Id:8516920148845 water mark count is zero
09-28 17:52:53.292   822  1089 E C01406/skia: SurfaceNodeDrawable DrawCommSurfaceWatermark Name:SCBGestureNavBar13 Id:8516920148115 water mark count is zero
09-28 17:52:53.292   822  1089 E C01406/skia: SurfaceNodeDrawable DrawCommSurfaceWatermark Name:SCBStatusBar15 Id:8516920148195 water mark count is zero
09-28 17:52:53.295   822  1089 E C02515/DISP: [0;32;31m[GetMetadata:109] <private> is not supported[m
09-28 17:52:53.295   822  1089 E C02515/DISP: [0;32;31m[SetMetadata:102] <private> is not supported[m
09-28 17:52:53.295   822  1089 E C02515/METADATA_SRV: [0;32;31m[SetMetadata:136]  fail[m
09-28 17:52:53.295   822  1089 E C01401/Bufferqueue: <surface_buffer_impl.cpp:714-SetMetadata>: SetMetadata Failed with -5
09-28 17:52:53.295   822  1089 E C01406/skia: RSUniRenderComposerAdapter::SetBufferColorSpace set color space fail
09-28 17:52:53.303 14198 14423 I C00f00/OH_DER_VSync: onOhVsync ENTRY ts=<private> data=<private>
09-28 17:52:53.303 14198 14422 I C00f00/OH_DER_VSync: scheduleVsync ENTRY receiverPtr=0x<private>
09-28 17:52:53.303 14198 14422 I C00f00/OH_DER_VSync: scheduleVsync calling RequestFrame ohVsync=<private>
09-28 17:52:53.303 14198 14422 I C00f00/OH_DER_VSync: scheduleVsync RequestFrame rc=<private>
09-28 17:52:53.305   822  1208 E C02515/DISP: [0;32;31m[SetMetadata:102] <private> is not supported[m
09-28 17:52:53.305   822  1208 E C02515/METADATA_SRV: [0;32;31m[SetMetadata:136]  fail[m
09-28 17:52:53.305   822  1208 E C01401/Bufferqueue: <surface_buffer_impl.cpp:714-SetMetadata>: SetMetadata Failed with -5
09-28 17:52:53.305   798  1062 E C02515/DISP: [0;32;31m[SetLayerMaskInfo@display_composer_vdi_impl.cpp:404] <private> is not supported[m
09-28 17:52:53.305   822  1240 E C02515/DISP: [0;32;31m[SetMetadata:102] <private> is not supported[m
09-28 17:52:53.306   822  1240 E C02515/METADATA_SRV: [0;32;31m[SetMetadata:136]  fail[m
09-28 17:52:53.306   822  1240 E C01401/Bufferqueue: <surface_buffer_impl.cpp:714-SetMetadata>: SetMetadata Failed with -5
09-28 17:52:53.307   798  1062 E C02515/DISP: [0;32;31m[SetDisplayClientDamage@display_composer_vdi_impl.cpp:179] <private> is not supported[m
09-28 17:52:53.319   822   822 E C02515/DISP: [0;32;31m[GetMetadata:109] <private> is not supported[m
09-28 17:52:53.319 14198 14423 I C00f00/OH_DER_VSync: onOhVsync ENTRY ts=<private> data=<private>
09-28 17:52:53.320   822   822 E C02515/DISP: [0;32;31m[GetMetadata:109] <private> is not supported[m
09-28 17:52:53.320   822   822 E C02515/DISP: [0;32;31m[GetMetadata:109] <private> is not supported[m
09-28 17:52:53.320 14198 14422 I C00f00/OH_DER_VSync: scheduleVsync ENTRY receiverPtr=0x<private>
09-28 17:52:53.320 14198 14422 I C00f00/OH_DER_VSync: scheduleVsync calling RequestFrame ohVsync=<private>
09-28 17:52:53.320 14198 14422 I C00f00/OH_DER_VSync: scheduleVsync RequestFrame rc=<private>
09-28 17:52:53.320   822   822 E C01406/skia: RSBaseRenderUtil::DealWithSurfaceRotationAndGravity, GetSurfaceBufferOpaque:0
09-28 17:52:53.320   822   822 E C02515/DISP: [0;32;31m[GetMetadata:109] <private> is not supported[m
09-28 17:52:53.320   822   822 E C01406/skia: RSBaseRenderUtil::DealWithSurfaceRotationAndGravity, GetSurfaceBufferOpaque:0
09-28 17:52:53.320   822   822 E C02515/DISP: [0;32;31m[GetMetadata:109] <private> is not supported[m
09-28 17:52:53.321   822  1089 E C02515/DISP: [0;32;31m[SetMetadata:102] <private> is not supported[m
09-28 17:52:53.321   822  1089 E C02515/METADATA_SRV: [0;32;31m[SetMetadata:136]  fail[m
09-28 17:52:53.321   822  1089 E C01401/Bufferqueue: <surface_buffer_impl.cpp:714-SetMetadata>: SetMetadata Failed with -5
09-28 17:52:53.322   822  1089 E C01406/skia: SurfaceNodeDrawable DrawCommSurfaceWatermark Name:SCBWallpaper5 Id:8516920147979 water mark count is zero
09-28 17:52:53.323   822  1089 E C01406/skia: SurfaceNodeDrawable DrawCommSurfaceWatermark Name:SCBDesktop6 Id:8516920147988 water mark count is zero
09-28 17:52:53.323   822  1089 E C01406/skia: RSBaseRenderUtil::DealWithSurfaceRotationAndGravity, GetSurfaceBufferOpaque:0
09-28 17:52:53.323   822  1089 I C01406/WRAP: AHardwareBuffer_createFromHandle index = <private> handle = <private>, ahb = <private>
09-28 17:52:53.324   822  1089 E C01406/skia: SurfaceNodeDrawable DrawCommSurfaceWatermark Name:AdapterActivityContent Id:60979945668611 water mark count is zero
09-28 17:52:53.324   822  1089 E C01406/skia: RSBaseRenderUtil::DealWithSurfaceRotationAndGravity, GetSurfaceBufferOpaque:0
09-28 17:52:53.324   822  1089 I C01406/WRAP: AHardwareBuffer_createFromHandle index = <private> handle = <private>, ahb = <private>
09-28 17:52:53.324   822  1089 E C01406/skia: SurfaceNodeDrawable DrawCommSurfaceWatermark Name:AdapterSurfaceView Id:60979945668612 water mark count is zero
09-28 17:52:53.324   822  1089 E C01406/skia: SurfaceNodeDrawable DrawCommSurfaceWatermark Name:com.a2hlab.bridge.zigzag/com.unity3d.player.UnityPlayerActivity Id:60979945668609 water mark count is zero
09-28 17:52:53.324   822  1089 E C01406/skia: SurfaceNodeDrawable DrawCommSurfaceWatermark Name:WindowScene_zigzag35 Id:8516920148845 water mark count is zero
09-28 17:52:53.324   822  1089 E C01406/skia: SurfaceNodeDrawable DrawCommSurfaceWatermark Name:SCBGestureNavBar13 Id:8516920148115 water mark count is zero
09-28 17:52:53.324   822  1089 E C01406/skia: SurfaceNodeDrawable DrawCommSurfaceWatermark Name:SCBStatusBar15 Id:8516920148195 water mark count is zero
09-28 17:52:53.325   850   982 I C02d13/HDC_LOG: [daemon.cpp:1142] FetchCommand channelId:3220893637 command:1001
09-28 17:52:53.325   850   982 I C02d13/HDC_LOG: [session.cpp:1652] New HTaskInfo cid:3220893637 sid:246******508(L:10) command:1001
09-28 17:52:53.325   850   982 I C02d13/HDC_LOG: [session.cpp:891] AdminTask add task type:0 cid:3220893637 sid:246******508(L:10) mapsize:2
09-28 17:52:53.325   850   982 I C02d13/HDC_LOG: [task.cpp:34] HdcTaskBase type:0 cid:3220893637 sid:246******508(L:10)
09-28 17:52:53.325   850   982 I C02d13/HDC_LOG: [daemon_unity.cpp:414] Unity CommandDispatch command:1001 cid:3220893637 sid:246******508(L:10)
09-28 17:52:53.325   850   982 W C02d13/HDC_LOG: [async_cmd.cpp:114] GetDevItem false key:persist.hdc.root
09-28 17:52:53.326   850 14935 I C02d13/HDC_LOG: [async_cmd.cpp:225] Popen pipe fds[pipeRead]:32 fds[pipeWrite]:36, mode 0
09-28 17:52:53.327   822  1089 E C02515/DISP: [0;32;31m[GetMetadata:109] <private> is not supported[m
09-28 17:52:53.327   822  1089 E C02515/DISP: [0;32;31m[SetMetadata:102] <private> is not supported[m
09-28 17:52:53.327   822  1089 E C02515/METADATA_SRV: [0;32;31m[SetMetadata:136]  fail[m
09-28 17:52:53.327   822  1089 E C01401/Bufferqueue: <surface_buffer_impl.cpp:714-SetMetadata>: SetMetadata Failed with -5
09-28 17:52:53.327   822  1089 E C01406/skia: RSUniRenderComposerAdapter::SetBufferColorSpace set color space fail
09-28 17:52:53.327   850   982 I C02d13/HDC_LOG: [async_cmd.cpp:291] ExecuteCommand cmd:param get const.product.os.dist.apiname fd:32 pid:14936
09-28 17:52:53.328   850   982 I C02d13/HDC_LOG: [daemon_unity.cpp:486] Unity CommandDispatch command:1001 finish cid:3220893637 sid:246******508(L:10)
09-28 17:52:53.328 14936 14936 W C02d13/HDC_LOG: [async_cmd.cpp:140] SetSelinuxLabel con:u:r:su:s0 isRoot:0
09-28 17:52:53.330   397   739 I C02d10/HiView-Monitor: CollectPerfProfiler: collect performance profiler
09-28 17:52:53.336 14198 14423 I C00f00/OH_DER_VSync: onOhVsync ENTRY ts=<private> data=<private>
09-28 17:52:53.336 14198 14422 I C00f00/OH_DER_VSync: scheduleVsync ENTRY receiverPtr=0x<private>
09-28 17:52:53.336 14198 14422 I C00f00/OH_DER_VSync: scheduleVsync calling RequestFrame ohVsync=<private>
09-28 17:52:53.337 14198 14422 I C00f00/OH_DER_VSync: scheduleVsync RequestFrame rc=<private>
09-28 17:52:53.338   822  1208 E C02515/DISP: [0;32;31m[SetMetadata:102] <private> is not supported[m
09-28 17:52:53.338   822  1208 E C02515/METADATA_SRV: [0;32;31m[SetMetadata:136]  fail[m
09-28 17:52:53.338   822  1208 E C01401/Bufferqueue: <surface_buffer_impl.cpp:714-SetMetadata>: SetMetadata Failed with -5
09-28 17:52:53.339   798  1062 E C02515/DISP: [0;32;31m[SetLayerMaskInfo@display_composer_vdi_impl.cpp:404] <private> is not supported[m
09-28 17:52:53.339   822  1240 E C02515/DISP: [0;32;31m[SetMetadata:102] <private> is not supported[m
09-28 17:52:53.339   822  1240 E C02515/METADATA_SRV: [0;32;31m[SetMetadata:136]  fail[m
09-28 17:52:53.339   822  1240 E C01401/Bufferqueue: <surface_buffer_impl.cpp:714-SetMetadata>: SetMetadata Failed with -5
09-28 17:52:53.340   798  1062 E C02515/DISP: [0;32;31m[SetDisplayClientDamage@display_composer_vdi_impl.cpp:179] <private> is not supported[m
09-28 17:52:53.341   561   755 I C02802/InputActiveSubscriberHandler: [|316]0|0|809
09-28 17:52:53.349   850 14937 I C02d13/HDC_LOG: [async_cmd.cpp:88] FinishShellProc finish pipeRead fd:32 pid:14936 count:1
09-28 17:52:53.349   850 14937 I C02d13/HDC_LOG: [task.cpp:55] HdcTaskBase::TaskFinish notify begin type:0 cid:3220893637 sid:246******508(L:10)
09-28 17:52:53.349   850 14937 I C02d13/HDC_LOG: [task.cpp:58] HdcTaskBase::TaskFinish notify end type:0 cid:3220893637 sid:246******508(L:10)
09-28 17:52:53.351   850   982 I C02d13/HDC_LOG: [daemon.cpp:1142] FetchCommand channelId:3220893637 command:2
09-28 17:52:53.351   850   982 W C02d13/HDC_LOG: [session.cpp:160] BeginRemoveTask taskType:0 channelId:3220893637
09-28 17:52:53.351   850   982 W C02d13/HDC_LOG: [session.cpp:190] ClearOwnTasks OP_CLEAR finish, sessionId:246******508(L:10) channelIDInput:3220893637
09-28 17:52:53.351   850   982 W C02d13/HDC_LOG: [session.cpp:115] taskClassDeleteRetry start clear task, taskType:0 cid:3220893637 sid:246******508(L:10)
09-28 17:52:53.351   850   982 I C02d13/HDC_LOG: [async_cmd.cpp:69] DoRelease rc:-3 pid:14936
09-28 17:52:53.351   850   982 I C02d13/HDC_LOG: [session.cpp:126] TaskDelay task remove retry count 0/30, taskType:0 channelId:3220893637, sessionId:246******508(L:10)
09-28 17:52:53.351   850   982 I C02d13/HDC_LOG: [daemon_unity.cpp:31] ~HdcDaemonUnity cid:3220893637 sid:246******508(L:10)
09-28 17:52:53.351   850   982 I C02d13/HDC_LOG: [task.cpp:40] ~HdcTaskBase type:0 cid:3220893637 sid:246******508(L:10)
09-28 17:52:53.351   850   982 W C02d13/HDC_LOG: [session.cpp:134] TaskDelay task remove finish, channelId:3220893637
09-28 17:52:53.351   850   982 I C02d13/HDC_LOG: [base.cpp:969] before uv handle close, the uv handle type is 13
09-28 17:52:53.353 14198 14423 I C00f00/OH_DER_VSync: onOhVsync ENTRY ts=<private> data=<private>
09-28 17:52:53.353 14198 14422 I C00f00/OH_DER_VSync: scheduleVsync ENTRY receiverPtr=0x<private>
09-28 17:52:53.353 14198 14422 I C00f00/OH_DER_VSync: scheduleVsync calling RequestFrame ohVsync=<private>
09-28 17:52:53.353   822   822 E C02515/DISP: [0;32;31m[GetMetadata:109] <private> is not supported[m
09-28 17:52:53.353 14198 14422 I C00f00/OH_DER_VSync: scheduleVsync RequestFrame rc=<private>
09-28 17:52:53.353   822   822 E C02515/DISP: [0;32;31m[GetMetadata:109] <private> is not supported[m
09-28 17:52:53.353   822   822 E C02515/DISP: [0;32;31m[GetMetadata:109] <private> is not supported[m
09-28 17:52:53.354   822   822 E C01406/skia: RSBaseRenderUtil::DealWithSurfaceRotationAndGravity, GetSurfaceBufferOpaque:0
09-28 17:52:53.355   822   822 E C02515/DISP: [0;32;31m[GetMetadata:109] <private> is not supported[m
09-28 17:52:53.355   822   822 E C01406/skia: RSBaseRenderUtil::DealWithSurfaceRotationAndGravity, GetSurfaceBufferOpaque:0
09-28 17:52:53.355   822   822 E C02515/DISP: [0;32;31m[GetMetadata:109] <private> is not supported[m
09-28 17:52:53.356   822  1089 E C02515/DISP: [0;32;31m[SetMetadata:102] <private> is not supported[m
09-28 17:52:53.356   822  1089 E C02515/METADATA_SRV: [0;32;31m[SetMetadata:136]  fail[m
09-28 17:52:53.356   822  1089 E C01401/Bufferqueue: <surface_buffer_impl.cpp:714-SetMetadata>: SetMetadata Failed with -5
09-28 17:52:53.357   850   982 I C02d13/HDC_LOG: [daemon.cpp:1142] FetchCommand channelId:3220893637 command:2
09-28 17:52:53.357   822  1089 E C01406/skia: SurfaceNodeDrawable DrawCommSurfaceWatermark Name:SCBWallpaper5 Id:8516920147979 water mark count is zero
09-28 17:52:53.358   822  1089 E C01406/skia: SurfaceNodeDrawable DrawCommSurfaceWatermark Name:SCBDesktop6 Id:8516920147988 water mark count is zero
09-28 17:52:53.358   822  1089 E C01406/skia: RSBaseRenderUtil::DealWithSurfaceRotationAndGravity, GetSurfaceBufferOpaque:0
09-28 17:52:53.358   822  1089 I C01406/WRAP: AHardwareBuffer_createFromHandle index = <private> handle = <private>, ahb = <private>
09-28 17:52:53.358   822  1089 E C01406/skia: SurfaceNodeDrawable DrawCommSurfaceWatermark Name:AdapterActivityContent Id:60979945668611 water mark count is zero
09-28 17:52:53.359   822  1089 E C01406/skia: RSBaseRenderUtil::DealWithSurfaceRotationAndGravity, GetSurfaceBufferOpaque:0
09-28 17:52:53.359   822  1089 I C01406/WRAP: AHardwareBuffer_createFromHandle index = <private> handle = <private>, ahb = <private>
09-28 17:52:53.359   822  1089 E C01406/skia: SurfaceNodeDrawable DrawCommSurfaceWatermark Name:AdapterSurfaceView Id:60979945668612 water mark count is zero
09-28 17:52:53.359   822  1089 E C01406/skia: SurfaceNodeDrawable DrawCommSurfaceWatermark Name:com.a2hlab.bridge.zigzag/com.unity3d.player.UnityPlayerActivity Id:60979945668609 water mark count is zero
09-28 17:52:53.359   822  1089 E C01406/skia: SurfaceNodeDrawable DrawCommSurfaceWatermark Name:WindowScene_zigzag35 Id:8516920148845 water mark count is zero
09-28 17:52:53.359   822  1089 E C01406/skia: SurfaceNodeDrawable DrawCommSurfaceWatermark Name:SCBGestureNavBar13 Id:8516920148115 water mark count is zero
09-28 17:52:53.359   822  1089 E C01406/skia: SurfaceNodeDrawable DrawCommSurfaceWatermark Name:SCBStatusBar15 Id:8516920148195 water mark count is zero
09-28 17:52:53.361   822  1089 E C02515/DISP: [0;32;31m[GetMetadata:109] <private> is not supported[m
09-28 17:52:53.362   822  1089 E C02515/DISP: [0;32;31m[SetMetadata:102] <private> is not supported[m
09-28 17:52:53.362   822  1089 E C02515/METADATA_SRV: [0;32;31m[SetMetadata:136]  fail[m
09-28 17:52:53.362   822  1089 E C01401/Bufferqueue: <surface_buffer_impl.cpp:714-SetMetadata>: SetMetadata Failed with -5
09-28 17:52:53.362   822  1089 E C01406/skia: RSUniRenderComposerAdapter::SetBufferColorSpace set color space fail
09-28 17:52:53.369 14198 14423 I C00f00/OH_DER_VSync: onOhVsync ENTRY ts=<private> data=<private>
09-28 17:52:53.370 14198 14422 I C00f00/OH_DER_VSync: scheduleVsync ENTRY receiverPtr=0x<private>
09-28 17:52:53.370 14198 14422 I C00f00/OH_DER_VSync: scheduleVsync calling RequestFrame ohVsync=<private>
09-28 17:52:53.370 14198 14422 I C00f00/OH_DER_VSync: scheduleVsync RequestFrame rc=<private>
09-28 17:52:53.371   822  1208 E C02515/DISP: [0;32;31m[SetMetadata:102] <private> is not supported[m
09-28 17:52:53.371   822  1208 E C02515/METADATA_SRV: [0;32;31m[SetMetadata:136]  fail[m
09-28 17:52:53.372   822  1208 E C01401/Bufferqueue: <surface_buffer_impl.cpp:714-SetMetadata>: SetMetadata Failed with -5
09-28 17:52:53.372   798  1062 E C02515/DISP: [0;32;31m[SetLayerMaskInfo@display_composer_vdi_impl.cpp:404] <private> is not supported[m
09-28 17:52:53.372   822  1240 E C02515/DISP: [0;32;31m[SetMetadata:102] <private> is not supported[m
09-28 17:52:53.373   822  1240 E C02515/METADATA_SRV: [0;32;31m[SetMetadata:136]  fail[m
09-28 17:52:53.373   822  1240 E C01401/Bufferqueue: <surface_buffer_impl.cpp:714-SetMetadata>: SetMetadata Failed with -5
09-28 17:52:53.374   798  1062 E C02515/DISP: [0;32;31m[SetDisplayClientDamage@display_composer_vdi_impl.cpp:179] <private> is not supported[m
09-28 17:52:53.386 14198 14423 I C00f00/OH_DER_VSync: onOhVsync ENTRY ts=<private> data=<private>
09-28 17:52:53.386   822   822 E C02515/DISP: [0;32;31m[GetMetadata:109] <private> is not supported[m
09-28 17:52:53.386   822   822 E C02515/DISP: [0;32;31m[GetMetadata:109] <private> is not supported[m
09-28 17:52:53.386 14198 14422 I C00f00/OH_DER_VSync: scheduleVsync ENTRY receiverPtr=0x<private>
09-28 17:52:53.386   822   822 E C02515/DISP: [0;32;31m[GetMetadata:109] <private> is not supported[m
09-28 17:52:53.386 14198 14422 I C00f00/OH_DER_VSync: scheduleVsync calling RequestFrame ohVsync=<private>
09-28 17:52:53.387 14198 14422 I C00f00/OH_DER_VSync: scheduleVsync RequestFrame rc=<private>
09-28 17:52:53.388   822   822 E C01406/skia: RSBaseRenderUtil::DealWithSurfaceRotationAndGravity, GetSurfaceBufferOpaque:0
09-28 17:52:53.388   822   822 E C02515/DISP: [0;32;31m[GetMetadata:109] <private> is not supported[m
09-28 17:52:53.388   822   822 E C01406/skia: RSBaseRenderUtil::DealWithSurfaceRotationAndGravity, GetSurfaceBufferOpaque:0
09-28 17:52:53.388   822   822 E C02515/DISP: [0;32;31m[GetMetadata:109] <private> is not supported[m
09-28 17:52:53.389   822  1089 E C02515/DISP: [0;32;31m[SetMetadata:102] <private> is not supported[m
09-28 17:52:53.390   822  1089 E C02515/METADATA_SRV: [0;32;31m[SetMetadata:136]  fail[m
09-28 17:52:53.390   822  1089 E C01401/Bufferqueue: <surface_buffer_impl.cpp:714-SetMetadata>: SetMetadata Failed with -5
09-28 17:52:53.390   822  1089 E C01406/skia: SurfaceNodeDrawable DrawCommSurfaceWatermark Name:SCBWallpaper5 Id:8516920147979 water mark count is zero
09-28 17:52:53.391   822  1089 E C01406/skia: SurfaceNodeDrawable DrawCommSurfaceWatermark Name:SCBDesktop6 Id:8516920147988 water mark count is zero
09-28 17:52:53.391   822  1089 E C01406/skia: RSBaseRenderUtil::DealWithSurfaceRotationAndGravity, GetSurfaceBufferOpaque:0
09-28 17:52:53.392   822  1089 I C01406/WRAP: AHardwareBuffer_createFromHandle index = <private> handle = <private>, ahb = <private>
09-28 17:52:53.392   822  1089 E C01406/skia: SurfaceNodeDrawable DrawCommSurfaceWatermark Name:AdapterActivityContent Id:60979945668611 water mark count is zero
09-28 17:52:53.392   822  1089 E C01406/skia: RSBaseRenderUtil::DealWithSurfaceRotationAndGravity, GetSurfaceBufferOpaque:0
09-28 17:52:53.392   822  1089 I C01406/WRAP: AHardwareBuffer_createFromHandle index = <private> handle = <private>, ahb = <private>
09-28 17:52:53.392   822  1089 E C01406/skia: SurfaceNodeDrawable DrawCommSurfaceWatermark Name:AdapterSurfaceView Id:60979945668612 water mark count is zero
09-28 17:52:53.392   822  1089 E C01406/skia: SurfaceNodeDrawable DrawCommSurfaceWatermark Name:com.a2hlab.bridge.zigzag/com.unity3d.player.UnityPlayerActivity Id:60979945668609 water mark count is zero
09-28 17:52:53.392   822  1089 E C01406/skia: SurfaceNodeDrawable DrawCommSurfaceWatermark Name:WindowScene_zigzag35 Id:8516920148845 water mark count is zero
09-28 17:52:53.393   822  1089 E C01406/skia: SurfaceNodeDrawable DrawCommSurfaceWatermark Name:SCBGestureNavBar13 Id:8516920148115 water mark count is zero
09-28 17:52:53.393   822  1089 E C01406/skia: SurfaceNodeDrawable DrawCommSurfaceWatermark Name:SCBStatusBar15 Id:8516920148195 water mark count is zero
09-28 17:52:53.395   822  1089 E C02515/DISP: [0;32;31m[GetMetadata:109] <private> is not supported[m
09-28 17:52:53.395   822  1089 E C02515/DISP: [0;32;31m[SetMetadata:102] <private> is not supported[m
09-28 17:52:53.395   822  1089 E C02515/METADATA_SRV: [0;32;31m[SetMetadata:136]  fail[m
09-28 17:52:53.395   822  1089 E C01401/Bufferqueue: <surface_buffer_impl.cpp:714-SetMetadata>: SetMetadata Failed with -5
09-28 17:52:53.395   822  1089 E C01406/skia: RSUniRenderComposerAdapter::SetBufferColorSpace set color space fail
09-28 17:52:53.403 14198 14423 I C00f00/OH_DER_VSync: onOhVsync ENTRY ts=<private> data=<private>
09-28 17:52:53.403 14198 14422 I C00f00/OH_DER_VSync: scheduleVsync ENTRY receiverPtr=0x<private>
09-28 17:52:53.403 14198 14422 I C00f00/OH_DER_VSync: scheduleVsync calling RequestFrame ohVsync=<private>
09-28 17:52:53.403 14198 14422 I C00f00/OH_DER_VSync: scheduleVsync RequestFrame rc=<private>
09-28 17:52:53.405   822  1208 E C02515/DISP: [0;32;31m[SetMetadata:102] <private> is not supported[m
09-28 17:52:53.405   822  1208 E C02515/METADATA_SRV: [0;32;31m[SetMetadata:136]  fail[m
09-28 17:52:53.405   822  1208 E C01401/Bufferqueue: <surface_buffer_impl.cpp:714-SetMetadata>: SetMetadata Failed with -5
09-28 17:52:53.406   798  1062 E C02515/DISP: [0;32;31m[SetLayerMaskInfo@display_composer_vdi_impl.cpp:404] <private> is not supported[m
09-28 17:52:53.406   822  1240 E C02515/DISP: [0;32;31m[SetMetadata:102] <private> is not supported[m
09-28 17:52:53.406   822  1240 E C02515/METADATA_SRV: [0;32;31m[SetMetadata:136]  fail[m
09-28 17:52:53.406   822  1240 E C01401/Bufferqueue: <surface_buffer_impl.cpp:714-SetMetadata>: SetMetadata Failed with -5
09-28 17:52:53.407   798  1062 E C02515/DISP: [0;32;31m[SetDisplayClientDamage@display_composer_vdi_impl.cpp:179] <private> is not supported[m
09-28 17:52:53.419 14198 14423 I C00f00/OH_DER_VSync: onOhVsync ENTRY ts=<private> data=<private>
09-28 17:52:53.420 14198 14422 I C00f00/OH_DER_VSync: scheduleVsync ENTRY receiverPtr=0x<private>
09-28 17:52:53.420 14198 14422 I C00f00/OH_DER_VSync: scheduleVsync calling RequestFrame ohVsync=<private>
09-28 17:52:53.420   822   822 E C02515/DISP: [0;32;31m[GetMetadata:109] <private> is not supported[m
09-28 17:52:53.420 14198 14422 I C00f00/OH_DER_VSync: scheduleVsync RequestFrame rc=<private>
09-28 17:52:53.420   822   822 E C02515/DISP: [0;32;31m[GetMetadata:109] <private> is not supported[m
09-28 17:52:53.420   822   822 E C02515/DISP: [0;32;31m[GetMetadata:109] <private> is not supported[m
09-28 17:52:53.421   822   822 E C01406/skia: RSBaseRenderUtil::DealWithSurfaceRotationAndGravity, GetSurfaceBufferOpaque:0
09-28 17:52:53.421   822   822 E C02515/DISP: [0;32;31m[GetMetadata:109] <private> is not supported[m
09-28 17:52:53.421   822   822 E C01406/skia: RSBaseRenderUtil::DealWithSurfaceRotationAndGravity, GetSurfaceBufferOpaque:0
09-28 17:52:53.421   822   822 E C02515/DISP: [0;32;31m[GetMetadata:109] <private> is not supported[m
09-28 17:52:53.423   822  1089 E C02515/DISP: [0;32;31m[SetMetadata:102] <private> is not supported[m
09-28 17:52:53.423   822  1089 E C02515/METADATA_SRV: [0;32;31m[SetMetadata:136]  fail[m
09-28 17:52:53.423   822  1089 E C01401/Bufferqueue: <surface_buffer_impl.cpp:714-SetMetadata>: SetMetadata Failed with -5
09-28 17:52:53.423   822  1089 E C01406/skia: SurfaceNodeDrawable DrawCommSurfaceWatermark Name:SCBWallpaper5 Id:8516920147979 water mark count is zero
09-28 17:52:53.425   822  1089 E C01406/skia: SurfaceNodeDrawable DrawCommSurfaceWatermark Name:SCBDesktop6 Id:8516920147988 water mark count is zero
09-28 17:52:53.425   822  1089 E C01406/skia: RSBaseRenderUtil::DealWithSurfaceRotationAndGravity, GetSurfaceBufferOpaque:0
09-28 17:52:53.425   822  1089 I C01406/WRAP: AHardwareBuffer_createFromHandle index = <private> handle = <private>, ahb = <private>
09-28 17:52:53.425   822  1089 E C01406/skia: SurfaceNodeDrawable DrawCommSurfaceWatermark Name:AdapterActivityContent Id:60979945668611 water mark count is zero
09-28 17:52:53.425   822  1089 E C01406/skia: RSBaseRenderUtil::DealWithSurfaceRotationAndGravity, GetSurfaceBufferOpaque:0
09-28 17:52:53.425   822  1089 I C01406/WRAP: AHardwareBuffer_createFromHandle index = <private> handle = <private>, ahb = <private>
09-28 17:52:53.426   822  1089 E C01406/skia: SurfaceNodeDrawable DrawCommSurfaceWatermark Name:AdapterSurfaceView Id:60979945668612 water mark count is zero
09-28 17:52:53.426   822  1089 E C01406/skia: SurfaceNodeDrawable DrawCommSurfaceWatermark Name:com.a2hlab.bridge.zigzag/com.unity3d.player.UnityPlayerActivity Id:60979945668609 water mark count is zero
09-28 17:52:53.426   822  1089 E C01406/skia: SurfaceNodeDrawable DrawCommSurfaceWatermark Name:WindowScene_zigzag35 Id:8516920148845 water mark count is zero
09-28 17:52:53.426   822  1089 E C01406/skia: SurfaceNodeDrawable DrawCommSurfaceWatermark Name:SCBGestureNavBar13 Id:8516920148115 water mark count is zero
09-28 17:52:53.426   822  1089 E C01406/skia: SurfaceNodeDrawable DrawCommSurfaceWatermark Name:SCBStatusBar15 Id:8516920148195 water mark count is zero
09-28 17:52:53.429   822  1089 E C02515/DISP: [0;32;31m[GetMetadata:109] <private> is not supported[m
09-28 17:52:53.429   822  1089 E C02515/DISP: [0;32;31m[SetMetadata:102] <private> is not supported[m
09-28 17:52:53.429   822  1089 E C02515/METADATA_SRV: [0;32;31m[SetMetadata:136]  fail[m
09-28 17:52:53.429   822  1089 E C01401/Bufferqueue: <surface_buffer_impl.cpp:714-SetMetadata>: SetMetadata Failed with -5
09-28 17:52:53.429   822  1089 E C01406/skia: RSUniRenderComposerAdapter::SetBufferColorSpace set color space fail
09-28 17:52:53.436 14198 14423 I C00f00/OH_DER_VSync: onOhVsync ENTRY ts=<private> data=<private>
09-28 17:52:53.436 14198 14422 I C00f00/OH_DER_VSync: scheduleVsync ENTRY receiverPtr=0x<private>
09-28 17:52:53.436 14198 14422 I C00f00/OH_DER_VSync: scheduleVsync calling RequestFrame ohVsync=<private>
09-28 17:52:53.437 14198 14422 I C00f00/OH_DER_VSync: scheduleVsync RequestFrame rc=<private>
09-28 17:52:53.438   822  1208 E C02515/DISP: [0;32;31m[SetMetadata:102] <private> is not supported[m
09-28 17:52:53.438   822  1208 E C02515/METADATA_SRV: [0;32;31m[SetMetadata:136]  fail[m
09-28 17:52:53.438   822  1208 E C01401/Bufferqueue: <surface_buffer_impl.cpp:714-SetMetadata>: SetMetadata Failed with -5
09-28 17:52:53.439   798  1062 E C02515/DISP: [0;32;31m[SetLayerMaskInfo@display_composer_vdi_impl.cpp:404] <private> is not supported[m
09-28 17:52:53.439   822  1240 E C02515/DISP: [0;32;31m[SetMetadata:102] <private> is not supported[m
09-28 17:52:53.439   822  1240 E C02515/METADATA_SRV: [0;32;31m[SetMetadata:136]  fail[m
09-28 17:52:53.439   822  1240 E C01401/Bufferqueue: <surface_buffer_impl.cpp:714-SetMetadata>: SetMetadata Failed with -5
09-28 17:52:53.440   798  1062 E C02515/DISP: [0;32;31m[SetDisplayClientDamage@display_composer_vdi_impl.cpp:179] <private> is not supported[m
09-28 17:52:53.453 14198 14423 I C00f00/OH_DER_VSync: onOhVsync ENTRY ts=<private> data=<private>
09-28 17:52:53.453 14198 14422 I C00f00/OH_DER_VSync: scheduleVsync ENTRY receiverPtr=0x<private>
09-28 17:52:53.453 14198 14422 I C00f00/OH_DER_VSync: scheduleVsync calling RequestFrame ohVsync=<private>
09-28 17:52:53.453   822   822 E C02515/DISP: [0;32;31m[GetMetadata:109] <private> is not supported[m
09-28 17:52:53.453 14198 14422 I C00f00/OH_DER_VSync: scheduleVsync RequestFrame rc=<private>
09-28 17:52:53.453   822   822 E C02515/DISP: [0;32;31m[GetMetadata:109] <private> is not supported[m
09-28 17:52:53.453   822   822 E C02515/DISP: [0;32;31m[GetMetadata:109] <private> is not supported[m
09-28 17:52:53.454   822   822 E C01406/skia: RSBaseRenderUtil::DealWithSurfaceRotationAndGravity, GetSurfaceBufferOpaque:0
09-28 17:52:53.455   822   822 E C02515/DISP: [0;32;31m[GetMetadata:109] <private> is not supported[m
09-28 17:52:53.455   822   822 E C01406/skia: RSBaseRenderUtil::DealWithSurfaceRotationAndGravity, GetSurfaceBufferOpaque:0
09-28 17:52:53.455   822   822 E C02515/DISP: [0;32;31m[GetMetadata:109] <private> is not supported[m
09-28 17:52:53.456   822  1089 E C02515/DISP: [0;32;31m[SetMetadata:102] <private> is not supported[m
09-28 17:52:53.456   822  1089 E C02515/METADATA_SRV: [0;32;31m[SetMetadata:136]  fail[m
09-28 17:52:53.456   822  1089 E C01401/Bufferqueue: <surface_buffer_impl.cpp:714-SetMetadata>: SetMetadata Failed with -5
09-28 17:52:53.457   822  1089 E C01406/skia: SurfaceNodeDrawable DrawCommSurfaceWatermark Name:SCBWallpaper5 Id:8516920147979 water mark count is zero
09-28 17:52:53.458   822  1089 E C01406/skia: SurfaceNodeDrawable DrawCommSurfaceWatermark Name:SCBDesktop6 Id:8516920147988 water mark count is zero
09-28 17:52:53.458   822  1089 E C01406/skia: RSBaseRenderUtil::DealWithSurfaceRotationAndGravity, GetSurfaceBufferOpaque:0
09-28 17:52:53.458   822  1089 I C01406/WRAP: AHardwareBuffer_createFromHandle index = <private> handle = <private>, ahb = <private>
09-28 17:52:53.458   822  1089 E C01406/skia: SurfaceNodeDrawable DrawCommSurfaceWatermark Name:AdapterActivityContent Id:60979945668611 water mark count is zero
09-28 17:52:53.458   822  1089 E C01406/skia: RSBaseRenderUtil::DealWithSurfaceRotationAndGravity, GetSurfaceBufferOpaque:0
09-28 17:52:53.459   822  1089 I C01406/WRAP: AHardwareBuffer_createFromHandle index = <private> handle = <private>, ahb = <private>
09-28 17:52:53.459   822  1089 E C01406/skia: SurfaceNodeDrawable DrawCommSurfaceWatermark Name:AdapterSurfaceView Id:60979945668612 water mark count is zero
09-28 17:52:53.459   822  1089 E C01406/skia: SurfaceNodeDrawable DrawCommSurfaceWatermark Name:com.a2hlab.bridge.zigzag/com.unity3d.player.UnityPlayerActivity Id:60979945668609 water mark count is zero
09-28 17:52:53.459   822  1089 E C01406/skia: SurfaceNodeDrawable DrawCommSurfaceWatermark Name:WindowScene_zigzag35 Id:8516920148845 water mark count is zero
09-28 17:52:53.459   822  1089 E C01406/skia: SurfaceNodeDrawable DrawCommSurfaceWatermark Name:SCBGestureNavBar13 Id:8516920148115 water mark count is zero
09-28 17:52:53.459   822  1089 E C01406/skia: SurfaceNodeDrawable DrawCommSurfaceWatermark Name:SCBStatusBar15 Id:8516920148195 water mark count is zero
09-28 17:52:53.461   822  1089 E C02515/DISP: [0;32;31m[GetMetadata:109] <private> is not supported[m
09-28 17:52:53.461   822  1089 E C02515/DISP: [0;32;31m[SetMetadata:102] <private> is not supported[m
09-28 17:52:53.461   822  1089 E C02515/METADATA_SRV: [0;32;31m[SetMetadata:136]  fail[m
09-28 17:52:53.461   822  1089 E C01401/Bufferqueue: <surface_buffer_impl.cpp:714-SetMetadata>: SetMetadata Failed with -5
09-28 17:52:53.461   822  1089 E C01406/skia: RSUniRenderComposerAdapter::SetBufferColorSpace set color space fail
09-28 17:52:53.462   850   982 I C02d13/HDC_LOG: [daemon.cpp:1142] FetchCommand channelId:4101785694 command:1001
09-28 17:52:53.462   850   982 I C02d13/HDC_LOG: [session.cpp:1652] New HTaskInfo cid:4101785694 sid:246******508(L:10) command:1001
09-28 17:52:53.462   850   982 I C02d13/HDC_LOG: [session.cpp:891] AdminTask add task type:0 cid:4101785694 sid:246******508(L:10) mapsize:2
09-28 17:52:53.462   850   982 I C02d13/HDC_LOG: [task.cpp:34] HdcTaskBase type:0 cid:4101785694 sid:246******508(L:10)
09-28 17:52:53.462   850   982 I C02d13/HDC_LOG: [daemon_unity.cpp:414] Unity CommandDispatch command:1001 cid:4101785694 sid:246******508(L:10)
09-28 17:52:53.462   850   982 W C02d13/HDC_LOG: [async_cmd.cpp:114] GetDevItem false key:persist.hdc.root
09-28 17:52:53.463   850 14938 I C02d13/HDC_LOG: [async_cmd.cpp:225] Popen pipe fds[pipeRead]:32 fds[pipeWrite]:36, mode 0
09-28 17:52:53.465   850   982 I C02d13/HDC_LOG: [async_cmd.cpp:291] ExecuteCommand cmd:param get const.product.os.dist.apiname fd:32 pid:14939
09-28 17:52:53.465   850   982 I C02d13/HDC_LOG: [daemon_unity.cpp:486] Unity CommandDispatch command:1001 finish cid:4101785694 sid:246******508(L:10)
09-28 17:52:53.466 14939 14939 W C02d13/HDC_LOG: [async_cmd.cpp:140] SetSelinuxLabel con:u:r:su:s0 isRoot:0
09-28 17:52:53.470 14198 14423 I C00f00/OH_DER_VSync: onOhVsync ENTRY ts=<private> data=<private>
09-28 17:52:53.470 14198 14422 I C00f00/OH_DER_VSync: scheduleVsync ENTRY receiverPtr=0x<private>
09-28 17:52:53.470 14198 14422 I C00f00/OH_DER_VSync: scheduleVsync calling RequestFrame ohVsync=<private>
09-28 17:52:53.470 14198 14422 I C00f00/OH_DER_VSync: scheduleVsync RequestFrame rc=<private>
09-28 17:52:53.472   822  1208 E C02515/DISP: [0;32;31m[SetMetadata:102] <private> is not supported[m
09-28 17:52:53.472   822  1208 E C02515/METADATA_SRV: [0;32;31m[SetMetadata:136]  fail[m
09-28 17:52:53.472   822  1208 E C01401/Bufferqueue: <surface_buffer_impl.cpp:714-SetMetadata>: SetMetadata Failed with -5
09-28 17:52:53.473   798  1062 E C02515/DISP: [0;32;31m[SetLayerMaskInfo@display_composer_vdi_impl.cpp:404] <private> is not supported[m
09-28 17:52:53.473   822  1240 E C02515/DISP: [0;32;31m[SetMetadata:102] <private> is not supported[m
09-28 17:52:53.473   822  1240 E C02515/METADATA_SRV: [0;32;31m[SetMetadata:136]  fail[m
09-28 17:52:53.473   822  1240 E C01401/Bufferqueue: <surface_buffer_impl.cpp:714-SetMetadata>: SetMetadata Failed with -5
09-28 17:52:53.474   798  1062 E C02515/DISP: [0;32;31m[SetDisplayClientDamage@display_composer_vdi_impl.cpp:179] <private> is not supported[m
09-28 17:52:53.486 14198 14423 I C00f00/OH_DER_VSync: onOhVsync ENTRY ts=<private> data=<private>
09-28 17:52:53.486 14198 14422 I C00f00/OH_DER_VSync: scheduleVsync ENTRY receiverPtr=0x<private>
09-28 17:52:53.486 14198 14422 I C00f00/OH_DER_VSync: scheduleVsync calling RequestFrame ohVsync=<private>
09-28 17:52:53.487   822   822 E C02515/DISP: [0;32;31m[GetMetadata:109] <private> is not supported[m
09-28 17:52:53.487 14198 14422 I C00f00/OH_DER_VSync: scheduleVsync RequestFrame rc=<private>
09-28 17:52:53.487   822   822 E C02515/DISP: [0;32;31m[GetMetadata:109] <private> is not supported[m
09-28 17:52:53.487   822   822 E C02515/DISP: [0;32;31m[GetMetadata:109] <private> is not supported[m
09-28 17:52:53.487   850 14940 I C02d13/HDC_LOG: [async_cmd.cpp:88] FinishShellProc finish pipeRead fd:32 pid:14939 count:1
09-28 17:52:53.487   850 14940 I C02d13/HDC_LOG: [task.cpp:55] HdcTaskBase::TaskFinish notify begin type:0 cid:4101785694 sid:246******508(L:10)
09-28 17:52:53.488   850 14940 I C02d13/HDC_LOG: [task.cpp:58] HdcTaskBase::TaskFinish notify end type:0 cid:4101785694 sid:246******508(L:10)
09-28 17:52:53.488   822   822 E C01406/skia: RSBaseRenderUtil::DealWithSurfaceRotationAndGravity, GetSurfaceBufferOpaque:0
09-28 17:52:53.488   822   822 E C02515/DISP: [0;32;31m[GetMetadata:109] <private> is not supported[m
09-28 17:52:53.488   822   822 E C01406/skia: RSBaseRenderUtil::DealWithSurfaceRotationAndGravity, GetSurfaceBufferOpaque:0
09-28 17:52:53.488   822   822 E C02515/DISP: [0;32;31m[GetMetadata:109] <private> is not supported[m
09-28 17:52:53.489   850   982 I C02d13/HDC_LOG: [daemon.cpp:1142] FetchCommand channelId:4101785694 command:2
09-28 17:52:53.489   850   982 W C02d13/HDC_LOG: [session.cpp:160] BeginRemoveTask taskType:0 channelId:4101785694
09-28 17:52:53.489   850   982 W C02d13/HDC_LOG: [session.cpp:190] ClearOwnTasks OP_CLEAR finish, sessionId:246******508(L:10) channelIDInput:4101785694
09-28 17:52:53.489   850   982 W C02d13/HDC_LOG: [session.cpp:115] taskClassDeleteRetry start clear task, taskType:0 cid:4101785694 sid:246******508(L:10)
09-28 17:52:53.489   850   982 I C02d13/HDC_LOG: [async_cmd.cpp:69] DoRelease rc:-3 pid:14939
09-28 17:52:53.489   850   982 I C02d13/HDC_LOG: [session.cpp:126] TaskDelay task remove retry count 0/30, taskType:0 channelId:4101785694, sessionId:246******508(L:10)
09-28 17:52:53.489   850   982 I C02d13/HDC_LOG: [daemon_unity.cpp:31] ~HdcDaemonUnity cid:4101785694 sid:246******508(L:10)
09-28 17:52:53.489   850   982 I C02d13/HDC_LOG: [task.cpp:40] ~HdcTaskBase type:0 cid:4101785694 sid:246******508(L:10)
09-28 17:52:53.489   850   982 W C02d13/HDC_LOG: [session.cpp:134] TaskDelay task remove finish, channelId:4101785694
09-28 17:52:53.489   850   982 I C02d13/HDC_LOG: [base.cpp:969] before uv handle close, the uv handle type is 13
09-28 17:52:53.490   822  1089 E C02515/DISP: [0;32;31m[SetMetadata:102] <private> is not supported[m
09-28 17:52:53.490   822  1089 E C02515/METADATA_SRV: [0;32;31m[SetMetadata:136]  fail[m
09-28 17:52:53.490   822  1089 E C01401/Bufferqueue: <surface_buffer_impl.cpp:714-SetMetadata>: SetMetadata Failed with -5
09-28 17:52:53.490   822  1089 E C01406/skia: SurfaceNodeDrawable DrawCommSurfaceWatermark Name:SCBWallpaper5 Id:8516920147979 water mark count is zero
09-28 17:52:53.492   822  1089 E C01406/skia: SurfaceNodeDrawable DrawCommSurfaceWatermark Name:SCBDesktop6 Id:8516920147988 water mark count is zero
09-28 17:52:53.492   822  1089 E C01406/skia: RSBaseRenderUtil::DealWithSurfaceRotationAndGravity, GetSurfaceBufferOpaque:0
09-28 17:52:53.492   822  1089 I C01406/WRAP: AHardwareBuffer_createFromHandle index = <private> handle = <private>, ahb = <private>
09-28 17:52:53.492   822  1089 E C01406/skia: SurfaceNodeDrawable DrawCommSurfaceWatermark Name:AdapterActivityContent Id:60979945668611 water mark count is zero
09-28 17:52:53.492   822  1089 E C01406/skia: RSBaseRenderUtil::DealWithSurfaceRotationAndGravity, GetSurfaceBufferOpaque:0
09-28 17:52:53.492   822  1089 I C01406/WRAP: AHardwareBuffer_createFromHandle index = <private> handle = <private>, ahb = <private>
09-28 17:52:53.492   822  1089 E C01406/skia: SurfaceNodeDrawable DrawCommSurfaceWatermark Name:AdapterSurfaceView Id:60979945668612 water mark count is zero
09-28 17:52:53.492   822  1089 E C01406/skia: SurfaceNodeDrawable DrawCommSurfaceWatermark Name:com.a2hlab.bridge.zigzag/com.unity3d.player.UnityPlayerActivity Id:60979945668609 water mark count is zero
09-28 17:52:53.492   822  1089 E C01406/skia: SurfaceNodeDrawable DrawCommSurfaceWatermark Name:WindowScene_zigzag35 Id:8516920148845 water mark count is zero
09-28 17:52:53.493   822  1089 E C01406/skia: SurfaceNodeDrawable DrawCommSurfaceWatermark Name:SCBGestureNavBar13 Id:8516920148115 water mark count is zero
09-28 17:52:53.493   822  1089 E C01406/skia: SurfaceNodeDrawable DrawCommSurfaceWatermark Name:SCBStatusBar15 Id:8516920148195 water mark count is zero
09-28 17:52:53.493   850   982 I C02d13/HDC_LOG: [daemon.cpp:1142] FetchCommand channelId:4101785694 command:2
09-28 17:52:53.496   822  1089 E C02515/DISP: [0;32;31m[GetMetadata:109] <private> is not supported[m
09-28 17:52:53.496   822  1089 E C02515/DISP: [0;32;31m[SetMetadata:102] <private> is not supported[m
09-28 17:52:53.496   822  1089 E C02515/METADATA_SRV: [0;32;31m[SetMetadata:136]  fail[m
09-28 17:52:53.496   822  1089 E C01401/Bufferqueue: <surface_buffer_impl.cpp:714-SetMetadata>: SetMetadata Failed with -5
09-28 17:52:53.496   822  1089 E C01406/skia: RSUniRenderComposerAdapter::SetBufferColorSpace set color space fail
09-28 17:52:53.503 14198 14423 I C00f00/OH_DER_VSync: onOhVsync ENTRY ts=<private> data=<private>
09-28 17:52:53.503 14198 14422 I C00f00/OH_DER_VSync: scheduleVsync ENTRY receiverPtr=0x<private>
09-28 17:52:53.503 14198 14422 I C00f00/OH_DER_VSync: scheduleVsync calling RequestFrame ohVsync=<private>
09-28 17:52:53.503 14198 14422 I C00f00/OH_DER_VSync: scheduleVsync RequestFrame rc=<private>
09-28 17:52:53.505   822  1208 E C02515/DISP: [0;32;31m[SetMetadata:102] <private> is not supported[m
09-28 17:52:53.505   822  1208 E C02515/METADATA_SRV: [0;32;31m[SetMetadata:136]  fail[m
09-28 17:52:53.505   822  1208 E C01401/Bufferqueue: <surface_buffer_impl.cpp:714-SetMetadata>: SetMetadata Failed with -5
09-28 17:52:53.506   798  1062 E C02515/DISP: [0;32;31m[SetLayerMaskInfo@display_composer_vdi_impl.cpp:404] <private> is not supported[m
09-28 17:52:53.506   822  1240 E C02515/DISP: [0;32;31m[SetMetadata:102] <private> is not supported[m
09-28 17:52:53.506   822  1240 E C02515/METADATA_SRV: [0;32;31m[SetMetadata:136]  fail[m
09-28 17:52:53.506   822  1240 E C01401/Bufferqueue: <surface_buffer_impl.cpp:714-SetMetadata>: SetMetadata Failed with -5
09-28 17:52:53.506   798  1062 E C02515/DISP: [0;32;31m[SetDisplayClientDamage@display_composer_vdi_impl.cpp:179] <private> is not supported[m
09-28 17:52:53.520 14198 14423 I C00f00/OH_DER_VSync: onOhVsync ENTRY ts=<private> data=<private>
09-28 17:52:53.520 14198 14422 I C00f00/OH_DER_VSync: scheduleVsync ENTRY receiverPtr=0x<private>
09-28 17:52:53.520 14198 14422 I C00f00/OH_DER_VSync: scheduleVsync calling RequestFrame ohVsync=<private>
09-28 17:52:53.520   822   822 E C02515/DISP: [0;32;31m[GetMetadata:109] <private> is not supported[m
09-28 17:52:53.520 14198 14422 I C00f00/OH_DER_VSync: scheduleVsync RequestFrame rc=<private>
09-28 17:52:53.520   822   822 E C02515/DISP: [0;32;31m[GetMetadata:109] <private> is not supported[m
09-28 17:52:53.520   822   822 E C02515/DISP: [0;32;31m[GetMetadata:109] <private> is not supported[m
09-28 17:52:53.521   822   822 E C01406/skia: RSBaseRenderUtil::DealWithSurfaceRotationAndGravity, GetSurfaceBufferOpaque:0
09-28 17:52:53.521   822   822 E C02515/DISP: [0;32;31m[GetMetadata:109] <private> is not supported[m
09-28 17:52:53.521   822   822 E C01406/skia: RSBaseRenderUtil::DealWithSurfaceRotationAndGravity, GetSurfaceBufferOpaque:0
09-28 17:52:53.521   822   822 E C02515/DISP: [0;32;31m[GetMetadata:109] <private> is not supported[m
09-28 17:52:53.523   822  1089 E C02515/DISP: [0;32;31m[SetMetadata:102] <private> is not supported[m
09-28 17:52:53.523   822  1089 E C02515/METADATA_SRV: [0;32;31m[SetMetadata:136]  fail[m
09-28 17:52:53.523   822  1089 E C01401/Bufferqueue: <surface_buffer_impl.cpp:714-SetMetadata>: SetMetadata Failed with -5
09-28 17:52:53.523   822  1089 E C01406/skia: SurfaceNodeDrawable DrawCommSurfaceWatermark Name:SCBWallpaper5 Id:8516920147979 water mark count is zero
09-28 17:52:53.525   822  1089 E C01406/skia: SurfaceNodeDrawable DrawCommSurfaceWatermark Name:SCBDesktop6 Id:8516920147988 water mark count is zero
09-28 17:52:53.525   822  1089 E C01406/skia: RSBaseRenderUtil::DealWithSurfaceRotationAndGravity, GetSurfaceBufferOpaque:0
09-28 17:52:53.525   822  1089 I C01406/WRAP: AHardwareBuffer_createFromHandle index = <private> handle = <private>, ahb = <private>
09-28 17:52:53.525   822  1089 E C01406/skia: SurfaceNodeDrawable DrawCommSurfaceWatermark Name:AdapterActivityContent Id:60979945668611 water mark count is zero
09-28 17:52:53.525   822  1089 E C01406/skia: RSBaseRenderUtil::DealWithSurfaceRotationAndGravity, GetSurfaceBufferOpaque:0
09-28 17:52:53.525   822  1089 I C01406/WRAP: AHardwareBuffer_createFromHandle index = <private> handle = <private>, ahb = <private>
09-28 17:52:53.526   822  1089 E C01406/skia: SurfaceNodeDrawable DrawCommSurfaceWatermark Name:AdapterSurfaceView Id:60979945668612 water mark count is zero
09-28 17:52:53.526   822  1089 E C01406/skia: SurfaceNodeDrawable DrawCommSurfaceWatermark Name:com.a2hlab.bridge.zigzag/com.unity3d.player.UnityPlayerActivity Id:60979945668609 water mark count is zero
09-28 17:52:53.526   822  1089 E C01406/skia: SurfaceNodeDrawable DrawCommSurfaceWatermark Name:WindowScene_zigzag35 Id:8516920148845 water mark count is zero
09-28 17:52:53.526   822  1089 E C01406/skia: SurfaceNodeDrawable DrawCommSurfaceWatermark Name:SCBGestureNavBar13 Id:8516920148115 water mark count is zero
09-28 17:52:53.526   822  1089 E C01406/skia: SurfaceNodeDrawable DrawCommSurfaceWatermark Name:SCBStatusBar15 Id:8516920148195 water mark count is zero
09-28 17:52:53.528   822  1089 E C02515/DISP: [0;32;31m[GetMetadata:109] <private> is not supported[m
09-28 17:52:53.528   822  1089 E C02515/DISP: [0;32;31m[SetMetadata:102] <private> is not supported[m
09-28 17:52:53.528   822  1089 E C02515/METADATA_SRV: [0;32;31m[SetMetadata:136]  fail[m
09-28 17:52:53.528   822  1089 E C01401/Bufferqueue: <surface_buffer_impl.cpp:714-SetMetadata>: SetMetadata Failed with -5
09-28 17:52:53.528   822  1089 E C01406/skia: RSUniRenderComposerAdapter::SetBufferColorSpace set color space fail
09-28 17:52:53.536 14198 14423 I C00f00/OH_DER_VSync: onOhVsync ENTRY ts=<private> data=<private>
09-28 17:52:53.537 14198 14422 I C00f00/OH_DER_VSync: scheduleVsync ENTRY receiverPtr=0x<private>
09-28 17:52:53.537 14198 14422 I C00f00/OH_DER_VSync: scheduleVsync calling RequestFrame ohVsync=<private>
09-28 17:52:53.537 14198 14422 I C00f00/OH_DER_VSync: scheduleVsync RequestFrame rc=<private>
09-28 17:52:53.538   822  1208 E C02515/DISP: [0;32;31m[SetMetadata:102] <private> is not supported[m
09-28 17:52:53.538   822  1208 E C02515/METADATA_SRV: [0;32;31m[SetMetadata:136]  fail[m
09-28 17:52:53.539   822  1208 E C01401/Bufferqueue: <surface_buffer_impl.cpp:714-SetMetadata>: SetMetadata Failed with -5
09-28 17:52:53.539   798  1062 E C02515/DISP: [0;32;31m[SetLayerMaskInfo@display_composer_vdi_impl.cpp:404] <private> is not supported[m
09-28 17:52:53.539   822  1240 E C02515/DISP: [0;32;31m[SetMetadata:102] <private> is not supported[m
09-28 17:52:53.539   822  1240 E C02515/METADATA_SRV: [0;32;31m[SetMetadata:136]  fail[m
09-28 17:52:53.539   822  1240 E C01401/Bufferqueue: <surface_buffer_impl.cpp:714-SetMetadata>: SetMetadata Failed with -5
09-28 17:52:53.540   798  1062 E C02515/DISP: [0;32;31m[SetDisplayClientDamage@display_composer_vdi_impl.cpp:179] <private> is not supported[m
09-28 17:52:53.542   561   755 W C03f07/MUSL-LDSO: load libmmi_knuckle.z.so failed, namespace=ndk no inherits, errno=2
09-28 17:52:53.542   561   755 W C03f07/MUSL-LDSO: load libmmi_knuckle.z.so failed, namespace=default, errno=2
09-28 17:52:53.542   561   755 W C03f07/MUSL-LDSO: dlopen_impl load library header failed for libmmi_knuckle.z.so
09-28 17:52:53.542   561   755 E C02800/NetPacket: [|231]libmmi_knuckle.z.so dlopen fail
09-28 17:52:53.542   561   755 E C02800/NetPacket: [|205]load knuckle shared library fail
09-28 17:52:53.542   561   755 E C02800/NetPacket: [|172]impl is null
09-28 17:52:53.542   561   755 I C02805/InputWindowsManager: [P:D:189|5577]Pre search window -1 20|2202|0|0|1200|88|1983 18|2200|0|0|1200|63|1983 23|4102|0|88|36|1769|1164|88|36|1769|1983 
09-28 17:52:53.542   561   755 I C02805/InputKeyFlow: [P:D:189|5801]PA:down,Pid:14198,TWI:36,FWI:35,EID:189, flags:0,DID:0AWI:36,zOrder:102.000000
09-28 17:52:53.542   561   755 I C02803/InputWindowsManager: [P:D:189|5865]get deviceId failed:2
09-28 17:52:53.542   561   755 I C02805/InputKeyFlow: [P:D:189|377]PI:0, IP:1, P:0.00, MF:-1, WI:36, OPI:0, SI:false, T:0
09-28 17:52:53.543   561   755 I C02801/MultiModalInputPluginManager: [P:D:189|163]plugins_ not stage:16.
09-28 17:52:53.543   561   755 I C02803/InputWindowsManager: [P:D:189|423]get deviceId failed:2
09-28 17:52:53.543   561   755 I C02803/InputWindowsManager: [P:D:189|593]get deviceId failed:2
09-28 17:52:53.543   561   755 I C02803/InputWindowsManager: [P:D:189|391]get deviceId failed:2
09-28 17:52:53.543   561   755 I C02805/InputKeyFlow: [P:D:189|497]SendMsg:14198
09-28 17:52:53.543 14198 14237 I C02805/InputKeyFlow: [P:D:189|648]recv
09-28 17:52:53.543 14198 14237 I C00f00/OH_InputBridge: [<private>:<private>] <private>
09-28 17:52:53.543 14198 14243 E C00f00/OH_IER: DIAG worker recv got=<private> type=<private> seq=<private>
09-28 17:52:53.543 14198 14243 I C00f00/OH_IER: dispatchInputEvent seq=<private> action=<private> x=<private> y=<private> downMs=<private> evtMs=<private> src=TOUCHSCREEN (posting to main looper)
09-28 17:52:53.544 14198 14198 I C00f00/MotionEvent-aosp: [<private>:<private>] <private>
09-28 17:52:53.544 14198 14198 I C00f00/MotionEvent-aosp: [<private>:<private>] <private>
09-28 17:52:53.544 14198 14198 I C00f00/MotionEvent-aosp: [<private>:<private>] <private>
09-28 17:52:53.544 14198 14198 I C00f00/MotionEvent-aosp: [<private>:<private>] <private>
09-28 17:52:53.544 14198 14198 I C00f00/MotionEvent-aosp: [<private>:<private>] <private>
09-28 17:52:53.544 14198 14198 I C00f00/MotionEvent-aosp: [<private>:<private>] <private>
09-28 17:52:53.544 14198 14198 I C00f00/MotionEvent-aosp: [<private>:<private>] <private>
09-28 17:52:53.544 14198 14198 I C00f00/MotionEvent-aosp: [<private>:<private>] <private>
09-28 17:52:53.544 14198 14198 I C00f00/MotionEvent-aosp: [<private>:<private>] <private>
09-28 17:52:53.544 14198 14198 I C00f00/MotionEvent-aosp: [<private>:<private>] <private>
09-28 17:52:53.544 14198 14198 I C00f00/MotionEvent-aosp: [<private>:<private>] <private>
09-28 17:52:53.544 14198 14198 I C00f00/MotionEvent-aosp: [<private>:<private>] <private>
09-28 17:52:53.544 14198 14198 I C00f00/MotionEvent-aosp: [<private>:<private>] <private>
09-28 17:52:53.544 14198 14198 I C00f00/MotionEvent-aosp: [<private>:<private>] <private>
09-28 17:52:53.544 14198 14198 I C00f00/MotionEvent-aosp: [<private>:<private>] <private>
09-28 17:52:53.544 14198 14198 I C00f00/MotionEvent-aosp: [<private>:<private>] <private>
09-28 17:52:53.544 14198 14198 I C00f00/MotionEvent-aosp: [<private>:<private>] <private>
09-28 17:52:53.544 14198 14198 I C00f00/MotionEvent-aosp: [<private>:<private>] <private>
09-28 17:52:53.544 14198 14198 I C00f00/MotionEvent-aosp: [<private>:<private>] <private>
09-28 17:52:53.544 14198 14198 I C00f00/MotionEvent-aosp: [<private>:<private>] <private>
09-28 17:52:53.544 14198 14198 I C00f00/MotionEvent-aosp: [<private>:<private>] <private>
09-28 17:52:53.544 14198 14198 I C00f00/MotionEvent-aosp: [<private>:<private>] <private>
09-28 17:52:53.544 14198 14198 I C00f00/MotionEvent-aosp: [<private>:<private>] <private>
09-28 17:52:53.544 14198 14198 I C00f00/MotionEvent-aosp: [<private>:<private>] <private>
09-28 17:52:53.544 14198 14198 I C00f00/MotionEvent-aosp: [<private>:<private>] <private>
09-28 17:52:53.544 14198 14198 I C00f00/MotionEvent-aosp: [<private>:<private>] <private>
09-28 17:52:53.544 14198 14198 I C00f00/MotionEvent-aosp: [<private>:<private>] <private>
09-28 17:52:53.544 14198 14198 I C00f00/MotionEvent-aosp: [<private>:<private>] <private>
09-28 17:52:53.544 14198 14198 I C00f00/MotionEvent-aosp: [<private>:<private>] <private>
09-28 17:52:53.544 14198 14198 I C00f00/MotionEvent-aosp: [<private>:<private>] <private>
09-28 17:52:53.544 14198 14198 I C00f00/MotionEvent-aosp: [<private>:<private>] <private>
09-28 17:52:53.544 14198 14198 I C00f00/MotionEvent-aosp: [<private>:<private>] <private>
09-28 17:52:53.544 14198 14198 I C00f00/MotionEvent-aosp: [<private>:<private>] <private>
09-28 17:52:53.544 14198 14198 I C00f00/MotionEvent-aosp: [<private>:<private>] <private>
09-28 17:52:53.544 14198 14198 I C00f00/MotionEvent-aosp: [<private>:<private>] <private>
09-28 17:52:53.544 14198 14198 I C00f00/MotionEvent-aosp: [<private>:<private>] <private>
09-28 17:52:53.544 14198 14198 I C00f00/MotionEvent-aosp: [<private>:<private>] <private>
09-28 17:52:53.544 14198 14198 I C00f00/MotionEvent-aosp: [<private>:<private>] <private>
09-28 17:52:53.544 14198 14198 I C00f00/MotionEvent-aosp: [<private>:<private>] <private>
09-28 17:52:53.544 14198 14198 I C00f00/MotionEvent-aosp: [<private>:<private>] <private>
09-28 17:52:53.544 14198 14198 I C00f00/MotionEvent-aosp: [<private>:<private>] <private>
09-28 17:52:53.544 14198 14198 I C00f00/MotionEvent-aosp: [<private>:<private>] <private>
09-28 17:52:53.544 14198 14198 I C00f00/MotionEvent-aosp: [<private>:<private>] <private>
09-28 17:52:53.544 14198 14198 I C00f00/MotionEvent-aosp: [<private>:<private>] <private>
09-28 17:52:53.544 14198 14198 I C00f00/MotionEvent-aosp: [<private>:<private>] <private>
09-28 17:52:53.544 14198 14198 I C00f00/MotionEvent-aosp: [<private>:<private>] <private>
09-28 17:52:53.544 14198 14198 I C00f00/MotionEvent-aosp: [<private>:<private>] <private>
09-28 17:52:53.544 14198 14198 I C00f00/MotionEvent-aosp: [<private>:<private>] <private>
09-28 17:52:53.544   561   755 W C03f07/MUSL-LDSO: load libmmi_knuckle.z.so failed, namespace=ndk no inherits, errno=2
09-28 17:52:53.544 14198 14198 I C00f00/MotionEvent-aosp: [<private>:<private>] <private>
09-28 17:52:53.544 14198 14198 I C00f00/MotionEvent-aosp: [<private>:<private>] <private>
09-28 17:52:53.544 14198 14198 I C00f00/MotionEvent-aosp: [<private>:<private>] <private>
09-28 17:52:53.544   561   755 W C03f07/MUSL-LDSO: load libmmi_knuckle.z.so failed, namespace=default, errno=2
09-28 17:52:53.544 14198 14198 I C00f00/MotionEvent-aosp: [<private>:<private>] <private>
09-28 17:52:53.544   561   755 W C03f07/MUSL-LDSO: dlopen_impl load library header failed for libmmi_knuckle.z.so
09-28 17:52:53.544   561   755 E C02800/NetPacket: [|231]libmmi_knuckle.z.so dlopen fail
09-28 17:52:53.545   561   755 E C02800/NetPacket: [|205]load knuckle shared library fail
09-28 17:52:53.545 14198 14242 I C00f00/OH_InputBridge: [<private>:<private>] <private>
09-28 17:52:53.545   561   755 E C02800/NetPacket: [|172]impl is null
09-28 17:52:53.545   561   755 I C02805/InputWindowsManager: [P:D:190|5577]Pre search window -1 20|2202|0|0|1200|88|1983 18|2200|0|0|1200|63|1983 23|4102|0|88|36|1769|1164|88|36|1769|1983 
09-28 17:52:53.545   561   755 I C02805/InputKeyFlow: [P:D:190|5801]PA:down,Pid:14198,TWI:36,FWI:35,EID:190, flags:0,DID:0AWI:36,zOrder:102.000000
09-28 17:52:53.545   561   755 I C02803/InputWindowsManager: [P:D:190|5865]get deviceId failed:2
09-28 17:52:53.545   561   755 I C02805/InputKeyFlow: [P:D:190|377]PI:0, IP:1, P:0.00, MF:-1, WI:36, OPI:0, SI:false, T:0
09-28 17:52:53.545   561   755 I C02805/InputKeyFlow: [P:D:190|377]PI:1, IP:1, P:0.00, MF:-1, WI:36, OPI:0, SI:false, T:0
09-28 17:52:53.545   561   755 I C02801/MultiModalInputPluginManager: [P:D:190|163]plugins_ not stage:16.
09-28 17:52:53.545   561   755 I C02803/InputWindowsManager: [P:D:190|423]get deviceId failed:2
09-28 17:52:53.545   561   755 I C02803/InputWindowsManager: [P:D:190|593]get deviceId failed:2
09-28 17:52:53.545   561   755 I C02803/InputWindowsManager: [P:D:190|391]get deviceId failed:2
09-28 17:52:53.545   561   755 I C02805/InputKeyFlow: [P:D:190|497]SendMsg:14198
09-28 17:52:53.546 14198 14237 I C02805/InputKeyFlow: [P:D:190|648]recv
09-28 17:52:53.546 14198 14237 I C00f00/OH_InputBridge: [<private>:<private>] <private>
09-28 17:52:53.546 14198 14243 E C00f00/OH_IER: DIAG worker recv got=<private> type=<private> seq=<private>
09-28 17:52:53.546 14198 14243 I C00f00/OH_IER: dispatchInputEvent seq=<private> action=<private> x=<private> y=<private> downMs=<private> evtMs=<private> src=TOUCHSCREEN (posting to main looper)
09-28 17:52:53.546 14198 14198 I C00f00/MotionEvent-aosp: [<private>:<private>] <private>
09-28 17:52:53.546 14198 14198 I C00f00/MotionEvent-aosp: [<private>:<private>] <private>
09-28 17:52:53.546 14198 14198 I C00f00/MotionEvent-aosp: [<private>:<private>] <private>
09-28 17:52:53.546 14198 14198 I C00f00/MotionEvent-aosp: [<private>:<private>] <private>
09-28 17:52:53.546 14198 14198 I C00f00/MotionEvent-aosp: [<private>:<private>] <private>
09-28 17:52:53.546 14198 14198 I C00f00/MotionEvent-aosp: [<private>:<private>] <private>
09-28 17:52:53.546 14198 14198 I C00f00/MotionEvent-aosp: [<private>:<private>] <private>
09-28 17:52:53.546 14198 14198 I C00f00/MotionEvent-aosp: [<private>:<private>] <private>
09-28 17:52:53.546 14198 14198 I C00f00/MotionEvent-aosp: [<private>:<private>] <private>
09-28 17:52:53.546 14198 14198 I C00f00/MotionEvent-aosp: [<private>:<private>] <private>
09-28 17:52:53.546 14198 14198 I C00f00/MotionEvent-aosp: [<private>:<private>] <private>
09-28 17:52:53.546 14198 14198 I C00f00/MotionEvent-aosp: [<private>:<private>] <private>
09-28 17:52:53.546 14198 14198 I C00f00/MotionEvent-aosp: [<private>:<private>] <private>
09-28 17:52:53.546 14198 14198 I C00f00/MotionEvent-aosp: [<private>:<private>] <private>
09-28 17:52:53.546 14198 14198 I C00f00/MotionEvent-aosp: [<private>:<private>] <private>
09-28 17:52:53.546 14198 14198 I C00f00/MotionEvent-aosp: [<private>:<private>] <private>
09-28 17:52:53.546 14198 14198 I C00f00/MotionEvent-aosp: [<private>:<private>] <private>
09-28 17:52:53.546 14198 14198 I C00f00/MotionEvent-aosp: [<private>:<private>] <private>
09-28 17:52:53.546 14198 14198 I C00f00/MotionEvent-aosp: [<private>:<private>] <private>
09-28 17:52:53.546 14198 14198 I C00f00/MotionEvent-aosp: [<private>:<private>] <private>
09-28 17:52:53.546 14198 14198 I C00f00/MotionEvent-aosp: [<private>:<private>] <private>
09-28 17:52:53.546 14198 14198 I C00f00/MotionEvent-aosp: [<private>:<private>] <private>
09-28 17:52:53.546 14198 14198 I C00f00/MotionEvent-aosp: [<private>:<private>] <private>
09-28 17:52:53.546 14198 14198 I C00f00/MotionEvent-aosp: [<private>:<private>] <private>
09-28 17:52:53.546 14198 14198 I C00f00/MotionEvent-aosp: [<private>:<private>] <private>
09-28 17:52:53.546 14198 14198 I C00f00/MotionEvent-aosp: [<private>:<private>] <private>
09-28 17:52:53.546 14198 14198 I C00f00/MotionEvent-aosp: [<private>:<private>] <private>
09-28 17:52:53.546 14198 14198 I C00f00/MotionEvent-aosp: [<private>:<private>] <private>
09-28 17:52:53.546 14198 14198 I C00f00/MotionEvent-aosp: [<private>:<private>] <private>
09-28 17:52:53.546 14198 14198 I C00f00/MotionEvent-aosp: [<private>:<private>] <private>
09-28 17:52:53.546 14198 14198 I C00f00/MotionEvent-aosp: [<private>:<private>] <private>
09-28 17:52:53.546 14198 14198 I C00f00/MotionEvent-aosp: [<private>:<private>] <private>
09-28 17:52:53.546 14198 14198 I C00f00/MotionEvent-aosp: [<private>:<private>] <private>
09-28 17:52:53.546 14198 14198 I C00f00/MotionEvent-aosp: [<private>:<private>] <private>
09-28 17:52:53.546 14198 14198 I C00f00/MotionEvent-aosp: [<private>:<private>] <private>
09-28 17:52:53.546 14198 14198 I C00f00/MotionEvent-aosp: [<private>:<private>] <private>
09-28 17:52:53.546 14198 14198 I C00f00/MotionEvent-aosp: [<private>:<private>] <private>
09-28 17:52:53.546 14198 14198 I C00f00/MotionEvent-aosp: [<private>:<private>] <private>
09-28 17:52:53.546 14198 14198 I C00f00/MotionEvent-aosp: [<private>:<private>] <private>
09-28 17:52:53.547 14198 14198 I C00f00/MotionEvent-aosp: [<private>:<private>] <private>
09-28 17:52:53.547 14198 14198 I C00f00/MotionEvent-aosp: [<private>:<private>] <private>
09-28 17:52:53.547 14198 14198 I C00f00/MotionEvent-aosp: [<private>:<private>] <private>
09-28 17:52:53.547 14198 14198 I C00f00/MotionEvent-aosp: [<private>:<private>] <private>
09-28 17:52:53.547 14198 14198 I C00f00/MotionEvent-aosp: [<private>:<private>] <private>
09-28 17:52:53.547 14198 14198 I C00f00/MotionEvent-aosp: [<private>:<private>] <private>
09-28 17:52:53.547 14198 14198 I C00f00/MotionEvent-aosp: [<private>:<private>] <private>
09-28 17:52:53.547 14198 14198 I C00f00/MotionEvent-aosp: [<private>:<private>] <private>
09-28 17:52:53.547 14198 14198 I C00f00/MotionEvent-aosp: [<private>:<private>] <private>
09-28 17:52:53.547 14198 14198 I C00f00/MotionEvent-aosp: [<private>:<private>] <private>
09-28 17:52:53.547 14198 14198 I C00f00/MotionEvent-aosp: [<private>:<private>] <private>
09-28 17:52:53.547 14198 14198 I C00f00/MotionEvent-aosp: [<private>:<private>] <private>
09-28 17:52:53.547 14198 14198 I C00f00/MotionEvent-aosp: [<private>:<private>] <private>
09-28 17:52:53.547 14198 14198 I C00f00/MotionEvent-aosp: [<private>:<private>] <private>
09-28 17:52:53.547 14198 14198 I C00f00/MotionEvent-aosp: [<private>:<private>] <private>
09-28 17:52:53.547 14198 14198 I C00f00/MotionEvent-aosp: [<private>:<private>] <private>
09-28 17:52:53.547 14198 14198 I C00f00/MotionEvent-aosp: [<private>:<private>] <private>
09-28 17:52:53.547 14198 14198 I C00f00/MotionEvent-aosp: [<private>:<private>] <private>
09-28 17:52:53.547 14198 14198 I C00f00/MotionEvent-aosp: [<private>:<private>] <private>
09-28 17:52:53.547 14198 14198 I C00f00/MotionEvent-aosp: [<private>:<private>] <private>
09-28 17:52:53.547 14198 14198 I C00f00/MotionEvent-aosp: [<private>:<private>] <private>
09-28 17:52:53.547 14198 14242 I C00f00/OH_InputBridge: [<private>:<private>] <private>
09-28 17:52:53.553 14198 14423 I C00f00/OH_DER_VSync: onOhVsync ENTRY ts=<private> data=<private>
09-28 17:52:53.553 14198 14422 I C00f00/OH_DER_VSync: scheduleVsync ENTRY receiverPtr=0x<private>
09-28 17:52:53.553 14198 14422 I C00f00/OH_DER_VSync: scheduleVsync calling RequestFrame ohVsync=<private>
09-28 17:52:53.553   822   822 E C02515/DISP: [0;32;31m[GetMetadata:109] <private> is not supported[m
09-28 17:52:53.553 14198 14422 I C00f00/OH_DER_VSync: scheduleVsync RequestFrame rc=<private>
09-28 17:52:53.553   822   822 E C02515/DISP: [0;32;31m[GetMetadata:109] <private> is not supported[m
09-28 17:52:53.553   822   822 E C02515/DISP: [0;32;31m[GetMetadata:109] <private> is not supported[m
09-28 17:52:53.555   822   822 E C01406/skia: RSBaseRenderUtil::DealWithSurfaceRotationAndGravity, GetSurfaceBufferOpaque:0
09-28 17:52:53.555   822   822 E C02515/DISP: [0;32;31m[GetMetadata:109] <private> is not supported[m
09-28 17:52:53.555   822   822 E C01406/skia: RSBaseRenderUtil::DealWithSurfaceRotationAndGravity, GetSurfaceBufferOpaque:0
09-28 17:52:53.555   822   822 E C02515/DISP: [0;32;31m[GetMetadata:109] <private> is not supported[m
09-28 17:52:53.556   822  1089 E C02515/DISP: [0;32;31m[SetMetadata:102] <private> is not supported[m
09-28 17:52:53.556   822  1089 E C02515/METADATA_SRV: [0;32;31m[SetMetadata:136]  fail[m
09-28 17:52:53.556   822  1089 E C01401/Bufferqueue: <surface_buffer_impl.cpp:714-SetMetadata>: SetMetadata Failed with -5
09-28 17:52:53.557   822  1089 E C01406/skia: SurfaceNodeDrawable DrawCommSurfaceWatermark Name:SCBWallpaper5 Id:8516920147979 water mark count is zero
09-28 17:52:53.558   822  1089 E C01406/skia: SurfaceNodeDrawable DrawCommSurfaceWatermark Name:SCBDesktop6 Id:8516920147988 water mark count is zero
09-28 17:52:53.558   822  1089 E C01406/skia: RSBaseRenderUtil::DealWithSurfaceRotationAndGravity, GetSurfaceBufferOpaque:0
09-28 17:52:53.558   822  1089 I C01406/WRAP: AHardwareBuffer_createFromHandle index = <private> handle = <private>, ahb = <private>
09-28 17:52:53.559   822  1089 E C01406/skia: SurfaceNodeDrawable DrawCommSurfaceWatermark Name:AdapterActivityContent Id:60979945668611 water mark count is zero
09-28 17:52:53.559   822  1089 E C01406/skia: RSBaseRenderUtil::DealWithSurfaceRotationAndGravity, GetSurfaceBufferOpaque:0
09-28 17:52:53.559   822  1089 I C01406/WRAP: AHardwareBuffer_createFromHandle index = <private> handle = <private>, ahb = <private>
09-28 17:52:53.559   822  1089 E C01406/skia: SurfaceNodeDrawable DrawCommSurfaceWatermark Name:AdapterSurfaceView Id:60979945668612 water mark count is zero
09-28 17:52:53.559   822  1089 E C01406/skia: SurfaceNodeDrawable DrawCommSurfaceWatermark Name:com.a2hlab.bridge.zigzag/com.unity3d.player.UnityPlayerActivity Id:60979945668609 water mark count is zero
09-28 17:52:53.559   822  1089 E C01406/skia: SurfaceNodeDrawable DrawCommSurfaceWatermark Name:WindowScene_zigzag35 Id:8516920148845 water mark count is zero
09-28 17:52:53.559   822  1089 E C01406/skia: SurfaceNodeDrawable DrawCommSurfaceWatermark Name:SCBGestureNavBar13 Id:8516920148115 water mark count is zero
09-28 17:52:53.559   822  1089 E C01406/skia: SurfaceNodeDrawable DrawCommSurfaceWatermark Name:SCBStatusBar15 Id:8516920148195 water mark count is zero
09-28 17:52:53.562   822  1089 E C02515/DISP: [0;32;31m[GetMetadata:109] <private> is not supported[m
09-28 17:52:53.562   822  1089 E C02515/DISP: [0;32;31m[SetMetadata:102] <private> is not supported[m
09-28 17:52:53.562   822  1089 E C02515/METADATA_SRV: [0;32;31m[SetMetadata:136]  fail[m
09-28 17:52:53.562   822  1089 E C01401/Bufferqueue: <surface_buffer_impl.cpp:714-SetMetadata>: SetMetadata Failed with -5
09-28 17:52:53.562   822  1089 E C01406/skia: RSUniRenderComposerAdapter::SetBufferColorSpace set color space fail
09-28 17:52:53.570 14198 14423 I C00f00/OH_DER_VSync: onOhVsync ENTRY ts=<private> data=<private>
09-28 17:52:53.570 14198 14422 I C00f00/OH_DER_VSync: scheduleVsync ENTRY receiverPtr=0x<private>
09-28 17:52:53.570 14198 14422 I C00f00/OH_DER_VSync: scheduleVsync calling RequestFrame ohVsync=<private>
09-28 17:52:53.570 14198 14235 I C00f00/MotionEvent-aosp: [<private>:<private>] <private>
09-28 17:52:53.570 14198 14235 I C00f00/MotionEvent-aosp: [<private>:<private>] <private>
09-28 17:52:53.570 14198 14235 I C00f00/MotionEvent-aosp: [<private>:<private>] <private>
09-28 17:52:53.570 14198 14422 I C00f00/OH_DER_VSync: scheduleVsync RequestFrame rc=<private>
09-28 17:52:53.570 14198 14235 I C00f00/MotionEvent-aosp: [<private>:<private>] <private>
09-28 17:52:53.570 14198 14235 I C00f00/MotionEvent-aosp: [<private>:<private>] <private>
09-28 17:52:53.570 14198 14235 I C00f00/MotionEvent-aosp: [<private>:<private>] <private>
09-28 17:52:53.570 14198 14235 I C00f00/MotionEvent-aosp: [<private>:<private>] <private>
09-28 17:52:53.570 14198 14235 I C00f00/MotionEvent-aosp: [<private>:<private>] <private>
09-28 17:52:53.570 14198 14235 I C00f00/MotionEvent-aosp: [<private>:<private>] <private>
09-28 17:52:53.570 14198 14235 I C00f00/MotionEvent-aosp: [<private>:<private>] <private>
09-28 17:52:53.570 14198 14235 I C00f00/MotionEvent-aosp: [<private>:<private>] <private>
09-28 17:52:53.570 14198 14235 I C00f00/MotionEvent-aosp: [<private>:<private>] <private>
09-28 17:52:53.570 14198 14235 I C00f00/MotionEvent-aosp: [<private>:<private>] <private>
09-28 17:52:53.570 14198 14235 I C00f00/MotionEvent-aosp: [<private>:<private>] <private>
09-28 17:52:53.570 14198 14235 I C00f00/MotionEvent-aosp: [<private>:<private>] <private>
09-28 17:52:53.570 14198 14235 I C00f00/MotionEvent-aosp: [<private>:<private>] <private>
09-28 17:52:53.570 14198 14235 I C00f00/MotionEvent-aosp: [<private>:<private>] <private>
09-28 17:52:53.570 14198 14235 I C00f00/MotionEvent-aosp: [<private>:<private>] <private>
09-28 17:52:53.570 14198 14235 I C00f00/MotionEvent-aosp: [<private>:<private>] <private>
09-28 17:52:53.570 14198 14235 I C00f00/MotionEvent-aosp: [<private>:<private>] <private>
09-28 17:52:53.570 14198 14235 I C00f00/MotionEvent-aosp: [<private>:<private>] <private>
09-28 17:52:53.572   822  1208 E C02515/DISP: [0;32;31m[SetMetadata:102] <private> is not supported[m
09-28 17:52:53.572   822  1208 E C02515/METADATA_SRV: [0;32;31m[SetMetadata:136]  fail[m
09-28 17:52:53.572   822  1208 E C01401/Bufferqueue: <surface_buffer_impl.cpp:714-SetMetadata>: SetMetadata Failed with -5
09-28 17:52:53.573   798  1062 E C02515/DISP: [0;32;31m[SetLayerMaskInfo@display_composer_vdi_impl.cpp:404] <private> is not supported[m
09-28 17:52:53.573   822  1240 E C02515/DISP: [0;32;31m[SetMetadata:102] <private> is not supported[m
09-28 17:52:53.573   822  1240 E C02515/METADATA_SRV: [0;32;31m[SetMetadata:136]  fail[m
09-28 17:52:53.573   822  1240 E C01401/Bufferqueue: <surface_buffer_impl.cpp:714-SetMetadata>: SetMetadata Failed with -5
09-28 17:52:53.576   798  1062 E C02515/DISP: [0;32;31m[SetDisplayClientDamage@display_composer_vdi_impl.cpp:179] <private> is not supported[m
09-28 17:52:53.578   561   755 I C02801/MultiModalInputPluginManager: [P:M:191|163]plugins_ not stage:16.
09-28 17:52:53.578   561   755 I C02803/InputWindowsManager: [P:M:191|423]get deviceId failed:2
09-28 17:52:53.578   561   755 I C02803/InputWindowsManager: [P:M:191|593]get deviceId failed:2
09-28 17:52:53.578   561   755 I C02803/InputWindowsManager: [P:M:191|391]get deviceId failed:2
09-28 17:52:53.578 14198 14237 I C00f00/OH_InputBridge: [<private>:<private>] <private>
09-28 17:52:53.578 14198 14243 E C00f00/OH_IER: DIAG worker recv got=<private> type=<private> seq=<private>
09-28 17:52:53.578   561   755 I C02801/MultiModalInputPluginManager: [P:M:192|163]plugins_ not stage:16.
09-28 17:52:53.579   561   755 I C02803/InputWindowsManager: [P:M:192|423]get deviceId failed:2
09-28 17:52:53.579   561   755 I C02803/InputWindowsManager: [P:M:192|593]get deviceId failed:2
09-28 17:52:53.579   561   755 I C02803/InputWindowsManager: [P:M:192|391]get deviceId failed:2
09-28 17:52:53.579 14198 14243 I C00f00/OH_IER: dispatchInputEvent seq=<private> action=<private> x=<private> y=<private> downMs=<private> evtMs=<private> src=TOUCHSCREEN (posting to main looper)
09-28 17:52:53.579 14198 14198 I C00f00/MotionEvent-aosp: [<private>:<private>] <private>
09-28 17:52:53.579 14198 14198 I C00f00/MotionEvent-aosp: [<private>:<private>] <private>
09-28 17:52:53.579 14198 14198 I C00f00/MotionEvent-aosp: [<private>:<private>] <private>
09-28 17:52:53.579 14198 14198 I C00f00/MotionEvent-aosp: [<private>:<private>] <private>
09-28 17:52:53.579 14198 14198 I C00f00/MotionEvent-aosp: [<private>:<private>] <private>
09-28 17:52:53.579 14198 14198 I C00f00/MotionEvent-aosp: [<private>:<private>] <private>
09-28 17:52:53.579 14198 14198 I C00f00/MotionEvent-aosp: [<private>:<private>] <private>
09-28 17:52:53.579 14198 14198 I C00f00/MotionEvent-aosp: [<private>:<private>] <private>
09-28 17:52:53.579 14198 14198 I C00f00/MotionEvent-aosp: [<private>:<private>] <private>
09-28 17:52:53.579 14198 14198 I C00f00/MotionEvent-aosp: [<private>:<private>] <private>
09-28 17:52:53.579 14198 14198 I C00f00/MotionEvent-aosp: [<private>:<private>] <private>
09-28 17:52:53.579 14198 14198 I C00f00/MotionEvent-aosp: [<private>:<private>] <private>
09-28 17:52:53.579 14198 14198 I C00f00/MotionEvent-aosp: [<private>:<private>] <private>
09-28 17:52:53.579 14198 14198 I C00f00/MotionEvent-aosp: [<private>:<private>] <private>
09-28 17:52:53.579 14198 14198 I C00f00/MotionEvent-aosp: [<private>:<private>] <private>
09-28 17:52:53.579 14198 14198 I C00f00/MotionEvent-aosp: [<private>:<private>] <private>
09-28 17:52:53.579 14198 14198 I C00f00/MotionEvent-aosp: [<private>:<private>] <private>
09-28 17:52:53.579 14198 14198 I C00f00/MotionEvent-aosp: [<private>:<private>] <private>
09-28 17:52:53.579 14198 14198 I C00f00/MotionEvent-aosp: [<private>:<private>] <private>
09-28 17:52:53.579 14198 14198 I C00f00/MotionEvent-aosp: [<private>:<private>] <private>
09-28 17:52:53.579 14198 14198 I C00f00/MotionEvent-aosp: [<private>:<private>] <private>
09-28 17:52:53.579 14198 14198 I C00f00/MotionEvent-aosp: [<private>:<private>] <private>
09-28 17:52:53.579 14198 14198 I C00f00/MotionEvent-aosp: [<private>:<private>] <private>
09-28 17:52:53.579 14198 14198 I C00f00/MotionEvent-aosp: [<private>:<private>] <private>
09-28 17:52:53.579 14198 14242 I C00f00/OH_InputBridge: [<private>:<private>] <private>
09-28 17:52:53.579 14198 14237 I C00f00/OH_InputBridge: [<private>:<private>] <private>
09-28 17:52:53.579 14198 14243 E C00f00/OH_IER: DIAG worker recv got=<private> type=<private> seq=<private>
09-28 17:52:53.580 14198 14243 I C00f00/OH_IER: dispatchInputEvent seq=<private> action=<private> x=<private> y=<private> downMs=<private> evtMs=<private> src=TOUCHSCREEN (posting to main looper)
09-28 17:52:53.580 14198 14198 I C00f00/MotionEvent-aosp: [<private>:<private>] <private>
09-28 17:52:53.580 14198 14198 I C00f00/MotionEvent-aosp: [<private>:<private>] <private>
09-28 17:52:53.580 14198 14198 I C00f00/MotionEvent-aosp: [<private>:<private>] <private>
09-28 17:52:53.580 14198 14198 I C00f00/MotionEvent-aosp: [<private>:<private>] <private>
09-28 17:52:53.580 14198 14198 I C00f00/MotionEvent-aosp: [<private>:<private>] <private>
09-28 17:52:53.580 14198 14198 I C00f00/MotionEvent-aosp: [<private>:<private>] <private>
09-28 17:52:53.580 14198 14198 I C00f00/MotionEvent-aosp: [<private>:<private>] <private>
09-28 17:52:53.580 14198 14198 I C00f00/MotionEvent-aosp: [<private>:<private>] <private>
09-28 17:52:53.580 14198 14198 I C00f00/MotionEvent-aosp: [<private>:<private>] <private>
09-28 17:52:53.580 14198 14198 I C00f00/MotionEvent-aosp: [<private>:<private>] <private>
09-28 17:52:53.580 14198 14198 I C00f00/MotionEvent-aosp: [<private>:<private>] <private>
09-28 17:52:53.580 14198 14198 I C00f00/MotionEvent-aosp: [<private>:<private>] <private>
09-28 17:52:53.580 14198 14198 I C00f00/MotionEvent-aosp: [<private>:<private>] <private>
09-28 17:52:53.580 14198 14198 I C00f00/MotionEvent-aosp: [<private>:<private>] <private>
09-28 17:52:53.580 14198 14198 I C00f00/MotionEvent-aosp: [<private>:<private>] <private>
09-28 17:52:53.580 14198 14198 I C00f00/MotionEvent-aosp: [<private>:<private>] <private>
09-28 17:52:53.580 14198 14198 I C00f00/MotionEvent-aosp: [<private>:<private>] <private>
09-28 17:52:53.580 14198 14198 I C00f00/MotionEvent-aosp: [<private>:<private>] <private>
09-28 17:52:53.580 14198 14198 I C00f00/MotionEvent-aosp: [<private>:<private>] <private>
09-28 17:52:53.580 14198 14198 I C00f00/MotionEvent-aosp: [<private>:<private>] <private>
09-28 17:52:53.580 14198 14198 I C00f00/MotionEvent-aosp: [<private>:<private>] <private>
09-28 17:52:53.580 14198 14198 I C00f00/MotionEvent-aosp: [<private>:<private>] <private>
09-28 17:52:53.580 14198 14198 I C00f00/MotionEvent-aosp: [<private>:<private>] <private>
09-28 17:52:53.580 14198 14198 I C00f00/MotionEvent-aosp: [<private>:<private>] <private>
09-28 17:52:53.580 14198 14242 I C00f00/OH_InputBridge: [<private>:<private>] <private>
09-28 17:52:53.586 14198 14423 I C00f00/OH_DER_VSync: onOhVsync ENTRY ts=<private> data=<private>
09-28 17:52:53.586 14198 14422 I C00f00/OH_DER_VSync: scheduleVsync ENTRY receiverPtr=0x<private>
09-28 17:52:53.586 14198 14422 I C00f00/OH_DER_VSync: scheduleVsync calling RequestFrame ohVsync=<private>
09-28 17:52:53.587   822   822 E C02515/DISP: [0;32;31m[GetMetadata:109] <private> is not supported[m
09-28 17:52:53.587 14198 14422 I C00f00/OH_DER_VSync: scheduleVsync RequestFrame rc=<private>
09-28 17:52:53.587   822   822 E C02515/DISP: [0;32;31m[GetMetadata:109] <private> is not supported[m
09-28 17:52:53.587   822   822 E C02515/DISP: [0;32;31m[GetMetadata:109] <private> is not supported[m
09-28 17:52:53.588   822   822 E C01406/skia: RSBaseRenderUtil::DealWithSurfaceRotationAndGravity, GetSurfaceBufferOpaque:0
09-28 17:52:53.588   822   822 E C02515/DISP: [0;32;31m[GetMetadata:109] <private> is not supported[m
09-28 17:52:53.588   822   822 E C01406/skia: RSBaseRenderUtil::DealWithSurfaceRotationAndGravity, GetSurfaceBufferOpaque:0
09-28 17:52:53.588   822   822 E C02515/DISP: [0;32;31m[GetMetadata:109] <private> is not supported[m
09-28 17:52:53.589   850   982 I C02d13/HDC_LOG: [daemon.cpp:1142] FetchCommand channelId:506639408 command:1001
09-28 17:52:53.589   850   982 I C02d13/HDC_LOG: [session.cpp:1652] New HTaskInfo cid:506639408 sid:246******508(L:10) command:1001
09-28 17:52:53.589   850   982 I C02d13/HDC_LOG: [session.cpp:891] AdminTask add task type:0 cid:506639408 sid:246******508(L:10) mapsize:2
09-28 17:52:53.589   850   982 I C02d13/HDC_LOG: [task.cpp:34] HdcTaskBase type:0 cid:506639408 sid:246******508(L:10)
09-28 17:52:53.589   850   982 I C02d13/HDC_LOG: [daemon_unity.cpp:414] Unity CommandDispatch command:1001 cid:506639408 sid:246******508(L:10)
09-28 17:52:53.589   850   982 W C02d13/HDC_LOG: [async_cmd.cpp:114] GetDevItem false key:persist.hdc.root
09-28 17:52:53.589   850 14942 I C02d13/HDC_LOG: [async_cmd.cpp:225] Popen pipe fds[pipeRead]:32 fds[pipeWrite]:36, mode 0
09-28 17:52:53.590   822  1089 E C02515/DISP: [0;32;31m[SetMetadata:102] <private> is not supported[m
09-28 17:52:53.590   822  1089 E C02515/METADATA_SRV: [0;32;31m[SetMetadata:136]  fail[m
09-28 17:52:53.590   822  1089 E C01401/Bufferqueue: <surface_buffer_impl.cpp:714-SetMetadata>: SetMetadata Failed with -5
09-28 17:52:53.590   822  1089 E C01406/skia: SurfaceNodeDrawable DrawCommSurfaceWatermark Name:SCBWallpaper5 Id:8516920147979 water mark count is zero
09-28 17:52:53.591 14943 14943 W C02d13/HDC_LOG: [async_cmd.cpp:140] SetSelinuxLabel con:u:r:su:s0 isRoot:0
09-28 17:52:53.591   850   982 I C02d13/HDC_LOG: [async_cmd.cpp:291] ExecuteCommand cmd:hilog -x fd:32 pid:14943
09-28 17:52:53.592   822  1089 E C01406/skia: SurfaceNodeDrawable DrawCommSurfaceWatermark Name:SCBDesktop6 Id:8516920147988 water mark count is zero
09-28 17:52:53.592   822  1089 E C01406/skia: RSBaseRenderUtil::DealWithSurfaceRotationAndGravity, GetSurfaceBufferOpaque:0
09-28 17:52:53.592   822  1089 I C01406/WRAP: AHardwareBuffer_createFromHandle index = <private> handle = <private>, ahb = <private>
09-28 17:52:53.592   822  1089 E C01406/skia: SurfaceNodeDrawable DrawCommSurfaceWatermark Name:AdapterActivityContent Id:60979945668611 water mark count is zero
09-28 17:52:53.592   822  1089 E C01406/skia: RSBaseRenderUtil::DealWithSurfaceRotationAndGravity, GetSurfaceBufferOpaque:0
09-28 17:52:53.592   822  1089 I C01406/WRAP: AHardwareBuffer_createFromHandle index = <private> handle = <private>, ahb = <private>
09-28 17:52:53.593   822  1089 E C01406/skia: SurfaceNodeDrawable DrawCommSurfaceWatermark Name:AdapterSurfaceView Id:60979945668612 water mark count is zero
09-28 17:52:53.593   822  1089 E C01406/skia: SurfaceNodeDrawable DrawCommSurfaceWatermark Name:com.a2hlab.bridge.zigzag/com.unity3d.player.UnityPlayerActivity Id:60979945668609 water mark count is zero
09-28 17:52:53.593   822  1089 E C01406/skia: SurfaceNodeDrawable DrawCommSurfaceWatermark Name:WindowScene_zigzag35 Id:8516920148845 water mark count is zero
09-28 17:52:53.593   850   982 I C02d13/HDC_LOG: [daemon_unity.cpp:486] Unity CommandDispatch command:1001 finish cid:506639408 sid:246******508(L:10)
09-28 17:52:53.593   822  1089 E C01406/skia: SurfaceNodeDrawable DrawCommSurfaceWatermark Name:SCBGestureNavBar13 Id:8516920148115 water mark count is zero
09-28 17:52:53.593   822  1089 E C01406/skia: SurfaceNodeDrawable DrawCommSurfaceWatermark Name:SCBStatusBar15 Id:8516920148195 water mark count is zero
09-28 17:52:53.595   822  1089 E C02515/DISP: [0;32;31m[GetMetadata:109] <private> is not supported[m
09-28 17:52:53.595   822  1089 E C02515/DISP: [0;32;31m[SetMetadata:102] <private> is not supported[m
09-28 17:52:53.595   822  1089 E C02515/METADATA_SRV: [0;32;31m[SetMetadata:136]  fail[m
09-28 17:52:53.595   822  1089 E C01401/Bufferqueue: <surface_buffer_impl.cpp:714-SetMetadata>: SetMetadata Failed with -5
09-28 17:52:53.595   822  1089 E C01406/skia: RSUniRenderComposerAdapter::SetBufferColorSpace set color space fail
09-28 17:52:53.603 14198 14423 I C00f00/OH_DER_VSync: onOhVsync ENTRY ts=<private> data=<private>
09-28 17:52:53.603 14198 14422 I C00f00/OH_DER_VSync: scheduleVsync ENTRY receiverPtr=0x<private>
09-28 17:52:53.603 14198 14422 I C00f00/OH_DER_VSync: scheduleVsync calling RequestFrame ohVsync=<private>
09-28 17:52:53.603 14198 14235 I C00f00/MotionEvent-aosp: [<private>:<private>] <private>
09-28 17:52:53.603 14198 14235 I C00f00/MotionEvent-aosp: [<private>:<private>] <private>
09-28 17:52:53.603 14198 14235 I C00f00/MotionEvent-aosp: [<private>:<private>] <private>
09-28 17:52:53.603 14198 14235 I C00f00/MotionEvent-aosp: [<private>:<private>] <private>
09-28 17:52:53.603 14198 14235 I C00f00/MotionEvent-aosp: [<private>:<private>] <private>
09-28 17:52:53.603 14198 14235 I C00f00/MotionEvent-aosp: [<private>:<private>] <private>
09-28 17:52:53.603 14198 14235 I C00f00/MotionEvent-aosp: [<private>:<private>] <private>
09-28 17:52:53.603 14198 14235 I C00f00/MotionEvent-aosp: [<private>:<private>] <private>
09-28 17:52:53.603 14198 14422 I C00f00/OH_DER_VSync: scheduleVsync RequestFrame rc=<private>
09-28 17:52:53.603 14198 14235 I C00f00/MotionEvent-aosp: [<private>:<private>] <private>
09-28 17:52:53.603 14198 14235 I C00f00/MotionEvent-aosp: [<private>:<private>] <private>
09-28 17:52:53.603 14198 14235 I C00f00/MotionEvent-aosp: [<private>:<private>] <private>
09-28 17:52:53.603 14198 14235 I C00f00/MotionEvent-aosp: [<private>:<private>] <private>
09-28 17:52:53.603 14198 14235 I C00f00/MotionEvent-aosp: [<private>:<private>] <private>
09-28 17:52:53.603 14198 14235 I C00f00/MotionEvent-aosp: [<private>:<private>] <private>
09-28 17:52:53.605   822  1208 E C02515/DISP: [0;32;31m[SetMetadata:102] <private> is not supported[m
09-28 17:52:53.605   822  1208 E C02515/METADATA_SRV: [0;32;31m[SetMetadata:136]  fail[m
09-28 17:52:53.605   822  1208 E C01401/Bufferqueue: <surface_buffer_impl.cpp:714-SetMetadata>: SetMetadata Failed with -5
09-28 17:52:53.606   798  1062 E C02515/DISP: [0;32;31m[SetLayerMaskInfo@display_composer_vdi_impl.cpp:404] <private> is not supported[m
09-28 17:52:53.606   822  1240 E C02515/DISP: [0;32;31m[SetMetadata:102] <private> is not supported[m
09-28 17:52:53.606   822  1240 E C02515/METADATA_SRV: [0;32;31m[SetMetadata:136]  fail[m
09-28 17:52:53.606   822  1240 E C01401/Bufferqueue: <surface_buffer_impl.cpp:714-SetMetadata>: SetMetadata Failed with -5
09-28 17:52:53.607   798  1062 E C02515/DISP: [0;32;31m[SetDisplayClientDamage@display_composer_vdi_impl.cpp:179] <private> is not supported[m
09-28 17:52:53.617   561   755 I C02801/MultiModalInputPluginManager: [P:M:193|163]plugins_ not stage:16.
09-28 17:52:53.617   561   755 I C02803/InputWindowsManager: [P:M:193|423]get deviceId failed:2
09-28 17:52:53.617   561   755 I C02803/InputWindowsManager: [P:M:193|593]get deviceId failed:2
09-28 17:52:53.617   561   755 I C02803/InputWindowsManager: [P:M:193|391]get deviceId failed:2
09-28 17:52:53.618 14198 14237 I C00f00/OH_InputBridge: [<private>:<private>] <private>
09-28 17:52:53.618   561   755 I C02801/MultiModalInputPluginManager: [P:M:194|163]plugins_ not stage:16.
09-28 17:52:53.618 14198 14243 E C00f00/OH_IER: DIAG worker recv got=<private> type=<private> seq=<private>
09-28 17:52:53.618 14198 14243 I C00f00/OH_IER: dispatchInputEvent seq=<private> action=<private> x=<private> y=<private> downMs=<private> evtMs=<private> src=TOUCHSCREEN (posting to main looper)
09-28 17:52:53.618   561   755 I C02803/InputWindowsManager: [P:M:194|423]get deviceId failed:2
09-28 17:52:53.618 14198 14198 I C00f00/MotionEvent-aosp: [<private>:<private>] <private>
09-28 17:52:53.618 14198 14198 I C00f00/MotionEvent-aosp: [<private>:<private>] <private>
09-28 17:52:53.618   561   755 I C02803/InputWindowsManager: [P:M:194|593]get deviceId failed:2
09-28 17:52:53.618   561   755 I C02803/InputWindowsManager: [P:M:194|391]get deviceId failed:2
09-28 17:52:53.618 14198 14198 I C00f00/MotionEvent-aosp: [<private>:<private>] <private>
09-28 17:52:53.618 14198 14198 I C00f00/MotionEvent-aosp: [<private>:<private>] <private>
09-28 17:52:53.618 14198 14198 I C00f00/MotionEvent-aosp: [<private>:<private>] <private>
09-28 17:52:53.618 14198 14198 I C00f00/MotionEvent-aosp: [<private>:<private>] <private>
09-28 17:52:53.618 14198 14198 I C00f00/MotionEvent-aosp: [<private>:<private>] <private>
09-28 17:52:53.618 14198 14198 I C00f00/MotionEvent-aosp: [<private>:<private>] <private>
09-28 17:52:53.618 14198 14198 I C00f00/MotionEvent-aosp: [<private>:<private>] <private>
09-28 17:52:53.618 14198 14198 I C00f00/MotionEvent-aosp: [<private>:<private>] <private>
09-28 17:52:53.618 14198 14198 I C00f00/MotionEvent-aosp: [<private>:<private>] <private>
09-28 17:52:53.618 14198 14198 I C00f00/MotionEvent-aosp: [<private>:<private>] <private>
09-28 17:52:53.618 14198 14198 I C00f00/MotionEvent-aosp: [<private>:<private>] <private>
09-28 17:52:53.618 14198 14198 I C00f00/MotionEvent-aosp: [<private>:<private>] <private>
09-28 17:52:53.618 14198 14198 I C00f00/MotionEvent-aosp: [<private>:<private>] <private>
09-28 17:52:53.618 14198 14198 I C00f00/MotionEvent-aosp: [<private>:<private>] <private>
09-28 17:52:53.618 14198 14237 I C00f00/OH_InputBridge: [<private>:<private>] <private>
09-28 17:52:53.618 14198 14198 I C00f00/MotionEvent-aosp: [<private>:<private>] <private>
09-28 17:52:53.618 14198 14198 I C00f00/MotionEvent-aosp: [<private>:<private>] <private>
09-28 17:52:53.618 14198 14198 I C00f00/MotionEvent-aosp: [<private>:<private>] <private>
09-28 17:52:53.618 14198 14198 I C00f00/MotionEvent-aosp: [<private>:<private>] <private>
09-28 17:52:53.618 14198 14243 E C00f00/OH_IER: DIAG worker recv got=<private> type=<private> seq=<private>
09-28 17:52:53.618 14198 14198 I C00f00/MotionEvent-aosp: [<private>:<private>] <private>
09-28 17:52:53.618 14198 14198 I C00f00/MotionEvent-aosp: [<private>:<private>] <private>
09-28 17:52:53.618 14198 14198 I C00f00/MotionEvent-aosp: [<private>:<private>] <private>
09-28 17:52:53.618 14198 14198 I C00f00/MotionEvent-aosp: [<private>:<private>] <private>
09-28 17:52:53.618 14198 14242 I C00f00/OH_InputBridge: [<private>:<private>] <private>
09-28 17:52:53.619 14198 14243 I C00f00/OH_IER: dispatchInputEvent seq=<private> action=<private> x=<private> y=<private> downMs=<private> evtMs=<private> src=TOUCHSCREEN (posting to main looper)
09-28 17:52:53.619 14198 14198 I C00f00/MotionEvent-aosp: [<private>:<private>] <private>
09-28 17:52:53.619 14198 14198 I C00f00/MotionEvent-aosp: [<private>:<private>] <private>
09-28 17:52:53.619 14198 14198 I C00f00/MotionEvent-aosp: [<private>:<private>] <private>
09-28 17:52:53.619 14198 14198 I C00f00/MotionEvent-aosp: [<private>:<private>] <private>
09-28 17:52:53.619 14198 14198 I C00f00/MotionEvent-aosp: [<private>:<private>] <private>
09-28 17:52:53.619 14198 14198 I C00f00/MotionEvent-aosp: [<private>:<private>] <private>
09-28 17:52:53.619 14198 14198 I C00f00/MotionEvent-aosp: [<private>:<private>] <private>
09-28 17:52:53.619 14198 14198 I C00f00/MotionEvent-aosp: [<private>:<private>] <private>
09-28 17:52:53.619 14198 14198 I C00f00/MotionEvent-aosp: [<private>:<private>] <private>
09-28 17:52:53.619 14198 14198 I C00f00/MotionEvent-aosp: [<private>:<private>] <private>
09-28 17:52:53.619 14198 14198 I C00f00/MotionEvent-aosp: [<private>:<private>] <private>
09-28 17:52:53.619 14198 14198 I C00f00/MotionEvent-aosp: [<private>:<private>] <private>
09-28 17:52:53.619 14198 14198 I C00f00/MotionEvent-aosp: [<private>:<private>] <private>
09-28 17:52:53.619 14198 14198 I C00f00/MotionEvent-aosp: [<private>:<private>] <private>
09-28 17:52:53.619 14198 14198 I C00f00/MotionEvent-aosp: [<private>:<private>] <private>
09-28 17:52:53.619 14198 14198 I C00f00/MotionEvent-aosp: [<private>:<private>] <private>
09-28 17:52:53.619 14198 14198 I C00f00/MotionEvent-aosp: [<private>:<private>] <private>
09-28 17:52:53.619 14198 14198 I C00f00/MotionEvent-aosp: [<private>:<private>] <private>
09-28 17:52:53.619 14198 14198 I C00f00/MotionEvent-aosp: [<private>:<private>] <private>
09-28 17:52:53.619 14198 14198 I C00f00/MotionEvent-aosp: [<private>:<private>] <private>
09-28 17:52:53.619 14198 14198 I C00f00/MotionEvent-aosp: [<private>:<private>] <private>
09-28 17:52:53.619 14198 14198 I C00f00/MotionEvent-aosp: [<private>:<private>] <private>
09-28 17:52:53.619 14198 14198 I C00f00/MotionEvent-aosp: [<private>:<private>] <private>
09-28 17:52:53.619 14198 14198 I C00f00/MotionEvent-aosp: [<private>:<private>] <private>
09-28 17:52:53.619 14198 14242 I C00f00/OH_InputBridge: [<private>:<private>] <private>
09-28 17:52:53.620 14198 14423 I C00f00/OH_DER_VSync: onOhVsync ENTRY ts=<private> data=<private>
09-28 17:52:53.620   822   822 E C02515/DISP: [0;32;31m[GetMetadata:109] <private> is not supported[m
09-28 17:52:53.620   822   822 E C02515/DISP: [0;32;31m[GetMetadata:109] <private> is not supported[m
09-28 17:52:53.620   822   822 E C02515/DISP: [0;32;31m[GetMetadata:109] <private> is not supported[m
09-28 17:52:53.620 14198 14422 I C00f00/OH_DER_VSync: scheduleVsync ENTRY receiverPtr=0x<private>
09-28 17:52:53.620 14198 14422 I C00f00/OH_DER_VSync: scheduleVsync calling RequestFrame ohVsync=<private>
09-28 17:52:53.620 14198 14422 I C00f00/OH_DER_VSync: scheduleVsync RequestFrame rc=<private>
09-28 17:52:53.621   822   822 E C01406/skia: RSBaseRenderUtil::DealWithSurfaceRotationAndGravity, GetSurfaceBufferOpaque:0
09-28 17:52:53.621   822   822 E C02515/DISP: [0;32;31m[GetMetadata:109] <private> is not supported[m
09-28 17:52:53.621   822   822 E C01406/skia: RSBaseRenderUtil::DealWithSurfaceRotationAndGravity, GetSurfaceBufferOpaque:0
09-28 17:52:53.621   822   822 E C02515/DISP: [0;32;31m[GetMetadata:109] <private> is not supported[m
09-28 17:52:53.622   822  1089 E C02515/DISP: [0;32;31m[SetMetadata:102] <private> is not supported[m
09-28 17:52:53.622   822  1089 E C02515/METADATA_SRV: [0;32;31m[SetMetadata:136]  fail[m
09-28 17:52:53.622   822  1089 E C01401/Bufferqueue: <surface_buffer_impl.cpp:714-SetMetadata>: SetMetadata Failed with -5
09-28 17:52:53.622   822  1089 E C01406/skia: SurfaceNodeDrawable DrawCommSurfaceWatermark Name:SCBWallpaper5 Id:8516920147979 water mark count is zero
09-28 17:52:53.623   844   984 E C02d06/XCollie: can't open hungtask file, errno:2
09-28 17:52:53.623   397  1554 I C02d10/CpuCollector: CalculateProcessCpuStatInfos: startTime=1790589163619, endTime=1790589173623, startBootTime=602762, endBootTime=612766, period=10004, isNeedUpdate=1
09-28 17:52:53.623   822  1089 E C01406/skia: SurfaceNodeDrawable DrawCommSurfaceWatermark Name:SCBDesktop6 Id:8516920147988 water mark count is zero
09-28 17:52:53.624   822  1089 E C01406/skia: RSBaseRenderUtil::DealWithSurfaceRotationAndGravity, GetSurfaceBufferOpaque:0
09-28 17:52:53.624   822  1089 I C01406/WRAP: AHardwareBuffer_createFromHandle index = <private> handle = <private>, ahb = <private>
09-28 17:52:53.624   822  1089 E C01406/skia: SurfaceNodeDrawable DrawCommSurfaceWatermark Name:AdapterActivityContent Id:60979945668611 water mark count is zero
09-28 17:52:53.624   822  1089 E C01406/skia: RSBaseRenderUtil::DealWithSurfaceRotationAndGravity, GetSurfaceBufferOpaque:0
09-28 17:52:53.624   822  1089 I C01406/WRAP: AHardwareBuffer_createFromHandle index = <private> handle = <private>, ahb = <private>
09-28 17:52:53.624   822  1089 E C01406/skia: SurfaceNodeDrawable DrawCommSurfaceWatermark Name:AdapterSurfaceView Id:60979945668612 water mark count is zero
09-28 17:52:53.624   822  1089 E C01406/skia: SurfaceNodeDrawable DrawCommSurfaceWatermark Name:com.a2hlab.bridge.zigzag/com.unity3d.player.UnityPlayerActivity Id:60979945668609 water mark count is zero
09-28 17:52:53.624   822  1089 E C01406/skia: SurfaceNodeDrawable DrawCommSurfaceWatermark Name:WindowScene_zigzag35 Id:8516920148845 water mark count is zero
09-28 17:52:53.625   822  1089 E C01406/skia: SurfaceNodeDrawable DrawCommSurfaceWatermark Name:SCBGestureNavBar13 Id:8516920148115 water mark count is zero
09-28 17:52:53.625   822  1089 E C01406/skia: SurfaceNodeDrawable DrawCommSurfaceWatermark Name:SCBStatusBar15 Id:8516920148195 water mark count is zero
09-28 17:52:53.627   822  1089 E C02515/DISP: [0;32;31m[GetMetadata:109] <private> is not supported[m
09-28 17:52:53.627   822  1089 E C02515/DISP: [0;32;31m[SetMetadata:102] <private> is not supported[m
09-28 17:52:53.627   822  1089 E C02515/METADATA_SRV: [0;32;31m[SetMetadata:136]  fail[m
09-28 17:52:53.627   822  1089 E C01401/Bufferqueue: <surface_buffer_impl.cpp:714-SetMetadata>: SetMetadata Failed with -5
09-28 17:52:53.627   822  1089 E C01406/skia: RSUniRenderComposerAdapter::SetBufferColorSpace set color space fail
09-28 17:52:53.636 14198 14423 I C00f00/OH_DER_VSync: onOhVsync ENTRY ts=<private> data=<private>
09-28 17:52:53.637 14198 14422 I C00f00/OH_DER_VSync: scheduleVsync ENTRY receiverPtr=0x<private>
09-28 17:52:53.637 14198 14422 I C00f00/OH_DER_VSync: scheduleVsync calling RequestFrame ohVsync=<private>
09-28 17:52:53.637 14198 14235 I C00f00/MotionEvent-aosp: [<private>:<private>] <private>
09-28 17:52:53.637 14198 14235 I C00f00/MotionEvent-aosp: [<private>:<private>] <private>
09-28 17:52:53.637 14198 14235 I C00f00/MotionEvent-aosp: [<private>:<private>] <private>
09-28 17:52:53.637 14198 14235 I C00f00/MotionEvent-aosp: [<private>:<private>] <private>
09-28 17:52:53.637 14198 14235 I C00f00/MotionEvent-aosp: [<private>:<private>] <private>
09-28 17:52:53.637 14198 14235 I C00f00/MotionEvent-aosp: [<private>:<private>] <private>
09-28 17:52:53.637 14198 14235 I C00f00/MotionEvent-aosp: [<private>:<private>] <private>
09-28 17:52:53.637 14198 14422 I C00f00/OH_DER_VSync: scheduleVsync RequestFrame rc=<private>
09-28 17:52:53.637 14198 14235 I C00f00/MotionEvent-aosp: [<private>:<private>] <private>
09-28 17:52:53.637 14198 14235 I C00f00/MotionEvent-aosp: [<private>:<private>] <private>
09-28 17:52:53.637 14198 14235 I C00f00/MotionEvent-aosp: [<private>:<private>] <private>
09-28 17:52:53.637 14198 14235 I C00f00/MotionEvent-aosp: [<private>:<private>] <private>
09-28 17:52:53.637 14198 14235 I C00f00/MotionEvent-aosp: [<private>:<private>] <private>
09-28 17:52:53.637 14198 14235 I C00f00/MotionEvent-aosp: [<private>:<private>] <private>
09-28 17:52:53.637 14198 14235 I C00f00/MotionEvent-aosp: [<private>:<private>] <private>
09-28 17:52:53.639   798  1062 E C02515/DISP: [0;32;31m[SetLayerMaskInfo@display_composer_vdi_impl.cpp:404] <private> is not supported[m
09-28 17:52:53.639   822  1240 E C02515/DISP: [0;32;31m[SetMetadata:102] <private> is not supported[m
09-28 17:52:53.639   822  1240 E C02515/METADATA_SRV: [0;32;31m[SetMetadata:136]  fail[m
09-28 17:52:53.639   822  1240 E C01401/Bufferqueue: <surface_buffer_impl.cpp:714-SetMetadata>: SetMetadata Failed with -5
09-28 17:52:53.640   822  1208 E C02515/DISP: [0;32;31m[SetMetadata:102] <private> is not supported[m
09-28 17:52:53.640   822  1208 E C02515/METADATA_SRV: [0;32;31m[SetMetadata:136]  fail[m
09-28 17:52:53.640   822  1208 E C01401/Bufferqueue: <surface_buffer_impl.cpp:714-SetMetadata>: SetMetadata Failed with -5
09-28 17:52:53.640   798  1062 E C02515/DISP: [0;32;31m[SetDisplayClientDamage@display_composer_vdi_impl.cpp:179] <private> is not supported[m
09-28 17:52:53.653 14198 14423 I C00f00/OH_DER_VSync: onOhVsync ENTRY ts=<private> data=<private>
09-28 17:52:53.653   822   822 E C02515/DISP: [0;32;31m[GetMetadata:109] <private> is not supported[m
09-28 17:52:53.653 14198 14422 I C00f00/OH_DER_VSync: scheduleVsync ENTRY receiverPtr=0x<private>
09-28 17:52:53.653 14198 14422 I C00f00/OH_DER_VSync: scheduleVsync calling RequestFrame ohVsync=<private>
09-28 17:52:53.653 14198 14422 I C00f00/OH_DER_VSync: scheduleVsync RequestFrame rc=<private>
09-28 17:52:53.653   822   822 E C02515/DISP: [0;32;31m[GetMetadata:109] <private> is not supported[m
09-28 17:52:53.653   822   822 E C02515/DISP: [0;32;31m[GetMetadata:109] <private> is not supported[m
09-28 17:52:53.655   822   822 E C01406/skia: RSBaseRenderUtil::DealWithSurfaceRotationAndGravity, GetSurfaceBufferOpaque:0
09-28 17:52:53.655   822   822 E C02515/DISP: [0;32;31m[GetMetadata:109] <private> is not supported[m
09-28 17:52:53.655   822   822 E C01406/skia: RSBaseRenderUtil::DealWithSurfaceRotationAndGravity, GetSurfaceBufferOpaque:0
09-28 17:52:53.655   822   822 E C02515/DISP: [0;32;31m[GetMetadata:109] <private> is not supported[m
09-28 17:52:53.656   561   755 I C02801/MultiModalInputPluginManager: [P:M:195|163]plugins_ not stage:16.
09-28 17:52:53.656   561   755 I C02803/InputWindowsManager: [P:M:195|423]get deviceId failed:2
09-28 17:52:53.656   561   755 I C02803/InputWindowsManager: [P:M:195|593]get deviceId failed:2
09-28 17:52:53.656   561   755 I C02803/InputWindowsManager: [P:M:195|391]get deviceId failed:2
09-28 17:52:53.656 14198 14237 I C00f00/OH_InputBridge: [<private>:<private>] <private>
09-28 17:52:53.656 14198 14243 E C00f00/OH_IER: DIAG worker recv got=<private> type=<private> seq=<private>
09-28 17:52:53.657 14198 14243 I C00f00/OH_IER: dispatchInputEvent seq=<private> action=<private> x=<private> y=<private> downMs=<private> evtMs=<private> src=TOUCHSCREEN (posting to main looper)
09-28 17:52:53.657   822  1089 E C02515/DISP: [0;32;31m[SetMetadata:102] <private> is not supported[m
09-28 17:52:53.657   822  1089 E C02515/METADATA_SRV: [0;32;31m[SetMetadata:136]  fail[m
09-28 17:52:53.657 14198 14198 I C00f00/MotionEvent-aosp: [<private>:<private>] <private>
09-28 17:52:53.657   822  1089 E C01401/Bufferqueue: <surface_buffer_impl.cpp:714-SetMetadata>: SetMetadata Failed with -5
09-28 17:52:53.657 14198 14198 I C00f00/MotionEvent-aosp: [<private>:<private>] <private>
09-28 17:52:53.657 14198 14198 I C00f00/MotionEvent-aosp: [<private>:<private>] <private>
09-28 17:52:53.657 14198 14198 I C00f00/MotionEvent-aosp: [<private>:<private>] <private>
09-28 17:52:53.657 14198 14198 I C00f00/MotionEvent-aosp: [<private>:<private>] <private>
09-28 17:52:53.657 14198 14198 I C00f00/MotionEvent-aosp: [<private>:<private>] <private>
09-28 17:52:53.657 14198 14198 I C00f00/MotionEvent-aosp: [<private>:<private>] <private>
09-28 17:52:53.657 14198 14198 I C00f00/MotionEvent-aosp: [<private>:<private>] <private>
09-28 17:52:53.657 14198 14198 I C00f00/MotionEvent-aosp: [<private>:<private>] <private>
09-28 17:52:53.657 14198 14198 I C00f00/MotionEvent-aosp: [<private>:<private>] <private>
09-28 17:52:53.657 14198 14198 I C00f00/MotionEvent-aosp: [<private>:<private>] <private>
09-28 17:52:53.657 14198 14198 I C00f00/MotionEvent-aosp: [<private>:<private>] <private>
09-28 17:52:53.657 14198 14198 I C00f00/MotionEvent-aosp: [<private>:<private>] <private>
09-28 17:52:53.657 14198 14198 I C00f00/MotionEvent-aosp: [<private>:<private>] <private>
09-28 17:52:53.657 14198 14198 I C00f00/MotionEvent-aosp: [<private>:<private>] <private>
09-28 17:52:53.657 14198 14198 I C00f00/MotionEvent-aosp: [<private>:<private>] <private>
09-28 17:52:53.657 14198 14198 I C00f00/MotionEvent-aosp: [<private>:<private>] <private>
09-28 17:52:53.657 14198 14198 I C00f00/MotionEvent-aosp: [<private>:<private>] <private>
09-28 17:52:53.657 14198 14198 I C00f00/MotionEvent-aosp: [<private>:<private>] <private>
09-28 17:52:53.657 14198 14198 I C00f00/MotionEvent-aosp: [<private>:<private>] <private>
09-28 17:52:53.657   822  1089 E C01406/skia: SurfaceNodeDrawable DrawCommSurfaceWatermark Name:SCBWallpaper5 Id:8516920147979 water mark count is zero
09-28 17:52:53.657 14198 14198 I C00f00/MotionEvent-aosp: [<private>:<private>] <private>
09-28 17:52:53.657 14198 14198 I C00f00/MotionEvent-aosp: [<private>:<private>] <private>
09-28 17:52:53.657 14198 14198 I C00f00/MotionEvent-aosp: [<private>:<private>] <private>
09-28 17:52:53.657 14198 14198 I C00f00/MotionEvent-aosp: [<private>:<private>] <private>
09-28 17:52:53.658   561   755 W C03f07/MUSL-LDSO: load libmmi_knuckle.z.so failed, namespace=ndk no inherits, errno=2
09-28 17:52:53.658   561   755 W C03f07/MUSL-LDSO: load libmmi_knuckle.z.so failed, namespace=default, errno=2
09-28 17:52:53.658   561   755 W C03f07/MUSL-LDSO: dlopen_impl load library header failed for libmmi_knuckle.z.so
09-28 17:52:53.658   561   755 E C02800/NetPacket: [|231]libmmi_knuckle.z.so dlopen fail
09-28 17:52:53.658   561   755 E C02800/NetPacket: [|205]load knuckle shared library fail
09-28 17:52:53.658   561   755 E C02800/NetPacket: [|172]impl is null
09-28 17:52:53.658   561   755 I C02805/InputKeyFlow: [P:U:196|5801]PA:up,Pid:14198,TWI:36,FWI:35,EID:196, flags:0,DID:0AWI:36,zOrder:102.000000
09-28 17:52:53.658   561   755 I C02805/InputKeyFlow: [P:U:196|377]PI:0, IP:1, P:0.00, MF:-1, WI:36, OPI:0, SI:false, T:0
09-28 17:52:53.658   561   755 I C02805/InputKeyFlow: [P:U:196|377]PI:1, IP:0, P:0.00, MF:-1, WI:36, OPI:1, SI:false, T:0
09-28 17:52:53.658   561   755 I C02801/MultiModalInputPluginManager: [P:U:196|163]plugins_ not stage:16.
09-28 17:52:53.658 14198 14242 I C00f00/OH_InputBridge: [<private>:<private>] <private>
09-28 17:52:53.658   561   755 I C02803/InputWindowsManager: [P:U:196|423]get deviceId failed:2
09-28 17:52:53.658   561   755 I C02803/InputWindowsManager: [P:U:196|593]get deviceId failed:2
09-28 17:52:53.658   561   755 I C02803/InputWindowsManager: [P:U:196|391]get deviceId failed:2
09-28 17:52:53.658   822  1089 E C01406/skia: SurfaceNodeDrawable DrawCommSurfaceWatermark Name:SCBDesktop6 Id:8516920147988 water mark count is zero
09-28 17:52:53.658   561   755 I C02805/InputKeyFlow: [P:U:196|497]SendMsg:14198
09-28 17:52:53.659   822  1089 E C01406/skia: RSBaseRenderUtil::DealWithSurfaceRotationAndGravity, GetSurfaceBufferOpaque:0
09-28 17:52:53.659 14198 14237 I C02805/InputKeyFlow: [P:U:196|648]recv
09-28 17:52:53.659 14198 14237 I C00f00/OH_InputBridge: [<private>:<private>] <private>
09-28 17:52:53.659   822  1089 I C01406/WRAP: AHardwareBuffer_createFromHandle index = <private> handle = <private>, ahb = <private>
09-28 17:52:53.659 14198 14243 E C00f00/OH_IER: DIAG worker recv got=<private> type=<private> seq=<private>
09-28 17:52:53.659   822  1089 E C01406/skia: SurfaceNodeDrawable DrawCommSurfaceWatermark Name:AdapterActivityContent Id:60979945668611 water mark count is zero
09-28 17:52:53.659   822  1089 E C01406/skia: RSBaseRenderUtil::DealWithSurfaceRotationAndGravity, GetSurfaceBufferOpaque:0
09-28 17:52:53.659 14198 14243 I C00f00/OH_IER: dispatchInputEvent seq=<private> action=<private> x=<private> y=<private> downMs=<private> evtMs=<private> src=TOUCHSCREEN (posting to main looper)
09-28 17:52:53.659   822  1089 I C01406/WRAP: AHardwareBuffer_createFromHandle index = <private> handle = <private>, ahb = <private>
09-28 17:52:53.659 14198 14198 I C00f00/MotionEvent-aosp: [<private>:<private>] <private>
09-28 17:52:53.659 14198 14198 I C00f00/MotionEvent-aosp: [<private>:<private>] <private>
09-28 17:52:53.659 14198 14198 I C00f00/MotionEvent-aosp: [<private>:<private>] <private>
09-28 17:52:53.659   822  1089 E C01406/skia: SurfaceNodeDrawable DrawCommSurfaceWatermark Name:AdapterSurfaceView Id:60979945668612 water mark count is zero
09-28 17:52:53.659   822  1089 E C01406/skia: SurfaceNodeDrawable DrawCommSurfaceWatermark Name:com.a2hlab.bridge.zigzag/com.unity3d.player.UnityPlayerActivity Id:60979945668609 water mark count is zero
09-28 17:52:53.659 14198 14198 I C00f00/MotionEvent-aosp: [<private>:<private>] <private>
09-28 17:52:53.659   822  1089 E C01406/skia: SurfaceNodeDrawable DrawCommSurfaceWatermark Name:WindowScene_zigzag35 Id:8516920148845 water mark count is zero
09-28 17:52:53.659 14198 14198 I C00f00/MotionEvent-aosp: [<private>:<private>] <private>
09-28 17:52:53.659 14198 14198 I C00f00/MotionEvent-aosp: [<private>:<private>] <private>
09-28 17:52:53.659 14198 14198 I C00f00/MotionEvent-aosp: [<private>:<private>] <private>
09-28 17:52:53.659 14198 14198 I C00f00/MotionEvent-aosp: [<private>:<private>] <private>
09-28 17:52:53.659 14198 14198 I C00f00/MotionEvent-aosp: [<private>:<private>] <private>
09-28 17:52:53.659 14198 14198 I C00f00/MotionEvent-aosp: [<private>:<private>] <private>
09-28 17:52:53.659 14198 14198 I C00f00/MotionEvent-aosp: [<private>:<private>] <private>
09-28 17:52:53.659 14198 14198 I C00f00/MotionEvent-aosp: [<private>:<private>] <private>
09-28 17:52:53.660 14198 14198 I C00f00/MotionEvent-aosp: [<private>:<private>] <private>
09-28 17:52:53.660 14198 14198 I C00f00/MotionEvent-aosp: [<private>:<private>] <private>
09-28 17:52:53.660 14198 14198 I C00f00/MotionEvent-aosp: [<private>:<private>] <private>
09-28 17:52:53.660 14198 14198 I C00f00/MotionEvent-aosp: [<private>:<private>] <private>
09-28 17:52:53.660 14198 14198 I C00f00/MotionEvent-aosp: [<private>:<private>] <private>
09-28 17:52:53.660 14198 14198 I C00f00/MotionEvent-aosp: [<private>:<private>] <private>
09-28 17:52:53.660 14198 14198 I C00f00/MotionEvent-aosp: [<private>:<private>] <private>
09-28 17:52:53.660 14198 14198 I C00f00/MotionEvent-aosp: [<private>:<private>] <private>
09-28 17:52:53.660 14198 14198 I C00f00/MotionEvent-aosp: [<private>:<private>] <private>
09-28 17:52:53.660   822  1089 E C01406/skia: SurfaceNodeDrawable DrawCommSurfaceWatermark Name:SCBGestureNavBar13 Id:8516920148115 water mark count is zero
09-28 17:52:53.660 14198 14198 I C00f00/MotionEvent-aosp: [<private>:<private>] <private>
09-28 17:52:53.660   822  1089 E C01406/skia: SurfaceNodeDrawable DrawCommSurfaceWatermark Name:SCBStatusBar15 Id:8516920148195 water mark count is zero
09-28 17:52:53.660 14198 14198 I C00f00/MotionEvent-aosp: [<private>:<private>] <private>
09-28 17:52:53.660 14198 14198 I C00f00/MotionEvent-aosp: [<private>:<private>] <private>
09-28 17:52:53.660 14198 14198 I C00f00/MotionEvent-aosp: [<private>:<private>] <private>
09-28 17:52:53.661 14198 14242 I C00f00/OH_InputBridge: [<private>:<private>] <private>
09-28 17:52:53.662   822  1089 E C02515/DISP: [0;32;31m[GetMetadata:109] <private> is not supported[m
09-28 17:52:53.662   822  1089 E C02515/DISP: [0;32;31m[SetMetadata:102] <private> is not supported[m
09-28 17:52:53.662   822  1089 E C02515/METADATA_SRV: [0;32;31m[SetMetadata:136]  fail[m
09-28 17:52:53.662   822  1089 E C01401/Bufferqueue: <surface_buffer_impl.cpp:714-SetMetadata>: SetMetadata Failed with -5
09-28 17:52:53.662   822  1089 E C01406/skia: RSUniRenderComposerAdapter::SetBufferColorSpace set color space fail
09-28 17:52:53.670 14198 14423 I C00f00/OH_DER_VSync: onOhVsync ENTRY ts=<private> data=<private>
09-28 17:52:53.670 14198 14422 I C00f00/OH_DER_VSync: scheduleVsync ENTRY receiverPtr=0x<private>
09-28 17:52:53.670 14198 14422 I C00f00/OH_DER_VSync: scheduleVsync calling RequestFrame ohVsync=<private>
09-28 17:52:53.670 14198 14235 I C00f00/MotionEvent-aosp: [<private>:<private>] <private>
09-28 17:52:53.670 14198 14235 I C00f00/MotionEvent-aosp: [<private>:<private>] <private>
09-28 17:52:53.670 14198 14422 I C00f00/OH_DER_VSync: scheduleVsync RequestFrame rc=<private>
09-28 17:52:53.670 14198 14235 I C00f00/MotionEvent-aosp: [<private>:<private>] <private>
09-28 17:52:53.670 14198 14235 I C00f00/MotionEvent-aosp: [<private>:<private>] <private>
09-28 17:52:53.670 14198 14235 I C00f00/MotionEvent-aosp: [<private>:<private>] <private>
09-28 17:52:53.670 14198 14235 I C00f00/MotionEvent-aosp: [<private>:<private>] <private>
09-28 17:52:53.670 14198 14235 I C00f00/MotionEvent-aosp: [<private>:<private>] <private>
09-28 17:52:53.670 14198 14235 I C00f00/MotionEvent-aosp: [<private>:<private>] <private>
09-28 17:52:53.670 14198 14235 I C00f00/MotionEvent-aosp: [<private>:<private>] <private>
09-28 17:52:53.670 14198 14235 I C00f00/MotionEvent-aosp: [<private>:<private>] <private>
09-28 17:52:53.670 14198 14235 I C00f00/MotionEvent-aosp: [<private>:<private>] <private>
09-28 17:52:53.670 14198 14235 I C00f00/MotionEvent-aosp: [<private>:<private>] <private>
09-28 17:52:53.670 14198 14235 I C00f00/MotionEvent-aosp: [<private>:<private>] <private>
09-28 17:52:53.670 14198 14235 I C00f00/MotionEvent-aosp: [<private>:<private>] <private>
09-28 17:52:53.673   822  1208 E C02515/DISP: [0;32;31m[SetMetadata:102] <private> is not supported[m
09-28 17:52:53.673   822  1208 E C02515/METADATA_SRV: [0;32;31m[SetMetadata:136]  fail[m
09-28 17:52:53.673   822  1208 E C01401/Bufferqueue: <surface_buffer_impl.cpp:714-SetMetadata>: SetMetadata Failed with -5
09-28 17:52:53.673   798  1062 E C02515/DISP: [0;32;31m[SetLayerMaskInfo@display_composer_vdi_impl.cpp:404] <private> is not supported[m
09-28 17:52:53.673   822  1240 E C02515/DISP: [0;32;31m[SetMetadata:102] <private> is not supported[m
09-28 17:52:53.673   822  1240 E C02515/METADATA_SRV: [0;32;31m[SetMetadata:136]  fail[m
09-28 17:52:53.673   822  1240 E C01401/Bufferqueue: <surface_buffer_impl.cpp:714-SetMetadata>: SetMetadata Failed with -5
09-28 17:52:53.674   798  1062 E C02515/DISP: [0;32;31m[SetDisplayClientDamage@display_composer_vdi_impl.cpp:179] <private> is not supported[m
09-28 17:52:53.686 14198 14423 I C00f00/OH_DER_VSync: onOhVsync ENTRY ts=<private> data=<private>
09-28 17:52:53.687 14198 14422 I C00f00/OH_DER_VSync: scheduleVsync ENTRY receiverPtr=0x<private>
09-28 17:52:53.687 14198 14422 I C00f00/OH_DER_VSync: scheduleVsync calling RequestFrame ohVsync=<private>
09-28 17:52:53.687   822   822 E C02515/DISP: [0;32;31m[GetMetadata:109] <private> is not supported[m
09-28 17:52:53.687 14198 14422 I C00f00/OH_DER_VSync: scheduleVsync RequestFrame rc=<private>
09-28 17:52:53.687   822   822 E C02515/DISP: [0;32;31m[GetMetadata:109] <private> is not supported[m
09-28 17:52:53.687   822   822 E C02515/DISP: [0;32;31m[GetMetadata:109] <private> is not supported[m
09-28 17:52:53.688   822   822 E C01406/skia: RSBaseRenderUtil::DealWithSurfaceRotationAndGravity, GetSurfaceBufferOpaque:0
09-28 17:52:53.688   822   822 E C02515/DISP: [0;32;31m[GetMetadata:109] <private> is not supported[m
09-28 17:52:53.688   822   822 E C01406/skia: RSBaseRenderUtil::DealWithSurfaceRotationAndGravity, GetSurfaceBufferOpaque:0
09-28 17:52:53.688   822   822 E C02515/DISP: [0;32;31m[GetMetadata:109] <private> is not supported[m
09-28 17:52:53.690   822  1089 E C02515/DISP: [0;32;31m[SetMetadata:102] <private> is not supported[m
09-28 17:52:53.690   822  1089 E C02515/METADATA_SRV: [0;32;31m[SetMetadata:136]  fail[m
09-28 17:52:53.690   822  1089 E C01401/Bufferqueue: <surface_buffer_impl.cpp:714-SetMetadata>: SetMetadata Failed with -5
09-28 17:52:53.690   822  1089 E C01406/skia: SurfaceNodeDrawable DrawCommSurfaceWatermark Name:SCBWallpaper5 Id:8516920147979 water mark count is zero
09-28 17:52:53.692   822  1089 E C01406/skia: SurfaceNodeDrawable DrawCommSurfaceWatermark Name:SCBDesktop6 Id:8516920147988 water mark count is zero
09-28 17:52:53.692   822  1089 E C01406/skia: RSBaseRenderUtil::DealWithSurfaceRotationAndGravity, GetSurfaceBufferOpaque:0
